Year,Distance,Totalinjuries,Totalfatalities,Injuryseverity,Collisionmanner,Lightcondition,Weather,SurfaceCondition,Unittype_One,Gender_Drv1,Traveldirection_One,AlcoholUse_Drv1,DrugUse_Drv1,Unittype_Two,Gender_Drv2,Traveldirection_Two,AlcoholUse_Drv2,DrugUse_Drv2,Hour,Weekday,Month,Weekend,Rush_Hour,Hazardous_Road,Age_Group_Drv1,Age_Group_Drv2,Substance_Use,Junction_Category,Violation_Category_Drv1,Violation_Category_Drv2,Unitaction_Category_Two,Unitaction_Category_One
2012.0,0.0,2.0,0.0,2,4,0,0,0,0,0,1,1,1,0,1,9,1,1,19,6,2,1,1,0,2,1,0,4,0,5,3,9
2012.0,0.0,1.0,0.0,3,1,0,0,0,0,0,5,1,1,2,1,1,1,1,20,6,2,1,0,0,2,2,0,4,2,5,3,9
2012.0,109.824,0.0,0.0,3,1,3,0,0,0,1,2,1,1,0,0,1,1,1,12,0,2,0,0,0,2,1,0,6,7,5,3,9
2012.0,0.0,0.0,0.0,3,10,3,0,0,0,0,5,1,1,0,1,5,1,1,15,0,2,0,0,0,2,1,0,4,9,5,3,2
2012.0,340.032,0.0,0.0,3,6,0,0,0,0,1,5,1,1,0,0,5,1,1,18,0,2,0,1,0,0,1,0,4,7,5,8,3
2012.0,-7.92,0.0,0.0,3,6,0,0,0,0,0,1,1,1,0,0,1,1,1,23,0,2,0,0,0,1,1,0,4,7,5,8,8
2012.0,-144.144,2.0,0.0,3,6,3,0,0,0,0,1,1,1,0,1,1,1,1,7,1,2,0,1,0,1,1,0,4,7,5,8,3
2012.0,268.224,0.0,0.0,3,6,3,1,0,0,0,5,1,1,0,0,5,1,1,8,1,2,0,1,0,1,1,0,6,7,5,8,3
2012.0,228.096,0.0,0.0,3,6,3,1,0,0,0,5,1,1,0,0,5,1,1,8,1,2,0,1,0,1,1,0,6,7,5,8,3
2012.0,104.016,3.0,0.0,3,6,3,0,0,0,0,2,1,1,0,0,2,1,1,8,1,2,0,1,0,1,2,0,6,7,5,8,3
2012.0,70.224,0.0,0.0,3,10,3,1,0,0,0,9,1,1,0,1,9,1,1,10,1,2,0,0,0,1,1,0,4,7,5,8,8
2012.0,139.92,1.0,0.0,2,6,3,0,0,0,0,5,1,1,0,1,5,1,1,12,1,2,0,0,0,2,1,0,4,7,5,3,3
2012.0,99.792,1.0,0.0,3,10,3,0,0,0,1,9,1,1,0,1,9,1,1,14,1,2,0,0,0,1,2,0,6,9,5,3,2
2012.0,-87.12,0.0,0.0,3,6,3,1,0,0,0,1,1,1,0,0,1,1,1,15,1,2,0,0,0,2,1,0,4,8,5,8,3
2012.0,-54.912,0.0,0.0,3,10,3,0,0,0,1,5,1,1,0,1,5,1,1,16,1,2,0,1,0,1,1,0,6,7,5,8,9
2012.0,0.0,1.0,0.0,3,1,0,0,0,0,0,5,1,1,0,0,5,1,1,18,1,2,0,1,0,1,0,0,2,5,5,9,9
2012.0,53.856,0.0,0.0,3,6,0,0,0,0,0,5,1,1,0,0,5,1,1,20,1,2,0,0,0,2,2,0,6,7,5,3,3
2012.0,0.0,1.0,0.0,2,4,0,0,0,0,0,5,1,1,0,0,2,1,1,21,1,2,0,0,0,1,2,0,4,2,5,3,9
2012.0,168.96,3.0,0.0,1,6,0,1,0,0,1,1,0,1,0,1,1,1,1,2,2,2,0,0,0,2,0,0,6,9,5,3,3
2012.0,99.792,0.0,0.0,3,1,3,0,0,0,1,5,1,1,0,1,9,1,1,8,2,2,0,1,0,1,1,0,6,4,5,3,9
2012.0,80.256,2.0,0.0,2,5,3,0,0,0,1,2,1,1,1,1,8,1,1,8,2,2,0,1,0,1,1,0,4,7,5,6,9
2012.0,30.096,1.0,0.0,2,1,3,0,0,2,0,5,1,1,0,1,9,1,1,9,2,2,0,1,0,2,1,0,4,5,5,9,3
2012.0,-323.136,0.0,0.0,3,10,3,1,0,0,1,5,1,1,0,1,5,1,1,9,2,2,0,1,0,2,1,0,6,9,5,3,2
2012.0,257.136,2.0,0.0,3,1,3,0,0,0,0,9,1,1,0,0,2,1,1,12,2,2,0,0,0,0,2,0,6,5,5,3,5
2012.0,-380.16,0.0,0.0,3,10,3,0,0,0,0,1,1,1,0,1,1,1,1,14,2,2,0,0,0,1,2,0,4,5,5,3,3
2012.0,304.128,0.0,0.0,3,6,3,0,0,0,1,0,1,1,0,0,0,1,1,17,2,2,0,1,0,1,1,0,6,7,5,8,3
2012.0,295.152,0.0,0.0,3,1,3,0,0,0,1,6,1,1,0,0,5,1,1,17,2,2,0,1,0,1,1,0,6,9,5,3,2
2012.0,-108.24,0.0,0.0,3,6,0,0,0,0,1,1,1,1,0,1,1,1,1,20,2,2,0,0,0,1,1,0,4,7,5,8,3
2012.0,0.0,0.0,0.0,3,4,0,0,0,0,0,2,1,1,0,0,5,1,1,20,2,2,0,0,0,2,2,0,4,5,5,3,9
2012.0,599.808,0.0,0.0,3,6,0,0,0,0,0,9,1,1,0,1,9,1,1,21,2,2,0,0,0,2,2,0,6,7,5,8,3
2012.0,0.0,0.0,0.0,3,1,3,0,0,0,0,5,1,1,0,1,9,1,1,9,3,2,0,1,0,0,1,0,2,5,5,3,8
2012.0,-104.016,0.0,0.0,3,6,3,0,0,1,1,2,1,1,0,1,2,1,1,9,3,2,0,1,0,1,1,0,4,7,5,8,3
2012.0,-608.256,0.0,0.0,3,6,3,0,0,0,1,9,1,1,0,0,9,1,1,10,3,2,0,0,0,2,2,0,6,8,5,3,3
2012.0,-87.12,0.0,0.0,3,6,3,0,0,0,0,2,1,1,0,1,2,1,1,11,3,2,0,0,0,2,1,0,4,0,5,8,3
2012.0,0.0,1.0,0.0,2,6,3,0,0,0,1,9,1,1,2,0,1,1,1,13,3,2,0,0,0,0,2,0,4,5,5,3,9
2012.0,-45.936,1.0,0.0,3,4,3,0,0,0,1,4,1,1,0,1,9,1,1,13,3,2,0,0,0,0,2,0,4,4,5,3,9
2012.0,0.0,2.0,0.0,3,1,3,0,0,0,1,2,1,1,0,1,9,1,1,14,3,2,0,0,0,1,1,0,2,2,5,9,3
2012.0,-174.768,1.0,0.0,3,1,3,0,0,2,1,1,1,1,0,1,7,1,1,14,3,2,0,0,0,1,1,0,6,5,5,3,9
2012.0,0.0,0.0,0.0,3,4,3,0,0,0,0,5,1,1,0,0,2,1,1,14,3,2,0,0,0,2,2,0,4,5,5,3,9
2012.0,-46.992,0.0,0.0,3,6,3,0,0,0,1,2,1,1,0,1,2,1,1,16,3,2,0,1,0,1,1,0,2,5,5,8,3
2012.0,165.264,0.0,0.0,3,6,3,0,0,0,1,5,1,1,0,1,5,1,1,16,3,2,0,1,0,1,1,0,6,7,5,8,3
2012.0,-419.232,3.0,0.0,3,4,3,0,0,0,1,1,1,1,0,0,2,1,1,16,3,2,0,1,0,1,1,0,6,5,5,3,9
2012.0,-457.776,1.0,0.0,3,4,3,0,0,0,0,2,1,1,0,1,5,1,1,17,3,2,0,1,0,1,1,0,0,2,5,3,9
2012.0,550.176,0.0,0.0,3,4,4,0,0,0,1,7,1,1,0,0,1,1,1,17,3,2,0,1,0,2,1,0,6,5,5,3,9
2012.0,390.192,0.0,0.0,3,6,3,0,0,0,1,9,1,1,0,0,9,1,1,8,4,2,0,1,0,2,1,0,4,7,5,8,8
2012.0,0.0,1.0,0.0,3,1,3,0,0,0,1,7,1,1,3,1,9,1,1,9,4,2,0,1,0,2,1,0,4,5,5,3,9
2012.0,455.136,0.0,0.0,3,1,3,0,0,0,1,2,1,1,0,1,2,1,1,10,4,2,0,0,0,1,1,0,0,4,5,3,9
2012.0,-52.8,1.0,0.0,3,6,3,0,0,0,0,2,1,1,0,0,2,1,1,10,4,2,0,0,0,2,2,0,4,7,5,8,8
2012.0,129.888,3.0,0.0,3,6,3,0,0,0,1,1,1,1,0,1,1,1,1,12,4,2,0,0,0,2,0,0,4,7,5,8,3
2012.0,-429.792,0.0,0.0,3,4,3,0,0,0,0,2,1,1,0,1,5,1,1,13,4,2,0,0,0,0,2,0,0,2,5,3,9
2012.0,-203.808,0.0,0.0,3,6,3,0,0,0,1,2,1,1,0,0,2,1,1,15,4,2,0,0,0,2,2,0,6,8,5,8,3
2012.0,0.0,0.0,0.0,3,4,0,0,0,0,1,3,1,1,0,1,9,1,1,20,4,2,0,0,0,1,1,0,4,4,5,3,9
2012.0,382.8,2.0,0.0,2,6,0,0,0,0,0,5,0,1,0,1,5,1,1,21,4,2,0,0,0,1,1,0,6,7,5,8,8
2012.0,0.0,0.0,0.0,3,1,0,0,0,0,0,2,1,1,0,0,9,1,1,22,4,2,0,0,0,2,2,0,2,2,5,9,3
2012.0,-42.24,1.0,0.0,2,1,0,0,0,3,1,1,1,1,0,0,2,1,1,23,4,2,0,0,0,1,1,0,4,2,5,3,7
2012.0,-500.016,1.0,0.0,3,1,3,0,0,0,1,6,1,1,2,0,9,1,1,12,5,2,1,0,0,1,1,0,6,0,5,3,9
2012.0,0.0,0.0,0.0,3,1,3,0,0,0,0,9,1,1,0,1,2,1,1,14,5,2,1,0,0,1,0,0,6,2,5,3,3
2012.0,-70.752,0.0,0.0,3,10,3,0,0,0,1,5,1,1,0,1,5,1,1,14,5,2,1,0,0,0,1,0,4,9,5,3,2
2012.0,-510.048,0.0,0.0,3,1,3,0,0,0,1,8,1,1,0,1,5,1,1,15,5,2,1,0,0,2,1,0,8,5,5,3,9
2012.0,-42.768,0.0,0.0,3,6,3,0,0,0,0,2,1,1,0,0,2,1,1,15,5,2,1,0,0,1,1,0,4,8,5,8,3
2012.0,34.848,0.0,0.0,3,1,0,0,0,0,2,5,1,1,1,1,8,1,1,16,5,2,1,1,0,0,2,0,6,5,5,6,5
2012.0,0.0,1.0,0.0,3,1,3,0,0,0,1,2,1,1,0,1,1,1,1,16,5,2,1,1,0,1,1,0,4,2,5,3,3
2012.0,74.976,0.0,0.0,3,6,3,0,0,0,0,5,1,1,0,0,5,1,1,17,5,2,1,1,0,2,2,0,4,8,5,8,3
2012.0,-259.776,2.0,0.0,2,4,0,0,0,0,0,2,1,1,0,1,1,1,1,19,5,2,1,1,0,2,1,0,0,5,5,3,9
2012.0,0.0,2.0,0.0,3,4,0,0,0,0,1,9,0,1,0,1,1,1,1,23,5,2,1,0,0,1,1,0,2,2,5,3,9
2012.0,200.112,0.0,0.0,3,3,0,0,0,0,1,9,0,1,0,0,1,1,1,23,5,2,1,0,0,1,1,0,4,9,5,8,3
2012.0,111.936,0.0,0.0,3,6,3,0,0,0,1,6,1,1,0,1,5,1,1,12,6,2,1,0,0,1,1,0,4,7,5,3,9
2012.0,439.824,0.0,0.0,3,1,3,0,0,0,0,1,1,1,0,0,2,1,1,15,6,2,1,0,0,1,2,0,0,2,5,3,3
2012.0,0.0,0.0,0.0,3,4,3,0,0,0,0,1,1,1,0,0,9,1,1,15,6,2,1,0,0,1,2,0,4,2,5,9,3
2012.0,-63.888,0.0,0.0,3,1,3,0,0,0,0,4,1,1,0,1,9,1,1,16,6,2,1,1,0,1,1,0,4,5,5,3,9
2012.0,0.0,0.0,0.0,3,10,4,0,0,0,0,1,1,1,0,1,5,1,1,18,6,2,1,1,0,1,0,0,4,4,5,3,9
2012.0,31.152,1.0,0.0,3,6,0,0,0,0,0,1,1,1,0,0,1,1,1,6,0,2,0,0,0,2,1,0,6,7,5,8,3
2012.0,60.192,0.0,0.0,3,6,3,0,0,0,0,5,1,1,0,1,5,1,1,10,0,2,0,0,0,1,1,0,6,7,5,8,3
2012.0,145.2,0.0,0.0,3,4,3,0,0,0,1,4,1,1,0,0,2,1,1,13,0,2,0,0,0,0,2,0,6,5,5,3,9
2012.0,63.888,1.0,0.0,3,6,3,0,0,0,1,9,1,1,0,0,9,1,1,14,0,2,0,0,0,2,2,0,6,7,5,8,3
2012.0,1003.2,2.0,0.0,2,4,3,0,0,0,1,2,1,1,0,0,1,1,1,14,0,2,0,0,0,2,1,0,6,5,5,3,9
2012.0,0.0,1.0,0.0,3,1,3,0,0,3,0,9,1,1,0,1,2,1,1,15,0,2,0,0,0,2,0,0,4,0,5,9,7
2012.0,0.0,2.0,0.0,2,4,3,0,0,0,0,2,1,1,0,0,5,1,1,16,0,2,0,1,0,2,1,0,4,5,5,3,9
2012.0,0.0,0.0,0.0,3,6,3,0,0,0,1,2,1,1,0,1,2,1,1,16,0,2,0,1,0,1,1,0,4,7,5,8,3
2012.0,340.032,0.0,0.0,3,1,3,0,0,0,1,3,1,1,0,1,2,1,1,16,0,2,0,1,0,0,1,0,6,0,5,3,9
2012.0,-400.224,0.0,0.0,3,6,3,0,0,0,1,1,1,1,0,1,1,1,1,17,0,2,0,1,0,1,1,0,6,7,5,8,3
2012.0,0.0,0.0,0.0,3,1,0,0,0,0,1,9,1,1,0,1,5,1,1,19,0,2,0,1,0,2,1,0,4,2,5,3,3
2012.0,-50.16,0.0,0.0,3,6,0,0,0,0,0,5,0,1,0,1,5,1,1,21,0,2,0,0,0,1,1,0,4,7,5,9,3
2012.0,0.0,0.0,0.0,3,4,0,0,0,0,1,9,1,1,0,0,1,1,1,23,0,2,0,0,0,2,1,0,4,4,5,3,9
2012.0,-381.744,0.0,0.0,3,6,3,0,0,0,0,2,1,1,0,0,2,1,1,7,1,2,0,1,0,1,0,0,6,7,5,8,3
2012.0,-46.992,0.0,0.0,3,1,3,0,0,0,1,9,1,1,0,0,2,1,1,8,1,2,0,1,0,2,1,0,4,5,5,3,9
2012.0,674.256,1.0,0.0,3,4,3,0,0,0,1,5,1,1,0,1,4,1,1,12,1,2,0,0,0,0,2,0,6,0,5,3,9
2012.0,77.088,0.0,0.0,3,6,3,0,0,0,0,5,1,1,0,0,5,1,1,12,1,2,0,0,0,1,1,0,4,0,5,8,8
2012.0,108.24,0.0,0.0,3,6,3,1,0,0,1,5,1,1,0,0,5,1,1,14,1,2,0,0,0,2,1,0,4,0,5,8,3
2012.0,0.0,1.0,0.0,3,1,3,0,0,0,1,9,1,1,0,1,5,1,1,14,1,2,0,0,0,1,0,0,4,2,5,3,3
2012.0,-180.048,0.0,0.0,3,1,3,0,0,2,0,2,1,1,0,1,1,1,1,15,1,2,0,0,0,1,1,0,0,5,5,9,3
2012.0,80.256,0.0,0.0,3,6,3,0,0,0,1,5,1,1,0,1,5,1,1,15,1,2,0,0,0,2,1,0,2,7,5,8,3
2012.0,24.816,0.0,0.0,3,6,3,3,4,0,0,1,1,1,0,0,1,1,1,16,1,2,0,1,1,2,0,0,4,0,5,8,8
2012.0,249.744,2.0,0.0,3,3,4,1,0,0,0,4,1,1,0,1,1,1,1,16,1,2,0,1,0,1,1,0,0,9,5,3,9
2012.0,-269.808,0.0,0.0,3,1,4,1,0,0,1,2,1,1,0,0,1,1,1,17,1,2,0,1,0,1,2,0,0,5,5,3,3
2012.0,459.888,0.0,0.0,3,5,4,4,3,0,0,8,1,1,0,0,8,1,1,18,1,2,0,1,0,1,2,0,6,5,5,5,5
2012.0,174.768,0.0,0.0,3,1,0,1,0,0,1,1,1,1,0,0,5,1,1,18,1,2,0,1,0,1,1,0,0,5,5,3,9
2012.0,-165.792,2.0,0.0,2,6,0,1,0,0,1,1,1,1,0,0,1,1,1,18,1,2,0,1,0,2,1,0,6,7,5,8,3
2012.0,0.0,0.0,0.0,3,1,0,0,0,0,1,2,1,1,0,1,2,1,1,20,1,2,0,0,0,1,2,0,4,9,5,9,3
2012.0,404.976,0.0,0.0,3,6,3,0,0,0,0,2,1,1,0,0,2,1,1,7,2,2,0,1,0,2,2,0,6,0,5,8,3
2012.0,200.112,0.0,0.0,3,3,3,0,0,0,0,6,1,1,0,1,4,1,1,8,2,2,0,1,0,1,1,0,6,0,0,9,9
2012.0,-60.192,0.0,0.0,3,10,3,0,0,0,0,2,1,1,0,1,2,1,1,9,2,2,0,1,0,1,1,0,6,5,5,5,5
2012.0,-390.192,0.0,0.0,3,1,3,0,0,0,0,2,1,1,0,0,1,1,1,9,2,2,0,1,0,1,1,0,6,5,5,3,9
2012.0,54.912,0.0,0.0,3,6,3,0,0,0,1,2,1,1,0,0,2,1,1,11,2,2,0,0,0,1,2,0,4,0,5,8,3
2012.0,0.0,2.0,0.0,2,1,3,0,0,0,1,1,1,1,0,0,5,1,1,12,2,2,0,0,0,0,1,0,4,2,5,3,9
2012.0,299.904,0.0,0.0,3,4,3,0,0,0,0,5,1,1,0,0,9,1,1,16,2,2,0,1,0,2,2,0,0,4,5,3,9
2012.0,-159.984,0.0,0.0,3,6,3,0,0,0,1,1,1,1,0,1,1,1,1,16,2,2,0,1,0,2,1,0,6,7,5,8,3
2012.0,404.976,2.0,0.0,3,4,3,0,0,0,1,9,1,1,0,0,5,1,1,17,2,2,0,1,0,0,0,0,6,5,5,3,9
2012.0,0.0,0.0,0.0,3,1,3,0,0,0,0,5,1,1,0,0,1,1,1,17,2,2,0,1,0,2,2,0,4,2,5,3,3
2012.0,30.096,0.0,0.0,3,6,3,0,0,0,0,5,1,1,0,0,5,1,1,17,2,2,0,1,0,1,1,0,6,7,5,8,3
2012.0,-299.904,0.0,0.0,3,4,3,0,0,0,0,1,1,1,0,1,5,1,1,17,2,2,0,1,0,1,1,0,6,4,5,3,9
2012.0,0.0,2.0,0.0,2,4,4,0,0,0,1,7,1,1,0,0,1,1,1,18,2,2,0,1,0,1,1,0,4,0,5,3,9
2012.0,0.0,1.0,0.0,2,4,0,0,0,0,1,1,1,1,0,1,5,1,1,18,2,2,0,1,0,1,1,0,4,2,5,9,3
2012.0,0.0,0.0,0.0,3,4,3,0,0,0,1,2,1,1,0,1,5,1,1,7,3,2,0,1,0,1,1,0,4,2,5,3,9
2012.0,-80.256,0.0,0.0,3,6,3,0,0,0,1,1,1,1,0,1,1,1,1,14,3,2,0,0,0,2,0,0,6,7,5,8,3
2012.0,359.04,2.0,0.0,3,6,3,1,0,0,1,5,1,1,0,1,5,1,1,15,3,2,0,0,0,1,1,0,6,0,5,8,3
2012.0,0.0,0.0,0.0,3,1,3,0,0,0,0,2,1,1,0,0,9,1,1,15,3,2,0,0,0,1,0,0,4,2,5,9,3
2012.0,43.824,0.0,0.0,3,6,3,0,0,0,0,5,1,1,0,0,5,1,1,15,3,2,0,0,0,2,1,0,6,9,5,8,2
2012.0,-20.064,0.0,0.0,3,6,3,0,0,0,0,2,1,1,0,0,2,1,1,16,3,2,0,1,0,1,1,0,4,7,5,9,9
2012.0,71.808,2.0,0.0,3,6,3,1,0,0,0,5,1,1,0,0,5,1,1,16,3,2,0,1,0,1,2,0,6,8,5,8,3
2012.0,302.016,0.0,0.0,3,1,3,0,0,0,0,9,1,1,0,1,5,1,1,17,3,2,0,1,0,1,1,0,6,9,5,3,9
2012.0,0.0,0.0,0.0,3,1,3,0,0,0,1,1,1,1,0,0,2,1,1,17,3,2,0,1,0,2,1,0,4,2,5,9,3
2012.0,-550.176,0.0,0.0,3,6,0,0,0,0,1,5,1,1,0,0,5,1,1,18,3,2,0,1,0,1,2,0,6,7,5,8,3
2012.0,-476.256,0.0,0.0,3,6,0,0,0,0,0,5,1,1,0,0,5,1,1,20,3,2,0,0,0,1,1,0,6,7,5,8,3
2012.0,0.0,0.0,0.0,3,4,0,0,0,0,0,2,1,1,0,1,7,1,1,0,4,2,0,0,0,2,2,0,4,2,5,9,3
2012.0,-149.952,1.0,0.0,3,6,3,0,0,0,0,4,1,1,0,1,9,1,1,6,4,2,0,0,0,0,2,0,6,2,5,3,9
2012.0,0.0,0.0,0.0,3,1,3,0,0,0,1,1,1,1,0,1,2,1,1,9,4,2,0,1,0,1,1,0,4,2,5,9,3
2012.0,0.0,0.0,0.0,3,4,3,0,0,0,1,5,1,1,0,1,1,1,1,11,4,2,0,0,0,1,2,0,4,4,5,3,9
2012.0,0.0,0.0,0.0,3,6,3,0,0,0,0,9,1,1,0,1,9,1,1,11,4,2,0,0,0,1,1,0,2,7,5,8,3
2012.0,99.792,0.0,0.0,3,10,3,0,0,0,1,9,1,1,0,0,9,1,1,11,4,2,0,0,0,1,2,0,4,9,5,3,2
2012.0,165.792,0.0,0.0,3,10,3,0,0,0,0,5,1,1,0,0,5,1,1,13,4,2,0,0,0,1,1,0,6,9,9,2,2
2012.0,-700.128,0.0,0.0,3,6,3,0,0,0,1,1,1,1,0,0,1,1,1,16,4,2,0,1,0,1,1,0,6,7,5,9,3
2012.0,743.952,0.0,0.0,3,4,3,0,0,0,0,9,1,1,0,0,5,1,1,16,4,2,0,1,0,2,2,0,0,4,5,3,9
2012.0,-35.904,0.0,0.0,3,1,0,0,0,0,1,2,1,1,0,0,9,1,1,17,4,2,0,1,0,1,2,0,4,5,5,3,9
2012.0,50.16,0.0,0.0,3,8,3,0,0,0,2,5,1,1,0,0,9,1,1,17,4,2,0,1,0,0,1,0,4,0,5,8,1
2012.0,-340.032,1.0,0.0,3,6,0,0,0,0,1,1,0,1,0,0,1,1,1,18,4,2,0,1,0,1,1,0,6,7,5,8,3
2012.0,71.808,0.0,0.0,3,6,0,0,0,0,0,5,1,1,0,1,5,1,1,19,4,2,0,1,0,2,1,0,4,7,5,8,3
2012.0,16.896,0.0,0.0,3,6,0,4,3,0,1,5,1,1,0,1,5,1,1,20,4,2,0,0,0,1,1,0,6,5,5,5,5
2012.0,-12.144,0.0,0.0,3,4,0,0,0,0,1,2,1,1,0,0,6,1,1,23,4,2,0,0,0,2,2,0,4,7,5,9,3
2012.0,-40.128,0.0,0.0,3,6,0,0,0,0,2,1,1,1,0,1,1,1,1,2,5,2,1,0,0,0,2,0,4,5,5,8,3
2012.0,-175.824,1.0,0.0,3,1,3,0,0,0,1,1,1,1,0,1,2,1,1,11,5,2,1,0,0,2,2,0,0,4,5,8,9
2012.0,0.0,0.0,0.0,3,6,3,0,0,0,1,5,1,1,0,1,5,1,1,12,5,2,1,0,0,1,1,0,4,7,5,8,3
2012.0,68.112,0.0,0.0,3,6,3,0,0,0,0,9,1,1,0,1,9,1,1,14,5,2,1,0,0,2,1,0,4,8,5,8,3
2012.0,200.112,2.0,0.0,2,4,3,0,0,0,1,2,1,1,0,1,1,1,1,14,5,2,1,0,0,1,1,0,0,2,5,3,9
2012.0,-417.12,0.0,0.0,3,6,3,0,0,0,1,2,1,1,0,1,2,1,1,14,5,2,1,0,0,1,1,0,6,8,5,8,8
2012.0,-60.192,0.0,0.0,3,6,3,0,0,0,0,5,1,1,0,0,5,1,1,15,5,2,1,0,0,2,2,0,4,0,5,8,2
2012.0,2640.0,1.0,0.0,1,1,3,0,0,0,1,7,1,1,0,1,1,1,1,15,5,2,1,0,0,1,1,0,6,9,5,9,9
2012.0,-87.12,0.0,0.0,3,1,0,0,0,0,1,9,1,1,0,1,9,1,1,18,5,2,1,1,0,2,1,0,6,7,5,9,3
2012.0,200.112,0.0,0.0,3,3,1,0,0,0,0,5,1,1,1,1,8,1,1,19,5,2,1,1,0,2,1,0,6,0,5,6,3
2012.0,174.768,0.0,0.0,3,4,0,0,0,0,1,2,0,1,0,0,2,1,1,0,6,2,1,0,0,1,1,0,6,5,5,3,9
2012.0,0.0,0.0,0.0,3,1,3,0,0,0,1,5,1,1,0,0,9,1,1,10,6,2,1,0,0,1,1,0,2,2,5,9,3
2012.0,80.256,0.0,0.0,3,6,3,0,0,0,1,5,1,1,0,1,5,1,1,10,6,2,1,0,0,0,1,0,4,0,5,8,2
2012.0,30.096,0.0,0.0,3,6,3,0,0,0,1,5,1,1,0,0,5,1,1,14,6,2,1,0,0,1,1,0,2,0,5,8,3
2012.0,114.048,2.0,0.0,2,6,3,0,0,0,0,9,1,1,0,1,9,1,1,14,6,2,1,0,0,2,1,0,4,7,5,3,8
2012.0,159.984,0.0,0.0,3,1,3,0,0,0,1,9,1,1,0,1,9,1,1,15,6,2,1,0,0,2,0,0,6,9,5,3,9
2012.0,43.824,2.0,0.0,3,6,0,0,0,0,1,2,1,1,0,1,2,1,1,19,6,2,1,1,0,2,1,0,2,0,5,8,8
2012.0,-4.752,1.0,0.0,2,4,0,0,0,0,1,7,1,1,0,1,4,1,1,21,6,2,1,0,0,1,2,0,4,4,5,9,9
2012.0,0.0,0.0,0.0,3,1,3,0,0,0,1,2,1,1,0,1,4,1,1,7,0,2,0,1,0,1,0,0,4,2,5,9,3
2012.0,-45.936,0.0,0.0,3,6,3,0,0,0,0,9,1,1,0,1,9,1,1,11,0,2,0,0,0,2,1,0,6,0,5,8,3
2012.0,67.056,0.0,0.0,3,6,3,0,0,0,1,2,1,1,0,0,2,1,1,12,0,2,0,0,0,2,1,0,6,0,5,8,3
2012.0,63.888,0.0,0.0,3,6,3,0,0,0,0,1,1,1,0,0,1,1,1,13,0,2,0,0,0,1,1,0,6,0,5,8,3
2012.0,43.824,1.0,0.0,2,1,3,0,0,2,0,1,1,1,0,1,5,1,1,13,0,2,0,0,0,2,1,0,4,5,5,3,5
2012.0,78.144,1.0,0.0,3,6,3,0,0,0,0,5,1,1,0,1,5,1,1,16,0,2,0,1,0,1,1,0,6,0,5,8,3
2012.0,0.0,0.0,0.0,3,4,0,0,0,0,0,5,1,1,0,1,1,1,1,19,0,2,0,1,0,2,1,0,4,4,5,3,9
2012.0,-130.944,0.0,0.0,3,6,0,0,0,0,0,1,1,1,0,0,1,1,1,20,0,2,0,0,0,1,2,0,6,7,5,8,3
2012.0,-528.0,0.0,0.0,3,1,0,0,0,0,0,5,1,1,0,0,1,1,1,6,1,2,0,0,0,0,1,0,0,5,5,3,9
2012.0,0.0,0.0,0.0,3,1,3,0,0,0,0,7,1,1,0,1,1,1,1,7,1,2,0,1,0,1,1,0,4,5,5,3,9
2012.0,-58.08,0.0,0.0,3,8,3,0,0,0,0,2,1,1,0,1,1,1,1,7,1,2,0,1,0,1,1,0,6,5,5,3,1
2012.0,-40.128,1.0,0.0,3,6,3,0,0,0,1,1,1,1,0,0,1,1,1,13,1,2,0,0,0,0,0,0,4,7,5,8,3
2012.0,174.24,1.0,0.0,3,1,3,0,0,2,1,9,1,1,0,0,5,1,1,13,1,2,0,0,0,0,2,0,6,5,5,8,3
2012.0,129.888,0.0,0.0,3,1,3,0,0,0,1,7,1,1,0,1,2,1,1,13,1,2,0,0,0,0,1,0,6,5,5,3,5
2012.0,0.0,2.0,0.0,3,4,3,0,0,0,0,3,1,1,0,1,9,1,1,16,1,2,0,1,0,2,2,0,4,5,5,3,9
2012.0,-200.112,1.0,0.0,2,1,3,0,0,0,1,9,1,1,2,1,2,1,1,16,1,2,0,1,0,2,2,0,6,0,0,3,3
2012.0,12.144,1.0,0.0,2,5,3,0,0,0,1,9,1,1,3,0,5,1,1,16,1,2,0,1,0,1,2,0,4,5,5,7,9
2012.0,500.016,0.0,0.0,3,4,3,0,0,0,0,1,1,1,0,0,1,1,1,17,1,2,0,1,0,2,1,0,6,9,5,3,9
2012.0,-61.776,0.0,0.0,3,6,3,0,0,0,1,2,1,1,0,1,2,1,1,17,1,2,0,1,0,1,1,0,6,8,5,8,3
2012.0,-105.6,0.0,0.0,3,6,0,0,0,0,1,5,1,1,0,1,5,1,1,18,1,2,0,1,0,2,2,0,6,7,5,3,3
2012.0,64.944,0.0,0.0,3,10,0,0,0,0,0,5,1,1,0,0,5,1,1,18,1,2,0,1,0,0,1,0,4,7,5,9,9
2012.0,-50.16,0.0,0.0,3,6,0,0,0,0,1,1,0,1,0,0,1,1,1,2,2,2,0,0,0,2,2,0,4,7,5,8,8
2012.0,-119.856,0.0,0.0,3,6,3,0,0,0,1,2,1,1,0,0,2,1,1,8,2,2,0,1,0,1,1,0,6,7,5,8,3