Year,Distance,Totalinjuries,Totalfatalities,Injuryseverity,Collisionmanner,Lightcondition,Weather,SurfaceCondition,Unittype_One,Gender_Drv1,Traveldirection_One,AlcoholUse_Drv1,DrugUse_Drv1,Unittype_Two,Gender_Drv2,Traveldirection_Two,AlcoholUse_Drv2,DrugUse_Drv2,Hour,Weekday,Month,Weekend,Rush_Hour,Hazardous_Road,Age_Group_Drv1,Age_Group_Drv2,Substance_Use,Junction_Category,Violation_Category_Drv1,Violation_Category_Drv2,Unitaction_Category_Two,Unitaction_Category_One
2012.0,-23.76,1.0,0.0,3,10,3,0,3,0,1,1,1,1,0,0,1,1,1,11,2,2,0,0,0,1,1,0,4,9,5,3,2
2012.0,0.0,0.0,0.0,3,4,3,0,0,0,0,6,1,1,0,1,2,1,1,13,2,2,0,0,0,2,2,0,4,5,5,3,9
2012.0,0.0,0.0,0.0,3,4,3,0,0,0,0,9,1,1,0,0,5,1,1,16,2,2,0,1,0,2,2,0,4,5,5,3,9
2012.0,-204.864,0.0,0.0,3,6,3,0,0,0,0,5,1,1,0,0,5,1,1,16,2,2,0,1,0,1,2,0,6,7,5,8,3
2012.0,60.192,0.0,0.0,3,6,3,0,0,0,0,9,1,1,0,1,9,1,1,16,2,2,0,1,0,2,1,0,4,7,5,8,3
2012.0,305.184,0.0,0.0,3,1,3,0,0,0,0,2,1,1,0,0,5,1,1,17,2,2,0,1,0,1,1,0,4,4,5,3,9
2012.0,3168.0,0.0,0.0,3,5,3,0,0,0,1,5,1,1,0,0,5,1,1,17,2,2,0,1,0,1,0,0,6,5,5,3,3
2012.0,-159.984,1.0,0.0,2,6,4,0,0,0,0,9,1,1,0,0,9,1,1,17,2,2,0,1,0,1,1,0,6,8,5,3,3
2012.0,60.192,1.0,0.0,3,5,4,0,0,0,1,9,1,1,2,1,2,1,1,18,2,2,0,1,0,1,1,0,4,2,5,3,9
2012.0,61.776,0.0,0.0,3,6,0,0,0,0,1,2,1,1,0,1,2,1,1,20,2,2,0,0,0,2,1,0,4,0,5,8,3
2012.0,-633.6,0.0,0.0,3,5,0,0,0,0,0,2,1,1,0,1,5,1,1,0,3,2,0,0,0,2,1,0,6,0,5,8,1
2012.0,0.0,2.0,0.0,3,1,3,0,0,0,0,1,1,1,0,1,5,1,1,7,3,2,0,1,0,2,1,0,4,2,5,3,3
2012.0,0.0,1.0,0.0,2,1,3,0,0,0,1,5,1,1,0,1,1,1,1,8,3,2,0,1,0,1,1,0,4,2,5,9,3
2012.0,530.112,1.0,0.0,3,1,3,0,0,0,0,3,1,1,2,1,5,1,1,9,3,2,0,1,0,2,1,0,6,5,5,3,9
2012.0,0.0,0.0,0.0,3,1,3,0,0,0,1,9,1,1,0,0,5,1,1,9,3,2,0,1,0,0,1,0,4,2,5,3,3
2012.0,50.16,0.0,0.0,3,6,3,0,0,0,1,2,1,1,0,1,2,1,1,14,3,2,0,0,0,1,0,0,6,8,5,8,3
2012.0,164.208,0.0,0.0,3,6,3,0,0,0,1,1,1,1,0,1,1,1,1,15,3,2,0,0,0,2,1,0,6,7,5,8,3
2012.0,332.112,0.0,0.0,3,6,3,0,0,0,0,1,1,1,0,1,1,1,1,15,3,2,0,0,0,2,2,0,0,0,5,8,3
2012.0,-251.856,0.0,0.0,3,6,3,0,0,0,1,1,1,1,0,0,1,1,1,15,3,2,0,0,0,1,2,0,4,0,5,8,3
2012.0,0.0,1.0,0.0,3,6,3,0,0,0,1,1,1,1,0,1,1,1,1,15,3,2,0,0,0,1,1,0,4,7,5,8,3
2012.0,23.232,0.0,0.0,3,6,3,0,0,0,0,5,1,1,0,1,5,1,1,15,3,2,0,0,0,2,2,0,4,7,5,3,3
2012.0,455.136,2.0,0.0,3,1,3,0,0,0,0,4,1,1,0,0,5,1,1,16,3,2,0,1,0,0,2,0,6,5,5,3,9
2012.0,0.0,3.0,0.0,3,4,3,0,0,0,0,9,1,1,0,1,5,1,1,17,3,2,0,1,0,1,1,0,4,5,5,3,9
2012.0,-540.144,0.0,0.0,3,1,3,0,0,0,1,9,1,1,0,1,1,1,1,17,3,2,0,1,0,2,1,0,0,0,0,9,9
2012.0,-220.176,0.0,0.0,3,6,0,0,0,0,0,9,1,1,0,1,9,1,1,18,3,2,0,1,0,1,1,0,6,7,5,8,3
2012.0,77.088,0.0,0.0,3,10,0,0,0,0,0,1,1,1,0,1,1,1,1,18,3,2,0,1,0,2,1,0,6,4,5,3,9
2012.0,0.0,0.0,0.0,3,1,0,0,0,0,1,6,1,1,0,0,5,1,1,21,3,2,0,0,0,2,2,0,6,2,5,3,9
2012.0,-73.92,0.0,0.0,3,5,0,0,0,0,2,9,1,1,1,1,1,1,1,1,4,2,0,0,0,0,1,0,6,5,5,6,1
2012.0,0.0,0.0,0.0,3,4,0,0,0,0,1,5,1,1,0,0,2,1,1,3,4,2,0,0,0,2,1,0,4,0,5,3,9
2012.0,-279.84,1.0,0.0,3,9,3,0,0,0,1,5,1,1,0,1,2,1,1,6,4,2,0,0,0,1,2,0,6,0,5,3,9
2012.0,528.0,0.0,0.0,3,1,3,0,0,0,0,7,1,1,0,1,9,1,1,7,4,2,0,1,0,1,1,0,6,2,5,3,9
2012.0,33.264,1.0,0.0,2,1,3,0,0,0,1,1,1,1,3,1,2,1,1,9,4,2,0,1,0,2,0,0,4,5,5,7,9
2012.0,51.744,0.0,0.0,3,6,3,0,0,0,2,9,1,1,0,1,9,1,1,11,4,2,0,0,0,0,2,0,4,7,5,8,3
2012.0,0.0,0.0,0.0,3,4,3,0,0,0,0,9,1,1,0,0,1,1,1,12,4,2,0,0,0,2,0,0,4,5,5,3,9
2012.0,0.0,0.0,0.0,3,5,3,0,0,0,1,2,1,0,0,1,2,1,1,13,4,2,0,0,0,2,1,0,2,0,5,8,1
2012.0,-299.904,1.0,0.0,2,1,3,0,0,2,1,5,1,1,0,1,9,1,1,14,4,2,0,0,0,2,2,0,9,6,5,3,7
2012.0,-299.904,0.0,0.0,3,4,3,0,0,0,0,9,1,1,0,0,2,1,1,16,4,2,0,1,0,2,2,0,6,4,5,3,9
2012.0,33.264,0.0,0.0,3,6,3,0,0,0,1,5,1,1,0,0,5,1,1,16,4,2,0,1,0,1,1,0,6,7,5,8,3
2012.0,190.08,4.0,0.0,3,6,3,0,0,0,0,1,1,1,0,1,1,1,1,16,4,2,0,1,0,2,1,0,6,7,5,8,3
2012.0,126.192,1.0,0.0,3,4,4,0,0,0,1,5,1,1,0,1,2,1,1,17,4,2,0,1,0,2,1,0,0,5,5,3,9
2012.0,-350.064,0.0,0.0,3,10,0,0,0,0,1,9,1,1,0,1,9,1,1,19,4,2,0,1,0,1,1,0,0,4,5,3,9
2012.0,-85.008,0.0,0.0,3,6,0,0,3,0,1,5,0,1,0,1,5,1,1,20,4,2,0,0,0,1,2,0,4,7,5,3,3
2012.0,0.0,1.0,0.0,2,1,3,0,0,0,0,5,1,1,0,1,9,1,1,10,5,2,1,0,0,0,1,0,4,2,5,3,3
2012.0,0.0,0.0,0.0,3,4,3,0,0,0,1,1,1,1,0,1,7,1,1,10,5,2,1,0,0,1,1,0,4,2,5,9,3
2012.0,0.0,0.0,0.0,3,1,3,0,0,0,1,3,1,1,0,0,9,1,1,12,5,2,1,0,0,1,2,0,2,9,5,8,9
2012.0,-190.08,1.0,0.0,2,6,3,0,0,0,1,2,1,1,0,0,2,1,1,12,5,2,1,0,0,1,1,0,4,7,5,8,3
2012.0,99.792,0.0,0.0,3,10,3,0,0,0,0,1,1,1,0,1,1,1,1,13,5,2,1,0,0,1,1,0,6,2,5,3,9
2012.0,60.192,1.0,0.0,3,10,3,0,0,0,2,2,1,1,0,0,2,1,1,14,5,2,1,0,0,0,2,0,6,9,5,3,9
2012.0,-23.76,0.0,0.0,3,6,3,0,0,0,2,1,1,1,0,0,1,1,1,14,5,2,1,0,0,0,1,0,2,7,5,8,3
2012.0,304.128,0.0,0.0,3,10,3,0,0,0,1,9,1,1,0,1,9,1,1,14,5,2,1,0,0,1,1,0,0,9,5,3,2
2012.0,14.784,0.0,0.0,3,10,3,0,0,0,1,1,1,1,0,1,1,1,1,15,5,2,1,0,0,1,1,0,4,5,5,9,8
2012.0,149.952,0.0,0.0,3,9,4,0,0,0,1,1,1,1,0,1,1,1,1,18,5,2,1,1,0,1,2,0,6,4,5,8,9
2012.0,-200.112,0.0,0.0,3,10,0,0,0,0,1,9,1,1,0,1,9,1,1,19,5,2,1,1,0,0,1,0,6,9,5,3,2
2012.0,0.0,0.0,0.0,3,10,0,0,0,0,1,2,1,1,0,1,2,1,1,5,6,2,1,0,0,1,1,0,2,9,5,9,9
2012.0,0.0,2.0,0.0,2,4,3,0,0,0,0,1,1,1,0,1,2,1,1,7,6,2,1,1,0,1,1,0,4,5,5,9,3
2012.0,0.0,1.0,0.0,3,1,3,0,0,0,0,2,1,1,0,0,5,1,1,14,6,2,1,0,0,1,1,0,2,2,5,9,3
2012.0,-50.16,0.0,0.0,3,6,3,0,0,0,1,1,1,1,0,0,1,1,1,15,6,2,1,0,0,2,1,0,2,0,5,8,3
2012.0,0.0,0.0,0.0,3,10,3,0,0,0,1,4,1,1,0,1,9,1,1,6,0,2,0,0,0,1,1,0,4,0,5,3,2
2012.0,-59.136,2.0,0.0,3,6,3,0,0,0,0,2,1,1,0,0,2,1,1,8,0,2,0,1,0,2,1,0,6,0,5,8,3
2012.0,400.224,0.0,0.0,3,5,3,0,3,0,2,8,1,1,0,1,1,1,1,12,0,2,0,0,0,0,1,0,6,5,5,3,5
2012.0,119.856,0.0,0.0,3,10,3,0,0,0,1,9,1,1,0,0,9,1,1,15,0,2,0,0,0,2,1,0,6,0,5,3,2
2012.0,101.904,1.0,0.0,2,1,3,0,0,0,0,2,1,1,0,0,9,1,1,15,0,2,0,0,0,1,1,0,4,5,4,3,9
2012.0,-30.096,1.0,0.0,3,6,3,0,0,0,0,1,1,1,0,0,1,1,1,16,0,2,0,1,0,1,1,0,6,0,5,8,3
2012.0,-315.216,1.0,0.0,3,6,3,0,0,0,0,1,1,1,0,0,1,1,1,16,0,2,0,1,0,1,1,0,6,0,5,8,3
2012.0,-599.808,0.0,0.0,3,6,3,0,0,0,0,1,1,1,0,0,1,1,1,17,0,2,0,1,0,1,1,0,4,0,5,8,3
2012.0,0.0,0.0,0.0,3,6,3,0,0,0,1,1,1,1,0,0,5,1,1,18,0,2,0,1,0,2,2,0,6,5,5,3,1
2012.0,-78.144,0.0,0.0,3,10,0,0,0,0,1,1,1,1,0,1,1,1,1,19,0,2,0,1,0,2,2,0,2,9,5,3,2
2012.0,0.0,0.0,0.0,3,6,0,0,0,0,2,2,1,1,0,0,2,1,1,19,0,2,0,1,0,0,2,0,2,7,5,8,3
2012.0,645.216,0.0,0.0,3,3,0,0,0,0,2,1,1,1,0,1,9,1,1,21,0,2,0,0,0,0,1,0,6,5,5,3,3
2012.0,0.0,0.0,0.0,3,4,0,1,0,0,1,9,1,1,0,0,2,1,1,23,0,2,0,0,0,0,2,0,4,2,5,9,3
2012.0,335.808,1.0,0.0,2,4,3,0,0,0,0,2,1,1,0,1,9,1,1,7,1,2,0,1,0,2,1,0,6,5,5,3,9
2012.0,0.0,0.0,0.0,3,10,3,0,0,0,0,5,1,1,0,0,7,1,1,8,1,2,0,1,0,2,1,0,4,5,5,9,3
2012.0,-955.152,0.0,0.0,3,6,3,0,0,0,1,1,1,1,0,1,1,1,1,13,1,2,0,0,0,1,2,0,6,0,5,8,8
2012.0,0.0,0.0,0.0,3,6,3,0,0,0,1,5,1,1,0,0,2,1,1,13,1,2,0,0,0,1,2,0,4,5,5,8,1
2012.0,853.776,0.0,0.0,3,6,3,0,0,0,0,1,1,1,0,0,1,1,1,15,1,2,0,0,0,2,2,0,6,7,5,8,3
2012.0,528.0,0.0,0.0,3,6,3,0,0,0,1,3,1,1,0,1,3,1,1,16,1,2,0,1,0,1,2,0,6,8,5,8,3
2012.0,0.0,1.0,0.0,2,1,3,0,0,2,1,9,1,1,0,1,5,1,1,17,1,2,0,1,0,0,1,0,4,2,5,3,3
2012.0,180.048,0.0,0.0,3,4,3,0,0,0,0,7,1,1,0,1,1,1,1,17,1,2,0,1,0,2,1,0,6,5,5,3,9
2012.0,0.0,1.0,0.0,3,1,3,0,0,0,1,5,1,1,0,1,1,1,1,17,1,2,0,1,0,1,1,0,4,5,5,3,3
2012.0,-50.16,1.0,0.0,2,6,0,0,0,0,1,2,1,1,0,1,2,1,1,19,1,2,0,1,0,1,1,0,4,8,5,8,8
2012.0,728.112,0.0,0.0,3,6,3,0,0,0,1,9,1,1,0,0,9,1,1,6,2,2,0,0,0,1,1,0,6,7,5,9,3
2012.0,316.8,1.0,0.0,2,6,3,0,0,0,1,2,1,1,0,1,2,1,1,8,2,2,0,1,0,1,1,0,9,7,5,8,3
2012.0,-132.0,0.0,0.0,3,6,3,0,0,0,1,2,1,1,0,1,2,1,1,11,2,2,0,0,0,1,2,0,4,7,5,3,8
2012.0,-142.032,0.0,0.0,3,10,3,0,0,0,0,2,1,1,0,1,2,1,1,11,2,2,0,0,0,2,1,0,6,9,5,3,2
2012.0,86.064,0.0,0.0,3,10,3,0,0,0,1,2,1,1,0,1,2,1,1,14,2,2,0,0,0,1,1,0,6,9,5,3,2
2012.0,0.0,0.0,0.0,3,4,3,0,0,0,0,2,1,1,0,0,6,1,1,16,2,2,0,1,0,2,1,0,4,2,5,9,3
2012.0,0.0,1.0,0.0,2,1,0,0,0,0,0,1,1,1,0,1,1,1,1,16,2,2,0,1,0,1,2,0,4,4,5,9,9
2012.0,145.2,0.0,0.0,3,6,3,0,0,0,0,5,1,1,0,1,5,1,1,16,2,2,0,1,0,1,1,0,4,0,5,8,3
2012.0,-50.16,0.0,0.0,3,6,3,0,0,0,0,1,1,1,0,0,1,1,1,17,2,2,0,1,0,1,2,0,6,7,5,8,3
2012.0,51.216,0.0,0.0,3,6,3,0,0,0,1,5,1,1,0,0,5,1,1,17,2,2,0,1,0,1,2,0,4,7,5,8,3
2012.0,99.792,0.0,0.0,3,10,0,0,0,0,1,5,1,1,0,1,5,1,1,17,2,2,0,1,0,0,1,0,6,5,5,3,3
2012.0,-950.4,0.0,0.0,3,1,3,0,0,0,1,2,1,1,0,0,1,1,1,17,2,2,0,1,0,2,2,0,6,5,5,3,9
2012.0,142.032,0.0,0.0,3,6,3,0,0,0,1,1,1,1,0,1,1,1,1,17,2,2,0,1,0,2,2,0,6,7,5,8,3
2012.0,649.968,1.0,0.0,3,12,0,0,0,0,0,5,1,1,0,0,9,1,1,20,2,2,0,0,0,2,0,0,6,5,5,3,9
2012.0,350.064,0.0,0.0,3,10,0,0,0,0,1,5,1,1,0,1,5,1,1,2,3,3,0,0,0,1,1,0,6,7,5,8,3
2012.0,200.112,0.0,0.0,3,10,3,0,0,0,1,1,1,1,0,1,1,1,1,7,3,3,0,1,0,1,1,0,6,9,5,8,2
2012.0,-217.008,0.0,0.0,3,1,3,0,0,0,0,9,1,1,0,1,2,1,1,7,3,3,0,1,0,1,1,0,6,4,5,3,9
2012.0,-54.912,0.0,0.0,3,6,3,0,0,0,1,9,1,1,0,1,9,1,1,8,3,3,0,1,0,1,1,0,4,7,5,8,3
2012.0,-162.096,0.0,0.0,3,6,3,0,0,0,1,5,1,1,0,1,5,1,1,15,3,3,0,0,0,0,1,0,6,5,5,8,3
2012.0,0.0,0.0,0.0,3,4,3,0,0,0,1,2,1,1,0,0,1,1,1,15,3,3,0,0,0,1,2,0,4,5,5,9,3
2012.0,-372.24,1.0,0.0,2,3,3,0,0,0,0,7,1,1,0,0,2,1,1,15,3,3,0,0,0,2,1,0,0,5,5,3,9
2012.0,337.92,1.0,0.0,1,1,3,0,0,0,1,2,1,1,2,1,1,1,1,16,3,3,0,1,0,2,1,0,6,2,5,7,3
2012.0,91.872,0.0,0.0,3,6,3,0,0,0,0,5,1,1,0,1,5,1,1,17,3,3,0,1,0,2,2,0,4,0,5,8,3
2012.0,0.0,1.0,0.0,2,5,3,0,0,2,0,1,1,1,0,1,4,1,1,17,3,3,0,1,0,2,1,0,2,9,5,9,3
2012.0,-149.952,0.0,0.0,3,10,0,0,0,0,0,2,1,1,0,1,2,1,1,18,3,3,0,1,0,2,2,0,4,9,9,3,3
2012.0,70.224,1.0,0.0,3,6,4,0,0,0,0,5,1,1,0,1,5,1,1,18,3,3,0,1,0,2,2,0,4,0,5,8,3
2012.0,147.84,0.0,0.0,3,6,0,0,0,0,0,5,1,1,0,1,5,1,1,20,3,3,0,0,0,2,0,0,4,0,5,8,3
2012.0,121.968,1.0,0.0,3,6,0,0,0,0,1,9,1,1,0,0,9,0,1,23,3,3,0,0,0,2,1,0,4,0,5,8,3
2012.0,890.208,1.0,0.0,2,1,1,0,0,0,1,1,0,1,3,1,2,0,1,0,4,3,0,0,0,2,1,0,6,0,6,7,3
2012.0,177.936,0.0,0.0,3,10,3,0,0,0,0,2,1,1,0,1,2,1,1,7,4,3,0,1,0,1,1,0,6,9,5,3,2
2012.0,-40.128,0.0,0.0,3,6,3,0,0,0,0,1,1,1,0,1,1,1,1,8,4,3,0,1,0,0,1,0,4,7,5,8,3
2012.0,68.112,0.0,0.0,3,6,3,0,0,0,0,1,1,1,0,1,1,1,1,14,4,3,0,0,0,1,1,0,4,7,5,8,3
2012.0,299.904,1.0,0.0,3,6,3,0,0,0,0,5,1,1,0,0,5,1,1,16,4,3,0,1,0,2,2,0,4,7,5,8,8
2012.0,-476.256,0.0,0.0,3,4,3,0,0,0,1,1,1,1,0,0,2,1,1,16,4,3,0,1,0,0,1,0,0,4,5,3,9
2012.0,-80.256,0.0,0.0,3,6,0,0,0,0,1,2,1,1,0,1,2,1,1,22,4,3,0,0,0,1,0,0,4,9,5,8,2
2012.0,74.976,0.0,0.0,3,6,0,0,0,0,1,9,1,1,0,1,9,1,1,2,5,3,1,0,0,1,1,0,6,7,5,3,1
2012.0,62.832,0.0,0.0,3,6,0,0,0,0,0,1,1,1,0,0,1,1,1,2,5,3,1,0,0,1,1,0,4,7,5,8,8
2012.0,-24.816,0.0,0.0,3,3,0,0,0,0,2,6,1,1,1,1,2,1,1,2,5,3,1,0,0,0,1,0,4,4,5,6,9
2012.0,26.928,1.0,0.0,1,5,3,0,0,3,0,1,1,1,0,1,2,1,1,12,5,3,1,0,0,2,1,0,4,5,7,3,7
2012.0,29.04,0.0,0.0,3,6,4,0,0,0,1,1,1,1,0,0,1,1,1,17,5,3,1,1,0,1,1,0,4,7,5,8,3
2012.0,99.792,2.0,0.0,3,6,0,0,0,0,1,5,0,1,0,1,5,1,1,18,5,3,1,1,0,1,2,0,4,0,5,8,3
2012.0,213.84,1.0,0.0,3,4,0,0,0,2,1,9,1,1,0,1,2,1,1,18,5,3,1,1,0,1,0,0,0,2,1,3,9
2012.0,220.176,0.0,0.0,3,10,0,0,0,0,1,9,1,1,0,1,9,1,1,20,5,3,1,0,0,1,2,0,6,9,5,3,2
2012.0,89.76,0.0,0.0,3,6,0,0,0,0,1,5,0,1,0,1,5,1,1,23,5,3,1,0,0,1,2,0,4,7,5,8,2
2012.0,-24.816,1.0,0.0,2,12,0,0,0,0,2,9,1,1,3,0,8,0,1,2,6,3,1,0,0,0,2,0,4,5,5,5,3
2012.0,0.0,0.0,0.0,3,1,3,0,0,0,1,2,1,1,0,0,9,1,1,9,6,3,1,1,0,2,1,0,4,5,5,9,3
2012.0,0.0,0.0,0.0,3,1,3,0,0,0,1,9,1,1,0,1,2,1,1,13,6,3,1,0,0,2,1,0,4,2,5,3,3
2012.0,-50.16,1.0,0.0,3,6,3,0,0,0,1,1,1,1,0,1,1,1,1,13,6,3,1,0,0,2,1,0,2,7,5,8,3
2012.0,-54.912,2.0,0.0,3,6,3,0,0,0,0,1,1,1,0,0,1,1,1,14,6,3,1,0,0,1,1,0,4,7,5,8,8
2012.0,40.128,0.0,0.0,3,6,3,0,0,0,1,5,1,1,0,0,5,1,1,16,6,3,1,1,0,1,2,0,4,8,5,8,3
2012.0,-334.752,0.0,0.0,3,4,3,0,0,0,1,3,1,1,0,1,1,1,1,8,0,3,0,1,0,0,1,0,6,2,5,3,9
2012.0,0.0,0.0,0.0,3,1,3,0,0,0,1,4,1,1,0,1,9,1,1,10,0,3,0,0,0,1,1,0,4,0,5,3,9
2012.0,85.008,0.0,0.0,3,6,3,0,0,0,1,9,1,1,0,1,9,1,1,11,0,3,0,0,0,1,1,0,4,7,5,8,3
2012.0,0.0,0.0,0.0,3,10,3,0,0,0,1,5,1,1,0,0,5,1,1,11,0,3,0,0,0,0,1,0,4,9,5,3,3
2012.0,0.0,2.0,0.0,3,4,3,0,0,0,1,6,1,1,0,1,2,1,1,12,0,3,0,0,0,1,2,0,4,0,5,3,9
2012.0,0.0,1.0,0.0,2,4,3,0,0,0,0,1,1,1,0,0,5,1,1,13,0,3,0,0,0,0,1,0,4,2,5,9,3
2012.0,0.0,0.0,0.0,3,4,3,0,0,0,0,6,1,1,0,1,9,1,1,15,0,3,0,0,0,1,0,0,4,2,5,3,9
2012.0,0.0,0.0,0.0,3,10,3,1,0,0,1,7,1,1,0,0,6,1,1,16,0,3,0,1,0,2,2,0,4,5,5,9,2
2012.0,-447.216,3.0,0.0,2,4,3,0,0,0,0,7,1,1,0,1,2,1,1,16,0,3,0,1,0,1,2,0,6,0,5,3,5
2012.0,-99.792,0.0,0.0,3,6,3,1,0,0,0,1,1,1,0,0,1,1,1,16,0,3,0,1,0,0,1,0,4,8,5,8,3
2012.0,0.0,0.0,0.0,3,4,3,1,0,0,0,7,1,1,0,1,1,1,1,17,0,3,0,1,0,1,1,0,2,5,5,3,9
2012.0,-350.064,2.0,0.0,3,6,0,0,0,0,2,9,1,1,0,1,9,1,1,21,0,3,0,0,0,0,1,0,4,0,5,3,3
2012.0,0.0,0.0,0.0,3,4,3,0,0,0,0,4,1,1,0,1,5,1,1,8,1,3,0,1,0,1,1,0,4,5,5,3,9
2012.0,149.952,2.0,0.0,3,3,3,0,0,0,0,1,1,0,0,1,1,1,1,10,1,3,0,0,0,1,0,0,6,9,5,3,5
2012.0,170.016,0.0,0.0,3,6,3,0,0,0,1,9,1,1,0,0,9,1,1,11,1,3,0,0,0,2,1,0,6,8,5,8,3
2012.0,0.0,0.0,0.0,3,10,3,0,0,0,2,7,1,1,0,0,7,1,1,11,1,3,0,0,0,0,1,0,4,5,5,9,9
2012.0,74.976,0.0,0.0,3,6,3,0,0,0,0,5,1,1,0,0,5,1,1,12,1,3,0,0,0,1,1,0,2,8,5,8,3
2012.0,100.848,0.0,0.0,3,6,3,1,0,0,0,5,1,1,0,1,5,1,1,13,1,3,0,0,0,2,0,0,4,0,5,8,3
2012.0,89.76,0.0,0.0,3,6,3,0,0,0,1,5,1,1,0,1,5,1,1,15,1,3,0,0,0,2,1,0,4,0,5,8,3
2012.0,0.0,3.0,0.0,3,4,3,0,0,0,0,7,1,1,0,1,1,1,1,16,1,3,0,1,0,2,1,0,4,5,2,3,9
2012.0,228.096,0.0,0.0,3,1,3,0,0,0,1,2,1,1,0,1,1,1,1,16,1,3,0,1,0,2,2,0,0,4,5,3,9
2012.0,-133.056,0.0,0.0,3,6,3,1,0,0,1,1,1,1,0,1,1,1,1,17,1,3,0,1,0,0,1,0,4,0,5,8,3
2012.0,170.016,0.0,0.0,3,1,3,0,0,0,1,2,1,1,0,1,1,1,1,17,1,3,0,1,0,2,1,0,0,4,5,3,9
2012.0,0.0,0.0,0.0,3,1,4,1,0,0,1,5,1,1,0,1,9,1,1,18,1,3,0,1,0,0,1,0,4,5,5,3,3
2012.0,-50.16,0.0,0.0,3,1,0,0,0,0,1,1,1,1,0,1,2,1,1,19,1,3,0,1,0,0,1,0,4,4,5,3,9
2012.0,0.0,0.0,0.0,3,4,3,0,0,0,1,4,1,1,0,0,1,1,1,7,2,3,0,1,0,1,1,0,4,5,5,3,9
2012.0,259.248,1.0,0.0,2,6,3,0,0,0,0,9,1,1,0,1,9,1,1,7,2,3,0,1,0,1,1,0,6,0,5,8,3
2012.0,0.0,0.0,0.0,3,5,3,0,3,0,2,1,1,1,0,0,9,1,1,8,2,3,0,1,0,0,0,0,4,5,5,8,9
2012.0,0.0,1.0,0.0,2,4,3,0,0,0,0,9,1,1,0,0,5,1,1,9,2,3,0,1,0,0,1,0,4,2,5,3,9
2012.0,0.0,5.0,0.0,3,4,3,0,0,0,0,7,1,1,0,1,1,1,1,11,2,3,0,0,0,2,1,0,4,5,5,3,9
2012.0,0.0,1.0,0.0,2,4,3,0,0,0,1,9,1,1,0,0,2,1,1,11,2,3,0,0,0,1,2,0,4,2,5,9,3
2012.0,0.0,0.0,0.0,3,4,3,1,0,0,0,2,1,1,0,0,5,1,1,12,2,3,0,0,0,0,1,0,2,2,5,9,3
2012.0,0.0,0.0,0.0,3,6,3,0,0,0,0,9,1,1,0,1,9,1,1,12,2,3,0,0,0,2,1,0,4,0,5,8,3
2012.0,-77.088,0.0,0.0,3,6,3,0,0,0,1,1,1,1,0,0,1,1,1,12,2,3,0,0,0,0,1,0,4,8,5,8,3
2012.0,772.992,0.0,0.0,3,6,3,0,0,0,0,5,1,1,0,1,5,1,1,13,2,3,0,0,0,2,1,0,6,0,5,8,3
2012.0,-200.112,0.0,0.0,3,6,3,0,0,0,1,1,1,1,0,1,1,1,1,14,2,3,0,0,0,1,1,0,6,7,5,8,3
2012.0,1019.04,0.0,0.0,3,1,3,0,0,0,1,5,1,1,0,1,9,1,1,15,2,3,0,0,0,1,1,0,6,0,5,8,3
2012.0,-765.072,0.0,0.0,3,6,3,0,0,0,1,1,1,1,0,0,1,1,1,16,2,3,0,1,0,2,1,0,6,0,5,8,3
2012.0,10.032,0.0,0.0,3,1,3,0,0,2,1,1,1,1,0,1,9,1,1,16,2,3,0,1,0,2,1,0,4,9,5,9,3
2012.0,674.256,1.0,0.0,3,6,3,0,0,0,1,5,1,1,0,0,5,1,1,17,2,3,0,1,0,1,1,0,4,8,5,8,3
2012.0,-99.792,3.0,0.0,3,6,3,0,0,0,1,9,1,1,0,0,9,1,1,17,2,3,0,1,0,1,2,0,4,0,5,8,3
2012.0,50.16,1.0,0.0,3,5,3,0,0,0,1,9,1,1,0,0,1,1,1,17,2,3,0,1,0,2,2,0,4,5,5,3,9
2012.0,70.224,0.0,0.0,3,6,0,0,0,0,1,9,1,1,0,1,9,1,1,18,2,3,0,1,0,2,1,0,4,7,5,8,3
2012.0,0.0,1.0,0.0,2,1,0,0,0,2,1,1,0,1,0,1,5,1,1,19,2,3,0,1,0,2,1,0,4,1,5,3,3
2012.0,-299.904,1.0,0.0,1,4,0,0,0,0,1,2,1,1,0,1,1,1,1,5,3,3,0,0,0,1,2,0,6,4,5,3,9
2012.0,92.928,0.0,0.0,3,6,3,0,0,0,1,2,1,1,0,1,2,1,1,7,3,3,0,1,0,2,0,0,6,0,5,8,3
2012.0,-186.912,1.0,0.0,3,4,3,0,0,0,1,9,1,1,0,1,1,1,1,11,3,3,0,0,0,1,0,0,0,2,5,3,9
2012.0,137.808,0.0,0.0,3,6,3,0,0,0,0,5,1,1,0,0,5,1,1,11,3,3,0,0,0,2,2,0,4,0,5,8,3
2012.0,173.184,1.0,0.0,3,1,3,0,0,0,1,6,1,1,0,0,9,1,1,11,3,3,0,0,0,1,2,0,4,5,5,3,5
2012.0,506.88,0.0,0.0,3,1,3,0,0,0,1,5,1,1,0,1,9,1,1,13,3,3,0,0,0,2,1,0,0,5,5,3,9