Year,Distance,Totalinjuries,Totalfatalities,Injuryseverity,Collisionmanner,Lightcondition,Weather,SurfaceCondition,Unittype_One,Gender_Drv1,Traveldirection_One,AlcoholUse_Drv1,DrugUse_Drv1,Unittype_Two,Gender_Drv2,Traveldirection_Two,AlcoholUse_Drv2,DrugUse_Drv2,Hour,Weekday,Month,Weekend,Rush_Hour,Hazardous_Road,Age_Group_Drv1,Age_Group_Drv2,Substance_Use,Junction_Category,Violation_Category_Drv1,Violation_Category_Drv2,Unitaction_Category_Two,Unitaction_Category_One
2012.0,404.976,0.0,0.0,3,4,3,0,0,0,0,2,1,1,0,0,9,1,1,14,3,3,0,0,0,1,2,0,4,4,5,3,9
2012.0,-29.04,1.0,0.0,2,4,3,0,0,0,1,9,1,1,2,1,1,1,1,15,3,3,0,0,0,0,2,0,4,0,5,7,9
2012.0,1056.0,2.0,0.0,3,1,3,0,0,0,1,7,1,1,0,0,6,1,1,16,3,3,0,1,0,2,1,0,6,5,5,9,5
2012.0,-91.872,0.0,0.0,3,6,3,0,0,0,1,5,1,1,0,1,5,1,1,16,3,3,0,1,0,1,1,0,6,4,4,9,9
2012.0,80.256,0.0,0.0,3,6,3,0,0,0,1,5,1,1,0,1,5,1,1,16,3,3,0,1,0,1,2,0,4,7,5,8,3
2012.0,68.112,0.0,0.0,3,6,3,0,0,0,0,9,1,1,0,0,9,1,1,16,3,3,0,1,0,2,2,0,4,0,5,8,3
2012.0,-51.216,0.0,0.0,3,6,3,0,0,0,0,1,1,1,0,1,1,1,1,17,3,3,0,1,0,2,1,0,4,0,5,8,3
2012.0,-24.816,1.0,0.0,2,1,3,0,0,0,1,9,1,1,3,1,2,1,1,17,3,3,0,1,0,1,2,0,4,5,5,7,3
2012.0,99.792,1.0,0.0,3,6,0,0,0,0,1,5,0,1,0,1,5,1,1,18,3,3,0,1,0,2,2,0,4,7,5,8,3
2012.0,-70.224,0.0,0.0,3,6,0,0,0,0,1,2,1,1,0,1,2,1,1,19,3,3,0,1,0,1,1,0,4,0,5,8,3
2012.0,-64.944,1.0,0.0,3,6,0,0,0,0,1,2,1,1,0,1,2,0,1,1,4,3,0,0,0,1,1,0,3,7,5,8,3
2012.0,0.0,0.0,0.0,3,4,0,0,0,0,0,2,0,1,0,1,9,1,1,5,4,3,0,0,0,2,0,0,4,3,5,3,9
2012.0,-212.256,0.0,0.0,3,10,3,0,0,0,0,2,1,1,0,0,2,1,1,7,4,3,0,1,0,1,0,0,2,9,5,3,2
2012.0,249.744,0.0,0.0,3,1,3,0,0,0,0,1,1,1,0,1,5,1,1,7,4,3,0,1,0,1,2,0,8,0,5,3,5
2012.0,-30.096,0.0,0.0,3,10,3,0,0,0,1,1,1,1,0,1,1,1,1,8,4,3,0,1,0,1,1,0,2,5,5,8,8
2012.0,-54.912,0.0,0.0,3,6,3,0,0,0,1,2,1,1,0,0,2,1,1,10,4,3,0,0,0,1,1,0,4,7,5,8,8
2012.0,0.0,0.0,0.0,3,1,3,0,0,0,1,5,1,1,0,1,1,1,1,11,4,3,0,0,0,0,2,0,4,2,5,3,3
2012.0,0.0,1.0,0.0,2,4,3,0,0,0,1,5,1,1,0,1,2,1,1,12,4,3,0,0,0,1,2,0,4,5,5,3,9
2012.0,-479.952,0.0,0.0,3,1,3,0,0,0,0,9,1,1,0,0,2,1,1,13,4,3,0,0,0,0,1,0,0,5,5,3,9
2012.0,-60.192,0.0,0.0,3,10,3,0,0,0,1,2,1,1,0,1,2,1,1,14,4,3,0,0,0,1,1,0,4,9,5,8,3
2012.0,-299.904,0.0,0.0,3,1,3,0,0,0,0,5,1,1,0,1,5,1,1,14,4,3,0,0,0,0,2,0,6,9,5,3,9
2012.0,89.232,2.0,0.0,2,10,3,0,0,0,0,5,1,1,0,1,5,1,1,15,4,3,0,0,0,2,2,0,4,9,5,3,2
2012.0,0.0,0.0,0.0,3,1,3,0,0,0,1,2,1,1,0,0,1,1,1,15,4,3,0,0,0,2,2,0,4,4,5,3,9
2012.0,299.904,0.0,0.0,3,6,3,0,0,0,0,5,1,1,0,0,5,1,1,15,4,3,0,0,0,1,1,0,6,7,5,8,3
2012.0,0.0,0.0,0.0,3,4,3,0,0,0,1,5,1,1,0,1,2,1,1,15,4,3,0,0,0,1,1,0,4,5,5,9,3
2012.0,200.112,0.0,0.0,3,1,3,0,0,0,0,1,1,1,0,1,5,1,1,18,4,3,0,1,0,2,1,0,6,5,5,3,5
2012.0,200.112,0.0,0.0,3,6,4,0,0,0,1,2,1,1,0,0,2,1,1,18,4,3,0,1,0,2,2,0,6,7,5,8,3
2012.0,1119.888,0.0,0.0,3,10,0,0,0,0,1,5,1,1,0,1,5,1,1,0,5,3,1,0,0,2,2,0,6,9,5,3,2
2012.0,99.792,0.0,0.0,3,6,3,0,0,0,2,1,1,1,0,0,1,1,1,9,5,3,1,1,0,0,1,0,4,7,5,3,3
2012.0,-54.912,0.0,0.0,3,10,3,0,0,0,1,2,1,1,0,1,2,1,1,15,5,3,1,0,0,1,1,0,6,4,5,3,9
2012.0,-700.128,0.0,0.0,3,10,3,0,0,0,1,2,1,1,0,0,2,1,1,17,5,3,1,1,0,0,1,0,6,9,9,3,3
2012.0,-60.192,0.0,0.0,3,6,3,0,0,0,0,2,1,1,0,0,2,1,1,18,5,3,1,1,0,2,1,0,4,7,5,8,3
2012.0,429.792,1.0,0.0,3,1,3,0,0,0,1,4,0,1,0,1,9,1,1,18,5,3,1,1,0,2,1,0,6,4,5,3,9
2012.0,89.76,1.0,0.0,3,6,3,0,0,0,1,1,1,1,1,1,1,1,1,18,5,3,1,1,0,0,1,0,4,0,5,6,3
2012.0,0.0,1.0,0.0,3,1,0,0,0,0,0,5,1,1,2,1,1,1,1,19,5,3,1,1,0,1,1,0,4,5,9,3,9
2012.0,-900.24,0.0,0.0,3,6,0,0,0,0,1,9,1,1,0,1,9,1,1,19,5,3,1,1,0,1,0,0,6,5,5,8,3
2012.0,115.104,0.0,0.0,3,6,0,0,0,0,0,5,1,1,0,1,5,1,1,21,5,3,1,0,0,2,2,0,2,0,5,8,3
2012.0,0.0,0.0,0.0,3,4,3,0,0,0,1,2,1,1,0,1,7,1,1,7,6,3,1,1,0,0,2,0,2,2,2,9,3
2012.0,0.0,0.0,0.0,3,6,3,0,0,0,1,9,1,1,0,1,9,1,1,8,6,3,1,1,0,1,1,0,4,5,5,9,3
2012.0,114.048,0.0,0.0,3,10,3,0,0,0,0,1,1,1,0,1,1,1,1,11,6,3,1,0,0,1,2,0,6,9,5,3,2
2012.0,58.08,0.0,0.0,3,6,3,0,0,0,0,5,1,1,0,0,5,1,1,13,6,3,1,0,0,1,1,0,4,7,5,8,3
2012.0,0.0,0.0,0.0,3,1,3,0,0,0,0,9,1,1,0,0,5,1,1,13,6,3,1,0,0,2,1,0,2,2,5,3,3
2012.0,0.0,1.0,0.0,2,4,3,0,0,0,1,3,1,1,0,0,9,1,1,14,6,3,1,0,0,2,2,0,4,2,5,3,9
2012.0,30.096,1.0,0.0,2,6,0,0,0,0,1,2,0,1,1,1,8,1,1,19,6,3,1,1,0,2,1,0,6,7,5,6,3
2012.0,-20.064,1.0,0.0,3,6,3,0,0,0,1,1,1,1,0,1,1,1,1,12,0,3,0,0,0,2,2,0,6,0,5,3,3
2012.0,599.808,0.0,0.0,3,6,3,0,0,0,0,1,1,1,0,1,1,1,1,17,0,3,0,1,0,1,1,0,6,7,5,3,3
2012.0,-64.944,0.0,0.0,3,5,3,0,0,0,1,5,1,1,0,0,2,1,1,7,1,3,0,1,0,2,0,0,6,5,5,8,1
2012.0,-664.224,0.0,0.0,3,1,3,0,0,0,1,2,1,1,0,1,1,1,1,8,1,3,0,1,0,1,1,0,6,5,5,3,9
2012.0,24.816,0.0,0.0,3,6,3,0,0,0,1,9,1,1,0,0,9,1,1,12,1,3,0,0,0,1,1,0,4,7,5,8,3
2012.0,1056.0,0.0,0.0,3,5,3,0,0,0,1,1,1,1,0,1,9,1,1,15,1,3,0,0,0,1,1,0,6,5,5,8,1
2012.0,-805.2,0.0,0.0,3,10,3,0,0,0,0,5,1,1,0,0,5,1,1,17,1,3,0,1,0,2,2,0,6,0,5,3,2
2012.0,0.0,2.0,0.0,3,4,3,0,0,0,1,7,1,1,0,0,1,1,1,17,1,3,0,1,0,0,1,0,4,5,5,3,9
2012.0,-40.128,1.0,0.0,3,6,3,0,0,0,1,2,1,1,0,0,2,1,1,17,1,3,0,1,0,1,2,0,4,7,5,9,3
2012.0,-89.76,0.0,0.0,3,6,3,0,0,0,0,1,1,1,0,0,1,1,1,17,1,3,0,1,0,2,2,0,4,0,5,8,3
2012.0,0.0,0.0,0.0,3,4,0,0,0,0,0,1,1,1,0,0,5,1,1,18,1,3,0,1,0,0,1,0,4,2,5,9,3
2012.0,0.0,0.0,0.0,3,12,3,0,0,0,1,3,1,1,0,0,4,1,1,18,1,3,0,1,0,1,2,0,6,5,5,5,5
2012.0,24.816,2.0,0.0,3,6,0,0,0,0,1,2,1,1,0,1,2,1,1,19,1,3,0,1,0,2,1,0,6,7,7,8,8
2012.0,-149.952,0.0,0.0,3,10,0,0,0,0,0,7,1,1,0,1,7,1,1,20,1,3,0,0,0,1,1,0,0,3,5,9,9
2012.0,-109.824,0.0,0.0,3,4,0,0,0,0,0,1,1,1,0,1,5,1,1,20,1,3,0,0,0,1,1,0,0,2,5,3,9
2012.0,-33.264,3.0,0.0,2,6,0,0,0,0,1,1,1,1,0,1,1,1,1,20,1,3,0,0,0,2,1,0,4,7,5,8,3
2012.0,-400.224,0.0,0.0,3,6,0,0,0,0,1,5,1,1,0,1,5,1,1,20,1,3,0,0,0,2,1,0,6,0,5,8,3
2012.0,40.128,0.0,0.0,3,6,0,0,0,0,1,5,1,1,0,1,5,1,1,2,2,3,0,0,0,1,2,0,4,7,5,8,3
2012.0,44.88,1.0,0.0,2,1,3,0,0,2,1,5,1,1,0,0,9,1,1,7,2,3,0,1,0,1,0,0,4,2,5,9,7
2012.0,-71.808,3.0,0.0,3,6,3,0,0,0,0,1,1,1,0,1,1,1,1,11,2,3,0,0,0,2,1,0,4,7,5,8,3
2012.0,-38.016,1.0,0.0,3,1,3,0,0,2,0,9,1,1,0,1,2,1,1,12,2,3,0,0,0,2,1,0,4,9,5,9,3
2012.0,143.088,1.0,0.0,3,6,3,0,0,0,1,5,1,1,0,1,5,1,1,12,2,3,0,0,0,1,0,0,4,8,5,8,3
2012.0,-149.952,0.0,0.0,3,10,3,0,0,0,0,5,1,1,0,1,5,1,1,12,2,3,0,0,0,2,1,0,6,0,5,3,2
2012.0,0.0,3.0,0.0,3,4,3,0,0,0,1,3,1,1,0,1,9,1,1,14,2,3,0,0,0,0,0,0,4,5,5,3,9
2012.0,0.0,0.0,0.0,3,4,3,0,0,0,0,9,1,1,0,1,5,1,1,16,2,3,0,1,0,0,1,0,4,5,5,3,9
2012.0,540.144,0.0,0.0,3,1,3,0,0,0,1,6,1,1,0,1,5,1,1,17,2,3,0,1,0,2,1,0,3,5,5,3,9
2012.0,74.976,0.0,0.0,3,10,3,0,0,0,1,9,1,1,0,1,9,1,1,17,2,3,0,1,0,0,0,0,4,0,5,8,3
2012.0,-34.848,1.0,0.0,2,1,3,0,0,0,0,6,1,1,2,1,1,1,1,18,2,3,0,1,0,2,1,0,4,5,5,3,9
2012.0,-223.872,0.0,0.0,3,10,0,0,0,0,2,9,1,1,0,1,9,1,1,18,2,3,0,1,0,0,0,0,6,9,5,3,2
2012.0,1320.0,2.0,0.0,3,6,0,0,0,0,1,9,1,1,0,1,9,1,1,20,2,3,0,0,0,1,2,0,6,0,5,3,3
2012.0,89.76,1.0,0.0,2,6,0,0,0,0,1,9,1,1,1,1,8,1,1,1,3,3,0,0,0,1,1,0,6,0,5,6,3
2012.0,-10.032,0.0,0.0,3,9,0,0,0,0,1,5,0,1,0,1,2,1,1,3,3,3,0,0,0,2,1,0,4,9,5,8,3
2012.0,1102.992,0.0,0.0,3,1,3,0,0,0,1,3,1,1,1,1,1,1,1,9,3,3,0,1,0,1,1,0,6,7,5,6,9
2012.0,-176.88,0.0,0.0,3,1,3,0,0,0,1,9,1,1,0,1,6,1,1,9,3,3,0,1,0,1,1,0,0,5,4,9,3
2012.0,-87.12,0.0,0.0,3,6,3,0,0,0,1,2,1,1,0,0,2,1,1,13,3,3,0,0,0,1,1,0,4,0,5,8,3
2012.0,-400.224,1.0,0.0,2,1,4,0,0,0,0,4,1,1,2,0,9,1,1,15,3,3,0,0,0,1,2,0,0,0,5,3,9
2012.0,-163.152,0.0,0.0,3,10,3,0,0,0,1,5,1,1,0,1,5,1,1,15,3,3,0,0,0,1,1,0,6,9,5,3,2
2012.0,0.0,1.0,0.0,3,4,3,0,0,0,0,2,1,1,0,0,5,1,1,15,3,3,0,0,0,2,2,0,4,2,5,3,9
2012.0,-299.904,2.0,0.0,3,4,3,0,0,0,0,3,1,1,0,0,1,1,1,16,3,3,0,1,0,2,1,0,6,5,5,3,9
2012.0,-475.2,2.0,0.0,3,4,3,0,0,0,0,3,1,1,0,0,9,1,1,17,3,3,0,1,0,2,2,0,6,5,5,3,9
2012.0,-89.76,1.0,0.0,3,6,3,0,0,0,1,1,1,1,0,0,1,1,1,17,3,3,0,1,0,2,2,0,4,7,5,8,3
2012.0,4.752,0.0,0.0,3,7,3,0,0,0,1,5,1,1,0,1,7,1,1,18,3,3,0,1,0,2,2,0,4,0,5,9,3
2012.0,-249.744,1.0,0.0,3,1,4,0,0,0,0,5,1,1,0,1,2,1,1,18,3,3,0,1,0,2,1,0,0,2,5,3,9
2012.0,74.976,1.0,0.0,3,6,0,0,0,0,1,5,0,1,0,1,5,1,1,1,4,3,0,0,0,1,2,0,6,4,5,8,3
2012.0,459.888,0.0,0.0,3,6,3,0,0,0,0,2,1,1,0,0,2,1,1,8,4,3,0,1,0,2,1,0,6,7,5,8,3
2012.0,-20.064,0.0,0.0,3,5,3,0,0,0,0,2,1,1,0,0,2,1,1,8,4,3,0,1,0,1,1,0,4,5,5,8,1
2012.0,48.048,1.0,0.0,3,5,3,0,0,0,0,4,1,1,2,1,9,1,1,9,4,3,0,1,0,1,2,0,4,5,5,3,9
2012.0,249.744,0.0,0.0,3,8,3,0,0,0,2,1,1,1,1,1,2,1,1,11,4,3,0,0,0,0,1,0,0,0,5,6,1
2012.0,416.064,1.0,0.0,3,6,3,0,0,0,1,2,1,1,0,1,2,1,1,12,4,3,0,0,0,2,1,0,6,8,5,8,3
2012.0,0.0,0.0,0.0,3,4,3,0,0,0,0,5,1,1,0,0,2,1,1,13,4,3,0,0,0,2,1,0,4,2,5,3,9
2012.0,-649.968,1.0,0.0,2,1,3,0,0,0,0,5,1,1,0,0,2,1,1,16,4,3,0,1,0,1,1,0,0,0,0,9,9
2012.0,0.0,3.0,0.0,3,4,3,0,0,0,0,4,1,1,0,0,9,1,1,16,4,3,0,1,0,2,1,0,4,5,5,5,5
2012.0,-149.952,0.0,0.0,3,6,0,0,0,0,0,2,1,1,0,1,2,1,1,19,4,3,0,1,0,2,2,0,4,0,5,8,3
2012.0,0.0,1.0,0.0,3,1,0,0,0,0,1,2,1,1,2,1,9,1,1,19,4,3,0,1,0,2,2,0,4,2,5,3,9
2012.0,0.0,0.0,0.0,3,6,0,0,0,0,0,6,1,1,0,0,1,1,1,20,4,3,0,0,0,1,2,0,2,4,5,3,9
2012.0,42.24,0.0,0.0,3,6,3,1,0,0,0,9,1,1,0,1,9,1,1,9,5,3,1,1,0,1,2,0,6,5,5,3,3
2012.0,0.0,0.0,0.0,3,1,3,1,0,0,1,4,1,1,0,0,2,1,1,9,5,3,1,1,0,2,2,0,4,5,5,3,9
2012.0,0.0,0.0,0.0,3,1,3,1,0,0,0,2,1,1,0,0,9,1,1,12,5,3,1,0,0,1,1,0,4,0,5,3,9
2012.0,275.088,1.0,0.0,2,6,3,0,0,0,1,1,1,1,0,0,1,1,1,13,5,3,1,0,0,1,1,0,6,7,5,8,3
2012.0,-550.176,0.0,0.0,3,10,3,0,0,0,2,1,1,1,0,1,1,1,1,15,5,3,1,0,0,0,2,0,4,9,5,3,2
2012.0,397.056,0.0,0.0,3,6,3,1,0,0,1,2,1,1,0,0,2,1,1,15,5,3,1,0,0,1,2,0,6,5,5,8,3
2012.0,-229.152,0.0,0.0,3,1,3,0,0,0,1,2,1,1,0,1,5,1,1,16,5,3,1,1,0,1,0,0,6,9,5,3,3
2012.0,50.16,0.0,0.0,3,6,3,0,0,0,0,5,1,1,0,0,5,1,1,17,5,3,1,1,0,2,1,0,4,7,5,3,3
2012.0,0.0,1.0,0.0,1,1,0,0,0,0,1,7,1,1,0,0,1,1,1,23,5,3,1,0,0,2,0,0,2,2,5,3,9
2012.0,0.0,0.0,0.0,3,10,0,0,0,0,2,1,1,1,0,1,1,1,1,2,6,3,1,0,0,0,2,0,6,5,5,3,3
2012.0,123.024,0.0,0.0,3,9,0,0,0,0,2,1,1,1,0,0,9,1,1,2,6,3,1,0,0,0,2,0,4,5,5,9,1
2012.0,0.0,0.0,0.0,3,1,3,1,0,0,1,2,1,1,0,1,1,1,1,12,6,3,1,0,0,1,1,0,4,2,5,3,3
2012.0,0.0,3.0,0.0,2,4,0,3,4,0,1,5,1,1,0,1,1,1,1,19,6,3,1,1,1,2,2,0,6,5,5,3,9
2012.0,-149.952,0.0,0.0,3,6,0,0,0,0,2,5,1,1,0,1,5,1,1,19,6,3,1,1,0,0,1,0,6,8,5,8,3
2012.0,187.968,0.0,0.0,3,1,3,0,0,0,1,6,1,1,0,0,9,1,1,7,0,3,0,1,0,1,2,0,6,5,5,3,9
2012.0,0.0,0.0,0.0,3,1,3,0,0,0,0,5,1,1,0,1,1,1,1,10,0,3,0,0,0,2,2,0,4,5,5,3,9
2012.0,-462.0,0.0,0.0,3,1,3,1,0,0,0,4,1,1,0,1,2,1,1,12,0,3,0,0,0,1,1,0,6,5,5,3,9
2012.0,0.0,0.0,0.0,3,1,3,0,0,0,0,5,1,1,0,0,9,1,1,13,0,3,0,0,0,1,1,0,4,2,5,3,3
2012.0,-157.872,0.0,0.0,3,4,3,1,0,0,0,3,1,1,0,1,9,1,1,14,0,3,0,0,0,0,2,0,4,5,5,3,9
2012.0,61.776,1.0,0.0,3,10,3,0,0,0,0,9,1,1,0,1,9,1,1,15,0,3,0,0,0,1,1,0,6,0,5,3,2
2012.0,89.76,0.0,0.0,3,6,3,0,0,0,2,5,1,1,0,0,5,1,1,15,0,3,0,0,0,0,1,0,4,0,5,8,3
2012.0,-60.192,0.0,0.0,3,6,3,0,0,0,0,1,1,1,0,1,1,1,1,16,0,3,0,1,0,1,1,0,4,0,5,8,3
2012.0,-50.16,0.0,0.0,3,6,0,0,0,0,1,2,1,1,0,1,2,1,1,22,0,3,0,0,0,1,1,0,4,0,5,8,3
2012.0,-96.096,0.0,0.0,3,10,3,0,0,0,0,2,1,1,0,0,2,1,1,9,1,3,0,1,0,1,1,0,4,5,5,3,3
2012.0,0.0,0.0,0.0,3,4,3,0,0,0,1,2,1,1,0,0,9,1,1,13,1,3,0,0,0,0,2,0,2,5,5,3,9
2012.0,0.0,0.0,0.0,3,4,3,0,0,0,0,4,1,1,0,0,1,1,1,14,1,3,0,0,0,1,1,0,4,0,5,3,9
2012.0,268.224,0.0,0.0,3,1,3,0,0,0,1,9,1,1,0,1,9,1,1,15,1,3,0,0,0,1,2,0,0,4,5,3,9
2012.0,68.112,0.0,0.0,3,6,3,0,3,0,1,5,1,1,0,1,5,1,1,16,1,3,0,1,0,1,1,0,6,5,5,8,3
2012.0,12.144,0.0,0.0,3,4,3,0,0,0,0,2,1,1,0,1,5,1,1,16,1,3,0,1,0,1,1,0,4,4,5,8,9
2012.0,200.112,0.0,0.0,3,6,0,0,0,0,1,9,1,1,0,1,9,1,1,18,1,3,0,1,0,1,1,0,6,7,5,8,3
2012.0,-20.064,0.0,0.0,3,6,0,0,0,0,1,1,1,1,0,0,1,1,1,20,1,3,0,0,0,2,1,0,2,0,5,3,3
2012.0,0.0,0.0,0.0,3,4,3,0,0,0,1,2,1,1,0,1,5,1,1,6,2,3,0,0,0,1,1,0,4,2,5,3,9
2012.0,57.024,0.0,0.0,3,10,3,0,0,0,1,7,1,1,0,1,5,1,1,6,2,3,0,0,0,1,1,0,6,5,5,8,9
2012.0,-287.232,1.0,0.0,2,4,3,0,0,0,1,6,1,1,0,0,2,0,1,7,2,3,0,1,0,1,2,0,6,5,5,3,9
2012.0,-196.944,0.0,0.0,3,1,3,0,0,2,1,9,1,1,0,0,5,1,1,8,2,3,0,1,0,1,1,0,0,9,5,5,3
2012.0,351.12,1.0,0.0,3,6,3,0,0,0,1,5,1,1,0,1,5,1,1,8,2,3,0,1,0,2,2,0,6,7,5,8,3
2012.0,-305.184,0.0,0.0,3,6,3,0,0,0,0,9,1,1,1,1,9,1,1,12,2,3,0,0,0,2,1,0,6,0,5,6,3
2012.0,-44.88,2.0,0.0,3,6,3,0,0,0,1,4,1,1,0,1,4,1,1,13,2,3,0,0,0,2,1,0,6,0,5,8,3
2012.0,54.912,0.0,0.0,3,6,3,0,0,0,1,9,1,1,0,1,9,1,1,16,2,3,0,1,0,1,0,0,6,0,5,8,3
2012.0,330.0,1.0,0.0,3,6,3,0,0,0,0,9,1,1,0,0,9,1,1,16,2,3,0,1,0,1,1,0,6,7,5,8,3
2012.0,-244.992,1.0,0.0,3,5,3,0,0,0,1,7,1,1,0,0,5,1,1,17,2,3,0,1,0,1,2,0,6,5,5,3,9
2012.0,0.0,4.0,0.0,3,4,0,0,0,0,1,9,1,1,0,0,1,1,1,20,2,3,0,0,0,1,2,0,2,5,5,3,9
2012.0,74.976,0.0,0.0,3,6,0,0,0,0,1,9,0,1,0,0,9,1,1,20,2,3,0,0,0,2,1,0,4,7,5,8,2
2012.0,-449.856,2.0,0.0,2,3,0,0,0,0,1,9,0,1,0,1,1,1,1,20,2,3,0,0,0,2,2,0,6,9,5,3,3
2012.0,-319.968,0.0,0.0,3,6,0,0,0,0,0,5,1,1,0,1,5,1,1,22,2,3,0,0,0,1,1,0,6,0,5,8,3
2012.0,-325.248,0.0,0.0,3,1,3,0,0,0,0,1,1,1,0,1,1,1,1,7,3,3,0,1,0,1,2,0,6,5,5,3,6
2012.0,-119.856,0.0,0.0,3,6,3,0,0,0,0,5,1,1,0,1,5,1,1,8,3,3,0,1,0,2,1,0,1,0,5,8,3
2012.0,0.0,2.0,0.0,2,4,3,0,0,0,1,9,1,1,0,1,1,1,1,9,3,3,0,1,0,1,1,0,4,4,5,3,9
2012.0,0.0,1.0,0.0,3,1,3,0,0,0,0,5,1,1,0,0,9,1,1,9,3,3,0,1,0,1,1,0,2,2,5,3,3
2012.0,-264.0,0.0,0.0,3,6,3,0,0,0,0,2,1,1,0,0,2,1,1,9,3,3,0,1,0,1,1,0,4,8,5,8,3
2012.0,165.792,0.0,0.0,3,5,3,0,0,0,0,9,1,1,0,0,1,1,1,9,3,3,0,1,0,0,1,0,6,0,5,6,1
2012.0,0.0,0.0,0.0,3,1,3,0,0,0,0,9,1,1,0,1,9,1,1,12,3,3,0,0,0,1,1,0,4,4,5,3,9
2012.0,-73.92,0.0,0.0,3,6,3,0,0,0,0,2,1,1,0,0,2,1,1,12,3,3,0,0,0,2,1,0,4,0,5,8,3
2012.0,17.952,0.0,0.0,3,6,3,0,0,0,1,9,1,1,0,0,9,1,1,16,3,3,0,1,0,2,1,0,4,0,5,8,3
2012.0,61.776,0.0,0.0,3,6,3,0,0,0,0,5,1,1,0,1,5,1,1,16,3,3,0,1,0,2,1,0,4,0,5,8,3
2012.0,0.0,0.0,0.0,3,10,3,0,0,0,2,7,1,1,0,1,7,1,1,16,3,3,0,1,0,0,2,0,4,4,5,9,9
2012.0,-51.744,1.0,0.0,3,1,3,0,0,0,1,1,1,1,2,0,5,1,1,16,3,3,0,1,0,0,2,0,4,5,5,3,9
2012.0,0.0,0.0,0.0,3,4,3,0,0,0,2,3,1,1,0,1,9,1,1,16,3,3,0,1,0,0,1,0,4,5,5,3,9
2012.0,-132.0,0.0,0.0,3,6,3,0,0,0,1,1,1,1,0,0,1,1,1,17,3,3,0,1,0,1,1,0,2,0,5,8,3
2012.0,0.0,0.0,0.0,3,9,3,0,0,0,1,9,1,1,0,1,5,1,1,18,3,3,0,1,0,2,1,0,4,2,5,3,3
2012.0,16.896,1.0,0.0,3,6,3,0,0,0,0,5,0,1,0,0,5,1,1,8,4,3,0,1,0,1,1,0,2,0,5,8,3
2012.0,-51.216,1.0,0.0,3,1,3,0,0,2,0,9,1,1,0,1,2,1,1,13,4,3,0,0,0,1,0,0,4,5,5,9,3
2012.0,0.0,1.0,0.0,3,1,3,0,0,0,1,9,1,1,0,1,2,1,1,13,4,3,0,0,0,1,0,0,2,2,5,3,3
2012.0,127.248,2.0,0.0,2,6,3,0,0,0,0,1,1,1,0,1,1,1,1,14,4,3,0,0,0,0,2,0,6,7,5,5,3
2012.0,-59.136,0.0,0.0,3,10,3,0,0,0,1,5,1,1,0,0,5,1,1,15,4,3,0,0,0,1,1,0,2,9,5,3,2
2012.0,0.0,2.0,0.0,2,4,3,0,0,0,0,9,1,1,0,0,1,1,1,16,4,3,0,1,0,1,1,0,4,2,5,3,9
2012.0,-109.824,0.0,0.0,3,1,4,0,0,0,0,2,1,1,0,1,9,1,1,18,4,3,0,1,0,1,2,0,6,5,5,3,8
2012.0,125.136,0.0,0.0,3,6,3,0,0,0,0,9,1,1,0,0,9,1,1,18,4,3,0,1,0,2,2,0,6,7,5,8,3
2012.0,70.224,1.0,0.0,3,1,3,0,0,2,1,1,1,1,0,1,9,1,1,18,4,3,0,1,0,1,1,0,4,9,5,9,3
2012.0,244.992,3.0,0.0,3,6,0,0,0,0,1,9,1,1,0,1,9,1,1,19,4,3,0,1,0,2,1,0,6,7,5,8,3
2012.0,0.0,0.0,0.0,3,4,0,0,0,0,1,2,1,1,0,1,7,1,1,22,4,3,0,0,0,0,1,0,4,2,5,9,3
2012.0,0.0,0.0,0.0,3,4,0,0,0,0,1,5,1,1,0,1,9,1,1,23,4,3,0,0,0,0,2,0,3,2,5,9,3
2012.0,-299.904,0.0,0.0,3,6,3,0,0,0,0,9,1,1,0,1,9,1,1,10,5,3,1,0,0,1,1,0,6,7,5,3,3
2012.0,0.0,2.0,0.0,3,4,3,0,0,0,1,5,1,1,0,0,9,1,1,11,5,3,1,0,0,2,0,0,4,2,5,3,9
2012.0,0.0,0.0,0.0,3,4,3,0,0,0,0,5,1,1,0,1,1,1,1,12,5,3,1,0,0,1,1,0,4,2,5,9,3
2012.0,-71.808,0.0,0.0,3,6,3,0,0,0,2,1,1,1,0,0,1,1,1,15,5,3,1,0,0,0,2,0,2,2,5,8,3
2012.0,-60.192,0.0,0.0,3,6,0,0,0,0,1,2,1,1,0,0,2,1,1,23,5,3,1,0,0,2,1,0,4,0,5,3,3
2012.0,0.0,0.0,0.0,3,6,3,0,0,0,0,7,1,1,0,1,7,1,1,8,6,3,1,1,0,1,0,0,2,7,5,0,9
2012.0,0.0,1.0,0.0,1,1,3,0,0,0,1,9,1,1,0,0,5,1,1,12,6,3,1,0,0,2,1,0,2,2,5,3,3
2012.0,-68.112,0.0,0.0,3,6,3,1,0,0,0,2,1,1,0,1,2,1,1,13,6,3,1,0,0,2,1,0,3,0,5,8,3
2012.0,0.0,0.0,0.0,3,4,3,1,0,0,1,2,1,1,0,1,1,1,1,15,6,3,1,0,0,1,2,0,4,2,3,3,9
2012.0,44.88,1.0,0.0,2,6,3,0,0,0,1,1,0,1,0,0,1,1,1,18,6,3,1,1,0,1,1,0,4,8,5,8,3