Year,Distance,Totalinjuries,Totalfatalities,Injuryseverity,Collisionmanner,Lightcondition,Weather,SurfaceCondition,Unittype_One,Gender_Drv1,Traveldirection_One,AlcoholUse_Drv1,DrugUse_Drv1,Unittype_Two,Gender_Drv2,Traveldirection_Two,AlcoholUse_Drv2,DrugUse_Drv2,Hour,Weekday,Month,Weekend,Rush_Hour,Hazardous_Road,Age_Group_Drv1,Age_Group_Drv2,Substance_Use,Junction_Category,Violation_Category_Drv1,Violation_Category_Drv2,Unitaction_Category_Two,Unitaction_Category_One
2012.0,-14.256,0.0,0.0,3,6,0,0,0,0,1,2,1,1,0,1,2,1,1,19,6,3,1,1,0,2,2,0,2,7,5,8,3
2012.0,0.0,0.0,0.0,3,4,0,0,0,0,0,1,1,1,0,1,2,1,1,20,6,3,1,0,0,1,1,0,4,2,5,3,9
2012.0,-54.912,1.0,0.0,2,1,3,0,0,2,1,9,1,1,0,0,1,1,1,8,0,3,0,1,0,2,1,0,4,5,5,9,3
2012.0,60.192,0.0,0.0,3,6,3,0,0,0,0,5,1,1,0,0,5,1,1,12,0,3,0,0,0,2,2,0,2,7,5,8,8
2012.0,0.0,0.0,0.0,3,3,3,0,0,0,1,9,1,1,0,0,1,1,1,14,0,3,0,0,0,1,1,0,4,2,5,9,3
2012.0,50.16,0.0,0.0,3,6,3,0,0,0,1,5,1,1,0,1,5,1,1,15,0,3,0,0,0,1,1,0,4,8,5,8,3
2012.0,0.0,2.0,0.0,2,4,3,0,0,0,0,1,1,1,0,1,9,1,1,15,0,3,0,0,0,2,1,0,4,2,5,3,9
2012.0,-428.208,0.0,0.0,3,6,3,0,0,0,0,5,1,1,0,1,5,1,1,15,0,3,0,0,0,1,1,0,6,7,5,3,8
2012.0,-299.904,0.0,0.0,3,6,3,0,0,0,0,1,1,1,0,0,1,1,1,16,0,3,0,1,0,2,1,0,6,7,5,8,3
2012.0,-213.84,0.0,0.0,3,10,3,0,0,0,0,2,1,1,0,0,2,1,1,16,0,3,0,1,0,0,1,0,0,5,5,3,3
2012.0,-350.064,0.0,0.0,3,1,3,0,0,0,1,2,1,1,0,0,1,1,1,16,0,3,0,1,0,2,2,0,6,0,5,3,3
2012.0,0.0,1.0,0.0,3,4,4,0,0,0,0,5,1,1,0,0,1,1,1,18,0,3,0,1,0,2,1,0,2,4,5,3,9
2012.0,-33.792,1.0,0.0,1,1,0,0,0,3,1,9,0,0,0,0,5,1,1,22,0,3,0,0,0,1,2,0,4,2,5,3,7
2012.0,-449.856,0.0,0.0,3,6,3,0,0,0,0,2,1,1,0,1,2,1,1,7,1,3,0,1,0,2,0,0,6,0,5,8,3
2012.0,-70.224,0.0,0.0,3,6,3,0,0,0,0,2,1,1,0,1,2,1,1,13,1,3,0,0,0,2,2,0,2,0,5,8,3
2012.0,313.104,1.0,0.0,2,10,3,0,0,0,1,5,1,1,0,1,5,1,1,14,1,3,0,0,0,2,1,0,6,4,5,3,9
2012.0,440.88,1.0,0.0,2,1,3,0,0,2,1,5,1,1,0,1,1,1,1,16,1,3,0,1,0,2,2,0,0,2,5,3,3
2012.0,0.0,4.0,0.0,2,1,3,0,0,0,0,9,1,1,0,1,5,1,1,16,1,3,0,1,0,1,1,0,4,2,5,3,3
2012.0,30.096,0.0,0.0,3,6,3,0,0,0,1,9,1,1,0,1,9,1,1,16,1,3,0,1,0,1,1,0,4,5,5,8,8
2012.0,0.0,1.0,0.0,2,1,3,0,0,2,1,9,1,1,0,0,2,1,1,17,1,3,0,1,0,1,1,0,4,5,5,9,5
2012.0,0.0,1.0,0.0,2,4,3,0,0,0,0,5,1,1,0,1,9,1,1,18,1,3,0,1,0,0,1,0,4,2,4,9,3
2012.0,843.744,1.0,0.0,2,9,0,0,0,3,1,2,0,1,0,1,1,1,1,19,1,3,0,1,0,1,2,0,6,6,5,3,7
2012.0,30.096,0.0,0.0,3,6,0,0,0,0,0,5,1,1,0,1,5,1,1,20,1,3,0,0,0,2,1,0,4,7,5,8,3
2012.0,-528.0,0.0,0.0,3,7,0,0,0,0,2,8,1,1,1,1,8,1,1,20,1,3,0,0,0,0,2,0,6,7,5,6,5
2012.0,0.0,1.0,0.0,2,4,0,0,0,0,1,1,1,1,0,1,4,1,1,21,1,3,0,0,0,1,2,0,4,2,5,9,3
2012.0,0.0,1.0,0.0,1,1,0,0,0,0,0,9,1,1,0,1,2,1,1,5,2,3,0,0,0,2,1,0,4,2,5,3,9
2012.0,0.0,0.0,0.0,3,6,3,0,0,0,1,3,1,1,0,1,3,1,1,8,2,3,0,1,0,1,1,0,4,0,5,9,9
2012.0,-147.84,0.0,0.0,3,10,3,0,0,0,1,1,1,1,0,1,1,1,1,8,2,3,0,1,0,2,1,0,4,5,5,3,2
2012.0,-99.792,1.0,0.0,3,1,3,0,0,0,2,2,1,1,3,1,9,1,1,10,2,3,0,0,0,0,0,0,6,5,5,5,3
2012.0,0.0,0.0,0.0,3,4,3,0,0,0,1,3,1,1,0,1,5,1,1,10,2,3,0,0,0,1,1,0,4,5,5,3,9
2012.0,-88.176,0.0,0.0,3,6,3,0,0,0,0,2,1,1,0,1,2,1,1,11,2,3,0,0,0,2,1,0,4,0,5,8,3
2012.0,-74.976,0.0,0.0,3,6,3,0,0,0,0,2,1,1,0,1,2,1,1,14,2,3,0,0,0,2,1,0,2,7,5,8,3
2012.0,837.936,1.0,0.0,3,1,3,0,0,0,0,6,1,1,0,1,9,1,1,15,2,3,0,0,0,1,0,0,6,5,5,3,9
2012.0,-294.096,0.0,0.0,3,6,3,0,0,0,0,1,1,1,0,1,1,1,1,16,2,3,0,1,0,1,0,0,6,7,5,8,3
2012.0,-346.896,0.0,0.0,3,6,3,0,0,0,1,1,1,1,0,0,1,1,1,16,2,3,0,1,0,2,2,0,0,0,5,8,3
2012.0,0.0,0.0,0.0,3,1,3,0,0,0,0,3,1,1,0,1,2,1,1,17,2,3,0,1,0,2,1,0,4,5,5,3,9
2012.0,1182.192,0.0,0.0,3,6,3,0,0,0,1,5,1,1,0,0,5,1,1,17,2,3,0,1,0,1,1,0,6,0,5,8,3
2012.0,0.0,0.0,0.0,3,4,4,0,0,0,1,9,1,1,0,1,1,1,1,18,2,3,0,1,0,1,1,0,4,4,5,3,9
2012.0,356.928,0.0,0.0,3,6,3,0,0,0,1,9,1,1,0,0,9,1,1,8,3,3,0,1,0,2,2,0,6,7,5,8,3
2012.0,50.16,0.0,0.0,3,1,3,0,0,0,0,9,1,1,0,1,2,1,1,11,3,3,0,0,0,2,1,0,1,5,5,3,9
2012.0,0.0,0.0,0.0,3,1,3,0,0,0,1,9,1,1,0,0,2,1,1,11,3,3,0,0,0,0,1,0,4,2,5,3,3
2012.0,99.792,0.0,0.0,3,6,3,0,0,0,1,9,1,1,0,0,9,1,1,12,3,3,0,0,0,1,0,0,4,8,5,3,3
2012.0,78.144,0.0,0.0,3,4,3,0,0,0,0,3,1,1,0,1,4,1,1,12,3,3,0,0,0,1,0,0,4,5,5,9,9
2012.0,274.032,0.0,0.0,3,6,3,0,0,0,1,9,1,1,0,1,9,1,1,12,3,3,0,0,0,2,1,0,6,0,5,8,3
2012.0,-34.848,1.0,0.0,2,6,3,0,0,0,1,2,1,1,0,1,2,1,1,13,3,3,0,0,0,2,0,0,4,7,5,3,3
2012.0,-74.976,0.0,0.0,3,6,3,0,0,0,0,5,1,1,0,1,5,1,1,14,3,3,0,0,0,0,0,0,6,7,5,3,3
2012.0,42.24,0.0,0.0,3,6,3,0,0,0,1,5,1,1,0,1,5,1,1,15,3,3,0,0,0,1,1,0,2,5,5,5,5
2012.0,459.888,0.0,0.0,3,6,3,0,0,0,1,9,1,1,0,0,9,1,1,16,3,3,0,1,0,2,1,0,4,0,5,8,3
2012.0,299.904,0.0,0.0,3,9,0,0,0,0,1,5,1,1,0,1,5,1,1,20,3,3,0,0,0,1,2,0,6,9,5,3,2
2012.0,0.0,0.0,0.0,3,1,0,0,0,0,2,5,1,1,0,0,9,1,1,20,3,3,0,0,0,0,1,0,4,2,5,3,3
2012.0,-950.4,0.0,0.0,3,6,3,0,0,0,0,1,0,1,0,0,1,1,1,2,4,3,0,0,0,2,1,0,6,0,5,8,3
2012.0,-408.144,0.0,0.0,3,10,3,0,0,0,0,9,1,1,0,0,9,1,1,6,4,3,0,0,0,2,1,0,6,9,5,3,2
2012.0,0.0,4.0,0.0,3,4,3,0,0,0,1,7,1,1,0,1,1,1,1,11,4,3,0,0,0,1,1,0,4,5,5,3,9
2012.0,-200.112,0.0,0.0,3,6,3,0,0,0,1,1,1,1,0,1,1,1,1,11,4,3,0,0,0,1,1,0,4,0,5,8,3
2012.0,0.0,1.0,0.0,3,1,3,0,3,0,2,7,1,1,2,1,5,1,1,11,4,3,0,0,0,0,1,0,4,5,5,3,9
2012.0,-53.856,1.0,0.0,2,1,3,0,0,2,1,9,1,1,0,1,2,1,1,13,4,3,0,0,0,2,1,0,4,2,5,9,3
2012.0,-80.256,0.0,0.0,3,6,3,0,0,0,1,2,1,1,0,1,2,1,1,14,4,3,0,0,0,0,0,0,2,0,5,8,3
2012.0,-1102.992,0.0,0.0,3,1,3,0,0,0,0,2,1,1,0,0,1,1,1,14,4,3,0,0,0,2,2,0,0,5,5,3,9
2012.0,0.0,0.0,0.0,3,4,3,0,0,0,0,9,1,1,0,0,5,1,1,16,4,3,0,1,0,1,2,0,4,5,5,3,9
2012.0,-27.984,0.0,0.0,3,6,3,0,0,0,1,1,1,1,0,1,1,1,1,17,4,3,0,1,0,1,0,0,4,7,5,8,3
2012.0,-24.816,0.0,0.0,3,3,0,0,0,0,1,9,0,1,0,1,1,1,1,19,4,3,0,1,0,1,1,0,6,0,5,8,3
2012.0,99.792,0.0,0.0,3,3,1,0,0,0,1,9,1,1,3,1,1,0,1,20,4,3,0,0,0,1,1,0,6,2,5,3,9
2012.0,91.872,0.0,0.0,3,6,0,0,0,0,1,9,1,1,0,0,9,1,1,21,4,3,0,0,0,2,1,0,6,7,5,8,3
2012.0,174.24,0.0,0.0,3,10,0,0,0,0,2,5,1,1,0,1,5,1,1,2,5,3,1,0,0,0,1,0,6,9,5,3,2
2012.0,-34.848,0.0,0.0,3,6,3,0,0,0,1,5,1,1,0,1,5,1,1,9,5,3,1,1,0,1,1,0,4,0,5,8,3
2012.0,-44.88,0.0,0.0,3,6,3,0,0,0,1,5,1,1,0,1,2,1,1,11,5,3,1,0,0,2,1,0,4,0,5,8,1
2012.0,72.864,2.0,0.0,3,6,3,0,0,0,0,5,1,1,0,1,5,1,1,12,5,3,1,0,0,2,2,0,6,0,5,8,8
2012.0,0.0,1.0,0.0,2,1,3,0,0,2,1,7,1,1,0,0,7,1,1,12,5,3,1,0,0,2,2,0,4,9,5,9,3
2012.0,-30.096,0.0,0.0,3,6,3,0,0,0,1,2,1,1,0,1,2,1,1,12,5,3,1,0,0,1,2,0,6,0,5,8,3
2012.0,-267.168,0.0,0.0,3,4,3,0,0,0,0,5,1,1,0,1,2,1,1,13,5,3,1,0,0,2,2,0,4,2,5,3,9
2012.0,0.0,6.0,0.0,2,6,3,0,0,0,1,1,1,1,0,0,1,1,1,15,5,3,1,0,0,2,1,0,4,7,7,3,3
2012.0,-50.16,0.0,0.0,3,6,3,0,0,0,1,1,0,1,0,0,1,1,1,17,5,3,1,1,0,1,0,0,4,7,5,3,3
2012.0,0.0,1.0,0.0,2,1,4,0,0,0,1,9,1,1,0,0,3,1,1,18,5,3,1,1,0,1,2,0,4,9,5,9,3
2012.0,-1079.76,1.0,0.0,2,1,0,0,0,0,1,3,1,1,0,1,1,1,1,19,5,3,1,1,0,2,2,0,6,4,5,3,9
2012.0,149.952,0.0,0.0,3,12,0,0,0,0,2,8,1,1,1,1,8,1,1,20,5,3,1,0,0,0,1,0,6,5,5,6,5
2012.0,30.096,0.0,0.0,3,1,3,0,0,0,2,2,1,1,0,0,5,1,1,14,6,4,1,0,0,0,1,0,4,4,5,8,9
2012.0,-70.224,0.0,0.0,3,10,3,0,0,0,1,3,1,1,0,1,1,1,1,14,6,4,1,0,0,0,1,0,4,9,5,3,2
2012.0,-3.168,0.0,0.0,3,1,0,0,0,0,0,1,1,1,0,0,5,1,1,18,6,4,1,1,0,2,1,0,4,0,5,9,3
2012.0,299.904,0.0,0.0,3,4,3,0,0,0,0,2,1,1,0,0,1,1,1,18,6,4,1,1,0,2,2,0,6,5,5,3,9
2012.0,0.0,0.0,0.0,3,4,4,0,0,0,1,1,1,1,0,1,9,1,1,18,6,4,1,1,0,1,1,0,4,4,5,3,9
2012.0,-200.112,0.0,0.0,3,5,0,0,0,0,0,1,1,1,0,0,1,1,1,19,6,4,1,1,0,0,1,0,6,0,5,9,9
2012.0,406.032,1.0,0.0,3,6,3,0,0,0,0,5,1,1,1,1,5,1,1,6,0,4,0,0,0,2,1,0,6,7,5,6,3
2012.0,112.992,0.0,0.0,3,6,3,0,0,0,1,5,1,1,0,0,5,1,1,6,0,4,0,0,0,2,1,0,6,0,5,8,8
2012.0,0.0,1.0,0.0,3,1,3,0,0,0,0,4,1,1,0,0,5,1,1,8,0,4,0,1,0,1,0,0,4,5,5,3,9
2012.0,-87.12,0.0,0.0,3,6,3,0,0,0,1,2,1,1,0,1,2,1,1,8,0,4,0,1,0,1,1,0,4,0,5,8,8
2012.0,229.152,0.0,0.0,3,6,3,0,0,0,2,9,1,1,0,1,9,1,1,12,0,4,0,0,0,0,1,0,4,0,5,8,3
2012.0,-400.224,1.0,0.0,3,1,3,0,0,0,1,1,1,1,0,1,1,1,1,12,0,4,0,0,0,2,1,0,6,9,5,3,2
2012.0,-215.952,0.0,0.0,3,1,3,0,0,2,1,1,1,1,2,0,1,1,1,13,0,4,0,0,0,2,2,0,6,5,5,3,3
2012.0,-415.008,1.0,0.0,3,10,3,0,0,0,1,1,1,1,0,1,1,1,1,13,0,4,0,0,0,1,2,0,6,9,5,3,2
2012.0,-200.112,0.0,0.0,3,1,3,4,3,0,2,6,1,1,2,0,9,1,1,14,0,4,0,0,0,0,2,0,6,5,5,3,9
2012.0,-343.2,0.0,0.0,3,5,3,0,0,2,1,5,1,1,0,1,9,1,1,15,0,4,0,0,0,2,1,0,0,5,5,5,5
2012.0,-315.216,1.0,0.0,3,6,3,0,0,0,1,1,1,1,0,0,1,1,1,15,0,4,0,0,0,1,1,0,6,0,5,8,3
2012.0,0.0,0.0,0.0,3,4,3,0,0,0,0,4,1,1,0,0,5,1,1,17,0,4,0,1,0,2,2,0,2,4,5,3,9
2012.0,0.0,0.0,0.0,3,4,0,0,0,0,0,4,1,1,0,0,5,1,1,0,1,4,0,0,0,2,1,0,3,2,5,3,9
2012.0,-299.904,0.0,0.0,3,6,3,0,0,0,0,2,1,1,0,0,2,1,1,6,1,4,0,0,0,2,1,0,6,0,5,8,3
2012.0,410.256,0.0,0.0,3,10,3,0,0,0,1,1,1,1,0,1,1,1,1,6,1,4,0,0,0,1,1,0,4,9,5,3,2
2012.0,0.0,1.0,0.0,2,4,3,0,0,0,1,9,1,1,0,0,1,1,1,6,1,4,0,0,0,1,1,0,4,5,5,3,9
2012.0,496.848,0.0,0.0,3,6,3,0,0,0,0,1,1,1,0,1,1,1,1,6,1,4,0,0,0,1,1,0,6,0,5,8,3
2012.0,450.912,2.0,0.0,2,10,3,0,0,0,1,9,1,1,0,0,9,1,1,7,1,4,0,1,0,1,1,0,6,9,5,3,2
2012.0,365.904,0.0,0.0,3,10,3,0,0,0,0,9,1,1,0,0,9,1,1,7,1,4,0,1,0,2,1,0,4,9,5,3,2
2012.0,0.0,1.0,0.0,3,1,3,0,0,0,1,7,1,1,0,1,6,1,1,12,1,4,0,0,0,1,1,0,4,7,5,8,3
2012.0,-50.16,1.0,0.0,2,1,3,0,0,3,1,5,1,1,0,0,1,1,1,15,1,4,0,0,0,2,1,0,2,2,5,3,3
2012.0,0.0,0.0,0.0,3,6,3,0,0,0,0,2,1,1,0,1,2,1,1,17,1,4,0,1,0,1,1,0,4,5,5,8,1
2012.0,-296.208,2.0,0.0,3,6,3,0,0,0,1,5,1,1,0,1,5,1,1,18,1,4,0,1,0,1,1,0,6,7,5,8,3
2012.0,99.792,1.0,0.0,3,6,0,0,0,0,0,9,1,1,0,0,9,1,1,19,1,4,0,1,0,1,2,0,4,0,5,8,3
2012.0,0.0,0.0,0.0,3,4,0,0,0,0,0,1,1,1,0,1,2,1,1,20,1,4,0,0,0,2,1,0,2,5,5,9,3
2012.0,0.0,0.0,0.0,3,1,3,0,0,0,0,1,1,1,0,0,5,1,1,8,2,4,0,1,0,1,1,0,4,2,5,3,3
2012.0,-299.904,0.0,0.0,3,1,3,0,0,0,1,2,1,1,0,1,1,1,1,9,2,4,0,1,0,2,1,0,0,2,5,3,5
2012.0,-119.856,0.0,0.0,3,6,3,0,0,0,1,2,1,1,0,0,2,1,1,16,2,4,0,1,0,2,2,0,4,7,5,8,3
2012.0,792.0,1.0,0.0,3,6,3,0,0,0,0,1,1,1,0,0,1,1,1,16,2,4,0,1,0,2,1,0,6,8,5,8,3
2012.0,310.992,1.0,0.0,3,4,3,0,0,0,0,9,1,1,2,1,5,1,1,18,2,4,0,1,0,1,2,0,6,5,5,3,9
2012.0,-143.088,0.0,0.0,3,6,0,0,0,0,0,1,1,1,0,1,1,1,1,19,2,4,0,1,0,2,1,0,6,0,5,8,3
2012.0,40.128,0.0,0.0,3,1,3,0,0,0,0,5,1,1,0,1,1,1,1,8,3,4,0,1,0,1,1,0,4,2,5,3,9
2012.0,190.08,0.0,0.0,3,10,3,0,0,0,0,5,1,1,0,1,5,1,1,9,3,4,0,1,0,2,2,0,6,9,5,3,2
2012.0,114.048,1.0,0.0,3,6,3,0,0,0,0,5,1,1,0,0,5,1,1,10,3,4,0,0,0,2,1,0,4,0,5,8,3
2012.0,-70.224,0.0,0.0,3,6,3,0,0,0,0,2,1,1,0,1,2,1,1,12,3,4,0,0,0,2,1,0,4,0,5,8,3
2012.0,-231.264,2.0,0.0,2,1,3,0,0,0,0,4,1,1,0,0,1,1,1,12,3,4,0,0,0,2,1,0,6,5,5,3,5
2012.0,0.0,0.0,0.0,3,1,3,0,0,0,1,9,1,1,0,1,2,1,1,13,3,4,0,0,0,0,2,0,2,2,5,3,3
2012.0,159.984,1.0,0.0,3,1,3,0,0,0,0,8,1,1,0,0,8,1,1,14,3,4,0,0,0,2,0,0,6,5,5,3,5
2012.0,88.176,1.0,0.0,2,6,3,0,0,0,0,1,1,1,0,1,1,1,1,15,3,4,0,0,0,2,0,0,4,0,5,8,3
2012.0,0.0,1.0,0.0,3,6,3,0,0,0,0,9,1,1,0,0,9,1,1,15,3,4,0,0,0,1,2,0,4,0,5,8,3
2012.0,149.952,0.0,0.0,3,4,3,0,0,0,0,2,1,1,0,1,9,1,1,15,3,4,0,0,0,1,1,0,6,5,5,3,9
2012.0,0.0,0.0,0.0,3,1,3,0,0,0,0,1,1,1,0,1,5,1,1,16,3,4,0,1,0,0,1,0,4,7,5,2,9
2012.0,-80.256,0.0,0.0,3,6,3,0,0,0,0,2,1,1,0,1,2,1,1,16,3,4,0,1,0,2,1,0,4,0,5,8,3
2012.0,-230.208,1.0,0.0,3,1,3,0,0,0,2,2,1,1,0,1,2,1,1,17,3,4,0,1,0,0,1,0,6,9,5,3,2
2012.0,0.0,1.0,0.0,2,4,3,0,0,0,1,2,1,1,0,0,5,1,1,17,3,4,0,1,0,2,1,0,4,4,2,3,9
2012.0,0.0,2.0,0.0,3,4,3,0,0,0,1,7,1,1,0,1,1,0,1,17,3,4,0,1,0,1,2,0,4,5,5,3,9
2012.0,1320.0,0.0,0.0,3,1,4,0,0,0,1,1,1,1,0,0,5,1,1,17,3,4,0,1,0,1,2,0,6,2,5,3,9
2012.0,-19.008,0.0,0.0,3,6,3,0,0,0,1,1,1,1,0,0,1,1,1,18,3,4,0,1,0,1,1,0,2,7,5,3,3
2012.0,0.0,5.0,0.0,2,4,4,0,0,0,1,9,1,1,0,1,1,1,1,18,3,4,0,1,0,2,1,0,4,0,5,3,9
2012.0,-159.984,2.0,0.0,3,6,0,0,0,0,1,1,0,1,0,0,1,1,1,1,4,4,0,0,0,1,2,0,6,7,5,8,3
2012.0,0.0,1.0,0.0,2,4,3,0,0,0,1,5,1,1,0,1,2,1,1,9,4,4,0,1,0,1,0,0,4,0,5,3,9
2012.0,305.184,0.0,0.0,3,6,3,0,0,0,1,9,1,1,0,0,9,1,1,10,4,4,0,0,0,1,1,0,4,9,5,3,2
2012.0,530.112,1.0,0.0,2,6,3,0,0,0,1,1,1,1,0,1,1,1,1,13,4,4,0,0,0,1,1,0,6,7,5,8,3
2012.0,615.12,1.0,0.0,3,6,3,0,0,0,1,5,1,1,0,0,5,1,1,13,4,4,0,0,0,2,2,0,4,7,5,8,3
2012.0,-54.912,0.0,0.0,3,6,3,0,0,0,1,1,1,1,0,0,1,1,1,13,4,4,0,0,0,1,1,0,4,7,5,8,8
2012.0,-208.032,1.0,0.0,3,1,3,0,0,0,0,7,1,1,2,1,5,1,1,14,4,4,0,0,0,2,1,0,6,5,5,3,9
2012.0,-136.224,0.0,0.0,3,5,3,0,0,0,1,5,1,1,0,1,2,1,1,15,4,4,0,0,0,1,1,0,6,5,5,6,1
2012.0,33.792,1.0,0.0,2,3,3,0,0,0,1,9,1,1,2,1,5,1,1,17,4,4,0,1,0,2,2,0,2,0,9,3,9
2012.0,0.0,0.0,0.0,3,4,3,0,0,0,1,1,1,1,0,1,7,1,1,18,4,4,0,1,0,1,1,0,4,2,5,9,3
2012.0,96.096,0.0,0.0,3,6,0,0,0,0,1,2,0,1,0,1,2,1,1,19,4,4,0,1,0,1,1,0,6,7,5,8,3
2012.0,-470.976,4.0,0.0,2,6,0,0,0,0,1,9,1,1,0,1,8,1,1,22,4,4,0,0,0,1,2,0,6,5,5,6,3
2012.0,0.0,0.0,0.0,3,1,0,0,0,0,2,7,1,1,0,1,1,1,1,23,4,4,0,0,0,0,1,0,4,2,5,3,9
2012.0,0.0,0.0,0.0,3,4,3,0,0,0,1,1,1,1,0,1,7,1,1,15,5,4,1,0,0,1,2,0,4,2,5,9,3
2012.0,61.776,0.0,0.0,3,6,3,0,0,0,1,9,1,1,0,0,9,1,1,16,5,4,1,1,0,1,1,0,4,0,5,8,8
2012.0,-553.872,1.0,0.0,2,1,3,0,0,3,1,5,1,1,0,1,9,1,1,17,5,4,1,1,0,2,1,0,6,0,5,3,7
2012.0,109.824,0.0,0.0,3,6,3,0,0,0,2,9,1,1,0,1,9,1,1,17,5,4,1,1,0,0,2,0,4,7,5,8,3
2012.0,-14.256,1.0,0.0,3,5,3,0,0,2,1,1,1,1,0,0,5,1,1,18,5,4,1,1,0,1,0,0,4,9,5,3,3
2012.0,0.0,1.0,0.0,2,1,3,0,0,0,0,1,1,1,0,0,5,1,1,18,5,4,1,1,0,0,1,0,4,2,5,3,3
2012.0,0.0,0.0,0.0,3,6,0,0,0,0,2,9,1,1,0,0,9,1,1,20,5,4,1,0,0,0,1,0,2,8,5,8,3
2012.0,40.128,0.0,0.0,3,6,0,0,0,0,1,5,1,1,0,1,5,1,1,22,5,4,1,0,0,2,1,0,2,7,5,8,3
2012.0,-40.128,0.0,0.0,3,7,0,0,0,0,0,8,1,1,0,0,8,1,1,22,5,4,1,0,0,2,1,0,4,0,5,8,8
2012.0,129.888,0.0,0.0,3,6,0,0,0,0,1,9,1,1,0,1,9,1,1,22,5,4,1,0,0,1,1,0,4,0,5,3,3
2012.0,0.0,0.0,0.0,3,1,0,0,0,0,1,2,1,1,0,0,1,1,1,0,6,4,1,0,0,1,2,0,2,5,5,3,3
2012.0,213.84,0.0,0.0,3,10,0,0,0,0,0,5,1,1,0,0,5,1,1,1,6,4,1,0,0,2,1,0,6,5,5,3,9
2012.0,0.0,0.0,0.0,3,1,3,0,0,0,0,5,0,1,0,0,1,1,1,14,6,4,1,0,0,2,2,0,6,4,5,8,9
2012.0,-74.976,0.0,0.0,3,6,3,0,0,0,1,2,1,1,0,1,2,1,1,6,0,4,0,0,0,1,1,0,6,0,5,8,3
2012.0,-269.808,0.0,0.0,3,10,3,0,0,0,1,1,1,1,0,1,1,1,1,7,0,4,0,1,0,1,2,0,6,9,5,3,2
2012.0,0.0,2.0,0.0,2,1,3,0,0,0,0,5,1,1,0,1,9,1,1,7,0,4,0,1,0,1,1,0,4,2,5,3,3
2012.0,0.0,0.0,0.0,3,10,3,0,0,0,1,1,1,0,0,1,1,1,1,12,0,4,0,0,0,1,2,0,4,9,5,3,3
2012.0,0.0,1.0,0.0,3,1,3,0,0,0,1,5,1,1,0,1,1,1,1,12,0,4,0,0,0,0,0,0,4,2,5,3,3
2012.0,0.0,0.0,0.0,3,4,3,0,0,0,1,9,1,1,0,0,5,1,1,13,0,4,0,0,0,1,2,0,4,0,5,3,9
2012.0,-26.928,0.0,0.0,3,6,3,0,0,0,1,3,1,1,0,1,3,1,1,13,0,4,0,0,0,2,1,0,4,8,5,9,9
2012.0,0.0,0.0,0.0,3,1,3,0,0,0,1,1,1,0,0,0,2,1,1,13,0,4,0,0,0,2,1,0,2,2,5,9,3
2012.0,39.072,0.0,0.0,3,6,3,0,0,0,0,1,1,1,0,0,1,1,1,15,0,4,0,0,0,1,2,0,0,0,5,8,3
2012.0,0.0,0.0,0.0,3,10,3,0,0,0,0,1,1,1,0,1,1,1,1,16,0,4,0,1,0,1,1,0,6,9,5,3,2
2012.0,693.792,0.0,0.0,3,1,3,0,0,0,0,5,1,1,0,0,9,1,1,16,0,4,0,1,0,1,1,0,0,2,5,3,5
2012.0,-48.048,0.0,0.0,3,10,0,0,0,0,1,2,1,1,0,1,2,1,1,0,1,4,0,0,0,1,2,0,4,9,5,3,2
2012.0,649.968,0.0,0.0,3,6,3,0,0,0,1,9,1,1,0,1,9,1,1,7,1,4,0,1,0,1,1,0,6,7,5,8,3
2012.0,0.0,1.0,0.0,2,1,3,0,0,2,0,2,1,1,0,1,1,1,1,9,1,4,0,1,0,1,1,0,4,9,5,9,3
2012.0,-200.112,0.0,0.0,3,1,3,0,0,0,1,6,1,1,0,1,5,1,1,10,1,4,0,0,0,1,1,0,4,5,5,3,2
2012.0,0.0,0.0,0.0,3,4,3,0,0,0,1,6,1,1,0,1,2,1,1,12,1,4,0,0,0,1,1,0,2,0,5,3,9
2012.0,-299.904,0.0,0.0,3,10,3,0,0,0,0,1,1,1,0,1,1,1,1,15,1,4,0,0,0,2,2,0,6,9,5,3,2
2012.0,-427.152,1.0,0.0,2,1,3,0,0,0,1,4,1,1,0,0,1,1,1,15,1,4,0,0,0,2,1,0,0,0,5,3,9
2012.0,-244.992,2.0,0.0,3,10,3,0,0,0,1,1,1,1,0,0,1,1,1,17,1,4,0,1,0,2,1,0,4,9,5,3,2
2012.0,101.904,2.0,0.0,3,6,3,0,0,0,1,9,0,0,0,1,9,1,1,17,1,4,0,1,0,2,2,0,4,7,5,8,3
2012.0,-200.112,0.0,0.0,3,3,3,0,0,0,0,9,1,1,0,0,1,1,1,18,1,4,0,1,0,2,1,0,6,7,5,3,3
2012.0,-40.128,2.0,0.0,3,6,0,0,0,0,1,1,1,1,0,1,1,1,1,22,1,4,0,0,0,2,2,0,4,0,5,8,8
2012.0,-89.76,0.0,0.0,3,6,3,0,0,0,0,2,1,1,0,0,2,1,1,6,2,4,0,0,0,2,1,0,8,7,5,9,3
2012.0,-68.112,1.0,0.0,2,4,3,0,0,0,0,9,1,1,0,0,2,1,1,7,2,4,0,1,0,1,1,0,0,4,5,3,9