Year,Distance,Totalinjuries,Totalfatalities,Injuryseverity,Collisionmanner,Lightcondition,Weather,SurfaceCondition,Unittype_One,Gender_Drv1,Traveldirection_One,AlcoholUse_Drv1,DrugUse_Drv1,Unittype_Two,Gender_Drv2,Traveldirection_Two,AlcoholUse_Drv2,DrugUse_Drv2,Hour,Weekday,Month,Weekend,Rush_Hour,Hazardous_Road,Age_Group_Drv1,Age_Group_Drv2,Substance_Use,Junction_Category,Violation_Category_Drv1,Violation_Category_Drv2,Unitaction_Category_Two,Unitaction_Category_One
2012.0,-70.224,0.0,0.0,3,6,3,1,0,0,0,1,1,1,0,1,1,1,1,11,2,4,0,0,0,2,0,0,4,7,5,8,3
2012.0,85.008,0.0,0.0,3,6,3,0,0,0,1,5,1,1,0,1,5,1,1,12,2,4,0,0,0,0,1,0,4,7,5,8,8
2012.0,-330.0,1.0,0.0,2,1,3,0,3,2,1,2,1,1,0,1,1,1,1,13,2,4,0,0,0,2,1,0,0,9,5,9,3
2012.0,200.112,0.0,0.0,3,6,3,0,0,0,0,5,1,1,0,1,5,1,1,14,2,4,0,0,0,2,1,0,4,7,5,8,3
2012.0,-259.776,0.0,0.0,3,10,3,0,0,0,1,2,1,1,0,1,2,1,1,14,2,4,0,0,0,1,0,0,6,7,5,3,2
2012.0,-30.096,0.0,0.0,3,6,3,0,0,0,1,5,1,1,0,0,5,1,1,14,2,4,0,0,0,2,1,0,6,8,5,8,3
2012.0,0.0,0.0,0.0,3,10,3,0,0,0,1,5,1,1,0,1,5,1,1,15,2,4,0,0,0,1,2,0,6,9,5,3,2
2012.0,0.0,0.0,0.0,3,1,3,0,0,0,0,5,1,1,0,1,1,1,1,15,2,4,0,0,0,2,1,0,4,4,5,3,9
2012.0,-178.992,0.0,0.0,3,1,3,0,0,0,0,6,1,1,0,1,5,1,1,16,2,4,0,1,0,2,1,0,4,5,5,3,3
2012.0,83.952,0.0,0.0,3,6,3,0,0,0,1,5,1,1,0,0,5,1,1,16,2,4,0,1,0,2,2,0,4,7,5,8,3
2012.0,-54.912,1.0,0.0,3,6,3,0,0,0,1,2,1,1,0,0,2,1,1,17,2,4,0,1,0,2,1,0,2,7,5,8,3
2012.0,-67.056,0.0,0.0,3,6,4,0,0,0,0,5,1,1,0,1,5,1,1,18,2,4,0,1,0,2,1,0,6,7,5,8,3
2012.0,127.248,0.0,0.0,3,1,0,0,0,0,0,6,1,1,0,0,5,1,1,19,2,4,0,1,0,1,1,0,6,5,5,3,9
2012.0,0.0,0.0,0.0,3,1,3,0,0,2,1,1,1,1,0,0,5,1,1,8,3,4,0,1,0,2,2,0,4,9,5,9,3
2012.0,99.792,0.0,0.0,3,10,3,0,0,0,1,5,1,1,0,1,5,1,1,9,3,4,0,1,0,0,1,0,2,9,5,3,2
2012.0,105.072,0.0,0.0,3,6,3,0,0,0,0,9,1,1,0,1,9,1,1,9,3,4,0,1,0,2,1,0,4,0,5,8,3
2012.0,89.76,2.0,0.0,3,6,3,0,0,0,1,9,1,1,0,1,9,1,1,11,3,4,0,0,0,1,1,0,4,0,5,8,3
2012.0,155.232,0.0,0.0,3,6,3,0,0,0,1,2,1,1,0,1,2,1,1,13,3,4,0,0,0,1,0,0,4,0,5,8,3
2012.0,-184.8,1.0,0.0,2,4,3,0,0,0,0,1,1,1,0,0,5,1,1,14,3,4,0,0,0,1,1,0,0,5,5,3,9
2012.0,-93.984,0.0,0.0,3,6,3,0,0,0,0,1,1,1,0,0,1,1,1,16,3,4,0,1,0,0,1,0,4,0,5,8,3
2012.0,91.872,0.0,0.0,3,6,3,0,0,0,0,5,1,1,0,0,5,1,1,18,3,4,0,1,0,2,1,0,4,0,5,8,8
2012.0,249.744,0.0,0.0,3,6,3,0,0,0,1,9,1,1,0,0,9,1,1,7,4,4,0,1,0,1,1,0,6,7,5,8,3
2012.0,294.096,1.0,0.0,2,10,3,0,0,0,1,9,1,1,0,1,9,1,1,7,4,4,0,1,0,2,1,0,0,4,5,9,9
2012.0,-428.208,0.0,0.0,3,1,3,0,0,0,0,1,1,1,0,0,5,1,1,9,4,4,0,1,0,1,1,0,0,5,5,3,9
2012.0,0.0,0.0,0.0,3,4,3,0,0,0,0,4,1,1,0,0,1,1,1,11,4,4,0,0,0,1,2,0,4,5,5,3,9
2012.0,176.88,0.0,0.0,3,1,3,0,0,0,0,7,1,1,0,0,9,1,1,12,4,4,0,0,0,0,0,0,4,5,5,3,2
2012.0,0.0,0.0,0.0,3,1,3,0,0,0,1,1,1,1,2,1,2,1,1,12,4,4,0,0,0,2,2,0,4,5,5,3,3
2012.0,-53.856,0.0,0.0,3,6,3,0,0,0,1,1,1,1,0,1,1,1,1,13,4,4,0,0,0,2,1,0,4,0,5,8,9
2012.0,185.856,2.0,0.0,3,1,3,0,0,0,0,2,1,1,0,1,1,1,1,13,4,4,0,0,0,1,1,0,0,2,5,3,9
2012.0,25.872,1.0,0.0,3,1,3,0,0,3,0,9,1,1,0,1,2,1,1,15,4,4,0,0,0,2,1,0,4,5,5,3,5
2012.0,0.0,0.0,0.0,3,1,3,0,0,0,1,2,1,1,0,1,1,1,1,15,4,4,0,0,0,1,2,0,4,2,5,3,3
2012.0,-89.76,0.0,0.0,3,6,3,0,0,0,0,1,1,1,0,1,1,1,1,17,4,4,0,1,0,1,1,0,4,8,5,8,3
2012.0,-109.824,0.0,0.0,3,12,0,0,0,0,2,8,1,1,1,1,8,1,1,2,5,4,1,0,0,0,1,0,6,7,5,6,5
2012.0,40.128,0.0,0.0,3,6,0,0,0,0,2,5,1,1,0,1,5,1,1,21,5,4,1,0,0,0,2,0,4,7,5,8,3
2012.0,-99.792,0.0,0.0,3,10,0,4,3,0,1,5,1,1,0,0,5,1,1,2,6,4,1,0,0,1,1,0,6,5,5,6,5
2012.0,-76.032,0.0,0.0,3,6,3,0,0,0,1,2,1,1,0,1,2,1,1,12,6,4,1,0,0,2,0,0,4,7,5,8,8
2012.0,0.0,0.0,0.0,3,1,3,0,0,0,1,9,1,1,0,1,5,1,1,12,6,4,1,0,0,0,1,0,4,5,5,3,3
2012.0,200.112,2.0,0.0,3,10,3,0,0,0,1,9,1,1,0,1,9,1,1,17,6,4,1,1,0,1,1,0,6,5,5,3,2
2012.0,299.904,1.0,0.0,3,10,4,1,0,0,0,9,1,1,0,0,9,1,1,18,6,4,1,1,0,1,1,0,6,4,5,8,2
2012.0,20.064,0.0,0.0,3,6,0,0,0,0,0,9,1,1,0,0,9,1,1,20,6,4,1,0,0,2,1,0,4,0,5,8,3
2012.0,366.96,1.0,0.0,2,6,3,0,0,0,0,9,1,1,0,0,9,1,1,8,0,4,0,1,0,1,1,0,6,7,5,8,8
2012.0,-99.792,0.0,0.0,3,5,3,0,0,0,0,1,1,1,0,0,1,1,1,12,0,4,0,0,0,2,1,0,4,0,5,8,1
2012.0,162.096,0.0,0.0,3,1,3,0,0,0,0,5,1,1,0,0,9,1,1,14,0,4,0,0,0,1,0,0,6,0,5,3,9
2012.0,115.104,0.0,0.0,3,6,3,0,0,0,0,1,1,1,0,1,1,1,1,14,0,4,0,0,0,2,1,0,6,7,5,8,3
2012.0,-194.832,0.0,0.0,3,4,3,0,0,0,1,1,1,1,0,1,2,1,1,15,0,4,0,0,0,0,1,0,6,0,5,3,9
2012.0,-180.048,0.0,0.0,3,4,3,0,0,0,1,2,1,1,0,1,1,1,1,15,0,4,0,0,0,1,1,0,6,0,5,3,9
2012.0,220.176,0.0,0.0,3,6,3,0,0,0,1,1,1,1,0,1,1,1,1,15,0,4,0,0,0,1,1,0,6,0,5,8,8
2012.0,-206.976,1.0,0.0,3,1,3,0,0,0,0,2,1,1,0,1,1,1,1,16,0,4,0,1,0,1,1,0,6,0,5,3,1
2012.0,108.768,0.0,0.0,3,10,3,0,0,0,2,5,1,1,0,1,5,1,1,17,0,4,0,1,0,0,2,0,4,9,5,3,2
2012.0,-60.192,1.0,0.0,3,1,0,0,3,0,0,9,1,1,0,1,9,1,1,20,0,4,0,0,0,1,1,0,2,2,5,3,9
2012.0,48.048,1.0,0.0,3,1,3,0,0,2,0,5,1,1,0,0,9,1,1,7,1,4,0,1,0,2,1,0,4,5,5,9,3
2012.0,105.072,1.0,0.0,3,6,3,0,0,0,1,9,1,1,0,1,9,1,1,8,1,4,0,1,0,0,1,0,4,0,5,8,8
2012.0,99.264,0.0,0.0,3,4,3,0,0,0,1,9,1,1,0,0,9,1,1,11,1,4,0,0,0,0,2,0,4,4,5,3,9
2012.0,0.0,0.0,0.0,3,10,3,0,0,0,0,3,1,1,0,1,3,1,1,13,1,4,0,0,0,0,1,0,4,5,5,9,9
2012.0,0.0,2.0,0.0,2,4,3,0,0,0,0,1,1,1,0,0,9,1,1,14,1,4,0,0,0,1,1,0,4,0,5,3,9
2012.0,93.984,0.0,0.0,3,10,3,0,0,0,1,5,1,1,0,0,5,1,1,14,1,4,0,0,0,2,1,0,6,9,5,3,6
2012.0,73.92,0.0,0.0,3,6,3,0,0,0,0,9,1,1,0,1,9,1,1,16,1,4,0,1,0,1,1,0,4,0,5,8,3
2012.0,174.768,0.0,0.0,3,6,3,0,0,0,0,9,1,1,0,1,9,1,1,16,1,4,0,1,0,2,2,0,6,0,5,8,3
2012.0,0.0,0.0,0.0,3,4,3,0,0,0,1,5,1,1,0,1,1,1,1,17,1,4,0,1,0,2,1,0,4,0,5,3,9
2012.0,0.0,0.0,0.0,3,10,3,0,0,0,0,2,1,1,0,1,2,1,1,17,1,4,0,1,0,2,1,0,4,9,5,3,3
2012.0,-296.208,0.0,0.0,3,6,3,0,0,0,1,9,1,1,0,0,9,1,1,17,1,4,0,1,0,2,1,0,6,8,5,8,3
2012.0,92.928,1.0,0.0,3,6,3,0,0,0,1,9,1,1,0,0,9,1,1,17,1,4,0,1,0,0,2,0,2,7,5,8,3
2012.0,0.0,1.0,0.0,3,6,0,0,0,0,1,2,1,1,0,1,2,1,0,21,1,4,0,0,0,2,2,0,4,0,5,8,3
2012.0,204.864,1.0,0.0,3,6,3,0,0,0,0,2,1,1,0,0,2,1,1,7,2,4,0,1,0,2,1,0,6,7,5,8,3
2012.0,-60.192,0.0,0.0,3,6,3,0,0,0,0,2,1,1,0,1,2,1,1,7,2,4,0,1,0,1,1,0,4,7,5,8,3
2012.0,-200.112,0.0,0.0,3,6,3,0,0,0,0,2,1,1,0,0,2,1,1,7,2,4,0,1,0,2,1,0,6,7,5,8,3
2012.0,134.112,1.0,0.0,3,6,3,0,0,0,1,9,1,1,0,0,9,1,1,8,2,4,0,1,0,1,0,0,4,7,5,8,3
2012.0,0.0,1.0,0.0,3,1,3,0,0,0,0,4,1,1,0,0,1,1,1,11,2,4,0,0,0,1,1,0,4,5,5,3,9
2012.0,200.112,0.0,0.0,3,1,3,0,0,0,1,5,1,1,0,1,9,1,1,12,2,4,0,0,0,1,1,0,6,2,5,3,5
2012.0,153.12,1.0,0.0,3,6,3,0,0,0,0,9,1,1,0,0,9,1,1,15,2,4,0,0,0,2,1,0,6,7,5,8,8
2012.0,174.768,0.0,0.0,3,6,3,0,0,0,1,9,1,1,0,1,9,1,1,15,2,4,0,0,0,1,1,0,6,0,5,8,3
2012.0,294.096,0.0,0.0,3,4,3,0,0,0,0,9,1,1,0,1,2,1,1,17,2,4,0,1,0,1,1,0,6,4,5,3,9
2012.0,374.88,0.0,0.0,3,1,0,0,0,0,0,9,1,1,0,1,9,1,1,22,2,4,0,0,0,1,2,0,0,4,5,8,9
2012.0,99.792,1.0,0.0,2,10,0,0,0,0,1,5,1,1,0,0,5,1,1,22,2,4,0,0,0,1,2,0,2,9,5,3,2
2012.0,0.0,2.0,0.0,2,4,3,0,0,0,1,5,1,1,0,0,4,1,1,8,3,4,0,1,0,1,2,0,2,2,5,8,3
2012.0,0.0,0.0,0.0,3,4,3,0,0,0,0,4,1,1,0,1,5,1,1,12,3,4,0,0,0,1,1,0,4,5,5,3,9
2012.0,-53.856,0.0,0.0,3,6,3,0,0,0,1,1,1,1,0,1,1,1,1,14,3,4,0,0,0,1,1,0,4,0,5,8,3
2012.0,-384.912,0.0,0.0,3,6,3,0,0,0,0,1,1,1,0,1,1,1,1,14,3,4,0,0,0,2,1,0,6,7,5,8,3
2012.0,-50.16,0.0,0.0,3,6,3,0,0,0,1,1,1,1,0,1,1,1,1,15,3,4,0,0,0,1,0,0,4,0,5,8,3
2012.0,43.824,1.0,0.0,2,1,3,0,0,2,1,5,1,1,0,1,9,1,1,15,3,4,0,0,0,2,0,0,4,9,5,8,3
2012.0,-487.872,1.0,0.0,2,5,3,0,0,0,1,8,1,1,2,1,1,1,1,16,3,4,0,1,0,1,1,0,6,5,5,3,9
2012.0,70.224,1.0,0.0,3,6,3,0,0,0,0,5,1,1,0,1,5,1,1,16,3,4,0,1,0,1,2,0,4,7,5,8,3
2012.0,264.0,0.0,0.0,3,3,3,0,0,0,1,5,1,1,0,1,2,1,1,18,3,4,0,1,0,0,2,0,0,5,5,3,8
2012.0,0.0,1.0,0.0,3,4,3,0,0,0,1,5,1,1,0,0,2,1,1,18,3,4,0,1,0,2,1,0,4,4,5,3,9
2012.0,38.016,1.0,0.0,2,1,0,0,0,2,1,1,1,1,0,1,5,1,1,19,3,4,0,1,0,2,1,0,4,9,0,9,3
2012.0,0.0,0.0,0.0,3,6,3,0,0,0,0,5,1,1,0,0,5,1,1,7,4,4,0,1,0,1,1,0,2,7,5,8,8
2012.0,119.856,0.0,0.0,3,6,3,0,0,0,1,7,1,1,0,1,9,1,1,11,4,4,0,0,0,1,2,0,4,2,5,8,9
2012.0,-119.856,0.0,0.0,3,10,3,0,0,0,0,1,1,1,0,1,1,1,1,11,4,4,0,0,0,0,1,0,4,9,5,3,2
2012.0,0.0,0.0,0.0,3,6,3,0,0,0,1,9,1,1,0,1,9,1,1,11,4,4,0,0,0,2,2,0,4,0,5,8,3
2012.0,-64.944,0.0,0.0,3,6,3,0,0,0,1,1,1,1,0,1,1,1,1,13,4,4,0,0,0,1,1,0,4,7,5,8,3
2012.0,-67.056,1.0,0.0,3,6,3,4,0,0,1,1,1,1,0,1,1,1,1,15,4,4,0,0,0,0,2,0,6,8,5,8,3
2012.0,0.0,0.0,0.0,3,1,3,0,0,0,0,9,1,1,0,1,5,1,1,16,4,4,0,1,0,1,2,0,4,2,5,3,3
2012.0,10.032,0.0,0.0,3,5,3,0,0,0,2,9,1,1,0,1,9,1,1,16,4,4,0,1,0,0,1,0,4,5,5,8,1
2012.0,70.224,0.0,0.0,3,6,3,0,0,0,1,9,1,1,0,1,9,1,1,17,4,4,0,1,0,2,2,0,2,8,5,8,3
2012.0,-599.808,0.0,0.0,3,1,3,0,0,0,1,1,1,1,0,1,3,1,1,17,4,4,0,1,0,0,1,0,0,4,5,9,2
2012.0,-93.984,2.0,0.0,2,6,3,0,0,0,0,1,1,1,0,1,1,1,1,18,4,4,0,1,0,1,2,0,4,0,5,8,8
2012.0,70.224,0.0,0.0,3,10,0,0,0,0,2,5,1,1,0,1,5,1,1,19,4,4,0,1,0,0,2,0,4,9,5,8,2
2012.0,-249.744,1.0,0.0,2,6,1,0,0,0,1,2,1,1,2,0,2,1,1,20,4,4,0,0,0,2,2,0,1,0,1,5,3
2012.0,50.16,0.0,0.0,3,6,0,0,0,0,0,5,1,1,0,0,5,1,1,21,4,4,0,0,0,1,2,0,4,7,5,8,3
2012.0,-17.952,0.0,0.0,3,6,3,0,0,0,0,2,1,1,0,1,2,1,1,9,5,4,1,1,0,0,1,0,2,7,5,3,3
2012.0,299.904,0.0,0.0,3,10,3,0,0,0,0,1,1,1,0,0,1,1,1,11,5,4,1,0,0,2,0,0,6,9,5,3,3
2012.0,-115.104,0.0,0.0,3,6,3,0,0,0,1,9,1,1,0,0,9,1,1,12,5,4,1,0,0,1,1,0,4,5,7,3,9
2012.0,-45.936,0.0,0.0,3,6,3,0,0,0,0,2,1,1,0,1,2,1,1,13,5,4,1,0,0,1,1,0,4,7,5,8,3
2012.0,-98.208,0.0,0.0,3,6,3,0,0,0,1,2,1,1,0,1,2,1,1,13,5,4,1,0,0,1,2,0,4,7,7,3,3
2012.0,-149.952,0.0,0.0,3,6,3,0,0,0,1,5,1,1,0,0,5,1,1,15,5,4,1,0,0,2,2,0,6,0,5,3,3
2012.0,-146.256,0.0,0.0,3,6,3,0,0,0,0,5,1,1,0,0,5,1,1,18,5,4,1,1,0,1,1,0,6,7,5,8,3
2012.0,106.128,0.0,0.0,3,5,0,0,0,0,0,5,0,1,0,0,5,1,1,23,5,4,1,0,0,2,1,0,2,0,5,8,1
2012.0,0.0,0.0,0.0,3,1,3,0,0,0,1,2,1,1,0,1,5,1,1,7,6,4,1,1,0,2,1,0,2,2,5,9,3
2012.0,74.976,0.0,0.0,3,10,3,0,0,0,1,5,1,1,0,1,5,1,1,16,6,4,1,1,0,2,0,0,4,9,5,3,2
2012.0,119.856,0.0,0.0,3,6,0,0,0,0,1,9,1,1,0,1,9,1,1,21,6,4,1,0,0,2,1,0,4,0,5,8,1
2012.0,299.904,0.0,0.0,3,10,0,0,0,0,0,1,1,1,0,1,1,1,1,1,0,4,0,0,0,1,1,0,6,9,5,3,2
2012.0,224.928,0.0,0.0,3,1,3,0,0,0,0,4,1,1,0,1,1,1,1,7,0,4,0,1,0,1,1,0,6,2,5,3,9
2012.0,-180.048,1.0,0.0,2,6,3,0,0,0,0,9,1,1,0,0,9,1,1,7,0,4,0,1,0,1,1,0,6,0,5,8,3
2012.0,0.0,0.0,0.0,3,4,3,0,0,0,1,2,1,1,0,0,1,1,1,16,0,4,0,1,0,1,1,0,2,2,5,9,3
2012.0,24.816,1.0,0.0,3,6,3,0,0,0,0,9,1,1,0,0,9,1,1,17,0,4,0,1,0,1,1,0,4,0,5,8,3
2012.0,0.0,0.0,0.0,3,1,0,0,0,0,0,1,1,1,0,1,5,1,1,20,0,4,0,0,0,2,1,0,4,2,5,3,3
2012.0,-649.968,0.0,0.0,3,12,3,4,3,0,1,8,1,1,0,0,8,1,1,8,1,4,0,1,0,2,2,0,6,5,5,5,5
2012.0,-299.904,0.0,0.0,3,6,3,0,0,0,0,2,1,1,0,0,2,1,1,8,1,4,0,1,0,2,1,0,6,5,5,3,3
2012.0,70.752,0.0,0.0,3,6,3,0,0,0,1,9,1,1,0,1,9,1,1,11,1,4,0,0,0,2,1,0,4,7,5,8,3
2012.0,229.152,1.0,0.0,2,1,3,0,0,2,0,1,1,1,0,1,5,1,1,11,1,4,0,0,0,2,0,0,0,9,5,9,3
2012.0,58.08,0.0,0.0,3,6,3,0,0,0,1,1,1,1,0,0,1,1,1,12,1,4,0,0,0,2,1,0,4,7,5,8,3
2012.0,-528.0,0.0,0.0,3,6,3,0,0,0,0,1,1,1,0,1,1,1,1,17,1,4,0,1,0,2,1,0,6,7,5,8,3
2012.0,-115.104,0.0,0.0,3,6,3,0,0,0,0,1,1,1,0,1,1,1,1,17,1,4,0,1,0,1,1,0,4,7,5,8,3
2012.0,0.0,0.0,0.0,3,1,0,0,0,0,1,7,1,1,0,1,9,1,1,21,1,4,0,0,0,2,2,0,2,0,5,9,9
2012.0,76.032,0.0,0.0,3,8,0,0,0,0,2,5,1,1,1,1,1,1,1,23,1,4,0,0,0,0,2,0,6,5,5,6,1
2012.0,0.0,1.0,0.0,3,1,0,0,0,0,0,9,1,1,0,1,2,1,1,23,1,4,0,0,0,1,2,0,4,2,5,9,3
2012.0,0.0,0.0,0.0,3,1,0,0,0,0,2,5,1,1,0,1,2,1,1,3,2,4,0,0,0,0,1,0,4,5,5,3,9
2012.0,449.856,0.0,0.0,3,8,2,1,0,0,1,2,1,1,1,1,9,1,1,6,2,4,0,0,0,2,1,0,0,7,5,6,1
2012.0,370.128,2.0,0.0,3,4,3,1,0,0,0,5,1,1,0,1,9,1,1,7,2,4,0,1,0,1,1,0,0,2,5,3,9
2012.0,0.0,1.0,0.0,3,4,3,0,0,0,1,9,1,1,0,0,2,1,1,8,2,4,0,1,0,1,2,0,4,0,5,3,9
2012.0,0.0,2.0,0.0,2,1,3,0,0,0,0,2,1,1,0,1,9,1,1,15,2,4,0,0,0,2,1,0,4,0,5,9,3
2012.0,-24.816,0.0,0.0,3,6,3,0,0,0,1,2,1,1,0,1,2,1,1,17,2,4,0,1,0,1,2,0,4,0,5,8,3
2012.0,-619.872,0.0,0.0,3,10,3,0,0,0,0,1,1,1,0,0,1,1,1,17,2,4,0,1,0,1,1,0,6,9,5,3,2
2012.0,95.04,0.0,0.0,3,6,4,0,0,0,0,9,1,1,0,1,9,1,1,19,2,4,0,1,0,2,1,0,2,7,5,8,3
2012.0,35.904,0.0,0.0,3,9,0,0,0,0,1,2,1,1,0,0,5,1,1,19,2,4,0,1,0,1,1,0,6,0,5,8,1
2012.0,249.744,1.0,0.0,3,1,2,4,3,0,0,9,1,1,2,0,2,1,1,6,3,4,0,0,0,0,1,0,0,7,5,3,3
2012.0,0.0,1.0,0.0,2,1,3,1,0,0,1,9,1,1,0,1,2,1,1,7,3,4,0,1,0,1,1,0,4,2,5,3,3
2012.0,80.256,0.0,0.0,3,6,3,0,0,0,0,9,1,1,0,1,9,1,1,12,3,4,0,0,0,0,2,0,4,7,5,8,3
2012.0,-63.888,0.0,0.0,3,6,3,0,0,0,1,2,1,1,0,1,2,1,1,15,3,4,0,0,0,2,1,0,4,7,5,8,3
2012.0,127.776,0.0,0.0,3,6,3,0,0,0,1,5,1,1,0,0,5,1,1,17,3,4,0,1,0,1,1,0,2,8,5,8,3
2012.0,-265.056,0.0,0.0,3,6,3,0,0,0,0,1,1,1,0,0,1,1,1,17,3,4,0,1,0,2,2,0,6,7,5,8,3
2012.0,98.208,2.0,0.0,3,6,3,0,0,0,1,5,1,1,0,0,5,1,1,18,3,4,0,1,0,1,0,0,4,7,5,8,3
2012.0,0.0,0.0,0.0,3,1,0,0,0,0,1,1,1,1,0,1,5,1,1,19,3,4,0,1,0,1,0,0,4,4,5,3,9
2012.0,0.0,1.0,0.0,2,4,0,0,0,0,1,2,1,1,2,1,5,1,1,20,3,4,0,0,0,1,2,0,4,4,5,3,9
2012.0,0.0,0.0,0.0,3,4,0,0,0,0,0,2,1,1,0,0,9,1,1,23,3,4,0,0,0,2,2,0,4,5,5,3,9
2012.0,-234.96,0.0,0.0,3,10,3,0,0,0,0,5,1,1,0,0,5,1,1,7,4,4,0,1,0,1,1,0,6,9,5,9,3
2012.0,0.0,1.0,0.0,3,4,3,0,0,0,1,5,1,1,0,1,4,1,1,8,4,4,0,1,0,1,1,0,2,2,5,9,3
2012.0,255.024,0.0,0.0,3,6,3,0,0,0,0,9,1,1,0,1,9,1,1,8,4,4,0,1,0,1,1,0,4,7,5,8,3
2012.0,-61.248,0.0,0.0,3,6,3,0,0,0,1,2,1,1,0,1,2,1,1,11,4,4,0,0,0,0,0,0,4,0,5,9,3
2012.0,87.12,0.0,0.0,3,6,3,0,0,0,0,5,1,1,0,1,5,1,1,11,4,4,0,0,0,1,1,0,4,8,5,8,3
2012.0,149.952,2.0,0.0,3,6,3,0,0,0,0,2,1,1,0,1,2,1,1,12,4,4,0,0,0,1,0,0,6,8,5,8,3
2012.0,0.0,2.0,0.0,1,4,3,0,0,0,0,5,1,1,0,0,2,1,1,13,4,4,0,0,0,0,1,0,4,4,5,3,9
2012.0,-127.248,2.0,0.0,3,6,3,0,0,0,1,2,1,1,0,0,2,1,1,17,4,4,0,1,0,2,1,0,4,7,5,8,3
2012.0,-155.76,1.0,0.0,3,4,3,0,0,0,0,2,1,1,0,0,1,1,1,17,4,4,0,1,0,2,0,0,0,5,5,3,9
2012.0,149.952,0.0,0.0,3,10,3,0,0,0,2,5,1,1,0,0,5,1,1,18,4,4,0,1,0,0,2,0,6,5,5,3,2
2012.0,99.792,1.0,0.0,2,4,4,0,0,2,1,9,1,1,0,0,2,1,1,19,4,4,0,1,0,1,2,0,4,9,5,9,3
2012.0,0.0,0.0,0.0,3,4,0,0,0,0,1,2,1,1,0,0,5,1,1,19,4,4,0,1,0,1,0,0,2,2,5,3,9
2012.0,-129.888,0.0,0.0,3,6,0,0,0,0,0,2,1,1,0,0,2,1,1,21,4,4,0,0,0,1,2,0,6,0,5,8,3
2012.0,528.0,0.0,0.0,3,6,0,0,0,0,1,5,1,1,0,0,5,1,1,0,5,4,1,0,0,1,2,0,1,7,5,8,8
2012.0,221.76,1.0,0.0,2,6,3,0,0,0,0,5,1,1,0,1,5,1,1,9,5,4,1,1,0,2,2,0,6,7,5,8,3
2012.0,-108.24,0.0,0.0,3,6,3,0,0,0,0,1,1,1,0,0,1,1,1,11,5,4,1,0,0,1,1,0,4,0,5,8,3
2012.0,60.192,0.0,0.0,3,10,3,0,0,0,0,2,1,1,0,0,2,1,1,14,5,4,1,0,0,1,0,0,6,0,5,3,2
2012.0,99.792,0.0,0.0,3,1,3,0,0,0,1,9,1,1,0,1,2,1,1,15,5,4,1,0,0,1,2,0,0,2,5,3,9
2012.0,0.0,1.0,0.0,3,4,3,0,0,0,1,9,1,1,0,0,1,1,1,16,5,4,1,1,0,2,2,0,4,2,5,9,3
2012.0,170.016,0.0,0.0,3,3,3,0,0,0,1,9,1,1,0,1,1,1,1,17,5,4,1,1,0,1,0,0,6,9,5,3,0
2012.0,70.224,0.0,0.0,3,6,0,0,0,0,0,9,1,1,0,1,9,1,1,21,5,4,1,0,0,1,1,0,4,0,5,8,3
2012.0,799.92,0.0,0.0,3,6,0,0,0,0,0,5,1,1,0,1,5,1,1,21,5,4,1,0,0,2,1,0,1,0,5,3,3
2012.0,0.0,2.0,0.0,2,4,3,0,0,0,1,3,1,1,0,1,9,1,1,13,6,4,1,0,0,0,1,0,4,0,5,3,9
2012.0,69.168,0.0,0.0,3,6,3,0,0,0,0,9,1,1,0,0,9,1,1,13,6,4,1,0,0,0,1,0,4,8,5,8,3
2012.0,93.984,0.0,0.0,3,10,3,0,0,0,0,5,1,1,0,1,5,1,1,14,6,4,1,0,0,0,2,0,4,9,5,3,2
2012.0,-500.016,0.0,0.0,3,6,3,0,0,0,0,1,1,1,0,0,1,1,1,15,6,4,1,0,0,1,1,0,6,7,5,8,3
2012.0,-23.232,0.0,0.0,3,6,3,0,0,0,0,1,1,1,0,0,1,1,1,16,6,4,1,1,0,2,0,0,4,7,5,8,3
2012.0,-51.216,0.0,0.0,3,1,3,0,0,0,0,5,0,1,1,1,8,1,1,17,6,4,1,1,0,1,1,0,6,9,5,6,9
2012.0,1056.0,0.0,0.0,3,5,3,0,0,0,1,5,1,1,1,1,8,1,1,17,6,4,1,1,0,2,1,0,6,9,5,6,3
2012.0,-400.224,0.0,0.0,3,10,0,0,0,0,0,1,1,1,0,0,1,1,1,23,6,4,1,0,0,1,2,0,6,0,5,3,2
2012.0,768.768,1.0,0.0,3,1,3,0,0,2,1,1,1,1,0,1,5,1,1,7,0,4,0,1,0,1,1,0,6,5,5,5,5
2012.0,-64.944,0.0,0.0,3,10,3,0,0,0,1,6,1,1,0,0,1,1,1,7,0,4,0,1,0,0,1,0,6,5,5,8,9
2012.0,153.12,0.0,0.0,3,10,3,0,0,0,0,1,1,1,0,0,1,1,1,10,0,4,0,0,0,2,1,0,6,9,5,3,2
2012.0,70.752,0.0,0.0,3,6,3,0,0,0,1,9,1,1,0,0,9,1,1,12,0,4,0,0,0,0,2,0,4,7,5,8,3