Year,Distance,Totalinjuries,Totalfatalities,Injuryseverity,Collisionmanner,Lightcondition,Weather,SurfaceCondition,Unittype_One,Gender_Drv1,Traveldirection_One,AlcoholUse_Drv1,DrugUse_Drv1,Unittype_Two,Gender_Drv2,Traveldirection_Two,AlcoholUse_Drv2,DrugUse_Drv2,Hour,Weekday,Month,Weekend,Rush_Hour,Hazardous_Road,Age_Group_Drv1,Age_Group_Drv2,Substance_Use,Junction_Category,Violation_Category_Drv1,Violation_Category_Drv2,Unitaction_Category_Two,Unitaction_Category_One
2012.0,0.0,1.0,0.0,3,4,3,0,0,0,0,1,1,1,0,0,5,1,1,14,0,4,0,0,0,1,1,0,2,4,5,3,9
2012.0,-85.008,0.0,0.0,3,10,3,0,0,0,1,1,1,1,0,0,1,1,1,14,0,4,0,0,0,1,1,0,6,5,5,3,5
2012.0,44.88,0.0,0.0,3,12,0,4,3,0,2,8,1,1,1,1,1,1,1,16,0,4,0,1,0,0,1,0,6,5,5,6,5
2012.0,-119.856,0.0,0.0,3,6,3,0,0,0,1,1,1,1,0,0,1,1,1,16,0,4,0,1,0,1,2,0,6,7,5,8,3
2012.0,448.8,0.0,0.0,3,6,3,0,0,0,0,5,1,1,0,0,5,1,1,17,0,4,0,1,0,2,2,0,6,0,5,8,3
2012.0,-279.84,0.0,0.0,3,6,3,0,0,0,1,1,1,1,0,1,1,1,1,17,0,4,0,1,0,2,1,0,6,0,5,8,3
2012.0,-528.0,0.0,0.0,3,6,3,0,0,0,0,1,1,1,0,0,1,1,1,18,0,4,0,1,0,0,1,0,6,0,5,8,3
2012.0,-95.04,0.0,0.0,3,10,3,0,0,0,1,1,1,1,0,1,1,1,1,7,1,5,0,1,0,0,1,0,6,5,5,5,5
2012.0,108.768,0.0,0.0,3,8,3,0,0,0,0,5,1,1,1,1,1,1,1,8,1,5,0,1,0,1,1,0,4,5,5,6,1
2012.0,0.0,2.0,0.0,3,1,3,0,0,0,0,3,1,1,0,0,1,1,1,8,1,5,0,1,0,0,1,0,2,5,5,3,9
2012.0,0.0,0.0,0.0,3,6,3,4,3,0,0,2,1,1,0,0,2,1,1,8,1,5,0,1,0,2,1,0,2,7,5,8,3
2012.0,53.856,3.0,0.0,3,6,3,0,0,0,0,5,1,1,0,0,5,1,1,12,1,5,0,0,0,1,2,0,4,8,5,8,3
2012.0,0.0,0.0,0.0,3,1,3,0,0,0,1,3,1,1,0,0,5,1,1,13,1,5,0,0,0,0,2,0,4,5,5,3,9
2012.0,0.0,0.0,0.0,3,1,3,0,0,0,1,5,1,1,0,1,6,1,1,14,1,5,0,0,0,0,1,0,4,2,5,9,3
2012.0,259.776,0.0,0.0,3,1,3,0,0,0,0,6,1,1,0,0,9,1,1,15,1,5,0,0,0,1,1,0,6,5,5,3,5
2012.0,99.792,1.0,0.0,3,6,3,0,0,0,1,1,1,1,0,1,1,1,1,16,1,5,0,1,0,1,1,0,6,7,5,3,2
2012.0,23.76,0.0,0.0,3,6,3,0,0,0,1,9,1,0,0,0,9,1,1,17,1,5,0,1,0,1,2,0,4,5,5,8,3
2012.0,-77.088,0.0,0.0,3,1,3,0,0,0,0,1,1,1,0,1,1,1,1,17,1,5,0,1,0,1,1,0,6,5,5,3,2
2012.0,109.824,0.0,0.0,3,6,3,0,0,0,1,5,1,1,0,1,5,1,1,18,1,5,0,1,0,2,1,0,4,7,5,8,3
2012.0,157.872,0.0,0.0,3,1,0,0,0,0,1,1,1,1,0,0,5,1,1,20,1,5,0,0,0,2,0,0,6,2,5,3,9
2012.0,227.04,1.0,0.0,2,1,3,0,0,0,0,2,1,1,0,0,1,1,1,6,2,5,0,0,0,1,1,0,0,5,5,3,9
2012.0,-425.04,1.0,0.0,2,4,3,0,0,0,0,2,1,1,0,1,5,1,1,7,2,5,0,1,0,0,1,0,6,2,5,3,9
2012.0,265.056,0.0,0.0,3,6,3,0,0,0,0,9,1,1,0,0,9,1,1,8,2,5,0,1,0,1,2,0,6,5,5,8,1
2012.0,266.112,1.0,0.0,2,1,3,0,0,2,1,1,1,1,0,1,5,1,1,8,2,5,0,1,0,1,1,0,6,5,5,5,3
2012.0,-234.96,0.0,0.0,3,1,3,0,0,0,1,5,1,1,0,1,5,1,1,8,2,5,0,1,0,2,1,0,6,9,5,3,2
2012.0,0.0,0.0,0.0,3,4,3,0,0,0,1,4,1,1,0,0,5,1,1,9,2,5,0,1,0,2,1,0,4,5,5,3,9
2012.0,200.112,0.0,0.0,3,12,3,4,3,0,2,8,1,1,1,1,2,1,1,12,2,5,0,0,0,0,1,0,6,5,5,6,5
2012.0,184.8,0.0,0.0,3,6,3,0,0,0,0,8,1,1,0,1,8,1,1,13,2,5,0,0,0,2,1,0,6,7,5,8,3
2012.0,-334.752,0.0,0.0,3,1,3,0,0,0,0,7,1,1,0,0,9,1,1,14,2,5,0,0,0,2,1,0,6,5,5,3,9
2012.0,63.888,0.0,0.0,3,6,3,0,0,0,1,1,1,1,0,1,1,1,1,14,2,5,0,0,0,1,2,0,4,0,5,8,8
2012.0,0.0,1.0,0.0,1,4,3,0,0,0,1,2,1,1,0,0,9,1,1,15,2,5,0,0,0,1,1,0,2,2,5,9,3
2012.0,0.0,0.0,0.0,3,1,3,0,0,0,1,9,1,1,0,0,5,1,1,16,2,5,0,1,0,0,1,0,4,5,5,3,3
2012.0,-54.912,0.0,0.0,3,6,3,0,0,0,0,5,1,1,0,0,5,1,1,16,2,5,0,1,0,1,1,0,6,8,5,8,3
2012.0,-50.16,0.0,0.0,3,6,3,0,0,0,1,9,1,1,0,0,1,1,1,17,2,5,0,1,0,1,1,0,6,5,5,3,1
2012.0,343.2,0.0,0.0,3,4,3,4,0,0,0,2,1,1,0,1,9,1,1,17,2,5,0,1,0,1,1,0,6,5,5,3,9
2012.0,-104.016,0.0,0.0,3,6,3,1,0,0,1,1,1,1,0,1,1,1,1,17,2,5,0,1,0,1,1,0,4,7,5,8,2
2012.0,-4.752,0.0,0.0,3,1,3,0,0,0,0,6,1,1,0,0,5,1,1,18,2,5,0,1,0,1,1,0,4,2,5,3,9
2012.0,-60.192,0.0,0.0,3,1,3,0,0,0,1,1,0,1,0,0,8,1,1,18,2,5,0,1,0,2,2,0,4,9,5,8,9
2012.0,-129.888,0.0,0.0,3,10,0,0,0,0,1,2,0,1,0,1,2,1,1,2,3,5,0,0,0,1,1,0,4,9,5,5,3
2012.0,-408.144,1.0,0.0,3,6,3,0,0,0,0,2,1,1,0,1,2,1,1,8,3,5,0,1,0,1,1,0,6,9,5,3,9
2012.0,0.0,0.0,0.0,3,4,3,0,0,0,0,1,1,1,0,0,2,1,1,10,3,5,0,0,0,1,0,0,4,2,5,3,9
2012.0,-200.112,1.0,0.0,3,1,3,0,0,2,1,5,1,1,0,1,9,1,1,12,3,5,0,0,0,2,1,0,6,5,5,3,3
2012.0,-95.04,1.0,0.0,3,6,3,0,0,0,1,5,1,1,0,1,5,1,1,12,3,5,0,0,0,2,1,0,6,0,5,8,3
2012.0,87.12,0.0,0.0,3,1,3,0,0,0,1,3,1,1,0,0,1,1,1,13,3,5,0,0,0,1,1,0,6,2,5,3,6
2012.0,-397.056,0.0,0.0,3,10,3,0,0,0,1,5,1,1,0,1,5,1,1,14,3,5,0,0,0,1,1,0,6,5,5,8,2
2012.0,530.112,1.0,0.0,3,6,3,0,0,0,0,2,1,1,0,0,3,1,1,16,3,5,0,1,0,1,1,0,6,7,5,9,3
2012.0,-315.216,0.0,0.0,3,3,3,0,0,0,1,2,1,1,0,1,5,1,1,17,3,5,0,1,0,1,1,0,6,9,5,3,1
2012.0,125.136,0.0,0.0,3,10,0,0,0,0,1,5,1,1,0,1,5,1,1,20,3,5,0,0,0,2,1,0,6,9,5,3,2
2012.0,-42.768,1.0,0.0,1,4,3,0,0,0,0,2,1,1,2,1,5,1,1,7,4,5,0,1,0,1,1,0,4,2,5,3,9
2012.0,400.224,0.0,0.0,3,4,3,0,0,0,1,6,1,1,0,0,9,1,1,8,4,5,0,1,0,2,1,0,6,2,5,8,9
2012.0,-92.928,0.0,0.0,3,6,3,0,0,0,1,5,1,1,0,0,5,1,1,11,4,5,0,0,0,1,1,0,6,8,5,8,3
2012.0,0.0,0.0,0.0,3,4,3,0,0,0,2,1,1,1,0,1,1,1,1,12,4,5,0,0,0,0,1,0,4,5,5,8,3
2012.0,200.112,0.0,0.0,3,4,3,0,0,0,1,5,1,1,0,1,2,1,1,12,4,5,0,0,0,1,1,0,6,2,5,3,9
2012.0,418.176,0.0,0.0,3,1,3,0,0,0,1,5,1,1,0,0,9,1,1,13,4,5,0,0,0,1,1,0,0,5,5,3,9
2012.0,-125.136,0.0,0.0,3,6,3,0,0,0,1,8,1,1,0,0,5,1,1,14,4,5,0,0,0,1,1,0,4,5,5,6,5
2012.0,-200.112,0.0,0.0,3,6,3,0,0,0,2,2,1,1,0,0,2,1,1,14,4,5,0,0,0,0,2,0,6,5,5,3,3
2012.0,-68.112,0.0,0.0,3,6,3,0,0,0,0,1,1,1,0,0,1,1,1,14,4,5,0,0,0,1,1,0,4,0,5,8,3
2012.0,119.856,0.0,0.0,3,10,3,0,0,0,1,1,1,1,0,1,1,1,1,15,4,5,0,0,0,1,1,0,4,0,0,2,2
2012.0,492.096,0.0,0.0,3,6,3,0,0,0,0,5,1,1,0,0,5,1,1,15,4,5,0,0,0,2,1,0,6,8,5,8,3
2012.0,283.008,0.0,0.0,3,6,3,0,0,0,0,5,1,1,0,0,5,1,1,16,4,5,0,1,0,1,1,0,6,7,5,8,8
2012.0,-203.808,0.0,0.0,3,4,3,0,0,0,1,1,1,1,0,0,2,1,1,16,4,5,0,1,0,1,1,0,0,4,5,3,9
2012.0,415.008,2.0,0.0,3,6,3,0,0,0,1,5,1,1,0,0,5,1,1,17,4,5,0,1,0,1,1,0,6,8,5,8,3
2012.0,-2640.0,0.0,0.0,3,6,3,0,0,0,1,1,1,1,0,1,1,1,1,17,4,5,0,1,0,2,1,0,6,7,5,8,3
2012.0,0.0,0.0,0.0,3,1,3,0,0,0,0,1,1,1,0,1,5,1,1,18,4,5,0,1,0,1,1,0,4,2,5,3,3
2012.0,0.0,0.0,0.0,3,3,0,0,0,0,0,5,1,1,0,1,2,1,1,19,4,5,0,1,0,2,2,0,4,5,5,9,3
2012.0,0.0,0.0,0.0,3,4,0,0,0,0,2,7,1,1,0,1,1,1,1,0,5,5,1,0,0,0,1,0,2,7,5,3,9
2012.0,-76.032,1.0,0.0,3,6,0,0,0,0,0,2,0,1,0,1,2,1,1,1,5,5,1,0,0,2,1,0,4,9,5,8,9
2012.0,0.0,2.0,0.0,3,1,0,0,0,0,0,5,0,1,0,1,1,1,1,2,5,5,1,0,0,2,1,0,4,0,5,3,3
2012.0,299.904,1.0,0.0,3,6,3,0,0,0,1,2,1,1,0,1,2,1,1,7,5,5,1,1,0,1,1,0,4,2,5,3,3
2012.0,-76.032,1.0,0.0,2,6,3,0,0,0,1,1,1,1,0,1,1,1,1,11,5,5,1,0,0,1,2,0,2,0,0,3,3
2012.0,1584.0,0.0,0.0,3,10,3,0,0,0,0,1,1,1,0,1,1,1,1,12,5,5,1,0,0,1,0,0,6,9,9,2,2
2012.0,500.016,0.0,0.0,3,6,3,0,0,0,1,2,1,1,0,1,7,1,1,13,5,5,1,0,0,1,2,0,6,4,5,9,3
2012.0,0.0,0.0,0.0,3,6,3,0,0,0,2,5,1,1,0,1,5,1,1,13,5,5,1,0,0,0,1,0,2,7,5,3,3
2012.0,0.0,4.0,0.0,2,4,3,0,0,0,0,9,1,1,0,0,5,1,1,13,5,5,1,0,0,2,2,0,4,0,5,3,9
2012.0,-35.904,0.0,0.0,3,6,3,0,0,0,1,2,1,1,0,1,2,1,1,13,5,5,1,0,0,1,2,0,2,7,5,8,3
2012.0,129.888,0.0,0.0,3,8,3,0,0,0,0,1,1,1,1,1,5,1,1,15,5,5,1,0,0,0,1,0,6,5,5,6,1
2012.0,-154.176,0.0,0.0,3,12,3,0,0,0,2,8,1,1,1,1,8,1,1,18,5,5,1,1,0,0,1,0,6,5,5,6,5
2012.0,-42.24,0.0,0.0,3,6,0,0,0,0,0,2,1,1,0,1,2,1,1,19,5,5,1,1,0,1,1,0,4,0,5,8,3
2012.0,125.136,0.0,0.0,3,6,1,0,0,0,0,2,1,1,0,1,2,1,1,21,5,5,1,0,0,2,2,0,4,5,5,8,3
2012.0,0.0,0.0,0.0,3,1,0,0,0,0,0,5,1,1,0,1,9,1,1,1,6,5,1,0,0,2,1,0,4,5,5,3,3
2012.0,0.0,0.0,0.0,3,4,3,0,0,0,1,1,1,1,0,1,5,1,1,13,6,5,1,0,0,2,1,0,4,0,5,3,9
2012.0,117.216,0.0,0.0,3,6,3,0,0,0,1,9,1,1,0,0,9,1,1,14,6,5,1,0,0,2,1,0,6,8,5,8,3
2012.0,0.0,0.0,0.0,3,10,3,0,0,0,2,8,1,1,0,0,8,1,1,14,6,5,1,0,0,0,1,0,6,5,5,3,5
2012.0,-55.968,4.0,0.0,3,6,0,0,0,0,1,2,1,1,0,1,2,1,1,21,6,5,1,0,0,2,2,0,4,7,5,8,3
2012.0,99.792,0.0,0.0,3,1,0,0,0,0,1,9,1,1,0,0,9,1,1,1,0,5,0,0,0,2,2,0,6,9,5,3,2
2012.0,0.0,1.0,0.0,3,5,3,0,0,0,1,2,1,1,2,0,9,1,1,11,0,5,0,0,0,2,1,0,4,0,5,3,9
2012.0,0.0,0.0,0.0,3,1,3,0,0,0,1,6,1,1,0,0,5,1,1,17,0,5,0,1,0,1,1,0,2,2,5,3,9
2012.0,700.128,0.0,0.0,3,6,3,0,0,0,1,9,1,1,0,0,9,1,1,17,0,5,0,1,0,1,1,0,6,0,5,8,3
2012.0,33.264,0.0,0.0,3,10,3,0,0,0,0,7,1,1,0,1,5,1,1,18,0,5,0,1,0,2,1,0,6,5,5,3,2
2012.0,500.016,0.0,0.0,3,4,3,0,0,0,1,9,1,1,0,1,1,1,1,18,0,5,0,1,0,2,1,0,6,2,5,3,9
2012.0,-59.136,1.0,0.0,3,4,3,0,0,0,0,4,1,1,0,0,1,1,1,12,1,5,0,0,0,2,1,0,4,5,5,3,9
2012.0,-278.256,0.0,0.0,3,6,3,0,0,0,0,9,1,1,0,0,9,1,1,15,1,5,0,0,0,2,1,0,0,0,5,8,3
2012.0,0.0,0.0,0.0,3,4,3,0,0,0,1,4,1,1,0,0,1,1,1,16,1,5,0,1,0,2,1,0,4,5,5,3,9
2012.0,-200.112,0.0,0.0,3,6,3,0,0,0,0,1,1,1,0,1,1,1,1,16,1,5,0,1,0,2,1,0,4,0,5,8,3
2012.0,-60.192,0.0,0.0,3,1,3,0,0,0,1,2,1,1,2,1,9,1,1,18,1,5,0,1,0,1,2,0,6,0,9,3,9
2012.0,0.0,0.0,0.0,3,1,0,0,0,0,1,9,1,1,0,0,5,1,1,19,1,5,0,1,0,2,1,0,2,2,5,3,3
2012.0,-52.8,0.0,0.0,3,1,0,0,0,0,0,9,1,1,0,1,2,1,1,19,1,5,0,1,0,1,1,0,6,5,5,3,9
2012.0,0.0,0.0,0.0,3,1,0,0,0,0,0,3,0,1,0,1,2,1,1,20,1,5,0,0,0,1,1,0,4,4,5,8,9
2012.0,0.0,0.0,0.0,3,1,0,0,0,0,0,9,1,1,0,0,5,1,1,20,1,5,0,0,0,1,1,0,4,2,5,3,3
2012.0,290.928,0.0,0.0,3,8,0,0,0,0,2,1,1,1,1,1,2,1,1,22,1,5,0,0,0,0,1,0,6,5,5,6,5
2012.0,146.784,0.0,0.0,3,6,3,0,0,0,0,9,1,1,0,1,9,1,1,6,2,5,0,0,0,2,2,0,6,7,5,8,3
2012.0,100.848,0.0,0.0,3,6,3,0,0,0,1,9,1,1,0,1,9,1,1,8,2,5,0,1,0,1,1,0,6,7,5,8,3
2012.0,0.0,0.0,0.0,3,4,3,0,0,0,1,4,1,1,0,1,1,1,1,10,2,5,0,0,0,2,1,0,4,5,5,3,9
2012.0,-185.856,3.0,0.0,3,6,3,0,0,0,1,2,0,1,0,0,2,1,1,11,2,5,0,0,0,1,0,0,6,0,5,8,3
2012.0,80.256,0.0,0.0,3,6,3,0,0,0,1,9,1,1,0,1,9,1,1,14,2,5,0,0,0,1,1,0,4,7,5,8,3
2012.0,-50.16,0.0,0.0,3,8,3,0,0,0,0,9,1,1,0,0,2,1,1,15,2,5,0,0,0,2,2,0,0,5,5,3,1
2012.0,0.0,0.0,0.0,3,6,3,0,0,0,0,5,1,1,0,0,5,1,1,15,2,5,0,0,0,1,2,0,0,0,5,8,3
2012.0,71.808,0.0,0.0,3,10,3,0,0,0,1,6,1,1,0,1,6,1,1,15,2,5,0,0,0,1,1,0,4,9,5,9,9
2012.0,-1492.128,2.0,0.0,2,4,3,0,0,0,1,9,1,1,0,1,2,1,1,16,2,5,0,1,0,2,2,0,0,4,5,3,9
2012.0,-200.112,0.0,0.0,3,1,3,3,4,0,0,7,1,1,0,1,2,1,1,16,2,5,0,1,1,2,1,0,6,0,5,3,9
2012.0,564.96,0.0,0.0,3,6,3,3,4,0,1,9,1,1,0,0,9,1,1,16,2,5,0,1,1,1,2,0,6,7,5,8,3
2012.0,220.176,0.0,0.0,3,6,3,3,4,0,1,9,1,1,0,0,9,1,1,17,2,5,0,1,1,2,2,0,4,7,5,8,3
2012.0,-816.816,0.0,0.0,3,10,3,1,3,0,1,2,1,1,0,1,2,1,1,18,2,5,0,1,0,1,1,0,6,9,5,3,2
2012.0,38.016,0.0,0.0,3,1,0,1,0,0,0,1,1,1,0,1,5,1,1,19,2,5,0,1,0,1,0,0,6,2,5,3,5
2012.0,0.0,0.0,0.0,3,1,0,0,0,0,1,9,0,1,0,1,5,1,1,1,3,5,0,0,0,1,1,0,4,2,5,3,3
2012.0,-187.968,0.0,0.0,3,10,3,0,0,0,0,2,1,1,1,1,2,1,1,7,3,5,0,1,0,0,1,0,6,7,5,6,3
2012.0,125.136,0.0,0.0,3,6,3,0,0,0,1,5,1,1,0,0,5,1,1,9,3,5,0,1,0,1,0,0,6,7,5,8,3
2012.0,149.952,0.0,0.0,3,10,3,0,0,0,1,9,1,1,1,1,9,1,1,10,3,5,0,0,0,1,1,0,6,5,5,6,3
2012.0,-229.152,1.0,0.0,3,4,3,0,0,0,1,7,1,1,0,1,1,1,1,10,3,5,0,0,0,2,0,0,6,5,5,3,9
2012.0,0.0,0.0,0.0,3,3,3,0,0,0,1,9,1,1,0,0,2,1,1,14,3,5,0,0,0,2,2,0,4,2,5,9,3
2012.0,128.832,0.0,0.0,3,6,3,0,0,0,1,9,1,1,0,1,9,1,1,16,3,5,0,1,0,1,0,0,2,0,5,8,3
2012.0,145.2,0.0,0.0,3,10,3,0,0,0,1,1,1,1,0,0,1,1,1,16,3,5,0,1,0,0,1,0,6,9,5,3,2
2012.0,-30.096,0.0,0.0,3,6,3,0,0,0,0,1,1,1,0,1,1,1,1,17,3,5,0,1,0,1,1,0,4,7,5,8,3
2012.0,10.032,0.0,0.0,3,6,3,0,0,0,1,1,1,1,0,1,1,1,1,17,3,5,0,1,0,2,1,0,6,7,5,8,3
2012.0,0.0,0.0,0.0,3,1,3,0,0,0,1,2,1,1,0,0,5,1,1,17,3,5,0,1,0,2,1,0,4,2,5,3,9
2012.0,51.744,0.0,0.0,3,6,3,0,0,0,2,5,1,1,0,1,5,1,1,18,3,5,0,1,0,0,2,0,4,7,5,8,3
2012.0,60.192,1.0,0.0,2,6,0,0,0,0,1,1,1,0,1,1,8,1,1,23,3,5,0,0,0,2,2,0,4,0,5,6,3
2012.0,-99.792,0.0,0.0,3,1,0,0,0,0,2,1,1,1,0,1,2,1,1,2,4,5,0,0,0,0,0,0,4,0,5,8,9
2012.0,162.096,0.0,0.0,3,1,3,0,0,2,1,5,1,1,0,0,9,1,1,8,4,5,0,1,0,1,1,0,0,9,5,8,3
2012.0,70.224,0.0,0.0,3,6,3,0,0,0,1,9,1,1,0,0,9,1,1,12,4,5,0,0,0,2,1,0,4,7,5,8,8
2012.0,-594.0,0.0,0.0,3,6,3,0,0,0,1,1,1,1,0,0,1,1,1,13,4,5,0,0,0,2,1,0,6,8,5,8,3
2012.0,0.0,2.0,0.0,2,4,3,0,0,0,0,9,1,1,0,0,5,1,1,15,4,5,0,0,0,2,1,0,4,5,5,3,9
2012.0,0.0,2.0,0.0,1,4,3,0,0,0,0,9,1,1,0,0,1,1,1,15,4,5,0,0,0,1,1,0,4,4,5,3,9
2012.0,139.92,0.0,0.0,3,6,3,0,0,0,0,5,1,1,0,0,5,1,1,16,4,5,0,1,0,1,2,0,4,8,5,8,3
2012.0,0.0,0.0,0.0,3,10,3,0,0,0,0,5,1,1,0,0,5,1,1,16,4,5,0,1,0,1,1,0,2,3,5,9,3
2012.0,174.768,0.0,0.0,3,1,3,0,0,0,0,2,1,1,0,1,1,1,1,17,4,5,0,1,0,2,1,0,0,2,5,3,3
2012.0,80.256,0.0,0.0,3,6,3,0,0,0,1,5,1,1,0,0,5,1,1,17,4,5,0,1,0,1,1,0,4,7,5,8,2
2012.0,70.224,0.0,0.0,3,6,0,0,0,0,1,9,1,1,0,1,9,1,1,21,4,5,0,0,0,1,2,0,4,9,5,3,2
2012.0,539.088,3.0,0.0,3,4,0,0,0,0,0,9,1,1,0,1,5,1,1,22,4,5,0,0,0,1,2,0,6,5,5,3,9
2012.0,5.808,1.0,0.0,2,1,3,0,0,0,1,5,1,1,3,0,1,1,1,9,5,5,1,1,0,1,0,0,4,2,5,7,9
2012.0,0.0,0.0,0.0,3,1,3,0,0,0,0,2,1,1,0,1,1,1,1,14,5,5,1,0,0,1,1,0,4,5,2,3,3
2012.0,85.008,0.0,0.0,3,4,3,0,0,0,0,1,1,1,0,0,6,1,1,17,5,5,1,1,0,0,1,0,6,2,5,3,9
2012.0,0.0,4.0,0.0,2,1,0,0,0,0,0,5,1,1,0,0,9,1,1,20,5,5,1,0,0,1,0,0,2,5,5,3,3
2012.0,-15.84,1.0,0.0,3,4,0,0,0,0,1,3,1,1,0,0,9,1,1,20,5,5,1,0,0,1,2,0,4,2,5,3,9
2012.0,-40.128,0.0,0.0,3,6,0,0,0,0,1,1,0,1,0,0,1,1,1,21,5,5,1,0,0,1,1,0,4,7,5,8,3
2012.0,0.0,1.0,0.0,2,4,0,0,0,0,0,7,1,1,0,0,1,0,1,2,6,5,1,0,0,2,1,0,4,4,5,3,9
2012.0,-14.784,0.0,0.0,3,10,3,0,0,0,0,1,1,1,0,1,1,1,1,6,6,5,1,0,0,1,1,0,2,4,5,9,9
2012.0,0.0,2.0,0.0,2,4,3,0,0,0,0,2,1,1,0,1,5,1,1,14,6,5,1,0,0,2,2,0,3,2,5,3,9
2012.0,-234.96,0.0,0.0,3,12,0,0,0,0,2,8,1,1,1,1,2,1,1,22,6,5,1,0,0,0,1,0,6,5,5,6,5
2012.0,15.84,0.0,0.0,3,6,0,0,0,0,0,5,0,1,0,1,5,1,1,2,0,5,0,0,0,1,2,0,4,8,5,8,3
2012.0,-34.848,0.0,0.0,3,6,3,0,0,0,0,1,1,1,0,0,1,1,1,7,0,5,0,1,0,2,2,0,4,7,5,8,3
2012.0,-145.2,0.0,0.0,3,6,3,0,0,0,0,1,1,1,0,0,1,1,1,8,0,5,0,1,0,1,1,0,6,7,5,8,3
2012.0,40.128,0.0,0.0,3,6,3,0,0,0,1,1,1,1,0,0,1,1,1,10,0,5,0,0,0,1,1,0,4,8,5,8,3
2012.0,-107.184,1.0,0.0,2,6,3,0,0,0,0,2,1,1,0,0,2,1,1,12,0,5,0,0,0,1,1,0,4,0,5,8,3
2012.0,-545.952,0.0,0.0,3,10,3,0,0,0,0,5,1,1,0,0,5,1,1,13,0,5,0,0,0,1,2,0,6,5,5,3,2
2012.0,87.12,0.0,0.0,3,6,3,0,0,0,1,5,1,1,0,0,5,1,1,13,0,5,0,0,0,0,1,0,4,8,5,8,3
2012.0,-50.16,0.0,0.0,3,5,3,0,0,0,0,5,1,1,0,1,5,1,1,18,0,5,0,1,0,0,2,0,4,0,5,3,9
2012.0,133.056,1.0,0.0,3,6,0,0,0,0,1,2,1,1,0,0,5,1,1,19,0,5,0,1,0,1,1,0,2,7,5,8,1
2012.0,0.0,1.0,0.0,3,4,0,0,3,0,1,8,1,1,0,0,2,1,1,21,0,5,0,0,0,1,1,0,1,5,5,9,5
2012.0,0.0,0.0,0.0,3,1,3,0,0,0,1,1,1,1,0,1,2,1,1,6,1,5,0,0,0,1,1,0,4,2,5,3,3
2012.0,166.848,1.0,0.0,3,6,3,0,0,0,1,9,1,1,0,0,9,1,1,7,1,5,0,1,0,2,0,0,6,0,5,8,3
2012.0,-99.792,1.0,0.0,2,6,3,0,0,0,1,2,1,1,0,0,2,1,1,8,1,5,0,1,0,2,1,0,4,0,5,8,3
2012.0,220.176,0.0,0.0,3,10,3,0,0,0,1,2,1,1,0,1,2,1,1,8,1,5,0,1,0,0,0,0,6,5,5,5,5
2012.0,123.024,0.0,0.0,3,6,3,0,0,0,1,9,1,1,0,1,9,1,1,11,1,5,0,0,0,1,1,0,6,0,5,8,3
2012.0,44.88,0.0,0.0,3,10,3,0,0,0,1,1,1,1,0,1,1,1,1,13,1,5,0,0,0,0,2,0,2,9,5,3,2
2012.0,-95.04,0.0,0.0,3,10,3,0,0,0,0,1,1,1,0,0,1,1,1,15,1,5,0,0,0,2,1,0,4,5,5,3,2
2012.0,528.0,0.0,0.0,3,1,3,0,0,0,0,4,1,1,0,1,2,1,1,17,1,5,0,1,0,2,1,0,6,0,5,3,9
2012.0,0.0,0.0,0.0,3,1,3,0,0,0,1,5,1,1,0,1,9,1,1,17,1,5,0,1,0,2,2,0,4,3,0,9,3
2012.0,0.0,0.0,0.0,3,6,3,0,0,0,1,5,1,1,0,1,5,1,1,17,1,5,0,1,0,2,1,0,2,7,5,8,3
2012.0,61.248,1.0,0.0,3,6,3,0,0,0,0,5,1,1,0,1,5,1,1,17,1,5,0,1,0,1,1,0,4,0,5,8,3
2012.0,0.0,0.0,0.0,3,10,3,0,0,0,2,5,1,1,0,1,5,1,1,19,1,5,0,1,0,0,1,0,6,9,5,8,9
2012.0,0.0,0.0,0.0,3,1,3,0,0,0,1,9,1,1,0,1,2,1,1,6,2,5,0,0,0,1,0,0,2,5,5,3,3
2012.0,50.16,1.0,0.0,1,1,3,0,0,2,1,5,1,1,0,0,4,1,1,6,2,5,0,0,0,1,1,0,4,5,5,9,3
2012.0,-70.224,0.0,0.0,3,6,3,0,0,0,1,1,1,1,0,0,1,1,1,7,2,5,0,1,0,2,1,0,6,7,5,8,3
2012.0,-74.976,0.0,0.0,3,4,3,0,0,0,1,9,1,1,0,0,2,1,1,7,2,5,0,1,0,1,1,0,6,8,5,3,9
2012.0,129.888,0.0,0.0,3,6,3,0,0,0,1,2,1,1,0,1,2,1,1,8,2,5,0,1,0,1,1,0,6,7,5,8,3
2012.0,200.112,0.0,0.0,3,6,3,0,0,0,0,2,1,1,0,0,2,1,1,8,2,5,0,1,0,1,1,0,6,7,5,8,3
2012.0,299.904,0.0,0.0,3,10,3,0,0,0,1,9,1,1,0,0,9,1,1,8,2,5,0,1,0,1,1,0,6,0,5,8,3
2012.0,14.784,0.0,0.0,3,6,3,0,0,0,0,9,1,1,0,1,9,1,1,9,2,5,0,1,0,2,2,0,4,0,5,8,3
2012.0,-54.912,0.0,0.0,3,6,3,0,0,0,1,1,1,1,0,1,1,1,1,9,2,5,0,1,0,2,1,0,4,0,5,8,1