Year,Distance,Totalinjuries,Totalfatalities,Injuryseverity,Collisionmanner,Lightcondition,Weather,SurfaceCondition,Unittype_One,Gender_Drv1,Traveldirection_One,AlcoholUse_Drv1,DrugUse_Drv1,Unittype_Two,Gender_Drv2,Traveldirection_Two,AlcoholUse_Drv2,DrugUse_Drv2,Hour,Weekday,Month,Weekend,Rush_Hour,Hazardous_Road,Age_Group_Drv1,Age_Group_Drv2,Substance_Use,Junction_Category,Violation_Category_Drv1,Violation_Category_Drv2,Unitaction_Category_Two,Unitaction_Category_One
2012.0,138.864,0.0,0.0,3,10,3,0,0,0,1,9,1,1,0,0,9,1,1,9,2,5,0,1,0,1,1,0,6,5,5,3,2
2012.0,0.0,0.0,0.0,3,6,3,0,0,0,0,6,1,1,0,1,6,1,1,10,2,5,0,0,0,2,1,0,4,8,5,8,3
2012.0,500.016,0.0,0.0,3,4,3,0,0,0,0,9,1,1,0,0,2,1,1,13,2,5,0,0,0,0,2,0,0,0,5,3,9
2012.0,-334.752,0.0,0.0,3,6,3,0,0,0,0,5,1,1,0,0,5,1,1,13,2,5,0,0,0,2,1,0,6,7,5,8,3
2012.0,0.0,0.0,0.0,3,1,3,0,0,0,0,5,1,1,0,0,9,1,1,14,2,5,0,0,0,1,2,0,4,2,5,3,9
2012.0,-80.256,1.0,0.0,3,6,3,0,0,0,1,2,1,1,0,0,2,1,1,16,2,5,0,1,0,1,2,0,6,8,5,8,3
2012.0,214.896,0.0,0.0,3,4,3,0,0,0,0,2,1,1,0,1,9,1,1,18,2,5,0,1,0,0,1,0,6,5,5,3,9
2012.0,0.0,2.0,0.0,3,1,0,0,0,0,0,5,1,1,0,0,1,1,1,20,2,5,0,0,0,2,1,0,4,0,5,3,9
2012.0,80.256,0.0,0.0,3,6,3,0,0,0,1,9,1,1,0,1,9,1,1,8,3,5,0,1,0,1,0,0,4,0,5,8,3
2012.0,80.256,0.0,0.0,3,10,3,0,0,0,0,1,1,1,0,1,1,1,1,10,3,5,0,0,0,1,1,0,4,9,5,3,2
2012.0,-97.152,0.0,0.0,3,6,3,0,0,0,1,1,1,1,0,0,1,1,1,10,3,5,0,0,0,2,1,0,4,0,5,8,3
2012.0,200.112,1.0,0.0,1,4,3,0,0,0,1,1,1,1,0,1,2,1,1,10,3,5,0,0,0,0,1,0,6,2,5,3,9
2012.0,-72.864,0.0,0.0,3,6,3,0,0,0,1,1,1,1,0,0,1,1,1,13,3,5,0,0,0,2,0,0,4,0,5,8,3
2012.0,0.0,2.0,0.0,2,1,3,0,0,0,1,7,1,1,0,0,9,1,1,13,3,5,0,0,0,2,1,0,4,4,5,3,9
2012.0,45.936,0.0,0.0,3,6,3,0,0,0,1,1,1,1,0,0,1,1,1,13,3,5,0,0,0,1,2,0,4,0,5,8,8
2012.0,134.112,0.0,0.0,3,10,3,0,0,0,1,5,1,1,0,1,5,1,1,14,3,5,0,0,0,1,1,0,4,9,5,3,2
2012.0,33.264,1.0,0.0,3,6,3,0,0,0,0,5,1,1,0,0,5,1,1,14,3,5,0,0,0,1,1,0,4,8,5,8,3
2012.0,-108.24,0.0,0.0,3,6,3,0,0,0,1,1,1,1,0,0,1,1,1,16,3,5,0,1,0,1,1,0,6,0,5,8,3
2012.0,-50.16,1.0,0.0,3,6,3,0,0,0,1,1,0,1,0,1,1,1,1,17,3,5,0,1,0,1,1,0,4,0,5,8,3
2012.0,-115.104,0.0,0.0,3,6,3,0,0,0,0,2,1,1,0,0,2,1,1,17,3,5,0,1,0,1,1,0,4,8,5,8,3
2012.0,-230.208,1.0,0.0,2,1,3,0,0,2,1,1,1,1,0,1,5,1,1,18,3,5,0,1,0,2,1,0,0,9,5,3,3
2012.0,0.0,1.0,0.0,3,4,3,0,0,0,1,2,1,1,0,1,5,1,1,18,3,5,0,1,0,2,1,0,4,5,5,3,9
2012.0,299.904,0.0,0.0,3,6,3,0,0,0,0,5,1,1,0,1,5,1,1,18,3,5,0,1,0,1,2,0,6,7,5,8,3
2012.0,0.0,0.0,0.0,3,4,0,0,0,0,0,1,1,1,0,0,7,1,1,21,3,5,0,0,0,0,2,0,4,2,5,9,3
2012.0,70.224,0.0,0.0,3,6,3,0,0,0,0,9,1,1,0,1,9,1,1,8,4,5,0,1,0,2,1,0,2,0,5,3,8
2012.0,68.112,0.0,0.0,3,1,3,0,0,0,0,2,1,1,0,0,2,1,1,11,4,5,0,0,0,1,1,0,4,5,5,3,5
2012.0,200.112,0.0,0.0,3,1,3,0,0,0,0,6,1,1,0,1,5,1,1,13,4,5,0,0,0,2,1,0,6,5,5,3,2
2012.0,-99.792,0.0,0.0,3,6,3,0,0,0,0,1,1,1,0,1,1,1,1,13,4,5,0,0,0,0,0,0,4,0,5,8,3
2012.0,192.192,0.0,0.0,3,6,3,0,0,0,1,9,1,1,0,1,9,1,1,14,4,5,0,0,0,1,1,0,4,7,5,8,3
2012.0,224.928,1.0,0.0,3,6,3,0,0,0,0,5,1,1,0,0,5,1,1,16,4,5,0,1,0,2,1,0,6,0,5,8,3
2012.0,74.976,0.0,0.0,3,6,3,0,0,0,1,9,1,1,0,0,9,1,1,16,4,5,0,1,0,0,1,0,2,7,5,8,8
2012.0,-99.792,0.0,0.0,3,10,3,0,0,0,0,2,1,1,0,0,2,1,1,17,4,5,0,1,0,2,1,0,6,0,0,2,2
2012.0,1425.6,0.0,0.0,3,1,3,0,0,0,1,2,1,1,0,1,2,1,1,18,4,5,0,1,0,1,2,0,6,5,5,3,3
2012.0,136.224,1.0,0.0,1,1,0,0,0,3,1,9,0,1,0,1,5,1,1,19,4,5,0,1,0,1,0,0,4,6,5,3,7
2012.0,390.192,1.0,0.0,2,4,0,0,0,0,1,2,1,1,0,0,9,1,1,19,4,5,0,1,0,2,1,0,6,5,5,3,9
2012.0,-543.84,0.0,0.0,3,6,0,0,0,0,1,2,1,1,0,1,2,1,1,21,4,5,0,0,0,2,1,0,4,7,5,8,3
2012.0,-50.16,0.0,0.0,3,10,3,0,0,0,0,9,1,1,0,1,9,1,1,11,5,5,1,0,0,1,0,0,4,4,5,9,9
2012.0,44.88,0.0,0.0,3,7,3,0,0,0,0,9,1,1,0,1,9,1,1,11,5,5,1,0,0,1,1,0,4,0,5,8,3
2012.0,500.016,2.0,0.0,3,4,3,0,0,0,1,5,1,1,0,1,9,1,1,17,5,5,1,1,0,2,0,0,0,4,5,3,9
2012.0,-51.216,0.0,0.0,3,8,0,0,0,0,0,5,1,1,1,1,1,1,1,20,5,5,1,0,0,1,1,0,6,0,5,6,1
2012.0,105.072,0.0,0.0,3,1,0,0,0,0,0,9,1,1,0,0,9,1,1,21,5,5,1,0,0,2,2,0,6,7,5,3,2
2012.0,-522.192,2.0,0.0,2,6,3,0,0,0,0,5,1,1,0,0,5,1,1,13,6,5,1,0,0,2,1,0,6,7,5,8,3
2012.0,326.832,1.0,0.0,3,6,3,0,0,0,0,5,1,1,0,0,5,1,1,15,6,5,1,0,0,2,1,0,6,7,5,8,3
2012.0,34.848,0.0,0.0,3,6,3,0,0,0,0,9,1,1,0,1,9,1,1,16,6,5,1,1,0,1,1,0,4,0,5,3,3
2012.0,0.0,0.0,0.0,3,10,3,0,0,0,0,2,1,1,0,0,2,1,1,18,6,5,1,1,0,2,1,0,4,9,5,3,5
2012.0,200.112,0.0,0.0,3,6,4,0,0,0,1,2,1,1,0,0,2,1,1,19,6,5,1,1,0,2,1,0,6,7,5,3,3
2012.0,-36.96,1.0,0.0,3,6,3,0,0,0,1,9,1,1,0,1,9,1,1,6,0,5,0,0,0,1,1,0,6,7,5,8,3
2012.0,74.976,0.0,0.0,3,6,3,0,0,0,1,9,1,1,0,1,9,1,1,7,0,5,0,1,0,1,2,0,4,0,5,8,3
2012.0,129.888,0.0,0.0,3,6,3,0,0,0,1,1,1,1,0,1,1,1,1,8,0,5,0,1,0,1,1,0,6,7,5,8,3
2012.0,0.0,3.0,0.0,2,5,3,0,0,0,2,1,1,1,0,1,9,1,1,11,0,5,0,0,0,0,2,0,6,5,5,8,1
2012.0,0.0,2.0,0.0,3,1,3,0,0,0,1,2,1,0,0,0,1,1,1,12,0,5,0,0,0,1,0,0,4,2,5,3,3
2012.0,60.192,1.0,0.0,3,6,3,0,0,0,0,5,1,1,0,1,5,1,1,15,0,5,0,0,0,2,1,0,4,0,5,8,3
2012.0,-400.224,0.0,0.0,3,10,3,0,0,0,2,1,1,1,0,1,1,1,1,18,0,5,0,1,0,0,2,0,4,9,5,2,2
2012.0,0.0,0.0,0.0,3,4,0,0,0,0,1,1,1,1,0,0,9,1,1,21,0,5,0,0,0,2,1,0,4,2,5,9,3
2012.0,0.0,0.0,0.0,3,4,3,0,0,0,1,2,1,1,0,0,5,1,1,7,1,5,0,1,0,2,1,0,4,2,5,3,9
2012.0,-125.136,0.0,0.0,3,10,3,0,0,0,1,9,1,1,0,0,9,1,1,8,1,5,0,1,0,0,1,0,6,5,5,3,2
2012.0,50.16,1.0,0.0,2,1,3,0,0,2,0,5,1,1,0,0,9,1,1,12,1,5,0,0,0,2,0,0,4,9,5,9,7
2012.0,-167.904,0.0,0.0,3,6,3,0,0,0,1,7,1,1,0,0,9,1,1,12,1,5,0,0,0,2,1,0,6,7,5,8,9
2012.0,0.0,2.0,0.0,1,4,3,0,0,0,0,3,1,1,0,1,5,1,1,12,1,5,0,0,0,0,1,0,4,5,5,3,9
2012.0,70.224,1.0,0.0,3,6,3,0,0,0,0,5,1,1,0,1,5,1,1,12,1,5,0,0,0,2,0,0,4,7,5,8,8
2012.0,-180.048,0.0,0.0,3,6,3,0,0,0,1,1,1,1,0,0,1,1,1,12,1,5,0,0,0,2,1,0,4,0,5,8,3
2012.0,74.976,1.0,0.0,3,6,3,0,0,0,0,5,1,1,0,1,5,1,1,13,1,5,0,0,0,2,1,0,4,7,5,8,3
2012.0,-236.016,0.0,0.0,3,6,3,0,0,0,1,5,1,1,0,1,5,1,1,14,1,5,0,0,0,1,1,0,6,7,5,8,3
2012.0,-240.24,0.0,0.0,3,6,3,0,0,0,0,5,1,1,0,0,5,1,1,14,1,5,0,0,0,2,0,0,2,0,5,8,3
2012.0,-83.952,0.0,0.0,3,6,3,0,0,0,0,5,1,1,0,0,5,1,1,16,1,5,0,1,0,2,1,0,6,8,5,8,3
2012.0,-34.848,0.0,0.0,3,1,4,0,0,0,1,4,1,1,0,0,9,1,1,18,1,5,0,1,0,1,2,0,0,9,5,3,9
2012.0,0.0,1.0,0.0,3,3,4,0,0,0,0,9,1,1,0,1,2,1,1,19,1,5,0,1,0,2,2,0,2,2,5,9,3
2012.0,416.064,0.0,0.0,3,1,0,0,0,0,1,4,1,1,0,0,7,1,1,23,1,5,0,0,0,1,2,0,6,2,5,9,9
2012.0,0.0,1.0,0.0,2,4,3,0,0,0,0,5,1,1,0,1,1,1,1,6,2,5,0,0,0,0,1,0,2,2,5,3,9
2012.0,0.0,2.0,0.0,3,1,3,0,0,0,0,6,1,1,0,0,9,1,1,7,2,5,0,1,0,2,0,0,4,5,5,3,9
2012.0,-115.104,0.0,0.0,3,6,3,0,0,0,0,5,1,1,0,0,5,1,1,7,2,5,0,1,0,1,1,0,2,7,5,3,8
2012.0,-242.88,1.0,0.0,3,6,3,0,0,0,0,5,1,1,0,0,5,1,1,9,2,5,0,1,0,2,1,0,6,0,5,8,3
2012.0,649.968,0.0,0.0,3,10,3,0,3,0,2,8,1,1,0,1,9,1,1,9,2,5,0,1,0,0,1,0,6,5,5,8,5
2012.0,0.0,0.0,0.0,3,4,3,0,0,0,1,9,1,1,0,1,1,1,1,13,2,5,0,0,0,2,1,0,4,4,5,3,9
2012.0,0.0,0.0,0.0,3,4,3,0,0,0,0,3,1,1,0,0,4,1,1,14,2,5,0,0,0,1,2,0,4,5,5,9,9
2012.0,34.848,0.0,0.0,3,1,3,0,0,0,1,3,1,1,0,0,1,1,1,15,2,5,0,0,0,1,2,0,6,5,5,3,9
2012.0,0.0,3.0,0.0,3,4,3,0,0,0,0,1,1,1,0,1,2,1,1,15,2,5,0,0,0,0,1,0,4,5,5,3,9
2012.0,330.0,0.0,0.0,3,1,3,0,0,0,0,4,1,1,0,0,1,1,1,15,2,5,0,0,0,2,1,0,6,5,5,3,9
2012.0,-44.88,0.0,0.0,3,6,3,0,0,0,1,2,1,1,0,0,2,1,1,18,2,5,0,1,0,2,2,0,4,0,5,9,3
2012.0,500.016,0.0,0.0,3,6,1,0,0,0,0,5,1,1,0,0,5,1,1,21,2,5,0,0,0,2,1,0,6,7,5,8,3
2012.0,0.0,1.0,0.0,2,1,3,0,0,0,1,2,1,1,0,0,1,1,1,11,3,5,0,0,0,1,1,0,4,2,5,3,4
2012.0,-277.2,2.0,0.0,2,6,3,0,0,0,1,2,0,1,0,0,2,1,1,13,3,5,0,0,0,1,1,0,6,7,5,8,3
2012.0,200.112,0.0,0.0,3,6,3,0,0,0,0,5,1,1,0,0,5,1,1,16,3,5,0,1,0,2,2,0,4,8,5,8,3
2012.0,0.0,0.0,0.0,3,4,3,0,0,0,0,1,1,1,0,1,7,1,1,16,3,5,0,1,0,1,1,0,4,5,5,9,3
2012.0,159.984,0.0,0.0,3,1,3,0,0,0,1,9,1,1,0,0,2,1,1,17,3,5,0,1,0,1,1,0,6,5,5,5,5
2012.0,0.0,0.0,0.0,3,1,3,0,0,0,0,1,1,1,0,1,5,1,1,17,3,5,0,1,0,1,0,0,2,2,5,3,3
2012.0,0.0,0.0,0.0,3,4,4,0,0,0,0,2,1,1,0,1,9,1,1,19,3,5,0,1,0,1,2,0,2,2,5,3,9
2012.0,12.144,0.0,0.0,3,10,3,0,0,0,0,1,1,1,1,1,1,1,1,5,4,5,0,0,0,2,1,0,6,0,5,6,3
2012.0,-111.936,0.0,0.0,3,6,3,0,0,0,1,2,1,1,0,1,2,1,1,8,4,5,0,1,0,2,1,0,2,7,5,8,3
2012.0,111.936,0.0,0.0,3,6,3,0,0,0,1,9,1,1,0,1,9,1,1,12,4,5,0,0,0,1,0,0,2,7,5,8,3
2012.0,-319.968,0.0,0.0,3,6,3,0,0,0,1,2,1,1,0,0,2,1,1,13,4,5,0,0,0,2,1,0,2,7,5,8,3
2012.0,20.064,0.0,0.0,3,4,3,0,0,0,0,9,1,1,0,1,2,1,1,16,4,5,0,1,0,1,2,0,6,5,5,3,9
2012.0,-99.792,0.0,0.0,3,6,3,0,0,0,1,1,1,1,0,0,1,1,1,18,4,5,0,1,0,1,1,0,4,0,5,8,3
2012.0,-89.232,0.0,0.0,3,6,3,0,0,0,1,2,1,1,0,1,2,1,1,18,4,5,0,1,0,0,1,0,4,7,5,8,3
2012.0,-89.76,0.0,0.0,3,6,0,0,0,0,2,1,1,1,0,1,1,1,1,0,5,5,1,0,0,0,0,0,4,7,5,8,3
2012.0,54.912,0.0,0.0,3,6,0,0,0,0,1,5,0,1,0,1,5,1,1,2,5,5,1,0,0,2,1,0,2,7,5,8,3
2012.0,0.0,0.0,0.0,3,1,0,0,0,0,0,5,0,1,0,0,9,1,1,2,5,5,1,0,0,1,1,0,4,2,5,9,9
2012.0,-61.776,0.0,0.0,3,3,3,0,0,0,0,9,1,1,1,1,1,1,1,4,5,5,1,0,0,2,1,0,6,0,5,6,3
2012.0,0.0,2.0,0.0,1,4,3,0,0,0,0,1,1,1,0,1,9,1,1,12,5,5,1,0,0,1,0,0,2,4,5,3,9
2012.0,0.0,0.0,0.0,3,6,3,0,0,0,1,5,1,1,0,1,5,1,1,13,5,5,1,0,0,0,1,0,4,5,5,5,5
2012.0,34.848,0.0,0.0,3,6,3,0,0,0,0,9,1,1,0,1,4,1,1,16,5,5,1,1,0,2,2,0,4,7,5,9,3
2012.0,0.0,0.0,0.0,3,1,3,0,0,0,1,5,1,1,0,1,9,1,1,18,5,5,1,1,0,1,2,0,2,2,5,3,3
2012.0,0.0,0.0,0.0,3,1,3,0,0,0,1,2,1,1,0,1,1,1,1,18,5,5,1,1,0,1,1,0,2,2,5,3,3
2012.0,0.0,3.0,0.0,2,1,0,0,0,0,0,1,1,1,0,1,2,1,1,19,5,5,1,1,0,1,1,0,4,2,5,3,3
2012.0,-91.872,0.0,0.0,3,1,0,0,0,0,1,1,1,1,0,1,1,1,1,22,5,5,1,0,0,1,1,0,4,5,5,8,1
2012.0,200.112,0.0,0.0,3,6,3,0,0,0,0,5,1,1,1,1,5,1,1,14,6,5,1,0,0,1,1,0,6,7,5,6,0
2012.0,524.832,0.0,0.0,3,9,0,0,0,0,1,1,1,1,0,0,9,1,1,20,6,5,1,0,0,1,1,0,6,9,5,1,3
2012.0,500.016,0.0,0.0,3,1,3,0,0,0,1,5,1,1,0,1,5,1,1,8,0,5,0,1,0,2,2,0,4,9,5,3,2
2012.0,-901.824,0.0,0.0,3,6,3,0,0,0,1,9,1,1,0,1,9,1,1,10,0,5,0,0,0,1,1,0,6,7,5,3,3
2012.0,0.0,2.0,0.0,3,1,3,4,0,0,1,1,1,1,0,1,5,1,1,12,0,5,0,0,0,2,1,0,2,2,5,3,9
2012.0,0.0,2.0,0.0,1,1,3,0,0,0,1,9,1,1,0,0,5,1,1,15,0,5,0,0,0,2,1,0,4,2,5,9,3
2012.0,-325.248,0.0,0.0,3,10,3,0,0,0,0,9,1,1,0,0,9,1,1,16,0,5,0,1,0,1,1,0,6,9,5,3,9
2012.0,-52.8,1.0,0.0,2,1,3,0,0,2,0,2,1,1,0,1,9,1,1,18,0,5,0,1,0,2,2,0,6,6,5,3,7
2012.0,0.0,0.0,0.0,3,1,3,0,0,0,0,1,1,1,0,1,2,1,1,18,0,5,0,1,0,1,1,0,2,2,5,3,3
2012.0,-528.0,1.0,0.0,2,5,0,0,0,0,1,9,0,1,2,0,2,1,1,20,0,5,0,0,0,2,1,0,0,0,5,3,9
2012.0,25.872,0.0,0.0,3,8,0,0,0,0,1,8,1,1,1,1,8,1,1,20,0,5,0,0,0,1,1,0,6,5,5,6,1
2012.0,-170.016,0.0,0.0,3,10,3,0,0,0,1,2,1,1,0,1,2,1,1,6,1,5,0,0,0,2,1,0,6,5,5,3,3
2012.0,-125.136,0.0,0.0,3,6,3,0,0,0,0,9,1,1,0,1,9,1,1,7,1,5,0,1,0,1,1,0,6,0,5,9,3
2012.0,54.912,0.0,0.0,3,6,3,0,0,0,1,9,1,1,0,0,9,1,1,9,1,5,0,1,0,1,1,0,6,7,5,8,3
2012.0,0.0,0.0,0.0,3,4,3,0,0,0,0,1,1,1,0,0,5,1,1,11,1,5,0,0,0,2,1,0,4,5,5,3,9
2012.0,-133.056,2.0,0.0,3,1,3,0,0,0,0,5,1,1,0,1,2,1,1,11,1,5,0,0,0,2,0,0,6,9,5,3,3
2012.0,-89.76,0.0,0.0,3,10,0,0,0,0,0,1,1,1,0,0,1,1,1,20,1,5,0,0,0,2,1,0,4,9,5,3,2
2012.0,40.128,0.0,0.0,3,6,0,0,0,0,1,9,1,1,0,1,9,1,1,23,1,5,0,0,0,0,0,0,4,8,5,8,3
2012.0,85.008,1.0,0.0,3,6,3,0,0,0,0,9,1,1,0,0,9,1,1,8,2,5,0,1,0,2,1,0,4,7,5,8,3
2012.0,-80.256,0.0,0.0,3,6,3,0,0,0,2,9,1,1,0,0,9,1,1,10,2,5,0,0,0,0,0,0,4,7,5,3,3
2012.0,-136.224,0.0,0.0,3,8,3,0,0,0,1,9,1,1,0,1,5,1,1,11,2,5,0,0,0,1,1,0,6,5,5,3,1
2012.0,-1584.0,0.0,0.0,3,4,3,0,0,0,0,6,1,1,0,1,2,1,1,12,2,5,0,0,0,1,1,0,6,5,5,3,9
2012.0,81.84,1.0,0.0,2,6,3,0,0,0,0,5,1,1,0,1,5,1,1,13,2,5,0,0,0,1,0,0,4,7,5,8,3
2012.0,-99.792,0.0,0.0,3,6,3,0,0,0,0,5,1,1,0,1,5,1,1,13,2,5,0,0,0,2,1,0,6,7,5,9,3
2012.0,393.888,1.0,0.0,3,5,3,0,0,0,1,5,1,1,3,0,1,1,1,14,2,5,0,0,0,0,0,0,6,5,5,7,3
2012.0,-85.008,0.0,0.0,3,6,3,0,0,0,0,1,1,1,0,1,1,1,1,14,2,5,0,0,0,2,0,0,4,7,5,8,3
2012.0,-224.928,0.0,0.0,3,10,3,0,0,0,1,5,1,1,0,0,5,1,1,14,2,5,0,0,0,1,2,0,6,9,5,3,2
2012.0,80.256,0.0,0.0,3,6,3,0,0,0,1,2,1,1,0,1,2,1,1,15,2,5,0,0,0,2,1,0,4,7,5,8,3
2012.0,80.256,0.0,0.0,3,6,3,0,0,0,0,5,1,1,0,0,5,1,1,16,2,5,0,1,0,1,1,0,6,0,5,8,3
2012.0,0.0,0.0,0.0,3,4,0,0,0,0,0,6,1,1,0,1,7,1,1,20,2,5,0,0,0,2,0,0,4,2,5,9,9
2012.0,0.0,0.0,0.0,3,4,3,0,0,0,1,5,1,1,0,1,1,1,1,10,3,5,0,0,0,1,0,0,1,4,5,3,9
2012.0,242.88,1.0,0.0,3,1,3,0,0,0,1,6,1,1,0,0,5,1,1,10,3,5,0,0,0,1,2,0,6,4,5,3,9
2012.0,-410.256,1.0,0.0,2,1,3,0,0,0,1,5,1,1,0,0,5,1,1,12,3,5,0,0,0,1,1,0,0,5,5,3,9
2012.0,0.0,0.0,0.0,3,4,3,0,0,0,2,1,1,1,0,0,2,1,1,14,3,5,0,0,0,0,1,0,4,2,5,3,9
2012.0,0.0,7.0,0.0,2,1,3,0,0,0,1,5,1,1,0,1,1,1,1,14,3,5,0,0,0,1,1,0,4,2,5,3,3
2012.0,279.84,0.0,0.0,3,6,3,0,0,0,0,1,1,1,0,1,1,1,1,15,3,5,0,0,0,2,2,0,0,0,5,8,3
2012.0,30.096,2.0,0.0,3,6,3,0,0,0,1,5,1,1,0,0,5,1,1,15,3,5,0,0,0,1,1,0,4,0,5,8,8
2012.0,0.0,1.0,0.0,1,4,3,0,0,0,0,2,1,1,0,1,1,1,1,15,3,5,0,0,0,1,1,0,4,2,4,9,3
2012.0,-40.128,0.0,0.0,3,6,3,0,0,0,1,1,1,1,0,0,1,1,1,17,3,5,0,1,0,1,2,0,6,8,5,8,3
2012.0,0.0,1.0,0.0,3,6,3,0,0,0,1,9,1,1,0,0,9,1,1,8,4,6,0,1,0,1,1,0,6,7,5,8,3
2012.0,-64.944,0.0,0.0,3,6,3,0,0,0,1,2,1,1,0,1,2,1,1,11,4,6,0,0,0,2,1,0,4,7,5,8,3
2012.0,-1000.032,0.0,0.0,3,6,3,0,0,0,0,2,1,1,1,1,2,1,1,12,4,6,0,0,0,2,1,0,6,0,5,8,3
2012.0,0.0,0.0,0.0,3,1,3,0,0,0,0,1,1,1,0,0,2,1,1,12,4,6,0,0,0,1,1,0,4,2,5,3,3
2012.0,309.936,0.0,0.0,3,6,3,0,0,0,1,9,1,1,0,1,9,1,1,16,4,6,0,1,0,0,1,0,6,7,5,8,3
2012.0,379.104,1.0,0.0,3,1,3,0,0,0,0,3,1,1,0,1,1,1,1,16,4,6,0,1,0,2,1,0,6,2,5,3,5
2012.0,-44.88,0.0,0.0,3,6,3,0,0,0,0,1,1,1,0,1,1,1,1,16,4,6,0,1,0,1,1,0,2,8,5,3,3
2012.0,-155.76,0.0,0.0,3,10,3,0,0,0,1,2,1,1,0,0,2,1,1,16,4,6,0,1,0,1,1,0,1,9,5,8,2
2012.0,-170.016,0.0,0.0,3,4,3,0,0,0,0,9,1,1,0,0,5,1,1,17,4,6,0,1,0,1,1,0,0,4,5,3,9
2012.0,0.0,1.0,0.0,3,1,3,0,0,0,1,1,1,1,0,0,2,1,1,5,5,6,1,0,0,1,1,0,2,2,5,3,3
2012.0,50.16,0.0,0.0,3,4,3,0,0,0,1,5,1,1,0,0,9,1,1,6,5,6,1,0,0,1,1,0,1,4,5,3,9
2012.0,66.0,0.0,0.0,3,4,3,1,0,0,0,1,1,1,0,0,1,1,1,10,5,6,1,0,0,1,2,0,4,9,4,9,2
2012.0,325.776,1.0,0.0,3,6,3,0,0,0,1,2,1,1,0,1,2,1,1,11,5,6,1,0,0,1,0,0,6,8,5,8,3
2012.0,-24.816,0.0,0.0,3,6,3,0,0,0,1,2,1,1,0,0,2,1,1,13,5,6,1,0,0,2,2,0,6,0,5,3,3
2012.0,17.952,0.0,0.0,3,10,3,0,0,0,1,5,0,1,0,0,5,1,1,14,5,6,1,0,0,2,0,0,4,4,5,3,3
2012.0,200.112,2.0,0.0,2,1,3,0,0,0,1,9,1,1,0,1,2,1,1,16,5,6,1,1,0,2,1,0,6,5,5,3,9
2012.0,73.92,0.0,0.0,3,10,3,0,0,0,0,1,1,1,0,1,1,1,1,16,5,6,1,1,0,1,1,0,2,5,5,3,3
2012.0,261.888,0.0,0.0,3,6,3,0,0,0,1,9,1,1,0,1,9,1,1,16,5,6,1,1,0,1,1,0,6,7,5,8,8
2012.0,-299.904,0.0,0.0,3,6,3,0,0,0,0,5,1,1,0,1,5,1,1,18,5,6,1,1,0,1,1,0,6,0,5,8,3
2012.0,249.744,2.0,0.0,3,1,0,0,0,0,1,5,1,1,0,1,9,1,1,19,5,6,1,1,0,2,1,0,6,5,5,3,9
2012.0,-140.976,1.0,0.0,2,3,3,0,0,0,0,9,1,1,1,1,1,1,1,11,6,6,1,0,0,2,1,0,6,9,5,6,3
2012.0,50.16,1.0,0.0,3,6,3,0,0,0,0,1,1,1,0,1,1,1,1,15,6,6,1,0,0,1,1,0,2,0,5,8,3
2012.0,0.0,2.0,0.0,3,4,3,0,0,0,1,1,1,1,0,1,9,1,1,5,0,6,0,0,0,1,2,0,4,2,5,3,9
2012.0,240.24,1.0,0.0,1,1,3,0,0,3,1,2,1,1,0,1,9,1,1,9,0,6,0,1,0,2,1,0,6,6,5,3,7
2012.0,276.144,0.0,0.0,3,10,3,0,0,0,1,1,1,1,0,1,1,1,1,13,0,6,0,0,0,2,1,0,6,9,5,3,2
2012.0,-200.112,0.0,0.0,3,6,3,0,0,0,1,9,1,1,0,1,9,1,1,16,0,6,0,1,0,2,1,0,6,8,5,8,3
2012.0,50.16,0.0,0.0,3,6,3,0,0,0,0,5,1,1,0,0,5,1,1,16,0,6,0,1,0,1,2,0,4,7,5,8,3
2012.0,-60.192,0.0,0.0,3,6,3,0,0,0,1,2,1,1,0,0,2,1,1,16,0,6,0,1,0,2,2,0,4,0,5,8,3
2012.0,0.0,0.0,0.0,3,10,3,0,0,0,1,2,1,1,0,1,2,1,1,7,1,6,0,1,0,1,1,0,4,7,5,9,3
2012.0,0.0,1.0,0.0,2,1,3,0,0,0,0,9,1,1,0,1,5,1,1,9,1,6,0,1,0,1,1,0,4,2,5,9,3
2012.0,-125.136,0.0,0.0,3,6,3,0,0,0,1,1,1,1,0,1,1,1,1,11,1,6,0,0,0,1,0,0,6,7,5,8,3
2012.0,0.0,0.0,0.0,3,10,3,0,0,0,0,1,1,1,0,0,1,1,1,11,1,6,0,0,0,1,1,0,2,5,5,9,9
2012.0,0.0,0.0,0.0,3,1,3,0,0,0,1,1,1,1,0,1,4,1,1,12,1,6,0,0,0,1,1,0,2,5,5,9,3
2012.0,54.912,0.0,0.0,3,6,3,0,0,0,1,5,1,1,0,1,5,1,1,14,1,6,0,0,0,2,0,0,6,7,5,8,3
2012.0,-35.904,0.0,0.0,3,6,3,0,0,0,0,1,1,1,0,1,1,1,1,15,1,6,0,0,0,2,1,0,6,0,5,3,9
2012.0,0.0,3.0,0.0,2,4,3,0,0,0,1,5,1,1,0,0,9,1,1,16,1,6,0,1,0,2,1,0,4,2,5,3,9
2012.0,-10.032,0.0,0.0,3,6,3,0,0,0,1,5,1,1,0,0,5,1,1,17,1,6,0,1,0,1,1,0,4,7,5,9,9