Year,Distance,Totalinjuries,Totalfatalities,Injuryseverity,Collisionmanner,Lightcondition,Weather,SurfaceCondition,Unittype_One,Gender_Drv1,Traveldirection_One,AlcoholUse_Drv1,DrugUse_Drv1,Unittype_Two,Gender_Drv2,Traveldirection_Two,AlcoholUse_Drv2,DrugUse_Drv2,Hour,Weekday,Month,Weekend,Rush_Hour,Hazardous_Road,Age_Group_Drv1,Age_Group_Drv2,Substance_Use,Junction_Category,Violation_Category_Drv1,Violation_Category_Drv2,Unitaction_Category_Two,Unitaction_Category_One
2012.0,139.92,0.0,0.0,3,6,3,0,0,0,0,9,1,1,0,1,9,1,1,17,1,6,0,1,0,1,2,0,2,5,7,3,8
2012.0,149.952,1.0,0.0,2,1,3,0,0,0,1,1,1,1,0,1,2,1,1,18,1,6,0,1,0,2,2,0,0,7,5,3,9
2012.0,0.0,1.0,0.0,3,6,3,0,0,0,1,5,1,1,0,0,5,1,1,12,2,6,0,0,0,2,1,0,6,7,5,8,3
2012.0,237.072,0.0,0.0,3,6,3,0,0,0,1,2,1,1,0,0,2,1,1,13,2,6,0,0,0,1,1,0,6,7,5,8,3
2012.0,60.192,0.0,0.0,3,6,3,0,0,0,1,5,1,1,0,1,5,1,1,17,2,6,0,1,0,1,2,0,4,7,5,8,3
2012.0,0.0,0.0,0.0,3,4,3,0,0,0,0,9,1,1,0,0,2,1,1,18,2,6,0,1,0,1,1,0,2,2,5,9,3
2012.0,0.0,1.0,0.0,2,1,3,0,0,0,1,2,1,1,0,1,1,1,1,18,2,6,0,1,0,0,1,0,4,4,5,3,9
2012.0,0.0,1.0,0.0,3,6,0,0,0,3,1,5,1,1,0,1,9,1,1,20,2,6,0,0,0,2,1,0,2,5,5,3,7
2012.0,74.976,1.0,0.0,1,1,0,0,0,2,1,9,1,1,0,1,5,1,1,20,2,6,0,0,0,1,1,0,4,2,5,3,3
2012.0,-40.128,0.0,0.0,3,10,0,0,0,0,2,5,1,1,0,0,5,1,1,21,2,6,0,0,0,0,1,0,4,9,5,2,5
2012.0,20.064,0.0,0.0,3,6,3,0,0,0,0,9,1,1,0,0,9,1,1,8,3,6,0,1,0,2,0,0,2,0,5,9,9
2012.0,0.0,2.0,0.0,2,4,3,0,0,0,1,1,1,1,0,1,9,1,1,9,3,6,0,1,0,0,0,0,2,2,5,3,9
2012.0,1056.0,0.0,0.0,3,1,3,0,0,2,1,2,1,1,0,1,1,1,1,11,3,6,0,0,0,2,1,0,6,5,5,9,5
2012.0,-893.904,1.0,0.0,1,3,3,0,0,0,1,3,1,1,0,1,9,1,1,12,3,6,0,0,0,1,2,0,0,5,5,3,9
2012.0,559.152,2.0,0.0,2,6,3,0,0,0,1,1,1,1,0,1,1,1,1,13,3,6,0,0,0,2,1,0,6,7,5,8,3
2012.0,0.0,0.0,0.0,3,4,3,0,0,0,0,7,1,1,0,1,1,1,1,15,3,6,0,0,0,0,1,0,3,5,5,3,9
2012.0,-89.76,0.0,0.0,3,10,3,0,0,0,2,2,1,1,1,1,2,1,1,15,3,6,0,0,0,0,1,0,4,5,5,6,5
2012.0,0.0,2.0,0.0,3,4,3,0,0,0,0,3,1,1,0,1,5,1,1,16,3,6,0,1,0,1,1,0,4,2,5,3,9
2012.0,53.856,0.0,0.0,3,6,3,0,0,0,2,5,1,1,0,0,5,1,1,16,3,6,0,1,0,0,1,0,4,7,5,8,3
2012.0,-86.064,0.0,0.0,3,1,3,0,0,0,1,5,1,1,0,0,9,1,1,17,3,6,0,1,0,2,1,0,4,4,5,3,9
2012.0,-262.944,2.0,0.0,2,10,3,0,0,0,0,3,1,1,0,0,2,1,1,18,3,6,0,1,0,2,1,0,6,9,5,3,2
2012.0,-299.904,0.0,0.0,3,12,3,0,0,0,1,6,1,1,0,1,4,1,1,19,3,6,0,1,0,2,0,0,6,2,5,9,9
2012.0,-360.096,0.0,0.0,3,4,3,0,0,0,1,5,1,1,0,0,9,1,1,9,4,6,0,1,0,2,1,0,0,5,5,8,9
2012.0,0.0,0.0,0.0,3,6,3,0,0,0,1,5,1,1,0,0,5,1,1,9,4,6,0,1,0,2,1,0,6,7,5,8,8
2012.0,0.0,3.0,0.0,2,1,3,0,0,0,0,9,1,1,0,0,2,1,1,10,4,6,0,0,0,1,1,0,4,2,5,3,3
2012.0,-172.128,0.0,0.0,3,10,3,0,0,0,1,2,1,1,0,0,2,1,1,12,4,6,0,0,0,1,2,0,6,8,5,3,0
2012.0,0.0,0.0,0.0,3,1,3,0,0,0,0,1,1,1,0,1,2,1,1,13,4,6,0,0,0,1,2,0,6,0,5,3,9
2012.0,-153.12,1.0,0.0,2,6,3,0,0,0,1,1,1,1,0,1,1,1,1,13,4,6,0,0,0,1,1,0,2,0,5,3,3
2012.0,70.224,0.0,0.0,3,6,3,0,0,0,1,1,1,1,0,1,6,1,1,15,4,6,0,0,0,1,1,0,6,7,5,9,3
2012.0,119.856,1.0,0.0,2,6,3,0,0,0,0,1,1,1,0,1,1,1,1,16,4,6,0,1,0,1,1,0,6,7,5,8,3
2012.0,64.944,0.0,0.0,3,6,3,0,0,0,1,5,1,1,0,0,5,1,1,16,4,6,0,1,0,1,1,0,4,7,5,8,3
2012.0,-531.168,0.0,0.0,3,6,3,0,0,0,0,1,1,1,0,0,1,1,1,16,4,6,0,1,0,1,1,0,6,7,5,8,3
2012.0,-48.048,0.0,0.0,3,10,3,0,0,0,0,2,1,1,0,1,2,1,1,17,4,6,0,1,0,0,1,0,2,0,5,3,2
2012.0,99.792,1.0,0.0,2,5,3,0,0,0,1,9,1,1,3,1,9,1,1,17,4,6,0,1,0,1,1,0,6,9,5,5,3
2012.0,0.0,0.0,0.0,3,4,3,0,0,0,1,5,1,1,0,0,9,1,1,17,4,6,0,1,0,1,2,0,4,2,5,3,9
2012.0,146.784,2.0,0.0,2,3,3,0,0,0,0,5,1,1,1,1,2,1,1,17,4,6,0,1,0,2,1,0,6,9,5,6,3
2012.0,50.16,0.0,0.0,3,6,3,0,0,0,1,5,1,1,0,1,5,1,1,17,4,6,0,1,0,2,2,0,4,7,5,8,3
2012.0,129.888,3.0,0.0,2,6,3,0,0,0,0,1,1,1,0,0,1,1,1,18,4,6,0,1,0,2,1,0,6,7,5,8,8
2012.0,-674.784,0.0,0.0,3,1,0,0,0,0,1,5,1,0,0,0,9,1,1,0,5,6,1,0,0,2,2,0,6,4,5,3,1
2012.0,0.0,1.0,0.0,1,1,0,0,0,0,1,2,0,1,0,1,1,1,1,1,5,6,1,0,0,2,1,0,4,2,5,3,3
2012.0,0.0,0.0,0.0,3,5,3,0,0,0,1,1,1,1,0,0,2,1,1,6,5,6,1,0,0,0,1,0,2,2,5,3,3
2012.0,-212.256,0.0,0.0,3,1,3,0,0,0,0,9,1,1,0,1,2,1,1,13,5,6,1,0,0,2,0,0,0,2,5,3,9
2012.0,-74.976,0.0,0.0,3,6,3,0,0,0,1,2,1,1,0,1,2,1,1,14,5,6,1,0,0,1,1,0,4,8,5,8,3
2012.0,0.0,0.0,0.0,3,4,3,0,0,0,0,5,1,1,0,1,9,1,1,17,5,6,1,1,0,1,1,0,4,4,5,3,9
2012.0,327.888,0.0,0.0,3,10,3,0,0,0,1,1,1,1,0,1,1,1,1,17,5,6,1,1,0,0,1,0,4,9,9,3,3
2012.0,0.0,0.0,0.0,3,1,0,0,0,0,0,5,1,1,0,0,1,1,1,21,5,6,1,0,0,0,2,0,4,5,5,9,3
2012.0,202.224,0.0,0.0,3,6,3,0,0,0,1,1,1,1,0,0,1,1,1,8,6,6,1,1,0,1,2,0,4,5,5,8,8
2012.0,171.072,0.0,0.0,3,6,3,0,0,0,1,5,1,1,0,0,5,1,1,12,6,6,1,0,0,2,1,0,4,0,5,3,3
2012.0,0.0,1.0,0.0,3,4,3,0,0,0,1,5,1,1,0,1,1,1,1,5,0,6,0,0,0,1,1,0,4,0,5,3,9
2012.0,-621.984,0.0,0.0,3,6,3,0,0,0,0,9,1,1,0,0,9,1,1,8,0,6,0,1,0,1,1,0,6,0,5,8,3
2012.0,-109.824,0.0,0.0,3,10,3,0,0,0,1,1,1,1,0,1,1,1,1,9,0,6,0,1,0,2,0,0,6,5,5,5,5
2012.0,0.0,2.0,0.0,2,1,3,0,0,0,0,3,1,1,0,1,5,1,1,11,0,6,0,0,0,1,1,0,4,2,5,3,9
2012.0,-202.224,0.0,0.0,3,4,3,0,0,0,1,9,1,1,0,1,2,1,1,12,0,6,0,0,0,2,2,0,4,5,5,3,9
2012.0,64.944,0.0,0.0,3,4,3,0,0,0,1,4,1,1,0,1,5,1,1,12,0,6,0,0,0,0,0,0,0,4,5,3,9
2012.0,211.2,0.0,0.0,3,10,3,0,0,0,0,9,1,1,0,0,9,1,1,15,0,6,0,0,0,1,1,0,4,9,5,3,2
2012.0,0.0,1.0,0.0,2,4,3,0,0,0,1,9,1,1,0,1,1,1,1,16,0,6,0,1,0,1,1,0,2,5,5,3,9
2012.0,10.032,1.0,0.0,3,5,3,0,0,2,0,2,1,1,0,0,9,1,1,16,0,6,0,1,0,2,2,0,1,2,0,3,7
2012.0,25.872,1.0,0.0,1,1,0,0,0,3,1,9,1,1,0,1,5,1,1,22,0,6,0,0,0,2,0,0,2,2,5,3,7
2012.0,0.0,2.0,0.0,3,1,3,0,0,0,0,1,1,1,0,0,7,1,1,11,1,6,0,0,0,0,1,0,4,2,5,9,3
2012.0,-115.104,0.0,0.0,3,1,3,0,0,0,0,6,1,1,0,0,1,1,1,13,1,6,0,0,0,1,1,0,4,9,5,3,2
2012.0,545.952,1.0,0.0,2,1,3,0,0,2,1,9,1,1,0,0,2,1,1,13,1,6,0,0,0,2,1,0,6,5,5,9,3
2012.0,458.832,0.0,0.0,3,1,3,0,0,0,0,2,1,1,0,0,2,1,1,14,1,6,0,0,0,2,0,0,6,5,5,3,2
2012.0,-80.256,0.0,0.0,3,10,3,0,0,0,0,1,1,1,0,0,1,1,1,16,1,6,0,1,0,1,1,0,4,9,5,3,2
2012.0,-81.84,0.0,0.0,3,12,3,4,3,0,1,8,1,1,0,0,8,1,1,16,1,6,0,1,0,2,1,0,6,5,5,5,5
2012.0,-340.032,0.0,0.0,3,1,3,0,0,0,1,5,1,1,0,0,1,1,1,17,1,6,0,1,0,1,1,0,6,5,5,3,9
2012.0,-40.128,0.0,0.0,3,6,4,0,0,0,0,1,1,1,0,1,1,1,1,18,1,6,0,1,0,1,1,0,6,7,5,8,3
2012.0,-68.112,2.0,0.0,3,6,0,0,0,0,1,1,1,1,0,0,1,1,1,22,1,6,0,0,0,0,1,0,2,7,5,8,3
2012.0,0.0,2.0,0.0,3,1,3,0,0,0,0,9,1,1,0,1,2,1,1,8,2,6,0,1,0,2,1,0,4,2,5,3,3
2012.0,64.944,0.0,0.0,3,1,3,0,0,0,0,4,1,1,0,0,2,1,1,9,2,6,0,1,0,0,0,0,6,0,5,3,9
2012.0,-99.264,0.0,0.0,3,6,3,0,0,0,1,1,1,1,0,1,1,1,1,11,2,6,0,0,0,0,1,0,4,0,5,8,3
2012.0,119.856,0.0,0.0,3,7,3,0,0,0,0,2,1,1,0,0,1,1,1,17,2,6,0,1,0,2,1,0,6,5,5,3,1
2012.0,400.224,0.0,0.0,3,6,0,0,0,0,0,1,1,1,0,1,1,1,1,20,2,6,0,0,0,2,2,0,6,7,5,8,8
2012.0,0.0,1.0,0.0,2,4,3,0,0,0,1,2,1,1,3,0,1,1,1,5,3,6,0,0,0,1,2,0,4,4,5,3,9
2012.0,85.008,0.0,0.0,3,6,3,0,0,0,1,9,1,1,0,1,9,1,1,7,3,6,0,1,0,2,2,0,4,0,5,8,3
2012.0,0.0,1.0,0.0,3,4,3,0,0,0,1,1,1,1,0,0,9,1,1,9,3,6,0,1,0,2,1,0,4,5,5,3,9
2012.0,0.0,0.0,0.0,3,10,3,0,0,0,1,9,1,1,0,1,9,1,1,11,3,6,0,0,0,1,1,0,4,5,5,9,3
2012.0,186.912,0.0,0.0,3,1,3,0,0,0,0,1,1,1,0,0,5,1,1,11,3,6,0,0,0,1,1,0,6,5,5,3,5
2012.0,20.064,0.0,0.0,3,6,3,0,0,0,0,2,1,1,0,0,2,1,1,12,3,6,0,0,0,0,1,0,4,0,5,8,8
2012.0,344.784,1.0,0.0,3,6,3,0,0,0,1,1,1,1,0,0,1,1,1,13,3,6,0,0,0,2,1,0,4,0,5,8,3
2012.0,43.824,0.0,0.0,3,1,3,0,0,0,0,3,1,1,0,1,1,1,1,15,3,6,0,0,0,2,1,0,4,5,5,3,9
2012.0,-459.888,0.0,0.0,3,6,3,0,0,0,1,1,1,1,0,1,1,1,1,15,3,6,0,0,0,2,0,0,4,0,5,8,3
2012.0,180.048,4.0,0.0,3,6,3,0,0,0,0,2,1,1,0,0,2,1,1,17,3,6,0,1,0,1,1,0,4,0,5,8,3
2012.0,550.176,0.0,0.0,3,10,3,0,0,0,2,9,1,1,0,1,9,1,1,18,3,6,0,1,0,0,0,0,6,9,5,3,5
2012.0,149.952,0.0,0.0,3,6,3,0,0,0,0,9,1,1,0,0,9,1,1,8,4,6,0,1,0,2,2,0,0,8,5,8,3
2012.0,66.0,0.0,0.0,3,1,3,0,0,0,1,3,1,1,0,1,1,1,1,10,4,6,0,0,0,0,2,0,4,5,5,3,9
2012.0,24.816,2.0,0.0,3,6,3,0,0,0,1,9,1,1,0,0,9,1,1,12,4,6,0,0,0,1,1,0,2,0,5,8,3
2012.0,-70.224,0.0,0.0,3,6,3,0,0,0,1,2,1,1,0,1,5,1,1,12,4,6,0,0,0,1,1,0,6,5,5,6,1
2012.0,-415.008,0.0,0.0,3,10,3,0,0,0,1,1,1,1,0,0,1,1,1,12,4,6,0,0,0,1,1,0,6,9,5,3,2
2012.0,-79.2,2.0,0.0,3,6,3,0,0,0,1,9,1,1,0,1,9,1,1,12,4,6,0,0,0,1,1,0,6,8,5,8,3
2012.0,-60.192,0.0,0.0,3,6,3,0,0,0,0,7,1,1,0,1,7,1,1,13,4,6,0,0,0,2,1,0,4,0,5,8,3
2012.0,0.0,0.0,0.0,3,4,3,0,0,0,1,5,1,1,0,0,1,1,1,16,4,6,0,1,0,2,1,0,4,2,5,3,9
2012.0,-70.224,0.0,0.0,3,6,3,0,0,0,1,5,1,1,0,0,5,1,1,16,4,6,0,1,0,2,2,0,6,7,5,8,3
2012.0,-528.0,3.0,0.0,3,4,3,4,0,0,0,4,1,1,0,0,5,1,1,17,4,6,0,1,0,1,2,0,6,5,5,3,5
2012.0,0.0,0.0,0.0,3,4,3,0,0,0,1,9,0,1,0,0,2,1,1,18,4,6,0,1,0,0,1,0,4,2,5,3,9
2012.0,0.0,1.0,0.0,1,1,3,0,0,0,0,9,1,1,3,0,5,1,1,18,4,6,0,1,0,1,2,0,4,0,5,7,9
2012.0,0.0,0.0,0.0,3,4,0,0,0,0,1,9,0,1,0,0,1,1,1,22,4,6,0,0,0,1,2,0,4,2,5,3,9
2012.0,114.048,0.0,0.0,3,10,3,0,0,0,1,1,1,1,0,0,1,1,1,6,5,6,1,0,0,1,1,0,6,0,5,3,3
2012.0,50.16,0.0,0.0,3,6,3,0,0,0,1,2,1,1,0,1,2,1,1,7,5,6,1,1,0,1,2,0,0,8,5,8,8
2012.0,0.0,1.0,0.0,2,4,3,0,0,0,1,2,1,1,0,1,1,1,1,9,5,6,1,1,0,1,1,0,4,0,5,8,9
2012.0,0.0,1.0,0.0,2,3,3,0,0,0,0,1,1,1,0,0,9,1,1,13,5,6,1,0,0,2,1,0,2,9,5,3,3
2012.0,-10.032,1.0,0.0,3,1,3,0,0,2,1,2,1,1,0,1,1,1,1,13,5,6,1,0,0,2,1,0,4,9,5,3,3
2012.0,0.0,0.0,0.0,3,4,3,0,0,0,0,9,1,1,0,0,3,1,1,15,5,6,1,0,0,0,1,0,4,2,5,9,3
2012.0,-80.256,0.0,0.0,3,10,3,0,0,0,1,3,1,1,0,0,2,1,1,18,5,6,1,1,0,2,1,0,4,4,5,8,9
2012.0,1320.0,1.0,0.0,3,6,3,0,0,0,1,5,1,1,0,1,5,1,1,18,5,6,1,1,0,1,1,0,6,0,5,8,3
2012.0,0.0,3.0,0.0,3,4,0,0,0,0,1,9,1,1,0,1,2,1,1,19,5,6,1,1,0,1,1,0,4,2,5,9,3
2012.0,42.24,1.0,0.0,2,4,0,0,0,0,1,7,1,1,0,0,1,1,1,19,5,6,1,1,0,2,1,0,4,4,5,3,9
2012.0,-115.104,2.0,0.0,2,1,0,0,0,0,1,9,1,1,0,1,1,1,1,20,5,6,1,0,0,0,1,0,6,5,5,3,3
2012.0,1000.032,0.0,0.0,3,7,0,0,0,0,1,3,1,1,1,1,1,1,1,23,5,6,1,0,0,1,1,0,6,5,5,6,5
2012.0,388.08,1.0,0.0,3,1,0,0,0,3,1,5,0,1,0,1,9,1,1,3,6,6,1,0,0,1,1,0,6,6,5,3,7
2012.0,293.04,1.0,0.0,3,1,3,0,0,0,2,7,1,1,3,1,9,1,1,7,6,6,1,1,0,0,1,0,6,5,5,3,5
2012.0,0.0,0.0,0.0,3,4,3,0,0,0,1,9,1,1,0,0,3,1,1,8,6,6,1,1,0,1,2,0,2,2,5,9,3
2012.0,267.168,0.0,0.0,3,9,3,0,0,0,1,7,1,1,0,1,5,1,1,9,6,6,1,1,0,0,1,0,6,0,5,8,9
2012.0,0.0,1.0,0.0,2,4,3,0,0,0,1,9,1,1,0,1,1,1,1,10,6,6,1,0,0,0,1,0,4,5,5,3,9
2012.0,-30.096,0.0,0.0,3,10,3,0,0,0,0,2,1,1,0,1,2,1,1,18,6,6,1,1,0,2,1,0,3,9,5,3,2
2012.0,32.208,2.0,0.0,2,6,0,0,0,0,0,5,1,1,0,1,5,1,1,20,6,6,1,0,0,1,1,0,4,7,5,8,3
2012.0,20.064,0.0,0.0,3,6,0,0,0,0,0,5,1,1,0,0,5,1,1,21,6,6,1,0,0,1,2,0,4,7,5,3,3
2012.0,0.0,0.0,0.0,3,1,4,0,0,0,2,1,1,1,0,1,5,1,1,4,0,6,0,0,0,0,0,0,4,2,5,3,3
2012.0,70.224,0.0,0.0,3,6,3,0,0,0,0,1,1,1,0,1,1,1,1,8,0,6,0,1,0,1,0,0,6,5,5,3,9
2012.0,-70.224,0.0,0.0,3,10,3,0,0,0,1,1,1,1,0,1,1,1,1,12,0,6,0,0,0,1,1,0,4,4,5,8,3
2012.0,-149.952,0.0,0.0,3,6,3,0,0,0,0,5,1,1,0,1,5,1,1,15,0,6,0,0,0,2,1,0,6,8,5,8,3
2012.0,-547.008,0.0,0.0,3,1,3,0,0,2,0,9,1,1,0,1,2,1,1,17,0,6,0,1,0,2,1,0,0,5,5,9,3
2012.0,-170.016,0.0,0.0,3,6,3,0,0,0,1,2,1,1,0,0,2,1,1,17,0,6,0,1,0,2,1,0,6,8,5,8,3
2012.0,0.0,0.0,0.0,3,1,3,0,0,0,1,2,1,1,0,1,1,1,1,17,0,6,0,1,0,2,1,0,6,5,5,3,9
2012.0,0.0,0.0,0.0,3,1,3,0,0,0,1,5,1,1,0,1,1,1,1,17,0,6,0,1,0,1,1,0,4,0,5,3,3
2012.0,1320.0,1.0,0.0,3,12,3,4,3,0,1,8,1,1,0,1,8,1,1,17,0,6,0,1,0,1,1,0,6,5,5,5,5
2012.0,-10.032,0.0,0.0,3,1,3,0,0,0,1,7,1,1,0,1,7,1,1,18,0,6,0,1,0,1,1,0,6,9,5,3,3
2012.0,-60.192,0.0,0.0,3,6,3,0,0,0,1,1,0,1,0,0,1,1,1,18,0,6,0,1,0,1,0,0,4,0,5,8,3
2012.0,-224.928,1.0,0.0,2,6,3,0,0,0,1,1,1,1,0,1,1,1,1,18,0,6,0,1,0,2,1,0,6,8,5,8,3
2012.0,-485.232,0.0,0.0,3,4,3,0,0,0,1,2,1,1,0,0,5,1,1,18,0,6,0,1,0,0,1,0,0,4,4,9,9
2012.0,50.16,0.0,0.0,3,6,0,0,0,0,0,5,1,1,0,1,5,1,1,20,0,6,0,0,0,2,2,0,2,7,5,8,3
2012.0,-50.16,0.0,0.0,3,1,0,0,0,0,1,5,1,1,2,1,1,1,1,23,0,6,0,0,0,2,1,0,6,2,9,3,9
2012.0,0.0,0.0,0.0,3,1,3,0,0,0,1,1,1,1,0,0,2,1,1,6,1,6,0,0,0,2,1,0,4,2,5,9,3
2012.0,0.0,1.0,0.0,3,1,3,0,0,0,0,9,1,1,0,0,3,1,1,7,1,6,0,1,0,1,1,0,4,2,5,9,3
2012.0,89.76,0.0,0.0,3,6,3,0,0,0,1,9,1,1,0,1,9,1,1,8,1,6,0,1,0,2,0,0,4,0,5,8,3
2012.0,190.08,2.0,0.0,3,6,3,0,0,0,0,9,1,1,0,0,9,1,1,10,1,6,0,0,0,1,1,0,4,8,5,8,3
2012.0,89.76,0.0,0.0,3,6,3,0,0,0,1,9,1,1,0,1,9,1,1,11,1,6,0,0,0,1,1,0,6,0,5,3,3
2012.0,-20.064,0.0,0.0,3,6,3,0,0,0,1,2,1,1,0,0,2,1,1,12,1,6,0,0,0,2,2,0,6,7,5,3,3
2012.0,0.0,0.0,0.0,3,4,3,0,0,0,1,1,1,1,0,1,5,1,1,12,1,6,0,0,0,1,1,0,4,5,5,3,9
2012.0,623.04,2.0,0.0,3,6,3,0,0,0,1,1,1,1,0,0,1,1,1,15,1,6,0,0,0,2,1,0,6,0,5,8,3
2012.0,-130.944,0.0,0.0,3,6,3,0,0,0,1,1,1,1,0,0,1,1,1,16,1,6,0,1,0,1,1,0,6,0,5,8,3
2012.0,102.96,0.0,0.0,3,6,3,0,0,0,1,5,1,1,0,0,5,1,1,16,1,6,0,1,0,2,1,0,4,7,5,8,3
2012.0,0.0,0.0,0.0,3,12,3,4,3,0,1,8,1,1,0,1,8,1,1,18,1,6,0,1,0,2,1,0,6,5,5,5,5
2012.0,-96.096,2.0,0.0,3,6,0,0,0,0,1,9,1,1,0,0,9,1,1,22,1,6,0,0,0,2,2,0,4,7,5,3,3
2012.0,40.128,1.0,0.0,2,4,3,0,0,0,1,2,1,1,3,0,9,1,1,7,2,6,0,1,0,1,1,0,4,2,5,7,9
2012.0,139.92,0.0,0.0,3,10,3,0,0,0,1,5,1,1,0,0,5,1,1,8,2,6,0,1,0,2,1,0,4,9,5,3,2
2012.0,-127.248,1.0,0.0,2,6,3,0,0,0,0,9,1,1,0,0,9,1,1,9,2,6,0,1,0,2,1,0,0,0,5,8,3
2012.0,-238.128,2.0,0.0,3,6,3,0,0,0,0,5,1,1,0,1,5,1,1,9,2,6,0,1,0,1,1,0,0,7,5,8,3
2012.0,-242.88,0.0,0.0,3,10,3,0,0,0,0,3,1,1,0,0,2,1,1,10,2,6,0,0,0,1,1,0,6,2,5,3,9
2012.0,89.76,0.0,0.0,3,1,3,0,0,0,1,3,1,1,0,0,2,1,1,10,2,6,0,0,0,1,1,0,4,5,5,3,5
2012.0,203.808,0.0,0.0,3,6,3,0,0,0,1,1,1,1,0,1,1,1,1,12,2,6,0,0,0,0,2,0,0,7,5,8,3
2012.0,0.0,0.0,0.0,3,4,3,0,0,0,1,3,1,1,0,0,9,1,1,13,2,6,0,0,0,1,1,0,4,4,5,3,9
2012.0,0.0,7.0,0.0,3,4,3,0,0,0,1,1,1,1,0,1,9,1,1,13,2,6,0,0,0,2,1,0,4,5,5,3,9
2012.0,180.048,0.0,0.0,3,10,3,0,0,0,0,9,1,1,0,1,9,1,1,14,2,6,0,0,0,0,1,0,2,9,5,0,2
2012.0,1320.0,1.0,0.0,3,6,3,0,0,0,0,4,1,1,0,1,4,1,1,17,2,6,0,1,0,2,1,0,6,0,5,8,8
2012.0,-85.008,0.0,0.0,3,1,3,0,0,0,2,2,1,1,0,0,2,1,1,17,2,6,0,1,0,0,1,0,4,9,5,3,2
2012.0,0.0,1.0,0.0,2,1,3,0,0,0,1,2,1,1,0,0,1,1,1,8,3,6,0,1,0,1,1,0,4,2,5,3,3
2012.0,-146.256,0.0,0.0,3,7,3,0,0,0,1,2,1,1,0,1,5,1,1,9,3,6,0,1,0,0,1,0,6,5,5,1,1
2012.0,0.0,1.0,0.0,2,1,3,0,0,0,1,5,1,1,0,0,9,1,1,9,3,6,0,1,0,2,1,0,4,2,5,3,3
2012.0,0.0,2.0,0.0,3,1,3,0,0,0,1,9,1,1,0,0,5,1,1,10,3,6,0,0,0,0,2,0,4,2,5,3,3
2012.0,345.84,0.0,0.0,3,6,3,0,0,0,1,2,1,1,0,1,2,1,1,12,3,6,0,0,0,1,1,0,6,7,5,8,3
2012.0,266.112,0.0,0.0,3,1,3,0,0,0,1,5,1,1,0,1,9,1,1,14,3,6,0,0,0,2,1,0,0,4,5,3,9
2012.0,-200.112,0.0,0.0,3,10,3,0,0,0,1,1,1,1,0,0,1,1,1,19,3,6,0,1,0,1,1,0,4,9,5,3,2
2012.0,-680.064,0.0,0.0,3,1,3,0,0,0,1,5,1,1,0,0,5,1,1,6,4,6,0,0,0,1,1,0,1,9,5,3,2
2012.0,0.0,0.0,0.0,3,10,3,0,0,0,0,9,1,1,0,0,9,1,1,11,4,6,0,0,0,2,0,0,0,5,5,9,2
2012.0,73.92,0.0,0.0,3,6,3,0,0,0,1,1,1,1,0,1,1,1,1,12,4,6,0,0,0,2,1,0,4,0,5,8,3
2012.0,-213.84,0.0,0.0,3,8,3,0,0,0,1,1,1,1,0,0,5,1,1,12,4,6,0,0,0,1,1,0,6,7,5,3,1
2012.0,-70.224,0.0,0.0,3,6,3,0,0,0,0,1,1,1,0,0,1,1,1,13,4,6,0,0,0,2,2,0,4,7,5,8,3
2012.0,-50.16,0.0,0.0,3,10,3,0,0,0,1,9,1,1,0,0,9,1,1,14,4,6,0,0,0,0,1,0,2,9,5,3,5
2012.0,0.0,0.0,0.0,3,1,3,0,0,0,1,1,1,1,0,1,5,1,1,14,4,6,0,0,0,0,0,0,2,2,5,3,9
2012.0,-71.808,0.0,0.0,3,6,3,0,0,0,1,6,1,1,0,1,6,1,1,17,4,6,0,1,0,1,1,0,4,0,5,8,3
2012.0,80.256,0.0,0.0,3,6,0,0,0,0,1,5,1,1,0,1,5,1,1,20,4,6,0,0,0,1,0,0,4,7,5,8,8
2012.0,-380.16,0.0,0.0,3,10,0,0,0,0,1,1,1,1,0,0,1,1,1,0,5,6,1,0,0,1,1,0,6,9,5,3,2
2012.0,269.808,0.0,0.0,3,10,3,0,0,0,0,7,1,1,0,1,5,1,1,6,5,6,1,0,0,0,1,0,6,2,5,3,2
2012.0,-57.024,0.0,0.0,3,6,3,0,0,0,0,1,1,1,0,0,1,1,1,8,5,6,1,1,0,0,1,0,4,7,5,8,3
2012.0,-139.92,0.0,0.0,3,10,3,0,0,0,1,2,1,1,0,1,2,1,1,13,5,6,1,0,0,1,1,0,6,0,5,3,2
2012.0,95.04,0.0,0.0,3,6,3,0,0,0,1,1,1,1,0,1,1,1,1,15,5,6,1,0,0,2,2,0,6,7,5,8,3
2012.0,-121.968,0.0,0.0,3,6,3,0,0,0,1,1,1,1,0,1,1,1,1,19,5,6,1,1,0,2,1,0,4,7,5,8,3
2012.0,0.0,0.0,0.0,3,1,3,0,0,0,1,2,1,1,0,0,9,1,1,19,5,6,1,1,0,1,1,0,4,2,5,3,3
2012.0,66.0,0.0,0.0,3,1,0,0,0,0,0,5,1,1,0,0,5,1,1,21,5,6,1,0,0,2,1,0,4,7,5,8,8
2012.0,-180.048,1.0,0.0,3,4,0,0,0,0,1,2,0,1,0,1,5,1,1,3,6,6,1,0,0,2,1,0,0,4,5,3,9