Year,Distance,Totalinjuries,Totalfatalities,Injuryseverity,Collisionmanner,Lightcondition,Weather,SurfaceCondition,Unittype_One,Gender_Drv1,Traveldirection_One,AlcoholUse_Drv1,DrugUse_Drv1,Unittype_Two,Gender_Drv2,Traveldirection_Two,AlcoholUse_Drv2,DrugUse_Drv2,Hour,Weekday,Month,Weekend,Rush_Hour,Hazardous_Road,Age_Group_Drv1,Age_Group_Drv2,Substance_Use,Junction_Category,Violation_Category_Drv1,Violation_Category_Drv2,Unitaction_Category_Two,Unitaction_Category_One
2012.0,-83.952,1.0,0.0,3,6,0,0,0,0,1,1,0,1,0,1,1,1,1,3,6,6,1,0,0,1,1,0,4,7,5,8,3
2012.0,500.016,0.0,0.0,3,6,0,4,3,0,1,1,1,1,1,1,8,1,1,5,6,6,1,0,0,1,2,0,6,0,5,5,3
2012.0,-119.856,0.0,0.0,3,1,3,0,0,0,1,5,0,1,1,1,2,1,1,6,6,6,1,0,0,2,1,0,6,7,5,6,9
2012.0,-1372.8,0.0,0.0,3,1,3,0,0,0,1,5,1,1,0,1,9,1,1,8,0,6,0,1,0,0,1,0,0,2,5,3,9
2012.0,327.888,0.0,0.0,3,10,3,0,0,0,0,1,1,1,1,1,1,1,1,11,0,6,0,0,0,1,1,0,6,0,5,6,3
2012.0,-149.952,0.0,0.0,3,1,3,0,0,0,1,5,1,1,0,1,1,1,1,13,0,6,0,0,0,0,1,0,2,0,5,3,3
2012.0,1320.0,2.0,0.0,2,4,3,0,0,0,1,7,1,1,0,1,1,1,1,18,0,6,0,1,0,0,1,0,6,2,5,3,9
2012.0,40.128,1.0,0.0,3,1,3,0,0,2,0,5,1,1,0,0,9,1,1,7,1,6,0,1,0,1,2,0,4,5,5,9,3
2012.0,528.0,2.0,0.0,3,4,3,0,0,0,1,1,1,1,0,1,2,1,1,12,1,6,0,0,0,0,1,0,6,5,5,3,9
2012.0,299.904,0.0,0.0,3,4,3,0,0,0,0,2,1,1,0,1,9,1,1,13,1,6,0,0,0,2,2,0,0,2,5,3,9
2012.0,-374.88,0.0,0.0,3,1,3,0,0,0,1,3,1,1,0,1,2,1,1,13,1,6,0,0,0,0,1,0,6,0,5,3,9
2012.0,115.104,1.0,0.0,3,6,3,0,0,0,0,9,1,1,0,0,9,1,1,15,1,6,0,0,0,1,1,0,6,7,5,8,3
2012.0,-231.264,0.0,0.0,3,10,3,0,0,0,1,5,1,1,0,0,5,1,1,15,1,6,0,0,0,2,0,0,6,7,5,3,0
2012.0,135.168,4.0,0.0,3,1,3,0,0,0,1,3,1,1,0,1,5,1,1,16,1,6,0,1,0,1,2,0,6,5,5,3,5
2012.0,-299.904,1.0,0.0,3,6,3,0,0,0,1,5,1,1,0,0,5,1,1,17,1,6,0,1,0,2,1,0,6,7,5,8,3
2012.0,0.0,0.0,0.0,3,6,3,0,0,0,1,5,1,1,0,0,5,1,1,17,1,6,0,1,0,2,1,0,4,8,5,8,3
2012.0,-10.032,1.0,0.0,2,1,3,0,3,0,2,8,1,1,3,1,1,1,1,7,2,6,0,1,0,0,1,0,4,5,5,3,5
2012.0,-271.92,1.0,0.0,3,6,3,0,0,0,1,8,1,1,0,0,8,1,1,11,2,6,0,0,0,0,1,0,4,7,5,8,3
2012.0,195.888,0.0,0.0,3,4,3,0,0,0,1,1,1,1,0,0,5,1,1,13,2,6,0,0,0,2,2,0,0,4,5,3,9
2012.0,249.744,0.0,0.0,3,6,3,0,0,0,1,1,1,1,0,0,1,1,1,17,2,6,0,1,0,1,0,0,0,0,5,8,3
2012.0,149.952,0.0,0.0,3,5,4,0,0,0,1,8,1,1,1,1,0,1,1,18,2,6,0,1,0,1,1,0,6,9,5,6,3
2012.0,0.0,3.0,0.0,3,1,3,0,0,0,1,5,1,1,0,0,9,1,1,9,3,6,0,1,0,2,1,0,4,2,5,3,3
2012.0,350.064,1.0,0.0,2,1,3,0,0,2,1,1,1,1,0,0,5,1,1,13,3,6,0,0,0,1,0,0,0,9,5,9,3
2012.0,-695.904,0.0,0.0,3,1,3,0,0,0,0,5,1,1,0,1,9,1,1,13,3,6,0,0,0,1,2,0,0,4,5,3,9
2012.0,164.208,0.0,0.0,3,6,3,0,0,0,0,1,1,1,0,0,1,1,1,14,3,6,0,0,0,2,1,0,0,0,5,8,3
2012.0,148.896,0.0,0.0,3,6,3,0,0,0,0,2,1,1,0,1,2,1,1,16,3,6,0,1,0,1,1,0,4,7,5,8,3
2012.0,380.16,0.0,0.0,3,8,1,0,0,0,1,1,1,1,1,1,8,1,1,22,3,6,0,0,0,2,1,0,6,0,5,6,1
2012.0,-57.024,1.0,0.0,3,1,3,0,0,0,0,2,1,1,3,0,9,1,1,11,4,6,0,0,0,1,0,0,4,2,5,3,9
2012.0,544.896,1.0,0.0,1,3,3,0,0,3,1,9,1,1,0,0,3,1,1,12,4,6,0,0,0,1,2,0,0,6,5,9,7
2012.0,55.968,0.0,0.0,3,6,3,0,0,0,1,5,1,1,0,1,5,1,1,12,4,6,0,0,0,1,1,0,4,7,5,9,9
2012.0,0.0,1.0,0.0,3,1,3,0,0,0,0,2,1,1,0,1,1,1,1,13,4,6,0,0,0,1,2,0,4,2,5,3,3
2012.0,0.0,2.0,0.0,3,4,3,0,0,0,0,7,1,1,0,0,2,1,1,17,4,6,0,1,0,2,1,0,2,4,5,3,9
2012.0,-80.256,0.0,0.0,3,6,3,0,0,0,0,1,1,1,0,0,1,1,1,17,4,6,0,1,0,1,1,0,4,0,5,8,3
2012.0,0.0,3.0,0.0,2,4,3,0,0,0,0,6,1,1,0,0,2,1,1,18,4,6,0,1,0,1,1,0,4,2,5,3,9
2012.0,-560.208,0.0,0.0,3,6,0,0,0,0,0,1,1,1,0,1,1,1,1,20,4,6,0,0,0,2,0,0,6,0,5,8,3
2012.0,0.0,1.0,0.0,3,1,0,0,0,0,1,9,1,1,0,0,5,1,1,21,4,6,0,0,0,2,1,0,4,2,5,3,3
2012.0,99.792,0.0,0.0,3,6,0,0,0,0,1,9,0,1,0,1,9,1,1,22,4,6,0,0,0,1,1,0,4,0,5,8,3
2012.0,-347.952,1.0,0.0,1,1,1,0,0,0,0,5,0,1,1,1,2,1,1,23,4,6,0,0,0,1,2,0,6,9,5,6,9
2012.0,-64.944,0.0,0.0,3,10,3,0,0,0,1,9,1,1,0,0,9,1,1,14,5,6,1,0,0,1,0,0,4,9,5,3,2
2012.0,-60.192,0.0,0.0,3,6,3,0,0,0,0,1,1,1,0,0,1,1,1,15,5,6,1,0,0,1,1,0,4,0,5,8,3
2012.0,1320.0,0.0,0.0,3,6,3,0,0,0,1,5,0,1,0,1,5,1,1,10,6,7,1,0,0,1,1,0,4,0,5,3,3
2012.0,64.944,0.0,0.0,3,4,3,0,0,0,1,3,1,1,0,0,5,1,1,13,6,7,1,0,0,1,1,0,4,2,5,3,9
2012.0,0.0,0.0,0.0,3,1,0,0,0,0,1,9,1,1,0,1,5,1,1,20,6,7,1,0,0,1,1,0,4,2,5,3,3
2012.0,-74.976,0.0,0.0,3,6,3,0,0,0,0,9,1,1,0,1,9,1,1,11,0,7,0,0,0,1,1,0,6,7,5,8,3
2012.0,70.752,1.0,0.0,3,4,3,0,0,0,0,6,1,1,0,0,9,1,1,12,0,7,0,0,0,1,2,0,6,5,5,3,9
2012.0,0.0,2.0,0.0,3,1,3,0,0,0,1,1,1,1,0,1,5,1,1,16,0,7,0,1,0,1,1,0,4,2,5,3,3
2012.0,0.0,2.0,0.0,2,6,3,0,0,0,0,1,1,1,0,0,1,1,1,16,0,7,0,1,0,1,1,0,2,0,5,8,3
2012.0,0.0,0.0,0.0,3,4,3,0,0,0,0,5,1,1,0,1,2,1,1,17,0,7,0,1,0,2,2,0,4,4,5,3,9
2012.0,-224.928,3.0,0.0,2,10,3,0,0,0,0,2,1,1,0,1,2,1,1,17,0,7,0,1,0,2,1,0,4,9,5,3,2
2012.0,0.0,0.0,0.0,3,4,0,0,0,0,1,5,1,1,0,1,5,1,1,22,0,7,0,0,0,2,1,0,4,5,5,3,9
2012.0,115.104,0.0,0.0,3,6,3,0,0,0,0,5,1,1,0,0,5,1,1,13,1,7,0,0,0,1,1,0,4,8,5,8,3
2012.0,0.0,0.0,0.0,3,6,3,0,0,0,1,9,1,1,0,1,9,1,1,14,1,7,0,0,0,1,1,0,9,7,5,8,3
2012.0,299.904,0.0,0.0,3,4,4,1,0,0,1,1,1,1,0,1,9,1,1,20,1,7,0,0,0,1,2,0,6,2,5,3,9
2012.0,0.0,0.0,0.0,3,4,3,1,0,0,0,3,1,1,0,1,9,1,1,9,2,7,0,1,0,1,2,0,4,2,5,3,9
2012.0,25.872,0.0,0.0,3,4,3,3,4,0,0,3,1,1,0,0,1,1,1,11,2,7,0,0,1,1,1,0,4,4,5,2,9
2012.0,0.0,1.0,0.0,3,4,3,3,4,0,1,6,1,1,0,0,2,1,1,11,2,7,0,0,1,0,1,0,4,2,5,3,9
2012.0,0.0,2.0,0.0,3,1,3,0,0,0,1,5,1,1,0,0,9,1,1,15,2,7,0,0,0,2,2,0,2,2,5,3,3
2012.0,-74.976,0.0,0.0,3,10,3,1,0,0,2,1,1,1,0,1,1,1,1,16,2,7,0,1,0,0,2,0,2,9,5,3,2
2012.0,0.0,1.0,0.0,3,12,4,1,0,0,0,9,1,1,0,1,9,1,1,19,2,7,0,1,0,2,1,0,4,0,5,8,3
2012.0,-99.792,0.0,0.0,3,6,0,0,0,0,0,2,1,1,0,0,2,1,1,20,2,7,0,0,0,2,0,0,6,0,5,8,8
2012.0,-231.264,0.0,0.0,3,6,0,1,0,0,0,9,1,1,0,1,9,1,1,21,2,7,0,0,0,1,2,0,6,0,5,3,3
2012.0,-46.992,0.0,0.0,3,6,3,0,0,0,1,2,1,1,0,0,2,1,1,7,3,7,0,1,0,1,1,0,4,7,5,8,3
2012.0,0.0,0.0,0.0,3,3,3,0,0,0,1,1,1,1,0,0,1,1,1,9,3,7,0,1,0,0,0,0,4,5,5,9,9
2012.0,68.112,0.0,0.0,3,1,3,0,0,0,0,3,1,1,0,1,1,1,1,12,3,7,0,0,0,0,1,0,4,4,5,3,9
2012.0,48.048,0.0,0.0,3,1,3,0,0,0,1,4,1,1,0,1,4,1,1,12,3,7,0,0,0,1,2,0,4,4,5,9,9
2012.0,-45.936,0.0,0.0,3,1,3,0,0,2,1,2,1,1,0,1,5,1,1,13,3,7,0,0,0,1,1,0,2,0,0,9,3
2012.0,0.0,0.0,0.0,3,1,0,0,0,0,0,2,1,1,0,0,2,1,1,23,3,7,0,0,0,2,2,0,4,9,5,8,2
2012.0,-44.88,1.0,0.0,3,1,3,0,0,2,1,9,1,1,0,1,2,1,1,7,4,7,0,1,0,1,1,0,2,9,5,9,3
2012.0,163.152,0.0,0.0,3,1,3,0,0,0,0,5,1,1,0,1,9,1,1,11,4,7,0,0,0,1,1,0,4,2,5,3,5
2012.0,0.0,1.0,0.0,3,4,3,0,0,0,0,1,1,1,0,0,5,1,1,11,4,7,0,0,0,2,1,0,4,2,5,3,9
2012.0,528.0,1.0,0.0,2,1,3,0,0,2,0,1,1,1,0,1,5,1,1,12,4,7,0,0,0,2,2,0,0,5,5,5,3
2012.0,0.0,0.0,0.0,3,1,3,0,0,0,1,9,1,1,0,0,2,1,1,13,4,7,0,0,0,2,2,0,2,2,5,3,3
2012.0,29.04,0.0,0.0,3,10,3,0,0,0,1,9,1,1,0,1,9,1,1,14,4,7,0,0,0,2,1,0,2,0,5,3,2
2012.0,92.928,0.0,0.0,3,1,3,0,0,0,0,2,1,1,3,1,1,1,1,18,4,7,0,1,0,2,1,0,4,2,5,3,9
2012.0,36.96,0.0,0.0,3,6,3,0,0,0,1,1,1,1,0,0,1,1,1,19,4,7,0,1,0,2,1,0,6,0,5,3,3
2012.0,-99.792,0.0,0.0,3,1,1,0,0,0,1,9,1,1,0,1,2,1,1,20,4,7,0,0,0,1,1,0,6,2,5,3,9
2012.0,88.176,0.0,0.0,3,10,0,0,0,0,1,1,1,1,0,1,1,1,1,21,4,7,0,0,0,1,1,0,6,9,5,3,3
2012.0,-89.76,0.0,0.0,3,6,0,1,0,0,1,9,0,1,1,1,9,1,1,3,5,7,1,0,0,1,1,0,4,0,5,6,3
2012.0,62.832,1.0,0.0,3,6,3,0,0,0,1,9,1,1,0,1,9,1,1,10,5,7,1,0,0,2,1,0,4,7,5,8,3
2012.0,-240.24,0.0,0.0,3,10,3,0,0,0,0,2,1,1,0,0,2,1,1,11,5,7,1,0,0,2,1,0,4,9,5,3,2
2012.0,0.0,1.0,0.0,3,4,3,0,0,0,0,1,1,1,0,0,2,1,1,12,5,7,1,0,0,1,1,0,2,2,5,9,3
2012.0,159.984,0.0,0.0,3,10,0,0,0,0,1,9,1,1,0,1,9,1,1,20,5,7,1,0,0,1,0,0,2,9,5,3,2
2012.0,46.992,0.0,0.0,3,6,0,0,0,0,1,9,1,1,0,1,9,1,1,21,5,7,1,0,0,1,2,0,4,1,5,8,3
2012.0,-1320.0,2.0,0.0,2,6,3,0,0,0,0,5,1,1,0,0,5,1,1,10,6,7,1,0,0,2,0,0,0,5,5,8,8
2012.0,0.0,1.0,0.0,2,4,3,0,0,0,1,1,1,1,0,0,7,1,1,11,6,7,1,0,0,1,0,0,4,2,5,9,3
2012.0,-14.784,1.0,0.0,3,6,3,0,0,0,2,1,1,1,0,0,1,1,1,17,6,7,1,1,0,0,1,0,4,0,5,8,3
2012.0,0.0,6.0,0.0,2,1,3,0,0,0,0,5,1,1,0,0,1,1,1,17,6,7,1,1,0,1,1,0,4,2,5,3,3
2012.0,0.0,0.0,0.0,3,1,3,0,0,0,1,2,1,1,0,0,9,1,1,7,0,7,0,1,0,1,0,0,4,2,5,3,3
2012.0,0.0,0.0,0.0,3,1,3,0,0,0,1,1,1,1,0,1,2,1,1,10,0,7,0,0,0,1,0,0,4,5,5,9,3
2012.0,0.0,2.0,0.0,2,4,3,0,0,0,1,5,1,1,0,1,2,1,1,14,0,7,0,0,0,0,1,0,4,5,5,9,3
2012.0,633.072,0.0,0.0,3,1,3,0,0,0,0,5,1,1,0,0,1,1,1,14,0,7,0,0,0,0,1,0,6,5,5,8,1
2012.0,100.848,0.0,0.0,3,1,3,0,0,0,1,2,1,1,0,1,9,1,1,16,0,7,0,1,0,1,1,0,0,5,5,3,5
2012.0,0.0,0.0,0.0,3,3,3,0,0,0,1,5,1,1,0,1,2,1,1,16,0,7,0,1,0,2,2,0,2,2,5,3,9
2012.0,350.064,0.0,0.0,3,4,3,0,0,0,0,1,1,1,0,0,9,1,1,17,0,7,0,1,0,2,2,0,6,2,5,3,9
2012.0,20.064,2.0,0.0,3,10,3,0,0,0,1,2,1,1,0,1,2,1,1,18,0,7,0,1,0,2,1,0,4,4,5,3,9
2012.0,-69.168,0.0,0.0,3,10,3,0,0,0,1,1,1,1,0,1,1,1,1,9,1,7,0,1,0,1,1,0,4,7,5,8,3
2012.0,0.0,0.0,0.0,3,1,3,0,0,0,2,1,1,1,0,1,2,1,1,13,1,7,0,0,0,0,2,0,4,9,5,8,3
2012.0,-287.232,0.0,0.0,3,6,3,0,0,0,1,5,1,1,0,1,5,1,1,13,1,7,0,0,0,1,2,0,6,7,5,8,3
2012.0,96.096,0.0,0.0,3,6,3,0,0,0,0,5,1,1,0,1,5,1,1,15,1,7,0,0,0,0,1,0,4,0,5,8,8
2012.0,0.0,0.0,0.0,3,4,3,1,0,0,1,6,1,1,0,1,2,1,1,16,1,7,0,1,0,1,1,0,4,5,5,3,9
2012.0,295.152,0.0,0.0,3,6,3,0,0,0,0,5,1,1,0,0,5,1,1,17,1,7,0,1,0,1,1,0,1,7,5,8,3
2012.0,0.0,0.0,0.0,3,6,3,0,0,0,1,5,1,1,0,1,5,1,1,17,1,7,0,1,0,1,1,0,4,8,5,9,9
2012.0,364.848,1.0,0.0,3,6,3,0,0,0,0,9,1,1,0,0,9,1,1,11,2,7,0,0,0,2,1,0,4,7,5,8,3
2012.0,-127.776,0.0,0.0,3,1,3,0,0,0,1,9,1,1,0,1,2,1,1,12,2,7,0,0,0,1,1,0,2,4,5,3,9
2012.0,0.0,0.0,0.0,3,4,3,0,0,0,0,2,1,1,0,1,9,1,1,12,2,7,0,0,0,0,1,0,4,2,5,3,9
2012.0,429.792,0.0,0.0,3,10,3,0,0,0,0,5,1,1,0,1,5,1,1,12,2,7,0,0,0,2,1,0,6,5,5,3,5
2012.0,14.784,1.0,0.0,3,6,3,0,0,0,0,5,1,1,0,1,5,1,1,12,2,7,0,0,0,2,2,0,4,0,5,8,3
2012.0,0.0,1.0,0.0,3,4,3,0,0,0,1,3,1,1,0,1,9,1,1,13,2,7,0,0,0,1,1,0,4,0,5,3,9
2012.0,203.808,2.0,0.0,2,6,3,0,0,0,0,2,1,1,0,1,2,1,1,13,2,7,0,0,0,1,2,0,6,7,5,8,3
2012.0,127.248,0.0,0.0,3,6,3,0,0,0,0,1,1,1,0,1,1,1,1,15,2,7,0,0,0,2,1,0,6,7,5,5,2
2012.0,-80.256,0.0,0.0,3,6,3,0,0,0,2,1,1,1,0,0,1,1,1,16,2,7,0,1,0,0,1,0,4,7,5,8,3
2012.0,0.0,3.0,0.0,3,4,3,0,0,0,0,4,1,1,0,1,5,1,1,17,2,7,0,1,0,2,2,0,4,5,5,3,9
2012.0,74.976,0.0,0.0,3,1,3,1,0,0,1,9,1,1,0,1,9,1,1,18,2,7,0,1,0,0,1,0,6,9,5,3,2
2012.0,-88.176,0.0,0.0,3,6,0,1,0,0,0,1,1,1,0,1,1,1,1,22,2,7,0,0,0,1,1,0,4,7,5,8,3
2012.0,101.904,0.0,0.0,3,10,3,1,0,0,1,7,1,1,0,1,5,1,1,12,3,7,0,0,0,1,1,0,4,9,5,3,2
2012.0,33.264,0.0,0.0,3,10,3,0,0,0,0,2,1,1,0,1,2,1,1,13,3,7,0,0,0,2,1,0,4,4,5,9,9
2012.0,24.816,0.0,0.0,3,1,3,0,0,0,1,5,1,1,0,1,0,1,1,14,3,7,0,0,0,1,2,0,2,7,5,8,3
2012.0,0.0,0.0,0.0,3,1,3,0,0,0,0,9,1,1,0,0,2,1,1,15,3,7,0,0,0,1,1,0,4,5,5,3,3
2012.0,429.264,1.0,0.0,3,6,3,0,0,0,1,9,1,1,0,0,9,1,1,17,3,7,0,1,0,1,1,0,6,7,5,8,3
2012.0,-429.792,1.0,0.0,3,6,3,1,0,0,1,1,1,1,0,1,1,1,1,17,3,7,0,1,0,2,1,0,6,7,5,8,3
2012.0,147.84,0.0,0.0,3,6,3,0,0,0,0,9,1,1,0,0,9,1,1,17,3,7,0,1,0,2,1,0,4,0,5,8,3
2012.0,99.792,0.0,0.0,3,8,0,1,0,0,1,2,1,1,0,1,1,1,1,22,3,7,0,0,0,0,1,0,6,5,5,3,1
2012.0,0.0,0.0,0.0,3,4,0,0,0,0,1,2,0,1,0,1,6,1,1,23,3,7,0,0,0,1,1,0,4,2,5,9,3
2012.0,159.984,0.0,0.0,3,8,0,0,0,0,1,9,1,1,0,1,2,1,1,1,4,7,0,0,0,2,2,0,6,5,0,1,8
2012.0,99.792,0.0,0.0,3,6,3,0,0,0,1,5,1,1,0,0,5,1,1,6,4,7,0,0,0,1,1,0,4,7,5,8,3
2012.0,-114.048,0.0,0.0,3,6,3,1,0,0,1,2,0,0,1,1,2,1,1,7,4,7,0,1,0,2,1,0,0,7,5,8,3
2012.0,-240.768,1.0,0.0,2,10,3,3,4,0,1,1,1,1,0,0,1,1,1,9,4,7,0,1,1,1,1,0,0,9,5,3,2
2012.0,400.224,0.0,0.0,3,1,3,1,4,0,0,2,1,1,0,1,9,1,1,9,4,7,0,1,1,2,1,0,0,2,5,3,9
2012.0,278.256,0.0,0.0,3,6,3,0,4,0,1,9,1,1,0,0,9,1,1,10,4,7,0,0,1,1,2,0,0,7,5,9,3
2012.0,-139.92,0.0,0.0,3,5,3,0,0,0,1,2,1,1,0,0,2,1,1,12,4,7,0,0,0,1,0,0,4,0,5,8,1
2012.0,223.872,1.0,0.0,3,6,3,1,0,0,1,5,1,1,0,1,5,1,1,14,4,7,0,0,0,1,1,0,6,7,5,8,3
2012.0,-189.024,0.0,0.0,3,6,3,0,0,0,1,2,1,1,0,0,2,1,1,15,4,7,0,0,0,1,2,0,0,7,5,8,3
2012.0,-95.04,1.0,0.0,3,6,3,1,0,0,0,5,1,1,0,1,5,1,1,15,4,7,0,0,0,2,2,0,6,7,5,8,8
2012.0,-281.952,1.0,0.0,2,4,3,0,0,0,1,5,1,1,0,0,2,1,1,16,4,7,0,1,0,1,1,0,0,4,5,3,9
2012.0,-408.144,0.0,0.0,3,6,3,1,0,0,1,1,1,1,0,1,1,1,1,17,4,7,0,1,0,1,0,0,6,7,5,8,3
2012.0,-124.08,0.0,0.0,3,6,3,0,0,0,1,1,1,1,0,0,1,1,1,17,4,7,0,1,0,2,1,0,4,0,5,8,3
2012.0,0.0,0.0,0.0,3,4,3,0,0,0,0,2,1,1,0,1,5,1,1,18,4,7,0,1,0,0,2,0,2,5,5,9,3
2012.0,139.92,0.0,0.0,3,4,3,1,0,0,1,2,1,1,0,1,2,1,1,18,4,7,0,1,0,1,0,0,6,4,5,3,9
2012.0,0.0,1.0,0.0,2,1,3,1,0,2,0,1,1,1,0,1,5,1,1,18,4,7,0,1,0,2,2,0,4,9,5,9,3
2012.0,0.0,1.0,0.0,3,1,3,1,0,0,0,5,1,1,0,0,1,1,1,18,4,7,0,1,0,1,1,0,4,2,5,3,3
2012.0,60.192,0.0,0.0,3,1,0,0,0,0,1,5,1,1,0,0,5,0,1,2,5,7,1,0,0,1,2,0,6,5,5,3,6
2012.0,-74.976,1.0,0.0,2,6,0,0,0,0,1,1,1,1,0,1,1,1,1,3,5,7,1,0,0,1,1,0,2,7,5,8,5
2012.0,64.944,0.0,0.0,3,6,3,1,0,0,0,9,1,1,0,1,9,1,1,14,5,7,1,0,0,0,1,0,4,0,5,8,3
2012.0,0.0,0.0,0.0,3,1,3,1,4,0,0,9,1,1,0,1,2,1,1,17,5,7,1,1,1,2,1,0,2,7,5,3,9
2012.0,0.0,1.0,0.0,2,4,3,1,0,0,1,9,1,1,0,1,1,1,1,17,5,7,1,1,0,1,1,0,2,2,5,3,9
2012.0,-64.944,1.0,0.0,2,1,0,0,0,0,1,2,1,1,2,1,1,1,1,21,5,7,1,0,0,2,1,0,6,3,5,3,3
2012.0,55.968,0.0,0.0,3,10,0,0,0,0,1,2,0,1,0,0,2,1,1,3,6,7,1,0,0,1,2,0,6,9,5,3,2
2012.0,-39.072,0.0,0.0,3,6,3,0,0,0,1,1,1,1,0,0,1,1,1,11,6,7,1,0,0,1,1,0,4,8,5,8,3
2012.0,0.0,0.0,0.0,3,1,3,0,0,0,0,5,1,1,0,1,1,1,1,12,6,7,1,0,0,2,1,0,4,2,5,3,3
2012.0,-200.112,0.0,0.0,3,6,0,4,0,0,0,9,1,1,0,0,9,1,1,20,6,7,1,0,0,1,2,0,0,8,5,9,3
2012.0,240.24,0.0,0.0,3,6,3,0,0,0,0,2,1,1,0,0,2,1,1,7,0,7,0,1,0,2,0,0,6,7,5,8,3
2012.0,0.0,0.0,0.0,3,1,3,0,0,0,1,9,1,1,0,1,5,1,1,8,0,7,0,1,0,2,1,0,4,2,5,3,3
2012.0,61.776,0.0,0.0,3,6,3,0,0,0,0,5,1,1,0,1,5,1,1,12,0,7,0,0,0,2,1,0,4,0,5,8,8
2012.0,-401.808,0.0,0.0,3,6,3,0,0,0,0,5,1,1,0,1,5,1,1,16,0,7,0,1,0,1,1,0,6,0,5,8,3
2012.0,20.064,0.0,0.0,3,10,3,0,0,0,0,5,1,1,0,0,5,1,1,16,0,7,0,1,0,1,2,0,2,5,5,9,9
2012.0,0.0,0.0,0.0,3,9,3,0,0,0,0,5,1,1,0,1,9,1,1,18,0,7,0,1,0,1,1,0,2,2,5,3,3
2012.0,0.0,0.0,0.0,3,4,0,0,0,0,1,1,1,1,0,1,5,1,1,21,0,7,0,0,0,1,1,0,4,2,5,9,3
2012.0,-349.008,0.0,0.0,3,6,3,0,0,0,1,9,1,1,0,1,9,1,1,6,1,7,0,0,0,0,1,0,6,7,5,8,3
2012.0,48.048,2.0,0.0,2,1,3,0,0,2,0,5,1,1,2,0,5,1,1,8,1,7,0,1,0,2,2,0,4,5,5,3,3
2012.0,0.0,1.0,0.0,2,1,3,0,0,0,0,1,1,1,0,1,5,1,1,10,1,7,0,0,0,0,1,0,4,2,5,3,3
2012.0,44.88,0.0,0.0,3,9,3,0,0,0,1,2,1,1,0,1,5,1,1,11,1,7,0,0,0,0,2,0,6,5,5,8,3
2012.0,-299.904,0.0,0.0,3,4,3,0,0,0,1,1,1,1,0,0,9,1,1,11,1,7,0,0,0,2,2,0,6,2,5,3,9
2012.0,127.776,0.0,0.0,3,6,3,0,0,0,2,9,1,1,0,1,9,1,1,14,1,7,0,0,0,0,1,0,6,7,5,8,3
2012.0,-108.24,0.0,0.0,3,6,3,0,0,0,1,2,1,1,0,0,2,1,1,15,1,7,0,0,0,1,1,0,4,7,5,8,2
2012.0,51.216,1.0,0.0,3,1,3,0,0,0,0,6,1,1,0,1,5,1,1,15,1,7,0,0,0,2,1,0,6,5,5,3,2
2012.0,249.744,0.0,0.0,3,12,3,0,3,0,2,8,1,1,1,1,8,1,1,16,1,7,0,1,0,0,1,0,6,5,5,6,5
2012.0,0.0,0.0,0.0,3,1,3,0,0,0,0,1,1,1,0,0,2,1,1,16,1,7,0,1,0,1,1,0,4,2,5,3,3
2012.0,-304.128,0.0,0.0,3,10,3,0,0,0,1,2,1,1,0,0,2,1,1,17,1,7,0,1,0,1,0,0,4,9,9,2,2
2012.0,0.0,0.0,0.0,3,1,0,0,0,0,1,5,1,1,0,1,1,1,1,20,1,7,0,0,0,1,1,0,4,2,5,3,9
2012.0,78.144,1.0,0.0,2,6,3,0,0,0,1,5,1,1,0,0,5,1,1,7,2,7,0,1,0,1,1,0,4,7,5,8,3
2012.0,-614.064,0.0,0.0,3,4,3,0,0,0,0,1,1,1,0,0,9,1,1,13,2,7,0,0,0,1,0,0,0,0,5,3,9
2012.0,340.032,0.0,0.0,3,10,3,0,0,0,0,1,1,1,0,0,1,1,1,13,2,7,0,0,0,2,1,0,6,9,5,3,2
2012.0,48.048,2.0,0.0,2,6,3,0,0,0,0,2,1,1,0,0,2,1,1,13,2,7,0,0,0,1,1,0,6,5,5,3,3
2012.0,-105.072,0.0,0.0,3,6,3,0,0,0,1,1,1,1,0,1,1,1,1,14,2,7,0,0,0,0,1,0,4,0,5,8,3
2012.0,0.0,0.0,0.0,3,1,3,0,0,0,0,9,1,1,0,1,6,1,1,15,2,7,0,0,0,1,1,0,2,2,5,3,3
2012.0,118.8,1.0,0.0,2,5,3,0,0,2,1,2,1,1,0,1,1,1,1,16,2,7,0,1,0,2,1,0,6,5,5,3,5
2012.0,0.0,2.0,0.0,3,4,0,0,0,0,1,6,1,1,0,0,2,1,1,21,2,7,0,0,0,0,1,0,4,2,5,3,9
2012.0,-58.08,0.0,0.0,3,6,3,0,0,0,0,2,1,1,0,0,2,1,1,8,3,7,0,1,0,1,1,0,4,7,5,8,3
2012.0,0.0,0.0,0.0,3,4,3,0,0,0,0,1,1,1,0,0,9,1,1,11,3,7,0,0,0,0,2,0,4,2,5,3,9
2012.0,210.144,3.0,0.0,1,1,3,0,0,0,0,2,1,1,0,0,1,1,1,12,3,7,0,0,0,1,1,0,0,2,5,3,9