Year,Distance,Totalinjuries,Totalfatalities,Injuryseverity,Collisionmanner,Lightcondition,Weather,SurfaceCondition,Unittype_One,Gender_Drv1,Traveldirection_One,AlcoholUse_Drv1,DrugUse_Drv1,Unittype_Two,Gender_Drv2,Traveldirection_Two,AlcoholUse_Drv2,DrugUse_Drv2,Hour,Weekday,Month,Weekend,Rush_Hour,Hazardous_Road,Age_Group_Drv1,Age_Group_Drv2,Substance_Use,Junction_Category,Violation_Category_Drv1,Violation_Category_Drv2,Unitaction_Category_Two,Unitaction_Category_One
2012.0,281.952,1.0,0.0,3,6,3,0,0,0,0,1,1,1,0,1,1,1,1,13,3,7,0,0,0,2,2,0,6,7,5,8,3
2012.0,0.0,0.0,0.0,3,1,3,0,0,0,0,3,1,1,0,0,2,1,1,14,3,7,0,0,0,2,1,0,2,4,5,3,9
2012.0,0.0,1.0,0.0,2,1,3,0,0,0,0,4,1,1,2,1,1,1,1,14,3,7,0,0,0,1,2,0,4,5,5,7,9
2012.0,129.888,0.0,0.0,3,6,3,0,0,0,2,5,1,1,0,0,5,1,1,18,3,7,0,1,0,0,2,0,4,7,5,8,3
2012.0,-194.832,0.0,0.0,3,4,0,0,0,0,0,2,1,1,0,1,5,1,1,23,3,7,0,0,0,2,1,0,9,2,5,3,9
2012.0,-30.096,1.0,0.0,3,1,3,0,0,2,0,5,1,1,0,0,1,1,1,5,4,7,0,0,0,1,1,0,4,2,5,3,3
2012.0,-217.008,2.0,0.0,3,6,3,0,0,0,0,1,1,1,0,0,1,1,1,12,4,7,0,0,0,2,1,0,4,0,5,8,3
2012.0,53.856,0.0,0.0,3,3,3,0,0,0,1,2,1,1,0,1,9,1,1,13,4,7,0,0,0,2,1,0,4,5,5,8,0
2012.0,0.0,2.0,0.0,3,1,3,1,0,0,0,6,1,1,0,1,5,1,1,13,4,7,0,0,0,2,1,0,4,5,5,3,9
2012.0,30.096,0.0,0.0,3,6,3,0,0,0,0,5,1,1,0,0,5,1,1,14,4,7,0,0,0,1,1,0,4,8,5,9,3
2012.0,96.096,0.0,0.0,3,6,3,0,0,0,1,1,1,1,0,1,1,1,1,14,4,7,0,0,0,1,1,0,6,7,5,8,8
2012.0,-400.224,1.0,0.0,3,1,3,0,0,2,1,2,1,1,0,0,1,1,1,15,4,7,0,0,0,1,0,0,6,5,5,5,3
2012.0,69.168,0.0,0.0,3,6,3,0,0,0,1,5,1,1,0,0,5,1,1,15,4,7,0,0,0,1,1,0,4,7,5,8,3
2012.0,-50.16,0.0,0.0,3,6,3,0,0,0,1,7,1,1,0,0,7,1,1,17,4,7,0,1,0,2,1,0,4,0,5,9,9
2012.0,299.904,0.0,0.0,3,6,3,3,0,0,1,1,1,1,0,0,1,1,1,20,4,7,0,0,0,2,1,0,6,7,5,8,3
2012.0,0.0,0.0,0.0,3,1,0,1,4,0,0,2,1,1,0,1,9,1,1,0,5,7,1,0,1,2,1,0,2,2,5,3,3
2012.0,99.792,0.0,0.0,3,10,3,0,0,0,1,4,1,1,0,1,9,1,1,8,5,7,1,1,0,0,2,0,6,2,5,3,9
2012.0,74.976,0.0,0.0,3,6,3,0,0,0,0,5,1,1,0,1,5,1,1,12,5,7,1,0,0,1,1,0,2,0,5,3,3
2012.0,700.128,0.0,0.0,3,6,3,0,0,0,0,1,1,1,0,0,1,1,1,16,5,7,1,1,0,2,0,0,6,0,5,8,3
2012.0,-48.048,0.0,0.0,3,6,3,0,0,0,1,1,1,1,0,0,1,1,1,11,6,7,1,0,0,1,1,0,2,0,5,8,3
2012.0,-161.04,1.0,0.0,3,1,3,0,0,0,0,9,1,1,0,0,5,1,1,12,6,7,1,0,0,1,1,0,6,7,5,3,3
2012.0,-83.952,2.0,1.0,0,5,3,0,0,0,1,5,1,1,0,0,9,1,1,15,6,7,1,0,0,0,1,0,4,4,5,3,9
2012.0,149.952,0.0,0.0,3,6,0,1,0,0,1,2,1,1,0,0,2,1,1,20,6,7,1,0,0,2,2,0,4,7,5,5,5
2012.0,-50.16,0.0,0.0,3,6,3,0,0,0,1,1,1,1,0,0,1,1,1,5,0,7,0,0,0,1,2,0,2,0,5,8,3
2012.0,146.784,0.0,0.0,3,6,3,0,0,0,0,9,1,1,1,1,9,1,1,9,0,7,0,1,0,2,1,0,6,7,5,6,3
2012.0,0.0,0.0,0.0,3,4,3,0,0,0,1,1,1,1,0,0,2,1,1,12,0,7,0,0,0,1,1,0,4,2,5,9,3
2012.0,-50.16,0.0,0.0,3,10,3,0,0,0,1,6,1,1,0,1,6,1,1,15,0,7,0,0,0,2,1,0,4,9,5,3,2
2012.0,0.0,0.0,0.0,3,4,3,0,0,0,1,2,1,1,0,0,1,1,1,16,0,7,0,1,0,1,1,0,4,4,5,3,9
2012.0,190.08,0.0,0.0,3,1,3,0,0,0,1,5,1,1,0,1,9,1,1,16,0,7,0,1,0,1,1,0,6,2,5,3,5
2012.0,-7.92,0.0,0.0,3,6,3,0,0,0,1,3,1,1,0,0,1,1,1,16,0,7,0,1,0,1,2,0,4,9,5,3,8
2012.0,0.0,1.0,0.0,3,4,3,0,0,0,1,9,1,1,0,0,5,1,1,17,0,7,0,1,0,1,1,0,4,2,5,9,3
2012.0,23.76,0.0,0.0,3,6,3,0,0,0,1,9,1,1,0,0,9,1,1,17,0,7,0,1,0,1,2,0,6,7,5,8,3
2012.0,240.24,0.0,0.0,3,10,0,0,0,0,0,9,0,1,1,1,9,1,1,3,1,7,0,0,0,1,1,0,6,7,5,6,3
2012.0,119.856,2.0,0.0,3,6,3,0,0,0,1,9,1,1,0,0,9,1,1,12,1,7,0,0,0,0,1,0,4,0,5,8,3
2012.0,156.816,2.0,0.0,2,6,3,0,0,0,0,1,1,1,0,1,1,1,1,15,1,7,0,0,0,1,1,0,6,0,5,8,3
2012.0,-426.096,0.0,0.0,3,6,3,0,0,0,1,9,1,1,0,1,9,1,1,16,1,7,0,1,0,1,1,0,6,7,5,8,3
2012.0,89.76,0.0,0.0,3,10,3,0,0,0,0,1,1,1,0,1,1,1,1,16,1,7,0,1,0,1,1,0,6,7,5,8,2
2012.0,-206.976,0.0,0.0,3,4,3,0,0,0,0,9,1,1,0,1,2,1,1,8,2,7,0,1,0,2,1,0,6,2,5,3,9
2012.0,45.936,4.0,0.0,2,4,3,0,0,0,0,1,1,1,0,1,9,1,1,10,2,7,0,0,0,1,1,0,4,5,5,3,9
2012.0,0.0,2.0,0.0,3,1,3,0,0,0,1,9,1,1,0,1,5,1,1,13,2,7,0,0,0,2,1,0,4,2,5,9,3
2012.0,0.0,1.0,0.0,3,1,3,0,0,2,1,9,1,1,0,0,3,1,1,13,2,7,0,0,0,1,1,0,2,9,5,9,7
2012.0,0.0,1.0,0.0,1,4,3,1,0,0,0,9,1,1,0,1,1,1,1,14,2,7,0,0,0,1,1,0,2,4,5,3,9
2012.0,0.0,1.0,0.0,3,4,3,0,0,0,1,2,1,1,0,0,9,1,1,14,2,7,0,0,0,2,1,0,4,2,5,3,9
2012.0,-155.232,0.0,0.0,3,1,3,0,0,0,0,5,1,1,0,0,5,1,1,16,2,7,0,1,0,1,2,0,6,5,5,3,2
2012.0,-159.984,0.0,0.0,3,1,3,0,0,0,1,9,1,1,0,1,9,1,1,18,2,7,0,1,0,1,1,0,6,4,5,3,9
2012.0,330.0,0.0,0.0,3,10,0,0,0,0,1,6,1,1,0,1,1,1,1,21,2,7,0,0,0,1,1,0,6,5,5,3,9
2012.0,70.224,0.0,0.0,3,6,0,0,0,0,1,5,1,1,0,0,5,1,1,21,2,7,0,0,0,2,2,0,4,7,5,8,3
2012.0,88.176,1.0,0.0,3,6,3,0,0,0,0,5,1,1,0,1,5,1,1,6,3,7,0,0,0,2,0,0,4,0,5,8,3
2012.0,247.104,1.0,0.0,2,1,3,0,0,0,0,1,1,1,0,1,1,1,1,11,3,7,0,0,0,1,1,0,0,4,5,9,3
2012.0,0.0,0.0,0.0,3,10,3,0,0,0,0,9,1,1,0,1,9,1,1,16,3,7,0,1,0,2,2,0,4,5,5,5,5
2012.0,-134.112,0.0,0.0,3,6,3,0,0,0,1,1,1,1,0,1,1,1,1,16,3,7,0,1,0,1,1,0,4,7,5,8,3
2012.0,0.0,0.0,0.0,3,6,3,0,0,0,1,9,1,1,0,0,9,1,1,16,3,7,0,1,0,2,0,0,4,7,5,8,3
2012.0,0.0,0.0,0.0,3,10,3,0,0,0,0,5,1,1,0,0,5,1,1,18,3,7,0,1,0,1,1,0,6,0,5,3,2
2012.0,77.088,0.0,0.0,3,6,3,0,0,0,1,5,1,1,0,1,5,1,1,7,4,7,0,1,0,1,1,0,4,7,5,8,3
2012.0,-220.176,0.0,0.0,3,6,3,0,0,0,1,2,1,1,0,1,2,1,1,12,4,7,0,0,0,2,0,0,4,0,5,2,3
2012.0,30.096,0.0,0.0,3,12,3,4,3,0,2,8,1,1,1,1,8,1,1,13,4,7,0,0,0,0,1,0,6,5,5,6,5
2012.0,99.792,0.0,0.0,3,6,3,0,0,0,1,5,1,1,0,0,5,1,1,13,4,7,0,0,0,1,1,0,4,7,5,8,3
2012.0,91.872,0.0,0.0,3,6,3,0,0,0,0,1,1,1,0,1,1,1,1,15,4,7,0,0,0,2,1,0,4,0,5,8,3
2012.0,-259.248,0.0,0.0,3,4,3,0,0,0,0,6,1,1,0,0,1,1,1,16,4,7,0,1,0,2,1,0,0,2,5,3,9
2012.0,97.152,1.0,0.0,2,6,3,0,0,0,1,5,1,1,0,0,5,1,1,16,4,7,0,1,0,1,1,0,4,7,5,8,3
2012.0,212.256,0.0,0.0,3,1,3,0,0,0,0,9,1,1,0,0,2,1,1,16,4,7,0,1,0,1,1,0,0,2,5,3,9
2012.0,-259.776,0.0,0.0,3,6,3,0,0,0,1,2,1,1,0,1,2,1,1,17,4,7,0,1,0,1,1,0,4,0,5,8,3
2012.0,0.0,0.0,0.0,3,1,3,0,0,0,0,9,1,1,0,1,5,1,1,18,4,7,0,1,0,0,1,0,4,2,5,3,3
2012.0,0.0,0.0,0.0,3,1,3,0,0,0,1,9,1,1,0,0,2,1,1,17,5,7,1,1,0,1,1,0,2,2,5,3,9
2012.0,289.872,0.0,0.0,3,1,3,3,4,0,0,2,1,1,0,1,9,1,1,19,5,7,1,1,1,2,2,0,0,2,5,3,9
2012.0,466.224,0.0,0.0,3,1,0,1,0,0,1,2,0,1,0,0,1,1,1,21,5,7,1,0,0,1,2,0,6,2,5,3,9
2012.0,0.0,1.0,0.0,2,1,0,1,0,0,0,1,1,1,0,1,5,1,1,23,5,7,1,0,0,2,1,0,2,2,5,3,9
2012.0,164.208,0.0,0.0,3,6,1,0,0,0,1,9,0,1,1,1,8,1,1,4,6,7,1,0,0,1,1,0,6,7,5,6,3
2012.0,0.0,1.0,0.0,3,3,3,0,0,0,1,9,1,1,3,0,2,1,1,9,6,7,1,1,0,0,2,0,4,5,5,3,3
2012.0,0.0,0.0,0.0,3,10,3,0,0,0,1,4,1,1,0,0,4,1,1,10,6,7,1,0,0,2,1,0,4,9,5,9,9
2012.0,0.0,1.0,0.0,3,5,3,0,0,0,1,2,1,1,0,0,9,1,1,11,6,7,1,0,0,0,2,0,2,2,5,3,3
2012.0,123.024,0.0,0.0,3,1,3,1,0,2,0,1,1,1,0,1,5,1,1,16,6,7,1,1,0,1,1,0,6,5,5,9,3
2012.0,74.976,0.0,0.0,3,10,3,3,4,0,1,9,1,1,0,1,9,1,1,17,6,7,1,1,1,2,1,0,2,4,5,3,9
2012.0,0.0,0.0,0.0,3,5,3,3,4,0,1,5,1,1,0,1,2,1,1,17,6,7,1,1,1,2,2,0,2,2,5,3,9
2012.0,43.824,0.0,0.0,3,6,0,0,0,0,1,9,1,1,0,1,9,1,1,21,6,7,1,0,0,2,2,0,4,7,5,8,3
2012.0,1056.0,0.0,0.0,3,6,0,3,4,0,1,5,0,1,0,1,5,1,1,22,6,7,1,0,1,1,2,0,6,0,5,6,1
2012.0,-35.904,0.0,0.0,3,9,0,0,4,0,1,9,0,1,0,1,1,1,1,22,6,7,1,0,1,1,1,0,4,2,5,3,9
2012.0,159.984,0.0,0.0,3,6,3,0,0,0,0,9,1,1,0,0,9,1,1,7,0,7,0,1,0,2,1,0,6,7,5,3,8
2012.0,136.752,0.0,0.0,3,6,3,0,0,0,1,5,1,1,0,1,5,1,1,11,0,7,0,0,0,1,0,0,1,0,5,8,8
2012.0,0.0,1.0,0.0,3,1,3,0,0,0,1,9,1,1,0,1,6,1,1,12,0,7,0,0,0,2,1,0,4,2,5,9,3
2012.0,60.192,0.0,0.0,3,10,3,0,0,0,2,6,1,1,0,1,1,1,1,13,0,7,0,0,0,0,1,0,6,5,5,8,5
2012.0,-398.112,0.0,0.0,3,10,3,0,0,0,1,4,1,1,0,0,9,1,1,14,0,7,0,0,0,1,2,0,6,5,5,8,9
2012.0,50.16,0.0,0.0,3,10,3,0,0,0,1,5,1,1,0,0,5,1,1,14,0,7,0,0,0,2,2,0,4,9,5,3,2
2012.0,0.0,0.0,0.0,3,4,3,0,0,0,0,9,1,1,0,0,1,1,1,14,0,7,0,0,0,2,1,0,4,2,5,3,9
2012.0,0.0,1.0,0.0,3,1,3,0,0,0,1,2,1,1,0,0,9,1,1,14,0,7,0,0,0,2,0,0,4,2,5,9,3
2012.0,0.0,0.0,0.0,3,1,3,0,0,0,1,2,1,1,0,1,9,1,1,15,0,7,0,0,0,1,1,0,4,2,5,9,3
2012.0,378.048,0.0,0.0,3,6,3,0,0,0,1,1,1,1,0,0,1,1,1,15,0,7,0,0,0,1,1,0,6,7,5,8,3
2012.0,104.016,0.0,0.0,3,10,3,0,0,0,0,9,1,1,0,1,9,1,1,16,0,7,0,1,0,1,1,0,6,9,5,3,2
2012.0,0.0,0.0,0.0,3,1,3,0,0,0,0,1,1,1,0,0,2,1,1,16,0,7,0,1,0,1,1,0,4,5,5,9,3
2012.0,-184.8,1.0,0.0,2,4,3,0,0,0,1,1,1,1,0,1,5,1,1,16,0,7,0,1,0,0,1,0,0,4,5,3,9
2012.0,340.032,0.0,0.0,3,1,3,0,0,0,1,6,1,1,0,0,9,1,1,17,0,7,0,1,0,1,1,0,6,9,5,3,9
2012.0,-403.92,0.0,0.0,3,1,3,0,0,0,0,6,1,1,0,1,2,1,1,8,1,7,0,1,0,1,1,0,6,5,5,3,9
2012.0,81.84,0.0,0.0,3,10,3,0,0,0,2,9,1,1,0,0,9,1,1,9,1,7,0,1,0,0,0,0,4,0,5,8,3
2012.0,0.0,0.0,0.0,3,10,3,0,0,0,0,9,1,1,0,0,9,1,1,10,1,7,0,0,0,2,2,0,6,4,5,5,2
2012.0,-43.824,1.0,0.0,3,6,3,0,0,0,0,9,1,1,0,1,9,1,1,11,1,7,0,0,0,0,1,0,4,7,5,3,3
2012.0,0.0,1.0,0.0,2,1,3,0,0,2,1,9,0,1,0,0,2,1,1,11,1,7,0,0,0,0,0,0,4,2,5,9,3
2012.0,-299.904,0.0,0.0,3,6,3,0,0,0,1,2,1,1,0,1,2,1,1,11,1,7,0,0,0,1,1,0,4,0,5,8,3
2012.0,-50.16,0.0,0.0,3,10,3,0,0,0,2,1,1,1,0,1,1,1,1,12,1,7,0,0,0,0,1,0,4,9,5,9,3
2012.0,74.976,0.0,0.0,3,12,3,4,3,0,0,8,1,1,0,0,8,1,1,13,1,7,0,0,0,1,1,0,6,5,5,5,5
2012.0,0.0,0.0,0.0,3,1,3,0,0,0,1,5,1,1,0,0,3,1,1,15,1,7,0,0,0,1,2,0,4,2,5,9,3
2012.0,-8.976,0.0,0.0,3,6,0,0,0,0,0,1,1,1,0,1,1,1,1,19,1,7,0,1,0,2,1,0,4,7,5,9,3
2012.0,-180.048,0.0,0.0,3,10,0,0,0,0,0,5,1,1,0,1,5,1,1,20,1,7,0,0,0,2,1,0,6,9,5,3,2
2012.0,0.0,1.0,0.0,3,1,0,0,0,2,1,5,1,1,0,1,9,1,1,20,1,7,0,0,0,2,1,0,4,2,5,3,3
2012.0,0.0,0.0,0.0,3,4,3,0,0,0,0,9,1,1,0,0,1,1,1,7,2,8,0,1,0,2,1,0,4,2,5,3,9
2012.0,64.944,0.0,0.0,3,6,3,0,0,0,0,5,1,1,0,0,5,1,1,8,2,8,0,1,0,2,1,0,4,0,5,8,8
2012.0,-539.088,0.0,0.0,3,6,3,0,0,0,0,1,1,1,0,0,1,1,1,9,2,8,0,1,0,2,0,0,6,7,5,8,8
2012.0,-156.816,0.0,0.0,3,6,3,0,0,0,1,1,1,1,0,0,1,1,1,12,2,8,0,0,0,2,1,0,6,7,5,8,3
2012.0,0.0,0.0,0.0,3,10,3,0,0,0,1,1,1,1,0,1,1,1,1,12,2,8,0,0,0,1,1,0,6,5,5,3,3
2012.0,-70.224,0.0,0.0,3,10,0,0,0,0,2,2,1,1,0,0,2,1,1,12,2,8,0,0,0,0,1,0,4,5,5,8,2
2012.0,-53.856,0.0,0.0,3,6,3,0,0,0,1,2,1,1,0,1,2,1,1,13,2,8,0,0,0,1,1,0,4,7,5,8,3
2012.0,0.0,0.0,0.0,3,6,3,0,0,0,1,2,1,1,0,1,2,1,1,15,2,8,0,0,0,1,1,0,6,7,5,8,3
2012.0,-183.744,0.0,0.0,3,10,3,0,0,0,1,9,1,1,0,0,9,1,1,15,2,8,0,0,0,1,1,0,6,9,5,3,2
2012.0,-4.752,0.0,0.0,3,6,3,0,0,0,0,2,1,0,0,0,2,1,1,16,2,8,0,1,0,1,1,0,4,7,5,8,8
2012.0,255.024,0.0,0.0,3,6,3,0,0,0,1,1,1,1,0,0,1,1,1,16,2,8,0,1,0,1,0,0,6,7,5,8,3
2012.0,151.008,0.0,0.0,3,10,3,0,0,0,0,5,1,1,0,0,5,1,1,16,2,8,0,1,0,1,1,0,6,5,5,3,2
2012.0,330.0,0.0,0.0,3,10,3,0,0,0,1,5,1,1,0,1,5,1,1,19,2,8,0,1,0,1,2,0,6,9,5,3,2
2012.0,70.224,1.0,0.0,2,6,0,0,0,0,1,9,1,1,0,1,9,1,1,21,2,8,0,0,0,1,2,0,6,0,5,3,3
2012.0,0.0,0.0,0.0,3,4,0,0,0,0,1,9,1,1,0,1,1,1,1,22,2,8,0,0,0,2,2,0,4,2,5,3,9
2012.0,139.92,0.0,0.0,3,4,0,0,0,0,1,2,1,1,0,1,5,1,1,0,3,8,0,0,0,2,1,0,0,5,5,3,9
2012.0,0.0,1.0,0.0,3,4,3,0,0,0,1,9,1,1,0,0,5,1,1,7,3,8,0,1,0,2,1,0,4,2,5,9,3
2012.0,691.152,0.0,0.0,3,6,3,0,0,0,0,4,1,1,0,1,9,1,1,11,3,8,0,0,0,0,1,0,6,9,5,3,9
2012.0,-44.88,0.0,0.0,3,1,3,0,0,2,1,2,1,1,0,1,9,1,1,11,3,8,0,0,0,0,2,0,4,5,5,9,3
2012.0,0.0,0.0,0.0,3,1,3,0,0,0,0,4,1,1,0,1,1,1,1,12,3,8,0,0,0,1,1,0,4,5,5,3,9
2012.0,-51.744,0.0,0.0,3,6,3,0,0,0,1,1,1,1,0,0,1,1,1,13,3,8,0,0,0,1,1,0,6,7,5,8,3
2012.0,-89.76,1.0,0.0,2,10,3,0,0,0,2,2,1,1,0,1,2,1,1,13,3,8,0,0,0,0,1,0,4,9,5,3,3
2012.0,-203.808,0.0,0.0,3,4,3,0,0,0,2,1,1,1,0,1,5,1,1,14,3,8,0,0,0,0,2,0,0,4,5,3,9
2012.0,104.016,1.0,0.0,1,6,3,0,0,0,0,1,1,1,0,1,1,1,1,16,3,8,0,1,0,1,1,0,6,0,5,8,3
2012.0,76.032,0.0,0.0,3,10,3,0,0,0,1,5,1,1,0,1,5,1,1,17,3,8,0,1,0,2,2,0,4,0,5,8,3
2012.0,44.88,0.0,0.0,3,10,3,0,0,0,1,5,1,1,0,1,5,1,1,18,3,8,0,1,0,1,2,0,4,9,5,3,2
2012.0,-105.072,0.0,0.0,3,6,0,0,0,0,1,5,1,1,0,1,5,1,1,20,3,8,0,0,0,1,1,0,4,7,5,8,3
2012.0,-20.064,0.0,0.0,3,6,0,0,0,0,1,1,0,1,0,1,1,1,1,0,4,8,0,0,0,1,1,0,2,8,5,9,9
2012.0,0.0,1.0,0.0,3,3,3,0,0,2,1,2,1,1,0,0,1,1,1,5,4,8,0,0,0,2,1,0,4,2,5,3,9
2012.0,-200.112,0.0,0.0,3,10,3,0,0,0,1,2,1,1,0,0,2,1,1,6,4,8,0,0,0,1,1,0,6,9,5,3,2
2012.0,146.256,0.0,0.0,3,6,3,0,0,0,1,9,1,1,0,0,9,1,1,10,4,8,0,0,0,1,2,0,4,0,5,8,3
2012.0,200.112,0.0,0.0,3,12,3,0,0,0,1,5,1,1,0,1,5,1,1,14,4,8,0,0,0,2,2,0,2,0,5,8,3
2012.0,0.0,0.0,0.0,3,10,3,0,0,0,1,2,1,1,0,1,2,1,1,14,4,8,0,0,0,1,2,0,4,9,5,3,2
2012.0,0.0,3.0,0.0,3,1,3,0,0,0,1,1,1,1,0,1,5,1,1,15,4,8,0,0,0,1,1,0,6,2,5,3,3
2012.0,0.0,0.0,0.0,3,6,3,0,0,0,0,2,1,1,0,1,2,1,1,15,4,8,0,0,0,1,1,0,4,7,5,8,3
2012.0,0.0,2.0,0.0,2,4,3,0,0,0,0,4,1,1,0,0,5,1,1,16,4,8,0,1,0,2,1,0,4,5,5,3,9
2012.0,-64.944,0.0,0.0,3,1,3,0,0,0,1,6,1,1,0,0,1,1,1,17,4,8,0,1,0,1,1,0,4,9,5,8,2
2012.0,200.112,0.0,0.0,3,6,3,0,0,0,1,5,1,1,0,1,5,1,1,17,4,8,0,1,0,1,1,0,4,7,5,8,3
2012.0,-500.016,0.0,0.0,3,1,3,0,0,0,1,2,1,1,0,0,1,1,1,17,4,8,0,1,0,2,1,0,4,2,5,3,3
2012.0,-140.976,1.0,0.0,3,6,0,0,0,0,0,5,1,1,0,0,5,1,1,21,4,8,0,0,0,2,1,0,6,5,8,8,8
2012.0,-1056.0,1.0,0.0,3,10,3,0,0,0,0,3,1,1,0,1,3,1,1,7,5,8,1,1,0,1,1,0,0,5,5,9,9
2012.0,0.0,0.0,0.0,3,1,3,0,0,0,0,8,1,1,0,0,8,1,1,10,5,8,1,0,0,1,1,0,4,2,5,3,3
2012.0,64.944,0.0,0.0,3,6,3,0,0,0,0,1,1,1,0,0,1,1,1,13,5,8,1,0,0,2,1,0,6,0,5,3,3
2012.0,528.0,0.0,0.0,3,10,3,0,0,0,1,9,1,1,0,1,9,1,1,15,5,8,1,0,0,0,1,0,0,4,5,3,9
2012.0,-44.88,0.0,0.0,3,6,3,0,0,0,0,2,1,1,0,1,2,1,1,15,5,8,1,0,0,0,1,0,4,7,5,8,3
2012.0,0.0,0.0,0.0,3,10,3,0,0,0,0,1,1,1,0,0,1,1,1,18,5,8,1,1,0,0,1,0,4,9,5,9,9
2012.0,0.0,0.0,0.0,3,4,0,0,0,0,1,1,1,1,0,1,9,1,1,20,5,8,1,0,0,1,1,0,4,2,5,9,9
2012.0,220.176,0.0,0.0,3,9,0,0,0,0,1,9,1,1,1,1,8,1,1,22,5,8,1,0,0,2,1,0,6,9,5,6,3
2012.0,0.0,3.0,0.0,3,4,0,0,0,0,1,1,1,1,0,1,9,1,1,23,5,8,1,0,0,1,2,0,4,2,5,9,3
2012.0,38.016,0.0,0.0,3,6,3,0,0,0,0,9,1,1,0,1,9,1,1,15,6,8,1,0,0,1,1,0,4,7,5,8,3
2012.0,-220.176,1.0,0.0,2,4,3,0,0,0,1,3,1,1,0,1,5,1,1,16,6,8,1,1,0,1,1,0,6,2,5,3,9
2012.0,-4.224,0.0,0.0,3,6,3,0,0,0,0,1,1,1,0,1,1,1,1,16,6,8,1,1,0,1,2,0,2,8,5,8,3
2012.0,-224.928,0.0,0.0,3,6,0,0,0,0,0,9,1,1,0,0,9,1,1,20,6,8,1,0,0,1,2,0,6,0,5,8,3
2012.0,159.984,1.0,0.0,2,5,0,0,0,3,1,2,0,1,0,0,1,1,1,20,6,8,1,0,0,2,1,0,6,6,5,3,7
2012.0,-42.24,0.0,0.0,3,4,0,0,0,0,0,5,1,1,0,1,9,1,1,20,6,8,1,0,0,2,2,0,4,0,5,9,3
2012.0,-7.92,0.0,0.0,3,1,0,3,4,0,1,9,1,1,0,0,9,1,1,22,6,8,1,0,1,1,2,0,6,5,5,2,2
2012.0,-14.784,0.0,0.0,3,6,0,0,0,0,1,5,1,1,1,1,5,1,1,0,0,8,0,0,0,1,1,0,6,5,5,5,3
2012.0,0.0,0.0,0.0,3,4,3,0,0,0,1,5,1,1,0,0,9,1,1,7,0,8,0,1,0,1,1,0,4,2,5,3,9
2012.0,-269.808,0.0,0.0,3,1,3,0,0,0,0,7,1,1,0,0,9,1,1,8,0,8,0,1,0,1,0,0,6,5,5,3,9
2012.0,-149.952,0.0,0.0,3,10,3,0,0,0,0,5,1,1,0,0,5,1,1,13,0,8,0,0,0,1,1,0,1,9,5,3,2
2012.0,-5280.0,0.0,0.0,3,10,3,0,0,0,0,9,1,1,0,1,9,1,1,13,0,8,0,0,0,0,1,0,6,5,5,3,3
2012.0,-149.952,0.0,0.0,3,10,3,0,0,0,2,1,1,1,0,1,1,1,1,15,0,8,0,0,0,0,1,0,6,5,5,3,3
2012.0,0.0,0.0,0.0,3,1,3,0,0,0,0,9,1,1,0,1,9,1,1,15,0,8,0,0,0,1,1,0,4,4,5,9,3
2012.0,0.0,0.0,0.0,3,8,3,0,0,0,0,1,1,1,0,0,2,1,1,16,0,8,0,1,0,2,2,0,4,0,5,3,1
2012.0,0.0,0.0,0.0,3,6,3,0,0,0,1,7,1,1,0,0,7,1,1,16,0,8,0,1,0,2,1,0,6,8,5,9,9
2012.0,-472.032,0.0,0.0,3,6,3,0,0,0,1,5,1,1,0,1,5,1,1,16,0,8,0,1,0,1,1,0,6,7,5,8,3
2012.0,340.032,1.0,0.0,3,10,3,0,0,0,0,6,1,1,2,1,1,1,1,16,0,8,0,1,0,2,1,0,6,5,5,3,9
2012.0,-378.048,0.0,0.0,3,6,3,0,0,0,1,1,1,1,0,0,1,1,1,17,0,8,0,1,0,0,1,0,6,7,5,8,3
2012.0,335.808,0.0,0.0,3,10,3,0,0,0,0,1,1,1,0,1,1,1,1,18,0,8,0,1,0,2,1,0,6,5,5,3,3
2012.0,-299.904,0.0,0.0,3,1,3,0,0,0,1,6,1,1,0,0,5,1,1,18,0,8,0,1,0,2,1,0,6,5,5,3,9
2012.0,-259.776,1.0,0.0,2,5,0,0,0,3,0,5,0,1,0,0,1,1,1,20,0,8,0,0,0,2,1,0,6,6,5,3,7
2012.0,0.0,0.0,0.0,3,9,0,1,0,0,1,5,1,1,0,1,1,1,1,0,1,8,0,0,0,2,1,0,4,2,5,3,3
2012.0,0.0,0.0,0.0,3,6,3,0,0,0,0,5,1,1,0,1,5,1,1,7,1,8,0,1,0,0,1,0,6,4,5,3,9
2012.0,-136.752,0.0,0.0,3,6,3,0,0,0,0,2,1,1,0,0,2,1,1,8,1,8,0,1,0,0,1,0,6,7,5,8,3
2012.0,-149.952,0.0,0.0,3,10,3,0,0,0,1,2,1,1,0,1,2,1,1,9,1,8,0,1,0,1,1,0,2,9,5,3,2
2012.0,0.0,0.0,0.0,3,6,3,0,0,0,0,9,1,1,0,1,1,1,1,11,1,8,0,0,0,2,1,0,4,0,5,1,3
2012.0,-297.264,0.0,0.0,3,6,3,0,0,0,0,2,1,1,0,1,2,1,1,12,1,8,0,0,0,1,1,0,6,7,5,8,3