Year,Distance,Totalinjuries,Totalfatalities,Injuryseverity,Collisionmanner,Lightcondition,Weather,SurfaceCondition,Unittype_One,Gender_Drv1,Traveldirection_One,AlcoholUse_Drv1,DrugUse_Drv1,Unittype_Two,Gender_Drv2,Traveldirection_Two,AlcoholUse_Drv2,DrugUse_Drv2,Hour,Weekday,Month,Weekend,Rush_Hour,Hazardous_Road,Age_Group_Drv1,Age_Group_Drv2,Substance_Use,Junction_Category,Violation_Category_Drv1,Violation_Category_Drv2,Unitaction_Category_Two,Unitaction_Category_One
2012.0,0.0,3.0,0.0,1,4,3,0,0,0,1,5,1,1,0,1,9,1,1,13,1,8,0,0,0,1,2,0,2,2,5,3,9
2012.0,-92.928,0.0,0.0,3,6,3,0,0,0,0,5,1,1,0,1,5,1,1,14,1,8,0,0,0,1,2,0,6,0,5,8,8
2012.0,309.936,0.0,0.0,3,10,3,0,0,0,0,9,1,1,0,1,9,1,1,14,1,8,0,0,0,1,1,0,6,5,5,3,2
2012.0,162.096,0.0,0.0,3,6,3,0,0,0,1,1,1,1,0,1,1,1,1,15,1,8,0,0,0,1,1,0,6,7,5,8,3
2012.0,850.08,2.0,0.0,3,4,3,0,0,0,1,1,1,1,0,0,1,1,1,17,1,8,0,1,0,2,1,0,6,4,5,3,9
2012.0,-355.872,0.0,0.0,3,4,3,0,0,0,1,9,1,1,0,0,2,1,1,8,2,8,0,1,0,2,1,0,6,2,5,3,5
2012.0,1200.144,0.0,0.0,3,5,3,0,0,0,1,5,1,1,0,0,2,1,1,8,2,8,0,1,0,1,0,0,6,5,5,8,1
2012.0,0.0,0.0,0.0,3,1,3,0,0,0,0,9,1,1,0,1,5,1,1,14,2,8,0,0,0,1,1,0,4,2,5,3,3
2012.0,-89.76,0.0,0.0,3,6,3,0,0,0,0,2,1,1,0,1,2,1,1,15,2,8,0,0,0,1,1,0,4,0,5,8,8
2012.0,0.0,2.0,0.0,2,1,3,0,0,0,0,2,1,1,0,1,1,1,1,15,2,8,0,0,0,1,0,0,4,2,5,3,3
2012.0,0.0,0.0,0.0,3,4,3,0,0,0,0,1,1,1,0,0,5,1,1,17,2,8,0,1,0,0,1,0,4,0,5,3,9
2012.0,4224.0,0.0,0.0,3,4,0,0,0,0,1,4,1,1,0,1,5,1,1,17,2,8,0,1,0,2,1,0,6,5,5,3,9
2012.0,-74.976,0.0,0.0,3,6,3,0,0,0,1,5,1,1,0,1,5,1,1,17,2,8,0,1,0,1,1,0,4,7,5,8,3
2012.0,0.0,0.0,0.0,3,4,0,0,0,0,1,1,1,1,0,1,7,1,1,21,2,8,0,0,0,1,2,0,4,2,5,9,3
2012.0,0.0,1.0,0.0,2,1,0,0,0,0,1,5,1,1,0,0,9,1,1,3,3,8,0,0,0,2,2,0,4,2,5,3,3
2012.0,200.112,1.0,0.0,2,10,3,0,0,0,0,2,1,1,0,1,2,1,1,6,3,8,0,0,0,1,1,0,1,9,5,3,2
2012.0,-299.904,0.0,0.0,3,1,3,0,0,0,1,2,1,1,0,0,1,1,1,6,3,8,0,0,0,2,1,0,6,2,5,3,5
2012.0,0.0,1.0,0.0,3,1,3,0,0,0,0,2,1,1,0,0,1,1,1,7,3,8,0,1,0,0,1,0,4,2,5,3,3
2012.0,-41.184,0.0,0.0,3,4,3,0,0,0,0,9,1,1,0,0,2,1,1,7,3,8,0,1,0,1,0,0,4,2,5,8,9
2012.0,0.0,0.0,0.0,3,1,3,0,0,0,1,2,1,1,0,1,9,1,1,9,3,8,0,1,0,1,1,0,2,2,5,9,3
2012.0,0.0,0.0,0.0,3,1,3,0,0,0,1,2,1,1,0,0,1,1,1,13,3,8,0,0,0,1,2,0,2,2,5,3,3
2012.0,0.0,1.0,0.0,3,4,3,0,0,0,1,3,1,1,0,1,9,1,1,14,3,8,0,0,0,0,1,0,4,5,5,3,9
2012.0,-149.952,0.0,0.0,3,4,3,0,0,0,0,2,1,1,0,1,1,1,1,15,3,8,0,0,0,1,1,0,0,2,5,3,9
2012.0,154.176,0.0,0.0,3,4,3,0,0,0,1,1,1,1,0,1,5,1,1,16,3,8,0,1,0,1,0,0,6,5,5,3,9
2012.0,-350.064,3.0,0.0,1,6,3,0,0,0,1,5,1,1,0,1,5,1,1,16,3,8,0,1,0,1,2,0,6,7,5,8,3
2012.0,74.976,0.0,0.0,3,6,3,0,0,0,0,5,1,1,0,0,5,1,1,16,3,8,0,1,0,2,1,0,4,7,5,8,3
2012.0,0.0,2.0,0.0,3,4,3,0,0,0,0,7,1,1,0,0,1,1,1,17,3,8,0,1,0,2,1,0,4,1,5,3,9
2012.0,-24.816,0.0,0.0,3,5,0,0,0,0,1,1,1,1,0,1,9,1,1,18,3,8,0,1,0,1,2,0,6,5,5,3,9
2012.0,0.0,0.0,0.0,3,4,0,0,0,0,0,2,1,1,0,1,6,1,1,20,3,8,0,0,0,1,0,0,4,2,5,9,3
2012.0,1299.936,1.0,0.0,3,6,0,0,0,0,1,5,1,1,0,1,5,1,1,2,4,8,0,0,0,2,1,0,6,0,5,3,3
2012.0,0.0,0.0,0.0,3,4,3,0,0,0,1,1,1,1,0,0,2,1,1,8,4,8,0,1,0,1,1,0,4,2,5,3,9
2012.0,-144.144,0.0,0.0,3,6,3,0,0,0,1,2,1,1,0,1,2,1,1,12,4,8,0,0,0,2,1,0,2,7,5,8,3
2012.0,-200.112,0.0,0.0,3,8,3,0,0,0,1,5,1,1,0,1,9,1,1,12,4,8,0,0,0,0,1,0,0,0,5,6,1
2012.0,77.088,0.0,0.0,3,6,3,0,0,0,1,9,1,1,0,1,9,1,1,15,4,8,0,0,0,2,1,0,4,7,5,8,3
2012.0,-70.224,0.0,0.0,3,6,3,0,0,0,1,1,1,1,0,0,1,1,1,15,4,8,0,0,0,2,1,0,4,7,5,8,3
2012.0,0.0,0.0,0.0,3,10,3,0,0,0,0,5,1,1,0,1,5,1,1,16,4,8,0,1,0,1,1,0,4,9,5,3,2
2012.0,0.0,0.0,0.0,3,6,0,0,0,0,1,5,1,1,0,0,5,1,1,20,4,8,0,0,0,1,1,0,2,7,5,8,3
2012.0,-14.784,0.0,0.0,3,6,3,0,0,0,1,9,1,1,0,1,1,1,1,15,5,8,1,0,0,0,1,0,2,0,5,8,1
2012.0,0.0,3.0,0.0,2,6,0,0,0,0,1,1,1,1,0,1,1,1,1,2,6,8,1,0,0,1,1,0,4,0,5,3,3
2012.0,129.888,0.0,0.0,3,6,3,0,0,0,0,2,1,1,0,1,2,1,1,5,6,8,1,0,0,2,1,0,4,5,5,5,5
2012.0,149.952,0.0,0.0,3,3,0,0,0,0,0,2,1,1,1,1,8,1,1,20,6,8,1,0,0,1,1,0,6,5,5,6,3
2012.0,325.248,1.0,0.0,3,6,3,0,0,0,1,1,1,1,0,0,1,1,1,7,0,8,0,1,0,1,1,0,6,7,5,8,3
2012.0,-240.24,2.0,0.0,2,4,3,0,0,0,0,5,1,1,0,1,2,1,1,7,0,8,0,1,0,1,1,0,6,2,5,3,9
2012.0,-125.136,0.0,0.0,3,6,3,0,0,0,1,2,1,1,0,1,2,1,1,8,0,8,0,1,0,0,0,0,4,0,5,8,8
2012.0,31.152,0.0,0.0,3,10,3,0,0,0,1,5,1,1,0,1,5,1,1,9,0,8,0,1,0,0,1,0,4,5,5,8,5
2012.0,148.896,0.0,0.0,3,6,3,0,0,0,1,1,1,1,0,0,1,1,1,9,0,8,0,1,0,1,1,0,6,0,5,8,8
2012.0,66.0,0.0,0.0,3,6,3,0,0,0,0,9,1,1,0,1,9,1,1,12,0,8,0,0,0,1,2,0,4,7,5,8,3
2012.0,-79.2,0.0,0.0,3,6,3,0,0,0,1,1,1,1,0,1,1,1,1,14,0,8,0,0,0,2,1,0,4,7,5,8,3
2012.0,407.088,0.0,0.0,3,6,3,0,0,0,0,9,1,1,0,0,9,1,1,15,0,8,0,0,0,1,1,0,6,7,5,8,3
2012.0,0.0,0.0,0.0,3,6,3,0,0,0,1,1,1,1,0,0,1,1,1,15,0,8,0,0,0,2,1,0,6,7,5,8,3
2012.0,540.144,0.0,0.0,3,6,3,0,0,0,0,1,1,1,0,0,1,1,1,16,0,8,0,1,0,1,1,0,6,7,5,8,3
2012.0,-39.072,1.0,0.0,2,6,3,0,0,0,1,9,1,1,0,1,9,1,1,16,0,8,0,1,0,1,2,0,6,0,5,8,8
2012.0,-879.12,1.0,0.0,3,6,3,0,0,0,1,2,1,1,0,0,2,1,1,16,0,8,0,1,0,2,1,0,6,7,5,8,3
2012.0,519.024,0.0,0.0,3,8,3,0,0,0,2,2,1,1,0,1,1,1,1,17,0,8,0,1,0,0,1,0,6,5,5,3,5
2012.0,-317.856,0.0,0.0,3,4,3,0,0,0,0,4,1,1,0,0,1,1,1,18,0,8,0,1,0,2,2,0,6,5,5,3,9
2012.0,0.0,1.0,0.0,3,1,3,0,0,2,1,2,1,1,0,1,1,1,1,7,1,8,0,1,0,2,1,0,2,0,5,9,3
2012.0,-415.008,1.0,0.0,2,1,3,0,0,0,0,9,1,1,2,1,9,1,1,8,1,8,0,1,0,1,2,0,6,2,5,3,9
2012.0,-95.04,0.0,0.0,3,6,3,0,0,0,1,1,1,1,0,0,1,1,1,10,1,8,0,0,0,1,0,0,4,7,5,8,3
2012.0,60.192,0.0,0.0,3,10,3,0,0,0,1,5,1,1,0,1,5,1,1,15,1,8,0,0,0,0,1,0,6,9,5,3,2
2012.0,-33.792,0.0,0.0,3,10,0,3,4,0,1,9,1,1,0,1,9,1,1,21,1,8,0,0,1,2,2,0,6,7,5,3,3
2012.0,165.792,0.0,0.0,3,6,3,0,0,0,0,5,1,1,0,1,5,1,1,6,2,8,0,0,0,1,1,0,1,7,5,8,3
2012.0,270.864,0.0,0.0,3,1,3,0,0,0,0,2,1,1,0,0,1,1,1,9,2,8,0,1,0,1,0,0,6,2,5,3,5
2012.0,213.84,0.0,0.0,3,6,3,0,0,0,1,1,1,1,0,1,1,1,1,9,2,8,0,1,0,1,0,0,6,7,5,8,3
2012.0,-129.888,0.0,0.0,3,5,3,0,0,0,1,9,1,1,0,0,1,1,1,11,2,8,0,0,0,1,1,0,4,5,5,3,1
2012.0,-34.848,0.0,0.0,3,6,3,0,0,0,0,1,1,0,0,0,1,1,1,12,2,8,0,0,0,1,1,0,4,7,5,8,3
2012.0,-90.816,0.0,0.0,3,6,3,0,0,0,1,5,1,1,0,1,5,1,1,12,2,8,0,0,0,1,1,0,4,0,5,8,8
2012.0,0.0,0.0,0.0,3,1,3,0,0,0,1,6,1,1,0,1,5,1,1,13,2,8,0,0,0,2,1,0,4,2,5,3,9
2012.0,151.008,1.0,0.0,3,6,3,0,0,0,0,5,1,1,0,0,5,1,1,17,2,8,0,1,0,1,1,0,6,7,5,8,3
2012.0,0.0,2.0,0.0,2,4,0,0,0,0,1,9,1,1,0,1,1,1,1,20,2,8,0,0,0,2,1,0,2,0,5,3,9
2012.0,0.0,0.0,0.0,3,4,0,0,0,0,0,5,1,1,0,0,1,1,1,21,2,8,0,0,0,1,2,0,3,2,5,3,9
2012.0,111.936,1.0,0.0,3,1,0,0,0,2,1,9,1,1,0,0,2,1,1,21,2,8,0,0,0,1,1,0,0,9,2,9,3
2012.0,63.888,1.0,0.0,3,6,3,1,0,0,0,1,1,1,0,0,1,1,1,6,3,8,0,0,0,1,1,0,4,7,5,8,3
2012.0,60.192,0.0,0.0,3,6,3,0,0,0,0,9,1,1,0,0,9,1,1,12,3,8,0,0,0,0,2,0,4,7,5,8,3
2012.0,139.92,1.0,0.0,3,6,3,0,0,0,0,9,1,1,0,1,9,1,1,15,3,8,0,0,0,1,1,0,4,7,5,8,3
2012.0,-44.88,0.0,0.0,3,6,3,0,0,0,1,1,1,1,0,1,1,1,1,15,3,8,0,0,0,1,0,0,4,1,5,8,3
2012.0,66.0,2.0,0.0,2,6,3,0,0,0,1,9,1,1,0,1,9,1,1,15,3,8,0,0,0,1,1,0,4,7,5,8,3
2012.0,-470.976,2.0,0.0,3,6,3,0,0,0,1,1,1,1,0,0,1,1,1,16,3,8,0,1,0,1,1,0,6,0,5,8,3
2012.0,200.112,2.0,0.0,2,1,0,1,0,0,0,5,1,1,0,0,9,1,1,20,3,8,0,0,0,1,2,0,6,0,5,3,9
2012.0,0.0,0.0,0.0,3,1,3,1,0,0,0,1,1,1,0,0,5,1,1,9,4,8,0,1,0,1,1,0,4,2,5,3,9
2012.0,599.808,0.0,0.0,3,1,3,0,0,0,1,6,1,1,0,1,9,1,1,11,4,8,0,0,0,1,1,0,0,7,5,8,3
2012.0,-344.256,1.0,0.0,2,1,3,0,0,0,1,9,1,1,0,1,2,1,1,14,4,8,0,0,0,2,2,0,0,2,5,3,9
2012.0,51.744,2.0,0.0,3,6,3,0,0,0,0,5,1,1,0,0,5,1,1,16,4,8,0,1,0,2,1,0,4,7,5,8,3
2012.0,-89.76,0.0,0.0,3,6,3,0,0,0,1,2,1,1,0,0,2,1,1,17,4,8,0,1,0,1,1,0,6,7,5,8,3
2012.0,-116.16,0.0,0.0,3,6,3,0,0,0,1,2,1,1,0,1,2,1,1,17,4,8,0,1,0,1,1,0,4,0,5,8,3
2012.0,299.904,0.0,0.0,3,6,3,0,0,0,0,9,1,1,0,1,9,1,1,17,4,8,0,1,0,1,1,0,6,7,5,8,3
2012.0,-32.208,0.0,0.0,3,10,3,0,0,0,1,1,0,1,0,1,1,1,1,17,4,8,0,1,0,1,0,0,4,9,5,3,2
2012.0,60.192,0.0,0.0,3,3,0,0,0,0,1,9,1,1,0,1,1,1,1,1,5,8,1,0,0,1,1,0,6,9,5,9,3
2012.0,0.0,0.0,0.0,3,6,2,0,0,0,0,2,1,1,0,0,2,1,1,6,5,8,1,0,0,0,1,0,4,7,5,8,3
2012.0,44.88,0.0,0.0,3,6,3,0,0,0,1,9,1,1,0,0,9,1,1,9,5,8,1,1,0,1,2,0,4,8,5,8,3
2012.0,-5.808,1.0,0.0,2,4,3,0,0,0,1,2,1,1,0,0,9,1,1,14,5,8,1,0,0,2,1,0,4,2,5,3,9
2012.0,0.0,0.0,0.0,3,10,3,0,0,0,1,5,1,1,0,0,5,1,1,16,5,8,1,1,0,1,1,0,2,5,5,9,9
2012.0,155.232,1.0,0.0,3,6,3,0,0,0,1,5,1,1,0,0,5,1,1,18,5,8,1,1,0,2,1,0,4,8,5,8,8
2012.0,-400.224,1.0,0.0,2,4,0,0,0,0,1,7,1,1,0,1,1,1,1,19,5,8,1,1,0,2,2,0,0,0,5,3,9
2012.0,51.744,0.0,0.0,3,10,0,0,0,0,1,5,1,1,1,1,8,1,1,20,5,8,1,0,0,2,2,0,4,0,5,6,3
2012.0,-19.008,0.0,0.0,3,6,3,0,0,0,0,9,1,1,0,1,9,1,1,11,6,8,1,0,0,1,1,0,2,0,5,8,3
2012.0,403.92,1.0,0.0,2,6,3,0,0,0,0,1,1,1,0,1,1,1,1,12,6,8,1,0,0,2,1,0,6,7,5,9,3
2012.0,247.104,1.0,0.0,2,4,3,0,0,0,1,5,1,1,0,1,1,1,1,15,6,8,1,0,0,2,1,0,6,2,5,3,9
2012.0,50.16,0.0,0.0,3,10,3,0,0,0,1,2,1,1,0,1,2,1,1,17,6,8,1,1,0,0,1,0,6,7,5,6,3
2012.0,-374.88,0.0,0.0,3,1,3,0,0,0,0,4,1,1,0,0,1,1,1,8,0,8,0,1,0,1,2,0,6,5,5,3,5
2012.0,0.0,0.0,0.0,3,1,3,0,0,0,1,9,1,1,0,1,6,1,1,10,0,8,0,0,0,1,1,0,4,2,5,9,3
2012.0,-80.256,0.0,0.0,3,1,3,0,0,0,0,7,1,1,0,1,9,1,1,11,0,8,0,0,0,2,2,0,4,5,5,9,9
2012.0,-99.792,0.0,0.0,3,10,3,0,0,0,2,2,1,1,0,0,2,1,1,12,0,8,0,0,0,0,1,0,6,9,5,3,2
2012.0,-168.96,0.0,0.0,3,6,3,1,0,0,0,2,1,1,0,1,2,1,1,12,0,8,0,0,0,2,1,0,2,2,5,8,3
2012.0,-10.032,0.0,0.0,3,5,3,0,0,0,2,9,1,1,0,0,1,1,1,13,0,8,0,0,0,0,2,0,4,5,5,8,1
2012.0,85.008,0.0,0.0,3,6,3,0,0,0,2,1,1,1,0,0,1,1,1,13,0,8,0,0,0,0,2,0,6,0,5,8,3
2012.0,146.784,0.0,0.0,3,9,3,0,0,0,2,5,1,1,1,1,2,1,1,17,0,8,0,1,0,0,2,0,6,5,5,6,3
2012.0,457.776,0.0,0.0,3,6,3,0,0,0,1,9,1,1,0,0,9,1,1,17,0,8,0,1,0,1,2,0,6,7,5,8,3
2012.0,-50.16,0.0,0.0,3,6,0,0,0,0,1,2,1,1,0,0,2,1,1,21,0,8,0,0,0,1,2,0,2,7,5,8,3
2012.0,-78.144,0.0,0.0,3,6,2,0,0,0,1,1,1,1,0,1,1,1,1,6,1,8,0,0,0,1,1,0,4,7,5,8,3
2012.0,0.0,3.0,0.0,1,4,3,1,0,0,0,1,1,1,0,1,9,1,1,7,1,8,0,1,0,1,1,0,4,2,5,3,9
2012.0,532.752,0.0,0.0,3,6,3,0,0,0,1,9,1,1,0,0,9,1,1,7,1,8,0,1,0,2,1,0,4,0,5,8,3
2012.0,299.904,0.0,0.0,3,12,2,4,3,0,1,8,1,1,0,0,8,1,1,7,1,8,0,1,0,1,1,0,6,5,5,5,5
2012.0,40.128,0.0,0.0,3,10,3,0,0,0,2,5,1,1,0,0,5,1,1,9,1,8,0,1,0,0,1,0,4,7,5,8,9
2012.0,17.952,0.0,0.0,3,10,3,0,0,0,1,9,1,1,0,0,9,1,1,11,1,8,0,0,0,1,1,0,4,5,5,8,9
2012.0,0.0,1.0,0.0,3,1,3,0,0,0,1,4,1,1,0,0,9,1,1,11,1,8,0,0,0,2,1,0,4,5,5,3,9
2012.0,36.96,0.0,0.0,3,1,3,0,0,0,0,2,1,1,0,1,1,1,1,16,1,8,0,1,0,2,1,0,4,2,5,3,9
2012.0,-455.136,0.0,0.0,3,6,3,0,0,0,1,5,1,1,0,0,5,1,1,16,1,8,0,1,0,1,1,0,6,7,5,8,3
2012.0,-192.192,0.0,0.0,3,6,3,0,0,0,1,1,1,1,0,1,1,1,1,17,1,8,0,1,0,1,1,0,6,0,5,8,3
2012.0,-14.784,0.0,0.0,3,6,3,0,0,0,2,1,1,1,0,1,1,1,1,17,1,8,0,1,0,0,1,0,2,7,5,8,3
2012.0,0.0,2.0,0.0,3,1,1,1,0,0,0,2,1,1,0,0,1,1,1,20,1,8,0,0,0,1,1,0,4,0,5,3,3
2012.0,0.0,0.0,0.0,3,1,3,0,0,0,0,6,1,1,0,1,1,1,1,7,2,8,0,1,0,2,1,0,4,5,5,3,9
2012.0,0.0,0.0,0.0,3,4,3,0,0,0,1,2,1,1,0,1,9,1,1,7,2,8,0,1,0,1,1,0,4,2,5,3,9
2012.0,-99.792,0.0,0.0,3,6,3,0,0,0,1,2,1,1,0,1,2,1,1,7,2,8,0,1,0,2,0,0,6,7,5,8,3
2012.0,-52.8,0.0,0.0,3,10,3,0,0,0,0,5,1,1,0,1,5,1,1,8,2,8,0,1,0,2,1,0,6,9,5,3,2
2012.0,0.0,2.0,0.0,3,1,3,0,0,0,0,2,1,1,0,1,1,1,1,8,2,8,0,1,0,1,0,0,4,5,5,3,5
2012.0,62.832,0.0,0.0,3,10,3,1,0,0,0,9,1,1,0,0,9,1,1,12,2,8,0,0,0,1,1,0,4,7,5,8,3
2012.0,104.016,0.0,0.0,3,6,3,0,0,0,0,5,1,1,0,1,5,1,1,14,2,8,0,0,0,1,1,0,4,7,5,8,3
2012.0,-83.952,0.0,0.0,3,5,3,1,0,0,0,5,1,1,0,0,2,1,1,15,2,8,0,0,0,1,2,0,4,0,5,8,1
2012.0,0.0,0.0,0.0,3,1,3,1,0,0,0,3,1,1,0,0,3,1,1,17,2,8,0,1,0,0,1,0,4,4,5,9,9
2012.0,200.112,0.0,0.0,3,10,3,0,0,0,1,9,1,1,0,0,9,1,1,18,2,8,0,1,0,2,2,0,6,0,5,3,2
2012.0,174.768,0.0,0.0,3,6,3,1,4,0,1,5,1,1,0,1,5,1,1,5,3,8,0,0,1,1,0,0,6,0,5,3,3
2012.0,-449.856,0.0,0.0,3,10,2,1,4,0,0,2,1,1,0,0,2,1,1,6,3,8,0,0,1,1,2,0,6,9,5,3,2
2012.0,0.0,0.0,0.0,3,4,3,0,0,0,1,9,1,1,0,1,5,1,1,7,3,8,0,1,0,1,1,0,4,2,5,9,3
2012.0,-420.816,0.0,0.0,3,6,3,1,4,0,1,2,1,1,0,1,2,1,1,7,3,8,0,1,1,1,1,0,4,8,5,8,3
2012.0,0.0,0.0,0.0,3,4,3,0,0,0,0,9,1,1,0,1,5,1,1,8,3,8,0,1,0,2,1,0,4,2,5,3,9
2012.0,0.0,2.0,0.0,2,4,3,0,0,0,0,9,1,1,0,0,1,1,1,9,3,8,0,1,0,0,2,0,4,2,5,3,9
2012.0,0.0,0.0,0.0,3,4,3,0,0,0,0,9,1,1,0,1,3,1,1,9,3,8,0,1,0,1,1,0,4,2,5,9,3
2012.0,-64.944,0.0,0.0,3,10,3,0,0,0,1,1,1,1,0,1,1,1,1,11,3,8,0,0,0,1,1,0,4,5,5,3,9
2012.0,40.128,1.0,0.0,3,1,3,0,0,3,1,9,1,1,0,1,5,1,1,12,3,8,0,0,0,2,1,0,4,5,5,3,7
2012.0,-20.064,0.0,0.0,3,10,3,0,0,0,1,5,1,1,0,1,5,1,1,15,3,8,0,0,0,0,1,0,2,5,5,8,3
2012.0,-778.8,0.0,0.0,3,6,3,1,0,0,1,9,1,1,0,1,9,1,1,15,3,8,0,0,0,2,1,0,6,7,5,8,3
2012.0,279.84,0.0,0.0,3,10,3,0,0,0,0,2,1,1,0,1,2,1,1,15,3,8,0,0,0,0,1,0,6,9,5,3,2
2012.0,338.976,0.0,0.0,3,8,3,0,0,0,1,2,1,1,0,1,1,1,1,15,3,8,0,0,0,1,2,0,6,5,5,8,1
2012.0,36.96,2.0,0.0,2,6,3,0,0,0,1,5,1,1,0,1,5,1,1,16,3,8,0,1,0,0,2,0,4,0,5,9,3
2012.0,376.992,0.0,0.0,3,10,3,0,0,0,1,9,1,1,0,1,9,1,1,16,3,8,0,1,0,1,2,0,6,9,5,3,2
2012.0,-208.032,1.0,0.0,3,6,3,0,0,0,0,1,1,0,0,0,1,1,1,17,3,8,0,1,0,1,1,0,6,0,5,8,3
2012.0,0.0,0.0,0.0,3,4,3,0,0,0,1,9,1,1,0,0,1,1,1,17,3,8,0,1,0,0,1,0,4,5,5,3,9
2012.0,-249.744,0.0,0.0,3,6,3,0,0,0,1,1,1,1,0,1,1,1,1,17,3,8,0,1,0,1,1,0,6,0,5,8,8
2012.0,-14.784,0.0,0.0,3,10,0,0,0,0,1,2,1,1,0,1,2,1,1,22,3,8,0,0,0,1,2,0,4,9,5,8,2
2012.0,202.224,0.0,0.0,3,6,3,3,4,0,1,9,1,1,0,1,9,1,1,7,4,8,0,1,1,1,2,0,9,7,5,8,3
2012.0,50.16,0.0,0.0,3,6,3,1,4,0,1,9,1,1,0,1,9,1,1,8,4,8,0,1,1,1,1,0,4,7,5,8,3
2012.0,412.896,1.0,0.0,1,6,3,1,4,0,1,2,1,1,0,0,2,1,1,8,4,8,0,1,1,1,1,0,6,7,5,8,8
2012.0,-61.248,0.0,0.0,3,6,3,3,4,0,1,2,1,1,0,0,2,1,1,8,4,8,0,1,1,1,1,0,4,7,5,8,3
2012.0,-106.128,1.0,0.0,3,6,3,0,0,0,1,2,1,1,0,1,2,1,1,9,4,8,0,1,0,2,1,0,4,7,5,3,3
2012.0,0.0,0.0,0.0,3,10,0,4,3,0,2,8,1,1,1,1,8,1,1,10,4,8,0,0,0,0,1,0,6,5,5,6,5
2012.0,0.0,1.0,0.0,3,1,3,0,0,0,0,5,1,1,2,1,5,1,1,12,4,8,0,0,0,0,2,0,4,0,5,3,9
2012.0,71.808,0.0,0.0,3,6,3,0,0,0,1,1,1,1,0,0,1,1,1,13,4,8,0,0,0,2,1,0,4,7,5,8,3
2012.0,0.0,1.0,0.0,1,1,3,0,0,2,1,2,0,1,0,0,5,1,1,13,4,8,0,0,0,2,0,0,4,2,5,3,7
2012.0,360.096,1.0,0.0,3,1,3,0,0,2,1,9,1,1,0,1,2,1,1,13,4,8,0,0,0,2,1,0,0,9,5,8,3
2012.0,-232.848,1.0,0.0,1,6,3,0,0,0,1,1,1,1,0,1,1,1,1,13,4,8,0,0,0,1,1,0,6,7,5,8,3
2012.0,-177.936,0.0,0.0,3,6,3,1,0,0,1,1,1,1,0,1,1,1,1,14,4,8,0,0,0,1,1,0,4,5,5,3,3
2012.0,0.0,0.0,0.0,3,4,3,1,0,0,0,4,1,1,0,1,5,1,1,14,4,8,0,0,0,1,2,0,1,4,5,3,9
2012.0,-200.112,0.0,0.0,3,6,3,0,0,0,0,1,1,1,0,0,1,1,1,15,4,8,0,0,0,2,2,0,6,8,5,3,3
2012.0,-180.048,1.0,0.0,3,6,3,0,0,0,1,1,1,1,0,0,1,1,1,16,4,8,0,1,0,1,1,0,6,7,5,8,3
2012.0,-108.24,0.0,0.0,3,6,3,0,0,0,1,5,1,1,0,1,5,1,1,16,4,8,0,1,0,1,1,0,4,8,5,8,8
2012.0,-40.128,1.0,0.0,1,4,3,0,0,2,1,2,1,1,0,0,2,1,1,16,4,8,0,1,0,2,1,0,4,9,5,9,7
2012.0,-10.032,0.0,0.0,3,4,3,0,0,0,0,5,1,1,0,1,2,1,1,16,4,8,0,1,0,1,1,0,2,7,5,3,9
2012.0,119.856,0.0,0.0,3,10,3,0,0,0,0,9,1,1,0,0,9,1,1,17,4,8,0,1,0,2,1,0,4,9,5,3,2
2012.0,74.976,1.0,0.0,2,1,0,0,0,2,0,9,1,1,0,1,2,1,1,21,4,8,0,0,0,2,2,0,6,5,5,9,3
2012.0,0.0,1.0,0.0,2,1,0,0,0,0,0,1,0,1,0,1,5,1,1,4,5,8,1,0,0,2,1,0,2,2,5,3,3
2012.0,74.976,0.0,0.0,3,1,3,0,0,0,0,2,1,1,0,1,1,1,1,14,5,8,1,0,0,1,2,0,0,0,5,3,9
2012.0,34.848,0.0,0.0,3,1,3,0,0,0,1,5,1,1,0,1,5,1,1,14,5,8,1,0,0,2,2,0,6,5,5,3,9
2012.0,25.872,0.0,0.0,3,10,3,0,0,0,1,1,1,1,0,0,1,1,1,14,5,8,1,0,0,2,2,0,4,9,5,3,2
2012.0,48.048,0.0,0.0,3,6,3,0,0,0,0,5,1,1,0,1,5,1,1,17,5,8,1,1,0,2,1,0,4,7,5,8,3
2012.0,0.0,1.0,0.0,2,1,3,0,0,2,1,1,1,1,0,1,2,1,1,17,5,8,1,1,0,2,2,0,2,5,5,9,3
2012.0,-48.048,0.0,0.0,3,6,3,0,0,0,0,1,1,1,0,0,1,1,1,17,5,8,1,1,0,2,0,0,6,8,5,8,3
2012.0,0.0,0.0,0.0,3,1,3,0,0,0,0,5,1,1,0,0,9,1,1,18,5,8,1,1,0,2,1,0,4,0,5,3,9
2012.0,-85.008,2.0,0.0,2,4,4,0,0,0,1,5,1,1,0,0,9,1,1,18,5,8,1,1,0,2,2,0,4,4,5,3,9
2012.0,1056.0,0.0,0.0,3,6,0,0,0,0,0,9,0,1,0,0,9,1,1,0,6,8,1,0,0,1,1,0,6,7,5,8,3
2012.0,-42.768,2.0,0.0,2,6,0,0,0,0,1,2,0,1,0,0,2,1,1,1,6,8,1,0,0,2,1,0,4,7,5,8,3