Year,Distance,Totalinjuries,Totalfatalities,Injuryseverity,Collisionmanner,Lightcondition,Weather,SurfaceCondition,Unittype_One,Gender_Drv1,Traveldirection_One,AlcoholUse_Drv1,DrugUse_Drv1,Unittype_Two,Gender_Drv2,Traveldirection_Two,AlcoholUse_Drv2,DrugUse_Drv2,Hour,Weekday,Month,Weekend,Rush_Hour,Hazardous_Road,Age_Group_Drv1,Age_Group_Drv2,Substance_Use,Junction_Category,Violation_Category_Drv1,Violation_Category_Drv2,Unitaction_Category_Two,Unitaction_Category_One
2012.0,155.232,0.0,0.0,3,10,0,0,0,0,1,9,1,1,1,1,9,1,1,1,6,8,1,0,0,2,1,0,6,9,5,6,3
2012.0,-249.744,0.0,0.0,3,1,3,0,0,0,0,2,1,1,0,0,9,1,1,12,6,8,1,0,0,2,1,0,2,2,5,9,3
2012.0,0.0,0.0,0.0,3,1,3,0,0,0,1,9,1,1,0,1,2,1,1,12,6,8,1,0,0,2,0,0,2,0,5,3,3
2012.0,0.0,0.0,0.0,3,4,3,0,0,0,0,9,1,1,0,0,2,1,1,16,6,8,1,1,0,2,1,0,4,2,5,9,3
2012.0,25.872,1.0,0.0,2,1,3,0,0,2,0,5,1,1,0,1,8,1,1,17,6,8,1,1,0,2,1,0,4,5,5,9,5
2012.0,0.0,0.0,0.0,3,6,3,0,0,0,1,1,0,1,0,1,1,1,1,17,6,8,1,1,0,1,1,0,4,7,5,8,3
2012.0,435.072,0.0,0.0,3,6,3,0,0,0,0,9,1,1,0,1,9,1,1,8,0,8,0,1,0,1,1,0,6,0,5,8,3
2012.0,0.0,0.0,0.0,3,6,3,0,0,0,0,1,1,1,0,0,1,1,1,9,0,8,0,1,0,1,1,0,2,0,5,9,9
2012.0,203.808,1.0,0.0,2,1,3,0,0,0,0,9,1,1,2,1,9,1,1,10,0,8,0,0,0,2,2,0,6,2,5,3,9
2012.0,87.12,0.0,0.0,3,6,3,0,0,0,1,5,1,1,0,0,5,1,1,11,0,8,0,0,0,0,2,0,2,0,5,8,8
2012.0,-23.76,1.0,0.0,2,1,3,0,0,2,1,9,1,1,0,1,2,1,1,13,0,8,0,0,0,2,1,0,4,5,5,9,7
2012.0,-221.232,0.0,0.0,3,1,3,0,0,0,0,2,1,1,1,1,8,1,1,14,0,8,0,0,0,2,1,0,6,7,5,6,3
2012.0,0.0,0.0,0.0,3,4,3,0,0,0,0,1,1,1,0,1,7,1,1,15,0,8,0,0,0,1,1,0,4,2,5,9,3
2012.0,0.0,0.0,0.0,3,4,3,0,0,0,0,5,1,1,0,0,9,1,1,15,0,8,0,0,0,2,0,0,4,2,5,9,3
2012.0,87.12,0.0,0.0,3,6,3,0,0,0,0,5,1,1,0,0,5,1,1,16,0,8,0,1,0,2,2,0,6,7,5,8,3
2012.0,453.024,0.0,0.0,3,6,3,0,0,0,0,1,1,1,0,0,1,1,1,17,0,8,0,1,0,2,2,0,6,0,5,8,3
2012.0,0.0,0.0,0.0,3,4,3,0,0,0,1,9,1,1,0,1,1,1,1,18,0,8,0,1,0,2,2,0,4,2,5,3,9
2012.0,0.0,1.0,0.0,3,1,0,0,0,0,1,9,1,1,0,0,2,1,1,20,0,8,0,0,0,2,1,0,4,2,5,3,3
2012.0,99.792,0.0,0.0,3,9,0,0,0,0,1,8,1,1,1,1,2,1,1,2,1,8,0,0,0,1,0,0,6,5,5,6,5
2012.0,119.856,1.0,0.0,3,6,3,0,0,0,1,1,1,1,0,0,1,1,1,7,1,8,0,1,0,1,1,0,4,7,5,8,3
2012.0,110.88,3.0,0.0,3,1,3,0,0,0,0,3,1,1,0,0,2,1,1,9,1,8,0,1,0,1,1,0,4,5,5,3,2
2012.0,0.0,1.0,0.0,2,1,3,0,0,0,1,2,1,1,2,1,1,1,1,11,1,8,0,0,0,2,1,0,4,2,5,3,3
2012.0,200.112,0.0,0.0,3,1,3,0,0,0,0,9,1,1,0,1,5,1,1,11,1,8,0,0,0,2,0,0,4,2,5,3,5
2012.0,0.0,1.0,0.0,2,1,3,0,0,0,0,2,1,1,0,1,1,1,1,13,1,8,0,0,0,2,1,0,4,2,5,3,3
2012.0,-220.176,0.0,0.0,3,1,3,0,0,0,0,1,1,1,0,0,5,1,1,14,1,8,0,0,0,2,2,0,6,2,5,3,9
2012.0,-50.16,0.0,0.0,3,10,3,0,0,0,0,1,1,1,0,1,1,1,1,15,1,8,0,0,0,1,2,0,4,9,5,3,2
2012.0,-475.2,0.0,0.0,3,4,3,0,0,0,0,2,1,1,0,1,9,1,1,16,1,8,0,1,0,1,1,0,6,5,5,3,9
2012.0,247.104,0.0,0.0,3,1,3,0,0,0,0,4,1,1,0,1,9,1,1,17,1,8,0,1,0,2,1,0,6,5,5,3,9
2012.0,-391.248,1.0,0.0,2,6,3,0,0,0,1,1,1,1,0,1,1,1,1,17,1,8,0,1,0,2,0,0,6,0,5,3,3
2012.0,-125.136,0.0,0.0,3,1,0,0,0,0,1,5,1,1,0,1,5,1,1,19,1,8,0,1,0,2,2,0,4,0,5,3,2
2012.0,-422.4,0.0,0.0,3,1,0,0,0,0,1,1,1,1,0,1,1,1,1,19,1,8,0,1,0,2,1,0,6,0,5,3,2
2012.0,-500.016,1.0,0.0,2,4,0,0,0,0,0,3,1,1,0,0,5,1,1,21,1,8,0,0,0,2,1,0,0,0,5,3,9
2012.0,0.0,2.0,0.0,1,1,3,0,0,0,0,2,1,1,0,0,1,1,1,6,2,8,0,0,0,0,1,0,4,0,5,3,3
2012.0,0.0,0.0,0.0,3,4,3,0,0,0,1,9,1,1,0,1,1,1,1,6,2,8,0,0,0,2,0,0,4,2,5,3,9
2012.0,132.0,0.0,0.0,3,6,3,0,0,0,1,2,1,1,0,1,2,1,1,8,2,8,0,1,0,1,2,0,6,8,5,8,3
2012.0,-78.144,0.0,0.0,3,6,3,0,0,0,1,2,1,1,0,1,2,1,1,12,2,8,0,0,0,1,1,0,4,0,5,8,3
2012.0,0.0,0.0,0.0,3,10,3,0,0,0,0,1,1,1,0,1,1,1,1,14,2,8,0,0,0,1,1,0,4,9,5,3,2
2012.0,0.0,1.0,0.0,3,4,3,0,0,0,1,5,1,1,2,0,1,1,1,16,2,8,0,1,0,1,1,0,6,0,5,3,9
2012.0,579.216,0.0,0.0,3,6,3,0,0,0,0,1,1,1,0,0,1,1,1,17,2,8,0,1,0,1,2,0,6,0,5,8,3
2012.0,0.0,0.0,0.0,3,6,3,0,0,0,1,4,1,1,0,0,4,1,1,17,2,8,0,1,0,1,2,0,4,7,5,9,9
2012.0,0.0,1.0,0.0,3,6,3,0,0,0,1,5,1,1,0,1,5,1,1,17,2,8,0,1,0,2,0,0,6,7,5,8,3
2012.0,-514.8,1.0,0.0,2,4,3,0,0,0,1,6,1,1,0,1,2,1,1,17,2,8,0,1,0,2,1,0,6,0,5,3,9
2012.0,0.0,1.0,0.0,2,4,0,0,0,2,0,1,0,1,0,1,9,1,1,21,2,8,0,0,0,1,1,0,4,5,5,3,9
2012.0,136.752,0.0,0.0,3,1,0,0,0,0,2,1,1,1,1,1,2,1,1,6,3,8,0,0,0,0,1,0,6,0,5,6,3
2012.0,410.784,0.0,0.0,3,6,3,0,0,0,1,1,1,1,0,0,1,1,1,12,3,8,0,0,0,1,2,0,6,0,5,8,8
2012.0,-162.096,0.0,0.0,3,4,3,0,0,0,1,1,1,1,0,0,9,1,1,12,3,8,0,0,0,2,1,0,6,2,5,3,9
2012.0,-32.208,1.0,0.0,2,4,3,0,0,0,1,7,1,1,3,1,1,1,1,12,3,8,0,0,0,1,1,0,4,2,5,7,9
2012.0,-42.768,0.0,0.0,3,6,3,0,0,0,1,5,1,1,0,1,5,1,1,13,3,8,0,0,0,2,1,0,4,7,5,8,3
2012.0,54.912,0.0,0.0,3,10,3,0,0,0,1,9,1,1,0,1,9,1,1,15,3,8,0,0,0,2,1,0,4,4,5,3,9
2012.0,-62.832,1.0,0.0,3,6,3,0,0,0,0,1,1,1,0,0,1,1,1,15,3,8,0,0,0,2,1,0,4,5,5,8,3
2012.0,151.008,0.0,0.0,3,6,3,0,0,0,1,1,1,1,0,1,1,1,1,16,3,8,0,1,0,2,1,0,6,7,5,8,3
2012.0,0.0,2.0,0.0,2,4,3,0,0,0,0,2,1,1,0,0,5,1,1,17,3,8,0,1,0,1,1,0,4,5,5,3,9
2012.0,-40.128,1.0,0.0,2,1,0,0,0,2,1,9,1,1,0,0,5,1,1,19,3,8,0,1,0,2,2,0,4,9,5,3,3
2012.0,-69.168,0.0,0.0,3,6,0,0,0,0,1,2,1,1,0,1,2,1,1,22,3,8,0,0,0,1,1,0,4,7,5,8,8
2012.0,78.144,0.0,0.0,3,10,3,0,0,0,0,6,1,1,0,1,6,1,1,7,4,8,0,1,0,1,1,0,4,7,5,9,9
2012.0,-319.968,0.0,0.0,3,6,3,0,0,0,1,9,1,1,0,0,9,1,1,7,4,8,0,1,0,2,1,0,0,0,5,8,3
2012.0,1010.064,0.0,0.0,3,1,3,0,0,0,0,5,0,1,0,1,6,1,1,11,4,8,0,0,0,1,1,0,0,9,5,9,9
2012.0,-159.984,0.0,0.0,3,6,3,0,0,0,1,2,1,1,0,0,2,1,1,12,4,8,0,0,0,1,1,0,4,7,5,8,3
2012.0,-250.8,0.0,0.0,3,4,3,0,0,0,1,1,1,1,0,0,5,1,1,13,4,8,0,0,0,2,2,0,6,2,5,3,9
2012.0,-412.896,1.0,0.0,2,10,3,0,0,0,0,5,1,1,0,1,5,1,1,14,4,8,0,0,0,1,1,0,6,0,5,3,2
2012.0,125.136,0.0,0.0,3,6,3,0,0,0,1,1,1,1,0,1,1,1,1,15,4,8,0,0,0,1,1,0,4,7,5,8,8
2012.0,0.0,0.0,0.0,3,10,0,0,0,0,1,2,1,1,0,1,2,1,1,4,5,9,1,0,0,1,2,0,4,4,5,9,9
2012.0,347.952,2.0,0.0,2,4,3,0,0,0,0,2,1,1,0,0,9,1,1,17,5,9,1,1,0,1,1,0,6,4,5,3,9
2012.0,33.792,0.0,0.0,3,4,0,0,0,0,1,9,1,1,0,1,2,1,1,19,5,9,1,1,0,1,2,0,4,2,5,3,9
2012.0,-105.072,0.0,0.0,3,4,0,0,0,0,1,9,1,1,0,0,2,1,1,20,5,9,1,0,0,2,1,0,0,5,5,3,9
2012.0,317.856,0.0,0.0,3,6,0,0,0,0,0,9,0,1,1,1,9,1,1,20,5,9,1,0,0,1,1,0,6,5,5,6,3
2012.0,-20.064,0.0,0.0,3,10,0,0,0,0,1,1,1,1,0,0,1,1,1,21,5,9,1,0,0,2,0,0,4,0,5,3,2
2012.0,86.064,0.0,0.0,3,6,0,0,0,0,0,9,1,1,0,1,9,1,1,22,5,9,1,0,0,2,1,0,4,7,5,8,3
2012.0,4.752,0.0,0.0,3,6,0,0,0,0,2,9,1,1,0,1,9,1,1,3,6,9,1,0,0,0,1,0,2,8,5,8,3
2012.0,0.0,0.0,0.0,3,10,3,0,0,0,1,6,1,1,0,1,7,1,1,9,6,9,1,1,0,1,2,0,4,4,5,3,9
2012.0,0.0,0.0,0.0,3,4,3,0,0,0,0,5,1,1,0,0,7,1,1,10,6,9,1,0,0,1,1,0,4,0,5,9,3
2012.0,500.016,1.0,0.0,3,4,0,0,0,0,1,5,1,1,0,0,1,1,1,19,6,9,1,1,0,2,1,0,6,2,5,3,9
2012.0,-449.856,0.0,0.0,3,6,3,0,0,0,0,9,1,1,0,0,9,1,1,15,0,9,0,0,0,1,0,0,6,8,5,8,8
2012.0,0.0,0.0,0.0,3,1,0,0,0,0,1,2,0,1,0,0,4,1,1,18,0,9,0,1,0,1,2,0,2,2,5,9,3
2012.0,0.0,0.0,0.0,3,6,0,0,0,0,2,2,1,1,0,1,2,1,1,20,0,9,0,0,0,0,1,0,6,7,5,3,3
2012.0,200.112,0.0,0.0,3,6,3,0,0,0,1,5,1,1,0,1,5,1,1,6,1,9,0,0,0,2,1,0,6,0,5,8,3
2012.0,240.24,0.0,0.0,3,8,3,0,0,0,1,6,1,1,0,0,4,1,1,7,1,9,0,1,0,0,0,0,0,0,5,9,1
2012.0,-350.064,1.0,0.0,1,5,3,0,0,3,1,2,1,1,0,1,1,1,1,7,1,9,0,1,0,2,0,0,6,5,5,3,5
2012.0,627.792,0.0,0.0,3,1,3,0,0,0,1,5,1,1,0,0,9,1,1,8,1,9,0,1,0,1,1,0,0,5,5,3,9
2012.0,244.992,0.0,0.0,3,6,3,0,0,0,0,9,1,1,0,0,9,1,1,10,1,9,0,0,0,0,1,0,6,7,5,8,3
2012.0,-77.088,0.0,0.0,3,6,3,0,0,0,1,2,1,1,0,0,2,1,1,11,1,9,0,0,0,2,2,0,4,0,5,8,3
2012.0,0.0,1.0,0.0,3,1,3,0,0,0,1,3,0,1,0,1,9,1,1,14,1,9,0,0,0,1,2,0,2,5,5,3,5
2012.0,105.072,1.0,0.0,2,6,3,0,0,0,0,9,1,1,0,0,9,1,1,14,1,9,0,0,0,2,1,0,4,0,5,8,3
2012.0,476.784,0.0,0.0,3,10,3,0,0,0,1,2,1,1,0,0,2,1,1,15,1,9,0,0,0,0,1,0,6,9,5,3,2
2012.0,-290.928,0.0,0.0,3,6,3,0,0,0,1,1,1,1,0,1,1,1,1,16,1,9,0,1,0,2,0,0,6,0,5,8,3
2012.0,-54.912,1.0,0.0,2,6,3,0,0,0,1,1,1,1,0,0,1,1,1,17,1,9,0,1,0,1,2,0,4,0,5,8,8
2012.0,-85.008,0.0,0.0,3,6,0,0,0,0,1,2,1,1,0,0,2,1,1,18,1,9,0,1,0,1,1,0,4,0,5,8,3
2012.0,0.0,0.0,0.0,3,4,0,0,0,0,0,5,1,1,0,1,9,1,1,21,1,9,0,0,0,1,2,0,2,2,5,3,9
2012.0,-62.832,5.0,0.0,1,6,2,0,0,0,1,1,1,1,0,1,1,1,1,6,2,9,0,0,0,1,1,0,4,0,5,8,3
2012.0,239.184,0.0,0.0,3,1,3,0,0,0,1,7,1,1,0,1,9,1,1,8,2,9,0,1,0,1,1,0,6,5,5,3,9
2012.0,-449.856,0.0,0.0,3,6,3,0,0,0,1,2,1,1,0,1,2,1,1,11,2,9,0,0,0,2,1,0,6,8,5,8,3
2012.0,80.256,2.0,0.0,2,6,3,0,0,0,1,1,1,1,0,1,1,1,1,11,2,9,0,0,0,1,2,0,4,0,5,8,3
2012.0,-123.024,0.0,0.0,3,6,3,0,0,0,1,2,1,1,0,0,2,1,1,12,2,9,0,0,0,1,2,0,6,0,5,8,3
2012.0,0.0,0.0,0.0,3,10,3,0,0,0,0,5,1,1,0,0,5,1,1,12,2,9,0,0,0,2,2,0,4,2,5,3,5
2012.0,-683.232,1.0,0.0,2,6,3,0,0,0,1,5,1,1,0,1,5,1,1,14,2,9,0,0,0,2,2,0,6,9,5,3,2
2012.0,99.264,0.0,0.0,3,6,3,0,0,0,1,5,1,1,0,1,5,1,1,15,2,9,0,0,0,1,1,0,4,8,5,8,8
2012.0,0.0,0.0,0.0,3,4,3,0,0,0,1,5,1,1,0,0,2,1,1,16,2,9,0,1,0,1,2,0,4,5,5,9,3
2012.0,0.0,0.0,0.0,3,6,3,0,0,0,1,5,1,1,0,0,5,1,1,16,2,9,0,1,0,1,2,0,4,5,5,8,3
2012.0,44.88,4.0,0.0,2,6,3,0,0,0,1,2,1,1,0,0,2,1,1,16,2,9,0,1,0,2,2,0,6,0,5,8,3
2012.0,54.912,0.0,0.0,3,1,3,0,0,2,1,1,1,1,0,0,5,1,1,16,2,9,0,1,0,2,2,0,4,9,5,9,3
2012.0,-93.984,0.0,0.0,3,6,3,0,0,0,1,1,1,1,0,1,1,1,1,17,2,9,0,1,0,2,1,0,4,7,5,8,3
2012.0,0.0,3.0,0.0,3,1,0,0,0,0,0,9,1,1,0,1,2,1,1,21,2,9,0,0,0,2,2,0,4,2,5,3,3
2012.0,-1099.824,0.0,0.0,3,4,3,0,0,0,0,5,1,1,0,0,2,1,1,8,3,9,0,1,0,1,1,0,0,4,5,3,9
2012.0,-149.952,1.0,0.0,3,6,3,0,0,0,1,1,1,1,0,0,1,1,1,11,3,9,0,0,0,1,1,0,6,7,5,8,3
2012.0,90.816,0.0,0.0,3,6,3,0,0,0,1,1,1,1,0,1,1,1,1,12,3,9,0,0,0,2,1,0,6,7,5,8,3
2012.0,67.056,0.0,0.0,3,6,3,0,0,0,1,5,1,1,0,1,7,1,1,12,3,9,0,0,0,1,1,0,4,8,5,8,3
2012.0,-34.848,0.0,0.0,3,6,3,0,0,0,1,1,1,1,0,0,1,1,1,14,3,9,0,0,0,2,1,0,2,7,5,8,3
2012.0,-45.936,1.0,0.0,3,1,3,0,0,3,1,2,1,1,0,0,4,1,1,16,3,9,0,1,0,0,1,0,4,2,5,9,3
2012.0,108.24,0.0,0.0,3,6,3,1,0,0,1,5,1,1,0,0,5,1,1,16,3,9,0,1,0,1,2,0,6,7,5,8,3
2012.0,-60.192,0.0,0.0,3,1,3,2,0,0,0,1,1,1,0,1,1,1,1,17,3,9,0,1,0,1,1,0,6,7,5,8,8
2012.0,34.848,1.0,0.0,2,4,0,0,0,0,1,1,1,1,2,1,9,1,1,19,3,9,0,1,0,1,1,0,4,5,1,7,9
2012.0,80.256,0.0,0.0,3,5,0,1,0,0,1,2,1,1,0,1,5,1,1,22,3,9,0,0,0,2,2,0,4,0,5,8,1
2012.0,66.0,0.0,0.0,3,6,3,3,4,0,1,5,1,1,0,0,5,1,1,8,4,9,0,1,1,1,0,0,2,7,5,8,3
2012.0,-129.888,0.0,0.0,3,6,3,3,4,0,1,1,1,1,0,0,1,1,1,8,4,9,0,1,1,2,1,0,2,7,5,8,3
2012.0,50.16,0.0,0.0,3,6,3,3,4,0,1,9,1,1,0,0,9,1,1,10,4,9,0,0,1,1,0,0,4,8,5,8,3
2012.0,52.8,0.0,0.0,3,6,3,3,4,0,1,9,1,1,0,1,9,1,1,11,4,9,0,0,1,2,1,0,2,7,5,8,9
2012.0,0.0,0.0,0.0,3,1,3,3,4,0,0,9,1,1,0,1,2,1,1,12,4,9,0,0,1,1,1,0,0,5,5,3,8
2012.0,-79.2,0.0,0.0,3,10,3,0,0,0,1,2,1,1,0,0,2,1,1,14,4,9,0,0,0,1,1,0,4,4,5,8,9
2012.0,0.0,0.0,0.0,3,10,3,0,0,0,0,7,1,1,0,0,7,1,1,15,4,9,0,0,0,1,2,0,4,9,5,9,0
2012.0,0.0,0.0,0.0,3,4,3,0,0,0,1,9,1,1,0,0,1,1,1,16,4,9,0,1,0,0,1,0,4,2,5,3,9
2012.0,10.032,0.0,0.0,3,5,0,0,0,0,1,5,1,1,0,0,2,1,1,23,4,9,0,0,0,2,2,0,4,0,5,8,1
2012.0,-118.8,0.0,0.0,3,10,0,0,0,0,1,2,1,1,1,1,2,1,1,23,4,9,0,0,0,2,1,0,4,7,5,6,3
2012.0,350.064,0.0,0.0,3,4,0,1,0,0,1,9,1,1,0,1,5,1,1,0,5,9,1,0,0,1,1,0,6,0,5,9,9
2012.0,80.784,0.0,0.0,3,6,0,0,0,0,0,5,1,1,0,1,5,1,1,4,5,9,1,0,0,1,1,0,4,0,5,8,3
2012.0,-88.176,0.0,0.0,3,6,3,0,0,0,0,2,1,1,0,0,2,1,1,9,5,9,1,1,0,2,0,0,4,8,5,3,3
2012.0,0.0,0.0,0.0,3,4,3,1,0,0,1,2,1,1,0,0,5,1,1,9,5,9,1,1,0,1,1,0,4,0,5,3,9
2012.0,59.136,0.0,0.0,3,6,3,1,0,0,0,2,1,1,0,1,2,1,1,13,5,9,1,0,0,2,1,0,4,0,5,8,8
2012.0,0.0,0.0,0.0,3,12,0,4,3,0,2,8,1,1,1,1,8,1,1,14,5,9,1,0,0,0,1,0,6,5,5,6,5
2012.0,0.0,0.0,0.0,3,4,3,0,0,0,0,1,1,1,0,1,5,1,1,14,5,9,1,0,0,1,1,0,4,2,5,3,9
2012.0,50.16,1.0,0.0,3,10,3,0,0,0,0,2,1,1,0,1,2,1,1,16,5,9,1,1,0,1,2,0,2,0,5,3,3
2012.0,0.0,1.0,0.0,3,1,4,0,0,0,1,1,1,1,0,1,5,1,1,19,5,9,1,1,0,1,0,0,4,0,5,9,3
2012.0,360.096,2.0,0.0,1,6,0,0,0,0,0,5,0,1,0,1,5,1,1,21,5,9,1,0,0,2,1,0,6,0,5,8,3
2012.0,-85.008,2.0,0.0,3,6,0,0,0,0,1,9,1,1,0,0,9,1,1,22,5,9,1,0,0,2,2,0,6,7,5,8,3
2012.0,-240.24,0.0,0.0,3,1,0,0,0,0,0,9,1,1,0,0,9,1,1,23,5,9,1,0,0,2,2,0,6,9,5,3,2
2012.0,-20.064,0.0,0.0,3,6,0,0,0,0,2,5,1,1,1,1,5,1,1,23,5,9,1,0,0,0,2,0,4,5,5,5,5
2012.0,439.824,1.0,0.0,2,10,0,0,0,0,2,1,1,1,2,0,1,1,1,0,6,9,1,0,0,0,1,0,6,4,5,3,5
2012.0,0.0,0.0,0.0,3,9,3,0,0,0,1,5,1,1,0,0,2,1,1,10,6,9,1,0,0,1,1,0,4,9,5,3,3
2012.0,132.0,0.0,0.0,3,6,3,0,0,0,0,2,1,1,0,0,2,1,1,10,6,9,1,0,0,0,0,0,2,0,9,3,3
2012.0,30.096,0.0,0.0,3,6,3,0,0,0,1,9,1,1,0,1,9,1,1,11,6,9,1,0,0,2,1,0,2,5,5,3,3
2012.0,4.752,1.0,0.0,2,6,3,0,0,0,0,5,1,1,0,1,5,1,1,14,6,9,1,0,0,2,1,0,1,0,5,3,3
2012.0,3.168,2.0,0.0,3,5,0,0,0,0,0,2,1,1,0,0,5,1,1,18,6,9,1,1,0,1,1,0,4,5,5,8,1
2012.0,3.168,2.0,0.0,3,6,0,0,0,0,1,5,1,1,0,0,5,1,1,19,6,9,1,1,0,1,1,0,4,7,5,8,3
2012.0,0.0,0.0,0.0,3,4,0,0,0,0,0,6,1,1,0,1,2,1,1,20,6,9,1,0,0,0,1,0,2,2,5,3,9
2012.0,0.0,0.0,0.0,3,4,3,0,0,0,1,2,1,1,0,1,9,1,1,6,0,9,0,0,0,2,1,0,4,4,5,3,9
2012.0,528.0,0.0,0.0,3,1,3,0,0,0,1,2,1,1,0,1,2,1,1,7,0,9,0,1,0,1,1,0,6,9,5,3,9
2012.0,0.0,0.0,0.0,3,8,3,0,0,0,0,1,1,1,0,0,5,1,1,7,0,9,0,1,0,1,1,0,2,5,5,8,1
2012.0,61.776,0.0,0.0,3,1,3,0,0,0,0,2,1,1,0,0,1,1,1,8,0,9,0,1,0,2,1,0,4,2,5,3,9
2012.0,-29.04,1.0,0.0,2,6,3,0,0,0,0,1,1,1,0,0,1,1,1,9,0,9,0,1,0,2,1,0,2,0,5,8,8
2012.0,80.256,0.0,0.0,3,6,3,0,0,0,1,9,1,1,0,0,9,1,1,12,0,9,0,0,0,2,0,0,4,0,5,8,3
2012.0,224.928,1.0,0.0,3,1,3,0,0,0,0,9,1,1,2,1,2,1,1,13,0,9,0,0,0,1,1,0,6,2,5,3,5
2012.0,40.128,1.0,0.0,3,10,3,0,0,0,1,9,1,1,0,1,9,1,1,13,0,9,0,0,0,1,1,0,6,9,5,3,9
2012.0,727.056,0.0,0.0,3,6,3,0,3,0,1,1,1,1,0,0,1,1,1,13,0,9,0,0,0,1,2,0,6,7,5,8,3
2012.0,63.888,1.0,0.0,2,6,3,0,0,0,1,9,1,1,0,0,9,1,1,15,0,9,0,0,0,1,1,0,4,0,5,8,8
2012.0,0.0,0.0,0.0,3,1,3,0,0,0,0,5,1,1,0,0,9,1,1,15,0,9,0,0,0,1,1,0,4,5,5,3,5
2012.0,0.0,1.0,0.0,2,4,3,0,0,0,1,1,1,1,0,1,9,1,1,15,0,9,0,0,0,2,1,0,2,2,5,9,3
2012.0,-352.176,0.0,0.0,3,10,3,0,0,0,1,5,1,1,0,0,5,1,1,16,0,9,0,1,0,0,1,0,6,9,5,3,2
2012.0,-54.912,0.0,0.0,3,6,3,0,0,0,1,2,1,1,0,1,2,1,1,17,0,9,0,1,0,1,1,0,6,7,5,8,3
2012.0,54.912,0.0,0.0,3,6,3,1,0,0,0,5,1,1,0,0,5,1,1,18,0,9,0,1,0,1,2,0,6,7,5,8,3
2012.0,61.776,0.0,0.0,3,6,0,0,0,0,1,9,1,1,0,1,9,1,1,19,0,9,0,1,0,1,1,0,2,7,5,8,3
2012.0,636.24,1.0,0.0,3,4,0,3,4,0,0,9,1,1,0,1,9,1,1,23,0,9,0,0,1,2,2,0,6,4,5,3,9
2012.0,0.0,1.0,0.0,2,4,0,3,4,0,1,1,1,1,0,0,9,1,1,0,1,9,0,0,1,2,2,0,6,2,5,3,9
2012.0,249.744,0.0,0.0,3,6,3,3,4,0,1,9,1,1,0,1,9,1,1,7,1,9,0,1,1,1,1,0,6,7,5,8,8
2012.0,0.0,2.0,0.0,3,6,3,1,4,0,1,2,1,1,0,1,2,1,1,8,1,9,0,1,1,1,0,0,4,0,5,8,3
2012.0,-299.904,0.0,0.0,3,6,3,3,4,0,0,5,1,1,0,0,5,1,1,8,1,9,0,1,1,2,2,0,6,7,5,8,8
2012.0,0.0,2.0,0.0,2,4,3,0,0,0,1,1,1,1,0,1,7,1,1,10,1,9,0,0,0,0,0,0,4,2,5,9,3
2012.0,109.824,0.0,0.0,3,1,3,0,0,0,0,9,1,1,0,1,2,1,1,11,1,9,0,0,0,2,2,0,0,0,5,3,9
2012.0,74.976,1.0,0.0,3,6,3,3,4,0,1,9,1,1,0,0,9,1,1,12,1,9,0,0,1,1,0,0,4,0,5,8,3
2012.0,66.0,0.0,0.0,3,6,3,3,4,0,0,9,1,1,0,1,9,1,1,12,1,9,0,0,1,1,1,0,4,7,5,8,8
2012.0,164.208,0.0,0.0,3,6,3,0,0,0,1,5,1,1,0,1,5,1,1,12,1,9,0,0,0,1,0,0,6,7,5,8,3
2012.0,200.112,0.0,0.0,3,10,3,1,4,0,2,5,1,1,0,0,5,1,1,17,1,9,0,1,1,0,2,0,4,9,5,3,2
2012.0,0.0,3.0,0.0,3,4,0,0,0,0,1,9,1,1,0,1,1,1,1,18,1,9,0,1,0,2,2,0,4,5,5,3,9
2012.0,99.792,1.0,0.0,3,12,0,4,3,0,1,8,1,1,0,1,8,1,1,18,1,9,0,1,0,0,1,0,4,5,5,5,5
2012.0,99.792,1.0,0.0,2,6,0,0,0,0,1,1,1,1,0,1,1,1,1,22,1,9,0,0,0,2,1,0,6,7,5,8,3
2012.0,85.008,0.0,0.0,3,6,0,0,0,0,1,5,1,1,0,1,5,0,1,1,2,9,0,0,0,1,2,0,4,0,5,3,3
2012.0,-155.232,0.0,0.0,3,6,3,0,0,0,0,9,1,1,0,0,9,1,1,7,2,9,0,1,0,2,2,0,4,7,5,8,3
2012.0,104.016,0.0,0.0,3,6,3,0,0,0,1,2,1,1,0,0,5,1,1,10,2,9,0,0,0,0,2,0,4,5,5,8,1
2012.0,0.0,1.0,0.0,3,6,3,0,0,0,1,2,1,1,0,1,2,1,1,12,2,9,0,0,0,1,1,0,6,7,5,8,3
2012.0,244.992,0.0,0.0,3,1,3,0,0,0,0,1,1,1,0,0,5,1,1,12,2,9,0,0,0,2,2,0,0,2,5,3,9
2012.0,0.0,2.0,0.0,2,1,3,0,0,0,0,1,1,1,0,1,2,1,1,15,2,9,0,0,0,1,1,0,4,2,5,3,3
2012.0,-275.088,0.0,0.0,3,6,3,0,0,0,1,1,1,1,0,0,1,1,1,17,2,9,0,1,0,2,1,0,6,7,5,8,3
2012.0,99.792,0.0,0.0,3,6,0,0,0,0,0,9,1,1,0,1,9,1,1,18,2,9,0,1,0,2,1,0,4,0,5,8,3