Year,Distance,Totalinjuries,Totalfatalities,Injuryseverity,Collisionmanner,Lightcondition,Weather,SurfaceCondition,Unittype_One,Gender_Drv1,Traveldirection_One,AlcoholUse_Drv1,DrugUse_Drv1,Unittype_Two,Gender_Drv2,Traveldirection_Two,AlcoholUse_Drv2,DrugUse_Drv2,Hour,Weekday,Month,Weekend,Rush_Hour,Hazardous_Road,Age_Group_Drv1,Age_Group_Drv2,Substance_Use,Junction_Category,Violation_Category_Drv1,Violation_Category_Drv2,Unitaction_Category_Two,Unitaction_Category_One
2012.0,-14.784,1.0,0.0,3,3,0,0,0,2,0,5,1,1,0,0,9,1,1,22,2,9,0,0,0,2,2,0,4,9,5,8,3
2012.0,204.864,0.0,0.0,3,1,0,0,0,0,1,5,1,1,0,1,1,1,1,23,2,9,0,0,0,2,2,0,6,0,5,3,5
2012.0,-295.152,2.0,0.0,3,6,3,0,0,0,0,2,1,1,0,0,2,1,1,7,3,9,0,1,0,2,1,0,6,5,5,8,3
2012.0,-109.824,0.0,0.0,3,6,3,0,0,0,1,1,1,1,0,0,1,1,1,8,3,9,0,1,0,1,1,0,4,7,5,8,3
2012.0,-127.248,0.0,0.0,3,6,3,0,0,0,1,2,1,1,0,1,2,1,1,13,3,9,0,0,0,1,1,0,4,7,5,8,3
2012.0,164.208,0.0,0.0,3,1,3,0,0,0,0,4,1,1,0,0,1,1,1,17,3,9,0,1,0,2,1,0,6,5,5,3,9
2012.0,0.0,1.0,0.0,3,6,3,0,0,0,0,1,1,1,0,1,1,1,1,17,3,9,0,1,0,1,1,0,4,7,5,8,3
2012.0,0.0,1.0,0.0,3,6,4,0,0,0,1,9,1,1,0,0,9,1,1,18,3,9,0,1,0,2,2,0,4,7,5,8,3
2012.0,-85.008,1.0,0.0,3,6,0,0,0,0,0,1,1,1,0,0,1,1,1,19,3,9,0,1,0,2,1,0,4,0,5,8,3
2012.0,0.0,2.0,0.0,2,4,3,0,0,0,1,2,1,1,0,1,1,1,1,5,4,9,0,0,0,0,1,0,4,2,5,9,3
2012.0,-299.904,0.0,0.0,3,6,3,0,0,0,0,1,1,1,0,1,1,1,1,6,4,9,0,0,0,1,1,0,6,0,5,8,3
2012.0,0.0,0.0,0.0,3,4,3,0,0,0,1,6,1,1,0,0,1,1,1,7,4,9,0,1,0,2,1,0,4,4,5,3,9
2012.0,645.216,2.0,0.0,3,6,3,0,0,0,1,5,1,1,0,1,5,1,1,7,4,9,0,1,0,1,1,0,6,7,5,8,3
2012.0,0.0,0.0,0.0,3,1,3,0,0,0,0,2,1,1,0,1,5,1,1,8,4,9,0,1,0,2,1,0,4,0,5,9,3
2012.0,-53.856,1.0,0.0,2,6,3,0,0,0,0,5,1,1,3,1,5,1,1,8,4,9,0,1,0,1,1,0,4,5,5,7,0
2012.0,672.144,0.0,0.0,3,6,3,0,0,0,1,9,1,1,0,1,9,1,1,8,4,9,0,1,0,1,1,0,0,7,5,3,9
2012.0,-203.808,0.0,0.0,3,10,3,0,0,0,0,5,1,1,0,1,5,1,1,10,4,9,0,0,0,0,0,0,6,9,5,3,2
2012.0,66.0,0.0,0.0,3,6,3,0,0,0,1,9,1,1,0,1,9,1,1,13,4,9,0,0,0,1,0,0,4,7,5,8,3
2012.0,109.824,0.0,0.0,3,6,3,0,0,0,0,9,1,1,0,1,9,1,1,14,4,9,0,0,0,1,1,0,2,7,5,8,3
2012.0,-78.144,0.0,0.0,3,6,3,4,0,0,1,2,1,1,0,1,2,1,1,17,4,9,0,1,0,1,1,0,4,0,5,8,8
2012.0,517.968,0.0,0.0,3,4,4,0,0,0,1,9,1,1,0,1,1,1,1,18,4,9,0,1,0,1,1,0,6,4,5,3,9
2012.0,-99.792,0.0,0.0,3,6,3,0,0,0,1,2,1,1,0,1,2,1,1,18,4,9,0,1,0,2,2,0,6,0,5,8,3
2012.0,20.064,0.0,0.0,3,10,0,0,0,0,1,5,1,1,0,1,5,1,1,19,4,9,0,1,0,2,1,0,6,9,5,3,2
2012.0,-500.016,0.0,0.0,3,10,0,0,0,0,1,1,1,1,0,0,1,1,1,20,4,9,0,0,0,1,1,0,6,5,5,3,3
2012.0,-180.048,0.0,0.0,3,10,0,0,0,0,0,1,1,1,0,1,1,1,1,22,4,9,0,0,0,2,1,0,6,9,5,8,2
2012.0,-1079.76,1.0,0.0,3,6,3,0,0,0,1,5,1,1,0,0,5,1,1,10,5,9,1,0,0,2,0,0,0,0,5,9,3
2012.0,72.864,0.0,0.0,3,3,3,0,0,0,1,9,1,1,0,0,1,1,1,11,5,9,1,0,0,0,1,0,4,9,5,3,9
2012.0,-180.048,1.0,0.0,3,4,3,0,0,0,0,1,1,1,0,1,2,1,1,13,5,9,1,0,0,1,2,0,6,2,5,3,9
2012.0,0.0,0.0,0.0,3,1,3,0,0,2,1,1,1,1,0,1,5,1,1,14,5,9,1,0,0,2,1,0,2,1,5,5,5
2012.0,293.04,0.0,0.0,3,6,3,0,0,0,1,5,1,1,0,0,5,1,1,15,5,9,1,0,0,2,1,0,4,7,5,8,3
2012.0,0.0,2.0,0.0,2,4,0,0,0,0,0,9,1,1,0,0,1,1,1,21,5,9,1,0,0,2,1,0,2,2,5,9,9
2012.0,0.0,0.0,0.0,3,1,0,0,0,0,0,9,1,1,0,1,1,1,1,0,6,9,1,0,0,2,1,0,4,2,5,3,9
2012.0,44.88,1.0,0.0,1,1,0,0,0,3,0,5,0,1,0,0,1,1,1,2,6,9,1,0,0,2,2,0,4,2,5,3,7
2012.0,0.0,1.0,0.0,2,3,0,4,0,0,0,9,1,1,3,0,5,1,1,2,6,9,1,0,0,2,2,0,4,0,5,5,3
2012.0,244.992,0.0,0.0,3,4,3,0,0,0,0,1,1,1,0,1,5,1,1,12,6,9,1,0,0,2,0,0,6,4,5,3,9
2012.0,69.168,0.0,0.0,3,5,3,0,0,0,1,9,1,1,0,0,9,1,1,12,6,9,1,0,0,1,2,0,4,7,5,8,8
2012.0,299.904,0.0,0.0,3,10,3,0,0,0,1,2,1,1,0,1,2,1,1,15,6,9,1,0,0,2,1,0,6,5,5,3,9
2012.0,-4.752,0.0,0.0,3,10,3,0,0,0,0,5,1,1,0,1,5,1,1,17,6,9,1,1,0,1,1,0,2,5,5,9,9
2012.0,551.76,1.0,0.0,1,1,3,1,0,2,0,9,1,1,0,1,2,1,1,17,6,9,1,1,0,2,1,0,6,9,5,5,3
2012.0,-34.848,0.0,0.0,3,6,0,0,0,0,0,1,1,1,0,1,1,1,1,20,6,9,1,0,0,1,1,0,4,5,5,8,3
2012.0,50.16,1.0,0.0,1,6,3,0,0,0,0,1,1,1,0,1,1,1,1,6,0,9,0,0,0,0,1,0,6,7,5,8,3
2012.0,378.048,1.0,0.0,2,1,3,0,0,2,0,2,1,1,0,1,1,1,1,7,0,9,0,1,0,2,1,0,6,5,5,3,5
2012.0,-54.912,0.0,0.0,3,6,3,0,0,0,1,2,1,1,0,1,2,1,1,8,0,9,0,1,0,0,1,0,2,0,5,8,3
2012.0,0.0,0.0,0.0,3,4,3,0,0,0,0,1,1,1,0,0,9,1,1,10,0,9,0,0,0,2,2,0,4,2,5,3,9
2012.0,-67.056,0.0,0.0,3,10,3,0,0,0,1,1,1,1,0,0,1,1,1,10,0,9,0,0,0,1,0,0,4,7,5,8,9
2012.0,201.168,0.0,0.0,3,4,3,0,0,0,1,2,1,1,0,1,2,1,1,12,0,9,0,0,0,0,1,0,6,4,5,3,9
2012.0,0.0,4.0,0.0,2,4,3,0,0,0,0,5,1,1,0,1,9,1,1,14,0,9,0,0,0,1,1,0,4,2,5,3,9
2012.0,77.088,0.0,0.0,3,1,3,0,0,0,0,6,1,1,1,1,1,1,1,15,0,9,0,0,0,1,1,0,4,5,5,6,5
2012.0,-73.92,0.0,0.0,3,6,3,0,0,0,0,1,1,1,0,1,1,1,1,16,0,9,0,1,0,2,1,0,4,0,5,8,3
2012.0,0.0,0.0,0.0,3,4,3,0,0,0,1,4,1,1,0,0,5,1,1,16,0,9,0,1,0,1,2,0,4,2,5,3,9
2012.0,0.0,0.0,0.0,3,4,3,0,0,0,0,7,1,1,0,1,1,1,1,7,1,9,0,1,0,1,0,0,4,2,5,3,9
2012.0,306.24,0.0,0.0,3,3,3,0,0,0,0,6,1,1,0,1,9,1,1,8,1,9,0,1,0,2,1,0,0,5,5,3,9
2012.0,-4.752,0.0,0.0,3,1,3,0,0,2,1,2,1,1,0,1,1,1,1,10,1,9,0,0,0,1,1,0,6,5,5,9,3
2012.0,139.92,0.0,0.0,3,1,3,0,0,0,1,3,1,1,0,0,5,1,1,14,1,9,0,0,0,1,1,0,6,5,5,3,9
2012.0,-117.216,0.0,0.0,3,10,3,0,0,0,0,5,1,1,0,0,5,1,1,15,1,9,0,0,0,1,1,0,6,9,5,3,2
2012.0,-180.048,1.0,0.0,3,6,3,0,0,0,1,2,1,1,0,0,2,1,1,15,1,9,0,0,0,1,0,0,4,7,5,8,3
2012.0,0.0,1.0,0.0,2,12,0,4,3,0,1,8,1,1,0,1,8,1,1,15,1,9,0,0,0,2,1,0,6,5,5,5,5
2012.0,14.784,0.0,0.0,3,6,3,0,0,0,1,5,1,1,0,1,5,1,1,15,1,9,0,0,0,1,1,0,2,7,5,8,3
2012.0,54.912,0.0,0.0,3,6,3,0,0,0,0,5,1,1,0,0,5,1,1,16,1,9,0,1,0,1,1,0,4,7,5,8,3
2012.0,81.84,0.0,0.0,3,6,3,0,0,0,1,2,1,1,0,0,2,1,1,17,1,9,0,1,0,1,1,0,6,7,5,8,3
2012.0,0.0,0.0,0.0,3,4,3,0,0,0,1,9,1,1,0,1,5,1,1,17,1,9,0,1,0,1,0,0,4,4,5,3,9
2012.0,70.224,0.0,0.0,3,6,3,0,0,0,0,1,1,1,0,1,1,1,1,17,1,9,0,1,0,1,2,0,6,7,5,8,2
2012.0,0.0,2.0,0.0,1,1,4,0,0,0,0,1,1,1,0,1,2,1,1,17,1,9,0,1,0,1,1,0,4,5,5,9,3
2012.0,-238.128,0.0,0.0,3,6,3,0,0,0,0,5,1,1,0,1,5,1,1,17,1,9,0,1,0,2,2,0,6,7,5,8,3
2012.0,-109.824,0.0,0.0,3,6,0,0,0,0,1,5,1,1,0,1,5,1,1,21,1,9,0,0,0,2,1,0,4,0,5,8,3
2012.0,0.0,2.0,0.0,3,4,0,0,0,0,1,2,1,1,0,1,5,1,1,22,1,9,0,0,0,2,1,0,4,2,5,3,9
2012.0,0.0,1.0,0.0,1,4,3,0,0,0,0,5,1,1,0,0,1,1,1,7,2,9,0,1,0,1,0,0,4,2,5,3,9
2012.0,-60.192,1.0,0.0,3,6,3,0,0,0,0,2,1,1,0,1,2,1,1,9,2,9,0,1,0,2,1,0,4,7,5,8,3
2012.0,0.0,0.0,0.0,3,1,3,0,0,0,0,9,1,1,0,0,5,1,1,9,2,9,0,1,0,1,1,0,4,2,5,3,3
2012.0,-78.144,2.0,0.0,3,6,3,0,0,0,1,8,1,1,0,0,8,1,1,10,2,9,0,0,0,2,1,0,4,0,5,8,3
2012.0,61.248,0.0,0.0,3,6,3,0,0,0,1,9,1,1,0,1,9,1,1,12,2,9,0,0,0,2,1,0,6,0,5,8,8
2012.0,-87.12,0.0,0.0,3,6,3,0,0,0,1,2,1,1,0,1,2,1,1,12,2,9,0,0,0,2,1,0,4,7,5,8,3
2012.0,0.0,0.0,0.0,3,4,3,0,0,0,1,5,1,1,0,0,1,1,1,13,2,9,0,0,0,1,1,0,4,4,5,3,9
2012.0,0.0,0.0,0.0,3,4,3,0,0,0,1,7,1,1,0,1,2,1,1,13,2,9,0,0,0,1,2,0,4,2,5,3,9
2012.0,503.184,0.0,0.0,3,1,3,0,0,0,1,7,1,1,0,0,5,1,1,14,2,9,0,0,0,1,2,0,6,5,5,3,2
2012.0,0.0,0.0,0.0,3,4,3,0,0,0,0,9,1,1,0,1,1,1,1,14,2,9,0,0,0,2,0,0,4,2,5,9,3
2012.0,61.248,0.0,0.0,3,1,3,0,0,0,0,9,1,1,0,1,5,1,1,14,2,9,0,0,0,2,1,0,4,7,5,8,9
2012.0,-50.16,0.0,0.0,3,6,3,0,0,0,1,5,1,1,0,1,5,1,1,15,2,9,0,0,0,2,1,0,2,7,5,8,3
2012.0,78.144,0.0,0.0,3,6,3,0,0,0,0,5,1,1,0,0,5,1,1,15,2,9,0,0,0,1,1,0,6,7,5,8,3
2012.0,0.0,0.0,0.0,3,6,3,0,0,0,1,9,1,1,0,0,9,1,1,15,2,9,0,0,0,1,1,0,4,7,5,8,3
2012.0,-290.928,0.0,0.0,3,6,3,0,0,0,0,2,1,1,0,1,2,1,1,15,2,9,0,0,0,1,0,0,4,0,5,8,3
2012.0,58.08,0.0,0.0,3,6,3,0,0,0,0,1,1,1,0,0,1,1,1,17,2,9,0,1,0,1,1,0,6,0,5,8,8
2012.0,0.0,6.0,0.0,2,4,4,0,0,0,0,3,1,1,0,0,9,1,1,18,2,9,0,1,0,1,1,0,4,0,5,3,9
2012.0,45.936,0.0,0.0,3,6,0,0,0,0,0,9,1,1,0,1,9,1,1,19,2,9,0,1,0,1,1,0,4,7,5,8,8
2012.0,-516.912,0.0,0.0,3,4,3,0,0,0,1,7,1,1,0,1,2,1,1,7,3,9,0,1,0,1,0,0,0,4,5,3,9
2012.0,-76.032,0.0,0.0,3,6,3,0,0,0,0,2,1,1,0,0,2,1,1,8,3,9,0,1,0,2,2,0,4,0,5,8,3
2012.0,40.128,1.0,0.0,2,6,3,0,0,0,2,1,1,1,2,1,1,1,1,9,3,9,0,1,0,0,2,0,6,7,5,3,3
2012.0,-74.976,0.0,0.0,3,6,3,0,0,0,1,2,1,1,0,0,2,1,1,9,3,9,0,1,0,0,1,0,4,0,5,8,3
2012.0,-210.144,0.0,0.0,3,4,3,0,0,0,1,7,1,1,0,0,5,1,1,11,3,9,0,0,0,1,1,0,4,4,5,3,9
2012.0,-281.952,0.0,0.0,3,6,3,0,0,0,1,9,1,1,0,0,9,1,1,11,3,9,0,0,0,0,0,0,6,7,5,8,3
2012.0,-243.936,0.0,0.0,3,10,3,0,0,0,0,6,1,1,0,0,5,1,1,15,3,9,0,0,0,2,2,0,6,5,5,3,9
2012.0,163.152,0.0,0.0,3,10,3,0,0,0,1,1,1,1,0,1,1,1,1,15,3,9,0,0,0,1,1,0,6,9,5,3,2
2012.0,0.0,0.0,0.0,3,4,3,0,0,0,1,4,1,1,0,1,5,1,1,15,3,9,0,0,0,1,1,0,4,4,5,3,9
2012.0,390.192,0.0,0.0,3,4,3,0,0,0,0,9,1,1,0,1,2,1,1,16,3,9,0,1,0,2,1,0,6,2,5,3,9
2012.0,-99.792,0.0,0.0,3,6,0,0,0,0,1,2,1,1,0,1,2,1,1,21,3,9,0,0,0,2,1,0,4,7,5,8,3
2012.0,0.0,2.0,0.0,2,1,3,0,0,0,1,5,1,1,0,1,1,1,1,6,4,9,0,0,0,1,1,0,4,2,5,3,3
2012.0,0.0,0.0,0.0,3,4,2,0,0,0,0,1,1,1,0,1,5,1,1,6,4,9,0,0,0,2,1,0,4,2,5,9,3
2012.0,61.776,0.0,0.0,3,10,3,0,0,0,2,4,1,1,0,1,3,1,1,8,4,9,0,1,0,0,1,0,4,2,5,9,9
2012.0,0.0,1.0,0.0,2,4,3,0,0,0,1,5,1,1,0,0,2,1,1,8,4,9,0,1,0,1,1,0,4,2,5,3,9
2012.0,-252.912,0.0,0.0,3,10,3,0,0,0,0,1,1,1,0,1,1,1,1,9,4,9,0,1,0,1,1,0,6,9,5,3,2
2012.0,220.176,0.0,0.0,3,4,3,0,0,0,1,6,1,1,0,0,9,1,1,9,4,9,0,1,0,1,1,0,6,4,5,3,9
2012.0,0.0,0.0,0.0,3,4,3,0,0,0,0,6,1,1,0,1,2,1,1,10,4,9,0,0,0,1,1,0,4,4,5,3,9
2012.0,0.0,1.0,0.0,2,4,3,0,0,0,0,9,1,1,0,0,1,1,1,12,4,9,0,0,0,2,2,0,2,4,5,3,9
2012.0,-81.84,0.0,0.0,3,10,3,0,0,0,1,4,1,1,0,1,9,1,1,12,4,9,0,0,0,1,1,0,0,4,5,5,9
2012.0,1641.024,0.0,0.0,3,3,3,0,0,0,0,9,1,1,0,1,1,1,1,12,4,9,0,0,0,2,1,0,0,2,0,2,9
2012.0,-40.128,1.0,0.0,3,6,3,0,0,0,1,5,1,1,0,0,5,1,1,16,4,9,0,1,0,1,2,0,4,0,5,8,8
2012.0,0.0,2.0,0.0,1,4,3,0,0,0,0,4,0,1,0,0,5,1,1,16,4,9,0,1,0,2,2,0,4,4,5,3,9
2012.0,-319.968,0.0,0.0,3,4,3,0,0,0,0,1,1,1,0,1,2,1,1,16,4,9,0,1,0,1,2,0,2,2,5,3,9
2012.0,-408.144,1.0,0.0,3,1,3,0,0,0,1,7,1,1,2,0,5,1,1,16,4,9,0,1,0,2,1,0,6,4,5,3,9
2012.0,-875.952,0.0,0.0,3,1,3,0,0,0,0,7,1,1,0,1,9,1,1,17,4,9,0,1,0,1,1,0,6,4,5,3,9
2012.0,146.256,0.0,0.0,3,6,4,0,0,0,1,9,1,1,0,1,9,1,1,17,4,9,0,1,0,2,1,0,4,0,5,8,3
2012.0,240.24,0.0,0.0,3,6,4,0,0,0,1,5,1,0,0,1,5,1,1,18,4,9,0,1,0,2,1,0,6,0,5,8,3
2012.0,180.048,0.0,0.0,3,7,0,0,0,0,1,5,1,1,1,1,5,1,1,0,5,9,1,0,0,1,1,0,6,0,5,6,1
2012.0,30.096,0.0,0.0,3,3,0,0,0,0,1,2,0,1,0,0,5,1,1,2,5,9,1,0,0,2,2,0,6,9,5,8,9
2012.0,0.0,0.0,0.0,3,10,3,0,0,0,1,1,1,1,0,1,1,1,1,9,5,9,1,1,0,1,2,0,4,9,5,3,2
2012.0,0.0,0.0,0.0,3,6,3,0,0,0,1,2,1,1,0,1,2,1,1,9,5,9,1,1,0,0,1,0,2,8,5,8,3
2012.0,80.256,0.0,0.0,3,6,3,0,0,0,0,2,1,1,0,1,2,1,1,12,5,9,1,0,0,1,1,0,2,8,5,8,3
2012.0,98.208,1.0,0.0,3,6,3,0,0,0,0,1,1,1,0,0,1,1,1,14,5,9,1,0,0,2,1,0,4,8,5,8,3
2012.0,0.0,0.0,0.0,3,6,3,0,0,0,0,2,1,1,0,1,2,1,1,17,5,9,1,1,0,0,0,0,4,8,5,9,9
2012.0,-574.992,4.0,0.0,3,6,0,0,0,0,1,9,1,1,0,1,2,1,1,22,5,9,1,0,0,1,2,0,6,7,5,8,3
2012.0,196.944,0.0,0.0,3,6,0,0,0,0,0,1,1,1,0,1,1,1,1,22,5,9,1,0,0,1,1,0,6,7,5,8,2
2012.0,149.952,0.0,0.0,3,10,0,0,0,0,1,9,1,1,0,1,9,1,1,23,5,9,1,0,0,2,1,0,6,5,5,2,3
2012.0,98.208,0.0,0.0,3,6,0,0,0,0,1,9,1,1,0,0,9,1,1,23,5,9,1,0,0,2,2,0,4,5,5,8,1
2012.0,99.792,0.0,0.0,3,6,0,0,0,0,2,5,1,1,0,1,5,1,1,2,6,9,1,0,0,0,2,0,2,7,5,3,3
2012.0,-80.256,1.0,0.0,3,6,0,0,0,0,0,2,0,1,0,1,2,1,1,2,6,9,1,0,0,1,1,0,4,8,5,9,3
2012.0,0.0,1.0,0.0,2,4,0,0,0,0,2,2,1,1,0,0,6,1,1,2,6,9,1,0,0,0,2,0,4,5,5,9,3
2012.0,73.92,0.0,0.0,3,10,0,0,0,0,1,5,1,1,0,0,5,1,1,2,6,9,1,0,0,1,2,0,4,7,5,8,9
2012.0,-51.744,0.0,0.0,3,6,3,0,0,0,2,5,1,1,0,1,5,1,1,15,6,9,1,0,0,0,1,0,6,7,5,3,3
2012.0,100.848,0.0,0.0,3,6,3,0,0,0,0,9,1,1,0,0,9,1,1,17,6,9,1,1,0,2,2,0,4,8,5,8,3
2012.0,-20.064,0.0,0.0,3,5,4,0,0,0,0,1,1,1,0,1,1,1,1,17,6,9,1,1,0,2,1,0,6,5,5,8,1
2012.0,0.0,3.0,0.0,2,1,4,0,0,0,1,9,1,1,0,0,2,1,1,18,6,9,1,1,0,0,2,0,2,2,5,3,3
2012.0,200.112,0.0,0.0,3,6,1,0,0,0,0,2,1,1,0,1,2,1,1,19,6,9,1,1,0,2,0,0,6,7,5,5,3
2012.0,40.128,0.0,0.0,3,1,0,0,0,0,2,7,1,1,0,0,5,1,1,20,6,9,1,0,0,0,2,0,6,2,5,3,9
2012.0,-68.112,0.0,0.0,3,6,3,0,0,0,1,9,1,1,0,1,9,1,1,7,0,9,0,1,0,1,1,0,2,0,5,3,3
2012.0,261.888,0.0,0.0,3,4,3,0,0,0,0,5,1,1,0,1,2,1,1,8,0,9,0,1,0,1,0,0,6,0,5,3,9
2012.0,-53.856,1.0,0.0,3,1,3,0,0,0,0,9,1,1,0,0,2,1,1,9,0,9,0,1,0,1,0,0,4,5,5,3,5
2012.0,-67.056,0.0,0.0,3,1,3,0,0,0,0,4,1,1,0,0,9,1,1,10,0,9,0,0,0,0,1,0,4,5,5,3,9
2012.0,-61.776,4.0,0.0,3,6,3,0,0,0,1,8,1,1,0,1,8,1,1,12,0,9,0,0,0,1,2,0,4,8,5,8,3
2012.0,117.216,0.0,0.0,3,1,3,0,0,0,0,3,1,1,0,1,1,1,1,13,0,9,0,0,0,2,1,0,6,5,5,3,9
2012.0,243.936,0.0,0.0,3,8,3,0,0,0,1,7,1,1,0,1,5,1,1,14,0,9,0,0,0,1,1,0,6,5,5,3,1
2012.0,0.0,0.0,0.0,3,1,3,0,0,0,0,2,1,1,0,1,1,1,1,15,0,9,0,0,0,0,2,0,4,5,5,3,3
2012.0,0.0,0.0,0.0,3,1,3,0,0,0,0,3,1,1,0,0,9,1,1,16,0,9,0,1,0,2,2,0,4,5,5,3,9
2012.0,-919.776,0.0,0.0,3,12,3,4,3,0,1,8,1,1,0,1,8,1,1,16,0,9,0,1,0,1,2,0,6,5,5,5,5
2012.0,871.2,0.0,0.0,3,1,3,0,0,0,1,1,1,1,0,1,5,1,1,17,0,9,0,1,0,2,1,0,6,5,5,3,9
2012.0,165.264,1.0,0.0,3,6,4,0,0,0,0,9,1,1,0,0,9,1,1,18,0,9,0,1,0,1,1,0,6,7,5,8,3
2012.0,0.0,0.0,0.0,3,4,0,0,0,0,0,7,1,1,0,1,1,1,1,23,0,9,0,0,0,1,1,0,6,2,5,3,9
2012.0,0.0,0.0,0.0,3,10,1,0,0,0,1,1,1,1,1,1,8,1,1,1,1,9,0,0,0,1,1,0,6,5,5,5,3
2012.0,0.0,2.0,0.0,2,4,3,0,0,0,1,8,1,1,0,0,8,1,1,6,1,9,0,0,0,1,2,0,4,2,5,3,9
2012.0,-215.952,0.0,0.0,3,6,3,0,0,0,2,1,1,1,0,1,1,1,1,7,1,9,0,1,0,0,2,0,4,7,5,8,3
2012.0,-136.752,1.0,0.0,1,6,3,0,0,0,0,2,1,1,0,0,2,1,1,7,1,9,0,1,0,2,1,0,4,7,5,8,3
2012.0,-97.152,0.0,0.0,3,6,3,0,0,0,0,2,1,1,0,0,2,1,1,8,1,9,0,1,0,1,2,0,4,7,5,8,3
2012.0,-43.824,0.0,0.0,3,6,3,0,0,0,1,1,1,1,0,0,1,1,1,8,1,9,0,1,0,1,1,0,2,7,5,8,3
2012.0,-95.04,0.0,0.0,3,6,3,0,0,0,0,2,1,1,0,1,2,1,1,8,1,9,0,1,0,2,2,0,2,0,5,8,3
2012.0,66.0,0.0,0.0,3,4,3,0,0,0,1,3,1,1,0,1,5,1,1,11,1,9,0,0,0,1,1,0,4,4,5,8,9
2012.0,0.0,0.0,0.0,3,1,3,0,0,0,0,2,1,1,0,0,9,1,1,14,1,9,0,0,0,1,0,0,4,2,5,9,3
2012.0,0.0,3.0,0.0,3,1,3,0,0,0,1,5,1,1,0,0,9,1,1,15,1,9,0,0,0,1,0,0,4,2,5,3,9
2012.0,0.0,0.0,0.0,3,4,3,0,0,0,0,1,1,1,0,0,9,1,1,15,1,9,0,0,0,1,1,0,4,2,5,3,9
2012.0,99.792,0.0,0.0,3,6,3,0,0,0,1,2,1,1,0,1,2,1,1,16,1,9,0,1,0,1,1,0,4,7,5,8,3
2012.0,-313.104,0.0,0.0,3,6,3,0,0,0,1,1,1,1,0,1,1,1,1,16,1,9,0,1,0,1,1,0,6,7,5,8,3
2012.0,-68.112,0.0,0.0,3,6,3,0,0,0,0,5,1,1,0,1,5,1,1,17,1,9,0,1,0,2,1,0,4,7,5,8,3
2012.0,0.0,1.0,0.0,2,10,4,0,0,0,1,9,1,1,0,1,9,1,1,18,1,9,0,1,0,1,2,0,4,0,5,3,9
2012.0,15.84,0.0,0.0,3,1,0,0,0,2,1,2,1,1,0,0,9,1,1,20,1,9,0,0,0,2,1,0,4,2,5,3,7
2012.0,-124.08,0.0,0.0,3,6,3,0,0,0,0,1,1,1,0,1,1,1,1,7,2,9,0,1,0,2,1,0,4,0,5,8,3
2012.0,20.064,2.0,0.0,3,6,3,0,0,0,0,9,1,1,0,1,9,1,1,8,2,9,0,1,0,1,1,0,2,7,5,3,3
2012.0,317.856,1.0,0.0,3,1,3,0,0,0,1,7,1,1,0,0,2,1,1,10,2,9,0,0,0,2,2,0,6,5,5,3,9
2012.0,30.096,0.0,0.0,3,6,3,0,0,0,1,1,1,1,0,0,1,1,1,12,2,9,0,0,0,2,1,0,6,7,5,8,3
2012.0,249.744,0.0,0.0,3,6,3,0,0,0,1,9,0,1,0,1,9,1,1,12,2,9,0,0,0,1,2,0,4,7,5,8,3
2012.0,-174.768,0.0,0.0,3,1,3,0,0,0,1,9,1,1,0,1,9,1,1,13,2,9,0,0,0,1,2,0,6,5,5,3,3
2012.0,106.128,1.0,0.0,3,6,3,0,0,0,1,5,1,1,0,1,8,1,1,13,2,9,0,0,0,2,2,0,6,7,5,8,3
2012.0,139.92,0.0,0.0,3,6,3,0,0,0,1,9,1,1,0,1,9,1,1,14,2,9,0,0,0,2,1,0,6,7,5,8,3
2012.0,90.816,0.0,0.0,3,6,3,0,0,0,1,5,0,1,0,0,5,1,1,16,2,9,0,1,0,1,1,0,6,7,5,8,3
2012.0,90.816,0.0,0.0,3,6,3,0,0,0,0,5,1,1,0,0,5,1,1,17,2,9,0,1,0,2,2,0,4,0,5,8,3
2012.0,459.888,1.0,0.0,2,6,4,0,0,0,0,5,0,1,0,1,5,1,1,18,2,9,0,1,0,1,1,0,6,7,5,8,3
2012.0,-44.88,1.0,0.0,3,6,0,0,0,0,1,2,1,1,0,0,2,1,1,19,2,9,0,1,0,1,1,0,6,7,5,8,3
2012.0,325.248,0.0,0.0,3,4,0,0,0,0,0,7,1,1,0,1,1,1,1,21,2,9,0,0,0,1,1,0,6,0,5,3,9
2012.0,40.128,0.0,0.0,3,6,0,0,0,0,0,5,1,1,0,0,5,1,1,23,2,9,0,0,0,1,1,0,4,7,5,8,3
2012.0,485.232,1.0,0.0,2,6,3,0,0,0,1,1,1,1,0,1,1,1,1,10,3,9,0,0,0,1,1,0,6,0,5,8,3
2012.0,106.128,0.0,0.0,3,6,3,0,0,0,0,5,1,1,0,1,5,1,1,13,3,9,0,0,0,1,1,0,4,7,5,8,3
2012.0,-133.056,1.0,0.0,2,1,3,0,0,2,0,2,1,1,0,1,1,1,1,14,3,9,0,0,0,2,2,0,0,9,5,9,3
2012.0,230.208,0.0,0.0,3,10,3,0,0,0,0,1,1,1,0,1,1,1,1,16,3,9,0,1,0,2,1,0,6,9,5,3,2