Year,Distance,Totalinjuries,Totalfatalities,Injuryseverity,Collisionmanner,Lightcondition,Weather,SurfaceCondition,Unittype_One,Gender_Drv1,Traveldirection_One,AlcoholUse_Drv1,DrugUse_Drv1,Unittype_Two,Gender_Drv2,Traveldirection_Two,AlcoholUse_Drv2,DrugUse_Drv2,Hour,Weekday,Month,Weekend,Rush_Hour,Hazardous_Road,Age_Group_Drv1,Age_Group_Drv2,Substance_Use,Junction_Category,Violation_Category_Drv1,Violation_Category_Drv2,Unitaction_Category_Two,Unitaction_Category_One
2012.0,-175.824,0.0,0.0,3,1,3,0,0,2,2,5,1,1,0,0,9,1,1,16,3,9,0,1,0,0,2,0,0,2,5,3,7
2012.0,0.0,0.0,0.0,3,1,3,0,0,0,1,4,1,1,0,0,6,1,1,17,3,9,0,1,0,2,1,0,4,5,5,9,9
2012.0,-111.936,0.0,0.0,3,6,3,0,0,0,1,1,1,1,0,1,1,1,1,7,4,9,0,1,0,2,1,0,4,7,5,8,3
2012.0,0.0,0.0,0.0,3,6,3,0,0,0,0,1,1,1,0,1,1,1,1,8,4,9,0,1,0,1,0,0,4,7,5,3,3
2012.0,394.944,1.0,0.0,2,4,3,0,0,0,1,9,1,1,0,1,1,1,1,8,4,9,0,1,0,1,1,0,0,4,4,9,9
2012.0,134.112,0.0,0.0,3,6,3,0,0,0,2,9,1,1,0,0,9,1,1,8,4,9,0,1,0,0,1,0,4,7,5,8,3
2012.0,253.968,0.0,0.0,3,6,3,0,0,0,0,9,1,1,0,1,9,1,1,13,4,9,0,0,0,1,2,0,0,7,5,8,3
2012.0,700.128,0.0,0.0,3,6,3,0,0,0,1,1,1,1,0,1,1,1,1,13,4,9,0,0,0,1,1,0,0,5,7,3,9
2012.0,0.0,0.0,0.0,3,6,3,0,0,0,1,2,1,1,0,0,2,1,1,15,4,9,0,0,0,1,2,0,4,7,5,8,9
2012.0,-147.84,0.0,0.0,3,6,3,0,0,0,0,1,1,1,0,0,1,1,1,15,4,9,0,0,0,1,1,0,4,7,5,8,3
2012.0,-44.88,1.0,0.0,2,1,0,0,0,2,0,2,1,1,0,0,1,1,1,18,4,9,0,1,0,2,1,0,4,0,5,3,5
2012.0,0.0,0.0,0.0,3,1,0,0,0,0,0,1,1,1,0,0,2,1,1,19,4,9,0,1,0,2,1,0,4,2,5,3,3
2012.0,50.16,0.0,0.0,3,1,0,0,0,0,0,7,1,1,0,0,5,1,1,23,4,9,0,0,0,2,1,0,2,2,5,3,2
2012.0,449.856,0.0,0.0,3,4,3,0,0,0,1,5,1,1,0,0,9,1,1,8,5,9,1,1,0,0,1,0,4,2,5,9,3
2012.0,0.0,1.0,0.0,2,4,3,0,0,0,1,1,1,1,0,0,2,1,1,9,5,9,1,1,0,2,1,0,2,2,5,9,3
2012.0,99.792,0.0,0.0,3,6,3,0,0,0,1,2,1,1,0,0,2,1,1,10,5,9,1,0,0,2,1,0,6,0,5,8,3
2012.0,0.0,2.0,0.0,3,4,3,0,0,0,0,9,1,1,0,1,2,1,1,11,5,9,1,0,0,1,1,0,4,2,5,3,9
2012.0,-319.968,2.0,0.0,2,6,3,0,0,0,0,2,1,1,0,0,2,1,1,12,5,9,1,0,0,1,1,0,6,0,5,8,3
2012.0,0.0,0.0,0.0,3,4,3,0,0,0,0,9,1,1,0,1,5,1,1,12,5,9,1,0,0,1,1,0,2,2,5,3,9
2012.0,299.904,0.0,0.0,3,6,3,0,0,0,0,1,1,1,0,1,1,1,1,12,5,9,1,0,0,1,1,0,6,7,5,8,8
2012.0,74.976,0.0,0.0,3,6,3,0,0,0,1,5,1,1,0,0,5,1,1,13,5,9,1,0,0,2,1,0,4,7,5,8,3
2012.0,-101.904,0.0,0.0,3,6,3,0,0,0,1,1,1,1,0,1,1,1,1,13,5,9,1,0,0,2,1,0,4,7,5,8,8
2012.0,-74.976,0.0,0.0,3,6,3,0,0,0,1,1,1,1,0,0,1,1,1,14,5,9,1,0,0,2,1,0,4,7,5,8,1
2012.0,-70.224,3.0,0.0,3,6,0,0,0,0,0,1,1,1,0,1,1,1,1,21,5,9,1,0,0,0,0,0,6,7,5,8,3
2012.0,0.0,1.0,0.0,3,4,0,0,0,0,1,1,1,1,0,1,9,1,1,23,5,9,1,0,0,2,2,0,4,0,5,3,9
2012.0,50.16,0.0,0.0,3,5,0,0,0,0,1,1,1,1,0,1,2,1,1,2,6,9,1,0,0,1,1,0,6,5,5,3,1
2012.0,734.976,0.0,0.0,3,4,2,0,0,0,1,2,1,1,0,1,1,1,1,5,6,9,1,0,0,1,2,0,0,2,5,3,9
2012.0,0.0,0.0,0.0,3,4,3,0,0,0,2,3,1,1,3,1,9,1,1,14,6,9,1,0,0,0,2,0,2,2,5,7,9
2012.0,0.0,1.0,0.0,3,3,3,0,0,2,1,2,1,1,0,0,1,1,1,16,6,9,1,1,0,2,2,0,4,9,5,9,3
2012.0,0.0,3.0,0.0,2,4,3,0,0,0,1,6,1,1,0,0,2,1,1,17,6,9,1,1,0,1,1,0,2,4,5,3,9
2012.0,180.048,0.0,0.0,3,10,4,0,0,0,0,1,1,1,0,1,1,1,1,18,6,9,1,1,0,2,2,0,6,4,9,9,2
2012.0,0.0,1.0,0.0,3,6,2,0,0,0,0,3,1,1,0,0,3,1,1,5,0,10,0,0,0,1,1,0,4,8,5,9,9
2012.0,149.952,0.0,0.0,3,1,3,0,0,0,0,9,1,1,0,0,5,1,1,7,0,10,0,1,0,0,1,0,4,0,5,9,5
2012.0,116.16,0.0,0.0,3,6,3,0,0,0,0,9,1,1,0,1,9,1,1,8,0,10,0,1,0,1,1,0,6,7,5,8,3
2012.0,71.808,0.0,0.0,3,6,3,0,0,0,1,5,1,1,0,1,5,1,1,9,0,10,0,1,0,2,0,0,4,7,5,8,8
2012.0,789.888,1.0,0.0,3,6,3,0,0,0,1,9,1,1,0,1,9,1,1,10,0,10,0,0,0,1,1,0,6,7,5,8,3
2012.0,50.16,0.0,0.0,3,1,3,0,0,3,0,9,1,1,0,1,2,1,1,11,0,10,0,0,0,2,1,0,4,5,5,3,3
2012.0,-78.144,2.0,0.0,1,6,3,0,0,0,1,2,1,1,0,1,2,1,1,13,0,10,0,0,0,1,1,0,4,0,5,8,3
2012.0,0.0,0.0,0.0,3,1,3,0,0,0,1,2,1,1,0,1,2,1,1,14,0,10,0,0,0,1,2,0,4,7,5,9,3
2012.0,-125.136,0.0,0.0,3,6,3,0,0,0,1,5,1,1,0,1,5,1,1,15,0,10,0,0,0,2,2,0,4,7,5,8,3
2012.0,-486.816,0.0,0.0,3,6,3,0,0,0,0,2,1,1,0,0,2,1,1,17,0,10,0,1,0,1,2,0,6,0,5,8,8
2012.0,-89.76,0.0,0.0,3,10,3,0,0,0,1,2,1,1,0,1,2,1,1,17,0,10,0,1,0,0,1,0,6,5,5,2,2
2012.0,0.0,0.0,0.0,3,1,3,0,0,0,0,1,1,1,0,1,5,1,1,17,0,10,0,1,0,1,1,0,4,2,5,3,3
2012.0,180.048,0.0,0.0,3,6,3,0,0,0,0,1,1,1,0,0,1,1,1,17,0,10,0,1,0,1,1,0,6,0,5,8,3
2012.0,0.0,2.0,0.0,2,1,0,0,0,0,0,6,1,1,0,0,2,1,1,18,0,10,0,1,0,1,2,0,4,5,5,3,9
2012.0,0.0,1.0,0.0,3,1,0,0,0,0,1,1,1,1,0,1,5,1,1,3,1,10,0,0,0,2,1,0,4,2,5,3,3
2012.0,-86.064,0.0,0.0,3,6,3,0,0,0,1,2,1,1,0,0,2,1,1,12,1,10,0,0,0,1,2,0,4,7,5,8,3
2012.0,-44.88,1.0,0.0,3,1,3,0,0,2,0,9,1,1,0,1,2,1,1,13,1,10,0,0,0,2,2,0,6,5,5,9,3
2012.0,-833.184,0.0,0.0,3,1,3,0,0,0,1,4,1,1,0,0,2,1,1,14,1,10,0,0,0,1,1,0,6,2,5,3,9
2012.0,198.0,0.0,0.0,3,6,3,0,0,0,2,9,1,1,0,0,9,1,1,15,1,10,0,0,0,0,0,0,4,7,5,8,3
2012.0,-54.912,0.0,0.0,3,6,3,0,0,0,0,1,1,1,0,0,1,1,1,15,1,10,0,0,0,1,2,0,6,7,5,8,3
2012.0,-257.136,0.0,0.0,3,1,3,0,0,0,0,9,1,1,0,1,2,1,1,15,1,10,0,0,0,1,1,0,6,2,5,3,9
2012.0,24.816,0.0,0.0,3,6,3,0,0,0,1,5,1,1,0,0,5,1,1,16,1,10,0,1,0,1,1,0,4,0,5,8,3
2012.0,-1064.976,0.0,0.0,3,1,3,0,0,0,0,4,1,1,0,0,2,1,1,16,1,10,0,1,0,1,1,0,6,2,5,3,9
2012.0,0.0,1.0,0.0,2,6,3,0,0,0,1,5,1,1,2,0,5,1,1,17,1,10,0,1,0,1,1,0,4,7,5,2,2
2012.0,-149.952,0.0,0.0,3,6,3,0,0,0,2,1,1,1,0,0,1,1,1,17,1,10,0,1,0,0,1,0,6,7,5,8,3
2012.0,0.0,0.0,0.0,3,8,3,0,0,0,0,1,1,1,0,0,5,1,1,17,1,10,0,1,0,1,1,0,4,2,5,3,1
2012.0,-99.792,0.0,0.0,3,6,0,0,0,0,1,5,1,1,0,0,5,1,1,18,1,10,0,1,0,2,1,0,6,0,5,8,3
2012.0,99.792,0.0,0.0,3,1,0,0,0,0,1,5,1,1,0,1,5,1,1,21,1,10,0,0,0,1,1,0,0,4,5,3,9
2012.0,-200.112,1.0,0.0,2,6,3,0,0,2,1,9,1,1,0,1,9,1,1,6,2,10,0,0,0,2,1,0,6,0,5,3,3
2012.0,-149.952,0.0,0.0,3,1,3,0,0,0,1,5,1,1,0,1,9,1,1,7,2,10,0,1,0,0,1,0,6,5,4,9,6
2012.0,700.128,0.0,0.0,3,1,3,0,0,0,1,5,1,1,0,1,9,1,1,8,2,10,0,1,0,1,2,0,6,5,5,5,5
2012.0,-297.264,0.0,0.0,3,6,3,0,0,0,1,2,1,1,0,1,2,1,1,8,2,10,0,1,0,1,1,0,6,0,5,8,3
2012.0,-23.76,0.0,0.0,3,10,3,0,0,0,2,3,1,1,0,1,2,1,1,10,2,10,0,0,0,0,1,0,4,4,5,3,9
2012.0,680.064,0.0,0.0,3,1,3,0,0,0,0,4,1,1,0,0,9,1,1,12,2,10,0,0,0,1,1,0,6,2,5,3,9
2012.0,-505.824,0.0,0.0,3,4,3,0,0,0,1,9,1,1,0,1,2,1,1,12,2,10,0,0,0,0,1,0,4,2,5,3,9
2012.0,-210.144,0.0,0.0,3,4,3,0,0,0,0,5,1,1,0,0,9,1,1,12,2,10,0,0,0,1,2,0,6,2,5,3,9
2012.0,-109.824,0.0,0.0,3,12,3,0,0,0,1,5,1,1,0,1,1,1,1,14,2,10,0,0,0,0,1,0,6,5,5,3,5
2012.0,-72.864,0.0,0.0,3,6,3,0,0,0,0,1,1,1,0,0,1,1,1,15,2,10,0,0,0,1,1,0,6,7,5,8,3
2012.0,58.08,2.0,0.0,2,6,3,0,0,0,0,5,1,1,0,0,5,1,1,15,2,10,0,0,0,1,1,0,4,0,5,3,8
2012.0,-70.224,0.0,0.0,3,10,3,0,0,0,2,5,1,1,0,0,5,1,1,16,2,10,0,1,0,0,1,0,6,5,5,2,2
2012.0,255.024,0.0,0.0,3,6,3,0,0,0,0,5,1,1,0,0,5,1,1,17,2,10,0,1,0,1,2,0,4,7,5,8,8
2012.0,88.176,0.0,0.0,3,6,0,0,0,0,1,9,1,1,0,0,9,1,1,18,2,10,0,1,0,1,1,0,4,7,5,8,8
2012.0,0.0,0.0,0.0,3,1,0,0,0,0,0,2,1,1,0,0,2,1,1,19,2,10,0,1,0,1,1,0,2,0,5,9,3
2012.0,0.0,0.0,0.0,3,4,0,0,0,0,0,1,1,1,0,1,7,1,1,22,2,10,0,0,0,2,1,0,4,2,5,9,3
2012.0,459.888,0.0,0.0,3,6,3,0,0,0,1,9,1,1,0,0,9,1,1,7,3,10,0,1,0,2,1,0,6,7,5,8,3
2012.0,-208.032,0.0,0.0,3,6,3,0,0,0,0,9,1,1,0,1,9,1,1,8,3,10,0,1,0,1,1,0,6,0,5,8,8
2012.0,-278.784,1.0,0.0,3,1,3,0,0,0,1,3,1,1,2,1,2,1,1,9,3,10,0,1,0,1,1,0,6,5,5,3,9
2012.0,-279.84,1.0,0.0,3,6,3,0,0,0,0,9,1,1,0,1,9,1,1,10,3,10,0,0,0,2,0,0,4,7,5,8,3
2012.0,60.192,0.0,0.0,3,10,3,0,0,0,2,9,1,1,0,1,9,1,1,11,3,10,0,0,0,0,1,0,6,5,5,5,5
2012.0,-33.792,0.0,0.0,3,1,3,0,0,2,1,9,1,1,0,1,2,1,1,12,3,10,0,0,0,2,2,0,4,9,5,9,3
2012.0,76.032,0.0,0.0,3,6,3,0,0,0,1,9,1,1,0,1,9,1,1,16,3,10,0,1,0,1,1,0,4,7,5,8,3
2012.0,-60.192,0.0,0.0,3,10,3,0,0,0,1,2,1,1,0,1,2,1,1,17,3,10,0,1,0,1,2,0,4,4,5,8,9
2012.0,0.0,2.0,0.0,2,4,3,0,0,0,0,1,1,1,0,1,1,1,1,18,3,10,0,1,0,1,2,0,2,2,5,3,9
2012.0,50.16,0.0,0.0,3,6,0,0,0,0,1,9,1,1,0,1,9,1,1,21,3,10,0,0,0,2,0,0,4,0,5,8,3
2012.0,0.0,1.0,0.0,1,4,3,0,0,0,0,9,1,1,0,1,1,1,1,7,4,10,0,1,0,0,1,0,4,2,5,9,3
2012.0,-240.24,0.0,0.0,3,6,3,0,0,0,0,1,1,1,0,1,1,1,1,8,4,10,0,1,0,1,0,0,8,0,5,8,3
2012.0,-374.88,0.0,0.0,3,10,3,0,0,0,0,7,1,1,0,0,9,1,1,11,4,10,0,0,0,2,2,0,0,0,5,3,9
2012.0,-51.744,0.0,0.0,3,8,3,0,0,0,1,9,1,1,1,1,5,1,1,13,4,10,0,0,0,2,1,0,6,0,5,6,1
2012.0,-99.792,0.0,0.0,3,12,3,0,0,0,2,8,1,1,1,1,9,1,1,14,4,10,0,0,0,0,1,0,6,5,5,6,5
2012.0,0.0,0.0,0.0,3,4,3,0,0,0,1,2,1,1,0,0,5,1,1,14,4,10,0,0,0,1,1,0,4,2,5,3,9
2012.0,-249.744,0.0,0.0,3,12,0,4,3,0,1,8,1,1,0,0,8,1,1,14,4,10,0,0,0,1,1,0,6,5,5,5,5
2012.0,0.0,2.0,0.0,2,4,3,0,0,0,0,9,1,1,0,0,2,1,1,14,4,10,0,0,0,2,2,0,4,2,5,3,9
2012.0,0.0,2.0,0.0,2,4,3,0,0,0,1,9,1,1,0,1,1,1,1,14,4,10,0,0,0,2,1,0,4,2,5,3,9
2012.0,334.752,0.0,0.0,3,6,3,0,0,0,0,1,1,1,0,0,1,1,1,17,4,10,0,1,0,2,2,0,6,7,5,8,3
2012.0,115.104,1.0,0.0,3,6,0,0,0,0,1,1,0,1,0,1,1,1,1,18,4,10,0,1,0,2,2,0,4,7,5,8,3
2012.0,0.0,2.0,0.0,3,4,0,0,0,0,1,5,1,1,0,0,2,1,1,19,4,10,0,1,0,1,1,0,4,5,5,3,9
2012.0,-70.224,0.0,0.0,3,6,0,0,0,0,2,2,1,1,0,0,2,1,1,1,5,10,1,0,0,0,1,0,4,7,5,8,3
2012.0,0.0,0.0,0.0,3,12,3,0,3,0,2,8,1,1,0,0,8,1,1,9,5,10,1,1,0,0,1,0,6,5,5,5,5
2012.0,0.0,0.0,0.0,3,6,3,0,0,0,1,2,1,1,0,0,2,1,1,10,5,10,1,0,0,2,1,0,4,7,5,8,3
2012.0,159.984,0.0,0.0,3,4,3,0,0,0,1,7,1,1,0,1,2,1,1,10,5,10,1,0,0,1,1,0,6,2,5,3,9
2012.0,0.0,0.0,0.0,3,1,3,0,0,0,1,1,1,1,0,0,5,1,1,15,5,10,1,0,0,0,0,0,4,2,5,3,3
2012.0,0.0,0.0,0.0,3,4,0,0,0,0,0,5,1,1,0,0,2,0,1,19,5,10,1,1,0,1,1,0,4,5,7,3,9
2012.0,-20.064,0.0,0.0,3,6,0,0,0,0,0,5,1,1,0,0,5,1,1,21,5,10,1,0,0,2,2,0,6,5,7,3,8
2012.0,-700.128,1.0,0.0,2,6,0,0,0,0,1,9,1,1,0,1,9,1,1,22,5,10,1,0,0,2,2,0,6,0,5,8,3
2012.0,0.0,0.0,0.0,3,4,0,0,0,0,1,9,1,1,0,1,1,0,1,23,5,10,1,0,0,2,1,0,4,5,5,3,9
2012.0,0.0,0.0,0.0,3,1,3,0,0,0,1,2,1,1,0,1,9,1,1,12,6,10,1,0,0,1,1,0,6,5,5,3,9
2012.0,0.0,1.0,0.0,3,1,3,0,0,0,1,9,1,1,0,1,2,1,1,12,6,10,1,0,0,1,1,0,2,2,5,9,3
2012.0,353.76,3.0,0.0,2,6,3,0,0,0,0,5,1,1,0,1,5,1,1,13,6,10,1,0,0,1,1,0,6,8,5,8,3
2012.0,0.0,3.0,0.0,3,1,3,0,0,0,0,9,1,1,0,1,2,1,1,15,6,10,1,0,0,1,1,0,4,2,5,3,3
2012.0,0.0,0.0,0.0,3,6,3,0,0,0,2,2,1,1,0,1,2,1,1,16,6,10,1,1,0,0,1,0,4,7,5,9,9
2012.0,0.0,0.0,0.0,3,5,0,0,0,0,2,9,1,1,0,0,9,1,1,19,6,10,1,1,0,0,2,0,4,5,5,9,9
2012.0,-14.784,1.0,0.0,3,1,0,0,0,0,1,9,1,0,1,1,5,1,1,22,6,10,1,0,0,1,1,0,4,9,5,6,3
2012.0,-1013.232,1.0,0.0,3,1,3,0,0,0,0,3,1,1,2,1,1,1,1,9,0,10,0,1,0,2,1,0,6,2,5,3,9
2012.0,0.0,0.0,0.0,3,10,3,0,0,0,0,6,1,1,0,1,6,1,1,12,0,10,0,0,0,0,1,0,2,9,5,9,2
2012.0,-129.888,3.0,0.0,2,6,3,0,0,0,0,1,1,1,0,1,1,1,1,12,0,10,0,0,0,2,1,0,4,0,5,8,3
2012.0,-308.88,0.0,0.0,3,5,3,0,0,0,1,2,1,1,0,1,1,1,1,13,0,10,0,0,0,2,2,0,6,0,5,3,1
2012.0,-67.056,0.0,0.0,3,6,3,0,0,0,1,2,1,1,0,1,2,1,1,15,0,10,0,0,0,1,1,0,6,0,5,8,3
2012.0,-110.88,0.0,0.0,3,6,3,0,0,0,1,1,1,1,0,1,1,1,1,16,0,10,0,1,0,2,1,0,6,7,5,8,3
2012.0,12.144,0.0,0.0,3,6,0,0,0,0,0,4,1,1,0,0,9,1,1,20,0,10,0,0,0,2,1,0,4,7,5,9,3
2012.0,-89.76,0.0,0.0,3,10,3,0,0,0,1,1,1,1,0,1,1,1,1,6,1,10,0,0,0,1,1,0,6,0,5,3,9
2012.0,-257.136,0.0,0.0,3,6,3,0,0,0,1,2,1,1,0,1,2,1,1,8,1,10,0,1,0,1,2,0,4,7,5,8,3
2012.0,0.0,0.0,0.0,3,8,3,0,0,0,1,3,1,1,1,1,2,1,1,9,1,10,0,1,0,0,1,0,4,0,5,6,1
2012.0,0.0,1.0,0.0,3,1,3,0,0,0,0,2,1,1,0,0,1,1,1,9,1,10,0,1,0,0,2,0,4,0,5,3,3
2012.0,0.0,0.0,0.0,3,1,3,0,0,0,1,2,1,1,0,1,1,1,1,10,1,10,0,0,0,2,1,0,4,4,5,3,9
2012.0,100.848,2.0,0.0,3,4,3,0,0,0,0,7,1,1,0,0,1,1,1,11,1,10,0,0,0,2,1,0,6,5,5,3,9
2012.0,-77.088,0.0,0.0,3,6,3,0,0,0,1,2,1,1,0,0,2,1,1,13,1,10,0,0,0,2,1,0,4,7,5,8,3
2012.0,1043.856,1.0,0.0,3,10,3,0,0,0,0,1,1,1,0,1,1,1,1,13,1,10,0,0,0,1,1,0,6,9,5,3,9
2012.0,54.912,1.0,0.0,2,1,3,0,0,2,1,5,1,1,0,0,4,1,1,14,1,10,0,0,0,2,1,0,4,2,5,9,3
2012.0,222.816,0.0,0.0,3,6,3,0,0,0,0,9,1,1,0,1,9,1,1,17,1,10,0,1,0,1,1,0,6,7,5,8,3
2012.0,0.0,0.0,0.0,3,4,4,0,0,0,0,5,1,1,0,0,1,1,1,18,1,10,0,1,0,1,1,0,4,5,5,3,9
2012.0,-70.224,0.0,0.0,3,6,0,0,0,0,1,9,1,1,0,0,9,1,1,19,1,10,0,1,0,1,1,0,6,0,5,8,1
2012.0,0.0,0.0,0.0,3,4,0,0,0,0,0,6,1,1,0,1,2,1,1,21,1,10,0,0,0,2,1,0,4,5,5,3,9
2012.0,0.0,1.0,0.0,3,4,0,0,0,0,1,2,1,1,0,1,5,1,1,21,1,10,0,0,0,2,2,0,4,2,5,3,9
2012.0,-125.136,1.0,0.0,2,1,0,0,0,2,1,1,1,1,0,1,4,1,1,22,1,10,0,0,0,2,1,0,6,9,5,9,3
2012.0,0.0,1.0,0.0,2,4,0,0,0,0,1,9,1,1,0,1,1,1,1,5,2,10,0,0,0,2,1,0,4,2,5,3,9
2012.0,345.84,0.0,0.0,3,6,0,0,0,0,0,9,1,1,0,1,9,1,1,5,2,10,0,0,0,0,1,0,4,7,5,8,3
2012.0,804.144,2.0,0.0,2,4,3,0,0,0,0,5,1,1,0,1,1,1,1,7,2,10,0,1,0,1,1,0,0,4,5,3,9
2012.0,-53.856,0.0,0.0,3,6,3,0,0,0,1,2,1,1,0,1,2,1,1,10,2,10,0,0,0,1,1,0,2,7,5,8,3
2012.0,49.104,1.0,0.0,2,1,3,0,0,2,1,9,1,1,0,0,2,1,1,10,2,10,0,0,0,1,2,0,4,5,5,9,3
2012.0,0.0,2.0,0.0,2,1,3,0,0,0,0,2,1,1,0,1,1,1,1,11,2,10,0,0,0,1,1,0,4,2,5,3,3
2012.0,0.0,0.0,0.0,3,6,3,0,0,0,1,1,1,1,1,1,1,1,1,11,2,10,0,0,0,0,1,0,4,0,5,6,3
2012.0,0.0,0.0,0.0,3,1,3,0,0,0,1,9,1,1,0,1,2,1,1,11,2,10,0,0,0,1,2,0,4,2,5,3,9
2012.0,89.76,0.0,0.0,3,6,3,0,0,0,0,9,1,1,0,0,9,1,1,12,2,10,0,0,0,1,1,0,4,7,5,8,3
2012.0,-184.8,0.0,0.0,3,1,3,0,0,0,0,9,1,1,0,0,2,1,1,14,2,10,0,0,0,2,1,0,0,4,5,3,9
2012.0,-24.816,1.0,0.0,3,6,3,0,0,0,0,1,1,1,0,1,1,1,1,17,2,10,0,1,0,1,1,0,4,7,5,8,3
2012.0,-99.792,1.0,0.0,3,6,4,0,0,0,1,5,1,1,0,0,5,1,1,18,2,10,0,1,0,1,1,0,6,7,5,8,3
2012.0,190.08,0.0,0.0,3,10,0,0,0,0,0,9,1,1,0,1,9,1,1,18,2,10,0,1,0,2,2,0,6,9,5,3,2
2012.0,-76.032,0.0,0.0,3,8,0,0,0,0,1,9,1,1,0,0,1,1,1,19,2,10,0,1,0,2,2,0,4,0,5,8,1
2012.0,550.176,0.0,0.0,3,6,0,0,0,0,0,1,1,1,0,1,1,1,1,21,2,10,0,0,0,2,0,0,6,7,5,8,3
2012.0,0.0,0.0,0.0,3,6,3,1,0,0,1,7,1,1,0,1,7,1,1,7,3,10,0,1,0,1,1,0,4,7,5,8,3
2012.0,-230.208,0.0,0.0,3,6,3,1,0,0,0,1,1,1,0,0,1,1,1,8,3,10,0,1,0,2,0,0,6,0,5,8,3
2012.0,-119.856,0.0,0.0,3,6,3,0,0,0,0,2,1,1,0,0,2,1,1,11,3,10,0,0,0,2,0,0,4,7,5,8,3
2012.0,0.0,1.0,0.0,2,4,3,0,0,0,1,3,1,1,0,1,9,1,1,12,3,10,0,0,0,1,1,0,4,2,5,3,9
2012.0,-62.832,1.0,0.0,1,1,3,1,0,0,0,9,1,1,0,0,9,1,1,12,3,10,0,0,0,1,1,0,0,0,5,6,2
2012.0,-76.032,0.0,0.0,3,6,3,0,0,0,1,2,1,1,0,0,2,1,1,13,3,10,0,0,0,2,1,0,2,7,5,8,3
2012.0,0.0,0.0,0.0,3,10,3,0,0,0,1,2,1,1,0,0,2,1,1,14,3,10,0,0,0,1,1,0,4,4,0,9,2
2012.0,259.776,0.0,0.0,3,6,3,1,0,0,0,1,1,1,0,1,1,1,1,15,3,10,0,0,0,2,1,0,6,7,5,8,3
2012.0,-80.256,0.0,0.0,3,6,3,0,0,0,0,2,1,1,0,0,2,1,1,15,3,10,0,0,0,1,2,0,4,7,5,8,3
2012.0,284.064,0.0,0.0,3,6,3,0,0,0,1,1,1,1,0,0,1,1,1,16,3,10,0,1,0,2,2,0,6,7,5,8,3
2012.0,-515.856,1.0,0.0,2,1,3,1,0,2,0,2,1,1,0,1,1,1,1,16,3,10,0,1,0,1,1,0,0,9,5,9,3
2012.0,0.0,0.0,0.0,3,1,4,0,0,0,0,5,1,1,0,0,9,1,1,18,3,10,0,1,0,1,1,0,2,2,5,9,3
2012.0,200.112,0.0,0.0,3,1,0,0,0,0,1,7,1,1,0,1,5,1,1,20,3,10,0,0,0,2,2,0,6,2,5,3,5
2012.0,0.0,2.0,0.0,2,4,3,1,0,0,1,1,1,1,0,1,9,1,1,9,4,10,0,1,0,1,2,0,4,2,5,3,9
2012.0,-535.92,4.0,0.0,2,1,3,1,0,0,1,4,1,1,0,1,1,1,1,13,4,10,0,0,0,1,1,0,0,2,5,3,9
2012.0,-550.176,0.0,0.0,3,6,3,0,0,0,1,1,1,1,0,0,1,1,1,13,4,10,0,0,0,1,1,0,6,7,5,8,3
2012.0,-547.008,1.0,0.0,3,6,3,0,0,0,0,2,1,1,0,0,2,1,1,14,4,10,0,0,0,2,1,0,4,7,5,8,3
2012.0,0.0,1.0,0.0,2,12,3,4,3,0,2,1,1,1,2,1,1,1,1,16,4,10,0,1,0,0,1,0,0,4,5,3,9
2012.0,119.856,1.0,0.0,3,6,3,0,0,0,1,9,1,1,0,0,9,1,1,16,4,10,0,1,0,2,1,0,4,7,5,8,3
2012.0,-400.224,1.0,0.0,3,6,3,0,0,0,1,2,1,1,0,1,2,1,1,18,4,10,0,1,0,1,1,0,4,0,5,8,3
2012.0,-102.96,0.0,0.0,3,1,3,0,0,0,0,2,1,1,0,0,1,1,1,13,5,10,1,0,0,0,1,0,6,2,5,3,3
2012.0,149.952,0.0,0.0,3,6,3,0,0,0,0,5,1,1,0,1,5,1,1,15,5,10,1,0,0,1,1,0,0,8,5,3,3
2012.0,-625.152,0.0,0.0,3,8,3,0,0,0,1,4,1,1,0,0,5,1,1,15,5,10,1,0,0,0,0,0,6,2,5,9,1
2012.0,342.144,0.0,0.0,3,1,0,0,0,0,1,2,1,1,0,1,1,1,1,19,5,10,1,1,0,0,1,0,0,5,5,3,3
2012.0,95.04,0.0,0.0,3,10,0,0,0,0,1,2,1,1,0,0,2,1,1,0,6,10,1,0,0,1,1,0,6,0,5,3,6
2012.0,89.76,0.0,0.0,3,6,0,0,0,0,1,5,1,1,0,1,5,1,1,1,6,10,1,0,0,2,1,0,4,7,5,8,3
2012.0,0.0,1.0,0.0,3,1,0,0,0,0,0,9,1,1,0,0,2,1,1,2,6,10,1,0,0,1,2,0,4,2,5,3,3
2012.0,64.944,0.0,0.0,3,6,3,0,0,0,2,9,1,1,0,0,9,1,1,10,6,10,1,0,0,0,1,0,2,7,5,8,8