Year,Distance,Totalinjuries,Totalfatalities,Injuryseverity,Collisionmanner,Lightcondition,Weather,SurfaceCondition,Unittype_One,Gender_Drv1,Traveldirection_One,AlcoholUse_Drv1,DrugUse_Drv1,Unittype_Two,Gender_Drv2,Traveldirection_Two,AlcoholUse_Drv2,DrugUse_Drv2,Hour,Weekday,Month,Weekend,Rush_Hour,Hazardous_Road,Age_Group_Drv1,Age_Group_Drv2,Substance_Use,Junction_Category,Violation_Category_Drv1,Violation_Category_Drv2,Unitaction_Category_Two,Unitaction_Category_One
2012.0,0.0,2.0,0.0,1,3,4,0,0,0,1,5,1,1,0,1,2,1,1,17,6,10,1,1,0,1,1,0,4,9,5,8,3
2012.0,0.0,0.0,0.0,3,4,2,0,0,0,1,1,1,1,0,0,9,1,1,6,0,10,0,0,0,2,1,0,2,2,5,3,9
2012.0,70.224,0.0,0.0,3,6,3,0,3,0,1,4,1,1,0,1,4,1,1,10,0,10,0,0,0,1,1,0,4,7,5,8,3
2012.0,170.016,0.0,0.0,3,6,3,0,0,0,1,2,1,1,0,1,2,1,1,13,0,10,0,0,0,1,1,0,6,0,5,3,3
2012.0,99.792,0.0,0.0,3,6,3,0,0,0,1,5,1,1,0,0,5,1,1,15,0,10,0,0,0,2,1,0,6,7,5,8,3
2012.0,61.776,0.0,0.0,3,6,3,0,0,0,0,5,1,1,0,1,5,1,1,15,0,10,0,0,0,1,1,0,4,0,5,8,8
2012.0,272.976,0.0,0.0,3,10,3,0,0,0,0,5,1,1,0,0,5,1,1,16,0,10,0,1,0,1,1,0,6,9,5,3,2
2012.0,-333.168,0.0,0.0,3,4,3,0,0,0,0,9,1,1,0,1,1,1,1,17,0,10,0,1,0,1,1,0,6,2,5,3,9
2012.0,61.248,0.0,0.0,3,6,4,0,0,0,1,9,1,1,0,1,9,1,1,17,0,10,0,1,0,1,2,0,6,0,5,8,3
2012.0,-71.808,1.0,0.0,2,6,0,0,0,0,1,1,1,1,0,0,1,1,1,18,0,10,0,1,0,1,0,0,4,0,5,8,8
2012.0,-126.192,0.0,0.0,3,6,0,0,0,0,0,9,1,1,0,1,9,1,1,18,0,10,0,1,0,2,1,0,2,7,5,8,3
2012.0,674.784,0.0,0.0,3,10,0,0,0,0,0,1,1,1,2,1,1,1,1,18,0,10,0,1,0,1,1,0,6,2,5,3,9
2012.0,-53.856,1.0,0.0,3,6,0,0,0,0,1,9,0,1,0,0,9,1,1,22,0,10,0,0,0,1,2,0,2,0,5,8,3
2012.0,0.0,0.0,0.0,3,1,3,0,0,0,0,2,1,1,0,1,1,1,1,10,1,10,0,0,0,1,0,0,4,2,5,3,9
2012.0,-221.232,1.0,0.0,2,4,3,0,0,0,1,5,1,1,0,0,9,1,1,12,1,10,0,0,0,2,1,0,6,2,5,3,9
2012.0,0.0,2.0,0.0,2,1,3,0,0,2,1,2,1,1,0,1,9,1,1,14,1,10,0,0,0,2,1,0,4,2,5,3,3
2012.0,-119.856,0.0,0.0,3,6,3,0,0,0,0,1,1,1,0,0,1,1,1,14,1,10,0,0,0,1,1,0,6,7,5,8,3
2012.0,-759.792,0.0,0.0,3,1,3,0,0,0,1,7,1,1,0,1,9,1,1,15,1,10,0,0,0,2,1,0,6,2,5,3,9
2012.0,-151.008,0.0,0.0,3,10,3,0,0,0,1,2,1,1,0,1,2,1,1,16,1,10,0,1,0,0,1,0,4,9,5,3,2
2012.0,-200.112,0.0,0.0,3,4,3,0,0,0,1,4,1,1,0,0,9,1,1,16,1,10,0,1,0,1,2,0,6,5,5,3,9
2012.0,-175.824,1.0,0.0,3,1,3,0,0,0,1,4,1,1,2,1,9,1,1,17,1,10,0,1,0,2,2,0,4,2,5,3,9
2012.0,422.4,0.0,0.0,3,6,3,0,0,0,0,5,1,1,0,1,5,1,1,17,1,10,0,1,0,2,1,0,6,0,5,8,3
2012.0,230.208,0.0,0.0,3,10,3,0,0,0,0,9,1,1,0,1,9,1,1,17,1,10,0,1,0,0,1,0,6,9,5,3,2
2012.0,-221.232,0.0,0.0,3,6,4,0,0,0,0,1,1,1,0,0,1,1,1,18,1,10,0,1,0,2,1,0,6,0,5,8,8
2012.0,200.112,1.0,0.0,3,6,0,0,0,0,0,5,1,1,0,1,5,1,1,18,1,10,0,1,0,2,1,0,4,0,5,8,3
2012.0,299.904,2.0,0.0,2,4,0,0,0,0,0,6,1,1,0,0,9,1,1,18,1,10,0,1,0,2,2,0,6,2,5,3,9
2012.0,0.0,0.0,0.0,3,4,0,0,0,0,1,2,1,1,0,1,1,1,1,20,1,10,0,0,0,1,1,0,6,0,5,9,9
2012.0,0.0,1.0,0.0,2,1,3,0,0,2,1,9,1,1,0,0,3,1,1,7,2,10,0,1,0,2,1,0,6,5,5,5,3
2012.0,-590.832,1.0,0.0,2,6,3,0,0,0,1,2,1,1,0,0,2,1,1,7,2,10,0,1,0,1,1,0,4,7,5,8,3
2012.0,-334.752,2.0,0.0,3,6,3,0,0,0,0,2,1,1,0,1,2,1,1,8,2,10,0,1,0,1,2,0,6,8,5,8,3
2012.0,0.0,0.0,0.0,3,6,3,0,0,0,2,2,1,1,0,0,2,1,1,11,2,10,0,0,0,0,2,0,4,0,5,8,8
2012.0,816.816,1.0,0.0,3,6,3,0,0,0,1,5,1,1,0,1,5,1,1,13,2,10,0,0,0,2,2,0,6,7,5,8,3
2012.0,-180.048,0.0,0.0,3,10,3,0,0,0,1,1,1,1,0,1,1,1,1,13,2,10,0,0,0,2,1,0,6,4,5,3,2
2012.0,-127.248,0.0,0.0,3,6,3,0,0,0,0,1,1,1,0,0,1,1,1,15,2,10,0,0,0,1,1,0,4,0,5,8,3
2012.0,-588.192,0.0,0.0,3,6,3,0,0,0,1,1,1,1,0,0,1,1,1,16,2,10,0,1,0,2,1,0,6,7,5,8,3
2012.0,-57.024,0.0,0.0,3,6,3,0,0,0,0,1,1,1,0,1,1,1,1,16,2,10,0,1,0,1,1,0,4,0,5,8,3
2012.0,106.128,0.0,0.0,3,6,3,0,0,0,0,5,1,1,0,0,5,1,1,16,2,10,0,1,0,0,1,0,4,7,5,8,3
2012.0,54.912,1.0,0.0,2,1,3,0,0,0,1,9,1,1,2,0,9,1,1,16,2,10,0,1,0,0,1,0,4,2,5,7,9
2012.0,149.952,2.0,0.0,3,6,4,0,0,0,0,9,1,1,0,0,9,1,1,17,2,10,0,1,0,2,1,0,4,7,5,8,3
2012.0,0.0,1.0,0.0,2,4,4,0,0,0,1,5,1,1,0,1,2,1,1,17,2,10,0,1,0,0,2,0,4,2,5,3,9
2012.0,-139.92,1.0,0.0,3,6,0,0,0,0,1,1,1,1,0,0,1,1,1,18,2,10,0,1,0,1,1,0,4,7,5,8,3
2012.0,-180.048,0.0,0.0,3,10,0,0,0,0,2,5,1,1,1,1,5,1,1,0,3,10,0,0,0,0,1,0,6,9,5,6,3
2012.0,0.0,0.0,0.0,3,5,3,0,3,0,2,2,1,1,0,0,5,1,1,1,3,10,0,0,0,0,2,0,4,5,5,8,1
2012.0,-14.784,0.0,0.0,3,6,0,0,3,0,2,1,1,1,0,1,1,1,1,5,3,10,0,0,0,0,0,0,4,7,8,3,3
2012.0,-99.792,0.0,0.0,3,4,3,0,0,0,1,3,1,1,0,1,5,1,1,7,3,10,0,1,0,1,2,0,6,0,5,3,9
2012.0,0.0,0.0,0.0,3,10,3,0,0,0,0,1,1,1,0,0,1,1,1,7,3,10,0,1,0,1,1,0,4,9,5,0,0
2012.0,-299.904,1.0,0.0,3,6,3,0,0,0,0,2,1,1,0,1,2,1,1,7,3,10,0,1,0,1,1,0,2,0,5,8,3
2012.0,0.0,0.0,0.0,3,4,3,0,0,0,1,2,1,1,0,1,1,1,1,9,3,10,0,1,0,2,1,0,4,5,5,9,3
2012.0,0.0,1.0,0.0,2,1,3,0,0,0,1,2,1,1,0,1,9,1,1,11,3,10,0,0,0,2,1,0,2,2,5,9,3
2012.0,80.256,0.0,0.0,3,10,3,0,0,0,0,1,1,1,0,1,1,1,1,12,3,10,0,0,0,1,1,0,4,2,5,3,9
2012.0,64.944,0.0,0.0,3,6,3,0,0,0,1,5,1,1,0,1,5,1,1,14,3,10,0,0,0,1,1,0,4,0,5,8,9
2012.0,-155.76,0.0,0.0,3,10,3,0,0,0,1,2,1,1,0,1,2,1,1,15,3,10,0,0,0,1,1,0,6,9,5,5,5
2012.0,0.0,4.0,0.0,2,6,3,0,0,0,0,5,1,1,0,1,5,1,1,16,3,10,0,1,0,1,1,0,4,0,5,8,3
2012.0,50.16,0.0,0.0,3,1,3,0,0,0,2,4,1,1,0,0,2,1,1,16,3,10,0,1,0,0,2,0,6,2,5,3,9
2012.0,-200.112,1.0,0.0,3,10,4,0,0,0,1,5,1,1,2,0,5,1,1,17,3,10,0,1,0,1,0,0,6,0,5,3,9
2012.0,-35.904,0.0,0.0,3,6,4,0,0,0,1,2,1,1,0,1,2,1,1,17,3,10,0,1,0,1,1,0,4,7,5,8,8
2012.0,-93.984,3.0,0.0,3,1,4,0,0,2,1,1,1,1,0,0,1,1,1,17,3,10,0,1,0,1,1,0,6,9,5,3,9
2012.0,38.016,1.0,0.0,3,6,3,0,0,0,0,9,1,1,0,1,9,1,1,18,3,10,0,1,0,2,2,0,2,7,5,8,3
2012.0,0.0,3.0,0.0,2,4,0,0,0,0,1,6,1,1,0,1,2,1,1,19,3,10,0,1,0,2,1,0,4,2,5,3,9
2012.0,-950.4,0.0,0.0,3,6,0,0,0,0,1,1,0,1,0,0,1,1,1,20,3,10,0,0,0,0,1,0,6,0,5,8,3
2012.0,-664.224,0.0,0.0,3,4,3,0,0,0,0,7,1,1,0,0,9,1,1,7,4,10,0,1,0,1,1,0,6,4,5,3,9
2012.0,-80.256,2.0,0.0,3,5,3,0,0,0,1,1,1,1,0,1,1,1,1,8,4,10,0,1,0,1,1,0,4,5,5,3,5
2012.0,0.0,2.0,0.0,2,1,3,0,0,0,0,3,1,1,0,0,2,1,1,11,4,10,0,0,0,0,0,0,2,2,5,3,9
2012.0,-43.824,0.0,0.0,3,6,3,0,0,0,0,5,1,1,0,1,5,1,1,11,4,10,0,0,0,2,2,0,6,0,5,3,3
2012.0,-128.832,0.0,0.0,3,6,3,0,0,0,0,2,1,1,0,0,2,1,1,12,4,10,0,0,0,1,1,0,4,7,5,8,3
2012.0,-76.032,0.0,0.0,3,6,3,0,0,0,0,1,1,1,0,1,1,1,1,12,4,10,0,0,0,2,1,0,4,7,5,8,3
2012.0,-1269.84,0.0,0.0,3,4,3,0,0,0,1,3,1,1,0,0,9,1,1,13,4,10,0,0,0,1,0,0,4,4,5,3,9
2012.0,76.032,0.0,0.0,3,1,3,0,0,0,1,4,1,1,0,1,5,1,1,14,4,10,0,0,0,1,1,0,4,9,5,8,3
2012.0,139.92,0.0,0.0,3,10,3,0,0,0,1,5,1,1,0,1,5,1,1,14,4,10,0,0,0,1,1,0,6,9,5,3,2
2012.0,-58.08,0.0,0.0,3,5,3,0,0,0,0,9,1,1,0,1,1,1,1,15,4,10,0,0,0,2,1,0,4,5,5,8,1
2012.0,479.952,0.0,0.0,3,6,3,0,0,0,0,5,1,1,0,1,5,1,1,16,4,10,0,1,0,1,2,0,6,7,5,8,3
2012.0,-70.224,0.0,0.0,3,6,0,0,0,0,1,1,1,1,0,1,1,1,1,18,4,10,0,1,0,1,1,0,6,0,5,8,3
2012.0,-200.112,0.0,0.0,3,4,0,0,0,0,1,2,1,1,0,1,5,1,1,18,4,10,0,1,0,2,2,0,6,2,5,3,9
2012.0,3.168,1.0,0.0,2,4,0,0,0,0,0,9,1,1,0,1,1,1,1,20,4,10,0,0,0,1,2,0,2,2,5,3,9
2012.0,99.792,0.0,0.0,3,10,0,0,0,0,0,5,1,1,1,1,2,1,1,2,5,10,1,0,0,1,1,0,6,0,5,6,1
2012.0,0.0,2.0,0.0,3,4,0,0,0,0,1,1,1,1,0,1,9,1,1,19,5,10,1,1,0,1,2,0,4,0,5,3,9
2012.0,0.0,1.0,0.0,3,3,0,0,0,0,2,5,1,1,0,1,1,1,1,20,5,10,1,0,0,0,1,0,4,7,5,8,9
2012.0,0.0,0.0,0.0,3,10,0,0,0,0,0,1,1,1,0,0,1,1,1,21,5,10,1,0,0,1,0,0,2,5,5,9,9
2012.0,74.976,0.0,0.0,3,6,0,0,0,0,1,2,1,1,0,1,2,1,1,21,5,10,1,0,0,1,1,0,6,5,0,3,8
2012.0,210.144,0.0,0.0,3,3,0,0,0,0,0,1,1,1,0,0,9,1,1,22,5,10,1,0,0,1,2,0,6,9,5,8,3
2012.0,-363.792,1.0,0.0,2,10,0,0,0,0,0,9,1,1,0,1,9,1,1,0,6,10,1,0,0,1,1,0,6,2,5,3,2
2012.0,50.16,0.0,0.0,3,10,0,0,0,0,2,6,1,1,0,1,6,1,1,2,6,10,1,0,0,0,1,0,4,9,5,9,9
2012.0,299.904,0.0,0.0,3,10,3,0,0,0,0,5,1,1,0,0,5,1,1,12,6,10,1,0,0,2,1,0,6,9,5,3,2
2012.0,0.0,2.0,0.0,3,4,0,0,0,0,1,1,1,1,0,0,9,1,1,17,6,10,1,1,0,2,2,0,4,2,5,3,9
2012.0,-10.032,0.0,0.0,3,6,1,0,0,0,0,9,1,1,0,1,9,1,1,20,6,10,1,0,0,1,1,0,4,7,5,8,3
2012.0,64.944,0.0,0.0,3,6,0,0,0,0,1,5,1,1,0,0,5,1,1,21,6,10,1,0,0,2,1,0,4,0,5,8,3
2012.0,-204.864,0.0,0.0,3,6,3,0,0,0,2,2,1,1,0,0,2,1,1,7,0,10,0,1,0,0,2,0,6,9,5,3,3
2012.0,-88.176,0.0,0.0,3,4,3,0,0,0,1,1,1,1,0,0,1,1,1,10,0,10,0,0,0,1,2,0,4,5,5,9,9
2012.0,0.0,1.0,0.0,2,1,3,0,0,0,1,1,1,1,0,0,2,1,1,11,0,10,0,0,0,2,1,0,1,2,5,9,3
2012.0,-50.16,0.0,0.0,3,10,3,0,0,0,1,4,1,1,0,1,4,1,1,12,0,10,0,0,0,1,1,0,4,0,5,9,9
2012.0,-61.248,0.0,0.0,3,6,3,0,0,0,0,2,1,1,0,1,2,1,1,13,0,10,0,0,0,2,1,0,4,0,5,8,3
2012.0,256.08,0.0,0.0,3,6,3,0,0,0,1,2,1,1,0,0,2,1,1,14,0,10,0,0,0,2,2,0,6,0,5,8,3
2012.0,-99.792,0.0,0.0,3,10,3,0,0,0,1,2,1,1,0,0,2,1,1,15,0,10,0,0,0,2,2,0,4,9,5,3,2
2012.0,0.0,2.0,0.0,2,1,3,0,0,0,1,1,1,1,0,1,5,1,1,15,0,10,0,0,0,2,1,0,4,2,5,3,3
2012.0,-660.0,2.0,0.0,2,1,3,0,0,0,1,5,1,1,0,1,9,1,1,16,0,10,0,1,0,2,2,0,6,2,5,3,9
2012.0,55.968,0.0,0.0,3,6,3,0,0,0,0,5,1,1,0,0,5,1,1,16,0,10,0,1,0,2,1,0,4,7,5,8,8
2012.0,0.0,0.0,0.0,3,6,3,0,0,0,1,5,1,1,0,0,5,1,1,16,0,10,0,1,0,2,1,0,4,0,5,8,8
2012.0,145.2,0.0,0.0,3,10,4,0,0,0,1,2,1,1,0,1,2,1,1,18,0,10,0,1,0,2,1,0,4,9,5,3,3
2012.0,-674.784,0.0,0.0,3,6,3,0,0,0,1,9,1,1,0,0,9,1,1,7,1,10,0,1,0,1,1,0,6,7,5,8,8
2012.0,-208.032,1.0,0.0,2,6,3,0,0,0,0,1,1,1,0,1,1,1,1,8,1,10,0,1,0,1,1,0,4,7,5,8,3
2012.0,49.104,1.0,0.0,2,1,3,0,0,2,0,5,1,1,0,0,9,1,1,8,1,10,0,1,0,2,1,0,4,2,5,9,3
2012.0,-775.104,0.0,0.0,3,1,3,0,0,2,1,8,1,1,0,0,8,1,1,11,1,10,0,0,0,2,1,0,6,2,5,3,7
2012.0,-479.952,0.0,0.0,3,10,3,0,0,0,0,1,1,1,0,0,1,1,1,12,1,10,0,0,0,1,1,0,6,9,5,3,2
2012.0,553.872,0.0,0.0,3,10,3,0,0,0,1,5,1,1,0,0,5,1,1,14,1,10,0,0,0,2,0,0,6,9,5,3,2
2012.0,220.176,0.0,0.0,3,6,3,0,0,0,1,5,1,1,0,1,5,1,1,15,1,10,0,0,0,1,0,0,4,7,5,8,3
2012.0,67.056,0.0,0.0,3,6,3,0,0,0,0,1,1,1,0,1,1,1,1,15,1,10,0,0,0,2,2,0,4,0,5,8,3
2012.0,200.112,1.0,0.0,3,6,3,0,0,0,1,9,1,1,0,0,9,1,1,16,1,10,0,1,0,1,2,0,4,7,5,8,3
2012.0,-26.928,1.0,0.0,2,1,3,0,0,2,1,9,1,1,0,1,1,1,1,16,1,10,0,1,0,2,0,0,4,5,5,9,7
2012.0,-50.16,0.0,0.0,3,6,3,0,0,0,1,9,1,1,0,1,9,1,1,17,1,10,0,1,0,2,1,0,6,0,5,8,8
2012.0,-599.808,1.0,0.0,2,6,0,0,0,0,0,2,1,1,0,1,2,1,1,18,1,10,0,1,0,2,1,0,6,7,5,8,3
2012.0,64.944,0.0,0.0,3,1,0,0,0,0,1,6,1,1,0,1,1,1,1,18,1,10,0,1,0,1,1,0,6,0,5,3,9
2012.0,-201.168,0.0,0.0,3,6,3,0,0,0,2,5,1,1,0,1,5,1,1,7,2,10,0,1,0,0,1,0,6,0,5,8,2
2012.0,315.216,0.0,0.0,3,1,3,0,0,0,0,5,1,1,0,0,5,1,1,11,2,10,0,0,0,1,1,0,0,0,5,3,9
2012.0,-62.832,0.0,0.0,3,1,3,0,0,0,0,5,1,1,0,0,1,1,1,13,2,10,0,0,0,1,1,0,4,2,5,9,9
2012.0,-158.928,0.0,0.0,3,6,3,0,0,0,1,5,1,1,0,0,5,1,1,15,2,10,0,0,0,0,1,0,6,7,5,3,8
2012.0,0.0,0.0,0.0,3,1,3,0,0,0,1,1,1,1,0,0,2,1,1,15,2,10,0,0,0,2,1,0,4,2,5,9,3
2012.0,0.0,0.0,0.0,3,1,3,0,0,0,1,1,1,1,0,1,5,1,1,16,2,10,0,1,0,1,1,0,4,2,5,3,3
2012.0,-99.792,0.0,0.0,3,6,3,0,0,0,2,5,1,1,0,0,5,1,1,16,2,10,0,1,0,0,1,0,4,7,5,3,3
2012.0,0.0,0.0,0.0,3,1,4,0,0,2,2,9,1,1,0,0,1,1,1,17,2,10,0,1,0,0,1,0,6,2,5,9,3
2012.0,299.904,0.0,0.0,3,6,0,0,0,0,0,5,1,1,0,0,5,1,1,17,2,10,0,1,0,2,2,0,6,0,5,8,3
2012.0,52.8,1.0,0.0,3,6,0,0,0,0,0,9,1,1,0,1,9,1,1,19,2,10,0,1,0,2,1,0,4,0,5,8,3
2012.0,24.816,0.0,0.0,3,6,1,0,3,0,2,1,1,1,1,1,1,1,1,1,3,10,0,0,0,0,1,0,6,7,5,3,3
2012.0,24.816,0.0,0.0,3,6,3,0,0,0,1,2,1,1,0,0,2,1,1,7,3,10,0,1,0,1,1,0,6,7,5,8,8
2012.0,-72.864,1.0,0.0,3,4,3,0,0,0,0,2,1,1,0,0,9,1,1,7,3,10,0,1,0,1,1,0,6,2,5,3,9
2012.0,0.0,1.0,0.0,2,1,3,0,0,2,0,6,1,1,0,1,5,1,1,10,3,10,0,0,0,1,0,0,4,2,5,3,9
2012.0,0.0,1.0,0.0,3,1,3,0,0,0,1,1,1,1,0,1,5,1,1,14,3,10,0,0,0,2,2,0,4,2,5,3,3
2012.0,383.856,0.0,0.0,3,4,3,0,0,0,0,2,1,1,0,1,9,1,1,15,3,10,0,0,0,2,0,0,4,2,5,3,9
2012.0,0.0,0.0,0.0,3,4,3,0,0,0,0,2,1,1,0,1,5,1,1,15,3,10,0,0,0,1,1,0,4,2,5,3,9
2012.0,-210.144,0.0,0.0,3,6,3,0,0,0,0,2,1,1,0,0,2,1,1,16,3,10,0,1,0,2,1,0,6,0,5,8,3
2012.0,0.0,0.0,0.0,3,6,3,0,0,0,1,1,1,1,0,0,1,1,1,16,3,10,0,1,0,1,2,0,4,7,5,8,3
2012.0,174.768,0.0,0.0,3,10,4,0,0,0,0,1,1,1,0,0,1,1,1,17,3,10,0,1,0,0,2,0,6,9,5,3,3
2012.0,0.0,3.0,0.0,1,4,3,0,0,0,1,9,1,1,0,0,1,1,1,17,3,10,0,1,0,1,2,0,4,0,5,3,9
2012.0,70.224,0.0,0.0,3,6,0,0,0,0,1,5,1,1,0,1,5,1,1,18,3,10,0,1,0,1,1,0,4,7,5,8,3
2012.0,0.0,1.0,0.0,3,4,0,0,0,0,0,2,1,1,0,0,5,1,1,18,3,10,0,1,0,1,2,0,4,2,5,3,9
2012.0,-85.008,0.0,0.0,3,6,0,0,0,0,1,1,1,1,0,1,1,1,1,19,3,10,0,1,0,1,2,0,4,0,5,8,3
2012.0,-115.104,0.0,0.0,3,6,0,0,0,0,0,9,1,1,0,0,9,1,1,21,3,10,0,0,0,2,1,0,6,0,5,8,3
2012.0,0.0,0.0,0.0,3,4,0,0,0,0,1,3,1,1,0,0,9,1,1,21,3,10,0,0,0,1,2,0,4,0,5,3,9
2012.0,0.0,0.0,0.0,3,4,0,0,0,0,0,2,1,1,0,1,9,1,1,5,4,10,0,0,0,1,1,0,2,2,5,3,9
2012.0,-30.096,1.0,0.0,1,6,3,0,0,0,0,9,1,1,0,1,9,1,1,8,4,10,0,1,0,1,0,0,6,7,5,8,3
2012.0,83.952,0.0,0.0,3,6,3,0,0,0,0,5,1,1,0,0,5,1,1,9,4,10,0,1,0,1,2,0,4,7,5,8,3
2012.0,0.0,2.0,0.0,2,4,3,0,0,0,1,9,1,1,0,0,1,1,1,9,4,10,0,1,0,1,1,0,2,2,5,9,3
2012.0,-380.16,0.0,0.0,3,6,3,0,0,0,0,9,1,1,0,1,9,1,1,10,4,10,0,0,0,2,1,0,6,7,5,8,3
2012.0,155.76,0.0,0.0,3,4,3,0,0,0,1,4,1,1,0,0,9,1,1,11,4,10,0,0,0,2,2,0,4,2,5,3,9
2012.0,568.128,0.0,0.0,3,6,3,0,0,0,1,2,1,1,0,1,2,1,1,13,4,10,0,0,0,1,0,0,6,7,5,8,3
2012.0,0.0,0.0,0.0,3,6,3,0,0,0,1,5,1,1,0,0,5,1,1,14,4,10,0,0,0,2,2,0,4,7,5,9,9
2012.0,375.936,0.0,0.0,3,6,3,0,0,0,1,9,1,1,0,0,9,1,1,14,4,10,0,0,0,2,1,0,6,7,5,8,3
2012.0,-60.192,0.0,0.0,3,6,3,0,0,0,1,5,1,1,0,1,5,1,1,14,4,10,0,0,0,2,2,0,6,1,5,6,9
2012.0,0.0,1.0,0.0,3,1,3,0,0,0,1,1,1,1,0,1,2,1,1,14,4,10,0,0,0,1,1,0,4,2,5,3,3
2012.0,68.112,0.0,0.0,3,10,3,0,0,0,2,5,1,1,0,1,5,1,1,15,4,10,0,0,0,0,1,0,4,7,5,8,3
2012.0,119.856,0.0,0.0,3,6,3,0,0,0,2,5,1,1,0,0,5,1,1,16,4,10,0,1,0,0,2,0,4,7,5,8,3
2012.0,979.968,0.0,0.0,3,4,3,0,0,0,0,7,1,1,0,0,7,1,1,16,4,10,0,1,0,2,1,0,4,9,5,9,9
2012.0,200.112,0.0,0.0,3,6,3,0,0,0,1,5,1,1,0,0,5,1,1,17,4,10,0,1,0,1,1,0,6,7,5,8,3
2012.0,0.0,0.0,0.0,3,1,0,0,0,2,1,1,1,1,0,0,5,1,1,18,4,10,0,1,0,1,1,0,4,2,5,3,7
2012.0,0.0,1.0,0.0,3,4,0,0,0,0,1,5,1,1,0,1,4,1,1,18,4,10,0,1,0,1,1,0,4,2,5,9,3
2012.0,135.168,1.0,0.0,3,6,0,0,0,0,0,5,1,1,0,1,5,1,1,22,4,10,0,0,0,0,1,0,6,7,5,8,3
2012.0,10.032,0.0,0.0,3,5,0,0,0,0,0,2,1,1,3,0,9,1,1,22,4,10,0,0,0,0,1,0,4,0,5,3,9
2012.0,0.0,2.0,0.0,3,1,3,0,0,0,1,1,1,1,0,0,2,1,1,8,5,10,1,1,0,2,1,0,4,2,5,3,3
2012.0,200.112,1.0,0.0,3,10,3,0,0,0,0,3,1,1,0,0,2,1,1,10,5,10,1,0,0,1,1,0,1,9,5,3,2
2012.0,547.008,1.0,0.0,2,6,3,0,0,0,0,5,1,1,0,1,5,1,1,15,5,10,1,0,0,2,1,0,6,9,5,3,2
2012.0,0.0,0.0,0.0,3,6,3,0,0,0,2,2,1,1,0,1,2,1,1,16,5,10,1,1,0,0,1,0,6,7,5,8,3
2012.0,-590.832,0.0,0.0,3,6,0,0,0,0,2,8,1,1,0,1,2,1,1,18,5,10,1,1,0,0,1,0,4,5,5,3,5
2012.0,-109.824,2.0,0.0,3,6,0,0,0,0,1,2,1,1,0,1,2,1,1,18,5,10,1,1,0,1,1,0,2,0,5,8,3
2012.0,-60.192,2.0,0.0,2,6,0,0,0,0,0,1,1,1,0,1,1,1,1,20,5,10,1,0,0,0,1,0,4,7,5,8,3
2012.0,0.0,0.0,0.0,3,5,0,0,0,0,1,5,0,1,0,0,1,1,1,3,6,10,1,0,0,2,2,0,2,2,5,9,3
2012.0,54.912,1.0,0.0,2,1,0,0,0,2,1,1,0,1,0,1,5,1,1,5,6,10,1,0,0,2,1,0,2,2,5,3,3
2012.0,-119.856,0.0,0.0,3,10,0,0,0,0,2,5,1,1,1,1,2,1,1,9,6,10,1,1,0,0,1,0,4,2,5,6,5
2012.0,0.0,1.0,0.0,2,4,3,0,0,0,1,2,1,1,0,1,9,1,1,10,6,10,1,0,0,1,0,0,4,2,5,9,3
2012.0,1320.0,0.0,0.0,3,6,3,0,0,0,0,9,1,1,0,1,9,1,1,10,6,10,1,0,0,2,1,0,4,0,5,8,3
2012.0,0.0,2.0,0.0,2,1,3,0,0,0,1,1,1,1,0,0,5,1,1,12,6,10,1,0,0,2,1,0,2,2,5,3,3
2012.0,-57.024,0.0,0.0,3,6,3,0,0,0,0,2,1,1,0,0,2,1,1,13,6,10,1,0,0,2,1,0,4,8,5,8,3
2012.0,0.0,1.0,0.0,2,4,3,0,0,0,1,5,1,1,0,1,2,1,1,14,6,10,1,0,0,1,1,0,4,2,5,9,3
2012.0,350.064,0.0,0.0,3,1,0,0,0,2,1,5,1,1,0,1,9,1,1,18,6,10,1,1,0,2,2,0,6,5,7,3,3
2012.0,99.792,3.0,0.0,3,6,0,0,0,0,1,9,1,1,0,0,9,1,1,19,6,10,1,1,0,1,1,0,2,0,5,8,3
2012.0,29.04,0.0,0.0,3,1,4,0,0,0,0,5,1,1,0,0,9,1,1,7,0,10,0,1,0,1,1,0,2,2,5,9,3
2012.0,-72.864,2.0,0.0,2,6,3,0,0,0,1,1,1,1,0,1,1,1,1,11,0,10,0,0,0,1,0,0,4,0,5,8,3
2012.0,0.0,3.0,0.0,3,4,3,0,0,0,0,5,1,1,0,0,1,1,1,14,0,10,0,0,0,2,1,0,4,2,5,3,9
2012.0,-323.136,1.0,0.0,2,6,3,0,0,0,0,5,1,1,1,1,5,1,1,15,0,10,0,0,0,1,1,0,6,0,5,6,3
2012.0,284.064,2.0,0.0,2,6,3,0,0,0,0,1,1,1,0,1,1,1,1,17,0,10,0,1,0,2,1,0,6,0,5,8,3