Year,Distance,Totalinjuries,Totalfatalities,Injuryseverity,Collisionmanner,Lightcondition,Weather,SurfaceCondition,Unittype_One,Gender_Drv1,Traveldirection_One,AlcoholUse_Drv1,DrugUse_Drv1,Unittype_Two,Gender_Drv2,Traveldirection_Two,AlcoholUse_Drv2,DrugUse_Drv2,Hour,Weekday,Month,Weekend,Rush_Hour,Hazardous_Road,Age_Group_Drv1,Age_Group_Drv2,Substance_Use,Junction_Category,Violation_Category_Drv1,Violation_Category_Drv2,Unitaction_Category_Two,Unitaction_Category_One
2012.0,0.0,4.0,0.0,2,4,3,0,0,0,0,2,1,1,0,1,5,1,1,18,0,10,0,1,0,0,1,0,2,2,5,9,3
2012.0,-900.24,1.0,0.0,3,6,0,0,0,0,0,5,1,1,0,0,5,1,1,18,0,10,0,1,0,0,1,0,6,0,5,8,3
2012.0,25.872,0.0,0.0,3,6,3,0,0,0,0,9,1,1,0,1,9,1,1,7,1,10,0,1,0,1,1,0,6,7,5,8,3
2012.0,0.0,0.0,0.0,3,6,3,0,0,0,0,1,1,1,0,0,1,1,1,9,1,10,0,1,0,2,1,0,4,7,5,9,3
2012.0,0.0,0.0,0.0,3,6,3,0,0,0,1,1,1,1,0,0,1,1,1,9,1,10,0,1,0,1,2,0,6,0,5,8,8
2012.0,0.0,0.0,0.0,3,1,3,0,0,0,1,2,1,1,0,1,4,1,1,10,1,10,0,0,0,2,1,0,4,5,5,9,9
2012.0,-61.248,0.0,0.0,3,6,3,0,0,0,0,6,1,1,0,0,6,1,1,11,1,10,0,0,0,1,1,0,4,7,5,8,3
2012.0,0.0,0.0,0.0,3,6,3,0,0,0,0,9,1,0,0,0,9,1,1,12,1,10,0,0,0,1,1,0,4,0,5,8,8
2012.0,-289.872,0.0,0.0,3,4,3,0,0,0,0,3,1,1,0,1,5,1,1,16,1,10,0,1,0,1,1,0,6,2,5,3,9
2012.0,-382.8,1.0,0.0,2,4,3,0,0,0,1,9,1,1,2,1,1,1,1,17,1,10,0,1,0,1,2,0,6,2,5,9,9
2012.0,44.88,0.0,0.0,3,6,0,0,0,0,0,9,1,1,0,1,9,1,1,17,1,10,0,1,0,1,1,0,4,7,5,8,8
2012.0,-249.744,0.0,0.0,3,6,0,0,0,0,0,9,1,1,0,1,9,1,1,17,1,10,0,1,0,2,2,0,6,7,5,8,3
2012.0,528.0,0.0,0.0,3,6,0,0,0,0,1,5,1,1,0,1,5,1,1,17,1,10,0,1,0,2,1,0,6,7,5,8,3
2012.0,40.128,1.0,0.0,3,6,0,0,0,0,0,5,1,1,0,1,5,1,1,17,1,10,0,1,0,1,1,0,6,7,5,8,3
2012.0,168.96,0.0,0.0,3,10,0,0,0,0,0,1,1,1,1,1,1,1,1,6,2,10,0,0,0,2,1,0,6,0,5,6,3
2012.0,0.0,0.0,0.0,3,1,3,0,0,0,1,6,1,1,0,1,9,1,1,8,2,10,0,1,0,2,1,0,4,9,5,3,9
2012.0,85.008,0.0,0.0,3,6,3,0,0,0,1,9,1,1,0,1,9,1,1,12,2,10,0,0,0,1,1,0,6,5,5,5,5
2012.0,200.112,0.0,0.0,3,10,3,0,3,0,2,5,1,1,0,0,1,1,1,14,2,10,0,0,0,0,1,0,6,5,5,8,5
2012.0,0.0,0.0,0.0,3,1,3,0,0,0,0,6,1,1,0,1,9,1,1,15,2,10,0,0,0,1,1,0,4,2,5,3,9
2012.0,0.0,0.0,0.0,3,4,3,0,0,0,0,1,1,1,0,1,9,1,1,15,2,10,0,0,0,2,2,0,4,2,5,3,9
2012.0,-474.144,0.0,0.0,3,6,3,0,0,0,0,5,1,1,0,0,5,1,1,15,2,10,0,0,0,1,1,0,6,7,5,8,3
2012.0,60.192,1.0,0.0,3,6,3,0,0,0,1,1,1,1,0,0,1,1,1,17,2,10,0,1,0,2,2,0,6,0,5,8,3
2012.0,-403.92,0.0,0.0,3,6,0,0,0,0,0,8,1,1,0,0,8,1,1,17,2,10,0,1,0,1,2,0,6,7,5,8,3
2012.0,5.808,2.0,0.0,3,3,0,0,0,0,1,3,1,1,0,0,5,1,1,17,2,10,0,1,0,2,1,0,4,2,5,3,9
2012.0,0.0,2.0,0.0,2,4,0,0,0,0,1,9,1,1,0,1,1,1,1,18,2,10,0,1,0,1,1,0,4,0,5,3,9
2012.0,64.944,0.0,0.0,3,6,0,0,0,0,0,5,1,1,0,0,5,1,1,18,2,10,0,1,0,2,2,0,6,7,5,8,3
2012.0,0.0,1.0,0.0,2,4,0,0,0,0,2,7,1,1,3,0,1,1,1,18,2,10,0,1,0,0,2,0,4,2,5,3,9
2012.0,200.112,0.0,0.0,3,10,0,0,0,0,0,2,1,1,0,0,2,1,1,18,2,10,0,1,0,2,1,0,6,9,5,3,2
2012.0,224.928,0.0,0.0,3,4,0,0,0,0,0,6,1,1,0,0,1,1,1,18,2,10,0,1,0,2,1,0,6,2,5,2,9
2012.0,-149.952,0.0,0.0,3,5,0,0,0,0,1,4,1,1,3,1,6,1,1,23,2,10,0,0,0,2,2,0,6,0,5,3,9
2012.0,0.0,0.0,0.0,3,10,0,0,0,0,1,5,1,1,0,1,5,1,1,23,2,10,0,0,0,1,2,0,6,0,5,5,5
2012.0,0.0,0.0,0.0,3,1,0,0,0,0,1,2,1,1,0,0,1,1,1,0,3,11,0,0,0,1,1,0,2,0,5,3,9
2012.0,27.984,0.0,0.0,3,6,0,0,0,0,1,2,1,1,0,1,2,1,1,3,3,11,0,0,0,1,1,0,6,0,5,8,3
2012.0,0.0,1.0,0.0,3,6,0,0,0,0,1,1,0,1,0,1,1,1,1,3,3,11,0,0,0,2,1,0,4,7,5,3,3
2012.0,0.0,0.0,0.0,3,5,0,0,0,2,1,2,0,1,0,1,1,1,1,3,3,11,0,0,0,1,1,0,4,5,5,9,7
2012.0,-195.888,1.0,0.0,3,6,3,0,0,0,0,2,1,1,0,1,2,1,1,8,3,11,0,1,0,1,2,0,4,0,5,8,3
2012.0,0.0,0.0,0.0,3,4,3,0,0,2,1,4,1,1,0,1,3,1,1,8,3,11,0,1,0,2,1,0,4,2,5,9,7
2012.0,-20.064,0.0,0.0,3,6,0,0,3,0,2,2,1,1,0,0,2,1,1,9,3,11,0,1,0,0,2,0,2,5,5,8,3
2012.0,-52.8,1.0,0.0,3,1,3,0,0,2,0,9,1,1,0,0,3,1,1,9,3,11,0,1,0,2,2,0,6,5,5,9,3
2012.0,-429.264,0.0,0.0,3,1,3,0,0,0,1,4,1,1,0,1,5,1,1,10,3,11,0,0,0,0,0,0,6,2,5,3,9
2012.0,-152.064,0.0,0.0,3,6,3,0,0,0,1,9,1,1,0,1,1,1,1,10,3,11,0,0,0,1,2,0,4,8,5,8,3
2012.0,-1183.248,0.0,0.0,3,6,3,0,0,0,1,1,1,1,0,1,1,1,1,11,3,11,0,0,0,1,1,0,6,7,5,8,3
2012.0,-597.168,2.0,0.0,2,4,3,0,0,0,1,1,1,1,0,1,9,1,1,12,3,11,0,0,0,2,1,0,6,2,5,3,9
2012.0,-85.008,1.0,0.0,3,6,3,0,0,0,1,1,0,1,0,0,1,1,1,12,3,11,0,0,0,2,2,0,4,7,5,8,3
2012.0,-86.064,0.0,0.0,3,6,3,0,0,0,0,2,1,1,0,1,2,1,1,12,3,11,0,0,0,2,2,0,4,7,5,8,3
2012.0,78.144,1.0,0.0,3,1,3,0,0,2,1,1,1,1,0,1,5,1,1,13,3,11,0,0,0,1,1,0,4,9,5,9,3
2012.0,0.0,0.0,0.0,3,4,3,0,0,0,1,3,1,1,0,1,9,1,1,15,3,11,0,0,0,2,1,0,4,2,5,3,9
2012.0,-50.16,0.0,0.0,3,6,3,0,0,0,1,1,1,1,0,0,1,1,1,15,3,11,0,0,0,2,1,0,6,7,5,8,3
2012.0,-753.984,2.0,0.0,2,6,3,0,0,0,0,1,1,1,0,0,1,1,1,15,3,11,0,0,0,2,2,0,6,8,5,8,3
2012.0,149.952,0.0,0.0,3,6,3,0,0,0,0,5,1,1,0,0,5,1,1,16,3,11,0,1,0,1,1,0,4,0,5,8,3
2012.0,-217.008,0.0,0.0,3,6,3,0,0,0,0,1,1,1,0,1,1,1,1,16,3,11,0,1,0,1,1,0,6,7,5,8,3
2012.0,513.744,1.0,0.0,2,6,3,0,0,0,0,5,1,1,0,1,5,1,1,16,3,11,0,1,0,1,1,0,6,7,5,8,3
2012.0,-1500.048,0.0,0.0,3,1,3,0,0,0,0,7,1,1,0,0,9,1,1,17,3,11,0,1,0,1,0,0,6,2,5,3,9
2012.0,48.048,0.0,0.0,3,6,3,0,0,0,1,5,1,1,0,1,5,1,1,17,3,11,0,1,0,1,2,0,6,0,5,8,8
2012.0,149.952,0.0,0.0,3,6,0,0,0,0,1,5,1,1,0,0,5,1,1,17,3,11,0,1,0,0,1,0,6,0,5,8,3
2012.0,77.088,1.0,0.0,1,6,3,0,0,0,0,9,1,1,0,0,9,1,1,10,4,11,0,0,0,1,2,0,4,7,5,8,3
2012.0,-96.096,0.0,0.0,3,6,3,0,0,0,1,1,1,1,0,0,1,1,1,10,4,11,0,0,0,1,0,0,4,7,5,8,3
2012.0,0.0,0.0,0.0,3,4,3,0,0,0,0,2,1,1,0,0,9,1,1,10,4,11,0,0,0,1,1,0,4,2,5,3,9
2012.0,-88.176,1.0,0.0,2,1,3,0,0,0,1,5,1,1,0,0,9,1,1,12,4,11,0,0,0,2,1,0,6,2,5,3,9
2012.0,165.264,0.0,0.0,3,6,3,0,0,0,1,2,1,1,0,1,2,1,1,12,4,11,0,0,0,1,2,0,6,7,5,8,8
2012.0,-299.904,0.0,0.0,3,1,3,0,0,0,1,2,1,1,0,0,1,1,1,13,4,11,0,0,0,2,2,0,0,2,5,3,9
2012.0,0.0,0.0,0.0,3,1,3,0,0,0,0,9,1,1,0,0,5,1,1,15,4,11,0,0,0,2,1,0,4,2,5,9,3
2012.0,0.0,1.0,0.0,3,4,3,0,0,0,0,4,1,1,0,1,5,1,1,15,4,11,0,0,0,2,1,0,4,2,5,3,9
2012.0,0.0,0.0,0.0,3,4,3,0,0,0,0,2,1,1,0,0,9,1,1,16,4,11,0,1,0,0,1,0,4,4,5,3,9
2012.0,-1056.0,1.0,0.0,3,4,3,0,0,0,0,7,1,1,0,0,1,1,1,16,4,11,0,1,0,2,1,0,0,2,5,3,9
2012.0,66.0,1.0,0.0,3,10,3,0,0,0,1,1,1,1,0,1,1,1,1,16,4,11,0,1,0,1,1,0,4,9,5,3,2
2012.0,-360.096,0.0,0.0,3,6,0,0,0,0,1,9,1,1,0,1,1,1,1,2,5,11,1,0,0,1,2,0,6,7,5,3,1
2012.0,-20.064,1.0,0.0,2,1,3,0,0,0,0,7,1,1,2,1,5,1,1,7,5,11,1,1,0,1,2,0,2,2,5,7,9
2012.0,249.744,0.0,0.0,3,1,3,0,0,0,2,1,1,1,0,0,9,1,1,9,5,11,1,1,0,0,2,0,0,2,5,3,9
2012.0,-149.952,0.0,0.0,3,1,3,0,0,0,0,5,1,1,0,1,9,1,1,9,5,11,1,1,0,2,1,0,0,2,5,3,5
2012.0,1320.0,1.0,0.0,3,1,3,0,0,0,0,5,1,1,0,1,9,1,1,10,5,11,1,0,0,2,2,0,0,0,5,3,9
2012.0,61.248,1.0,0.0,2,10,3,0,0,0,1,2,1,1,0,0,2,1,1,11,5,11,1,0,0,1,2,0,6,5,5,3,3
2012.0,111.936,0.0,0.0,3,6,3,0,0,0,2,5,1,1,0,0,5,1,1,14,5,11,1,0,0,0,1,0,4,8,5,8,3
2012.0,0.0,0.0,0.0,3,4,0,0,0,0,0,9,1,1,0,0,1,1,1,20,5,11,1,0,0,1,2,0,4,0,5,3,9
2012.0,0.0,1.0,0.0,3,6,3,0,0,0,0,9,1,1,0,0,9,1,1,11,6,11,1,0,0,1,1,0,2,0,5,9,3
2012.0,145.2,0.0,0.0,3,6,3,0,0,0,0,2,1,1,0,1,2,1,1,11,6,11,1,0,0,2,1,0,4,7,5,8,3
2012.0,0.0,0.0,0.0,3,4,3,0,0,0,0,3,1,1,0,0,9,1,1,8,0,11,0,1,0,1,1,0,4,5,5,3,9
2012.0,20.064,0.0,0.0,3,6,3,0,0,0,0,9,1,1,0,0,9,1,1,8,0,11,0,1,0,1,1,0,4,5,0,3,8
2012.0,0.0,0.0,0.0,3,9,3,0,0,2,0,9,1,1,0,0,2,1,1,12,0,11,0,0,0,2,1,0,4,0,5,9,3
2012.0,134.112,2.0,0.0,2,6,3,0,0,0,1,9,1,1,0,0,9,1,1,12,0,11,0,0,0,0,1,0,6,0,5,8,3
2012.0,-200.112,0.0,0.0,3,10,3,0,0,0,0,9,1,1,0,1,9,1,1,15,0,11,0,0,0,1,0,0,4,9,0,3,3
2012.0,115.104,0.0,0.0,3,6,3,0,0,0,1,5,1,1,0,0,5,1,1,15,0,11,0,0,0,1,1,0,4,7,5,8,3
2012.0,89.76,0.0,0.0,3,6,3,0,0,0,0,5,1,1,0,0,5,1,1,16,0,11,0,1,0,1,2,0,4,7,5,8,3
2012.0,-74.976,0.0,0.0,3,6,3,0,0,0,1,1,1,1,0,1,1,1,1,16,0,11,0,1,0,2,1,0,6,7,5,8,3
2012.0,20.064,0.0,0.0,3,6,3,0,3,0,2,5,1,1,0,0,5,1,1,16,0,11,0,1,0,0,1,0,6,5,5,8,3
2012.0,-479.952,0.0,0.0,3,6,3,0,0,0,1,1,1,1,0,1,1,1,1,16,0,11,0,1,0,2,1,0,4,7,5,8,3
2012.0,0.0,0.0,0.0,3,4,3,0,0,0,1,2,1,1,0,0,5,1,1,17,0,11,0,1,0,2,2,0,4,2,5,3,9
2012.0,0.0,0.0,0.0,3,1,3,0,0,0,0,5,1,1,0,1,9,1,1,17,0,11,0,1,0,1,1,0,2,2,5,9,3
2012.0,60.192,1.0,0.0,2,6,0,0,0,0,1,5,1,1,0,0,5,1,1,18,0,11,0,1,0,1,1,0,4,0,5,8,3
2012.0,441.936,1.0,0.0,1,1,0,0,0,3,1,5,1,1,0,1,1,1,1,18,0,11,0,1,0,1,2,0,4,6,5,3,7
2012.0,-200.112,0.0,0.0,3,9,0,0,0,0,2,7,1,1,0,1,9,1,1,19,0,11,0,1,0,0,2,0,6,5,5,9,9
2012.0,86.064,1.0,0.0,3,6,0,0,0,0,0,5,1,1,0,0,5,1,1,19,0,11,0,1,0,2,1,0,4,0,5,8,3
2012.0,200.112,1.0,0.0,3,6,3,0,0,0,1,9,1,1,0,0,9,1,1,7,1,11,0,1,0,1,1,0,6,7,5,3,3
2012.0,0.0,0.0,0.0,3,4,3,0,0,0,1,1,1,1,0,1,2,1,1,7,1,11,0,1,0,2,1,0,4,4,5,3,9
2012.0,0.0,1.0,0.0,3,1,3,0,0,0,1,1,1,1,0,1,5,1,1,8,1,11,0,1,0,2,1,0,2,2,5,3,3
2012.0,1500.048,1.0,0.0,3,6,3,0,0,0,1,2,1,1,0,1,2,1,1,10,1,11,0,0,0,1,0,0,6,0,5,8,3
2012.0,118.8,0.0,0.0,3,10,3,0,0,0,1,9,1,1,0,0,9,1,1,11,1,11,0,0,0,0,1,0,6,0,5,3,2
2012.0,93.984,0.0,0.0,3,6,3,0,0,0,1,1,1,1,0,1,1,1,1,14,1,11,0,0,0,2,1,0,0,8,5,8,3
2012.0,0.0,0.0,0.0,3,4,3,0,0,0,1,9,1,1,0,0,5,1,1,15,1,11,0,0,0,0,1,0,4,2,5,9,3
2012.0,-185.856,1.0,0.0,2,1,3,0,0,0,1,9,1,1,0,1,2,1,1,16,1,11,0,1,0,1,1,0,6,2,5,3,5
2012.0,411.84,0.0,0.0,3,4,3,0,0,0,1,2,1,1,0,0,5,1,1,16,1,11,0,1,0,0,1,0,6,2,5,3,9
2012.0,-156.816,0.0,0.0,3,10,0,0,0,0,1,2,1,1,0,0,2,1,1,17,1,11,0,1,0,2,1,0,6,9,5,3,2
2012.0,0.0,0.0,0.0,3,10,0,0,0,0,1,3,1,1,0,1,1,1,1,18,1,11,0,1,0,2,1,0,6,0,5,3,6
2012.0,59.136,1.0,0.0,2,6,3,0,0,0,1,9,1,1,0,0,9,1,1,6,2,11,0,0,0,2,2,0,4,0,5,8,3
2012.0,-50.16,0.0,0.0,3,6,3,0,0,0,1,2,1,1,0,1,2,1,1,7,2,11,0,1,0,2,1,0,4,0,5,9,3
2012.0,408.144,0.0,0.0,3,4,3,0,0,0,1,4,1,1,0,1,6,1,1,8,2,11,0,1,0,1,1,0,0,4,4,9,9
2012.0,-66.0,0.0,0.0,3,4,3,0,0,0,1,7,1,1,0,1,7,1,1,10,2,11,0,0,0,1,0,0,4,4,5,9,9
2012.0,0.0,2.0,0.0,2,4,3,0,0,0,0,9,1,1,0,0,1,1,1,10,2,11,0,0,0,1,2,0,2,2,5,3,9
2012.0,259.776,0.0,0.0,3,4,3,0,0,0,1,1,1,1,0,0,5,1,1,13,2,11,0,0,0,2,1,0,6,2,5,3,9
2012.0,115.104,0.0,0.0,3,6,3,0,0,0,1,5,1,1,0,0,5,1,1,14,2,11,0,0,0,1,1,0,6,7,5,8,3
2012.0,-25.872,0.0,0.0,3,4,3,0,0,0,0,7,1,1,2,1,1,1,1,15,2,11,0,0,0,2,1,0,4,4,5,3,9
2012.0,815.76,0.0,0.0,3,4,3,0,0,0,1,1,1,1,0,1,5,1,1,17,2,11,0,1,0,2,1,0,6,2,5,3,9
2012.0,44.88,1.0,0.0,2,6,3,0,0,0,0,5,1,1,0,1,5,1,1,17,2,11,0,1,0,2,1,0,4,7,5,8,3
2012.0,-530.112,0.0,0.0,3,1,0,0,0,0,0,1,1,1,0,1,5,1,1,18,2,11,0,1,0,1,2,0,0,2,5,3,9
2012.0,-249.744,0.0,0.0,3,10,0,0,0,0,1,2,1,1,0,0,2,1,1,18,2,11,0,1,0,2,2,0,6,5,5,3,3
2012.0,350.064,1.0,0.0,3,1,0,0,0,2,1,9,1,1,0,1,2,1,1,19,2,11,0,1,0,2,2,0,6,2,5,3,3
2012.0,-184.8,0.0,0.0,3,4,0,0,0,0,0,1,1,1,0,1,5,1,1,19,2,11,0,1,0,2,2,0,6,2,5,3,9
2012.0,-41.184,0.0,0.0,3,10,0,0,0,0,1,7,1,1,0,1,9,1,1,19,2,11,0,1,0,2,1,0,4,4,5,3,9
2012.0,0.0,0.0,0.0,3,1,0,0,0,0,0,4,1,1,0,0,7,1,1,19,2,11,0,1,0,2,1,0,2,2,5,9,9
2012.0,74.976,0.0,0.0,3,6,0,0,0,0,0,5,1,1,0,1,5,1,1,23,2,11,0,0,0,2,2,0,4,7,5,8,3
2012.0,-92.928,2.0,0.0,2,6,3,0,0,0,0,1,1,1,0,0,1,1,1,10,3,11,0,0,0,1,1,0,4,0,5,8,3
2012.0,-46.992,0.0,0.0,3,1,3,0,0,2,1,8,1,1,0,0,8,1,1,11,3,11,0,0,0,2,1,0,4,5,5,9,5
2012.0,68.112,0.0,0.0,3,6,3,0,0,0,1,9,1,1,0,1,9,1,1,13,3,11,0,0,0,1,0,0,4,7,5,8,3
2012.0,0.0,0.0,0.0,3,4,3,0,0,0,1,9,1,1,0,1,3,1,1,14,3,11,0,0,0,1,1,0,2,2,5,9,3
2012.0,417.12,0.0,0.0,3,6,3,1,0,0,1,9,1,1,0,1,9,1,1,14,3,11,0,0,0,2,2,0,6,7,5,8,3
2012.0,0.0,0.0,0.0,3,1,3,0,0,0,1,9,1,1,0,0,5,1,1,17,3,11,0,1,0,1,0,0,4,2,5,3,3
2012.0,-210.144,0.0,0.0,3,6,3,0,0,0,0,1,1,1,0,0,1,1,1,17,3,11,0,1,0,1,1,0,6,7,5,8,3
2012.0,0.0,0.0,0.0,3,4,0,3,4,0,0,5,1,1,0,0,2,1,1,17,3,11,0,1,1,1,1,0,4,2,5,3,9
2012.0,-400.224,1.0,0.0,3,6,0,0,0,0,1,1,1,1,0,0,1,1,1,18,3,11,0,1,0,2,1,0,4,7,5,3,3
2012.0,-120.912,1.0,0.0,3,6,0,0,0,0,2,2,1,1,0,1,2,1,1,19,3,11,0,1,0,0,1,0,4,7,5,8,3
2012.0,0.0,0.0,0.0,3,1,0,0,0,0,1,5,0,1,0,1,5,1,1,0,4,11,0,0,0,1,2,0,4,4,5,3,9
2012.0,55.968,1.0,0.0,3,6,3,0,0,0,0,5,1,1,0,0,5,1,1,9,4,11,0,1,0,1,1,0,4,7,5,8,3
2012.0,364.848,0.0,0.0,3,6,3,0,0,0,0,5,1,1,0,1,5,1,1,11,4,11,0,0,0,2,2,0,6,7,5,8,3
2012.0,0.0,0.0,0.0,3,6,3,0,0,0,0,5,1,1,0,1,5,1,1,11,4,11,0,0,0,2,2,0,2,8,5,8,3
2012.0,30.096,0.0,0.0,3,6,3,1,3,0,2,5,1,1,0,0,5,1,1,11,4,11,0,0,0,0,1,0,6,7,5,8,3
2012.0,0.0,1.0,0.0,3,1,3,0,0,0,1,2,1,1,0,1,2,1,1,11,4,11,0,0,0,2,1,0,4,2,5,3,9
2012.0,-385.968,0.0,0.0,3,6,3,0,0,0,1,2,1,1,0,0,2,1,1,11,4,11,0,0,0,2,2,0,6,8,5,8,3
2012.0,74.976,0.0,0.0,3,6,3,0,0,0,1,5,1,1,0,1,5,1,1,12,4,11,0,0,0,1,1,0,4,7,5,8,3
2012.0,-91.872,0.0,0.0,3,6,3,0,0,0,1,1,1,1,0,1,1,1,1,12,4,11,0,0,0,1,1,0,4,0,5,8,3
2012.0,200.112,0.0,0.0,3,6,3,0,0,0,0,9,1,1,0,0,9,1,1,13,4,11,0,0,0,2,1,0,4,7,5,8,3
2012.0,318.912,2.0,0.0,3,6,3,0,0,0,1,5,1,1,0,0,5,1,1,14,4,11,0,0,0,2,0,0,4,7,5,8,3
2012.0,0.0,1.0,0.0,3,6,3,1,0,0,1,5,1,1,0,0,5,1,1,15,4,11,0,0,0,2,0,0,4,0,5,9,9
2012.0,307.824,0.0,0.0,3,4,3,0,0,0,0,7,1,1,0,1,9,1,1,15,4,11,0,0,0,2,1,0,0,4,5,3,2
2012.0,-500.016,0.0,0.0,3,6,3,0,0,0,1,1,1,1,0,0,1,1,1,16,4,11,0,1,0,1,0,0,6,0,5,8,3
2012.0,299.904,1.0,0.0,3,6,0,0,0,0,1,2,1,1,0,1,2,1,1,18,4,11,0,1,0,1,2,0,6,7,5,8,3
2012.0,-220.176,0.0,0.0,3,6,0,0,0,0,0,2,1,1,0,0,2,1,1,18,4,11,0,1,0,0,1,0,2,7,5,8,3
2012.0,279.84,1.0,0.0,3,10,3,0,0,0,1,5,1,1,0,1,5,1,1,14,5,11,1,0,0,1,1,0,3,3,5,3,2
2012.0,-51.744,0.0,0.0,3,10,3,0,0,0,2,5,1,1,0,1,5,1,1,15,5,11,1,0,0,0,2,0,6,0,5,3,2
2012.0,-299.904,0.0,0.0,3,6,3,0,0,0,0,2,1,1,0,0,2,1,1,16,5,11,1,1,0,2,2,0,6,5,5,3,3
2012.0,-114.048,0.0,0.0,3,1,3,0,0,0,0,9,1,1,0,0,9,1,1,16,5,11,1,1,0,2,2,0,6,0,5,3,9
2012.0,50.16,0.0,0.0,3,1,0,4,0,0,1,9,1,1,0,1,2,1,1,17,5,11,1,1,0,1,1,0,4,0,5,3,9
2012.0,0.0,0.0,0.0,3,1,0,0,0,0,0,9,1,1,0,1,5,1,1,17,5,11,1,1,0,2,1,0,4,2,5,3,3
2012.0,0.0,0.0,0.0,3,4,0,0,0,0,0,9,1,1,0,1,1,1,1,18,5,11,1,1,0,2,1,0,4,5,5,3,9
2012.0,99.792,1.0,0.0,3,6,0,0,0,0,0,9,1,1,0,1,9,1,1,20,5,11,1,0,0,1,1,0,4,7,5,8,3
2012.0,0.0,1.0,0.0,3,6,3,0,0,0,0,9,1,1,0,1,9,1,1,7,6,11,1,1,0,2,1,0,2,7,5,9,3
2012.0,0.0,3.0,0.0,2,1,3,0,0,0,0,9,1,1,0,0,3,1,1,14,6,11,1,0,0,1,2,0,4,2,5,9,3
2012.0,-373.824,0.0,0.0,3,4,3,0,0,0,1,2,1,1,0,1,5,1,1,15,6,11,1,0,0,0,0,0,6,2,5,3,9
2012.0,-10.032,0.0,0.0,3,6,4,0,0,0,0,1,1,1,0,1,1,1,1,17,6,11,1,1,0,1,2,0,4,7,5,8,3
2012.0,500.016,0.0,0.0,3,6,0,0,0,0,1,5,1,1,0,0,5,1,1,18,6,11,1,1,0,0,2,0,2,7,5,8,3
2012.0,20.064,1.0,0.0,3,6,0,0,0,0,1,1,1,1,0,0,1,1,1,19,6,11,1,1,0,2,2,0,4,0,5,8,3
2012.0,0.0,1.0,0.0,2,1,0,0,0,0,0,1,1,1,0,0,2,1,1,20,6,11,1,0,0,1,2,0,4,2,5,3,3
2012.0,264.0,1.0,0.0,2,1,3,0,0,0,1,2,1,1,2,1,1,1,1,9,0,11,0,1,0,2,1,0,6,0,1,3,9
2012.0,0.0,0.0,0.0,3,4,3,0,0,0,1,1,1,1,0,1,9,1,1,11,0,11,0,0,0,0,1,0,4,2,5,9,3
2012.0,-27.984,0.0,0.0,3,1,3,0,0,0,1,1,1,1,0,0,2,1,1,13,0,11,0,0,0,1,1,0,4,4,5,3,9
2012.0,159.984,0.0,0.0,3,6,3,0,0,0,1,1,1,1,0,1,1,1,1,14,0,11,0,0,0,1,1,0,6,7,5,8,3
2012.0,-599.808,1.0,0.0,3,6,3,0,0,0,0,2,1,1,0,0,2,1,1,15,0,11,0,0,0,2,1,0,4,0,5,3,3
2012.0,0.0,1.0,0.0,3,6,3,0,0,0,1,5,1,1,0,1,5,1,1,16,0,11,0,1,0,1,1,0,4,0,5,8,3
2012.0,-299.904,0.0,0.0,3,1,3,0,0,0,1,9,1,1,0,1,5,1,1,16,0,11,0,1,0,0,1,0,6,5,5,3,9
2012.0,-99.792,1.0,0.0,3,6,4,0,0,0,1,1,1,1,0,0,1,1,1,17,0,11,0,1,0,0,1,0,2,0,5,8,3
2012.0,0.0,0.0,0.0,3,4,0,0,0,0,1,5,1,1,0,1,2,1,1,17,0,11,0,1,0,2,2,0,4,5,5,3,9
2012.0,0.0,3.0,0.0,1,5,4,0,0,0,1,2,1,1,3,0,9,1,1,17,0,11,0,1,0,1,1,0,4,5,6,7,0
2012.0,66.0,0.0,0.0,3,6,0,0,0,0,1,5,1,1,0,1,5,1,1,18,0,11,0,1,0,1,1,0,2,7,5,8,3
2012.0,60.192,1.0,0.0,2,1,4,0,0,0,0,3,1,1,3,1,2,1,1,18,0,11,0,1,0,1,2,0,4,2,5,7,9
2012.0,0.0,0.0,0.0,3,4,0,0,0,0,0,1,1,1,0,1,5,1,1,20,0,11,0,0,0,1,1,0,4,5,5,9,3
2012.0,50.16,0.0,0.0,3,12,0,0,0,0,2,8,1,1,1,1,1,1,1,5,1,11,0,0,0,0,1,0,6,7,5,6,5
2012.0,-40.128,0.0,0.0,3,6,3,0,0,0,0,7,1,1,0,0,7,1,1,7,1,11,0,1,0,1,1,0,4,8,5,8,3
2012.0,0.0,0.0,0.0,3,4,3,0,0,0,0,1,1,1,0,0,2,1,1,8,1,11,0,1,0,1,2,0,4,2,5,3,9
2012.0,70.224,0.0,0.0,3,6,3,0,0,0,1,9,1,1,0,1,9,1,1,12,1,11,0,0,0,2,1,0,6,7,5,8,3