Year,Distance,Totalinjuries,Totalfatalities,Injuryseverity,Collisionmanner,Lightcondition,Weather,SurfaceCondition,Unittype_One,Gender_Drv1,Traveldirection_One,AlcoholUse_Drv1,DrugUse_Drv1,Unittype_Two,Gender_Drv2,Traveldirection_Two,AlcoholUse_Drv2,DrugUse_Drv2,Hour,Weekday,Month,Weekend,Rush_Hour,Hazardous_Road,Age_Group_Drv1,Age_Group_Drv2,Substance_Use,Junction_Category,Violation_Category_Drv1,Violation_Category_Drv2,Unitaction_Category_Two,Unitaction_Category_One
2012.0,0.0,0.0,0.0,3,4,3,0,0,0,1,1,1,1,0,0,9,1,1,14,1,11,0,0,0,2,2,0,4,2,5,3,9
2012.0,70.224,0.0,0.0,3,6,3,0,0,0,1,5,1,1,0,0,5,1,1,15,1,11,0,0,0,2,2,0,4,7,5,8,3
2012.0,0.0,1.0,0.0,2,4,3,0,0,0,1,1,1,1,0,1,9,1,1,15,1,11,0,0,0,2,1,0,4,2,5,3,9
2012.0,0.0,3.0,0.0,3,4,3,0,0,0,1,1,1,1,0,0,9,1,1,16,1,11,0,1,0,1,2,0,4,2,5,3,9
2012.0,155.232,0.0,0.0,3,6,3,0,0,0,1,1,1,1,0,1,1,1,1,16,1,11,0,1,0,1,2,0,6,0,5,8,3
2012.0,208.032,0.0,0.0,3,1,3,0,0,0,0,7,1,1,0,1,9,1,1,16,1,11,0,1,0,1,1,0,6,2,5,3,9
2012.0,-34.848,0.0,0.0,3,6,3,0,0,0,2,2,1,1,0,0,2,1,1,17,1,11,0,1,0,0,1,0,2,0,5,8,3
2012.0,-114.048,1.0,0.0,3,10,3,0,0,0,0,2,1,1,2,1,2,1,1,18,1,11,0,1,0,2,1,0,6,5,5,3,5
2012.0,-629.904,1.0,0.0,3,1,0,0,0,0,1,3,1,1,0,1,9,1,1,18,1,11,0,1,0,1,1,0,6,2,5,3,5
2012.0,375.936,0.0,0.0,3,1,3,0,0,0,0,9,1,1,0,0,2,1,1,7,2,11,0,1,0,2,1,0,0,2,5,3,9
2012.0,74.976,0.0,0.0,3,6,3,0,0,0,0,5,1,1,0,0,5,1,1,9,2,11,0,1,0,2,1,0,4,0,5,8,3
2012.0,-57.024,1.0,0.0,3,10,3,0,0,2,0,2,1,1,0,0,2,1,1,11,2,11,0,0,0,2,2,0,4,5,5,3,9
2012.0,-214.896,0.0,0.0,3,6,3,0,0,0,1,2,1,1,0,1,2,1,1,13,2,11,0,0,0,2,1,0,4,7,5,8,3
2012.0,-89.76,0.0,0.0,3,6,3,0,0,0,1,2,1,1,0,0,2,1,1,13,2,11,0,0,0,1,2,0,6,7,5,8,3
2012.0,217.008,0.0,0.0,3,10,3,0,0,0,1,5,1,1,0,1,5,1,1,14,2,11,0,0,0,0,1,0,6,2,5,3,2
2012.0,220.176,0.0,0.0,3,1,3,0,0,0,0,7,1,1,0,1,9,1,1,15,2,11,0,0,0,1,0,0,6,2,5,3,9
2012.0,51.216,0.0,0.0,3,6,3,0,0,0,1,1,1,1,0,1,1,1,1,15,2,11,0,0,0,1,1,0,6,7,5,8,3
2012.0,0.0,0.0,0.0,3,4,3,0,0,0,0,7,1,1,0,0,1,1,1,16,2,11,0,1,0,1,2,0,4,2,5,3,9
2012.0,0.0,4.0,0.0,2,4,4,0,0,0,1,9,1,1,0,1,1,1,1,16,2,11,0,1,0,2,2,0,4,5,5,3,9
2012.0,0.0,1.0,0.0,2,10,4,0,0,2,1,2,1,1,0,1,1,1,1,17,2,11,0,1,0,1,1,0,4,2,5,3,2
2012.0,-60.192,0.0,0.0,3,6,0,0,0,0,0,2,1,1,0,0,2,1,1,17,2,11,0,1,0,1,1,0,4,7,5,8,2
2012.0,-326.832,1.0,0.0,2,1,0,0,0,0,1,1,1,1,2,1,1,1,1,17,2,11,0,1,0,1,1,0,6,2,5,3,9
2012.0,430.848,1.0,0.0,3,1,1,0,0,2,0,1,1,1,0,1,7,1,1,18,2,11,0,1,0,2,1,0,6,5,5,9,3
2012.0,187.968,1.0,0.0,3,6,0,0,0,0,0,5,1,1,0,0,5,1,1,18,2,11,0,1,0,2,2,0,1,7,5,8,3
2012.0,210.144,1.0,0.0,3,4,0,0,0,0,0,2,1,1,0,1,5,1,1,18,2,11,0,1,0,1,1,0,6,2,5,3,9
2012.0,0.0,0.0,0.0,3,4,0,0,0,0,0,2,1,1,0,1,9,1,1,20,2,11,0,0,0,2,0,0,4,2,5,3,9
2012.0,109.824,1.0,0.0,2,6,0,0,0,0,1,9,0,1,0,1,9,1,1,21,2,11,0,0,0,1,1,0,6,0,5,8,3
2012.0,0.0,0.0,0.0,3,4,3,0,0,0,0,5,1,1,0,0,1,1,1,6,3,11,0,0,0,1,2,0,4,4,5,3,9
2012.0,-120.912,0.0,0.0,3,6,3,0,0,0,1,2,1,1,0,1,2,1,1,8,3,11,0,1,0,2,1,0,2,0,5,8,8
2012.0,-26.928,0.0,0.0,3,6,3,1,0,0,1,6,1,1,0,1,6,1,1,13,3,11,0,0,0,1,1,0,4,0,5,8,3
2012.0,114.048,2.0,0.0,3,1,3,0,0,0,1,1,1,1,0,1,9,1,1,14,3,11,0,0,0,0,1,0,6,5,5,8,3
2012.0,38.016,0.0,0.0,3,4,3,0,0,0,0,6,1,1,0,1,6,1,1,15,3,11,0,0,0,0,1,0,4,4,5,9,9
2012.0,255.024,0.0,0.0,3,6,4,0,0,0,0,2,1,1,0,1,2,1,1,16,3,11,0,1,0,2,1,0,6,7,5,3,8
2012.0,0.0,0.0,0.0,3,1,0,0,0,0,1,3,1,1,0,1,9,1,1,16,3,11,0,1,0,0,2,0,1,2,5,3,9
2012.0,1137.84,1.0,0.0,2,6,3,0,0,0,1,1,1,1,0,1,1,1,1,16,3,11,0,1,0,1,1,0,6,7,5,8,3
2012.0,0.0,0.0,0.0,3,1,4,0,0,0,1,1,1,1,0,1,5,1,1,17,3,11,0,1,0,2,2,0,4,5,5,3,9
2012.0,-334.752,0.0,0.0,3,3,3,0,0,0,1,5,1,1,0,1,2,1,1,17,3,11,0,1,0,1,1,0,0,2,7,3,3
2012.0,0.0,1.0,0.0,3,4,4,0,0,0,1,3,1,1,0,1,5,1,1,17,3,11,0,1,0,2,2,0,4,4,5,3,9
2012.0,0.0,0.0,0.0,3,4,0,0,0,0,0,1,1,1,0,0,5,1,1,17,3,11,0,1,0,2,2,0,4,2,5,3,9
2012.0,85.008,0.0,0.0,3,6,4,0,0,0,1,5,1,1,0,0,5,1,1,17,3,11,0,1,0,2,1,0,4,7,5,8,3
2012.0,-180.048,0.0,0.0,3,6,0,0,0,0,0,5,1,1,0,1,5,1,1,18,3,11,0,1,0,1,0,0,6,7,5,8,3
2012.0,-99.792,2.0,0.0,3,1,0,0,0,0,1,1,1,1,3,0,2,1,1,18,3,11,0,1,0,0,1,0,6,2,5,3,9
2012.0,44.88,1.0,0.0,3,1,4,0,0,0,2,9,1,1,3,1,2,1,1,18,3,11,0,1,0,0,1,0,4,2,5,7,3
2012.0,200.112,3.0,0.0,3,6,0,0,0,0,1,1,1,1,0,0,1,1,1,18,3,11,0,1,0,1,2,0,4,7,5,8,3
2012.0,-249.744,0.0,0.0,3,4,0,0,0,0,1,5,1,1,0,1,2,1,1,21,3,11,0,0,0,2,1,0,6,2,5,9,9
2012.0,-70.224,0.0,0.0,3,1,0,0,0,0,0,1,1,1,0,0,5,1,1,21,3,11,0,0,0,2,1,0,4,4,5,3,9
2012.0,80.256,0.0,0.0,3,6,0,0,0,0,1,5,1,1,0,1,5,1,1,21,3,11,0,0,0,1,2,0,4,7,5,8,3
2012.0,-121.968,0.0,0.0,3,10,2,0,0,0,1,9,1,1,0,1,9,1,1,6,4,11,0,0,0,1,1,0,4,9,5,6,3
2012.0,49.104,0.0,0.0,3,6,3,0,0,0,0,5,1,1,0,1,5,1,1,7,4,11,0,1,0,1,2,0,4,8,5,9,9
2012.0,0.0,0.0,0.0,3,1,3,0,0,0,0,2,1,1,0,1,1,1,1,7,4,11,0,1,0,1,2,0,4,2,5,3,3
2012.0,0.0,0.0,0.0,3,6,3,0,0,0,0,2,1,1,0,0,2,1,1,8,4,11,0,1,0,1,0,0,4,7,5,8,3
2012.0,0.0,1.0,0.0,1,1,3,0,0,2,0,1,1,1,0,0,5,1,1,13,4,11,0,0,0,1,1,0,4,2,5,3,3
2012.0,-225.984,0.0,0.0,3,6,3,0,0,0,1,5,1,1,0,0,5,1,1,13,4,11,0,0,0,1,1,0,6,7,5,8,3
2012.0,585.024,0.0,0.0,3,10,3,0,0,0,1,5,1,1,0,1,5,1,1,14,4,11,0,0,0,2,1,0,3,9,5,8,2
2012.0,-40.128,0.0,0.0,3,6,3,0,0,0,2,2,1,1,0,0,2,1,1,14,4,11,0,0,0,0,0,0,4,7,5,8,3
2012.0,126.192,0.0,0.0,3,1,3,0,0,0,0,1,1,1,0,0,5,1,1,14,4,11,0,0,0,2,2,0,4,2,5,3,9
2012.0,0.0,0.0,0.0,3,1,3,0,0,0,1,3,1,1,0,1,1,1,1,15,4,11,0,0,0,2,2,0,4,2,5,3,9
2012.0,86.064,0.0,0.0,3,6,3,0,0,0,0,5,1,1,0,1,5,1,1,15,4,11,0,0,0,2,1,0,4,8,5,8,3
2012.0,-60.192,0.0,0.0,3,6,3,0,0,0,1,2,1,1,0,0,2,1,1,15,4,11,0,0,0,1,1,0,4,7,5,8,3
2012.0,-63.888,0.0,0.0,3,6,3,0,0,0,2,2,1,1,0,1,2,1,1,15,4,11,0,0,0,0,1,0,4,8,5,8,3
2012.0,-139.92,0.0,0.0,3,6,3,0,0,0,0,2,1,1,0,1,2,1,1,16,4,11,0,1,0,1,1,0,2,0,5,8,3
2012.0,51.744,0.0,0.0,3,10,3,0,0,0,0,7,1,1,0,0,5,1,1,16,4,11,0,1,0,2,1,0,2,9,5,3,2
2012.0,0.0,0.0,0.0,3,10,3,0,0,0,1,9,1,0,0,1,9,1,1,16,4,11,0,1,0,1,1,0,4,0,5,9,9
2012.0,0.0,0.0,0.0,3,4,4,0,0,0,1,7,1,1,0,0,1,1,1,17,4,11,0,1,0,2,2,0,4,2,5,3,9
2012.0,-259.776,1.0,0.0,3,6,4,0,0,0,0,5,1,1,0,0,5,1,1,17,4,11,0,1,0,2,1,0,6,7,5,8,3
2012.0,50.16,0.0,0.0,3,6,0,0,0,0,1,9,1,1,0,0,9,1,1,17,4,11,0,1,0,2,1,0,2,8,5,3,3
2012.0,950.4,0.0,0.0,3,6,0,0,0,0,1,1,1,1,0,1,1,1,1,22,4,11,0,0,0,1,1,0,6,0,5,8,3
2012.0,124.08,0.0,0.0,3,10,3,0,0,0,0,5,1,1,0,1,5,1,1,8,5,11,1,1,0,1,0,0,2,9,5,3,2
2012.0,0.0,4.0,0.0,3,1,3,0,0,0,1,1,1,1,0,0,2,1,1,9,5,11,1,1,0,0,0,0,4,2,5,3,3
2012.0,-66.0,0.0,0.0,3,6,3,0,0,0,0,1,1,1,0,1,1,1,1,16,5,11,1,1,0,1,2,0,6,7,5,8,8
2012.0,183.744,2.0,0.0,3,6,3,0,0,0,1,9,1,1,0,0,9,1,1,16,5,11,1,1,0,0,1,0,4,7,5,8,8
2012.0,119.856,0.0,0.0,3,6,0,0,0,0,1,5,1,1,0,1,5,1,1,18,5,11,1,1,0,1,1,0,2,7,5,8,3
2012.0,1200.144,0.0,0.0,3,6,0,0,0,0,1,5,1,1,0,1,5,1,1,18,5,11,1,1,0,2,0,0,2,7,5,8,3
2012.0,0.0,0.0,0.0,3,4,0,0,0,0,0,1,1,1,0,1,7,1,1,18,5,11,1,1,0,0,2,0,2,5,5,9,3
2012.0,50.16,1.0,0.0,2,12,0,0,0,0,1,7,1,1,3,1,1,1,1,19,5,11,1,1,0,1,2,0,2,5,5,3,9
2012.0,0.0,1.0,0.0,3,4,0,0,0,0,0,1,1,1,0,1,9,1,1,19,5,11,1,1,0,1,2,0,4,2,5,3,9
2012.0,-149.952,1.0,0.0,3,3,0,0,0,3,0,2,1,1,0,1,1,1,1,1,6,11,1,0,0,1,0,0,6,5,5,3,7
2012.0,720.192,1.0,0.0,2,1,3,0,0,0,0,5,1,1,2,1,9,1,1,11,6,11,1,0,0,1,1,0,6,2,5,3,9
2012.0,143.088,0.0,0.0,3,1,4,0,0,0,1,1,1,1,0,0,3,1,1,17,6,11,1,1,0,1,2,0,0,7,5,9,3
2012.0,-500.016,1.0,0.0,2,6,0,0,0,0,0,5,1,1,0,1,5,1,1,17,6,11,1,1,0,2,0,0,6,7,5,8,2
2012.0,71.808,0.0,0.0,3,6,0,0,0,0,1,1,1,1,0,0,1,1,1,18,6,11,1,1,0,2,0,0,6,7,5,8,3
2012.0,0.0,4.0,0.0,2,1,0,0,0,0,1,1,1,1,0,1,5,1,1,22,6,11,1,0,0,1,2,0,2,5,5,3,3
2012.0,30.096,1.0,0.0,3,12,0,4,3,0,2,8,1,1,0,0,8,1,1,8,0,11,0,1,0,0,2,0,6,5,5,5,5
2012.0,20.064,0.0,0.0,3,10,3,0,0,0,0,5,1,1,0,1,5,1,1,9,0,11,0,1,0,1,1,0,4,0,5,9,3
2012.0,-193.248,1.0,0.0,2,10,3,0,0,0,1,1,1,1,2,1,1,1,1,10,0,11,0,0,0,1,2,0,6,2,5,3,6
2012.0,0.0,1.0,0.0,3,4,3,0,0,2,0,2,1,1,0,1,5,1,1,11,0,11,0,0,0,0,0,0,4,2,5,3,9
2012.0,-119.856,0.0,0.0,3,10,3,0,0,0,1,1,1,1,0,1,1,1,1,13,0,11,0,0,0,1,2,0,6,2,5,8,5
2012.0,-35.904,1.0,0.0,2,1,3,0,0,2,1,9,1,1,0,0,5,1,1,16,0,11,0,1,0,2,2,0,6,2,5,9,7
2012.0,-99.792,0.0,0.0,3,6,4,0,0,0,1,9,1,1,0,0,9,1,1,17,0,11,0,1,0,2,1,0,2,8,5,3,3
2012.0,0.0,2.0,0.0,2,1,0,0,0,0,1,2,1,1,0,0,9,1,1,19,0,11,0,1,0,2,1,0,4,2,5,3,9
2012.0,80.784,0.0,0.0,3,10,3,0,0,0,1,2,1,1,0,0,2,1,1,9,1,11,0,1,0,0,2,0,6,9,5,3,2
2012.0,200.112,0.0,0.0,3,6,3,0,0,0,0,9,1,1,0,0,9,1,1,9,1,11,0,1,0,1,1,0,6,7,5,8,3
2012.0,200.112,1.0,0.0,3,4,3,0,0,0,2,5,1,1,2,1,2,1,1,9,1,11,0,1,0,0,2,0,0,5,5,3,9
2012.0,-34.848,0.0,0.0,3,6,3,0,0,0,1,1,1,1,0,1,1,1,1,12,1,11,0,0,0,2,1,0,6,0,5,8,3
2012.0,0.0,3.0,0.0,2,4,3,0,0,0,1,1,1,1,0,1,9,1,1,12,1,11,0,0,0,1,1,0,2,2,5,3,9
2012.0,-390.192,0.0,0.0,3,4,3,0,0,0,0,4,1,1,0,1,9,1,1,13,1,11,0,0,0,0,1,0,0,2,5,3,9
2012.0,-39.072,1.0,0.0,2,4,3,0,0,0,1,9,1,1,3,1,1,1,1,14,1,11,0,0,0,2,2,0,4,2,5,7,9
2012.0,-33.792,0.0,0.0,3,6,3,0,0,0,1,2,1,1,0,0,2,1,1,14,1,11,0,0,0,2,2,0,4,5,5,8,3
2012.0,345.84,0.0,0.0,3,10,3,0,0,0,1,2,1,1,0,1,2,1,1,15,1,11,0,0,0,2,2,0,6,4,5,9,3
2012.0,-32.208,0.0,0.0,3,6,3,0,0,0,0,5,1,1,0,1,5,1,1,15,1,11,0,0,0,1,1,0,6,0,5,8,3
2012.0,0.0,1.0,0.0,3,4,3,0,0,0,0,6,1,1,0,1,9,1,1,16,1,11,0,1,0,2,1,0,4,0,5,3,9
2012.0,54.912,0.0,0.0,3,6,3,0,0,0,0,5,1,1,0,0,5,1,1,16,1,11,0,1,0,1,0,0,6,7,5,8,3
2012.0,-599.808,0.0,0.0,3,1,3,0,0,0,1,1,1,1,0,0,9,1,1,16,1,11,0,1,0,1,1,0,6,0,0,9,9
2012.0,53.856,2.0,0.0,2,6,3,0,0,0,1,2,1,1,0,0,2,1,1,16,1,11,0,1,0,2,1,0,6,0,5,8,3
2012.0,-132.0,0.0,0.0,3,6,4,0,0,0,0,1,1,1,0,1,1,1,1,17,1,11,0,1,0,1,1,0,4,0,5,8,3
2012.0,-299.904,0.0,0.0,3,10,4,0,3,0,1,2,1,1,0,1,2,1,1,17,1,11,0,1,0,2,1,0,2,9,5,3,3
2012.0,-20.064,0.0,0.0,3,6,0,0,0,0,1,1,1,1,0,0,1,1,1,20,1,11,0,0,0,2,1,0,4,0,5,8,3
2012.0,0.0,1.0,0.0,2,1,0,0,0,0,1,9,1,1,2,1,2,1,1,1,2,11,0,0,0,2,1,0,4,5,1,3,3
2012.0,111.936,0.0,0.0,3,6,3,0,0,0,0,9,1,1,0,1,9,1,1,9,2,11,0,1,0,2,1,0,4,0,5,8,8
2012.0,50.16,0.0,0.0,3,5,3,0,0,0,1,2,1,1,0,0,5,1,1,11,2,11,0,0,0,1,1,0,4,5,5,8,1
2012.0,-279.84,1.0,0.0,2,1,3,0,0,2,1,3,1,1,0,1,1,1,1,12,2,11,0,0,0,1,0,0,6,9,5,3,7
2012.0,-90.816,0.0,0.0,3,6,3,0,0,0,0,1,1,1,0,1,1,1,1,12,2,11,0,0,0,1,1,0,4,7,5,8,3
2012.0,-1000.032,1.0,0.0,3,6,3,0,0,0,1,2,1,1,0,1,2,1,1,13,2,11,0,0,0,1,1,0,4,7,5,8,3
2012.0,0.0,0.0,0.0,3,1,3,0,0,0,0,9,1,1,0,1,2,1,1,14,2,11,0,0,0,1,2,0,4,2,5,3,9
2012.0,-200.112,0.0,0.0,3,6,3,0,0,0,0,2,1,1,0,0,2,1,1,14,2,11,0,0,0,2,1,0,6,7,5,8,3
2012.0,-49.104,0.0,0.0,3,10,3,0,0,0,1,1,1,1,0,1,1,1,1,15,2,11,0,0,0,2,2,0,4,9,5,3,2
2012.0,1094.016,0.0,0.0,3,10,3,0,0,0,1,5,1,1,0,0,5,1,1,15,2,11,0,0,0,1,1,0,4,5,5,8,3
2012.0,155.232,0.0,0.0,3,6,3,0,0,0,0,1,1,1,0,1,1,1,1,16,2,11,0,1,0,2,1,0,6,0,5,8,3
2012.0,125.136,0.0,0.0,3,6,0,0,0,0,1,9,1,1,0,1,9,1,1,18,2,11,0,1,0,1,2,0,6,7,5,8,3
2012.0,0.0,2.0,0.0,3,4,3,0,0,0,0,1,1,1,0,1,9,1,1,11,3,11,0,0,0,2,2,0,6,4,5,3,3
2012.0,-534.864,2.0,0.0,3,1,4,0,0,0,1,5,1,1,0,1,5,1,1,16,3,11,0,1,0,1,2,0,4,9,9,2,2
2012.0,529.056,0.0,0.0,3,7,3,0,0,0,2,1,1,1,0,1,9,1,1,17,3,11,0,1,0,0,1,0,6,5,5,8,1
2012.0,0.0,0.0,0.0,3,10,0,0,0,0,0,5,1,1,0,1,5,1,1,18,3,11,0,1,0,1,1,0,4,9,5,3,2
2012.0,44.88,0.0,0.0,3,6,3,0,0,0,1,5,1,1,0,1,5,1,1,14,4,11,0,0,0,1,1,0,2,7,5,8,8
2012.0,159.984,0.0,0.0,3,6,3,0,0,0,1,9,1,1,0,1,9,1,1,16,4,11,0,1,0,1,0,0,4,7,5,8,3
2012.0,323.136,0.0,0.0,3,6,3,0,0,0,1,1,1,1,0,0,1,1,1,16,4,11,0,1,0,1,2,0,4,7,5,8,3
2012.0,500.016,0.0,0.0,3,6,0,0,0,0,1,5,1,1,0,0,5,1,1,18,4,11,0,1,0,2,1,0,6,0,5,8,3
2012.0,89.76,0.0,0.0,3,8,0,0,0,0,1,2,1,1,0,1,5,1,1,20,4,11,0,0,0,2,1,0,4,0,5,9,1
2012.0,0.0,0.0,0.0,3,4,3,0,0,0,0,5,1,1,0,0,1,1,1,9,5,11,1,1,0,2,1,0,4,2,5,3,9
2012.0,0.0,0.0,0.0,3,1,3,0,0,0,0,9,1,1,0,0,2,1,1,12,5,11,1,0,0,1,1,0,4,0,5,3,3
2012.0,64.944,0.0,0.0,3,6,3,0,0,0,0,1,1,1,0,0,1,1,1,15,5,11,1,0,0,2,1,0,2,5,5,8,1
2012.0,-159.984,0.0,0.0,3,6,0,0,0,0,1,2,0,1,0,1,2,1,1,18,5,11,1,1,0,0,1,0,4,7,5,8,3
2012.0,157.872,0.0,0.0,3,1,0,0,0,0,2,9,1,1,0,1,2,1,1,19,5,11,1,1,0,0,1,0,6,5,5,3,3
2012.0,439.824,0.0,0.0,3,6,0,0,0,0,0,2,1,1,0,1,2,1,1,22,5,11,1,0,0,2,2,0,6,7,5,8,3
2012.0,-70.224,0.0,0.0,3,6,0,0,0,0,1,9,1,1,0,1,1,1,1,21,6,11,1,0,0,1,2,0,4,5,5,8,1
2012.0,102.96,1.0,0.0,3,6,3,0,0,0,1,1,1,1,0,1,1,1,1,10,0,11,0,0,0,1,0,0,6,7,5,8,3
2012.0,-174.768,2.0,0.0,3,10,3,0,0,0,0,9,1,1,0,1,9,1,1,10,0,11,0,0,0,1,1,0,6,4,5,3,9
2012.0,482.064,2.0,0.0,3,1,3,0,0,0,1,6,1,1,0,0,9,1,1,12,0,11,0,0,0,1,1,0,6,5,5,3,5
2012.0,-44.88,1.0,0.0,3,6,3,0,0,0,1,2,1,1,0,0,2,1,1,15,0,11,0,0,0,1,2,0,6,7,5,8,3
2012.0,-80.784,1.0,0.0,3,6,3,0,0,0,1,2,1,1,0,1,2,1,1,15,0,11,0,0,0,2,1,0,6,7,5,8,3
2012.0,95.04,1.0,0.0,3,6,3,0,0,0,1,9,1,1,0,0,9,1,1,16,0,11,0,1,0,1,1,0,2,7,5,8,8
2012.0,0.0,1.0,0.0,3,1,3,0,0,0,1,7,1,1,0,1,1,1,1,16,0,11,0,1,0,2,1,0,4,5,5,3,9
2012.0,39.072,0.0,0.0,3,10,3,0,0,0,0,1,1,1,0,0,1,1,1,16,0,11,0,1,0,2,2,0,4,9,5,3,2
2012.0,0.0,1.0,0.0,3,1,3,0,0,0,0,2,1,1,0,0,5,1,1,16,0,11,0,1,0,2,1,0,4,2,5,9,3
2012.0,0.0,1.0,0.0,3,1,0,0,0,0,1,5,1,1,0,0,1,1,1,17,0,11,0,1,0,2,1,0,4,2,5,3,3
2012.0,-574.992,0.0,0.0,3,10,0,0,0,0,0,1,1,1,0,1,1,1,1,18,0,11,0,1,0,2,1,0,6,4,5,3,2
2012.0,74.976,0.0,0.0,3,6,0,0,0,0,1,5,1,1,0,0,5,1,1,18,0,11,0,1,0,1,1,0,4,0,5,8,3
2012.0,574.992,1.0,0.0,2,10,3,0,0,0,0,2,1,1,2,0,9,1,1,8,1,11,0,1,0,1,2,0,0,0,5,3,9
2012.0,115.104,1.0,0.0,3,6,3,0,0,0,1,9,1,1,0,0,9,1,1,10,1,11,0,0,0,1,0,0,6,7,5,8,3
2012.0,-4.752,1.0,0.0,1,5,3,0,0,0,0,9,1,1,2,1,9,1,1,10,1,11,0,0,0,0,2,0,1,2,5,7,9
2012.0,0.0,0.0,0.0,3,5,3,0,0,0,1,2,1,1,0,1,9,1,1,12,1,11,0,0,0,2,2,0,4,5,5,3,1
2012.0,288.816,0.0,0.0,3,10,3,1,0,0,0,1,1,1,0,1,1,1,1,14,1,11,0,0,0,1,1,0,6,9,5,3,2
2012.0,-33.792,1.0,0.0,3,1,3,0,0,2,0,2,1,1,0,0,6,1,1,15,1,11,0,0,0,2,1,0,6,5,5,9,3
2012.0,892.848,0.0,0.0,3,6,3,0,0,0,1,1,1,1,0,0,1,1,1,17,1,11,0,1,0,1,1,0,6,7,5,8,3
2012.0,-24.816,0.0,0.0,3,6,4,0,0,0,0,5,1,1,0,1,5,1,1,17,1,11,0,1,0,1,2,0,6,7,5,8,3
2012.0,0.0,0.0,0.0,3,1,0,0,0,0,1,5,1,1,0,0,9,1,1,18,1,11,0,1,0,0,1,0,2,2,5,3,9
2012.0,10.032,0.0,0.0,3,6,0,0,0,0,0,2,1,1,0,1,2,1,1,19,1,11,0,1,0,1,1,0,6,0,5,3,9
2012.0,-32.208,2.0,0.0,2,1,0,0,0,0,0,1,1,1,0,0,5,1,1,23,1,11,0,0,0,1,2,0,4,2,5,3,9
2012.0,-500.016,0.0,0.0,3,6,3,0,0,0,1,2,1,1,0,1,2,1,1,6,2,11,0,0,0,1,1,0,6,7,5,3,2
2012.0,-70.224,0.0,0.0,3,6,3,0,0,0,0,2,1,1,0,0,2,1,1,13,2,11,0,0,0,2,1,0,4,7,5,8,3
2012.0,139.92,0.0,0.0,3,10,3,0,0,0,0,2,1,1,0,0,2,1,1,14,2,11,0,0,0,1,1,0,6,2,9,2,3
2012.0,0.0,2.0,0.0,2,1,3,0,0,0,1,1,1,1,0,0,2,1,1,15,2,11,0,0,0,2,1,0,4,2,5,9,3
2012.0,-200.112,0.0,0.0,3,6,4,0,0,0,0,1,1,1,0,0,1,1,1,17,2,11,0,1,0,1,1,0,6,0,5,8,3
2012.0,-484.176,0.0,0.0,3,10,4,0,0,0,0,2,1,1,0,0,2,1,1,17,2,11,0,1,0,1,0,0,6,9,5,3,2
2012.0,228.096,0.0,0.0,3,10,4,1,0,0,0,5,1,1,0,1,5,1,1,17,2,11,0,1,0,2,1,0,6,9,5,3,2
2012.0,513.216,0.0,0.0,3,10,4,0,0,0,0,5,1,1,0,0,5,1,1,17,2,11,0,1,0,1,1,0,6,9,5,8,2
2012.0,-99.792,0.0,0.0,3,1,0,0,0,0,2,1,1,1,2,1,2,1,1,18,2,11,0,1,0,0,2,0,6,5,5,3,3
2012.0,-413.952,0.0,0.0,3,1,0,0,0,0,1,1,1,1,0,1,2,1,1,18,2,11,0,1,0,1,1,0,0,5,5,9,9
2012.0,-85.008,0.0,0.0,3,6,0,0,0,0,1,1,1,1,0,1,1,1,1,19,2,11,0,1,0,2,1,0,6,0,5,8,3
2012.0,-71.808,1.0,0.0,3,6,0,0,0,0,1,2,0,1,0,0,2,1,1,22,2,11,0,0,0,1,2,0,4,7,5,8,3
2012.0,-200.112,0.0,0.0,3,6,0,0,0,0,1,2,1,1,0,1,8,1,1,1,3,11,0,0,0,1,1,0,6,7,5,6,3
2012.0,0.0,4.0,0.0,3,4,3,0,0,0,1,9,1,1,0,1,3,1,1,7,3,11,0,1,0,0,1,0,4,2,5,9,3
2012.0,0.0,0.0,0.0,3,4,3,0,0,0,1,9,1,1,0,1,5,1,1,8,3,11,0,1,0,1,1,0,4,2,5,3,9
2012.0,40.128,0.0,0.0,3,1,3,0,0,2,1,1,1,1,0,1,5,1,1,9,3,11,0,1,0,1,1,0,4,9,5,9,3
2012.0,-151.008,0.0,0.0,3,6,3,0,0,0,1,2,1,1,0,1,2,1,1,10,3,11,0,0,0,1,1,0,4,7,5,8,3
2012.0,74.976,0.0,0.0,3,10,3,0,0,0,0,9,1,1,0,1,9,1,1,11,3,11,0,0,0,0,1,0,6,9,5,3,2
2012.0,-99.792,0.0,0.0,3,6,3,0,0,0,1,9,1,1,0,0,9,1,1,12,3,11,0,0,0,2,1,0,4,8,5,8,3