Year,Distance,Totalinjuries,Totalfatalities,Injuryseverity,Collisionmanner,Lightcondition,Weather,SurfaceCondition,Unittype_One,Gender_Drv1,Traveldirection_One,AlcoholUse_Drv1,DrugUse_Drv1,Unittype_Two,Gender_Drv2,Traveldirection_Two,AlcoholUse_Drv2,DrugUse_Drv2,Hour,Weekday,Month,Weekend,Rush_Hour,Hazardous_Road,Age_Group_Drv1,Age_Group_Drv2,Substance_Use,Junction_Category,Violation_Category_Drv1,Violation_Category_Drv2,Unitaction_Category_Two,Unitaction_Category_One
2012.0,247.104,0.0,0.0,3,6,3,0,0,0,1,5,1,1,0,1,5,1,1,13,3,11,0,0,0,1,1,0,6,7,5,8,3
2012.0,51.744,0.0,0.0,3,6,3,0,0,0,1,2,1,1,0,0,5,1,1,14,3,11,0,0,0,2,1,0,4,5,5,8,1
2012.0,-220.176,0.0,0.0,3,1,3,0,0,0,0,5,1,1,0,1,1,1,1,14,3,11,0,0,0,1,1,0,0,2,5,3,5
2012.0,0.0,0.0,0.0,3,1,3,0,0,0,0,9,1,1,0,1,2,1,1,14,3,11,0,0,0,2,0,0,0,2,5,3,9
2012.0,-101.904,0.0,0.0,3,6,3,0,0,0,1,5,1,1,1,1,5,1,1,16,3,11,0,1,0,0,1,0,6,7,5,6,3
2012.0,63.888,0.0,0.0,3,6,3,0,0,0,0,5,1,1,0,0,5,1,1,17,3,11,0,1,0,1,1,0,4,7,5,8,2
2012.0,279.84,1.0,0.0,3,6,4,0,0,0,1,9,1,1,0,0,9,1,1,17,3,11,0,1,0,2,0,0,4,0,5,8,3
2012.0,-74.976,0.0,0.0,3,6,0,0,0,0,0,5,1,1,0,1,5,1,1,18,3,11,0,1,0,1,1,0,6,0,5,8,3
2012.0,240.24,2.0,0.0,2,6,0,0,0,0,1,5,1,1,0,0,5,1,1,18,3,11,0,1,0,1,1,0,6,0,5,8,3
2012.0,74.976,0.0,0.0,3,6,0,0,0,0,0,9,1,1,0,1,9,0,1,18,3,11,0,1,0,2,1,0,6,7,5,8,3
2012.0,50.16,0.0,0.0,3,6,0,0,0,0,1,4,1,1,1,1,2,1,1,23,3,11,0,0,0,0,1,0,6,7,5,6,9
2012.0,0.0,1.0,0.0,3,1,0,0,0,0,1,5,1,1,2,0,9,1,1,0,4,11,0,0,0,1,1,0,2,2,5,3,9
2012.0,24.816,1.0,0.0,3,6,0,0,0,0,1,2,0,1,0,1,2,1,1,3,4,11,0,0,0,2,2,0,4,0,5,8,3
2012.0,86.064,0.0,0.0,3,6,3,0,0,0,1,1,1,1,0,0,9,1,1,7,4,11,0,1,0,1,1,0,4,5,5,8,1
2012.0,-288.816,0.0,0.0,3,10,3,0,0,0,0,1,1,1,0,1,1,1,1,7,4,11,0,1,0,1,1,0,6,0,0,2,3
2012.0,304.128,0.0,0.0,3,4,3,0,0,0,0,2,1,1,0,1,9,1,1,8,4,11,0,1,0,1,2,0,0,4,5,3,9
2012.0,-62.832,0.0,0.0,3,6,3,0,0,0,0,2,1,1,0,1,2,1,1,8,4,11,0,1,0,2,1,0,4,7,5,8,3
2012.0,-34.848,0.0,0.0,3,6,3,0,0,0,0,1,1,1,0,1,1,1,1,8,4,11,0,1,0,2,1,0,4,8,5,8,3
2012.0,181.104,0.0,0.0,3,10,3,0,0,0,2,9,1,1,0,0,9,1,1,11,4,11,0,0,0,0,0,0,6,7,5,3,5
2012.0,135.168,0.0,0.0,3,6,3,0,0,0,1,5,1,1,0,1,5,1,1,11,4,11,0,0,0,1,1,0,4,0,5,8,3
2012.0,60.192,1.0,0.0,3,6,3,1,0,0,0,9,1,1,0,0,9,1,1,11,4,11,0,0,0,0,1,0,4,7,5,8,3
2012.0,-44.88,0.0,0.0,3,10,3,0,0,0,1,5,1,1,0,1,5,1,1,13,4,11,0,0,0,0,0,0,2,9,5,9,9
2012.0,-102.96,0.0,0.0,3,6,3,0,0,0,0,5,1,1,0,1,5,1,1,14,4,11,0,0,0,2,2,0,4,7,5,8,3
2012.0,-161.04,0.0,0.0,3,6,3,0,0,0,1,9,1,1,0,0,9,1,1,14,4,11,0,0,0,0,1,0,6,7,5,8,3
2012.0,-20.064,1.0,0.0,3,6,3,0,0,0,1,2,1,1,0,1,2,1,1,14,4,11,0,0,0,2,0,0,4,8,5,3,3
2012.0,162.096,0.0,0.0,3,6,3,0,0,0,1,1,1,1,0,1,1,1,1,15,4,11,0,0,0,2,2,0,4,7,5,8,3
2012.0,-134.112,0.0,0.0,3,6,3,0,0,0,0,2,1,1,0,0,2,1,1,15,4,11,0,0,0,2,1,0,4,8,5,8,3
2012.0,330.0,0.0,0.0,3,1,3,0,0,0,0,2,1,1,0,0,1,1,1,15,4,11,0,0,0,2,1,0,0,2,5,3,5
2012.0,-799.92,0.0,0.0,3,1,3,0,0,0,1,2,1,1,0,1,1,1,1,17,4,11,0,1,0,1,1,0,6,2,5,8,9
2012.0,0.0,0.0,0.0,3,6,0,0,0,0,1,2,1,1,0,1,2,1,1,18,4,11,0,1,0,1,1,0,6,0,5,8,3
2012.0,0.0,1.0,0.0,3,1,3,0,0,0,1,1,1,1,2,0,5,1,1,18,4,11,0,1,0,1,2,0,4,2,5,3,3
2012.0,89.76,1.0,0.0,3,6,0,0,0,0,1,9,1,1,0,0,9,1,1,18,4,11,0,1,0,2,0,0,2,7,5,8,3
2012.0,27.984,3.0,0.0,3,6,0,0,0,0,0,9,1,1,0,0,9,1,1,19,4,11,0,1,0,1,2,0,2,8,5,3,3
2012.0,-184.8,0.0,0.0,3,1,0,0,0,0,1,2,1,1,0,1,9,1,1,20,4,11,0,0,0,2,1,0,4,4,5,3,9
2012.0,-76.032,1.0,0.0,2,6,3,0,0,0,0,5,0,1,0,1,5,1,1,7,5,12,1,1,0,2,1,0,4,2,5,8,3
2012.0,299.904,0.0,0.0,3,6,3,0,0,0,1,9,1,1,0,1,9,1,1,12,5,12,1,0,0,1,1,0,6,9,5,3,2
2012.0,0.0,0.0,0.0,3,4,3,0,0,0,0,9,1,1,0,1,2,1,1,12,5,12,1,0,0,2,2,0,4,2,5,3,5
2012.0,0.0,0.0,0.0,3,4,3,0,0,0,1,6,1,1,0,0,6,1,1,15,5,12,1,0,0,2,1,0,2,5,5,9,9
2012.0,200.112,0.0,0.0,3,12,3,4,3,0,1,8,1,1,1,1,8,1,1,16,5,12,1,1,0,1,1,0,6,5,5,5,5
2012.0,350.064,0.0,0.0,3,6,3,0,0,0,1,9,1,1,0,0,9,1,1,16,5,12,1,1,0,2,1,0,6,0,5,8,3
2012.0,-1149.984,0.0,0.0,3,12,0,4,3,0,1,8,1,1,1,1,8,1,1,17,5,12,1,1,0,1,1,0,6,5,5,5,5
2012.0,0.0,3.0,0.0,3,1,0,0,0,0,1,9,1,1,0,1,5,1,1,21,5,12,1,0,0,1,2,0,4,2,5,3,3
2012.0,10.032,0.0,0.0,3,6,0,0,0,0,0,9,1,1,0,1,9,1,1,22,5,12,1,0,0,2,1,0,6,5,5,3,3
2012.0,0.0,0.0,0.0,3,4,0,0,0,0,1,5,1,1,0,1,5,1,1,23,5,12,1,0,0,1,2,0,2,2,5,9,3
2012.0,200.112,0.0,0.0,3,12,3,4,3,0,0,8,1,1,1,1,8,1,1,15,6,12,1,0,0,2,1,0,6,5,5,5,5
2012.0,0.0,0.0,0.0,3,5,4,0,0,0,2,8,1,1,1,1,9,1,1,17,6,12,1,1,0,0,1,0,6,5,5,6,5
2012.0,30.096,0.0,0.0,3,6,0,0,0,0,1,9,1,1,0,1,9,1,1,23,6,12,1,0,0,1,1,0,4,7,5,9,3
2012.0,-200.112,0.0,0.0,3,6,0,0,0,0,1,9,1,1,0,1,9,1,1,5,0,12,0,0,0,2,1,0,6,0,5,3,2
2012.0,-70.224,0.0,0.0,3,6,3,0,0,0,0,2,1,1,0,0,2,1,1,7,0,12,0,1,0,1,1,0,2,0,5,8,3
2012.0,-125.136,0.0,0.0,3,6,3,0,0,0,0,9,1,1,0,1,9,1,1,9,0,12,0,1,0,2,2,0,4,0,5,8,3
2012.0,-205.92,0.0,0.0,3,6,3,0,0,0,0,5,1,1,1,1,5,1,1,10,0,12,0,0,0,1,1,0,6,7,5,6,3
2012.0,64.944,1.0,0.0,3,6,3,0,0,0,1,5,1,1,0,0,5,1,1,12,0,12,0,0,0,2,0,0,2,7,5,8,3
2012.0,-85.008,0.0,0.0,3,10,3,0,0,0,1,5,1,1,0,1,5,1,1,12,0,12,0,0,0,1,1,0,6,9,5,3,2
2012.0,-105.072,2.0,0.0,2,6,3,0,0,0,0,1,1,1,0,0,1,1,1,15,0,12,0,0,0,1,1,0,4,0,5,8,3
2012.0,168.96,0.0,0.0,3,6,3,0,0,0,1,1,1,1,0,0,1,1,1,15,0,12,0,0,0,1,1,0,6,0,5,8,3
2012.0,44.88,1.0,0.0,2,12,4,0,0,3,1,1,1,1,0,1,5,1,1,16,0,12,0,1,0,2,2,0,4,2,5,9,7
2012.0,-341.088,0.0,0.0,3,1,3,0,0,0,1,9,1,1,0,0,2,1,1,17,0,12,0,1,0,1,2,0,6,4,5,3,9
2012.0,-145.2,0.0,0.0,3,6,0,0,0,0,1,2,1,1,0,1,2,1,1,17,0,12,0,1,0,1,1,0,6,7,5,8,3
2012.0,-528.0,0.0,0.0,3,4,0,0,0,0,0,5,1,1,0,0,1,1,1,18,0,12,0,1,0,1,1,0,6,0,5,3,9
2012.0,0.0,0.0,0.0,3,6,0,0,0,0,2,1,1,1,0,1,1,1,1,0,1,12,0,0,0,0,2,0,6,5,5,9,3
2012.0,0.0,0.0,0.0,3,4,3,1,0,0,0,9,1,1,0,0,0,1,1,7,1,12,0,1,0,1,1,0,4,2,5,8,9
2012.0,-334.224,2.0,0.0,3,1,3,0,0,0,0,9,1,1,0,1,2,1,1,7,1,12,0,1,0,2,1,0,0,2,5,3,9
2012.0,-66.0,0.0,0.0,3,6,3,0,0,0,0,1,1,1,0,1,1,1,1,10,1,12,0,0,0,2,1,0,4,7,5,8,3
2012.0,46.992,1.0,0.0,3,1,3,0,0,2,1,1,1,1,0,1,5,1,1,12,1,12,0,0,0,1,1,0,6,2,5,3,3
2012.0,-83.952,0.0,0.0,3,6,3,1,0,0,0,1,1,1,0,1,1,1,1,14,1,12,0,0,0,1,1,0,2,7,5,8,3
2012.0,-528.0,0.0,0.0,3,6,3,0,0,0,1,1,1,1,0,0,1,1,1,15,1,12,0,0,0,1,2,0,6,7,5,8,3
2012.0,139.92,0.0,0.0,3,6,3,0,0,0,1,9,1,1,0,1,9,1,1,15,1,12,0,0,0,2,1,0,4,7,5,8,3
2012.0,-410.784,0.0,0.0,3,8,3,0,0,0,1,1,1,1,0,1,5,1,1,15,1,12,0,0,0,1,1,0,6,5,5,9,1
2012.0,-80.784,1.0,0.0,3,1,3,0,0,0,0,7,1,1,3,1,9,1,1,16,1,12,0,1,0,1,2,0,6,5,5,3,9
2012.0,423.984,0.0,0.0,3,1,3,0,0,0,0,4,1,1,0,0,5,1,1,17,1,12,0,1,0,2,1,0,6,5,5,3,9
2012.0,-74.976,0.0,0.0,3,5,4,0,0,0,2,9,1,1,0,0,1,1,1,17,1,12,0,1,0,0,1,0,4,5,5,8,1
2012.0,0.0,1.0,0.0,2,6,0,0,0,0,0,5,1,1,0,0,5,1,1,17,1,12,0,1,0,2,2,0,4,0,5,8,3
2012.0,0.0,1.0,0.0,2,4,0,0,0,0,0,7,1,1,0,1,1,1,1,22,1,12,0,0,0,1,0,0,2,0,5,3,9
2012.0,0.0,0.0,0.0,3,1,0,0,0,0,1,2,1,1,0,1,9,1,1,22,1,12,0,0,0,2,2,0,2,2,5,3,3
2012.0,30.096,0.0,0.0,3,6,3,0,0,0,0,5,1,1,0,1,5,1,1,8,2,12,0,1,0,0,1,0,2,7,5,3,3
2012.0,-73.92,0.0,0.0,3,6,3,0,0,0,0,2,1,1,0,1,2,1,1,10,2,12,0,0,0,1,2,0,4,7,5,8,3
2012.0,0.0,1.0,0.0,3,4,3,0,0,0,0,5,1,1,0,1,4,1,1,12,2,12,0,0,0,0,0,0,2,2,5,9,3
2012.0,0.0,0.0,0.0,3,4,3,0,0,0,0,9,1,1,0,1,1,1,1,12,2,12,0,0,0,2,2,0,4,4,5,3,9
2012.0,299.904,0.0,0.0,3,1,3,0,0,2,2,9,1,1,0,0,3,1,1,12,2,12,0,0,0,0,1,0,6,9,2,9,3
2012.0,99.792,0.0,0.0,3,6,3,0,0,0,0,9,1,1,0,1,9,1,1,12,2,12,0,0,0,1,0,0,1,7,5,8,3
2012.0,-299.904,0.0,0.0,3,6,3,0,0,0,0,1,1,1,1,1,1,1,1,14,2,12,0,0,0,0,1,0,6,0,5,6,3
2012.0,0.0,2.0,0.0,3,1,3,0,0,0,1,2,1,1,0,0,9,1,1,14,2,12,0,0,0,1,2,0,4,2,5,3,3
2012.0,108.24,1.0,0.0,3,1,3,0,0,3,1,5,1,1,0,1,1,1,1,16,2,12,0,1,0,2,1,0,4,6,5,3,7
2012.0,0.0,0.0,0.0,3,4,3,1,0,0,0,5,1,1,0,0,2,1,1,16,2,12,0,1,0,0,0,0,4,2,5,3,9
2012.0,30.096,1.0,0.0,3,6,3,0,0,0,0,1,1,1,0,1,1,1,1,16,2,12,0,1,0,1,2,0,4,0,5,8,3
2012.0,-266.112,1.0,0.0,3,4,3,0,0,0,1,6,1,1,0,1,9,1,1,17,2,12,0,1,0,1,1,0,6,2,5,3,9
2012.0,0.0,0.0,0.0,3,1,0,0,0,0,1,2,1,1,0,1,9,1,1,17,2,12,0,1,0,0,2,0,6,7,5,8,9
2012.0,-649.968,1.0,0.0,3,5,0,0,0,3,1,9,1,1,0,0,2,1,1,18,2,12,0,1,0,1,1,0,0,5,5,5,5
2012.0,0.0,0.0,0.0,3,1,0,0,0,0,0,5,1,1,0,0,9,1,1,20,2,12,0,0,0,2,1,0,4,2,5,3,9
2012.0,-220.176,0.0,0.0,3,1,3,0,0,0,0,7,1,1,0,1,2,1,1,7,3,12,0,1,0,2,1,0,6,5,5,3,5
2012.0,0.0,0.0,0.0,3,4,3,0,0,0,1,9,1,1,0,1,5,1,1,10,3,12,0,0,0,2,1,0,4,2,5,3,9
2012.0,-220.176,0.0,0.0,3,6,3,0,0,0,1,2,1,1,0,0,2,1,1,12,3,12,0,0,0,2,2,0,6,7,5,8,3
2012.0,57.024,0.0,0.0,3,6,3,0,0,0,1,8,1,1,0,1,9,1,1,12,3,12,0,0,0,0,1,0,4,7,5,8,3
2012.0,-635.184,0.0,0.0,3,6,3,0,0,0,1,2,1,1,0,1,2,1,1,13,3,12,0,0,0,1,1,0,4,7,5,8,8
2012.0,170.016,0.0,0.0,3,4,3,0,0,0,1,7,1,1,0,1,5,1,1,13,3,12,0,0,0,0,1,0,4,2,5,3,9
2012.0,-99.792,0.0,0.0,3,10,3,0,0,0,1,5,1,1,0,0,5,1,1,15,3,12,0,0,0,1,2,0,6,5,5,3,3
2012.0,-99.792,0.0,0.0,3,10,3,0,0,0,1,1,1,1,0,1,1,1,1,16,3,12,0,1,0,1,1,0,6,5,5,2,2
2012.0,0.0,0.0,0.0,3,4,0,0,0,0,1,5,1,1,0,1,1,1,1,17,3,12,0,1,0,1,2,0,4,2,5,3,9
2012.0,0.0,0.0,0.0,3,4,0,0,0,0,0,2,0,1,0,1,5,1,1,20,3,12,0,0,0,1,2,0,4,2,5,3,9
2012.0,0.0,1.0,0.0,2,9,0,0,0,0,1,7,1,1,3,1,2,1,1,6,4,12,0,0,0,0,2,0,4,0,5,7,9
2012.0,149.952,1.0,0.0,3,6,3,0,0,0,0,5,1,1,0,1,5,1,1,11,4,12,0,0,0,2,2,0,6,0,5,8,3
2012.0,-233.904,0.0,0.0,3,4,3,0,0,0,0,1,1,1,0,0,2,1,1,11,4,12,0,0,0,1,2,0,0,2,5,2,9
2012.0,-63.888,0.0,0.0,3,6,3,0,0,0,0,9,1,1,0,0,9,1,1,11,4,12,0,0,0,1,1,0,4,7,5,8,3
2012.0,-70.224,0.0,0.0,3,10,3,0,0,0,0,2,1,1,0,0,2,1,1,14,4,12,0,0,0,2,1,0,4,4,5,3,2
2012.0,-149.952,0.0,0.0,3,6,3,0,0,0,0,5,1,1,0,0,5,1,1,15,4,12,0,0,0,2,2,0,6,0,5,8,3
2012.0,0.0,1.0,0.0,3,4,3,0,0,0,0,2,1,1,0,0,9,1,1,16,4,12,0,1,0,2,1,0,4,2,5,3,9
2012.0,-139.92,0.0,0.0,3,10,3,0,0,0,1,5,1,1,0,1,5,1,1,16,4,12,0,1,0,1,2,0,6,9,5,3,2
2012.0,96.096,0.0,0.0,3,6,4,0,0,0,0,5,1,1,0,0,5,1,1,17,4,12,0,1,0,1,2,0,6,7,5,8,3
2012.0,-70.752,1.0,0.0,3,6,1,0,0,0,1,2,1,1,0,1,2,1,1,19,4,12,0,1,0,1,1,0,2,0,5,8,3
2012.0,-10.032,1.0,0.0,2,1,3,0,0,0,2,2,1,1,3,1,2,1,1,7,5,12,1,1,0,0,2,0,4,0,5,3,3
2012.0,0.0,0.0,0.0,3,1,3,0,0,0,1,1,1,1,2,0,5,1,1,8,5,12,1,1,0,1,1,0,2,5,5,3,8
2012.0,99.792,0.0,0.0,3,10,3,0,0,0,0,2,1,1,0,0,2,1,1,9,5,12,1,1,0,1,0,0,6,0,5,3,2
2012.0,0.0,0.0,0.0,3,1,3,0,0,0,0,9,1,1,0,0,5,1,1,9,5,12,1,1,0,0,1,0,4,2,5,3,3
2012.0,40.128,0.0,0.0,3,5,3,0,0,0,0,5,1,1,0,0,5,1,1,11,5,12,1,0,0,1,1,0,4,0,5,8,1
2012.0,759.792,1.0,0.0,2,10,3,0,0,0,1,2,1,1,0,1,2,1,1,12,5,12,1,0,0,1,2,0,6,9,5,3,2
2012.0,388.08,2.0,0.0,3,6,3,0,0,0,0,2,1,1,0,0,2,1,1,15,5,12,1,0,0,2,1,0,6,7,5,3,3
2012.0,0.0,0.0,0.0,3,1,3,0,0,0,0,1,1,1,0,0,5,1,1,15,5,12,1,0,0,1,2,0,6,2,5,3,9
2012.0,149.952,0.0,0.0,3,1,3,0,0,2,1,2,1,1,0,1,1,1,1,17,5,12,1,1,0,2,1,0,0,9,5,9,3
2012.0,0.0,0.0,0.0,3,6,0,0,0,0,0,1,1,1,0,1,1,1,1,17,5,12,1,1,0,2,1,0,2,7,5,8,3
2012.0,-30.096,1.0,0.0,3,6,0,0,0,0,1,2,0,1,0,0,2,1,1,0,6,12,1,0,0,2,1,0,2,7,5,8,3
2012.0,54.912,0.0,0.0,3,10,0,0,0,0,1,1,0,1,1,1,1,1,1,2,6,12,1,0,0,2,1,0,6,0,5,6,3
2012.0,-60.192,0.0,0.0,3,8,3,0,0,0,0,9,1,1,1,1,8,1,1,13,6,12,1,0,0,0,1,0,0,0,5,8,1
2012.0,500.016,0.0,0.0,3,1,3,0,0,0,0,5,1,1,0,1,9,1,1,15,6,12,1,0,0,1,2,0,0,0,5,3,9
2012.0,0.0,0.0,0.0,3,6,3,0,0,0,0,9,1,1,0,1,9,1,1,16,6,12,1,1,0,1,1,0,2,8,8,9,9
2012.0,0.0,4.0,0.0,3,4,0,0,0,0,1,9,1,1,0,1,1,1,1,23,6,12,1,0,0,2,1,0,4,5,5,3,9
2012.0,-99.792,0.0,0.0,3,5,2,0,0,0,1,5,1,1,0,1,2,1,1,6,0,12,0,0,0,1,2,0,4,0,5,8,1
2012.0,-528.0,0.0,0.0,3,6,3,0,0,0,1,9,1,1,0,0,9,1,1,7,0,12,0,1,0,1,1,0,6,7,5,9,3
2012.0,0.0,1.0,0.0,3,4,3,0,0,0,1,2,1,1,0,1,9,1,1,7,0,12,0,1,0,1,2,0,4,4,5,3,9
2012.0,-172.128,0.0,0.0,3,6,3,0,0,0,0,2,1,1,0,0,2,1,1,8,0,12,0,1,0,1,0,0,4,0,5,3,3
2012.0,105.072,0.0,0.0,3,6,3,0,0,0,0,5,1,1,0,0,5,1,1,8,0,12,0,1,0,1,2,0,6,7,5,8,3
2012.0,0.0,1.0,0.0,3,5,3,0,0,3,1,2,1,1,0,1,1,1,1,8,0,12,0,1,0,1,0,0,2,5,5,9,3
2012.0,548.064,0.0,0.0,3,6,3,0,0,0,1,1,1,1,0,0,1,1,1,9,0,12,0,1,0,0,1,0,6,7,5,8,3
2012.0,-799.92,0.0,0.0,3,6,3,0,0,0,0,1,1,1,0,1,1,1,1,16,0,12,0,1,0,1,1,0,2,0,5,8,3
2012.0,-816.816,0.0,0.0,3,6,0,0,0,0,0,1,1,1,0,1,1,1,1,17,0,12,0,1,0,2,0,0,6,7,5,8,3
2012.0,14.256,1.0,0.0,2,4,3,0,0,0,1,6,1,1,2,1,2,1,1,9,1,12,0,1,0,1,1,0,4,2,5,3,9
2012.0,-91.872,0.0,0.0,3,10,3,0,0,0,0,9,1,1,0,1,9,1,1,9,1,12,0,1,0,0,1,0,6,9,5,3,2
2012.0,0.0,0.0,0.0,3,4,3,0,0,0,0,5,1,1,0,0,7,1,1,14,1,12,0,0,0,1,1,0,4,2,5,9,3
2012.0,99.792,1.0,0.0,3,10,4,0,0,0,0,1,1,1,0,1,1,1,1,16,1,12,0,1,0,0,1,0,6,9,9,3,3
2012.0,99.792,0.0,0.0,3,6,4,0,0,0,1,1,1,1,0,0,1,1,1,16,1,12,0,1,0,1,1,0,6,7,5,8,8
2012.0,-505.824,0.0,0.0,3,6,4,0,0,0,1,2,1,1,0,1,2,1,1,17,1,12,0,1,0,1,1,0,2,7,5,8,3
2012.0,-344.784,0.0,0.0,3,6,0,0,0,0,1,1,1,1,0,0,1,1,1,18,1,12,0,1,0,2,1,0,6,7,5,8,3
2012.0,0.0,1.0,0.0,3,4,0,0,0,0,1,7,1,1,0,0,4,1,1,18,1,12,0,1,0,1,2,0,4,2,5,3,9
2012.0,-14.784,0.0,0.0,3,10,0,0,0,0,0,5,1,1,0,0,5,1,1,21,1,12,0,0,0,2,1,0,4,5,5,9,2
2012.0,74.976,1.0,0.0,3,6,3,0,0,0,1,1,1,1,0,1,1,1,1,8,2,12,0,1,0,1,1,0,6,7,5,8,3
2012.0,68.112,0.0,0.0,3,6,3,0,0,0,1,5,1,1,0,0,5,1,1,9,2,12,0,1,0,1,1,0,6,7,5,8,3
2012.0,0.0,1.0,0.0,2,4,3,0,0,0,1,5,1,1,0,1,1,1,1,9,2,12,0,1,0,1,2,0,2,4,5,3,9
2012.0,34.848,0.0,0.0,3,1,3,0,0,0,2,5,1,1,2,1,9,1,1,10,2,12,0,0,0,0,2,0,4,2,5,7,9
2012.0,86.064,0.0,0.0,3,6,3,0,0,0,0,9,1,1,0,1,9,1,1,10,2,12,0,0,0,1,1,0,6,7,5,8,3
2012.0,319.968,0.0,0.0,3,10,3,0,0,0,0,9,1,1,0,1,9,1,1,12,2,12,0,0,0,2,1,0,6,9,5,3,6
2012.0,34.848,0.0,0.0,3,1,3,0,0,2,1,1,1,1,0,1,5,1,1,14,2,12,0,0,0,1,1,0,4,2,5,9,3
2012.0,0.0,0.0,0.0,3,1,3,0,0,0,1,2,1,1,0,1,1,1,1,14,2,12,0,0,0,1,1,0,4,5,5,3,3
2012.0,119.856,0.0,0.0,3,6,3,0,0,0,1,1,1,1,0,1,1,1,1,15,2,12,0,0,0,1,0,0,6,7,5,8,3
2012.0,0.0,0.0,0.0,3,10,3,0,0,0,1,2,1,1,0,1,2,1,1,15,2,12,0,0,0,1,1,0,2,4,5,9,9
2012.0,0.0,2.0,0.0,2,1,3,0,0,0,0,9,1,1,0,0,2,1,1,16,2,12,0,1,0,0,1,0,4,2,5,3,3
2012.0,0.0,0.0,0.0,3,4,3,0,0,0,1,1,1,1,0,1,7,1,1,16,2,12,0,1,0,2,1,0,2,2,5,9,3
2012.0,-134.112,0.0,0.0,3,6,4,0,0,0,1,5,1,1,0,1,5,1,1,17,2,12,0,1,0,1,2,0,6,7,5,8,3
2012.0,-30.096,0.0,0.0,3,1,4,0,0,2,0,1,1,1,0,1,2,1,1,17,2,12,0,1,0,2,1,0,4,2,5,3,7
2012.0,0.0,0.0,0.0,3,4,0,0,0,0,0,6,1,1,0,0,2,1,1,17,2,12,0,1,0,2,2,0,4,2,5,3,9
2012.0,-865.92,1.0,0.0,2,1,0,0,0,2,0,1,1,1,0,1,5,1,1,18,2,12,0,1,0,2,1,0,0,9,5,9,3
2012.0,50.16,0.0,0.0,3,6,0,0,0,0,1,5,1,1,0,1,5,1,1,18,2,12,0,1,0,1,1,0,4,9,5,3,2
2012.0,-54.912,0.0,0.0,3,1,0,0,0,0,1,9,1,1,3,1,5,1,1,19,2,12,0,1,0,1,1,0,4,5,5,3,9
2012.0,-319.968,0.0,0.0,3,6,0,0,0,0,1,9,1,1,1,1,9,1,1,4,3,12,0,0,0,1,1,0,6,9,5,6,3
2012.0,200.112,0.0,0.0,3,6,2,0,0,0,1,9,1,1,0,0,9,1,1,6,3,12,0,0,0,1,1,0,6,0,5,8,3
2012.0,-193.776,0.0,0.0,3,6,3,0,0,0,0,2,1,1,0,0,2,1,1,8,3,12,0,1,0,1,1,0,6,8,5,8,3
2012.0,0.0,0.0,0.0,3,6,3,0,0,0,0,7,1,1,0,1,7,1,1,8,3,12,0,1,0,1,1,0,4,7,5,9,9
2012.0,119.856,1.0,0.0,3,6,3,0,0,0,0,2,1,1,0,0,2,1,1,11,3,12,0,0,0,2,2,0,6,0,5,8,3
2012.0,-40.128,1.0,0.0,3,6,3,0,0,0,1,2,1,1,0,1,2,1,1,12,3,12,0,0,0,1,1,0,6,7,5,3,8
2012.0,0.0,1.0,0.0,3,1,3,0,0,0,1,4,1,1,2,1,9,1,1,12,3,12,0,0,0,1,2,0,4,2,5,3,9
2012.0,-419.76,0.0,0.0,3,1,3,1,0,2,1,1,1,1,0,0,5,1,1,13,3,12,0,0,0,2,1,0,0,9,5,9,3
2012.0,-139.92,0.0,0.0,3,10,3,0,0,0,0,5,1,1,0,0,5,1,1,13,3,12,0,0,0,1,0,0,6,9,5,3,2
2012.0,-485.76,1.0,0.0,3,4,3,1,0,0,1,5,1,1,0,0,1,1,1,15,3,12,0,0,0,1,1,0,0,2,5,3,9
2012.0,-594.0,0.0,0.0,3,6,3,0,0,0,1,1,1,1,0,1,1,1,1,15,3,12,0,0,0,1,2,0,6,7,5,8,3
2012.0,428.208,0.0,0.0,3,4,3,0,0,0,0,1,1,1,0,0,5,1,1,16,3,12,0,1,0,1,0,0,0,2,5,3,9
2012.0,356.928,0.0,0.0,3,6,3,0,0,0,0,5,1,1,0,1,5,1,1,16,3,12,0,1,0,1,1,0,6,7,5,8,3
2012.0,-50.16,1.0,0.0,3,6,0,0,0,0,1,1,1,1,0,1,1,1,1,18,3,12,0,1,0,1,1,0,2,8,5,8,8
2012.0,0.0,0.0,0.0,3,4,0,3,4,0,0,7,1,1,0,1,1,1,1,22,3,12,0,0,1,1,1,0,6,2,5,3,9
2012.0,0.0,0.0,0.0,3,4,0,1,0,0,0,4,1,1,0,0,5,1,1,23,3,12,0,0,0,2,2,0,4,2,5,3,9
2012.0,139.92,0.0,0.0,3,10,0,3,4,0,1,9,0,1,0,1,9,1,1,2,4,12,0,0,1,1,2,0,6,9,5,8,2