Year,Distance,Totalinjuries,Totalfatalities,Injuryseverity,Collisionmanner,Lightcondition,Weather,SurfaceCondition,Unittype_One,Gender_Drv1,Traveldirection_One,AlcoholUse_Drv1,DrugUse_Drv1,Unittype_Two,Gender_Drv2,Traveldirection_Two,AlcoholUse_Drv2,DrugUse_Drv2,Hour,Weekday,Month,Weekend,Rush_Hour,Hazardous_Road,Age_Group_Drv1,Age_Group_Drv2,Substance_Use,Junction_Category,Violation_Category_Drv1,Violation_Category_Drv2,Unitaction_Category_Two,Unitaction_Category_One
2012.0,50.16,0.0,0.0,3,6,0,3,4,0,0,5,0,1,0,1,5,1,1,2,4,12,0,0,1,1,1,0,4,0,5,8,3
2012.0,0.0,0.0,0.0,3,4,3,1,4,0,1,1,1,1,0,0,9,1,1,7,4,12,0,1,1,1,1,0,4,2,5,3,9
2012.0,240.768,1.0,0.0,2,6,3,0,4,0,1,9,1,1,0,1,9,1,1,7,4,12,0,1,1,1,1,0,0,8,5,9,3
2012.0,0.0,0.0,0.0,3,4,3,1,0,0,1,1,1,1,0,0,5,1,1,8,4,12,0,1,0,1,2,0,4,2,5,9,3
2012.0,-111.936,0.0,0.0,3,6,3,3,4,0,1,2,1,1,0,0,2,1,1,9,4,12,0,1,1,1,1,0,4,8,5,8,3
2012.0,205.92,0.0,0.0,3,4,3,0,4,0,0,2,1,1,0,1,5,1,1,10,4,12,0,0,1,0,1,0,0,2,5,3,9
2012.0,-287.232,1.0,0.0,3,1,3,0,0,2,0,5,1,1,0,1,9,1,1,11,4,12,0,0,0,2,1,0,0,9,5,9,3
2012.0,1500.048,0.0,0.0,3,6,3,3,4,0,0,2,1,1,0,0,2,1,1,13,4,12,0,0,1,1,2,0,4,8,5,8,3
2012.0,0.0,0.0,0.0,3,1,3,0,0,0,1,2,1,1,0,0,9,1,1,14,4,12,0,0,0,2,2,0,4,2,5,3,3
2012.0,60.192,0.0,0.0,3,4,3,0,0,0,1,1,1,1,0,1,2,1,1,14,4,12,0,0,0,2,1,0,6,2,5,3,9
2012.0,318.912,0.0,0.0,3,1,3,0,0,0,1,9,1,1,0,1,9,1,1,15,4,12,0,0,0,2,1,0,4,9,5,8,0
2012.0,-83.952,0.0,0.0,3,6,3,1,0,0,1,1,1,1,0,0,1,1,1,15,4,12,0,0,0,2,1,0,4,8,5,8,3
2012.0,0.0,0.0,0.0,3,4,4,1,0,0,0,5,1,1,0,0,2,1,1,17,4,12,0,1,0,2,2,0,4,2,5,3,9
2012.0,0.0,0.0,0.0,3,1,0,0,0,0,0,9,1,1,0,1,2,1,1,19,4,12,0,1,0,0,1,0,4,2,5,3,3
2012.0,190.08,0.0,0.0,3,6,0,3,4,0,1,5,1,1,0,0,5,1,1,21,4,12,0,0,1,2,1,0,6,8,5,8,3
2012.0,-279.84,0.0,0.0,3,3,0,0,4,0,2,5,1,1,1,1,2,1,1,22,4,12,0,0,1,0,1,0,6,9,5,6,3
2012.0,0.0,0.0,0.0,3,1,0,1,4,0,1,1,1,1,0,1,9,1,1,1,5,12,1,0,1,2,1,0,6,2,5,3,9
2012.0,-200.112,1.0,0.0,2,1,3,1,4,0,1,5,1,1,0,0,9,1,1,13,5,12,1,0,1,1,1,0,6,0,5,3,9
2012.0,149.952,0.0,0.0,3,10,3,1,0,0,0,2,1,1,0,0,2,1,1,13,5,12,1,0,0,1,2,0,4,9,5,3,2
2012.0,0.0,0.0,0.0,3,4,0,3,4,0,0,4,1,1,0,0,5,1,1,16,5,12,1,1,1,1,1,0,2,5,5,3,9
2012.0,-48.048,0.0,0.0,3,6,0,3,4,0,1,1,0,1,0,1,6,1,1,17,5,12,1,1,1,1,2,0,0,0,5,9,3
2012.0,0.0,1.0,0.0,2,6,0,3,4,0,1,1,0,1,0,1,1,1,1,18,5,12,1,1,1,1,0,0,2,2,5,9,5
2012.0,0.0,0.0,0.0,3,6,0,3,4,0,1,1,1,1,0,0,1,1,1,18,5,12,1,1,1,2,1,0,2,7,5,9,9
2012.0,-105.072,0.0,0.0,3,10,0,3,4,0,0,1,1,1,0,0,1,1,1,18,5,12,1,1,1,1,1,0,2,9,5,3,9
2012.0,0.0,1.0,0.0,3,1,0,0,0,0,0,5,1,1,0,1,1,1,1,19,5,12,1,1,0,0,2,0,4,2,5,9,3
2012.0,43.824,0.0,0.0,3,6,0,3,4,0,1,9,1,1,0,0,9,1,1,19,5,12,1,1,1,2,1,0,2,7,5,8,8
2012.0,149.952,0.0,0.0,3,6,0,3,3,0,2,8,1,1,0,1,9,1,1,19,5,12,1,1,0,0,1,0,2,7,5,8,5
2012.0,0.0,0.0,0.0,3,6,0,3,0,0,0,2,1,1,0,1,2,1,1,21,5,12,1,0,0,2,1,0,2,7,5,8,3
2012.0,350.064,0.0,0.0,3,10,0,0,0,0,1,9,1,1,0,1,9,1,1,23,5,12,1,0,0,2,2,0,4,9,5,3,2
2012.0,0.0,0.0,0.0,3,1,3,0,0,0,1,9,1,1,0,1,5,1,1,9,6,12,1,1,0,2,1,0,2,2,5,9,3
2012.0,-50.16,0.0,0.0,3,12,0,4,3,0,2,8,1,1,1,1,2,1,1,16,6,12,1,1,0,0,1,0,4,7,5,6,5
2012.0,-165.792,0.0,0.0,3,1,3,0,0,2,1,2,1,1,0,0,5,1,1,7,0,12,0,1,0,1,1,0,0,9,5,9,3
2012.0,109.824,1.0,0.0,2,4,3,0,0,0,0,6,1,1,2,1,2,1,1,9,0,12,0,1,0,2,1,0,6,4,5,3,9
2012.0,40.128,1.0,0.0,3,6,3,0,0,0,1,9,1,1,0,0,9,1,1,13,0,12,0,0,0,1,1,0,2,7,5,8,3
2012.0,-105.072,0.0,0.0,3,6,3,0,0,0,1,2,1,1,0,1,2,1,1,13,0,12,0,0,0,1,0,0,6,7,5,8,3
2012.0,-749.76,0.0,0.0,3,1,3,0,0,0,0,6,1,1,0,0,9,1,1,13,0,12,0,0,0,1,0,0,6,5,5,3,9
2012.0,-123.024,0.0,0.0,3,6,3,0,0,0,0,1,1,1,0,1,1,1,1,14,0,12,0,0,0,1,2,0,6,7,5,8,3
2012.0,0.0,0.0,0.0,3,1,3,0,0,0,1,3,1,1,0,0,1,1,1,15,0,12,0,0,0,0,1,0,4,5,5,3,9
2012.0,-70.224,1.0,0.0,3,6,3,0,0,0,0,9,1,1,0,1,9,1,1,15,0,12,0,0,0,1,1,0,6,7,5,8,3
2012.0,-54.912,0.0,0.0,3,10,3,0,0,0,2,1,1,1,0,0,1,1,1,16,0,12,0,1,0,0,1,0,2,9,5,3,2
2012.0,212.784,1.0,0.0,3,10,3,0,0,0,1,1,1,1,0,1,1,1,1,16,0,12,0,1,0,1,2,0,6,9,5,8,3
2012.0,299.904,0.0,0.0,3,6,4,0,0,0,1,1,1,1,0,1,1,1,1,18,0,12,0,1,0,1,1,0,6,7,5,8,3
2012.0,0.0,0.0,0.0,3,4,0,0,0,0,1,1,1,1,0,1,5,1,1,21,0,12,0,0,0,2,2,0,4,5,5,3,9
2012.0,109.824,1.0,0.0,2,6,0,0,0,0,1,1,1,1,1,1,1,1,1,5,1,12,0,0,0,2,1,0,6,7,5,6,3
2012.0,-12.144,0.0,0.0,3,6,0,0,0,0,1,1,1,1,0,1,1,1,1,6,1,12,0,0,0,0,1,0,4,0,5,8,3
2012.0,-299.904,0.0,0.0,3,6,0,0,0,0,0,9,1,1,0,1,9,1,1,6,1,12,0,0,0,1,1,0,6,7,5,8,8
2012.0,-288.816,0.0,0.0,3,4,3,0,0,0,1,1,1,1,0,0,2,1,1,7,1,12,0,1,0,2,1,0,0,2,5,3,9
2012.0,136.752,1.0,0.0,3,6,3,0,0,0,2,1,1,1,0,0,1,1,1,8,1,12,0,1,0,0,1,0,6,5,5,8,3
2012.0,-439.824,0.0,0.0,3,4,3,0,0,0,1,7,1,1,0,0,9,1,1,8,1,12,0,1,0,2,1,0,0,2,5,3,9
2012.0,40.128,1.0,0.0,2,4,3,0,0,0,0,1,1,1,2,1,2,1,1,9,1,12,0,1,0,1,2,0,4,2,5,7,9
2012.0,-13.2,0.0,0.0,3,3,3,0,0,0,1,2,1,1,0,1,5,1,1,9,1,12,0,1,0,2,1,0,6,9,5,3,3
2012.0,0.0,2.0,0.0,3,6,3,0,0,0,0,9,1,1,0,1,9,1,1,9,1,12,0,1,0,1,1,0,6,7,5,8,3
2012.0,1000.032,0.0,0.0,3,6,3,1,0,0,1,2,1,1,0,1,2,1,1,10,1,12,0,0,0,1,1,0,4,7,5,8,3
2012.0,-60.192,0.0,0.0,3,6,3,0,0,0,1,2,1,1,0,0,2,1,1,12,1,12,0,0,0,1,1,0,2,7,5,8,3
2012.0,0.0,0.0,0.0,3,1,3,0,3,2,2,2,1,1,0,0,9,1,1,12,1,12,0,0,0,0,1,0,6,5,5,9,3
2012.0,0.0,0.0,0.0,3,4,3,0,0,0,1,7,1,1,0,1,1,1,1,14,1,12,0,0,0,1,1,0,4,2,5,3,9
2012.0,-50.16,2.0,0.0,2,5,3,0,0,3,1,6,1,1,0,1,5,1,1,16,1,12,0,1,0,1,1,0,6,2,5,3,7
2012.0,-99.792,0.0,0.0,3,7,4,1,4,0,2,8,1,1,1,1,9,1,1,17,1,12,0,1,1,0,1,0,4,5,5,6,1
2012.0,0.0,0.0,0.0,3,1,4,0,0,0,0,5,1,1,0,0,1,1,1,17,1,12,0,1,0,1,1,0,2,2,5,3,9
2012.0,528.0,0.0,0.0,3,6,0,1,0,0,1,1,1,1,0,0,1,1,1,18,1,12,0,1,0,2,2,0,4,0,5,8,3
2012.0,589.776,0.0,0.0,3,6,0,1,0,0,1,1,1,1,0,1,6,1,1,18,1,12,0,1,0,2,2,0,6,7,5,9,3
2012.0,-116.16,0.0,0.0,3,6,3,0,0,0,1,2,1,1,0,0,2,1,1,6,2,12,0,0,0,0,1,0,4,0,5,5,3
2012.0,68.112,1.0,0.0,3,6,3,0,0,0,1,9,1,1,0,1,9,1,1,7,2,12,0,1,0,2,1,0,4,0,5,8,3
2012.0,64.944,0.0,0.0,3,6,3,0,0,0,1,5,1,1,0,0,7,1,1,8,2,12,0,1,0,1,1,0,6,7,5,8,3
2012.0,115.104,0.0,0.0,3,10,3,0,0,0,0,2,1,1,0,1,2,1,1,8,2,12,0,1,0,2,1,0,6,0,5,3,2
2012.0,0.0,2.0,0.0,1,1,3,0,0,0,1,1,1,1,0,0,2,1,1,8,2,12,0,1,0,0,1,0,4,2,5,9,3
2012.0,0.0,0.0,0.0,3,4,3,0,0,0,2,9,1,1,0,0,5,1,1,8,2,12,0,1,0,0,2,0,4,4,5,3,9
2012.0,-76.032,1.0,0.0,2,6,3,0,0,0,0,2,1,1,0,1,2,1,1,10,2,12,0,0,0,2,1,0,4,0,5,8,3
2012.0,-66.0,1.0,0.0,3,6,3,0,0,0,0,2,1,1,0,0,2,1,1,11,2,12,0,0,0,1,1,0,4,7,5,8,3
2012.0,350.064,0.0,0.0,3,10,3,0,0,0,1,1,1,1,0,0,1,1,1,11,2,12,0,0,0,1,1,0,4,4,5,8,9
2012.0,0.0,0.0,0.0,3,10,3,0,0,0,2,5,1,1,0,1,5,1,1,11,2,12,0,0,0,0,1,0,4,9,5,3,3
2012.0,0.0,0.0,0.0,3,1,3,0,0,0,0,1,1,1,0,0,5,1,1,12,2,12,0,0,0,1,1,0,4,2,5,3,3
2012.0,0.0,0.0,0.0,3,1,3,0,0,0,0,2,1,1,0,1,9,1,1,12,2,12,0,0,0,1,1,0,4,2,5,9,3
2012.0,74.976,0.0,0.0,3,6,3,0,0,0,0,2,1,1,0,0,2,1,1,13,2,12,0,0,0,2,2,0,6,7,5,8,3
2012.0,-61.776,1.0,0.0,2,6,3,0,0,0,1,1,1,1,0,1,1,1,1,15,2,12,0,0,0,0,1,0,4,7,5,8,3
2012.0,219.12,0.0,0.0,3,6,3,0,0,0,0,1,1,1,0,1,1,1,1,15,2,12,0,0,0,2,1,0,6,7,5,8,3
2012.0,0.0,0.0,0.0,3,10,3,0,0,0,2,9,1,1,0,1,9,1,1,15,2,12,0,0,0,0,1,0,4,9,5,3,3
2012.0,0.0,2.0,0.0,2,4,3,0,0,0,1,7,1,1,0,1,1,1,1,15,2,12,0,0,0,2,1,0,4,2,5,3,9
2012.0,-159.984,1.0,0.0,1,1,3,0,0,2,0,9,1,1,2,0,9,1,1,16,2,12,0,1,0,2,2,0,6,2,2,3,3
2012.0,0.0,0.0,0.0,3,4,4,0,0,0,1,6,1,1,0,1,2,1,1,17,2,12,0,1,0,1,1,0,4,2,5,3,9
2012.0,0.0,0.0,0.0,3,4,0,0,0,0,1,5,1,1,0,0,9,1,1,17,2,12,0,1,0,0,2,0,4,2,5,3,9
2012.0,-54.912,0.0,0.0,3,6,0,0,0,0,0,2,1,1,0,0,2,1,1,18,2,12,0,1,0,0,2,0,4,7,5,8,3
2012.0,-99.792,1.0,0.0,2,5,0,0,0,2,0,2,1,1,0,0,1,1,1,18,2,12,0,1,0,2,2,0,4,9,5,9,3
2012.0,0.0,0.0,0.0,3,9,0,0,0,0,1,5,1,1,0,0,2,1,1,18,2,12,0,1,0,2,2,0,2,5,5,9,9
2012.0,-200.112,0.0,0.0,3,12,1,1,0,0,2,8,1,1,1,1,8,1,1,20,2,12,0,0,0,0,2,0,6,5,5,6,5
2012.0,0.0,2.0,0.0,2,4,0,0,0,0,0,2,1,1,0,1,9,1,1,21,2,12,0,0,0,2,1,0,2,2,5,9,3
2012.0,62.832,0.0,0.0,3,6,0,0,0,0,2,5,1,1,0,0,9,1,1,5,3,12,0,0,0,0,2,0,4,7,5,8,3
2012.0,-6.864,0.0,0.0,3,1,3,0,0,0,1,9,1,1,0,0,9,1,1,9,3,12,0,1,0,1,2,0,4,0,5,3,2
2012.0,0.0,0.0,0.0,3,1,3,0,0,0,0,5,1,1,0,0,1,1,1,10,3,12,0,0,0,0,1,0,2,0,5,3,9
2012.0,-220.176,0.0,0.0,3,6,3,0,0,0,2,2,1,1,0,0,2,1,1,15,3,12,0,0,0,0,1,0,4,7,5,8,9
2012.0,0.0,0.0,0.0,3,5,3,0,0,0,1,9,1,1,0,0,5,1,1,16,3,12,0,1,0,2,1,0,4,2,5,9,3
2012.0,-210.144,0.0,0.0,3,6,0,0,0,0,1,5,1,1,0,0,5,1,1,18,3,12,0,1,0,1,1,0,6,7,5,3,3
2012.0,249.744,0.0,0.0,3,6,0,0,0,0,1,5,1,1,0,1,5,1,1,19,3,12,0,1,0,0,1,0,6,7,5,3,3
2012.0,0.0,0.0,0.0,3,8,3,0,0,0,0,9,1,0,0,1,9,1,1,7,4,12,0,1,0,0,1,0,4,7,5,8,3
2012.0,-60.192,0.0,0.0,3,10,3,0,0,0,1,2,1,1,0,1,2,1,1,8,4,12,0,1,0,1,1,0,4,4,5,3,9
2012.0,78.144,1.0,0.0,3,6,3,0,0,0,1,9,1,1,0,0,9,1,1,11,4,12,0,0,0,1,1,0,4,7,5,8,3
2012.0,-380.16,1.0,0.0,2,4,3,0,0,0,1,5,1,1,0,1,1,1,1,14,4,12,0,0,0,0,1,0,0,2,5,3,9
2012.0,137.808,0.0,0.0,3,6,3,0,0,0,0,9,1,1,0,0,9,1,1,14,4,12,0,0,0,0,2,0,4,8,5,8,3
2012.0,-190.08,0.0,0.0,3,6,3,0,0,0,1,5,1,1,0,0,5,1,1,16,4,12,0,1,0,2,1,0,0,8,5,9,3
2012.0,-167.904,0.0,0.0,3,6,4,0,0,0,1,2,1,1,0,0,2,1,1,17,4,12,0,1,0,2,1,0,6,0,5,8,3
2012.0,0.0,2.0,0.0,1,4,1,0,0,0,1,2,1,1,0,1,5,1,1,17,4,12,0,1,0,2,0,0,4,4,5,3,9
2012.0,500.016,0.0,0.0,3,6,4,0,0,0,0,1,1,1,0,1,1,1,1,18,4,12,0,1,0,0,1,0,6,8,5,3,3
2012.0,-500.016,0.0,0.0,3,6,0,0,0,0,0,1,1,1,0,0,1,1,1,18,4,12,0,1,0,1,1,0,6,7,5,8,3
2012.0,0.0,5.0,0.0,3,4,0,0,0,0,0,5,0,1,0,1,2,1,1,0,5,12,1,0,0,1,2,0,4,2,5,3,9
2012.0,-1064.976,2.0,0.0,3,6,3,0,0,0,2,9,1,1,0,1,9,1,1,8,5,12,1,1,0,0,1,0,6,5,5,8,3
2012.0,0.0,1.0,0.0,3,4,3,0,0,0,1,5,1,1,0,0,5,1,1,13,5,12,1,0,0,0,2,0,2,3,5,9,3
2012.0,-10.032,0.0,0.0,3,6,3,0,0,0,0,1,1,1,0,1,1,1,1,13,5,12,1,0,0,1,1,0,2,0,5,8,3
2012.0,0.0,0.0,0.0,3,6,3,0,0,0,0,1,1,1,0,0,9,1,1,16,5,12,1,1,0,1,2,0,4,0,5,8,1
2012.0,-528.0,1.0,0.0,1,6,0,0,0,0,0,5,1,1,0,1,5,1,1,22,5,12,1,0,0,2,2,0,6,0,5,8,3
2012.0,-209.088,0.0,0.0,3,6,3,0,0,0,0,1,1,1,0,1,1,1,1,12,6,12,1,0,0,1,2,0,4,7,5,8,3
2012.0,0.0,0.0,0.0,3,1,3,0,0,0,0,9,1,1,0,1,5,1,1,15,6,12,1,0,0,2,1,0,2,2,5,3,3
2012.0,-158.928,0.0,0.0,3,6,3,0,0,0,0,2,1,1,0,1,2,1,1,8,0,12,0,1,0,2,1,0,6,0,5,8,3
2012.0,69.168,0.0,0.0,3,6,3,0,0,0,0,5,1,1,0,0,5,1,1,12,0,12,0,0,0,1,1,0,4,0,5,8,3
2012.0,35.904,0.0,0.0,3,6,3,0,0,0,1,1,1,1,0,0,1,1,1,15,0,12,0,0,0,2,0,0,6,7,5,3,3
2012.0,-58.08,0.0,0.0,3,6,0,0,0,0,0,1,1,1,0,1,1,1,1,17,0,12,0,1,0,2,2,0,4,7,5,8,3
2012.0,-50.16,0.0,0.0,3,6,0,0,0,0,2,2,1,1,0,1,2,1,1,18,0,12,0,1,0,0,1,0,4,7,5,8,3
2012.0,0.0,1.0,0.0,2,6,0,0,0,0,2,1,1,1,0,0,1,1,1,21,0,12,0,0,0,0,2,0,4,5,5,3,3
2012.0,-82.896,0.0,0.0,3,10,0,0,0,0,2,9,1,1,1,1,8,1,1,0,1,12,0,0,0,0,1,0,4,5,5,5,3
2012.0,-209.088,0.0,0.0,3,10,3,0,0,0,2,1,1,1,0,1,1,1,1,11,1,12,0,0,0,0,1,0,6,0,5,3,3
2012.0,50.16,0.0,0.0,3,10,3,0,0,0,1,5,1,1,0,1,5,1,1,12,1,12,0,0,0,1,1,0,4,9,5,8,2
2012.0,-24.816,0.0,0.0,3,6,4,1,0,0,1,2,1,1,0,0,2,1,1,17,1,12,0,1,0,2,0,0,4,0,5,8,3
2012.0,10.032,0.0,0.0,3,6,0,0,0,0,0,5,1,1,0,1,5,1,1,17,1,12,0,1,0,2,1,0,4,5,5,8,3
2012.0,-129.888,0.0,0.0,3,10,3,0,0,0,1,9,1,1,0,1,9,1,1,9,2,12,0,1,0,0,1,0,6,9,5,8,2
2012.0,105.072,0.0,0.0,3,6,3,0,0,0,1,5,1,1,0,0,5,1,1,12,2,12,0,0,0,1,2,0,4,7,5,8,3
2012.0,299.904,0.0,0.0,3,6,3,0,0,0,0,9,1,1,0,0,9,1,1,12,2,12,0,0,0,2,1,0,4,7,5,8,3
2012.0,0.0,1.0,0.0,2,4,3,0,0,0,0,1,1,1,0,1,5,1,1,13,2,12,0,0,0,2,2,0,4,2,5,9,3
2012.0,149.952,3.0,0.0,2,6,3,0,0,0,1,5,1,0,0,1,5,1,1,15,2,12,0,0,0,1,1,0,4,7,5,8,3
2012.0,0.0,0.0,0.0,3,6,3,0,0,0,2,2,1,1,0,0,2,1,1,17,2,12,0,1,0,0,1,0,2,0,5,8,3
2012.0,0.0,3.0,0.0,3,6,0,0,0,0,1,5,1,1,0,0,5,1,1,20,2,12,0,0,0,1,1,0,4,0,5,8,3
2012.0,0.0,0.0,0.0,3,4,1,0,0,0,0,2,1,1,0,1,1,1,1,22,2,12,0,0,0,1,1,0,4,2,5,3,9
2012.0,0.0,1.0,0.0,3,1,0,0,0,0,1,1,1,1,0,0,2,1,1,2,3,12,0,0,0,1,1,0,4,2,5,3,3
2012.0,-51.744,0.0,0.0,3,1,4,0,0,0,1,1,1,1,2,1,2,1,1,7,3,12,0,1,0,1,1,0,4,5,5,7,9
2012.0,200.112,0.0,0.0,3,10,3,0,0,0,1,5,1,1,0,1,5,1,1,9,3,12,0,1,0,1,1,0,6,2,9,2,9
2012.0,173.184,0.0,0.0,3,12,3,1,0,0,2,8,1,1,1,1,2,1,1,18,3,12,0,1,0,0,1,0,6,5,5,6,5
2012.0,0.0,0.0,0.0,3,4,0,0,0,0,0,2,1,1,0,1,5,1,1,4,4,12,0,0,0,1,1,0,4,2,5,3,9
2012.0,599.808,0.0,0.0,3,4,3,0,0,0,0,2,1,1,0,1,1,1,1,11,4,12,0,0,0,1,1,0,6,2,5,3,9
2012.0,0.0,0.0,0.0,3,4,3,0,0,0,0,9,1,1,0,0,2,1,1,12,4,12,0,0,0,1,1,0,4,2,5,3,9
2012.0,30.096,1.0,0.0,3,6,3,0,0,0,0,9,1,1,0,0,9,1,1,14,4,12,0,0,0,0,1,0,4,5,5,3,3
2012.0,79.2,0.0,0.0,3,6,3,0,0,0,1,5,1,1,0,0,5,1,1,14,4,12,0,0,0,1,1,0,4,7,5,8,3
2012.0,-85.008,0.0,0.0,3,10,3,0,0,0,0,2,1,1,0,0,5,1,1,15,4,12,0,0,0,0,1,0,4,4,5,9,9
2012.0,99.792,0.0,0.0,3,10,3,0,0,0,0,9,1,1,0,0,9,1,1,16,4,12,0,1,0,1,2,0,6,9,5,3,2
2012.0,0.0,3.0,0.0,3,1,0,0,0,0,0,2,1,1,0,1,5,1,1,17,4,12,0,1,0,2,1,0,4,2,5,3,9
2012.0,0.0,2.0,0.0,3,5,4,0,0,0,0,4,1,1,0,1,5,1,1,17,4,12,0,1,0,1,2,0,4,5,5,3,9
2012.0,0.0,4.0,0.0,3,1,3,0,0,0,1,2,1,1,0,1,9,1,1,12,5,12,1,0,0,0,1,0,4,2,5,3,3
2012.0,99.792,0.0,0.0,3,10,3,0,0,0,0,9,1,1,0,1,9,1,1,13,5,12,1,0,0,1,1,0,2,9,5,3,2
2012.0,87.12,0.0,0.0,3,6,3,1,0,0,1,5,1,1,0,0,5,1,1,14,5,12,1,0,0,1,2,0,4,7,5,8,8
2012.0,0.0,0.0,0.0,3,9,3,0,0,0,0,4,1,1,0,0,5,1,1,16,5,12,1,1,0,1,1,0,4,4,5,8,9
2012.0,-784.08,4.0,0.0,3,6,0,0,0,0,0,2,1,1,0,1,2,1,1,17,5,12,1,1,0,2,1,0,6,0,5,8,3
2012.0,0.0,1.0,0.0,3,10,0,0,0,0,0,1,1,1,0,0,1,1,1,22,5,12,1,0,0,1,0,0,3,0,5,3,3
2012.0,-249.744,0.0,0.0,3,6,0,0,0,0,1,2,0,1,0,0,2,1,1,0,6,12,1,0,0,1,2,0,6,7,5,8,3
2012.0,1320.0,0.0,0.0,3,6,0,0,0,0,1,2,1,1,0,0,2,1,1,0,6,12,1,0,0,2,1,0,6,7,5,8,3
2012.0,0.0,4.0,0.0,1,4,0,0,0,0,1,5,0,1,0,1,9,1,1,2,6,12,1,0,0,1,1,0,2,2,5,9,3
2012.0,0.0,1.0,0.0,2,10,3,0,0,0,1,5,1,1,0,1,5,1,1,11,6,12,1,0,0,1,0,0,2,9,5,9,3
2012.0,0.0,2.0,0.0,2,4,3,0,0,0,0,9,1,1,0,1,5,1,1,8,0,12,0,1,0,1,1,0,4,5,5,3,9
2012.0,0.0,0.0,0.0,3,1,3,0,0,0,1,7,1,1,0,0,5,1,1,8,0,12,0,1,0,0,1,0,4,5,5,3,9
2012.0,0.0,1.0,0.0,3,1,3,0,0,0,1,9,1,1,0,1,5,1,1,13,0,12,0,0,0,0,1,0,4,2,5,3,3
2012.0,-274.032,1.0,0.0,2,6,3,0,0,0,0,2,1,1,0,0,2,1,1,16,0,12,0,1,0,2,1,0,6,0,5,8,3
2013.0,-24.816,0.0,0.0,3,9,0,0,0,0,2,9,1,1,1,1,1,1,1,9,1,1,0,1,0,0,1,0,6,5,5,6,3
2013.0,-183.216,2.0,0.0,2,10,3,0,0,0,1,5,1,1,0,1,5,1,1,15,1,1,0,0,0,1,1,0,6,9,5,3,2
2013.0,-50.16,1.0,0.0,3,6,0,0,0,0,1,1,1,1,0,1,1,1,1,5,2,1,0,0,0,1,1,0,4,7,5,8,3
2013.0,0.0,1.0,0.0,1,4,0,0,0,0,0,1,1,1,0,1,9,1,1,6,2,1,0,0,0,0,1,0,2,0,5,3,9
2013.0,74.976,0.0,0.0,3,10,3,0,0,0,1,9,1,1,0,0,9,1,1,8,2,1,0,1,0,1,2,0,6,9,5,3,2
2013.0,-174.768,1.0,0.0,3,6,3,0,0,0,1,2,1,1,0,0,2,1,1,9,2,1,0,1,0,0,0,0,6,7,5,8,3
2013.0,71.808,0.0,0.0,3,10,3,0,0,0,0,5,1,1,0,0,5,1,1,14,2,1,0,0,0,2,1,0,2,5,5,3,2
2013.0,0.0,1.0,0.0,3,4,3,0,0,0,0,6,1,1,0,1,2,1,1,14,2,1,0,0,0,1,2,0,4,2,5,3,9
2013.0,80.784,0.0,0.0,3,6,3,0,0,0,1,9,1,1,0,0,9,1,1,15,2,1,0,0,0,1,2,0,4,0,5,8,8
2013.0,80.784,0.0,0.0,3,6,3,0,0,0,1,9,1,1,0,1,9,1,1,16,2,1,0,1,0,1,1,0,6,7,5,8,3
2013.0,0.0,0.0,0.0,3,4,4,0,0,0,1,5,1,1,0,0,1,1,1,17,2,1,0,1,0,2,1,0,2,2,5,3,9
2013.0,0.0,1.0,0.0,1,4,0,0,0,0,1,1,1,1,0,1,2,1,1,18,2,1,0,1,0,2,1,0,4,2,5,3,9
2013.0,0.0,0.0,0.0,3,1,0,0,0,0,1,5,1,1,0,0,9,1,1,0,3,1,0,0,0,2,2,0,4,2,5,3,9
2013.0,360.096,0.0,0.0,3,6,3,1,0,0,0,2,1,1,0,1,2,1,1,7,3,1,0,1,0,1,1,0,1,7,5,3,3
2013.0,-720.192,0.0,0.0,3,4,3,0,0,0,0,2,1,1,0,1,1,1,1,8,3,1,0,1,0,1,1,0,6,5,5,3,5
2013.0,0.0,0.0,0.0,3,6,3,0,0,0,0,2,1,1,0,0,2,1,1,8,3,1,0,1,0,2,1,0,4,0,5,3,3
2013.0,-71.808,0.0,0.0,3,6,3,0,0,0,1,2,1,1,0,1,2,1,1,12,3,1,0,0,0,2,1,0,2,0,5,8,8
2013.0,170.016,2.0,0.0,2,4,3,0,0,0,1,4,1,1,0,1,1,1,1,14,3,1,0,0,0,2,2,0,6,2,5,3,9
2013.0,-57.024,0.0,0.0,3,6,3,0,0,0,0,1,1,1,0,1,1,1,1,14,3,1,0,0,0,1,1,0,2,7,5,8,3
2013.0,-220.176,1.0,0.0,3,4,4,0,0,0,0,1,1,1,0,0,5,1,1,17,3,1,0,1,0,2,1,0,6,2,5,3,9
2013.0,116.16,1.0,0.0,1,4,0,0,0,0,1,9,1,1,0,1,2,0,1,19,3,1,0,1,0,1,1,0,6,2,5,3,9
2013.0,0.0,1.0,0.0,2,4,0,0,0,0,1,5,0,1,0,1,2,1,1,21,3,1,0,0,0,1,0,0,4,2,5,3,9