Year,Distance,Totalinjuries,Totalfatalities,Injuryseverity,Collisionmanner,Lightcondition,Weather,SurfaceCondition,Unittype_One,Gender_Drv1,Traveldirection_One,AlcoholUse_Drv1,DrugUse_Drv1,Unittype_Two,Gender_Drv2,Traveldirection_Two,AlcoholUse_Drv2,DrugUse_Drv2,Hour,Weekday,Month,Weekend,Rush_Hour,Hazardous_Road,Age_Group_Drv1,Age_Group_Drv2,Substance_Use,Junction_Category,Violation_Category_Drv1,Violation_Category_Drv2,Unitaction_Category_Two,Unitaction_Category_One
2013.0,-40.128,0.0,0.0,3,10,3,0,0,0,0,1,1,1,0,0,1,1,1,13,4,1,0,0,0,1,0,0,6,9,5,3,2
2013.0,419.76,1.0,0.0,3,1,3,0,0,2,0,9,1,1,0,1,2,1,1,16,4,1,0,1,0,2,2,0,6,5,5,9,3
2013.0,0.0,0.0,0.0,3,6,3,0,0,0,0,9,1,1,0,0,9,1,1,16,4,1,0,1,0,2,2,0,4,8,5,9,3
2013.0,-77.088,0.0,0.0,3,6,3,0,0,0,0,1,1,1,1,1,1,1,1,17,4,1,0,1,0,1,1,0,6,0,5,6,3
2013.0,-29.04,0.0,0.0,3,6,3,0,0,0,0,2,1,1,0,0,2,1,1,11,5,1,1,0,0,1,1,0,4,7,5,8,3
2013.0,99.792,1.0,0.0,3,1,3,0,0,0,2,2,1,1,3,1,9,1,1,15,5,1,1,0,0,0,1,0,6,5,5,5,3
2013.0,-93.984,1.0,0.0,3,10,3,0,0,0,1,1,1,1,0,1,1,1,1,15,5,1,1,0,0,2,0,0,6,0,5,3,2
2013.0,50.16,0.0,0.0,3,1,3,0,0,0,1,1,0,0,0,1,1,1,1,15,5,1,1,0,0,1,1,0,4,7,5,2,3
2013.0,-30.096,0.0,0.0,3,10,3,0,0,0,1,1,0,1,0,1,2,1,1,15,5,1,1,0,0,1,1,0,4,7,5,8,3
2013.0,0.0,0.0,0.0,3,10,3,0,0,0,2,3,1,1,0,0,3,1,1,15,5,1,1,0,0,0,2,0,4,4,5,9,9
2013.0,0.0,1.0,0.0,2,1,0,0,0,2,1,5,1,1,0,0,1,1,1,19,5,1,1,1,0,1,1,0,4,2,5,3,3
2013.0,400.224,3.0,0.0,1,6,0,0,0,0,1,5,1,1,0,0,5,1,1,20,5,1,1,0,0,1,2,0,6,0,5,8,3
2013.0,0.0,2.0,0.0,3,4,0,0,0,0,0,9,1,1,0,1,1,1,1,22,5,1,1,0,0,2,2,0,4,2,5,3,9
2013.0,-62.832,0.0,0.0,3,6,3,0,0,0,1,9,1,1,0,1,4,1,1,15,6,1,1,0,0,1,1,0,6,0,5,9,3
2013.0,-89.76,0.0,0.0,3,6,3,0,0,0,0,9,1,1,0,0,9,1,1,7,0,1,0,1,0,1,1,0,4,0,5,3,3
2013.0,-149.952,0.0,0.0,3,6,3,0,0,0,1,2,1,1,0,1,2,1,1,7,0,1,0,1,0,0,1,0,6,7,5,8,3
2013.0,0.0,1.0,0.0,3,4,3,0,0,0,0,6,1,1,2,0,2,1,1,8,0,1,0,1,0,2,2,0,4,2,5,3,9
2013.0,-1020.096,2.0,0.0,1,6,3,0,0,0,0,5,1,1,0,0,5,1,1,12,0,1,0,0,0,2,1,0,6,7,5,8,3
2013.0,0.0,0.0,0.0,3,1,3,0,0,0,1,3,1,1,0,0,5,1,1,15,0,1,0,0,0,2,2,0,4,2,5,3,9
2013.0,0.0,0.0,0.0,3,1,3,0,0,0,1,4,1,1,0,1,5,1,1,16,0,1,0,1,0,2,1,0,4,2,5,3,9
2013.0,26.928,1.0,0.0,2,4,4,0,0,0,1,1,1,1,0,1,5,1,1,17,0,1,0,1,0,1,1,0,4,2,5,3,9
2013.0,0.0,0.0,0.0,3,6,4,0,0,0,1,5,1,1,0,0,5,1,1,17,0,1,0,1,0,1,1,0,4,8,5,8,3
2013.0,149.952,0.0,0.0,3,10,0,0,0,0,1,5,1,1,0,0,5,1,1,18,0,1,0,1,0,2,1,0,6,9,5,3,3
2013.0,99.792,0.0,0.0,3,1,0,0,0,0,1,5,1,1,0,1,9,1,1,18,0,1,0,1,0,1,2,0,6,7,5,3,3
2013.0,0.0,0.0,0.0,3,4,0,0,0,0,0,5,1,1,0,0,1,1,1,18,0,1,0,1,0,2,2,0,4,2,5,3,9
2013.0,20.064,0.0,0.0,3,6,0,0,0,0,0,5,1,1,0,1,5,1,1,20,0,1,0,0,0,2,1,0,6,7,5,8,3
2013.0,-51.744,0.0,0.0,3,6,3,0,0,0,0,2,1,1,0,1,2,1,1,10,1,1,0,0,0,1,2,0,6,7,5,8,3
2013.0,800.976,0.0,0.0,3,6,3,0,0,0,2,9,1,1,0,0,9,1,1,13,1,1,0,0,0,0,1,0,6,0,5,8,8
2013.0,-23.76,2.0,0.0,2,10,3,0,0,0,1,5,1,1,0,0,5,1,1,14,1,1,0,0,0,1,2,0,6,9,5,3,2
2013.0,50.16,0.0,0.0,3,6,3,0,0,0,0,5,1,1,0,0,5,1,1,15,1,1,0,0,0,2,1,0,6,0,5,8,3
2013.0,200.112,0.0,0.0,3,10,3,0,0,0,1,5,1,1,0,0,5,1,1,17,1,1,0,1,0,2,1,0,6,5,9,3,5
2013.0,0.0,0.0,0.0,3,6,0,0,0,0,1,5,1,1,0,1,5,1,1,21,1,1,0,0,0,1,2,0,4,7,5,8,3
2013.0,1000.032,0.0,0.0,3,10,0,0,0,0,1,5,1,1,0,1,5,1,1,5,2,1,0,0,0,0,1,0,6,9,5,3,2
2013.0,-200.112,1.0,0.0,3,6,2,0,0,0,1,9,1,1,0,1,9,1,1,6,2,1,0,0,0,1,1,0,6,0,5,3,3
2013.0,-231.792,0.0,0.0,3,8,1,0,0,0,0,7,1,1,1,1,1,1,1,7,2,1,0,1,0,2,0,0,0,0,5,6,1
2013.0,314.16,0.0,0.0,3,6,3,0,0,0,0,2,1,1,0,1,2,1,1,8,2,1,0,1,0,2,2,0,6,7,5,8,3
2013.0,64.944,2.0,0.0,3,6,3,0,0,0,1,9,1,1,0,1,9,1,1,11,2,1,0,0,0,0,1,0,6,0,5,8,3
2013.0,-233.904,1.0,0.0,2,5,3,0,0,2,1,2,1,1,0,1,5,1,1,12,2,1,0,0,0,1,1,0,6,5,5,9,3
2013.0,-63.888,0.0,0.0,3,10,3,0,0,0,0,3,1,1,0,1,2,1,1,12,2,1,0,0,0,1,1,0,6,5,5,6,6
2013.0,0.0,0.0,0.0,3,4,3,0,0,0,0,9,1,1,0,1,2,1,1,12,2,1,0,0,0,2,1,0,4,2,5,3,9
2013.0,0.0,0.0,0.0,3,4,3,0,0,0,0,6,1,1,0,1,6,1,1,16,2,1,0,1,0,2,0,0,2,5,5,9,9
2013.0,0.0,0.0,0.0,3,4,3,0,0,0,0,2,1,1,0,0,5,1,1,17,2,1,0,1,0,0,1,0,4,2,5,3,9
2013.0,64.944,1.0,0.0,2,4,1,0,0,0,1,1,1,1,2,1,5,1,1,18,2,1,0,1,0,0,2,0,6,2,5,3,9
2013.0,38.016,0.0,0.0,3,6,3,0,0,0,1,2,1,1,0,0,2,1,1,8,3,1,0,1,0,1,1,0,4,7,5,8,3
2013.0,-68.112,0.0,0.0,3,6,3,0,0,0,2,2,1,1,0,0,2,1,1,10,3,1,0,0,0,0,1,0,4,8,5,8,3
2013.0,-89.76,1.0,0.0,2,1,3,0,0,0,1,1,1,1,2,1,2,1,1,11,3,1,0,0,0,1,2,0,6,2,5,3,5
2013.0,0.0,0.0,0.0,3,4,3,0,0,0,0,4,1,1,0,0,5,1,1,14,3,1,0,0,0,1,1,0,4,7,5,3,9
2013.0,-700.128,0.0,0.0,3,6,3,0,0,0,1,1,1,1,0,0,1,1,1,16,3,1,0,1,0,2,1,0,6,7,5,3,3
2013.0,42.24,0.0,0.0,3,6,4,0,0,0,1,5,1,1,0,1,5,1,1,17,3,1,0,1,0,1,1,0,4,7,5,8,3
2013.0,0.0,0.0,0.0,3,1,3,0,0,0,1,6,1,1,0,0,5,1,1,17,3,1,0,1,0,1,1,0,4,0,5,3,9
2013.0,0.0,0.0,0.0,3,4,0,0,0,0,1,1,1,1,0,1,9,1,1,18,3,1,0,1,0,1,1,0,4,5,5,3,9
2013.0,1320.0,0.0,0.0,3,6,0,0,0,0,0,5,1,1,0,1,5,1,1,18,3,1,0,1,0,2,2,0,6,0,5,8,3
2013.0,0.0,0.0,0.0,3,4,3,0,0,0,1,1,1,1,0,1,2,1,1,6,4,1,0,0,0,1,0,0,2,4,5,3,9
2013.0,22.176,0.0,0.0,3,6,0,0,0,0,1,2,1,1,0,1,2,1,1,6,4,1,0,0,0,1,1,0,4,7,5,8,3
2013.0,0.0,0.0,0.0,3,4,3,1,0,0,1,1,1,1,0,1,9,1,1,7,4,1,0,1,0,2,1,0,4,2,5,3,9
2013.0,278.256,1.0,0.0,3,6,3,0,0,0,1,2,1,1,0,1,2,1,1,8,4,1,0,1,0,1,2,0,6,8,5,8,3
2013.0,-281.952,0.0,0.0,3,6,3,0,0,0,0,2,1,1,0,1,2,1,1,10,4,1,0,0,0,2,1,0,6,8,5,8,3
2013.0,-242.88,0.0,0.0,3,1,3,0,0,0,1,1,1,1,0,0,5,1,1,11,4,1,0,0,0,1,0,0,0,2,5,3,9
2013.0,0.0,2.0,0.0,2,4,3,0,0,0,1,9,1,1,0,0,1,1,1,12,4,1,0,0,0,1,2,0,4,4,7,3,9
2013.0,0.0,0.0,0.0,3,1,3,0,0,0,0,5,1,1,0,1,2,1,1,13,4,1,0,0,0,0,1,0,4,5,0,3,3
2013.0,38.016,1.0,0.0,2,5,3,0,0,3,1,2,1,0,0,1,9,1,1,15,4,1,0,0,0,2,2,0,4,2,5,3,7
2013.0,-32.208,1.0,0.0,2,4,3,0,0,0,0,5,1,1,3,0,1,1,1,16,4,1,0,1,0,2,1,0,4,0,5,7,9
2013.0,-35.904,0.0,0.0,3,6,0,0,0,0,0,1,0,1,0,1,1,1,1,19,4,1,0,1,0,1,0,0,2,7,5,8,8
2013.0,0.0,1.0,0.0,3,1,0,0,0,0,0,1,0,1,0,1,2,1,1,2,5,1,1,0,0,2,1,0,4,2,5,3,3
2013.0,0.0,0.0,0.0,3,1,3,0,0,0,0,2,1,1,0,1,9,1,1,7,5,1,1,1,0,1,1,0,4,0,5,3,9
2013.0,-106.128,1.0,0.0,3,10,3,0,0,0,0,5,1,1,0,1,5,1,1,10,5,1,1,0,0,1,2,0,4,9,5,3,2
2013.0,299.904,0.0,0.0,3,10,3,0,0,0,1,5,1,1,0,1,5,1,1,15,5,1,1,0,0,1,1,0,6,9,5,3,2
2013.0,-200.112,0.0,0.0,3,6,3,0,0,0,0,5,1,1,0,1,5,1,1,15,5,1,1,0,0,1,2,0,6,4,5,3,9
2013.0,0.0,0.0,0.0,3,1,3,0,0,0,0,2,1,1,0,0,1,1,1,9,6,1,1,1,0,0,1,0,2,2,5,3,3
2013.0,-80.256,1.0,0.0,3,10,3,0,0,0,1,5,1,1,0,1,5,1,1,11,6,1,1,0,0,2,1,0,6,9,5,3,3
2013.0,0.0,1.0,0.0,3,1,3,0,0,0,0,9,1,1,0,0,5,1,1,12,6,1,1,0,0,2,2,0,2,2,5,3,3
2013.0,0.0,1.0,0.0,3,6,3,0,0,0,1,5,1,1,0,0,5,1,1,15,6,1,1,0,0,1,2,0,4,8,5,8,3
2013.0,-99.792,6.0,0.0,1,1,4,4,0,0,1,9,0,1,0,1,1,1,1,17,6,1,1,1,0,2,1,0,6,9,5,3,2
2013.0,0.0,1.0,0.0,3,4,0,0,0,0,2,1,1,1,0,0,4,1,1,22,6,1,1,0,0,0,2,0,4,2,5,9,3
2013.0,-60.192,0.0,0.0,3,6,3,0,0,0,2,2,1,1,0,0,2,1,1,7,0,1,0,1,0,0,1,0,2,7,5,8,3
2013.0,0.0,0.0,0.0,3,4,3,0,0,0,1,3,1,1,0,0,9,1,1,7,0,1,0,1,0,1,1,0,0,2,5,3,9
2013.0,636.768,1.0,0.0,3,1,3,0,0,0,0,3,1,1,0,1,9,1,1,8,0,1,0,1,0,0,1,0,6,5,5,3,9
2013.0,0.0,1.0,0.0,2,4,3,0,0,0,1,5,1,1,2,0,2,1,1,8,0,1,0,1,0,2,2,0,4,2,5,3,9
2013.0,0.0,0.0,0.0,3,1,3,0,0,0,1,1,1,1,0,1,2,1,1,9,0,1,0,1,0,2,2,0,4,2,5,3,3
2013.0,99.792,0.0,0.0,3,6,3,0,0,0,1,9,1,1,0,1,9,1,1,11,0,1,0,0,0,1,1,0,6,5,5,3,3
2013.0,-45.936,0.0,0.0,3,1,3,0,0,2,1,2,1,1,0,0,1,1,1,11,0,1,0,0,0,1,0,0,4,5,5,8,3
2013.0,-4.752,0.0,0.0,3,10,3,0,0,0,0,6,1,1,2,1,1,1,1,13,0,1,0,0,0,0,1,0,4,5,5,3,9
2013.0,-26.928,0.0,0.0,3,6,3,0,0,0,1,1,1,1,0,0,1,1,1,14,0,1,0,0,0,1,0,0,4,0,5,8,8
2013.0,-418.176,0.0,0.0,3,4,3,0,0,0,1,4,1,1,0,1,1,1,1,14,0,1,0,0,0,1,1,0,6,5,5,3,9
2013.0,0.0,1.0,0.0,2,4,3,0,0,0,1,6,1,1,0,0,2,1,1,14,0,1,0,0,0,1,2,0,4,2,5,3,9
2013.0,1502.16,1.0,0.0,2,1,3,0,0,0,0,6,1,1,0,1,9,1,1,16,0,1,0,1,0,1,2,0,6,2,5,3,9
2013.0,0.0,0.0,0.0,3,6,3,0,0,0,1,2,1,1,0,0,2,1,1,16,0,1,0,1,0,1,2,0,4,0,5,8,3
2013.0,0.0,0.0,0.0,3,4,3,0,0,0,1,5,1,1,0,1,1,1,1,17,0,1,0,1,0,0,1,0,2,2,5,3,9
2013.0,-299.904,0.0,0.0,3,12,3,4,3,0,2,8,1,1,0,0,8,1,1,17,0,1,0,1,0,0,1,0,6,5,3,5,5
2013.0,161.04,1.0,0.0,3,6,0,0,0,0,0,5,1,1,0,1,5,1,1,18,0,1,0,1,0,2,1,0,6,0,5,3,3
2013.0,-289.872,0.0,0.0,3,10,0,0,0,0,2,5,1,1,0,1,5,1,1,18,0,1,0,1,0,0,1,0,6,9,5,3,3
2013.0,-50.16,0.0,0.0,3,1,0,0,0,0,1,9,1,1,0,1,3,1,1,21,0,1,0,0,0,1,2,0,2,5,5,9,3
2013.0,-26.928,0.0,0.0,3,10,0,0,0,0,1,5,1,0,0,1,5,1,1,5,1,1,0,0,0,1,1,0,2,0,5,3,2
2013.0,0.0,0.0,0.0,3,4,2,0,0,0,0,1,1,1,0,1,9,1,1,5,1,1,0,0,0,1,1,0,4,2,5,3,9
2013.0,0.0,0.0,0.0,3,1,3,0,0,0,1,1,1,1,0,1,5,1,1,9,1,1,0,1,0,2,1,0,2,2,5,3,3
2013.0,-296.208,0.0,0.0,3,6,3,0,0,0,0,2,1,1,0,0,2,1,1,9,1,1,0,1,0,2,2,0,6,8,5,8,3
2013.0,-70.224,0.0,0.0,3,10,3,0,0,0,0,1,1,1,0,0,5,1,1,10,1,1,0,0,0,2,1,0,6,4,5,3,9
2013.0,0.0,1.0,0.0,2,4,3,0,0,0,0,7,1,1,0,0,1,1,1,10,1,1,0,0,0,1,1,0,4,2,5,3,9
2013.0,0.0,0.0,0.0,3,4,3,0,0,0,1,6,1,1,0,0,2,1,1,12,1,1,0,0,0,1,1,0,4,2,5,3,9
2013.0,0.0,1.0,0.0,3,4,3,0,0,0,1,1,1,1,0,1,9,1,1,12,1,1,0,0,0,2,2,0,4,4,5,3,9
2013.0,436.128,1.0,0.0,3,1,3,0,0,0,0,5,1,1,0,0,9,1,1,12,1,1,0,0,0,1,2,0,0,2,5,3,9
2013.0,0.0,0.0,0.0,3,4,3,0,0,0,1,1,1,1,0,0,9,1,1,13,1,1,0,0,0,2,0,0,4,2,5,3,9
2013.0,819.984,1.0,0.0,2,4,3,0,0,0,1,5,1,1,0,1,9,1,1,14,1,1,0,0,0,0,2,0,6,2,5,3,9
2013.0,-40.128,1.0,0.0,2,1,3,0,0,2,1,9,1,1,0,1,2,1,1,15,1,1,0,0,0,1,0,0,4,9,5,9,7
2013.0,-112.992,2.0,0.0,3,6,3,0,0,0,0,5,1,1,0,0,5,1,1,16,1,1,0,1,0,1,1,0,6,7,5,8,3
2013.0,-20.064,0.0,0.0,3,6,3,0,0,0,1,9,1,1,0,0,9,1,1,16,1,1,0,1,0,1,1,0,6,7,5,8,3
2013.0,-259.776,0.0,0.0,3,6,0,0,0,0,0,5,1,1,0,1,5,1,1,18,1,1,0,1,0,2,2,0,6,0,5,8,3
2013.0,-350.064,1.0,0.0,3,6,0,0,0,0,1,1,1,1,0,1,1,1,1,19,1,1,0,1,0,2,1,0,6,7,5,8,3
2013.0,0.0,0.0,0.0,3,6,0,0,0,0,1,5,1,1,0,1,5,1,1,19,1,1,0,1,0,1,1,0,2,0,5,3,3
2013.0,0.0,1.0,0.0,3,1,0,0,0,0,0,5,0,0,0,0,1,1,1,21,1,1,0,0,0,2,2,0,4,2,5,8,9
2013.0,0.0,0.0,0.0,3,4,3,0,0,0,0,1,1,1,0,0,5,1,1,7,2,1,0,1,0,0,1,0,4,2,5,3,9
2013.0,-70.752,0.0,0.0,3,6,3,0,0,0,0,1,1,1,0,1,1,1,1,8,2,1,0,1,0,1,0,0,4,7,5,8,3
2013.0,92.928,0.0,0.0,3,6,3,0,0,0,1,9,1,1,0,0,9,1,1,8,2,1,0,1,0,1,1,0,4,7,5,8,3
2013.0,-70.752,0.0,0.0,3,10,3,0,0,0,0,9,1,1,0,0,9,1,1,12,2,1,0,0,0,2,1,0,6,9,5,3,2
2013.0,-44.88,0.0,0.0,3,6,3,0,0,0,0,2,1,1,0,0,2,1,1,14,2,1,0,0,0,2,0,0,4,0,5,8,8
2013.0,77.088,1.0,0.0,3,6,3,0,0,0,1,2,1,1,0,1,2,1,1,14,2,1,0,0,0,1,1,0,6,7,5,8,3
2013.0,170.016,5.0,0.0,2,4,3,0,0,0,1,2,1,1,0,1,9,1,1,14,2,1,0,0,0,1,2,0,6,2,5,3,9
2013.0,194.832,0.0,0.0,3,8,0,0,0,0,2,2,1,1,1,1,1,1,1,14,2,1,0,0,0,0,0,0,0,0,5,6,1
2013.0,114.048,0.0,0.0,3,1,3,0,0,0,1,6,1,1,0,1,9,1,1,15,2,1,0,0,0,1,2,0,6,5,5,3,9
2013.0,-55.968,0.0,0.0,3,6,3,0,0,0,0,2,1,1,0,1,2,1,1,15,2,1,0,0,0,1,0,0,4,7,5,8,3
2013.0,-102.96,0.0,0.0,3,1,3,0,0,0,1,2,1,1,0,0,2,1,1,16,2,1,0,1,0,1,2,0,4,9,5,3,2
2013.0,0.0,0.0,0.0,3,6,3,0,0,0,0,2,1,1,0,1,2,1,1,16,2,1,0,1,0,2,2,0,6,7,5,8,3
2013.0,61.776,1.0,0.0,3,6,4,0,0,0,1,9,1,1,0,1,9,1,1,17,2,1,0,1,0,2,1,0,4,0,5,8,3
2013.0,44.88,1.0,0.0,3,6,4,0,0,0,1,5,1,1,0,0,5,1,1,18,2,1,0,1,0,1,2,0,4,0,5,8,3
2013.0,-165.264,0.0,0.0,3,6,0,0,0,0,0,5,1,1,0,0,5,1,1,18,2,1,0,1,0,2,1,0,4,0,5,8,3
2013.0,-70.224,0.0,0.0,3,4,0,0,0,0,2,1,1,1,0,0,5,1,1,19,2,1,0,1,0,0,2,0,4,2,5,3,9
2013.0,-500.016,0.0,0.0,3,10,0,0,0,0,1,5,1,1,0,1,5,1,1,20,2,1,0,0,0,2,1,0,6,9,5,3,2
2013.0,21.12,0.0,0.0,3,6,2,0,0,0,0,9,1,1,0,1,9,1,1,7,3,1,0,1,0,2,2,0,4,7,5,8,3
2013.0,-60.192,1.0,0.0,3,4,3,0,0,0,0,1,1,1,0,0,2,1,1,8,3,1,0,1,0,2,0,0,0,2,5,3,9
2013.0,63.888,0.0,0.0,3,5,3,0,0,0,1,2,1,1,0,0,5,1,1,8,3,1,0,1,0,1,0,0,4,0,5,8,1
2013.0,0.0,0.0,0.0,3,4,3,0,0,0,2,7,1,1,2,1,1,1,1,10,3,1,0,0,0,0,1,0,6,2,5,3,9
2013.0,2000.064,2.0,0.0,2,6,3,0,0,0,0,5,1,1,0,0,5,1,1,11,3,1,0,0,0,1,0,0,4,8,5,8,3
2013.0,83.952,0.0,0.0,3,6,3,0,0,0,2,9,1,1,0,0,9,1,1,12,3,1,0,0,0,0,1,0,4,8,5,8,3
2013.0,127.248,0.0,0.0,3,6,3,0,0,0,0,5,1,1,0,1,5,1,1,13,3,1,0,0,0,2,1,0,6,0,5,8,3
2013.0,78.144,0.0,0.0,3,6,3,0,0,0,0,1,1,1,0,1,1,1,1,14,3,1,0,0,0,2,2,0,9,0,5,8,3
2013.0,-401.808,0.0,0.0,3,10,3,0,0,0,1,9,1,1,0,1,9,1,1,15,3,1,0,0,0,2,1,0,6,9,5,3,2
2013.0,0.0,0.0,0.0,3,6,3,0,0,0,1,1,1,1,0,0,1,1,1,15,3,1,0,0,0,1,1,0,2,7,5,8,3
2013.0,0.0,1.0,0.0,3,1,3,0,0,0,0,9,1,1,0,0,2,1,1,15,3,1,0,0,0,0,0,0,4,2,5,3,3
2013.0,426.096,0.0,0.0,3,4,4,0,0,0,0,3,1,1,0,1,5,1,1,17,3,1,0,1,0,2,2,0,4,2,5,3,9
2013.0,220.176,0.0,0.0,3,6,4,0,0,0,1,1,1,1,0,1,1,1,1,18,3,1,0,1,0,1,1,0,6,0,5,8,3
2013.0,-62.832,0.0,0.0,3,6,0,0,0,0,2,2,1,1,0,0,2,1,1,18,3,1,0,1,0,0,1,0,6,0,5,8,3
2013.0,145.2,1.0,0.0,3,6,0,0,0,0,0,2,1,1,0,0,2,1,1,18,3,1,0,1,0,1,1,0,6,7,5,8,3
2013.0,-224.928,0.0,0.0,3,12,1,0,0,0,2,8,1,1,1,1,5,1,1,19,3,1,0,1,0,0,1,0,6,0,5,6,5
2013.0,0.0,0.0,0.0,3,6,0,0,0,0,1,5,1,1,0,1,5,1,1,20,3,1,0,0,0,2,1,0,4,7,5,8,3
2013.0,149.952,2.0,0.0,3,6,0,0,0,0,0,1,1,1,0,1,1,1,1,21,3,1,0,0,0,1,2,0,6,0,5,8,3
2013.0,700.128,0.0,0.0,3,6,0,0,0,0,2,1,1,1,0,0,1,1,1,0,4,1,0,0,0,0,2,0,6,7,5,8,3
2013.0,0.0,2.0,0.0,2,4,3,0,0,0,1,1,1,1,0,1,9,1,1,8,4,1,0,1,0,1,1,0,4,2,5,9,3
2013.0,146.256,0.0,0.0,3,6,3,0,0,0,1,5,1,1,0,0,5,1,1,10,4,1,0,0,0,2,2,0,4,7,5,8,3
2013.0,0.0,0.0,0.0,3,12,0,4,3,0,1,8,1,1,0,1,8,1,1,12,4,1,0,0,0,1,1,0,6,5,5,5,5
2013.0,-81.84,0.0,0.0,3,6,3,0,0,0,1,2,1,1,0,0,2,1,1,13,4,1,0,0,0,1,2,0,4,7,5,8,3
2013.0,0.0,0.0,0.0,3,4,3,0,0,0,1,2,1,1,0,1,1,1,1,14,4,1,0,0,0,2,0,0,4,2,5,3,9
2013.0,240.24,1.0,0.0,3,4,3,0,0,0,0,2,1,1,0,1,1,1,1,16,4,1,0,1,0,2,1,0,6,2,5,3,9
2013.0,0.0,0.0,0.0,3,1,3,0,0,0,1,2,1,1,0,0,1,1,1,16,4,1,0,1,0,2,2,0,0,2,5,3,5
2013.0,299.904,0.0,0.0,3,1,3,0,0,0,1,3,1,1,0,0,5,1,1,17,4,1,0,1,0,1,1,0,6,2,5,3,5
2013.0,-58.08,1.0,0.0,2,1,2,0,0,0,2,9,1,1,2,1,5,1,1,18,4,1,0,1,0,0,2,0,4,2,5,3,9
2013.0,20.064,0.0,0.0,3,5,0,0,0,0,2,9,1,1,1,1,1,1,1,0,5,1,1,0,0,0,1,0,4,5,5,6,1
2013.0,-32.208,0.0,0.0,3,12,0,0,0,0,2,8,1,1,1,1,2,1,1,0,5,1,1,0,0,0,1,0,4,5,5,6,5
2013.0,0.0,0.0,0.0,3,4,0,0,0,0,1,2,0,1,0,1,1,1,1,0,5,1,1,0,0,1,1,0,4,2,5,9,3
2013.0,117.216,4.0,0.0,2,6,0,0,0,0,0,5,0,1,0,0,5,1,1,2,5,1,1,0,0,1,2,0,4,7,5,8,3
2013.0,-247.104,3.0,0.0,2,1,0,0,0,0,1,2,0,1,0,1,1,1,1,3,5,1,1,0,0,0,1,0,0,0,5,3,5
2013.0,33.792,0.0,0.0,3,6,3,0,0,0,1,9,1,1,0,0,9,1,1,10,5,1,1,0,0,2,1,0,4,0,5,8,3
2013.0,34.848,0.0,0.0,3,12,3,0,0,0,1,2,1,1,0,0,2,1,1,12,5,1,1,0,0,2,1,0,4,4,5,8,9
2013.0,-205.92,2.0,0.0,3,6,3,0,0,0,1,2,1,1,0,1,2,1,1,13,5,1,1,0,0,2,1,0,4,7,5,8,8
2013.0,0.0,0.0,0.0,3,4,3,0,0,0,1,1,1,1,0,1,5,1,1,14,5,1,1,0,0,1,1,0,4,2,5,9,3
2013.0,10.032,0.0,0.0,3,1,3,0,0,0,1,3,1,1,0,0,3,1,1,15,5,1,1,0,0,2,1,0,2,4,5,9,9
2013.0,269.808,0.0,0.0,3,6,0,0,0,0,1,2,1,1,0,1,2,1,1,18,5,1,1,1,0,2,1,0,6,7,5,3,3
2013.0,149.952,0.0,0.0,3,9,0,0,0,0,2,8,1,1,1,1,1,1,1,21,5,1,1,0,0,0,1,0,6,5,5,6,5
2013.0,574.992,0.0,0.0,3,10,0,0,0,0,2,1,1,1,0,1,1,1,1,2,6,1,1,0,0,0,1,0,6,4,5,8,3
2013.0,129.888,1.0,0.0,1,5,3,0,0,3,0,9,1,1,0,1,2,1,1,7,6,1,1,1,0,1,0,0,6,6,5,3,7
2013.0,45.936,0.0,0.0,3,6,3,0,0,0,1,9,1,1,0,1,9,1,1,9,6,1,1,1,0,1,1,0,4,7,5,8,8
2013.0,20.064,0.0,0.0,3,1,3,0,0,0,0,6,1,1,0,1,7,1,1,10,6,1,1,0,0,0,1,0,4,2,5,9,9
2013.0,60.192,2.0,0.0,3,6,3,0,0,0,1,5,1,1,0,1,5,1,1,12,6,1,1,0,0,1,1,0,4,7,5,8,3
2013.0,-99.792,1.0,0.0,3,6,3,0,0,0,1,9,1,1,0,0,9,1,1,14,6,1,1,0,0,2,1,0,6,0,5,9,3
2013.0,309.936,0.0,0.0,3,10,3,0,0,0,1,9,1,1,0,0,9,1,1,14,6,1,1,0,0,2,2,0,6,9,5,3,2
2013.0,0.0,0.0,0.0,3,4,3,0,0,0,1,6,1,1,0,1,9,1,1,15,6,1,1,0,0,1,1,0,4,5,5,3,9
2013.0,0.0,0.0,0.0,3,4,3,0,0,0,0,2,1,1,0,1,5,1,1,16,6,1,1,1,0,2,1,0,4,2,5,3,9
2013.0,0.0,0.0,0.0,3,6,0,0,0,0,1,1,1,1,0,0,1,1,1,19,6,1,1,1,0,1,1,0,4,5,5,3,3
2013.0,0.0,0.0,0.0,3,4,3,0,0,0,1,9,1,1,0,1,9,1,1,7,0,1,0,1,0,0,1,0,4,5,5,9,9
2013.0,0.0,1.0,0.0,2,1,3,0,0,0,1,2,1,1,0,1,9,1,1,9,0,1,0,1,0,1,1,0,2,2,5,3,3
2013.0,0.0,0.0,0.0,3,1,3,0,0,0,1,2,1,1,0,1,9,1,1,12,0,1,0,0,0,0,1,0,4,9,5,3,9
2013.0,-180.048,1.0,0.0,2,1,3,0,0,2,1,2,1,1,0,0,1,1,1,15,0,1,0,0,0,2,1,0,0,5,5,8,3