Year,Distance,Totalinjuries,Totalfatalities,Injuryseverity,Collisionmanner,Lightcondition,Weather,SurfaceCondition,Unittype_One,Gender_Drv1,Traveldirection_One,AlcoholUse_Drv1,DrugUse_Drv1,Unittype_Two,Gender_Drv2,Traveldirection_Two,AlcoholUse_Drv2,DrugUse_Drv2,Hour,Weekday,Month,Weekend,Rush_Hour,Hazardous_Road,Age_Group_Drv1,Age_Group_Drv2,Substance_Use,Junction_Category,Violation_Category_Drv1,Violation_Category_Drv2,Unitaction_Category_Two,Unitaction_Category_One
2013.0,0.0,0.0,0.0,3,6,3,0,0,0,0,2,1,1,0,0,2,1,1,15,0,1,0,0,0,1,2,0,4,7,5,8,3
2013.0,0.0,0.0,0.0,3,1,3,0,0,0,1,1,1,1,0,1,5,1,1,16,0,1,0,1,0,1,0,0,4,0,5,3,3
2013.0,-40.128,1.0,0.0,2,1,3,0,0,2,1,2,1,1,0,0,1,1,1,16,0,1,0,1,0,1,2,0,4,9,5,8,3
2013.0,-108.24,0.0,0.0,3,1,4,0,0,0,0,4,1,1,0,1,1,1,1,18,0,1,0,1,0,2,1,0,6,4,5,3,9
2013.0,-528.0,0.0,0.0,3,1,0,0,0,0,0,5,1,1,0,1,1,1,1,19,0,1,0,1,0,2,1,0,6,0,5,3,9
2013.0,99.792,0.0,0.0,3,12,0,0,0,0,2,8,1,1,1,1,5,1,1,8,1,1,0,1,0,0,1,0,6,7,5,6,5
2013.0,147.84,0.0,0.0,3,6,3,0,0,0,1,2,1,1,0,0,2,1,1,8,1,1,0,1,0,2,1,0,6,0,5,8,3
2013.0,-212.784,0.0,0.0,3,10,3,0,0,0,1,1,1,1,0,1,1,1,1,9,1,1,0,1,0,0,2,0,6,9,5,3,2
2013.0,0.0,0.0,0.0,3,10,3,0,0,0,0,2,1,1,0,1,2,1,1,10,1,1,0,0,0,2,2,0,4,9,5,3,2
2013.0,155.232,0.0,0.0,3,6,3,0,0,0,1,4,1,1,0,0,9,1,1,14,1,1,0,0,0,2,1,0,6,0,5,3,9
2013.0,-281.952,0.0,0.0,3,1,3,0,0,0,0,2,1,1,0,1,1,1,1,14,1,1,0,0,0,1,0,0,0,2,5,3,9
2013.0,-26.928,1.0,0.0,2,4,3,0,0,0,1,5,1,1,3,1,9,1,1,15,1,1,0,0,0,1,1,0,4,2,5,7,9
2013.0,0.0,0.0,0.0,3,10,3,0,0,0,1,1,1,1,0,1,1,1,1,16,1,1,0,1,0,1,1,0,4,5,5,3,8
2013.0,0.0,1.0,0.0,2,1,4,0,0,0,1,6,1,1,2,1,1,1,1,16,1,1,0,1,0,1,2,0,4,4,5,3,9
2013.0,1056.0,0.0,0.0,3,6,3,0,0,0,1,5,1,1,0,1,5,1,1,17,1,1,0,1,0,1,1,0,1,7,5,8,3
2013.0,0.0,0.0,0.0,3,4,3,0,0,0,1,6,1,1,0,0,2,1,1,17,1,1,0,1,0,1,1,0,2,2,5,3,9
2013.0,-68.112,0.0,0.0,3,6,3,0,0,0,1,5,1,1,0,1,5,1,1,17,1,1,0,1,0,2,1,0,6,0,5,8,3
2013.0,-196.944,1.0,0.0,3,6,4,0,0,0,0,5,1,1,0,0,5,1,1,17,1,1,0,1,0,1,2,0,6,0,5,8,3
2013.0,119.856,0.0,0.0,3,6,3,0,0,0,1,1,1,1,0,1,1,1,1,18,1,1,0,1,0,0,1,0,6,7,5,8,3
2013.0,50.16,0.0,0.0,3,10,3,0,0,0,1,1,1,1,0,1,1,1,1,10,2,1,0,0,0,2,1,0,4,9,5,3,2
2013.0,170.016,0.0,0.0,3,6,3,0,0,0,0,9,1,1,0,0,9,1,1,11,2,1,0,0,0,1,1,0,6,0,5,8,3
2013.0,966.24,0.0,0.0,3,6,3,0,0,0,0,1,1,1,0,1,1,1,1,13,2,1,0,0,0,2,1,0,6,0,5,8,3
2013.0,400.224,0.0,0.0,3,10,3,0,0,0,2,5,1,1,0,0,5,1,1,16,2,1,0,1,0,0,1,0,6,9,5,3,2
2013.0,-344.784,0.0,0.0,3,10,3,0,0,0,0,2,1,1,0,0,2,1,1,16,2,1,0,1,0,2,2,0,6,9,5,3,2
2013.0,295.152,0.0,0.0,3,1,0,0,0,0,1,7,1,1,0,0,5,1,1,18,2,1,0,1,0,1,1,0,6,5,5,3,9
2013.0,-97.152,0.0,0.0,3,1,0,0,0,0,0,1,1,1,0,0,5,1,1,18,2,1,0,1,0,1,2,0,0,2,5,3,9
2013.0,0.0,0.0,0.0,3,1,0,0,0,0,0,6,1,1,0,1,2,1,1,18,2,1,0,1,0,2,1,0,4,2,5,3,9
2013.0,89.76,1.0,0.0,2,6,0,0,0,0,0,2,1,1,0,1,2,1,1,19,2,1,0,1,0,1,1,0,6,0,5,3,2
2013.0,0.0,0.0,0.0,3,9,3,3,4,0,1,7,1,1,0,1,3,1,1,11,3,1,0,0,1,1,1,0,4,7,5,9,9
2013.0,305.184,0.0,0.0,3,1,3,0,0,0,1,5,1,1,0,0,2,1,1,12,3,1,0,0,0,0,1,0,0,2,5,3,9
2013.0,-299.904,2.0,0.0,2,5,3,0,0,0,1,7,1,1,0,1,2,1,1,13,3,1,0,0,0,0,1,0,6,5,5,3,5
2013.0,528.0,1.0,0.0,2,1,3,0,0,0,1,5,1,1,0,1,9,1,1,13,3,1,0,0,0,2,2,0,6,2,5,3,9
2013.0,-200.112,0.0,0.0,3,1,3,0,0,0,1,1,1,1,0,1,1,1,1,14,3,1,0,0,0,2,2,0,4,9,5,3,2
2013.0,-249.744,0.0,0.0,3,6,3,0,0,0,0,2,1,1,0,1,2,1,1,16,3,1,0,1,0,1,2,0,6,7,5,8,3
2013.0,0.0,0.0,0.0,3,6,3,3,4,0,1,2,1,1,0,0,2,1,1,18,3,1,0,1,1,1,1,0,4,7,5,3,8
2013.0,0.0,0.0,0.0,3,1,4,0,0,0,2,2,1,1,0,1,5,1,1,18,3,1,0,1,0,0,1,0,0,9,5,3,9
2013.0,0.0,0.0,0.0,3,4,0,0,0,0,0,7,1,1,0,0,1,1,1,18,3,1,0,1,0,2,2,0,4,2,9,2,9
2013.0,307.824,0.0,0.0,3,6,0,0,0,0,0,5,1,1,0,1,5,1,1,19,3,1,0,1,0,2,2,0,4,7,5,0,3
2013.0,268.224,0.0,0.0,3,6,0,0,0,0,0,5,1,1,0,1,5,1,1,19,3,1,0,1,0,2,2,0,4,7,5,8,3
2013.0,-40.128,0.0,0.0,3,6,0,1,0,0,0,2,0,1,0,0,2,1,1,6,4,1,0,0,0,1,1,0,2,2,5,8,3
2013.0,-805.2,1.0,0.0,2,1,3,1,0,2,0,2,1,1,0,1,9,1,1,7,4,1,0,1,0,2,1,0,0,9,5,9,3
2013.0,109.824,0.0,0.0,3,6,3,1,0,0,2,5,1,1,0,0,5,1,1,8,4,1,0,1,0,0,1,0,6,7,5,8,2
2013.0,120.912,0.0,0.0,3,6,3,1,0,0,1,9,1,1,0,0,9,1,1,8,4,1,0,1,0,2,1,0,4,7,5,3,3
2013.0,-60.192,0.0,0.0,3,6,3,0,0,0,1,2,1,1,0,1,2,1,1,11,4,1,0,0,0,1,0,0,4,8,5,8,3
2013.0,-200.112,0.0,0.0,3,1,3,0,0,0,1,9,1,1,0,0,5,1,1,12,4,1,0,0,0,0,2,0,0,5,5,3,9
2013.0,-840.048,0.0,0.0,3,6,3,0,0,0,1,5,1,1,0,0,5,1,1,14,4,1,0,0,0,2,1,0,1,7,5,8,3
2013.0,0.0,0.0,0.0,3,4,3,1,4,0,0,2,1,1,0,1,1,1,1,15,4,1,0,0,1,1,1,0,4,2,5,3,9
2013.0,-224.928,0.0,0.0,3,6,3,1,4,0,0,2,1,1,0,1,2,1,1,15,4,1,0,0,1,2,2,0,4,8,5,8,3
2013.0,230.208,0.0,0.0,3,10,3,0,0,0,1,5,1,1,0,0,5,1,1,15,4,1,0,0,0,1,2,0,6,4,5,2,2
2013.0,200.112,0.0,0.0,3,5,3,3,4,0,0,9,1,1,0,0,2,1,1,16,4,1,0,1,1,1,1,0,6,2,5,3,9
2013.0,96.096,0.0,0.0,3,6,3,1,0,0,0,1,1,1,0,0,1,1,1,16,4,1,0,1,0,2,2,0,2,0,5,8,8
2013.0,0.0,0.0,0.0,3,4,0,3,4,0,1,1,1,1,0,0,9,1,1,17,4,1,0,1,1,2,1,0,4,2,5,9,3
2013.0,48.048,0.0,0.0,3,6,4,3,4,0,0,1,1,1,0,0,1,1,1,17,4,1,0,1,1,2,2,0,6,0,5,8,3
2013.0,0.0,1.0,0.0,3,6,0,3,4,0,1,5,1,1,0,0,5,1,1,17,4,1,0,1,1,2,1,0,6,7,5,3,3
2013.0,180.048,1.0,0.0,3,6,0,3,4,0,1,5,1,1,0,0,5,1,1,18,4,1,0,1,1,1,2,0,6,7,5,8,3
2013.0,-50.16,0.0,0.0,3,6,0,3,4,0,0,2,1,1,0,1,2,1,1,18,4,1,0,1,1,2,2,0,4,7,5,8,3
2013.0,0.0,3.0,0.0,3,6,0,0,0,0,2,1,1,1,0,1,1,1,1,20,4,1,0,0,0,0,2,0,6,7,5,8,3
2013.0,-125.136,0.0,0.0,3,10,0,3,4,0,2,2,1,1,0,0,2,1,1,20,4,1,0,0,1,0,1,0,6,9,5,3,2
2013.0,0.0,0.0,0.0,3,1,0,1,0,0,1,6,1,1,0,1,3,1,1,23,4,1,0,0,0,2,1,0,4,2,5,9,9
2013.0,-24.816,0.0,0.0,3,6,0,0,0,0,1,1,1,1,0,1,1,1,1,1,5,1,1,0,0,2,1,0,6,7,5,3,3
2013.0,15.84,0.0,0.0,3,10,0,0,0,0,1,5,1,1,0,1,5,1,1,2,5,1,1,0,0,1,1,0,6,4,5,3,9
2013.0,-20.064,0.0,0.0,3,4,0,3,4,0,1,1,1,1,0,1,5,1,1,4,5,1,1,0,1,1,1,0,2,4,5,8,9
2013.0,14.784,0.0,0.0,3,1,0,3,4,0,0,6,0,1,0,1,5,1,1,5,5,1,1,0,1,2,1,0,2,5,5,3,8
2013.0,0.0,0.0,0.0,3,4,0,3,4,0,1,1,1,1,0,1,5,1,1,6,5,1,1,0,1,1,2,0,4,5,5,9,3
2013.0,0.0,0.0,0.0,3,4,3,3,4,0,0,1,1,1,0,1,9,1,1,11,5,1,1,0,1,0,2,0,4,0,5,3,9
2013.0,70.224,0.0,0.0,3,10,3,3,4,0,1,5,1,1,0,1,5,1,1,12,5,1,1,0,1,1,1,0,6,9,5,3,2
2013.0,-64.944,0.0,0.0,3,6,3,3,4,0,2,2,1,1,0,0,2,1,1,13,5,1,1,0,1,0,1,0,2,7,5,8,5
2013.0,0.0,0.0,0.0,3,1,3,3,4,0,1,9,1,1,0,1,2,1,1,13,5,1,1,0,1,1,0,0,4,2,5,3,3
2013.0,20.064,0.0,0.0,3,6,3,3,4,0,1,5,1,1,0,1,5,1,1,13,5,1,1,0,1,2,1,0,2,7,5,8,8
2013.0,-70.224,0.0,0.0,3,6,3,3,4,0,1,1,1,1,0,0,1,1,1,14,5,1,1,0,1,2,2,0,4,7,5,8,8
2013.0,380.16,0.0,0.0,3,4,3,3,4,0,0,5,1,1,0,1,9,1,1,15,5,1,1,0,1,1,1,0,0,4,5,9,3
2013.0,-43.824,0.0,0.0,3,1,0,3,4,0,1,7,1,1,0,1,9,1,1,18,5,1,1,1,1,1,0,0,2,4,5,3,9
2013.0,-14.784,0.0,0.0,3,6,4,3,4,0,2,1,1,1,0,1,1,1,1,18,5,1,1,1,1,0,0,0,4,8,5,3,3
2013.0,-68.112,0.0,0.0,3,6,0,3,4,0,2,1,1,1,0,1,1,1,1,19,5,1,1,1,1,0,2,0,4,5,5,3,3
2013.0,-64.944,0.0,0.0,3,6,0,0,0,0,2,5,1,1,0,1,5,1,1,21,5,1,1,0,0,0,1,0,4,7,5,8,3
2013.0,0.0,0.0,0.0,3,4,3,1,4,0,0,5,1,1,0,1,1,1,1,12,6,1,1,0,1,1,1,0,4,0,5,9,3
2013.0,0.0,1.0,0.0,2,4,3,1,4,0,1,9,1,1,0,1,1,1,1,14,6,1,1,0,1,1,1,0,4,4,5,3,9
2013.0,-10.032,1.0,0.0,3,6,3,3,4,0,1,1,1,1,0,0,1,1,1,16,6,1,1,1,1,0,1,0,4,7,5,8,3
2013.0,599.808,1.0,0.0,3,10,0,3,4,0,1,9,1,1,0,1,9,1,1,18,6,1,1,1,1,0,2,0,0,2,5,3,9
2013.0,-50.16,0.0,0.0,3,4,4,3,4,0,1,1,1,1,0,1,5,1,1,18,6,1,1,1,1,1,1,0,0,2,5,3,5
2013.0,74.976,0.0,0.0,3,6,0,0,0,0,2,5,1,1,0,0,5,1,1,21,6,1,1,0,0,0,2,0,4,7,5,9,9
2013.0,299.904,0.0,0.0,3,6,2,1,4,0,0,9,1,1,0,1,9,1,1,7,0,1,0,1,1,2,1,0,6,0,5,3,3
2013.0,-74.976,0.0,0.0,3,6,3,0,0,0,0,2,1,1,0,0,2,1,1,13,0,1,0,0,0,1,1,0,6,7,5,8,3
2013.0,240.24,1.0,0.0,2,1,3,3,4,2,1,5,1,1,0,1,7,1,1,16,0,1,0,1,1,2,2,0,6,9,5,9,3
2013.0,-44.88,0.0,0.0,3,6,3,0,0,0,0,6,1,1,0,1,6,1,1,17,0,1,0,1,0,1,1,0,4,0,5,8,8
2013.0,0.0,0.0,0.0,3,4,4,1,0,0,2,9,1,1,0,0,1,1,1,18,0,1,0,1,0,0,1,0,4,2,5,3,9
2013.0,0.0,0.0,0.0,3,12,1,0,0,0,1,7,1,1,0,0,5,1,1,20,0,1,0,0,0,1,2,0,4,5,5,3,9
2013.0,0.0,1.0,0.0,2,4,0,0,0,0,1,5,1,1,0,1,1,1,1,23,0,1,0,0,0,2,2,0,4,2,5,3,9
2013.0,53.856,0.0,0.0,3,6,0,0,0,0,2,2,1,1,0,1,2,1,1,0,1,1,0,0,0,0,1,0,4,0,5,8,3
2013.0,53.856,0.0,0.0,3,6,3,0,0,0,0,2,1,1,0,1,2,1,1,8,1,1,0,1,0,2,1,0,4,7,5,8,3
2013.0,0.0,0.0,0.0,3,4,3,0,0,0,1,1,1,1,0,0,9,1,1,8,1,1,0,1,0,2,0,0,4,4,5,3,9
2013.0,-45.936,0.0,0.0,3,6,3,0,0,0,1,1,1,1,0,1,1,1,1,11,1,1,0,0,0,1,1,0,2,0,5,8,3
2013.0,929.808,1.0,0.0,3,10,3,0,0,0,1,2,1,1,0,0,2,1,1,14,1,1,0,0,0,0,1,0,6,4,5,8,9
2013.0,60.192,0.0,0.0,3,10,3,0,0,0,1,1,1,1,0,1,1,1,1,15,1,1,0,0,0,2,1,0,6,5,5,5,5
2013.0,700.128,1.0,0.0,2,5,3,0,0,0,2,5,1,1,3,1,1,1,1,16,1,1,0,1,0,0,2,0,6,5,5,7,5
2013.0,177.936,0.0,0.0,3,10,4,0,0,0,1,2,1,1,0,0,2,1,1,17,1,1,0,1,0,1,1,0,6,9,5,3,2
2013.0,-89.76,0.0,0.0,3,6,0,0,0,0,1,1,1,1,0,1,1,1,1,20,1,1,0,0,0,2,1,0,4,0,5,8,3
2013.0,639.936,0.0,0.0,3,1,0,0,0,0,1,5,1,1,0,0,9,1,1,21,1,1,0,0,0,2,1,0,6,2,5,3,9
2013.0,-64.944,0.0,0.0,3,6,3,0,0,0,1,2,1,1,0,0,2,1,1,7,2,1,0,1,0,2,1,0,6,8,5,8,3
2013.0,-149.952,0.0,0.0,3,10,3,0,0,0,1,5,1,1,0,0,5,1,1,7,2,1,0,1,0,2,1,0,6,9,5,3,2
2013.0,0.0,3.0,0.0,2,4,3,0,0,0,0,3,1,1,0,0,5,1,1,8,2,1,0,1,0,1,0,0,4,2,5,3,9
2013.0,1099.824,0.0,0.0,3,6,3,0,0,0,0,9,1,1,0,1,9,1,1,10,2,1,0,0,0,2,2,0,6,8,5,8,3
2013.0,0.0,2.0,0.0,3,1,3,0,0,0,0,9,1,1,0,1,2,1,1,10,2,1,0,0,0,1,1,0,4,2,5,3,3
2013.0,99.792,2.0,0.0,2,7,3,0,0,0,1,5,1,1,0,1,5,1,1,13,2,1,0,0,0,0,0,0,6,7,5,8,3
2013.0,10.032,0.0,0.0,3,6,3,0,0,0,0,5,1,1,0,0,5,1,1,13,2,1,0,0,0,2,1,0,4,8,5,8,3
2013.0,202.752,1.0,0.0,3,1,3,0,0,0,1,9,1,1,0,0,2,1,1,15,2,1,0,0,0,1,2,0,6,2,5,3,9
2013.0,117.744,0.0,0.0,3,6,3,0,0,0,0,5,1,1,0,1,5,1,1,15,2,1,0,0,0,2,2,0,4,8,5,8,3
2013.0,0.0,0.0,0.0,3,1,4,0,0,0,1,3,1,1,0,1,4,1,1,18,2,1,0,1,0,0,1,0,4,0,5,9,9
2013.0,-40.128,1.0,0.0,3,6,0,0,0,0,1,1,1,1,0,0,1,1,1,18,2,1,0,1,0,2,1,0,4,7,5,8,3
2013.0,880.176,1.0,0.0,2,1,0,0,0,2,1,5,1,1,0,1,9,1,1,18,2,1,0,1,0,2,2,0,0,9,5,9,3
2013.0,-40.128,0.0,0.0,3,6,0,0,0,0,1,1,1,1,0,1,1,1,1,4,3,1,0,0,0,1,1,0,2,9,5,3,3
2013.0,0.0,0.0,0.0,3,4,3,0,0,0,1,2,1,1,0,1,9,1,1,7,3,1,0,1,0,2,1,0,4,2,5,3,9
2013.0,42.768,1.0,0.0,3,4,3,0,0,0,0,1,1,1,3,0,2,1,1,8,3,1,0,1,0,1,1,0,4,2,5,7,9
2013.0,70.752,0.0,0.0,3,6,3,0,0,0,1,1,1,1,0,1,9,1,1,11,3,1,0,0,0,2,1,0,6,5,5,8,1
2013.0,60.192,0.0,0.0,3,10,3,0,0,0,1,1,1,1,0,1,1,1,1,14,3,1,0,0,0,1,1,0,6,9,4,3,2
2013.0,60.192,0.0,0.0,3,6,3,0,0,0,1,5,1,1,0,0,5,1,1,15,3,1,0,0,0,2,1,0,4,7,5,8,3
2013.0,-344.784,0.0,0.0,3,6,3,0,0,0,1,5,1,1,0,0,5,1,1,17,3,1,0,1,0,2,1,0,4,8,5,3,3
2013.0,0.0,0.0,0.0,3,10,4,0,0,0,1,5,1,1,0,0,5,1,1,17,3,1,0,1,0,1,1,0,4,5,5,3,9
2013.0,180.048,0.0,0.0,3,6,1,0,0,0,1,5,1,1,0,1,5,1,1,18,3,1,0,1,0,2,2,0,2,8,5,8,8
2013.0,0.0,0.0,0.0,3,3,0,0,0,0,1,5,1,1,0,1,2,1,1,19,3,1,0,1,0,1,1,0,4,5,9,3,9
2013.0,429.792,0.0,0.0,3,9,0,0,0,0,1,5,0,1,0,0,2,1,1,20,3,1,0,0,0,1,2,0,6,9,5,3,3
2013.0,-129.888,0.0,0.0,3,10,0,0,0,0,2,1,1,1,0,0,1,1,1,22,3,1,0,0,0,0,1,0,4,7,5,8,2
2013.0,0.0,1.0,0.0,2,1,0,0,0,0,1,5,1,1,0,0,9,1,1,0,4,2,0,0,0,1,2,0,4,5,5,3,9
2013.0,0.0,0.0,0.0,3,4,2,0,0,0,0,7,1,1,0,1,6,1,1,6,4,2,0,0,0,1,0,0,0,0,5,3,9
2013.0,-174.768,1.0,0.0,2,4,3,0,0,0,0,2,1,1,0,1,1,1,1,7,4,2,0,1,0,1,1,0,0,5,5,3,9
2013.0,-64.944,0.0,0.0,3,10,3,0,0,0,1,2,1,1,0,0,2,1,1,7,4,2,0,1,0,0,1,0,2,9,5,3,2
2013.0,-739.2,0.0,0.0,3,4,3,4,0,0,0,2,1,1,0,0,1,1,1,8,4,2,0,1,0,1,1,0,0,2,5,3,9
2013.0,-68.112,1.0,0.0,3,6,3,0,0,0,0,1,1,1,0,1,1,1,1,8,4,2,0,1,0,2,1,0,4,0,5,3,3
2013.0,0.0,0.0,0.0,3,4,3,0,0,0,1,2,1,1,0,0,5,1,1,10,4,2,0,0,0,2,1,0,4,2,5,3,9
2013.0,221.76,0.0,0.0,3,6,3,0,0,0,1,2,1,1,0,1,2,1,1,12,4,2,0,0,0,1,1,0,6,7,5,5,5
2013.0,0.0,0.0,1.0,0,4,3,0,0,0,1,9,1,1,0,0,1,1,0,13,4,2,0,0,0,1,1,0,4,2,5,3,9
2013.0,-40.128,0.0,0.0,3,6,3,0,0,0,1,2,1,1,0,0,2,1,1,13,4,2,0,0,0,2,2,0,4,8,5,8,8
2013.0,-204.864,0.0,0.0,3,1,3,0,0,0,0,6,1,1,0,0,9,1,1,13,4,2,0,0,0,2,2,0,6,5,5,3,9
2013.0,-30.096,1.0,0.0,2,1,3,0,0,0,1,3,1,1,0,1,1,1,1,13,4,2,0,0,0,1,1,0,6,9,5,3,9
2013.0,459.888,0.0,0.0,3,1,3,0,0,0,1,1,1,1,0,0,9,1,1,14,4,2,0,0,0,0,2,0,0,2,5,3,9
2013.0,-185.856,1.0,0.0,3,6,3,0,0,0,0,5,1,1,0,0,5,1,1,15,4,2,0,0,0,1,2,0,6,8,5,8,8
2013.0,0.0,1.0,0.0,3,6,3,0,0,0,1,9,1,1,0,1,9,1,1,15,4,2,0,0,0,1,0,0,2,0,5,8,3
2013.0,720.192,0.0,0.0,3,1,3,0,0,0,0,3,1,1,0,1,1,1,1,16,4,2,0,1,0,0,1,0,6,2,5,3,9
2013.0,380.16,0.0,0.0,3,4,3,0,0,0,1,2,1,1,0,0,9,1,1,16,4,2,0,1,0,1,0,0,6,2,5,3,9
2013.0,149.952,0.0,0.0,3,6,3,0,0,0,1,1,1,1,0,1,1,1,1,17,4,2,0,1,0,2,1,0,6,0,5,8,3
2013.0,0.0,0.0,0.0,3,1,4,0,0,0,0,5,1,1,0,1,1,1,1,17,4,2,0,1,0,2,1,0,4,2,5,3,3
2013.0,-149.952,0.0,0.0,3,8,3,0,0,0,1,2,1,1,1,1,1,1,1,17,4,2,0,1,0,1,1,0,4,0,5,6,1
2013.0,74.976,1.0,0.0,3,6,0,0,0,0,1,9,1,1,0,0,9,1,1,19,4,2,0,1,0,1,1,0,2,8,5,3,3
2013.0,-249.744,1.0,0.0,2,1,0,0,0,3,1,2,0,1,0,0,1,1,1,19,4,2,0,1,0,1,2,0,6,6,5,3,7
2013.0,-40.128,0.0,0.0,3,6,3,1,0,0,2,1,1,1,0,0,1,1,1,13,5,2,1,0,0,0,2,0,2,5,5,8,3
2013.0,-36.96,0.0,0.0,3,4,3,0,0,0,0,1,1,1,0,0,1,1,1,13,5,2,1,0,0,0,2,0,4,0,5,9,9
2013.0,0.0,0.0,0.0,3,4,3,0,0,0,1,9,1,1,0,1,1,1,1,14,5,2,1,0,0,1,2,0,2,2,5,3,9
2013.0,-24.816,0.0,0.0,3,6,3,0,0,0,1,1,1,1,0,1,1,1,1,16,5,2,1,1,0,1,1,0,2,7,5,8,3
2013.0,-99.792,0.0,0.0,3,6,3,0,0,0,1,5,1,1,0,1,5,1,1,17,5,2,1,1,0,2,0,0,4,8,5,3,3
2013.0,-70.224,0.0,0.0,3,1,4,0,0,0,0,2,1,1,0,1,9,1,1,19,5,2,1,1,0,1,1,0,2,5,5,3,9
2013.0,-23.232,0.0,0.0,3,6,0,0,0,0,0,2,1,1,0,0,2,1,1,3,6,2,1,0,0,1,2,0,2,0,5,8,3
2013.0,-400.224,0.0,0.0,3,10,3,0,0,0,0,1,1,1,0,0,1,1,1,9,6,2,1,1,0,0,1,0,6,9,5,3,2
2013.0,-10.032,0.0,0.0,3,10,0,0,0,0,1,1,1,1,0,0,1,1,1,18,6,2,1,1,0,1,1,0,4,5,5,3,3
2013.0,175.824,0.0,0.0,3,6,0,1,0,0,0,9,1,1,0,0,9,1,1,6,0,2,0,0,0,1,1,0,0,7,5,8,3
2013.0,0.0,2.0,0.0,3,1,3,0,0,0,1,1,1,1,0,1,4,1,1,12,0,2,0,0,0,1,1,0,4,2,5,9,3
2013.0,71.808,0.0,0.0,3,10,3,0,0,0,1,5,1,1,0,0,5,1,1,12,0,2,0,0,0,1,1,0,6,5,5,3,2
2013.0,44.88,0.0,0.0,3,6,3,0,0,0,0,9,1,1,0,1,9,1,1,15,0,2,0,0,0,1,0,0,6,0,5,8,3
2013.0,-70.224,0.0,0.0,3,5,3,0,0,0,1,5,1,1,0,0,2,1,1,15,0,2,0,0,0,2,1,0,6,5,5,8,1
2013.0,152.064,0.0,0.0,3,6,3,0,0,0,1,9,1,1,0,1,9,1,1,16,0,2,0,1,0,1,1,0,4,0,5,8,8
2013.0,0.0,2.0,0.0,3,1,0,0,0,0,1,2,1,1,0,1,6,1,1,18,0,2,0,1,0,2,1,0,2,2,5,9,3
2013.0,-1000.032,1.0,0.0,3,6,0,0,0,0,0,1,1,1,0,0,1,1,1,20,0,2,0,0,0,1,1,0,6,7,5,3,3
2013.0,109.824,0.0,0.0,3,5,0,0,0,0,1,9,1,1,1,1,9,1,1,6,1,2,0,0,0,0,1,0,6,0,5,6,1
2013.0,105.072,2.0,0.0,3,6,3,0,0,0,0,2,1,1,0,0,2,1,1,9,1,2,0,1,0,1,1,0,6,7,5,8,3
2013.0,0.0,1.0,0.0,1,1,3,0,0,0,1,1,1,1,0,0,2,1,1,9,1,2,0,1,0,0,1,0,4,2,5,3,3
2013.0,81.84,0.0,0.0,3,6,3,0,0,0,0,5,1,1,0,1,5,1,1,10,1,2,0,0,0,2,1,0,4,8,5,8,3
2013.0,-61.776,0.0,0.0,3,6,3,0,0,0,1,1,1,1,0,0,1,1,1,11,1,2,0,0,0,2,1,0,4,7,5,8,3
2013.0,-95.04,0.0,0.0,3,6,3,0,0,0,1,2,1,1,0,1,2,1,1,13,1,2,0,0,0,2,1,0,6,7,5,8,3
2013.0,-87.12,1.0,0.0,3,6,3,0,0,0,0,2,1,1,0,1,2,1,1,14,1,2,0,0,0,2,1,0,6,7,5,8,3
2013.0,99.792,0.0,0.0,3,6,3,0,0,0,1,9,1,1,0,1,9,1,1,14,1,2,0,0,0,0,1,0,6,7,5,8,3
2013.0,-701.184,1.0,0.0,2,1,3,0,0,0,1,9,1,1,0,1,9,1,1,14,1,2,0,0,0,1,1,0,0,2,5,9,3
2013.0,-70.752,0.0,0.0,3,6,3,0,0,0,0,1,1,1,0,1,1,1,1,15,1,2,0,0,0,1,2,0,4,7,5,8,8
2013.0,299.904,0.0,0.0,3,6,3,0,0,0,0,1,1,1,0,0,1,1,1,15,1,2,0,0,0,1,2,0,6,7,5,8,3
2013.0,-97.152,1.0,0.0,3,6,3,0,0,0,0,1,1,1,0,0,1,1,1,16,1,2,0,1,0,1,1,0,6,7,5,8,3
2013.0,44.88,1.0,0.0,2,6,3,0,0,0,1,1,1,1,0,1,1,1,1,16,1,2,0,1,0,1,1,0,6,0,5,8,3
2013.0,35.904,0.0,0.0,3,5,3,0,0,0,2,2,1,1,0,0,5,1,1,16,1,2,0,1,0,0,2,0,6,5,5,8,1
2013.0,-33.792,1.0,0.0,2,1,3,0,0,3,1,2,1,1,0,0,9,1,1,16,1,2,0,1,0,2,1,0,4,2,5,3,7
2013.0,0.0,1.0,0.0,2,1,3,0,0,0,2,5,1,1,2,0,9,1,1,17,1,2,0,1,0,0,2,0,4,0,5,3,9
2013.0,62.832,0.0,0.0,3,6,3,0,0,0,1,5,1,1,0,1,5,1,1,17,1,2,0,1,0,1,1,0,2,0,5,8,3
2013.0,615.12,0.0,0.0,3,1,3,0,0,0,1,3,1,1,0,1,5,1,1,17,1,2,0,1,0,1,0,0,6,5,5,3,9
2013.0,159.984,0.0,0.0,3,10,0,0,0,0,0,9,1,1,0,0,9,1,1,18,1,2,0,1,0,1,2,0,6,9,5,3,0