Year,Distance,Totalinjuries,Totalfatalities,Injuryseverity,Collisionmanner,Lightcondition,Weather,SurfaceCondition,Unittype_One,Gender_Drv1,Traveldirection_One,AlcoholUse_Drv1,DrugUse_Drv1,Unittype_Two,Gender_Drv2,Traveldirection_Two,AlcoholUse_Drv2,DrugUse_Drv2,Hour,Weekday,Month,Weekend,Rush_Hour,Hazardous_Road,Age_Group_Drv1,Age_Group_Drv2,Substance_Use,Junction_Category,Violation_Category_Drv1,Violation_Category_Drv2,Unitaction_Category_Two,Unitaction_Category_One
2013.0,0.0,0.0,0.0,3,4,3,0,0,0,0,2,1,1,0,1,9,1,1,7,2,2,0,1,0,1,1,0,4,2,5,3,9
2013.0,-58.08,1.0,0.0,3,6,3,0,0,0,1,2,1,1,0,1,2,1,1,12,2,2,0,0,0,0,1,0,4,0,5,8,3
2013.0,76.032,0.0,0.0,3,6,3,0,0,0,0,9,1,1,0,1,9,1,1,13,2,2,0,0,0,2,1,0,4,7,5,8,3
2013.0,0.0,0.0,0.0,3,1,3,0,0,0,0,1,1,1,0,1,2,1,1,16,2,2,0,1,0,2,1,0,4,2,5,3,3
2013.0,0.0,1.0,0.0,3,4,0,0,0,0,2,5,1,1,0,0,2,1,1,19,2,2,0,1,0,0,1,0,4,2,5,3,9
2013.0,30.096,0.0,0.0,3,10,0,0,0,0,2,9,1,1,0,1,9,1,1,20,2,2,0,0,0,0,1,0,2,9,5,3,9
2013.0,24.816,0.0,0.0,3,6,0,0,0,0,1,5,1,1,0,1,5,1,1,21,2,2,0,0,0,1,1,0,2,7,5,8,3
2013.0,230.208,0.0,0.0,3,6,3,0,0,0,0,2,1,1,0,1,2,1,1,8,3,2,0,1,0,2,1,0,6,8,5,8,3
2013.0,0.0,0.0,0.0,3,4,3,0,0,0,1,2,1,1,0,1,2,1,1,10,3,2,0,0,0,1,0,0,2,4,5,9,9
2013.0,40.128,0.0,0.0,3,6,3,0,0,0,0,2,1,1,0,1,2,1,1,10,3,2,0,0,0,1,2,0,6,5,5,9,9
2013.0,-219.12,0.0,0.0,3,7,3,0,0,0,0,6,1,1,0,0,7,1,1,11,3,2,0,0,0,1,1,0,0,5,5,1,1
2013.0,76.032,0.0,0.0,3,6,3,0,0,0,0,2,1,1,0,0,2,1,1,12,3,2,0,0,0,0,2,0,2,8,5,3,3
2013.0,12.144,1.0,0.0,3,1,3,0,0,2,1,9,1,1,0,0,3,1,1,13,3,2,0,0,0,1,1,0,2,5,5,9,3
2013.0,0.0,0.0,0.0,3,1,3,0,0,0,1,9,1,1,0,0,5,1,1,14,3,2,0,0,0,2,1,0,4,2,5,3,3
2013.0,0.0,0.0,0.0,3,4,3,0,0,0,1,4,1,1,0,0,9,1,1,16,3,2,0,1,0,2,1,0,2,5,5,3,9
2013.0,0.0,0.0,0.0,3,4,3,0,0,0,1,7,1,1,0,1,5,1,1,17,3,2,0,1,0,1,0,0,2,2,5,3,9
2013.0,5377.152,0.0,0.0,3,6,3,0,0,0,0,5,1,1,0,1,5,1,1,17,3,2,0,1,0,1,1,0,6,7,5,8,3
2013.0,-210.144,1.0,0.0,2,1,1,0,0,2,1,2,1,1,0,1,1,1,1,18,3,2,0,1,0,1,1,0,6,1,5,5,3
2013.0,58.08,0.0,0.0,3,6,0,0,0,0,1,9,1,1,0,0,9,1,1,19,3,2,0,1,0,1,1,0,4,0,5,8,3
2013.0,-463.056,0.0,0.0,3,6,3,0,0,0,0,1,1,1,0,1,1,1,1,7,4,2,0,1,0,1,1,0,6,7,5,9,3
2013.0,0.0,2.0,0.0,3,4,3,0,0,0,1,1,1,1,0,0,9,1,1,8,4,2,0,1,0,2,2,0,4,2,5,3,9
2013.0,83.952,0.0,0.0,3,10,3,0,0,0,1,9,1,1,0,1,9,1,1,11,4,2,0,0,0,1,1,0,4,5,5,3,3
2013.0,-99.264,1.0,0.0,3,6,3,0,0,0,0,5,1,1,0,0,5,1,1,14,4,2,0,0,0,2,2,0,6,7,5,8,3
2013.0,-70.224,0.0,0.0,3,6,3,0,0,0,1,2,1,1,0,1,2,1,1,14,4,2,0,0,0,1,1,0,4,7,5,8,3
2013.0,-137.808,0.0,0.0,3,6,3,0,0,0,1,1,1,1,0,1,1,1,1,15,4,2,0,0,0,2,1,0,4,7,5,8,3
2013.0,445.104,1.0,0.0,3,5,3,0,0,2,0,8,1,1,0,1,8,1,1,15,4,2,0,0,0,1,1,0,0,2,5,9,3
2013.0,599.808,1.0,0.0,3,1,3,0,0,0,0,1,1,1,0,1,5,1,1,15,4,2,0,0,0,1,1,0,6,2,5,3,9
2013.0,-99.792,0.0,0.0,3,6,3,0,0,0,0,5,1,1,0,0,5,1,1,17,4,2,0,1,0,2,1,0,2,7,5,8,3
2013.0,77.088,0.0,0.0,3,10,3,0,0,0,1,5,1,1,0,0,5,1,1,17,4,2,0,1,0,2,2,0,4,9,5,3,2
2013.0,0.0,0.0,0.0,3,1,0,0,0,0,0,2,1,1,0,1,2,1,1,19,4,2,0,1,0,2,1,0,2,9,5,3,2
2013.0,-309.936,1.0,0.0,2,10,0,0,0,0,1,6,0,1,0,1,6,1,1,21,4,2,0,0,0,1,2,0,6,4,5,3,2
2013.0,0.0,0.0,0.0,3,6,0,0,0,0,1,5,0,1,0,1,5,1,1,21,4,2,0,0,0,1,1,0,4,8,5,9,9
2013.0,0.0,0.0,0.0,3,10,0,0,0,0,0,7,1,1,0,1,7,1,1,1,5,2,1,0,0,1,1,0,4,4,5,9,9
2013.0,-109.824,0.0,0.0,3,6,3,0,0,0,2,2,1,1,0,0,2,1,1,10,5,2,1,0,0,0,1,0,4,7,5,8,3
2013.0,76.032,3.0,0.0,2,6,3,1,0,0,0,5,1,1,0,1,5,1,1,11,5,2,1,0,0,2,1,0,4,0,5,8,3
2013.0,40.128,2.0,0.0,3,6,3,1,0,0,0,1,1,1,0,0,1,1,1,13,5,2,1,0,0,2,2,0,4,7,5,8,3
2013.0,22.176,0.0,0.0,3,6,3,0,0,0,1,9,1,1,0,1,9,1,1,15,5,2,1,0,0,2,2,0,4,0,5,8,3
2013.0,-85.008,0.0,0.0,3,10,4,0,0,0,1,5,1,1,0,1,5,1,1,18,5,2,1,1,0,2,2,0,4,9,5,3,2
2013.0,-42.24,0.0,0.0,3,6,0,1,0,0,1,5,1,1,0,1,5,1,1,19,5,2,1,1,0,1,1,0,4,8,5,3,3
2013.0,155.76,0.0,0.0,3,10,0,0,0,0,2,8,1,1,1,1,3,1,1,21,5,2,1,0,0,0,1,0,4,5,5,6,5
2013.0,-285.12,0.0,0.0,3,4,0,1,0,0,0,7,1,1,0,0,5,1,1,21,5,2,1,0,0,1,1,0,6,0,5,3,9
2013.0,-88.176,0.0,0.0,3,6,0,0,0,0,1,1,1,1,0,1,1,1,1,0,6,2,1,0,0,2,1,0,2,7,5,8,3
2013.0,99.792,0.0,0.0,3,6,0,0,0,0,1,1,1,1,2,1,1,0,1,0,6,2,1,0,0,2,1,0,6,0,9,3,3
2013.0,51.216,1.0,0.0,3,5,0,0,0,0,1,9,0,1,3,1,2,1,1,3,6,2,1,0,0,1,2,0,4,2,5,7,3
2013.0,78.144,0.0,0.0,3,10,3,0,0,0,0,5,1,1,0,0,9,1,1,12,6,2,1,0,0,2,1,0,2,0,5,3,9
2013.0,299.904,0.0,0.0,3,6,3,0,0,0,0,2,1,1,0,0,2,1,1,13,6,2,1,0,0,2,1,0,6,0,5,3,3
2013.0,109.824,0.0,0.0,3,6,0,0,0,0,1,5,0,1,0,1,5,1,1,18,6,2,1,1,0,2,1,0,6,0,5,8,3
2013.0,0.0,0.0,0.0,3,4,0,0,0,0,0,2,1,1,0,0,9,1,1,21,6,2,1,0,0,2,2,0,4,5,5,3,9
2013.0,-50.16,0.0,0.0,3,6,0,0,0,0,1,1,1,1,0,1,1,1,1,22,6,2,1,0,0,2,1,0,4,8,5,9,9
2013.0,-540.144,0.0,0.0,3,6,0,3,4,0,1,2,1,1,0,1,2,1,1,6,0,2,0,0,1,0,2,0,0,7,5,8,3
2013.0,435.072,0.0,0.0,3,1,3,3,4,0,0,5,1,1,0,0,9,1,1,8,0,2,0,1,1,1,1,0,6,2,5,3,9
2013.0,0.0,0.0,0.0,3,6,3,3,4,0,0,1,1,1,0,1,1,1,1,11,0,2,0,0,1,1,1,0,6,0,5,8,3
2013.0,102.96,0.0,0.0,3,6,3,3,4,0,0,9,1,1,0,1,9,1,1,11,0,2,0,0,1,2,2,0,4,7,5,8,8
2013.0,105.072,0.0,0.0,3,10,3,3,4,0,0,5,1,1,0,1,5,1,1,12,0,2,0,0,1,1,0,0,6,5,5,3,2
2013.0,67.056,0.0,0.0,3,6,3,0,0,0,1,9,1,1,0,0,9,1,1,15,0,2,0,0,0,2,2,0,4,5,5,8,1
2013.0,-70.224,0.0,0.0,3,10,3,0,0,0,1,5,1,1,0,0,5,1,1,16,0,2,0,1,0,1,1,0,6,5,5,8,5
2013.0,0.0,0.0,0.0,3,1,3,0,0,0,0,6,1,1,0,0,9,1,1,17,0,2,0,1,0,2,2,0,4,2,5,3,9
2013.0,200.112,1.0,0.0,3,1,4,0,0,0,0,5,1,1,0,1,5,1,1,17,0,2,0,1,0,2,1,0,6,3,5,3,5
2013.0,-14.784,0.0,0.0,3,6,0,0,0,0,1,1,1,1,0,1,1,1,1,21,0,2,0,0,0,2,2,0,6,8,5,3,3
2013.0,10.032,0.0,0.0,3,10,0,0,0,0,2,3,1,1,0,0,3,1,1,5,1,2,0,0,0,0,2,0,4,4,5,9,9
2013.0,-24.816,0.0,0.0,3,8,3,0,0,0,1,8,1,1,1,1,8,1,1,9,1,2,0,1,0,1,1,0,6,0,5,6,3
2013.0,-66.0,0.0,0.0,3,3,0,0,0,0,2,1,1,1,1,1,9,1,1,9,1,2,0,1,0,0,1,0,6,0,5,6,5
2013.0,-99.792,0.0,0.0,3,6,3,0,0,0,0,2,1,1,0,0,2,1,1,9,1,2,0,1,0,1,1,0,4,8,5,8,3
2013.0,-59.136,0.0,0.0,3,10,3,0,0,0,1,2,1,1,0,1,2,1,1,14,1,2,0,0,0,0,1,0,4,9,5,3,2
2013.0,0.0,1.0,0.0,3,4,3,0,0,0,0,9,1,1,0,0,5,1,1,15,1,2,0,0,0,1,2,0,4,2,5,3,9
2013.0,234.96,1.0,0.0,3,4,3,0,0,3,1,1,1,1,0,1,7,1,1,16,1,2,0,1,0,2,2,0,6,6,5,9,7
2013.0,-30.096,0.0,0.0,3,4,3,0,0,0,0,9,1,1,0,1,1,1,1,16,1,2,0,1,0,1,0,0,4,2,5,9,9
2013.0,0.0,0.0,0.0,3,4,3,0,0,0,0,3,1,1,0,0,5,1,1,17,1,2,0,1,0,2,2,0,6,2,5,3,9
2013.0,0.0,0.0,0.0,3,4,0,0,0,0,1,6,1,1,0,0,2,1,1,18,1,2,0,1,0,2,2,0,4,2,5,3,9
2013.0,400.224,0.0,0.0,3,9,0,0,0,0,2,1,1,1,0,0,9,1,1,20,1,2,0,0,0,0,1,0,6,9,5,8,3
2013.0,224.928,0.0,0.0,3,6,0,0,0,0,0,1,1,1,0,1,1,1,1,5,2,2,0,0,0,1,1,0,6,9,5,3,2
2013.0,0.0,0.0,0.0,3,4,3,0,0,0,1,2,1,1,0,0,9,1,1,8,2,2,0,1,0,1,1,0,4,4,5,8,9
2013.0,-487.872,0.0,0.0,3,1,3,0,0,0,0,9,1,1,0,1,5,1,1,9,2,2,0,1,0,1,1,0,6,2,5,3,3
2013.0,0.0,0.0,0.0,3,4,3,0,0,0,0,8,1,1,0,0,8,1,1,9,2,2,0,1,0,2,2,0,6,2,5,3,9
2013.0,-145.2,0.0,0.0,3,6,3,0,0,0,1,2,1,1,0,1,2,1,1,11,2,2,0,0,0,1,1,0,4,7,5,8,3
2013.0,0.0,0.0,0.0,3,1,3,0,0,0,0,2,1,1,0,1,1,1,1,13,2,2,0,0,0,2,2,0,4,2,5,3,3
2013.0,486.816,1.0,0.0,3,6,3,0,0,0,0,5,1,1,0,1,5,1,1,14,2,2,0,0,0,2,1,0,6,7,5,8,3
2013.0,-76.032,0.0,0.0,3,6,3,0,0,0,0,2,1,1,0,0,2,1,1,14,2,2,0,0,0,1,2,0,4,7,5,8,3
2013.0,-4.752,1.0,0.0,2,1,3,0,0,2,1,1,1,1,0,0,5,1,1,16,2,2,0,1,0,2,2,0,4,2,5,9,7
2013.0,-132.0,0.0,0.0,3,6,3,0,0,0,1,5,1,1,0,0,5,1,1,16,2,2,0,1,0,1,2,0,6,7,5,8,3
2013.0,86.064,0.0,0.0,3,6,3,0,0,0,2,2,1,1,0,1,2,1,1,17,2,2,0,1,0,0,0,0,6,7,5,8,3
2013.0,214.896,0.0,0.0,3,6,3,0,0,0,0,8,1,1,0,1,8,1,1,17,2,2,0,1,0,2,1,0,6,7,5,8,3
2013.0,-279.84,2.0,0.0,3,6,4,0,0,0,0,2,1,1,0,0,2,1,1,18,2,2,0,1,0,1,1,0,6,7,5,8,3
2013.0,0.0,1.0,0.0,3,4,4,0,0,0,1,2,1,1,0,0,5,1,1,19,2,2,0,1,0,2,2,0,4,2,5,3,9
2013.0,159.984,1.0,0.0,3,4,0,0,0,0,0,5,1,1,0,1,2,1,1,23,2,2,0,0,0,2,2,0,6,2,5,3,9
2013.0,-286.176,0.0,0.0,3,6,3,0,0,0,0,2,1,1,0,1,2,1,1,6,3,2,0,0,0,1,0,0,6,8,5,8,3
2013.0,20.064,0.0,0.0,3,6,3,0,0,0,1,9,1,1,0,0,9,1,1,9,3,2,0,1,0,1,2,0,6,7,5,8,3
2013.0,-350.064,0.0,0.0,3,6,3,0,0,0,1,5,1,1,0,0,5,1,1,11,3,2,0,0,0,1,2,0,6,7,5,8,3
2013.0,-68.112,0.0,0.0,3,6,3,0,0,0,0,1,1,1,0,0,1,1,1,15,3,2,0,0,0,2,1,0,4,7,5,8,3
2013.0,0.0,0.0,0.0,3,1,3,0,0,0,1,3,1,1,0,0,9,1,1,15,3,2,0,0,0,1,1,0,4,2,5,3,9
2013.0,375.936,0.0,0.0,3,6,3,0,0,0,1,5,1,1,1,1,0,1,1,16,3,2,0,1,0,2,1,0,6,0,5,6,3
2013.0,0.0,0.0,0.0,3,4,3,0,0,0,1,5,1,1,0,1,5,1,1,16,3,2,0,1,0,0,1,0,2,4,5,9,3
2013.0,249.744,1.0,0.0,3,6,4,0,0,0,1,1,1,1,0,1,1,1,1,18,3,2,0,1,0,0,1,0,6,7,5,8,3
2013.0,-178.992,2.0,0.0,3,6,0,0,0,0,1,2,1,1,0,1,2,1,1,18,3,2,0,1,0,2,1,0,1,7,5,8,3
2013.0,0.0,1.0,0.0,1,4,0,0,0,0,1,2,1,1,0,0,5,1,1,20,3,2,0,0,0,1,1,0,4,2,5,3,9
2013.0,180.048,0.0,0.0,3,10,0,0,0,0,1,9,1,1,0,0,9,1,1,20,3,2,0,0,0,1,2,0,6,4,5,3,9
2013.0,10.032,2.0,0.0,2,6,0,0,0,0,1,9,0,1,0,1,9,1,1,1,4,2,0,0,0,1,1,0,2,2,5,3,3
2013.0,299.904,0.0,0.0,3,12,1,0,0,0,2,8,1,1,1,1,8,1,1,6,4,2,0,0,0,0,1,0,6,5,5,6,5
2013.0,249.744,0.0,0.0,3,5,0,0,3,0,2,8,1,1,1,1,1,1,1,8,4,2,0,1,0,0,1,0,6,5,5,6,5
2013.0,419.76,0.0,0.0,3,1,3,0,0,0,1,1,1,1,0,1,5,1,1,8,4,2,0,1,0,1,2,0,6,2,5,3,9
2013.0,109.824,0.0,0.0,3,10,3,0,0,0,2,9,1,1,0,0,9,1,1,8,4,2,0,1,0,0,1,0,6,5,5,3,3
2013.0,-400.224,0.0,0.0,3,10,3,0,0,0,2,9,1,1,0,1,9,1,1,9,4,2,0,1,0,0,1,0,6,4,5,3,2
2013.0,-40.128,1.0,0.0,3,4,3,0,0,0,0,1,1,1,0,1,5,1,1,9,4,2,0,1,0,0,1,0,0,2,5,3,9
2013.0,81.84,0.0,0.0,3,10,3,0,0,0,1,5,1,1,0,0,5,1,1,10,4,2,0,0,0,0,2,0,4,0,5,3,2
2013.0,-30.096,1.0,0.0,2,5,3,0,0,0,1,2,1,1,2,1,5,1,1,13,4,2,0,0,0,0,2,0,4,4,5,3,9
2013.0,-102.96,0.0,0.0,3,6,3,0,0,0,0,2,1,1,0,0,2,1,1,14,4,2,0,0,0,1,1,0,6,7,5,8,3
2013.0,-66.0,1.0,0.0,3,6,3,0,0,0,1,5,1,1,0,1,5,1,1,14,4,2,0,0,0,1,1,0,4,0,5,8,3
2013.0,-81.84,0.0,0.0,3,6,3,0,0,0,1,2,1,1,0,1,2,1,1,14,4,2,0,0,0,2,0,0,4,8,5,8,3
2013.0,-259.776,0.0,0.0,3,10,3,0,0,0,2,2,1,1,0,0,2,1,1,14,4,2,0,0,0,0,1,0,1,9,5,3,2
2013.0,-125.136,0.0,0.0,3,4,3,0,0,0,1,9,1,1,0,0,9,1,1,15,4,2,0,0,0,2,1,0,6,4,5,9,3
2013.0,-100.848,0.0,0.0,3,6,3,0,0,0,1,1,0,1,0,1,1,1,1,15,4,2,0,0,0,1,1,0,4,7,5,8,3
2013.0,619.872,0.0,0.0,3,6,3,0,0,0,0,5,1,1,0,0,5,1,1,16,4,2,0,1,0,1,2,0,0,8,5,8,3
2013.0,-111.936,0.0,0.0,3,6,3,0,0,0,1,1,1,1,0,0,1,1,1,16,4,2,0,1,0,0,2,0,4,7,5,3,3
2013.0,0.0,0.0,0.0,3,4,0,0,0,0,0,2,1,1,0,0,5,1,1,20,4,2,0,0,0,1,2,0,2,2,5,3,9
2013.0,0.0,0.0,0.0,3,4,0,0,0,0,0,1,1,1,0,1,9,1,1,20,4,2,0,0,0,2,2,0,4,2,5,3,9
2013.0,0.0,0.0,0.0,3,4,0,0,0,0,2,5,1,1,0,1,6,1,1,1,5,2,1,0,0,0,1,0,4,0,5,9,9
2013.0,0.0,0.0,0.0,3,6,3,0,0,0,0,5,1,1,0,0,5,1,1,13,5,2,1,0,0,1,1,0,6,7,5,8,8
2013.0,-40.128,0.0,0.0,3,6,3,0,0,0,1,2,1,1,0,0,2,1,1,15,5,2,1,0,0,2,1,0,4,7,5,8,8
2013.0,520.08,1.0,0.0,2,1,3,0,0,0,0,1,1,1,0,1,5,1,1,16,5,2,1,1,0,1,2,0,6,5,5,3,9
2013.0,200.112,0.0,0.0,3,4,0,0,0,0,0,1,1,1,0,0,5,1,1,19,5,2,1,1,0,1,1,0,4,2,5,3,9
2013.0,-10.032,0.0,0.0,3,10,0,0,0,0,1,5,1,1,0,0,5,1,1,20,5,2,1,0,0,1,2,0,4,9,5,9,9
2013.0,149.952,0.0,0.0,3,12,0,0,0,0,2,8,1,1,1,1,8,1,1,1,6,2,1,0,0,0,1,0,6,0,5,6,5
2013.0,-14.784,3.0,0.0,2,6,1,0,0,0,1,5,0,1,0,1,5,1,1,2,6,2,1,0,0,1,1,0,6,7,5,8,3
2013.0,34.848,0.0,0.0,3,4,0,0,0,0,1,9,1,1,0,1,1,1,1,2,6,2,1,0,0,1,1,0,4,2,5,3,9
2013.0,-108.24,0.0,0.0,3,6,3,0,0,0,1,1,1,1,0,0,1,1,1,12,6,2,1,0,0,1,1,0,4,7,5,8,8
2013.0,-144.144,2.0,0.0,3,6,3,0,0,0,0,1,1,1,0,0,1,1,1,15,6,2,1,0,0,1,1,0,4,7,5,8,3
2013.0,68.112,0.0,0.0,3,6,3,0,0,0,1,1,1,1,0,0,1,1,1,16,6,2,1,1,0,1,1,0,4,7,5,8,8
2013.0,0.0,0.0,0.0,3,10,0,0,0,0,2,2,1,1,0,1,4,1,1,19,6,2,1,1,0,0,1,0,4,7,5,9,3
2013.0,0.0,1.0,0.0,2,4,0,0,0,0,1,9,1,1,0,0,1,1,1,22,6,2,1,0,0,2,2,0,4,0,5,3,9
2013.0,0.0,1.0,0.0,2,4,3,0,0,0,1,7,1,1,2,1,1,1,1,6,0,2,0,0,0,0,2,0,4,0,5,3,9
2013.0,0.0,0.0,0.0,3,10,3,0,0,0,1,3,1,1,0,1,1,1,1,10,0,2,0,0,0,1,1,0,4,9,5,3,2
2013.0,-52.8,0.0,0.0,3,5,3,0,0,2,1,9,1,1,0,0,2,1,1,10,0,2,0,0,0,2,1,0,6,9,5,5,3
2013.0,-44.88,0.0,0.0,3,6,3,0,0,0,1,1,1,1,0,0,1,1,1,11,0,2,0,0,0,1,1,0,2,7,5,8,3
2013.0,-214.896,1.0,0.0,3,6,3,0,0,0,1,9,1,1,0,0,9,1,1,12,0,2,0,0,0,1,1,0,6,7,5,8,3
2013.0,115.104,0.0,0.0,3,6,3,0,0,0,1,5,1,1,0,0,5,1,1,12,0,2,0,0,0,1,1,0,4,7,5,3,3
2013.0,-92.928,0.0,0.0,3,6,3,0,0,0,1,1,1,1,0,1,1,1,1,15,0,2,0,0,0,2,1,0,4,7,5,8,8
2013.0,0.0,2.0,0.0,3,4,3,0,0,0,0,3,1,1,0,0,9,1,1,16,0,2,0,1,0,2,1,0,4,2,5,3,9
2013.0,194.832,0.0,0.0,3,6,3,0,0,0,0,2,1,1,0,1,2,1,1,16,0,2,0,1,0,2,2,0,6,7,5,8,8
2013.0,0.0,0.0,0.0,3,4,0,0,0,0,0,9,1,1,0,1,9,1,1,19,0,2,0,1,0,1,1,0,2,2,5,9,9
2013.0,0.0,0.0,0.0,3,4,3,0,0,0,1,1,1,1,0,1,5,1,1,8,1,2,0,1,0,1,2,0,4,2,5,3,9
2013.0,-25.872,0.0,0.0,3,4,3,0,0,0,2,4,1,1,0,1,9,1,1,11,1,2,0,0,0,0,2,0,4,2,5,3,9
2013.0,578.16,1.0,0.0,2,5,3,0,0,0,1,4,1,1,2,1,9,1,1,13,1,2,0,0,0,1,1,0,4,4,5,3,9
2013.0,-295.152,0.0,0.0,3,6,3,0,0,0,0,2,1,1,0,0,2,1,1,13,1,2,0,0,0,1,1,0,6,0,5,8,3
2013.0,-50.16,0.0,0.0,3,1,3,0,0,0,0,9,1,1,3,1,5,1,1,15,1,2,0,0,0,2,2,0,6,4,5,7,3
2013.0,-32.208,0.0,0.0,3,6,3,0,0,0,1,4,1,1,0,1,4,1,1,15,1,2,0,0,0,0,1,0,4,7,5,8,9
2013.0,-90.816,0.0,0.0,3,6,3,0,0,0,0,1,1,1,0,1,1,1,1,15,1,2,0,0,0,1,1,0,4,8,5,2,3
2013.0,595.056,1.0,0.0,2,6,3,0,0,0,1,5,1,1,0,0,5,1,1,16,1,2,0,1,0,1,1,0,6,0,5,8,3
2013.0,0.0,0.0,0.0,3,6,3,0,0,0,1,6,1,1,0,0,6,1,1,16,1,2,0,1,0,1,2,0,4,7,5,5,5
2013.0,0.0,0.0,0.0,3,4,3,0,0,0,1,9,1,1,0,1,1,1,1,17,1,2,0,1,0,2,2,0,2,2,5,3,9
2013.0,-275.088,0.0,0.0,3,4,3,0,0,0,1,2,1,1,0,1,1,1,1,17,1,2,0,1,0,0,1,0,0,2,5,3,9
2013.0,-299.904,0.0,0.0,3,4,0,0,0,0,0,5,1,1,0,1,1,1,1,18,1,2,0,1,0,1,2,0,0,2,5,3,9
2013.0,14.784,1.0,0.0,2,5,0,0,0,2,0,2,1,1,0,1,3,1,1,19,1,2,0,1,0,1,1,0,4,2,5,9,3
2013.0,0.0,0.0,0.0,3,4,3,3,4,0,1,2,1,1,0,0,9,1,1,7,2,2,0,1,1,1,1,0,4,2,5,3,9
2013.0,0.0,0.0,0.0,3,1,2,3,4,0,0,2,1,1,0,1,2,1,1,7,2,2,0,1,1,1,1,0,4,4,5,9,2
2013.0,63.888,0.0,0.0,3,1,3,3,4,0,0,1,1,1,0,0,1,1,1,7,2,2,0,1,1,2,0,0,4,5,5,9,3
2013.0,-90.816,0.0,0.0,3,6,3,3,4,0,1,1,1,1,0,0,1,1,1,8,2,2,0,1,1,1,1,0,4,8,5,8,3
2013.0,360.096,0.0,0.0,3,4,3,3,4,0,0,3,1,1,0,0,9,1,1,9,2,2,0,1,1,0,1,0,6,2,5,3,9
2013.0,-513.744,0.0,0.0,3,6,3,3,4,0,1,1,1,1,0,1,1,1,1,11,2,2,0,0,1,2,1,0,6,7,5,8,3
2013.0,-57.024,0.0,0.0,3,6,3,1,4,0,1,2,1,1,0,1,2,1,1,12,2,2,0,0,1,2,1,0,4,8,5,8,3
2013.0,-615.12,0.0,0.0,3,1,3,1,4,0,0,9,1,1,0,0,9,1,1,16,2,2,0,1,1,1,1,0,6,9,5,3,2
2013.0,-194.832,0.0,0.0,3,9,3,3,4,0,1,9,1,1,0,0,1,1,1,16,2,2,0,1,1,2,2,0,4,2,5,3,9
2013.0,86.064,2.0,0.0,2,10,4,3,4,0,0,5,1,1,3,1,8,1,1,17,2,2,0,1,1,0,1,0,6,9,5,4,3
2013.0,-99.792,0.0,0.0,3,1,0,3,4,0,0,1,1,1,0,0,9,1,1,19,2,2,0,1,1,2,1,0,4,5,5,9,9
2013.0,-30.096,1.0,0.0,3,1,0,3,4,0,1,2,1,1,3,1,9,1,1,19,2,2,0,1,1,1,2,0,4,2,5,7,9
2013.0,-149.952,0.0,0.0,3,1,0,0,0,0,0,9,1,1,0,1,1,1,1,2,3,2,0,0,0,2,1,0,0,5,5,3,9
2013.0,347.952,0.0,0.0,3,10,3,0,0,0,0,2,1,1,0,0,2,1,1,7,3,2,0,1,0,2,2,0,6,9,5,3,2
2013.0,0.0,0.0,0.0,3,4,3,1,0,0,1,5,1,1,0,1,2,1,1,7,3,2,0,1,0,0,2,0,4,2,5,3,9
2013.0,82.896,0.0,0.0,3,6,3,0,0,0,0,5,1,1,0,1,5,1,1,8,3,2,0,1,0,1,1,0,4,0,5,8,3
2013.0,468.864,3.0,0.0,2,6,3,0,0,0,1,5,1,1,0,1,5,1,1,9,3,2,0,1,0,2,1,0,6,0,5,5,8
2013.0,0.0,1.0,0.0,2,4,3,0,0,0,1,5,1,1,0,1,3,1,1,9,3,2,0,1,0,1,1,0,4,2,5,9,3
2013.0,107.184,0.0,0.0,3,6,3,0,0,0,0,5,1,1,0,0,5,1,1,10,3,2,0,0,0,1,2,0,6,0,5,8,3
2013.0,-299.904,0.0,0.0,3,10,3,0,0,0,1,9,1,1,0,1,9,1,1,10,3,2,0,0,0,1,1,0,6,0,5,3,2
2013.0,-79.2,0.0,0.0,3,6,3,0,0,0,1,2,1,1,0,0,2,1,1,10,3,2,0,0,0,2,1,0,4,0,5,8,8
2013.0,-152.064,0.0,0.0,3,6,3,0,0,0,0,2,1,1,0,1,2,1,1,11,3,2,0,0,0,2,1,0,2,0,5,8,8
2013.0,109.824,0.0,0.0,3,6,3,0,0,0,1,2,1,1,0,0,3,1,1,11,3,2,0,0,0,1,1,0,6,7,5,8,3
2013.0,129.888,2.0,0.0,2,6,3,0,0,0,0,5,1,1,0,1,5,1,1,13,3,2,0,0,0,2,2,0,4,0,5,3,3
2013.0,-70.224,0.0,0.0,3,6,3,0,0,0,1,2,1,1,0,0,2,1,1,14,3,2,0,0,0,1,2,0,2,7,5,8,3
2013.0,-213.84,0.0,0.0,3,6,3,0,0,0,1,5,1,1,0,1,5,1,1,14,3,2,0,0,0,1,1,0,2,7,5,8,3
2013.0,0.0,0.0,0.0,3,4,3,0,0,0,1,6,1,1,0,0,1,1,1,17,3,2,0,1,0,1,0,0,4,2,5,3,9
2013.0,-139.92,0.0,0.0,3,10,3,0,0,0,0,5,1,1,0,0,5,1,1,17,3,2,0,1,0,1,2,0,4,9,5,3,2