Year,Distance,Totalinjuries,Totalfatalities,Injuryseverity,Collisionmanner,Lightcondition,Weather,SurfaceCondition,Unittype_One,Gender_Drv1,Traveldirection_One,AlcoholUse_Drv1,DrugUse_Drv1,Unittype_Two,Gender_Drv2,Traveldirection_Two,AlcoholUse_Drv2,DrugUse_Drv2,Hour,Weekday,Month,Weekend,Rush_Hour,Hazardous_Road,Age_Group_Drv1,Age_Group_Drv2,Substance_Use,Junction_Category,Violation_Category_Drv1,Violation_Category_Drv2,Unitaction_Category_Two,Unitaction_Category_One
2013.0,398.112,0.0,0.0,3,6,3,1,0,0,0,1,1,1,0,1,1,1,1,17,3,2,0,1,0,1,1,0,6,0,5,8,3
2013.0,149.952,0.0,0.0,3,10,2,0,0,0,1,9,1,1,0,1,9,1,1,17,3,2,0,1,0,1,1,0,4,9,5,8,2
2013.0,350.064,2.0,0.0,3,1,0,0,0,0,0,5,1,1,0,1,2,1,1,19,3,2,0,1,0,2,1,0,0,2,5,3,9
2013.0,0.0,0.0,0.0,3,4,0,0,0,0,1,2,1,1,0,0,5,1,1,22,3,2,0,0,0,2,2,0,4,2,5,5,5
2013.0,288.816,0.0,0.0,3,1,0,0,0,0,0,5,1,1,0,1,1,1,1,1,4,2,0,0,0,1,2,0,4,0,5,3,3
2013.0,-295.152,0.0,0.0,3,1,3,0,0,0,1,1,1,1,0,0,5,1,1,7,4,2,0,1,0,0,1,0,0,5,5,3,3
2013.0,0.0,1.0,0.0,3,4,3,0,0,0,1,3,1,1,0,1,2,1,1,7,4,2,0,1,0,1,0,0,2,2,5,3,9
2013.0,0.0,1.0,0.0,3,1,3,0,0,0,1,1,1,1,0,1,2,1,1,8,4,2,0,1,0,1,1,0,4,2,5,3,3
2013.0,54.912,0.0,0.0,3,10,3,0,0,0,1,1,1,1,0,0,1,1,1,8,4,2,0,1,0,1,1,0,4,9,5,3,2
2013.0,69.168,0.0,0.0,3,9,3,0,0,0,1,1,1,1,0,1,9,1,1,8,4,2,0,1,0,1,0,0,4,4,5,8,9
2013.0,0.0,0.0,0.0,3,1,3,0,0,0,1,5,1,1,0,0,1,1,1,11,4,2,0,0,0,2,2,0,4,7,5,9,3
2013.0,-183.744,2.0,0.0,2,6,3,0,0,0,1,2,1,1,0,0,2,1,1,13,4,2,0,0,0,2,2,0,6,7,5,8,3
2013.0,74.976,0.0,0.0,3,6,3,0,0,0,1,9,1,1,0,0,9,1,1,14,4,2,0,0,0,1,1,0,4,7,5,8,3
2013.0,-7.92,0.0,0.0,3,1,3,0,0,0,0,1,1,1,0,0,5,1,1,14,4,2,0,0,0,2,1,0,4,4,5,3,9
2013.0,50.16,0.0,0.0,3,6,3,0,0,0,1,9,1,1,0,0,9,1,1,15,4,2,0,0,0,1,1,0,4,0,5,8,3
2013.0,730.224,0.0,0.0,3,6,3,0,0,0,1,9,1,1,0,0,9,1,1,15,4,2,0,0,0,1,1,0,6,0,5,8,3
2013.0,80.256,0.0,0.0,3,6,3,0,0,0,1,5,1,1,0,0,5,1,1,17,4,2,0,1,0,2,1,0,6,8,5,8,3
2013.0,-44.88,0.0,0.0,3,6,0,0,0,0,0,1,1,1,0,1,1,1,1,17,4,2,0,1,0,1,1,0,4,7,5,8,3
2013.0,429.792,2.0,0.0,2,3,3,0,0,0,1,2,1,1,0,0,5,1,1,17,4,2,0,1,0,1,1,0,6,9,5,3,3
2013.0,0.0,0.0,0.0,3,4,3,0,0,0,1,5,1,1,0,1,2,1,1,17,4,2,0,1,0,2,1,0,4,2,5,3,9
2013.0,124.08,0.0,0.0,3,6,0,0,0,0,1,5,1,1,0,0,5,1,1,18,4,2,0,1,0,2,0,0,4,7,5,8,3
2013.0,-52.8,1.0,0.0,3,6,0,0,0,0,1,5,1,1,0,1,5,1,1,19,4,2,0,1,0,1,0,0,6,0,5,3,3
2013.0,0.0,0.0,0.0,3,1,0,0,0,0,0,1,1,1,0,1,9,1,1,19,4,2,0,1,0,2,1,0,4,5,5,3,9
2013.0,-80.256,0.0,0.0,3,6,0,0,0,0,2,1,1,1,0,0,1,1,1,19,4,2,0,1,0,0,1,0,4,7,5,8,3
2013.0,80.256,0.0,0.0,3,8,0,0,0,0,1,6,1,1,0,0,9,1,1,21,4,2,0,0,0,2,2,0,6,5,5,3,1
2013.0,0.0,1.0,0.0,2,4,3,0,0,0,1,9,1,1,0,1,3,1,1,10,5,2,1,0,0,0,2,0,2,5,5,9,3
2013.0,0.0,1.0,0.0,2,1,3,0,0,0,1,9,1,1,0,0,2,1,1,11,5,2,1,0,0,1,0,0,4,2,5,3,3
2013.0,30.096,0.0,0.0,3,9,3,0,0,0,1,6,1,1,0,1,4,1,1,12,5,2,1,0,0,1,1,0,0,9,5,8,9
2013.0,-54.912,0.0,0.0,3,6,3,0,0,0,2,1,1,1,0,0,1,1,1,12,5,2,1,0,0,0,2,0,2,2,5,8,3
2013.0,0.0,0.0,0.0,3,10,3,4,3,0,1,5,1,1,0,1,5,1,1,13,5,2,1,0,0,1,1,0,2,5,5,3,0
2013.0,0.0,1.0,0.0,2,10,3,0,0,0,0,9,1,1,0,1,9,1,1,13,5,2,1,0,0,0,2,0,4,9,5,3,2
2013.0,-34.848,2.0,0.0,3,6,3,0,0,0,0,2,1,1,0,1,2,1,1,17,5,2,1,1,0,1,1,0,2,8,5,3,3
2013.0,24.816,0.0,0.0,3,10,0,0,0,0,1,1,0,1,1,1,1,1,1,22,5,2,1,0,0,2,1,0,6,5,5,6,3
2013.0,230.208,0.0,0.0,3,4,0,0,0,0,1,9,0,0,0,0,2,1,1,22,5,2,1,0,0,2,2,0,0,5,5,3,9
2013.0,230.208,0.0,0.0,3,6,0,0,0,0,1,2,1,1,0,0,2,1,1,22,5,2,1,0,0,2,2,0,4,0,5,3,3
2013.0,-718.08,0.0,0.0,3,5,0,0,0,3,1,2,0,1,0,0,9,1,1,23,5,2,1,0,0,1,1,0,6,6,5,3,5
2013.0,80.256,0.0,0.0,3,6,0,0,0,0,2,9,1,1,0,1,9,1,1,2,6,2,1,0,0,0,1,0,4,0,5,3,3
2013.0,0.0,1.0,0.0,3,1,3,0,0,2,1,1,1,1,0,1,5,1,1,10,6,2,1,0,0,2,1,0,0,0,5,9,3
2013.0,-80.256,0.0,0.0,3,10,4,0,0,0,2,1,1,1,0,1,1,1,1,18,6,2,1,1,0,0,1,0,4,9,5,3,2
2013.0,0.0,0.0,0.0,3,10,0,0,0,0,1,2,1,1,0,0,2,1,1,20,6,2,1,0,0,0,2,0,6,5,5,3,3
2013.0,60.192,0.0,0.0,3,6,0,0,0,0,0,1,1,1,0,1,1,1,1,22,6,2,1,0,0,2,1,0,6,7,5,8,3
2013.0,307.824,0.0,0.0,3,6,0,0,0,0,0,4,1,1,0,0,4,1,1,23,6,2,1,0,0,2,2,0,6,7,5,8,3
2013.0,200.112,1.0,0.0,3,4,3,0,0,0,1,2,1,1,0,1,9,1,1,8,0,2,0,1,0,1,1,0,6,5,5,9,3
2013.0,0.0,0.0,0.0,3,1,3,0,0,0,0,2,1,1,0,0,9,1,1,8,0,2,0,1,0,1,1,0,4,5,5,3,3
2013.0,51.216,1.0,0.0,3,6,3,0,0,0,0,9,1,1,0,1,9,1,1,11,0,2,0,0,0,1,1,0,6,7,5,8,3
2013.0,-210.144,0.0,0.0,3,1,3,0,0,0,0,4,1,1,0,0,2,1,1,12,0,2,0,0,0,1,2,0,6,2,9,3,9
2013.0,0.0,1.0,0.0,2,4,3,0,0,0,0,4,1,1,0,1,5,1,1,13,0,2,0,0,0,1,1,0,2,2,5,3,9
2013.0,-130.944,0.0,0.0,3,10,3,0,0,0,2,2,1,1,1,1,2,1,1,14,0,2,0,0,0,0,2,0,6,5,5,6,3
2013.0,175.824,0.0,0.0,3,6,3,0,0,0,0,1,1,1,0,0,1,1,1,14,0,2,0,0,0,1,1,0,6,7,5,8,3
2013.0,0.0,0.0,0.0,3,4,3,0,0,0,1,9,1,1,0,1,5,1,1,15,0,2,0,0,0,1,2,0,4,2,5,3,9
2013.0,764.016,0.0,0.0,3,1,3,0,0,0,2,4,1,1,0,0,5,1,1,15,0,2,0,0,0,0,1,0,6,5,5,3,9
2013.0,625.152,0.0,0.0,3,6,3,0,0,0,0,1,1,1,0,0,1,1,1,16,0,2,0,1,0,1,1,0,6,7,5,9,3
2013.0,-91.872,0.0,0.0,3,6,3,0,0,0,1,5,1,1,0,0,5,1,1,18,0,2,0,1,0,2,1,0,3,7,5,3,3
2013.0,0.0,0.0,0.0,3,1,3,0,0,0,1,1,0,1,0,1,2,1,1,7,1,2,0,1,0,1,1,0,4,2,5,3,3
2013.0,165.264,0.0,0.0,3,6,3,0,0,0,1,2,1,1,0,1,2,1,1,7,1,2,0,1,0,2,1,0,6,7,5,8,3
2013.0,-249.744,1.0,0.0,3,6,3,0,0,0,0,2,1,1,0,1,2,1,1,7,1,2,0,1,0,2,1,0,4,7,5,8,3
2013.0,57.024,2.0,0.0,2,6,3,0,0,0,0,5,1,1,0,1,5,1,1,7,1,2,0,1,0,2,1,0,4,0,5,8,3
2013.0,-74.976,0.0,0.0,3,6,3,0,0,0,0,2,1,1,0,0,2,1,1,8,1,2,0,1,0,2,1,0,6,7,5,8,3
2013.0,299.904,0.0,0.0,3,6,3,0,0,0,0,2,1,1,0,0,2,1,1,8,1,2,0,1,0,1,2,0,6,0,5,8,3
2013.0,246.048,0.0,0.0,3,10,3,0,0,0,1,5,1,1,0,1,5,1,1,9,1,2,0,1,0,1,0,0,6,0,5,8,8
2013.0,0.0,2.0,0.0,2,4,3,0,0,0,0,6,1,1,0,1,2,1,1,11,1,2,0,0,0,0,1,0,4,2,5,3,9
2013.0,-26.928,0.0,0.0,3,6,3,0,0,0,0,1,1,1,0,1,1,1,1,11,1,2,0,0,0,1,2,0,6,0,5,8,3
2013.0,-74.976,1.0,0.0,3,6,3,0,0,0,0,2,1,1,0,0,2,1,1,12,1,2,0,0,0,1,1,0,6,7,5,8,3
2013.0,40.128,1.0,0.0,3,6,3,0,0,0,0,1,1,1,0,0,1,1,1,15,1,2,0,0,0,2,1,0,6,0,5,8,3
2013.0,-523.248,0.0,0.0,3,6,3,0,0,0,0,1,1,1,0,0,1,1,1,15,1,2,0,0,0,0,0,0,6,0,5,8,3
2013.0,0.0,0.0,0.0,3,4,3,0,0,0,0,3,1,1,0,0,9,1,1,16,1,2,0,1,0,2,1,0,4,5,5,3,9
2013.0,159.984,1.0,0.0,2,4,4,0,0,0,0,7,1,1,2,0,1,1,1,18,1,2,0,1,0,1,1,0,6,2,5,3,9
2013.0,-249.744,0.0,0.0,3,6,0,0,0,0,0,2,1,1,0,1,2,1,1,18,1,2,0,1,0,1,1,0,6,7,5,8,3
2013.0,-66.0,0.0,0.0,3,6,0,0,0,0,1,9,1,1,0,0,1,1,1,20,1,2,0,0,0,1,1,0,4,0,5,3,1
2013.0,0.0,0.0,0.0,3,4,3,0,0,0,1,2,1,1,0,1,9,1,1,7,2,2,0,1,0,1,1,0,4,2,5,9,3
2013.0,46.992,0.0,0.0,3,6,3,0,0,0,1,2,1,1,0,0,2,1,1,7,2,2,0,1,0,2,1,0,6,7,5,8,3
2013.0,89.76,1.0,0.0,2,6,3,0,0,0,1,9,1,1,0,0,9,1,1,9,2,2,0,1,0,1,1,0,4,8,5,8,3
2013.0,-294.096,0.0,0.0,3,6,3,0,0,0,1,2,1,1,0,1,2,1,1,9,2,2,0,1,0,1,1,0,6,8,5,8,3
2013.0,-447.216,0.0,0.0,3,10,3,0,0,0,1,9,1,1,0,0,9,1,1,11,2,2,0,0,0,1,1,0,6,9,5,3,2
2013.0,50.16,1.0,0.0,3,1,3,0,0,2,1,1,1,1,0,1,5,1,1,11,2,2,0,0,0,1,1,0,4,2,5,9,3
2013.0,0.0,0.0,0.0,3,4,3,0,0,0,1,4,1,1,0,1,5,1,1,13,2,2,0,0,0,1,2,0,2,2,5,3,9
2013.0,-45.936,1.0,0.0,3,6,3,0,0,0,0,1,1,1,0,1,1,1,1,15,2,2,0,0,0,1,0,0,4,7,5,9,3
2013.0,-206.976,0.0,0.0,3,4,3,0,0,0,0,5,1,1,0,1,1,1,1,16,2,2,0,1,0,1,2,0,6,2,5,3,9
2013.0,-14.784,1.0,0.0,3,6,3,0,0,0,1,1,1,1,0,0,1,1,1,17,2,2,0,1,0,2,1,0,6,0,5,8,3
2013.0,599.808,1.0,0.0,3,6,3,0,0,0,1,2,1,1,0,1,2,1,1,17,2,2,0,1,0,2,1,0,6,7,5,8,3
2013.0,-54.912,0.0,0.0,3,1,0,0,0,0,1,3,1,1,0,0,2,1,1,18,2,2,0,1,0,1,2,0,4,4,5,3,9
2013.0,-70.224,0.0,0.0,3,6,0,0,0,0,1,1,1,1,0,1,1,1,1,19,2,2,0,1,0,2,0,0,4,7,5,8,3
2013.0,10.032,3.0,0.0,1,1,3,0,0,3,0,1,1,1,3,0,1,1,1,22,2,2,0,0,0,2,2,0,4,2,2,7,7
2013.0,20.064,0.0,0.0,3,6,0,0,0,0,1,9,1,1,0,1,9,1,1,23,2,2,0,0,0,1,1,0,2,7,5,8,3
2013.0,0.0,0.0,0.0,3,1,0,0,0,0,1,7,1,1,0,1,5,1,1,6,3,2,0,0,0,2,0,0,4,2,5,3,9
2013.0,-106.128,0.0,0.0,3,6,3,0,0,0,1,2,1,1,0,1,2,1,1,6,3,2,0,0,0,0,2,0,4,7,5,3,3
2013.0,-99.792,0.0,0.0,3,10,3,0,0,0,0,9,1,1,0,1,9,1,1,7,3,2,0,1,0,2,1,0,6,9,5,3,2
2013.0,0.0,0.0,0.0,3,4,3,0,0,0,1,1,1,1,0,1,2,1,1,7,3,2,0,1,0,1,1,0,4,2,5,3,9
2013.0,-109.824,0.0,0.0,3,6,3,0,0,0,0,9,1,1,0,1,9,1,1,7,3,2,0,1,0,1,1,0,6,7,5,8,3
2013.0,149.952,0.0,0.0,3,10,3,0,0,0,0,9,1,1,0,1,9,1,1,7,3,2,0,1,0,1,1,0,6,9,5,3,2
2013.0,-149.952,1.0,0.0,2,4,3,0,0,0,1,5,1,1,0,1,2,1,1,7,3,2,0,1,0,1,1,0,6,2,5,3,9
2013.0,149.952,0.0,0.0,3,6,3,0,0,0,0,2,1,1,0,0,2,1,1,8,3,2,0,1,0,2,0,0,4,8,5,8,3
2013.0,-105.072,0.0,0.0,3,10,3,0,0,0,1,1,1,1,0,1,1,1,1,8,3,2,0,1,0,0,1,0,6,5,5,8,3
2013.0,-500.016,0.0,0.0,3,6,3,0,0,0,1,2,1,1,0,1,2,1,1,8,3,2,0,1,0,0,2,0,4,7,5,8,8
2013.0,-70.752,0.0,0.0,3,10,3,0,0,0,1,2,1,1,0,1,2,1,1,8,3,2,0,1,0,1,1,0,4,9,5,3,2
2013.0,-285.12,0.0,0.0,3,1,3,0,0,0,1,5,1,1,0,0,5,1,1,8,3,2,0,1,0,2,0,0,6,9,5,3,9
2013.0,77.088,0.0,0.0,3,5,3,0,0,0,1,5,1,1,0,1,5,1,1,8,3,2,0,1,0,1,1,0,4,5,5,8,1
2013.0,-89.76,0.0,0.0,3,10,3,0,0,0,1,1,1,1,0,1,1,1,1,8,3,2,0,1,0,1,1,0,4,2,5,3,2
2013.0,0.0,1.0,0.0,3,4,3,0,0,0,1,6,0,1,0,0,2,1,1,9,3,2,0,1,0,1,1,0,4,4,5,3,9
2013.0,-40.128,0.0,0.0,3,9,3,0,0,0,1,5,1,1,0,0,2,1,1,9,3,2,0,1,0,1,1,0,6,5,5,8,1
2013.0,528.0,0.0,0.0,3,8,3,0,0,0,1,2,1,1,1,1,8,1,1,9,3,2,0,1,0,1,1,0,6,5,5,6,5
2013.0,-419.76,0.0,0.0,3,6,3,0,0,0,1,2,1,1,0,1,2,1,1,10,3,2,0,0,0,1,1,0,6,8,5,8,3
2013.0,-759.792,0.0,0.0,3,1,3,0,0,0,1,6,1,1,0,1,1,1,1,12,3,2,0,0,0,0,1,0,6,9,5,3,2
2013.0,50.16,0.0,0.0,3,8,3,0,0,0,1,4,1,1,0,0,9,1,1,13,3,2,0,0,0,1,0,0,4,9,5,3,9
2013.0,61.776,0.0,0.0,3,6,3,0,0,0,1,1,1,1,0,1,1,1,1,14,3,2,0,0,0,0,1,0,4,0,5,8,3
2013.0,-215.952,1.0,0.0,3,1,3,0,0,0,0,6,1,1,2,1,1,1,1,14,3,2,0,0,0,1,2,0,6,5,5,3,9
2013.0,0.0,1.0,0.0,3,1,3,0,0,0,1,4,1,1,0,0,5,1,1,14,3,2,0,0,0,1,2,0,4,5,5,3,9
2013.0,149.952,0.0,0.0,3,10,3,0,0,0,0,2,1,1,0,1,2,1,1,14,3,2,0,0,0,2,1,0,6,5,5,5,5
2013.0,-43.824,0.0,0.0,3,6,3,0,0,0,1,1,1,1,0,0,1,1,1,14,3,2,0,0,0,1,1,0,4,8,5,8,3
2013.0,0.0,0.0,0.0,3,1,3,0,0,0,0,2,1,1,0,0,9,1,1,15,3,2,0,0,0,0,1,0,2,2,5,3,3
2013.0,0.0,0.0,0.0,3,4,3,0,0,0,1,7,1,1,0,0,1,1,1,16,3,2,0,1,0,1,0,0,4,4,5,3,9
2013.0,-44.88,1.0,0.0,3,6,3,0,0,0,2,1,1,1,0,1,1,1,1,16,3,2,0,1,0,0,1,0,2,8,5,3,3
2013.0,-23.76,0.0,0.0,3,10,3,0,0,0,1,5,1,1,0,1,5,1,1,17,3,2,0,1,0,2,0,0,4,9,5,3,3
2013.0,0.0,0.0,0.0,3,4,4,0,0,0,0,2,1,1,0,1,5,1,1,18,3,2,0,1,0,2,1,0,4,2,5,3,9
2013.0,249.744,0.0,0.0,3,6,0,0,0,0,0,9,1,1,0,1,9,1,1,21,3,2,0,0,0,2,1,0,4,7,5,8,3
2013.0,33.792,1.0,0.0,3,6,2,0,0,0,1,5,1,1,0,0,5,1,1,5,4,3,0,0,0,1,1,0,4,7,5,3,8
2013.0,4.752,0.0,0.0,3,10,3,0,0,0,1,5,1,1,0,1,5,1,1,10,4,3,0,0,0,1,1,0,4,5,5,9,9
2013.0,-159.984,2.0,0.0,1,3,3,0,0,0,1,2,1,0,0,1,5,1,1,13,4,3,0,0,0,1,0,0,6,9,5,3,3
2013.0,265.056,0.0,0.0,3,1,3,0,0,0,0,1,1,1,0,0,5,1,1,15,4,3,0,0,0,2,0,0,0,5,5,3,9
2013.0,-319.968,0.0,0.0,3,6,3,0,0,0,2,1,1,1,0,1,1,1,1,15,4,3,0,0,0,0,0,0,6,7,5,8,3
2013.0,1000.032,0.0,0.0,3,1,3,4,0,0,1,2,1,1,0,1,1,1,1,16,4,3,0,1,0,2,1,0,4,2,5,3,9
2013.0,20.064,0.0,0.0,3,6,3,0,0,0,0,9,1,1,0,1,9,1,1,17,4,3,0,1,0,2,1,0,4,7,5,3,3
2013.0,30.096,1.0,0.0,3,6,3,0,0,0,1,5,1,1,0,1,5,1,1,17,4,3,0,1,0,1,1,0,4,7,5,8,3
2013.0,1013.76,0.0,0.0,3,6,0,0,0,0,1,5,0,1,0,0,5,1,1,22,4,3,0,0,0,2,1,0,6,7,5,8,3
2013.0,0.0,0.0,0.0,3,6,0,0,0,0,2,2,1,1,0,1,2,1,1,2,5,3,1,0,0,0,1,0,4,7,5,3,3
2013.0,0.0,0.0,0.0,3,10,0,0,0,0,1,2,1,1,0,1,2,1,1,2,5,3,1,0,0,1,1,0,4,4,5,8,3
2013.0,0.0,0.0,0.0,3,4,3,0,0,0,0,3,1,1,0,1,9,1,1,10,5,3,1,0,0,1,1,0,2,5,5,3,9
2013.0,64.944,0.0,0.0,3,4,3,0,0,0,0,7,1,1,0,0,9,1,1,10,5,3,1,0,0,0,1,0,8,9,5,3,9
2013.0,-500.016,0.0,0.0,3,1,3,0,0,0,0,2,1,1,0,1,9,1,1,12,5,3,1,0,0,1,0,0,0,2,5,9,3
2013.0,0.0,0.0,0.0,3,4,3,0,0,0,1,2,1,1,0,1,1,1,1,13,5,3,1,0,0,0,1,0,4,2,5,9,3
2013.0,-1247.136,2.0,0.0,1,6,3,0,0,0,1,1,1,1,0,1,1,1,1,15,5,3,1,0,0,1,1,0,6,7,5,8,8
2013.0,-30.096,0.0,0.0,3,6,0,0,0,0,2,1,1,1,0,1,1,1,1,19,5,3,1,1,0,0,2,0,4,8,5,9,9
2013.0,-12.144,0.0,0.0,3,6,0,0,0,0,2,4,1,1,0,0,4,1,1,22,5,3,1,0,0,0,1,0,2,7,5,8,9
2013.0,-99.792,0.0,0.0,3,4,0,0,0,0,1,3,1,1,0,1,2,1,1,23,5,3,1,0,0,2,0,0,4,9,5,3,9
2013.0,0.0,0.0,0.0,3,1,0,0,0,0,1,1,1,1,0,0,5,1,1,0,6,3,1,0,0,0,2,0,4,2,5,3,3
2013.0,95.04,0.0,0.0,3,6,3,1,0,0,0,9,1,1,0,1,9,1,1,10,6,3,1,0,0,1,2,0,4,7,5,8,8
2013.0,139.92,1.0,0.0,3,1,3,1,0,0,0,6,1,1,0,1,9,1,1,12,6,3,1,0,0,2,0,0,6,0,5,3,9
2013.0,111.936,0.0,0.0,3,6,3,1,0,0,0,2,1,1,0,0,2,1,1,14,6,3,1,0,0,2,1,0,6,0,5,8,2
2013.0,-50.16,0.0,0.0,3,12,0,0,3,0,2,8,1,1,1,1,2,1,1,2,0,3,0,0,0,0,1,0,6,5,5,6,5
2013.0,-99.792,0.0,0.0,3,6,0,0,0,0,0,9,1,1,0,1,9,1,1,5,0,3,0,0,0,1,1,0,6,0,5,8,3
2013.0,-350.064,0.0,0.0,3,6,3,0,0,0,1,2,1,1,0,0,2,1,1,8,0,3,0,1,0,0,1,0,4,2,5,8,3
2013.0,0.0,0.0,0.0,3,4,3,0,0,0,1,3,1,1,0,0,5,1,1,9,0,3,0,1,0,2,1,0,4,5,5,3,9
2013.0,52.8,0.0,0.0,3,10,3,0,0,0,1,5,1,1,0,1,7,1,1,12,0,3,0,0,0,1,1,0,4,4,5,9,3
2013.0,0.0,1.0,0.0,2,4,3,0,0,0,0,1,1,1,0,1,9,1,1,12,0,3,0,0,0,2,1,0,4,2,5,3,9
2013.0,0.0,0.0,0.0,3,1,3,0,0,0,1,6,1,1,0,1,2,1,1,13,0,3,0,0,0,2,2,0,4,5,5,3,9
2013.0,-101.904,1.0,0.0,2,10,3,0,0,0,1,5,1,1,0,1,5,1,1,14,0,3,0,0,0,1,1,0,6,9,5,3,2
2013.0,50.16,0.0,0.0,3,6,3,0,0,0,1,9,0,1,0,1,5,1,1,14,0,3,0,0,0,1,1,0,6,0,5,8,3
2013.0,-10.032,1.0,0.0,3,4,3,0,0,0,1,2,1,1,2,1,9,1,1,15,0,3,0,0,0,1,1,0,4,2,5,3,9
2013.0,-99.792,0.0,0.0,3,10,3,0,0,0,2,9,1,1,0,0,9,1,1,15,0,3,0,0,0,0,1,0,4,9,5,3,3
2013.0,-309.936,1.0,0.0,3,4,3,0,0,0,1,2,1,1,0,1,1,1,1,16,0,3,0,1,0,2,2,0,6,2,5,8,9
2013.0,174.768,0.0,0.0,3,1,3,0,0,0,2,9,1,1,0,0,5,1,1,16,0,3,0,1,0,0,1,0,0,9,5,3,9
2013.0,0.0,1.0,0.0,3,1,3,0,0,0,1,2,1,1,0,1,3,1,1,16,0,3,0,1,0,1,1,0,2,9,5,9,3
2013.0,-77.088,0.0,0.0,3,6,3,0,0,0,0,9,1,1,0,1,9,1,1,16,0,3,0,1,0,2,2,0,6,7,5,8,3
2013.0,-34.848,0.0,0.0,3,6,3,0,0,0,2,1,1,1,0,1,1,1,1,16,0,3,0,1,0,0,1,0,4,7,5,3,3
2013.0,-161.04,2.0,0.0,3,6,3,0,0,0,0,1,1,1,0,1,1,1,1,18,0,3,0,1,0,2,1,0,6,7,5,8,3
2013.0,0.0,0.0,0.0,3,5,0,0,0,0,1,9,1,1,0,1,1,1,1,20,0,3,0,0,0,1,2,0,4,9,5,3,5
2013.0,-22.176,2.0,0.0,2,1,0,0,0,3,0,9,0,1,3,1,9,0,1,2,1,3,0,0,0,2,1,0,4,0,0,7,7
2013.0,230.208,0.0,0.0,3,6,3,0,0,0,0,5,1,1,0,1,5,1,1,7,1,3,0,1,0,1,1,0,4,7,5,8,3
2013.0,1041.744,0.0,0.0,3,10,3,0,0,0,1,5,1,1,0,1,5,1,1,7,1,3,0,1,0,1,1,0,6,9,5,3,2
2013.0,165.264,0.0,0.0,3,1,3,0,0,0,1,5,1,1,0,0,9,1,1,7,1,3,0,1,0,2,1,0,0,2,5,3,9
2013.0,64.944,0.0,0.0,3,5,3,0,0,0,1,4,1,1,0,0,5,1,1,8,1,3,0,1,0,1,1,0,6,5,5,8,1
2013.0,32.208,0.0,0.0,3,6,3,0,0,0,0,9,1,1,0,1,9,1,1,8,1,3,0,1,0,1,1,0,4,8,5,8,3
2013.0,-246.048,0.0,0.0,3,6,3,0,0,0,1,5,1,1,0,0,5,1,1,8,1,3,0,1,0,2,2,0,6,8,5,8,3
2013.0,70.224,0.0,0.0,3,6,3,0,0,0,0,9,1,1,0,0,9,1,1,9,1,3,0,1,0,1,1,0,2,8,5,8,3
2013.0,-87.12,0.0,0.0,3,6,3,0,0,0,1,1,1,1,0,1,1,1,1,9,1,3,0,1,0,0,1,0,4,8,5,8,3
2013.0,89.76,2.0,0.0,3,6,3,0,0,0,0,9,1,1,0,0,9,1,1,11,1,3,0,0,0,1,2,0,4,0,5,8,3
2013.0,-74.976,1.0,0.0,3,12,3,0,3,0,0,2,1,1,0,0,2,1,1,13,1,3,0,0,0,2,1,0,6,5,5,8,5
2013.0,0.0,0.0,0.0,3,1,3,0,0,0,0,7,1,1,0,1,9,1,1,14,1,3,0,0,0,2,1,0,4,5,5,3,9
2013.0,0.0,1.0,0.0,2,4,3,0,0,0,1,2,1,1,0,1,5,1,1,15,1,3,0,0,0,1,0,0,4,2,5,9,3
2013.0,44.88,0.0,0.0,3,6,3,0,0,0,0,5,1,1,0,0,5,1,1,16,1,3,0,1,0,2,1,0,6,7,5,8,3
2013.0,0.0,0.0,0.0,3,6,3,0,0,0,0,5,1,1,0,0,5,1,1,17,1,3,0,1,0,1,1,0,6,0,5,8,3
2013.0,-237.072,3.0,0.0,3,1,0,0,0,0,0,5,1,1,0,0,9,1,1,18,1,3,0,1,0,2,1,0,6,2,5,3,9
2013.0,-1000.032,2.0,0.0,2,1,0,0,0,0,0,6,1,1,0,0,9,1,1,19,1,3,0,1,0,1,1,0,0,5,5,3,9
2013.0,-599.808,0.0,0.0,3,4,0,0,0,0,0,2,1,1,0,1,9,1,1,21,1,3,0,0,0,2,2,0,6,4,5,3,9
2013.0,-180.048,0.0,0.0,3,6,3,0,0,0,0,2,1,1,0,0,2,1,1,7,2,3,0,1,0,1,0,0,6,8,5,8,3
2013.0,0.0,0.0,0.0,3,6,3,0,0,0,0,2,1,1,0,0,2,1,1,7,2,3,0,1,0,1,1,0,4,7,5,8,3
2013.0,-224.928,0.0,0.0,3,6,3,0,0,0,0,2,1,1,0,1,2,1,1,8,2,3,0,1,0,1,1,0,4,8,5,8,3
2013.0,380.16,0.0,0.0,3,6,3,0,0,0,1,2,1,1,0,0,4,1,1,9,2,3,0,1,0,1,1,0,6,7,5,9,3
2013.0,-816.816,0.0,0.0,3,6,3,0,0,0,0,2,1,1,0,1,2,1,1,10,2,3,0,0,0,2,1,0,6,7,5,8,3
2013.0,200.112,0.0,0.0,3,6,3,0,0,0,0,9,1,1,0,0,9,1,1,11,2,3,0,0,0,1,1,0,4,7,5,8,3