Year,Distance,Totalinjuries,Totalfatalities,Injuryseverity,Collisionmanner,Lightcondition,Weather,SurfaceCondition,Unittype_One,Gender_Drv1,Traveldirection_One,AlcoholUse_Drv1,DrugUse_Drv1,Unittype_Two,Gender_Drv2,Traveldirection_Two,AlcoholUse_Drv2,DrugUse_Drv2,Hour,Weekday,Month,Weekend,Rush_Hour,Hazardous_Road,Age_Group_Drv1,Age_Group_Drv2,Substance_Use,Junction_Category,Violation_Category_Drv1,Violation_Category_Drv2,Unitaction_Category_Two,Unitaction_Category_One
2013.0,0.0,2.0,0.0,2,1,3,0,0,0,1,9,1,1,0,0,2,1,1,15,2,3,0,0,0,1,1,0,4,2,5,9,3
2013.0,0.0,1.0,0.0,2,4,3,0,0,0,0,5,1,1,0,0,1,1,1,17,2,3,0,1,0,1,1,0,4,2,5,3,9
2013.0,-85.008,0.0,0.0,3,6,3,0,0,0,0,1,1,1,0,0,1,1,1,17,2,3,0,1,0,1,1,0,6,0,5,8,3
2013.0,-528.0,1.0,0.0,3,6,3,0,0,0,0,9,1,1,0,1,9,1,1,7,3,3,0,1,0,1,1,0,6,7,5,8,3
2013.0,-528.0,0.0,0.0,3,6,3,0,0,0,1,9,1,1,0,0,9,1,1,7,3,3,0,1,0,1,1,0,6,7,5,8,3
2013.0,34.848,1.0,0.0,3,1,3,0,0,0,0,7,1,1,3,1,1,1,1,11,3,3,0,0,0,1,0,0,4,5,5,5,9
2013.0,-400.752,0.0,0.0,3,1,3,0,0,0,0,9,1,1,0,1,2,1,1,14,3,3,0,0,0,1,1,0,6,5,5,3,9
2013.0,0.0,1.0,0.0,2,4,3,0,0,0,1,3,1,1,0,1,9,1,1,14,3,3,0,0,0,0,1,0,4,2,5,3,9
2013.0,-70.224,0.0,0.0,3,10,3,0,0,0,0,5,1,1,0,0,5,1,1,15,3,3,0,0,0,1,1,0,6,5,5,5,5
2013.0,-61.776,0.0,0.0,3,6,3,0,0,0,1,2,1,1,0,1,2,1,1,15,3,3,0,0,0,1,1,0,2,0,5,8,3
2013.0,-33.792,0.0,0.0,3,6,3,0,0,0,0,1,1,1,0,1,1,1,1,15,3,3,0,0,0,2,1,0,4,7,5,8,3
2013.0,-281.952,0.0,0.0,3,1,3,0,0,0,1,1,1,1,0,1,1,1,1,16,3,3,0,1,0,0,0,0,6,0,5,3,2
2013.0,0.0,1.0,0.0,2,4,3,0,0,0,0,5,1,1,0,0,1,1,1,17,3,3,0,1,0,1,1,0,4,2,5,3,9
2013.0,0.0,0.0,0.0,3,4,3,0,0,0,0,7,1,1,0,0,1,1,1,17,3,3,0,1,0,2,1,0,4,2,5,3,9
2013.0,0.0,0.0,0.0,3,4,4,0,0,0,1,1,1,1,0,0,9,1,1,18,3,3,0,1,0,1,1,0,4,2,5,3,9
2013.0,0.0,0.0,0.0,3,6,4,1,0,0,1,5,1,1,0,1,5,1,1,18,3,3,0,1,0,1,1,0,4,0,5,8,3
2013.0,-125.136,3.0,0.0,2,6,0,0,0,0,1,1,0,1,0,1,1,1,1,21,3,3,0,0,0,1,1,0,4,7,5,8,3
2013.0,-200.112,0.0,0.0,3,1,0,0,0,0,1,2,0,1,1,1,9,1,1,21,3,3,0,0,0,1,1,0,6,7,5,6,6
2013.0,-30.096,0.0,0.0,3,1,0,0,0,0,2,8,1,1,1,1,2,1,1,0,4,3,0,0,0,0,2,0,6,5,5,6,5
2013.0,0.0,1.0,0.0,3,1,3,3,4,0,1,2,1,1,0,1,1,1,1,7,4,3,0,1,1,2,1,0,4,2,5,3,9
2013.0,0.0,0.0,0.0,3,1,3,3,4,0,1,3,1,1,0,0,9,1,1,8,4,3,0,1,1,1,0,0,4,2,5,3,9
2013.0,-99.792,0.0,0.0,3,12,3,1,4,0,2,8,1,1,1,1,1,1,1,8,4,3,0,1,1,0,1,0,6,5,5,6,5
2013.0,285.12,0.0,0.0,3,1,3,3,4,0,1,5,1,1,0,1,9,1,1,8,4,3,0,1,1,2,0,0,0,2,5,3,9
2013.0,249.744,0.0,0.0,3,6,3,0,0,0,1,5,1,1,0,0,5,1,1,11,4,3,0,0,0,2,1,0,4,7,5,8,8
2013.0,0.0,0.0,0.0,3,4,3,1,4,0,0,4,1,1,0,1,5,1,1,11,4,3,0,0,1,0,0,0,4,2,5,3,9
2013.0,0.0,1.0,0.0,3,1,3,3,4,0,1,9,1,1,0,0,5,1,1,12,4,3,0,0,1,1,1,0,4,2,5,3,3
2013.0,-78.144,0.0,0.0,3,1,3,3,4,0,0,5,1,1,0,1,5,1,1,13,4,3,0,0,1,2,1,0,6,9,5,3,2
2013.0,0.0,0.0,0.0,3,1,3,1,4,0,1,1,1,1,0,0,2,1,1,13,4,3,0,0,1,1,1,0,6,4,5,5,5
2013.0,-343.2,0.0,0.0,3,6,3,1,4,0,1,2,1,1,0,1,2,1,1,13,4,3,0,0,1,2,2,0,6,7,5,3,3
2013.0,360.096,1.0,0.0,2,6,3,3,4,0,1,2,1,1,0,1,2,1,1,13,4,3,0,0,1,1,2,0,4,0,5,8,3
2013.0,80.256,0.0,0.0,3,6,3,3,4,0,0,5,1,1,0,1,5,1,1,14,4,3,0,0,1,2,2,0,4,7,5,8,2
2013.0,200.112,0.0,0.0,3,12,3,4,3,0,1,9,1,1,0,1,9,1,1,14,4,3,0,0,0,1,2,0,6,5,5,5,5
2013.0,391.776,0.0,0.0,3,6,3,3,4,0,0,5,1,1,0,1,5,1,1,15,4,3,0,0,1,1,1,0,4,8,5,8,3
2013.0,40.128,0.0,0.0,3,10,3,1,4,0,2,9,1,1,0,1,9,1,1,17,4,3,0,1,1,0,1,0,6,5,5,3,2
2013.0,20.064,0.0,0.0,3,6,4,0,0,0,1,5,1,1,0,1,5,1,1,17,4,3,0,1,0,2,1,0,6,1,5,8,3
2013.0,-299.904,0.0,0.0,3,6,3,1,4,0,1,1,1,1,0,1,1,1,1,18,4,3,0,1,1,2,1,0,6,7,5,8,3
2013.0,86.064,1.0,0.0,3,6,0,3,4,0,1,5,1,1,0,0,5,1,1,19,4,3,0,1,1,1,1,0,4,7,5,8,3
2013.0,-70.224,0.0,0.0,3,6,0,0,0,0,1,9,0,1,1,1,9,1,1,22,4,3,0,0,0,1,1,0,6,0,5,6,3
2013.0,139.92,0.0,0.0,3,6,3,0,0,0,1,2,1,1,0,0,2,1,1,14,5,3,1,0,0,1,1,0,6,7,5,8,3
2013.0,0.0,0.0,0.0,3,1,3,1,0,0,2,5,1,1,0,0,2,1,1,17,5,3,1,1,0,0,1,0,4,5,5,8,9
2013.0,0.0,1.0,0.0,2,4,0,0,0,0,0,7,0,1,0,0,1,1,1,20,5,3,1,0,0,1,2,0,4,2,5,3,9
2013.0,0.0,0.0,0.0,3,4,0,0,0,0,1,9,1,1,0,1,1,1,1,1,6,3,1,0,0,1,2,0,4,2,5,3,9
2013.0,0.0,4.0,0.0,1,1,3,0,0,0,0,9,1,0,0,0,5,1,1,8,6,3,1,1,0,1,1,0,4,2,5,3,3
2013.0,200.112,1.0,0.0,2,10,3,0,0,0,1,5,1,1,0,1,5,1,1,12,6,3,1,0,0,0,1,0,0,9,5,3,2
2013.0,50.16,0.0,0.0,3,10,3,0,0,0,2,1,1,1,0,0,1,1,1,15,6,3,1,0,0,0,1,0,6,5,5,2,2
2013.0,50.16,0.0,0.0,3,6,3,0,0,0,1,5,1,1,0,1,5,1,1,16,6,3,1,1,0,1,1,0,4,8,5,9,9
2013.0,101.904,0.0,0.0,3,6,4,0,0,0,0,2,1,1,0,0,2,1,1,18,6,3,1,1,0,2,1,0,6,0,5,8,3
2013.0,0.0,0.0,0.0,3,1,0,0,0,0,0,2,1,1,0,0,1,1,1,21,6,3,1,0,0,2,2,0,2,2,5,9,3
2013.0,528.0,0.0,0.0,3,1,3,0,0,2,1,5,1,1,0,1,9,1,1,7,0,3,0,1,0,2,1,0,0,9,5,9,3
2013.0,0.0,0.0,0.0,3,10,3,0,0,0,0,4,1,1,0,0,2,1,1,11,0,3,0,0,0,1,0,0,4,4,5,3,9
2013.0,81.84,0.0,0.0,3,6,3,0,0,0,1,9,1,1,0,0,9,1,1,11,0,3,0,0,0,1,1,0,4,7,5,8,3
2013.0,-271.92,0.0,0.0,3,10,3,0,0,0,0,2,1,1,0,0,2,1,1,12,0,3,0,0,0,1,1,0,6,9,5,3,2
2013.0,106.128,0.0,0.0,3,4,3,0,0,0,0,4,1,1,0,1,1,1,1,13,0,3,0,0,0,1,1,0,4,2,5,3,9
2013.0,-457.248,1.0,0.0,3,6,3,0,0,0,0,1,1,1,0,0,1,1,1,14,0,3,0,0,0,1,1,0,6,7,5,8,3
2013.0,249.744,0.0,0.0,3,12,3,0,0,0,2,8,1,1,1,1,8,1,1,15,0,3,0,0,0,0,1,0,6,5,5,6,5
2013.0,0.0,0.0,0.0,3,4,3,0,0,0,1,3,1,1,0,0,7,1,1,15,0,3,0,0,0,0,1,0,4,2,5,9,9
2013.0,-114.048,0.0,0.0,3,6,0,0,0,0,1,1,1,1,0,1,1,1,1,5,1,3,0,0,0,1,1,0,2,7,5,8,3
2013.0,249.744,1.0,0.0,2,6,0,0,0,0,1,2,0,1,0,1,2,1,1,6,1,3,0,0,0,1,1,0,0,7,5,8,3
2013.0,195.888,0.0,0.0,3,6,3,0,0,0,0,5,1,1,0,1,5,1,1,8,1,3,0,1,0,1,1,0,6,8,5,3,3
2013.0,0.0,0.0,0.0,3,10,3,0,0,0,0,1,1,1,0,0,3,1,1,9,1,3,0,1,0,0,1,0,2,9,5,9,3
2013.0,648.912,1.0,0.0,2,1,3,0,0,3,1,2,1,1,0,1,1,1,1,14,1,3,0,0,0,2,1,0,6,2,5,3,7
2013.0,0.0,1.0,0.0,3,6,3,0,0,0,0,5,1,1,0,0,5,1,1,15,1,3,0,0,0,1,0,0,4,0,5,8,8
2013.0,119.856,0.0,0.0,3,6,3,0,0,0,0,5,1,1,0,0,5,1,1,15,1,3,0,0,0,1,1,0,1,0,5,8,3
2013.0,-146.784,0.0,0.0,3,1,3,0,0,0,1,7,1,1,0,1,2,1,1,15,1,3,0,0,0,2,2,0,6,5,5,3,9
2013.0,-42.24,0.0,0.0,3,10,3,0,0,0,1,5,1,1,0,0,5,1,1,16,1,3,0,1,0,2,1,0,6,5,5,3,2
2013.0,0.0,0.0,0.0,3,6,3,0,0,0,1,5,1,1,0,1,5,1,1,17,1,3,0,1,0,1,1,0,4,0,5,8,3
2013.0,0.0,0.0,1.0,0,4,3,0,0,0,0,9,0,1,0,0,1,1,1,17,1,3,0,1,0,1,2,0,4,2,5,3,9
2013.0,-469.92,0.0,0.0,3,6,3,0,0,0,1,1,1,1,0,1,1,1,1,18,1,3,0,1,0,2,1,0,4,7,5,8,3
2013.0,0.0,0.0,0.0,3,4,3,0,0,0,1,9,1,1,0,0,5,1,1,18,1,3,0,1,0,1,2,0,4,4,5,3,9
2013.0,0.0,3.0,0.0,3,4,0,0,0,0,0,4,1,1,0,1,5,1,1,19,1,3,0,1,0,1,1,0,2,4,5,3,9
2013.0,0.0,3.0,0.0,3,1,3,0,0,0,1,1,1,1,0,0,2,1,1,7,2,3,0,1,0,2,1,0,4,2,5,3,3
2013.0,0.0,0.0,0.0,3,6,3,0,0,0,0,2,1,1,0,1,2,1,1,8,2,3,0,1,0,1,1,0,4,7,5,8,3
2013.0,1033.824,0.0,0.0,3,1,3,0,0,0,1,7,1,1,0,1,9,1,1,9,2,3,0,1,0,1,1,0,6,5,5,3,2
2013.0,33.264,0.0,0.0,3,10,3,0,0,0,1,5,1,1,0,1,5,1,1,9,2,3,0,1,0,1,1,0,2,7,5,8,3
2013.0,16.896,1.0,0.0,3,6,3,0,0,0,0,5,1,1,0,0,5,1,1,11,2,3,0,0,0,1,1,0,4,7,5,3,3
2013.0,528.0,0.0,0.0,3,10,3,0,0,0,1,1,1,1,0,0,1,1,1,12,2,3,0,0,0,1,1,0,6,4,5,3,3
2013.0,80.256,0.0,0.0,3,6,3,0,0,0,0,2,1,1,0,0,2,1,1,12,2,3,0,0,0,1,2,0,4,8,5,8,3
2013.0,-260.832,1.0,0.0,3,1,3,0,0,2,0,9,1,1,0,1,3,1,1,13,2,3,0,0,0,1,1,0,6,5,5,9,3
2013.0,-30.096,0.0,0.0,3,6,3,0,0,0,1,1,1,1,0,0,1,1,1,16,2,3,0,1,0,1,1,0,4,0,5,8,3
2013.0,96.096,0.0,0.0,3,6,3,0,0,0,0,5,1,1,0,0,5,1,1,16,2,3,0,1,0,0,0,0,6,7,5,8,3
2013.0,0.0,0.0,0.0,3,4,3,0,0,0,1,3,1,1,0,1,9,1,1,17,2,3,0,1,0,0,1,0,4,2,2,3,9
2013.0,429.792,2.0,0.0,2,1,4,0,0,0,0,2,1,1,0,1,1,1,1,18,2,3,0,1,0,1,0,0,6,0,5,3,5
2013.0,0.0,2.0,0.0,2,4,0,0,0,0,0,2,1,1,0,0,6,1,1,19,2,3,0,1,0,1,1,0,4,2,5,9,3
2013.0,215.952,0.0,0.0,3,6,3,0,0,0,0,2,1,1,0,1,2,1,1,7,3,3,0,1,0,2,1,0,4,7,5,8,3
2013.0,86.064,3.0,0.0,2,6,3,0,0,0,1,2,1,1,0,1,2,1,1,13,3,3,0,0,0,1,2,0,4,7,5,8,8
2013.0,-40.128,0.0,0.0,3,6,3,0,0,0,1,2,1,1,0,0,3,1,1,13,3,3,0,0,0,1,0,0,4,7,5,8,3
2013.0,400.224,0.0,0.0,3,6,3,0,0,0,1,5,1,1,0,0,5,1,1,14,3,3,0,0,0,1,1,0,6,7,5,8,3
2013.0,-44.88,2.0,0.0,3,9,3,0,0,0,1,9,0,1,0,1,1,1,1,17,3,3,0,1,0,1,1,0,4,9,5,8,3
2013.0,44.88,0.0,0.0,3,1,3,0,0,0,0,9,1,1,0,0,9,1,1,17,3,3,0,1,0,1,1,0,4,9,5,8,9
2013.0,0.0,1.0,0.0,1,12,4,0,0,0,1,9,1,1,3,1,5,1,1,18,3,3,0,1,0,2,1,0,4,2,5,7,3
2013.0,-89.76,0.0,0.0,3,5,0,0,0,0,1,1,1,1,0,1,1,1,1,23,3,3,0,0,0,2,1,0,6,0,5,8,1
2013.0,0.0,0.0,0.0,3,4,2,0,0,0,1,1,1,1,0,0,2,1,1,7,4,3,0,1,0,1,2,0,4,2,5,9,3
2013.0,-48.048,0.0,0.0,3,10,3,0,0,0,1,5,1,1,0,0,5,1,1,9,4,3,0,1,0,2,1,0,4,9,5,3,9
2013.0,319.968,0.0,0.0,3,6,3,0,0,0,1,9,1,1,0,0,9,1,1,9,4,3,0,1,0,1,1,0,6,0,5,9,3
2013.0,-384.912,0.0,0.0,3,8,3,0,0,0,1,9,1,1,0,0,8,1,1,10,4,3,0,0,0,1,1,0,6,5,5,6,1
2013.0,-187.968,1.0,0.0,1,3,3,0,0,0,1,5,1,1,0,1,9,1,1,12,4,3,0,0,0,1,1,0,0,2,5,3,9
2013.0,135.168,0.0,0.0,3,10,3,0,0,0,1,2,1,1,0,0,2,1,1,14,4,3,0,0,0,1,1,0,4,9,5,3,2
2013.0,299.904,0.0,0.0,3,6,3,0,0,0,1,9,1,1,0,0,9,1,1,16,4,3,0,1,0,2,1,0,4,8,8,3,3
2013.0,-400.224,0.0,0.0,3,6,3,0,0,0,0,5,1,1,0,1,5,1,1,16,4,3,0,1,0,1,1,0,6,7,5,8,3
2013.0,102.96,0.0,0.0,3,10,3,0,0,0,1,5,1,1,0,1,5,1,1,16,4,3,0,1,0,1,1,0,6,9,5,3,2
2013.0,-99.792,0.0,0.0,3,10,0,0,0,0,0,5,1,1,0,1,5,1,1,19,4,3,0,1,0,1,1,0,4,5,5,3,3
2013.0,129.888,1.0,0.0,3,6,0,0,0,0,1,9,1,1,0,1,9,1,1,19,4,3,0,1,0,0,1,0,6,0,5,8,3
2013.0,-66.0,0.0,0.0,3,6,0,0,0,0,2,1,1,1,0,0,1,1,1,21,4,3,0,0,0,0,1,0,6,7,5,8,3
2013.0,-246.048,1.0,0.0,3,6,0,0,0,0,0,1,1,1,0,0,1,1,1,21,4,3,0,0,0,2,1,0,6,7,5,8,3
2013.0,0.0,0.0,0.0,3,10,0,0,0,0,1,2,0,1,0,0,2,1,1,22,4,3,0,0,0,1,2,0,4,0,5,3,2
2013.0,0.0,2.0,0.0,2,1,3,0,0,0,1,2,1,1,0,0,5,1,1,13,5,3,1,0,0,2,1,0,4,2,5,3,9
2013.0,61.776,0.0,0.0,3,3,3,0,0,0,1,9,0,1,0,0,5,1,1,14,5,3,1,0,0,1,2,0,2,7,5,8,9
2013.0,0.0,1.0,0.0,2,1,3,0,0,0,1,2,1,1,0,0,7,1,1,17,5,3,1,1,0,2,2,0,4,2,5,9,3
2013.0,475.2,0.0,0.0,3,6,0,0,0,0,1,1,0,1,0,0,1,1,1,19,5,3,1,1,0,2,2,0,6,7,5,8,3
2013.0,212.784,0.0,0.0,3,10,0,0,0,0,1,1,1,1,0,0,1,1,1,23,5,3,1,0,0,1,2,0,6,0,5,9,2
2013.0,-792.0,0.0,0.0,3,6,0,0,0,0,0,2,1,1,0,1,2,1,1,0,6,3,1,0,0,2,1,0,6,5,5,8,3
2013.0,-105.072,0.0,0.0,3,6,3,0,0,0,0,9,1,1,0,1,9,1,1,12,6,3,1,0,0,1,1,0,6,0,5,3,3
2013.0,0.0,0.0,0.0,3,1,3,0,0,0,1,9,1,1,0,0,5,1,1,14,6,3,1,0,0,2,2,0,4,9,5,3,3
2013.0,0.0,2.0,0.0,2,1,3,0,0,0,1,1,1,1,0,0,2,1,1,15,6,3,1,0,0,1,1,0,4,2,5,3,3
2013.0,0.0,0.0,0.0,3,6,3,0,0,0,0,2,1,1,0,0,2,1,1,16,6,3,1,1,0,2,2,0,4,0,5,8,3
2013.0,0.0,0.0,0.0,3,3,3,0,0,0,1,9,1,1,0,1,1,1,1,17,6,3,1,1,0,2,1,0,4,9,5,3,9
2013.0,-528.0,0.0,0.0,3,10,0,0,0,0,1,5,1,1,0,0,5,1,1,23,6,3,1,0,0,1,1,0,6,0,0,3,3
2013.0,80.256,1.0,0.0,3,10,0,0,0,0,1,5,1,1,0,1,5,1,1,23,6,3,1,0,0,1,1,0,2,9,5,3,2
2013.0,0.0,1.0,0.0,3,1,0,1,0,0,1,8,1,1,0,0,8,1,1,6,0,3,0,0,0,1,1,0,4,2,5,3,9
2013.0,277.2,1.0,0.0,3,6,3,0,0,0,0,9,1,1,0,0,9,1,1,7,0,3,0,1,0,1,1,0,6,0,5,8,8
2013.0,165.264,0.0,0.0,3,6,3,0,0,0,0,9,1,1,0,1,9,1,1,8,0,3,0,1,0,0,1,0,4,7,5,8,3
2013.0,-220.176,0.0,0.0,3,10,3,0,0,0,1,5,1,1,0,1,5,1,1,8,0,3,0,1,0,1,2,0,6,9,5,3,2
2013.0,-62.832,0.0,0.0,3,1,3,0,0,0,1,5,1,1,0,0,9,1,1,9,0,3,0,1,0,1,1,0,6,5,5,3,5
2013.0,42.24,1.0,0.0,3,1,3,0,0,2,1,2,1,1,0,0,3,1,1,11,0,3,0,0,0,2,0,0,6,5,5,9,3
2013.0,0.0,2.0,0.0,3,1,3,0,0,0,1,9,1,1,0,1,5,1,1,11,0,3,0,0,0,1,1,0,4,2,5,3,3
2013.0,64.944,0.0,0.0,3,6,3,0,0,0,1,9,1,1,0,1,9,1,1,13,0,3,0,0,0,1,2,0,2,0,5,8,3
2013.0,127.776,0.0,0.0,3,10,3,0,0,0,2,5,1,1,0,1,5,1,1,13,0,3,0,0,0,0,2,0,6,5,5,3,2
2013.0,0.0,0.0,0.0,3,6,3,0,0,0,0,9,1,1,0,0,9,1,1,13,0,3,0,0,0,1,1,0,6,0,5,8,3
2013.0,0.0,2.0,0.0,3,4,3,0,0,0,0,3,1,1,0,1,9,1,1,14,0,3,0,0,0,2,2,0,4,5,5,3,9
2013.0,-626.208,1.0,0.0,3,6,3,0,0,0,0,5,1,1,0,0,5,1,1,14,0,3,0,0,0,1,1,0,6,7,5,8,3
2013.0,0.0,0.0,0.0,3,10,3,0,0,0,2,1,1,1,0,0,1,1,1,14,0,3,0,0,0,0,1,0,6,5,5,8,5
2013.0,130.944,2.0,0.0,3,1,3,0,0,0,1,6,1,1,0,1,2,1,1,15,0,3,0,0,0,1,2,0,6,5,5,3,9
2013.0,155.76,0.0,0.0,3,10,3,0,0,0,1,5,1,1,0,1,5,1,1,16,0,3,0,1,0,1,1,0,6,9,5,3,2
2013.0,0.0,3.0,0.0,2,4,0,0,0,0,0,9,1,1,0,1,1,1,1,23,0,3,0,0,0,2,2,0,4,2,5,3,9
2013.0,-20.064,0.0,0.0,3,1,3,0,0,0,0,6,1,1,0,0,4,1,1,8,1,3,0,1,0,1,1,0,4,5,5,9,9
2013.0,0.0,0.0,0.0,3,4,3,0,0,0,1,1,1,1,0,0,2,1,1,8,1,3,0,1,0,1,1,0,4,2,5,3,9
2013.0,0.0,1.0,0.0,1,1,3,0,0,3,1,5,1,1,0,0,9,1,1,9,1,3,0,1,0,1,1,0,4,2,5,3,7
2013.0,38.016,0.0,0.0,3,6,3,0,0,0,1,9,1,1,0,0,4,1,1,11,1,3,0,0,0,1,1,0,4,7,5,8,3
2013.0,159.984,1.0,0.0,3,6,3,0,0,0,1,1,1,1,0,0,1,1,1,13,1,3,0,0,0,0,2,0,6,7,5,8,3
2013.0,0.0,0.0,0.0,3,6,3,0,0,0,0,2,1,1,0,1,2,1,1,14,1,3,0,0,0,1,1,0,6,0,5,8,3
2013.0,29.04,0.0,0.0,3,1,3,0,0,0,2,1,1,1,2,1,5,1,1,16,1,3,0,1,0,0,2,0,4,2,5,7,3
2013.0,-46.992,1.0,0.0,3,6,3,0,0,0,1,9,1,1,0,1,9,1,1,17,1,3,0,1,0,2,1,0,6,0,5,8,3
2013.0,-30.096,1.0,0.0,3,6,0,0,0,0,0,2,1,1,0,1,2,1,1,20,1,3,0,0,0,1,2,0,4,0,5,8,8
2013.0,44.88,0.0,0.0,3,6,0,0,0,0,0,9,1,1,0,1,9,1,1,22,1,3,0,0,0,2,1,0,4,7,5,8,3
2013.0,119.856,0.0,0.0,3,3,0,0,0,0,1,9,1,1,1,1,1,1,1,23,1,3,0,0,0,1,1,0,6,0,5,6,3
2013.0,200.112,1.0,0.0,1,5,0,0,0,3,1,5,1,1,0,1,9,1,1,3,2,3,0,0,0,1,1,0,6,6,5,3,7
2013.0,-92.928,0.0,0.0,3,6,3,0,0,0,1,1,1,1,0,1,1,1,1,7,2,3,0,1,0,1,1,0,4,7,5,8,3
2013.0,-220.176,1.0,0.0,3,4,3,0,0,0,1,9,1,1,0,0,2,1,1,8,2,3,0,1,0,1,1,0,4,2,5,3,9
2013.0,489.984,1.0,0.0,3,6,3,0,0,0,0,9,1,1,0,1,9,1,1,10,2,3,0,0,0,1,2,0,6,0,5,8,3
2013.0,0.0,0.0,0.0,3,1,3,0,0,0,1,9,1,1,0,1,5,1,1,12,2,3,0,0,0,1,1,0,4,2,5,3,3
2013.0,-40.128,0.0,0.0,3,6,3,0,0,0,1,5,1,1,0,1,5,1,1,12,2,3,0,0,0,0,1,0,6,7,5,8,3
2013.0,0.0,0.0,0.0,3,10,3,0,0,0,1,1,1,1,0,1,1,1,1,13,2,3,0,0,0,1,1,0,4,5,5,8,3
2013.0,0.0,0.0,0.0,3,10,3,0,0,0,0,5,1,1,0,0,5,1,1,15,2,3,0,0,0,1,1,0,6,5,5,3,2
2013.0,107.184,0.0,0.0,3,10,3,0,0,0,1,5,1,1,0,0,5,1,1,16,2,3,0,1,0,1,1,0,4,9,5,3,2
2013.0,0.0,0.0,0.0,3,4,3,0,0,0,0,2,1,1,0,0,1,1,1,17,2,3,0,1,0,2,1,0,4,0,5,3,9
2013.0,0.0,0.0,0.0,3,4,0,0,0,0,1,9,1,1,0,1,1,1,1,19,2,3,0,1,0,2,1,0,2,2,5,3,9
2013.0,-115.104,0.0,0.0,3,6,0,0,0,0,0,1,1,1,0,0,1,1,1,19,2,3,0,1,0,1,1,0,6,0,5,8,3
2013.0,-50.16,0.0,0.0,3,10,0,1,0,0,1,2,1,1,1,1,2,1,1,20,2,3,0,0,0,0,1,0,6,7,5,5,3
2013.0,0.0,0.0,0.0,3,4,0,0,0,0,1,3,1,1,0,1,9,1,1,22,2,3,0,0,0,1,1,0,4,5,5,3,9
2013.0,0.0,0.0,0.0,3,4,3,1,0,0,1,9,1,1,0,0,1,1,1,7,3,3,0,1,0,1,1,0,4,2,5,3,9
2013.0,0.0,0.0,0.0,3,6,3,0,0,0,1,2,1,1,0,1,2,1,1,7,3,3,0,1,0,1,1,0,4,0,5,8,3
2013.0,1320.0,2.0,0.0,3,6,3,0,0,0,1,5,1,1,0,1,5,1,1,8,3,3,0,1,0,2,1,0,6,8,5,8,3
2013.0,46.992,1.0,0.0,3,1,3,0,0,2,0,2,1,1,0,1,3,1,1,9,3,3,0,1,0,1,1,0,4,2,5,9,3
2013.0,0.0,0.0,0.0,3,4,3,0,0,0,1,4,1,1,0,1,5,1,1,9,3,3,0,1,0,1,1,0,2,5,5,3,9
2013.0,0.0,0.0,0.0,3,4,3,0,0,0,0,4,1,1,0,1,5,1,1,10,3,3,0,0,0,2,1,0,4,2,5,3,9
2013.0,0.0,2.0,0.0,1,4,3,0,0,0,0,9,1,1,0,0,1,1,1,10,3,3,0,0,0,1,1,0,4,2,5,3,9
2013.0,0.0,0.0,0.0,3,1,3,0,0,0,1,2,1,1,0,1,9,1,1,16,3,3,0,1,0,2,2,0,4,2,5,9,3
2013.0,-336.864,2.0,0.0,3,6,3,1,0,0,0,1,1,1,0,1,1,1,1,16,3,3,0,1,0,1,1,0,4,7,5,8,3
2013.0,42.24,1.0,0.0,3,6,3,0,0,0,1,5,1,1,0,1,5,1,1,16,3,3,0,1,0,2,1,0,2,7,5,8,3
2013.0,-599.808,0.0,0.0,3,4,3,0,0,0,1,7,1,1,0,1,1,1,1,17,3,3,0,1,0,1,2,0,6,2,5,3,9
2013.0,244.992,0.0,0.0,3,10,0,0,0,0,0,5,1,1,0,0,5,1,1,19,3,3,0,1,0,1,1,0,6,9,5,3,2
2013.0,0.0,2.0,0.0,3,1,0,0,0,0,1,5,1,1,0,1,9,1,1,21,3,3,0,0,0,1,2,0,4,2,5,3,3
2013.0,-91.872,0.0,0.0,3,6,3,0,0,0,1,9,1,1,0,0,9,1,1,8,4,3,0,1,0,2,1,0,6,8,5,8,3
2013.0,-27.984,0.0,0.0,3,6,3,0,0,0,0,6,1,1,0,0,6,1,1,8,4,3,0,1,0,2,0,0,2,7,5,8,9
2013.0,46.992,1.0,0.0,2,1,3,0,0,2,1,1,1,1,0,0,5,1,1,8,4,3,0,1,0,1,1,0,4,2,5,9,7
2013.0,-175.824,1.0,0.0,2,10,3,0,0,0,1,9,1,1,0,1,9,1,1,9,4,3,0,1,0,0,1,0,6,9,5,3,2
2013.0,259.776,0.0,0.0,3,6,3,0,0,0,1,2,1,1,0,0,2,1,1,10,4,3,0,0,0,2,1,0,6,7,5,8,3
2013.0,209.088,0.0,0.0,3,10,3,0,0,0,0,5,1,1,0,1,5,1,1,11,4,3,0,0,0,2,1,0,6,9,7,3,5
2013.0,135.168,0.0,0.0,3,10,3,0,0,0,1,2,1,1,0,0,2,1,1,11,4,3,0,0,0,1,2,0,4,7,5,8,3
2013.0,0.0,0.0,0.0,3,1,3,0,0,0,0,5,1,1,0,0,9,1,1,14,4,3,0,0,0,0,1,0,4,2,5,3,3