Year,Distance,Totalinjuries,Totalfatalities,Injuryseverity,Collisionmanner,Lightcondition,Weather,SurfaceCondition,Unittype_One,Gender_Drv1,Traveldirection_One,AlcoholUse_Drv1,DrugUse_Drv1,Unittype_Two,Gender_Drv2,Traveldirection_Two,AlcoholUse_Drv2,DrugUse_Drv2,Hour,Weekday,Month,Weekend,Rush_Hour,Hazardous_Road,Age_Group_Drv1,Age_Group_Drv2,Substance_Use,Junction_Category,Violation_Category_Drv1,Violation_Category_Drv2,Unitaction_Category_Two,Unitaction_Category_One
2013.0,-50.16,0.0,0.0,3,6,3,0,0,0,1,5,1,1,0,0,5,1,1,14,4,3,0,0,0,2,2,0,4,7,5,8,3
2013.0,-118.8,0.0,0.0,3,4,3,0,0,0,0,1,1,1,0,1,2,1,1,16,4,3,0,1,0,1,2,0,0,2,5,3,9
2013.0,-60.192,0.0,0.0,3,6,3,0,0,0,0,2,1,1,0,0,2,1,1,16,4,3,0,1,0,2,2,0,4,7,5,8,3
2013.0,-350.064,0.0,0.0,3,6,3,0,0,0,0,1,0,1,0,1,1,1,1,18,4,3,0,1,0,1,1,0,4,7,5,8,3
2013.0,0.0,1.0,0.0,3,4,0,0,0,0,1,6,1,1,0,0,1,1,1,22,4,3,0,0,0,2,1,0,4,0,5,3,9
2013.0,0.0,0.0,0.0,3,4,0,0,0,0,1,5,1,1,0,1,2,1,1,23,4,3,0,0,0,1,1,0,4,2,5,3,9
2013.0,232.848,0.0,0.0,3,6,3,0,0,0,1,2,1,1,0,1,2,1,1,6,5,3,1,0,0,2,1,0,6,8,5,9,3
2013.0,0.0,0.0,0.0,3,4,3,0,0,0,1,1,1,1,0,1,5,1,1,14,5,3,1,0,0,0,1,0,2,2,5,9,3
2013.0,-74.976,0.0,0.0,3,6,4,0,0,0,1,5,1,1,0,1,5,1,1,18,5,3,1,1,0,1,2,0,6,0,0,8,3
2013.0,-1133.088,0.0,0.0,3,9,0,0,0,0,1,7,1,1,0,1,1,1,1,22,5,3,1,0,0,2,1,0,6,2,5,3,9
2013.0,220.176,0.0,0.0,3,1,3,0,0,0,1,1,1,1,0,1,1,1,1,13,6,3,1,0,0,2,0,0,6,5,5,8,2
2013.0,-20.064,0.0,0.0,3,6,3,0,0,0,0,1,1,1,0,0,1,1,1,18,6,3,1,1,0,2,1,0,4,0,5,3,3
2013.0,-89.76,3.0,0.0,1,6,0,0,0,0,0,2,1,1,0,1,2,1,1,19,6,3,1,1,0,2,1,0,2,7,5,3,3
2013.0,55.968,0.0,0.0,3,6,3,0,0,0,0,9,1,1,0,0,9,1,1,6,0,3,0,0,0,1,1,0,4,0,5,3,3
2013.0,0.0,1.0,0.0,2,4,3,0,0,0,0,3,1,1,0,1,9,1,1,7,0,3,0,1,0,1,1,0,4,2,5,3,9
2013.0,92.928,0.0,0.0,3,6,3,0,0,0,0,1,1,1,0,1,1,1,1,8,0,3,0,1,0,1,1,0,6,7,5,8,3
2013.0,-50.16,0.0,0.0,3,6,3,0,0,0,1,2,1,1,0,1,2,1,1,8,0,3,0,1,0,2,1,0,4,7,5,8,3
2013.0,0.0,0.0,0.0,3,6,3,0,0,0,1,2,1,1,0,0,2,1,1,11,0,3,0,0,0,1,1,0,4,0,5,8,3
2013.0,51.216,0.0,0.0,3,8,3,0,0,0,1,5,1,1,0,1,9,1,1,13,0,3,0,0,0,1,1,0,6,5,5,3,1
2013.0,42.768,1.0,0.0,3,1,3,0,0,0,0,7,1,1,2,1,5,1,1,16,0,3,0,1,0,1,1,0,6,5,5,3,9
2013.0,819.984,1.0,0.0,3,1,3,0,0,0,0,5,1,1,0,0,9,1,1,16,0,3,0,1,0,0,2,0,6,0,5,3,9
2013.0,64.944,1.0,0.0,3,6,3,0,0,0,1,5,1,1,0,1,5,1,1,17,0,3,0,1,0,1,1,0,6,7,5,8,3
2013.0,0.0,0.0,0.0,3,1,4,0,0,0,0,7,1,1,0,1,9,1,1,18,0,3,0,1,0,1,1,0,4,2,5,3,9
2013.0,0.0,1.0,0.0,3,4,0,0,0,0,0,6,1,1,0,1,2,1,1,20,0,3,0,0,0,1,2,0,4,2,5,3,9
2013.0,-500.016,0.0,0.0,3,8,0,0,0,1,1,1,1,1,0,0,2,1,1,23,0,3,0,0,0,1,1,0,6,7,5,3,4
2013.0,0.0,0.0,0.0,3,4,3,0,0,0,0,2,1,1,0,0,1,1,1,7,1,3,0,1,0,1,1,0,4,2,5,3,9
2013.0,-3.168,1.0,0.0,2,1,3,4,3,2,1,2,1,1,0,0,1,1,1,7,1,3,0,1,0,2,1,0,4,5,5,5,5
2013.0,299.904,0.0,0.0,3,6,3,0,0,0,1,9,1,1,0,1,9,1,1,8,1,3,0,1,0,1,2,0,6,8,5,8,3
2013.0,-43.824,0.0,0.0,3,10,3,0,0,0,1,6,1,1,0,0,1,1,1,11,1,3,0,0,0,0,2,0,4,5,5,3,9
2013.0,-40.128,0.0,0.0,3,6,3,0,0,0,1,5,1,1,0,1,5,1,1,13,1,3,0,0,0,1,1,0,6,7,5,8,3
2013.0,186.912,0.0,0.0,3,6,3,0,0,0,2,2,1,1,0,1,2,1,1,13,1,3,0,0,0,0,0,0,0,4,5,8,9
2013.0,80.256,2.0,0.0,2,6,3,0,0,0,1,5,1,1,0,1,5,1,1,13,1,3,0,0,0,1,1,0,6,7,5,8,3
2013.0,85.008,0.0,0.0,3,6,3,0,0,0,1,5,1,1,0,0,5,1,1,15,1,3,0,0,0,1,2,0,4,7,5,8,3
2013.0,-392.832,1.0,0.0,2,1,3,0,0,0,0,2,1,1,0,1,1,1,1,16,1,3,0,1,0,1,1,0,6,2,5,3,9
2013.0,-764.016,1.0,0.0,3,4,3,0,0,0,0,7,1,1,0,0,1,1,1,16,1,3,0,1,0,1,2,0,6,5,5,3,9
2013.0,105.072,0.0,0.0,3,6,3,0,0,0,0,5,1,1,0,0,5,1,1,16,1,3,0,1,0,2,2,0,6,0,5,8,3
2013.0,-528.0,0.0,0.0,3,4,3,0,0,0,1,1,1,1,0,1,9,1,1,6,2,3,0,0,0,1,2,0,0,2,5,3,9
2013.0,410.256,0.0,0.0,3,4,3,0,0,0,0,2,1,1,0,1,1,1,1,7,2,3,0,1,0,1,1,0,0,2,5,3,9
2013.0,-281.952,0.0,0.0,3,1,3,0,0,0,0,9,1,1,0,1,2,1,1,7,2,3,0,1,0,1,1,0,0,2,5,3,9
2013.0,-62.832,0.0,0.0,3,6,3,0,0,0,0,1,1,1,0,0,1,1,1,8,2,3,0,1,0,0,2,0,4,7,5,8,9
2013.0,0.0,0.0,0.0,3,4,3,0,0,0,0,1,1,1,0,0,2,1,1,8,2,3,0,1,0,1,1,0,4,2,5,3,9
2013.0,-155.76,1.0,0.0,2,1,3,0,0,2,0,2,1,1,0,1,6,1,1,8,2,3,0,1,0,2,1,0,0,9,5,9,3
2013.0,155.232,0.0,0.0,3,6,3,0,0,0,1,1,1,1,0,1,1,1,1,9,2,3,0,1,0,1,0,0,6,8,5,8,3
2013.0,489.984,0.0,0.0,3,6,3,0,0,0,1,1,1,1,0,0,1,1,1,10,2,3,0,0,0,1,1,0,4,7,5,8,3
2013.0,-255.024,1.0,0.0,2,1,3,0,0,2,1,1,1,1,0,1,5,1,1,14,2,3,0,0,0,2,1,0,0,9,5,9,3
2013.0,-155.76,0.0,0.0,3,1,3,0,0,0,1,1,1,1,0,1,5,1,1,15,2,3,0,0,0,1,1,0,6,0,5,3,3
2013.0,67.056,0.0,0.0,3,5,3,0,0,0,1,1,1,1,0,1,9,1,1,16,2,3,0,1,0,1,2,0,6,5,5,8,1
2013.0,74.976,0.0,0.0,3,6,3,0,0,0,1,5,1,1,0,0,5,1,1,16,2,3,0,1,0,1,1,0,4,7,5,8,3
2013.0,-210.144,1.0,0.0,3,6,3,0,0,0,1,1,1,1,0,0,1,1,1,17,2,3,0,1,0,1,0,0,4,7,5,8,3
2013.0,32.208,2.0,0.0,3,6,0,0,0,0,0,9,1,1,0,1,9,1,1,19,2,3,0,1,0,0,1,0,4,7,5,8,3
2013.0,10.032,0.0,0.0,3,6,0,0,0,0,2,5,1,1,0,1,5,1,1,19,2,3,0,1,0,0,1,0,4,7,5,8,3
2013.0,203.808,0.0,0.0,3,10,0,0,0,0,1,5,1,0,0,1,5,1,1,23,2,3,0,0,0,1,1,0,6,7,5,9,9
2013.0,-35.904,0.0,0.0,3,10,3,0,0,0,0,9,1,1,0,0,9,1,1,7,3,3,0,1,0,1,1,0,4,2,5,3,9
2013.0,-412.896,1.0,0.0,3,6,3,0,0,0,0,2,1,1,0,0,2,1,1,9,3,3,0,1,0,2,1,0,6,7,5,8,3
2013.0,99.792,0.0,0.0,3,6,3,0,0,0,1,8,1,1,0,1,8,1,1,9,3,3,0,1,0,2,0,0,4,7,5,8,2
2013.0,378.048,2.0,0.0,1,5,3,0,0,3,1,5,1,1,0,0,9,1,1,10,3,3,0,0,0,2,1,0,6,5,5,3,7
2013.0,0.0,0.0,0.0,3,4,3,0,0,0,1,1,1,1,0,1,2,1,1,12,3,3,0,0,0,1,1,0,2,4,5,3,9
2013.0,107.184,0.0,0.0,3,6,3,0,0,0,0,1,1,1,0,1,1,1,1,15,3,3,0,0,0,2,1,0,6,8,5,8,3
2013.0,382.8,1.0,0.0,2,1,3,0,0,2,1,2,1,1,0,1,1,1,1,15,3,3,0,0,0,2,0,0,0,9,5,9,3
2013.0,-300.96,0.0,0.0,3,6,3,0,0,0,0,5,1,1,0,0,5,1,1,16,3,3,0,1,0,2,1,0,6,0,5,8,3
2013.0,-83.952,0.0,0.0,3,6,3,0,0,0,1,1,1,1,0,1,1,1,1,17,3,3,0,1,0,1,1,0,4,0,5,8,3
2013.0,230.208,1.0,0.0,2,10,3,0,0,0,1,1,1,1,0,0,1,1,1,17,3,3,0,1,0,1,2,0,6,5,9,2,3
2013.0,-85.008,1.0,0.0,3,6,3,0,0,0,1,1,1,1,0,0,1,1,1,18,3,3,0,1,0,1,1,0,4,7,5,8,8
2013.0,-426.096,0.0,1.0,0,5,0,0,0,3,1,5,0,1,0,1,1,1,1,19,3,3,0,1,0,1,2,0,6,2,7,3,7
2013.0,-155.232,0.0,0.0,3,6,2,0,0,0,2,1,1,1,1,1,8,1,1,6,4,3,0,0,0,0,2,0,6,5,5,6,3
2013.0,0.0,0.0,0.0,3,4,3,0,0,0,1,2,1,1,0,1,2,1,1,7,4,3,0,1,0,1,2,0,0,7,5,9,3
2013.0,-240.24,0.0,0.0,3,6,3,0,0,0,0,9,1,1,0,0,9,1,1,10,4,3,0,0,0,1,0,0,6,8,5,8,3
2013.0,-60.192,0.0,0.0,3,1,3,0,0,0,0,6,1,1,0,1,5,1,1,12,4,3,0,0,0,2,1,0,4,2,5,9,9
2013.0,350.064,0.0,0.0,3,10,3,0,0,0,1,3,1,1,0,1,2,1,1,14,4,3,0,0,0,1,1,0,6,9,5,3,9
2013.0,-99.792,0.0,0.0,3,6,3,0,0,0,1,2,1,1,0,1,2,1,1,15,4,3,0,0,0,1,1,0,4,5,5,8,8
2013.0,299.904,0.0,0.0,3,6,3,0,0,0,1,5,1,1,0,1,5,1,1,16,4,3,0,1,0,0,2,0,6,7,5,8,3
2013.0,-60.192,0.0,0.0,3,6,3,0,0,0,1,1,1,1,0,1,1,1,1,18,4,3,0,1,0,1,2,0,4,7,5,8,3
2013.0,0.0,1.0,0.0,2,6,0,0,0,0,1,1,1,1,0,1,1,1,1,20,4,3,0,0,0,1,1,0,4,7,5,8,3
2013.0,0.0,3.0,0.0,3,4,0,0,0,0,1,3,1,1,0,0,9,1,1,21,4,3,0,0,0,2,1,0,4,5,5,3,9
2013.0,0.0,1.0,0.0,2,1,0,0,0,0,0,5,1,1,0,0,1,1,1,23,4,3,0,0,0,2,1,0,4,2,5,3,3
2013.0,139.92,0.0,0.0,3,6,3,0,0,0,1,5,1,1,0,0,5,1,1,9,5,3,1,1,0,1,1,0,6,8,5,9,3
2013.0,119.856,1.0,0.0,3,6,3,0,0,0,1,5,1,1,0,0,5,1,1,18,5,3,1,1,0,1,0,0,4,0,5,8,3
2013.0,0.0,0.0,0.0,3,1,0,0,0,0,1,2,1,1,0,1,2,1,1,0,6,3,1,0,0,1,1,0,6,9,5,3,6
2013.0,-64.944,0.0,0.0,3,6,3,0,0,0,1,2,1,1,0,1,2,1,1,10,6,3,1,0,0,1,1,0,4,0,5,8,3
2013.0,0.0,0.0,0.0,3,6,3,0,0,0,1,9,1,1,0,0,9,1,1,15,6,3,1,0,0,1,2,0,4,0,5,8,3
2013.0,164.208,0.0,0.0,3,5,3,0,0,0,1,9,1,1,0,1,1,1,1,16,6,3,1,1,0,2,1,0,6,5,5,8,1
2013.0,24.816,0.0,0.0,3,6,3,0,0,0,1,5,0,1,0,1,5,1,1,16,6,3,1,1,0,1,2,0,3,7,5,8,3
2013.0,0.0,3.0,0.0,2,4,3,0,0,0,0,9,1,1,0,1,3,1,1,17,6,3,1,1,0,0,0,0,4,2,5,9,3
2013.0,210.144,0.0,0.0,3,9,0,0,0,0,0,3,1,1,0,1,4,1,1,19,6,3,1,1,0,2,1,0,0,2,5,9,9
2013.0,792.0,0.0,0.0,3,10,0,0,0,0,1,9,1,1,0,1,9,1,1,22,6,3,1,0,0,1,1,0,6,0,5,8,2
2013.0,-799.92,0.0,0.0,3,10,3,0,0,0,1,9,1,1,0,1,9,1,1,9,0,4,0,1,0,0,1,0,6,0,5,3,2
2013.0,-50.16,0.0,0.0,3,6,3,0,0,0,1,2,1,1,0,0,2,1,1,15,0,4,0,0,0,1,1,0,4,5,5,8,8
2013.0,0.0,0.0,0.0,3,4,3,0,0,0,0,2,1,1,0,1,5,1,1,16,0,4,0,1,0,2,1,0,2,2,5,9,3
2013.0,-10.032,0.0,0.0,3,6,3,0,0,0,0,1,1,1,0,1,1,1,1,16,0,4,0,1,0,1,2,0,2,2,2,8,8
2013.0,-500.016,0.0,0.0,3,4,3,0,0,0,0,2,1,1,0,0,9,1,1,16,0,4,0,1,0,2,2,0,4,2,5,9,3
2013.0,0.0,1.0,0.0,3,4,3,0,0,0,0,5,1,1,0,0,9,1,1,17,0,4,0,1,0,1,1,0,4,4,5,3,3
2013.0,80.256,0.0,0.0,3,10,3,0,0,0,0,9,1,1,0,0,5,1,1,17,0,4,0,1,0,1,2,0,6,9,5,3,2
2013.0,-693.264,2.0,0.0,3,6,3,0,0,0,0,2,1,1,0,0,2,1,1,8,1,4,0,1,0,1,1,0,6,0,5,8,3
2013.0,-10.032,1.0,0.0,2,1,3,0,0,2,0,5,1,1,0,0,1,1,1,15,1,4,0,0,0,2,1,0,2,2,5,3,7
2013.0,-293.04,0.0,0.0,3,6,3,0,0,0,1,5,1,1,0,0,5,1,1,16,1,4,0,1,0,1,1,0,6,8,5,8,3
2013.0,0.0,0.0,0.0,3,1,3,0,0,0,1,9,1,1,0,1,3,1,1,16,1,4,0,1,0,2,0,0,4,2,5,9,3
2013.0,0.0,0.0,0.0,3,1,3,0,0,0,1,5,1,1,0,1,1,1,1,17,1,4,0,1,0,2,2,0,4,2,5,3,3
2013.0,-173.184,2.0,0.0,3,6,3,0,0,0,1,2,1,1,0,1,2,1,1,17,1,4,0,1,0,1,1,0,6,7,5,8,3
2013.0,-112.992,1.0,0.0,2,6,3,0,0,0,1,9,1,1,0,1,9,1,1,17,1,4,0,1,0,1,1,0,6,8,5,8,3
2013.0,-200.112,0.0,0.0,3,1,0,0,0,0,0,1,1,1,0,1,5,1,1,19,1,4,0,1,0,1,1,0,6,2,5,3,9
2013.0,0.0,0.0,0.0,3,4,0,0,0,0,0,1,1,1,0,0,5,1,1,21,1,4,0,0,0,1,1,0,2,2,5,9,3
2013.0,-20.064,0.0,0.0,3,6,0,0,3,0,2,8,1,1,0,0,2,1,1,22,1,4,0,0,0,0,1,0,2,5,5,8,5
2013.0,139.92,0.0,0.0,3,6,0,0,0,0,1,1,1,1,0,0,1,1,1,23,1,4,0,0,0,1,0,0,6,0,5,3,3
2013.0,0.0,2.0,0.0,3,1,3,0,0,0,0,9,1,1,0,0,5,1,1,6,2,4,0,0,0,0,1,0,4,2,5,3,3
2013.0,220.176,0.0,0.0,3,1,3,0,0,0,0,3,1,1,0,0,9,1,1,8,2,4,0,1,0,1,1,0,0,4,5,2,9
2013.0,299.904,0.0,0.0,3,6,3,0,0,0,1,5,1,1,0,1,5,1,1,10,2,4,0,0,0,1,1,0,6,7,5,8,3
2013.0,80.784,0.0,0.0,3,10,3,0,0,0,1,5,1,1,0,1,5,1,1,11,2,4,0,0,0,1,0,0,6,7,5,8,3
2013.0,61.248,1.0,0.0,1,12,3,0,0,0,2,5,1,1,0,1,2,1,1,14,2,4,0,0,0,0,1,0,6,5,5,3,5
2013.0,0.0,1.0,0.0,3,1,3,0,0,0,1,5,1,1,0,0,9,1,1,15,2,4,0,0,0,2,1,0,4,2,5,3,9
2013.0,0.0,3.0,0.0,2,4,3,0,0,0,0,9,1,1,0,1,1,1,1,15,2,4,0,0,0,1,1,0,4,2,5,3,9
2013.0,-350.064,0.0,0.0,3,6,3,0,0,0,0,9,1,1,0,0,9,1,1,15,2,4,0,0,0,0,1,0,6,7,5,8,3
2013.0,0.0,0.0,0.0,3,4,3,0,0,0,0,4,1,1,0,0,5,1,1,15,2,4,0,0,0,0,1,0,4,2,5,9,3
2013.0,-119.856,0.0,0.0,3,6,3,0,0,0,1,2,1,1,0,1,2,1,1,15,2,4,0,0,0,1,1,0,4,7,5,8,3
2013.0,0.0,3.0,0.0,3,1,3,0,0,0,0,4,1,1,0,0,5,1,1,15,2,4,0,0,0,2,2,0,4,5,5,3,9
2013.0,-400.224,0.0,0.0,3,6,3,0,0,0,0,2,1,1,0,1,2,1,1,16,2,4,0,1,0,1,1,0,6,7,5,8,3
2013.0,0.0,0.0,0.0,3,6,3,4,3,0,1,8,1,1,0,1,8,1,1,16,2,4,0,1,0,2,2,0,8,5,5,5,5
2013.0,500.016,0.0,0.0,3,12,3,0,0,0,2,9,1,1,1,1,1,1,1,17,2,4,0,1,0,0,1,0,6,5,5,6,5
2013.0,-295.152,0.0,0.0,3,3,3,0,0,0,0,9,1,1,0,1,1,1,1,17,2,4,0,1,0,2,1,0,6,9,5,3,9
2013.0,89.76,0.0,0.0,3,10,3,0,0,0,2,5,1,1,0,0,5,1,1,17,2,4,0,1,0,0,2,0,6,9,5,3,2
2013.0,-105.072,0.0,0.0,3,6,3,0,0,0,2,1,1,1,0,0,1,1,1,17,2,4,0,1,0,0,1,0,6,7,5,8,3
2013.0,700.128,0.0,0.0,3,6,3,0,0,0,1,9,1,1,0,1,9,1,1,18,2,4,0,1,0,1,2,0,4,7,5,8,1
2013.0,-149.952,1.0,0.0,3,6,4,0,0,0,0,2,1,1,0,1,2,1,1,18,2,4,0,1,0,1,0,0,4,0,5,8,8
2013.0,0.0,1.0,0.0,3,6,0,0,0,0,0,1,1,1,0,1,1,1,1,21,2,4,0,0,0,2,1,0,4,7,5,8,3
2013.0,-194.832,1.0,0.0,2,3,3,0,0,2,1,9,1,1,0,0,2,1,1,9,3,4,0,1,0,2,2,0,0,9,5,9,3
2013.0,-108.24,0.0,0.0,3,6,3,0,0,0,1,1,1,1,0,1,1,1,1,10,3,4,0,0,0,1,1,0,4,7,5,8,3
2013.0,190.08,0.0,0.0,3,6,3,0,0,0,1,2,1,1,0,1,2,1,1,12,3,4,0,0,0,0,0,0,4,8,5,8,3
2013.0,71.808,0.0,0.0,3,6,3,0,0,0,0,9,1,1,0,1,9,1,1,12,3,4,0,0,0,1,0,0,4,7,5,8,3
2013.0,-50.16,0.0,0.0,3,1,3,0,0,0,1,7,1,1,0,0,9,1,1,15,3,4,0,0,0,1,2,0,6,5,5,3,9
2013.0,-74.976,0.0,0.0,3,6,3,0,0,0,1,2,1,1,0,1,2,1,1,15,3,4,0,0,0,2,1,0,4,7,5,8,3
2013.0,-70.224,0.0,0.0,3,6,3,0,0,0,1,2,1,1,0,0,2,1,1,15,3,4,0,0,0,1,1,0,4,0,5,8,3
2013.0,279.84,0.0,0.0,3,6,3,0,0,0,0,5,1,1,0,1,5,1,1,17,3,4,0,1,0,1,1,0,4,7,5,8,3
2013.0,0.0,2.0,0.0,3,3,0,0,0,0,1,1,1,1,0,1,9,1,1,21,3,4,0,0,0,1,1,0,4,2,5,9,9
2013.0,-182.16,1.0,0.0,2,6,0,0,0,0,2,7,1,1,3,1,5,1,1,4,4,4,0,0,0,0,2,0,0,2,5,7,9
2013.0,86.064,0.0,0.0,3,10,3,0,0,0,0,1,1,1,0,0,1,1,1,11,4,4,0,0,0,1,1,0,4,9,5,3,2
2013.0,-55.968,0.0,0.0,3,6,3,0,0,0,1,1,1,1,0,1,1,1,1,11,4,4,0,0,0,2,1,0,4,7,5,8,3
2013.0,40.128,0.0,0.0,3,6,3,0,0,0,0,9,1,1,0,1,9,1,1,12,4,4,0,0,0,2,1,0,4,7,5,8,3
2013.0,-174.768,0.0,0.0,3,1,3,0,0,0,2,8,1,1,1,1,5,1,1,13,4,4,0,0,0,0,1,0,6,5,5,6,5
2013.0,0.0,0.0,0.0,3,4,3,0,0,0,0,1,1,1,0,0,9,1,1,13,4,4,0,0,0,1,1,0,2,2,5,9,3
2013.0,-149.952,0.0,0.0,3,6,3,0,0,0,1,1,1,1,0,0,1,1,1,13,4,4,0,0,0,1,2,0,6,7,5,8,3
2013.0,360.096,0.0,0.0,3,4,3,0,0,0,0,2,1,1,0,1,9,1,1,14,4,4,0,0,0,2,1,0,0,9,5,3,9
2013.0,224.928,0.0,0.0,3,6,3,0,0,0,1,2,1,1,0,1,2,1,1,14,4,4,0,0,0,2,1,0,2,7,5,8,3
2013.0,-230.208,0.0,0.0,3,1,3,0,0,0,1,9,1,1,0,1,4,1,1,15,4,4,0,0,0,1,1,0,6,0,5,9,6
2013.0,340.032,0.0,0.0,3,4,3,0,0,0,0,1,1,1,0,0,9,1,1,15,4,4,0,0,0,2,0,0,0,4,5,3,9
2013.0,-214.896,0.0,0.0,3,1,3,0,0,0,0,6,1,1,0,1,5,1,1,15,4,4,0,0,0,1,1,0,6,4,5,3,9
2013.0,-249.744,1.0,0.0,3,6,3,0,0,0,1,5,1,1,0,1,5,1,1,16,4,4,0,1,0,2,1,0,4,7,5,3,3
2013.0,0.0,0.0,0.0,3,1,3,0,0,0,0,1,1,1,0,0,5,1,1,16,4,4,0,1,0,1,1,0,6,2,5,3,9
2013.0,0.0,0.0,0.0,3,1,4,0,0,0,1,5,1,1,0,1,2,1,1,18,4,4,0,1,0,1,2,0,2,5,5,3,9
2013.0,-99.792,0.0,0.0,3,12,0,0,0,0,2,8,1,1,0,0,2,1,1,19,4,4,0,1,0,0,1,0,4,5,5,8,5
2013.0,-60.192,0.0,0.0,3,10,0,0,0,0,0,1,1,1,0,1,1,1,1,20,4,4,0,0,0,1,1,0,6,9,5,3,2
2013.0,32.208,1.0,0.0,3,1,0,0,0,2,1,1,1,1,0,1,5,1,1,0,5,4,1,0,0,2,1,0,4,5,5,5,5
2013.0,0.0,0.0,0.0,3,6,0,0,0,0,1,9,1,1,0,0,9,1,1,2,5,4,1,0,0,2,1,0,4,8,5,9,9
2013.0,0.0,1.0,0.0,3,4,0,0,0,0,0,5,1,1,0,1,2,1,1,2,5,4,1,0,0,2,1,0,4,2,5,3,9
2013.0,-34.848,0.0,0.0,3,6,3,0,0,0,1,2,1,1,0,0,2,1,1,10,5,4,1,0,0,1,0,0,4,7,5,8,8
2013.0,-30.096,1.0,0.0,3,6,3,0,0,0,1,2,1,1,0,0,2,1,1,12,5,4,1,0,0,1,1,0,6,7,5,3,3
2013.0,-202.752,0.0,0.0,3,6,3,0,0,0,0,9,1,1,0,1,9,1,1,13,5,4,1,0,0,2,0,0,6,8,5,8,3
2013.0,-299.904,2.0,0.0,2,6,3,0,0,0,1,1,1,1,0,1,1,1,1,14,5,4,1,0,0,2,1,0,2,7,5,8,3
2013.0,-105.072,2.0,0.0,3,6,3,0,0,0,0,1,1,1,0,0,1,1,1,15,5,4,1,0,0,2,1,0,6,7,5,8,3
2013.0,220.176,2.0,0.0,3,4,3,0,0,0,0,9,1,1,0,0,2,1,1,17,5,4,1,1,0,2,1,0,0,0,5,3,9
2013.0,0.0,0.0,0.0,3,6,3,0,3,0,1,1,1,1,0,0,1,1,1,20,5,4,1,0,0,2,2,0,6,8,5,8,3
2013.0,-99.792,0.0,0.0,3,1,0,0,0,0,1,2,1,1,0,0,2,1,1,21,5,4,1,0,0,0,2,0,4,5,5,2,9
2013.0,0.0,1.0,0.0,1,4,0,0,0,0,1,2,1,1,0,1,5,1,1,1,6,4,1,0,0,2,2,0,0,2,5,3,9
2013.0,-299.904,0.0,0.0,3,10,3,0,0,0,0,9,1,1,0,0,9,1,1,9,6,4,1,1,0,0,1,0,6,0,5,3,2
2013.0,-50.16,0.0,0.0,3,6,3,0,0,0,0,1,1,1,0,1,1,1,1,9,6,4,1,1,0,1,1,0,2,0,5,8,3
2013.0,149.952,0.0,0.0,3,6,3,0,0,0,1,2,1,1,0,0,2,1,1,15,6,4,1,0,0,2,1,0,0,8,5,8,8
2013.0,0.0,2.0,0.0,2,1,2,0,0,0,0,1,0,1,0,0,2,1,1,5,0,4,0,0,0,1,1,0,4,2,5,3,5
2013.0,1056.0,2.0,0.0,3,1,3,0,0,0,0,7,1,1,0,0,2,1,1,7,0,4,0,1,0,1,1,0,6,5,5,3,5
2013.0,158.4,0.0,0.0,3,6,3,0,0,0,1,2,1,1,0,1,2,1,1,8,0,4,0,1,0,2,1,0,4,7,5,8,3
2013.0,-34.848,0.0,0.0,3,6,3,0,0,0,0,1,1,1,0,0,1,1,1,8,0,4,0,1,0,1,1,0,6,7,5,8,3
2013.0,0.0,0.0,0.0,3,4,3,0,0,0,1,7,1,1,0,1,1,1,1,13,0,4,0,0,0,1,1,0,4,4,5,3,9
2013.0,68.112,0.0,0.0,3,6,3,0,0,0,1,2,1,1,0,0,2,1,1,15,0,4,0,0,0,1,0,0,6,7,5,8,3
2013.0,-97.152,0.0,0.0,3,6,3,0,0,0,1,1,1,1,0,1,1,1,1,16,0,4,0,1,0,2,2,0,6,7,5,8,3
2013.0,68.112,1.0,0.0,2,6,3,0,0,0,1,5,1,1,0,0,5,1,1,16,0,4,0,1,0,2,1,0,4,8,5,8,8
2013.0,-310.992,0.0,0.0,3,3,3,1,0,0,1,5,1,1,0,1,2,1,1,17,0,4,0,1,0,2,1,0,6,9,5,3,3
2013.0,-30.096,0.0,1.0,0,5,0,3,4,3,1,5,1,1,0,1,1,1,1,19,0,4,0,1,1,1,1,0,4,2,5,3,7
2013.0,-93.984,0.0,0.0,3,6,3,0,0,0,0,2,1,1,0,0,2,1,1,7,1,4,0,1,0,1,0,0,4,0,5,8,3
2013.0,0.0,0.0,0.0,3,4,3,0,0,0,1,2,1,1,0,1,9,1,1,7,1,4,0,1,0,0,1,0,4,4,2,9,3
2013.0,3432.0,0.0,0.0,3,5,3,0,0,0,0,2,1,1,0,1,2,1,1,11,1,4,0,0,0,1,1,0,6,5,5,3,3
2013.0,-58.08,0.0,0.0,3,6,3,0,0,0,1,2,1,1,0,1,2,1,1,17,1,4,0,1,0,0,1,0,6,8,5,8,8
2013.0,-39.072,0.0,0.0,3,10,3,0,0,0,1,9,1,1,0,1,9,1,1,17,1,4,0,1,0,2,1,0,6,5,5,3,9
2013.0,40.128,1.0,0.0,1,5,0,0,0,3,0,2,1,1,0,0,9,1,1,19,1,4,0,1,0,2,2,0,4,2,5,3,7