Year,Distance,Totalinjuries,Totalfatalities,Injuryseverity,Collisionmanner,Lightcondition,Weather,SurfaceCondition,Unittype_One,Gender_Drv1,Traveldirection_One,AlcoholUse_Drv1,DrugUse_Drv1,Unittype_Two,Gender_Drv2,Traveldirection_Two,AlcoholUse_Drv2,DrugUse_Drv2,Hour,Weekday,Month,Weekend,Rush_Hour,Hazardous_Road,Age_Group_Drv1,Age_Group_Drv2,Substance_Use,Junction_Category,Violation_Category_Drv1,Violation_Category_Drv2,Unitaction_Category_Two,Unitaction_Category_One
2013.0,30.096,0.0,0.0,3,10,0,0,0,0,0,9,1,1,0,1,9,1,1,20,1,4,0,0,0,1,1,0,6,9,5,3,2
2013.0,319.968,0.0,0.0,3,1,3,0,0,0,0,9,1,1,0,1,9,1,1,6,2,4,0,0,0,0,0,0,4,5,5,3,5
2013.0,-416.064,1.0,0.0,2,6,3,0,0,0,0,2,1,1,0,0,2,1,1,7,2,4,0,1,0,1,1,0,4,8,5,8,3
2013.0,0.0,0.0,0.0,3,4,3,0,0,0,0,5,1,1,0,1,2,1,1,7,2,4,0,1,0,1,1,0,4,4,5,3,9
2013.0,104.016,0.0,0.0,3,10,3,0,0,0,1,9,1,1,0,0,9,1,1,7,2,4,0,1,0,1,2,0,4,9,5,3,2
2013.0,240.24,0.0,0.0,3,10,3,0,0,2,1,5,1,1,0,1,5,1,1,13,2,4,0,0,0,1,2,0,6,5,5,8,3
2013.0,0.0,4.0,0.0,2,1,3,0,0,0,1,5,1,1,0,0,1,1,1,14,2,4,0,0,0,1,0,0,4,2,5,3,3
2013.0,-202.752,1.0,0.0,2,4,3,0,0,0,1,9,1,1,0,1,2,1,1,17,2,4,0,1,0,2,2,0,6,2,5,3,9
2013.0,99.792,0.0,0.0,3,1,3,0,0,0,2,9,1,1,0,1,9,1,1,17,2,4,0,1,0,0,1,0,6,9,5,3,2
2013.0,81.84,0.0,0.0,3,6,3,0,0,0,0,1,1,1,0,1,1,1,1,17,2,4,0,1,0,2,1,0,6,0,5,8,8
2013.0,0.0,0.0,0.0,3,6,3,0,0,0,1,5,1,1,0,0,5,1,1,17,2,4,0,1,0,2,1,0,6,7,5,8,8
2013.0,0.0,0.0,0.0,3,4,3,0,0,0,1,3,1,1,0,0,9,1,1,18,2,4,0,1,0,1,1,0,4,2,5,3,9
2013.0,0.0,2.0,0.0,2,4,3,0,0,0,0,5,1,1,0,1,1,1,1,5,3,4,0,0,0,1,1,0,4,4,5,3,9
2013.0,0.0,0.0,0.0,3,4,3,0,0,0,0,9,1,1,0,0,3,1,1,7,3,4,0,1,0,1,1,0,4,2,5,9,3
2013.0,0.0,0.0,0.0,3,1,3,0,0,0,0,1,1,1,0,0,2,1,1,8,3,4,0,1,0,2,1,0,4,5,5,3,3
2013.0,300.96,1.0,0.0,3,10,3,0,0,0,0,9,1,1,0,1,9,1,1,11,3,4,0,0,0,1,1,0,6,9,5,3,2
2013.0,154.176,0.0,0.0,3,10,3,0,0,0,0,5,1,1,0,1,5,1,1,12,3,4,0,0,0,2,1,0,4,0,5,8,2
2013.0,0.0,2.0,0.0,2,4,3,0,0,0,0,7,1,1,0,0,1,1,1,12,3,4,0,0,0,2,0,0,4,5,5,3,9
2013.0,-269.808,0.0,0.0,3,1,3,0,0,2,1,2,1,1,0,1,1,1,1,14,3,4,0,0,0,1,1,0,6,9,5,9,3
2013.0,0.0,1.0,0.0,2,4,3,0,0,0,0,7,1,1,0,1,2,1,1,15,3,4,0,0,0,1,1,0,4,2,2,3,9
2013.0,0.0,1.0,0.0,3,6,3,0,0,0,1,5,1,1,0,0,5,1,1,16,3,4,0,1,0,1,1,0,6,5,5,5,5
2013.0,46.992,1.0,0.0,2,4,3,0,0,0,2,4,1,1,0,0,1,1,1,16,3,4,0,1,0,0,1,0,2,9,5,8,9
2013.0,299.904,0.0,0.0,3,6,3,0,0,0,1,5,1,1,0,1,5,1,1,16,3,4,0,1,0,1,1,0,6,7,5,8,3
2013.0,-69.168,0.0,0.0,3,6,3,0,0,0,0,1,1,1,0,1,1,1,1,17,3,4,0,1,0,1,2,0,4,8,5,8,3
2013.0,0.0,0.0,0.0,3,4,3,0,0,0,1,9,1,1,0,1,5,1,1,17,3,4,0,1,0,1,1,0,4,4,5,3,9
2013.0,-234.96,0.0,0.0,3,6,3,0,0,0,1,5,1,1,0,1,5,1,1,17,3,4,0,1,0,2,1,0,6,7,5,8,3
2013.0,-34.848,2.0,0.0,2,6,3,0,0,0,0,1,1,1,0,1,1,1,1,18,3,4,0,1,0,2,0,0,2,0,5,8,3
2013.0,-80.256,0.0,0.0,3,1,0,0,0,0,1,1,1,1,0,0,1,1,1,21,3,4,0,0,0,1,1,0,6,5,5,3,3
2013.0,0.0,0.0,0.0,3,10,0,0,0,0,0,9,1,1,0,0,4,1,1,22,3,4,0,0,0,2,2,0,4,2,5,9,3
2013.0,4.752,1.0,0.0,3,6,0,0,0,0,2,2,1,1,0,1,2,1,1,2,4,4,0,0,0,0,2,0,4,8,5,8,3
2013.0,132.0,0.0,0.0,3,6,3,0,0,0,1,9,1,1,0,0,9,1,1,7,4,4,0,1,0,2,1,0,6,7,5,3,3
2013.0,442.992,0.0,0.0,3,6,3,1,0,0,0,9,1,1,0,0,9,1,1,8,4,4,0,1,0,2,2,0,4,7,5,8,3
2013.0,-80.256,0.0,0.0,3,6,3,0,0,0,0,1,1,1,0,0,1,1,1,8,4,4,0,1,0,2,1,0,4,0,5,8,8
2013.0,419.76,0.0,0.0,3,6,3,0,0,0,0,9,1,1,0,1,9,1,1,8,4,4,0,1,0,2,1,0,6,7,5,8,8
2013.0,674.784,0.0,0.0,3,6,3,0,0,0,2,2,1,1,0,0,2,1,1,8,4,4,0,1,0,0,2,0,9,9,5,3,2
2013.0,0.0,0.0,0.0,3,12,0,4,0,0,2,8,1,1,1,1,5,1,1,12,4,4,0,0,0,0,1,0,6,0,5,6,5
2013.0,368.016,1.0,0.0,2,1,3,1,0,0,1,1,1,1,0,0,1,1,1,12,4,4,0,0,0,2,2,0,6,0,5,3,9
2013.0,-299.904,0.0,0.0,3,1,3,0,0,0,0,6,1,1,0,1,4,1,1,12,4,4,0,0,0,0,1,0,6,5,5,9,9
2013.0,-149.952,0.0,0.0,3,1,3,0,0,0,0,9,1,1,0,1,2,1,1,13,4,4,0,0,0,2,1,0,6,4,5,3,9
2013.0,0.0,1.0,0.0,2,4,3,0,0,0,1,2,1,1,0,1,9,1,1,14,4,4,0,0,0,2,0,0,4,2,5,9,9
2013.0,190.08,0.0,0.0,3,6,3,0,0,0,0,5,1,1,0,1,5,1,1,15,4,4,0,0,0,1,2,0,2,5,5,3,3
2013.0,249.744,0.0,0.0,3,6,3,0,0,0,1,1,1,1,0,1,1,1,1,15,4,4,0,0,0,2,1,0,6,0,5,9,3
2013.0,-50.16,0.0,0.0,3,6,3,0,0,0,1,2,1,1,0,0,2,1,1,16,4,4,0,1,0,1,2,0,6,0,5,8,3
2013.0,-299.904,0.0,0.0,3,5,3,0,0,0,0,5,1,1,0,0,2,1,1,16,4,4,0,1,0,1,2,0,6,0,5,8,1
2013.0,-136.224,0.0,0.0,3,6,3,0,0,0,0,2,1,1,0,1,2,1,1,16,4,4,0,1,0,2,1,0,3,0,5,8,3
2013.0,-70.224,0.0,0.0,3,6,3,0,0,0,1,5,1,1,0,0,5,1,1,17,4,4,0,1,0,2,1,0,6,0,5,8,3
2013.0,0.0,2.0,0.0,3,4,3,0,0,0,0,1,1,1,0,1,9,1,1,17,4,4,0,1,0,2,1,0,4,4,5,3,9
2013.0,-449.856,0.0,0.0,3,1,3,0,0,0,1,5,1,1,0,1,1,1,1,17,4,4,0,1,0,2,1,0,0,2,5,3,3
2013.0,-244.992,1.0,0.0,3,6,3,0,0,0,0,2,1,0,0,1,2,1,1,17,4,4,0,1,0,1,1,0,6,0,5,8,3
2013.0,81.84,0.0,0.0,3,6,3,0,0,0,1,5,1,1,0,1,5,1,1,17,4,4,0,1,0,2,1,0,6,0,5,8,3
2013.0,24.816,0.0,0.0,3,6,3,0,0,0,1,5,1,1,0,1,5,1,1,17,4,4,0,1,0,1,1,0,4,8,5,8,3
2013.0,-117.744,1.0,0.0,2,6,3,0,0,0,1,2,1,1,0,0,2,1,1,17,4,4,0,1,0,2,2,0,4,7,5,8,3
2013.0,0.0,0.0,0.0,3,4,3,0,0,0,0,5,1,1,0,1,9,1,1,18,4,4,0,1,0,1,1,0,6,4,5,3,9
2013.0,0.0,0.0,0.0,3,4,3,0,0,0,0,2,1,1,0,0,1,1,1,18,4,4,0,1,0,1,1,0,4,4,5,3,9
2013.0,0.0,1.0,0.0,3,4,0,0,0,0,0,3,1,1,0,0,9,1,1,19,4,4,0,1,0,1,1,0,4,4,5,3,9
2013.0,-33.792,0.0,0.0,3,6,0,0,0,0,1,2,1,1,0,0,2,1,1,21,4,4,0,0,0,2,2,0,4,0,5,3,3
2013.0,-20.064,0.0,0.0,3,6,0,0,0,0,1,1,0,1,0,1,1,1,1,0,5,4,1,0,0,1,2,0,4,2,5,3,3
2013.0,-30.096,2.0,0.0,2,6,3,0,0,0,1,2,1,1,0,0,2,1,1,6,5,4,1,0,0,1,1,0,4,9,5,8,3
2013.0,-3.168,1.0,0.0,3,10,3,0,0,0,0,1,1,1,2,1,1,1,1,7,5,4,1,1,0,2,0,0,2,0,5,3,3
2013.0,-50.16,0.0,0.0,3,6,3,0,0,0,0,9,1,1,0,0,9,1,1,9,5,4,1,1,0,1,2,0,6,7,5,5,5
2013.0,-70.224,1.0,0.0,3,6,3,0,0,0,0,1,1,1,0,0,1,1,1,11,5,4,1,0,0,1,1,0,4,7,5,8,3
2013.0,0.0,0.0,0.0,3,1,3,0,0,0,0,2,1,1,0,1,2,1,1,14,5,4,1,0,0,1,0,0,4,4,7,3,9
2013.0,-91.872,0.0,0.0,3,6,3,0,0,0,0,2,1,1,0,1,2,1,1,14,5,4,1,0,0,2,2,0,4,8,5,8,8
2013.0,-200.112,0.0,0.0,3,1,3,0,0,0,0,9,1,1,0,1,9,1,1,15,5,4,1,0,0,1,2,0,0,4,5,3,9
2013.0,180.048,0.0,0.0,3,10,3,0,0,0,2,9,1,1,0,1,9,1,1,16,5,4,1,1,0,0,1,0,4,9,5,3,3
2013.0,-279.84,0.0,0.0,3,4,3,0,0,0,1,4,1,1,0,0,1,1,1,18,5,4,1,1,0,2,2,0,1,4,5,3,9
2013.0,0.0,0.0,0.0,3,1,0,0,0,0,0,2,0,1,0,0,1,1,1,20,5,4,1,0,0,1,2,0,4,2,5,3,9
2013.0,-200.112,1.0,0.0,2,5,0,0,0,3,1,2,0,1,0,0,1,1,1,23,5,4,1,0,0,2,0,0,6,6,5,3,7
2013.0,14.784,2.0,0.0,3,6,3,0,0,0,1,5,1,1,0,1,5,1,1,9,6,4,1,1,0,1,1,0,4,7,5,8,9
2013.0,-799.92,0.0,0.0,3,6,3,0,0,0,0,1,1,1,0,1,1,1,1,10,6,4,1,0,0,1,2,0,6,4,5,8,3
2013.0,-60.192,0.0,0.0,3,6,3,0,0,0,2,2,1,1,0,0,2,1,1,12,6,4,1,0,0,0,2,0,2,5,5,8,3
2013.0,139.92,0.0,0.0,3,10,3,0,0,0,0,5,1,1,0,1,5,1,1,14,6,4,1,0,0,0,1,0,6,9,5,3,2
2013.0,200.112,1.0,0.0,2,1,3,0,0,0,2,2,1,1,2,1,9,1,1,15,6,4,1,0,0,0,2,0,6,5,5,3,9
2013.0,0.0,2.0,0.0,3,4,3,0,0,0,1,4,1,1,0,1,5,1,1,8,0,4,0,1,0,2,1,0,4,2,5,3,9
2013.0,-571.824,1.0,0.0,2,6,3,0,0,0,1,9,1,1,0,1,9,1,1,12,0,4,0,0,0,2,1,0,6,8,5,8,8
2013.0,297.792,0.0,0.0,3,10,3,0,0,0,0,5,1,1,0,0,5,1,1,14,0,4,0,0,0,1,0,0,6,9,5,3,2
2013.0,-161.04,0.0,0.0,3,6,3,0,0,0,0,1,1,1,0,1,1,1,1,15,0,4,0,0,0,1,2,0,6,8,5,8,3
2013.0,166.848,0.0,0.0,3,10,3,0,0,0,0,5,1,1,0,1,5,1,1,15,0,4,0,0,0,0,2,0,6,9,5,3,2
2013.0,100.848,0.0,0.0,3,10,3,0,0,0,0,5,1,1,0,1,5,1,1,15,0,4,0,0,0,1,0,0,6,9,5,3,2
2013.0,-76.032,0.0,0.0,3,6,3,0,0,0,0,1,1,1,0,1,1,1,1,17,0,4,0,1,0,2,2,0,2,7,5,8,3
2013.0,-70.224,0.0,0.0,3,6,0,0,0,0,1,1,1,1,0,1,1,1,1,19,0,4,0,1,0,2,1,0,4,7,5,8,8
2013.0,-779.856,1.0,0.0,1,5,0,0,0,3,0,2,1,1,0,1,9,1,1,19,0,4,0,1,0,2,2,0,6,2,5,8,7
2013.0,-249.744,0.0,0.0,3,10,0,0,0,0,2,9,1,1,0,0,9,1,1,21,0,4,0,0,0,0,2,0,6,5,5,3,3
2013.0,125.136,0.0,0.0,3,6,3,0,0,0,0,5,1,1,0,0,5,1,1,6,1,4,0,0,0,1,1,0,2,7,5,8,8
2013.0,400.224,0.0,0.0,3,1,3,0,0,0,1,1,1,1,0,1,2,1,1,7,1,4,0,1,0,1,1,0,0,4,5,8,9
2013.0,0.0,0.0,0.0,3,1,3,0,0,0,1,7,1,1,0,1,2,1,1,8,1,4,0,1,0,1,1,0,4,2,5,3,9
2013.0,-492.096,0.0,0.0,3,6,3,0,0,0,0,2,1,1,0,1,2,1,1,8,1,4,0,1,0,2,2,0,4,8,5,8,3
2013.0,-881.76,0.0,0.0,3,6,3,0,0,0,0,9,1,1,0,1,9,1,1,9,1,4,0,1,0,1,1,0,6,0,5,3,2
2013.0,265.056,1.0,0.0,2,6,3,0,0,0,0,9,1,1,1,1,9,1,1,12,1,4,0,0,0,2,1,0,6,0,5,6,3
2013.0,-99.792,0.0,0.0,3,6,3,0,0,0,1,2,1,1,0,1,2,1,1,12,1,4,0,0,0,1,0,0,4,0,5,8,3
2013.0,64.944,0.0,0.0,3,10,3,0,0,0,1,9,1,1,0,0,9,1,1,13,1,4,0,0,0,1,1,0,6,5,5,5,5
2013.0,119.856,0.0,0.0,3,6,3,0,0,0,1,2,1,1,0,0,2,1,1,16,1,4,0,1,0,2,2,0,6,0,5,8,3
2013.0,0.0,0.0,0.0,3,4,3,0,0,0,1,2,1,1,0,1,5,1,1,17,1,4,0,1,0,1,2,0,4,2,5,3,9
2013.0,0.0,0.0,0.0,3,1,3,0,0,0,1,2,1,1,0,0,1,1,1,17,1,4,0,1,0,1,0,0,4,2,5,3,3
2013.0,983.136,1.0,0.0,2,6,3,0,0,0,1,1,1,1,0,1,1,1,1,17,1,4,0,1,0,2,1,0,6,8,5,8,3
2013.0,-234.96,1.0,0.0,3,4,3,0,0,0,1,1,1,1,0,1,2,1,1,17,1,4,0,1,0,1,1,0,6,0,5,3,9
2013.0,29.04,0.0,0.0,3,10,3,0,0,0,1,1,1,1,0,1,2,1,1,17,1,4,0,1,0,2,1,0,2,2,5,3,5
2013.0,0.0,0.0,0.0,3,4,3,1,0,0,0,6,1,1,0,1,2,1,1,5,2,4,0,0,0,2,1,0,4,2,5,3,9
2013.0,0.0,2.0,0.0,3,4,3,0,0,0,0,1,1,1,0,0,7,1,1,6,2,4,0,0,0,1,1,0,4,2,5,9,3
2013.0,0.0,0.0,0.0,3,4,3,0,0,0,0,5,1,1,0,0,2,1,1,7,2,4,0,1,0,1,1,0,4,2,5,3,9
2013.0,0.0,0.0,0.0,3,10,3,0,0,0,1,4,1,1,0,1,4,1,1,9,2,4,0,1,0,1,2,0,2,5,5,9,9
2013.0,22.176,1.0,0.0,1,1,3,0,0,2,1,9,1,1,0,1,2,1,1,12,2,4,0,0,0,2,2,0,4,5,5,9,3
2013.0,-95.04,1.0,0.0,3,6,3,0,0,0,1,1,1,1,0,0,1,1,1,14,2,4,0,0,0,2,1,0,6,7,5,8,3
2013.0,45.936,0.0,0.0,3,6,3,0,0,0,1,1,1,1,0,1,1,1,1,14,2,4,0,0,0,2,0,0,6,8,5,8,3
2013.0,900.768,0.0,0.0,3,6,3,0,0,0,0,9,1,1,0,0,9,1,1,15,2,4,0,0,0,2,1,0,6,7,5,8,3
2013.0,97.152,1.0,0.0,3,6,3,0,0,0,0,9,1,1,0,0,9,1,1,16,2,4,0,1,0,1,1,0,6,8,5,8,3
2013.0,-880.176,0.0,0.0,3,5,3,0,0,3,1,1,1,1,0,0,9,1,1,16,2,4,0,1,0,2,1,0,6,5,5,9,7
2013.0,-242.88,1.0,0.0,3,4,3,0,0,0,0,4,1,1,0,1,5,1,1,16,2,4,0,1,0,1,1,0,6,2,5,3,9
2013.0,779.856,0.0,0.0,3,6,3,0,0,0,1,1,1,1,0,1,1,1,1,16,2,4,0,1,0,1,2,0,6,7,5,8,3
2013.0,899.184,1.0,0.0,3,5,3,0,0,0,0,7,1,1,2,1,1,1,1,16,2,4,0,1,0,2,1,0,6,5,5,3,9
2013.0,109.824,1.0,0.0,2,6,3,0,0,0,1,1,1,1,0,1,1,1,1,17,2,4,0,1,0,1,1,0,6,8,5,8,3
2013.0,-1735.008,1.0,0.0,3,4,3,0,0,0,0,9,1,1,0,1,6,1,1,17,2,4,0,1,0,1,2,0,6,2,5,3,9
2013.0,-259.248,0.0,0.0,3,4,3,0,0,0,1,1,1,1,0,0,4,1,1,17,2,4,0,1,0,1,1,0,6,2,5,9,9
2013.0,4.752,1.0,0.0,3,4,3,0,0,0,1,9,1,1,2,1,6,1,1,17,2,4,0,1,0,2,1,0,4,2,5,9,9
2013.0,-200.112,0.0,0.0,3,6,3,0,0,0,1,5,1,1,0,1,5,1,1,8,3,4,0,1,0,1,1,0,6,0,5,8,1
2013.0,319.968,0.0,0.0,3,1,3,0,0,0,0,7,1,1,0,1,9,1,1,10,3,4,0,0,0,1,1,0,6,5,5,3,2
2013.0,95.04,0.0,0.0,3,5,3,0,0,0,1,2,1,1,0,0,5,1,1,13,3,4,0,0,0,1,2,0,6,5,5,8,1
2013.0,-86.064,0.0,0.0,3,6,3,0,0,0,0,2,1,1,0,1,2,1,1,13,3,4,0,0,0,1,1,0,4,8,5,8,3
2013.0,-67.056,0.0,0.0,3,6,3,0,0,0,1,1,1,1,0,0,1,1,1,14,3,4,0,0,0,1,1,0,6,7,5,8,3
2013.0,-167.904,1.0,0.0,2,6,3,0,0,0,1,5,1,1,0,0,5,1,1,16,3,4,0,1,0,2,1,0,6,8,5,8,3
2013.0,431.904,0.0,0.0,3,4,3,0,0,0,0,5,1,1,0,0,1,1,1,17,3,4,0,1,0,1,1,0,6,2,5,8,9
2013.0,-99.792,0.0,0.0,3,10,3,0,0,0,0,1,1,1,0,0,1,1,1,17,3,4,0,1,0,1,1,0,6,5,5,2,2
2013.0,0.0,3.0,0.0,2,1,3,0,0,0,1,2,1,1,0,0,5,1,1,18,3,4,0,1,0,2,2,0,6,9,5,3,0
2013.0,200.112,2.0,0.0,3,1,4,0,0,0,1,7,1,1,0,0,2,1,1,18,3,4,0,1,0,2,1,0,6,2,5,3,9
2013.0,50.16,0.0,0.0,3,6,0,0,0,0,1,1,1,1,0,0,1,1,1,20,3,4,0,0,0,2,2,0,6,7,5,8,3
2013.0,117.744,0.0,0.0,3,6,3,0,0,0,1,5,1,1,0,1,5,1,1,14,4,4,0,0,0,1,1,0,4,0,5,8,8
2013.0,0.0,2.0,0.0,2,1,3,0,0,0,0,2,1,1,0,1,1,1,1,15,4,4,0,0,0,0,0,0,4,2,5,3,3
2013.0,0.0,1.0,0.0,1,1,3,0,0,2,0,5,1,1,0,1,1,1,1,16,4,4,0,1,0,1,1,0,4,2,5,3,3
2013.0,550.176,0.0,0.0,3,6,3,0,0,0,1,9,1,1,0,1,9,1,1,18,4,4,0,1,0,1,1,0,6,0,5,9,3
2013.0,34.848,0.0,0.0,3,6,3,0,0,0,0,4,1,1,0,0,4,1,1,18,4,4,0,1,0,1,1,0,4,0,5,8,9
2013.0,-64.944,2.0,0.0,3,6,3,0,0,0,0,1,1,1,0,0,1,1,1,18,4,4,0,1,0,1,2,0,4,7,5,8,3
2013.0,0.0,1.0,0.0,3,4,0,0,0,0,1,9,1,1,0,1,1,1,1,19,4,4,0,1,0,2,1,0,4,2,5,3,9
2013.0,-25.872,1.0,0.0,2,6,3,0,0,0,1,2,1,1,0,0,2,1,1,6,5,4,1,0,0,2,2,0,2,0,5,8,3
2013.0,-60.192,0.0,0.0,3,6,3,0,0,0,0,1,1,1,0,1,1,1,1,9,5,4,1,1,0,2,1,0,4,7,5,8,3
2013.0,149.952,0.0,0.0,3,6,3,0,0,0,0,1,1,1,0,1,1,1,1,9,5,4,1,1,0,2,1,0,0,8,5,8,3
2013.0,0.0,0.0,0.0,3,6,3,0,0,0,1,2,1,1,0,1,2,1,1,13,5,4,1,0,0,1,2,0,4,0,5,3,3
2013.0,0.0,0.0,0.0,3,1,3,0,0,0,1,9,1,1,0,0,5,1,1,14,5,4,1,0,0,1,0,0,6,2,5,3,3
2013.0,0.0,0.0,0.0,3,6,3,0,0,0,0,2,1,1,0,0,2,1,1,15,5,4,1,0,0,2,1,0,6,7,5,8,3
2013.0,23.76,0.0,0.0,3,6,3,0,0,0,2,9,1,1,0,0,9,1,1,17,5,4,1,1,0,0,1,0,4,5,5,8,3
2013.0,4.752,0.0,0.0,3,1,3,0,0,0,1,9,1,1,0,0,9,1,1,17,5,4,1,1,0,0,1,0,6,4,5,3,9
2013.0,0.0,0.0,0.0,3,1,3,0,0,0,1,1,1,1,0,0,2,1,1,17,5,4,1,1,0,2,1,0,2,2,5,9,3
2013.0,-70.224,0.0,0.0,3,6,0,0,0,0,2,9,1,1,0,1,9,1,1,19,5,4,1,1,0,0,1,0,6,7,5,8,3
2013.0,700.128,0.0,0.0,3,10,0,0,0,0,2,5,1,1,0,1,5,1,1,19,5,4,1,1,0,0,1,0,6,9,5,3,2
2013.0,700.128,1.0,0.0,2,3,0,0,0,2,1,5,0,1,0,1,3,0,1,20,5,4,1,0,0,1,1,0,6,9,2,9,3
2013.0,0.0,0.0,0.0,3,1,3,0,0,0,1,9,1,1,0,1,4,1,1,15,6,4,1,0,0,1,2,0,4,9,0,9,3
2013.0,0.0,0.0,0.0,3,6,4,0,0,0,0,9,1,1,0,1,9,1,1,18,6,4,1,1,0,1,2,0,4,0,5,8,3
2013.0,-200.112,0.0,0.0,3,4,0,0,0,0,1,1,1,1,0,0,1,1,1,23,6,4,1,0,0,0,2,0,6,5,5,9,9
2013.0,99.792,0.0,0.0,3,6,3,0,0,0,0,9,1,1,0,0,9,1,1,7,0,4,0,1,0,1,1,0,6,0,5,3,3
2013.0,50.16,0.0,0.0,3,6,3,0,0,0,1,5,1,1,0,1,5,1,1,13,0,4,0,0,0,1,1,0,4,0,5,8,3
2013.0,-40.128,0.0,0.0,3,6,3,0,0,0,0,9,1,1,0,0,3,1,1,14,0,4,0,0,0,1,1,0,4,5,5,9,1
2013.0,0.0,1.0,0.0,2,4,3,0,0,0,1,7,0,1,0,1,1,1,1,14,0,4,0,0,0,1,1,0,4,2,5,3,9
2013.0,0.0,0.0,0.0,3,4,3,0,0,0,0,1,1,1,0,0,2,1,1,14,0,4,0,0,0,2,0,0,4,0,5,3,9
2013.0,583.968,0.0,0.0,3,10,3,0,0,0,1,9,1,1,0,1,9,1,1,16,0,4,0,1,0,1,2,0,6,5,5,5,5
2013.0,80.256,0.0,0.0,3,6,3,0,0,0,0,1,1,1,0,0,1,1,1,17,0,4,0,1,0,1,2,0,6,9,5,3,2
2013.0,72.864,0.0,0.0,3,10,3,0,0,0,1,1,1,1,0,0,1,1,1,7,1,4,0,1,0,1,1,0,6,5,5,3,3
2013.0,661.056,0.0,0.0,3,8,3,0,0,0,0,2,1,1,0,1,1,1,1,7,1,4,0,1,0,2,1,0,0,5,5,3,1
2013.0,267.168,0.0,0.0,3,10,3,0,0,0,2,5,1,1,0,0,5,1,1,8,1,4,0,1,0,0,2,0,4,9,5,2,2
2013.0,-33.264,0.0,0.0,3,6,3,0,0,0,1,2,1,1,0,0,2,1,1,8,1,4,0,1,0,2,1,0,6,0,5,8,3
2013.0,0.0,2.0,0.0,3,1,3,0,0,0,0,5,1,1,0,1,9,1,1,10,1,4,0,0,0,1,1,0,4,5,5,3,3
2013.0,0.0,0.0,0.0,3,10,3,0,0,0,2,9,1,1,0,1,9,1,1,13,1,4,0,0,0,0,1,0,6,0,5,3,5
2013.0,-102.96,0.0,0.0,3,4,3,0,0,0,1,1,1,1,0,0,9,1,1,14,1,4,0,0,0,1,0,0,0,2,5,3,9
2013.0,0.0,0.0,0.0,3,6,3,0,0,0,1,5,1,1,0,0,5,1,1,17,1,4,0,1,0,1,2,0,4,7,5,8,3
2013.0,-149.952,0.0,0.0,3,6,0,0,0,0,1,1,1,1,0,0,1,1,1,22,1,4,0,0,0,1,1,0,6,0,5,3,3
2013.0,89.76,1.0,0.0,3,1,3,0,0,0,0,1,1,1,2,0,9,1,1,7,2,4,0,1,0,1,2,0,0,7,5,3,9
2013.0,0.0,4.0,0.0,3,4,3,0,0,0,1,2,1,1,0,1,9,1,1,7,2,4,0,1,0,1,1,0,4,2,5,3,9
2013.0,-354.816,1.0,0.0,1,1,3,0,0,0,0,2,1,1,2,0,2,1,1,8,2,4,0,1,0,1,1,0,0,2,5,3,9
2013.0,-325.248,0.0,0.0,3,6,3,0,0,0,1,2,1,1,0,0,2,1,1,8,2,4,0,1,0,2,1,0,6,7,5,9,3
2013.0,-88.176,1.0,0.0,2,6,3,0,0,0,1,1,1,1,0,0,1,1,1,8,2,4,0,1,0,0,1,0,4,7,5,8,3
2013.0,-99.792,0.0,0.0,3,6,3,0,0,0,1,5,1,1,0,0,5,1,1,9,2,4,0,1,0,1,1,0,2,7,5,3,3
2013.0,325.248,0.0,0.0,3,6,3,0,0,0,1,9,1,1,0,1,9,1,1,11,2,4,0,0,0,2,1,0,0,0,5,9,3
2013.0,0.0,1.0,0.0,3,1,3,0,0,2,2,5,1,1,0,1,9,1,1,15,2,4,0,0,0,0,2,0,4,9,5,9,3
2013.0,0.0,1.0,0.0,3,1,3,0,0,2,1,1,1,1,0,1,7,1,1,17,2,4,0,1,0,1,0,0,4,9,5,9,3
2013.0,-70.224,0.0,0.0,3,6,3,0,0,0,0,2,1,1,0,0,2,1,1,17,2,4,0,1,0,2,1,0,4,0,5,8,3
2013.0,55.968,0.0,0.0,3,6,3,0,0,0,0,5,1,1,0,0,5,1,1,17,2,4,0,1,0,2,1,0,4,7,5,3,3
2013.0,0.0,0.0,0.0,3,4,0,0,0,0,2,3,1,1,0,1,6,1,1,21,2,4,0,0,0,0,1,0,6,2,5,9,9
2013.0,0.0,0.0,0.0,3,1,3,0,0,0,0,3,1,1,0,0,9,1,1,9,3,4,0,1,0,2,0,0,4,2,5,3,9
2013.0,-200.112,1.0,0.0,3,5,3,0,0,2,1,1,1,1,0,1,5,1,1,9,3,4,0,1,0,1,0,0,6,5,5,9,3
2013.0,436.128,1.0,0.0,3,5,3,0,0,2,1,5,1,1,0,0,9,1,1,12,3,4,0,0,0,2,1,0,0,5,5,9,5
2013.0,-109.824,0.0,0.0,3,6,3,0,0,0,1,2,1,1,0,0,2,1,1,13,3,4,0,0,0,1,2,0,4,7,5,8,3
2013.0,-825.264,1.0,0.0,3,1,3,0,0,0,0,9,1,1,0,0,2,1,1,14,3,4,0,0,0,0,1,0,0,2,5,3,9