Year,Distance,Totalinjuries,Totalfatalities,Injuryseverity,Collisionmanner,Lightcondition,Weather,SurfaceCondition,Unittype_One,Gender_Drv1,Traveldirection_One,AlcoholUse_Drv1,DrugUse_Drv1,Unittype_Two,Gender_Drv2,Traveldirection_Two,AlcoholUse_Drv2,DrugUse_Drv2,Hour,Weekday,Month,Weekend,Rush_Hour,Hazardous_Road,Age_Group_Drv1,Age_Group_Drv2,Substance_Use,Junction_Category,Violation_Category_Drv1,Violation_Category_Drv2,Unitaction_Category_Two,Unitaction_Category_One
2013.0,-230.208,0.0,0.0,3,6,3,0,0,0,1,1,1,1,0,0,1,1,1,14,3,4,0,0,0,1,1,0,4,7,5,8,3
2013.0,-1040.16,0.0,0.0,3,1,3,0,0,0,1,9,1,1,0,0,9,1,1,14,3,4,0,0,0,2,1,0,6,4,5,3,9
2013.0,184.8,2.0,0.0,3,6,3,0,0,0,1,9,1,1,0,0,9,1,1,17,3,4,0,1,0,2,1,0,4,0,5,8,8
2013.0,-99.792,0.0,0.0,3,6,3,0,0,0,1,1,1,1,0,1,1,1,1,17,3,4,0,1,0,2,1,0,4,0,5,8,3
2013.0,0.0,0.0,0.0,3,8,3,0,0,0,1,5,1,1,1,1,8,1,1,18,3,4,0,1,0,1,1,0,6,0,5,6,1
2013.0,0.0,0.0,0.0,3,3,0,0,0,0,1,2,1,1,0,0,5,1,1,19,3,4,0,1,0,1,2,0,2,2,5,3,9
2013.0,50.16,2.0,0.0,2,4,0,0,0,0,0,9,1,1,0,1,2,1,1,19,3,4,0,1,0,2,2,0,0,0,5,3,9
2013.0,0.0,0.0,0.0,3,1,0,0,0,0,1,6,1,1,0,1,2,1,1,20,3,4,0,0,0,2,1,0,4,2,5,3,9
2013.0,-74.976,0.0,0.0,3,5,1,0,0,0,2,5,1,1,1,1,2,1,1,21,3,4,0,0,0,0,1,0,6,5,5,6,1
2013.0,-45.936,1.0,0.0,2,5,0,0,0,0,2,6,1,1,3,0,2,0,1,1,4,4,0,0,0,0,2,0,4,2,5,7,9
2013.0,-432.96,1.0,0.0,3,6,3,0,0,0,2,1,1,1,0,1,1,1,1,7,4,4,0,1,0,0,1,0,6,0,5,8,5
2013.0,25.872,1.0,0.0,3,6,3,0,0,0,1,9,1,1,0,0,9,1,1,9,4,4,0,1,0,1,1,0,2,7,5,8,9
2013.0,0.0,0.0,0.0,3,4,3,0,0,0,1,9,1,1,0,1,1,1,1,9,4,4,0,1,0,1,1,0,2,2,5,3,9
2013.0,0.0,0.0,0.0,3,4,3,0,0,0,1,7,1,1,0,1,1,1,1,12,4,4,0,0,0,0,1,0,4,5,5,3,9
2013.0,-73.92,1.0,0.0,3,6,3,0,0,0,0,2,1,1,0,0,2,1,1,13,4,4,0,0,0,2,1,0,4,7,5,8,3
2013.0,68.112,0.0,0.0,3,6,3,0,0,0,2,5,1,1,0,0,5,1,1,14,4,4,0,0,0,0,2,0,4,7,5,8,3
2013.0,0.0,0.0,0.0,3,10,3,0,0,0,0,2,1,1,0,1,2,1,1,14,4,4,0,0,0,2,2,0,4,5,5,3,8
2013.0,500.016,0.0,0.0,3,6,3,0,0,0,1,5,1,1,0,0,5,1,1,16,4,4,0,1,0,2,1,0,6,0,5,8,3
2013.0,0.0,0.0,0.0,3,6,3,0,0,0,1,1,0,1,0,1,1,1,1,16,4,4,0,1,0,2,1,0,2,7,5,8,3
2013.0,0.0,0.0,0.0,3,6,3,0,0,0,1,5,1,1,0,0,5,1,1,16,4,4,0,1,0,1,1,0,4,5,5,8,8
2013.0,0.0,0.0,0.0,3,3,3,0,0,0,1,1,1,1,0,0,9,1,1,18,4,4,0,1,0,1,1,0,4,0,5,3,9
2013.0,163.152,0.0,0.0,3,6,3,0,0,0,1,1,1,1,0,0,1,1,1,18,4,4,0,1,0,2,2,0,4,7,5,8,3
2013.0,7.92,0.0,0.0,3,5,0,0,0,0,2,5,1,1,3,1,1,1,1,22,4,4,0,0,0,0,2,0,4,2,5,7,9
2013.0,0.0,0.0,0.0,3,4,0,0,0,0,2,3,1,1,0,1,9,1,1,0,5,4,1,0,0,0,2,0,2,4,5,3,9
2013.0,-289.872,0.0,0.0,3,6,3,0,0,0,0,2,1,1,0,1,2,1,1,8,5,4,1,1,0,0,1,0,6,9,5,3,2
2013.0,-50.16,0.0,0.0,3,6,3,0,0,0,1,9,1,1,0,0,9,1,1,10,5,4,1,0,0,1,2,0,6,0,5,8,3
2013.0,-99.792,0.0,0.0,3,1,3,0,0,0,1,3,1,1,0,1,5,1,1,12,5,4,1,0,0,2,1,0,0,2,5,3,9
2013.0,200.112,0.0,0.0,3,10,3,0,0,0,1,9,1,1,0,1,9,1,1,12,5,4,1,0,0,1,1,0,4,0,5,5,5
2013.0,144.144,0.0,0.0,3,6,3,0,0,0,0,1,1,1,0,0,1,1,1,13,5,4,1,0,0,1,1,0,4,7,5,8,3
2013.0,-68.112,1.0,0.0,3,1,3,0,0,0,1,2,1,1,0,0,2,1,1,17,5,4,1,1,0,1,2,0,6,5,5,3,3
2013.0,-80.256,1.0,0.0,2,6,3,0,0,0,1,1,0,1,0,1,1,1,1,18,5,4,1,1,0,0,0,0,4,7,5,8,3
2013.0,0.0,0.0,0.0,3,4,0,0,0,0,0,7,1,1,0,1,1,1,1,20,5,4,1,0,0,2,2,0,4,2,5,3,9
2013.0,89.76,0.0,0.0,3,10,3,0,0,0,0,1,1,1,0,0,1,1,1,9,6,4,1,1,0,1,1,0,4,5,5,3,9
2013.0,62.832,2.0,0.0,3,6,3,0,0,0,1,9,1,1,0,1,9,1,1,15,6,4,1,0,0,1,2,0,4,9,5,3,2
2013.0,-149.952,0.0,0.0,3,6,0,0,0,0,2,5,1,1,1,1,5,1,1,16,6,4,1,1,0,0,1,0,6,5,5,6,5
2013.0,309.936,0.0,0.0,3,6,3,0,0,0,1,1,1,1,0,0,1,1,1,16,6,4,1,1,0,1,1,0,6,7,5,8,3
2013.0,0.0,0.0,0.0,3,4,0,0,0,0,0,2,1,1,0,1,5,1,1,21,6,4,1,0,0,1,0,0,4,5,5,9,9
2013.0,200.112,0.0,0.0,3,1,3,0,0,0,0,2,1,1,0,0,1,1,1,7,0,4,0,1,0,2,1,0,6,2,5,3,5
2013.0,134.112,1.0,0.0,2,1,3,0,0,2,1,1,1,1,0,1,7,1,1,8,0,4,0,1,0,1,2,0,6,5,5,9,5
2013.0,54.912,5.0,0.0,3,6,3,0,0,0,0,5,1,1,0,1,5,1,1,11,0,4,0,0,0,0,1,0,6,7,5,8,3
2013.0,-312.048,0.0,0.0,3,4,3,0,0,0,1,7,1,1,0,0,9,1,1,12,0,4,0,0,0,0,1,0,6,2,5,3,9
2013.0,101.904,0.0,0.0,3,1,3,0,0,0,0,1,1,1,0,0,1,1,1,13,0,4,0,0,0,1,2,0,4,5,5,3,3
2013.0,0.0,1.0,0.0,2,6,3,0,0,0,0,1,1,1,0,0,1,1,1,14,0,4,0,0,0,2,1,0,6,0,5,8,3
2013.0,0.0,0.0,0.0,3,4,3,0,0,0,1,9,1,1,0,0,1,1,1,14,0,4,0,0,0,1,2,0,4,2,5,9,3
2013.0,107.184,0.0,0.0,3,6,3,0,0,0,2,9,1,1,0,1,9,1,1,15,0,4,0,0,0,0,1,0,4,0,5,8,3
2013.0,937.2,0.0,0.0,3,6,3,0,0,0,1,1,1,1,0,0,1,1,1,16,0,4,0,1,0,2,2,0,6,7,5,8,3
2013.0,30.096,1.0,0.0,2,6,3,0,0,0,0,9,1,1,0,0,9,1,1,16,0,4,0,1,0,1,2,0,6,0,5,8,3
2013.0,93.984,0.0,0.0,3,6,3,0,0,0,1,2,1,1,0,0,2,1,1,17,0,4,0,1,0,2,0,0,4,7,5,8,8
2013.0,-101.904,0.0,0.0,3,6,3,0,0,0,1,2,1,1,0,1,2,1,1,18,0,4,0,1,0,1,1,0,6,0,5,8,3
2013.0,0.0,0.0,0.0,3,4,0,0,0,0,1,1,1,1,0,0,9,1,1,19,0,4,0,1,0,2,1,0,4,4,5,3,9
2013.0,60.192,0.0,0.0,3,6,0,0,0,0,0,9,1,1,0,1,9,1,1,20,0,4,0,0,0,2,2,0,4,0,5,8,3
2013.0,0.0,2.0,0.0,3,3,0,0,0,0,0,5,1,1,0,0,4,1,1,20,0,4,0,0,0,2,1,0,4,2,5,9,3
2013.0,149.952,0.0,0.0,3,10,0,0,0,0,0,9,1,1,1,1,9,1,1,21,0,4,0,0,0,2,1,0,6,7,5,6,3
2013.0,0.0,1.0,0.0,2,4,3,0,0,0,0,1,1,1,2,0,1,1,1,6,1,4,0,0,0,1,1,0,4,2,5,3,9
2013.0,69.168,0.0,0.0,3,6,3,0,0,0,1,2,1,1,0,0,2,1,1,7,1,4,0,1,0,1,1,0,4,8,5,8,3
2013.0,-33.264,0.0,0.0,3,1,3,0,0,0,1,7,1,1,0,1,9,1,1,8,1,4,0,1,0,1,2,0,4,2,5,2,9
2013.0,-196.944,0.0,0.0,3,1,3,0,0,0,0,5,1,1,0,1,9,1,1,9,1,4,0,1,0,1,0,0,6,2,5,3,9
2013.0,-407.088,0.0,0.0,3,6,3,0,0,0,1,1,1,1,0,0,2,1,1,9,1,4,0,1,0,1,1,0,6,4,5,3,9
2013.0,135.168,0.0,0.0,3,6,3,0,0,0,0,5,1,1,0,0,5,1,1,12,1,4,0,0,0,2,1,0,6,7,5,8,3
2013.0,223.872,2.0,0.0,2,4,3,0,0,0,1,9,1,1,0,1,9,1,1,13,1,4,0,0,0,2,1,0,0,2,5,3,9
2013.0,74.976,0.0,0.0,3,6,3,0,0,0,0,9,1,1,0,0,9,1,1,13,1,4,0,0,0,2,2,0,4,8,5,8,3
2013.0,-59.136,0.0,0.0,3,5,3,0,0,0,0,5,1,1,0,1,2,1,1,14,1,4,0,0,0,1,1,0,6,5,5,8,1
2013.0,523.776,0.0,0.0,3,4,3,0,0,0,0,2,1,1,0,1,9,1,1,15,1,4,0,0,0,2,1,0,0,2,5,9,3
2013.0,90.816,0.0,0.0,3,6,3,0,0,0,1,5,1,1,0,0,5,1,1,15,1,4,0,0,0,2,2,0,6,0,5,8,3
2013.0,-64.944,0.0,0.0,3,6,3,0,0,0,0,5,1,1,0,1,5,1,1,16,1,4,0,1,0,2,2,0,6,7,5,8,3
2013.0,272.976,0.0,0.0,3,6,3,0,0,0,0,1,1,1,0,0,1,1,1,16,1,4,0,1,0,2,2,0,6,0,5,8,3
2013.0,95.04,0.0,0.0,3,6,3,0,0,0,1,9,1,1,0,0,9,1,1,17,1,4,0,1,0,1,2,0,6,7,5,8,3
2013.0,-44.88,1.0,0.0,3,6,3,0,0,0,1,1,1,1,0,1,1,1,1,18,1,4,0,1,0,2,1,0,4,7,5,8,3
2013.0,-50.16,0.0,0.0,3,6,4,0,0,0,2,2,1,1,0,0,2,1,1,19,1,4,0,1,0,0,1,0,4,5,5,8,8
2013.0,99.792,0.0,0.0,3,6,0,0,0,0,2,9,1,1,0,0,9,1,1,20,1,4,0,0,0,0,1,0,6,7,5,3,5
2013.0,-146.784,1.0,0.0,3,1,3,0,0,0,1,3,1,1,0,0,5,1,1,7,2,5,0,1,0,2,2,0,6,2,5,3,9
2013.0,1469.952,0.0,0.0,3,10,3,0,0,0,1,9,1,1,0,1,9,1,1,11,2,5,0,0,0,1,1,0,6,5,5,3,2
2013.0,0.0,0.0,0.0,3,4,3,0,0,0,1,3,1,1,0,1,9,1,1,16,2,5,0,1,0,0,1,0,4,2,5,3,9
2013.0,1099.824,0.0,0.0,3,1,3,0,0,0,0,6,1,1,0,1,9,1,1,16,2,5,0,1,0,2,2,0,6,2,5,3,9
2013.0,0.0,0.0,0.0,3,4,3,0,0,0,0,7,1,1,0,1,1,1,1,17,2,5,0,1,0,2,1,0,4,2,5,3,9
2013.0,-70.224,0.0,0.0,3,10,3,0,0,0,1,5,1,1,0,1,5,1,1,17,2,5,0,1,0,1,1,0,6,5,5,3,2
2013.0,-749.76,1.0,0.0,3,6,3,0,0,0,0,1,1,1,1,1,1,1,1,18,2,5,0,1,0,1,0,0,6,5,5,6,3
2013.0,710.16,1.0,0.0,3,4,0,0,0,0,1,1,1,1,0,1,9,1,1,19,2,5,0,1,0,1,1,0,0,2,5,3,9
2013.0,-203.808,0.0,0.0,3,6,0,0,0,0,2,2,1,1,0,1,2,1,1,20,2,5,0,0,0,0,1,0,6,4,5,3,2
2013.0,72.864,1.0,0.0,3,6,0,0,0,0,1,2,1,1,1,1,2,1,1,21,2,5,0,0,0,1,1,0,6,0,5,6,3
2013.0,-58.08,1.0,0.0,2,1,3,0,0,2,0,5,1,1,0,0,7,1,1,12,3,5,0,0,0,0,2,0,4,2,5,9,5
2013.0,107.184,0.0,0.0,3,6,3,0,0,0,0,5,1,1,0,0,5,1,1,12,3,5,0,0,0,1,1,0,4,8,5,8,3
2013.0,295.152,0.0,0.0,3,1,3,0,0,0,1,9,0,1,0,0,5,1,1,15,3,5,0,0,0,1,1,0,0,4,5,5,9
2013.0,-48.048,0.0,0.0,3,10,3,0,0,0,0,9,1,1,0,0,9,1,1,16,3,5,0,1,0,1,1,0,2,9,5,3,2
2013.0,322.08,0.0,0.0,3,4,3,0,0,0,0,2,1,1,0,0,5,1,1,16,3,5,0,1,0,1,1,0,0,2,5,3,9
2013.0,465.168,0.0,0.0,3,4,3,0,0,0,1,5,1,1,0,1,9,1,1,16,3,5,0,1,0,1,1,0,6,2,5,3,9
2013.0,259.776,2.0,0.0,3,6,3,0,0,0,1,5,1,1,0,1,5,1,1,17,3,5,0,1,0,1,2,0,6,7,5,8,3
2013.0,500.016,0.0,0.0,3,6,3,0,0,0,1,5,1,1,0,0,5,1,1,17,3,5,0,1,0,2,1,0,6,9,5,3,2
2013.0,0.0,1.0,0.0,3,4,3,0,0,0,2,1,1,1,0,0,2,1,1,17,3,5,0,1,0,0,1,0,4,2,5,3,9
2013.0,1340.064,0.0,0.0,3,6,3,0,0,0,0,5,1,1,0,0,5,1,1,17,3,5,0,1,0,2,2,0,4,7,5,8,3
2013.0,-279.84,1.0,0.0,2,1,3,0,0,0,0,2,1,1,2,1,1,1,1,18,3,5,0,1,0,2,1,0,0,2,5,7,9
2013.0,0.0,0.0,0.0,3,4,3,0,0,0,0,5,1,1,0,0,1,1,1,7,4,5,0,1,0,1,1,0,4,2,5,3,9
2013.0,-115.104,0.0,0.0,3,10,3,0,0,0,0,5,1,1,0,1,5,1,1,8,4,5,0,1,0,2,1,0,6,7,5,8,2
2013.0,-159.984,0.0,0.0,3,6,3,0,0,0,1,9,1,1,0,1,9,1,1,11,4,5,0,0,0,1,1,0,0,8,5,8,3
2013.0,-99.792,0.0,0.0,3,6,3,0,0,0,0,9,1,1,0,0,9,1,1,12,4,5,0,0,0,1,1,0,6,7,5,3,3
2013.0,0.0,0.0,0.0,3,4,3,0,0,0,0,1,1,1,0,0,1,1,1,15,4,5,0,0,0,1,1,0,4,9,5,3,2
2013.0,-4.752,1.0,0.0,3,1,3,0,0,2,1,2,1,1,0,1,6,1,1,15,4,5,0,0,0,2,1,0,4,9,5,9,3
2013.0,-195.888,0.0,0.0,3,10,3,0,0,0,1,2,1,1,0,0,2,1,1,16,4,5,0,1,0,1,1,0,4,9,5,8,2
2013.0,20.064,1.0,0.0,2,1,3,0,0,0,2,9,1,1,2,1,9,1,1,16,4,5,0,1,0,0,2,0,4,2,5,3,9
2013.0,-34.848,0.0,0.0,3,6,3,0,0,0,1,2,1,1,0,0,2,1,1,16,4,5,0,1,0,1,1,0,4,7,5,8,3
2013.0,-73.92,0.0,0.0,3,10,3,0,0,0,0,9,1,1,0,1,9,1,1,17,4,5,0,1,0,1,1,0,2,9,5,9,9
2013.0,-55.968,0.0,0.0,3,6,0,0,0,0,0,2,1,1,0,1,2,1,1,21,4,5,0,0,0,2,2,0,4,7,5,8,3
2013.0,0.0,0.0,0.0,3,4,0,0,0,0,0,1,1,1,0,0,1,1,1,22,4,5,0,0,0,0,2,0,4,5,5,9,9
2013.0,0.0,2.0,0.0,3,1,0,0,0,0,1,9,0,1,0,1,2,1,1,23,4,5,0,0,0,1,1,0,4,2,5,3,3
2013.0,0.0,0.0,0.0,3,6,3,0,0,0,1,2,1,1,0,1,2,1,1,10,5,5,1,0,0,1,1,0,4,4,5,8,9
2013.0,0.0,0.0,0.0,3,4,3,0,0,0,1,1,1,1,0,1,9,1,1,14,5,5,1,0,0,2,2,0,6,2,5,3,9
2013.0,0.0,0.0,0.0,3,10,3,0,0,0,1,1,1,1,0,0,1,1,1,18,5,5,1,1,0,1,2,0,4,0,5,3,9
2013.0,0.0,0.0,0.0,3,9,3,0,0,0,0,9,1,1,0,0,1,1,1,18,5,5,1,1,0,2,2,0,4,4,5,9,9
2013.0,220.176,1.0,0.0,2,6,0,0,0,0,1,5,1,1,0,1,5,1,1,19,5,5,1,1,0,2,1,0,4,7,5,8,3
2013.0,0.0,0.0,0.0,3,10,0,0,0,0,0,1,1,1,0,1,1,1,1,20,5,5,1,0,0,1,1,0,4,9,5,3,2
2013.0,538.032,0.0,0.0,3,6,0,0,0,0,0,1,1,1,0,1,1,1,1,21,5,5,1,0,0,2,1,0,6,7,5,8,3
2013.0,24.816,0.0,0.0,3,6,0,0,0,0,1,2,1,1,0,1,2,1,1,23,5,5,1,0,0,1,2,0,2,7,5,8,3
2013.0,200.112,1.0,0.0,3,3,0,0,0,0,1,5,0,1,0,1,2,1,1,22,6,5,1,0,0,1,2,0,6,9,5,3,3
2013.0,0.0,0.0,0.0,3,10,3,0,0,0,0,2,1,1,0,0,2,1,1,7,0,5,0,1,0,1,1,0,6,9,5,3,2
2013.0,17.952,0.0,0.0,3,10,3,0,0,0,0,9,1,1,0,1,9,1,1,11,0,5,0,0,0,0,1,0,4,9,5,3,2
2013.0,-42.768,0.0,0.0,3,6,3,0,0,0,1,4,1,1,0,1,4,1,1,11,0,5,0,0,0,1,0,0,6,7,5,8,3
2013.0,137.808,1.0,0.0,2,1,3,0,0,0,0,2,1,1,0,1,1,1,1,12,0,5,0,0,0,1,1,0,0,0,5,3,9
2013.0,-674.784,2.0,0.0,2,1,3,0,0,0,0,1,1,1,0,1,5,1,1,14,0,5,0,0,0,1,1,0,6,2,5,3,9
2013.0,60.192,0.0,0.0,3,6,3,0,0,0,0,5,1,1,0,0,5,1,1,16,0,5,0,1,0,1,1,0,6,7,5,8,8
2013.0,-200.112,1.0,0.0,3,6,3,1,0,0,0,1,1,1,0,1,1,1,1,16,0,5,0,1,0,1,1,0,6,0,5,8,3
2013.0,210.144,0.0,0.0,3,4,3,0,0,0,0,2,1,1,0,1,1,1,1,16,0,5,0,1,0,2,2,0,0,5,5,3,9
2013.0,0.0,0.0,0.0,3,5,3,0,0,0,2,9,1,1,0,1,9,1,1,17,0,5,0,1,0,0,1,0,6,9,5,8,2
2013.0,0.0,0.0,0.0,3,12,3,0,0,0,1,9,1,1,0,1,1,1,1,17,0,5,0,1,0,1,1,0,4,5,5,2,8
2013.0,152.064,1.0,0.0,2,6,3,0,0,0,0,9,1,1,1,1,8,1,1,17,0,5,0,1,0,2,1,0,6,7,5,6,3
2013.0,-155.76,0.0,0.0,3,4,4,0,0,0,2,4,1,1,0,1,1,1,1,18,0,5,0,1,0,0,2,0,6,2,5,8,9
2013.0,350.064,1.0,0.0,3,6,0,0,0,0,0,5,1,1,0,1,5,1,1,20,0,5,0,0,0,2,1,0,4,0,5,8,8
2013.0,0.0,4.0,0.0,3,1,0,0,0,0,0,5,1,0,0,1,9,1,1,20,0,5,0,0,0,1,1,0,4,2,5,3,3
2013.0,-99.792,0.0,0.0,3,10,0,0,0,0,1,5,1,1,0,0,5,1,1,20,0,5,0,0,0,1,1,0,6,7,5,3,2
2013.0,0.0,0.0,0.0,3,1,0,0,0,0,0,2,1,1,0,1,9,1,1,0,1,5,0,0,0,2,2,0,4,2,5,3,9
2013.0,119.856,0.0,0.0,3,6,3,0,0,0,0,9,1,1,0,0,9,1,1,8,1,5,0,1,0,1,1,0,4,8,5,8,3
2013.0,-70.224,2.0,0.0,2,6,3,0,0,0,1,2,1,1,0,1,2,1,1,12,1,5,0,0,0,2,2,0,4,0,5,8,3
2013.0,-350.064,1.0,0.0,3,6,3,0,0,0,1,1,1,1,0,1,1,1,1,14,1,5,0,0,0,1,1,0,6,7,5,8,8
2013.0,0.0,2.0,0.0,2,4,3,0,0,0,0,9,1,1,0,1,5,1,1,15,1,5,0,0,0,1,0,0,4,2,5,9,3
2013.0,0.0,1.0,0.0,3,1,3,0,0,0,1,5,1,1,0,1,9,1,1,15,1,5,0,0,0,0,1,0,4,2,5,3,9
2013.0,93.984,0.0,0.0,3,10,3,0,0,0,1,9,1,1,0,0,9,1,1,16,1,5,0,1,0,2,1,0,4,9,5,3,2
2013.0,71.808,2.0,0.0,3,3,3,0,0,0,1,3,1,1,0,1,9,1,1,16,1,5,0,1,0,2,1,0,6,5,5,3,9
2013.0,-30.096,2.0,0.0,3,6,3,0,0,0,0,2,1,1,0,0,2,1,1,16,1,5,0,1,0,2,1,0,6,7,5,8,3
2013.0,-80.256,0.0,0.0,3,6,3,0,0,0,2,1,1,1,0,1,1,1,1,17,1,5,0,1,0,0,2,0,4,7,5,8,8
2013.0,80.256,0.0,0.0,3,6,3,0,0,0,0,5,1,1,0,1,5,1,1,17,1,5,0,1,0,2,2,0,4,0,5,8,3
2013.0,-99.792,0.0,0.0,3,6,3,0,0,0,0,5,1,1,1,1,5,1,1,18,1,5,0,1,0,1,1,0,6,0,5,6,2
2013.0,0.0,0.0,0.0,3,4,3,0,0,0,1,9,1,1,0,1,1,1,1,18,1,5,0,1,0,1,1,0,4,2,5,3,9
2013.0,80.784,1.0,0.0,3,6,0,0,0,0,2,9,1,1,0,1,9,1,1,20,1,5,0,0,0,0,1,0,2,7,5,8,3
2013.0,500.016,0.0,0.0,3,1,0,0,0,0,1,2,1,1,0,0,1,1,1,20,1,5,0,0,0,1,1,0,6,2,5,9,3
2013.0,0.0,0.0,0.0,3,4,0,0,0,0,2,2,1,1,0,0,9,1,1,22,1,5,0,0,0,0,2,0,2,2,5,3,3
2013.0,52.8,0.0,0.0,3,6,3,0,0,0,1,9,1,1,0,1,9,1,1,8,2,5,0,1,0,1,1,0,4,7,5,8,3
2013.0,-50.16,0.0,0.0,3,10,3,0,0,0,2,2,1,1,0,0,5,1,1,8,2,5,0,1,0,0,1,0,6,5,5,8,3
2013.0,-53.856,1.0,0.0,3,6,3,0,0,0,1,2,1,1,0,0,2,1,1,8,2,5,0,1,0,2,1,0,4,0,5,8,3
2013.0,11.088,0.0,0.0,3,6,3,0,0,0,1,5,1,1,0,0,5,1,1,10,2,5,0,0,0,0,1,0,4,7,5,8,3
2013.0,66.0,0.0,0.0,3,6,3,0,0,0,0,5,1,1,0,0,5,1,1,13,2,5,0,0,0,2,1,0,4,0,5,8,3
2013.0,0.0,0.0,0.0,3,1,3,0,0,0,1,5,1,1,0,1,1,1,1,15,2,5,0,0,0,1,2,0,2,2,5,3,3
2013.0,599.808,0.0,0.0,3,6,3,0,0,0,0,5,1,1,0,1,5,1,1,16,2,5,0,1,0,1,1,0,6,7,5,8,3
2013.0,145.2,0.0,0.0,3,4,3,0,0,0,1,6,1,1,0,0,9,1,1,18,2,5,0,1,0,1,2,0,6,2,5,3,9
2013.0,-60.192,0.0,0.0,3,6,3,0,0,0,1,2,1,1,0,1,2,1,1,18,2,5,0,1,0,1,1,0,4,7,5,8,3
2013.0,-540.144,1.0,0.0,3,4,0,0,0,0,0,1,1,1,0,1,9,1,1,22,2,5,0,0,0,2,1,0,6,2,5,3,9
2013.0,101.904,0.0,0.0,3,10,3,0,0,0,1,9,1,1,0,0,9,1,1,6,3,5,0,0,0,2,1,0,2,9,5,8,3
2013.0,248.16,0.0,0.0,3,6,3,0,0,0,1,9,1,1,0,1,9,1,1,6,3,5,0,0,0,2,1,0,2,5,5,3,8
2013.0,61.776,0.0,0.0,3,6,3,0,0,0,0,9,1,1,0,1,9,1,1,7,3,5,0,1,0,1,1,0,4,8,5,8,3
2013.0,-134.112,0.0,0.0,3,10,3,0,0,0,1,9,1,1,0,1,9,1,1,9,3,5,0,1,0,0,1,0,6,9,5,3,2
2013.0,81.84,0.0,0.0,3,6,3,0,0,0,1,9,1,1,0,0,9,1,1,11,3,5,0,0,0,1,1,0,4,0,5,8,8
2013.0,-83.952,0.0,0.0,3,10,3,0,0,0,1,5,1,1,0,1,5,1,1,11,3,5,0,0,0,0,2,0,6,9,5,3,2
2013.0,119.856,0.0,0.0,3,6,3,0,0,0,0,5,1,1,0,1,5,1,1,14,3,5,0,0,0,1,1,0,4,0,5,8,3
2013.0,0.0,0.0,0.0,3,10,3,0,0,0,0,1,1,1,0,1,1,1,1,15,3,5,0,0,0,0,1,0,4,4,5,9,3
2013.0,0.0,1.0,0.0,2,4,3,0,0,0,1,5,1,1,0,1,2,1,1,17,3,5,0,1,0,1,1,0,4,2,5,3,9
2013.0,350.064,0.0,0.0,3,1,3,0,0,0,1,5,1,1,0,0,5,1,1,17,3,5,0,1,0,1,1,0,6,0,5,3,9
2013.0,-85.008,0.0,0.0,3,6,4,0,0,0,1,1,1,1,0,0,1,1,1,18,3,5,0,1,0,2,1,0,4,7,5,8,3
2013.0,-74.976,1.0,0.0,3,6,0,0,0,0,0,2,1,1,0,1,2,1,1,19,3,5,0,1,0,1,0,0,4,5,5,8,3
2013.0,-82.896,0.0,0.0,3,6,0,0,0,0,0,1,1,1,0,1,1,1,1,20,3,5,0,0,0,2,1,0,4,7,5,3,3
2013.0,374.88,0.0,0.0,3,3,0,0,0,0,1,9,1,1,1,1,1,1,1,22,3,5,0,0,0,1,1,0,6,9,5,6,3
2013.0,322.08,0.0,0.0,3,10,3,0,0,0,1,9,1,1,0,1,9,1,1,6,4,5,0,0,0,1,2,0,4,9,5,3,2
2013.0,-201.168,0.0,0.0,3,1,3,0,0,0,1,2,1,1,0,0,1,1,1,7,4,5,0,1,0,0,1,0,0,2,5,3,9
2013.0,380.16,1.0,0.0,2,10,3,0,0,0,2,9,1,1,2,1,9,1,1,7,4,5,0,1,0,0,2,0,4,9,5,3,2
2013.0,325.248,1.0,0.0,2,4,3,0,0,0,1,2,1,1,0,0,9,1,1,7,4,5,0,1,0,1,0,0,0,2,5,3,9
2013.0,0.0,0.0,0.0,3,1,3,0,0,0,0,5,1,1,0,1,9,1,1,9,4,5,0,1,0,1,2,0,2,2,5,9,3
2013.0,-309.936,0.0,0.0,3,6,3,0,0,0,1,2,1,1,0,1,2,1,1,10,4,5,0,0,0,0,1,0,6,0,5,8,3
2013.0,26.928,1.0,0.0,2,4,3,0,0,2,1,9,1,1,0,0,2,1,1,10,4,5,0,0,0,1,2,0,4,2,5,9,3
2013.0,-639.936,0.0,0.0,3,1,3,0,0,0,0,2,1,1,0,1,1,1,1,10,4,5,0,0,0,1,1,0,0,2,5,3,9
2013.0,43.824,0.0,0.0,3,6,3,0,0,0,1,5,1,1,0,1,5,1,1,11,4,5,0,0,0,1,1,0,4,8,5,8,3
2013.0,-30.096,0.0,0.0,3,6,3,0,0,0,1,1,1,1,0,0,1,1,1,12,4,5,0,0,0,1,1,0,4,7,5,9,3
2013.0,99.792,0.0,0.0,3,9,3,0,0,0,1,5,1,1,0,1,5,1,1,13,4,5,0,0,0,1,1,0,0,0,5,9,1
2013.0,-117.744,2.0,0.0,1,6,3,0,0,0,0,5,1,1,0,1,5,1,1,14,4,5,0,0,0,1,1,0,6,0,5,8,3