Year,Distance,Totalinjuries,Totalfatalities,Injuryseverity,Collisionmanner,Lightcondition,Weather,SurfaceCondition,Unittype_One,Gender_Drv1,Traveldirection_One,AlcoholUse_Drv1,DrugUse_Drv1,Unittype_Two,Gender_Drv2,Traveldirection_Two,AlcoholUse_Drv2,DrugUse_Drv2,Hour,Weekday,Month,Weekend,Rush_Hour,Hazardous_Road,Age_Group_Drv1,Age_Group_Drv2,Substance_Use,Junction_Category,Violation_Category_Drv1,Violation_Category_Drv2,Unitaction_Category_Two,Unitaction_Category_One
2013.0,-139.92,1.0,0.0,3,6,3,0,0,0,1,1,1,1,0,1,1,1,1,14,4,5,0,0,0,1,2,0,6,7,5,8,3
2013.0,-104.016,0.0,0.0,3,6,3,0,0,0,1,2,1,1,0,1,2,1,1,15,4,5,0,0,0,1,1,0,4,8,5,8,3
2013.0,799.92,1.0,0.0,3,6,3,0,0,0,1,5,1,1,0,0,5,1,1,17,4,5,0,1,0,0,1,0,4,7,5,8,3
2013.0,-115.104,0.0,0.0,3,4,3,0,0,0,1,4,1,1,0,0,9,1,1,18,4,5,0,1,0,0,1,0,6,2,5,3,9
2013.0,-73.92,0.0,0.0,3,6,3,0,0,0,1,2,1,1,0,0,2,1,1,18,4,5,0,1,0,2,1,0,4,7,5,8,8
2013.0,-85.008,0.0,0.0,3,1,0,0,0,0,1,1,1,1,0,1,5,1,1,0,5,5,1,0,0,1,1,0,6,2,5,3,3
2013.0,0.0,0.0,0.0,3,4,3,0,0,0,0,1,1,1,0,0,5,1,1,9,5,5,1,1,0,2,0,0,2,2,5,3,9
2013.0,0.0,1.0,0.0,3,4,3,0,0,0,1,1,1,1,0,1,2,1,1,9,5,5,1,1,0,0,1,0,2,0,5,3,9
2013.0,-241.824,0.0,0.0,3,10,3,0,0,0,1,9,1,1,0,1,9,1,1,13,5,5,1,0,0,2,2,0,6,5,5,3,6
2013.0,-50.16,2.0,0.0,2,6,3,0,0,0,0,2,1,1,0,0,2,1,1,15,5,5,1,0,0,2,2,0,4,0,5,8,3
2013.0,0.0,0.0,0.0,3,6,3,0,0,0,0,5,1,1,0,0,5,1,1,16,5,5,1,1,0,2,1,0,6,0,5,8,3
2013.0,0.0,0.0,0.0,3,10,3,0,0,0,0,6,1,1,0,1,1,1,1,18,5,5,1,1,0,1,1,0,4,9,5,3,2
2013.0,99.792,0.0,0.0,3,10,0,0,0,0,0,1,1,1,0,0,1,1,1,21,5,5,1,0,0,1,1,0,4,9,5,3,3
2013.0,74.976,0.0,0.0,3,1,0,0,0,0,1,4,0,1,0,0,5,1,1,1,6,5,1,0,0,1,1,0,4,9,5,8,5
2013.0,0.0,1.0,0.0,2,4,0,0,0,0,1,1,0,1,0,1,9,1,1,1,6,5,1,0,0,1,1,0,4,2,5,3,9
2013.0,159.984,0.0,0.0,3,9,0,0,0,0,1,9,0,1,0,1,1,1,1,1,6,5,1,0,0,1,1,0,6,9,5,8,3
2013.0,-184.8,3.0,0.0,1,1,0,0,0,0,1,2,0,1,0,1,1,1,0,2,6,5,1,0,0,2,2,0,6,0,0,1,3
2013.0,0.0,0.0,0.0,3,6,3,0,0,0,1,1,1,1,0,1,1,1,1,11,6,5,1,0,0,1,1,0,4,7,5,8,3
2013.0,-68.112,0.0,0.0,3,6,3,0,0,0,1,1,1,1,0,1,1,1,1,11,6,5,1,0,0,1,2,0,2,0,5,3,3
2013.0,-50.16,1.0,0.0,3,6,3,0,0,0,0,9,1,1,0,0,9,1,1,12,6,5,1,0,0,1,1,0,6,7,5,8,3
2013.0,-449.856,0.0,0.0,3,6,3,0,0,0,1,1,1,1,0,0,1,1,1,16,6,5,1,1,0,2,2,0,6,8,5,8,3
2013.0,-299.904,0.0,0.0,3,1,0,0,0,0,0,2,1,1,0,0,2,1,1,20,6,5,1,0,0,0,1,0,0,4,5,3,9
2013.0,0.0,0.0,0.0,3,1,0,0,0,0,0,5,1,1,0,1,1,1,1,22,6,5,1,0,0,2,2,0,2,2,5,3,9
2013.0,-299.904,0.0,0.0,3,10,3,0,0,0,0,9,1,1,0,1,9,1,1,7,0,5,0,1,0,2,1,0,6,9,5,3,2
2013.0,0.0,0.0,0.0,3,4,3,0,0,0,1,3,1,1,0,0,5,1,1,8,0,5,0,1,0,1,1,0,4,2,5,3,9
2013.0,-82.896,0.0,0.0,3,6,3,0,0,0,0,2,1,1,0,0,2,1,1,10,0,5,0,0,0,2,2,0,6,8,5,3,3
2013.0,0.0,0.0,0.0,3,4,3,0,0,0,0,6,1,1,0,0,7,1,1,14,0,5,0,0,0,1,1,0,4,2,5,3,9
2013.0,81.84,0.0,0.0,3,6,3,0,0,0,1,5,1,1,0,0,5,1,1,15,0,5,0,0,0,2,1,0,4,0,5,8,8
2013.0,159.984,0.0,0.0,3,10,3,0,0,0,1,9,1,1,0,0,9,1,1,16,0,5,0,1,0,0,1,0,6,5,5,5,5
2013.0,-83.952,2.0,0.0,2,4,3,0,0,0,1,2,1,1,0,0,1,1,1,16,0,5,0,1,0,2,1,0,6,2,5,3,9
2013.0,500.016,1.0,0.0,3,1,0,0,0,0,1,6,1,1,2,1,1,1,1,20,0,5,0,0,0,2,2,0,0,2,5,3,9
2013.0,0.0,1.0,0.0,3,4,0,0,0,0,1,5,1,1,0,0,2,1,1,22,0,5,0,0,0,2,1,0,2,2,5,3,9
2013.0,74.976,0.0,0.0,3,9,0,0,0,0,2,5,1,1,1,1,2,1,1,3,1,5,0,0,0,0,2,0,6,5,5,6,5
2013.0,0.0,1.0,0.0,2,1,3,0,0,2,1,2,1,1,0,1,5,1,1,5,1,5,0,0,0,2,1,0,4,5,5,9,3
2013.0,-670.032,0.0,0.0,3,6,3,0,0,0,1,2,1,1,0,0,2,1,1,8,1,5,0,1,0,1,1,0,4,7,5,8,3
2013.0,-92.928,1.0,0.0,3,6,3,0,0,0,1,5,1,1,0,0,5,1,1,10,1,5,0,0,0,2,0,0,6,0,5,3,3
2013.0,144.144,1.0,0.0,3,4,3,0,0,0,1,7,1,1,0,1,1,1,1,14,1,5,0,0,0,0,1,0,6,2,5,3,9
2013.0,-350.064,1.0,0.0,3,1,3,0,0,2,0,1,1,1,0,0,7,1,1,15,1,5,0,0,0,1,1,0,6,5,5,9,3
2013.0,0.0,0.0,0.0,3,10,3,0,0,0,1,5,1,1,0,0,5,1,1,15,1,5,0,0,0,2,2,0,4,9,5,3,2
2013.0,146.784,0.0,0.0,3,1,3,0,0,0,0,1,1,1,0,1,5,1,1,17,1,5,0,1,0,1,2,0,6,2,5,3,9
2013.0,99.792,1.0,0.0,3,6,4,0,0,0,1,5,1,1,0,1,5,1,1,19,1,5,0,1,0,2,1,0,4,7,5,8,3
2013.0,202.224,1.0,0.0,2,1,0,0,0,2,1,1,1,1,0,1,5,1,1,21,1,5,0,0,0,1,1,0,6,9,5,9,3
2013.0,-4.752,1.0,0.0,2,1,0,0,0,2,1,9,1,1,0,1,2,1,1,22,1,5,0,0,0,1,1,0,4,9,5,9,3
2013.0,0.0,0.0,0.0,3,4,0,0,0,0,2,1,1,1,0,0,9,1,1,23,1,5,0,0,0,0,1,0,4,2,5,9,3
2013.0,50.16,1.0,0.0,3,6,3,0,0,0,1,9,1,1,0,0,9,1,1,6,2,5,0,0,0,1,0,0,4,8,5,8,3
2013.0,-105.072,0.0,0.0,3,1,3,0,0,0,1,7,1,1,0,1,5,1,1,7,2,5,0,1,0,1,1,0,6,9,5,3,2
2013.0,-38.016,0.0,0.0,3,1,3,0,0,0,1,5,1,1,0,1,9,1,1,14,2,5,0,0,0,1,1,0,4,4,5,3,9
2013.0,0.0,2.0,0.0,2,4,3,0,0,0,1,9,1,1,0,0,1,1,1,15,2,5,0,0,0,2,2,0,4,2,5,3,9
2013.0,422.928,0.0,0.0,3,6,3,0,0,0,1,1,1,1,0,1,1,1,1,15,2,5,0,0,0,1,1,0,6,7,5,8,3
2013.0,119.856,1.0,0.0,3,6,3,0,0,0,1,1,1,1,0,1,1,1,1,16,2,5,0,1,0,1,2,0,6,7,5,8,3
2013.0,99.792,0.0,0.0,3,6,3,0,0,0,1,9,1,1,0,1,9,1,1,16,2,5,0,1,0,1,1,0,4,7,5,3,3
2013.0,0.0,0.0,0.0,3,1,3,0,0,0,0,1,1,1,0,0,7,1,1,17,2,5,0,1,0,1,2,0,4,2,5,9,3
2013.0,-222.816,1.0,0.0,3,5,0,0,0,0,1,2,1,1,3,1,1,1,1,22,2,5,0,0,0,0,1,0,6,5,5,7,1
2013.0,224.928,0.0,0.0,3,10,0,0,0,0,1,2,1,1,1,1,2,1,1,8,3,5,0,1,0,1,1,0,6,0,5,6,6
2013.0,-390.192,0.0,0.0,3,10,3,0,0,0,0,9,1,1,0,1,9,1,1,11,3,5,0,0,0,1,1,0,6,0,5,3,2
2013.0,-71.808,0.0,0.0,3,6,3,0,0,0,1,3,1,1,0,1,3,1,1,14,3,5,0,0,0,1,2,0,4,7,5,8,3
2013.0,83.952,0.0,0.0,3,10,3,0,0,0,0,9,1,1,0,0,9,1,1,14,3,5,0,0,0,0,0,0,4,9,5,3,2
2013.0,0.0,1.0,0.0,3,4,3,0,0,0,1,4,1,1,0,1,5,1,1,15,3,5,0,0,0,1,2,0,4,2,5,3,9
2013.0,-57.024,0.0,0.0,3,6,3,0,0,0,1,1,1,1,0,0,1,1,1,16,3,5,0,1,0,1,1,0,6,0,5,8,3
2013.0,185.856,0.0,0.0,3,4,3,0,0,0,0,4,1,1,0,1,9,1,1,17,3,5,0,1,0,1,1,0,6,2,5,3,9
2013.0,-48.048,1.0,0.0,3,1,3,0,0,2,1,1,1,1,0,1,6,1,1,17,3,5,0,1,0,1,1,0,6,5,5,9,3
2013.0,50.16,0.0,0.0,3,1,3,0,0,0,1,2,1,1,0,1,1,1,1,17,3,5,0,1,0,2,1,0,4,2,5,3,9
2013.0,30.096,0.0,0.0,3,6,3,4,3,0,2,5,1,1,0,0,5,1,1,18,3,5,0,1,0,0,1,0,2,5,5,8,8
2013.0,0.0,1.0,0.0,2,5,0,0,0,3,0,5,0,1,0,0,1,0,1,2,4,5,0,0,0,2,2,0,4,2,5,3,7
2013.0,-181.104,0.0,0.0,3,6,3,0,0,0,1,1,1,1,0,0,1,1,1,9,4,5,0,1,0,2,1,0,2,0,5,8,1
2013.0,74.976,0.0,0.0,3,6,3,0,0,0,2,2,1,1,0,1,2,1,1,16,4,5,0,1,0,0,2,0,6,7,5,8,3
2013.0,450.912,1.0,0.0,1,4,3,1,0,0,1,8,1,1,0,0,5,1,1,18,4,5,0,1,0,2,2,0,0,2,5,8,9
2013.0,649.968,0.0,0.0,3,6,3,0,0,0,0,5,1,1,0,1,5,1,1,18,4,5,0,1,0,2,1,0,6,7,5,8,8
2013.0,629.904,1.0,0.0,2,6,3,0,0,0,1,5,1,1,0,1,5,1,1,18,4,5,0,1,0,1,0,0,6,0,5,8,3
2013.0,0.0,1.0,0.0,2,1,3,0,0,0,1,8,1,1,0,1,8,1,1,18,4,5,0,1,0,1,1,0,2,2,5,3,9
2013.0,0.0,2.0,0.0,3,4,0,1,0,0,0,2,1,1,0,1,5,1,1,19,4,5,0,1,0,0,2,0,4,2,5,3,9
2013.0,0.0,0.0,0.0,3,1,0,4,3,0,2,8,1,1,1,1,8,1,1,2,5,5,1,0,0,0,1,0,4,5,5,3,9
2013.0,59.136,0.0,0.0,3,1,3,0,0,0,0,6,1,1,0,1,5,1,1,11,5,5,1,0,0,2,1,0,0,2,5,3,9
2013.0,-159.984,0.0,0.0,3,4,3,0,0,0,0,9,1,1,0,1,9,1,1,12,5,5,1,0,0,1,1,0,6,4,5,3,9
2013.0,-27.984,0.0,0.0,3,12,3,0,0,0,1,8,1,1,0,1,8,1,1,12,5,5,1,0,0,2,1,0,6,5,5,5,5
2013.0,-252.912,0.0,0.0,3,6,3,0,0,0,0,1,1,1,0,0,1,1,1,13,5,5,1,0,0,2,1,0,6,0,5,8,3
2013.0,50.16,0.0,0.0,3,6,3,0,0,0,2,9,1,1,0,0,9,1,1,14,5,5,1,0,0,0,0,0,4,7,5,8,3
2013.0,-149.952,0.0,0.0,3,6,3,0,0,0,0,5,0,1,0,1,5,1,1,18,5,5,1,1,0,1,1,0,6,7,5,3,3
2013.0,-80.784,2.0,0.0,3,4,4,0,0,0,0,9,0,1,0,1,2,1,1,19,5,5,1,1,0,1,2,0,4,2,5,9,3
2013.0,0.0,1.0,0.0,2,1,0,0,0,0,0,4,1,1,2,1,9,1,1,20,5,5,1,0,0,2,2,0,4,2,5,3,9
2013.0,-30.096,0.0,0.0,3,6,0,0,0,0,1,1,1,1,0,0,1,1,1,21,5,5,1,0,0,2,0,0,4,0,5,8,3
2013.0,-99.792,1.0,0.0,3,6,0,0,0,0,1,1,0,1,0,0,1,1,1,22,5,5,1,0,0,1,1,0,6,7,5,3,3
2013.0,149.952,0.0,0.0,3,1,3,0,0,0,1,4,1,1,0,1,2,1,1,11,6,5,1,0,0,1,2,0,6,0,5,3,9
2013.0,-40.128,1.0,0.0,2,5,3,0,0,2,1,7,1,1,0,0,1,1,1,8,0,5,0,1,0,2,1,0,6,5,5,9,7
2013.0,45.936,1.0,0.0,3,1,3,0,0,2,0,1,1,1,0,1,5,1,1,13,0,5,0,0,0,1,1,0,2,9,5,9,3
2013.0,0.0,1.0,0.0,3,1,3,0,0,0,1,9,1,1,0,1,3,1,1,14,0,5,0,0,0,2,1,0,4,2,5,9,3
2013.0,710.16,0.0,0.0,3,10,3,0,0,0,0,5,1,1,0,1,5,1,1,15,0,5,0,0,0,2,1,0,6,0,5,3,9
2013.0,-175.824,0.0,0.0,3,6,3,0,0,0,1,9,1,1,0,0,9,1,1,15,0,5,0,0,0,2,1,0,6,8,5,8,3
2013.0,176.88,0.0,0.0,3,6,3,0,0,0,0,5,1,1,0,1,5,1,1,17,0,5,0,1,0,1,2,0,6,8,5,8,3
2013.0,95.04,0.0,0.0,3,6,3,0,0,0,0,5,1,1,0,0,5,1,1,17,0,5,0,1,0,1,1,0,6,7,5,8,3
2013.0,0.0,1.0,0.0,2,6,3,0,0,0,0,1,1,1,0,0,1,1,1,17,0,5,0,1,0,2,1,0,4,7,5,8,8
2013.0,-41.184,0.0,0.0,3,6,3,0,0,0,0,2,1,1,0,1,2,1,1,17,0,5,0,1,0,2,2,0,6,0,5,8,3
2013.0,-119.856,0.0,0.0,3,10,3,0,0,0,0,9,1,1,0,0,9,1,1,6,1,5,0,0,0,1,1,0,6,0,5,3,2
2013.0,0.0,0.0,0.0,3,6,3,0,0,0,0,2,1,1,0,0,2,1,1,7,1,5,0,1,0,1,1,0,4,7,5,8,2
2013.0,0.0,1.0,0.0,2,4,3,0,0,0,0,6,1,1,0,1,2,1,1,7,1,5,0,1,0,2,1,0,4,4,5,3,9
2013.0,0.0,0.0,0.0,3,1,3,0,0,0,0,5,1,1,0,1,1,1,1,9,1,5,0,1,0,1,1,0,2,2,5,3,9
2013.0,467.808,0.0,0.0,3,6,3,0,0,0,0,5,1,1,0,1,5,1,1,17,1,5,0,1,0,2,1,0,6,8,5,8,3
2013.0,-80.256,0.0,0.0,3,6,3,0,0,0,0,1,1,1,0,0,1,1,1,19,1,5,0,1,0,2,2,0,4,7,5,8,3
2013.0,244.992,1.0,0.0,3,1,0,0,0,0,1,9,0,1,0,0,2,1,1,19,1,5,0,1,0,0,2,0,6,0,5,3,3
2013.0,60.192,0.0,0.0,3,10,0,0,0,0,2,5,1,1,0,1,5,1,1,19,1,5,0,1,0,0,1,0,4,9,5,3,2
2013.0,-4.752,1.0,0.0,2,6,0,0,0,0,0,1,1,1,0,1,1,1,1,21,1,5,0,0,0,1,1,0,2,7,5,8,3
2013.0,-42.768,1.0,0.0,2,10,0,0,0,0,2,5,1,1,2,1,5,1,1,21,1,5,0,0,0,0,2,0,4,5,5,3,3
2013.0,109.824,0.0,0.0,3,6,3,0,0,0,0,5,1,1,0,1,5,1,1,6,2,5,0,0,0,1,1,0,4,0,5,8,3
2013.0,-192.192,1.0,0.0,2,6,3,0,0,0,1,9,1,1,0,0,9,1,1,7,2,5,0,1,0,2,0,0,6,7,5,8,3
2013.0,-550.176,0.0,0.0,3,6,3,0,0,0,0,2,1,1,0,1,2,1,1,7,2,5,0,1,0,1,0,0,4,7,5,8,8
2013.0,99.792,0.0,0.0,3,6,3,0,0,0,1,1,1,1,0,0,9,1,1,8,2,5,0,1,0,0,1,0,2,0,5,8,1
2013.0,-210.144,0.0,0.0,3,3,3,0,0,0,1,9,1,1,0,0,1,1,1,8,2,5,0,1,0,1,1,0,0,9,5,3,3
2013.0,-95.04,0.0,0.0,3,6,3,0,0,0,2,2,1,1,0,0,2,1,1,11,2,5,0,0,0,0,1,0,6,7,5,8,3
2013.0,-170.016,0.0,0.0,3,4,3,0,0,0,0,4,1,1,0,0,1,1,1,12,2,5,0,0,0,1,1,0,4,2,5,3,9
2013.0,119.856,0.0,0.0,3,10,3,0,0,0,0,5,1,1,0,0,5,1,1,13,2,5,0,0,0,1,2,0,4,9,5,3,2
2013.0,0.0,0.0,0.0,3,1,3,0,0,0,1,2,1,1,0,0,2,1,1,17,2,5,0,1,0,1,1,0,2,3,5,9,3
2013.0,-125.136,0.0,0.0,3,10,3,0,0,0,1,9,1,1,0,1,9,1,1,18,2,5,0,1,0,2,0,0,6,9,5,8,2
2013.0,30.096,0.0,0.0,3,6,3,0,0,0,0,2,1,1,0,1,2,1,1,18,2,5,0,1,0,2,1,0,2,7,5,8,3
2013.0,0.0,2.0,0.0,3,4,3,0,0,0,0,5,1,1,0,0,1,1,1,18,2,5,0,1,0,2,1,0,4,2,5,9,3
2013.0,0.0,3.0,0.0,2,4,4,0,0,0,1,5,1,1,0,1,2,1,1,18,2,5,0,1,0,1,1,0,2,2,5,9,3
2013.0,0.0,0.0,0.0,3,10,3,0,0,0,2,6,1,1,0,0,6,1,1,18,2,5,0,1,0,0,1,0,4,4,5,9,9
2013.0,0.0,0.0,0.0,3,4,0,0,0,0,0,1,1,1,0,1,9,1,1,20,2,5,0,0,0,1,1,0,4,2,5,3,9
2013.0,-60.192,2.0,0.0,2,6,0,0,0,0,2,2,1,1,0,0,2,1,1,22,2,5,0,0,0,0,2,0,4,7,5,8,3
2013.0,35.904,0.0,0.0,3,9,0,0,0,0,2,1,0,1,1,1,8,1,1,3,3,5,0,0,0,0,2,0,6,9,5,6,9
2013.0,-83.952,0.0,0.0,3,6,3,0,0,0,2,9,1,1,1,1,9,1,1,7,3,5,0,1,0,0,1,0,6,7,5,6,5
2013.0,0.0,1.0,0.0,3,4,3,0,0,0,0,1,1,1,0,0,9,1,1,9,3,5,0,1,0,0,1,0,4,2,5,3,9
2013.0,-40.128,0.0,0.0,3,6,3,0,0,0,2,2,1,1,0,1,2,1,1,9,3,5,0,1,0,0,1,0,4,7,5,8,3
2013.0,-350.064,1.0,0.0,2,4,3,0,0,0,1,3,1,1,0,1,5,1,1,13,3,5,0,0,0,1,2,0,4,2,5,3,9
2013.0,0.0,0.0,0.0,3,10,3,0,0,0,0,1,1,1,0,1,1,1,1,15,3,5,0,0,0,0,1,0,4,3,5,3,9
2013.0,1325.808,0.0,0.0,3,6,3,0,0,0,0,5,1,1,0,0,5,1,1,17,3,5,0,1,0,1,2,0,6,8,5,8,3
2013.0,90.816,0.0,0.0,3,10,3,0,0,0,1,1,1,1,0,0,1,1,1,18,3,5,0,1,0,2,1,0,6,5,5,3,2
2013.0,-34.848,1.0,0.0,3,1,0,0,0,2,1,5,1,1,0,1,7,1,1,20,3,5,0,0,0,2,1,0,4,2,5,9,7
2013.0,0.0,2.0,0.0,2,3,0,0,0,0,1,2,1,1,0,1,5,1,1,20,3,5,0,0,0,1,0,0,4,2,5,9,3
2013.0,-30.096,1.0,0.0,2,1,0,0,0,2,1,1,1,1,0,1,9,1,1,20,3,5,0,0,0,2,2,0,4,0,0,9,3
2013.0,0.0,2.0,0.0,3,4,3,0,0,0,1,2,1,1,0,0,1,1,1,5,4,5,0,0,0,1,2,0,4,2,5,9,3
2013.0,0.0,0.0,0.0,3,1,3,0,0,0,0,1,1,1,0,1,5,1,1,8,4,5,0,1,0,1,1,0,4,2,5,3,3
2013.0,588.192,0.0,0.0,3,6,3,0,0,0,1,1,1,1,0,1,1,1,1,14,4,5,0,0,0,1,1,0,0,0,5,9,8
2013.0,0.0,0.0,0.0,3,4,3,0,0,0,1,5,1,1,0,1,2,1,1,15,4,5,0,0,0,0,1,0,4,2,5,3,9
2013.0,200.112,0.0,0.0,3,6,3,0,0,0,1,9,1,1,0,0,9,1,1,16,4,5,0,1,0,1,1,0,2,8,5,3,3
2013.0,10.032,0.0,0.0,3,1,3,0,0,0,1,6,1,1,2,1,2,1,1,16,4,5,0,1,0,2,1,0,4,4,5,3,9
2013.0,-99.792,0.0,0.0,3,6,0,0,0,0,1,5,1,1,0,1,5,1,1,21,4,5,0,0,0,1,1,0,6,0,5,8,3
2013.0,0.0,0.0,0.0,3,12,0,0,3,0,0,8,1,1,1,1,8,1,1,23,4,5,0,0,0,2,1,0,6,5,5,6,1
2013.0,0.0,0.0,0.0,3,6,3,0,0,0,1,2,1,1,0,0,2,1,1,9,5,5,1,1,0,1,0,0,2,5,5,5,5
2013.0,127.248,2.0,0.0,2,4,3,0,0,0,1,6,1,1,0,1,9,1,1,16,5,5,1,1,0,2,2,0,6,2,5,3,9
2013.0,0.0,0.0,0.0,3,10,0,0,0,0,1,5,1,1,0,0,6,1,1,19,5,5,1,1,0,0,1,0,2,9,5,9,3
2013.0,99.792,0.0,0.0,3,1,4,0,0,0,2,8,1,1,1,1,8,1,1,19,5,5,1,1,0,0,1,0,4,9,5,6,5
2013.0,-214.896,0.0,0.0,3,6,2,0,0,0,1,5,1,1,0,0,5,1,1,1,6,5,1,0,0,2,2,0,6,7,5,8,3
2013.0,-54.912,1.0,0.0,3,6,3,0,0,0,0,5,1,1,1,1,2,1,1,12,6,5,1,0,0,2,1,0,4,7,5,8,3
2013.0,-50.16,0.0,0.0,3,6,0,0,0,0,2,1,1,1,0,1,1,1,1,21,6,5,1,0,0,0,2,0,2,5,5,8,3
2013.0,-200.112,0.0,0.0,3,10,0,0,0,0,0,2,0,1,0,0,2,1,1,21,6,5,1,0,0,1,1,0,4,9,5,3,3
2013.0,0.0,0.0,0.0,3,6,3,0,0,0,1,1,1,1,0,1,1,1,1,12,0,5,0,0,0,0,1,0,4,5,7,3,3
2013.0,-249.744,0.0,0.0,3,10,3,0,0,0,2,9,1,1,0,0,9,1,1,14,0,5,0,0,0,0,0,0,6,9,5,3,2
2013.0,0.0,0.0,0.0,3,1,3,0,0,0,0,9,1,1,0,1,2,1,1,15,0,5,0,0,0,2,1,0,4,2,5,3,3
2013.0,30.096,0.0,0.0,3,12,0,0,3,0,2,8,1,1,1,1,8,1,1,16,0,5,0,1,0,0,0,0,6,5,5,6,5
2013.0,-10.032,0.0,0.0,3,1,3,0,0,0,0,7,1,1,0,1,2,1,1,16,0,5,0,1,0,0,1,0,4,0,5,8,9
2013.0,-20.064,1.0,0.0,2,1,3,0,0,2,1,2,1,1,0,1,1,1,1,17,0,5,0,1,0,2,2,0,4,9,5,3,9
2013.0,0.0,3.0,0.0,3,1,0,0,0,0,0,4,1,1,0,0,5,1,1,19,0,5,0,1,0,0,1,0,2,4,5,3,9
2013.0,0.0,0.0,0.0,3,4,0,0,0,0,1,5,1,1,0,1,2,1,1,20,0,5,0,0,0,1,1,0,4,4,5,3,9
2013.0,85.008,0.0,0.0,3,6,3,0,0,0,0,5,1,1,0,0,5,1,1,11,1,5,0,0,0,0,2,0,6,0,5,3,2
2013.0,-227.04,0.0,0.0,3,1,3,0,0,0,0,9,1,1,0,1,2,1,1,12,1,5,0,0,0,2,1,0,0,2,5,3,9
2013.0,161.04,1.0,0.0,1,4,3,0,0,0,0,3,1,1,0,1,9,1,1,13,1,5,0,0,0,1,2,0,6,5,5,3,9
2013.0,220.176,0.0,0.0,3,6,3,0,0,0,1,2,1,1,0,1,2,1,1,14,1,5,0,0,0,2,1,0,6,8,5,8,3
2013.0,-261.888,0.0,0.0,3,6,3,0,0,0,1,2,1,1,0,1,5,1,1,15,1,5,0,0,0,1,1,0,6,0,5,8,1
2013.0,2798.4,0.0,0.0,3,6,3,0,0,0,1,5,1,1,0,1,5,1,1,16,1,5,0,1,0,1,1,0,6,0,5,8,8
2013.0,-152.064,0.0,0.0,3,10,3,0,0,0,0,5,1,1,0,0,5,1,1,16,1,5,0,1,0,1,1,0,6,2,5,3,2
2013.0,0.0,0.0,0.0,3,6,3,0,0,0,1,4,1,1,0,1,4,1,1,17,1,5,0,1,0,1,1,0,2,7,5,8,3
2013.0,-136.224,0.0,0.0,3,10,3,0,0,0,1,5,1,1,0,0,5,1,1,17,1,5,0,1,0,2,1,0,6,2,5,3,2
2013.0,0.0,1.0,0.0,3,4,3,0,0,0,1,1,1,1,0,0,7,1,1,18,1,5,0,1,0,1,1,0,2,5,5,9,3
2013.0,0.0,0.0,0.0,3,1,3,0,0,0,1,9,1,1,0,0,5,1,1,18,1,5,0,1,0,1,1,0,4,2,5,3,3
2013.0,0.0,2.0,0.0,3,6,4,0,0,0,0,1,1,1,0,0,1,1,1,19,1,5,0,1,0,1,1,0,4,7,5,8,3
2013.0,0.0,0.0,0.0,3,4,0,0,0,0,0,9,1,1,0,1,2,1,1,21,1,5,0,0,0,2,1,0,4,2,5,3,9
2013.0,-110.88,1.0,0.0,2,1,3,0,0,0,0,2,1,1,0,1,9,1,1,7,2,5,0,1,0,2,1,0,6,9,5,3,2
2013.0,-90.816,0.0,0.0,3,6,3,0,0,0,1,1,1,1,0,0,1,1,1,8,2,5,0,1,0,1,0,0,4,7,5,8,3
2013.0,0.0,0.0,0.0,3,4,3,0,0,0,1,7,1,1,0,1,1,1,1,11,2,5,0,0,0,1,1,0,6,4,5,3,9
2013.0,53.856,1.0,0.0,3,1,3,0,0,2,1,1,1,1,2,0,1,1,1,13,2,5,0,0,0,1,2,0,4,5,5,3,3
2013.0,63.888,0.0,0.0,3,6,3,0,0,0,1,7,1,1,0,0,7,1,1,14,2,5,0,0,0,1,0,0,4,7,5,8,3
2013.0,-53.856,0.0,0.0,3,10,3,0,0,0,2,2,1,1,0,1,2,1,1,14,2,5,0,0,0,0,1,0,4,9,5,8,3
2013.0,182.16,0.0,0.0,3,6,3,0,0,0,1,5,1,1,0,0,5,1,1,15,2,5,0,0,0,0,1,0,4,7,5,8,3
2013.0,-129.888,0.0,0.0,3,10,3,0,0,0,0,1,1,1,0,0,1,1,1,15,2,5,0,0,0,1,2,0,2,2,5,3,2
2013.0,-269.808,0.0,0.0,3,1,3,0,0,0,0,2,1,1,0,0,1,1,1,17,2,5,0,1,0,1,1,0,0,4,5,3,9
2013.0,-1000.032,1.0,0.0,3,6,3,0,0,0,0,2,1,1,0,0,2,1,1,17,2,5,0,1,0,2,1,0,6,0,5,8,3
2013.0,-655.248,0.0,0.0,3,4,4,0,0,0,0,2,1,1,0,1,1,1,1,18,2,5,0,1,0,1,1,0,0,2,5,3,9
2013.0,0.0,1.0,0.0,3,4,0,0,0,0,1,1,1,1,0,0,2,1,1,0,3,5,0,0,0,1,2,0,2,2,5,3,9
2013.0,0.0,2.0,0.0,2,4,3,0,0,0,1,3,1,1,0,0,7,1,1,6,3,5,0,0,0,1,0,0,4,2,5,9,3
2013.0,40.128,0.0,0.0,3,6,3,0,0,0,1,5,1,1,0,0,5,1,1,7,3,5,0,1,0,1,1,0,2,0,5,8,3