Year,Distance,Totalinjuries,Totalfatalities,Injuryseverity,Collisionmanner,Lightcondition,Weather,SurfaceCondition,Unittype_One,Gender_Drv1,Traveldirection_One,AlcoholUse_Drv1,DrugUse_Drv1,Unittype_Two,Gender_Drv2,Traveldirection_Two,AlcoholUse_Drv2,DrugUse_Drv2,Hour,Weekday,Month,Weekend,Rush_Hour,Hazardous_Road,Age_Group_Drv1,Age_Group_Drv2,Substance_Use,Junction_Category,Violation_Category_Drv1,Violation_Category_Drv2,Unitaction_Category_Two,Unitaction_Category_One
2013.0,0.0,0.0,0.0,3,6,3,0,0,0,0,1,1,1,0,0,1,1,1,11,3,5,0,0,0,0,2,0,4,7,5,8,3
2013.0,-60.192,1.0,0.0,2,5,3,0,0,2,0,7,1,1,0,0,2,1,1,14,3,5,0,0,0,2,2,0,4,9,5,3,9
2013.0,151.008,0.0,0.0,3,1,3,0,0,0,1,3,1,1,0,0,5,1,1,14,3,5,0,0,0,0,1,0,6,5,5,3,5
2013.0,560.208,0.0,0.0,3,6,3,0,0,0,1,9,1,1,0,1,9,1,1,16,3,5,0,1,0,1,0,0,4,8,5,8,3
2013.0,80.256,0.0,0.0,3,6,3,0,0,0,0,9,1,1,0,1,9,1,1,16,3,5,0,1,0,1,2,0,2,0,5,8,3
2013.0,105.072,0.0,0.0,3,6,3,0,0,0,1,1,1,1,0,1,1,1,1,16,3,5,0,1,0,1,0,0,6,7,5,8,3
2013.0,0.0,1.0,0.0,2,4,3,0,0,0,0,1,1,1,0,1,9,1,1,16,3,5,0,1,0,2,1,0,2,4,5,3,9
2013.0,0.0,1.0,0.0,3,1,3,0,0,0,2,9,1,1,2,1,2,1,1,16,3,5,0,1,0,0,2,0,4,7,5,3,8
2013.0,-181.104,1.0,0.0,2,6,3,0,0,0,0,1,1,1,0,0,1,1,1,17,3,5,0,1,0,1,2,0,4,0,5,3,3
2013.0,528.0,0.0,0.0,3,6,3,0,0,0,2,5,1,1,0,1,5,1,1,17,3,5,0,1,0,0,1,0,6,5,5,8,5
2013.0,30.096,0.0,0.0,3,6,3,0,0,0,0,5,0,1,0,1,5,1,1,17,3,5,0,1,0,1,2,0,4,5,5,8,3
2013.0,185.856,0.0,0.0,3,6,3,0,0,0,2,5,1,1,0,1,5,1,1,18,3,5,0,1,0,0,1,0,6,7,5,8,3
2013.0,139.92,0.0,0.0,3,4,4,0,0,0,0,5,1,1,0,0,9,1,1,19,3,5,0,1,0,1,1,0,0,2,5,3,9
2013.0,0.0,0.0,0.0,3,6,4,0,0,0,1,9,1,1,0,1,9,1,1,19,3,5,0,1,0,1,2,0,4,8,5,9,3
2013.0,-20.064,0.0,0.0,3,8,0,0,0,0,1,9,1,1,0,1,2,1,1,3,4,5,0,0,0,1,1,0,2,0,5,3,3
2013.0,200.112,1.0,0.0,2,1,3,0,0,0,1,5,1,1,2,1,9,1,1,8,4,5,0,1,0,2,0,0,6,2,5,7,3
2013.0,0.0,0.0,0.0,3,4,3,0,0,0,0,1,1,1,0,1,5,1,1,11,4,5,0,0,0,1,1,0,4,2,5,3,9
2013.0,-40.128,1.0,0.0,2,4,3,0,0,0,0,9,1,1,3,1,5,1,1,18,4,5,0,1,0,2,1,0,4,2,5,7,9
2013.0,0.0,0.0,0.0,3,4,3,0,0,0,0,4,1,1,0,1,5,1,1,18,4,5,0,1,0,1,1,0,4,5,5,3,9
2013.0,-30.096,0.0,0.0,3,6,0,0,0,0,1,5,1,1,0,0,5,1,1,21,4,5,0,0,0,1,2,0,6,0,5,8,3
2013.0,-40.128,0.0,0.0,3,1,3,0,0,0,0,5,1,1,0,1,5,1,1,8,5,6,1,1,0,2,2,0,6,9,5,3,2
2013.0,117.744,1.0,0.0,2,4,3,0,0,0,0,9,1,1,0,1,2,1,1,11,5,6,1,0,0,0,1,0,6,4,5,3,9
2013.0,-44.88,0.0,0.0,3,6,3,0,0,0,0,1,1,1,0,0,1,1,1,15,5,6,1,0,0,1,1,0,4,7,5,8,3
2013.0,135.168,1.0,0.0,3,6,0,0,0,0,1,5,1,1,0,0,5,1,1,20,5,6,1,0,0,1,1,0,4,0,5,8,8
2013.0,0.0,2.0,0.0,3,4,0,0,0,0,0,2,1,1,0,0,5,1,1,22,5,6,1,0,0,2,2,0,4,2,5,3,9
2013.0,62.832,0.0,0.0,3,10,3,0,0,0,1,2,1,1,0,0,5,1,1,9,6,6,1,1,0,1,2,0,4,0,5,8,1
2013.0,0.0,0.0,0.0,3,4,3,0,0,0,0,9,1,1,0,0,2,1,1,13,6,6,1,0,0,1,1,0,4,2,5,9,3
2013.0,165.264,0.0,0.0,3,10,3,0,0,0,1,5,1,1,0,0,5,1,1,14,6,6,1,0,0,0,2,0,6,9,5,3,2
2013.0,0.0,0.0,0.0,3,6,3,0,0,0,0,2,1,1,0,0,2,1,1,14,6,6,1,0,0,1,1,0,4,5,5,3,8
2013.0,0.0,0.0,0.0,3,5,3,0,0,2,1,1,1,1,0,1,5,1,1,15,6,6,1,0,0,1,1,0,6,1,5,9,5
2013.0,86.064,0.0,0.0,3,6,3,0,0,0,1,9,1,1,0,1,9,1,1,15,6,6,1,0,0,1,2,0,6,0,5,8,3
2013.0,0.0,0.0,0.0,3,4,3,0,0,0,1,9,1,1,0,0,2,1,1,15,6,6,1,0,0,1,2,0,4,2,5,9,3
2013.0,-24.816,1.0,0.0,2,1,3,0,0,0,1,9,1,1,0,0,9,1,1,18,6,6,1,1,0,0,1,0,4,9,5,3,9
2013.0,10.032,0.0,0.0,3,6,0,0,0,0,0,2,0,1,0,1,2,1,1,19,6,6,1,1,0,1,1,0,4,2,5,9,3
2013.0,0.0,0.0,0.0,3,4,3,0,0,0,1,7,1,1,0,0,1,1,1,10,0,6,0,0,0,0,2,0,4,5,5,3,9
2013.0,-135.168,0.0,0.0,3,10,3,0,0,0,0,2,0,1,0,0,2,1,1,12,0,6,0,0,0,1,1,0,6,0,5,3,2
2013.0,-71.808,0.0,0.0,3,5,3,0,0,0,1,2,1,1,0,1,2,1,1,13,0,6,0,0,0,1,1,0,2,5,5,8,1
2013.0,449.856,0.0,0.0,3,1,3,0,0,2,1,9,1,1,0,0,2,1,1,14,0,6,0,0,0,1,2,0,0,5,5,8,5
2013.0,39.072,0.0,0.0,3,10,3,0,0,0,0,9,1,1,0,0,9,1,1,16,0,6,0,1,0,2,1,0,4,5,5,8,5
2013.0,0.0,1.0,0.0,1,4,3,0,0,0,1,5,1,1,0,0,4,1,1,17,0,6,0,1,0,1,1,0,4,2,5,9,3
2013.0,-89.76,0.0,0.0,3,6,3,0,0,0,1,1,1,1,0,0,1,1,1,6,1,6,0,0,0,1,0,0,2,0,5,8,3
2013.0,0.0,0.0,0.0,3,6,3,0,0,0,0,2,1,1,0,0,2,1,1,7,1,6,0,1,0,0,1,0,4,0,5,8,3
2013.0,449.856,0.0,0.0,3,6,3,0,0,0,1,9,1,1,0,1,9,1,1,7,1,6,0,1,0,1,1,0,6,7,5,8,3
2013.0,172.128,0.0,0.0,3,10,3,0,0,0,1,5,1,1,0,0,5,1,1,8,1,6,0,1,0,1,1,0,2,9,5,8,2
2013.0,36.96,1.0,0.0,2,1,3,0,0,2,0,5,1,1,0,0,9,1,1,8,1,6,0,1,0,1,1,0,4,9,5,3,7
2013.0,-50.16,1.0,0.0,2,1,3,0,0,2,1,2,1,1,0,1,1,1,1,13,1,6,0,0,0,2,1,0,4,2,5,9,3
2013.0,-123.024,0.0,0.0,3,6,3,0,0,0,0,1,1,1,0,1,1,1,1,15,1,6,0,0,0,1,1,0,2,7,5,8,3
2013.0,-90.816,1.0,0.0,2,6,3,0,0,0,1,2,1,1,0,0,2,1,1,17,1,6,0,1,0,2,1,0,4,0,5,8,3
2013.0,416.064,0.0,0.0,3,6,3,0,0,0,1,9,1,1,0,1,9,1,1,17,1,6,0,1,0,0,1,0,4,7,5,8,3
2013.0,-53.856,0.0,0.0,3,6,3,0,0,0,1,1,1,1,0,0,1,1,1,17,1,6,0,1,0,0,1,0,4,7,5,8,3
2013.0,390.192,0.0,0.0,3,6,3,0,0,0,1,1,1,1,0,0,1,1,1,17,1,6,0,1,0,2,2,0,6,8,5,8,8
2013.0,319.968,2.0,0.0,2,1,4,0,0,0,0,9,1,1,0,0,2,1,1,18,1,6,0,1,0,2,2,0,0,2,5,5,5
2013.0,-25.872,0.0,0.0,3,6,0,0,0,0,0,1,1,1,0,1,1,1,1,19,1,6,0,1,0,2,2,0,2,7,5,8,3
2013.0,-70.224,1.0,0.0,2,1,3,0,0,0,0,7,1,1,2,1,2,1,1,8,2,6,0,1,0,1,1,0,6,5,5,3,5
2013.0,-387.024,0.0,0.0,3,4,3,0,0,0,1,5,1,1,0,1,2,1,1,14,2,6,0,0,0,1,1,0,0,2,5,3,9
2013.0,-149.952,0.0,0.0,3,6,3,0,0,0,1,2,1,1,0,0,2,1,1,15,2,6,0,0,0,1,0,0,6,7,5,8,3
2013.0,0.0,0.0,0.0,3,4,3,0,0,0,1,5,1,1,0,1,1,1,1,16,2,6,0,1,0,1,1,0,4,2,5,3,9
2013.0,80.256,1.0,0.0,3,6,3,0,0,0,1,5,1,1,0,1,5,1,1,16,2,6,0,1,0,1,1,0,6,7,5,8,3
2013.0,459.888,1.0,0.0,2,6,3,0,0,0,1,9,1,1,0,0,9,1,1,16,2,6,0,1,0,2,0,0,4,0,5,8,8
2013.0,0.0,1.0,0.0,2,4,3,0,0,0,0,1,1,1,0,0,9,1,1,17,2,6,0,1,0,2,1,0,2,4,5,3,9
2013.0,-500.016,2.0,0.0,3,4,3,0,0,0,1,9,1,1,0,1,2,1,1,17,2,6,0,1,0,2,1,0,6,2,5,3,9
2013.0,-108.24,0.0,0.0,3,6,0,0,0,0,0,2,1,1,0,0,2,1,1,20,2,6,0,0,0,1,0,0,4,8,5,8,3
2013.0,-10.032,1.0,0.0,2,1,3,0,0,0,2,1,1,1,3,1,2,1,1,23,2,6,0,0,0,0,2,0,4,2,5,7,8
2013.0,0.0,1.0,0.0,2,4,3,0,0,0,1,2,1,1,2,0,9,1,1,6,3,6,0,0,0,1,1,0,2,2,5,3,9
2013.0,0.0,0.0,0.0,3,6,3,0,0,0,0,9,1,1,0,1,4,1,1,9,3,6,0,1,0,1,0,0,4,0,5,9,3
2013.0,91.872,1.0,0.0,3,6,3,0,0,0,0,9,1,1,0,0,9,1,1,10,3,6,0,0,0,1,1,0,4,0,5,3,3
2013.0,-68.112,0.0,0.0,3,6,3,0,0,0,1,2,1,1,0,0,2,1,1,10,3,6,0,0,0,2,1,0,4,0,5,8,8
2013.0,0.0,1.0,0.0,3,1,3,0,0,0,1,2,1,1,0,0,1,1,1,10,3,6,0,0,0,1,2,0,4,2,5,3,3
2013.0,0.0,0.0,0.0,3,1,3,0,0,0,1,4,1,1,0,1,4,1,1,12,3,6,0,0,0,2,1,0,4,4,5,9,9
2013.0,-40.128,0.0,0.0,3,1,3,0,0,2,1,9,1,1,0,0,2,1,1,13,3,6,0,0,0,2,0,0,4,5,5,9,3
2013.0,126.192,0.0,0.0,3,6,3,0,0,0,1,5,1,1,0,0,5,1,1,15,3,6,0,0,0,1,2,0,4,9,5,8,2
2013.0,76.032,0.0,0.0,3,1,3,0,0,0,1,2,1,1,0,1,1,1,1,16,3,6,0,1,0,2,2,0,0,2,5,3,9
2013.0,172.128,3.0,0.0,1,6,3,0,0,0,1,1,1,1,0,0,1,1,1,16,3,6,0,1,0,1,1,0,6,0,5,8,2
2013.0,173.184,0.0,0.0,3,1,3,0,0,0,1,9,1,1,0,0,9,1,1,17,3,6,0,1,0,1,2,0,6,9,5,8,2
2013.0,-231.264,0.0,0.0,3,6,3,0,0,0,0,5,1,1,0,0,5,1,1,18,3,6,0,1,0,2,1,0,0,7,5,9,3
2013.0,-280.896,0.0,0.0,3,4,3,0,0,0,0,2,1,1,0,0,1,1,1,7,4,6,0,1,0,1,1,0,0,2,5,3,9
2013.0,436.128,0.0,0.0,3,6,3,0,0,0,0,2,1,1,0,0,2,1,1,12,4,6,0,0,0,0,1,0,6,8,5,8,3
2013.0,-90.816,0.0,0.0,3,10,3,0,0,0,1,2,1,1,0,0,2,1,1,13,4,6,0,0,0,0,2,0,6,5,5,2,2
2013.0,0.0,0.0,0.0,3,4,3,0,0,0,0,9,1,1,0,1,1,1,1,14,4,6,0,0,0,0,2,0,2,2,5,9,3
2013.0,157.872,0.0,0.0,3,6,3,0,0,0,1,9,1,1,0,0,9,1,1,14,4,6,0,0,0,1,1,0,2,7,5,8,3
2013.0,133.056,0.0,0.0,3,6,3,0,0,0,1,1,1,1,0,1,1,1,1,16,4,6,0,1,0,1,1,0,6,8,5,8,3
2013.0,-73.92,0.0,0.0,3,10,3,0,0,0,0,9,1,1,0,1,9,1,1,17,4,6,0,1,0,1,2,0,2,4,5,3,2
2013.0,299.904,0.0,0.0,3,4,3,0,0,0,1,1,1,1,0,1,5,1,1,17,4,6,0,1,0,1,1,0,4,2,5,3,9
2013.0,174.768,1.0,0.0,3,6,3,0,0,0,0,1,1,1,0,0,1,1,1,19,4,6,0,1,0,2,2,0,4,7,5,8,3
2013.0,-680.064,0.0,0.0,3,6,0,0,0,0,0,9,1,1,0,1,9,1,1,21,4,6,0,0,0,2,1,0,0,8,5,8,3
2013.0,-205.92,0.0,0.0,3,12,3,0,0,0,2,8,1,1,1,1,8,1,1,7,5,6,1,1,0,0,2,0,6,5,5,6,5
2013.0,0.0,0.0,0.0,3,4,3,0,0,0,0,9,1,1,0,1,1,1,1,8,5,6,1,1,0,2,1,0,2,4,5,3,9
2013.0,-13.2,1.0,0.0,2,1,3,0,0,0,1,7,1,1,2,0,5,1,1,9,5,6,1,1,0,2,1,0,4,5,5,3,9
2013.0,-85.008,0.0,0.0,3,1,3,0,0,0,1,9,1,1,0,1,1,1,1,9,5,6,1,1,0,2,1,0,6,9,5,9,9
2013.0,155.232,2.0,0.0,2,1,3,0,0,0,1,2,1,1,0,1,1,1,1,10,5,6,1,0,0,1,1,0,0,5,5,3,9
2013.0,45.936,1.0,0.0,3,5,3,0,0,3,0,1,1,1,0,1,2,1,1,11,5,6,1,0,0,1,1,0,4,5,5,9,7
2013.0,44.88,0.0,0.0,3,6,3,0,0,0,1,9,1,1,0,0,9,1,1,15,5,6,1,0,0,1,1,0,4,0,5,8,8
2013.0,0.0,1.0,0.0,3,3,3,0,0,0,1,6,1,1,0,1,2,1,1,15,5,6,1,0,0,1,1,0,4,5,5,8,9
2013.0,0.0,1.0,0.0,3,4,3,0,0,0,1,5,1,1,0,0,4,1,1,15,5,6,1,0,0,1,1,0,4,2,5,9,3
2013.0,0.0,0.0,0.0,3,9,4,0,0,0,2,1,1,1,0,0,9,1,1,19,5,6,1,1,0,0,1,0,4,2,5,9,3
2013.0,-383.856,0.0,0.0,3,8,0,0,0,0,1,3,1,1,1,1,9,1,1,22,5,6,1,0,0,1,1,0,6,5,5,6,1
2013.0,0.0,1.0,0.0,3,6,3,0,0,0,0,1,1,1,0,1,1,1,1,17,6,6,1,1,0,1,1,0,2,7,5,8,3
2013.0,0.0,0.0,0.0,3,1,3,0,0,0,0,5,1,1,0,1,9,1,1,8,0,6,0,1,0,1,1,0,2,2,5,3,3
2013.0,129.888,0.0,0.0,3,6,3,0,0,0,1,9,1,1,0,0,9,1,1,8,0,6,0,1,0,2,2,0,4,7,5,8,8
2013.0,0.0,0.0,0.0,3,4,3,0,0,0,0,2,1,1,0,0,5,1,1,13,0,6,0,0,0,2,1,0,2,4,5,3,9
2013.0,0.0,0.0,0.0,3,10,3,0,0,0,1,3,1,1,0,1,1,1,1,13,0,6,0,0,0,1,1,0,4,9,5,3,2
2013.0,-115.104,0.0,0.0,3,6,3,0,0,0,0,1,1,1,0,1,1,1,1,14,0,6,0,0,0,1,1,0,2,7,5,8,8
2013.0,174.768,0.0,0.0,3,6,3,0,0,0,2,9,1,1,0,1,9,1,1,15,0,6,0,0,0,0,2,0,6,7,5,3,3
2013.0,-60.192,0.0,0.0,3,6,3,0,0,0,1,1,1,1,0,1,1,1,1,16,0,6,0,1,0,1,1,0,4,7,5,8,3
2013.0,-61.776,0.0,0.0,3,6,3,0,0,0,1,5,1,1,0,0,5,1,1,16,0,6,0,1,0,1,1,0,6,8,5,8,8
2013.0,287.76,0.0,0.0,3,6,0,0,0,0,0,1,1,1,0,1,1,1,1,21,0,6,0,0,0,2,2,0,6,0,5,9,3
2013.0,35.904,0.0,0.0,3,6,3,0,0,0,0,9,1,1,0,1,9,1,1,7,1,6,0,1,0,1,1,0,4,7,5,8,3
2013.0,99.792,0.0,0.0,3,6,3,0,0,0,2,5,1,1,2,1,5,1,1,10,1,6,0,0,0,0,2,0,6,4,5,3,9
2013.0,-167.904,0.0,0.0,3,6,3,0,0,0,1,1,1,1,0,0,1,1,1,10,1,6,0,0,0,1,1,0,6,7,5,8,3
2013.0,196.944,1.0,0.0,2,6,3,0,0,0,0,1,1,1,0,1,1,1,1,11,1,6,0,0,0,2,1,0,6,0,5,8,3
2013.0,0.0,0.0,0.0,3,5,3,0,0,0,1,9,1,1,0,1,6,1,1,12,1,6,0,0,0,2,1,0,1,2,5,9,3
2013.0,0.0,0.0,0.0,3,4,3,0,0,0,0,2,1,1,0,0,1,1,1,15,1,6,0,0,0,1,1,0,4,2,5,3,9
2013.0,-723.888,0.0,0.0,3,6,3,0,0,0,1,1,1,1,0,1,1,1,1,15,1,6,0,0,0,0,1,0,6,8,5,8,8
2013.0,57.024,1.0,0.0,2,1,3,0,0,0,1,5,1,1,0,0,5,1,1,16,1,6,0,1,0,1,1,0,2,0,5,8,8
2013.0,0.0,1.0,0.0,3,4,3,0,0,0,0,2,1,1,0,1,1,1,1,17,1,6,0,1,0,1,1,0,2,5,5,3,9
2013.0,-50.16,1.0,0.0,3,5,0,0,0,0,0,2,1,1,0,0,2,1,1,20,1,6,0,0,0,0,1,0,4,5,5,5,1
2013.0,224.928,1.0,0.0,2,1,3,0,0,0,1,1,1,1,2,0,9,1,1,6,2,6,0,0,0,1,1,0,6,2,5,3,9
2013.0,0.0,1.0,0.0,2,4,3,0,0,0,0,2,1,1,0,0,1,1,1,6,2,6,0,0,0,2,1,0,4,2,5,3,9
2013.0,149.952,0.0,0.0,3,6,3,0,0,0,0,1,1,1,0,0,1,1,1,10,2,6,0,0,0,1,1,0,6,7,5,8,3
2013.0,513.744,0.0,0.0,3,4,3,0,0,0,1,9,1,1,0,1,6,1,1,10,2,6,0,0,0,1,1,0,0,2,5,9,9
2013.0,730.224,0.0,0.0,3,6,3,0,0,0,1,9,1,1,0,0,9,1,1,12,2,6,0,0,0,0,0,0,6,8,5,8,3
2013.0,-439.824,0.0,0.0,3,6,3,0,0,0,2,5,1,1,0,1,5,1,1,15,2,6,0,0,0,0,2,0,6,7,5,8,3
2013.0,80.256,0.0,0.0,3,3,3,0,0,0,1,3,1,1,0,0,9,1,1,16,2,6,0,1,0,1,1,0,4,2,5,8,3
2013.0,67.056,0.0,0.0,3,6,3,0,0,0,0,5,1,1,0,0,5,1,1,16,2,6,0,1,0,2,1,0,6,7,5,8,3
2013.0,-85.008,0.0,0.0,3,6,3,0,0,0,2,5,1,1,0,0,5,1,1,18,2,6,0,1,0,0,2,0,6,7,5,8,3
2013.0,-305.184,0.0,0.0,3,10,1,0,0,0,0,1,1,1,1,1,1,1,1,22,2,6,0,0,0,1,1,0,6,0,5,6,3
2013.0,-22.176,1.0,0.0,2,1,3,0,0,2,1,2,1,1,0,0,9,1,1,5,3,6,0,0,0,2,1,0,4,2,5,3,7
2013.0,-88.176,0.0,0.0,3,6,3,0,0,0,0,1,1,1,0,0,1,1,1,11,3,6,0,0,0,1,1,0,4,0,5,8,3
2013.0,-234.96,0.0,0.0,3,4,3,0,0,0,0,9,1,1,0,0,1,1,1,12,3,6,0,0,0,2,1,0,6,5,5,9,9
2013.0,0.0,0.0,0.0,3,4,3,0,0,0,1,9,1,1,0,1,1,1,1,13,3,6,0,0,0,1,0,0,2,2,5,3,9
2013.0,-350.064,0.0,0.0,3,4,3,0,0,0,0,7,1,1,0,0,2,1,1,14,3,6,0,0,0,0,1,0,4,2,5,3,9
2013.0,74.976,1.0,0.0,3,6,3,0,0,0,1,5,1,1,0,1,5,1,1,15,3,6,0,0,0,1,1,0,6,7,5,8,3
2013.0,108.768,1.0,0.0,2,4,3,0,0,0,1,6,1,1,0,1,9,1,1,17,3,6,0,1,0,2,1,0,6,5,5,3,9
2013.0,99.792,0.0,0.0,3,12,0,4,3,0,0,8,1,1,0,1,8,1,1,17,3,6,0,1,0,1,2,0,6,5,5,5,5
2013.0,0.0,2.0,0.0,2,4,3,0,0,0,1,2,1,1,0,0,5,1,1,17,3,6,0,1,0,1,1,0,2,2,5,9,3
2013.0,0.0,0.0,0.0,3,4,3,0,0,0,1,4,1,1,0,1,5,1,1,6,4,6,0,0,0,2,2,0,4,2,5,3,9
2013.0,-58.08,0.0,0.0,3,10,3,0,0,0,1,3,1,1,0,0,2,1,1,10,4,6,0,0,0,1,1,0,4,4,5,8,9
2013.0,550.176,0.0,0.0,3,6,3,0,0,0,1,1,1,1,0,1,1,1,1,11,4,6,0,0,0,1,2,0,6,7,5,8,3
2013.0,-51.216,0.0,0.0,3,12,0,0,0,0,2,8,1,1,1,1,1,1,1,15,4,6,0,0,0,0,1,0,6,7,5,3,5
2013.0,-50.16,0.0,0.0,3,1,3,0,0,0,1,6,1,1,0,1,2,1,1,16,4,6,0,1,0,2,1,0,4,7,5,8,0
2013.0,299.904,0.0,0.0,3,10,3,0,0,0,1,5,1,1,0,0,5,1,1,16,4,6,0,1,0,0,1,0,4,0,5,3,3
2013.0,-451.968,2.0,0.0,1,4,3,0,0,0,0,9,1,1,0,0,2,1,1,18,4,6,0,1,0,1,2,0,0,2,5,3,9
2013.0,-344.784,0.0,0.0,3,10,0,0,0,0,2,1,1,1,1,1,1,1,1,21,4,6,0,0,0,0,1,0,6,9,5,6,3
2013.0,63.888,0.0,0.0,3,10,3,0,0,0,2,9,1,1,2,1,9,1,1,8,5,6,1,1,0,0,1,0,6,9,5,3,3
2013.0,497.904,0.0,0.0,3,6,3,0,0,0,1,5,1,1,0,1,5,1,1,9,5,6,1,1,0,1,1,0,6,0,5,8,9
2013.0,23.232,1.0,0.0,2,4,3,0,0,0,1,5,1,1,0,1,1,1,1,12,5,6,1,0,0,2,1,0,4,4,5,3,9
2013.0,0.0,0.0,0.0,3,4,3,0,0,0,0,1,1,1,0,1,5,1,1,13,5,6,1,0,0,1,1,0,4,2,5,3,9
2013.0,83.952,0.0,0.0,3,6,3,0,0,0,0,9,1,1,0,1,9,1,1,14,5,6,1,0,0,2,2,0,4,7,5,8,3
2013.0,119.856,0.0,0.0,3,12,1,0,0,0,2,8,1,1,1,1,2,1,1,21,5,6,1,0,0,0,2,0,6,5,5,6,1
2013.0,0.0,0.0,0.0,3,10,0,0,0,0,0,5,1,1,0,1,5,1,1,22,5,6,1,0,0,1,1,0,2,9,5,3,3
2013.0,0.0,0.0,0.0,3,4,0,0,0,0,1,9,1,1,0,1,2,1,1,0,6,6,1,0,0,2,1,0,4,2,5,9,3
2013.0,105.072,0.0,0.0,3,5,2,0,0,0,2,2,1,1,1,1,2,1,1,5,6,6,1,0,0,0,1,0,6,0,5,6,3
2013.0,0.0,0.0,0.0,3,4,3,0,0,0,1,1,1,1,0,1,4,1,1,14,6,6,1,0,0,1,1,0,2,2,5,9,3
2013.0,485.232,0.0,0.0,3,4,3,0,0,0,2,2,1,1,0,0,9,1,1,16,6,6,1,1,0,0,1,0,6,4,5,8,9
2013.0,0.0,0.0,0.0,3,10,3,0,0,0,2,5,1,1,0,0,5,1,1,17,6,6,1,1,0,0,1,0,4,4,5,3,9
2013.0,240.24,2.0,0.0,2,6,3,0,0,0,0,5,1,1,0,0,5,1,1,18,6,6,1,1,0,2,2,0,6,0,5,8,3
2013.0,0.0,0.0,0.0,3,4,0,0,0,0,0,1,1,1,0,0,6,1,1,21,6,6,1,0,0,0,1,0,4,5,5,9,3
2013.0,240.768,0.0,0.0,3,1,3,0,0,0,1,1,1,1,0,1,3,1,1,9,0,6,0,1,0,1,1,0,6,2,5,3,9
2013.0,748.176,1.0,0.0,3,1,3,0,0,2,1,1,1,1,0,1,7,1,1,10,0,6,0,0,0,1,1,0,6,5,5,9,3
2013.0,-97.152,0.0,0.0,3,4,3,0,0,0,1,5,1,1,0,0,5,1,1,10,0,6,0,0,0,0,0,0,6,4,5,3,9
2013.0,-46.992,0.0,0.0,3,6,3,0,0,0,1,5,1,1,0,1,5,1,1,11,0,6,0,0,0,1,1,0,6,7,5,8,8
2013.0,-80.784,0.0,0.0,3,6,3,0,0,0,1,2,1,1,0,1,2,1,1,13,0,6,0,0,0,1,1,0,2,7,5,8,3
2013.0,-200.112,0.0,0.0,3,1,3,0,0,0,1,9,1,1,0,0,9,1,1,14,0,6,0,0,0,1,2,0,6,9,5,9,3
2013.0,0.0,0.0,0.0,3,1,3,0,0,0,1,4,1,1,0,0,5,1,1,15,0,6,0,0,0,1,1,0,4,0,5,8,9
2013.0,200.112,0.0,0.0,3,6,3,0,0,0,1,1,1,1,0,0,1,1,1,15,0,6,0,0,0,1,1,0,6,7,5,3,3
2013.0,-95.04,0.0,0.0,3,6,3,0,0,0,0,2,1,1,0,0,2,1,1,16,0,6,0,1,0,1,1,0,6,7,5,8,3
2013.0,136.752,0.0,0.0,3,10,3,0,0,0,1,5,1,1,0,1,5,1,1,16,0,6,0,1,0,2,1,0,6,9,5,3,5
2013.0,74.976,0.0,0.0,3,6,3,0,0,0,1,5,1,1,0,1,5,1,1,16,0,6,0,1,0,2,2,0,6,8,5,8,3
2013.0,-249.744,0.0,0.0,3,6,0,0,0,0,0,5,1,1,0,0,5,1,1,20,0,6,0,0,0,2,1,0,0,7,5,8,3
2013.0,-10.032,1.0,0.0,2,9,0,0,0,0,2,5,1,1,3,0,9,1,1,22,0,6,0,0,0,0,2,0,4,5,5,7,9
2013.0,58.08,0.0,0.0,3,6,3,0,0,0,1,9,1,1,0,1,9,1,1,7,1,6,0,1,0,1,1,0,4,7,5,8,3
2013.0,-58.08,0.0,0.0,3,1,3,0,0,0,1,6,1,1,0,1,5,1,1,10,1,6,0,0,0,2,1,0,4,5,5,3,9
2013.0,550.176,1.0,0.0,3,6,3,0,0,0,0,9,1,1,0,0,9,1,1,12,1,6,0,0,0,2,1,0,6,7,5,8,3
2013.0,0.0,0.0,0.0,3,6,3,0,0,0,2,1,1,1,0,1,1,1,1,13,1,6,0,0,0,0,1,0,0,8,5,8,2
2013.0,0.0,2.0,0.0,2,4,3,0,0,0,0,7,1,1,0,1,1,1,1,13,1,6,0,0,0,1,2,0,4,5,5,3,9
2013.0,-42.24,2.0,0.0,3,6,3,0,0,0,1,5,1,1,0,0,5,1,1,14,1,6,0,0,0,2,1,0,1,0,5,8,3
2013.0,-393.888,0.0,0.0,3,6,3,0,0,0,0,1,1,1,0,1,1,1,1,14,1,6,0,0,0,1,2,0,6,7,5,8,3
2013.0,0.0,0.0,0.0,3,1,3,0,0,0,1,9,1,1,0,0,2,1,1,15,1,6,0,0,0,0,1,0,2,2,5,3,3
2013.0,139.92,0.0,0.0,3,6,3,0,0,0,1,5,1,1,0,0,5,1,1,16,1,6,0,1,0,1,2,0,2,7,5,8,3
2013.0,-363.264,0.0,0.0,3,6,3,0,0,0,0,1,1,1,0,0,1,1,1,17,1,6,0,1,0,2,2,0,6,7,5,8,3