Year,Distance,Totalinjuries,Totalfatalities,Injuryseverity,Collisionmanner,Lightcondition,Weather,SurfaceCondition,Unittype_One,Gender_Drv1,Traveldirection_One,AlcoholUse_Drv1,DrugUse_Drv1,Unittype_Two,Gender_Drv2,Traveldirection_Two,AlcoholUse_Drv2,DrugUse_Drv2,Hour,Weekday,Month,Weekend,Rush_Hour,Hazardous_Road,Age_Group_Drv1,Age_Group_Drv2,Substance_Use,Junction_Category,Violation_Category_Drv1,Violation_Category_Drv2,Unitaction_Category_Two,Unitaction_Category_One
2013.0,0.0,0.0,0.0,3,4,0,0,0,0,0,7,1,1,0,0,1,1,1,20,1,6,0,0,0,2,2,0,4,2,5,3,9
2013.0,60.192,0.0,0.0,3,1,0,0,0,0,1,2,1,1,0,1,5,1,1,21,1,6,0,0,0,1,2,0,6,7,5,3,9
2013.0,24.816,1.0,0.0,2,1,0,0,0,2,1,5,0,1,0,1,1,1,1,22,1,6,0,0,0,1,2,0,4,2,5,3,3
2013.0,-749.76,0.0,0.0,3,10,0,0,0,0,1,2,1,1,0,0,2,0,1,0,2,6,0,0,0,1,1,0,6,2,5,3,6
2013.0,0.0,0.0,0.0,3,4,3,0,0,0,0,1,1,1,0,1,9,1,1,6,2,6,0,0,0,1,1,0,4,2,5,9,9
2013.0,-220.176,0.0,0.0,3,1,3,0,0,0,0,7,1,1,0,0,5,1,1,8,2,6,0,1,0,2,1,0,6,5,5,3,5
2013.0,0.0,0.0,0.0,3,1,3,0,0,0,1,4,1,1,0,0,1,1,1,11,2,6,0,0,0,1,1,0,4,2,5,3,9
2013.0,-350.064,0.0,0.0,3,6,3,0,0,0,2,9,1,1,0,0,9,1,1,11,2,6,0,0,0,0,0,0,6,7,5,8,3
2013.0,276.144,1.0,0.0,3,1,3,0,0,0,1,3,1,1,0,1,1,1,1,14,2,6,0,0,0,2,1,0,6,5,5,3,9
2013.0,312.048,1.0,0.0,3,1,3,0,0,2,1,1,0,1,0,1,7,1,1,15,2,6,0,0,0,0,0,0,6,0,5,9,3
2013.0,74.976,0.0,0.0,3,6,3,0,0,0,1,5,1,1,0,0,5,1,1,17,2,6,0,1,0,0,1,0,6,7,5,8,3
2013.0,604.032,1.0,0.0,2,1,3,0,0,0,0,7,1,1,2,1,5,1,1,17,2,6,0,1,0,1,1,0,6,2,5,3,9
2013.0,0.0,0.0,0.0,3,10,3,0,0,0,0,5,1,1,0,1,5,1,1,18,2,6,0,1,0,2,0,0,3,2,5,9,9
2013.0,78.144,0.0,0.0,3,3,3,0,0,0,1,2,1,1,0,1,5,1,1,8,3,6,0,1,0,1,2,0,4,7,5,8,3
2013.0,200.112,0.0,0.0,3,6,3,0,0,0,1,9,1,1,0,0,9,1,1,14,3,6,0,0,0,1,2,0,6,0,5,8,3
2013.0,-225.984,0.0,0.0,3,10,3,0,0,0,1,1,1,1,0,0,1,1,1,15,3,6,0,0,0,2,1,0,6,0,5,8,2
2013.0,38.016,1.0,0.0,2,6,3,0,0,0,1,9,1,1,0,0,9,1,1,16,3,6,0,1,0,2,0,0,4,0,5,8,3
2013.0,224.928,0.0,0.0,3,10,3,0,0,0,0,5,1,1,0,0,5,1,1,17,3,6,0,1,0,2,1,0,4,9,5,3,2
2013.0,-260.832,0.0,0.0,3,10,3,0,0,0,1,1,1,1,0,1,1,1,1,17,3,6,0,1,0,2,2,0,6,9,5,3,2
2013.0,-234.96,1.0,0.0,2,4,3,0,0,0,1,9,1,1,0,1,2,1,1,17,3,6,0,1,0,1,1,0,4,2,5,3,9
2013.0,-80.256,0.0,0.0,3,6,3,0,0,0,1,1,1,1,0,1,1,1,1,18,3,6,0,1,0,1,1,0,6,8,5,8,8
2013.0,0.0,1.0,0.0,2,5,0,0,0,3,0,5,0,1,0,0,1,1,1,22,3,6,0,0,0,2,1,0,4,5,5,3,5
2013.0,0.0,0.0,0.0,3,4,3,0,0,0,1,1,1,1,0,0,9,1,1,10,4,6,0,0,0,0,1,0,4,2,5,3,9
2013.0,0.0,2.0,0.0,2,4,3,0,0,0,1,5,1,1,0,1,1,1,1,11,4,6,0,0,0,1,2,0,4,2,5,3,9
2013.0,89.76,0.0,0.0,3,6,3,0,0,0,0,5,1,0,0,1,5,1,1,12,4,6,0,0,0,1,1,0,4,0,5,8,3
2013.0,-200.112,1.0,0.0,3,3,3,0,0,2,1,9,1,1,0,1,2,1,1,12,4,6,0,0,0,2,1,0,4,5,5,9,3
2013.0,0.0,0.0,0.0,3,10,3,0,0,0,0,3,1,1,0,1,2,1,1,13,4,6,0,0,0,1,1,0,6,5,5,3,9
2013.0,0.0,1.0,0.0,3,4,3,0,0,0,0,2,1,1,0,0,9,1,1,15,4,6,0,0,0,0,1,0,4,2,5,3,9
2013.0,0.0,1.0,0.0,2,1,3,0,0,0,1,5,1,1,0,1,9,1,1,16,4,6,0,1,0,2,1,0,4,7,5,3,3
2013.0,-400.224,0.0,0.0,3,4,3,0,0,0,0,9,1,1,0,0,1,1,1,16,4,6,0,1,0,2,2,0,6,0,5,3,9
2013.0,-287.232,1.0,0.0,2,6,0,0,0,0,1,5,1,1,0,0,5,1,1,2,5,6,1,0,0,1,1,0,6,8,5,3,3
2013.0,60.192,0.0,0.0,3,6,3,0,0,0,0,9,1,0,0,0,9,1,1,8,5,6,1,1,0,1,1,0,4,7,5,8,8
2013.0,89.76,0.0,0.0,3,6,3,0,0,0,0,9,0,1,0,1,9,1,1,10,5,6,1,0,0,2,0,0,4,7,5,8,3
2013.0,0.0,0.0,0.0,3,6,3,0,0,0,0,2,1,1,0,1,2,1,1,11,5,6,1,0,0,1,1,0,2,8,5,3,3
2013.0,224.928,1.0,0.0,3,6,3,0,0,0,1,5,1,1,0,1,5,1,1,15,5,6,1,0,0,2,1,0,6,0,5,8,3
2013.0,579.216,1.0,0.0,2,1,0,0,0,0,1,2,1,1,0,1,1,1,1,0,6,6,1,0,0,1,1,0,6,2,5,3,9
2013.0,0.0,0.0,0.0,3,12,0,0,0,0,1,2,0,1,0,1,9,0,1,2,6,6,1,0,0,1,1,0,4,5,5,3,3
2013.0,-50.16,0.0,0.0,3,6,3,0,0,0,1,1,1,1,0,0,1,1,1,11,6,6,1,0,0,1,0,0,4,0,5,8,3
2013.0,0.0,0.0,0.0,3,10,3,0,0,0,1,5,1,1,0,1,5,1,1,6,0,6,0,0,0,1,0,0,6,5,5,8,3
2013.0,0.0,0.0,0.0,3,4,3,0,0,0,0,1,1,1,0,0,2,1,1,7,0,6,0,1,0,2,1,0,4,2,5,9,3
2013.0,-61.776,0.0,0.0,3,6,3,0,0,0,0,1,1,1,0,0,1,1,1,7,0,6,0,1,0,2,2,0,4,0,5,3,3
2013.0,825.792,0.0,0.0,3,1,3,0,0,0,0,6,1,1,0,1,9,1,1,7,0,6,0,1,0,2,2,0,6,2,5,3,9
2013.0,295.152,2.0,0.0,2,6,3,0,0,0,0,9,1,1,0,1,9,1,1,8,0,6,0,1,0,0,1,0,6,0,5,8,3
2013.0,0.0,2.0,0.0,2,4,3,0,0,0,0,4,1,1,0,1,5,1,1,16,0,6,0,1,0,1,1,0,4,5,5,3,9
2013.0,-31.152,0.0,0.0,3,10,3,0,0,0,1,9,1,1,0,0,9,1,1,17,0,6,0,1,0,1,1,0,4,9,5,3,2
2013.0,0.0,0.0,0.0,3,4,3,0,0,0,0,7,1,1,0,0,1,1,1,17,0,6,0,1,0,2,1,0,4,2,5,3,9
2013.0,109.824,0.0,0.0,3,6,3,0,0,0,0,5,1,1,0,0,5,1,1,17,0,6,0,1,0,1,2,0,6,0,5,8,3
2013.0,-70.224,0.0,0.0,3,6,3,0,0,0,0,1,1,1,0,0,1,1,1,18,0,6,0,1,0,2,1,0,4,8,5,8,8
2013.0,-70.224,0.0,0.0,3,6,3,0,0,0,1,1,1,1,0,1,1,1,1,18,0,6,0,1,0,2,1,0,6,8,5,8,8
2013.0,0.0,2.0,0.0,3,4,3,0,0,0,0,3,1,1,0,0,9,1,1,11,1,6,0,0,0,1,2,0,4,5,5,3,9
2013.0,-53.856,0.0,0.0,3,6,3,0,0,0,0,1,1,1,0,1,1,1,1,13,1,6,0,0,0,1,1,0,4,7,5,8,3
2013.0,-70.224,0.0,0.0,3,6,3,0,0,0,2,2,1,1,0,1,2,1,1,13,1,6,0,0,0,0,1,0,4,0,5,8,3
2013.0,-249.744,0.0,0.0,3,8,3,0,0,0,1,6,1,1,0,0,2,1,1,15,1,6,0,0,0,2,1,0,6,5,5,3,1
2013.0,-340.032,0.0,0.0,3,6,3,0,0,0,0,5,1,1,0,0,7,1,1,15,1,6,0,0,0,2,1,0,6,7,5,8,3
2013.0,70.224,0.0,0.0,3,12,0,4,3,0,1,8,1,1,0,1,8,1,1,16,1,6,0,1,0,1,1,0,6,5,5,5,5
2013.0,0.0,0.0,0.0,3,1,3,0,0,0,0,5,1,1,0,1,5,1,1,17,1,6,0,1,0,0,1,0,6,7,5,3,9
2013.0,0.0,1.0,0.0,2,4,3,0,0,0,1,4,1,1,0,1,5,1,1,18,1,6,0,1,0,1,1,0,4,5,5,3,9
2013.0,0.0,1.0,0.0,2,12,3,4,0,0,2,8,1,1,2,1,5,1,1,18,1,6,0,1,0,0,2,0,6,0,5,3,5
2013.0,-255.024,2.0,0.0,2,1,3,0,0,0,2,3,1,1,0,1,5,1,1,18,1,6,0,1,0,0,1,0,6,2,5,3,9
2013.0,249.744,0.0,0.0,3,1,0,0,0,0,2,4,1,1,0,1,1,1,1,20,1,6,0,0,0,0,1,0,6,2,5,3,9
2013.0,500.016,0.0,0.0,3,10,0,0,0,0,0,9,1,1,0,0,9,1,1,22,1,6,0,0,0,1,2,0,6,9,5,3,2
2013.0,0.0,0.0,0.0,3,4,3,0,0,0,1,5,1,1,0,1,4,1,1,7,2,6,0,1,0,1,0,0,4,2,5,9,3
2013.0,-233.904,0.0,0.0,3,6,3,0,0,0,0,9,1,1,0,1,9,1,1,9,2,6,0,1,0,1,1,0,0,0,5,8,3
2013.0,-95.04,0.0,0.0,3,6,3,0,0,0,0,2,1,1,0,1,2,1,1,10,2,6,0,0,0,2,1,0,6,7,5,8,3
2013.0,149.952,2.0,0.0,3,6,3,0,0,0,1,2,1,1,0,0,2,1,1,14,2,6,0,0,0,1,1,0,6,8,5,9,3
2013.0,0.0,0.0,0.0,3,10,3,0,0,0,0,9,1,1,0,1,9,1,1,14,2,6,0,0,0,1,1,0,4,9,5,3,3
2013.0,-14.784,1.0,0.0,3,6,3,0,0,0,1,1,1,1,0,0,1,1,1,14,2,6,0,0,0,1,1,0,4,8,5,3,3
2013.0,0.0,1.0,0.0,2,4,3,0,0,0,0,2,1,1,0,1,5,1,1,15,2,6,0,0,0,1,1,0,4,2,5,3,9
2013.0,96.096,0.0,0.0,3,6,3,0,0,0,1,5,1,1,0,1,5,1,1,16,2,6,0,1,0,2,1,0,6,7,5,8,3
2013.0,0.0,0.0,0.0,3,4,3,0,0,0,0,4,1,1,0,0,5,1,1,16,2,6,0,1,0,2,2,0,4,5,5,3,9
2013.0,-287.232,0.0,0.0,3,8,3,0,0,0,1,2,0,1,1,1,9,1,1,17,2,6,0,1,0,1,2,0,6,0,5,6,1
2013.0,0.0,0.0,0.0,3,1,3,0,0,0,0,9,1,1,0,0,5,1,1,18,2,6,0,1,0,2,1,0,4,2,5,3,3
2013.0,-119.856,0.0,0.0,3,6,0,0,0,0,2,2,1,1,0,1,2,1,1,19,2,6,0,1,0,0,1,0,6,9,5,3,2
2013.0,-812.064,1.0,0.0,3,1,3,0,0,0,1,3,1,1,0,1,2,1,1,7,3,6,0,1,0,1,1,0,3,9,5,3,2
2013.0,540.144,0.0,0.0,3,6,3,0,0,0,1,9,1,1,0,1,9,1,1,9,3,6,0,1,0,2,1,0,6,0,5,3,3
2013.0,0.0,0.0,0.0,3,6,3,0,0,0,0,2,1,1,0,0,2,1,1,11,3,6,0,0,0,1,0,0,4,7,5,8,3
2013.0,-306.768,2.0,0.0,2,5,3,0,0,0,0,5,1,1,0,1,5,1,1,12,3,6,0,0,0,2,1,0,6,7,5,3,3
2013.0,-220.176,2.0,0.0,3,6,3,0,0,0,1,1,1,1,0,1,1,1,1,13,3,6,0,0,0,1,1,0,6,7,5,8,3
2013.0,236.016,0.0,0.0,3,6,3,0,0,0,0,1,1,1,0,0,1,1,1,16,3,6,0,1,0,1,1,0,6,7,5,8,3
2013.0,-50.16,0.0,0.0,3,6,3,0,0,0,0,2,1,1,0,1,2,1,1,17,3,6,0,1,0,1,1,0,6,5,5,8,3
2013.0,80.256,0.0,0.0,3,6,3,0,0,0,0,5,1,1,0,0,5,1,1,17,3,6,0,1,0,1,1,0,4,7,5,8,3
2013.0,818.928,0.0,0.0,3,4,3,0,0,0,1,5,1,1,0,1,1,1,1,17,3,6,0,1,0,1,1,0,6,2,5,3,9
2013.0,-234.96,0.0,0.0,3,10,3,0,0,0,0,1,1,1,0,1,1,1,1,18,3,6,0,1,0,2,1,0,6,9,5,3,2
2013.0,139.92,0.0,0.0,3,10,0,0,0,0,1,5,1,1,0,1,5,1,1,21,3,6,0,0,0,2,2,0,6,0,5,3,2
2013.0,149.952,0.0,0.0,3,1,0,0,0,0,1,5,1,1,0,1,5,1,1,21,3,6,0,0,0,2,1,0,6,4,5,3,9
2013.0,-48.048,0.0,0.0,3,6,0,0,0,0,0,9,1,1,0,1,9,1,1,0,4,6,0,0,0,2,1,0,6,5,5,8,3
2013.0,400.224,1.0,0.0,3,1,3,0,0,0,1,2,1,1,2,0,9,1,1,11,4,6,0,0,0,1,2,0,4,2,9,3,5
2013.0,528.0,0.0,0.0,3,6,3,0,0,0,1,1,1,1,0,1,1,1,1,13,4,6,0,0,0,1,1,0,6,7,5,8,3
2013.0,0.0,0.0,0.0,3,12,3,0,0,0,1,5,1,1,0,1,9,1,1,14,4,6,0,0,0,2,0,0,4,5,5,3,3
2013.0,0.0,0.0,0.0,3,4,3,0,0,0,0,7,1,1,0,0,1,1,1,15,4,6,0,0,0,1,1,0,4,2,5,3,9
2013.0,119.856,2.0,0.0,3,4,3,0,0,0,1,3,1,1,0,1,9,1,1,16,4,6,0,1,0,2,1,0,0,2,5,3,9
2013.0,72.864,1.0,0.0,2,1,3,0,0,0,0,2,1,1,0,1,9,1,1,17,4,6,0,1,0,2,1,0,4,4,5,8,9
2013.0,500.016,1.0,0.0,3,6,3,0,0,0,0,1,1,1,0,0,1,1,1,18,4,6,0,1,0,1,1,0,6,7,5,8,3
2013.0,149.952,0.0,0.0,3,4,4,0,0,0,0,3,0,1,0,1,7,1,1,19,4,6,0,1,0,1,1,0,6,0,5,9,9
2013.0,0.0,0.0,0.0,3,1,0,0,0,0,1,5,1,1,0,1,9,1,1,1,5,6,1,0,0,1,2,0,4,2,5,9,3
2013.0,-64.944,0.0,0.0,3,6,0,0,0,0,0,5,1,1,0,0,5,1,1,2,5,6,1,0,0,1,2,0,4,7,5,8,3
2013.0,-24.816,0.0,0.0,3,6,3,0,0,0,0,1,1,1,0,1,1,1,1,11,5,6,1,0,0,1,1,0,4,7,5,8,3
2013.0,0.0,0.0,0.0,3,1,3,0,0,0,1,6,1,1,0,1,5,1,1,14,5,6,1,0,0,1,1,0,4,4,5,3,9
2013.0,92.928,1.0,0.0,3,6,3,0,0,0,0,5,1,1,0,0,5,1,1,14,5,6,1,0,0,0,1,0,2,7,5,8,3
2013.0,0.0,0.0,0.0,3,1,3,0,0,0,0,5,1,1,0,0,9,1,1,19,5,6,1,1,0,1,1,0,4,2,5,9,3
2013.0,-180.048,1.0,0.0,2,1,0,0,0,3,1,1,0,1,0,1,2,1,1,20,5,6,1,0,0,1,1,0,6,6,5,3,7
2013.0,-77.088,0.0,0.0,3,6,0,0,0,0,0,2,0,1,0,1,2,1,1,1,6,6,1,0,0,2,1,0,6,8,5,8,3
2013.0,649.968,0.0,0.0,3,9,3,0,0,0,2,8,1,1,0,0,8,1,1,14,6,6,1,0,0,0,0,0,4,0,5,3,9
2013.0,0.0,1.0,0.0,2,1,3,0,0,0,1,1,1,1,0,1,2,1,1,14,6,6,1,0,0,1,1,0,4,2,5,9,3
2013.0,149.952,0.0,0.0,3,10,3,0,0,0,0,2,1,1,0,0,2,1,1,15,6,6,1,0,0,1,0,0,6,9,5,3,2
2013.0,0.0,1.0,0.0,3,4,0,0,0,0,0,1,1,1,0,1,7,1,1,21,6,6,1,0,0,1,1,0,4,2,5,9,3
2013.0,108.24,2.0,0.0,3,6,0,2,0,0,1,9,1,1,0,0,9,1,1,21,6,6,1,0,0,2,2,0,2,1,5,3,3
2013.0,-201.168,0.0,0.0,3,10,2,0,0,0,1,1,1,1,1,1,8,1,1,5,0,7,0,0,0,2,2,0,4,7,5,6,3
2013.0,-10.032,0.0,0.0,3,6,3,0,0,0,0,2,1,1,0,0,2,1,1,8,0,7,0,1,0,1,1,0,2,0,5,8,3
2013.0,44.88,0.0,0.0,3,5,3,0,0,0,2,2,1,1,0,1,9,1,1,8,0,7,0,1,0,0,1,0,6,2,5,8,1
2013.0,-44.88,1.0,0.0,3,1,3,0,0,2,1,1,1,1,0,1,5,1,1,10,0,7,0,0,0,2,1,0,6,5,5,9,3
2013.0,-20.064,1.0,0.0,2,10,3,0,0,0,1,2,1,1,0,0,2,1,1,12,0,7,0,0,0,0,1,0,4,5,5,3,2
2013.0,0.0,0.0,0.0,3,4,3,0,0,0,0,5,1,1,0,0,4,1,1,12,0,7,0,0,0,1,1,0,4,2,5,9,3
2013.0,0.0,0.0,0.0,3,4,3,0,0,0,1,7,1,1,0,0,1,1,1,14,0,7,0,0,0,2,1,0,4,5,5,3,9
2013.0,0.0,0.0,0.0,3,1,3,0,0,0,1,9,1,1,0,1,2,1,1,15,0,7,0,0,0,1,1,0,4,2,5,3,9
2013.0,-180.048,0.0,0.0,3,10,3,0,0,0,1,9,1,1,0,1,9,1,1,16,0,7,0,1,0,1,1,0,6,5,5,3,2
2013.0,0.0,1.0,0.0,3,1,3,0,0,0,0,9,1,1,0,1,2,1,1,16,0,7,0,1,0,1,1,0,4,5,5,3,3
2013.0,-70.224,0.0,0.0,3,6,3,0,0,0,2,1,1,1,0,0,1,1,1,17,0,7,0,1,0,0,1,0,6,7,5,8,3
2013.0,0.0,0.0,0.0,3,6,3,0,0,0,1,1,1,1,0,0,1,1,1,17,0,7,0,1,0,2,1,0,2,0,5,8,3
2013.0,-14.784,0.0,0.0,3,6,3,0,0,0,0,2,1,1,0,1,2,1,1,17,0,7,0,1,0,1,0,0,4,0,5,3,3
2013.0,0.0,0.0,0.0,3,4,3,0,0,0,1,5,1,1,0,0,2,1,1,17,0,7,0,1,0,1,1,0,4,4,5,3,9
2013.0,-167.904,0.0,0.0,3,10,0,0,0,0,1,1,1,1,0,1,1,1,1,20,0,7,0,0,0,1,2,0,6,9,5,3,3
2013.0,330.0,0.0,0.0,3,8,0,0,0,0,0,3,1,1,1,1,8,1,1,21,0,7,0,0,0,1,0,0,6,0,5,6,1
2013.0,0.0,0.0,0.0,3,1,0,0,0,0,2,4,1,1,2,1,4,1,1,21,0,7,0,0,0,0,2,0,2,5,5,9,9
2013.0,-23.232,0.0,0.0,3,1,3,0,0,2,1,2,1,1,0,1,1,1,1,10,1,7,0,0,0,0,0,0,4,9,5,9,3
2013.0,-86.064,1.0,0.0,2,6,3,0,0,0,0,1,1,1,0,0,1,1,1,15,1,7,0,0,0,1,1,0,4,7,5,8,3
2013.0,-299.904,0.0,0.0,3,6,3,0,0,0,2,1,1,1,0,0,1,1,1,16,1,7,0,1,0,0,1,0,6,0,5,8,3
2013.0,0.0,1.0,0.0,3,4,0,0,0,0,0,1,1,1,0,0,5,1,1,18,1,7,0,1,0,1,2,0,2,2,5,9,3
2013.0,0.0,4.0,0.0,3,1,4,0,0,0,0,2,1,1,0,0,9,1,1,19,1,7,0,1,0,1,1,0,4,2,5,3,3
2013.0,0.0,5.0,0.0,1,1,3,4,0,0,0,1,1,1,0,1,5,1,1,5,2,7,0,0,0,1,1,0,4,2,5,3,3
2013.0,-599.808,2.0,0.0,3,6,3,0,0,0,0,1,1,1,0,0,1,1,1,12,2,7,0,0,0,1,1,0,6,7,5,8,3
2013.0,0.0,0.0,0.0,3,4,3,0,0,0,0,3,1,1,0,1,2,1,1,14,2,7,0,0,0,2,1,0,4,5,5,3,9
2013.0,-14.784,0.0,0.0,3,4,3,0,0,0,0,1,1,1,0,0,9,1,1,15,2,7,0,0,0,1,1,0,4,9,9,9,9
2013.0,200.112,0.0,0.0,3,6,3,0,0,0,1,5,1,1,0,1,5,1,1,16,2,7,0,1,0,2,0,0,6,7,5,8,3
2013.0,200.112,0.0,0.0,3,6,0,0,0,0,1,5,1,1,0,1,5,1,1,20,2,7,0,0,0,1,2,0,6,7,5,8,3
2013.0,-530.112,0.0,0.0,3,1,0,0,0,0,1,5,1,1,0,1,9,1,1,1,3,7,0,0,0,1,1,0,0,2,5,3,3
2013.0,303.072,0.0,0.0,3,1,3,0,0,0,0,2,1,1,0,0,2,1,1,12,3,7,0,0,0,1,1,0,1,9,5,3,2
2013.0,0.0,0.0,0.0,3,6,3,0,0,0,0,2,1,1,0,0,2,1,1,13,3,7,0,0,0,0,2,0,4,2,5,3,3
2013.0,0.0,1.0,0.0,2,6,3,0,0,0,1,9,1,1,0,1,9,1,1,16,3,7,0,1,0,1,2,0,4,7,5,3,3
2013.0,0.0,0.0,0.0,3,4,3,0,0,0,0,7,1,1,0,1,1,1,1,18,3,7,0,1,0,1,1,0,4,2,5,3,9
2013.0,-60.192,0.0,0.0,3,6,0,0,0,0,1,9,1,1,0,1,9,1,1,19,3,7,0,1,0,2,2,0,6,7,5,8,3
2013.0,0.0,0.0,0.0,3,6,0,0,3,0,1,2,1,1,0,0,2,1,1,22,3,7,0,0,0,0,1,0,6,8,5,3,3
2013.0,50.16,0.0,0.0,3,6,0,0,0,0,0,2,1,1,0,0,2,1,1,22,3,7,0,0,0,1,1,0,6,7,5,3,3
2013.0,-81.84,2.0,0.0,2,6,3,1,0,0,0,1,1,1,0,1,1,1,1,12,4,7,0,0,0,2,1,0,2,7,5,8,3
2013.0,249.744,0.0,0.0,3,6,3,0,0,0,2,1,1,1,0,1,6,1,1,13,4,7,0,0,0,0,1,0,0,7,5,9,3
2013.0,-99.792,1.0,0.0,3,6,3,0,0,0,1,2,1,1,0,1,2,1,1,14,4,7,0,0,0,2,0,0,4,7,5,8,3
2013.0,58.08,0.0,0.0,3,6,3,0,0,0,2,9,1,1,0,0,9,1,1,14,4,7,0,0,0,0,1,0,4,7,5,8,3
2013.0,-269.808,1.0,0.0,3,6,0,0,0,0,0,2,1,1,0,0,2,1,1,21,4,7,0,0,0,2,1,0,4,7,5,8,3
2013.0,232.848,1.0,0.0,2,1,0,0,0,3,1,5,1,1,0,1,9,1,1,21,4,7,0,0,0,2,2,0,6,6,5,8,7
2013.0,-277.2,1.0,0.0,3,1,3,0,0,0,0,4,1,1,0,1,9,1,1,7,5,7,1,1,0,1,1,0,6,5,5,3,9
2013.0,0.0,0.0,0.0,3,1,3,0,0,0,1,2,1,1,0,1,1,1,1,10,5,7,1,0,0,2,1,0,0,2,5,3,9
2013.0,-625.152,0.0,0.0,3,6,3,0,0,0,2,9,1,1,0,0,9,1,1,12,5,7,1,0,0,0,2,0,6,9,5,3,2
2013.0,-799.92,1.0,0.0,2,1,3,0,0,2,1,9,1,1,0,1,2,1,1,15,5,7,1,0,0,0,1,0,0,9,0,9,3
2013.0,-54.912,1.0,0.0,3,6,3,0,0,0,0,1,1,1,0,0,1,1,1,9,6,7,1,1,0,1,0,0,4,0,5,8,3
2013.0,-21.12,0.0,0.0,3,10,3,0,0,0,0,5,1,1,0,1,5,1,1,9,6,7,1,1,0,1,1,0,2,0,5,8,3
2013.0,63.888,0.0,0.0,3,6,3,0,0,0,0,2,1,1,1,1,2,1,1,18,6,7,1,1,0,2,1,0,4,7,5,6,3
2013.0,0.0,1.0,0.0,2,4,4,0,0,0,1,5,1,1,0,1,9,1,1,18,6,7,1,1,0,1,1,0,4,2,5,9,3
2013.0,0.0,0.0,0.0,3,3,3,0,0,0,0,5,1,1,0,1,2,1,1,19,6,7,1,1,0,1,2,0,3,2,5,3,9
2013.0,0.0,1.0,0.0,3,4,3,0,0,0,0,3,1,1,0,0,9,1,1,8,0,7,0,1,0,1,0,0,2,2,5,3,9
2013.0,0.0,1.0,0.0,2,1,3,0,0,0,0,5,1,1,0,1,3,1,1,10,0,7,0,0,0,1,1,0,2,2,5,9,3
2013.0,0.0,1.0,0.0,2,4,3,0,0,0,1,4,1,1,0,0,1,1,1,13,0,7,0,0,0,2,2,0,4,5,5,3,9
2013.0,0.0,0.0,0.0,3,4,3,0,0,0,0,9,1,1,0,0,2,1,1,15,0,7,0,0,0,1,2,0,4,5,5,9,3
2013.0,174.768,0.0,0.0,3,10,3,0,0,0,1,5,1,1,0,1,5,1,1,16,0,7,0,1,0,0,1,0,6,5,5,5,5
2013.0,134.112,0.0,0.0,3,10,3,0,0,0,0,5,1,1,0,1,5,0,1,16,0,7,0,1,0,2,0,0,6,5,5,3,5
2013.0,-23.232,0.0,0.0,3,10,0,0,0,0,1,2,0,1,0,1,2,1,1,20,0,7,0,0,0,1,1,0,2,0,5,8,2
2013.0,-10.032,1.0,0.0,2,3,0,0,0,0,0,1,1,1,3,1,5,1,1,22,0,7,0,0,0,1,2,0,4,0,5,7,3
2013.0,-214.896,0.0,0.0,3,1,3,1,0,0,0,4,1,1,0,1,2,1,1,7,1,7,0,1,0,2,1,0,4,2,5,3,9
2013.0,-83.952,0.0,0.0,3,6,3,0,0,0,1,2,1,1,0,1,2,1,1,8,1,7,0,1,0,1,1,0,4,0,5,8,3
2013.0,0.0,0.0,0.0,3,4,3,0,0,0,0,4,1,1,0,0,5,1,1,8,1,7,0,1,0,0,1,0,4,5,5,3,9
2013.0,-74.976,0.0,0.0,3,6,3,0,0,0,1,2,1,1,0,0,2,1,1,8,1,7,0,1,0,2,1,0,2,7,5,8,3
2013.0,-78.144,0.0,0.0,3,6,3,0,0,0,0,2,1,1,0,1,2,1,1,9,1,7,0,1,0,2,1,0,4,7,5,8,3
2013.0,68.112,0.0,0.0,3,6,3,0,0,0,0,9,1,1,0,1,9,1,1,10,1,7,0,0,0,2,1,0,4,7,5,8,3
2013.0,204.864,0.0,0.0,3,6,3,0,0,0,0,5,1,1,0,0,5,1,1,11,1,7,0,0,0,1,1,0,4,8,5,8,3
2013.0,-86.064,1.0,0.0,3,6,3,0,0,0,1,1,1,1,0,1,1,1,1,14,1,7,0,0,0,1,0,0,4,7,5,8,3
2013.0,0.0,0.0,0.0,3,4,3,0,0,0,0,5,1,1,0,0,3,1,1,18,1,7,0,1,0,2,2,0,4,2,5,9,3
2013.0,0.0,0.0,0.0,3,4,4,0,0,0,1,2,1,1,0,1,7,1,1,18,1,7,0,1,0,1,1,0,4,5,5,9,3
2013.0,0.0,1.0,0.0,3,1,3,0,0,0,0,1,1,1,0,0,2,1,1,7,2,7,0,1,0,1,1,0,4,2,5,3,3
2013.0,58.08,0.0,0.0,3,6,3,0,0,0,0,5,1,1,0,1,5,1,1,7,2,7,0,1,0,2,0,0,2,5,5,3,3
2013.0,-61.776,0.0,0.0,3,8,3,0,0,0,1,6,1,1,0,1,1,1,1,9,2,7,0,1,0,1,1,0,4,4,5,8,9
2013.0,0.0,0.0,0.0,3,1,3,0,0,0,1,2,1,1,0,0,1,1,1,10,2,7,0,0,0,0,1,0,4,2,5,3,3
2013.0,-30.096,0.0,0.0,3,1,3,0,0,0,2,5,1,1,2,1,1,1,1,16,2,7,0,1,0,0,2,0,6,5,5,3,9