Year,Distance,Totalinjuries,Totalfatalities,Injuryseverity,Collisionmanner,Lightcondition,Weather,SurfaceCondition,Unittype_One,Gender_Drv1,Traveldirection_One,AlcoholUse_Drv1,DrugUse_Drv1,Unittype_Two,Gender_Drv2,Traveldirection_Two,AlcoholUse_Drv2,DrugUse_Drv2,Hour,Weekday,Month,Weekend,Rush_Hour,Hazardous_Road,Age_Group_Drv1,Age_Group_Drv2,Substance_Use,Junction_Category,Violation_Category_Drv1,Violation_Category_Drv2,Unitaction_Category_Two,Unitaction_Category_One
2013.0,99.792,0.0,0.0,3,6,3,0,0,0,1,5,1,1,0,1,5,1,1,18,2,7,0,1,0,1,1,0,4,7,5,8,3
2013.0,0.0,0.0,0.0,3,4,0,0,0,0,0,2,1,1,0,1,9,1,1,23,2,7,0,0,0,2,1,0,4,2,5,3,9
2013.0,0.0,1.0,0.0,3,1,3,0,0,0,0,9,1,1,0,0,5,1,1,7,3,7,0,1,0,1,1,0,4,2,5,3,3
2013.0,139.92,0.0,0.0,3,10,3,0,0,0,1,1,1,1,0,1,1,1,1,9,3,7,0,1,0,1,1,0,6,9,5,3,2
2013.0,0.0,2.0,0.0,3,1,3,0,0,0,1,9,1,1,0,0,5,1,1,9,3,7,0,1,0,1,2,0,4,2,5,3,3
2013.0,0.0,1.0,0.0,1,1,3,1,0,0,1,9,1,1,2,1,2,1,1,10,3,7,0,0,0,1,1,0,2,2,5,3,9
2013.0,0.0,3.0,0.0,3,1,3,0,0,0,1,7,1,1,0,1,1,1,1,15,3,7,0,0,0,1,1,0,4,2,2,3,9
2013.0,135.168,0.0,0.0,3,6,3,0,0,0,1,5,1,1,0,0,5,1,1,16,3,7,0,1,0,1,0,0,6,0,5,8,3
2013.0,-78.144,1.0,0.0,3,6,3,0,0,0,0,1,1,1,0,1,1,1,1,17,3,7,0,1,0,1,1,0,4,0,5,8,8
2013.0,-89.76,5.0,0.0,3,6,3,1,0,0,1,2,1,1,0,1,2,1,1,17,3,7,0,1,0,1,1,0,4,7,5,8,3
2013.0,-147.84,1.0,0.0,2,6,3,1,0,0,2,1,1,1,0,0,1,1,1,7,4,7,0,1,0,0,1,0,4,0,5,8,3
2013.0,0.0,0.0,0.0,3,4,3,0,0,0,0,7,1,1,0,0,5,1,1,12,4,7,0,0,0,1,1,0,4,5,5,3,9
2013.0,99.792,0.0,0.0,3,6,3,1,0,0,0,9,1,1,0,0,9,1,1,12,4,7,0,0,0,2,1,0,2,7,5,8,3
2013.0,89.76,0.0,0.0,3,10,3,0,0,0,1,5,1,1,0,1,5,1,1,14,4,7,0,0,0,1,1,0,6,9,5,3,2
2013.0,-649.968,1.0,0.0,3,4,3,0,0,0,1,7,1,1,0,0,1,1,1,16,4,7,0,1,0,1,1,0,6,2,5,3,9
2013.0,0.0,0.0,0.0,3,10,0,0,0,0,2,1,1,1,0,0,1,1,1,20,4,7,0,0,0,0,1,0,4,0,5,3,9
2013.0,-167.904,0.0,0.0,3,6,0,0,0,0,1,2,1,1,0,1,2,1,1,23,4,7,0,0,0,1,1,0,6,8,5,8,3
2013.0,0.0,1.0,0.0,2,1,3,0,0,2,1,2,1,1,0,0,9,1,1,13,5,7,1,0,0,2,1,0,2,2,5,3,3
2013.0,-380.16,1.0,0.0,2,6,0,0,0,0,0,5,1,1,0,0,5,1,1,19,5,7,1,1,0,2,1,0,6,0,5,8,3
2013.0,-175.824,0.0,0.0,3,6,0,0,0,0,2,5,1,1,0,0,5,1,1,21,5,7,1,0,0,0,2,0,6,7,5,8,5
2013.0,70.224,0.0,0.0,3,10,0,0,0,0,1,1,1,1,0,0,1,1,1,22,5,7,1,0,0,1,2,0,2,7,5,3,3
2013.0,139.92,0.0,0.0,3,3,0,0,0,0,1,1,1,1,1,1,9,1,1,4,6,7,1,0,0,2,2,0,6,9,5,6,3
2013.0,-6.864,0.0,0.0,3,6,3,1,0,0,0,2,1,1,0,1,2,1,1,11,6,7,1,0,0,1,1,0,4,7,5,8,3
2013.0,0.0,2.0,0.0,1,1,3,3,4,0,0,9,1,1,0,1,5,1,1,11,6,7,1,0,1,1,1,0,4,2,5,3,3
2013.0,-33.792,0.0,0.0,3,6,3,3,4,0,1,1,1,1,0,1,1,1,1,12,6,7,1,0,1,2,1,0,6,7,5,8,5
2013.0,0.0,1.0,0.0,3,4,3,1,0,0,1,1,1,1,0,0,7,1,1,13,6,7,1,0,0,0,1,0,4,2,5,9,3
2013.0,0.0,0.0,0.0,3,6,3,0,0,0,0,1,1,1,0,0,1,1,1,15,6,7,1,0,0,2,2,0,4,7,5,8,8
2013.0,-20.064,0.0,0.0,3,6,0,0,0,0,2,2,1,1,0,1,2,1,1,20,6,7,1,0,0,0,2,0,4,2,5,3,3
2013.0,340.032,2.0,0.0,1,3,3,0,0,0,1,5,1,1,0,1,2,1,1,7,0,7,0,1,0,1,2,0,6,2,5,3,9
2013.0,-23.76,1.0,0.0,2,6,3,0,0,0,0,9,1,1,0,0,9,1,1,9,0,7,0,1,0,2,1,0,0,8,5,8,3
2013.0,-149.952,0.0,0.0,3,10,3,0,0,0,1,9,1,1,0,1,9,1,1,11,0,7,0,0,0,2,1,0,6,5,5,5,5
2013.0,-155.232,0.0,0.0,3,6,3,0,0,0,1,9,1,1,0,0,9,1,1,11,0,7,0,0,0,1,1,0,4,0,5,3,8
2013.0,-421.872,0.0,0.0,3,1,3,0,0,0,1,2,1,1,0,0,3,1,1,12,0,7,0,0,0,1,1,0,4,5,5,2,3
2013.0,0.0,1.0,0.0,3,1,3,0,0,2,1,5,1,1,0,1,1,1,1,15,0,7,0,0,0,2,0,0,2,2,5,3,3
2013.0,70.224,0.0,0.0,3,10,3,0,0,0,2,1,1,1,1,1,1,1,1,15,0,7,0,0,0,0,1,0,6,5,5,8,5
2013.0,32.208,0.0,0.0,3,10,3,0,0,0,1,5,1,1,0,1,5,1,1,15,0,7,0,0,0,0,1,0,4,0,5,8,2
2013.0,-80.256,0.0,0.0,3,7,3,0,0,0,0,5,1,1,0,0,2,1,1,15,0,7,0,0,0,2,2,0,6,0,0,1,1
2013.0,42.24,0.0,0.0,3,6,3,0,0,0,0,1,1,1,0,0,1,1,1,16,0,7,0,1,0,0,1,0,6,7,5,8,3
2013.0,-210.144,0.0,0.0,3,10,3,1,0,0,1,1,1,1,0,0,1,1,1,16,0,7,0,1,0,1,1,0,6,9,5,3,3
2013.0,449.856,0.0,0.0,3,10,3,3,4,0,0,1,1,1,0,0,1,1,1,17,0,7,0,1,1,1,0,0,6,9,5,3,9
2013.0,99.792,0.0,0.0,3,6,0,1,4,0,0,9,1,1,0,1,9,1,1,18,0,7,0,1,1,1,1,0,2,7,5,8,3
2013.0,0.0,0.0,0.0,3,10,3,0,0,0,1,5,1,1,0,1,5,1,1,6,1,7,0,0,0,1,0,0,4,5,5,9,9
2013.0,-99.792,1.0,0.0,3,6,3,0,0,0,1,2,1,1,0,1,2,1,1,9,1,7,0,1,0,1,2,0,2,7,5,8,3
2013.0,-323.136,0.0,0.0,3,10,3,1,0,0,1,1,1,1,0,1,1,1,1,14,1,7,0,0,0,1,1,0,0,4,5,3,9
2013.0,-459.888,0.0,0.0,3,6,3,0,0,0,1,1,1,1,0,1,1,1,1,16,1,7,0,1,0,1,0,0,6,7,5,8,3
2013.0,0.0,2.0,0.0,3,1,3,0,0,0,1,1,1,1,0,0,5,1,1,16,1,7,0,1,0,2,1,0,4,2,5,3,5
2013.0,-449.856,0.0,0.0,3,10,3,1,4,0,1,5,1,1,0,1,5,1,1,16,1,7,0,1,1,1,1,0,6,9,5,3,2
2013.0,100.848,0.0,0.0,3,6,3,0,0,0,1,9,1,1,0,1,9,1,1,7,2,7,0,1,0,0,1,0,4,7,5,8,3
2013.0,-77.088,1.0,0.0,3,6,3,0,0,0,0,2,1,1,0,0,2,1,1,10,2,7,0,0,0,2,1,0,4,7,5,4,3
2013.0,-586.08,1.0,0.0,3,6,3,0,0,0,0,1,1,1,0,0,1,1,1,11,2,7,0,0,0,2,1,0,6,7,5,8,3
2013.0,-174.768,0.0,0.0,3,10,3,0,0,0,0,1,1,1,0,0,1,1,1,12,2,7,0,0,0,1,2,0,6,5,5,5,5
2013.0,0.0,1.0,0.0,2,4,3,1,0,0,1,2,1,1,0,1,9,1,1,18,2,7,0,1,0,1,1,0,4,5,5,9,3
2013.0,-85.008,1.0,0.0,3,6,0,0,0,0,2,2,1,1,0,1,2,1,1,20,2,7,0,0,0,0,1,0,4,7,5,8,3
2013.0,0.0,2.0,0.0,2,1,0,0,0,0,1,9,1,1,0,1,2,1,1,1,3,7,0,0,0,2,1,0,4,2,5,3,3
2013.0,-70.224,0.0,0.0,3,10,3,0,0,0,1,1,1,1,0,0,1,1,1,6,3,7,0,0,0,0,2,0,3,9,5,3,2
2013.0,-81.84,0.0,0.0,3,6,3,0,0,0,0,2,1,0,0,0,2,1,1,8,3,7,0,1,0,2,2,0,4,7,5,8,3
2013.0,-200.112,1.0,0.0,3,1,3,0,0,0,0,6,1,1,0,0,2,1,1,12,3,7,0,0,0,2,1,0,0,7,5,5,9
2013.0,0.0,0.0,0.0,3,1,3,0,0,0,1,5,1,1,0,1,9,1,1,13,3,7,0,0,0,1,2,0,2,2,5,9,3
2013.0,10.032,1.0,0.0,2,1,3,0,0,0,1,5,1,1,2,1,1,1,1,14,3,7,0,0,0,2,2,0,4,5,5,3,9
2013.0,240.24,0.0,0.0,3,6,3,0,0,0,1,1,1,1,0,0,1,1,1,16,3,7,0,1,0,1,1,0,6,7,5,8,3
2013.0,0.0,0.0,0.0,3,1,3,0,0,0,0,1,1,1,0,1,5,1,1,17,3,7,0,1,0,1,0,0,2,2,5,3,3
2013.0,-419.76,1.0,0.0,2,1,3,0,0,3,1,2,1,1,0,0,1,1,1,17,3,7,0,1,0,2,1,0,6,6,5,3,7
2013.0,1000.032,0.0,0.0,3,6,3,0,0,0,0,1,1,1,0,0,1,1,1,17,3,7,0,1,0,1,1,0,6,7,5,8,3
2013.0,-60.192,1.0,0.0,3,6,3,0,0,0,0,5,1,1,0,0,5,1,1,17,3,7,0,1,0,2,1,0,6,7,5,8,3
2013.0,0.0,0.0,0.0,3,10,3,0,0,0,0,1,1,1,0,0,1,1,1,17,3,7,0,1,0,1,1,0,4,9,5,9,9
2013.0,360.096,1.0,0.0,3,6,3,0,0,0,1,5,1,1,0,1,5,1,1,18,3,7,0,1,0,1,2,0,4,7,5,8,3
2013.0,193.776,2.0,0.0,3,4,3,0,0,0,1,1,1,1,0,1,5,1,1,18,3,7,0,1,0,1,1,0,4,2,5,3,9
2013.0,-256.08,1.0,0.0,2,6,0,0,0,0,0,1,1,1,0,1,1,1,1,20,3,7,0,0,0,1,2,0,6,0,5,3,3
2013.0,83.952,0.0,0.0,3,6,3,0,0,0,0,5,1,1,0,1,5,1,1,7,4,7,0,1,0,1,1,0,4,7,5,8,3
2013.0,77.088,0.0,0.0,3,10,3,0,0,0,0,2,1,1,0,1,2,1,1,8,4,7,0,1,0,1,0,0,6,9,5,3,2
2013.0,-438.768,1.0,0.0,2,4,3,0,0,0,1,2,1,1,0,1,1,1,1,11,4,7,0,0,0,0,2,0,0,2,5,3,9
2013.0,88.176,0.0,0.0,3,10,3,0,0,0,1,7,1,1,0,1,5,1,1,11,4,7,0,0,0,1,0,0,4,5,5,8,9
2013.0,139.92,0.0,0.0,3,6,3,0,0,0,1,1,1,1,0,0,1,1,1,13,4,7,0,0,0,1,1,0,6,7,5,8,3
2013.0,0.0,0.0,0.0,3,1,3,0,0,0,0,5,1,1,0,1,5,1,1,13,4,7,0,0,0,1,0,0,4,2,5,3,9
2013.0,149.952,2.0,0.0,2,6,3,0,0,0,0,5,1,1,0,0,5,1,1,14,4,7,0,0,0,1,1,0,4,0,5,8,3
2013.0,-375.936,0.0,0.0,3,3,3,0,0,0,0,5,1,1,0,0,5,1,1,16,4,7,0,1,0,1,1,0,6,9,5,3,2
2013.0,1099.824,0.0,0.0,3,9,3,0,0,0,2,2,1,1,0,1,5,1,1,17,4,7,0,1,0,0,1,0,0,9,5,8,3
2013.0,-495.264,0.0,0.0,3,4,3,0,0,0,0,9,1,1,0,0,2,1,1,11,5,7,1,0,0,1,1,0,6,2,5,3,9
2013.0,220.176,0.0,0.0,3,10,3,0,0,0,1,5,1,1,0,1,5,1,1,12,5,7,1,0,0,0,1,0,6,9,5,3,2
2013.0,500.016,0.0,0.0,3,8,3,0,0,0,0,5,1,1,0,1,1,1,1,12,5,7,1,0,0,2,0,0,6,5,5,9,1
2013.0,58.08,0.0,0.0,3,6,4,1,0,0,0,9,1,1,0,0,9,1,1,19,5,7,1,1,0,1,1,0,4,7,5,8,3
2013.0,102.96,0.0,0.0,3,6,4,1,0,1,1,1,1,1,1,1,1,1,1,19,5,7,1,1,0,1,1,0,2,7,5,6,3
2013.0,0.0,0.0,0.0,3,1,0,0,0,0,1,1,1,1,0,0,9,1,1,19,5,7,1,1,0,0,1,0,2,2,5,9,3
2013.0,0.0,0.0,0.0,3,10,0,3,4,0,2,1,1,1,0,0,1,1,1,21,5,7,1,0,1,0,0,0,2,5,5,3,5
2013.0,40.128,0.0,0.0,3,6,0,3,4,0,0,2,1,1,0,1,2,1,1,21,5,7,1,0,1,2,2,0,6,9,5,3,2
2013.0,0.0,0.0,0.0,3,4,0,0,0,0,1,2,1,1,0,1,9,1,1,1,6,7,1,0,0,1,1,0,4,2,5,3,9
2013.0,5.808,0.0,0.0,3,9,3,3,4,0,0,1,1,1,0,1,9,1,1,10,6,7,1,0,1,2,1,0,2,7,5,8,9
2013.0,-211.2,0.0,0.0,3,6,3,1,4,0,0,2,1,1,0,1,2,1,1,10,6,7,1,0,1,1,1,0,6,7,5,8,3
2013.0,0.0,0.0,0.0,3,4,3,3,4,0,1,6,1,1,0,0,2,1,1,14,6,7,1,0,1,2,1,0,2,2,5,3,9
2013.0,0.0,1.0,0.0,2,1,3,0,4,0,1,9,1,1,0,1,5,1,1,15,6,7,1,0,1,1,1,0,4,2,5,9,3
2013.0,55.968,1.0,0.0,3,6,3,0,0,0,0,9,1,1,0,1,9,1,1,8,0,7,0,1,0,2,1,0,4,7,5,8,8
2013.0,0.0,0.0,0.0,3,4,3,0,0,0,1,1,1,1,0,1,9,1,1,10,0,7,0,0,0,2,1,0,4,2,5,9,3
2013.0,-40.128,0.0,0.0,3,6,3,0,0,0,2,1,1,1,0,0,1,1,1,17,0,7,0,1,0,0,1,0,4,7,5,8,3
2013.0,125.136,0.0,0.0,3,10,0,0,3,0,1,5,1,1,0,0,5,1,1,20,0,7,0,0,0,2,1,0,4,9,5,3,2
2013.0,42.24,0.0,0.0,3,6,2,0,0,0,1,9,1,1,0,1,9,1,1,5,1,7,0,0,0,0,0,0,6,7,5,8,3
2013.0,-919.776,0.0,0.0,3,10,3,0,0,0,0,5,1,1,0,1,5,1,1,7,1,7,0,1,0,1,1,0,6,9,5,3,2
2013.0,96.096,0.0,0.0,3,8,3,0,0,0,1,2,1,1,0,1,5,1,1,7,1,7,0,1,0,1,1,0,6,0,5,3,2
2013.0,-330.0,0.0,0.0,3,10,3,0,0,0,1,2,1,1,0,1,2,1,1,9,1,7,0,1,0,1,0,0,6,5,5,3,3
2013.0,0.0,1.0,0.0,3,10,3,0,0,0,1,2,1,1,0,0,2,1,1,9,1,7,0,1,0,0,1,0,6,5,5,5,5
2013.0,0.0,0.0,0.0,3,6,3,0,0,0,0,1,1,1,0,1,1,1,1,13,1,7,0,0,0,0,1,0,4,7,5,8,9
2013.0,-30.096,0.0,0.0,3,6,3,0,0,0,1,6,1,1,0,0,6,1,1,14,1,7,0,0,0,1,1,0,2,7,5,8,3
2013.0,183.216,0.0,0.0,3,1,3,0,0,0,1,6,1,1,0,1,1,1,1,15,1,7,0,0,0,1,2,0,6,2,5,3,9
2013.0,-55.968,0.0,0.0,3,6,3,0,0,0,0,1,1,1,0,1,1,1,1,15,1,7,0,0,0,0,0,0,4,7,5,8,3
2013.0,70.752,0.0,0.0,3,6,3,0,0,0,1,9,1,1,0,1,9,1,1,15,1,7,0,0,0,1,1,0,4,0,5,8,3
2013.0,101.904,0.0,0.0,3,6,3,0,0,0,0,1,1,1,0,1,1,1,1,16,1,7,0,1,0,2,1,0,6,7,5,8,3
2013.0,967.824,0.0,0.0,3,1,3,0,0,0,1,3,1,1,0,1,1,1,1,17,1,7,0,1,0,1,0,0,6,7,5,8,9
2013.0,-109.824,0.0,0.0,3,6,3,0,0,0,1,9,1,1,0,0,9,1,1,17,1,7,0,1,0,1,0,0,6,7,5,3,3
2013.0,0.0,0.0,0.0,3,1,3,0,0,0,1,9,1,1,0,1,5,1,1,18,1,7,0,1,0,0,2,0,4,2,5,3,3
2013.0,62.832,2.0,0.0,3,6,3,0,0,0,0,9,1,1,0,1,9,1,1,19,1,7,0,1,0,2,2,0,4,0,5,8,3
2013.0,0.0,0.0,0.0,3,10,3,0,0,0,0,6,1,1,0,0,6,1,1,8,2,7,0,1,0,2,1,0,4,4,5,9,9
2013.0,717.024,2.0,0.0,3,6,3,0,0,0,1,5,1,1,0,0,5,1,1,11,2,7,0,0,0,0,2,0,6,7,5,8,3
2013.0,0.0,0.0,0.0,3,10,3,0,0,0,1,9,1,1,0,1,9,1,1,11,2,7,0,0,0,0,1,0,4,0,5,3,2
2013.0,-400.224,0.0,0.0,3,6,3,0,0,0,0,2,1,1,0,1,2,1,1,12,2,7,0,0,0,1,2,0,4,9,5,3,2
2013.0,-70.224,0.0,0.0,3,6,3,0,0,0,0,9,1,1,0,0,9,1,1,14,2,7,0,0,0,1,0,0,6,7,5,8,3
2013.0,71.808,0.0,0.0,3,6,3,0,0,0,1,9,1,1,0,1,9,1,1,16,2,7,0,1,0,1,1,0,4,7,5,8,3
2013.0,0.0,1.0,0.0,2,4,3,0,0,0,0,1,1,1,0,0,5,1,1,16,2,7,0,1,0,1,2,0,4,2,5,3,9
2013.0,0.0,0.0,0.0,3,10,3,0,0,0,1,9,1,1,0,0,9,1,1,16,2,7,0,1,0,1,0,0,4,5,5,3,9
2013.0,242.88,1.0,0.0,3,6,3,0,0,0,0,1,1,1,0,1,1,1,1,18,2,7,0,1,0,1,1,0,6,8,5,8,3
2013.0,-119.856,0.0,0.0,3,6,3,0,0,0,0,2,1,1,0,1,2,1,1,18,2,7,0,1,0,1,1,0,4,7,5,8,3
2013.0,0.0,0.0,0.0,3,1,0,0,0,0,1,5,1,1,0,1,9,1,1,22,2,7,0,0,0,1,1,0,4,2,5,9,3
2013.0,-85.008,0.0,0.0,3,6,3,0,0,0,1,1,1,1,0,0,1,1,1,8,3,7,0,1,0,1,1,0,6,5,5,5,5
2013.0,-74.976,0.0,0.0,3,6,3,3,4,0,1,1,1,1,0,0,1,1,1,8,3,7,0,1,1,1,1,0,6,0,5,8,3
2013.0,0.0,0.0,0.0,3,4,3,0,0,0,1,2,1,1,0,1,9,1,1,8,3,7,0,1,0,2,0,0,2,2,5,9,3
2013.0,-940.896,0.0,0.0,3,6,3,0,0,0,1,9,1,1,0,0,9,1,1,12,3,7,0,0,0,1,0,0,6,7,5,8,3
2013.0,-68.112,0.0,0.0,3,6,3,0,0,0,0,5,1,1,0,1,5,1,1,12,3,7,0,0,0,1,1,0,6,8,5,8,3
2013.0,350.064,0.0,0.0,3,6,3,0,0,0,1,2,1,1,0,1,2,1,1,12,3,7,0,0,0,1,1,0,6,7,5,8,3
2013.0,-89.76,1.0,0.0,3,6,3,0,0,0,1,1,1,1,0,1,1,1,1,16,3,7,0,1,0,1,1,0,4,7,5,8,3
2013.0,-180.048,2.0,0.0,3,6,3,1,0,0,0,1,1,1,0,1,1,1,1,17,3,7,0,1,0,1,1,0,4,7,5,8,3
2013.0,1137.84,1.0,0.0,3,6,0,0,0,0,0,5,1,1,0,1,5,1,1,22,3,7,0,0,0,1,2,0,6,8,5,8,3
2013.0,0.0,0.0,0.0,3,4,0,0,0,0,1,1,1,1,0,0,9,1,1,0,4,7,0,0,0,2,2,0,4,5,5,3,9
2013.0,91.872,1.0,0.0,3,6,3,0,0,0,0,5,1,1,0,1,5,1,1,12,4,7,0,0,0,2,1,0,4,0,5,8,3
2013.0,0.0,0.0,0.0,3,1,3,0,0,0,0,1,1,1,0,1,5,1,1,15,4,7,0,0,0,1,1,0,4,4,5,3,9
2013.0,-299.904,0.0,0.0,3,6,3,0,0,0,1,1,1,1,0,0,1,1,1,16,4,7,0,1,0,2,1,0,6,0,5,8,3
2013.0,61.776,0.0,0.0,3,6,3,0,0,0,0,2,1,1,0,0,2,1,1,16,4,7,0,1,0,2,1,0,6,7,5,8,3
2013.0,-174.768,0.0,0.0,3,4,3,0,0,0,1,5,1,1,0,0,1,1,1,16,4,7,0,1,0,1,1,0,6,2,5,3,9
2013.0,50.16,0.0,0.0,3,6,3,0,0,0,0,1,1,1,0,1,1,1,1,17,4,7,0,1,0,1,1,0,6,8,5,8,3
2013.0,81.84,0.0,0.0,3,6,0,0,0,0,1,9,1,1,0,1,9,1,1,21,4,7,0,0,0,2,1,0,4,7,5,8,3
2013.0,-12.144,0.0,0.0,3,10,0,0,0,0,1,2,1,1,0,0,2,1,1,23,4,7,0,0,0,1,2,0,4,0,5,9,2
2013.0,-248.16,1.0,0.0,3,1,3,0,0,0,1,5,1,1,0,0,9,1,1,12,5,7,1,0,0,2,1,0,6,2,5,3,3
2013.0,70.224,3.0,0.0,3,6,3,0,0,0,0,5,1,1,0,0,5,1,1,13,5,7,1,0,0,2,1,0,4,8,5,3,3
2013.0,26.928,0.0,0.0,3,10,3,0,0,0,1,5,1,1,0,0,5,1,1,14,5,7,1,0,0,1,2,0,4,0,5,8,2
2013.0,-99.792,1.0,0.0,3,1,3,0,0,0,1,2,1,1,0,1,5,1,1,15,5,7,1,0,0,1,1,0,1,5,5,3,9
2013.0,-5.808,0.0,0.0,3,6,3,0,0,0,1,2,1,1,0,0,2,1,1,15,5,7,1,0,0,1,1,0,6,7,5,9,3
2013.0,64.944,0.0,0.0,3,1,3,0,0,0,0,1,1,1,0,1,1,1,1,15,5,7,1,0,0,2,1,0,6,7,5,8,8
2013.0,-50.16,0.0,0.0,3,6,3,0,0,0,2,9,1,1,0,1,9,1,1,17,5,7,1,1,0,0,1,0,4,5,5,8,3
2013.0,0.0,0.0,0.0,3,9,0,0,0,0,1,9,1,1,0,1,1,1,1,2,6,7,1,0,0,2,2,0,4,0,5,3,9
2013.0,0.0,1.0,0.0,3,4,0,0,0,0,1,2,1,1,0,1,5,1,1,2,6,7,1,0,0,1,1,0,4,3,5,9,3
2013.0,0.0,0.0,0.0,3,1,3,0,0,0,0,1,1,1,0,1,5,1,1,17,6,7,1,1,0,1,0,0,4,0,5,3,3
2013.0,-30.096,0.0,0.0,3,6,3,0,0,0,0,2,1,1,0,0,2,1,1,17,6,7,1,1,0,1,1,0,2,7,5,8,3
2013.0,0.0,1.0,0.0,3,4,0,0,0,0,0,5,1,1,0,0,2,1,1,22,6,7,1,0,0,2,1,0,4,2,5,9,3
2013.0,-936.144,1.0,0.0,3,1,3,0,0,2,0,1,1,1,0,0,5,1,1,10,0,7,0,0,0,2,1,0,6,5,5,9,3
2013.0,-80.256,0.0,0.0,3,10,3,0,0,0,0,2,1,1,0,1,2,1,1,16,0,7,0,1,0,2,2,0,6,9,5,3,2
2013.0,0.0,1.0,0.0,2,1,0,0,0,0,1,5,1,1,2,1,1,1,1,20,0,7,0,0,0,2,1,0,2,5,5,3,9
2013.0,64.944,0.0,0.0,3,6,3,0,0,0,0,9,1,1,0,1,9,1,1,5,1,7,0,0,0,2,1,0,4,5,7,8,8
2013.0,50.16,0.0,0.0,3,1,3,0,0,0,1,9,1,1,0,0,5,1,1,6,1,7,0,0,0,1,1,0,6,9,5,8,9
2013.0,80.784,0.0,0.0,3,10,3,0,0,0,1,2,1,1,0,0,2,1,1,8,1,7,0,1,0,1,1,0,6,9,5,3,2
2013.0,-52.8,1.0,0.0,3,6,3,0,0,0,0,5,1,1,0,1,5,1,1,8,1,7,0,1,0,2,1,0,6,0,5,8,3
2013.0,156.816,0.0,0.0,3,6,3,0,0,0,0,1,1,1,0,1,1,1,1,14,1,7,0,0,0,1,2,0,6,7,5,8,3
2013.0,0.0,1.0,0.0,3,5,3,0,0,0,0,9,1,1,1,1,1,1,1,14,1,7,0,0,0,1,1,0,4,5,5,6,3
2013.0,-87.12,0.0,0.0,3,6,3,0,0,0,1,1,1,1,0,0,1,1,1,15,1,7,0,0,0,2,2,0,6,0,5,8,3
2013.0,0.0,0.0,0.0,3,4,3,0,0,0,0,2,1,1,0,0,5,1,1,15,1,7,0,0,0,1,2,0,2,4,5,3,9
2013.0,135.168,0.0,0.0,3,4,3,0,0,0,1,9,1,1,0,1,5,1,1,16,1,7,0,1,0,2,1,0,0,2,5,3,9
2013.0,119.856,1.0,0.0,3,6,3,0,0,0,0,5,1,1,0,1,5,1,1,17,1,7,0,1,0,1,1,0,6,0,5,8,3
2013.0,149.952,0.0,0.0,3,6,3,0,0,0,1,5,1,1,0,0,5,1,1,17,1,7,0,1,0,2,1,0,6,7,5,8,8
2013.0,116.16,0.0,0.0,3,1,3,0,0,0,1,1,1,1,0,1,1,1,1,17,1,7,0,1,0,1,1,0,6,4,5,9,2
2013.0,50.16,0.0,0.0,3,6,3,0,0,0,1,5,1,1,0,0,5,1,1,17,1,7,0,1,0,1,1,0,4,7,5,8,3
2013.0,0.0,0.0,0.0,3,1,0,0,0,0,0,2,1,1,0,1,6,1,1,20,1,7,0,0,0,1,2,0,4,2,5,9,3
2013.0,-67.056,1.0,0.0,1,10,3,0,0,0,0,9,1,1,0,0,9,1,1,9,2,7,0,1,0,1,1,0,6,0,5,0,2
2013.0,0.0,0.0,0.0,3,4,3,0,0,0,1,5,1,1,0,0,5,1,1,13,2,7,0,0,0,2,1,0,4,4,5,9,2
2013.0,95.04,0.0,0.0,3,6,3,0,0,0,0,9,1,1,0,0,9,1,1,14,2,7,0,0,0,1,1,0,6,7,5,8,3
2013.0,-43.824,0.0,0.0,3,6,3,0,0,0,0,1,1,1,0,1,1,1,1,15,2,7,0,0,0,1,1,0,4,7,5,8,3
2013.0,33.792,1.0,0.0,3,1,3,0,0,2,0,5,1,1,0,0,9,1,1,15,2,7,0,0,0,2,2,0,6,5,5,9,3
2013.0,299.904,0.0,0.0,3,4,3,0,0,0,0,2,1,1,0,1,9,1,1,16,2,7,0,1,0,1,1,0,4,2,5,3,9
2013.0,0.0,0.0,0.0,3,10,3,0,0,0,0,5,1,1,0,0,5,1,1,17,2,7,0,1,0,1,1,0,4,9,5,3,2
2013.0,-60.192,1.0,0.0,2,10,3,0,0,0,0,5,1,1,0,1,5,1,1,17,2,7,0,1,0,0,1,0,6,9,5,3,2
2013.0,74.976,0.0,0.0,3,6,0,0,0,0,0,5,1,1,0,0,5,1,1,22,2,7,0,0,0,1,2,0,4,0,5,8,3
2013.0,99.792,0.0,0.0,3,10,3,0,0,0,0,9,1,1,0,1,9,1,1,9,3,8,0,1,0,2,2,0,4,5,5,3,9
2013.0,99.792,0.0,0.0,3,6,3,0,0,0,1,5,1,1,0,1,5,1,1,11,3,8,0,0,0,2,1,0,4,7,5,8,3
2013.0,120.912,0.0,0.0,3,6,3,0,0,0,0,9,1,1,0,1,9,1,1,12,3,8,0,0,0,0,1,0,6,7,5,8,3
2013.0,-70.224,0.0,0.0,3,6,3,0,0,0,1,2,1,1,0,1,2,1,1,15,3,8,0,0,0,2,1,0,4,7,5,8,3