Year,Distance,Totalinjuries,Totalfatalities,Injuryseverity,Collisionmanner,Lightcondition,Weather,SurfaceCondition,Unittype_One,Gender_Drv1,Traveldirection_One,AlcoholUse_Drv1,DrugUse_Drv1,Unittype_Two,Gender_Drv2,Traveldirection_Two,AlcoholUse_Drv2,DrugUse_Drv2,Hour,Weekday,Month,Weekend,Rush_Hour,Hazardous_Road,Age_Group_Drv1,Age_Group_Drv2,Substance_Use,Junction_Category,Violation_Category_Drv1,Violation_Category_Drv2,Unitaction_Category_Two,Unitaction_Category_One
2013.0,85.008,0.0,0.0,3,6,3,0,0,0,0,9,1,1,0,1,9,1,1,16,3,8,0,1,0,2,1,0,6,5,5,8,3
2013.0,106.128,0.0,0.0,3,6,3,0,0,0,1,5,1,1,0,1,5,1,1,16,3,8,0,1,0,1,1,0,4,7,5,8,3
2013.0,0.0,0.0,0.0,3,10,3,0,0,0,2,2,1,1,0,0,2,1,1,17,3,8,0,1,0,0,1,0,2,4,5,3,9
2013.0,-20.064,0.0,0.0,3,6,3,0,0,0,1,5,1,1,0,0,5,1,1,17,3,8,0,1,0,2,2,0,6,7,5,8,3
2013.0,64.944,0.0,0.0,3,6,0,0,0,0,1,5,1,1,0,1,5,1,1,20,3,8,0,0,0,1,1,0,4,0,5,8,3
2013.0,0.0,0.0,0.0,3,4,0,0,0,0,1,5,1,1,0,0,2,1,1,23,3,8,0,0,0,1,1,0,4,2,3,3,9
2013.0,-243.936,0.0,0.0,3,1,3,0,0,0,1,7,1,1,0,1,9,1,1,10,4,8,0,0,0,2,1,0,6,2,5,3,9
2013.0,-14.784,0.0,0.0,3,4,3,0,0,0,2,7,1,1,0,0,5,1,1,11,4,8,0,0,0,0,1,0,6,5,5,3,9
2013.0,-81.84,0.0,0.0,3,6,3,0,0,0,0,5,1,1,0,1,5,1,1,12,4,8,0,0,0,2,1,0,6,8,5,8,3
2013.0,-1400.256,0.0,0.0,3,10,3,0,0,0,0,5,1,1,0,1,5,1,1,12,4,8,0,0,0,2,2,0,6,9,5,3,2
2013.0,0.0,3.0,0.0,2,1,3,0,0,0,1,5,1,1,0,1,3,1,1,14,4,8,0,0,0,2,1,0,4,2,5,9,3
2013.0,78.144,0.0,0.0,3,6,3,0,0,0,1,1,1,1,0,1,9,1,1,14,4,8,0,0,0,2,1,0,4,5,5,8,1
2013.0,50.16,0.0,0.0,3,6,3,0,0,0,1,1,1,1,0,1,9,1,1,14,4,8,0,0,0,1,2,0,4,5,5,8,1
2013.0,-106.128,0.0,0.0,3,6,3,0,0,0,1,1,1,1,0,0,1,1,1,15,4,8,0,0,0,1,1,0,4,8,5,8,3
2013.0,-30.096,0.0,0.0,3,6,3,0,0,0,2,2,1,1,0,1,2,1,1,15,4,8,0,0,0,0,1,0,4,7,5,8,3
2013.0,0.0,1.0,0.0,3,4,3,0,0,0,0,4,1,1,0,1,5,1,1,16,4,8,0,1,0,2,1,0,4,2,5,3,9
2013.0,534.864,0.0,0.0,3,6,3,0,0,0,1,9,1,1,0,1,9,1,1,17,4,8,0,1,0,1,1,0,6,8,5,8,3
2013.0,-89.76,0.0,0.0,3,6,3,0,0,0,1,2,1,1,0,1,2,1,1,18,4,8,0,1,0,1,2,0,4,7,5,8,3
2013.0,60.192,0.0,0.0,3,10,3,0,0,0,0,1,1,1,0,1,1,1,1,18,4,8,0,1,0,1,1,0,6,0,5,8,2
2013.0,0.0,0.0,0.0,3,6,0,0,0,0,0,2,1,1,0,1,2,1,1,21,4,8,0,0,0,1,2,0,4,7,5,9,3
2013.0,-50.16,0.0,0.0,3,6,0,0,0,0,1,1,1,1,0,0,1,1,1,21,4,8,0,0,0,1,1,0,2,9,5,3,1
2013.0,0.0,0.0,0.0,3,1,0,0,0,0,1,2,1,1,0,1,9,1,1,0,5,8,1,0,0,2,1,0,4,2,5,3,3
2013.0,149.952,0.0,0.0,3,1,0,0,0,0,1,9,1,1,1,1,2,1,1,2,5,8,1,0,0,1,1,0,6,2,5,3,6
2013.0,-12.144,0.0,0.0,3,4,0,0,0,0,1,7,0,1,0,0,1,1,1,2,5,8,1,0,0,2,2,0,4,0,5,3,9
2013.0,0.0,2.0,0.0,2,4,3,0,0,0,1,1,1,1,0,1,5,1,1,9,5,8,1,1,0,2,1,0,2,2,5,9,3
2013.0,0.0,2.0,0.0,2,1,3,0,0,0,0,9,1,1,0,0,2,1,1,9,5,8,1,1,0,1,1,0,4,5,5,3,9
2013.0,-70.224,0.0,0.0,3,10,3,0,0,0,0,1,1,1,0,0,1,1,1,14,5,8,1,0,0,1,1,0,6,0,5,3,2
2013.0,30.096,0.0,0.0,3,6,3,0,0,0,1,2,1,1,0,1,2,1,1,15,5,8,1,0,0,1,1,0,2,0,5,8,3
2013.0,0.0,2.0,0.0,3,6,0,0,0,0,0,5,1,1,0,0,5,1,1,19,5,8,1,1,0,2,1,0,4,0,5,8,3
2013.0,0.0,0.0,0.0,3,1,0,0,0,0,1,2,1,1,0,1,1,1,1,23,5,8,1,0,0,1,2,0,4,2,5,3,3
2013.0,57.024,0.0,0.0,3,1,0,0,0,0,1,1,0,1,0,1,9,1,1,21,6,8,1,0,0,1,1,0,4,9,5,8,3
2013.0,-50.16,1.0,0.0,3,1,3,0,0,0,0,1,1,1,3,1,2,1,1,11,0,8,0,0,0,1,0,0,6,2,5,7,9
2013.0,-27.984,0.0,0.0,3,4,3,1,0,0,1,6,1,1,0,1,9,1,1,11,0,8,0,0,0,1,0,0,6,2,5,3,9
2013.0,0.0,1.0,0.0,3,1,3,0,0,0,0,1,1,1,0,0,2,1,1,12,0,8,0,0,0,1,0,0,4,2,5,9,3
2013.0,0.0,1.0,0.0,3,1,3,1,0,0,1,2,1,1,0,1,1,1,1,13,0,8,0,0,0,1,0,0,4,2,5,3,9
2013.0,0.0,2.0,0.0,2,6,3,0,0,0,1,5,1,1,0,1,5,1,1,14,0,8,0,0,0,1,1,0,4,0,5,8,3
2013.0,-26.928,0.0,0.0,3,6,3,1,0,0,0,5,1,1,0,1,5,1,1,14,0,8,0,0,0,2,1,0,6,7,5,3,3
2013.0,-204.864,0.0,0.0,3,6,3,0,0,0,1,2,1,1,0,1,2,1,1,14,0,8,0,0,0,1,2,0,6,7,5,8,3
2013.0,439.824,1.0,0.0,3,1,3,0,0,0,1,9,1,1,0,1,5,1,1,14,0,8,0,0,0,2,1,0,6,2,5,8,3
2013.0,-74.976,0.0,0.0,3,6,3,0,0,0,0,5,1,1,0,0,5,1,1,16,0,8,0,1,0,2,2,0,6,7,5,8,3
2013.0,74.976,0.0,0.0,3,6,0,0,0,0,0,9,1,1,0,1,9,1,1,18,0,8,0,1,0,1,1,0,2,7,5,8,3
2013.0,60.192,0.0,0.0,3,5,4,0,0,0,2,2,1,1,1,1,5,1,1,19,0,8,0,1,0,0,1,0,6,0,5,6,1
2013.0,-158.928,0.0,0.0,3,6,3,3,0,0,2,1,1,1,0,0,1,1,1,6,1,8,0,0,0,0,1,0,4,7,5,8,3
2013.0,30.096,0.0,0.0,3,4,3,3,4,0,1,5,1,1,0,0,9,1,1,7,1,8,0,1,1,2,1,0,4,7,5,8,9
2013.0,-528.0,0.0,0.0,3,6,3,3,4,0,0,2,1,1,0,0,2,1,1,7,1,8,0,1,1,2,1,0,6,7,5,8,3
2013.0,-390.192,0.0,0.0,3,6,3,3,4,0,1,2,1,1,0,0,2,1,1,7,1,8,0,1,1,1,1,0,6,7,5,8,3
2013.0,350.064,2.0,0.0,3,1,3,1,4,0,1,9,1,1,0,0,5,1,1,11,1,8,0,0,1,2,2,0,6,2,5,3,9
2013.0,0.0,0.0,0.0,3,4,3,1,0,0,2,9,1,1,0,0,1,1,1,16,1,8,0,1,0,0,2,0,4,2,5,3,9
2013.0,20.064,0.0,0.0,3,6,3,0,0,0,0,9,1,1,0,0,9,1,1,17,1,8,0,1,0,2,1,0,4,7,5,8,3
2013.0,42.24,0.0,0.0,3,4,3,0,0,0,1,6,1,1,0,1,9,1,1,6,2,8,0,0,0,0,1,0,4,5,5,8,9
2013.0,0.0,2.0,0.0,3,4,3,0,0,0,0,3,1,1,0,0,5,1,1,7,2,8,0,1,0,1,1,0,3,5,5,5,5
2013.0,32.208,1.0,0.0,3,6,3,0,0,0,0,9,1,1,0,0,9,1,1,8,2,8,0,1,0,2,2,0,6,7,5,8,3
2013.0,-80.256,1.0,0.0,3,6,3,0,0,0,0,2,1,1,0,0,2,1,1,10,2,8,0,0,0,1,1,0,4,7,5,8,3
2013.0,154.176,1.0,0.0,1,1,3,0,0,3,0,5,1,1,0,1,1,1,1,13,2,8,0,0,0,1,0,0,6,2,5,3,7
2013.0,0.0,1.0,0.0,3,4,3,0,0,0,1,9,1,1,0,1,1,1,1,15,2,8,0,0,0,2,1,0,4,5,5,3,9
2013.0,0.0,0.0,0.0,3,6,3,0,0,0,2,1,1,1,0,1,1,1,1,15,2,8,0,0,0,0,2,0,2,0,5,8,3
2013.0,187.968,2.0,0.0,3,3,3,0,0,0,0,9,1,1,0,0,1,1,1,16,2,8,0,1,0,1,1,0,4,2,5,9,3
2013.0,434.016,0.0,0.0,3,6,3,0,0,0,0,9,1,1,0,0,9,1,1,17,2,8,0,1,0,1,2,0,6,7,5,8,3
2013.0,0.0,0.0,0.0,3,4,3,0,0,0,0,4,1,1,0,0,5,1,1,17,2,8,0,1,0,1,2,0,4,5,5,3,9
2013.0,0.0,1.0,0.0,2,6,3,0,0,0,1,5,0,1,0,1,5,1,1,18,2,8,0,1,0,1,1,0,4,0,5,8,3
2013.0,0.0,1.0,0.0,1,1,3,0,0,0,1,1,1,1,0,0,2,1,1,6,3,8,0,0,0,1,2,0,2,2,5,3,3
2013.0,0.0,1.0,0.0,2,1,3,0,0,2,1,2,1,1,0,0,9,1,1,7,3,8,0,1,0,2,1,0,4,5,5,3,3
2013.0,700.128,1.0,0.0,2,4,3,0,0,0,1,2,1,1,2,1,9,1,1,7,3,8,0,1,0,1,1,0,0,4,5,3,9
2013.0,649.968,0.0,0.0,3,6,3,0,0,0,0,9,1,1,0,0,9,1,1,8,3,8,0,1,0,1,1,0,6,0,5,3,3
2013.0,36.96,1.0,0.0,2,12,3,0,0,2,1,1,1,1,0,1,5,1,1,11,3,8,0,0,0,2,1,0,4,5,5,8,3
2013.0,0.0,0.0,0.0,3,4,3,0,0,0,0,1,1,1,0,1,5,1,1,11,3,8,0,0,0,1,1,0,4,5,5,9,3
2013.0,-34.848,0.0,0.0,3,6,3,0,0,0,1,1,1,1,0,1,1,1,1,15,3,8,0,0,0,1,1,0,4,7,5,8,3
2013.0,0.0,0.0,0.0,3,4,3,0,0,0,0,2,1,1,0,0,5,1,1,18,3,8,0,1,0,2,1,0,4,0,5,3,9
2013.0,-41.184,1.0,0.0,3,6,3,0,0,0,1,1,1,1,0,1,1,1,1,18,3,8,0,1,0,1,1,0,4,0,5,8,3
2013.0,204.864,0.0,0.0,3,6,0,1,0,0,0,1,0,1,1,1,8,1,1,19,3,8,0,1,0,1,1,0,6,0,5,6,3
2013.0,-213.84,0.0,0.0,3,10,3,0,0,0,0,5,1,1,0,0,5,1,1,8,4,8,0,1,0,1,1,0,2,5,5,9,2
2013.0,0.0,0.0,0.0,3,10,3,0,0,0,1,9,1,1,0,1,9,1,1,9,4,8,0,1,0,1,1,0,4,2,5,3,9
2013.0,0.0,0.0,0.0,3,4,3,0,0,0,0,1,1,1,0,1,4,1,1,15,4,8,0,0,0,1,1,0,4,2,5,9,3
2013.0,0.0,2.0,0.0,2,1,3,0,0,0,0,3,1,1,0,0,9,1,1,15,4,8,0,0,0,1,1,0,4,2,5,3,9
2013.0,-224.928,0.0,0.0,3,8,3,0,0,0,1,1,1,1,0,0,1,1,1,16,4,8,0,1,0,1,1,0,6,9,5,3,3
2013.0,-60.192,0.0,0.0,3,6,3,0,0,0,0,9,1,1,0,0,9,1,1,17,4,8,0,1,0,1,1,0,6,7,5,8,3
2013.0,-111.936,0.0,0.0,3,6,3,0,0,0,0,5,1,1,0,1,5,1,1,17,4,8,0,1,0,1,1,0,6,0,5,8,3
2013.0,0.0,1.0,0.0,2,1,0,0,0,0,0,1,1,1,0,0,1,1,1,19,4,8,0,1,0,1,2,0,4,0,5,8,2
2013.0,30.096,0.0,0.0,3,6,0,0,0,0,2,1,1,1,0,0,1,1,1,20,4,8,0,0,0,0,2,0,4,8,5,8,3
2013.0,0.0,1.0,0.0,2,4,0,0,0,0,1,4,1,1,2,1,9,1,1,21,4,8,0,0,0,0,1,0,2,5,5,9,9
2013.0,-109.824,0.0,0.0,3,6,0,0,0,0,2,1,1,1,0,1,1,1,1,23,4,8,0,0,0,0,0,0,4,5,5,8,3
2013.0,20.064,0.0,0.0,3,6,0,0,0,0,0,5,0,1,0,0,5,1,1,3,5,8,1,0,0,1,1,0,4,8,5,8,3
2013.0,-34.848,0.0,0.0,3,6,3,0,0,0,0,9,1,1,0,0,9,1,1,17,5,8,1,1,0,2,0,0,4,0,5,8,8
2013.0,0.0,4.0,0.0,3,1,0,0,0,0,1,2,1,1,0,1,1,1,1,22,5,8,1,0,0,2,1,0,4,0,5,3,3
2013.0,-40.128,2.0,0.0,3,6,3,0,0,0,0,1,1,1,0,0,1,1,1,11,6,8,1,0,0,1,1,0,4,5,0,8,3
2013.0,-30.096,0.0,0.0,3,6,3,0,0,0,0,1,1,1,0,0,1,1,1,12,6,8,1,0,0,1,1,0,4,7,5,8,3
2013.0,14.784,1.0,0.0,3,4,3,0,0,0,0,2,1,1,0,1,9,1,1,15,6,8,1,0,0,1,1,0,0,4,5,3,5
2013.0,-142.032,0.0,0.0,3,6,3,0,0,0,1,1,1,1,0,0,1,1,1,17,6,8,1,1,0,0,2,0,4,7,5,8,3
2013.0,0.0,0.0,0.0,3,1,3,0,0,0,1,1,1,1,0,1,5,1,1,8,0,8,0,1,0,2,2,0,2,2,5,3,3
2013.0,272.976,2.0,0.0,3,4,3,0,0,0,0,3,1,1,0,1,9,1,1,8,0,8,0,1,0,1,2,0,6,5,5,3,9
2013.0,155.232,0.0,0.0,3,5,3,0,0,0,1,1,0,1,1,1,2,1,1,9,0,8,0,1,0,1,1,0,6,7,5,6,3
2013.0,44.88,0.0,0.0,3,6,3,0,0,0,0,5,1,1,0,1,5,1,1,9,0,8,0,1,0,1,1,0,4,2,5,8,3
2013.0,99.792,0.0,0.0,3,6,3,0,0,0,0,5,1,1,0,0,5,1,1,11,0,8,0,0,0,2,1,0,2,0,5,8,3
2013.0,0.0,1.0,0.0,3,1,3,0,0,0,1,9,1,1,0,1,5,1,1,12,0,8,0,0,0,1,1,0,4,5,5,3,3
2013.0,-530.112,0.0,0.0,3,4,3,0,0,0,0,2,1,1,0,1,5,1,1,12,0,8,0,0,0,1,2,0,0,5,4,9,9
2013.0,0.0,8.0,0.0,3,1,3,0,0,0,1,2,1,1,0,1,1,1,1,14,0,8,0,0,0,1,1,0,4,2,5,3,3
2013.0,-50.16,2.0,0.0,3,6,3,0,0,0,1,1,1,1,0,0,1,1,1,14,0,8,0,0,0,1,2,0,4,0,5,8,3
2013.0,364.848,0.0,0.0,3,10,3,0,0,0,2,5,1,1,1,1,8,1,1,16,0,8,0,1,0,0,1,0,6,5,5,6,5
2013.0,0.0,1.0,0.0,3,4,3,0,0,0,0,4,1,1,0,1,5,1,1,17,0,8,0,1,0,1,1,0,4,2,5,3,9
2013.0,58.08,0.0,0.0,3,6,3,0,0,0,0,9,1,1,0,0,9,1,1,17,0,8,0,1,0,2,1,0,4,0,5,8,3
2013.0,-24.816,0.0,0.0,3,6,3,0,0,0,0,1,1,1,0,0,1,1,1,18,0,8,0,1,0,1,1,0,4,7,5,8,3
2013.0,0.0,0.0,0.0,3,1,2,0,0,0,1,5,1,1,0,1,9,1,1,5,1,8,0,0,0,2,2,0,4,2,5,3,3
2013.0,40.128,1.0,0.0,3,1,3,0,0,2,1,2,1,1,0,1,1,1,1,7,1,8,0,1,0,1,0,0,4,2,5,3,3
2013.0,900.24,0.0,0.0,3,6,3,0,0,0,0,2,1,1,0,1,2,1,1,9,1,8,0,1,0,2,1,0,0,7,5,8,3
2013.0,0.0,0.0,0.0,3,6,3,0,0,0,1,9,0,1,0,0,9,1,1,15,1,8,0,0,0,1,2,0,4,7,5,3,3
2013.0,-119.856,1.0,0.0,3,6,3,0,0,0,1,7,0,1,0,1,6,1,1,15,1,8,0,0,0,1,1,0,6,7,5,0,3
2013.0,0.0,1.0,0.0,3,6,3,0,0,0,1,5,1,1,0,1,5,1,1,15,1,8,0,0,0,0,1,0,2,7,5,8,3
2013.0,-200.112,1.0,0.0,3,6,3,0,0,0,0,1,1,1,0,1,1,1,1,15,1,8,0,0,0,1,1,0,6,7,5,8,3
2013.0,-159.984,1.0,0.0,3,4,3,0,0,0,0,4,1,1,0,1,2,1,1,17,1,8,0,1,0,1,1,0,6,4,5,3,9
2013.0,41.184,0.0,0.0,3,6,3,0,0,0,1,5,1,1,0,1,5,1,1,18,1,8,0,1,0,1,2,0,4,7,5,8,3
2013.0,60.192,2.0,0.0,1,4,0,0,0,0,0,5,1,1,0,0,9,1,1,19,1,8,0,1,0,2,1,0,4,2,5,3,9
2013.0,125.136,0.0,0.0,3,10,3,0,0,0,1,9,1,1,0,0,9,1,1,19,1,8,0,1,0,1,2,0,6,9,5,3,2
2013.0,0.0,0.0,0.0,3,5,0,0,0,0,2,3,1,1,3,1,1,1,1,19,1,8,0,1,0,0,2,0,4,2,5,7,9
2013.0,500.016,0.0,0.0,3,1,3,0,0,0,0,2,1,1,1,1,5,1,1,6,2,8,0,0,0,1,1,0,6,5,5,6,1
2013.0,0.0,0.0,0.0,3,1,3,0,0,0,0,2,1,1,0,0,1,1,1,9,2,8,0,1,0,1,0,0,4,2,5,3,9
2013.0,0.0,0.0,0.0,3,1,3,0,0,0,0,2,1,1,0,0,9,1,1,11,2,8,0,0,0,0,2,0,4,2,5,9,3
2013.0,0.0,0.0,0.0,3,1,3,0,0,0,0,1,1,1,0,0,2,1,1,11,2,8,0,0,0,1,1,0,4,2,5,3,3
2013.0,-68.112,0.0,0.0,3,6,3,0,0,0,0,2,1,1,0,1,2,1,1,11,2,8,0,0,0,1,1,0,4,0,5,8,3
2013.0,-85.008,0.0,0.0,3,6,3,0,0,0,1,7,1,1,0,0,7,1,1,11,2,8,0,0,0,1,0,0,6,7,5,8,3
2013.0,91.872,0.0,0.0,3,6,3,0,0,0,1,9,1,1,0,0,9,1,1,12,2,8,0,0,0,2,0,0,4,0,5,8,8
2013.0,-119.856,0.0,0.0,3,6,3,0,0,0,0,2,1,1,0,0,2,1,1,13,2,8,0,0,0,2,2,0,4,7,5,8,3
2013.0,80.256,0.0,0.0,3,6,3,0,0,0,1,9,1,1,0,1,9,1,1,13,2,8,0,0,0,0,1,0,6,7,5,8,3
2013.0,449.856,1.0,0.0,2,1,3,0,0,2,1,9,1,1,0,1,2,1,1,13,2,8,0,0,0,1,0,0,0,5,5,9,3
2013.0,220.176,1.0,0.0,3,10,3,0,0,0,1,9,1,1,0,1,9,1,1,14,2,8,0,0,0,2,1,0,6,9,5,3,2
2013.0,139.92,0.0,0.0,3,6,3,0,0,0,1,9,1,1,0,0,9,1,1,14,2,8,0,0,0,1,2,0,4,7,5,8,3
2013.0,410.784,0.0,0.0,3,6,3,0,0,0,1,2,1,1,0,0,2,1,1,16,2,8,0,1,0,2,2,0,6,7,5,8,3
2013.0,305.184,0.0,0.0,3,1,3,0,0,0,0,5,1,1,0,0,9,1,1,16,2,8,0,1,0,1,2,0,0,2,5,3,5
2013.0,0.0,2.0,0.0,2,4,3,0,0,0,1,7,1,1,0,1,1,1,1,17,2,8,0,1,0,1,1,0,2,2,5,3,9
2013.0,1099.824,0.0,0.0,3,10,0,1,4,0,2,5,1,1,0,1,5,1,1,0,3,8,0,0,1,0,1,0,6,9,5,3,2
2013.0,0.0,0.0,0.0,3,4,3,0,0,0,0,9,1,1,0,0,6,1,1,7,3,8,0,1,0,1,2,0,4,2,5,9,8
2013.0,234.96,0.0,0.0,3,1,3,0,0,0,0,9,1,1,0,1,2,1,1,7,3,8,0,1,0,0,0,0,6,0,5,3,9
2013.0,528.0,0.0,0.0,3,6,3,0,0,0,1,9,1,1,0,1,9,1,1,8,3,8,0,1,0,1,1,0,0,7,5,0,3
2013.0,30.096,0.0,0.0,3,10,3,0,0,0,2,9,1,1,0,0,9,1,1,12,3,8,0,0,0,0,2,0,4,5,5,3,3
2013.0,149.952,0.0,0.0,3,6,3,0,0,0,0,1,1,1,0,0,1,1,1,17,3,8,0,1,0,2,2,0,6,8,5,8,3
2013.0,32.208,1.0,0.0,3,3,3,0,0,0,1,2,1,0,1,1,8,1,1,17,3,8,0,1,0,1,1,0,6,7,5,6,3
2013.0,0.0,0.0,0.0,3,9,3,0,0,0,2,9,1,1,0,1,1,1,1,9,4,8,0,1,0,0,1,0,4,2,5,3,9
2013.0,0.0,3.0,0.0,3,4,3,1,0,0,1,5,1,1,0,1,2,1,1,9,4,8,0,1,0,0,1,0,2,2,5,9,3
2013.0,-275.088,0.0,0.0,3,6,3,0,0,0,1,2,1,1,0,0,9,1,1,10,4,8,0,0,0,0,2,0,0,5,5,8,1
2013.0,-119.856,0.0,0.0,3,6,3,0,0,0,0,2,1,1,0,0,2,1,1,11,4,8,0,0,0,2,0,0,4,7,5,8,3
2013.0,-344.256,0.0,0.0,3,1,3,0,0,0,0,9,1,1,0,1,1,1,1,13,4,8,0,0,0,0,1,0,6,9,5,5,5
2013.0,240.24,0.0,0.0,3,4,3,0,0,0,1,1,1,1,0,1,2,1,1,13,4,8,0,0,0,2,1,0,0,2,5,3,9
2013.0,-579.744,2.0,0.0,2,6,3,0,0,0,0,1,1,1,0,0,1,1,1,15,4,8,0,0,0,2,1,0,6,0,5,8,3
2013.0,44.88,0.0,0.0,3,6,3,0,0,0,1,5,1,1,0,1,5,1,1,15,4,8,0,0,0,0,2,0,6,8,5,8,3
2013.0,210.144,1.0,0.0,1,6,3,0,0,0,1,5,1,1,0,1,5,1,1,15,4,8,0,0,0,1,1,0,6,0,5,8,3
2013.0,0.0,0.0,0.0,3,1,3,0,0,0,0,1,1,1,0,1,5,1,1,15,4,8,0,0,0,2,1,0,4,2,5,3,3
2013.0,200.112,0.0,0.0,3,6,3,0,0,0,1,5,1,1,0,0,5,1,1,15,4,8,0,0,0,1,1,0,6,7,5,8,3
2013.0,-340.032,0.0,0.0,3,6,3,0,0,0,1,1,1,1,0,0,1,1,1,16,4,8,0,1,0,1,2,0,6,8,5,8,3
2013.0,0.0,0.0,0.0,3,6,3,0,0,0,1,9,1,1,0,0,9,1,1,17,4,8,0,1,0,1,1,0,2,0,5,3,2
2013.0,-89.76,1.0,0.0,3,6,3,0,0,0,0,1,1,1,0,0,1,1,1,17,4,8,0,1,0,1,1,0,2,7,5,8,3
2013.0,-30.096,0.0,0.0,3,6,3,0,0,0,0,6,1,1,0,1,6,1,1,17,4,8,0,1,0,1,0,0,4,0,5,8,3
2013.0,80.784,0.0,0.0,3,6,3,0,0,0,1,1,1,1,0,0,1,1,1,17,4,8,0,1,0,2,1,0,6,7,5,8,3
2013.0,-149.952,0.0,0.0,3,6,0,0,0,0,2,1,1,1,1,1,1,1,1,20,4,8,0,0,0,0,1,0,6,0,5,6,3
2013.0,24.816,0.0,0.0,3,6,3,0,0,0,1,5,1,1,0,0,5,1,1,9,5,8,1,1,0,2,1,0,4,7,5,8,8
2013.0,132.0,0.0,0.0,3,10,3,0,0,0,1,9,1,1,0,1,9,1,1,10,5,8,1,0,0,2,1,0,6,9,9,2,2
2013.0,-89.76,0.0,0.0,3,4,3,0,0,0,1,2,1,1,0,1,5,1,1,11,5,8,1,0,0,1,1,0,6,0,5,3,9
2013.0,-325.248,0.0,0.0,3,10,3,0,0,0,1,5,1,1,0,1,5,1,1,11,5,8,1,0,0,1,1,0,6,0,5,3,2
2013.0,0.0,0.0,0.0,3,1,3,0,0,0,0,5,1,1,0,0,1,1,1,13,5,8,1,0,0,2,1,0,4,2,5,3,3
2013.0,-330.0,3.0,2.0,0,10,3,0,0,0,1,2,1,1,0,1,2,1,1,14,5,8,1,0,0,1,1,0,6,0,5,3,3
2013.0,71.808,0.0,0.0,3,4,3,0,0,0,1,9,1,1,0,0,1,1,1,14,5,8,1,0,0,1,2,0,0,0,0,5,5
2013.0,-121.968,0.0,0.0,3,5,3,0,0,0,1,5,1,1,0,0,9,1,1,14,5,8,1,0,0,1,1,0,6,2,5,3,5
2013.0,-30.096,2.0,0.0,2,3,3,0,0,0,0,9,0,1,0,1,1,1,1,17,5,8,1,1,0,1,1,0,2,9,5,9,2
2013.0,-74.976,0.0,0.0,3,10,3,0,0,0,1,2,1,1,0,1,2,1,1,18,5,8,1,1,0,2,1,0,6,0,5,3,2
2013.0,0.0,1.0,0.0,2,5,0,1,4,0,2,5,1,1,2,1,1,1,1,19,5,8,1,1,1,0,1,0,0,5,5,1,5
2013.0,81.84,1.0,0.0,2,6,0,1,0,0,0,9,1,1,0,1,9,1,1,20,5,8,1,0,0,1,1,0,4,7,5,8,8
2013.0,0.0,0.0,0.0,3,10,0,1,0,0,1,9,0,1,0,1,9,1,1,20,5,8,1,0,0,1,1,0,4,9,5,3,3
2013.0,4.752,0.0,0.0,3,10,0,0,0,0,1,1,1,1,0,1,1,1,1,2,6,8,1,0,0,0,1,0,4,9,5,9,3
2013.0,0.0,0.0,0.0,3,12,0,4,3,0,1,8,1,1,0,1,8,1,1,6,6,8,1,0,0,2,1,0,6,5,5,5,5
2013.0,0.0,0.0,0.0,3,4,2,0,0,0,1,7,1,1,0,1,1,1,1,6,6,8,1,0,0,2,1,0,4,0,5,3,9
2013.0,60.192,0.0,0.0,3,6,3,0,0,0,0,9,1,1,0,1,9,1,1,8,6,8,1,1,0,0,0,0,4,8,5,8,3
2013.0,0.0,2.0,0.0,3,1,3,1,3,0,1,1,1,1,0,1,2,1,1,14,6,8,1,0,0,2,1,0,2,5,5,3,3
2013.0,0.0,0.0,0.0,3,1,3,0,0,0,0,9,1,1,0,0,3,1,1,16,6,8,1,1,0,2,1,0,2,2,5,9,3
2013.0,0.0,0.0,0.0,3,1,3,0,0,0,1,2,1,1,0,1,1,1,1,17,6,8,1,1,0,0,1,0,4,2,5,3,3
2013.0,-74.976,1.0,0.0,3,10,3,1,0,0,1,5,1,1,0,1,5,1,1,17,6,8,1,1,0,0,1,0,4,9,5,3,9
2013.0,0.0,0.0,0.0,3,10,0,0,0,0,1,5,1,1,0,1,5,1,1,23,6,8,1,0,0,1,0,0,4,5,5,9,9
2013.0,0.0,1.0,0.0,2,4,2,0,0,0,0,1,1,1,0,0,2,1,1,5,0,8,0,0,0,2,1,0,4,2,5,3,9
2013.0,-230.208,2.0,0.0,3,6,3,0,0,0,0,1,1,1,0,0,1,1,1,7,0,8,0,1,0,2,1,0,6,7,5,8,3
2013.0,-528.0,0.0,0.0,3,4,3,0,0,0,1,9,1,1,0,1,5,1,1,12,0,8,0,0,0,1,1,0,6,4,5,3,9
2013.0,165.792,0.0,0.0,3,1,3,0,0,0,1,3,1,1,0,1,5,1,1,13,0,8,0,0,0,2,2,0,4,5,5,3,5
2013.0,200.112,0.0,0.0,3,4,3,0,0,0,1,2,1,1,0,1,9,1,1,14,0,8,0,0,0,2,2,0,6,2,5,3,9
2013.0,249.744,0.0,0.0,3,6,3,0,0,0,1,9,1,1,0,0,9,1,1,14,0,8,0,0,0,1,1,0,6,7,5,8,3
2013.0,0.0,1.0,0.0,3,1,3,0,0,0,0,5,1,1,0,1,5,1,1,14,0,8,0,0,0,1,2,0,4,4,5,3,9