Year,Distance,Totalinjuries,Totalfatalities,Injuryseverity,Collisionmanner,Lightcondition,Weather,SurfaceCondition,Unittype_One,Gender_Drv1,Traveldirection_One,AlcoholUse_Drv1,DrugUse_Drv1,Unittype_Two,Gender_Drv2,Traveldirection_Two,AlcoholUse_Drv2,DrugUse_Drv2,Hour,Weekday,Month,Weekend,Rush_Hour,Hazardous_Road,Age_Group_Drv1,Age_Group_Drv2,Substance_Use,Junction_Category,Violation_Category_Drv1,Violation_Category_Drv2,Unitaction_Category_Two,Unitaction_Category_One
2013.0,0.0,0.0,0.0,3,10,3,0,0,0,0,9,1,1,0,1,9,1,1,15,0,8,0,0,0,1,2,0,6,4,5,9,9
2013.0,-149.952,0.0,0.0,3,10,3,0,0,0,0,5,1,1,0,1,5,1,1,15,0,8,0,0,0,2,2,0,6,9,5,3,2
2013.0,195.888,0.0,0.0,3,4,3,0,0,0,0,7,1,1,0,1,5,1,1,15,0,8,0,0,0,2,1,0,6,2,5,3,9
2013.0,-149.952,0.0,0.0,3,6,4,0,0,0,1,1,1,1,0,0,1,1,1,17,0,8,0,1,0,1,1,0,4,7,5,8,3
2013.0,-59.136,1.0,0.0,3,10,3,0,0,0,1,5,1,1,0,0,5,1,1,17,0,8,0,1,0,2,1,0,6,9,5,3,2
2013.0,17.952,0.0,0.0,3,6,4,0,0,0,0,5,1,1,0,0,7,1,1,18,0,8,0,1,0,2,0,0,4,0,5,9,3
2013.0,-500.016,0.0,0.0,3,10,0,1,0,0,0,1,1,1,0,1,1,1,1,20,0,8,0,0,0,1,1,0,1,4,5,8,3
2013.0,0.0,0.0,0.0,3,4,0,0,0,0,0,9,1,1,0,1,3,1,1,21,0,8,0,0,0,1,1,0,3,2,5,3,9
2013.0,-165.792,0.0,0.0,3,10,3,0,0,0,1,1,1,1,0,0,1,1,1,7,1,8,0,1,0,1,2,0,6,5,5,3,2
2013.0,43.824,1.0,0.0,3,5,3,0,0,0,0,4,1,1,2,1,2,1,1,10,1,8,0,0,0,0,1,0,4,0,5,3,9
2013.0,364.848,1.0,0.0,2,5,3,0,0,0,1,9,1,1,3,0,5,1,1,11,1,8,0,0,0,1,1,0,6,2,5,7,9
2013.0,0.0,0.0,0.0,3,4,3,0,0,0,0,5,1,1,0,0,1,1,1,13,1,8,0,0,0,2,2,0,2,4,5,3,9
2013.0,-338.976,1.0,0.0,3,1,3,0,0,0,0,7,1,1,0,1,1,1,1,14,1,8,0,0,0,2,1,0,6,5,5,3,9
2013.0,195.888,0.0,0.0,3,10,3,0,0,0,1,9,1,1,0,1,9,1,1,15,1,8,0,0,0,2,1,0,4,9,9,3,2
2013.0,0.0,0.0,0.0,3,10,3,0,0,0,1,2,1,1,0,0,2,1,1,16,1,8,0,1,0,1,2,0,2,9,5,9,9
2013.0,24.816,0.0,0.0,3,6,3,0,0,0,1,5,1,1,0,0,5,1,1,17,1,8,0,1,0,1,1,0,6,9,9,9,9
2013.0,253.968,0.0,0.0,3,6,3,0,0,0,1,2,1,1,0,0,2,1,1,17,1,8,0,1,0,0,1,0,6,7,5,8,3
2013.0,-74.976,2.0,0.0,2,6,3,0,0,0,0,9,1,1,0,1,9,1,1,17,1,8,0,1,0,2,1,0,6,0,5,8,3
2013.0,0.0,1.0,0.0,2,3,0,0,0,2,1,9,1,1,0,1,3,1,1,19,1,8,0,1,0,1,1,0,2,2,5,9,3
2013.0,0.0,0.0,0.0,3,10,3,0,0,0,1,7,1,1,0,1,7,1,1,7,2,8,0,1,0,0,1,0,2,5,5,9,9
2013.0,-198.0,0.0,0.0,3,1,3,0,0,0,1,9,1,1,0,1,2,1,1,7,2,8,0,1,0,2,1,0,0,2,5,3,9
2013.0,-57.024,1.0,0.0,3,1,3,0,0,0,0,9,1,1,0,0,2,1,1,7,2,8,0,1,0,2,1,0,0,2,5,8,9
2013.0,-400.224,0.0,0.0,3,3,3,1,0,0,0,9,1,1,0,1,1,1,1,8,2,8,0,1,0,1,1,0,6,4,4,9,9
2013.0,-89.76,0.0,0.0,3,6,3,1,0,0,1,2,1,1,0,0,2,1,1,9,2,8,0,1,0,2,1,0,4,7,5,8,3
2013.0,0.0,0.0,0.0,3,1,3,1,0,0,0,4,1,1,0,0,2,1,1,11,2,8,0,0,0,2,1,0,4,2,5,3,9
2013.0,34.848,2.0,0.0,3,3,3,0,0,0,1,3,1,1,0,1,9,1,1,11,2,8,0,0,0,2,1,0,4,7,5,8,9
2013.0,87.12,0.0,0.0,3,6,3,0,0,0,0,5,1,1,0,0,5,1,1,12,2,8,0,0,0,1,1,0,4,7,5,8,3
2013.0,-83.952,0.0,0.0,3,6,3,0,0,0,1,1,1,1,0,1,1,1,1,15,2,8,0,0,0,1,1,0,4,8,5,8,3
2013.0,-64.944,0.0,0.0,3,6,3,0,0,0,1,1,1,1,0,1,1,1,1,15,2,8,0,0,0,1,1,0,6,7,5,8,3
2013.0,60.192,0.0,0.0,3,6,3,0,0,0,2,5,1,1,0,0,5,1,1,17,2,8,0,1,0,0,2,0,4,7,5,8,3
2013.0,135.168,0.0,0.0,3,6,3,0,0,0,0,5,1,1,0,0,5,1,1,17,2,8,0,1,0,2,0,0,4,7,5,3,3
2013.0,99.792,0.0,0.0,3,6,3,0,0,0,1,5,1,1,0,0,5,1,1,7,3,8,0,1,0,2,1,0,4,7,5,8,3
2013.0,99.792,0.0,0.0,3,10,3,0,0,0,0,5,1,1,0,0,5,1,1,7,3,8,0,1,0,1,0,0,6,5,5,3,5
2013.0,-149.952,0.0,0.0,3,6,3,0,0,0,0,5,1,1,0,1,5,1,1,8,3,8,0,1,0,1,2,0,6,0,5,8,3
2013.0,299.904,1.0,0.0,3,12,3,4,3,0,1,8,1,1,3,1,8,1,1,11,3,8,0,0,0,2,1,0,6,5,5,5,5
2013.0,-20.064,4.0,1.0,0,6,3,0,0,0,1,1,1,1,0,1,1,1,1,12,3,8,0,0,0,2,0,0,4,7,5,8,3
2013.0,-149.952,0.0,0.0,3,10,3,0,0,0,1,9,1,1,0,0,9,1,1,13,3,8,0,0,0,0,1,0,6,9,5,3,2
2013.0,-39.072,1.0,0.0,2,1,3,0,0,2,1,9,1,1,0,0,1,1,1,13,3,8,0,0,0,2,2,0,4,9,5,9,7
2013.0,0.0,2.0,0.0,3,4,3,0,0,0,1,6,1,1,0,1,2,1,1,13,3,8,0,0,0,2,2,0,4,2,5,3,9
2013.0,0.0,0.0,0.0,3,4,3,0,0,0,0,1,1,1,0,0,9,1,1,13,3,8,0,0,0,1,1,0,4,5,5,3,9
2013.0,-76.032,0.0,0.0,3,4,3,0,0,0,0,7,1,1,0,0,5,1,1,14,3,8,0,0,0,0,1,0,0,2,5,3,9
2013.0,105.072,1.0,0.0,3,10,3,0,0,0,0,5,1,1,0,0,5,1,1,14,3,8,0,0,0,0,1,0,2,9,5,3,2
2013.0,0.0,1.0,0.0,3,1,3,0,0,0,0,1,1,1,0,1,2,1,1,15,3,8,0,0,0,1,2,0,4,5,5,3,3
2013.0,-279.84,3.0,0.0,2,4,3,0,0,0,1,4,1,1,0,0,1,1,1,16,3,8,0,1,0,1,1,0,6,2,5,3,9
2013.0,108.24,0.0,0.0,3,10,3,0,0,0,0,1,1,1,0,1,1,1,1,16,3,8,0,1,0,2,1,0,6,9,4,9,2
2013.0,-500.016,1.0,0.0,2,10,3,1,0,0,0,1,1,1,0,1,1,1,1,17,3,8,0,1,0,2,1,0,6,9,5,3,2
2013.0,60.192,0.0,0.0,3,6,3,0,0,0,1,2,1,1,0,1,2,1,1,17,3,8,0,1,0,1,1,0,6,8,5,8,3
2013.0,-167.904,2.0,0.0,2,1,3,0,0,0,0,9,1,1,0,1,5,1,1,17,3,8,0,1,0,2,2,0,6,2,5,3,3
2013.0,-249.744,1.0,0.0,3,6,3,1,0,0,1,5,1,1,0,1,5,1,1,17,3,8,0,1,0,2,1,0,6,7,5,8,3
2013.0,0.0,1.0,0.0,3,4,3,0,0,2,0,9,1,1,0,1,7,1,1,18,3,8,0,1,0,2,0,0,4,9,5,9,3
2013.0,-532.224,0.0,0.0,3,6,3,0,0,0,0,1,1,1,0,0,1,1,1,18,3,8,0,1,0,2,1,0,6,7,5,8,3
2013.0,0.0,0.0,0.0,3,3,0,0,0,0,1,7,1,1,0,0,1,1,1,20,3,8,0,0,0,2,2,0,2,2,5,3,9
2013.0,0.0,0.0,0.0,3,6,3,1,0,0,1,1,1,1,0,1,1,1,1,5,4,8,0,0,0,1,1,0,4,7,5,9,9
2013.0,70.224,0.0,0.0,3,6,3,0,0,0,0,9,1,1,0,1,9,1,1,7,4,8,0,1,0,1,1,0,3,2,5,8,3
2013.0,-174.24,0.0,0.0,3,10,3,0,0,0,1,9,1,1,1,1,9,1,1,8,4,8,0,1,0,0,1,0,6,0,5,6,2
2013.0,0.0,0.0,0.0,3,4,3,1,0,0,1,9,1,1,0,0,2,1,1,11,4,8,0,0,0,2,1,0,4,2,5,3,1
2013.0,34.848,0.0,0.0,3,6,3,0,0,0,0,5,1,1,0,0,5,1,1,13,4,8,0,0,0,1,1,0,4,8,5,3,3
2013.0,0.0,0.0,0.0,3,1,3,0,0,0,1,4,1,1,0,0,2,1,1,13,4,8,0,0,0,1,2,0,4,2,5,3,9
2013.0,50.16,0.0,0.0,3,6,3,0,0,0,1,9,0,1,0,1,9,1,1,14,4,8,0,0,0,1,2,0,6,0,5,8,3
2013.0,-240.24,0.0,0.0,3,4,3,0,0,0,0,7,1,1,0,0,2,1,1,14,4,8,0,0,0,1,2,0,4,2,5,3,9
2013.0,0.0,1.0,0.0,3,6,3,0,0,0,0,9,1,1,0,1,9,1,1,15,4,8,0,0,0,1,1,0,6,7,5,8,3
2013.0,0.0,1.0,0.0,3,10,3,0,0,0,1,9,1,1,0,1,9,1,1,16,4,8,0,1,0,1,1,0,2,4,5,9,9
2013.0,-52.8,0.0,0.0,3,10,3,0,0,0,0,2,1,1,0,1,2,1,1,16,4,8,0,1,0,2,1,0,6,9,5,3,3
2013.0,109.824,1.0,0.0,2,6,3,0,0,0,0,1,1,1,0,0,1,1,1,17,4,8,0,1,0,2,2,0,2,7,5,8,3
2013.0,0.0,0.0,0.0,3,10,3,0,0,0,0,9,1,1,0,1,9,1,1,18,4,8,0,1,0,1,2,0,4,4,5,3,2
2013.0,380.16,1.0,0.0,2,1,3,0,0,0,2,9,1,1,2,1,5,1,1,18,4,8,0,1,0,0,2,0,0,2,5,3,9
2013.0,30.096,0.0,0.0,3,6,0,0,0,0,0,5,1,1,0,0,5,1,1,20,4,8,0,0,0,1,1,0,4,0,5,3,3
2013.0,-836.88,0.0,0.0,3,1,0,0,0,0,1,4,1,1,0,1,9,1,1,20,4,8,0,0,0,1,2,0,6,5,5,3,9
2013.0,-58.08,0.0,0.0,3,1,0,0,0,0,1,5,1,1,0,1,5,1,1,20,4,8,0,0,0,1,1,0,6,0,0,3,3
2013.0,0.0,0.0,0.0,3,4,0,0,0,0,1,6,1,1,0,0,1,1,1,23,4,8,0,0,0,1,2,0,4,2,2,3,9
2013.0,108.768,0.0,0.0,3,10,3,1,0,0,0,2,1,1,0,1,2,1,1,7,5,8,1,1,0,0,1,0,2,5,5,9,9
2013.0,-20.064,0.0,0.0,3,1,3,0,0,0,0,5,0,1,0,1,1,1,1,9,5,8,1,1,0,1,1,0,4,0,5,9,9
2013.0,299.904,0.0,0.0,3,4,3,0,0,0,1,2,1,1,0,0,1,1,1,11,5,8,1,0,0,0,0,0,6,0,5,3,9
2013.0,24.816,0.0,0.0,3,1,3,0,0,0,1,1,1,1,0,1,1,1,1,12,5,8,1,0,0,2,1,0,6,9,5,3,3
2013.0,0.0,0.0,0.0,3,4,0,1,0,0,1,1,0,0,0,1,5,1,1,20,5,8,1,0,0,1,1,0,2,2,5,3,9
2013.0,0.0,1.0,0.0,3,1,3,1,0,0,1,2,1,1,0,0,1,1,1,12,6,8,1,0,0,1,0,0,4,2,5,3,9
2013.0,0.0,0.0,0.0,3,1,3,0,0,0,1,5,1,1,0,0,1,1,1,14,6,8,1,0,0,1,1,0,4,5,5,3,3
2013.0,0.0,0.0,0.0,3,1,3,0,0,0,0,7,1,1,0,0,9,1,1,16,6,8,1,1,0,0,1,0,4,2,5,3,9
2013.0,-315.216,0.0,0.0,3,1,3,0,0,0,0,5,1,1,0,0,9,1,1,16,6,8,1,1,0,2,1,0,6,4,5,3,9
2013.0,0.0,0.0,0.0,3,4,3,0,0,0,0,1,1,1,0,1,2,1,1,8,0,8,0,1,0,2,1,0,4,2,5,3,9
2013.0,-129.888,0.0,0.0,3,1,3,0,0,0,1,1,1,1,0,0,1,1,1,15,0,8,0,0,0,1,1,0,4,9,5,2,2
2013.0,-211.2,0.0,0.0,3,1,3,0,0,0,1,4,1,1,0,1,1,1,1,15,0,8,0,0,0,2,2,0,0,2,5,3,9
2013.0,0.0,0.0,0.0,3,1,3,0,0,0,0,9,1,1,0,0,5,1,1,16,0,8,0,1,0,2,1,0,4,2,5,3,3
2013.0,-99.792,0.0,0.0,3,4,4,1,0,0,1,5,1,1,0,1,9,1,1,18,0,8,0,1,0,1,1,0,6,2,5,3,9
2013.0,0.0,0.0,0.0,3,4,4,2,0,0,0,7,1,1,0,0,1,1,1,18,0,8,0,1,0,1,2,0,4,0,5,3,9
2013.0,400.224,0.0,0.0,3,8,0,3,4,0,0,5,1,1,0,0,9,1,1,18,0,8,0,1,1,1,1,0,6,0,5,3,1
2013.0,0.0,0.0,0.0,3,1,1,3,4,0,1,9,1,1,0,1,5,1,1,19,0,8,0,1,1,2,2,0,4,2,5,3,3
2013.0,102.96,0.0,0.0,3,10,0,3,4,0,0,5,1,1,0,1,5,1,1,19,0,8,0,1,1,1,2,0,2,9,5,3,2
2013.0,44.88,0.0,0.0,3,4,2,0,0,0,1,3,1,1,0,1,4,1,1,5,1,8,0,0,0,1,0,0,4,4,4,9,9
2013.0,-166.848,1.0,0.0,2,4,3,0,0,0,1,1,1,1,2,0,9,1,1,7,1,8,0,1,0,1,2,0,0,2,5,3,9
2013.0,0.0,0.0,0.0,3,4,3,0,0,0,0,9,1,1,0,0,1,1,1,7,1,8,0,1,0,1,1,0,4,4,5,3,9
2013.0,0.0,0.0,0.0,3,4,3,0,0,0,1,2,1,1,0,1,9,1,1,7,1,8,0,1,0,1,2,0,4,2,5,3,9
2013.0,-299.904,0.0,0.0,3,1,3,0,0,0,1,9,1,1,0,1,2,1,1,8,1,8,0,1,0,1,1,0,6,5,5,3,9
2013.0,0.0,1.0,0.0,2,1,3,0,0,0,0,9,1,1,0,0,5,1,1,8,1,8,0,1,0,1,1,0,4,2,5,9,3
2013.0,0.0,1.0,0.0,1,1,3,0,0,0,1,1,1,1,0,1,5,1,1,10,1,8,0,0,0,0,1,0,2,2,5,3,3
2013.0,-475.2,0.0,0.0,3,6,3,0,0,0,1,1,1,1,0,1,1,1,1,10,1,8,0,0,0,1,1,0,6,0,5,8,3
2013.0,-80.256,0.0,0.0,3,6,3,0,0,0,1,2,1,1,0,0,2,1,1,11,1,8,0,0,0,1,1,0,4,0,5,8,3
2013.0,-14.784,1.0,0.0,3,1,3,0,0,2,0,9,1,1,0,1,5,1,1,15,1,8,0,0,0,2,1,0,4,2,5,3,7
2013.0,0.0,0.0,0.0,3,1,3,0,0,0,0,9,1,1,0,0,2,1,1,16,1,8,0,1,0,1,2,0,4,2,5,3,3
2013.0,500.016,0.0,0.0,3,6,3,0,0,0,0,5,1,1,0,0,5,1,1,16,1,8,0,1,0,2,2,0,6,7,5,8,8
2013.0,299.904,0.0,0.0,3,6,3,0,0,0,0,5,1,1,0,1,5,1,1,16,1,8,0,1,0,1,1,0,1,0,5,3,2
2013.0,0.0,0.0,0.0,3,6,3,0,0,0,0,2,1,1,0,0,2,1,1,18,1,8,0,1,0,2,1,0,2,8,5,3,3
2013.0,0.0,2.0,0.0,1,4,4,0,0,0,0,2,1,1,0,1,9,1,1,19,1,8,0,1,0,1,2,0,2,2,5,3,9
2013.0,500.016,2.0,0.0,2,6,0,0,0,0,1,5,1,1,0,1,5,1,1,22,1,8,0,0,0,1,2,0,4,0,5,8,8
2013.0,0.0,0.0,0.0,3,4,0,0,0,0,1,5,1,1,0,1,1,1,1,22,1,8,0,0,0,1,0,0,4,2,5,3,9
2013.0,0.0,1.0,0.0,3,1,0,0,0,0,1,1,0,1,0,0,2,1,1,0,2,8,0,0,0,2,1,0,4,4,5,8,9
2013.0,70.224,0.0,0.0,3,6,3,0,0,0,1,9,1,1,0,1,9,1,1,6,2,8,0,0,0,1,1,0,4,0,5,8,3
2013.0,54.912,0.0,0.0,3,6,3,0,0,0,0,4,1,1,0,0,9,1,1,7,2,8,0,1,0,1,1,0,6,7,5,8,3
2013.0,-419.76,1.0,0.0,3,4,3,0,0,0,0,9,1,1,0,1,2,1,1,7,2,8,0,1,0,1,2,0,0,2,5,3,9
2013.0,-57.024,0.0,0.0,3,6,3,0,0,0,1,1,1,1,0,0,1,1,1,7,2,8,0,1,0,1,1,0,4,8,5,3,3
2013.0,-664.752,0.0,0.0,3,6,3,0,0,0,1,9,1,1,0,1,9,1,1,8,2,8,0,1,0,1,1,0,0,0,5,9,3
2013.0,144.144,0.0,0.0,3,6,3,0,0,0,1,9,1,1,0,1,9,1,1,8,2,8,0,1,0,1,1,0,4,7,5,8,3
2013.0,224.928,0.0,0.0,3,4,3,0,0,0,1,2,1,1,0,1,9,1,1,8,2,8,0,1,0,1,1,0,4,2,5,8,9
2013.0,-74.976,1.0,0.0,3,6,3,0,0,0,1,2,1,1,0,1,2,1,1,8,2,8,0,1,0,0,1,0,6,7,5,8,3
2013.0,127.776,0.0,0.0,3,4,3,0,0,0,1,2,1,1,0,0,1,1,1,8,2,8,0,1,0,1,2,0,0,2,5,3,9
2013.0,4.752,1.0,0.0,3,4,3,0,0,0,0,9,1,1,2,1,2,1,1,12,2,8,0,0,0,2,2,0,4,2,2,3,9
2013.0,-350.064,0.0,0.0,3,10,3,0,0,0,1,2,1,1,0,1,2,1,1,14,2,8,0,0,0,1,0,0,6,5,5,8,3
2013.0,-217.008,0.0,0.0,3,4,3,0,0,0,0,2,1,1,0,0,5,1,1,15,2,8,0,0,0,0,2,0,0,2,5,3,9
2013.0,-350.064,2.0,0.0,3,6,3,0,0,0,1,1,1,1,0,0,1,1,1,16,2,8,0,1,0,2,1,0,4,7,5,8,3
2013.0,-44.88,0.0,0.0,3,6,3,0,0,0,1,2,1,1,0,0,2,1,1,17,2,8,0,1,0,2,2,0,4,7,5,8,8
2013.0,249.744,1.0,0.0,3,6,3,0,0,0,1,5,1,1,0,0,5,1,1,17,2,8,0,1,0,2,2,0,4,7,5,8,3
2013.0,-78.144,0.0,0.0,3,6,3,0,0,0,0,1,1,1,0,0,1,1,1,18,2,8,0,1,0,1,1,0,2,7,5,8,3
2013.0,-400.224,0.0,0.0,3,1,3,0,0,0,0,1,1,1,0,0,9,1,1,6,3,8,0,0,0,0,1,0,1,4,0,3,9
2013.0,-400.224,1.0,0.0,1,5,3,0,0,0,1,7,1,1,2,1,1,1,1,7,3,8,0,1,0,2,1,0,6,5,5,3,5
2013.0,0.0,0.0,0.0,3,4,3,0,0,0,0,1,1,1,0,1,7,1,1,8,3,8,0,1,0,1,2,0,4,5,5,3,9
2013.0,0.0,1.0,0.0,1,4,3,0,0,0,1,1,1,1,0,0,9,1,1,10,3,8,0,0,0,2,2,0,4,2,5,9,3
2013.0,99.792,1.0,0.0,3,5,3,0,0,0,1,2,1,1,3,1,8,1,1,11,3,8,0,0,0,0,0,0,6,0,5,5,3
2013.0,-1299.936,0.0,0.0,3,6,3,0,0,0,1,1,1,1,0,1,1,1,1,14,3,8,0,0,0,1,1,0,0,7,5,8,3
2013.0,-104.016,1.0,0.0,3,6,3,0,0,0,1,9,1,1,0,0,9,1,1,14,3,8,0,0,0,1,1,0,4,7,5,8,3
2013.0,0.0,0.0,0.0,3,10,3,0,0,0,1,1,1,1,0,1,2,1,1,14,3,8,0,0,0,1,1,0,2,2,5,3,9
2013.0,89.76,0.0,0.0,3,6,3,0,0,0,1,2,1,1,0,0,2,1,1,16,3,8,0,1,0,0,2,0,6,8,5,8,3
2013.0,380.16,0.0,0.0,3,10,3,0,0,0,1,1,1,1,0,0,1,1,1,17,3,8,0,1,0,2,1,0,6,9,5,3,2
2013.0,0.0,0.0,0.0,3,1,3,0,0,0,0,9,1,1,0,1,2,1,1,17,3,8,0,1,0,1,1,0,4,2,5,9,9
2013.0,297.264,1.0,0.0,3,1,3,0,0,0,1,2,1,1,0,1,1,1,1,18,3,8,0,1,0,2,2,0,0,2,5,3,9
2013.0,2000.064,0.0,0.0,3,6,3,0,0,0,1,5,0,1,0,1,5,1,1,18,3,8,0,1,0,1,0,0,6,7,5,8,3
2013.0,4.752,1.0,0.0,1,1,0,0,0,0,2,1,1,1,3,1,2,1,1,21,3,8,0,0,0,0,2,0,4,2,5,7,9
2013.0,-200.112,0.0,0.0,3,12,0,0,0,0,2,8,1,1,1,1,5,1,1,8,4,8,0,1,0,0,2,0,6,5,5,6,5
2013.0,89.76,0.0,0.0,3,6,3,1,0,0,1,9,1,1,0,1,9,1,1,9,4,8,0,1,0,1,1,0,6,0,5,8,3
2013.0,0.0,0.0,0.0,3,4,3,1,0,0,1,4,1,1,0,1,5,1,1,11,4,8,0,0,0,1,2,0,4,4,5,3,9
2013.0,-214.896,0.0,0.0,3,6,3,0,0,0,0,5,1,1,0,1,5,1,1,12,4,8,0,0,0,0,1,0,4,7,5,8,3
2013.0,230.208,0.0,0.0,3,1,3,0,0,0,1,1,1,1,0,0,5,1,1,12,4,8,0,0,0,1,1,0,0,2,5,8,9
2013.0,-220.176,0.0,0.0,3,6,3,1,0,0,1,5,1,1,0,1,5,1,1,15,4,8,0,0,0,1,1,0,6,7,5,8,3
2013.0,78.144,0.0,0.0,3,6,3,0,0,0,1,9,1,1,0,0,9,1,1,15,4,8,0,0,0,0,1,0,4,0,5,8,3
2013.0,154.176,0.0,0.0,3,6,3,1,0,0,1,5,1,1,0,0,5,1,1,15,4,8,0,0,0,2,1,0,4,7,5,8,3
2013.0,149.952,0.0,0.0,3,4,3,1,0,0,0,7,1,1,0,1,5,1,1,16,4,8,0,1,0,1,1,0,6,2,5,3,9
2013.0,-299.904,0.0,0.0,3,6,3,1,0,0,0,1,1,1,0,0,1,1,1,16,4,8,0,1,0,1,1,0,6,0,5,8,8
2013.0,533.808,0.0,0.0,3,6,3,3,4,0,1,2,1,1,0,1,2,1,1,16,4,8,0,1,1,1,1,0,6,0,5,8,3
2013.0,277.2,1.0,0.0,2,1,3,1,0,2,0,1,1,1,0,0,5,1,1,17,4,8,0,1,0,2,1,0,0,5,5,9,3
2013.0,80.256,0.0,0.0,3,5,0,3,4,0,1,2,1,1,0,1,5,1,1,20,4,8,0,0,1,2,1,0,4,5,5,8,1
2013.0,2.112,0.0,0.0,3,5,0,0,0,0,2,2,1,1,3,1,9,1,1,21,4,8,0,0,0,0,1,0,2,4,5,7,9
2013.0,0.0,0.0,0.0,3,1,0,1,4,0,0,1,1,1,0,0,2,1,1,21,4,8,0,0,1,2,2,0,4,4,5,3,9
2013.0,-200.112,0.0,0.0,3,10,0,1,0,0,0,9,1,1,0,0,9,1,1,22,4,8,0,0,0,2,2,0,6,9,5,3,2
2013.0,100.848,0.0,0.0,3,12,0,0,0,0,2,8,1,1,1,1,8,1,1,9,5,8,1,1,0,0,1,0,8,5,5,6,5
2013.0,0.0,1.0,0.0,2,1,3,0,0,0,0,2,1,1,0,1,6,1,1,15,5,8,1,0,0,2,1,0,4,2,5,9,3
2013.0,0.0,0.0,0.0,3,1,3,0,0,0,1,1,1,1,0,0,5,1,1,17,5,8,1,1,0,1,2,0,4,2,5,9,3
2013.0,0.0,0.0,0.0,3,6,3,0,0,0,0,1,1,1,0,1,1,1,1,18,5,8,1,1,0,1,1,0,3,7,5,8,3
2013.0,10.032,0.0,0.0,3,6,0,0,0,0,1,2,1,1,0,1,2,1,1,23,5,8,1,0,0,2,1,0,4,7,5,8,3
2013.0,-174.768,0.0,0.0,3,10,0,0,0,0,2,1,1,1,0,1,1,1,1,3,6,9,1,0,0,0,1,0,4,0,5,3,3
2013.0,0.0,0.0,0.0,3,1,3,0,0,0,0,2,1,1,0,0,5,1,1,14,6,9,1,0,0,1,0,0,2,2,5,3,9
2013.0,-30.096,0.0,0.0,3,6,3,0,0,0,1,2,0,1,0,0,2,1,1,16,6,9,1,1,0,1,2,0,6,7,5,8,3
2013.0,0.0,0.0,0.0,3,4,0,0,0,0,0,2,1,1,0,1,9,1,1,20,6,9,1,0,0,1,1,0,3,5,5,3,9
2013.0,-34.848,1.0,0.0,3,4,3,0,0,0,1,1,1,1,0,1,1,1,1,12,0,9,0,0,0,1,1,0,4,2,5,9,9
2013.0,-116.16,0.0,0.0,3,6,3,1,0,0,1,1,1,1,0,1,1,1,1,14,0,9,0,0,0,1,1,0,4,7,5,8,3
2013.0,-5.808,0.0,0.0,3,1,3,1,4,0,0,1,1,1,0,0,5,1,1,14,0,9,0,0,1,1,1,0,4,2,5,3,3
2013.0,-134.112,1.0,0.0,2,1,3,1,0,2,1,1,1,1,0,0,5,1,1,14,0,9,0,0,0,2,0,0,6,2,5,3,7
2013.0,86.064,2.0,0.0,3,6,0,0,0,0,2,1,1,1,0,0,1,1,1,20,0,9,0,0,0,0,2,0,6,7,5,8,3
2013.0,-536.976,0.0,0.0,3,6,3,0,0,0,0,2,1,1,0,1,2,1,1,7,1,9,0,1,0,1,1,0,6,7,5,3,3
2013.0,182.16,0.0,0.0,3,1,3,0,0,0,1,7,1,1,0,0,2,1,1,8,1,9,0,1,0,1,0,0,0,2,5,3,9
2013.0,60.192,1.0,0.0,2,1,3,0,0,2,1,5,1,1,0,0,9,1,1,8,1,9,0,1,0,2,1,0,4,9,5,9,7
2013.0,862.224,0.0,0.0,3,6,3,1,0,0,1,9,1,1,0,0,9,1,1,9,1,9,0,1,0,1,1,0,4,8,5,8,3
2013.0,-949.872,0.0,0.0,3,10,3,0,0,0,1,2,1,1,0,1,2,1,1,11,1,9,0,0,0,0,2,0,6,5,5,3,2
2013.0,293.04,0.0,0.0,3,10,3,0,0,0,1,2,1,1,0,1,2,1,1,12,1,9,0,0,0,1,1,0,6,5,5,5,5
2013.0,221.232,1.0,0.0,3,5,3,0,0,0,1,5,1,0,1,1,8,1,1,13,1,9,0,0,0,1,1,0,6,7,5,6,3
2013.0,-381.216,0.0,0.0,3,3,3,0,0,0,0,2,1,1,0,1,5,1,1,13,1,9,0,0,0,2,2,0,6,5,5,2,2
2013.0,-200.112,1.0,0.0,3,1,3,0,0,0,1,5,1,1,2,1,1,1,1,14,1,9,0,0,0,1,2,0,0,2,5,3,9
2013.0,70.224,0.0,0.0,3,6,3,0,0,0,0,5,1,1,0,0,5,1,1,14,1,9,0,0,0,2,1,0,4,8,5,8,3
2013.0,-68.112,0.0,0.0,3,6,3,0,0,0,1,1,1,1,0,0,1,1,1,15,1,9,0,0,0,2,1,0,4,7,5,8,3
2013.0,0.0,2.0,0.0,3,4,3,0,0,0,0,3,1,1,0,0,9,1,1,16,1,9,0,1,0,1,1,0,4,2,5,3,9
2013.0,0.0,2.0,0.0,3,1,3,0,0,0,0,2,1,1,0,0,5,1,1,16,1,9,0,1,0,2,1,0,2,2,5,9,3
2013.0,0.0,1.0,0.0,3,4,3,0,0,0,1,4,1,1,0,0,5,1,1,16,1,9,0,1,0,2,2,0,4,2,5,3,9