Year,Distance,Totalinjuries,Totalfatalities,Injuryseverity,Collisionmanner,Lightcondition,Weather,SurfaceCondition,Unittype_One,Gender_Drv1,Traveldirection_One,AlcoholUse_Drv1,DrugUse_Drv1,Unittype_Two,Gender_Drv2,Traveldirection_Two,AlcoholUse_Drv2,DrugUse_Drv2,Hour,Weekday,Month,Weekend,Rush_Hour,Hazardous_Road,Age_Group_Drv1,Age_Group_Drv2,Substance_Use,Junction_Category,Violation_Category_Drv1,Violation_Category_Drv2,Unitaction_Category_Two,Unitaction_Category_One
2013.0,-268.224,0.0,0.0,3,5,3,0,0,0,2,1,1,1,1,1,2,1,1,17,1,9,0,1,0,0,1,0,6,5,5,6,1
2013.0,429.792,0.0,0.0,3,6,3,0,0,0,0,1,1,1,0,0,1,1,1,17,1,9,0,1,0,2,1,0,6,7,5,8,3
2013.0,-363.792,0.0,0.0,3,10,3,0,0,0,0,9,1,1,0,0,9,1,1,17,1,9,0,1,0,2,1,0,2,9,5,3,2
2013.0,50.16,0.0,0.0,3,6,3,0,0,0,0,9,1,1,0,0,9,1,1,18,1,9,0,1,0,0,1,0,4,7,5,8,3
2013.0,99.792,0.0,0.0,3,6,3,0,0,0,1,2,1,1,0,0,2,1,1,18,1,9,0,1,0,1,2,0,6,8,5,8,3
2013.0,-30.096,0.0,0.0,3,6,0,1,0,0,0,2,1,1,0,0,2,1,1,19,1,9,0,1,0,2,1,0,4,0,5,8,3
2013.0,0.0,2.0,0.0,3,1,3,0,0,0,0,5,1,1,0,0,1,1,1,9,2,9,0,1,0,0,1,0,4,2,5,3,3
2013.0,24.816,1.0,0.0,3,6,3,0,0,0,1,9,1,1,0,0,9,1,1,9,2,9,0,1,0,2,1,0,4,0,5,8,3
2013.0,0.0,1.0,0.0,2,5,3,0,0,0,0,9,1,1,0,0,1,1,1,9,2,9,0,1,0,1,1,0,4,5,5,3,9
2013.0,487.872,0.0,0.0,3,1,3,0,0,0,0,5,1,1,0,0,9,1,1,12,2,9,0,0,0,1,1,0,0,2,5,3,5
2013.0,0.0,0.0,0.0,3,1,3,0,0,0,0,2,1,1,0,0,5,1,1,12,2,9,0,0,0,1,1,0,4,2,5,9,3
2013.0,0.0,0.0,0.0,3,10,3,0,0,0,1,4,1,1,0,1,4,1,1,13,2,9,0,0,0,2,1,0,2,9,5,9,3
2013.0,77.088,1.0,0.0,3,6,3,0,0,0,1,9,1,1,0,0,9,1,1,16,2,9,0,1,0,1,1,0,6,7,5,8,3
2013.0,-409.2,0.0,0.0,3,6,3,0,0,0,1,2,1,1,0,1,2,1,1,7,3,9,0,1,0,2,0,0,6,7,5,8,3
2013.0,133.056,0.0,0.0,3,6,3,0,0,0,0,2,1,1,0,0,2,1,1,9,3,9,0,1,0,2,1,0,6,7,5,8,3
2013.0,286.176,1.0,0.0,3,1,3,0,0,2,0,9,1,1,0,1,2,1,1,10,3,9,0,0,0,2,1,0,6,5,5,9,3
2013.0,44.88,0.0,0.0,3,6,3,0,0,0,1,5,1,1,0,1,5,1,1,13,3,9,0,0,0,2,1,0,6,7,5,8,3
2013.0,0.0,0.0,0.0,3,4,3,0,0,0,1,2,1,1,0,1,1,1,1,13,3,9,0,0,0,1,1,0,4,2,5,3,9
2013.0,-198.0,0.0,0.0,3,10,3,0,0,0,1,1,1,1,0,1,1,1,1,15,3,9,0,0,0,0,2,0,6,9,5,3,2
2013.0,0.0,1.0,0.0,2,4,3,0,0,0,0,7,1,1,0,1,1,1,1,15,3,9,0,0,0,1,1,0,4,5,5,3,9
2013.0,234.96,0.0,0.0,3,6,3,0,0,0,1,1,1,1,0,0,1,1,1,16,3,9,0,1,0,2,0,0,0,0,5,8,3
2013.0,74.976,0.0,0.0,3,6,3,0,0,0,1,9,1,1,0,0,9,1,1,16,3,9,0,1,0,1,1,0,4,8,5,8,3
2013.0,-88.176,0.0,0.0,3,6,3,0,0,0,1,1,1,1,0,0,1,1,1,16,3,9,0,1,0,2,0,0,6,0,5,8,3
2013.0,0.0,3.0,0.0,3,1,3,0,0,0,0,1,1,1,0,1,5,1,1,17,3,9,0,1,0,1,2,0,4,5,5,3,3
2013.0,0.0,2.0,0.0,2,6,3,0,0,0,1,1,1,1,0,1,1,1,1,17,3,9,0,1,0,2,1,0,4,7,5,8,3
2013.0,-119.856,0.0,0.0,3,8,3,0,0,0,2,2,1,1,1,1,8,1,1,17,3,9,0,1,0,0,1,0,6,7,5,6,1
2013.0,269.808,0.0,0.0,3,6,3,0,0,0,1,9,1,1,0,1,9,1,1,17,3,9,0,1,0,2,1,0,6,7,5,8,3
2013.0,0.0,0.0,0.0,3,4,3,0,0,0,2,5,1,1,0,1,9,1,1,18,3,9,0,1,0,0,0,0,4,0,5,8,9
2013.0,-228.096,0.0,0.0,3,10,0,0,0,0,1,5,1,1,0,1,5,1,1,19,3,9,0,1,0,0,2,0,6,4,5,3,9
2013.0,-180.048,0.0,0.0,3,6,0,0,0,0,1,1,1,1,1,1,1,1,1,20,3,9,0,0,0,0,1,0,6,5,5,6,1
2013.0,0.0,0.0,0.0,3,6,0,0,0,0,1,9,1,1,0,1,9,1,1,21,3,9,0,0,0,2,1,0,4,0,5,8,3
2013.0,42.24,0.0,0.0,3,6,3,0,0,0,2,5,1,1,0,1,5,1,1,5,4,9,0,0,0,0,2,0,4,7,5,8,3
2013.0,382.8,0.0,0.0,3,1,3,0,0,0,0,5,1,1,0,1,9,1,1,7,4,9,0,1,0,1,1,0,0,2,5,3,9
2013.0,-249.744,0.0,0.0,3,6,3,0,0,0,1,5,1,1,0,1,5,1,1,8,4,9,0,1,0,1,2,0,6,7,5,8,3
2013.0,211.2,1.0,0.0,2,6,3,0,0,0,0,1,1,1,0,0,1,1,1,8,4,9,0,1,0,1,1,0,6,0,5,8,3
2013.0,0.0,0.0,0.0,3,4,3,0,0,0,1,5,1,1,0,1,2,1,1,9,4,9,0,1,0,0,1,0,4,2,5,9,3
2013.0,-66.0,0.0,0.0,3,10,3,0,0,0,0,2,1,1,0,1,2,1,1,9,4,9,0,1,0,2,1,0,4,4,4,9,9
2013.0,0.0,1.0,0.0,3,4,3,0,0,0,1,6,1,1,0,0,2,1,1,10,4,9,0,0,0,1,1,0,4,5,2,3,9
2013.0,0.0,1.0,0.0,2,4,3,0,0,0,0,9,1,1,0,1,1,1,1,13,4,9,0,0,0,2,1,0,4,2,5,3,9
2013.0,0.0,1.0,0.0,2,4,3,0,0,0,0,2,1,1,0,1,5,1,1,13,4,9,0,0,0,2,2,0,4,2,7,3,9
2013.0,-73.92,1.0,0.0,2,6,3,0,0,0,0,2,1,1,0,0,2,1,1,14,4,9,0,0,0,1,1,0,4,0,5,8,3
2013.0,91.872,0.0,0.0,3,10,3,0,0,0,0,5,1,1,0,1,5,1,1,14,4,9,0,0,0,2,1,0,4,9,5,3,2
2013.0,-91.872,0.0,0.0,3,6,3,0,0,0,0,5,1,1,0,1,5,1,1,14,4,9,0,0,0,2,1,0,6,8,5,8,3
2013.0,-61.776,1.0,0.0,2,1,3,1,0,2,1,5,1,1,0,1,5,1,1,15,4,9,0,0,0,1,1,0,6,2,5,3,5
2013.0,0.0,0.0,0.0,3,4,3,1,4,0,0,2,1,1,0,1,9,1,1,18,4,9,0,1,1,2,1,0,4,2,5,3,9
2013.0,80.256,0.0,0.0,3,6,0,0,0,0,2,5,1,1,0,0,5,1,1,22,4,9,0,0,0,0,1,0,4,7,5,8,3
2013.0,29.04,1.0,0.0,3,5,1,1,0,0,1,1,1,1,3,0,1,1,1,4,6,9,1,0,0,1,0,0,6,5,5,7,1
2013.0,799.92,0.0,0.0,3,10,2,0,0,0,2,3,1,1,0,1,3,1,1,6,6,9,1,0,0,0,1,0,6,0,5,9,9
2013.0,0.0,1.0,0.0,3,1,0,0,0,0,0,9,1,1,0,1,2,1,1,21,6,9,1,0,0,2,1,0,2,2,5,3,3
2013.0,0.0,0.0,0.0,3,1,3,3,4,0,0,3,1,1,0,1,9,1,1,7,0,9,0,1,1,1,1,0,4,2,5,3,9
2013.0,0.0,0.0,0.0,3,4,3,0,4,0,0,1,1,1,0,1,9,1,1,7,0,9,0,1,1,1,2,0,4,4,5,3,9
2013.0,0.0,1.0,0.0,3,1,3,3,0,2,0,4,1,1,0,1,9,1,1,7,0,9,0,1,0,1,1,0,4,2,5,3,9
2013.0,0.0,0.0,0.0,3,4,3,3,4,0,0,5,1,1,0,1,2,1,1,8,0,9,0,1,1,1,2,0,2,2,5,3,9
2013.0,-130.944,0.0,0.0,3,1,3,3,4,0,1,2,1,1,2,0,2,1,1,8,0,9,0,1,1,1,2,0,6,5,5,3,9
2013.0,249.744,0.0,0.0,3,6,3,3,4,0,1,1,1,1,0,1,1,1,1,11,0,9,0,0,1,1,0,0,6,7,5,8,3
2013.0,-99.792,0.0,0.0,3,6,3,3,4,0,1,2,1,1,0,0,2,1,1,11,0,9,0,0,1,2,2,0,4,7,5,8,3
2013.0,-881.232,1.0,0.0,3,6,3,3,4,0,1,1,1,1,0,0,1,1,1,12,0,9,0,0,1,2,1,0,6,7,5,8,3
2013.0,224.928,0.0,0.0,3,6,3,3,4,0,0,2,1,1,0,1,2,1,1,13,0,9,0,0,1,1,2,0,6,7,5,8,3
2013.0,0.0,1.0,0.0,3,4,3,1,0,0,1,9,1,1,0,1,4,1,1,13,0,9,0,0,0,1,1,0,2,2,5,9,3
2013.0,-119.856,0.0,0.0,3,6,3,3,4,0,0,5,1,1,0,1,5,1,1,13,0,9,0,0,1,2,1,0,6,7,5,8,3
2013.0,-119.856,0.0,0.0,3,6,3,3,4,0,0,5,1,1,0,1,5,1,1,13,0,9,0,0,1,2,2,0,6,7,5,8,3
2013.0,23.76,1.0,0.0,2,1,3,0,0,0,1,4,1,1,2,0,9,1,1,14,0,9,0,0,0,1,2,0,4,2,2,3,9
2013.0,0.0,0.0,0.0,3,4,3,1,0,0,0,3,1,1,0,0,9,1,1,14,0,9,0,0,0,1,2,0,4,5,5,3,9
2013.0,0.0,1.0,0.0,2,1,3,0,0,2,1,2,1,1,0,0,9,1,1,14,0,9,0,0,0,1,1,0,4,2,5,3,3
2013.0,0.0,0.0,0.0,3,6,3,0,0,0,1,5,1,1,0,0,2,1,1,16,0,9,0,1,0,1,0,0,2,7,5,8,3
2013.0,419.76,0.0,0.0,3,6,3,1,0,0,1,9,1,1,0,1,9,1,1,16,0,9,0,1,0,2,2,0,6,7,5,8,3
2013.0,390.192,2.0,0.0,3,4,3,1,0,0,1,6,1,1,0,1,9,1,1,17,0,9,0,1,0,1,2,0,6,2,5,3,9
2013.0,64.944,0.0,0.0,3,1,3,1,0,0,0,7,1,1,0,0,5,1,1,17,0,9,0,1,0,1,1,0,4,4,5,3,9
2013.0,-4.752,1.0,0.0,1,1,3,1,0,2,1,9,1,1,0,1,2,1,1,17,0,9,0,1,0,2,2,0,4,2,5,9,5
2013.0,230.208,1.0,0.0,3,4,3,0,0,0,1,7,1,1,0,1,2,1,1,7,1,9,0,1,0,1,1,0,6,2,5,3,9
2013.0,0.0,0.0,0.0,3,6,3,0,0,0,2,2,1,1,0,0,2,1,1,7,1,9,0,1,0,0,1,0,4,7,5,8,3
2013.0,549.12,0.0,0.0,3,6,3,0,0,0,1,9,1,1,0,1,9,1,1,8,1,9,0,1,0,1,1,0,6,7,5,8,3
2013.0,-299.904,0.0,0.0,3,4,3,0,0,0,1,9,1,1,0,1,5,1,1,8,1,9,0,1,0,0,1,0,0,2,5,3,9
2013.0,-118.8,0.0,0.0,3,6,3,0,0,0,1,2,0,1,1,1,2,1,1,8,1,9,0,1,0,1,1,0,6,9,5,6,3
2013.0,-115.104,0.0,0.0,3,10,3,0,0,0,1,9,1,1,0,1,9,1,1,10,1,9,0,0,0,2,1,0,6,9,5,3,2
2013.0,-110.88,1.0,0.0,3,6,3,0,0,0,0,1,1,1,0,0,1,1,1,14,1,9,0,0,0,1,1,0,6,7,5,8,3
2013.0,0.0,0.0,0.0,3,4,3,0,0,0,0,5,1,1,0,0,2,1,1,14,1,9,0,0,0,2,1,0,4,2,5,3,9
2013.0,-64.944,0.0,0.0,3,6,3,0,0,0,0,1,1,1,0,1,1,1,1,15,1,9,0,0,0,1,2,0,4,7,5,8,3
2013.0,-3.168,1.0,0.0,2,10,3,0,0,0,1,1,1,1,2,1,1,1,1,16,1,9,0,1,0,2,2,0,2,4,5,3,9
2013.0,-60.192,0.0,0.0,3,1,3,0,0,0,0,2,1,1,0,1,2,1,1,17,1,9,0,1,0,2,2,0,4,4,5,3,9
2013.0,20.064,0.0,0.0,3,6,3,0,0,0,1,9,1,1,0,1,9,1,1,18,1,9,0,1,0,2,1,0,4,8,5,3,3
2013.0,0.0,1.0,0.0,2,4,0,0,0,0,1,5,1,1,0,1,1,1,1,19,1,9,0,1,0,2,2,0,4,2,5,3,9
2013.0,-224.928,0.0,0.0,3,6,0,0,0,0,1,1,0,1,0,1,1,1,1,20,1,9,0,0,0,1,1,0,4,7,5,8,3
2013.0,0.0,0.0,0.0,3,6,3,0,0,0,0,1,1,1,0,1,1,1,1,6,2,9,0,0,0,1,2,0,4,7,5,3,3
2013.0,-180.048,1.0,0.0,1,6,3,0,0,0,0,1,1,1,0,1,1,1,1,6,2,9,0,0,0,2,2,0,4,0,5,8,3
2013.0,208.032,1.0,0.0,3,4,3,0,0,0,0,4,1,1,0,0,9,1,1,7,2,9,0,1,0,1,2,0,6,2,5,3,9
2013.0,100.848,0.0,0.0,3,6,3,0,0,0,2,5,1,1,0,1,5,1,1,8,2,9,0,1,0,0,2,0,6,7,5,8,3
2013.0,-70.224,1.0,0.0,3,6,3,0,0,0,0,1,1,1,0,0,1,1,1,9,2,9,0,1,0,1,0,0,6,7,5,8,3
2013.0,0.0,0.0,0.0,3,1,3,0,0,0,1,7,1,1,0,1,5,1,1,11,2,9,0,0,0,1,0,0,2,2,5,3,9
2013.0,500.016,0.0,0.0,3,10,3,0,0,0,1,5,1,1,0,1,5,1,1,12,2,9,0,0,0,1,1,0,6,5,5,3,3
2013.0,0.0,1.0,0.0,3,4,3,0,0,0,0,6,1,1,0,0,9,1,1,14,2,9,0,0,0,1,2,0,4,2,5,3,9
2013.0,0.0,0.0,0.0,3,4,3,0,0,0,0,5,1,1,0,1,1,1,1,16,2,9,0,1,0,1,1,0,4,2,5,9,3
2013.0,-525.888,0.0,0.0,3,1,3,0,0,0,1,2,1,1,0,0,1,1,1,16,2,9,0,1,0,2,2,0,0,2,5,3,5
2013.0,0.0,0.0,0.0,3,1,3,0,0,0,1,9,1,1,0,1,5,1,1,18,2,9,0,1,0,2,1,0,4,2,5,3,3
2013.0,205.92,1.0,0.0,2,1,3,0,0,3,1,1,1,1,0,0,5,1,1,18,2,9,0,1,0,2,1,0,6,2,5,3,7
2013.0,0.0,1.0,0.0,1,4,3,0,0,0,2,2,1,1,2,1,9,1,1,7,3,9,0,1,0,0,1,0,4,2,5,3,9
2013.0,-32.208,1.0,0.0,2,6,3,0,0,0,0,2,1,1,0,0,2,1,1,8,3,9,0,1,0,1,1,0,6,7,5,8,3
2013.0,-102.96,0.0,0.0,3,6,3,0,0,0,0,5,1,1,0,0,5,1,1,11,3,9,0,0,0,2,1,0,6,7,5,8,3
2013.0,-441.936,1.0,0.0,3,4,3,0,0,0,0,4,1,1,0,1,2,1,1,12,3,9,0,0,0,0,2,0,6,5,5,3,9
2013.0,149.952,0.0,0.0,3,12,3,0,0,0,0,8,1,1,0,0,8,1,1,12,3,9,0,0,0,1,1,0,0,2,5,3,9
2013.0,649.968,1.0,0.0,3,1,3,0,0,0,0,2,1,1,0,0,1,1,1,14,3,9,0,0,0,2,1,0,0,2,5,3,3
2013.0,-1243.968,1.0,0.0,2,1,3,0,0,0,1,3,1,1,0,1,1,0,1,14,3,9,0,0,0,1,1,0,6,5,5,3,9
2013.0,-129.888,1.0,0.0,3,6,3,0,0,2,1,9,1,1,0,1,9,1,1,16,3,9,0,1,0,2,1,0,6,7,5,8,3
2013.0,144.144,0.0,0.0,3,5,3,0,0,0,1,9,1,1,0,0,1,1,1,17,3,9,0,1,0,1,2,0,6,5,5,8,1
2013.0,299.904,0.0,0.0,3,4,3,0,0,0,1,2,1,1,0,1,9,1,1,17,3,9,0,1,0,0,1,0,0,2,5,3,9
2013.0,-20.064,0.0,0.0,3,1,3,0,0,0,2,5,1,1,0,0,1,1,1,17,3,9,0,1,0,0,2,0,6,0,5,3,9
2013.0,0.0,0.0,0.0,3,10,3,0,0,0,1,2,1,1,0,1,2,1,1,17,3,9,0,1,0,0,1,0,4,4,5,9,9
2013.0,-528.0,0.0,0.0,3,6,0,0,0,0,1,1,1,1,0,0,1,1,1,19,3,9,0,1,0,1,2,0,6,7,5,3,3
2013.0,500.016,0.0,0.0,3,6,0,0,0,0,1,9,1,1,0,0,9,1,1,21,3,9,0,0,0,2,2,0,6,8,5,3,3
2013.0,41.184,0.0,0.0,3,6,3,0,0,0,0,2,1,1,0,1,2,1,1,11,4,9,0,0,0,1,2,0,2,7,5,3,3
2013.0,85.008,0.0,0.0,3,6,3,0,0,0,1,5,1,1,0,1,5,1,1,11,4,9,0,0,0,1,1,0,4,7,5,8,3
2013.0,-200.112,0.0,0.0,3,4,3,0,0,0,0,4,1,1,0,1,2,1,1,12,4,9,0,0,0,0,1,0,6,9,5,3,9
2013.0,0.0,1.0,0.0,2,4,3,0,0,0,0,1,1,1,0,0,2,1,1,12,4,9,0,0,0,0,1,0,4,2,5,9,9
2013.0,-96.096,0.0,0.0,3,6,3,0,0,0,1,1,1,1,0,1,1,1,1,12,4,9,0,0,0,1,1,0,2,7,5,3,3
2013.0,321.024,0.0,0.0,3,6,3,0,0,0,1,2,1,1,0,1,2,1,1,13,4,9,0,0,0,1,1,0,6,0,5,9,3
2013.0,0.0,2.0,0.0,1,4,3,0,0,0,1,9,1,1,0,1,1,1,1,13,4,9,0,0,0,2,1,0,4,5,5,3,9
2013.0,174.768,0.0,0.0,3,6,3,0,0,0,1,5,1,1,0,0,5,1,1,14,4,9,0,0,0,1,1,0,4,7,5,8,3
2013.0,-327.888,1.0,0.0,2,1,3,0,0,0,0,1,1,1,0,1,2,1,1,14,4,9,0,0,0,1,1,0,0,2,5,3,9
2013.0,-524.832,0.0,0.0,3,1,3,0,0,0,1,2,1,1,0,0,1,1,1,15,4,9,0,0,0,2,2,0,6,2,5,3,9
2013.0,-60.192,3.0,0.0,3,6,3,0,0,0,0,1,1,1,0,0,1,1,1,15,4,9,0,0,0,2,2,0,6,8,5,3,3
2013.0,0.0,0.0,0.0,3,1,3,0,0,0,1,1,1,1,0,1,2,1,1,17,4,9,0,1,0,1,0,0,4,2,5,3,3
2013.0,278.256,2.0,0.0,2,6,3,0,0,0,1,1,1,1,0,1,1,1,1,17,4,9,0,1,0,1,1,0,4,7,5,8,3
2013.0,375.936,0.0,0.0,3,6,3,0,0,0,1,5,1,1,0,0,5,1,1,18,4,9,0,1,0,2,2,0,6,7,5,8,3
2013.0,400.224,1.0,0.0,3,6,0,0,0,0,1,2,1,1,0,0,2,1,1,19,4,9,0,1,0,1,0,0,6,7,5,8,3
2013.0,-14.784,0.0,0.0,3,1,0,0,0,0,0,9,1,1,0,0,9,1,1,19,4,9,0,1,0,1,2,0,4,5,5,9,9
2013.0,180.048,0.0,0.0,3,6,0,0,0,0,1,9,1,1,0,1,9,1,1,19,4,9,0,1,0,1,2,0,6,7,5,8,3
2013.0,0.0,0.0,0.0,3,4,0,0,0,0,1,7,1,1,0,1,1,1,1,20,4,9,0,0,0,2,1,0,4,4,5,3,9
2013.0,-68.112,0.0,0.0,3,6,2,0,0,0,0,2,1,1,0,0,2,1,1,7,5,9,1,1,0,1,1,0,4,0,5,8,3
2013.0,-60.192,0.0,0.0,3,6,3,0,0,0,0,1,1,1,0,0,1,1,1,11,5,9,1,0,0,2,1,0,4,0,5,8,3
2013.0,0.0,0.0,0.0,3,10,3,0,0,0,0,1,1,1,0,0,1,1,1,11,5,9,1,0,0,0,0,0,6,0,5,3,2
2013.0,530.112,0.0,0.0,3,6,3,0,0,0,1,2,1,1,0,1,2,1,1,13,5,9,1,0,0,1,1,0,6,0,5,8,3
2013.0,-203.808,0.0,0.0,3,1,3,0,0,0,1,9,1,1,0,0,2,1,1,14,5,9,1,0,0,2,2,0,0,2,5,8,9
2013.0,-50.16,0.0,0.0,3,6,3,0,0,0,0,5,1,1,0,1,5,1,1,14,5,9,1,0,0,2,1,0,6,8,5,3,3
2013.0,-40.128,1.0,0.0,3,1,0,0,0,2,0,5,1,1,0,0,9,1,1,21,5,9,1,0,0,1,1,0,6,2,5,9,3
2013.0,0.0,0.0,0.0,3,1,0,0,0,0,2,2,1,1,0,1,2,1,1,23,5,9,1,0,0,0,0,0,4,4,5,3,9
2013.0,-77.088,0.0,0.0,3,6,0,0,0,0,1,2,1,1,0,0,2,1,1,0,6,9,1,0,0,2,2,0,6,7,5,8,3
2013.0,70.224,0.0,0.0,3,6,3,0,0,0,0,5,1,1,0,1,5,1,1,8,6,9,1,1,0,2,0,0,4,0,5,8,8
2013.0,0.0,2.0,0.0,3,1,3,0,0,0,1,2,1,1,0,0,9,1,1,10,6,9,1,0,0,0,1,0,2,5,5,3,3
2013.0,129.888,1.0,0.0,3,1,3,0,0,0,1,9,1,1,0,0,2,1,1,12,6,9,1,0,0,0,2,0,6,2,5,3,9
2013.0,58.08,0.0,0.0,3,6,3,0,0,0,0,9,1,1,0,0,9,1,1,12,6,9,1,0,0,1,2,0,4,8,5,8,3
2013.0,-202.224,1.0,0.0,3,1,3,0,0,2,1,1,1,1,0,1,5,1,1,12,6,9,1,0,0,1,1,0,6,5,5,9,3
2013.0,0.0,0.0,0.0,3,1,3,0,0,0,1,1,0,1,0,1,1,1,1,16,6,9,1,1,0,2,0,0,6,2,5,3,9
2013.0,-105.072,0.0,0.0,3,10,3,0,0,0,1,1,1,1,0,1,1,1,1,18,6,9,1,1,0,1,0,0,6,5,9,3,2
2013.0,70.224,0.0,0.0,3,10,3,0,0,0,0,1,1,1,0,1,1,1,1,8,0,9,0,1,0,2,1,0,6,0,5,8,2
2013.0,-374.88,0.0,0.0,3,6,3,0,0,0,0,9,1,1,0,0,9,1,1,8,0,9,0,1,0,1,1,0,6,7,5,8,3
2013.0,0.0,0.0,0.0,3,4,3,0,0,0,1,1,1,1,0,1,9,1,1,11,0,9,0,0,0,2,1,0,4,2,5,3,9
2013.0,0.0,0.0,0.0,3,6,3,0,0,0,1,9,1,1,0,1,9,1,1,11,0,9,0,0,0,1,0,0,2,0,5,9,9
2013.0,528.0,0.0,0.0,3,10,3,0,0,0,1,9,1,1,0,0,9,1,1,12,0,9,0,0,0,1,1,0,6,5,5,3,3
2013.0,0.0,0.0,0.0,3,4,3,0,0,0,0,2,1,1,0,0,9,1,1,13,0,9,0,0,0,2,2,0,2,2,5,3,9
2013.0,299.904,2.0,0.0,3,4,3,0,0,0,0,5,1,1,0,0,9,1,1,16,0,9,0,1,0,1,1,0,6,2,5,3,9
2013.0,0.0,0.0,0.0,3,4,3,0,0,0,1,5,1,1,0,1,1,1,1,16,0,9,0,1,0,1,2,0,4,5,1,3,9
2013.0,-72.864,0.0,0.0,3,10,3,0,0,0,1,1,1,1,0,0,1,1,1,16,0,9,0,1,0,1,1,0,4,4,5,8,9
2013.0,-85.008,1.0,0.0,3,6,3,0,0,0,1,2,1,1,0,0,2,1,1,17,0,9,0,1,0,1,2,0,6,7,5,8,3
2013.0,299.904,0.0,0.0,3,4,3,0,0,0,1,3,1,1,0,0,9,1,1,17,0,9,0,1,0,1,2,0,6,2,5,3,9
2013.0,-360.096,0.0,0.0,3,6,3,0,0,0,1,1,1,1,0,0,1,1,1,18,0,9,0,1,0,1,1,0,6,7,5,8,3
2013.0,50.16,0.0,0.0,3,6,0,0,0,0,1,9,1,1,0,0,9,1,1,5,1,9,0,0,0,0,0,0,4,0,5,8,3
2013.0,-74.976,0.0,0.0,3,6,3,0,0,0,0,2,1,1,0,0,2,1,1,8,1,9,0,1,0,2,1,0,6,7,5,8,3
2013.0,0.0,1.0,0.0,3,4,3,0,0,0,1,1,1,1,0,1,9,1,1,13,1,9,0,0,0,2,2,0,2,4,5,3,9
2013.0,0.0,0.0,0.0,3,1,3,0,0,0,0,4,1,1,0,0,2,1,1,13,1,9,0,0,0,0,1,0,4,7,5,3,9
2013.0,-5.808,1.0,0.0,3,1,3,0,0,2,1,9,1,1,0,1,3,1,1,14,1,9,0,0,0,2,0,0,6,2,5,9,3
2013.0,-120.912,0.0,0.0,3,6,3,0,0,0,1,5,1,1,0,1,5,1,1,15,1,9,0,0,0,1,2,0,6,8,5,8,3
2013.0,1599.84,2.0,0.0,3,6,3,0,0,0,1,2,1,1,0,0,2,1,1,16,1,9,0,1,0,2,1,0,6,7,5,8,3
2013.0,-50.16,1.0,0.0,2,1,3,0,0,2,0,1,1,1,0,0,2,1,1,16,1,9,0,1,0,2,1,0,6,2,5,3,7
2013.0,0.0,2.0,0.0,3,4,3,0,0,0,1,9,1,1,0,0,1,1,1,17,1,9,0,1,0,0,1,0,4,2,5,3,9
2013.0,-528.0,0.0,0.0,3,6,3,0,0,0,0,2,1,1,0,0,2,1,1,17,1,9,0,1,0,2,1,0,4,7,5,8,3
2013.0,25.872,0.0,0.0,3,6,3,0,0,0,1,1,1,1,0,1,1,1,1,17,1,9,0,1,0,1,1,0,4,7,5,8,3
2013.0,0.0,1.0,0.0,3,4,3,0,0,0,1,9,1,1,0,0,1,1,1,18,1,9,0,1,0,2,1,0,4,2,5,3,9
2013.0,34.848,0.0,0.0,3,6,3,0,0,0,1,9,1,1,0,0,9,1,1,18,1,9,0,1,0,2,1,0,2,8,5,8,3
2013.0,-583.968,0.0,0.0,3,1,3,0,0,0,1,6,1,1,0,0,2,1,1,7,2,9,0,1,0,1,2,0,6,5,5,3,9
2013.0,0.0,2.0,0.0,2,4,3,0,0,0,0,1,1,1,0,1,9,1,1,8,2,9,0,1,0,1,1,0,4,2,5,3,9
2013.0,50.16,1.0,0.0,3,1,3,0,0,2,0,1,1,1,0,1,5,1,1,10,2,9,0,0,0,1,1,0,4,9,5,9,3
2013.0,-171.072,1.0,0.0,3,6,3,0,0,0,0,1,1,1,0,0,1,1,1,11,2,9,0,0,0,2,1,0,6,0,5,8,3
2013.0,-200.112,0.0,0.0,3,8,3,0,0,0,0,1,1,1,0,0,6,1,1,13,2,9,0,0,0,2,0,0,6,5,5,8,1
2013.0,0.0,4.0,0.0,2,1,3,0,0,0,0,5,1,1,0,0,1,1,1,14,2,9,0,0,0,1,1,0,4,2,5,9,3
2013.0,327.888,0.0,0.0,3,6,3,0,0,0,1,1,1,1,0,1,1,1,1,15,2,9,0,0,0,1,1,0,6,0,5,8,3
2013.0,54.912,0.0,0.0,3,6,3,0,0,0,1,5,1,1,0,0,5,1,1,16,2,9,0,1,0,1,1,0,4,0,5,8,3
2013.0,-299.904,0.0,0.0,3,4,3,0,0,0,0,4,1,1,0,1,1,1,1,16,2,9,0,1,0,1,1,0,6,2,5,3,9
2013.0,159.984,1.0,0.0,3,6,3,0,0,0,0,5,1,1,0,1,5,1,1,16,2,9,0,1,0,1,1,0,4,7,5,8,3
2013.0,0.0,0.0,0.0,3,6,3,0,0,0,0,5,1,1,0,0,5,1,1,16,2,9,0,1,0,1,2,0,2,0,5,8,3
2013.0,177.936,1.0,0.0,3,6,3,0,0,0,1,5,1,1,0,1,5,1,1,16,2,9,0,1,0,2,2,0,6,7,5,8,3