Year,Distance,Totalinjuries,Totalfatalities,Injuryseverity,Collisionmanner,Lightcondition,Weather,SurfaceCondition,Unittype_One,Gender_Drv1,Traveldirection_One,AlcoholUse_Drv1,DrugUse_Drv1,Unittype_Two,Gender_Drv2,Traveldirection_Two,AlcoholUse_Drv2,DrugUse_Drv2,Hour,Weekday,Month,Weekend,Rush_Hour,Hazardous_Road,Age_Group_Drv1,Age_Group_Drv2,Substance_Use,Junction_Category,Violation_Category_Drv1,Violation_Category_Drv2,Unitaction_Category_Two,Unitaction_Category_One
2013.0,214.896,1.0,0.0,3,1,3,0,0,2,1,1,1,1,0,1,5,1,1,16,2,9,0,1,0,2,2,0,6,9,5,9,3
2013.0,-285.12,1.0,0.0,3,6,3,0,0,0,1,1,1,1,0,1,1,1,1,17,2,9,0,1,0,1,1,0,6,0,5,8,3
2013.0,605.088,0.0,0.0,3,1,3,0,0,0,1,2,1,1,0,1,1,1,1,17,2,9,0,1,0,1,1,0,6,2,5,3,3
2013.0,0.0,0.0,0.0,3,1,3,0,0,0,1,2,1,1,0,1,9,1,1,17,2,9,0,1,0,1,2,0,4,2,5,3,3
2013.0,-97.152,1.0,0.0,3,6,3,0,0,0,1,1,1,1,0,0,1,1,1,17,2,9,0,1,0,1,1,0,4,7,5,8,8
2013.0,-287.232,0.0,0.0,3,10,3,0,0,0,2,1,1,1,0,1,1,1,1,17,2,9,0,1,0,0,1,0,6,9,5,8,3
2013.0,-513.216,0.0,0.0,3,10,0,0,0,0,1,9,1,1,0,1,9,1,1,19,2,9,0,1,0,1,2,0,6,9,5,3,3
2013.0,0.0,2.0,0.0,3,1,3,0,0,0,1,9,1,1,0,1,2,1,1,6,3,9,0,0,0,1,1,0,4,2,5,3,3
2013.0,0.0,2.0,0.0,3,4,3,0,0,0,0,5,1,1,0,1,2,1,1,7,3,9,0,1,0,1,1,0,4,2,5,3,9
2013.0,-299.904,0.0,0.0,3,4,3,0,0,0,1,4,1,1,0,1,9,1,1,9,3,9,0,1,0,1,2,0,6,2,5,3,9
2013.0,0.0,0.0,0.0,3,1,3,0,0,0,1,2,1,1,0,1,9,1,1,12,3,9,0,0,0,2,1,0,4,7,2,3,9
2013.0,-155.76,0.0,0.0,3,1,3,0,0,0,2,2,1,1,0,1,1,1,1,13,3,9,0,0,0,0,2,0,0,2,5,3,9
2013.0,60.192,0.0,0.0,3,1,3,0,0,0,1,9,1,1,0,0,9,1,1,15,3,9,0,0,0,0,1,0,4,4,5,3,9
2013.0,0.0,0.0,0.0,3,6,3,0,0,0,0,2,1,1,0,0,2,1,1,15,3,9,0,0,0,1,1,0,4,8,5,9,3
2013.0,459.888,1.0,0.0,2,6,3,0,0,0,1,1,1,1,0,1,1,1,1,16,3,9,0,1,0,2,2,0,6,7,5,8,3
2013.0,439.824,3.0,0.0,3,6,3,0,0,0,0,2,1,1,0,0,2,1,1,16,3,9,0,1,0,1,1,0,6,7,5,8,3
2013.0,-340.032,0.0,0.0,3,6,3,0,0,0,1,1,1,1,0,0,1,1,1,17,3,9,0,1,0,2,1,0,6,7,5,8,3
2013.0,591.888,0.0,0.0,3,1,3,0,0,0,0,2,1,1,0,0,9,1,1,17,3,9,0,1,0,0,1,0,0,2,5,8,5
2013.0,139.92,1.0,0.0,3,4,3,0,0,0,0,1,1,1,2,0,9,1,1,17,3,9,0,1,0,2,2,0,6,2,5,3,9
2013.0,-380.16,1.0,0.0,3,6,3,0,0,0,1,9,1,1,0,1,9,1,1,18,3,9,0,1,0,2,1,0,6,7,5,8,3
2013.0,0.0,1.0,0.0,3,4,0,0,0,0,0,2,1,1,0,0,5,1,1,19,3,9,0,1,0,1,1,0,2,2,5,3,9
2013.0,1374.912,0.0,0.0,3,6,0,0,0,0,0,2,1,1,0,1,2,1,1,20,3,9,0,0,0,1,2,0,4,7,5,8,3
2013.0,-412.896,1.0,0.0,3,6,0,0,0,0,0,9,1,1,0,0,9,1,1,20,3,9,0,0,0,1,1,0,6,8,5,8,3
2013.0,0.0,0.0,0.0,3,4,0,0,0,0,0,1,1,1,0,1,9,1,1,4,4,9,0,0,0,1,1,0,2,4,5,3,9
2013.0,0.0,0.0,0.0,3,10,3,0,0,0,0,9,1,1,0,0,9,1,1,7,4,9,0,1,0,0,2,0,4,2,5,3,2
2013.0,249.744,0.0,0.0,3,5,3,0,0,0,1,5,1,1,0,1,2,1,1,8,4,9,0,1,0,1,1,0,0,5,5,8,1
2013.0,540.144,0.0,0.0,3,10,3,0,0,0,1,5,1,1,0,1,5,1,1,9,4,9,0,1,0,2,2,0,6,9,5,3,2
2013.0,-200.112,0.0,0.0,3,10,3,0,0,0,1,1,1,1,0,0,1,1,1,13,4,9,0,0,0,1,1,0,6,9,5,3,2
2013.0,73.92,0.0,0.0,3,6,3,0,0,0,0,5,1,1,0,0,5,1,1,14,4,9,0,0,0,1,1,0,4,7,5,8,3
2013.0,-80.256,1.0,0.0,3,1,3,0,0,3,2,9,1,1,0,1,2,1,1,17,4,9,0,1,0,0,1,0,6,6,5,3,7
2013.0,111.936,0.0,0.0,3,6,3,0,0,0,0,2,1,1,0,0,2,1,1,18,4,9,0,1,0,1,2,0,6,7,5,8,3
2013.0,-520.08,1.0,0.0,3,6,3,0,0,0,1,5,1,1,0,0,5,1,1,18,4,9,0,1,0,1,2,0,6,0,5,8,3
2013.0,40.128,0.0,0.0,3,6,0,0,0,0,2,9,1,1,0,1,9,1,1,19,4,9,0,1,0,0,2,0,4,7,5,8,3
2013.0,-101.904,1.0,0.0,3,6,0,0,0,0,0,5,1,1,0,1,5,1,1,19,4,9,0,1,0,1,1,0,6,0,5,8,3
2013.0,-30.096,0.0,0.0,3,6,0,0,0,0,2,1,1,1,0,1,1,1,1,21,4,9,0,0,0,0,1,0,4,7,5,8,3
2013.0,63.888,0.0,0.0,3,6,0,0,0,0,1,9,0,1,0,0,9,1,1,23,4,9,0,0,0,1,1,0,4,7,5,8,3
2013.0,-200.112,0.0,0.0,3,10,0,0,0,0,2,9,1,1,0,0,9,1,1,23,4,9,0,0,0,0,2,0,6,9,5,3,3
2013.0,528.0,0.0,0.0,3,7,3,0,0,0,0,9,1,1,0,0,9,1,1,16,5,9,1,1,0,1,1,0,2,8,5,3,2
2013.0,-108.24,1.0,0.0,3,6,3,0,0,0,0,9,1,1,0,0,9,1,1,18,5,9,1,1,0,1,1,0,6,7,5,9,3
2013.0,-74.976,0.0,0.0,3,5,0,0,0,0,0,1,1,1,0,0,1,1,1,23,5,9,1,0,0,2,2,0,4,5,5,8,1
2013.0,-80.256,0.0,0.0,3,10,0,0,0,0,2,1,1,1,0,0,1,1,1,23,5,9,1,0,0,0,2,0,4,9,5,3,2
2013.0,-99.792,1.0,0.0,2,6,3,0,0,0,1,2,0,1,0,0,2,1,1,16,6,9,1,1,0,1,2,0,4,0,5,8,3
2013.0,299.904,1.0,0.0,3,1,4,0,0,0,0,5,1,1,0,1,5,1,1,18,6,9,1,1,0,1,2,0,6,7,5,9,3
2013.0,-80.784,1.0,0.0,2,9,0,0,0,0,1,2,0,1,0,1,5,1,1,0,0,9,0,0,0,1,1,0,4,9,5,8,3
2013.0,125.136,0.0,0.0,3,6,2,0,0,0,1,1,1,1,0,1,1,1,1,5,0,9,0,0,0,0,1,0,6,0,5,3,3
2013.0,0.0,0.0,0.0,3,1,2,0,0,0,1,9,1,1,0,1,3,1,1,6,0,9,0,0,0,1,1,0,2,2,5,9,3
2013.0,52.8,0.0,0.0,3,6,3,0,0,0,0,9,1,1,0,0,9,1,1,6,0,9,0,0,0,1,0,0,4,0,5,8,3
2013.0,-40.128,0.0,0.0,3,6,3,0,0,0,0,1,1,1,0,1,1,1,1,6,0,9,0,0,0,2,2,0,2,0,5,8,3
2013.0,50.16,0.0,0.0,3,6,3,0,0,0,0,9,1,1,0,0,9,1,1,8,0,9,0,1,0,2,1,0,2,0,5,8,3
2013.0,-69.168,0.0,0.0,3,6,3,0,0,0,0,2,1,1,0,1,2,1,1,8,0,9,0,1,0,1,1,0,4,8,5,8,3
2013.0,-149.952,0.0,0.0,3,6,3,0,0,0,1,2,1,1,0,1,2,1,1,14,0,9,0,0,0,2,1,0,2,0,5,8,3
2013.0,-31.152,0.0,0.0,3,6,3,0,0,0,1,1,1,1,0,1,1,1,1,14,0,9,0,0,0,0,1,0,6,7,5,8,3
2013.0,343.2,0.0,0.0,3,6,3,0,0,0,0,2,1,1,0,1,2,1,1,14,0,9,0,0,0,2,0,0,6,0,5,8,3
2013.0,698.016,1.0,0.0,3,1,3,0,0,0,1,7,1,1,0,1,1,1,1,14,0,9,0,0,0,1,1,0,6,5,5,3,9
2013.0,0.0,0.0,0.0,3,1,3,0,0,0,0,1,1,1,0,1,2,1,1,15,0,9,0,0,0,2,0,0,4,2,5,3,9
2013.0,-89.76,0.0,0.0,3,10,3,0,0,0,1,5,1,1,0,0,5,1,1,16,0,9,0,1,0,2,2,0,6,9,5,3,2
2013.0,200.112,0.0,0.0,3,6,3,0,0,0,0,9,1,1,0,1,9,1,1,16,0,9,0,1,0,2,1,0,6,7,5,9,3
2013.0,-419.76,2.0,0.0,3,10,3,0,0,0,1,1,1,1,0,0,1,1,1,17,0,9,0,1,0,2,1,0,6,7,5,3,2
2013.0,0.0,0.0,0.0,3,1,3,0,0,0,1,5,1,1,0,1,1,1,1,17,0,9,0,1,0,2,1,0,4,2,5,3,3
2013.0,119.856,1.0,0.0,3,6,3,0,0,0,0,9,1,1,0,0,9,1,1,18,0,9,0,1,0,2,1,0,4,0,5,8,3
2013.0,174.768,1.0,0.0,3,1,0,0,0,0,1,1,1,1,0,0,4,1,1,19,0,9,0,1,0,2,2,0,6,5,5,9,3
2013.0,0.0,1.0,0.0,3,1,0,0,0,0,0,1,1,1,2,1,5,1,1,22,0,9,0,0,0,2,1,0,2,2,5,3,9
2013.0,-7.92,1.0,0.0,2,1,3,0,0,0,0,1,1,1,3,1,9,1,1,7,1,9,0,1,0,1,1,0,4,2,5,7,9
2013.0,105.072,0.0,0.0,3,4,3,0,0,0,1,3,1,1,0,1,9,1,1,7,1,9,0,1,0,1,2,0,6,5,5,3,9
2013.0,-520.08,0.0,0.0,3,10,3,0,0,0,1,1,1,1,0,0,1,1,1,11,1,9,0,0,0,1,2,0,6,9,5,3,2
2013.0,303.072,0.0,0.0,3,1,3,0,0,0,2,9,1,1,0,0,1,1,1,11,1,9,0,0,0,0,0,0,0,2,5,3,9
2013.0,-99.792,0.0,0.0,3,10,3,0,0,0,1,1,1,1,0,0,1,1,1,14,1,9,0,0,0,0,1,0,4,9,5,3,2
2013.0,-64.944,1.0,0.0,3,6,3,0,0,0,0,1,1,1,0,1,1,1,1,14,1,9,0,0,0,2,1,0,4,7,5,8,3
2013.0,-119.856,0.0,0.0,3,6,3,0,0,0,1,1,1,1,0,1,1,1,1,15,1,9,0,0,0,1,2,0,4,7,5,8,3
2013.0,-289.872,1.0,0.0,3,6,3,0,0,0,0,1,1,1,0,0,1,1,1,16,1,9,0,1,0,0,0,0,4,8,5,8,3
2013.0,0.0,0.0,0.0,3,4,3,0,0,0,1,2,1,1,0,0,5,1,1,17,1,9,0,1,0,2,1,0,4,4,5,9,9
2013.0,-680.064,0.0,0.0,3,10,3,0,0,0,1,9,1,1,0,1,9,1,1,17,1,9,0,1,0,0,0,0,6,9,5,3,2
2013.0,-350.064,0.0,0.0,3,4,0,0,0,0,1,2,1,1,0,1,5,1,1,21,1,9,0,0,0,2,2,0,6,4,5,9,9
2013.0,-279.84,1.0,0.0,2,5,3,0,0,2,0,9,1,1,0,1,2,1,1,7,2,9,0,1,0,1,1,0,0,5,5,9,3
2013.0,0.0,0.0,0.0,3,6,3,0,0,0,0,2,1,1,0,0,2,1,1,9,2,9,0,1,0,2,2,0,4,8,5,8,3
2013.0,61.776,1.0,0.0,3,5,3,0,0,0,0,3,1,1,3,1,9,1,1,11,2,9,0,0,0,1,1,0,4,2,5,7,9
2013.0,0.0,1.0,0.0,1,4,3,0,0,0,1,1,1,1,0,1,9,1,1,13,2,9,0,0,0,0,2,0,4,2,5,3,9
2013.0,-145.2,0.0,0.0,3,6,3,0,0,0,0,2,1,1,0,1,2,1,1,13,2,9,0,0,0,2,1,0,4,8,5,8,3
2013.0,-1220.208,0.0,0.0,3,1,3,0,0,0,0,9,1,1,0,1,2,1,1,14,2,9,0,0,0,1,2,0,4,2,5,3,3
2013.0,-53.856,0.0,0.0,3,6,3,0,0,0,0,1,1,1,0,0,1,1,1,15,2,9,0,0,0,2,2,0,4,7,5,8,3
2013.0,-33.792,2.0,0.0,2,10,3,0,0,0,0,2,1,1,0,0,2,1,1,16,2,9,0,1,0,2,1,0,4,2,5,3,9
2013.0,-649.968,1.0,0.0,3,6,3,0,0,0,1,1,1,1,0,1,1,1,1,17,2,9,0,1,0,1,2,0,6,7,5,8,3
2013.0,755.04,1.0,0.0,3,4,3,0,0,0,2,5,1,1,2,1,1,1,1,18,2,9,0,1,0,0,1,0,6,2,5,3,9
2013.0,4.752,1.0,0.0,3,5,0,0,0,0,2,5,1,1,3,0,1,1,1,19,2,9,0,1,0,0,2,0,2,2,5,7,9
2013.0,0.0,1.0,0.0,2,4,0,0,0,0,0,4,1,1,0,1,5,1,1,21,2,9,0,0,0,2,0,0,4,5,5,3,9
2013.0,0.0,0.0,0.0,3,1,3,0,0,0,1,5,1,1,0,0,1,1,1,21,2,9,0,0,0,1,1,0,4,2,5,3,3
2013.0,-24.816,0.0,0.0,3,1,3,0,0,0,1,6,1,1,0,1,5,1,1,7,3,9,0,1,0,1,0,0,4,2,5,3,9
2013.0,354.816,1.0,0.0,2,1,3,0,0,3,1,2,1,1,0,0,1,1,1,7,3,9,0,1,0,1,1,0,6,2,5,3,7
2013.0,-722.832,0.0,0.0,3,6,3,0,0,0,0,2,1,1,0,1,2,1,1,8,3,9,0,1,0,1,1,0,4,7,5,3,3
2013.0,258.192,0.0,0.0,3,4,3,0,0,0,1,2,1,1,0,1,9,1,1,8,3,9,0,1,0,1,1,0,1,2,5,3,9
2013.0,34.848,0.0,0.0,3,6,3,0,0,0,0,9,1,1,0,0,9,1,1,9,3,9,0,1,0,1,1,0,4,7,5,8,3
2013.0,0.0,1.0,0.0,3,5,3,0,0,3,1,5,1,1,0,0,9,1,1,10,3,9,0,0,0,2,2,0,4,5,5,9,5
2013.0,604.032,0.0,0.0,3,4,3,0,0,0,0,4,1,1,0,0,9,1,1,12,3,9,0,0,0,2,1,0,6,2,5,3,9
2013.0,-205.92,0.0,0.0,3,6,3,0,0,0,1,1,1,1,0,1,1,1,1,15,3,9,0,0,0,1,1,0,6,0,5,8,3
2013.0,154.176,0.0,0.0,3,4,3,0,0,0,1,2,1,1,0,1,9,1,1,16,3,9,0,1,0,2,1,0,0,2,5,9,9
2013.0,0.0,2.0,0.0,3,4,3,0,0,0,0,1,1,1,0,1,5,1,1,17,3,9,0,1,0,2,1,0,4,9,5,9,3
2013.0,-1119.888,1.0,0.0,3,1,3,0,0,0,0,2,1,1,0,0,1,1,1,18,3,9,0,1,0,2,1,0,0,4,5,3,9
2013.0,-285.12,0.0,0.0,3,4,0,0,0,0,1,1,1,1,0,1,9,1,1,21,3,9,0,0,0,1,2,0,0,2,5,3,9
2013.0,0.0,2.0,0.0,3,4,3,0,0,0,0,5,1,1,0,1,2,1,1,7,4,9,0,1,0,1,1,0,4,2,5,3,9
2013.0,680.064,1.0,0.0,2,1,3,0,0,2,1,9,1,1,0,1,2,1,1,8,4,9,0,1,0,2,2,0,0,5,5,3,3
2013.0,-249.744,0.0,0.0,3,10,3,0,0,0,0,1,1,1,0,1,1,1,1,9,4,9,0,1,0,2,2,0,6,9,5,3,2
2013.0,-475.2,0.0,0.0,3,6,3,0,0,0,1,1,1,1,0,0,1,1,1,10,4,9,0,0,0,1,1,0,4,8,0,8,3
2013.0,680.064,3.0,0.0,2,6,3,0,0,0,0,1,1,1,0,1,1,1,1,13,4,9,0,0,0,1,0,0,6,7,5,8,3
2013.0,81.84,0.0,0.0,3,4,3,0,0,0,0,6,1,1,0,0,3,1,1,14,4,9,0,0,0,1,0,0,4,4,2,9,9
2013.0,-70.224,0.0,0.0,3,6,3,0,0,0,1,1,1,1,0,1,1,1,1,14,4,9,0,0,0,2,1,0,4,7,5,8,3
2013.0,-187.968,0.0,0.0,3,4,3,0,0,0,0,7,1,1,0,0,5,1,1,16,4,9,0,1,0,2,1,0,6,2,5,3,9
2013.0,-66.0,0.0,0.0,3,6,3,0,0,0,1,5,1,1,0,0,5,1,1,16,4,9,0,1,0,2,1,0,6,7,5,8,2
2013.0,-184.8,0.0,0.0,3,10,0,0,0,0,0,2,1,1,0,0,2,1,1,19,4,9,0,1,0,1,1,0,6,9,5,3,2
2013.0,-134.112,0.0,0.0,3,8,1,0,0,0,1,2,1,1,1,1,2,1,1,20,4,9,0,0,0,1,1,0,6,5,5,6,1
2013.0,0.0,0.0,0.0,3,4,0,0,0,0,0,1,1,1,0,0,6,1,1,20,4,9,0,0,0,2,1,0,4,2,5,9,3
2013.0,340.032,0.0,0.0,3,4,0,0,0,0,0,2,1,1,0,0,9,1,1,20,4,9,0,0,0,2,2,0,0,2,5,3,9
2013.0,30.096,0.0,0.0,3,1,0,0,0,0,0,5,1,1,0,1,5,1,1,21,4,9,0,0,0,2,2,0,4,0,5,9,3
2013.0,0.0,0.0,0.0,3,4,0,0,0,0,1,2,1,1,2,1,5,1,1,21,4,9,0,0,0,1,1,0,4,2,1,3,9
2013.0,-102.96,1.0,0.0,2,10,0,0,0,0,1,5,0,1,1,1,5,1,1,2,5,9,1,0,0,1,1,0,6,7,5,6,3
2013.0,-15.84,1.0,0.0,3,6,0,0,0,0,1,2,1,1,0,1,2,1,1,4,5,9,1,0,0,2,1,0,4,7,5,8,3
2013.0,0.0,0.0,0.0,3,10,3,0,0,0,1,1,1,1,0,1,1,1,1,9,5,9,1,1,0,1,1,0,4,4,5,3,9
2013.0,33.792,1.0,0.0,3,6,3,0,0,0,1,2,1,1,0,0,2,1,1,10,5,9,1,0,0,1,1,0,4,0,5,8,8
2013.0,0.0,3.0,0.0,2,4,3,0,0,0,0,7,1,1,0,0,1,1,1,10,5,9,1,0,0,2,1,0,2,5,5,3,9
2013.0,-127.248,0.0,0.0,3,6,3,0,0,0,1,2,1,1,0,0,2,1,1,10,5,9,1,0,0,1,1,0,4,7,5,8,3
2013.0,-30.096,0.0,0.0,3,6,3,0,0,0,1,2,1,1,0,0,2,1,1,11,5,9,1,0,0,2,1,0,4,7,5,8,3
2013.0,-475.2,0.0,0.0,3,6,3,1,0,0,0,5,1,1,0,1,5,1,1,12,5,9,1,0,0,2,0,0,6,7,5,9,3
2013.0,0.0,0.0,0.0,3,1,3,0,0,0,0,2,1,1,0,1,9,1,1,15,5,9,1,0,0,1,1,0,2,2,5,9,3
2013.0,-10.032,1.0,0.0,2,4,3,0,0,0,0,9,1,1,2,0,1,1,1,17,5,9,1,1,0,0,2,0,4,4,5,3,9
2013.0,781.968,0.0,0.0,3,6,3,0,0,0,1,5,1,1,0,1,5,1,1,18,5,9,1,1,0,1,1,0,6,7,5,8,3
2013.0,-99.792,0.0,0.0,3,10,3,0,0,0,2,2,1,1,0,0,2,1,1,18,5,9,1,1,0,0,1,0,6,9,5,8,2
2013.0,299.904,0.0,0.0,3,10,0,0,0,0,1,5,1,1,0,1,5,1,1,19,5,9,1,1,0,1,2,0,6,9,5,3,2
2013.0,33.792,0.0,0.0,3,10,0,0,0,0,1,9,1,1,0,0,9,1,1,19,5,9,1,1,0,2,1,0,4,9,5,3,2
2013.0,-1799.952,0.0,0.0,3,6,0,0,0,0,0,5,1,1,0,1,5,1,1,22,5,9,1,0,0,2,1,0,6,0,5,8,3
2013.0,0.0,0.0,0.0,3,6,0,0,0,0,0,1,1,1,0,1,1,1,1,23,5,9,1,0,0,2,1,0,4,7,5,8,3
2013.0,-45.936,0.0,0.0,3,6,0,0,0,0,1,1,1,1,0,0,1,1,1,2,6,9,1,0,0,1,2,0,4,7,5,8,3
2013.0,-210.144,0.0,0.0,3,6,3,0,0,0,1,1,1,1,0,0,1,1,1,10,6,9,1,0,0,1,1,0,6,0,5,8,3
2013.0,0.0,1.0,0.0,2,1,3,0,0,0,0,9,1,1,0,0,3,1,1,11,6,9,1,0,0,1,1,0,2,2,5,9,3
2013.0,-200.112,0.0,0.0,3,4,3,0,0,0,0,3,1,1,0,1,5,1,1,13,6,9,1,0,0,1,2,0,6,4,5,3,9
2013.0,0.0,0.0,0.0,3,6,3,0,0,0,0,2,1,1,0,0,2,1,1,15,6,9,1,0,0,1,1,0,6,5,5,3,5
2013.0,70.224,0.0,0.0,3,6,0,0,0,0,2,9,1,1,0,1,9,1,1,21,6,9,1,0,0,0,1,0,2,0,5,3,3
2013.0,0.0,0.0,0.0,3,4,3,0,0,0,1,7,1,1,0,1,1,1,1,8,0,9,0,1,0,1,1,0,4,2,5,3,9
2013.0,99.792,0.0,0.0,3,6,3,0,0,0,1,9,1,1,0,0,9,1,1,9,0,9,0,1,0,1,1,0,4,7,5,8,3
2013.0,129.888,1.0,0.0,3,6,3,0,0,0,1,2,1,1,0,0,2,1,1,10,0,9,0,0,0,1,1,0,6,7,5,8,3
2013.0,24.816,1.0,0.0,3,6,3,0,0,0,0,9,1,1,0,0,9,1,1,12,0,9,0,0,0,1,1,0,6,7,5,8,3
2013.0,127.248,0.0,0.0,3,1,3,0,0,0,0,4,1,1,0,0,9,1,1,14,0,9,0,0,0,2,1,0,6,2,5,3,9
2013.0,159.984,1.0,0.0,3,4,3,0,0,0,1,6,1,1,0,1,2,1,1,15,0,9,0,0,0,0,1,0,6,2,5,3,9
2013.0,0.0,0.0,0.0,3,10,3,0,0,0,0,2,1,1,0,1,2,1,1,16,0,9,0,1,0,2,1,0,4,0,5,9,9
2013.0,149.952,1.0,0.0,3,6,3,0,0,0,1,9,1,1,0,1,9,1,1,16,0,9,0,1,0,0,1,0,4,7,5,8,3
2013.0,221.76,0.0,0.0,3,4,3,0,0,0,1,7,1,1,0,1,5,1,1,18,0,9,0,1,0,2,1,0,6,2,5,3,9
2013.0,-50.16,0.0,0.0,3,1,2,0,0,0,0,1,1,1,0,1,1,1,1,6,1,10,0,0,0,1,2,0,4,9,5,3,2
2013.0,-206.976,1.0,0.0,3,6,3,0,0,0,0,1,1,1,0,1,1,1,1,6,1,10,0,0,0,1,1,0,4,7,5,8,3
2013.0,0.0,2.0,0.0,1,4,3,0,0,0,1,2,1,1,0,1,1,1,1,8,1,10,0,1,0,2,1,0,4,2,5,3,9
2013.0,149.952,2.0,0.0,3,6,3,0,0,0,1,5,1,1,0,0,5,1,1,11,1,10,0,0,0,2,2,0,4,7,5,8,3
2013.0,-119.856,3.0,0.0,3,6,3,0,0,0,0,2,1,1,0,0,2,1,1,14,1,10,0,0,0,2,1,0,4,7,5,8,3
2013.0,0.0,2.0,0.0,1,4,3,0,0,0,1,2,1,1,0,1,5,1,1,15,1,10,0,0,0,2,0,0,4,2,5,3,9
2013.0,-50.16,0.0,0.0,3,6,3,0,0,0,0,2,1,1,0,0,2,1,1,16,1,10,0,1,0,1,1,0,3,7,5,8,9
2013.0,119.856,0.0,0.0,3,6,3,0,0,0,0,5,1,1,0,0,5,1,1,16,1,10,0,1,0,1,1,0,2,7,5,8,3
2013.0,139.92,0.0,0.0,3,1,3,0,0,0,1,7,1,1,0,0,1,1,1,16,1,10,0,1,0,1,1,0,6,0,5,3,9
2013.0,-249.744,0.0,0.0,3,12,4,4,3,0,1,5,1,1,0,0,5,1,1,18,1,10,0,1,0,1,1,0,6,5,5,5,5
2013.0,-115.104,0.0,0.0,3,6,0,0,0,0,0,1,1,1,0,0,1,1,1,18,1,10,0,1,0,1,2,0,2,0,5,3,3
2013.0,173.184,0.0,0.0,3,6,3,0,0,0,0,1,1,1,0,0,1,1,1,7,2,10,0,1,0,1,2,0,6,7,5,8,3
2013.0,404.976,2.0,0.0,3,1,3,0,0,0,0,8,1,1,0,0,8,1,1,7,2,10,0,1,0,1,2,0,6,2,5,3,5
2013.0,-221.232,0.0,0.0,3,6,3,0,0,0,1,2,1,1,0,1,2,1,1,8,2,10,0,1,0,2,2,0,6,0,5,8,3
2013.0,-108.24,0.0,0.0,3,1,3,0,0,0,1,3,1,1,0,0,5,1,1,10,2,10,0,0,0,1,1,0,6,2,5,3,9
2013.0,-528.0,1.0,0.0,3,1,3,0,0,2,0,9,1,1,0,1,2,1,1,13,2,10,0,0,0,1,2,0,6,5,5,9,3
2013.0,0.0,1.0,0.0,2,6,3,0,0,0,1,1,1,1,0,1,1,1,1,14,2,10,0,0,0,2,1,0,4,7,5,3,3
2013.0,589.776,0.0,0.0,3,6,3,0,0,0,1,9,1,1,0,1,9,1,1,15,2,10,0,0,0,2,1,0,4,0,5,8,3
2013.0,74.976,0.0,0.0,3,10,3,0,0,0,1,8,1,1,0,1,8,1,1,16,2,10,0,1,0,1,2,0,6,5,5,3,2
2013.0,115.104,0.0,0.0,3,6,3,0,0,0,1,6,1,1,0,0,6,1,1,16,2,10,0,1,0,2,1,0,4,7,5,3,3
2013.0,0.0,1.0,0.0,3,4,3,0,0,0,0,7,1,1,0,1,1,1,1,17,2,10,0,1,0,2,1,0,4,2,5,3,9
2013.0,-350.064,0.0,0.0,3,5,3,0,0,2,1,1,1,1,0,1,5,1,1,18,2,10,0,1,0,1,1,0,6,9,5,9,3
2013.0,0.0,1.0,0.0,3,4,3,0,0,0,1,9,1,1,0,0,1,1,1,18,2,10,0,1,0,1,2,0,4,2,5,3,9
2013.0,-599.808,1.0,0.0,1,1,0,0,0,0,1,5,1,1,0,1,5,1,1,18,2,10,0,1,0,1,1,0,0,0,5,3,9
2013.0,-570.24,1.0,0.0,3,6,0,0,0,0,0,1,1,1,0,1,1,1,1,18,2,10,0,1,0,1,1,0,6,7,5,3,3
2013.0,-714.912,1.0,0.0,3,5,0,0,0,3,1,2,1,1,0,0,9,1,1,20,2,10,0,0,0,0,2,0,6,2,5,3,7
2013.0,54.912,0.0,0.0,3,6,3,0,0,0,1,1,1,1,0,0,1,1,1,7,3,10,0,1,0,2,1,0,6,0,5,6,3
2013.0,0.0,0.0,0.0,3,4,3,0,0,0,1,5,1,1,0,0,1,1,1,8,3,10,0,1,0,2,1,0,2,2,5,9,3
2013.0,109.824,1.0,0.0,3,6,3,0,0,0,0,5,1,1,0,0,5,1,1,11,3,10,0,0,0,0,1,0,4,7,5,8,3
2013.0,218.064,0.0,0.0,3,10,3,0,0,0,1,7,1,1,0,0,7,1,1,11,3,10,0,0,0,0,1,0,2,4,4,9,9
2013.0,165.264,3.0,0.0,3,6,3,0,0,0,0,1,1,1,0,0,1,1,1,13,3,10,0,0,0,1,1,0,6,7,5,8,3
2013.0,99.264,0.0,0.0,3,6,3,0,0,0,0,5,1,1,0,0,5,1,1,13,3,10,0,0,0,1,2,0,4,0,5,8,3
2013.0,1056.0,0.0,0.0,3,4,3,0,0,0,1,4,1,1,0,1,1,1,1,14,3,10,0,0,0,1,2,0,6,5,5,8,9
2013.0,-170.016,1.0,0.0,3,1,3,0,0,0,1,5,1,1,0,1,1,1,1,14,3,10,0,0,0,1,1,0,6,2,5,3,5
2013.0,0.0,2.0,0.0,1,4,3,0,0,0,1,5,1,1,0,1,2,1,1,15,3,10,0,0,0,2,1,0,2,2,2,9,3