Year,Distance,Totalinjuries,Totalfatalities,Injuryseverity,Collisionmanner,Lightcondition,Weather,SurfaceCondition,Unittype_One,Gender_Drv1,Traveldirection_One,AlcoholUse_Drv1,DrugUse_Drv1,Unittype_Two,Gender_Drv2,Traveldirection_Two,AlcoholUse_Drv2,DrugUse_Drv2,Hour,Weekday,Month,Weekend,Rush_Hour,Hazardous_Road,Age_Group_Drv1,Age_Group_Drv2,Substance_Use,Junction_Category,Violation_Category_Drv1,Violation_Category_Drv2,Unitaction_Category_Two,Unitaction_Category_One
2013.0,60.192,0.0,0.0,3,10,3,0,0,0,0,7,1,1,0,0,5,1,1,15,3,10,0,0,0,0,2,0,4,5,5,8,9
2013.0,-340.032,0.0,0.0,3,6,3,0,0,0,1,1,1,1,0,1,1,1,1,16,3,10,0,1,0,1,2,0,6,7,5,8,3
2013.0,0.0,0.0,0.0,3,6,3,0,0,0,1,5,1,1,0,0,5,1,1,16,3,10,0,1,0,2,2,0,4,7,5,8,8
2013.0,0.0,4.0,0.0,3,4,3,0,0,0,0,2,1,1,0,0,5,1,1,16,3,10,0,1,0,1,1,0,4,2,5,3,9
2013.0,-278.256,1.0,0.0,3,4,3,0,0,0,0,7,1,1,0,0,1,1,1,17,3,10,0,1,0,0,1,0,6,2,5,3,9
2013.0,-528.0,1.0,0.0,1,4,3,0,0,2,1,1,1,1,0,1,9,1,1,17,3,10,0,1,0,1,1,0,6,6,5,9,7
2013.0,-240.24,0.0,0.0,3,6,3,0,0,0,1,1,1,1,0,1,1,1,1,17,3,10,0,1,0,2,2,0,6,0,5,8,3
2013.0,149.952,0.0,0.0,3,6,0,0,0,0,1,5,1,1,0,1,5,1,1,19,3,10,0,1,0,2,2,0,2,7,5,8,3
2013.0,-135.168,0.0,0.0,3,10,0,0,0,0,1,9,1,1,0,1,9,1,1,19,3,10,0,1,0,1,1,0,6,9,5,3,0
2013.0,0.0,0.0,1.0,0,5,0,0,0,2,1,9,0,1,0,1,3,1,1,22,3,10,0,0,0,1,2,0,4,5,5,9,3
2013.0,0.0,2.0,0.0,3,4,0,0,0,0,0,3,1,1,0,0,3,1,1,0,4,10,0,0,0,2,2,0,4,7,5,8,9
2013.0,-73.92,0.0,0.0,3,10,0,0,0,0,1,2,1,1,0,1,2,1,1,1,4,10,0,0,0,1,1,0,6,2,2,3,3
2013.0,99.792,1.0,0.0,1,4,0,0,0,0,1,9,1,1,0,1,1,1,1,5,4,10,0,0,0,1,1,0,6,2,5,3,9
2013.0,0.0,2.0,0.0,1,4,3,0,0,0,0,5,1,1,0,1,2,1,1,8,4,10,0,1,0,2,1,0,2,2,5,9,3
2013.0,0.0,0.0,0.0,3,10,3,0,0,0,1,5,1,1,0,0,5,1,1,9,4,10,0,1,0,1,1,0,4,5,5,9,9
2013.0,-4.752,0.0,0.0,3,6,3,0,0,0,0,2,1,1,0,0,2,1,1,9,4,10,0,1,0,1,1,0,4,7,5,8,3
2013.0,0.0,0.0,0.0,3,1,3,0,0,0,1,1,1,1,0,1,5,1,1,11,4,10,0,0,0,2,1,0,4,4,5,3,9
2013.0,-89.76,0.0,0.0,3,10,3,0,0,0,1,9,1,1,0,1,9,1,1,11,4,10,0,0,0,1,0,0,6,9,5,3,2
2013.0,-394.944,0.0,0.0,3,6,3,0,0,0,0,2,1,1,0,0,2,1,1,15,4,10,0,0,0,2,2,0,4,7,5,8,3
2013.0,-60.192,0.0,0.0,3,6,3,0,0,0,1,2,1,1,0,0,2,1,1,16,4,10,0,1,0,2,1,0,6,8,5,8,3
2013.0,0.0,0.0,0.0,3,6,3,0,0,0,0,2,1,1,0,1,2,1,1,18,4,10,0,1,0,1,0,0,4,7,5,8,3
2013.0,-92.928,1.0,0.0,2,5,0,0,0,2,1,5,1,1,0,1,5,1,1,18,4,10,0,1,0,0,1,0,6,7,5,8,3
2013.0,0.0,4.0,0.0,2,4,0,0,0,0,1,2,1,1,0,0,5,1,1,19,4,10,0,1,0,2,2,0,4,2,5,3,9
2013.0,99.792,1.0,0.0,3,6,0,0,0,0,1,1,1,1,0,0,1,1,1,19,4,10,0,1,0,2,1,0,6,7,5,8,3
2013.0,-69.168,1.0,0.0,1,1,0,0,0,0,1,6,1,1,2,0,1,1,1,20,4,10,0,0,0,2,2,0,4,5,5,3,9
2013.0,-228.096,1.0,0.0,3,6,3,0,0,0,0,5,1,1,0,1,5,1,1,7,5,10,1,1,0,1,1,0,6,7,5,8,3
2013.0,0.0,0.0,0.0,3,4,3,0,0,0,0,2,1,1,0,1,9,1,1,12,5,10,1,0,0,2,2,0,4,4,7,2,9
2013.0,0.0,0.0,0.0,3,10,3,0,0,0,2,1,1,1,0,0,1,1,1,13,5,10,1,0,0,0,2,0,4,2,5,9,3
2013.0,0.0,1.0,0.0,1,5,3,0,0,0,1,7,0,1,0,0,2,1,1,13,5,10,1,0,0,1,1,0,3,2,5,3,9
2013.0,-164.208,1.0,0.0,2,4,3,0,0,0,1,2,1,1,0,0,9,1,1,14,5,10,1,0,0,2,2,0,1,4,5,3,9
2013.0,0.0,0.0,0.0,3,10,3,0,0,0,2,5,1,1,0,0,5,1,1,14,5,10,1,0,0,0,0,0,8,9,5,3,3
2013.0,14.784,0.0,0.0,3,6,3,0,0,0,1,5,1,1,0,0,5,1,1,13,6,10,1,0,0,1,1,0,4,7,5,8,3
2013.0,-40.128,0.0,0.0,3,6,3,0,0,0,0,1,1,1,0,0,1,1,1,17,6,10,1,1,0,2,1,0,6,0,5,8,3
2013.0,-149.952,0.0,0.0,3,4,0,0,0,0,1,9,1,1,0,1,5,1,1,21,6,10,1,0,0,2,2,0,6,2,5,3,9
2013.0,129.888,0.0,0.0,3,4,3,0,0,0,1,7,1,1,0,0,2,1,1,9,0,10,0,1,0,2,2,0,6,2,5,3,9
2013.0,0.0,1.0,0.0,3,1,3,0,0,0,1,9,1,1,0,1,5,1,1,9,0,10,0,1,0,1,1,0,4,2,5,3,3
2013.0,-80.256,0.0,0.0,3,6,3,0,0,0,1,1,1,1,0,1,1,1,1,11,0,10,0,0,0,2,1,0,4,8,5,8,3
2013.0,-180.048,2.0,0.0,3,6,3,0,0,0,0,5,1,1,0,0,5,1,1,12,0,10,0,0,0,1,2,0,4,7,5,8,3
2013.0,45.936,1.0,0.0,3,1,3,0,0,2,1,1,1,1,0,1,4,1,1,14,0,10,0,0,0,1,1,0,6,5,5,9,3
2013.0,80.256,0.0,0.0,3,6,3,0,0,0,0,9,1,1,0,0,9,1,1,16,0,10,0,1,0,1,1,0,4,7,5,8,3
2013.0,-524.832,1.0,0.0,3,4,0,0,0,0,0,9,1,1,0,1,2,1,1,18,0,10,0,1,0,0,2,0,6,0,5,3,9
2013.0,-10.032,0.0,0.0,3,6,0,0,0,0,1,1,1,1,0,1,1,1,1,21,0,10,0,0,0,2,1,0,6,7,5,8,3
2013.0,270.864,0.0,0.0,3,6,3,0,0,0,0,9,1,1,0,1,9,1,1,8,1,10,0,1,0,1,1,0,6,7,5,8,3
2013.0,0.0,0.0,0.0,3,4,3,0,0,0,1,5,1,1,0,0,1,1,1,11,1,10,0,0,0,2,1,0,4,0,5,3,9
2013.0,60.192,0.0,0.0,3,6,3,0,0,0,1,9,1,1,0,1,9,1,1,13,1,10,0,0,0,1,2,0,4,7,5,8,3
2013.0,115.104,1.0,0.0,3,6,3,0,0,0,1,9,1,1,0,1,9,1,1,14,1,10,0,0,0,1,0,0,6,7,5,8,3
2013.0,-139.92,0.0,0.0,3,6,3,0,0,0,0,1,1,1,0,1,1,1,1,17,1,10,0,1,0,2,0,0,6,7,5,8,3
2013.0,0.0,0.0,0.0,3,1,0,0,0,0,0,2,1,1,0,1,1,1,1,18,1,10,0,1,0,2,2,0,2,2,5,3,3
2013.0,0.0,1.0,0.0,3,4,0,0,0,0,1,4,1,1,0,1,5,1,1,18,1,10,0,1,0,1,2,0,4,2,5,3,9
2013.0,0.0,0.0,0.0,3,1,0,0,0,0,2,1,1,1,0,0,5,1,1,21,1,10,0,0,0,0,2,0,2,2,5,3,3
2013.0,-390.192,0.0,0.0,3,4,0,0,0,0,1,1,1,1,0,1,9,1,1,21,1,10,0,0,0,1,1,0,6,9,5,3,9
2013.0,0.0,2.0,0.0,3,3,3,0,0,0,0,2,1,1,0,1,9,1,1,7,2,10,0,1,0,1,1,0,2,2,5,9,3
2013.0,-381.744,0.0,0.0,3,10,3,0,0,0,0,9,1,1,0,1,9,1,1,7,2,10,0,1,0,2,1,0,6,2,5,3,2
2013.0,625.152,0.0,0.0,3,1,3,0,0,0,0,5,1,1,0,0,9,1,1,8,2,10,0,1,0,0,1,0,0,2,5,3,7
2013.0,-101.904,0.0,0.0,3,1,3,0,0,0,1,6,1,1,0,0,1,1,1,9,2,10,0,1,0,2,1,0,4,9,5,3,2
2013.0,-121.968,0.0,0.0,3,6,3,0,0,0,0,5,1,1,0,0,5,1,1,13,2,10,0,0,0,0,2,0,6,9,5,3,2
2013.0,0.0,0.0,0.0,3,10,3,0,0,0,1,4,1,1,0,1,4,1,1,14,2,10,0,0,0,2,1,0,4,0,5,9,9
2013.0,-200.112,1.0,0.0,3,1,3,0,0,2,0,1,1,1,0,0,5,1,1,14,2,10,0,0,0,2,2,0,6,5,5,5,3
2013.0,319.968,0.0,0.0,3,4,3,0,0,0,0,1,1,1,0,1,9,1,1,15,2,10,0,0,0,2,1,0,0,5,4,9,3
2013.0,244.992,0.0,0.0,3,6,0,0,0,0,0,5,1,1,0,0,5,1,1,17,2,10,0,1,0,2,1,0,6,0,5,8,3
2013.0,249.744,2.0,0.0,1,10,0,0,3,0,2,2,1,1,0,1,2,1,1,21,2,10,0,0,0,0,1,0,4,9,5,3,2
2013.0,60.192,2.0,0.0,3,6,0,0,0,0,1,1,0,1,0,0,1,1,1,22,2,10,0,0,0,1,1,0,4,7,5,3,3
2013.0,0.0,2.0,0.0,3,1,2,1,0,0,0,8,1,1,0,0,1,1,1,6,3,10,0,0,0,2,0,0,4,5,5,3,5
2013.0,0.0,0.0,0.0,3,4,3,0,0,0,1,2,1,1,0,0,9,1,1,10,3,10,0,0,0,0,2,0,4,2,5,3,9
2013.0,0.0,0.0,0.0,3,4,3,0,0,0,0,5,1,1,0,1,1,1,1,10,3,10,0,0,0,1,2,0,6,2,5,9,9
2013.0,0.0,0.0,0.0,3,1,3,0,0,0,1,5,1,1,0,1,5,1,1,11,3,10,0,0,0,2,1,0,4,2,5,3,9
2013.0,792.0,1.0,0.0,2,6,3,0,0,0,1,2,1,1,0,0,2,1,1,11,3,10,0,0,0,1,2,0,6,0,5,8,3
2013.0,0.0,0.0,0.0,3,4,3,0,0,0,1,7,1,1,0,1,1,1,1,11,3,10,0,0,0,1,1,0,2,5,5,3,9
2013.0,0.0,1.0,0.0,2,1,3,0,0,0,2,9,1,1,3,0,2,1,1,15,3,10,0,0,0,0,2,0,4,2,5,7,3
2013.0,0.0,0.0,0.0,3,4,3,0,0,0,2,9,1,1,0,0,2,1,1,16,3,10,0,1,0,0,1,0,4,2,5,3,9
2013.0,80.256,0.0,0.0,3,6,3,0,0,0,1,2,1,1,0,1,2,1,1,16,3,10,0,1,0,2,2,0,0,0,5,8,3
2013.0,0.0,0.0,0.0,3,6,3,0,0,0,0,9,1,1,0,0,9,1,1,16,3,10,0,1,0,2,1,0,4,7,5,3,3
2013.0,74.976,0.0,0.0,3,6,3,0,0,0,1,5,1,1,0,1,5,1,1,17,3,10,0,1,0,1,1,0,4,7,5,8,3
2013.0,-99.792,1.0,0.0,3,6,3,0,0,0,1,1,1,1,0,0,1,1,1,17,3,10,0,1,0,1,2,0,6,0,5,8,3
2013.0,-378.048,0.0,0.0,3,4,4,0,0,0,0,2,1,1,0,0,1,1,1,18,3,10,0,1,0,1,1,0,0,2,5,3,9
2013.0,-934.032,0.0,0.0,3,6,0,0,0,0,0,9,1,1,0,1,9,1,1,19,3,10,0,1,0,0,1,0,6,7,5,8,3
2013.0,-524.832,0.0,0.0,3,10,0,0,0,0,2,1,1,1,0,1,1,1,1,1,4,10,0,0,0,0,2,0,6,7,5,9,3
2013.0,514.8,0.0,0.0,3,1,3,0,0,0,1,1,1,1,0,1,9,1,1,7,4,10,0,1,0,1,1,0,6,7,5,8,3
2013.0,-189.024,0.0,0.0,3,6,3,0,0,0,0,2,1,1,0,1,2,1,1,7,4,10,0,1,0,2,1,0,4,7,5,8,3
2013.0,220.176,0.0,0.0,3,6,3,0,0,0,0,5,1,1,0,0,5,1,1,9,4,10,0,1,0,1,1,0,0,8,5,8,3
2013.0,0.0,2.0,0.0,2,4,3,0,0,0,0,3,1,1,0,0,9,1,1,11,4,10,0,0,0,0,2,0,4,4,5,3,9
2013.0,0.0,1.0,0.0,3,4,3,0,0,0,0,5,1,1,0,1,9,1,1,11,4,10,0,0,0,2,2,0,4,2,5,3,9
2013.0,-487.872,1.0,0.0,3,1,3,0,0,0,0,2,1,1,1,1,1,1,1,12,4,10,0,0,0,2,1,0,0,2,5,3,9
2013.0,-104.016,0.0,0.0,3,6,3,0,0,0,0,2,1,1,0,1,2,1,1,13,4,10,0,0,0,2,0,0,6,7,5,8,3
2013.0,72.864,0.0,0.0,3,6,3,0,0,0,1,5,1,1,0,0,5,1,1,14,4,10,0,0,0,1,1,0,4,7,5,8,3
2013.0,-200.112,1.0,0.0,3,6,3,0,0,0,1,2,1,1,0,1,2,1,1,14,4,10,0,0,0,0,1,0,6,7,5,8,3
2013.0,0.0,0.0,0.0,3,10,3,0,0,0,0,7,1,1,0,1,7,1,1,15,4,10,0,0,0,0,1,0,2,9,5,9,9
2013.0,-115.104,0.0,0.0,3,6,3,0,0,0,1,2,1,1,0,1,2,1,1,15,4,10,0,0,0,0,2,0,4,7,5,8,3
2013.0,10.032,1.0,0.0,2,1,3,0,0,2,1,1,1,1,0,1,5,1,1,15,4,10,0,0,0,2,1,0,4,5,5,9,7
2013.0,95.04,0.0,0.0,3,10,3,0,0,0,0,9,1,1,0,1,9,1,1,16,4,10,0,1,0,2,1,0,6,9,5,3,2
2013.0,0.0,0.0,0.0,3,4,3,0,0,0,0,7,1,1,0,0,1,1,1,16,4,10,0,1,0,0,1,0,4,2,5,3,9
2013.0,135.168,0.0,0.0,3,1,1,0,0,0,1,1,1,1,0,1,2,1,1,18,4,10,0,1,0,2,2,0,0,2,5,3,9
2013.0,280.896,1.0,0.0,3,6,0,0,0,0,1,5,1,1,0,0,5,1,1,19,4,10,0,1,0,2,1,0,6,7,5,8,3
2013.0,0.0,0.0,0.0,3,4,0,0,0,0,0,7,1,1,0,0,1,1,1,20,4,10,0,0,0,0,2,0,4,2,5,3,9
2013.0,0.0,0.0,0.0,3,4,3,0,0,0,0,2,1,1,0,1,9,1,1,7,5,10,1,1,0,1,1,0,2,2,5,3,9
2013.0,61.776,0.0,0.0,3,1,3,0,0,0,1,3,1,1,0,1,9,1,1,13,5,10,1,0,0,0,1,0,6,0,5,8,9
2013.0,0.0,2.0,0.0,2,1,3,0,0,0,0,1,1,1,0,1,6,1,1,13,5,10,1,0,0,1,1,0,2,2,5,9,3
2013.0,-500.016,0.0,0.0,3,6,3,0,0,0,0,9,1,1,0,1,9,1,1,16,5,10,1,1,0,2,2,0,6,8,5,8,3
2013.0,20.064,1.0,0.0,2,5,3,0,0,0,2,1,1,1,0,1,1,1,1,16,5,10,1,1,0,0,1,0,6,0,5,3,2
2013.0,54.912,0.0,0.0,3,6,3,0,0,0,1,1,1,1,0,1,1,1,1,16,5,10,1,1,0,2,1,0,6,7,5,8,3
2013.0,380.16,2.0,0.0,3,10,3,0,0,0,1,1,0,1,2,1,1,1,1,16,5,10,1,1,0,1,1,0,6,7,5,3,3
2013.0,200.112,0.0,0.0,3,6,3,0,0,0,0,9,1,1,0,0,9,1,1,17,5,10,1,1,0,2,1,0,6,0,5,8,3
2013.0,0.0,0.0,0.0,3,4,0,0,0,0,1,2,1,1,0,1,5,1,1,20,5,10,1,0,0,2,2,0,4,2,5,3,9
2013.0,-89.232,0.0,0.0,3,10,0,0,0,2,1,2,1,1,0,1,2,1,1,20,5,10,1,0,0,1,1,0,6,5,5,5,3
2013.0,-205.92,0.0,0.0,3,6,0,0,0,0,0,2,1,1,0,1,2,1,1,22,5,10,1,0,0,2,2,0,6,7,5,8,3
2013.0,0.0,0.0,0.0,3,1,0,0,0,0,1,7,0,1,0,1,5,1,1,2,6,10,1,0,0,2,1,0,4,5,5,3,9
2013.0,400.224,0.0,0.0,3,6,3,0,0,0,0,9,1,1,0,0,9,1,1,14,6,10,1,0,0,2,2,0,4,7,5,8,3
2013.0,400.224,0.0,0.0,3,6,0,0,0,0,2,5,1,1,0,0,5,1,1,19,6,10,1,1,0,0,2,0,6,0,5,8,1
2013.0,0.0,0.0,0.0,3,1,4,0,0,0,0,9,1,1,0,1,9,1,1,20,6,10,1,0,0,2,2,0,4,4,5,3,9
2013.0,0.0,0.0,0.0,3,9,3,0,0,0,2,1,1,1,0,0,9,1,1,7,0,10,0,1,0,0,0,0,4,5,5,8,3
2013.0,493.152,0.0,0.0,3,1,3,0,0,0,1,2,1,1,0,0,1,1,1,9,0,10,0,1,0,1,1,0,6,2,5,3,9
2013.0,19.008,1.0,0.0,2,1,3,0,0,2,0,2,1,1,0,1,1,1,1,10,0,10,0,0,0,2,1,0,4,9,5,9,3
2013.0,330.0,2.0,0.0,3,6,3,0,0,0,0,9,1,1,0,1,9,1,1,12,0,10,0,0,0,1,1,0,4,7,5,8,3
2013.0,0.0,0.0,0.0,3,10,3,0,0,0,1,9,1,1,0,0,9,1,1,13,0,10,0,0,0,1,2,0,4,5,5,3,0
2013.0,-70.224,0.0,0.0,3,10,3,0,0,0,1,2,1,1,0,1,2,1,1,13,0,10,0,0,0,0,2,0,6,9,5,8,2
2013.0,319.968,0.0,0.0,3,6,3,0,0,0,0,9,1,1,0,1,9,1,1,14,0,10,0,0,0,2,1,0,6,7,5,8,8
2013.0,-22.176,0.0,0.0,3,6,3,0,0,0,0,1,1,1,0,0,1,1,1,14,0,10,0,0,0,1,1,0,6,7,5,8,3
2013.0,-74.976,0.0,0.0,3,6,3,0,0,0,0,1,1,1,0,0,1,1,1,16,0,10,0,1,0,2,2,0,6,7,5,8,3
2013.0,-363.792,0.0,0.0,3,4,3,0,0,0,1,1,1,1,0,1,9,1,1,16,0,10,0,1,0,2,1,0,0,4,5,3,9
2013.0,1259.808,0.0,0.0,3,6,4,0,0,0,1,2,1,1,0,1,2,1,1,17,0,10,0,1,0,1,1,0,6,7,5,8,3
2013.0,-44.88,0.0,0.0,3,10,4,0,0,0,0,1,1,1,0,1,1,1,1,17,0,10,0,1,0,0,1,0,4,9,5,8,2
2013.0,400.224,0.0,0.0,3,6,3,0,0,0,1,2,1,1,0,0,2,1,1,7,1,10,0,1,0,2,0,0,4,7,5,8,3
2013.0,60.192,0.0,0.0,3,6,3,0,0,0,0,9,1,1,0,1,9,1,1,11,1,10,0,0,0,2,2,0,6,7,5,8,3
2013.0,-170.016,2.0,0.0,3,6,3,0,0,0,1,4,1,1,0,0,2,1,1,11,1,10,0,0,0,1,1,0,6,7,5,8,9
2013.0,0.0,0.0,0.0,3,6,3,0,0,0,0,1,1,1,0,0,1,1,1,14,1,10,0,0,0,1,1,0,4,8,5,9,3
2013.0,689.04,0.0,0.0,3,7,3,0,0,0,0,9,1,1,0,0,1,1,1,15,1,10,0,0,0,1,1,0,6,5,5,3,1
2013.0,-210.144,2.0,0.0,2,6,3,0,0,0,1,2,1,1,0,1,2,1,1,16,1,10,0,1,0,2,1,0,6,7,5,8,3
2013.0,0.0,1.0,0.0,2,4,3,0,0,0,0,7,1,1,0,1,1,1,1,17,1,10,0,1,0,2,2,0,4,2,5,3,9
2013.0,99.792,0.0,0.0,3,10,4,0,0,0,0,1,1,1,0,0,1,1,1,17,1,10,0,1,0,1,0,0,6,5,5,3,3
2013.0,0.0,0.0,0.0,3,9,0,0,0,0,1,6,1,1,0,1,2,1,1,19,1,10,0,1,0,1,1,0,4,4,5,3,9
2013.0,0.0,3.0,0.0,2,4,0,0,0,0,0,9,1,1,0,1,1,1,1,20,1,10,0,0,0,1,1,0,2,5,5,3,9
2013.0,404.976,0.0,0.0,3,6,3,0,0,0,0,5,1,1,0,1,5,1,1,7,2,10,0,1,0,1,1,0,6,7,5,8,3
2013.0,-528.0,0.0,0.0,3,6,3,0,0,0,0,2,1,1,0,1,2,1,1,7,2,10,0,1,0,2,0,0,1,7,5,3,3
2013.0,0.0,0.0,0.0,3,6,3,0,0,0,0,9,1,1,0,0,9,1,1,7,2,10,0,1,0,2,1,0,4,8,5,8,2
2013.0,-195.888,0.0,0.0,3,6,3,0,0,0,1,2,1,1,0,1,2,1,1,7,2,10,0,1,0,1,0,0,6,7,5,8,3
2013.0,740.256,0.0,0.0,3,4,3,0,0,0,1,5,1,1,0,1,9,1,1,7,2,10,0,1,0,1,1,0,6,2,5,9,9
2013.0,731.808,0.0,0.0,3,10,3,0,0,0,1,9,1,1,0,0,9,1,1,7,2,10,0,1,0,1,1,0,6,5,5,3,1
2013.0,0.0,0.0,0.0,3,1,3,0,0,0,1,1,1,1,0,1,2,1,1,8,2,10,0,1,0,1,1,0,4,2,5,3,9
2013.0,309.936,0.0,0.0,3,1,3,0,0,0,0,5,1,1,0,1,5,1,1,9,2,10,0,1,0,0,1,0,6,0,5,3,9
2013.0,-99.792,0.0,0.0,3,6,3,0,0,0,1,1,1,1,0,0,1,1,1,11,2,10,0,0,0,1,1,0,4,7,5,8,2
2013.0,70.224,0.0,0.0,3,6,3,0,0,0,1,5,1,1,0,1,5,1,1,12,2,10,0,0,0,0,1,0,4,7,5,8,3
2013.0,489.984,0.0,0.0,3,6,3,0,0,0,0,2,1,1,0,0,2,1,1,12,2,10,0,0,0,1,2,0,6,7,5,8,3
2013.0,50.16,0.0,0.0,3,6,3,0,0,0,1,9,1,1,0,1,9,1,1,12,2,10,0,0,0,2,1,0,4,8,5,8,3
2013.0,0.0,1.0,0.0,2,4,3,0,0,0,0,1,1,1,0,1,5,1,1,14,2,10,0,0,0,2,1,0,4,2,5,3,9
2013.0,-93.984,0.0,0.0,3,6,3,0,0,0,1,1,1,1,0,1,1,1,1,15,2,10,0,0,0,1,2,0,6,7,5,8,3
2013.0,428.208,0.0,0.0,3,6,3,0,0,0,2,9,1,1,0,1,9,1,1,17,2,10,0,1,0,0,1,0,6,7,5,8,3
2013.0,0.0,0.0,0.0,3,6,3,0,0,0,1,3,1,1,0,1,3,1,1,17,2,10,0,1,0,1,2,0,4,7,5,8,9
2013.0,-109.824,0.0,0.0,3,6,3,0,0,0,1,9,1,1,0,0,9,1,1,17,2,10,0,1,0,2,2,0,6,7,5,8,3
2013.0,275.088,2.0,0.0,2,6,3,0,0,0,0,1,1,1,0,1,1,1,1,17,2,10,0,1,0,1,1,0,6,7,5,8,3
2013.0,70.224,1.0,0.0,2,5,0,0,0,0,1,6,1,1,3,0,2,1,1,18,2,10,0,1,0,1,2,0,6,2,5,7,9
2013.0,279.84,0.0,0.0,3,10,4,0,0,0,0,2,1,1,0,1,5,1,1,18,2,10,0,1,0,1,0,0,6,9,5,2,3
2013.0,71.808,0.0,0.0,3,6,0,0,0,0,1,2,1,1,0,0,2,1,1,20,2,10,0,0,0,2,2,0,6,7,5,8,3
2013.0,0.0,0.0,0.0,3,1,0,0,0,0,1,2,0,1,0,1,1,1,1,0,3,10,0,0,0,1,2,0,4,2,5,3,3
2013.0,0.0,1.0,0.0,2,4,3,0,0,0,1,2,1,1,0,1,5,1,1,7,3,10,0,1,0,2,1,0,2,2,5,3,9
2013.0,0.0,0.0,0.0,3,4,3,0,0,0,0,1,1,1,0,0,9,1,1,7,3,10,0,1,0,1,2,0,4,2,5,3,9
2013.0,-4.224,0.0,0.0,3,5,3,0,0,0,2,6,1,1,2,0,2,1,1,8,3,10,0,1,0,0,1,0,0,5,5,3,9
2013.0,-15.84,1.0,0.0,3,6,3,0,0,0,1,2,1,1,0,1,2,1,1,8,3,10,0,1,0,2,1,0,4,0,5,8,3
2013.0,582.912,0.0,0.0,3,6,3,0,0,0,1,2,1,1,0,0,2,1,1,8,3,10,0,1,0,1,1,0,6,0,5,8,3
2013.0,-151.008,0.0,0.0,3,6,3,0,0,0,0,2,1,1,0,0,2,1,1,9,3,10,0,1,0,1,1,0,6,8,5,2,2
2013.0,39.072,0.0,0.0,3,6,3,0,0,0,1,5,1,1,0,1,5,1,1,12,3,10,0,0,0,2,1,0,6,7,5,8,3
2013.0,0.0,0.0,0.0,3,1,3,0,0,0,1,9,1,1,0,0,5,1,1,14,3,10,0,0,0,0,1,0,4,2,5,3,3
2013.0,30.096,1.0,0.0,2,6,3,0,0,0,1,5,1,1,0,0,5,1,1,14,3,10,0,0,0,2,2,0,6,0,5,3,3
2013.0,1000.032,0.0,0.0,3,12,3,0,1,0,0,9,1,1,1,1,9,1,1,16,3,10,0,1,0,0,1,0,6,5,5,5,5
2013.0,-200.112,0.0,0.0,3,6,3,0,0,0,0,1,1,1,0,1,1,1,1,17,3,10,0,1,0,2,2,0,4,7,5,8,3
2013.0,352.176,0.0,0.0,3,1,3,0,0,0,0,2,1,1,0,1,1,1,1,17,3,10,0,1,0,1,1,0,6,2,5,3,9
2013.0,80.256,0.0,0.0,3,6,0,0,0,0,0,5,1,1,0,1,5,1,1,18,3,10,0,1,0,2,2,0,4,7,5,8,3
2013.0,687.984,0.0,0.0,3,6,0,0,0,0,1,1,1,1,0,1,1,1,1,18,3,10,0,1,0,2,1,0,6,7,5,3,8
2013.0,-64.944,0.0,0.0,3,6,0,0,0,0,1,2,1,1,0,1,2,1,1,19,3,10,0,1,0,1,1,0,4,8,5,8,3
2013.0,-24.816,0.0,0.0,3,6,0,0,0,0,1,2,1,1,0,0,2,1,1,19,3,10,0,1,0,1,1,0,2,7,5,8,3
2013.0,200.112,1.0,0.0,3,6,0,0,0,0,1,5,1,1,0,0,5,1,1,20,3,10,0,0,0,2,1,0,4,7,5,8,3
2013.0,10.032,1.0,0.0,2,5,0,0,0,3,1,2,0,1,0,1,5,1,1,21,3,10,0,0,0,2,2,0,4,2,5,3,7
2013.0,-97.152,0.0,0.0,3,6,0,0,0,0,1,2,1,1,0,1,2,1,1,23,3,10,0,0,0,1,1,0,4,5,5,8,1
2013.0,-61.776,1.0,0.0,3,9,0,0,0,0,1,9,1,1,2,1,5,0,1,23,3,10,0,0,0,2,1,0,6,2,5,3,3
2013.0,74.976,0.0,0.0,3,6,0,1,0,0,0,5,1,1,0,1,5,1,1,2,4,10,0,0,0,2,1,0,4,8,5,3,3
2013.0,81.84,0.0,0.0,3,6,0,0,0,0,1,5,0,1,1,1,5,1,1,2,4,10,0,0,0,1,1,0,4,7,5,6,3
2013.0,-249.744,0.0,0.0,3,6,3,0,0,0,1,9,1,1,1,1,9,1,1,6,4,10,0,0,0,2,1,0,6,9,5,6,3
2013.0,0.0,2.0,0.0,2,4,3,0,0,0,0,5,1,1,0,1,2,1,1,8,4,10,0,1,0,2,2,0,4,2,5,3,9
2013.0,0.0,0.0,0.0,3,1,3,0,0,0,0,2,1,1,0,1,9,1,1,10,4,10,0,0,0,1,1,0,4,2,5,8,3
2013.0,0.0,2.0,0.0,3,4,3,0,0,0,0,9,1,1,0,1,1,1,1,11,4,10,0,0,0,1,2,0,4,2,7,3,9