Year,Distance,Totalinjuries,Totalfatalities,Injuryseverity,Collisionmanner,Lightcondition,Weather,SurfaceCondition,Unittype_One,Gender_Drv1,Traveldirection_One,AlcoholUse_Drv1,DrugUse_Drv1,Unittype_Two,Gender_Drv2,Traveldirection_Two,AlcoholUse_Drv2,DrugUse_Drv2,Hour,Weekday,Month,Weekend,Rush_Hour,Hazardous_Road,Age_Group_Drv1,Age_Group_Drv2,Substance_Use,Junction_Category,Violation_Category_Drv1,Violation_Category_Drv2,Unitaction_Category_Two,Unitaction_Category_One
2013.0,220.176,0.0,0.0,3,10,3,0,0,0,1,2,1,1,2,1,2,1,1,15,4,10,0,0,0,1,1,0,0,2,5,3,9
2013.0,0.0,0.0,0.0,3,6,3,0,0,0,0,2,1,1,0,0,2,1,1,15,4,10,0,0,0,2,1,0,4,8,5,9,9
2013.0,-211.2,1.0,0.0,3,6,3,0,0,0,1,1,1,1,0,1,1,1,1,16,4,10,0,1,0,1,0,0,4,0,5,8,3
2013.0,276.144,2.0,0.0,2,4,3,0,0,0,1,9,1,1,0,1,2,0,1,16,4,10,0,1,0,1,1,0,0,2,5,3,9
2013.0,0.0,0.0,0.0,3,4,3,0,0,0,1,2,1,1,0,1,5,1,1,16,4,10,0,1,0,1,2,0,2,2,5,3,9
2013.0,0.0,0.0,0.0,3,1,3,0,0,0,0,1,1,1,0,1,5,1,1,17,4,10,0,1,0,2,1,0,4,0,5,3,3
2013.0,-64.944,0.0,0.0,3,6,3,0,0,0,2,1,1,1,0,1,1,1,1,17,4,10,0,1,0,0,1,0,6,7,5,8,3
2013.0,0.0,0.0,0.0,3,4,3,0,0,0,0,1,1,1,0,0,9,1,1,17,4,10,0,1,0,2,1,0,4,2,5,3,9
2013.0,-159.984,1.0,0.0,3,1,4,0,0,0,0,5,1,1,0,1,5,1,1,17,4,10,0,1,0,1,1,0,6,9,5,3,2
2013.0,148.896,0.0,0.0,3,4,0,0,0,0,0,2,1,1,0,1,5,1,1,19,4,10,0,1,0,2,1,0,0,2,5,3,9
2013.0,-129.888,0.0,0.0,3,6,0,0,0,0,0,2,1,1,0,1,2,1,1,21,4,10,0,0,0,2,2,0,6,8,5,8,3
2013.0,174.24,0.0,0.0,3,6,0,0,0,0,0,9,1,1,1,1,8,1,1,1,5,10,1,0,0,1,1,0,6,5,5,6,1
2013.0,0.0,0.0,0.0,3,1,3,0,0,0,0,9,1,1,0,1,5,1,1,11,5,10,1,0,0,1,1,0,4,2,5,3,3
2013.0,77.088,0.0,0.0,3,6,3,0,0,0,2,2,1,1,0,1,2,1,1,11,5,10,1,0,0,0,1,0,6,0,5,3,3
2013.0,-12.144,0.0,0.0,3,10,3,0,0,0,1,2,1,1,0,1,2,1,1,13,5,10,1,0,0,1,0,0,4,4,5,8,3
2013.0,-299.904,0.0,0.0,3,6,3,0,0,0,1,9,1,1,0,0,9,1,1,13,5,10,1,0,0,2,0,0,6,7,5,8,3
2013.0,0.0,1.0,0.0,2,4,3,0,0,0,1,2,1,1,0,1,9,1,1,13,5,10,1,0,0,2,2,0,4,0,5,3,9
2013.0,0.0,0.0,0.0,3,5,3,0,0,0,2,2,1,1,2,1,1,1,1,15,5,10,1,0,0,0,0,0,4,5,5,3,5
2013.0,74.976,0.0,0.0,3,6,3,0,0,0,0,1,1,1,0,0,1,1,1,16,5,10,1,1,0,2,2,0,4,7,5,3,3
2013.0,4.224,0.0,0.0,3,4,3,0,0,0,1,2,1,1,0,1,5,1,1,16,5,10,1,1,0,1,1,0,1,2,5,8,9
2013.0,-48.048,1.0,0.0,2,6,0,0,0,0,0,2,1,1,0,1,2,1,1,18,5,10,1,1,0,1,1,0,6,7,5,8,3
2013.0,74.976,0.0,0.0,3,10,0,0,0,0,1,5,1,1,0,1,5,1,1,19,5,10,1,1,0,1,1,0,2,7,5,8,8
2013.0,-50.16,0.0,0.0,3,10,0,0,0,0,2,2,1,1,1,1,2,1,1,20,5,10,1,0,0,0,1,0,6,5,5,6,5
2013.0,639.936,1.0,0.0,3,6,0,0,0,0,1,1,1,1,0,0,1,1,1,20,5,10,1,0,0,1,1,0,0,8,5,8,3
2013.0,361.152,0.0,0.0,3,7,0,0,0,0,1,5,1,0,1,1,8,1,1,0,6,10,1,0,0,2,1,0,6,5,5,6,1
2013.0,70.752,1.0,0.0,3,1,3,0,0,2,1,4,1,1,0,0,2,1,1,7,6,10,1,1,0,1,1,0,4,5,5,3,9
2013.0,200.112,0.0,0.0,3,6,3,0,0,0,1,1,1,1,0,1,1,1,1,9,6,10,1,1,0,0,1,0,6,0,5,9,3
2013.0,0.0,1.0,0.0,3,1,3,0,0,0,1,9,1,1,0,1,5,1,1,10,6,10,1,0,0,1,1,0,1,2,5,3,3
2013.0,500.016,0.0,0.0,3,6,3,0,0,0,0,2,1,1,0,0,2,1,1,12,6,10,1,0,0,2,2,0,6,0,5,8,3
2013.0,-528.0,1.0,0.0,2,6,3,0,0,0,1,2,0,1,2,1,2,1,1,15,6,10,1,0,0,1,2,0,6,5,5,3,3
2013.0,-61.776,0.0,0.0,3,10,3,0,0,0,1,5,1,1,0,0,5,1,1,16,6,10,1,1,0,1,2,0,6,9,5,3,3
2013.0,64.944,1.0,0.0,2,6,3,0,0,0,1,5,1,1,0,1,5,1,1,17,6,10,1,1,0,1,2,0,4,7,5,8,3
2013.0,93.984,0.0,0.0,3,6,0,0,0,0,1,5,1,1,0,1,5,1,1,18,6,10,1,1,0,2,1,0,4,0,5,3,3
2013.0,119.856,0.0,0.0,3,12,0,4,3,0,2,8,1,1,0,0,5,1,1,19,6,10,1,1,0,0,2,0,6,5,5,6,5
2013.0,33.264,0.0,0.0,3,6,3,0,0,0,0,9,1,1,0,1,9,1,1,7,0,10,0,1,0,2,1,0,6,0,5,8,3
2013.0,500.016,3.0,0.0,3,6,3,0,0,0,1,9,1,1,0,1,9,1,1,7,0,10,0,1,0,2,2,0,6,7,5,8,3
2013.0,249.744,1.0,0.0,3,6,3,0,0,0,0,1,1,1,0,0,1,1,1,15,0,10,0,0,0,2,1,0,6,7,5,5,3
2013.0,-99.792,0.0,0.0,3,6,3,0,0,0,0,1,1,1,0,1,1,1,1,16,0,10,0,1,0,1,2,0,4,7,5,8,3
2013.0,60.192,0.0,0.0,3,4,3,0,0,0,0,3,1,1,0,1,2,1,1,17,0,10,0,1,0,1,2,0,4,2,5,3,9
2013.0,-1000.032,1.0,0.0,2,1,3,0,0,0,1,5,1,1,2,1,1,1,1,17,0,10,0,1,0,2,2,0,6,2,5,3,9
2013.0,70.224,0.0,0.0,3,6,0,0,0,0,1,5,1,1,0,0,5,1,1,18,0,10,0,1,0,1,2,0,4,0,5,8,3
2013.0,99.792,0.0,0.0,3,10,0,0,0,0,0,2,1,1,0,0,2,1,1,18,0,10,0,1,0,2,1,0,6,9,5,3,2
2013.0,-27.984,0.0,0.0,3,10,0,0,0,0,2,1,1,1,0,0,1,1,1,18,0,10,0,1,0,0,1,0,4,5,5,8,3
2013.0,-475.2,1.0,0.0,3,5,0,0,0,2,0,9,1,1,0,1,3,1,1,19,0,10,0,1,0,2,1,0,6,5,5,9,3
2013.0,-38.016,1.0,0.0,2,4,3,0,0,0,0,5,1,1,3,1,9,1,1,7,1,10,0,1,0,0,1,0,4,2,5,7,9
2013.0,-121.968,1.0,0.0,2,1,3,0,0,2,0,6,1,1,0,0,5,1,1,7,1,10,0,1,0,2,2,0,4,5,5,3,2
2013.0,-224.928,2.0,0.0,2,6,3,0,0,0,0,9,1,1,0,1,9,1,1,8,1,10,0,1,0,1,2,0,6,7,5,8,8
2013.0,121.968,0.0,0.0,3,1,3,0,0,0,0,5,1,1,0,0,5,1,1,8,1,10,0,1,0,2,1,0,6,9,5,3,2
2013.0,0.0,0.0,0.0,3,4,3,0,0,0,1,1,1,1,0,1,2,1,1,12,1,10,0,0,0,0,1,0,4,2,5,3,9
2013.0,-249.744,1.0,0.0,2,6,3,0,0,0,1,2,1,1,0,0,2,1,1,12,1,10,0,0,0,1,1,0,6,7,5,8,3
2013.0,530.112,0.0,0.0,3,4,3,0,0,0,1,3,1,1,0,1,5,1,1,13,1,10,0,0,0,1,1,0,6,2,5,3,9
2013.0,-93.984,0.0,0.0,3,6,3,0,0,0,1,2,1,1,0,0,2,1,1,14,1,10,0,0,0,2,2,0,4,7,5,8,8
2013.0,0.0,1.0,0.0,3,1,3,0,0,0,1,6,1,1,0,0,1,1,1,14,1,10,0,0,0,1,1,0,4,2,5,3,9
2013.0,-475.2,0.0,0.0,3,6,3,0,0,0,0,1,1,1,0,1,1,1,1,15,1,10,0,0,0,1,0,0,4,7,5,8,3
2013.0,0.0,0.0,0.0,3,10,3,0,0,0,1,5,1,1,0,0,9,1,1,15,1,10,0,0,0,2,1,0,2,4,5,3,9
2013.0,174.768,3.0,0.0,3,6,3,0,0,0,1,9,0,1,0,0,9,1,1,16,1,10,0,1,0,1,1,0,6,7,5,8,3
2013.0,512.16,0.0,0.0,3,6,3,0,0,0,0,5,1,1,0,0,5,1,1,16,1,10,0,1,0,1,0,0,6,7,5,8,3
2013.0,0.0,0.0,0.0,3,4,3,0,0,0,2,5,1,1,0,1,4,1,1,17,1,10,0,1,0,0,1,0,2,2,5,9,3
2013.0,249.744,0.0,0.0,3,1,4,0,0,0,0,2,1,1,0,0,1,1,1,17,1,10,0,1,0,1,1,0,0,2,5,3,5
2013.0,-1320.0,0.0,0.0,3,10,4,0,0,0,0,1,1,1,0,0,1,1,1,17,1,10,0,1,0,1,1,0,6,9,5,8,8
2013.0,0.0,0.0,0.0,3,4,0,0,0,0,1,7,1,1,0,0,1,1,1,18,1,10,0,1,0,0,1,0,4,2,5,3,9
2013.0,350.064,0.0,0.0,3,6,0,0,0,0,1,5,1,1,0,0,5,1,1,19,1,10,0,1,0,2,1,0,6,7,5,8,3
2013.0,0.0,0.0,0.0,3,4,3,0,0,0,1,5,1,1,0,1,2,1,1,20,1,10,0,0,0,2,1,0,6,2,5,3,9
2013.0,0.0,3.0,0.0,3,4,3,0,0,0,0,6,1,1,0,0,2,1,1,6,2,10,0,0,0,1,0,0,4,2,5,3,9
2013.0,-51.744,0.0,0.0,3,6,3,0,0,0,1,2,1,1,0,0,2,1,1,7,2,10,0,1,0,1,1,0,4,7,5,8,3
2013.0,105.072,0.0,0.0,3,6,3,0,0,0,0,9,1,1,0,1,9,1,1,7,2,10,0,1,0,1,1,0,4,7,5,8,3
2013.0,-125.136,0.0,0.0,3,10,3,0,0,0,1,2,1,1,0,1,2,1,1,8,2,10,0,1,0,1,1,0,4,9,5,3,2
2013.0,-660.0,1.0,0.0,2,4,3,0,0,0,0,1,1,1,0,1,2,1,1,11,2,10,0,0,0,2,1,0,0,2,5,3,9
2013.0,-145.2,0.0,0.0,3,6,3,0,0,0,1,1,1,1,0,1,1,1,1,11,2,10,0,0,0,2,1,0,4,7,5,8,3
2013.0,1214.928,2.0,0.0,2,6,3,0,0,0,0,5,1,1,0,1,5,1,1,14,2,10,0,0,0,1,2,0,4,7,5,8,3
2013.0,-299.904,1.0,0.0,3,6,3,0,0,0,0,1,1,1,0,1,1,1,1,15,2,10,0,0,0,1,1,0,6,7,5,8,3
2013.0,-429.792,0.0,0.0,3,6,3,0,0,0,0,2,1,1,0,1,2,1,1,15,2,10,0,0,0,2,1,0,6,7,5,8,3
2013.0,0.0,0.0,0.0,3,4,3,0,0,0,1,4,1,1,0,0,5,1,1,16,2,10,0,1,0,1,2,0,4,2,5,3,9
2013.0,106.128,0.0,0.0,3,6,0,0,0,0,0,5,1,1,0,1,5,1,1,20,2,10,0,0,0,2,1,0,6,7,5,8,3
2013.0,-27.984,0.0,0.0,3,10,0,0,0,0,1,3,1,1,0,1,1,1,1,20,2,10,0,0,0,2,1,0,4,9,5,8,2
2013.0,61.776,0.0,0.0,3,10,3,0,0,0,1,9,1,1,0,1,9,1,1,9,3,10,0,1,0,0,1,0,4,9,5,8,9
2013.0,-136.224,1.0,0.0,3,6,3,0,0,0,0,2,1,1,0,0,2,1,1,9,3,10,0,1,0,2,2,0,6,0,5,8,3
2013.0,-74.976,0.0,0.0,3,6,3,0,0,0,1,1,1,1,0,1,1,1,1,10,3,10,0,0,0,1,2,0,6,7,5,8,3
2013.0,-370.128,0.0,0.0,3,6,3,0,0,0,1,9,1,1,0,0,9,1,1,11,3,10,0,0,0,2,1,0,6,7,5,8,3
2013.0,0.0,0.0,0.0,3,4,3,0,0,0,1,2,1,1,0,1,9,1,1,11,3,10,0,0,0,0,1,0,4,2,5,3,9
2013.0,-327.888,0.0,0.0,3,6,3,0,0,0,1,2,1,1,0,0,2,1,1,13,3,10,0,0,0,1,2,0,4,7,5,8,2
2013.0,80.256,0.0,0.0,3,6,3,0,0,0,1,5,1,1,0,0,5,1,1,14,3,10,0,0,0,2,0,0,6,7,5,8,3
2013.0,0.0,0.0,0.0,3,1,3,0,0,0,1,1,1,1,0,1,5,1,1,14,3,10,0,0,0,0,1,0,2,2,5,3,9
2013.0,-99.792,0.0,0.0,3,4,3,0,0,0,1,7,1,1,0,1,5,1,1,14,3,10,0,0,0,1,0,0,6,2,5,3,9
2013.0,95.04,0.0,0.0,3,6,3,0,0,0,0,1,1,1,0,1,1,1,1,15,3,10,0,0,0,2,1,0,6,7,5,8,2
2013.0,-3.168,1.0,0.0,2,1,3,0,0,0,0,2,1,1,3,1,9,1,1,16,3,10,0,1,0,2,1,0,4,2,5,7,9
2013.0,0.0,0.0,0.0,3,4,3,0,0,0,1,2,1,1,0,0,5,1,1,17,3,10,0,1,0,1,1,0,4,4,5,3,9
2013.0,0.0,3.0,0.0,3,4,0,0,0,0,1,3,1,1,0,0,9,1,1,18,3,10,0,1,0,2,1,0,4,2,5,3,9
2013.0,0.0,0.0,0.0,3,4,0,0,0,0,0,5,1,1,0,1,4,1,1,19,3,10,0,1,0,1,2,0,4,2,5,9,3
2013.0,680.064,1.0,0.0,3,4,0,0,0,0,0,2,1,1,0,0,9,1,1,21,3,10,0,0,0,1,2,0,6,2,5,3,9
2013.0,0.0,0.0,0.0,3,3,2,0,0,0,0,2,1,1,0,1,5,1,1,6,4,10,0,0,0,1,2,0,4,4,5,3,8
2013.0,500.016,0.0,0.0,3,6,3,0,0,0,0,2,1,1,0,0,2,1,1,7,4,10,0,1,0,2,2,0,4,7,5,8,8
2013.0,-149.952,0.0,0.0,3,6,3,0,0,0,0,2,1,1,0,1,2,1,1,11,4,10,0,0,0,0,1,0,4,7,5,8,2
2013.0,0.0,0.0,0.0,3,10,3,0,0,0,2,7,1,1,0,0,7,1,1,12,4,10,0,0,0,0,0,0,4,9,5,9,9
2013.0,-221.232,0.0,0.0,3,4,3,0,0,0,0,5,1,1,0,0,9,1,1,13,4,10,0,0,0,1,2,0,0,2,5,3,9
2013.0,-119.856,0.0,0.0,3,6,3,0,0,0,1,9,1,1,0,1,9,1,1,13,4,10,0,0,0,1,1,0,4,7,5,8,8
2013.0,190.08,0.0,0.0,3,1,3,0,0,0,1,1,1,1,0,0,5,1,1,14,4,10,0,0,0,2,1,0,0,2,5,3,8
2013.0,-200.112,0.0,0.0,3,1,3,0,0,2,1,5,1,1,0,1,9,1,1,15,4,10,0,0,0,2,2,0,0,5,5,9,3
2013.0,-20.064,1.0,0.0,2,6,3,0,0,0,1,5,1,1,2,1,5,1,1,15,4,10,0,0,0,2,1,0,4,0,5,3,9
2013.0,0.0,1.0,0.0,3,1,3,0,0,0,0,1,1,1,0,0,5,1,1,16,4,10,0,1,0,2,1,0,4,2,5,3,9
2013.0,1170.048,2.0,0.0,2,4,3,0,0,0,1,2,1,1,0,0,1,1,1,16,4,10,0,1,0,2,1,0,6,2,5,3,9
2013.0,0.0,0.0,0.0,3,4,3,0,0,0,0,5,1,1,0,0,9,1,1,16,4,10,0,1,0,1,1,0,4,2,0,9,3
2013.0,-87.12,1.0,0.0,3,6,0,0,0,0,1,1,1,1,0,0,1,1,1,18,4,10,0,1,0,1,0,0,6,7,5,8,3
2013.0,0.0,4.0,0.0,2,4,0,0,0,0,0,2,1,1,0,0,5,1,1,19,4,10,0,1,0,2,1,0,2,2,5,9,3
2013.0,106.128,0.0,0.0,3,4,0,0,0,0,1,9,1,1,0,0,2,1,1,22,4,10,0,0,0,2,1,0,2,5,5,9,9
2013.0,-89.76,0.0,0.0,3,10,0,0,0,0,0,5,1,1,0,0,5,1,1,23,4,10,0,0,0,2,2,0,4,5,5,3,3
2013.0,13.2,0.0,0.0,3,6,3,0,0,0,0,9,1,1,0,0,9,1,1,7,5,10,1,1,0,0,1,0,2,7,5,8,3
2013.0,-1024.848,1.0,0.0,1,1,3,0,0,3,1,5,1,1,0,0,9,1,1,9,5,10,1,1,0,1,2,0,6,6,5,3,7
2013.0,78.144,0.0,0.0,3,6,3,0,0,0,0,5,1,1,0,0,5,1,1,15,5,10,1,0,0,2,0,0,4,7,5,3,3
2013.0,0.0,1.0,0.0,3,1,0,0,0,0,1,2,1,1,0,1,2,1,1,20,5,10,1,0,0,2,2,0,4,9,5,3,2
2013.0,-38.016,1.0,0.0,2,5,0,0,0,3,1,9,0,1,0,0,2,1,1,0,6,10,1,0,0,2,2,0,4,2,5,3,7
2013.0,-50.16,0.0,0.0,3,1,0,0,0,0,0,1,1,1,0,0,5,1,1,1,6,10,1,0,0,2,1,0,4,2,5,3,9
2013.0,74.976,3.0,0.0,3,6,3,0,0,0,0,5,1,1,0,0,5,1,1,15,6,10,1,0,0,2,1,0,4,7,8,8,3
2013.0,-50.16,1.0,0.0,3,1,3,0,0,0,0,4,1,1,0,0,9,1,1,8,0,10,0,1,0,2,1,0,6,5,5,3,9
2013.0,200.112,1.0,0.0,3,6,3,0,0,0,1,1,1,1,0,1,1,1,1,16,0,10,0,1,0,1,2,0,6,7,5,8,3
2013.0,30.096,0.0,0.0,3,5,3,0,0,0,1,9,1,1,0,1,9,1,1,16,0,10,0,1,0,1,1,0,4,5,5,8,1
2013.0,0.0,3.0,0.0,3,6,4,0,0,0,1,5,1,1,0,0,5,1,1,18,0,10,0,1,0,1,1,0,4,7,5,8,3
2013.0,-70.752,2.0,0.0,3,6,0,0,0,0,1,1,1,1,0,1,1,1,1,19,0,10,0,1,0,1,1,0,6,0,5,8,3
2013.0,0.0,3.0,0.0,3,4,0,0,0,0,1,2,1,1,0,1,9,1,1,20,0,10,0,0,0,2,1,0,4,2,5,9,3
2013.0,-249.744,0.0,0.0,3,1,0,0,0,0,1,1,1,1,0,0,5,1,1,20,0,10,0,0,0,1,2,0,6,2,5,3,9
2013.0,-165.264,1.0,0.0,3,6,3,0,0,0,1,2,1,1,0,1,2,1,1,6,1,10,0,0,0,2,1,0,6,7,7,8,3
2013.0,180.048,0.0,0.0,3,1,3,0,0,0,0,2,1,1,0,1,2,1,1,8,1,10,0,1,0,1,1,0,6,9,5,3,2
2013.0,-459.888,1.0,0.0,2,6,3,0,0,0,1,2,1,1,0,0,2,1,1,8,1,10,0,1,0,1,1,0,0,7,5,8,3
2013.0,-469.92,1.0,0.0,2,5,3,0,0,0,2,2,1,1,3,1,2,1,1,8,1,10,0,1,0,0,1,0,6,5,5,5,3
2013.0,595.056,0.0,0.0,3,6,3,0,0,0,1,9,1,1,0,0,9,1,1,8,1,10,0,1,0,2,2,0,6,7,5,8,3
2013.0,608.256,0.0,0.0,3,6,3,0,0,0,0,9,1,1,0,1,9,1,1,8,1,10,0,1,0,2,2,0,6,7,5,8,3
2013.0,0.0,0.0,0.0,3,10,3,0,0,0,1,8,1,1,1,1,5,1,1,12,1,10,0,0,0,2,1,0,6,0,5,6,3
2013.0,-143.088,1.0,0.0,3,1,3,0,0,0,0,6,1,1,0,1,1,1,1,12,1,10,0,0,0,1,1,0,6,2,5,3,9
2013.0,0.0,1.0,0.0,1,4,3,0,0,0,1,5,1,1,0,1,1,1,1,13,1,10,0,0,0,0,1,0,4,2,5,3,9
2013.0,-50.16,0.0,0.0,3,6,3,0,0,0,2,2,1,1,0,0,2,1,1,15,1,10,0,0,0,0,1,0,4,0,5,8,3
2013.0,495.792,2.0,0.0,3,6,3,0,0,0,1,5,1,1,0,1,5,1,1,15,1,10,0,0,0,2,1,0,6,7,5,8,3
2013.0,500.016,0.0,0.0,3,6,3,0,0,0,1,5,1,1,0,0,5,1,1,16,1,10,0,1,0,1,1,0,6,7,5,8,3
2013.0,313.104,0.0,0.0,3,6,3,0,0,0,1,9,1,1,0,1,9,1,1,16,1,10,0,1,0,2,2,0,6,7,5,8,3
2013.0,-299.904,1.0,0.0,3,6,3,0,0,0,1,5,1,1,0,1,5,1,1,16,1,10,0,1,0,1,1,0,6,7,5,8,3
2013.0,380.16,1.0,0.0,3,4,4,0,0,0,1,4,1,1,0,1,5,1,1,17,1,10,0,1,0,1,1,0,6,2,5,3,9
2013.0,599.808,0.0,0.0,3,10,4,0,0,0,1,9,1,1,0,0,9,1,1,17,1,10,0,1,0,1,1,0,6,9,5,3,2
2013.0,0.0,2.0,0.0,3,4,0,0,0,0,0,9,1,1,0,1,1,1,1,17,1,10,0,1,0,2,1,0,4,2,5,3,9
2013.0,70.224,0.0,0.0,3,9,0,0,0,0,1,2,1,1,0,0,5,1,1,18,1,10,0,1,0,0,1,0,6,9,5,8,3
2013.0,136.752,0.0,0.0,3,6,0,0,0,0,0,5,1,1,0,0,5,1,1,18,1,10,0,1,0,1,1,0,6,5,5,8,3
2013.0,-32.208,0.0,0.0,3,6,0,0,0,0,0,1,1,1,0,0,1,1,1,19,1,10,0,1,0,1,1,0,6,7,5,8,3
2013.0,-155.232,1.0,0.0,2,1,0,0,0,3,0,9,1,1,0,1,5,1,1,19,1,10,0,1,0,2,0,0,6,6,5,3,7
2013.0,20.064,0.0,0.0,3,1,0,0,0,0,1,7,1,1,0,1,1,1,1,21,1,10,0,0,0,2,1,0,4,2,5,3,9
2013.0,-33.264,0.0,0.0,3,10,2,0,0,0,1,1,1,1,0,1,1,1,1,5,2,10,0,0,0,1,1,0,4,9,5,3,3
2013.0,0.0,1.0,0.0,2,4,2,0,0,0,0,2,1,1,0,1,9,1,1,6,2,10,0,0,0,1,1,0,4,2,5,3,9
2013.0,80.784,0.0,0.0,3,1,3,0,0,0,1,1,1,1,0,1,1,1,1,8,2,10,0,1,0,2,1,0,4,7,5,9,9
2013.0,-64.944,0.0,0.0,3,10,3,0,0,0,1,2,1,1,0,0,2,1,1,8,2,10,0,1,0,1,1,0,6,9,5,3,2
2013.0,-44.88,0.0,0.0,3,10,3,0,0,0,0,5,1,1,0,1,5,1,1,8,2,10,0,1,0,0,1,0,2,9,5,9,9
2013.0,-344.784,0.0,0.0,3,6,3,0,0,0,1,2,1,1,0,1,2,1,1,9,2,10,0,1,0,1,1,0,6,0,5,8,3
2013.0,0.0,0.0,0.0,3,4,3,0,0,0,2,9,1,1,0,0,9,1,1,12,2,10,0,0,0,0,2,0,4,0,5,9,9
2013.0,80.256,0.0,0.0,3,6,3,0,0,0,0,2,1,1,0,1,2,1,1,13,2,10,0,0,0,2,2,0,6,0,5,8,3
2013.0,44.88,0.0,0.0,3,6,3,0,0,0,1,5,1,1,0,0,5,1,1,13,2,10,0,0,0,1,1,0,4,7,5,8,3
2013.0,0.0,1.0,0.0,3,4,3,0,0,0,0,4,1,1,0,1,5,1,1,14,2,10,0,0,0,2,1,0,4,5,5,3,9
2013.0,290.928,0.0,0.0,3,1,3,0,0,0,0,7,1,1,0,1,2,1,1,14,2,10,0,0,0,2,2,0,0,2,5,3,9
2013.0,0.0,0.0,0.0,3,4,3,0,0,0,0,9,1,1,0,1,2,1,1,14,2,10,0,0,0,0,2,0,4,2,5,3,9
2013.0,0.0,0.0,0.0,3,4,3,0,0,0,0,3,1,1,0,1,1,1,1,15,2,10,0,0,0,0,1,0,4,4,5,3,9
2013.0,0.0,0.0,0.0,3,1,3,0,0,0,0,9,1,1,0,0,5,1,1,16,2,10,0,1,0,0,1,0,4,2,5,9,3
2013.0,-170.016,1.0,0.0,3,6,3,0,0,0,0,2,1,1,0,0,2,1,1,16,2,10,0,1,0,2,1,0,4,7,5,8,3
2013.0,48.048,1.0,0.0,1,5,3,0,0,2,1,1,1,1,0,1,5,1,1,16,2,10,0,1,0,1,1,0,6,2,5,9,7
2013.0,-249.744,0.0,0.0,3,6,3,0,0,0,1,9,1,1,0,1,9,1,1,16,2,10,0,1,0,1,1,0,4,7,5,3,8
2013.0,-540.144,0.0,0.0,3,6,3,0,0,0,1,2,1,1,0,0,2,1,1,17,2,10,0,1,0,1,1,0,6,7,5,8,3
2013.0,-70.224,0.0,0.0,3,6,1,0,0,0,1,2,1,1,0,1,2,1,1,18,2,10,0,1,0,2,1,0,4,0,5,8,3
2013.0,-227.04,1.0,0.0,3,6,0,0,0,0,1,2,1,1,0,1,2,1,1,18,2,10,0,1,0,2,1,0,6,7,5,8,3
2013.0,0.0,0.0,0.0,3,4,0,0,3,0,2,1,1,1,0,1,7,1,1,22,2,10,0,0,0,0,1,0,4,5,5,9,5
2013.0,0.0,0.0,0.0,3,1,0,0,0,0,1,5,1,1,0,1,1,1,1,3,3,10,0,0,0,2,1,0,4,2,5,3,3
2013.0,170.016,0.0,0.0,3,10,3,0,0,0,1,9,1,1,0,1,9,1,1,7,3,10,0,1,0,1,1,0,6,5,5,8,9
2013.0,0.0,1.0,0.0,3,1,3,0,0,0,0,2,1,1,2,0,1,1,1,9,3,10,0,1,0,1,2,0,4,2,5,3,9
2013.0,40.128,1.0,0.0,1,4,3,0,0,0,1,6,1,1,3,0,2,1,1,9,3,10,0,1,0,1,0,0,4,5,5,5,9
2013.0,149.952,1.0,0.0,2,1,3,0,0,2,1,5,1,1,0,1,9,1,1,12,3,10,0,0,0,2,2,0,0,2,5,5,3
2013.0,-146.256,1.0,0.0,1,5,3,0,0,3,1,2,0,1,0,0,9,1,1,13,3,10,0,0,0,1,2,0,6,2,5,3,7
2013.0,0.0,1.0,0.0,3,6,3,0,0,0,0,2,1,1,0,0,2,1,1,13,3,10,0,0,0,1,1,0,4,7,5,8,3
2013.0,-161.04,0.0,0.0,3,6,3,0,0,0,0,2,1,1,0,1,2,1,1,15,3,10,0,0,0,2,1,0,6,7,5,8,3
2013.0,80.256,0.0,0.0,3,6,3,0,0,0,0,1,1,1,0,0,1,1,1,16,3,10,0,1,0,1,1,0,6,8,5,8,8
2013.0,0.0,2.0,0.0,3,4,4,0,0,0,1,5,1,1,0,1,2,1,1,17,3,10,0,1,0,1,1,0,6,2,5,3,9
2013.0,99.792,0.0,0.0,3,6,4,0,0,0,0,1,1,1,0,1,1,1,1,17,3,10,0,1,0,2,0,0,6,7,5,8,3
2013.0,-120.912,2.0,0.0,3,6,0,0,0,0,1,1,1,1,0,1,1,1,1,17,3,10,0,1,0,1,1,0,6,8,5,8,3
2013.0,-108.24,0.0,0.0,3,10,0,0,0,0,0,1,0,1,0,0,1,1,1,18,3,10,0,1,0,1,2,0,4,5,5,8,3
2013.0,229.152,1.0,0.0,2,1,0,0,0,0,1,5,1,1,3,1,9,1,1,19,3,10,0,1,0,1,2,0,6,2,5,5,9