Year,Distance,Totalinjuries,Totalfatalities,Injuryseverity,Collisionmanner,Lightcondition,Weather,SurfaceCondition,Unittype_One,Gender_Drv1,Traveldirection_One,AlcoholUse_Drv1,DrugUse_Drv1,Unittype_Two,Gender_Drv2,Traveldirection_Two,AlcoholUse_Drv2,DrugUse_Drv2,Hour,Weekday,Month,Weekend,Rush_Hour,Hazardous_Road,Age_Group_Drv1,Age_Group_Drv2,Substance_Use,Junction_Category,Violation_Category_Drv1,Violation_Category_Drv2,Unitaction_Category_Two,Unitaction_Category_One
2013.0,-74.976,1.0,0.0,3,6,0,0,0,0,1,2,1,1,0,0,2,1,1,21,3,10,0,0,0,2,2,0,6,7,5,8,3
2013.0,-24.816,0.0,0.0,3,6,0,0,0,0,0,2,1,1,0,1,2,1,1,22,3,10,0,0,0,1,2,0,6,8,5,3,3
2013.0,-44.88,0.0,0.0,3,10,0,0,0,0,1,9,1,1,0,1,9,1,1,22,3,10,0,0,0,1,1,0,6,0,5,8,3
2013.0,74.976,0.0,0.0,3,6,0,0,0,0,0,2,1,1,0,1,2,1,1,22,3,10,0,0,0,2,1,0,6,8,5,8,3
2013.0,-33.792,3.0,0.0,3,6,0,0,0,0,1,2,1,1,0,0,2,1,1,23,3,10,0,0,0,2,2,0,4,0,5,8,3
2013.0,-58.08,0.0,0.0,3,6,0,0,0,0,0,2,1,1,0,1,2,1,1,0,4,11,0,0,0,2,2,0,2,8,5,8,3
2013.0,99.792,0.0,0.0,3,10,3,0,0,0,1,5,1,1,0,0,5,1,1,7,4,11,0,1,0,1,1,0,4,7,5,8,3
2013.0,-99.264,1.0,0.0,2,6,3,0,0,0,1,1,1,1,0,0,1,1,1,8,4,11,0,1,0,2,1,0,6,7,5,8,8
2013.0,79.2,0.0,0.0,3,6,3,0,0,0,1,5,1,1,0,1,5,1,1,9,4,11,0,1,0,2,1,0,6,7,5,8,3
2013.0,24.816,0.0,0.0,3,6,3,0,0,0,0,5,1,1,0,1,5,1,1,10,4,11,0,0,0,2,2,0,6,7,5,8,3
2013.0,380.16,0.0,0.0,3,10,3,0,0,0,0,9,1,1,0,1,9,1,1,10,4,11,0,0,0,2,1,0,6,9,5,3,2
2013.0,98.208,2.0,0.0,2,6,3,0,0,0,1,5,1,1,0,0,5,1,1,13,4,11,0,0,0,2,1,0,6,0,5,8,8
2013.0,-67.056,1.0,0.0,2,6,3,0,0,0,1,1,1,1,0,1,1,1,1,13,4,11,0,0,0,1,1,0,6,8,5,8,3
2013.0,289.872,0.0,0.0,3,6,3,0,0,0,0,1,1,1,0,0,1,1,1,13,4,11,0,0,0,2,1,0,6,7,5,8,8
2013.0,-4.752,0.0,0.0,3,1,3,0,0,2,2,1,1,1,0,0,2,1,1,13,4,11,0,0,0,0,0,0,4,5,5,8,5
2013.0,26.928,0.0,0.0,3,6,3,0,0,0,0,9,1,1,0,0,9,1,1,14,4,11,0,0,0,1,2,0,6,9,5,3,8
2013.0,101.904,0.0,0.0,3,10,3,0,0,0,1,5,1,1,0,1,5,1,1,16,4,11,0,1,0,1,1,0,6,9,5,3,2
2013.0,0.0,1.0,0.0,3,1,3,0,0,0,1,5,1,1,0,1,7,1,1,16,4,11,0,1,0,1,0,0,4,2,5,9,3
2013.0,125.136,0.0,0.0,3,6,3,0,0,0,1,2,1,1,0,1,2,1,1,16,4,11,0,1,0,1,1,0,6,7,5,8,3
2013.0,0.0,0.0,0.0,3,4,4,0,0,0,0,4,1,1,0,0,5,1,1,17,4,11,0,1,0,1,2,0,4,0,5,3,9
2013.0,0.0,1.0,0.0,3,4,4,0,0,0,0,4,1,1,0,0,1,1,1,17,4,11,0,1,0,1,1,0,4,4,5,3,9
2013.0,429.792,0.0,0.0,3,1,0,0,0,0,0,1,1,1,0,0,5,1,1,18,4,11,0,1,0,2,1,0,0,2,5,3,7
2013.0,0.0,1.0,0.0,2,4,3,0,0,0,0,1,1,1,0,1,5,1,1,18,4,11,0,1,0,2,1,0,4,2,5,3,9
2013.0,0.0,0.0,0.0,3,4,0,0,0,0,0,1,1,1,0,1,9,1,1,18,4,11,0,1,0,1,1,0,4,2,5,3,9
2013.0,-30.096,0.0,0.0,3,6,0,0,0,0,1,5,1,1,0,1,5,1,1,18,4,11,0,1,0,1,1,0,6,0,5,3,3
2013.0,60.192,0.0,0.0,3,6,0,0,0,0,1,1,1,1,0,0,1,1,1,19,4,11,0,1,0,1,1,0,6,0,5,3,3
2013.0,0.0,2.0,0.0,1,1,0,0,0,0,0,2,1,1,0,1,1,1,1,23,4,11,0,0,0,2,1,0,2,2,5,3,3
2013.0,-99.792,0.0,0.0,3,6,3,0,0,0,1,1,1,1,0,0,1,1,1,8,5,11,1,1,0,2,2,0,6,7,5,8,3
2013.0,3.168,0.0,0.0,3,1,3,0,0,2,1,2,1,1,0,0,1,1,1,10,5,11,1,0,0,1,1,0,6,9,5,9,3
2013.0,0.0,1.0,0.0,2,10,3,0,0,0,2,9,1,1,0,1,9,1,1,13,5,11,1,0,0,0,1,0,6,9,5,3,2
2013.0,528.0,0.0,0.0,3,6,3,0,0,0,0,9,1,1,0,1,9,1,1,13,5,11,1,0,0,1,2,0,6,8,8,2,2
2013.0,-299.904,2.0,0.0,2,6,3,0,0,0,0,1,1,1,0,0,1,1,1,16,5,11,1,1,0,2,1,0,6,8,5,3,3
2013.0,-99.792,0.0,0.0,3,7,3,0,0,0,1,9,1,1,0,0,9,1,1,16,5,11,1,1,0,1,1,0,2,8,5,8,3
2013.0,0.0,0.0,0.0,3,1,0,0,0,0,0,3,1,1,0,1,2,1,1,19,5,11,1,1,0,1,0,0,2,4,5,3,9
2013.0,0.0,0.0,0.0,3,4,0,0,0,0,2,5,1,1,0,0,2,1,1,19,5,11,1,1,0,0,2,0,4,2,5,3,9
2013.0,0.0,0.0,0.0,3,1,3,0,0,0,0,2,1,1,0,1,9,1,1,7,6,11,1,1,0,2,1,0,2,2,5,9,3
2013.0,0.0,0.0,0.0,3,6,0,0,0,0,1,5,1,1,0,1,5,1,1,19,6,11,1,1,0,2,0,0,4,7,5,9,3
2013.0,0.0,1.0,0.0,2,12,0,0,0,0,2,1,1,1,2,1,8,1,1,19,6,11,1,1,0,0,1,0,4,5,5,5,3
2013.0,0.0,0.0,0.0,3,10,0,0,0,0,1,9,1,1,0,1,1,1,1,22,6,11,1,0,0,1,0,0,2,2,5,3,9
2013.0,-68.112,0.0,0.0,3,10,0,0,0,0,0,2,1,1,0,1,2,1,1,0,0,11,0,0,0,1,1,0,4,9,5,3,3
2013.0,63.888,0.0,0.0,3,6,3,0,0,0,0,5,1,1,1,1,5,1,1,8,0,11,0,1,0,1,1,0,6,7,5,6,3
2013.0,-4.752,0.0,0.0,3,10,3,0,0,0,1,5,1,1,0,1,1,1,1,10,0,11,0,0,0,1,1,0,4,5,5,3,9
2013.0,0.0,0.0,0.0,3,1,3,0,0,0,1,9,1,1,0,1,5,1,1,10,0,11,0,0,0,1,1,0,2,2,5,9,3
2013.0,-220.176,1.0,0.0,3,1,3,0,0,2,1,1,0,1,0,0,5,1,1,11,0,11,0,0,0,2,1,0,6,5,5,5,3
2013.0,720.192,0.0,0.0,3,6,3,0,0,0,1,5,1,1,0,0,5,1,1,11,0,11,0,0,0,1,1,0,6,7,5,8,3
2013.0,-1056.0,0.0,0.0,3,1,3,0,0,0,1,1,1,1,0,1,5,1,1,12,0,11,0,0,0,2,1,0,6,2,5,3,9
2013.0,-26.928,1.0,0.0,3,1,3,0,0,0,1,2,1,1,2,1,1,1,1,13,0,11,0,0,0,1,2,0,4,2,5,3,3
2013.0,0.0,2.0,0.0,3,1,3,0,0,0,1,9,1,1,0,0,2,1,1,13,0,11,0,0,0,1,2,0,4,5,5,3,3
2013.0,0.0,0.0,0.0,3,6,3,0,0,0,2,5,1,1,0,1,5,1,1,14,0,11,0,0,0,0,1,0,4,0,5,8,3
2013.0,-74.976,0.0,0.0,3,6,3,0,0,0,0,1,1,1,0,0,1,1,1,15,0,11,0,0,0,1,1,0,2,7,5,8,3
2013.0,-30.096,1.0,0.0,3,5,3,0,0,0,1,7,1,1,3,1,1,1,1,16,0,11,0,1,0,2,2,0,6,2,5,7,9
2013.0,-40.128,0.0,0.0,3,6,3,0,0,0,0,2,1,1,0,1,2,1,1,16,0,11,0,1,0,2,0,0,2,8,5,8,3
2013.0,-50.16,0.0,0.0,3,4,3,0,0,0,1,3,1,1,0,1,5,1,1,16,0,11,0,1,0,2,1,0,0,2,5,3,9
2013.0,50.16,2.0,0.0,3,6,3,0,0,0,0,5,1,1,0,0,5,1,1,17,0,11,0,1,0,1,0,0,4,7,5,8,3
2013.0,-4.752,0.0,0.0,3,5,3,0,0,0,0,4,1,1,0,0,2,1,1,18,0,11,0,1,0,2,2,0,0,2,5,8,9
2013.0,14.784,0.0,0.0,3,10,0,3,4,0,1,9,1,1,0,1,9,1,1,20,0,11,0,0,1,1,2,0,6,0,5,8,3
2013.0,-54.912,0.0,0.0,3,1,2,0,0,0,1,1,1,1,0,0,1,1,1,6,1,11,0,0,0,1,0,0,4,9,5,8,2
2013.0,0.0,0.0,0.0,3,4,3,0,0,0,0,5,1,1,0,1,1,1,1,7,1,11,0,1,0,2,1,0,2,2,5,3,9
2013.0,-21.12,2.0,0.0,3,1,3,0,0,0,0,4,1,1,0,0,4,1,1,7,1,11,0,1,0,2,1,0,6,4,5,9,9
2013.0,0.0,1.0,0.0,2,6,3,0,0,0,0,9,1,1,0,1,9,1,1,7,1,11,0,1,0,2,1,0,4,7,5,8,3
2013.0,110.88,1.0,0.0,3,1,3,0,0,0,1,1,1,1,3,1,2,1,1,8,1,11,0,1,0,1,2,0,6,2,5,7,5
2013.0,-23.232,0.0,0.0,3,1,3,0,0,0,1,1,1,1,0,0,5,1,1,9,1,11,0,1,0,0,1,0,6,2,5,3,9
2013.0,-149.952,0.0,0.0,3,10,3,0,0,0,0,5,1,1,0,0,5,1,1,12,1,11,0,0,0,1,2,0,6,9,5,3,2
2013.0,0.0,0.0,0.0,3,4,3,0,0,0,1,3,1,1,0,0,9,1,1,16,1,11,0,1,0,2,1,0,2,5,5,3,9
2013.0,-309.936,1.0,0.0,2,6,4,0,0,0,0,5,1,1,0,0,5,1,1,17,1,11,0,1,0,2,1,0,6,7,5,8,3
2013.0,30.096,0.0,0.0,3,6,0,0,0,0,1,5,1,1,0,1,5,1,1,21,1,11,0,0,0,1,1,0,6,5,5,5,5
2013.0,-66.0,0.0,0.0,3,6,3,0,0,0,0,1,1,1,0,1,1,1,1,7,2,11,0,1,0,2,1,0,4,7,5,8,3
2013.0,-149.952,0.0,0.0,3,1,3,0,0,0,0,5,1,1,0,1,9,1,1,8,2,11,0,1,0,2,1,0,6,2,5,3,5
2013.0,200.112,0.0,0.0,3,10,3,0,0,0,1,9,1,1,0,1,9,1,1,9,2,11,0,1,0,1,1,0,6,9,5,3,3
2013.0,149.952,1.0,0.0,3,6,3,0,0,0,1,2,1,1,0,0,2,1,1,11,2,11,0,0,0,0,1,0,6,7,5,8,3
2013.0,0.0,1.0,0.0,2,4,3,0,0,0,1,7,1,1,0,0,1,1,1,13,2,11,0,0,0,2,0,0,4,2,5,3,9
2013.0,-4.752,0.0,0.0,3,4,3,0,0,0,1,9,1,1,0,1,9,1,1,15,2,11,0,0,0,1,2,0,4,0,5,9,3
2013.0,-10.032,1.0,0.0,3,6,3,0,0,0,0,1,1,1,0,1,1,1,1,16,2,11,0,1,0,0,2,0,4,7,5,9,3
2013.0,71.808,0.0,0.0,3,10,0,0,0,0,1,6,1,1,0,1,6,1,1,22,2,11,0,0,0,2,2,0,6,5,5,3,3
2013.0,0.0,0.0,0.0,3,4,3,0,0,0,0,9,1,1,0,0,2,1,1,7,3,11,0,1,0,1,1,0,2,2,5,9,3
2013.0,249.744,0.0,0.0,3,10,3,0,0,0,1,1,1,1,0,1,1,1,1,11,3,11,0,0,0,2,1,0,6,0,5,3,2
2013.0,493.152,0.0,0.0,3,10,3,0,0,0,1,9,1,1,0,1,9,1,1,11,3,11,0,0,0,0,1,0,6,9,9,3,3
2013.0,290.928,0.0,0.0,3,8,3,0,0,0,1,5,1,1,0,1,1,1,1,13,3,11,0,0,0,1,1,0,6,5,5,3,1
2013.0,-241.824,0.0,0.0,3,1,3,0,0,2,1,9,1,1,0,1,3,1,1,16,3,11,0,1,0,1,1,0,6,5,5,9,3
2013.0,0.0,1.0,0.0,2,6,3,0,0,0,1,5,1,1,0,1,5,1,1,16,3,11,0,1,0,1,1,0,4,0,5,8,3
2013.0,-125.136,0.0,0.0,3,6,3,0,0,0,0,5,1,1,0,1,5,1,1,16,3,11,0,1,0,2,1,0,6,8,5,8,8
2013.0,500.016,1.0,0.0,3,6,0,0,0,0,1,5,1,1,0,1,5,1,1,17,3,11,0,1,0,2,2,0,6,7,5,8,8
2013.0,183.216,0.0,0.0,3,6,0,0,0,0,2,5,1,1,0,0,5,1,1,18,3,11,0,1,0,0,1,0,6,7,5,8,3
2013.0,220.176,2.0,0.0,3,6,3,0,0,0,0,9,1,1,0,0,9,1,1,7,4,11,0,1,0,1,1,0,4,7,5,8,8
2013.0,0.0,0.0,0.0,3,10,3,0,0,0,0,2,1,1,0,0,2,1,1,8,4,11,0,1,0,1,1,0,1,4,5,9,9
2013.0,-60.192,0.0,0.0,3,6,3,0,0,0,1,2,1,1,0,0,2,1,1,8,4,11,0,1,0,2,1,0,2,7,5,8,3
2013.0,-63.888,0.0,0.0,3,10,3,0,0,0,0,1,1,1,0,0,1,1,1,9,4,11,0,1,0,1,1,0,4,9,5,3,3
2013.0,240.24,1.0,0.0,2,6,3,0,0,0,1,2,1,1,0,0,2,1,1,9,4,11,0,1,0,1,2,0,6,0,5,8,3
2013.0,-20.064,0.0,0.0,3,10,3,0,0,0,0,2,1,1,0,0,2,1,1,10,4,11,0,0,0,1,0,0,4,9,5,8,9
2013.0,-27.984,1.0,0.0,1,1,3,0,0,2,1,9,1,1,0,0,2,1,1,11,4,11,0,0,0,2,1,0,6,2,5,3,3
2013.0,599.808,0.0,0.0,3,5,3,0,0,0,1,2,1,1,0,0,5,1,1,11,4,11,0,0,0,1,1,0,6,5,5,8,1
2013.0,-615.12,0.0,0.0,3,1,3,0,0,0,0,2,1,1,0,0,1,1,1,12,4,11,0,0,0,1,1,0,4,2,5,3,3
2013.0,-249.744,0.0,0.0,3,4,3,0,0,0,0,7,1,1,0,0,3,1,1,13,4,11,0,0,0,1,1,0,6,5,5,9,9
2013.0,-475.2,0.0,0.0,3,10,3,0,0,0,1,9,1,1,0,0,9,1,1,13,4,11,0,0,0,2,1,0,6,3,5,3,3
2013.0,-39.072,1.0,0.0,3,1,3,0,0,0,2,5,1,1,3,0,1,1,1,13,4,11,0,0,0,0,1,0,4,5,5,7,5
2013.0,-599.808,0.0,0.0,3,6,3,0,0,0,1,5,1,1,0,0,5,1,1,14,4,11,0,0,0,0,2,0,6,7,5,8,3
2013.0,-599.808,1.0,0.0,2,4,3,0,0,0,1,2,1,1,0,1,9,1,1,17,4,11,0,1,0,0,1,0,6,2,5,3,9
2013.0,159.984,0.0,0.0,3,1,3,0,0,0,2,5,1,1,0,1,9,0,1,17,4,11,0,1,0,0,1,0,6,4,5,3,9
2013.0,-40.128,0.0,0.0,3,6,0,0,0,0,1,5,1,1,0,1,5,1,1,17,4,11,0,1,0,2,1,0,4,5,5,8,3
2013.0,-95.04,1.0,0.0,2,1,0,0,0,2,1,9,1,1,0,1,5,1,1,18,4,11,0,1,0,2,1,0,6,2,5,3,3
2013.0,-127.776,1.0,0.0,3,10,0,0,0,0,1,9,1,1,0,1,9,1,1,19,4,11,0,1,0,1,1,0,6,5,5,3,2
2013.0,80.256,0.0,0.0,3,6,0,0,0,0,2,9,1,1,0,0,9,1,1,19,4,11,0,1,0,0,1,0,6,7,5,8,3
2013.0,0.0,3.0,0.0,3,4,0,0,0,0,1,6,0,1,0,1,9,1,1,21,4,11,0,0,0,1,1,0,4,2,5,3,9
2013.0,62.832,0.0,0.0,3,6,3,0,0,0,1,5,1,1,0,1,5,1,1,9,5,11,1,1,0,1,1,0,6,0,5,8,3
2013.0,0.0,0.0,0.0,3,4,3,0,0,0,1,2,1,1,0,1,9,1,1,9,5,11,1,1,0,1,2,0,4,2,5,3,9
2013.0,0.0,0.0,0.0,3,4,3,0,0,0,0,1,1,1,0,0,2,1,1,11,5,11,1,0,0,2,1,0,2,2,5,9,3
2013.0,287.232,0.0,0.0,3,4,0,0,0,0,1,9,1,1,0,1,3,1,1,23,5,11,1,0,0,1,1,0,6,2,5,9,3
2013.0,-10.032,0.0,0.0,3,10,0,0,0,0,0,9,1,1,0,1,9,1,1,23,5,11,1,0,0,2,1,0,4,9,5,3,2
2013.0,-500.016,1.0,0.0,3,4,0,0,0,0,1,1,0,1,0,1,9,1,1,0,6,11,1,0,0,1,2,0,1,9,5,3,9
2013.0,-20.064,1.0,0.0,2,6,3,0,0,0,0,1,1,1,0,1,1,1,1,14,6,11,1,0,0,2,1,0,6,0,5,3,3
2013.0,10.032,0.0,0.0,3,10,2,0,0,0,1,9,1,1,0,1,9,1,1,7,0,11,0,1,0,0,1,0,4,9,5,8,2
2013.0,-57.024,0.0,0.0,3,6,3,0,0,0,1,1,1,1,0,0,1,1,1,8,0,11,0,1,0,1,1,0,4,8,5,3,3
2013.0,109.824,0.0,0.0,3,6,3,0,0,0,1,5,1,1,0,1,5,1,1,9,0,11,0,1,0,0,2,0,2,7,5,8,3
2013.0,0.0,3.0,0.0,2,4,3,0,0,0,0,1,1,1,0,1,9,1,1,13,0,11,0,0,0,0,2,0,6,4,5,3,9
2013.0,-201.168,0.0,0.0,3,6,3,0,0,0,0,2,1,1,0,0,2,1,1,15,0,11,0,0,0,2,1,0,6,7,5,8,3
2013.0,-180.048,1.0,0.0,3,6,4,0,0,0,2,1,1,1,0,0,1,1,1,16,0,11,0,1,0,0,0,0,4,7,5,8,3
2013.0,24.816,1.0,0.0,2,6,0,0,0,0,1,5,1,1,0,0,5,1,1,19,0,11,0,1,0,2,2,0,4,7,5,8,3
2013.0,146.784,2.0,0.0,2,6,2,0,0,0,1,1,1,1,0,1,1,1,1,6,1,11,0,0,0,2,1,0,6,7,5,8,3
2013.0,-149.952,0.0,0.0,3,6,3,0,0,0,1,2,1,1,0,1,2,1,1,7,1,11,0,1,0,2,1,0,4,0,5,8,3
2013.0,-670.032,1.0,0.0,3,4,3,0,0,0,1,6,1,1,0,1,2,1,1,11,1,11,0,0,0,1,1,0,6,2,5,3,9
2013.0,0.0,0.0,0.0,3,1,3,1,0,0,2,1,1,1,0,0,2,1,1,15,1,11,0,0,0,0,1,0,4,2,5,9,3
2013.0,0.0,1.0,0.0,3,4,3,0,0,0,0,9,1,1,0,1,2,1,1,15,1,11,0,0,0,2,1,0,4,2,5,3,9
2013.0,-50.16,2.0,0.0,3,6,3,0,0,0,1,1,1,1,0,0,1,1,1,15,1,11,0,0,0,0,1,0,4,7,5,8,3
2013.0,-80.256,1.0,0.0,3,6,3,0,0,0,1,5,1,1,0,1,5,1,1,15,1,11,0,0,0,1,1,0,6,0,5,3,3
2013.0,-315.216,0.0,0.0,3,6,0,0,0,0,1,1,1,1,0,0,1,1,1,16,1,11,0,1,0,1,1,0,6,7,5,8,3
2013.0,-89.76,2.0,0.0,3,6,3,0,0,0,1,2,1,1,0,1,2,1,1,16,1,11,0,1,0,1,1,0,4,7,5,8,3
2013.0,400.224,1.0,0.0,3,6,3,0,0,0,1,5,1,1,0,1,5,1,1,16,1,11,0,1,0,1,0,0,6,7,5,8,3
2013.0,0.0,0.0,0.0,3,1,0,0,0,0,1,3,1,1,0,0,9,1,1,17,1,11,0,1,0,0,2,0,2,5,5,3,9
2013.0,-99.792,0.0,0.0,3,10,3,0,0,0,0,5,1,1,0,1,5,1,1,19,1,11,0,1,0,0,1,0,6,9,5,3,2
2013.0,-410.256,0.0,0.0,3,10,0,0,0,0,0,1,1,1,0,1,1,1,1,20,1,11,0,0,0,2,1,0,6,9,5,3,2
2013.0,0.0,0.0,0.0,3,1,3,0,0,0,2,9,1,1,0,0,5,1,1,7,2,11,0,1,0,0,1,0,2,2,5,3,3
2013.0,-135.168,1.0,0.0,3,1,3,0,0,2,1,5,1,1,0,1,9,1,1,7,2,11,0,1,0,2,1,0,6,5,5,3,3
2013.0,50.16,0.0,0.0,3,6,3,0,0,0,0,1,1,1,0,1,1,1,1,8,2,11,0,1,0,1,1,0,6,7,5,8,3
2013.0,299.904,1.0,0.0,3,6,3,0,0,0,0,2,1,1,0,0,2,1,1,11,2,11,0,0,0,2,2,0,6,7,5,8,3
2013.0,-4.752,1.0,0.0,3,1,3,0,0,0,0,6,1,1,2,1,3,1,1,12,2,11,0,0,0,1,2,0,2,2,5,7,9
2013.0,74.976,0.0,0.0,3,10,3,0,0,0,0,3,1,1,0,0,2,1,1,13,2,11,0,0,0,1,1,0,6,9,5,3,2
2013.0,-400.224,1.0,0.0,3,4,3,0,0,0,0,9,1,1,2,1,1,1,1,15,2,11,0,0,0,2,2,0,6,9,5,3,9
2013.0,-20.064,0.0,0.0,3,6,3,0,0,0,1,2,1,1,0,0,2,1,1,16,2,11,0,1,0,1,1,0,4,0,5,8,3
2013.0,0.0,2.0,0.0,3,4,3,0,0,0,0,7,1,1,0,1,1,1,1,16,2,11,0,1,0,2,1,0,4,2,5,3,9
2013.0,400.224,0.0,0.0,3,1,4,0,0,0,1,2,1,1,0,1,1,1,1,17,2,11,0,1,0,1,1,0,0,2,5,3,9
2013.0,200.112,1.0,0.0,3,6,4,0,0,0,0,5,1,1,0,1,5,1,1,17,2,11,0,1,0,2,2,0,6,7,5,8,3
2013.0,-194.832,1.0,0.0,2,5,0,0,0,0,0,5,1,1,2,0,9,1,1,17,2,11,0,1,0,0,1,0,6,2,5,3,3
2013.0,0.0,0.0,0.0,3,4,0,0,0,0,1,1,1,1,0,1,9,1,1,18,2,11,0,1,0,2,2,0,4,2,5,3,9
2013.0,129.888,1.0,0.0,2,6,0,0,0,0,0,1,1,1,0,1,1,1,1,18,2,11,0,1,0,1,0,0,6,7,5,8,3
2013.0,-99.792,0.0,0.0,3,4,0,0,0,0,1,9,1,1,0,1,5,1,1,20,2,11,0,0,0,2,1,0,6,0,5,3,9
2013.0,-217.008,1.0,0.0,3,10,0,0,0,0,1,5,1,1,0,0,5,1,1,21,2,11,0,0,0,1,1,0,4,9,5,3,2
2013.0,0.0,0.0,0.0,3,4,3,0,0,0,2,7,1,1,0,0,6,1,1,8,3,11,0,1,0,0,2,0,4,0,5,9,9
2013.0,-50.16,0.0,0.0,3,6,3,0,0,0,1,2,1,1,0,0,2,1,1,11,3,11,0,0,0,1,1,0,4,7,4,9,3
2013.0,0.0,0.0,0.0,3,4,3,0,0,0,0,2,1,1,0,1,5,1,1,11,3,11,0,0,0,0,2,0,4,2,5,9,3
2013.0,42.768,1.0,0.0,2,6,3,0,0,0,1,2,1,1,0,1,2,1,1,12,3,11,0,0,0,1,1,0,4,7,5,8,3
2013.0,0.0,1.0,0.0,2,1,3,0,0,0,0,2,1,1,0,1,1,1,1,12,3,11,0,0,0,2,1,0,4,2,5,8,9
2013.0,0.0,0.0,0.0,3,6,3,0,0,0,0,5,1,1,0,1,5,1,1,14,3,11,0,0,0,2,2,0,4,0,5,8,3
2013.0,229.152,1.0,0.0,3,4,3,0,0,0,1,9,1,1,0,0,2,1,1,14,3,11,0,0,0,2,1,0,0,2,5,3,9
2013.0,-495.264,0.0,0.0,3,4,3,0,0,0,1,9,1,1,0,1,1,1,1,16,3,11,0,1,0,2,1,0,0,9,5,3,9
2013.0,10.032,2.0,0.0,2,4,3,0,0,0,1,7,1,1,3,0,1,1,1,16,3,11,0,1,0,1,2,0,4,2,5,7,9
2013.0,-127.776,0.0,0.0,3,6,3,0,0,0,0,2,1,1,0,0,2,1,1,16,3,11,0,1,0,2,1,0,6,7,5,3,8
2013.0,64.944,1.0,0.0,3,1,0,0,0,0,1,3,1,1,2,0,2,1,1,17,3,11,0,1,0,0,1,0,4,2,5,3,9
2013.0,0.0,0.0,0.0,3,6,0,0,0,0,1,9,1,1,0,1,9,1,1,20,3,11,0,0,0,2,1,0,4,0,5,8,3
2013.0,418.176,1.0,0.0,2,6,3,0,0,0,1,9,1,1,0,1,9,1,1,8,4,11,0,1,0,2,1,0,4,7,5,8,8
2013.0,0.0,1.0,0.0,1,1,3,0,0,0,0,5,1,1,0,1,9,1,1,8,4,11,0,1,0,1,2,0,4,2,5,3,9
2013.0,58.08,0.0,0.0,3,6,3,0,0,0,1,9,1,1,0,0,9,1,1,9,4,11,0,1,0,1,2,0,6,7,5,3,3
2013.0,-58.08,1.0,0.0,3,1,3,0,0,2,0,2,1,1,0,1,1,1,1,11,4,11,0,0,0,2,1,0,6,5,5,9,3
2013.0,585.024,2.0,0.0,3,6,3,0,0,0,0,2,1,1,0,0,2,1,1,12,4,11,0,0,0,2,0,0,6,7,5,8,3
2013.0,704.88,0.0,0.0,3,3,3,0,0,0,0,7,1,1,0,1,3,1,1,16,4,11,0,1,0,2,1,0,6,5,5,9,9
2013.0,2.112,0.0,0.0,3,5,3,0,0,0,1,1,1,1,3,1,2,1,1,17,4,11,0,1,0,0,2,0,4,2,5,7,3
2013.0,-60.192,1.0,0.0,2,1,3,0,0,0,1,4,1,1,0,0,5,1,1,17,4,11,0,1,0,2,1,0,4,5,5,3,9
2013.0,0.0,0.0,0.0,3,4,4,0,0,0,0,9,1,1,0,1,1,1,1,18,4,11,0,1,0,2,1,0,4,2,5,3,9
2013.0,-35.904,3.0,0.0,3,6,0,0,0,0,0,9,1,1,0,1,9,1,1,18,4,11,0,1,0,1,1,0,6,7,5,3,3
2013.0,64.944,1.0,0.0,3,6,0,0,0,0,1,5,0,1,0,0,5,1,1,19,4,11,0,1,0,1,2,0,4,8,5,8,3
2013.0,50.16,2.0,0.0,3,6,0,0,0,0,0,1,1,1,0,0,1,1,1,21,4,11,0,0,0,1,1,0,6,7,5,8,3
2013.0,-50.16,1.0,0.0,3,6,0,0,0,0,1,2,1,1,0,0,2,1,1,22,4,11,0,0,0,2,2,0,4,7,5,8,3
2013.0,0.0,0.0,0.0,3,4,0,0,0,0,0,5,1,1,0,0,2,1,1,23,4,11,0,0,0,2,1,0,4,2,5,3,9
2013.0,-99.792,0.0,0.0,3,4,0,0,0,0,0,1,1,1,0,1,1,1,1,23,4,11,0,0,0,2,2,0,6,4,5,3,9
2013.0,42.24,1.0,0.0,3,6,3,0,0,0,1,5,1,1,0,0,5,1,1,9,5,11,1,1,0,2,1,0,4,7,5,8,8
2013.0,0.0,0.0,0.0,3,4,3,0,0,0,1,2,1,1,0,0,1,1,1,11,5,11,1,0,0,2,1,0,4,0,5,3,9
2013.0,42.24,1.0,0.0,2,6,3,0,0,0,1,9,1,1,0,1,9,1,1,13,5,11,1,0,0,0,0,0,2,5,2,8,3
2013.0,0.0,1.0,0.0,2,1,3,0,0,0,0,2,1,1,0,0,9,1,1,13,5,11,1,0,0,2,2,0,4,2,5,3,3
2013.0,0.0,1.0,0.0,2,1,3,0,0,0,0,5,1,1,0,1,4,1,1,15,5,11,1,0,0,0,2,0,2,2,5,9,3