Year,Distance,Totalinjuries,Totalfatalities,Injuryseverity,Collisionmanner,Lightcondition,Weather,SurfaceCondition,Unittype_One,Gender_Drv1,Traveldirection_One,AlcoholUse_Drv1,DrugUse_Drv1,Unittype_Two,Gender_Drv2,Traveldirection_Two,AlcoholUse_Drv2,DrugUse_Drv2,Hour,Weekday,Month,Weekend,Rush_Hour,Hazardous_Road,Age_Group_Drv1,Age_Group_Drv2,Substance_Use,Junction_Category,Violation_Category_Drv1,Violation_Category_Drv2,Unitaction_Category_Two,Unitaction_Category_One
2013.0,50.16,0.0,0.0,3,10,3,0,0,0,0,5,1,1,2,1,5,1,1,16,5,11,1,1,0,2,1,0,6,5,5,3,8
2013.0,740.256,1.0,0.0,2,1,3,0,0,2,1,5,1,1,0,0,9,1,1,16,5,11,1,1,0,2,1,0,0,9,5,3,3
2013.0,10.032,1.0,0.0,3,6,3,0,0,0,0,5,1,1,0,1,5,1,1,17,5,11,1,1,0,2,2,0,4,7,5,8,3
2013.0,364.848,0.0,0.0,3,1,0,0,0,0,1,5,1,1,0,0,2,1,1,18,5,11,1,1,0,1,1,0,6,4,5,3,0
2013.0,-66.0,1.0,0.0,3,6,0,0,0,0,0,9,1,1,0,1,9,1,1,18,5,11,1,1,0,0,1,0,4,5,5,3,3
2013.0,68.112,0.0,0.0,3,6,0,0,0,0,1,9,1,1,0,0,9,1,1,21,5,11,1,0,0,2,1,0,4,0,5,8,8
2013.0,0.0,2.0,0.0,3,4,0,0,0,0,0,4,1,1,0,1,1,1,1,23,5,11,1,0,0,2,2,0,4,2,5,3,9
2013.0,315.216,0.0,0.0,3,6,0,0,0,0,1,2,1,1,0,1,2,1,1,0,6,11,1,0,0,2,2,0,6,7,5,8,3
2013.0,0.0,1.0,0.0,3,1,0,0,0,0,1,2,1,1,0,1,1,0,1,3,6,11,1,0,0,2,2,0,2,2,5,3,3
2013.0,35.904,0.0,0.0,3,6,3,0,0,0,0,5,1,1,0,1,5,1,1,10,6,11,1,0,0,1,0,0,4,0,5,8,3
2013.0,-10.032,0.0,0.0,3,6,3,0,0,0,1,1,1,1,0,0,1,1,1,13,6,11,1,0,0,1,0,0,6,0,5,3,3
2013.0,60.192,0.0,0.0,3,6,3,0,0,0,1,9,1,1,0,0,9,1,1,14,6,11,1,0,0,1,2,0,4,7,5,8,3
2013.0,-74.976,0.0,0.0,3,1,4,0,0,0,0,2,1,1,2,1,9,1,1,17,6,11,1,1,0,1,2,0,0,2,5,3,9
2013.0,-92.928,0.0,0.0,3,10,4,0,0,0,0,5,1,1,0,1,5,1,1,18,6,11,1,1,0,1,0,0,4,9,5,3,2
2013.0,-401.808,0.0,0.0,3,6,0,0,0,0,1,2,1,1,0,0,2,1,1,19,6,11,1,1,0,1,1,0,6,7,5,3,3
2013.0,0.0,0.0,0.0,3,10,0,0,0,0,1,5,1,1,0,1,5,1,1,20,6,11,1,0,0,2,1,0,4,0,5,3,2
2013.0,0.0,1.0,0.0,3,4,0,0,0,0,1,6,1,1,0,1,2,1,1,3,0,11,0,0,0,1,1,0,4,4,5,3,9
2013.0,210.144,1.0,0.0,3,6,3,0,0,0,1,9,1,1,0,1,9,1,1,10,0,11,0,0,0,1,1,0,4,7,5,8,3
2013.0,0.0,0.0,0.0,3,1,3,0,0,0,0,1,1,1,0,1,5,1,1,12,0,11,0,0,0,1,1,0,4,2,5,3,3
2013.0,0.0,0.0,0.0,3,4,3,0,0,0,1,9,1,1,0,1,1,1,1,13,0,11,0,0,0,1,1,0,4,2,5,9,3
2013.0,0.0,0.0,0.0,3,1,3,0,0,0,0,5,1,1,0,0,9,1,1,14,0,11,0,0,0,1,1,0,4,2,5,3,3
2013.0,-384.912,0.0,0.0,3,4,3,0,0,0,1,9,1,1,0,0,1,1,1,15,0,11,0,0,0,0,1,0,6,2,5,3,9
2013.0,0.0,0.0,0.0,3,1,3,0,0,0,1,5,1,1,0,1,1,1,1,16,0,11,0,1,0,1,2,0,4,2,5,2,9
2013.0,-61.776,0.0,0.0,3,10,3,0,0,0,1,1,1,1,0,0,1,1,1,16,0,11,0,1,0,2,1,0,4,9,5,3,2
2013.0,0.0,1.0,0.0,3,4,3,0,0,0,1,7,1,1,0,1,1,1,1,16,0,11,0,1,0,2,2,0,4,2,5,3,9
2013.0,0.0,0.0,0.0,3,4,4,0,0,0,1,6,1,1,0,1,9,1,1,17,0,11,0,1,0,2,1,0,4,2,5,3,9
2013.0,-60.192,0.0,0.0,3,10,0,0,0,0,0,2,1,1,0,1,2,1,1,17,0,11,0,1,0,2,1,0,4,9,5,3,2
2013.0,528.0,0.0,0.0,3,6,0,0,0,0,0,5,1,1,0,1,5,1,1,18,0,11,0,1,0,1,1,0,6,8,5,8,3
2013.0,149.952,0.0,0.0,3,10,0,0,0,0,0,3,1,1,0,1,6,1,1,20,0,11,0,0,0,1,1,0,6,4,5,9,9
2013.0,96.096,0.0,0.0,3,6,3,0,0,0,1,9,1,1,0,1,9,1,1,7,1,11,0,1,0,1,1,0,6,0,5,8,3
2013.0,-61.776,0.0,0.0,3,6,3,0,0,0,1,1,1,1,0,1,6,1,1,15,1,11,0,0,0,1,1,0,4,7,5,9,3
2013.0,-200.112,0.0,0.0,3,1,3,0,0,0,0,5,1,1,0,1,5,1,1,15,1,11,0,0,0,1,1,0,6,5,5,3,9
2013.0,0.0,0.0,0.0,3,6,3,0,0,0,0,2,1,1,0,0,2,1,1,15,1,11,0,0,0,1,0,0,4,7,5,8,3
2013.0,542.784,1.0,0.0,2,1,3,0,0,0,1,2,1,1,3,0,2,1,1,16,1,11,0,1,0,1,1,0,0,2,5,5,9
2013.0,-524.832,0.0,0.0,3,6,0,0,0,0,0,5,1,1,0,0,5,1,1,17,1,11,0,1,0,1,1,0,6,7,5,8,8
2013.0,-344.784,2.0,0.0,2,3,3,0,0,0,0,1,1,1,0,1,9,1,1,17,1,11,0,1,0,2,1,0,6,9,5,8,3
2013.0,-174.768,0.0,0.0,3,6,0,0,0,0,0,9,1,1,0,1,9,1,1,18,1,11,0,1,0,1,1,0,6,0,5,3,3
2013.0,520.08,1.0,0.0,3,4,3,0,0,0,1,1,1,1,0,0,9,1,1,7,2,11,0,1,0,2,1,0,6,5,5,3,9
2013.0,0.0,0.0,0.0,3,4,3,1,0,0,1,1,1,1,0,1,9,1,1,8,2,11,0,1,0,1,1,0,4,2,5,3,9
2013.0,115.104,0.0,0.0,3,6,3,0,0,0,2,9,1,1,0,0,9,1,1,11,2,11,0,0,0,0,2,0,4,7,5,8,3
2013.0,0.0,1.0,0.0,2,1,3,0,0,0,0,1,1,1,0,0,5,1,1,14,2,11,0,0,0,2,1,0,4,2,5,3,3
2013.0,350.064,0.0,0.0,3,10,3,0,0,0,0,1,1,1,0,1,1,1,1,14,2,11,0,0,0,2,0,0,6,9,5,3,2
2013.0,-50.16,2.0,0.0,3,1,3,0,0,0,1,5,1,1,0,0,1,1,1,15,2,11,0,0,0,2,1,0,4,5,5,8,0
2013.0,0.0,0.0,0.0,3,4,4,0,0,0,0,2,1,1,0,1,1,1,1,17,2,11,0,1,0,2,0,0,4,2,5,3,9
2013.0,99.792,0.0,0.0,3,6,0,0,0,0,0,9,1,1,0,0,9,1,1,17,2,11,0,1,0,1,2,0,6,7,5,8,8
2013.0,-787.776,0.0,0.0,3,6,0,0,0,0,1,5,1,1,0,0,1,1,1,20,2,11,0,0,0,0,2,0,0,2,5,9,9
2013.0,-530.112,1.0,0.0,3,4,0,0,0,0,1,3,1,1,0,1,9,1,1,21,2,11,0,0,0,1,2,0,0,5,5,3,9
2013.0,1056.0,0.0,0.0,3,1,3,1,0,0,0,3,1,1,0,0,1,1,1,7,3,11,0,1,0,2,1,0,6,5,5,3,5
2013.0,0.0,0.0,0.0,3,4,2,1,0,0,2,2,1,1,0,1,9,1,1,7,3,11,0,1,0,0,1,0,4,2,5,3,9
2013.0,479.952,0.0,0.0,3,6,3,1,0,0,1,5,1,1,0,0,5,1,1,7,3,11,0,1,0,1,1,0,0,8,5,8,3
2013.0,496.848,1.0,0.0,2,6,3,1,0,0,0,5,1,1,0,1,5,1,1,7,3,11,0,1,0,2,1,0,6,7,5,8,3
2013.0,244.992,1.0,0.0,3,6,3,0,0,0,1,9,1,1,0,1,9,1,1,11,3,11,0,0,0,1,0,0,6,7,5,8,3
2013.0,-200.112,0.0,0.0,3,4,3,0,0,0,1,2,1,1,0,0,1,1,1,13,3,11,0,0,0,2,2,0,0,2,5,3,9
2013.0,265.056,1.0,0.0,3,6,3,1,0,0,0,1,1,1,0,1,1,1,1,14,3,11,0,0,0,1,2,0,6,7,5,8,3
2013.0,993.168,0.0,0.0,3,4,3,0,0,0,1,2,1,1,0,1,1,1,1,15,3,11,0,0,0,1,0,0,6,2,5,3,9
2013.0,0.0,0.0,0.0,3,1,3,0,0,0,1,7,1,1,0,1,9,1,1,16,3,11,0,1,0,2,1,0,4,5,5,3,9
2013.0,-200.112,0.0,0.0,3,5,4,1,0,2,2,1,1,1,0,0,5,1,1,16,3,11,0,1,0,0,1,0,0,9,5,9,3
2013.0,-293.04,2.0,0.0,2,6,3,1,0,0,1,1,1,1,0,0,1,1,1,16,3,11,0,1,0,1,1,0,4,0,5,8,3
2013.0,-633.6,0.0,0.0,3,10,4,0,0,0,1,1,1,1,0,1,1,1,1,17,3,11,0,1,0,1,1,0,0,0,5,8,9
2013.0,360.096,1.0,0.0,2,6,0,1,0,0,1,9,1,1,0,0,9,1,1,17,3,11,0,1,0,1,1,0,2,7,5,8,3
2013.0,0.0,2.0,0.0,3,1,0,1,0,0,1,1,1,1,0,0,5,1,1,18,3,11,0,1,0,1,1,0,4,2,5,3,3
2013.0,296.208,0.0,0.0,3,6,0,3,4,0,0,1,1,1,0,1,1,1,1,20,3,11,0,0,1,1,2,0,6,0,5,8,3
2013.0,-58.08,0.0,0.0,3,6,0,3,4,0,0,2,1,1,0,0,2,1,1,6,4,11,0,0,1,1,1,0,2,0,5,3,3
2013.0,-211.2,0.0,0.0,3,1,3,3,4,0,0,2,1,1,0,1,2,1,1,7,4,11,0,1,1,1,1,0,0,0,5,3,9
2013.0,86.064,0.0,0.0,3,3,3,3,4,0,0,1,1,1,0,1,9,1,1,7,4,11,0,1,1,1,1,0,6,9,5,8,9
2013.0,343.2,0.0,0.0,3,4,3,3,4,0,0,9,1,1,0,1,2,1,1,10,4,11,0,0,1,0,1,0,6,2,5,3,9
2013.0,0.0,0.0,0.0,3,4,3,3,4,0,1,9,1,1,0,1,5,1,1,11,4,11,0,0,1,1,2,0,4,2,5,9,3
2013.0,-159.984,1.0,0.0,3,10,3,3,4,0,0,1,1,1,0,1,1,1,1,12,4,11,0,0,1,2,2,0,4,0,5,8,2
2013.0,0.0,0.0,0.0,3,1,3,1,4,0,1,5,1,1,0,1,4,1,1,12,4,11,0,0,1,1,2,0,4,2,5,9,9
2013.0,-411.84,1.0,0.0,3,1,3,3,4,0,0,5,1,1,0,0,9,1,1,15,4,11,0,0,1,2,2,0,0,0,5,9,3
2013.0,0.0,0.0,0.0,3,6,0,3,4,0,1,5,1,1,0,1,5,1,1,16,4,11,0,1,1,2,1,0,4,7,5,8,3
2013.0,528.0,0.0,0.0,3,9,3,1,4,0,0,5,0,1,0,1,2,1,1,17,4,11,0,1,1,1,0,0,6,9,5,3,3
2013.0,4.752,1.0,0.0,3,4,0,3,4,0,1,1,1,1,3,0,9,1,1,17,4,11,0,1,1,2,1,0,4,4,5,5,9
2013.0,0.0,0.0,0.0,3,6,4,3,4,0,2,1,1,1,0,1,1,1,1,17,4,11,0,1,1,0,1,0,4,7,5,8,3
2013.0,0.0,1.0,0.0,3,4,0,3,4,0,1,9,1,1,0,0,1,1,1,18,4,11,0,1,1,1,0,0,4,2,5,3,9
2013.0,-680.064,1.0,0.0,3,1,0,3,4,0,1,5,1,1,0,0,5,1,1,18,4,11,0,1,1,2,2,0,6,0,5,8,3
2013.0,268.224,0.0,0.0,3,6,0,3,4,0,0,5,1,1,0,0,5,1,1,18,4,11,0,1,1,2,1,0,4,7,5,8,3
2013.0,-279.84,0.0,0.0,3,6,0,3,4,0,1,2,1,1,0,1,2,1,1,21,4,11,0,0,1,2,2,0,6,0,5,8,3
2013.0,438.24,1.0,0.0,3,4,0,3,4,0,1,4,1,1,0,0,9,1,1,21,4,11,0,0,1,2,2,0,6,2,5,3,9
2013.0,1111.968,0.0,0.0,3,6,0,3,4,0,0,5,1,1,0,1,5,1,1,21,4,11,0,0,1,2,2,0,6,0,5,8,3
2013.0,0.0,0.0,0.0,3,3,0,3,4,0,0,5,1,1,0,0,2,1,1,23,4,11,0,0,1,1,2,0,4,9,5,3,8
2013.0,0.0,0.0,0.0,3,4,0,0,0,0,1,2,1,1,0,1,9,1,1,5,5,11,1,0,0,2,1,0,6,0,5,3,9
2013.0,0.0,1.0,0.0,3,1,3,1,4,0,0,9,1,1,0,0,2,1,1,9,5,11,1,1,1,1,1,0,2,5,5,3,3
2013.0,528.0,0.0,0.0,3,10,3,0,0,0,1,9,1,1,0,1,9,1,1,10,5,11,1,0,0,0,0,0,2,9,5,9,9
2013.0,-140.976,0.0,0.0,3,6,3,3,4,0,1,1,1,1,0,1,1,1,1,14,5,11,1,0,1,1,2,0,4,9,7,3,9
2013.0,0.0,0.0,0.0,3,1,3,0,4,0,0,1,1,1,0,1,9,1,1,14,5,11,1,0,1,1,1,0,4,4,5,3,9
2013.0,99.792,1.0,0.0,3,3,0,3,4,0,1,2,0,1,0,1,5,1,1,18,5,11,1,1,1,2,2,0,6,4,5,3,3
2013.0,0.0,0.0,0.0,3,4,0,0,0,0,1,5,1,1,0,1,2,1,1,20,5,11,1,0,0,2,1,0,4,2,5,3,9
2013.0,0.0,0.0,0.0,3,10,0,3,4,0,2,2,1,1,0,1,2,1,1,22,5,11,1,0,1,0,1,0,6,9,5,3,3
2013.0,-105.072,0.0,0.0,3,6,0,0,0,0,1,1,0,1,0,1,1,1,1,0,6,11,1,0,0,1,1,0,4,7,5,8,3
2013.0,0.0,1.0,0.0,2,4,0,0,0,0,1,2,0,1,0,1,9,1,1,2,6,11,1,0,0,1,2,0,4,4,5,3,9
2013.0,-544.896,0.0,0.0,3,10,0,0,0,0,2,9,1,1,1,1,8,1,1,3,6,11,1,0,0,0,1,0,6,9,5,6,3
2013.0,78.144,0.0,0.0,3,6,3,1,0,0,1,2,1,1,0,0,1,1,1,9,6,11,1,1,0,0,1,0,2,2,5,3,3
2013.0,-50.16,0.0,0.0,3,10,3,1,0,0,0,4,1,1,0,1,2,1,1,11,6,11,1,0,0,1,1,0,6,0,5,3,2
2013.0,293.04,1.0,0.0,3,10,0,0,0,0,0,5,0,1,2,1,5,1,1,3,0,11,0,0,0,1,1,0,6,0,5,3,3
2013.0,1320.0,0.0,0.0,3,10,3,0,0,0,2,1,1,1,0,0,1,1,1,8,0,11,0,1,0,0,1,0,4,7,5,3,9
2013.0,-85.008,2.0,0.0,2,6,3,0,0,2,1,2,1,1,0,1,2,1,1,9,0,11,0,1,0,1,1,0,4,9,5,3,2
2013.0,89.76,0.0,0.0,3,6,3,0,0,0,1,9,1,1,0,1,9,1,1,9,0,11,0,1,0,1,1,0,6,7,5,8,3
2013.0,-105.072,0.0,0.0,3,12,3,4,3,0,2,8,1,1,1,1,8,1,1,10,0,11,0,0,0,0,1,0,6,5,5,6,5
2013.0,220.176,1.0,0.0,3,6,3,0,0,0,0,9,1,1,0,1,9,1,1,11,0,11,0,0,0,2,1,0,4,7,5,8,3
2013.0,-129.888,0.0,0.0,3,6,3,0,0,0,1,1,1,1,0,1,1,1,1,11,0,11,0,0,0,0,1,0,6,7,5,8,3
2013.0,-159.984,0.0,0.0,3,10,3,0,0,0,1,5,1,1,0,0,5,1,1,15,0,11,0,0,0,2,1,0,6,7,5,8,3
2013.0,0.0,1.0,0.0,2,1,3,0,0,0,1,9,1,1,0,1,6,1,1,16,0,11,0,1,0,1,1,0,4,2,5,9,3
2013.0,0.0,2.0,0.0,3,4,4,0,0,0,1,9,1,1,0,1,1,1,1,17,0,11,0,1,0,1,1,0,4,2,5,3,9
2013.0,-10.032,0.0,0.0,3,6,0,0,0,0,0,2,1,1,0,0,2,1,1,19,0,11,0,1,0,0,0,0,4,7,5,9,3
2013.0,-249.744,0.0,0.0,3,10,0,0,0,0,0,1,1,1,0,0,1,1,1,20,0,11,0,0,0,2,2,0,6,0,5,3,2
2013.0,149.952,0.0,0.0,3,6,0,0,0,0,0,5,1,1,0,1,5,1,1,20,0,11,0,0,0,2,2,0,6,0,0,3,3
2013.0,50.16,0.0,0.0,3,1,0,0,0,0,0,1,1,1,0,0,1,1,1,20,0,11,0,0,0,0,1,0,2,9,5,3,2
2013.0,-149.952,1.0,0.0,3,1,0,0,0,0,1,5,1,1,2,1,1,1,1,21,0,11,0,0,0,1,2,0,6,0,5,3,9
2013.0,167.904,1.0,0.0,1,1,0,0,0,0,1,2,1,1,0,0,1,1,1,22,0,11,0,0,0,2,2,0,6,2,5,3,9
2013.0,-400.752,1.0,0.0,2,6,3,0,0,0,0,1,1,1,0,1,1,1,1,7,1,11,0,1,0,2,1,0,6,0,5,8,3
2013.0,-64.944,0.0,0.0,3,6,3,0,0,0,1,1,1,1,0,0,1,1,1,7,1,11,0,1,0,2,0,0,4,8,5,8,3
2013.0,-126.192,0.0,0.0,3,6,3,0,0,0,0,2,1,1,0,1,2,1,1,7,1,11,0,1,0,2,1,0,6,8,5,8,3
2013.0,-498.96,2.0,0.0,3,10,3,0,0,0,0,8,1,1,0,0,8,1,1,8,1,11,0,1,0,1,1,0,6,9,5,3,2
2013.0,4.752,1.0,0.0,1,5,3,0,0,0,1,5,1,1,3,0,2,1,1,8,1,11,0,1,0,0,1,0,4,2,5,7,9
2013.0,-419.76,0.0,0.0,3,10,3,0,0,0,1,1,1,1,0,1,1,1,1,8,1,11,0,1,0,1,1,0,6,9,5,3,2
2013.0,0.0,2.0,0.0,1,1,3,0,0,0,0,9,1,1,0,0,2,1,1,11,1,11,0,0,0,0,1,0,2,2,5,3,3
2013.0,57.024,0.0,0.0,3,6,3,0,0,0,0,5,1,1,0,1,5,1,1,11,1,11,0,0,0,2,1,0,4,8,5,8,3
2013.0,1639.968,1.0,0.0,2,6,3,0,0,0,0,9,1,1,0,0,9,1,1,12,1,11,0,0,0,1,0,0,6,8,5,8,3
2013.0,-119.856,1.0,0.0,3,6,3,0,0,0,1,9,1,1,0,1,9,1,1,13,1,11,0,0,0,1,1,0,6,7,5,8,3
2013.0,-417.12,1.0,0.0,3,1,3,0,0,2,0,5,1,1,0,0,9,1,1,13,1,11,0,0,0,2,1,0,6,5,5,3,3
2013.0,0.0,2.0,0.0,2,4,3,0,0,0,0,2,1,1,0,1,9,1,1,15,1,11,0,0,0,1,1,0,4,2,5,3,9
2013.0,195.888,0.0,0.0,3,6,0,0,0,0,0,1,1,1,0,1,1,1,1,18,1,11,0,1,0,2,2,0,6,0,5,8,3
2013.0,-200.112,0.0,0.0,3,4,0,0,0,0,1,4,1,1,0,1,7,1,1,6,2,11,0,0,0,0,2,0,6,2,5,9,9
2013.0,162.096,0.0,0.0,3,1,3,0,0,0,1,9,1,1,0,1,2,1,1,11,2,11,0,0,0,1,1,0,6,2,5,3,9
2013.0,-118.8,1.0,0.0,2,6,3,0,0,0,0,2,1,1,0,1,2,1,1,12,2,11,0,0,0,1,1,0,6,7,5,8,3
2013.0,0.0,0.0,0.0,3,6,3,1,0,0,1,1,1,1,0,0,1,1,1,12,2,11,0,0,0,2,1,0,4,0,5,8,8
2013.0,299.904,1.0,0.0,2,6,3,0,0,0,1,1,1,1,0,0,1,1,1,14,2,11,0,0,0,0,2,0,6,7,5,8,3
2013.0,-95.04,0.0,0.0,3,1,3,0,0,0,0,9,1,1,0,0,9,1,1,15,2,11,0,0,0,1,2,0,6,9,5,3,2
2013.0,143.088,0.0,0.0,3,6,3,0,0,0,0,9,1,1,0,1,9,1,1,15,2,11,0,0,0,1,1,0,6,0,5,8,3
2013.0,217.008,0.0,0.0,3,10,3,0,0,0,0,5,1,1,0,0,5,1,1,16,2,11,0,1,0,1,1,0,6,3,5,9,2
2013.0,0.0,3.0,0.0,3,4,0,0,0,0,0,1,1,1,0,1,9,1,1,18,2,11,0,1,0,1,1,0,4,2,5,3,9
2013.0,0.0,2.0,0.0,3,4,0,0,0,0,0,1,1,1,0,0,9,1,1,18,2,11,0,1,0,1,2,0,2,2,5,9,3
2013.0,-63.888,0.0,0.0,3,6,0,0,0,0,1,9,1,1,0,0,1,1,1,19,2,11,0,1,0,1,2,0,4,0,5,8,1
2013.0,0.0,0.0,0.0,3,10,0,0,0,0,0,1,1,1,0,0,1,1,1,19,2,11,0,1,0,1,1,0,4,5,5,9,9
2013.0,236.016,0.0,0.0,3,3,3,0,0,0,0,9,1,1,1,1,1,1,1,7,3,11,0,1,0,1,1,0,6,9,5,6,3
2013.0,-20.064,0.0,0.0,3,6,3,0,0,0,1,2,0,1,0,1,2,1,1,14,3,11,0,0,0,1,1,0,4,0,5,8,3
2013.0,500.016,0.0,0.0,3,5,1,0,0,3,1,2,0,1,0,0,1,1,1,0,4,11,0,0,0,1,2,0,6,5,5,3,7
2013.0,-200.112,0.0,0.0,3,10,0,0,0,0,1,2,1,1,0,1,2,1,1,5,4,11,0,0,0,1,0,0,6,9,5,3,3
2013.0,0.0,1.0,0.0,1,4,3,0,0,0,0,7,1,1,0,0,1,1,1,9,4,11,0,1,0,0,1,0,6,2,5,3,9
2013.0,0.0,1.0,0.0,3,5,3,0,0,0,1,7,1,1,2,1,6,1,1,16,4,11,0,1,0,1,2,0,4,5,6,7,9
2013.0,-64.944,1.0,0.0,3,1,0,0,0,3,1,5,0,1,0,1,9,1,1,2,5,11,1,0,0,2,1,0,6,6,5,3,7
2013.0,51.216,0.0,0.0,3,6,3,0,0,0,0,2,1,1,0,0,2,1,1,9,5,11,1,1,0,1,1,0,6,8,5,8,8
2013.0,-500.016,0.0,0.0,3,6,0,0,0,0,1,9,1,1,2,1,2,1,1,17,5,11,1,1,0,0,1,0,0,2,5,3,9
2013.0,0.0,0.0,0.0,3,10,0,0,0,0,1,2,1,1,0,1,2,1,1,18,5,11,1,1,0,1,1,0,2,9,5,9,9
2013.0,299.904,0.0,0.0,3,10,0,0,0,0,1,1,1,1,0,0,1,1,1,19,5,11,1,1,0,1,1,0,6,4,5,3,9
2013.0,139.92,0.0,0.0,3,6,0,0,0,0,1,2,0,1,0,1,2,1,1,20,5,11,1,0,0,2,2,0,6,7,5,8,3
2013.0,50.16,1.0,0.0,3,6,0,0,0,0,0,1,1,1,0,1,1,1,1,20,5,11,1,0,0,1,1,0,6,7,5,3,3
2013.0,0.0,1.0,0.0,2,1,0,0,0,0,1,9,0,1,0,1,2,1,1,23,5,11,1,0,0,1,1,0,4,2,5,3,3
2013.0,162.096,0.0,0.0,3,6,0,0,0,0,1,2,1,1,0,1,2,1,1,23,5,11,1,0,0,1,1,0,6,7,5,8,3
2013.0,80.256,0.0,0.0,3,5,0,0,0,0,1,2,1,1,0,1,2,1,1,1,6,12,1,0,0,1,1,0,6,5,5,3,5
2013.0,-127.776,0.0,0.0,3,10,0,0,0,0,1,2,0,1,0,1,2,1,1,2,6,12,1,0,0,1,1,0,6,4,5,6,3
2013.0,0.0,0.0,0.0,3,1,0,3,4,0,0,9,1,1,0,1,2,1,1,4,6,12,1,0,1,2,1,0,4,2,5,3,9
2013.0,0.0,4.0,0.0,2,4,0,0,0,0,1,5,1,1,0,1,1,1,1,20,6,12,1,0,0,2,2,0,4,2,5,3,9
2013.0,0.0,0.0,0.0,3,1,0,1,0,0,1,1,1,1,0,0,7,1,1,23,6,12,1,0,0,2,1,0,4,5,5,9,3
2013.0,-1557.072,0.0,0.0,3,6,3,0,0,0,0,2,1,1,0,0,2,1,1,7,0,12,0,1,0,2,0,0,6,7,5,8,3
2013.0,-40.128,0.0,0.0,3,6,3,0,0,0,0,2,1,1,0,0,2,1,1,7,0,12,0,1,0,2,1,0,4,7,5,8,3
2013.0,528.0,0.0,0.0,3,1,3,0,0,0,1,9,1,1,0,1,5,1,1,8,0,12,0,1,0,1,1,0,4,2,5,9,3
2013.0,0.0,0.0,0.0,3,1,3,0,0,0,1,5,1,1,0,1,2,1,1,10,0,12,0,0,0,2,1,0,4,2,5,9,3
2013.0,299.904,1.0,0.0,3,6,3,0,0,0,2,2,1,1,0,0,2,1,1,12,0,12,0,0,0,0,1,0,6,5,5,3,3
2013.0,151.008,0.0,0.0,3,1,3,0,0,0,0,9,1,1,0,1,9,1,1,13,0,12,0,0,0,1,0,0,6,5,5,3,2
2013.0,-74.976,0.0,0.0,3,6,3,0,0,0,1,1,1,1,0,1,1,1,1,13,0,12,0,0,0,2,1,0,6,7,5,8,3
2013.0,-60.192,0.0,0.0,3,6,3,0,0,0,0,1,1,1,0,0,1,1,1,13,0,12,0,0,0,1,0,0,4,7,5,8,3
2013.0,-99.792,0.0,0.0,3,6,3,0,0,0,0,2,1,1,0,1,2,1,1,14,0,12,0,0,0,2,1,0,6,0,5,8,3
2013.0,-95.04,4.0,0.0,3,6,3,0,0,0,1,1,1,1,0,1,1,1,1,15,0,12,0,0,0,2,1,0,6,7,5,8,3
2013.0,0.0,0.0,0.0,3,4,0,0,0,0,1,2,1,1,0,0,5,1,1,19,0,12,0,1,0,1,2,0,4,2,5,3,9
2013.0,0.0,0.0,0.0,3,6,3,0,0,0,1,2,1,1,0,0,2,1,1,7,1,12,0,1,0,1,1,0,4,0,5,8,8
2013.0,-200.112,0.0,0.0,3,6,3,4,3,0,0,9,1,1,0,1,9,1,1,8,1,12,0,1,0,1,1,0,6,5,5,5,5
2013.0,-453.024,0.0,0.0,3,6,3,0,0,0,1,2,1,1,0,1,2,1,1,8,1,12,0,1,0,1,1,0,6,7,5,8,3
2013.0,36.96,1.0,0.0,3,6,3,0,0,0,2,5,1,1,0,0,5,1,1,8,1,12,0,1,0,0,2,0,4,8,5,5,5
2013.0,0.0,0.0,0.0,3,4,3,0,0,0,1,9,1,1,0,1,1,1,1,12,1,12,0,0,0,1,1,0,2,2,5,3,9
2013.0,0.0,1.0,0.0,3,1,3,0,0,0,0,9,1,1,0,1,5,1,1,13,1,12,0,0,0,2,2,0,4,2,5,3,3
2013.0,-139.92,1.0,0.0,3,4,3,0,0,0,1,4,1,1,0,1,5,1,1,16,1,12,0,1,0,1,2,0,6,2,5,3,9
2013.0,0.0,0.0,0.0,3,4,4,0,0,0,1,4,1,1,0,1,5,1,1,17,1,12,0,1,0,2,1,0,4,2,5,3,9
2013.0,-230.208,0.0,0.0,3,10,0,0,0,0,0,1,1,1,0,0,1,1,1,17,1,12,0,1,0,2,0,0,6,9,5,3,6
2013.0,-68.112,0.0,0.0,3,6,0,0,0,0,1,2,1,1,0,1,2,1,1,19,1,12,0,1,0,2,2,0,4,7,5,8,3
2013.0,475.2,0.0,0.0,3,6,0,0,0,0,1,9,1,1,0,1,9,1,1,20,1,12,0,0,0,2,1,0,6,0,5,8,3
2013.0,0.0,0.0,0.0,3,4,0,0,0,0,1,9,1,1,0,1,2,1,1,21,1,12,0,0,0,1,2,0,2,5,9,9,3