Year,Distance,Totalinjuries,Totalfatalities,Injuryseverity,Collisionmanner,Lightcondition,Weather,SurfaceCondition,Unittype_One,Gender_Drv1,Traveldirection_One,AlcoholUse_Drv1,DrugUse_Drv1,Unittype_Two,Gender_Drv2,Traveldirection_Two,AlcoholUse_Drv2,DrugUse_Drv2,Hour,Weekday,Month,Weekend,Rush_Hour,Hazardous_Road,Age_Group_Drv1,Age_Group_Drv2,Substance_Use,Junction_Category,Violation_Category_Drv1,Violation_Category_Drv2,Unitaction_Category_Two,Unitaction_Category_One
2013.0,-279.84,0.0,0.0,3,4,3,1,0,0,1,2,1,1,0,0,1,1,1,7,2,12,0,1,0,1,1,0,6,2,5,3,9
2013.0,-230.208,0.0,0.0,3,6,3,0,0,0,0,2,1,1,0,0,2,1,1,8,2,12,0,1,0,1,2,0,4,8,5,8,3
2013.0,-265.056,0.0,0.0,3,6,3,3,4,0,0,2,1,1,0,1,2,1,1,12,2,12,0,0,1,1,1,0,6,7,5,8,3
2013.0,0.0,1.0,0.0,3,4,3,1,0,0,1,9,1,1,0,1,5,1,1,15,2,12,0,0,0,1,1,0,4,2,5,3,9
2013.0,299.904,0.0,0.0,3,6,3,0,0,0,1,5,1,1,0,0,5,1,1,16,2,12,0,1,0,1,2,0,6,7,5,8,3
2013.0,180.048,1.0,0.0,3,1,0,0,0,0,1,9,1,1,2,1,9,1,1,17,2,12,0,1,0,2,2,0,6,9,1,3,9
2013.0,504.24,0.0,0.0,3,6,0,0,0,0,0,5,1,1,0,1,5,1,1,17,2,12,0,1,0,1,1,0,6,0,5,8,3
2013.0,-44.88,0.0,0.0,3,6,4,0,0,0,2,1,1,1,0,1,1,1,1,18,2,12,0,1,0,0,1,0,2,7,5,8,3
2013.0,-45.936,0.0,0.0,3,10,0,0,0,0,1,9,1,1,0,0,9,1,1,18,2,12,0,1,0,1,2,0,4,9,5,3,2
2013.0,0.0,1.0,0.0,2,4,0,0,0,0,1,5,1,1,0,0,1,1,1,20,2,12,0,0,0,1,2,0,4,0,5,3,9
2013.0,-99.792,0.0,0.0,3,6,0,0,0,0,1,2,1,1,0,1,2,1,1,20,2,12,0,0,0,1,1,0,2,7,5,8,3
2013.0,86.064,0.0,0.0,3,1,3,0,0,0,0,2,1,1,0,1,1,1,1,8,3,12,0,1,0,1,1,0,4,2,5,3,9
2013.0,-259.248,0.0,0.0,3,10,3,0,0,0,1,5,1,1,0,1,5,1,1,11,3,12,0,0,0,0,1,0,4,9,5,3,2
2013.0,-80.256,0.0,0.0,3,5,3,0,0,0,1,5,1,1,0,1,2,1,1,11,3,12,0,0,0,1,1,0,4,5,5,8,1
2013.0,426.096,1.0,0.0,1,6,3,0,0,0,0,1,1,1,0,1,1,1,1,12,3,12,0,0,0,1,0,0,6,0,5,3,3
2013.0,-299.904,0.0,0.0,3,6,3,0,0,0,0,1,1,1,0,1,1,1,1,13,3,12,0,0,0,2,1,0,4,8,5,8,3
2013.0,136.752,0.0,0.0,3,10,3,0,0,0,1,5,1,1,0,0,5,1,1,13,3,12,0,0,0,1,1,0,4,9,5,3,2
2013.0,149.952,0.0,0.0,3,6,3,0,0,0,1,9,1,1,0,1,9,1,1,14,3,12,0,0,0,1,2,0,6,5,5,8,3
2013.0,305.184,0.0,0.0,3,10,3,0,0,0,0,5,1,1,0,0,5,1,1,14,3,12,0,0,0,2,0,0,6,4,5,3,3
2013.0,309.936,0.0,0.0,3,1,3,0,0,0,0,1,1,1,0,1,5,1,1,17,3,12,0,1,0,0,1,0,0,2,5,3,9
2013.0,-3.168,0.0,0.0,3,6,0,0,0,0,1,1,1,1,0,1,1,1,1,17,3,12,0,1,0,1,2,0,4,7,5,9,9
2013.0,299.904,0.0,0.0,3,12,3,0,0,0,2,9,1,1,0,0,9,1,1,18,3,12,0,1,0,0,0,0,4,5,5,5,5
2013.0,99.792,1.0,0.0,3,6,0,0,0,0,2,9,1,1,0,1,9,1,1,19,3,12,0,1,0,0,2,0,4,5,5,8,1
2013.0,0.0,0.0,0.0,3,1,0,0,0,0,1,1,1,1,0,0,9,1,1,22,3,12,0,0,0,2,0,0,2,2,5,3,9
2013.0,0.0,3.0,0.0,3,4,0,0,0,0,0,1,1,1,0,1,1,1,1,22,3,12,0,0,0,2,1,0,4,3,5,3,9
2013.0,91.872,0.0,0.0,3,6,3,0,0,0,0,9,1,1,0,0,9,1,1,6,4,12,0,0,0,2,1,0,4,8,5,8,3
2013.0,63.888,0.0,0.0,3,3,3,0,0,0,0,2,1,1,0,1,5,1,1,6,4,12,0,0,0,2,1,0,0,2,5,8,9
2013.0,-119.856,0.0,0.0,3,6,3,0,0,0,0,2,1,1,0,0,2,1,1,7,4,12,0,1,0,0,1,0,4,7,5,8,3
2013.0,0.0,1.0,0.0,2,4,3,0,0,0,1,5,1,1,2,1,2,1,1,8,4,12,0,1,0,2,1,0,4,2,5,3,9
2013.0,-195.888,0.0,0.0,3,10,3,0,0,0,0,9,1,1,0,0,9,1,1,8,4,12,0,1,0,2,1,0,6,9,5,3,2
2013.0,10.032,1.0,0.0,3,4,3,0,0,0,1,6,1,1,2,1,2,1,1,10,4,12,0,0,0,2,2,0,2,2,5,3,9
2013.0,35.904,0.0,0.0,3,1,3,0,0,0,1,3,1,1,0,1,1,1,1,11,4,12,0,0,0,2,1,0,4,2,5,3,9
2013.0,0.0,1.0,0.0,2,4,3,0,0,0,0,1,1,1,0,0,2,1,1,11,4,12,0,0,0,0,1,0,4,2,5,3,9
2013.0,466.224,1.0,0.0,3,5,3,0,0,0,1,1,1,1,2,0,2,1,1,11,4,12,0,0,0,2,1,0,6,9,5,3,3
2013.0,0.0,0.0,0.0,3,4,3,0,0,0,0,2,1,1,0,0,2,1,1,11,4,12,0,0,0,1,1,0,4,4,5,9,3
2013.0,70.224,2.0,0.0,3,6,3,0,0,0,0,1,1,1,0,0,1,1,1,13,4,12,0,0,0,2,1,0,6,8,5,8,3
2013.0,-95.04,0.0,0.0,3,10,3,0,0,0,1,2,1,1,0,0,2,1,1,13,4,12,0,0,0,1,1,0,4,9,5,3,2
2013.0,-152.064,1.0,0.0,1,4,3,0,0,0,1,1,1,1,0,1,1,1,1,14,4,12,0,0,0,1,2,0,4,7,5,8,0
2013.0,0.0,0.0,0.0,3,1,3,0,0,0,1,2,1,1,0,0,9,1,1,14,4,12,0,0,0,2,1,0,4,4,5,3,9
2013.0,0.0,0.0,0.0,3,4,3,0,0,0,0,1,1,1,0,1,5,1,1,15,4,12,0,0,0,1,2,0,4,2,5,3,9
2013.0,0.0,1.0,0.0,2,1,3,0,0,0,1,9,1,1,0,1,5,1,1,16,4,12,0,1,0,2,1,0,4,2,5,3,3
2013.0,69.168,0.0,0.0,3,1,4,0,0,0,1,1,1,1,0,1,3,1,1,17,4,12,0,1,0,1,1,0,6,4,5,6,2
2013.0,-89.76,0.0,0.0,3,10,3,0,0,0,0,1,1,1,0,0,1,1,1,17,4,12,0,1,0,1,1,0,4,9,5,8,3
2013.0,-299.904,0.0,0.0,3,4,3,0,0,0,0,2,1,1,0,0,1,1,1,18,4,12,0,1,0,1,1,0,6,5,5,3,9
2013.0,20.064,2.0,0.0,2,6,4,0,0,0,0,2,1,1,0,0,2,1,1,18,4,12,0,1,0,1,1,0,6,7,7,8,3
2013.0,0.0,2.0,0.0,2,4,0,0,0,0,1,9,1,1,0,0,1,1,1,21,4,12,0,0,0,0,1,0,4,2,5,9,3
2013.0,-500.016,0.0,0.0,3,6,0,0,0,0,1,1,1,1,0,0,1,1,1,21,4,12,0,0,0,2,1,0,6,7,5,8,3
2013.0,-200.112,0.0,0.0,3,10,0,4,0,0,1,1,1,1,0,1,1,1,1,22,4,12,0,0,0,2,1,0,6,4,5,3,9
2013.0,0.0,0.0,0.0,3,4,2,0,0,0,1,5,1,1,0,1,2,1,1,7,5,12,1,1,0,2,1,0,4,4,5,3,9
2013.0,0.0,0.0,0.0,3,10,3,0,0,0,1,1,1,1,0,1,1,1,1,10,5,12,1,0,0,1,1,0,4,0,5,3,2
2013.0,0.0,0.0,0.0,3,10,3,0,0,0,1,3,1,1,0,0,1,1,1,13,5,12,1,0,0,2,1,0,2,2,5,3,9
2013.0,-382.8,0.0,0.0,3,6,3,0,0,0,1,1,1,1,0,1,1,1,1,14,5,12,1,0,0,0,1,0,0,7,5,9,3
2013.0,0.0,1.0,0.0,2,4,3,0,0,0,0,1,1,1,0,0,5,1,1,14,5,12,1,0,0,2,1,0,4,2,5,9,3
2013.0,0.0,0.0,0.0,3,1,3,0,0,0,1,2,1,1,0,0,4,1,1,14,5,12,1,0,0,2,0,0,4,2,5,3,3
2013.0,200.112,0.0,0.0,3,6,3,0,0,0,0,9,1,1,0,1,9,1,1,15,5,12,1,0,0,1,1,0,6,7,5,8,3
2013.0,-2640.0,0.0,0.0,3,6,3,0,0,0,0,2,1,1,0,0,2,1,1,15,5,12,1,0,0,2,2,0,6,7,5,8,3
2013.0,0.0,0.0,0.0,3,1,3,0,0,0,0,5,1,1,0,1,5,1,1,16,5,12,1,1,0,2,1,0,4,4,5,9,9
2013.0,-1056.0,0.0,0.0,3,10,4,0,0,0,1,9,1,1,0,1,9,1,1,16,5,12,1,1,0,1,0,0,6,0,5,3,2
2013.0,-58.08,0.0,0.0,3,7,0,0,0,0,1,1,1,1,0,1,1,1,1,21,5,12,1,0,0,2,1,0,2,7,5,3,3
2013.0,-83.952,0.0,0.0,3,6,3,0,0,0,0,9,1,1,0,1,9,1,1,21,5,12,1,0,0,1,1,0,4,7,5,3,3
2013.0,30.096,1.0,0.0,3,6,0,0,0,0,1,5,1,1,0,0,5,0,1,0,6,12,1,0,0,2,2,0,6,5,2,3,8
2013.0,-74.976,0.0,0.0,3,6,3,0,0,0,1,2,1,1,0,1,2,1,1,11,6,12,1,0,0,1,1,0,4,8,5,3,3
2013.0,-299.904,0.0,0.0,3,1,3,0,0,2,0,2,1,1,0,1,1,1,1,11,6,12,1,0,0,2,1,0,6,2,5,9,3
2013.0,0.0,0.0,0.0,3,4,3,0,0,0,1,9,1,1,0,0,6,1,1,12,6,12,1,0,0,0,1,0,4,2,5,9,3
2013.0,-30.096,0.0,0.0,3,6,2,0,0,0,0,2,1,1,0,0,2,1,1,17,6,12,1,1,0,1,1,0,4,0,5,3,3
2013.0,139.92,1.0,0.0,3,1,3,0,0,0,1,9,1,1,0,0,2,1,1,7,0,12,0,1,0,1,0,0,6,2,5,3,9
2013.0,0.0,0.0,0.0,3,1,3,0,0,0,0,7,1,1,0,1,2,1,1,7,0,12,0,1,0,1,2,0,4,2,5,3,9
2013.0,-410.256,0.0,0.0,3,10,3,0,0,0,1,1,1,1,0,1,1,1,1,7,0,12,0,1,0,1,2,0,6,9,5,3,2
2013.0,50.16,0.0,0.0,3,1,3,0,0,0,2,1,1,1,0,0,5,1,1,11,0,12,0,0,0,0,0,0,4,2,5,8,9
2013.0,46.992,0.0,0.0,3,6,3,0,0,0,0,1,1,1,0,0,1,1,1,12,0,12,0,0,0,1,2,0,6,7,5,8,3
2013.0,-149.952,0.0,0.0,3,6,3,0,0,0,0,2,1,1,0,0,2,1,1,12,0,12,0,0,0,1,1,0,4,7,5,8,3
2013.0,70.224,1.0,0.0,3,1,3,0,0,0,0,7,1,1,0,1,1,1,1,15,0,12,0,0,0,2,1,0,4,5,5,3,9
2013.0,-61.248,0.0,0.0,3,6,3,0,0,0,1,1,1,1,0,0,1,1,1,16,0,12,0,1,0,0,2,0,4,7,5,8,3
2013.0,514.8,1.0,0.0,3,6,0,0,0,0,1,1,1,1,0,0,1,1,1,17,0,12,0,1,0,1,1,0,6,7,5,8,3
2013.0,0.0,0.0,0.0,3,1,0,0,0,0,1,2,1,1,0,0,6,1,1,21,0,12,0,0,0,2,1,0,4,2,5,9,3
2013.0,-34.848,0.0,0.0,3,1,3,0,0,0,1,7,1,1,0,1,9,1,1,10,1,12,0,0,0,1,2,0,4,2,5,3,9
2013.0,-919.776,0.0,0.0,3,10,3,0,0,0,0,1,1,1,0,0,1,1,1,12,1,12,0,0,0,1,1,0,6,9,5,3,2
2013.0,0.0,2.0,0.0,3,1,3,0,0,0,0,9,1,1,0,1,5,1,1,12,1,12,0,0,0,2,1,0,4,2,5,9,3
2013.0,0.0,1.0,0.0,1,4,3,0,0,0,1,5,1,1,0,1,9,1,1,12,1,12,0,0,0,1,1,0,4,2,5,3,9
2013.0,479.952,1.0,0.0,3,10,3,0,0,0,0,9,1,1,0,1,9,1,1,13,1,12,0,0,0,0,1,0,0,9,5,3,9
2013.0,70.224,0.0,0.0,3,6,3,0,0,0,1,2,1,1,0,1,2,1,1,13,1,12,0,0,0,2,2,0,4,0,5,8,3
2013.0,0.0,0.0,0.0,3,6,3,0,0,0,0,1,1,1,0,0,1,1,1,16,1,12,0,1,0,1,2,0,4,7,5,8,3
2013.0,1000.032,1.0,0.0,2,5,0,0,0,0,0,7,1,1,3,1,1,1,1,17,1,12,0,1,0,1,1,0,0,2,5,7,9
2013.0,58.08,0.0,0.0,3,6,0,0,0,0,2,5,1,1,0,1,5,1,1,17,1,12,0,1,0,0,1,0,6,7,5,8,5
2013.0,0.0,0.0,0.0,3,1,3,0,0,0,1,2,1,1,0,0,1,1,1,17,1,12,0,1,0,2,1,0,4,5,5,3,3
2013.0,70.224,0.0,0.0,3,6,0,0,0,0,0,9,1,1,0,0,9,1,1,19,1,12,0,1,0,1,1,0,2,0,5,8,8
2013.0,-22.176,0.0,0.0,3,1,0,0,0,0,0,2,1,1,0,1,9,1,1,19,1,12,0,1,0,1,1,0,4,5,5,3,3
2013.0,-214.896,0.0,0.0,3,1,3,0,0,0,1,5,1,1,0,1,5,1,1,7,2,12,0,1,0,1,1,0,6,5,5,3,9
2013.0,0.0,0.0,0.0,3,1,3,0,0,0,2,2,1,1,2,1,2,1,1,7,2,12,0,1,0,0,2,0,4,0,5,5,9
2013.0,173.184,0.0,0.0,3,6,3,0,0,0,0,9,1,1,0,0,9,1,1,7,2,12,0,1,0,1,1,0,4,7,5,8,3
2013.0,42.24,0.0,0.0,3,1,3,0,0,0,1,6,1,1,0,1,1,1,1,7,2,12,0,1,0,0,1,0,4,5,5,3,2
2013.0,86.064,2.0,0.0,3,6,3,0,0,0,1,9,1,1,0,1,9,1,1,9,2,12,0,1,0,0,1,0,6,0,5,8,3
2013.0,476.784,0.0,0.0,3,10,3,0,0,0,1,9,1,1,0,1,9,1,1,14,2,12,0,0,0,1,1,0,6,5,5,3,2
2013.0,-305.184,0.0,0.0,3,9,3,0,0,0,1,9,1,0,0,0,1,1,1,14,2,12,0,0,0,2,2,0,6,9,5,3,3
2013.0,-439.824,1.0,0.0,3,4,3,0,0,0,1,7,1,1,0,1,9,1,1,15,2,12,0,0,0,2,1,0,6,4,5,3,9
2013.0,0.0,0.0,0.0,3,4,3,0,0,0,1,2,1,1,0,1,6,1,1,16,2,12,0,1,0,2,1,0,2,2,5,9,3
2013.0,99.792,0.0,0.0,3,6,3,0,0,0,0,5,1,1,0,0,5,1,1,16,2,12,0,1,0,1,2,0,4,7,5,8,3
2013.0,856.944,0.0,0.0,3,1,3,0,0,0,1,9,1,1,0,1,5,1,1,16,2,12,0,1,0,2,1,0,0,2,5,9,3
2013.0,-85.008,0.0,0.0,3,1,0,0,0,0,0,3,1,1,0,1,2,1,1,18,2,12,0,1,0,1,1,0,6,2,5,3,9
2013.0,-44.88,0.0,0.0,3,10,0,0,0,0,0,2,1,1,0,1,2,1,1,21,2,12,0,0,0,1,1,0,4,9,5,8,2
2013.0,129.888,0.0,0.0,3,1,0,0,0,0,1,9,1,0,0,1,5,1,1,0,3,12,0,0,0,2,2,0,4,4,5,5,9
2013.0,289.872,0.0,0.0,3,6,2,0,0,0,1,9,0,1,0,0,9,1,1,6,3,12,0,0,0,2,1,0,4,7,5,3,3
2013.0,0.0,0.0,0.0,3,4,3,0,0,0,1,9,1,1,0,1,1,1,1,8,3,12,0,1,0,2,1,0,4,2,5,3,9
2013.0,0.0,0.0,0.0,3,4,3,0,0,0,0,9,1,1,0,1,2,1,1,12,3,12,0,0,0,1,2,0,4,2,5,3,9
2013.0,-374.88,0.0,0.0,3,6,3,0,0,0,1,2,1,1,0,1,2,1,1,13,3,12,0,0,0,1,1,0,6,7,5,8,3
2013.0,0.0,0.0,0.0,3,4,3,0,0,0,1,6,1,1,0,1,1,1,1,14,3,12,0,0,0,1,1,0,4,2,5,3,9
2013.0,-240.24,0.0,0.0,3,6,3,0,0,0,1,9,1,1,0,1,9,1,1,14,3,12,0,0,0,1,2,0,6,7,5,8,3
2013.0,-319.968,1.0,0.0,3,6,3,0,0,0,1,1,1,1,0,1,1,1,1,15,3,12,0,0,0,1,1,0,6,7,5,8,3
2013.0,-322.08,1.0,0.0,3,6,3,0,0,0,0,5,1,1,0,0,5,1,1,16,3,12,0,1,0,2,1,0,6,7,5,8,8
2013.0,-500.016,1.0,0.0,3,6,3,0,0,0,1,1,1,1,0,0,1,1,1,16,3,12,0,1,0,1,1,0,6,7,5,8,3
2013.0,51.744,0.0,0.0,3,6,0,0,0,0,1,9,1,1,0,0,9,1,1,21,3,12,0,0,0,1,1,0,4,0,5,8,3
2013.0,-54.912,0.0,0.0,3,10,0,0,0,0,1,2,1,1,0,1,2,1,1,22,3,12,0,0,0,2,2,0,4,9,7,3,2
2013.0,0.0,0.0,0.0,3,1,3,0,0,0,1,5,1,1,0,1,9,1,1,10,4,12,0,0,0,0,1,0,2,2,5,3,3
2013.0,-96.096,0.0,0.0,3,10,3,0,0,0,1,5,1,1,0,1,5,1,1,11,4,12,0,0,0,2,1,0,0,9,5,9,2
2013.0,3.168,0.0,0.0,3,10,3,0,0,0,0,9,1,1,0,0,9,1,1,11,4,12,0,0,0,0,1,0,4,4,5,3,9
2013.0,380.16,1.0,0.0,1,4,3,0,0,0,2,9,1,1,0,1,2,1,1,12,4,12,0,0,0,0,0,0,6,2,5,3,9
2013.0,-230.208,0.0,0.0,3,4,3,0,0,0,0,1,1,1,2,1,2,1,1,12,4,12,0,0,0,0,1,0,0,2,5,3,9
2013.0,437.184,0.0,0.0,3,6,3,0,0,0,1,2,1,1,0,0,2,1,1,13,4,12,0,0,0,1,1,0,6,7,5,8,3
2013.0,421.872,0.0,0.0,3,6,3,0,0,0,1,1,1,1,0,0,1,1,1,13,4,12,0,0,0,2,2,0,6,4,5,3,9
2013.0,-136.752,0.0,0.0,3,10,3,0,0,0,1,2,1,1,0,1,3,1,1,15,4,12,0,0,0,1,2,0,0,4,5,9,2
2013.0,-466.752,2.0,0.0,1,3,3,0,0,0,1,1,0,1,0,0,9,1,1,15,4,12,0,0,0,1,2,0,6,9,5,3,3
2013.0,-528.0,1.0,0.0,2,1,3,0,0,2,1,1,1,1,0,0,5,1,1,15,4,12,0,0,0,1,2,0,6,9,5,9,3
2013.0,0.0,0.0,0.0,3,6,0,0,0,0,0,2,1,1,0,1,2,1,1,18,4,12,0,1,0,2,2,0,6,0,5,8,3
2013.0,-200.112,1.0,0.0,2,1,0,0,0,0,0,5,1,1,0,1,9,1,1,19,4,12,0,1,0,2,1,0,6,2,5,3,9
2013.0,545.952,0.0,0.0,3,6,0,0,0,0,1,9,1,1,0,0,9,1,1,19,4,12,0,1,0,2,1,0,6,7,5,8,3
2013.0,0.0,0.0,0.0,3,4,0,0,0,0,1,2,1,1,0,0,1,1,1,22,4,12,0,0,0,0,1,0,4,2,5,3,9
2013.0,0.0,0.0,0.0,3,4,3,0,0,0,0,9,1,1,0,1,9,1,1,10,5,12,1,0,0,0,1,0,4,9,5,9,9
2013.0,-142.032,0.0,0.0,3,12,3,0,0,0,1,9,1,1,0,1,1,1,1,12,5,12,1,0,0,1,2,0,4,5,5,8,1
2013.0,-27.984,0.0,0.0,3,6,3,0,0,0,0,2,1,1,0,0,2,1,1,15,5,12,1,0,0,0,1,0,6,0,5,8,3
2013.0,419.76,0.0,0.0,3,6,3,0,0,0,1,2,1,1,0,0,2,1,1,15,5,12,1,0,0,2,1,0,4,7,5,8,3
2013.0,200.112,0.0,0.0,3,1,3,0,0,0,0,5,1,1,0,1,9,1,1,15,5,12,1,0,0,2,1,0,6,2,5,3,9
2013.0,30.096,0.0,0.0,3,6,0,0,0,0,1,5,1,1,0,1,5,1,1,17,5,12,1,1,0,0,1,0,4,7,5,8,3
2013.0,0.0,0.0,0.0,3,4,0,0,0,0,1,2,1,1,0,0,9,1,1,18,5,12,1,1,0,1,2,0,4,4,5,3,9
2013.0,0.0,0.0,0.0,3,4,0,0,0,0,0,1,1,1,0,1,9,1,1,0,6,12,1,0,0,2,1,0,2,2,5,9,9
2013.0,14.784,0.0,0.0,3,6,0,0,0,0,1,2,1,1,2,1,2,1,1,1,6,12,1,0,0,1,1,0,4,7,5,3,3
2013.0,-24.816,1.0,0.0,2,9,0,0,0,0,1,5,0,1,0,1,5,1,1,2,6,12,1,0,0,1,1,0,6,7,5,3,3
2013.0,0.0,0.0,0.0,3,10,3,0,0,0,1,2,1,1,0,0,2,1,1,13,6,12,1,0,0,2,1,0,4,0,5,9,9
2013.0,-10.032,0.0,0.0,3,4,3,0,0,0,1,9,1,1,2,1,1,1,1,15,6,12,1,0,0,1,0,0,4,0,5,7,9
2013.0,0.0,1.0,0.0,3,4,0,0,0,0,1,9,1,1,0,1,2,1,1,5,0,12,0,0,0,2,1,0,4,2,5,3,9
2013.0,-80.256,0.0,0.0,3,10,0,0,0,0,1,2,1,1,0,1,2,1,1,6,0,12,0,0,0,1,1,0,4,0,5,8,2
2013.0,0.0,0.0,0.0,3,4,3,0,0,0,1,1,1,1,0,1,7,1,1,7,0,12,0,1,0,1,1,0,4,2,5,9,3
2013.0,0.0,1.0,0.0,3,1,3,0,0,0,0,9,1,1,2,1,2,1,1,9,0,12,0,1,0,1,2,0,4,2,5,3,9
2013.0,300.96,0.0,0.0,3,1,3,0,0,0,1,2,1,1,0,0,1,1,1,11,0,12,0,0,0,1,2,0,6,2,5,3,9
2013.0,-85.008,2.0,0.0,3,6,3,0,0,0,1,1,1,1,0,1,1,1,1,11,0,12,0,0,0,1,1,0,4,7,5,8,3
2013.0,0.0,1.0,0.0,3,1,3,0,0,2,1,9,1,1,0,1,3,1,1,14,0,12,0,0,0,1,1,0,4,9,5,9,3
2013.0,-269.808,0.0,0.0,3,10,3,0,0,0,0,9,1,1,0,1,4,1,1,14,0,12,0,0,0,2,1,0,0,4,5,9,8
2013.0,-14.784,0.0,0.0,3,1,3,0,0,0,1,9,1,1,0,1,1,1,1,15,0,12,0,0,0,2,0,0,4,7,5,8,9
2013.0,0.0,0.0,0.0,3,6,3,0,0,0,2,6,1,1,0,1,6,1,1,15,0,12,0,0,0,0,1,0,3,0,5,9,9
2013.0,-165.264,0.0,0.0,3,4,3,0,0,0,0,1,1,1,0,1,2,1,1,15,0,12,0,0,0,1,1,0,6,2,5,3,9
2013.0,489.984,1.0,0.0,3,4,4,0,0,0,1,3,1,1,0,0,5,1,1,16,0,12,0,1,0,1,1,0,6,2,5,3,9
2013.0,20.064,0.0,0.0,3,10,0,0,0,0,0,1,1,1,0,1,1,1,1,17,0,12,0,1,0,1,2,0,2,9,5,3,3
2013.0,184.8,0.0,0.0,3,6,0,0,0,0,1,9,1,0,0,1,9,1,1,20,0,12,0,0,0,1,1,0,4,0,5,8,3
2013.0,279.84,0.0,0.0,3,1,4,0,0,0,0,5,1,1,0,1,9,1,1,20,0,12,0,0,0,2,1,0,4,2,5,3,9
2013.0,0.0,0.0,0.0,3,4,0,0,0,0,1,1,1,1,0,0,9,1,1,5,1,12,0,0,0,1,1,0,2,2,5,3,9
2013.0,0.0,0.0,0.0,3,4,0,0,0,0,0,2,1,1,0,1,2,1,1,5,1,12,0,0,0,1,1,0,4,5,5,9,9
2013.0,500.016,0.0,0.0,3,6,3,4,3,0,1,9,1,1,0,0,9,1,1,6,1,12,0,0,0,2,1,0,6,5,5,8,3
2013.0,0.0,0.0,0.0,3,1,3,0,0,0,0,1,1,1,0,1,2,1,1,11,1,12,0,0,0,2,0,0,4,2,5,9,3
2013.0,0.0,3.0,0.0,2,1,3,0,0,0,0,2,1,1,0,0,9,1,1,16,1,12,0,1,0,1,2,0,4,2,5,9,3
2013.0,-95.04,0.0,0.0,3,10,3,0,0,0,1,1,1,1,0,0,1,1,1,16,1,12,0,1,0,1,1,0,4,9,5,8,9
2013.0,0.0,0.0,0.0,3,1,0,0,0,0,2,2,1,1,0,1,6,1,1,18,1,12,0,1,0,0,2,0,4,2,5,9,3
2013.0,0.0,0.0,0.0,3,1,0,0,0,0,1,8,1,1,0,1,8,1,1,19,1,12,0,1,0,0,1,0,2,0,5,3,2
2013.0,-64.944,1.0,0.0,3,6,3,0,0,0,1,2,1,1,0,1,2,1,1,7,2,12,0,1,0,1,1,0,6,0,5,8,3
2013.0,-97.152,0.0,0.0,3,10,3,0,0,0,1,2,1,1,0,1,2,1,1,13,2,12,0,0,0,0,1,0,4,9,5,3,2
2013.0,40.128,1.0,0.0,2,6,3,0,0,0,1,9,1,1,0,0,9,1,1,14,2,12,0,0,0,0,2,0,4,9,5,8,2
2013.0,489.984,0.0,0.0,3,6,3,0,0,0,1,9,1,1,0,1,9,1,1,15,2,12,0,0,0,1,1,0,4,7,5,8,3
2013.0,664.752,1.0,0.0,2,4,3,0,0,0,1,2,1,1,0,1,9,1,1,16,2,12,0,1,0,1,1,0,0,2,5,3,9
2013.0,-60.192,1.0,0.0,2,5,0,0,0,3,1,2,1,1,0,1,1,1,1,1,3,12,0,0,0,2,2,0,6,6,5,3,7
2013.0,-599.808,0.0,0.0,3,10,2,0,0,0,1,2,1,1,0,1,2,1,1,6,3,12,0,0,0,2,1,0,6,9,5,3,2
2013.0,0.0,0.0,0.0,3,10,3,0,0,0,0,1,1,1,0,0,1,1,1,9,3,12,0,1,0,2,2,0,2,2,5,3,9
2013.0,126.192,2.0,0.0,3,6,3,0,0,0,0,9,1,1,0,1,9,1,1,10,3,12,0,0,0,1,1,0,4,7,5,8,3
2013.0,6.864,1.0,0.0,2,1,3,0,0,0,0,5,1,1,2,1,9,1,1,10,3,12,0,0,0,1,2,0,4,5,5,3,3
2013.0,0.0,0.0,0.0,3,6,3,0,0,0,0,1,1,1,0,0,1,1,1,11,3,12,0,0,0,1,1,0,4,8,5,9,3
2013.0,-48.048,1.0,0.0,3,6,3,1,0,0,1,5,1,1,0,0,5,1,1,13,3,12,0,0,0,2,1,0,2,7,5,8,8
2013.0,-416.064,1.0,0.0,3,6,3,0,0,0,1,9,1,1,0,0,9,1,1,13,3,12,0,0,0,2,1,0,6,7,5,8,3
2013.0,-102.96,0.0,0.0,3,6,3,0,0,0,1,2,1,1,0,1,2,1,1,13,3,12,0,0,0,1,1,0,2,7,5,8,3
2013.0,0.0,0.0,0.0,3,6,3,1,0,0,1,2,1,1,0,1,2,1,1,13,3,12,0,0,0,2,2,0,2,0,5,8,3
2013.0,847.968,3.0,0.0,2,6,3,0,0,0,1,9,1,1,0,1,9,1,1,14,3,12,0,0,0,1,1,0,6,7,5,3,3
2013.0,-316.8,0.0,0.0,3,4,3,0,0,0,1,4,1,1,0,0,1,1,1,14,3,12,0,0,0,2,2,0,6,2,5,3,9