Year,Distance,Totalinjuries,Totalfatalities,Injuryseverity,Collisionmanner,Lightcondition,Weather,SurfaceCondition,Unittype_One,Gender_Drv1,Traveldirection_One,AlcoholUse_Drv1,DrugUse_Drv1,Unittype_Two,Gender_Drv2,Traveldirection_Two,AlcoholUse_Drv2,DrugUse_Drv2,Hour,Weekday,Month,Weekend,Rush_Hour,Hazardous_Road,Age_Group_Drv1,Age_Group_Drv2,Substance_Use,Junction_Category,Violation_Category_Drv1,Violation_Category_Drv2,Unitaction_Category_Two,Unitaction_Category_One
2013.0,0.0,0.0,0.0,3,4,3,0,0,0,1,9,1,1,0,1,2,1,1,14,3,12,0,0,0,1,1,0,4,2,5,9,3
2013.0,30.096,0.0,0.0,3,6,3,0,0,0,0,5,1,1,0,0,5,1,1,15,3,12,0,0,0,0,1,0,6,0,5,8,3
2013.0,0.0,1.0,0.0,2,4,3,0,0,0,0,6,1,1,0,1,2,1,1,15,3,12,0,0,0,0,1,0,4,2,5,3,9
2013.0,0.0,1.0,0.0,2,4,3,0,0,0,0,5,1,1,0,1,1,1,1,16,3,12,0,1,0,1,1,0,2,2,5,3,9
2013.0,299.904,0.0,0.0,3,10,4,0,0,0,1,9,1,1,0,0,9,1,1,17,3,12,0,1,0,0,2,0,6,5,5,3,5
2013.0,0.0,0.0,0.0,3,6,3,1,0,0,0,9,1,1,0,1,9,1,1,17,3,12,0,1,0,2,1,0,2,0,5,3,3
2013.0,10.032,2.0,0.0,2,4,0,0,0,0,1,7,1,1,0,0,1,1,1,18,3,12,0,1,0,1,1,0,2,4,5,3,9
2013.0,-40.128,0.0,0.0,3,6,0,1,4,0,1,5,1,1,0,1,5,1,1,19,3,12,0,1,1,1,1,0,6,0,5,8,3
2013.0,-315.744,0.0,0.0,3,4,0,3,4,0,0,9,1,1,0,0,1,1,1,20,3,12,0,0,1,2,1,0,6,2,5,3,9
2013.0,50.16,0.0,0.0,3,10,0,0,4,0,0,9,1,1,0,1,9,1,1,23,3,12,0,0,1,2,1,0,4,9,5,3,2
2013.0,99.792,0.0,0.0,3,8,3,1,4,0,1,2,1,1,0,1,0,1,1,7,4,12,0,1,1,1,1,0,4,2,5,3,9
2013.0,0.0,0.0,0.0,3,5,3,1,4,0,1,5,1,1,0,1,1,1,1,7,4,12,0,1,1,1,1,0,4,5,5,3,1
2013.0,-176.88,0.0,0.0,3,10,3,0,0,0,0,5,1,1,0,1,5,1,1,8,4,12,0,1,0,1,2,0,6,9,5,3,2
2013.0,70.752,0.0,0.0,3,6,3,0,0,0,0,5,1,1,0,1,5,1,1,9,4,12,0,1,0,1,0,0,4,8,5,8,3
2013.0,200.112,1.0,0.0,3,6,3,0,0,0,1,1,1,1,0,0,1,1,1,12,4,12,0,0,0,1,1,0,6,7,5,8,3
2013.0,149.952,0.0,0.0,3,6,3,0,0,0,0,9,1,1,0,1,9,1,1,13,4,12,0,0,0,1,1,0,2,0,5,8,3
2013.0,0.0,2.0,0.0,2,9,0,1,4,0,1,7,1,1,0,1,1,0,1,18,4,12,0,1,1,2,1,0,4,2,5,3,9
2013.0,119.856,0.0,0.0,3,4,0,1,0,0,0,1,1,1,0,0,2,1,1,19,4,12,0,1,0,2,2,0,6,2,5,3,9
2013.0,-35.904,0.0,0.0,3,6,0,0,0,0,2,2,1,1,0,1,2,1,1,3,5,12,1,0,0,0,1,0,4,2,5,3,3
2013.0,-200.112,0.0,0.0,3,1,3,0,0,0,0,1,1,1,0,1,6,1,1,7,5,12,1,1,0,1,0,0,0,4,4,9,2
2013.0,0.0,0.0,0.0,3,1,3,1,0,0,1,9,1,1,0,1,5,1,1,9,5,12,1,1,0,1,1,0,4,2,5,9,3
2013.0,-200.112,0.0,0.0,3,10,3,0,0,0,1,1,1,1,0,1,1,1,1,12,5,12,1,0,0,1,1,0,4,9,5,3,2
2013.0,-297.792,1.0,0.0,2,6,3,0,0,0,0,1,1,1,0,0,1,1,1,12,5,12,1,0,0,2,1,0,6,0,5,8,3
2013.0,299.904,0.0,0.0,3,6,3,0,0,0,1,5,1,1,0,0,5,1,1,13,5,12,1,0,0,1,1,0,6,0,5,8,3
2013.0,-268.752,0.0,0.0,3,3,3,0,0,0,1,2,1,1,0,1,5,1,1,13,5,12,1,0,0,2,1,0,6,5,5,3,0
2013.0,0.0,0.0,0.0,3,1,3,0,0,0,1,1,0,1,0,1,2,1,1,15,5,12,1,0,0,1,2,0,2,2,5,3,3
2013.0,-30.096,1.0,0.0,2,9,3,0,0,0,2,5,1,1,3,1,2,1,1,15,5,12,1,0,0,0,2,0,6,5,5,7,5
2013.0,299.904,0.0,0.0,3,4,3,0,0,0,1,2,1,1,0,0,9,1,1,16,5,12,1,1,0,1,1,0,0,2,5,3,9
2013.0,-44.88,0.0,0.0,3,6,3,0,0,0,0,1,1,1,0,1,1,1,1,17,5,12,1,1,0,2,1,0,4,0,5,8,8
2013.0,0.0,6.0,0.0,3,1,3,0,0,0,0,2,1,1,0,0,9,1,1,12,6,12,1,0,0,2,1,0,4,5,5,3,3
2013.0,0.0,0.0,0.0,3,10,3,0,0,0,0,2,1,1,0,0,3,1,1,16,6,12,1,1,0,1,1,0,2,9,5,9,3
2013.0,0.0,1.0,0.0,3,1,4,0,0,0,0,5,1,1,0,0,9,1,1,18,6,12,1,1,0,0,1,0,2,5,5,3,3
2013.0,0.0,1.0,0.0,2,4,0,0,0,0,1,9,1,1,0,1,1,1,1,19,6,12,1,1,0,1,2,0,4,2,5,3,9
2013.0,-200.112,0.0,0.0,3,1,3,0,0,0,2,6,1,1,0,0,2,1,1,8,0,12,0,1,0,0,1,0,6,5,5,3,9
2013.0,0.0,0.0,0.0,3,1,3,0,0,0,1,9,1,1,0,1,5,1,1,11,0,12,0,0,0,2,0,0,4,2,5,3,3
2013.0,-285.12,0.0,0.0,3,4,3,0,0,0,0,6,1,1,0,1,9,1,1,14,0,12,0,0,0,1,0,0,6,2,5,3,9
2013.0,-200.112,0.0,0.0,3,10,3,0,0,0,0,2,1,1,0,1,2,1,1,15,0,12,0,0,0,2,1,0,6,9,5,3,2
2013.0,-68.112,0.0,0.0,3,6,3,0,0,0,1,1,1,1,0,1,1,1,1,15,0,12,0,0,0,1,1,0,4,7,5,8,3
2013.0,-44.88,0.0,0.0,3,6,3,0,0,0,1,1,1,1,0,0,1,1,1,16,0,12,0,1,0,0,2,0,4,8,5,9,3
2013.0,-299.904,0.0,0.0,3,8,3,0,0,0,0,7,1,1,0,1,2,1,1,16,0,12,0,1,0,1,1,0,6,5,5,3,1
2013.0,0.0,1.0,0.0,3,1,4,0,0,0,1,9,1,1,0,1,2,1,1,17,0,12,0,1,0,0,1,0,4,2,5,3,3
2013.0,0.0,1.0,0.0,3,4,0,0,0,0,1,1,1,1,0,0,2,1,1,17,0,12,0,1,0,1,0,0,4,2,5,8,9
2013.0,-48.048,0.0,0.0,3,6,0,0,0,0,0,1,1,1,0,1,1,1,1,18,0,12,0,1,0,2,1,0,4,8,5,3,3
2013.0,-10.032,0.0,0.0,3,6,0,0,0,0,0,2,1,1,0,0,2,1,1,18,0,12,0,1,0,1,1,0,6,0,5,3,3
2013.0,71.808,0.0,0.0,3,6,0,0,0,0,0,5,1,1,1,1,2,1,1,21,0,12,0,0,0,2,1,0,6,0,5,6,1
2013.0,-60.192,0.0,0.0,3,12,0,0,3,0,2,8,1,1,1,1,9,1,1,22,0,12,0,0,0,0,1,0,6,5,5,6,5
2013.0,0.0,1.0,0.0,2,4,3,0,0,0,1,1,1,1,0,1,9,1,1,8,1,12,0,1,0,0,1,0,4,2,5,3,9
2013.0,210.144,0.0,0.0,3,6,3,0,0,0,1,1,1,1,0,0,1,1,1,12,1,12,0,0,0,1,1,0,6,7,5,8,3
2013.0,0.0,1.0,0.0,3,4,3,0,0,0,1,4,1,1,0,0,5,1,1,12,1,12,0,0,0,0,2,0,4,2,5,3,9
2013.0,117.744,0.0,0.0,3,3,3,0,0,0,1,9,1,1,1,1,1,1,1,12,1,12,0,0,0,1,1,0,6,9,5,6,3
2013.0,374.88,0.0,0.0,3,1,3,0,0,0,0,2,1,1,0,1,1,1,1,14,1,12,0,0,0,2,1,0,0,2,5,3,9
2013.0,0.0,1.0,0.0,2,4,3,0,0,0,1,2,1,1,0,1,5,1,1,15,1,12,0,0,0,1,1,0,4,2,5,3,9
2013.0,0.0,0.0,0.0,3,1,3,0,0,0,0,2,1,1,0,1,1,1,1,16,1,12,0,1,0,1,1,0,4,2,5,3,9
2013.0,64.944,0.0,0.0,3,6,0,0,0,0,2,5,1,1,0,1,5,1,1,23,1,12,0,0,0,0,1,0,4,7,5,8,3
2013.0,0.0,0.0,0.0,3,4,3,0,0,0,1,1,1,1,0,1,5,1,1,11,3,12,0,0,0,0,2,0,4,2,5,3,9
2013.0,200.112,0.0,0.0,3,1,3,0,0,0,0,2,1,1,0,1,9,1,1,16,3,12,0,1,0,1,1,0,0,2,5,3,9
2013.0,0.0,0.0,0.0,3,12,3,0,0,0,0,8,1,1,0,1,8,1,1,16,3,12,0,1,0,1,1,0,4,2,5,3,9
2013.0,435.072,0.0,0.0,3,4,3,0,0,0,2,9,1,1,0,0,1,1,1,16,3,12,0,1,0,0,2,0,6,4,5,3,9
2013.0,-99.792,1.0,0.0,2,6,0,0,0,0,0,2,1,1,0,0,2,1,1,18,3,12,0,1,0,1,2,0,6,0,5,8,3
2013.0,0.0,0.0,0.0,3,4,0,0,0,0,1,4,1,1,0,1,6,1,1,20,3,12,0,0,0,2,2,0,4,2,5,3,9
2013.0,50.16,0.0,0.0,3,6,0,0,0,0,2,9,1,1,0,0,9,1,1,23,3,12,0,0,0,0,1,0,4,8,5,3,3
2013.0,0.0,1.0,0.0,3,4,3,0,0,0,1,4,1,1,0,0,5,1,1,7,4,12,0,1,0,0,1,0,6,2,5,3,9
2013.0,0.0,0.0,0.0,3,1,3,0,0,0,1,2,1,1,0,1,1,1,1,10,4,12,0,0,0,1,1,0,4,5,5,3,3
2013.0,0.0,0.0,0.0,3,10,3,0,0,0,1,2,1,1,0,0,2,1,1,12,4,12,0,0,0,2,1,0,4,9,5,3,2
2013.0,64.944,1.0,0.0,3,6,3,0,0,0,1,1,1,1,0,1,1,1,1,12,4,12,0,0,0,2,0,0,9,7,5,8,3
2013.0,-64.944,0.0,0.0,3,1,3,0,0,0,1,9,1,1,0,0,9,1,1,14,4,12,0,0,0,0,1,0,4,4,5,9,9
2013.0,10.032,1.0,0.0,1,5,3,1,0,0,2,5,1,1,3,1,9,1,1,15,4,12,0,0,0,0,2,0,4,5,2,7,3
2013.0,50.16,0.0,0.0,3,10,4,0,0,0,1,5,1,1,0,0,5,1,1,18,4,12,0,1,0,0,2,0,4,5,5,3,2
2013.0,-469.92,0.0,0.0,3,6,0,0,0,0,0,5,1,1,0,1,5,1,1,2,5,12,1,0,0,1,1,0,6,0,5,8,3
2013.0,-50.16,0.0,0.0,3,1,3,0,0,0,0,5,1,1,0,0,9,1,1,7,5,12,1,1,0,1,0,0,4,9,5,3,9
2013.0,-3.168,1.0,0.0,3,5,3,0,0,0,0,1,1,1,3,1,9,1,1,11,5,12,1,0,0,2,1,0,6,5,2,7,9
2013.0,-374.88,0.0,0.0,3,12,3,4,3,0,2,8,1,1,1,1,9,1,1,14,5,12,1,0,0,0,1,0,6,5,5,6,5
2013.0,129.888,2.0,0.0,3,6,0,0,0,0,0,2,1,1,0,0,2,1,1,18,5,12,1,1,0,2,1,0,6,0,5,3,3
2013.0,149.952,1.0,0.0,3,6,0,0,0,0,1,2,1,1,0,0,2,1,1,18,5,12,1,1,0,1,1,0,4,0,5,8,3
2013.0,149.952,1.0,0.0,3,4,0,0,0,0,0,2,1,1,0,0,9,1,1,23,5,12,1,0,0,2,1,0,6,4,5,3,9
2013.0,0.0,0.0,0.0,3,1,0,0,0,0,1,7,1,1,0,0,9,1,1,0,6,12,1,0,0,2,1,0,4,2,5,3,9
2013.0,0.0,1.0,0.0,3,1,3,0,0,0,0,2,1,1,0,1,9,1,1,16,6,12,1,1,0,1,1,0,2,2,5,9,3
2013.0,0.0,1.0,0.0,3,4,0,0,0,0,1,2,1,1,0,1,7,1,1,22,6,12,1,0,0,2,2,0,2,5,5,9,3
2013.0,74.976,0.0,0.0,3,6,2,0,0,0,1,9,0,1,0,1,9,1,1,6,0,12,0,0,0,2,0,0,4,0,5,8,8
2013.0,0.0,3.0,0.0,3,4,3,0,0,0,0,6,1,1,0,0,2,1,1,9,0,12,0,1,0,2,1,0,4,2,5,3,9
2013.0,50.16,0.0,0.0,3,6,3,0,0,0,2,9,1,1,0,1,9,1,1,13,0,12,0,0,0,0,1,0,6,7,5,8,3
2013.0,129.888,1.0,0.0,3,6,3,0,0,0,1,5,1,1,0,0,5,1,1,13,0,12,0,0,0,1,1,0,4,7,5,8,3
2013.0,550.176,0.0,0.0,3,1,3,0,0,0,1,2,1,1,0,1,5,1,1,15,0,12,0,0,0,1,1,0,6,2,5,3,9
2013.0,0.0,0.0,0.0,3,1,3,0,0,0,1,1,1,1,0,1,2,1,1,15,0,12,0,0,0,1,1,0,4,2,5,3,3
2013.0,-90.816,0.0,0.0,3,6,0,0,0,0,0,1,1,1,0,0,1,1,1,5,1,12,0,0,0,1,1,0,4,7,5,3,3
2013.0,-99.792,0.0,0.0,3,10,3,0,0,0,1,1,1,1,0,1,1,1,1,10,1,12,0,0,0,1,1,0,0,0,0,9,9
2013.0,-30.096,1.0,0.0,3,6,3,0,0,0,1,2,1,1,0,1,2,1,1,12,1,12,0,0,0,1,1,0,6,7,5,8,3
2013.0,-262.944,0.0,0.0,3,6,3,0,0,0,0,1,1,1,0,1,1,1,1,13,1,12,0,0,0,2,1,0,6,7,5,3,3
2013.0,19.008,0.0,0.0,3,9,3,0,0,0,1,2,0,1,0,1,9,1,1,14,1,12,0,0,0,1,1,0,4,9,5,9,9
2013.0,3.168,0.0,0.0,3,10,3,0,0,0,0,4,1,1,0,0,4,1,1,14,1,12,0,0,0,1,1,0,6,4,5,9,9
2013.0,0.0,0.0,0.0,3,4,3,0,0,0,0,2,1,1,0,0,9,1,1,16,1,12,0,1,0,1,2,0,4,2,5,9,3
2013.0,-14.784,0.0,0.0,3,4,2,0,0,0,1,4,1,1,0,0,4,1,1,17,1,12,0,1,0,1,1,0,4,4,5,9,9
2013.0,10.032,0.0,0.0,3,6,0,0,0,0,1,5,1,1,0,0,5,1,1,18,1,12,0,1,0,1,1,0,4,0,5,8,3
2013.0,83.952,0.0,0.0,3,6,0,0,0,0,0,9,1,1,0,1,9,1,1,21,1,12,0,0,0,1,1,0,4,7,5,8,3
2014.0,250.0,1.0,0.0,3,6,0,0,0,0,1,2,0,1,0,1,2,1,1,1,2,1,0,0,0,1,1,0,6,7,5,3,3
2014.0,-25.0,0.0,0.0,3,6,3,0,0,0,1,2,1,1,0,1,2,1,1,15,2,1,0,0,0,2,1,0,4,9,5,3,2
2014.0,390.0,0.0,0.0,3,1,3,0,0,0,1,5,1,1,0,1,9,1,1,17,2,1,0,1,0,2,2,0,6,2,5,3,9
2014.0,-400.0,0.0,0.0,3,6,0,0,0,0,0,2,1,1,0,1,2,1,1,22,2,1,0,0,0,2,1,0,6,7,5,8,3
2014.0,0.0,0.0,0.0,3,4,0,0,0,0,1,5,1,1,0,0,9,1,1,22,2,1,0,0,0,2,2,0,4,2,5,3,9
2014.0,0.0,2.0,0.0,2,4,3,0,0,0,0,2,1,1,0,1,1,1,1,10,3,1,0,0,0,2,1,0,4,2,5,3,9
2014.0,-60.0,1.0,0.0,2,6,3,0,0,0,1,1,1,1,0,0,1,1,1,13,3,1,0,0,0,2,1,0,2,7,5,8,3
2014.0,0.0,1.0,0.0,2,4,3,0,0,0,1,9,1,1,0,1,1,1,1,16,3,1,0,1,0,2,1,0,4,4,5,3,9
2014.0,-436.0,0.0,0.0,3,10,3,0,0,0,0,2,1,1,0,1,2,1,1,16,3,1,0,1,0,1,1,0,6,9,5,3,2
2014.0,-15.0,2.0,0.0,2,1,0,0,0,0,1,1,1,1,0,0,1,1,1,17,3,1,0,1,0,1,1,0,6,9,5,3,9
2014.0,20.0,1.0,0.0,3,1,0,0,0,2,1,9,1,1,0,1,2,1,1,18,3,1,0,1,0,2,1,0,0,9,5,9,3
2014.0,110.0,0.0,0.0,3,4,0,0,0,0,1,9,1,1,0,0,4,1,1,18,3,1,0,1,0,1,1,0,4,4,5,9,2
2014.0,-31.0,1.0,0.0,3,6,3,0,0,0,1,1,1,1,0,1,1,1,1,8,4,1,0,1,0,1,1,0,4,7,5,8,9
2014.0,-58.0,0.0,0.0,3,6,3,0,0,0,1,2,1,1,0,0,2,1,1,9,4,1,0,1,0,1,2,0,6,7,5,8,3
2014.0,295.0,0.0,0.0,3,10,3,0,0,0,1,9,1,1,0,0,9,1,1,9,4,1,0,1,0,1,1,0,6,9,5,3,2
2014.0,485.0,0.0,0.0,3,10,3,0,0,0,0,3,1,1,0,0,2,1,1,11,4,1,0,0,0,0,0,0,6,0,5,3,9
2014.0,-1270.0,0.0,0.0,3,6,3,0,0,0,1,1,1,1,0,1,1,1,1,12,4,1,0,0,0,1,1,0,4,5,5,2,9
2014.0,-70.0,0.0,0.0,3,1,3,0,0,0,2,5,1,1,0,0,1,1,1,12,4,1,0,0,0,0,1,0,4,7,5,8,9
2014.0,-55.0,1.0,0.0,3,1,3,0,0,0,2,2,1,1,3,1,9,1,1,13,4,1,0,0,0,0,2,0,6,2,5,7,9
2014.0,0.0,1.0,0.0,3,1,3,0,0,0,0,1,1,1,2,0,2,1,1,15,4,1,0,0,0,1,1,0,4,5,5,3,9
2014.0,90.0,0.0,0.0,3,10,3,0,0,0,0,5,1,1,0,1,5,1,1,15,4,1,0,0,0,2,0,0,4,9,5,3,2
2014.0,-200.0,0.0,0.0,3,10,3,0,0,0,1,1,1,1,0,1,1,1,1,15,4,1,0,0,0,2,1,0,6,9,5,3,2
2014.0,0.0,2.0,0.0,2,1,4,0,0,0,1,1,1,1,0,0,7,1,1,17,4,1,0,1,0,1,1,0,2,7,5,9,3
2014.0,-355.0,0.0,0.0,3,6,0,0,0,0,0,1,1,1,0,1,1,1,1,18,4,1,0,1,0,1,1,0,4,7,5,8,8
2014.0,0.0,0.0,0.0,3,1,1,0,0,0,1,1,1,1,0,1,1,1,1,19,4,1,0,1,0,1,1,0,4,2,5,3,9
2014.0,-90.0,0.0,0.0,3,6,0,0,0,0,1,2,1,1,0,1,2,1,1,0,5,1,1,0,0,1,1,0,2,7,5,8,3
2014.0,355.0,0.0,0.0,3,6,3,0,0,0,1,1,1,1,0,0,1,1,1,9,5,1,1,1,0,2,0,0,6,5,5,3,2
2014.0,-50.0,1.0,0.0,2,1,3,0,0,0,1,1,1,1,3,1,5,1,1,15,5,1,1,0,0,2,2,0,4,0,5,7,9
2014.0,0.0,2.0,0.0,2,4,0,0,0,0,0,9,1,1,0,0,5,1,1,17,5,1,1,1,0,1,0,0,4,0,5,3,9
2014.0,100.0,0.0,0.0,3,6,0,0,0,0,0,5,1,1,0,0,5,1,1,18,5,1,1,1,0,0,1,0,4,7,5,8,3
2014.0,-62.0,3.0,0.0,3,6,3,0,0,0,1,2,1,1,0,0,2,1,1,9,6,1,1,1,0,0,2,0,6,9,5,3,2
2014.0,151.0,0.0,0.0,3,12,3,4,3,0,2,8,1,1,0,1,8,1,1,12,6,1,1,0,0,0,1,0,6,5,5,5,5
2014.0,109.0,0.0,0.0,3,10,4,0,0,0,1,9,1,1,0,0,9,1,1,17,6,1,1,1,0,0,1,0,4,9,5,3,2
2014.0,0.0,1.0,0.0,3,4,3,0,0,0,0,3,1,1,0,0,9,1,1,7,0,1,0,1,0,2,0,0,4,2,5,3,9
2014.0,100.0,0.0,0.0,3,6,3,0,0,0,1,5,1,1,0,0,5,1,1,8,0,1,0,1,0,2,1,0,4,0,5,8,3
2014.0,63.0,3.0,0.0,3,6,3,0,0,0,0,9,1,1,0,1,9,1,1,8,0,1,0,1,0,1,1,0,6,7,5,8,3
2014.0,47.0,1.0,0.0,2,4,3,0,0,0,1,6,1,1,2,1,2,1,1,9,0,1,0,1,0,1,0,0,6,7,5,3,9
2014.0,460.0,0.0,0.0,3,6,3,0,0,0,0,2,1,1,0,1,2,1,1,12,0,1,0,0,0,1,1,0,6,7,5,8,3
2014.0,0.0,0.0,0.0,3,1,3,0,0,0,0,4,1,1,0,0,1,1,1,12,0,1,0,0,0,2,2,0,4,5,5,3,9
2014.0,604.0,0.0,0.0,3,6,3,0,0,0,1,2,1,1,0,1,2,1,1,12,0,1,0,0,0,1,1,0,6,5,5,8,3
2014.0,590.0,1.0,0.0,2,5,3,0,0,3,0,9,1,1,0,1,1,1,1,13,0,1,0,0,0,1,0,0,6,5,5,3,6
2014.0,100.0,0.0,0.0,3,1,3,0,0,0,0,2,1,1,0,0,2,1,1,14,0,1,0,0,0,0,2,0,6,9,5,3,2
2014.0,0.0,2.0,0.0,3,1,3,0,0,0,1,1,1,1,0,1,5,1,1,14,0,1,0,0,0,2,2,0,4,5,5,3,9
2014.0,1337.0,0.0,0.0,3,5,3,0,0,0,0,4,1,1,0,1,2,1,1,14,0,1,0,0,0,1,1,0,6,7,5,3,9
2014.0,0.0,0.0,0.0,3,1,3,0,0,0,1,9,1,1,0,0,2,1,1,14,0,1,0,0,0,1,1,0,1,2,5,3,3
2014.0,0.0,2.0,0.0,3,4,3,0,0,0,0,4,1,1,0,0,5,1,1,15,0,1,0,0,0,0,1,0,4,5,5,3,9
2014.0,-250.0,0.0,0.0,3,6,3,0,0,0,1,5,1,1,0,1,5,1,1,16,0,1,0,1,0,2,1,0,6,7,5,8,3
2014.0,150.0,0.0,0.0,3,10,3,0,0,0,0,5,1,1,0,1,5,1,1,17,0,1,0,1,0,1,2,0,6,9,5,3,2
2014.0,0.0,0.0,0.0,3,4,0,0,0,0,0,5,1,1,0,0,2,1,1,17,0,1,0,1,0,2,2,0,4,2,5,3,9
2014.0,130.0,0.0,0.0,3,10,0,0,0,0,1,5,1,1,0,0,5,1,1,18,0,1,0,1,0,1,1,0,6,7,5,8,3
2014.0,-101.0,1.0,0.0,2,10,0,0,0,3,1,8,1,1,0,0,2,1,1,5,1,1,0,0,0,0,1,0,6,6,5,3,7
2014.0,220.0,0.0,0.0,3,10,0,0,0,0,1,9,1,1,0,0,9,1,1,6,1,1,0,0,0,1,2,0,6,5,5,3,2
2014.0,-283.0,0.0,0.0,3,10,3,0,0,0,0,9,1,1,0,1,9,1,1,7,1,1,0,1,0,2,1,0,6,9,5,3,2
2014.0,-133.0,0.0,0.0,3,4,3,0,0,0,1,7,1,1,0,0,2,1,1,7,1,1,0,1,0,2,1,0,6,2,5,3,9
2014.0,40.0,1.0,0.0,2,5,3,0,0,0,0,6,1,1,3,0,5,1,1,11,1,1,0,0,0,1,0,0,4,2,5,7,9
2014.0,0.0,0.0,0.0,3,4,3,0,0,0,0,7,1,1,0,0,6,1,1,12,1,1,0,0,0,1,1,0,4,5,5,9,9
2014.0,-60.0,0.0,0.0,3,6,3,0,0,0,0,1,1,1,0,1,1,1,1,12,1,1,0,0,0,2,1,0,6,7,5,8,3
2014.0,-50.0,0.0,0.0,3,1,3,0,0,0,0,1,1,1,0,0,2,1,1,16,1,1,0,1,0,1,2,0,4,2,5,3,9
2014.0,376.0,0.0,0.0,3,6,3,0,0,0,0,5,1,1,0,1,5,1,1,17,1,1,0,1,0,1,1,0,6,7,5,8,3
2014.0,-630.0,1.0,0.0,3,4,3,0,0,0,0,6,1,1,0,0,1,1,1,18,1,1,0,1,0,2,1,0,6,2,5,3,9
2014.0,-45.0,0.0,0.0,3,6,0,0,0,0,1,2,1,1,0,1,2,1,1,19,1,1,0,1,0,2,0,0,4,0,5,8,3
2014.0,165.0,0.0,0.0,3,1,0,0,0,0,1,1,1,1,0,0,1,1,1,6,2,1,0,0,0,1,0,0,6,4,5,6,9
2014.0,0.0,3.0,0.0,1,4,3,0,0,0,0,5,1,1,0,1,2,1,1,7,2,1,0,1,0,1,1,0,4,2,5,3,9
2014.0,230.0,0.0,0.0,3,6,3,0,0,0,1,9,1,1,0,0,9,1,1,7,2,1,0,1,0,1,1,0,6,7,5,8,8
2014.0,105.0,0.0,0.0,3,3,3,0,0,0,0,9,1,1,0,1,3,1,1,8,2,1,0,1,0,0,1,0,6,5,5,9,3
2014.0,-40.0,0.0,0.0,3,6,3,0,0,0,0,2,1,1,0,1,2,1,1,11,2,1,0,0,0,1,2,0,4,7,5,8,3
2014.0,0.0,1.0,0.0,3,4,3,0,0,0,0,6,1,1,0,1,9,1,1,12,2,1,0,0,0,1,1,0,4,2,5,3,9
2014.0,40.0,0.0,0.0,3,6,3,0,0,0,0,5,1,1,0,0,5,1,1,13,2,1,0,0,0,1,1,0,4,7,5,8,3
2014.0,200.0,0.0,0.0,3,6,3,0,0,0,1,9,1,1,0,0,9,1,1,14,2,1,0,0,0,2,2,0,6,0,5,8,3
2014.0,100.0,0.0,0.0,3,6,3,0,0,0,2,9,1,1,0,1,9,1,1,15,2,1,0,0,0,0,2,0,4,0,5,8,3
2014.0,235.0,0.0,0.0,3,6,3,0,0,0,1,1,1,1,0,1,1,1,1,15,2,1,0,0,0,1,1,0,6,7,5,8,3
2014.0,0.0,0.0,0.0,3,1,3,0,0,0,0,1,1,1,0,1,5,1,1,15,2,1,0,0,0,2,2,0,2,2,5,3,3
2014.0,-45.0,0.0,0.0,3,6,3,0,0,0,1,1,1,1,0,0,1,1,1,16,2,1,0,1,0,1,1,0,2,7,5,8,8
2014.0,180.0,0.0,0.0,3,6,3,0,0,0,0,1,1,1,0,1,1,1,1,16,2,1,0,1,0,1,1,0,6,7,5,8,3
2014.0,-52.0,0.0,0.0,3,6,0,0,0,0,0,1,1,1,0,0,1,1,1,21,2,1,0,0,0,1,2,0,4,7,5,8,3
2014.0,0.0,0.0,0.0,3,1,3,0,0,0,1,1,1,1,0,1,2,1,1,10,3,1,0,0,0,1,1,0,4,2,5,3,3
2014.0,-125.0,0.0,0.0,3,6,3,0,0,0,1,2,1,1,0,0,2,1,1,12,3,1,0,0,0,1,1,0,4,7,5,8,3
2014.0,1150.0,1.0,0.0,3,6,3,0,0,0,1,5,1,1,0,1,5,1,1,12,3,1,0,0,0,1,1,0,6,7,5,8,3
2014.0,81.0,0.0,0.0,3,6,3,0,0,0,0,1,1,1,1,1,1,1,1,12,3,1,0,0,0,0,1,0,6,7,5,6,3
2014.0,700.0,0.0,0.0,3,10,3,0,0,0,0,7,1,1,0,0,7,1,1,14,3,1,0,0,0,0,1,0,4,5,5,9,9
2014.0,43.0,1.0,0.0,2,1,3,0,0,2,1,1,1,1,0,1,5,1,1,15,3,1,0,0,0,1,1,0,4,9,3,9,3
2014.0,350.0,0.0,0.0,3,4,3,0,0,0,0,4,0,1,0,1,1,1,1,16,3,1,0,1,0,0,2,0,6,2,5,3,9
2014.0,-250.0,0.0,0.0,3,6,3,0,0,0,1,1,1,1,0,1,1,1,1,17,3,1,0,1,0,2,1,0,4,0,5,3,3
2014.0,0.0,0.0,0.0,3,5,3,0,0,0,1,5,1,1,0,0,9,1,1,17,3,1,0,1,0,2,0,0,4,2,5,3,3
2014.0,-243.0,1.0,0.0,2,1,0,0,0,2,0,9,1,1,0,0,2,1,1,19,3,1,0,1,0,2,1,0,6,9,5,9,3
2014.0,-240.0,0.0,0.0,3,10,0,0,0,0,1,2,1,1,0,0,2,1,1,5,4,1,0,0,0,0,1,0,6,9,5,3,2
2014.0,20.0,0.0,0.0,3,6,3,0,0,0,2,5,1,1,0,1,5,1,1,10,4,1,0,0,0,0,1,0,4,7,5,9,9