Year,Distance,Totalinjuries,Totalfatalities,Injuryseverity,Collisionmanner,Lightcondition,Weather,SurfaceCondition,Unittype_One,Gender_Drv1,Traveldirection_One,AlcoholUse_Drv1,DrugUse_Drv1,Unittype_Two,Gender_Drv2,Traveldirection_Two,AlcoholUse_Drv2,DrugUse_Drv2,Hour,Weekday,Month,Weekend,Rush_Hour,Hazardous_Road,Age_Group_Drv1,Age_Group_Drv2,Substance_Use,Junction_Category,Violation_Category_Drv1,Violation_Category_Drv2,Unitaction_Category_Two,Unitaction_Category_One
2014.0,0.0,2.0,0.0,2,1,3,0,0,0,0,2,1,1,0,1,9,1,1,11,4,1,0,0,0,0,2,0,4,2,5,3,9
2014.0,276.0,0.0,0.0,3,8,3,0,0,0,0,9,1,1,1,1,5,1,1,13,4,1,0,0,0,1,1,0,6,0,5,6,1
2014.0,0.0,1.0,0.0,2,4,3,0,0,0,0,9,1,1,0,0,1,1,1,13,4,1,0,0,0,1,1,0,4,2,5,3,9
2014.0,433.0,1.0,0.0,2,6,3,0,0,0,1,2,1,1,0,0,2,1,1,13,4,1,0,0,0,1,1,0,6,7,5,8,3
2014.0,-200.0,0.0,0.0,3,6,3,0,0,0,0,2,1,1,0,0,2,1,1,14,4,1,0,0,0,2,1,0,6,7,5,8,3
2014.0,10.0,0.0,0.0,3,1,4,0,0,2,1,5,1,1,0,0,5,1,1,17,4,1,0,1,0,0,1,0,4,2,5,9,3
2014.0,575.0,0.0,0.0,3,6,3,0,0,0,1,1,1,1,0,0,1,1,1,18,4,1,0,1,0,1,2,0,6,7,5,8,3
2014.0,-30.0,0.0,0.0,3,10,0,0,0,0,0,2,1,1,0,0,2,1,1,18,4,1,0,1,0,1,1,0,4,5,5,5,5
2014.0,-5.0,1.0,0.0,3,5,0,0,0,0,1,1,1,1,2,1,2,1,1,19,4,1,0,1,0,0,2,0,4,5,5,3,5
2014.0,0.0,0.0,0.0,3,10,0,0,0,0,0,9,1,1,0,1,9,1,1,19,4,1,0,1,0,1,1,0,4,5,5,9,9
2014.0,0.0,0.0,0.0,3,1,0,0,0,0,0,9,1,1,0,1,2,1,1,3,5,1,1,0,0,2,2,0,2,2,5,3,3
2014.0,110.0,1.0,0.0,3,10,2,0,0,0,2,9,1,1,2,1,9,1,1,7,5,1,1,1,0,0,1,0,6,5,5,3,5
2014.0,-419.0,0.0,0.0,3,1,3,0,0,0,0,2,1,1,0,1,1,1,1,8,5,1,1,1,0,0,1,0,6,0,5,3,5
2014.0,0.0,0.0,0.0,3,10,3,0,0,0,0,9,1,1,0,0,9,1,1,14,5,1,1,0,0,1,1,0,2,4,5,3,9
2014.0,0.0,0.0,0.0,3,1,3,0,0,0,0,5,1,1,0,1,1,1,1,14,5,1,1,0,0,1,2,0,4,5,5,3,9
2014.0,35.0,2.0,0.0,2,1,3,0,0,0,1,4,1,1,0,1,1,1,1,14,5,1,1,0,0,1,1,0,6,4,5,3,9
2014.0,-0.01,1.0,0.0,2,6,3,0,0,0,0,2,1,1,0,1,2,1,1,15,5,1,1,0,0,1,2,0,6,7,5,3,3
2014.0,54.0,0.0,0.0,3,1,3,0,0,0,1,1,1,1,0,0,5,1,1,17,5,1,1,1,0,0,0,0,6,0,5,3,3
2014.0,236.0,1.0,0.0,2,1,0,0,0,0,1,4,1,1,0,1,2,1,1,22,5,1,1,0,0,2,0,0,6,9,5,3,2
2014.0,-24.0,0.0,0.0,3,6,3,0,0,0,1,2,1,1,0,1,2,1,1,12,6,1,1,0,0,1,1,0,2,7,5,8,3
2014.0,0.0,0.0,0.0,3,4,3,0,0,0,1,2,1,1,0,1,1,1,1,14,6,1,1,0,0,1,1,0,2,2,5,9,3
2014.0,-36.0,1.0,0.0,3,6,3,0,0,0,0,2,1,1,0,0,2,1,1,15,6,1,1,0,0,2,1,0,6,7,5,8,3
2014.0,60.0,1.0,0.0,3,1,3,0,0,0,0,5,0,1,0,1,5,1,1,16,6,1,1,1,0,2,2,0,2,4,5,3,3
2014.0,150.0,0.0,0.0,3,1,4,0,0,0,0,1,1,1,0,0,1,1,1,18,6,1,1,1,0,1,1,0,6,7,5,8,3
2014.0,-37.0,4.0,0.0,1,4,0,0,0,0,1,9,0,1,0,0,2,1,1,21,6,1,1,0,0,1,0,0,4,2,5,9,3
2014.0,300.0,0.0,0.0,3,10,0,0,0,0,1,1,1,1,0,0,1,1,1,21,6,1,1,0,0,1,1,0,6,9,5,3,2
2014.0,30.0,0.0,0.0,3,9,0,0,0,0,0,4,0,1,0,0,5,1,1,23,6,1,1,0,0,1,1,0,4,4,5,8,9
2014.0,20.0,1.0,0.0,3,5,3,0,0,0,1,6,1,1,3,0,2,1,1,9,0,1,0,1,0,2,2,0,6,2,5,7,9
2014.0,35.0,1.0,0.0,2,4,3,0,0,0,0,6,1,1,0,1,2,1,1,11,0,1,0,0,0,1,2,0,6,2,5,3,9
2014.0,0.0,1.0,0.0,2,4,3,0,0,0,1,4,1,1,0,0,5,1,1,12,0,1,0,0,0,2,2,0,4,2,5,3,9
2014.0,0.0,1.0,0.0,1,4,3,0,0,0,0,2,1,1,0,1,9,1,1,13,0,1,0,0,0,2,2,0,4,2,5,3,9
2014.0,-50.0,2.0,0.0,3,6,3,0,0,0,0,1,1,1,0,1,1,1,1,15,0,1,0,0,0,1,1,0,4,7,5,8,3
2014.0,60.0,1.0,0.0,3,6,3,0,0,0,1,2,1,1,0,1,2,1,1,16,0,1,0,1,0,2,1,0,6,7,5,8,3
2014.0,-310.0,1.0,0.0,3,6,3,0,0,0,0,2,1,1,0,0,2,1,1,16,0,1,0,1,0,1,1,0,6,7,5,8,3
2014.0,275.0,0.0,0.0,3,4,3,0,0,0,1,6,1,1,0,0,5,1,1,17,0,1,0,1,0,2,2,0,6,2,5,3,9
2014.0,-50.0,0.0,0.0,3,10,0,0,0,0,1,9,1,1,0,0,9,1,1,19,0,1,0,1,0,2,1,0,6,9,5,3,2
2014.0,0.0,1.0,0.0,3,4,0,0,0,0,0,1,1,1,0,0,7,1,1,19,0,1,0,1,0,1,2,0,4,2,5,9,3
2014.0,0.0,0.0,0.0,3,10,0,0,0,0,0,6,1,1,0,0,5,1,1,20,0,1,0,0,0,2,1,0,4,5,5,3,9
2014.0,200.0,0.0,0.0,3,6,3,0,0,0,1,9,1,1,0,1,9,1,1,7,1,1,0,1,0,2,1,0,6,0,5,8,3
2014.0,441.0,0.0,0.0,3,4,3,0,0,0,1,5,1,1,0,1,9,1,1,7,1,1,0,1,0,1,1,0,6,2,5,3,9
2014.0,35.0,0.0,0.0,3,10,3,0,0,0,0,4,1,1,0,0,4,1,1,7,1,1,0,1,0,1,1,0,6,5,5,5,5
2014.0,440.0,0.0,0.0,3,6,3,0,0,0,0,5,1,1,0,1,5,1,1,9,1,1,0,1,0,0,1,0,6,7,5,8,3
2014.0,521.0,1.0,0.0,3,1,3,0,0,0,1,5,1,1,0,1,9,1,1,12,1,1,0,0,0,2,1,0,6,2,5,3,9
2014.0,-50.0,1.0,0.0,3,6,3,0,0,1,1,2,1,1,0,0,2,1,1,12,1,1,0,0,0,1,1,0,4,7,5,8,3
2014.0,177.0,0.0,0.0,3,6,3,0,0,0,1,9,1,1,0,1,9,1,1,13,1,1,0,0,0,1,1,0,6,7,5,8,3
2014.0,0.0,0.0,0.0,3,1,3,0,0,0,1,1,1,1,0,0,7,1,1,15,1,1,0,0,0,2,1,0,4,2,5,9,3
2014.0,-300.0,0.0,0.0,3,8,3,0,0,0,0,9,1,1,0,0,9,1,1,16,1,1,0,1,0,2,2,0,6,0,5,3,3
2014.0,-212.0,0.0,0.0,3,1,3,0,0,0,1,4,1,1,0,1,2,1,1,16,1,1,0,1,0,0,2,0,6,2,5,3,5
2014.0,530.0,2.0,0.0,3,6,0,0,0,0,1,9,1,1,0,1,9,1,1,17,1,1,0,1,0,2,2,0,0,7,5,8,3
2014.0,0.0,0.0,0.0,3,4,0,0,0,0,1,9,1,1,0,1,2,1,1,6,2,1,0,0,0,1,1,0,2,2,5,9,3
2014.0,52.0,0.0,0.0,3,10,3,0,0,0,2,9,1,1,0,1,9,1,1,7,2,1,0,1,0,0,1,0,4,9,5,3,3
2014.0,143.0,0.0,0.0,3,6,3,0,0,0,0,2,1,1,0,0,2,1,1,8,2,1,0,1,0,2,2,0,6,7,5,8,3
2014.0,106.0,1.0,0.0,3,6,3,0,0,0,1,1,1,1,0,0,1,1,1,10,2,1,0,0,0,1,1,0,6,7,5,3,3
2014.0,-55.0,3.0,0.0,3,6,3,0,0,0,1,1,1,1,0,1,1,1,1,10,2,1,0,0,0,1,1,0,4,7,5,8,3
2014.0,587.0,2.0,0.0,2,4,3,0,0,0,0,7,1,1,0,1,1,1,1,12,2,1,0,0,0,0,2,0,6,5,5,3,9
2014.0,0.0,2.0,0.0,2,4,3,0,0,0,0,5,1,1,0,1,2,1,1,13,2,1,0,0,0,2,2,0,4,2,5,3,9
2014.0,577.0,0.0,0.0,3,6,3,0,0,0,1,5,1,1,0,0,5,1,1,13,2,1,0,0,0,2,1,0,6,7,5,8,3
2014.0,198.0,2.0,0.0,3,6,3,0,0,0,1,9,1,1,0,1,9,1,1,13,2,1,0,0,0,1,1,0,6,7,5,8,3
2014.0,85.0,0.0,0.0,3,6,3,0,0,0,1,2,1,1,0,1,2,1,1,14,2,1,0,0,0,1,1,0,6,7,5,8,3
2014.0,-192.0,1.0,0.0,3,6,3,0,0,0,0,1,1,1,0,1,1,1,1,14,2,1,0,0,0,1,1,0,6,7,5,8,3
2014.0,-540.0,0.0,0.0,3,4,3,0,0,0,1,6,1,1,0,1,9,1,1,14,2,1,0,0,0,2,1,0,6,2,5,3,9
2014.0,0.0,0.0,0.0,3,4,3,0,0,0,0,1,1,1,0,0,5,1,1,14,2,1,0,0,0,0,1,0,4,4,5,3,9
2014.0,1400.0,0.0,0.0,3,6,3,0,0,0,0,5,1,1,0,1,5,1,1,15,2,1,0,0,0,2,1,0,6,7,5,8,3
2014.0,180.0,1.0,0.0,3,1,3,0,0,0,0,5,1,1,0,0,5,1,1,15,2,1,0,0,0,1,1,0,6,2,5,3,9
2014.0,157.0,0.0,0.0,3,6,3,0,0,0,1,9,1,1,0,0,9,1,1,17,2,1,0,1,0,2,1,0,4,7,5,8,3
2014.0,40.0,0.0,0.0,3,6,3,0,0,0,0,9,1,1,0,1,9,1,1,17,2,1,0,1,0,2,1,0,4,7,5,8,3
2014.0,-369.0,0.0,0.0,3,6,3,0,0,0,1,5,1,1,0,0,5,1,1,17,2,1,0,1,0,1,1,0,6,7,5,8,3
2014.0,-103.0,0.0,0.0,3,6,0,0,0,0,0,2,1,1,0,0,2,1,1,19,2,1,0,1,0,2,2,0,6,7,5,8,3
2014.0,160.0,0.0,0.0,3,10,3,0,0,0,0,9,1,1,0,1,9,1,1,9,3,1,0,1,0,2,1,0,4,5,5,8,3
2014.0,100.0,0.0,0.0,3,6,3,0,0,0,0,5,1,1,0,1,5,1,1,11,3,1,0,0,0,2,2,0,4,7,5,8,3
2014.0,-190.0,0.0,0.0,3,6,3,0,0,0,1,5,1,1,0,0,5,1,1,14,3,1,0,0,0,1,1,0,6,7,5,8,3
2014.0,-347.0,1.0,0.0,3,6,3,0,0,0,1,1,1,1,0,0,1,1,1,15,3,1,0,0,0,2,0,0,4,7,5,8,8
2014.0,0.0,1.0,0.0,3,4,3,0,0,0,0,7,1,1,2,1,1,1,1,16,3,1,0,1,0,2,1,0,4,2,5,3,9
2014.0,-300.0,1.0,0.0,2,5,4,0,0,0,0,1,1,1,2,0,1,1,1,17,3,1,0,1,0,1,2,0,6,9,7,3,9
2014.0,451.0,1.0,0.0,3,6,0,0,0,0,1,5,1,1,0,0,5,1,1,18,3,1,0,1,0,2,1,0,6,7,5,8,3
2014.0,534.0,0.0,0.0,3,10,0,0,0,0,1,5,1,1,0,1,5,1,1,18,3,1,0,1,0,1,1,0,6,5,5,3,3
2014.0,116.0,1.0,0.0,3,6,0,0,0,0,1,9,1,1,0,1,9,1,1,19,3,1,0,1,0,2,1,0,4,9,5,8,2
2014.0,39.0,0.0,0.0,3,6,0,0,0,0,1,5,0,1,0,1,5,1,1,3,4,1,0,0,0,2,2,0,4,7,5,8,3
2014.0,6.0,1.0,0.0,2,1,0,0,0,0,1,3,1,1,3,0,2,1,1,6,4,1,0,0,0,0,2,0,4,2,5,7,9
2014.0,100.0,0.0,0.0,3,6,3,0,0,0,0,9,1,1,0,1,9,1,1,7,4,1,0,1,0,1,1,0,4,7,5,8,3
2014.0,750.0,0.0,0.0,3,4,3,0,0,0,1,1,1,1,0,1,9,1,1,7,4,1,0,1,0,1,1,0,0,4,5,3,9
2014.0,-490.0,0.0,0.0,3,4,3,0,0,0,1,2,1,1,0,1,1,1,1,8,4,1,0,1,0,2,2,0,6,4,5,3,9
2014.0,-45.0,0.0,0.0,3,6,3,0,0,0,1,2,1,1,0,0,2,1,1,11,4,1,0,0,0,0,1,0,4,0,5,8,3
2014.0,-78.0,0.0,0.0,3,6,3,0,0,0,1,2,1,1,0,0,2,1,1,11,4,1,0,0,0,2,2,0,4,7,5,8,3
2014.0,419.0,0.0,0.0,3,6,3,0,0,0,1,9,1,1,0,1,9,1,1,12,4,1,0,0,0,0,1,0,6,7,5,8,3
2014.0,400.0,0.0,0.0,3,6,3,0,0,0,1,2,1,1,0,0,2,1,1,12,4,1,0,0,0,2,1,0,4,7,5,8,3
2014.0,375.0,0.0,0.0,3,4,3,0,0,0,0,5,1,1,0,0,2,1,1,12,4,1,0,0,0,1,2,0,0,4,5,3,9
2014.0,-487.0,0.0,0.0,3,6,3,0,0,0,1,5,1,1,0,1,5,1,1,13,4,1,0,0,0,1,1,0,6,7,5,3,3
2014.0,-460.0,0.0,0.0,3,6,3,0,0,0,1,5,1,1,0,1,5,1,1,13,4,1,0,0,0,1,2,0,6,7,5,8,3
2014.0,-60.0,0.0,0.0,3,6,3,0,0,0,0,2,1,1,0,0,2,1,1,13,4,1,0,0,0,2,2,0,4,7,5,8,3
2014.0,40.0,0.0,0.0,3,6,3,0,0,0,1,5,1,1,0,0,5,1,1,14,4,1,0,0,0,2,1,0,6,7,5,9,3
2014.0,-250.0,1.0,0.0,3,6,3,0,0,0,0,1,1,1,0,1,1,1,1,14,4,1,0,0,0,2,0,0,6,7,5,8,3
2014.0,0.0,1.0,0.0,3,1,3,0,0,0,1,2,1,1,0,0,9,1,1,15,4,1,0,0,0,1,1,0,4,2,5,3,3
2014.0,0.0,0.0,0.0,3,10,3,0,0,0,1,9,1,1,0,1,9,1,1,16,4,1,0,1,0,1,0,0,4,9,5,3,2
2014.0,0.0,1.0,0.0,2,5,3,0,0,2,0,9,1,1,0,0,2,1,1,16,4,1,0,1,0,2,1,0,4,2,5,3,9
2014.0,9.0,1.0,0.0,2,1,3,0,0,2,0,5,1,1,0,1,9,1,1,16,4,1,0,1,0,2,2,0,4,5,0,9,3
2014.0,-200.0,0.0,0.0,3,10,3,0,0,0,2,2,1,1,0,1,2,1,1,17,4,1,0,1,0,0,2,0,4,9,5,3,2
2014.0,0.0,1.0,0.0,3,4,0,0,0,0,0,9,0,1,0,0,9,1,1,18,4,1,0,1,0,1,1,0,4,2,5,9,3
2014.0,0.0,0.0,0.0,3,10,0,0,0,0,1,5,1,1,0,1,5,1,1,19,4,1,0,1,0,1,2,0,2,5,5,9,9
2014.0,-980.0,3.0,0.0,2,1,0,0,0,0,1,1,1,1,0,0,1,1,1,20,4,1,0,0,0,1,1,0,6,2,5,3,5
2014.0,35.0,0.0,0.0,3,10,0,0,0,0,1,1,0,1,0,1,1,1,1,21,4,1,0,0,0,1,0,0,4,4,5,2,2
2014.0,105.0,0.0,0.0,3,10,0,0,0,0,2,5,1,1,0,0,5,1,1,23,4,1,0,0,0,0,1,0,6,9,5,6,3
2014.0,-67.0,0.0,0.0,3,6,0,0,0,0,2,1,1,1,0,1,1,1,1,0,5,1,1,0,0,0,1,0,4,8,5,8,3
2014.0,-87.0,1.0,0.0,3,1,0,0,0,0,1,2,1,1,2,0,2,1,1,2,5,1,1,0,0,1,1,0,6,0,5,3,9
2014.0,0.0,0.0,0.0,3,1,3,0,0,0,1,5,1,1,0,1,1,1,1,9,5,1,1,1,0,2,2,0,4,2,5,9,3
2014.0,0.0,0.0,0.0,3,1,3,0,0,0,2,5,1,1,0,1,5,1,1,9,5,1,1,1,0,0,1,0,4,7,5,8,9
2014.0,200.0,0.0,0.0,3,10,3,0,0,0,2,5,1,1,0,0,5,1,1,9,5,1,1,1,0,0,1,0,4,9,5,8,5
2014.0,32.0,0.0,0.0,3,10,3,0,0,0,0,5,1,1,0,1,5,1,1,13,5,1,1,0,0,1,1,0,4,9,5,3,9
2014.0,-70.0,0.0,0.0,3,6,3,0,0,0,0,2,1,1,0,1,2,1,1,14,5,1,1,0,0,2,1,0,4,7,5,8,3
2014.0,0.01,0.0,0.0,3,6,3,0,0,0,0,2,1,1,0,1,2,1,1,15,5,1,1,0,0,1,0,0,6,7,5,3,3
2014.0,141.0,0.0,0.0,3,6,3,0,0,0,0,9,1,1,0,1,9,1,1,15,5,1,1,0,0,1,2,0,4,7,5,8,3
2014.0,50.0,0.0,0.0,3,6,1,0,0,0,0,9,1,1,0,0,9,1,1,19,5,1,1,1,0,1,1,0,2,7,5,8,3
2014.0,-125.0,0.0,0.0,3,12,0,0,0,0,2,2,1,1,1,1,5,1,1,22,5,1,1,0,0,0,1,0,6,5,5,6,5
2014.0,175.0,0.0,0.0,3,9,0,0,0,0,1,2,0,1,0,1,5,1,1,3,6,1,1,0,0,1,1,0,4,7,5,3,3
2014.0,0.0,4.0,0.0,2,4,0,0,0,0,1,9,1,1,0,1,1,1,1,3,6,1,1,0,0,2,2,0,2,2,5,9,3
2014.0,150.0,0.0,0.0,3,1,0,0,0,0,0,9,1,1,0,1,2,1,1,6,6,1,1,0,0,0,1,0,6,2,5,3,9
2014.0,-12.0,0.0,0.0,3,6,3,0,0,0,1,2,1,1,0,0,2,1,1,15,6,1,1,0,0,2,0,0,4,7,5,3,3
2014.0,730.0,0.0,0.0,3,4,3,0,0,0,1,9,1,1,0,1,2,1,1,16,6,1,1,1,0,1,1,0,0,2,5,3,9
2014.0,-37.0,0.0,0.0,3,6,0,0,0,0,0,2,1,1,0,0,2,1,1,19,6,1,1,1,0,1,2,0,4,7,5,3,3
2014.0,250.0,0.0,0.0,3,1,0,0,0,0,0,3,0,1,0,1,9,1,1,22,6,1,1,0,0,1,1,0,6,5,5,9,6
2014.0,0.0,0.0,0.0,3,1,3,0,0,0,1,9,1,1,0,0,5,1,1,23,6,1,1,0,0,2,2,0,4,2,5,3,3
2014.0,0.0,0.0,0.0,3,4,3,0,0,0,0,3,1,1,0,0,9,1,1,13,0,1,0,0,0,1,1,0,4,2,5,3,9
2014.0,-81.0,0.0,0.0,3,6,3,0,0,0,0,1,1,1,0,1,1,1,1,14,0,1,0,0,0,1,1,0,4,7,5,8,3
2014.0,-350.0,0.0,0.0,3,6,0,0,0,0,0,2,1,1,0,0,2,1,1,18,0,1,0,1,0,1,2,0,6,7,5,8,3
2014.0,0.0,1.0,0.0,3,4,3,0,0,0,0,9,1,1,0,1,5,1,1,8,1,1,0,1,0,0,1,0,4,2,5,3,9
2014.0,10.0,0.0,0.0,3,6,3,0,0,0,1,5,1,1,0,0,5,1,1,13,1,1,0,0,0,2,2,0,6,7,5,8,6
2014.0,20.0,1.0,0.0,3,6,3,0,0,0,1,4,1,1,0,0,4,1,1,14,1,1,0,0,0,1,1,0,4,7,5,8,3
2014.0,65.0,0.0,0.0,3,6,3,0,0,0,1,1,1,1,0,1,1,1,1,16,1,1,0,1,0,1,2,0,6,7,5,8,3
2014.0,670.0,1.0,0.0,3,4,3,0,0,0,0,4,1,1,0,1,1,1,1,17,1,1,0,1,0,2,1,0,6,2,5,3,9
2014.0,160.0,1.0,0.0,3,6,0,0,0,0,0,2,1,1,0,0,2,1,1,18,1,1,0,1,0,2,1,0,6,7,5,8,3
2014.0,-5.0,1.0,0.0,2,5,0,0,0,0,1,9,1,1,3,1,5,1,1,18,1,1,0,1,0,1,1,0,4,2,5,5,9
2014.0,247.0,0.0,0.0,3,10,0,0,0,0,2,1,1,1,0,0,1,1,1,21,1,1,0,0,0,0,2,0,6,9,5,3,5
2014.0,0.0,2.0,0.0,2,4,0,0,0,0,1,2,1,1,0,0,1,1,1,21,1,1,0,0,0,1,2,0,4,2,5,9,3
2014.0,0.0,0.0,0.0,3,8,0,0,0,0,1,2,0,1,0,1,2,1,1,23,1,1,0,0,0,1,2,0,6,7,5,6,1
2014.0,0.0,1.0,0.0,3,1,3,0,0,0,0,3,1,1,2,0,2,1,1,10,2,1,0,0,0,2,2,0,4,2,5,3,9
2014.0,28.0,0.0,0.0,3,6,3,0,0,0,1,9,1,1,0,1,9,1,1,10,2,1,0,0,0,1,2,0,6,9,5,3,2
2014.0,3.0,1.0,0.0,3,1,3,0,0,2,0,1,1,1,0,1,5,1,1,10,2,1,0,0,0,1,2,0,6,5,5,9,3
2014.0,-680.0,0.0,0.0,3,6,3,0,0,0,0,2,1,1,0,0,2,1,1,11,2,1,0,0,0,1,0,0,6,7,5,8,3
2014.0,-500.0,0.0,0.0,3,6,3,0,0,0,0,2,1,1,0,0,2,1,1,13,2,1,0,0,0,1,0,0,6,7,5,8,3
2014.0,423.0,0.0,0.0,3,6,3,0,0,0,1,2,1,0,0,1,2,1,1,16,2,1,0,1,0,2,1,0,6,7,5,8,3
2014.0,0.0,0.0,0.0,3,4,0,0,0,0,1,5,1,1,0,1,2,1,1,18,2,1,0,1,0,2,0,0,4,2,5,3,9
2014.0,-43.0,0.0,0.0,3,4,0,0,0,0,1,1,1,1,0,1,5,1,1,19,2,1,0,1,0,1,1,0,6,2,5,3,9
2014.0,84.0,0.0,0.0,3,6,0,0,0,0,0,5,1,1,0,0,5,1,1,20,2,1,0,0,0,0,1,0,4,7,5,8,3
2014.0,10.0,1.0,0.0,1,10,2,0,0,0,0,9,1,1,0,1,9,1,1,5,3,1,0,0,0,1,1,0,4,9,5,3,2
2014.0,-571.0,1.0,0.0,3,6,3,0,0,0,1,9,1,1,0,0,9,1,1,8,3,1,0,1,0,2,2,0,6,7,5,8,3
2014.0,70.0,2.0,0.0,3,6,3,0,0,0,1,9,1,1,0,0,9,1,1,8,3,1,0,1,0,1,1,0,4,0,5,8,3
2014.0,28.0,1.0,0.0,2,4,3,0,0,0,1,5,1,1,2,0,5,1,1,10,3,1,0,0,0,2,2,0,6,2,5,3,9
2014.0,-30.0,0.0,0.0,3,10,3,0,0,0,0,1,1,1,0,0,1,1,1,11,3,1,0,0,0,0,2,0,6,9,5,3,2
2014.0,0.0,0.0,0.0,3,4,3,0,0,0,0,9,1,1,0,1,1,1,1,11,3,1,0,0,0,1,1,0,4,2,5,3,9
2014.0,0.0,0.0,0.0,3,4,3,0,0,0,1,1,1,1,0,0,9,1,1,11,3,1,0,0,0,0,1,0,4,2,5,3,9
2014.0,117.0,1.0,0.0,3,4,3,0,0,0,1,3,1,1,0,1,9,1,1,13,3,1,0,0,0,2,1,0,6,2,5,3,9
2014.0,0.0,0.0,0.0,3,4,3,0,0,0,1,5,1,1,0,1,2,1,1,14,3,1,0,0,0,1,1,0,2,2,5,9,3
2014.0,40.0,1.0,0.0,2,1,3,0,0,2,1,5,1,1,0,1,9,1,1,15,3,1,0,0,0,1,1,0,4,9,5,9,3
2014.0,-170.0,0.0,0.0,3,1,3,0,0,0,1,9,1,1,0,1,9,1,1,16,3,1,0,1,0,1,0,0,6,4,5,9,2
2014.0,120.0,0.0,0.0,3,10,3,0,0,0,0,9,1,1,0,0,9,1,1,16,3,1,0,1,0,1,1,0,6,9,5,3,2
2014.0,-378.0,0.0,0.0,3,6,3,0,0,0,0,2,1,1,0,0,2,1,1,17,3,1,0,1,0,2,1,0,6,7,5,8,3
2014.0,-628.0,3.0,0.0,3,6,0,0,0,0,1,2,1,1,0,1,2,1,1,18,3,1,0,1,0,1,1,0,6,7,5,8,3
2014.0,180.0,0.0,0.0,3,4,0,0,0,0,1,9,1,1,0,0,5,1,1,19,3,1,0,1,0,2,1,0,6,2,5,3,9
2014.0,-64.0,0.0,0.0,3,6,0,0,0,0,1,1,1,1,0,1,1,1,1,20,3,1,0,0,0,2,1,0,4,7,5,8,3
2014.0,-70.0,0.0,0.0,3,6,0,0,0,0,0,2,1,1,0,1,2,1,1,21,3,1,0,0,0,2,1,0,3,7,5,8,5
2014.0,0.0,2.0,0.0,2,1,0,0,0,0,1,2,1,1,0,1,6,1,1,5,4,1,0,0,0,1,1,0,3,2,5,9,3
2014.0,53.0,0.0,0.0,3,1,3,1,0,0,1,9,1,1,0,0,9,1,1,7,4,1,0,1,0,1,2,0,4,4,5,3,9
2014.0,-304.0,1.0,0.0,2,1,3,0,0,2,0,5,1,1,0,1,9,1,1,12,4,1,0,0,0,2,1,0,0,5,5,9,3
2014.0,70.0,0.0,0.0,3,6,3,0,0,0,0,5,1,1,0,1,5,1,1,12,4,1,0,0,0,0,1,0,4,7,5,8,3
2014.0,950.0,1.0,0.0,3,4,0,0,0,0,0,5,0,1,0,1,1,1,1,18,4,1,0,1,0,1,1,0,0,2,5,3,9
2014.0,0.0,0.0,0.0,3,4,0,0,0,0,1,5,1,1,0,0,9,1,1,18,4,1,0,1,0,2,2,0,2,7,5,9,3
2014.0,34.0,4.0,0.0,1,3,0,0,0,0,0,9,1,1,0,0,1,1,1,23,4,1,0,0,0,1,2,0,6,9,5,3,3
2014.0,-95.0,0.0,0.0,3,6,3,0,0,0,1,2,1,1,0,0,2,1,1,12,5,1,1,0,0,2,1,0,4,8,8,8,8
2014.0,-641.0,0.0,0.0,3,1,3,0,0,0,1,1,1,1,0,0,5,1,1,14,5,1,1,0,0,1,1,0,0,0,5,3,9
2014.0,-25.0,2.0,0.0,3,6,3,0,0,0,0,2,1,1,0,0,2,1,1,15,5,1,1,0,0,2,1,0,6,7,5,3,3
2014.0,-400.0,0.0,0.0,3,1,3,0,0,0,0,2,1,1,0,1,1,1,1,17,5,1,1,1,0,2,1,0,6,2,5,3,9
2014.0,58.0,1.0,0.0,2,1,4,0,0,0,1,5,1,1,3,0,1,1,1,18,5,1,1,1,0,1,2,0,4,2,5,7,9
2014.0,0.0,0.0,0.0,3,4,0,0,0,0,0,1,1,1,0,1,9,1,1,0,6,1,1,0,0,2,1,0,4,2,5,3,9
2014.0,0.0,1.0,0.0,2,1,3,0,0,0,0,5,1,1,0,1,9,1,1,9,6,1,1,1,0,1,1,0,2,2,5,3,3
2014.0,-50.0,0.0,0.0,3,6,3,0,0,0,2,2,1,1,0,0,2,1,1,13,6,1,1,0,0,0,1,0,0,7,5,9,3
2014.0,-1100.0,1.0,0.0,3,6,3,0,0,0,1,1,1,1,0,0,1,1,1,15,6,1,1,0,0,2,1,0,6,7,5,8,3
2014.0,-100.0,0.0,0.0,3,6,3,0,0,0,1,9,1,1,0,1,9,1,1,15,6,1,1,0,0,2,1,0,0,5,5,3,3
2014.0,-40.0,0.0,0.0,3,6,0,0,0,0,1,1,1,1,0,1,1,1,1,20,6,1,1,0,0,2,1,0,4,7,5,3,5
2014.0,0.0,3.0,0.0,2,4,0,0,0,0,1,3,0,1,0,0,9,1,1,0,0,1,0,0,0,1,1,0,4,4,5,3,9
2014.0,36.0,1.0,0.0,3,6,0,1,0,0,0,9,1,1,0,0,9,1,1,5,0,1,0,0,0,1,2,0,2,7,5,3,8
2014.0,-35.0,0.0,0.0,3,6,3,0,0,0,1,2,1,1,0,0,5,1,1,7,0,1,0,1,0,0,2,0,4,5,5,8,1
2014.0,-400.0,0.0,0.0,3,4,3,0,0,0,1,5,1,1,0,0,2,1,1,7,0,1,0,1,0,2,1,0,6,2,5,3,9
2014.0,-70.0,0.0,0.0,3,6,2,0,0,0,0,5,1,1,0,1,5,1,1,7,0,1,0,1,0,1,1,0,6,0,5,8,3