Year,Distance,Totalinjuries,Totalfatalities,Injuryseverity,Collisionmanner,Lightcondition,Weather,SurfaceCondition,Unittype_One,Gender_Drv1,Traveldirection_One,AlcoholUse_Drv1,DrugUse_Drv1,Unittype_Two,Gender_Drv2,Traveldirection_Two,AlcoholUse_Drv2,DrugUse_Drv2,Hour,Weekday,Month,Weekend,Rush_Hour,Hazardous_Road,Age_Group_Drv1,Age_Group_Drv2,Substance_Use,Junction_Category,Violation_Category_Drv1,Violation_Category_Drv2,Unitaction_Category_Two,Unitaction_Category_One
2014.0,-462.0,0.0,0.0,3,6,3,0,0,0,0,2,1,1,0,0,2,1,1,7,0,1,0,1,0,1,1,0,6,7,5,8,3
2014.0,-281.0,1.0,0.0,2,6,3,0,0,0,1,1,1,1,0,0,1,1,1,15,0,1,0,0,0,1,1,0,6,7,5,8,3
2014.0,-90.0,0.0,0.0,3,6,3,0,0,0,0,1,1,1,0,1,1,1,1,16,0,1,0,1,0,2,1,0,6,7,5,8,3
2014.0,-3.0,0.0,0.0,3,4,3,0,0,2,1,2,1,1,0,0,4,1,1,16,0,1,0,1,0,2,0,0,4,2,5,9,7
2014.0,0.0,0.0,0.0,3,4,3,0,0,0,0,5,1,1,0,0,1,1,1,7,1,1,0,1,0,1,1,0,2,2,5,8,3
2014.0,-128.0,2.0,0.0,3,6,3,0,0,0,1,2,1,1,0,0,2,1,1,8,1,1,0,1,0,1,2,0,6,7,5,8,3
2014.0,175.0,0.0,0.0,3,4,3,0,0,0,1,7,1,1,0,0,5,1,1,9,1,1,0,1,0,1,2,0,6,2,5,3,9
2014.0,280.0,0.0,0.0,3,10,3,0,0,0,0,9,1,1,0,0,9,1,1,9,1,1,0,1,0,1,0,0,6,9,5,3,2
2014.0,0.0,1.0,0.0,3,4,3,0,0,0,0,3,1,1,0,0,9,1,1,12,1,1,0,0,0,1,2,0,4,2,5,3,9
2014.0,80.0,0.0,0.0,3,6,3,0,0,0,0,5,1,1,0,1,5,1,1,13,1,1,0,0,0,1,2,0,4,7,5,8,3
2014.0,50.0,0.0,0.0,3,10,3,0,0,0,0,9,1,1,0,0,9,1,1,14,1,1,0,0,0,1,2,0,4,5,5,2,2
2014.0,726.0,0.0,0.0,3,6,3,0,0,0,1,1,1,1,0,0,1,1,1,14,1,1,0,0,0,2,1,0,4,7,5,8,3
2014.0,-60.0,2.0,0.0,3,6,3,0,0,0,0,1,1,1,0,0,1,1,1,16,1,1,0,1,0,1,1,0,6,7,5,8,3
2014.0,-162.0,0.0,0.0,3,10,3,0,0,0,0,5,1,1,0,1,5,1,1,17,1,1,0,1,0,2,1,0,6,4,5,2,9
2014.0,0.0,0.0,0.0,3,4,0,0,0,0,0,1,1,1,0,0,9,1,1,18,1,1,0,1,0,1,0,0,4,2,5,3,9
2014.0,55.0,0.0,0.0,3,10,0,0,0,0,0,2,1,1,0,0,2,1,1,18,1,1,0,1,0,1,1,0,4,4,5,9,9
2014.0,0.0,1.0,0.0,1,1,0,4,0,0,1,2,1,1,0,0,1,1,1,19,1,1,0,1,0,0,2,0,2,2,5,3,3
2014.0,0.0,3.0,0.0,1,1,0,1,0,0,1,9,1,1,0,0,2,1,1,21,1,1,0,0,0,1,1,0,4,7,5,3,9
2014.0,10.0,0.0,0.0,3,1,0,0,0,0,0,6,1,1,2,1,5,1,1,22,1,1,0,0,0,1,2,0,4,2,5,7,9
2014.0,-40.0,0.0,0.0,3,6,3,0,0,0,1,1,1,1,0,0,1,1,1,8,2,1,0,1,0,1,1,0,6,7,5,8,3
2014.0,40.0,0.0,0.0,3,6,3,0,0,0,0,9,1,1,0,0,9,1,1,8,2,1,0,1,0,2,1,0,6,7,5,8,3
2014.0,76.0,0.0,0.0,3,6,3,0,0,0,1,9,1,1,0,0,9,1,1,9,2,1,0,1,0,1,2,0,4,7,5,8,3
2014.0,370.0,0.0,0.0,3,10,3,0,0,0,1,1,1,1,0,1,1,1,1,11,2,1,0,0,0,1,2,0,6,9,5,3,2
2014.0,380.0,0.0,0.0,3,1,3,0,0,0,0,5,1,1,0,0,9,1,1,13,2,1,0,0,0,0,1,0,0,4,5,3,9
2014.0,335.0,0.0,0.0,3,6,3,0,0,0,0,1,1,1,0,1,1,1,1,15,2,1,0,0,0,2,1,0,6,7,5,8,3
2014.0,0.0,0.0,0.0,3,4,3,0,0,0,1,5,1,1,0,1,2,1,1,15,2,1,0,0,0,2,2,0,4,2,5,3,9
2014.0,260.0,0.0,0.0,3,6,3,0,0,0,1,1,1,1,0,1,1,1,1,16,2,1,0,1,0,1,2,0,6,7,5,3,3
2014.0,-200.0,1.0,0.0,3,6,2,0,0,0,0,9,1,1,0,0,9,1,1,16,2,1,0,1,0,2,2,0,6,7,5,3,3
2014.0,-65.0,0.0,0.0,3,6,3,0,0,0,2,1,1,1,0,0,1,1,1,16,2,1,0,1,0,0,1,0,2,7,5,8,3
2014.0,125.0,1.0,0.0,2,6,0,0,0,0,1,1,1,1,0,0,1,1,1,18,2,1,0,1,0,1,1,0,6,7,5,8,3
2014.0,-200.0,0.0,0.0,3,6,0,0,0,0,0,1,1,1,0,0,1,1,1,18,2,1,0,1,0,1,2,0,2,8,5,8,3
2014.0,0.0,0.0,0.0,3,6,0,0,0,0,2,5,1,1,0,1,5,1,1,22,2,1,0,0,0,0,2,0,2,8,5,3,3
2014.0,-287.0,0.0,0.0,3,4,0,0,0,0,1,9,1,1,0,0,5,1,1,6,3,1,0,0,0,2,1,0,6,2,5,3,9
2014.0,-65.0,0.0,0.0,3,6,3,0,0,0,2,1,1,1,0,1,1,1,1,6,3,1,0,0,0,0,2,0,4,7,5,8,3
2014.0,0.0,2.0,0.0,2,4,3,0,0,0,1,2,1,1,0,1,5,1,1,7,3,1,0,1,0,1,2,0,6,2,5,3,9
2014.0,-230.0,0.0,0.0,3,5,3,0,0,0,0,1,1,1,2,1,1,1,1,9,3,1,0,1,0,1,2,0,6,5,5,3,5
2014.0,0.0,0.0,0.0,3,4,3,0,0,0,0,9,1,1,0,1,1,1,1,12,3,1,0,0,0,1,1,0,4,2,5,3,9
2014.0,240.0,0.0,0.0,3,4,3,0,0,0,0,1,1,1,0,1,5,1,1,13,3,1,0,0,0,2,0,0,0,4,5,3,9
2014.0,-132.0,0.0,0.0,3,10,3,0,0,0,1,2,1,1,0,1,2,1,1,13,3,1,0,0,0,2,1,0,6,9,5,8,3
2014.0,0.0,0.0,0.0,3,1,3,0,0,0,1,1,1,1,0,0,9,1,1,14,3,1,0,0,0,1,1,0,4,5,5,3,9
2014.0,425.0,0.0,0.0,3,1,3,0,0,0,1,4,1,1,0,1,2,1,1,14,3,1,0,0,0,2,2,0,6,4,5,3,9
2014.0,-720.0,0.0,0.0,3,6,3,0,0,0,0,1,1,1,0,0,1,1,1,15,3,1,0,0,0,0,1,0,6,7,5,8,3
2014.0,-86.0,0.0,0.0,3,6,3,0,0,0,0,2,1,1,0,1,2,1,1,15,3,1,0,0,0,1,1,0,6,7,5,8,3
2014.0,-734.0,0.0,0.0,3,10,3,0,0,0,1,5,1,1,0,0,5,1,1,15,3,1,0,0,0,1,1,0,6,9,5,3,2
2014.0,0.0,0.0,0.0,3,4,3,0,0,0,1,2,1,1,0,1,1,1,1,16,3,1,0,1,0,0,1,0,2,4,5,3,9
2014.0,250.0,0.0,0.0,3,6,3,0,0,0,1,1,1,1,0,1,1,1,1,16,3,1,0,1,0,2,1,0,6,8,5,8,3
2014.0,-500.0,0.0,0.0,3,6,3,1,0,0,0,1,1,1,0,1,1,1,1,16,3,1,0,1,0,1,0,0,4,0,5,8,3
2014.0,250.0,0.0,0.0,3,6,3,0,0,0,0,9,1,1,0,0,9,1,1,16,3,1,0,1,0,1,1,0,6,7,5,5,5
2014.0,194.0,0.0,0.0,3,6,3,0,0,0,0,9,1,1,0,0,9,1,1,16,3,1,0,1,0,1,1,0,6,7,5,8,3
2014.0,70.0,0.0,0.0,3,6,0,0,0,0,1,1,1,1,0,0,1,1,1,21,3,1,0,0,0,2,2,0,6,7,5,8,3
2014.0,0.0,0.0,0.0,3,10,3,0,0,0,2,1,1,1,0,0,1,1,1,7,4,1,0,1,0,0,1,0,4,9,5,8,3
2014.0,146.0,0.0,0.0,3,6,3,0,0,0,1,9,1,1,0,0,9,1,1,7,4,1,0,1,0,1,0,0,2,7,5,8,3
2014.0,163.0,1.0,0.0,2,1,3,0,0,3,0,2,1,1,0,1,9,1,1,7,4,1,0,1,0,2,1,0,6,6,5,3,7
2014.0,237.0,0.0,0.0,3,10,3,0,0,0,0,1,1,1,0,0,1,1,1,8,4,1,0,1,0,1,2,0,6,2,5,3,6
2014.0,178.0,1.0,0.0,2,4,3,0,0,0,0,2,1,1,0,0,1,1,1,9,4,1,0,1,0,1,2,0,6,2,5,3,9
2014.0,-3.0,1.0,0.0,2,10,3,1,0,2,1,5,1,1,0,0,5,1,1,10,4,1,0,0,0,2,1,0,4,5,5,9,3
2014.0,390.0,0.0,0.0,3,6,3,0,0,0,0,9,1,1,0,1,9,1,1,11,4,1,0,0,0,2,1,0,4,7,5,8,3
2014.0,-8.0,1.0,0.0,2,1,3,1,0,2,0,2,1,1,0,0,1,1,1,11,4,1,0,0,0,2,1,0,4,9,5,9,3
2014.0,0.0,0.0,0.0,3,9,3,0,0,0,1,9,1,1,0,1,1,1,1,13,4,1,0,0,0,1,1,0,4,5,5,8,3
2014.0,0.0,0.0,0.0,3,10,3,0,0,0,2,9,1,1,0,1,9,1,1,13,4,1,0,0,0,0,1,0,4,0,5,8,3
2014.0,-100.0,1.0,0.0,2,5,3,1,0,0,1,8,1,1,2,1,2,1,1,13,4,1,0,0,0,1,2,0,6,5,5,3,0
2014.0,88.0,0.0,0.0,3,6,3,0,0,0,0,5,1,1,0,0,5,1,1,14,4,1,0,0,0,1,1,0,2,7,5,8,3
2014.0,0.0,1.0,0.0,2,4,3,1,0,0,0,1,1,1,0,0,2,1,1,15,4,1,0,0,0,0,2,0,4,2,5,3,9
2014.0,-81.0,0.0,0.0,3,6,3,0,0,0,1,2,1,1,0,0,2,1,1,15,4,1,0,0,0,1,1,0,2,7,5,8,3
2014.0,-44.0,0.0,0.0,3,6,3,0,0,0,1,5,1,1,0,1,5,1,1,17,4,1,0,1,0,1,2,0,6,7,5,8,3
2014.0,-196.0,3.0,0.0,2,5,3,0,0,0,1,9,1,1,0,0,2,1,1,17,4,1,0,1,0,1,1,0,6,2,5,2,9
2014.0,52.0,1.0,0.0,2,3,3,0,0,0,1,5,1,1,0,1,2,1,1,17,4,1,0,1,0,2,1,0,6,9,5,9,3
2014.0,0.0,0.0,0.0,3,12,0,0,0,0,2,8,1,1,0,0,9,1,1,21,4,1,0,0,0,0,2,0,4,5,5,3,5
2014.0,400.0,0.0,0.0,3,6,0,0,0,0,1,9,1,1,0,0,9,1,1,2,5,2,1,0,0,1,2,0,6,7,5,6,3
2014.0,-189.0,0.0,0.0,3,12,0,4,3,0,2,8,1,1,1,1,9,1,1,10,5,2,1,0,0,0,1,0,6,5,5,6,5
2014.0,15.0,0.0,0.0,3,6,3,0,0,0,2,5,1,1,0,1,5,1,1,11,5,2,1,0,0,0,1,0,6,7,5,8,3
2014.0,-30.0,0.0,0.0,3,6,4,0,0,0,2,2,1,1,0,1,2,1,1,17,5,2,1,1,0,0,1,0,4,7,5,8,3
2014.0,-70.0,0.0,0.0,3,6,3,0,0,0,0,2,1,1,0,0,2,1,1,9,6,2,1,1,0,2,1,0,6,7,9,5,3
2014.0,-260.0,0.0,0.0,3,1,3,0,0,0,0,1,1,1,0,1,5,1,1,11,6,2,1,0,0,2,1,0,0,0,5,3,9
2014.0,-142.0,0.0,0.0,3,6,3,0,0,0,1,5,1,1,0,1,5,1,1,12,6,2,1,0,0,1,2,0,6,7,5,8,3
2014.0,0.0,1.0,0.0,3,1,3,0,0,2,0,5,1,1,0,1,9,1,1,16,6,2,1,1,0,1,1,0,3,9,0,9,3
2014.0,-58.0,0.0,0.0,3,6,0,0,0,0,1,2,1,1,0,1,2,1,1,21,6,2,1,0,0,2,1,0,4,0,5,8,3
2014.0,0.0,0.0,0.0,3,4,3,0,0,0,1,9,1,1,0,0,1,1,1,7,0,2,0,1,0,1,2,0,4,2,5,3,9
2014.0,-1110.0,0.0,0.0,3,6,3,0,0,0,0,2,1,1,0,0,2,1,1,7,0,2,0,1,0,2,1,0,6,7,5,8,3
2014.0,-30.0,0.0,0.0,3,6,3,1,0,0,1,2,1,1,0,1,2,1,1,10,0,2,0,0,0,1,1,0,4,7,5,8,3
2014.0,143.0,0.0,0.0,3,6,3,0,0,0,0,1,1,1,0,1,1,1,1,14,0,2,0,0,0,1,1,0,6,7,5,8,3
2014.0,-85.0,0.0,0.0,3,5,3,0,0,0,1,5,1,1,0,0,2,1,1,14,0,2,0,0,0,0,1,0,4,5,5,8,1
2014.0,-200.0,0.0,0.0,3,10,3,0,0,0,1,2,1,1,0,1,2,1,1,15,0,2,0,0,0,2,2,0,4,9,5,3,2
2014.0,75.0,0.0,0.0,3,6,3,0,0,0,1,5,1,1,0,1,5,1,1,15,0,2,0,0,0,1,2,0,2,7,5,8,3
2014.0,-150.0,0.0,0.0,3,6,3,1,0,0,0,2,1,1,0,1,2,1,1,16,0,2,0,1,0,1,2,0,4,7,5,8,3
2014.0,-200.0,0.0,0.0,3,10,4,0,0,0,1,5,1,1,0,1,5,1,1,17,0,2,0,1,0,2,1,0,6,9,5,3,3
2014.0,0.0,0.0,0.0,3,4,0,0,0,0,0,6,1,1,0,0,2,1,1,18,0,2,0,1,0,1,2,0,4,2,5,5,5
2014.0,-62.0,0.0,0.0,3,10,0,0,0,0,0,5,1,1,0,0,5,1,1,19,0,2,0,1,0,2,2,0,6,9,9,2,2
2014.0,5.0,0.0,0.0,3,6,3,0,0,0,0,9,1,1,0,0,9,1,1,6,1,2,0,0,0,2,2,0,4,7,5,8,3
2014.0,77.0,0.0,0.0,3,6,3,0,0,0,1,9,1,1,0,1,9,1,1,10,1,2,0,0,0,1,0,0,4,7,5,8,3
2014.0,95.0,0.0,0.0,3,6,3,0,0,0,0,5,1,1,0,1,5,1,1,11,1,2,0,0,0,2,1,0,4,7,5,8,3
2014.0,700.0,0.0,0.0,3,1,3,0,0,0,0,4,1,1,0,1,1,1,1,15,1,2,0,0,0,0,1,0,6,2,5,3,9
2014.0,45.0,0.0,0.0,3,1,3,0,0,0,2,4,1,1,0,0,5,1,1,15,1,2,0,0,0,0,1,0,6,7,5,8,9
2014.0,-400.0,1.0,0.0,3,1,3,0,0,0,1,2,1,1,0,0,1,1,1,17,1,2,0,1,0,1,1,0,6,2,5,3,5
2014.0,-290.0,1.0,0.0,2,4,4,0,0,0,1,4,1,1,0,1,1,1,1,17,1,2,0,1,0,1,1,0,6,2,5,3,9
2014.0,0.0,0.0,0.0,3,4,0,0,0,0,0,6,1,1,0,1,2,1,1,19,1,2,0,1,0,0,2,0,4,4,5,3,9
2014.0,-172.0,0.0,0.0,3,6,3,0,0,0,0,2,1,1,0,0,2,1,1,13,2,2,0,0,0,2,0,0,6,7,5,8,3
2014.0,0.0,0.0,0.0,3,4,3,1,0,0,1,4,1,1,0,0,4,1,1,14,2,2,0,0,0,2,1,0,2,5,5,9,9
2014.0,0.0,0.0,0.0,3,4,3,1,0,0,1,4,1,1,0,0,4,1,1,15,2,2,0,0,0,1,1,0,4,5,5,9,9
2014.0,0.0,0.0,0.0,3,4,3,0,0,0,1,3,1,1,0,0,9,1,1,15,2,2,0,0,0,1,0,0,4,2,5,3,9
2014.0,121.0,0.0,0.0,3,1,3,0,0,0,1,4,1,1,0,1,5,1,1,16,2,2,0,1,0,0,1,0,6,5,5,8,9
2014.0,-290.0,0.0,0.0,3,4,3,1,0,0,0,4,1,1,0,1,1,1,1,16,2,2,0,1,0,1,1,0,6,2,5,3,9
2014.0,125.0,0.0,0.0,3,6,3,0,0,0,0,5,1,1,0,1,5,1,1,16,2,2,0,1,0,2,1,0,6,5,5,3,2
2014.0,87.0,0.0,0.0,3,6,3,1,0,0,0,9,1,1,0,0,9,1,1,16,2,2,0,1,0,1,1,0,4,8,5,8,3
2014.0,-800.0,0.0,0.0,3,6,0,0,0,0,1,9,1,1,0,0,9,1,1,18,2,2,0,1,0,0,2,0,6,5,5,3,3
2014.0,-75.0,0.0,0.0,3,6,0,0,0,0,1,1,1,1,0,1,1,1,1,19,2,2,0,1,0,0,2,0,4,8,5,8,3
2014.0,7.0,0.0,0.0,3,6,3,0,0,0,1,9,1,1,0,0,9,1,1,6,3,2,0,0,0,1,1,0,6,7,5,8,3
2014.0,-100.0,0.0,0.0,3,10,3,0,0,0,0,9,1,1,0,1,9,1,1,7,3,2,0,1,0,2,2,0,6,9,5,9,9
2014.0,-370.0,0.0,0.0,3,6,3,1,0,0,1,2,1,1,0,1,2,1,1,11,3,2,0,0,0,1,1,0,6,7,5,8,3
2014.0,0.0,0.0,0.0,3,4,3,0,0,0,0,1,1,1,0,0,9,1,1,12,3,2,0,0,0,1,2,0,4,2,5,3,9
2014.0,-20.0,1.0,0.0,3,6,3,1,0,0,1,2,1,1,0,1,2,1,1,13,3,2,0,0,0,1,0,0,4,7,5,8,3
2014.0,-80.0,1.0,0.0,3,6,3,0,0,0,1,2,1,1,0,1,2,1,1,15,3,2,0,0,0,1,1,0,6,7,5,8,3
2014.0,0.0,1.0,0.0,3,1,3,0,0,0,1,2,1,1,0,1,1,1,1,16,3,2,0,1,0,1,1,0,2,2,5,3,3
2014.0,-377.0,0.0,0.0,3,4,3,0,0,0,1,5,1,1,0,1,1,1,1,17,3,2,0,1,0,2,1,0,4,4,5,3,9
2014.0,276.0,0.0,0.0,3,6,3,0,0,0,1,9,1,1,0,0,9,1,1,17,3,2,0,1,0,2,2,0,6,7,5,8,3
2014.0,100.0,0.0,0.0,3,6,0,0,0,0,2,5,1,1,0,0,5,1,1,18,3,2,0,1,0,0,2,0,6,7,5,8,3
2014.0,269.0,0.0,0.0,3,10,0,0,0,0,0,1,1,1,0,0,1,1,1,19,3,2,0,1,0,1,1,0,6,9,5,3,2
2014.0,-30.0,1.0,0.0,3,1,0,0,0,0,0,5,1,1,0,0,5,1,1,19,3,2,0,1,0,1,2,0,4,9,5,3,9
2014.0,0.0,3.0,0.0,2,4,0,0,0,0,0,9,1,1,0,0,5,1,1,19,3,2,0,1,0,2,2,0,4,4,5,3,9
2014.0,-40.0,0.0,0.0,3,10,0,0,0,0,1,9,1,1,0,1,9,1,1,19,3,2,0,1,0,1,2,0,6,9,5,3,9
2014.0,-453.0,0.0,0.0,3,6,0,0,0,0,1,1,1,1,0,0,1,1,1,19,3,2,0,1,0,2,2,0,6,7,5,8,3
2014.0,430.0,0.0,0.0,3,10,3,0,0,0,1,4,1,1,0,0,2,1,1,7,4,2,0,1,0,2,1,0,0,4,5,3,9
2014.0,-115.0,0.0,0.0,3,10,3,1,0,0,0,9,1,1,0,0,9,1,1,10,4,2,0,0,0,2,2,0,6,9,5,3,2
2014.0,160.0,1.0,0.0,2,5,3,1,0,0,1,1,1,1,2,1,1,1,1,11,4,2,0,0,0,2,2,0,6,7,5,3,3
2014.0,0.0,0.0,0.0,3,4,3,0,0,0,0,2,1,1,0,1,2,1,1,11,4,2,0,0,0,1,1,0,4,9,5,9,3
2014.0,-423.0,0.0,0.0,3,6,3,0,0,0,1,1,1,1,0,0,1,1,1,13,4,2,0,0,0,1,0,0,6,7,5,8,3
2014.0,0.0,1.0,0.0,2,4,3,0,0,0,1,5,1,1,0,0,1,1,1,13,4,2,0,0,0,1,1,0,4,2,5,3,9
2014.0,-45.0,0.0,0.0,3,4,3,0,0,0,0,9,1,1,0,0,5,1,1,14,4,2,0,0,0,1,1,0,6,2,5,3,9
2014.0,-566.0,0.0,0.0,3,6,3,0,0,0,0,2,1,1,0,0,2,1,1,15,4,2,0,0,0,2,0,0,6,7,5,8,3
2014.0,-100.0,0.0,0.0,3,6,0,0,0,0,1,9,1,1,0,1,9,1,1,18,4,2,0,1,0,1,1,0,2,0,5,3,3
2014.0,10.0,0.0,0.0,3,1,0,0,0,0,1,3,1,1,0,1,6,1,1,19,4,2,0,1,0,1,2,0,4,4,5,9,9
2014.0,72.0,2.0,0.0,3,6,0,0,0,0,1,9,1,1,0,1,9,1,1,19,4,2,0,1,0,1,1,0,2,7,5,8,3
2014.0,0.0,0.0,0.0,3,10,0,0,0,0,1,5,1,1,0,1,5,1,1,19,4,2,0,1,0,2,1,0,2,9,5,9,3
2014.0,-145.0,0.0,0.0,3,10,1,0,0,0,2,9,1,1,1,1,1,1,1,20,4,2,0,0,0,0,1,0,6,5,5,6,5
2014.0,-184.0,0.0,0.0,3,6,0,0,0,0,0,1,0,1,0,0,1,1,1,1,5,2,1,0,0,2,2,0,6,7,5,8,3
2014.0,0.0,0.0,0.0,3,4,3,0,0,0,0,1,1,1,0,1,2,1,1,11,5,2,1,0,0,0,1,0,4,2,5,3,9
2014.0,0.0,0.0,0.0,3,1,3,0,0,0,1,2,1,1,0,1,1,1,1,11,5,2,1,0,0,1,1,0,4,2,5,3,9
2014.0,110.0,0.0,0.0,3,6,3,0,0,0,1,5,1,1,0,1,5,1,1,11,5,2,1,0,0,1,0,0,4,7,5,8,3
2014.0,0.0,0.0,0.0,3,4,3,0,0,0,0,2,1,1,0,0,9,1,1,12,5,2,1,0,0,2,1,0,4,5,5,3,9
2014.0,0.0,0.0,0.0,3,1,3,0,0,0,1,1,1,1,0,1,2,1,1,14,5,2,1,0,0,0,1,0,4,2,5,3,3
2014.0,328.0,1.0,0.0,3,6,3,0,0,0,1,9,1,1,0,1,9,1,1,14,5,2,1,0,0,1,2,0,6,4,5,8,3
2014.0,53.0,0.0,0.0,3,1,3,0,0,0,0,1,1,1,0,1,5,1,1,14,5,2,1,0,0,0,1,0,6,0,5,3,9
2014.0,-25.0,0.0,0.0,3,6,3,0,0,0,1,6,1,1,0,1,6,1,1,15,5,2,1,0,0,1,1,0,4,7,5,8,3
2014.0,0.0,0.0,0.0,3,4,0,0,0,0,2,7,1,1,0,0,1,1,1,19,5,2,1,1,0,0,1,0,3,2,5,3,9
2014.0,0.0,1.0,0.0,1,1,0,0,0,0,1,5,0,1,0,1,1,1,1,19,5,2,1,1,0,1,0,0,2,7,5,3,3
2014.0,120.0,0.0,0.0,3,6,0,0,0,0,1,5,0,1,0,0,5,1,1,23,5,2,1,0,0,1,1,0,2,7,5,8,3
2014.0,0.0,0.0,0.0,3,10,0,0,0,0,1,9,1,1,0,0,9,1,1,0,6,2,1,0,0,1,2,0,3,5,5,9,9
2014.0,64.0,0.0,0.0,3,6,3,0,0,0,1,9,1,1,0,1,9,1,1,13,6,2,1,0,0,2,0,0,2,7,5,3,3
2014.0,-150.0,2.0,0.0,2,6,3,0,0,0,0,2,1,1,0,1,2,1,1,14,6,2,1,0,0,0,1,0,4,7,5,8,3
2014.0,-45.0,0.0,0.0,3,6,3,0,0,0,0,2,1,1,0,1,2,1,1,14,6,2,1,0,0,1,1,0,6,7,5,8,3
2014.0,-200.0,1.0,0.0,3,6,3,0,0,0,1,2,1,1,0,0,2,1,1,15,6,2,1,0,0,1,1,0,6,7,5,8,3
2014.0,-150.0,1.0,0.0,2,5,3,0,0,0,1,2,1,1,3,0,8,0,1,16,6,2,1,1,0,1,1,0,6,5,5,6,6
2014.0,-75.0,5.0,0.0,3,6,0,0,0,0,0,2,1,1,0,1,2,1,1,18,6,2,1,1,0,1,1,0,2,7,5,8,3
2014.0,0.0,1.0,0.0,2,4,0,0,0,0,0,1,1,1,0,1,2,1,1,18,6,2,1,1,0,2,2,0,4,5,5,3,9
2014.0,12.0,0.0,0.0,3,6,0,0,0,0,0,5,1,1,0,0,5,1,1,0,0,2,0,0,0,2,2,0,6,7,5,8,3
2014.0,0.0,0.0,0.0,3,4,3,0,0,0,1,3,1,1,0,1,9,1,1,7,0,2,0,1,0,2,1,0,4,2,5,3,9
2014.0,5.0,1.0,0.0,3,5,3,0,0,0,2,5,1,1,2,1,5,1,1,8,0,2,0,1,0,0,2,0,2,5,5,3,9
2014.0,-70.0,0.0,0.0,3,6,3,0,0,0,0,2,1,1,0,1,2,1,1,8,0,2,0,1,0,2,0,0,6,0,5,8,3
2014.0,-170.0,0.0,0.0,3,4,3,0,0,0,1,6,0,1,0,0,9,1,1,11,0,2,0,0,0,1,2,0,6,2,5,3,9
2014.0,-275.0,0.0,0.0,3,6,3,0,0,0,0,9,1,1,0,0,9,1,1,11,0,2,0,0,0,2,1,0,6,7,5,9,3
2014.0,0.0,0.0,0.0,3,1,3,0,0,0,0,5,1,1,0,1,1,1,1,12,0,2,0,0,0,1,1,0,4,2,5,3,3
2014.0,-130.0,0.0,0.0,3,9,3,0,0,0,1,5,1,1,0,1,2,1,1,13,0,2,0,0,0,1,1,0,6,9,5,8,3
2014.0,-260.0,0.0,0.0,3,4,3,0,0,0,1,6,1,1,0,1,9,1,1,16,0,2,0,1,0,2,1,0,6,2,5,3,9
2014.0,0.0,0.0,0.0,3,10,3,0,0,0,0,5,1,1,0,1,5,1,1,17,0,2,0,1,0,1,1,0,4,9,5,3,2
2014.0,0.0,0.0,0.0,3,1,3,0,0,0,1,5,1,1,0,0,9,1,1,17,0,2,0,1,0,1,2,0,4,2,5,3,9
2014.0,500.0,0.0,0.0,3,4,0,0,0,0,1,1,1,1,0,0,5,1,1,18,0,2,0,1,0,1,1,0,6,2,5,3,9
2014.0,0.0,1.0,0.0,3,4,0,0,0,0,1,1,1,1,0,1,9,1,1,19,0,2,0,1,0,1,1,0,4,2,5,3,9
2014.0,-160.0,0.0,0.0,3,10,3,0,0,0,1,2,1,1,0,0,2,1,1,7,1,2,0,1,0,1,2,0,6,7,5,3,3
2014.0,180.0,1.0,0.0,1,4,3,0,0,0,0,1,1,1,0,1,7,1,1,7,1,2,0,1,0,2,1,0,6,5,5,3,9
2014.0,103.0,0.0,0.0,3,6,3,0,0,0,1,5,1,1,0,0,5,1,1,10,1,2,0,0,0,0,1,0,4,7,5,3,3
2014.0,100.0,0.0,0.0,3,6,3,0,0,0,1,9,1,1,0,0,9,1,1,10,1,2,0,0,0,1,1,0,4,7,5,3,3
2014.0,64.0,0.0,0.0,3,6,3,0,0,0,0,1,1,1,0,1,1,1,1,11,1,2,0,0,0,1,1,0,6,7,5,8,3
2014.0,-60.0,1.0,0.0,3,10,3,0,0,0,2,6,1,1,0,1,6,1,1,13,1,2,0,0,0,0,2,0,2,4,5,9,9
2014.0,0.0,0.0,0.0,3,1,3,0,0,0,2,1,1,1,0,1,1,1,1,15,1,2,0,0,0,0,2,0,4,9,5,3,5
2014.0,0.0,1.0,0.0,3,4,3,0,0,0,0,9,1,1,0,0,1,1,1,16,1,2,0,1,0,1,1,0,4,2,5,3,9
2014.0,-230.0,0.0,0.0,3,6,3,0,0,0,1,9,1,1,0,0,9,1,1,17,1,2,0,1,0,2,1,0,6,7,5,8,3
2014.0,230.0,0.0,0.0,3,6,3,0,0,0,0,5,1,1,0,0,5,1,1,17,1,2,0,1,0,2,2,0,6,7,5,8,3
2014.0,0.0,0.0,0.0,3,4,3,0,0,0,0,2,1,1,0,0,5,1,1,17,1,2,0,1,0,2,1,0,4,2,5,3,9
2014.0,-80.0,0.0,0.0,3,6,4,0,0,0,0,2,1,1,0,0,2,1,1,18,1,2,0,1,0,1,1,0,4,7,5,8,3
2014.0,-50.0,0.0,0.0,3,6,0,0,0,0,0,5,1,1,0,1,5,1,1,18,1,2,0,1,0,2,1,0,6,7,5,8,3
2014.0,-20.0,0.0,0.0,3,10,0,0,0,0,0,2,1,1,0,0,2,1,1,20,1,2,0,0,0,0,1,0,4,9,5,9,9
2014.0,-265.0,1.0,0.0,2,10,0,0,0,0,1,1,1,1,0,0,1,1,1,22,1,2,0,0,0,1,2,0,6,0,5,3,3
2014.0,257.0,1.0,0.0,3,6,3,0,0,0,0,9,1,1,0,1,9,1,1,6,2,2,0,0,0,1,2,0,6,7,5,8,3