Year,Distance,Totalinjuries,Totalfatalities,Injuryseverity,Collisionmanner,Lightcondition,Weather,SurfaceCondition,Unittype_One,Gender_Drv1,Traveldirection_One,AlcoholUse_Drv1,DrugUse_Drv1,Unittype_Two,Gender_Drv2,Traveldirection_Two,AlcoholUse_Drv2,DrugUse_Drv2,Hour,Weekday,Month,Weekend,Rush_Hour,Hazardous_Road,Age_Group_Drv1,Age_Group_Drv2,Substance_Use,Junction_Category,Violation_Category_Drv1,Violation_Category_Drv2,Unitaction_Category_Two,Unitaction_Category_One
2014.0,-467.0,2.0,0.0,2,6,3,0,0,0,1,2,1,1,0,0,2,1,1,7,2,2,0,1,0,2,1,0,6,7,5,8,3
2014.0,439.0,2.0,0.0,3,1,3,0,0,0,1,3,1,1,0,1,9,1,1,7,2,2,0,1,0,2,1,0,6,2,5,3,9
2014.0,40.0,1.0,0.0,1,1,3,0,0,2,1,5,1,1,0,0,1,1,1,8,2,2,0,1,0,1,1,0,6,2,5,3,7
2014.0,-70.0,1.0,0.0,3,6,3,0,0,0,0,2,1,1,0,0,2,1,1,9,2,2,0,1,0,1,1,0,4,7,5,8,3
2014.0,-157.0,0.0,0.0,3,6,3,0,0,0,1,1,1,1,0,0,1,1,1,11,2,2,0,0,0,2,2,0,6,7,5,8,3
2014.0,70.0,0.0,0.0,3,6,3,0,0,0,0,2,1,1,0,0,2,1,1,12,2,2,0,0,0,2,2,0,6,7,5,8,3
2014.0,0.0,3.0,0.0,1,1,3,0,0,0,1,5,1,1,0,1,9,1,1,13,2,2,0,0,0,0,1,0,4,2,5,3,3
2014.0,80.0,1.0,0.0,3,6,3,0,0,0,0,5,1,1,0,1,5,1,1,13,2,2,0,0,0,2,1,0,6,7,5,8,3
2014.0,-778.0,1.0,0.0,2,1,3,0,0,2,0,8,1,1,0,0,8,1,1,13,2,2,0,0,0,2,1,0,6,5,5,3,5
2014.0,225.0,0.0,0.0,3,10,3,0,0,0,1,5,1,1,0,0,5,1,1,14,2,2,0,0,0,1,2,0,6,9,5,3,2
2014.0,365.0,3.0,0.0,1,6,3,0,0,0,1,2,1,1,0,0,2,1,1,15,2,2,0,0,0,2,1,0,4,7,5,8,3
2014.0,260.0,2.0,0.0,3,6,3,0,0,0,1,1,1,1,0,0,1,1,1,16,2,2,0,1,0,1,1,0,6,7,5,8,3
2014.0,107.0,0.0,0.0,3,6,3,0,0,0,1,1,1,1,0,1,1,1,1,16,2,2,0,1,0,1,2,0,6,7,5,8,3
2014.0,175.0,0.0,0.0,3,6,3,0,0,0,2,1,1,1,1,1,1,1,1,16,2,2,0,1,0,0,1,0,6,7,5,6,3
2014.0,35.0,0.0,0.0,3,1,3,0,0,0,1,4,1,1,0,0,4,1,1,17,2,2,0,1,0,1,1,0,4,7,5,9,9
2014.0,50.0,0.0,0.0,3,6,4,0,0,0,2,5,1,1,0,1,5,1,1,17,2,2,0,1,0,0,2,0,4,9,7,3,2
2014.0,-130.0,0.0,0.0,3,6,0,0,0,0,0,1,1,1,0,1,1,1,1,18,2,2,0,1,0,1,1,0,6,7,5,8,3
2014.0,-597.0,1.0,0.0,3,4,0,0,0,0,0,2,0,1,0,1,9,1,1,18,2,2,0,1,0,1,2,0,4,4,5,3,9
2014.0,-346.0,0.0,0.0,3,4,3,0,0,0,0,5,1,1,0,0,9,1,1,7,3,2,0,1,0,2,2,0,0,2,5,3,9
2014.0,140.0,0.0,0.0,3,6,3,0,0,0,1,9,1,1,0,0,1,1,1,8,3,2,0,1,0,2,0,0,0,7,5,1,3
2014.0,88.0,0.0,0.0,3,10,3,0,0,0,0,8,1,1,0,0,8,1,1,8,3,2,0,1,0,1,1,0,6,4,5,9,9
2014.0,80.0,0.0,0.0,3,10,3,0,0,0,1,9,1,1,0,1,9,1,1,8,3,2,0,1,0,1,1,0,6,5,5,5,5
2014.0,100.0,0.0,0.0,3,10,3,0,0,0,0,9,1,1,0,1,9,1,1,8,3,2,0,1,0,1,1,0,6,9,5,3,2
2014.0,-275.0,0.0,0.0,3,1,3,0,0,0,1,1,1,1,0,1,5,1,1,9,3,2,0,1,0,1,1,0,0,2,5,3,9
2014.0,130.0,0.0,0.0,3,10,3,0,0,0,1,2,1,1,0,1,2,1,1,13,3,2,0,0,0,1,1,0,6,9,5,3,2
2014.0,651.0,2.0,0.0,2,5,3,0,0,0,1,9,1,1,2,0,9,1,1,14,3,2,0,0,0,1,2,0,4,7,5,5,8
2014.0,-74.0,1.0,0.0,3,6,3,0,0,0,0,2,1,1,0,1,2,1,1,15,3,2,0,0,0,1,1,0,4,7,5,8,3
2014.0,-634.0,1.0,0.0,3,6,3,0,0,0,0,5,1,1,0,0,5,1,1,16,3,2,0,1,0,1,1,0,6,7,5,8,3
2014.0,0.0,3.0,0.0,2,4,3,0,0,0,0,5,1,1,0,0,1,1,1,16,3,2,0,1,0,0,2,0,4,2,5,3,9
2014.0,65.0,2.0,0.0,3,6,3,0,0,0,0,9,1,1,0,1,9,1,1,16,3,2,0,1,0,2,2,0,4,7,5,8,3
2014.0,1020.0,0.0,0.0,3,1,3,0,0,0,1,2,1,1,0,0,5,1,1,17,3,2,0,1,0,0,0,0,0,2,5,9,9
2014.0,0.0,0.0,0.0,3,1,3,0,0,0,0,2,1,1,0,1,9,1,1,17,3,2,0,1,0,0,1,0,4,2,5,3,9
2014.0,80.0,0.0,0.0,3,5,0,0,0,1,1,2,1,1,0,1,2,1,1,22,3,2,0,0,0,0,1,0,4,7,0,3,5
2014.0,96.0,0.0,0.0,3,6,3,0,0,0,1,9,1,1,0,1,9,1,1,8,4,2,0,1,0,1,1,0,4,7,5,8,3
2014.0,0.0,0.0,0.0,3,4,3,0,0,0,1,3,1,1,0,1,9,1,1,8,4,2,0,1,0,2,0,0,1,2,5,3,9
2014.0,65.0,0.0,0.0,3,6,3,0,0,0,2,5,1,1,0,0,5,1,1,10,4,2,0,0,0,0,2,0,6,7,5,8,3
2014.0,0.0,2.0,0.0,1,4,3,0,0,0,0,3,1,1,0,0,9,1,1,12,4,2,0,0,0,2,2,0,4,4,5,3,9
2014.0,285.0,0.0,0.0,3,6,3,0,0,0,1,2,1,1,0,1,2,1,1,12,4,2,0,0,0,2,2,0,6,7,5,8,3
2014.0,0.0,0.0,0.0,3,1,3,0,0,0,1,9,0,1,0,1,5,1,1,12,4,2,0,0,0,1,1,0,4,2,5,3,3
2014.0,65.0,1.0,0.0,3,1,3,0,0,2,1,2,1,1,0,0,9,1,1,14,4,2,0,0,0,2,1,0,4,2,5,9,3
2014.0,300.0,0.0,0.0,3,10,3,0,3,0,2,8,1,1,1,1,9,1,1,14,4,2,0,0,0,0,1,0,6,5,5,6,5
2014.0,-90.0,6.0,0.0,1,6,3,0,0,0,0,1,1,1,0,0,1,1,1,16,4,2,0,1,0,2,1,0,6,7,5,8,3
2014.0,100.0,2.0,0.0,3,6,4,0,0,0,0,1,1,1,0,0,1,1,1,18,4,2,0,1,0,2,0,0,4,7,5,8,3
2014.0,-480.0,3.0,0.0,3,6,0,0,0,0,0,5,1,1,0,1,5,1,1,18,4,2,0,1,0,1,1,0,6,7,5,8,3
2014.0,91.0,0.0,0.0,3,6,0,0,0,0,1,5,1,1,0,0,5,1,1,19,4,2,0,1,0,1,1,0,6,7,5,8,3
2014.0,0.0,0.0,1.0,0,4,0,0,0,0,1,1,1,1,0,1,9,1,1,20,4,2,0,0,0,2,1,0,4,5,5,3,9
2014.0,-160.0,0.0,0.0,3,10,0,0,0,0,1,2,0,1,1,1,8,1,1,21,4,2,0,0,0,1,1,0,6,9,5,6,3
2014.0,20.0,0.0,0.0,3,10,0,0,0,0,2,1,1,1,0,1,1,1,1,0,5,2,1,0,0,0,2,0,6,7,5,3,5
2014.0,1.0,0.0,0.0,3,1,3,0,0,0,1,9,1,1,0,0,9,1,1,8,5,2,1,1,0,2,1,0,2,9,5,3,9
2014.0,-26.0,0.0,0.0,3,3,3,0,0,0,0,5,1,1,0,0,2,1,1,16,5,2,1,1,0,1,1,0,2,9,5,8,3
2014.0,0.0,0.0,0.0,3,6,4,0,0,0,1,8,1,1,0,1,8,1,1,16,5,2,1,1,0,1,2,0,4,9,5,3,2
2014.0,447.0,0.0,0.0,3,6,3,0,0,0,1,5,1,1,0,0,5,1,1,17,5,2,1,1,0,2,1,0,6,7,5,8,3
2014.0,-95.0,0.0,0.0,3,10,0,0,0,0,2,9,1,1,1,1,8,1,1,6,6,2,1,0,0,0,1,0,6,5,5,6,3
2014.0,19.0,0.0,0.0,3,1,3,0,0,0,0,2,1,1,0,1,1,1,1,8,6,2,1,1,0,0,0,0,2,5,5,3,9
2014.0,140.0,0.0,0.0,3,4,3,0,0,0,1,1,1,1,0,1,2,1,1,13,6,2,1,0,0,1,2,0,6,2,5,9,9
2014.0,200.0,0.0,0.0,3,4,3,0,0,0,1,6,1,1,0,1,9,1,1,14,6,2,1,0,0,2,2,0,0,2,5,3,9
2014.0,-150.0,3.0,0.0,2,3,3,0,0,0,1,3,1,1,0,0,9,1,1,16,6,2,1,1,0,2,1,0,6,5,5,3,9
2014.0,50.0,0.0,0.0,3,6,0,0,0,0,1,1,1,1,0,1,1,1,1,19,6,2,1,1,0,1,2,0,6,5,8,3,3
2014.0,0.0,0.0,0.0,3,1,0,0,0,0,0,1,1,1,0,0,2,1,1,20,6,2,1,0,0,2,1,0,2,2,5,9,3
2014.0,50.0,0.0,0.0,3,6,0,0,0,0,1,5,1,1,0,1,5,1,1,21,6,2,1,0,0,2,2,0,4,7,5,8,3
2014.0,-10.0,0.0,0.0,3,12,0,0,0,0,2,8,1,1,1,1,8,1,1,22,6,2,1,0,0,0,1,0,6,5,5,6,5
2014.0,0.0,1.0,0.0,3,4,3,0,0,0,1,2,1,1,0,1,9,1,1,7,0,2,0,1,0,1,1,0,4,2,5,3,9
2014.0,-300.0,0.0,0.0,3,6,3,4,0,0,0,9,1,1,0,0,9,1,1,10,0,2,0,0,0,1,1,0,6,7,5,3,3
2014.0,-90.0,0.0,0.0,3,1,3,0,0,0,2,9,1,1,0,0,2,1,1,12,0,2,0,0,0,0,1,0,8,0,5,3,5
2014.0,-20.0,1.0,0.0,3,1,3,0,0,2,0,9,1,1,0,1,3,1,1,13,0,2,0,0,0,2,0,0,4,9,5,9,3
2014.0,-35.0,1.0,0.0,3,1,3,0,0,0,0,3,1,1,2,0,9,1,1,14,0,2,0,0,0,2,2,0,4,7,9,3,9
2014.0,-88.0,0.0,0.0,3,6,3,0,0,0,0,9,1,1,0,1,9,1,1,15,0,2,0,0,0,0,1,0,6,9,5,3,8
2014.0,20.0,1.0,0.0,3,6,3,0,0,0,1,9,1,1,0,1,9,1,1,16,0,2,0,1,0,2,1,0,4,7,5,8,3
2014.0,-70.0,0.0,0.0,3,4,0,0,0,0,2,4,1,1,0,1,5,1,1,18,0,2,0,1,0,0,2,0,6,4,5,3,9
2014.0,-200.0,1.0,0.0,3,5,0,0,0,0,0,5,0,1,3,1,1,0,1,20,0,2,0,0,0,1,1,0,6,5,6,7,3
2014.0,181.0,0.0,0.0,3,6,3,0,0,0,1,9,1,1,0,1,9,1,0,7,1,2,0,1,0,1,1,0,6,7,5,8,3
2014.0,78.0,0.0,0.0,3,4,3,0,0,0,0,2,1,1,0,1,9,1,1,8,1,2,0,1,0,1,2,0,6,2,5,3,9
2014.0,75.0,0.0,0.0,3,6,3,0,0,0,1,9,1,1,0,0,9,1,1,8,1,2,0,1,0,1,1,0,4,7,5,8,3
2014.0,72.0,1.0,0.0,3,6,3,0,0,0,0,9,0,1,0,0,9,1,1,13,1,2,0,0,0,1,0,0,6,7,5,8,3
2014.0,-500.0,0.0,0.0,3,6,0,0,0,0,1,5,1,1,0,1,5,1,1,14,1,2,0,0,0,2,2,0,6,7,5,8,8
2014.0,-723.0,2.0,0.0,3,6,3,0,0,0,0,2,1,1,0,0,2,1,1,16,1,2,0,1,0,2,2,0,4,7,5,8,3
2014.0,50.0,0.0,0.0,3,6,3,0,0,0,1,9,1,1,0,0,9,1,1,16,1,2,0,1,0,2,2,0,4,7,5,8,3
2014.0,240.0,0.0,0.0,3,6,3,1,0,0,1,7,0,1,0,1,9,1,1,17,1,2,0,1,0,1,1,0,6,7,5,8,9
2014.0,0.0,1.0,0.0,3,1,4,0,0,0,1,5,0,1,0,1,1,1,1,18,1,2,0,1,0,1,1,0,4,2,5,9,9
2014.0,0.0,2.0,0.0,2,1,0,0,0,0,1,9,1,1,0,1,3,1,1,20,1,2,0,0,0,0,1,0,4,2,5,9,3
2014.0,0.0,0.0,0.0,3,4,0,1,0,0,1,1,1,1,0,0,5,1,1,6,2,2,0,0,0,1,1,0,4,5,5,9,3
2014.0,65.0,1.0,0.0,3,6,3,0,0,0,0,1,1,1,0,0,1,1,1,7,2,2,0,1,0,1,1,0,6,7,5,8,3
2014.0,-122.0,0.0,0.0,3,6,3,1,0,0,1,2,1,1,0,0,2,1,1,8,2,2,0,1,0,1,1,0,4,7,5,8,3
2014.0,0.0,0.0,0.0,3,1,3,0,0,0,0,2,1,1,0,1,9,1,1,9,2,2,0,1,0,1,0,0,4,2,5,3,3
2014.0,60.0,0.0,0.0,3,6,3,0,0,0,1,1,1,1,0,0,1,1,1,14,2,2,0,0,0,2,1,0,4,7,5,8,3
2014.0,0.0,0.0,0.0,3,4,3,0,0,0,0,4,1,1,0,0,5,1,1,15,2,2,0,0,0,2,1,0,4,2,5,3,9
2014.0,0.0,0.0,0.0,3,4,3,0,0,0,1,9,1,1,0,1,2,1,1,15,2,2,0,0,0,0,1,0,4,2,5,8,9
2014.0,-30.0,2.0,0.0,3,1,3,0,0,0,0,1,1,1,0,0,5,1,1,16,2,2,0,1,0,1,2,0,6,4,5,3,9
2014.0,-1072.0,2.0,0.0,3,4,3,0,0,0,0,3,1,1,0,1,9,1,1,16,2,2,0,1,0,1,1,0,6,5,5,3,9
2014.0,-158.0,2.0,0.0,3,6,3,0,0,0,1,5,1,1,0,1,5,1,1,17,2,2,0,1,0,2,0,0,6,7,5,8,8
2014.0,150.0,0.0,0.0,3,6,3,0,0,0,0,9,1,1,0,0,9,1,1,17,2,2,0,1,0,1,1,0,6,7,5,8,3
2014.0,25.0,0.0,0.0,3,12,0,4,3,0,2,8,1,1,1,1,8,1,1,17,2,2,0,1,0,0,1,0,6,5,5,6,5
2014.0,0.0,0.0,0.0,3,4,4,0,0,0,1,1,1,1,0,1,5,1,1,18,2,2,0,1,0,2,1,0,4,2,5,3,9
2014.0,747.0,0.0,0.0,3,10,4,0,0,0,0,9,1,1,0,1,9,1,1,18,2,2,0,1,0,0,1,0,6,0,5,3,2
2014.0,-70.0,0.0,0.0,3,6,3,0,0,0,0,5,1,1,0,0,5,1,1,19,2,2,0,1,0,2,1,0,6,7,5,8,3
2014.0,-85.0,0.0,0.0,3,6,0,0,0,0,1,1,1,1,0,1,1,1,1,19,2,2,0,1,0,1,2,0,2,7,5,8,3
2014.0,0.0,2.0,0.0,3,4,0,0,0,0,1,1,1,1,0,1,1,1,1,20,2,2,0,0,0,1,2,0,4,2,5,3,9
2014.0,0.0,0.0,0.0,3,4,3,0,0,0,1,5,1,1,0,0,2,1,1,7,3,2,0,1,0,1,1,0,4,4,5,3,9
2014.0,-200.0,0.0,0.0,3,10,3,0,0,0,1,2,1,1,0,1,2,1,1,8,3,2,0,1,0,1,0,0,4,5,5,5,5
2014.0,-92.0,0.0,0.0,3,6,3,0,0,0,0,2,1,1,0,1,2,1,1,8,3,2,0,1,0,1,2,0,4,7,5,8,3
2014.0,0.0,0.0,0.0,3,4,3,0,0,0,2,8,1,1,0,0,2,1,1,9,3,2,0,1,0,0,2,0,4,5,5,9,5
2014.0,0.0,0.0,0.0,3,1,3,0,0,0,1,5,1,1,0,0,9,1,1,10,3,2,0,0,0,0,1,0,6,2,5,3,9
2014.0,0.0,1.0,0.0,3,1,3,0,0,0,0,1,1,1,0,1,9,1,1,11,3,2,0,0,0,2,1,0,4,2,5,9,3
2014.0,0.0,2.0,0.0,2,4,3,0,0,0,1,2,1,1,0,1,5,1,1,11,3,2,0,0,0,1,1,0,4,2,5,9,3
2014.0,0.0,0.0,0.0,3,4,3,0,0,0,0,2,1,1,0,1,1,1,1,12,3,2,0,0,0,0,2,0,4,2,5,3,9
2014.0,-82.0,0.0,0.0,3,6,3,1,0,0,0,2,1,1,0,1,2,1,1,12,3,2,0,0,0,1,1,0,4,7,5,8,3
2014.0,-50.0,0.0,0.0,3,6,3,0,0,0,0,5,1,1,0,0,5,1,1,15,3,2,0,0,0,2,2,0,6,7,5,8,3
2014.0,620.0,0.0,0.0,3,6,3,0,0,0,0,1,1,1,0,0,1,1,1,16,3,2,0,1,0,1,2,0,6,7,5,8,3
2014.0,-480.0,0.0,0.0,3,6,3,0,0,0,0,2,1,1,0,0,2,1,1,16,3,2,0,1,0,1,2,0,6,7,5,8,3
2014.0,-850.0,1.0,0.0,3,6,3,0,0,0,0,2,1,1,0,1,2,1,1,16,3,2,0,1,0,2,2,0,4,7,5,8,3
2014.0,500.0,0.0,0.0,3,10,3,0,0,0,2,5,1,1,0,1,5,1,1,16,3,2,0,1,0,0,1,0,6,9,5,3,2
2014.0,261.0,1.0,0.0,3,6,3,0,0,0,1,1,1,1,0,1,1,1,1,17,3,2,0,1,0,2,1,0,6,7,5,3,3
2014.0,140.0,0.0,0.0,3,6,3,0,0,0,0,2,1,1,0,0,2,1,1,18,3,2,0,1,0,1,1,0,6,7,5,8,3
2014.0,-53.0,0.0,0.0,3,1,3,0,0,0,1,2,1,1,0,0,2,1,1,7,4,2,0,1,0,1,1,0,4,9,5,3,9
2014.0,1100.0,0.0,0.0,3,6,3,0,0,0,1,9,1,1,0,1,9,1,1,10,4,2,0,0,0,2,2,0,6,7,5,8,3
2014.0,40.0,0.0,0.0,3,6,3,0,0,0,1,2,1,1,0,0,2,1,1,13,4,2,0,0,0,1,2,0,6,7,5,3,3
2014.0,384.0,1.0,0.0,2,1,3,0,0,2,0,1,1,1,0,0,5,1,1,14,4,2,0,0,0,2,1,0,0,9,5,9,3
2014.0,-45.0,0.0,0.0,3,1,3,0,0,2,0,1,1,1,0,1,1,1,1,14,4,2,0,0,0,1,1,0,4,2,5,9,7
2014.0,-4.0,1.0,0.0,1,1,3,0,0,0,1,5,1,1,3,0,9,1,1,16,4,2,0,1,0,1,1,0,6,2,5,7,3
2014.0,0.0,0.0,0.0,3,4,4,0,0,0,0,2,1,1,0,1,5,1,1,18,4,2,0,1,0,1,1,0,2,2,5,9,3
2014.0,165.0,0.0,0.0,3,6,0,0,0,0,1,5,1,1,0,0,5,1,1,19,4,2,0,1,0,1,1,0,6,7,5,8,3
2014.0,-245.0,1.0,0.0,3,6,0,0,0,0,0,2,1,1,0,1,2,1,1,21,4,2,0,0,0,2,1,0,6,7,5,8,3
2014.0,-5.0,0.0,0.0,3,10,0,0,0,0,1,5,1,1,0,1,5,1,1,22,4,2,0,0,0,1,2,0,4,4,5,9,9
2014.0,0.0,2.0,0.0,3,4,0,0,0,0,1,2,1,1,0,1,5,1,1,23,4,2,0,0,0,1,1,0,2,2,5,9,3
2014.0,10.0,0.0,0.0,3,6,3,0,0,0,0,5,1,1,0,0,5,1,1,11,5,2,1,0,0,1,2,0,4,7,5,9,9
2014.0,0.0,0.0,0.0,3,4,3,0,0,0,1,9,1,1,0,0,5,1,1,16,5,2,1,1,0,1,2,0,4,2,5,9,3
2014.0,0.0,0.0,0.0,3,10,4,0,0,0,0,2,1,1,0,1,2,1,1,18,5,2,1,1,0,2,1,0,4,5,5,3,2
2014.0,76.0,1.0,0.0,3,6,0,0,0,0,1,5,1,0,0,1,5,1,1,21,5,2,1,0,0,1,1,0,4,7,5,8,3
2014.0,85.0,0.0,0.0,3,9,0,0,0,0,0,2,1,1,0,0,9,1,1,21,5,2,1,0,0,2,1,0,4,5,5,3,0
2014.0,60.0,0.0,0.0,3,6,0,0,0,0,1,5,1,1,0,1,5,1,1,2,6,2,1,0,0,1,1,0,4,7,5,8,8
2014.0,-180.0,0.0,0.0,3,9,3,0,0,0,0,2,1,1,0,0,5,1,1,13,6,2,1,0,0,0,1,0,6,7,5,3,3
2014.0,-10.0,2.0,0.0,1,6,3,0,0,0,1,9,1,1,0,1,9,1,1,16,6,2,1,1,0,1,1,0,4,5,4,9,9
2014.0,0.0,1.0,0.0,2,1,3,0,0,0,0,2,1,1,0,0,9,1,1,17,6,2,1,1,0,2,1,0,4,5,5,9,3
2014.0,63.0,0.0,0.0,3,8,0,0,0,0,1,5,1,1,0,1,9,1,1,20,6,2,1,0,0,1,2,0,0,5,5,3,6
2014.0,70.0,0.0,0.0,3,5,3,0,0,0,2,4,1,1,0,1,9,1,1,8,0,2,0,1,0,0,1,0,6,4,5,3,9
2014.0,-200.0,0.0,0.0,3,1,3,0,0,0,1,9,1,1,0,1,2,1,1,11,0,2,0,0,0,1,1,0,6,0,5,3,9
2014.0,-75.0,0.0,0.0,3,6,3,0,0,0,0,1,1,1,0,1,1,1,1,12,0,2,0,0,0,1,0,0,6,7,5,8,3
2014.0,-950.0,2.0,0.0,3,1,3,0,0,0,0,7,1,1,0,0,2,1,1,12,0,2,0,0,0,1,1,0,6,2,5,3,9
2014.0,-40.0,1.0,0.0,3,6,3,0,0,0,1,1,1,1,0,0,1,1,1,14,0,2,0,0,0,2,1,0,2,7,5,8,3
2014.0,-35.0,0.0,0.0,3,6,3,0,0,0,0,1,1,1,0,0,1,1,1,14,0,2,0,0,0,2,1,0,6,7,5,8,3
2014.0,-42.0,1.0,0.0,3,5,3,0,0,0,1,9,1,1,3,1,5,1,1,15,0,2,0,0,0,1,2,0,4,0,5,7,9
2014.0,-252.0,1.0,0.0,2,4,3,0,0,0,2,5,1,1,0,1,2,1,1,16,0,2,0,1,0,0,2,0,6,4,5,3,9
2014.0,-225.0,0.0,0.0,3,6,3,0,0,0,1,1,1,1,0,0,1,1,1,17,0,2,0,1,0,1,1,0,6,7,5,8,8
2014.0,70.0,0.0,0.0,3,6,0,0,0,0,2,5,1,1,0,1,5,1,1,20,0,2,0,0,0,0,1,0,4,7,5,3,3
2014.0,35.0,0.0,0.0,3,10,0,0,0,0,0,9,1,1,0,1,9,1,1,22,0,2,0,0,0,2,2,0,4,4,5,8,9
2014.0,72.0,0.0,0.0,3,6,0,0,0,0,0,5,1,1,0,0,5,1,1,6,1,2,0,0,0,1,1,0,6,7,5,8,8
2014.0,200.0,1.0,0.0,2,1,3,4,0,0,1,5,1,1,2,1,1,1,1,13,1,2,0,0,0,1,1,0,6,2,5,3,9
2014.0,-295.0,0.0,0.0,3,1,3,1,0,0,1,5,1,1,0,1,1,1,1,16,1,2,0,1,0,1,1,0,0,0,5,3,9
2014.0,40.0,0.0,0.0,3,10,4,1,0,0,2,5,1,1,0,1,5,1,1,17,1,2,0,1,0,0,2,0,4,9,5,3,2
2014.0,300.0,0.0,0.0,3,1,0,1,0,0,1,1,1,1,0,1,7,1,1,17,1,2,0,1,0,2,2,0,6,5,5,8,9
2014.0,0.0,0.0,0.0,3,10,0,1,0,0,1,6,1,1,0,1,6,1,1,19,1,2,0,1,0,1,1,0,4,5,5,9,9
2014.0,0.0,0.0,0.0,3,6,3,0,0,0,1,9,1,1,0,1,9,1,1,7,2,2,0,1,0,1,1,0,4,0,5,9,9
2014.0,-82.0,0.0,0.0,3,6,3,0,0,0,1,9,1,1,0,0,9,1,1,7,2,2,0,1,0,1,2,0,6,7,5,8,3
2014.0,242.0,0.0,0.0,3,4,3,0,0,0,0,3,1,1,0,1,9,1,1,11,2,2,0,0,0,1,0,0,6,5,5,3,9
2014.0,0.0,0.0,0.0,3,4,3,0,0,0,1,5,1,1,0,1,5,1,1,13,2,2,0,0,0,0,1,0,2,5,5,9,9
2014.0,-250.0,1.0,0.0,3,4,3,0,0,0,0,5,1,1,0,0,9,1,1,13,2,2,0,0,0,0,2,0,0,4,5,3,9
2014.0,-500.0,0.0,0.0,3,6,3,0,0,0,0,2,1,1,0,1,2,1,1,13,2,2,0,0,0,2,1,0,6,7,5,8,3
2014.0,-900.0,1.0,0.0,3,5,3,0,0,0,0,1,1,1,0,1,1,1,1,14,2,2,0,0,0,1,1,0,6,5,5,5,5
2014.0,-15.0,0.0,0.0,3,6,3,0,0,0,1,2,1,1,0,1,2,1,1,15,2,2,0,0,0,2,2,0,6,5,5,3,1
2014.0,110.0,2.0,0.0,3,6,3,0,0,0,1,2,1,1,0,0,2,1,1,15,2,2,0,0,0,2,0,0,6,7,5,5,3
2014.0,0.0,1.0,0.0,3,1,3,0,0,0,0,1,1,1,0,0,7,1,1,16,2,2,0,1,0,0,1,0,2,3,5,9,3
2014.0,0.0,0.0,0.0,3,4,3,0,0,0,0,2,1,1,0,1,5,1,1,17,2,2,0,1,0,2,1,0,4,2,5,3,9
2014.0,-574.0,0.0,0.0,3,6,0,0,0,0,1,2,1,1,0,0,2,1,1,18,2,2,0,1,0,2,1,0,6,7,5,8,3
2014.0,0.0,0.0,0.0,3,4,0,0,0,0,0,1,1,1,0,0,7,1,1,18,2,2,0,1,0,0,2,0,4,5,5,9,3
2014.0,0.0,0.0,0.0,3,6,0,4,0,0,2,1,1,1,0,1,9,1,1,19,2,2,0,1,0,0,0,0,6,5,5,6,1
2014.0,0.0,0.0,0.0,3,4,0,1,0,0,2,5,1,1,0,0,1,1,1,19,2,2,0,1,0,0,0,0,4,0,5,3,9
2014.0,209.0,0.0,0.0,3,1,4,0,0,0,1,3,1,1,0,0,2,1,1,22,2,2,0,0,0,2,1,0,6,2,5,3,9
2014.0,101.0,0.0,0.0,3,6,3,0,0,0,1,9,1,1,0,0,9,1,1,7,3,2,0,1,0,2,2,0,6,7,5,8,3
2014.0,195.0,0.0,0.0,3,1,3,0,0,0,0,5,1,1,0,0,5,1,1,8,3,2,0,1,0,1,1,0,6,5,5,3,9
2014.0,-220.0,0.0,0.0,3,1,3,0,0,0,1,9,1,1,0,1,9,1,1,9,3,2,0,1,0,1,1,0,4,9,5,3,2
2014.0,-200.0,0.0,0.0,3,10,3,0,0,0,0,9,1,1,0,1,9,1,1,9,3,2,0,1,0,2,0,0,6,9,5,3,2
2014.0,-650.0,1.0,0.0,2,1,3,0,0,2,1,1,1,1,0,1,5,1,1,11,3,2,0,0,0,2,1,0,0,9,5,9,3
2014.0,100.0,1.0,0.0,3,6,3,0,0,0,1,9,1,0,0,1,9,1,1,12,3,2,0,0,0,2,1,0,2,7,5,8,3
2014.0,77.0,1.0,0.0,3,6,3,0,0,0,1,5,1,1,0,1,5,1,1,12,3,2,0,0,0,1,2,0,6,7,5,8,3
2014.0,0.0,0.0,0.0,3,1,3,0,0,0,0,2,1,1,0,0,1,1,1,13,3,2,0,0,0,0,2,0,4,2,5,3,3
2014.0,0.0,0.0,0.0,3,6,3,0,0,0,1,9,1,1,0,1,9,1,1,13,3,2,0,0,0,2,2,0,6,7,5,8,3
2014.0,-168.0,1.0,0.0,3,1,3,1,0,0,0,5,1,1,3,1,9,1,1,13,3,2,0,0,0,2,1,0,0,4,5,7,9
2014.0,-380.0,1.0,0.0,3,1,3,0,0,2,1,9,1,1,0,0,3,1,1,14,3,2,0,0,0,2,2,0,6,9,5,9,3
2014.0,360.0,1.0,0.0,3,6,3,0,0,0,1,5,1,1,0,0,5,1,1,16,3,2,0,1,0,2,2,0,6,7,5,8,3
2014.0,0.0,0.0,0.0,3,6,3,0,0,0,1,1,1,1,0,0,1,1,1,16,3,2,0,1,0,1,1,0,4,7,5,8,3
2014.0,-500.0,0.0,0.0,3,1,3,0,0,0,1,2,1,1,0,1,2,1,1,17,3,2,0,1,0,1,2,0,6,9,5,3,2
2014.0,-290.0,0.0,0.0,3,10,3,0,0,0,2,5,1,1,1,1,5,1,1,17,3,2,0,1,0,0,0,0,6,9,5,6,3
2014.0,-62.0,2.0,0.0,3,6,4,0,0,0,1,2,1,1,0,1,2,1,1,18,3,2,0,1,0,1,1,0,4,7,5,8,3