Year,Distance,Totalinjuries,Totalfatalities,Injuryseverity,Collisionmanner,Lightcondition,Weather,SurfaceCondition,Unittype_One,Gender_Drv1,Traveldirection_One,AlcoholUse_Drv1,DrugUse_Drv1,Unittype_Two,Gender_Drv2,Traveldirection_Two,AlcoholUse_Drv2,DrugUse_Drv2,Hour,Weekday,Month,Weekend,Rush_Hour,Hazardous_Road,Age_Group_Drv1,Age_Group_Drv2,Substance_Use,Junction_Category,Violation_Category_Drv1,Violation_Category_Drv2,Unitaction_Category_Two,Unitaction_Category_One
2014.0,-58.0,0.0,0.0,3,6,0,0,4,0,1,5,1,1,0,1,5,1,1,6,4,2,0,0,1,1,1,0,6,7,5,8,3
2014.0,74.0,1.0,0.0,2,6,3,0,0,0,1,9,1,1,0,0,9,1,1,8,4,2,0,1,0,1,2,0,4,7,5,8,3
2014.0,430.0,0.0,0.0,3,6,3,0,0,0,0,5,1,1,0,0,5,1,1,8,4,2,0,1,0,1,1,0,6,7,5,8,3
2014.0,-296.0,0.0,0.0,3,10,3,0,0,0,1,2,1,1,0,0,2,1,1,10,4,2,0,0,0,0,1,0,4,9,5,3,2
2014.0,130.0,0.0,0.0,3,6,3,0,0,0,1,2,1,1,0,0,2,1,1,11,4,2,0,0,0,1,2,0,4,7,5,8,3
2014.0,211.0,1.0,0.0,3,6,3,0,0,0,0,5,1,1,0,1,5,1,1,11,4,2,0,0,0,1,1,0,6,7,5,8,3
2014.0,-306.0,1.0,0.0,3,1,3,0,0,0,0,1,1,1,0,0,5,1,1,11,4,2,0,0,0,2,2,0,0,4,5,3,9
2014.0,-60.0,0.0,0.0,3,1,3,0,0,0,1,1,1,1,0,1,1,1,1,12,4,2,0,0,0,2,0,0,4,4,5,9,2
2014.0,390.0,1.0,0.0,2,10,3,0,0,0,1,5,1,1,0,1,5,1,1,12,4,2,0,0,0,1,1,0,4,2,5,3,2
2014.0,65.0,0.0,0.0,3,6,3,0,0,0,0,1,1,1,0,0,1,1,1,14,4,2,0,0,0,0,1,0,4,7,5,8,3
2014.0,190.0,0.0,0.0,3,6,3,0,0,0,0,5,1,1,0,0,5,1,1,14,4,2,0,0,0,1,1,0,4,7,5,8,3
2014.0,-260.0,0.0,0.0,3,1,3,0,0,0,0,2,1,1,0,0,2,1,1,15,4,2,0,0,0,2,1,0,0,2,5,3,9
2014.0,0.0,1.0,0.0,2,1,3,0,0,0,0,2,1,1,0,0,5,1,1,17,4,2,0,1,0,1,1,0,4,2,5,3,9
2014.0,-0.1,0.0,0.0,3,10,3,0,0,0,0,5,1,1,0,1,5,1,1,17,4,2,0,1,0,1,1,0,6,9,5,3,2
2014.0,-133.0,0.0,0.0,3,6,3,0,0,0,0,9,1,1,0,0,9,1,1,17,4,2,0,1,0,1,2,0,6,7,5,8,3
2014.0,-5.0,0.0,0.0,3,10,0,0,0,0,0,2,1,1,0,0,2,1,1,20,4,2,0,0,0,1,1,0,4,5,5,3,5
2014.0,66.0,0.0,0.0,3,6,0,1,0,0,0,2,1,1,0,1,5,1,1,0,5,3,1,0,0,2,1,0,4,0,5,8,1
2014.0,3.0,0.0,0.0,3,10,3,1,0,0,1,2,1,1,0,1,2,1,1,8,5,3,1,1,0,1,0,0,4,9,5,9,9
2014.0,-121.0,0.0,0.0,3,6,3,3,4,0,0,1,1,1,0,0,1,1,1,11,5,3,1,0,1,2,2,0,6,7,5,8,3
2014.0,5.0,0.0,0.0,3,6,3,3,4,0,1,5,1,1,0,1,5,1,1,11,5,3,1,0,1,1,1,0,6,7,5,8,3
2014.0,-160.0,0.0,0.0,3,6,3,1,0,0,0,1,1,1,0,1,1,1,1,12,5,3,1,0,0,1,2,0,6,7,5,8,8
2014.0,20.0,0.0,0.0,3,6,3,3,4,0,1,5,1,1,0,0,5,1,1,12,5,3,1,0,1,1,1,0,4,7,5,3,3
2014.0,-50.0,0.0,0.0,3,6,3,1,4,0,1,5,1,1,0,1,5,1,1,14,5,3,1,0,1,2,1,0,6,7,5,3,3
2014.0,150.0,0.0,0.0,3,10,3,1,0,0,2,1,1,1,0,1,1,1,1,14,5,3,1,0,0,0,2,0,6,9,5,3,2
2014.0,2.0,1.0,0.0,2,5,3,3,4,0,1,1,1,1,2,0,9,1,1,17,5,3,1,1,1,2,2,0,4,0,5,7,9
2014.0,-476.0,1.0,0.0,3,1,3,3,4,0,0,5,1,1,0,1,1,1,1,17,5,3,1,1,1,0,1,0,0,5,5,5,0
2014.0,-50.0,0.0,0.0,3,1,0,3,4,0,2,1,1,1,0,0,9,1,1,18,5,3,1,1,1,0,1,0,6,4,5,3,9
2014.0,75.0,1.0,0.0,3,6,0,3,4,0,0,9,1,1,0,1,9,1,1,20,5,3,1,0,1,2,2,0,4,7,5,8,3
2014.0,0.0,0.0,0.0,3,4,0,3,4,0,1,3,1,1,0,1,4,1,1,21,5,3,1,0,1,1,1,0,4,2,5,9,9
2014.0,-2.0,0.0,0.0,3,10,0,3,4,0,2,2,1,1,0,1,2,1,1,21,5,3,1,0,1,0,2,0,2,4,5,3,9
2014.0,4.0,1.0,0.0,2,1,0,0,0,0,0,1,1,1,3,1,2,1,1,23,5,3,1,0,0,0,2,0,4,0,5,7,9
2014.0,0.0,1.0,0.0,3,4,0,3,4,0,1,7,1,1,0,0,1,1,1,1,6,3,1,0,1,0,1,0,4,2,5,3,9
2014.0,126.0,1.0,0.0,3,6,0,3,4,0,1,9,1,1,0,1,9,1,1,2,6,3,1,0,1,2,2,0,4,7,5,8,3
2014.0,-50.0,0.0,0.0,3,6,0,0,0,0,0,1,1,1,0,1,1,1,1,3,6,3,1,0,0,1,1,0,6,7,5,8,3
2014.0,185.0,0.0,0.0,3,6,3,1,0,0,1,9,1,1,0,0,9,1,1,10,6,3,1,0,0,1,1,0,6,4,5,2,9
2014.0,0.0,0.0,0.0,3,4,3,1,0,0,1,2,1,1,0,1,1,1,1,12,6,3,1,0,0,1,1,0,4,2,5,3,9
2014.0,0.0,0.0,0.0,3,1,0,0,0,0,0,9,1,1,0,1,5,1,1,23,6,3,1,0,0,1,2,0,4,2,5,3,3
2014.0,-530.0,1.0,0.0,3,1,3,0,0,0,0,9,1,1,0,1,2,1,1,7,0,3,0,1,0,2,1,0,6,2,5,3,9
2014.0,1400.0,1.0,0.0,3,5,3,0,0,0,2,5,1,1,3,1,9,1,1,10,0,3,0,0,0,0,1,0,6,2,5,7,9
2014.0,0.0,0.0,0.0,3,1,3,0,0,0,1,1,1,1,0,1,5,1,1,11,0,3,0,0,0,2,0,0,4,2,5,3,3
2014.0,500.0,0.0,0.0,3,4,3,0,0,0,0,7,1,1,0,0,9,1,1,11,0,3,0,0,0,1,2,0,6,2,5,3,9
2014.0,440.0,0.0,0.0,3,1,3,0,0,0,1,3,1,1,0,1,1,1,1,12,0,3,0,0,0,2,2,0,6,2,5,3,9
2014.0,-225.0,2.0,0.0,3,10,3,0,0,0,0,1,1,1,0,0,1,1,1,12,0,3,0,0,0,1,2,0,6,7,5,8,3
2014.0,-812.0,1.0,0.0,3,6,3,0,0,0,0,5,1,1,0,0,5,1,1,14,0,3,0,0,0,2,0,0,6,7,5,8,3
2014.0,562.0,2.0,0.0,3,6,3,0,0,0,0,1,1,1,0,1,1,1,1,15,0,3,0,0,0,2,1,0,6,7,5,8,3
2014.0,0.0,0.0,0.0,3,6,3,0,0,0,0,1,1,1,0,1,1,1,1,17,0,3,0,1,0,1,1,0,4,7,5,8,3
2014.0,-8.0,0.0,0.0,3,1,3,0,0,2,1,2,1,1,0,1,1,1,1,18,0,3,0,1,0,1,2,0,4,2,5,8,3
2014.0,0.0,0.0,0.0,3,4,4,0,0,0,1,2,1,1,0,1,9,1,1,18,0,3,0,1,0,2,1,0,2,2,5,3,9
2014.0,185.0,1.0,0.0,3,5,0,0,0,0,1,9,1,1,2,1,9,1,1,18,0,3,0,1,0,0,0,0,6,5,5,3,3
2014.0,160.0,0.0,0.0,3,6,0,0,0,0,1,5,1,1,0,0,5,1,1,19,0,3,0,1,0,0,1,0,2,5,5,3,3
2014.0,110.0,1.0,0.0,3,6,3,0,0,0,1,9,1,1,0,1,9,1,1,8,1,3,0,1,0,1,1,0,4,7,5,8,3
2014.0,-195.0,0.0,0.0,3,1,3,0,0,0,0,9,1,1,0,1,9,1,1,10,1,3,0,0,0,0,1,0,6,0,5,3,9
2014.0,405.0,0.0,0.0,3,10,3,1,0,0,1,5,1,1,0,0,5,1,1,10,1,3,0,0,0,0,0,0,1,4,5,3,9
2014.0,0.0,0.0,0.0,3,1,3,0,0,0,1,9,1,1,0,0,2,1,1,10,1,3,0,0,0,1,1,0,1,2,5,3,3
2014.0,100.0,0.0,0.0,3,6,3,0,0,0,1,9,1,1,0,0,9,1,1,12,1,3,0,0,0,1,1,0,6,7,5,8,3
2014.0,0.0,2.0,0.0,3,4,3,0,0,0,0,2,1,1,0,1,5,1,1,13,1,3,0,0,0,2,1,0,4,2,5,3,9
2014.0,89.0,0.0,0.0,3,6,3,0,0,0,2,9,1,1,0,0,9,1,1,13,1,3,0,0,0,0,2,0,6,7,5,8,3
2014.0,-90.0,0.0,0.0,3,6,3,0,0,0,0,2,1,1,0,0,2,1,1,15,1,3,0,0,0,1,1,0,4,7,5,8,3
2014.0,0.0,1.0,0.0,2,4,3,0,0,0,0,7,1,1,0,1,1,1,1,15,1,3,0,0,0,1,1,0,4,2,5,3,9
2014.0,-100.0,1.0,0.0,3,6,3,0,0,0,2,1,1,1,0,0,1,1,1,15,1,3,0,0,0,0,1,0,4,7,5,8,3
2014.0,-820.0,1.0,0.0,3,6,3,0,0,0,1,5,1,1,0,0,5,1,1,16,1,3,0,1,0,1,1,0,6,7,5,8,3
2014.0,0.0,0.0,0.0,3,1,0,0,0,0,0,2,1,1,0,0,1,1,1,18,1,3,0,1,0,2,2,0,4,2,5,3,9
2014.0,0.0,0.0,0.0,3,4,0,0,0,0,1,9,1,1,0,0,1,1,1,19,1,3,0,1,0,2,2,0,4,2,5,3,9
2014.0,0.0,1.0,0.0,3,4,0,0,0,0,0,3,1,1,0,0,9,1,1,19,1,3,0,1,0,2,1,0,2,2,5,3,9
2014.0,20.0,1.0,0.0,3,5,0,0,0,0,2,2,1,1,0,1,2,1,1,2,2,3,0,0,0,0,2,0,4,4,5,5,9
2014.0,77.0,2.0,0.0,3,6,3,0,0,0,1,9,1,1,0,1,9,1,1,7,2,3,0,1,0,1,1,0,6,7,5,8,3
2014.0,93.0,0.0,0.0,3,6,3,0,0,0,0,9,1,1,0,0,9,1,1,8,2,3,0,1,0,1,1,0,6,7,5,8,3
2014.0,-302.0,0.0,0.0,3,6,3,0,0,0,1,1,1,1,0,0,1,1,1,8,2,3,0,1,0,1,2,0,6,7,5,8,3
2014.0,0.0,0.0,0.0,3,1,3,0,0,0,1,1,1,1,0,1,9,1,1,9,2,3,0,1,0,2,1,0,4,2,5,9,3
2014.0,56.0,1.0,0.0,3,6,3,0,0,0,1,2,1,1,0,0,2,1,1,10,2,3,0,0,0,1,1,0,6,7,5,8,3
2014.0,-100.0,1.0,0.0,2,6,3,0,0,0,1,2,1,1,0,1,2,1,1,10,2,3,0,0,0,1,2,0,4,7,5,8,3
2014.0,-80.0,0.0,0.0,3,6,3,0,0,0,1,2,1,1,0,0,2,1,1,13,2,3,0,0,0,1,2,0,6,7,5,8,3
2014.0,0.0,0.0,0.0,3,4,3,0,0,0,1,3,1,1,0,0,9,1,1,15,2,3,0,0,0,2,2,0,4,2,5,3,9
2014.0,200.0,0.0,0.0,3,6,3,0,0,0,0,1,1,1,0,0,1,1,1,15,2,3,0,0,0,0,1,0,6,7,5,8,3
2014.0,-55.0,1.0,0.0,3,6,3,0,0,0,1,2,1,1,0,0,2,1,1,15,2,3,0,0,0,1,0,0,6,7,5,8,3
2014.0,-200.0,0.0,0.0,3,6,3,0,0,0,0,1,1,1,0,1,1,1,1,16,2,3,0,1,0,1,2,0,6,7,5,8,3
2014.0,0.0,0.0,0.0,3,6,3,0,0,0,2,9,1,1,0,1,9,1,1,18,2,3,0,1,0,0,1,0,4,7,5,8,3
2014.0,0.0,0.0,0.0,3,10,0,0,0,0,1,2,1,1,0,0,2,1,1,18,2,3,0,1,0,1,1,0,2,4,5,3,2
2014.0,-20.0,1.0,0.0,3,6,4,0,0,0,0,2,1,1,0,0,2,1,1,18,2,3,0,1,0,1,2,0,6,7,5,8,3
2014.0,-75.0,0.0,0.0,3,5,0,4,3,0,2,5,1,1,1,1,8,1,1,5,3,3,0,0,0,0,1,0,4,5,5,6,3
2014.0,517.0,1.0,0.0,3,4,3,0,0,0,1,5,1,1,0,1,9,1,1,7,3,3,0,1,0,0,1,0,6,2,5,3,9
2014.0,-105.0,0.0,0.0,3,6,3,0,0,0,1,2,1,1,0,0,2,1,1,8,3,3,0,1,0,1,2,0,6,7,5,8,3
2014.0,0.0,1.0,0.0,3,4,3,0,0,0,1,2,1,1,0,0,9,1,1,9,3,3,0,1,0,1,1,0,4,2,5,3,9
2014.0,50.0,0.0,0.0,3,6,3,0,0,0,1,5,1,1,0,0,5,1,1,10,3,3,0,0,0,1,2,0,4,7,5,8,3
2014.0,80.0,1.0,0.0,3,6,3,0,0,0,1,9,1,1,0,0,9,1,1,11,3,3,0,0,0,1,1,0,4,7,5,8,3
2014.0,0.0,0.0,0.0,3,1,3,0,0,0,1,5,1,1,0,1,9,1,1,11,3,3,0,0,0,1,2,0,4,0,5,3,9
2014.0,-210.0,1.0,0.0,3,1,3,0,0,0,0,2,1,1,0,0,5,1,1,13,3,3,0,0,0,0,2,0,0,2,5,3,9
2014.0,-40.0,0.0,0.0,3,6,3,1,0,0,0,9,1,1,0,1,9,1,1,13,3,3,0,0,0,2,1,0,6,7,5,8,3
2014.0,150.0,0.0,0.0,3,6,3,0,0,0,1,5,1,1,0,0,5,1,1,14,3,3,0,0,0,1,1,0,6,7,5,8,3
2014.0,107.0,0.0,0.0,3,6,3,0,0,0,2,9,1,1,0,1,9,1,1,15,3,3,0,0,0,0,1,0,6,7,5,8,3
2014.0,100.0,0.0,0.0,3,6,3,0,0,0,0,9,1,1,0,0,9,1,1,16,3,3,0,1,0,1,1,0,6,7,5,8,3
2014.0,0.0,0.0,0.0,3,6,3,0,0,0,1,5,1,1,0,1,5,1,1,16,3,3,0,1,0,1,1,0,4,7,5,8,3
2014.0,600.0,1.0,0.0,2,1,3,0,0,2,0,9,1,1,0,1,2,1,1,17,3,3,0,1,0,2,2,0,0,9,5,9,3
2014.0,-250.0,0.0,0.0,3,6,3,0,0,0,1,1,1,1,0,1,1,1,1,17,3,3,0,1,0,2,1,0,6,7,5,8,3
2014.0,0.0,1.0,0.0,3,4,3,0,0,0,0,1,1,1,0,0,9,1,1,18,3,3,0,1,0,2,1,0,4,2,5,3,9
2014.0,189.0,0.0,0.0,3,6,0,0,0,0,1,1,1,1,0,1,6,1,1,18,3,3,0,1,0,0,1,0,0,5,5,9,3
2014.0,338.0,0.0,0.0,3,6,4,0,0,0,2,5,1,1,0,0,5,1,1,19,3,3,0,1,0,0,2,0,6,5,5,8,3
2014.0,-10.0,1.0,0.0,3,1,3,0,0,0,1,1,1,1,0,0,2,1,1,7,4,3,0,1,0,2,1,0,4,5,5,8,0
2014.0,552.0,0.0,0.0,3,6,3,0,0,0,1,1,1,1,0,1,1,1,1,7,4,3,0,1,0,2,0,0,6,7,5,8,3
2014.0,116.0,0.0,0.0,3,6,3,0,0,0,1,2,1,1,0,1,2,1,1,8,4,3,0,1,0,2,2,0,6,7,5,8,2
2014.0,80.0,0.0,0.0,3,6,3,0,0,0,1,5,1,1,0,1,5,1,1,9,4,3,0,1,0,2,1,0,4,7,5,3,3
2014.0,-285.0,0.0,0.0,3,6,3,4,0,0,2,9,1,1,1,1,9,1,1,12,4,3,0,0,0,0,1,0,6,5,5,6,9
2014.0,50.0,1.0,0.0,2,4,3,0,0,0,1,9,1,1,0,0,1,1,1,12,4,3,0,0,0,1,2,0,6,2,5,3,9
2014.0,-130.0,0.0,0.0,3,6,3,0,0,0,2,2,1,1,0,0,2,1,1,12,4,3,0,0,0,0,2,0,6,7,5,8,3
2014.0,388.0,0.0,0.0,3,4,3,0,0,0,0,3,1,1,0,1,9,1,1,13,4,3,0,0,0,1,0,0,6,2,5,3,9
2014.0,-710.0,0.0,0.0,3,1,3,0,0,0,1,1,1,1,0,1,5,1,1,14,4,3,0,0,0,0,1,0,0,2,5,3,9
2014.0,-60.0,0.0,0.0,3,10,3,0,0,0,0,1,1,1,0,1,1,1,1,17,4,3,0,1,0,1,1,0,4,9,5,8,9
2014.0,66.0,0.0,0.0,3,10,3,0,0,0,0,9,1,1,0,1,9,1,1,17,4,3,0,1,0,2,0,0,4,4,5,3,2
2014.0,80.0,0.0,0.0,3,6,3,0,0,0,1,1,1,1,0,1,1,1,1,18,4,3,0,1,0,1,1,0,6,7,5,8,3
2014.0,-160.0,0.0,0.0,3,6,0,0,0,0,1,2,1,1,0,1,2,1,1,21,4,3,0,0,0,1,2,0,4,7,5,8,3
2014.0,610.0,0.0,0.0,3,6,0,0,0,0,1,9,1,1,0,1,9,1,1,21,4,3,0,0,0,2,1,0,6,7,5,8,3
2014.0,100.0,0.0,0.0,3,10,0,0,0,0,2,5,1,1,1,1,5,1,1,23,4,3,0,0,0,0,1,0,6,5,5,5,5
2014.0,0.0,0.0,0.0,3,1,3,0,0,0,0,5,1,1,0,0,1,1,1,9,5,3,1,1,0,1,2,0,4,2,5,3,3
2014.0,0.0,0.0,0.0,3,4,0,0,0,0,1,9,1,1,0,1,1,1,1,0,6,3,1,0,0,2,2,0,4,2,5,3,9
2014.0,175.0,0.0,0.0,3,6,0,0,0,0,1,9,1,1,0,1,9,1,1,1,6,3,1,0,0,1,2,0,6,0,5,8,3
2014.0,-45.0,0.0,0.0,3,10,3,0,0,0,1,2,1,1,0,1,2,1,1,8,6,3,1,1,0,2,1,0,4,9,5,3,3
2014.0,-67.0,0.0,0.0,3,10,3,0,0,0,1,1,1,1,0,1,1,1,1,10,6,3,1,0,0,1,2,0,4,9,9,2,2
2014.0,0.0,0.0,0.0,3,10,3,0,0,0,1,6,1,1,0,1,6,1,1,17,6,3,1,1,0,1,1,0,4,7,5,9,9
2014.0,0.0,1.0,0.0,3,4,3,0,0,0,0,2,1,1,0,0,9,1,1,18,6,3,1,1,0,1,1,0,4,2,5,9,3
2014.0,0.0,2.0,0.0,3,4,3,0,0,0,1,4,1,1,0,0,5,1,1,18,6,3,1,1,0,1,1,0,4,5,5,3,9
2014.0,0.0,1.0,0.0,3,4,0,0,0,0,1,9,1,1,0,0,3,1,1,19,6,3,1,1,0,1,1,0,4,7,5,9,3
2014.0,-550.0,0.0,0.0,3,6,0,0,0,0,1,2,1,1,0,0,2,1,1,20,6,3,1,0,0,1,1,0,6,7,5,8,3
2014.0,192.0,0.0,0.0,3,6,3,0,0,0,1,1,1,1,0,1,1,1,1,8,0,3,0,1,0,1,2,0,6,0,5,8,3
2014.0,-216.0,0.0,0.0,3,6,3,0,0,0,1,5,1,1,0,1,5,1,1,8,0,3,0,1,0,1,1,0,6,7,5,8,3
2014.0,0.0,0.0,0.0,3,1,3,0,0,0,0,1,1,1,0,1,2,1,1,9,0,3,0,1,0,2,1,0,4,0,5,3,9
2014.0,664.0,0.0,0.0,3,1,3,0,0,0,1,7,1,1,0,1,1,1,1,10,0,3,0,0,0,0,1,0,6,0,5,3,9
2014.0,10.0,0.0,0.0,3,10,3,4,3,0,1,5,1,1,0,1,5,1,1,11,0,3,0,0,0,1,1,0,4,5,5,5,5
2014.0,284.0,0.0,0.0,3,5,3,0,0,0,1,1,1,1,0,1,1,1,1,11,0,3,0,0,0,1,1,0,6,4,5,3,5
2014.0,-300.0,0.0,0.0,3,6,3,0,0,0,0,1,1,1,0,0,1,1,1,13,0,3,0,0,0,0,1,0,6,7,5,3,9
2014.0,0.0,0.0,0.0,3,4,3,0,0,0,1,4,1,1,0,1,1,1,1,14,0,3,0,0,0,2,2,0,4,2,5,3,9
2014.0,482.0,0.0,0.0,3,1,3,0,0,0,0,9,1,1,0,1,5,1,1,15,0,3,0,0,0,1,1,0,6,4,5,3,9
2014.0,0.0,1.0,0.0,2,4,3,0,0,0,0,4,1,1,0,0,5,1,1,15,0,3,0,0,0,0,0,0,4,4,5,3,9
2014.0,0.0,1.0,0.0,3,10,3,0,0,0,1,9,1,1,0,0,9,1,1,16,0,3,0,1,0,0,1,0,4,5,5,9,9
2014.0,30.0,0.0,0.0,3,6,3,0,0,0,0,1,1,1,0,0,1,1,1,17,0,3,0,1,0,1,0,0,4,7,5,8,3
2014.0,26.0,0.0,0.0,3,1,3,0,0,0,0,2,1,1,0,1,1,1,1,17,0,3,0,1,0,1,1,0,6,2,5,9,9
2014.0,300.0,0.0,0.0,3,6,0,0,0,0,1,5,1,1,0,0,5,1,1,20,0,3,0,0,0,1,1,0,6,7,5,8,3
2014.0,0.0,2.0,0.0,1,4,0,0,0,0,1,9,0,1,0,0,1,1,1,21,0,3,0,0,0,1,2,0,2,2,5,9,3
2014.0,0.0,1.0,0.0,2,4,0,0,0,0,0,9,1,1,0,1,1,1,1,23,0,3,0,0,0,2,2,0,4,0,5,3,9
2014.0,0.0,0.0,0.0,3,3,3,0,0,0,0,1,1,1,0,0,9,1,1,9,1,3,0,1,0,1,2,0,2,2,5,9,3
2014.0,-30.0,0.0,0.0,3,6,3,0,0,0,1,2,1,1,0,0,2,1,1,10,1,3,0,0,0,1,2,0,6,7,5,8,3
2014.0,106.0,0.0,0.0,3,10,3,0,0,0,0,5,1,1,0,1,5,1,1,13,1,3,0,0,0,2,0,0,6,9,5,3,2
2014.0,-520.0,0.0,0.0,3,10,3,0,0,0,0,2,1,1,0,1,2,1,1,14,1,3,0,0,0,1,1,0,6,9,5,3,2
2014.0,394.0,0.0,0.0,3,10,3,0,0,0,0,5,1,1,0,0,5,1,1,16,1,3,0,1,0,1,1,0,6,9,5,3,2
2014.0,-240.0,2.0,0.0,2,1,3,0,0,0,1,5,1,1,0,1,5,1,1,17,1,3,0,1,0,1,1,0,6,9,5,3,2
2014.0,100.0,0.0,0.0,3,6,3,0,0,0,0,1,1,1,0,1,1,1,1,17,1,3,0,1,0,2,1,0,4,7,5,3,3
2014.0,-307.0,0.0,0.0,3,6,3,0,0,0,1,9,1,1,0,0,9,1,1,17,1,3,0,1,0,2,1,0,6,7,5,8,3
2014.0,0.0,2.0,0.0,3,4,4,0,0,0,0,5,1,1,0,1,1,1,1,17,1,3,0,1,0,2,0,0,4,2,5,3,9
2014.0,20.0,0.0,0.0,3,4,0,0,0,0,1,3,1,1,0,1,9,1,1,20,1,3,0,0,0,2,1,0,4,2,5,3,9
2014.0,0.0,0.0,0.0,3,1,0,0,0,0,1,5,1,1,0,1,1,1,1,2,2,3,0,0,0,1,1,0,4,4,5,3,9
2014.0,-55.0,0.0,1.0,0,5,0,0,0,3,1,5,1,1,0,1,1,1,1,6,2,3,0,0,0,0,0,0,6,6,5,3,7
2014.0,-100.0,0.0,0.0,3,6,3,0,0,0,1,2,1,1,0,1,2,1,1,8,2,3,0,1,0,0,1,0,4,0,5,8,3
2014.0,0.0,2.0,0.0,3,4,3,0,0,0,0,2,1,1,0,1,5,1,1,11,2,3,0,0,0,0,0,0,4,2,5,3,9
2014.0,-20.0,0.0,0.0,3,10,3,1,0,0,2,9,1,1,0,0,9,1,1,12,2,3,0,0,0,0,0,0,4,2,5,9,3
2014.0,210.0,0.0,0.0,3,8,3,0,0,0,1,1,1,1,0,1,5,1,1,14,2,3,0,0,0,2,1,0,6,7,5,3,6
2014.0,-70.0,0.0,0.0,3,6,3,0,0,0,1,1,1,1,0,1,1,1,1,15,2,3,0,0,0,1,0,0,4,7,5,8,3
2014.0,-108.0,0.0,0.0,3,6,3,0,0,0,1,1,1,1,0,1,1,1,1,17,2,3,0,1,0,1,1,0,4,7,5,8,3
2014.0,30.0,1.0,0.0,3,6,3,0,0,0,1,9,1,1,0,1,9,1,1,18,2,3,0,1,0,1,1,0,4,7,5,8,3
2014.0,-202.0,1.0,0.0,1,6,3,0,0,0,1,9,1,1,0,1,9,1,1,9,3,3,0,1,0,1,1,0,6,7,5,8,2
2014.0,-55.0,0.0,0.0,3,6,3,0,0,0,1,2,1,1,0,0,2,1,1,11,3,3,0,0,0,1,1,0,4,7,5,8,3
2014.0,85.0,2.0,0.0,3,6,3,0,0,0,0,9,1,1,0,1,9,1,1,12,3,3,0,0,0,2,1,0,6,7,5,8,3
2014.0,-300.0,2.0,0.0,3,6,3,0,0,0,0,2,1,1,0,0,2,1,1,15,3,3,0,0,0,1,0,0,6,7,5,8,3
2014.0,-350.0,2.0,0.0,3,6,3,0,0,0,0,1,1,1,0,1,1,1,1,16,3,3,0,1,0,1,1,0,6,7,5,8,3
2014.0,-50.0,0.0,0.0,3,6,3,0,0,0,0,1,1,1,0,0,1,1,1,16,3,3,0,1,0,2,2,0,4,7,5,8,3
2014.0,-100.0,0.0,0.0,3,6,3,0,0,0,0,1,1,1,0,1,1,1,1,17,3,3,0,1,0,1,1,0,4,7,5,8,3
2014.0,-147.0,2.0,0.0,3,6,0,1,0,0,0,2,1,1,0,1,2,1,1,18,3,3,0,1,0,2,1,0,6,7,5,8,3
2014.0,140.0,0.0,0.0,3,6,0,0,0,0,0,5,1,1,0,1,5,1,1,18,3,3,0,1,0,2,1,0,2,7,5,8,3
2014.0,-30.0,0.0,0.0,3,6,0,0,0,0,1,9,1,1,0,1,1,1,1,19,3,3,0,1,0,1,1,0,4,5,5,8,1
2014.0,0.0,2.0,0.0,3,4,0,0,0,0,1,9,1,1,0,1,1,1,1,0,4,3,0,0,0,2,1,0,4,2,5,3,9
2014.0,-935.0,2.0,0.0,2,6,0,0,0,0,0,1,0,1,0,0,1,1,1,2,4,3,0,0,0,2,1,0,6,7,5,3,3
2014.0,0.0,0.0,0.0,3,4,3,0,0,0,0,1,1,1,0,1,7,1,1,9,4,3,0,1,0,1,1,0,4,2,5,9,3
2014.0,-1000.0,0.0,0.0,3,4,3,1,0,0,1,2,1,1,0,1,9,1,1,13,4,3,0,0,0,1,1,0,1,2,5,3,9
2014.0,102.0,0.0,0.0,3,6,3,0,0,0,1,9,1,1,0,1,9,1,1,14,4,3,0,0,0,1,1,0,4,7,5,8,3
2014.0,50.0,1.0,0.0,3,5,3,0,0,0,2,9,1,1,2,1,9,1,1,14,4,3,0,0,0,0,1,0,6,9,5,3,3
2014.0,0.0,0.0,0.0,3,10,3,0,0,0,1,5,1,1,0,0,5,1,1,17,4,3,0,1,0,0,1,0,4,5,5,9,9
2014.0,200.0,0.0,0.0,3,10,4,0,0,0,0,9,1,1,0,0,9,1,1,18,4,3,0,1,0,0,1,0,6,9,5,3,2
2014.0,28.0,0.0,0.0,3,4,0,0,0,0,0,1,1,1,0,0,2,1,1,20,4,3,0,0,0,2,2,0,6,2,5,3,9
2014.0,0.0,2.0,0.0,2,4,0,0,0,0,0,4,1,1,0,0,5,1,1,21,4,3,0,0,0,1,1,0,3,2,5,3,9
2014.0,96.0,0.0,0.0,3,6,0,0,0,0,0,5,1,1,0,1,5,1,1,21,4,3,0,0,0,1,1,0,6,7,5,8,3
2014.0,5.0,1.0,0.0,2,5,0,0,0,3,1,9,0,1,0,1,5,1,1,1,5,3,1,0,0,1,1,0,4,2,5,3,7
2014.0,-200.0,0.0,0.0,3,6,3,0,0,0,2,5,1,1,0,1,5,1,1,11,5,3,1,0,0,0,0,0,1,9,5,3,2
2014.0,0.0,0.0,0.0,3,10,3,0,0,0,0,5,1,1,0,1,1,1,1,12,5,3,1,0,0,1,1,0,6,2,5,3,9
2014.0,-30.0,0.0,0.0,3,10,3,0,0,0,2,9,1,1,0,1,9,1,1,13,5,3,1,0,0,0,1,0,6,9,5,3,2
2014.0,12.0,0.0,0.0,3,10,3,0,0,0,0,2,1,1,0,1,2,1,1,16,5,3,1,1,0,1,2,0,4,5,5,6,5