Year,Distance,Totalinjuries,Totalfatalities,Injuryseverity,Collisionmanner,Lightcondition,Weather,SurfaceCondition,Unittype_One,Gender_Drv1,Traveldirection_One,AlcoholUse_Drv1,DrugUse_Drv1,Unittype_Two,Gender_Drv2,Traveldirection_Two,AlcoholUse_Drv2,DrugUse_Drv2,Hour,Weekday,Month,Weekend,Rush_Hour,Hazardous_Road,Age_Group_Drv1,Age_Group_Drv2,Substance_Use,Junction_Category,Violation_Category_Drv1,Violation_Category_Drv2,Unitaction_Category_Two,Unitaction_Category_One
2014.0,620.0,1.0,0.0,3,1,3,0,0,0,0,1,1,1,0,0,2,1,1,17,5,3,1,1,0,2,2,0,0,2,5,9,3
2014.0,35.0,1.0,0.0,3,4,0,0,0,0,1,2,1,1,0,1,9,1,1,19,5,3,1,1,0,0,2,0,6,2,7,3,9
2014.0,18.0,0.0,0.0,3,6,0,0,0,0,0,5,1,1,0,1,5,1,1,20,5,3,1,0,0,1,1,0,4,7,5,8,3
2014.0,-10.0,1.0,0.0,2,5,0,0,0,3,1,1,1,1,0,0,2,1,1,23,5,3,1,0,0,2,2,0,4,2,5,3,5
2014.0,-145.0,2.0,0.0,2,6,3,0,0,0,1,1,1,1,0,1,1,1,1,10,6,3,1,0,0,2,0,0,4,0,5,8,3
2014.0,0.0,1.0,0.0,3,1,3,0,0,0,0,1,1,1,0,0,2,1,1,14,6,3,1,0,0,1,1,0,4,9,5,3,3
2014.0,0.0,0.0,0.0,3,6,3,0,0,0,0,9,1,1,0,1,9,1,1,18,6,3,1,1,0,1,1,0,6,7,5,3,3
2014.0,0.0,0.0,0.0,3,4,4,0,0,0,0,1,1,1,0,1,5,1,1,18,6,3,1,1,0,2,0,0,4,7,5,9,3
2014.0,0.0,0.0,0.0,3,4,3,0,0,0,0,2,1,1,0,1,5,1,1,8,0,3,0,1,0,2,2,0,4,2,5,3,9
2014.0,-197.0,1.0,0.0,3,1,3,0,0,0,1,6,1,1,0,0,2,1,1,8,0,3,0,1,0,0,2,0,6,5,5,3,9
2014.0,-117.0,1.0,0.0,3,6,3,0,0,0,0,1,1,1,0,0,1,1,1,8,0,3,0,1,0,1,0,0,6,7,5,8,3
2014.0,200.0,1.0,0.0,3,5,3,0,0,2,1,9,1,1,0,1,2,1,1,11,0,3,0,0,0,2,1,0,6,5,5,6,3
2014.0,0.0,3.0,0.0,3,1,3,0,0,0,1,7,1,1,0,1,1,1,1,12,0,3,0,0,0,2,1,0,4,2,5,3,9
2014.0,0.0,0.0,0.0,3,1,3,0,0,0,0,2,1,1,0,0,1,1,1,12,0,3,0,0,0,1,1,0,2,2,5,3,3
2014.0,-70.0,0.0,0.0,3,6,3,0,0,0,1,9,1,1,0,0,9,1,1,12,0,3,0,0,0,2,2,0,6,7,5,8,3
2014.0,45.0,1.0,0.0,3,7,3,0,0,0,1,5,0,1,0,1,5,1,1,13,0,3,0,0,0,1,1,0,4,5,5,8,3
2014.0,-100.0,0.0,0.0,3,10,3,0,0,0,0,9,1,1,0,0,9,1,1,15,0,3,0,0,0,1,2,0,6,5,5,5,5
2014.0,0.0,0.0,0.0,3,4,3,0,0,0,1,5,1,1,0,1,4,1,1,15,0,3,0,0,0,0,1,0,4,2,5,9,3
2014.0,-652.0,1.0,0.0,3,10,3,0,0,0,2,1,1,1,0,1,1,1,1,15,0,3,0,0,0,0,1,0,6,9,5,3,2
2014.0,-75.0,0.0,0.0,3,1,3,0,0,0,0,1,1,1,0,1,1,1,1,16,0,3,0,1,0,1,2,0,6,9,5,3,2
2014.0,10.0,1.0,0.0,3,1,3,0,0,2,1,1,1,1,0,0,5,1,1,16,0,3,0,1,0,2,1,0,4,5,5,3,7
2014.0,0.0,0.0,0.0,3,1,3,0,0,0,0,2,1,1,0,1,9,1,1,16,0,3,0,1,0,1,1,0,4,0,5,3,9
2014.0,-6.0,0.0,0.0,3,5,3,0,0,2,1,9,1,1,0,1,2,1,1,16,0,3,0,1,0,1,1,0,4,9,5,9,3
2014.0,-75.0,0.0,0.0,3,6,3,0,0,0,2,2,1,1,0,0,2,1,1,17,0,3,0,1,0,0,1,0,4,7,5,8,5
2014.0,0.0,0.0,0.0,3,4,3,0,0,0,1,1,1,1,0,0,9,1,1,18,0,3,0,1,0,2,2,0,4,0,5,3,9
2014.0,1416.0,1.0,0.0,3,6,3,0,0,0,1,9,1,1,0,0,9,1,1,18,0,3,0,1,0,1,2,0,6,7,5,8,3
2014.0,0.0,1.0,0.0,3,1,4,0,0,0,1,9,1,1,0,0,5,1,1,18,0,3,0,1,0,1,1,0,2,2,5,3,9
2014.0,25.0,0.0,0.0,3,6,0,0,0,0,1,9,1,1,0,0,9,1,1,19,0,3,0,1,0,1,1,0,6,7,5,3,3
2014.0,0.0,0.0,0.0,3,4,0,0,0,0,0,6,1,1,0,1,2,1,1,21,0,3,0,0,0,1,1,0,4,5,5,3,9
2014.0,-475.0,0.0,0.0,3,4,0,0,0,0,0,5,1,1,0,1,2,1,1,21,0,3,0,0,0,1,2,0,6,4,5,9,9
2014.0,8.0,0.0,0.0,3,10,0,0,0,0,2,2,0,1,1,1,2,1,1,22,0,3,0,0,0,0,1,0,4,9,5,6,3
2014.0,-4.0,1.0,0.0,2,1,3,0,0,0,1,1,1,1,0,0,1,1,1,22,0,3,0,0,0,2,1,0,4,4,5,9,3
2014.0,50.0,0.0,0.0,3,6,0,0,0,0,2,5,1,1,0,1,5,1,1,22,0,3,0,0,0,0,2,0,4,7,5,8,3
2014.0,0.0,0.0,0.0,3,4,0,0,0,0,1,2,0,1,0,0,5,1,1,23,0,3,0,0,0,2,1,0,4,3,5,9,3
2014.0,10.0,1.0,0.0,3,4,3,0,0,0,1,5,1,1,2,1,2,1,1,9,1,3,0,1,0,1,1,0,4,2,2,3,9
2014.0,-519.0,1.0,0.0,3,1,3,0,0,2,0,5,1,1,0,1,9,1,1,10,1,3,0,0,0,2,2,0,6,0,5,3,7
2014.0,-30.0,0.0,0.0,3,6,3,0,0,0,0,1,1,1,0,1,1,1,1,14,1,3,0,0,0,1,0,0,4,7,5,8,3
2014.0,136.0,0.0,0.0,3,6,3,0,0,0,0,1,1,1,0,1,1,1,1,15,1,3,0,0,0,2,1,0,6,0,5,8,3
2014.0,-226.0,0.0,0.0,3,1,3,0,0,0,1,5,1,1,0,0,9,1,1,16,1,3,0,1,0,2,2,0,0,0,5,3,9
2014.0,10.0,0.0,0.0,3,6,3,0,0,0,1,9,1,1,0,0,9,1,1,16,1,3,0,1,0,1,2,0,4,7,5,3,3
2014.0,-30.0,1.0,0.0,3,6,3,0,0,0,0,2,1,1,0,1,2,1,1,16,1,3,0,1,0,1,1,0,4,7,5,8,3
2014.0,-10.0,0.0,0.0,3,6,3,0,0,0,0,2,1,1,0,0,2,1,1,16,1,3,0,1,0,1,1,0,4,0,5,8,3
2014.0,-230.0,0.0,0.0,3,1,3,0,0,0,0,2,1,1,0,1,2,1,1,17,1,3,0,1,0,1,1,0,0,2,5,3,9
2014.0,180.0,0.0,0.0,3,6,3,0,0,0,0,5,1,1,0,0,5,1,1,17,1,3,0,1,0,1,1,0,6,7,5,8,3
2014.0,25.0,0.0,0.0,3,6,4,0,0,0,1,1,1,1,0,1,1,1,1,18,1,3,0,1,0,1,1,0,4,7,5,8,8
2014.0,86.0,0.0,0.0,3,4,0,0,0,0,1,4,1,1,0,0,1,1,1,18,1,3,0,1,0,1,1,0,6,2,5,3,9
2014.0,70.0,0.0,0.0,3,6,0,0,0,0,0,9,1,1,0,0,9,1,1,19,1,3,0,1,0,1,1,0,4,7,5,9,9
2014.0,-110.0,0.0,0.0,3,6,3,0,0,0,1,5,1,1,0,0,5,1,1,7,2,3,0,1,0,2,2,0,4,7,5,8,3
2014.0,-200.0,3.0,0.0,3,4,3,0,0,0,0,5,1,1,0,0,2,1,1,7,2,3,0,1,0,1,1,0,6,2,5,3,9
2014.0,0.0,0.0,0.0,3,4,3,0,0,0,0,5,1,1,0,1,2,1,1,9,2,3,0,1,0,1,1,0,4,2,5,3,9
2014.0,-238.0,2.0,0.0,3,10,3,0,0,0,1,7,1,1,0,1,9,1,1,12,2,3,0,0,0,0,2,0,6,2,5,3,9
2014.0,-160.0,0.0,0.0,3,1,3,0,0,0,0,5,1,1,0,1,7,1,1,12,2,3,0,0,0,2,2,0,0,2,5,9,3
2014.0,0.0,2.0,0.0,3,4,3,0,0,0,1,4,1,1,0,1,5,1,1,14,2,3,0,0,0,0,2,0,4,2,5,3,9
2014.0,12.0,0.0,0.0,3,3,3,0,0,0,1,9,1,1,0,1,5,1,1,16,2,3,0,1,0,2,1,0,4,4,5,8,9
2014.0,120.0,0.0,0.0,3,6,3,0,0,0,0,5,1,1,0,0,5,1,1,17,2,3,0,1,0,2,1,0,6,7,5,8,3
2014.0,425.0,0.0,0.0,3,4,3,0,0,0,1,9,1,1,0,1,5,1,1,17,2,3,0,1,0,2,1,0,0,2,5,3,9
2014.0,70.0,0.0,0.0,3,6,3,0,0,0,0,1,1,1,0,1,1,1,1,17,2,3,0,1,0,1,1,0,6,7,5,8,3
2014.0,-100.0,2.0,0.0,2,6,3,0,0,0,0,1,1,1,0,0,1,1,1,17,2,3,0,1,0,2,2,0,4,7,5,8,3
2014.0,150.0,0.0,0.0,3,6,3,0,0,0,0,1,1,1,0,1,1,1,1,17,2,3,0,1,0,2,0,0,6,0,5,8,8
2014.0,0.0,0.0,0.0,3,6,3,0,0,0,1,5,1,1,0,1,5,1,1,17,2,3,0,1,0,2,0,0,4,7,5,8,3
2014.0,-396.0,0.0,0.0,3,6,3,0,0,0,1,9,1,1,0,0,9,1,1,17,2,3,0,1,0,2,2,0,0,7,5,9,3
2014.0,-225.0,4.0,0.0,3,6,3,0,0,0,1,5,1,1,0,0,5,1,1,17,2,3,0,1,0,1,2,0,6,7,5,8,3
2014.0,121.0,1.0,0.0,3,1,3,0,0,2,1,5,1,1,0,1,9,1,1,17,2,3,0,1,0,1,1,0,6,1,5,3,3
2014.0,0.0,1.0,0.0,3,4,3,0,0,0,0,2,1,1,0,0,3,1,1,18,2,3,0,1,0,1,1,0,4,2,5,9,3
2014.0,0.0,0.0,0.0,3,4,3,0,0,0,0,1,1,1,0,1,5,1,1,18,2,3,0,1,0,1,2,0,4,2,5,3,9
2014.0,0.0,1.0,0.0,3,1,3,0,0,0,1,9,1,1,0,1,5,1,1,18,2,3,0,1,0,0,1,0,4,2,5,3,3
2014.0,0.0,0.0,0.0,3,4,0,0,0,0,1,9,1,1,0,0,1,1,1,19,2,3,0,1,0,2,2,0,4,2,5,3,9
2014.0,0.0,0.0,0.0,3,4,0,0,0,0,1,7,1,1,0,1,1,1,1,19,2,3,0,1,0,2,2,0,4,2,5,3,9
2014.0,0.0,0.0,0.0,3,4,0,0,0,0,0,5,1,1,0,0,1,1,1,21,2,3,0,0,0,2,2,0,2,2,5,9,3
2014.0,-213.0,0.0,0.0,3,6,3,0,0,0,1,5,1,1,0,1,5,1,1,8,3,3,0,1,0,1,1,0,6,7,5,8,3
2014.0,-210.0,0.0,0.0,3,6,3,0,0,0,0,2,1,1,0,0,2,1,1,8,3,3,0,1,0,2,1,0,4,7,7,3,3
2014.0,0.0,0.0,0.0,3,1,3,0,0,0,0,9,1,1,0,1,5,1,1,9,3,3,0,1,0,0,1,0,2,2,5,3,3
2014.0,85.0,0.0,0.0,3,10,3,0,0,0,1,5,1,1,0,1,5,1,1,10,3,3,0,0,0,1,1,0,6,5,5,8,2
2014.0,0.0,1.0,0.0,3,1,3,0,0,0,1,9,1,1,0,1,5,1,1,12,3,3,0,0,0,1,1,0,4,2,5,9,3
2014.0,-165.0,0.0,0.0,3,6,3,0,0,0,1,1,1,1,0,1,1,1,1,15,3,3,0,0,0,2,1,0,6,7,5,8,3
2014.0,-371.0,2.0,0.0,3,1,3,0,0,0,1,4,1,1,0,0,2,1,1,16,3,3,0,1,0,2,0,0,0,2,5,3,9
2014.0,-690.0,2.0,0.0,3,6,3,0,0,0,0,9,1,1,0,0,9,1,1,16,3,3,0,1,0,2,0,0,6,7,5,9,3
2014.0,90.0,0.0,0.0,3,1,3,0,0,0,1,2,1,1,0,1,1,1,1,16,3,3,0,1,0,2,1,0,4,4,5,3,9
2014.0,0.0,0.0,0.0,3,1,3,0,0,0,1,2,1,1,0,0,1,1,1,16,3,3,0,1,0,2,1,0,4,2,5,3,9
2014.0,-555.0,0.0,0.0,3,6,3,0,0,0,1,1,1,1,0,0,1,1,1,16,3,3,0,1,0,1,1,0,6,7,5,8,3
2014.0,180.0,0.0,0.0,3,1,3,0,0,0,0,9,1,1,0,1,9,1,1,17,3,3,0,1,0,2,1,0,0,4,5,9,2
2014.0,-150.0,0.0,0.0,3,6,3,0,0,0,1,5,1,1,0,1,5,1,1,17,3,3,0,1,0,0,1,0,4,0,5,8,5
2014.0,-200.0,0.0,0.0,3,10,3,0,0,0,1,5,1,1,0,1,5,1,1,17,3,3,0,1,0,2,1,0,6,5,5,9,9
2014.0,0.0,1.0,0.0,3,4,3,0,0,0,1,5,1,1,0,0,2,1,1,17,3,3,0,1,0,0,1,0,4,2,5,3,9
2014.0,748.0,0.0,0.0,3,6,3,0,0,0,1,5,1,1,0,1,5,1,1,17,3,3,0,1,0,0,1,0,6,5,5,8,8
2014.0,-61.0,0.0,0.0,3,6,3,0,0,0,1,1,1,1,0,0,1,1,1,17,3,3,0,1,0,1,1,0,6,7,5,8,8
2014.0,0.0,0.0,0.0,3,1,0,0,0,0,0,1,1,1,0,0,5,1,1,20,3,3,0,0,0,1,2,0,4,0,5,3,9
2014.0,67.0,0.0,0.0,3,6,3,0,0,0,1,9,1,1,0,1,9,1,1,6,4,3,0,0,0,1,1,0,4,7,5,8,8
2014.0,0.0,0.0,0.0,3,4,3,0,0,0,1,5,1,1,0,1,1,1,1,7,4,3,0,1,0,1,1,0,4,5,5,3,9
2014.0,-116.0,1.0,0.0,2,1,3,0,0,0,2,9,1,1,3,1,5,1,1,8,4,3,0,1,0,0,2,0,6,0,5,7,3
2014.0,-30.0,0.0,0.0,3,6,3,0,0,0,0,9,1,1,0,0,9,1,1,12,4,3,0,0,0,1,2,0,6,7,5,8,3
2014.0,304.0,1.0,0.0,2,9,3,0,0,0,1,2,1,1,0,1,5,1,1,13,4,3,0,0,0,1,1,0,0,5,5,9,9
2014.0,-110.0,0.0,0.0,3,6,3,0,0,0,0,2,1,1,0,1,2,1,1,15,4,3,0,0,0,2,1,0,4,7,5,8,3
2014.0,0.0,0.0,0.0,3,1,3,0,0,0,1,1,1,1,0,1,2,1,1,15,4,3,0,0,0,2,2,0,4,2,5,3,3
2014.0,-140.0,0.0,0.0,3,6,3,0,0,0,1,9,1,1,0,0,9,1,1,15,4,3,0,0,0,2,2,0,6,7,5,8,3
2014.0,0.0,2.0,0.0,3,1,3,0,0,0,0,9,1,1,0,0,5,1,1,16,4,3,0,1,0,1,2,0,4,4,5,3,9
2014.0,600.0,0.0,0.0,3,10,3,0,0,0,2,5,1,1,0,1,5,1,1,17,4,3,0,1,0,0,1,0,6,9,5,3,2
2014.0,-200.0,1.0,0.0,2,6,3,0,0,0,1,9,1,1,0,1,9,1,1,17,4,3,0,1,0,2,1,0,6,7,5,8,3
2014.0,102.0,0.0,0.0,3,6,3,0,0,0,1,5,1,1,0,1,5,1,1,17,4,3,0,1,0,1,1,0,6,7,5,8,3
2014.0,300.0,1.0,0.0,2,6,3,0,0,0,1,1,1,1,0,1,1,1,1,17,4,3,0,1,0,1,1,0,6,5,5,8,8
2014.0,0.0,0.0,0.0,3,4,3,0,0,0,0,6,1,1,0,1,9,1,1,18,4,3,0,1,0,2,1,0,0,2,5,3,9
2014.0,0.0,0.0,0.0,3,4,0,0,0,0,1,2,1,1,0,1,1,1,1,22,4,3,0,0,0,2,1,0,2,2,5,9,3
2014.0,108.0,1.0,0.0,2,6,0,0,0,0,1,5,0,1,0,1,5,1,1,2,5,3,1,0,0,2,1,0,6,7,5,8,3
2014.0,-45.0,1.0,0.0,3,6,3,0,0,0,0,2,1,1,0,1,2,1,1,11,5,3,1,0,0,1,1,0,4,7,5,8,3
2014.0,200.0,0.0,0.0,3,9,3,0,0,0,2,1,1,1,0,1,9,1,1,12,5,3,1,0,0,0,0,0,6,9,5,3,5
2014.0,0.0,1.0,0.0,3,1,3,0,0,0,1,8,1,1,0,1,8,1,1,13,5,3,1,0,0,0,1,0,4,2,5,3,3
2014.0,-100.0,0.0,0.0,3,10,3,0,0,0,0,1,1,1,0,0,1,1,1,15,5,3,1,0,0,2,0,0,6,9,9,2,2
2014.0,218.0,1.0,0.0,2,6,3,0,0,0,1,2,1,1,0,0,2,1,1,16,5,3,1,1,0,0,0,0,6,7,5,8,3
2014.0,10.0,0.0,0.0,3,1,0,0,0,0,1,2,1,1,2,1,1,1,1,19,5,3,1,1,0,0,1,0,4,2,5,3,9
2014.0,0.0,0.0,0.0,3,3,0,0,0,0,0,9,1,1,0,0,5,1,1,22,5,3,1,0,0,1,1,0,6,4,5,3,9
2014.0,30.0,0.0,0.0,3,1,3,0,0,0,2,4,1,1,0,1,5,1,1,8,6,3,1,1,0,0,2,0,4,5,5,8,9
2014.0,-121.0,2.0,0.0,2,5,3,0,0,0,1,2,1,1,0,1,2,1,1,10,6,3,1,0,0,2,1,0,6,7,5,8,3
2014.0,0.0,1.0,0.0,3,6,3,0,0,0,1,1,1,1,0,0,1,1,1,13,6,3,1,0,0,2,1,0,4,7,5,8,3
2014.0,0.0,0.0,0.0,3,1,3,0,0,0,0,1,1,1,0,1,5,1,1,14,6,3,1,0,0,1,1,0,4,2,5,9,3
2014.0,-400.0,0.0,0.0,3,6,3,0,0,0,1,9,1,1,0,1,9,1,1,16,6,3,1,1,0,2,2,0,6,7,5,8,3
2014.0,-50.0,0.0,0.0,3,6,4,0,0,0,1,1,1,1,0,1,1,1,1,18,6,3,1,1,0,1,1,0,4,7,5,8,3
2014.0,130.0,0.0,0.0,3,6,3,0,0,0,1,5,1,1,0,0,5,1,1,11,0,3,0,0,0,2,2,0,6,7,5,8,3
2014.0,-80.0,0.0,0.0,3,6,3,0,0,0,1,2,1,1,0,1,2,1,1,12,0,3,0,0,0,1,1,0,6,0,5,8,3
2014.0,47.0,3.0,0.0,3,6,3,0,0,0,1,5,1,1,0,0,5,1,1,12,0,3,0,0,0,0,1,0,4,7,5,8,3
2014.0,100.0,0.0,0.0,3,1,3,0,0,0,1,9,1,1,0,1,2,1,1,12,0,3,0,0,0,2,2,0,0,2,5,3,5
2014.0,-30.0,0.0,0.0,3,6,3,0,0,0,1,1,1,1,0,1,1,1,1,12,0,3,0,0,0,2,1,0,4,7,5,3,2
2014.0,515.0,0.0,0.0,3,4,3,0,0,0,1,3,1,1,0,1,9,1,1,12,0,3,0,0,0,1,1,0,6,4,5,9,3
2014.0,-380.0,0.0,0.0,3,4,3,0,0,0,0,9,1,1,0,0,1,1,1,16,0,3,0,1,0,1,1,0,6,2,5,3,9
2014.0,0.0,0.0,0.0,3,1,3,0,0,0,0,9,1,1,0,1,9,1,1,16,0,3,0,1,0,2,2,0,4,0,5,3,9
2014.0,-390.0,1.0,0.0,2,4,3,0,0,0,1,9,1,1,0,1,1,1,1,16,0,3,0,1,0,1,1,0,6,4,5,3,9
2014.0,0.0,1.0,0.0,3,1,3,0,0,2,2,2,1,1,0,0,9,1,1,17,0,3,0,1,0,0,1,0,4,2,5,8,3
2014.0,0.0,1.0,0.0,2,1,3,0,0,0,1,1,1,1,2,1,1,1,1,18,0,3,0,1,0,1,1,0,4,2,5,3,9
2014.0,-200.0,0.0,0.0,3,4,4,0,0,0,2,9,1,1,0,1,9,1,1,18,0,3,0,1,0,0,2,0,6,7,5,8,9
2014.0,-60.0,1.0,0.0,2,6,0,0,0,0,0,2,1,1,0,0,2,1,1,19,0,3,0,1,0,2,1,0,4,7,5,8,3
2014.0,-10.0,1.0,0.0,3,5,3,0,0,0,1,2,1,1,2,1,9,1,1,8,1,3,0,1,0,2,2,0,4,5,2,3,9
2014.0,150.0,0.0,0.0,3,10,3,0,0,0,1,2,1,1,0,1,2,1,1,9,1,3,0,1,0,0,0,0,6,9,5,3,2
2014.0,75.0,0.0,0.0,3,6,3,0,0,0,2,5,1,1,0,0,5,1,1,10,1,3,0,0,0,0,1,0,4,7,5,8,5
2014.0,-10.0,0.0,0.0,3,1,3,0,0,0,0,1,1,1,0,1,5,1,1,10,1,3,0,0,0,0,1,0,4,2,5,3,9
2014.0,80.0,0.0,0.0,3,5,3,0,0,0,1,5,1,1,0,1,5,1,1,11,1,3,0,0,0,1,1,0,6,5,5,8,1
2014.0,100.0,0.0,0.0,3,6,3,0,0,0,1,5,1,1,0,1,5,1,1,13,1,3,0,0,0,1,1,0,4,7,5,8,3
2014.0,210.0,0.0,0.0,3,1,3,0,0,0,1,1,1,1,0,0,5,1,1,15,1,3,0,0,0,1,1,0,6,0,5,3,9
2014.0,80.0,0.0,0.0,3,10,3,0,0,0,0,9,1,1,0,1,9,1,1,15,1,3,0,0,0,1,1,0,6,9,5,3,2
2014.0,115.0,1.0,0.0,2,6,3,0,0,0,1,9,1,1,0,0,9,1,1,16,1,3,0,1,0,1,1,0,6,7,5,8,3
2014.0,0.0,5.0,0.0,2,4,3,1,0,0,0,1,1,1,0,0,9,1,1,16,1,3,0,1,0,1,1,0,4,2,5,9,3
2014.0,300.0,0.0,0.0,3,4,3,1,0,0,0,5,1,1,0,0,2,1,1,17,1,3,0,1,0,2,1,0,6,2,5,3,9
2014.0,38.0,0.0,0.0,3,6,3,0,0,0,0,5,1,1,0,1,5,1,1,17,1,3,0,1,0,1,1,0,4,7,5,8,3
2014.0,28.0,0.0,0.0,3,6,3,4,0,0,0,5,1,1,0,1,5,1,1,17,1,3,0,1,0,1,1,0,4,7,5,8,3
2014.0,0.0,2.0,0.0,2,1,3,0,0,0,0,5,1,1,0,0,9,1,1,18,1,3,0,1,0,1,1,0,4,2,5,3,3
2014.0,-35.0,0.0,0.0,3,6,0,0,0,0,1,1,1,1,0,1,1,1,1,19,1,3,0,1,0,1,1,0,4,8,5,3,3
2014.0,-58.0,0.0,0.0,3,3,1,0,0,0,0,9,1,1,0,1,5,1,1,20,1,3,0,0,0,2,1,0,2,4,5,8,9
2014.0,350.0,0.0,0.0,3,1,0,0,0,0,0,1,0,1,0,0,5,1,1,23,1,3,0,0,0,1,2,0,0,2,5,3,3
2014.0,95.0,1.0,0.0,3,6,3,0,0,0,2,9,1,1,0,0,9,1,1,10,2,3,0,0,0,0,0,0,6,7,5,8,3
2014.0,0.0,0.0,0.0,3,8,3,0,0,0,0,6,1,1,0,1,4,1,1,13,2,3,0,0,0,1,2,0,4,2,5,1,9
2014.0,0.0,0.0,0.0,3,4,3,0,0,0,1,2,1,1,0,1,5,1,1,13,2,3,0,0,0,1,1,0,2,2,5,3,9
2014.0,501.0,0.0,0.0,3,1,3,0,0,0,0,2,1,1,0,1,1,1,1,13,2,3,0,0,0,1,1,0,0,2,5,3,3
2014.0,0.0,1.0,0.0,2,4,3,0,0,0,0,9,1,1,0,1,5,1,1,13,2,3,0,0,0,1,1,0,4,2,5,3,9
2014.0,35.0,0.0,0.0,3,6,3,0,0,0,0,9,1,1,0,0,9,1,1,13,2,3,0,0,0,1,0,0,4,7,5,8,3
2014.0,652.0,0.0,0.0,3,6,3,0,0,0,0,5,1,1,0,1,5,1,1,14,2,3,0,0,0,1,2,0,6,7,5,8,3
2014.0,-300.0,0.0,0.0,3,4,3,0,0,0,0,7,1,1,0,1,9,1,1,14,2,3,0,0,0,1,0,0,6,4,5,3,9
2014.0,-395.0,1.0,0.0,2,1,3,0,0,0,1,6,1,1,2,1,1,1,1,15,2,3,0,0,0,1,2,0,6,2,5,3,9
2014.0,0.0,1.0,0.0,3,6,3,0,0,0,0,2,1,1,0,1,2,1,1,16,2,3,0,1,0,1,2,0,4,7,5,8,3
2014.0,-34.0,0.0,0.0,3,6,3,0,0,0,0,1,1,1,0,1,1,1,1,16,2,3,0,1,0,2,1,0,4,7,5,3,3
2014.0,-80.0,0.0,0.0,3,6,3,0,0,0,1,9,1,1,0,1,9,1,1,16,2,3,0,1,0,1,1,0,6,7,5,8,3
2014.0,-280.0,0.0,0.0,3,1,3,0,0,0,1,2,1,1,0,1,3,1,1,17,2,3,0,1,0,1,1,0,6,5,5,9,9
2014.0,-75.0,2.0,0.0,3,6,3,0,0,0,1,5,1,1,0,0,5,1,1,17,2,3,0,1,0,1,1,0,6,7,5,8,3
2014.0,-97.0,1.0,0.0,3,6,3,0,0,0,0,5,1,1,0,0,5,1,1,18,2,3,0,1,0,1,1,0,6,7,5,8,3
2014.0,0.0,4.0,0.0,3,4,0,0,0,0,0,5,1,1,0,0,2,1,1,20,2,3,0,0,0,1,1,0,4,4,5,3,9
2014.0,150.0,0.0,0.0,3,6,0,0,0,0,2,1,1,1,0,1,1,1,1,1,3,3,0,0,0,0,1,0,6,7,5,3,3
2014.0,-360.0,0.0,0.0,3,6,3,0,0,0,0,2,1,1,0,1,2,1,1,8,3,3,0,1,0,2,2,0,6,7,5,8,3
2014.0,54.0,0.0,0.0,3,6,3,0,0,0,0,5,1,1,0,1,5,1,1,11,3,3,0,0,0,2,0,0,4,7,5,8,3
2014.0,0.0,0.0,0.0,3,4,3,0,0,0,1,5,1,1,0,0,1,1,1,12,3,3,0,0,0,1,1,0,4,0,5,3,9
2014.0,-330.0,0.0,0.0,3,6,3,0,0,0,1,5,1,1,0,1,5,1,1,14,3,3,0,0,0,2,1,0,6,7,5,8,3
2014.0,190.0,0.0,0.0,3,1,3,0,0,0,1,9,1,1,0,1,9,1,1,14,3,3,0,0,0,2,1,0,6,9,5,3,2
2014.0,330.0,0.0,0.0,3,1,3,0,0,0,1,1,1,1,0,1,1,1,1,15,3,3,0,0,0,2,2,0,0,2,5,3,9
2014.0,180.0,0.0,0.0,3,1,3,0,0,0,0,5,1,1,0,1,9,1,1,17,3,3,0,1,0,1,1,0,0,2,5,3,3
2014.0,240.0,1.0,0.0,3,4,3,4,0,0,0,2,1,1,0,0,5,1,1,17,3,3,0,1,0,2,0,0,0,2,5,3,9
2014.0,-580.0,1.0,0.0,3,6,3,0,0,0,1,1,1,1,0,1,1,1,1,17,3,3,0,1,0,1,1,0,6,7,5,8,3
2014.0,32.0,1.0,0.0,3,6,0,0,0,0,0,5,1,1,0,0,5,1,1,19,3,3,0,1,0,1,1,0,4,7,5,8,3
2014.0,-30.0,0.0,0.0,3,6,0,0,0,0,1,1,1,1,0,0,1,1,1,19,3,3,0,1,0,1,1,0,4,7,5,8,8
2014.0,-164.0,1.0,0.0,3,9,0,0,0,0,0,1,1,1,1,1,9,1,1,20,3,3,0,0,0,1,1,0,6,7,5,6,3
2014.0,-46.0,1.0,0.0,3,6,0,0,0,0,0,2,1,1,0,1,2,1,1,20,3,3,0,0,0,1,1,0,4,7,5,8,3
2014.0,-10.0,1.0,0.0,3,1,0,0,0,2,0,1,1,1,0,1,2,1,1,5,4,3,0,0,0,1,2,0,4,5,5,3,3
2014.0,0.0,0.0,0.0,3,4,3,0,0,0,1,9,1,1,0,1,1,1,1,10,4,3,0,0,0,0,1,0,2,2,5,9,3
2014.0,80.0,2.0,0.0,2,6,3,0,0,0,1,2,1,1,0,1,2,1,1,10,4,3,0,0,0,1,1,0,6,7,5,8,3
2014.0,0.0,0.0,0.0,3,1,3,0,0,0,1,9,1,1,0,1,5,1,1,12,4,3,0,0,0,1,0,0,4,2,5,3,3
2014.0,100.0,0.0,0.0,3,6,3,0,0,0,1,5,1,1,0,0,5,1,1,12,4,3,0,0,0,1,0,0,2,7,5,3,8
2014.0,-1060.0,1.0,0.0,3,6,3,0,0,0,1,2,1,1,0,0,2,1,1,14,4,3,0,0,0,2,1,0,6,7,5,8,3