Year,Distance,Totalinjuries,Totalfatalities,Injuryseverity,Collisionmanner,Lightcondition,Weather,SurfaceCondition,Unittype_One,Gender_Drv1,Traveldirection_One,AlcoholUse_Drv1,DrugUse_Drv1,Unittype_Two,Gender_Drv2,Traveldirection_Two,AlcoholUse_Drv2,DrugUse_Drv2,Hour,Weekday,Month,Weekend,Rush_Hour,Hazardous_Road,Age_Group_Drv1,Age_Group_Drv2,Substance_Use,Junction_Category,Violation_Category_Drv1,Violation_Category_Drv2,Unitaction_Category_Two,Unitaction_Category_One
2014.0,188.0,0.0,0.0,3,6,3,0,0,0,0,5,1,1,0,1,5,1,1,16,4,3,0,1,0,2,0,0,2,7,5,8,3
2014.0,-100.0,0.0,0.0,3,6,3,0,0,0,1,2,1,1,0,1,2,1,1,16,4,3,0,1,0,2,2,0,4,7,5,8,3
2014.0,10.0,1.0,0.0,3,6,3,0,0,0,1,5,1,1,0,0,5,1,1,18,4,3,0,1,0,2,1,0,4,7,5,8,3
2014.0,0.0,2.0,0.0,3,4,0,0,0,0,0,1,1,1,0,0,9,1,1,19,4,3,0,1,0,1,0,0,2,2,5,9,3
2014.0,149.0,0.0,0.0,3,6,0,0,0,0,2,9,1,1,0,1,9,1,1,22,4,3,0,0,0,0,2,0,6,7,5,8,3
2014.0,83.0,1.0,0.0,3,6,0,0,0,0,1,9,0,0,0,1,9,1,1,2,5,3,1,0,0,1,1,0,4,7,5,8,3
2014.0,-313.0,0.0,0.0,3,4,3,0,0,0,1,9,1,1,0,1,2,1,1,10,5,3,1,0,0,1,1,0,6,4,5,8,9
2014.0,0.0,0.0,0.0,3,1,3,0,0,0,1,5,1,1,0,1,9,1,1,15,5,3,1,0,0,1,1,0,4,7,5,3,9
2014.0,42.0,2.0,0.0,2,6,0,0,0,0,0,9,0,1,0,0,9,1,1,19,5,3,1,1,0,1,1,0,4,7,5,8,3
2014.0,0.0,0.0,0.0,3,4,0,0,0,0,1,1,1,1,0,0,9,1,1,21,5,3,1,0,0,2,2,0,4,2,5,9,9
2014.0,-300.0,7.0,0.0,2,6,0,0,0,0,1,2,0,1,0,1,2,1,1,21,5,3,1,0,0,2,1,0,4,7,5,8,3
2014.0,-10.0,0.0,0.0,3,6,0,0,0,0,1,2,1,1,0,0,2,1,1,22,5,3,1,0,0,2,1,0,4,7,5,8,3
2014.0,0.5,1.0,0.0,1,5,3,0,0,2,1,9,1,1,0,0,2,1,1,10,6,3,1,0,0,2,0,0,1,5,5,3,3
2014.0,0.0,0.0,0.0,3,4,0,0,0,0,2,1,1,1,0,1,5,1,1,19,6,3,1,1,0,0,2,0,4,2,5,9,3
2014.0,20.0,1.0,0.0,3,1,0,0,0,0,1,5,1,1,0,1,7,1,1,22,6,3,1,0,0,2,2,0,4,4,5,3,9
2014.0,-42.0,0.0,0.0,3,10,3,0,0,0,1,1,1,1,0,1,1,1,1,7,0,3,0,1,0,2,1,0,4,0,5,9,9
2014.0,635.0,0.0,0.0,3,6,3,0,0,0,0,9,1,1,0,1,9,1,1,7,0,3,0,1,0,1,1,0,6,7,5,3,3
2014.0,-24.0,0.0,0.0,3,6,3,0,0,0,1,2,1,1,0,1,2,1,1,8,0,3,0,1,0,1,2,0,4,7,5,8,3
2014.0,0.0,1.0,0.0,2,4,3,0,0,0,0,6,1,1,0,0,2,1,1,12,0,3,0,0,0,1,2,0,4,2,5,3,9
2014.0,8.0,1.0,0.0,3,6,3,0,0,0,1,9,1,1,0,1,9,1,1,15,0,3,0,0,0,2,1,0,4,7,5,8,3
2014.0,1068.0,0.0,0.0,3,6,3,0,0,0,1,1,1,1,0,1,1,1,1,15,0,3,0,0,0,2,1,0,6,7,5,9,8
2014.0,-154.0,0.0,0.0,3,6,3,0,0,0,1,1,1,1,0,1,1,1,1,15,0,3,0,0,0,1,1,0,4,7,5,8,3
2014.0,30.0,1.0,0.0,3,6,3,0,0,0,1,5,1,1,0,1,5,1,1,16,0,3,0,1,0,2,2,0,4,7,5,9,8
2014.0,275.0,0.0,0.0,3,6,3,0,0,0,0,1,1,1,1,1,1,1,1,17,0,3,0,1,0,1,1,0,6,5,5,8,0
2014.0,-10.0,1.0,0.0,2,1,3,0,0,2,1,2,1,1,0,0,1,1,1,17,0,3,0,1,0,2,2,0,4,5,5,9,3
2014.0,0.0,0.0,0.0,3,1,3,0,0,0,1,9,1,1,0,1,5,1,1,17,0,3,0,1,0,2,1,0,4,2,5,3,3
2014.0,0.0,3.0,0.0,2,4,0,0,0,0,0,4,1,1,0,0,5,1,1,20,0,3,0,0,0,1,1,0,4,4,5,3,9
2014.0,1000.0,1.0,0.0,3,1,3,0,0,2,1,1,1,1,0,1,5,1,1,7,1,4,0,1,0,1,1,0,6,5,5,5,3
2014.0,-25.0,0.0,0.0,3,6,3,0,0,0,1,2,1,1,0,0,2,1,1,7,1,4,0,1,0,1,2,0,2,7,5,8,3
2014.0,-645.0,0.0,0.0,3,10,3,0,0,0,1,1,1,1,0,1,1,1,1,7,1,4,0,1,0,2,1,0,6,9,5,8,2
2014.0,300.0,0.0,0.0,3,6,3,0,0,0,0,2,1,1,0,1,5,1,1,7,1,4,0,1,0,1,1,0,6,5,5,6,1
2014.0,-336.0,0.0,0.0,3,6,3,0,0,0,1,2,1,1,0,1,2,1,1,8,1,4,0,1,0,2,1,0,6,7,5,8,3
2014.0,-660.0,0.0,0.0,3,6,3,0,0,0,1,2,1,1,0,0,2,1,1,8,1,4,0,1,0,1,1,0,6,7,5,8,3
2014.0,-40.0,0.0,0.0,3,6,3,0,0,0,0,1,1,1,0,1,1,1,1,8,1,4,0,1,0,1,1,0,4,7,5,8,3
2014.0,-615.0,1.0,0.0,3,6,3,0,0,0,1,4,1,1,0,0,9,1,1,9,1,4,0,1,0,1,2,0,6,7,5,8,3
2014.0,-100.0,0.0,0.0,3,6,3,0,0,0,1,1,1,1,0,1,1,1,1,10,1,4,0,0,0,1,1,0,4,7,5,8,3
2014.0,-380.0,1.0,0.0,3,6,3,0,0,0,0,9,1,1,0,0,9,1,1,10,1,4,0,0,0,2,1,0,0,7,5,8,8
2014.0,-32.0,0.0,0.0,3,6,3,0,0,0,1,2,1,1,0,1,2,1,1,12,1,4,0,0,0,1,1,0,4,7,5,8,3
2014.0,334.0,0.0,0.0,3,1,3,0,0,0,1,1,1,1,0,1,5,1,1,13,1,4,0,0,0,0,2,0,0,2,5,3,9
2014.0,0.0,0.0,0.0,3,4,3,0,0,0,0,9,1,1,0,0,1,1,1,13,1,4,0,0,0,1,1,0,4,4,5,3,9
2014.0,138.0,0.0,0.0,3,1,3,0,0,0,0,1,1,1,0,0,2,1,1,13,1,4,0,0,0,1,0,0,0,2,5,3,7
2014.0,430.0,0.0,0.0,3,4,3,0,0,0,1,6,1,1,0,1,9,1,1,13,1,4,0,0,0,1,1,0,6,2,5,8,9
2014.0,70.0,0.0,0.0,3,6,3,0,0,0,0,9,1,1,0,0,9,1,1,14,1,4,0,0,0,2,2,0,4,7,5,8,3
2014.0,-76.0,0.0,0.0,3,4,3,0,0,0,1,2,1,1,0,0,9,1,1,16,1,4,0,1,0,1,2,0,0,2,5,3,9
2014.0,-550.0,1.0,0.0,2,6,4,0,0,0,0,9,1,1,2,0,9,1,1,18,1,4,0,1,0,2,2,0,6,5,5,8,3
2014.0,0.0,3.0,0.0,2,4,0,0,0,0,1,1,1,1,0,1,9,1,1,20,1,4,0,0,0,2,2,0,4,5,5,3,9
2014.0,-100.0,0.0,0.0,3,10,0,0,0,0,1,5,1,1,0,1,5,1,1,22,1,4,0,0,0,2,2,0,6,5,5,3,3
2014.0,150.0,0.0,0.0,3,5,2,0,0,0,0,2,1,1,1,1,2,1,1,6,2,4,0,0,0,1,1,0,0,0,5,6,1
2014.0,6.0,1.0,0.0,2,1,3,0,0,2,1,5,1,1,0,0,9,1,1,6,2,4,0,0,0,2,0,0,4,2,5,9,3
2014.0,0.0,1.0,0.0,3,1,3,0,0,0,1,9,1,1,0,1,1,1,1,7,2,4,0,1,0,2,1,0,4,0,5,3,9
2014.0,207.0,0.0,0.0,3,10,3,0,0,0,0,9,1,1,0,0,9,1,1,7,2,4,0,1,0,1,1,0,6,9,5,3,0
2014.0,-150.0,0.0,0.0,3,10,3,0,0,0,0,1,1,1,0,0,1,1,1,8,2,4,0,1,0,2,2,0,6,9,5,3,2
2014.0,60.0,0.0,0.0,3,10,3,0,0,0,0,5,1,1,0,0,5,1,1,9,2,4,0,1,0,0,1,0,6,9,5,3,2
2014.0,110.0,0.0,0.0,3,6,3,0,0,0,0,5,1,1,0,0,5,1,1,10,2,4,0,0,0,2,2,0,4,7,5,8,3
2014.0,-78.0,1.0,0.0,2,10,3,0,0,0,1,5,1,1,0,0,5,1,1,11,2,4,0,0,0,1,1,0,4,4,5,3,9
2014.0,0.0,0.0,0.0,3,4,3,0,0,0,0,1,1,1,0,0,9,1,1,12,2,4,0,0,0,0,1,0,4,4,5,3,9
2014.0,-105.0,0.0,0.0,3,6,3,0,0,0,1,2,1,1,0,1,2,1,1,13,2,4,0,0,0,1,1,0,4,7,5,8,3
2014.0,426.0,0.0,0.0,3,6,3,1,0,0,1,9,1,1,0,1,9,1,1,14,2,4,0,0,0,2,2,0,0,7,5,8,8
2014.0,0.0,0.0,0.0,3,1,3,1,0,0,1,2,1,1,0,0,1,1,1,15,2,4,0,0,0,1,1,0,4,2,5,3,9
2014.0,-202.0,0.0,0.0,3,6,3,1,0,0,2,5,1,1,1,1,5,1,1,15,2,4,0,0,0,0,1,0,6,7,5,6,6
2014.0,100.0,0.0,0.0,3,6,3,1,0,0,0,5,1,1,1,1,5,1,1,16,2,4,0,1,0,1,1,0,6,0,5,6,3
2014.0,604.0,1.0,0.0,2,6,3,1,0,0,0,5,0,1,0,0,5,1,1,17,2,4,0,1,0,2,1,0,4,7,5,8,3
2014.0,46.0,1.0,0.0,3,4,3,1,4,0,1,4,1,1,0,1,1,1,1,17,2,4,0,1,1,2,2,0,0,2,5,3,9
2014.0,236.0,0.0,0.0,3,6,0,0,0,0,1,9,1,1,0,0,9,1,1,20,2,4,0,0,0,1,2,0,6,8,5,8,3
2014.0,0.0,1.0,0.0,3,4,0,0,0,0,0,4,1,1,0,0,9,1,1,20,2,4,0,0,0,0,1,0,4,2,5,3,9
2014.0,-1759.0,0.0,0.0,3,10,3,0,0,0,1,5,1,1,0,0,5,1,1,7,3,4,0,1,0,1,2,0,6,9,5,3,9
2014.0,0.0,0.0,0.0,3,4,3,0,0,0,0,6,1,1,0,1,9,1,1,7,3,4,0,1,0,2,1,0,4,2,5,3,9
2014.0,-45.0,2.0,0.0,1,6,3,0,0,0,1,1,1,1,0,1,1,1,1,10,3,4,0,0,0,1,0,0,4,7,5,3,3
2014.0,300.0,0.0,0.0,3,4,3,0,0,0,0,9,1,1,0,1,2,1,1,11,3,4,0,0,0,1,2,0,6,4,5,3,9
2014.0,0.0,2.0,0.0,3,4,3,0,0,0,1,6,1,1,0,0,2,1,1,13,3,4,0,0,0,0,1,0,4,2,5,3,9
2014.0,0.0,0.0,0.0,3,4,3,0,0,0,1,3,1,1,0,1,9,1,1,14,3,4,0,0,0,0,0,0,2,4,5,3,8
2014.0,0.0,1.0,0.0,3,4,3,0,0,0,1,2,1,1,0,0,5,1,1,16,3,4,0,1,0,1,2,0,4,2,5,3,9
2014.0,-349.0,0.0,0.0,3,6,3,0,0,0,1,1,1,1,0,1,1,1,1,17,3,4,0,1,0,2,1,0,6,7,5,8,3
2014.0,-341.0,1.0,0.0,3,1,3,0,0,0,0,4,1,1,0,0,5,1,1,5,4,4,0,0,0,1,1,0,6,5,5,3,9
2014.0,-75.0,1.0,0.0,3,4,4,0,0,0,0,7,1,1,0,0,1,1,1,5,4,4,0,0,0,1,1,0,6,2,5,3,9
2014.0,119.0,2.0,0.0,2,1,3,0,0,0,0,9,1,1,0,0,1,1,1,8,4,4,0,1,0,1,1,0,4,7,5,3,0
2014.0,78.0,2.0,0.0,2,10,3,0,0,0,2,5,1,1,0,0,5,1,1,9,4,4,0,1,0,0,1,0,4,7,5,8,3
2014.0,55.0,0.0,0.0,3,10,3,0,0,0,0,2,1,1,0,1,2,1,1,11,4,4,0,0,0,2,1,0,2,9,5,3,2
2014.0,60.0,0.0,0.0,3,10,3,0,0,0,1,1,1,1,0,0,1,1,1,12,4,4,0,0,0,1,1,0,6,9,5,3,2
2014.0,0.0,0.0,0.0,3,1,3,0,0,0,0,1,1,1,0,1,2,1,1,12,4,4,0,0,0,1,1,0,4,2,5,8,3
2014.0,-100.0,0.0,0.0,3,1,3,0,0,0,2,5,1,1,0,1,5,1,1,13,4,4,0,0,0,0,2,0,4,4,5,9,9
2014.0,98.0,0.0,0.0,3,6,3,0,0,0,0,5,1,1,0,0,5,1,1,15,4,4,0,0,0,0,0,0,4,7,5,8,3
2014.0,0.0,0.0,0.0,3,10,3,0,0,0,1,9,1,1,0,1,9,1,1,15,4,4,0,0,0,2,1,0,4,9,5,9,9
2014.0,63.0,2.0,0.0,3,6,3,0,0,0,1,9,1,1,0,1,9,1,1,15,4,4,0,0,0,1,1,0,4,7,5,8,3
2014.0,0.0,0.0,0.0,3,4,3,0,0,0,1,2,1,1,0,0,9,1,1,16,4,4,0,1,0,2,1,0,4,2,5,3,9
2014.0,-450.0,0.0,0.0,3,10,3,0,0,0,1,1,1,1,0,1,1,1,1,17,4,4,0,1,0,1,1,0,6,9,5,3,2
2014.0,-110.0,0.0,0.0,3,6,3,0,0,0,1,2,1,1,0,1,2,1,1,17,4,4,0,1,0,0,1,0,4,7,5,8,3
2014.0,-38.0,0.0,0.0,3,10,3,0,0,0,1,1,1,1,0,1,1,1,1,17,4,4,0,1,0,1,1,0,4,5,5,5,5
2014.0,-200.0,0.0,0.0,3,4,4,0,0,0,1,5,1,1,0,1,1,1,1,18,4,4,0,1,0,1,1,0,0,2,5,3,9
2014.0,-65.0,0.0,0.0,3,6,0,0,0,0,0,2,1,1,0,1,2,1,1,19,4,4,0,1,0,1,0,0,4,8,5,3,3
2014.0,0.0,0.0,0.0,3,10,3,0,0,0,1,7,1,1,0,0,5,1,1,10,5,4,1,0,0,0,2,0,4,2,5,3,9
2014.0,0.0,0.0,0.0,3,10,3,0,0,0,1,5,1,1,0,1,5,1,1,12,5,4,1,0,0,2,1,0,4,4,5,9,9
2014.0,10.0,1.0,0.0,2,1,3,0,0,2,0,5,1,1,0,0,9,1,1,13,5,4,1,0,0,1,2,0,4,5,5,9,5
2014.0,150.0,0.0,0.0,3,10,3,0,0,0,1,5,1,1,0,1,5,1,1,13,5,4,1,0,0,1,1,0,6,9,5,3,3
2014.0,-25.0,1.0,0.0,3,4,3,0,0,0,1,9,1,1,0,0,9,1,1,14,5,4,1,0,0,1,1,0,4,2,5,3,9
2014.0,160.0,0.0,0.0,3,1,3,0,0,0,1,1,1,1,0,0,1,1,1,14,5,4,1,0,0,2,0,0,6,9,5,3,2
2014.0,30.0,0.0,0.0,3,6,3,0,0,0,0,5,1,1,0,1,5,1,1,16,5,4,1,1,0,0,1,0,2,7,5,8,8
2014.0,-7.0,0.0,0.0,3,10,3,0,0,0,1,7,1,1,0,1,7,1,1,16,5,4,1,1,0,1,1,0,2,4,5,9,9
2014.0,0.0,0.0,0.0,3,1,3,0,0,0,0,9,1,1,0,0,9,1,1,17,5,4,1,1,0,1,1,0,4,0,5,3,9
2014.0,100.0,0.0,0.0,3,6,3,0,0,0,2,1,1,1,0,1,1,1,1,17,5,4,1,1,0,0,1,0,9,7,5,8,5
2014.0,-20.0,1.0,0.0,3,6,0,0,0,0,1,1,1,1,0,1,1,1,1,21,5,4,1,0,0,2,1,0,4,0,5,3,3
2014.0,0.0,0.0,0.0,3,6,0,0,0,0,0,2,1,1,0,1,2,1,1,22,5,4,1,0,0,2,0,0,4,8,5,8,3
2014.0,-300.0,0.0,0.0,3,3,0,0,0,0,2,1,1,1,1,1,8,1,1,2,6,4,1,0,0,0,1,0,6,5,5,6,7
2014.0,-150.0,0.0,0.0,3,3,0,0,0,0,0,2,1,1,1,1,5,1,1,3,6,4,1,0,0,2,1,0,6,7,5,6,3
2014.0,0.0,0.0,0.0,3,4,3,0,0,0,1,2,1,1,0,1,9,1,1,9,6,4,1,1,0,1,0,0,4,4,5,3,9
2014.0,0.0,0.0,0.0,3,6,3,0,0,0,1,2,1,1,0,1,2,1,1,10,6,4,1,0,0,2,1,0,4,7,5,8,9
2014.0,-30.0,0.0,0.0,3,6,3,0,0,0,0,1,1,1,0,1,1,1,1,14,6,4,1,0,0,2,1,0,2,7,5,8,8
2014.0,0.0,0.0,0.0,3,4,3,0,0,0,1,5,1,1,0,0,6,1,1,14,6,4,1,0,0,0,1,0,4,4,5,9,3
2014.0,-90.0,0.0,0.0,3,6,3,0,0,0,0,2,1,1,0,1,2,1,1,16,6,4,1,1,0,2,0,0,2,7,5,8,3
2014.0,20.0,2.0,0.0,3,6,3,0,0,0,1,6,1,1,0,1,6,1,1,17,6,4,1,1,0,1,1,0,4,7,5,8,9
2014.0,-380.0,0.0,0.0,3,6,4,0,0,0,1,2,1,1,0,0,2,1,1,19,6,4,1,1,0,2,2,0,6,7,7,3,3
2014.0,-0.19,0.0,0.0,3,6,0,0,0,0,1,9,1,1,0,1,9,1,1,3,0,4,0,0,0,1,1,0,6,7,5,3,3
2014.0,40.0,0.0,0.0,3,6,3,0,0,0,1,9,1,1,0,1,9,1,1,7,0,4,0,1,0,2,1,0,4,7,5,8,3
2014.0,-60.0,0.0,0.0,3,6,3,0,0,0,1,1,1,1,0,0,1,1,1,8,0,4,0,1,0,2,1,0,4,7,5,8,3
2014.0,-55.0,0.0,0.0,3,6,3,0,0,0,0,1,1,1,0,1,1,1,1,8,0,4,0,1,0,1,1,0,4,7,5,8,3
2014.0,0.0,0.0,0.0,3,1,3,0,0,0,0,1,1,1,0,1,7,1,1,9,0,4,0,1,0,1,1,0,4,2,5,9,3
2014.0,270.0,1.0,0.0,3,1,3,0,0,2,1,1,1,1,0,0,5,1,1,12,0,4,0,0,0,2,2,0,6,9,5,9,3
2014.0,-26.0,0.0,0.0,3,6,3,0,0,0,1,1,1,1,0,1,1,1,1,12,0,4,0,0,0,1,1,0,4,8,5,3,3
2014.0,0.0,1.0,0.0,3,6,3,0,0,0,1,1,1,1,0,0,1,1,1,13,0,4,0,0,0,1,2,0,4,7,5,8,3
2014.0,-155.0,0.0,0.0,3,4,3,0,0,0,1,7,1,1,0,1,2,1,1,14,0,4,0,0,0,2,0,0,4,2,5,3,9
2014.0,0.0,0.0,0.0,3,1,3,0,0,0,1,5,1,1,0,0,2,1,1,15,0,4,0,0,0,2,1,0,4,5,5,3,9
2014.0,0.0,0.0,0.0,3,1,3,0,0,0,1,2,1,1,0,0,5,1,1,15,0,4,0,0,0,0,0,0,4,2,5,3,9
2014.0,383.0,0.0,0.0,3,6,3,0,0,0,0,1,1,1,0,0,1,1,1,15,0,4,0,0,0,2,2,0,6,7,5,8,3
2014.0,12.0,0.0,0.0,3,6,3,0,0,0,2,1,1,1,0,1,1,1,1,16,0,4,0,1,0,0,1,0,4,7,5,3,3
2014.0,30.0,1.0,0.0,3,6,3,0,0,0,0,5,1,1,0,0,5,1,1,16,0,4,0,1,0,1,1,0,6,7,5,8,3
2014.0,0.0,0.0,0.0,3,1,3,0,0,0,0,9,1,1,0,0,2,1,1,17,0,4,0,1,0,2,2,0,4,2,5,3,9
2014.0,-100.0,0.0,0.0,3,6,3,0,0,0,0,1,1,1,0,0,1,1,1,18,0,4,0,1,0,1,1,0,6,7,5,3,3
2014.0,0.0,1.0,0.0,3,4,3,0,0,0,1,1,1,1,0,0,9,1,1,18,0,4,0,1,0,2,2,0,4,2,5,3,9
2014.0,-10.0,0.0,0.0,3,5,3,0,0,2,1,2,1,1,0,1,1,1,1,18,0,4,0,1,0,2,1,0,4,9,5,9,3
2014.0,400.0,2.0,0.0,3,1,4,0,0,0,0,5,1,1,0,0,1,1,1,19,0,4,0,1,0,1,1,0,0,2,5,3,9
2014.0,0.0,1.0,0.0,3,4,3,0,0,0,0,9,1,1,0,0,5,1,1,19,0,4,0,1,0,1,2,0,4,4,5,3,9
2014.0,0.0,0.0,0.0,3,4,0,0,0,0,0,9,1,1,0,1,1,1,1,19,0,4,0,1,0,2,1,0,4,2,5,3,9
2014.0,120.0,0.0,0.0,3,4,0,0,0,0,1,7,1,1,0,1,5,1,1,20,0,4,0,0,0,1,1,0,6,2,5,3,9
2014.0,0.0,0.0,0.0,3,6,0,0,0,0,1,2,1,1,0,1,2,1,1,20,0,4,0,0,0,2,2,0,4,5,5,3,3
2014.0,-97.0,0.0,0.0,3,6,3,0,0,0,1,2,1,1,0,1,2,1,1,8,1,4,0,1,0,2,1,0,6,7,5,8,3
2014.0,100.0,0.0,0.0,3,10,3,0,0,0,0,5,1,1,0,1,5,1,1,9,1,4,0,1,0,2,1,0,6,9,5,3,2
2014.0,0.0,1.0,0.0,3,4,3,0,0,0,1,4,1,1,0,0,1,1,1,13,1,4,0,0,0,1,1,0,4,2,5,3,9
2014.0,-230.0,1.0,0.0,3,6,3,0,0,0,1,1,1,1,0,0,1,1,1,13,1,4,0,0,0,1,1,0,6,7,5,8,3
2014.0,-75.0,0.0,0.0,3,6,3,0,0,0,0,2,1,1,0,0,2,1,1,13,1,4,0,0,0,2,2,0,6,7,5,3,3
2014.0,-13.0,0.0,0.0,3,6,3,0,0,0,1,1,1,1,0,1,1,1,1,14,1,4,0,0,0,1,0,0,4,5,5,8,1
2014.0,-117.0,0.0,0.0,3,10,3,0,0,0,0,9,1,1,0,1,9,1,1,15,1,4,0,0,0,1,2,0,6,9,5,3,2
2014.0,0.0,0.0,0.0,3,4,3,0,0,0,0,1,1,1,0,1,9,1,1,15,1,4,0,0,0,2,2,0,6,2,5,3,9
2014.0,-921.0,0.0,0.0,3,1,3,0,0,0,0,9,1,1,0,0,2,1,1,16,1,4,0,1,0,1,0,0,6,2,5,3,9
2014.0,-1150.0,1.0,0.0,3,6,3,0,0,0,0,1,1,1,0,0,1,1,1,16,1,4,0,1,0,1,1,0,6,7,5,8,3
2014.0,-240.0,1.0,0.0,3,6,3,0,0,0,0,1,1,1,0,1,1,1,1,17,1,4,0,1,0,2,1,0,6,7,5,8,3
2014.0,0.0,0.0,0.0,3,4,4,0,0,0,0,1,1,1,0,1,5,1,1,19,1,4,0,1,0,1,1,0,4,2,5,3,9
2014.0,507.0,0.0,0.0,3,1,3,0,0,0,1,2,1,1,0,0,2,1,1,11,2,4,0,0,0,2,1,0,6,2,5,3,9
2014.0,40.0,0.0,0.0,3,6,3,0,0,0,0,5,1,1,0,0,5,1,1,11,2,4,0,0,0,1,1,0,4,7,5,8,3
2014.0,100.0,1.0,0.0,2,6,3,0,0,2,1,5,1,1,0,1,5,1,1,11,2,4,0,0,0,1,0,0,6,7,5,8,3
2014.0,0.0,0.0,0.0,3,4,3,0,0,0,0,7,1,1,0,1,9,1,1,14,2,4,0,0,0,0,1,0,2,5,5,3,9
2014.0,112.0,0.0,0.0,3,4,3,0,0,0,1,1,1,1,0,1,1,1,1,14,2,4,0,0,0,0,1,0,2,4,5,3,9
2014.0,41.0,0.0,0.0,3,10,3,0,0,0,1,9,1,1,0,1,9,1,1,14,2,4,0,0,0,2,1,0,4,9,5,8,3
2014.0,130.0,0.0,0.0,3,6,3,0,0,0,0,9,1,1,0,0,9,1,1,15,2,4,0,0,0,2,2,0,6,7,5,8,3
2014.0,465.0,1.0,0.0,3,6,3,0,0,0,0,1,1,1,0,1,1,1,1,15,2,4,0,0,0,1,2,0,6,5,5,5,5
2014.0,-310.0,1.0,0.0,2,6,3,0,0,0,1,1,1,1,0,1,1,1,1,15,2,4,0,0,0,2,2,0,4,7,5,8,3
2014.0,800.0,0.0,0.0,3,6,3,0,0,0,0,2,1,1,0,0,2,1,1,17,2,4,0,1,0,2,1,0,6,7,5,8,3
2014.0,0.0,1.0,1.0,0,4,0,0,0,0,1,5,1,1,0,1,2,0,1,19,2,4,0,1,0,2,1,0,4,2,5,3,9
2014.0,0.0,0.0,0.0,3,4,0,0,0,0,1,6,1,1,0,1,3,1,1,21,2,4,0,0,0,1,2,0,4,2,5,9,9
2014.0,30.0,0.0,0.0,3,6,0,0,0,0,0,9,0,1,0,1,9,1,1,22,2,4,0,0,0,2,1,0,4,7,5,8,3
2014.0,10.0,1.0,0.0,2,5,3,0,0,2,0,9,1,1,0,0,1,1,1,6,3,4,0,0,0,2,0,0,4,0,0,9,3
2014.0,12.0,0.0,0.0,3,6,3,0,0,0,2,9,1,1,0,0,9,1,1,7,3,4,0,1,0,0,1,0,2,7,5,9,9
2014.0,-132.0,0.0,0.0,3,1,3,0,0,0,1,7,1,1,0,0,9,1,1,7,3,4,0,1,0,0,1,0,6,2,5,3,9
2014.0,0.0,0.0,0.0,3,5,3,0,0,0,1,7,1,1,0,1,1,1,1,10,3,4,0,0,0,2,1,0,2,5,5,3,9
2014.0,88.0,0.0,0.0,3,6,3,0,0,0,0,2,1,1,0,0,2,1,1,11,3,4,0,0,0,1,1,0,6,7,5,8,3
2014.0,0.0,1.0,0.0,3,4,3,0,0,0,0,7,1,1,0,0,1,1,1,14,3,4,0,0,0,2,2,0,4,2,5,3,9
2014.0,406.0,1.0,0.0,3,4,3,0,0,0,1,5,1,1,0,1,9,1,1,15,3,4,0,0,0,2,2,0,0,4,5,3,9
2014.0,0.0,0.0,0.0,3,1,3,0,0,0,1,9,1,1,0,0,1,1,1,15,3,4,0,0,0,1,1,0,4,4,5,3,9
2014.0,15.0,0.0,0.0,3,10,3,0,0,0,1,9,1,1,0,0,9,1,1,15,3,4,0,0,0,2,1,0,4,5,5,8,9
2014.0,0.0,0.0,0.0,3,6,3,0,0,0,1,9,1,1,0,1,9,1,1,15,3,4,0,0,0,0,1,0,4,5,5,3,9
2014.0,-355.0,0.0,0.0,3,4,3,0,0,0,1,9,1,1,0,1,2,1,1,16,3,4,0,1,0,2,2,0,0,2,9,3,9
2014.0,10.0,1.0,0.0,2,5,3,0,0,2,1,9,1,1,0,1,2,1,1,17,3,4,0,1,0,2,0,0,4,2,5,9,3
2014.0,163.0,0.0,0.0,3,1,4,0,0,2,1,5,1,1,0,1,9,1,1,18,3,4,0,1,0,1,0,0,0,0,5,3,9
2014.0,0.0,0.0,0.0,3,10,0,0,0,0,0,3,1,1,0,1,1,1,1,19,3,4,0,1,0,2,1,0,4,2,5,3,9
2014.0,0.0,1.0,0.0,3,1,0,0,0,0,2,1,1,1,0,1,2,1,1,20,3,4,0,0,0,0,2,0,4,2,5,3,3
2014.0,130.0,0.0,0.0,3,4,3,0,0,0,2,1,1,1,0,0,5,1,1,6,4,4,0,0,0,0,1,0,0,2,5,8,9
2014.0,285.0,0.0,0.0,3,10,3,0,0,0,0,2,1,1,1,1,2,1,1,7,4,4,0,1,0,1,1,0,6,7,5,6,3
2014.0,-286.0,0.0,0.0,3,1,3,0,0,0,1,9,1,1,0,0,9,1,1,9,4,4,0,1,0,2,2,0,6,4,5,3,9
2014.0,-145.0,0.0,0.0,3,4,3,0,0,0,1,1,1,1,0,0,5,1,1,10,4,4,0,0,0,2,2,0,0,2,5,8,8
2014.0,40.0,2.0,0.0,2,6,3,0,0,0,1,5,1,1,0,0,5,1,1,11,4,4,0,0,0,1,1,0,4,7,5,8,3
2014.0,101.0,2.0,0.0,2,6,3,0,0,0,1,1,1,1,0,1,1,1,1,12,4,4,0,0,0,1,2,0,9,7,5,8,3
2014.0,54.0,1.0,0.0,2,4,3,0,0,0,1,9,1,1,0,1,1,1,1,12,4,4,0,0,0,1,1,0,0,4,5,3,9
2014.0,-30.0,0.0,0.0,3,10,3,0,0,0,1,2,1,1,0,1,2,1,1,13,4,4,0,0,0,1,2,0,2,9,5,3,2
2014.0,45.0,0.0,0.0,3,6,3,0,0,0,1,9,1,1,0,1,9,1,1,13,4,4,0,0,0,1,0,0,4,7,5,8,3
2014.0,0.0,0.0,0.0,3,10,3,0,0,0,1,1,1,1,0,1,1,1,1,15,4,4,0,0,0,2,1,0,4,9,5,3,2