Year,Distance,Totalinjuries,Totalfatalities,Injuryseverity,Collisionmanner,Lightcondition,Weather,SurfaceCondition,Unittype_One,Gender_Drv1,Traveldirection_One,AlcoholUse_Drv1,DrugUse_Drv1,Unittype_Two,Gender_Drv2,Traveldirection_Two,AlcoholUse_Drv2,DrugUse_Drv2,Hour,Weekday,Month,Weekend,Rush_Hour,Hazardous_Road,Age_Group_Drv1,Age_Group_Drv2,Substance_Use,Junction_Category,Violation_Category_Drv1,Violation_Category_Drv2,Unitaction_Category_Two,Unitaction_Category_One
2014.0,15.0,0.0,0.0,3,6,3,0,0,0,0,2,1,1,0,1,2,1,1,15,4,4,0,0,0,0,1,0,4,2,5,3,9
2014.0,150.0,0.0,0.0,3,6,3,0,0,0,1,2,1,1,0,0,2,1,1,15,4,4,0,0,0,1,2,0,6,7,5,8,3
2014.0,-280.0,0.0,0.0,3,4,3,0,0,0,0,5,1,1,0,1,1,1,1,16,4,4,0,1,0,0,1,0,0,4,5,3,9
2014.0,40.0,0.0,0.0,3,1,3,0,0,0,1,2,1,1,0,0,1,1,1,16,4,4,0,1,0,1,1,0,0,2,5,3,9
2014.0,34.0,0.0,0.0,3,10,3,0,0,0,0,5,1,1,0,0,5,1,1,17,4,4,0,1,0,1,1,0,4,9,5,3,2
2014.0,500.0,1.0,0.0,3,6,3,0,0,0,1,1,1,1,0,1,1,1,1,17,4,4,0,1,0,1,1,0,6,7,5,8,3
2014.0,115.0,0.0,0.0,3,6,3,0,0,0,2,1,1,1,0,0,1,1,1,17,4,4,0,1,0,0,2,0,6,7,5,8,3
2014.0,-580.0,0.0,0.0,3,6,3,0,0,0,1,9,1,1,0,1,9,1,1,17,4,4,0,1,0,1,1,0,6,7,5,8,3
2014.0,-530.0,0.0,0.0,3,6,0,0,0,0,0,9,1,1,0,0,9,1,1,19,4,4,0,1,0,2,2,0,6,7,5,8,3
2014.0,-80.0,0.0,0.0,3,6,0,0,0,0,0,1,1,1,0,0,1,1,1,19,4,4,0,1,0,2,1,0,6,7,5,8,8
2014.0,0.0,1.0,0.0,2,9,0,0,0,0,1,9,1,1,0,0,2,1,1,3,5,4,1,0,0,1,2,0,2,5,5,3,3
2014.0,-38.0,0.0,0.0,3,6,3,0,0,0,1,1,1,1,0,0,1,1,1,11,5,4,1,0,0,1,1,0,4,7,5,3,3
2014.0,-100.0,0.0,0.0,3,1,3,0,0,0,0,2,1,1,0,1,7,1,1,11,5,4,1,0,0,0,1,0,6,7,5,3,3
2014.0,-512.0,0.0,0.0,3,6,3,0,0,0,0,9,1,1,0,0,9,1,1,11,5,4,1,0,0,2,2,0,6,0,5,8,3
2014.0,167.0,0.0,0.0,3,1,3,0,0,0,1,1,1,1,0,1,1,1,1,14,5,4,1,0,0,1,1,0,6,9,5,3,2
2014.0,0.0,0.0,0.0,3,10,0,0,0,0,1,1,1,1,0,1,1,1,1,1,6,4,1,0,0,2,0,0,4,5,5,9,3
2014.0,0.0,0.0,0.0,3,4,0,0,0,0,1,5,1,1,0,0,9,1,1,1,6,4,1,0,0,2,1,0,4,2,5,9,3
2014.0,0.0,3.0,0.0,2,1,3,0,0,0,0,2,1,1,0,0,9,1,1,16,6,4,1,1,0,2,1,0,4,2,5,3,3
2014.0,0.0,2.0,0.0,3,4,3,0,0,0,0,3,1,1,0,1,9,1,1,6,0,4,0,0,0,1,2,0,4,2,5,3,9
2014.0,0.0,1.0,0.0,2,4,3,0,0,0,0,1,1,1,0,0,9,1,1,7,0,4,0,1,0,1,1,0,4,4,5,3,9
2014.0,266.0,0.0,0.0,3,4,3,0,0,0,1,3,1,1,0,1,9,1,1,8,0,4,0,1,0,2,1,0,6,5,5,3,9
2014.0,1353.0,1.0,0.0,3,6,3,0,0,0,0,9,1,1,0,0,9,1,1,10,0,4,0,0,0,2,0,0,6,7,5,8,3
2014.0,170.0,1.0,0.0,3,6,3,0,0,0,1,9,1,1,0,0,9,1,1,12,0,4,0,0,0,0,1,0,6,7,5,8,3
2014.0,115.0,0.0,0.0,3,10,3,0,0,0,2,5,1,1,0,1,5,1,1,14,0,4,0,0,0,0,1,0,6,7,5,8,3
2014.0,-107.0,1.0,0.0,2,1,3,0,0,0,0,7,1,1,0,0,2,1,1,15,0,4,0,0,0,1,2,0,6,4,5,3,9
2014.0,154.0,0.0,0.0,3,10,3,0,0,0,0,5,1,1,0,0,5,1,1,15,0,4,0,0,0,1,1,0,6,9,5,3,2
2014.0,-50.0,0.0,0.0,3,10,3,0,0,0,0,1,1,1,0,1,1,1,1,16,0,4,0,1,0,1,1,0,6,9,5,3,2
2014.0,-41.0,0.0,0.0,3,6,3,0,0,0,0,2,1,1,0,0,2,1,1,16,0,4,0,1,0,0,1,0,4,7,5,8,3
2014.0,-8.0,1.0,0.0,3,5,4,0,0,0,1,1,1,1,3,1,5,1,1,18,0,4,0,1,0,2,2,0,4,2,5,7,3
2014.0,10.0,1.0,0.0,3,5,0,0,0,2,1,1,1,1,0,0,1,1,1,20,0,4,0,0,0,1,1,0,4,2,5,9,3
2014.0,22.0,0.0,0.0,3,6,0,0,0,0,0,5,1,1,0,1,5,1,1,21,0,4,0,0,0,1,2,0,6,7,5,3,3
2014.0,15.0,0.0,0.0,3,6,0,0,0,0,1,9,1,1,0,1,9,1,1,22,0,4,0,0,0,2,2,0,4,7,5,8,8
2014.0,86.0,0.0,0.0,3,6,3,0,0,0,0,9,1,1,0,1,9,1,1,7,1,4,0,1,0,1,1,0,6,7,5,8,3
2014.0,-640.0,0.0,0.0,3,6,3,0,0,0,1,2,1,1,0,0,2,1,1,7,1,4,0,1,0,2,1,0,6,7,5,8,3
2014.0,68.0,0.0,0.0,3,6,3,0,0,0,0,5,1,1,0,1,5,1,1,8,1,4,0,1,0,1,0,0,6,7,5,8,3
2014.0,20.0,1.0,0.0,3,10,3,0,0,0,2,9,1,1,2,1,9,1,1,12,1,4,0,0,0,0,2,0,6,4,5,3,3
2014.0,0.0,1.0,0.0,3,1,3,0,0,0,1,9,1,1,0,0,1,1,1,12,1,4,0,0,0,1,0,0,4,2,5,3,9
2014.0,220.0,0.0,0.0,3,10,3,0,0,0,1,1,1,1,0,1,1,1,1,13,1,4,0,0,0,0,2,0,6,9,5,3,2
2014.0,4.0,1.0,0.0,2,1,3,0,0,2,0,1,1,1,0,1,5,1,1,13,1,4,0,0,0,1,1,0,4,9,5,9,7
2014.0,-133.0,0.0,0.0,3,1,3,0,0,0,1,4,1,1,0,0,1,1,1,15,1,4,0,0,0,1,0,0,6,2,5,3,5
2014.0,0.0,0.0,0.0,3,1,3,0,0,0,1,9,1,1,0,1,5,1,1,16,1,4,0,1,0,1,1,0,4,2,5,9,9
2014.0,-500.0,1.0,0.0,3,6,3,0,0,0,1,1,1,1,0,0,1,1,1,16,1,4,0,1,0,1,1,0,6,7,5,8,3
2014.0,250.0,2.0,0.0,2,6,3,0,0,0,0,1,1,1,0,0,1,1,1,16,1,4,0,1,0,2,0,0,0,7,5,8,3
2014.0,-100.0,0.0,0.0,3,6,3,0,0,0,2,1,1,1,0,0,1,1,1,16,1,4,0,1,0,0,2,0,6,7,5,8,3
2014.0,40.0,1.0,0.0,3,6,3,0,0,0,0,5,1,1,0,0,5,1,1,18,1,4,0,1,0,1,1,0,4,7,5,8,3
2014.0,0.0,1.0,0.0,2,4,0,0,0,0,1,7,1,1,0,0,1,1,1,19,1,4,0,1,0,1,2,0,4,2,5,3,9
2014.0,164.0,0.0,0.0,3,6,0,0,0,0,0,2,1,1,0,1,2,1,1,19,1,4,0,1,0,1,2,0,6,7,5,8,3
2014.0,0.0,0.0,0.0,3,4,3,0,0,0,0,3,1,1,0,0,2,1,1,7,2,4,0,1,0,1,1,0,4,2,5,3,9
2014.0,3.0,0.0,0.0,3,1,3,0,0,0,0,9,1,1,0,0,5,1,1,7,2,4,0,1,0,1,1,0,4,4,5,3,9
2014.0,439.0,0.0,0.0,3,10,3,0,0,0,1,9,1,1,0,1,9,1,1,7,2,4,0,1,0,1,1,0,6,9,5,3,2
2014.0,-78.0,1.0,0.0,3,1,3,0,0,2,1,9,1,1,0,1,6,1,1,7,2,4,0,1,0,1,2,0,6,5,5,9,3
2014.0,-290.0,0.0,0.0,3,10,3,0,0,0,1,2,1,1,0,1,2,1,1,11,2,4,0,0,0,1,1,0,6,9,5,8,0
2014.0,480.0,1.0,0.0,3,1,3,0,0,0,0,5,1,1,0,0,9,1,1,11,2,4,0,0,0,2,1,0,6,2,5,3,5
2014.0,23.0,1.0,0.0,3,1,3,0,0,2,1,5,1,1,0,1,4,1,1,11,2,4,0,0,0,0,1,0,4,9,5,9,3
2014.0,0.0,1.0,0.0,3,1,3,0,0,0,1,9,1,1,2,1,2,1,1,12,2,4,0,0,0,2,1,0,4,2,5,3,9
2014.0,800.0,0.0,0.0,3,6,3,0,0,0,1,2,1,1,0,1,2,1,1,13,2,4,0,0,0,1,1,0,0,7,5,8,3
2014.0,409.0,0.0,0.0,3,6,3,0,0,0,1,5,1,1,0,0,5,1,1,13,2,4,0,0,0,1,2,0,6,7,5,8,3
2014.0,58.0,0.0,0.0,3,6,3,0,0,0,1,9,1,1,0,1,9,1,1,13,2,4,0,0,0,1,1,0,6,7,5,8,3
2014.0,95.0,0.0,0.0,3,6,3,0,0,0,1,5,1,1,0,1,5,1,1,14,2,4,0,0,0,1,2,0,4,7,5,8,3
2014.0,50.0,0.0,0.0,3,6,4,0,0,0,0,8,1,1,0,0,8,1,1,18,2,4,0,1,0,1,1,0,4,7,5,8,3
2014.0,40.0,0.0,0.0,3,6,0,0,0,0,0,5,1,1,0,0,5,1,1,23,2,4,0,0,0,2,2,0,4,7,5,8,3
2014.0,-100.0,0.0,0.0,3,10,3,0,0,0,0,9,1,1,0,1,9,1,1,7,3,4,0,1,0,2,1,0,2,9,5,3,2
2014.0,1242.0,0.0,0.0,3,6,3,0,0,0,0,9,1,1,0,1,9,1,1,7,3,4,0,1,0,1,1,0,6,7,5,8,3
2014.0,-200.0,0.0,0.0,3,6,3,0,0,0,0,9,1,1,0,1,9,1,1,9,3,4,0,1,0,1,1,0,6,7,5,8,3
2014.0,0.0,1.0,0.0,2,4,3,0,0,0,1,1,1,1,0,0,9,1,1,9,3,4,0,1,0,1,0,0,4,4,5,3,9
2014.0,70.0,0.0,0.0,3,5,3,0,0,0,1,5,1,1,0,0,5,1,1,10,3,4,0,0,0,2,2,0,6,5,5,8,3
2014.0,250.0,1.0,0.0,3,6,3,0,0,0,0,5,1,1,0,0,5,1,1,12,3,4,0,0,0,2,1,0,6,7,5,8,3
2014.0,-100.0,0.0,0.0,3,10,3,0,0,0,1,5,1,1,0,0,5,1,1,12,3,4,0,0,0,0,1,0,4,9,5,3,2
2014.0,-334.0,0.0,0.0,3,8,3,0,0,0,1,2,1,1,0,1,1,1,1,13,3,4,0,0,0,1,1,0,0,0,5,3,1
2014.0,80.0,1.0,0.0,3,6,3,0,0,0,1,5,1,1,0,0,5,1,1,14,3,4,0,0,0,0,2,0,4,7,5,8,3
2014.0,80.0,1.0,0.0,3,6,3,0,0,0,1,5,1,1,0,0,5,1,1,14,3,4,0,0,0,2,1,0,6,7,5,8,3
2014.0,-684.0,1.0,0.0,3,6,3,0,0,0,0,1,0,1,0,0,1,1,1,14,3,4,0,0,0,1,1,0,6,7,5,8,3
2014.0,0.0,2.0,0.0,2,1,3,0,0,0,0,5,1,1,0,0,9,1,1,15,3,4,0,0,0,1,2,0,4,5,5,3,3
2014.0,-100.0,0.0,0.0,3,6,3,0,0,0,0,9,1,1,0,1,9,1,1,15,3,4,0,0,0,2,1,0,6,7,5,8,3
2014.0,50.0,1.0,0.0,2,6,3,0,0,0,0,9,1,1,0,1,9,1,1,15,3,4,0,0,0,1,1,0,2,7,5,8,3
2014.0,0.0,1.0,0.0,3,4,3,0,0,0,0,2,1,1,0,1,5,1,1,16,3,4,0,1,0,0,2,0,4,2,5,3,9
2014.0,-150.0,0.0,0.0,3,1,3,0,0,0,1,1,1,1,0,0,5,1,1,17,3,4,0,1,0,2,1,0,0,2,5,3,3
2014.0,-75.0,1.0,0.0,2,6,3,0,0,0,1,2,0,1,0,0,2,1,1,17,3,4,0,1,0,1,2,0,4,7,5,8,2
2014.0,-107.0,1.0,0.0,3,6,3,0,0,0,1,2,1,1,0,0,2,1,1,18,3,4,0,1,0,2,0,0,4,7,5,8,3
2014.0,8.0,1.0,0.0,2,1,0,0,0,0,1,5,0,1,2,1,1,1,1,19,3,4,0,1,0,1,2,0,4,0,9,3,9
2014.0,-20.0,0.0,0.0,3,6,0,0,0,0,1,1,0,1,0,1,1,1,1,2,4,4,0,0,0,2,2,0,4,8,5,8,3
2014.0,0.0,0.0,0.0,3,1,3,0,0,0,0,9,1,1,0,1,2,1,1,7,4,4,0,1,0,2,1,0,4,2,5,3,9
2014.0,-108.0,0.0,0.0,3,6,3,1,0,0,1,2,1,1,0,1,2,1,1,11,4,4,0,0,0,2,1,0,4,5,5,8,1
2014.0,12.0,0.0,0.0,3,6,3,0,0,0,1,9,1,1,0,1,9,1,1,13,4,4,0,0,0,2,2,0,4,7,5,8,3
2014.0,-650.0,0.0,0.0,3,1,3,0,0,0,0,1,1,1,0,1,5,1,1,16,4,4,0,1,0,1,2,0,0,2,5,3,3
2014.0,0.0,0.0,0.0,3,4,4,0,0,0,1,7,1,1,0,1,1,1,1,17,4,4,0,1,0,2,1,0,4,2,5,3,9
2014.0,0.0,0.0,0.0,3,4,3,0,0,0,0,2,1,1,0,1,5,1,1,17,4,4,0,1,0,1,1,0,4,2,5,3,9
2014.0,0.0,0.0,0.0,3,4,0,0,0,0,0,5,1,1,0,1,1,1,1,22,4,4,0,0,0,2,1,0,2,0,0,3,9
2014.0,15.0,1.0,0.0,3,6,3,0,0,0,0,5,1,1,0,0,5,1,1,8,5,4,1,1,0,1,1,0,4,7,5,9,3
2014.0,100.0,0.0,0.0,3,1,3,0,0,0,1,5,1,1,0,1,9,1,1,15,5,4,1,0,0,1,1,0,6,2,5,3,9
2014.0,117.0,0.0,0.0,3,6,3,0,0,0,1,1,1,1,0,1,1,1,1,15,5,4,1,0,0,2,1,0,6,7,5,8,3
2014.0,60.0,1.0,0.0,2,6,3,0,0,0,1,1,1,1,0,0,1,1,1,15,5,4,1,0,0,2,1,0,6,7,5,3,3
2014.0,-210.0,1.0,0.0,3,6,0,0,0,0,1,5,1,1,0,0,5,1,1,19,5,4,1,1,0,2,1,0,0,7,5,8,3
2014.0,105.0,1.0,0.0,3,6,1,0,0,0,0,5,1,1,0,0,5,1,1,19,5,4,1,1,0,1,2,0,2,7,5,8,3
2014.0,-1121.0,1.0,0.0,2,5,4,0,0,2,0,9,1,1,0,1,2,1,1,21,5,4,1,0,0,2,2,0,6,5,5,3,3
2014.0,10.0,1.0,0.0,2,1,0,0,0,0,1,2,1,1,3,0,9,1,1,23,5,4,1,0,0,2,2,0,4,2,5,7,9
2014.0,-50.0,0.0,0.0,3,6,0,0,0,0,1,2,1,1,1,1,2,1,1,0,6,4,1,0,0,2,1,0,6,7,5,6,3
2014.0,-300.0,0.0,0.0,3,10,3,0,0,0,0,1,1,1,0,0,1,1,1,9,6,4,1,1,0,0,0,0,0,9,5,3,2
2014.0,115.0,0.0,0.0,3,10,3,0,0,0,0,2,1,1,0,1,2,1,1,9,6,4,1,1,0,0,0,0,6,5,5,3,3
2014.0,-81.0,0.0,0.0,3,4,3,0,0,0,1,6,1,1,0,0,9,1,1,11,6,4,1,0,0,2,0,0,6,4,5,3,9
2014.0,200.0,0.0,0.0,3,6,3,0,0,0,2,9,1,1,0,1,9,1,1,11,6,4,1,0,0,0,1,0,4,7,5,8,3
2014.0,30.0,0.0,0.0,3,6,3,0,0,0,1,9,1,1,0,0,4,1,1,12,6,4,1,0,0,2,1,0,2,8,5,9,3
2014.0,0.0,0.0,0.0,3,4,3,0,0,0,1,4,1,1,0,0,5,1,1,6,0,4,0,0,0,2,1,0,2,2,5,3,9
2014.0,30.0,0.0,0.0,3,6,3,0,0,0,1,9,1,1,0,1,9,1,1,10,0,4,0,0,0,1,0,0,4,7,5,8,3
2014.0,-370.0,1.0,0.0,3,4,3,0,0,0,1,1,1,1,0,0,1,1,1,13,0,4,0,0,0,1,1,0,6,4,5,3,9
2014.0,380.0,0.0,0.0,3,6,3,0,0,0,1,5,1,1,0,0,5,1,1,15,0,4,0,0,0,1,1,0,6,7,5,8,3
2014.0,-100.0,0.0,0.0,3,6,3,0,0,0,1,1,1,1,0,0,1,1,1,15,0,4,0,0,0,1,2,0,4,0,5,8,3
2014.0,90.0,1.0,0.0,3,6,3,0,0,0,1,5,1,1,0,0,5,1,1,15,0,4,0,0,0,1,1,0,6,7,5,8,3
2014.0,368.0,1.0,0.0,3,6,3,0,0,0,1,9,1,1,0,1,9,1,1,15,0,4,0,0,0,2,1,0,6,7,5,8,3
2014.0,-270.0,0.0,0.0,3,10,3,0,0,0,1,2,1,1,0,0,2,1,1,16,0,4,0,1,0,1,1,0,6,5,5,3,3
2014.0,0.0,1.0,0.0,2,1,3,0,0,0,1,2,1,1,0,0,1,1,1,17,0,4,0,1,0,2,0,0,4,2,5,3,9
2014.0,300.0,1.0,0.0,3,4,3,0,0,0,0,5,1,1,0,0,9,1,1,18,0,4,0,1,0,2,1,0,6,2,5,3,9
2014.0,0.0,1.0,0.0,3,1,0,0,0,0,1,1,1,1,0,1,2,1,1,5,1,4,0,0,0,1,1,0,4,2,5,3,3
2014.0,-326.0,0.0,0.0,3,1,3,0,0,0,1,6,1,1,0,1,5,1,1,9,1,4,0,1,0,1,1,0,6,5,5,3,9
2014.0,0.0,0.0,0.0,3,1,3,0,0,0,1,9,1,1,0,0,2,1,1,9,1,4,0,1,0,2,1,0,4,2,5,3,3
2014.0,0.0,1.0,0.0,1,1,3,0,0,0,1,9,1,1,0,0,1,1,1,10,1,4,0,0,0,1,2,0,4,2,5,9,3
2014.0,-20.0,0.0,0.0,3,6,3,0,0,0,2,2,1,1,0,1,2,1,1,11,1,4,0,0,0,0,0,0,4,7,5,9,3
2014.0,73.0,0.0,0.0,3,10,3,0,0,0,1,9,1,1,0,1,9,1,1,14,1,4,0,0,0,1,1,0,6,5,5,3,2
2014.0,153.0,1.0,0.0,3,6,3,0,0,0,0,2,1,1,0,1,2,1,1,14,1,4,0,0,0,2,1,0,4,7,5,3,3
2014.0,-45.0,0.0,0.0,3,4,3,0,0,0,0,5,1,1,0,1,1,1,1,15,1,4,0,0,0,1,2,0,4,0,5,3,9
2014.0,410.0,0.0,0.0,3,4,3,0,0,0,1,1,1,1,0,0,2,1,1,15,1,4,0,0,0,1,2,0,6,2,5,9,9
2014.0,60.0,0.0,0.0,3,5,3,0,0,0,1,3,1,1,0,1,5,1,1,16,1,4,0,1,0,2,1,0,4,7,5,8,9
2014.0,0.0,0.0,0.0,3,4,3,0,0,0,0,1,1,1,0,1,1,1,1,17,1,4,0,1,0,1,1,0,4,5,5,9,9
2014.0,0.0,0.0,0.0,3,9,3,0,0,0,2,2,1,1,0,1,5,1,1,18,1,4,0,1,0,0,1,0,4,4,5,3,9
2014.0,-45.0,1.0,0.0,3,6,0,0,0,0,1,2,1,1,0,1,2,1,1,20,1,4,0,0,0,1,0,0,4,7,5,8,8
2014.0,0.0,0.0,0.0,3,4,3,0,0,0,0,2,1,1,0,0,2,1,1,8,2,4,0,1,0,1,0,0,4,2,5,3,9
2014.0,422.0,1.0,0.0,3,10,3,0,0,0,0,9,1,1,0,1,9,1,1,8,2,4,0,1,0,2,1,0,6,5,5,8,3
2014.0,-165.0,1.0,0.0,1,6,3,0,0,0,0,9,1,1,0,1,9,1,1,11,2,4,0,0,0,1,1,0,0,7,5,8,8
2014.0,1000.0,0.0,0.0,3,10,3,0,0,0,0,5,1,1,0,0,5,1,1,13,2,4,0,0,0,2,1,0,6,9,5,3,2
2014.0,0.0,1.0,0.0,3,1,3,0,0,0,1,9,1,1,0,1,2,1,1,13,2,4,0,0,0,1,1,0,4,4,5,3,9
2014.0,-41.0,0.0,0.0,3,6,3,0,0,0,1,1,1,1,0,0,1,1,1,13,2,4,0,0,0,1,1,0,4,7,5,8,3
2014.0,238.0,2.0,0.0,3,4,3,0,0,0,0,2,1,1,0,0,1,1,1,15,2,4,0,0,0,2,1,0,0,2,5,3,9
2014.0,0.0,0.0,0.0,3,1,3,0,0,0,0,6,1,1,0,0,1,1,1,15,2,4,0,0,0,0,1,0,4,2,5,9,3
2014.0,-642.0,0.0,0.0,3,3,3,0,0,0,1,9,1,1,0,1,2,1,1,15,2,4,0,0,0,1,2,0,0,2,5,3,9
2014.0,518.0,0.0,0.0,3,1,3,0,0,0,1,1,1,1,0,0,5,1,1,17,2,4,0,1,0,1,1,0,0,2,5,3,9
2014.0,-50.0,1.0,0.0,3,4,3,0,0,0,1,1,1,1,0,1,9,1,1,17,2,4,0,1,0,1,1,0,4,2,5,3,9
2014.0,-60.0,0.0,0.0,3,10,3,0,0,0,1,5,1,1,0,0,5,1,1,17,2,4,0,1,0,2,1,0,6,4,5,8,3
2014.0,0.0,2.0,0.0,2,4,3,0,0,0,0,5,1,1,0,0,2,1,1,18,2,4,0,1,0,1,1,0,4,2,5,3,9
2014.0,240.0,0.0,0.0,3,10,3,0,0,0,1,9,0,1,0,0,9,1,1,18,2,4,0,1,0,2,1,0,6,7,5,8,3
2014.0,-40.0,2.0,0.0,2,6,0,0,0,0,1,1,0,1,0,0,1,1,1,22,2,4,0,0,0,1,1,0,4,7,5,8,3
2014.0,50.0,0.0,0.0,3,10,0,0,0,0,1,1,1,1,0,1,1,1,1,23,2,4,0,0,0,1,1,0,4,5,5,3,3
2014.0,140.0,0.0,0.0,3,10,3,0,0,0,1,1,1,1,0,1,1,1,1,10,3,4,0,0,0,1,0,0,6,9,5,3,2
2014.0,-386.0,1.0,0.0,2,1,3,0,0,2,1,1,1,1,0,0,5,1,1,11,3,4,0,0,0,0,2,0,0,9,5,3,3
2014.0,-140.0,0.0,0.0,3,6,3,0,0,0,0,5,1,1,0,0,5,1,1,11,3,4,0,0,0,1,1,0,6,7,5,8,3
2014.0,-28.0,0.0,0.0,3,6,3,0,0,0,1,1,1,1,0,0,1,1,1,12,3,4,0,0,0,2,1,0,4,7,5,8,3
2014.0,10.0,0.0,0.0,3,6,3,0,0,0,0,9,1,1,0,0,9,1,1,14,3,4,0,0,0,0,1,0,2,7,5,8,8
2014.0,-74.0,0.0,0.0,3,6,3,0,0,0,1,2,1,1,0,0,2,1,1,17,3,4,0,1,0,2,2,0,4,7,5,8,3
2014.0,-341.0,0.0,0.0,3,10,3,0,0,0,1,2,1,1,0,1,2,1,1,17,3,4,0,1,0,1,1,0,6,5,5,3,3
2014.0,-50.0,1.0,0.0,3,6,0,0,0,0,0,1,1,1,0,0,1,1,1,21,3,4,0,0,0,2,1,0,4,7,5,8,8
2014.0,-54.0,0.0,0.0,3,1,0,0,0,0,1,5,1,1,3,1,1,1,1,21,3,4,0,0,0,1,1,0,4,0,5,7,9
2014.0,-10.0,1.0,0.0,2,4,0,0,0,0,1,9,1,1,3,1,5,1,1,22,3,4,0,0,0,1,1,0,4,0,5,7,9
2014.0,8.0,1.0,0.0,2,1,3,0,0,3,1,2,1,1,0,1,9,1,1,6,4,4,0,0,0,1,2,0,4,0,5,3,7
2014.0,0.0,0.0,0.0,3,4,3,0,0,0,0,5,1,1,0,1,9,1,1,7,4,4,0,1,0,1,2,0,4,2,5,3,9
2014.0,-60.0,0.0,0.0,3,8,3,0,0,0,2,5,1,1,1,1,1,1,1,7,4,4,0,1,0,0,1,0,6,0,5,6,1
2014.0,-390.0,1.0,0.0,3,6,3,0,0,0,0,2,1,1,0,0,2,1,1,8,4,4,0,1,0,1,1,0,6,7,5,8,3
2014.0,-509.0,1.0,0.0,2,1,3,0,0,0,1,5,1,1,0,0,9,1,1,10,4,4,0,0,0,0,1,0,6,2,5,3,3
2014.0,-12.0,0.0,0.0,3,6,3,0,0,0,1,1,1,1,0,1,1,1,1,12,4,4,0,0,0,1,1,0,2,7,5,8,3
2014.0,-180.0,2.0,0.0,2,6,3,0,0,0,1,5,1,1,0,0,5,1,1,13,4,4,0,0,0,2,1,0,6,7,5,8,3
2014.0,0.0,1.0,0.0,2,4,3,0,0,0,1,2,1,1,0,0,1,1,1,13,4,4,0,0,0,2,1,0,4,4,5,3,9
2014.0,220.0,2.0,0.0,3,1,3,0,0,0,1,5,1,1,0,0,9,1,1,14,4,4,0,0,0,2,1,0,0,2,5,3,9
2014.0,173.0,0.0,0.0,3,6,3,0,0,0,1,5,1,1,0,0,5,1,1,15,4,4,0,0,0,2,1,0,6,7,5,8,3
2014.0,0.0,0.0,0.0,3,1,3,0,0,0,1,6,1,1,0,0,9,1,1,15,4,4,0,0,0,1,1,0,4,4,5,3,9
2014.0,-175.0,0.0,0.0,3,6,3,0,0,0,1,1,1,1,0,0,1,1,1,16,4,4,0,1,0,2,1,0,4,8,5,8,3
2014.0,0.0,2.0,0.0,3,1,3,0,0,0,1,5,1,1,0,1,1,1,1,16,4,4,0,1,0,1,2,0,4,2,5,3,3
2014.0,427.0,0.0,0.0,3,6,3,0,0,0,1,5,1,1,0,0,5,1,1,16,4,4,0,1,0,1,1,0,6,7,5,8,3
2014.0,-80.0,1.0,0.0,3,6,3,0,0,0,1,2,1,1,0,0,2,1,1,16,4,4,0,1,0,1,1,0,4,7,5,8,3
2014.0,0.0,0.0,0.0,3,1,3,0,0,0,1,9,1,1,0,1,5,1,1,17,4,4,0,1,0,2,2,0,4,2,5,9,3
2014.0,-92.0,1.0,0.0,3,6,0,0,0,0,0,2,1,1,0,0,2,1,1,19,4,4,0,1,0,1,1,0,4,7,5,8,8
2014.0,-10.0,0.0,0.0,3,6,0,0,0,0,1,2,1,1,0,1,2,1,1,20,4,4,0,0,0,2,1,0,4,7,5,8,8
2014.0,-441.0,0.0,0.0,3,6,0,0,0,0,0,2,1,1,0,0,2,1,1,22,4,4,0,0,0,2,2,0,6,7,5,8,8
2014.0,-20.0,0.0,0.0,3,7,0,0,0,0,1,1,1,1,0,0,1,1,1,1,5,4,1,0,0,1,1,0,4,8,5,8,3
2014.0,-156.0,1.0,0.0,1,10,3,1,0,0,1,1,1,1,0,0,1,1,1,10,5,4,1,0,0,1,1,0,6,7,5,3,3
2014.0,0.0,0.0,0.0,3,1,3,0,0,0,2,1,1,1,0,0,5,1,1,13,5,4,1,0,0,0,0,0,4,2,5,3,9
2014.0,0.0,0.0,0.0,3,9,3,0,0,0,1,1,1,1,0,0,9,1,1,15,5,4,1,0,0,1,0,0,2,4,5,3,9
2014.0,757.0,0.0,0.0,3,4,3,0,0,0,1,2,1,1,0,1,9,1,1,17,5,4,1,1,0,2,1,0,6,2,5,3,9
2014.0,70.0,1.0,0.0,2,6,0,0,0,0,0,9,1,1,0,1,9,1,1,19,5,4,1,1,0,1,1,0,4,7,5,8,3
2014.0,-36.0,0.0,0.0,3,1,0,0,0,0,1,5,1,1,0,1,9,1,1,20,5,4,1,0,0,2,1,0,6,5,5,3,9
2014.0,-20.0,0.0,0.0,3,6,0,0,0,0,1,5,1,1,0,1,5,1,1,21,5,4,1,0,0,1,2,0,4,7,5,8,3
2014.0,0.0,1.0,0.0,3,6,0,0,0,0,1,5,1,1,0,1,5,1,1,22,5,4,1,0,0,1,1,0,4,7,5,8,3
2014.0,259.0,0.0,0.0,3,10,3,0,0,0,0,5,1,1,0,1,5,1,1,8,6,4,1,1,0,1,1,0,6,5,5,3,3
2014.0,0.0,1.0,0.0,2,1,3,0,0,0,1,9,1,1,0,1,5,1,1,15,6,4,1,0,0,2,2,0,2,2,5,3,3
2014.0,50.0,0.0,0.0,3,6,3,0,0,0,1,2,1,1,0,1,2,1,1,17,6,4,1,1,0,2,1,0,6,7,5,8,3