Year,Distance,Totalinjuries,Totalfatalities,Injuryseverity,Collisionmanner,Lightcondition,Weather,SurfaceCondition,Unittype_One,Gender_Drv1,Traveldirection_One,AlcoholUse_Drv1,DrugUse_Drv1,Unittype_Two,Gender_Drv2,Traveldirection_Two,AlcoholUse_Drv2,DrugUse_Drv2,Hour,Weekday,Month,Weekend,Rush_Hour,Hazardous_Road,Age_Group_Drv1,Age_Group_Drv2,Substance_Use,Junction_Category,Violation_Category_Drv1,Violation_Category_Drv2,Unitaction_Category_Two,Unitaction_Category_One
2014.0,-250.0,0.0,0.0,3,6,3,0,0,0,0,1,1,1,0,1,1,1,1,7,0,4,0,1,0,1,1,0,6,7,5,8,3
2014.0,0.0,0.0,0.0,3,6,3,0,0,0,1,2,1,1,0,0,2,1,1,8,0,4,0,1,0,1,1,0,4,7,5,8,3
2014.0,140.0,0.0,0.0,3,1,3,0,0,0,1,3,1,1,0,1,1,1,1,10,0,4,0,0,0,1,2,0,6,5,5,3,9
2014.0,63.0,0.0,0.0,3,6,3,0,0,0,1,2,1,1,0,0,2,1,1,12,0,4,0,0,0,2,2,0,6,7,5,8,3
2014.0,-130.0,1.0,0.0,2,1,3,0,0,2,1,7,1,1,0,1,9,1,1,12,0,4,0,0,0,2,1,0,6,5,5,3,7
2014.0,222.0,1.0,0.0,3,6,3,0,0,0,1,9,1,1,0,0,9,1,1,13,0,4,0,0,0,2,1,0,6,7,5,8,3
2014.0,75.0,0.0,0.0,3,6,3,0,0,0,0,9,1,1,0,1,9,1,1,13,0,4,0,0,0,1,1,0,6,7,5,8,3
2014.0,-60.0,1.0,0.0,3,4,3,0,0,0,0,5,1,1,0,0,9,1,1,17,0,4,0,1,0,2,2,0,6,2,5,3,9
2014.0,-93.0,0.0,0.0,3,5,3,0,0,0,1,2,1,1,2,0,1,1,1,17,0,4,0,1,0,1,1,0,0,5,5,3,5
2014.0,-85.0,3.0,0.0,2,6,3,0,0,0,1,1,1,1,0,1,1,1,1,17,0,4,0,1,0,1,0,0,4,7,5,8,3
2014.0,-30.0,0.0,0.0,3,6,3,0,0,0,1,1,1,1,0,0,1,1,1,17,0,4,0,1,0,1,1,0,2,8,5,8,8
2014.0,-98.0,0.0,0.0,3,6,3,0,0,0,1,5,1,1,0,1,5,1,1,18,0,4,0,1,0,1,0,0,6,7,5,8,3
2014.0,-50.0,0.0,0.0,3,6,0,0,0,0,0,2,1,1,0,1,2,1,1,19,0,4,0,1,0,2,1,0,6,7,5,3,3
2014.0,56.0,0.0,0.0,3,6,0,0,0,0,0,9,1,1,0,1,9,1,1,20,0,4,0,0,0,1,2,0,4,7,5,3,3
2014.0,106.0,0.0,0.0,3,10,0,0,0,0,0,9,1,1,0,0,9,1,1,21,0,4,0,0,0,2,1,0,6,9,5,2,3
2014.0,110.0,0.0,0.0,3,4,0,0,0,0,1,5,1,1,0,0,1,1,1,4,1,4,0,0,0,1,1,0,6,2,5,3,9
2014.0,120.0,0.0,0.0,3,1,0,0,0,0,1,1,1,1,0,0,5,1,1,4,1,4,0,0,0,1,1,0,6,7,5,8,3
2014.0,349.0,1.0,0.0,3,1,3,0,0,0,1,6,1,1,0,0,9,1,1,7,1,4,0,1,0,1,1,0,6,2,5,3,9
2014.0,-64.0,0.0,0.0,3,6,3,0,0,0,1,9,1,1,0,0,9,1,1,8,1,4,0,1,0,2,1,0,6,7,5,8,3
2014.0,-100.0,1.0,0.0,3,1,3,0,0,0,0,2,1,1,2,1,1,1,1,9,1,4,0,1,0,2,2,0,6,7,7,3,3
2014.0,-270.0,0.0,0.0,3,1,3,0,0,0,2,2,1,1,1,1,2,1,1,9,1,4,0,1,0,0,1,0,6,7,5,6,3
2014.0,100.0,0.0,0.0,3,5,3,0,0,0,0,3,1,1,0,1,4,1,1,10,1,4,0,0,0,1,1,0,6,5,5,8,1
2014.0,0.0,2.0,0.0,3,1,3,0,0,0,0,2,1,1,0,0,9,1,1,13,1,4,0,0,0,1,0,0,4,2,5,3,3
2014.0,420.0,1.0,0.0,3,6,3,0,0,0,1,5,1,1,0,1,5,1,1,15,1,4,0,0,0,1,2,0,6,7,5,8,3
2014.0,0.0,0.0,0.0,3,4,3,0,0,0,1,9,1,1,0,0,1,1,1,16,1,4,0,1,0,2,2,0,4,2,5,3,9
2014.0,-312.0,0.0,0.0,3,3,3,0,0,0,0,9,1,1,0,0,2,1,1,18,1,4,0,1,0,2,1,0,6,2,5,3,5
2014.0,0.0,0.0,0.0,3,4,3,0,0,0,2,9,1,1,0,1,3,1,1,18,1,4,0,1,0,0,2,0,2,2,5,9,3
2014.0,58.0,1.0,0.0,2,3,0,0,0,0,1,1,0,1,1,1,8,1,1,20,1,4,0,0,0,1,0,0,6,9,5,6,3
2014.0,0.0,1.0,0.0,2,1,0,0,0,0,0,9,1,1,0,0,2,1,1,20,1,4,0,0,0,2,2,0,2,2,5,3,3
2014.0,0.0,1.0,0.0,3,4,3,0,0,0,0,4,1,1,0,1,5,1,1,7,2,4,0,1,0,1,1,0,2,2,5,3,9
2014.0,50.0,0.0,0.0,3,10,3,0,0,0,1,9,1,1,0,1,9,1,1,9,2,4,0,1,0,1,1,0,6,9,5,3,2
2014.0,0.0,0.0,0.0,3,10,3,0,0,0,0,2,1,1,0,1,2,1,1,9,2,4,0,1,0,1,1,0,2,5,5,3,9
2014.0,-270.0,0.0,0.0,3,6,3,0,0,0,0,5,1,1,0,0,5,1,1,11,2,4,0,0,0,2,1,0,6,7,5,8,8
2014.0,-210.0,0.0,0.0,3,6,3,0,0,0,1,1,1,1,0,1,1,1,1,12,2,4,0,0,0,0,1,0,6,7,5,8,3
2014.0,234.0,0.0,0.0,3,1,3,0,0,0,0,5,1,1,0,1,5,1,1,13,2,4,0,0,0,1,2,0,6,2,5,3,9
2014.0,0.0,0.0,0.0,3,10,3,0,0,0,0,1,1,1,0,1,1,1,1,14,2,4,0,0,0,1,1,0,4,5,5,3,2
2014.0,-360.0,1.0,0.0,3,4,3,0,0,0,0,3,1,1,0,0,5,1,1,16,2,4,0,1,0,2,2,0,6,2,5,9,3
2014.0,-68.0,0.0,0.0,3,6,3,0,0,0,1,1,1,1,0,0,1,1,1,16,2,4,0,1,0,1,1,0,4,7,5,8,3
2014.0,-171.0,0.0,0.0,3,4,3,0,0,0,0,7,1,1,0,1,2,1,1,16,2,4,0,1,0,2,1,0,6,2,5,3,9
2014.0,26.0,1.0,0.0,3,6,3,0,0,0,0,5,1,1,0,0,5,1,1,16,2,4,0,1,0,2,1,0,2,7,5,9,3
2014.0,180.0,1.0,0.0,3,6,3,0,0,0,0,5,1,1,0,1,5,1,1,16,2,4,0,1,0,1,1,0,6,7,5,8,3
2014.0,-599.0,2.0,0.0,3,6,3,0,0,0,1,1,1,1,0,0,1,1,1,16,2,4,0,1,0,2,1,0,6,7,5,8,3
2014.0,80.0,0.0,0.0,3,10,3,0,0,0,0,1,1,1,0,0,1,1,1,17,2,4,0,1,0,2,2,0,6,9,5,3,2
2014.0,0.0,2.0,0.0,3,4,3,0,0,0,0,9,1,1,0,1,1,1,1,18,2,4,0,1,0,1,1,0,4,2,5,3,9
2014.0,0.0,0.0,0.0,3,4,3,0,0,0,1,9,0,1,0,1,1,1,1,18,2,4,0,1,0,1,1,0,4,2,5,3,9
2014.0,-96.0,1.0,0.0,3,6,3,0,0,0,1,1,1,1,0,1,1,1,1,18,2,4,0,1,0,0,0,0,6,7,5,8,3
2014.0,35.0,0.0,0.0,3,10,4,0,0,0,1,1,1,1,0,1,1,1,1,18,2,4,0,1,0,1,1,0,4,5,5,3,3
2014.0,160.0,2.0,0.0,2,6,0,0,0,0,1,5,0,1,0,1,5,1,1,20,2,4,0,0,0,1,1,0,2,7,5,8,3
2014.0,-200.0,0.0,0.0,3,10,0,0,0,0,2,2,1,1,0,1,2,1,1,20,2,4,0,0,0,0,1,0,0,5,5,9,8
2014.0,-266.0,0.0,0.0,3,10,3,0,0,0,1,9,1,1,0,1,9,1,1,7,3,5,0,1,0,2,1,0,6,7,5,3,0
2014.0,0.0,1.0,0.0,3,6,3,0,0,0,0,9,1,1,0,0,9,1,1,7,3,5,0,1,0,1,1,0,2,7,5,8,8
2014.0,0.0,2.0,0.0,2,4,3,0,0,0,1,2,1,1,0,0,5,1,1,10,3,5,0,0,0,1,1,0,4,4,5,9,3
2014.0,286.0,1.0,0.0,2,4,3,0,0,0,0,4,1,1,0,1,1,1,1,11,3,5,0,0,0,1,2,0,6,2,5,3,9
2014.0,521.0,0.0,0.0,3,1,3,0,0,0,0,2,1,1,0,1,9,1,1,12,3,5,0,0,0,1,1,0,6,2,5,3,7
2014.0,-40.0,0.0,0.0,3,6,3,0,0,0,1,2,1,1,0,0,2,1,1,13,3,5,0,0,0,1,1,0,4,7,5,8,3
2014.0,373.0,0.0,0.0,3,6,3,0,0,0,1,5,1,1,0,1,5,1,1,13,3,5,0,0,0,1,2,0,6,7,5,8,3
2014.0,0.0,2.0,0.0,2,4,3,0,0,0,1,9,1,1,0,0,5,1,1,13,3,5,0,0,0,2,2,0,4,2,5,3,9
2014.0,0.0,0.0,0.0,3,4,3,0,0,0,1,5,1,1,0,0,2,1,1,14,3,5,0,0,0,1,2,0,4,2,5,3,9
2014.0,-496.0,0.0,0.0,3,1,3,0,0,0,1,2,1,1,0,0,1,1,1,16,3,5,0,1,0,2,1,0,0,2,5,3,9
2014.0,-100.0,1.0,0.0,2,6,3,0,0,0,1,1,1,1,0,1,1,1,1,16,3,5,0,1,0,1,2,0,6,7,5,8,3
2014.0,-4.0,1.0,0.0,2,1,3,0,0,2,0,2,1,1,0,1,1,1,1,17,3,5,0,1,0,2,2,0,4,9,5,9,3
2014.0,21.0,0.0,0.0,3,10,4,0,0,0,0,9,1,1,0,0,9,1,1,19,3,5,0,1,0,2,2,0,4,9,5,8,2
2014.0,250.0,0.0,0.0,3,10,4,0,0,0,2,5,1,1,0,0,5,1,1,19,3,5,0,1,0,0,2,0,6,9,5,3,2
2014.0,0.0,0.0,0.0,3,4,0,0,0,0,1,1,1,1,2,1,9,1,1,1,4,5,0,0,0,1,1,0,4,2,5,3,9
2014.0,-15.0,0.0,0.0,3,1,3,0,0,0,0,1,1,1,0,0,5,1,1,5,4,5,0,0,0,2,1,0,1,2,5,3,9
2014.0,44.0,1.0,0.0,2,1,3,0,0,0,0,5,1,1,0,1,9,1,1,6,4,5,0,0,0,2,1,0,0,2,5,3,9
2014.0,40.0,0.0,0.0,3,6,3,0,0,0,0,9,1,1,0,1,9,1,1,7,4,5,0,1,0,2,1,0,4,8,5,8,3
2014.0,0.0,0.0,0.0,3,4,3,0,0,0,0,2,1,1,0,0,1,1,1,10,4,5,0,0,0,2,2,0,4,2,5,3,9
2014.0,188.0,0.0,0.0,3,5,3,0,0,2,1,1,1,1,0,1,5,1,1,11,4,5,0,0,0,1,2,0,0,5,5,9,3
2014.0,0.0,0.0,0.0,3,4,3,0,0,0,0,2,1,1,0,1,9,1,1,15,4,5,0,0,0,1,1,0,2,2,2,3,9
2014.0,128.0,0.0,0.0,3,10,3,0,0,0,0,5,1,1,0,1,5,1,1,15,4,5,0,0,0,1,1,0,4,9,5,3,2
2014.0,0.0,0.0,0.0,3,4,0,0,0,0,1,5,1,1,0,1,2,1,1,19,4,5,0,1,0,2,2,0,4,2,5,3,9
2014.0,-100.0,0.0,0.0,3,6,0,0,0,0,1,5,1,1,0,0,5,1,1,22,4,5,0,0,0,1,2,0,6,7,5,3,3
2014.0,50.0,0.0,0.0,3,6,0,0,0,0,1,2,1,1,0,0,2,1,1,22,4,5,0,0,0,2,2,0,6,7,5,8,3
2014.0,23.0,1.0,0.0,3,6,3,0,0,0,1,9,1,1,0,1,9,1,1,7,5,5,1,1,0,1,1,0,4,0,5,8,8
2014.0,-40.0,0.0,0.0,3,6,3,0,0,0,0,1,1,1,0,1,1,1,1,13,5,5,1,0,0,1,1,0,4,0,5,8,3
2014.0,0.0,0.0,0.0,3,1,3,0,0,0,1,6,1,1,0,1,6,1,1,13,5,5,1,0,0,2,1,0,4,9,5,9,9
2014.0,0.0,0.0,0.0,3,6,3,0,0,0,0,9,1,1,0,0,9,1,1,14,5,5,1,0,0,1,1,0,4,7,5,3,3
2014.0,20.0,0.0,0.0,3,6,3,0,0,0,1,5,1,1,0,0,5,1,1,15,5,5,1,0,0,1,1,0,4,7,5,8,3
2014.0,-20.0,0.0,0.0,3,6,3,0,0,0,1,1,1,1,0,0,1,1,1,16,5,5,1,1,0,1,1,0,4,7,5,3,3
2014.0,-30.0,0.0,0.0,3,6,3,0,0,0,1,1,1,1,0,0,1,1,1,17,5,5,1,1,0,1,1,0,4,7,5,8,3
2014.0,148.0,0.0,0.0,3,4,4,0,0,0,1,1,1,1,0,1,9,1,1,18,5,5,1,1,0,0,1,0,0,2,5,3,9
2014.0,-30.0,0.0,0.0,3,6,0,0,0,0,1,2,0,1,0,1,2,1,1,0,6,5,1,0,0,1,2,0,4,7,5,3,3
2014.0,-65.0,0.0,0.0,3,6,0,0,0,0,1,2,0,1,0,1,2,1,1,2,6,5,1,0,0,2,2,0,6,7,5,8,3
2014.0,0.0,1.0,0.0,3,6,3,0,0,0,2,5,1,1,0,0,5,1,1,5,6,5,1,0,0,0,1,0,4,5,5,9,3
2014.0,-200.0,0.0,0.0,3,4,3,0,0,0,0,5,1,1,0,0,2,1,1,12,6,5,1,0,0,2,1,0,0,2,5,3,9
2014.0,110.0,0.0,0.0,3,4,3,0,0,0,1,3,1,1,0,1,9,1,1,17,6,5,1,1,0,1,1,0,6,2,5,3,9
2014.0,200.0,0.0,0.0,3,6,0,0,0,0,0,1,1,1,0,1,1,1,1,21,6,5,1,0,0,2,2,0,6,7,5,3,3
2014.0,82.0,0.0,0.0,3,6,3,0,0,0,0,5,1,1,0,1,5,1,1,8,0,5,0,1,0,1,1,0,6,7,5,8,3
2014.0,-90.0,0.0,0.0,3,6,3,0,0,0,1,9,1,1,0,0,9,1,1,9,0,5,0,1,0,1,1,0,6,7,5,8,3
2014.0,-600.0,0.0,0.0,3,10,3,0,0,0,2,1,1,1,0,0,1,1,1,11,0,5,0,0,0,0,1,0,6,5,5,3,5
2014.0,-532.0,0.0,0.0,3,1,3,0,0,0,1,7,1,1,0,1,9,1,1,11,0,5,0,0,0,2,1,0,6,2,5,3,9
2014.0,-65.0,0.0,0.0,3,6,3,0,0,0,1,1,1,1,0,1,1,1,1,15,0,5,0,0,0,1,1,0,6,7,5,8,3
2014.0,-80.0,0.0,0.0,3,6,3,0,0,0,1,1,1,1,0,1,1,1,1,15,0,5,0,0,0,2,1,0,6,5,0,3,8
2014.0,0.0,0.0,0.0,3,6,3,0,0,0,1,5,1,1,0,0,5,1,1,15,0,5,0,0,0,1,0,0,4,7,5,8,3
2014.0,-10.0,1.0,0.0,3,1,3,0,0,2,1,9,1,1,0,1,6,1,1,16,0,5,0,1,0,1,1,0,4,5,5,9,3
2014.0,-413.0,0.0,0.0,3,1,3,0,0,0,1,5,1,1,2,1,5,1,1,17,0,5,0,1,0,2,1,0,6,4,5,3,9
2014.0,0.0,0.0,0.0,3,10,3,0,0,0,2,5,1,1,0,1,5,1,1,6,1,5,0,0,0,0,1,0,4,5,5,3,9
2014.0,-576.0,2.0,0.0,3,6,3,0,0,0,0,2,1,1,0,0,2,1,1,7,1,5,0,1,0,1,1,0,6,7,5,8,3
2014.0,0.0,0.0,0.0,3,4,3,0,0,0,0,1,1,1,0,1,5,1,1,7,1,5,0,1,0,2,1,0,4,2,5,9,3
2014.0,-255.0,0.0,0.0,3,1,3,0,0,0,1,3,1,1,0,1,1,1,1,8,1,5,0,1,0,1,1,0,6,2,5,3,9
2014.0,-80.0,0.0,0.0,3,8,3,0,0,0,2,1,1,1,1,1,1,1,1,11,1,5,0,0,0,0,1,0,6,5,5,6,1
2014.0,0.0,0.0,0.0,3,1,3,0,0,0,1,2,1,1,0,1,7,1,1,15,1,5,0,0,0,2,1,0,4,2,5,9,3
2014.0,30.0,0.0,0.0,3,6,3,0,0,0,0,5,1,1,0,1,5,1,1,15,1,5,0,0,0,2,1,0,4,7,5,8,3
2014.0,100.0,0.0,0.0,3,6,3,0,0,0,0,2,1,1,0,1,5,1,1,15,1,5,0,0,0,2,0,0,4,5,5,8,1
2014.0,-54.0,0.0,0.0,3,6,3,0,0,0,0,1,1,1,0,0,1,1,1,16,1,5,0,1,0,1,0,0,6,7,5,8,3
2014.0,400.0,1.0,0.0,3,6,3,0,0,0,1,5,1,1,0,1,5,1,1,17,1,5,0,1,0,2,0,0,6,7,5,8,3
2014.0,3.0,1.0,0.0,3,5,0,0,0,3,0,9,1,1,0,1,5,1,1,23,1,5,0,0,0,2,2,0,4,2,5,3,7
2014.0,0.0,0.0,0.0,3,6,3,0,0,0,1,9,1,1,0,1,9,1,1,11,2,5,0,0,0,1,1,0,4,7,5,8,9
2014.0,-720.0,0.0,0.0,3,4,3,0,0,0,0,4,1,1,0,1,1,1,1,12,2,5,0,0,0,1,1,0,6,2,5,3,9
2014.0,200.0,0.0,0.0,3,6,3,0,0,0,2,9,1,1,0,0,9,1,1,12,2,5,0,0,0,0,0,0,4,7,5,8,3
2014.0,150.0,0.0,0.0,3,6,3,0,0,0,1,5,1,1,0,0,5,1,1,12,2,5,0,0,0,2,2,0,6,7,5,8,3
2014.0,-215.0,0.0,0.0,3,10,3,0,0,0,1,2,1,1,0,1,2,1,1,16,2,5,0,1,0,1,1,0,6,9,5,3,2
2014.0,-917.0,1.0,0.0,2,6,3,0,0,0,1,2,1,1,0,0,2,1,1,17,2,5,0,1,0,0,0,0,6,7,5,8,3
2014.0,-91.0,1.0,0.0,3,6,3,0,0,0,1,1,1,1,0,1,1,1,1,17,2,5,0,1,0,2,1,0,6,7,5,8,3
2014.0,-45.0,0.0,0.0,3,6,3,0,0,0,1,2,1,1,0,1,2,1,1,17,2,5,0,1,0,2,2,0,4,7,5,8,3
2014.0,-55.0,0.0,0.0,3,6,3,0,0,0,0,2,1,1,0,1,2,1,1,19,2,5,0,1,0,2,1,0,4,7,5,8,3
2014.0,-25.0,0.0,0.0,3,5,0,0,0,0,1,1,1,1,0,0,1,1,1,21,2,5,0,0,0,1,1,0,4,0,5,8,1
2014.0,-61.0,0.0,0.0,3,6,0,0,0,0,0,1,1,1,0,1,6,1,1,1,3,5,0,0,0,2,2,0,6,7,5,9,3
2014.0,1150.0,0.0,0.0,3,6,3,0,0,0,1,1,1,1,0,1,1,1,1,9,3,5,0,1,0,2,2,0,6,7,5,8,3
2014.0,-90.0,0.0,0.0,3,6,3,0,0,0,0,2,1,1,0,0,2,1,1,12,3,5,0,0,0,1,1,0,4,7,5,8,3
2014.0,30.0,1.0,0.0,2,6,3,0,0,0,1,5,1,1,0,0,5,1,1,12,3,5,0,0,0,1,2,0,4,7,5,8,3
2014.0,-290.0,0.0,0.0,3,1,3,0,0,0,0,9,1,1,0,1,1,1,1,12,3,5,0,0,0,0,1,0,0,2,5,3,9
2014.0,-10.0,0.0,0.0,3,5,3,0,0,0,2,6,1,1,3,0,2,1,1,15,3,5,0,0,0,0,0,0,4,7,5,5,9
2014.0,-250.0,2.0,0.0,3,4,3,0,0,0,1,5,1,1,0,1,5,1,1,17,3,5,0,1,0,1,1,0,6,5,5,3,9
2014.0,0.0,0.0,0.0,3,4,3,0,0,0,1,7,1,1,0,0,5,1,1,17,3,5,0,1,0,0,1,0,4,2,5,3,9
2014.0,-350.0,1.0,0.0,2,6,0,0,0,0,1,9,1,1,0,1,9,1,1,22,3,5,0,0,0,1,2,0,6,9,5,3,8
2014.0,0.0,0.0,0.0,3,10,0,0,0,0,0,1,1,1,0,1,1,1,1,23,3,5,0,0,0,2,0,0,4,9,5,3,9
2014.0,-110.0,2.0,0.0,2,10,3,0,0,0,1,9,1,1,0,1,9,1,1,11,4,5,0,0,0,1,1,0,6,9,5,8,3
2014.0,50.0,0.0,0.0,3,10,3,0,0,0,2,5,1,1,0,1,5,1,1,11,4,5,0,0,0,0,2,0,6,4,5,3,2
2014.0,-150.0,1.0,0.0,3,6,3,0,0,0,1,9,1,1,0,1,9,1,1,13,4,5,0,0,0,2,1,0,6,7,5,8,3
2014.0,0.0,1.0,0.0,2,4,3,0,0,0,1,9,1,1,0,1,1,1,1,14,4,5,0,0,0,2,1,0,4,2,5,3,9
2014.0,104.0,0.0,0.0,3,10,3,0,0,0,2,5,1,1,0,0,5,1,1,14,4,5,0,0,0,0,2,0,4,7,5,8,9
2014.0,0.0,0.0,0.0,3,4,3,0,0,0,0,2,1,1,0,1,9,1,1,15,4,5,0,0,0,2,2,0,2,4,5,3,9
2014.0,0.0,0.0,0.0,3,10,3,0,0,0,2,2,1,1,0,1,2,1,1,16,4,5,0,1,0,0,0,0,2,5,5,3,3
2014.0,300.0,0.0,0.0,3,6,3,0,0,0,0,9,1,1,0,0,9,1,1,16,4,5,0,1,0,2,1,0,6,7,5,8,3
2014.0,0.0,0.0,0.0,3,4,3,0,0,0,1,3,1,1,0,1,9,1,1,17,4,5,0,1,0,1,1,0,4,2,5,3,9
2014.0,-102.0,6.0,0.0,1,6,0,0,0,0,1,3,0,1,0,1,3,1,1,1,5,5,1,0,0,2,2,0,6,7,5,8,9
2014.0,0.0,2.0,0.0,1,1,3,0,0,0,1,9,1,1,0,1,5,1,1,7,5,5,1,1,0,1,2,0,4,2,5,3,3
2014.0,10.0,0.0,0.0,3,6,3,0,0,0,1,1,1,1,0,0,9,1,1,10,5,5,1,0,0,1,1,0,4,5,5,8,1
2014.0,-76.0,0.0,0.0,3,4,3,0,0,0,0,1,1,1,0,1,9,1,1,11,5,5,1,0,0,1,1,0,0,5,5,9,9
2014.0,-40.0,1.0,0.0,3,6,3,0,0,0,1,1,0,1,0,0,1,1,1,11,5,5,1,0,0,1,2,0,4,7,5,8,3
2014.0,0.0,0.0,0.0,3,6,3,0,0,0,0,5,1,1,0,1,5,1,1,11,5,5,1,0,0,2,0,0,6,7,5,8,3
2014.0,402.0,0.0,0.0,3,5,3,0,0,2,1,1,1,1,0,0,5,1,1,11,5,5,1,0,0,2,2,0,6,5,5,5,3
2014.0,0.0,1.0,0.0,3,1,3,0,0,0,1,1,1,1,0,1,5,1,1,12,5,5,1,0,0,2,2,0,4,2,5,3,3
2014.0,-50.0,0.0,0.0,3,10,3,0,0,0,0,9,1,1,0,1,9,1,1,18,5,5,1,1,0,2,1,0,4,9,5,3,2
2014.0,0.0,2.0,0.0,3,1,3,0,0,0,0,2,1,1,0,0,1,1,1,18,5,5,1,1,0,2,1,0,2,5,5,3,3
2014.0,162.0,1.0,0.0,3,10,0,0,0,0,0,1,0,1,1,1,1,1,1,2,6,5,1,0,0,2,1,0,6,0,5,6,3
2014.0,-30.0,0.0,0.0,3,6,0,0,0,0,0,2,0,1,0,0,2,1,1,2,6,5,1,0,0,1,2,0,4,7,5,8,3
2014.0,0.0,1.0,0.0,3,1,3,0,0,0,1,4,1,1,0,0,1,1,1,10,6,5,1,0,0,1,0,0,6,2,5,3,5
2014.0,110.0,0.0,0.0,3,1,3,0,0,0,0,2,1,1,0,0,2,1,1,12,6,5,1,0,0,2,2,0,6,9,5,3,2
2014.0,0.0,0.0,0.0,3,4,3,4,0,0,1,1,1,1,0,1,5,1,1,17,6,5,1,1,0,2,1,0,2,2,5,9,3
2014.0,0.0,0.0,0.0,3,1,3,0,0,0,1,9,1,1,0,1,5,1,1,17,6,5,1,1,0,2,2,0,4,2,5,3,3
2014.0,20.0,1.0,0.0,3,6,3,0,0,0,0,1,1,1,0,1,1,1,1,17,6,5,1,1,0,1,1,0,6,7,5,8,3
2014.0,-75.0,0.0,0.0,3,10,3,0,0,0,1,1,1,1,0,0,1,1,1,7,0,5,0,1,0,1,2,0,6,9,5,3,2
2014.0,757.0,0.0,0.0,3,6,3,0,0,0,0,9,1,1,0,0,9,1,1,7,0,5,0,1,0,1,1,0,6,7,5,8,3
2014.0,0.0,1.0,0.0,3,1,3,0,0,0,1,9,1,1,0,1,1,1,1,11,0,5,0,0,0,2,2,0,2,2,5,9,3
2014.0,0.0,1.0,0.0,2,4,3,0,0,0,1,9,1,1,0,0,1,1,1,11,0,5,0,0,0,1,1,0,4,2,5,3,9
2014.0,10.0,0.0,0.0,3,10,3,0,0,0,0,9,1,1,0,0,2,1,1,12,0,5,0,0,0,1,1,0,0,4,5,3,9
2014.0,-270.0,0.0,0.0,3,6,3,0,0,0,0,5,1,1,0,1,5,1,1,16,0,5,0,1,0,1,1,0,6,7,5,8,3
2014.0,0.0,0.0,0.0,3,4,3,0,0,0,0,9,1,1,0,1,1,1,1,17,0,5,0,1,0,1,1,0,4,4,5,3,9
2014.0,0.0,0.0,0.0,3,4,3,0,0,0,0,3,1,1,0,1,7,1,1,18,0,5,0,1,0,2,1,0,4,4,5,3,9
2014.0,0.0,3.0,0.0,3,4,3,0,0,0,0,5,1,1,0,1,2,1,1,18,0,5,0,1,0,2,2,0,4,2,5,3,9
2014.0,0.0,0.0,0.0,3,6,3,0,0,0,1,2,1,1,0,1,3,1,1,18,0,5,0,1,0,2,1,0,4,8,5,0,3
2014.0,450.0,0.0,1.0,0,5,0,1,0,0,0,5,1,1,0,1,2,1,1,19,0,5,0,1,0,2,1,0,0,4,5,3,9
2014.0,462.0,1.0,0.0,3,1,3,0,0,0,0,3,1,1,0,1,9,1,1,7,1,5,0,1,0,2,2,0,6,5,5,3,9
2014.0,82.0,1.0,0.0,3,5,3,0,0,0,1,1,1,1,0,0,9,1,1,9,1,5,0,1,0,1,1,0,6,5,5,8,1
2014.0,0.0,0.0,0.0,3,1,3,0,0,0,0,1,1,1,0,0,5,1,1,11,1,5,0,0,0,1,1,0,4,2,5,3,9
2014.0,-650.0,0.0,0.0,3,4,3,0,0,0,0,1,1,1,0,1,1,1,1,11,1,5,0,0,0,0,1,0,6,5,5,3,9
2014.0,220.0,1.0,0.0,3,6,3,0,0,0,1,2,1,1,0,0,2,1,1,13,1,5,0,0,0,2,2,0,6,7,5,8,3
2014.0,-810.0,1.0,0.0,3,1,3,0,0,0,2,9,1,1,2,0,5,1,1,13,1,5,0,0,0,0,1,0,6,5,5,3,9
2014.0,-124.0,0.0,0.0,3,6,3,0,0,0,0,5,1,1,0,1,5,1,1,15,1,5,0,0,0,1,1,0,6,7,5,8,3
2014.0,250.0,8.0,0.0,3,6,3,0,0,0,1,1,1,1,0,0,1,1,1,15,1,5,0,0,0,1,1,0,6,7,5,8,3
2014.0,-95.0,0.0,0.0,3,6,3,0,0,0,0,1,1,1,0,0,1,1,1,17,1,5,0,1,0,1,2,0,6,7,5,8,3
2014.0,0.0,0.0,0.0,3,10,3,0,0,0,1,2,1,1,0,0,2,1,1,17,1,5,0,1,0,1,1,0,2,5,5,9,9
2014.0,-100.0,0.0,0.0,3,6,3,0,0,0,1,1,1,1,0,1,1,1,1,18,1,5,0,1,0,1,1,0,4,0,5,8,3
2014.0,0.0,0.0,0.0,3,1,3,0,0,0,1,5,1,1,0,0,3,1,1,18,1,5,0,1,0,1,1,0,6,2,0,9,3
2014.0,-60.0,0.0,0.0,3,7,3,0,0,0,0,2,1,1,0,1,8,1,1,18,1,5,0,1,0,2,1,0,4,8,5,8,2
2014.0,-25.0,0.0,0.0,3,6,4,0,0,0,0,2,1,1,0,0,2,1,1,19,1,5,0,1,0,1,1,0,4,0,5,8,8
2014.0,0.0,1.0,0.0,3,4,0,0,0,0,0,1,1,1,0,1,9,1,1,19,1,5,0,1,0,2,1,0,2,2,5,9,3
2014.0,-850.0,0.0,0.0,3,1,0,0,0,0,0,7,1,1,0,0,9,1,1,22,1,5,0,0,0,1,2,0,6,5,5,3,9
2014.0,0.0,3.0,0.0,2,3,0,0,0,0,1,2,0,1,0,0,5,1,1,23,1,5,0,0,0,1,2,0,4,9,5,3,3
2014.0,0.0,1.0,0.0,2,4,3,0,0,0,0,9,1,1,0,1,1,1,1,5,2,5,0,0,0,1,1,0,4,7,4,9,3