Year,Distance,Totalinjuries,Totalfatalities,Injuryseverity,Collisionmanner,Lightcondition,Weather,SurfaceCondition,Unittype_One,Gender_Drv1,Traveldirection_One,AlcoholUse_Drv1,DrugUse_Drv1,Unittype_Two,Gender_Drv2,Traveldirection_Two,AlcoholUse_Drv2,DrugUse_Drv2,Hour,Weekday,Month,Weekend,Rush_Hour,Hazardous_Road,Age_Group_Drv1,Age_Group_Drv2,Substance_Use,Junction_Category,Violation_Category_Drv1,Violation_Category_Drv2,Unitaction_Category_Two,Unitaction_Category_One
2014.0,0.0,0.0,0.0,3,6,0,0,0,0,1,5,1,1,0,1,5,1,1,22,4,6,0,0,0,2,1,0,4,7,5,8,8
2014.0,0.0,0.0,0.0,3,4,3,0,0,0,1,1,1,1,0,1,2,1,1,10,5,6,1,0,0,2,2,0,0,0,5,9,9
2014.0,0.0,2.0,0.0,2,5,3,0,0,0,1,1,1,1,0,0,2,1,1,11,5,6,1,0,0,2,1,0,2,2,5,3,3
2014.0,0.1,0.0,0.0,3,6,3,0,0,0,1,9,1,1,0,1,9,1,1,12,5,6,1,0,0,1,2,0,6,7,5,8,3
2014.0,0.0,0.0,0.0,3,1,3,0,0,0,1,2,1,1,0,1,6,1,1,12,5,6,1,0,0,2,1,0,4,2,5,9,3
2014.0,0.0,0.0,0.0,3,4,3,0,0,0,0,5,1,1,0,1,3,1,1,14,5,6,1,0,0,1,1,0,2,5,5,9,3
2014.0,173.0,0.0,0.0,3,10,3,0,0,0,0,1,1,1,0,0,1,1,1,17,5,6,1,1,0,0,2,0,6,9,5,3,2
2014.0,-104.0,0.0,0.0,3,10,3,0,0,0,0,1,1,1,0,0,1,1,1,18,5,6,1,1,0,1,1,0,6,9,5,8,2
2014.0,0.0,1.0,0.0,3,4,0,0,0,0,0,3,1,1,0,1,9,1,1,0,6,6,1,0,0,2,2,0,4,4,5,3,9
2014.0,-25.0,0.0,0.0,3,10,3,0,0,0,0,9,1,1,0,0,9,1,1,15,6,6,1,0,0,1,2,0,6,4,5,3,9
2014.0,0.0,1.0,0.0,2,5,3,0,0,0,1,2,1,1,0,1,7,1,1,16,6,6,1,1,0,2,2,0,4,2,5,9,3
2014.0,250.0,0.0,0.0,3,6,3,0,0,0,0,9,1,1,0,0,9,1,1,16,6,6,1,1,0,1,2,0,6,8,5,8,3
2014.0,0.0,1.0,0.0,2,1,3,0,0,0,0,4,1,1,0,1,5,1,1,17,6,6,1,1,0,1,2,0,2,7,5,3,9
2014.0,0.0,0.0,0.0,3,4,3,0,0,0,1,5,1,1,0,1,9,1,1,19,6,6,1,1,0,2,1,0,4,2,5,3,9
2014.0,0.0,3.0,0.0,2,3,0,0,0,0,1,1,0,1,0,1,9,1,1,20,6,6,1,0,0,1,0,0,4,9,5,8,3
2014.0,50.0,0.0,0.0,3,6,0,0,0,0,0,5,1,1,0,1,5,1,1,21,6,6,1,0,0,1,2,0,6,7,5,3,8
2014.0,67.0,1.0,0.0,3,6,3,0,0,0,0,2,1,1,0,0,2,1,1,6,0,6,0,0,0,2,1,0,6,7,5,8,3
2014.0,650.0,0.0,0.0,3,1,3,0,0,0,0,5,1,1,0,0,9,1,1,10,0,6,0,0,0,2,2,0,6,2,5,3,9
2014.0,-367.0,3.0,0.0,3,6,3,0,0,0,0,1,1,1,0,1,1,1,1,12,0,6,0,0,0,2,0,0,6,7,5,8,3
2014.0,-6.0,1.0,0.0,3,4,3,0,0,0,0,9,1,1,2,1,1,1,1,12,0,6,0,0,0,2,1,0,4,2,5,3,9
2014.0,0.0,0.0,0.0,3,1,3,0,0,0,0,2,1,1,0,1,3,1,1,15,0,6,0,0,0,1,1,0,4,3,5,9,3
2014.0,0.0,1.0,0.0,2,4,0,0,0,0,0,9,1,1,0,1,3,1,1,20,0,6,0,0,0,1,1,0,4,2,5,9,3
2014.0,0.0,1.0,0.0,3,4,0,0,0,0,0,7,1,1,0,1,1,1,1,21,0,6,0,0,0,1,2,0,4,5,5,3,9
2014.0,0.0,0.0,0.0,3,1,3,0,0,0,0,9,1,1,0,0,2,1,1,6,1,6,0,0,0,1,2,0,4,5,5,3,3
2014.0,-60.0,0.0,0.0,3,1,3,0,0,0,1,1,1,1,0,1,1,1,1,9,1,6,0,1,0,1,0,0,6,5,5,9,9
2014.0,-358.0,1.0,0.0,3,1,3,0,0,2,0,2,1,1,0,1,1,1,1,17,1,6,0,1,0,1,1,0,0,9,5,9,3
2014.0,-515.0,1.0,0.0,3,1,3,0,0,2,1,1,1,1,0,1,4,1,1,18,1,6,0,1,0,1,1,0,0,9,5,9,3
2014.0,0.0,0.0,0.0,3,4,0,0,0,0,0,6,1,1,0,1,2,1,1,21,1,6,0,0,0,1,2,0,4,2,5,3,3
2014.0,0.0,1.0,0.0,2,6,0,0,0,0,1,1,1,1,0,0,1,1,1,22,1,6,0,0,0,1,2,0,4,0,5,9,9
2014.0,-20.0,0.0,0.0,3,10,3,0,0,0,0,1,1,1,0,1,1,1,1,6,2,6,0,0,0,0,1,0,4,7,5,8,3
2014.0,0.0,0.0,0.0,3,4,3,0,0,0,1,2,1,1,0,0,5,1,1,7,2,6,0,1,0,2,2,0,4,2,5,9,3
2014.0,-60.0,0.0,0.0,3,1,3,0,0,0,1,4,1,1,0,0,9,1,1,7,2,6,0,1,0,2,1,0,6,2,5,3,9
2014.0,-100.0,0.0,0.0,3,6,3,0,0,0,1,2,1,1,0,0,2,1,1,8,2,6,0,1,0,1,0,0,4,0,5,8,8
2014.0,-800.0,2.0,0.0,2,1,3,0,0,0,1,1,1,1,3,1,5,1,1,8,2,6,0,1,0,2,2,0,6,5,5,7,3
2014.0,-30.0,0.0,0.0,3,6,3,0,0,0,1,2,1,1,0,1,2,1,1,10,2,6,0,0,0,2,1,0,2,7,5,8,3
2014.0,-25.0,0.0,0.0,3,10,3,0,0,0,1,2,1,1,0,1,2,1,1,13,2,6,0,0,0,1,2,0,4,9,5,3,2
2014.0,10.0,1.0,0.0,3,6,3,0,0,0,2,5,1,1,0,1,5,1,1,13,2,6,0,0,0,0,1,0,2,7,5,8,3
2014.0,-300.0,1.0,0.0,3,6,3,0,0,0,1,2,1,1,0,0,2,1,1,14,2,6,0,0,0,1,1,0,6,0,5,8,3
2014.0,500.0,0.0,0.0,3,6,3,0,0,0,1,2,1,1,0,1,2,1,1,15,2,6,0,0,0,1,1,0,6,7,5,8,3
2014.0,40.0,0.0,0.0,3,6,3,0,0,0,1,5,1,1,0,0,5,1,1,15,2,6,0,0,0,1,2,0,4,7,5,8,3
2014.0,-6.0,0.0,0.0,3,6,3,0,0,0,0,1,1,1,0,0,1,1,1,17,2,6,0,1,0,1,1,0,4,7,5,9,3
2014.0,190.0,0.0,0.0,3,6,3,0,0,0,1,5,1,1,0,1,5,1,1,19,2,6,0,1,0,1,1,0,6,7,5,8,8
2014.0,0.0,2.0,0.0,2,4,3,0,0,0,0,6,1,1,0,0,2,1,1,19,2,6,0,1,0,2,1,0,4,2,5,3,9
2014.0,904.0,1.0,0.0,2,6,0,0,0,0,1,5,0,1,0,0,5,1,1,19,2,6,0,1,0,1,1,0,6,7,5,8,3
2014.0,47.0,0.0,0.0,3,1,0,0,0,0,0,5,1,1,0,0,5,1,1,20,2,6,0,0,0,0,2,0,4,5,5,3,2
2014.0,332.0,0.0,0.0,3,10,0,0,0,0,1,9,1,1,0,1,9,1,1,20,2,6,0,0,0,2,1,0,6,9,5,3,5
2014.0,-32.0,1.0,0.0,3,6,0,0,0,0,0,5,1,1,0,0,5,1,1,21,2,6,0,0,0,2,0,0,2,7,5,8,3
2014.0,36.0,0.0,0.0,3,6,0,0,0,0,0,5,0,1,0,1,5,1,1,2,3,6,0,0,0,2,1,0,4,8,5,9,9
2014.0,0.0,1.0,0.0,3,1,2,0,0,0,1,9,1,1,0,1,5,1,1,5,3,6,0,0,0,1,0,0,4,2,5,3,3
2014.0,0.0,0.0,0.0,3,4,2,0,0,0,1,5,1,1,0,1,9,1,1,6,3,6,0,0,0,1,2,0,2,2,5,9,3
2014.0,482.0,0.0,0.0,3,1,3,0,0,0,2,9,1,1,0,1,2,1,1,7,3,6,0,1,0,0,1,0,6,2,5,8,9
2014.0,100.0,0.0,0.0,3,6,3,0,0,0,1,9,1,1,0,1,9,1,1,8,3,6,0,1,0,1,1,0,2,7,5,8,3
2014.0,50.0,0.0,0.0,3,6,3,0,0,0,1,5,1,1,0,1,5,1,1,10,3,6,0,0,0,2,0,0,6,7,5,8,3
2014.0,-815.0,0.0,0.0,3,1,3,0,0,0,0,5,1,1,0,1,9,1,1,12,3,6,0,0,0,1,2,0,6,2,5,3,9
2014.0,0.0,2.0,0.0,3,4,3,0,0,0,0,1,1,1,0,0,2,1,1,12,3,6,0,0,0,1,0,0,2,5,5,3,9
2014.0,325.0,0.0,0.0,3,1,3,0,0,0,0,1,1,1,0,1,5,1,1,13,3,6,0,0,0,0,2,0,6,2,5,3,5
2014.0,-79.0,0.0,0.0,3,6,3,0,0,0,1,2,1,1,0,0,2,1,1,14,3,6,0,0,0,0,1,0,6,7,5,8,3
2014.0,82.0,0.0,0.0,3,12,3,0,0,0,2,8,1,1,1,1,5,1,1,15,3,6,0,0,0,0,1,0,6,5,5,6,5
2014.0,-300.0,0.0,0.0,3,3,2,0,0,0,2,9,1,1,1,1,1,1,1,4,4,6,0,0,0,0,1,0,6,5,5,6,5
2014.0,0.0,0.0,0.0,3,4,3,0,0,0,0,5,1,1,0,0,4,1,1,7,4,6,0,1,0,0,1,0,4,2,5,9,3
2014.0,0.0,0.0,0.0,3,1,3,0,0,0,0,9,1,1,0,1,2,1,1,13,4,6,0,0,0,1,2,0,2,0,0,3,3
2014.0,-110.0,0.0,0.0,3,10,3,0,0,0,1,5,1,1,0,1,5,1,1,13,4,6,0,0,0,0,1,0,2,9,5,3,2
2014.0,-520.0,0.0,0.0,3,10,3,0,0,0,2,1,1,1,0,1,1,1,1,14,4,6,0,0,0,0,1,0,6,4,5,3,9
2014.0,-242.0,0.0,0.0,3,10,3,0,0,0,0,1,1,1,0,0,1,1,1,15,4,6,0,0,0,1,1,0,6,9,5,3,2
2014.0,-60.0,0.0,0.0,3,6,3,0,0,0,0,1,1,1,0,1,1,1,1,15,4,6,0,0,0,1,2,0,6,7,5,8,3
2014.0,-9.0,0.0,0.0,3,6,3,0,0,0,1,6,1,1,0,1,6,1,1,16,4,6,0,1,0,1,1,0,2,7,5,8,3
2014.0,0.0,4.0,0.0,3,1,3,0,0,0,1,2,1,1,0,0,9,1,1,16,4,6,0,1,0,1,1,0,4,2,5,3,3
2014.0,-42.0,0.0,0.0,3,6,3,0,0,0,1,1,1,1,0,1,1,1,1,17,4,6,0,1,0,1,1,0,4,7,5,8,8
2014.0,-200.0,0.0,0.0,3,6,3,0,0,0,2,1,1,1,0,1,1,1,1,17,4,6,0,1,0,0,1,0,4,7,5,8,3
2014.0,-300.0,0.0,0.0,3,10,3,0,0,0,1,2,1,1,0,0,2,1,1,19,4,6,0,1,0,0,1,0,6,9,5,3,2
2014.0,0.0,1.0,0.0,3,4,0,0,0,0,0,4,0,1,0,1,5,1,1,20,4,6,0,0,0,1,2,0,4,2,5,3,9
2014.0,-97.0,0.0,0.0,3,6,0,0,0,0,1,1,0,1,0,0,1,1,1,22,4,6,0,0,0,1,2,0,4,7,5,8,3
2014.0,0.0,0.0,0.0,3,1,3,0,0,0,0,5,1,1,0,0,5,1,1,10,5,6,1,0,0,2,0,0,2,4,5,9,3
2014.0,213.0,1.0,0.0,2,1,3,0,0,0,0,5,1,1,0,0,5,1,1,13,5,6,1,0,0,1,2,0,6,7,5,3,9
2014.0,0.0,0.0,0.0,3,1,3,0,0,0,1,2,1,1,0,0,9,1,1,19,5,6,1,1,0,1,0,0,4,2,5,3,3
2014.0,0.0,2.0,0.0,2,1,3,0,0,0,1,9,1,1,0,1,5,1,1,14,6,6,1,0,0,1,1,0,4,7,5,3,3
2014.0,-270.0,0.0,0.0,3,6,3,0,0,0,2,5,1,1,0,0,5,1,1,18,6,6,1,1,0,0,1,0,1,7,5,8,3
2014.0,0.0,1.0,0.0,3,10,0,0,0,0,0,2,1,1,0,0,4,1,1,20,6,6,1,0,0,2,1,0,4,4,5,9,3
2014.0,115.0,0.0,0.0,3,6,3,0,0,0,1,9,1,1,0,1,9,1,1,9,0,6,0,1,0,1,1,0,6,7,5,8,3
2014.0,-8.0,0.0,0.0,3,6,3,0,0,0,1,1,1,1,0,1,1,1,1,13,0,6,0,0,0,2,1,0,4,7,5,9,3
2014.0,0.0,2.0,0.0,3,4,3,0,0,0,0,1,1,1,0,0,5,1,1,13,0,6,0,0,0,1,1,0,4,2,5,3,9
2014.0,-6.0,1.0,0.0,3,6,3,0,0,0,0,2,1,1,0,1,2,1,1,14,0,6,0,0,0,1,0,0,4,7,5,8,9
2014.0,0.0,1.0,0.0,1,4,3,0,0,0,1,4,1,1,0,1,5,1,1,14,0,6,0,0,0,1,1,0,4,2,5,3,9
2014.0,100.0,0.0,0.0,3,6,3,0,0,0,2,5,1,1,0,1,5,1,1,15,0,6,0,0,0,0,1,0,4,5,5,8,5
2014.0,359.0,2.0,0.0,2,1,3,0,0,0,1,5,1,1,0,1,2,1,1,7,1,7,0,1,0,1,1,0,0,2,5,5,5
2014.0,-80.0,1.0,0.0,3,6,3,0,0,0,1,2,1,1,0,1,2,1,1,17,1,7,0,1,0,1,1,0,4,7,5,8,3
2014.0,-250.0,0.0,0.0,3,1,0,0,0,0,0,5,1,1,0,1,5,1,1,19,1,7,0,1,0,1,2,0,6,5,5,5,5
2014.0,530.0,3.0,0.0,3,6,3,0,0,0,0,1,0,1,0,0,1,1,1,9,2,7,0,1,0,2,1,0,6,7,5,8,3
2014.0,2300.0,2.0,0.0,3,6,3,0,0,0,1,1,1,1,0,0,1,1,1,13,2,7,0,0,0,2,1,0,6,7,5,8,3
2014.0,-70.0,0.0,0.0,3,5,3,0,0,0,1,5,1,1,0,1,2,1,1,13,2,7,0,0,0,1,1,0,4,5,5,8,1
2014.0,-540.0,2.0,0.0,3,6,3,0,0,0,0,1,1,1,0,0,1,1,1,16,2,7,0,1,0,1,1,0,6,7,5,8,3
2014.0,115.0,2.0,0.0,2,6,3,0,0,0,1,5,1,1,0,1,5,1,1,17,2,7,0,1,0,1,1,0,4,7,5,8,3
2014.0,-300.0,0.0,0.0,3,10,4,0,0,0,2,9,1,1,1,1,9,1,1,19,2,7,0,1,0,0,1,0,6,5,5,6,5
2014.0,-86.0,4.0,0.0,2,10,0,0,0,0,1,2,1,0,0,0,2,1,1,23,2,7,0,0,0,1,1,0,6,7,5,8,3
2014.0,126.0,0.0,0.0,3,6,3,0,0,0,2,2,1,1,1,1,2,1,1,6,3,7,0,0,0,0,1,0,6,5,5,6,3
2014.0,1075.0,0.0,0.0,3,1,3,0,0,0,0,1,1,1,0,0,2,1,1,11,3,7,0,0,0,1,2,0,6,4,5,3,9
2014.0,-275.0,0.0,0.0,3,4,3,0,0,0,0,2,1,1,0,1,5,1,1,14,3,7,0,0,0,1,2,0,0,2,5,3,9
2014.0,-50.0,0.0,0.0,3,6,3,0,0,0,1,2,1,1,0,0,2,1,1,15,3,7,0,0,0,1,1,0,4,7,5,9,3
2014.0,140.0,1.0,0.0,3,6,3,0,0,0,0,5,1,1,0,1,5,1,1,16,3,7,0,1,0,1,1,0,4,7,5,8,3
2014.0,0.0,4.0,0.0,2,1,3,0,0,0,0,5,1,1,0,0,1,1,1,17,3,7,0,1,0,1,1,0,4,5,5,3,9
2014.0,220.0,0.0,0.0,3,6,3,0,0,0,1,9,1,1,0,0,9,1,1,17,3,7,0,1,0,1,1,0,4,7,5,8,3
2014.0,-0.15,0.0,0.0,3,10,3,0,0,0,1,1,1,1,0,0,1,1,1,18,3,7,0,1,0,1,2,0,6,9,5,3,2
2014.0,0.0,1.0,0.0,3,4,0,0,0,0,1,9,1,1,0,1,3,1,1,22,3,7,0,0,0,1,2,0,4,2,5,9,3
2014.0,70.0,0.0,0.0,3,6,3,0,0,0,1,9,1,1,0,1,9,1,1,14,4,7,0,0,0,2,1,0,2,0,5,8,3
2014.0,-300.0,0.0,0.0,3,6,0,0,0,0,0,2,1,1,0,0,2,1,1,20,4,7,0,0,0,2,1,0,6,7,5,3,3
2014.0,0.0,0.0,0.0,3,4,0,1,0,0,1,9,1,1,0,1,5,1,1,21,4,7,0,0,0,0,1,0,4,2,5,3,9
2014.0,330.0,0.0,0.0,3,6,0,0,0,0,1,5,1,1,0,1,5,1,1,22,4,7,0,0,0,2,2,0,6,7,5,8,3
2014.0,250.0,0.0,0.0,3,6,0,0,0,0,1,1,1,1,0,0,8,1,1,22,4,7,0,0,0,2,2,0,6,7,5,8,3
2014.0,-30.0,0.0,0.0,3,4,0,0,0,0,2,9,1,1,0,0,5,1,1,22,4,7,0,0,0,0,2,0,4,7,5,8,9
2014.0,-500.0,0.0,0.0,3,1,3,0,0,0,0,3,1,1,0,1,2,1,1,19,5,7,1,1,0,2,0,0,6,2,5,3,9
2014.0,0.0,0.0,0.0,3,4,0,1,0,0,0,5,1,1,0,0,2,1,1,20,5,7,1,0,0,1,1,0,4,5,5,3,9
2014.0,240.0,0.0,0.0,3,5,3,0,3,0,0,8,1,1,0,0,8,1,1,8,6,7,1,1,0,1,1,0,0,5,5,1,5
2014.0,0.0,0.0,0.0,3,4,3,0,0,0,1,9,1,1,0,0,5,1,1,14,6,7,1,0,0,1,1,0,4,2,5,3,9
2014.0,170.0,0.0,0.0,3,10,3,0,0,0,1,9,1,1,0,1,9,1,1,8,0,7,0,1,0,1,2,0,6,9,5,3,2
2014.0,34.0,0.0,0.0,3,6,3,0,0,0,1,1,1,1,0,1,1,1,1,12,0,7,0,0,0,2,1,0,4,7,5,9,9
2014.0,540.0,0.0,0.0,3,6,3,0,0,0,1,9,1,1,0,1,9,1,1,13,0,7,0,0,0,2,1,0,6,7,5,8,3
2014.0,-250.0,0.0,0.0,3,3,3,0,0,0,1,5,1,1,0,0,2,1,1,15,0,7,0,0,0,2,1,0,6,2,5,3,3
2014.0,40.0,0.0,0.0,3,6,3,0,0,0,1,1,1,1,0,0,1,1,1,16,0,7,0,1,0,1,2,0,6,7,5,8,3
2014.0,15.0,2.0,0.0,3,6,3,0,0,0,0,5,1,1,0,0,5,1,1,17,0,7,0,1,0,1,1,0,4,7,5,8,3
2014.0,285.0,0.0,0.0,3,6,3,0,0,0,0,9,1,1,0,0,9,1,1,17,0,7,0,1,0,2,1,0,2,8,5,8,3
2014.0,380.0,0.0,0.0,3,9,3,0,0,0,1,2,1,1,0,1,5,1,1,18,0,7,0,1,0,0,1,0,6,9,5,3,3
2014.0,-32.0,0.0,0.0,3,8,0,0,0,0,1,9,1,1,1,1,1,1,1,22,0,7,0,0,0,2,1,0,6,7,5,6,1
2014.0,-316.0,0.0,0.0,3,6,3,0,0,0,0,1,1,1,0,0,1,1,1,8,1,7,0,1,0,1,1,0,6,7,5,8,3
2014.0,63.0,0.0,0.0,3,10,3,0,0,0,1,9,1,1,0,1,9,1,1,11,1,7,0,0,0,1,1,0,6,5,5,8,3
2014.0,-600.0,0.0,0.0,3,1,3,0,0,0,1,2,1,1,0,0,1,1,1,14,1,7,0,0,0,2,2,0,0,2,5,3,9
2014.0,50.0,0.0,0.0,3,1,3,0,0,0,2,1,1,1,0,1,5,1,1,15,1,7,0,0,0,0,1,0,4,2,5,3,3
2014.0,0.0,3.0,0.0,1,1,3,0,0,0,1,2,1,1,0,0,5,1,1,15,1,7,0,0,0,0,0,0,4,2,5,9,3
2014.0,0.0,0.0,0.0,3,4,3,0,0,0,0,4,1,1,0,0,5,1,1,16,1,7,0,1,0,1,2,0,4,2,5,3,9
2014.0,0.0,0.0,0.0,3,10,3,1,0,0,0,1,1,1,0,1,1,1,1,17,1,7,0,1,0,2,1,0,4,9,5,3,2
2014.0,16.0,0.0,0.0,3,1,0,0,0,0,1,2,1,1,0,0,2,1,1,20,1,7,0,0,0,1,0,0,4,4,5,9,9
2014.0,20.0,0.0,0.0,3,7,0,3,4,0,2,9,1,1,0,1,1,1,1,0,2,7,0,0,1,0,1,0,6,5,5,3,1
2014.0,88.0,0.0,0.0,3,6,3,0,0,0,1,9,1,1,0,0,9,1,1,6,2,7,0,0,0,1,1,0,6,7,5,8,3
2014.0,-100.0,1.0,0.0,3,6,3,0,0,0,1,1,1,1,0,1,1,1,1,8,2,7,0,1,0,1,1,0,2,8,5,8,3
2014.0,25.0,0.0,0.0,3,6,3,0,0,0,1,9,1,1,0,0,9,1,1,11,2,7,0,0,0,1,0,0,2,7,5,8,3
2014.0,555.0,0.0,0.0,3,1,3,0,0,0,1,2,1,1,0,0,1,1,1,13,2,7,0,0,0,1,1,0,6,2,5,3,9
2014.0,-57.0,0.0,0.0,3,6,3,1,0,0,1,5,1,1,0,0,5,1,1,14,2,7,0,0,0,2,0,0,4,7,5,8,3
2014.0,40.0,1.0,0.0,3,6,3,0,0,0,0,5,1,1,0,0,5,1,1,16,2,7,0,1,0,1,1,0,2,2,5,8,8
2014.0,0.0,0.0,0.0,3,4,0,0,0,0,1,1,1,1,0,1,9,1,1,21,2,7,0,0,0,2,1,0,4,2,5,3,9
2014.0,-35.0,0.0,0.0,3,10,3,0,0,0,0,9,1,1,0,1,9,1,1,14,3,7,0,0,0,1,1,0,4,2,5,9,3
2014.0,0.0,0.0,0.0,3,6,3,0,0,0,1,1,1,1,0,1,1,1,1,16,3,7,0,1,0,1,1,0,4,5,8,3,3
2014.0,0.0,0.0,0.0,3,4,3,0,0,0,0,2,1,1,0,1,9,1,1,17,3,7,0,1,0,0,0,0,4,4,5,3,9
2014.0,0.0,0.0,0.0,3,4,3,0,0,0,1,1,1,1,0,1,2,1,1,17,3,7,0,1,0,1,1,0,4,2,5,3,9
2014.0,0.0,0.0,0.0,3,4,0,1,0,0,0,2,1,1,0,0,1,1,1,21,3,7,0,0,0,2,1,0,2,2,5,9,3
2014.0,200.0,0.0,0.0,3,10,0,0,0,0,1,1,1,1,0,1,1,1,1,21,3,7,0,0,0,0,1,0,6,9,5,3,2
2014.0,434.0,0.0,0.0,3,6,3,0,0,0,1,5,1,1,0,1,5,1,1,8,4,7,0,1,0,1,2,0,1,7,5,8,3
2014.0,0.0,0.0,0.0,3,1,3,0,0,0,1,9,1,1,0,1,2,1,1,9,4,7,0,1,0,2,1,0,4,4,5,3,9
2014.0,-571.0,0.0,0.0,3,10,3,0,0,0,1,1,1,1,0,0,1,1,1,10,4,7,0,0,0,1,2,0,6,9,5,3,0
2014.0,70.0,0.0,0.0,3,6,3,0,0,0,1,1,1,1,0,0,9,1,1,11,4,7,0,0,0,1,1,0,4,5,5,8,1
2014.0,72.0,0.0,0.0,3,6,3,0,0,0,1,1,1,1,0,0,1,1,1,11,4,7,0,0,0,2,1,0,2,7,5,8,8
2014.0,20.0,0.0,0.0,3,4,3,0,0,0,1,2,1,1,0,1,5,1,1,15,4,7,0,0,0,1,1,0,4,2,5,9,9
2014.0,-130.0,1.0,0.0,3,6,3,0,0,0,0,1,1,1,0,1,1,1,1,16,4,7,0,1,0,2,1,0,4,7,5,8,3
2014.0,10.0,0.0,0.0,3,1,3,0,0,3,2,5,1,1,0,0,9,1,1,19,4,7,0,1,0,0,1,0,4,2,5,3,7
2014.0,-75.0,0.0,0.0,3,6,0,0,0,0,1,2,1,1,0,0,2,1,1,0,5,7,1,0,0,1,2,0,2,7,5,8,3
2014.0,0.0,2.0,0.0,1,4,3,0,0,0,1,9,1,1,0,0,1,1,1,16,5,7,1,1,0,0,1,0,2,2,5,9,3
2014.0,40.0,0.0,0.0,3,6,3,0,0,0,1,5,1,1,0,1,5,1,1,7,6,7,1,1,0,1,0,0,4,7,5,8,3
2014.0,0.0,2.0,0.0,3,1,3,1,0,0,0,2,1,1,0,0,9,1,1,11,6,7,1,0,0,1,1,0,4,2,5,9,3
2014.0,0.0,0.0,0.0,3,6,3,0,0,0,1,1,1,1,0,0,1,1,1,12,6,7,1,0,0,1,0,0,4,5,5,8,3
2014.0,-90.0,4.0,0.0,3,6,3,0,0,0,0,2,1,1,0,1,2,1,1,13,6,7,1,0,0,1,1,0,4,7,5,8,3
2014.0,-60.0,0.0,0.0,3,8,0,0,0,0,2,5,1,1,1,1,1,1,1,2,0,7,0,0,0,0,1,0,6,5,5,6,1
2014.0,-704.0,2.0,0.0,3,6,3,0,0,0,1,2,1,1,0,1,2,1,1,10,0,7,0,0,0,1,1,0,6,2,5,3,3
2014.0,0.0,0.0,0.0,3,1,3,0,0,0,0,1,1,1,0,1,2,1,1,13,0,7,0,0,0,1,0,0,2,2,5,3,3
2014.0,-40.0,0.0,0.0,3,6,3,0,0,0,0,2,1,1,0,0,2,1,1,14,0,7,0,0,0,1,1,0,4,7,5,8,3
2014.0,40.0,0.0,0.0,3,10,3,0,0,0,0,5,1,1,0,0,5,1,1,15,0,7,0,0,0,2,1,0,6,9,5,3,2
2014.0,326.0,1.0,0.0,3,5,3,0,0,0,0,7,1,1,3,1,1,1,1,15,0,7,0,0,0,0,1,0,0,2,5,5,9
2014.0,0.0,2.0,0.0,2,4,3,0,0,0,0,6,1,1,0,0,9,1,1,16,0,7,0,1,0,1,1,0,4,2,5,3,9
2014.0,45.0,0.0,0.0,3,6,3,0,0,0,1,5,1,1,0,0,5,1,1,16,0,7,0,1,0,1,1,0,4,7,5,8,3
2014.0,-85.0,0.0,0.0,3,6,3,1,0,0,1,9,1,1,0,0,9,1,1,16,0,7,0,1,0,1,1,0,4,7,5,3,3
2014.0,-230.0,1.0,0.0,3,6,3,1,0,0,1,1,1,1,0,0,1,1,1,17,0,7,0,1,0,1,1,0,6,7,5,8,3
2014.0,30.0,0.0,0.0,3,6,3,1,0,0,0,9,1,1,0,0,9,1,1,17,0,7,0,1,0,1,1,0,4,8,5,8,8
2014.0,10.0,1.0,0.0,3,5,3,0,0,2,0,1,1,1,0,1,5,1,1,17,0,7,0,1,0,2,0,0,4,5,5,9,7
2014.0,28.0,0.0,0.0,3,6,4,0,0,0,1,1,1,1,0,1,1,1,1,19,0,7,0,1,0,2,1,0,4,7,5,3,3
2014.0,8.0,0.0,0.0,3,1,0,0,3,0,2,5,1,1,2,1,1,1,1,5,1,7,0,0,0,0,1,0,4,2,5,7,5
2014.0,-75.0,0.0,0.0,3,12,0,4,3,0,2,8,1,1,1,1,8,1,1,7,1,7,0,1,0,0,1,0,6,5,5,6,5
2014.0,0.0,0.0,0.0,3,1,3,1,0,0,1,6,1,1,0,1,5,1,1,10,1,7,0,0,0,0,1,0,2,2,5,3,9
2014.0,-200.0,0.0,0.0,3,6,3,0,0,0,0,5,1,1,0,0,5,1,1,13,1,7,0,0,0,2,1,0,6,7,5,8,3
2014.0,20.0,0.0,0.0,3,6,3,0,0,0,1,1,1,1,0,1,1,1,1,18,1,7,0,1,0,2,1,0,4,7,5,9,3
2014.0,-50.0,1.0,0.0,3,6,0,0,0,0,1,1,1,1,0,0,1,1,1,19,1,7,0,1,0,1,1,0,4,5,5,8,3
2014.0,100.0,0.0,0.0,3,1,0,0,0,0,2,9,1,1,0,1,1,1,1,20,1,7,0,0,0,0,1,0,6,4,5,9,9
2014.0,-600.0,1.0,0.0,3,3,0,0,0,0,1,1,1,1,0,1,9,1,1,20,1,7,0,0,0,1,1,0,6,5,5,3,3
2014.0,200.0,0.0,0.0,3,1,3,0,0,0,0,5,1,1,0,0,4,1,1,7,2,7,0,1,0,1,2,0,6,5,5,3,9
2014.0,0.0,0.0,0.0,3,4,3,0,0,0,2,5,1,1,0,0,1,1,1,7,2,7,0,1,0,0,1,0,0,2,5,9,9
2014.0,-79.0,0.0,0.0,3,6,3,0,0,0,1,1,1,1,0,0,1,1,1,11,2,7,0,0,0,1,0,0,4,7,5,8,3
2014.0,100.0,0.0,0.0,3,10,3,0,0,0,0,9,1,1,0,1,9,1,1,11,2,7,0,0,0,1,1,0,0,9,5,3,2