Year,Distance,Totalinjuries,Totalfatalities,Injuryseverity,Collisionmanner,Lightcondition,Weather,SurfaceCondition,Unittype_One,Gender_Drv1,Traveldirection_One,AlcoholUse_Drv1,DrugUse_Drv1,Unittype_Two,Gender_Drv2,Traveldirection_Two,AlcoholUse_Drv2,DrugUse_Drv2,Hour,Weekday,Month,Weekend,Rush_Hour,Hazardous_Road,Age_Group_Drv1,Age_Group_Drv2,Substance_Use,Junction_Category,Violation_Category_Drv1,Violation_Category_Drv2,Unitaction_Category_Two,Unitaction_Category_One
2014.0,961.0,0.0,0.0,3,6,3,0,0,0,0,9,1,1,0,1,9,1,1,12,2,7,0,0,0,1,1,0,6,7,5,8,3
2014.0,60.0,0.0,0.0,3,6,3,0,0,0,0,5,1,1,0,0,5,1,1,14,2,7,0,0,0,2,1,0,6,7,5,8,3
2014.0,0.0,0.0,0.0,3,1,3,0,0,0,0,9,1,1,0,1,3,1,1,15,2,7,0,0,0,1,1,0,4,5,5,9,3
2014.0,-100.0,0.0,0.0,3,6,3,0,0,0,1,1,1,1,0,1,1,1,1,15,2,7,0,0,0,1,1,0,4,7,5,8,3
2014.0,0.0,3.0,0.0,2,1,3,0,0,0,0,9,1,1,0,0,1,1,1,16,2,7,0,1,0,1,1,0,4,2,5,3,9
2014.0,-300.0,1.0,0.0,3,10,3,0,0,0,1,7,1,1,0,1,6,1,1,16,2,7,0,1,0,0,1,0,4,5,5,2,2
2014.0,90.0,0.0,0.0,3,6,3,0,0,0,1,5,1,1,0,1,5,1,1,16,2,7,0,1,0,1,1,0,4,7,5,8,3
2014.0,70.0,0.0,0.0,3,6,3,1,0,0,1,9,1,1,0,1,9,1,1,17,2,7,0,1,0,1,1,0,4,7,5,8,3
2014.0,0.0,0.0,0.0,3,4,3,0,0,0,0,2,1,1,0,1,5,1,1,7,3,7,0,1,0,1,1,0,4,2,5,3,9
2014.0,524.0,1.0,0.0,3,1,3,0,0,0,0,3,1,1,0,1,5,1,1,11,3,7,0,0,0,0,1,0,6,2,5,3,9
2014.0,35.0,0.0,0.0,3,4,3,0,0,0,1,1,1,1,0,1,1,1,1,15,3,7,0,0,0,1,1,0,4,4,5,3,9
2014.0,-1605.0,0.0,0.0,3,6,3,0,0,0,0,2,1,1,0,0,4,1,1,16,3,7,0,1,0,2,2,0,6,7,5,9,3
2014.0,0.0,1.0,0.0,2,4,3,0,0,0,1,2,1,1,0,0,5,1,1,17,3,7,0,1,0,1,1,0,4,4,5,3,9
2014.0,0.13,0.0,0.0,3,10,3,0,0,0,1,9,1,1,0,1,9,1,1,17,3,7,0,1,0,0,1,0,6,7,5,3,3
2014.0,750.0,5.0,0.0,3,6,0,0,0,0,0,5,1,1,0,0,5,1,1,21,3,7,0,0,0,1,1,0,2,7,5,8,3
2014.0,-127.0,1.0,0.0,3,6,0,0,0,0,1,5,1,1,0,1,5,1,1,21,3,7,0,0,0,2,1,0,6,7,5,8,8
2014.0,741.0,1.0,0.0,3,4,0,0,0,0,1,3,1,1,0,1,9,1,1,21,3,7,0,0,0,0,1,0,6,5,5,3,9
2014.0,-150.0,0.0,0.0,3,10,0,0,0,0,1,9,1,1,0,0,9,1,1,22,3,7,0,0,0,2,2,0,6,5,5,3,3
2014.0,-30.0,0.0,0.0,3,6,0,0,0,0,0,2,1,1,0,1,2,1,1,23,3,7,0,0,0,1,2,0,2,7,5,8,3
2014.0,-107.0,0.0,0.0,3,6,3,0,0,0,0,2,1,1,0,0,2,1,1,7,4,7,0,1,0,1,2,0,4,7,5,8,3
2014.0,0.0,0.0,0.0,3,1,3,0,0,0,1,7,1,1,0,1,3,1,1,8,4,7,0,1,0,0,1,0,4,7,5,9,9
2014.0,70.0,0.0,0.0,3,6,3,0,0,0,1,9,1,1,0,0,9,1,1,12,4,7,0,0,0,1,1,0,4,7,5,8,3
2014.0,10.0,1.0,0.0,2,1,3,0,0,2,1,3,1,1,0,1,6,1,1,15,4,7,0,0,0,1,1,0,4,2,5,3,3
2014.0,-610.0,0.0,0.0,3,1,3,0,0,3,2,2,1,1,0,1,1,1,1,19,4,7,0,1,0,0,1,0,6,6,5,3,7
2014.0,-500.0,2.0,0.0,3,4,0,0,0,0,0,4,1,1,0,1,5,1,1,22,4,7,0,0,0,2,0,0,6,5,5,3,9
2014.0,-85.0,1.0,0.0,2,1,0,0,0,0,2,5,1,1,0,1,1,1,1,2,5,7,1,0,0,0,1,0,4,7,5,8,9
2014.0,760.0,0.0,0.0,3,1,3,0,0,0,2,8,1,1,0,0,5,1,1,8,5,7,1,1,0,0,2,0,6,2,5,3,9
2014.0,-331.0,0.0,0.0,3,10,3,0,0,0,2,1,1,1,0,0,1,1,1,13,5,7,1,0,0,0,1,0,0,5,5,9,3
2014.0,-40.0,1.0,0.0,2,3,3,0,0,0,1,2,1,1,3,0,8,1,1,13,5,7,1,0,0,2,1,0,4,9,5,4,3
2014.0,0.0,0.0,0.0,3,1,3,0,3,0,2,8,1,1,0,1,5,1,1,13,5,7,1,0,0,0,1,0,4,5,5,3,5
2014.0,-10.0,0.0,0.0,3,6,3,0,0,0,0,1,1,1,0,0,1,1,1,14,5,7,1,0,0,1,1,0,4,7,5,8,3
2014.0,3.0,1.0,0.0,2,1,3,0,0,2,1,5,1,1,0,1,4,1,1,16,5,7,1,1,0,2,1,0,4,2,5,9,3
2014.0,0.0,2.0,0.0,3,1,3,0,0,0,1,5,1,1,0,0,9,1,1,19,5,7,1,1,0,1,2,0,4,2,5,3,3
2014.0,0.0,1.0,0.0,3,3,4,0,0,0,0,2,1,1,0,1,9,1,1,20,5,7,1,0,0,2,1,0,2,5,5,3,9
2014.0,89.0,1.0,0.0,3,6,0,0,0,0,0,2,1,1,0,1,2,1,1,23,5,7,1,0,0,2,2,0,4,7,5,8,3
2014.0,-68.0,0.0,0.0,3,1,3,0,0,0,0,3,1,1,0,1,2,1,1,8,6,7,1,1,0,0,0,0,6,9,5,8,9
2014.0,-40.0,0.0,0.0,3,6,3,0,0,0,0,1,1,0,0,1,1,1,1,12,6,7,1,0,0,1,1,0,4,7,5,8,3
2014.0,77.0,0.0,0.0,3,6,3,0,0,0,1,9,1,1,0,1,9,1,1,14,6,7,1,0,0,1,1,0,4,7,5,8,3
2014.0,-5.0,1.0,0.0,3,1,3,0,0,2,1,5,0,1,0,1,1,1,1,19,6,7,1,1,0,1,1,0,4,5,5,8,3
2014.0,0.0,0.0,0.0,3,6,0,0,0,0,0,3,1,1,0,0,3,1,1,20,6,7,1,0,0,0,1,0,4,7,5,9,9
2014.0,0.0,1.0,0.0,3,4,0,0,0,0,1,4,1,1,0,1,5,1,1,21,6,7,1,0,0,1,2,0,4,5,5,3,9
2014.0,240.0,2.0,0.0,3,10,3,0,0,0,1,4,1,1,0,1,2,1,1,12,0,7,0,0,0,1,0,0,6,5,5,3,9
2014.0,-1271.0,0.0,0.0,3,6,3,0,0,0,1,9,1,1,0,1,9,1,1,14,0,7,0,0,0,2,2,0,6,7,5,8,3
2014.0,-80.0,0.0,0.0,3,6,3,0,0,0,1,2,1,1,0,1,2,1,1,16,0,7,0,1,0,1,1,0,4,7,5,8,3
2014.0,400.0,1.0,0.0,3,6,3,0,0,0,1,1,1,1,0,1,1,1,1,16,0,7,0,1,0,2,2,0,4,7,5,8,3
2014.0,-165.0,0.0,0.0,3,6,3,0,0,0,0,9,1,1,0,1,9,1,1,17,0,7,0,1,0,1,2,0,4,7,5,8,3
2014.0,-320.0,0.0,0.0,3,10,3,0,0,0,0,2,1,1,0,0,2,1,1,8,1,7,0,1,0,0,2,0,4,9,5,3,2
2014.0,70.0,0.0,0.0,3,10,3,0,0,0,0,1,1,1,0,0,1,1,1,9,1,7,0,1,0,0,1,0,6,9,5,3,2
2014.0,0.0,3.0,0.0,2,1,3,1,0,0,1,9,0,1,0,0,5,1,1,10,1,7,0,0,0,1,1,0,4,7,5,9,3
2014.0,90.0,0.0,0.0,3,6,3,0,0,0,2,5,1,1,0,0,5,1,1,14,1,7,0,0,0,0,1,0,4,7,5,8,3
2014.0,-100.0,0.0,0.0,3,10,3,0,0,0,0,5,1,1,0,1,5,1,1,15,1,7,0,0,0,1,1,0,6,9,5,3,2
2014.0,85.0,0.0,0.0,3,6,3,0,0,0,0,9,1,1,0,1,9,1,1,16,1,7,0,1,0,1,2,0,4,7,5,8,3
2014.0,-0.25,0.0,0.0,3,6,3,0,0,0,0,1,1,1,0,0,1,1,1,17,1,7,0,1,0,1,2,0,6,7,5,8,3
2014.0,-25.0,0.0,0.0,3,6,3,0,0,0,0,6,1,1,0,1,6,1,1,18,1,7,0,1,0,2,0,0,4,7,5,9,9
2014.0,0.0,0.0,0.0,3,1,3,0,0,0,1,1,1,1,0,0,2,1,1,18,1,7,0,1,0,1,1,0,4,2,5,3,3
2014.0,-10.0,1.0,0.0,3,5,3,0,0,2,1,9,1,1,0,1,2,1,1,9,2,7,0,1,0,1,1,0,4,5,5,9,3
2014.0,-35.0,0.0,0.0,3,6,3,0,0,0,0,1,1,1,0,1,1,1,1,9,2,7,0,1,0,1,1,0,4,7,5,8,3
2014.0,-590.0,0.0,0.0,3,12,3,0,0,0,0,2,1,1,0,0,9,1,1,12,2,7,0,0,0,2,1,0,0,7,5,9,3
2014.0,-70.0,0.0,0.0,3,10,3,0,0,0,0,5,1,1,0,1,5,1,1,14,2,7,0,0,0,0,1,0,6,9,5,3,2
2014.0,0.0,5.0,0.0,2,1,3,0,0,0,0,9,1,1,0,0,1,1,1,17,2,7,0,1,0,1,1,0,4,2,5,3,9
2014.0,-210.0,0.0,0.0,3,10,3,0,3,0,2,8,1,1,0,1,2,1,1,18,2,7,0,1,0,0,2,0,6,5,5,8,5
2014.0,0.0,0.0,0.0,3,4,0,1,0,0,1,1,1,1,0,1,2,1,1,19,2,7,0,1,0,2,1,0,4,2,5,3,9
2014.0,32.0,1.0,0.0,3,6,4,0,0,0,1,1,1,1,0,1,1,1,1,20,2,7,0,0,0,1,1,0,4,7,5,8,3
2014.0,0.0,0.0,0.0,3,1,0,0,0,0,0,2,1,1,0,0,6,1,1,20,2,7,0,0,0,1,1,0,4,2,5,9,3
2014.0,-640.0,0.0,0.0,3,9,0,0,0,0,0,2,0,1,0,1,5,1,1,20,2,7,0,0,0,1,1,0,6,9,5,8,3
2014.0,-10.0,3.0,0.0,3,4,0,0,0,0,0,5,1,1,0,0,2,1,1,20,2,7,0,0,0,1,1,0,4,2,5,3,9
2014.0,0.0,0.0,0.0,3,1,0,1,0,0,1,9,1,1,0,1,2,1,1,21,2,7,0,0,0,1,1,0,4,2,5,3,3
2014.0,653.0,4.0,0.0,3,6,0,0,0,0,1,5,1,1,0,0,5,1,1,22,2,7,0,0,0,1,1,0,6,7,5,8,3
2014.0,-30.0,0.0,0.0,3,6,3,0,0,0,1,2,1,1,0,1,2,1,1,8,3,7,0,1,0,1,2,0,4,7,5,9,3
2014.0,0.0,0.0,0.0,3,4,3,0,0,0,1,5,1,1,0,1,2,1,1,16,3,7,0,1,0,2,2,0,4,2,5,3,9
2014.0,25.0,1.0,0.0,2,1,3,0,0,2,0,5,1,1,0,0,9,1,1,17,3,7,0,1,0,2,2,0,4,9,5,9,3
2014.0,0.0,2.0,0.0,2,4,3,0,0,0,0,1,1,1,0,1,9,1,1,17,3,7,0,1,0,1,1,0,4,2,5,3,9
2014.0,-80.0,0.0,0.0,3,6,0,0,0,0,0,2,1,1,0,0,2,1,1,21,3,7,0,0,0,2,2,0,4,8,5,8,8
2014.0,60.0,0.0,0.0,3,3,0,0,0,0,1,9,1,1,0,1,9,1,1,21,3,7,0,0,0,2,1,0,4,7,5,8,8
2014.0,0.0,2.0,0.0,3,4,0,0,0,0,0,2,1,1,0,1,5,1,1,22,3,7,0,0,0,0,0,0,4,2,5,9,3
2014.0,-214.0,0.0,0.0,3,10,3,0,0,0,1,9,1,1,0,0,9,1,1,6,4,7,0,0,0,1,2,0,6,9,5,8,8
2014.0,-290.0,0.0,0.0,3,6,3,0,0,0,1,9,1,1,0,1,9,1,1,7,4,7,0,1,0,2,1,0,0,7,5,8,3
2014.0,0.0,0.0,0.0,3,10,3,0,0,0,1,2,1,1,0,1,2,1,1,7,4,7,0,1,0,1,1,0,4,4,5,9,3
2014.0,0.0,0.0,0.0,3,6,4,2,0,0,0,2,1,1,0,1,2,1,1,19,4,7,0,1,0,1,1,0,4,8,5,8,9
2014.0,75.0,0.0,0.0,3,5,0,0,0,0,2,5,1,1,0,1,8,1,1,2,5,7,1,0,0,0,1,0,6,5,5,6,5
2014.0,10.0,1.0,0.0,3,1,3,0,0,0,0,2,1,1,0,0,1,1,1,10,6,7,1,0,0,1,1,0,6,2,5,3,9
2014.0,0.0,0.0,0.0,3,1,3,0,0,0,0,5,1,1,0,1,1,1,1,11,6,7,1,0,0,2,0,0,4,2,5,3,3
2014.0,0.0,1.0,0.0,3,4,3,0,0,0,0,9,1,1,0,1,2,1,1,12,6,7,1,0,0,1,0,0,4,4,5,3,9
2014.0,-575.0,0.0,0.0,3,6,3,0,0,0,1,2,1,1,0,1,2,1,1,12,6,7,1,0,0,1,2,0,6,5,5,9,9
2014.0,-97.0,1.0,0.0,3,6,3,0,0,0,0,2,1,1,0,0,2,1,1,11,0,7,0,0,0,1,1,0,6,7,5,8,3
2014.0,-40.0,0.0,0.0,3,6,3,0,0,0,1,1,1,1,0,1,1,1,1,11,0,7,0,0,0,2,1,0,2,7,5,8,3
2014.0,-100.0,0.0,0.0,3,6,3,0,0,0,1,1,1,1,0,0,1,1,1,12,0,7,0,0,0,1,1,0,4,7,5,8,8
2014.0,0.0,0.0,0.0,3,1,3,0,0,0,1,2,1,1,0,1,1,1,1,15,0,7,0,0,0,2,1,0,4,1,5,9,3
2014.0,13.0,0.0,0.0,3,4,3,0,0,0,0,3,1,1,0,1,2,1,1,17,0,7,0,1,0,1,1,0,4,0,5,3,9
2014.0,-20.0,0.0,0.0,3,6,3,0,0,0,1,2,1,1,0,0,2,1,1,18,0,7,0,1,0,1,1,0,4,7,5,8,3
2014.0,30.0,0.0,0.0,3,6,3,0,0,0,0,5,1,1,0,0,5,1,1,8,1,7,0,1,0,1,1,0,2,7,5,8,3
2014.0,-38.0,0.0,0.0,3,6,3,0,0,0,0,2,1,1,0,0,2,1,1,11,1,7,0,0,0,1,1,0,2,8,5,9,3
2014.0,200.0,0.0,0.0,3,1,3,0,0,0,0,9,1,1,0,1,9,1,1,12,1,7,0,0,0,2,1,0,6,4,5,3,2
2014.0,0.0,0.0,0.0,3,1,3,0,0,0,0,9,1,1,0,1,3,1,1,12,1,7,0,0,0,1,1,0,4,2,5,9,3
2014.0,-450.0,0.0,0.0,3,1,3,0,0,0,1,9,1,1,0,1,2,1,1,13,1,7,0,0,0,2,2,0,6,2,5,3,5
2014.0,0.0,0.0,0.0,3,4,3,0,0,0,0,4,1,1,0,1,5,1,1,13,1,7,0,0,0,0,1,0,4,2,5,3,9
2014.0,60.0,0.0,0.0,3,10,3,0,0,0,1,5,1,1,0,1,5,1,1,14,1,7,0,0,0,0,2,0,4,9,5,3,2
2014.0,-40.0,0.0,0.0,3,6,3,0,0,0,1,1,1,1,0,1,1,1,1,14,1,7,0,0,0,2,1,0,4,7,5,8,3
2014.0,-615.0,0.0,0.0,3,4,3,0,0,0,0,6,1,1,0,1,9,1,1,14,1,7,0,0,0,1,0,0,6,2,5,3,9
2014.0,-75.0,3.0,0.0,3,7,3,0,0,0,1,1,1,1,0,0,1,1,1,14,1,7,0,0,0,2,1,0,6,7,5,3,3
2014.0,-100.0,0.0,0.0,3,6,3,0,0,0,0,5,1,1,0,1,5,1,1,15,1,7,0,0,0,1,2,0,6,7,5,3,3
2014.0,0.0,0.0,0.0,3,4,3,0,0,0,1,1,1,1,0,1,2,1,1,15,1,7,0,0,0,1,2,0,4,2,5,3,9
2014.0,-800.0,1.0,0.0,3,4,3,0,0,0,0,5,1,1,0,0,5,1,1,16,1,7,0,1,0,1,2,0,6,4,5,3,9
2014.0,-38.0,1.0,0.0,2,10,3,0,0,0,1,9,1,1,0,0,9,1,1,17,1,7,0,1,0,1,1,0,2,9,5,3,2
2014.0,-174.0,0.0,0.0,3,1,3,0,0,2,1,2,1,1,0,1,6,1,1,18,1,7,0,1,0,1,2,0,6,5,5,9,3
2014.0,-60.0,1.0,0.0,3,6,3,4,3,0,1,2,1,1,0,0,2,1,1,18,1,7,0,1,0,2,2,0,6,7,5,8,3
2014.0,24.0,3.0,0.0,2,6,0,0,0,0,0,5,1,1,0,0,5,1,1,20,1,7,0,0,0,1,1,0,4,7,5,3,3
2014.0,143.0,3.0,0.0,3,6,0,0,0,0,0,9,1,1,0,1,9,1,1,20,1,7,0,0,0,1,1,0,4,7,5,8,3
2014.0,75.0,0.0,0.0,3,6,3,0,0,0,0,9,1,1,0,0,9,1,1,15,2,7,0,0,0,2,2,0,2,5,5,8,8
2014.0,-30.0,1.0,0.0,2,1,3,0,0,0,0,5,1,1,0,1,9,1,1,17,2,7,0,1,0,1,2,0,4,4,5,3,9
2014.0,28.0,0.0,0.0,3,9,3,0,0,0,1,5,1,1,0,1,2,1,1,17,2,7,0,1,0,1,1,0,4,9,5,3,3
2014.0,-40.0,0.0,0.0,3,6,3,0,0,0,0,2,1,1,0,1,2,1,1,18,2,7,0,1,0,2,1,0,4,7,5,8,3
2014.0,30.0,0.0,0.0,3,6,4,0,0,0,1,9,1,1,0,0,9,1,1,19,2,7,0,1,0,2,2,0,4,8,5,9,9
2014.0,-260.0,2.0,0.0,2,4,4,0,0,0,0,3,0,1,0,0,7,1,1,19,2,7,0,1,0,1,1,0,6,4,5,9,9
2014.0,-480.0,0.0,0.0,3,4,0,0,0,0,0,6,1,1,0,1,9,1,1,23,2,7,0,0,0,2,1,0,6,2,5,3,9
2014.0,0.0,1.0,0.0,3,4,0,0,0,0,2,9,1,1,0,0,1,1,1,4,3,7,0,0,0,0,1,0,4,5,2,9,3
2014.0,0.0,1.0,0.0,2,1,3,1,0,0,0,1,1,1,2,1,5,1,1,6,3,7,0,0,0,1,2,0,4,2,5,3,3
2014.0,0.0,0.0,0.0,3,4,3,0,0,0,0,7,1,1,0,0,7,1,1,9,3,7,0,1,0,0,1,0,4,9,5,9,9
2014.0,0.0,1.0,0.0,3,4,3,0,0,0,1,2,1,1,0,0,9,1,1,10,3,7,0,0,0,1,1,0,2,2,5,3,9
2014.0,-28.0,0.0,0.0,3,10,3,1,0,0,1,1,1,1,0,1,1,1,1,11,3,7,0,0,0,0,1,0,4,4,5,8,9
2014.0,0.0,0.0,0.0,3,1,3,0,0,0,1,9,1,1,0,1,5,1,1,14,3,7,0,0,0,1,1,0,2,2,5,3,3
2014.0,-495.0,0.0,0.0,3,6,3,0,0,0,0,1,1,1,0,1,1,1,1,16,3,7,0,1,0,2,1,0,6,7,5,8,8
2014.0,0.0,0.0,0.0,3,4,3,1,0,0,0,2,1,1,0,0,9,1,1,17,3,7,0,1,0,0,2,0,4,4,5,3,9
2014.0,129.0,0.0,0.0,3,10,0,0,0,0,0,1,1,1,0,1,1,1,1,20,3,7,0,0,0,2,1,0,4,5,5,3,3
2014.0,429.0,3.0,0.0,3,6,0,0,0,0,1,1,1,1,0,0,1,1,1,21,3,7,0,0,0,2,2,0,6,7,5,8,3
2014.0,442.0,0.0,0.0,3,4,3,0,0,0,0,9,1,1,0,0,2,1,1,7,4,8,0,1,0,1,1,0,0,4,5,3,9
2014.0,-260.0,0.0,0.0,3,4,3,0,0,0,0,9,1,1,0,0,2,1,1,8,4,8,0,1,0,2,1,0,0,2,4,3,9
2014.0,74.0,0.0,0.0,3,1,3,0,0,0,1,9,1,1,0,1,2,1,1,12,4,8,0,0,0,0,2,0,4,9,5,3,9
2014.0,0.0,3.0,0.0,3,1,3,0,0,0,1,5,1,1,0,1,9,1,1,13,4,8,0,0,0,1,0,0,2,7,5,3,3
2014.0,-655.0,0.0,0.0,3,8,3,0,0,0,1,2,1,1,0,1,1,1,1,14,4,8,0,0,0,0,1,0,0,5,5,3,1
2014.0,0.0,0.0,0.0,3,10,3,0,0,0,2,2,1,1,0,1,2,1,1,15,4,8,0,0,0,0,1,0,4,5,5,8,9
2014.0,-330.0,0.0,0.0,3,10,3,0,0,0,0,5,1,1,0,1,5,1,1,16,4,8,0,1,0,2,1,0,6,9,5,3,2
2014.0,46.0,1.0,0.0,2,6,3,0,0,0,1,5,1,1,0,1,5,1,1,16,4,8,0,1,0,2,2,0,4,7,5,8,3
2014.0,67.0,0.0,0.0,3,6,0,0,0,0,1,9,1,1,0,1,9,1,1,19,4,8,0,1,0,2,1,0,2,7,5,8,3
2014.0,-150.0,0.0,0.0,3,4,2,1,0,0,1,1,1,1,0,1,9,1,1,6,5,8,1,0,0,2,1,0,0,4,5,3,9
2014.0,0.0,0.0,0.0,3,4,3,1,0,0,1,5,1,1,0,1,9,1,1,8,5,8,1,1,0,2,2,0,2,2,5,9,3
2014.0,-160.0,1.0,0.0,3,6,3,0,0,0,1,2,1,1,0,0,2,1,1,9,5,8,1,1,0,1,1,0,6,7,5,8,3
2014.0,-32.0,0.0,0.0,3,6,3,0,0,0,0,2,1,1,0,0,2,1,1,10,5,8,1,0,0,1,2,0,6,7,5,8,8
2014.0,10.0,1.0,0.0,2,1,3,1,0,0,0,9,1,1,2,1,2,1,1,13,5,8,1,0,0,2,1,0,2,7,5,3,8
2014.0,-65.0,1.0,0.0,3,6,3,0,0,0,1,1,1,1,0,1,1,1,1,13,5,8,1,0,0,1,1,0,2,7,5,8,3
2014.0,0.0,1.0,0.0,3,4,3,0,0,0,0,4,1,1,0,0,5,1,1,15,5,8,1,0,0,1,2,0,4,2,5,3,9
2014.0,0.0,1.0,0.0,2,4,3,1,0,0,0,1,1,1,0,1,9,1,1,18,5,8,1,1,0,2,1,0,4,2,5,3,9
2014.0,0.0,0.0,0.0,3,1,0,3,4,0,0,9,1,1,0,1,2,1,1,23,5,8,1,0,1,2,1,0,4,2,5,3,3
2014.0,257.0,0.0,0.0,3,10,2,0,0,0,1,9,0,1,1,1,9,1,1,5,6,8,1,0,0,1,1,0,6,7,5,6,3
2014.0,500.0,0.0,0.0,3,1,3,0,0,0,1,5,1,1,0,0,1,1,1,11,6,8,1,0,0,1,1,0,0,5,5,3,5
2014.0,-83.0,0.0,0.0,3,6,3,1,0,0,1,1,1,1,0,1,1,1,1,13,6,8,1,0,0,1,1,0,4,7,5,3,8
2014.0,0.0,0.0,0.0,3,1,3,1,0,0,0,2,1,1,0,1,1,1,1,15,6,8,1,0,0,0,1,0,2,2,5,3,9
2014.0,0.0,0.0,0.0,3,1,3,0,0,0,1,1,1,1,0,0,1,1,1,15,6,8,1,0,0,1,2,0,4,5,5,8,1
2014.0,200.0,0.0,0.0,3,6,0,0,0,0,0,9,1,1,0,0,9,1,1,20,6,8,1,0,0,2,1,0,4,7,5,8,3
2014.0,0.0,1.0,0.0,3,4,0,0,0,0,0,2,1,1,0,1,1,1,1,20,6,8,1,0,0,1,0,0,2,7,5,5,5
2014.0,0.0,1.0,0.0,2,4,3,0,0,0,0,9,1,1,0,0,1,1,1,8,0,8,0,1,0,1,1,0,2,2,5,3,9
2014.0,235.0,0.0,0.0,3,1,3,4,0,2,1,5,1,1,0,0,8,1,1,9,0,8,0,1,0,1,1,0,6,9,5,9,3
2014.0,35.0,0.0,0.0,3,6,3,0,0,0,1,5,1,1,0,1,5,1,1,13,0,8,0,0,0,2,1,0,2,7,5,8,3
2014.0,100.0,0.0,0.0,3,10,3,0,0,0,1,9,1,1,0,0,9,1,1,13,0,8,0,0,0,1,1,0,6,9,5,3,2
2014.0,-30.0,0.0,0.0,3,6,3,0,0,0,1,1,1,1,0,1,1,1,1,14,0,8,0,0,0,1,1,0,4,5,5,8,3
2014.0,60.0,3.0,0.0,3,6,3,0,0,0,0,9,1,1,0,0,9,1,1,15,0,8,0,0,0,2,1,0,4,7,5,8,3
2014.0,200.0,0.0,0.0,3,4,3,0,0,0,0,1,1,1,0,1,9,1,1,16,0,8,0,1,0,1,2,0,0,2,5,3,9
2014.0,-135.0,0.0,0.0,3,4,3,0,0,0,0,1,1,1,0,0,5,1,1,17,0,8,0,1,0,2,1,0,6,2,5,3,9
2014.0,0.0,0.0,0.0,3,4,3,0,0,0,0,4,1,1,0,1,6,1,1,18,0,8,0,1,0,2,1,0,4,2,5,3,9
2014.0,50.0,0.0,0.0,3,6,0,0,0,0,2,1,1,1,0,1,1,1,1,20,0,8,0,0,0,0,2,0,2,5,5,3,3
2014.0,500.0,0.0,0.0,3,6,1,0,0,0,1,5,1,1,0,1,5,1,1,20,0,8,0,0,0,1,1,0,6,9,5,3,9
2014.0,-54.0,0.0,0.0,3,3,0,0,0,0,1,9,1,1,1,1,8,1,1,20,0,8,0,0,0,0,1,0,6,4,5,6,3
2014.0,48.0,0.0,0.0,3,10,0,0,0,0,0,9,1,1,0,1,9,1,1,20,0,8,0,0,0,0,1,0,4,9,5,3,3
2014.0,40.0,0.0,0.0,3,5,0,0,0,3,1,1,1,1,0,1,2,1,1,22,0,8,0,0,0,1,2,0,4,5,5,3,5
2014.0,0.0,1.0,0.0,3,4,0,0,0,0,1,9,1,1,0,1,3,1,1,23,0,8,0,0,0,2,2,0,4,7,5,9,3
2014.0,-70.0,0.0,0.0,3,6,3,0,0,0,1,9,1,1,0,0,9,1,1,7,1,8,0,1,0,1,2,0,4,7,5,8,3
2014.0,-75.0,0.0,0.0,3,6,3,0,0,0,1,9,1,1,0,0,9,1,1,8,1,8,0,1,0,1,1,0,4,7,5,8,3
2014.0,-40.0,1.0,0.0,3,6,3,0,0,0,0,2,1,1,0,1,2,1,1,11,1,8,0,0,0,1,1,0,4,7,5,8,3
2014.0,0.0,0.0,0.0,3,6,3,4,3,0,0,7,1,1,0,1,7,1,1,12,1,8,0,0,0,1,1,0,4,4,5,9,9
2014.0,-86.0,0.0,0.0,3,6,3,0,0,0,0,9,1,1,0,1,9,1,1,13,1,8,0,0,0,1,2,0,6,7,5,8,3
2014.0,330.0,1.0,0.0,2,4,3,0,0,0,2,6,1,1,0,1,2,1,1,14,1,8,0,0,0,0,2,0,6,4,5,3,9
2014.0,305.0,0.0,0.0,3,6,3,0,0,0,1,1,1,1,0,0,1,1,1,15,1,8,0,0,0,1,1,0,6,8,5,8,3
2014.0,-10.0,1.0,0.0,3,4,3,0,0,0,0,5,1,1,3,0,1,1,1,16,1,8,0,1,0,2,1,0,4,2,5,7,9
2014.0,0.0,0.0,0.0,3,6,3,0,0,0,0,5,1,1,0,0,5,1,1,17,1,8,0,1,0,1,0,0,4,8,5,8,3
2014.0,30.0,0.0,0.0,3,6,3,0,0,0,1,9,1,1,0,1,9,1,1,17,1,8,0,1,0,2,1,0,4,7,5,8,3
2014.0,-420.0,0.0,0.0,3,1,3,0,3,2,2,2,1,1,0,0,6,1,1,7,2,8,0,1,0,0,2,0,6,5,2,9,3
2014.0,0.0,4.0,0.0,3,4,3,0,0,0,0,4,1,1,0,1,5,1,1,10,2,8,0,0,0,1,1,0,4,4,5,3,9
2014.0,77.0,0.0,0.0,3,6,3,0,0,0,0,5,1,1,0,1,5,1,1,11,2,8,0,0,0,2,0,0,4,5,5,8,3
2014.0,300.0,1.0,0.0,2,1,3,0,0,0,1,2,1,1,0,1,1,1,1,12,2,8,0,0,0,1,1,0,6,2,5,3,9
2014.0,0.0,1.0,0.0,2,4,3,0,0,0,0,6,1,1,0,0,9,1,1,12,2,8,0,0,0,2,2,0,4,2,5,3,9
2014.0,-380.0,3.0,0.0,3,4,3,0,0,0,1,7,1,1,0,1,1,1,1,16,2,8,0,1,0,1,1,0,6,5,5,3,9
2014.0,900.0,0.0,0.0,3,12,3,0,0,0,0,1,1,1,0,1,1,1,1,17,2,8,0,1,0,1,1,0,4,5,5,3,3
2014.0,32.0,0.0,0.0,3,6,3,0,0,0,1,9,1,1,0,0,9,1,1,17,2,8,0,1,0,2,1,0,4,7,5,8,3