Year,Distance,Totalinjuries,Totalfatalities,Injuryseverity,Collisionmanner,Lightcondition,Weather,SurfaceCondition,Unittype_One,Gender_Drv1,Traveldirection_One,AlcoholUse_Drv1,DrugUse_Drv1,Unittype_Two,Gender_Drv2,Traveldirection_Two,AlcoholUse_Drv2,DrugUse_Drv2,Hour,Weekday,Month,Weekend,Rush_Hour,Hazardous_Road,Age_Group_Drv1,Age_Group_Drv2,Substance_Use,Junction_Category,Violation_Category_Drv1,Violation_Category_Drv2,Unitaction_Category_Two,Unitaction_Category_One
2014.0,-250.0,0.0,0.0,3,1,3,0,0,0,0,5,1,1,0,1,5,1,1,17,2,8,0,1,0,1,1,0,6,8,5,9,9
2014.0,0.0,1.0,0.0,3,4,2,0,0,0,1,9,1,1,0,0,2,1,1,5,3,8,0,0,0,2,1,0,4,2,5,9,3
2014.0,-600.0,0.0,0.0,3,10,3,0,0,0,0,9,1,1,0,1,9,1,1,9,3,8,0,1,0,2,1,0,6,9,5,3,2
2014.0,-400.0,0.0,0.0,3,6,3,0,0,0,1,2,1,1,0,1,2,1,1,12,3,8,0,0,0,1,1,0,6,7,5,8,3
2014.0,200.0,0.0,0.0,3,6,3,0,0,0,1,9,1,1,0,1,9,1,1,12,3,8,0,0,0,2,1,0,6,7,5,3,3
2014.0,-509.0,0.0,0.0,3,6,3,0,0,0,1,5,1,1,0,0,5,1,1,12,3,8,0,0,0,1,1,0,6,7,5,9,3
2014.0,-148.0,0.0,0.0,3,6,3,0,0,0,0,1,1,1,0,1,1,1,1,13,3,8,0,0,0,2,1,0,4,7,5,8,8
2014.0,150.0,2.0,0.0,3,4,3,0,0,0,0,4,1,1,0,0,1,1,1,13,3,8,0,0,0,2,2,0,0,2,5,3,9
2014.0,-40.0,0.0,0.0,3,10,3,0,0,0,0,5,1,1,0,1,5,1,1,15,3,8,0,0,0,2,2,0,4,5,5,9,9
2014.0,90.0,0.0,0.0,3,6,3,0,0,0,0,5,1,1,0,1,5,1,1,17,3,8,0,1,0,1,1,0,6,7,5,8,3
2014.0,150.0,2.0,0.0,3,1,3,0,0,0,0,2,1,1,0,0,1,1,1,17,3,8,0,1,0,2,1,0,6,2,5,3,3
2014.0,31.0,0.0,0.0,3,6,3,0,0,0,1,5,1,1,0,1,5,1,1,18,3,8,0,1,0,1,1,0,4,7,5,3,3
2014.0,78.0,1.0,0.0,3,5,3,0,0,3,0,5,1,1,0,0,9,1,1,18,3,8,0,1,0,2,1,0,6,6,5,3,5
2014.0,0.0,0.0,0.0,3,4,0,0,0,0,0,2,1,1,0,1,9,1,1,21,3,8,0,0,0,2,1,0,6,2,5,3,9
2014.0,0.0,0.0,0.0,3,4,3,0,0,0,0,1,1,1,0,0,2,1,1,7,4,8,0,1,0,1,1,0,4,4,5,3,9
2014.0,-85.0,0.0,0.0,3,6,3,0,0,0,1,1,1,1,0,0,1,1,1,7,4,8,0,1,0,1,1,0,2,5,5,9,9
2014.0,-90.0,0.0,0.0,3,6,3,0,0,0,2,1,1,1,0,0,1,1,1,16,4,8,0,1,0,0,1,0,2,7,5,3,3
2014.0,0.0,0.0,0.0,3,1,3,0,0,0,1,5,1,1,0,1,1,1,1,16,4,8,0,1,0,1,2,0,4,2,5,9,3
2014.0,-400.0,0.0,0.0,3,4,3,0,0,0,1,9,1,1,0,1,2,1,1,17,4,8,0,1,0,2,1,0,6,4,5,3,9
2014.0,0.0,1.0,0.0,3,1,3,0,0,0,0,2,1,1,0,0,9,1,1,17,4,8,0,1,0,1,0,0,4,2,5,3,3
2014.0,283.0,2.0,0.0,2,4,0,0,0,0,1,2,1,1,0,1,9,1,1,21,4,8,0,0,0,2,1,0,0,2,5,3,9
2014.0,-3.0,0.0,0.0,3,10,0,0,0,0,1,1,1,1,0,0,1,1,1,1,5,8,1,0,0,1,1,0,4,4,5,3,9
2014.0,0.0,0.0,0.0,3,1,3,0,0,0,1,9,1,1,0,1,5,1,1,6,5,8,1,0,0,2,1,0,2,2,5,3,3
2014.0,110.0,0.0,0.0,3,1,3,0,0,0,1,1,1,1,0,1,6,1,1,11,5,8,1,0,0,0,1,0,6,4,5,9,3
2014.0,0.0,0.0,0.0,3,4,3,0,0,0,0,4,1,1,0,1,5,1,1,11,5,8,1,0,0,1,1,0,2,2,5,3,9
2014.0,-94.0,0.0,0.0,3,6,3,0,0,0,1,2,1,1,0,1,2,1,1,12,5,8,1,0,0,2,1,0,4,7,5,8,3
2014.0,0.0,0.0,0.0,3,1,0,0,0,0,0,2,1,1,0,0,9,1,1,23,5,8,1,0,0,2,2,0,4,2,5,3,3
2014.0,10.0,1.0,0.0,2,12,3,0,0,0,0,9,0,1,2,0,9,1,1,5,6,8,1,0,0,1,0,0,4,9,5,8,3
2014.0,0.0,0.0,0.0,3,10,3,0,0,0,2,2,1,1,0,0,2,1,1,13,6,8,1,0,0,0,1,0,2,4,5,9,9
2014.0,-118.0,0.0,0.0,3,6,3,0,0,0,1,1,1,1,0,1,1,1,1,15,6,8,1,0,0,1,0,0,4,7,5,8,3
2014.0,0.0,0.0,0.0,3,4,4,0,0,0,0,1,1,1,0,1,9,1,1,18,6,8,1,1,0,2,2,0,4,2,5,3,9
2014.0,0.0,0.0,0.0,3,12,0,0,0,0,2,8,1,1,0,1,1,1,1,22,6,8,1,0,0,0,1,0,4,9,5,9,5
2014.0,-131.0,0.0,0.0,3,6,3,0,0,0,0,1,1,1,0,1,1,1,1,6,0,8,0,0,0,1,1,0,2,7,5,8,3
2014.0,-119.0,0.0,0.0,3,6,3,0,0,0,1,2,1,0,0,0,2,1,1,10,0,8,0,0,0,1,1,0,2,7,5,3,3
2014.0,336.0,0.0,0.0,3,10,3,0,0,0,0,9,1,1,0,0,9,1,1,11,0,8,0,0,0,1,0,0,4,9,5,3,2
2014.0,65.0,0.0,0.0,3,6,3,0,0,0,0,9,1,1,0,0,9,1,1,13,0,8,0,0,0,2,0,0,4,5,7,8,3
2014.0,72.0,0.0,0.0,3,6,3,0,0,0,1,2,1,1,0,1,2,1,1,14,0,8,0,0,0,2,1,0,6,7,5,8,3
2014.0,106.0,0.0,0.0,3,6,3,0,0,0,0,9,1,1,0,1,9,1,1,14,0,8,0,0,0,1,1,0,2,8,5,8,3
2014.0,205.0,0.0,0.0,3,6,3,0,0,0,0,9,1,1,0,0,9,1,1,14,0,8,0,0,0,1,1,0,6,9,5,3,2
2014.0,252.0,1.0,0.0,2,4,3,0,0,0,0,1,1,1,0,1,2,1,1,15,0,8,0,0,0,0,1,0,0,2,5,3,9
2014.0,4.0,0.0,0.0,3,6,3,0,0,0,1,9,1,1,0,0,9,1,1,15,0,8,0,0,0,1,1,0,4,7,5,8,3
2014.0,40.0,0.0,0.0,3,6,3,1,0,0,1,2,1,1,0,0,2,1,1,17,0,8,0,1,0,2,0,0,6,7,5,8,3
2014.0,20.0,0.0,0.0,3,6,3,1,0,0,1,5,1,1,0,0,5,1,1,17,0,8,0,1,0,1,1,0,4,7,5,8,3
2014.0,0.0,0.0,0.0,3,4,0,1,0,0,0,5,1,1,0,0,2,1,1,20,0,8,0,0,0,2,1,0,4,2,5,3,9
2014.0,-374.0,0.0,0.0,3,12,3,0,0,0,2,8,1,1,1,1,8,1,1,14,1,8,0,0,0,0,1,0,6,5,5,6,5
2014.0,0.0,1.0,0.0,3,1,3,0,0,0,0,9,1,1,0,1,5,1,1,15,1,8,0,0,0,1,1,0,4,2,5,9,3
2014.0,-180.0,0.0,0.0,3,6,3,1,0,0,1,9,1,1,0,0,9,1,1,16,1,8,0,1,0,2,1,0,6,0,5,8,3
2014.0,168.0,0.0,0.0,3,6,3,3,4,0,1,9,1,1,0,1,9,1,1,17,1,8,0,1,1,1,1,0,6,7,5,8,3
2014.0,-100.0,0.0,0.0,3,1,3,3,4,0,0,1,1,1,0,0,5,1,1,17,1,8,0,1,1,2,2,0,4,2,5,3,6
2014.0,58.0,2.0,0.0,3,6,0,3,4,0,0,1,1,1,0,1,1,1,1,18,1,8,0,1,1,2,1,0,6,7,5,8,3
2014.0,0.0,0.0,0.0,3,4,4,3,4,0,1,9,1,1,0,0,1,1,1,18,1,8,0,1,1,2,2,0,4,2,5,3,9
2014.0,0.0,1.0,0.0,2,4,0,3,4,0,0,7,1,1,0,1,1,1,1,20,1,8,0,0,1,2,2,0,4,2,5,3,9
2014.0,90.0,0.0,0.0,3,6,0,3,4,0,1,5,1,1,0,0,5,1,1,20,1,8,0,0,1,1,2,0,6,7,5,8,8
2014.0,20.0,0.0,0.0,3,6,3,3,4,0,0,9,1,1,0,0,9,1,1,7,2,8,0,1,1,1,1,0,2,7,5,3,3
2014.0,0.0,1.0,0.0,3,4,3,3,4,0,0,3,1,1,0,1,9,1,1,7,2,8,0,1,1,2,1,0,4,2,5,3,9
2014.0,-25.0,0.0,0.0,3,4,3,3,4,0,0,2,1,1,0,1,1,1,1,7,2,8,0,1,1,2,1,0,4,4,5,8,9
2014.0,-84.0,0.0,0.0,3,6,3,1,4,0,1,2,1,1,0,0,2,1,1,7,2,8,0,1,1,1,1,0,4,7,5,8,8
2014.0,150.0,0.0,0.0,3,6,3,3,4,0,0,9,1,1,0,0,9,1,1,7,2,8,0,1,1,1,1,0,4,7,5,8,3
2014.0,372.0,0.0,0.0,3,1,3,1,4,0,1,1,1,1,0,0,9,1,1,8,2,8,0,1,1,1,1,0,6,7,5,3,9
2014.0,-600.0,0.0,0.0,3,10,3,1,4,0,1,9,1,1,0,0,9,1,1,9,2,8,0,1,1,1,1,0,6,4,5,3,3
2014.0,162.0,1.0,0.0,3,3,3,0,0,0,0,5,1,1,0,0,2,1,1,11,2,8,0,0,0,1,0,0,6,5,5,3,9
2014.0,532.0,0.0,0.0,3,10,3,0,0,0,0,5,1,1,0,1,5,1,1,11,2,8,0,0,0,2,1,0,6,9,5,3,2
2014.0,826.0,0.0,0.0,3,6,3,0,0,0,1,1,1,1,0,0,1,1,1,12,2,8,0,0,0,2,1,0,6,7,5,8,2
2014.0,95.0,0.0,0.0,3,6,3,0,0,0,1,1,1,1,0,0,1,1,1,13,2,8,0,0,0,1,1,0,9,7,5,8,3
2014.0,90.0,0.0,0.0,3,6,3,0,0,0,1,9,1,1,0,1,9,1,1,14,2,8,0,0,0,1,0,0,6,7,5,8,0
2014.0,-750.0,2.0,0.0,2,6,3,0,0,0,1,5,1,1,0,1,5,1,1,16,2,8,0,1,0,2,1,0,6,7,5,8,3
2014.0,15.0,0.0,0.0,3,6,3,0,0,0,0,9,1,1,0,0,9,1,1,16,2,8,0,1,0,1,1,0,4,8,5,8,3
2014.0,20.0,3.0,0.0,2,4,3,0,0,0,0,2,1,1,0,1,1,1,1,17,2,8,0,1,0,1,1,0,4,2,5,3,9
2014.0,-15.0,0.0,0.0,3,6,3,0,0,0,1,5,1,1,0,1,5,1,1,18,2,8,0,1,0,2,2,0,4,7,5,8,3
2014.0,54.0,0.0,0.0,3,6,0,0,0,0,0,5,1,1,0,1,5,1,1,22,2,8,0,0,0,2,0,0,6,7,5,8,3
2014.0,0.1,0.0,0.0,3,12,3,0,3,0,2,8,1,1,1,1,1,1,1,5,3,8,0,0,0,0,0,0,6,5,5,6,5
2014.0,65.0,0.0,0.0,3,6,3,0,0,0,1,9,1,0,0,0,9,1,1,6,3,8,0,0,0,2,2,0,4,7,5,8,2
2014.0,-85.0,0.0,0.0,3,6,3,0,0,0,0,2,1,1,0,0,2,1,1,8,3,8,0,1,0,1,1,0,4,7,5,8,3
2014.0,50.0,0.0,0.0,3,9,3,0,0,0,2,1,1,1,0,1,9,1,1,8,3,8,0,1,0,0,1,0,6,9,5,8,3
2014.0,200.0,0.0,0.0,3,6,3,0,0,0,1,5,1,1,0,0,5,1,1,8,3,8,0,1,0,1,1,0,4,7,5,3,3
2014.0,0.0,0.0,0.0,3,1,3,0,0,0,1,1,1,1,0,0,2,1,1,11,3,8,0,0,0,1,1,0,2,2,5,3,3
2014.0,-69.0,1.0,0.0,3,1,3,0,0,2,0,2,1,1,0,1,1,1,1,12,3,8,0,0,0,2,1,0,4,9,5,3,3
2014.0,-30.0,0.0,0.0,3,6,3,0,0,0,1,1,1,1,0,1,1,1,1,12,3,8,0,0,0,2,1,0,4,7,5,8,3
2014.0,25.0,1.0,0.0,3,6,3,0,0,0,1,5,1,1,0,0,5,1,1,16,3,8,0,1,0,1,1,0,6,7,5,8,3
2014.0,175.0,0.0,0.0,3,6,3,1,0,0,1,5,1,1,0,1,5,1,1,17,3,8,0,1,0,2,1,0,6,7,5,8,3
2014.0,10.0,1.0,0.0,3,1,3,0,0,0,1,5,1,1,0,0,5,1,1,19,3,8,0,1,0,0,1,0,4,4,5,3,2
2014.0,-15.0,0.0,0.0,3,6,0,0,0,0,0,1,1,1,0,1,1,1,1,21,3,8,0,0,0,1,1,0,4,7,5,9,3
2014.0,140.0,0.0,0.0,3,8,0,0,0,0,2,5,1,1,1,1,8,1,1,0,4,8,0,0,0,0,0,0,6,5,5,6,1
2014.0,-108.0,0.0,0.0,3,1,3,0,0,0,1,9,1,1,0,0,2,1,1,7,4,8,0,1,0,2,0,0,0,4,5,3,9
2014.0,350.0,0.0,0.0,3,6,3,1,0,0,1,9,1,1,0,1,9,1,1,12,4,8,0,0,0,2,1,0,6,7,5,9,3
2014.0,350.0,0.0,0.0,3,6,3,0,0,0,0,2,1,1,0,0,2,1,1,12,4,8,0,0,0,2,0,0,6,7,5,8,3
2014.0,0.0,1.0,0.0,3,4,3,0,0,0,0,1,1,1,0,1,5,1,1,13,4,8,0,0,0,2,2,0,4,2,5,3,9
2014.0,0.1,0.0,0.0,3,1,3,0,0,0,1,9,1,1,0,0,9,1,1,13,4,8,0,0,0,2,0,0,6,4,5,5,9
2014.0,0.0,1.0,0.0,2,4,3,0,0,0,0,9,1,1,0,1,1,1,1,16,4,8,0,1,0,0,2,0,4,2,5,3,9
2014.0,0.0,2.0,0.0,1,4,3,0,0,0,1,2,1,1,0,0,1,1,1,17,4,8,0,1,0,2,1,0,4,2,5,3,9
2014.0,0.0,0.0,0.0,3,1,3,0,0,0,1,9,1,1,0,0,4,1,1,17,4,8,0,1,0,1,1,0,4,7,5,9,2
2014.0,50.0,0.0,0.0,3,10,3,0,0,0,0,9,1,1,0,0,9,1,1,18,4,8,0,1,0,1,1,0,4,9,5,3,9
2014.0,0.0,0.0,0.0,3,4,0,0,0,0,1,5,1,1,0,0,1,1,1,20,4,8,0,0,0,2,1,0,4,2,5,3,9
2014.0,-30.0,0.0,0.0,3,6,0,0,0,0,1,2,1,1,0,0,2,1,1,21,4,8,0,0,0,1,1,0,4,5,5,8,3
2014.0,0.0,0.0,0.0,3,4,0,0,0,0,1,1,1,1,0,1,9,1,1,21,4,8,0,0,0,2,0,0,4,2,5,3,9
2014.0,-64.0,2.0,0.0,3,6,0,0,0,0,1,2,1,1,0,0,2,1,1,1,5,8,1,0,0,2,1,0,6,7,5,8,3
2014.0,115.0,0.0,0.0,3,6,0,0,0,0,1,5,0,1,0,1,5,1,1,2,5,8,1,0,0,2,1,0,2,7,5,8,3
2014.0,105.0,2.0,0.0,3,6,3,0,0,0,1,9,1,1,0,1,9,1,1,11,5,8,1,0,0,2,1,0,4,7,5,3,3
2014.0,0.0,2.0,0.0,2,1,3,0,0,0,1,9,0,1,0,1,2,1,1,16,5,8,1,1,0,1,1,0,4,2,5,3,3
2014.0,-485.0,0.0,0.0,3,10,0,0,0,0,1,5,1,1,0,0,5,1,1,21,5,8,1,0,0,1,1,0,6,9,5,3,2
2014.0,75.0,0.0,0.0,3,10,0,0,0,0,1,5,1,1,0,1,5,1,1,0,6,8,1,0,0,1,2,0,4,9,5,3,3
2014.0,350.0,0.0,0.0,3,9,1,0,0,0,2,2,1,1,1,1,5,1,1,3,6,8,1,0,0,0,1,0,6,9,5,6,5
2014.0,0.0,1.0,0.0,3,4,2,0,0,0,0,5,1,1,0,1,2,1,1,6,6,8,1,0,0,1,0,0,4,2,5,3,9
2014.0,-300.0,0.0,0.0,3,6,3,0,0,0,0,2,1,1,0,0,2,1,1,16,6,8,1,1,0,2,2,0,6,7,5,8,3
2014.0,46.0,0.0,0.0,3,10,3,0,0,0,1,5,1,1,0,0,5,1,1,16,6,8,1,1,0,1,2,0,4,5,5,3,8
2014.0,-50.0,0.0,0.0,3,12,0,4,3,0,2,8,1,1,1,1,8,1,1,18,6,8,1,1,0,0,1,0,6,5,5,6,5
2014.0,60.0,0.0,0.0,3,10,4,1,0,0,1,1,1,1,0,1,2,1,1,18,6,8,1,1,0,1,1,0,6,5,7,9,8
2014.0,0.0,0.0,0.0,3,1,4,0,0,0,1,2,1,1,0,1,9,1,1,19,6,8,1,1,0,2,2,0,4,2,5,3,3
2014.0,800.0,2.0,0.0,3,4,0,0,0,0,1,1,0,1,0,1,9,1,1,20,6,8,1,0,0,1,1,0,6,2,5,3,9
2014.0,0.0,0.0,0.0,3,4,3,0,0,0,1,9,1,1,0,0,1,1,1,6,0,8,0,0,0,1,1,0,4,2,5,3,9
2014.0,0.0,2.0,0.0,3,1,3,0,0,0,1,6,1,1,0,0,7,1,1,7,0,8,0,1,0,1,2,0,4,2,5,3,9
2014.0,-54.0,0.0,0.0,3,6,3,1,0,0,0,1,1,1,0,0,1,1,1,10,0,8,0,0,0,2,1,0,4,7,5,8,3
2014.0,-34.0,0.0,0.0,3,6,3,0,0,0,2,1,1,1,0,0,1,1,1,15,0,8,0,0,0,0,1,0,4,7,5,3,3
2014.0,-430.0,1.0,0.0,3,6,3,0,0,0,1,9,1,1,0,0,9,1,1,16,0,8,0,1,0,1,1,0,6,7,5,8,3
2014.0,212.0,0.0,0.0,3,6,3,1,0,0,0,2,1,1,0,0,2,1,1,17,0,8,0,1,0,2,1,0,0,7,5,8,3
2014.0,10.0,0.0,0.0,3,6,0,0,0,0,2,9,1,1,0,0,9,1,1,20,0,8,0,0,0,0,1,0,2,7,5,8,3
2014.0,-80.0,0.0,0.0,3,6,0,0,0,0,1,9,1,1,0,0,9,1,1,20,0,8,0,0,0,2,2,0,6,8,5,9,8
2014.0,0.0,0.0,0.0,3,4,0,0,0,0,1,9,1,1,0,1,1,1,1,22,0,8,0,0,0,2,2,0,2,2,5,3,9
2014.0,-18.0,0.0,0.0,3,6,3,3,4,0,0,2,1,1,0,1,2,1,1,6,1,8,0,0,1,1,1,0,3,7,5,8,3
2014.0,-130.0,1.0,0.0,3,5,3,3,4,0,1,5,1,1,3,0,5,1,1,7,1,8,0,1,1,2,1,0,4,7,5,6,3
2014.0,-60.0,0.0,0.0,3,6,3,3,4,0,1,1,1,1,0,0,1,1,1,7,1,8,0,1,1,1,1,0,4,7,5,8,3
2014.0,-100.0,0.0,0.0,3,6,3,0,0,0,0,5,1,1,0,1,2,1,1,9,1,8,0,1,0,0,1,0,6,5,5,8,1
2014.0,-180.0,0.0,0.0,3,6,3,1,0,0,1,2,1,1,0,1,2,1,1,9,1,8,0,1,0,2,1,0,4,7,5,8,3
2014.0,80.0,0.0,0.0,3,6,3,0,0,0,1,9,1,1,0,1,9,1,1,11,1,8,0,0,0,2,1,0,6,7,5,8,3
2014.0,-250.0,1.0,0.0,3,6,3,3,4,0,0,2,1,1,0,0,2,1,1,13,1,8,0,0,1,1,2,0,6,7,5,8,3
2014.0,0.0,2.0,0.0,2,1,3,1,0,0,1,1,1,1,0,0,2,1,1,15,1,8,0,0,0,0,2,0,2,2,5,3,3
2014.0,-1500.0,0.0,0.0,3,1,3,0,0,2,1,1,1,1,0,0,5,1,1,16,1,8,0,1,0,2,1,0,6,5,5,9,3
2014.0,-1500.0,1.0,0.0,2,3,3,0,0,0,1,9,1,1,3,1,8,1,1,16,1,8,0,1,0,1,2,0,6,7,5,5,3
2014.0,12.0,0.0,0.0,3,6,3,1,0,0,0,5,1,1,0,1,5,1,1,16,1,8,0,1,0,1,1,0,2,7,5,3,3
2014.0,53.0,1.0,0.0,3,6,3,0,0,0,0,5,1,1,0,0,5,1,1,18,1,8,0,1,0,1,1,0,4,7,5,8,3
2014.0,0.0,2.0,0.0,3,4,0,0,0,0,0,2,1,1,0,0,7,1,1,20,1,8,0,0,0,2,2,0,4,2,5,9,3
2014.0,100.0,0.0,0.0,3,4,3,3,4,0,0,5,1,1,0,0,1,1,1,21,1,8,0,0,1,2,2,0,4,2,5,3,9
2014.0,0.0,0.0,0.0,3,6,3,0,0,0,0,2,1,1,0,1,2,1,1,7,2,8,0,1,0,2,1,0,4,7,5,8,3
2014.0,-100.0,0.0,0.0,3,6,3,0,0,0,1,2,1,1,0,0,2,1,1,7,2,8,0,1,0,2,1,0,6,7,5,8,3
2014.0,0.0,0.0,0.0,3,4,3,0,0,0,1,9,1,1,0,0,1,1,1,8,2,8,0,1,0,0,1,0,4,5,5,3,9
2014.0,45.0,0.0,0.0,3,10,3,0,0,0,1,9,1,1,0,1,9,1,1,11,2,8,0,0,0,1,1,0,4,4,5,8,9
2014.0,-145.0,0.0,0.0,3,10,3,0,0,0,1,9,1,1,0,1,9,1,1,12,2,8,0,0,0,2,0,0,4,9,5,0,2
2014.0,-525.0,0.0,0.0,3,6,3,0,0,0,1,9,1,1,0,1,9,1,1,13,2,8,0,0,0,2,1,0,6,7,5,8,3
2014.0,-80.0,0.0,0.0,3,6,3,0,0,0,0,2,1,1,0,1,2,1,1,13,2,8,0,0,0,2,1,0,4,5,5,8,3
2014.0,450.0,0.0,0.0,3,6,3,0,0,0,0,5,1,1,0,1,5,1,1,13,2,8,0,0,0,2,2,0,6,7,5,8,3
2014.0,200.0,0.0,0.0,3,10,3,1,0,0,1,1,1,1,0,1,1,1,1,14,2,8,0,0,0,2,2,0,6,9,5,3,3
2014.0,130.0,0.0,0.0,3,6,3,0,0,0,0,9,1,1,0,1,9,1,1,14,2,8,0,0,0,1,1,0,2,7,5,8,3
2014.0,-10.0,1.0,0.0,2,1,3,0,0,2,0,2,1,1,0,1,1,1,1,14,2,8,0,0,0,2,2,0,4,5,7,9,3
2014.0,-30.0,0.0,0.0,3,6,3,0,0,0,0,2,1,1,0,1,2,1,1,15,2,8,0,0,0,2,2,0,4,7,5,9,9
2014.0,345.0,1.0,0.0,2,4,3,0,0,0,1,1,1,1,0,0,9,1,1,16,2,8,0,1,0,1,2,0,0,2,5,3,9
2014.0,-15.0,0.0,0.0,3,6,3,0,0,0,2,1,1,1,0,1,1,1,1,16,2,8,0,1,0,0,1,0,4,8,5,8,3
2014.0,-450.0,0.0,0.0,3,4,3,0,0,0,0,5,1,1,0,0,9,1,1,16,2,8,0,1,0,0,2,0,6,4,5,3,9
2014.0,52.0,0.0,0.0,3,6,3,0,0,0,1,1,0,1,0,1,1,1,1,17,2,8,0,1,0,1,1,0,4,8,5,8,8
2014.0,250.0,0.0,0.0,3,6,3,0,0,0,1,1,1,1,0,1,1,1,1,18,2,8,0,1,0,2,1,0,6,7,5,8,3
2014.0,-783.0,1.0,0.0,3,1,3,0,0,2,1,9,1,1,0,1,2,1,1,6,3,8,0,0,0,2,1,0,0,9,5,9,3
2014.0,-81.0,0.0,0.0,3,6,3,1,0,0,1,1,1,1,0,0,1,1,1,6,3,8,0,0,0,2,1,0,4,7,5,8,3
2014.0,-100.0,0.0,0.0,3,10,3,0,0,0,1,2,1,1,1,1,2,1,1,7,3,8,0,1,0,1,1,0,4,7,5,6,3
2014.0,-81.0,0.0,0.0,3,6,3,1,0,0,1,2,1,1,0,0,2,1,1,7,3,8,0,1,0,1,1,0,6,7,5,8,3
2014.0,30.0,0.0,0.0,3,6,3,1,0,0,0,9,1,1,0,0,9,1,1,9,3,8,0,1,0,2,1,0,4,7,5,8,3
2014.0,590.0,1.0,0.0,3,1,3,1,4,0,1,2,1,1,0,0,1,1,1,11,3,8,0,0,1,1,2,0,6,2,5,8,9
2014.0,-528.0,0.0,0.0,3,1,3,1,0,0,2,9,1,1,0,0,9,1,1,12,3,8,0,0,0,0,2,0,6,7,9,2,3
2014.0,-100.0,0.0,0.0,3,6,3,3,4,0,1,1,1,1,0,0,1,1,1,13,3,8,0,0,1,2,2,0,4,7,5,8,3
2014.0,-386.0,0.0,0.0,3,6,3,1,4,0,1,2,1,1,0,0,2,1,1,14,3,8,0,0,1,1,1,0,6,7,5,8,3
2014.0,0.0,0.0,0.0,3,6,3,0,0,0,0,2,1,1,0,1,2,1,1,15,3,8,0,0,0,2,2,0,4,7,5,8,3
2014.0,-101.0,0.0,0.0,3,6,3,0,0,0,1,5,1,1,0,1,5,1,1,16,3,8,0,1,0,2,1,0,1,7,5,8,3
2014.0,500.0,1.0,0.0,3,6,3,1,0,0,0,9,1,1,0,0,9,1,1,16,3,8,0,1,0,1,1,0,6,7,5,8,3
2014.0,280.0,0.0,0.0,3,10,0,1,0,0,1,9,1,1,0,1,9,1,1,19,3,8,0,1,0,1,2,0,6,5,5,3,2
2014.0,10.0,1.0,0.0,2,4,0,3,4,0,1,1,1,1,2,1,2,1,1,21,3,8,0,0,1,0,2,0,2,5,5,7,9
2014.0,-50.0,0.0,0.0,3,6,3,0,0,0,0,1,1,1,0,0,1,1,1,7,4,8,0,1,0,1,1,0,2,8,5,8,3
2014.0,-270.0,0.0,0.0,3,4,3,0,0,0,1,1,1,1,0,1,2,1,1,10,4,8,0,0,0,1,1,0,0,2,5,3,9
2014.0,-9.0,1.0,0.0,2,1,3,0,0,0,0,1,1,1,3,0,2,1,1,10,4,8,0,0,0,1,1,0,4,2,5,7,9
2014.0,25.0,0.0,0.0,3,10,3,0,0,0,2,9,1,1,0,1,9,1,1,11,4,8,0,0,0,0,1,0,4,9,5,3,9
2014.0,-82.0,4.0,0.0,1,4,3,0,0,0,0,5,1,1,0,0,9,1,1,12,4,8,0,0,0,2,1,0,0,2,5,3,9
2014.0,0.0,2.0,0.0,2,4,3,0,0,0,0,2,1,1,0,0,9,1,1,14,4,8,0,0,0,0,1,0,4,2,5,9,3
2014.0,-245.0,0.0,0.0,3,1,3,0,0,0,1,5,1,1,0,1,5,1,1,15,4,8,0,0,0,2,2,0,6,5,5,5,2
2014.0,-72.0,0.0,0.0,3,1,3,0,0,0,0,5,1,1,0,1,2,1,1,15,4,8,0,0,0,1,0,0,6,7,5,3,3
2014.0,65.0,0.0,0.0,3,6,3,0,0,0,0,9,1,1,0,1,9,1,1,16,4,8,0,1,0,2,1,0,4,7,5,8,3
2014.0,-900.0,0.0,0.0,3,6,3,0,0,0,1,1,1,1,0,0,1,1,1,17,4,8,0,1,0,1,1,0,6,8,5,8,8
2014.0,5.0,0.0,0.0,3,1,3,1,0,0,0,9,1,1,2,1,2,1,1,18,4,8,0,1,0,2,1,0,4,2,5,3,9
2014.0,0.0,0.0,0.0,3,4,0,0,0,0,0,9,1,1,0,1,1,1,1,21,4,8,0,0,0,2,2,0,2,2,5,5,5
2014.0,25.0,0.0,0.0,3,6,0,0,0,0,1,9,1,1,0,1,1,1,1,22,4,8,0,0,0,1,1,0,6,2,5,1,9
2014.0,-636.0,1.0,0.0,2,10,0,0,0,0,1,9,0,1,0,1,9,1,1,23,4,8,0,0,0,2,1,0,6,9,5,3,2
2014.0,-101.0,0.0,0.0,3,10,0,0,0,0,1,1,1,1,2,1,1,1,1,0,5,8,1,0,0,1,1,0,4,9,5,3,2
2014.0,150.0,0.0,0.0,3,10,0,0,0,0,1,5,1,1,0,0,5,1,1,2,5,8,1,0,0,2,2,0,6,7,5,8,3
2014.0,-55.0,0.0,0.0,3,6,0,0,0,0,1,2,1,1,0,0,2,1,1,2,5,8,1,0,0,1,2,0,4,8,5,8,3
2014.0,0.0,2.0,0.0,2,1,0,0,0,0,1,1,0,1,0,0,5,0,1,2,5,8,1,0,0,1,2,0,4,2,5,3,3
2014.0,-10.0,1.0,0.0,2,5,3,0,0,0,1,5,1,1,3,1,1,1,1,8,5,8,1,1,0,1,2,0,4,2,5,7,9
2014.0,0.0,3.0,0.0,2,4,3,0,0,0,0,7,1,1,0,0,6,1,1,11,5,8,1,0,0,0,2,0,4,4,5,3,9