Year,Distance,Totalinjuries,Totalfatalities,Injuryseverity,Collisionmanner,Lightcondition,Weather,SurfaceCondition,Unittype_One,Gender_Drv1,Traveldirection_One,AlcoholUse_Drv1,DrugUse_Drv1,Unittype_Two,Gender_Drv2,Traveldirection_Two,AlcoholUse_Drv2,DrugUse_Drv2,Hour,Weekday,Month,Weekend,Rush_Hour,Hazardous_Road,Age_Group_Drv1,Age_Group_Drv2,Substance_Use,Junction_Category,Violation_Category_Drv1,Violation_Category_Drv2,Unitaction_Category_Two,Unitaction_Category_One
2014.0,500.0,0.0,0.0,3,1,3,0,0,0,0,1,1,1,0,0,2,1,1,11,5,8,1,0,0,1,1,0,6,2,5,3,3
2014.0,-4.0,1.0,0.0,3,1,3,0,0,2,0,2,1,1,0,1,1,1,1,12,5,8,1,0,0,2,1,0,4,9,5,9,3
2014.0,-600.0,0.0,0.0,3,4,3,0,0,0,0,4,1,1,0,0,5,1,1,13,5,8,1,0,0,1,1,0,0,2,5,3,9
2014.0,-153.0,0.0,0.0,3,6,3,0,0,0,1,2,1,1,0,1,2,1,1,13,5,8,1,0,0,2,2,0,6,7,5,8,3
2014.0,45.0,0.0,0.0,3,10,3,0,0,0,0,1,1,1,0,0,1,1,1,14,5,8,1,0,0,0,1,0,6,9,5,3,2
2014.0,-40.0,0.0,0.0,3,6,3,0,0,0,1,1,1,1,0,1,1,1,1,14,5,8,1,0,0,1,1,0,4,5,7,3,3
2014.0,-50.0,0.0,0.0,3,6,3,0,0,0,1,1,1,1,0,1,1,1,1,18,5,8,1,1,0,2,1,0,2,7,5,8,3
2014.0,-180.0,2.0,0.0,1,1,0,0,0,0,1,5,1,1,0,1,1,1,1,2,6,8,1,0,0,1,0,0,6,7,2,9,3
2014.0,-4.0,1.0,0.0,3,1,3,0,0,0,1,2,1,1,0,0,1,1,1,12,6,8,1,0,0,2,1,0,0,2,5,3,9
2014.0,-40.0,3.0,0.0,2,6,3,0,0,0,1,5,1,1,0,1,5,1,1,13,6,8,1,0,0,1,1,0,4,7,5,3,3
2014.0,-40.0,0.0,0.0,3,6,3,0,0,0,1,1,1,1,0,1,1,1,1,14,6,8,1,0,0,1,1,0,3,8,5,3,3
2014.0,0.0,0.0,0.0,3,10,3,0,0,0,0,1,1,1,0,0,1,1,1,17,6,8,1,1,0,0,1,0,4,4,5,9,9
2014.0,0.0,0.0,0.0,3,4,4,0,0,0,0,1,1,1,0,0,9,1,1,19,6,8,1,1,0,2,1,0,4,2,5,9,9
2014.0,200.0,0.0,0.0,3,6,3,0,0,0,0,2,1,1,0,1,2,1,1,7,0,8,0,1,0,1,0,0,6,5,5,8,5
2014.0,59.0,0.0,0.0,3,6,3,0,0,0,1,9,1,1,0,0,9,1,1,7,0,8,0,1,0,1,0,0,2,7,5,8,3
2014.0,-920.0,0.0,0.0,3,4,3,0,0,0,1,6,1,1,0,0,2,1,1,7,0,8,0,1,0,0,1,0,6,5,5,3,9
2014.0,57.0,0.0,0.0,3,6,3,0,0,0,1,2,1,1,0,1,2,1,1,8,0,8,0,1,0,1,1,0,6,7,5,8,3
2014.0,107.0,0.0,0.0,3,5,3,0,0,0,1,1,1,1,0,1,9,1,1,10,0,8,0,0,0,1,2,0,6,5,5,8,1
2014.0,65.0,0.0,0.0,3,6,3,0,0,0,1,5,1,1,0,1,5,1,1,10,0,8,0,0,0,0,2,0,4,7,5,8,3
2014.0,0.0,1.0,0.0,3,3,3,0,0,0,0,5,1,1,0,0,1,1,1,15,0,8,0,0,0,0,1,0,4,2,5,3,9
2014.0,0.0,0.0,0.0,3,1,3,0,0,0,0,1,1,1,0,0,5,1,1,15,0,8,0,0,0,1,1,0,2,2,5,3,3
2014.0,-129.0,0.0,0.0,3,6,3,0,0,0,1,2,1,1,0,1,2,1,1,16,0,8,0,1,0,1,2,0,4,7,5,3,3
2014.0,-40.0,2.0,0.0,3,6,3,0,0,0,0,2,1,1,0,0,2,1,1,16,0,8,0,1,0,1,1,0,4,7,5,8,8
2014.0,262.0,0.0,0.0,3,6,3,0,0,0,1,1,1,1,0,0,1,1,1,17,0,8,0,1,0,2,1,0,6,7,5,8,3
2014.0,-150.0,0.0,0.0,3,10,0,0,0,0,2,2,1,1,0,0,2,1,1,19,0,8,0,1,0,0,1,0,6,9,5,8,5
2014.0,-500.0,0.0,0.0,3,3,1,0,0,0,0,9,1,1,1,1,8,1,1,6,1,8,0,0,0,1,1,0,6,7,5,6,3
2014.0,582.0,1.0,0.0,3,6,3,0,0,0,0,9,1,1,0,1,9,1,1,7,1,8,0,1,0,2,0,0,6,7,5,8,3
2014.0,30.0,0.0,0.0,3,6,3,0,0,0,0,1,1,1,0,1,1,1,1,8,1,8,0,1,0,2,1,0,6,7,5,8,3
2014.0,126.0,1.0,0.0,3,6,3,0,0,0,1,9,1,1,0,1,9,1,1,9,1,8,0,1,0,2,0,0,6,7,5,8,3
2014.0,601.0,0.0,0.0,3,6,3,0,0,0,0,1,1,1,0,0,1,1,1,13,1,8,0,0,0,0,2,0,0,7,5,3,3
2014.0,4.0,2.0,0.0,3,1,3,0,0,2,0,1,1,1,0,1,7,1,1,14,1,8,0,0,0,2,0,0,4,2,5,9,3
2014.0,-60.0,0.0,0.0,3,6,3,0,0,0,0,5,1,1,0,1,5,1,1,15,1,8,0,0,0,2,1,0,6,7,5,8,3
2014.0,88.0,1.0,0.0,3,6,3,0,0,0,1,2,1,1,0,1,2,1,1,16,1,8,0,1,0,2,1,0,6,7,5,8,3
2014.0,0.0,1.0,0.0,3,3,3,0,0,0,1,9,1,1,0,1,1,1,1,16,1,8,0,1,0,2,1,0,4,2,5,3,9
2014.0,0.0,1.0,0.0,3,6,3,0,0,0,1,5,1,1,0,1,5,1,1,17,1,8,0,1,0,2,1,0,4,7,5,8,8
2014.0,-242.0,0.0,0.0,3,10,3,0,0,0,2,2,1,1,0,1,2,1,1,18,1,8,0,1,0,0,1,0,6,9,5,3,2
2014.0,2.0,0.0,0.0,3,6,0,0,0,0,1,9,1,1,0,1,9,1,1,19,1,8,0,1,0,2,2,0,4,7,5,8,3
2014.0,450.0,0.0,0.0,3,6,0,0,0,0,1,9,0,1,0,1,9,1,1,0,2,8,0,0,0,2,1,0,6,7,5,3,3
2014.0,560.0,1.0,0.0,3,10,3,0,0,0,1,5,1,1,0,1,5,1,1,11,2,8,0,0,0,2,1,0,6,4,5,3,9
2014.0,-5.0,1.0,0.0,2,1,3,0,0,2,1,2,1,1,0,0,1,1,1,12,2,8,0,0,0,1,2,0,2,2,5,9,3
2014.0,-831.0,0.0,0.0,3,6,3,0,0,0,0,9,1,1,0,1,9,1,1,12,2,8,0,0,0,1,1,0,6,7,5,8,3
2014.0,0.0,1.0,0.0,2,1,3,0,0,0,0,9,1,1,0,1,5,1,1,15,2,8,0,0,0,0,1,0,4,2,5,3,3
2014.0,-540.0,0.0,0.0,3,6,3,0,0,0,1,1,1,1,0,1,1,1,1,15,2,8,0,0,0,2,1,0,0,7,5,3,3
2014.0,512.0,0.0,0.0,3,6,3,0,0,0,1,9,1,1,0,0,9,1,1,17,2,8,0,1,0,1,1,0,6,7,5,8,8
2014.0,0.0,1.0,0.0,3,1,3,0,0,2,1,1,1,1,0,0,5,1,1,18,2,8,0,1,0,1,1,0,4,2,5,9,3
2014.0,158.0,0.0,0.0,3,6,3,0,0,0,0,2,1,1,0,1,2,1,1,18,2,8,0,1,0,1,1,0,6,7,5,8,3
2014.0,75.0,0.0,0.0,3,6,3,0,0,0,1,5,1,1,0,0,5,1,1,18,2,8,0,1,0,0,1,0,4,7,5,8,8
2014.0,38.0,0.0,0.0,3,6,3,0,0,0,1,2,1,1,0,0,2,1,1,18,2,8,0,1,0,2,2,0,6,7,5,3,3
2014.0,2.0,1.0,0.0,2,5,0,0,0,2,0,2,1,1,0,0,7,1,1,19,2,8,0,1,0,1,1,0,4,5,5,9,3
2014.0,216.0,1.0,0.0,2,5,0,0,0,0,0,5,1,1,0,1,1,1,1,20,2,8,0,0,0,1,1,0,4,2,5,3,9
2014.0,-67.0,1.0,0.0,2,1,0,0,0,0,1,9,0,1,0,0,9,1,1,22,2,8,0,0,0,1,2,0,0,9,5,8,3
2014.0,0.0,1.0,0.0,3,4,3,0,0,0,0,4,1,1,0,0,5,1,1,7,3,8,0,1,0,1,1,0,4,2,5,3,9
2014.0,0.0,0.0,0.0,3,4,3,0,0,0,1,1,1,1,0,0,9,1,1,7,3,8,0,1,0,2,1,0,4,2,5,3,9
2014.0,-271.0,0.0,0.0,3,1,3,0,0,0,0,2,1,1,0,0,2,1,1,8,3,8,0,1,0,1,2,0,6,9,5,3,2
2014.0,0.0,0.0,0.0,3,4,3,0,0,0,0,9,1,1,0,0,5,1,1,11,3,8,0,0,0,2,1,0,4,2,5,3,9
2014.0,75.0,0.0,0.0,3,6,3,0,0,0,1,5,1,1,0,1,5,1,1,11,3,8,0,0,0,2,1,0,4,7,5,8,3
2014.0,48.0,0.0,0.0,3,6,3,0,0,0,0,9,1,1,0,0,9,1,1,11,3,8,0,0,0,2,2,0,4,5,5,5,5
2014.0,200.0,0.0,0.0,3,6,3,0,0,0,1,5,1,1,0,1,5,1,1,12,3,8,0,0,0,2,1,0,6,5,5,8,3
2014.0,240.0,0.0,0.0,3,1,3,0,0,0,1,1,1,1,0,1,2,1,1,12,3,8,0,0,0,2,1,0,6,2,5,3,9
2014.0,-534.0,1.0,0.0,2,6,3,0,0,0,1,2,1,1,0,1,2,1,1,13,3,8,0,0,0,1,2,0,6,7,5,8,3
2014.0,-100.0,0.0,0.0,3,10,3,0,0,0,0,5,1,1,0,1,5,1,1,14,3,8,0,0,0,2,1,0,6,9,5,3,2
2014.0,344.0,0.0,0.0,3,6,3,0,0,0,0,5,1,1,0,1,5,1,1,14,3,8,0,0,0,2,1,0,6,7,5,8,3
2014.0,65.0,1.0,0.0,3,4,3,0,0,0,1,9,1,1,0,0,2,1,1,15,3,8,0,0,0,2,1,0,4,2,5,3,9
2014.0,-200.0,0.0,0.0,3,5,3,0,0,0,1,2,1,1,0,1,5,1,1,15,3,8,0,0,0,1,1,0,6,7,7,9,9
2014.0,40.0,1.0,0.0,2,5,3,0,0,3,1,5,1,1,0,1,1,1,1,17,3,8,0,1,0,2,2,0,4,6,5,3,7
2014.0,660.0,0.0,0.0,3,6,3,0,0,0,0,5,1,1,0,1,5,1,1,18,3,8,0,1,0,2,2,0,6,7,5,8,3
2014.0,0.0,0.0,0.0,3,4,0,0,0,0,1,1,1,1,0,0,4,1,1,21,3,8,0,0,0,2,2,0,6,2,5,3,9
2014.0,0.0,0.0,0.0,3,6,0,0,0,0,1,6,1,1,0,1,6,1,1,22,3,8,0,0,0,2,1,0,4,7,5,8,3
2014.0,0.0,1.0,0.0,3,1,3,0,0,0,0,2,1,1,0,1,1,1,1,9,4,8,0,1,0,1,0,0,4,2,5,3,9
2014.0,-670.0,0.0,0.0,3,1,3,0,0,0,0,2,1,1,0,1,3,1,1,11,4,8,0,0,0,2,2,0,6,7,5,9,3
2014.0,200.0,0.0,0.0,3,6,3,0,0,0,1,9,1,1,0,1,9,1,1,11,4,8,0,0,0,1,1,0,6,7,5,8,3
2014.0,-105.0,0.0,0.0,3,6,3,0,0,0,1,2,1,1,0,1,2,1,1,12,4,8,0,0,0,1,1,0,4,7,5,3,3
2014.0,-280.0,1.0,0.0,3,1,3,0,0,0,1,2,1,1,3,0,9,1,1,13,4,8,0,0,0,1,1,0,0,2,5,7,3
2014.0,350.0,0.0,0.0,3,10,3,0,0,0,1,1,1,1,0,0,1,1,1,14,4,8,0,0,0,1,2,0,6,9,5,3,2
2014.0,-6.0,0.0,0.0,3,10,3,0,0,0,1,2,1,1,0,1,2,1,1,14,4,8,0,0,0,2,1,0,4,4,5,3,9
2014.0,-26.0,0.0,0.0,3,6,3,0,0,0,1,1,1,1,0,1,1,1,1,16,4,8,0,1,0,2,1,0,4,7,5,3,3
2014.0,0.0,0.0,0.0,3,4,3,0,0,0,2,2,1,1,0,0,6,1,1,18,4,8,0,1,0,0,1,0,2,2,5,9,3
2014.0,-32.0,0.0,0.0,3,6,3,0,0,0,0,1,1,1,0,1,1,1,1,18,4,8,0,1,0,2,1,0,4,9,5,8,3
2014.0,0.0,0.0,0.0,3,1,0,0,0,0,0,9,1,1,0,0,1,1,1,20,4,8,0,0,0,1,1,0,4,5,5,3,9
2014.0,-75.0,0.0,0.0,3,6,1,0,0,0,1,9,1,1,1,1,9,1,1,21,4,8,0,0,0,2,1,0,4,7,5,6,3
2014.0,0.0,1.0,0.0,3,1,3,0,0,0,0,5,1,1,0,1,9,1,1,15,5,8,1,0,0,0,1,0,4,2,5,3,3
2014.0,-200.0,0.0,0.0,3,10,4,0,0,2,2,5,1,1,0,1,5,1,1,19,5,8,1,1,0,0,2,0,6,5,9,0,5
2014.0,0.0,0.0,0.0,3,1,0,0,0,0,1,2,1,1,0,1,1,1,1,20,5,8,1,0,0,1,2,0,4,2,5,3,3
2014.0,-0.1,0.0,0.0,3,6,0,0,0,0,1,2,1,1,0,1,2,1,1,20,5,8,1,0,0,2,1,0,6,7,5,3,3
2014.0,-46.0,0.0,0.0,3,10,3,0,0,0,1,1,1,1,0,0,1,1,1,10,6,8,1,0,0,0,0,0,6,9,5,3,2
2014.0,200.0,0.0,0.0,3,6,3,0,0,0,2,5,1,1,0,0,5,1,1,11,6,8,1,0,0,0,1,0,2,5,5,8,5
2014.0,70.0,0.0,0.0,3,12,3,0,0,0,2,9,1,1,0,1,9,1,1,11,6,8,1,0,0,0,2,0,4,7,5,8,3
2014.0,0.0,0.0,0.0,3,1,3,0,0,0,0,2,1,1,0,1,5,1,1,13,6,8,1,0,0,1,1,0,4,2,5,9,3
2014.0,175.0,0.0,0.0,3,10,3,0,0,0,0,2,1,1,0,0,2,1,1,14,6,8,1,0,0,0,2,0,6,9,5,3,2
2014.0,100.0,1.0,0.0,2,6,4,0,0,0,1,1,1,1,0,0,1,1,1,18,6,8,1,1,0,1,2,0,0,7,5,9,3
2014.0,50.0,0.0,0.0,3,6,3,0,0,0,1,1,1,1,0,0,1,1,1,15,0,9,0,0,0,2,2,0,4,7,5,8,3
2014.0,0.0,0.0,0.0,3,4,0,0,0,0,0,1,1,1,0,1,9,1,1,21,0,9,0,0,0,2,1,0,4,2,5,3,9
2014.0,0.0,2.0,0.0,2,4,0,0,0,0,1,1,1,1,0,1,2,1,1,23,0,9,0,0,0,2,1,0,4,2,5,3,9
2014.0,-285.0,0.0,0.0,3,6,0,0,0,0,1,9,0,1,1,1,9,1,1,23,0,9,0,0,0,2,1,0,6,7,5,6,3
2014.0,105.0,0.0,0.0,3,6,3,0,0,0,0,9,1,1,0,0,9,1,1,9,1,9,0,1,0,1,1,0,4,7,5,8,3
2014.0,-200.0,0.0,0.0,3,5,3,0,0,0,1,1,1,1,1,1,8,1,1,10,1,9,0,0,0,2,1,0,6,4,5,6,9
2014.0,0.0,0.0,0.0,3,6,3,0,0,0,0,5,1,1,0,0,5,1,1,10,1,9,0,0,0,1,2,0,4,7,5,8,8
2014.0,-250.0,0.0,0.0,3,1,3,0,0,0,1,7,1,1,0,1,9,1,1,10,1,9,0,0,0,1,1,0,0,5,5,3,6
2014.0,-465.0,2.0,0.0,2,4,3,0,0,0,0,4,1,1,0,1,1,1,1,13,1,9,0,0,0,0,1,0,6,2,5,3,9
2014.0,-300.0,0.0,0.0,3,1,3,0,0,0,1,9,1,1,0,0,2,1,1,15,1,9,0,0,0,2,1,0,6,2,5,3,5
2014.0,740.0,1.0,0.0,2,1,3,0,0,0,1,1,1,1,2,1,1,1,1,16,1,9,0,1,0,1,2,0,0,2,5,3,9
2014.0,0.0,0.0,0.0,3,4,3,0,0,0,0,2,1,1,0,0,9,1,1,16,1,9,0,1,0,1,0,0,4,2,5,9,3
2014.0,-14.0,0.0,0.0,3,6,3,0,0,0,0,2,1,1,0,0,2,1,1,17,1,9,0,1,0,1,2,0,1,7,5,8,3
2014.0,0.0,0.0,0.0,3,1,3,0,0,0,1,9,1,1,0,0,5,1,1,17,1,9,0,1,0,1,1,0,4,2,5,3,9
2014.0,15.0,0.0,0.0,3,6,3,0,0,0,0,1,1,1,0,0,1,1,1,17,1,9,0,1,0,2,1,0,6,7,5,8,8
2014.0,-300.0,0.0,0.0,3,4,3,0,0,0,0,9,1,1,0,0,1,1,1,17,1,9,0,1,0,2,1,0,6,2,5,3,9
2014.0,-55.0,0.0,0.0,3,6,0,0,0,0,1,2,1,1,0,0,2,1,1,21,1,9,0,0,0,1,2,0,4,7,5,8,8
2014.0,-170.0,1.0,0.0,2,1,0,0,0,2,1,9,1,1,0,0,2,1,1,21,1,9,0,0,0,1,1,0,6,9,5,3,3
2014.0,600.0,1.0,0.0,1,1,3,0,0,2,1,2,1,1,0,0,2,1,1,6,2,9,0,0,0,0,1,0,0,4,5,3,7
2014.0,30.0,0.0,0.0,3,6,3,0,0,0,1,9,1,1,0,0,9,1,1,7,2,9,0,1,0,1,0,0,2,7,5,3,9
2014.0,0.91,0.0,0.0,3,6,3,0,0,0,1,9,1,1,0,1,9,1,1,7,2,9,0,1,0,1,1,0,6,7,5,8,3
2014.0,0.0,0.0,0.0,3,4,3,0,0,0,1,5,1,1,0,0,2,1,1,7,2,9,0,1,0,2,2,0,4,2,5,3,9
2014.0,150.0,1.0,0.0,3,6,3,0,0,0,1,9,1,1,0,1,9,1,1,8,2,9,0,1,0,1,0,0,4,7,5,8,3
2014.0,200.0,0.0,0.0,3,6,3,0,0,0,0,1,1,1,0,1,1,1,1,11,2,9,0,0,0,2,1,0,4,5,5,8,3
2014.0,500.0,0.0,0.0,3,10,3,0,0,0,1,1,1,1,0,1,1,1,1,12,2,9,0,0,0,2,1,0,6,9,5,3,3
2014.0,133.0,0.0,0.0,3,6,3,0,0,0,0,9,1,1,0,1,9,1,1,12,2,9,0,0,0,1,1,0,2,5,5,8,3
2014.0,-135.0,0.0,0.0,3,8,3,0,0,0,1,5,1,1,1,1,9,1,1,13,2,9,0,0,0,0,1,0,6,5,5,6,1
2014.0,0.0,1.0,0.0,2,1,3,0,0,2,1,5,1,1,0,0,9,1,1,14,2,9,0,0,0,2,2,0,4,9,5,9,3
2014.0,-140.0,0.0,0.0,3,6,3,0,0,0,0,2,1,1,0,1,2,1,1,15,2,9,0,0,0,2,1,0,4,7,5,8,3
2014.0,36.0,0.0,0.0,3,6,3,0,0,0,0,9,1,1,0,0,9,1,1,16,2,9,0,1,0,2,1,0,2,7,5,8,8
2014.0,150.0,0.0,0.0,3,6,3,0,0,0,0,9,1,1,0,1,9,1,1,17,2,9,0,1,0,0,1,0,4,7,5,8,3
2014.0,0.0,0.0,0.0,3,4,3,0,0,0,0,2,1,1,0,1,1,1,1,17,2,9,0,1,0,2,1,0,4,2,5,3,9
2014.0,-90.0,0.0,0.0,3,6,0,0,0,0,1,2,1,1,0,1,2,1,1,22,2,9,0,0,0,2,2,0,4,7,5,8,3
2014.0,0.0,0.0,0.0,3,4,2,0,0,0,0,7,1,1,0,0,1,1,1,5,3,9,0,0,0,1,1,0,4,2,5,3,9
2014.0,3.0,0.0,0.0,3,5,3,0,0,2,1,5,1,1,0,0,9,1,1,6,3,9,0,0,0,2,1,0,4,2,5,9,3
2014.0,0.0,2.0,0.0,3,1,3,0,0,0,1,1,1,1,0,0,5,1,1,7,3,9,0,1,0,1,1,0,4,2,5,3,3
2014.0,-800.0,0.0,0.0,3,6,3,0,0,0,1,9,1,1,0,1,9,1,1,8,3,9,0,1,0,2,0,0,6,7,5,8,3
2014.0,245.0,0.0,0.0,3,6,3,0,0,0,1,9,1,1,0,1,9,1,1,9,3,9,0,1,0,2,1,0,6,7,5,8,3
2014.0,35.0,0.0,0.0,3,6,3,0,0,0,1,9,1,1,0,0,9,1,1,10,3,9,0,0,0,0,1,0,2,7,5,8,3
2014.0,83.0,0.0,0.0,3,6,3,0,0,0,1,5,1,1,0,1,5,1,1,11,3,9,0,0,0,2,1,0,4,7,5,8,8
2014.0,800.0,0.0,0.0,3,1,3,0,0,0,1,5,1,1,0,1,9,1,1,12,3,9,0,0,0,2,1,0,0,2,5,3,2
2014.0,-24.0,1.0,0.0,3,6,3,0,0,0,1,1,1,1,0,1,1,1,1,16,3,9,0,1,0,2,2,0,4,7,5,8,3
2014.0,460.0,0.0,0.0,3,4,3,0,0,0,1,1,1,1,0,1,5,1,1,17,3,9,0,1,0,1,1,0,6,2,5,3,9
2014.0,0.0,0.0,0.0,3,4,3,0,0,0,1,1,1,1,0,0,5,1,1,17,3,9,0,1,0,1,1,0,4,2,5,3,9
2014.0,-250.0,0.0,0.0,3,6,0,3,4,0,1,1,1,1,0,1,1,1,1,19,3,9,0,1,1,2,2,0,6,7,5,8,3
2014.0,-450.0,0.0,0.0,3,10,0,3,4,0,2,9,1,1,0,1,9,1,1,19,3,9,0,1,1,0,1,0,6,9,5,5,5
2014.0,-50.0,0.0,0.0,3,12,0,0,0,0,0,9,1,1,0,0,9,1,1,19,3,9,0,1,0,1,1,0,6,5,5,5,5
2014.0,30.0,0.0,0.0,3,10,3,0,0,0,2,1,1,1,0,1,1,1,1,6,4,9,0,0,0,0,1,0,6,9,5,3,3
2014.0,375.0,0.0,0.0,3,6,3,0,0,0,1,1,1,1,0,1,1,1,1,9,4,9,0,1,0,1,1,0,6,7,5,9,3
2014.0,0.0,1.0,1.0,0,4,3,0,0,0,1,1,1,1,0,0,9,1,1,9,4,9,0,1,0,2,0,0,2,4,5,3,9
2014.0,303.0,1.0,0.0,2,1,3,0,0,0,0,2,1,1,0,1,3,1,1,10,4,9,0,0,0,1,1,0,4,7,5,9,3
2014.0,0.0,2.0,0.0,3,4,3,0,0,0,0,5,1,1,0,0,9,1,1,11,4,9,0,0,0,2,1,0,4,5,5,3,9
2014.0,0.0,0.0,0.0,3,6,3,0,0,0,1,9,1,1,0,0,9,1,1,12,4,9,0,0,0,1,2,0,2,7,5,8,3
2014.0,-100.0,0.0,0.0,3,1,3,0,0,0,1,2,1,1,0,0,2,1,1,13,4,9,0,0,0,0,1,0,4,9,5,3,9
2014.0,20.0,0.0,0.0,3,9,3,0,0,0,1,5,1,1,0,0,9,1,1,14,4,9,0,0,0,1,1,0,4,4,5,8,9
2014.0,-63.0,0.0,0.0,3,6,3,0,0,0,0,2,1,1,0,1,2,1,1,16,4,9,0,1,0,2,1,0,6,7,5,3,3
2014.0,46.0,1.0,0.0,2,1,3,0,0,0,1,9,1,1,0,1,2,1,1,16,4,9,0,1,0,1,2,0,4,9,5,3,9
2014.0,-100.0,0.0,0.0,3,6,3,0,0,0,1,2,1,1,0,1,2,1,1,16,4,9,0,1,0,2,2,0,6,7,5,8,3
2014.0,-146.0,0.0,0.0,3,10,3,0,0,0,0,5,1,1,0,0,5,1,1,16,4,9,0,1,0,0,0,0,6,5,5,3,2
2014.0,-15.0,2.0,0.0,2,6,3,0,0,0,0,1,1,1,0,1,1,1,1,17,4,9,0,1,0,1,1,0,4,7,5,8,3
2014.0,0.0,0.0,0.0,3,4,3,0,0,0,0,2,1,1,0,1,5,1,1,17,4,9,0,1,0,1,2,0,4,2,5,9,3
2014.0,90.0,0.0,0.0,3,6,3,0,0,0,0,9,0,1,0,1,9,1,1,17,4,9,0,1,0,1,0,0,4,7,5,8,3
2014.0,45.0,1.0,0.0,3,6,3,0,0,0,0,9,0,1,0,0,9,1,1,17,4,9,0,1,0,1,1,0,4,7,5,8,3
2014.0,880.0,0.0,0.0,3,6,3,0,0,0,1,5,1,1,0,0,5,1,1,17,4,9,0,1,0,1,2,0,1,7,5,8,3
2014.0,127.0,0.0,0.0,3,6,3,0,0,0,1,5,1,1,0,0,5,1,1,17,4,9,0,1,0,1,2,0,4,7,5,8,8
2014.0,5.0,1.0,0.0,3,6,3,0,0,0,1,9,1,1,0,1,9,1,1,18,4,9,0,1,0,1,1,0,2,7,5,8,3
2014.0,93.0,0.0,0.0,3,6,0,0,0,0,0,9,1,1,0,1,9,1,1,20,4,9,0,0,0,1,1,0,4,7,5,8,3
2014.0,1675.0,0.0,0.0,3,6,0,0,0,0,2,9,1,1,0,0,9,1,1,23,4,9,0,0,0,0,2,0,6,7,5,8,8
2014.0,0.0,1.0,0.0,2,4,3,0,0,0,1,9,1,1,2,1,1,1,1,8,5,9,1,1,0,2,1,0,4,2,5,3,9
2014.0,0.0,0.0,0.0,3,7,3,0,0,0,1,8,1,1,0,0,8,1,1,9,5,9,1,1,0,0,0,0,6,5,5,1,1
2014.0,24.0,0.0,0.0,3,6,3,0,0,0,0,5,1,1,0,0,5,1,1,10,5,9,1,0,0,1,1,0,4,7,5,8,3
2014.0,160.0,0.0,0.0,3,10,3,1,0,0,1,5,1,1,0,1,5,1,1,16,5,9,1,1,0,1,2,0,4,9,5,3,2
2014.0,-136.0,0.0,0.0,3,6,3,0,0,0,0,9,1,1,0,0,9,1,1,16,5,9,1,1,0,2,1,0,6,7,5,8,3
2014.0,200.0,2.0,0.0,3,6,0,0,0,0,0,5,0,1,0,0,5,1,1,20,5,9,1,0,0,1,1,0,4,7,5,8,3
2014.0,0.0,0.0,0.0,3,4,3,0,0,0,1,6,1,1,0,1,6,1,1,12,6,9,1,0,0,2,1,0,2,9,5,9,9
2014.0,378.0,1.0,0.0,2,1,3,0,0,0,1,2,1,1,0,0,9,1,1,13,6,9,1,0,0,1,1,0,6,2,5,3,9
2014.0,0.0,0.0,0.0,3,1,4,0,0,0,0,9,1,1,0,1,7,1,1,18,6,9,1,1,0,1,2,0,2,9,5,9,3
2014.0,500.0,0.0,0.0,3,10,0,0,0,0,2,9,1,1,0,1,9,1,1,19,6,9,1,1,0,0,1,0,6,9,5,3,9
2014.0,-150.0,0.0,0.0,3,6,0,3,4,0,1,9,1,1,0,0,9,1,1,5,0,9,0,0,1,2,1,0,4,7,5,8,3
2014.0,0.0,0.0,0.0,3,1,3,3,4,0,0,9,1,1,0,1,5,1,1,6,0,9,0,0,1,1,2,0,2,5,5,3,3
2014.0,-90.0,0.0,0.0,3,6,2,3,4,0,2,2,1,1,0,0,2,1,1,6,0,9,0,0,1,0,1,0,4,7,5,8,3
2014.0,0.0,0.0,0.0,3,4,3,3,4,0,0,2,1,1,0,1,9,1,1,7,0,9,0,1,1,1,1,0,4,5,5,3,9
2014.0,330.0,1.0,0.0,3,1,3,3,4,0,0,6,1,1,0,1,5,1,1,7,0,9,0,1,1,1,1,0,6,9,5,3,2
2014.0,-0.15,0.0,0.0,3,6,3,3,4,0,1,1,1,1,0,0,1,1,1,7,0,9,0,1,1,0,2,0,6,7,5,8,3
2014.0,0.0,0.0,0.0,3,4,3,3,4,0,0,3,1,1,0,1,9,1,1,8,0,9,0,1,1,1,1,0,4,4,5,3,9
2014.0,-80.0,0.0,0.0,3,10,3,3,4,0,1,2,1,1,0,1,2,1,1,8,0,9,0,1,1,1,1,0,4,9,5,3,2
2014.0,100.0,0.0,0.0,3,6,3,1,4,0,1,9,1,1,0,0,9,1,1,9,0,9,0,1,1,1,1,0,4,5,5,8,3
2014.0,0.0,1.0,0.0,2,8,3,1,0,0,1,9,1,1,0,0,5,1,1,10,0,9,0,0,0,1,1,0,4,2,5,3,3
2014.0,-42.0,0.0,0.0,3,1,3,0,0,2,1,2,1,1,0,1,1,1,1,16,0,9,0,1,0,1,1,0,4,9,5,9,3
2014.0,152.0,0.0,0.0,3,10,3,0,0,0,0,9,1,1,0,0,9,1,1,17,0,9,0,1,0,1,1,0,4,9,5,3,2
2014.0,-0.25,0.0,0.0,3,6,3,1,4,0,1,1,1,1,0,1,1,1,1,17,0,9,0,1,1,2,1,0,6,7,5,3,2
2014.0,264.0,2.0,0.0,2,6,3,0,0,0,0,9,1,1,1,1,9,1,1,18,0,9,0,1,0,1,1,0,6,7,5,6,3
2014.0,0.0,0.0,0.0,3,6,3,0,0,0,1,5,1,1,0,0,5,1,1,7,1,9,0,1,0,1,1,0,4,7,5,9,9
2014.0,10.0,0.0,0.0,3,10,3,0,0,0,0,2,1,1,0,0,2,1,1,7,1,9,0,1,0,1,0,0,4,9,5,9,9