Year,Distance,Totalinjuries,Totalfatalities,Injuryseverity,Collisionmanner,Lightcondition,Weather,SurfaceCondition,Unittype_One,Gender_Drv1,Traveldirection_One,AlcoholUse_Drv1,DrugUse_Drv1,Unittype_Two,Gender_Drv2,Traveldirection_Two,AlcoholUse_Drv2,DrugUse_Drv2,Hour,Weekday,Month,Weekend,Rush_Hour,Hazardous_Road,Age_Group_Drv1,Age_Group_Drv2,Substance_Use,Junction_Category,Violation_Category_Drv1,Violation_Category_Drv2,Unitaction_Category_Two,Unitaction_Category_One
2014.0,-140.0,0.0,0.0,3,6,3,0,0,0,1,2,1,1,0,0,2,1,1,8,1,9,0,1,0,2,1,0,4,7,5,8,3
2014.0,-200.0,0.0,0.0,3,10,3,0,0,0,1,1,1,1,0,1,1,1,1,10,1,9,0,0,0,1,1,0,6,5,5,2,2
2014.0,210.0,0.0,0.0,3,1,3,0,0,0,1,9,1,1,0,0,2,1,1,12,1,9,0,0,0,2,2,0,6,2,5,3,9
2014.0,0.0,0.0,0.0,3,4,3,0,0,0,1,3,1,1,0,1,9,1,1,13,1,9,0,0,0,2,2,0,4,2,5,3,9
2014.0,0.0,1.0,0.0,2,5,3,0,0,2,1,1,1,1,0,1,2,1,1,13,1,9,0,0,0,2,1,0,4,5,5,3,3
2014.0,-430.0,0.0,0.0,3,1,3,1,4,0,1,9,1,1,0,1,2,1,1,14,1,9,0,0,1,2,2,0,6,2,7,3,9
2014.0,-75.0,1.0,0.0,3,6,3,0,0,0,1,5,1,1,0,1,5,1,1,16,1,9,0,1,0,2,1,0,4,7,5,8,3
2014.0,14.0,1.0,0.0,3,6,3,1,0,0,1,9,1,1,0,0,9,1,1,16,1,9,0,1,0,1,1,0,4,7,5,8,9
2014.0,0.25,0.0,0.0,3,1,0,1,0,0,0,4,1,1,0,0,1,1,1,19,1,9,0,1,0,1,2,0,0,4,5,3,9
2014.0,-140.0,1.0,0.0,3,6,0,0,0,0,0,9,1,1,0,1,9,1,1,19,1,9,0,1,0,2,2,0,6,7,5,3,3
2014.0,-157.0,1.0,0.0,3,1,3,0,0,0,0,9,1,1,0,1,2,1,1,8,2,9,0,1,0,2,2,0,4,2,5,3,9
2014.0,-5.0,0.0,0.0,3,10,3,0,0,0,1,1,1,1,0,0,1,1,1,8,2,9,0,1,0,1,1,0,4,5,5,9,9
2014.0,-120.0,0.0,0.0,3,12,0,0,0,0,2,8,1,1,1,1,9,1,1,14,2,9,0,0,0,0,1,0,6,5,5,6,5
2014.0,-415.0,0.0,0.0,3,6,3,0,0,0,1,1,1,1,0,0,1,1,1,15,2,9,0,0,0,1,0,0,6,5,5,8,3
2014.0,60.0,2.0,0.0,3,6,3,0,0,0,1,2,0,1,0,1,2,1,1,15,2,9,0,0,0,2,2,0,6,7,5,8,3
2014.0,-301.0,0.0,0.0,3,4,3,0,0,0,1,2,1,1,0,1,1,1,1,17,2,9,0,1,0,1,1,0,6,2,5,3,9
2014.0,0.0,0.0,0.0,3,1,3,0,0,0,1,1,1,1,0,1,5,1,1,18,2,9,0,1,0,1,1,0,4,2,5,3,3
2014.0,-257.0,0.0,0.0,3,1,3,0,0,0,1,6,1,1,0,1,2,1,1,7,3,9,0,1,0,1,1,0,6,5,5,3,9
2014.0,-1049.0,1.0,0.0,3,1,3,0,0,2,1,9,1,1,0,0,2,1,1,8,3,9,0,1,0,1,2,0,6,5,5,9,3
2014.0,0.0,1.0,0.0,3,1,3,0,0,0,0,2,1,1,0,1,1,1,1,8,3,9,0,1,0,2,1,0,4,2,5,3,9
2014.0,386.0,1.0,0.0,3,1,3,0,0,0,1,2,1,1,0,1,1,1,1,9,3,9,0,1,0,1,0,0,6,5,5,3,9
2014.0,-215.0,0.0,0.0,3,10,3,0,0,0,1,2,1,1,0,1,2,1,1,10,3,9,0,0,0,2,1,0,6,2,5,3,6
2014.0,0.0,1.0,0.0,2,1,3,0,0,0,0,5,1,1,0,0,9,1,1,11,3,9,0,0,0,1,0,0,4,2,5,3,9
2014.0,-320.0,0.0,0.0,3,6,3,0,0,0,0,5,1,1,0,1,5,1,1,11,3,9,0,0,0,2,2,0,6,7,5,8,3
2014.0,-80.0,0.0,0.0,3,10,3,0,0,0,0,5,1,1,0,0,5,1,1,12,3,9,0,0,0,2,2,0,6,5,5,3,2
2014.0,0.0,0.0,0.0,3,1,3,0,0,0,0,2,1,1,0,1,5,1,1,13,3,9,0,0,0,1,1,0,4,5,5,9,3
2014.0,-364.0,0.0,0.0,3,1,3,0,0,0,0,2,1,1,0,1,2,1,1,14,3,9,0,0,0,2,1,0,6,2,5,3,9
2014.0,0.0,1.0,0.0,2,4,3,0,0,0,1,2,1,1,0,0,5,1,1,15,3,9,0,0,0,1,1,0,4,2,5,3,9
2014.0,-800.0,0.0,0.0,3,6,3,0,0,0,0,2,1,1,0,1,2,1,1,16,3,9,0,1,0,1,1,0,6,9,5,3,2
2014.0,-80.0,1.0,0.0,3,6,3,0,0,0,0,2,1,1,0,0,2,1,1,16,3,9,0,1,0,1,1,0,4,8,5,3,8
2014.0,-34.0,1.0,0.0,3,6,3,0,0,0,0,1,1,0,0,1,1,1,1,16,3,9,0,1,0,1,1,0,2,7,5,8,3
2014.0,-300.0,0.0,0.0,3,6,3,0,0,0,0,5,1,1,0,1,5,1,1,16,3,9,0,1,0,2,1,0,6,8,5,8,3
2014.0,-50.0,4.0,0.0,3,6,3,0,0,0,1,1,1,1,0,1,1,1,1,17,3,9,0,1,0,1,0,0,4,7,5,3,3
2014.0,-200.0,0.0,0.0,3,10,0,0,0,0,0,9,1,1,0,1,9,1,1,22,3,9,0,0,0,1,1,0,6,5,5,5,5
2014.0,-600.0,0.0,0.0,3,6,0,0,0,0,2,7,1,1,0,1,9,1,1,0,4,9,0,0,0,0,1,0,6,5,5,5,5
2014.0,-184.0,0.0,0.0,3,1,3,0,0,0,0,9,1,1,0,0,2,1,1,8,4,9,0,1,0,1,0,0,6,2,5,3,3
2014.0,75.0,0.0,0.0,3,6,3,0,0,0,1,9,1,1,0,0,9,1,1,9,4,9,0,1,0,1,1,0,4,7,5,8,3
2014.0,55.0,0.0,0.0,3,6,3,0,0,0,0,5,1,1,0,1,5,1,1,10,4,9,0,0,0,2,2,0,4,7,5,8,3
2014.0,296.0,0.0,0.0,3,1,3,0,0,0,2,9,1,1,0,0,2,1,1,10,4,9,0,0,0,0,2,0,6,2,5,3,3
2014.0,50.0,0.0,0.0,3,1,3,0,0,0,0,1,1,1,0,1,5,1,1,12,4,9,0,0,0,2,1,0,0,2,5,3,9
2014.0,0.0,0.0,0.0,3,1,3,0,0,0,2,2,1,1,0,0,9,1,1,13,4,9,0,0,0,0,1,0,4,5,5,9,3
2014.0,300.0,1.0,0.0,3,6,3,0,0,0,1,2,1,1,0,0,2,1,1,14,4,9,0,0,0,1,1,0,6,7,5,8,3
2014.0,136.0,3.0,0.0,2,5,3,0,0,0,1,9,1,1,0,1,1,1,1,15,4,9,0,0,0,1,2,0,6,7,5,3,0
2014.0,0.0,1.0,0.0,3,4,3,0,0,0,1,9,1,1,0,0,1,1,1,18,4,9,0,1,0,1,2,0,2,2,5,3,9
2014.0,55.0,1.0,0.0,1,1,4,1,0,3,0,2,1,1,0,0,9,1,1,19,4,9,0,1,0,1,1,0,4,2,5,3,5
2014.0,-450.0,0.0,1.0,0,5,0,0,0,3,1,1,0,1,0,1,2,0,1,20,4,9,0,0,0,1,1,0,6,6,5,3,7
2014.0,-40.0,0.0,0.0,3,6,0,0,0,0,1,2,1,1,0,1,2,1,1,21,4,9,0,0,0,1,2,0,4,5,5,8,3
2014.0,-50.0,0.0,0.0,3,10,0,0,0,0,1,2,1,1,0,1,2,1,1,23,4,9,0,0,0,0,2,0,6,9,5,8,3
2014.0,137.0,0.0,0.0,3,6,3,0,0,0,0,5,1,1,0,1,5,1,1,12,5,9,1,0,0,2,1,0,6,8,5,8,3
2014.0,0.0,0.0,0.0,3,1,3,0,0,0,1,1,1,1,0,1,2,1,1,13,5,9,1,0,0,2,1,0,4,2,5,3,3
2014.0,-26.0,0.0,0.0,3,6,3,0,0,0,0,1,1,1,0,0,1,1,1,13,5,9,1,0,0,1,0,0,4,7,5,8,3
2014.0,0.0,0.0,0.0,3,4,3,0,0,0,2,2,1,1,0,1,9,1,1,15,5,9,1,0,0,0,2,0,4,9,5,9,3
2014.0,50.0,0.0,0.0,3,6,3,0,0,0,1,9,1,1,0,0,9,1,1,15,5,9,1,0,0,1,0,0,4,7,5,8,3
2014.0,-146.0,0.0,0.0,3,10,3,0,0,0,1,2,1,1,0,0,2,1,1,16,5,9,1,1,0,1,1,0,2,9,9,2,2
2014.0,0.0,1.0,0.0,1,4,3,0,0,0,0,5,1,1,0,0,1,1,1,17,5,9,1,1,0,2,1,0,4,2,5,9,3
2014.0,0.0,1.0,0.0,3,1,3,0,0,0,0,1,1,1,0,1,2,1,1,17,5,9,1,1,0,1,1,0,2,2,5,3,3
2014.0,-54.0,0.0,0.0,3,6,0,0,0,0,1,2,0,1,0,1,2,1,1,19,5,9,1,1,0,1,1,0,2,7,5,8,3
2014.0,-335.0,0.0,0.0,3,1,0,0,0,0,0,9,1,1,0,1,5,1,1,23,5,9,1,0,0,2,1,0,6,2,5,3,9
2014.0,-150.0,0.0,0.0,3,7,0,0,0,0,1,5,1,1,0,0,1,1,1,2,6,9,1,0,0,1,1,0,6,5,5,6,1
2014.0,0.0,0.0,0.0,3,1,3,0,0,0,1,1,1,1,0,0,5,1,1,14,6,9,1,0,0,1,1,0,2,2,5,9,3
2014.0,37.0,0.0,0.0,3,10,3,0,0,0,2,2,1,1,0,1,2,1,1,18,6,9,1,1,0,0,1,0,4,9,5,3,2
2014.0,0.0,0.0,0.0,3,4,0,0,0,0,1,5,1,1,0,1,2,1,1,21,6,9,1,0,0,2,1,0,4,2,5,3,9
2014.0,0.0,1.0,0.0,3,4,3,0,0,0,1,6,1,1,0,1,2,1,1,6,0,9,0,0,0,1,1,0,4,2,5,3,9
2014.0,-518.0,0.0,0.0,3,6,3,0,0,0,1,9,1,1,0,0,9,1,1,10,0,9,0,0,0,1,2,0,6,5,5,3,3
2014.0,-200.0,0.0,0.0,3,10,3,0,0,0,2,9,1,1,0,1,9,1,1,11,0,9,0,0,0,0,0,0,6,7,5,8,3
2014.0,0.0,0.0,0.0,3,1,3,0,0,0,0,1,1,1,0,0,2,1,1,13,0,9,0,0,0,1,1,0,4,2,5,3,3
2014.0,0.0,0.0,0.0,3,1,3,0,0,0,0,2,1,1,0,0,1,1,1,13,0,9,0,0,0,1,1,0,4,0,5,9,3
2014.0,-546.0,2.0,0.0,2,6,3,0,0,0,1,1,1,1,0,0,1,1,1,16,0,9,0,1,0,1,1,0,6,7,5,8,3
2014.0,100.0,0.0,0.0,3,1,3,0,0,0,0,1,1,1,0,0,1,1,1,16,0,9,0,1,0,0,0,0,4,9,5,3,2
2014.0,-431.0,0.0,0.0,3,10,3,0,0,0,1,1,1,1,0,1,1,1,1,17,0,9,0,1,0,1,1,0,6,4,5,8,3
2014.0,-422.0,0.0,0.0,3,4,4,1,0,0,1,5,1,1,0,1,2,1,1,18,0,9,0,1,0,2,1,0,0,2,5,3,9
2014.0,0.0,0.0,0.0,3,1,3,0,0,0,0,9,1,1,0,0,2,1,1,18,0,9,0,1,0,1,0,0,4,2,5,9,3
2014.0,-520.0,1.0,0.0,2,6,3,0,0,0,1,1,1,0,0,0,1,1,1,9,1,9,0,1,0,1,1,0,6,7,5,8,3
2014.0,0.0,1.0,0.0,3,4,3,1,0,0,1,2,1,1,0,1,2,1,1,11,1,9,0,0,0,1,1,0,4,4,5,9,9
2014.0,88.0,0.0,0.0,3,6,3,3,4,0,0,9,1,1,0,0,9,1,1,13,1,9,0,0,1,1,1,0,4,7,5,8,8
2014.0,76.0,0.0,0.0,3,6,3,3,4,0,2,9,1,1,0,1,9,1,1,13,1,9,0,0,1,0,1,0,6,7,5,8,3
2014.0,-800.0,0.0,0.0,3,6,3,3,4,0,1,2,1,1,0,1,2,1,1,13,1,9,0,0,1,1,2,0,6,7,5,8,3
2014.0,722.0,0.0,0.0,3,6,3,3,4,0,0,5,1,1,0,1,5,1,1,13,1,9,0,0,1,2,1,0,6,7,5,8,8
2014.0,450.0,0.0,0.0,3,6,3,3,4,0,0,5,1,1,0,0,5,1,1,14,1,9,0,0,1,1,1,0,6,7,5,8,3
2014.0,-20.0,0.0,0.0,3,1,3,0,0,0,1,2,1,1,0,0,1,1,1,15,1,9,0,0,0,2,1,0,4,2,5,3,9
2014.0,-50.0,0.0,0.0,3,6,3,0,0,0,1,5,1,1,0,0,5,1,1,16,1,9,0,1,0,2,1,0,6,8,5,8,3
2014.0,-51.0,0.0,0.0,3,6,3,0,0,0,0,2,1,1,0,0,2,1,1,17,1,9,0,1,0,2,1,0,4,7,5,8,8
2014.0,180.0,0.0,0.0,3,10,0,0,0,0,0,9,1,1,0,0,9,1,1,21,1,9,0,0,0,0,1,0,6,4,5,3,9
2014.0,-234.0,1.0,0.0,2,5,3,0,0,2,2,9,1,1,0,1,2,1,1,23,1,9,0,0,0,0,1,0,6,6,5,3,5
2014.0,-55.0,0.0,0.0,3,6,3,1,0,0,0,2,1,1,0,1,2,1,1,11,2,9,0,0,0,2,0,0,4,7,5,8,3
2014.0,0.0,0.0,0.0,3,4,3,0,0,0,0,3,1,1,0,1,9,1,1,13,2,9,0,0,0,1,2,0,4,2,5,3,9
2014.0,0.0,0.0,0.0,3,4,3,3,4,0,0,3,1,1,0,1,9,1,1,13,2,9,0,0,1,1,1,0,4,2,5,3,9
2014.0,326.0,1.0,0.0,2,6,3,0,0,0,1,9,1,1,0,1,9,1,1,14,2,9,0,0,0,2,1,0,2,7,5,8,3
2014.0,233.0,1.0,0.0,2,4,3,0,0,0,1,2,1,1,0,1,9,1,1,16,2,9,0,1,0,2,2,0,6,2,5,3,9
2014.0,42.0,1.0,0.0,3,6,3,0,0,0,1,9,1,1,0,1,9,1,1,17,2,9,0,1,0,2,2,0,6,7,5,3,3
2014.0,0.0,0.0,0.0,3,4,3,1,0,0,1,9,1,1,0,1,1,1,1,17,2,9,0,1,0,0,1,0,0,2,5,3,9
2014.0,50.0,0.0,0.0,3,6,3,0,4,0,1,5,1,1,0,0,5,1,1,17,2,9,0,1,1,2,1,0,4,7,5,8,3
2014.0,-250.0,0.0,0.0,3,6,3,0,0,0,0,1,1,1,0,0,1,1,1,18,2,9,0,1,0,2,1,0,6,7,5,8,3
2014.0,-590.0,0.0,0.0,3,6,3,0,0,0,1,9,1,1,0,0,9,1,1,7,3,9,0,1,0,1,1,0,4,7,5,8,3
2014.0,-200.0,0.0,0.0,3,6,3,0,0,0,1,2,1,1,0,0,2,1,1,12,3,9,0,0,0,2,2,0,6,7,5,8,3
2014.0,-57.0,0.0,0.0,3,6,3,0,0,0,0,2,1,1,0,1,2,1,1,12,3,9,0,0,0,2,2,0,4,7,5,8,3
2014.0,0.0,0.0,0.0,3,1,3,0,0,0,1,1,1,1,0,1,2,1,1,14,3,9,0,0,0,2,0,0,4,8,5,3,3
2014.0,-500.0,0.0,0.0,3,6,3,0,0,0,0,1,1,1,0,0,1,1,1,16,3,9,0,1,0,1,2,0,6,5,5,8,3
2014.0,0.0,0.0,0.0,3,1,4,0,0,0,1,1,1,1,0,0,2,1,1,17,3,9,0,1,0,1,1,0,4,2,5,3,3
2014.0,65.0,1.0,0.0,3,6,0,0,0,0,0,5,1,1,0,0,5,1,1,18,3,9,0,1,0,1,2,0,4,7,5,8,3
2014.0,0.0,0.0,0.0,3,4,0,0,0,0,0,5,1,1,0,1,1,1,1,20,3,9,0,0,0,2,0,0,4,7,5,3,9
2014.0,540.0,0.0,0.0,3,1,3,0,0,0,0,5,1,1,0,1,9,1,1,8,4,9,0,1,0,1,1,0,6,2,5,8,3
2014.0,-910.0,1.0,0.0,3,4,3,0,0,0,0,6,1,1,0,1,9,1,1,11,4,9,0,0,0,1,1,0,0,2,5,3,9
2014.0,-96.0,1.0,0.0,3,6,3,0,0,0,1,1,1,1,0,1,1,1,1,11,4,9,0,0,0,2,1,0,2,7,5,8,3
2014.0,-67.0,0.0,0.0,3,6,3,0,0,0,1,1,0,1,0,0,1,1,1,13,4,9,0,0,0,1,2,0,4,7,5,8,3
2014.0,-103.0,0.0,0.0,3,6,3,0,0,0,1,1,1,1,0,0,1,1,1,17,4,9,0,1,0,2,1,0,6,7,5,8,8
2014.0,100.0,0.0,0.0,3,6,3,0,0,0,1,5,1,1,0,0,5,1,1,17,4,9,0,1,0,1,2,0,6,7,5,8,3
2014.0,220.0,1.0,0.0,3,6,3,0,0,0,1,1,1,1,0,1,1,1,1,17,4,9,0,1,0,1,1,0,6,7,5,8,3
2014.0,90.0,0.0,0.0,3,6,3,0,0,0,1,5,1,1,0,1,5,1,1,17,4,9,0,1,0,1,1,0,4,7,5,8,3
2014.0,-366.0,1.0,0.0,3,6,0,0,0,0,1,1,1,1,0,1,1,1,1,19,4,9,0,1,0,1,1,0,6,7,5,8,3
2014.0,-14.0,1.0,0.0,1,5,0,0,0,0,1,1,1,1,3,0,2,1,1,22,4,9,0,0,0,1,0,0,4,7,6,7,2
2014.0,20.0,2.0,0.0,3,6,0,0,0,0,1,9,1,1,0,1,9,1,1,4,5,9,1,0,0,1,1,0,4,7,5,3,3
2014.0,-97.0,1.0,0.0,2,6,2,0,0,0,1,1,1,1,0,0,1,1,1,5,5,9,1,0,0,1,1,0,4,7,5,8,3
2014.0,12.0,2.0,0.0,2,1,3,0,0,0,1,5,1,1,2,1,9,1,1,17,5,9,1,1,0,2,1,0,4,2,5,3,3
2014.0,-750.0,1.0,0.0,3,5,0,0,0,3,1,5,0,1,0,0,1,1,1,19,5,9,1,1,0,2,1,0,6,6,5,3,7
2014.0,0.0,2.0,0.0,2,4,0,0,0,0,0,9,1,1,0,0,1,1,1,21,5,9,1,0,0,2,1,0,4,2,5,3,9
2014.0,-90.0,0.0,0.0,3,10,0,0,0,0,1,2,1,1,0,0,2,1,1,1,6,9,1,0,0,1,1,0,4,9,5,8,2
2014.0,120.0,0.0,0.0,3,6,0,0,0,0,1,5,0,1,0,1,5,1,1,2,6,9,1,0,0,2,1,0,4,7,5,8,3
2014.0,0.0,1.0,0.0,3,4,3,0,0,0,0,5,1,1,0,1,2,1,1,10,6,9,1,0,0,2,1,0,4,2,5,3,9
2014.0,-125.0,0.0,0.0,3,10,3,0,0,0,0,9,1,1,0,1,9,1,1,13,6,9,1,0,0,2,1,0,6,4,5,5,5
2014.0,-50.0,0.0,0.0,3,1,2,0,0,0,1,5,1,1,0,1,9,1,1,5,0,9,0,0,0,1,2,0,4,4,5,3,9
2014.0,-60.0,0.0,0.0,3,6,3,0,0,0,1,2,1,1,0,1,2,1,1,7,0,9,0,1,0,2,1,0,6,7,5,8,3
2014.0,140.0,1.0,0.0,3,6,3,1,0,0,0,9,1,1,0,1,9,1,1,7,0,9,0,1,0,1,0,0,6,7,5,8,8
2014.0,229.0,0.0,0.0,3,6,3,0,0,0,1,2,1,1,0,1,2,1,1,8,0,9,0,1,0,1,1,0,6,7,5,8,3
2014.0,0.0,0.0,0.0,3,1,3,0,0,0,1,1,1,1,0,0,5,1,1,10,0,9,0,0,0,2,1,0,4,2,5,9,3
2014.0,-113.0,0.0,0.0,3,6,3,0,0,0,1,2,1,1,0,1,2,1,1,11,0,9,0,0,0,1,2,0,6,7,5,8,3
2014.0,-149.0,0.0,0.0,3,6,3,0,0,0,1,1,1,1,0,1,1,1,1,13,0,9,0,0,0,2,1,0,6,7,5,8,3
2014.0,0.0,0.0,0.0,3,6,3,0,0,0,1,5,1,1,0,1,5,1,1,16,0,9,0,1,0,1,2,0,4,7,5,8,3
2014.0,0.0,2.0,0.0,2,4,3,0,0,0,0,1,1,1,0,1,9,1,1,8,1,9,0,1,0,1,1,0,4,2,5,3,9
2014.0,0.0,0.0,0.0,3,1,3,0,0,0,1,1,1,1,0,0,9,1,1,11,1,9,0,0,0,0,2,0,4,5,5,3,9
2014.0,0.0,0.0,1.0,0,4,3,1,0,0,1,1,1,1,0,1,9,1,0,12,1,9,0,0,0,0,1,0,4,2,5,3,9
2014.0,-38.0,0.0,0.0,3,6,3,0,0,0,1,7,1,1,0,0,7,1,1,13,1,9,0,0,0,1,1,0,4,7,5,8,3
2014.0,45.0,0.0,0.0,3,6,3,0,0,0,2,5,1,1,0,1,5,1,1,14,1,9,0,0,0,0,1,0,2,7,5,8,3
2014.0,197.0,0.0,0.0,3,6,3,0,0,0,1,1,1,1,0,1,1,1,1,15,1,9,0,0,0,1,1,0,0,7,5,8,3
2014.0,125.0,1.0,0.0,3,6,3,0,0,0,2,9,1,1,0,0,9,1,1,15,1,9,0,0,0,0,2,0,4,7,5,8,3
2014.0,0.0,1.0,0.0,3,4,3,0,0,0,0,1,1,1,0,1,9,1,1,16,1,9,0,1,0,1,2,0,4,2,5,3,9
2014.0,-145.0,0.0,0.0,3,6,3,0,0,0,1,1,1,1,0,1,1,1,1,16,1,9,0,1,0,1,1,0,4,7,5,8,3
2014.0,0.0,0.0,0.0,3,4,3,0,0,0,1,9,1,1,0,0,1,1,1,16,1,9,0,1,0,1,2,0,4,2,5,3,9
2014.0,127.0,0.0,0.0,3,6,3,0,0,0,1,2,1,1,0,0,2,1,1,17,1,9,0,1,0,1,1,0,6,7,5,8,3
2014.0,22.0,0.0,0.0,3,6,3,0,0,0,1,9,1,1,0,0,9,1,1,17,1,9,0,1,0,2,1,0,2,7,5,8,3
2014.0,0.0,0.0,0.0,3,1,3,0,0,0,1,9,1,1,0,1,5,1,1,18,1,9,0,1,0,2,1,0,4,2,5,3,3
2014.0,-290.0,0.0,0.0,3,9,0,0,0,0,0,9,1,1,1,1,1,1,1,18,1,9,0,1,0,2,1,0,6,9,5,6,3
2014.0,10.0,3.0,0.0,2,1,0,0,0,0,1,9,1,1,0,1,9,1,1,21,1,9,0,0,0,2,2,0,4,9,7,3,2
2014.0,30.0,0.0,0.0,3,5,3,0,0,0,1,2,1,1,0,1,5,1,1,8,2,9,0,1,0,1,1,0,6,5,5,8,1
2014.0,0.0,2.0,0.0,2,1,3,0,0,0,0,1,1,1,0,0,5,1,1,11,2,9,0,0,0,2,1,0,4,2,5,3,3
2014.0,-329.0,0.0,0.0,3,6,3,0,0,0,1,2,1,1,0,1,2,1,1,12,2,9,0,0,0,0,1,0,6,7,5,8,3
2014.0,70.0,0.0,0.0,3,6,3,0,0,0,1,9,1,1,0,1,9,1,1,12,2,9,0,0,0,2,1,0,4,5,5,8,1
2014.0,0.0,0.0,0.0,3,6,3,0,0,0,0,2,1,1,0,0,2,1,1,15,2,9,0,0,0,2,1,0,4,7,5,8,3
2014.0,-160.0,0.0,0.0,3,10,0,0,0,0,1,5,1,1,0,1,5,1,1,20,2,9,0,0,0,2,2,0,6,9,5,3,2
2014.0,397.0,0.0,0.0,3,9,0,0,0,0,2,2,1,1,0,0,5,1,1,21,2,9,0,0,0,0,0,0,6,9,5,3,3
2014.0,230.0,1.0,0.0,2,1,3,0,0,2,0,9,1,1,0,1,5,1,1,6,3,9,0,0,0,1,1,0,0,5,5,9,3
2014.0,-100.0,0.0,0.0,3,5,3,0,0,0,1,5,1,1,0,0,2,1,1,7,3,9,0,1,0,1,0,0,6,2,5,8,1
2014.0,107.0,0.0,0.0,3,10,3,0,0,0,1,2,1,1,0,0,2,1,1,12,3,9,0,0,0,1,0,0,6,5,5,8,3
2014.0,0.0,0.0,0.0,3,4,3,0,0,0,1,9,1,1,0,0,1,1,1,12,3,9,0,0,0,1,1,0,2,2,5,3,9
2014.0,0.0,2.0,0.0,3,1,3,0,0,0,1,1,1,1,0,0,5,1,1,12,3,9,0,0,0,1,1,0,4,2,5,3,3
2014.0,-230.0,0.0,0.0,3,3,3,0,0,0,0,5,1,1,0,0,1,1,1,12,3,9,0,0,0,1,1,0,6,7,5,5,9
2014.0,-10.0,1.0,0.0,2,1,3,0,0,2,0,5,1,1,0,1,9,1,1,13,3,9,0,0,0,2,1,0,4,5,5,9,3
2014.0,-335.0,0.0,0.0,3,1,3,0,0,0,1,9,1,1,0,0,2,1,1,13,3,9,0,0,0,2,1,0,0,2,5,3,9
2014.0,-80.0,1.0,0.0,3,6,3,0,0,0,0,1,1,1,0,1,1,1,1,13,3,9,0,0,0,2,2,0,6,5,5,8,3
2014.0,0.0,2.0,0.0,3,6,3,0,0,0,1,1,1,1,0,0,1,1,1,15,3,9,0,0,0,1,0,0,4,7,5,8,3
2014.0,-65.0,0.0,0.0,3,10,3,0,0,0,1,1,1,1,0,0,1,1,1,17,3,9,0,1,0,2,0,0,6,9,5,3,9
2014.0,0.0,1.0,0.0,3,6,3,0,0,0,0,9,1,1,0,0,9,1,1,17,3,9,0,1,0,1,1,0,4,7,5,8,3
2014.0,0.0,0.0,0.0,3,5,3,0,0,0,1,9,1,1,0,1,1,1,1,18,3,9,0,1,0,1,1,0,4,1,5,8,3
2014.0,0.0,0.0,0.0,3,1,0,0,0,0,0,5,1,1,0,1,5,1,1,18,3,9,0,1,0,1,2,0,2,4,5,9,9
2014.0,-95.0,0.0,0.0,3,10,4,0,0,0,0,9,1,1,0,0,9,1,1,19,3,9,0,1,0,1,1,0,4,9,5,3,2
2014.0,-280.0,0.0,0.0,3,6,4,0,0,0,0,5,1,1,0,1,5,1,1,19,3,9,0,1,0,2,2,0,6,7,5,8,3
2014.0,95.0,0.0,0.0,3,4,0,0,0,0,1,9,1,1,0,0,1,1,1,22,3,9,0,0,0,0,2,0,4,2,5,9,9
2014.0,0.0,1.0,0.0,3,1,0,0,0,0,0,5,1,1,0,1,9,1,1,1,4,9,0,0,0,2,1,0,2,2,5,3,9
2014.0,-144.0,0.0,0.0,3,10,2,0,0,0,1,5,1,1,0,0,5,1,1,5,4,9,0,0,0,1,0,0,6,9,5,3,2
2014.0,-100.0,0.0,0.0,3,4,3,0,0,0,0,9,1,1,0,0,2,1,1,7,4,9,0,1,0,2,1,0,0,4,5,3,9
2014.0,-480.0,0.0,0.0,3,10,3,0,0,0,0,2,1,1,0,1,2,1,1,12,4,9,0,0,0,2,1,0,6,9,5,3,2
2014.0,-300.0,1.0,0.0,3,1,3,0,0,0,1,1,1,1,0,0,5,1,1,13,4,9,0,0,0,0,2,0,0,5,5,3,4
2014.0,-140.0,1.0,0.0,2,6,3,0,0,0,1,9,1,1,0,0,9,1,1,13,4,9,0,0,0,2,0,0,6,7,5,8,3
2014.0,45.0,1.0,0.0,2,1,3,1,0,2,1,2,1,1,0,1,1,1,1,15,4,9,0,0,0,2,1,0,4,5,5,9,3
2014.0,10.0,1.0,0.0,3,10,3,1,0,0,1,1,1,1,0,0,1,1,1,15,4,9,0,0,0,0,1,0,2,4,5,9,9
2014.0,0.0,5.0,0.0,1,4,3,0,0,0,0,2,1,1,0,1,5,1,1,16,4,9,0,1,0,1,1,0,4,2,5,3,9
2014.0,0.0,0.0,0.0,3,1,3,0,0,0,1,2,1,1,0,1,1,1,1,16,4,9,0,1,0,1,0,0,2,2,5,3,3
2014.0,-102.0,0.0,0.0,3,6,3,0,0,0,1,2,1,1,0,1,2,1,1,16,4,9,0,1,0,2,1,0,4,7,5,8,3
2014.0,170.0,0.0,0.0,3,1,3,1,0,0,2,1,1,1,0,0,5,1,1,17,4,9,0,1,0,0,1,0,6,2,5,3,9
2014.0,0.0,0.0,0.0,3,6,3,0,0,0,0,5,1,1,0,1,7,1,1,17,4,9,0,1,0,2,0,0,4,7,5,9,3
2014.0,500.0,0.0,0.0,3,10,0,0,0,0,1,1,1,1,0,0,1,1,1,19,4,9,0,1,0,2,1,0,6,9,5,3,2
2014.0,0.0,1.0,0.0,3,1,0,0,0,0,0,9,1,1,0,0,5,1,1,21,4,9,0,0,0,1,1,0,4,2,5,3,3