Year,Distance,Totalinjuries,Totalfatalities,Injuryseverity,Collisionmanner,Lightcondition,Weather,SurfaceCondition,Unittype_One,Gender_Drv1,Traveldirection_One,AlcoholUse_Drv1,DrugUse_Drv1,Unittype_Two,Gender_Drv2,Traveldirection_Two,AlcoholUse_Drv2,DrugUse_Drv2,Hour,Weekday,Month,Weekend,Rush_Hour,Hazardous_Road,Age_Group_Drv1,Age_Group_Drv2,Substance_Use,Junction_Category,Violation_Category_Drv1,Violation_Category_Drv2,Unitaction_Category_Two,Unitaction_Category_One
2014.0,-115.0,0.0,0.0,3,10,3,1,0,0,2,1,1,1,0,1,1,1,1,11,5,9,1,0,0,0,1,0,6,9,5,6,3
2014.0,-20.0,1.0,0.0,2,1,3,0,0,0,1,5,0,1,0,0,2,1,1,12,5,9,1,0,0,1,1,0,4,7,5,8,9
2014.0,110.0,0.0,0.0,3,10,3,1,0,0,1,1,1,1,0,1,1,1,1,13,5,9,1,0,0,1,0,0,6,9,5,9,9
2014.0,115.0,0.0,0.0,3,6,3,3,4,0,1,1,1,1,0,0,1,1,1,15,5,9,1,0,1,1,2,0,6,7,5,8,3
2014.0,40.0,0.0,0.0,3,6,3,3,4,0,0,9,1,1,0,0,9,1,1,16,5,9,1,1,1,2,1,0,4,7,5,8,8
2014.0,0.0,0.0,0.0,3,4,3,3,4,0,2,8,1,1,0,1,4,1,1,16,5,9,1,1,1,0,1,0,2,5,5,5,5
2014.0,0.0,1.0,0.0,3,1,0,0,0,0,1,6,1,1,0,1,4,1,1,0,6,9,1,0,0,2,1,0,4,7,5,9,3
2014.0,0.0,1.0,0.0,2,1,3,1,0,0,0,9,0,1,0,0,2,1,1,15,6,9,1,0,0,2,1,0,4,2,5,3,3
2014.0,0.0,2.0,0.0,2,1,4,0,0,0,1,2,1,1,0,0,5,1,1,18,6,9,1,1,0,0,0,0,4,2,5,9,3
2014.0,28.0,0.0,0.0,3,6,4,0,0,0,1,9,1,1,0,1,9,1,1,18,6,9,1,1,0,1,2,0,4,7,5,8,3
2014.0,50.0,0.0,0.0,3,10,0,0,0,0,2,1,1,1,0,0,1,1,1,19,6,9,1,1,0,0,1,0,6,5,5,3,2
2014.0,0.0,0.0,0.0,3,1,3,0,0,0,0,1,1,1,0,0,5,1,1,7,0,9,0,1,0,0,1,0,4,2,5,3,3
2014.0,0.0,1.0,0.0,3,6,3,0,0,0,1,9,1,1,0,0,9,1,1,7,0,9,0,1,0,2,1,0,4,5,5,8,3
2014.0,50.0,0.0,0.0,3,6,3,0,0,0,1,5,1,1,0,1,5,1,1,10,0,9,0,0,0,1,1,0,4,5,5,8,3
2014.0,161.0,0.0,0.0,3,10,3,0,0,0,0,2,1,1,0,0,2,1,1,12,0,9,0,0,0,1,1,0,6,5,5,3,2
2014.0,-50.0,0.0,0.0,3,6,3,0,0,0,0,1,1,1,0,1,1,1,1,14,0,9,0,0,0,1,1,0,4,7,5,8,3
2014.0,55.0,0.0,0.0,3,6,3,0,0,0,0,9,1,1,0,0,9,1,1,14,0,9,0,0,0,2,1,0,6,7,5,8,3
2014.0,125.0,0.0,0.0,3,6,4,0,0,0,0,1,1,1,0,0,1,1,1,17,0,9,0,1,0,2,2,0,6,7,5,8,8
2014.0,-650.0,0.0,0.0,3,6,3,0,0,0,1,1,1,1,0,0,1,1,1,17,0,9,0,1,0,1,2,0,4,7,5,8,8
2014.0,0.0,1.0,0.0,3,1,0,0,0,2,1,4,1,1,0,0,1,1,1,19,0,9,0,1,0,1,2,0,4,2,5,3,3
2014.0,0.0,1.0,0.0,2,5,3,0,0,0,2,1,1,1,2,1,3,1,1,20,0,9,0,0,0,0,2,0,4,5,5,3,9
2014.0,15.0,0.0,0.0,3,6,0,0,0,0,1,5,0,1,0,1,5,1,1,22,0,9,0,0,0,2,1,0,4,7,5,8,3
2014.0,164.0,2.0,0.0,3,6,0,0,0,0,1,5,1,1,0,1,5,1,1,3,1,9,0,0,0,2,1,0,1,7,5,3,3
2014.0,-115.0,0.0,0.0,3,10,3,0,0,0,1,2,1,1,0,1,2,1,1,8,1,9,0,1,0,2,1,0,6,9,5,3,2
2014.0,115.0,0.0,0.0,3,10,3,0,0,0,1,5,1,1,0,1,5,1,1,10,1,9,0,0,0,2,1,0,6,5,5,5,5
2014.0,320.0,0.0,0.0,3,6,3,0,0,0,1,9,1,1,0,0,9,1,1,11,1,9,0,0,0,1,1,0,6,7,5,8,3
2014.0,0.0,0.0,0.0,3,1,3,0,0,0,0,3,1,1,0,0,1,1,1,13,1,9,0,0,0,1,2,0,4,2,5,3,9
2014.0,0.0,1.0,0.0,2,4,3,0,0,0,0,9,1,1,0,1,1,1,1,13,1,9,0,0,0,2,1,0,4,2,5,3,9
2014.0,0.0,0.0,0.0,3,1,3,0,0,0,0,9,1,1,0,1,5,1,1,13,1,9,0,0,0,1,0,0,4,2,5,9,3
2014.0,207.0,1.0,0.0,3,1,3,0,0,0,0,2,1,1,0,0,1,1,1,14,1,9,0,0,0,1,1,0,6,2,5,3,9
2014.0,-58.0,0.0,0.0,3,6,3,0,0,0,1,1,1,1,0,1,1,1,1,14,1,9,0,0,0,1,1,0,6,7,5,8,8
2014.0,370.0,0.0,0.0,3,10,3,0,0,0,2,1,1,1,0,0,1,1,1,14,1,9,0,0,0,0,1,0,6,9,5,3,2
2014.0,250.0,0.0,0.0,3,6,3,0,0,0,1,1,1,1,0,0,1,1,1,16,1,9,0,1,0,1,2,0,6,7,5,8,3
2014.0,-138.0,0.0,0.0,3,10,3,0,0,0,2,5,1,1,0,1,5,1,1,17,1,9,0,1,0,0,0,0,6,9,5,8,3
2014.0,34.0,0.0,0.0,3,1,3,0,0,0,0,3,1,1,0,0,1,1,1,18,1,9,0,1,0,2,1,0,4,2,5,3,9
2014.0,-185.0,0.0,0.0,3,6,4,0,0,0,1,1,1,1,0,0,1,1,1,18,1,9,0,1,0,2,1,0,4,7,5,3,3
2014.0,0.0,0.0,0.0,3,9,0,0,0,0,0,1,1,1,0,1,9,1,1,21,1,9,0,0,0,2,1,0,4,2,5,3,9
2014.0,0.0,2.0,0.0,2,1,0,0,0,0,1,9,0,1,0,1,5,1,1,0,2,10,0,0,0,2,0,0,6,7,5,3,3
2014.0,-300.0,0.0,0.0,3,6,3,0,0,0,0,5,1,1,0,0,5,1,1,7,2,10,0,1,0,1,1,0,6,9,5,3,2
2014.0,-60.0,1.0,0.0,3,6,3,0,0,0,0,9,1,1,0,0,9,1,1,8,2,10,0,1,0,0,2,0,6,7,5,8,3
2014.0,0.0,0.0,0.0,3,4,3,0,0,0,1,1,1,1,0,1,9,1,1,8,2,10,0,1,0,1,2,0,4,2,5,3,9
2014.0,280.0,0.0,0.0,3,1,3,0,0,0,2,8,1,1,1,1,8,1,1,10,2,10,0,0,0,0,1,0,6,5,5,6,5
2014.0,80.0,0.0,0.0,3,1,3,0,0,0,1,9,1,1,0,0,9,1,1,12,2,10,0,0,0,1,1,0,6,2,5,3,2
2014.0,-70.0,0.0,0.0,3,6,3,0,0,0,1,1,1,1,0,1,1,1,1,13,2,10,0,0,0,2,2,0,4,7,5,8,3
2014.0,110.0,0.0,0.0,3,6,3,0,0,0,1,1,1,1,0,1,1,1,1,14,2,10,0,0,0,0,1,0,6,7,5,8,3
2014.0,-100.0,0.0,0.0,3,6,3,0,0,0,2,1,1,1,0,1,1,1,1,15,2,10,0,0,0,0,1,0,4,7,5,8,3
2014.0,-48.0,0.0,0.0,3,6,3,0,0,0,0,1,1,1,0,0,1,1,1,16,2,10,0,1,0,2,1,0,4,7,5,8,8
2014.0,110.0,2.0,0.0,2,6,3,0,0,0,0,1,1,1,0,0,1,1,1,16,2,10,0,1,0,1,1,0,4,7,5,8,3
2014.0,-603.0,0.0,0.0,3,10,3,0,0,0,1,9,1,1,0,1,9,1,1,16,2,10,0,1,0,1,1,0,6,5,5,3,3
2014.0,-628.0,0.0,0.0,3,6,0,0,0,0,1,5,1,1,0,0,5,1,1,18,2,10,0,1,0,0,2,0,6,7,5,8,3
2014.0,0.0,0.0,0.0,3,1,0,0,0,0,2,5,1,1,0,0,1,1,1,21,2,10,0,0,0,0,2,0,2,2,5,3,3
2014.0,-250.0,0.0,0.0,3,10,0,0,0,0,1,9,1,1,0,1,9,1,1,22,2,10,0,0,0,2,1,0,6,9,5,3,2
2014.0,-75.0,0.0,0.0,3,6,3,0,0,0,0,5,1,1,0,1,5,1,1,6,3,10,0,0,0,1,1,0,6,7,5,8,3
2014.0,-600.0,0.0,0.0,3,4,3,0,0,0,1,5,1,1,0,0,2,1,1,6,3,10,0,0,0,0,1,0,6,4,5,3,9
2014.0,-48.0,0.0,0.0,3,10,3,0,0,0,1,1,1,1,0,1,1,1,1,7,3,10,0,1,0,1,2,0,2,4,5,9,9
2014.0,0.0,0.0,0.0,3,1,3,0,0,0,1,1,1,1,0,1,2,1,1,8,3,10,0,1,0,1,1,0,2,2,5,3,3
2014.0,100.0,1.0,0.0,3,6,3,0,0,0,1,1,1,1,0,0,1,1,1,10,3,10,0,0,0,1,1,0,4,7,5,8,3
2014.0,73.0,0.0,0.0,3,6,3,0,0,0,0,1,1,1,0,0,1,1,1,10,3,10,0,0,0,1,1,0,6,7,5,8,3
2014.0,-220.0,0.0,0.0,3,4,3,0,0,0,1,6,1,1,0,1,3,1,1,12,3,10,0,0,0,1,1,0,6,2,5,9,9
2014.0,687.0,1.0,0.0,2,6,3,0,0,0,0,9,1,1,0,1,9,1,1,12,3,10,0,0,0,1,1,0,6,7,5,8,3
2014.0,-210.0,0.0,0.0,3,6,3,0,0,0,1,1,1,1,0,1,1,1,1,13,3,10,0,0,0,2,1,0,4,7,5,8,3
2014.0,-300.0,0.0,0.0,3,6,3,0,0,0,1,9,1,1,0,1,9,1,1,15,3,10,0,0,0,2,1,0,6,7,5,8,3
2014.0,0.0,1.0,0.0,3,10,3,0,0,0,1,5,1,1,0,1,5,1,1,15,3,10,0,0,0,1,1,0,2,4,5,9,9
2014.0,-459.0,0.0,0.0,3,1,3,0,0,0,0,2,1,1,0,1,1,1,1,16,3,10,0,1,0,1,2,0,0,2,5,3,9
2014.0,-395.0,0.0,0.0,3,4,3,0,0,0,2,4,1,1,0,0,1,1,1,16,3,10,0,1,0,0,2,0,6,2,5,3,9
2014.0,173.0,0.0,0.0,3,6,3,0,0,0,0,9,1,1,0,0,9,1,1,17,3,10,0,1,0,2,1,0,6,7,5,8,3
2014.0,125.0,1.0,0.0,3,6,3,0,0,0,0,1,1,1,0,1,1,1,1,18,3,10,0,1,0,1,1,0,6,7,5,8,3
2014.0,170.0,0.0,0.0,3,6,4,0,0,0,0,9,1,1,0,1,9,1,1,18,3,10,0,1,0,2,0,0,6,7,5,8,3
2014.0,205.0,0.0,0.0,3,1,0,0,0,0,1,1,1,1,0,1,5,1,1,0,4,10,0,0,0,2,2,0,0,2,5,3,9
2014.0,-30.0,0.0,0.0,3,1,3,0,0,0,0,2,1,1,0,1,9,1,1,6,4,10,0,0,0,0,1,0,4,2,5,3,9
2014.0,229.0,0.0,0.0,3,4,3,0,0,0,0,3,1,1,0,0,5,1,1,7,4,10,0,1,0,1,1,0,6,2,5,3,9
2014.0,0.0,1.0,0.0,3,4,3,0,0,0,1,9,1,1,0,1,1,1,1,9,4,10,0,1,0,1,1,0,4,2,5,3,9
2014.0,88.0,0.0,0.0,3,6,3,0,0,0,2,1,1,1,0,1,1,1,1,12,4,10,0,0,0,0,1,0,4,7,5,8,3
2014.0,-60.0,0.0,0.0,3,6,3,0,0,0,1,1,1,1,0,0,1,1,1,13,4,10,0,0,0,2,0,0,4,7,5,8,3
2014.0,188.0,0.0,0.0,3,6,3,0,0,0,1,2,1,1,0,1,2,1,1,14,4,10,0,0,0,2,1,0,6,7,5,8,3
2014.0,123.0,1.0,0.0,3,6,3,0,0,0,1,5,1,1,0,1,5,1,1,14,4,10,0,0,0,1,1,0,6,7,5,8,3
2014.0,-42.0,1.0,0.0,3,4,3,0,0,0,1,3,1,1,0,1,5,1,1,15,4,10,0,0,0,1,0,0,6,2,5,3,9
2014.0,70.0,1.0,0.0,3,6,3,0,0,0,0,1,1,1,0,0,1,1,1,15,4,10,0,0,0,1,0,0,6,7,5,8,3
2014.0,-43.0,0.0,0.0,3,6,3,0,0,0,1,1,1,1,0,0,1,1,1,15,4,10,0,0,0,1,1,0,4,7,5,2,3
2014.0,-200.0,0.0,0.0,3,4,4,0,0,0,1,2,1,1,0,1,1,1,1,16,4,10,0,1,0,1,1,0,6,2,5,3,9
2014.0,340.0,0.0,0.0,3,6,3,0,0,0,0,9,1,1,0,0,9,1,1,17,4,10,0,1,0,1,1,0,6,7,5,8,8
2014.0,80.0,0.0,0.0,3,6,3,0,0,0,1,1,1,1,0,1,1,1,1,17,4,10,0,1,0,2,1,0,4,7,5,3,8
2014.0,-210.0,1.0,0.0,2,1,0,0,0,0,1,1,1,1,3,0,1,1,1,19,4,10,0,1,0,1,2,0,6,2,5,5,9
2014.0,300.0,1.0,0.0,2,1,0,0,0,0,1,9,1,1,0,0,2,1,1,21,4,10,0,0,0,2,1,0,6,5,5,3,9
2014.0,613.0,0.0,0.0,3,10,0,0,0,0,0,1,1,1,0,0,1,1,1,23,4,10,0,0,0,1,2,0,6,9,5,3,2
2014.0,0.0,1.0,0.0,2,4,0,0,0,0,1,1,1,1,0,1,9,1,1,0,5,10,1,0,0,2,2,0,4,2,5,3,9
2014.0,250.0,1.0,0.0,3,6,3,0,0,0,0,5,1,1,0,1,5,1,1,7,5,10,1,1,0,2,1,0,4,7,5,8,3
2014.0,-20.0,0.0,0.0,3,10,3,0,0,0,1,5,1,1,0,0,5,1,1,8,5,10,1,1,0,0,1,0,6,9,5,3,2
2014.0,0.0,1.0,0.0,3,4,3,0,0,0,1,1,1,1,0,0,9,1,1,10,5,10,1,0,0,2,2,0,4,5,5,3,9
2014.0,90.0,0.0,0.0,3,6,3,0,0,0,1,1,1,1,0,1,1,1,1,11,5,10,1,0,0,1,1,0,4,7,5,8,3
2014.0,0.0,3.0,0.0,1,4,3,0,0,0,0,2,1,1,0,1,9,1,1,11,5,10,1,0,0,2,0,0,4,2,5,9,3
2014.0,475.0,0.0,0.0,3,6,3,0,0,0,2,2,1,1,0,0,2,1,1,12,5,10,1,0,0,0,1,0,6,7,5,8,3
2014.0,30.0,0.0,0.0,3,6,3,0,0,0,0,5,1,1,0,1,5,1,1,16,5,10,1,1,0,1,1,0,2,7,5,8,3
2014.0,-30.0,0.0,0.0,3,6,3,0,0,0,0,2,1,1,0,1,2,1,1,17,5,10,1,1,0,2,1,0,4,7,5,8,3
2014.0,0.0,2.0,0.0,3,3,0,0,0,0,0,9,1,1,0,0,5,1,1,18,5,10,1,1,0,1,1,0,4,2,5,3,3
2014.0,0.0,0.0,0.0,3,4,0,0,0,0,2,9,1,1,0,1,1,1,1,22,5,10,1,0,0,0,1,0,4,2,2,9,3
2014.0,205.0,0.0,0.0,3,1,3,0,0,0,0,2,1,1,0,0,1,1,1,10,6,10,1,0,0,1,0,0,0,2,5,3,9
2014.0,0.0,1.0,0.0,2,1,3,0,0,0,0,1,1,1,0,1,5,1,1,12,6,10,1,0,0,1,2,0,4,2,5,3,9
2014.0,0.0,0.0,0.0,3,6,3,0,0,0,1,5,1,1,0,0,5,1,1,13,6,10,1,0,0,2,2,0,4,7,5,9,3
2014.0,510.0,0.0,0.0,3,6,0,0,0,0,2,1,1,1,0,1,1,1,1,23,6,10,1,0,0,0,1,0,6,7,5,8,8
2014.0,-120.0,1.0,0.0,3,6,3,0,0,0,0,2,1,1,0,0,2,1,1,8,0,10,0,1,0,2,2,0,4,7,5,8,3
2014.0,0.0,0.0,0.0,3,4,3,0,0,0,1,1,1,1,0,1,9,1,1,8,0,10,0,1,0,2,2,0,4,4,5,3,9
2014.0,-87.0,0.0,0.0,3,6,3,0,0,0,1,2,1,1,0,1,2,1,1,9,0,10,0,1,0,1,1,0,4,7,5,8,3
2014.0,100.0,0.0,0.0,3,10,3,0,0,0,1,9,1,1,0,1,9,1,1,11,0,10,0,0,0,1,1,0,4,7,5,8,9
2014.0,-25.0,0.0,0.0,3,1,3,0,0,0,1,1,1,1,0,0,5,1,1,11,0,10,0,0,0,1,1,0,4,2,5,3,9
2014.0,0.0,2.0,0.0,3,12,3,0,0,0,0,2,1,1,0,1,9,1,1,11,0,10,0,0,0,1,2,0,2,5,5,3,3
2014.0,242.0,1.0,0.0,2,4,3,0,0,0,1,5,1,1,0,0,9,1,1,12,0,10,0,0,0,1,1,0,6,2,5,3,9
2014.0,400.0,0.0,0.0,3,6,3,0,0,0,2,5,1,1,0,0,5,1,1,12,0,10,0,0,0,0,0,0,6,5,5,8,5
2014.0,230.0,0.0,0.0,3,6,3,0,0,0,1,2,1,1,0,1,2,1,1,14,0,10,0,0,0,1,1,0,6,7,5,8,3
2014.0,25.0,0.0,0.0,3,1,3,0,0,0,0,9,1,1,0,0,1,1,1,14,0,10,0,0,0,1,1,0,4,2,5,3,9
2014.0,250.0,1.0,0.0,3,6,3,0,0,0,0,5,1,1,0,0,5,1,1,15,0,10,0,0,0,2,1,0,4,7,5,8,3
2014.0,0.0,0.0,0.0,3,4,3,0,0,0,1,1,1,1,0,1,5,1,1,16,0,10,0,1,0,2,1,0,4,2,5,3,9
2014.0,86.0,2.0,0.0,2,6,0,0,0,0,1,9,0,1,0,0,9,1,1,18,0,10,0,1,0,1,1,0,6,7,5,8,3
2014.0,-165.0,0.0,0.0,3,6,0,0,0,0,0,1,1,1,0,1,1,1,1,19,0,10,0,1,0,1,2,0,4,7,5,8,8
2014.0,-2.0,0.0,0.0,3,5,0,0,0,2,0,2,1,1,0,1,1,1,1,21,0,10,0,0,0,2,1,0,6,2,5,9,3
2014.0,0.0,0.0,0.0,3,4,0,0,0,0,1,9,1,1,0,0,5,1,1,22,0,10,0,0,0,2,2,0,4,2,5,3,9
2014.0,82.0,0.0,0.0,3,7,3,0,0,0,1,1,1,1,0,1,1,1,1,7,1,10,0,1,0,0,1,0,6,5,5,3,2
2014.0,-125.0,0.0,0.0,3,10,3,0,0,0,1,2,1,1,0,1,2,1,1,10,1,10,0,0,0,2,2,0,6,5,5,3,2
2014.0,0.0,1.0,0.0,3,1,3,0,0,0,0,1,1,1,0,1,5,1,1,14,1,10,0,0,0,0,2,0,4,2,5,3,3
2014.0,30.0,0.0,0.0,3,1,3,0,0,0,1,2,1,0,0,0,9,1,1,14,1,10,0,0,0,1,1,0,4,7,5,8,9
2014.0,0.0,0.0,0.0,3,10,3,0,0,0,1,5,1,1,2,1,5,1,1,15,1,10,0,0,0,2,1,0,4,2,5,3,9
2014.0,140.0,0.0,0.0,3,6,3,0,0,0,1,5,1,1,0,0,5,1,1,15,1,10,0,0,0,2,2,0,6,7,5,8,3
2014.0,-200.0,0.0,0.0,3,12,3,0,0,0,1,2,1,1,0,1,5,1,1,16,1,10,0,1,0,2,1,0,6,2,5,3,9
2014.0,0.0,0.0,0.0,3,4,1,0,0,0,0,1,1,1,0,1,2,1,1,20,1,10,0,0,0,2,0,0,4,2,5,3,9
2014.0,-45.0,0.0,0.0,3,5,3,3,4,0,1,9,1,1,0,0,1,1,1,9,2,10,0,1,1,1,1,0,6,5,5,8,3
2014.0,637.0,1.0,0.0,3,6,3,3,4,0,1,2,1,1,0,0,5,1,1,10,2,10,0,0,1,1,1,0,6,5,5,3,9
2014.0,-200.0,0.0,0.0,3,6,3,3,4,0,1,5,1,1,0,1,5,1,1,11,2,10,0,0,1,2,1,0,6,5,5,8,3
2014.0,57.0,0.0,0.0,3,6,3,1,4,0,0,5,1,1,0,1,5,1,1,12,2,10,0,0,1,1,1,0,6,7,5,8,3
2014.0,95.0,0.0,0.0,3,6,3,1,0,0,1,5,1,1,0,0,5,1,1,12,2,10,0,0,0,1,2,0,6,7,5,8,3
2014.0,481.0,0.0,0.0,3,1,3,0,0,0,0,2,1,1,0,1,9,1,1,13,2,10,0,0,0,1,1,0,6,2,5,9,9
2014.0,70.0,0.0,0.0,3,6,3,0,0,0,0,5,1,1,0,0,5,1,1,16,2,10,0,1,0,1,1,0,4,7,5,8,3
2014.0,-535.0,1.0,0.0,3,6,3,0,0,0,0,1,1,1,0,0,1,1,1,17,2,10,0,1,0,2,1,0,6,5,5,8,3
2014.0,-634.0,0.0,0.0,3,6,3,0,0,0,1,2,1,1,0,0,2,1,1,17,2,10,0,1,0,1,1,0,6,7,5,8,3
2014.0,281.0,0.0,0.0,3,6,3,0,0,0,1,5,1,1,0,1,5,1,1,17,2,10,0,1,0,1,1,0,6,7,5,8,3
2014.0,-286.0,0.0,0.0,3,6,0,0,0,0,1,1,1,1,0,1,1,1,1,18,2,10,0,1,0,2,1,0,6,7,5,8,3
2014.0,0.0,0.0,0.0,3,4,3,0,0,0,1,2,1,1,0,1,5,1,1,18,2,10,0,1,0,0,2,0,4,2,5,3,9
2014.0,96.0,0.0,0.0,3,6,3,3,4,0,0,9,1,1,0,1,9,1,1,7,3,10,0,1,1,1,1,0,6,7,5,8,3
2014.0,125.0,0.0,0.0,3,1,3,1,0,0,1,1,1,1,0,0,2,1,1,8,3,10,0,1,0,1,1,0,6,4,5,3,9
2014.0,-72.0,0.0,0.0,3,6,3,0,0,0,0,1,1,1,0,1,1,1,1,9,3,10,0,1,0,2,1,0,4,7,5,8,3
2014.0,-61.0,0.0,0.0,3,5,3,0,0,2,2,9,1,1,0,1,2,1,1,9,3,10,0,1,0,0,1,0,4,4,5,9,9
2014.0,0.0,1.0,0.0,3,1,3,0,0,0,0,9,1,1,0,0,5,1,1,10,3,10,0,0,0,1,1,0,4,2,5,9,3
2014.0,65.0,2.0,0.0,3,6,3,0,0,0,1,2,1,1,0,1,2,1,1,12,3,10,0,0,0,1,1,0,6,5,5,8,3
2014.0,-250.0,1.0,0.0,2,10,3,0,0,0,1,9,1,1,0,1,9,1,1,14,3,10,0,0,0,0,2,0,6,9,5,3,2
2014.0,-35.0,0.0,0.0,3,6,3,0,0,0,1,1,1,1,0,0,1,1,1,16,3,10,0,1,0,1,1,0,4,7,5,8,8
2014.0,150.0,0.0,0.0,3,6,3,0,0,0,1,1,1,1,0,0,1,1,1,16,3,10,0,1,0,1,1,0,4,7,5,8,3
2014.0,0.0,0.0,0.0,3,4,0,0,0,0,0,9,1,1,0,1,1,1,1,18,3,10,0,1,0,2,2,0,4,2,5,3,9
2014.0,1878.0,1.0,0.0,3,1,0,0,0,2,0,9,1,1,0,1,2,1,1,19,3,10,0,1,0,1,1,0,6,5,5,9,3
2014.0,300.0,0.0,0.0,3,6,0,0,0,0,1,5,1,0,0,1,5,1,1,19,3,10,0,1,0,0,1,0,6,7,5,8,8
2014.0,0.0,1.0,0.0,2,4,0,0,0,0,0,5,1,1,0,1,9,1,1,23,3,10,0,0,0,1,2,0,2,5,5,9,3
2014.0,261.0,0.0,0.0,3,6,3,0,0,0,0,2,1,1,0,0,2,1,1,6,4,10,0,0,0,0,1,0,6,7,5,9,3
2014.0,-22.0,0.0,0.0,3,10,3,0,0,0,1,7,1,1,0,1,6,1,1,11,4,10,0,0,0,1,1,0,4,4,4,9,9
2014.0,-30.0,0.0,0.0,3,6,3,0,0,0,1,5,1,1,0,0,2,1,1,11,4,10,0,0,0,1,1,0,4,5,5,8,1
2014.0,-150.0,0.0,0.0,3,5,3,0,0,0,1,6,1,1,0,1,9,1,1,12,4,10,0,0,0,1,0,0,6,2,5,3,5
2014.0,-345.0,1.0,0.0,2,1,3,0,0,0,1,9,1,1,0,1,2,1,1,13,4,10,0,0,0,2,2,0,6,2,5,3,3
2014.0,969.0,0.0,0.0,3,6,3,0,0,0,2,2,1,1,0,0,2,1,1,14,4,10,0,0,0,0,2,0,6,7,5,8,3
2014.0,0.0,1.0,0.0,3,4,3,0,0,0,0,5,1,1,0,1,1,1,1,16,4,10,0,1,0,0,1,0,2,2,5,3,9
2014.0,83.0,0.0,0.0,3,6,3,0,0,0,0,5,0,1,0,0,5,1,1,17,4,10,0,1,0,1,1,0,2,7,5,8,8
2014.0,30.0,0.0,0.0,3,6,0,0,0,0,1,5,0,1,0,0,5,1,1,0,5,10,1,0,0,1,2,0,4,7,5,8,3
2014.0,92.0,0.0,0.0,3,6,3,0,0,0,1,1,1,1,0,1,1,1,1,9,5,10,1,1,0,1,2,0,4,7,5,8,8
2014.0,0.0,2.0,0.0,2,4,3,0,0,0,1,5,1,1,0,0,1,1,1,10,5,10,1,0,0,1,1,0,4,2,5,3,9
2014.0,-25.0,0.0,0.0,3,6,3,0,0,0,1,1,0,1,0,0,1,1,1,11,5,10,1,0,0,1,1,0,4,7,5,8,3
2014.0,0.0,0.0,0.0,3,4,3,0,0,0,1,5,1,1,0,0,1,1,1,13,5,10,1,0,0,1,0,0,4,5,5,9,3
2014.0,-45.0,0.0,0.0,3,6,3,0,0,0,0,1,1,1,0,0,1,1,1,13,5,10,1,0,0,1,2,0,4,7,5,8,3
2014.0,600.0,0.0,0.0,3,1,3,0,0,0,1,2,1,1,0,1,9,1,1,15,5,10,1,0,0,1,1,0,6,4,5,3,9
2014.0,400.0,0.0,0.0,3,4,3,0,0,0,1,5,1,1,0,0,1,1,1,15,5,10,1,0,0,1,1,0,0,2,5,3,9
2014.0,0.0,2.0,0.0,3,1,3,0,0,0,1,1,1,1,0,0,2,1,1,16,5,10,1,1,0,1,1,0,2,2,5,3,3
2014.0,22.0,0.0,0.0,3,10,3,0,0,0,0,5,1,1,0,1,5,1,1,17,5,10,1,1,0,1,2,0,4,4,5,3,9
2014.0,-30.0,0.0,0.0,3,6,0,0,0,0,0,1,0,1,0,0,1,1,1,21,5,10,1,0,0,1,1,0,4,7,5,8,3
2014.0,0.0,2.0,0.0,2,1,0,0,0,0,1,9,1,1,0,0,5,1,1,22,5,10,1,0,0,1,1,0,4,2,5,9,3
2014.0,140.0,0.0,0.0,3,10,0,0,0,0,0,5,0,1,1,1,5,1,1,2,6,10,1,0,0,2,1,0,6,7,5,6,3
2014.0,-90.0,4.0,0.0,3,6,0,0,0,0,1,1,0,1,0,1,1,1,1,2,6,10,1,0,0,2,1,0,4,7,5,8,3
2014.0,0.0,2.0,0.0,2,1,3,0,0,0,0,9,1,1,0,1,2,1,1,7,6,10,1,1,0,0,2,0,4,2,5,3,3
2014.0,-85.0,0.0,0.0,3,10,3,0,0,0,1,7,1,1,0,1,7,1,1,10,6,10,1,0,0,1,1,0,6,9,5,3,2
2014.0,66.0,0.0,0.0,3,6,3,0,0,0,1,9,1,1,0,1,9,1,1,12,6,10,1,0,0,1,1,0,4,7,5,8,3
2014.0,700.0,0.0,0.0,3,12,4,0,3,0,2,8,1,1,1,1,8,1,1,13,6,10,1,0,0,0,1,0,6,5,5,6,5
2014.0,0.0,0.0,0.0,3,1,3,0,0,0,0,5,1,1,0,0,1,1,1,15,6,10,1,0,0,1,1,0,4,5,5,3,3
2014.0,0.0,1.0,0.0,3,4,4,0,0,0,0,6,1,1,0,1,7,1,1,17,6,10,1,1,0,2,1,0,4,2,5,3,9
2014.0,-54.0,0.0,0.0,3,4,4,0,0,0,1,1,1,1,0,1,1,1,1,17,6,10,1,1,0,1,2,0,4,4,5,8,9
2014.0,0.0,2.0,0.0,3,4,0,0,0,0,0,1,1,1,0,0,5,1,1,18,6,10,1,1,0,1,2,0,4,2,5,3,9
2014.0,200.0,0.0,0.0,3,4,4,0,0,0,1,9,1,1,0,1,5,1,1,19,6,10,1,1,0,1,2,0,6,2,5,3,9
2014.0,200.0,1.0,0.0,3,6,0,0,0,0,1,2,1,1,0,0,2,1,1,21,6,10,1,0,0,2,1,0,4,7,5,8,3