Year,Distance,Totalinjuries,Totalfatalities,Injuryseverity,Collisionmanner,Lightcondition,Weather,SurfaceCondition,Unittype_One,Gender_Drv1,Traveldirection_One,AlcoholUse_Drv1,DrugUse_Drv1,Unittype_Two,Gender_Drv2,Traveldirection_Two,AlcoholUse_Drv2,DrugUse_Drv2,Hour,Weekday,Month,Weekend,Rush_Hour,Hazardous_Road,Age_Group_Drv1,Age_Group_Drv2,Substance_Use,Junction_Category,Violation_Category_Drv1,Violation_Category_Drv2,Unitaction_Category_Two,Unitaction_Category_One
2014.0,40.0,0.0,0.0,3,6,0,0,0,0,0,9,1,1,0,1,9,1,1,21,6,10,1,0,0,1,1,0,4,7,5,8,3
2014.0,-89.0,1.0,0.0,3,6,3,0,0,0,0,2,1,1,0,0,2,1,1,9,0,10,0,1,0,1,0,0,4,7,5,8,3
2014.0,100.0,0.0,0.0,3,6,3,0,0,0,1,5,1,1,0,0,5,1,1,9,0,10,0,1,0,1,1,0,1,7,5,8,3
2014.0,-122.0,0.0,0.0,3,6,3,0,0,0,1,2,1,1,0,0,2,1,1,12,0,10,0,0,0,2,1,0,6,7,5,8,3
2014.0,-100.0,0.0,0.0,3,6,3,0,0,0,0,1,1,1,0,0,1,1,1,15,0,10,0,0,0,2,1,0,4,7,5,8,3
2014.0,-200.0,0.0,0.0,3,6,3,0,0,0,1,9,1,1,0,0,9,1,1,16,0,10,0,1,0,1,1,0,6,7,5,8,3
2014.0,100.0,0.0,0.0,3,10,3,0,0,0,2,1,1,1,0,0,1,1,1,16,0,10,0,1,0,0,1,0,6,9,5,3,5
2014.0,-36.0,0.0,0.0,3,6,4,0,0,0,1,1,1,1,0,1,1,1,1,18,0,10,0,1,0,1,1,0,4,8,5,3,3
2014.0,0.0,0.0,0.0,3,4,4,0,0,0,1,2,1,1,0,1,9,1,1,18,0,10,0,1,0,2,2,0,4,2,5,3,9
2014.0,0.0,1.0,0.0,2,1,3,0,0,0,0,5,1,1,0,1,1,1,1,8,1,10,0,1,0,0,0,0,4,2,5,3,3
2014.0,0.0,1.0,0.0,1,1,3,0,0,0,0,9,1,1,0,1,1,1,1,11,1,10,0,0,0,1,0,0,2,2,5,9,3
2014.0,-75.0,0.0,0.0,3,10,3,0,0,0,1,1,1,1,0,1,1,1,1,12,1,10,0,0,0,0,0,0,4,5,5,9,9
2014.0,200.0,1.0,0.0,2,5,3,0,0,3,0,1,1,1,0,1,5,1,1,12,1,10,0,0,0,1,1,0,6,5,5,3,5
2014.0,-55.0,0.0,0.0,3,6,3,0,0,0,0,2,1,1,0,0,2,1,1,13,1,10,0,0,0,2,1,0,6,7,5,8,3
2014.0,0.0,0.0,0.0,3,1,3,0,0,0,0,9,1,1,0,1,2,1,1,14,1,10,0,0,0,1,1,0,4,2,5,3,3
2014.0,0.0,0.0,0.0,3,4,3,0,0,0,0,4,1,1,0,1,5,1,1,14,1,10,0,0,0,1,2,0,4,2,5,3,9
2014.0,-325.0,0.0,0.0,3,6,3,0,0,0,1,9,1,1,0,0,9,1,1,16,1,10,0,1,0,2,2,0,0,7,5,8,3
2014.0,0.0,0.0,0.0,3,4,4,0,0,0,1,5,1,1,0,0,2,1,1,17,1,10,0,1,0,2,2,0,4,2,5,3,9
2014.0,360.0,0.0,0.0,3,6,3,0,0,0,0,9,1,1,0,0,9,1,1,7,2,10,0,1,0,2,1,0,6,7,5,8,3
2014.0,153.0,0.0,0.0,3,6,3,0,0,0,0,9,1,1,0,1,9,1,1,8,2,10,0,1,0,1,1,0,6,7,5,8,3
2014.0,0.0,1.0,0.0,3,4,3,0,0,0,0,9,1,1,0,1,2,1,1,10,2,10,0,0,0,2,1,0,4,2,5,3,9
2014.0,31.0,0.0,0.0,3,6,3,0,0,0,1,9,1,1,0,0,9,1,1,12,2,10,0,0,0,2,1,0,4,7,5,3,3
2014.0,30.0,0.0,0.0,3,6,3,0,0,0,1,5,1,1,0,0,5,1,1,13,2,10,0,0,0,2,1,0,4,7,5,8,3
2014.0,340.0,0.0,0.0,3,6,3,0,0,0,1,1,1,1,0,1,1,1,1,16,2,10,0,1,0,1,0,0,6,7,5,8,3
2014.0,70.0,0.0,0.0,3,6,3,0,0,0,0,1,1,1,0,0,1,1,1,16,2,10,0,1,0,2,1,0,6,7,5,8,3
2014.0,0.0,2.0,0.0,2,4,3,0,0,0,0,1,1,1,0,0,2,1,1,17,2,10,0,1,0,0,1,0,4,2,5,3,9
2014.0,0.0,0.0,0.0,3,4,0,0,0,0,0,2,1,1,0,1,5,1,1,18,2,10,0,1,0,2,1,0,4,2,5,3,9
2014.0,-14.0,1.0,0.0,2,1,0,0,0,2,0,9,1,1,0,0,2,1,1,18,2,10,0,1,0,2,1,0,4,2,5,3,7
2014.0,-478.0,0.0,0.0,3,1,0,0,0,0,1,5,1,1,0,1,5,1,1,22,2,10,0,0,0,2,1,0,6,4,5,3,9
2014.0,203.0,1.0,0.0,2,6,3,0,0,0,0,2,1,1,0,0,2,1,1,6,3,10,0,0,0,2,1,0,4,7,5,3,8
2014.0,57.0,0.0,0.0,3,1,3,0,0,0,0,1,1,1,0,1,9,1,1,7,3,10,0,1,0,1,2,0,4,9,5,8,9
2014.0,0.0,0.0,0.0,3,4,3,0,0,0,1,5,1,1,0,1,2,1,1,8,3,10,0,1,0,0,1,0,4,2,5,3,9
2014.0,-100.0,0.0,0.0,3,6,3,0,0,0,1,1,1,1,0,0,1,1,1,9,3,10,0,1,0,1,1,0,4,7,5,8,8
2014.0,-10.0,0.0,0.0,3,10,3,0,0,0,0,1,1,1,0,1,1,1,1,10,3,10,0,0,0,0,1,0,4,5,5,8,9
2014.0,10.0,1.0,0.0,2,5,3,0,0,2,1,9,1,1,0,1,1,1,1,10,3,10,0,0,0,2,2,0,4,5,5,9,3
2014.0,-75.0,0.0,0.0,3,6,3,0,0,0,1,2,1,1,0,0,2,1,1,12,3,10,0,0,0,2,2,0,4,7,5,8,3
2014.0,75.0,2.0,0.0,3,6,3,0,0,0,0,1,1,1,0,1,1,1,1,12,3,10,0,0,0,2,2,0,6,7,5,8,3
2014.0,-215.0,0.0,0.0,3,10,3,0,0,0,1,1,1,1,0,0,1,1,1,12,3,10,0,0,0,0,1,0,6,5,5,2,2
2014.0,370.0,1.0,0.0,3,6,3,0,0,0,1,2,1,1,0,1,2,1,1,13,3,10,0,0,0,2,1,0,6,7,5,8,3
2014.0,-1395.0,1.0,0.0,3,4,3,0,0,0,1,7,1,1,0,0,1,1,1,13,3,10,0,0,0,1,0,0,6,5,5,3,9
2014.0,-30.0,0.0,0.0,3,6,3,0,0,0,1,2,1,1,0,1,2,1,1,14,3,10,0,0,0,1,1,0,4,0,5,8,3
2014.0,44.0,0.0,0.0,3,1,3,0,0,0,0,9,1,1,0,1,9,1,1,15,3,10,0,0,0,2,2,0,0,7,5,9,3
2014.0,50.0,0.0,0.0,3,6,3,0,0,0,1,9,1,1,0,1,9,1,1,16,3,10,0,1,0,2,1,0,4,7,5,9,9
2014.0,1004.0,0.0,0.0,3,6,3,0,0,0,1,5,1,1,0,0,5,1,1,17,3,10,0,1,0,2,1,0,6,7,5,8,3
2014.0,0.0,1.0,0.0,2,1,3,0,0,0,0,5,1,1,0,1,1,1,1,17,3,10,0,1,0,0,2,0,4,4,5,9,3
2014.0,-100.0,0.0,0.0,3,6,4,0,0,0,1,2,1,1,0,1,2,1,1,18,3,10,0,1,0,2,1,0,4,7,5,8,3
2014.0,-150.0,0.0,0.0,3,6,0,0,0,0,1,2,1,1,0,0,2,1,1,18,3,10,0,1,0,0,1,0,6,7,5,8,3
2014.0,415.0,0.0,0.0,3,10,0,0,0,0,1,9,1,1,0,1,9,1,1,19,3,10,0,1,0,1,1,0,6,5,5,3,3
2014.0,47.0,0.0,0.0,3,6,0,0,0,0,1,9,1,1,0,0,9,1,1,19,3,10,0,1,0,2,2,0,4,7,5,8,3
2014.0,-50.0,0.0,0.0,3,10,0,0,0,0,1,1,1,1,0,1,1,1,1,19,3,10,0,1,0,0,1,0,4,9,5,3,3
2014.0,0.0,0.0,0.0,3,6,0,0,0,0,1,2,1,1,0,0,2,1,1,22,3,10,0,0,0,1,1,0,2,7,5,9,9
2014.0,-197.0,0.0,0.0,3,5,0,0,0,0,1,9,1,1,1,1,1,1,1,7,4,10,0,1,0,1,1,0,6,5,5,6,1
2014.0,0.0,0.0,0.0,3,1,3,0,0,0,1,9,1,1,0,0,9,1,1,8,4,10,0,1,0,0,1,0,4,9,5,3,2
2014.0,897.0,0.0,0.0,3,6,3,1,0,0,0,2,1,1,0,1,2,1,1,9,4,10,0,1,0,1,1,0,6,7,5,8,3
2014.0,0.0,1.0,0.0,2,4,3,1,0,0,0,9,1,1,0,0,5,1,1,9,4,10,0,1,0,2,2,0,4,2,5,3,9
2014.0,-130.0,1.0,0.0,1,5,3,0,0,0,1,5,1,1,3,0,1,1,1,11,4,10,0,0,0,1,1,0,0,2,5,7,9
2014.0,-40.0,0.0,0.0,3,10,3,0,0,0,1,4,1,1,0,1,2,1,1,12,4,10,0,0,0,1,1,0,0,2,5,3,9
2014.0,-45.0,0.0,0.0,3,6,3,0,0,0,1,1,1,1,0,1,1,1,1,12,4,10,0,0,0,1,0,0,4,7,5,8,8
2014.0,-36.0,0.0,0.0,3,6,3,0,0,0,1,5,1,1,0,0,5,1,1,13,4,10,0,0,0,2,0,0,4,7,5,8,8
2014.0,0.0,0.0,0.0,3,4,3,0,0,0,1,2,1,1,0,0,6,1,1,13,4,10,0,0,0,0,1,0,4,2,5,9,3
2014.0,-47.0,3.0,0.0,3,6,3,0,0,0,0,2,1,1,0,1,2,1,1,14,4,10,0,0,0,2,0,0,4,7,5,8,3
2014.0,800.0,0.0,0.0,3,6,3,0,0,0,1,5,1,1,0,0,5,1,1,14,4,10,0,0,0,2,1,0,6,7,5,8,3
2014.0,-944.0,1.0,0.0,3,6,3,0,0,0,0,1,0,1,0,0,1,1,1,14,4,10,0,0,0,1,2,0,6,7,5,8,3
2014.0,-30.0,1.0,0.0,3,6,3,0,0,0,0,2,1,1,0,0,2,1,1,14,4,10,0,0,0,2,0,0,4,7,5,8,3
2014.0,-186.0,0.0,0.0,3,10,3,0,0,0,1,2,1,1,0,1,2,1,1,14,4,10,0,0,0,1,1,0,6,9,5,8,2
2014.0,0.0,1.0,0.0,2,1,3,0,0,0,1,1,1,1,0,1,5,1,1,16,4,10,0,1,0,2,1,0,4,2,5,3,9
2014.0,-70.0,1.0,0.0,2,6,3,0,0,0,0,1,1,1,0,0,1,1,1,16,4,10,0,1,0,1,2,0,6,7,5,8,3
2014.0,-70.0,0.0,0.0,3,4,3,0,0,0,1,1,1,1,0,1,5,1,1,16,4,10,0,1,0,1,1,0,6,2,5,3,9
2014.0,200.0,1.0,0.0,3,4,3,0,0,0,1,1,1,1,0,0,5,1,1,17,4,10,0,1,0,2,2,0,6,2,5,3,9
2014.0,-70.0,0.0,0.0,3,6,3,0,0,0,1,2,1,1,0,1,2,1,1,17,4,10,0,1,0,2,0,0,2,7,5,8,8
2014.0,35.0,0.0,0.0,3,6,0,0,0,0,0,5,1,1,0,0,5,1,1,0,5,10,1,0,0,1,2,0,4,7,5,8,3
2014.0,-140.0,0.0,0.0,3,10,3,0,0,0,1,1,1,1,0,0,1,1,1,8,5,10,1,1,0,1,0,0,4,9,5,3,2
2014.0,0.0,0.0,0.0,3,4,3,0,0,0,0,1,1,1,0,0,5,1,1,9,5,10,1,1,0,0,0,0,4,2,5,3,9
2014.0,0.0,0.0,0.0,3,4,3,0,0,0,1,9,1,1,0,1,5,1,1,10,5,10,1,0,0,1,2,0,2,2,5,3,9
2014.0,55.0,0.0,0.0,3,6,3,0,0,0,0,9,1,1,0,1,9,1,1,14,5,10,1,0,0,2,1,0,4,7,5,8,3
2014.0,0.0,0.0,0.0,3,1,3,0,0,0,0,5,1,1,0,1,9,1,1,14,5,10,1,0,0,1,1,0,4,7,5,9,3
2014.0,0.0,0.0,0.0,3,4,3,0,0,0,1,9,1,1,0,1,3,1,1,15,5,10,1,0,0,1,2,0,4,2,5,9,3
2014.0,0.0,1.0,0.0,3,1,3,0,0,0,1,1,1,1,0,1,2,1,1,15,5,10,1,0,0,2,0,0,4,7,5,3,9
2014.0,-24.0,0.0,0.0,3,6,3,0,0,0,0,2,1,1,0,1,2,1,1,16,5,10,1,1,0,2,2,0,4,7,5,3,3
2014.0,0.0,0.0,0.0,3,4,3,0,0,0,0,9,1,1,0,1,1,1,1,17,5,10,1,1,0,1,2,0,4,4,5,3,9
2014.0,38.0,0.0,0.0,3,6,4,0,0,0,0,5,1,1,0,1,5,1,1,17,5,10,1,1,0,2,0,0,2,5,5,9,3
2014.0,-95.0,2.0,0.0,3,6,0,0,0,0,0,2,1,1,0,1,2,1,1,18,5,10,1,1,0,2,2,0,6,7,5,8,3
2014.0,84.0,2.0,0.0,3,6,0,0,0,0,0,5,0,1,0,0,5,1,1,19,5,10,1,1,0,2,1,0,4,7,5,8,3
2014.0,0.0,0.0,0.0,3,1,0,0,0,0,1,1,1,1,0,1,5,1,1,23,5,10,1,0,0,1,1,0,4,2,5,3,9
2014.0,0.0,0.0,0.0,3,12,3,0,0,0,0,8,1,1,0,0,8,1,1,11,6,10,1,0,0,2,2,0,4,2,5,3,3
2014.0,74.0,0.0,0.0,3,6,3,1,0,0,1,1,1,1,0,1,1,1,1,13,6,10,1,0,0,1,1,0,4,5,5,8,3
2014.0,-24.0,0.0,0.0,3,6,3,0,0,0,1,1,1,1,0,0,1,1,1,15,6,10,1,0,0,1,1,0,4,7,5,9,9
2014.0,0.0,0.0,0.0,3,10,0,1,0,0,1,9,1,1,0,1,9,1,1,17,6,10,1,1,0,1,1,0,4,7,5,9,3
2014.0,0.0,1.0,0.0,3,4,3,0,0,0,1,3,0,1,0,0,9,1,1,7,0,10,0,1,0,1,2,0,4,7,5,9,3
2014.0,-8.0,1.0,0.0,3,1,3,0,0,0,0,2,1,1,2,0,2,1,1,8,0,10,0,1,0,2,1,0,4,2,5,3,9
2014.0,-400.0,0.0,0.0,3,6,3,0,0,0,1,2,1,1,0,0,2,1,1,8,0,10,0,1,0,1,1,0,4,7,5,3,3
2014.0,520.0,2.0,0.0,3,10,3,0,0,0,1,5,0,1,0,1,5,1,1,9,0,10,0,1,0,1,1,0,6,4,5,3,9
2014.0,-65.0,0.0,0.0,3,10,3,0,0,0,1,5,1,1,0,0,5,1,1,9,0,10,0,1,0,2,1,0,6,5,5,9,9
2014.0,210.0,0.0,0.0,3,1,3,0,0,0,0,5,1,1,0,1,9,1,1,12,0,10,0,0,0,1,0,0,0,2,5,3,9
2014.0,471.0,0.0,0.0,3,6,3,0,0,0,2,1,1,1,0,1,1,1,1,13,0,10,0,0,0,0,0,0,6,7,5,3,3
2014.0,100.0,0.0,0.0,3,6,3,0,0,0,1,5,0,1,0,0,5,1,1,13,0,10,0,0,0,0,1,0,4,7,5,8,3
2014.0,49.0,2.0,0.0,2,6,3,0,0,0,1,9,1,1,0,1,9,1,1,14,0,10,0,0,0,2,1,0,4,7,5,8,8
2014.0,0.0,0.0,0.0,3,6,3,0,3,0,2,2,1,1,0,0,2,1,1,15,0,10,0,0,0,0,2,0,4,5,5,8,3
2014.0,-400.0,1.0,0.0,2,1,3,0,0,0,1,1,1,1,2,1,1,1,1,15,0,10,0,0,0,1,2,0,6,2,5,3,9
2014.0,-70.0,0.0,0.0,3,6,3,0,0,0,0,1,1,1,0,0,1,1,1,15,0,10,0,0,0,1,1,0,2,7,5,8,9
2014.0,15.0,0.0,0.0,3,6,3,0,0,0,0,9,1,1,0,1,9,1,1,15,0,10,0,0,0,1,1,0,4,7,5,8,9
2014.0,800.0,0.0,0.0,3,6,3,0,0,0,1,5,1,1,0,1,5,1,1,16,0,10,0,1,0,2,1,0,6,5,5,8,3
2014.0,-325.0,0.0,0.0,3,10,3,0,0,0,0,1,1,1,0,0,1,1,1,17,0,10,0,1,0,2,1,0,6,4,5,8,2
2014.0,-253.0,0.0,0.0,3,1,0,0,0,0,1,9,1,1,0,0,5,1,1,17,0,10,0,1,0,0,2,0,0,2,5,3,9
2014.0,400.0,0.0,0.0,3,6,0,0,0,0,0,5,1,1,0,0,5,1,1,18,0,10,0,1,0,2,2,0,6,7,5,8,3
2014.0,30.0,0.0,0.0,3,10,0,0,0,0,0,5,1,1,0,0,5,1,1,18,0,10,0,1,0,1,2,0,4,9,5,3,2
2014.0,-142.0,1.0,0.0,2,3,0,0,0,0,1,2,1,0,0,1,5,1,1,5,1,10,0,0,0,1,1,0,4,7,5,8,3
2014.0,0.0,0.0,0.0,3,1,2,0,0,0,1,3,1,1,0,0,9,1,1,5,1,10,0,0,0,2,0,0,4,2,5,3,9
2014.0,-35.0,1.0,0.0,2,6,3,0,0,0,2,1,1,1,0,0,1,1,1,6,1,10,0,0,0,0,1,0,4,7,5,8,3
2014.0,-15.0,1.0,0.0,3,6,3,0,0,0,0,9,1,1,0,0,9,1,1,7,1,10,0,1,0,1,1,0,4,7,5,8,3
2014.0,75.0,0.0,0.0,3,10,3,0,0,0,1,9,1,1,0,1,9,1,1,14,1,10,0,0,0,2,0,0,4,9,5,3,2
2014.0,0.0,0.0,0.0,3,1,3,0,0,0,0,5,1,1,0,1,9,1,1,15,1,10,0,0,0,0,1,0,2,2,5,3,3
2014.0,-839.0,1.0,0.0,3,1,3,0,0,0,1,1,1,1,0,0,9,1,1,15,1,10,0,0,0,2,0,0,6,7,5,3,3
2014.0,0.0,2.0,0.0,2,4,3,0,0,0,0,9,1,1,0,0,5,1,1,16,1,10,0,1,0,2,2,0,4,2,5,3,9
2014.0,-300.0,0.0,0.0,3,6,0,0,0,0,0,5,1,1,0,0,5,1,1,16,1,10,0,1,0,1,2,0,6,7,5,8,3
2014.0,0.0,0.0,0.0,3,10,3,0,0,0,0,9,1,1,0,1,9,1,1,17,1,10,0,1,0,2,1,0,4,9,5,3,2
2014.0,0.0,1.0,0.0,3,10,0,0,0,0,2,5,1,1,0,0,5,1,1,18,1,10,0,1,0,0,2,0,4,9,5,3,2
2014.0,120.0,0.0,0.0,3,10,0,0,0,0,1,1,1,1,0,1,1,1,1,18,1,10,0,1,0,1,0,0,4,5,5,5,5
2014.0,0.0,0.0,0.0,3,4,0,0,0,0,0,9,1,1,0,1,5,1,1,18,1,10,0,1,0,1,2,0,4,4,5,3,9
2014.0,0.0,1.0,0.0,3,1,3,0,0,0,1,2,1,1,0,1,1,1,1,7,2,10,0,1,0,1,1,0,4,2,5,3,3
2014.0,-55.0,0.0,0.0,3,9,3,0,0,0,0,9,1,1,0,1,1,1,1,7,2,10,0,1,0,1,1,0,4,9,5,3,3
2014.0,0.0,0.0,0.0,3,4,3,0,0,0,1,2,1,1,0,1,9,1,1,7,2,10,0,1,0,1,1,0,4,2,5,3,9
2014.0,190.0,1.0,0.0,3,4,3,0,0,0,0,9,1,1,0,1,1,1,1,8,2,10,0,1,0,2,1,0,6,2,5,3,9
2014.0,94.0,0.0,0.0,3,6,3,0,0,0,0,2,1,1,0,0,2,1,1,8,2,10,0,1,0,1,2,0,4,7,5,8,3
2014.0,0.0,0.0,0.0,3,6,3,0,0,0,0,9,1,1,0,1,9,1,1,8,2,10,0,1,0,2,1,0,4,7,5,8,3
2014.0,-100.0,0.0,0.0,3,6,3,0,0,0,0,2,1,1,0,1,2,1,1,9,2,10,0,1,0,2,2,0,6,7,5,8,3
2014.0,-231.0,0.0,0.0,3,4,3,0,0,0,0,9,1,1,0,1,5,1,1,10,2,10,0,0,0,0,1,0,0,2,5,3,9
2014.0,-1000.0,0.0,0.0,3,4,3,0,0,0,0,1,1,1,0,0,2,1,1,11,2,10,0,0,0,1,2,0,6,4,5,3,9
2014.0,-196.0,0.0,0.0,3,10,3,0,0,0,1,2,1,1,0,1,2,1,1,11,2,10,0,0,0,2,1,0,6,9,5,3,2
2014.0,-700.0,0.0,0.0,3,10,3,0,0,0,0,1,1,1,0,1,1,1,1,12,2,10,0,0,0,0,1,0,6,5,5,5,5
2014.0,50.0,0.0,0.0,3,6,3,0,3,0,2,9,1,1,0,0,9,1,1,12,2,10,0,0,0,0,1,0,6,7,5,3,3
2014.0,-489.0,1.0,0.0,3,6,3,0,0,0,1,2,1,1,0,1,2,1,1,13,2,10,0,0,0,1,2,0,6,7,5,8,3
2014.0,-362.0,0.0,0.0,3,10,3,0,0,0,1,2,1,1,0,0,2,1,1,14,2,10,0,0,0,0,2,0,0,4,5,3,9
2014.0,60.0,0.0,0.0,3,6,3,0,0,0,0,5,1,1,0,0,5,1,1,15,2,10,0,0,0,1,2,0,4,7,5,8,3
2014.0,-125.0,1.0,0.0,3,10,3,0,0,0,1,1,1,1,2,1,1,1,1,16,2,10,0,1,0,2,1,0,6,2,5,3,9
2014.0,-111.0,2.0,0.0,3,6,4,0,0,0,1,1,1,1,0,1,1,1,1,17,2,10,0,1,0,2,1,0,6,7,5,8,3
2014.0,0.0,0.0,0.0,3,1,3,0,0,0,1,9,1,1,0,1,5,1,1,17,2,10,0,1,0,1,1,0,4,2,5,3,3
2014.0,0.0,0.0,0.0,3,1,0,0,0,0,0,5,1,1,0,0,1,1,1,18,2,10,0,1,0,0,1,0,4,9,2,9,3
2014.0,50.0,0.0,0.0,3,6,0,0,0,0,0,5,1,1,0,0,5,1,1,18,2,10,0,1,0,1,2,0,4,7,5,8,3
2014.0,284.0,0.0,0.0,3,6,0,0,0,0,0,1,1,1,0,1,1,1,1,18,2,10,0,1,0,1,0,0,6,7,5,8,8
2014.0,-100.0,0.0,0.0,3,5,3,0,0,0,1,9,1,1,0,0,1,1,1,6,3,10,0,0,0,1,1,0,4,5,5,8,1
2014.0,-250.0,0.0,0.0,3,1,3,0,0,0,0,5,1,1,0,1,9,1,1,7,3,10,0,1,0,1,1,0,0,2,5,3,3
2014.0,273.0,0.0,0.0,3,6,3,0,0,0,1,1,1,1,0,1,1,1,1,10,3,10,0,0,0,1,1,0,6,5,7,8,3
2014.0,60.0,0.0,0.0,3,6,3,0,0,0,0,5,1,1,0,0,5,1,1,12,3,10,0,0,0,2,1,0,4,7,5,8,3
2014.0,0.0,0.0,0.0,3,4,3,0,0,0,0,7,1,1,0,0,1,1,1,15,3,10,0,0,0,2,1,0,2,5,5,3,9
2014.0,50.0,0.0,0.0,3,6,3,0,0,0,2,9,1,1,0,0,9,1,1,16,3,10,0,1,0,0,0,0,4,7,5,8,8
2014.0,100.0,0.0,0.0,3,6,3,0,0,0,0,2,1,1,0,1,2,1,1,16,3,10,0,1,0,2,2,0,6,7,5,8,3
2014.0,0.0,2.0,0.0,2,4,3,0,0,0,0,4,1,1,0,1,5,1,1,16,3,10,0,1,0,2,1,0,4,2,5,3,9
2014.0,423.0,0.0,0.0,3,10,3,0,0,0,1,5,1,1,0,1,5,1,1,17,3,10,0,1,0,1,1,0,6,9,5,3,2
2014.0,0.0,1.0,0.0,2,1,3,0,0,0,0,2,1,1,0,1,1,1,1,17,3,10,0,1,0,2,0,0,4,2,5,3,3
2014.0,0.0,1.0,0.0,3,6,4,0,0,0,0,2,1,1,0,1,2,1,1,17,3,10,0,1,0,2,1,0,4,7,5,8,3
2014.0,97.0,0.0,0.0,3,6,0,0,0,0,2,5,1,1,0,0,5,1,1,18,3,10,0,1,0,0,1,0,4,7,5,8,3
2014.0,0.0,0.0,0.0,3,1,0,0,0,0,0,5,1,1,0,0,1,1,1,20,3,10,0,0,0,1,1,0,2,5,5,3,3
2014.0,-30.0,0.0,0.0,3,6,3,0,0,0,0,1,1,1,0,1,1,1,1,8,4,10,0,1,0,2,1,0,2,7,5,8,8
2014.0,70.0,0.0,0.0,3,10,3,0,0,0,0,5,1,1,0,1,5,1,1,8,4,10,0,1,0,1,2,0,4,9,5,3,2
2014.0,-181.0,0.0,0.0,3,6,3,0,0,0,1,4,1,1,0,1,1,1,1,9,4,10,0,1,0,1,1,0,0,2,5,3,1
2014.0,0.0,0.0,0.0,3,1,3,0,0,0,0,9,1,1,0,1,2,1,1,10,4,10,0,0,0,1,0,0,2,2,5,3,3
2014.0,325.0,0.0,0.0,3,4,3,0,0,0,1,1,1,1,0,1,9,1,1,11,4,10,0,0,0,1,1,0,6,4,5,3,9
2014.0,153.0,0.0,0.0,3,6,3,0,0,0,0,2,1,1,0,0,2,1,1,11,4,10,0,0,0,2,2,0,6,7,5,8,3
2014.0,0.0,0.0,0.0,3,6,3,0,0,0,0,9,1,1,0,0,9,1,1,12,4,10,0,0,0,2,1,0,4,8,5,8,3
2014.0,72.0,0.0,0.0,3,6,3,0,0,0,0,9,1,1,0,1,9,1,1,12,4,10,0,0,0,1,0,0,4,7,5,8,8
2014.0,0.0,0.0,0.0,3,4,3,0,0,0,0,9,1,1,0,1,1,1,1,14,4,10,0,0,0,1,2,0,4,2,5,3,9
2014.0,210.0,0.0,0.0,3,4,3,0,0,0,1,1,1,1,0,1,1,1,1,15,4,10,0,0,0,1,1,0,6,2,5,3,9
2014.0,-420.0,0.0,0.0,3,6,3,0,0,0,1,1,1,1,0,1,1,1,1,15,4,10,0,0,0,1,0,0,4,7,5,8,3
2014.0,-360.0,0.0,0.0,3,4,3,0,0,0,1,1,1,1,0,1,9,1,1,16,4,10,0,1,0,1,1,0,4,7,5,9,3
2014.0,75.0,0.0,0.0,3,6,0,0,0,0,1,5,1,1,0,1,5,1,1,17,4,10,0,1,0,1,1,0,4,7,5,8,8
2014.0,120.0,0.0,0.0,3,6,0,0,0,0,0,2,1,1,0,0,2,1,1,18,4,10,0,1,0,1,0,0,6,7,5,8,3
2014.0,0.0,1.0,0.0,1,1,0,0,0,0,1,1,1,1,3,0,5,1,1,18,4,10,0,1,0,2,2,0,4,2,5,7,3
2014.0,0.0,0.0,0.0,3,4,0,0,0,0,1,2,1,1,0,1,9,1,1,18,4,10,0,1,0,1,1,0,4,2,2,3,9
2014.0,332.0,0.0,0.0,3,6,0,0,0,0,0,5,1,1,0,1,5,1,1,18,4,10,0,1,0,1,2,0,6,7,5,8,8
2014.0,40.0,0.0,0.0,3,10,3,0,0,0,1,9,1,1,0,1,9,1,1,19,4,10,0,1,0,2,1,0,4,9,5,3,2
2014.0,0.0,0.0,0.0,3,4,0,0,0,0,1,9,1,1,0,1,1,1,1,20,4,10,0,0,0,2,2,0,6,2,5,3,9
2014.0,-50.0,0.0,0.0,3,6,0,0,0,0,1,1,0,1,0,0,1,1,1,22,4,10,0,0,0,1,1,0,4,7,5,8,3
2014.0,60.0,0.0,0.0,3,6,0,0,0,0,2,5,1,1,0,1,5,1,1,0,5,10,1,0,0,0,1,0,6,8,5,8,3
2014.0,-44.0,1.0,0.0,3,6,0,0,0,0,2,2,1,1,0,1,2,1,1,0,5,10,1,0,0,0,2,0,4,8,5,3,3
2014.0,0.0,1.0,0.0,3,4,0,0,0,0,0,5,0,1,0,1,2,1,1,2,5,10,1,0,0,2,1,0,2,2,5,9,3
2014.0,-6.0,1.0,0.0,3,5,3,0,0,2,1,1,1,1,0,0,2,1,1,11,5,10,1,0,0,2,2,0,4,5,5,3,3
2014.0,-98.0,2.0,0.0,3,6,3,0,0,0,0,2,1,1,0,0,2,1,1,12,5,10,1,0,0,2,1,0,4,7,5,3,3
2014.0,0.0,0.0,0.0,3,1,3,0,0,0,0,9,1,1,0,0,5,1,1,12,5,10,1,0,0,2,2,0,2,2,5,3,3
2014.0,-10.0,0.0,0.0,3,6,3,0,0,0,1,7,1,1,0,0,7,1,1,12,5,10,1,0,0,2,1,0,4,7,5,9,9
2014.0,0.0,0.0,0.0,3,1,3,0,0,0,0,5,1,1,0,0,9,1,1,15,5,10,1,0,0,2,0,0,4,2,5,3,3