Year,Distance,Totalinjuries,Totalfatalities,Injuryseverity,Collisionmanner,Lightcondition,Weather,SurfaceCondition,Unittype_One,Gender_Drv1,Traveldirection_One,AlcoholUse_Drv1,DrugUse_Drv1,Unittype_Two,Gender_Drv2,Traveldirection_Two,AlcoholUse_Drv2,DrugUse_Drv2,Hour,Weekday,Month,Weekend,Rush_Hour,Hazardous_Road,Age_Group_Drv1,Age_Group_Drv2,Substance_Use,Junction_Category,Violation_Category_Drv1,Violation_Category_Drv2,Unitaction_Category_Two,Unitaction_Category_One
2014.0,162.0,0.0,0.0,3,6,3,1,0,0,1,1,1,1,0,0,1,1,1,12,6,10,1,0,0,1,1,0,6,8,5,8,3
2014.0,-50.0,0.0,0.0,3,6,3,1,0,0,0,1,1,1,0,0,1,1,1,16,6,10,1,1,0,2,1,0,2,8,5,8,8
2014.0,200.0,0.0,0.0,3,6,0,0,0,0,1,9,1,1,0,1,9,1,1,18,6,10,1,1,0,2,1,0,6,5,5,3,3
2014.0,67.0,0.0,0.0,3,6,3,0,0,0,1,5,1,1,0,1,5,1,1,7,0,10,0,1,0,1,1,0,4,7,5,3,3
2014.0,-135.0,0.0,0.0,3,1,3,0,0,0,1,5,1,1,0,1,1,1,1,7,0,10,0,1,0,2,1,0,4,2,5,3,9
2014.0,0.0,0.0,0.0,3,4,3,0,0,0,1,9,1,1,0,0,5,1,1,7,0,10,0,1,0,2,1,0,4,2,5,9,9
2014.0,151.0,0.0,0.0,3,6,3,0,0,0,1,5,1,1,0,1,5,1,1,12,0,10,0,0,0,1,2,0,6,7,5,8,3
2014.0,-155.0,3.0,0.0,3,6,3,0,0,0,0,5,1,1,0,1,5,1,1,15,0,10,0,0,0,1,2,0,6,7,5,8,3
2014.0,0.0,1.0,0.0,2,1,3,0,0,0,0,2,1,1,0,0,1,1,1,16,0,10,0,1,0,2,1,0,4,2,5,3,3
2014.0,530.0,0.0,0.0,3,4,3,0,0,0,1,6,1,1,0,0,5,1,1,17,0,10,0,1,0,1,1,0,6,2,5,3,9
2014.0,225.0,0.0,0.0,3,6,4,0,0,0,1,5,1,1,0,0,5,1,1,17,0,10,0,1,0,1,2,0,6,7,5,8,3
2014.0,-664.0,0.0,0.0,3,6,0,0,0,0,1,1,1,1,0,1,1,1,1,17,0,10,0,1,0,1,2,0,6,7,5,8,8
2014.0,-176.0,1.0,0.0,3,5,0,0,0,0,1,9,1,1,0,1,1,1,1,18,0,10,0,1,0,1,2,0,0,5,5,8,1
2014.0,150.0,0.0,0.0,3,6,4,0,0,0,1,5,1,1,0,0,5,1,1,18,0,10,0,1,0,1,1,0,4,5,5,3,3
2014.0,0.0,0.0,0.0,3,10,0,0,0,0,0,7,1,1,0,0,9,1,1,18,0,10,0,1,0,1,2,0,4,2,5,3,9
2014.0,-85.0,0.0,0.0,3,6,0,0,0,0,1,2,1,1,0,1,2,1,1,19,0,10,0,1,0,1,1,0,4,7,5,8,8
2014.0,-125.0,0.0,0.0,3,6,0,0,0,0,1,2,1,1,0,1,2,1,1,19,0,10,0,1,0,2,0,0,2,8,5,3,3
2014.0,-300.0,2.0,0.0,2,4,0,0,0,0,0,2,1,1,0,0,1,1,1,5,1,10,0,0,0,1,1,0,6,2,5,3,9
2014.0,-20.0,0.0,0.0,3,6,2,0,0,0,0,2,1,1,0,0,2,1,1,6,1,10,0,0,0,1,0,0,1,7,5,8,3
2014.0,-435.0,0.0,0.0,3,4,3,0,0,0,1,9,1,1,0,0,2,1,1,7,1,10,0,1,0,1,1,0,6,2,5,3,9
2014.0,0.0,2.0,0.0,3,6,3,0,0,0,1,2,1,1,0,1,2,1,1,7,1,10,0,1,0,1,1,0,4,7,5,8,3
2014.0,-100.0,0.0,0.0,3,1,3,0,0,0,0,1,1,1,0,1,5,1,1,13,1,10,0,0,0,1,2,0,0,2,5,3,9
2014.0,85.0,1.0,0.0,3,1,3,0,0,0,0,5,1,1,0,1,5,1,1,13,1,10,0,0,0,1,1,0,6,9,5,3,2
2014.0,-200.0,1.0,0.0,2,5,3,0,0,0,0,9,1,1,3,1,2,1,1,14,1,10,0,0,0,1,2,0,6,5,5,7,3
2014.0,-621.0,0.0,0.0,3,6,3,0,0,0,0,1,1,1,0,0,1,1,1,16,1,10,0,1,0,2,1,0,4,7,5,8,3
2014.0,0.0,2.0,0.0,2,1,3,0,0,0,0,5,1,1,0,0,9,1,1,16,1,10,0,1,0,2,1,0,4,2,5,3,9
2014.0,-48.0,0.0,0.0,3,6,3,0,0,0,0,5,1,1,0,0,5,1,1,17,1,10,0,1,0,1,1,0,6,7,5,3,2
2014.0,-100.0,0.0,0.0,3,10,4,0,0,0,1,9,1,1,0,1,9,1,1,17,1,10,0,1,0,0,1,0,6,5,5,2,5
2014.0,411.0,1.0,0.0,3,6,0,0,0,0,0,5,1,1,0,1,5,1,1,18,1,10,0,1,0,2,2,0,6,7,5,8,3
2014.0,-320.0,0.0,0.0,3,1,0,0,0,0,1,5,1,1,1,1,9,1,1,19,1,10,0,1,0,1,1,0,6,4,5,6,1
2014.0,113.0,0.0,0.0,3,6,3,0,0,0,0,1,1,1,0,0,1,1,1,8,2,10,0,1,0,2,1,0,6,7,5,8,3
2014.0,-130.0,0.0,0.0,3,5,3,0,0,0,1,9,1,1,0,1,1,1,1,10,2,10,0,0,0,2,1,0,4,5,5,8,4
2014.0,60.0,0.0,0.0,3,10,3,0,0,0,0,5,1,1,0,1,5,1,1,12,2,10,0,0,0,2,1,0,4,9,5,8,2
2014.0,-340.0,0.0,0.0,3,10,3,0,0,0,0,9,1,1,0,0,9,1,1,13,2,10,0,0,0,0,1,0,6,9,5,3,2
2014.0,-500.0,0.0,0.0,3,6,3,0,0,0,0,2,1,1,0,0,2,1,1,13,2,10,0,0,0,2,2,0,6,7,5,8,3
2014.0,600.0,0.0,0.0,3,1,3,0,0,0,0,1,1,1,0,1,5,1,1,17,2,10,0,1,0,1,1,0,6,2,5,3,9
2014.0,115.0,0.0,0.0,3,6,4,0,0,0,2,1,1,1,0,1,1,1,1,17,2,10,0,1,0,0,2,0,6,7,5,3,3
2014.0,410.0,0.0,0.0,3,6,0,0,0,0,1,1,1,1,0,1,1,1,1,17,2,10,0,1,0,1,1,0,6,7,5,8,3
2014.0,-122.0,0.0,0.0,3,6,0,0,0,0,0,5,1,1,0,1,5,1,1,18,2,10,0,1,0,1,2,0,6,7,5,8,3
2014.0,60.0,0.0,0.0,3,6,4,0,0,0,2,9,1,1,0,1,9,1,1,18,2,10,0,1,0,0,2,0,4,7,5,8,3
2014.0,80.0,1.0,0.0,3,6,0,0,0,0,0,5,1,1,0,0,5,1,1,21,2,10,0,0,0,1,2,0,4,7,5,8,3
2014.0,500.0,0.0,0.0,3,10,3,0,0,0,2,1,1,1,0,1,1,1,1,6,3,10,0,0,0,0,2,0,6,7,5,3,3
2014.0,0.0,0.0,0.0,3,6,3,0,0,0,1,2,1,1,0,1,2,1,1,7,3,10,0,1,0,1,0,0,4,7,5,8,3
2014.0,907.0,0.0,0.0,3,6,3,0,0,0,0,1,1,1,0,0,1,1,1,7,3,10,0,1,0,1,0,0,6,7,5,8,3
2014.0,-50.0,0.0,0.0,3,6,3,0,0,0,0,2,1,1,0,1,2,1,1,7,3,10,0,1,0,1,1,0,6,7,5,8,3
2014.0,-180.0,2.0,0.0,3,6,3,0,0,0,1,9,1,1,0,1,9,1,1,8,3,10,0,1,0,1,1,0,6,7,5,8,3
2014.0,-320.0,0.0,0.0,3,6,3,0,0,0,1,2,1,1,0,0,2,1,1,8,3,10,0,1,0,2,1,0,6,7,5,8,3
2014.0,-75.0,0.0,0.0,3,1,3,0,0,0,1,1,1,1,0,0,2,1,1,9,3,10,0,1,0,1,1,0,4,4,5,8,9
2014.0,0.0,0.0,0.0,3,5,3,0,0,0,1,2,1,1,0,0,2,1,1,10,3,10,0,0,0,1,1,0,1,5,5,3,3
2014.0,0.0,2.0,0.0,3,1,3,0,0,0,0,1,1,1,0,1,7,1,1,12,3,10,0,0,0,1,1,0,2,2,5,9,3
2014.0,200.0,0.0,0.0,3,10,3,0,0,0,1,2,1,1,0,1,2,1,1,15,3,10,0,0,0,2,1,0,6,9,5,3,2
2014.0,75.0,1.0,0.0,3,6,3,0,0,0,1,9,1,1,0,1,9,1,1,15,3,10,0,0,0,1,1,0,6,7,5,8,3
2014.0,-420.0,0.0,0.0,3,10,3,0,0,0,1,1,1,1,0,1,1,1,1,16,3,10,0,1,0,2,1,0,6,7,5,8,2
2014.0,-300.0,0.0,0.0,3,6,3,0,0,0,2,5,1,1,0,0,5,1,1,16,3,10,0,1,0,0,2,0,9,5,7,3,5
2014.0,220.0,0.0,0.0,3,4,3,0,0,0,0,2,1,1,0,1,5,1,1,17,3,10,0,1,0,2,2,0,6,2,5,3,9
2014.0,0.0,0.0,0.0,3,10,4,0,0,0,0,4,1,1,0,0,4,1,1,17,3,10,0,1,0,1,1,0,2,4,5,9,9
2014.0,-46.0,0.0,0.0,3,6,3,0,0,0,1,1,1,1,0,1,1,1,1,17,3,10,0,1,0,2,1,0,4,7,5,3,3
2014.0,300.0,0.0,0.0,3,1,0,0,0,0,0,2,1,1,0,1,7,1,1,18,3,10,0,1,0,1,2,0,6,2,5,3,9
2014.0,-66.0,1.0,0.0,3,6,0,0,0,0,0,1,1,1,0,0,1,1,1,18,3,10,0,1,0,1,2,0,2,7,5,8,3
2014.0,0.0,0.0,0.0,3,4,0,0,0,0,0,7,1,1,0,0,1,1,1,18,3,10,0,1,0,2,2,0,4,2,5,3,9
2014.0,200.0,1.0,1.0,0,5,3,0,0,0,1,5,1,0,3,0,5,1,1,10,4,10,0,0,0,1,1,0,6,9,5,7,2
2014.0,200.0,0.0,0.0,3,1,3,0,0,0,1,1,1,1,0,1,2,1,1,11,4,10,0,0,0,2,2,0,6,5,5,5,3
2014.0,-80.0,1.0,0.0,2,1,3,0,0,0,1,5,1,1,0,1,9,1,1,12,4,10,0,0,0,2,1,0,6,2,5,3,9
2014.0,-200.0,0.0,0.0,3,4,3,0,0,0,0,7,1,1,0,1,1,1,1,14,4,10,0,0,0,1,1,0,4,2,5,3,9
2014.0,130.0,2.0,0.0,3,4,3,0,0,0,1,4,1,1,0,0,1,1,1,15,4,10,0,0,0,0,1,0,0,2,5,3,9
2014.0,300.0,0.0,0.0,3,4,3,0,0,0,0,5,1,1,0,0,9,1,1,15,4,10,0,0,0,0,2,0,0,2,5,3,9
2014.0,237.0,0.0,0.0,3,6,3,0,0,0,1,9,1,1,0,1,9,1,1,15,4,10,0,0,0,2,1,0,6,9,5,3,2
2014.0,-150.0,2.0,0.0,3,6,3,0,0,0,0,5,1,1,0,0,5,1,1,17,4,10,0,1,0,2,1,0,6,7,5,8,3
2014.0,500.0,0.0,0.0,3,6,0,0,0,0,0,2,1,1,0,1,2,1,1,17,4,10,0,1,0,1,1,0,6,7,5,8,3
2014.0,0.0,1.0,0.0,2,1,0,0,0,0,0,9,1,1,0,0,2,1,1,18,4,10,0,1,0,1,0,0,4,2,5,3,3
2014.0,-140.0,0.0,0.0,3,6,0,0,0,0,0,2,1,1,0,1,2,1,1,21,4,10,0,0,0,2,2,0,4,7,5,3,3
2014.0,-118.0,1.0,0.0,3,4,0,0,0,0,1,5,1,1,0,1,5,1,1,21,4,10,0,0,0,2,2,0,6,4,5,3,9
2014.0,115.0,1.0,0.0,2,10,0,0,0,0,2,1,1,1,2,1,1,1,1,22,4,10,0,0,0,0,1,0,6,9,5,3,3
2014.0,-0.25,0.0,0.0,3,6,0,0,0,0,0,1,1,1,0,1,1,1,1,22,4,10,0,0,0,2,2,0,6,7,5,8,9
2014.0,-80.0,0.0,0.0,3,6,0,0,0,0,1,1,0,1,0,1,1,1,1,23,4,10,0,0,0,2,2,0,4,7,5,8,3
2014.0,-200.0,0.0,0.0,3,6,0,0,0,0,2,2,1,1,0,0,2,1,1,23,4,10,0,0,0,0,2,0,4,5,5,8,5
2014.0,370.0,0.0,0.0,3,6,0,0,0,0,0,2,1,1,0,0,2,1,1,23,4,10,0,0,0,2,2,0,6,7,5,8,3
2014.0,30.0,0.0,0.0,3,10,0,0,0,0,0,2,1,1,1,1,2,1,1,23,4,10,0,0,0,2,1,0,6,7,5,6,6
2014.0,53.0,0.0,0.0,3,6,0,0,0,0,1,9,0,1,0,1,9,1,1,0,5,11,1,0,0,2,2,0,4,7,5,8,3
2014.0,-16.0,0.0,0.0,3,1,0,0,0,0,1,4,1,1,0,1,7,1,1,1,5,11,1,0,0,1,1,0,4,2,5,9,9
2014.0,0.1,2.0,0.0,3,3,2,4,3,0,1,8,1,1,0,1,8,1,1,1,5,11,1,0,0,2,1,0,6,5,5,5,5
2014.0,300.0,0.0,0.0,3,6,0,0,0,0,0,2,1,1,0,1,2,1,1,1,5,11,1,0,0,2,2,0,6,5,5,8,8
2014.0,0.0,0.0,0.0,3,4,0,0,0,0,2,2,1,1,0,0,1,1,1,4,5,11,1,0,0,0,2,0,2,2,5,9,3
2014.0,40.0,0.0,0.0,3,6,3,0,0,0,0,1,1,1,0,1,1,1,1,11,5,11,1,0,0,0,1,0,4,7,5,3,3
2014.0,63.0,0.0,0.0,3,10,3,0,0,0,1,5,1,1,0,0,5,1,1,13,5,11,1,0,0,1,2,0,2,9,5,3,2
2014.0,-35.0,0.0,0.0,3,6,3,0,0,0,0,2,1,1,0,1,2,1,1,14,5,11,1,0,0,2,1,0,4,7,5,3,3
2014.0,-26.0,2.0,0.0,2,4,3,0,0,0,1,9,1,1,3,1,1,1,1,15,5,11,1,0,0,2,2,0,2,2,5,7,9
2014.0,0.0,0.0,0.0,3,1,3,0,0,0,1,2,1,1,0,1,9,1,1,15,5,11,1,0,0,1,2,0,4,2,5,3,3
2014.0,-80.0,0.0,0.0,3,6,3,0,0,0,0,2,1,1,0,0,2,1,1,15,5,11,1,0,0,2,1,0,4,7,5,8,3
2014.0,-500.0,1.0,0.0,3,5,3,0,0,0,1,5,1,1,2,1,9,1,1,15,5,11,1,0,0,1,1,0,0,2,5,3,9
2014.0,0.0,0.0,0.0,3,4,4,0,0,0,1,2,1,1,0,1,5,1,1,17,5,11,1,1,0,1,2,0,2,2,5,3,9
2014.0,0.0,0.0,0.0,3,6,4,0,0,0,1,4,1,1,0,0,4,1,1,17,5,11,1,1,0,0,1,0,4,7,5,8,3
2014.0,-12.0,1.0,0.0,2,5,0,0,0,3,0,9,1,1,0,1,5,1,1,18,5,11,1,1,0,2,2,0,4,5,5,3,7
2014.0,425.0,0.0,0.0,3,6,0,0,0,0,1,1,1,1,0,1,1,1,1,19,5,11,1,1,0,1,1,0,4,7,5,8,3
2014.0,10.0,0.0,0.0,3,6,0,0,0,0,2,2,1,1,0,0,2,1,1,20,5,11,1,0,0,0,1,0,4,8,5,8,3
2014.0,-62.0,0.0,0.0,3,6,0,0,0,0,0,1,1,1,0,0,1,1,1,21,5,11,1,0,0,1,1,0,4,8,5,3,3
2014.0,-60.0,3.0,0.0,3,6,0,0,0,0,1,2,1,1,0,0,2,1,1,2,6,11,1,0,0,2,2,0,4,8,5,8,3
2014.0,290.0,0.0,0.0,3,6,3,0,0,0,2,2,1,1,0,1,2,1,1,10,6,11,1,0,0,0,0,0,4,5,5,3,5
2014.0,0.0,0.0,0.0,3,4,3,0,0,0,1,5,1,1,0,1,9,1,1,16,6,11,1,1,0,0,2,0,4,2,5,3,9
2014.0,0.0,0.0,0.0,3,1,0,0,0,0,1,1,1,1,0,1,5,1,1,17,6,11,1,1,0,1,2,0,4,4,5,3,9
2014.0,-130.0,2.0,0.0,2,6,0,0,0,0,0,2,1,1,0,0,2,1,1,18,6,11,1,1,0,1,2,0,4,7,5,8,3
2014.0,40.0,2.0,0.0,1,6,0,0,0,0,2,5,1,1,0,0,5,1,1,21,6,11,1,0,0,0,1,0,4,8,5,9,9
2014.0,-400.0,0.0,0.0,3,6,0,0,0,0,1,5,1,1,0,1,5,1,1,22,6,11,1,0,0,1,2,0,0,7,5,2,3
2014.0,-40.0,0.0,0.0,3,6,3,0,0,0,1,5,1,1,0,1,5,1,1,12,0,11,0,0,0,2,1,0,4,7,5,8,8
2014.0,400.0,0.0,0.0,3,10,3,0,0,0,0,5,1,1,0,0,5,1,1,14,0,11,0,0,0,1,1,0,6,9,5,3,2
2014.0,72.0,0.0,0.0,3,10,3,0,0,0,0,5,1,1,0,1,5,1,1,16,0,11,0,1,0,0,1,0,6,9,5,3,2
2014.0,-427.0,0.0,0.0,3,1,0,0,0,0,1,4,1,1,0,0,9,1,1,18,0,11,0,1,0,1,1,0,6,4,5,3,9
2014.0,0.0,0.0,0.0,3,4,0,0,0,0,1,4,1,1,0,1,5,1,1,18,0,11,0,1,0,2,1,0,4,4,5,3,9
2014.0,80.0,0.0,0.0,3,10,0,0,0,0,0,2,1,1,0,0,2,1,1,21,0,11,0,0,0,2,2,0,4,4,5,3,9
2014.0,0.0,0.0,0.0,3,1,0,0,0,0,1,1,1,1,0,1,2,1,1,0,1,11,0,0,0,1,2,0,2,2,5,9,3
2014.0,-200.0,0.0,0.0,3,6,0,0,0,0,0,9,1,0,0,1,8,1,1,1,1,11,0,0,0,1,1,0,6,7,5,3,3
2014.0,55.0,0.0,0.0,3,6,0,0,0,0,0,5,1,1,0,0,5,1,1,5,1,11,0,0,0,1,1,0,4,7,5,3,3
2014.0,725.0,0.0,0.0,3,10,3,0,0,0,1,1,1,1,0,0,1,1,1,7,1,11,0,1,0,1,2,0,6,9,5,3,2
2014.0,-60.0,0.0,0.0,3,6,3,0,0,0,0,2,1,1,0,0,2,1,1,7,1,11,0,1,0,1,1,0,4,7,5,8,3
2014.0,431.0,0.0,0.0,3,1,3,0,0,0,0,6,1,1,0,0,9,1,1,7,1,11,0,1,0,1,2,0,6,2,5,3,9
2014.0,-10.0,0.0,0.0,3,6,3,0,0,0,2,2,1,1,0,1,2,1,1,8,1,11,0,1,0,0,1,0,4,7,5,8,3
2014.0,0.0,1.0,0.0,3,5,3,0,0,0,0,5,1,1,2,1,2,1,1,8,1,11,0,1,0,2,1,0,4,2,5,7,9
2014.0,605.0,0.0,0.0,3,6,3,0,0,0,0,9,1,1,0,0,9,1,1,8,1,11,0,1,0,2,2,0,6,7,5,8,3
2014.0,0.0,0.0,0.0,3,4,3,0,0,0,1,1,1,1,0,1,9,1,1,8,1,11,0,1,0,2,1,0,4,2,5,3,9
2014.0,0.0,0.0,0.0,3,1,3,0,0,0,0,9,1,1,0,0,1,1,1,11,1,11,0,0,0,2,2,0,4,4,5,3,9
2014.0,-153.0,0.0,0.0,3,10,3,0,0,0,0,2,1,1,0,1,2,1,1,11,1,11,0,0,0,1,1,0,6,9,5,3,2
2014.0,0.0,1.0,0.0,3,4,3,0,0,0,1,7,1,1,0,0,1,1,1,12,1,11,0,0,0,2,2,0,4,2,5,3,9
2014.0,150.0,0.0,0.0,3,6,3,0,0,0,1,5,1,1,0,1,5,1,1,12,1,11,0,0,0,1,1,0,4,7,5,8,3
2014.0,-190.0,2.0,0.0,3,6,3,0,0,0,0,1,1,1,0,0,1,1,1,13,1,11,0,0,0,2,0,0,4,7,5,8,3
2014.0,180.0,0.0,0.0,3,3,3,0,0,0,0,1,1,1,1,1,1,1,1,13,1,11,0,0,0,2,1,0,6,7,5,6,0
2014.0,-665.0,1.0,0.0,3,10,3,0,0,0,1,2,1,1,0,0,2,1,1,14,1,11,0,0,0,1,0,0,6,9,5,3,2
2014.0,30.0,0.0,0.0,3,10,3,0,0,0,0,2,1,1,1,1,8,1,1,14,1,11,0,0,0,1,0,0,6,4,5,6,9
2014.0,550.0,0.0,0.0,3,6,3,0,0,0,0,5,1,1,0,0,5,1,1,15,1,11,0,0,0,1,1,0,6,7,5,8,3
2014.0,0.0,0.0,0.0,3,1,3,0,0,0,1,9,1,1,0,1,5,1,1,16,1,11,0,1,0,2,1,0,4,7,5,3,3
2014.0,-598.0,1.0,0.0,3,6,3,0,0,0,1,2,1,1,0,0,2,1,1,16,1,11,0,1,0,2,1,0,6,7,5,8,3
2014.0,-850.0,0.0,0.0,3,10,3,0,0,0,1,2,1,1,0,1,2,1,1,16,1,11,0,1,0,2,1,0,6,9,5,3,2
2014.0,-250.0,0.0,0.0,3,1,2,0,0,0,1,2,1,1,0,0,1,1,1,17,1,11,0,1,0,2,1,0,6,5,5,3,9
2014.0,-200.0,0.0,0.0,3,6,4,0,0,0,1,5,1,1,0,1,5,1,1,17,1,11,0,1,0,2,1,0,6,7,5,8,3
2014.0,-240.0,0.0,0.0,3,6,3,0,0,0,1,1,1,1,0,0,1,1,1,17,1,11,0,1,0,0,1,0,6,8,5,8,3
2014.0,-200.0,1.0,0.0,3,3,0,0,0,0,0,2,0,0,0,0,5,1,1,0,2,11,0,0,0,2,1,0,6,7,5,3,3
2014.0,-583.0,1.0,0.0,3,6,3,0,0,0,0,9,1,1,0,0,9,1,1,7,2,11,0,1,0,1,1,0,6,7,5,8,3
2014.0,-130.0,0.0,0.0,3,10,3,0,0,0,0,1,1,1,0,0,1,1,1,8,2,11,0,1,0,1,1,0,6,5,5,5,5
2014.0,98.0,1.0,0.0,3,6,3,0,0,0,0,9,1,1,0,1,9,1,1,8,2,11,0,1,0,2,1,0,4,7,5,3,3
2014.0,0.0,1.0,0.0,3,1,3,0,0,0,1,9,1,1,0,0,5,1,1,8,2,11,0,1,0,2,1,0,4,2,5,3,3
2014.0,800.0,0.0,0.0,3,6,3,0,0,0,1,5,1,1,0,0,5,1,1,13,2,11,0,0,0,1,2,0,6,7,5,8,3
2014.0,343.0,1.0,0.0,3,6,3,0,0,0,1,1,1,1,0,1,1,1,1,16,2,11,0,1,0,2,1,0,6,7,5,8,3
2014.0,0.0,2.0,0.0,2,1,3,0,0,0,1,5,1,1,0,1,9,1,1,16,2,11,0,1,0,2,2,0,4,2,5,3,3
2014.0,0.0,0.0,0.0,3,10,0,0,0,0,0,1,1,1,0,0,1,1,1,18,2,11,0,1,0,1,0,0,2,9,5,3,2
2014.0,0.0,0.0,0.0,3,4,3,0,0,0,0,1,1,1,0,1,9,1,1,18,2,11,0,1,0,1,1,0,2,2,5,3,9
2014.0,200.0,0.0,0.0,3,10,0,0,0,0,1,1,1,1,0,0,1,1,1,18,2,11,0,1,0,1,1,0,6,9,5,3,3
2014.0,0.0,1.0,0.0,3,1,3,0,0,0,1,5,0,1,0,0,1,1,1,7,3,11,0,1,0,2,1,0,4,2,5,3,3
2014.0,0.0,0.0,0.0,3,4,3,0,0,0,0,3,1,1,0,1,9,1,1,7,3,11,0,1,0,0,2,0,4,2,5,3,9
2014.0,0.0,0.0,0.0,3,10,3,0,0,0,0,3,1,1,0,1,2,1,1,7,3,11,0,1,0,2,1,0,4,4,5,9,9
2014.0,-149.0,0.0,0.0,3,6,3,0,0,0,0,9,1,1,0,1,9,1,1,8,3,11,0,1,0,2,2,0,6,7,5,8,3
2014.0,0.0,0.0,0.0,3,4,3,0,0,0,1,9,1,1,0,0,1,1,1,9,3,11,0,1,0,1,1,0,4,2,5,3,9
2014.0,-120.0,0.0,0.0,3,6,3,0,0,0,1,5,1,1,0,1,5,1,1,11,3,11,0,0,0,2,2,0,6,7,5,8,3
2014.0,75.0,0.0,0.0,3,10,3,0,0,0,1,5,1,1,0,1,5,1,1,12,3,11,0,0,0,0,2,0,6,5,5,3,5
2014.0,0.0,0.0,0.0,3,4,3,0,0,0,0,2,1,1,0,1,1,1,1,13,3,11,0,0,0,1,0,0,4,5,5,3,9
2014.0,0.0,2.0,0.0,3,1,3,0,0,0,1,5,1,1,0,1,1,1,1,13,3,11,0,0,0,2,1,0,4,2,5,3,3
2014.0,-200.0,0.0,0.0,3,1,3,0,0,0,2,2,1,1,2,1,9,1,1,14,3,11,0,0,0,0,2,0,6,7,5,3,3
2014.0,0.1,0.0,0.0,3,1,4,0,0,0,1,1,1,1,0,0,5,1,1,17,3,11,0,1,0,1,1,0,6,7,5,9,3
2014.0,-265.0,1.0,0.0,2,6,3,0,0,0,1,2,1,1,0,0,2,1,1,17,3,11,0,1,0,1,2,0,6,7,5,8,3
2014.0,0.0,0.0,0.0,3,10,0,0,0,0,1,1,1,1,0,1,1,1,1,18,3,11,0,1,0,1,1,0,2,0,5,9,9
2014.0,672.0,0.0,0.0,3,6,4,0,0,0,1,1,1,1,0,1,1,1,1,18,3,11,0,1,0,2,1,0,6,7,5,8,3
2014.0,121.0,0.0,0.0,3,1,0,0,0,0,1,5,1,1,0,0,5,1,1,18,3,11,0,1,0,1,1,0,4,9,5,3,2
2014.0,0.0,1.0,0.0,2,1,0,0,0,0,1,1,1,1,2,1,5,1,1,18,3,11,0,1,0,1,1,0,4,2,5,3,9
2014.0,152.0,1.0,0.0,3,6,0,0,0,0,1,1,1,1,0,1,1,1,1,19,3,11,0,1,0,1,2,0,6,7,5,8,3
2014.0,-80.0,1.0,0.0,3,6,0,0,0,0,0,1,1,1,0,1,1,1,1,19,3,11,0,1,0,2,2,0,4,7,5,8,3
2014.0,-60.0,0.0,0.0,3,6,0,0,0,0,0,1,1,1,0,1,1,1,1,20,3,11,0,0,0,1,1,0,4,7,5,8,3
2014.0,85.0,0.0,0.0,3,6,3,0,0,0,1,9,1,1,0,0,9,1,1,7,4,11,0,1,0,1,1,0,4,7,5,8,8
2014.0,285.0,0.0,0.0,3,1,3,0,0,0,1,7,1,1,0,0,9,1,1,8,4,11,0,1,0,2,1,0,6,2,5,3,9
2014.0,0.0,0.0,0.0,3,10,3,4,0,0,0,5,1,1,0,0,5,1,1,9,4,11,0,1,0,2,1,0,2,2,5,5,5
2014.0,0.0,4.0,0.0,2,4,3,0,0,0,1,4,1,1,0,1,5,1,1,11,4,11,0,0,0,2,1,0,4,5,5,3,9
2014.0,-347.0,0.0,0.0,3,10,3,0,0,0,1,1,1,1,0,0,1,1,1,12,4,11,0,0,0,1,1,0,4,9,5,3,2
2014.0,-963.0,1.0,0.0,3,6,3,0,0,0,1,2,1,1,0,1,2,1,1,14,4,11,0,0,0,2,2,0,6,7,5,8,8
2014.0,973.0,0.0,0.0,3,4,3,0,0,0,0,4,1,1,0,1,9,1,1,14,4,11,0,0,0,2,2,0,6,2,5,3,9
2014.0,-150.0,0.0,0.0,3,10,3,0,0,0,1,1,1,1,0,1,1,1,1,14,4,11,0,0,0,1,1,0,2,5,5,5,2
2014.0,-5.0,1.0,0.0,3,5,2,0,0,0,1,5,1,1,3,1,1,1,1,16,4,11,0,1,0,2,2,0,4,2,5,7,9
2014.0,0.0,2.0,0.0,2,4,3,0,0,0,1,5,1,1,0,0,2,1,1,16,4,11,0,1,0,1,2,0,4,2,5,3,9
2014.0,511.0,0.0,0.0,3,4,3,0,0,0,1,1,1,1,0,1,5,1,1,17,4,11,0,1,0,2,2,0,6,2,5,3,9
2014.0,-215.0,0.0,0.0,3,6,4,0,0,0,1,2,1,1,0,1,2,1,1,17,4,11,0,1,0,1,2,0,6,7,5,8,8
2014.0,0.0,0.0,0.0,3,4,4,0,0,0,0,9,1,1,0,1,1,1,1,17,4,11,0,1,0,2,1,0,4,2,5,3,9
2014.0,872.0,0.0,0.0,3,6,0,0,0,0,2,5,1,1,0,0,5,1,1,18,4,11,0,1,0,0,1,0,6,7,5,8,3
2014.0,0.0,0.0,0.0,3,1,0,0,0,0,0,1,1,1,0,0,5,1,1,20,4,11,0,0,0,1,1,0,4,2,5,3,3
2014.0,20.0,0.0,0.0,3,6,0,0,0,0,1,5,1,1,0,1,5,1,1,6,5,11,1,0,0,1,2,0,4,7,5,8,3
2014.0,125.0,0.0,0.0,3,6,3,0,0,0,1,5,1,1,0,1,5,1,1,10,5,11,1,0,0,1,1,0,4,7,5,8,3