Year,Distance,Totalinjuries,Totalfatalities,Injuryseverity,Collisionmanner,Lightcondition,Weather,SurfaceCondition,Unittype_One,Gender_Drv1,Traveldirection_One,AlcoholUse_Drv1,DrugUse_Drv1,Unittype_Two,Gender_Drv2,Traveldirection_Two,AlcoholUse_Drv2,DrugUse_Drv2,Hour,Weekday,Month,Weekend,Rush_Hour,Hazardous_Road,Age_Group_Drv1,Age_Group_Drv2,Substance_Use,Junction_Category,Violation_Category_Drv1,Violation_Category_Drv2,Unitaction_Category_Two,Unitaction_Category_One
2014.0,0.0,0.0,0.0,3,4,3,0,0,0,0,2,1,1,0,0,5,1,1,10,5,11,1,0,0,1,1,0,4,4,5,3,9
2014.0,-80.0,0.0,0.0,3,1,3,0,0,0,1,5,1,1,0,1,5,1,1,11,5,11,1,0,0,0,1,0,6,4,5,3,9
2014.0,-80.0,0.0,0.0,3,6,3,0,0,0,0,2,1,1,0,1,2,1,1,12,5,11,1,0,0,2,2,0,4,7,5,8,3
2014.0,20.0,0.0,0.0,3,1,3,0,0,0,1,3,1,1,0,1,1,1,1,14,5,11,1,0,0,1,1,0,6,9,9,8,8
2014.0,100.0,0.0,0.0,3,4,3,0,0,0,0,1,1,1,0,1,2,1,1,16,5,11,1,1,0,1,0,0,6,4,5,3,9
2014.0,-700.0,0.0,0.0,3,8,4,0,0,0,2,8,1,1,1,1,1,1,1,16,5,11,1,1,0,0,1,0,6,7,5,6,1
2014.0,-177.0,0.0,0.0,3,6,0,0,0,0,0,5,1,1,0,0,5,1,1,18,5,11,1,1,0,1,2,0,6,7,5,8,8
2014.0,90.0,0.0,0.0,3,6,0,0,0,0,2,9,1,1,0,0,9,1,1,19,5,11,1,1,0,0,1,0,4,7,5,8,3
2014.0,-20.0,0.0,0.0,3,6,0,0,0,0,1,2,0,1,0,1,2,1,1,1,6,11,1,0,0,2,1,0,4,7,5,3,3
2014.0,312.0,0.0,0.0,3,9,3,0,0,0,1,5,1,1,0,0,9,1,1,14,6,11,1,0,0,2,1,0,6,2,5,3,9
2014.0,-10.0,1.0,0.0,2,5,3,0,0,2,1,2,1,1,0,0,1,1,1,15,6,11,1,0,0,2,2,0,4,2,5,9,7
2014.0,0.0,0.0,0.0,3,1,3,0,0,0,1,9,1,1,0,1,5,1,1,15,6,11,1,0,0,2,1,0,4,2,5,9,3
2014.0,0.0,0.0,0.0,3,12,0,4,3,0,2,8,1,1,1,1,9,1,1,15,6,11,1,0,0,0,1,0,8,5,5,8,5
2014.0,-30.0,0.0,0.0,3,1,3,0,0,2,1,9,1,1,0,1,2,1,1,15,6,11,1,0,0,2,1,0,6,9,5,9,3
2014.0,0.0,0.0,0.0,3,4,3,0,0,0,0,1,1,1,0,0,9,1,1,7,0,11,0,1,0,2,1,0,4,2,5,3,9
2014.0,-50.0,0.0,0.0,3,6,3,0,0,0,1,1,1,1,0,0,1,1,1,7,0,11,0,1,0,1,2,0,4,7,5,8,3
2014.0,0.1,0.0,0.0,3,6,3,0,0,0,1,9,1,1,0,1,9,1,1,8,0,11,0,1,0,1,0,0,6,7,5,8,3
2014.0,0.0,0.0,0.0,3,4,3,0,0,0,0,9,1,1,0,1,1,1,1,10,0,11,0,0,0,0,2,0,4,2,2,9,3
2014.0,66.0,2.0,0.0,2,6,3,0,0,0,1,5,1,1,0,0,5,1,1,10,0,11,0,0,0,1,2,0,6,7,5,8,3
2014.0,-200.0,0.0,0.0,3,6,3,0,0,0,1,5,1,1,0,1,5,1,1,11,0,11,0,0,0,0,1,0,6,7,9,3,3
2014.0,0.0,0.0,0.0,3,4,3,0,0,0,1,3,1,1,0,1,9,1,1,11,0,11,0,0,0,0,1,0,4,2,5,3,9
2014.0,-23.0,0.0,0.0,3,6,3,0,0,0,1,2,1,1,0,1,2,1,1,13,0,11,0,0,0,1,2,0,4,7,5,8,3
2014.0,300.0,0.0,0.0,3,6,3,0,0,0,1,5,1,1,0,0,5,1,1,15,0,11,0,0,0,2,0,0,4,8,5,8,3
2014.0,0.15,0.0,0.0,3,1,3,0,0,0,0,2,1,1,2,1,1,1,1,15,0,11,0,0,0,1,2,0,0,2,5,3,9
2014.0,0.0,1.0,0.0,3,4,0,0,0,0,1,3,0,1,0,1,9,1,1,21,0,11,0,0,0,1,2,0,4,2,5,3,9
2014.0,222.0,0.0,0.0,3,10,0,0,0,0,1,2,1,1,1,1,2,1,1,22,0,11,0,0,0,2,1,0,6,4,5,6,2
2014.0,0.0,0.0,0.0,3,1,0,0,0,0,1,1,1,1,0,0,5,1,1,23,0,11,0,0,0,0,2,0,4,2,5,3,3
2014.0,0.0,0.0,0.0,3,4,0,0,0,0,1,9,1,1,0,1,1,1,1,5,1,11,0,0,0,1,2,0,4,2,5,3,9
2014.0,0.0,0.0,0.0,3,1,3,0,0,0,1,3,1,1,0,1,5,1,1,7,1,11,0,1,0,1,2,0,4,5,5,3,9
2014.0,800.0,0.0,0.0,3,10,3,0,0,0,2,2,1,1,0,0,2,1,1,8,1,11,0,1,0,0,2,0,6,9,5,2,2
2014.0,0.0,0.0,0.0,3,4,3,0,0,0,0,3,1,1,0,1,9,1,1,8,1,11,0,1,0,1,1,0,4,5,5,3,9
2014.0,310.0,0.0,0.0,3,6,3,0,0,0,0,9,1,1,0,1,9,1,1,14,1,11,0,0,0,1,1,0,0,2,5,3,9
2014.0,-300.0,0.0,0.0,3,4,3,0,0,0,1,2,1,1,0,0,9,1,1,14,1,11,0,0,0,2,2,0,4,2,5,9,3
2014.0,0.0,0.0,0.0,3,4,3,0,0,0,1,3,1,1,0,1,3,1,1,16,1,11,0,1,0,1,1,0,2,5,5,9,9
2014.0,-285.0,0.0,0.0,3,6,4,0,0,0,0,1,1,1,0,1,1,1,1,17,1,11,0,1,0,1,2,0,6,7,5,8,3
2014.0,-309.0,0.0,0.0,3,6,0,0,0,0,0,1,1,1,0,1,1,1,1,18,1,11,0,1,0,2,2,0,6,7,5,8,3
2014.0,0.0,0.0,0.0,3,10,4,0,0,0,0,7,1,1,0,0,7,1,1,18,1,11,0,1,0,0,1,0,2,5,5,8,1
2014.0,0.0,0.0,0.0,3,4,0,0,0,0,1,1,1,1,0,1,2,1,1,19,1,11,0,1,0,2,2,0,4,2,5,5,5
2014.0,135.0,1.0,0.0,3,7,1,0,0,0,0,2,1,1,1,1,8,1,1,20,1,11,0,0,0,1,1,0,6,1,5,6,1
2014.0,-110.0,0.0,0.0,3,6,0,0,0,0,0,2,1,1,0,1,2,1,1,21,1,11,0,0,0,2,2,0,4,7,5,8,3
2014.0,44.0,0.0,0.0,3,6,3,0,0,0,1,9,1,1,0,0,9,1,1,7,2,11,0,1,0,1,1,0,4,7,5,8,3
2014.0,0.0,0.0,0.0,3,1,3,0,0,0,1,1,1,1,0,0,2,1,1,10,2,11,0,0,0,0,1,0,2,2,5,9,3
2014.0,85.0,1.0,0.0,3,6,3,0,0,0,0,9,1,1,0,0,9,1,1,11,2,11,0,0,0,2,1,0,4,7,5,8,3
2014.0,-390.0,0.0,0.0,3,1,3,0,0,0,0,6,1,1,0,1,5,1,1,14,2,11,0,0,0,1,2,0,6,2,5,3,9
2014.0,0.0,2.0,0.0,2,4,3,0,0,0,0,2,1,1,0,0,1,1,1,15,2,11,0,0,0,1,0,0,4,5,5,9,3
2014.0,191.0,0.0,0.0,3,6,3,0,0,0,0,1,1,1,0,1,1,1,1,16,2,11,0,1,0,1,2,0,6,7,5,9,3
2014.0,-264.0,0.0,0.0,3,6,3,0,0,0,1,2,1,1,0,0,2,1,1,16,2,11,0,1,0,1,2,0,3,7,5,8,8
2014.0,0.0,2.0,0.0,3,4,3,0,0,0,0,3,1,1,0,1,5,1,1,16,2,11,0,1,0,1,1,0,4,2,5,9,9
2014.0,-51.0,1.0,0.0,2,4,3,0,0,2,1,1,1,1,0,1,5,1,1,16,2,11,0,1,0,1,2,0,4,2,5,9,7
2014.0,150.0,0.0,0.0,3,1,3,0,0,0,0,5,1,1,0,0,5,1,1,17,2,11,0,1,0,1,1,0,6,5,5,3,9
2014.0,-16.0,0.0,0.0,3,6,0,0,0,0,1,2,1,1,0,0,2,1,1,20,2,11,0,0,0,1,2,0,4,7,5,8,3
2014.0,0.0,0.0,0.0,3,1,0,0,0,0,1,1,1,1,0,0,9,1,1,22,2,11,0,0,0,0,2,0,4,5,5,9,9
2014.0,-785.0,0.0,0.0,3,6,0,0,0,0,1,9,1,1,0,1,9,1,1,23,2,11,0,0,0,2,2,0,6,7,5,8,3
2014.0,77.0,0.0,0.0,3,6,0,0,0,0,1,5,1,1,0,1,5,1,1,1,3,11,0,0,0,1,1,0,4,7,5,8,3
2014.0,0.0,1.0,0.0,3,1,3,0,0,0,1,5,1,1,0,1,9,1,1,6,3,11,0,0,0,1,1,0,4,5,5,9,3
2014.0,80.0,0.0,0.0,3,6,3,0,0,0,0,9,1,1,0,0,9,1,1,7,3,11,0,1,0,1,1,0,4,8,5,8,3
2014.0,0.0,0.0,0.0,3,4,3,0,0,0,0,9,1,1,0,1,1,1,1,7,3,11,0,1,0,2,0,0,4,2,5,3,9
2014.0,110.0,0.0,0.0,3,6,3,0,0,0,0,5,1,1,0,1,5,1,1,8,3,11,0,1,0,1,1,0,4,7,5,8,3
2014.0,-1200.0,1.0,0.0,2,6,3,0,0,0,1,5,1,1,0,0,5,1,1,8,3,11,0,1,0,1,1,0,4,7,5,8,3
2014.0,0.0,1.0,0.0,1,10,3,0,0,2,0,2,1,1,0,1,2,1,1,9,3,11,0,1,0,0,1,0,4,4,5,3,9
2014.0,215.0,1.0,0.0,2,5,3,0,0,2,1,5,1,1,0,0,9,1,1,10,3,11,0,0,0,0,1,0,0,9,5,9,3
2014.0,-560.0,0.0,0.0,3,6,3,0,0,0,0,1,1,1,0,1,1,1,1,13,3,11,0,0,0,1,0,0,6,7,5,8,3
2014.0,-140.0,1.0,0.0,3,6,3,0,0,0,1,2,1,1,0,1,2,1,1,15,3,11,0,0,0,2,1,0,4,7,5,8,3
2014.0,-5.0,0.0,0.0,3,5,3,0,0,0,2,5,1,1,2,0,5,1,1,16,3,11,0,1,0,0,2,0,4,4,5,9,9
2014.0,0.0,1.0,0.0,3,4,4,0,0,0,0,7,1,1,0,0,1,1,1,16,3,11,0,1,0,2,2,0,6,2,5,3,9
2014.0,70.0,0.0,0.0,3,6,4,0,0,0,0,5,1,1,0,1,5,1,1,17,3,11,0,1,0,2,1,0,6,7,5,8,3
2014.0,0.0,2.0,0.0,2,4,4,0,0,0,0,5,1,1,0,0,2,1,1,17,3,11,0,1,0,2,2,0,4,2,5,3,9
2014.0,0.0,0.0,0.0,3,1,0,0,0,0,1,5,1,1,0,1,2,1,1,18,3,11,0,1,0,1,2,0,4,2,5,3,9
2014.0,0.0,1.0,0.0,2,5,0,0,0,0,1,5,1,1,2,1,5,1,1,19,3,11,0,1,0,1,1,0,4,2,5,3,9
2014.0,397.0,2.0,0.0,2,10,0,0,0,0,1,9,1,1,0,1,9,1,1,20,3,11,0,0,0,1,2,0,6,7,5,8,3
2014.0,-71.0,0.0,0.0,3,6,0,0,0,0,1,1,1,1,0,1,1,1,1,20,3,11,0,0,0,1,1,0,4,7,5,8,8
2014.0,75.0,0.0,0.0,3,6,0,0,0,0,0,1,1,1,0,1,9,1,1,21,3,11,0,0,0,1,1,0,4,5,5,8,1
2014.0,0.0,0.0,0.0,3,1,3,0,0,0,1,1,1,1,0,1,2,1,1,8,4,11,0,1,0,1,0,0,2,2,5,3,3
2014.0,100.0,0.0,0.0,3,1,3,0,0,0,1,5,1,1,0,1,9,1,1,8,4,11,0,1,0,1,0,0,0,2,5,3,3
2014.0,-415.0,0.0,0.0,3,6,3,0,0,0,1,2,1,1,0,1,2,1,1,9,4,11,0,1,0,2,2,0,4,7,5,8,3
2014.0,50.0,1.0,0.0,1,4,3,1,0,2,1,9,1,1,0,1,2,1,1,10,4,11,0,0,0,2,2,0,4,2,5,9,7
2014.0,35.0,2.0,0.0,3,6,3,0,0,0,0,9,1,1,0,0,9,1,1,10,4,11,0,0,0,2,2,0,4,7,5,8,3
2014.0,-800.0,0.0,0.0,3,6,3,0,0,0,0,5,1,1,0,1,5,1,1,11,4,11,0,0,0,2,2,0,6,7,5,8,3
2014.0,-153.0,0.0,0.0,3,6,3,0,0,0,1,9,1,1,0,1,9,1,1,15,4,11,0,0,0,2,2,0,6,7,5,8,8
2014.0,205.0,1.0,0.0,3,6,3,0,0,0,0,9,1,1,0,1,9,1,1,15,4,11,0,0,0,1,0,0,6,7,5,8,3
2014.0,20.0,0.0,0.0,3,6,3,1,0,0,0,5,1,1,0,0,5,1,1,15,4,11,0,0,0,1,0,0,4,7,5,8,3
2014.0,0.0,1.0,0.0,3,4,3,0,0,0,0,1,1,1,0,0,9,1,1,15,4,11,0,0,0,0,1,0,4,2,5,3,9
2014.0,25.0,2.0,0.0,2,4,3,0,0,0,1,6,1,1,0,1,4,1,1,15,4,11,0,0,0,1,1,0,4,2,5,3,9
2014.0,-164.0,2.0,0.0,1,6,3,0,0,0,1,2,1,0,0,0,2,1,1,15,4,11,0,0,0,1,2,0,4,7,5,8,3
2014.0,300.0,0.0,0.0,3,1,3,0,0,0,1,6,1,1,0,1,9,1,1,16,4,11,0,1,0,1,2,0,6,2,5,3,5
2014.0,0.0,1.0,0.0,3,4,4,0,0,0,0,2,1,1,0,1,5,1,1,17,4,11,0,1,0,2,1,0,4,2,5,3,9
2014.0,-754.0,0.0,0.0,3,6,0,0,0,0,0,2,1,1,0,1,2,1,1,18,4,11,0,1,0,2,1,0,6,7,5,8,3
2014.0,0.0,1.0,0.0,2,4,0,0,0,0,0,9,1,1,0,0,5,1,1,19,4,11,0,1,0,1,2,0,4,2,5,3,9
2014.0,34.0,0.0,0.0,3,6,0,0,0,0,2,1,1,1,0,0,1,1,1,20,4,11,0,0,0,0,2,0,6,5,5,6,5
2014.0,-80.0,0.0,0.0,3,10,0,0,0,0,2,1,1,1,0,1,1,1,1,0,5,11,1,0,0,0,2,0,4,9,5,3,2
2014.0,71.0,2.0,0.0,3,6,0,0,0,0,0,5,1,1,0,1,5,1,1,2,5,11,1,0,0,2,2,0,4,7,5,8,3
2014.0,0.0,0.0,0.0,3,6,0,0,0,0,0,5,0,1,0,1,5,1,1,2,5,11,1,0,0,1,1,0,4,7,5,8,3
2014.0,-92.0,0.0,0.0,3,6,3,0,0,0,1,5,1,1,0,1,5,1,1,8,5,11,1,1,0,1,2,0,4,7,5,8,3
2014.0,-38.0,0.0,0.0,3,6,3,0,0,0,0,2,1,1,0,1,2,1,1,10,5,11,1,0,0,1,1,0,4,7,5,8,3
2014.0,220.0,0.0,0.0,3,1,3,0,0,0,1,2,1,1,0,1,9,1,1,16,5,11,1,1,0,1,2,0,6,2,5,3,9
2014.0,-80.0,4.0,0.0,1,6,0,0,0,0,1,1,1,1,0,0,1,1,1,21,5,11,1,0,0,1,2,0,4,7,5,8,3
2014.0,-223.0,0.0,0.0,3,5,0,0,0,0,2,5,1,1,1,1,2,1,1,23,5,11,1,0,0,0,1,0,6,5,5,6,1
2014.0,0.0,0.0,0.0,3,1,0,0,0,0,0,9,1,1,0,0,5,1,1,0,6,11,1,0,0,1,2,0,4,5,5,3,3
2014.0,0.0,1.0,0.0,3,1,0,0,0,0,0,9,0,1,0,1,5,1,1,1,6,11,1,0,0,2,1,0,4,7,5,3,3
2014.0,-75.0,0.0,0.0,3,6,3,0,0,0,1,2,0,1,0,1,2,1,1,9,6,11,1,1,0,2,1,0,4,7,5,8,3
2014.0,-625.0,0.0,0.0,3,1,3,0,0,0,1,2,1,1,0,1,9,1,1,14,6,11,1,0,0,1,1,0,6,2,5,3,5
2014.0,200.0,0.0,0.0,3,6,3,0,0,0,1,9,1,1,0,1,9,1,1,15,6,11,1,0,0,2,2,0,6,7,5,8,3
2014.0,-15.0,0.0,0.0,3,1,3,0,0,0,1,9,1,1,0,1,9,1,1,16,6,11,1,1,0,1,1,0,4,4,5,3,9
2014.0,0.0,1.0,0.0,3,4,0,0,0,0,0,2,1,1,0,0,5,1,1,17,6,11,1,1,0,2,1,0,2,5,5,9,3
2014.0,0.0,0.0,0.0,3,10,0,0,0,0,0,4,1,1,0,1,4,1,1,18,6,11,1,1,0,1,2,0,2,9,5,9,9
2014.0,0.0,2.0,0.0,1,1,0,0,0,0,1,5,0,1,0,0,9,1,1,19,6,11,1,1,0,2,1,0,4,2,5,3,3
2014.0,75.0,0.0,0.0,3,6,3,0,0,0,1,5,1,1,0,0,5,1,1,6,0,11,0,0,0,1,1,0,6,7,5,8,3
2014.0,-626.0,1.0,0.0,3,6,2,0,0,0,1,9,1,1,0,0,9,1,1,7,0,11,0,1,0,1,1,0,6,7,5,8,3
2014.0,0.0,0.0,0.0,3,10,3,0,0,0,0,6,1,1,0,1,6,1,1,11,0,11,0,0,0,0,1,0,4,5,5,9,9
2014.0,-50.0,0.0,0.0,3,6,3,0,0,0,0,1,1,1,0,0,1,1,1,12,0,11,0,0,0,1,0,0,4,7,5,8,3
2014.0,0.0,3.0,0.0,2,1,3,0,0,0,0,9,1,1,0,1,2,1,1,13,0,11,0,0,0,0,0,0,4,2,5,3,3
2014.0,-100.0,2.0,0.0,2,6,3,0,0,0,1,1,1,1,0,0,1,1,1,13,0,11,0,0,0,1,1,0,6,7,5,8,0
2014.0,-700.0,1.0,0.0,3,5,3,0,0,0,1,9,1,1,0,1,1,1,1,16,0,11,0,1,0,0,2,0,6,5,5,3,9
2014.0,0.0,2.0,0.0,1,4,3,0,0,0,0,7,1,1,0,0,1,1,1,16,0,11,0,1,0,1,1,0,4,5,5,3,9
2014.0,60.0,1.0,0.0,3,1,3,0,0,0,1,2,1,1,2,1,2,1,1,16,0,11,0,1,0,1,2,0,4,2,5,3,9
2014.0,-190.0,0.0,0.0,3,4,4,0,0,0,1,9,1,1,0,0,1,1,1,16,0,11,0,1,0,2,1,0,0,2,5,3,9
2014.0,-32.0,3.0,0.0,2,6,0,0,0,0,1,5,1,1,0,0,5,1,1,17,0,11,0,1,0,1,0,0,6,7,5,3,3
2014.0,-180.0,1.0,0.0,2,6,4,0,0,0,1,5,1,1,0,0,5,1,1,17,0,11,0,1,0,1,1,0,4,7,5,8,3
2014.0,75.0,0.0,0.0,3,12,3,4,3,0,2,8,1,1,1,1,9,1,1,18,0,11,0,1,0,0,1,0,6,5,5,6,5
2014.0,0.0,0.0,0.0,3,1,0,0,0,0,1,1,1,1,0,0,2,1,1,18,0,11,0,1,0,2,1,0,2,2,5,3,3
2014.0,205.0,0.0,0.0,3,10,0,0,0,0,0,9,1,1,0,1,9,1,1,18,0,11,0,1,0,1,1,0,6,5,5,2,2
2014.0,-101.0,0.0,0.0,3,4,0,0,0,0,0,5,1,1,0,1,9,1,1,20,0,11,0,0,0,1,2,0,0,2,5,3,9
2014.0,0.0,0.0,0.0,3,1,0,0,0,0,0,2,1,1,0,1,1,1,1,0,1,11,0,0,0,1,2,0,2,2,5,3,3
2014.0,0.0,0.0,0.0,3,4,0,0,0,0,0,5,1,1,0,1,1,1,1,5,1,11,0,0,0,1,1,0,4,2,5,3,9
2014.0,0.0,0.0,0.0,3,6,3,0,0,0,0,5,1,1,0,0,5,1,1,8,1,11,0,1,0,2,1,0,4,9,5,3,9
2014.0,-204.0,0.0,0.0,3,10,3,0,0,0,1,5,1,1,0,1,5,1,1,9,1,11,0,1,0,1,1,0,4,2,5,3,9
2014.0,-170.0,1.0,0.0,3,8,3,0,0,0,0,2,1,1,0,1,2,1,1,10,1,11,0,0,0,1,1,0,4,7,5,8,3
2014.0,220.0,0.0,0.0,3,10,3,0,0,0,2,5,1,1,0,0,5,1,1,12,1,11,0,0,0,0,2,0,6,9,5,3,2
2014.0,238.0,1.0,0.0,2,6,3,0,0,0,0,2,1,1,0,1,2,1,1,12,1,11,0,0,0,1,1,0,6,7,5,8,3
2014.0,0.0,0.0,0.0,3,1,3,0,0,0,0,2,1,1,0,1,1,1,1,13,1,11,0,0,0,2,2,0,4,2,5,3,9
2014.0,-65.0,0.0,0.0,3,6,3,0,0,0,0,1,1,1,0,1,1,1,1,13,1,11,0,0,0,1,2,0,4,7,5,8,3
2014.0,0.0,1.0,0.0,1,1,3,0,0,0,1,5,1,1,1,1,0,1,1,14,1,11,0,0,0,2,1,0,4,7,5,6,9
2014.0,350.0,0.0,0.0,3,1,3,0,0,0,1,2,1,1,0,0,9,1,1,14,1,11,0,0,0,1,2,0,0,7,5,3,9
2014.0,-63.0,1.0,0.0,3,6,3,0,0,0,0,1,1,1,0,1,1,1,1,14,1,11,0,0,0,0,1,0,4,7,5,8,3
2014.0,462.0,0.0,0.0,3,4,3,0,0,0,0,2,1,1,0,0,5,1,1,16,1,11,0,1,0,1,2,0,0,2,5,9,9
2014.0,0.0,3.0,0.0,3,4,0,0,0,0,0,4,1,1,0,0,1,1,1,19,1,11,0,1,0,1,2,0,4,2,5,9,3
2014.0,79.0,0.0,0.0,3,1,0,0,0,0,1,9,1,1,0,0,9,1,1,21,1,11,0,0,0,2,2,0,4,9,5,3,9
2014.0,150.0,0.0,0.0,3,6,0,0,0,0,0,5,1,1,0,0,5,1,1,22,1,11,0,0,0,2,1,0,4,7,5,8,3
2014.0,50.0,0.0,0.0,3,6,2,0,0,0,2,9,1,1,0,0,9,1,1,6,2,11,0,0,0,0,2,0,4,5,5,3,1
2014.0,0.0,0.0,0.0,3,4,3,0,0,0,1,2,1,1,0,0,9,1,1,7,2,11,0,1,0,1,2,0,4,2,5,3,9
2014.0,0.0,0.0,0.0,3,10,3,0,0,0,0,2,1,1,0,0,2,1,1,8,2,11,0,1,0,0,1,0,2,5,5,9,9
2014.0,534.0,1.0,0.0,2,6,3,0,0,0,1,2,1,1,0,1,2,1,1,8,2,11,0,1,0,2,1,0,6,7,5,8,3
2014.0,80.0,0.0,0.0,3,6,3,0,0,0,1,5,1,1,0,0,5,1,1,8,2,11,0,1,0,2,2,0,4,7,5,8,3
2014.0,-800.0,0.0,0.0,3,9,3,0,0,0,1,6,1,1,0,0,4,1,1,8,2,11,0,1,0,1,2,0,0,2,2,9,9
2014.0,-113.0,0.0,0.0,3,6,3,0,0,0,1,2,1,1,0,1,2,1,1,8,2,11,0,1,0,2,2,0,4,7,5,8,3
2014.0,200.0,0.0,0.0,3,6,3,0,0,0,0,2,1,1,0,0,2,1,1,10,2,11,0,0,0,0,0,0,6,5,5,8,3
2014.0,0.0,0.0,0.0,3,10,3,0,0,0,2,2,1,1,0,0,2,1,1,10,2,11,0,0,0,0,1,0,4,5,5,8,5
2014.0,500.0,1.0,0.0,3,1,3,0,0,0,0,5,1,1,0,0,9,1,1,11,2,11,0,0,0,1,2,0,6,2,5,3,9
2014.0,6.0,0.0,0.0,3,1,3,0,0,0,0,5,1,1,0,1,5,1,1,12,2,11,0,0,0,2,2,0,4,7,5,9,3
2014.0,-110.0,0.0,0.0,3,6,3,0,0,0,0,1,1,1,0,1,1,1,1,15,2,11,0,0,0,1,1,0,4,7,5,8,3
2014.0,115.0,0.0,0.0,3,6,3,0,0,0,0,5,1,1,0,0,5,1,1,16,2,11,0,1,0,2,2,0,6,7,5,3,3
2014.0,0.0,0.0,0.0,3,6,0,0,0,0,1,5,1,1,0,1,5,1,1,17,2,11,0,1,0,2,2,0,4,7,5,8,8
2014.0,-297.0,1.0,0.0,3,10,0,0,0,0,1,1,1,1,0,1,1,1,1,17,2,11,0,1,0,1,1,0,0,2,5,8,9
2014.0,-29.0,0.0,0.0,3,10,0,0,0,0,0,5,1,1,0,0,5,1,1,18,2,11,0,1,0,1,2,0,6,9,9,0,0
2014.0,200.0,1.0,0.0,2,1,0,0,0,0,1,1,1,1,0,1,5,1,1,18,2,11,0,1,0,2,1,0,4,7,5,9,3
2014.0,780.0,0.0,0.0,3,10,0,0,0,0,1,1,1,1,0,0,1,1,1,18,2,11,0,1,0,0,2,0,6,5,5,8,3
2014.0,0.0,4.0,0.0,2,4,0,0,0,0,0,5,1,1,0,0,2,1,1,18,2,11,0,1,0,2,1,0,2,2,5,9,3
2014.0,25.0,0.0,0.0,3,6,0,0,0,0,0,5,1,1,0,1,5,1,1,19,2,11,0,1,0,0,1,0,4,8,5,8,3
2014.0,82.0,1.0,0.0,2,6,0,0,0,0,0,9,0,1,0,1,9,1,1,20,2,11,0,0,0,1,1,0,4,7,5,8,3
2014.0,58.0,0.0,0.0,3,10,3,0,0,0,1,2,1,1,0,1,2,1,1,8,3,11,0,1,0,1,1,0,4,9,5,3,2
2014.0,-108.0,0.0,0.0,3,10,3,0,0,0,1,1,1,1,0,0,1,1,1,11,3,11,0,0,0,1,1,0,4,9,5,3,2
2014.0,0.0,0.0,0.0,3,6,3,0,0,0,1,2,1,1,0,1,2,1,1,13,3,11,0,0,0,1,0,0,4,0,5,8,8
2014.0,0.0,2.0,0.0,3,1,3,0,0,0,1,9,1,1,0,0,5,1,1,13,3,11,0,0,0,2,1,0,4,2,5,9,3
2014.0,100.0,1.0,0.0,3,6,3,0,0,0,1,5,1,1,0,1,5,1,1,15,3,11,0,0,0,2,1,0,4,7,5,8,3
2014.0,0.0,0.0,0.0,3,6,3,0,0,0,1,2,1,1,0,1,2,1,1,16,3,11,0,1,0,2,1,0,4,7,5,8,3
2014.0,1442.0,1.0,0.0,3,6,3,0,0,0,0,5,1,1,0,0,5,1,1,16,3,11,0,1,0,1,2,0,6,7,5,3,3
2014.0,-470.0,0.0,0.0,3,10,4,0,0,0,2,1,1,1,0,0,1,1,1,17,3,11,0,1,0,0,1,0,6,9,5,3,2
2014.0,0.0,0.0,0.0,3,4,0,0,0,0,0,2,1,1,0,1,5,1,1,17,3,11,0,1,0,1,1,0,4,2,5,3,9
2014.0,50.0,0.0,0.0,3,6,0,0,0,0,1,5,1,1,0,0,5,1,1,18,3,11,0,1,0,1,1,0,4,7,5,8,3
2014.0,0.0,1.0,0.0,2,10,0,0,0,2,1,1,1,1,0,1,5,0,1,22,3,11,0,0,0,0,2,0,4,5,5,3,9
2014.0,50.0,0.0,0.0,3,6,3,0,0,0,1,2,1,1,0,1,2,1,1,11,4,11,0,0,0,1,1,0,2,9,5,3,2
2014.0,377.0,1.0,0.0,3,6,3,0,0,0,1,1,1,1,0,1,1,1,1,12,4,11,0,0,0,1,2,0,6,7,5,3,3
2014.0,123.0,0.0,0.0,3,1,3,0,0,0,1,9,1,1,0,0,2,1,1,13,4,11,0,0,0,1,2,0,0,2,5,3,9
2014.0,-230.0,0.0,0.0,3,6,3,0,0,0,0,9,1,1,0,0,9,1,1,14,4,11,0,0,0,2,1,0,4,7,5,8,3
2014.0,414.0,1.0,0.0,3,6,3,0,0,0,1,2,1,1,0,1,2,1,1,14,4,11,0,0,0,1,1,0,6,7,5,8,3
2014.0,512.0,0.0,0.0,3,6,3,0,0,0,1,2,1,1,0,1,2,1,1,14,4,11,0,0,0,2,1,0,6,7,5,5,5
2014.0,0.0,2.0,0.0,3,4,3,0,0,0,0,9,1,1,0,1,3,1,1,14,4,11,0,0,0,0,0,0,4,2,5,9,3
2014.0,10.0,1.0,0.0,1,5,3,0,0,0,1,5,1,1,2,1,9,1,1,15,4,11,0,0,0,0,1,0,4,2,5,3,9
2014.0,-235.0,0.0,0.0,3,10,3,0,0,0,1,5,1,1,0,0,5,1,1,15,4,11,0,0,0,2,1,0,6,2,5,3,3
2014.0,1145.0,0.0,0.0,3,6,3,0,0,0,0,5,1,1,0,1,5,1,1,17,4,11,0,1,0,2,1,0,6,7,5,8,3
2014.0,-250.0,0.0,0.0,3,1,0,0,0,0,1,2,1,1,0,1,2,1,1,18,4,11,0,1,0,1,1,0,6,9,5,3,2