Year,Distance,Totalinjuries,Totalfatalities,Injuryseverity,Collisionmanner,Lightcondition,Weather,SurfaceCondition,Unittype_One,Gender_Drv1,Traveldirection_One,AlcoholUse_Drv1,DrugUse_Drv1,Unittype_Two,Gender_Drv2,Traveldirection_Two,AlcoholUse_Drv2,DrugUse_Drv2,Hour,Weekday,Month,Weekend,Rush_Hour,Hazardous_Road,Age_Group_Drv1,Age_Group_Drv2,Substance_Use,Junction_Category,Violation_Category_Drv1,Violation_Category_Drv2,Unitaction_Category_Two,Unitaction_Category_One
2014.0,200.0,2.0,0.0,3,1,0,0,0,0,0,5,1,1,0,0,5,1,1,20,4,11,0,0,0,1,1,0,6,7,5,8,3
2014.0,350.0,2.0,0.0,2,10,0,0,0,0,0,5,1,1,0,0,5,1,1,0,5,11,1,0,0,2,1,0,6,9,5,3,2
2014.0,19.0,0.0,0.0,3,1,3,0,0,0,0,5,1,1,0,1,5,1,1,12,5,11,1,0,0,1,1,0,4,9,5,9,9
2014.0,132.0,0.0,0.0,3,4,3,0,0,0,0,2,1,1,0,0,5,1,1,14,5,11,1,0,0,2,0,0,0,4,5,8,9
2014.0,-200.0,0.0,0.0,3,6,3,0,0,0,1,1,0,1,0,0,1,1,1,16,5,11,1,1,0,1,2,0,6,7,5,8,3
2014.0,-330.0,0.0,0.0,3,6,0,0,0,0,0,2,1,1,0,0,2,1,1,17,5,11,1,1,0,0,0,0,6,8,5,8,3
2014.0,-15.0,0.0,0.0,3,6,0,0,0,0,0,2,1,1,0,1,2,1,1,18,5,11,1,1,0,2,1,0,4,7,5,3,3
2014.0,54.0,1.0,0.0,3,6,0,0,0,0,1,9,1,1,0,0,9,1,1,18,5,11,1,1,0,1,1,0,4,7,5,8,3
2014.0,0.0,0.0,0.0,3,1,0,0,0,0,0,9,1,1,0,0,2,1,1,19,5,11,1,1,0,2,1,0,4,2,5,3,9
2014.0,0.0,0.0,0.0,3,4,0,0,0,0,1,7,1,1,0,1,1,1,1,2,6,11,1,0,0,2,2,0,2,2,5,3,9
2014.0,0.0,1.0,0.0,3,4,3,0,0,0,1,6,1,1,2,1,9,1,1,9,6,11,1,1,0,2,1,0,4,5,5,3,9
2014.0,100.0,0.0,0.0,3,6,3,0,0,0,1,5,1,1,0,0,5,1,1,18,6,11,1,1,0,2,1,0,4,7,5,8,3
2014.0,645.0,0.0,0.0,3,1,3,0,0,0,0,7,1,1,0,0,1,1,1,7,0,11,0,1,0,0,2,0,6,5,5,3,9
2014.0,3.0,1.0,0.0,2,4,3,0,0,0,1,6,1,1,3,1,2,1,1,8,0,11,0,1,0,1,1,0,4,2,5,5,9
2014.0,175.0,0.0,0.0,3,6,3,0,0,0,1,5,1,1,0,0,5,1,1,11,0,11,0,0,0,1,2,0,6,7,5,8,3
2014.0,-235.0,0.0,0.0,3,1,3,0,0,0,0,2,1,1,0,1,1,1,1,13,0,11,0,0,0,1,1,0,0,2,5,3,9
2014.0,0.0,1.0,0.0,3,4,3,0,0,0,0,1,1,1,0,1,9,1,1,14,0,11,0,0,0,2,2,0,4,2,5,3,9
2014.0,-575.0,0.0,0.0,3,6,0,0,0,0,0,5,1,1,0,1,5,1,1,18,0,11,0,1,0,2,2,0,6,7,5,8,3
2014.0,0.0,1.0,0.0,2,4,0,0,0,0,1,2,1,1,0,0,1,1,1,18,0,11,0,1,0,1,1,0,4,2,5,3,9
2014.0,-0.2,0.0,1.0,0,5,0,0,0,0,1,3,1,1,3,1,9,1,1,23,0,11,0,0,0,1,1,0,6,9,5,7,3
2014.0,0.0,0.0,0.0,3,5,3,0,0,0,1,3,1,1,0,0,9,1,1,7,1,11,0,1,0,1,1,0,4,5,5,3,9
2014.0,70.0,0.0,0.0,3,6,3,0,0,0,0,9,1,1,0,1,9,1,1,7,1,11,0,1,0,2,1,0,4,7,5,8,3
2014.0,0.0,0.0,0.0,3,4,3,0,0,0,1,1,1,1,0,0,2,1,1,7,1,11,0,1,0,1,1,0,4,2,5,9,9
2014.0,10.0,1.0,0.0,3,1,3,0,0,0,0,1,1,1,0,0,2,1,1,9,1,11,0,1,0,1,1,0,6,2,5,3,9
2014.0,100.0,0.0,0.0,3,6,3,0,0,0,0,9,1,1,0,1,9,1,1,9,1,11,0,1,0,1,2,0,4,7,5,8,3
2014.0,0.0,1.0,0.0,3,1,3,0,0,0,0,5,1,1,0,1,9,1,1,10,1,11,0,0,0,2,2,0,2,2,5,3,3
2014.0,-1900.0,0.0,0.0,3,1,3,0,0,0,1,9,1,1,0,1,9,1,1,10,1,11,0,0,0,0,1,0,0,2,5,3,9
2014.0,-235.0,0.0,0.0,3,7,3,0,0,0,0,9,1,1,0,1,9,1,1,11,1,11,0,0,0,1,1,0,6,7,5,8,3
2014.0,103.0,0.0,0.0,3,6,3,0,0,0,1,9,1,1,0,1,9,1,1,12,1,11,0,0,0,2,2,0,4,7,5,8,3
2014.0,53.0,0.0,0.0,3,6,3,0,0,0,1,1,1,1,0,0,1,1,1,15,1,11,0,0,0,2,1,0,6,7,5,8,3
2014.0,0.0,0.0,0.0,3,4,3,0,0,0,0,1,1,1,0,1,9,1,1,16,1,11,0,1,0,1,1,0,4,5,5,9,3
2014.0,25.0,0.0,0.0,3,6,3,0,0,0,0,4,1,1,0,1,4,1,1,16,1,11,0,1,0,0,1,0,2,7,5,8,8
2014.0,0.0,1.0,0.0,3,4,3,0,0,0,1,1,1,1,0,1,5,1,1,16,1,11,0,1,0,0,1,0,4,2,5,3,9
2014.0,-860.0,0.0,0.0,3,6,0,0,0,0,2,2,1,1,0,0,2,1,1,17,1,11,0,1,0,0,0,0,6,7,5,8,3
2014.0,0.0,0.0,0.0,3,4,0,0,0,0,0,5,1,1,0,1,2,1,1,17,1,11,0,1,0,2,1,0,4,2,5,3,9
2014.0,0.0,0.0,0.0,3,4,0,0,0,0,1,4,1,1,0,1,5,1,1,17,1,11,0,1,0,2,2,0,4,2,5,3,9
2014.0,75.0,0.0,0.0,3,6,3,0,0,0,2,5,1,1,0,0,5,1,1,18,1,11,0,1,0,0,2,0,4,5,5,8,3
2014.0,60.0,0.0,0.0,3,4,0,0,0,0,0,5,1,1,0,0,1,1,1,18,1,11,0,1,0,1,2,0,4,2,5,3,9
2014.0,-100.0,1.0,0.0,2,10,0,0,0,0,1,3,1,1,0,1,1,1,1,18,1,11,0,1,0,2,1,0,4,4,5,9,9
2014.0,-318.0,0.0,0.0,3,6,3,0,0,0,0,2,1,1,0,0,2,1,1,11,2,11,0,0,0,0,2,0,6,7,5,8,3
2014.0,90.0,0.0,0.0,3,6,3,0,0,0,0,5,1,1,0,0,5,1,1,12,2,11,0,0,0,1,1,0,4,7,5,8,3
2014.0,-69.0,0.0,0.0,3,6,3,0,0,0,1,2,1,1,0,0,2,1,1,12,2,11,0,0,0,1,1,0,4,8,5,8,8
2014.0,802.0,0.0,0.0,3,10,3,0,0,0,1,9,1,1,0,0,9,1,1,12,2,11,0,0,0,1,0,0,6,9,5,3,2
2014.0,-70.0,0.0,0.0,3,6,3,0,0,0,1,1,1,1,0,1,1,1,1,14,2,11,0,0,0,1,1,0,6,7,5,8,3
2014.0,130.0,0.0,0.0,3,1,3,0,0,0,1,5,1,1,0,1,9,1,1,14,2,11,0,0,0,0,1,0,4,2,5,3,9
2014.0,150.0,0.0,0.0,3,6,3,0,0,0,1,1,1,1,0,0,1,1,1,14,2,11,0,0,0,1,2,0,0,7,5,8,3
2014.0,0.0,0.0,0.0,3,10,3,0,0,0,1,9,1,1,0,1,9,1,1,15,2,11,0,0,0,1,1,0,2,5,5,9,9
2014.0,-300.0,0.0,0.0,3,6,3,0,0,0,1,1,1,1,0,0,1,1,1,15,2,11,0,0,0,1,1,0,6,5,5,8,3
2014.0,219.0,0.0,0.0,3,4,3,0,0,0,1,3,1,1,0,1,9,1,1,15,2,11,0,0,0,2,1,0,6,4,5,3,9
2014.0,372.0,0.0,0.0,3,1,0,0,0,0,0,1,0,1,1,1,2,1,1,21,2,11,0,0,0,1,1,0,6,7,5,6,0
2014.0,88.0,0.0,0.0,3,6,3,0,0,0,1,9,1,1,0,1,9,1,1,9,4,11,0,1,0,2,1,0,2,7,5,8,3
2014.0,500.0,0.0,0.0,3,6,3,0,0,0,0,9,1,1,0,1,9,1,1,11,4,11,0,0,0,2,1,0,6,0,5,8,3
2014.0,114.0,0.0,0.0,3,1,3,0,0,0,0,9,1,1,0,0,2,1,1,12,4,11,0,0,0,2,2,0,0,5,5,3,9
2014.0,0.0,1.0,0.0,3,1,3,0,0,0,1,5,1,1,0,1,9,1,1,14,4,11,0,0,0,0,0,0,4,2,5,3,9
2014.0,0.0,2.0,0.0,2,4,3,0,0,0,0,1,1,1,0,1,9,1,1,14,4,11,0,0,0,1,0,0,4,2,5,3,9
2014.0,-80.0,0.0,0.0,3,10,4,0,0,0,1,1,1,1,0,1,1,1,1,16,4,11,0,1,0,2,1,0,6,9,5,3,2
2014.0,0.0,0.0,0.0,3,1,0,0,0,0,0,5,1,1,0,1,9,1,1,18,4,11,0,1,0,1,2,0,4,2,5,3,3
2014.0,-100.0,0.0,0.0,3,9,0,0,0,0,2,5,1,1,0,1,2,1,1,18,4,11,0,1,0,0,1,0,4,9,5,3,3
2014.0,98.0,2.0,0.0,3,6,3,0,0,0,1,5,1,1,0,1,5,1,1,12,5,11,1,0,0,1,1,0,4,7,5,8,8
2014.0,0.0,0.0,0.0,3,4,3,0,0,0,0,5,1,1,0,1,9,1,1,13,5,11,1,0,0,0,0,0,4,5,5,3,9
2014.0,645.0,0.0,0.0,3,4,0,0,0,0,0,4,1,1,0,1,1,1,1,19,5,11,1,1,0,2,1,0,6,2,5,3,9
2014.0,-5.0,0.0,0.0,3,6,1,0,0,0,1,5,1,1,0,1,5,1,1,22,5,11,1,0,0,2,1,0,3,5,2,9,3
2014.0,0.1,1.0,0.0,3,1,3,0,0,0,1,3,1,1,0,0,1,1,1,10,6,11,1,0,0,1,0,0,6,4,5,3,9
2014.0,50.0,0.0,0.0,3,6,3,0,3,0,1,9,1,1,0,0,9,1,1,10,6,11,1,0,0,1,1,0,4,7,5,8,5
2014.0,0.0,0.0,0.0,3,1,3,0,0,0,1,2,1,1,0,1,9,1,1,12,6,11,1,0,0,1,2,0,4,2,5,3,9
2014.0,160.0,0.0,0.0,3,6,0,1,0,0,0,1,1,1,0,1,1,1,1,17,6,11,1,1,0,2,1,0,6,7,5,5,5
2014.0,-25.0,0.0,0.0,3,6,4,0,0,0,1,1,1,1,0,0,1,1,1,18,6,11,1,1,0,1,1,0,4,2,5,8,3
2014.0,-191.0,0.0,0.0,3,6,0,0,0,0,0,9,1,1,0,1,9,1,1,19,6,11,1,1,0,1,1,0,6,9,5,6,3
2014.0,160.0,0.0,0.0,3,6,0,0,0,0,0,1,1,1,0,1,1,1,1,19,6,11,1,1,0,1,1,0,6,7,5,3,3
2014.0,-124.0,0.0,0.0,3,6,3,0,0,0,1,2,1,1,0,1,2,1,1,7,0,12,0,1,0,1,1,0,6,7,5,8,3
2014.0,-200.0,2.0,0.0,3,4,3,0,0,0,0,1,1,1,0,0,2,1,1,7,0,12,0,1,0,1,1,0,6,2,5,3,9
2014.0,-10.0,1.0,0.0,1,1,3,0,0,2,1,9,1,1,0,1,1,1,1,7,0,12,0,1,0,1,1,0,4,9,5,9,3
2014.0,0.1,0.0,0.0,3,4,3,0,0,0,0,5,1,1,0,0,9,1,1,8,0,12,0,1,0,2,1,0,6,5,5,3,9
2014.0,0.0,2.0,0.0,3,4,3,0,0,0,1,9,1,1,0,1,1,1,1,10,0,12,0,0,0,1,1,0,4,2,5,3,9
2014.0,0.0,1.0,0.0,2,1,3,0,0,0,1,5,1,1,0,0,9,1,1,13,0,12,0,0,0,0,1,0,4,5,5,3,9
2014.0,-91.0,0.0,0.0,3,6,3,0,0,0,0,2,1,1,0,1,2,1,1,14,0,12,0,0,0,2,2,0,6,7,5,8,3
2014.0,-30.0,1.0,0.0,2,1,3,0,0,2,0,1,1,1,0,1,2,1,1,16,0,12,0,1,0,2,2,0,4,5,5,3,3
2014.0,0.0,0.0,0.0,3,4,3,0,0,0,1,9,1,1,0,1,3,1,1,16,0,12,0,1,0,2,1,0,2,2,5,9,3
2014.0,380.0,0.0,0.0,3,6,3,0,0,0,1,1,1,1,0,1,1,1,1,17,0,12,0,1,0,1,1,0,6,7,5,8,3
2014.0,80.0,0.0,0.0,3,10,3,0,0,0,2,9,1,1,0,1,9,1,1,17,0,12,0,1,0,0,0,0,4,9,5,3,2
2014.0,0.0,1.0,0.0,2,4,0,0,0,0,2,9,1,1,0,0,1,1,1,17,0,12,0,1,0,0,1,0,2,2,5,3,9
2014.0,63.0,1.0,0.0,3,6,0,0,0,0,0,5,1,1,0,0,5,1,1,18,0,12,0,1,0,1,1,0,4,2,5,8,3
2014.0,-190.0,0.0,0.0,3,6,0,0,0,0,0,1,1,1,0,0,1,1,1,18,0,12,0,1,0,1,2,0,6,7,5,8,3
2014.0,400.0,0.0,0.0,3,6,0,0,0,0,0,5,1,1,0,0,5,1,1,18,0,12,0,1,0,2,1,0,6,7,5,8,8
2014.0,487.0,1.0,0.0,3,4,3,0,0,0,1,6,1,1,0,0,9,1,1,7,1,12,0,1,0,1,1,0,6,2,5,3,9
2014.0,350.0,0.0,0.0,3,6,3,0,0,0,0,2,1,1,0,0,2,1,1,7,1,12,0,1,0,1,1,0,0,7,5,9,3
2014.0,607.0,0.0,0.0,3,1,3,0,0,0,1,7,1,1,0,1,9,1,1,7,1,12,0,1,0,1,1,0,6,2,5,8,9
2014.0,0.0,0.0,0.0,3,1,3,1,0,0,1,5,1,1,0,1,5,1,1,8,1,12,0,1,0,1,0,0,4,7,5,9,3
2014.0,540.0,1.0,0.0,2,6,3,0,0,0,1,2,1,1,0,0,2,1,1,11,1,12,0,0,0,0,1,0,6,7,5,8,3
2014.0,0.0,1.0,0.0,3,4,3,0,0,0,0,7,1,1,0,1,1,1,1,13,1,12,0,0,0,2,2,0,4,2,5,3,9
2014.0,425.0,0.0,0.0,3,6,3,1,0,0,1,9,1,1,0,1,9,1,1,13,1,12,0,0,0,1,1,0,2,7,5,8,3
2014.0,-114.0,1.0,0.0,2,1,3,0,0,2,1,2,1,1,0,1,1,1,1,13,1,12,0,0,0,2,1,0,0,9,5,9,3
2014.0,79.0,0.0,0.0,3,1,3,0,0,0,1,3,1,1,0,0,4,1,1,14,1,12,0,0,0,1,0,0,4,5,5,9,9
2014.0,0.0,1.0,0.0,2,4,3,0,0,0,0,9,1,1,0,1,1,1,1,14,1,12,0,0,0,1,2,0,2,2,5,3,9
2014.0,308.0,0.0,0.0,3,10,3,0,0,0,0,9,1,1,0,1,9,1,1,14,1,12,0,0,0,0,0,0,6,2,5,3,9
2014.0,-400.0,0.0,0.0,3,1,3,1,0,0,0,5,1,1,0,1,5,1,1,15,1,12,0,0,0,2,2,0,0,4,5,3,9
2014.0,0.0,0.0,0.0,3,1,3,1,0,0,1,1,1,1,0,0,5,1,1,17,1,12,0,1,0,2,1,0,4,2,5,3,3
2014.0,0.0,1.0,0.0,1,6,4,1,0,0,1,2,1,1,0,1,2,1,1,17,1,12,0,1,0,2,2,0,4,7,5,8,3
2014.0,-22.0,0.0,0.0,3,6,0,1,4,0,0,2,1,1,0,1,2,1,1,17,1,12,0,1,1,1,1,0,4,7,5,3,3
2014.0,0.0,2.0,0.0,2,4,0,3,4,0,0,3,1,1,0,0,9,1,1,18,1,12,0,1,1,2,1,0,4,2,5,3,9
2014.0,0.0,1.0,0.0,3,1,3,1,0,0,0,5,1,1,0,1,1,1,1,9,2,12,0,1,0,1,0,0,4,5,5,3,9
2014.0,200.0,0.0,0.0,3,12,3,3,4,0,2,8,1,1,0,1,2,1,1,11,2,12,0,0,1,0,2,0,6,5,5,6,5
2014.0,0.0,4.0,0.0,2,4,3,0,0,0,0,9,1,1,0,1,6,1,1,11,2,12,0,0,0,1,0,0,4,2,5,9,3
2014.0,-80.0,0.0,0.0,3,6,3,1,0,0,1,2,1,1,0,1,2,1,1,12,2,12,0,0,0,1,2,0,4,7,5,8,3
2014.0,231.0,1.0,0.0,2,4,3,0,0,0,0,5,1,1,0,1,9,1,1,12,2,12,0,0,0,2,0,0,0,2,5,3,9
2014.0,200.0,1.0,0.0,3,6,3,0,0,0,1,5,1,1,0,1,5,1,1,14,2,12,0,0,0,1,1,0,6,7,5,8,3
2014.0,0.0,1.0,0.0,3,1,3,1,0,0,1,1,1,1,0,1,5,1,1,16,2,12,0,1,0,1,2,0,2,2,5,3,9
2014.0,-45.0,0.0,0.0,3,1,0,0,0,0,1,5,1,1,3,1,1,1,1,18,2,12,0,1,0,2,1,0,4,2,6,7,9
2014.0,-140.0,1.0,0.0,2,10,0,3,4,0,0,2,1,1,0,1,2,1,1,5,3,12,0,0,1,2,0,0,4,7,5,8,3
2014.0,-10.0,2.0,0.0,1,1,0,3,4,0,1,1,1,1,3,1,1,1,1,6,3,12,0,0,1,1,1,0,4,2,5,7,9
2014.0,0.0,0.0,0.0,3,4,3,3,4,0,0,6,1,1,0,1,2,1,1,7,3,12,0,1,1,1,1,0,4,2,5,3,9
2014.0,300.0,1.0,0.0,2,4,0,3,4,0,0,2,1,1,3,1,9,1,1,8,3,12,0,1,1,0,1,0,0,2,5,7,9
2014.0,0.0,0.0,0.0,3,6,3,1,4,0,2,1,1,1,0,0,1,1,1,11,3,12,0,0,1,0,2,0,3,7,5,9,9
2014.0,103.0,1.0,0.0,2,6,3,0,0,0,0,2,1,1,0,0,2,1,1,14,3,12,0,0,0,2,2,0,6,7,5,8,3
2014.0,0.0,0.0,0.0,3,6,3,0,0,0,0,1,1,1,0,0,1,1,1,15,3,12,0,0,0,0,1,0,2,7,5,8,3
2014.0,0.0,1.0,0.0,3,6,3,0,0,0,1,5,1,1,0,0,1,1,1,16,3,12,0,1,0,1,2,0,4,2,5,3,9
2014.0,34.0,0.0,0.0,3,6,3,0,0,0,1,2,1,1,0,1,2,1,1,16,3,12,0,1,0,2,2,0,4,7,5,8,3
2014.0,22.0,0.0,0.0,3,6,3,0,0,0,1,2,1,1,0,1,2,1,1,16,3,12,0,1,0,2,2,0,4,7,5,8,3
2014.0,372.0,0.0,0.0,3,6,4,0,0,0,1,2,1,1,0,0,2,1,1,16,3,12,0,1,0,1,0,0,6,7,5,9,3
2014.0,-99.0,0.0,0.0,3,6,4,1,0,0,1,5,1,1,0,1,5,1,1,16,3,12,0,1,0,1,1,0,6,8,5,8,3
2014.0,0.0,0.0,0.0,3,4,3,0,0,0,1,2,1,1,0,0,5,1,1,16,3,12,0,1,0,1,0,0,6,4,5,3,9
2014.0,-500.0,0.0,0.0,3,6,0,1,0,0,1,5,1,1,0,1,5,1,1,17,3,12,0,1,0,2,2,0,4,7,5,8,8
2014.0,-420.0,0.0,0.0,3,6,0,0,0,0,1,1,1,1,0,0,1,1,1,17,3,12,0,1,0,1,1,0,6,7,5,3,3
2014.0,500.0,0.0,0.0,3,3,0,0,0,0,0,5,1,1,0,0,2,1,1,17,3,12,0,1,0,2,1,0,6,9,5,3,3
2014.0,0.0,0.0,0.0,3,3,4,0,0,0,1,5,1,1,0,1,2,1,1,17,3,12,0,1,0,2,1,0,8,7,5,3,0
2014.0,-300.0,0.0,0.0,3,10,0,0,0,0,1,9,1,1,0,1,9,1,1,18,3,12,0,1,0,1,2,0,6,9,5,3,2
2014.0,100.0,0.0,0.0,3,6,0,0,0,0,1,5,1,1,0,0,5,1,1,23,3,12,0,0,0,2,2,0,6,0,5,3,3
2014.0,55.0,1.0,0.0,3,6,3,0,0,0,0,2,1,1,0,0,2,1,1,7,4,12,0,1,0,1,1,0,4,7,5,8,3
2014.0,-1179.0,0.0,0.0,3,4,3,0,0,0,0,4,1,1,0,1,1,1,1,9,4,12,0,1,0,1,1,0,6,2,5,3,9
2014.0,30.0,0.0,0.0,3,10,3,0,0,0,1,1,1,1,0,1,1,1,1,11,4,12,0,0,0,2,1,0,6,5,7,3,5
2014.0,0.0,2.0,0.0,2,4,3,0,0,0,1,5,1,1,0,0,3,1,1,11,4,12,0,0,0,0,1,0,4,2,5,9,3
2014.0,868.0,2.0,0.0,3,6,3,0,0,0,0,2,1,1,0,1,2,1,1,13,4,12,0,0,0,2,1,0,6,7,5,8,3
2014.0,0.0,0.0,0.0,3,10,3,0,0,0,1,2,1,1,0,0,2,1,1,14,4,12,0,0,0,1,1,0,4,9,5,3,2
2014.0,-380.0,2.0,0.0,3,1,3,0,0,0,1,2,1,1,0,0,1,1,1,14,4,12,0,0,0,1,2,0,0,2,5,3,9
2014.0,-25.0,1.0,0.0,2,6,4,0,0,0,1,1,1,1,0,0,1,1,1,15,4,12,0,0,0,2,1,0,4,7,5,3,3
2014.0,-600.0,0.0,0.0,3,1,3,0,0,0,1,9,1,1,0,1,1,1,1,15,4,12,0,0,0,1,1,0,0,7,7,9,9
2014.0,0.0,1.0,0.0,3,4,4,0,0,0,1,4,1,1,0,0,5,1,1,16,4,12,0,1,0,2,2,0,2,2,5,3,9
2014.0,-12.0,1.0,0.0,2,5,0,0,0,0,2,3,1,1,2,1,1,1,1,19,4,12,0,1,0,0,1,0,6,2,5,3,5
2014.0,-425.0,1.0,0.0,3,1,0,0,0,2,1,9,1,1,0,1,2,1,1,19,4,12,0,1,0,1,0,0,0,9,5,9,3
2014.0,-174.0,1.0,0.0,2,4,0,0,0,0,1,6,1,1,0,1,9,1,1,19,4,12,0,1,0,2,1,0,6,2,5,3,9
2014.0,80.0,1.0,0.0,3,6,3,0,0,0,0,9,1,1,0,1,9,1,1,12,5,12,1,0,0,1,1,0,2,7,5,8,3
2014.0,0.0,0.0,0.0,3,4,3,0,0,0,1,7,1,1,0,1,1,1,1,12,5,12,1,0,0,2,2,0,2,2,5,3,9
2014.0,400.0,0.0,0.0,3,6,3,0,0,0,0,5,1,1,0,1,5,1,1,13,5,12,1,0,0,1,1,0,6,7,5,8,3
2014.0,30.0,0.0,0.0,3,9,3,0,0,0,0,2,1,1,1,1,5,1,1,13,5,12,1,0,0,2,1,0,6,9,5,8,3
2014.0,369.0,0.0,0.0,3,4,3,0,0,0,1,5,1,1,0,0,9,1,1,17,5,12,1,1,0,2,1,0,6,2,5,3,9
2014.0,-50.0,1.0,0.0,3,10,0,0,0,0,1,9,1,1,0,1,9,1,1,17,5,12,1,1,0,2,2,0,6,9,5,3,2
2014.0,89.0,1.0,0.0,3,6,0,0,0,0,1,5,0,1,0,1,5,1,1,2,6,12,1,0,0,2,1,0,4,7,5,8,3
2014.0,85.0,1.0,0.0,3,6,3,0,0,0,1,5,1,1,0,1,5,1,1,7,6,12,1,1,0,2,1,0,4,7,5,8,3
2014.0,55.0,0.0,0.0,3,6,3,0,0,0,0,9,1,1,0,1,9,1,1,9,6,12,1,1,0,1,1,0,6,7,5,8,3
2014.0,-200.0,0.0,0.0,3,6,3,0,0,0,1,2,1,1,0,1,2,1,1,12,6,12,1,0,0,1,1,0,6,7,5,8,3
2014.0,1150.0,1.0,0.0,3,4,3,0,0,0,0,2,1,1,0,0,9,1,1,14,6,12,1,0,0,1,1,0,0,2,5,3,9
2014.0,-120.0,1.0,0.0,2,6,0,0,0,0,1,1,1,1,0,0,1,1,1,22,6,12,1,0,0,1,1,0,4,7,5,8,3
2014.0,-140.0,1.0,0.0,3,6,3,0,0,0,1,9,1,1,0,1,9,1,1,7,0,12,0,1,0,1,1,0,0,7,5,9,3
2014.0,65.0,0.0,0.0,3,6,3,0,0,0,1,9,1,1,0,0,9,1,1,7,0,12,0,1,0,1,1,0,4,7,5,8,3
2014.0,115.0,0.0,0.0,3,10,3,0,0,0,0,2,1,1,0,0,2,1,1,7,0,12,0,1,0,0,2,0,4,5,5,3,2
2014.0,57.0,0.0,0.0,3,10,3,0,0,0,1,5,1,1,0,0,5,1,1,7,0,12,0,1,0,1,1,0,6,9,5,3,2
2014.0,-337.0,0.0,0.0,3,1,3,0,0,0,1,2,1,1,0,1,2,1,1,8,0,12,0,1,0,2,0,0,1,2,5,2,3
2014.0,648.0,1.0,0.0,3,1,3,0,0,0,0,5,1,1,2,1,9,1,1,12,0,12,0,0,0,1,1,0,6,7,5,3,9
2014.0,42.0,0.0,0.0,3,4,3,0,0,0,1,1,1,1,0,0,5,1,1,14,0,12,0,0,0,2,1,0,4,7,5,8,9
2014.0,-18.0,1.0,0.0,2,1,3,1,0,2,0,2,1,1,0,1,1,1,1,15,0,12,0,0,0,2,1,0,2,5,5,9,3
2014.0,115.0,0.0,0.0,3,10,3,0,0,0,0,9,1,1,0,1,9,1,1,15,0,12,0,0,0,0,0,0,6,5,5,3,2
2014.0,-132.0,0.0,0.0,3,10,3,0,0,0,0,5,1,1,0,1,5,1,1,16,0,12,0,1,0,1,1,0,6,9,5,3,2
2014.0,-300.0,0.0,0.0,3,6,3,0,0,0,1,1,1,1,0,1,1,1,1,16,0,12,0,1,0,2,1,0,6,7,5,3,3
2014.0,0.0,2.0,0.0,3,6,3,0,0,0,1,1,1,1,0,0,1,1,1,17,0,12,0,1,0,1,0,0,4,8,5,3,3
2014.0,60.0,0.0,0.0,3,6,0,0,0,0,1,1,1,1,0,1,1,1,1,17,0,12,0,1,0,2,1,0,6,5,5,8,1
2014.0,164.0,0.0,0.0,3,6,0,0,0,0,0,5,1,1,0,1,5,1,1,17,0,12,0,1,0,1,0,0,6,7,5,8,8
2014.0,-0.1,0.0,0.0,3,4,0,0,0,1,1,6,1,1,0,1,9,1,1,17,0,12,0,1,0,1,1,0,6,7,5,3,9
2014.0,0.0,0.0,0.0,3,4,4,0,0,0,1,6,1,1,0,0,2,1,1,18,0,12,0,1,0,2,2,0,4,2,5,3,9
2014.0,-40.0,0.0,0.0,3,6,0,0,0,0,1,9,1,1,0,1,9,1,1,18,0,12,0,1,0,2,1,0,6,8,5,3,3
2014.0,-300.0,0.0,0.0,3,1,0,0,0,0,1,6,1,1,0,1,5,1,1,19,0,12,0,1,0,1,1,0,2,2,5,3,9
2014.0,0.0,2.0,0.0,2,1,0,0,0,0,1,5,1,1,0,0,1,1,1,23,0,12,0,0,0,0,1,0,4,2,5,3,3
2014.0,20.0,0.0,0.0,3,10,0,0,0,0,1,9,1,1,0,0,9,1,1,23,0,12,0,0,0,1,1,0,4,5,5,8,3
2014.0,0.0,0.0,0.0,3,4,3,0,0,0,0,6,1,1,0,1,2,1,1,7,1,12,0,1,0,2,1,0,4,2,5,3,9
2014.0,-500.0,0.0,0.0,3,6,3,0,0,0,0,2,1,1,0,0,2,1,1,7,1,12,0,1,0,2,2,0,6,7,5,8,3
2014.0,3.0,0.0,0.0,3,10,3,0,0,0,2,9,1,1,0,0,9,1,1,7,1,12,0,1,0,0,1,0,4,9,5,3,2
2014.0,0.0,0.0,0.0,3,5,3,0,0,0,1,1,1,1,0,1,7,1,1,8,1,12,0,1,0,2,1,0,4,5,5,9,3
2014.0,-200.0,2.0,0.0,3,6,3,0,0,0,1,5,1,1,0,1,5,1,1,11,1,12,0,0,0,1,2,0,6,7,5,8,3
2014.0,0.2,0.0,0.0,3,6,3,0,0,0,0,2,1,1,0,1,2,1,1,12,1,12,0,0,0,2,2,0,6,7,5,8,3
2014.0,-380.0,0.0,0.0,3,10,3,0,0,0,1,4,1,1,0,0,4,1,1,13,1,12,0,0,0,0,1,0,6,9,5,3,2
2014.0,100.0,0.0,0.0,3,6,3,0,0,0,1,9,1,1,0,0,9,1,1,13,1,12,0,0,0,2,2,0,4,7,5,8,3
2014.0,0.0,0.0,0.0,3,1,3,0,0,0,0,3,1,1,0,1,7,1,1,14,1,12,0,0,0,1,0,0,2,5,2,3,9