Year,Distance,Totalinjuries,Totalfatalities,Injuryseverity,Collisionmanner,Lightcondition,Weather,SurfaceCondition,Unittype_One,Gender_Drv1,Traveldirection_One,AlcoholUse_Drv1,DrugUse_Drv1,Unittype_Two,Gender_Drv2,Traveldirection_Two,AlcoholUse_Drv2,DrugUse_Drv2,Hour,Weekday,Month,Weekend,Rush_Hour,Hazardous_Road,Age_Group_Drv1,Age_Group_Drv2,Substance_Use,Junction_Category,Violation_Category_Drv1,Violation_Category_Drv2,Unitaction_Category_Two,Unitaction_Category_One
2014.0,500.0,1.0,0.0,2,1,3,0,0,2,0,5,1,1,0,1,9,1,1,15,1,12,0,0,0,2,2,0,0,5,5,9,3
2014.0,-123.0,0.0,0.0,3,6,3,0,0,0,1,1,1,1,0,1,1,1,1,15,1,12,0,0,0,1,1,0,6,7,5,8,3
2014.0,-89.0,0.0,0.0,3,6,3,0,0,0,1,2,1,1,0,1,2,1,1,16,1,12,0,1,0,2,2,0,4,7,5,8,3
2014.0,0.0,1.0,0.0,3,1,3,0,0,0,0,5,1,1,0,1,1,1,1,17,1,12,0,1,0,1,1,0,4,2,5,3,3
2014.0,-445.0,0.0,0.0,3,4,4,0,0,0,0,2,1,1,0,1,1,1,1,17,1,12,0,1,0,2,2,0,4,2,5,3,9
2014.0,-60.0,0.0,0.0,3,6,0,0,0,0,0,1,1,1,0,1,1,1,1,18,1,12,0,1,0,1,1,0,6,7,5,8,3
2014.0,-130.0,0.0,0.0,3,10,3,0,0,0,1,1,1,1,0,0,1,1,1,18,1,12,0,1,0,1,2,0,4,5,5,3,2
2014.0,0.0,0.0,0.0,3,4,2,0,0,0,0,5,1,1,0,1,2,1,1,5,2,12,0,0,0,1,1,0,4,2,2,9,3
2014.0,0.0,0.0,0.0,3,4,0,0,0,0,0,2,1,1,0,1,2,1,1,6,2,12,0,0,0,0,1,0,4,7,5,9,9
2014.0,120.0,1.0,0.0,3,6,3,0,0,0,1,5,1,1,0,1,5,1,1,8,2,12,0,1,0,1,1,0,2,7,5,8,3
2014.0,0.0,3.0,0.0,3,4,3,0,0,0,1,9,1,1,0,1,1,1,1,8,2,12,0,1,0,1,1,0,4,2,5,3,9
2014.0,240.0,0.0,0.0,3,4,3,0,0,0,1,5,1,1,0,1,2,1,1,11,2,12,0,0,0,0,1,0,6,2,5,3,9
2014.0,10.0,1.0,0.0,3,5,3,0,0,2,0,5,1,1,0,0,9,1,1,12,2,12,0,0,0,2,2,0,4,5,5,9,3
2014.0,0.0,0.0,0.0,3,1,3,0,0,0,1,2,1,1,0,0,1,1,1,12,2,12,0,0,0,1,0,0,4,4,5,5,5
2014.0,-160.0,0.0,0.0,3,6,3,0,0,0,0,5,1,1,0,1,5,1,1,13,2,12,0,0,0,2,2,0,6,7,5,8,3
2014.0,295.0,1.0,0.0,3,4,3,0,0,0,1,3,1,1,0,1,5,1,1,14,2,12,0,0,0,2,1,0,6,2,5,3,9
2014.0,100.0,2.0,0.0,3,1,3,0,0,0,1,7,1,1,0,0,9,1,1,14,2,12,0,0,0,2,2,0,6,2,5,3,9
2014.0,0.0,0.0,0.0,3,4,3,0,0,0,1,1,1,1,0,1,9,1,1,14,2,12,0,0,0,0,2,0,4,2,5,3,9
2014.0,75.0,0.0,0.0,3,6,3,0,0,0,0,5,1,1,0,1,5,1,1,15,2,12,0,0,0,1,1,0,4,7,5,8,3
2014.0,-231.0,1.0,0.0,2,6,3,0,0,0,1,1,1,1,0,0,1,1,1,16,2,12,0,1,0,1,1,0,6,7,5,8,3
2014.0,0.0,0.0,0.0,3,4,3,0,0,0,1,2,1,1,0,0,5,1,1,16,2,12,0,1,0,2,1,0,4,2,5,3,9
2014.0,0.0,1.0,0.0,3,4,0,0,0,0,1,5,1,1,0,0,2,1,1,17,2,12,0,1,0,0,2,0,4,2,5,3,9
2014.0,-493.0,2.0,0.0,2,6,0,0,0,0,1,5,1,1,0,0,5,1,1,17,2,12,0,1,0,2,1,0,6,7,5,8,3
2014.0,-42.0,0.0,0.0,3,1,4,0,0,0,0,5,1,1,0,0,5,1,1,18,2,12,0,1,0,1,1,0,6,9,5,3,2
2014.0,-40.0,0.0,0.0,3,10,0,0,0,0,2,2,1,1,0,1,2,1,1,18,2,12,0,1,0,0,0,0,2,9,5,3,2
2014.0,79.0,0.0,0.0,3,6,0,0,0,0,1,2,1,1,0,1,2,1,1,20,2,12,0,0,0,1,1,0,6,7,5,8,3
2014.0,75.0,0.0,0.0,3,5,0,0,0,0,1,1,1,1,0,1,9,1,1,5,3,12,0,0,0,0,1,0,4,5,5,8,1
2014.0,135.0,2.0,0.0,2,1,3,0,0,0,2,5,1,1,0,0,9,1,1,7,3,12,0,1,0,0,2,0,0,5,5,9,3
2014.0,849.0,0.0,0.0,3,4,3,0,0,0,0,6,1,1,0,1,9,1,1,7,3,12,0,1,0,1,1,0,6,2,5,3,5
2014.0,0.0,0.0,0.0,3,6,3,0,0,0,0,9,1,1,0,0,9,1,1,8,3,12,0,1,0,1,1,0,4,7,5,8,3
2014.0,0.0,1.0,0.0,2,1,3,0,0,0,1,1,1,1,0,0,2,1,1,12,3,12,0,0,0,2,0,0,4,2,5,3,3
2014.0,0.0,0.0,0.0,3,4,3,0,0,0,0,4,1,1,0,0,5,1,1,13,3,12,0,0,0,2,1,0,2,2,5,3,9
2014.0,0.0,0.0,0.0,3,6,3,0,0,0,1,9,1,1,0,1,9,1,1,14,3,12,0,0,0,2,2,0,4,7,5,8,3
2014.0,-80.0,1.0,0.0,2,4,3,0,0,0,1,1,1,1,0,1,5,1,1,14,3,12,0,0,0,2,2,0,0,2,5,3,9
2014.0,-55.0,2.0,0.0,3,3,3,0,0,0,1,5,1,1,0,1,2,1,1,15,3,12,0,0,0,1,1,0,4,2,5,5,5
2014.0,350.0,0.0,0.0,3,10,3,0,0,0,1,9,1,1,0,0,9,1,1,15,3,12,0,0,0,1,1,0,6,9,5,3,2
2014.0,-84.0,0.0,0.0,3,10,3,0,0,0,1,2,1,1,0,0,2,1,1,17,3,12,0,1,0,1,1,0,6,9,5,3,2
2014.0,-110.0,0.0,0.0,3,6,4,0,0,0,0,2,1,1,0,0,2,1,1,17,3,12,0,1,0,2,1,0,4,7,5,8,3
2014.0,14.0,0.0,0.0,3,4,4,0,0,0,1,1,1,1,0,1,5,1,1,17,3,12,0,1,0,1,2,0,4,2,5,3,9
2014.0,53.0,1.0,0.0,2,6,0,0,0,0,1,5,1,1,0,0,5,1,1,18,3,12,0,1,0,2,2,0,4,7,5,8,3
2014.0,-132.0,0.0,0.0,3,6,0,0,0,0,1,2,1,1,0,0,2,1,1,18,3,12,0,1,0,2,2,0,2,7,5,8,3
2014.0,0.0,4.0,0.0,3,5,0,0,0,0,1,1,1,1,0,1,9,1,1,19,3,12,0,1,0,2,1,0,4,7,5,3,9
2014.0,68.0,0.0,0.0,3,6,3,0,0,0,1,9,1,1,0,1,9,1,1,6,4,12,0,0,0,1,1,0,2,7,5,8,3
2014.0,490.0,3.0,0.0,3,6,3,0,0,0,1,9,1,1,0,0,9,1,1,7,4,12,0,1,0,2,1,0,6,7,5,8,3
2014.0,-300.0,2.0,0.0,2,6,3,0,0,0,1,5,1,1,0,1,5,1,1,8,4,12,0,1,0,1,0,0,6,7,5,8,3
2014.0,0.0,2.0,0.0,2,1,3,0,0,0,0,2,1,1,0,0,1,1,1,9,4,12,0,1,0,1,2,0,2,2,5,3,3
2014.0,0.0,2.0,0.0,3,4,3,1,0,0,0,1,1,1,0,1,9,1,1,10,4,12,0,0,0,0,1,0,4,2,5,3,9
2014.0,-591.0,0.0,0.0,3,10,3,0,0,0,1,2,1,1,0,1,2,1,1,11,4,12,0,0,0,2,1,0,6,9,5,3,2
2014.0,40.0,1.0,0.0,3,5,3,0,0,0,1,6,1,1,0,0,5,1,1,13,4,12,0,0,0,1,1,0,6,4,8,3,9
2014.0,70.0,0.0,0.0,3,10,3,0,0,0,0,2,1,1,0,1,2,1,1,14,4,12,0,0,0,0,2,0,4,5,5,3,2
2014.0,-100.0,0.0,0.0,3,6,3,0,0,0,1,2,1,1,0,1,2,1,1,15,4,12,0,0,0,2,2,0,4,7,5,8,3
2014.0,-285.0,0.0,0.0,3,6,3,1,0,0,1,5,1,1,0,1,5,1,1,15,4,12,0,0,0,1,0,0,6,7,5,3,2
2014.0,266.0,0.0,0.0,3,10,3,0,0,0,0,9,1,1,0,0,9,1,1,15,4,12,0,0,0,2,1,0,6,9,5,3,3
2014.0,0.0,0.0,0.0,3,4,3,0,0,0,2,2,1,1,0,0,1,1,1,15,4,12,0,0,0,0,0,0,4,2,5,3,9
2014.0,-112.0,1.0,0.0,3,4,3,0,0,0,1,1,1,1,0,0,9,1,1,16,4,12,0,1,0,2,1,0,6,5,5,3,9
2014.0,0.0,1.0,0.0,3,4,0,0,0,0,1,1,1,1,0,0,9,1,1,18,4,12,0,1,0,0,1,0,4,7,5,9,3
2014.0,0.0,3.0,0.0,2,6,0,3,4,0,1,9,1,1,0,1,9,1,1,3,5,12,1,0,1,2,1,0,6,7,5,8,3
2014.0,-150.0,0.0,0.0,3,12,3,3,0,0,2,8,1,1,1,1,8,1,1,9,5,12,1,1,0,0,1,0,6,5,5,6,5
2014.0,105.0,0.0,0.0,3,10,3,0,0,0,0,2,1,1,0,0,2,1,1,12,5,12,1,0,0,1,0,0,6,9,5,3,3
2014.0,0.0,0.0,0.0,3,1,3,0,0,0,0,9,1,1,0,1,1,1,1,13,5,12,1,0,0,2,1,0,1,2,5,3,9
2014.0,-414.0,0.0,0.0,3,4,3,0,0,0,1,1,1,1,0,1,5,1,1,13,5,12,1,0,0,1,2,0,0,2,5,3,9
2014.0,90.0,1.0,0.0,2,12,3,0,0,0,1,1,1,1,0,1,2,1,1,13,5,12,1,0,0,0,1,0,6,2,5,3,9
2014.0,0.0,0.0,0.0,3,6,3,0,0,0,1,9,1,1,0,1,4,1,1,16,5,12,1,1,0,1,1,0,2,5,5,2,3
2014.0,53.0,0.0,0.0,3,6,3,0,0,0,0,2,1,1,0,1,2,1,1,16,5,12,1,1,0,2,2,0,6,7,5,3,3
2014.0,516.0,0.0,0.0,3,6,0,0,0,0,1,2,1,1,0,0,2,1,1,18,5,12,1,1,0,2,0,0,6,7,5,8,3
2014.0,75.0,0.0,0.0,3,12,0,0,0,0,2,8,1,1,0,0,5,1,1,20,5,12,1,0,0,0,1,0,6,5,5,6,5
2014.0,0.0,0.0,0.0,3,1,0,0,0,0,1,5,1,1,0,1,1,1,1,23,5,12,1,0,0,1,1,0,4,2,5,3,3
2014.0,0.0,1.0,0.0,3,4,2,0,0,0,1,1,0,1,0,1,5,1,1,7,6,12,1,1,0,1,1,0,2,2,5,9,0
2014.0,240.0,0.0,0.0,3,4,3,0,0,0,0,1,1,1,0,0,1,1,1,9,6,12,1,1,0,1,1,0,6,4,5,3,9
2014.0,-45.0,1.0,0.0,3,6,3,0,0,0,1,1,1,1,0,0,1,1,1,11,6,12,1,0,0,1,1,0,6,8,5,3,3
2014.0,-0.01,0.0,0.0,3,1,3,0,0,0,1,9,1,1,0,1,9,1,1,15,6,12,1,0,0,1,1,0,6,7,5,3,9
2014.0,-200.0,1.0,0.0,2,10,3,0,0,0,0,5,1,1,0,0,5,1,1,16,6,12,1,1,0,2,2,0,6,9,5,3,2
2014.0,-170.0,0.0,0.0,3,6,0,0,0,0,0,9,1,1,0,0,9,1,1,17,6,12,1,1,0,1,2,0,6,7,5,0,3
2014.0,-47.0,0.0,0.0,3,6,4,4,0,0,1,1,0,1,0,0,1,1,1,18,6,12,1,1,0,2,1,0,4,7,5,3,3
2014.0,-226.0,0.0,0.0,3,1,0,0,0,0,1,2,1,1,0,1,2,1,1,19,6,12,1,1,0,2,0,0,6,4,5,3,9
2014.0,121.0,0.0,0.0,3,4,3,0,0,0,1,3,1,1,0,1,9,1,1,7,0,12,0,1,0,1,1,0,4,5,5,3,9
2014.0,-25.0,0.0,0.0,3,6,3,0,0,0,1,2,1,1,0,1,2,1,1,11,0,12,0,0,0,1,1,0,6,7,5,8,3
2014.0,0.0,0.0,0.0,3,4,3,0,0,0,2,2,1,1,0,0,2,1,1,12,0,12,0,0,0,0,0,0,2,7,5,9,9
2014.0,0.0,0.0,0.0,3,1,3,0,0,0,0,1,1,1,0,0,2,1,1,12,0,12,0,0,0,1,1,0,2,2,5,3,3
2014.0,-65.0,0.0,0.0,3,4,3,0,0,0,0,9,1,1,0,1,5,1,1,12,0,12,0,0,0,2,2,0,4,2,5,3,9
2014.0,244.0,0.0,0.0,3,6,3,0,0,0,1,1,1,1,0,1,1,1,1,14,0,12,0,0,0,1,1,0,6,7,5,8,3
2014.0,480.0,1.0,0.0,3,4,3,0,0,0,0,5,1,1,0,1,9,1,1,14,0,12,0,0,0,2,0,0,6,2,5,3,9
2014.0,278.0,0.0,0.0,3,6,3,0,0,0,1,1,1,0,0,1,1,1,1,16,0,12,0,1,0,1,1,0,4,7,5,8,3
2014.0,46.0,0.0,0.0,3,6,0,0,0,0,1,9,1,1,0,1,9,1,1,17,0,12,0,1,0,1,1,0,4,7,5,8,8
2014.0,-60.0,0.0,0.0,3,10,0,0,0,0,1,2,1,1,0,1,2,1,1,0,1,12,0,0,0,1,1,0,4,9,5,3,9
2014.0,73.0,1.0,0.0,2,6,0,0,0,0,0,1,1,1,0,1,1,1,1,6,1,12,0,0,0,1,1,0,6,7,5,8,3
2014.0,30.0,0.0,0.0,3,6,3,0,0,0,1,9,1,1,0,1,9,1,1,12,1,12,0,0,0,1,1,0,6,7,5,8,3
2014.0,-107.0,0.0,0.0,3,1,3,0,0,0,1,5,1,1,0,0,2,1,1,13,1,12,0,0,0,1,1,0,4,5,5,8,9
2014.0,-0.14,1.0,0.0,3,4,3,0,0,0,0,2,1,1,0,1,1,1,1,15,1,12,0,0,0,2,0,0,6,2,5,3,9
2014.0,821.0,2.0,0.0,2,6,3,0,0,0,1,5,1,1,0,0,5,1,1,16,1,12,0,1,0,1,1,0,6,7,5,8,3
2014.0,179.0,0.0,0.0,3,6,3,0,0,0,2,5,1,1,0,0,5,1,1,16,1,12,0,1,0,0,1,0,6,7,7,3,3
2014.0,1170.0,5.0,0.0,3,6,4,0,0,0,0,2,1,1,0,0,2,1,1,17,1,12,0,1,0,1,1,0,6,7,5,8,8
2014.0,245.0,1.0,0.0,1,4,0,0,0,0,0,1,1,1,0,1,2,1,1,18,1,12,0,1,0,1,2,0,4,4,5,3,9
2014.0,100.0,0.0,0.0,3,10,0,0,0,0,2,1,1,1,0,0,1,1,1,18,1,12,0,1,0,0,1,0,6,9,5,3,2
2014.0,80.0,1.0,0.0,3,6,0,1,0,0,2,5,1,1,0,1,5,1,1,19,1,12,0,1,0,0,2,0,4,7,5,8,3
2014.0,0.0,0.0,0.0,3,1,0,0,0,0,1,7,1,1,0,0,1,1,1,19,1,12,0,1,0,2,1,0,4,5,2,3,9
2014.0,0.0,0.0,0.0,3,4,0,3,4,0,0,1,1,1,0,1,6,1,1,21,1,12,0,0,1,2,2,0,4,2,5,9,3
2014.0,-200.0,0.0,0.0,3,10,1,3,4,0,1,9,1,1,1,1,2,1,1,6,2,12,0,0,1,2,1,0,0,4,5,6,9
2014.0,32.0,1.0,0.0,2,1,0,1,4,0,1,2,1,1,3,0,9,1,1,6,2,12,0,0,1,1,2,0,4,2,5,7,9
2014.0,0.0,0.0,0.0,3,6,3,1,4,0,1,2,1,1,0,0,2,1,1,7,2,12,0,1,1,2,1,0,4,7,5,8,3
2014.0,25.0,0.0,0.0,3,6,3,1,4,0,1,9,1,1,0,1,9,1,1,8,2,12,0,1,1,1,1,0,4,7,5,8,3
2014.0,0.0,0.0,0.0,3,6,3,1,0,0,0,2,1,1,0,1,2,1,1,8,2,12,0,1,0,2,1,0,4,5,5,8,3
2014.0,73.0,0.0,0.0,3,6,3,0,0,0,1,9,1,1,0,1,9,1,1,11,2,12,0,0,0,2,0,0,4,7,5,8,3
2014.0,300.0,0.0,0.0,3,1,3,1,0,0,1,5,1,1,0,1,1,1,1,12,2,12,0,0,0,1,1,0,0,2,5,3,9
2014.0,0.0,0.0,0.0,3,1,3,1,0,0,0,1,1,1,0,0,2,1,1,12,2,12,0,0,0,2,1,0,2,2,5,3,3
2014.0,264.0,0.0,0.0,3,6,3,0,0,0,0,2,1,1,0,0,2,1,1,12,2,12,0,0,0,1,0,0,0,7,5,8,3
2014.0,104.0,0.0,0.0,3,6,3,0,0,0,0,9,1,1,0,0,9,1,1,15,2,12,0,0,0,1,1,0,4,7,5,8,3
2014.0,-31.0,2.0,0.0,3,4,3,1,0,0,0,7,1,1,0,0,2,1,1,16,2,12,0,1,0,2,1,0,4,2,5,3,9
2014.0,0.0,0.0,0.0,3,4,3,0,0,0,0,2,1,1,0,0,9,1,1,16,2,12,0,1,0,1,1,0,4,2,5,3,9
2014.0,-500.0,0.0,0.0,3,10,3,0,0,0,1,2,1,1,0,0,2,1,1,16,2,12,0,1,0,1,1,0,6,9,5,3,3
2014.0,-269.0,0.0,0.0,3,4,0,1,0,0,0,6,1,1,0,1,9,1,1,18,2,12,0,1,0,0,2,0,0,2,5,3,9
2014.0,242.0,0.0,0.0,3,10,3,0,0,0,1,9,1,1,0,1,9,1,1,7,3,12,0,1,0,1,1,0,6,9,5,3,2
2014.0,-206.0,0.0,0.0,3,5,3,0,0,0,1,9,1,1,0,1,9,1,1,8,3,12,0,1,0,2,1,0,6,1,5,3,3
2014.0,138.0,1.0,0.0,3,6,3,0,0,0,0,5,1,1,0,1,5,1,1,11,3,12,0,0,0,1,2,0,0,7,5,8,3
2014.0,-100.0,1.0,0.0,3,10,3,0,0,0,0,5,1,1,0,0,5,1,1,11,3,12,0,0,0,0,1,0,6,5,5,3,3
2014.0,-74.0,0.0,0.0,3,6,3,0,0,0,0,2,1,1,0,0,2,1,1,13,3,12,0,0,0,1,1,0,4,7,5,8,3
2014.0,175.0,0.0,0.0,3,6,3,1,0,0,1,9,1,1,0,1,9,1,1,13,3,12,0,0,0,1,0,0,6,7,5,8,3
2014.0,0.0,1.0,0.0,3,1,4,0,0,0,1,2,1,1,0,0,1,1,1,17,3,12,0,1,0,1,2,0,4,2,5,3,3
2014.0,-46.0,0.0,0.0,3,4,0,0,0,0,0,9,1,1,0,0,5,1,1,17,3,12,0,1,0,1,1,0,4,2,5,3,9
2014.0,0.0,1.0,0.0,2,1,0,0,0,0,0,1,1,1,0,0,2,1,1,18,3,12,0,1,0,2,0,0,4,2,5,3,3
2014.0,310.0,0.0,0.0,3,1,3,0,0,0,0,2,1,1,0,0,1,1,1,10,4,12,0,0,0,1,1,0,4,2,5,3,3
2014.0,51.0,0.0,0.0,3,6,3,0,0,0,1,9,1,1,0,0,9,1,1,11,4,12,0,0,0,1,1,0,2,7,5,8,3
2014.0,-280.0,0.0,0.0,3,10,3,0,0,0,0,1,1,1,0,0,1,1,1,12,4,12,0,0,0,1,1,0,4,5,5,3,2
2014.0,1300.0,0.0,0.0,3,6,3,0,0,0,0,2,1,1,0,1,2,1,1,14,4,12,0,0,0,2,1,0,6,7,5,8,3
2014.0,-307.0,0.0,0.0,3,10,3,0,0,0,0,5,1,1,0,0,5,1,1,14,4,12,0,0,0,1,1,0,6,5,5,3,2
2014.0,240.0,0.0,0.0,3,6,3,0,0,0,0,5,1,1,0,0,5,1,1,14,4,12,0,0,0,2,1,0,0,7,5,8,3
2014.0,1120.0,0.0,0.0,3,10,3,0,0,0,1,5,1,1,0,0,5,1,1,15,4,12,0,0,0,2,1,0,4,7,5,8,3
2014.0,0.1,0.0,0.0,3,6,3,0,0,0,1,9,1,1,0,0,9,1,1,15,4,12,0,0,0,1,2,0,0,7,5,8,9
2014.0,-87.0,0.0,0.0,3,6,3,0,0,0,1,1,1,1,0,1,1,1,1,16,4,12,0,1,0,1,2,0,4,7,5,8,3
2014.0,87.0,1.0,0.0,3,6,3,0,0,0,0,5,1,1,0,0,5,1,1,16,4,12,0,1,0,1,1,0,4,7,5,8,3
2014.0,-47.0,0.0,0.0,3,6,0,0,0,0,1,1,1,1,0,0,1,1,1,17,4,12,0,1,0,1,1,0,4,7,5,8,3
2014.0,-495.0,0.0,0.0,3,4,0,1,0,0,1,3,1,1,0,1,9,1,1,18,4,12,0,1,0,2,1,0,0,2,5,3,9
2014.0,0.0,0.0,0.0,3,6,0,0,0,0,1,2,1,1,0,0,2,1,1,18,4,12,0,1,0,1,0,0,4,5,5,8,9
2014.0,0.0,0.0,0.0,3,1,0,0,0,0,0,2,1,1,0,1,1,1,1,18,4,12,0,1,0,2,1,0,4,2,5,3,9
2014.0,0.0,0.0,0.0,3,10,0,0,0,0,2,3,1,1,0,0,8,1,1,19,4,12,0,1,0,0,1,0,4,5,8,9,9
2014.0,0.0,1.0,0.0,3,1,0,0,0,0,1,1,1,1,0,1,2,1,1,1,5,12,1,0,0,2,1,0,4,2,5,3,3
2014.0,0.0,0.0,0.0,3,1,3,0,0,0,1,9,1,1,0,1,2,1,1,9,5,12,1,1,0,1,1,0,2,5,5,3,3
2014.0,0.0,0.0,0.0,3,1,3,0,0,0,0,9,1,1,0,0,2,1,1,11,5,12,1,0,0,1,2,0,4,2,5,9,3
2014.0,600.0,1.0,0.0,3,1,3,0,0,0,0,2,1,1,0,1,1,1,1,12,5,12,1,0,0,2,1,0,6,2,5,3,9
2014.0,388.0,0.0,0.0,3,1,3,0,0,0,0,5,1,1,0,0,1,1,1,13,5,12,1,0,0,0,2,0,6,2,5,3,3
2014.0,0.0,0.0,0.0,3,1,3,0,0,0,1,1,1,1,0,0,4,1,1,14,5,12,1,0,0,2,1,0,2,2,5,9,3
2014.0,80.0,0.0,0.0,3,10,3,0,0,0,0,9,1,1,0,1,9,1,1,14,5,12,1,0,0,2,1,0,6,5,5,3,3
2014.0,0.0,0.0,0.0,3,10,3,1,0,0,0,4,1,1,0,0,2,1,1,15,5,12,1,0,0,1,1,0,2,4,9,3,9
2014.0,600.0,0.0,0.0,3,1,3,1,0,0,1,2,0,1,0,1,1,1,1,15,5,12,1,0,0,1,1,0,0,2,5,3,3
2014.0,0.0,1.0,0.0,2,4,3,0,0,0,0,2,1,1,0,1,1,1,1,16,5,12,1,1,0,1,1,0,4,2,5,9,3
2014.0,0.0,0.0,0.0,3,4,0,0,0,0,1,1,1,1,0,1,9,1,1,18,5,12,1,1,0,1,1,0,2,5,5,3,9
2014.0,150.0,0.0,0.0,3,10,0,3,0,0,2,5,1,1,0,1,5,1,1,19,5,12,1,1,0,0,1,0,6,5,5,2,3
2014.0,0.0,1.0,0.0,3,4,0,0,0,0,1,9,1,1,0,0,6,1,1,20,5,12,1,0,0,2,1,0,4,2,5,9,3
2014.0,-30.0,0.0,0.0,3,12,3,0,0,0,0,9,1,1,0,0,9,1,1,15,6,12,1,0,0,2,0,0,2,5,5,9,3
2014.0,100.0,0.0,0.0,3,6,3,0,0,0,1,1,1,1,0,1,1,1,1,15,6,12,1,0,0,0,1,0,6,7,5,8,3
2014.0,-35.0,0.0,0.0,3,6,4,0,0,0,1,2,1,1,0,0,2,1,1,19,6,12,1,1,0,2,1,0,4,8,5,3,3
2014.0,339.0,3.0,0.0,3,3,3,0,0,0,1,9,1,1,0,0,1,1,1,11,0,12,0,0,0,1,0,0,6,5,5,3,3
2014.0,130.0,1.0,0.0,3,6,3,0,0,0,0,5,1,1,0,0,5,1,1,11,0,12,0,0,0,0,2,0,4,7,5,8,3
2014.0,-150.0,1.0,0.0,3,6,3,0,0,0,0,1,1,1,0,0,1,1,1,13,0,12,0,0,0,2,1,0,4,7,5,8,3
2014.0,300.0,0.0,0.0,3,10,3,0,0,0,1,9,1,1,0,0,9,1,1,14,0,12,0,0,0,0,2,0,6,9,5,3,2
2014.0,84.0,1.0,0.0,3,6,3,0,0,0,1,9,1,1,0,0,9,1,1,15,0,12,0,0,0,2,1,0,0,7,5,9,3
2014.0,-50.0,0.0,0.0,3,6,3,0,0,0,0,1,1,1,0,1,1,1,1,16,0,12,0,1,0,1,1,0,2,8,5,3,3
2014.0,100.0,2.0,0.0,3,6,3,0,0,0,1,2,1,1,0,1,2,1,1,16,0,12,0,1,0,1,0,0,6,7,5,8,3
2014.0,0.0,0.0,0.0,3,6,3,0,0,0,0,1,1,1,0,0,1,1,1,16,0,12,0,1,0,2,2,0,4,7,5,8,8
2014.0,145.0,1.0,0.0,2,5,3,0,0,2,1,9,1,1,0,1,2,1,1,17,0,12,0,1,0,2,1,0,0,9,5,9,3
2014.0,200.0,0.0,0.0,3,6,0,4,0,0,0,5,1,1,0,1,5,1,1,17,0,12,0,1,0,1,2,0,6,7,5,3,3
2014.0,500.0,0.0,0.0,3,6,2,0,0,0,0,5,1,1,0,0,5,1,1,17,0,12,0,1,0,1,1,0,6,7,5,8,3
2014.0,-0.15,0.0,0.0,3,6,0,0,0,0,0,1,1,1,0,1,1,1,1,17,0,12,0,1,0,2,1,0,6,8,5,3,3
2014.0,0.0,0.0,0.0,3,1,0,0,0,0,0,1,1,1,0,1,5,1,1,18,0,12,0,1,0,1,1,0,4,2,5,3,3
2014.0,30.0,1.0,0.0,3,6,0,0,0,0,1,9,1,1,0,0,1,1,1,18,0,12,0,1,0,2,1,0,2,5,5,9,9
2014.0,0.0,0.0,0.0,3,4,0,0,0,0,1,3,1,1,0,1,9,1,1,20,0,12,0,0,0,0,2,0,2,4,5,3,9
2014.0,35.0,0.0,0.0,3,1,3,0,0,0,0,1,1,1,0,1,5,1,1,9,1,12,0,1,0,0,0,0,4,5,5,9,3
2014.0,250.0,0.0,0.0,3,4,3,0,0,0,0,1,1,1,0,0,9,1,1,9,1,12,0,1,0,1,1,0,4,2,5,3,9
2014.0,200.0,3.0,0.0,3,6,3,0,0,0,0,2,1,1,0,1,2,1,1,13,1,12,0,0,0,1,1,0,4,7,5,8,3
2014.0,500.0,0.0,0.0,3,6,3,0,0,0,0,9,1,1,0,0,9,1,1,14,1,12,0,0,0,1,1,0,6,7,5,8,3
2014.0,133.0,0.0,0.0,3,6,3,0,0,0,0,5,1,1,0,0,5,1,1,16,1,12,0,1,0,0,1,0,2,7,5,8,8
2014.0,-213.0,0.0,0.0,3,10,3,0,0,0,0,5,1,1,0,1,5,1,1,16,1,12,0,1,0,2,1,0,6,9,5,3,2
2014.0,104.0,0.0,0.0,3,6,0,0,0,0,1,9,1,1,0,1,9,1,1,17,1,12,0,1,0,1,2,0,4,7,5,8,8
2014.0,-229.0,1.0,0.0,3,10,3,0,0,0,1,2,1,1,0,0,2,1,1,8,2,12,0,1,0,2,1,0,6,9,5,3,2
2014.0,0.0,2.0,0.0,1,4,3,0,0,0,1,9,1,1,0,0,5,1,1,13,2,12,0,0,0,2,1,0,4,2,5,3,9
2014.0,0.0,0.0,0.0,3,4,3,0,0,0,1,6,1,1,0,1,9,1,1,13,2,12,0,0,0,2,1,0,4,2,5,3,9
2014.0,0.0,0.0,0.0,3,4,3,0,0,0,1,2,0,1,0,0,9,1,1,15,2,12,0,0,0,1,2,0,4,2,5,9,3
2014.0,32.0,1.0,0.0,3,6,0,0,0,0,1,9,1,1,0,1,9,1,1,18,2,12,0,1,0,1,1,0,4,5,5,3,1
2014.0,0.0,1.0,0.0,3,1,0,0,0,0,0,5,1,1,0,1,9,1,1,18,2,12,0,1,0,0,1,0,4,2,5,3,3
2014.0,0.0,1.0,0.0,2,4,3,0,0,0,1,5,1,1,0,1,2,1,1,8,3,12,0,1,0,0,1,0,4,5,5,9,3
2014.0,35.0,0.0,0.0,3,9,3,1,0,0,2,9,1,1,1,1,0,1,1,13,3,12,0,0,0,0,2,0,6,9,5,6,3