Year,Distance,Totalinjuries,Totalfatalities,Injuryseverity,Collisionmanner,Lightcondition,Weather,SurfaceCondition,Unittype_One,Gender_Drv1,Traveldirection_One,AlcoholUse_Drv1,DrugUse_Drv1,Unittype_Two,Gender_Drv2,Traveldirection_Two,AlcoholUse_Drv2,DrugUse_Drv2,Hour,Weekday,Month,Weekend,Rush_Hour,Hazardous_Road,Age_Group_Drv1,Age_Group_Drv2,Substance_Use,Junction_Category,Violation_Category_Drv1,Violation_Category_Drv2,Unitaction_Category_Two,Unitaction_Category_One
2014.0,0.0,0.0,0.0,3,1,3,0,0,0,1,9,1,1,0,1,5,1,1,15,3,12,0,0,0,1,0,0,4,2,5,3,3
2014.0,200.0,0.0,0.0,3,6,3,0,0,0,1,9,1,1,0,1,9,1,1,10,4,12,0,0,0,1,1,0,6,7,5,8,3
2014.0,-650.0,0.0,0.0,3,4,3,0,0,0,0,2,1,1,0,1,5,1,1,12,4,12,0,0,0,0,1,0,0,2,5,3,9
2014.0,380.0,0.0,0.0,3,1,3,0,0,0,0,9,1,1,0,1,2,1,1,12,4,12,0,0,0,2,2,0,0,2,5,3,9
2014.0,370.0,1.0,0.0,1,6,3,0,0,0,1,9,1,1,0,1,9,1,1,14,4,12,0,0,0,0,0,0,6,7,5,8,3
2014.0,-5.0,0.0,0.0,3,6,3,0,0,0,1,2,1,1,0,0,2,1,1,15,4,12,0,0,0,2,2,0,4,7,5,8,3
2014.0,28.0,0.0,0.0,3,6,3,0,0,0,1,9,1,1,0,0,9,1,1,16,4,12,0,1,0,2,1,0,6,7,5,8,3
2014.0,0.0,0.0,0.0,3,6,3,0,0,0,1,9,1,1,1,1,2,1,1,17,4,12,0,1,0,2,1,0,2,7,5,6,9
2014.0,55.0,0.0,0.0,3,1,0,1,0,0,1,4,1,1,0,0,2,1,1,19,4,12,0,1,0,1,1,0,4,4,5,3,9
2014.0,-40.0,0.0,0.0,3,10,0,0,0,0,1,1,1,1,0,0,1,1,1,21,4,12,0,0,0,2,2,0,4,9,5,3,2
2014.0,0.0,0.0,0.0,3,1,0,0,0,0,0,2,1,1,0,0,6,1,1,22,4,12,0,0,0,1,2,0,2,2,5,9,3
2014.0,26.0,0.0,0.0,3,10,2,0,0,0,1,2,1,1,0,0,2,1,1,7,5,12,1,1,0,1,1,0,6,9,5,3,3
2014.0,-40.0,0.0,0.0,3,10,3,0,0,0,1,1,1,1,0,1,1,1,1,15,5,12,1,0,0,0,1,0,2,9,5,3,2
2014.0,130.0,0.0,0.0,3,6,3,0,0,0,1,9,1,1,0,0,9,1,1,16,5,12,1,1,0,2,1,0,4,7,5,8,3
2014.0,0.0,1.0,0.0,3,4,0,0,0,0,1,1,1,1,0,0,9,1,1,0,6,12,1,0,0,0,0,0,2,4,5,3,9
2014.0,0.0,0.0,0.0,3,4,3,0,0,0,0,2,1,1,0,1,9,1,1,13,6,12,1,0,0,2,2,0,6,7,5,9,3
2014.0,200.0,2.0,0.0,2,6,0,0,0,0,0,9,0,1,0,0,9,1,1,19,6,12,1,1,0,1,1,0,6,5,5,8,3
2014.0,0.0,0.0,0.0,3,1,0,0,0,0,1,7,1,1,0,1,9,1,1,21,6,12,1,0,0,2,1,0,4,2,5,3,9
2014.0,-100.0,0.0,0.0,3,6,3,0,0,0,1,2,1,1,0,0,2,1,1,12,0,12,0,0,0,1,2,0,4,7,5,8,3
2014.0,-100.0,1.0,0.0,3,6,3,0,0,0,1,2,1,1,0,1,2,1,1,12,0,12,0,0,0,2,2,0,4,7,5,8,3
2014.0,0.0,0.0,0.0,3,6,3,0,0,0,0,1,1,1,0,0,1,1,1,16,0,12,0,1,0,1,1,0,4,7,5,8,3
2014.0,129.0,1.0,0.0,2,6,0,0,0,0,0,1,1,1,0,0,1,1,1,17,0,12,0,1,0,1,1,0,6,7,5,8,3
2014.0,20.0,0.0,0.0,3,6,0,0,0,0,0,9,1,1,0,1,9,1,1,18,0,12,0,1,0,2,1,0,4,7,5,8,8
2014.0,180.0,0.0,0.0,3,6,0,0,0,0,1,9,1,1,0,1,9,1,1,20,0,12,0,0,0,1,2,0,4,8,5,3,3
2014.0,-50.0,1.0,0.0,2,6,0,0,0,0,0,5,0,1,1,1,5,1,1,21,0,12,0,0,0,1,1,0,6,7,5,6,3
2014.0,0.0,2.0,0.0,2,4,3,0,0,0,1,5,0,1,0,1,2,1,1,7,1,12,0,1,0,1,2,0,4,5,5,3,9
2014.0,0.0,1.0,0.0,2,1,3,0,0,0,0,2,1,1,0,1,9,1,1,9,1,12,0,1,0,0,1,0,4,2,5,3,9
2014.0,-85.0,0.0,0.0,3,6,3,0,0,0,1,1,1,1,0,1,1,1,1,14,1,12,0,0,0,1,1,0,4,7,5,8,3
2014.0,0.0,2.0,0.0,3,6,3,0,0,0,1,2,1,1,0,0,2,1,1,14,1,12,0,0,0,1,1,0,4,7,5,9,3
2014.0,-67.0,0.0,0.0,3,6,3,0,0,0,1,2,1,1,0,1,2,1,1,15,1,12,0,0,0,2,2,0,4,7,5,8,3
2014.0,285.0,0.0,0.0,3,4,3,0,0,0,0,1,1,1,0,1,5,1,1,16,1,12,0,1,0,1,2,0,0,2,5,3,9
2014.0,-306.0,0.0,0.0,3,5,3,0,0,2,1,1,1,1,0,1,5,1,1,16,1,12,0,1,0,1,1,0,0,9,5,9,3
2014.0,60.0,0.0,0.0,3,6,3,0,0,0,0,9,1,1,0,0,9,1,1,16,1,12,0,1,0,1,2,0,4,7,5,8,3
2014.0,-100.0,0.0,0.0,3,1,3,0,0,0,1,2,1,1,0,0,1,1,1,17,1,12,0,1,0,2,0,0,6,2,5,8,5
2014.0,-150.0,4.0,0.0,3,6,0,0,0,0,1,1,1,1,0,1,1,1,1,17,1,12,0,1,0,1,1,0,4,7,5,8,3
2014.0,-150.0,2.0,0.0,3,4,0,0,0,0,1,1,1,1,0,1,9,1,1,19,1,12,0,1,0,1,2,0,6,2,5,3,9
2014.0,-10.0,0.0,0.0,3,10,0,1,0,0,0,2,1,1,0,1,2,1,1,23,1,12,0,0,0,1,1,0,4,5,5,9,9
2014.0,0.0,0.0,0.0,3,1,3,3,4,0,1,3,1,1,0,1,2,1,1,8,2,12,0,1,1,1,1,0,4,4,5,3,9
2014.0,50.0,1.0,0.0,3,6,3,0,0,0,2,9,1,1,0,0,9,1,1,11,2,12,0,0,0,0,1,0,4,7,5,8,5
2014.0,-151.0,0.0,0.0,3,5,3,3,4,0,0,1,1,1,0,0,9,1,1,14,2,12,0,0,1,1,1,0,6,7,5,3,5
2014.0,-100.0,0.0,0.0,3,6,0,3,4,0,0,2,1,1,0,1,2,1,1,15,2,12,0,0,1,2,1,0,4,7,5,3,3
2014.0,0.0,3.0,0.0,2,1,3,3,4,0,1,9,1,1,0,1,2,1,1,16,2,12,0,1,1,2,0,0,4,5,5,3,3
2014.0,-5.0,0.0,0.0,3,1,0,3,4,0,2,5,1,1,0,1,1,1,1,20,2,12,0,0,1,0,2,0,4,7,5,8,9
2015.0,-200.0,0.0,0.0,3,12,0,0,0,0,2,8,1,1,0,0,5,1,1,1,3,1,0,0,0,0,1,0,6,5,5,6,5
2015.0,-300.0,0.0,0.0,3,6,0,1,4,0,1,2,1,1,0,0,2,1,1,1,3,1,0,0,1,1,2,0,6,7,5,3,3
2015.0,-40.0,0.0,0.0,3,6,0,1,4,0,1,1,0,1,0,1,1,1,1,2,3,1,0,0,1,1,1,0,4,7,5,8,3
2015.0,0.0,0.0,0.0,3,4,3,4,0,0,1,6,1,1,0,1,2,1,1,14,3,1,0,0,0,2,1,0,4,2,5,3,9
2015.0,90.0,0.0,0.0,3,6,0,0,0,0,2,2,1,1,0,1,2,1,1,22,3,1,0,0,0,0,1,0,6,7,5,3,3
2015.0,0.0,0.0,0.0,3,4,3,0,0,0,1,9,1,1,0,1,1,1,1,7,4,1,0,1,0,1,1,0,2,2,5,3,9
2015.0,-200.0,0.0,0.0,3,6,3,0,0,0,0,5,1,1,0,1,5,1,1,11,4,1,0,0,0,0,1,0,6,7,5,8,3
2015.0,0.0,0.0,0.0,3,1,3,0,0,0,0,1,1,1,0,0,2,1,1,11,4,1,0,0,0,2,0,0,4,2,5,3,3
2015.0,56.0,0.0,0.0,3,4,3,0,0,0,2,9,1,1,0,1,1,1,1,15,4,1,0,0,0,0,1,0,2,9,5,3,9
2015.0,-300.0,0.0,0.0,3,6,3,0,0,0,0,1,1,1,0,1,1,1,1,15,4,1,0,0,0,1,0,0,2,7,5,3,3
2015.0,-69.0,0.0,0.0,3,6,3,0,0,0,1,2,1,1,0,0,2,1,1,15,4,1,0,0,0,2,2,0,4,7,5,8,3
2015.0,0.0,0.0,0.0,3,4,3,0,0,0,1,1,1,1,0,0,7,1,1,15,4,1,0,0,0,2,1,0,4,2,5,9,3
2015.0,59.0,0.0,0.0,3,6,0,0,0,0,0,9,1,1,0,0,9,1,1,18,4,1,0,1,0,2,2,0,4,2,5,8,3
2015.0,0.0,0.0,0.0,3,4,0,0,0,0,1,2,1,1,0,1,5,1,1,18,4,1,0,1,0,1,2,0,4,2,5,3,9
2015.0,200.0,0.0,0.0,3,10,0,0,0,0,1,2,0,1,0,1,2,1,1,0,5,1,1,0,0,2,1,0,6,9,5,3,2
2015.0,60.0,0.0,0.0,3,6,0,0,0,0,1,5,1,1,1,1,2,1,1,3,5,1,1,0,0,1,1,0,6,5,5,6,3
2015.0,0.0,1.0,0.0,2,1,3,0,0,0,1,9,0,1,0,0,2,1,1,7,5,1,1,1,0,2,2,0,4,2,5,3,3
2015.0,0.0,0.0,0.0,3,1,3,0,0,0,1,1,1,1,0,0,2,1,1,8,5,1,1,1,0,1,0,0,4,2,5,3,3
2015.0,-20.0,2.0,0.0,2,1,3,0,0,0,1,1,1,1,0,1,5,1,1,11,5,1,1,0,0,1,2,0,6,9,5,3,2
2015.0,92.0,0.0,0.0,3,6,3,0,0,0,0,7,1,1,0,1,7,1,1,11,5,1,1,0,0,0,1,0,2,5,7,8,3
2015.0,0.0,0.0,0.0,3,6,3,0,0,0,1,9,1,1,0,0,5,1,1,11,5,1,1,0,0,1,1,0,2,4,5,3,9
2015.0,-80.0,0.0,0.0,3,6,3,0,0,0,1,2,1,1,0,0,2,1,1,14,5,1,1,0,0,1,1,0,4,5,5,3,8
2015.0,0.0,2.0,0.0,3,4,0,0,0,0,0,5,1,1,0,0,9,0,1,0,6,1,1,0,0,1,2,0,4,2,5,3,9
2015.0,0.0,1.0,0.0,3,10,0,0,0,0,1,1,0,1,0,1,1,1,1,0,6,1,1,0,0,1,1,0,4,9,5,3,3
2015.0,-61.0,0.0,0.0,3,6,4,0,0,0,1,2,1,1,0,1,2,1,1,17,6,1,1,1,0,2,1,0,4,7,5,3,8
2015.0,-200.0,0.0,0.0,3,10,3,0,0,0,1,1,1,1,0,0,1,1,1,9,0,1,0,1,0,1,0,0,6,5,5,3,6
2015.0,-30.0,1.0,0.0,2,5,3,0,0,0,1,1,1,1,3,1,5,1,1,11,0,1,0,0,0,0,1,0,6,7,5,7,3
2015.0,-100.0,0.0,0.0,3,10,3,0,0,0,0,9,1,1,0,1,9,1,1,13,0,1,0,0,0,2,1,0,6,9,5,3,2
2015.0,-100.0,0.0,0.0,3,1,3,0,0,0,0,9,1,1,0,1,9,1,1,14,0,1,0,0,0,2,1,0,0,4,5,3,9
2015.0,40.0,0.0,0.0,3,8,3,0,0,0,1,2,1,1,0,1,5,1,1,14,0,1,0,0,0,0,1,0,6,2,5,9,1
2015.0,236.0,1.0,0.0,2,6,3,0,0,0,0,9,1,1,0,0,9,1,1,14,0,1,0,0,0,2,1,0,6,8,5,8,8
2015.0,100.0,0.0,0.0,3,10,3,0,0,0,0,1,1,1,0,1,1,1,1,14,0,1,0,0,0,2,1,0,4,9,5,3,3
2015.0,-255.0,2.0,0.0,3,4,3,0,0,0,0,7,1,1,0,1,1,1,1,15,0,1,0,0,0,1,2,0,6,4,5,3,9
2015.0,20.0,1.0,0.0,2,5,0,0,0,3,1,9,0,1,0,1,2,1,1,22,0,1,0,0,0,0,0,0,4,6,5,3,5
2015.0,0.0,0.0,0.0,3,4,0,0,0,0,1,9,1,1,0,0,2,1,1,23,0,1,0,0,0,2,2,0,2,2,5,9,3
2015.0,-70.0,0.0,0.0,3,6,3,0,0,0,0,2,1,1,0,1,2,1,1,11,1,1,0,0,0,1,1,0,6,7,5,8,3
2015.0,0.0,1.0,0.0,3,6,3,0,0,0,2,5,1,1,0,0,5,1,1,14,1,1,0,0,0,0,2,0,2,7,5,8,3
2015.0,37.0,0.0,0.0,3,6,3,0,0,0,1,9,1,1,0,0,9,1,1,7,2,1,0,1,0,1,1,0,4,7,5,3,3
2015.0,-200.0,0.0,0.0,3,10,3,0,0,0,1,1,1,1,0,1,1,1,1,8,2,1,0,1,0,1,2,0,6,5,5,5,2
2015.0,-52.0,1.0,0.0,3,6,3,0,0,0,1,1,1,1,0,0,1,1,1,12,2,1,0,0,0,1,1,0,4,7,5,9,9
2015.0,-130.0,1.0,0.0,3,6,3,0,0,0,1,2,1,1,0,0,2,1,1,12,2,1,0,0,0,1,2,0,4,7,5,8,3
2015.0,54.0,0.0,0.0,3,5,3,0,0,0,0,2,1,1,0,1,5,1,1,14,2,1,0,0,0,2,1,0,6,5,5,8,1
2015.0,-10.0,0.0,0.0,3,10,3,0,0,0,2,1,1,1,0,1,1,1,1,14,2,1,0,0,0,0,0,0,4,9,5,3,9
2015.0,0.0,6.0,0.0,3,1,3,0,0,0,0,2,1,1,0,1,9,1,1,15,2,1,0,0,0,0,2,0,6,2,5,3,3
2015.0,-70.0,2.0,0.0,3,6,4,0,0,0,2,1,1,1,0,0,1,1,1,16,2,1,0,1,0,0,1,0,4,7,5,8,3
2015.0,-200.0,0.0,0.0,3,6,0,0,0,0,0,5,1,1,0,1,5,1,1,18,2,1,0,1,0,2,1,0,1,7,5,8,2
2015.0,-205.0,0.0,0.0,3,6,0,0,0,0,1,9,1,0,1,1,9,1,1,19,2,1,0,1,0,2,1,0,6,8,5,6,3
2015.0,-53.0,1.0,0.0,2,1,0,0,0,3,1,2,1,1,0,1,9,1,1,6,3,1,0,0,0,2,0,0,6,6,7,9,5
2015.0,-43.0,1.0,0.0,3,1,3,0,0,0,1,5,1,1,0,0,9,1,1,12,3,1,0,0,0,0,2,0,2,4,5,3,9
2015.0,0.0,0.0,0.0,3,4,3,0,0,0,0,9,1,1,0,0,1,1,1,13,3,1,0,0,0,0,1,0,4,2,5,3,9
2015.0,800.0,0.0,0.0,3,10,3,0,0,0,0,5,1,1,0,0,5,1,1,13,3,1,0,0,0,1,1,0,6,9,5,3,2
2015.0,-65.0,1.0,0.0,2,5,3,0,0,3,1,5,1,1,0,1,9,1,1,15,3,1,0,0,0,2,0,0,6,2,5,3,7
2015.0,0.0,0.0,0.0,3,1,3,0,0,0,0,1,1,1,0,0,2,1,1,15,3,1,0,0,0,1,1,0,4,2,5,3,3
2015.0,72.0,1.0,0.0,3,6,3,0,0,0,0,9,1,1,0,0,9,1,1,15,3,1,0,0,0,1,2,0,6,7,5,8,3
2015.0,-120.0,1.0,0.0,3,6,3,0,0,0,1,5,1,1,0,0,5,1,1,16,3,1,0,1,0,2,1,0,2,7,7,3,3
2015.0,-1056.0,0.0,0.0,3,4,4,0,0,0,0,5,1,1,0,1,1,1,1,17,3,1,0,1,0,2,1,0,6,4,5,3,9
2015.0,-15.0,2.0,0.0,3,10,0,0,0,0,0,5,1,1,0,1,9,1,1,18,3,1,0,1,0,0,1,0,4,4,5,3,9
2015.0,0.0,0.0,0.0,3,4,0,0,0,0,0,1,1,1,0,0,9,1,1,18,3,1,0,1,0,2,1,0,4,2,5,3,9
2015.0,0.0,0.0,0.0,3,1,0,0,0,0,1,9,1,1,0,0,5,1,1,18,3,1,0,1,0,0,1,0,4,2,5,3,9
2015.0,151.0,0.0,0.0,3,10,0,0,0,0,0,2,1,1,0,0,2,1,1,18,3,1,0,1,0,1,1,0,6,9,5,3,0
2015.0,538.0,0.0,0.0,3,10,0,0,0,0,0,1,1,1,0,1,1,1,1,23,3,1,0,0,0,1,1,0,6,9,5,3,2
2015.0,34.0,2.0,0.0,2,1,3,0,0,3,1,2,1,1,3,1,2,1,1,7,4,1,0,1,0,2,2,0,4,2,2,5,5
2015.0,0.0,0.0,0.0,3,4,3,0,0,0,1,5,1,1,0,0,2,1,1,11,4,1,0,0,0,2,2,0,2,2,5,9,3
2015.0,79.0,1.0,0.0,3,6,3,0,0,0,1,2,1,1,0,1,2,1,1,13,4,1,0,0,0,1,1,0,6,7,5,8,3
2015.0,199.0,0.0,0.0,3,6,3,0,0,0,1,5,1,1,0,1,5,1,1,14,4,1,0,0,0,2,1,0,4,7,5,8,3
2015.0,-1000.0,0.0,0.0,3,1,3,0,0,0,0,2,1,1,0,1,1,1,1,16,4,1,0,1,0,1,1,0,0,2,5,3,9
2015.0,0.0,0.0,0.0,3,10,3,0,0,0,0,4,1,1,0,0,2,1,1,16,4,1,0,1,0,1,2,0,4,5,5,3,9
2015.0,0.0,0.0,0.0,3,6,4,0,0,0,1,2,1,1,0,0,2,1,1,18,4,1,0,1,0,2,2,0,6,8,5,8,8
2015.0,0.0,0.0,0.0,3,1,0,0,0,0,0,2,1,1,0,0,5,1,1,18,4,1,0,1,0,2,0,0,4,2,5,3,9
2015.0,0.0,0.0,0.0,3,4,0,0,0,0,1,4,1,1,0,0,5,1,1,18,4,1,0,1,0,2,1,0,4,4,5,3,9
2015.0,0.0,3.0,0.0,3,1,0,0,0,0,1,1,1,1,0,1,5,1,1,18,4,1,0,1,0,2,0,0,4,2,5,3,9
2015.0,300.0,0.0,0.0,3,10,0,0,0,0,1,1,1,1,0,1,1,1,1,18,4,1,0,1,0,1,1,0,6,9,5,3,2
2015.0,-200.0,1.0,0.0,3,10,0,0,0,0,1,1,1,1,0,0,1,1,1,18,4,1,0,1,0,1,1,0,4,9,5,3,2
2015.0,0.0,0.0,0.0,3,4,0,0,0,0,1,9,1,1,0,1,5,1,1,22,4,1,0,0,0,2,2,0,4,7,5,9,3
2015.0,286.0,0.0,0.0,3,6,3,0,0,0,1,2,1,1,0,0,2,1,1,13,5,1,1,0,0,2,1,0,6,7,5,3,3
2015.0,-400.0,0.0,0.0,3,6,3,3,4,0,2,1,1,1,0,1,1,1,1,14,5,1,1,0,1,0,2,0,6,5,5,3,3
2015.0,0.0,0.0,0.0,3,4,3,0,0,0,1,5,1,1,0,0,1,1,1,14,5,1,1,0,0,2,1,0,4,2,5,3,9
2015.0,-100.0,0.0,0.0,3,6,3,0,0,0,1,9,1,1,0,0,9,1,1,14,5,1,1,0,0,2,1,0,6,7,5,3,3
2015.0,-20.0,0.0,0.0,3,6,3,0,0,0,1,9,1,1,0,1,9,1,1,14,5,1,1,0,0,1,1,0,6,5,5,3,3
2015.0,-800.0,3.0,0.0,2,6,3,1,4,0,0,2,1,1,0,0,2,1,1,16,5,1,1,1,1,2,1,0,6,7,5,3,3
2015.0,0.0,0.0,0.0,3,1,3,0,0,0,0,9,1,1,0,0,1,1,1,16,5,1,1,1,0,2,1,0,4,2,5,9,9
2015.0,100.0,0.0,0.0,3,6,0,0,0,0,1,1,1,1,0,1,1,1,1,17,5,1,1,1,0,0,1,0,6,8,5,5,5
2015.0,-5.0,1.0,0.0,2,4,0,0,0,0,0,2,1,1,0,1,5,1,1,21,5,1,1,0,0,2,2,0,4,2,5,3,9
2015.0,97.0,9.0,0.0,3,6,0,0,0,0,1,9,0,1,0,0,9,1,1,2,6,1,1,0,0,2,1,0,6,7,5,3,3
2015.0,60.0,0.0,0.0,3,10,3,0,0,0,1,1,1,1,1,1,1,1,1,10,6,1,1,0,0,0,1,0,6,1,5,6,3
2015.0,20.0,0.0,0.0,3,6,3,0,0,0,1,1,1,1,0,0,1,1,1,15,6,1,1,0,0,1,1,0,4,7,5,8,3
2015.0,51.0,0.0,0.0,3,6,3,0,0,0,1,9,1,1,0,1,9,1,1,15,6,1,1,0,0,1,2,0,6,4,5,3,9
2015.0,-50.0,0.0,0.0,3,1,3,1,0,0,0,9,1,1,0,0,5,1,1,16,6,1,1,1,0,1,2,0,0,2,5,3,5
2015.0,-84.0,0.0,0.0,3,10,0,0,0,0,1,5,1,1,0,1,5,1,1,20,6,1,1,0,0,1,2,0,6,9,5,3,9
2015.0,28.0,0.0,0.0,3,6,0,0,0,0,1,5,0,1,0,1,5,1,1,21,6,1,1,0,0,1,1,0,4,7,5,8,3
2015.0,15.0,0.0,0.0,3,6,0,0,3,0,1,9,0,1,0,0,9,1,1,21,6,1,1,0,0,1,2,0,4,7,5,8,3
2015.0,0.0,1.0,0.0,3,1,0,0,0,0,1,7,0,1,0,0,2,1,1,0,0,1,0,0,0,1,1,0,2,2,5,3,9
2015.0,-25.0,1.0,0.0,3,6,0,3,4,0,0,1,1,1,0,0,1,1,1,5,0,1,0,0,1,1,1,0,4,7,5,8,3
2015.0,-40.0,0.0,0.0,3,6,3,1,4,0,1,5,1,1,0,1,5,1,1,7,0,1,0,1,1,2,2,0,8,7,5,8,3
2015.0,-75.0,0.0,0.0,3,1,3,0,0,0,0,2,1,1,0,0,2,1,1,8,0,1,0,1,0,1,1,0,6,7,5,9,3
2015.0,30.0,0.0,0.0,3,6,3,0,0,0,0,9,1,1,0,1,9,1,1,9,0,1,0,1,0,2,1,0,4,7,5,3,3
2015.0,-100.0,0.0,0.0,3,12,0,0,0,0,2,8,1,1,1,1,1,1,1,11,0,1,0,0,0,0,1,0,6,5,5,6,5
2015.0,115.0,1.0,0.0,3,6,3,0,0,0,1,9,1,1,0,1,9,1,1,12,0,1,0,0,0,2,1,0,4,7,5,8,3
2015.0,-45.0,1.0,0.0,2,4,3,0,0,0,0,1,1,1,0,0,9,1,1,14,0,1,0,0,0,2,1,0,6,2,5,3,9
2015.0,100.0,0.0,0.0,3,6,3,0,0,0,0,5,1,1,0,1,5,1,1,14,0,1,0,0,0,0,0,0,4,7,5,8,8
2015.0,-15.0,2.0,0.0,2,6,4,1,0,0,0,1,1,1,0,1,1,1,1,17,0,1,0,1,0,1,1,0,2,7,5,8,3
2015.0,-146.0,6.0,0.0,3,1,4,0,0,0,1,9,1,1,0,1,1,1,1,17,0,1,0,1,0,2,2,0,4,7,5,3,0
2015.0,-500.0,0.0,0.0,3,6,0,0,0,0,1,5,1,1,0,1,5,1,1,18,0,1,0,1,0,2,2,0,6,7,5,3,3
2015.0,28.0,0.0,0.0,3,6,0,0,0,0,0,5,1,1,0,0,5,1,1,18,0,1,0,1,0,2,2,0,4,8,5,3,3
2015.0,0.0,0.0,0.0,3,4,0,0,0,0,0,1,1,1,0,1,9,1,1,2,1,1,0,0,0,1,1,0,4,2,5,3,9
2015.0,0.0,0.0,0.0,3,4,3,0,0,0,1,9,1,1,0,0,1,1,1,7,1,1,0,1,0,2,1,0,4,2,5,3,9
2015.0,-10.0,0.0,0.0,3,5,3,1,0,2,1,2,1,1,0,1,1,1,1,7,1,1,0,1,0,2,1,0,4,2,5,9,3
2015.0,-425.0,0.0,0.0,3,6,3,0,0,0,0,2,1,1,0,1,2,1,1,8,1,1,0,1,0,1,1,0,6,5,5,8,3
2015.0,57.0,0.0,0.0,3,10,3,1,0,0,1,2,1,1,0,1,2,1,1,8,1,1,0,1,0,0,1,0,6,9,5,3,2
2015.0,-16.0,0.0,0.0,3,6,3,3,4,0,2,2,1,1,0,0,2,1,1,12,1,1,0,0,1,0,1,0,2,7,5,8,3
2015.0,215.0,0.0,0.0,3,6,3,3,4,0,0,1,1,1,0,1,1,1,1,13,1,1,0,0,1,1,1,0,6,7,9,2,3
2015.0,0.0,0.0,0.0,3,1,3,1,4,0,1,9,1,1,0,1,9,1,1,13,1,1,0,0,1,0,2,0,4,4,5,3,9
2015.0,-130.0,1.0,0.0,3,6,3,0,4,0,0,2,1,1,0,1,2,1,1,13,1,1,0,0,1,1,1,0,4,7,5,8,8
2015.0,-46.0,1.0,0.0,3,4,3,0,0,0,1,7,1,1,0,1,0,1,1,14,1,1,0,0,0,1,2,0,6,5,5,9,9
2015.0,-45.0,2.0,0.0,3,6,3,1,0,0,1,1,1,1,0,0,1,1,1,14,1,1,0,0,0,2,1,0,4,7,5,8,3
2015.0,-12.0,0.0,0.0,3,5,3,1,4,0,2,1,1,1,0,1,1,1,1,14,1,1,0,0,1,0,2,0,4,5,5,8,1
2015.0,320.0,1.0,0.0,3,6,3,0,0,0,0,5,1,1,0,1,5,1,1,14,1,1,0,0,0,2,0,0,6,7,7,3,3
2015.0,-164.0,0.0,0.0,3,6,3,1,0,0,0,9,1,1,0,1,9,1,1,14,1,1,0,0,0,0,0,0,6,7,5,8,3
2015.0,0.0,0.0,0.0,3,1,3,0,0,0,0,2,1,1,0,1,2,1,1,14,1,1,0,0,0,2,2,0,4,5,5,3,9
2015.0,0.0,2.0,0.0,3,4,3,0,0,0,0,5,1,1,0,1,1,1,1,16,1,1,0,1,0,1,1,0,4,2,5,3,9
2015.0,300.0,0.0,0.0,3,6,3,3,4,0,1,5,1,1,0,1,5,1,1,17,1,1,0,1,1,1,1,0,4,7,5,8,3
2015.0,48.0,0.0,0.0,3,1,3,0,0,0,1,5,1,1,0,1,5,1,1,17,1,1,0,1,0,2,2,0,4,9,5,3,2
2015.0,0.0,1.0,0.0,3,4,3,0,0,0,0,1,1,1,0,0,5,1,1,17,1,1,0,1,0,1,1,0,4,2,5,5,5
2015.0,-224.0,0.0,0.0,3,6,0,0,0,0,1,5,1,1,0,1,5,1,1,18,1,1,0,1,0,1,1,0,6,7,5,8,3
2015.0,-200.0,0.0,0.0,3,6,0,0,0,0,0,5,1,1,0,1,5,1,1,18,1,1,0,1,0,2,0,0,6,8,5,8,3
2015.0,-79.0,0.0,0.0,3,6,0,0,0,0,1,1,1,0,0,1,1,1,1,22,1,1,0,0,0,2,1,0,4,7,5,8,3
2015.0,0.0,2.0,0.0,3,3,0,0,0,0,0,9,1,1,0,0,2,1,1,5,2,1,0,0,0,1,1,0,4,5,5,3,3
2015.0,-850.0,1.0,0.0,3,6,3,0,0,0,0,2,1,1,0,1,2,1,1,6,2,1,0,0,0,0,1,0,6,7,5,8,3
2015.0,130.0,0.0,0.0,3,10,3,0,0,0,1,9,1,1,0,0,9,1,1,7,2,1,0,1,0,2,0,0,6,9,5,3,2
2015.0,55.0,0.0,0.0,3,10,3,0,0,0,0,1,1,1,0,1,1,1,1,9,2,1,0,1,0,1,1,0,6,9,5,3,2
2015.0,0.0,0.0,0.0,3,1,3,0,0,0,0,5,1,1,0,0,9,1,1,10,2,1,0,0,0,1,2,0,4,2,5,3,9
2015.0,-190.0,0.0,0.0,3,6,3,0,0,0,1,1,1,1,0,0,1,1,1,12,2,1,0,0,0,2,1,0,6,7,5,8,9
2015.0,-40.0,1.0,0.0,2,1,3,0,0,2,0,9,1,1,0,1,2,1,1,15,2,1,0,0,0,2,1,0,4,9,5,9,3
2015.0,-604.0,1.0,0.0,3,6,3,0,0,0,1,1,1,1,0,0,1,1,1,16,2,1,0,1,0,2,1,0,6,7,5,8,3
2015.0,138.0,0.0,0.0,3,10,4,0,3,0,1,1,1,1,0,1,1,1,1,17,2,1,0,1,0,2,0,0,6,9,5,3,2
2015.0,340.0,0.0,0.0,3,6,0,0,0,0,1,5,1,1,0,0,5,1,1,18,2,1,0,1,0,2,2,0,6,7,5,8,3
2015.0,330.0,0.0,0.0,3,1,0,0,0,0,0,5,1,1,0,1,9,1,1,18,2,1,0,1,0,2,2,0,6,2,5,3,9
2015.0,112.0,0.0,0.0,3,10,0,0,0,0,0,5,1,1,0,0,5,1,1,18,2,1,0,1,0,2,1,0,4,9,5,3,2
2015.0,-0.1,0.0,0.0,3,10,3,0,0,0,0,7,1,1,0,1,5,1,1,7,3,1,0,1,0,2,1,0,6,9,5,3,9