Year,Distance,Totalinjuries,Totalfatalities,Injuryseverity,Collisionmanner,Lightcondition,Weather,SurfaceCondition,Unittype_One,Gender_Drv1,Traveldirection_One,AlcoholUse_Drv1,DrugUse_Drv1,Unittype_Two,Gender_Drv2,Traveldirection_Two,AlcoholUse_Drv2,DrugUse_Drv2,Hour,Weekday,Month,Weekend,Rush_Hour,Hazardous_Road,Age_Group_Drv1,Age_Group_Drv2,Substance_Use,Junction_Category,Violation_Category_Drv1,Violation_Category_Drv2,Unitaction_Category_Two,Unitaction_Category_One
2015.0,-400.0,1.0,0.0,3,6,3,0,0,0,0,2,1,1,0,0,2,1,1,7,3,1,0,1,0,1,1,0,6,7,5,8,3
2015.0,130.0,1.0,0.0,2,6,3,0,0,0,1,9,1,1,0,0,9,1,1,8,3,1,0,1,0,2,1,0,6,7,5,8,3
2015.0,0.0,0.0,0.0,3,1,3,1,0,0,1,9,1,1,0,1,2,1,1,12,3,1,0,0,0,0,0,0,2,2,5,3,5
2015.0,300.0,0.0,0.0,3,10,3,0,0,0,0,5,1,1,0,1,5,1,1,13,3,1,0,0,0,1,1,0,6,5,5,3,3
2015.0,150.0,0.0,0.0,3,10,3,0,0,0,1,9,1,1,0,1,9,1,1,14,3,1,0,0,0,0,1,0,4,7,5,8,3
2015.0,-85.0,1.0,0.0,3,6,3,0,0,0,1,5,1,1,0,1,5,1,1,14,3,1,0,0,0,1,1,0,6,7,5,8,3
2015.0,500.0,0.0,0.0,3,4,3,0,0,0,1,3,1,1,0,1,5,1,1,17,3,1,0,1,0,2,0,0,6,2,5,3,9
2015.0,74.0,0.0,0.0,3,6,3,0,0,0,1,1,1,1,0,1,1,1,1,17,3,1,0,1,0,1,1,0,4,7,5,8,3
2015.0,0.0,0.0,0.0,3,4,4,0,0,0,0,4,1,1,0,1,5,1,1,17,3,1,0,1,0,2,1,0,4,2,5,3,9
2015.0,135.0,0.0,0.0,3,6,0,0,0,0,1,1,1,1,0,1,1,1,1,21,3,1,0,0,0,2,1,0,6,7,5,8,3
2015.0,70.0,0.0,0.0,3,6,0,0,0,0,2,9,1,1,0,1,9,1,1,22,3,1,0,0,0,0,2,0,4,7,5,8,3
2015.0,110.0,3.0,0.0,2,8,0,0,0,0,1,5,0,1,0,1,5,1,1,2,4,1,0,0,0,2,1,0,4,7,5,8,3
2015.0,300.0,0.0,0.0,3,6,3,0,0,0,0,1,1,1,0,1,1,1,1,8,4,1,0,1,0,1,1,0,6,7,5,8,3
2015.0,90.0,0.0,0.0,3,6,3,0,0,0,1,2,1,1,0,1,2,1,1,11,4,1,0,0,0,2,1,0,4,7,5,8,8
2015.0,112.0,1.0,0.0,3,6,3,0,0,0,0,2,1,1,0,0,2,1,1,13,4,1,0,0,0,2,2,0,6,7,5,8,3
2015.0,75.0,0.0,0.0,3,6,3,0,0,0,1,2,1,1,0,1,2,1,1,14,4,1,0,0,0,1,2,0,6,7,5,5,5
2015.0,605.0,1.0,0.0,3,4,3,0,0,0,0,1,1,1,0,0,5,1,1,15,4,1,0,0,0,1,1,0,0,2,5,3,9
2015.0,-18.0,2.0,0.0,2,3,4,0,0,0,1,5,1,1,0,0,2,1,1,17,4,1,0,1,0,2,0,0,6,7,5,3,9
2015.0,200.0,0.0,0.0,3,6,4,0,0,0,2,5,1,1,0,0,5,1,1,17,4,1,0,1,0,0,2,0,6,7,5,8,3
2015.0,-500.0,0.0,0.0,3,1,0,0,0,0,1,5,0,1,0,1,5,1,1,0,5,1,1,0,0,2,1,0,6,7,5,5,3
2015.0,0.0,0.0,0.0,3,1,3,0,0,0,1,1,1,1,0,1,2,1,1,8,5,1,1,1,0,2,1,0,4,2,5,3,3
2015.0,0.0,0.0,0.0,3,1,3,0,0,0,1,1,1,1,0,0,1,1,1,9,5,1,1,1,0,2,2,0,6,4,5,9,9
2015.0,-40.0,0.0,0.0,3,6,3,0,0,0,1,2,0,1,0,1,2,1,1,10,5,1,1,0,0,1,0,0,4,7,5,8,3
2015.0,-70.0,0.0,0.0,3,6,3,0,0,0,0,2,1,1,0,0,2,1,1,12,5,1,1,0,0,2,1,0,6,7,5,8,3
2015.0,400.0,0.0,0.0,3,6,3,0,0,0,0,9,1,1,0,0,9,1,1,12,5,1,1,0,0,1,2,0,4,7,5,8,3
2015.0,50.0,0.0,0.0,3,6,3,0,0,0,1,5,1,1,0,0,5,1,1,12,5,1,1,0,0,1,2,0,4,7,5,9,3
2015.0,305.0,0.0,0.0,3,10,3,0,0,0,0,5,1,1,0,0,5,1,1,14,5,1,1,0,0,1,2,0,1,9,5,3,3
2015.0,0.0,0.0,0.0,3,4,0,0,0,0,1,1,1,1,0,1,2,1,1,21,5,1,1,0,0,2,1,0,2,7,5,9,3
2015.0,118.0,1.0,0.0,2,4,0,0,0,0,1,9,1,1,0,1,1,1,1,6,6,1,1,0,0,1,1,0,0,2,5,3,9
2015.0,-109.0,0.0,0.0,3,1,3,0,0,0,0,5,1,1,0,1,5,1,1,6,6,1,1,0,0,1,1,0,6,5,5,3,9
2015.0,400.0,0.0,0.0,3,6,3,0,0,0,0,2,1,1,0,0,2,1,1,11,6,1,1,0,0,2,1,0,6,7,5,8,3
2015.0,0.0,0.0,0.0,3,10,3,0,0,0,1,4,1,1,0,0,4,1,1,12,6,1,1,0,0,2,1,0,2,9,5,9,9
2015.0,0.1,0.0,0.0,3,4,3,0,0,0,1,9,1,1,0,0,1,1,1,13,6,1,1,0,0,1,1,0,0,2,5,3,9
2015.0,80.0,0.0,0.0,3,6,3,0,0,0,2,9,1,1,0,0,9,1,1,13,6,1,1,0,0,0,1,0,2,7,5,8,5
2015.0,88.0,0.0,0.0,3,5,0,0,0,0,0,1,1,1,0,1,9,1,1,20,6,1,1,0,0,0,1,0,8,9,5,3,3
2015.0,0.0,0.0,0.0,3,1,3,0,0,0,1,5,1,1,0,1,1,1,1,7,0,1,0,1,0,2,1,0,2,2,5,9,3
2015.0,300.0,0.0,0.0,3,6,3,0,0,0,0,9,1,1,0,1,9,1,1,12,0,1,0,0,0,0,2,0,6,7,5,8,3
2015.0,0.0,1.0,0.0,3,4,3,1,0,0,0,6,1,1,0,1,2,1,1,14,0,1,0,0,0,1,1,0,4,2,5,3,9
2015.0,0.2,0.0,0.0,3,1,3,0,0,0,0,5,1,1,0,0,5,1,1,14,0,1,0,0,0,2,0,0,4,9,5,3,2
2015.0,100.0,1.0,0.0,2,6,3,0,0,0,1,2,1,1,0,1,2,1,1,14,0,1,0,0,0,1,1,0,6,7,5,8,3
2015.0,75.0,0.0,0.0,3,6,3,0,0,0,1,9,1,1,0,1,9,1,1,16,0,1,0,1,0,1,1,0,2,7,5,8,3
2015.0,100.0,0.0,0.0,3,6,3,0,0,0,1,1,1,1,0,0,1,1,1,16,0,1,0,1,0,1,0,0,4,7,5,8,3
2015.0,150.0,0.0,0.0,3,4,3,0,0,0,1,1,1,1,0,0,9,1,1,17,0,1,0,1,0,0,1,0,6,4,5,3,9
2015.0,0.0,2.0,0.0,3,4,0,0,0,0,0,5,1,1,0,1,2,1,1,20,0,1,0,0,0,2,2,0,4,2,5,3,9
2015.0,420.0,0.0,0.0,3,10,0,0,0,0,0,9,0,1,0,0,9,1,1,6,1,1,0,0,0,2,1,0,6,5,5,3,2
2015.0,-222.0,0.0,0.0,3,1,0,0,0,0,0,4,1,1,0,1,2,1,1,6,1,1,0,0,0,1,2,0,0,2,5,3,9
2015.0,0.0,0.0,0.0,3,1,3,0,0,0,0,1,1,1,0,1,5,1,1,8,1,1,0,1,0,2,2,0,2,2,5,3,9
2015.0,83.0,0.0,0.0,3,6,3,0,0,0,0,5,1,1,0,0,5,1,1,9,1,1,0,1,0,2,1,0,4,7,5,8,3
2015.0,0.0,0.0,0.0,3,6,3,0,0,0,1,2,1,1,0,0,2,1,1,9,1,1,0,1,0,1,1,0,4,7,5,3,3
2015.0,0.0,0.0,0.0,3,1,3,0,0,0,1,7,1,1,0,1,1,1,1,9,1,1,0,1,0,1,2,0,4,2,5,5,5
2015.0,250.0,1.0,0.0,3,6,3,0,0,0,1,9,1,1,0,1,9,1,1,9,1,1,0,1,0,2,1,0,6,7,5,8,3
2015.0,-50.0,1.0,0.0,3,6,3,0,0,0,2,2,1,1,0,1,2,1,1,11,1,1,0,0,0,0,2,0,4,7,5,8,3
2015.0,0.0,1.0,0.0,2,4,3,0,0,0,2,5,1,1,0,1,2,1,1,11,1,1,0,0,0,0,2,0,2,2,5,3,9
2015.0,0.0,0.0,0.0,3,1,3,0,0,0,1,5,1,1,0,1,9,1,1,12,1,1,0,0,0,1,1,0,4,2,5,3,9
2015.0,0.0,1.0,0.0,1,4,3,0,0,0,0,1,1,1,0,1,9,1,1,13,1,1,0,0,0,2,2,0,4,2,5,3,9
2015.0,0.0,1.0,0.0,3,4,3,0,0,0,1,2,1,1,0,0,1,1,1,13,1,1,0,0,0,2,1,0,4,2,5,3,9
2015.0,-630.0,0.0,0.0,3,1,3,0,0,0,0,2,1,1,0,0,1,1,1,15,1,1,0,0,0,1,2,0,6,2,5,3,9
2015.0,-65.0,0.0,0.0,3,6,3,0,0,0,1,2,0,1,0,0,2,1,1,16,1,1,0,1,0,2,1,0,2,7,5,8,8
2015.0,0.0,0.0,0.0,3,12,3,0,0,0,2,8,1,1,1,1,5,1,1,16,1,1,0,1,0,0,1,0,6,5,5,6,5
2015.0,0.0,0.0,0.0,3,4,3,0,0,0,1,1,1,1,0,0,2,1,1,17,1,1,0,1,0,0,1,0,4,9,5,9,3
2015.0,82.0,0.0,0.0,3,6,0,0,0,0,1,1,1,1,0,0,1,1,1,17,1,1,0,1,0,1,2,0,6,7,5,3,3
2015.0,0.0,0.0,0.0,3,4,0,0,0,0,1,9,1,1,0,0,1,1,1,18,1,1,0,1,0,0,0,0,2,2,5,3,9
2015.0,0.0,2.0,0.0,3,4,4,0,0,0,1,5,1,1,0,1,1,1,1,18,1,1,0,1,0,2,1,0,4,2,5,3,9
2015.0,160.0,0.0,0.0,3,6,4,0,0,0,0,5,1,1,0,0,5,1,1,18,1,1,0,1,0,1,1,0,6,8,5,8,8
2015.0,-92.0,0.0,0.0,3,10,0,0,0,0,0,1,1,1,0,1,1,1,1,19,1,1,0,1,0,1,1,0,6,9,5,3,2
2015.0,-200.0,0.0,0.0,3,9,0,0,0,0,0,5,0,1,0,1,2,1,1,0,2,1,0,0,0,1,2,0,6,7,5,3,3
2015.0,80.0,0.0,0.0,3,6,3,0,0,0,1,9,1,1,0,0,9,1,1,7,2,1,0,1,0,2,0,0,4,7,5,8,3
2015.0,-0.1,0.0,0.0,3,4,3,0,0,0,0,5,1,1,0,0,2,1,1,8,2,1,0,1,0,1,1,0,4,2,5,3,9
2015.0,703.0,2.0,0.0,3,6,3,0,0,0,0,9,1,1,0,0,9,1,1,8,2,1,0,1,0,2,1,0,6,7,5,8,3
2015.0,100.0,0.0,0.0,3,10,3,0,0,0,0,5,1,1,0,1,5,1,1,9,2,1,0,1,0,0,0,0,6,5,5,3,3
2015.0,22.0,1.0,0.0,3,6,3,0,0,0,0,5,1,1,0,0,5,1,1,12,2,1,0,0,0,1,0,0,4,7,5,8,3
2015.0,0.0,1.0,0.0,2,1,3,0,0,0,0,9,1,1,0,1,1,1,1,12,2,1,0,0,0,0,0,0,4,2,5,3,9
2015.0,975.0,1.0,0.0,2,6,3,0,0,0,1,2,1,1,0,0,2,1,1,13,2,1,0,0,0,2,1,0,6,7,5,3,3
2015.0,75.0,0.0,0.0,3,6,3,0,0,0,2,1,1,1,0,1,1,1,1,15,2,1,0,0,0,0,1,0,6,7,5,8,5
2015.0,0.0,2.0,0.0,2,1,3,0,0,0,1,1,1,1,0,0,5,1,1,15,2,1,0,0,0,1,1,0,4,2,5,3,9
2015.0,0.0,0.0,0.0,3,4,3,0,0,0,1,9,1,1,0,1,5,1,1,16,2,1,0,1,0,2,1,0,4,2,5,3,9
2015.0,0.0,0.0,0.0,3,1,3,0,0,0,0,1,1,1,0,0,2,1,1,16,2,1,0,1,0,1,2,0,4,2,5,3,3
2015.0,505.0,0.0,0.0,3,3,4,1,0,0,0,2,1,1,0,1,5,1,1,17,2,1,0,1,0,1,1,0,0,2,5,3,9
2015.0,-33.0,0.0,0.0,3,10,4,0,0,0,1,5,1,1,0,0,5,1,1,17,2,1,0,1,0,1,1,0,4,9,5,3,2
2015.0,379.0,0.0,0.0,3,6,0,0,0,0,1,9,1,1,0,0,9,1,1,18,2,1,0,1,0,1,1,0,6,7,5,8,3
2015.0,-594.0,0.0,0.0,3,1,0,0,0,0,0,1,1,1,0,1,2,1,1,18,2,1,0,1,0,2,2,0,6,2,5,3,9
2015.0,0.0,1.0,0.0,3,4,0,0,0,0,0,1,1,1,0,1,9,1,1,19,2,1,0,1,0,2,2,0,4,2,5,3,9
2015.0,671.0,0.0,0.0,3,6,3,0,0,0,0,9,1,1,0,0,9,1,1,7,3,1,0,1,0,1,2,0,6,7,5,8,3
2015.0,0.0,0.0,0.0,3,4,3,0,0,0,1,1,1,1,0,0,9,1,1,7,3,1,0,1,0,1,1,0,4,2,5,3,9
2015.0,-0.1,0.0,0.0,3,6,3,0,0,0,0,2,1,1,0,0,2,1,1,8,3,1,0,1,0,1,1,0,6,5,7,3,3
2015.0,279.0,1.0,0.0,2,6,3,0,0,0,0,9,1,1,0,1,9,1,1,8,3,1,0,1,0,2,2,0,4,7,5,8,3
2015.0,340.0,1.0,0.0,3,5,3,0,0,2,1,1,1,1,0,0,9,1,1,8,3,1,0,1,0,1,2,0,6,5,5,3,9
2015.0,300.0,1.0,0.0,2,4,3,0,0,0,1,2,1,1,0,0,9,1,1,10,3,1,0,0,0,1,1,0,0,2,5,3,9
2015.0,97.0,0.0,0.0,3,6,3,0,0,0,1,5,1,1,0,1,5,1,1,11,3,1,0,0,0,2,2,0,4,7,5,8,3
2015.0,-20.0,0.0,0.0,3,6,3,0,0,0,0,1,1,1,0,0,1,1,1,11,3,1,0,0,0,2,1,0,4,8,5,8,8
2015.0,-270.0,0.0,0.0,3,1,3,0,0,0,0,1,1,1,0,1,2,1,1,12,3,1,0,0,0,2,1,0,6,2,5,3,3
2015.0,185.0,0.0,0.0,3,1,3,0,0,0,0,1,1,1,0,1,1,1,1,13,3,1,0,0,0,1,1,0,6,5,7,3,9
2015.0,224.0,0.0,0.0,3,6,3,0,0,0,1,2,1,1,0,1,2,1,1,14,3,1,0,0,0,2,2,0,6,7,5,9,3
2015.0,0.0,1.0,0.0,2,4,3,0,0,0,1,5,1,1,0,0,2,1,1,15,3,1,0,0,0,2,2,0,4,2,5,3,9
2015.0,67.0,1.0,0.0,3,3,3,0,0,0,1,9,1,1,0,1,9,1,1,15,3,1,0,0,0,1,1,0,4,5,5,3,3
2015.0,0.0,0.0,0.0,3,6,3,0,0,0,1,2,1,1,0,0,2,1,1,16,3,1,0,1,0,2,1,0,2,7,5,8,3
2015.0,64.0,0.0,0.0,3,10,0,0,0,0,0,2,1,1,0,0,2,1,1,18,3,1,0,1,0,0,2,0,4,4,5,3,9
2015.0,334.0,1.0,0.0,3,6,0,0,0,0,0,9,1,1,0,1,9,1,1,18,3,1,0,1,0,1,1,0,4,7,5,8,3
2015.0,-20.0,0.0,0.0,3,6,0,0,0,0,1,1,1,1,0,0,1,1,1,19,3,1,0,1,0,2,0,0,4,5,5,8,3
2015.0,0.0,0.0,0.0,3,4,0,0,0,0,1,9,1,1,0,0,1,1,1,19,3,1,0,1,0,1,1,0,2,2,5,3,9
2015.0,85.0,0.0,0.0,3,6,0,0,0,0,1,9,0,1,0,1,9,1,1,21,3,1,0,0,0,1,1,0,4,7,5,8,3
2015.0,0.0,1.0,0.0,3,4,0,0,0,0,0,2,1,1,0,1,9,1,1,23,3,1,0,0,0,2,1,0,4,2,5,3,9
2015.0,0.0,0.0,0.0,3,1,0,0,0,0,0,9,1,1,0,1,5,1,1,0,4,1,0,0,0,2,2,0,4,5,5,3,3
2015.0,0.0,0.0,0.0,3,4,3,0,0,0,1,5,1,1,0,0,1,1,1,7,4,1,0,1,0,1,2,0,4,2,5,3,9
2015.0,44.0,1.0,0.0,3,4,3,0,0,0,1,3,1,1,0,0,2,1,1,7,4,1,0,1,0,2,1,0,4,2,5,3,9
2015.0,213.0,0.0,0.0,3,6,3,0,0,0,0,1,1,1,0,0,1,1,1,10,4,1,0,0,0,1,0,0,6,7,5,8,3
2015.0,518.0,0.0,0.0,3,6,3,0,0,0,0,5,1,1,2,1,5,1,1,10,4,1,0,0,0,1,2,0,6,9,5,3,8
2015.0,0.0,0.0,0.0,3,10,3,0,0,0,0,6,1,1,0,0,6,1,1,11,4,1,0,0,0,2,2,0,4,9,5,9,9
2015.0,870.0,0.0,0.0,3,6,3,0,0,0,0,2,1,1,0,0,2,1,1,11,4,1,0,0,0,2,1,0,6,7,5,8,8
2015.0,55.0,0.0,0.0,3,10,3,0,0,0,1,5,1,1,0,1,5,1,1,11,4,1,0,0,0,1,0,0,4,4,5,8,9
2015.0,0.0,1.0,0.0,3,4,3,0,0,0,2,2,1,1,0,1,5,1,1,14,4,1,0,0,0,0,1,0,4,2,5,3,9
2015.0,198.0,1.0,0.0,3,6,3,0,0,0,0,2,1,1,0,0,2,1,1,14,4,1,0,0,0,2,1,0,6,7,5,8,3
2015.0,0.0,4.0,0.0,3,4,3,0,0,0,0,5,1,1,0,1,2,1,1,15,4,1,0,0,0,2,1,0,2,2,5,3,9
2015.0,800.0,0.0,0.0,3,10,3,0,0,0,1,5,1,1,0,1,5,1,1,15,4,1,0,0,0,1,2,0,6,9,9,2,2
2015.0,0.0,0.0,0.0,3,4,4,1,0,0,2,6,1,1,0,0,2,1,1,16,4,1,0,1,0,0,1,0,2,2,5,3,9
2015.0,0.0,0.0,0.0,3,1,3,0,0,0,1,2,1,1,0,1,9,1,1,17,4,1,0,1,0,1,1,0,4,2,5,3,3
2015.0,0.0,2.0,0.0,2,4,4,0,0,0,0,1,1,1,0,0,5,1,1,17,4,1,0,1,0,1,1,0,4,2,5,3,9
2015.0,-341.0,0.0,0.0,3,1,0,0,0,0,0,2,1,1,0,1,2,1,1,17,4,1,0,1,0,1,2,0,6,9,5,3,9
2015.0,-200.0,0.0,0.0,3,10,0,0,0,0,1,1,1,1,0,0,1,1,1,18,4,1,0,1,0,0,1,0,6,9,5,6,2
2015.0,-1200.0,0.0,0.0,3,6,0,0,0,0,1,2,1,1,0,0,2,1,1,18,4,1,0,1,0,2,1,0,6,7,5,8,3
2015.0,0.0,0.0,0.0,3,6,0,0,0,0,1,5,1,1,0,1,5,1,1,19,4,1,0,1,0,1,1,0,4,7,5,8,3
2015.0,-85.0,0.0,0.0,3,6,0,0,0,0,1,1,1,1,0,1,1,1,1,19,4,1,0,1,0,1,1,0,4,7,5,8,3
2015.0,85.0,0.0,0.0,3,6,0,0,0,0,0,5,0,1,0,1,5,1,1,23,4,1,0,0,0,1,1,0,6,7,5,8,3
2015.0,-45.0,0.0,0.0,3,6,0,0,0,0,0,9,0,1,0,1,1,1,1,2,5,1,1,0,0,2,1,0,2,7,5,8,3
2015.0,0.0,0.0,0.0,3,4,3,0,0,0,1,2,1,1,0,1,6,1,1,9,5,1,1,1,0,1,0,0,4,4,5,3,9
2015.0,140.0,1.0,0.0,2,3,3,0,0,0,1,2,1,1,3,1,1,1,1,10,5,1,1,0,0,0,1,0,6,2,5,5,3
2015.0,-45.0,0.0,0.0,3,6,3,0,0,0,1,1,1,1,0,1,1,1,1,14,5,1,1,0,0,1,1,0,4,7,5,8,3
2015.0,0.0,0.0,0.0,3,3,4,0,0,0,1,1,1,1,0,1,9,1,1,17,5,1,1,1,0,1,2,0,4,2,2,3,3
2015.0,0.0,0.0,0.0,3,10,0,0,0,0,0,2,1,1,0,1,2,1,1,19,5,1,1,1,0,0,1,0,4,5,5,9,9
2015.0,-730.0,0.0,0.0,3,10,0,0,0,0,2,1,1,1,0,0,1,1,1,23,5,1,1,0,0,0,1,0,6,9,5,3,3
2015.0,0.0,2.0,0.0,3,4,0,0,0,0,1,2,1,1,0,1,5,1,1,0,6,1,1,0,0,0,0,0,4,5,5,9,3
2015.0,-50.0,0.0,0.0,3,4,0,0,0,0,2,1,1,1,0,0,2,1,1,0,6,1,1,0,0,0,2,0,6,4,5,3,9
2015.0,385.0,0.0,0.0,3,1,0,0,0,0,0,1,0,1,0,1,2,1,1,2,6,1,1,0,0,1,1,0,6,4,5,5,9
2015.0,-1110.0,0.0,0.0,3,10,0,0,0,0,1,1,1,1,0,1,1,1,1,3,6,1,1,0,0,2,2,0,6,5,5,9,9
2015.0,-200.0,1.0,0.0,3,10,3,0,0,0,2,9,1,1,0,1,9,1,1,10,6,1,1,0,0,0,1,0,6,9,5,3,2
2015.0,-500.0,0.0,0.0,3,10,3,0,0,0,0,2,1,1,0,0,2,1,1,11,6,1,1,0,0,2,1,0,6,9,5,3,2
2015.0,0.0,0.0,0.0,3,4,3,0,0,0,1,5,1,1,0,1,2,1,1,11,6,1,1,0,0,0,1,0,4,4,5,3,9
2015.0,-94.0,0.0,0.0,3,6,3,0,0,0,0,2,1,0,0,0,2,1,1,15,6,1,1,0,0,1,2,0,4,7,5,8,3
2015.0,451.0,0.0,0.0,3,6,3,0,0,0,0,9,1,1,0,0,9,1,1,7,0,1,0,1,0,0,1,0,6,7,5,8,3
2015.0,0.0,0.0,0.0,3,4,3,0,0,0,0,6,1,1,0,0,2,1,1,8,0,1,0,1,0,1,2,0,4,9,5,3,9
2015.0,0.0,0.0,0.0,3,1,3,0,0,0,0,2,1,1,0,1,9,1,1,9,0,1,0,1,0,1,0,0,2,5,5,9,3
2015.0,16.0,0.0,0.0,3,6,3,0,0,0,1,5,1,1,0,0,5,1,1,12,0,1,0,0,0,2,0,0,4,7,5,8,1
2015.0,0.0,0.0,0.0,3,10,3,1,0,0,0,9,1,1,0,1,9,1,1,12,0,1,0,0,0,2,1,0,4,5,5,9,9
2015.0,-160.0,0.0,0.0,3,8,3,0,0,0,1,1,1,1,0,0,5,1,1,13,0,1,0,0,0,1,1,0,6,2,7,3,5
2015.0,100.0,0.0,0.0,3,6,3,0,0,0,0,1,1,0,0,1,1,1,1,14,0,1,0,0,0,2,0,0,4,9,5,3,2
2015.0,-333.0,1.0,0.0,3,5,3,0,0,2,0,2,1,1,0,0,1,1,1,15,0,1,0,0,0,2,1,0,0,5,5,3,3
2015.0,295.0,2.0,0.0,3,1,3,0,0,0,0,1,1,1,0,1,1,1,1,15,0,1,0,0,0,1,0,0,0,2,5,2,9
2015.0,0.0,0.0,0.0,3,12,3,0,0,0,0,1,1,1,0,1,1,1,1,16,0,1,0,1,0,2,2,0,2,5,5,2,5
2015.0,0.0,0.0,0.0,3,5,3,0,4,0,1,3,1,1,0,0,9,1,1,16,0,1,0,1,1,1,1,0,2,2,5,3,9
2015.0,-30.0,0.0,0.0,3,10,4,1,0,0,0,2,1,1,0,1,2,1,1,17,0,1,0,1,0,1,1,0,6,9,5,3,2
2015.0,50.0,0.0,0.0,3,4,3,1,0,0,1,2,1,1,0,0,2,1,1,17,0,1,0,1,0,2,1,0,4,2,5,3,9
2015.0,0.0,2.0,0.0,2,4,3,1,0,0,0,9,1,1,0,1,1,1,1,7,1,1,0,1,0,0,1,0,4,2,5,3,9
2015.0,0.0,0.0,0.0,3,10,3,1,4,0,1,1,1,1,0,0,5,1,1,9,1,1,0,1,1,1,2,0,2,2,5,9,9
2015.0,0.0,3.0,0.0,2,1,3,0,0,0,1,1,1,1,0,1,2,1,1,10,1,1,0,0,0,1,1,0,2,2,5,3,3
2015.0,0.0,0.0,0.0,3,1,3,0,0,0,0,5,1,1,0,0,1,1,1,10,1,1,0,0,0,0,1,0,4,5,5,3,9
2015.0,75.0,0.0,0.0,3,1,3,3,4,0,0,9,1,1,0,1,9,1,1,11,1,1,0,0,1,1,1,0,2,5,5,3,5
2015.0,0.0,0.0,0.0,3,4,3,0,0,0,1,2,1,1,0,0,9,1,1,11,1,1,0,0,0,2,2,0,4,2,5,3,9
2015.0,-25.0,0.0,0.0,3,6,3,0,0,0,1,1,1,1,0,1,1,1,1,11,1,1,0,0,0,2,1,0,4,7,5,3,3
2015.0,0.0,0.0,0.0,3,4,3,0,0,0,1,5,0,1,0,0,1,1,1,12,1,1,0,0,0,1,2,0,4,2,5,3,9
2015.0,0.0,0.0,0.0,3,4,3,1,0,0,0,5,1,1,0,1,2,1,1,13,1,1,0,0,0,1,2,0,4,2,5,3,9
2015.0,-220.0,0.0,0.0,3,6,3,0,0,0,1,2,1,1,0,1,2,1,1,13,1,1,0,0,0,1,2,0,4,7,5,8,3
2015.0,-553.0,0.0,0.0,3,6,3,0,0,0,1,2,1,1,0,1,2,1,1,13,1,1,0,0,0,2,1,0,4,7,5,8,3
2015.0,0.0,0.0,0.0,3,4,3,0,0,0,1,1,1,1,0,1,5,1,1,14,1,1,0,0,0,2,0,0,2,2,5,9,3
2015.0,-800.0,1.0,0.0,2,1,3,0,0,0,1,2,1,1,0,1,9,1,1,15,1,1,0,0,0,2,1,0,0,7,5,3,5
2015.0,101.0,0.0,0.0,3,6,3,0,0,0,1,5,1,1,0,1,5,1,1,16,1,1,0,1,0,2,1,0,4,7,5,8,8
2015.0,0.0,3.0,0.0,1,1,3,0,0,0,1,2,1,1,0,0,1,1,1,16,1,1,0,1,0,1,2,0,4,2,5,3,3
2015.0,0.0,0.0,0.0,3,6,3,0,0,0,1,2,1,1,0,1,2,1,1,17,1,1,0,1,0,1,1,0,4,7,5,9,9
2015.0,0.0,1.0,0.0,1,4,0,0,0,0,0,9,1,1,0,1,1,1,1,19,1,1,0,1,0,0,1,0,4,2,5,3,9
2015.0,-35.0,1.0,0.0,2,5,0,0,0,0,1,9,1,1,3,1,1,1,1,20,1,1,0,0,0,0,2,0,2,5,5,7,9
2015.0,-30.0,0.0,0.0,3,6,0,0,0,0,2,1,1,1,0,0,1,1,1,20,1,1,0,0,0,0,2,0,4,7,5,8,3
2015.0,200.0,0.0,0.0,3,4,0,0,0,0,0,9,1,1,0,1,9,1,1,22,1,1,0,0,0,1,0,0,3,4,5,9,9
2015.0,-235.0,0.0,0.0,3,6,3,0,0,0,1,1,1,1,1,1,1,1,1,10,2,1,0,0,0,1,1,0,6,7,5,6,3
2015.0,125.0,1.0,0.0,3,6,3,0,0,0,1,9,1,1,0,0,9,1,1,15,2,1,0,0,0,1,1,0,6,7,5,3,3
2015.0,-434.0,1.0,0.0,3,10,3,1,0,0,1,1,1,1,0,1,1,1,1,15,2,1,0,0,0,1,1,0,6,9,5,3,2
2015.0,-506.0,0.0,0.0,3,10,3,0,0,0,0,1,1,1,0,1,1,1,1,15,2,1,0,0,0,0,1,0,6,9,5,3,2
2015.0,-130.0,0.0,0.0,3,6,3,1,0,0,1,2,1,1,0,0,2,1,1,15,2,1,0,0,0,1,2,0,4,7,5,8,3
2015.0,0.0,1.0,0.0,2,5,3,0,0,0,1,5,1,1,2,1,1,1,1,17,2,1,0,1,0,2,2,0,4,2,5,3,9
2015.0,55.0,0.0,0.0,3,6,1,0,0,0,0,5,1,1,0,1,5,1,1,6,3,1,0,0,0,1,1,0,6,7,5,8,3
2015.0,-36.0,1.0,0.0,3,6,3,1,0,0,0,1,1,1,0,0,1,1,1,7,3,1,0,1,0,2,1,0,4,7,5,8,3
2015.0,0.0,1.0,0.0,3,1,3,0,0,0,0,5,1,1,0,1,1,1,1,7,3,1,0,1,0,2,2,0,4,5,5,3,3
2015.0,0.0,0.0,0.0,3,1,2,1,0,0,1,6,1,1,0,1,9,1,1,7,3,1,0,1,0,2,1,0,4,2,5,3,9
2015.0,42.0,1.0,0.0,3,6,3,1,0,0,1,9,1,1,0,0,9,1,1,8,3,1,0,1,0,1,1,0,4,7,5,8,3
2015.0,-335.0,2.0,0.0,2,4,3,1,0,0,1,2,1,1,0,1,2,1,1,10,3,1,0,0,0,1,1,0,4,4,5,3,9
2015.0,69.0,0.0,0.0,3,10,3,1,0,0,0,9,1,1,0,1,9,1,1,12,3,1,0,0,0,1,1,0,4,7,5,8,3