Year,Distance,Totalinjuries,Totalfatalities,Injuryseverity,Collisionmanner,Lightcondition,Weather,SurfaceCondition,Unittype_One,Gender_Drv1,Traveldirection_One,AlcoholUse_Drv1,DrugUse_Drv1,Unittype_Two,Gender_Drv2,Traveldirection_Two,AlcoholUse_Drv2,DrugUse_Drv2,Hour,Weekday,Month,Weekend,Rush_Hour,Hazardous_Road,Age_Group_Drv1,Age_Group_Drv2,Substance_Use,Junction_Category,Violation_Category_Drv1,Violation_Category_Drv2,Unitaction_Category_Two,Unitaction_Category_One
2015.0,-741.0,0.0,0.0,3,6,3,0,0,0,0,2,1,1,0,1,2,1,1,12,3,1,0,0,0,2,1,0,6,7,5,8,3
2015.0,44.0,4.0,0.0,2,6,3,1,0,0,1,1,1,1,0,1,1,1,1,13,3,1,0,0,0,1,1,0,4,7,5,8,3
2015.0,-257.0,0.0,0.0,3,4,3,0,0,0,1,9,1,1,0,1,2,1,1,13,3,1,0,0,0,1,1,0,6,2,5,3,9
2015.0,-118.0,1.0,0.0,2,6,3,1,0,0,1,9,1,1,0,0,9,1,1,13,3,1,0,0,0,1,1,0,6,7,5,8,3
2015.0,-100.0,0.0,0.0,3,6,3,1,0,0,1,9,1,1,0,1,9,1,1,13,3,1,0,0,0,2,1,0,6,7,5,8,3
2015.0,843.0,1.0,0.0,3,6,3,0,0,0,0,2,1,1,0,1,2,1,1,13,3,1,0,0,0,2,1,0,6,7,5,8,3
2015.0,0.0,0.0,0.0,3,4,3,1,0,0,1,9,1,1,0,1,2,0,1,14,3,1,0,0,0,0,1,0,2,2,5,9,3
2015.0,0.0,2.0,0.0,3,4,3,3,4,0,1,2,1,1,0,1,9,1,1,15,3,1,0,0,1,2,2,0,4,2,5,5,5
2015.0,-0.2,0.0,0.0,3,4,3,3,4,0,0,2,1,1,0,1,2,1,1,15,3,1,0,0,1,2,1,0,6,4,5,3,9
2015.0,55.0,0.0,0.0,3,6,3,3,4,0,1,5,1,1,0,0,5,1,1,16,3,1,0,1,1,2,2,0,6,7,5,8,3
2015.0,350.0,0.0,0.0,3,4,4,3,4,0,0,1,1,1,0,0,9,1,1,17,3,1,0,1,1,2,2,0,6,2,5,3,9
2015.0,700.0,0.0,0.0,3,10,0,3,4,0,0,1,1,1,0,1,1,1,1,20,3,1,0,0,1,2,1,0,6,9,5,3,2
2015.0,0.0,0.0,0.0,3,10,0,3,4,0,0,2,1,1,0,1,2,1,1,20,3,1,0,0,1,2,1,0,2,2,5,3,9
2015.0,-500.0,1.0,0.0,1,5,0,3,4,3,1,1,0,1,0,1,2,1,1,23,3,1,0,0,1,0,2,0,6,6,5,3,7
2015.0,100.0,0.0,0.0,3,12,0,0,0,0,2,8,1,1,1,1,9,1,1,1,4,1,0,0,0,0,0,0,6,5,5,6,5
2015.0,0.0,1.0,0.0,3,10,0,3,4,0,0,9,1,1,0,0,9,1,1,5,4,1,0,0,1,2,1,0,2,4,5,3,2
2015.0,1250.0,0.0,0.0,3,1,0,3,4,0,1,3,1,1,0,0,5,1,1,5,4,1,0,0,1,1,1,0,0,2,5,3,9
2015.0,0.0,0.0,0.0,3,6,2,3,4,0,0,2,1,1,0,1,2,1,1,7,4,1,0,1,1,2,1,0,4,7,5,8,3
2015.0,-45.0,0.0,0.0,3,6,3,3,4,0,0,9,1,1,0,1,9,1,1,7,4,1,0,1,1,1,1,0,2,7,5,8,8
2015.0,-145.0,0.0,0.0,3,8,3,3,4,0,1,5,1,1,0,1,9,1,1,8,4,1,0,1,1,2,1,0,6,7,5,3,1
2015.0,165.0,0.0,0.0,3,10,3,3,4,0,1,2,1,1,0,1,2,1,1,8,4,1,0,1,1,1,2,0,6,9,5,3,2
2015.0,-90.0,1.0,0.0,3,6,3,3,4,0,0,1,1,1,0,0,1,1,1,11,4,1,0,0,1,1,2,0,4,7,5,3,8
2015.0,-85.0,0.0,0.0,3,10,3,3,4,0,1,1,1,1,0,1,1,1,1,12,4,1,0,0,1,1,1,0,4,7,5,8,3
2015.0,430.0,0.0,0.0,3,6,3,3,4,0,1,5,1,1,0,1,5,1,1,13,4,1,0,0,1,2,2,0,6,7,5,8,3
2015.0,105.0,0.0,0.0,3,6,3,3,4,0,0,5,1,1,0,1,5,1,1,14,4,1,0,0,1,1,1,0,6,7,5,8,3
2015.0,-630.0,0.0,0.0,3,3,3,1,4,0,0,5,1,1,0,1,5,1,1,14,4,1,0,0,1,0,1,0,6,7,5,3,8
2015.0,-30.0,0.0,0.0,3,6,3,3,4,0,1,5,1,1,0,0,5,1,1,15,4,1,0,0,1,2,1,0,4,7,5,8,3
2015.0,290.0,1.0,0.0,3,4,3,1,4,0,1,8,1,1,0,1,9,1,1,16,4,1,0,1,1,1,1,0,6,5,5,3,9
2015.0,0.0,2.0,0.0,3,4,3,3,4,0,0,2,1,1,0,1,5,1,1,16,4,1,0,1,1,1,1,0,4,2,5,3,9
2015.0,0.0,1.0,0.0,3,4,3,3,4,0,1,9,1,1,0,1,1,1,1,16,4,1,0,1,1,2,1,0,4,2,5,3,9
2015.0,0.0,1.0,0.0,3,4,3,3,4,0,0,2,1,1,0,1,5,1,1,16,4,1,0,1,1,2,1,0,0,2,5,3,9
2015.0,180.0,0.0,0.0,3,6,4,0,0,0,1,5,1,1,0,0,5,1,1,17,4,1,0,1,0,2,1,0,6,7,5,8,3
2015.0,70.0,0.0,0.0,3,6,3,3,4,0,1,5,1,1,0,0,5,1,1,17,4,1,0,1,1,0,2,0,4,5,5,8,3
2015.0,-50.0,0.0,0.0,3,6,4,1,4,0,0,2,1,1,0,0,2,1,1,17,4,1,0,1,1,2,1,0,4,7,5,8,3
2015.0,-20.0,0.0,0.0,3,6,0,0,4,0,1,1,1,1,0,0,1,1,1,18,4,1,0,1,1,1,1,0,4,7,5,5,3
2015.0,30.0,0.0,0.0,3,6,4,0,0,0,1,1,1,1,0,1,1,1,1,18,4,1,0,1,0,2,2,0,4,5,5,8,3
2015.0,208.0,0.0,0.0,3,5,0,0,0,0,2,1,1,1,2,1,1,1,1,22,4,1,0,0,0,0,1,0,6,9,5,3,3
2015.0,-186.0,0.0,0.0,3,6,0,0,4,0,0,1,1,1,0,1,1,1,1,4,5,1,1,0,1,1,1,0,6,7,5,3,3
2015.0,0.0,0.0,0.0,3,1,0,0,0,0,1,2,1,1,0,1,1,1,1,5,5,1,1,0,0,2,2,0,2,2,5,3,3
2015.0,-80.0,0.0,0.0,3,6,3,1,4,0,1,1,1,1,0,1,1,1,1,12,5,1,1,0,1,1,1,0,2,4,5,8,1
2015.0,0.0,0.0,0.0,3,4,3,1,0,0,0,9,1,1,0,1,1,1,1,13,5,1,1,0,0,0,1,0,2,2,5,3,9
2015.0,281.0,0.0,0.0,3,4,3,3,4,0,1,2,1,1,0,1,9,1,1,13,5,1,1,0,1,2,1,0,6,2,7,9,9
2015.0,700.0,0.0,0.0,3,6,3,1,4,0,1,2,1,1,1,1,2,1,1,15,5,1,1,0,1,0,1,0,6,5,5,6,3
2015.0,200.0,0.0,0.0,3,4,3,0,0,0,0,9,1,1,0,1,1,1,1,16,5,1,1,1,0,1,1,0,6,4,5,3,9
2015.0,35.0,0.0,0.0,3,6,0,0,0,0,1,9,0,1,0,1,9,1,1,19,5,1,1,1,0,1,1,0,4,7,5,8,3
2015.0,215.0,0.0,0.0,3,6,3,5,4,0,0,5,1,1,0,1,5,1,1,8,6,2,1,1,1,2,0,0,6,7,5,3,3
2015.0,0.0,1.0,0.0,3,4,3,0,0,0,0,4,1,1,0,0,5,1,1,12,6,2,1,0,0,1,1,0,4,5,5,3,9
2015.0,-15.0,0.0,0.0,3,10,3,0,0,0,2,2,1,1,0,0,2,1,1,12,6,2,1,0,0,0,1,0,2,9,5,3,2
2015.0,100.0,0.0,0.0,3,6,3,0,0,0,1,9,1,1,0,0,9,1,1,13,6,2,1,0,0,2,1,0,6,7,5,8,3
2015.0,340.0,0.0,0.0,3,1,3,0,0,0,2,5,1,1,0,1,9,1,1,15,6,2,1,0,0,0,1,0,2,2,5,3,9
2015.0,87.0,0.0,0.0,3,5,3,0,0,0,1,9,1,1,0,0,1,1,1,16,6,2,1,1,0,0,1,0,2,5,5,8,1
2015.0,250.0,1.0,0.0,3,1,0,0,0,0,0,9,1,1,0,1,2,1,1,18,6,2,1,1,0,2,1,0,6,4,5,3,9
2015.0,0.0,0.0,0.0,3,4,0,0,0,0,0,1,1,1,0,1,5,1,1,3,0,2,0,0,0,1,1,0,2,9,5,9,3
2015.0,0.0,1.0,0.0,3,4,3,0,0,0,1,1,1,1,0,1,9,1,1,7,0,2,0,1,0,2,0,0,6,2,5,3,9
2015.0,80.0,0.0,0.0,3,4,3,0,0,0,1,5,1,1,0,0,5,1,1,8,0,2,0,1,0,2,0,0,2,7,5,8,3
2015.0,-0.01,1.0,0.0,1,6,3,0,0,0,0,2,1,1,0,0,2,1,1,8,0,2,0,1,0,2,1,0,6,7,5,8,3
2015.0,-517.0,1.0,0.0,2,4,3,0,0,0,0,2,1,1,0,1,9,1,1,9,0,2,0,1,0,2,1,0,0,2,5,3,9
2015.0,-30.0,0.0,0.0,3,10,3,0,0,0,1,2,1,1,0,0,2,1,1,12,0,2,0,0,0,1,1,0,4,4,5,9,9
2015.0,-250.0,0.0,0.0,3,6,3,0,0,0,1,9,1,1,0,1,9,1,1,13,0,2,0,0,0,2,1,0,6,7,5,8,3
2015.0,0.0,1.0,0.0,3,1,3,0,0,0,0,9,1,1,0,1,5,1,1,13,0,2,0,0,0,1,1,0,2,2,5,9,3
2015.0,0.0,0.0,0.0,3,1,3,0,0,0,0,5,1,1,0,0,9,1,1,14,0,2,0,0,0,1,1,0,4,2,5,3,3
2015.0,0.0,2.0,0.0,3,4,4,0,0,0,0,2,1,1,0,0,5,1,1,17,0,2,0,1,0,1,1,0,4,2,5,3,9
2015.0,109.0,0.0,0.0,3,6,3,0,0,0,0,1,1,1,0,1,1,1,1,17,0,2,0,1,0,2,2,0,2,7,5,3,3
2015.0,120.0,0.0,0.0,3,6,4,0,0,0,0,5,1,1,0,1,5,1,1,17,0,2,0,1,0,1,1,0,6,5,5,8,3
2015.0,-60.0,0.0,0.0,3,6,4,0,0,0,1,1,1,1,0,1,1,1,1,17,0,2,0,1,0,1,1,0,2,7,5,8,3
2015.0,-116.0,0.0,0.0,3,6,3,0,0,0,1,1,1,1,0,1,1,1,1,17,0,2,0,1,0,2,1,0,6,8,5,8,8
2015.0,100.0,0.0,0.0,3,10,4,0,0,0,1,2,1,1,0,0,2,1,1,18,0,2,0,1,0,1,1,0,6,9,5,3,2
2015.0,88.0,0.0,0.0,3,6,0,0,0,0,0,5,1,1,0,0,5,1,1,18,0,2,0,1,0,2,2,0,4,7,5,3,3
2015.0,-70.0,2.0,0.0,3,6,3,0,0,0,1,9,1,1,0,0,9,1,1,7,1,2,0,1,0,0,1,0,6,7,5,8,3
2015.0,-85.0,0.0,0.0,3,6,3,0,0,0,0,1,1,1,0,0,1,1,1,7,1,2,0,1,0,1,1,0,4,7,5,8,3
2015.0,-300.0,0.0,0.0,3,1,3,0,0,0,1,9,1,1,0,0,2,1,1,7,1,2,0,1,0,1,1,0,6,2,5,3,7
2015.0,145.0,0.0,0.0,3,10,3,0,0,0,1,2,1,1,0,1,2,1,1,7,1,2,0,1,0,1,2,0,1,5,5,3,3
2015.0,-300.0,0.0,0.0,3,10,3,0,0,0,1,5,1,1,0,0,5,1,1,9,1,2,0,1,0,1,1,0,6,9,5,3,2
2015.0,-600.0,1.0,0.0,2,5,3,0,0,3,0,2,1,1,0,0,9,1,1,10,1,2,0,0,0,2,2,0,4,5,5,3,7
2015.0,-26.0,0.0,0.0,3,6,3,0,0,0,1,2,1,1,0,0,2,1,1,11,1,2,0,0,0,1,2,0,2,7,5,8,3
2015.0,0.0,0.0,0.0,3,4,3,0,0,0,0,6,1,1,0,0,9,1,1,11,1,2,0,0,0,0,1,0,4,2,5,3,9
2015.0,-380.0,3.0,0.0,3,6,3,0,0,0,0,2,1,1,0,0,2,1,1,11,1,2,0,0,0,0,2,0,6,7,5,8,3
2015.0,0.0,2.0,0.0,2,1,3,0,0,0,1,9,1,1,0,1,5,1,1,13,1,2,0,0,0,1,1,0,2,2,5,3,3
2015.0,91.0,0.0,0.0,3,10,3,0,0,0,0,5,1,1,1,1,5,1,1,13,1,2,0,0,0,2,1,0,6,9,5,6,9
2015.0,-183.0,0.0,0.0,3,6,3,0,0,0,0,1,1,1,0,1,1,1,1,14,1,2,0,0,0,1,1,0,6,7,5,8,8
2015.0,0.0,0.0,0.0,3,4,3,0,0,0,0,2,1,1,0,1,5,1,1,14,1,2,0,0,0,1,1,0,4,2,5,3,9
2015.0,613.0,0.0,0.0,3,10,3,0,0,0,2,5,1,1,0,0,5,1,1,14,1,2,0,0,0,0,1,0,6,5,5,8,3
2015.0,288.0,0.0,0.0,3,4,3,0,0,0,0,5,1,1,0,1,9,1,1,14,1,2,0,0,0,2,2,0,6,2,5,3,9
2015.0,348.0,1.0,0.0,2,6,3,0,0,0,1,5,1,1,0,1,5,1,1,16,1,2,0,1,0,2,1,0,6,7,5,3,2
2015.0,116.0,1.0,0.0,2,6,3,0,0,0,1,2,1,1,0,0,2,1,1,16,1,2,0,1,0,1,2,0,6,7,5,8,3
2015.0,423.0,1.0,0.0,2,10,3,0,0,0,0,5,1,1,2,0,5,1,1,17,1,2,0,1,0,0,1,0,0,2,5,3,9
2015.0,150.0,3.0,0.0,2,6,0,0,0,0,1,1,1,1,0,1,1,1,1,18,1,2,0,1,0,1,1,0,6,7,5,8,3
2015.0,-634.0,1.0,0.0,2,1,0,0,0,0,0,9,1,1,0,0,5,1,1,18,1,2,0,1,0,2,2,0,0,4,5,3,9
2015.0,0.0,2.0,0.0,3,4,0,0,0,0,1,7,1,1,0,0,1,1,1,20,1,2,0,0,0,1,2,0,4,7,5,3,9
2015.0,-170.0,0.0,0.0,3,12,2,0,0,0,1,8,1,1,1,1,8,1,1,7,2,2,0,1,0,0,1,0,6,5,5,6,5
2015.0,-100.0,0.0,0.0,3,4,3,0,0,0,0,2,1,1,0,0,1,1,1,7,2,2,0,1,0,1,1,0,6,2,5,3,9
2015.0,-54.0,1.0,0.0,3,6,3,0,0,0,0,1,1,1,0,0,1,1,1,9,2,2,0,1,0,1,2,0,4,7,5,8,3
2015.0,-50.0,1.0,0.0,3,6,3,0,0,0,0,2,1,1,0,0,2,1,1,12,2,2,0,0,0,2,1,0,4,7,5,8,3
2015.0,200.0,0.0,0.0,3,6,3,0,0,0,0,1,1,1,0,1,1,1,1,12,2,2,0,0,0,0,0,0,6,7,5,8,3
2015.0,-120.0,1.0,0.0,3,6,3,0,0,0,1,2,1,1,0,1,2,1,1,13,2,2,0,0,0,1,1,0,4,7,5,8,3
2015.0,150.0,0.0,0.0,3,4,3,0,0,0,1,2,1,1,0,0,1,1,1,14,2,2,0,0,0,1,1,0,6,2,5,3,9
2015.0,60.0,0.0,0.0,3,6,3,0,0,0,1,5,1,1,0,1,5,1,1,14,2,2,0,0,0,1,1,0,2,7,5,8,3
2015.0,-110.0,0.0,0.0,3,6,3,0,0,0,0,1,1,1,0,1,1,1,1,15,2,2,0,0,0,2,0,0,4,7,5,8,3
2015.0,-75.0,0.0,0.0,3,6,3,0,0,0,1,2,1,1,0,1,2,1,1,15,2,2,0,0,0,1,1,0,4,7,5,8,3
2015.0,-20.0,1.0,0.0,2,6,3,0,0,0,0,6,1,1,0,0,6,1,1,15,2,2,0,0,0,0,1,0,4,7,5,8,3
2015.0,-550.0,0.0,0.0,3,6,3,0,0,0,0,2,1,1,0,0,2,1,1,15,2,2,0,0,0,1,0,0,6,7,5,8,3
2015.0,247.0,0.0,0.0,3,1,3,0,0,0,0,5,1,1,0,1,5,1,1,16,2,2,0,1,0,1,1,0,4,9,5,3,2
2015.0,335.0,1.0,0.0,3,6,3,0,0,0,0,2,1,1,0,0,2,1,1,16,2,2,0,1,0,1,1,0,6,7,5,8,3
2015.0,300.0,0.0,0.0,3,4,3,0,0,0,0,1,1,1,0,1,5,1,1,16,2,2,0,1,0,1,1,0,6,2,5,3,9
2015.0,56.0,0.0,0.0,3,12,3,0,0,0,0,1,1,1,0,0,1,1,1,17,2,2,0,1,0,2,1,0,6,9,5,3,2
2015.0,0.0,1.0,0.0,3,1,3,0,0,0,1,5,1,1,0,0,1,1,1,17,2,2,0,1,0,2,1,0,4,2,5,3,9
2015.0,-60.0,0.0,0.0,3,4,3,0,0,0,1,9,1,1,0,1,2,1,1,17,2,2,0,1,0,1,1,0,4,2,5,3,9
2015.0,185.0,0.0,0.0,3,4,4,0,0,0,0,6,1,1,0,1,1,1,1,18,2,2,0,1,0,1,1,0,6,4,5,3,9
2015.0,97.0,0.0,0.0,3,6,0,0,0,0,0,5,1,1,0,1,5,1,1,18,2,2,0,1,0,2,1,0,6,7,5,8,3
2015.0,0.0,2.0,0.0,1,4,0,0,0,0,1,2,1,1,0,0,9,1,1,19,2,2,0,1,0,0,2,0,4,2,5,3,9
2015.0,-130.0,0.0,0.0,3,6,3,0,0,0,0,1,1,1,0,1,1,1,1,8,3,2,0,1,0,1,1,0,2,7,5,8,3
2015.0,-76.0,0.0,0.0,3,10,3,0,0,0,1,1,1,1,0,1,1,1,1,11,3,2,0,0,0,1,1,0,6,9,5,3,2
2015.0,-80.0,0.0,0.0,3,6,3,0,0,0,1,1,1,1,0,0,1,1,1,13,3,2,0,0,0,1,1,0,2,7,5,8,3
2015.0,275.0,0.0,0.0,3,6,3,0,0,0,1,5,1,1,0,1,5,1,1,13,3,2,0,0,0,2,1,0,6,7,5,8,3
2015.0,80.0,1.0,0.0,3,6,3,0,0,0,0,1,1,1,0,0,1,1,1,15,3,2,0,0,0,1,1,0,6,7,5,8,3
2015.0,-149.0,0.0,0.0,3,6,3,0,0,0,1,1,1,1,0,1,1,1,1,15,3,2,0,0,0,1,2,0,4,7,5,8,3
2015.0,360.0,0.0,0.0,3,6,3,0,0,0,1,5,1,1,0,0,5,1,1,16,3,2,0,1,0,1,1,0,6,7,5,8,3
2015.0,254.0,0.0,0.0,3,10,3,0,0,0,1,5,1,1,0,0,5,1,1,16,3,2,0,1,0,0,2,0,6,9,5,3,2
2015.0,0.0,1.0,0.0,2,1,3,0,0,0,1,9,1,1,0,1,1,1,1,16,3,2,0,1,0,2,1,0,0,2,5,2,9
2015.0,45.0,2.0,0.0,2,4,3,0,0,0,1,1,1,1,0,1,5,1,1,16,3,2,0,1,0,1,2,0,4,2,5,3,9
2015.0,-91.0,0.0,0.0,3,6,3,0,0,0,1,1,1,1,0,0,1,1,1,17,3,2,0,1,0,2,1,0,2,7,5,8,3
2015.0,-395.0,0.0,0.0,3,10,3,0,0,0,1,5,1,1,0,1,0,1,1,17,3,2,0,1,0,2,1,0,6,9,5,3,2
2015.0,-110.0,1.0,0.0,3,6,0,0,0,0,0,1,1,1,0,1,1,1,1,19,3,2,0,1,0,2,1,0,4,7,5,8,2
2015.0,0.0,0.0,0.0,3,1,3,0,0,0,1,1,1,1,0,0,2,1,1,7,4,2,0,1,0,2,2,0,4,2,5,3,3
2015.0,110.0,1.0,0.0,3,6,3,0,0,0,1,9,1,1,0,0,9,1,1,8,4,2,0,1,0,2,1,0,4,7,5,8,3
2015.0,0.0,2.0,0.0,2,4,3,0,0,0,0,2,1,1,0,0,5,1,1,14,4,2,0,0,0,1,1,0,4,2,5,3,9
2015.0,-555.0,1.0,0.0,2,1,3,0,0,0,1,6,1,1,0,1,5,1,1,14,4,2,0,0,0,0,2,0,6,2,5,3,9
2015.0,-410.0,0.0,0.0,3,6,3,0,0,0,1,5,1,1,0,1,5,1,1,15,4,2,0,0,0,2,1,0,6,7,5,8,3
2015.0,175.0,3.0,0.0,2,6,3,0,0,0,1,5,1,1,0,0,5,1,1,17,4,2,0,1,0,2,1,0,4,7,5,8,3
2015.0,1056.0,0.0,0.0,3,6,3,0,0,0,1,1,1,1,0,1,1,1,1,17,4,2,0,1,0,2,1,0,6,7,5,8,3
2015.0,-110.0,0.0,0.0,3,3,3,0,0,0,1,9,1,1,0,1,1,1,1,17,4,2,0,1,0,1,1,0,4,9,5,8,3
2015.0,46.0,0.0,0.0,3,6,0,0,0,0,0,1,1,1,0,1,1,1,1,18,4,2,0,1,0,1,0,0,6,7,5,8,3
2015.0,0.0,0.0,0.0,3,1,0,0,0,0,1,5,1,1,0,1,1,1,1,18,4,2,0,1,0,2,2,0,4,2,5,3,3
2015.0,16.0,0.0,0.0,3,6,0,0,0,0,0,9,1,1,0,1,9,1,1,18,4,2,0,1,0,1,1,0,4,7,5,8,3
2015.0,181.0,0.0,0.0,3,10,0,0,0,0,1,2,1,1,0,1,2,1,1,19,4,2,0,1,0,0,0,0,6,9,9,3,3
2015.0,60.0,0.0,0.0,3,6,0,0,0,0,0,5,1,1,0,0,5,1,1,19,4,2,0,1,0,1,1,0,2,8,5,3,3
2015.0,-160.0,0.0,0.0,3,8,0,0,0,0,1,9,1,1,1,1,2,1,1,23,4,2,0,0,0,2,1,0,6,5,5,6,1
2015.0,-250.0,0.0,0.0,3,6,3,0,0,0,1,1,1,1,0,0,1,1,1,14,5,2,1,0,0,1,2,0,6,5,5,8,3
2015.0,-170.0,0.0,0.0,3,6,3,0,0,0,0,2,1,1,0,1,2,1,1,15,5,2,1,0,0,2,1,0,6,7,5,8,3
2015.0,200.0,0.0,0.0,3,10,4,0,0,0,0,2,0,1,1,1,8,1,1,17,5,2,1,1,0,1,1,0,6,7,5,6,9
2015.0,20.0,1.0,0.0,3,6,2,0,0,0,2,5,1,1,0,0,5,1,1,6,6,2,1,0,0,0,1,0,2,5,5,8,5
2015.0,0.0,0.0,0.0,3,1,3,0,0,0,1,1,0,1,0,1,5,1,1,7,6,2,1,1,0,1,1,0,2,2,5,3,3
2015.0,0.0,1.0,0.0,3,4,3,0,0,0,1,1,1,1,0,1,5,1,1,12,6,2,1,0,0,0,1,0,2,2,5,9,3
2015.0,45.0,2.0,0.0,3,1,3,0,0,0,1,2,1,1,0,1,2,0,1,14,6,2,1,0,0,0,1,0,4,4,5,3,9
2015.0,-375.0,1.0,0.0,3,6,3,0,0,0,1,1,1,1,0,0,1,1,1,8,0,2,0,1,0,0,1,0,6,7,5,8,3
2015.0,0.0,0.0,0.0,3,4,3,0,0,0,1,5,1,1,0,1,2,1,1,8,0,2,0,1,0,1,1,0,4,2,5,3,9
2015.0,-50.0,1.0,0.0,3,6,3,0,0,0,1,1,1,1,0,0,1,1,1,9,0,2,0,1,0,2,1,0,4,7,5,8,3
2015.0,359.0,0.0,0.0,3,4,3,0,0,0,0,9,1,1,0,1,5,1,1,10,0,2,0,0,0,2,0,0,0,2,5,3,9
2015.0,-290.0,1.0,0.0,3,6,3,0,0,0,0,2,1,1,0,1,2,1,1,11,0,2,0,0,0,2,2,0,4,7,5,8,3
2015.0,235.0,0.0,0.0,3,4,3,0,0,0,0,7,1,1,0,1,5,1,1,13,0,2,0,0,0,1,0,0,6,2,5,3,9
2015.0,275.0,0.0,0.0,3,6,3,0,0,0,0,2,1,1,0,0,2,1,1,14,0,2,0,0,0,0,1,0,6,7,5,8,3
2015.0,-403.0,0.0,0.0,3,10,3,0,0,0,1,2,1,1,0,1,2,1,1,14,0,2,0,0,0,1,1,0,6,9,5,3,2
2015.0,45.0,0.0,0.0,3,6,3,0,0,0,1,2,1,1,0,0,2,1,1,15,0,2,0,0,0,1,1,0,4,7,5,8,3
2015.0,-242.0,0.0,0.0,3,1,3,0,0,0,1,9,1,1,0,1,2,1,1,15,0,2,0,0,0,1,1,0,0,2,5,3,9
2015.0,-85.0,0.0,0.0,3,6,3,0,0,0,0,2,1,1,0,0,2,1,1,16,0,2,0,1,0,1,1,0,4,7,5,8,8
2015.0,0.0,0.0,0.0,3,4,0,0,0,0,1,7,1,1,0,0,5,1,1,18,0,2,0,1,0,1,2,0,4,5,5,3,9
2015.0,93.0,2.0,0.0,3,6,3,0,0,0,1,9,1,1,0,0,9,1,1,6,1,2,0,0,0,1,1,0,2,7,5,8,3
2015.0,0.0,1.0,0.0,3,1,3,0,0,0,0,1,1,1,0,0,9,1,1,7,1,2,0,1,0,1,1,0,4,2,5,9,3
2015.0,-258.0,1.0,0.0,3,4,3,0,0,0,0,3,1,1,0,1,9,1,1,8,1,2,0,1,0,0,0,0,6,5,5,3,9
2015.0,390.0,0.0,0.0,3,4,3,0,0,0,1,1,1,1,0,1,9,1,1,8,1,2,0,1,0,0,1,0,0,2,5,3,9
2015.0,-140.0,0.0,0.0,3,10,3,0,0,0,0,2,1,1,0,1,2,1,1,9,1,2,0,1,0,0,0,0,6,9,5,8,2
2015.0,-670.0,1.0,0.0,2,4,3,0,0,0,0,9,1,1,0,1,2,1,1,12,1,2,0,0,0,1,2,0,0,2,5,3,9
2015.0,0.0,0.0,0.0,3,10,3,0,0,0,1,5,1,1,0,1,5,1,1,13,1,2,0,0,0,1,1,0,4,9,5,3,2
2015.0,92.0,2.0,0.0,3,6,3,0,0,0,0,9,1,1,0,1,9,1,1,14,1,2,0,0,0,2,1,0,6,7,5,8,3
2015.0,105.0,0.0,0.0,3,6,3,0,0,0,1,5,1,1,0,0,5,1,1,16,1,2,0,1,0,1,1,0,6,8,5,8,3
2015.0,0.0,0.0,0.0,3,4,3,0,0,0,0,2,1,1,0,1,5,1,1,17,1,2,0,1,0,2,1,0,4,2,5,3,9
2015.0,49.0,0.0,0.0,3,5,0,0,0,0,1,5,1,1,0,1,5,1,1,17,1,2,0,1,0,1,0,0,4,5,5,8,1
2015.0,0.0,0.0,0.0,3,4,0,0,0,0,0,2,1,1,0,0,1,1,1,22,1,2,0,0,0,2,2,0,2,5,5,3,9
2015.0,35.0,0.0,0.0,3,1,3,0,0,0,0,1,1,1,0,1,2,1,1,7,2,2,0,1,0,2,1,0,4,2,5,9,3
2015.0,0.0,0.0,0.0,3,10,3,0,0,0,1,3,1,1,0,0,3,1,1,9,2,2,0,1,0,1,1,0,4,5,5,9,9
2015.0,-120.0,0.0,0.0,3,6,3,0,0,0,1,2,1,1,0,0,2,1,1,10,2,2,0,0,0,2,1,0,4,7,5,8,8
2015.0,295.0,0.0,0.0,3,4,3,0,0,0,0,2,1,1,0,1,1,1,1,10,2,2,0,0,0,1,2,0,6,2,5,3,9
2015.0,-65.0,1.0,0.0,2,6,3,0,0,0,1,1,1,1,0,0,1,1,1,11,2,2,0,0,0,1,0,0,4,7,5,8,3
2015.0,100.0,0.0,0.0,3,6,3,0,0,0,1,9,1,1,0,0,9,1,1,13,2,2,0,0,0,2,2,0,4,7,5,8,3
2015.0,0.0,0.0,0.0,3,4,3,0,0,0,1,3,1,1,0,0,5,1,1,13,2,2,0,0,0,0,2,0,4,4,5,3,9
2015.0,0.0,2.0,0.0,3,1,3,0,0,0,0,9,1,1,0,1,3,1,1,13,2,2,0,0,0,0,2,0,2,2,5,9,3
2015.0,0.0,0.0,0.0,3,6,3,0,0,0,1,2,1,1,0,1,2,1,1,14,2,2,0,0,0,2,2,0,4,7,5,3,8
2015.0,-110.0,0.0,0.0,3,4,3,0,0,0,0,5,1,1,0,1,1,1,1,14,2,2,0,0,0,1,1,0,0,2,5,3,9
2015.0,-779.0,0.0,0.0,3,4,3,0,0,0,0,1,1,1,0,1,5,1,1,16,2,2,0,1,0,0,2,0,0,2,5,3,9
2015.0,-215.0,0.0,0.0,3,4,3,0,0,0,2,1,1,1,0,0,5,1,1,18,2,2,0,1,0,0,1,0,0,2,5,3,9
2015.0,-290.0,0.0,0.0,3,6,0,0,0,0,1,2,1,1,0,0,2,1,1,19,2,2,0,1,0,1,2,0,6,7,5,8,3
2015.0,0.0,0.0,0.0,3,4,0,0,0,0,1,2,1,1,0,1,5,1,1,19,2,2,0,1,0,1,2,0,4,2,5,9,3