Year,Distance,Totalinjuries,Totalfatalities,Injuryseverity,Collisionmanner,Lightcondition,Weather,SurfaceCondition,Unittype_One,Gender_Drv1,Traveldirection_One,AlcoholUse_Drv1,DrugUse_Drv1,Unittype_Two,Gender_Drv2,Traveldirection_Two,AlcoholUse_Drv2,DrugUse_Drv2,Hour,Weekday,Month,Weekend,Rush_Hour,Hazardous_Road,Age_Group_Drv1,Age_Group_Drv2,Substance_Use,Junction_Category,Violation_Category_Drv1,Violation_Category_Drv2,Unitaction_Category_Two,Unitaction_Category_One
2015.0,45.0,1.0,0.0,3,10,0,0,0,0,1,5,1,1,0,0,5,1,1,20,2,2,0,0,0,1,1,0,2,9,5,3,2
2015.0,-44.0,0.0,0.0,3,6,0,0,0,0,0,1,1,1,0,0,1,1,1,20,2,2,0,0,0,1,1,0,4,7,5,8,3
2015.0,40.0,0.0,0.0,3,10,0,0,0,0,1,7,1,1,0,1,5,1,1,21,2,2,0,0,0,0,2,0,4,9,5,3,2
2015.0,2751.0,0.0,0.0,3,6,3,0,0,0,1,2,1,1,0,1,2,1,1,7,3,2,0,1,0,1,0,0,6,7,5,8,3
2015.0,-60.0,2.0,0.0,3,6,3,0,0,0,1,2,1,1,0,1,2,1,1,7,3,2,0,1,0,1,0,0,4,7,5,8,3
2015.0,0.0,1.0,0.0,1,1,3,0,0,0,1,9,1,1,0,1,5,1,1,7,3,2,0,1,0,0,1,0,4,7,5,9,3
2015.0,0.0,0.0,0.0,3,4,3,0,0,0,0,5,1,1,0,1,2,1,1,9,3,2,0,1,0,1,1,0,2,2,5,9,3
2015.0,-41.0,0.0,0.0,3,6,3,0,0,0,0,2,1,1,0,0,2,1,1,9,3,2,0,1,0,2,1,0,4,7,5,8,3
2015.0,-170.0,1.0,0.0,2,4,3,0,0,0,1,1,1,1,0,0,2,1,1,10,3,2,0,0,0,1,1,0,0,2,5,3,9
2015.0,155.0,0.0,0.0,3,6,3,0,0,0,1,1,1,1,0,1,1,1,1,11,3,2,0,0,0,1,1,0,6,8,5,8,3
2015.0,-74.0,1.0,0.0,2,6,3,0,0,0,1,1,1,1,0,0,1,1,1,13,3,2,0,0,0,1,0,0,6,7,5,8,3
2015.0,-713.0,1.0,0.0,3,6,3,0,0,0,1,0,1,1,0,1,0,1,1,13,3,2,0,0,0,2,1,0,0,7,5,8,3
2015.0,-288.0,0.0,0.0,3,8,3,0,0,0,1,5,1,1,0,0,9,1,1,15,3,2,0,0,0,2,2,0,6,5,5,3,1
2015.0,110.0,0.0,0.0,3,6,3,0,0,0,0,9,1,1,0,1,9,1,1,15,3,2,0,0,0,1,2,0,4,7,5,8,3
2015.0,50.0,1.0,0.0,3,6,3,0,0,0,0,9,1,1,0,0,9,1,1,16,3,2,0,1,0,2,1,0,4,7,5,8,3
2015.0,-110.0,0.0,0.0,3,4,3,0,0,0,0,2,1,1,0,1,9,1,1,16,3,2,0,1,0,1,1,0,6,2,5,3,9
2015.0,-49.0,0.0,0.0,3,10,3,0,0,0,0,5,1,1,0,1,5,1,1,16,3,2,0,1,0,2,2,0,6,9,5,3,2
2015.0,-205.0,0.0,0.0,3,6,3,0,0,0,1,2,1,1,0,0,2,1,1,16,3,2,0,1,0,1,1,0,6,8,5,8,8
2015.0,170.0,0.0,0.0,3,6,0,0,0,0,1,5,1,1,0,1,5,1,1,18,3,2,0,1,0,0,2,0,4,7,5,8,3
2015.0,0.0,1.0,0.0,2,1,0,0,0,2,0,1,0,1,0,1,5,1,1,0,4,2,0,0,0,1,2,0,4,2,5,3,9
2015.0,78.0,0.0,0.0,3,1,0,0,0,0,2,2,1,1,0,0,9,1,1,0,4,2,0,0,0,0,2,0,4,4,5,8,9
2015.0,-100.0,0.0,0.0,3,6,3,0,0,0,0,2,1,1,0,0,2,1,1,7,4,2,0,1,0,0,0,0,6,7,5,8,3
2015.0,0.0,0.0,0.0,3,4,3,0,0,0,1,9,1,1,0,1,1,1,1,7,4,2,0,1,0,1,2,0,4,2,5,3,9
2015.0,296.0,1.0,0.0,3,6,3,0,0,0,0,2,1,1,0,1,2,1,1,10,4,2,0,0,0,1,1,0,6,7,5,8,3
2015.0,216.0,0.0,0.0,3,4,3,0,0,0,1,5,1,1,0,1,9,1,1,10,4,2,0,0,0,2,2,0,6,2,5,8,9
2015.0,0.0,0.0,0.0,3,10,3,0,0,0,1,1,1,1,0,1,1,1,1,11,4,2,0,0,0,0,0,0,4,9,5,3,3
2015.0,0.0,0.0,0.0,3,1,3,0,0,0,0,5,1,1,0,0,1,1,1,11,4,2,0,0,0,1,2,0,2,2,5,3,9
2015.0,0.0,0.0,0.0,3,6,3,0,0,0,0,9,1,1,0,1,9,1,1,12,4,2,0,0,0,1,2,0,2,7,5,8,3
2015.0,-33.0,0.0,0.0,3,6,3,0,0,0,1,2,1,1,0,1,2,1,1,12,4,2,0,0,0,2,2,0,4,7,5,8,3
2015.0,129.0,0.0,0.0,3,6,3,0,0,0,1,1,1,1,0,0,1,1,1,14,4,2,0,0,0,1,1,0,6,8,5,8,8
2015.0,0.0,0.0,0.0,3,6,3,0,0,0,1,2,1,1,0,0,2,1,1,14,4,2,0,0,0,0,1,0,4,7,5,9,9
2015.0,0.0,0.0,0.0,3,1,3,0,0,0,1,2,1,1,0,0,2,1,1,16,4,2,0,1,0,2,1,0,2,7,5,9,3
2015.0,200.0,0.0,0.0,3,10,3,0,0,0,1,2,1,1,0,0,2,1,1,17,4,2,0,1,0,1,2,0,6,9,5,3,2
2015.0,800.0,2.0,0.0,2,5,0,0,0,0,1,5,1,1,3,1,8,1,1,18,4,2,0,1,0,1,1,0,6,4,6,7,9
2015.0,-223.0,0.0,0.0,3,6,3,0,0,0,1,9,0,1,0,1,9,1,1,18,4,2,0,1,0,1,1,0,6,7,5,8,3
2015.0,-240.0,3.0,0.0,2,1,0,0,0,0,0,2,0,1,0,0,2,1,1,21,4,2,0,0,0,1,1,0,6,9,5,3,9
2015.0,0.0,3.0,0.0,2,1,3,0,0,0,0,1,1,1,0,1,5,1,1,10,5,2,1,0,0,2,1,0,4,2,5,3,3
2015.0,1500.0,0.0,0.0,3,6,0,0,0,0,1,5,1,1,0,1,5,1,1,20,5,2,1,0,0,2,1,0,6,5,5,8,3
2015.0,-36.0,0.0,0.0,3,6,0,4,0,0,1,2,0,1,0,1,2,1,1,20,5,2,1,0,0,1,1,0,2,8,5,8,3
2015.0,0.0,1.0,0.0,3,1,0,0,0,0,1,2,1,1,0,1,5,1,1,22,5,2,1,0,0,2,1,0,4,2,5,3,9
2015.0,-126.0,0.0,0.0,3,5,3,0,0,0,2,2,1,1,0,1,9,1,1,11,6,2,1,0,0,0,1,0,6,5,5,3,1
2015.0,-14.0,0.0,0.0,3,6,0,0,0,0,2,2,1,1,0,1,2,1,1,19,6,2,1,1,0,0,1,0,2,7,5,8,5
2015.0,0.0,2.0,0.0,2,1,0,0,0,0,1,9,1,1,0,1,1,1,1,20,6,2,1,0,0,2,1,0,2,2,5,3,9
2015.0,-267.0,0.0,0.0,3,10,0,0,0,0,1,2,1,1,0,1,2,1,1,21,6,2,1,0,0,0,2,0,6,9,5,3,2
2015.0,50.0,0.0,0.0,3,1,3,0,0,0,0,9,1,1,0,1,2,1,1,8,0,2,0,1,0,2,2,0,4,2,5,3,9
2015.0,-280.0,0.0,0.0,3,8,3,0,0,0,0,2,1,1,0,0,1,1,1,9,0,2,0,1,0,1,0,0,6,5,5,3,1
2015.0,240.0,0.0,0.0,3,6,3,0,0,0,0,1,1,1,0,1,1,1,1,10,0,2,0,0,0,1,1,0,6,7,5,8,3
2015.0,0.0,0.0,0.0,3,1,3,0,0,0,0,9,1,1,0,1,2,1,1,11,0,2,0,0,0,0,1,0,2,2,5,3,3
2015.0,25.0,0.0,0.0,3,10,3,0,0,0,0,9,1,1,0,1,9,1,1,12,0,2,0,0,0,1,0,0,6,9,5,3,2
2015.0,-40.0,0.0,0.0,3,6,3,0,0,0,0,1,1,1,0,1,1,1,1,12,0,2,0,0,0,1,0,0,4,7,5,8,3
2015.0,500.0,3.0,0.0,3,6,3,0,0,0,1,1,0,1,0,0,1,1,1,13,0,2,0,0,0,2,2,0,4,7,5,3,3
2015.0,-20.0,0.0,0.0,3,1,0,0,0,2,1,5,1,1,0,0,9,1,1,22,0,2,0,0,0,2,1,0,6,5,5,3,3
2015.0,0.0,2.0,0.0,3,4,3,0,0,0,0,1,1,1,0,1,2,1,1,8,1,2,0,1,0,0,1,0,4,2,5,3,9
2015.0,0.0,1.0,0.0,2,4,3,0,0,0,1,9,1,1,0,1,1,1,1,10,1,2,0,0,0,1,1,0,2,2,5,3,9
2015.0,-35.0,0.0,0.0,3,6,3,0,0,0,1,9,1,1,0,1,9,1,1,10,1,2,0,0,0,1,1,0,4,8,5,8,3
2015.0,-548.0,0.0,0.0,3,6,3,0,0,0,1,2,1,1,0,1,2,1,1,11,1,2,0,0,0,2,1,0,6,8,5,8,3
2015.0,275.0,0.0,0.0,3,6,3,0,0,0,0,9,1,1,0,1,9,1,1,13,1,2,0,0,0,1,2,0,6,7,5,8,3
2015.0,65.0,0.0,0.0,3,6,3,0,0,0,1,5,1,1,0,0,5,1,1,14,1,2,0,0,0,2,1,0,6,7,5,8,3
2015.0,0.0,0.0,0.0,3,4,3,0,0,0,1,6,1,1,0,0,3,1,1,14,1,2,0,0,0,0,2,0,4,2,5,9,9
2015.0,56.0,0.0,0.0,3,6,3,0,0,0,0,1,1,1,0,0,1,1,1,15,1,2,0,0,0,2,1,0,6,7,5,8,3
2015.0,-148.0,0.0,0.0,3,6,3,0,0,0,0,1,1,1,0,1,1,1,1,16,1,2,0,1,0,1,0,0,4,7,5,8,8
2015.0,-340.0,0.0,0.0,3,1,3,0,0,0,1,9,1,1,0,0,2,1,1,16,1,2,0,1,0,1,2,0,0,2,5,3,9
2015.0,30.0,0.0,0.0,3,6,3,0,0,0,0,5,1,1,0,1,5,1,1,17,1,2,0,1,0,2,1,0,4,7,5,8,8
2015.0,170.0,1.0,0.0,2,4,3,0,0,0,0,9,1,1,0,1,2,1,1,18,1,2,0,1,0,2,2,0,0,2,7,3,9
2015.0,0.0,0.0,0.0,3,4,0,0,0,0,1,9,1,1,0,1,2,1,1,18,1,2,0,1,0,1,2,0,4,2,5,9,3
2015.0,150.0,0.0,0.0,3,10,0,0,0,0,1,2,1,1,0,0,2,1,1,18,1,2,0,1,0,1,1,0,6,9,5,3,2
2015.0,0.0,0.0,0.0,3,4,0,0,0,0,0,1,1,1,0,0,1,1,1,21,1,2,0,0,0,2,1,0,4,2,5,9,3
2015.0,0.0,0.0,0.0,3,4,0,0,0,0,1,9,1,1,0,1,1,1,1,22,1,2,0,0,0,2,1,0,4,2,5,3,9
2015.0,-450.0,0.0,0.0,3,6,0,0,0,0,1,2,1,1,0,0,2,1,1,22,1,2,0,0,0,2,0,0,6,7,5,8,3
2015.0,160.0,0.0,0.0,3,10,0,0,0,0,1,5,1,1,0,1,5,1,1,23,1,2,0,0,0,1,2,0,6,9,5,3,6
2015.0,-400.0,0.0,0.0,3,6,3,0,0,0,0,5,1,1,0,1,5,1,1,7,2,2,0,1,0,1,1,0,6,7,5,8,3
2015.0,812.0,0.0,0.0,3,8,3,0,0,0,0,2,1,1,1,1,9,1,1,9,2,2,0,1,0,1,1,0,6,5,5,6,1
2015.0,26.0,1.0,0.0,2,6,3,0,0,0,1,9,1,1,0,1,9,1,1,11,2,2,0,0,0,0,2,0,4,8,5,8,8
2015.0,380.0,0.0,0.0,3,4,3,0,0,0,1,5,1,1,0,1,2,1,1,13,2,2,0,0,0,1,2,0,6,4,5,3,9
2015.0,-85.0,0.0,0.0,3,10,3,0,0,0,1,2,1,1,0,1,2,1,1,16,2,2,0,1,0,1,1,0,6,9,5,3,2
2015.0,-160.0,0.0,0.0,3,3,3,0,0,0,0,9,1,1,0,1,1,1,1,17,2,2,0,1,0,1,2,0,4,9,5,3,8
2015.0,0.0,0.0,0.0,3,1,3,0,0,0,0,1,1,1,0,1,2,1,1,17,2,2,0,1,0,1,1,0,4,2,5,3,3
2015.0,-400.0,0.0,0.0,3,10,0,0,0,0,1,5,1,1,0,0,5,1,1,18,2,2,0,1,0,1,0,0,6,5,5,3,2
2015.0,-72.0,0.0,0.0,3,10,0,0,0,0,1,9,1,1,0,1,9,1,1,20,2,2,0,0,0,2,2,0,6,9,5,3,2
2015.0,0.0,1.0,0.0,3,10,0,0,0,0,1,5,1,1,0,0,5,1,1,21,2,2,0,0,0,1,1,0,4,5,5,9,9
2015.0,-255.0,0.0,0.0,3,10,0,0,0,0,1,2,1,1,0,0,2,1,1,22,2,2,0,0,0,2,2,0,4,9,5,3,2
2015.0,1750.0,0.0,0.0,3,8,3,0,0,0,1,4,1,1,1,1,2,1,1,7,3,2,0,1,0,1,1,0,6,5,5,6,1
2015.0,-543.0,0.0,0.0,3,6,3,0,0,0,0,2,1,1,0,0,2,1,1,8,3,2,0,1,0,2,1,0,6,7,5,8,3
2015.0,0.0,0.0,0.0,3,4,3,0,0,0,0,2,1,1,0,0,1,1,1,9,3,2,0,1,0,2,1,0,6,2,5,3,9
2015.0,211.0,0.0,0.0,3,4,3,0,0,0,1,2,1,1,0,0,1,1,1,9,3,2,0,1,0,1,1,0,0,2,5,3,9
2015.0,-50.0,1.0,0.0,3,6,3,0,0,0,1,1,1,1,0,0,1,1,1,10,3,2,0,0,0,1,2,0,6,7,5,8,3
2015.0,-900.0,0.0,0.0,3,6,3,0,0,0,0,1,1,1,0,0,1,1,1,17,3,2,0,1,0,2,1,0,6,7,5,8,8
2015.0,60.0,0.0,0.0,3,6,3,0,0,0,1,5,1,1,0,1,5,1,1,17,3,2,0,1,0,2,1,0,6,7,5,8,3
2015.0,80.0,0.0,0.0,3,4,0,0,0,0,2,5,1,1,0,1,5,1,1,18,3,2,0,1,0,0,1,0,4,7,5,8,3
2015.0,-215.0,0.0,0.0,3,1,0,0,0,0,1,1,1,1,0,0,9,1,1,20,3,2,0,0,0,2,2,0,6,4,5,3,9
2015.0,340.0,0.0,0.0,3,6,0,0,0,0,0,5,1,1,0,0,5,1,1,22,3,2,0,0,0,2,2,0,6,7,5,8,3
2015.0,0.0,1.0,0.0,3,4,3,0,0,0,0,3,1,1,0,0,9,1,1,7,4,2,0,1,0,1,2,0,4,2,5,3,9
2015.0,0.0,0.0,0.0,3,6,3,0,0,0,0,1,1,1,0,0,1,1,1,9,4,2,0,1,0,2,2,0,4,7,5,9,9
2015.0,225.0,0.0,0.0,3,4,3,0,0,0,1,5,1,1,0,1,9,1,1,12,4,2,0,0,0,2,2,0,0,2,5,3,9
2015.0,0.25,1.0,0.0,2,6,3,1,0,0,0,2,1,1,0,0,2,1,1,12,4,2,0,0,0,1,1,0,4,7,5,8,3
2015.0,0.0,1.0,0.0,2,4,3,0,0,0,0,9,1,1,0,1,1,1,1,14,4,2,0,0,0,2,2,0,4,2,5,3,9
2015.0,-407.0,0.0,0.0,3,6,3,0,0,0,0,2,1,1,0,1,2,1,1,15,4,2,0,0,0,2,1,0,6,7,5,8,3
2015.0,150.0,0.0,0.0,3,6,3,1,0,0,1,5,1,1,0,0,5,1,1,16,4,2,0,1,0,1,1,0,6,7,5,8,3
2015.0,0.0,0.0,0.0,3,4,3,0,0,0,1,2,0,1,0,0,5,1,1,16,4,2,0,1,0,1,1,0,4,2,5,3,9
2015.0,-1110.0,6.0,0.0,1,4,3,0,0,0,0,2,1,1,0,1,1,1,1,17,4,2,0,1,0,2,1,0,0,2,7,3,9
2015.0,0.0,0.0,0.0,3,10,0,0,0,0,2,5,1,1,0,1,5,1,1,17,4,2,0,1,0,0,1,0,2,9,5,3,2
2015.0,-80.0,0.0,0.0,3,6,3,0,0,0,2,1,1,1,0,1,1,1,1,17,4,2,0,1,0,0,2,0,4,7,5,8,8
2015.0,0.0,0.0,0.0,3,1,4,1,0,0,1,1,1,1,0,1,2,1,1,18,4,2,0,1,0,1,1,0,4,2,5,3,9
2015.0,252.0,1.0,0.0,2,6,0,0,0,0,1,5,0,1,0,1,5,1,1,19,4,2,0,1,0,1,2,0,4,7,5,8,3
2015.0,0.0,0.0,0.0,3,4,0,0,0,0,1,9,1,1,0,0,2,1,1,22,4,2,0,0,0,2,2,0,4,2,5,9,3
2015.0,103.0,0.0,0.0,3,6,0,0,0,0,1,5,1,1,0,1,5,1,1,23,4,2,0,0,0,2,1,0,4,7,5,8,3
2015.0,52.0,0.0,0.0,3,6,0,0,0,0,2,2,1,1,1,1,1,1,1,3,5,2,1,0,0,0,1,0,6,7,5,6,9
2015.0,30.0,0.0,0.0,3,6,0,0,0,0,1,9,1,1,0,1,9,1,1,5,5,2,1,0,0,2,2,0,2,5,5,3,2
2015.0,-92.0,0.0,0.0,3,6,3,0,0,0,1,5,1,1,0,1,5,1,1,12,5,2,1,0,0,1,1,0,6,7,5,8,3
2015.0,-74.0,0.0,0.0,3,6,3,0,0,0,1,2,1,1,0,0,2,1,1,12,5,2,1,0,0,1,2,0,4,7,5,8,3
2015.0,0.0,0.0,0.0,3,1,3,1,0,0,1,2,1,1,0,0,1,1,1,12,5,2,1,0,0,2,2,0,2,5,5,3,3
2015.0,295.0,1.0,0.0,3,6,3,0,0,0,1,2,1,1,0,0,2,1,1,14,5,2,1,0,0,2,2,0,6,8,5,8,3
2015.0,-120.0,0.0,0.0,3,4,3,0,0,0,1,0,1,1,0,1,0,1,1,17,5,2,1,1,0,1,0,0,6,4,5,3,9
2015.0,475.0,0.0,0.0,3,6,4,0,0,0,0,5,1,1,0,1,5,1,1,18,5,2,1,1,0,1,1,0,6,7,5,8,8
2015.0,0.0,1.0,0.0,3,4,0,0,0,0,1,1,1,1,0,0,9,1,1,19,5,2,1,1,0,2,1,0,4,2,5,3,9
2015.0,313.0,0.0,0.0,3,1,0,0,0,0,1,5,1,1,0,0,9,1,1,19,5,2,1,1,0,2,2,0,6,2,5,3,9
2015.0,0.0,0.0,0.0,3,1,0,0,0,0,1,9,1,1,0,0,5,1,1,20,5,2,1,0,0,0,1,0,4,2,5,3,9
2015.0,0.0,0.0,0.0,3,1,0,0,0,0,1,5,0,1,0,1,2,1,1,0,6,2,1,0,0,1,2,0,4,2,5,9,3
2015.0,20.0,0.0,0.0,3,6,0,0,0,0,2,9,1,1,0,1,9,1,1,7,6,2,1,1,0,0,1,0,2,7,5,8,3
2015.0,0.1,1.0,0.0,2,1,3,0,0,0,1,1,1,1,0,0,1,1,1,10,6,2,1,0,0,2,2,0,6,2,5,3,9
2015.0,-40.0,0.0,0.0,3,6,3,0,0,0,1,1,1,1,0,1,1,1,1,14,6,2,1,0,0,0,1,0,2,7,5,8,3
2015.0,0.0,1.0,0.0,2,1,3,0,0,0,0,9,1,1,0,1,5,1,1,15,6,2,1,0,0,1,1,0,4,2,5,9,3
2015.0,0.0,0.0,0.0,3,1,0,0,0,0,0,9,1,1,0,1,9,1,1,23,6,2,1,0,0,2,1,0,4,9,5,3,9
2015.0,200.0,0.0,0.0,3,6,0,0,0,0,1,2,1,1,0,1,2,1,1,1,0,2,0,0,0,1,1,0,6,5,5,9,3
2015.0,97.0,0.0,0.0,3,1,3,1,0,0,1,1,1,1,0,1,1,1,1,9,0,2,0,1,0,1,1,0,0,4,5,3,9
2015.0,-33.0,0.0,0.0,3,3,3,0,0,0,1,1,1,1,0,1,2,1,1,13,0,2,0,0,0,2,2,0,4,7,5,3,9
2015.0,-307.0,1.0,0.0,2,6,3,0,0,0,0,5,1,1,0,1,5,1,1,14,0,2,0,0,0,1,2,0,6,7,5,8,3
2015.0,170.0,0.0,0.0,3,6,3,0,0,0,1,1,1,1,0,0,1,1,1,15,0,2,0,0,0,2,1,0,4,8,5,8,3
2015.0,246.0,0.0,0.0,3,6,3,0,0,0,0,9,1,1,0,1,9,1,1,16,0,2,0,1,0,1,1,0,6,7,5,3,3
2015.0,-429.0,1.0,0.0,3,6,3,0,0,0,1,9,1,1,0,0,9,1,1,16,0,2,0,1,0,2,2,0,6,7,5,8,3
2015.0,-60.0,0.0,0.0,3,6,3,0,0,0,0,2,1,1,0,1,2,1,1,17,0,2,0,1,0,2,0,0,2,7,5,8,8
2015.0,230.0,0.0,0.0,3,6,3,0,0,0,1,1,1,1,0,0,1,1,1,17,0,2,0,1,0,1,1,0,6,5,5,8,3
2015.0,-200.0,0.0,0.0,3,1,3,0,0,0,1,2,1,1,0,1,1,1,1,17,0,2,0,1,0,1,1,0,6,2,5,3,9
2015.0,517.0,0.0,0.0,3,6,4,1,0,0,1,5,1,1,0,0,5,1,1,17,0,2,0,1,0,2,2,0,2,7,5,8,3
2015.0,0.0,2.0,0.0,3,1,4,1,0,0,0,9,1,1,0,1,5,1,1,18,0,2,0,1,0,0,1,0,4,2,7,3,9
2015.0,-71.0,0.0,0.0,3,6,0,3,4,0,0,2,1,1,0,0,2,1,1,18,0,2,0,1,1,2,2,0,4,2,5,8,3
2015.0,-65.0,0.0,0.0,3,6,0,3,4,0,1,2,1,1,0,0,2,1,1,20,0,2,0,0,1,1,2,0,4,7,5,8,3
2015.0,0.25,0.0,0.0,3,10,0,3,4,0,1,2,1,1,0,0,2,1,1,21,0,2,0,0,1,1,1,0,4,7,5,8,3
2015.0,0.0,0.0,0.0,3,1,3,0,0,0,1,2,1,1,0,0,1,1,1,21,0,2,0,0,0,0,2,0,4,2,5,3,3
2015.0,-150.0,0.0,0.0,3,6,0,3,0,0,1,9,1,1,0,1,9,1,1,22,0,2,0,0,0,2,2,0,4,7,5,3,3
2015.0,0.0,0.0,0.0,3,4,0,0,0,0,0,1,1,1,0,1,2,1,1,23,0,2,0,0,0,2,1,0,2,5,5,9,3
2015.0,-52.0,0.0,0.0,3,5,3,0,0,0,2,2,1,1,0,0,2,1,1,9,1,2,0,1,0,0,1,0,4,5,5,3,3
2015.0,-408.0,1.0,0.0,2,1,3,0,0,2,0,9,1,1,0,1,2,1,1,10,1,2,0,0,0,2,1,0,0,9,5,9,3
2015.0,0.0,0.0,0.0,3,4,3,0,0,0,2,5,1,1,0,1,9,1,1,10,1,2,0,0,0,0,1,0,2,2,5,9,3
2015.0,0.0,0.0,0.0,3,4,3,0,0,0,1,1,1,1,0,1,2,1,1,11,1,2,0,0,0,2,2,0,4,2,5,3,9
2015.0,-90.0,0.0,0.0,3,10,3,0,0,0,0,2,1,1,0,1,2,1,1,11,1,2,0,0,0,1,1,0,4,9,5,8,2
2015.0,0.0,0.0,0.0,3,4,3,1,0,0,1,5,1,1,0,1,1,1,1,12,1,2,0,0,0,1,1,0,2,2,5,9,3
2015.0,700.0,0.0,0.0,3,10,3,0,0,0,1,1,1,1,1,1,1,1,1,13,1,2,0,0,0,1,1,0,6,7,5,6,9
2015.0,745.0,1.0,0.0,3,6,3,0,0,0,1,2,1,1,0,1,2,1,1,13,1,2,0,0,0,1,1,0,6,7,5,8,3
2015.0,-222.0,1.0,0.0,2,6,3,0,0,0,0,5,1,1,0,1,5,1,1,14,1,2,0,0,0,2,0,0,6,7,5,8,3
2015.0,-140.0,0.0,0.0,3,6,3,1,0,0,0,2,1,1,0,1,2,1,1,14,1,2,0,0,0,2,1,0,4,7,5,8,3
2015.0,-28.0,1.0,0.0,3,1,3,0,0,0,1,9,1,1,0,0,3,1,1,15,1,2,0,0,0,2,2,0,4,5,5,3,5
2015.0,450.0,0.0,0.0,3,10,3,0,0,0,0,5,1,1,0,1,5,1,1,15,1,2,0,0,0,1,2,0,6,5,5,2,3
2015.0,-97.0,0.0,0.0,3,6,3,0,0,0,0,2,1,1,0,1,2,1,1,15,1,2,0,0,0,1,1,0,6,7,5,8,3
2015.0,-209.0,0.0,0.0,3,1,3,0,0,0,1,2,1,1,0,1,1,1,1,15,1,2,0,0,0,1,1,0,6,9,5,3,9
2015.0,130.0,0.0,0.0,3,10,3,1,0,0,1,5,1,1,0,1,5,1,1,15,1,2,0,0,0,2,0,0,6,7,5,3,0
2015.0,0.0,0.0,0.0,3,6,3,0,0,0,1,9,1,1,0,1,9,1,1,17,1,2,0,1,0,1,1,0,6,8,5,9,9
2015.0,0.0,0.0,0.0,3,4,3,0,0,0,1,5,1,1,0,1,2,1,1,17,1,2,0,1,0,1,0,0,4,2,5,3,9
2015.0,0.0,0.0,0.0,3,4,0,0,0,0,0,5,1,1,0,1,9,1,1,19,1,2,0,1,0,1,1,0,4,4,5,3,9
2015.0,-140.0,0.0,0.0,3,10,3,0,0,0,1,1,1,1,0,1,1,1,1,8,2,2,0,1,0,0,1,0,6,9,5,3,2
2015.0,0.0,2.0,0.0,3,4,3,0,0,0,0,2,1,1,0,1,5,1,1,12,2,2,0,0,0,1,1,0,4,7,5,3,9
2015.0,-60.0,0.0,0.0,3,1,3,0,0,0,1,1,1,1,0,1,2,1,1,13,2,2,0,0,0,2,0,0,0,2,5,3,9
2015.0,-200.0,0.0,0.0,3,6,3,0,0,0,0,2,1,1,0,1,2,1,1,14,2,2,0,0,0,2,1,0,4,7,5,3,3
2015.0,-200.0,2.0,0.0,3,6,3,0,0,0,1,2,1,1,0,1,2,1,1,15,2,2,0,0,0,1,1,0,6,8,5,8,3
2015.0,-292.0,1.0,0.0,2,5,3,0,0,0,1,5,1,1,2,1,1,1,1,16,2,2,0,1,0,2,1,0,0,2,5,3,9
2015.0,669.0,0.0,0.0,3,6,3,0,0,0,1,5,1,1,0,0,5,1,1,16,2,2,0,1,0,2,1,0,6,7,5,8,3
2015.0,200.0,0.0,0.0,3,6,3,0,0,0,1,9,1,1,0,0,9,1,1,16,2,2,0,1,0,2,1,0,4,7,5,8,8
2015.0,-711.0,0.0,0.0,3,4,3,0,0,0,1,5,1,1,0,0,9,1,1,16,2,2,0,1,0,1,1,0,0,2,5,3,9
2015.0,756.0,1.0,0.0,2,6,3,0,0,0,1,5,1,1,0,0,5,1,1,16,2,2,0,1,0,2,2,0,6,7,5,8,8
2015.0,200.0,1.0,0.0,2,4,3,0,0,0,1,5,1,1,0,1,1,1,1,16,2,2,0,1,0,2,1,0,0,2,5,3,9
2015.0,-500.0,0.0,0.0,3,6,3,0,0,0,0,5,1,1,0,1,5,1,1,16,2,2,0,1,0,0,1,0,4,7,5,8,3
2015.0,0.0,0.0,0.0,3,4,3,0,0,0,1,2,1,1,0,1,5,1,1,17,2,2,0,1,0,2,2,0,4,5,5,3,9
2015.0,-511.0,0.0,0.0,3,10,3,0,0,0,1,5,1,1,0,1,5,1,1,17,2,2,0,1,0,1,2,0,6,9,5,3,2
2015.0,150.0,0.0,0.0,3,6,3,0,0,0,2,9,1,1,0,0,9,1,1,17,2,2,0,1,0,0,2,0,4,7,5,8,3
2015.0,-75.0,0.0,0.0,3,6,4,0,0,0,0,1,1,1,0,1,1,1,1,18,2,2,0,1,0,2,1,0,2,7,5,8,8
2015.0,360.0,1.0,0.0,2,4,0,0,0,0,0,1,1,1,0,0,5,1,1,18,2,2,0,1,0,1,1,0,0,2,5,3,9
2015.0,0.0,0.0,0.0,3,4,0,0,0,0,1,3,1,1,0,0,9,1,1,19,2,2,0,1,0,2,2,0,4,2,5,3,9
2015.0,0.0,0.0,0.0,3,10,0,0,0,0,0,2,1,1,0,1,2,1,1,20,2,2,0,0,0,0,0,0,4,5,5,9,9
2015.0,-100.0,0.0,0.0,3,9,0,0,0,0,2,9,1,1,0,0,5,1,1,20,2,2,0,0,0,0,2,0,6,5,5,3,3
2015.0,-190.0,1.0,0.0,3,6,0,0,0,0,1,9,1,1,0,1,9,1,1,21,2,2,0,0,0,2,1,0,6,8,5,8,3
2015.0,0.0,0.0,0.0,3,1,3,0,0,0,1,2,1,1,0,0,1,1,1,7,3,2,0,1,0,0,2,0,4,2,5,3,3
2015.0,-580.0,0.0,0.0,3,4,3,0,0,0,1,1,1,1,0,0,2,1,1,7,3,2,0,1,0,1,0,0,0,2,5,3,9
2015.0,0.0,3.0,0.0,2,4,3,0,0,0,0,4,1,1,0,0,5,1,1,8,3,2,0,1,0,1,1,0,4,2,5,3,9