Year,Distance,Totalinjuries,Totalfatalities,Injuryseverity,Collisionmanner,Lightcondition,Weather,SurfaceCondition,Unittype_One,Gender_Drv1,Traveldirection_One,AlcoholUse_Drv1,DrugUse_Drv1,Unittype_Two,Gender_Drv2,Traveldirection_Two,AlcoholUse_Drv2,DrugUse_Drv2,Hour,Weekday,Month,Weekend,Rush_Hour,Hazardous_Road,Age_Group_Drv1,Age_Group_Drv2,Substance_Use,Junction_Category,Violation_Category_Drv1,Violation_Category_Drv2,Unitaction_Category_Two,Unitaction_Category_One
2015.0,-221.0,0.0,0.0,3,6,3,0,0,0,0,2,1,1,0,0,2,1,1,9,3,2,0,1,0,1,1,0,4,7,5,3,3
2015.0,-270.0,1.0,0.0,2,5,3,0,0,3,1,5,1,1,0,0,9,1,1,13,3,2,0,0,0,1,0,0,6,6,5,3,7
2015.0,-100.0,0.0,0.0,3,6,3,0,0,0,1,2,1,1,0,1,2,1,1,14,3,2,0,0,0,2,1,0,4,7,5,8,3
2015.0,0.0,0.0,0.0,3,4,3,0,0,0,1,1,1,1,0,1,9,1,1,14,3,2,0,0,0,1,1,0,4,2,5,3,9
2015.0,0.0,1.0,0.0,3,1,3,0,0,0,1,5,1,1,0,1,1,1,1,14,3,2,0,0,0,0,1,0,4,2,5,3,3
2015.0,0.0,1.0,0.0,3,4,3,0,0,0,1,3,1,1,0,1,9,1,1,16,3,2,0,1,0,0,2,0,4,5,5,3,9
2015.0,0.0,1.0,0.0,3,4,3,0,0,0,0,1,1,1,0,0,5,1,1,16,3,2,0,1,0,0,0,0,6,2,5,3,9
2015.0,-395.0,1.0,0.0,2,4,3,0,0,0,1,9,1,1,2,1,1,1,1,16,3,2,0,1,0,0,2,0,0,2,5,3,9
2015.0,-350.0,1.0,0.0,3,4,3,1,0,0,1,1,1,1,0,1,9,1,1,16,3,2,0,1,0,1,1,0,0,2,5,3,9
2015.0,0.0,1.0,0.0,3,5,3,0,0,0,0,9,1,1,0,1,1,1,1,17,3,2,0,1,0,1,1,0,4,2,5,3,9
2015.0,0.0,0.0,0.0,3,4,3,0,0,0,1,9,1,1,0,0,5,1,1,17,3,2,0,1,0,1,2,0,4,2,5,3,9
2015.0,0.0,0.0,0.0,3,4,3,0,0,0,0,9,1,1,0,0,5,1,1,17,3,2,0,1,0,1,1,0,4,2,5,3,9
2015.0,0.0,3.0,0.0,2,4,3,0,0,0,0,9,1,1,0,1,1,1,1,17,3,2,0,1,0,2,1,0,4,2,5,3,9
2015.0,-845.0,0.0,0.0,3,6,4,0,0,0,0,5,1,1,0,0,5,1,1,18,3,2,0,1,0,2,2,0,6,5,5,8,3
2015.0,0.0,0.0,0.0,3,1,0,0,0,0,0,5,1,1,0,1,1,1,1,18,3,2,0,1,0,1,2,0,4,2,5,3,9
2015.0,-155.0,1.0,0.0,2,1,0,0,0,0,0,2,1,1,0,1,1,1,1,19,3,2,0,1,0,2,1,0,6,2,5,3,9
2015.0,-108.0,0.0,0.0,3,4,0,0,0,0,1,1,1,1,0,1,9,1,1,19,3,2,0,1,0,2,2,0,6,2,5,3,9
2015.0,687.0,0.0,0.0,3,1,0,0,0,0,1,2,1,1,0,1,1,1,1,19,3,2,0,1,0,2,2,0,6,2,5,3,9
2015.0,-450.0,1.0,0.0,2,5,0,0,0,3,1,2,1,1,0,1,9,1,1,19,3,2,0,1,0,2,2,0,6,2,5,3,7
2015.0,-375.0,1.0,0.0,2,10,2,0,0,0,0,6,1,1,0,0,1,1,1,6,4,2,0,0,0,2,1,0,0,7,5,3,2
2015.0,104.0,0.0,0.0,3,6,3,0,0,0,1,2,1,1,0,0,2,1,1,8,4,2,0,1,0,1,1,0,6,7,5,8,3
2015.0,0.0,2.0,0.0,2,4,3,0,0,0,1,7,1,1,0,1,1,1,1,10,4,2,0,0,0,2,1,0,4,2,5,3,9
2015.0,-90.0,0.0,0.0,3,6,3,0,0,0,1,5,1,1,0,0,5,1,1,12,4,2,0,0,0,2,2,0,6,7,5,8,3
2015.0,702.0,0.0,0.0,3,4,3,0,0,0,1,1,1,1,0,0,5,1,1,14,4,2,0,0,0,2,1,0,0,2,5,3,9
2015.0,150.0,1.0,0.0,3,6,3,0,0,0,1,5,1,1,0,1,5,1,1,15,4,2,0,0,0,2,1,0,6,7,5,8,3
2015.0,100.0,1.0,0.0,3,6,3,0,0,0,1,5,1,1,0,1,5,1,1,15,4,2,0,0,0,1,1,0,4,7,5,8,8
2015.0,0.0,0.0,0.0,3,6,3,0,0,0,0,5,1,1,0,1,5,1,1,16,4,2,0,1,0,2,1,0,4,5,5,9,3
2015.0,118.0,2.0,0.0,3,6,3,0,0,0,0,5,1,1,0,0,5,1,1,16,4,2,0,1,0,1,2,0,6,7,5,8,3
2015.0,-100.0,0.0,0.0,3,1,0,0,0,0,0,9,1,1,0,0,9,1,1,19,4,2,0,1,0,2,2,0,6,9,4,2,9
2015.0,-200.0,0.0,0.0,3,1,0,0,0,0,0,9,1,1,0,0,9,1,1,19,4,2,0,1,0,2,2,0,6,9,4,2,9
2015.0,0.0,0.0,0.0,3,4,0,0,0,0,0,5,1,1,0,1,1,1,1,22,4,2,0,0,0,0,1,0,2,2,5,3,9
2015.0,320.0,0.0,0.0,3,6,0,0,0,0,0,2,1,1,0,0,2,1,1,22,4,2,0,0,0,2,2,0,6,5,7,3,8
2015.0,-87.0,1.0,0.0,2,6,0,0,0,0,0,2,0,1,2,1,2,1,1,23,4,2,0,0,0,1,1,0,4,7,5,3,3
2015.0,25.0,0.0,0.0,3,6,3,1,0,0,1,5,1,1,0,1,5,1,1,8,5,2,1,1,0,2,2,0,4,7,5,8,3
2015.0,-110.0,0.0,0.0,3,4,3,0,0,0,0,2,1,1,0,0,2,1,1,10,5,2,1,0,0,2,1,0,6,4,5,3,9
2015.0,0.0,1.0,0.0,3,5,3,0,0,0,0,2,1,1,2,1,8,1,1,11,5,2,1,0,0,0,2,0,4,2,5,5,3
2015.0,-200.0,0.0,0.0,3,4,3,0,0,0,1,7,1,1,0,0,1,1,1,11,5,2,1,0,0,2,0,0,6,2,5,3,9
2015.0,40.0,3.0,0.0,3,1,3,1,0,0,1,9,1,1,0,1,2,1,1,11,5,2,1,0,0,2,0,0,4,4,5,3,9
2015.0,65.0,1.0,0.0,3,6,3,0,0,0,1,9,1,1,0,0,9,1,1,14,5,2,1,0,0,2,1,0,6,7,5,8,3
2015.0,-500.0,2.0,0.0,2,5,0,0,0,0,1,9,1,1,0,1,1,1,1,20,5,2,1,0,0,2,1,0,6,7,5,3,3
2015.0,0.0,0.0,0.0,3,5,0,0,0,0,1,5,1,1,0,0,5,1,1,22,5,2,1,0,0,2,1,0,6,5,5,3,9
2015.0,65.0,0.0,0.0,3,6,0,0,0,0,1,5,1,1,0,1,5,1,1,23,5,2,1,0,0,1,1,0,4,7,5,3,8
2015.0,-50.0,0.0,0.0,3,6,3,1,0,0,0,1,1,1,0,0,1,1,1,12,6,3,1,0,0,2,1,0,4,7,5,8,3
2015.0,0.0,0.0,0.0,3,4,3,1,0,0,1,1,1,1,0,1,9,1,1,13,6,3,1,0,0,2,1,0,2,2,5,3,9
2015.0,-500.0,0.0,0.0,3,6,3,1,0,0,1,2,1,1,0,0,2,1,1,16,6,3,1,1,0,1,1,0,6,7,5,8,3
2015.0,-10.0,1.0,0.0,2,5,0,0,0,2,1,2,1,1,0,0,2,1,1,20,6,3,1,0,0,1,1,0,4,5,5,9,3
2015.0,-53.0,0.0,0.0,3,6,3,3,4,0,0,2,1,1,0,1,2,1,1,7,0,3,0,1,1,1,1,0,6,7,5,8,3
2015.0,-821.0,0.0,0.0,3,4,3,3,4,0,0,1,1,1,0,1,1,1,1,9,0,3,0,1,1,1,1,0,6,4,5,3,9
2015.0,0.0,1.0,0.0,2,1,3,3,4,0,0,5,1,1,0,1,9,1,1,9,0,3,0,1,1,1,2,0,4,2,5,3,9
2015.0,830.0,0.0,0.0,3,6,3,3,4,0,0,9,1,1,0,1,9,1,1,10,0,3,0,0,1,2,1,0,6,7,5,3,3
2015.0,0.0,1.0,0.0,2,4,3,3,4,0,1,6,1,1,0,1,2,1,1,11,0,3,0,0,1,0,2,0,4,2,5,3,9
2015.0,-700.0,0.0,0.0,3,7,3,3,4,0,1,2,1,1,0,1,2,1,1,12,0,3,0,0,1,1,1,0,6,7,5,8,3
2015.0,51.0,0.0,0.0,3,6,3,3,4,0,1,5,1,1,0,1,5,1,1,12,0,3,0,0,1,1,1,0,6,7,5,8,3
2015.0,370.0,0.0,0.0,3,1,3,3,4,0,1,2,1,1,0,0,1,1,1,12,0,3,0,0,1,0,2,0,6,4,5,3,5
2015.0,0.0,0.0,0.0,3,10,3,3,4,0,1,5,1,1,0,0,5,1,1,14,0,3,0,0,1,0,2,0,2,9,5,9,9
2015.0,0.0,0.0,0.0,3,6,3,0,0,0,1,4,1,1,0,0,4,1,1,15,0,3,0,0,0,1,1,0,4,7,5,9,9
2015.0,-530.0,2.0,0.0,2,4,3,0,0,0,0,2,1,1,0,1,1,1,1,16,0,3,0,1,0,2,1,0,0,2,5,3,9
2015.0,-261.0,0.0,0.0,3,5,3,0,0,0,1,2,1,1,0,1,1,1,1,17,0,3,0,1,0,2,1,0,4,2,5,3,9
2015.0,0.0,0.0,0.0,3,6,3,0,0,0,0,9,1,1,0,0,9,1,1,17,0,3,0,1,0,1,2,0,4,7,5,8,3
2015.0,50.0,1.0,0.0,2,4,3,3,4,0,1,4,1,1,0,1,5,1,1,17,0,3,0,1,1,0,1,0,4,4,5,3,9
2015.0,-132.0,0.0,0.0,3,6,4,0,0,0,1,5,1,1,0,1,5,1,1,18,0,3,0,1,0,2,1,0,6,7,5,8,3
2015.0,0.0,0.0,0.0,3,1,0,0,0,0,0,9,1,1,0,1,1,1,1,19,0,3,0,1,0,1,1,0,4,2,5,9,3
2015.0,0.0,0.0,0.0,3,1,0,0,0,0,0,1,1,1,0,0,2,1,1,21,0,3,0,0,0,1,2,0,4,2,3,3,3
2015.0,0.0,0.0,0.0,3,4,0,0,0,0,0,7,1,1,0,0,1,1,1,5,1,3,0,0,0,0,1,0,4,2,5,3,9
2015.0,-20.0,1.0,0.0,3,6,3,0,0,0,0,1,1,1,0,1,1,1,1,6,1,3,0,0,0,1,1,0,4,7,5,8,8
2015.0,-75.0,1.0,0.0,3,6,3,0,0,0,0,2,1,1,0,0,2,1,1,7,1,3,0,1,0,2,1,0,4,7,5,8,3
2015.0,200.0,0.0,0.0,3,6,3,0,0,0,1,5,1,1,0,1,5,1,1,8,1,3,0,1,0,2,1,0,4,7,5,8,8
2015.0,32.0,0.0,0.0,3,10,3,0,0,0,2,1,1,1,0,0,1,1,1,13,1,3,0,0,0,0,2,0,4,9,5,3,2
2015.0,-725.0,1.0,0.0,3,6,3,1,0,0,1,5,1,1,0,0,5,1,1,16,1,3,0,1,0,2,1,0,6,7,5,8,3
2015.0,-85.0,0.0,0.0,3,6,3,1,0,0,0,1,1,1,0,1,1,1,1,16,1,3,0,1,0,2,1,0,4,7,5,8,3
2015.0,-130.0,0.0,0.0,3,6,3,1,4,0,0,5,1,1,0,1,5,1,1,16,1,3,0,1,1,1,1,0,4,8,5,8,8
2015.0,30.0,0.0,0.0,3,4,3,1,0,0,1,1,1,1,0,0,5,1,1,16,1,3,0,1,0,1,1,0,0,2,5,3,9
2015.0,300.0,0.0,0.0,3,6,3,0,0,0,0,5,1,1,0,0,5,1,1,17,1,3,0,1,0,2,2,0,4,8,5,8,3
2015.0,-360.0,0.0,0.0,3,4,3,1,0,0,0,9,1,1,0,1,2,1,1,17,1,3,0,1,0,2,1,0,0,2,5,3,9
2015.0,0.0,2.0,0.0,3,1,3,0,0,0,0,5,1,1,0,0,9,1,1,17,1,3,0,1,0,1,2,0,4,2,5,3,9
2015.0,0.0,3.0,0.0,3,4,4,1,0,0,0,9,1,1,0,1,1,1,1,18,1,3,0,1,0,0,2,0,4,2,5,9,3
2015.0,-180.0,0.0,0.0,3,4,3,0,0,0,1,6,1,1,0,0,1,1,1,18,1,3,0,1,0,1,1,0,6,2,5,8,9
2015.0,100.0,0.0,0.0,3,6,0,1,0,0,1,9,1,1,0,1,9,1,1,18,1,3,0,1,0,1,2,0,6,7,5,8,3
2015.0,100.0,0.0,0.0,3,10,0,0,0,0,0,1,1,1,0,1,1,1,1,22,1,3,0,0,0,2,2,0,6,2,5,3,6
2015.0,0.0,0.0,0.0,3,4,3,0,0,0,1,9,1,1,0,1,1,1,1,7,2,3,0,1,0,1,1,0,4,2,5,3,9
2015.0,200.0,0.0,0.0,3,1,3,0,0,0,1,6,1,1,0,1,5,1,1,7,2,3,0,1,0,0,0,0,6,2,5,3,9
2015.0,0.0,1.0,0.0,2,4,3,0,0,0,0,2,1,1,0,1,1,1,1,7,2,3,0,1,0,1,1,0,4,2,5,9,3
2015.0,-200.0,0.0,0.0,3,6,3,0,0,0,0,9,1,1,0,1,9,1,1,7,2,3,0,1,0,2,2,0,6,7,5,8,3
2015.0,0.0,0.0,0.0,3,1,3,0,0,0,0,5,1,1,0,0,2,1,1,8,2,3,0,1,0,0,0,0,4,2,5,3,9
2015.0,0.0,0.0,0.0,3,4,3,0,0,0,1,2,1,1,0,0,5,1,1,11,2,3,0,0,0,0,1,0,4,2,5,9,3
2015.0,0.25,0.0,0.0,3,4,3,0,0,0,1,5,1,1,0,1,9,1,1,14,2,3,0,0,0,1,2,0,4,5,5,9,3
2015.0,-268.0,0.0,0.0,3,6,3,0,0,0,1,5,1,1,0,1,5,1,1,17,2,3,0,1,0,1,1,0,6,7,5,8,3
2015.0,109.0,2.0,0.0,2,4,3,0,0,0,1,9,1,1,0,1,1,1,1,17,2,3,0,1,0,1,2,0,0,2,5,3,9
2015.0,-57.0,1.0,0.0,3,6,4,0,0,0,1,1,1,1,0,1,1,1,1,18,2,3,0,1,0,1,1,0,6,8,5,8,3
2015.0,-30.0,0.0,0.0,3,6,0,0,3,0,1,2,1,1,0,1,2,1,1,19,2,3,0,1,0,1,1,0,4,2,5,3,5
2015.0,0.0,0.0,0.0,3,10,0,0,0,0,0,5,1,1,0,1,5,1,1,22,2,3,0,0,0,1,1,0,4,4,5,9,9
2015.0,0.0,1.0,0.0,2,5,0,0,0,2,1,2,0,1,0,0,9,1,1,2,3,3,0,0,0,2,1,0,4,2,5,3,3
2015.0,0.0,0.0,0.0,3,4,3,0,0,0,2,2,1,1,0,0,9,1,1,13,3,3,0,0,0,0,0,0,2,2,5,9,3
2015.0,48.0,0.0,0.0,3,6,3,0,0,0,0,5,1,1,0,1,5,1,1,14,3,3,0,0,0,2,1,0,4,7,5,3,3
2015.0,156.0,0.0,0.0,3,6,3,0,0,0,0,9,1,1,0,1,9,1,1,14,3,3,0,0,0,2,1,0,6,5,5,8,3
2015.0,-32.0,1.0,0.0,2,5,3,0,0,0,1,9,1,1,2,1,1,1,1,16,3,3,0,1,0,2,2,0,4,2,5,3,9
2015.0,-269.0,0.0,0.0,3,4,3,0,0,0,0,5,1,1,0,1,1,1,1,16,3,3,0,1,0,0,1,0,0,2,5,3,9
2015.0,430.0,2.0,0.0,2,4,3,0,0,0,0,2,1,1,0,0,5,1,1,16,3,3,0,1,0,2,2,0,0,2,5,3,9
2015.0,169.0,0.0,0.0,3,6,3,0,0,0,0,5,1,1,0,0,5,1,1,16,3,3,0,1,0,2,1,0,6,7,5,8,8
2015.0,0.0,1.0,0.0,3,4,3,0,0,0,0,2,1,1,0,1,9,1,1,17,3,3,0,1,0,0,1,0,4,2,5,3,9
2015.0,0.0,0.0,0.0,3,4,0,0,0,0,1,2,1,1,0,0,1,1,1,19,3,3,0,1,0,1,2,0,4,4,5,5,5
2015.0,-203.0,0.0,0.0,3,4,0,0,0,0,0,2,1,1,0,0,9,1,1,21,3,3,0,0,0,2,2,0,6,2,5,3,9
2015.0,0.0,0.0,0.0,3,4,3,0,0,0,1,2,1,1,0,1,1,1,1,7,4,3,0,1,0,1,1,0,4,2,5,3,9
2015.0,390.0,1.0,0.0,3,4,3,0,0,0,0,5,1,1,0,0,9,1,1,11,4,3,0,0,0,2,1,0,6,2,5,3,9
2015.0,80.0,0.0,0.0,3,6,3,0,0,0,0,5,1,1,0,1,5,1,1,12,4,3,0,0,0,1,1,0,4,7,5,8,3
2015.0,66.0,1.0,0.0,3,6,3,4,0,0,2,9,1,1,0,0,9,1,1,13,4,3,0,0,0,0,1,0,4,7,5,8,3
2015.0,-340.0,0.0,0.0,3,10,3,0,0,0,1,5,1,1,0,0,5,1,1,13,4,3,0,0,0,2,2,0,6,7,5,3,3
2015.0,-100.0,0.0,0.0,3,6,3,0,0,0,1,1,1,1,0,0,1,1,1,14,4,3,0,0,0,2,1,0,2,7,5,8,3
2015.0,-68.0,0.0,0.0,3,6,3,0,0,0,0,2,1,1,0,0,2,1,1,15,4,3,0,0,0,2,2,0,4,7,5,8,3
2015.0,-612.0,0.0,0.0,3,4,3,0,0,0,1,2,1,1,0,1,9,1,1,16,4,3,0,1,0,1,2,0,0,2,5,3,9
2015.0,88.0,0.0,0.0,3,10,3,0,0,0,1,9,1,1,0,1,9,1,1,17,4,3,0,1,0,1,2,0,4,5,5,8,9
2015.0,0.0,0.0,0.0,3,4,0,0,0,0,1,5,1,1,0,0,9,1,1,21,4,3,0,0,0,2,1,0,4,2,5,3,9
2015.0,0.0,1.0,0.0,2,1,0,0,0,0,1,9,0,1,1,1,8,1,1,23,4,3,0,0,0,1,1,0,4,7,5,6,9
2015.0,225.0,0.0,0.0,3,10,0,0,0,0,2,5,1,1,0,0,5,1,1,0,5,3,1,0,0,0,2,0,6,9,5,3,2
2015.0,425.0,0.0,0.0,3,6,3,0,0,0,1,4,1,1,0,0,2,1,1,9,5,3,1,1,0,0,1,0,8,5,5,3,9
2015.0,0.0,0.0,0.0,3,10,3,0,0,0,2,9,1,1,0,0,9,1,1,13,5,3,1,0,0,0,1,0,6,9,5,9,9
2015.0,200.0,0.0,0.0,3,6,3,0,0,0,0,1,1,1,0,1,1,1,1,13,5,3,1,0,0,2,1,0,6,7,5,9,3
2015.0,-471.0,0.0,0.0,3,5,0,4,3,0,2,8,1,1,1,1,8,1,1,14,5,3,1,0,0,0,1,0,6,5,5,6,5
2015.0,50.0,0.0,0.0,3,6,3,0,0,0,1,9,1,1,0,1,9,1,1,15,5,3,1,0,0,1,1,0,4,7,5,3,8
2015.0,500.0,0.0,0.0,3,8,3,0,0,0,1,2,1,1,0,1,1,1,1,16,5,3,1,1,0,2,1,0,6,2,5,3,1
2015.0,-25.0,0.0,0.0,3,6,0,0,0,0,2,1,1,1,0,1,1,1,1,18,5,3,1,1,0,0,1,0,4,7,5,8,3
2015.0,0.0,2.0,0.0,3,1,0,0,0,0,0,6,1,1,0,1,5,1,1,21,5,3,1,0,0,2,1,0,4,5,5,3,9
2015.0,242.0,0.0,0.0,3,10,0,0,0,0,1,9,1,1,0,0,9,1,1,5,6,3,1,0,0,2,1,0,6,7,5,6,3
2015.0,-60.0,0.0,0.0,3,3,3,0,3,0,2,9,1,1,1,1,1,1,1,13,6,3,1,0,0,0,1,0,4,5,5,6,5
2015.0,0.0,1.0,0.0,2,1,3,0,0,0,1,2,1,1,0,1,1,1,1,14,6,3,1,0,0,1,1,0,2,2,5,3,3
2015.0,58.0,0.0,0.0,3,6,3,0,0,0,0,9,1,1,0,0,9,1,1,15,6,3,1,0,0,2,1,0,6,9,5,5,5
2015.0,5.0,0.0,0.0,3,5,3,0,0,2,1,1,1,1,0,0,5,1,1,17,6,3,1,1,0,1,1,0,6,7,5,9,7
2015.0,0.0,0.0,0.0,3,10,3,0,0,0,2,9,1,1,0,0,8,1,1,18,6,3,1,1,0,0,1,0,4,5,9,9,9
2015.0,25.0,0.0,0.0,3,6,0,0,0,0,1,5,1,1,0,0,5,1,1,19,6,3,1,1,0,1,1,0,4,7,5,9,3
2015.0,130.0,0.0,0.0,3,10,0,0,0,0,2,9,1,1,0,0,9,1,1,19,6,3,1,1,0,0,2,0,6,9,5,3,3
2015.0,0.0,0.0,0.0,3,1,0,0,0,0,1,5,1,1,0,1,9,1,1,20,6,3,1,0,0,0,1,0,2,2,5,3,9
2015.0,10.0,0.0,0.0,3,6,0,0,0,0,0,9,0,1,0,1,4,1,1,23,6,3,1,0,0,2,1,0,4,7,5,9,9
2015.0,595.0,1.0,0.0,3,10,3,0,0,0,1,9,1,1,0,1,9,1,1,7,0,3,0,1,0,1,1,0,6,7,5,8,3
2015.0,0.0,1.0,0.0,2,1,3,0,0,0,2,9,1,1,0,0,5,1,1,10,0,3,0,0,0,0,1,0,2,2,5,3,3
2015.0,-87.0,0.0,0.0,3,6,3,0,0,0,1,2,1,1,0,1,2,1,1,13,0,3,0,0,0,1,1,0,6,7,5,8,3
2015.0,20.0,0.0,0.0,3,6,3,0,0,0,1,5,1,1,0,1,5,1,1,15,0,3,0,0,0,0,1,0,4,7,5,8,8
2015.0,-233.0,0.0,0.0,3,4,3,0,0,0,0,1,1,1,0,0,5,1,1,15,0,3,0,0,0,0,0,0,0,2,5,3,9
2015.0,391.0,2.0,0.0,2,4,3,0,0,0,0,9,1,1,0,1,5,1,1,16,0,3,0,1,0,2,1,0,0,2,5,3,9
2015.0,0.0,0.0,0.0,3,4,3,0,0,0,1,3,1,1,0,0,5,1,1,16,0,3,0,1,0,2,0,0,4,2,5,3,9
2015.0,94.0,0.0,0.0,3,6,3,0,0,0,0,9,1,1,0,1,9,1,1,17,0,3,0,1,0,1,2,0,6,8,5,3,8
2015.0,80.0,0.0,0.0,3,6,3,0,0,0,0,1,1,1,0,1,1,1,1,17,0,3,0,1,0,2,1,0,6,7,5,8,3
2015.0,70.0,0.0,0.0,3,6,4,0,0,0,2,9,1,1,0,0,9,1,1,18,0,3,0,1,0,0,1,0,2,7,5,8,8
2015.0,728.0,0.0,0.0,3,6,3,0,0,0,1,9,1,1,0,1,9,1,1,18,0,3,0,1,0,2,1,0,6,7,5,8,3
2015.0,65.0,0.0,0.0,3,4,0,0,0,0,1,6,1,1,0,0,9,1,1,19,0,3,0,1,0,2,1,0,6,4,5,3,9
2015.0,0.0,0.0,0.0,3,1,0,0,0,0,0,1,1,1,0,0,5,1,1,21,0,3,0,0,0,2,2,0,4,2,5,3,3
2015.0,111.0,0.0,0.0,3,1,0,0,0,0,1,6,1,1,0,1,2,1,1,5,1,3,0,0,0,0,2,0,6,5,5,3,9
2015.0,137.0,0.0,0.0,3,6,3,0,0,0,1,1,1,1,0,1,1,1,1,8,1,3,0,1,0,1,1,0,6,7,5,8,3
2015.0,-155.0,0.0,0.0,3,10,3,0,0,0,1,2,1,1,0,1,2,1,1,12,1,3,0,0,0,1,2,0,4,9,5,3,2
2015.0,-226.0,1.0,0.0,3,6,3,0,0,0,1,9,1,1,0,1,9,1,1,12,1,3,0,0,0,1,0,0,6,7,5,8,3
2015.0,140.0,0.0,0.0,3,6,3,0,0,0,1,5,1,1,0,0,5,1,1,13,1,3,0,0,0,1,0,0,2,5,5,8,1
2015.0,-1199.0,1.0,0.0,3,6,3,0,0,0,1,1,1,1,0,1,1,1,1,16,1,3,0,1,0,1,0,0,6,7,5,8,3
2015.0,-190.0,0.0,0.0,3,4,3,0,0,0,1,9,1,1,0,1,2,1,1,17,1,3,0,1,0,2,1,0,0,2,5,3,9
2015.0,0.0,0.0,0.0,3,1,3,0,0,0,1,5,1,1,0,1,9,1,1,18,1,3,0,1,0,0,1,0,4,2,5,3,9
2015.0,-100.0,0.0,0.0,3,6,0,0,0,0,0,9,1,1,0,0,9,1,1,19,1,3,0,1,0,1,1,0,4,7,5,8,3
2015.0,5.0,1.0,0.0,2,5,0,0,0,2,1,1,1,1,0,1,5,1,1,20,1,3,0,0,0,0,1,0,4,9,5,9,3
2015.0,0.0,0.0,0.0,3,4,3,0,0,0,1,9,1,1,0,0,1,1,1,7,2,3,0,1,0,1,2,0,4,2,5,3,9
2015.0,93.0,0.0,0.0,3,6,3,0,0,0,1,9,1,1,0,1,9,1,1,9,2,3,0,1,0,0,1,0,4,7,5,8,3
2015.0,77.0,1.0,0.0,3,5,3,0,0,0,0,9,1,1,0,0,9,1,1,13,2,3,0,0,0,1,1,0,4,5,5,5,5
2015.0,-372.0,3.0,0.0,3,4,3,0,0,0,0,6,1,1,0,0,9,1,1,14,2,3,0,0,0,1,0,0,6,2,5,3,9
2015.0,233.0,3.0,0.0,3,1,3,0,0,0,1,3,1,1,0,0,5,1,1,15,2,3,0,0,0,1,1,0,6,2,5,3,9
2015.0,-42.0,0.0,0.0,3,6,3,0,0,0,0,1,1,1,0,0,1,1,1,16,2,3,0,1,0,1,2,0,4,7,5,8,3
2015.0,150.0,0.0,0.0,3,6,3,0,0,0,1,5,1,1,0,1,5,1,1,17,2,3,0,1,0,2,1,0,2,7,5,8,3
2015.0,56.0,0.0,0.0,3,6,3,0,0,0,0,5,1,1,0,0,5,1,1,18,2,3,0,1,0,1,2,0,4,7,5,8,3
2015.0,80.0,0.0,0.0,3,3,3,0,0,0,1,1,1,1,0,1,9,1,1,11,3,3,0,0,0,2,2,0,4,9,5,8,3
2015.0,-88.0,0.0,0.0,3,6,3,1,0,0,1,2,1,1,0,0,2,1,1,12,3,3,0,0,0,1,2,0,4,7,5,8,3
2015.0,-230.0,0.0,0.0,3,10,3,0,0,0,1,5,1,1,0,0,5,1,1,14,3,3,0,0,0,1,1,0,6,9,5,3,2
2015.0,-265.0,1.0,0.0,2,4,3,0,0,0,1,2,1,1,0,0,1,1,1,15,3,3,0,0,0,2,1,0,0,2,5,3,9
2015.0,-176.0,1.0,0.0,3,6,3,0,0,0,0,1,1,1,0,0,1,1,1,16,3,3,0,1,0,1,1,0,4,7,5,8,3
2015.0,0.0,0.0,0.0,3,4,0,0,0,0,1,9,1,1,0,1,1,1,1,18,3,3,0,1,0,1,1,0,4,2,5,9,3
2015.0,46.0,0.0,0.0,3,6,0,0,0,0,2,1,1,1,1,1,1,1,1,21,3,3,0,0,0,0,1,0,6,7,5,6,3
2015.0,178.0,0.0,0.0,3,5,0,0,0,0,0,1,0,1,1,1,1,1,1,22,3,3,0,0,0,1,1,0,6,5,5,6,1
2015.0,40.0,2.0,0.0,3,6,3,0,0,0,0,9,1,1,0,1,9,1,1,8,4,3,0,1,0,1,1,0,4,7,5,8,3
2015.0,-159.0,0.0,0.0,3,10,3,0,0,0,0,1,1,1,0,0,1,1,1,10,4,3,0,0,0,1,2,0,2,5,5,8,3
2015.0,235.0,0.0,0.0,3,5,3,0,0,0,1,5,1,1,0,1,2,1,1,11,4,3,0,0,0,1,1,0,6,2,5,3,9
2015.0,0.0,0.0,0.0,3,4,3,0,0,0,1,4,1,1,0,1,5,1,1,11,4,3,0,0,0,1,0,0,4,2,5,3,9
2015.0,-230.0,1.0,0.0,3,6,3,0,0,0,0,2,1,1,0,0,2,1,1,12,4,3,0,0,0,2,1,0,4,7,5,8,3
2015.0,301.0,0.0,0.0,3,10,3,0,0,0,1,5,1,1,0,0,5,1,1,13,4,3,0,0,0,2,1,0,6,5,5,3,3
2015.0,-450.0,1.0,0.0,2,1,3,0,0,2,1,5,1,1,0,0,9,1,1,14,4,3,0,0,0,0,2,0,0,2,5,3,3
2015.0,-267.0,0.0,0.0,3,6,3,0,0,0,1,2,1,1,0,0,2,1,1,14,4,3,0,0,0,1,1,0,6,7,5,8,1
2015.0,260.0,1.0,0.0,2,5,3,0,0,0,1,2,1,1,0,1,2,1,1,16,4,3,0,1,0,1,1,0,6,7,5,8,3
2015.0,-288.0,1.0,0.0,2,4,3,0,0,0,0,9,1,1,0,1,5,1,1,16,4,3,0,1,0,2,1,0,0,2,5,3,9
2015.0,-385.0,0.0,0.0,3,5,3,0,0,0,0,5,1,1,0,0,5,1,1,16,4,3,0,1,0,1,1,0,6,2,9,3,9
2015.0,400.0,1.0,0.0,2,4,4,0,0,0,1,5,1,1,0,0,9,1,1,16,4,3,0,1,0,1,0,0,4,4,5,9,3