Year,Distance,Totalinjuries,Totalfatalities,Injuryseverity,Collisionmanner,Lightcondition,Weather,SurfaceCondition,Unittype_One,Gender_Drv1,Traveldirection_One,AlcoholUse_Drv1,DrugUse_Drv1,Unittype_Two,Gender_Drv2,Traveldirection_Two,AlcoholUse_Drv2,DrugUse_Drv2,Hour,Weekday,Month,Weekend,Rush_Hour,Hazardous_Road,Age_Group_Drv1,Age_Group_Drv2,Substance_Use,Junction_Category,Violation_Category_Drv1,Violation_Category_Drv2,Unitaction_Category_Two,Unitaction_Category_One
2015.0,-150.0,1.0,0.0,2,6,3,0,0,0,0,2,1,1,0,1,2,1,1,17,4,3,0,1,0,1,2,0,6,7,5,8,3
2015.0,85.0,0.0,0.0,3,6,3,0,0,0,1,9,1,1,0,0,9,1,1,17,4,3,0,1,0,2,1,0,4,7,5,8,3
2015.0,1280.0,2.0,0.0,2,6,3,0,0,0,1,5,1,1,0,1,5,1,1,17,4,3,0,1,0,2,2,0,0,7,5,8,3
2015.0,-15.0,0.0,0.0,3,10,3,0,0,0,1,6,1,1,0,1,1,1,1,17,4,3,0,1,0,1,1,0,4,9,5,3,2
2015.0,170.0,2.0,0.0,3,6,3,0,0,0,0,2,1,1,0,0,2,1,1,17,4,3,0,1,0,1,1,0,0,7,5,8,3
2015.0,-41.0,0.0,0.0,3,10,4,0,0,0,1,1,1,1,0,1,1,1,1,18,4,3,0,1,0,2,1,0,4,9,5,3,2
2015.0,-40.0,0.0,0.0,3,10,0,0,0,0,0,9,1,1,0,1,9,1,1,21,4,3,0,0,0,1,2,0,4,4,5,3,9
2015.0,-25.0,0.0,0.0,3,6,0,0,0,0,0,2,1,0,0,1,2,1,1,22,4,3,0,0,0,2,1,0,4,7,5,8,3
2015.0,0.0,0.0,0.0,3,4,0,0,0,0,0,9,1,1,0,1,5,1,1,23,4,3,0,0,0,1,2,0,4,2,5,3,9
2015.0,104.0,0.0,0.0,3,6,3,0,0,0,1,5,0,1,0,0,5,1,1,0,5,3,1,0,0,0,1,0,2,7,5,8,3
2015.0,-15.0,0.0,0.0,3,10,0,0,0,0,2,2,1,1,0,1,8,1,1,1,5,3,1,0,0,0,2,0,4,5,5,6,3
2015.0,200.0,0.0,0.0,3,10,3,0,0,0,1,1,1,1,0,0,1,1,1,11,5,3,1,0,0,1,1,0,6,5,5,5,5
2015.0,0.0,0.0,0.0,3,4,3,0,0,0,1,9,1,1,0,1,1,1,1,12,5,3,1,0,0,1,1,0,4,2,5,3,9
2015.0,0.0,0.0,0.0,3,4,3,0,0,0,1,2,1,1,0,0,5,1,1,13,5,3,1,0,0,2,1,0,4,2,5,3,9
2015.0,-3500.0,1.0,0.0,2,10,3,0,0,0,2,1,1,1,2,1,2,1,1,16,5,3,1,1,0,0,1,0,6,5,5,3,9
2015.0,70.0,0.0,0.0,3,6,3,0,0,0,0,5,1,1,0,1,5,1,1,16,5,3,1,1,0,0,2,0,4,7,5,8,3
2015.0,162.0,0.0,0.0,3,10,0,0,0,0,1,1,1,1,0,1,1,1,1,22,5,3,1,0,0,1,0,0,6,5,5,2,3
2015.0,0.0,0.0,0.0,3,3,0,0,0,0,0,2,0,1,0,1,5,1,1,2,6,3,1,0,0,1,2,0,4,7,5,3,2
2015.0,-900.0,1.0,0.0,2,6,3,0,0,0,0,1,1,1,0,1,1,1,1,13,6,3,1,0,0,2,2,0,6,7,8,8,3
2015.0,1328.0,0.0,0.0,3,6,3,0,0,0,1,2,1,1,0,0,2,1,1,14,6,3,1,0,0,1,2,0,6,7,5,8,3
2015.0,-1000.0,0.0,0.0,3,6,3,0,0,0,0,1,1,1,0,0,1,1,1,16,6,3,1,1,0,0,0,0,6,7,5,8,3
2015.0,180.0,3.0,0.0,3,6,0,0,0,0,0,9,1,1,0,0,9,1,1,21,6,3,1,0,0,1,1,0,6,7,5,8,3
2015.0,10.0,1.0,0.0,2,5,0,0,0,0,1,3,1,1,3,1,9,1,1,5,0,3,0,0,0,1,1,0,4,2,5,5,9
2015.0,-27.0,1.0,0.0,3,5,3,0,0,0,1,1,1,1,2,1,5,1,1,6,0,3,0,0,0,1,2,0,2,2,5,3,9
2015.0,-32.0,0.0,0.0,3,6,3,0,0,0,1,1,1,1,0,1,1,1,1,7,0,3,0,1,0,1,2,0,4,7,5,8,3
2015.0,-400.0,0.0,0.0,3,1,3,0,0,0,1,9,1,1,0,1,1,1,1,13,0,3,0,0,0,2,1,0,0,2,5,3,9
2015.0,-366.0,0.0,0.0,3,4,3,0,0,0,1,1,1,1,0,1,2,1,1,13,0,3,0,0,0,1,1,0,6,2,5,9,9
2015.0,125.0,0.0,0.0,3,6,3,0,0,0,0,5,1,1,0,1,5,1,1,16,0,3,0,1,0,1,1,0,6,7,5,8,3
2015.0,-48.0,1.0,0.0,3,6,3,0,0,0,1,5,1,1,0,0,5,1,1,16,0,3,0,1,0,1,1,0,4,7,5,8,3
2015.0,500.0,1.0,0.0,3,4,3,0,0,0,0,3,1,1,0,0,9,1,1,16,0,3,0,1,0,0,1,0,4,2,5,3,9
2015.0,75.0,0.0,0.0,3,6,3,0,0,0,0,2,1,1,0,1,2,1,1,17,0,3,0,1,0,2,0,0,4,7,5,8,3
2015.0,-210.0,0.0,0.0,3,4,3,0,0,0,1,7,1,1,0,0,2,1,1,17,0,3,0,1,0,2,2,0,6,2,5,9,3
2015.0,-30.0,1.0,0.0,3,6,3,0,0,0,0,5,1,1,0,1,5,1,1,17,0,3,0,1,0,2,1,0,6,7,5,8,3
2015.0,175.0,0.0,0.0,3,6,4,0,0,0,0,9,1,1,0,1,9,1,1,18,0,3,0,1,0,1,1,0,4,7,5,8,3
2015.0,-45.0,0.0,0.0,3,10,0,0,0,0,1,5,1,1,0,1,5,1,1,18,0,3,0,1,0,1,1,0,6,9,5,8,2
2015.0,-200.0,0.0,0.0,3,6,1,0,0,0,1,1,1,1,0,1,1,1,1,19,0,3,0,1,0,2,1,0,6,7,5,8,3
2015.0,361.0,0.0,0.0,3,6,0,0,0,0,0,9,1,1,0,1,9,1,1,19,0,3,0,1,0,2,1,0,4,7,5,8,3
2015.0,645.0,1.0,0.0,2,5,3,0,0,0,2,1,1,1,3,0,2,1,1,8,1,3,0,1,0,0,1,0,0,2,5,7,3
2015.0,434.0,1.0,0.0,2,4,3,0,0,2,0,9,1,1,0,1,2,1,1,11,1,3,0,0,0,2,1,0,0,9,5,9,3
2015.0,-57.0,0.0,0.0,3,10,3,0,0,0,0,2,1,1,0,0,2,1,1,12,1,3,0,0,0,0,2,0,6,9,5,3,3
2015.0,-473.0,0.0,0.0,3,4,3,0,0,0,1,9,1,1,0,0,2,1,1,13,1,3,0,0,0,2,1,0,0,2,5,3,9
2015.0,0.0,0.0,0.0,3,1,3,0,0,0,1,1,1,1,0,0,1,1,1,14,1,3,0,0,0,0,1,0,4,4,2,3,9
2015.0,-285.0,0.0,0.0,3,1,3,0,0,0,0,2,1,1,0,0,1,1,1,15,1,3,0,0,0,2,1,0,0,2,5,3,9
2015.0,0.0,0.0,0.0,3,4,3,0,0,0,0,1,1,1,0,1,2,1,1,16,1,3,0,1,0,1,1,0,4,2,5,3,9
2015.0,0.25,1.0,0.0,3,6,3,0,0,0,1,2,1,1,0,1,2,1,1,16,1,3,0,1,0,1,1,0,6,7,5,9,3
2015.0,-50.0,0.0,0.0,3,6,3,0,0,0,0,2,1,1,0,0,2,1,1,16,1,3,0,1,0,2,1,0,2,7,5,9,3
2015.0,525.0,0.0,0.0,3,4,3,0,0,0,1,2,1,1,0,0,5,1,1,17,1,3,0,1,0,1,1,0,0,5,5,9,2
2015.0,122.0,0.0,0.0,3,6,3,0,0,0,1,1,1,1,0,0,1,1,1,17,1,3,0,1,0,1,2,0,6,7,5,8,3
2015.0,-178.0,1.0,0.0,2,4,3,0,0,0,1,2,1,1,0,1,9,1,1,17,1,3,0,1,0,2,2,0,0,2,5,3,9
2015.0,60.0,0.0,0.0,3,10,3,0,0,0,1,1,1,1,0,1,1,1,1,18,1,3,0,1,0,1,0,0,2,4,5,9,9
2015.0,-44.0,0.0,0.0,3,6,3,0,0,0,1,2,1,1,0,1,9,1,1,18,1,3,0,1,0,2,2,0,4,2,5,3,9
2015.0,0.0,0.0,0.0,3,4,4,0,0,0,1,2,1,1,0,0,1,1,1,18,1,3,0,1,0,1,2,0,2,2,5,9,3
2015.0,55.0,1.0,0.0,1,1,0,0,0,2,1,7,0,1,0,1,5,1,1,19,1,3,0,1,0,0,1,0,4,9,5,3,7
2015.0,-5.0,1.0,0.0,3,1,0,0,0,3,2,2,0,1,0,1,1,1,1,19,1,3,0,1,0,0,2,0,4,5,5,3,5
2015.0,25.0,0.0,0.0,3,6,0,0,0,0,1,9,0,1,0,0,9,1,1,0,2,3,0,0,0,1,1,0,4,7,5,3,3
2015.0,0.0,0.0,0.0,3,10,0,0,3,0,2,5,1,1,0,0,5,1,1,0,2,3,0,0,0,0,2,0,4,4,5,3,2
2015.0,472.0,0.0,0.0,3,12,0,4,3,0,2,8,1,1,1,1,1,1,1,4,2,3,0,0,0,0,1,0,6,5,5,6,5
2015.0,-120.0,0.0,0.0,3,10,0,1,0,0,0,5,1,1,0,1,5,1,1,5,2,3,0,0,0,1,1,0,6,7,5,3,3
2015.0,-150.0,0.0,0.0,3,10,0,0,0,0,0,2,1,1,0,1,2,1,1,5,2,3,0,0,0,2,1,0,4,5,5,5,5
2015.0,0.0,0.0,0.0,3,10,3,0,0,0,1,1,1,1,0,0,1,1,1,8,2,3,0,1,0,1,1,0,2,5,5,9,9
2015.0,175.0,0.0,0.0,3,6,3,0,0,0,1,9,1,1,0,0,9,1,1,10,2,3,0,0,0,1,2,0,4,7,5,8,3
2015.0,901.0,0.0,0.0,3,6,3,1,0,0,0,2,1,1,0,0,2,1,1,13,2,3,0,0,0,1,1,0,6,7,5,8,3
2015.0,-300.0,1.0,0.0,3,10,3,1,0,0,0,5,1,1,1,1,5,1,1,14,2,3,0,0,0,0,1,0,6,7,5,8,2
2015.0,1184.0,1.0,0.0,3,6,3,3,4,0,1,2,1,1,0,0,2,1,1,14,2,3,0,0,1,2,2,0,6,7,5,8,3
2015.0,450.0,0.0,0.0,3,6,3,1,0,0,0,9,1,1,0,1,9,1,1,15,2,3,0,0,0,1,1,0,6,7,5,8,3
2015.0,-106.0,0.0,0.0,3,6,3,3,4,0,1,4,1,1,0,1,4,1,1,15,2,3,0,0,1,2,1,0,4,7,5,8,3
2015.0,0.0,0.0,0.0,3,10,3,3,4,0,2,9,1,1,0,1,9,1,1,15,2,3,0,0,1,0,1,0,4,9,5,3,2
2015.0,700.0,1.0,0.0,3,1,3,3,4,2,1,2,1,1,0,0,1,1,1,16,2,3,0,1,1,1,1,0,0,9,5,3,3
2015.0,460.0,3.0,0.0,2,6,3,3,4,0,1,9,1,1,0,1,9,1,1,16,2,3,0,1,1,1,1,0,6,7,5,8,3
2015.0,600.0,0.0,0.0,3,6,3,3,4,0,1,1,1,1,0,1,1,1,1,16,2,3,0,1,1,1,1,0,6,7,5,9,3
2015.0,130.0,0.0,0.0,3,6,3,3,4,0,1,9,1,0,0,0,9,1,1,16,2,3,0,1,1,1,1,0,4,7,5,8,3
2015.0,300.0,0.0,0.0,3,6,3,3,4,0,0,5,1,1,0,1,5,1,1,16,2,3,0,1,1,2,2,0,2,7,5,8,3
2015.0,-100.0,1.0,0.0,2,6,3,3,4,0,1,1,1,1,0,1,1,1,1,17,2,3,0,1,1,2,1,0,4,7,5,8,3
2015.0,210.0,3.0,0.0,2,6,3,3,4,0,0,1,1,1,0,1,1,1,1,17,2,3,0,1,1,2,0,0,6,7,5,8,3
2015.0,0.0,1.0,0.0,3,1,4,3,4,0,1,2,1,1,0,0,1,1,1,17,2,3,0,1,1,2,1,0,4,2,7,3,9
2015.0,0.0,0.0,0.0,3,4,0,1,4,0,0,5,1,1,0,1,1,1,1,18,2,3,0,1,1,1,2,0,4,5,5,3,9
2015.0,0.0,0.0,0.0,3,1,0,1,4,0,0,5,1,1,0,1,2,1,1,18,2,3,0,1,1,1,2,0,4,2,5,3,9
2015.0,710.0,0.0,0.0,3,6,0,3,4,0,0,2,1,1,0,0,2,1,1,19,2,3,0,1,1,2,2,0,6,7,5,8,3
2015.0,0.0,0.0,0.0,3,10,0,0,4,0,0,5,1,1,0,1,5,1,1,20,2,3,0,0,1,1,2,0,2,4,5,3,9
2015.0,-64.0,0.0,0.0,3,6,0,1,4,0,1,1,1,1,0,1,1,1,1,23,2,3,0,0,1,1,1,0,4,7,5,8,3
2015.0,-861.0,0.0,0.0,3,6,2,1,0,0,0,2,1,1,0,1,2,1,1,6,3,3,0,0,0,1,1,0,6,7,5,8,3
2015.0,-58.0,0.0,0.0,3,6,3,0,0,0,1,2,1,1,0,0,2,1,1,8,3,3,0,1,0,1,2,0,4,7,5,9,3
2015.0,465.0,0.0,0.0,3,6,3,0,0,0,0,5,1,1,0,0,5,1,1,14,3,3,0,0,0,2,2,0,6,7,5,8,3
2015.0,0.0,1.0,0.0,3,4,3,0,0,0,1,1,1,1,0,0,9,1,1,15,3,3,0,0,0,1,1,0,4,2,5,3,9
2015.0,-85.0,1.0,0.0,3,6,3,0,0,0,1,1,1,1,0,0,1,1,1,15,3,3,0,0,0,2,1,0,4,7,5,8,3
2015.0,542.0,0.0,0.0,3,6,3,0,0,0,1,5,1,1,0,1,5,1,1,16,3,3,0,1,0,2,1,0,6,7,5,8,3
2015.0,0.0,0.0,0.0,3,4,3,0,0,0,0,1,1,1,0,0,9,1,1,17,3,3,0,1,0,2,2,0,4,4,5,3,9
2015.0,255.0,0.0,0.0,3,10,3,0,0,0,1,9,1,1,0,1,9,1,1,17,3,3,0,1,0,1,1,0,6,9,5,8,2
2015.0,-400.0,0.0,0.0,3,6,3,0,0,0,2,5,1,1,0,1,5,1,1,18,3,3,0,1,0,0,1,0,6,7,5,8,3
2015.0,-465.0,1.0,0.0,3,4,3,0,0,0,1,6,1,1,0,1,2,1,1,7,4,3,0,1,0,2,1,0,6,5,5,3,9
2015.0,-425.0,0.0,0.0,3,6,3,0,0,0,0,1,1,1,0,0,1,1,1,10,4,3,0,0,0,1,2,0,6,7,5,8,3
2015.0,40.0,2.0,0.0,2,6,3,0,0,0,1,2,1,1,0,1,2,1,1,11,4,3,0,0,0,1,1,0,4,7,5,8,3
2015.0,531.0,1.0,0.0,2,6,3,0,0,0,1,2,1,1,0,0,2,1,1,13,4,3,0,0,0,2,1,0,6,7,5,8,3
2015.0,102.0,0.0,0.0,3,6,3,1,0,0,0,5,1,1,0,1,5,1,1,15,4,3,0,0,0,2,2,0,6,7,5,8,3
2015.0,-75.0,0.0,0.0,3,6,3,0,0,0,1,5,1,1,0,0,5,1,1,16,4,3,0,1,0,2,1,0,6,7,5,8,3
2015.0,-155.0,0.0,0.0,3,6,3,0,0,0,0,1,1,1,0,1,1,1,1,17,4,3,0,1,0,1,1,0,4,8,5,8,8
2015.0,92.0,1.0,0.0,3,6,4,1,0,0,0,1,1,1,0,1,1,1,1,18,4,3,0,1,0,2,0,0,4,7,5,8,3
2015.0,634.0,0.0,0.0,3,10,4,0,0,0,0,5,1,1,0,1,5,1,1,18,4,3,0,1,0,1,0,0,6,9,5,3,2
2015.0,116.0,0.0,0.0,3,6,0,0,0,0,1,9,1,1,0,1,9,1,1,19,4,3,0,1,0,2,1,0,4,7,5,8,3
2015.0,940.0,0.0,1.0,0,5,4,1,0,3,1,2,0,1,0,1,1,1,1,19,4,3,0,1,0,0,1,0,6,2,7,3,7
2015.0,0.0,0.0,0.0,3,4,0,0,0,0,0,5,1,1,0,0,2,1,1,19,4,3,0,1,0,1,2,0,4,2,5,3,9
2015.0,-450.0,0.0,0.0,3,6,3,0,0,0,0,2,1,1,0,0,2,1,1,20,4,3,0,0,0,2,1,0,6,8,5,8,3
2015.0,123.0,0.0,0.0,3,8,0,0,0,0,2,9,1,1,0,1,9,1,1,0,5,3,1,0,0,0,1,0,4,5,5,8,1
2015.0,0.0,0.0,0.0,3,4,3,0,0,0,0,6,1,1,0,0,1,1,1,6,5,3,1,0,0,1,1,0,4,2,5,3,9
2015.0,100.0,0.0,0.0,3,10,3,0,0,0,1,2,1,1,0,0,2,1,1,7,5,3,1,1,0,2,1,0,6,9,5,3,2
2015.0,-234.0,0.0,0.0,3,4,3,0,0,0,0,6,1,1,0,0,5,1,1,9,5,3,1,1,0,1,0,0,6,5,5,3,9
2015.0,-90.0,0.0,0.0,3,10,3,0,0,0,1,9,1,1,0,1,9,1,1,10,5,3,1,0,0,0,2,0,6,9,5,3,3
2015.0,-80.0,0.0,0.0,3,6,3,0,0,0,1,2,1,1,0,1,2,1,1,11,5,3,1,0,0,2,0,0,4,7,5,8,3
2015.0,110.0,0.0,0.0,3,6,3,0,0,0,0,5,1,1,0,0,5,1,1,12,5,3,1,0,0,2,1,0,4,7,5,8,3
2015.0,0.0,0.0,0.0,3,6,3,0,0,0,1,9,1,1,0,1,9,1,1,14,5,3,1,0,0,1,1,0,4,7,5,8,3
2015.0,-108.0,0.0,0.0,3,10,3,0,0,0,0,2,1,1,0,0,2,1,1,17,5,3,1,1,0,0,2,0,6,9,5,3,3
2015.0,-55.0,0.0,0.0,3,6,3,0,0,0,1,1,1,1,0,1,1,1,1,18,5,3,1,1,0,2,2,0,4,7,5,3,3
2015.0,-100.0,0.0,0.0,3,6,3,0,0,0,0,2,1,1,0,0,2,1,1,18,5,3,1,1,0,1,2,0,2,7,5,8,3
2015.0,0.0,0.0,0.0,3,12,0,0,0,0,0,9,1,1,0,1,5,1,1,23,5,3,1,0,0,2,2,0,2,5,5,3,3
2015.0,-582.0,0.0,0.0,3,6,0,0,0,0,0,1,1,1,0,1,1,1,1,3,6,3,1,0,0,1,2,0,6,7,5,8,3
2015.0,60.0,0.0,0.0,3,10,3,0,0,0,1,6,1,1,0,1,6,1,1,14,6,3,1,0,0,0,2,0,4,9,5,9,9
2015.0,500.0,0.0,0.0,3,6,3,0,0,0,0,1,0,1,0,0,1,1,1,16,6,3,1,1,0,1,1,0,6,7,5,8,3
2015.0,0.25,0.0,0.0,3,6,4,0,0,0,0,2,1,1,0,1,2,1,1,19,6,3,1,1,0,1,2,0,6,7,5,8,3
2015.0,279.0,0.0,0.0,3,1,0,0,0,0,1,3,1,1,1,1,2,1,1,20,6,3,1,0,0,2,1,0,6,7,5,6,3
2015.0,-163.0,2.0,0.0,3,4,3,0,0,0,0,5,1,1,0,0,2,1,1,8,0,3,0,1,0,0,1,0,6,2,5,3,9
2015.0,60.0,0.0,0.0,3,1,3,0,0,0,0,2,1,1,0,0,1,1,1,8,0,3,0,1,0,1,1,0,4,2,5,3,9
2015.0,300.0,0.0,0.0,3,6,3,0,0,0,0,9,1,1,0,1,9,1,1,8,0,3,0,1,0,1,1,0,6,7,5,8,3
2015.0,648.0,0.0,0.0,3,4,3,0,0,0,1,1,1,1,0,1,5,1,1,10,0,3,0,0,0,2,1,0,0,2,5,3,9
2015.0,-143.0,1.0,0.0,3,6,3,0,0,0,1,1,1,1,0,1,1,1,1,12,0,3,0,0,0,2,1,0,6,7,5,8,3
2015.0,0.0,0.0,0.0,3,4,3,0,0,0,2,2,1,1,0,1,5,1,1,14,0,3,0,0,0,0,0,0,2,2,5,3,9
2015.0,131.0,0.0,0.0,3,6,3,0,0,0,0,5,1,1,0,1,5,1,1,15,0,3,0,0,0,1,1,0,6,7,5,8,8
2015.0,-1220.0,0.0,0.0,3,6,3,0,0,0,0,1,1,1,0,0,1,1,1,15,0,3,0,0,0,1,1,0,6,7,5,8,3
2015.0,240.0,1.0,0.0,3,6,3,0,0,0,0,9,1,1,0,0,9,1,1,15,0,3,0,0,0,2,1,0,4,7,5,8,3
2015.0,-20.0,0.0,0.0,3,6,3,0,0,0,1,2,1,1,0,0,2,1,1,15,0,3,0,0,0,1,1,0,2,7,5,8,8
2015.0,60.0,0.0,0.0,3,10,3,0,0,0,1,1,1,1,0,1,1,1,1,17,0,3,0,1,0,1,1,0,6,9,5,3,2
2015.0,-500.0,1.0,0.0,3,6,3,0,0,0,0,5,1,1,0,0,5,1,1,17,0,3,0,1,0,1,1,0,6,7,5,8,3
2015.0,-191.0,0.0,0.0,3,6,3,0,0,0,1,9,1,1,0,1,9,1,1,18,0,3,0,1,0,2,0,0,6,7,5,8,3
2015.0,-10.0,0.0,0.0,3,6,0,0,0,0,1,1,1,1,0,1,1,1,1,23,0,3,0,0,0,1,1,0,4,7,5,9,3
2015.0,0.0,0.0,0.0,3,4,3,0,0,0,1,1,1,1,0,0,2,1,1,6,1,3,0,0,0,2,1,0,4,2,5,9,3
2015.0,0.0,0.0,0.0,3,4,3,0,0,0,0,1,1,1,0,1,9,1,1,6,1,3,0,0,0,2,0,0,4,2,5,3,9
2015.0,0.0,0.0,0.0,3,4,3,0,0,0,0,1,1,1,0,1,9,1,1,7,1,3,0,1,0,1,1,0,4,2,5,3,9
2015.0,-127.0,0.0,0.0,3,6,3,0,0,0,1,1,1,0,0,1,1,1,1,8,1,3,0,1,0,1,1,0,6,7,5,8,3
2015.0,-100.0,0.0,0.0,3,6,3,0,0,0,1,2,1,1,0,1,2,1,1,8,1,3,0,1,0,1,1,0,4,7,5,8,3
2015.0,200.0,0.0,0.0,3,4,3,0,0,0,1,5,1,1,0,1,1,1,1,12,1,3,0,0,0,2,1,0,0,2,5,3,9
2015.0,240.0,2.0,0.0,2,4,3,0,0,0,1,2,1,1,0,1,9,1,1,13,1,3,0,0,0,1,1,0,0,2,5,3,9
2015.0,-10.0,1.0,0.0,3,1,3,0,0,0,1,5,1,1,0,1,9,1,1,14,1,3,0,0,0,2,1,0,4,2,5,3,9
2015.0,665.0,1.0,0.0,3,6,3,0,0,0,0,9,1,1,0,0,9,1,1,16,1,3,0,1,0,1,1,0,6,7,5,8,3
2015.0,0.25,0.0,0.0,3,6,3,0,0,0,1,5,1,1,0,0,5,1,1,16,1,3,0,1,0,2,1,0,6,7,5,8,3
2015.0,0.0,0.0,0.0,3,4,3,0,0,0,1,1,1,1,0,0,9,1,1,16,1,3,0,1,0,1,2,0,4,2,5,3,9
2015.0,-610.0,0.0,0.0,3,1,3,0,0,0,0,2,1,1,0,0,1,1,1,17,1,3,0,1,0,0,1,0,0,2,5,3,9
2015.0,0.0,0.0,0.0,3,4,0,0,0,0,0,7,1,1,0,1,1,1,1,19,1,3,0,1,0,2,1,0,4,2,5,3,9
2015.0,-146.0,0.0,0.0,3,6,4,0,0,0,1,1,1,1,0,0,1,1,1,19,1,3,0,1,0,2,2,0,6,7,5,8,3
2015.0,-148.0,0.0,0.0,3,6,0,0,0,0,1,1,1,1,0,0,1,1,1,20,1,3,0,0,0,2,2,0,0,8,5,8,3
2015.0,65.0,0.0,0.0,3,10,3,0,0,0,0,5,1,1,0,1,5,1,1,9,2,3,0,1,0,2,2,0,6,9,5,3,2
2015.0,-70.0,0.0,0.0,3,6,3,0,0,0,0,1,1,1,0,0,1,1,1,12,2,3,0,0,0,1,1,0,4,7,5,8,8
2015.0,0.0,0.0,0.0,3,10,3,0,0,0,1,2,1,1,0,1,2,1,1,12,2,3,0,0,0,1,1,0,4,4,5,8,3
2015.0,-76.0,0.0,0.0,3,6,3,0,0,0,0,1,1,1,0,0,1,1,1,16,2,3,0,1,0,2,1,0,6,7,5,8,3
2015.0,-139.0,0.0,0.0,3,6,3,0,0,0,0,1,1,1,0,1,1,1,1,16,2,3,0,1,0,0,1,0,4,7,5,8,3
2015.0,-132.0,0.0,0.0,3,10,3,0,0,0,2,1,1,1,0,0,1,1,1,17,2,3,0,1,0,0,2,0,6,7,5,8,0
2015.0,0.0,2.0,0.0,2,5,3,0,0,0,0,1,1,1,0,0,1,1,1,17,2,3,0,1,0,2,2,0,4,5,5,3,9
2015.0,246.0,0.0,0.0,3,6,3,0,0,0,1,5,1,1,0,0,5,1,1,18,2,3,0,1,0,1,1,0,6,7,5,8,3
2015.0,0.0,0.0,0.0,3,6,0,0,0,0,0,2,1,1,0,1,2,1,1,18,2,3,0,1,0,1,1,0,4,7,5,8,3
2015.0,0.0,0.0,0.0,3,4,0,0,0,0,0,9,1,1,0,0,1,1,1,21,2,3,0,0,0,1,1,0,2,2,5,3,9
2015.0,0.0,1.0,0.0,3,4,0,0,0,0,0,7,1,1,0,1,1,1,1,21,2,3,0,0,0,2,2,0,4,2,5,3,9
2015.0,0.0,1.0,0.0,2,4,0,0,0,0,1,2,1,1,0,1,1,1,1,21,2,3,0,0,0,2,1,0,4,2,5,3,9
2015.0,-220.0,0.0,0.0,3,4,0,0,0,0,0,2,1,1,0,0,1,1,1,21,2,3,0,0,0,1,2,0,0,2,5,3,9
2015.0,0.0,2.0,0.0,3,1,3,0,0,0,0,1,1,1,0,1,2,1,1,6,3,3,0,0,0,1,1,0,4,2,5,9,3
2015.0,500.0,1.0,0.0,1,3,3,0,0,0,0,3,1,1,0,1,9,1,1,6,3,3,0,0,0,1,0,0,6,4,5,3,9
2015.0,270.0,0.0,0.0,3,1,3,0,0,0,0,5,1,1,0,0,9,1,1,7,3,3,0,1,0,2,1,0,4,2,5,3,9
2015.0,89.0,0.0,0.0,3,6,3,0,0,0,1,9,1,1,0,0,9,1,1,7,3,3,0,1,0,1,1,0,4,7,5,8,3
2015.0,330.0,0.0,0.0,3,6,3,0,0,0,0,2,1,1,0,0,2,1,1,8,3,3,0,1,0,1,2,0,9,7,5,3,8
2015.0,-300.0,0.0,0.0,3,6,3,0,0,0,0,9,1,1,0,1,9,1,1,8,3,3,0,1,0,2,0,0,6,7,5,8,3
2015.0,0.0,2.0,0.0,2,1,3,0,0,0,0,1,1,1,0,1,5,1,1,8,3,3,0,1,0,1,1,0,4,2,5,3,3
2015.0,-130.0,0.0,0.0,3,6,3,0,0,0,1,9,1,1,0,1,9,1,1,9,3,3,0,1,0,1,1,0,6,7,5,8,3
2015.0,-75.0,0.0,0.0,3,6,3,0,0,0,1,9,1,1,0,1,9,1,1,10,3,3,0,0,0,1,2,0,6,7,5,8,3
2015.0,102.0,0.0,0.0,3,6,3,0,0,0,1,9,1,1,0,0,9,1,1,10,3,3,0,0,0,0,2,0,4,7,5,8,3
2015.0,-56.0,0.0,0.0,3,6,3,0,0,0,1,5,1,1,0,1,5,1,1,11,3,3,0,0,0,1,1,0,6,7,5,8,3
2015.0,100.0,0.0,0.0,3,1,3,0,0,0,1,5,1,1,0,1,5,1,1,12,3,3,0,0,0,0,1,0,6,9,5,3,2
2015.0,43.0,1.0,0.0,2,5,3,0,0,2,1,5,1,1,0,0,9,1,1,12,3,3,0,0,0,2,1,0,4,9,5,9,3
2015.0,67.0,0.0,0.0,3,4,3,0,0,0,1,5,1,1,0,1,5,1,1,14,3,3,0,0,0,1,1,0,4,4,5,8,9
2015.0,0.0,0.0,0.0,3,4,3,0,3,0,0,6,1,1,0,1,9,1,1,15,3,3,0,0,0,1,1,0,4,2,5,3,9
2015.0,-100.0,0.0,0.0,3,6,3,0,0,0,0,2,1,1,0,1,2,1,1,16,3,3,0,1,0,1,2,0,6,7,7,3,3
2015.0,48.0,0.0,0.0,3,4,3,0,0,0,1,9,1,1,0,0,1,1,1,16,3,3,0,1,0,1,1,0,4,2,5,3,9
2015.0,-103.0,0.0,0.0,3,6,3,0,0,0,1,2,1,1,0,0,2,1,1,16,3,3,0,1,0,1,0,0,4,7,5,8,3
2015.0,0.0,0.0,0.0,3,10,4,0,3,0,2,4,1,1,0,1,4,1,1,18,3,3,0,1,0,0,1,0,4,9,5,9,9
2015.0,100.0,0.0,0.0,3,10,0,0,0,0,0,5,1,1,0,0,5,1,1,19,3,3,0,1,0,2,1,0,4,5,5,5,5
2015.0,-94.0,1.0,0.0,3,6,0,0,0,0,1,5,1,1,0,1,2,1,1,21,3,3,0,0,0,1,1,0,4,5,5,8,1