Year,Distance,Totalinjuries,Totalfatalities,Injuryseverity,Collisionmanner,Lightcondition,Weather,SurfaceCondition,Unittype_One,Gender_Drv1,Traveldirection_One,AlcoholUse_Drv1,DrugUse_Drv1,Unittype_Two,Gender_Drv2,Traveldirection_Two,AlcoholUse_Drv2,DrugUse_Drv2,Hour,Weekday,Month,Weekend,Rush_Hour,Hazardous_Road,Age_Group_Drv1,Age_Group_Drv2,Substance_Use,Junction_Category,Violation_Category_Drv1,Violation_Category_Drv2,Unitaction_Category_Two,Unitaction_Category_One
2015.0,200.0,0.0,0.0,3,9,0,0,0,0,0,9,1,1,0,0,1,1,1,22,3,3,0,0,0,2,1,0,6,7,5,3,9
2015.0,0.0,2.0,1.0,0,4,0,0,0,0,1,9,1,1,0,1,1,0,1,23,3,3,0,0,0,1,1,0,4,2,5,3,9
2015.0,-336.0,0.0,0.0,3,6,3,0,0,0,0,1,1,1,0,1,1,1,1,7,4,3,0,1,0,2,1,0,6,7,5,8,3
2015.0,250.0,0.0,0.0,3,10,3,0,0,0,1,1,1,1,0,1,1,1,1,11,4,3,0,0,0,1,0,0,6,9,5,3,2
2015.0,80.0,3.0,0.0,2,6,3,0,0,0,0,9,1,1,0,1,9,1,1,13,4,3,0,0,0,1,1,0,2,7,5,8,3
2015.0,0.0,0.0,0.0,3,6,3,0,0,0,0,9,1,1,0,0,9,1,1,14,4,3,0,0,0,2,1,0,4,7,5,8,3
2015.0,-95.0,0.0,0.0,3,6,3,0,0,0,0,1,1,1,0,0,1,1,1,15,4,3,0,0,0,1,1,0,4,7,5,8,3
2015.0,0.0,2.0,0.0,2,4,3,0,0,0,1,2,1,1,0,1,5,1,1,15,4,3,0,0,0,1,0,0,4,2,5,3,9
2015.0,75.0,0.0,0.0,3,6,3,0,0,0,1,1,1,1,0,1,1,1,1,16,4,3,0,1,0,1,1,0,4,7,5,3,8
2015.0,-236.0,0.0,0.0,3,6,3,0,0,0,1,2,1,1,0,0,2,1,1,16,4,3,0,1,0,2,1,0,4,7,5,8,3
2015.0,-1144.0,0.0,0.0,3,4,0,0,0,0,0,2,1,1,0,0,1,1,1,22,4,3,0,0,0,2,2,0,6,2,5,3,9
2015.0,15.0,0.0,0.0,3,6,1,0,0,0,1,9,0,1,0,1,9,1,1,23,4,3,0,0,0,2,1,0,2,7,5,3,3
2015.0,125.0,4.0,0.0,1,3,0,0,0,0,1,5,0,1,0,0,2,1,1,1,5,3,1,0,0,1,2,0,6,9,5,3,3
2015.0,40.0,0.0,0.0,3,10,3,0,0,0,1,2,1,1,0,1,2,1,1,7,5,3,1,1,0,2,1,0,6,9,5,3,2
2015.0,0.0,0.0,0.0,3,4,3,0,0,0,0,2,1,1,0,1,9,1,1,12,5,3,1,0,0,1,1,0,2,4,5,9,9
2015.0,-665.0,1.0,0.0,2,3,3,0,0,0,1,1,1,1,0,1,9,1,1,13,5,3,1,0,0,1,1,0,6,9,5,3,3
2015.0,-169.0,1.0,0.0,3,6,3,0,0,0,0,1,1,1,0,0,1,1,1,18,5,3,1,1,0,2,1,0,6,8,5,3,3
2015.0,0.0,0.0,0.0,3,6,4,0,0,0,1,1,1,1,0,1,1,1,1,18,5,3,1,1,0,2,1,0,4,7,5,9,9
2015.0,-480.0,0.0,0.0,3,6,3,0,0,0,1,9,0,1,0,1,9,1,1,18,5,3,1,1,0,1,0,0,9,7,5,8,3
2015.0,-200.0,0.0,0.0,3,12,0,0,0,0,2,5,1,1,1,1,5,1,1,23,5,3,1,0,0,0,1,0,6,7,5,8,5
2015.0,0.0,0.0,0.0,3,1,0,0,0,0,0,1,1,1,0,1,9,1,1,0,6,3,1,0,0,2,1,0,2,2,5,9,3
2015.0,10.0,1.0,0.0,2,1,1,0,0,0,2,1,1,1,3,0,5,0,1,0,6,3,1,0,0,0,1,0,4,5,5,7,3
2015.0,0.0,2.0,0.0,2,1,0,0,0,0,0,2,1,1,0,0,1,1,1,2,6,3,1,0,0,2,2,0,4,2,5,3,9
2015.0,-75.0,0.0,0.0,3,6,3,0,0,0,0,1,1,1,0,0,1,1,1,9,6,3,1,1,0,2,1,0,6,7,5,8,3
2015.0,78.0,0.0,0.0,3,6,3,0,0,0,0,9,1,1,0,1,9,1,1,11,6,3,1,0,0,2,2,0,4,7,5,8,3
2015.0,80.0,0.0,0.0,3,1,3,0,0,0,0,2,1,1,0,1,2,1,1,11,6,3,1,0,0,1,1,0,1,5,5,3,9
2015.0,-200.0,0.0,0.0,3,6,3,0,0,0,0,1,1,1,0,0,1,1,1,12,6,3,1,0,0,1,1,0,4,7,5,8,3
2015.0,-70.0,2.0,0.0,2,6,3,0,0,0,0,2,1,1,0,1,2,1,1,13,6,3,1,0,0,1,0,0,4,7,5,8,3
2015.0,500.0,2.0,0.0,2,9,3,0,0,0,0,2,1,1,0,0,5,1,1,14,6,3,1,0,0,0,1,0,6,9,5,3,3
2015.0,35.0,0.0,0.0,3,10,3,0,0,0,1,1,1,1,0,1,1,1,1,16,6,3,1,1,0,2,2,0,6,9,5,3,3
2015.0,0.0,0.0,0.0,3,1,4,0,0,0,1,1,1,1,0,1,2,1,1,18,6,3,1,1,0,2,2,0,4,2,5,9,3
2015.0,-340.0,0.0,0.0,3,4,4,0,0,0,1,9,1,1,0,1,2,1,1,18,6,3,1,1,0,2,1,0,6,2,5,3,9
2015.0,0.0,0.0,0.0,3,10,0,0,0,0,1,9,1,0,0,1,7,1,1,22,6,3,1,0,0,2,1,0,2,2,5,9,3
2015.0,-300.0,0.0,0.0,3,3,1,0,0,0,1,2,1,1,1,1,8,1,1,6,0,3,0,0,0,1,2,0,6,7,5,6,3
2015.0,0.0,0.0,0.0,3,1,3,0,0,0,0,9,1,1,0,1,5,1,1,8,0,3,0,1,0,1,1,0,4,5,5,3,9
2015.0,200.0,0.0,0.0,3,6,3,0,0,0,1,5,1,1,0,0,5,1,1,8,0,3,0,1,0,2,1,0,6,2,5,3,9
2015.0,-1230.0,0.0,0.0,3,1,3,0,0,0,1,2,1,1,0,1,1,1,1,11,0,3,0,0,0,0,1,0,0,2,5,3,3
2015.0,0.0,0.0,0.0,3,6,3,0,0,0,0,1,1,1,0,1,1,1,1,15,0,3,0,0,0,1,0,0,4,7,5,9,9
2015.0,-30.0,0.0,0.0,3,6,4,0,0,0,2,1,1,1,0,1,1,1,1,18,0,3,0,1,0,0,1,0,2,7,5,8,3
2015.0,77.0,1.0,0.0,1,5,0,0,0,3,1,9,1,1,0,0,2,1,1,19,0,3,0,1,0,1,1,0,6,6,5,3,7
2015.0,0.0,0.0,0.0,3,4,0,0,0,0,1,2,1,1,0,1,5,1,1,19,0,3,0,1,0,2,2,0,4,4,5,3,9
2015.0,-40.0,0.0,0.0,3,6,3,0,0,0,0,2,1,1,0,0,2,1,1,7,1,3,0,1,0,2,2,0,2,7,5,8,8
2015.0,-377.0,0.0,0.0,3,4,3,0,0,0,1,9,1,1,0,0,2,1,1,8,1,3,0,1,0,1,1,0,0,2,5,3,9
2015.0,525.0,0.0,0.0,3,4,3,0,0,0,1,2,1,1,0,1,9,1,1,9,1,3,0,1,0,2,2,0,0,2,5,3,9
2015.0,94.0,0.0,0.0,3,10,3,0,0,0,1,5,1,1,0,0,5,1,1,12,1,3,0,0,0,1,1,0,4,9,5,3,2
2015.0,-600.0,1.0,0.0,2,6,3,0,0,0,1,2,1,1,0,1,2,1,1,13,1,3,0,0,0,2,1,0,6,7,5,6,3
2015.0,-580.0,4.0,0.0,3,1,3,0,0,0,0,5,1,1,0,1,2,1,1,16,1,3,0,1,0,2,1,0,0,2,5,3,9
2015.0,-670.0,0.0,0.0,3,4,3,0,0,0,1,7,1,1,0,0,1,1,1,17,1,3,0,1,0,1,1,0,6,2,5,3,9
2015.0,20.0,1.0,0.0,3,3,3,0,0,0,1,9,1,1,0,0,1,1,1,17,1,3,0,1,0,1,1,0,4,2,9,3,9
2015.0,0.0,0.0,0.0,3,4,0,0,0,0,0,4,1,1,0,1,5,1,1,19,1,3,0,1,0,1,1,0,4,2,5,3,9
2015.0,-50.0,0.0,0.0,3,6,3,0,0,0,0,2,1,1,0,0,2,1,1,19,1,3,0,1,0,1,2,0,4,7,5,8,3
2015.0,-212.0,0.0,0.0,3,6,0,0,0,0,0,1,1,1,0,1,1,1,1,20,1,3,0,0,0,2,2,0,6,7,5,8,3
2015.0,20.0,0.0,0.0,3,1,1,0,0,0,0,5,1,1,0,0,5,1,1,3,2,4,0,0,0,2,2,0,6,7,5,5,1
2015.0,50.0,0.0,0.0,3,6,3,0,0,0,1,5,1,1,0,0,5,1,1,7,2,4,0,1,0,1,0,0,4,7,5,8,3
2015.0,52.0,1.0,0.0,1,6,3,0,0,0,0,5,1,1,0,0,5,1,1,7,2,4,0,1,0,2,1,0,4,7,5,9,9
2015.0,-233.0,1.0,0.0,3,10,3,0,0,0,1,9,1,1,0,0,9,1,1,7,2,4,0,1,0,1,1,0,6,5,5,3,2
2015.0,0.0,0.0,0.0,3,6,3,0,0,0,0,1,1,1,0,1,1,1,1,7,2,4,0,1,0,1,1,0,6,7,5,3,8
2015.0,0.0,0.0,0.0,3,6,3,0,0,0,0,1,1,1,0,1,1,1,1,7,2,4,0,1,0,1,1,0,6,7,5,8,3
2015.0,-425.0,1.0,0.0,2,5,3,0,0,2,0,2,1,1,0,1,6,1,1,8,2,4,0,1,0,2,1,0,6,5,5,9,3
2015.0,175.0,0.0,0.0,3,6,3,0,0,0,1,5,1,1,0,0,5,1,1,13,2,4,0,0,0,2,1,0,2,7,5,8,3
2015.0,-1000.0,0.0,0.0,3,10,3,0,0,0,0,1,1,1,0,1,1,1,1,13,2,4,0,0,0,2,1,0,6,9,5,3,0
2015.0,-40.0,1.0,0.0,2,1,3,0,0,3,0,5,1,1,0,0,1,1,1,14,2,4,0,0,0,2,1,0,4,2,5,3,7
2015.0,100.0,0.0,0.0,3,6,3,0,0,0,1,9,1,1,0,1,9,1,1,15,2,4,0,0,0,2,2,0,4,7,5,8,3
2015.0,-32.0,1.0,0.0,2,4,3,0,0,0,1,5,1,1,3,0,1,1,1,16,2,4,0,1,0,2,2,0,4,2,5,7,9
2015.0,250.0,1.0,0.0,3,6,3,0,0,0,1,1,1,1,0,0,1,1,1,16,2,4,0,1,0,1,2,0,6,7,5,8,3
2015.0,-200.0,0.0,0.0,3,6,3,0,0,0,1,1,1,1,0,1,1,1,1,16,2,4,0,1,0,1,1,0,4,7,5,8,3
2015.0,-550.0,1.0,0.0,2,6,3,0,0,0,0,5,1,1,0,0,5,1,1,16,2,4,0,1,0,1,0,0,6,7,5,8,3
2015.0,0.0,0.0,0.0,3,10,4,4,0,0,2,5,1,1,0,1,5,1,1,16,2,4,0,1,0,0,0,0,4,7,5,3,2
2015.0,70.0,2.0,0.0,2,6,3,0,0,0,1,1,1,1,0,0,1,1,1,17,2,4,0,1,0,2,1,0,6,7,5,8,3
2015.0,76.0,2.0,0.0,2,4,3,0,0,0,0,2,1,1,0,0,1,1,1,17,2,4,0,1,0,1,1,0,0,2,5,3,9
2015.0,0.0,0.0,0.0,3,1,3,0,0,0,2,5,1,1,0,0,1,1,1,17,2,4,0,1,0,0,1,0,6,2,5,3,3
2015.0,1000.0,1.0,0.0,2,5,4,0,0,2,1,1,1,1,0,1,9,1,1,17,2,4,0,1,0,2,2,0,6,9,5,9,3
2015.0,50.0,0.0,0.0,3,6,3,0,0,0,1,5,1,1,0,0,5,1,1,18,2,4,0,1,0,1,1,0,6,7,5,8,3
2015.0,0.0,0.0,0.0,3,4,4,0,0,0,0,9,1,1,0,1,1,1,1,18,2,4,0,1,0,2,1,0,4,4,5,3,9
2015.0,200.0,0.0,0.0,3,10,0,0,0,0,1,2,1,1,0,1,2,1,1,19,2,4,0,1,0,0,1,0,4,7,5,3,2
2015.0,-76.0,0.0,0.0,3,6,0,0,0,0,1,1,1,1,0,1,1,1,1,19,2,4,0,1,0,2,1,0,4,7,5,3,3
2015.0,0.1,0.0,0.0,3,10,0,0,0,0,2,5,1,1,0,1,5,1,1,20,2,4,0,0,0,0,0,0,4,9,5,3,2
2015.0,-472.0,0.0,0.0,3,6,1,0,0,0,1,9,1,1,0,1,9,1,1,21,2,4,0,0,0,2,1,0,6,8,5,8,3
2015.0,-430.0,0.0,0.0,3,10,0,0,0,0,0,2,1,1,0,1,2,1,1,21,2,4,0,0,0,1,1,0,6,9,5,3,2
2015.0,0.0,0.0,0.0,3,4,3,0,0,0,1,5,1,1,0,0,1,1,1,7,3,4,0,1,0,0,0,0,4,2,5,3,9
2015.0,-64.0,1.0,0.0,3,1,3,0,0,2,1,9,1,1,0,1,5,1,1,10,3,4,0,0,0,2,1,0,4,2,5,3,3
2015.0,-120.0,0.0,0.0,3,10,3,0,0,0,0,5,1,1,0,1,5,1,1,13,3,4,0,0,0,2,0,0,6,7,5,8,2
2015.0,0.0,1.0,0.0,2,5,3,0,0,2,0,1,1,1,0,1,2,1,1,14,3,4,0,0,0,2,1,0,4,2,5,3,3
2015.0,0.0,0.0,0.0,3,1,3,0,0,0,0,5,1,1,0,0,9,1,1,15,3,4,0,0,0,1,1,0,4,2,5,3,3
2015.0,287.0,0.0,0.0,3,4,3,0,0,0,0,9,1,1,0,0,2,1,1,16,3,4,0,1,0,1,2,0,0,2,5,3,9
2015.0,-125.0,2.0,0.0,2,6,3,0,0,0,2,1,1,1,0,0,1,1,1,16,3,4,0,1,0,0,1,0,4,7,5,8,3
2015.0,-98.0,0.0,0.0,3,6,3,0,0,0,1,1,1,1,0,0,1,1,1,17,3,4,0,1,0,2,1,0,6,7,5,8,8
2015.0,-116.0,0.0,0.0,3,4,3,0,0,0,0,2,1,1,0,1,1,1,1,17,3,4,0,1,0,2,0,0,6,2,5,3,9
2015.0,0.25,2.0,0.0,2,6,3,0,0,0,0,2,1,1,0,0,2,1,1,18,3,4,0,1,0,1,1,0,4,7,5,8,3
2015.0,-252.0,1.0,0.0,3,6,0,0,0,0,1,5,1,1,0,1,5,1,1,19,3,4,0,1,0,1,1,0,6,7,5,3,3
2015.0,-95.0,0.0,0.0,3,1,0,0,0,0,0,9,0,1,0,1,1,1,1,19,3,4,0,1,0,0,1,0,4,7,5,8,9
2015.0,0.0,0.0,0.0,3,6,0,0,0,0,2,9,1,1,0,1,9,1,1,19,3,4,0,1,0,0,1,0,4,7,5,9,9
2015.0,0.0,1.0,0.0,3,6,3,0,0,0,0,9,1,1,0,1,4,1,1,7,4,4,0,1,0,1,1,0,2,7,5,8,9
2015.0,-6.0,1.0,0.0,2,5,3,0,0,2,0,2,1,1,0,1,6,1,1,10,4,4,0,0,0,2,0,0,4,5,5,9,3
2015.0,80.0,0.0,0.0,3,6,3,0,0,0,0,5,1,1,0,1,5,1,1,10,4,4,0,0,0,2,0,0,4,7,5,8,3
2015.0,0.0,0.0,0.0,3,10,3,0,0,0,2,1,1,1,0,1,1,1,1,14,4,4,0,0,0,0,1,0,4,9,5,3,3
2015.0,-90.0,0.0,0.0,3,6,3,0,0,0,0,1,1,1,0,1,1,1,1,14,4,4,0,0,0,0,1,0,4,7,5,8,3
2015.0,-100.0,0.0,0.0,3,6,3,0,0,0,1,5,1,1,0,1,5,1,1,14,4,4,0,0,0,2,1,0,6,7,5,8,3
2015.0,0.0,0.0,0.0,3,1,3,0,0,0,0,2,1,1,0,0,1,1,1,16,4,4,0,1,0,1,0,0,4,2,5,8,9
2015.0,-250.0,1.0,0.0,2,6,3,0,0,0,0,2,1,1,0,1,2,1,1,17,4,4,0,1,0,1,1,0,6,7,5,8,3
2015.0,0.0,4.0,0.0,3,4,0,0,0,0,0,9,1,1,0,1,1,1,1,23,4,4,0,0,0,1,1,0,4,2,5,3,9
2015.0,0.0,2.0,0.0,3,1,0,0,0,0,1,5,0,1,0,1,1,1,1,0,5,4,1,0,0,1,2,0,4,2,5,3,3
2015.0,60.0,0.0,0.0,3,3,3,0,0,0,1,9,1,1,0,0,9,1,1,9,5,4,1,1,0,2,0,0,4,7,5,3,3
2015.0,-38.0,0.0,0.0,3,6,3,1,0,0,0,2,1,1,0,0,2,1,1,11,5,4,1,0,0,1,1,0,4,5,5,8,8
2015.0,-30.0,0.0,0.0,3,4,3,0,0,0,0,7,1,1,0,0,2,1,1,11,5,4,1,0,0,1,1,0,4,2,5,3,9
2015.0,98.0,0.0,0.0,3,10,3,0,0,0,0,9,1,1,0,1,9,1,1,13,5,4,1,0,0,1,1,0,2,5,5,2,2
2015.0,-610.0,0.0,0.0,3,10,3,0,0,0,1,9,1,1,0,0,9,1,1,13,5,4,1,0,0,1,1,0,6,9,5,3,2
2015.0,0.0,3.0,0.0,2,4,3,0,0,0,1,9,1,1,0,1,2,1,1,13,5,4,1,0,0,1,1,0,2,5,5,3,9
2015.0,-50.0,0.0,0.0,3,6,3,0,0,0,1,1,0,1,0,1,1,1,1,15,5,4,1,0,0,2,1,0,4,7,5,3,3
2015.0,20.0,0.0,0.0,3,6,3,0,0,0,1,9,1,1,0,1,9,1,1,16,5,4,1,1,0,1,1,0,2,7,5,8,3
2015.0,-40.0,0.0,0.0,3,10,0,0,0,0,1,1,1,1,0,1,1,1,1,22,5,4,1,0,0,1,1,0,4,9,5,3,2
2015.0,0.0,0.0,0.0,3,4,3,0,0,0,0,5,1,1,0,1,1,1,1,6,6,4,1,0,0,1,2,0,4,5,5,3,9
2015.0,50.0,0.0,0.0,3,10,3,0,0,0,2,9,1,1,0,1,9,1,1,9,6,4,1,1,0,0,0,0,2,5,5,3,2
2015.0,-75.0,0.0,0.0,3,6,3,0,0,0,1,1,1,1,0,1,1,1,1,10,6,4,1,0,0,2,2,0,4,7,5,8,3
2015.0,0.0,0.0,0.0,3,4,0,0,0,0,0,9,1,1,0,1,5,1,1,20,6,4,1,0,0,1,1,0,4,2,5,3,9
2015.0,250.0,2.0,0.0,1,1,3,0,0,2,0,1,1,1,0,1,9,1,1,8,0,4,0,1,0,2,2,0,6,2,5,3,7
2015.0,20.0,0.0,0.0,3,6,3,0,0,0,0,9,1,1,0,1,9,1,1,8,0,4,0,1,0,2,1,0,2,7,5,8,8
2015.0,-92.0,1.0,0.0,3,10,3,0,0,0,1,1,1,1,0,1,1,1,1,12,0,4,0,0,0,1,1,0,4,9,5,8,3
2015.0,-98.0,0.0,0.0,3,1,3,0,0,0,0,1,1,1,0,0,5,1,1,17,0,4,0,1,0,1,2,0,4,4,5,3,9
2015.0,0.0,1.0,0.0,2,1,3,0,0,0,0,2,1,1,0,1,1,1,1,18,0,4,0,1,0,2,1,0,4,2,5,3,9
2015.0,0.0,2.0,0.0,3,3,0,0,0,0,0,7,0,1,0,1,4,1,1,20,0,4,0,0,0,1,1,0,2,2,5,9,9
2015.0,-30.0,0.0,0.0,3,6,0,0,0,0,1,5,1,1,0,0,5,1,1,21,0,4,0,0,0,2,2,0,4,7,5,3,3
2015.0,0.0,0.0,0.0,3,4,0,0,0,0,1,2,1,1,0,1,9,1,1,4,1,4,0,0,0,2,0,0,4,4,5,3,9
2015.0,0.0,0.0,0.0,3,4,2,0,0,0,1,6,1,1,0,1,2,1,1,5,1,4,0,0,0,1,1,0,4,5,5,3,9
2015.0,790.0,1.0,0.0,3,6,3,0,0,0,1,9,1,1,0,0,9,1,1,7,1,4,0,1,0,1,1,0,6,7,5,8,3
2015.0,0.0,0.0,0.0,3,4,3,0,0,0,0,6,1,1,0,0,9,1,1,8,1,4,0,1,0,1,1,0,4,2,5,3,9
2015.0,200.0,0.0,0.0,3,4,3,0,0,0,1,4,1,1,0,0,6,1,1,9,1,4,0,1,0,0,1,0,6,5,5,9,9
2015.0,50.0,1.0,0.0,2,6,3,0,0,0,1,2,1,1,0,0,2,1,1,10,1,4,0,0,0,1,2,0,6,7,5,8,3
2015.0,429.0,0.0,0.0,3,6,3,0,0,0,0,5,1,1,0,0,5,1,1,12,1,4,0,0,0,2,2,0,6,8,5,8,3
2015.0,850.0,2.0,0.0,2,6,3,0,0,0,1,1,1,1,0,1,1,1,1,12,1,4,0,0,0,2,2,0,6,7,5,8,3
2015.0,732.0,0.0,0.0,3,6,3,0,0,0,0,1,1,1,0,1,1,1,1,12,1,4,0,0,0,2,1,0,6,7,5,8,3
2015.0,0.0,0.0,0.0,3,6,3,0,0,0,0,1,1,1,0,0,1,1,1,13,1,4,0,0,0,2,1,0,2,7,5,8,8
2015.0,600.0,0.0,0.0,3,9,3,0,0,0,1,9,1,1,1,1,1,1,1,14,1,4,0,0,0,0,0,0,6,7,5,6,5
2015.0,-160.0,1.0,0.0,3,6,3,0,0,0,1,9,1,1,0,0,9,1,1,15,1,4,0,0,0,2,1,0,6,7,5,8,3
2015.0,230.0,1.0,0.0,2,1,3,0,0,0,1,1,1,1,0,0,5,1,1,15,1,4,0,0,0,2,1,0,0,2,5,3,9
2015.0,-352.0,0.0,0.0,3,6,3,0,0,0,1,2,1,1,0,0,2,1,1,15,1,4,0,0,0,2,1,0,6,8,5,8,8
2015.0,-250.0,1.0,0.0,2,6,3,0,0,0,1,5,1,1,0,0,5,1,1,16,1,4,0,1,0,2,1,0,6,7,5,8,3
2015.0,0.0,0.0,0.0,3,4,3,0,0,0,1,9,1,1,0,0,5,1,1,16,1,4,0,1,0,1,1,0,4,2,5,3,9
2015.0,447.0,1.0,0.0,2,3,3,0,0,0,1,2,1,1,0,1,5,1,1,17,1,4,0,1,0,2,1,0,6,2,5,3,3
2015.0,-230.0,0.0,0.0,3,3,3,0,0,0,1,2,1,1,0,0,1,1,1,17,1,4,0,1,0,1,2,0,0,2,5,3,3
2015.0,0.0,1.0,0.0,2,1,3,0,0,0,1,1,1,1,0,1,2,1,1,17,1,4,0,1,0,1,1,0,2,2,5,3,3
2015.0,0.0,0.0,0.0,3,10,3,0,0,0,0,5,1,1,0,0,5,1,1,17,1,4,0,1,0,1,1,0,4,9,5,3,2
2015.0,140.0,0.0,0.0,3,5,3,0,0,0,1,9,1,1,0,0,5,1,1,7,2,4,0,1,0,0,1,0,6,5,5,3,1
2015.0,100.0,0.0,0.0,3,6,3,0,0,0,1,9,1,1,0,1,9,1,1,8,2,4,0,1,0,0,1,0,4,7,5,8,3
2015.0,-270.0,0.0,0.0,3,6,3,0,0,0,1,9,1,1,0,0,9,1,1,9,2,4,0,1,0,1,1,0,6,8,5,8,3
2015.0,-230.0,0.0,0.0,3,4,3,0,0,0,1,5,1,1,0,1,9,1,1,11,2,4,0,0,0,2,1,0,0,2,5,3,9
2015.0,-160.0,0.0,0.0,3,6,3,0,0,0,0,2,1,1,0,0,2,1,1,13,2,4,0,0,0,2,1,0,6,7,5,8,3
2015.0,0.0,0.0,0.0,3,10,3,0,0,0,1,2,1,1,0,1,2,1,1,15,2,4,0,0,0,2,1,0,4,5,5,3,9
2015.0,113.0,0.0,0.0,3,6,3,0,0,0,0,9,1,1,0,1,9,1,1,15,2,4,0,0,0,2,1,0,2,7,5,8,3
2015.0,0.0,0.0,0.0,3,6,3,0,0,0,1,1,1,1,0,0,1,1,1,15,2,4,0,0,0,1,1,0,4,7,5,8,3
2015.0,60.0,0.0,0.0,3,1,3,0,0,0,0,9,1,1,0,1,5,1,1,17,2,4,0,1,0,2,1,0,4,7,5,8,9
2015.0,0.0,0.0,0.0,3,4,3,0,0,0,1,2,1,1,0,1,5,1,1,17,2,4,0,1,0,2,2,0,4,2,5,3,9
2015.0,0.0,0.0,0.0,3,4,0,0,0,0,1,1,1,1,0,0,9,1,1,19,2,4,0,1,0,2,2,0,4,2,5,3,9
2015.0,-30.0,0.0,0.0,3,6,4,0,0,0,2,2,1,1,0,0,2,1,1,19,2,4,0,1,0,0,1,0,2,7,5,9,3
2015.0,0.0,0.0,0.0,3,6,0,0,0,0,0,1,1,1,0,0,1,1,1,21,2,4,0,0,0,2,2,0,4,8,5,8,3
2015.0,-85.0,1.0,0.0,3,6,3,0,0,0,1,1,1,1,0,1,1,1,1,6,3,4,0,0,0,2,1,0,6,7,5,8,3
2015.0,-290.0,0.0,0.0,3,4,3,0,0,0,0,2,1,1,0,0,1,1,1,7,3,4,0,1,0,1,2,0,0,2,5,3,9
2015.0,95.0,2.0,0.0,3,6,3,0,0,0,1,2,1,1,0,0,2,1,1,8,3,4,0,1,0,1,1,0,6,7,5,8,3
2015.0,200.0,2.0,0.0,2,6,3,0,0,0,1,2,1,1,0,1,2,1,1,8,3,4,0,1,0,2,1,0,6,7,5,8,3
2015.0,0.0,1.0,0.0,2,4,3,0,0,0,0,1,1,1,0,1,2,1,1,10,3,4,0,0,0,2,0,0,6,2,5,3,9
2015.0,140.0,1.0,0.0,3,6,3,0,0,0,0,5,1,1,0,0,5,1,1,13,3,4,0,0,0,1,1,0,4,7,5,8,3
2015.0,-145.0,1.0,0.0,2,5,3,0,0,0,1,1,1,1,2,0,1,1,1,17,3,4,0,1,0,2,2,0,0,2,5,3,9
2015.0,0.0,0.0,0.0,3,4,0,0,0,0,0,5,1,1,0,1,2,1,1,21,3,4,0,0,0,2,2,0,4,2,5,3,9
2015.0,-150.0,1.0,0.0,3,6,0,0,0,0,0,5,1,1,0,1,5,1,1,21,3,4,0,0,0,1,1,0,6,7,5,8,3
2015.0,-124.0,1.0,0.0,3,1,1,0,0,0,1,9,0,1,1,1,9,1,1,0,4,4,0,0,0,2,1,0,6,7,5,6,3
2015.0,-385.0,1.0,0.0,2,6,0,0,0,0,0,2,0,1,1,1,2,1,1,2,4,4,0,0,0,1,1,0,6,5,5,8,3
2015.0,0.0,1.0,0.0,3,4,2,0,0,0,0,5,1,1,0,1,9,1,1,5,4,4,0,0,0,1,0,0,2,5,5,3,9
2015.0,0.0,2.0,0.0,3,1,3,0,0,0,1,1,1,1,0,1,5,1,1,6,4,4,0,0,0,2,2,0,4,2,5,3,3
2015.0,0.0,0.0,0.0,3,6,3,0,0,0,0,1,1,1,0,1,1,1,1,7,4,4,0,1,0,1,1,0,4,7,5,8,3
2015.0,0.0,0.0,0.0,3,10,3,0,0,0,0,9,1,1,0,1,9,1,1,7,4,4,0,1,0,2,1,0,4,9,5,9,9
2015.0,562.0,0.0,0.0,3,10,3,0,0,0,1,1,1,1,0,0,1,1,1,7,4,4,0,1,0,1,2,0,6,9,5,3,2
2015.0,0.0,0.0,0.0,3,4,3,0,0,0,1,9,1,1,0,0,1,1,1,10,4,4,0,0,0,1,2,0,4,2,5,3,9
2015.0,-800.0,3.0,0.0,1,1,3,0,0,0,1,2,1,1,0,1,1,1,1,12,4,4,0,0,0,2,1,0,0,2,5,3,3
2015.0,0.0,0.0,0.0,3,4,3,0,0,0,1,5,1,1,0,1,9,1,1,12,4,4,0,0,0,1,1,0,2,2,5,3,9
2015.0,0.0,1.0,0.0,2,1,3,0,0,0,1,1,1,1,0,1,5,1,1,12,4,4,0,0,0,1,2,0,4,5,5,3,9
2015.0,-655.0,2.0,0.0,2,4,3,0,0,0,1,1,1,1,0,0,5,1,1,14,4,4,0,0,0,0,1,0,0,2,5,3,9
2015.0,-240.0,0.0,0.0,3,6,3,0,0,0,1,9,1,1,0,0,9,1,1,14,4,4,0,0,0,2,0,0,0,7,5,8,3
2015.0,87.0,0.0,0.0,3,6,3,0,0,0,0,3,1,1,0,0,3,1,1,14,4,4,0,0,0,2,0,0,6,8,5,9,3
2015.0,0.0,2.0,0.0,2,6,3,0,0,0,1,1,1,1,0,0,1,1,1,16,4,4,0,1,0,1,2,0,4,7,5,8,3
2015.0,0.0,0.0,0.0,3,4,3,0,0,0,1,2,1,1,0,1,5,1,1,17,4,4,0,1,0,1,0,0,6,2,5,3,9
2015.0,0.0,2.0,0.0,2,1,3,0,0,0,0,5,1,1,0,1,9,1,1,17,4,4,0,1,0,2,1,0,4,2,5,3,3
2015.0,-150.0,0.0,0.0,3,12,0,4,3,0,2,8,1,1,0,1,8,1,1,20,4,4,0,0,0,0,1,0,6,5,5,6,5
2015.0,158.0,0.0,0.0,3,6,0,0,0,0,2,9,1,1,1,1,9,1,1,1,5,4,1,0,0,0,0,0,6,7,5,6,3