Year,Distance,Totalinjuries,Totalfatalities,Injuryseverity,Collisionmanner,Lightcondition,Weather,SurfaceCondition,Unittype_One,Gender_Drv1,Traveldirection_One,AlcoholUse_Drv1,DrugUse_Drv1,Unittype_Two,Gender_Drv2,Traveldirection_Two,AlcoholUse_Drv2,DrugUse_Drv2,Hour,Weekday,Month,Weekend,Rush_Hour,Hazardous_Road,Age_Group_Drv1,Age_Group_Drv2,Substance_Use,Junction_Category,Violation_Category_Drv1,Violation_Category_Drv2,Unitaction_Category_Two,Unitaction_Category_One
2015.0,0.0,0.0,0.0,3,1,3,0,0,0,0,1,1,1,0,0,2,1,1,8,5,4,1,1,0,0,1,0,2,2,5,3,3
2015.0,0.0,0.0,0.0,3,4,3,0,0,0,1,5,1,1,0,1,1,1,1,9,5,4,1,1,0,1,1,0,4,2,5,9,9
2015.0,0.0,2.0,0.0,3,4,3,0,0,0,0,4,1,1,0,1,5,1,1,9,5,4,1,1,0,1,1,0,4,2,5,3,9
2015.0,-56.0,0.0,0.0,3,10,3,0,0,0,1,9,1,1,0,1,4,1,1,12,5,4,1,0,0,1,1,0,4,2,5,9,3
2015.0,141.0,0.0,0.0,3,10,3,0,0,0,0,1,1,1,0,0,1,1,1,12,5,4,1,0,0,1,0,0,6,4,5,3,9
2015.0,100.0,0.0,0.0,3,6,3,0,0,0,1,2,1,1,0,1,2,1,1,13,5,4,1,0,0,1,2,0,6,7,5,8,8
2015.0,-182.0,0.0,0.0,3,4,3,0,0,0,0,2,1,1,0,1,2,1,1,13,5,4,1,0,0,0,1,0,6,2,5,3,9
2015.0,75.0,1.0,0.0,3,6,3,0,0,0,1,5,1,1,0,1,5,1,1,13,5,4,1,0,0,2,1,0,6,7,5,8,3
2015.0,100.0,0.0,0.0,3,10,3,0,0,0,0,1,1,1,0,0,1,1,1,14,5,4,1,0,0,1,1,0,6,5,5,3,3
2015.0,0.0,0.0,0.0,3,6,3,0,0,0,1,9,1,1,0,1,9,1,1,16,5,4,1,1,0,1,1,0,4,7,5,8,3
2015.0,0.0,1.0,0.0,3,6,0,0,0,0,0,1,1,1,0,1,1,1,1,19,5,4,1,1,0,1,2,0,4,7,5,3,3
2015.0,-1920.0,1.0,0.0,3,5,0,0,0,3,1,9,1,1,0,1,5,1,1,20,5,4,1,0,0,0,2,0,6,6,5,3,7
2015.0,0.0,0.0,0.0,3,4,3,0,0,0,1,9,1,1,0,0,5,1,1,11,6,4,1,0,0,1,1,0,4,2,5,9,3
2015.0,0.0,0.0,0.0,3,4,3,0,0,0,1,1,1,1,0,1,2,1,1,14,6,4,1,0,0,1,1,0,4,5,5,9,3
2015.0,-450.0,1.0,0.0,3,6,3,0,0,0,0,2,1,1,0,1,2,1,1,7,0,4,0,1,0,1,1,0,6,7,5,8,3
2015.0,0.0,0.0,0.0,3,4,3,0,0,0,1,9,1,1,0,1,5,1,1,8,0,4,0,1,0,2,1,0,4,2,5,9,9
2015.0,-650.0,0.0,0.0,3,1,3,0,0,0,0,3,1,1,0,0,1,1,1,9,0,4,0,1,0,0,1,0,6,2,5,3,9
2015.0,0.0,1.0,0.0,3,4,3,0,0,0,1,2,1,1,0,1,9,1,1,10,0,4,0,0,0,1,2,0,4,2,5,3,9
2015.0,259.0,0.0,0.0,3,10,3,0,0,0,1,1,1,1,0,1,1,1,1,12,0,4,0,0,0,1,1,0,0,2,5,3,9
2015.0,540.0,0.0,0.0,3,6,3,0,0,0,0,1,1,1,0,1,1,1,1,14,0,4,0,0,0,2,1,0,6,7,5,8,3
2015.0,10.0,1.0,0.0,2,1,3,0,0,2,0,1,1,1,0,0,5,1,1,15,0,4,0,0,0,2,1,0,4,9,5,9,3
2015.0,0.0,2.0,0.0,2,3,3,0,0,0,1,2,1,1,0,1,5,1,1,16,0,4,0,1,0,2,2,0,4,2,9,3,9
2015.0,0.0,0.0,0.0,3,4,3,0,0,0,1,2,1,1,0,0,2,1,1,17,0,4,0,1,0,2,1,0,2,3,5,9,3
2015.0,-150.0,0.0,0.0,3,6,3,0,0,0,0,1,1,1,0,1,1,1,1,17,0,4,0,1,0,2,1,0,6,7,5,8,3
2015.0,250.0,2.0,0.0,3,4,4,0,0,0,1,2,1,1,0,0,1,1,1,18,0,4,0,1,0,1,1,0,0,2,5,3,9
2015.0,120.0,0.0,0.0,3,6,0,0,0,0,0,2,1,1,0,0,2,1,1,19,0,4,0,1,0,1,2,0,6,7,5,8,3
2015.0,-200.0,0.0,0.0,3,12,2,0,0,0,2,5,1,1,0,0,5,1,1,5,1,4,0,0,0,0,1,0,6,5,5,3,5
2015.0,0.0,0.0,0.0,3,4,3,0,0,0,0,1,1,1,0,1,9,1,1,6,1,4,0,0,0,1,1,0,4,2,5,3,9
2015.0,0.0,0.0,0.0,3,4,3,0,0,0,0,2,1,1,0,0,5,1,1,7,1,4,0,1,0,1,1,0,2,2,5,3,9
2015.0,1000.0,0.0,0.0,3,6,3,0,0,0,1,2,1,1,0,0,2,1,1,8,1,4,0,1,0,0,0,0,6,7,5,3,3
2015.0,112.0,0.0,0.0,3,6,3,0,0,0,1,9,1,1,0,0,9,1,1,10,1,4,0,0,0,1,2,0,6,7,5,8,3
2015.0,70.0,0.0,0.0,3,10,3,0,0,0,0,9,1,1,0,1,9,1,1,11,1,4,0,0,0,0,0,0,6,7,5,8,3
2015.0,-500.0,1.0,0.0,3,4,3,0,0,0,1,1,1,1,0,0,2,1,1,11,1,4,0,0,0,2,2,0,4,2,5,3,9
2015.0,-183.0,0.0,0.0,3,6,3,0,0,0,1,9,1,1,0,1,9,1,1,12,1,4,0,0,0,2,1,0,6,7,5,8,3
2015.0,-135.0,0.0,0.0,3,6,3,0,0,0,0,2,1,1,0,1,2,1,1,14,1,4,0,0,0,1,2,0,6,7,5,8,3
2015.0,-78.0,0.0,0.0,3,6,3,0,0,0,0,2,1,1,0,0,2,1,1,14,1,4,0,0,0,2,1,0,4,7,5,8,3
2015.0,-195.0,0.0,0.0,3,4,3,0,0,0,0,9,1,1,0,1,2,1,1,15,1,4,0,0,0,1,1,0,6,2,5,3,9
2015.0,-124.0,0.0,0.0,3,10,3,0,0,0,0,1,1,1,0,0,1,1,1,15,1,4,0,0,0,2,0,0,6,2,5,3,5
2015.0,-473.0,0.0,0.0,3,6,3,0,0,0,1,1,1,1,0,0,1,1,1,16,1,4,0,1,0,1,1,0,6,7,5,8,3
2015.0,8.0,0.0,0.0,3,6,3,0,0,0,1,2,1,1,0,0,2,1,1,16,1,4,0,1,0,2,2,0,4,8,5,9,3
2015.0,148.0,0.0,0.0,3,6,3,0,0,0,0,5,1,1,0,0,5,1,1,17,1,4,0,1,0,2,1,0,6,7,5,8,3
2015.0,-175.0,1.0,0.0,3,6,0,0,0,0,1,5,1,1,0,0,5,1,1,19,1,4,0,1,0,2,1,0,6,5,7,3,3
2015.0,20.0,0.0,0.0,3,6,0,0,0,0,2,9,1,1,0,0,9,1,1,23,1,4,0,0,0,0,2,0,4,5,5,3,3
2015.0,0.0,2.0,0.0,3,4,3,0,0,0,1,9,1,1,0,1,1,1,1,6,2,4,0,0,0,1,1,0,4,2,5,9,3
2015.0,0.0,1.0,0.0,3,4,3,0,0,0,1,2,1,1,0,0,5,1,1,7,2,4,0,1,0,2,1,0,4,2,5,9,3
2015.0,0.0,0.0,0.0,3,1,3,0,0,0,0,1,1,1,0,1,1,1,1,7,2,4,0,1,0,0,1,0,4,9,5,3,2
2015.0,163.0,0.0,0.0,3,6,3,0,0,0,0,9,1,1,0,0,9,1,1,13,2,4,0,0,0,2,0,0,4,7,5,8,3
2015.0,0.0,1.0,0.0,3,3,3,0,0,0,0,5,0,1,0,0,5,1,1,14,2,4,0,0,0,1,1,0,4,7,5,3,3
2015.0,0.0,1.0,0.0,2,4,3,0,0,0,0,2,1,1,0,1,5,1,1,15,2,4,0,0,0,1,2,0,4,2,5,3,9
2015.0,105.0,0.0,0.0,3,6,3,0,0,0,0,5,1,1,0,1,5,1,1,16,2,4,0,1,0,1,1,0,6,8,5,8,3
2015.0,-62.0,9.0,0.0,1,6,3,0,0,0,1,9,1,0,0,1,9,1,1,17,2,4,0,1,0,2,0,0,6,7,5,3,3
2015.0,0.0,0.0,0.0,3,6,3,0,0,0,1,4,1,1,0,1,4,1,1,17,2,4,0,1,0,1,1,0,4,7,5,9,9
2015.0,-10.0,0.0,0.0,3,10,0,0,0,0,2,2,1,1,0,0,2,1,1,19,2,4,0,1,0,0,2,0,4,9,5,3,2
2015.0,0.0,0.0,0.0,3,10,0,0,0,0,0,2,1,1,0,1,2,1,1,20,2,4,0,0,0,2,1,0,4,9,5,3,0
2015.0,0.0,0.0,0.0,3,10,3,0,0,0,1,2,1,1,0,1,2,1,1,6,3,4,0,0,0,1,1,0,2,4,5,9,3
2015.0,0.0,0.0,0.0,3,6,3,0,0,0,1,9,1,1,0,1,9,1,1,8,3,4,0,1,0,1,2,0,4,7,5,8,3
2015.0,350.0,0.0,0.0,3,6,3,0,0,0,1,9,1,1,0,1,9,1,1,10,3,4,0,0,0,1,2,0,6,7,5,8,3
2015.0,181.0,0.0,0.0,3,10,3,0,0,0,1,9,1,1,0,0,9,1,1,10,3,4,0,0,0,1,0,0,4,9,5,3,2
2015.0,0.0,0.0,0.0,3,4,3,0,0,0,0,5,1,1,0,1,5,1,1,13,3,4,0,0,0,1,1,0,4,4,5,9,9
2015.0,-291.0,1.0,0.0,2,6,3,0,0,0,1,5,1,1,0,1,5,1,1,15,3,4,0,0,0,1,1,0,6,7,5,8,3
2015.0,0.0,0.0,0.0,3,9,3,0,0,0,0,5,1,1,0,0,2,1,1,16,3,4,0,1,0,0,2,0,4,5,5,3,8
2015.0,0.0,0.0,0.0,3,4,3,0,0,0,1,5,1,1,0,0,1,1,1,16,3,4,0,1,0,2,1,0,2,4,5,3,9
2015.0,215.0,1.0,0.0,2,10,3,0,0,0,1,9,1,1,0,0,9,1,1,17,3,4,0,1,0,2,1,0,4,9,5,3,2
2015.0,10.0,1.0,0.0,2,5,3,0,0,2,0,5,1,1,0,1,9,1,1,17,3,4,0,1,0,1,0,0,4,9,5,9,3
2015.0,73.0,0.0,0.0,3,6,0,0,0,0,0,5,1,1,0,1,5,1,1,21,3,4,0,0,0,2,1,0,4,5,5,8,1
2015.0,460.0,2.0,0.0,3,6,3,0,0,0,1,9,1,1,0,0,9,1,1,7,4,4,0,1,0,1,0,0,6,7,5,8,3
2015.0,330.0,0.0,0.0,3,4,3,0,0,0,1,2,1,1,0,1,9,1,1,12,4,4,0,0,0,0,0,0,0,2,5,3,9
2015.0,-250.0,0.0,0.0,3,10,3,0,0,0,1,2,1,1,0,0,2,1,1,14,4,4,0,0,0,1,0,0,6,5,5,5,5
2015.0,-90.0,1.0,0.0,2,6,3,0,0,0,1,5,1,1,0,0,5,1,1,15,4,4,0,0,0,2,1,0,6,7,5,8,3
2015.0,-200.0,0.0,0.0,3,10,3,0,0,0,0,5,1,1,0,1,5,1,1,16,4,4,0,1,0,2,0,0,6,9,5,3,2
2015.0,-16.0,1.0,0.0,2,5,3,0,0,0,0,2,1,1,3,1,1,1,1,17,4,4,0,1,0,1,1,0,4,2,5,7,3
2015.0,-785.0,0.0,0.0,3,10,0,0,0,0,2,9,1,1,0,0,9,1,1,19,4,4,0,1,0,0,2,0,6,9,9,2,2
2015.0,35.0,0.0,0.0,3,6,0,0,0,0,0,2,1,1,0,0,2,1,1,20,4,4,0,0,0,2,1,0,6,7,5,8,3
2015.0,0.0,0.0,0.0,3,4,0,0,0,0,1,5,1,1,0,1,1,1,1,22,4,4,0,0,0,2,2,0,4,2,5,3,9
2015.0,0.0,0.0,0.0,3,4,0,0,0,0,1,2,1,1,0,0,5,1,1,21,5,4,1,0,0,1,1,0,2,7,5,9,3
2015.0,442.0,0.0,0.0,3,4,0,0,0,0,1,5,1,1,0,1,2,1,1,21,5,4,1,0,0,1,1,0,6,4,5,3,9
2015.0,0.0,0.0,0.0,3,6,1,0,0,0,1,5,1,1,0,1,5,1,1,20,6,4,1,0,0,1,1,0,4,1,5,3,3
2015.0,0.0,0.0,0.0,3,4,0,0,0,0,0,5,1,1,0,1,2,1,1,23,6,4,1,0,0,2,1,0,2,2,5,9,3
2015.0,0.0,0.0,0.0,3,1,0,0,0,0,0,2,1,1,0,1,9,1,1,23,6,4,1,0,0,1,0,0,2,5,5,3,3
2015.0,0.0,0.0,0.0,3,10,3,0,0,0,1,1,1,1,0,1,1,1,1,6,0,4,0,0,0,1,1,0,2,4,5,9,9
2015.0,-460.0,0.0,0.0,3,6,3,0,0,0,2,1,1,1,0,1,1,1,1,6,0,4,0,0,0,0,1,0,6,7,5,9,3
2015.0,0.0,0.0,0.0,3,4,3,0,0,0,1,1,1,1,0,1,9,1,1,8,0,4,0,1,0,2,1,0,4,2,5,3,9
2015.0,-100.0,0.0,0.0,3,6,3,0,0,0,1,2,1,1,0,0,2,1,1,13,0,4,0,0,0,2,0,0,4,7,5,8,3
2015.0,117.0,1.0,0.0,2,5,3,0,0,2,0,5,1,1,0,0,9,1,1,14,0,4,0,0,0,2,2,0,0,9,5,9,3
2015.0,100.0,0.0,0.0,3,6,3,0,0,0,0,2,1,1,0,0,2,1,1,15,0,4,0,0,0,1,0,0,6,7,5,8,3
2015.0,200.0,0.0,0.0,3,6,3,0,0,0,0,5,1,1,0,1,5,1,1,16,0,4,0,1,0,2,1,0,6,7,5,8,3
2015.0,0.0,0.0,0.0,3,4,3,0,0,0,0,4,1,1,0,0,5,1,1,17,0,4,0,1,0,2,2,0,4,2,5,3,9
2015.0,123.0,1.0,0.0,2,6,3,0,0,0,1,5,1,1,0,1,5,1,1,17,0,4,0,1,0,2,1,0,6,7,5,8,3
2015.0,-285.0,1.0,0.0,3,6,0,0,0,0,1,1,1,1,0,0,1,1,1,20,0,4,0,0,0,2,2,0,6,7,5,8,3
2015.0,110.0,0.0,0.0,3,6,3,0,0,0,0,9,1,1,0,0,9,1,1,7,1,4,0,1,0,1,1,0,4,7,5,3,3
2015.0,75.0,0.0,0.0,3,6,3,0,0,0,0,9,1,1,0,0,9,1,1,7,1,4,0,1,0,1,1,0,4,7,5,8,3
2015.0,200.0,0.0,0.0,3,6,3,0,0,0,0,9,1,1,0,0,9,1,1,8,1,4,0,1,0,1,1,0,6,7,5,3,3
2015.0,0.0,3.0,0.0,3,4,3,0,0,0,0,7,1,1,0,1,1,1,1,8,1,4,0,1,0,1,2,0,4,2,5,3,9
2015.0,0.0,0.0,0.0,3,1,3,0,0,0,2,9,1,1,0,0,1,1,1,9,1,4,0,1,0,0,0,0,4,2,5,9,3
2015.0,165.0,0.0,1.0,0,5,3,0,0,0,1,5,1,1,0,1,2,1,1,11,1,4,0,0,0,2,1,0,0,4,5,3,9
2015.0,-111.0,0.0,0.0,3,6,3,0,0,0,0,1,1,1,0,1,1,1,1,14,1,4,0,0,0,1,1,0,6,7,5,8,3
2015.0,245.0,1.0,0.0,3,4,3,0,0,0,1,7,1,1,0,1,2,1,1,14,1,4,0,0,0,2,1,0,6,2,5,3,9
2015.0,425.0,0.0,0.0,3,6,3,0,0,0,0,2,1,1,0,1,2,1,1,16,1,4,0,1,0,2,1,0,6,7,5,8,3
2015.0,-100.0,1.0,0.0,2,6,3,0,0,0,1,1,1,1,0,0,1,1,1,16,1,4,0,1,0,2,2,0,6,7,5,8,3
2015.0,-20.0,0.0,0.0,3,10,3,0,0,0,1,1,1,1,0,0,1,1,1,17,1,4,0,1,0,1,1,0,4,9,5,8,3
2015.0,481.0,0.0,0.0,3,6,3,0,0,0,1,1,1,1,0,0,1,1,1,17,1,4,0,1,0,2,1,0,6,7,5,3,3
2015.0,-365.0,0.0,0.0,3,10,3,0,0,0,1,2,1,1,0,0,2,1,1,17,1,4,0,1,0,2,2,0,6,9,5,3,2
2015.0,0.0,2.0,0.0,2,4,3,0,0,0,1,9,1,1,0,1,3,1,1,17,1,4,0,1,0,2,1,0,2,2,5,9,3
2015.0,0.0,0.0,0.0,3,4,3,0,0,0,0,1,1,1,0,1,5,1,1,17,1,4,0,1,0,2,2,0,4,7,5,3,9
2015.0,-30.0,0.0,0.0,3,6,4,0,0,0,1,2,1,1,0,0,2,1,1,18,1,4,0,1,0,2,2,0,4,5,7,3,3
2015.0,0.0,1.0,0.0,2,4,0,0,0,0,0,4,1,1,0,0,5,1,1,20,1,4,0,0,0,1,2,0,4,2,5,3,9
2015.0,0.0,0.0,0.0,3,4,0,0,0,0,1,5,1,1,0,1,4,1,1,23,1,4,0,0,0,0,1,0,2,5,5,9,3
2015.0,20.0,1.0,0.0,3,6,0,0,0,0,1,9,0,0,0,1,9,1,1,1,2,4,0,0,0,1,1,0,4,7,5,8,3
2015.0,0.0,0.0,0.0,3,4,0,0,0,0,1,3,1,1,0,0,9,1,1,1,2,4,0,0,0,1,2,0,4,4,5,3,9
2015.0,0.0,1.0,0.0,3,4,3,0,0,0,1,5,1,1,0,0,9,1,1,7,2,4,0,1,0,2,1,0,4,2,5,3,9
2015.0,-60.0,0.0,0.0,3,6,3,0,0,0,1,1,0,1,0,1,1,1,1,7,2,4,0,1,0,1,1,0,4,7,5,8,3
2015.0,0.0,0.0,0.0,3,3,3,0,0,0,0,1,1,1,0,1,1,1,1,8,2,4,0,1,0,1,1,0,2,4,5,9,9
2015.0,-184.0,0.0,0.0,3,1,3,0,0,0,0,9,1,1,0,1,9,1,1,8,2,4,0,1,0,2,1,0,6,4,5,3,9
2015.0,400.0,0.0,0.0,3,12,0,0,3,0,2,8,1,1,0,1,8,1,1,9,2,4,0,1,0,0,1,0,6,5,5,6,5
2015.0,-477.0,2.0,0.0,2,4,3,0,0,0,0,5,1,1,0,0,2,1,1,9,2,4,0,1,0,1,1,0,0,2,2,9,9
2015.0,57.0,1.0,0.0,3,6,3,0,0,0,1,5,1,1,0,0,5,1,1,10,2,4,0,0,0,2,1,0,2,8,5,8,8
2015.0,75.0,0.0,0.0,3,10,3,0,0,0,1,1,1,1,0,0,1,1,1,11,2,4,0,0,0,1,1,0,4,4,5,3,9
2015.0,-335.0,0.0,0.0,3,6,3,0,0,0,2,5,1,1,1,1,5,1,1,12,2,4,0,0,0,0,1,0,6,8,5,6,3
2015.0,377.0,0.0,0.0,3,6,3,0,0,0,1,5,1,1,0,0,5,1,1,12,2,4,0,0,0,2,2,0,6,8,5,8,3
2015.0,-90.0,2.0,0.0,2,9,3,0,0,0,0,2,1,1,0,1,5,1,1,13,2,4,0,0,0,2,1,0,4,9,5,3,0
2015.0,-450.0,0.0,0.0,3,10,3,0,0,0,2,5,1,1,0,0,5,1,1,14,2,4,0,0,0,0,2,0,6,9,5,3,2
2015.0,155.0,0.0,0.0,3,4,3,0,0,0,0,9,1,1,0,1,5,1,1,15,2,4,0,0,0,2,0,0,0,2,5,8,9
2015.0,-550.0,6.0,0.0,2,6,3,0,0,0,0,1,1,1,0,0,1,1,1,16,2,4,0,1,0,2,1,0,6,7,5,8,3
2015.0,0.0,0.0,0.0,3,4,3,0,0,0,0,1,1,1,0,1,5,1,1,16,2,4,0,1,0,1,2,0,4,2,5,3,9
2015.0,-284.0,0.0,0.0,3,10,3,0,0,0,1,9,1,1,0,1,9,1,1,17,2,4,0,1,0,1,2,0,6,9,5,3,3
2015.0,0.0,1.0,0.0,2,6,3,0,0,0,2,5,1,1,0,1,5,1,1,17,2,4,0,1,0,0,1,0,4,7,5,8,3
2015.0,0.0,0.0,0.0,3,4,0,0,0,0,1,2,1,1,0,1,6,1,1,22,2,4,0,0,0,2,2,0,2,2,5,9,3
2015.0,0.0,0.0,0.0,3,4,3,0,0,0,1,9,1,1,0,1,1,1,1,7,3,4,0,1,0,1,1,0,4,2,5,3,9
2015.0,-200.0,0.0,0.0,3,10,3,0,0,0,0,1,1,1,0,1,1,1,1,7,3,4,0,1,0,2,2,0,6,5,5,3,3
2015.0,-449.0,0.0,0.0,3,1,3,0,0,0,0,6,1,1,0,0,2,1,1,7,3,4,0,1,0,2,0,0,6,2,5,3,9
2015.0,-200.0,0.0,0.0,3,6,3,0,0,0,1,5,1,1,1,1,5,1,1,9,3,4,0,1,0,1,1,0,6,7,5,8,3
2015.0,0.0,0.0,0.0,3,4,3,0,0,0,1,1,1,1,0,1,5,1,1,10,3,4,0,0,0,2,1,0,4,2,5,3,9
2015.0,-217.0,1.0,0.0,3,4,3,0,0,0,1,2,1,1,0,0,1,1,1,11,3,4,0,0,0,0,1,0,6,2,5,3,9
2015.0,150.0,1.0,0.0,2,5,3,0,0,2,1,1,1,1,0,0,5,1,1,12,3,4,0,0,0,1,0,0,0,9,5,3,3
2015.0,20.0,1.0,0.0,2,5,3,0,0,0,0,1,1,1,2,0,1,1,1,12,3,4,0,0,0,1,2,0,6,9,5,3,3
2015.0,800.0,2.0,0.0,2,6,3,0,0,0,0,2,1,1,0,0,2,1,1,13,3,4,0,0,0,2,1,0,6,7,5,8,3
2015.0,158.0,0.0,0.0,3,6,3,0,0,0,1,2,1,1,0,0,2,1,1,13,3,4,0,0,0,1,2,0,6,7,5,8,3
2015.0,400.0,0.0,0.0,3,1,3,0,0,0,0,5,1,1,0,1,9,1,1,14,3,4,0,0,0,1,1,0,6,2,5,3,9
2015.0,0.0,0.0,0.0,3,4,3,0,0,0,0,9,1,1,0,0,1,1,1,15,3,4,0,0,0,1,2,0,4,2,5,3,9
2015.0,1000.0,1.0,0.0,2,1,3,0,0,0,1,9,1,1,0,1,2,1,1,16,3,4,0,1,0,2,1,0,0,2,5,3,9
2015.0,-100.0,0.0,0.0,3,6,4,0,0,0,0,1,1,1,0,0,1,1,1,17,3,4,0,1,0,1,2,0,4,7,5,8,8
2015.0,95.0,1.0,0.0,2,6,3,0,0,0,1,5,1,1,0,0,5,1,1,18,3,4,0,1,0,2,1,0,4,7,5,8,3
2015.0,261.0,0.0,0.0,3,1,3,0,0,0,2,9,1,1,0,0,2,1,1,18,3,4,0,1,0,0,1,0,6,2,5,3,5
2015.0,-394.0,0.0,0.0,3,6,3,1,4,0,0,5,1,1,0,0,5,1,1,8,4,4,0,1,1,2,1,0,6,7,5,8,3
2015.0,89.0,0.0,0.0,3,6,3,0,0,0,1,9,1,1,0,1,9,1,1,10,4,4,0,0,0,1,1,0,4,7,5,8,3
2015.0,-71.0,1.0,0.0,3,6,3,3,4,0,1,2,1,1,0,0,2,1,1,10,4,4,0,0,1,2,2,0,4,7,5,8,3
2015.0,0.0,0.0,0.0,3,1,3,3,4,0,1,3,1,1,0,0,1,1,1,12,4,4,0,0,1,1,2,0,4,2,5,3,9
2015.0,-227.0,0.0,0.0,3,1,3,1,0,0,1,4,1,1,0,1,2,1,1,13,4,4,0,0,0,2,1,0,4,2,5,3,9
2015.0,42.0,0.0,0.0,3,5,3,3,4,0,1,7,1,1,0,1,1,1,1,13,4,4,0,0,1,2,1,0,4,5,5,3,9
2015.0,-24.0,1.0,0.0,3,6,3,0,0,0,1,5,1,1,0,0,5,1,1,16,4,4,0,1,0,1,1,0,6,7,5,8,3
2015.0,107.0,0.0,0.0,3,6,3,0,0,0,0,5,1,1,0,1,5,1,1,16,4,4,0,1,0,2,1,0,6,8,5,8,3
2015.0,0.0,0.0,0.0,3,4,3,0,0,0,1,2,1,1,0,0,1,1,1,16,4,4,0,1,0,1,1,0,2,2,5,3,9
2015.0,78.0,0.0,0.0,3,10,3,0,0,0,1,1,1,1,0,1,1,1,1,16,4,4,0,1,0,0,1,0,6,5,5,8,5
2015.0,201.0,0.0,0.0,3,6,3,0,0,0,1,1,1,1,0,1,1,1,1,17,4,4,0,1,0,1,2,0,6,8,5,8,3
2015.0,0.0,0.0,0.0,3,1,3,0,0,0,1,2,1,1,0,1,1,1,1,18,4,4,0,1,0,2,1,0,2,2,5,9,3
2015.0,-250.0,0.0,0.0,3,6,3,0,0,0,0,2,1,1,0,1,2,1,1,8,5,4,1,1,0,1,1,0,6,7,5,8,3
2015.0,254.0,0.0,0.0,3,6,3,0,0,0,1,5,0,1,0,1,5,1,1,9,5,4,1,1,0,1,1,0,4,7,5,8,3
2015.0,-100.0,0.0,0.0,3,6,3,0,0,0,2,5,1,1,0,0,5,1,1,11,5,4,1,0,0,0,1,0,6,5,5,3,3
2015.0,70.0,0.0,0.0,3,6,3,0,0,0,1,9,1,1,0,0,9,1,1,12,5,4,1,0,0,1,2,0,4,7,5,3,3
2015.0,0.0,0.0,0.0,3,4,3,1,0,0,1,9,1,1,0,1,1,1,1,13,5,4,1,0,0,0,2,0,4,2,5,3,9
2015.0,-45.0,0.0,0.0,3,6,3,0,0,0,0,1,1,1,0,1,1,1,1,15,5,4,1,0,0,2,2,0,6,7,5,8,3
2015.0,-82.0,0.0,0.0,3,6,3,0,0,1,1,1,1,1,0,1,1,1,1,17,5,4,1,1,0,0,1,0,2,7,5,8,1
2015.0,0.0,1.0,0.0,2,4,0,1,0,0,1,1,1,1,0,0,2,1,1,19,5,4,1,1,0,2,1,0,4,2,5,3,9
2015.0,50.0,0.0,0.0,3,6,0,0,0,0,2,9,1,1,0,0,9,1,1,22,5,4,1,0,0,0,2,0,4,7,5,3,3
2015.0,-30.0,0.0,0.0,3,6,0,3,4,0,1,2,1,1,0,1,2,1,1,0,6,4,1,0,1,2,1,0,4,5,5,3,1
2015.0,-65.0,1.0,0.0,2,6,3,1,0,0,1,1,1,1,0,1,1,1,1,13,6,4,1,0,0,1,1,0,4,5,5,8,8
2015.0,170.0,2.0,0.0,3,1,3,0,0,0,1,6,1,1,0,1,5,1,1,13,6,4,1,0,0,0,1,0,6,4,5,3,9
2015.0,80.0,0.0,0.0,3,6,3,0,0,0,0,5,1,1,0,1,5,1,1,13,6,4,1,0,0,2,2,0,4,7,5,8,3
2015.0,-20.0,0.0,0.0,3,10,3,0,0,0,0,1,1,1,0,1,5,1,1,8,0,4,0,1,0,1,1,0,4,7,5,8,9
2015.0,-95.0,0.0,0.0,3,10,3,0,0,0,1,1,1,1,0,1,1,1,1,9,0,4,0,1,0,1,1,0,6,5,5,8,3
2015.0,0.0,0.0,0.0,3,1,3,0,0,0,1,6,1,1,0,0,2,1,1,9,0,4,0,1,0,2,1,0,4,2,5,3,9
2015.0,0.0,2.0,0.0,3,6,3,0,0,0,1,1,1,1,0,1,1,1,1,12,0,4,0,0,0,1,2,0,2,0,5,8,3
2015.0,289.0,0.0,0.0,3,6,3,0,0,0,0,5,1,1,0,1,5,1,1,12,0,4,0,0,0,2,1,0,6,7,5,8,3
2015.0,170.0,0.0,0.0,3,10,3,0,0,0,1,9,1,1,0,1,9,1,1,13,0,4,0,0,0,1,1,0,6,5,5,5,5
2015.0,0.0,0.0,0.0,3,4,3,0,0,0,0,2,1,1,0,1,5,1,1,15,0,4,0,0,0,0,2,0,4,2,5,3,9
2015.0,-200.0,0.0,0.0,3,1,3,0,0,0,1,6,1,1,0,0,2,1,1,15,0,4,0,0,0,0,2,0,6,5,5,3,9
2015.0,0.0,0.0,0.0,3,4,3,0,0,0,0,9,1,1,0,1,1,1,1,15,0,4,0,0,0,1,1,0,2,2,5,3,9
2015.0,0.0,0.0,0.0,3,4,3,0,0,0,1,2,1,1,0,1,1,1,1,16,0,4,0,1,0,1,1,0,4,2,5,3,9
2015.0,-446.0,1.0,0.0,3,6,3,0,0,0,1,1,1,1,0,0,1,1,1,17,0,4,0,1,0,2,1,0,4,7,5,8,3
2015.0,404.0,0.0,0.0,3,1,3,0,0,0,0,5,1,1,0,0,5,1,1,17,0,4,0,1,0,1,2,0,6,9,5,3,2
2015.0,61.0,1.0,0.0,3,6,3,0,0,0,0,9,1,1,0,0,9,1,1,17,0,4,0,1,0,2,1,0,4,8,5,8,3
2015.0,-354.0,0.0,0.0,3,6,3,0,0,0,0,5,1,1,0,0,5,1,1,17,0,4,0,1,0,2,0,0,6,7,5,8,3
2015.0,528.0,0.0,0.0,3,6,3,0,0,0,0,1,1,1,0,0,1,1,1,18,0,4,0,1,0,2,2,0,6,7,5,8,3
2015.0,38.0,0.0,0.0,3,6,0,0,0,0,1,9,1,1,0,1,9,1,1,19,0,4,0,1,0,1,0,0,4,7,5,8,3