Year,Distance,Totalinjuries,Totalfatalities,Injuryseverity,Collisionmanner,Lightcondition,Weather,SurfaceCondition,Unittype_One,Gender_Drv1,Traveldirection_One,AlcoholUse_Drv1,DrugUse_Drv1,Unittype_Two,Gender_Drv2,Traveldirection_Two,AlcoholUse_Drv2,DrugUse_Drv2,Hour,Weekday,Month,Weekend,Rush_Hour,Hazardous_Road,Age_Group_Drv1,Age_Group_Drv2,Substance_Use,Junction_Category,Violation_Category_Drv1,Violation_Category_Drv2,Unitaction_Category_Two,Unitaction_Category_One
2015.0,400.0,1.0,0.0,3,9,0,0,0,0,0,2,1,1,0,0,5,1,1,20,0,4,0,0,0,1,1,0,6,5,5,3,3
2015.0,113.0,0.0,0.0,3,6,0,0,0,0,1,9,1,1,0,0,9,1,1,20,0,4,0,0,0,1,2,0,4,7,5,8,3
2015.0,-480.0,2.0,0.0,3,6,3,0,0,0,0,2,1,1,0,0,2,1,1,7,1,4,0,1,0,0,0,0,6,7,5,8,3
2015.0,-250.0,0.0,0.0,3,10,3,0,0,0,0,5,1,1,0,1,5,1,1,7,1,4,0,1,0,1,1,0,6,9,5,3,2
2015.0,0.0,0.0,0.0,3,4,3,0,0,0,1,1,1,1,0,0,2,1,1,9,1,4,0,1,0,1,0,0,4,2,5,3,9
2015.0,-152.0,0.0,0.0,3,6,3,0,0,0,1,9,1,1,0,0,9,1,1,9,1,4,0,1,0,0,1,0,0,7,5,8,3
2015.0,-345.0,0.0,0.0,3,10,3,0,0,0,1,2,1,1,0,1,2,1,1,10,1,4,0,0,0,1,0,0,1,2,9,2,3
2015.0,190.0,0.0,0.0,3,1,3,0,0,0,0,9,1,1,0,0,9,1,1,10,1,4,0,0,0,1,2,0,4,9,5,3,2
2015.0,-40.0,0.0,0.0,3,6,3,0,0,0,1,2,1,1,0,1,2,1,1,12,1,4,0,0,0,2,1,0,4,7,5,8,3
2015.0,245.0,1.0,0.0,2,6,3,0,0,0,1,9,1,1,0,1,9,1,1,13,1,4,0,0,0,2,1,0,0,7,5,8,3
2015.0,27.0,1.0,0.0,3,4,3,0,0,0,0,2,1,1,0,1,5,1,1,15,1,4,0,0,0,1,1,0,4,2,5,3,9
2015.0,0.0,0.0,0.0,3,6,3,0,0,0,1,1,1,1,0,0,1,1,1,16,1,4,0,1,0,2,1,0,4,7,5,8,3
2015.0,750.0,1.0,0.0,3,6,3,0,0,0,0,5,1,1,0,0,5,1,1,17,1,4,0,1,0,1,1,0,6,7,5,3,3
2015.0,180.0,0.0,0.0,3,6,3,0,0,0,0,1,1,1,0,1,1,1,1,17,1,4,0,1,0,1,1,0,6,7,5,8,3
2015.0,-560.0,1.0,0.0,2,6,3,0,0,0,1,1,1,1,0,1,1,1,1,17,1,4,0,1,0,1,1,0,6,7,5,8,3
2015.0,0.0,3.0,0.0,2,4,3,0,0,0,0,1,1,1,0,1,9,1,1,18,1,4,0,1,0,2,1,0,2,2,5,9,3
2015.0,-30.0,0.0,0.0,3,6,0,0,0,0,1,5,1,1,1,1,5,1,1,0,2,4,0,0,0,2,1,0,4,2,5,3,9
2015.0,175.0,0.0,0.0,3,10,0,0,0,0,1,1,1,1,1,1,1,1,1,1,2,4,0,0,0,2,1,0,6,9,5,6,3
2015.0,25.0,0.0,0.0,3,1,3,0,0,0,1,5,1,1,0,0,5,1,1,7,2,4,0,1,0,1,1,0,4,5,5,8,9
2015.0,155.0,1.0,0.0,3,6,3,0,0,0,0,5,1,1,0,0,7,1,1,7,2,4,0,1,0,1,1,0,6,7,5,9,3
2015.0,-150.0,0.0,0.0,3,6,3,0,0,0,1,9,1,1,0,0,9,1,1,7,2,4,0,1,0,2,1,0,6,7,5,8,3
2015.0,40.0,0.0,0.0,3,10,3,0,0,0,1,9,1,1,0,0,9,1,1,8,2,4,0,1,0,0,1,0,4,7,5,8,3
2015.0,-188.0,2.0,0.0,3,6,3,0,0,0,0,9,1,1,0,0,9,1,1,8,2,4,0,1,0,1,1,0,6,7,5,8,3
2015.0,0.0,0.0,0.0,3,4,3,0,0,0,0,5,1,1,0,0,2,1,1,8,2,4,0,1,0,1,0,0,4,2,5,3,9
2015.0,-250.0,0.0,0.0,3,6,3,0,0,0,0,1,1,1,0,1,1,1,1,8,2,4,0,1,0,1,2,0,2,7,5,8,3
2015.0,-438.0,0.0,0.0,3,10,3,0,0,0,0,1,1,1,0,0,1,1,1,9,2,4,0,1,0,2,1,0,6,5,5,5,2
2015.0,0.0,0.0,0.0,3,4,3,0,0,0,0,4,1,1,0,1,5,1,1,10,2,4,0,0,0,1,2,0,4,5,5,3,9
2015.0,0.0,1.0,0.0,2,1,3,0,0,0,1,5,1,1,0,0,1,1,1,11,2,4,0,0,0,1,1,0,4,2,5,3,3
2015.0,0.0,0.0,0.0,3,4,3,0,0,0,1,2,1,1,0,1,5,1,1,12,2,4,0,0,0,2,1,0,4,4,5,3,9
2015.0,-30.0,0.0,0.0,3,6,3,0,0,0,1,1,1,1,0,1,1,1,1,13,2,4,0,0,0,2,1,0,4,8,5,8,8
2015.0,150.0,2.0,0.0,2,6,3,0,0,0,0,2,1,1,0,1,2,1,1,13,2,4,0,0,0,2,2,0,4,7,5,8,3
2015.0,-376.0,0.0,0.0,3,4,3,0,0,0,0,4,1,1,0,1,1,1,1,14,2,4,0,0,0,1,2,0,6,2,5,3,9
2015.0,115.0,0.0,0.0,3,4,3,0,0,0,0,5,1,1,0,1,2,1,1,16,2,4,0,1,0,2,1,0,0,2,5,3,9
2015.0,120.0,0.0,0.0,3,6,3,0,0,0,1,5,1,1,0,1,5,1,1,16,2,4,0,1,0,2,2,0,6,7,5,8,3
2015.0,135.0,2.0,0.0,2,4,3,0,0,0,1,2,1,1,0,1,1,1,1,17,2,4,0,1,0,1,1,0,0,2,5,3,9
2015.0,-210.0,1.0,0.0,3,4,3,0,0,0,1,5,1,1,0,1,2,1,1,18,2,4,0,1,0,1,1,0,6,2,2,9,9
2015.0,0.0,0.0,0.0,3,4,4,0,0,0,1,7,1,1,0,0,3,1,1,18,2,4,0,1,0,1,1,0,6,5,5,5,9
2015.0,0.0,0.0,0.0,3,10,0,0,0,0,0,2,1,1,0,1,2,1,1,20,2,4,0,0,0,2,2,0,6,9,5,3,2
2015.0,-170.0,1.0,0.0,3,5,3,0,0,2,1,9,1,1,0,1,2,1,1,7,3,4,0,1,0,1,1,0,6,9,5,5,3
2015.0,60.0,0.0,0.0,3,1,3,0,0,0,0,3,1,1,0,0,1,1,1,9,3,4,0,1,0,0,0,0,4,4,5,3,9
2015.0,-40.0,0.0,0.0,3,6,3,0,0,0,0,2,1,1,0,0,2,1,1,10,3,4,0,0,0,2,2,0,2,7,5,8,3
2015.0,82.0,0.0,0.0,3,6,3,0,0,0,0,5,1,1,0,1,5,1,1,11,3,4,0,0,0,2,1,0,6,8,5,8,8
2015.0,-417.0,1.0,0.0,3,6,3,0,0,0,0,9,1,1,0,1,9,1,1,12,3,4,0,0,0,1,1,0,6,7,5,8,3
2015.0,588.0,0.0,0.0,3,1,3,0,0,0,0,9,1,1,0,1,9,1,1,13,3,4,0,0,0,2,1,0,6,5,5,3,6
2015.0,175.0,0.0,0.0,3,6,3,0,0,0,1,2,1,1,0,1,2,1,1,13,3,4,0,0,0,0,0,0,6,7,5,8,3
2015.0,60.0,2.0,0.0,2,6,3,0,0,0,1,5,1,1,0,0,5,1,1,15,3,4,0,0,0,1,2,0,4,7,5,8,3
2015.0,-107.0,0.0,0.0,3,6,3,0,0,0,1,5,1,1,0,0,5,1,1,16,3,4,0,1,0,1,1,0,4,7,5,8,3
2015.0,-100.0,0.0,0.0,3,10,3,0,0,0,1,2,1,1,0,1,2,1,1,16,3,4,0,1,0,1,1,0,6,9,5,3,2
2015.0,0.0,0.0,0.0,3,4,3,0,0,0,1,5,1,1,0,1,1,1,1,16,3,4,0,1,0,2,1,0,2,2,5,3,9
2015.0,0.0,2.0,0.0,2,1,3,0,0,0,0,5,1,1,0,1,1,1,1,16,3,4,0,1,0,1,1,0,4,2,5,3,3
2015.0,0.0,0.0,0.0,3,4,3,0,0,0,0,1,1,1,0,1,9,1,1,17,3,4,0,1,0,1,1,0,4,2,5,3,9
2015.0,-475.0,0.0,0.0,3,4,3,0,0,0,1,2,1,1,0,0,9,1,1,17,3,4,0,1,0,1,1,0,0,2,5,3,9
2015.0,0.0,0.0,0.0,3,6,3,0,0,0,1,9,1,1,1,1,1,1,1,18,3,4,0,1,0,2,1,0,4,5,5,6,1
2015.0,-1286.0,1.0,0.0,3,4,0,0,0,0,1,9,0,1,0,1,1,1,1,22,3,4,0,0,0,1,1,0,6,2,5,3,9
2015.0,140.0,0.0,0.0,3,6,3,0,0,0,1,2,1,1,0,1,2,1,1,7,4,5,0,1,0,2,0,0,4,7,5,8,3
2015.0,-39.0,2.0,0.0,3,3,3,0,0,0,0,7,1,1,0,0,2,1,1,7,4,5,0,1,0,1,1,0,4,2,5,3,9
2015.0,-85.0,1.0,0.0,3,6,3,0,0,0,1,1,1,1,0,1,1,1,1,7,4,5,0,1,0,0,1,0,4,7,5,8,8
2015.0,-126.0,0.0,0.0,3,1,3,0,0,0,1,2,1,1,0,1,2,1,1,8,4,5,0,1,0,0,1,0,4,5,5,3,2
2015.0,26.0,1.0,0.0,3,5,3,0,0,2,1,5,1,1,0,1,9,1,1,8,4,5,0,1,0,2,1,0,4,5,5,9,3
2015.0,-630.0,0.0,0.0,3,6,3,0,0,0,0,5,1,1,0,1,5,1,1,8,4,5,0,1,0,2,1,0,6,7,5,8,3
2015.0,150.0,0.0,0.0,3,6,3,0,0,0,1,9,1,1,0,1,9,1,1,10,4,5,0,0,0,0,2,0,6,7,5,8,3
2015.0,-130.0,2.0,0.0,2,4,3,0,0,0,0,9,1,1,0,1,2,1,1,10,4,5,0,0,0,2,1,0,4,2,5,3,9
2015.0,-120.0,0.0,0.0,3,10,3,0,0,0,1,1,1,1,0,1,1,1,1,10,4,5,0,0,0,2,2,0,4,2,5,3,9
2015.0,90.0,0.0,0.0,3,6,3,0,0,0,0,9,1,1,0,0,9,1,1,10,4,5,0,0,0,2,0,0,4,7,5,8,3
2015.0,30.0,0.0,0.0,3,6,3,0,0,0,1,5,1,1,0,0,5,1,1,12,4,5,0,0,0,0,1,0,4,7,5,8,8
2015.0,0.0,0.0,0.0,3,1,3,0,0,0,1,9,1,1,0,1,5,1,1,13,4,5,0,0,0,1,1,0,4,2,5,3,3
2015.0,-24.0,0.0,0.0,3,6,3,0,0,0,1,1,1,1,0,0,1,1,1,13,4,5,0,0,0,1,1,0,4,7,5,8,3
2015.0,-100.0,0.0,0.0,3,6,3,0,0,0,0,1,1,1,0,0,1,1,1,13,4,5,0,0,0,2,1,0,6,7,5,8,8
2015.0,113.0,0.0,0.0,3,6,3,0,0,0,0,5,1,1,0,0,5,1,1,14,4,5,0,0,0,1,1,0,4,7,5,8,3
2015.0,100.0,0.0,0.0,3,10,3,0,0,0,1,9,1,1,0,1,9,1,1,15,4,5,0,0,0,1,2,0,6,2,5,3,6
2015.0,-14.0,0.0,0.0,3,6,3,0,0,0,0,1,1,1,0,1,1,1,1,15,4,5,0,0,0,2,1,0,4,7,5,8,3
2015.0,-50.0,0.0,0.0,3,6,3,0,0,0,1,9,1,1,0,1,5,1,1,15,4,5,0,0,0,0,1,0,4,5,5,8,1
2015.0,330.0,0.0,0.0,3,4,3,0,0,0,1,2,1,1,0,1,1,1,1,16,4,5,0,1,0,1,1,0,0,2,5,3,9
2015.0,45.0,0.0,0.0,3,6,3,0,0,0,0,5,1,1,0,1,5,1,1,16,4,5,0,1,0,1,1,0,4,7,5,8,3
2015.0,-75.0,0.0,0.0,3,6,3,0,0,0,0,5,1,1,0,0,5,1,1,17,4,5,0,1,0,2,1,0,6,7,5,8,3
2015.0,0.0,1.0,0.0,2,1,3,0,0,0,1,2,1,1,0,1,1,1,1,17,4,5,0,1,0,2,2,0,4,2,5,3,3
2015.0,57.0,0.0,0.0,3,5,0,0,0,0,1,5,1,1,0,1,5,1,1,19,4,5,0,1,0,1,1,0,4,5,5,8,1
2015.0,0.0,0.0,0.0,3,1,0,0,0,0,1,9,1,1,0,0,3,1,1,23,4,5,0,0,0,2,2,0,4,2,5,9,3
2015.0,-5.0,0.0,0.0,3,6,0,0,0,0,0,1,1,1,0,1,1,1,1,23,4,5,0,0,0,2,2,0,4,7,5,8,3
2015.0,-319.0,0.0,0.0,3,1,0,0,0,0,1,6,1,1,0,0,1,1,1,0,5,5,1,0,0,2,2,0,6,4,5,3,9
2015.0,0.0,0.0,0.0,3,10,3,0,0,0,1,9,1,1,0,1,9,1,1,14,5,5,1,0,0,2,0,0,4,9,9,9,9
2015.0,250.0,0.0,0.0,3,5,3,1,0,0,0,9,1,1,0,1,2,1,1,15,5,5,1,0,0,0,1,0,6,2,5,3,9
2015.0,0.0,0.0,0.0,3,4,3,0,0,0,1,9,1,1,0,0,5,1,1,16,5,5,1,1,0,2,1,0,4,2,5,3,9
2015.0,-200.0,1.0,0.0,3,6,3,0,0,0,0,1,1,1,0,0,1,1,1,17,5,5,1,1,0,2,1,0,6,7,5,8,3
2015.0,-200.0,1.0,0.0,3,4,3,0,0,0,0,5,1,1,0,1,9,1,1,18,5,5,1,1,0,0,1,0,0,4,5,3,9
2015.0,40.0,0.0,0.0,3,6,3,0,0,0,1,2,1,1,0,1,2,1,1,18,5,5,1,1,0,1,1,0,6,7,5,8,3
2015.0,0.0,0.0,0.0,3,6,3,0,0,0,2,7,1,1,0,1,7,1,1,19,5,5,1,1,0,0,2,0,2,7,5,8,3
2015.0,100.0,0.0,0.0,3,6,0,1,0,0,0,9,1,1,0,1,9,1,1,20,5,5,1,0,0,2,2,0,4,7,5,8,3
2015.0,-300.0,0.0,0.0,3,6,0,0,0,0,1,1,1,1,0,0,1,1,1,20,5,5,1,0,0,2,1,0,6,7,5,8,3
2015.0,-50.0,1.0,0.0,3,4,0,0,0,0,1,1,0,1,0,1,2,1,1,23,5,5,1,0,0,1,1,0,2,7,5,3,9
2015.0,-345.0,0.0,0.0,3,1,0,0,0,0,1,2,0,1,1,1,8,1,1,0,6,5,1,0,0,1,1,0,6,7,5,6,3
2015.0,-100.0,0.0,0.0,3,8,0,0,0,0,1,5,0,1,0,1,9,1,1,1,6,5,1,0,0,1,1,0,6,7,5,3,3
2015.0,100.0,1.0,0.0,3,6,0,0,0,0,2,5,1,1,0,1,5,1,1,1,6,5,1,0,0,0,1,0,4,5,5,3,3
2015.0,0.0,0.0,0.0,3,4,3,0,0,0,0,9,1,1,0,1,1,1,1,10,6,5,1,0,0,0,2,0,2,4,5,3,9
2015.0,-500.0,0.0,0.0,3,1,4,0,0,0,0,4,1,1,0,1,2,1,1,17,6,5,1,1,0,2,1,0,6,2,5,3,9
2015.0,0.0,0.0,0.0,3,1,4,0,0,0,1,5,1,1,0,0,1,1,1,18,6,5,1,1,0,1,2,0,4,2,5,3,3
2015.0,42.0,2.0,0.0,3,6,0,0,0,0,0,9,0,1,0,1,9,1,1,19,6,5,1,1,0,1,2,0,4,7,5,3,3
2015.0,0.0,3.0,0.0,2,1,0,1,0,0,0,7,1,1,0,1,1,1,1,20,6,5,1,0,0,0,1,0,4,5,5,3,9
2015.0,500.0,0.0,0.0,3,4,0,0,0,0,1,9,1,1,0,1,1,1,1,22,6,5,1,0,0,1,0,0,6,2,5,3,9
2015.0,0.0,2.0,0.0,2,4,3,0,0,0,0,9,1,1,0,1,5,1,1,7,0,5,0,1,0,2,1,0,4,2,5,3,9
2015.0,340.0,0.0,0.0,3,6,3,0,0,0,0,9,1,1,0,1,9,1,1,8,0,5,0,1,0,2,1,0,6,7,5,8,3
2015.0,100.0,0.0,0.0,3,10,3,0,0,0,2,5,1,1,0,0,5,1,1,11,0,5,0,0,0,0,0,0,6,5,5,3,3
2015.0,-100.0,0.0,0.0,3,6,3,0,0,0,0,1,1,1,0,1,1,1,1,13,0,5,0,0,0,0,1,0,2,7,5,8,3
2015.0,-28.0,0.0,0.0,3,6,3,0,0,0,1,5,1,1,0,1,5,1,1,14,0,5,0,0,0,1,1,0,6,7,5,8,3
2015.0,220.0,0.0,0.0,3,6,3,1,0,0,1,2,1,1,0,0,2,1,1,14,0,5,0,0,0,2,1,0,6,7,5,8,3
2015.0,180.0,0.0,0.0,3,5,3,3,4,0,1,5,1,1,0,0,2,1,1,15,0,5,0,0,1,1,1,0,0,2,5,3,1
2015.0,42.0,0.0,0.0,3,6,3,3,0,0,2,5,1,1,0,1,5,1,1,15,0,5,0,0,0,0,1,0,4,7,5,8,3
2015.0,0.0,2.0,0.0,1,4,3,1,0,0,1,9,1,1,0,0,1,1,1,15,0,5,0,0,0,2,2,0,4,4,5,3,9
2015.0,165.0,0.0,0.0,3,6,3,0,4,0,1,5,1,1,0,1,5,1,1,16,0,5,0,1,1,1,0,0,6,8,5,8,3
2015.0,-100.0,0.0,0.0,3,6,3,0,0,0,0,9,1,1,0,0,9,1,1,16,0,5,0,1,0,2,2,0,6,7,5,8,3
2015.0,-205.0,1.0,0.0,2,1,3,0,0,0,0,9,1,1,0,1,2,1,1,16,0,5,0,1,0,2,2,0,6,4,5,3,9
2015.0,0.0,0.0,0.0,3,10,3,0,0,0,2,3,1,1,0,1,3,1,1,18,0,5,0,1,0,0,1,0,2,9,5,9,9
2015.0,0.0,0.0,0.0,3,1,0,0,0,0,1,5,1,1,0,1,5,1,1,19,0,5,0,1,0,2,1,0,4,2,5,3,9
2015.0,67.0,0.0,0.0,3,6,0,0,0,0,1,5,1,1,0,1,5,1,1,0,1,5,0,0,0,2,2,0,4,5,5,8,8
2015.0,470.0,0.0,0.0,3,10,3,0,0,0,0,5,1,1,0,0,5,1,1,8,1,5,0,1,0,1,1,0,6,7,5,3,5
2015.0,1175.0,0.0,0.0,3,6,3,0,0,0,1,1,1,0,0,1,1,1,1,10,1,5,0,0,0,1,1,0,0,7,5,8,3
2015.0,-28.0,2.0,0.0,3,6,3,0,0,0,1,1,1,1,0,0,1,1,1,14,1,5,0,0,0,1,1,0,6,7,5,8,3
2015.0,96.0,0.0,0.0,3,6,3,0,0,0,0,1,1,1,0,0,1,1,1,16,1,5,0,1,0,1,1,0,4,7,5,3,3
2015.0,15.0,0.0,0.0,3,3,3,0,0,0,1,3,1,1,0,1,5,1,1,17,1,5,0,1,0,2,2,0,4,7,5,8,9
2015.0,-50.0,0.0,0.0,3,6,3,0,0,0,1,1,1,1,0,0,1,1,1,17,1,5,0,1,0,1,1,0,6,7,5,8,3
2015.0,-200.0,0.0,0.0,3,6,3,0,0,0,1,9,1,1,0,1,9,1,1,17,1,5,0,1,0,2,2,0,6,8,5,8,3
2015.0,-30.0,0.0,0.0,3,6,0,1,0,0,0,2,0,0,0,1,2,1,1,20,1,5,0,0,0,2,1,0,4,7,5,3,3
2015.0,-20.0,0.0,0.0,3,6,0,0,0,0,1,1,1,1,0,1,1,1,1,20,1,5,0,0,0,2,1,0,4,7,5,8,3
2015.0,0.0,0.0,0.0,3,1,0,0,0,0,0,5,1,1,0,1,9,1,1,23,1,5,0,0,0,2,0,0,4,7,5,9,3
2015.0,-586.0,4.0,0.0,3,1,3,0,0,0,1,9,1,1,0,0,2,1,1,8,2,5,0,1,0,1,2,0,6,2,5,3,5
2015.0,-150.0,0.0,0.0,3,1,3,0,0,0,1,4,1,1,0,1,9,1,1,12,2,5,0,0,0,2,0,0,0,2,5,3,9
2015.0,-60.0,2.0,0.0,2,6,3,0,0,0,1,9,1,1,0,0,9,1,1,13,2,5,0,0,0,2,2,0,4,7,7,3,3
2015.0,-200.0,0.0,0.0,3,10,3,0,0,0,1,2,1,1,0,0,2,1,1,14,2,5,0,0,0,1,1,0,6,5,5,3,3
2015.0,-40.0,0.0,0.0,3,6,3,0,0,0,2,1,1,1,0,0,1,1,1,15,2,5,0,0,0,0,1,0,4,7,5,8,3
2015.0,0.0,0.0,0.0,3,4,3,0,0,0,1,1,1,1,0,1,5,1,1,15,2,5,0,0,0,1,1,0,4,2,5,3,9
2015.0,100.0,0.0,0.0,3,6,3,0,0,0,1,5,1,1,0,0,5,1,1,16,2,5,0,1,0,2,1,0,6,7,5,8,3
2015.0,0.0,0.0,0.0,3,6,3,0,0,0,1,1,1,1,0,0,1,1,1,16,2,5,0,1,0,0,2,0,6,7,5,8,3
2015.0,-40.0,0.0,0.0,3,6,3,1,0,0,0,1,1,1,0,0,6,1,1,16,2,5,0,1,0,1,1,0,4,7,5,9,3
2015.0,0.0,0.0,0.0,3,6,3,0,0,0,1,2,1,1,0,1,2,1,1,17,2,5,0,1,0,1,1,0,4,7,5,8,3
2015.0,-125.0,0.0,0.0,3,1,3,0,0,0,0,9,1,1,0,1,2,1,1,17,2,5,0,1,0,1,2,0,0,4,5,3,9
2015.0,20.0,1.0,0.0,1,5,4,0,0,0,0,4,1,1,3,0,1,1,1,18,2,5,0,1,0,1,0,0,2,2,5,7,9
2015.0,100.0,0.0,0.0,3,6,0,0,0,0,0,5,1,1,0,0,5,1,1,21,2,5,0,0,0,1,1,0,2,8,5,3,3
2015.0,215.0,0.0,0.0,3,6,3,0,0,0,1,5,1,1,0,1,5,1,1,5,3,5,0,0,0,2,1,0,4,7,5,8,3
2015.0,-150.0,0.0,0.0,3,10,3,0,0,0,0,2,1,1,0,0,2,1,1,8,3,5,0,1,0,1,1,0,6,5,5,3,3
2015.0,0.0,1.0,0.0,3,1,3,0,0,0,1,5,1,1,0,1,9,1,1,8,3,5,0,1,0,2,1,0,4,2,5,3,9
2015.0,-125.0,0.0,0.0,3,4,3,0,0,0,0,6,1,1,0,1,1,1,1,9,3,5,0,1,0,2,1,0,6,2,5,8,9
2015.0,0.0,0.0,0.0,3,4,3,0,0,0,1,9,1,1,0,1,1,1,1,14,3,5,0,0,0,0,1,0,4,2,5,3,9
2015.0,-76.0,0.0,0.0,3,6,3,0,0,0,1,2,1,1,0,0,2,1,1,15,3,5,0,0,0,1,0,0,2,7,5,3,3
2015.0,-745.0,0.0,0.0,3,6,3,0,0,0,1,1,1,1,0,0,1,1,1,15,3,5,0,0,0,2,1,0,6,7,5,8,3
2015.0,186.0,2.0,0.0,2,1,3,0,0,0,1,1,1,1,0,1,9,1,1,16,3,5,0,1,0,1,0,0,6,7,5,3,3
2015.0,40.0,0.0,0.0,3,6,3,0,0,0,0,5,1,1,0,1,5,1,1,17,3,5,0,1,0,1,2,0,6,7,8,8,3
2015.0,0.0,0.0,0.0,3,4,3,0,0,0,0,1,1,1,0,0,9,1,1,17,3,5,0,1,0,2,1,0,4,2,5,3,9
2015.0,100.0,0.0,0.0,3,6,3,0,0,0,0,2,1,1,0,1,2,1,1,17,3,5,0,1,0,1,1,0,6,7,5,8,3
2015.0,0.0,0.0,0.0,3,4,3,0,0,0,0,7,1,1,0,0,1,1,1,17,3,5,0,1,0,1,2,0,6,2,5,3,9
2015.0,-100.0,0.0,0.0,3,6,3,0,0,0,1,1,1,1,0,0,1,1,1,17,3,5,0,1,0,2,1,0,4,7,5,8,3
2015.0,200.0,1.0,0.0,2,5,3,0,0,0,1,1,1,1,2,0,1,1,1,17,3,5,0,1,0,1,1,0,6,7,5,3,3
2015.0,495.0,2.0,0.0,3,4,0,0,0,0,1,2,0,1,0,1,5,1,1,1,4,5,0,0,0,1,2,0,6,2,5,3,9
2015.0,92.0,0.0,0.0,3,6,3,0,0,0,0,9,1,1,0,1,9,1,1,7,4,5,0,1,0,1,1,0,4,7,5,8,3
2015.0,100.0,0.0,0.0,3,6,3,0,0,0,1,1,1,1,0,1,9,1,1,7,4,5,0,1,0,1,2,0,4,5,5,8,1
2015.0,270.0,1.0,0.0,3,6,3,0,0,0,0,9,1,1,0,0,9,1,1,9,4,5,0,1,0,2,1,0,6,7,5,8,3
2015.0,30.0,1.0,0.0,3,6,3,0,0,0,2,9,1,1,0,0,9,1,1,10,4,5,0,0,0,0,1,0,2,7,5,3,3
2015.0,125.0,0.0,0.0,3,4,3,0,0,0,1,7,1,1,0,1,2,1,1,12,4,5,0,0,0,0,1,0,0,2,5,3,9
2015.0,195.0,0.0,0.0,3,6,3,0,0,0,1,5,1,1,0,1,5,1,1,12,4,5,0,0,0,0,1,0,6,7,5,8,3
2015.0,-100.0,0.0,0.0,3,6,3,1,0,0,0,1,1,1,0,1,1,1,1,13,4,5,0,0,0,2,2,0,6,7,5,8,3
2015.0,20.0,0.0,0.0,3,6,3,1,4,0,1,1,1,1,0,1,1,1,1,13,4,5,0,0,1,1,2,0,6,7,5,8,3
2015.0,137.0,1.0,0.0,3,6,3,1,0,0,0,9,1,1,0,0,9,1,1,14,4,5,0,0,0,1,2,0,6,7,5,8,3
2015.0,0.0,0.0,0.0,3,10,3,0,0,0,0,7,1,1,0,1,7,1,1,16,4,5,0,1,0,1,1,0,4,4,5,9,9
2015.0,-101.0,0.0,0.0,3,6,3,0,0,0,0,1,1,1,0,1,1,1,1,16,4,5,0,1,0,2,1,0,2,7,5,8,3
2015.0,-450.0,0.0,0.0,3,6,3,0,0,0,0,1,1,1,0,1,1,1,1,16,4,5,0,1,0,2,1,0,6,8,5,8,3
2015.0,0.0,0.0,0.0,3,10,0,0,0,0,0,1,1,1,0,1,1,1,1,20,4,5,0,0,0,1,1,0,2,5,5,9,9
2015.0,-50.0,0.0,0.0,3,12,2,0,0,1,1,8,1,1,1,1,9,1,1,4,5,5,1,0,0,0,1,0,6,7,5,6,5
2015.0,0.0,0.0,0.0,3,6,3,0,3,1,1,1,1,1,0,0,1,1,1,12,5,5,1,0,0,0,1,0,6,7,5,8,3
2015.0,-144.0,0.0,0.0,3,7,3,0,0,0,0,5,1,1,0,0,5,1,1,13,5,5,1,0,0,1,1,0,6,7,5,3,3
2015.0,400.0,0.0,0.0,3,4,3,0,0,0,1,7,1,1,0,0,1,1,1,13,5,5,1,0,0,1,2,0,6,2,5,9,9
2015.0,35.0,0.0,0.0,3,6,3,0,0,0,1,9,1,1,0,1,9,1,1,13,5,5,1,0,0,1,1,0,6,7,5,8,3
2015.0,-540.0,0.0,0.0,3,1,3,0,0,0,1,5,1,1,0,1,9,1,1,18,5,5,1,1,0,2,1,0,6,2,5,3,9
2015.0,-32.0,0.0,0.0,3,1,3,0,0,0,0,9,1,1,0,1,2,1,1,18,5,5,1,1,0,0,1,0,4,2,5,3,3
2015.0,-40.0,0.0,0.0,3,6,4,0,0,0,0,5,0,1,1,1,5,1,1,19,5,5,1,1,0,2,1,0,4,7,5,6,3
2015.0,-183.0,0.0,0.0,3,1,0,0,0,0,0,1,1,1,0,0,1,1,1,22,5,5,1,0,0,2,2,0,6,7,5,9,3
2015.0,0.0,0.0,0.0,3,4,3,0,0,0,0,5,1,1,0,1,1,1,1,7,6,5,1,1,0,2,1,0,6,2,5,3,9
2015.0,58.0,0.0,0.0,3,1,3,0,0,0,1,9,1,1,0,1,2,1,1,8,6,5,1,1,0,1,2,0,2,5,5,3,9
2015.0,-163.0,0.0,0.0,3,4,3,0,0,0,1,6,1,1,0,0,2,1,1,11,6,5,1,0,0,0,0,0,6,4,5,3,9
2015.0,0.0,0.0,0.0,3,4,3,0,0,0,1,5,1,1,0,0,1,1,1,11,6,5,1,0,0,1,1,0,2,2,5,9,3
2015.0,0.0,0.0,0.0,3,4,3,0,0,0,1,9,1,1,0,1,2,1,1,12,6,5,1,0,0,1,0,0,2,2,5,9,3
2015.0,0.0,1.0,0.0,3,1,3,0,0,0,1,9,1,1,0,1,5,1,1,9,0,5,0,1,0,2,2,0,4,2,5,3,3
2015.0,0.0,1.0,0.0,3,12,3,0,0,0,0,2,1,1,0,1,2,1,1,13,0,5,0,0,0,2,1,0,2,5,5,5,5
2015.0,141.0,0.0,0.0,3,6,3,0,0,0,1,1,1,1,0,1,1,1,1,13,0,5,0,0,0,1,1,0,6,7,5,8,3