Year,Distance,Totalinjuries,Totalfatalities,Injuryseverity,Collisionmanner,Lightcondition,Weather,SurfaceCondition,Unittype_One,Gender_Drv1,Traveldirection_One,AlcoholUse_Drv1,DrugUse_Drv1,Unittype_Two,Gender_Drv2,Traveldirection_Two,AlcoholUse_Drv2,DrugUse_Drv2,Hour,Weekday,Month,Weekend,Rush_Hour,Hazardous_Road,Age_Group_Drv1,Age_Group_Drv2,Substance_Use,Junction_Category,Violation_Category_Drv1,Violation_Category_Drv2,Unitaction_Category_Two,Unitaction_Category_One
2015.0,0.0,0.0,0.0,3,4,3,0,0,0,0,1,1,1,0,0,9,1,1,15,0,5,0,0,0,1,2,0,4,2,5,3,9
2015.0,-120.0,0.0,0.0,3,6,3,0,0,0,1,2,1,1,0,1,2,1,1,16,0,5,0,1,0,2,2,0,6,7,5,8,3
2015.0,-220.0,0.0,0.0,3,6,3,0,0,0,1,1,1,1,0,0,1,1,1,17,0,5,0,1,0,1,2,0,6,7,5,8,3
2015.0,68.0,0.0,0.0,3,6,3,0,0,0,1,5,1,1,0,1,5,1,1,18,0,5,0,1,0,1,1,0,4,7,5,8,3
2015.0,370.0,0.0,0.0,3,4,0,0,0,0,0,9,1,1,0,0,2,1,1,20,0,5,0,0,0,1,1,0,6,4,5,3,9
2015.0,76.0,0.0,0.0,3,6,3,0,0,0,1,9,1,1,0,1,9,1,1,20,0,5,0,0,0,2,1,0,2,8,5,8,3
2015.0,220.0,0.0,0.0,3,1,3,0,0,0,0,9,1,1,0,0,9,1,1,6,1,5,0,0,0,1,1,0,6,9,5,3,2
2015.0,-174.0,0.0,0.0,3,1,3,0,0,0,1,9,1,1,0,0,2,1,1,7,1,5,0,1,0,1,0,0,6,2,5,3,9
2015.0,-200.0,0.0,0.0,3,10,3,0,0,0,1,2,1,1,0,0,2,1,1,8,1,5,0,1,0,1,1,0,6,5,5,3,2
2015.0,-268.0,1.0,0.0,3,6,3,0,0,0,1,2,1,1,0,0,2,1,1,8,1,5,0,1,0,1,1,0,4,7,5,8,8
2015.0,-50.0,0.0,0.0,3,6,3,0,0,0,1,1,1,1,0,0,1,1,1,8,1,5,0,1,0,1,0,0,4,7,5,8,3
2015.0,60.0,0.0,0.0,3,10,3,0,0,0,1,5,1,1,0,0,5,1,1,9,1,5,0,1,0,0,1,0,4,5,5,9,3
2015.0,80.0,0.0,0.0,3,6,3,0,0,0,1,9,1,1,0,1,9,1,1,9,1,5,0,1,0,1,2,0,6,8,5,8,3
2015.0,0.0,2.0,0.0,1,4,3,0,0,0,0,2,1,1,0,1,5,1,1,11,1,5,0,0,0,0,2,0,4,2,5,3,9
2015.0,-215.0,1.0,0.0,3,6,3,0,0,0,1,2,1,1,0,0,2,1,1,11,1,5,0,0,0,2,1,0,6,8,5,8,3
2015.0,654.0,0.0,0.0,3,4,3,0,0,0,1,5,1,1,0,1,9,1,1,13,1,5,0,0,0,1,0,0,6,2,5,3,9
2015.0,249.0,0.0,0.0,3,10,3,0,0,0,1,9,1,1,0,1,9,1,1,14,1,5,0,0,0,1,1,0,6,9,5,3,2
2015.0,184.0,1.0,0.0,3,6,3,0,0,0,0,5,1,1,0,1,5,1,1,14,1,5,0,0,0,1,1,0,6,7,5,8,3
2015.0,110.0,0.0,0.0,3,6,3,0,0,0,1,5,1,1,0,1,5,1,1,15,1,5,0,0,0,1,1,0,4,7,5,8,3
2015.0,0.0,3.0,0.0,2,1,3,0,0,0,0,1,1,1,0,0,5,1,1,16,1,5,0,1,0,0,1,0,4,2,5,3,3
2015.0,-58.0,0.0,0.0,3,1,3,0,0,0,1,3,1,1,0,0,2,1,1,16,1,5,0,1,0,1,2,0,4,9,5,3,2
2015.0,0.0,1.0,0.0,2,5,0,0,0,0,0,9,1,1,2,0,5,1,1,20,1,5,0,0,0,0,2,0,4,2,5,3,9
2015.0,0.0,0.0,0.0,3,10,0,0,0,0,1,3,1,1,0,0,3,1,1,0,2,5,0,0,0,1,2,0,4,5,5,9,9
2015.0,267.0,0.0,0.0,3,5,3,0,0,0,2,2,1,1,0,1,2,1,1,5,2,5,0,0,0,0,2,0,6,9,5,3,9
2015.0,-310.0,0.0,0.0,3,4,3,0,0,0,0,9,1,1,0,1,2,1,1,9,2,5,0,1,0,2,1,0,0,2,5,3,9
2015.0,659.0,0.0,0.0,3,4,3,0,0,0,0,1,1,1,0,0,5,1,1,10,2,5,0,0,0,1,1,0,0,2,5,3,9
2015.0,-30.0,0.0,0.0,3,6,3,1,0,0,0,1,1,1,0,0,1,1,1,12,2,5,0,0,0,1,0,0,4,7,5,8,3
2015.0,-150.0,0.0,0.0,3,10,3,0,0,0,1,5,1,1,0,1,5,1,1,14,2,5,0,0,0,2,1,0,6,4,5,3,2
2015.0,0.0,2.0,0.0,2,4,3,0,0,0,1,9,1,1,0,1,1,1,1,14,2,5,0,0,0,1,2,0,4,2,5,3,9
2015.0,728.0,1.0,0.0,3,6,3,0,0,0,0,9,1,1,0,0,9,1,1,14,2,5,0,0,0,2,1,0,6,7,5,8,3
2015.0,56.0,0.0,0.0,3,6,3,0,0,0,1,5,1,1,0,1,5,1,1,15,2,5,0,0,0,1,2,0,4,7,5,8,3
2015.0,213.0,2.0,0.0,2,4,3,0,0,0,0,2,1,1,0,1,1,1,1,15,2,5,0,0,0,2,1,0,0,2,5,3,9
2015.0,450.0,0.0,0.0,3,10,3,0,0,0,1,9,1,1,0,1,9,1,1,16,2,5,0,1,0,1,2,0,6,9,5,3,3
2015.0,0.0,0.0,0.0,3,4,3,0,0,0,0,1,1,1,0,1,9,1,1,17,2,5,0,1,0,1,1,0,4,2,5,9,9
2015.0,370.0,0.0,0.0,3,6,3,0,0,0,0,5,1,1,0,0,5,1,1,17,2,5,0,1,0,1,2,0,4,7,5,8,3
2015.0,88.0,0.0,0.0,3,6,3,0,0,0,1,9,1,1,0,0,9,1,1,17,2,5,0,1,0,1,0,0,4,7,5,8,3
2015.0,46.0,0.0,0.0,3,6,3,0,0,0,1,5,1,1,0,0,5,1,1,18,2,5,0,1,0,1,2,0,4,7,5,8,8
2015.0,-6.0,0.0,0.0,3,6,0,0,0,0,1,1,1,1,0,0,1,1,1,22,2,5,0,0,0,2,1,0,4,7,5,9,9
2015.0,100.0,0.0,0.0,3,10,3,0,0,0,1,9,1,1,0,1,9,1,1,6,3,5,0,0,0,1,1,0,2,7,5,8,3
2015.0,-250.0,0.0,0.0,3,6,3,0,0,0,1,9,1,1,0,1,9,1,1,7,3,5,0,1,0,1,0,0,6,7,5,8,3
2015.0,144.0,1.0,0.0,3,10,3,0,0,0,0,9,1,1,0,0,9,1,1,7,3,5,0,1,0,2,1,0,4,5,5,3,3
2015.0,0.0,2.0,0.0,3,4,3,0,0,0,0,2,1,1,0,0,9,1,1,7,3,5,0,1,0,0,0,0,4,2,5,3,9
2015.0,300.0,0.0,0.0,3,6,3,0,0,0,1,2,1,1,0,0,2,1,1,8,3,5,0,1,0,2,1,0,4,7,5,3,3
2015.0,302.0,1.0,0.0,3,5,3,0,0,0,1,7,1,1,2,1,9,1,1,8,3,5,0,1,0,1,2,0,6,2,5,3,9
2015.0,-458.0,0.0,0.0,3,6,3,0,0,0,1,2,1,1,0,1,2,1,1,11,3,5,0,0,0,1,1,0,6,8,5,8,3
2015.0,0.0,2.0,0.0,2,4,3,1,0,0,0,5,1,1,0,0,1,1,1,11,3,5,0,0,0,2,0,0,4,2,5,3,9
2015.0,200.0,0.0,0.0,3,10,3,0,0,0,1,5,1,1,0,1,5,1,1,12,3,5,0,0,0,2,1,0,6,9,5,3,2
2015.0,-28.0,1.0,0.0,3,1,3,0,0,0,0,9,1,1,3,0,5,1,1,13,3,5,0,0,0,2,0,0,6,2,5,5,9
2015.0,0.0,0.0,0.0,3,4,3,0,0,0,0,5,1,1,0,0,9,1,1,13,3,5,0,0,0,2,1,0,4,9,5,8,9
2015.0,1263.0,0.0,0.0,3,4,3,0,0,0,0,7,1,1,0,0,2,1,1,14,3,5,0,0,0,1,1,0,6,2,5,3,9
2015.0,0.0,1.0,0.0,2,5,3,0,0,2,1,5,1,1,0,0,1,1,1,14,3,5,0,0,0,2,1,0,4,2,5,3,3
2015.0,-65.0,0.0,0.0,3,6,3,0,0,0,0,9,1,1,0,1,9,1,1,15,3,5,0,0,0,1,2,0,2,7,5,8,3
2015.0,-640.0,0.0,0.0,3,4,3,0,0,0,0,9,1,1,0,0,1,1,1,16,3,5,0,1,0,1,1,0,0,2,5,3,9
2015.0,70.0,0.0,0.0,3,6,3,0,3,0,0,5,1,1,0,1,5,1,1,18,3,5,0,1,0,1,1,0,4,7,5,8,3
2015.0,-30.0,2.0,0.0,3,6,0,0,0,0,1,1,1,1,0,1,1,1,1,2,4,5,0,0,0,1,1,0,4,7,5,3,3
2015.0,438.0,0.0,0.0,3,9,0,0,0,0,1,1,1,1,1,1,9,1,1,2,4,5,0,0,0,1,1,0,6,9,5,6,3
2015.0,-800.0,0.0,0.0,3,1,1,0,4,0,1,9,1,1,0,1,9,1,1,4,4,5,0,0,1,1,1,0,6,9,5,3,9
2015.0,142.0,1.0,0.0,3,3,2,0,0,0,0,1,1,1,0,1,9,1,1,5,4,5,0,0,0,2,1,0,4,9,5,3,3
2015.0,-70.0,0.0,0.0,3,6,3,0,0,0,0,9,1,1,0,0,9,1,1,6,4,5,0,0,0,1,0,0,4,7,5,8,8
2015.0,100.0,0.0,0.0,3,1,3,0,0,0,0,2,1,1,0,0,2,1,1,8,4,5,0,1,0,1,1,0,6,9,5,3,2
2015.0,-153.0,0.0,0.0,3,10,3,0,0,0,0,5,1,1,0,0,5,1,1,8,4,5,0,1,0,2,1,0,6,5,5,3,2
2015.0,135.0,1.0,0.0,3,6,3,0,0,0,1,9,1,1,0,0,9,1,1,8,4,5,0,1,0,2,1,0,4,7,5,8,3
2015.0,200.0,0.0,0.0,3,6,3,1,0,0,0,9,1,1,0,1,9,1,1,10,4,5,0,0,0,0,2,0,4,0,5,8,3
2015.0,0.0,0.0,0.0,3,4,3,0,0,0,0,2,1,1,0,0,5,1,1,11,4,5,0,0,0,1,1,0,2,2,5,3,9
2015.0,-89.0,0.0,0.0,3,6,3,0,0,0,1,1,1,1,0,0,1,1,1,11,4,5,0,0,0,2,0,0,4,7,5,8,3
2015.0,-48.0,0.0,0.0,3,5,3,3,4,0,1,9,1,1,0,1,1,1,1,12,4,5,0,0,1,1,0,0,4,5,5,8,1
2015.0,300.0,0.0,0.0,3,6,3,1,0,0,0,5,1,1,0,1,5,1,1,12,4,5,0,0,0,2,2,0,6,7,5,8,3
2015.0,200.0,1.0,0.0,3,6,3,1,0,0,0,9,1,1,0,1,9,1,1,12,4,5,0,0,0,1,0,0,0,9,7,3,2
2015.0,-5.0,0.0,0.0,3,6,3,1,0,0,0,2,1,1,0,1,2,1,1,12,4,5,0,0,0,0,1,0,4,7,5,8,3
2015.0,403.0,0.0,0.0,3,6,3,1,4,0,0,2,1,1,0,0,2,1,1,14,4,5,0,0,1,2,2,0,6,7,5,8,3
2015.0,0.0,3.0,0.0,3,4,3,1,0,0,0,4,1,1,0,1,5,1,1,15,4,5,0,0,0,2,1,0,4,2,5,3,9
2015.0,10.0,0.0,0.0,3,10,3,3,4,0,1,2,1,1,0,0,2,1,1,15,4,5,0,0,1,1,0,0,4,5,5,5,9
2015.0,-650.0,0.0,0.0,3,6,3,3,4,0,0,1,1,1,0,1,1,1,1,15,4,5,0,0,1,2,1,0,6,7,5,8,3
2015.0,-184.0,0.0,0.0,3,10,3,3,4,0,2,1,1,1,1,1,1,1,1,15,4,5,0,0,1,0,1,0,6,7,5,6,3
2015.0,-455.0,1.0,0.0,3,6,3,3,4,0,0,1,1,1,0,0,1,1,1,16,4,5,0,1,1,2,1,0,4,7,5,8,3
2015.0,40.0,0.0,0.0,3,6,3,3,4,0,1,5,1,1,0,0,5,1,1,16,4,5,0,1,1,2,2,0,6,7,5,8,3
2015.0,0.0,0.0,0.0,3,4,3,0,0,0,0,9,1,1,0,0,1,1,1,17,4,5,0,1,0,1,1,0,2,4,5,3,9
2015.0,125.0,0.0,0.0,3,10,3,0,0,0,2,1,1,1,1,1,1,1,1,17,4,5,0,1,0,0,1,0,6,5,5,6,3
2015.0,47.0,0.0,0.0,3,6,3,3,4,0,1,2,1,1,0,0,2,1,1,17,4,5,0,1,1,2,1,0,4,7,5,8,3
2015.0,525.0,0.0,0.0,3,4,3,0,0,0,1,2,1,1,0,0,1,1,1,18,4,5,0,1,0,1,2,0,0,2,5,3,9
2015.0,-40.0,0.0,0.0,3,6,0,3,4,0,2,2,1,1,0,1,2,1,1,21,4,5,0,0,1,0,1,0,4,7,5,8,8
2015.0,-339.0,0.0,0.0,3,3,0,3,4,0,1,9,1,1,0,1,1,1,1,21,4,5,0,0,1,1,2,0,6,7,5,3,3
2015.0,116.0,0.0,0.0,3,1,0,3,4,0,1,9,0,1,0,1,9,1,1,22,4,5,0,0,1,1,1,0,4,7,5,3,3
2015.0,10.0,0.0,0.0,3,6,0,3,4,0,1,2,0,1,1,1,2,1,1,0,5,5,1,0,1,2,1,0,4,7,5,6,9
2015.0,-448.0,0.0,0.0,3,6,0,3,4,0,1,9,0,1,0,1,9,1,1,1,5,5,1,0,1,1,1,0,6,7,5,8,3
2015.0,0.0,0.0,0.0,3,12,0,3,4,0,1,6,1,1,0,1,8,1,1,3,5,5,1,0,1,0,1,0,4,5,5,5,9
2015.0,0.0,2.0,0.0,2,4,3,0,0,0,1,9,1,1,0,0,1,1,1,8,5,5,1,1,0,2,2,0,2,2,5,3,9
2015.0,-15.0,0.0,0.0,3,5,3,0,0,0,1,2,1,1,3,1,9,0,1,13,5,5,1,0,0,1,1,0,4,5,5,5,9
2015.0,0.0,1.0,0.0,3,1,3,0,0,0,1,1,0,1,0,1,5,1,1,14,5,5,1,0,0,1,2,0,6,2,5,8,9
2015.0,-30.0,0.0,0.0,3,6,3,0,0,0,1,5,1,1,0,1,5,1,1,15,5,5,1,0,0,1,1,0,2,7,5,8,3
2015.0,0.0,0.0,0.0,3,4,4,0,0,0,1,1,1,1,0,1,9,1,1,18,5,5,1,1,0,2,1,0,4,2,5,3,9
2015.0,193.0,0.0,0.0,3,1,0,0,0,0,1,9,1,1,0,0,9,1,1,22,5,5,1,0,0,2,1,0,6,5,5,3,9
2015.0,525.0,1.0,0.0,2,4,3,0,0,0,1,5,1,1,0,1,9,1,1,13,6,5,1,0,0,1,1,0,0,2,5,3,9
2015.0,30.0,0.0,0.0,3,6,3,0,0,0,1,9,1,1,0,1,9,1,1,15,6,5,1,0,0,1,1,0,4,7,5,8,8
2015.0,52.0,0.0,0.0,3,6,0,0,0,0,1,9,1,1,0,1,9,1,1,21,6,5,1,0,0,1,2,0,4,7,5,8,3
2015.0,0.0,2.0,0.0,3,4,3,0,0,0,0,1,1,1,0,0,5,1,1,10,0,5,0,0,0,2,1,0,4,2,5,3,9
2015.0,130.0,1.0,0.0,2,6,3,0,0,0,1,9,1,1,0,0,9,1,1,13,0,5,0,0,0,1,2,0,4,7,5,8,3
2015.0,-233.0,0.0,0.0,3,8,3,0,0,0,0,5,1,1,1,1,1,1,1,13,0,5,0,0,0,2,1,0,6,5,5,6,1
2015.0,-10.0,0.0,0.0,3,10,3,0,0,0,0,5,1,1,0,1,5,1,1,14,0,5,0,0,0,2,1,0,4,9,5,3,2
2015.0,349.0,0.0,0.0,3,1,3,0,0,0,1,1,1,1,0,0,5,1,1,15,0,5,0,0,0,1,1,0,4,2,5,3,9
2015.0,-150.0,0.0,0.0,3,6,4,0,0,0,1,9,1,1,0,1,9,1,1,19,0,5,0,1,0,1,1,0,6,7,5,8,8
2015.0,0.0,1.0,0.0,3,4,3,0,0,0,0,4,1,1,0,0,1,1,1,6,1,5,0,0,0,2,2,0,4,2,5,3,9
2015.0,-162.0,0.0,0.0,3,6,3,0,0,0,1,5,1,1,0,1,5,1,1,6,1,5,0,0,0,1,0,0,6,7,5,8,3
2015.0,-61.0,1.0,0.0,3,6,3,0,0,0,0,2,1,1,0,1,2,1,1,7,1,5,0,1,0,1,2,0,6,7,5,8,3
2015.0,-0.25,0.0,0.0,3,10,3,0,0,0,1,2,1,1,0,0,2,1,1,8,1,5,0,1,0,2,0,0,6,9,5,8,2
2015.0,0.0,1.0,0.0,3,4,3,0,0,0,0,5,1,1,0,0,2,1,1,9,1,5,0,1,0,0,2,0,4,2,5,9,3
2015.0,0.0,0.0,0.0,3,10,3,0,0,0,1,2,1,1,0,0,2,1,1,10,1,5,0,0,0,1,1,0,2,7,5,9,3
2015.0,100.0,0.0,0.0,3,6,3,0,0,0,1,5,1,1,0,1,5,1,1,12,1,5,0,0,0,1,1,0,2,7,5,8,3
2015.0,-320.0,1.0,0.0,2,1,3,0,0,2,1,1,1,1,0,0,5,1,1,13,1,5,0,0,0,1,2,0,0,5,5,9,3
2015.0,387.0,0.0,0.0,3,4,3,0,0,0,0,5,1,1,0,0,2,1,1,13,1,5,0,0,0,1,1,0,0,2,5,3,9
2015.0,108.0,0.0,0.0,3,6,3,0,0,0,1,9,1,1,0,0,9,1,1,17,1,5,0,1,0,1,1,0,6,7,5,8,3
2015.0,0.0,0.0,0.0,3,4,3,0,0,0,0,2,1,1,0,1,5,1,1,17,1,5,0,1,0,2,1,0,4,2,5,3,9
2015.0,-286.0,0.0,0.0,3,1,3,0,0,0,1,2,1,1,0,1,1,1,1,17,1,5,0,1,0,2,0,0,4,2,5,3,9
2015.0,50.0,0.0,0.0,3,6,3,0,0,0,1,2,1,1,0,0,2,1,1,17,1,5,0,1,0,1,1,0,1,8,5,8,9
2015.0,0.0,0.0,0.0,3,4,0,0,0,0,1,1,1,1,0,0,9,1,1,21,1,5,0,0,0,2,2,0,4,4,5,3,9
2015.0,10.0,0.0,0.0,3,1,3,0,0,0,0,5,1,1,0,0,5,1,1,5,2,5,0,0,0,2,1,0,4,9,5,9,2
2015.0,0.0,0.0,0.0,3,6,3,0,0,0,1,2,1,1,0,0,2,1,1,7,2,5,0,1,0,1,1,0,4,7,5,8,3
2015.0,125.0,0.0,0.0,3,6,3,0,0,0,0,5,1,1,0,0,5,1,1,9,2,5,0,1,0,2,2,0,4,7,5,8,3
2015.0,305.0,0.0,0.0,3,1,3,0,0,0,0,5,1,1,0,0,9,1,1,9,2,5,0,1,0,1,1,0,0,2,5,3,9
2015.0,105.0,0.0,0.0,3,4,3,0,0,0,0,1,1,1,0,1,1,1,1,10,2,5,0,0,0,2,1,0,6,8,5,8,3
2015.0,-107.0,0.0,0.0,3,6,3,0,0,0,0,2,1,1,0,0,2,1,1,12,2,5,0,0,0,1,0,0,6,7,5,8,3
2015.0,-100.0,0.0,0.0,3,10,3,0,0,0,0,2,1,1,0,1,2,1,1,12,2,5,0,0,0,2,1,0,6,9,5,3,2
2015.0,-245.0,0.0,0.0,3,4,3,0,0,0,0,5,1,1,0,1,9,1,1,14,2,5,0,0,0,2,1,0,0,2,5,3,9
2015.0,75.0,0.0,0.0,3,6,3,0,0,0,0,9,1,1,0,0,9,1,1,17,2,5,0,1,0,2,1,0,4,8,5,8,8
2015.0,100.0,0.0,0.0,3,6,0,0,0,0,1,2,1,1,0,0,2,1,1,20,2,5,0,0,0,2,2,0,4,8,5,3,3
2015.0,0.0,0.0,0.0,3,4,3,0,0,0,0,2,1,1,0,1,9,1,1,5,3,5,0,0,0,1,1,0,4,2,5,9,3
2015.0,-80.0,1.0,0.0,3,6,3,0,0,0,0,2,1,1,0,1,2,1,1,9,3,5,0,1,0,1,1,0,2,7,5,8,3
2015.0,-242.0,0.0,0.0,3,6,3,0,0,0,1,2,1,1,0,0,2,1,1,12,3,5,0,0,0,0,1,0,6,8,5,8,3
2015.0,10.0,1.0,0.0,2,1,3,0,0,0,2,1,1,1,3,1,2,1,1,12,3,5,0,0,0,0,2,0,4,2,5,7,9
2015.0,-65.0,0.0,0.0,3,6,3,0,0,0,1,1,1,1,0,1,1,1,1,13,3,5,0,0,0,1,1,0,2,7,5,8,3
2015.0,-450.0,0.0,0.0,3,4,3,0,0,0,1,7,1,1,0,0,2,1,1,15,3,5,0,0,0,1,1,0,0,2,5,3,9
2015.0,0.0,0.0,0.0,3,4,3,0,0,0,1,9,1,1,0,0,1,1,1,15,3,5,0,0,0,2,2,0,4,3,5,9,3
2015.0,0.0,1.0,0.0,3,4,3,0,0,0,0,1,1,1,0,0,9,1,1,15,3,5,0,0,0,1,1,0,2,2,5,9,3
2015.0,-773.0,0.0,0.0,3,6,3,0,0,0,1,5,1,1,0,0,5,1,1,16,3,5,0,1,0,1,1,0,1,7,5,8,3
2015.0,-262.0,0.0,0.0,3,4,3,0,0,0,0,9,1,1,0,1,1,1,1,16,3,5,0,1,0,2,1,0,0,2,5,3,9
2015.0,-150.0,0.0,0.0,3,6,3,0,0,0,0,1,1,1,0,1,1,1,1,16,3,5,0,1,0,1,1,0,4,7,5,8,3
2015.0,160.0,0.0,0.0,3,6,3,0,0,0,1,5,1,1,0,1,5,1,1,16,3,5,0,1,0,1,1,0,4,7,5,8,3
2015.0,125.0,2.0,0.0,2,6,3,0,0,0,1,5,1,1,0,1,5,1,1,17,3,5,0,1,0,2,1,0,6,7,5,8,3
2015.0,-523.0,0.0,0.0,3,6,3,0,0,0,0,1,1,1,0,1,1,1,1,17,3,5,0,1,0,1,1,0,6,8,5,8,3
2015.0,17.0,0.0,0.0,3,1,3,0,0,0,1,9,1,1,0,1,9,1,1,9,4,5,0,1,0,1,1,0,4,5,5,3,9
2015.0,580.0,0.0,0.0,3,1,3,0,0,0,0,2,1,1,0,0,1,1,1,11,4,5,0,0,0,2,1,0,0,2,5,3,9
2015.0,0.0,4.0,0.0,3,4,3,0,0,0,1,2,1,1,0,0,5,1,1,13,4,5,0,0,0,1,1,0,4,2,5,3,9
2015.0,-70.0,0.0,0.0,3,10,3,0,0,0,1,1,1,1,0,1,1,1,1,15,4,5,0,0,0,2,1,0,6,9,5,3,2
2015.0,70.0,0.0,0.0,3,10,3,0,0,0,1,1,1,1,0,1,1,1,1,18,4,5,0,1,0,2,1,0,6,9,5,3,2
2015.0,-100.0,0.0,0.0,3,6,0,0,0,0,1,9,1,1,0,0,9,1,1,18,4,5,0,1,0,1,1,0,6,7,5,8,3
2015.0,484.0,1.0,0.0,3,3,3,0,0,0,0,9,1,1,0,1,1,1,1,8,5,5,1,1,0,2,1,0,6,2,2,5,5
2015.0,-90.0,0.0,0.0,3,6,3,0,0,0,0,1,1,1,0,0,1,1,1,18,5,5,1,1,0,0,1,0,4,7,5,8,8
2015.0,-200.0,0.0,0.0,3,10,0,0,0,0,1,9,1,1,0,1,9,1,1,20,5,5,1,0,0,1,1,0,6,9,5,3,3
2015.0,-46.0,0.0,0.0,3,6,0,0,0,0,0,1,1,1,0,0,1,1,1,22,5,5,1,0,0,1,2,0,4,7,5,8,3
2015.0,-231.0,0.0,0.0,3,6,0,0,0,0,1,1,1,1,0,1,1,1,1,20,6,5,1,0,0,2,2,0,4,7,5,3,2
2015.0,0.0,1.0,0.0,3,1,3,0,0,0,1,9,1,1,0,1,2,1,1,16,0,5,0,1,0,1,0,0,4,2,5,3,3
2015.0,0.0,0.0,0.0,3,4,3,0,0,0,0,1,1,1,0,0,5,1,1,17,0,5,0,1,0,2,2,0,4,2,5,3,9
2015.0,0.0,3.0,0.0,2,1,3,0,0,0,1,1,1,1,0,1,5,1,1,18,0,5,0,1,0,2,1,0,4,2,5,3,3
2015.0,75.0,0.0,0.0,3,7,3,0,0,0,1,6,1,1,0,1,1,1,1,7,1,5,0,1,0,1,1,0,0,5,5,8,1
2015.0,95.0,2.0,0.0,3,6,3,0,0,0,1,9,1,1,0,0,9,1,1,7,1,5,0,1,0,1,1,0,6,7,5,8,3
2015.0,720.0,0.0,0.0,3,10,3,0,0,0,0,5,1,1,0,0,5,1,1,8,1,5,0,1,0,1,1,0,6,9,5,3,2
2015.0,-100.0,0.0,0.0,3,6,3,0,0,0,1,5,1,1,0,1,5,1,1,9,1,5,0,1,0,1,1,0,6,7,5,8,3
2015.0,620.0,0.0,0.0,3,4,3,0,0,0,0,2,1,1,0,1,9,1,1,10,1,5,0,0,0,0,1,0,0,2,5,3,9
2015.0,-320.0,0.0,0.0,3,10,3,0,0,0,1,9,1,1,0,1,9,1,1,11,1,5,0,0,0,1,2,0,0,2,5,2,9
2015.0,249.0,0.0,0.0,3,6,3,0,0,0,0,5,1,1,0,1,5,1,1,13,1,5,0,0,0,2,2,0,6,8,5,8,8
2015.0,500.0,1.0,0.0,3,6,3,0,0,0,0,2,1,1,0,0,2,1,1,13,1,5,0,0,0,2,2,0,6,7,5,8,3
2015.0,-150.0,2.0,0.0,3,6,3,0,0,0,1,5,1,1,0,0,5,1,1,14,1,5,0,0,0,1,1,0,6,7,5,8,3
2015.0,40.0,0.0,0.0,3,10,3,0,0,0,1,1,1,1,0,0,1,1,1,15,1,5,0,0,0,2,1,0,4,4,5,3,9
2015.0,194.0,0.0,0.0,3,6,3,0,0,0,0,9,1,1,0,1,9,1,1,16,1,5,0,1,0,1,2,0,6,7,5,8,3
2015.0,-72.0,0.0,0.0,3,6,3,0,0,0,0,1,1,1,0,1,1,1,1,17,1,5,0,1,0,0,1,0,4,7,5,8,3
2015.0,0.0,1.0,0.0,2,4,3,0,0,0,1,2,1,1,0,1,1,1,1,17,1,5,0,1,0,1,1,0,4,2,5,3,9
2015.0,0.0,1.0,0.0,3,4,3,0,0,0,0,2,1,1,0,1,5,1,1,17,1,5,0,1,0,2,1,0,4,2,5,3,9
2015.0,-20.0,1.0,0.0,2,6,3,0,0,0,0,2,1,1,0,1,2,1,1,9,2,5,0,1,0,1,0,0,4,7,5,8,3
2015.0,0.0,2.0,0.0,2,1,3,0,0,0,1,2,1,1,0,1,1,1,1,10,2,5,0,0,0,1,1,0,4,5,5,3,9
2015.0,80.0,0.0,0.0,3,6,3,0,0,0,0,5,1,1,0,1,5,1,1,11,2,5,0,0,0,0,1,0,4,7,5,8,3
2015.0,300.0,0.0,0.0,3,1,3,0,0,0,0,5,1,1,0,0,5,1,1,13,2,5,0,0,0,2,1,0,6,9,5,3,3
2015.0,10.0,0.0,0.0,3,6,3,0,0,0,1,2,1,1,0,1,2,1,1,13,2,5,0,0,0,0,2,0,6,7,5,8,8
2015.0,-350.0,1.0,0.0,3,4,3,0,0,0,1,9,1,1,0,0,1,1,1,14,2,5,0,0,0,2,1,0,6,2,5,3,9
2015.0,0.0,0.0,0.0,3,3,3,0,0,0,1,4,1,1,0,1,7,1,1,14,2,5,0,0,0,1,2,0,4,2,5,9,9
2015.0,250.0,0.0,0.0,3,6,3,0,0,0,1,5,1,1,0,1,5,1,1,16,2,5,0,1,0,2,2,0,4,7,5,8,3
2015.0,-281.0,4.0,0.0,1,6,3,0,0,0,0,2,1,1,0,0,2,1,1,16,2,5,0,1,0,1,1,0,4,7,5,8,3
2015.0,100.0,1.0,0.0,2,6,3,0,0,0,1,1,1,1,0,1,1,1,1,16,2,5,0,1,0,2,1,0,6,7,5,8,3
2015.0,0.0,0.0,0.0,3,9,3,0,0,0,0,1,1,1,0,1,9,1,1,17,2,5,0,1,0,1,1,0,2,2,5,1,3
2015.0,-225.0,0.0,0.0,3,4,3,0,0,0,1,1,1,1,0,0,5,1,1,17,2,5,0,1,0,2,1,0,0,2,5,3,9
2015.0,330.0,0.0,0.0,3,6,3,0,0,0,1,5,1,1,0,1,5,1,1,6,3,5,0,0,0,2,1,0,6,7,5,8,3
2015.0,386.0,3.0,0.0,3,4,3,0,0,0,0,7,1,1,0,0,2,1,1,11,3,5,0,0,0,1,1,0,6,2,5,3,9
2015.0,0.0,1.0,0.0,2,1,3,0,0,0,0,1,1,1,0,0,2,1,1,15,3,5,0,0,0,1,1,0,4,2,5,3,3
2015.0,-210.0,0.0,0.0,3,4,3,0,0,0,0,2,1,1,0,1,5,1,1,16,3,5,0,1,0,1,2,0,6,2,2,9,9