Year,Distance,Totalinjuries,Totalfatalities,Injuryseverity,Collisionmanner,Lightcondition,Weather,SurfaceCondition,Unittype_One,Gender_Drv1,Traveldirection_One,AlcoholUse_Drv1,DrugUse_Drv1,Unittype_Two,Gender_Drv2,Traveldirection_Two,AlcoholUse_Drv2,DrugUse_Drv2,Hour,Weekday,Month,Weekend,Rush_Hour,Hazardous_Road,Age_Group_Drv1,Age_Group_Drv2,Substance_Use,Junction_Category,Violation_Category_Drv1,Violation_Category_Drv2,Unitaction_Category_Two,Unitaction_Category_One
2015.0,0.0,0.0,0.0,3,4,3,0,0,0,0,5,1,1,0,0,2,1,1,17,3,5,0,1,0,2,2,0,4,2,5,3,9
2015.0,111.0,0.0,0.0,3,6,0,0,0,0,1,9,1,1,0,0,9,1,1,20,3,5,0,0,0,1,1,0,4,8,5,8,3
2015.0,0.0,1.0,0.0,2,1,3,0,0,0,0,9,1,1,0,1,2,1,1,7,4,5,0,1,0,1,1,0,2,2,5,3,3
2015.0,179.0,0.0,0.0,3,6,3,0,0,0,0,9,1,1,0,0,9,1,1,7,4,5,0,1,0,2,1,0,2,7,5,3,8
2015.0,0.0,0.0,0.0,3,4,3,0,0,0,1,5,1,1,0,1,2,1,1,7,4,5,0,1,0,1,2,0,4,4,5,3,9
2015.0,85.0,1.0,0.0,3,6,3,0,0,0,1,5,1,1,0,0,5,1,1,8,4,5,0,1,0,2,1,0,4,7,5,8,3
2015.0,20.0,0.0,0.0,3,6,3,0,0,0,0,9,1,1,0,0,9,1,1,10,4,5,0,0,0,2,1,0,2,8,5,3,3
2015.0,-150.0,0.0,0.0,3,6,3,0,0,0,0,1,1,1,0,1,1,1,1,10,4,5,0,0,0,1,2,0,4,7,5,8,3
2015.0,0.0,2.0,0.0,2,4,3,0,0,0,0,1,1,1,0,1,9,1,1,11,4,5,0,0,0,1,2,0,2,2,5,9,3
2015.0,283.0,0.0,0.0,3,6,3,0,0,0,0,2,1,1,0,0,2,1,1,12,4,5,0,0,0,1,0,0,6,8,5,8,3
2015.0,200.0,0.0,0.0,3,6,3,0,0,0,1,5,1,1,0,0,5,1,1,13,4,5,0,0,0,1,1,0,6,8,5,8,3
2015.0,-391.0,1.0,0.0,3,6,3,0,0,0,1,2,1,1,0,0,2,1,1,15,4,5,0,0,0,1,1,0,6,8,5,8,3
2015.0,128.0,1.0,0.0,2,6,3,0,0,0,0,5,1,1,0,0,5,1,1,15,4,5,0,0,0,2,0,0,4,7,5,8,3
2015.0,227.0,0.0,0.0,3,10,3,0,0,0,1,9,1,1,0,1,9,1,1,16,4,5,0,1,0,1,1,0,4,5,5,3,2
2015.0,342.0,0.0,0.0,3,4,3,0,0,0,1,9,1,1,0,0,2,1,1,16,4,5,0,1,0,2,1,0,0,2,5,3,9
2015.0,0.0,0.0,0.0,3,10,3,0,0,0,0,5,1,1,0,1,5,1,1,17,4,5,0,1,0,1,1,0,2,5,5,9,9
2015.0,0.0,1.0,0.0,3,4,0,0,0,0,1,1,1,1,0,0,9,1,1,19,4,5,0,1,0,2,2,0,4,2,5,3,9
2015.0,-93.0,0.0,0.0,3,4,0,0,0,0,0,1,1,1,0,0,5,1,1,20,4,5,0,0,0,0,0,0,6,2,5,3,9
2015.0,0.0,0.0,0.0,3,1,0,0,0,0,0,9,0,1,0,0,9,1,1,21,4,5,0,0,0,1,1,0,4,4,5,3,9
2015.0,0.0,3.0,0.0,3,1,2,0,0,0,0,2,1,1,0,1,9,1,1,6,5,5,1,0,0,2,1,0,4,2,5,9,3
2015.0,0.0,0.0,0.0,3,4,3,0,0,0,1,2,1,1,0,0,9,1,1,14,5,5,1,0,0,1,1,0,4,5,5,9,3
2015.0,-50.0,0.0,0.0,3,4,3,0,0,0,1,2,1,1,0,0,9,1,1,14,5,5,1,0,0,2,1,0,4,5,2,9,3
2015.0,-600.0,0.0,0.0,3,6,0,0,0,0,1,9,1,1,0,1,9,1,1,0,6,5,1,0,0,2,2,0,6,7,5,3,3
2015.0,0.0,0.0,0.0,3,4,3,0,0,0,0,9,1,1,0,1,1,1,1,16,6,5,1,1,0,1,0,0,2,4,5,3,9
2015.0,0.0,0.0,0.0,3,1,2,0,0,0,0,1,1,1,0,1,5,1,1,4,0,6,0,0,0,1,0,0,4,5,5,3,9
2015.0,-300.0,0.0,0.0,3,6,3,0,0,0,1,9,1,1,0,1,9,1,1,7,0,6,0,1,0,1,2,0,6,7,5,8,3
2015.0,10.0,1.0,0.0,2,5,3,0,0,0,2,2,1,1,2,1,2,1,1,7,0,6,0,1,0,0,1,0,4,2,5,3,9
2015.0,-65.0,0.0,0.0,3,6,3,0,0,0,0,9,1,1,0,1,9,1,1,8,0,6,0,1,0,2,1,0,6,7,5,8,3
2015.0,0.0,2.0,0.0,2,4,3,0,0,0,0,1,1,1,0,0,9,1,1,8,0,6,0,1,0,0,1,0,4,2,5,3,9
2015.0,-70.0,0.0,0.0,3,8,3,0,0,0,1,4,1,1,0,0,1,1,1,12,0,6,0,0,0,0,2,0,6,5,5,8,1
2015.0,100.0,1.0,0.0,3,6,3,0,0,0,0,5,1,1,0,1,5,1,1,12,0,6,0,0,0,2,0,0,4,7,5,8,3
2015.0,-230.0,0.0,0.0,3,6,3,0,0,0,1,2,1,1,0,0,2,1,1,12,0,6,0,0,0,1,0,0,1,7,5,8,3
2015.0,0.0,0.0,0.0,3,1,3,0,0,0,1,5,1,1,0,1,6,1,1,13,0,6,0,0,0,2,0,0,2,2,5,9,3
2015.0,-5.0,0.0,0.0,3,1,3,0,0,0,1,2,1,1,0,1,2,1,1,14,0,6,0,0,0,1,2,0,4,5,5,8,9
2015.0,430.0,1.0,0.0,2,5,3,0,0,2,1,2,1,1,0,1,1,1,1,15,0,6,0,0,0,2,1,0,0,9,5,9,3
2015.0,0.0,0.0,0.0,3,1,3,0,0,0,1,2,1,1,0,1,1,1,1,15,0,6,0,0,0,1,1,0,4,2,4,9,9
2015.0,173.0,1.0,0.0,3,6,3,0,0,0,0,1,1,1,0,0,1,1,1,15,0,6,0,0,0,2,1,0,4,7,5,8,3
2015.0,0.0,0.0,0.0,3,4,3,0,0,0,0,5,1,1,0,1,9,0,1,17,0,6,0,1,0,1,2,0,4,2,5,3,9
2015.0,0.0,0.0,0.0,3,4,3,0,0,0,1,9,1,1,0,1,1,1,1,17,0,6,0,1,0,2,1,0,4,5,5,3,9
2015.0,190.0,0.0,0.0,3,6,3,0,0,0,1,9,1,1,0,1,1,1,1,17,0,6,0,1,0,1,1,0,6,7,5,1,3
2015.0,0.2,0.0,0.0,3,6,3,0,0,0,1,5,1,1,0,1,5,1,1,18,0,6,0,1,0,1,1,0,2,7,5,8,3
2015.0,0.0,0.0,0.0,3,4,1,0,0,0,1,2,1,1,0,1,5,1,1,20,0,6,0,0,0,1,2,0,4,7,5,3,9
2015.0,626.0,0.0,0.0,3,4,0,0,0,0,1,5,0,1,0,0,1,1,1,21,0,6,0,0,0,1,1,0,0,4,5,3,9
2015.0,-230.0,0.0,0.0,3,6,1,0,0,0,0,2,1,1,0,0,2,1,1,21,0,6,0,0,0,1,2,0,2,7,5,8,3
2015.0,0.0,2.0,0.0,2,4,3,0,0,0,0,9,1,1,0,0,3,1,1,5,1,6,0,0,0,1,1,0,2,2,5,9,3
2015.0,428.0,1.0,0.0,3,4,3,0,0,0,1,2,1,1,0,1,1,1,1,6,1,6,0,0,0,2,1,0,6,2,5,3,9
2015.0,-157.0,1.0,0.0,2,6,3,0,0,0,2,2,1,1,0,1,2,1,1,9,1,6,0,1,0,0,1,0,6,7,5,8,3
2015.0,0.0,0.0,0.0,3,5,3,0,0,0,1,1,1,1,0,1,9,1,1,10,1,6,0,0,0,1,2,0,4,5,5,8,1
2015.0,0.0,2.0,0.0,2,4,3,0,0,0,1,5,1,1,0,0,9,1,1,11,1,6,0,0,0,1,1,0,4,2,5,3,9
2015.0,-30.0,1.0,0.0,2,6,3,0,0,0,1,1,1,1,0,0,1,1,1,12,1,6,0,0,0,2,1,0,4,7,5,8,3
2015.0,-30.0,0.0,0.0,3,6,3,0,0,0,0,1,1,1,0,1,1,1,1,13,1,6,0,0,0,1,1,0,2,7,5,5,5
2015.0,-200.0,0.0,0.0,3,6,3,0,0,0,0,1,1,1,0,1,1,1,1,13,1,6,0,0,0,1,2,0,2,7,5,8,3
2015.0,-110.0,0.0,0.0,3,6,3,0,0,0,1,2,1,1,0,1,2,1,1,14,1,6,0,0,0,1,1,0,4,7,5,8,3
2015.0,-183.0,0.0,0.0,3,4,3,0,0,0,1,3,1,1,0,1,5,1,1,14,1,6,0,0,0,1,0,0,6,2,5,3,9
2015.0,150.0,0.0,0.0,3,10,3,0,0,0,1,5,1,1,0,1,5,1,1,14,1,6,0,0,0,2,1,0,6,9,5,3,2
2015.0,0.0,3.0,0.0,2,4,3,0,0,0,1,2,1,1,0,1,5,1,1,17,1,6,0,1,0,2,2,0,4,2,5,3,9
2015.0,0.0,2.0,0.0,2,4,0,0,0,0,1,9,1,1,0,1,1,1,1,20,1,6,0,0,0,2,0,0,4,2,5,3,9
2015.0,300.0,0.0,0.0,3,10,0,0,0,0,2,8,1,1,0,1,1,1,1,21,1,6,0,0,0,0,1,0,6,5,5,3,2
2015.0,10.0,1.0,0.0,2,5,0,0,0,2,1,9,1,1,0,0,5,1,1,22,1,6,0,0,0,2,0,0,4,2,5,3,7
2015.0,-140.0,0.0,0.0,3,6,3,0,0,0,0,2,1,1,0,0,2,1,1,5,2,6,0,0,0,2,1,0,2,7,5,8,3
2015.0,-110.0,0.0,0.0,3,10,3,0,0,0,1,5,1,1,1,1,5,1,1,8,2,6,0,1,0,2,1,0,6,7,5,6,3
2015.0,0.0,1.0,0.0,3,4,3,0,0,0,1,2,1,1,0,1,9,1,1,11,2,6,0,0,0,1,0,0,4,2,5,3,9
2015.0,508.0,1.0,0.0,3,4,3,0,0,0,1,7,1,1,0,0,2,1,1,14,2,6,0,0,0,0,2,0,6,2,5,3,9
2015.0,-50.0,0.0,0.0,3,6,3,0,0,0,1,2,1,1,0,0,2,1,1,15,2,6,0,0,0,1,1,0,4,7,5,8,3
2015.0,0.0,0.0,0.0,3,1,3,0,0,0,0,9,1,1,0,0,2,1,1,16,2,6,0,1,0,2,1,0,4,2,5,3,3
2015.0,77.0,0.0,0.0,3,6,3,0,0,0,0,5,1,1,0,1,5,1,1,17,2,6,0,1,0,2,1,0,4,7,5,8,3
2015.0,597.0,0.0,0.0,3,6,3,0,0,0,1,5,1,1,0,1,5,1,1,18,2,6,0,1,0,1,1,0,0,7,5,9,3
2015.0,-939.0,0.0,0.0,3,1,3,0,0,0,1,5,1,1,0,1,1,1,1,18,2,6,0,1,0,1,1,0,6,2,5,2,9
2015.0,0.0,0.0,0.0,3,3,3,0,0,0,1,9,1,1,0,1,5,1,1,18,2,6,0,1,0,0,0,0,4,2,5,3,3
2015.0,-300.0,1.0,0.0,2,6,0,0,0,0,0,1,1,1,0,1,1,1,1,21,2,6,0,0,0,1,2,0,6,7,5,8,3
2015.0,0.0,0.0,0.0,3,4,2,0,0,0,1,5,1,1,0,1,4,1,1,4,3,6,0,0,0,1,1,0,4,2,5,9,3
2015.0,-50.0,0.0,0.0,3,6,3,0,0,0,2,1,1,1,0,0,1,1,1,7,3,6,0,1,0,0,1,0,4,7,5,8,3
2015.0,0.0,1.0,0.0,3,1,3,0,0,0,0,5,1,1,0,0,2,1,1,8,3,6,0,1,0,1,2,0,4,2,5,3,9
2015.0,348.0,1.0,0.0,2,5,3,0,0,2,1,5,1,1,0,1,9,1,1,9,3,6,0,1,0,1,1,0,0,9,5,9,3
2015.0,0.0,0.0,0.0,3,4,3,0,0,0,2,5,1,1,0,0,1,1,1,11,3,6,0,0,0,0,0,0,4,2,5,9,9
2015.0,-186.0,0.0,0.0,3,6,3,1,0,0,1,9,1,1,0,1,9,1,1,12,3,6,0,0,0,1,1,0,6,7,5,9,3
2015.0,30.0,0.0,0.0,3,1,3,1,0,0,1,3,1,1,0,1,5,1,1,14,3,6,0,0,0,2,2,0,2,5,5,3,9
2015.0,-90.0,1.0,0.0,3,6,3,1,0,0,1,1,1,1,0,1,1,1,1,14,3,6,0,0,0,2,1,0,4,7,5,8,3
2015.0,205.0,0.0,0.0,3,6,3,1,4,0,1,5,1,1,0,0,5,1,1,15,3,6,0,0,1,2,1,0,6,8,5,8,3
2015.0,200.0,1.0,0.0,3,5,3,0,0,2,1,5,1,1,0,1,9,1,1,16,3,6,0,1,0,2,0,0,6,9,5,9,3
2015.0,-293.0,0.0,0.0,3,4,3,1,0,0,0,2,1,1,0,0,1,1,1,17,3,6,0,1,0,1,1,0,0,2,5,3,9
2015.0,25.0,0.0,0.0,3,6,0,0,0,0,0,5,0,1,0,0,5,1,1,2,4,6,0,0,0,1,1,0,4,7,5,3,3
2015.0,-349.0,0.0,0.0,3,6,3,1,4,0,0,1,1,1,0,0,1,1,1,8,4,6,0,1,1,2,2,0,6,7,5,8,3
2015.0,0.0,0.0,0.0,3,10,3,1,0,0,0,7,1,1,0,1,7,1,1,9,4,6,0,1,0,2,0,0,2,9,5,9,9
2015.0,672.0,0.0,0.0,3,7,3,3,4,0,0,2,1,1,1,1,1,1,1,10,4,6,0,0,1,1,1,0,6,7,5,6,3
2015.0,0.0,2.0,0.0,2,1,3,1,4,0,1,1,1,1,0,0,2,1,1,10,4,6,0,0,1,2,1,0,2,2,5,3,3
2015.0,0.0,0.0,0.0,3,1,2,1,0,0,0,5,1,1,0,0,1,1,1,12,4,6,0,0,0,0,1,0,4,2,5,9,3
2015.0,-325.0,0.0,0.0,3,8,3,1,3,0,1,5,1,1,1,1,1,1,1,15,4,6,0,0,0,0,1,0,0,7,5,6,1
2015.0,180.0,0.0,0.0,3,6,3,1,4,0,2,5,1,1,0,0,5,1,1,15,4,6,0,0,1,0,1,0,2,5,5,8,1
2015.0,54.0,0.0,0.0,3,6,3,0,0,0,1,5,1,1,0,1,5,1,1,15,4,6,0,0,0,2,1,0,4,7,5,8,3
2015.0,600.0,1.0,0.0,1,5,3,0,3,0,2,2,1,1,2,1,2,1,1,16,4,6,0,1,0,0,1,0,6,9,5,3,3
2015.0,823.0,0.0,0.0,3,6,3,3,4,0,0,5,1,1,0,0,5,1,1,16,4,6,0,1,1,1,1,0,6,7,5,8,8
2015.0,90.0,0.0,0.0,3,6,0,3,4,0,1,9,1,1,0,0,9,1,1,21,4,6,0,0,1,2,1,0,4,7,5,8,3
2015.0,0.0,0.0,0.0,3,4,0,3,4,0,1,9,1,1,0,1,5,1,1,21,4,6,0,0,1,2,1,0,4,2,5,9,3
2015.0,182.0,0.0,0.0,3,6,0,3,4,0,1,9,0,1,0,1,9,1,1,3,5,6,1,0,1,1,0,0,4,7,5,3,3
2015.0,0.0,0.0,0.0,3,6,3,0,0,0,1,5,1,1,0,1,1,1,1,15,5,6,1,0,0,1,1,0,4,2,5,9,3
2015.0,-0.01,0.0,0.0,3,1,3,0,0,0,1,1,1,1,0,0,1,1,1,17,5,6,1,1,0,1,2,0,6,7,5,3,9
2015.0,0.0,0.0,0.0,3,4,3,0,0,0,1,9,1,1,0,0,1,1,1,19,5,6,1,1,0,2,1,0,4,2,5,3,9
2015.0,-10.0,0.0,0.0,3,6,0,0,0,0,1,1,1,1,0,1,1,1,1,20,5,6,1,0,0,0,0,0,2,8,5,3,3
2015.0,840.0,0.0,0.0,3,6,0,0,0,0,1,5,1,1,0,0,5,1,1,20,5,6,1,0,0,1,1,0,6,7,5,8,3
2015.0,0.0,0.0,0.0,3,4,0,0,0,0,0,2,1,1,0,1,1,0,0,21,5,6,1,0,0,2,1,0,4,2,5,3,9
2015.0,230.0,0.0,0.0,3,10,0,0,0,0,0,9,1,1,0,1,9,1,1,21,5,6,1,0,0,2,1,0,6,9,5,3,2
2015.0,-110.0,0.0,0.0,3,12,0,4,3,0,2,8,1,1,1,1,1,1,1,7,6,6,1,1,0,0,1,0,6,5,5,6,5
2015.0,102.0,0.0,0.0,3,6,4,0,0,0,1,9,1,1,0,0,9,1,1,18,6,6,1,1,0,1,2,0,4,7,5,8,3
2015.0,-290.0,0.0,0.0,3,6,0,0,0,0,0,5,1,1,0,0,5,1,1,0,0,6,0,0,0,1,2,0,6,7,5,3,3
2015.0,75.0,0.0,0.0,3,6,3,0,0,0,0,9,1,1,0,0,9,1,1,6,0,6,0,0,0,2,2,0,6,7,5,8,3
2015.0,-100.0,3.0,0.0,3,6,3,0,0,0,0,2,1,1,0,0,2,1,1,7,0,6,0,1,0,1,1,0,4,7,5,8,3
2015.0,-250.0,0.0,0.0,3,6,3,0,0,0,0,9,1,1,0,1,9,1,1,7,0,6,0,1,0,2,2,0,6,7,5,8,3
2015.0,0.0,0.0,0.0,3,1,3,0,0,0,0,2,1,1,0,1,2,1,1,8,0,6,0,1,0,1,1,0,4,3,5,9,9
2015.0,10.0,1.0,0.0,2,5,3,1,0,2,1,5,1,1,0,0,9,1,1,10,0,6,0,0,0,2,0,0,4,9,5,9,3
2015.0,0.0,2.0,0.0,2,1,3,1,0,0,1,5,1,1,0,1,1,1,1,13,0,6,0,0,0,1,0,0,4,2,5,3,3
2015.0,0.0,1.0,0.0,3,1,3,0,0,0,0,5,1,1,0,0,9,1,1,13,0,6,0,0,0,1,1,0,4,2,5,3,9
2015.0,-47.0,2.0,0.0,3,3,3,0,0,0,1,5,1,1,0,1,2,1,1,14,0,6,0,0,0,1,2,0,6,5,5,3,3
2015.0,0.0,1.0,0.0,2,4,3,0,0,0,1,2,1,1,0,1,9,1,1,15,0,6,0,0,0,0,0,0,4,2,5,3,9
2015.0,0.0,0.0,0.0,3,10,3,0,0,0,1,1,1,1,0,1,1,1,1,17,0,6,0,1,0,1,1,0,4,5,5,9,9
2015.0,168.0,2.0,0.0,3,6,3,1,0,0,0,2,1,1,0,1,2,1,1,17,0,6,0,1,0,2,1,0,6,7,5,8,3
2015.0,-56.0,0.0,0.0,3,5,3,0,0,0,0,9,1,1,0,0,1,1,1,17,0,6,0,1,0,1,2,0,4,5,5,8,1
2015.0,25.0,0.0,0.0,3,6,3,0,0,0,2,9,1,1,0,1,9,1,1,19,0,6,0,1,0,0,1,0,4,7,5,8,5
2015.0,-130.0,0.0,0.0,3,10,3,0,0,0,0,1,1,1,0,0,1,1,1,7,1,6,0,1,0,2,1,0,6,5,5,3,2
2015.0,135.0,0.0,0.0,3,6,3,0,0,0,1,1,1,1,0,1,1,1,1,8,1,6,0,1,0,2,1,0,6,7,5,8,3
2015.0,75.0,1.0,0.0,3,10,3,1,0,0,1,5,1,1,0,0,5,1,1,10,1,6,0,0,0,1,0,0,6,9,5,3,2
2015.0,0.0,1.0,0.0,2,4,3,1,0,0,1,9,1,1,0,0,5,1,1,10,1,6,0,0,0,2,1,0,4,2,5,9,3
2015.0,190.0,0.0,0.0,3,1,3,0,0,0,1,5,1,1,0,1,9,1,1,11,1,6,0,0,0,2,1,0,0,2,5,8,9
2015.0,-75.0,0.0,0.0,3,6,3,1,0,0,2,1,1,1,0,0,1,1,1,13,1,6,0,0,0,0,1,0,4,7,5,8,3
2015.0,64.0,1.0,0.0,2,10,3,1,0,0,0,2,1,1,0,0,2,1,1,14,1,6,0,0,0,2,1,0,6,9,5,3,2
2015.0,-63.0,1.0,0.0,2,6,3,0,0,0,1,2,1,1,0,0,2,1,1,16,1,6,0,1,0,2,1,0,4,7,5,8,3
2015.0,-300.0,0.0,0.0,3,10,3,1,0,0,1,2,1,1,0,0,2,1,1,9,2,6,0,1,0,0,1,0,6,9,5,3,2
2015.0,-150.0,0.0,0.0,3,8,3,1,0,0,1,6,1,1,0,1,3,1,1,9,2,6,0,1,0,2,0,0,6,5,5,1,1
2015.0,-20.0,0.0,0.0,3,10,3,0,0,0,1,5,1,1,0,0,5,1,1,12,2,6,0,0,0,1,1,0,4,9,5,8,9
2015.0,270.0,0.0,0.0,3,6,3,1,0,0,0,1,1,1,0,1,1,1,1,12,2,6,0,0,0,2,2,0,6,7,5,8,3
2015.0,113.0,0.0,0.0,3,6,3,0,0,0,0,9,1,1,0,1,9,1,1,14,2,6,0,0,0,0,2,0,4,7,5,8,3
2015.0,-134.0,0.0,0.0,3,6,3,0,0,0,1,5,1,1,0,0,5,1,1,18,2,6,0,1,0,1,2,0,6,7,5,8,3
2015.0,120.0,0.0,0.0,3,6,0,0,0,0,1,5,1,1,0,1,5,1,1,21,2,6,0,0,0,1,2,0,6,7,5,3,3
2015.0,-830.0,1.0,0.0,3,6,3,0,0,0,1,9,1,1,0,0,9,1,1,7,3,6,0,1,0,1,1,0,6,7,5,8,3
2015.0,0.0,0.0,0.0,3,1,3,0,0,0,1,9,1,1,0,1,1,1,1,9,3,6,0,1,0,0,0,0,2,2,5,9,3
2015.0,190.0,0.0,0.0,3,1,3,0,0,0,0,1,1,1,0,0,5,1,1,13,3,6,0,0,0,0,2,0,6,2,5,2,9
2015.0,50.0,0.0,0.0,3,10,3,0,0,0,1,1,1,1,0,1,1,1,1,13,3,6,0,0,0,1,0,0,2,9,5,3,2
2015.0,0.0,0.0,0.0,3,4,3,0,0,0,1,1,1,1,0,1,5,1,1,13,3,6,0,0,0,1,1,0,4,2,5,9,3
2015.0,10.0,0.0,0.0,3,6,3,0,0,0,1,9,1,1,0,0,9,1,1,14,3,6,0,0,0,1,1,0,4,7,5,8,3
2015.0,0.0,0.0,0.0,3,6,3,0,0,0,1,9,1,1,0,0,9,1,1,14,3,6,0,0,0,2,1,0,6,7,5,8,8
2015.0,0.0,2.0,0.0,3,4,3,0,0,0,1,1,1,1,0,1,9,1,1,15,3,6,0,0,0,1,1,0,4,2,5,3,9
2015.0,0.0,0.0,0.0,3,4,3,0,0,0,1,7,1,1,0,0,1,1,1,16,3,6,0,1,0,1,1,0,4,2,5,3,9
2015.0,68.0,0.0,0.0,3,5,0,0,0,0,1,1,1,1,0,1,1,1,1,21,3,6,0,0,0,1,2,0,4,4,5,3,9
2015.0,-200.0,0.0,0.0,3,6,0,0,0,0,1,2,1,1,0,1,2,1,1,21,3,6,0,0,0,2,1,0,6,7,5,8,3
2015.0,10.0,0.0,0.0,3,1,0,0,0,0,1,9,1,1,0,1,2,1,1,21,3,6,0,0,0,1,1,0,4,4,5,3,9
2015.0,0.0,1.0,0.0,2,1,0,0,0,0,1,5,1,1,0,1,9,1,1,3,4,6,0,0,0,1,1,0,4,5,5,3,3
2015.0,-20.0,0.0,0.0,3,10,3,0,0,0,0,1,1,1,0,0,1,1,1,7,4,6,0,1,0,1,1,0,4,7,5,8,3
2015.0,447.0,2.0,0.0,3,4,3,0,0,0,0,5,1,1,0,0,9,1,1,10,4,6,0,0,0,0,2,0,6,2,5,3,9
2015.0,-122.0,0.0,0.0,3,6,3,0,0,0,1,2,1,1,0,1,2,1,1,11,4,6,0,0,0,1,0,0,4,7,5,8,3
2015.0,-40.0,0.0,0.0,3,6,3,0,0,0,1,5,1,1,0,1,5,1,1,12,4,6,0,0,0,0,0,0,6,7,5,8,3
2015.0,-445.0,0.0,0.0,3,6,3,0,0,0,0,5,1,1,0,0,5,1,1,13,4,6,0,0,0,1,2,0,6,7,5,8,3
2015.0,25.0,0.0,0.0,3,6,3,0,0,0,1,9,1,1,0,1,9,1,1,14,4,6,0,0,0,1,1,0,4,8,5,8,3
2015.0,-182.0,0.0,0.0,3,10,3,0,0,0,0,2,1,1,0,0,2,1,1,15,4,6,0,0,0,1,1,0,4,7,5,8,3
2015.0,-10.0,1.0,0.0,1,5,3,0,0,2,1,9,1,1,0,1,2,1,1,15,4,6,0,0,0,0,1,0,4,2,5,9,3
2015.0,93.0,0.0,0.0,3,10,3,0,0,0,0,1,1,1,0,1,1,1,1,15,4,6,0,0,0,0,1,0,4,5,5,3,2
2015.0,200.0,0.0,0.0,3,6,3,0,0,0,0,9,1,1,0,1,9,1,1,16,4,6,0,1,0,2,0,0,6,2,5,3,6
2015.0,-210.0,0.0,0.0,3,4,3,0,0,0,0,2,1,1,0,0,9,1,1,16,4,6,0,1,0,1,2,0,0,2,5,3,9
2015.0,15.0,1.0,0.0,2,6,3,0,0,0,0,1,1,1,0,0,1,1,1,17,4,6,0,1,0,1,0,0,4,7,5,8,3
2015.0,-110.0,1.0,0.0,3,6,3,0,0,0,1,2,1,1,0,0,2,1,1,18,4,6,0,1,0,2,1,0,2,7,5,8,3
2015.0,0.0,6.0,0.0,2,4,3,0,0,0,1,5,1,1,0,0,1,1,1,18,4,6,0,1,0,1,1,0,4,2,5,3,9
2015.0,330.0,1.0,0.0,3,6,0,0,0,0,0,5,1,1,0,1,5,1,1,21,4,6,0,0,0,2,1,0,2,7,5,8,3
2015.0,0.0,2.0,0.0,2,1,0,0,0,0,1,1,0,1,0,1,2,1,1,0,5,6,1,0,0,2,1,0,4,2,5,3,3
2015.0,-74.0,1.0,0.0,1,12,0,0,0,0,1,2,0,1,0,1,2,1,1,1,5,6,1,0,0,2,2,0,4,7,5,8,3
2015.0,200.0,0.0,0.0,3,12,0,0,0,0,2,8,1,1,1,1,8,1,1,7,5,6,1,1,0,0,1,0,6,5,5,6,3
2015.0,85.0,3.0,0.0,2,6,3,0,0,0,0,9,1,1,0,1,9,1,1,16,5,6,1,1,0,2,1,0,4,7,5,8,8
2015.0,0.0,0.0,0.0,3,6,0,0,0,0,2,5,1,1,0,1,9,1,1,22,5,6,1,0,0,0,1,0,4,2,5,9,3
2015.0,-200.0,0.0,0.0,3,12,0,0,0,0,2,8,1,1,1,1,1,1,1,0,6,6,1,0,0,0,1,0,6,5,5,6,5
2015.0,100.0,0.0,0.0,3,10,0,0,0,0,2,2,1,1,0,1,2,1,1,0,6,6,1,0,0,0,2,0,6,7,5,3,3
2015.0,5.0,1.0,0.0,3,5,0,0,0,2,0,2,0,1,0,1,9,1,1,1,6,6,1,0,0,2,1,0,4,5,5,3,3
2015.0,98.0,0.0,0.0,3,1,0,0,0,0,1,1,0,1,0,1,9,1,1,1,6,6,1,0,0,1,1,0,4,5,5,8,1
2015.0,0.0,0.0,0.0,3,4,2,0,0,0,2,3,1,1,0,1,9,1,1,5,6,6,1,0,0,0,1,0,4,5,5,3,5
2015.0,0.0,2.0,0.0,2,1,0,0,0,0,0,3,1,1,0,1,9,1,1,22,6,6,1,0,0,1,2,0,4,2,5,3,9
2015.0,-7.0,1.0,0.0,2,1,0,0,0,0,2,1,1,1,3,1,5,1,1,3,0,6,0,0,0,0,1,0,4,2,5,7,9
2015.0,87.0,0.0,0.0,3,6,3,0,0,0,1,2,1,1,0,0,2,1,1,8,0,6,0,1,0,1,1,0,4,7,5,8,3
2015.0,300.0,0.0,0.0,3,1,3,0,0,0,0,9,1,1,0,1,9,1,1,8,0,6,0,1,0,2,1,0,6,2,5,3,9
2015.0,0.0,1.0,0.0,3,4,3,0,0,0,0,1,1,1,0,0,2,1,1,10,0,6,0,0,0,1,1,0,4,2,5,9,3
2015.0,360.0,0.0,0.0,3,6,3,0,0,0,0,1,1,1,0,1,1,1,1,11,0,6,0,0,0,1,1,0,6,7,5,8,3
2015.0,0.0,0.0,0.0,3,4,3,0,0,0,0,2,1,1,0,0,5,1,1,15,0,6,0,0,0,1,2,0,4,2,5,3,9
2015.0,-100.0,0.0,0.0,3,10,3,0,0,0,0,1,1,1,0,1,1,1,1,16,0,6,0,1,0,2,1,0,6,9,9,2,2
2015.0,0.0,0.0,0.0,3,4,3,0,0,0,2,7,1,1,0,0,1,1,1,17,0,6,0,1,0,0,1,0,2,2,5,3,9
2015.0,0.0,2.0,0.0,2,4,3,0,0,0,0,9,1,1,0,1,1,1,1,12,1,6,0,0,0,2,1,0,4,2,5,9,3
2015.0,-127.0,1.0,0.0,3,6,3,0,0,0,1,2,1,1,0,1,2,1,1,12,1,6,0,0,0,2,0,0,4,7,5,8,3
2015.0,-200.0,1.0,0.0,2,6,3,0,0,0,1,5,1,1,0,1,5,1,1,14,1,6,0,0,0,2,1,0,6,7,5,8,3
2015.0,0.0,0.0,0.0,3,4,3,0,0,0,1,1,1,1,0,1,9,1,1,16,1,6,0,1,0,1,1,0,4,2,5,9,3