Year,Distance,Totalinjuries,Totalfatalities,Injuryseverity,Collisionmanner,Lightcondition,Weather,SurfaceCondition,Unittype_One,Gender_Drv1,Traveldirection_One,AlcoholUse_Drv1,DrugUse_Drv1,Unittype_Two,Gender_Drv2,Traveldirection_Two,AlcoholUse_Drv2,DrugUse_Drv2,Hour,Weekday,Month,Weekend,Rush_Hour,Hazardous_Road,Age_Group_Drv1,Age_Group_Drv2,Substance_Use,Junction_Category,Violation_Category_Drv1,Violation_Category_Drv2,Unitaction_Category_Two,Unitaction_Category_One
2015.0,473.0,0.0,0.0,3,6,3,0,0,0,1,1,1,1,0,0,1,1,1,16,1,6,0,1,0,2,2,0,6,7,5,8,3
2015.0,-539.0,2.0,0.0,3,6,3,0,0,0,0,5,1,1,0,1,5,1,1,17,1,6,0,1,0,2,0,0,6,7,5,8,3
2015.0,575.0,1.0,0.0,1,1,0,0,3,0,1,8,1,1,0,1,1,1,1,0,2,6,0,0,0,2,1,0,6,5,5,3,5
2015.0,0.0,0.0,0.0,3,3,3,0,0,0,0,6,1,1,0,1,4,1,1,8,2,6,0,1,0,1,1,0,4,9,5,9,9
2015.0,-30.0,0.0,0.0,3,6,3,0,0,0,1,2,1,1,0,1,2,1,1,9,2,6,0,1,0,1,1,0,4,7,5,8,3
2015.0,-50.0,0.0,0.0,3,6,3,0,0,0,0,1,1,1,0,0,1,1,1,11,2,6,0,0,0,2,1,0,4,7,5,8,3
2015.0,-160.0,0.0,0.0,3,6,3,0,0,0,1,9,1,1,0,1,0,1,1,12,2,6,0,0,0,2,1,0,6,7,5,3,3
2015.0,0.0,0.0,0.0,3,10,3,0,0,0,1,2,1,1,0,1,2,1,1,15,2,6,0,0,0,1,2,0,4,2,5,3,9
2015.0,-56.0,0.0,0.0,3,6,3,0,0,0,1,1,1,1,0,1,1,1,1,16,2,6,0,1,0,1,0,0,4,7,5,8,3
2015.0,300.0,0.0,0.0,3,10,3,0,0,0,0,5,1,1,0,0,5,1,1,17,2,6,0,1,0,1,1,0,4,7,5,8,2
2015.0,0.0,3.0,0.0,2,4,3,0,0,0,1,1,1,1,0,0,5,1,1,18,2,6,0,1,0,1,2,0,4,4,5,3,9
2015.0,200.0,0.0,0.0,3,6,0,0,0,0,0,1,1,1,0,1,1,1,1,19,2,6,0,1,0,2,1,0,6,7,5,8,3
2015.0,0.0,0.0,0.0,3,4,0,0,0,0,1,2,1,1,0,0,9,1,1,22,2,6,0,0,0,2,2,0,4,2,5,9,3
2015.0,0.0,1.0,0.0,3,1,3,0,0,0,1,3,1,1,0,0,9,1,1,6,3,6,0,0,0,1,1,0,4,2,5,3,9
2015.0,0.0,0.0,0.0,3,1,3,0,0,0,1,9,1,1,0,1,9,1,1,7,3,6,0,1,0,0,2,0,2,4,5,3,9
2015.0,170.0,0.0,0.0,3,10,3,0,0,0,0,9,1,1,0,1,9,1,1,7,3,6,0,1,0,1,1,0,6,7,5,8,3
2015.0,-200.0,0.0,0.0,3,4,3,0,0,0,2,5,1,1,0,1,2,1,1,8,3,6,0,1,0,0,1,0,0,2,5,3,9
2015.0,-90.0,0.0,0.0,3,6,3,0,0,0,0,2,1,1,0,0,2,1,1,9,3,6,0,1,0,2,1,0,6,7,5,8,3
2015.0,-64.0,0.0,0.0,3,6,3,0,0,0,1,5,1,1,0,1,5,1,1,10,3,6,0,0,0,2,1,0,6,7,5,8,3
2015.0,-90.0,0.0,0.0,3,6,3,0,0,0,0,1,1,1,0,1,1,1,1,16,3,6,0,1,0,1,1,0,4,7,5,8,3
2015.0,-44.0,1.0,0.0,3,1,3,0,0,0,1,1,0,1,0,0,2,1,1,16,3,6,0,1,0,1,1,0,4,4,5,8,9
2015.0,0.0,0.0,0.0,3,1,3,0,0,0,0,1,1,1,0,1,1,1,1,17,3,6,0,1,0,2,2,0,4,4,5,9,9
2015.0,-101.0,0.0,0.0,3,6,3,0,0,0,1,1,1,1,0,1,1,1,1,17,3,6,0,1,0,1,1,0,6,7,5,8,3
2015.0,83.0,0.0,0.0,3,6,3,0,0,0,0,5,1,1,0,1,5,1,1,18,3,6,0,1,0,1,1,0,4,7,5,8,3
2015.0,218.0,0.0,0.0,3,6,3,0,0,0,1,2,1,1,0,1,2,1,1,18,3,6,0,1,0,1,2,0,6,7,5,8,3
2015.0,0.0,0.0,0.0,3,1,0,0,0,0,0,9,1,1,0,1,2,1,1,20,3,6,0,0,0,2,1,0,4,2,5,3,9
2015.0,-410.0,0.0,0.0,3,5,3,0,0,0,0,1,1,1,1,1,5,1,1,11,4,6,0,0,0,1,1,0,6,7,5,6,3
2015.0,-10.0,0.0,0.0,3,10,3,0,0,0,0,6,1,1,0,0,1,1,1,13,4,6,0,0,0,1,1,0,4,4,5,8,9
2015.0,0.0,2.0,0.0,2,4,3,0,0,0,1,9,1,1,0,0,5,1,1,14,4,6,0,0,0,2,2,0,4,2,5,9,3
2015.0,-430.0,1.0,0.0,2,1,3,0,0,2,0,1,1,1,0,0,5,1,1,15,4,6,0,0,0,1,1,0,0,5,5,3,3
2015.0,-174.0,0.0,0.0,3,6,3,0,0,0,1,9,1,1,0,0,9,1,1,17,4,6,0,1,0,1,1,0,6,7,5,8,3
2015.0,52.0,0.0,0.0,3,1,3,0,0,0,1,2,1,1,0,1,9,1,1,17,4,6,0,1,0,1,1,0,6,7,5,3,9
2015.0,73.0,0.0,0.0,3,10,3,0,0,0,2,2,1,1,0,0,2,1,1,17,4,6,0,1,0,0,1,0,6,9,5,3,2
2015.0,0.0,0.0,0.0,3,4,3,0,0,0,1,2,1,1,0,0,9,1,1,18,4,6,0,1,0,2,2,0,4,4,5,3,9
2015.0,0.0,1.0,0.0,3,5,3,0,0,2,1,2,1,1,0,0,1,1,1,18,4,6,0,1,0,2,1,0,4,9,5,9,3
2015.0,0.0,0.0,0.0,3,1,0,0,0,0,0,9,1,1,0,1,9,1,1,21,4,6,0,0,0,2,2,0,2,9,5,3,9
2015.0,-534.0,1.0,0.0,2,6,0,0,0,0,1,9,0,1,1,1,9,1,1,2,5,6,1,0,0,2,1,0,6,7,5,6,3
2015.0,-50.0,0.0,0.0,3,6,3,0,0,0,0,2,1,1,0,1,2,1,1,9,5,6,1,1,0,1,0,0,6,7,5,3,3
2015.0,-30.0,0.0,0.0,3,6,3,0,0,0,1,2,1,1,0,1,2,1,1,10,5,6,1,0,0,2,0,0,4,7,5,8,3
2015.0,146.0,0.0,0.0,3,6,3,0,0,0,0,1,1,1,0,1,1,1,1,17,5,6,1,1,0,0,1,0,6,7,5,3,9
2015.0,-110.0,0.0,0.0,3,6,0,0,3,0,2,1,1,1,0,1,1,1,1,19,5,6,1,1,0,0,1,0,6,7,5,8,3
2015.0,-380.0,0.0,0.0,3,6,0,0,0,0,0,2,1,1,0,1,2,1,1,19,5,6,1,1,0,0,1,0,4,7,5,8,3
2015.0,0.0,0.0,0.0,3,4,0,0,0,0,1,2,0,1,0,0,1,1,1,20,5,6,1,0,0,1,1,0,4,2,5,3,9
2015.0,475.0,0.0,0.0,3,6,0,0,0,0,2,1,0,1,0,0,1,1,1,21,5,6,1,0,0,0,1,0,4,7,5,8,3
2015.0,0.0,0.0,0.0,3,4,0,0,0,0,1,9,1,1,0,1,1,1,1,22,5,6,1,0,0,2,2,0,4,2,5,3,9
2015.0,-38.0,0.0,0.0,3,6,3,0,0,0,1,2,1,1,0,1,2,1,1,8,6,6,1,1,0,2,1,0,4,7,5,8,3
2015.0,0.0,0.0,0.0,3,1,3,0,0,0,1,5,1,1,0,0,1,1,1,10,6,6,1,0,0,1,1,0,4,5,5,3,3
2015.0,0.0,0.0,0.0,3,12,3,0,0,0,2,8,1,1,0,1,8,1,1,10,6,6,1,0,0,0,1,0,4,5,5,3,5
2015.0,0.0,1.0,0.0,3,1,3,0,0,0,1,9,1,1,0,0,5,1,1,12,6,6,1,0,0,1,2,0,2,2,5,9,3
2015.0,0.0,0.0,0.0,3,3,3,0,0,0,2,2,1,1,0,0,7,1,1,15,6,6,1,0,0,0,1,0,4,9,5,9,3
2015.0,0.0,2.0,0.0,2,1,0,0,0,0,1,9,1,1,0,0,5,1,1,21,6,6,1,0,0,2,1,0,4,2,5,3,3
2015.0,-575.0,0.0,0.0,3,6,3,0,0,0,2,2,1,1,0,0,2,1,1,7,0,6,0,1,0,0,1,0,6,7,5,8,5
2015.0,-35.0,0.0,0.0,3,6,3,0,0,0,1,1,1,1,0,1,1,1,1,8,0,6,0,1,0,0,1,0,4,7,5,8,3
2015.0,-90.0,0.0,0.0,3,6,3,0,0,0,1,2,1,1,0,1,2,1,1,8,0,6,0,1,0,2,1,0,4,7,5,8,3
2015.0,40.0,0.0,0.0,3,6,3,0,0,0,0,9,1,1,0,0,9,1,1,9,0,6,0,1,0,1,1,0,4,7,5,8,3
2015.0,-40.0,0.0,0.0,3,6,3,0,0,0,0,1,1,1,0,1,1,1,1,11,0,6,0,0,0,2,1,0,2,7,5,8,8
2015.0,0.0,1.0,0.0,2,3,3,0,0,0,0,2,1,1,0,1,5,1,1,13,0,6,0,0,0,1,1,0,4,4,5,9,3
2015.0,-50.0,0.0,0.0,3,10,3,0,0,0,1,1,1,1,0,1,1,1,1,13,0,6,0,0,0,0,1,0,4,9,5,3,2
2015.0,0.0,0.0,0.0,3,1,3,0,0,0,0,1,1,1,0,0,2,1,1,14,0,6,0,0,0,2,1,0,4,5,5,3,3
2015.0,-200.0,0.0,0.0,3,6,3,0,0,0,1,2,1,1,0,0,2,1,1,15,0,6,0,0,0,1,1,0,6,7,5,8,3
2015.0,490.0,2.0,0.0,2,6,3,0,0,0,1,1,1,1,0,1,1,1,1,15,0,6,0,0,0,1,1,0,0,7,5,9,3
2015.0,-836.0,0.0,0.0,3,6,3,0,0,0,0,1,1,1,0,0,1,1,1,15,0,6,0,0,0,2,1,0,0,7,5,8,3
2015.0,-10.0,0.0,0.0,3,6,3,0,0,0,0,2,1,1,0,1,2,1,1,16,0,6,0,1,0,2,0,0,2,7,5,8,3
2015.0,0.0,0.0,0.0,3,1,3,0,0,0,1,5,1,1,0,0,5,1,1,17,0,6,0,1,0,1,2,0,2,4,5,3,9
2015.0,-59.0,1.0,0.0,2,5,3,0,0,2,1,2,1,1,0,1,1,1,1,17,0,6,0,1,0,1,2,0,4,9,5,9,5
2015.0,172.0,1.0,0.0,3,6,3,0,0,0,1,9,1,1,0,1,9,1,1,18,0,6,0,1,0,0,1,0,6,7,5,8,3
2015.0,0.0,0.0,0.0,3,4,0,0,0,0,1,2,1,1,0,0,1,1,1,22,0,6,0,0,0,2,0,0,4,2,5,9,3
2015.0,0.0,1.0,0.0,2,1,3,0,0,0,0,2,1,1,0,0,1,1,1,22,0,6,0,0,0,2,2,0,4,5,5,3,3
2015.0,0.0,1.0,0.0,3,4,3,0,0,0,0,1,1,1,0,1,2,1,1,6,1,6,0,0,0,1,1,0,4,5,5,3,9
2015.0,514.0,1.0,0.0,2,1,3,0,0,0,0,2,1,1,0,0,9,1,1,9,1,6,0,1,0,2,1,0,0,2,5,9,3
2015.0,152.0,0.0,0.0,3,6,3,0,0,0,0,1,1,1,0,1,1,1,1,12,1,6,0,0,0,1,0,0,6,7,5,8,3
2015.0,60.0,0.0,0.0,3,6,3,0,0,0,1,5,1,1,0,1,5,1,1,13,1,6,0,0,0,1,1,0,2,7,5,8,3
2015.0,-100.0,1.0,0.0,2,6,3,0,0,0,2,2,1,1,0,1,2,1,1,14,1,6,0,0,0,0,1,0,4,7,5,8,3
2015.0,0.0,0.0,0.0,3,6,3,0,0,0,1,5,1,1,0,1,5,1,1,17,1,6,0,1,0,2,1,0,4,7,5,8,3
2015.0,105.0,0.0,0.0,3,6,3,0,0,0,2,5,1,1,0,1,5,1,1,17,1,6,0,1,0,0,1,0,4,7,5,8,3
2015.0,0.0,1.0,0.0,2,4,3,0,0,0,0,9,1,1,0,1,4,1,1,19,1,6,0,1,0,1,1,0,4,2,5,9,3
2015.0,0.0,0.0,0.0,3,1,0,0,0,0,2,1,1,1,0,1,5,1,1,1,2,6,0,0,0,0,1,0,4,2,5,3,5
2015.0,35.0,1.0,0.0,2,5,0,0,0,0,0,1,0,1,2,1,1,1,1,2,2,6,0,0,0,1,2,0,6,9,5,3,3
2015.0,-65.0,0.0,0.0,3,10,3,0,0,0,2,1,1,1,0,1,1,1,1,6,2,6,0,0,0,0,1,0,6,7,5,8,3
2015.0,0.0,1.0,0.0,3,4,3,0,0,0,1,9,1,1,0,0,1,1,1,7,2,6,0,1,0,1,2,0,4,5,5,9,3
2015.0,-20.0,0.0,0.0,3,6,3,0,0,0,1,9,1,1,0,0,9,1,1,7,2,6,0,1,0,1,1,0,2,7,5,8,8
2015.0,0.0,1.0,0.0,3,10,3,0,0,0,1,1,1,1,0,0,1,1,1,14,2,6,0,0,0,2,1,0,4,9,5,3,2
2015.0,0.0,0.0,0.0,3,4,3,0,0,0,0,9,1,1,0,1,2,1,1,14,2,6,0,0,0,1,2,0,4,2,5,9,3
2015.0,90.0,1.0,0.0,3,6,3,0,0,0,0,5,1,1,0,0,5,0,1,15,2,6,0,0,0,1,1,0,4,7,5,8,3
2015.0,0.0,0.0,0.0,3,4,3,0,0,0,1,9,1,1,0,1,1,1,1,15,2,6,0,0,0,2,2,0,4,2,5,3,9
2015.0,100.0,0.0,0.0,3,10,3,0,0,0,0,9,1,1,0,0,9,1,1,15,2,6,0,0,0,1,2,0,4,9,5,3,2
2015.0,-86.0,1.0,0.0,3,6,3,0,0,0,0,2,1,1,0,0,2,1,1,16,2,6,0,1,0,1,1,0,4,7,5,8,3
2015.0,-592.0,0.0,0.0,3,6,3,0,0,0,0,1,1,1,0,1,1,1,1,17,2,6,0,1,0,1,1,0,6,7,5,8,3
2015.0,0.0,0.0,0.0,3,4,0,0,0,0,1,7,1,1,0,1,1,1,1,20,2,6,0,0,0,2,1,0,4,2,5,3,9
2015.0,46.0,0.0,0.0,3,6,0,0,0,0,1,5,0,1,0,1,5,1,1,20,2,6,0,0,0,2,1,0,6,7,5,8,3
2015.0,-68.0,0.0,0.0,3,10,3,0,0,0,0,5,1,1,0,0,5,1,1,6,3,6,0,0,0,1,1,0,4,9,9,9,9
2015.0,225.0,1.0,0.0,3,6,3,0,0,0,0,9,1,1,0,1,9,1,1,7,3,6,0,1,0,1,1,0,4,7,5,8,3
2015.0,75.0,0.0,0.0,3,6,3,0,0,0,0,5,1,1,0,0,5,1,1,9,3,6,0,1,0,1,1,0,4,7,7,3,3
2015.0,0.0,0.0,0.0,3,1,3,0,0,0,1,2,1,1,0,0,1,1,1,11,3,6,0,0,0,2,1,0,4,2,5,3,9
2015.0,321.0,1.0,0.0,2,6,3,0,0,0,1,9,1,1,0,1,9,1,1,12,3,6,0,0,0,2,2,0,6,7,5,8,3
2015.0,-230.0,0.0,0.0,3,6,3,0,0,0,1,2,1,1,0,1,2,1,1,16,3,6,0,1,0,1,1,0,4,7,5,8,3
2015.0,0.0,0.0,0.0,3,4,3,0,0,0,0,2,1,1,0,1,9,1,1,16,3,6,0,1,0,1,1,0,4,2,5,9,3
2015.0,-152.0,0.0,0.0,3,6,3,0,0,0,1,5,1,1,0,1,5,1,1,17,3,6,0,1,0,1,1,0,4,7,5,8,3
2015.0,-10.0,0.0,0.0,3,6,3,0,0,0,1,5,1,1,0,1,5,1,1,18,3,6,0,1,0,2,0,0,4,7,5,8,3
2015.0,360.0,0.0,0.0,3,10,3,0,0,0,1,5,1,1,0,1,5,1,1,19,3,6,0,1,0,1,1,0,6,9,5,3,9
2015.0,-226.0,1.0,0.0,3,4,0,0,0,0,1,5,1,1,0,0,5,1,1,20,3,6,0,0,0,2,1,0,0,4,5,9,9
2015.0,0.0,0.0,0.0,3,1,0,0,0,0,1,1,1,1,0,0,5,1,1,21,3,6,0,0,0,2,2,0,4,2,5,9,9
2015.0,283.0,0.0,0.0,3,12,0,0,0,0,2,8,1,1,0,1,9,1,1,22,3,6,0,0,0,0,1,0,4,5,5,3,5
2015.0,-105.0,0.0,0.0,3,6,3,0,0,0,0,5,1,1,0,1,5,1,1,10,4,6,0,0,0,0,1,0,6,7,5,8,3
2015.0,1027.0,4.0,0.0,3,6,3,0,0,0,1,9,1,1,0,1,9,1,1,13,4,6,0,0,0,1,1,0,6,7,5,8,3
2015.0,0.0,1.0,0.0,2,4,3,0,0,0,1,2,1,1,0,0,5,1,1,15,4,6,0,0,0,2,1,0,4,2,5,3,9
2015.0,0.0,2.0,0.0,2,4,3,0,0,0,0,2,1,1,0,1,6,1,1,16,4,6,0,1,0,1,1,0,4,2,5,9,3
2015.0,0.0,0.0,0.0,3,10,3,0,0,0,0,9,1,1,0,1,9,1,1,16,4,6,0,1,0,0,1,0,4,4,5,9,9
2015.0,-400.0,0.0,0.0,3,6,3,0,0,0,1,1,1,1,0,0,1,1,1,18,4,6,0,1,0,1,1,0,4,7,5,8,3
2015.0,-331.0,0.0,0.0,3,8,0,0,0,0,0,2,1,1,1,1,9,1,1,21,4,6,0,0,0,2,1,0,6,5,5,6,1
2015.0,-64.0,0.0,0.0,3,10,0,0,0,0,1,2,1,1,0,0,2,1,1,22,4,6,0,0,0,1,2,0,4,5,5,3,3
2015.0,200.0,0.0,0.0,3,10,0,0,0,0,1,5,1,1,0,0,5,1,1,22,4,6,0,0,0,1,2,0,6,9,5,8,2
2015.0,-100.0,0.0,0.0,3,10,0,1,4,0,1,2,1,1,0,0,2,1,1,1,5,6,1,0,1,0,1,0,4,9,9,5,5
2015.0,-390.0,0.0,0.0,3,3,0,0,0,0,1,1,0,1,1,1,8,1,1,4,5,6,1,0,0,1,1,0,6,7,5,6,3
2015.0,53.0,0.0,0.0,3,1,3,0,0,0,0,2,1,1,0,0,9,1,1,16,5,6,1,1,0,1,1,0,6,9,5,3,9
2015.0,0.0,0.0,0.0,3,5,3,0,3,2,2,5,1,1,0,0,1,1,1,11,6,6,1,0,0,0,0,0,4,2,5,3,3
2015.0,0.0,0.0,0.0,3,1,3,0,0,0,0,1,1,1,0,0,2,1,1,16,6,6,1,1,0,0,1,0,4,5,5,3,3
2015.0,50.0,0.0,0.0,3,1,3,0,0,0,2,2,1,1,0,1,1,1,1,17,6,6,1,1,0,0,1,0,6,4,5,3,9
2015.0,-5.0,0.0,0.0,3,1,3,0,0,0,1,9,1,1,0,0,2,1,1,18,6,6,1,1,0,1,1,0,4,4,5,8,9
2015.0,-50.0,0.0,0.0,3,6,3,0,0,0,0,2,1,1,0,0,2,1,1,18,6,6,1,1,0,0,1,0,6,5,7,5,5
2015.0,210.0,0.0,0.0,3,10,3,0,0,0,1,2,1,1,0,1,2,1,1,7,0,6,0,1,0,1,1,0,6,5,5,5,5
2015.0,0.0,0.0,0.0,3,12,3,0,0,0,0,1,1,1,0,1,2,1,1,11,0,6,0,0,0,0,1,0,4,2,5,3,9
2015.0,56.0,1.0,0.0,2,1,3,0,0,2,0,1,1,1,0,0,2,1,1,11,0,6,0,0,0,2,1,0,4,9,5,3,3
2015.0,-75.0,0.0,0.0,3,6,3,0,0,0,0,2,1,1,0,1,2,1,1,12,0,6,0,0,0,1,0,0,4,7,5,8,3
2015.0,106.0,0.0,0.0,3,10,3,0,0,0,1,3,1,1,0,1,1,1,1,13,0,6,0,0,0,1,1,0,6,2,5,3,5
2015.0,0.0,0.0,0.0,3,1,3,0,0,0,1,9,1,1,0,1,5,1,1,13,0,6,0,0,0,1,1,0,4,2,5,3,9
2015.0,354.0,0.0,0.0,3,6,3,0,0,0,0,5,1,1,0,0,5,1,1,15,0,6,0,0,0,2,0,0,6,7,5,8,3
2015.0,0.0,0.0,0.0,3,6,3,0,0,0,1,5,1,1,0,1,5,1,1,17,0,6,0,1,0,2,1,0,4,7,5,8,8
2015.0,-648.0,1.0,0.0,2,4,3,0,0,2,1,1,1,1,0,1,5,1,1,18,0,6,0,1,0,2,2,0,0,9,5,9,3
2015.0,630.0,1.0,0.0,2,6,3,0,0,0,1,5,1,1,0,1,5,1,1,14,1,6,0,0,0,2,1,0,6,7,5,8,3
2015.0,-120.0,1.0,0.0,3,6,3,0,0,0,1,9,1,1,0,1,9,1,1,14,1,6,0,0,0,2,1,0,6,7,5,8,3
2015.0,0.0,0.0,0.0,3,4,3,0,0,0,0,1,1,1,0,1,9,1,1,14,1,6,0,0,0,0,1,0,2,2,5,9,3
2015.0,100.0,0.0,0.0,3,6,3,0,0,0,1,5,1,1,0,1,5,1,1,15,1,6,0,0,0,1,1,0,4,7,5,8,3
2015.0,-125.0,0.0,0.0,3,10,3,1,0,0,1,1,1,1,0,0,1,1,1,16,1,6,0,1,0,1,1,0,4,9,5,8,3
2015.0,500.0,0.0,0.0,3,10,3,0,0,0,1,5,1,1,0,1,5,1,1,16,1,6,0,1,0,1,1,0,6,9,5,3,2
2015.0,215.0,1.0,0.0,3,1,3,0,0,0,1,1,1,1,0,1,5,1,1,16,1,6,0,1,0,2,1,0,0,2,5,3,9
2015.0,110.0,0.0,0.0,3,10,3,0,0,0,1,9,1,1,0,0,9,1,1,17,1,6,0,1,0,1,1,0,4,5,5,8,3
2015.0,-26.0,0.0,0.0,3,6,3,0,0,0,0,2,1,1,0,0,2,1,1,18,1,6,0,1,0,1,1,0,4,7,5,8,3
2015.0,-5.0,0.0,0.0,3,1,0,0,0,0,1,7,1,1,0,1,9,1,1,3,2,7,0,0,0,1,1,0,4,2,5,3,9
2015.0,-320.0,1.0,0.0,3,6,3,0,0,0,1,2,1,1,0,0,2,1,1,9,2,7,0,1,0,2,0,0,6,7,5,8,3
2015.0,311.0,0.0,0.0,3,4,3,0,0,0,1,2,1,1,0,0,1,1,1,10,2,7,0,0,0,1,0,0,0,2,5,3,9
2015.0,-252.0,0.0,0.0,3,8,3,0,0,0,0,2,1,1,1,1,9,1,1,11,2,7,0,0,0,0,1,0,0,5,5,6,1
2015.0,-94.0,0.0,0.0,3,10,3,0,0,0,0,9,1,1,0,0,9,1,1,12,2,7,0,0,0,1,1,0,6,9,5,3,2
2015.0,-100.0,0.0,0.0,3,10,3,0,0,0,0,5,1,1,0,1,5,1,1,12,2,7,0,0,0,0,0,0,4,2,5,3,9
2015.0,0.0,1.0,0.0,3,1,3,0,0,0,0,9,1,1,0,0,5,1,1,12,2,7,0,0,0,1,1,0,4,2,5,3,3
2015.0,419.0,0.0,0.0,3,4,3,0,0,0,1,9,1,1,0,1,5,1,1,14,2,7,0,0,0,0,1,0,0,2,5,3,9
2015.0,0.0,2.0,0.0,1,3,3,0,0,0,1,9,1,1,0,1,1,1,1,14,2,7,0,0,0,0,0,0,2,2,5,3,9
2015.0,115.0,0.0,0.0,3,6,3,1,0,0,0,9,1,1,0,0,9,1,1,17,2,7,0,1,0,1,1,0,4,7,5,8,3
2015.0,183.0,0.0,0.0,3,4,3,0,0,0,1,1,1,1,0,1,5,1,1,17,2,7,0,1,0,1,1,0,0,2,5,3,9
2015.0,-4.0,0.0,0.0,3,1,3,1,0,0,1,1,1,1,0,1,5,1,1,17,2,7,0,1,0,1,2,0,4,2,5,2,9
2015.0,301.0,0.0,0.0,3,6,3,0,0,0,2,1,1,1,0,0,1,1,1,18,2,7,0,1,0,0,1,0,6,7,5,8,3
2015.0,75.0,1.0,0.0,3,1,0,0,0,0,0,4,1,1,0,1,9,1,1,21,2,7,0,0,0,2,1,0,0,2,5,3,9
2015.0,-640.0,1.0,0.0,3,6,3,0,0,0,2,1,1,1,0,0,1,1,1,7,3,7,0,1,0,0,2,0,6,7,5,8,3
2015.0,0.0,1.0,0.0,3,1,3,0,0,0,0,1,1,1,0,1,2,1,1,10,3,7,0,0,0,0,1,0,4,2,5,3,3
2015.0,-380.0,0.0,0.0,3,10,3,0,0,0,0,9,1,1,0,0,9,1,1,12,3,7,0,0,0,2,0,0,6,5,5,3,2
2015.0,-148.0,2.0,0.0,2,6,3,0,0,0,1,1,1,1,0,1,1,1,1,14,3,7,0,0,0,1,1,0,4,7,5,8,3
2015.0,-140.0,0.0,0.0,3,6,3,0,0,0,1,1,1,1,0,1,1,1,1,15,3,7,0,0,0,0,1,0,4,7,5,8,3
2015.0,10.0,0.0,0.0,3,1,3,0,0,0,1,2,1,1,0,1,1,1,1,15,3,7,0,0,0,2,1,0,4,2,5,3,9
2015.0,-150.0,0.0,0.0,3,10,3,0,0,0,1,2,1,1,0,1,2,1,1,16,3,7,0,1,0,1,1,0,4,9,5,8,3
2015.0,185.0,0.0,0.0,3,4,3,0,0,0,1,9,1,1,0,1,9,1,1,17,3,7,0,1,0,1,1,0,0,2,5,3,9
2015.0,0.0,0.0,0.0,3,4,0,0,0,0,1,9,1,1,0,1,6,1,1,21,3,7,0,0,0,1,1,0,4,5,5,9,3
2015.0,88.0,0.0,0.0,3,6,3,1,0,0,0,9,1,1,0,1,9,1,1,8,4,7,0,1,0,2,1,0,4,7,5,8,3
2015.0,-10.0,1.0,0.0,2,5,3,0,0,3,0,9,1,0,0,0,5,1,1,16,4,7,0,1,0,2,1,0,4,2,5,5,5
2015.0,-15.0,0.0,0.0,3,6,3,0,0,0,1,1,1,1,0,0,1,1,1,17,4,7,0,1,0,2,1,0,4,7,5,8,3
2015.0,-26.0,0.0,0.0,3,6,3,0,0,0,1,1,1,1,0,1,1,1,1,18,4,7,0,1,0,1,1,0,4,7,5,3,3
2015.0,-70.0,0.0,0.0,3,1,3,1,0,0,0,9,1,1,0,0,9,1,1,13,5,7,1,0,0,0,1,0,6,4,5,3,9
2015.0,0.0,0.0,0.0,3,4,3,0,0,0,0,7,1,1,0,0,1,1,1,14,5,7,1,0,0,2,1,0,4,4,5,3,9
2015.0,-30.0,0.0,0.0,3,6,4,0,0,0,1,2,1,1,0,1,2,1,1,19,5,7,1,1,0,2,1,0,4,7,5,3,3
2015.0,0.0,0.0,0.0,3,6,0,0,0,0,0,6,1,1,0,1,6,1,1,20,5,7,1,0,0,1,1,0,4,7,5,9,9
2015.0,170.0,0.0,0.0,3,6,0,0,0,0,1,2,1,1,0,1,2,1,1,20,5,7,1,0,0,1,1,0,6,7,7,3,3
2015.0,-400.0,3.0,0.0,3,6,0,0,0,0,2,9,1,1,0,1,9,1,1,20,5,7,1,0,0,0,1,0,1,7,5,8,5
2015.0,500.0,2.0,0.0,2,6,0,0,0,0,0,2,1,1,0,0,2,1,1,22,5,7,1,0,0,1,2,0,6,7,5,8,3
2015.0,-110.0,0.0,0.0,3,6,0,0,0,0,2,2,1,1,0,0,2,1,1,23,5,7,1,0,0,0,1,0,2,7,5,8,3
2015.0,-40.0,0.0,0.0,3,5,0,0,0,3,0,1,0,1,0,0,2,1,1,23,5,7,1,0,0,1,2,0,6,6,5,3,7
2015.0,52.0,1.0,0.0,2,6,0,1,0,0,2,9,1,1,0,1,9,1,1,23,5,7,1,0,0,0,1,0,2,7,5,8,3
2015.0,215.0,0.0,0.0,3,10,0,0,0,0,1,5,1,1,0,1,5,1,1,0,6,7,1,0,0,1,1,0,2,9,5,3,2
2015.0,102.0,0.0,0.0,3,4,0,0,0,0,2,8,1,1,1,1,5,1,1,2,6,7,1,0,0,0,1,0,6,5,5,6,5
2015.0,300.0,0.0,0.0,3,6,3,0,0,0,1,2,1,1,0,1,2,1,1,11,6,7,1,0,0,2,2,0,6,7,5,9,3
2015.0,-80.0,0.0,0.0,3,10,3,0,0,0,0,1,1,1,0,0,1,1,1,12,6,7,1,0,0,2,2,0,4,9,5,3,2
2015.0,0.0,3.0,0.0,2,4,3,0,0,0,1,1,1,1,0,1,9,1,1,18,6,7,1,1,0,1,1,0,4,5,5,3,9
2015.0,121.0,0.0,0.0,3,4,3,1,4,0,0,5,1,1,0,0,1,1,1,6,0,7,0,0,1,1,1,0,4,2,5,3,9
2015.0,33.0,1.0,0.0,3,10,3,0,0,0,1,1,1,1,0,0,1,1,1,9,0,7,0,1,0,2,1,0,4,2,5,9,3
2015.0,-113.0,0.0,0.0,3,10,3,0,0,0,1,1,1,1,0,1,1,1,1,11,0,7,0,0,0,1,2,0,6,9,5,3,2