Year,Distance,Totalinjuries,Totalfatalities,Injuryseverity,Collisionmanner,Lightcondition,Weather,SurfaceCondition,Unittype_One,Gender_Drv1,Traveldirection_One,AlcoholUse_Drv1,DrugUse_Drv1,Unittype_Two,Gender_Drv2,Traveldirection_Two,AlcoholUse_Drv2,DrugUse_Drv2,Hour,Weekday,Month,Weekend,Rush_Hour,Hazardous_Road,Age_Group_Drv1,Age_Group_Drv2,Substance_Use,Junction_Category,Violation_Category_Drv1,Violation_Category_Drv2,Unitaction_Category_Two,Unitaction_Category_One
2015.0,240.0,0.0,0.0,3,9,3,0,0,0,0,1,1,1,1,1,9,1,1,12,0,7,0,0,0,0,1,0,6,7,5,6,3
2015.0,75.0,1.0,0.0,3,1,3,0,0,0,1,1,1,1,0,0,2,1,1,14,0,7,0,0,0,1,1,0,4,2,5,3,9
2015.0,-234.0,0.0,0.0,3,6,3,0,0,0,1,1,1,1,0,0,1,1,1,16,0,7,0,1,0,1,1,0,6,7,5,8,3
2015.0,-464.0,0.0,0.0,3,1,3,0,0,0,0,9,1,1,0,0,2,1,1,17,0,7,0,1,0,0,2,0,0,2,5,3,9
2015.0,-63.0,0.0,0.0,3,6,3,0,0,0,0,1,1,1,0,1,1,1,1,17,0,7,0,1,0,2,1,0,4,7,5,8,3
2015.0,-10.0,0.0,0.0,3,5,3,1,0,0,1,1,1,1,0,0,1,1,1,17,0,7,0,1,0,1,1,0,4,5,5,8,1
2015.0,0.0,0.0,0.0,3,4,0,0,0,0,1,4,1,1,0,0,5,1,1,19,0,7,0,1,0,2,1,0,4,2,5,3,9
2015.0,20.0,0.0,0.0,3,6,0,0,0,0,1,5,1,1,0,1,5,1,1,22,0,7,0,0,0,2,2,0,4,7,5,8,3
2015.0,0.0,0.0,0.0,3,10,3,0,0,0,1,9,1,1,0,1,9,1,1,6,1,7,0,0,0,1,1,0,4,5,5,3,9
2015.0,-10.0,0.0,0.0,3,4,3,0,0,0,1,1,1,1,0,0,2,1,1,7,1,7,0,1,0,1,1,0,4,2,5,3,9
2015.0,0.0,0.0,0.0,3,1,3,0,0,0,1,1,1,1,0,0,2,1,1,7,1,7,0,1,0,1,1,0,2,2,5,9,3
2015.0,0.0,0.0,0.0,3,4,3,0,0,0,1,9,1,1,0,1,3,1,1,7,1,7,0,1,0,1,0,0,4,2,5,9,3
2015.0,-30.0,0.0,0.0,3,6,3,0,0,0,1,1,1,1,0,0,1,1,1,12,1,7,0,0,0,1,0,0,4,7,5,8,3
2015.0,-200.0,0.0,0.0,3,6,3,0,0,0,0,2,1,1,0,0,2,1,1,13,1,7,0,0,0,1,1,0,6,7,5,8,3
2015.0,90.0,0.0,0.0,3,6,3,0,0,0,0,5,1,1,0,0,5,1,1,14,1,7,0,0,0,2,1,0,4,7,5,8,3
2015.0,-42.0,1.0,0.0,2,5,3,0,0,2,1,9,1,1,0,1,2,1,1,15,1,7,0,0,0,2,1,0,4,9,5,9,3
2015.0,110.0,1.0,0.0,2,6,3,0,0,0,0,5,1,1,0,1,5,1,1,17,1,7,0,1,0,2,1,0,4,7,5,8,3
2015.0,141.0,0.0,0.0,3,6,3,0,0,0,0,2,1,1,0,0,2,1,1,17,1,7,0,1,0,1,1,0,4,7,5,8,3
2015.0,320.0,0.0,0.0,3,6,3,0,0,0,0,5,1,1,0,0,5,1,1,18,1,7,0,1,0,1,1,0,6,7,5,8,3
2015.0,20.0,0.0,0.0,3,6,4,0,0,0,0,5,1,1,0,1,5,1,1,19,1,7,0,1,0,1,1,0,2,7,5,8,3
2015.0,0.0,1.0,0.0,3,5,3,0,0,0,1,9,1,1,2,1,2,1,1,7,2,7,0,1,0,1,1,0,4,2,5,3,9
2015.0,66.0,0.0,0.0,3,6,3,0,0,0,0,9,1,1,0,0,9,1,1,8,2,7,0,1,0,2,1,0,4,7,5,8,8
2015.0,-207.0,0.0,0.0,3,6,3,0,0,0,0,5,1,1,0,0,5,1,1,9,2,7,0,1,0,2,2,0,6,7,5,8,3
2015.0,45.0,0.0,0.0,3,5,3,0,0,0,1,8,1,1,0,1,8,1,1,12,2,7,0,0,0,1,1,0,4,5,5,8,1
2015.0,77.0,1.0,0.0,3,3,3,0,0,0,1,5,1,1,0,0,2,1,1,15,2,7,0,0,0,2,1,0,4,9,5,9,0
2015.0,0.0,0.0,0.0,3,1,3,0,0,0,1,9,1,1,0,1,5,1,1,15,2,7,0,0,0,2,1,0,4,2,5,9,3
2015.0,-281.0,0.0,0.0,3,6,3,0,0,0,1,9,1,1,0,1,9,1,1,15,2,7,0,0,0,2,2,0,6,7,5,8,3
2015.0,-435.0,0.0,0.0,3,6,3,0,0,0,0,1,1,1,0,1,1,1,1,16,2,7,0,1,0,2,1,0,6,7,5,8,3
2015.0,0.0,3.0,0.0,3,4,3,0,0,0,0,2,1,1,0,0,5,1,1,16,2,7,0,1,0,1,2,0,4,2,5,3,9
2015.0,0.0,0.0,0.0,3,4,3,0,0,0,0,6,1,1,0,0,5,1,1,17,2,7,0,1,0,2,2,0,2,4,5,3,9
2015.0,-405.0,0.0,0.0,3,4,3,0,0,0,1,2,1,1,0,1,5,1,1,17,2,7,0,1,0,1,1,0,6,5,5,9,9
2015.0,0.0,1.0,0.0,3,6,3,0,0,0,0,1,1,1,0,1,1,1,1,17,2,7,0,1,0,1,2,0,4,7,5,8,3
2015.0,270.0,0.0,0.0,3,4,3,0,0,0,0,7,1,1,0,0,6,1,1,17,2,7,0,1,0,2,1,0,6,4,9,2,9
2015.0,42.0,1.0,0.0,1,5,4,4,0,2,1,8,1,1,0,1,8,1,1,18,2,7,0,1,0,1,1,0,4,9,5,9,3
2015.0,10.0,0.0,0.0,3,10,4,0,0,0,1,5,1,1,0,0,5,1,1,19,2,7,0,1,0,1,1,0,4,5,5,5,5
2015.0,0.0,1.0,0.0,2,4,0,0,0,0,1,1,1,1,0,1,9,1,1,20,2,7,0,0,0,2,2,0,4,2,5,3,9
2015.0,0.0,0.0,0.0,3,4,0,0,0,0,0,3,1,1,0,1,9,1,1,21,2,7,0,0,0,1,1,0,4,5,5,3,9
2015.0,-85.0,1.0,0.0,3,6,3,0,0,0,1,2,1,1,0,0,2,1,1,7,3,7,0,1,0,0,1,0,6,7,5,8,3
2015.0,-54.0,0.0,0.0,3,6,3,0,0,0,0,2,1,1,0,0,2,1,1,8,3,7,0,1,0,1,1,0,6,5,7,8,3
2015.0,10.0,0.0,0.0,3,6,3,0,0,0,1,9,1,1,0,1,9,1,1,8,3,7,0,1,0,2,1,0,2,8,5,8,3
2015.0,325.0,3.0,0.0,2,4,3,0,0,0,1,9,1,1,0,1,1,1,1,14,3,7,0,0,0,0,1,0,0,2,5,3,9
2015.0,-535.0,0.0,0.0,3,6,3,0,0,0,1,1,1,1,0,0,1,1,1,16,3,7,0,1,0,1,1,0,0,7,5,8,3
2015.0,77.0,0.0,0.0,3,6,3,0,0,0,1,5,1,1,0,1,5,1,1,16,3,7,0,1,0,1,2,0,4,7,5,8,2
2015.0,46.0,0.0,0.0,3,6,3,0,0,0,0,5,1,1,0,1,5,1,1,17,3,7,0,1,0,2,0,0,6,7,5,8,3
2015.0,-70.0,0.0,0.0,3,6,3,0,0,0,0,5,1,1,0,1,5,1,1,17,3,7,0,1,0,1,1,0,6,7,5,8,3
2015.0,-595.0,0.0,0.0,3,4,3,0,0,0,1,2,1,1,0,0,1,1,1,18,3,7,0,1,0,1,1,0,0,7,5,3,9
2015.0,0.0,0.0,0.0,3,1,0,0,0,0,1,6,0,1,0,1,5,1,1,2,4,7,0,0,0,1,1,0,4,9,5,3,3
2015.0,0.0,1.0,0.0,3,1,3,0,0,0,0,1,1,1,0,1,5,1,1,6,4,7,0,0,0,2,1,0,4,2,5,3,3
2015.0,10.0,0.0,0.0,3,6,3,0,0,0,0,1,1,1,0,1,1,1,1,6,4,7,0,0,0,1,1,0,4,7,5,3,3
2015.0,-470.0,0.0,0.0,3,9,3,0,0,0,2,8,1,1,0,0,2,1,1,7,4,7,0,1,0,0,2,0,6,9,5,3,9
2015.0,-416.0,0.0,0.0,3,6,3,0,0,0,1,5,1,1,0,0,5,1,1,8,4,7,0,1,0,1,1,0,0,7,5,5,5
2015.0,-100.0,1.0,0.0,2,10,3,0,0,0,2,1,1,1,0,0,1,1,1,9,4,7,0,1,0,0,1,0,2,9,5,8,3
2015.0,-405.0,3.0,0.0,2,1,3,0,0,0,0,9,1,1,0,1,9,1,1,11,4,7,0,0,0,2,1,0,6,2,5,3,9
2015.0,15.0,0.0,0.0,3,1,3,0,0,0,1,1,1,1,0,1,1,1,1,12,4,7,0,0,0,0,1,0,4,9,5,3,2
2015.0,-50.0,0.0,0.0,3,1,3,0,0,0,1,9,1,1,0,0,2,1,1,12,4,7,0,0,0,2,1,0,6,2,5,3,9
2015.0,0.0,0.0,0.0,3,10,3,0,0,0,1,3,1,1,0,1,1,1,1,13,4,7,0,0,0,0,2,0,2,2,5,3,9
2015.0,323.0,0.0,0.0,3,1,3,0,0,0,1,7,1,1,1,1,1,1,1,15,4,7,0,0,0,1,1,0,6,5,5,6,1
2015.0,-110.0,0.0,0.0,3,6,3,0,0,0,1,1,1,1,0,1,1,1,1,15,4,7,0,0,0,0,1,0,4,7,5,8,3
2015.0,-250.0,0.0,0.0,3,10,3,1,0,0,0,9,1,1,0,0,9,1,1,16,4,7,0,1,0,1,1,0,4,5,5,5,5
2015.0,200.0,0.0,0.0,3,4,3,0,0,0,0,4,1,1,0,0,1,1,1,17,4,7,0,1,0,1,1,0,4,4,5,3,9
2015.0,165.0,1.0,0.0,2,6,3,0,0,0,1,1,1,1,0,0,1,1,1,17,4,7,0,1,0,1,2,0,6,7,5,8,3
2015.0,-10.0,0.0,0.0,3,10,3,0,0,0,1,5,1,1,0,1,5,1,1,19,4,7,0,1,0,1,1,0,4,9,5,3,9
2015.0,-130.0,0.0,0.0,3,12,0,0,0,0,2,8,1,1,1,1,0,1,1,23,4,7,0,0,0,0,1,0,6,5,5,6,5
2015.0,25.0,0.0,0.0,3,6,3,0,0,0,1,5,1,1,0,1,5,1,1,6,5,7,1,0,0,2,2,0,4,7,5,8,3
2015.0,60.0,1.0,0.0,3,6,3,0,0,0,1,9,1,1,0,0,9,1,1,8,5,7,1,1,0,2,0,0,4,7,5,8,3
2015.0,141.0,0.0,0.0,3,1,3,0,0,0,1,9,1,1,0,1,9,1,1,9,5,7,1,1,0,1,1,0,6,9,5,3,9
2015.0,180.0,2.0,0.0,2,1,3,1,0,0,1,5,1,1,0,0,1,1,1,14,5,7,1,0,0,2,1,0,6,2,5,3,3
2015.0,0.0,0.0,0.0,3,4,3,0,0,0,0,2,1,1,0,1,9,1,1,16,5,7,1,1,0,2,2,0,4,2,5,3,9
2015.0,0.0,0.0,0.0,3,4,3,0,0,0,1,1,1,1,0,1,9,1,1,17,5,7,1,1,0,1,1,0,4,2,5,9,3
2015.0,28.0,0.0,0.0,3,1,3,0,0,0,1,1,0,1,1,1,2,1,1,6,6,7,1,0,0,2,1,0,6,5,5,5,9
2015.0,0.0,0.0,0.0,3,4,3,0,0,0,1,7,1,1,0,0,1,1,1,17,6,7,1,1,0,2,1,0,4,2,5,3,9
2015.0,-440.0,0.0,0.0,3,6,0,0,0,0,0,1,1,1,0,1,1,1,1,22,6,7,1,0,0,2,2,0,6,9,5,3,2
2015.0,39.0,0.0,0.0,3,9,0,0,0,0,2,1,1,1,0,0,9,1,1,2,0,7,0,0,0,0,1,0,4,9,5,3,3
2015.0,385.0,0.0,0.0,3,9,3,0,0,0,0,9,1,1,0,0,1,1,1,9,0,7,0,1,0,2,1,0,6,9,5,3,3
2015.0,-60.0,0.0,0.0,3,6,3,0,0,0,0,2,1,1,0,1,2,1,1,10,0,7,0,0,0,1,1,0,4,7,5,8,3
2015.0,178.0,0.0,0.0,3,1,3,0,0,0,1,5,1,1,0,0,9,1,1,12,0,7,0,0,0,2,0,0,0,2,5,8,9
2015.0,90.0,0.0,0.0,3,1,3,0,0,0,1,9,1,1,0,1,9,1,1,13,0,7,0,0,0,2,2,0,6,9,5,3,2
2015.0,94.0,0.0,0.0,3,10,3,0,0,0,1,6,1,1,0,1,6,1,1,15,0,7,0,0,0,1,1,0,4,4,5,8,9
2015.0,147.0,1.0,0.0,3,6,3,0,0,0,0,9,1,1,0,1,9,1,1,17,0,7,0,1,0,1,2,0,6,7,5,8,3
2015.0,-40.0,0.0,0.0,3,7,4,0,0,0,1,2,1,1,0,0,2,1,1,19,0,7,0,1,0,1,1,0,3,7,5,8,3
2015.0,-220.0,0.0,0.0,3,10,3,0,0,0,1,2,1,1,0,0,2,1,1,9,1,7,0,1,0,0,1,0,4,9,5,3,2
2015.0,87.0,0.0,0.0,3,6,3,0,0,0,1,5,1,1,0,0,5,1,1,10,1,7,0,0,0,0,1,0,4,7,5,8,3
2015.0,-127.0,0.0,0.0,3,6,3,0,0,0,1,2,1,1,0,1,2,1,1,13,1,7,0,0,0,0,0,0,4,7,5,8,3
2015.0,-79.0,0.0,0.0,3,6,3,0,0,0,0,5,1,1,0,1,5,1,1,14,1,7,0,0,0,2,2,0,6,7,5,3,3
2015.0,0.0,0.0,0.0,3,5,3,0,0,0,1,9,1,1,0,1,9,1,1,14,1,7,0,0,0,1,1,0,4,7,5,9,3
2015.0,355.0,1.0,0.0,2,4,3,0,0,0,0,5,1,1,0,1,9,1,1,16,1,7,0,1,0,2,2,0,0,2,5,3,9
2015.0,0.0,0.0,0.0,3,4,3,0,0,0,0,5,1,1,0,1,1,1,1,17,1,7,0,1,0,2,2,0,4,2,5,3,9
2015.0,-75.0,0.0,0.0,3,6,3,0,0,0,0,1,1,1,0,1,1,1,1,17,1,7,0,1,0,1,1,0,4,7,5,8,3
2015.0,-115.0,1.0,0.0,3,6,3,0,0,0,1,2,1,1,0,1,2,1,1,17,1,7,0,1,0,2,1,0,4,7,5,8,3
2015.0,-55.0,0.0,0.0,3,9,0,0,0,0,1,5,1,1,0,0,2,1,1,19,1,7,0,1,0,1,1,0,2,4,5,8,3
2015.0,-0.2,0.0,0.0,3,1,0,0,0,0,0,2,1,1,0,0,1,1,1,20,1,7,0,0,0,1,2,0,0,2,5,3,9
2015.0,390.0,0.0,0.0,3,6,3,0,0,0,1,1,1,1,0,0,1,1,1,7,2,7,0,1,0,2,2,0,6,7,5,8,3
2015.0,0.0,0.0,0.0,3,10,3,0,0,0,2,2,1,1,0,0,2,1,1,11,2,7,0,0,0,0,0,0,4,9,5,9,3
2015.0,100.0,0.0,0.0,3,6,3,0,0,0,0,5,1,1,0,1,5,1,1,11,2,7,0,0,0,2,1,0,4,7,5,8,3
2015.0,124.0,0.0,0.0,3,6,3,0,0,0,1,1,1,1,0,1,1,1,1,15,2,7,0,0,0,2,0,0,6,7,5,8,2
2015.0,0.0,2.0,0.0,2,1,3,0,0,0,1,5,1,1,0,1,1,1,1,15,2,7,0,0,0,1,0,0,4,2,5,3,3
2015.0,-62.0,0.0,0.0,3,6,3,0,0,0,1,5,1,1,0,0,5,1,1,16,2,7,0,1,0,1,0,0,4,7,5,9,9
2015.0,0.0,0.0,0.0,3,6,3,0,0,0,1,5,1,1,0,1,5,1,1,17,2,7,0,1,0,2,2,0,4,7,5,8,8
2015.0,-295.0,0.0,0.0,3,6,3,0,0,0,1,2,1,1,0,1,2,1,1,17,2,7,0,1,0,2,0,0,6,7,5,8,3
2015.0,0.0,0.0,0.0,3,12,3,0,0,0,2,8,1,1,0,1,9,1,1,17,2,7,0,1,0,0,1,0,6,5,5,6,5
2015.0,34.0,0.0,0.0,3,10,0,0,0,0,0,5,1,1,0,1,5,1,1,20,2,7,0,0,0,2,1,0,4,9,5,3,2
2015.0,-103.0,0.0,0.0,3,6,3,0,0,0,0,1,1,1,0,0,1,1,1,6,3,7,0,0,0,0,1,0,6,7,5,8,3
2015.0,-93.0,0.0,0.0,3,6,3,0,0,0,0,1,1,1,0,1,1,1,1,7,3,7,0,1,0,1,1,0,4,7,5,8,3
2015.0,69.0,1.0,0.0,3,6,3,0,0,0,1,9,1,1,0,0,9,1,1,7,3,7,0,1,0,1,1,0,6,7,5,8,3
2015.0,115.0,1.0,0.0,2,4,3,0,0,0,1,5,1,1,0,1,2,1,1,8,3,7,0,1,0,2,1,0,0,2,5,3,9
2015.0,75.0,0.0,0.0,3,10,3,0,0,0,2,5,1,1,0,0,5,1,1,10,3,7,0,0,0,0,1,0,6,5,5,3,2
2015.0,96.0,0.0,0.0,3,6,3,0,0,0,0,9,1,1,0,1,9,1,1,12,3,7,0,0,0,2,2,0,4,7,5,8,3
2015.0,0.0,1.0,0.0,3,1,3,0,0,0,1,1,1,1,0,1,2,1,1,14,3,7,0,0,0,2,1,0,4,2,5,3,3
2015.0,0.0,1.0,0.0,1,4,3,0,0,0,1,9,1,1,0,1,2,1,1,15,3,7,0,0,0,2,1,0,4,2,5,9,3
2015.0,0.0,2.0,0.0,2,4,3,0,0,0,1,9,1,1,0,1,1,1,1,16,3,7,0,1,0,2,1,0,4,7,5,9,3
2015.0,-343.0,2.0,0.0,2,6,3,0,0,0,0,1,1,1,0,0,1,1,1,16,3,7,0,1,0,2,2,0,6,7,5,8,3
2015.0,426.0,0.0,0.0,3,4,3,0,0,0,1,9,1,1,0,1,5,1,1,16,3,7,0,1,0,1,1,0,0,2,5,3,9
2015.0,-128.0,0.0,0.0,3,4,3,0,0,0,0,5,1,1,0,0,5,1,1,16,3,7,0,1,0,1,1,0,6,2,5,3,9
2015.0,-186.0,4.0,0.0,2,1,3,0,0,0,0,5,1,1,0,1,9,1,1,17,3,7,0,1,0,2,0,0,4,7,5,3,9
2015.0,176.0,0.0,0.0,3,6,0,0,0,0,0,9,0,1,0,1,9,1,1,19,3,7,0,1,0,2,1,0,6,7,5,8,3
2015.0,50.0,0.0,0.0,3,10,0,0,0,0,0,1,1,1,0,1,1,1,1,20,3,7,0,0,0,1,2,0,2,9,5,9,9
2015.0,0.0,1.0,0.0,2,1,0,0,0,0,0,5,0,1,0,1,9,1,1,1,4,7,0,0,0,2,2,0,4,2,5,9,3
2015.0,566.0,0.0,0.0,3,10,3,0,3,0,2,8,1,1,0,1,5,1,1,8,4,7,0,1,0,0,1,0,6,5,5,8,5
2015.0,120.0,0.0,0.0,3,7,3,0,0,0,2,2,1,1,0,1,9,1,1,12,4,7,0,0,0,0,2,0,6,5,5,8,1
2015.0,390.0,1.0,0.0,2,4,3,0,0,0,0,2,1,1,0,1,9,1,1,14,4,7,0,0,0,1,1,0,0,2,5,3,9
2015.0,283.0,0.0,0.0,3,6,3,0,0,0,1,9,1,1,0,1,9,1,1,14,4,7,0,0,0,2,0,0,6,7,5,8,3
2015.0,-57.0,2.0,0.0,3,1,3,0,0,0,0,9,1,1,0,0,9,1,1,16,4,7,0,1,0,2,1,0,4,9,5,3,2
2015.0,300.0,0.0,0.0,3,4,3,1,0,0,1,7,1,1,0,1,5,1,1,17,4,7,0,1,0,2,2,0,6,2,5,9,9
2015.0,-300.0,0.0,0.0,3,6,3,0,0,0,0,5,1,1,0,0,5,1,1,18,4,7,0,1,0,0,1,0,6,8,5,8,3
2015.0,118.0,0.0,0.0,3,10,0,3,4,0,2,1,1,1,0,0,1,1,1,21,4,7,0,0,1,0,1,0,4,9,5,9,9
2015.0,0.0,2.0,0.0,3,1,3,0,0,0,0,9,1,1,0,1,2,1,1,13,5,7,1,0,0,2,0,0,4,2,5,3,3
2015.0,85.0,0.0,0.0,3,1,3,0,0,0,1,2,1,1,0,1,9,1,1,14,5,7,1,0,0,1,2,0,4,7,5,8,9
2015.0,-76.0,0.0,0.0,3,6,3,0,0,0,0,2,1,1,0,1,2,1,1,14,5,7,1,0,0,1,1,0,4,7,5,8,3
2015.0,-15.0,0.0,0.0,3,6,3,0,0,0,2,1,1,1,0,1,1,1,1,15,5,7,1,0,0,0,1,0,4,7,5,8,3
2015.0,97.0,3.0,0.0,1,5,0,0,0,0,1,5,1,1,3,1,8,1,1,5,6,7,1,0,0,1,1,0,6,9,5,5,3
2015.0,0.0,0.0,0.0,3,1,3,1,0,0,0,9,1,1,0,1,5,1,1,13,6,7,1,0,0,1,1,0,4,2,5,9,3
2015.0,0.0,0.0,0.0,3,6,3,0,0,0,1,1,1,1,0,1,1,1,1,13,6,7,1,0,0,1,1,0,4,8,5,8,3
2015.0,0.0,0.0,0.0,3,1,3,0,0,0,0,9,1,1,0,0,2,1,1,15,6,7,1,0,0,1,1,0,4,4,5,3,9
2015.0,0.0,0.0,0.0,3,10,3,0,0,0,0,1,1,1,0,0,5,1,1,15,6,7,1,0,0,2,2,0,4,2,5,9,3
2015.0,0.0,1.0,0.0,2,4,4,0,0,0,0,5,1,1,0,1,9,1,1,19,6,7,1,1,0,1,1,0,4,2,5,3,9
2015.0,-200.0,0.0,0.0,3,1,0,0,0,0,1,1,1,1,0,1,1,1,1,22,6,7,1,0,0,1,1,0,6,9,5,3,2
2015.0,0.0,0.0,0.0,3,4,0,0,0,0,2,1,1,1,0,1,9,1,1,1,0,7,0,0,0,0,1,0,4,2,5,9,3
2015.0,-100.0,0.0,0.0,3,6,3,0,0,0,1,2,1,1,0,0,2,1,1,7,0,7,0,1,0,1,1,0,4,7,5,8,3
2015.0,-278.0,1.0,0.0,3,1,3,0,0,2,1,9,1,1,0,1,2,1,1,8,0,7,0,1,0,1,1,0,6,5,5,3,3
2015.0,-131.0,0.0,0.0,3,6,3,0,0,0,0,1,1,1,0,1,1,1,1,11,0,7,0,0,0,1,1,0,4,7,5,8,3
2015.0,0.0,3.0,0.0,2,4,3,0,0,0,1,1,1,1,0,0,9,1,1,15,0,7,0,0,0,1,0,0,4,2,5,3,9
2015.0,151.0,0.0,0.0,3,6,3,0,0,0,1,9,1,1,0,0,9,1,1,15,0,7,0,0,0,1,1,0,6,7,5,8,3
2015.0,-75.0,0.0,0.0,3,6,3,0,0,0,0,1,1,1,0,0,1,1,1,16,0,7,0,1,0,1,1,0,4,7,5,8,3
2015.0,0.0,0.0,0.0,3,6,3,0,0,0,0,5,1,1,0,0,5,1,1,17,0,7,0,1,0,1,1,0,6,5,5,3,3
2015.0,0.0,0.0,0.0,3,4,0,0,0,0,2,6,1,1,0,1,2,1,1,21,0,7,0,0,0,0,2,0,4,2,5,3,9
2015.0,0.0,2.0,0.0,3,1,0,0,0,0,1,1,1,1,0,0,7,1,1,21,0,7,0,0,0,1,1,0,4,7,5,9,3
2015.0,0.0,1.0,0.0,3,1,3,0,0,0,1,9,1,1,0,1,5,1,1,7,1,7,0,1,0,1,1,0,4,2,5,9,3
2015.0,155.0,1.0,0.0,3,6,3,0,0,0,1,9,1,1,0,1,9,1,1,8,1,7,0,1,0,0,0,0,6,7,5,8,3
2015.0,-400.0,0.0,0.0,3,10,3,0,0,0,2,1,1,1,0,0,1,1,1,11,1,7,0,0,0,0,2,0,6,9,5,3,2
2015.0,390.0,1.0,0.0,3,4,3,0,0,0,0,6,1,1,0,1,2,1,1,13,1,7,0,0,0,1,1,0,6,2,5,9,9
2015.0,-70.0,1.0,0.0,3,6,3,0,0,0,1,1,1,1,0,1,1,1,1,15,1,7,0,0,0,2,0,0,4,7,5,8,3
2015.0,0.0,0.0,0.0,3,1,3,0,0,0,1,1,1,1,0,0,2,1,1,15,1,7,0,0,0,2,0,0,4,2,5,3,3
2015.0,-391.0,0.0,0.0,3,4,3,0,0,0,1,5,1,1,0,0,1,1,1,17,1,7,0,1,0,1,1,0,0,2,5,8,9
2015.0,0.0,1.0,0.0,2,4,3,0,0,0,0,9,1,1,0,0,1,1,1,17,1,7,0,1,0,1,1,0,4,2,5,3,9
2015.0,245.0,1.0,0.0,2,4,3,0,0,0,1,5,1,1,0,0,9,0,1,17,1,7,0,1,0,1,2,0,0,2,5,3,9
2015.0,0.0,0.0,0.0,3,6,3,0,0,0,1,1,1,1,2,1,3,1,1,19,1,7,0,1,0,0,2,0,4,7,5,9,3
2015.0,-70.0,0.0,0.0,3,10,4,0,0,0,1,1,1,1,0,1,1,1,1,19,1,7,0,1,0,2,1,0,4,9,5,3,9
2015.0,25.0,0.0,0.0,3,6,3,0,0,0,1,5,1,1,0,0,5,1,1,6,2,7,0,0,0,1,1,0,4,5,5,8,3
2015.0,0.0,1.0,0.0,3,1,3,0,0,0,0,5,1,1,0,0,1,1,1,11,2,7,0,0,0,2,1,0,4,2,5,9,3
2015.0,299.0,1.0,0.0,1,1,3,0,0,2,1,2,1,1,0,0,1,1,1,12,2,7,0,0,0,0,0,0,0,2,5,3,7
2015.0,-140.0,0.0,0.0,3,10,3,0,0,0,1,2,1,1,0,0,2,1,1,13,2,7,0,0,0,1,1,0,6,9,5,3,2
2015.0,-100.0,0.0,0.0,3,10,3,0,0,0,1,9,1,1,0,1,9,1,1,13,2,7,0,0,0,1,0,0,6,5,5,5,5
2015.0,-177.0,0.0,0.0,3,6,3,0,0,0,0,2,1,1,1,1,2,1,1,16,2,7,0,1,0,0,1,0,6,7,5,6,3
2015.0,0.0,0.0,0.0,3,4,3,0,0,0,0,9,1,1,0,0,1,1,1,17,2,7,0,1,0,2,1,0,4,2,5,3,9
2015.0,276.0,0.0,0.0,3,6,3,0,0,0,1,1,1,1,0,1,1,1,1,18,2,7,0,1,0,2,1,0,6,7,5,8,3
2015.0,463.0,0.0,0.0,3,6,3,0,0,0,0,9,1,1,0,0,9,1,1,9,3,7,0,1,0,1,2,0,6,7,5,8,3
2015.0,-100.0,0.0,0.0,3,6,3,0,0,0,1,5,0,1,1,1,5,1,1,11,3,7,0,0,0,1,1,0,4,7,5,6,9
2015.0,435.0,0.0,0.0,3,6,3,0,0,0,1,9,1,1,0,1,9,1,1,12,3,7,0,0,0,2,1,0,6,7,5,8,3
2015.0,90.0,0.0,0.0,3,6,3,0,0,0,0,5,1,1,0,1,5,1,1,12,3,7,0,0,0,2,0,0,4,7,5,8,3
2015.0,-418.0,0.0,0.0,3,6,3,0,0,0,1,9,1,1,0,1,9,1,1,12,3,7,0,0,0,1,2,0,6,7,5,8,3
2015.0,0.0,0.0,0.0,3,4,3,0,0,0,1,1,1,1,0,0,5,1,1,15,3,7,0,0,0,1,1,0,4,2,5,3,9
2015.0,130.0,1.0,0.0,2,6,3,0,0,0,1,1,1,1,0,1,1,1,1,16,3,7,0,1,0,1,1,0,6,7,5,8,3
2015.0,178.0,1.0,0.0,2,6,3,0,0,0,1,5,1,1,0,1,5,1,1,17,3,7,0,1,0,1,1,0,6,7,5,8,3
2015.0,0.0,0.0,0.0,3,4,3,0,0,0,0,2,1,1,0,1,5,1,1,17,3,7,0,1,0,1,1,0,4,2,5,3,9
2015.0,0.0,1.0,0.0,3,5,3,0,0,0,1,1,1,1,2,1,1,1,1,17,3,7,0,1,0,1,1,0,4,9,5,3,9
2015.0,-256.0,0.0,0.0,3,10,3,0,0,0,0,9,1,1,0,0,9,1,1,17,3,7,0,1,0,2,1,0,6,9,5,3,2
2015.0,0.0,0.0,0.0,3,1,0,0,0,0,1,5,1,1,0,0,9,1,1,23,3,7,0,0,0,1,1,0,2,2,5,3,9
2015.0,60.0,1.0,0.0,3,6,3,1,0,0,1,5,1,1,0,0,5,1,1,8,4,7,0,1,0,1,1,0,4,5,5,8,3
2015.0,314.0,1.0,0.0,2,1,3,0,0,2,1,5,1,1,0,0,1,1,1,15,4,7,0,0,0,1,2,0,0,1,5,8,3
2015.0,-355.0,0.0,0.0,3,10,3,0,0,0,1,1,1,1,0,1,1,1,1,15,4,7,0,0,0,1,1,0,6,9,5,3,2
2015.0,0.0,1.0,0.0,3,1,3,1,0,0,1,2,1,1,0,1,5,1,1,15,4,7,0,0,0,2,1,0,4,2,5,3,9
2015.0,86.0,0.0,0.0,3,6,3,0,0,0,0,5,1,1,0,1,5,1,1,16,4,7,0,1,0,2,2,0,4,7,5,8,3
2015.0,-600.0,2.0,0.0,2,4,3,0,0,0,0,5,1,1,0,0,9,1,1,17,4,7,0,1,0,1,2,0,0,2,5,3,9