Year,Distance,Totalinjuries,Totalfatalities,Injuryseverity,Collisionmanner,Lightcondition,Weather,SurfaceCondition,Unittype_One,Gender_Drv1,Traveldirection_One,AlcoholUse_Drv1,DrugUse_Drv1,Unittype_Two,Gender_Drv2,Traveldirection_Two,AlcoholUse_Drv2,DrugUse_Drv2,Hour,Weekday,Month,Weekend,Rush_Hour,Hazardous_Road,Age_Group_Drv1,Age_Group_Drv2,Substance_Use,Junction_Category,Violation_Category_Drv1,Violation_Category_Drv2,Unitaction_Category_Two,Unitaction_Category_One
2015.0,-50.0,0.0,0.0,3,6,3,0,0,0,1,1,0,1,0,1,1,1,1,17,4,7,0,1,0,1,1,0,6,7,5,8,3
2015.0,90.0,0.0,0.0,3,6,3,0,0,0,1,1,1,1,0,1,1,1,1,17,4,7,0,1,0,2,1,0,4,7,5,8,3
2015.0,200.0,0.0,0.0,3,6,3,0,0,0,0,1,1,1,0,0,1,1,1,17,4,7,0,1,0,2,1,0,6,7,5,8,3
2015.0,200.0,0.0,0.0,3,1,0,0,0,0,0,1,1,1,0,0,5,1,1,21,4,7,0,0,0,2,1,0,6,2,5,3,9
2015.0,-445.0,1.0,0.0,2,1,0,0,0,2,0,5,1,1,0,1,9,1,1,0,5,7,1,0,0,2,1,0,6,5,5,9,3
2015.0,0.0,0.0,0.0,3,4,3,0,0,0,0,5,1,1,0,0,5,1,1,11,5,7,1,0,0,1,2,0,4,2,5,3,9
2015.0,44.0,0.0,0.0,3,1,3,0,0,0,0,2,1,1,0,1,5,1,1,14,5,7,1,0,0,1,1,0,6,2,5,3,9
2015.0,0.0,1.0,0.0,2,5,3,0,0,0,1,9,1,1,3,1,5,1,1,15,5,7,1,0,0,1,2,0,4,5,5,7,9
2015.0,18.0,1.0,0.0,3,6,3,0,0,0,1,1,1,1,0,1,1,1,1,17,5,7,1,1,0,1,2,0,4,7,5,8,3
2015.0,0.0,0.0,0.0,3,4,0,0,0,0,1,9,1,1,0,1,2,1,1,19,5,7,1,1,0,1,1,0,2,5,5,3,9
2015.0,303.0,0.0,0.0,3,4,0,0,0,0,0,9,1,1,0,1,1,1,1,21,5,7,1,0,0,2,1,0,6,2,5,3,9
2015.0,0.0,2.0,0.0,2,1,3,0,0,0,0,1,1,1,0,1,5,1,1,6,6,7,1,0,0,0,1,0,4,2,5,3,3
2015.0,-10.0,0.0,0.0,3,6,3,0,0,0,2,2,1,1,0,0,2,1,1,8,6,7,1,1,0,0,0,0,4,7,5,3,3
2015.0,0.0,1.0,0.0,2,4,3,1,0,0,1,1,1,1,0,1,9,1,1,12,6,7,1,0,0,1,1,0,4,2,5,3,9
2015.0,20.0,0.0,0.0,3,6,3,0,0,0,0,5,1,1,0,1,5,1,1,13,6,7,1,0,0,2,1,0,4,7,5,8,3
2015.0,-130.0,0.0,0.0,3,6,3,0,0,0,0,9,1,1,0,1,9,1,1,19,6,7,1,1,0,2,2,0,0,7,5,8,3
2015.0,109.0,0.0,0.0,3,3,3,0,0,0,1,9,1,1,1,1,9,1,1,7,0,7,0,1,0,1,1,0,6,7,5,6,3
2015.0,350.0,0.0,0.0,3,10,3,0,0,0,0,2,1,1,0,1,2,1,1,8,0,7,0,1,0,0,1,0,6,9,5,3,2
2015.0,-356.0,1.0,0.0,3,6,3,0,0,0,0,5,1,1,0,1,0,1,1,13,0,7,0,0,0,2,1,0,6,7,5,8,3
2015.0,-100.0,1.0,0.0,3,6,3,0,0,0,1,1,1,1,0,1,1,1,1,15,0,7,0,0,0,1,1,0,4,7,5,8,3
2015.0,-336.0,1.0,0.0,2,6,3,0,0,0,0,1,1,1,0,1,1,1,1,17,0,7,0,1,0,1,1,0,2,7,5,8,3
2015.0,-200.0,0.0,0.0,3,10,3,0,0,0,1,9,1,1,0,0,9,1,1,17,0,7,0,1,0,1,1,0,6,5,5,3,3
2015.0,80.0,0.0,0.0,3,6,3,0,0,0,0,9,1,1,0,1,9,1,1,18,0,7,0,1,0,1,1,0,4,7,5,8,3
2015.0,-75.0,1.0,0.0,3,6,3,0,0,0,0,2,1,1,0,0,2,1,1,5,1,7,0,0,0,1,1,0,6,7,5,8,3
2015.0,35.0,0.0,0.0,3,6,3,0,0,0,0,9,1,1,0,1,9,1,1,10,1,7,0,0,0,1,0,0,6,7,5,8,3
2015.0,250.0,0.0,0.0,3,1,3,0,0,0,1,9,1,1,0,1,1,1,1,11,1,7,0,0,0,1,1,0,0,2,5,3,9
2015.0,50.0,0.0,0.0,3,6,3,0,0,0,1,5,1,1,0,1,5,1,1,12,1,7,0,0,0,2,1,0,4,7,5,8,3
2015.0,28.0,0.0,0.0,3,3,3,0,0,0,1,4,1,1,0,0,4,1,1,12,1,7,0,0,0,1,2,0,2,7,5,8,8
2015.0,373.0,2.0,0.0,3,6,3,0,0,0,0,2,1,1,0,1,2,1,1,16,1,7,0,1,0,2,1,0,6,8,5,8,3
2015.0,183.0,0.0,0.0,3,6,3,1,0,0,1,9,1,1,0,1,9,1,1,17,1,7,0,1,0,1,1,0,6,7,5,8,3
2015.0,100.0,0.0,0.0,3,6,3,0,0,0,0,9,1,1,0,0,9,1,1,17,1,7,0,1,0,2,1,0,4,8,5,3,3
2015.0,0.0,2.0,0.0,3,1,3,0,0,0,1,1,1,1,0,1,2,1,1,17,1,7,0,1,0,1,2,0,6,2,5,3,3
2015.0,-372.0,0.0,0.0,3,1,3,1,0,0,0,2,1,1,0,1,1,1,1,17,1,7,0,1,0,2,2,0,0,2,5,3,9
2015.0,-155.0,0.0,0.0,3,10,0,4,3,0,0,5,1,1,1,1,5,1,1,20,1,7,0,0,0,2,1,0,6,5,5,6,3
2015.0,-31.0,0.0,0.0,3,6,3,0,0,0,0,9,1,1,0,1,9,1,1,9,2,7,0,1,0,2,1,0,6,7,5,8,3
2015.0,-150.0,0.0,0.0,3,6,3,0,0,0,1,1,1,1,0,1,1,1,1,11,2,7,0,0,0,1,1,0,4,7,5,8,3
2015.0,-294.0,0.0,0.0,3,4,3,0,0,0,0,2,1,1,0,0,1,1,1,12,2,7,0,0,0,1,1,0,6,2,5,3,9
2015.0,150.0,0.0,0.0,3,6,3,0,0,0,0,5,1,1,0,0,5,1,1,14,2,7,0,0,0,2,1,0,4,7,5,8,3
2015.0,182.0,0.0,0.0,3,6,3,0,0,0,1,2,1,1,0,0,2,1,1,16,2,7,0,1,0,2,0,0,6,7,5,8,3
2015.0,0.0,0.0,0.0,3,4,3,0,0,0,0,7,1,1,0,0,1,1,1,16,2,7,0,1,0,1,1,0,4,2,5,3,9
2015.0,0.0,0.0,0.0,3,1,3,0,0,0,0,1,1,1,0,1,5,1,1,17,2,7,0,1,0,1,1,0,4,2,5,3,3
2015.0,0.0,0.0,0.0,3,4,3,0,0,0,0,4,1,1,0,1,5,1,1,17,2,7,0,1,0,1,1,0,4,2,5,3,9
2015.0,0.0,0.0,0.0,3,4,3,1,0,0,0,6,1,1,0,1,1,1,1,18,2,7,0,1,0,1,1,0,4,2,5,3,9
2015.0,75.0,0.0,0.0,3,10,3,0,0,0,1,9,1,1,0,0,9,1,1,14,3,7,0,0,0,1,1,0,6,5,5,3,2
2015.0,67.0,0.0,0.0,3,6,3,0,0,0,0,5,1,1,0,1,5,1,1,17,3,7,0,1,0,0,1,0,4,7,5,8,3
2015.0,20.0,0.0,0.0,3,4,3,0,0,0,1,4,1,1,0,1,3,1,1,18,3,7,0,1,0,2,1,0,4,4,5,9,9
2015.0,0.0,2.0,0.0,3,1,3,0,0,0,1,5,1,1,0,0,5,1,1,11,4,7,0,0,0,1,1,0,4,2,5,9,3
2015.0,78.0,0.0,0.0,3,6,3,1,0,0,1,5,1,1,0,0,5,1,1,14,4,7,0,0,0,1,1,0,6,8,5,8,3
2015.0,-321.0,0.0,0.0,3,1,3,0,0,0,1,3,1,1,0,1,1,1,1,15,4,7,0,0,0,1,0,0,6,2,5,3,9
2015.0,0.0,0.0,0.0,3,4,3,1,0,0,1,4,1,1,0,0,5,1,1,15,4,7,0,0,0,1,1,0,4,2,5,3,9
2015.0,0.0,0.0,0.0,3,4,3,1,4,0,0,1,1,1,0,0,2,1,1,15,4,7,0,0,1,2,1,0,4,2,5,3,9
2015.0,293.0,0.0,0.0,3,4,3,3,4,0,0,3,1,1,0,0,5,1,1,16,4,7,0,1,1,1,2,0,6,2,5,3,9
2015.0,-94.0,0.0,0.0,3,10,3,3,4,0,1,1,1,1,0,1,1,1,1,16,4,7,0,1,1,1,1,0,6,9,5,3,2
2015.0,0.0,0.0,0.0,3,4,3,3,4,0,1,9,1,1,0,1,5,1,1,16,4,7,0,1,1,2,1,0,4,2,5,3,9
2015.0,570.0,0.0,0.0,3,10,0,0,0,0,1,9,1,1,0,0,9,1,1,20,4,7,0,0,0,1,1,0,6,9,5,3,2
2015.0,-70.0,0.0,0.0,3,6,0,0,0,0,0,1,1,1,0,0,1,1,1,21,4,7,0,0,0,1,1,0,4,7,5,8,3
2015.0,-150.0,0.0,0.0,3,1,0,0,0,0,1,5,0,1,0,0,1,1,1,22,4,7,0,0,0,1,1,0,0,7,5,9,9
2015.0,50.0,0.0,0.0,3,6,3,0,0,0,0,9,1,1,0,1,9,1,1,8,5,8,1,1,0,1,2,0,2,7,5,8,3
2015.0,0.0,1.0,0.0,3,4,3,0,0,0,1,9,1,1,0,0,1,1,1,10,5,8,1,0,0,2,2,0,4,2,5,3,9
2015.0,-243.0,0.0,0.0,3,10,3,0,0,0,0,2,1,1,0,1,2,1,1,10,5,8,1,0,0,0,1,0,6,9,5,3,3
2015.0,47.0,0.0,0.0,3,6,0,0,0,0,0,9,1,1,0,0,9,1,1,0,6,8,1,0,0,2,2,0,6,4,5,3,9
2015.0,0.0,2.0,0.0,2,4,3,0,0,0,0,9,1,1,0,0,5,1,1,7,6,8,1,1,0,1,0,0,2,2,5,9,3
2015.0,-30.0,0.0,0.0,3,4,3,0,0,0,1,2,1,1,0,1,5,1,1,8,6,8,1,1,0,1,1,0,4,2,5,3,9
2015.0,-50.0,2.0,0.0,1,1,3,0,0,0,0,5,1,1,0,0,5,1,1,8,6,8,1,1,0,1,1,0,4,5,5,3,3
2015.0,-10.0,0.0,0.0,3,10,3,0,0,0,1,9,1,1,0,0,1,1,1,14,6,8,1,0,0,1,1,0,4,4,4,9,9
2015.0,-200.0,0.0,0.0,3,10,3,0,0,0,1,1,1,1,0,0,1,1,1,6,0,8,0,0,0,2,2,0,6,9,5,3,2
2015.0,55.0,0.0,0.0,3,5,3,0,0,0,1,2,1,1,0,0,5,1,1,7,0,8,0,1,0,1,2,0,4,5,5,8,1
2015.0,0.0,0.0,0.0,3,1,3,0,0,0,0,9,1,1,0,1,2,1,1,14,0,8,0,0,0,2,1,0,2,5,5,3,3
2015.0,-166.0,0.0,0.0,3,6,3,0,0,0,0,5,1,1,0,1,5,1,1,15,0,8,0,0,0,1,2,0,6,7,5,8,3
2015.0,-129.0,0.0,0.0,3,10,3,0,0,0,0,9,1,1,0,1,9,1,1,15,0,8,0,0,0,1,0,0,6,9,5,3,2
2015.0,0.0,1.0,0.0,2,4,3,0,0,0,0,2,1,1,0,0,9,1,1,18,0,8,0,1,0,0,1,0,4,2,5,3,9
2015.0,0.0,3.0,0.0,2,1,0,0,0,0,1,1,1,1,0,1,5,1,1,20,0,8,0,0,0,1,2,0,4,2,5,9,3
2015.0,150.0,0.0,0.0,3,3,1,0,0,0,1,8,1,1,1,1,8,1,1,22,0,8,0,0,0,1,1,0,6,9,5,6,3
2015.0,-70.0,0.0,0.0,3,9,3,0,0,0,1,2,1,1,0,1,5,1,1,7,1,8,0,1,0,1,1,0,8,5,5,3,3
2015.0,120.0,0.0,0.0,3,6,3,0,0,0,0,1,1,1,1,1,8,1,1,13,1,8,0,0,0,2,1,0,4,7,5,8,3
2015.0,0.0,0.0,0.0,3,4,3,0,0,0,0,1,1,1,0,0,9,1,1,14,1,8,0,0,0,2,1,0,4,2,5,3,9
2015.0,-220.0,1.0,0.0,2,6,3,0,0,0,1,1,1,1,0,0,1,1,1,14,1,8,0,0,0,2,1,0,6,7,5,8,3
2015.0,150.0,1.0,0.0,3,6,3,0,0,0,1,1,1,1,0,1,1,1,1,15,1,8,0,0,0,2,2,0,6,7,5,8,3
2015.0,0.0,0.0,0.0,3,4,3,0,0,0,1,4,1,1,0,1,7,1,1,15,1,8,0,0,0,1,1,0,4,2,5,9,9
2015.0,280.0,0.0,0.0,3,1,3,0,0,0,1,6,1,1,0,1,5,1,1,15,1,8,0,0,0,1,1,0,6,2,5,3,9
2015.0,135.0,0.0,0.0,3,6,3,0,0,0,0,5,1,1,0,0,5,1,1,16,1,8,0,1,0,1,0,0,6,8,5,8,3
2015.0,291.0,0.0,0.0,3,6,3,0,0,0,0,9,1,1,0,0,9,1,1,16,1,8,0,1,0,1,0,0,6,7,5,8,3
2015.0,251.0,1.0,0.0,2,5,3,0,0,2,0,1,1,1,0,0,5,1,1,17,1,8,0,1,0,2,1,0,4,6,5,3,7
2015.0,-95.0,0.0,0.0,3,6,3,0,0,0,1,1,1,1,0,1,1,1,1,17,1,8,0,1,0,1,0,0,6,7,5,8,3
2015.0,0.0,0.0,0.0,3,10,3,0,0,0,0,1,1,1,0,0,1,1,1,17,1,8,0,1,0,2,2,0,4,9,5,9,9
2015.0,0.0,0.0,0.0,3,4,3,0,0,0,0,4,1,1,0,1,5,1,1,17,1,8,0,1,0,1,1,0,4,2,5,3,9
2015.0,245.0,1.0,0.0,3,6,3,0,0,0,0,1,1,1,0,1,1,1,1,17,1,8,0,1,0,2,0,0,6,7,5,8,3
2015.0,-100.0,3.0,0.0,2,6,0,0,0,0,1,5,1,1,0,0,5,1,1,20,1,8,0,0,0,1,2,0,6,7,7,3,3
2015.0,-102.0,1.0,0.0,1,5,0,0,0,3,1,5,1,1,0,0,5,1,1,20,1,8,0,0,0,1,1,0,6,5,5,3,5
2015.0,0.0,0.0,0.0,3,4,0,0,0,0,1,5,1,1,0,0,9,1,1,3,2,8,0,0,0,1,1,0,4,2,5,3,9
2015.0,174.0,1.0,0.0,3,6,3,0,0,0,0,2,1,1,0,0,2,1,1,7,2,8,0,1,0,1,2,0,6,7,5,8,3
2015.0,-65.0,0.0,0.0,3,6,3,0,0,0,1,1,1,1,0,1,1,1,1,9,2,8,0,1,0,1,1,0,4,7,5,5,3
2015.0,277.0,0.0,0.0,3,10,3,0,0,0,1,5,1,1,1,1,5,1,1,9,2,8,0,1,0,2,1,0,6,9,5,6,3
2015.0,-60.0,0.0,0.0,3,6,3,0,0,0,1,5,1,1,0,1,5,1,1,14,2,8,0,0,0,2,1,0,4,7,5,8,3
2015.0,139.0,0.0,0.0,3,10,3,0,0,0,1,1,1,1,0,1,1,1,1,15,2,8,0,0,0,1,1,0,6,5,5,3,3
2015.0,180.0,3.0,0.0,3,4,3,0,0,0,0,5,1,1,0,0,2,1,1,15,2,8,0,0,0,1,1,0,6,2,5,3,9
2015.0,125.0,0.0,0.0,3,6,3,0,0,0,1,9,1,1,0,0,9,1,1,16,2,8,0,1,0,0,1,0,6,7,5,8,3
2015.0,-335.0,0.0,0.0,3,6,3,0,0,0,1,9,1,1,0,0,9,1,1,16,2,8,0,1,0,2,1,0,6,7,5,8,3
2015.0,-75.0,0.0,0.0,3,6,4,0,0,0,1,1,1,1,0,1,1,1,1,19,2,8,0,1,0,2,1,0,4,7,5,8,3
2015.0,178.0,0.0,0.0,3,6,0,0,0,0,0,5,1,1,0,0,5,1,1,20,2,8,0,0,0,1,1,0,4,7,5,3,3
2015.0,-173.0,0.0,0.0,3,4,3,0,0,0,1,9,1,1,0,0,2,1,1,7,3,8,0,1,0,1,1,0,6,2,5,3,9
2015.0,-163.0,0.0,0.0,3,6,3,0,0,0,0,1,1,0,0,1,1,1,1,9,3,8,0,1,0,1,1,0,6,8,5,8,3
2015.0,133.0,0.0,0.0,3,10,3,0,0,0,0,1,1,1,1,1,1,1,1,9,3,8,0,1,0,2,1,0,6,4,5,6,2
2015.0,18.0,0.0,0.0,3,1,3,0,0,0,1,7,1,1,0,1,7,1,1,12,3,8,0,0,0,0,1,0,6,5,5,9,9
2015.0,-122.0,0.0,0.0,3,6,3,0,0,0,1,2,1,1,0,1,2,1,1,14,3,8,0,0,0,1,2,0,6,8,5,8,3
2015.0,0.0,0.0,0.0,3,1,3,0,0,0,2,2,1,1,0,1,1,1,1,16,3,8,0,1,0,0,1,0,4,4,5,3,9
2015.0,-260.0,0.0,0.0,3,6,3,0,0,0,1,1,1,1,0,0,1,1,1,16,3,8,0,1,0,2,1,0,4,7,5,8,3
2015.0,-20.0,0.0,0.0,3,6,3,0,0,0,1,1,1,1,0,0,1,1,1,16,3,8,0,1,0,1,1,0,4,7,5,8,3
2015.0,660.0,0.0,0.0,3,6,3,0,0,0,1,1,1,1,0,0,1,1,1,16,3,8,0,1,0,0,1,0,0,7,5,8,3
2015.0,385.0,0.0,0.0,3,4,3,0,0,0,1,9,1,1,0,1,2,1,1,18,3,8,0,1,0,1,0,0,0,2,5,3,9
2015.0,-68.0,0.0,0.0,3,6,3,0,0,0,0,2,1,1,0,0,2,1,1,8,4,8,0,1,0,2,1,0,4,7,5,8,3
2015.0,0.0,0.0,0.0,3,10,3,0,0,0,1,2,1,1,0,0,2,1,1,10,4,8,0,0,0,1,1,0,2,2,5,9,3
2015.0,113.0,0.0,0.0,3,6,3,0,0,0,0,1,1,1,0,1,1,1,1,13,4,8,0,0,0,2,1,0,6,8,5,8,3
2015.0,0.0,0.0,0.0,3,4,3,1,0,0,0,2,1,1,0,1,9,1,1,13,4,8,0,0,0,2,2,0,2,2,5,9,3
2015.0,0.0,2.0,0.0,3,4,3,0,0,0,1,2,1,1,0,0,1,1,1,14,4,8,0,0,0,1,1,0,4,5,5,3,3
2015.0,-280.0,1.0,0.0,3,4,3,0,0,0,0,9,1,1,0,1,2,1,1,15,4,8,0,0,0,1,1,0,6,2,5,3,9
2015.0,0.0,0.0,0.0,3,4,3,1,0,0,1,1,1,1,0,1,9,1,1,15,4,8,0,0,0,1,1,0,4,2,5,9,3
2015.0,10.0,0.0,0.0,3,5,3,0,0,2,1,1,1,1,0,1,5,1,1,16,4,8,0,1,0,1,2,0,4,2,5,3,3
2015.0,-200.0,0.0,0.0,3,10,3,0,0,0,1,2,1,1,0,0,2,1,1,16,4,8,0,1,0,2,1,0,1,7,5,3,2
2015.0,-70.0,1.0,0.0,3,6,3,3,4,0,2,2,1,1,0,1,2,1,1,16,4,8,0,1,1,0,2,0,4,7,5,3,3
2015.0,0.0,0.0,0.0,3,6,3,3,4,0,1,2,1,1,0,1,2,1,1,17,4,8,0,1,1,2,2,0,6,7,5,8,3
2015.0,120.0,2.0,0.0,3,6,3,3,4,0,2,5,1,1,0,1,5,1,1,17,4,8,0,1,1,0,2,0,4,7,5,8,3
2015.0,-40.0,0.0,0.0,3,6,4,1,4,0,0,2,1,1,0,1,2,1,1,17,4,8,0,1,1,1,1,0,4,7,5,8,8
2015.0,453.0,0.0,0.0,3,6,3,3,4,0,1,5,1,1,0,1,5,1,1,18,4,8,0,1,1,2,2,0,4,7,5,3,3
2015.0,-38.0,0.0,0.0,3,6,0,0,0,0,0,3,1,1,0,0,3,1,1,23,4,8,0,0,0,2,1,0,4,7,5,8,3
2015.0,135.0,0.0,0.0,3,6,0,0,0,0,2,1,1,1,0,1,1,1,1,1,5,8,1,0,0,0,1,0,6,7,5,3,3
2015.0,0.0,0.0,0.0,3,10,3,1,0,0,1,2,1,1,0,0,2,1,1,12,5,8,1,0,0,2,1,0,2,9,5,9,3
2015.0,-75.0,0.0,0.0,3,6,3,0,0,0,1,2,1,1,0,0,2,1,1,14,5,8,1,0,0,2,1,0,4,7,5,8,3
2015.0,0.0,0.0,0.0,3,4,3,0,0,0,1,1,1,1,0,0,9,1,1,17,5,8,1,1,0,1,1,0,4,4,5,3,9
2015.0,30.0,0.0,0.0,3,6,0,0,0,0,1,9,1,1,0,1,9,1,1,22,5,8,1,0,0,0,0,0,4,8,5,8,8
2015.0,0.0,0.0,0.0,3,10,0,0,0,0,1,2,0,1,0,0,5,1,1,22,5,8,1,0,0,1,2,0,4,4,5,9,9
2015.0,100.0,0.0,0.0,3,6,0,0,0,0,1,9,1,1,0,0,9,1,1,23,5,8,1,0,0,2,1,0,4,5,5,3,8
2015.0,146.0,0.0,0.0,3,6,0,0,0,0,1,5,0,1,0,0,5,1,1,0,6,8,1,0,0,0,1,0,1,7,5,3,3
2015.0,0.0,0.0,0.0,3,4,3,0,0,0,0,6,1,1,0,1,2,1,1,13,6,8,1,0,0,0,1,0,4,2,5,3,9
2015.0,0.0,0.0,0.0,3,4,4,0,0,0,1,9,1,1,0,1,5,1,1,17,6,8,1,1,0,0,1,0,6,2,5,3,9
2015.0,-160.0,0.0,0.0,3,6,0,1,0,0,1,9,1,1,0,1,9,1,1,20,6,8,1,0,0,2,1,0,4,7,5,8,3
2015.0,55.0,0.0,0.0,3,3,0,0,0,0,1,2,1,1,0,0,5,1,1,20,6,8,1,0,0,1,2,0,4,9,5,8,3
2015.0,0.0,0.0,0.0,3,1,0,0,0,0,2,9,1,1,0,1,5,1,1,21,6,8,1,0,0,0,2,0,4,2,5,3,3
2015.0,0.0,0.0,0.0,3,1,3,0,0,0,1,9,1,1,0,0,9,1,1,7,0,8,0,1,0,1,0,0,4,4,5,3,9
2015.0,-120.0,0.0,0.0,3,6,3,0,0,0,0,9,1,1,0,0,9,1,1,7,0,8,0,1,0,1,1,0,6,7,5,8,3
2015.0,-90.0,0.0,0.0,3,10,3,0,0,0,1,2,1,1,0,0,2,1,1,7,0,8,0,1,0,0,0,0,6,4,5,3,2
2015.0,29.0,0.0,0.0,3,6,3,0,0,0,1,2,1,1,0,0,2,1,1,7,0,8,0,1,0,1,1,0,4,7,5,8,3
2015.0,0.0,2.0,0.0,2,1,3,0,0,0,0,1,1,1,0,0,2,1,1,10,0,8,0,0,0,0,1,0,4,2,5,3,3
2015.0,84.0,0.0,0.0,3,4,3,0,0,0,1,4,1,1,0,0,2,1,1,11,0,8,0,0,0,1,1,0,6,4,5,3,9
2015.0,-20.0,0.0,0.0,3,5,3,0,0,0,1,5,1,1,0,0,2,1,1,12,0,8,0,0,0,0,1,0,2,5,5,8,1
2015.0,-35.0,0.0,0.0,3,6,3,0,0,0,1,9,1,1,0,0,9,1,1,16,0,8,0,1,0,0,2,0,6,5,5,8,3
2015.0,-438.0,0.0,0.0,3,1,3,0,0,0,1,2,1,1,0,1,1,1,1,16,0,8,0,1,0,2,1,0,6,2,5,3,9
2015.0,58.0,0.0,0.0,3,5,3,0,0,0,1,1,1,1,0,0,9,1,1,17,0,8,0,1,0,2,1,0,4,5,5,8,1
2015.0,35.0,1.0,0.0,3,4,3,1,0,0,0,4,1,1,0,0,5,1,1,17,0,8,0,1,0,1,1,0,0,2,5,3,9
2015.0,0.0,0.0,0.0,3,1,3,0,0,0,1,2,1,1,0,1,5,1,1,18,0,8,0,1,0,1,2,0,6,4,5,3,9
2015.0,190.0,0.0,0.0,3,1,3,0,0,0,1,2,1,1,0,1,1,1,1,18,0,8,0,1,0,1,1,0,0,5,5,3,9
2015.0,-400.0,0.0,0.0,3,6,3,0,0,0,1,2,1,1,0,0,2,1,1,7,1,8,0,1,0,1,1,0,6,7,5,8,3
2015.0,0.0,0.0,0.0,3,10,3,3,4,0,0,4,1,1,0,0,4,1,1,9,1,8,0,1,1,0,1,0,2,9,5,9,9
2015.0,-440.0,0.0,0.0,3,4,3,0,0,0,1,2,1,1,0,0,5,1,1,13,1,8,0,0,0,1,1,0,0,2,5,8,9
2015.0,0.0,0.0,0.0,3,4,3,0,0,0,0,2,1,1,0,1,9,1,1,15,1,8,0,0,0,2,2,0,4,2,5,3,9
2015.0,100.0,0.0,0.0,3,6,3,0,0,0,0,2,1,1,0,1,2,1,1,16,1,8,0,1,0,2,1,0,6,7,5,8,3
2015.0,129.0,0.0,0.0,3,4,3,0,0,0,1,2,1,1,0,1,1,1,1,17,1,8,0,1,0,0,1,0,6,2,5,3,9
2015.0,0.0,0.0,0.0,3,4,0,0,0,0,1,1,1,1,0,1,9,1,1,19,1,8,0,1,0,1,1,0,4,2,5,3,9
2015.0,-116.0,0.0,0.0,3,10,0,0,0,0,1,1,1,1,0,1,1,1,1,20,1,8,0,0,0,0,2,0,6,9,5,3,2
2015.0,-600.0,0.0,0.0,3,4,3,0,0,0,0,5,1,1,0,1,2,1,1,8,2,8,0,1,0,2,2,0,6,2,5,3,9
2015.0,149.0,0.0,0.0,3,10,3,0,0,0,0,5,1,1,1,1,5,1,1,8,2,8,0,1,0,1,1,0,6,7,5,6,3
2015.0,0.0,1.0,0.0,2,4,3,0,0,0,0,1,1,1,0,1,2,1,1,12,2,8,0,0,0,0,1,0,4,2,5,9,3
2015.0,347.0,0.0,0.0,3,6,3,0,0,0,0,5,1,1,0,1,5,1,1,14,2,8,0,0,0,2,1,0,6,7,5,8,3
2015.0,69.0,0.0,0.0,3,6,3,0,0,0,1,2,1,1,0,1,2,1,1,15,2,8,0,0,0,1,2,0,6,8,5,8,3
2015.0,0.0,0.0,0.0,3,1,3,0,0,0,0,2,1,1,0,0,9,1,1,16,2,8,0,1,0,1,1,0,2,2,5,3,3
2015.0,70.0,0.0,0.0,3,6,3,0,0,0,1,9,1,1,0,1,9,1,1,5,3,8,0,0,0,2,1,0,4,7,5,8,3
2015.0,-100.0,0.0,0.0,3,6,3,0,0,0,0,2,1,1,0,1,2,1,1,8,3,8,0,1,0,1,1,0,4,7,5,8,3
2015.0,-50.0,0.0,0.0,3,4,3,0,0,0,1,7,1,1,0,1,2,1,1,8,3,8,0,1,0,1,0,0,4,4,5,8,9
2015.0,0.0,3.0,0.0,1,4,3,0,0,0,1,1,1,1,0,1,9,1,1,9,3,8,0,1,0,2,1,0,4,2,5,3,9
2015.0,-414.0,0.0,0.0,3,10,3,0,0,0,1,2,1,1,0,1,2,1,1,10,3,8,0,0,0,1,1,0,6,9,5,3,9
2015.0,0.0,0.0,0.0,3,4,3,0,0,0,0,5,1,1,0,1,2,1,1,12,3,8,0,0,0,1,1,0,4,2,5,3,9
2015.0,165.0,0.0,0.0,3,6,3,0,0,0,1,9,1,1,0,1,9,1,1,14,3,8,0,0,0,0,1,0,4,7,5,8,3
2015.0,1337.0,0.0,0.0,3,6,3,0,0,0,1,9,1,1,0,1,9,1,1,18,3,8,0,1,0,1,2,0,6,5,5,8,1
2015.0,-240.0,0.0,0.0,3,4,3,0,0,0,0,5,1,1,0,0,1,1,1,18,3,8,0,1,0,2,1,0,6,2,5,3,9
2015.0,-594.0,0.0,0.0,3,6,4,0,0,0,0,1,1,1,0,0,1,1,1,19,3,8,0,1,0,2,1,0,6,5,5,8,8
2015.0,50.0,0.0,0.0,3,6,0,0,0,0,1,5,1,1,0,1,5,1,1,2,4,8,0,0,0,1,1,0,4,7,5,8,3
2015.0,1009.0,0.0,0.0,3,6,0,0,0,0,1,2,0,1,0,1,2,1,1,2,4,8,0,0,0,2,1,0,6,7,5,3,3
2015.0,-282.0,1.0,0.0,3,4,3,0,0,0,0,6,1,1,0,0,1,1,1,7,4,8,0,1,0,1,1,0,4,2,5,3,9
2015.0,429.0,0.0,0.0,3,8,3,0,0,0,1,5,1,1,0,1,5,1,1,7,4,8,0,1,0,1,2,0,6,5,5,8,2
2015.0,0.0,0.0,0.0,3,10,3,0,0,0,1,5,1,1,0,1,5,1,1,9,4,8,0,1,0,1,1,0,4,5,5,9,9
2015.0,0.0,0.0,0.0,3,1,3,0,0,0,1,7,1,1,0,0,9,1,1,9,4,8,0,1,0,1,1,0,2,5,5,3,9
2015.0,0.0,1.0,0.0,3,4,3,0,0,0,1,5,1,1,0,0,1,1,1,10,4,8,0,0,0,0,1,0,4,2,5,3,9
2015.0,235.0,1.0,0.0,2,8,3,0,0,1,1,1,1,1,0,0,5,1,1,11,4,8,0,0,0,1,1,0,6,7,5,8,4