Year,Distance,Totalinjuries,Totalfatalities,Injuryseverity,Collisionmanner,Lightcondition,Weather,SurfaceCondition,Unittype_One,Gender_Drv1,Traveldirection_One,AlcoholUse_Drv1,DrugUse_Drv1,Unittype_Two,Gender_Drv2,Traveldirection_Two,AlcoholUse_Drv2,DrugUse_Drv2,Hour,Weekday,Month,Weekend,Rush_Hour,Hazardous_Road,Age_Group_Drv1,Age_Group_Drv2,Substance_Use,Junction_Category,Violation_Category_Drv1,Violation_Category_Drv2,Unitaction_Category_Two,Unitaction_Category_One
2015.0,-90.0,0.0,0.0,3,6,3,0,0,0,1,2,1,1,0,0,2,1,1,14,4,8,0,0,0,0,1,0,4,7,5,8,3
2015.0,251.0,2.0,0.0,3,4,3,0,0,0,0,7,1,1,0,1,2,1,1,14,4,8,0,0,0,2,1,0,6,2,5,3,9
2015.0,525.0,1.0,0.0,2,6,3,0,0,0,1,9,1,1,0,0,9,1,1,14,4,8,0,0,0,1,1,0,6,7,5,8,3
2015.0,188.0,0.0,0.0,3,6,3,0,0,0,1,9,1,1,0,1,9,1,1,14,4,8,0,0,0,2,0,0,6,8,5,8,8
2015.0,50.0,0.0,0.0,3,6,3,0,0,0,0,1,1,1,0,1,1,1,1,17,4,8,0,1,0,1,1,0,4,7,5,8,3
2015.0,300.0,0.0,0.0,3,6,3,0,0,0,1,5,1,1,0,0,5,1,1,17,4,8,0,1,0,2,1,0,6,8,5,3,3
2015.0,43.0,0.0,0.0,3,1,3,0,0,0,0,1,1,1,1,1,1,1,1,18,4,8,0,1,0,2,1,0,4,4,5,6,9
2015.0,100.0,0.0,0.0,3,6,0,0,0,0,1,2,1,1,0,1,2,1,1,19,4,8,0,1,0,1,1,0,6,5,5,3,8
2015.0,0.0,0.0,0.0,3,1,3,0,0,0,1,2,1,1,0,0,1,1,1,6,5,8,1,0,0,1,1,0,4,7,5,3,3
2015.0,30.0,0.0,0.0,3,6,3,0,0,0,1,5,1,1,0,0,5,1,1,10,5,8,1,0,0,0,1,0,1,7,5,8,3
2015.0,54.0,0.0,0.0,3,7,3,0,0,0,1,9,1,1,0,0,9,1,1,11,5,8,1,0,0,0,1,0,4,7,5,8,3
2015.0,0.0,1.0,0.0,2,1,3,0,0,0,0,5,1,1,0,1,9,1,1,11,5,8,1,0,0,1,1,0,2,2,5,3,3
2015.0,0.0,0.0,0.0,3,12,3,0,0,0,0,1,1,1,0,1,1,1,1,13,5,8,1,0,0,1,1,0,4,7,5,8,3
2015.0,162.0,0.0,0.0,3,4,3,0,0,0,1,6,1,1,0,1,9,1,1,13,5,8,1,0,0,1,1,0,6,2,5,8,9
2015.0,0.0,0.0,0.0,3,4,3,0,0,0,0,1,1,1,0,1,2,1,1,12,6,8,1,0,0,1,2,0,4,2,5,9,9
2015.0,-250.0,1.0,0.0,2,1,3,0,0,0,1,2,1,1,0,0,5,1,1,16,6,8,1,1,0,2,1,0,6,4,5,3,9
2015.0,0.0,0.0,0.0,3,6,3,0,0,0,1,5,1,1,0,1,5,1,1,16,6,8,1,1,0,1,2,0,4,7,5,8,3
2015.0,0.0,0.0,0.0,3,4,3,0,0,0,0,2,1,1,0,1,5,1,1,18,6,8,1,1,0,2,0,0,2,5,5,3,9
2015.0,162.0,0.0,0.0,3,6,0,0,0,0,0,2,1,1,0,0,2,1,1,22,6,8,1,0,0,1,2,0,6,7,5,9,3
2015.0,0.0,0.0,0.0,3,4,0,0,0,0,1,1,1,1,0,1,1,1,1,3,0,8,0,0,0,1,0,0,2,4,5,9,9
2015.0,-70.0,0.0,0.0,3,6,0,0,0,0,2,5,1,1,1,1,8,1,1,6,0,8,0,0,0,0,1,0,4,5,5,6,9
2015.0,0.0,1.0,0.0,3,6,3,0,0,0,0,5,1,1,0,1,2,1,1,7,0,8,0,1,0,1,1,0,4,2,5,3,9
2015.0,0.0,0.0,0.0,3,1,3,0,0,0,0,1,1,1,0,0,5,1,1,8,0,8,0,1,0,1,1,0,4,2,5,3,5
2015.0,-85.0,4.0,0.0,3,6,3,0,0,0,1,1,1,0,0,0,1,1,1,8,0,8,0,1,0,2,1,0,4,7,5,8,3
2015.0,-175.0,0.0,0.0,3,6,3,0,0,0,0,1,0,1,0,1,1,1,1,12,0,8,0,0,0,1,1,0,4,7,5,8,3
2015.0,122.0,1.0,0.0,3,4,3,0,0,0,0,3,1,1,0,1,5,1,1,12,0,8,0,0,0,1,1,0,6,2,5,3,9
2015.0,100.0,0.0,0.0,3,6,3,0,0,0,0,5,1,1,0,0,5,1,1,12,0,8,0,0,0,1,1,0,4,7,5,8,3
2015.0,20.0,0.0,0.0,3,6,3,0,0,0,0,9,1,1,0,0,9,1,1,14,0,8,0,0,0,1,1,0,2,7,5,8,3
2015.0,-15.0,1.0,0.0,3,10,3,0,0,0,1,2,1,1,0,0,2,1,1,15,0,8,0,0,0,1,1,0,4,5,5,8,9
2015.0,20.0,0.0,0.0,3,10,3,0,0,0,1,5,0,1,0,1,5,1,1,15,0,8,0,0,0,1,1,0,4,7,5,8,8
2015.0,-247.0,0.0,0.0,3,10,3,0,0,0,1,5,1,1,0,1,5,1,1,16,0,8,0,1,0,1,1,0,6,9,5,3,2
2015.0,0.0,0.0,0.0,3,1,3,0,0,0,1,9,1,1,0,0,5,1,1,17,0,8,0,1,0,1,2,0,4,2,5,3,9
2015.0,-120.0,0.0,0.0,3,6,3,0,0,0,1,1,1,1,0,1,1,1,1,17,0,8,0,1,0,2,1,0,6,7,5,8,3
2015.0,-280.0,0.0,0.0,3,10,0,0,0,0,1,9,1,1,0,1,9,1,1,20,0,8,0,0,0,2,2,0,6,9,5,3,2
2015.0,67.0,0.0,0.0,3,10,3,0,0,0,2,2,1,1,0,1,2,1,1,8,1,8,0,1,0,0,0,0,4,9,5,3,2
2015.0,200.0,1.0,0.0,3,4,3,0,0,0,0,6,1,1,0,1,9,1,1,8,1,8,0,1,0,2,1,0,6,2,5,3,9
2015.0,240.0,0.0,0.0,3,5,3,0,0,0,1,2,1,1,0,1,2,1,1,13,1,8,0,0,0,2,2,0,6,7,5,3,3
2015.0,-94.0,2.0,0.0,2,6,3,0,0,0,1,1,1,0,0,1,1,1,1,13,1,8,0,0,0,2,2,0,4,7,5,8,3
2015.0,0.0,0.0,0.0,3,4,3,0,0,0,0,1,1,1,0,0,9,1,1,14,1,8,0,0,0,0,1,0,4,2,5,3,9
2015.0,150.0,1.0,0.0,3,1,3,0,0,0,2,5,1,1,0,0,5,1,1,15,1,8,0,0,0,0,2,0,4,9,5,3,2
2015.0,-71.0,0.0,0.0,3,6,3,0,0,0,1,2,1,1,0,0,2,1,1,15,1,8,0,0,0,2,1,0,2,7,5,8,3
2015.0,407.0,0.0,0.0,3,6,3,0,0,0,0,5,1,1,0,1,5,1,1,16,1,8,0,1,0,1,2,0,4,7,5,3,3
2015.0,0.0,1.0,0.0,2,4,3,0,0,0,1,9,1,1,0,0,1,1,1,16,1,8,0,1,0,0,1,0,4,2,5,3,9
2015.0,-80.0,1.0,0.0,2,6,3,0,0,0,1,2,1,1,0,0,2,1,1,17,1,8,0,1,0,1,1,0,4,7,5,8,3
2015.0,0.0,0.0,0.0,3,4,0,0,0,0,1,1,1,1,0,1,2,1,1,22,1,8,0,0,0,2,1,0,4,2,5,3,9
2015.0,30.0,0.0,0.0,3,10,0,0,0,0,1,5,1,1,0,0,5,1,1,23,1,8,0,0,0,1,2,0,8,5,5,3,3
2015.0,-195.0,0.0,0.0,3,6,3,0,0,0,0,2,1,1,0,1,2,1,1,7,2,8,0,1,0,2,1,0,6,7,5,8,3
2015.0,-278.0,0.0,0.0,3,10,3,0,0,0,1,1,1,1,0,1,1,1,1,7,2,8,0,1,0,1,1,0,6,5,5,3,6
2015.0,0.0,0.0,0.0,3,4,3,0,0,0,1,2,1,1,0,1,5,1,1,13,2,8,0,0,0,2,0,0,2,2,5,3,9
2015.0,0.0,6.0,0.0,2,4,3,0,0,0,0,9,1,1,0,1,1,1,1,15,2,8,0,0,0,2,2,0,4,2,5,3,9
2015.0,237.0,1.0,0.0,2,6,3,0,0,0,0,2,1,1,0,1,2,1,1,16,2,8,0,1,0,1,2,0,6,7,5,8,3
2015.0,70.0,1.0,0.0,2,6,3,0,0,0,1,5,1,1,0,0,5,1,1,16,2,8,0,1,0,1,1,0,4,7,5,8,3
2015.0,610.0,1.0,0.0,2,4,3,0,0,0,0,1,1,1,0,1,9,1,1,17,2,8,0,1,0,2,1,0,0,2,5,3,9
2015.0,-76.0,0.0,0.0,3,10,3,0,0,0,1,5,1,1,0,0,9,1,1,17,2,8,0,1,0,2,1,0,2,2,5,3,9
2015.0,-140.0,0.0,0.0,3,4,3,0,0,0,0,4,1,1,0,0,5,1,1,17,2,8,0,1,0,2,2,0,6,5,5,3,9
2015.0,0.0,0.0,0.0,3,1,1,0,0,0,1,2,1,1,0,1,9,1,1,19,2,8,0,1,0,1,1,0,4,2,5,3,3
2015.0,0.0,1.0,0.0,3,4,3,0,0,0,0,4,1,1,0,1,5,1,1,6,3,8,0,0,0,1,2,0,4,2,5,3,9
2015.0,-77.0,0.0,0.0,3,6,3,0,0,0,0,2,1,1,0,0,2,1,1,7,3,8,0,1,0,1,1,0,6,7,5,8,3
2015.0,797.0,1.0,0.0,3,6,3,0,0,0,1,9,1,1,0,0,9,1,1,7,3,8,0,1,0,0,1,0,6,7,5,8,3
2015.0,346.0,2.0,0.0,3,6,3,0,0,0,1,5,1,1,0,1,5,1,1,7,3,8,0,1,0,2,0,0,6,8,5,8,8
2015.0,-249.0,1.0,0.0,3,4,3,0,0,0,0,7,1,1,0,0,2,1,1,8,3,8,0,1,0,2,1,0,4,2,5,3,9
2015.0,-75.0,0.0,0.0,3,6,3,0,0,0,1,1,0,1,0,1,1,1,1,8,3,8,0,1,0,0,2,0,4,7,5,8,3
2015.0,0.0,0.0,0.0,3,1,3,0,0,0,1,5,1,1,0,0,9,1,1,9,3,8,0,1,0,2,2,0,4,2,5,3,3
2015.0,-48.0,0.0,0.0,3,6,3,0,0,0,1,5,1,1,0,0,5,1,1,15,3,8,0,0,0,1,2,0,6,7,5,3,3
2015.0,100.0,0.0,0.0,3,6,3,0,0,0,1,5,1,1,0,1,5,1,1,15,3,8,0,0,0,2,1,0,4,7,5,3,2
2015.0,200.0,0.0,0.0,3,10,3,0,0,0,0,7,1,1,0,1,9,1,1,16,3,8,0,1,0,1,2,0,4,2,5,3,9
2015.0,51.0,0.0,0.0,3,4,3,0,0,0,1,2,1,1,0,1,5,1,1,16,3,8,0,1,0,1,2,0,0,2,5,3,9
2015.0,598.0,0.0,0.0,3,6,3,0,0,0,0,5,1,1,0,0,5,1,1,16,3,8,0,1,0,2,1,0,6,7,5,8,3
2015.0,-490.0,0.0,0.0,3,6,3,0,0,0,0,5,1,1,0,0,5,1,1,17,3,8,0,1,0,2,1,0,6,7,5,8,3
2015.0,-510.0,1.0,0.0,2,6,3,0,0,0,0,5,1,1,0,1,5,1,1,17,3,8,0,1,0,1,1,0,6,7,5,8,3
2015.0,141.0,0.0,0.0,3,10,3,0,0,0,0,5,1,1,0,1,5,1,1,17,3,8,0,1,0,1,1,0,6,9,5,3,2
2015.0,360.0,0.0,0.0,3,6,3,0,0,0,1,9,1,1,0,0,9,1,1,17,3,8,0,1,0,0,1,0,6,7,5,8,3
2015.0,0.0,0.0,0.0,3,4,0,0,0,0,0,1,1,1,0,0,9,1,1,19,3,8,0,1,0,2,1,0,4,2,5,3,9
2015.0,-450.0,0.0,0.0,3,10,4,0,0,0,1,1,1,1,0,0,1,1,1,20,3,8,0,0,0,1,1,0,6,9,5,3,2
2015.0,30.0,0.0,0.0,3,6,0,0,0,0,0,5,1,1,0,0,5,1,1,21,3,8,0,0,0,1,2,0,4,7,5,8,3
2015.0,0.0,0.0,0.0,3,4,0,0,0,0,1,3,1,1,0,0,9,1,1,22,3,8,0,0,0,2,2,0,4,4,5,3,9
2015.0,0.0,0.0,0.0,3,4,0,0,0,0,1,3,1,1,0,1,9,1,1,0,4,8,0,0,0,1,2,0,4,4,5,3,9
2015.0,0.0,0.0,0.0,3,6,3,0,0,0,1,1,1,1,0,0,1,1,1,6,4,8,0,0,0,1,1,0,2,7,5,8,3
2015.0,226.0,0.0,0.0,3,4,3,0,0,0,0,1,1,1,0,1,2,1,1,6,4,8,0,0,0,2,2,0,0,4,5,3,9
2015.0,0.0,0.0,0.0,3,4,3,0,0,0,1,3,1,1,0,0,9,1,1,6,4,8,0,0,0,2,1,0,4,2,5,3,9
2015.0,-300.0,0.0,0.0,3,4,3,0,0,0,0,4,1,1,0,0,1,1,1,7,4,8,0,1,0,1,1,0,6,2,5,3,9
2015.0,70.0,1.0,0.0,2,6,3,0,0,0,0,9,1,1,0,1,9,1,1,8,4,8,0,1,0,1,1,0,4,7,5,8,3
2015.0,-123.0,0.0,0.0,3,10,3,0,0,0,0,9,1,1,0,1,9,1,1,9,4,8,0,1,0,0,1,0,6,5,5,3,2
2015.0,-75.0,0.0,0.0,3,6,3,0,0,0,0,1,1,1,0,1,1,1,1,12,4,8,0,0,0,1,1,0,2,7,5,8,3
2015.0,0.0,0.0,0.0,3,1,3,0,0,0,1,2,1,1,0,0,9,1,1,12,4,8,0,0,0,2,2,0,6,2,5,3,3
2015.0,-180.0,0.0,0.0,3,6,3,0,0,0,1,2,1,1,0,1,2,1,1,13,4,8,0,0,0,2,1,0,6,7,5,8,3
2015.0,-156.0,0.0,0.0,3,6,3,0,0,0,0,5,1,1,0,0,5,1,1,13,4,8,0,0,0,2,1,0,6,7,5,8,3
2015.0,195.0,1.0,0.0,2,4,3,0,0,0,0,1,1,1,0,0,5,1,1,13,4,8,0,0,0,2,1,0,0,2,5,3,9
2015.0,100.0,0.0,0.0,3,10,3,0,0,0,1,9,1,1,0,1,9,1,1,15,4,8,0,0,0,1,0,0,6,9,5,3,2
2015.0,-503.0,0.0,0.0,3,4,3,0,0,0,0,5,1,1,0,0,2,1,1,16,4,8,0,1,0,1,2,0,6,2,5,3,9
2015.0,-200.0,0.0,0.0,3,5,3,0,0,0,2,8,1,1,1,1,9,1,1,18,4,8,0,1,0,0,1,0,6,5,5,6,5
2015.0,0.0,0.0,0.0,3,4,0,0,0,0,1,6,1,1,0,1,2,1,1,21,4,8,0,0,0,2,2,0,4,2,5,3,9
2015.0,-150.0,0.0,0.0,3,10,0,0,0,0,1,1,1,1,0,1,2,1,1,22,4,8,0,0,0,1,1,0,4,2,5,8,9
2015.0,0.0,2.0,0.0,2,4,0,0,0,0,0,9,1,1,0,1,1,1,1,23,4,8,0,0,0,0,2,0,4,2,5,3,9
2015.0,10.0,1.0,0.0,3,5,0,0,0,3,1,5,0,1,0,1,5,1,1,1,5,8,1,0,0,2,2,0,4,2,5,9,7
2015.0,-120.0,0.0,0.0,3,6,3,0,0,0,0,1,1,1,0,0,1,1,1,11,5,8,1,0,0,1,1,0,2,7,5,8,3
2015.0,311.0,1.0,0.0,2,4,3,0,0,0,1,3,1,1,0,0,5,1,1,12,5,8,1,0,0,0,0,0,6,2,5,8,9
2015.0,-30.0,0.0,0.0,3,1,3,0,0,0,0,1,1,1,0,0,1,1,1,12,5,8,1,0,0,2,2,0,4,9,5,3,3
2015.0,240.0,0.0,0.0,3,6,3,0,0,0,1,9,1,1,0,1,9,1,1,13,5,8,1,0,0,2,0,0,4,7,5,3,3
2015.0,-320.0,0.0,0.0,3,10,3,0,3,0,2,5,1,1,0,1,5,1,1,15,5,8,1,0,0,0,1,0,6,9,5,3,3
2015.0,-330.0,0.0,0.0,3,6,3,0,0,0,1,2,1,1,0,0,2,1,1,16,5,8,1,1,0,2,1,0,4,7,5,8,3
2015.0,-50.0,0.0,0.0,3,6,3,0,0,0,1,1,1,1,0,1,1,1,1,17,5,8,1,1,0,1,2,0,6,7,5,8,8
2015.0,0.0,2.0,0.0,2,4,4,0,0,0,0,2,1,1,0,1,5,1,1,19,5,8,1,1,0,2,2,0,4,2,5,3,9
2015.0,62.0,2.0,0.0,2,6,0,0,0,0,1,5,1,1,0,1,5,1,1,1,6,8,1,0,0,2,2,0,4,7,5,8,3
2015.0,0.0,4.0,0.0,3,4,3,0,0,0,1,3,1,1,0,0,9,1,1,8,6,8,1,1,0,0,1,0,4,2,5,3,9
2015.0,0.0,0.0,0.0,3,10,3,0,0,0,0,7,1,1,0,1,7,1,1,10,6,8,1,0,0,1,1,0,2,9,5,9,9
2015.0,42.0,0.0,0.0,3,4,3,0,0,0,0,2,1,1,0,1,5,1,1,12,6,8,1,0,0,1,0,0,4,4,5,3,9
2015.0,-42.0,0.0,0.0,3,6,3,0,0,0,1,9,1,1,0,1,9,1,1,14,6,8,1,0,0,2,2,0,4,7,5,3,8
2015.0,-35.0,0.0,0.0,3,4,3,0,0,0,1,9,1,1,0,1,5,1,1,15,6,8,1,0,0,1,1,0,2,7,5,9,3
2015.0,480.0,0.0,0.0,3,6,3,0,0,0,0,9,1,1,0,1,9,1,1,17,6,8,1,1,0,2,2,0,4,7,5,8,8
2015.0,-628.0,0.0,0.0,3,4,0,0,0,0,1,2,1,1,0,0,9,1,1,20,6,8,1,0,0,2,2,0,6,4,5,3,9
2015.0,0.0,0.0,0.0,3,3,0,0,0,0,1,9,1,1,0,1,5,1,1,21,6,8,1,0,0,2,1,0,4,2,5,3,9
2015.0,0.0,4.0,0.0,3,4,0,0,0,0,0,2,1,1,0,1,5,1,1,22,6,8,1,0,0,2,1,0,4,2,5,3,9
2015.0,176.0,0.0,0.0,3,6,0,0,0,0,0,9,0,1,0,1,9,1,1,1,0,8,0,0,0,2,1,0,6,7,5,8,3
2015.0,-60.0,0.0,0.0,3,6,3,0,0,0,1,9,1,1,0,0,1,1,1,6,0,8,0,0,0,1,1,0,4,5,5,8,1
2015.0,250.0,0.0,0.0,3,6,3,0,0,0,1,9,1,1,0,0,9,1,1,6,0,8,0,0,0,1,1,0,6,7,5,8,3
2015.0,150.0,0.0,0.0,3,4,3,0,0,0,0,9,1,1,0,0,1,1,1,8,0,8,0,1,0,1,1,0,0,2,5,3,9
2015.0,0.0,1.0,0.0,2,1,3,0,0,0,1,1,1,1,0,1,2,1,1,9,0,8,0,1,0,1,0,0,4,2,5,3,3
2015.0,75.0,1.0,0.0,3,6,3,0,0,0,0,9,1,1,0,1,9,1,1,10,0,8,0,0,0,2,2,0,4,7,7,3,3
2015.0,-50.0,0.0,0.0,3,6,3,0,0,0,2,9,1,1,0,1,9,1,1,10,0,8,0,0,0,0,1,0,6,5,5,8,1
2015.0,-100.0,0.0,0.0,3,6,3,0,0,0,0,2,1,1,0,1,2,1,1,12,0,8,0,0,0,2,1,0,4,7,5,8,3
2015.0,-80.0,0.0,0.0,3,6,3,0,0,0,2,1,1,1,0,0,1,1,1,13,0,8,0,0,0,0,1,0,4,7,5,8,3
2015.0,30.0,0.0,0.0,3,10,3,0,0,0,0,9,1,1,0,1,9,1,1,14,0,8,0,0,0,1,0,0,4,7,5,8,3
2015.0,159.0,0.0,0.0,3,8,3,0,0,0,1,5,1,1,0,0,9,1,1,14,0,8,0,0,0,2,2,0,6,5,5,3,1
2015.0,732.0,0.0,0.0,3,10,3,0,0,0,1,9,1,1,0,0,9,1,1,16,0,8,0,1,0,1,1,0,6,4,5,9,2
2015.0,0.0,4.0,0.0,2,1,3,0,0,0,0,1,1,1,0,1,2,1,1,18,0,8,0,1,0,1,1,0,2,7,5,3,3
2015.0,-200.0,0.0,0.0,3,4,0,0,0,0,1,5,1,1,0,0,9,1,1,19,0,8,0,1,0,2,1,0,6,2,5,3,9
2015.0,0.0,0.0,0.0,3,4,0,0,0,0,1,1,1,1,0,0,9,1,1,21,0,8,0,0,0,1,2,0,4,5,5,9,3
2015.0,0.0,2.0,0.0,3,1,3,0,0,0,1,9,1,1,0,1,2,1,1,11,1,8,0,0,0,1,2,0,4,2,5,3,3
2015.0,0.0,0.0,0.0,3,1,3,4,0,0,2,9,1,1,0,0,2,1,1,12,1,8,0,0,0,0,2,0,4,2,5,3,3
2015.0,-175.0,0.0,0.0,3,5,3,0,0,0,2,2,1,1,1,1,2,1,1,13,1,8,0,0,0,0,1,0,6,5,5,6,3
2015.0,-300.0,1.0,0.0,3,5,3,1,0,0,1,9,1,1,3,1,2,1,1,16,1,8,0,1,0,1,1,0,0,2,5,7,3
2015.0,-72.0,2.0,0.0,2,6,3,1,0,0,1,5,1,1,0,1,5,1,1,17,1,8,0,1,0,1,2,0,6,7,5,8,3
2015.0,-115.0,0.0,0.0,3,6,3,3,4,0,1,1,1,1,0,1,1,1,1,17,1,8,0,1,1,1,2,0,4,7,5,8,3
2015.0,300.0,0.0,0.0,3,6,3,0,0,0,1,5,1,1,0,1,5,1,1,17,1,8,0,1,0,2,1,0,6,7,5,8,3
2015.0,45.0,0.0,0.0,3,1,3,0,0,0,0,5,1,1,0,0,5,1,1,7,2,8,0,1,0,1,2,0,6,9,5,3,9
2015.0,-206.0,0.0,0.0,3,4,3,0,0,0,1,9,1,1,0,0,2,1,1,8,2,8,0,1,0,1,1,0,6,2,5,3,9
2015.0,150.0,0.0,0.0,3,10,3,0,0,0,0,9,1,1,0,0,9,1,1,10,2,8,0,0,0,1,1,0,6,5,5,3,2
2015.0,-80.0,0.0,0.0,3,6,3,0,0,0,2,2,1,1,0,1,2,1,1,13,2,8,0,0,0,0,1,0,4,5,5,8,1
2015.0,0.0,1.0,0.0,3,1,3,0,0,0,0,2,1,1,0,1,9,1,1,14,2,8,0,0,0,0,2,0,4,2,5,3,9
2015.0,-65.0,1.0,0.0,3,6,3,0,0,0,1,2,1,1,0,0,2,1,1,16,2,8,0,1,0,1,1,0,4,7,5,8,3
2015.0,0.0,0.0,0.0,3,1,3,0,0,0,1,5,1,1,0,1,9,1,1,17,2,8,0,1,0,2,0,0,2,2,5,3,9
2015.0,-210.0,0.0,0.0,3,1,0,0,0,0,0,5,1,1,0,0,9,1,1,19,2,8,0,1,0,2,1,0,6,2,5,3,9
2015.0,-180.0,1.0,0.0,2,6,0,0,0,0,1,5,0,1,0,1,5,1,1,20,2,8,0,0,0,1,1,0,6,7,5,8,3
2015.0,189.0,0.0,0.0,3,1,3,0,0,0,0,2,1,1,0,1,4,1,1,5,3,8,0,0,0,2,2,0,6,7,5,9,3
2015.0,70.0,0.0,0.0,3,10,3,0,0,0,1,9,1,1,0,0,9,1,1,6,3,8,0,0,0,0,1,0,4,9,5,3,3
2015.0,0.0,0.0,0.0,3,6,3,0,0,0,1,4,1,1,0,1,4,1,1,11,3,8,0,0,0,2,1,0,4,7,5,8,3
2015.0,660.0,1.0,0.0,2,5,3,0,0,2,0,9,1,1,0,1,2,1,1,13,3,8,0,0,0,2,1,0,0,5,5,9,3
2015.0,-1430.0,1.0,0.0,3,6,3,0,0,0,1,1,0,1,0,1,1,1,1,13,3,8,0,0,0,1,1,0,4,7,5,8,3
2015.0,0.0,1.0,0.0,3,4,3,0,0,0,1,7,1,1,0,0,1,1,1,14,3,8,0,0,0,0,1,0,2,2,5,3,9
2015.0,-40.0,1.0,0.0,2,1,3,3,4,0,1,1,1,1,0,0,2,1,1,16,3,8,0,1,1,1,2,0,4,7,5,8,9
2015.0,-110.0,1.0,0.0,3,6,3,1,4,0,1,1,1,1,0,0,1,1,1,16,3,8,0,1,1,1,1,0,4,7,5,8,3
2015.0,215.0,0.0,0.0,3,6,3,3,4,0,1,2,1,1,0,1,2,1,1,17,3,8,0,1,1,1,1,0,6,7,5,8,3
2015.0,70.0,0.0,0.0,3,6,3,3,4,0,2,9,1,1,0,0,9,1,1,17,3,8,0,1,1,0,1,0,4,7,5,8,3
2015.0,50.0,0.0,0.0,3,10,3,3,4,0,0,5,1,1,0,1,5,1,1,17,3,8,0,1,1,0,1,0,4,9,5,3,2
2015.0,-125.0,0.0,0.0,3,6,3,1,4,0,1,1,1,1,0,1,1,1,1,18,3,8,0,1,1,1,1,0,6,7,5,8,3
2015.0,-160.0,1.0,0.0,3,6,3,0,0,0,1,1,1,1,0,0,1,1,1,18,3,8,0,1,0,2,2,0,4,5,5,8,8
2015.0,195.0,2.0,0.0,2,6,0,0,0,0,1,1,1,1,0,0,1,1,1,19,3,8,0,1,0,1,1,0,6,8,5,8,3
2015.0,0.0,1.0,0.0,3,4,0,0,0,0,1,9,1,1,0,0,1,1,1,19,3,8,0,1,0,1,2,0,2,2,5,5,5
2015.0,350.0,0.0,0.0,3,6,0,0,0,0,0,9,1,1,0,1,9,1,1,21,3,8,0,0,0,2,1,0,6,0,5,3,3
2015.0,315.0,2.0,0.0,3,6,3,0,0,0,1,9,1,1,0,0,9,1,1,7,4,8,0,1,0,1,1,0,6,7,5,8,3
2015.0,0.0,0.0,0.0,3,1,3,0,0,0,2,9,1,1,0,0,5,1,1,7,4,8,0,1,0,0,2,0,2,2,5,3,3
2015.0,68.0,0.0,0.0,3,6,3,0,0,0,1,5,1,1,0,1,5,1,1,7,4,8,0,1,0,2,1,0,4,7,5,8,3
2015.0,-152.0,0.0,0.0,3,6,3,0,0,0,1,2,1,1,0,1,2,1,1,8,4,8,0,1,0,1,1,0,4,7,5,8,3
2015.0,0.0,0.0,0.0,3,1,3,0,0,0,0,9,1,1,0,0,5,1,1,8,4,8,0,1,0,1,1,0,4,2,5,3,9
2015.0,383.0,0.0,0.0,3,10,3,0,0,0,0,9,1,1,0,0,9,1,1,11,4,8,0,0,0,0,1,0,6,9,5,3,2
2015.0,-640.0,1.0,0.0,3,10,3,0,0,0,1,1,1,1,0,0,1,1,1,13,4,8,0,0,0,1,2,0,6,5,5,3,2
2015.0,230.0,0.0,0.0,3,6,3,0,0,0,1,2,1,1,0,1,2,1,1,14,4,8,0,0,0,1,1,0,6,7,5,8,3
2015.0,-135.0,0.0,0.0,3,1,3,0,0,0,0,3,1,1,0,1,2,1,1,15,4,8,0,0,0,2,1,0,6,5,5,3,9
2015.0,200.0,1.0,0.0,2,6,3,0,0,0,2,9,1,1,0,0,9,1,1,15,4,8,0,0,0,0,2,0,6,5,5,8,3
2015.0,0.0,3.0,0.0,3,6,3,0,0,0,0,1,1,1,0,1,1,1,1,15,4,8,0,0,0,1,1,0,4,7,5,8,3
2015.0,0.0,0.0,0.0,3,4,3,0,0,0,0,6,1,1,0,1,9,1,1,15,4,8,0,0,0,2,1,0,4,2,5,3,9
2015.0,-81.0,0.0,0.0,3,10,3,0,0,0,1,5,1,1,0,1,5,1,1,15,4,8,0,0,0,2,1,0,6,5,5,3,5
2015.0,0.0,1.0,0.0,2,1,3,0,0,0,2,9,1,1,0,1,2,1,1,16,4,8,0,1,0,0,1,0,6,2,5,3,3
2015.0,80.0,0.0,0.0,3,10,3,0,0,0,0,5,1,1,0,1,5,1,1,16,4,8,0,1,0,1,1,0,2,9,5,3,2
2015.0,-54.0,0.0,0.0,3,1,3,0,0,0,0,7,1,1,0,0,9,1,1,17,4,8,0,1,0,2,2,0,6,5,5,3,9
2015.0,-250.0,1.0,0.0,2,6,0,0,0,0,1,9,0,1,0,1,9,1,1,21,4,8,0,0,0,1,1,0,6,7,5,8,3
2015.0,0.0,0.0,0.0,3,1,0,0,0,0,1,5,1,0,0,0,9,1,1,0,5,8,1,0,0,1,2,0,4,2,5,3,3
2015.0,103.0,0.0,0.0,3,12,0,0,0,0,0,5,1,1,0,1,5,1,1,2,5,8,1,0,0,1,2,0,4,9,5,3,2
2015.0,380.0,1.0,0.0,2,1,3,0,0,0,2,5,1,1,0,0,2,1,1,2,5,8,1,0,0,0,1,0,0,2,5,3,9
2015.0,0.0,3.0,0.0,2,1,3,0,0,0,0,1,1,1,0,1,2,1,1,10,5,8,1,0,0,1,1,0,2,2,5,3,3
2015.0,54.0,0.0,0.0,3,6,3,0,0,0,1,9,1,1,0,1,9,1,1,11,5,8,1,0,0,1,1,0,4,7,5,8,3
2015.0,-12.0,0.0,0.0,3,10,3,0,0,0,1,2,0,1,0,1,2,1,1,12,5,8,1,0,0,1,1,0,4,7,5,8,3