Year,Distance,Totalinjuries,Totalfatalities,Injuryseverity,Collisionmanner,Lightcondition,Weather,SurfaceCondition,Unittype_One,Gender_Drv1,Traveldirection_One,AlcoholUse_Drv1,DrugUse_Drv1,Unittype_Two,Gender_Drv2,Traveldirection_Two,AlcoholUse_Drv2,DrugUse_Drv2,Hour,Weekday,Month,Weekend,Rush_Hour,Hazardous_Road,Age_Group_Drv1,Age_Group_Drv2,Substance_Use,Junction_Category,Violation_Category_Drv1,Violation_Category_Drv2,Unitaction_Category_Two,Unitaction_Category_One
2015.0,100.0,1.0,0.0,1,6,3,0,0,0,1,6,0,1,0,0,6,1,1,13,5,8,1,0,0,1,1,0,4,7,5,8,3
2015.0,-10.0,1.0,0.0,1,3,3,1,0,0,0,1,1,1,3,0,2,1,1,13,5,8,1,0,0,2,0,0,4,7,5,7,3
2015.0,0.0,2.0,0.0,3,1,3,0,0,0,0,2,1,1,0,1,1,1,1,13,5,8,1,0,0,0,1,0,2,5,5,3,3
2015.0,0.0,0.0,0.0,3,4,3,0,0,0,0,9,1,1,0,1,5,1,1,14,5,8,1,0,0,1,1,0,4,7,5,9,3
2015.0,152.0,0.0,0.0,3,6,3,0,0,0,1,4,1,1,0,0,4,1,1,16,5,8,1,1,0,1,2,0,2,7,5,8,9
2015.0,0.0,0.0,0.0,3,9,3,1,0,0,1,7,1,1,0,0,1,1,1,17,5,8,1,1,0,2,2,0,4,4,5,3,9
2015.0,0.0,1.0,0.0,1,4,3,0,0,0,0,1,1,1,0,1,2,1,1,17,5,8,1,1,0,2,1,0,4,2,5,3,9
2015.0,-60.0,0.0,0.0,3,5,3,1,4,0,1,6,1,1,0,1,2,1,1,18,5,8,1,1,1,2,1,0,6,7,5,3,9
2015.0,375.0,1.0,0.0,3,6,0,3,4,0,1,9,1,1,0,0,9,1,1,18,5,8,1,1,1,2,2,0,6,7,5,8,3
2015.0,-300.0,0.0,0.0,3,6,0,0,4,0,1,1,1,1,0,1,1,1,1,19,5,8,1,1,1,1,2,0,6,7,5,3,3
2015.0,15.0,0.0,0.0,3,6,0,3,4,0,1,9,1,1,0,0,9,1,1,20,5,8,1,0,1,0,1,0,4,7,5,8,3
2015.0,25.0,0.0,0.0,3,3,0,0,0,0,2,2,1,1,0,1,5,1,1,22,5,8,1,0,0,0,2,0,6,7,5,8,9
2015.0,-20.0,0.0,0.0,3,6,0,0,0,0,1,1,1,1,0,1,1,1,1,23,5,8,1,0,0,1,2,0,4,7,5,8,3
2015.0,-25.0,0.0,0.0,3,6,3,0,0,0,1,1,1,1,0,1,1,1,1,13,6,8,1,0,0,0,1,0,6,7,5,8,3
2015.0,-50.0,0.0,0.0,3,6,3,0,0,0,1,1,1,1,0,1,1,1,1,15,6,8,1,0,0,2,1,0,6,8,5,8,3
2015.0,0.0,0.0,0.0,3,4,4,1,0,0,0,9,1,1,0,1,5,1,1,18,6,8,1,1,0,1,2,0,4,4,5,3,9
2015.0,150.0,0.0,0.0,3,6,3,0,0,0,0,5,1,1,0,0,5,1,1,13,0,8,0,0,0,1,1,0,4,7,5,8,3
2015.0,0.0,0.0,0.0,3,10,3,0,0,0,2,9,1,1,0,1,9,1,1,13,0,8,0,0,0,0,2,0,4,9,5,3,2
2015.0,-306.0,0.0,0.0,3,6,3,0,0,0,1,9,1,1,0,1,9,1,1,14,0,8,0,0,0,1,2,0,6,7,5,8,3
2015.0,-59.0,0.0,0.0,3,6,3,0,0,0,1,2,1,1,0,0,2,1,1,14,0,8,0,0,0,2,1,0,4,7,5,8,3
2015.0,-50.0,1.0,0.0,2,1,3,0,0,2,1,2,1,1,0,1,1,1,1,15,0,8,0,0,0,2,1,0,4,2,5,9,3
2015.0,0.0,0.0,0.0,3,4,3,0,0,0,0,1,1,1,0,0,9,1,1,15,0,8,0,0,0,1,2,0,4,2,5,3,9
2015.0,-129.0,0.0,0.0,3,4,3,0,0,0,1,4,1,1,0,1,1,1,1,16,0,8,0,1,0,1,1,0,0,2,5,3,9
2015.0,0.0,0.0,0.0,3,4,3,0,0,0,0,4,1,1,0,0,5,1,1,17,0,8,0,1,0,1,2,0,4,2,5,2,9
2015.0,-15.0,0.0,0.0,3,6,3,0,0,0,0,2,1,1,0,0,2,1,1,17,0,8,0,1,0,2,1,0,4,7,5,8,3
2015.0,54.0,1.0,0.0,2,6,0,1,0,0,1,2,1,1,0,1,2,1,1,19,0,8,0,1,0,1,0,0,6,9,5,3,2
2015.0,20.0,0.0,0.0,3,4,1,3,4,0,1,5,1,1,0,0,1,1,1,20,0,8,0,0,1,1,2,0,6,5,5,3,9
2015.0,0.0,1.0,0.0,3,1,1,3,4,0,1,9,1,1,0,0,5,1,1,20,0,8,0,0,1,2,0,0,4,5,5,3,3
2015.0,0.0,0.0,0.0,3,4,3,0,0,0,0,5,1,1,0,1,2,1,1,8,1,9,0,1,0,0,0,0,4,2,5,3,9
2015.0,-55.0,1.0,0.0,3,6,3,0,0,0,1,2,1,1,0,0,2,1,1,8,1,9,0,1,0,2,1,0,6,7,5,8,3
2015.0,-60.0,0.0,0.0,3,6,3,0,0,0,1,9,1,1,0,1,9,1,1,8,1,9,0,1,0,1,2,0,6,7,5,8,3
2015.0,0.0,1.0,0.0,2,1,3,1,0,0,1,1,1,1,0,0,2,1,1,9,1,9,0,1,0,2,2,0,2,2,5,9,3
2015.0,-65.0,1.0,0.0,3,6,3,1,0,0,0,1,1,1,0,0,1,1,1,12,1,9,0,0,0,1,0,0,4,7,5,8,3
2015.0,-50.0,0.0,0.0,3,10,3,0,0,0,2,7,1,1,0,1,8,1,1,12,1,9,0,0,0,0,2,0,6,9,5,3,3
2015.0,-95.0,0.0,0.0,3,6,3,1,0,0,0,2,1,1,0,0,2,1,1,14,1,9,0,0,0,1,2,0,4,7,5,8,3
2015.0,-50.0,1.0,0.0,2,5,3,1,0,2,0,2,1,1,0,0,1,1,1,16,1,9,0,1,0,2,2,0,4,2,5,9,3
2015.0,-0.52,0.0,0.0,3,1,3,0,0,0,0,1,1,1,0,0,5,1,1,16,1,9,0,1,0,1,1,0,6,2,5,3,3
2015.0,-580.0,0.0,0.0,3,4,3,0,0,0,0,2,1,1,0,0,1,1,1,17,1,9,0,1,0,1,1,0,0,2,5,3,9
2015.0,-223.0,4.0,0.0,2,4,3,0,0,0,0,1,1,1,0,0,5,1,1,17,1,9,0,1,0,2,1,0,0,2,5,3,9
2015.0,465.0,2.0,0.0,2,10,3,0,0,0,0,1,1,1,0,1,1,1,1,18,1,9,0,1,0,2,0,0,6,9,5,3,2
2015.0,300.0,0.0,0.0,3,6,0,0,0,0,0,9,1,1,0,1,9,1,1,19,1,9,0,1,0,2,1,0,6,7,5,3,3
2015.0,0.0,0.0,0.0,3,4,0,0,0,0,1,1,1,1,0,1,1,1,1,19,1,9,0,1,0,2,1,0,2,4,9,9,2
2015.0,0.0,0.0,0.0,3,1,0,0,0,0,0,1,1,1,0,0,5,1,1,19,1,9,0,1,0,0,0,0,4,5,5,3,9
2015.0,100.0,0.0,0.0,3,6,3,0,0,0,1,5,1,1,0,1,5,1,1,12,2,9,0,0,0,2,0,0,4,7,5,8,3
2015.0,611.0,0.0,0.0,3,4,3,0,0,0,0,2,1,1,0,1,1,1,1,16,2,9,0,1,0,1,1,0,0,2,5,5,5
2015.0,695.0,0.0,0.0,3,10,3,0,0,0,0,2,1,1,0,0,2,1,1,16,2,9,0,1,0,1,1,0,0,2,5,9,9
2015.0,266.0,0.0,0.0,3,10,3,0,0,0,0,9,1,1,0,0,9,1,1,16,2,9,0,1,0,1,1,0,6,9,5,3,2
2015.0,540.0,0.0,0.0,3,4,3,1,0,0,0,9,1,1,0,1,2,1,1,17,2,9,0,1,0,1,0,0,0,2,5,3,9
2015.0,0.0,2.0,0.0,2,4,3,1,0,0,0,1,1,1,0,0,9,1,1,17,2,9,0,1,0,1,2,0,4,2,5,3,9
2015.0,-24.0,1.0,0.0,2,5,3,1,0,2,0,1,1,1,0,1,1,1,1,18,2,9,0,1,0,2,1,0,4,2,5,9,3
2015.0,-500.0,0.0,0.0,3,4,0,0,0,0,0,5,1,1,0,0,9,1,1,19,2,9,0,1,0,1,1,0,6,2,5,3,9
2015.0,-60.0,0.0,0.0,3,6,0,0,0,0,0,5,1,1,0,1,5,1,1,19,2,9,0,1,0,2,1,0,6,7,5,8,3
2015.0,0.0,1.0,0.0,2,4,0,0,0,0,2,2,1,1,0,0,1,1,1,0,3,9,0,0,0,0,2,0,4,2,5,3,9
2015.0,0.0,0.0,0.0,3,6,3,0,0,0,1,9,1,1,0,1,9,1,1,7,3,9,0,1,0,1,1,0,4,7,5,8,3
2015.0,75.0,0.0,0.0,3,10,3,1,0,0,2,4,1,1,0,1,4,1,1,7,3,9,0,1,0,0,0,0,4,9,5,8,3
2015.0,-20.0,0.0,0.0,3,6,3,0,0,0,1,2,1,1,0,1,2,1,1,8,3,9,0,1,0,2,1,0,4,7,5,3,3
2015.0,0.0,0.0,0.0,3,1,3,0,0,0,0,5,1,1,0,0,2,1,1,8,3,9,0,1,0,1,1,0,4,2,5,3,9
2015.0,-128.0,0.0,0.0,3,6,3,0,0,0,1,9,1,1,0,0,9,1,1,8,3,9,0,1,0,2,1,0,6,7,5,8,3
2015.0,0.0,0.0,0.0,3,4,3,0,0,0,1,4,1,1,0,1,9,1,1,10,3,9,0,0,0,2,1,0,4,2,5,3,2
2015.0,0.0,0.0,0.0,3,4,3,0,0,0,0,1,1,1,0,0,9,1,1,11,3,9,0,0,0,0,1,0,4,2,5,9,3
2015.0,60.0,0.0,0.0,3,10,3,0,0,0,2,9,1,1,0,0,9,1,1,11,3,9,0,0,0,0,1,0,4,9,5,3,3
2015.0,350.0,0.0,0.0,3,6,3,0,0,0,1,9,1,1,0,0,9,1,1,12,3,9,0,0,0,0,1,0,6,7,5,8,3
2015.0,0.0,0.0,0.0,3,1,3,1,0,0,1,2,1,1,0,1,1,1,1,13,3,9,0,0,0,1,0,0,4,2,5,3,3
2015.0,-200.0,3.0,0.0,3,6,3,0,0,0,0,2,1,1,0,1,2,1,1,13,3,9,0,0,0,1,0,0,4,7,5,8,3
2015.0,-160.0,0.0,0.0,3,5,3,1,0,0,1,9,1,1,0,0,9,1,1,14,3,9,0,0,0,1,1,0,4,5,5,3,3
2015.0,0.0,1.0,0.0,3,4,3,0,0,0,1,2,1,1,0,1,5,1,1,14,3,9,0,0,0,1,1,0,4,2,5,9,3
2015.0,-30.0,1.0,0.0,3,6,3,3,4,0,1,5,1,1,0,0,5,1,1,17,3,9,0,1,1,2,1,0,6,0,5,8,3
2015.0,548.0,0.0,0.0,3,6,0,0,0,0,1,1,1,1,0,0,1,1,1,20,3,9,0,0,0,1,1,0,6,7,5,3,3
2015.0,503.0,0.0,0.0,3,6,0,0,0,0,0,9,1,0,1,1,9,1,1,20,3,9,0,0,0,1,1,0,6,7,5,6,3
2015.0,128.0,0.0,0.0,3,6,3,0,0,0,0,5,1,1,0,1,5,1,1,6,4,9,0,0,0,2,1,0,6,7,5,3,3
2015.0,-240.0,0.0,0.0,3,10,3,0,0,0,1,1,1,1,0,0,1,1,1,6,4,9,0,0,0,1,0,0,6,9,5,3,2
2015.0,-270.0,0.0,0.0,3,6,3,1,0,0,0,5,1,1,0,1,5,1,1,10,4,9,0,0,0,0,2,0,6,7,5,8,3
2015.0,28.0,2.0,0.0,2,6,3,0,0,0,0,1,1,1,0,0,1,1,1,11,4,9,0,0,0,2,1,0,0,7,5,8,3
2015.0,55.0,0.0,0.0,3,6,3,0,0,0,1,5,1,1,0,0,5,1,1,12,4,9,0,0,0,0,1,0,4,7,5,8,3
2015.0,-472.0,2.0,0.0,2,4,3,0,0,0,0,1,1,1,0,0,2,1,1,12,4,9,0,0,0,1,1,0,0,2,5,3,9
2015.0,-1020.0,0.0,0.0,3,10,3,0,0,0,0,9,1,1,0,1,9,1,1,15,4,9,0,0,0,2,1,0,6,9,5,3,2
2015.0,-152.0,1.0,0.0,2,5,3,0,0,2,0,1,1,1,0,1,5,1,1,15,4,9,0,0,0,2,1,0,0,5,5,9,3
2015.0,-545.0,0.0,0.0,3,4,4,4,0,0,1,4,1,1,0,0,5,1,1,18,4,9,0,1,0,2,1,0,6,4,5,3,9
2015.0,0.0,0.0,0.0,3,6,0,0,0,0,0,9,0,1,0,1,9,1,1,0,5,9,1,0,0,1,2,0,4,7,5,8,3
2015.0,370.0,0.0,0.0,3,4,3,0,0,0,0,5,1,1,0,1,9,1,1,13,5,9,1,0,0,2,1,0,6,2,5,3,9
2015.0,350.0,0.0,0.0,3,4,3,1,0,0,0,1,1,1,0,0,9,1,1,14,5,9,1,0,0,1,1,0,6,5,5,3,9
2015.0,-120.0,1.0,0.0,2,10,3,1,0,0,1,6,1,1,0,1,5,1,1,15,5,9,1,0,0,1,2,0,6,2,5,3,2
2015.0,300.0,0.0,0.0,3,1,3,0,0,0,0,1,1,1,0,0,5,1,1,16,5,9,1,1,0,0,1,0,6,2,5,3,9
2015.0,30.0,0.0,0.0,3,6,0,0,0,0,1,5,1,1,0,1,5,1,1,21,5,9,1,0,0,2,1,0,4,7,5,8,3
2015.0,200.0,0.0,0.0,3,6,0,1,0,0,1,9,1,1,0,1,9,1,1,21,5,9,1,0,0,2,1,0,6,5,5,3,3
2015.0,41.0,0.0,0.0,3,6,0,0,0,0,0,9,1,1,0,1,9,1,1,22,5,9,1,0,0,1,1,0,4,7,5,8,3
2015.0,130.0,0.0,0.0,3,8,0,0,0,0,2,5,1,1,0,1,1,1,1,0,6,9,1,0,0,0,2,0,6,7,5,6,1
2015.0,12.0,0.0,0.0,3,6,1,0,0,0,0,1,1,1,1,1,1,1,1,0,6,9,1,0,0,2,1,0,6,7,5,6,3
2015.0,-204.0,1.0,0.0,2,1,3,0,0,0,0,5,1,1,0,0,1,1,1,10,6,9,1,0,0,2,1,0,6,4,5,3,9
2015.0,-190.0,0.0,0.0,3,6,3,0,0,0,0,5,1,1,0,1,5,1,1,12,6,9,1,0,0,1,1,0,6,7,5,8,3
2015.0,204.0,0.0,0.0,3,6,3,0,0,0,1,2,1,1,0,1,2,1,1,16,6,9,1,1,0,2,1,0,0,7,8,8,3
2015.0,0.0,0.0,0.0,3,4,0,0,0,0,1,1,1,1,0,1,9,1,1,21,6,9,1,0,0,2,1,0,4,4,5,3,9
2015.0,-40.0,1.0,0.0,3,6,3,0,0,0,0,1,1,1,0,1,1,1,1,10,0,9,0,0,0,2,1,0,4,7,5,8,8
2015.0,-150.0,0.0,0.0,3,10,0,4,0,0,0,1,1,1,0,0,1,1,1,19,0,9,0,1,0,2,2,0,6,9,5,3,2
2015.0,63.0,2.0,0.0,3,6,0,1,0,0,1,1,1,1,0,1,1,1,1,20,0,9,0,0,0,2,2,0,6,8,5,8,3
2015.0,182.0,1.0,0.0,3,6,3,0,0,0,1,5,1,1,0,0,5,1,1,9,1,9,0,1,0,1,2,0,4,7,5,8,3
2015.0,293.0,0.0,0.0,3,1,3,0,0,0,1,5,1,1,0,1,9,1,1,9,1,9,0,1,0,0,0,0,0,2,5,3,5
2015.0,90.0,0.0,0.0,3,6,3,0,0,0,1,9,1,1,0,1,9,1,1,10,1,9,0,0,0,1,0,0,4,7,5,8,3
2015.0,-519.0,0.0,0.0,3,6,3,0,0,0,1,5,1,1,0,1,5,1,1,16,1,9,0,1,0,2,1,0,6,7,5,8,3
2015.0,0.0,0.0,0.0,3,4,3,0,0,0,2,9,1,1,0,1,5,1,1,17,1,9,0,1,0,0,2,0,4,2,5,3,9
2015.0,60.0,0.0,0.0,3,4,3,0,0,0,1,7,1,1,0,1,2,1,1,18,1,9,0,1,0,0,1,0,4,2,5,3,9
2015.0,0.0,0.0,0.0,3,3,0,0,0,0,1,9,1,0,0,1,1,1,1,21,1,9,0,0,0,2,2,0,4,9,5,3,3
2015.0,50.0,0.0,0.0,3,6,2,0,0,0,1,1,1,1,0,1,1,1,1,5,2,9,0,0,0,2,1,0,6,7,5,3,3
2015.0,-90.0,0.0,0.0,3,1,3,0,0,0,0,9,1,1,0,0,2,1,1,13,2,9,0,0,0,1,2,0,0,2,5,3,9
2015.0,51.0,0.0,0.0,3,6,3,0,0,0,2,5,1,1,0,0,5,1,1,13,2,9,0,0,0,0,1,0,4,7,5,8,3
2015.0,0.0,1.0,0.0,2,5,3,0,0,2,0,5,1,1,0,0,9,1,1,13,2,9,0,0,0,2,2,0,4,9,5,9,3
2015.0,0.0,0.0,0.0,3,6,3,1,0,0,1,9,1,1,0,0,9,1,1,14,2,9,0,0,0,2,2,0,4,7,5,8,3
2015.0,211.0,0.0,0.0,3,10,0,0,0,0,0,5,1,1,0,1,5,1,1,18,2,9,0,1,0,1,1,0,6,9,5,3,2
2015.0,0.0,2.0,0.0,3,4,0,0,0,0,0,3,1,1,0,1,9,1,1,19,2,9,0,1,0,2,1,0,4,2,5,3,9
2015.0,-250.0,1.0,0.0,3,6,0,0,0,0,1,2,0,1,0,1,2,1,1,22,2,9,0,0,0,2,1,0,6,5,5,8,3
2015.0,-160.0,0.0,0.0,3,1,3,0,0,0,0,7,1,1,0,0,5,1,1,6,3,9,0,0,0,1,0,0,6,4,5,6,9
2015.0,-168.0,0.0,0.0,3,6,3,1,0,0,1,2,1,1,0,0,2,1,1,6,3,9,0,0,0,2,1,0,4,8,5,8,3
2015.0,0.0,0.0,0.0,3,4,3,1,0,0,0,5,1,1,0,1,9,1,1,8,3,9,0,1,0,1,0,0,4,2,5,3,9
2015.0,-65.0,0.0,0.0,3,10,3,1,0,0,2,1,1,1,0,1,1,1,1,8,3,9,0,1,0,0,1,0,4,9,5,3,3
2015.0,668.0,0.0,0.0,3,6,3,0,0,0,0,2,1,1,0,0,2,1,1,11,3,9,0,0,0,2,1,0,6,7,5,8,3
2015.0,0.0,1.0,0.0,3,4,3,0,0,0,0,1,1,1,0,1,1,1,1,12,3,9,0,0,0,2,2,0,4,2,5,3,9
2015.0,33.0,0.0,0.0,3,6,3,0,0,0,1,9,1,1,0,1,9,1,1,15,3,9,0,0,0,0,2,0,4,7,5,8,3
2015.0,0.0,1.0,0.0,3,4,3,0,0,0,0,3,1,1,0,1,9,1,1,15,3,9,0,0,0,2,2,0,4,5,5,3,9
2015.0,0.0,1.0,0.0,2,4,3,0,0,0,1,1,1,1,0,1,5,1,1,15,3,9,0,0,0,1,1,0,4,2,5,3,9
2015.0,350.0,1.0,0.0,3,6,3,0,0,0,1,9,1,1,0,0,9,1,1,15,3,9,0,0,0,0,1,0,6,7,5,8,3
2015.0,479.0,0.0,0.0,3,1,3,0,0,0,1,2,1,1,0,1,2,1,1,16,3,9,0,1,0,2,2,0,6,5,5,8,9
2015.0,-135.0,0.0,0.0,3,6,3,0,0,0,1,5,1,1,0,1,5,1,1,17,3,9,0,1,0,1,1,0,6,7,5,8,3
2015.0,-583.0,1.0,0.0,3,6,3,0,0,0,1,1,1,1,0,1,1,1,1,17,3,9,0,1,0,2,2,0,6,7,5,8,3
2015.0,0.0,0.0,0.0,3,4,3,0,0,0,0,2,1,1,0,0,9,1,1,18,3,9,0,1,0,2,1,0,4,2,5,3,9
2015.0,-710.0,0.0,0.0,3,1,3,0,0,0,1,5,1,1,0,0,9,1,1,9,4,9,0,1,0,0,1,0,0,2,5,3,9
2015.0,120.0,0.0,0.0,3,6,3,0,0,0,2,5,1,1,0,0,5,1,1,11,4,9,0,0,0,0,2,0,4,7,5,8,3
2015.0,-64.0,3.0,0.0,2,3,3,0,0,0,1,5,0,1,0,1,2,1,1,13,4,9,0,0,0,1,1,0,4,9,5,8,3
2015.0,189.0,0.0,0.0,3,4,3,0,0,0,1,6,1,1,0,1,9,1,1,13,4,9,0,0,0,2,1,0,6,2,5,3,9
2015.0,92.0,0.0,0.0,3,10,3,0,0,0,0,5,1,1,0,0,5,1,1,14,4,9,0,0,0,2,1,0,4,9,5,3,2
2015.0,0.0,0.0,0.0,3,4,3,0,0,0,1,9,1,1,0,1,1,1,1,15,4,9,0,0,0,1,2,0,4,2,5,3,9
2015.0,-159.0,1.0,0.0,3,6,3,0,0,0,1,2,1,1,0,1,2,1,1,16,4,9,0,1,0,1,0,0,6,7,5,8,3
2015.0,-250.0,0.0,0.0,3,4,3,0,0,0,0,9,1,1,0,1,2,1,1,17,4,9,0,1,0,2,1,0,0,2,5,3,9
2015.0,-510.0,0.0,0.0,3,4,3,0,0,0,1,2,1,1,0,0,5,1,1,17,4,9,0,1,0,2,1,0,0,2,2,9,9
2015.0,290.0,0.0,0.0,3,4,3,0,0,0,1,5,1,1,0,1,9,1,1,17,4,9,0,1,0,0,1,0,0,2,5,3,9
2015.0,-290.0,0.0,0.0,3,6,3,0,0,0,1,2,1,1,0,0,2,1,1,17,4,9,0,1,0,2,1,0,4,7,5,8,3
2015.0,-85.0,0.0,0.0,3,6,4,0,0,0,0,1,1,1,0,0,1,1,1,17,4,9,0,1,0,2,1,0,4,7,5,8,3
2015.0,-297.0,0.0,0.0,3,4,3,0,0,0,0,9,1,1,0,1,2,1,1,18,4,9,0,1,0,1,2,0,6,2,5,3,9
2015.0,602.0,0.0,0.0,3,6,0,0,0,0,0,9,1,1,0,0,9,1,1,19,4,9,0,1,0,2,2,0,6,7,5,8,8
2015.0,-125.0,0.0,0.0,3,6,0,0,0,0,1,2,1,1,0,1,2,1,1,19,4,9,0,1,0,1,2,0,4,7,5,8,3
2015.0,100.0,1.0,0.0,3,6,0,0,0,0,1,9,1,1,0,1,9,1,1,23,4,9,0,0,0,2,2,0,4,7,5,8,3
2015.0,-78.0,0.0,0.0,3,6,0,0,0,0,1,2,1,1,0,1,2,1,1,0,5,9,1,0,0,1,1,0,4,7,5,8,3
2015.0,180.0,1.0,0.0,3,3,0,0,0,0,1,1,0,1,1,1,9,1,1,2,5,9,1,0,0,2,1,0,6,7,5,6,3
2015.0,0.0,0.0,0.0,3,4,3,0,0,0,1,5,1,1,0,1,2,1,1,9,5,9,1,1,0,2,2,0,4,5,5,3,9
2015.0,-70.0,0.0,0.0,3,6,3,0,0,0,0,2,1,1,0,0,2,1,1,11,5,9,1,0,0,2,1,0,4,7,5,8,8
2015.0,0.0,0.0,0.0,3,6,3,0,0,0,0,9,1,1,0,0,9,1,1,11,5,9,1,0,0,2,1,0,4,7,5,8,3
2015.0,54.0,0.0,0.0,3,10,3,0,0,0,1,2,1,1,0,0,2,1,1,12,5,9,1,0,0,1,1,0,4,9,5,3,3
2015.0,101.0,0.0,0.0,3,3,3,0,0,0,1,1,1,1,0,0,9,1,1,13,5,9,1,0,0,1,1,0,6,9,5,8,3
2015.0,150.0,0.0,0.0,3,6,3,0,0,0,1,1,1,1,0,1,1,1,1,14,5,9,1,0,0,1,1,0,4,7,5,8,3
2015.0,180.0,0.0,0.0,3,6,3,0,0,0,0,2,1,1,0,1,2,1,1,16,5,9,1,1,0,2,1,0,4,7,5,8,3
2015.0,300.0,0.0,0.0,3,10,3,0,0,0,0,5,1,1,0,1,5,1,1,17,5,9,1,1,0,2,0,0,4,9,5,3,2
2015.0,250.0,0.0,0.0,3,6,3,0,0,0,0,9,1,1,0,1,9,1,1,17,5,9,1,1,0,2,2,0,4,7,5,8,3
2015.0,-908.0,0.0,0.0,3,10,3,0,0,0,1,1,1,1,0,1,1,1,1,8,6,9,1,1,0,1,1,0,6,9,5,3,2
2015.0,68.0,0.0,0.0,3,6,3,0,0,0,1,9,1,1,0,1,9,1,1,12,6,9,1,0,0,1,2,0,4,7,5,8,3
2015.0,150.0,0.0,0.0,3,6,0,0,0,0,1,1,1,1,1,1,1,1,1,19,6,9,1,1,0,1,1,0,6,7,5,6,3
2015.0,0.0,1.0,0.0,3,1,0,0,0,0,1,1,1,1,0,1,2,1,1,0,0,9,0,0,0,2,1,0,4,5,5,3,3
2015.0,0.0,0.0,0.0,3,4,2,0,0,0,0,7,1,1,0,1,1,1,1,5,0,9,0,0,0,1,1,0,2,2,5,3,9
2015.0,-76.0,0.0,0.0,3,1,2,0,0,0,0,6,1,1,0,0,2,1,1,5,0,9,0,0,0,1,2,0,4,5,5,3,9
2015.0,80.0,0.0,0.0,3,5,3,0,0,0,1,9,1,1,0,0,9,1,1,6,0,9,0,0,0,0,2,0,4,5,5,8,1
2015.0,50.0,0.0,0.0,3,6,3,0,0,0,0,9,1,1,0,0,9,1,1,7,0,9,0,1,0,2,1,0,4,7,5,8,3
2015.0,388.0,0.0,0.0,3,1,3,0,0,0,1,2,1,1,0,1,1,1,1,8,0,9,0,1,0,1,0,0,6,2,5,3,9
2015.0,200.0,0.0,0.0,3,6,3,0,0,0,2,5,1,1,0,1,5,1,1,9,0,9,0,1,0,0,1,0,6,5,5,8,3
2015.0,-60.0,0.0,0.0,3,6,3,0,0,0,0,5,1,1,0,0,5,1,1,10,0,9,0,0,0,1,2,0,6,7,5,8,3
2015.0,1312.0,0.0,0.0,3,10,3,0,0,0,1,9,1,1,0,0,9,1,1,11,0,9,0,0,0,1,0,0,6,9,5,3,2
2015.0,1725.0,0.0,0.0,3,4,3,1,0,0,1,2,1,1,0,1,9,1,1,14,0,9,0,0,0,2,1,0,4,2,5,3,9
2015.0,0.0,2.0,0.0,2,4,3,0,0,0,0,5,1,1,0,1,2,1,1,15,0,9,0,0,0,1,1,0,4,5,5,3,9
2015.0,-260.0,0.0,0.0,3,10,3,0,0,0,1,1,1,1,0,1,1,1,1,16,0,9,0,1,0,1,1,0,6,9,5,3,2
2015.0,105.0,1.0,0.0,1,6,3,0,0,0,0,1,1,1,0,1,1,1,1,16,0,9,0,1,0,1,1,0,6,8,5,8,3
2015.0,0.0,0.0,0.0,3,1,3,0,0,0,0,9,1,1,0,0,2,1,1,16,0,9,0,1,0,1,1,0,2,5,5,3,3
2015.0,0.0,1.0,0.0,2,5,3,0,0,0,2,1,1,1,2,1,1,1,1,17,0,9,0,1,0,0,1,0,4,4,5,3,3
2015.0,-168.0,0.0,0.0,3,6,0,3,4,0,0,2,1,1,0,0,2,1,1,19,0,9,0,1,1,1,0,0,4,7,5,8,3
2015.0,60.0,0.0,0.0,3,6,0,3,4,0,1,9,1,1,0,1,9,1,1,19,0,9,0,1,1,1,1,0,4,7,5,8,2
2015.0,70.0,1.0,0.0,3,6,3,0,0,0,1,9,1,1,0,0,9,1,1,9,1,9,0,1,0,2,1,0,6,7,5,8,3
2015.0,197.0,1.0,0.0,3,6,3,0,0,0,1,1,1,1,0,0,1,1,1,9,1,9,0,1,0,2,1,0,6,7,5,8,3
2015.0,0.0,1.0,0.0,3,4,3,0,0,0,1,9,1,1,0,1,1,1,1,10,1,9,0,0,0,0,1,0,4,2,5,3,9
2015.0,0.0,2.0,0.0,1,4,3,0,0,0,0,5,1,1,0,0,2,1,1,10,1,9,0,0,0,1,1,0,4,2,5,9,3
2015.0,80.0,0.0,0.0,3,10,3,0,0,0,0,1,1,1,0,1,1,1,1,10,1,9,0,0,0,1,1,0,6,9,5,3,2
2015.0,0.0,1.0,0.0,3,1,3,0,0,0,0,5,1,1,0,0,1,1,1,11,1,9,0,0,0,0,2,0,4,2,5,9,3
2015.0,140.0,1.0,0.0,2,6,3,0,0,0,1,9,1,1,0,1,9,1,1,13,1,9,0,0,0,1,1,0,4,7,5,8,3
2015.0,0.0,0.0,0.0,3,1,3,0,0,0,0,9,1,1,0,1,5,1,1,13,1,9,0,0,0,1,0,0,4,2,5,3,3
2015.0,-60.0,0.0,0.0,3,6,3,0,0,0,1,1,1,1,0,0,1,1,1,14,1,9,0,0,0,1,2,0,4,7,5,8,3
2015.0,0.0,0.0,0.0,3,1,3,0,0,0,0,5,1,1,0,1,4,1,1,14,1,9,0,0,0,1,2,0,4,2,5,9,3
2015.0,0.0,0.0,0.0,3,4,3,0,0,0,1,3,1,1,0,0,4,1,1,14,1,9,0,0,0,1,2,0,4,2,5,9,9
2015.0,385.0,1.0,0.0,2,4,3,0,0,0,1,1,1,1,0,1,5,1,1,16,1,9,0,1,0,2,1,0,0,2,5,3,9