Year,Distance,Totalinjuries,Totalfatalities,Injuryseverity,Collisionmanner,Lightcondition,Weather,SurfaceCondition,Unittype_One,Gender_Drv1,Traveldirection_One,AlcoholUse_Drv1,DrugUse_Drv1,Unittype_Two,Gender_Drv2,Traveldirection_Two,AlcoholUse_Drv2,DrugUse_Drv2,Hour,Weekday,Month,Weekend,Rush_Hour,Hazardous_Road,Age_Group_Drv1,Age_Group_Drv2,Substance_Use,Junction_Category,Violation_Category_Drv1,Violation_Category_Drv2,Unitaction_Category_Two,Unitaction_Category_One
2015.0,-80.0,0.0,0.0,3,6,3,0,0,0,1,1,1,1,0,0,1,1,1,17,1,9,0,1,0,1,1,0,4,7,5,8,3
2015.0,322.0,1.0,0.0,1,5,4,0,0,3,0,6,1,1,0,0,2,1,1,18,1,9,0,1,0,0,1,0,0,2,5,3,7
2015.0,75.0,0.0,0.0,3,6,4,1,0,0,1,1,1,1,0,1,1,1,1,19,1,9,0,1,0,2,2,0,6,7,5,8,3
2015.0,0.0,0.0,0.0,3,6,3,0,0,0,0,2,1,1,0,0,5,1,1,19,1,9,0,1,0,1,1,0,4,2,5,3,9
2015.0,-579.0,0.0,0.0,3,8,0,0,0,0,2,1,1,1,1,1,2,1,1,0,2,9,0,0,0,0,1,0,6,5,5,6,1
2015.0,0.0,0.0,0.0,3,4,2,0,0,0,1,1,1,1,0,1,5,1,1,5,2,9,0,0,0,2,0,0,4,5,5,3,9
2015.0,0.0,1.0,0.0,2,4,3,0,0,0,0,2,1,1,0,1,5,1,1,8,2,9,0,1,0,2,1,0,4,2,5,9,3
2015.0,0.0,1.0,0.0,3,6,3,0,0,0,1,1,1,1,0,1,1,1,1,12,2,9,0,0,0,1,1,0,4,7,5,8,3
2015.0,608.0,0.0,0.0,3,6,3,0,0,0,1,2,1,1,0,1,2,1,1,14,2,9,0,0,0,1,1,0,4,7,5,8,8
2015.0,-100.0,0.0,0.0,3,6,3,0,0,0,1,1,1,1,0,1,1,1,1,17,2,9,0,1,0,1,1,0,4,7,5,8,3
2015.0,189.0,0.0,0.0,3,3,3,0,0,0,1,1,0,1,0,1,9,1,1,17,2,9,0,1,0,1,2,0,6,9,5,8,9
2015.0,590.0,1.0,0.0,2,1,4,0,0,0,1,2,1,1,0,1,1,0,1,17,2,9,0,1,0,2,2,0,0,2,5,3,9
2015.0,0.0,4.0,0.0,2,4,3,0,0,0,1,9,1,1,0,0,1,1,1,17,2,9,0,1,0,1,2,0,4,2,5,3,9
2015.0,0.0,0.0,0.0,3,1,4,0,0,0,0,9,1,1,0,1,2,1,1,18,2,9,0,1,0,1,1,0,4,2,5,3,3
2015.0,200.0,0.0,0.0,3,1,0,0,0,0,0,5,1,1,0,1,7,1,1,20,2,9,0,0,0,2,2,0,4,2,5,9,3
2015.0,0.0,0.0,0.0,3,4,0,0,0,0,1,8,1,1,0,0,8,1,1,20,2,9,0,0,0,1,0,0,4,3,5,9,3
2015.0,0.0,1.0,0.0,2,1,0,0,0,0,1,2,0,1,0,0,1,1,1,20,2,9,0,0,0,1,1,0,2,7,5,3,3
2015.0,-250.0,0.0,0.0,3,6,0,0,0,0,1,1,1,1,0,1,1,1,1,21,2,9,0,0,0,2,1,0,6,8,5,8,3
2015.0,0.0,1.0,0.0,2,4,0,0,0,0,0,9,1,1,0,1,1,1,1,4,3,9,0,0,0,1,1,0,4,7,5,3,9
2015.0,100.0,0.0,0.0,3,6,3,0,0,0,0,2,1,1,0,0,2,1,1,7,3,9,0,1,0,2,1,0,6,7,5,8,3
2015.0,-200.0,0.0,0.0,3,1,3,0,0,0,0,2,1,1,0,0,9,1,1,7,3,9,0,1,0,0,0,0,6,2,5,3,9
2015.0,230.0,0.0,0.0,3,6,3,0,0,0,0,2,1,1,0,1,2,1,1,8,3,9,0,1,0,2,1,0,6,7,5,8,3
2015.0,212.0,1.0,0.0,3,6,3,0,0,0,1,2,1,1,0,1,2,1,1,8,3,9,0,1,0,0,2,0,6,7,5,8,3
2015.0,-80.0,1.0,0.0,3,6,3,0,0,0,1,1,1,1,0,0,1,1,1,10,3,9,0,0,0,2,2,0,4,7,5,8,3
2015.0,-175.0,0.0,0.0,3,12,3,0,0,0,2,8,1,1,1,1,2,1,1,11,3,9,0,0,0,0,1,0,6,5,5,6,5
2015.0,0.0,0.0,0.0,3,10,3,0,0,0,0,2,1,1,0,1,2,1,1,12,3,9,0,0,0,0,0,0,2,5,5,9,9
2015.0,-120.0,1.0,0.0,3,6,3,0,0,0,2,1,1,1,0,1,1,1,1,14,3,9,0,0,0,0,1,0,4,7,5,8,3
2015.0,0.0,0.0,0.0,3,4,3,0,0,0,1,2,1,1,0,1,5,1,1,16,3,9,0,1,0,2,1,0,4,2,5,3,9
2015.0,250.0,0.0,0.0,3,4,3,0,0,0,1,2,1,1,0,0,5,1,1,16,3,9,0,1,0,1,2,0,6,2,5,3,9
2015.0,1040.0,0.0,0.0,3,6,3,0,0,0,1,1,1,1,0,1,1,1,1,16,3,9,0,1,0,2,0,0,6,7,5,8,3
2015.0,-150.0,0.0,0.0,3,5,3,0,0,0,1,5,1,1,0,1,2,1,1,17,3,9,0,1,0,1,0,0,6,5,5,3,1
2015.0,9.0,0.0,0.0,3,1,3,0,0,0,0,9,1,1,0,0,5,1,1,17,3,9,0,1,0,1,1,0,4,2,5,3,9
2015.0,100.0,0.0,0.0,3,10,3,0,0,0,0,5,1,1,0,1,5,1,1,17,3,9,0,1,0,1,1,0,6,9,5,3,2
2015.0,0.0,0.0,0.0,3,4,4,0,0,0,1,1,1,1,0,1,9,1,1,18,3,9,0,1,0,2,2,0,4,2,5,3,9
2015.0,-250.0,0.0,0.0,3,6,0,0,0,0,1,1,1,1,0,0,1,1,1,19,3,9,0,1,0,1,1,0,4,8,5,8,3
2015.0,0.0,0.0,0.0,3,4,0,0,0,0,1,4,1,1,0,1,5,1,1,21,3,9,0,0,0,2,1,0,4,2,5,3,9
2015.0,0.0,1.0,0.0,3,1,0,0,0,0,1,5,1,1,0,1,9,1,1,1,4,9,0,0,0,1,1,0,4,2,5,3,3
2015.0,60.0,0.0,0.0,3,6,3,0,0,0,2,9,1,1,0,0,9,1,1,6,4,9,0,0,0,0,1,0,4,7,5,8,3
2015.0,0.0,0.0,0.0,3,10,3,0,0,0,1,9,1,1,0,1,9,1,1,6,4,9,0,0,0,1,2,0,4,9,5,3,3
2015.0,-320.0,1.0,0.0,3,6,3,0,0,0,0,1,1,1,0,1,1,1,1,10,4,9,0,0,0,2,1,0,6,7,5,8,3
2015.0,0.0,1.0,0.0,2,1,3,0,0,0,1,1,1,1,0,1,2,1,1,11,4,9,0,0,0,1,1,0,4,2,5,3,3
2015.0,0.0,0.0,0.0,3,12,3,0,0,0,1,8,1,1,0,1,8,1,1,12,4,9,0,0,0,0,1,0,2,5,5,3,9
2015.0,1040.0,1.0,0.0,3,6,3,0,0,0,0,9,1,1,0,0,9,1,1,12,4,9,0,0,0,1,1,0,6,7,5,8,3
2015.0,-100.0,0.0,0.0,3,6,3,0,0,0,1,2,1,1,0,1,2,1,1,13,4,9,0,0,0,1,0,0,4,7,5,8,3
2015.0,-110.0,0.0,0.0,3,6,3,0,0,0,1,2,1,1,0,0,2,1,1,13,4,9,0,0,0,2,1,0,4,7,5,8,3
2015.0,60.0,0.0,0.0,3,10,3,0,0,0,0,2,1,1,0,1,2,1,1,14,4,9,0,0,0,1,0,0,2,9,5,9,9
2015.0,0.0,0.0,0.0,3,1,3,0,0,0,2,3,1,1,0,0,2,1,1,16,4,9,0,1,0,0,2,0,6,4,5,3,9
2015.0,45.0,0.0,0.0,3,8,3,0,0,0,1,4,1,1,0,1,1,1,1,18,4,9,0,1,0,2,2,0,4,7,5,3,9
2015.0,-1200.0,1.0,0.0,3,6,3,0,0,0,0,9,0,1,0,0,9,1,1,18,4,9,0,1,0,1,1,0,6,7,5,8,3
2015.0,89.0,0.0,0.0,3,6,0,0,0,0,2,5,1,1,0,1,5,1,1,23,4,9,0,0,0,0,2,0,4,7,5,8,3
2015.0,-92.0,0.0,0.0,3,6,0,0,0,0,0,2,1,1,0,1,2,1,1,23,4,9,0,0,0,1,2,0,6,7,5,8,3
2015.0,-40.0,1.0,0.0,1,3,0,0,0,0,1,4,1,1,0,1,5,1,1,3,5,9,1,0,0,1,2,0,4,2,5,3,9
2015.0,0.0,0.0,0.0,3,10,3,0,0,0,1,7,1,1,0,1,9,1,1,10,5,9,1,0,0,0,2,0,4,2,5,3,9
2015.0,600.0,0.0,0.0,3,1,3,0,0,0,1,9,1,1,0,1,2,1,1,11,5,9,1,0,0,0,0,0,6,5,5,3,9
2015.0,0.0,2.0,0.0,3,1,3,0,0,0,0,1,1,1,0,0,5,1,1,12,5,9,1,0,0,0,2,0,2,2,5,3,3
2015.0,-171.0,2.0,0.0,2,4,3,0,0,0,1,1,1,1,0,0,5,1,1,14,5,9,1,0,0,1,2,0,6,2,5,3,9
2015.0,-200.0,0.0,0.0,3,1,3,0,0,0,1,5,1,1,0,1,1,1,1,14,5,9,1,0,0,2,2,0,6,2,5,3,9
2015.0,143.0,2.0,0.0,2,1,3,0,0,0,0,2,1,1,0,0,1,1,1,15,5,9,1,0,0,2,1,0,6,4,5,3,9
2015.0,90.0,0.0,0.0,3,6,3,0,0,0,1,5,1,1,0,0,5,1,1,17,5,9,1,1,0,2,2,0,4,7,5,8,3
2015.0,530.0,0.0,0.0,3,6,0,0,0,0,1,1,1,1,0,1,1,1,1,18,5,9,1,1,0,2,2,0,4,7,5,8,3
2015.0,0.0,1.0,0.0,3,4,0,0,0,0,0,7,1,1,0,0,1,1,1,18,5,9,1,1,0,0,1,0,4,4,5,3,9
2015.0,-200.0,0.0,0.0,3,1,0,0,0,0,0,2,0,1,0,1,2,1,1,22,5,9,1,0,0,1,1,0,6,9,5,6,3
2015.0,0.0,0.0,0.0,3,4,0,0,0,0,0,5,1,1,0,0,1,1,1,23,5,9,1,0,0,1,2,0,4,2,5,3,9
2015.0,0.0,0.0,0.0,3,1,3,0,0,0,1,6,1,1,0,1,6,1,1,11,6,9,1,0,0,0,0,0,2,3,5,9,9
2015.0,-174.0,0.0,0.0,3,1,3,0,0,0,1,6,1,1,0,0,9,1,1,15,6,9,1,0,0,2,1,0,6,2,5,3,9
2015.0,-31.0,0.0,0.0,3,6,3,0,0,0,2,1,1,1,0,1,1,1,1,16,6,9,1,1,0,0,1,0,4,7,5,3,3
2015.0,200.0,0.0,0.0,3,6,3,0,0,0,1,9,1,0,0,1,9,1,1,17,6,9,1,1,0,2,1,0,6,7,5,9,3
2015.0,370.0,0.0,0.0,3,1,2,1,0,0,1,2,1,1,0,1,7,1,1,6,0,9,0,0,0,2,1,0,6,2,5,3,9
2015.0,-10.0,1.0,0.0,2,5,3,1,0,2,1,9,1,1,0,0,2,1,1,11,0,9,0,0,0,2,2,0,4,2,5,9,7
2015.0,0.0,1.0,0.0,3,4,3,3,4,0,1,9,1,1,0,1,1,1,1,12,0,9,0,0,1,1,2,0,4,2,5,3,9
2015.0,0.0,1.0,0.0,1,4,3,3,4,0,0,9,1,1,0,0,1,1,1,14,0,9,0,0,1,2,0,0,4,2,5,3,9
2015.0,-300.0,0.0,0.0,3,4,3,0,0,0,0,9,1,1,0,1,1,1,1,14,0,9,0,0,0,0,1,0,0,2,5,3,9
2015.0,90.0,0.0,0.0,3,10,3,0,4,0,1,5,1,1,0,0,5,1,1,17,0,9,0,1,1,1,1,0,4,9,5,3,2
2015.0,62.0,0.0,0.0,3,6,3,0,0,0,0,5,1,1,0,0,5,1,1,17,0,9,0,1,0,2,1,0,2,7,5,8,3
2015.0,290.0,0.0,0.0,3,4,3,0,0,0,0,5,1,1,0,0,9,1,1,18,0,9,0,1,0,1,1,0,6,2,5,3,9
2015.0,20.0,0.0,0.0,3,10,4,0,0,0,1,2,1,1,0,0,2,1,1,18,0,9,0,1,0,0,2,0,4,9,5,3,2
2015.0,205.0,1.0,0.0,3,6,3,0,0,0,1,5,1,1,0,0,5,1,1,18,0,9,0,1,0,2,2,0,6,7,5,8,8
2015.0,56.0,0.0,0.0,3,6,0,0,0,0,1,1,1,1,0,1,1,1,1,19,0,9,0,1,0,2,1,0,6,7,5,8,3
2015.0,0.0,0.0,0.0,3,4,3,0,0,0,1,7,1,1,0,1,2,1,1,6,1,9,0,0,0,1,1,0,4,2,5,3,9
2015.0,0.0,0.0,0.0,3,6,3,0,0,0,1,5,1,1,0,0,5,1,1,7,1,9,0,1,0,1,1,0,2,7,5,8,9
2015.0,-40.0,1.0,0.0,3,4,3,0,0,0,0,2,1,1,0,1,9,1,1,7,1,9,0,1,0,2,2,0,4,9,2,9,3
2015.0,250.0,0.0,0.0,3,6,3,0,0,0,0,9,1,1,0,0,9,1,1,7,1,9,0,1,0,2,0,0,6,7,5,8,3
2015.0,-70.0,5.0,0.0,2,10,3,0,0,0,0,9,1,1,0,1,9,1,1,8,1,9,0,1,0,1,0,0,4,4,5,3,9
2015.0,200.0,0.0,0.0,3,10,3,0,0,0,1,2,1,1,0,0,2,1,1,8,1,9,0,1,0,2,2,0,6,9,5,3,2
2015.0,0.0,2.0,0.0,2,4,3,1,0,0,0,5,1,1,0,1,2,1,1,9,1,9,0,1,0,1,1,0,4,2,5,9,3
2015.0,0.0,1.0,0.0,2,4,3,0,0,0,1,5,1,1,0,1,9,1,1,13,1,9,0,0,0,2,0,0,4,2,5,3,9
2015.0,-360.0,2.0,0.0,2,1,3,1,0,0,1,9,1,1,0,0,2,1,1,13,1,9,0,0,0,2,2,0,0,2,5,3,9
2015.0,-125.0,0.0,0.0,3,6,3,0,0,0,0,5,1,1,0,1,5,1,1,15,1,9,0,0,0,2,2,0,6,7,5,8,3
2015.0,296.0,1.0,0.0,3,1,3,1,0,2,1,2,1,1,0,1,6,1,1,15,1,9,0,0,0,2,2,0,6,5,5,9,3
2015.0,50.0,0.0,0.0,3,6,3,0,0,0,1,1,1,1,0,0,1,1,1,15,1,9,0,0,0,2,1,0,6,7,5,9,3
2015.0,610.0,1.0,0.0,2,1,3,1,0,2,0,9,1,1,0,0,2,1,1,15,1,9,0,0,0,1,1,0,0,2,5,9,3
2015.0,0.0,0.0,0.0,3,5,0,0,0,0,1,4,1,1,0,1,6,1,1,20,1,9,0,0,0,1,1,0,4,2,5,9,9
2015.0,117.0,0.0,0.0,3,6,0,0,0,0,1,9,1,1,0,1,9,1,1,23,1,9,0,0,0,2,2,0,4,7,5,8,8
2015.0,-200.0,2.0,0.0,3,6,3,0,0,0,0,1,1,1,0,1,1,1,1,7,2,9,0,1,0,1,1,0,6,7,5,5,3
2015.0,-500.0,2.0,0.0,3,6,3,0,0,0,1,1,1,1,0,0,1,1,1,7,2,9,0,1,0,1,1,0,6,7,5,8,3
2015.0,0.0,1.0,0.0,3,4,3,0,0,0,1,1,1,1,0,0,9,1,1,8,2,9,0,1,0,1,1,0,4,2,5,3,9
2015.0,-420.0,5.0,0.0,2,6,3,0,0,0,1,9,1,1,0,1,9,1,1,12,2,9,0,0,0,1,1,0,6,7,5,8,3
2015.0,0.0,2.0,0.0,2,4,3,0,0,0,0,9,1,1,0,1,1,1,1,12,2,9,0,0,0,1,1,0,4,2,5,9,3
2015.0,74.0,0.0,0.0,3,8,3,0,0,0,1,5,1,1,0,0,9,1,1,14,2,9,0,0,0,1,1,0,6,5,5,3,1
2015.0,177.0,0.0,0.0,3,6,3,0,0,0,1,5,1,1,0,0,5,1,1,15,2,9,0,0,0,2,2,0,6,7,5,8,3
2015.0,0.0,1.0,0.0,2,4,3,0,0,0,2,2,1,1,0,0,1,1,1,16,2,9,0,1,0,0,1,0,4,2,5,3,9
2015.0,0.0,1.0,0.0,2,4,3,4,0,0,0,2,1,1,0,1,5,1,1,16,2,9,0,1,0,1,2,0,4,2,5,3,9
2015.0,-175.0,0.0,0.0,3,10,3,0,0,0,0,5,1,1,0,0,5,1,1,16,2,9,0,1,0,1,2,0,6,9,5,3,2
2015.0,0.0,1.0,0.0,2,1,3,0,0,0,0,9,1,1,0,1,5,1,1,17,2,9,0,1,0,1,1,0,4,2,5,3,3
2015.0,1275.0,0.0,0.0,3,6,3,0,0,0,1,1,1,1,0,0,1,1,1,17,2,9,0,1,0,2,2,0,6,7,5,8,3
2015.0,200.0,2.0,0.0,2,6,3,0,0,0,1,9,1,1,0,1,9,1,1,18,2,9,0,1,0,0,2,0,2,7,5,8,3
2015.0,0.0,0.0,0.0,3,1,0,0,0,0,1,1,1,1,0,1,7,1,1,20,2,9,0,0,0,0,1,0,2,2,5,9,3
2015.0,-110.0,1.0,0.0,2,6,3,0,0,0,1,1,1,1,0,0,1,1,1,8,3,9,0,1,0,2,1,0,4,7,5,8,3
2015.0,75.0,0.0,0.0,3,1,3,0,0,0,0,1,1,1,0,1,1,1,1,9,3,9,0,1,0,1,1,0,4,9,5,3,2
2015.0,70.0,0.0,0.0,3,6,3,0,0,0,0,5,1,1,0,0,5,1,1,10,3,9,0,0,0,2,2,0,4,7,5,8,3
2015.0,-349.0,0.0,0.0,3,6,3,0,0,0,1,2,1,1,0,1,2,1,1,11,3,9,0,0,0,0,1,0,6,8,5,8,2
2015.0,-200.0,0.0,0.0,3,1,3,0,0,0,1,1,1,1,0,1,9,1,1,11,3,9,0,0,0,0,2,0,0,2,5,3,9
2015.0,-200.0,0.0,0.0,3,6,3,0,0,0,1,9,1,1,0,1,9,1,1,11,3,9,0,0,0,0,2,0,6,7,5,8,3
2015.0,0.0,0.0,0.0,3,10,3,0,3,0,2,1,1,1,0,1,1,1,1,12,3,9,0,0,0,0,2,0,2,9,5,9,9
2015.0,-69.0,0.0,0.0,3,6,3,0,0,0,1,2,1,1,0,1,2,1,1,15,3,9,0,0,0,1,1,0,4,7,5,8,3
2015.0,140.0,0.0,0.0,3,6,3,0,0,0,1,5,1,1,0,1,5,1,1,15,3,9,0,0,0,1,1,0,4,7,5,8,3
2015.0,190.0,0.0,0.0,3,4,3,0,0,0,1,2,1,1,0,1,5,1,1,16,3,9,0,1,0,1,2,0,0,2,2,9,9
2015.0,27.0,0.0,0.0,3,6,3,0,0,0,1,2,1,1,0,1,2,1,1,16,3,9,0,1,0,2,1,0,6,7,5,8,3
2015.0,151.0,3.0,0.0,2,1,3,0,0,0,0,3,1,1,0,0,1,1,1,16,3,9,0,1,0,2,1,0,4,9,5,3,2
2015.0,-180.0,0.0,0.0,3,6,3,0,0,0,1,1,1,1,0,1,1,1,1,16,3,9,0,1,0,1,2,0,4,7,5,8,3
2015.0,-12.0,0.0,0.0,3,6,3,0,0,0,0,1,1,1,0,1,1,1,1,16,3,9,0,1,0,2,1,0,4,7,5,8,3
2015.0,0.0,0.0,0.0,3,4,3,0,0,0,0,4,1,1,0,0,5,1,1,17,3,9,0,1,0,2,1,0,4,4,5,3,9
2015.0,-50.0,0.0,0.0,3,10,3,0,0,0,1,1,1,1,0,0,1,1,1,17,3,9,0,1,0,1,1,0,4,8,5,9,3
2015.0,-80.0,0.0,0.0,3,6,3,0,0,0,0,2,1,1,0,0,2,1,1,17,3,9,0,1,0,2,0,0,4,7,5,8,3
2015.0,0.0,0.0,0.0,3,4,3,0,0,0,1,6,1,1,0,1,2,1,1,17,3,9,0,1,0,1,1,0,4,2,5,3,9
2015.0,-80.0,0.0,0.0,3,6,4,0,0,0,0,1,1,1,0,0,1,1,1,18,3,9,0,1,0,2,2,0,4,7,5,8,3
2015.0,0.0,0.0,0.0,3,4,0,0,0,0,0,5,1,1,0,1,1,1,1,20,3,9,0,0,0,2,1,0,4,2,5,3,9
2015.0,10.0,2.0,0.0,1,5,0,0,0,3,1,2,1,1,0,0,1,1,1,23,3,9,0,0,0,2,2,0,4,2,5,3,7
2015.0,0.0,0.0,0.0,3,4,0,0,0,0,1,1,1,1,0,0,1,1,1,23,3,9,0,0,0,1,1,0,4,4,5,3,9
2015.0,286.0,1.0,0.0,3,4,3,0,0,0,1,2,1,1,0,1,5,1,1,7,4,9,0,1,0,2,2,0,6,5,5,3,9
2015.0,28.0,1.0,0.0,2,4,3,0,0,0,0,9,1,1,0,1,1,1,1,9,4,9,0,1,0,2,1,0,0,2,5,3,9
2015.0,-520.0,2.0,0.0,2,6,3,0,0,0,0,5,1,1,0,1,5,1,1,9,4,9,0,1,0,2,0,0,6,7,5,3,3
2015.0,57.0,0.0,0.0,3,6,3,0,0,0,1,9,1,1,0,0,9,1,1,10,4,9,0,0,0,1,1,0,4,7,5,8,3
2015.0,0.0,0.0,0.0,3,4,3,0,0,0,1,9,1,1,0,1,4,1,1,12,4,9,0,0,0,2,1,0,2,2,5,9,3
2015.0,-287.0,0.0,0.0,3,6,3,0,0,0,0,2,1,1,0,1,2,1,1,12,4,9,0,0,0,1,1,0,6,7,5,8,3
2015.0,450.0,1.0,0.0,2,5,3,0,0,0,1,5,1,1,3,0,1,1,1,13,4,9,0,0,0,1,1,0,0,2,5,7,9
2015.0,-224.0,0.0,0.0,3,10,3,0,0,0,1,2,1,1,0,1,2,1,1,14,4,9,0,0,0,1,2,0,4,9,5,3,2
2015.0,660.0,1.0,0.0,2,1,3,0,0,0,1,2,1,1,0,0,1,1,1,14,4,9,0,0,0,0,1,0,0,2,5,3,9
2015.0,-120.0,1.0,0.0,2,4,3,0,0,0,0,5,1,1,0,0,9,1,1,15,4,9,0,0,0,1,1,0,0,2,5,3,9
2015.0,0.0,0.0,0.0,3,4,3,0,0,0,0,4,1,1,0,0,2,1,1,17,4,9,0,1,0,2,2,0,4,2,5,3,9
2015.0,80.0,1.0,0.0,3,6,3,0,0,0,1,5,1,1,0,1,5,1,1,18,4,9,0,1,0,1,1,0,2,7,5,9,3
2015.0,0.0,2.0,0.0,2,1,3,0,0,0,0,5,1,1,0,0,1,1,1,18,4,9,0,1,0,1,1,0,4,2,5,3,3
2015.0,0.0,0.0,0.0,3,7,0,0,0,0,0,9,1,1,0,1,9,1,1,19,4,9,0,1,0,2,1,0,4,7,5,9,9
2015.0,0.0,0.0,0.0,3,4,0,0,0,0,0,2,1,1,0,0,5,1,1,19,4,9,0,1,0,2,2,0,4,2,5,3,9
2015.0,0.0,0.0,0.0,3,4,0,0,0,0,0,5,1,1,0,1,2,1,1,19,4,9,0,1,0,1,2,0,4,2,5,3,9
2015.0,0.0,0.0,0.0,3,1,0,0,0,0,0,5,0,1,0,0,9,1,1,22,4,9,0,0,0,1,2,0,2,2,5,3,9
2015.0,0.0,0.0,0.0,3,1,0,0,0,0,1,1,1,1,0,1,2,1,1,23,4,9,0,0,0,0,2,0,4,2,5,3,3
2015.0,0.0,1.0,0.0,1,4,0,0,0,0,1,5,1,1,0,1,9,0,1,0,5,9,1,0,0,2,1,0,4,2,5,3,9
2015.0,70.0,1.0,0.0,3,6,0,0,3,0,0,9,0,1,0,1,9,1,1,1,5,9,1,0,0,2,1,0,4,7,5,8,3
2015.0,-30.0,2.0,0.0,2,6,0,0,0,0,0,1,0,1,0,1,1,1,1,2,5,9,1,0,0,1,2,0,4,7,5,8,3
2015.0,200.0,0.0,0.0,3,1,3,0,3,0,1,9,1,1,1,1,9,1,1,12,5,9,1,0,0,1,1,0,6,5,5,6,5
2015.0,20.0,1.0,0.0,3,6,3,0,0,0,0,5,1,1,0,1,5,1,1,12,5,9,1,0,0,1,1,0,6,7,5,8,3
2015.0,0.0,4.0,0.0,1,1,3,0,0,0,0,1,1,1,0,0,5,1,1,13,5,9,1,0,0,2,0,0,4,5,5,9,3
2015.0,-24.0,0.0,0.0,3,6,3,0,0,0,0,1,1,1,0,1,1,1,1,13,5,9,1,0,0,2,1,0,6,7,5,8,3
2015.0,0.0,0.0,0.0,3,1,3,0,0,0,0,1,1,1,0,0,2,1,1,14,5,9,1,0,0,2,2,0,2,7,5,3,3
2015.0,25.0,0.0,0.0,3,6,3,0,0,0,1,1,1,1,0,1,1,1,1,17,5,9,1,1,0,2,1,0,6,7,5,8,3
2015.0,20.0,3.0,0.0,2,4,0,0,0,0,1,7,1,1,0,1,1,1,1,19,5,9,1,1,0,1,2,0,0,4,5,3,9
2015.0,-90.0,0.0,0.0,3,6,0,0,0,0,0,2,1,1,0,1,2,1,1,21,5,9,1,0,0,0,0,0,4,7,5,8,3
2015.0,252.0,0.0,0.0,3,6,0,0,0,0,1,2,1,1,0,1,2,1,1,23,5,9,1,0,0,1,1,0,6,7,5,8,8
2015.0,252.0,0.0,0.0,3,6,0,0,0,0,1,2,1,1,0,1,2,1,1,0,6,9,1,0,0,2,2,0,6,7,5,8,8
2015.0,-200.0,0.0,0.0,3,6,0,0,0,0,0,2,1,0,0,0,2,1,1,0,6,9,1,0,0,1,2,0,4,7,5,8,3
2015.0,45.0,0.0,0.0,3,10,0,0,0,0,1,5,0,1,0,0,2,1,1,1,6,9,1,0,0,2,1,0,4,9,5,3,1
2015.0,110.0,0.0,0.0,3,4,3,0,0,0,0,2,1,1,0,0,9,1,1,9,6,9,1,1,0,0,1,0,6,4,5,3,9
2015.0,20.0,0.0,0.0,3,12,0,4,3,0,2,8,1,1,0,1,5,1,1,10,6,9,1,0,0,0,1,0,2,5,5,6,5
2015.0,0.0,0.0,0.0,3,5,3,0,0,0,0,1,1,1,0,0,9,1,1,16,6,9,1,1,0,2,1,0,2,4,5,3,9
2015.0,75.0,1.0,0.0,3,10,4,0,0,0,1,9,0,1,0,1,9,1,1,17,6,9,1,1,0,1,0,0,6,4,5,3,9
2015.0,1200.0,1.0,0.0,3,6,0,0,0,0,1,2,1,1,0,0,2,1,1,22,6,9,1,0,0,2,2,0,6,7,7,3,3
2015.0,-90.0,0.0,0.0,3,10,0,0,0,0,0,2,1,1,0,1,2,1,1,22,6,9,1,0,0,2,2,0,6,9,5,3,2
2015.0,0.0,0.0,0.0,3,4,2,0,0,0,1,1,1,1,0,1,9,1,1,5,0,9,0,0,0,1,1,0,4,2,2,3,9
2015.0,0.0,0.0,0.0,3,1,2,0,0,0,0,2,1,1,0,1,1,1,1,6,0,9,0,0,0,2,1,0,4,2,5,3,9
2015.0,-135.0,0.0,0.0,3,6,3,0,0,0,1,2,1,1,0,0,2,1,1,6,0,9,0,0,0,1,1,0,4,7,5,8,3
2015.0,0.0,1.0,0.0,3,6,3,0,0,0,0,1,1,1,0,0,1,1,1,7,0,9,0,1,0,1,1,0,2,0,5,3,8
2015.0,-65.0,1.0,0.0,3,6,3,0,0,0,0,2,1,1,0,0,2,1,1,8,0,9,0,1,0,1,1,0,4,7,5,8,3
2015.0,0.0,1.0,0.0,2,1,3,0,0,0,1,1,1,1,0,0,2,1,1,10,0,9,0,0,0,1,2,0,4,2,5,3,3
2015.0,280.0,0.0,0.0,3,6,3,0,0,0,0,1,1,1,0,0,1,1,1,12,0,9,0,0,0,2,1,0,0,7,5,8,3
2015.0,-200.0,0.0,0.0,3,6,3,0,0,0,2,8,1,1,0,0,9,1,1,13,0,9,0,0,0,0,2,0,6,7,5,6,5
2015.0,-256.0,1.0,0.0,3,6,3,0,0,0,1,2,1,1,0,1,2,1,1,14,0,9,0,0,0,1,1,0,6,7,5,8,3
2015.0,250.0,0.0,0.0,3,10,3,0,0,0,1,5,1,1,0,1,5,1,1,16,0,9,0,1,0,1,1,0,6,9,5,3,2
2015.0,545.0,0.0,0.0,3,10,3,0,0,0,1,1,1,1,0,1,1,1,1,16,0,9,0,1,0,2,2,0,6,7,5,3,9
2015.0,-286.0,0.0,0.0,3,4,3,0,0,0,0,2,1,1,0,1,5,1,1,16,0,9,0,1,0,2,1,0,6,2,5,3,9
2015.0,0.0,3.0,0.0,3,6,3,0,0,0,0,1,1,1,0,1,1,1,1,16,0,9,0,1,0,1,1,0,3,7,5,9,9
2015.0,50.0,1.0,0.0,3,6,3,0,0,0,2,5,1,1,0,0,5,1,1,17,0,9,0,1,0,0,1,0,4,7,5,3,3
2015.0,650.0,0.0,0.0,3,6,4,0,0,0,1,1,1,1,0,1,1,1,1,17,0,9,0,1,0,1,1,0,6,7,5,8,3