Year,Distance,Totalinjuries,Totalfatalities,Injuryseverity,Collisionmanner,Lightcondition,Weather,SurfaceCondition,Unittype_One,Gender_Drv1,Traveldirection_One,AlcoholUse_Drv1,DrugUse_Drv1,Unittype_Two,Gender_Drv2,Traveldirection_Two,AlcoholUse_Drv2,DrugUse_Drv2,Hour,Weekday,Month,Weekend,Rush_Hour,Hazardous_Road,Age_Group_Drv1,Age_Group_Drv2,Substance_Use,Junction_Category,Violation_Category_Drv1,Violation_Category_Drv2,Unitaction_Category_Two,Unitaction_Category_One
2015.0,-215.0,0.0,0.0,3,10,0,0,0,0,2,1,1,1,1,1,1,1,1,6,1,9,0,0,0,0,1,0,6,7,5,6,5
2015.0,-375.0,0.0,0.0,3,4,3,0,0,0,1,9,1,1,0,1,2,1,1,8,1,9,0,1,0,2,1,0,0,2,5,3,9
2015.0,-60.0,0.0,0.0,3,6,3,0,0,0,0,2,1,1,0,0,2,1,1,8,1,9,0,1,0,2,2,0,4,8,5,8,2
2015.0,-304.0,0.0,0.0,3,10,3,0,0,0,0,2,1,1,0,1,2,1,1,10,1,9,0,0,0,1,1,0,0,2,5,3,9
2015.0,-70.0,1.0,0.0,3,6,3,0,0,0,0,2,1,1,0,0,2,1,1,11,1,9,0,0,0,2,1,0,4,7,5,8,3
2015.0,0.0,0.0,0.0,3,10,3,0,0,0,1,3,1,1,0,1,3,1,1,12,1,9,0,0,0,2,1,0,4,4,5,9,9
2015.0,-547.0,0.0,0.0,3,4,3,0,0,0,0,2,1,1,0,1,1,1,1,14,1,9,0,0,0,1,2,0,0,2,5,3,9
2015.0,-30.0,1.0,0.0,3,6,3,0,0,0,0,2,1,1,0,0,2,1,1,14,1,9,0,0,0,1,1,0,4,7,5,8,3
2015.0,-357.0,0.0,0.0,3,4,3,0,0,0,1,2,1,1,0,0,1,1,1,15,1,9,0,0,0,1,1,0,0,2,5,3,9
2015.0,-305.0,2.0,0.0,2,10,3,0,0,0,0,1,1,1,0,0,1,1,1,16,1,9,0,1,0,0,1,0,6,5,5,3,2
2015.0,-100.0,0.0,0.0,3,6,3,0,0,0,1,1,1,1,0,1,1,1,1,17,1,9,0,1,0,1,1,0,4,8,5,8,3
2015.0,-676.0,0.0,0.0,3,6,3,0,0,0,0,1,1,1,0,1,1,1,1,17,1,9,0,1,0,2,2,0,6,7,5,8,3
2015.0,-50.0,0.0,0.0,3,10,3,0,0,0,1,5,1,1,0,0,5,1,1,17,1,9,0,1,0,1,1,0,6,9,5,3,2
2015.0,100.0,1.0,0.0,3,6,3,0,0,0,1,9,1,1,0,0,9,1,1,17,1,9,0,1,0,1,1,0,2,5,5,8,8
2015.0,-344.0,0.0,0.0,3,4,4,0,0,0,0,1,1,1,0,1,2,1,1,18,1,9,0,1,0,1,1,0,0,2,5,3,9
2015.0,0.0,0.0,0.0,3,1,0,0,0,0,1,9,1,1,0,1,5,1,1,20,1,9,0,0,0,2,1,0,4,2,5,3,3
2015.0,-458.0,1.0,0.0,1,6,3,0,0,0,0,2,1,1,0,0,2,1,1,7,2,9,0,1,0,1,1,0,6,8,5,8,3
2015.0,-123.0,0.0,0.0,3,1,3,0,0,0,0,9,1,1,0,0,9,1,1,7,2,9,0,1,0,2,1,0,6,9,5,3,2
2015.0,60.0,0.0,0.0,3,6,3,0,0,0,0,9,1,1,0,1,9,1,1,9,2,9,0,1,0,1,1,0,4,5,5,3,3
2015.0,0.0,1.0,0.0,3,4,3,0,0,0,0,9,1,1,0,1,5,1,1,9,2,9,0,1,0,1,1,0,4,2,5,9,9
2015.0,-80.0,0.0,0.0,3,6,3,0,0,0,0,2,1,1,0,0,2,1,1,14,2,9,0,0,0,2,2,0,4,7,5,8,3
2015.0,-100.0,0.0,0.0,3,6,3,0,0,0,1,5,1,1,0,1,5,1,1,15,2,9,0,0,0,2,2,0,0,7,5,8,3
2015.0,0.0,0.0,0.0,3,4,3,0,0,0,1,2,1,1,0,1,9,1,1,15,2,9,0,0,0,2,1,0,4,2,5,9,3
2015.0,-36.0,0.0,0.0,3,6,3,0,0,0,0,5,1,1,0,0,5,1,1,16,2,9,0,1,0,2,1,0,6,5,5,5,5
2015.0,-133.0,0.0,0.0,3,6,3,0,0,0,0,1,1,1,0,0,1,1,1,16,2,9,0,1,0,2,1,0,4,7,5,8,3
2015.0,0.0,3.0,0.0,2,1,3,0,0,0,0,9,1,1,0,1,1,1,1,16,2,9,0,1,0,1,1,0,4,2,5,3,9
2015.0,0.0,0.0,0.0,3,4,3,0,0,0,1,2,0,1,0,1,9,1,1,17,2,9,0,1,0,1,1,0,4,2,5,3,9
2015.0,935.0,0.0,0.0,3,6,3,0,0,0,1,1,1,1,0,1,1,1,1,17,2,9,0,1,0,2,1,0,6,7,5,8,3
2015.0,-570.0,0.0,0.0,3,4,3,0,0,0,0,2,1,1,0,0,1,1,1,17,2,9,0,1,0,2,1,0,6,2,5,3,9
2015.0,50.0,0.0,0.0,3,4,3,0,0,0,0,9,1,1,0,0,5,1,1,17,2,9,0,1,0,1,2,0,4,2,5,8,9
2015.0,0.0,0.0,0.0,3,10,4,0,0,0,1,5,1,1,0,1,5,1,1,18,2,9,0,1,0,1,1,0,4,3,5,3,9
2015.0,100.0,0.0,0.0,3,3,0,0,0,0,1,1,1,1,0,0,9,1,1,18,2,9,0,1,0,0,1,0,4,9,5,3,3
2015.0,0.0,0.0,0.0,3,1,3,0,0,0,1,4,1,1,0,1,2,1,1,19,2,9,0,1,0,2,1,0,2,2,5,3,9
2015.0,-200.0,0.0,0.0,3,6,0,0,0,0,0,2,1,1,0,1,2,1,1,19,2,9,0,1,0,2,1,0,4,7,5,8,3
2015.0,210.0,0.0,0.0,3,6,0,0,0,0,1,1,1,1,0,1,1,1,1,20,2,9,0,0,0,2,2,0,6,7,5,8,8
2015.0,100.0,0.0,0.0,3,6,0,0,0,0,2,2,1,1,0,1,2,1,1,23,2,9,0,0,0,0,2,0,6,7,5,3,3
2015.0,-150.0,0.0,0.0,3,6,3,0,0,0,1,2,1,1,0,1,2,1,1,7,3,10,0,1,0,1,1,0,4,7,5,8,3
2015.0,125.0,3.0,0.0,2,6,3,0,0,0,0,5,1,1,0,1,5,1,1,8,3,10,0,1,0,2,2,0,4,7,5,8,3
2015.0,61.0,0.0,0.0,3,6,3,0,0,0,0,5,1,1,0,1,5,1,1,12,3,10,0,0,0,1,1,0,4,8,5,8,3
2015.0,-240.0,0.0,0.0,3,6,3,0,0,0,0,2,1,1,0,0,2,1,1,13,3,10,0,0,0,0,0,0,4,7,5,8,3
2015.0,120.0,0.0,0.0,3,6,3,0,0,0,1,9,1,1,0,0,9,1,1,15,3,10,0,0,0,1,1,0,4,7,5,8,3
2015.0,211.0,0.0,0.0,3,6,3,0,0,0,1,5,1,1,0,0,5,1,1,15,3,10,0,0,0,1,1,0,4,7,5,8,3
2015.0,-100.0,0.0,0.0,3,6,3,3,0,0,1,1,1,1,0,1,1,1,1,16,3,10,0,1,0,1,2,0,4,7,5,8,3
2015.0,70.0,0.0,0.0,3,6,3,0,0,0,0,5,1,1,0,0,5,1,1,17,3,10,0,1,0,2,1,0,4,7,5,8,3
2015.0,-66.0,0.0,0.0,3,6,4,0,0,0,0,1,1,1,0,0,1,1,1,17,3,10,0,1,0,2,2,0,4,7,5,8,3
2015.0,-482.0,1.0,0.0,2,5,3,0,0,0,0,9,1,1,2,1,9,1,1,17,3,10,0,1,0,1,0,0,6,7,5,5,5
2015.0,25.0,0.0,0.0,3,6,4,0,0,0,1,1,1,1,0,1,1,1,1,18,3,10,0,1,0,1,0,0,2,7,5,3,3
2015.0,0.0,1.0,0.0,2,4,0,0,0,0,1,9,1,1,0,1,5,1,1,19,3,10,0,1,0,1,1,0,4,2,5,3,9
2015.0,0.0,0.0,0.0,3,1,0,0,0,0,1,9,1,1,0,1,2,1,1,19,3,10,0,1,0,1,1,0,2,2,5,3,3
2015.0,-55.0,0.0,0.0,3,3,0,0,0,0,0,5,1,1,0,0,2,1,1,20,3,10,0,0,0,2,1,0,1,7,5,8,3
2015.0,-1047.0,0.0,0.0,3,6,0,0,0,0,1,9,1,1,0,1,9,1,1,20,3,10,0,0,0,2,0,0,6,7,5,8,3
2015.0,0.0,1.0,0.0,3,1,0,0,0,0,1,9,1,1,0,1,5,1,1,21,3,10,0,0,0,1,1,0,4,2,5,3,3
2015.0,-132.0,1.0,0.0,3,3,0,4,0,0,1,5,1,0,1,1,2,1,1,22,3,10,0,0,0,2,1,0,6,7,5,6,3
2015.0,-40.0,0.0,0.0,3,6,0,0,0,0,0,1,0,1,0,1,1,1,1,3,4,10,0,0,0,2,1,0,4,7,5,8,3
2015.0,-476.0,0.0,0.0,3,4,3,0,0,0,0,9,1,1,0,0,2,1,1,7,4,10,0,1,0,1,2,0,0,2,5,3,9
2015.0,-226.0,0.0,0.0,3,6,3,0,0,0,1,9,1,1,0,1,9,1,1,8,4,10,0,1,0,2,0,0,6,7,5,8,3
2015.0,0.0,0.0,0.0,3,4,3,0,0,0,1,2,1,1,0,1,5,1,1,10,4,10,0,0,0,2,1,0,4,2,5,3,9
2015.0,-34.0,3.0,0.0,2,6,3,0,0,0,0,1,1,1,0,0,1,1,1,15,4,10,0,0,0,2,1,0,4,7,5,3,3
2015.0,-84.0,0.0,0.0,3,10,3,0,0,0,2,2,1,1,0,0,2,1,1,15,4,10,0,0,0,0,2,0,4,9,5,3,2
2015.0,-140.0,0.0,0.0,3,6,3,0,0,0,0,1,1,1,0,1,1,1,1,16,4,10,0,1,0,2,0,0,6,7,5,8,3
2015.0,0.0,0.0,0.0,3,4,4,0,0,0,0,9,1,1,0,0,1,1,1,18,4,10,0,1,0,2,2,0,4,2,5,3,9
2015.0,84.0,0.0,0.0,3,6,0,0,0,0,1,5,1,1,0,1,5,1,1,0,5,10,1,0,0,1,1,0,4,5,5,8,1
2015.0,0.0,0.0,0.0,3,1,3,0,0,0,0,1,1,1,0,0,7,1,1,11,5,10,1,0,0,2,1,0,2,5,5,9,3
2015.0,-205.0,0.0,0.0,3,1,3,0,0,0,1,1,1,1,0,0,2,1,1,14,5,10,1,0,0,1,1,0,4,5,5,8,9
2015.0,0.0,0.0,0.0,3,4,3,0,0,0,0,5,1,1,0,1,9,1,1,14,5,10,1,0,0,1,1,0,4,2,5,3,9
2015.0,0.0,0.0,0.0,3,4,3,0,0,0,1,6,1,1,0,1,5,1,1,16,5,10,1,1,0,1,1,0,2,5,5,3,9
2015.0,70.0,0.0,0.0,3,6,3,1,0,0,1,5,1,1,0,1,5,1,1,16,5,10,1,1,0,1,1,0,4,5,5,8,8
2015.0,-364.0,0.0,0.0,3,5,3,0,0,0,2,4,1,1,1,1,6,1,1,17,5,10,1,1,0,0,1,0,6,7,5,6,5
2015.0,0.0,0.0,0.0,3,5,3,0,0,0,1,9,1,1,2,0,1,1,1,17,5,10,1,1,0,2,1,0,4,2,5,3,9
2015.0,0.0,0.0,0.0,3,4,0,0,0,0,0,5,1,1,0,1,2,1,1,18,5,10,1,1,0,1,2,0,6,2,5,3,9
2015.0,115.0,0.0,0.0,3,10,0,0,0,0,1,5,1,0,0,0,5,1,1,0,6,10,1,0,0,1,2,0,4,9,5,3,3
2015.0,-150.0,0.0,0.0,3,6,3,1,0,0,1,1,1,1,0,1,1,1,1,8,6,10,1,1,0,1,1,0,6,7,5,9,3
2015.0,30.0,0.0,0.0,3,6,3,0,0,0,0,5,1,1,0,0,5,1,1,14,6,10,1,0,0,2,2,0,4,7,5,8,3
2015.0,-70.0,0.0,0.0,3,4,3,0,0,0,0,3,1,1,0,1,5,1,1,14,6,10,1,0,0,2,2,0,0,7,5,3,9
2015.0,-207.0,0.0,0.0,3,12,3,0,0,0,2,8,1,1,1,1,5,1,1,15,6,10,1,0,0,0,2,0,6,5,5,6,5
2015.0,10.0,0.0,0.0,3,1,0,0,0,0,0,2,1,1,0,1,1,1,1,21,6,10,1,0,0,2,1,0,4,2,5,3,9
2015.0,0.0,1.0,0.0,3,1,0,0,0,0,1,2,1,0,0,1,1,1,1,3,0,10,0,0,0,1,1,0,2,2,5,3,3
2015.0,75.0,0.0,0.0,3,10,3,0,0,0,1,1,1,1,0,1,1,1,1,8,0,10,0,1,0,1,1,0,6,9,5,3,2
2015.0,4.0,1.0,0.0,1,5,3,1,0,0,1,2,1,1,2,0,2,1,1,8,0,10,0,1,0,1,2,0,4,1,5,3,9
2015.0,0.0,4.0,0.0,3,1,3,1,0,0,1,9,0,1,0,1,5,1,1,11,0,10,0,0,0,1,2,0,2,2,5,3,9
2015.0,0.0,1.0,0.0,2,1,3,0,0,0,1,2,1,1,0,1,5,1,1,12,0,10,0,0,0,0,0,0,9,4,5,3,9
2015.0,-220.0,0.0,0.0,3,6,3,0,0,0,1,2,1,1,0,1,2,1,1,14,0,10,0,0,0,2,2,0,6,7,5,8,3
2015.0,50.0,0.0,0.0,3,10,3,1,0,0,1,2,1,1,0,0,2,1,1,14,0,10,0,0,0,1,1,0,2,5,5,9,9
2015.0,0.0,0.0,0.0,3,10,3,1,0,0,0,2,1,1,0,1,2,1,1,17,0,10,0,1,0,0,1,0,2,5,5,3,9
2015.0,-1000.0,0.0,0.0,3,6,3,0,0,0,1,1,1,1,0,1,1,1,1,17,0,10,0,1,0,2,1,0,6,7,5,8,8
2015.0,-10.0,0.0,0.0,3,1,4,0,0,0,1,5,1,1,0,1,1,1,1,18,0,10,0,1,0,0,2,0,4,2,5,3,3
2015.0,-10.0,1.0,0.0,2,5,4,1,0,3,1,9,1,1,0,0,5,1,1,18,0,10,0,1,0,1,1,0,4,2,5,9,7
2015.0,-60.0,0.0,0.0,3,7,0,0,0,0,0,5,1,1,0,0,5,1,1,18,0,10,0,1,0,1,1,0,6,7,5,3,3
2015.0,-75.0,0.0,0.0,3,6,3,0,0,0,0,2,1,1,0,1,2,1,1,7,1,10,0,1,0,1,2,0,6,7,5,8,3
2015.0,0.0,0.0,0.0,3,4,3,0,0,0,1,1,1,1,0,0,9,1,1,15,1,10,0,0,0,2,1,0,4,2,5,3,9
2015.0,-40.0,1.0,0.0,3,6,3,3,4,0,0,5,1,1,0,0,5,1,1,16,1,10,0,1,1,2,1,0,6,7,5,8,3
2015.0,-1200.0,0.0,0.0,3,1,0,0,0,0,1,1,1,1,0,1,9,1,1,18,1,10,0,1,0,1,1,0,0,2,5,2,9
2015.0,0.0,0.0,0.0,3,10,0,0,0,0,0,1,1,1,0,0,1,1,1,19,1,10,0,1,0,1,1,0,4,5,5,3,3
2015.0,-50.0,1.0,0.0,2,6,0,3,4,0,1,1,1,1,0,1,1,1,1,20,1,10,0,0,1,1,1,0,4,7,5,8,8
2015.0,100.0,0.0,0.0,3,1,0,0,0,0,0,1,1,1,0,1,5,1,1,21,1,10,0,0,0,2,1,0,0,2,5,3,1
2015.0,0.0,0.0,0.0,3,3,0,0,0,0,1,2,1,1,0,0,1,1,1,2,2,10,0,0,0,1,1,0,2,5,5,3,3
2015.0,0.0,0.0,0.0,3,1,2,0,0,0,2,1,1,1,0,1,5,1,1,4,2,10,0,0,0,0,1,0,4,2,5,3,9
2015.0,-103.0,0.0,0.0,3,6,3,0,0,0,1,9,1,1,0,0,9,1,1,7,2,10,0,1,0,1,1,0,4,7,5,8,3
2015.0,10.0,0.0,0.0,3,1,3,0,0,0,1,9,1,1,0,0,2,1,1,8,2,10,0,1,0,1,1,0,4,2,5,3,9
2015.0,0.0,1.0,0.0,2,1,3,0,0,0,0,1,1,1,0,0,1,1,1,11,2,10,0,0,0,1,1,0,4,2,5,9,3
2015.0,-170.0,0.0,0.0,3,6,3,0,0,0,0,1,1,1,0,1,1,1,1,14,2,10,0,0,0,2,1,0,4,8,5,8,3
2015.0,-218.0,0.0,0.0,3,4,3,0,0,0,0,9,1,1,0,0,1,1,1,14,2,10,0,0,0,2,1,0,0,2,5,3,9
2015.0,0.0,0.0,0.0,3,4,3,0,0,0,1,1,1,1,0,1,9,1,1,17,2,10,0,1,0,1,2,0,4,2,5,3,9
2015.0,0.0,0.0,0.0,3,4,4,0,0,0,1,9,1,1,0,1,5,1,1,17,2,10,0,1,0,2,1,0,4,2,5,3,9
2015.0,389.0,0.0,0.0,3,4,0,0,0,0,2,9,1,1,0,0,2,1,1,18,2,10,0,1,0,0,2,0,6,2,5,3,9
2015.0,-575.0,0.0,0.0,3,1,0,0,0,0,1,2,1,1,0,1,1,1,1,22,2,10,0,0,0,2,2,0,6,2,5,3,9
2015.0,222.0,0.0,0.0,3,6,3,0,0,0,1,9,1,1,0,0,9,1,1,10,3,10,0,0,0,2,1,0,9,7,5,8,3
2015.0,0.0,0.0,0.0,3,1,3,0,0,0,1,2,1,1,0,1,1,1,1,11,3,10,0,0,0,0,2,0,4,2,5,3,9
2015.0,102.0,0.0,0.0,3,6,3,0,0,0,0,9,1,1,0,1,9,1,1,15,3,10,0,0,0,2,1,0,4,8,5,8,3
2015.0,232.0,0.0,0.0,3,10,3,0,0,0,0,5,1,1,0,0,5,1,1,15,3,10,0,0,0,2,1,0,1,9,5,3,2
2015.0,0.0,1.0,0.0,2,4,3,0,0,0,0,2,1,1,0,0,5,1,1,17,3,10,0,1,0,2,2,0,4,2,5,3,9
2015.0,380.0,2.0,0.0,2,6,3,0,0,0,0,1,1,1,0,1,1,1,1,17,3,10,0,1,0,1,1,0,0,7,5,8,3
2015.0,0.0,0.0,0.0,3,4,4,0,0,0,1,1,1,1,0,0,9,1,1,17,3,10,0,1,0,2,2,0,4,2,5,3,9
2015.0,901.0,1.0,0.0,3,6,4,0,0,0,0,5,1,1,0,1,5,1,1,18,3,10,0,1,0,2,1,0,6,7,5,3,3
2015.0,0.0,0.0,0.0,3,10,0,0,0,0,1,5,1,1,0,0,5,1,1,18,3,10,0,1,0,1,0,0,4,4,5,9,9
2015.0,-100.0,0.0,0.0,3,6,0,0,0,0,0,2,1,1,0,1,2,1,1,19,3,10,0,1,0,2,2,0,6,7,5,8,3
2015.0,105.0,0.0,0.0,3,6,0,0,0,0,1,5,1,1,0,1,5,1,1,20,3,10,0,0,0,1,1,0,2,7,5,8,3
2015.0,0.0,3.0,0.0,3,4,3,0,0,0,1,2,1,1,0,0,1,1,1,7,4,10,0,1,0,1,1,0,4,2,5,3,9
2015.0,68.0,0.0,0.0,3,10,0,0,0,0,2,2,1,1,0,1,2,1,1,8,4,10,0,1,0,0,1,0,4,2,5,9,9
2015.0,0.0,1.0,0.0,2,1,3,0,0,0,1,1,1,1,0,1,5,1,1,8,4,10,0,1,0,1,1,0,4,2,5,3,3
2015.0,0.0,2.0,0.0,2,4,3,0,0,0,0,1,1,1,0,0,9,1,1,9,4,10,0,1,0,1,1,0,4,2,5,3,9
2015.0,-385.0,0.0,0.0,3,6,3,0,0,0,1,5,1,1,0,0,5,1,1,13,4,10,0,0,0,2,1,0,6,7,5,8,3
2015.0,800.0,0.0,0.0,3,6,3,0,0,0,1,2,1,1,0,1,2,1,1,13,4,10,0,0,0,1,0,0,6,7,5,8,3
2015.0,236.0,1.0,0.0,3,5,3,0,0,2,0,9,1,1,0,0,2,1,1,13,4,10,0,0,0,2,1,0,6,5,5,9,3
2015.0,-70.0,0.0,0.0,3,10,3,0,0,0,1,1,1,1,0,1,1,1,1,15,4,10,0,0,0,1,1,0,4,5,5,5,3
2015.0,61.0,0.0,0.0,3,6,3,0,0,0,0,5,1,1,0,0,5,1,1,15,4,10,0,0,0,1,2,0,4,7,5,8,3
2015.0,-45.0,0.0,0.0,3,6,3,0,0,0,1,1,1,1,0,1,1,1,1,15,4,10,0,0,0,2,0,0,4,7,5,8,3
2015.0,-330.0,0.0,0.0,3,10,3,0,0,0,1,1,1,1,0,0,1,1,1,16,4,10,0,1,0,1,2,0,6,9,5,3,2
2015.0,625.0,1.0,0.0,2,4,4,0,3,0,1,5,1,1,2,1,9,1,1,17,4,10,0,1,0,1,1,0,6,2,5,3,9
2015.0,295.0,0.0,0.0,3,4,3,0,0,0,0,5,1,1,0,1,2,1,1,17,4,10,0,1,0,2,2,0,0,2,5,3,9
2015.0,0.0,1.0,0.0,2,4,0,1,0,0,1,9,1,1,0,0,1,1,1,19,4,10,0,1,0,0,1,0,4,4,5,3,9
2015.0,-300.0,0.0,0.0,3,1,0,0,0,0,1,2,1,1,0,1,1,1,1,22,4,10,0,0,0,2,2,0,0,2,5,3,9
2015.0,309.0,0.0,0.0,3,6,0,0,0,0,0,9,0,1,0,1,1,1,1,2,5,10,1,0,0,1,1,0,6,7,5,8,3
2015.0,-750.0,1.0,0.0,2,6,3,1,0,0,0,9,1,1,0,1,9,1,1,8,5,10,1,1,0,1,1,0,6,7,5,9,3
2015.0,25.0,1.0,0.0,2,6,3,0,0,0,1,5,1,1,0,0,5,1,1,10,5,10,1,0,0,1,1,0,4,7,5,3,3
2015.0,-120.0,0.0,0.0,3,4,3,0,0,0,0,9,1,1,0,1,9,1,1,13,5,10,1,0,0,1,1,0,4,4,5,3,9
2015.0,-250.0,0.0,0.0,3,4,3,0,0,0,1,9,1,1,0,0,5,1,1,13,5,10,1,0,0,2,1,0,6,2,5,3,9
2015.0,200.0,0.0,0.0,3,4,3,0,0,0,1,5,1,1,0,0,1,1,1,14,5,10,1,0,0,2,0,0,0,2,5,3,9
2015.0,0.0,0.0,0.0,3,1,3,0,0,0,0,1,1,1,0,1,5,1,1,15,5,10,1,0,0,2,1,0,4,2,5,3,3
2015.0,104.0,1.0,0.0,3,6,3,0,0,0,0,5,1,1,0,0,5,1,1,16,5,10,1,1,0,1,1,0,4,7,5,8,3
2015.0,30.0,0.0,0.0,3,6,0,0,0,0,1,9,1,1,0,1,9,1,1,19,5,10,1,1,0,0,2,0,6,7,5,8,3
2015.0,445.0,0.0,0.0,3,6,0,0,0,0,1,1,1,1,0,1,1,1,1,21,5,10,1,0,0,1,1,0,6,7,5,3,3
2015.0,0.0,0.0,0.0,3,4,0,0,0,0,1,5,1,1,0,1,2,1,1,22,5,10,1,0,0,1,2,0,4,2,5,9,3
2015.0,0.0,0.0,0.0,3,4,0,4,3,0,2,2,1,1,0,1,9,1,1,23,5,10,1,0,0,0,2,0,4,2,5,9,9
2015.0,785.0,0.0,0.0,3,6,0,0,0,0,1,2,1,1,0,0,2,1,1,23,5,10,1,0,0,2,1,0,6,7,5,3,3
2015.0,0.0,1.0,0.0,2,1,3,0,0,0,1,1,1,1,0,0,2,1,1,7,6,10,1,1,0,1,1,0,4,5,5,9,3
2015.0,312.0,0.0,0.0,3,12,0,0,0,0,2,8,1,1,1,1,1,1,1,11,6,10,1,0,0,0,1,0,6,5,5,6,5
2015.0,0.0,1.0,0.0,2,1,3,0,0,0,0,9,1,1,0,1,5,1,1,11,6,10,1,0,0,1,2,0,2,2,5,3,3
2015.0,10.0,2.0,0.0,3,1,0,0,0,0,0,2,1,1,0,1,1,1,1,20,6,10,1,0,0,1,1,0,4,2,5,3,9
2015.0,0.0,4.0,0.0,3,4,0,0,0,0,1,2,1,1,0,0,6,1,1,23,6,10,1,0,0,1,1,0,4,2,5,9,3
2015.0,0.0,0.0,0.0,3,6,0,0,0,0,2,5,1,1,0,0,5,1,1,23,6,10,1,0,0,0,1,0,4,7,5,3,3
2015.0,-50.0,0.0,0.0,3,3,0,0,0,0,2,2,1,1,1,1,5,1,1,3,0,10,0,0,0,0,1,0,6,7,5,6,3
2015.0,100.0,2.0,0.0,3,6,3,0,0,0,1,9,1,1,0,0,9,1,1,6,0,10,0,0,0,0,1,0,4,7,5,8,3
2015.0,-96.0,0.0,0.0,3,4,3,0,0,0,1,4,1,1,0,0,9,1,1,11,0,10,0,0,0,2,2,0,6,2,5,3,9
2015.0,200.0,0.0,0.0,3,10,3,0,0,0,1,1,1,1,0,1,1,1,1,12,0,10,0,0,0,2,1,0,6,9,5,3,2
2015.0,0.0,0.0,0.0,3,5,3,0,0,0,0,2,1,1,0,1,1,1,1,12,0,10,0,0,0,1,1,0,4,2,5,3,9
2015.0,-415.0,1.0,0.0,3,6,3,0,0,0,1,1,1,1,0,1,1,1,1,15,0,10,0,0,0,1,1,0,4,7,5,8,3
2015.0,150.0,0.0,0.0,3,6,3,0,0,0,1,1,1,1,0,0,1,1,1,16,0,10,0,1,0,1,1,0,6,7,5,8,3
2015.0,75.0,0.0,0.0,3,10,0,0,0,0,0,5,1,1,0,0,5,1,1,18,0,10,0,1,0,2,1,0,2,9,5,3,2
2015.0,-160.0,1.0,0.0,2,6,3,0,0,0,1,1,1,1,0,0,1,1,1,11,1,10,0,0,0,1,1,0,6,7,5,8,3
2015.0,-80.0,0.0,0.0,3,6,3,0,0,0,1,2,1,1,0,1,2,1,1,14,1,10,0,0,0,1,1,0,4,7,5,8,3
2015.0,135.0,0.0,0.0,3,10,3,0,0,0,0,9,1,1,0,0,9,1,1,15,1,10,0,0,0,0,1,0,6,9,5,3,9
2015.0,190.0,0.0,0.0,3,6,3,0,0,0,1,5,1,1,0,0,5,1,1,15,1,10,0,0,0,2,2,0,4,7,5,8,3
2015.0,-837.0,1.0,0.0,3,6,3,0,0,0,1,1,1,1,0,1,1,1,1,15,1,10,0,0,0,2,1,0,6,7,5,8,3
2015.0,-217.0,0.0,0.0,3,4,3,0,0,0,1,9,1,1,0,0,9,1,1,16,1,10,0,1,0,2,1,0,0,4,5,9,2
2015.0,-645.0,0.0,0.0,3,6,3,0,0,0,0,6,1,1,0,0,6,1,1,16,1,10,0,1,0,1,2,0,6,7,5,8,3
2015.0,-426.0,0.0,0.0,3,6,3,0,0,0,1,1,1,1,0,0,1,1,1,16,1,10,0,1,0,1,1,0,6,7,5,8,3
2015.0,500.0,0.0,0.0,3,10,4,0,0,0,0,5,1,1,0,1,5,1,1,17,1,10,0,1,0,1,1,0,6,5,5,2,2
2015.0,0.0,4.0,0.0,2,4,0,0,0,0,0,7,1,1,0,0,1,1,1,18,1,10,0,1,0,2,2,0,4,2,5,3,9
2015.0,100.0,0.0,0.0,3,10,4,0,0,0,1,1,1,1,0,1,1,1,1,18,1,10,0,1,0,0,1,0,4,9,5,3,2
2015.0,-70.0,0.0,0.0,3,6,0,0,0,0,1,2,0,1,0,0,2,1,1,19,1,10,0,1,0,1,2,0,4,7,5,8,3
2015.0,-95.0,0.0,0.0,3,6,0,0,0,0,1,1,0,0,1,1,1,1,1,21,1,10,0,0,0,1,1,0,6,7,5,6,3
2015.0,0.0,0.0,0.0,3,4,3,0,0,0,0,1,1,1,0,1,9,1,1,6,2,10,0,0,0,1,0,0,4,2,5,3,9
2015.0,115.0,0.0,0.0,3,6,3,0,0,0,0,9,1,1,0,0,9,1,1,8,2,10,0,1,0,2,1,0,4,7,5,8,3
2015.0,480.0,0.0,0.0,3,1,3,0,0,0,0,2,1,1,0,0,1,1,1,8,2,10,0,1,0,2,1,0,6,2,5,3,3
2015.0,725.0,1.0,0.0,3,5,3,0,0,2,1,9,1,1,0,1,5,1,1,10,2,10,0,0,0,2,2,0,6,5,5,9,3
2015.0,43.0,1.0,0.0,3,6,3,0,0,0,1,9,1,1,0,1,9,1,1,11,2,10,0,0,0,1,1,0,4,7,5,8,3
2015.0,-216.0,0.0,0.0,3,6,3,0,0,0,1,1,1,1,0,0,1,1,1,15,2,10,0,0,0,2,1,0,4,8,5,8,3
2015.0,-165.0,0.0,0.0,3,10,3,0,0,0,1,1,1,1,0,1,1,1,1,16,2,10,0,1,0,1,1,0,6,5,5,3,6
2015.0,20.0,0.0,0.0,3,6,3,0,0,0,1,5,1,1,0,1,5,1,1,17,2,10,0,1,0,0,1,0,4,7,5,8,3
2015.0,80.0,1.0,0.0,2,6,0,0,0,0,1,5,1,1,0,1,5,1,1,18,2,10,0,1,0,1,1,0,4,7,5,8,3