Year,Distance,Totalinjuries,Totalfatalities,Injuryseverity,Collisionmanner,Lightcondition,Weather,SurfaceCondition,Unittype_One,Gender_Drv1,Traveldirection_One,AlcoholUse_Drv1,DrugUse_Drv1,Unittype_Two,Gender_Drv2,Traveldirection_Two,AlcoholUse_Drv2,DrugUse_Drv2,Hour,Weekday,Month,Weekend,Rush_Hour,Hazardous_Road,Age_Group_Drv1,Age_Group_Drv2,Substance_Use,Junction_Category,Violation_Category_Drv1,Violation_Category_Drv2,Unitaction_Category_Two,Unitaction_Category_One
2015.0,-200.0,0.0,0.0,3,6,0,0,0,0,1,1,1,1,0,1,1,1,1,20,2,10,0,0,0,2,1,0,4,7,5,8,3
2015.0,0.0,3.0,0.0,3,1,0,0,0,0,0,5,1,1,0,0,2,1,1,21,2,10,0,0,0,2,2,0,4,2,5,3,9
2015.0,0.0,1.0,0.0,3,4,0,0,0,0,1,9,1,1,0,1,9,1,1,21,2,10,0,0,0,1,2,0,2,2,5,3,9
2015.0,500.0,0.0,0.0,3,10,0,0,0,0,1,9,1,1,0,1,9,1,1,5,3,10,0,0,0,2,1,0,6,9,5,3,3
2015.0,-300.0,0.0,0.0,3,10,3,0,0,0,1,1,1,1,0,1,1,1,1,6,3,10,0,0,0,1,1,0,6,5,5,3,3
2015.0,-76.0,0.0,0.0,3,1,3,0,0,0,0,5,1,1,0,1,9,1,1,6,3,10,0,0,0,1,1,0,4,2,5,3,9
2015.0,-240.0,0.0,0.0,3,6,3,0,0,0,0,2,1,1,0,1,2,1,1,11,3,10,0,0,0,2,1,0,6,8,5,8,3
2015.0,0.0,0.0,0.0,3,4,3,0,0,0,2,1,1,1,0,0,9,1,1,11,3,10,0,0,0,0,1,0,4,2,5,9,3
2015.0,56.0,1.0,0.0,3,6,3,0,0,0,1,9,1,1,0,0,9,1,1,11,3,10,0,0,0,2,0,0,4,7,5,8,3
2015.0,-70.0,0.0,0.0,3,6,3,0,0,0,0,2,1,1,0,1,2,1,1,12,3,10,0,0,0,1,1,0,4,7,5,8,3
2015.0,167.0,0.0,0.0,3,6,3,0,0,0,0,1,1,1,0,1,1,1,1,13,3,10,0,0,0,2,2,0,6,7,5,8,3
2015.0,300.0,0.0,0.0,3,6,3,0,0,0,1,1,1,1,0,0,1,1,1,15,3,10,0,0,0,0,1,0,0,7,5,8,3
2015.0,94.0,1.0,0.0,3,6,4,1,0,0,1,5,1,1,0,0,5,1,1,17,3,10,0,1,0,2,0,0,4,7,5,8,3
2015.0,150.0,1.0,0.0,3,6,4,0,0,0,0,2,1,1,0,0,2,1,1,17,3,10,0,1,0,1,1,0,4,7,5,8,3
2015.0,140.0,0.0,0.0,3,6,0,1,0,0,0,5,1,1,0,1,5,1,1,18,3,10,0,1,0,2,1,0,4,7,5,8,3
2015.0,50.0,1.0,0.0,1,5,4,0,0,0,0,9,1,1,0,0,9,1,1,18,3,10,0,1,0,1,1,0,2,9,7,3,2
2015.0,0.0,1.0,0.0,3,4,0,0,0,0,0,2,1,1,0,1,5,1,1,20,3,10,0,0,0,1,2,0,2,2,5,3,9
2015.0,-120.0,1.0,0.0,2,1,0,1,0,0,1,9,1,1,2,1,9,1,1,20,3,10,0,0,0,0,2,0,0,2,5,3,9
2015.0,-105.0,0.0,0.0,3,10,0,3,4,0,0,9,1,1,0,0,1,1,1,22,3,10,0,0,1,2,1,0,4,9,5,8,1
2015.0,-55.0,0.0,0.0,3,3,0,1,0,0,1,2,0,1,0,0,5,1,1,0,4,10,0,0,0,1,1,0,4,5,5,8,3
2015.0,-285.0,0.0,0.0,3,6,0,0,0,0,0,5,0,1,1,1,5,1,1,0,4,10,0,0,0,1,1,0,6,7,5,6,3
2015.0,0.0,0.0,0.0,3,4,3,0,0,0,1,9,1,1,0,0,1,1,1,7,4,10,0,1,0,2,0,0,4,2,5,9,9
2015.0,254.0,0.0,0.0,3,10,3,0,0,0,0,5,1,1,0,0,5,1,1,7,4,10,0,1,0,2,1,0,6,9,5,3,2
2015.0,-265.0,0.0,0.0,3,6,3,0,0,0,0,9,1,1,0,1,9,1,1,9,4,10,0,1,0,2,1,0,6,7,5,8,3
2015.0,0.0,1.0,0.0,3,1,3,0,0,0,0,5,1,1,0,0,9,1,1,10,4,10,0,0,0,0,1,0,4,5,5,3,3
2015.0,101.0,1.0,0.0,2,6,3,0,0,0,0,5,1,1,0,1,5,1,1,10,4,10,0,0,0,1,1,0,4,7,5,8,3
2015.0,0.0,0.0,0.0,3,1,3,0,0,0,1,3,1,1,0,1,3,1,1,11,4,10,0,0,0,2,1,0,4,5,5,9,9
2015.0,-500.0,0.0,0.0,3,1,3,0,0,0,2,8,1,1,0,0,2,1,1,11,4,10,0,0,0,0,0,0,8,5,5,3,5
2015.0,-336.0,0.0,0.0,3,6,3,3,4,0,1,1,1,1,0,0,1,1,1,11,4,10,0,0,1,1,1,0,6,7,5,8,3
2015.0,120.0,0.0,0.0,3,6,3,1,0,0,1,1,1,1,0,1,1,1,1,11,4,10,0,0,0,2,2,0,6,7,5,8,3
2015.0,126.0,0.0,0.0,3,6,3,0,0,0,0,9,1,1,0,1,9,1,1,12,4,10,0,0,0,1,1,0,4,5,5,8,3
2015.0,0.0,3.0,0.0,2,1,3,0,0,0,0,5,1,1,0,1,1,1,1,12,4,10,0,0,0,2,1,0,4,2,5,3,3
2015.0,192.0,0.0,0.0,3,6,3,3,4,0,0,1,1,1,0,1,1,1,1,15,4,10,0,0,1,1,2,0,6,7,5,8,3
2015.0,-820.0,0.0,0.0,3,6,3,3,4,0,1,5,1,1,0,0,5,1,1,16,4,10,0,1,1,2,1,0,6,7,5,8,3
2015.0,-100.0,0.0,0.0,3,6,3,3,4,0,0,1,1,1,0,1,1,1,1,16,4,10,0,1,1,1,1,0,6,8,5,8,3
2015.0,-190.0,1.0,0.0,2,6,3,3,4,0,0,9,1,1,0,1,9,1,1,16,4,10,0,1,1,1,1,0,6,7,5,8,3
2015.0,75.0,2.0,0.0,2,6,0,3,4,0,1,9,1,1,0,1,9,1,1,18,4,10,0,1,1,1,1,0,4,7,5,8,3
2015.0,-80.0,0.0,0.0,3,1,0,3,4,0,0,7,1,1,0,0,4,1,1,18,4,10,0,1,1,0,1,0,4,5,5,9,9
2015.0,-75.0,0.0,0.0,3,6,0,3,4,0,0,2,0,1,0,1,2,1,1,18,4,10,0,1,1,1,2,0,2,7,5,8,3
2015.0,173.0,1.0,0.0,3,6,0,1,0,0,1,9,1,1,0,0,9,1,1,18,4,10,0,1,0,1,1,0,6,7,5,8,3
2015.0,0.0,1.0,0.0,2,5,0,0,0,2,1,9,1,1,0,1,1,1,1,19,4,10,0,1,0,1,1,0,4,2,5,3,9
2015.0,0.0,1.0,0.0,3,6,0,3,4,0,1,1,1,1,0,0,1,1,1,19,4,10,0,1,1,2,0,0,3,7,5,9,9
2015.0,0.0,0.0,0.0,3,10,0,1,4,0,2,2,1,1,0,0,2,1,1,21,4,10,0,0,1,0,1,0,4,4,5,9,9
2015.0,50.0,0.0,0.0,3,4,0,0,0,0,0,2,0,1,0,1,5,1,1,0,5,10,1,0,0,2,1,0,4,7,5,8,9
2015.0,-205.0,1.0,0.0,3,3,3,0,0,0,0,4,1,1,0,1,9,1,1,15,5,10,1,0,0,2,1,0,8,5,5,3,9
2015.0,-590.0,0.0,0.0,3,4,3,0,0,0,0,1,1,1,0,0,5,1,1,16,5,10,1,1,0,2,0,0,2,2,5,9,3
2015.0,-93.0,0.0,0.0,3,1,3,0,0,0,1,2,1,1,0,1,2,1,1,16,5,10,1,1,0,1,2,0,4,9,5,3,2
2015.0,-20.0,0.0,0.0,3,4,4,0,0,0,1,9,1,1,0,0,9,1,1,17,5,10,1,1,0,1,1,0,4,5,5,9,9
2015.0,100.0,0.0,0.0,3,10,0,0,0,0,0,5,1,1,0,1,5,1,1,23,5,10,1,0,0,2,2,0,6,5,5,3,3
2015.0,108.0,0.0,0.0,3,3,0,0,0,0,0,9,1,1,1,1,1,1,1,9,6,10,1,1,0,2,1,0,6,7,5,6,3
2015.0,0.0,2.0,0.0,3,1,3,0,0,0,0,2,1,1,0,0,1,1,1,11,6,10,1,0,0,1,1,0,4,2,5,3,3
2015.0,1510.0,1.0,0.0,2,4,3,0,0,0,0,5,1,1,2,0,9,1,1,11,6,10,1,0,0,2,1,0,6,2,5,3,9
2015.0,-982.0,0.0,0.0,3,6,3,0,0,0,1,5,1,1,0,1,5,1,1,13,6,10,1,0,0,0,1,0,8,8,5,8,3
2015.0,0.0,1.0,0.0,2,1,3,1,0,0,0,5,1,1,0,0,9,1,1,14,6,10,1,0,0,2,1,0,4,7,5,3,8
2015.0,0.0,1.0,0.0,3,4,0,0,0,0,1,5,1,1,0,0,1,1,1,19,6,10,1,1,0,2,1,0,4,2,5,3,9
2015.0,-397.0,0.0,0.0,3,10,0,0,0,0,1,2,1,1,0,1,1,1,1,21,6,10,1,0,0,2,2,0,0,2,5,3,9
2015.0,-20.0,0.0,0.0,3,6,0,0,0,0,0,5,1,1,0,1,5,1,1,22,6,10,1,0,0,2,1,0,2,5,7,3,3
2015.0,200.0,0.0,0.0,3,10,0,4,3,0,2,8,1,1,1,1,5,1,1,2,0,10,0,0,0,0,1,0,6,5,5,6,5
2015.0,0.0,0.0,0.0,3,4,2,0,0,0,1,5,1,1,0,0,2,1,1,4,0,10,0,0,0,2,1,0,4,5,5,3,9
2015.0,0.0,0.0,0.0,3,1,3,0,0,0,1,2,1,1,0,1,1,1,1,6,0,10,0,0,0,2,1,0,4,4,5,3,9
2015.0,160.0,0.0,0.0,3,1,3,0,0,0,1,5,1,1,0,0,1,1,1,7,0,10,0,1,0,1,1,0,6,2,5,3,9
2015.0,0.0,0.0,0.0,3,1,3,0,0,0,0,9,1,1,0,1,2,1,1,9,0,10,0,1,0,1,2,0,4,2,5,3,9
2015.0,370.0,0.0,0.0,3,9,3,0,0,0,1,0,1,1,0,0,0,1,1,10,0,10,0,0,0,2,1,0,6,9,5,3,3
2015.0,500.0,0.0,0.0,3,6,3,0,0,0,1,2,1,1,0,0,2,1,1,10,0,10,0,0,0,1,1,0,6,7,5,8,3
2015.0,120.0,0.0,0.0,3,1,3,0,0,0,1,2,1,1,0,1,1,1,1,11,0,10,0,0,0,1,1,0,0,2,5,3,9
2015.0,-50.0,0.0,0.0,3,6,3,0,0,0,1,2,1,1,0,0,2,1,1,11,0,10,0,0,0,1,0,0,6,5,5,8,3
2015.0,137.0,0.0,0.0,3,6,3,0,0,0,0,5,1,1,0,0,5,1,1,11,0,10,0,0,0,1,1,0,4,7,5,8,3
2015.0,800.0,0.0,0.0,3,6,3,0,0,0,0,2,1,1,0,1,2,1,1,12,0,10,0,0,0,1,1,0,6,7,5,8,3
2015.0,-105.0,0.0,0.0,3,6,3,0,0,0,1,1,1,1,0,0,1,1,1,13,0,10,0,0,0,2,0,0,4,7,5,8,3
2015.0,-125.0,0.0,0.0,3,1,3,0,0,0,1,1,1,1,0,1,5,1,1,14,0,10,0,0,0,1,1,0,2,2,5,3,9
2015.0,-10.0,0.0,0.0,3,6,3,0,0,0,1,1,1,1,0,1,1,1,1,14,0,10,0,0,0,1,1,0,4,7,5,9,9
2015.0,112.0,1.0,0.0,3,6,3,0,0,0,1,9,1,1,0,0,9,1,1,15,0,10,0,0,0,2,1,0,4,7,5,8,3
2015.0,0.0,0.0,0.0,3,1,3,0,0,0,0,5,1,1,0,0,9,1,1,17,0,10,0,1,0,1,1,0,4,2,5,3,3
2015.0,-300.0,0.0,0.0,3,1,3,0,0,0,0,2,1,1,0,1,1,1,1,17,0,10,0,1,0,2,0,0,6,2,5,8,9
2015.0,0.0,1.0,0.0,2,1,0,0,0,0,2,2,1,1,0,1,1,1,1,18,0,10,0,1,0,0,1,0,4,2,5,3,9
2015.0,-30.0,0.0,0.0,3,5,0,0,0,0,1,1,1,1,0,1,1,1,1,19,0,10,0,1,0,1,1,0,4,5,5,8,1
2015.0,0.0,1.0,0.0,1,1,0,0,0,0,1,1,1,1,0,1,2,1,1,4,1,10,0,0,0,1,1,0,4,2,5,3,3
2015.0,0.0,0.0,0.0,3,1,2,0,0,0,0,2,1,1,0,1,9,1,1,6,1,10,0,0,0,1,1,0,4,2,5,9,3
2015.0,0.0,1.0,0.0,2,1,3,0,0,0,0,2,1,1,0,1,1,1,1,7,1,10,0,1,0,1,1,0,4,2,5,3,9
2015.0,-126.0,1.0,0.0,3,6,3,0,0,0,1,9,1,1,0,0,9,1,1,7,1,10,0,1,0,2,1,0,6,7,5,8,3
2015.0,-207.0,0.0,0.0,3,6,3,0,0,0,0,2,1,1,0,1,2,1,1,8,1,10,0,1,0,1,1,0,6,7,5,8,3
2015.0,300.0,0.0,0.0,3,1,3,1,0,0,0,1,1,1,0,1,2,1,1,13,1,10,0,0,0,1,2,0,6,2,5,3,3
2015.0,8.0,0.0,0.0,3,6,3,0,0,0,0,9,1,1,0,1,9,1,1,13,1,10,0,0,0,0,2,0,4,7,5,8,3
2015.0,0.0,1.0,0.0,3,4,3,1,0,0,0,1,1,1,0,0,9,1,1,15,1,10,0,0,0,1,1,0,4,2,5,3,9
2015.0,480.0,0.0,0.0,3,1,3,0,0,0,0,5,1,1,0,0,9,1,1,16,1,10,0,1,0,1,1,0,6,2,5,3,9
2015.0,291.0,1.0,0.0,3,6,4,0,0,0,0,5,1,1,0,0,5,1,1,16,1,10,0,1,0,2,1,0,4,7,5,8,3
2015.0,292.0,3.0,0.0,3,6,0,1,0,0,1,1,1,1,0,1,1,1,1,18,1,10,0,1,0,1,1,0,6,7,5,8,3
2015.0,-107.0,1.0,0.0,3,6,0,0,0,0,0,1,1,1,0,0,1,1,1,18,1,10,0,1,0,1,1,0,4,7,5,8,3
2015.0,0.0,0.0,0.0,3,4,0,3,4,0,0,5,1,1,0,1,9,1,1,22,1,10,0,0,1,1,1,0,4,2,5,3,9
2015.0,-0.1,0.0,0.0,3,3,0,0,0,0,0,1,1,1,0,1,9,1,1,5,2,10,0,0,0,2,1,0,6,9,5,3,3
2015.0,-100.0,0.0,0.0,3,10,3,0,0,0,0,2,1,1,0,1,2,1,1,7,2,10,0,1,0,1,1,0,4,9,5,3,2
2015.0,608.0,0.0,0.0,3,1,3,0,0,0,0,5,1,1,0,0,9,1,1,10,2,10,0,0,0,0,1,0,0,2,5,3,9
2015.0,489.0,1.0,0.0,2,6,3,0,0,0,0,9,0,1,0,0,9,1,1,10,2,10,0,0,0,2,1,0,6,7,5,8,3
2015.0,-548.0,0.0,0.0,3,1,3,0,0,0,1,5,1,1,0,0,9,1,1,12,2,10,0,0,0,1,2,0,0,2,5,3,9
2015.0,170.0,0.0,0.0,3,5,3,0,0,0,1,5,1,1,0,1,2,1,1,15,2,10,0,0,0,1,2,0,6,5,5,8,1
2015.0,519.0,0.0,0.0,3,1,3,0,0,0,1,9,1,1,0,1,5,1,1,16,2,10,0,1,0,1,1,0,6,2,5,9,9
2015.0,-40.0,0.0,0.0,3,6,3,0,0,0,1,9,1,1,0,0,9,1,1,16,2,10,0,1,0,1,1,0,6,7,5,8,3
2015.0,0.0,0.0,0.0,3,6,3,0,0,0,0,2,1,1,0,1,2,1,1,16,2,10,0,1,0,2,2,0,4,7,5,8,3
2015.0,-90.0,0.0,0.0,3,4,2,0,0,0,1,9,1,1,0,1,1,1,1,17,2,10,0,1,0,1,1,0,0,2,5,3,9
2015.0,-414.0,0.0,0.0,3,6,3,0,0,0,0,1,1,1,0,1,1,1,1,17,2,10,0,1,0,2,1,0,4,7,5,3,3
2015.0,0.0,0.0,0.0,3,6,3,0,0,0,1,5,0,1,0,0,5,1,1,17,2,10,0,1,0,1,1,0,4,7,5,8,3
2015.0,-105.0,0.0,0.0,3,6,4,0,0,0,2,5,1,1,0,1,5,1,1,17,2,10,0,1,0,0,1,0,4,7,5,8,3
2015.0,-553.0,1.0,0.0,3,6,0,0,0,0,0,5,1,1,0,0,5,1,1,18,2,10,0,1,0,2,2,0,6,7,5,8,3
2015.0,0.0,1.0,0.0,3,4,0,0,0,0,0,2,1,1,0,1,1,1,1,19,2,10,0,1,0,0,0,0,4,2,5,9,3
2015.0,-65.0,0.0,0.0,3,1,3,0,0,0,0,1,1,1,0,0,1,1,1,6,3,10,0,0,0,1,2,0,4,4,5,3,9
2015.0,0.0,2.0,0.0,3,4,3,0,0,0,0,6,1,1,0,1,2,1,1,7,3,10,0,1,0,1,1,0,4,2,5,3,9
2015.0,250.0,0.0,0.0,3,1,3,0,0,0,0,5,1,1,0,0,9,1,1,8,3,10,0,1,0,1,0,0,6,2,5,3,3
2015.0,-275.0,1.0,0.0,2,5,3,0,0,2,1,9,1,1,0,0,1,1,1,9,3,10,0,1,0,2,2,0,0,9,5,9,3
2015.0,-250.0,0.0,0.0,3,6,3,0,0,0,1,2,1,1,0,0,2,1,1,10,3,10,0,0,0,1,1,0,6,7,5,8,3
2015.0,0.0,1.0,0.0,3,6,3,0,0,0,1,1,1,1,0,0,1,1,1,11,3,10,0,0,0,0,0,0,4,7,5,9,9
2015.0,0.0,2.0,0.0,2,1,3,0,0,0,0,1,1,1,0,1,5,1,1,14,3,10,0,0,0,2,2,0,4,2,5,3,3
2015.0,-690.0,1.0,0.0,3,1,3,0,0,0,1,9,1,1,0,0,5,1,1,15,3,10,0,0,0,2,1,0,0,7,5,5,9
2015.0,0.0,1.0,0.0,2,6,3,0,0,0,0,5,1,1,0,0,5,1,1,16,3,10,0,1,0,2,1,0,4,9,5,3,2
2015.0,413.0,0.0,0.0,3,10,4,0,0,0,0,1,1,1,0,0,1,1,1,17,3,10,0,1,0,1,1,0,6,9,5,3,2
2015.0,100.0,0.0,0.0,3,6,4,0,0,0,2,2,1,1,0,0,2,1,1,17,3,10,0,1,0,0,1,0,6,7,5,8,3
2015.0,70.0,2.0,0.0,3,6,0,0,0,0,1,5,1,1,0,1,5,1,1,18,3,10,0,1,0,0,1,0,4,7,5,8,3
2015.0,30.0,0.0,0.0,3,1,0,0,0,0,2,7,1,1,0,1,7,1,1,20,3,10,0,0,0,0,1,0,4,4,5,9,9
2015.0,-114.0,1.0,0.0,3,6,0,0,0,0,1,1,1,1,0,1,1,1,1,23,3,10,0,0,0,2,1,0,4,7,5,8,3
2015.0,200.0,0.0,0.0,3,10,0,0,0,0,0,2,1,1,0,1,2,1,1,23,3,10,0,0,0,1,1,0,6,9,5,3,3
2015.0,0.0,2.0,0.0,3,4,3,0,0,0,1,5,1,1,0,0,2,1,1,7,4,10,0,1,0,0,2,0,4,2,5,3,9
2015.0,-350.0,0.0,0.0,3,10,3,0,0,0,1,2,1,1,0,1,2,1,1,7,4,10,0,1,0,2,1,0,6,9,5,3,2
2015.0,-225.0,0.0,0.0,3,1,3,0,0,0,0,4,1,1,0,0,2,1,1,8,4,10,0,1,0,1,1,0,0,2,5,3,9
2015.0,200.0,0.0,0.0,3,8,3,0,0,0,0,9,1,1,0,0,5,1,1,8,4,10,0,1,0,0,1,0,4,5,5,8,1
2015.0,373.0,2.0,0.0,3,6,3,0,0,0,1,9,1,1,0,0,9,1,1,10,4,10,0,0,0,1,0,0,6,7,5,8,3
2015.0,191.0,0.0,0.0,3,10,3,0,0,0,1,9,1,1,0,1,9,1,1,12,4,10,0,0,0,2,1,0,6,9,5,3,2
2015.0,85.0,0.0,0.0,3,10,3,0,0,0,1,2,1,1,0,0,2,1,1,12,4,10,0,0,0,1,0,0,6,4,5,9,9
2015.0,0.0,0.0,0.0,3,4,3,0,0,0,2,2,1,1,0,0,1,1,1,12,4,10,0,0,0,0,1,0,4,2,5,3,9
2015.0,-180.0,0.0,0.0,3,10,3,0,0,0,1,2,1,1,0,0,2,1,1,13,4,10,0,0,0,1,1,0,6,7,5,5,3
2015.0,102.0,0.0,0.0,3,6,3,0,0,0,1,1,1,1,0,1,1,1,1,13,4,10,0,0,0,2,2,0,6,7,5,8,3
2015.0,-110.0,0.0,0.0,3,6,3,0,0,0,1,1,1,1,0,1,1,1,1,14,4,10,0,0,0,1,1,0,4,7,5,8,3
2015.0,845.0,1.0,0.0,3,6,3,0,0,0,1,1,1,1,0,0,1,1,1,14,4,10,0,0,0,0,1,0,0,7,5,8,3
2015.0,-200.0,0.0,0.0,3,12,3,0,0,0,2,1,1,1,1,1,1,1,1,14,4,10,0,0,0,0,1,0,6,5,5,6,5
2015.0,198.0,0.0,0.0,3,6,3,0,0,0,1,1,1,1,0,1,1,1,1,14,4,10,0,0,0,2,2,0,4,7,5,8,8
2015.0,-40.0,0.0,0.0,3,6,3,0,0,0,0,5,1,1,0,0,5,1,1,14,4,10,0,0,0,2,1,0,6,7,5,8,3
2015.0,0.0,0.0,0.0,3,4,3,0,0,0,0,9,1,1,0,0,1,1,1,14,4,10,0,0,0,2,2,0,4,2,5,3,9
2015.0,-187.0,0.0,0.0,3,6,3,0,0,0,0,2,1,1,0,1,2,1,1,15,4,10,0,0,0,1,1,0,4,7,5,3,8
2015.0,250.0,0.0,0.0,3,6,3,0,0,0,1,5,1,1,0,0,5,1,1,16,4,10,0,1,0,1,0,0,4,7,5,3,3
2015.0,-328.0,2.0,0.0,3,6,0,0,0,0,0,2,1,1,0,1,2,1,1,17,4,10,0,1,0,2,0,0,6,7,5,8,3
2015.0,-281.0,0.0,0.0,3,6,4,0,0,0,1,2,1,1,0,0,2,1,1,18,4,10,0,1,0,2,1,0,1,7,5,8,3
2015.0,145.0,0.0,0.0,3,4,0,0,0,0,0,1,1,1,0,0,5,1,1,19,4,10,0,1,0,2,1,0,6,2,5,3,9
2015.0,20.0,0.0,0.0,3,6,0,0,0,0,1,5,1,1,0,1,5,1,1,19,4,10,0,1,0,1,2,0,6,7,5,9,3
2015.0,0.0,0.0,0.0,3,10,0,0,0,0,2,2,1,1,0,1,2,1,1,22,4,10,0,0,0,0,2,0,4,5,5,8,9
2015.0,0.0,0.0,0.0,3,4,3,0,0,0,1,5,1,1,0,1,5,1,1,7,5,10,1,1,0,1,2,0,4,2,5,9,3
2015.0,0.0,2.0,0.0,3,1,3,0,0,0,0,1,1,1,0,0,2,1,1,8,5,10,1,1,0,1,1,0,4,2,5,3,9
2015.0,170.0,1.0,0.0,2,6,3,0,0,0,0,5,1,1,0,0,5,1,1,9,5,10,1,1,0,2,1,0,4,7,5,8,3
2015.0,20.0,0.0,0.0,3,3,3,0,0,0,1,5,1,1,0,0,5,1,1,12,5,10,1,0,0,2,2,0,4,7,5,3,3
2015.0,-100.0,0.0,0.0,3,4,3,0,0,0,0,1,1,1,0,1,2,1,1,14,5,10,1,0,0,0,0,0,6,2,5,3,9
2015.0,448.0,0.0,0.0,3,10,4,0,0,0,0,9,1,1,0,1,9,1,1,17,5,10,1,1,0,1,1,0,6,9,5,3,2
2015.0,-76.0,0.0,0.0,3,6,0,0,0,0,0,2,1,1,0,1,2,1,1,17,5,10,1,1,0,2,2,0,4,7,5,8,3
2015.0,49.0,0.0,0.0,3,10,0,0,0,0,1,2,1,1,0,0,2,1,1,18,5,10,1,1,0,2,0,0,6,9,5,3,3
2015.0,0.0,0.0,0.0,3,1,0,0,0,0,1,1,1,1,0,1,5,1,1,19,5,10,1,1,0,1,1,0,4,2,5,3,3
2015.0,-200.0,0.0,0.0,3,6,0,0,0,0,1,9,1,1,0,1,9,1,1,21,5,10,1,0,0,1,1,0,6,7,5,8,3
2015.0,-250.0,0.0,0.0,3,6,3,0,0,0,2,2,1,1,0,1,2,1,1,8,6,10,1,1,0,0,1,0,6,7,5,8,3
2015.0,100.0,1.0,0.0,3,6,3,0,0,0,0,9,1,1,0,1,9,1,1,13,6,10,1,0,0,1,0,0,6,8,5,3,3
2015.0,-125.0,0.0,0.0,3,10,3,0,0,0,1,2,1,1,0,0,2,1,1,14,6,10,1,0,0,1,2,0,2,9,5,3,2
2015.0,0.0,2.0,0.0,3,1,4,0,0,0,1,5,1,1,0,0,9,1,1,17,6,10,1,1,0,0,2,0,2,5,5,3,5
2015.0,0.0,0.0,0.0,3,4,0,0,0,0,0,1,1,1,0,0,7,1,1,18,6,10,1,1,0,2,1,0,2,2,5,9,3
2015.0,0.0,0.0,0.0,3,1,0,0,0,0,0,5,1,1,0,1,9,1,1,19,6,10,1,1,0,2,2,0,4,2,5,3,3
2015.0,-25.0,1.0,0.0,2,8,0,0,0,0,0,9,1,1,0,1,9,1,1,20,6,10,1,0,0,1,2,0,2,9,5,3,2
2015.0,0.0,0.0,0.0,3,4,3,0,0,0,1,2,1,1,0,1,1,1,1,6,0,10,0,0,0,1,1,0,2,2,5,9,3
2015.0,0.0,0.0,0.0,3,1,3,0,0,0,1,9,1,1,0,1,2,1,1,7,0,10,0,1,0,2,2,0,4,2,5,3,9
2015.0,230.0,0.0,0.0,3,6,3,0,0,0,0,2,1,1,0,0,2,1,1,7,0,10,0,1,0,2,1,0,4,7,5,8,3
2015.0,155.0,0.0,0.0,3,1,3,0,0,0,0,5,1,1,0,1,9,1,1,8,0,10,0,1,0,1,1,0,6,2,5,9,9
2015.0,185.0,0.0,0.0,3,1,3,0,0,0,1,2,1,1,0,1,9,1,1,11,0,10,0,0,0,2,1,0,6,5,5,3,9
2015.0,10.0,1.0,0.0,3,1,3,0,0,0,1,9,1,1,0,0,1,1,1,13,0,10,0,0,0,2,1,0,4,2,5,9,9
2015.0,-350.0,0.0,0.0,3,1,3,0,0,0,0,9,1,1,0,0,2,1,1,15,0,10,0,0,0,2,0,0,6,2,5,3,9
2015.0,-61.0,0.0,0.0,3,6,3,0,0,0,1,1,1,1,0,1,1,1,1,16,0,10,0,1,0,1,2,0,6,7,5,8,3
2015.0,450.0,0.0,0.0,3,6,0,0,0,0,1,1,1,1,0,0,1,1,1,18,0,10,0,1,0,2,2,0,6,7,7,3,3
2015.0,40.0,0.0,0.0,3,1,0,0,0,0,1,5,1,1,0,1,5,1,1,18,0,10,0,1,0,0,1,0,4,9,5,3,2
2015.0,0.0,1.0,0.0,3,4,0,0,0,0,0,1,1,1,0,0,5,1,1,21,0,10,0,0,0,1,0,0,4,5,5,9,3
2015.0,53.0,0.0,0.0,3,6,3,0,0,0,1,5,1,1,0,1,5,1,1,11,1,10,0,0,0,0,1,0,4,8,5,8,8
2015.0,40.0,2.0,0.0,3,1,3,0,0,0,1,5,1,1,0,1,5,1,1,11,1,10,0,0,0,1,2,0,2,9,5,9,2
2015.0,-85.0,1.0,0.0,2,6,3,0,0,0,0,1,1,1,0,0,1,1,1,16,1,10,0,1,0,1,1,0,4,7,5,8,3
2015.0,-231.0,0.0,0.0,3,10,3,0,0,0,1,5,1,1,0,1,0,1,1,16,1,10,0,1,0,1,1,0,6,9,4,2,2
2015.0,-150.0,0.0,0.0,3,6,3,0,0,0,1,5,1,1,0,0,5,1,1,16,1,10,0,1,0,1,1,0,6,7,5,8,3
2015.0,-191.0,1.0,0.0,2,6,3,0,0,0,0,5,1,1,0,1,5,1,1,17,1,10,0,1,0,1,1,0,0,7,5,8,3
2015.0,-700.0,0.0,0.0,3,6,3,0,0,0,1,9,1,1,0,1,9,1,1,17,1,10,0,1,0,2,1,0,6,7,5,3,9
2015.0,200.0,1.0,0.0,2,6,0,0,0,0,1,9,1,1,0,0,9,1,1,17,1,10,0,1,0,2,1,0,4,7,5,8,3
2015.0,0.0,0.0,0.0,3,10,0,0,0,0,0,5,1,1,0,0,5,1,1,17,1,10,0,1,0,2,1,0,2,9,5,9,3
2015.0,0.0,0.0,0.0,3,10,0,0,0,0,1,2,1,1,0,1,2,1,1,18,1,10,0,1,0,0,2,0,4,9,5,3,9