Year,Distance,Totalinjuries,Totalfatalities,Injuryseverity,Collisionmanner,Lightcondition,Weather,SurfaceCondition,Unittype_One,Gender_Drv1,Traveldirection_One,AlcoholUse_Drv1,DrugUse_Drv1,Unittype_Two,Gender_Drv2,Traveldirection_Two,AlcoholUse_Drv2,DrugUse_Drv2,Hour,Weekday,Month,Weekend,Rush_Hour,Hazardous_Road,Age_Group_Drv1,Age_Group_Drv2,Substance_Use,Junction_Category,Violation_Category_Drv1,Violation_Category_Drv2,Unitaction_Category_Two,Unitaction_Category_One
2015.0,-200.0,0.0,0.0,3,6,0,0,0,0,2,2,1,1,0,0,2,1,1,21,1,10,0,0,0,0,2,0,6,7,5,3,3
2015.0,192.0,0.0,0.0,3,6,3,1,0,0,1,9,1,1,0,1,9,1,1,7,2,10,0,1,0,2,1,0,6,7,5,8,3
2015.0,-15.0,0.0,0.0,3,6,3,1,0,0,1,1,1,1,0,0,1,1,1,7,2,10,0,1,0,1,1,0,4,7,5,8,3
2015.0,-182.0,0.0,0.0,3,10,3,0,0,1,1,5,1,1,0,0,5,1,1,10,2,10,0,0,0,1,0,0,6,7,5,3,2
2015.0,-419.0,0.0,0.0,3,1,3,0,0,0,0,9,1,1,0,1,2,1,1,11,2,10,0,0,0,0,1,0,0,2,5,3,9
2015.0,215.0,0.0,0.0,3,1,3,0,0,0,1,5,1,1,0,0,9,1,1,12,2,10,0,0,0,1,1,0,6,2,5,3,9
2015.0,120.0,0.0,0.0,3,6,3,0,0,0,0,9,1,1,0,0,9,1,1,14,2,10,0,0,0,1,1,0,4,7,5,8,3
2015.0,0.0,0.0,0.0,3,1,3,0,0,0,1,2,1,1,0,0,9,1,1,14,2,10,0,0,0,2,2,0,4,2,5,3,3
2015.0,-220.0,1.0,0.0,2,5,3,0,0,0,1,5,1,1,2,1,5,1,1,16,2,10,0,1,0,1,1,0,0,5,5,3,9
2015.0,208.0,2.0,0.0,3,6,3,0,0,0,0,5,1,1,0,1,5,1,1,16,2,10,0,1,0,1,0,0,4,7,5,8,3
2015.0,-112.0,0.0,0.0,3,6,0,1,0,0,1,5,1,1,0,1,5,1,1,18,2,10,0,1,0,2,1,0,6,7,5,8,3
2015.0,0.0,1.0,0.0,2,4,0,0,0,0,1,2,1,1,0,0,5,1,1,18,2,10,0,1,0,2,1,0,4,2,5,3,9
2015.0,-200.0,0.0,0.0,3,6,0,1,0,0,1,2,1,1,0,1,2,1,1,18,2,10,0,1,0,2,1,0,4,7,5,8,8
2015.0,32.0,0.0,0.0,3,1,0,0,0,0,0,2,1,1,0,0,9,1,1,19,2,10,0,1,0,1,2,0,4,4,5,8,9
2015.0,-38.0,1.0,0.0,3,6,3,0,0,0,0,2,1,1,0,0,2,1,1,7,3,10,0,1,0,2,1,0,4,7,5,8,3
2015.0,-427.0,0.0,0.0,3,4,3,0,0,0,0,9,1,1,0,0,2,1,1,7,3,10,0,1,0,1,1,0,0,2,5,3,9
2015.0,0.0,0.0,0.0,3,4,3,1,0,0,1,9,1,1,0,0,1,1,1,7,3,10,0,1,0,1,2,0,4,2,5,3,9
2015.0,700.0,0.0,0.0,3,6,3,0,0,0,0,9,1,1,0,0,9,1,1,7,3,10,0,1,0,1,1,0,6,7,5,8,3
2015.0,-28.0,0.0,0.0,3,4,3,0,0,0,1,2,1,1,0,1,9,1,1,7,3,10,0,1,0,0,1,0,4,5,2,9,3
2015.0,0.0,1.0,0.0,3,6,3,0,0,0,1,2,1,1,0,0,2,1,1,8,3,10,0,1,0,1,2,0,4,7,5,8,3
2015.0,0.0,0.0,0.0,3,4,3,1,0,0,0,1,1,1,0,0,9,1,1,8,3,10,0,1,0,1,1,0,4,2,5,3,9
2015.0,0.0,2.0,0.0,2,4,3,1,0,0,0,1,1,1,0,0,9,1,1,8,3,10,0,1,0,1,1,0,4,2,5,3,9
2015.0,-200.0,1.0,0.0,2,6,3,0,0,0,1,9,1,1,0,0,9,1,1,12,3,10,0,0,0,1,1,0,6,7,5,8,3
2015.0,-85.0,1.0,0.0,2,6,3,0,0,0,0,2,1,1,0,1,2,1,1,13,3,10,0,0,0,2,2,0,4,9,5,8,2
2015.0,-100.0,0.0,0.0,3,10,4,1,0,0,2,1,1,1,0,1,1,1,1,17,3,10,0,1,0,0,0,0,4,9,5,3,2
2015.0,50.0,1.0,0.0,3,6,3,0,0,1,1,5,1,1,0,0,5,1,1,17,3,10,0,1,0,1,1,0,4,7,5,8,3
2015.0,-50.0,0.0,0.0,3,6,0,1,0,0,0,2,1,1,0,0,2,1,1,17,3,10,0,1,0,1,0,0,6,7,5,8,3
2015.0,240.0,0.0,0.0,3,10,0,3,4,0,1,9,1,1,0,1,9,1,1,18,3,10,0,1,1,1,1,0,6,9,5,8,3
2015.0,30.0,0.0,0.0,3,6,0,1,0,0,1,9,1,1,0,1,9,1,1,18,3,10,0,1,0,2,1,0,4,7,5,8,3
2015.0,200.0,0.0,0.0,3,6,0,3,4,0,1,2,1,1,0,1,2,1,1,18,3,10,0,1,1,2,1,0,6,7,5,8,3
2015.0,482.0,0.0,0.0,3,4,0,3,4,0,1,1,1,1,0,0,2,1,1,18,3,10,0,1,1,2,2,0,6,2,5,3,9
2015.0,13.0,0.0,0.0,3,4,4,0,0,0,1,9,1,1,0,1,1,1,1,19,3,10,0,1,0,2,2,0,4,9,5,9,9
2015.0,90.0,0.0,0.0,3,10,0,1,0,0,2,1,1,1,0,0,1,1,1,19,3,10,0,1,0,0,2,0,6,9,5,3,2
2015.0,195.0,0.0,0.0,3,7,0,0,0,0,1,5,0,0,0,1,9,1,1,23,3,10,0,0,0,2,1,0,6,5,5,6,1
2015.0,450.0,0.0,0.0,3,6,0,1,4,0,1,9,1,1,0,0,9,1,1,0,4,10,0,0,1,2,1,0,6,7,5,8,3
2015.0,-70.0,0.0,0.0,3,10,0,1,4,0,0,5,0,1,1,1,5,1,1,1,4,10,0,0,1,1,1,0,6,9,5,6,3
2015.0,-25.0,3.0,0.0,3,6,0,3,4,0,1,1,1,1,0,1,1,1,1,2,4,10,0,0,1,2,1,0,4,7,5,8,3
2015.0,-50.0,0.0,0.0,3,6,3,0,0,0,1,2,1,1,0,1,2,1,1,6,4,10,0,0,0,1,1,0,4,7,5,8,3
2015.0,-150.0,0.0,0.0,3,6,3,0,0,0,0,2,1,1,0,0,2,1,1,8,4,10,0,1,0,2,1,0,4,7,5,8,8
2015.0,-599.0,0.0,0.0,3,6,3,0,0,0,0,2,1,1,0,0,2,1,1,8,4,10,0,1,0,1,1,0,6,8,5,8,3
2015.0,0.0,0.0,0.0,3,9,3,0,0,0,0,1,1,1,0,1,9,1,1,9,4,10,0,1,0,1,0,0,2,5,5,3,9
2015.0,96.0,0.0,0.0,3,6,3,0,0,0,1,9,1,1,0,1,9,1,1,10,4,10,0,0,0,1,2,0,4,7,5,8,3
2015.0,-200.0,0.0,0.0,3,12,0,0,0,0,2,8,1,1,0,1,2,1,1,10,4,10,0,0,0,0,1,0,6,5,5,6,5
2015.0,133.0,1.0,0.0,1,6,3,0,0,0,1,1,1,1,0,0,1,1,1,11,4,10,0,0,0,1,1,0,6,8,5,8,3
2015.0,-50.0,0.0,0.0,3,6,3,0,0,0,0,9,1,1,0,1,9,1,1,11,4,10,0,0,0,1,1,0,2,5,5,3,3
2015.0,-58.0,0.0,0.0,3,6,3,0,0,0,0,2,1,1,0,0,2,1,1,11,4,10,0,0,0,2,1,0,4,7,5,8,3
2015.0,0.0,2.0,0.0,2,4,3,0,0,0,1,1,1,1,0,0,9,1,1,11,4,10,0,0,0,1,0,0,4,2,5,3,9
2015.0,-40.0,0.0,0.0,3,6,3,0,0,0,1,2,1,1,0,1,2,1,1,13,4,10,0,0,0,2,1,0,6,7,5,8,3
2015.0,90.0,1.0,0.0,3,6,3,0,0,0,1,5,1,1,0,0,5,1,1,15,4,10,0,0,0,1,1,0,0,2,5,3,3
2015.0,0.0,0.0,0.0,3,4,3,0,0,0,0,7,1,1,0,1,1,1,1,15,4,10,0,0,0,2,2,0,4,2,5,3,9
2015.0,0.0,0.0,0.0,3,4,3,0,0,0,1,5,1,1,0,0,1,1,1,16,4,10,0,1,0,1,2,0,4,2,5,3,9
2015.0,-200.0,0.0,0.0,3,1,3,0,0,0,2,1,1,1,0,0,2,1,1,16,4,10,0,1,0,0,1,0,6,2,5,2,5
2015.0,70.0,0.0,0.0,3,6,3,0,0,0,1,9,1,1,0,0,9,1,1,16,4,10,0,1,0,2,1,0,2,7,5,8,3
2015.0,50.0,0.0,0.0,3,4,3,0,0,0,0,5,1,1,0,0,9,1,1,16,4,10,0,1,0,2,1,0,6,2,5,3,9
2015.0,-830.0,0.0,0.0,3,6,3,0,0,0,2,2,1,1,0,0,2,1,1,17,4,10,0,1,0,0,0,0,6,7,5,3,3
2015.0,20.0,0.0,0.0,3,6,0,0,0,0,0,5,1,1,0,1,5,1,1,18,4,10,0,1,0,1,1,0,4,7,5,8,3
2015.0,0.0,0.0,0.0,3,10,0,0,0,0,0,5,1,1,0,0,5,1,1,18,4,10,0,1,0,1,1,0,4,5,5,3,3
2015.0,0.0,0.0,0.0,3,4,0,0,0,0,0,9,0,1,0,1,5,1,1,18,4,10,0,1,0,1,1,0,2,2,5,9,3
2015.0,0.0,0.0,0.0,3,4,0,0,0,0,1,9,1,1,0,1,1,1,1,22,4,10,0,0,0,2,0,0,4,8,5,3,9
2015.0,-98.0,1.0,0.0,2,5,0,0,0,3,0,1,0,1,0,1,2,1,1,23,4,10,0,0,0,2,2,0,6,6,5,3,5
2015.0,350.0,0.0,0.0,3,10,0,0,0,0,1,5,1,1,0,1,5,1,1,5,5,10,1,0,0,1,1,0,6,9,5,3,2
2015.0,96.0,0.0,0.0,3,6,3,0,0,0,0,5,1,1,0,0,5,1,1,7,5,10,1,1,0,1,0,0,4,7,5,8,3
2015.0,100.0,0.0,0.0,3,10,3,0,0,0,1,9,1,1,0,1,9,1,1,10,5,10,1,0,0,1,1,0,4,9,5,3,2
2015.0,290.0,0.0,0.0,3,4,3,0,0,0,1,6,1,1,0,0,9,1,1,13,5,10,1,0,0,2,1,0,6,2,5,3,9
2015.0,-120.0,0.0,0.0,3,10,3,1,0,0,0,9,1,1,0,0,9,1,1,15,5,10,1,0,0,2,1,0,6,9,5,3,2
2015.0,0.0,0.0,0.0,3,4,0,0,0,0,0,9,1,1,0,0,1,1,1,19,5,10,1,1,0,1,1,0,4,2,5,3,9
2015.0,0.0,2.0,0.0,3,6,0,0,0,0,1,1,1,1,0,1,1,1,1,20,5,10,1,0,0,2,1,0,4,7,5,3,3
2015.0,0.0,0.0,0.0,3,4,0,0,0,0,0,9,1,1,0,1,1,1,1,20,5,10,1,0,0,1,2,0,4,2,5,3,9
2015.0,-45.0,1.0,0.0,2,3,0,0,0,0,1,1,1,1,0,1,1,1,1,22,5,10,1,0,0,2,1,0,4,4,5,3,9
2015.0,-150.0,0.0,0.0,3,6,0,0,0,0,1,1,1,1,0,0,1,1,1,22,5,10,1,0,0,2,2,0,6,7,5,8,3
2015.0,22.0,0.0,0.0,3,6,0,0,0,0,0,9,0,1,0,1,9,1,1,22,5,10,1,0,0,2,1,0,4,7,5,8,3
2015.0,100.0,0.0,0.0,3,6,0,0,0,0,0,2,1,1,0,1,2,1,1,1,6,11,1,0,0,1,1,0,6,7,5,8,3
2015.0,0.0,0.0,0.0,3,6,0,0,0,0,1,5,1,1,0,1,5,1,1,1,6,11,1,0,0,1,2,0,4,7,5,5,5
2015.0,-60.0,2.0,0.0,2,6,3,0,0,0,0,2,1,1,0,1,2,1,1,8,6,11,1,1,0,2,1,0,4,7,5,8,3
2015.0,-274.0,0.0,0.0,3,6,3,0,0,0,1,5,1,1,0,1,5,1,1,12,6,11,1,0,0,2,2,0,8,8,5,8,3
2015.0,-155.0,0.0,0.0,3,6,3,0,0,0,0,1,1,1,0,1,1,1,1,14,6,11,1,0,0,2,2,0,4,7,5,8,3
2015.0,0.0,0.0,0.0,3,1,3,0,0,0,0,2,1,1,0,0,2,1,1,14,6,11,1,0,0,2,1,0,4,4,5,3,9
2015.0,0.0,1.0,0.0,3,1,0,0,0,0,1,2,0,0,0,0,2,1,1,18,6,11,1,1,0,1,1,0,4,9,5,9,3
2015.0,10.0,1.0,0.0,2,6,0,0,0,0,1,5,1,1,0,1,5,1,1,19,6,11,1,1,0,2,2,0,2,7,5,3,3
2015.0,-43.0,0.0,0.0,3,6,0,0,0,0,0,2,1,1,0,0,2,1,1,21,6,11,1,0,0,2,2,0,4,7,5,8,3
2015.0,0.0,1.0,0.0,2,1,3,0,0,0,0,9,1,1,0,1,2,1,1,8,0,11,0,1,0,1,1,0,4,2,5,3,9
2015.0,263.0,1.0,0.0,3,6,3,0,0,0,1,2,1,1,0,1,2,1,1,12,0,11,0,0,0,2,1,0,6,7,5,8,3
2015.0,200.0,0.0,0.0,3,6,3,0,0,0,0,5,1,1,0,0,5,1,1,14,0,11,0,0,0,1,0,0,6,7,5,8,3
2015.0,-228.0,0.0,0.0,3,1,3,0,0,0,0,3,1,1,0,1,2,1,1,16,0,11,0,1,0,1,1,0,6,4,5,3,9
2015.0,-136.0,0.0,0.0,3,1,3,0,0,0,1,1,1,1,0,1,2,1,1,16,0,11,0,1,0,0,2,0,6,2,5,3,9
2015.0,-50.0,0.0,0.0,3,6,3,0,0,0,1,2,1,1,0,0,2,1,1,16,0,11,0,1,0,1,0,0,4,7,5,8,3
2015.0,143.0,1.0,0.0,3,6,3,0,0,0,1,9,1,1,0,1,9,1,1,16,0,11,0,1,0,2,1,0,4,7,5,8,3
2015.0,-119.0,1.0,0.0,2,6,4,0,0,0,1,1,1,1,0,1,1,1,1,17,0,11,0,1,0,1,2,0,4,7,5,8,3
2015.0,0.0,0.0,0.0,3,4,0,0,0,0,1,9,1,1,0,1,1,1,1,5,1,11,0,0,0,1,1,0,4,2,5,3,9
2015.0,0.1,0.0,0.0,3,10,3,0,0,0,0,9,1,1,0,1,9,1,1,7,1,11,0,1,0,1,2,0,6,9,5,2,3
2015.0,0.0,2.0,0.0,2,4,3,0,0,0,1,9,1,1,0,1,1,1,1,8,1,11,0,1,0,1,0,0,4,2,5,3,9
2015.0,0.0,0.0,0.0,3,1,3,0,0,0,0,2,1,1,0,0,5,1,1,8,1,11,0,1,0,0,1,0,4,2,5,3,9
2015.0,0.0,0.0,0.0,3,4,3,0,0,0,1,9,1,1,0,1,1,1,1,9,1,11,0,1,0,1,2,0,4,5,5,9,3
2015.0,-140.0,0.0,0.0,3,6,3,0,0,0,0,2,1,1,0,0,2,1,1,15,1,11,0,0,0,1,1,0,6,7,5,8,8
2015.0,0.0,0.0,0.0,3,4,3,0,0,0,1,2,1,1,0,1,5,1,1,15,1,11,0,0,0,2,1,0,4,2,5,9,3
2015.0,0.0,0.0,0.0,3,1,3,0,0,0,1,9,1,1,0,0,5,1,1,15,1,11,0,0,0,2,2,0,4,5,5,3,3
2015.0,-10.0,2.0,0.0,2,4,3,0,0,0,0,5,1,1,2,1,1,1,1,16,1,11,0,1,0,2,1,0,4,5,3,3,9
2015.0,-625.0,0.0,0.0,3,1,3,0,0,0,0,9,1,1,0,1,2,1,1,16,1,11,0,1,0,1,1,0,0,2,5,3,9
2015.0,69.0,0.0,0.0,3,6,3,0,0,0,1,5,1,1,0,1,5,1,1,17,1,11,0,1,0,1,2,0,4,7,5,8,3
2015.0,-215.0,0.0,0.0,3,10,0,0,0,0,1,1,1,1,0,1,1,1,1,18,1,11,0,1,0,2,1,0,6,9,5,3,2
2015.0,290.0,0.0,0.0,3,6,3,1,4,0,1,9,1,1,0,1,9,1,1,7,2,11,0,1,1,1,1,0,4,7,5,8,3
2015.0,-148.0,0.0,0.0,3,10,3,3,4,0,0,5,1,1,0,0,2,1,1,7,2,11,0,1,1,2,1,0,4,7,5,8,9
2015.0,155.0,0.0,0.0,3,6,3,1,4,0,1,9,1,1,0,1,9,1,1,8,2,11,0,1,1,1,1,0,4,7,5,8,3
2015.0,62.0,1.0,0.0,3,6,3,3,4,0,1,9,1,1,0,1,9,1,1,8,2,11,0,1,1,1,1,0,4,7,5,8,3
2015.0,-81.0,0.0,0.0,3,10,3,3,4,0,0,5,1,1,0,1,2,1,1,8,2,11,0,1,1,1,0,0,4,7,5,8,9
2015.0,0.0,0.0,0.0,3,1,3,0,0,0,0,5,1,1,0,0,2,1,1,9,2,11,0,1,0,0,2,0,4,2,5,3,9
2015.0,-525.0,0.0,0.0,3,10,3,0,0,0,1,9,1,1,0,1,9,1,1,10,2,11,0,0,0,2,1,0,6,9,5,3,2
2015.0,60.0,0.0,0.0,3,6,3,0,0,0,1,1,1,1,0,1,1,1,1,11,2,11,0,0,0,1,1,0,6,7,5,8,3
2015.0,360.0,0.0,0.0,3,6,3,0,0,0,1,5,1,1,0,0,5,1,1,12,2,11,0,0,0,2,0,0,6,7,5,8,8
2015.0,50.0,0.0,0.0,3,10,3,1,0,0,1,9,1,1,0,0,9,1,1,12,2,11,0,0,0,1,2,0,4,4,5,9,9
2015.0,-26.0,0.0,0.0,3,6,3,0,0,0,1,9,1,1,0,0,9,1,1,14,2,11,0,0,0,2,1,0,4,7,5,8,3
2015.0,400.0,0.0,0.0,3,6,3,0,0,0,0,1,1,1,0,0,1,1,1,14,2,11,0,0,0,1,2,0,6,7,5,8,3
2015.0,-323.0,1.0,0.0,3,6,3,0,0,0,0,1,1,1,0,0,1,1,1,15,2,11,0,0,0,1,1,0,6,7,5,8,3
2015.0,650.0,0.0,0.0,3,6,3,0,0,0,0,9,1,1,0,1,9,1,1,15,2,11,0,0,0,2,1,0,6,7,5,8,3
2015.0,0.0,0.0,0.0,3,10,3,0,0,0,0,2,1,1,0,0,2,1,1,16,2,11,0,1,0,1,1,0,4,4,5,3,9
2015.0,-167.0,1.0,0.0,3,6,3,1,0,0,1,2,1,1,0,0,2,1,1,16,2,11,0,1,0,2,2,0,6,7,5,8,3
2015.0,70.0,1.0,0.0,3,6,0,0,0,0,1,9,1,1,0,0,9,1,1,17,2,11,0,1,0,1,0,0,4,7,5,8,3
2015.0,0.0,0.0,0.0,3,1,0,0,0,0,1,2,1,1,0,0,9,1,1,18,2,11,0,1,0,1,1,0,4,2,5,3,3
2015.0,-50.0,0.0,0.0,3,6,0,0,4,0,0,1,1,1,0,0,1,1,1,18,2,11,0,1,1,1,2,0,6,7,5,8,3
2015.0,-310.0,0.0,0.0,3,1,0,3,4,0,1,2,1,1,0,0,1,1,1,18,2,11,0,1,1,2,2,0,0,5,2,9,3
2015.0,-75.0,0.0,0.0,3,10,3,0,0,0,1,7,1,1,0,1,9,1,1,7,3,11,0,1,0,0,1,0,2,5,5,2,5
2015.0,80.0,0.0,0.0,3,10,3,0,0,0,0,2,1,1,0,1,2,1,1,7,3,11,0,1,0,1,0,0,6,9,5,3,2
2015.0,-200.0,0.0,0.0,3,1,3,1,4,0,0,5,1,1,0,1,2,1,1,7,3,11,0,1,1,1,1,0,6,2,5,3,9
2015.0,-75.0,0.0,0.0,3,6,3,0,0,0,1,9,1,1,0,1,1,1,1,8,3,11,0,1,0,1,1,0,4,5,5,8,1
2015.0,0.0,0.0,0.0,3,4,3,0,0,0,1,1,1,1,0,1,1,1,1,8,3,11,0,1,0,1,0,0,4,2,5,9,9
2015.0,15.0,0.0,0.0,3,1,3,0,0,2,2,2,1,1,0,0,9,1,1,10,3,11,0,0,0,0,2,0,4,2,5,3,3
2015.0,-200.0,0.0,0.0,3,3,3,0,0,0,2,5,1,1,1,1,2,1,1,11,3,11,0,0,0,0,1,0,6,7,5,6,3
2015.0,57.0,0.0,0.0,3,10,3,0,0,0,1,9,1,1,0,1,9,1,1,12,3,11,0,0,0,2,1,0,4,7,5,3,2
2015.0,-207.0,3.0,0.0,3,6,3,0,0,0,1,1,1,1,0,0,1,1,1,14,3,11,0,0,0,0,2,0,6,7,5,8,3
2015.0,-236.0,0.0,0.0,3,6,3,0,0,0,1,2,1,1,0,0,2,1,1,14,3,11,0,0,0,2,1,0,4,7,5,8,3
2015.0,150.0,1.0,0.0,3,6,3,0,0,0,1,1,1,1,0,0,1,1,1,15,3,11,0,0,0,1,2,0,6,7,5,8,3
2015.0,237.0,1.0,0.0,2,4,3,0,0,0,1,9,1,1,0,1,1,1,1,16,3,11,0,1,0,1,1,0,6,2,5,3,9
2015.0,-544.0,2.0,0.0,3,4,3,0,0,0,1,9,1,1,0,1,9,1,1,16,3,11,0,1,0,0,2,0,6,2,5,3,9
2015.0,50.0,0.0,0.0,3,6,0,0,0,0,2,9,1,1,0,0,9,1,1,19,3,11,0,1,0,0,1,0,4,7,5,8,3
2015.0,-100.0,0.0,0.0,3,6,0,0,0,0,1,1,1,1,0,0,1,1,1,20,3,11,0,0,0,1,1,0,4,7,5,8,3
2015.0,450.0,2.0,0.0,2,6,0,1,0,0,1,1,1,1,0,1,1,1,1,21,3,11,0,0,0,2,1,0,6,7,5,8,3
2015.0,-59.0,0.0,0.0,3,6,0,0,0,0,0,1,1,1,0,0,1,1,1,23,3,11,0,0,0,1,2,0,4,7,5,8,3
2015.0,0.0,0.0,0.0,3,6,0,4,0,0,0,1,1,1,0,1,1,1,1,23,3,11,0,0,0,2,1,0,4,4,5,3,9
2015.0,30.0,0.0,0.0,3,6,3,0,0,0,1,9,1,1,0,1,9,1,1,8,4,11,0,1,0,0,1,0,2,7,5,8,3
2015.0,10.0,0.0,0.0,3,1,3,0,0,0,0,9,1,1,0,1,9,1,1,10,4,11,0,0,0,1,1,0,2,7,5,8,8
2015.0,60.0,0.0,0.0,3,10,3,0,0,0,1,1,1,1,0,1,1,1,1,11,4,11,0,0,0,0,1,0,4,9,5,9,9
2015.0,117.0,0.0,0.0,3,6,3,0,0,0,0,9,1,1,0,1,9,1,1,11,4,11,0,0,0,2,1,0,4,8,5,8,3
2015.0,400.0,0.0,0.0,3,4,3,0,0,0,1,6,1,1,0,0,9,1,1,12,4,11,0,0,0,2,1,0,0,2,5,8,9
2015.0,-488.0,0.0,0.0,3,10,3,0,0,0,0,1,1,1,0,1,1,1,1,15,4,11,0,0,0,1,1,0,6,9,5,0,2
2015.0,0.0,0.0,0.0,3,4,3,0,0,0,1,9,1,1,0,1,1,1,1,16,4,11,0,1,0,1,1,0,4,5,5,3,9
2015.0,0.0,0.0,0.0,3,1,3,0,0,0,1,1,1,1,0,1,5,1,1,17,4,11,0,1,0,1,1,0,4,5,5,3,3
2015.0,0.0,2.0,0.0,2,1,3,0,0,0,0,1,1,1,0,0,2,1,1,7,5,11,1,1,0,2,2,0,4,2,5,3,3
2015.0,0.0,3.0,0.0,2,1,3,0,0,0,0,5,1,1,0,1,9,1,1,8,5,11,1,1,0,2,0,0,4,2,5,9,3
2015.0,0.0,0.0,0.0,3,4,3,0,0,0,1,2,1,1,0,0,5,1,1,12,5,11,1,0,0,1,1,0,2,2,5,9,3
2015.0,125.0,0.0,0.0,3,10,3,0,0,0,1,9,1,1,0,1,9,1,1,12,5,11,1,0,0,2,0,0,6,7,5,6,3
2015.0,-20.0,0.0,0.0,3,6,3,0,0,0,0,1,1,1,0,1,1,1,1,13,5,11,1,0,0,2,1,0,4,7,5,8,3
2015.0,-64.0,3.0,0.0,3,10,3,0,0,0,0,1,1,1,0,1,1,1,1,13,5,11,1,0,0,1,1,0,4,9,5,3,2
2015.0,10.0,0.0,0.0,3,6,3,0,0,0,1,9,1,1,0,1,9,1,1,15,5,11,1,0,0,0,1,0,4,7,5,8,3
2015.0,-40.0,0.0,0.0,3,6,3,0,0,0,0,1,1,1,0,1,1,1,1,17,5,11,1,1,0,2,1,0,4,7,5,3,3
2015.0,0.0,0.0,0.0,3,4,0,0,0,0,0,1,1,1,0,1,9,1,1,19,5,11,1,1,0,2,2,0,4,2,5,3,9
2015.0,183.0,1.0,0.0,2,3,0,0,0,0,1,9,1,1,1,1,5,1,1,20,5,11,1,0,0,1,1,0,6,7,5,6,9
2015.0,600.0,0.0,0.0,3,6,0,0,0,0,0,9,0,1,1,1,9,1,1,21,5,11,1,0,0,1,1,0,6,7,5,6,3
2015.0,-30.0,0.0,0.0,3,12,0,0,0,0,1,2,1,1,0,1,2,1,1,21,5,11,1,0,0,2,1,0,4,7,5,8,3
2015.0,-30.0,0.0,0.0,3,10,3,0,0,0,1,1,1,1,0,0,1,1,1,6,6,11,1,0,0,2,2,0,6,9,5,3,3
2015.0,50.0,0.0,0.0,3,4,3,0,0,0,1,9,1,1,0,1,9,1,1,14,6,11,1,0,0,2,1,0,6,2,5,3,9
2015.0,0.0,0.0,0.0,3,4,3,1,0,0,0,9,1,1,0,0,1,1,1,15,6,11,1,0,0,2,2,0,2,2,5,3,9
2015.0,60.0,0.0,0.0,3,6,3,0,0,0,0,2,1,1,0,0,2,1,1,16,6,11,1,1,0,2,2,0,6,7,5,3,3
2015.0,-200.0,0.0,0.0,3,6,0,0,0,0,2,2,1,1,0,1,2,1,1,19,6,11,1,1,0,0,1,0,6,5,5,3,5
2015.0,0.0,1.0,0.0,3,1,3,0,0,0,1,1,1,1,0,1,9,1,1,8,0,11,0,1,0,0,2,0,4,2,5,3,9
2015.0,10.0,0.0,0.0,3,10,3,0,0,0,1,5,1,1,0,1,5,1,1,9,0,11,0,1,0,1,1,0,2,4,5,3,9
2015.0,-220.0,0.0,0.0,3,4,3,0,0,0,0,5,1,1,0,1,2,1,1,11,0,11,0,0,0,1,0,0,8,5,5,9,9
2015.0,60.0,0.0,0.0,3,10,3,0,0,0,1,5,1,1,0,0,5,1,1,12,0,11,0,0,0,1,1,0,2,5,5,9,9
2015.0,6.0,0.0,0.0,3,6,3,0,0,0,0,9,1,1,0,0,9,1,1,14,0,11,0,0,0,2,1,0,6,7,5,9,3
2015.0,-620.0,2.0,0.0,2,1,3,0,0,0,1,5,1,1,0,0,5,1,1,15,0,11,0,0,0,0,1,0,6,4,5,3,9
2015.0,-200.0,0.0,0.0,3,6,3,0,0,0,0,2,1,1,0,0,2,1,1,16,0,11,0,1,0,2,2,0,4,7,5,8,3
2015.0,250.0,0.0,0.0,3,6,0,0,0,0,1,5,1,1,0,0,5,1,1,17,0,11,0,1,0,2,1,0,6,7,5,8,3
2015.0,-150.0,0.0,0.0,3,6,0,0,0,0,0,1,1,1,0,1,1,1,1,18,0,11,0,1,0,1,1,0,4,7,5,8,3
2015.0,0.0,1.0,0.0,2,4,0,0,0,0,0,5,1,1,0,0,2,1,1,21,0,11,0,0,0,2,2,0,4,2,5,9,3
2015.0,0.0,0.0,0.0,3,4,3,0,0,0,1,2,1,1,0,1,5,1,1,11,1,11,0,0,0,0,2,0,4,2,5,3,9
2015.0,0.0,0.0,0.0,3,4,3,0,0,0,0,1,1,1,0,1,2,1,1,11,1,11,0,0,0,1,1,0,4,2,5,3,9
2015.0,0.0,0.0,0.0,3,4,3,1,0,0,0,5,1,1,0,0,9,1,1,11,1,11,0,0,0,1,1,0,2,5,5,9,3
2015.0,0.0,1.0,0.0,3,1,3,0,0,0,0,5,1,1,0,1,1,1,1,15,1,11,0,0,0,1,1,0,4,2,5,3,9
2015.0,0.0,1.0,0.0,3,5,3,0,0,2,1,1,1,1,0,1,5,1,1,15,1,11,0,0,0,1,1,0,4,9,5,9,3
2015.0,-115.0,0.0,0.0,3,6,3,0,0,0,1,1,1,1,0,1,1,1,1,15,1,11,0,0,0,1,1,0,6,7,5,8,3
2015.0,120.0,1.0,0.0,3,6,3,0,0,0,1,9,1,1,0,1,9,1,1,16,1,11,0,1,0,2,1,0,4,7,5,8,3
2015.0,0.0,0.0,0.0,3,4,3,0,0,0,1,7,1,1,0,0,1,1,1,16,1,11,0,1,0,0,1,0,4,2,5,3,9