Year,Distance,Totalinjuries,Totalfatalities,Injuryseverity,Collisionmanner,Lightcondition,Weather,SurfaceCondition,Unittype_One,Gender_Drv1,Traveldirection_One,AlcoholUse_Drv1,DrugUse_Drv1,Unittype_Two,Gender_Drv2,Traveldirection_Two,AlcoholUse_Drv2,DrugUse_Drv2,Hour,Weekday,Month,Weekend,Rush_Hour,Hazardous_Road,Age_Group_Drv1,Age_Group_Drv2,Substance_Use,Junction_Category,Violation_Category_Drv1,Violation_Category_Drv2,Unitaction_Category_Two,Unitaction_Category_One
2015.0,-439.0,1.0,0.0,3,6,3,0,0,0,1,1,1,1,0,1,1,1,1,17,1,11,0,1,0,2,1,0,6,7,5,8,3
2015.0,231.0,1.0,0.0,2,6,4,0,0,0,1,5,1,1,0,0,5,1,1,17,1,11,0,1,0,1,0,0,6,7,5,8,3
2015.0,0.0,0.0,0.0,3,1,0,0,0,0,0,2,1,1,0,0,1,1,1,17,1,11,0,1,0,2,1,0,4,2,5,3,3
2015.0,0.0,2.0,0.0,2,6,0,0,0,0,0,5,1,1,0,1,5,1,1,18,1,11,0,1,0,2,1,0,4,7,5,8,3
2015.0,-145.0,1.0,0.0,3,6,0,0,0,0,1,2,1,1,0,0,2,1,1,18,1,11,0,1,0,1,1,0,6,7,5,3,3
2015.0,480.0,0.0,0.0,3,6,0,0,0,0,1,1,1,1,0,1,9,1,1,18,1,11,0,1,0,1,1,0,6,5,5,8,1
2015.0,0.0,0.0,0.0,3,4,0,0,0,0,2,2,1,1,0,1,5,1,1,21,1,11,0,0,0,0,1,0,4,2,5,9,3
2015.0,40.0,0.0,0.0,3,6,0,1,0,0,1,5,1,1,0,0,5,1,1,22,1,11,0,0,0,2,2,0,4,7,5,8,3
2015.0,-20.0,1.0,0.0,3,6,0,0,0,0,1,2,1,1,0,1,2,1,1,1,2,11,0,0,0,2,0,0,4,8,5,3,3
2015.0,0.0,0.0,0.0,3,4,3,0,0,0,0,1,1,1,0,1,5,1,1,8,2,11,0,1,0,1,2,0,4,4,5,3,9
2015.0,0.0,1.0,0.0,3,4,3,0,0,0,1,9,1,1,0,1,1,1,1,9,2,11,0,1,0,2,1,0,4,4,5,3,9
2015.0,0.0,0.0,0.0,3,4,3,0,0,0,1,5,1,1,0,1,9,1,1,12,2,11,0,0,0,1,2,0,4,2,5,3,9
2015.0,-208.0,0.0,0.0,3,6,3,0,0,0,0,9,1,1,0,0,9,1,1,14,2,11,0,0,0,1,2,0,6,7,5,8,3
2015.0,388.0,0.0,0.0,3,6,3,0,0,0,1,2,1,1,0,0,2,1,1,15,2,11,0,0,0,1,2,0,6,7,5,3,3
2015.0,-550.0,0.0,0.0,3,6,3,0,0,0,1,2,1,1,0,1,2,1,1,16,2,11,0,1,0,1,1,0,6,7,5,3,3
2015.0,0.0,2.0,0.0,2,10,0,0,0,0,0,2,1,1,0,0,2,1,1,17,2,11,0,1,0,1,2,0,4,9,5,3,9
2015.0,30.0,0.0,0.0,3,6,0,0,0,0,2,9,1,1,0,1,9,1,1,18,2,11,0,1,0,0,1,0,4,5,5,8,5
2015.0,0.0,1.0,0.0,2,4,0,0,0,0,1,5,1,1,0,0,2,1,1,19,2,11,0,1,0,2,2,0,4,2,5,3,9
2015.0,0.0,2.0,0.0,2,4,0,0,0,0,0,1,1,1,0,1,9,1,1,5,3,11,0,0,0,2,1,0,4,2,5,3,9
2015.0,0.0,0.0,0.0,3,4,3,0,0,0,1,2,1,1,0,1,5,1,1,6,3,11,0,0,0,0,1,0,4,2,5,3,9
2015.0,0.0,0.0,0.0,3,4,2,0,0,0,0,5,1,1,0,1,2,1,1,6,3,11,0,0,0,0,1,0,4,2,5,3,9
2015.0,0.0,0.0,0.0,3,6,3,0,0,0,1,2,1,1,0,1,2,1,1,8,3,11,0,1,0,1,1,0,4,7,5,8,3
2015.0,-160.0,0.0,0.0,3,6,3,0,0,0,1,5,1,1,0,1,5,1,1,8,3,11,0,1,0,2,1,0,0,7,5,8,3
2015.0,0.0,0.0,0.0,3,1,3,0,0,0,1,9,1,1,0,0,5,1,1,9,3,11,0,1,0,0,2,0,4,2,5,3,9
2015.0,-18.0,1.0,0.0,2,5,3,0,0,0,0,9,1,1,3,1,2,1,1,11,3,11,0,0,0,1,0,0,4,2,5,7,9
2015.0,0.0,0.0,0.0,3,1,3,0,0,0,1,9,1,1,0,0,9,1,1,11,3,11,0,0,0,1,2,0,4,4,5,3,9
2015.0,400.0,0.0,0.0,3,4,3,0,0,0,0,2,1,1,0,1,1,1,1,12,3,11,0,0,0,1,2,0,0,2,5,3,9
2015.0,24.0,0.0,0.0,3,6,3,0,0,0,0,1,1,1,0,1,1,1,1,13,3,11,0,0,0,2,1,0,6,7,5,8,3
2015.0,95.0,0.0,0.0,3,6,3,0,0,0,0,5,1,1,0,1,5,1,1,15,3,11,0,0,0,2,1,0,6,7,5,8,3
2015.0,-269.0,0.0,0.0,3,10,3,0,0,0,1,1,1,1,0,0,1,1,1,15,3,11,0,0,0,1,1,0,6,7,5,3,2
2015.0,40.0,0.0,0.0,3,6,3,0,0,0,1,1,1,1,0,1,1,1,1,15,3,11,0,0,0,2,2,0,4,7,5,8,3
2015.0,-300.0,0.0,0.0,3,10,3,0,0,0,0,9,1,1,0,1,9,1,1,16,3,11,0,1,0,2,1,0,6,9,5,3,2
2015.0,-565.0,1.0,0.0,2,4,3,0,0,0,1,2,1,1,0,1,1,1,1,16,3,11,0,1,0,1,1,0,0,2,5,3,9
2015.0,-218.0,2.0,0.0,3,6,0,0,0,0,1,2,1,1,0,1,2,1,1,17,3,11,0,1,0,2,1,0,6,7,5,8,3
2015.0,0.0,0.0,0.0,3,4,0,0,0,0,1,9,1,1,0,1,5,1,1,20,3,11,0,0,0,2,2,0,4,2,5,3,9
2015.0,-131.0,1.0,0.0,3,10,0,0,0,0,0,5,0,1,1,1,5,1,1,0,4,11,0,0,0,1,1,0,6,7,5,6,3
2015.0,321.0,1.0,0.0,2,4,3,0,0,0,0,1,1,1,0,0,9,1,1,7,4,11,0,1,0,1,2,0,6,5,5,3,9
2015.0,0.0,0.0,0.0,3,4,3,0,0,0,1,2,1,1,0,1,5,1,1,8,4,11,0,1,0,0,1,0,4,2,5,5,5
2015.0,215.0,1.0,0.0,2,6,3,0,0,0,1,5,1,1,0,0,5,1,1,12,4,11,0,0,0,2,1,0,6,7,5,8,3
2015.0,224.0,0.0,0.0,3,1,3,0,0,0,1,9,1,1,0,1,2,1,1,12,4,11,0,0,0,1,0,0,6,2,5,3,9
2015.0,0.0,1.0,0.0,3,1,3,0,0,0,1,2,1,1,0,0,1,1,1,13,4,11,0,0,0,2,0,0,4,2,5,3,9
2015.0,150.0,0.0,0.0,3,4,3,0,0,0,0,1,1,1,0,0,9,1,1,14,4,11,0,0,0,1,2,0,6,2,5,3,9
2015.0,-481.0,0.0,0.0,3,12,3,0,0,0,0,1,1,1,0,0,1,1,1,15,4,11,0,0,0,0,1,0,6,5,5,5,5
2015.0,0.0,1.0,0.0,2,4,3,0,0,0,0,2,1,1,0,0,5,1,1,16,4,11,0,1,0,1,2,0,4,2,5,3,9
2015.0,0.0,0.0,0.0,3,1,3,0,0,0,0,9,1,1,0,0,9,1,1,16,4,11,0,1,0,0,1,0,4,4,5,3,9
2015.0,150.0,0.0,0.0,3,4,3,0,0,0,1,5,1,1,0,1,1,1,1,17,4,11,0,1,0,1,1,0,4,2,5,3,9
2015.0,-620.0,0.0,0.0,3,1,4,0,0,0,1,4,1,1,0,0,1,1,1,17,4,11,0,1,0,2,2,0,6,4,5,9,9
2015.0,149.0,0.0,0.0,3,4,0,0,0,0,1,9,1,1,0,0,1,1,1,17,4,11,0,1,0,1,1,0,6,2,5,8,9
2015.0,-319.0,0.0,0.0,3,4,0,0,0,0,1,5,1,1,0,1,2,1,1,17,4,11,0,1,0,2,1,0,0,2,5,3,9
2015.0,0.0,0.0,0.0,3,4,0,0,0,0,0,2,1,1,0,0,5,1,1,18,4,11,0,1,0,2,2,0,4,2,5,3,9
2015.0,287.0,0.0,0.0,3,4,0,0,0,0,1,1,1,1,0,1,5,1,1,18,4,11,0,1,0,1,2,0,6,2,5,3,9
2015.0,32.0,0.0,0.0,3,10,0,0,0,0,1,1,1,1,0,1,1,1,1,18,4,11,0,1,0,1,2,0,6,9,5,3,2
2015.0,94.0,0.0,0.0,3,6,0,0,0,0,0,1,1,1,0,0,1,1,1,19,4,11,0,1,0,2,1,0,6,7,5,8,3
2015.0,-70.0,1.0,0.0,2,6,0,0,0,0,2,1,1,1,0,0,1,1,1,19,4,11,0,1,0,0,1,0,6,7,5,8,3
2015.0,50.0,0.0,0.0,3,9,0,0,0,0,2,3,1,1,0,1,9,1,1,2,5,11,1,0,0,0,1,0,4,7,5,3,9
2015.0,45.0,0.0,0.0,3,12,0,0,3,0,2,8,1,1,1,1,1,1,1,6,5,11,1,0,0,0,1,0,6,5,5,6,5
2015.0,186.0,0.0,0.0,3,6,3,0,3,0,0,8,1,1,1,1,1,1,1,8,5,11,1,1,0,2,1,0,6,5,5,6,5
2015.0,0.0,3.0,0.0,2,4,3,0,0,0,0,2,1,1,0,1,5,1,1,8,5,11,1,1,0,2,0,0,4,2,5,3,9
2015.0,-106.0,1.0,0.0,3,6,3,0,0,0,0,9,1,1,0,0,9,1,1,15,5,11,1,0,0,1,1,0,6,7,5,3,3
2015.0,-75.0,0.0,0.0,3,6,4,0,0,0,1,2,0,1,0,1,2,1,1,17,5,11,1,1,0,1,1,0,4,7,5,8,3
2015.0,0.0,0.0,0.0,3,4,0,0,0,0,0,2,1,1,0,0,1,1,1,18,5,11,1,1,0,1,2,0,2,2,5,9,3
2015.0,-77.0,1.0,0.0,2,6,0,0,0,0,0,2,1,1,0,0,2,1,1,22,5,11,1,0,0,2,2,0,4,7,5,8,3
2015.0,-126.0,0.0,0.0,3,1,3,0,0,0,0,1,1,1,0,1,5,1,1,7,6,11,1,1,0,1,1,0,6,2,5,3,9
2015.0,-272.0,0.0,0.0,3,4,3,0,0,0,1,9,1,1,0,0,5,1,1,9,6,11,1,1,0,1,1,0,6,2,5,9,9
2015.0,18.0,0.0,0.0,3,6,3,3,4,0,1,5,1,1,0,0,5,1,1,12,6,11,1,0,1,1,0,0,4,7,5,8,3
2015.0,-148.0,0.0,0.0,3,6,3,3,4,0,1,1,1,1,0,0,1,1,1,13,6,11,1,0,1,2,1,0,2,5,5,8,3
2015.0,0.0,1.0,0.0,3,4,3,3,4,0,0,9,0,1,0,0,5,1,1,13,6,11,1,0,1,1,1,0,4,2,5,9,3
2015.0,-116.0,0.0,0.0,3,6,3,3,4,0,0,1,1,1,0,0,1,1,1,14,6,11,1,0,1,2,2,0,4,7,5,8,3
2015.0,-75.0,0.0,0.0,3,1,3,3,4,0,0,1,1,1,0,1,1,1,1,14,6,11,1,0,1,1,2,0,4,9,5,5,5
2015.0,-100.0,0.0,0.0,3,6,3,3,0,0,1,5,1,1,0,0,5,1,1,14,6,11,1,0,0,2,1,0,6,7,5,3,3
2015.0,50.0,0.0,0.0,3,1,3,1,3,0,2,5,1,1,0,0,5,1,1,14,6,11,1,0,0,0,0,0,6,9,5,8,2
2015.0,-58.0,0.0,0.0,3,1,3,1,4,0,1,7,1,1,0,1,9,1,1,15,6,11,1,0,1,1,2,0,2,4,5,3,9
2015.0,0.0,2.0,0.0,3,1,3,1,0,0,0,2,1,1,0,0,1,1,1,15,6,11,1,0,0,2,1,0,4,2,5,9,3
2015.0,-50.0,1.0,0.0,3,6,4,3,4,0,1,5,1,1,0,0,5,1,1,15,6,11,1,0,1,2,1,0,6,7,5,8,3
2015.0,15.0,0.0,0.0,3,10,3,3,4,0,1,1,1,1,0,1,1,1,1,16,6,11,1,1,1,1,0,0,4,4,5,9,9
2015.0,146.0,0.0,0.0,3,6,3,3,4,0,1,1,1,1,0,1,1,1,1,16,6,11,1,1,1,0,1,0,6,7,7,3,3
2015.0,0.0,0.0,0.0,3,1,3,0,0,0,0,6,1,1,0,1,3,1,1,17,6,11,1,1,0,1,1,0,4,4,5,5,5
2015.0,50.0,0.0,0.0,3,10,3,0,0,0,0,2,1,1,0,1,2,1,1,10,0,11,0,0,0,2,1,0,6,9,5,3,9
2015.0,0.0,0.0,0.0,3,6,3,0,0,0,0,1,1,1,0,1,1,1,1,10,0,11,0,0,0,2,1,0,6,7,5,8,3
2015.0,0.0,0.0,0.0,3,10,3,1,0,0,1,9,1,1,0,0,9,1,1,11,0,11,0,0,0,1,1,0,4,4,5,9,9
2015.0,-27.0,0.0,0.0,3,10,3,1,0,0,1,2,1,1,0,1,2,1,1,13,0,11,0,0,0,1,1,0,4,9,5,3,2
2015.0,-309.0,0.0,0.0,3,1,3,0,0,0,1,2,1,1,0,0,9,1,1,14,0,11,0,0,0,2,2,0,6,2,5,3,9
2015.0,0.0,0.0,0.0,3,4,3,0,0,0,1,3,1,1,0,1,9,1,1,14,0,11,0,0,0,1,0,0,2,5,5,3,9
2015.0,-325.0,0.0,0.0,3,8,3,0,0,0,1,5,1,1,0,0,9,1,1,16,0,11,0,1,0,2,2,0,6,2,5,3,1
2015.0,0.0,1.0,0.0,3,1,3,4,0,0,1,5,1,1,0,1,2,1,1,16,0,11,0,1,0,1,2,0,4,4,5,8,9
2015.0,-250.0,1.0,0.0,2,4,3,1,0,0,1,9,1,1,0,1,5,1,1,16,0,11,0,1,0,1,2,0,4,2,5,3,9
2015.0,0.0,2.0,0.0,1,4,0,1,0,0,1,1,1,1,0,0,9,1,1,17,0,11,0,1,0,1,1,0,4,2,5,9,3
2015.0,500.0,0.0,0.0,3,7,0,0,0,0,0,1,1,1,0,1,1,1,1,18,0,11,0,1,0,2,1,0,2,8,5,8,3
2015.0,75.0,0.0,0.0,3,6,0,0,0,0,1,6,1,1,0,0,6,1,1,19,0,11,0,1,0,2,1,0,4,7,5,8,3
2015.0,-300.0,0.0,0.0,3,10,0,0,0,0,2,5,1,1,0,1,5,1,1,21,0,11,0,0,0,0,0,0,6,9,5,3,2
2015.0,-304.0,3.0,0.0,1,3,0,0,0,0,1,9,0,1,0,1,1,1,1,4,1,11,0,0,0,2,1,0,6,9,5,3,3
2015.0,526.0,0.0,0.0,3,6,3,0,0,0,0,2,1,1,0,0,2,1,1,8,1,11,0,1,0,1,2,0,4,7,5,8,3
2015.0,0.0,0.0,0.0,3,4,3,0,0,0,1,5,1,1,0,0,9,1,1,8,1,11,0,1,0,1,1,0,4,2,5,8,9
2015.0,-120.0,0.0,0.0,3,6,3,0,0,0,1,2,1,1,0,0,2,1,1,8,1,11,0,1,0,1,1,0,4,7,5,8,2
2015.0,-24.0,1.0,0.0,3,5,3,0,0,3,1,2,1,1,0,1,2,1,1,9,1,11,0,1,0,2,1,0,4,9,5,3,5
2015.0,0.0,0.0,0.0,3,10,3,0,0,0,1,9,1,1,0,0,9,1,1,10,1,11,0,0,0,0,2,0,4,9,5,3,2
2015.0,-63.0,1.0,0.0,3,6,3,0,0,0,1,1,1,1,0,0,1,1,1,11,1,11,0,0,0,2,1,0,4,7,5,8,3
2015.0,505.0,0.0,0.0,3,6,3,0,0,0,1,9,0,1,0,1,9,1,1,11,1,11,0,0,0,2,1,0,4,8,5,8,3
2015.0,-44.0,0.0,0.0,3,6,3,0,0,0,1,2,1,1,0,0,2,1,1,12,1,11,0,0,0,0,1,0,4,7,5,8,3
2015.0,-141.0,0.0,0.0,3,8,3,0,0,0,0,5,1,1,0,0,3,1,1,12,1,11,0,0,0,2,2,0,6,7,5,1,3
2015.0,0.0,3.0,0.0,2,4,3,0,0,0,1,1,1,1,0,1,9,1,1,13,1,11,0,0,0,2,2,0,4,2,5,3,9
2015.0,0.0,0.0,0.0,3,10,3,0,0,0,0,5,1,1,0,1,5,1,1,13,1,11,0,0,0,1,1,0,4,9,5,9,9
2015.0,730.0,1.0,0.0,2,3,3,0,0,0,1,1,1,1,0,1,1,1,1,16,1,11,0,1,0,2,1,0,4,7,5,5,3
2015.0,0.0,0.0,0.0,3,10,4,0,0,0,0,2,1,1,0,0,2,1,1,17,1,11,0,1,0,1,2,0,4,9,5,3,2
2015.0,-555.0,0.0,0.0,3,4,4,0,0,0,1,1,1,1,0,0,5,1,1,17,1,11,0,1,0,1,1,0,0,2,5,3,9
2015.0,160.0,0.0,0.0,3,4,0,0,0,0,0,5,1,1,0,1,1,1,1,19,1,11,0,1,0,0,2,0,6,5,5,3,9
2015.0,0.0,1.0,0.0,3,6,0,0,0,0,0,9,1,1,0,1,9,1,1,20,1,11,0,0,0,2,2,0,4,5,7,8,9
2015.0,10.0,0.0,0.0,3,5,3,0,0,2,1,5,0,1,0,1,9,1,1,22,1,11,0,0,0,1,1,0,4,2,5,9,3
2015.0,-40.0,0.0,0.0,3,6,0,0,0,0,1,2,1,1,0,1,2,1,1,22,1,11,0,0,0,2,1,0,4,5,5,8,3
2015.0,-600.0,0.0,0.0,3,1,3,0,0,0,0,1,1,1,0,1,2,1,1,8,2,11,0,1,0,2,1,0,4,2,5,3,9
2015.0,152.0,0.0,0.0,3,4,3,0,0,0,1,7,1,1,0,1,5,1,1,8,2,11,0,1,0,1,1,0,6,2,5,3,9
2015.0,-209.0,0.0,0.0,3,6,3,0,0,0,1,2,1,1,0,1,2,1,1,9,2,11,0,1,0,2,1,0,4,7,7,8,3
2015.0,-169.0,0.0,0.0,3,1,3,0,0,0,0,1,1,1,0,1,1,1,1,9,2,11,0,1,0,1,2,0,4,9,5,3,2
2015.0,-100.0,0.0,0.0,3,6,3,0,0,0,0,2,1,1,0,1,2,1,1,9,2,11,0,1,0,1,2,0,4,7,5,8,3
2015.0,-242.0,0.0,0.0,3,6,3,0,0,0,0,2,1,1,0,0,2,1,1,11,2,11,0,0,0,2,2,0,6,7,5,8,3
2015.0,0.0,0.0,0.0,3,4,3,0,0,0,0,9,1,1,0,1,1,1,1,12,2,11,0,0,0,1,1,0,4,2,5,3,9
2015.0,-170.0,1.0,0.0,2,5,3,0,0,2,1,5,1,1,0,0,9,1,1,12,2,11,0,0,0,2,0,0,0,9,5,9,3
2015.0,344.0,1.0,0.0,3,4,3,0,0,0,0,9,1,1,0,0,5,1,1,12,2,11,0,0,0,0,1,0,0,2,5,3,9
2015.0,30.0,1.0,0.0,3,10,3,0,0,0,0,5,1,1,0,1,5,1,1,13,2,11,0,0,0,1,2,0,4,9,5,3,9
2015.0,0.0,1.0,0.0,1,1,3,0,0,0,0,9,1,1,0,1,2,1,1,13,2,11,0,0,0,0,2,0,4,2,5,3,3
2015.0,-600.0,0.0,0.0,3,6,3,0,0,0,0,2,1,1,0,0,2,1,1,13,2,11,0,0,0,2,0,0,6,7,5,8,3
2015.0,-420.0,0.0,0.0,3,4,4,0,0,0,1,5,1,1,0,1,2,1,1,17,2,11,0,1,0,1,2,0,0,2,5,3,9
2015.0,354.0,0.0,0.0,3,6,0,0,0,0,0,1,1,1,0,1,1,1,1,17,2,11,0,1,0,1,2,0,6,7,5,8,3
2015.0,88.0,0.0,0.0,3,6,0,0,0,0,2,5,1,1,0,1,5,1,1,17,2,11,0,1,0,0,1,0,4,7,5,8,3
2015.0,0.0,0.0,0.0,3,1,0,0,0,0,1,1,1,1,0,0,2,1,1,18,2,11,0,1,0,1,1,0,4,2,5,3,3
2015.0,-650.0,0.0,0.0,3,12,0,0,0,0,2,8,1,1,0,0,5,1,1,21,2,11,0,0,0,0,1,0,6,5,5,6,5
2015.0,10.0,1.0,0.0,3,4,2,0,0,0,1,1,1,1,2,1,9,1,1,6,3,11,0,0,0,1,2,0,4,2,5,3,9
2015.0,0.0,1.0,0.0,2,4,3,0,0,0,1,9,1,1,0,0,1,1,1,9,3,11,0,1,0,2,2,0,4,5,5,9,3
2015.0,-890.0,1.0,0.0,2,1,3,0,0,0,1,1,1,1,2,0,1,1,1,11,3,11,0,0,0,1,2,0,0,2,5,3,9
2015.0,-90.0,1.0,0.0,3,6,3,0,0,0,1,2,1,1,0,1,2,1,1,13,3,11,0,0,0,2,1,0,4,7,5,8,3
2015.0,240.0,1.0,0.0,2,4,3,0,0,0,0,9,1,1,0,1,1,1,1,13,3,11,0,0,0,2,1,0,6,2,5,3,9
2015.0,176.0,0.0,0.0,3,10,3,0,0,0,2,9,1,1,0,0,9,1,1,14,3,11,0,0,0,0,0,0,4,9,5,3,2
2015.0,-88.0,1.0,0.0,3,5,3,0,0,0,0,7,1,1,2,0,1,1,1,16,3,11,0,1,0,1,1,0,4,5,5,3,9
2015.0,0.0,0.0,0.0,3,10,3,0,0,0,0,1,1,1,0,0,1,1,1,16,3,11,0,1,0,0,1,0,6,9,5,3,2
2015.0,100.0,1.0,0.0,2,1,3,0,0,0,1,2,1,1,0,1,5,1,1,16,3,11,0,1,0,2,1,0,0,2,5,3,2
2015.0,-218.0,0.0,0.0,3,4,3,0,0,0,0,1,1,1,0,1,5,1,1,17,3,11,0,1,0,2,2,0,4,2,5,3,9
2015.0,-10.0,1.0,0.0,3,5,0,0,0,0,1,2,1,1,3,0,9,1,1,18,3,11,0,1,0,1,1,0,4,2,5,5,9
2015.0,-45.0,0.0,0.0,3,6,0,0,0,0,1,5,1,1,0,1,5,1,1,18,3,11,0,1,0,2,2,0,4,7,5,8,3
2015.0,-668.0,0.0,0.0,3,10,0,0,0,0,1,2,1,1,0,1,2,1,1,19,3,11,0,1,0,2,2,0,6,9,5,8,2
2015.0,450.0,1.0,0.0,2,10,0,0,0,0,1,2,1,1,0,1,2,1,1,19,3,11,0,1,0,2,1,0,6,9,5,3,9
2015.0,0.0,0.0,0.0,3,4,0,0,0,0,1,5,1,1,0,0,5,1,1,21,3,11,0,0,0,1,1,0,4,5,5,9,3
2015.0,0.0,1.0,0.0,2,1,0,0,0,0,1,5,1,1,0,1,1,1,1,23,3,11,0,0,0,1,2,0,4,2,5,3,3
2015.0,675.0,1.0,0.0,2,6,0,0,0,0,0,1,1,1,0,1,1,1,1,0,4,11,0,0,0,0,1,0,6,7,5,8,3
2015.0,0.0,0.0,0.0,3,4,3,0,0,0,0,5,1,1,0,1,9,1,1,8,4,11,0,1,0,2,2,0,4,2,5,3,9
2015.0,-65.0,0.0,0.0,3,4,3,0,0,0,1,2,1,1,0,1,1,1,1,9,4,11,0,1,0,1,0,0,4,2,5,9,9
2015.0,-829.0,0.0,0.0,3,6,3,0,0,0,1,1,1,1,0,1,1,1,1,11,4,11,0,0,0,1,2,0,0,8,5,8,3
2015.0,-240.0,0.0,0.0,3,5,3,0,0,2,1,2,1,1,0,1,1,1,1,11,4,11,0,0,0,1,1,0,0,9,5,9,3
2015.0,-150.0,0.0,0.0,3,6,3,0,0,0,0,2,1,1,0,0,2,1,1,13,4,11,0,0,0,1,2,0,4,7,5,8,3
2015.0,-51.0,2.0,0.0,2,6,3,0,0,0,1,1,1,1,0,1,1,1,1,13,4,11,0,0,0,2,1,0,4,7,5,8,3
2015.0,385.0,0.0,0.0,3,4,3,0,0,0,0,3,1,1,0,1,9,1,1,14,4,11,0,0,0,1,2,0,6,5,5,3,9
2015.0,-39.0,0.0,0.0,3,6,3,0,0,0,1,1,1,1,0,0,1,1,1,14,4,11,0,0,0,2,1,0,2,8,5,8,3
2015.0,-110.0,0.0,0.0,3,6,3,0,0,0,1,2,1,1,0,1,2,1,1,14,4,11,0,0,0,2,2,0,4,7,5,8,3
2015.0,-560.0,0.0,0.0,3,4,3,0,0,0,0,5,1,1,0,1,1,1,1,15,4,11,0,0,0,2,2,0,0,2,5,3,9
2015.0,347.0,1.0,0.0,3,6,3,0,0,0,0,2,1,1,0,1,2,1,1,15,4,11,0,0,0,1,1,0,6,7,5,8,3
2015.0,750.0,0.0,0.0,3,5,3,0,0,0,1,9,1,1,0,0,1,1,1,16,4,11,0,1,0,0,1,0,6,2,5,3,9
2015.0,-20.0,0.0,0.0,3,4,3,0,0,0,0,9,1,1,0,1,2,1,1,17,4,11,0,1,0,1,2,0,4,2,5,9,3
2015.0,0.0,0.0,0.0,3,1,0,0,0,0,1,5,1,1,0,1,9,1,1,17,4,11,0,1,0,2,0,0,4,2,5,3,3
2015.0,-70.0,0.0,0.0,3,6,0,0,0,0,2,1,1,1,0,0,1,1,1,18,4,11,0,1,0,0,1,0,4,5,5,8,1
2015.0,0.0,0.0,0.0,3,4,0,0,0,0,1,9,0,1,0,1,1,1,1,19,4,11,0,1,0,1,1,0,4,2,5,3,9
2015.0,-30.0,0.0,0.0,3,6,0,0,0,0,0,2,1,1,0,0,2,1,1,19,4,11,0,1,0,0,1,0,4,7,5,9,3
2015.0,-402.0,0.0,0.0,3,6,0,0,0,0,0,2,1,1,0,1,2,1,1,22,4,11,0,0,0,2,2,0,6,7,5,8,8
2015.0,-115.0,0.0,0.0,3,4,3,0,0,0,0,6,1,1,0,0,9,1,1,5,5,11,1,0,0,2,1,0,6,2,5,3,9
2015.0,-400.0,1.0,0.0,3,1,3,0,0,0,0,9,1,1,0,0,2,1,1,12,5,11,1,0,0,0,1,0,6,2,5,3,9
2015.0,0.1,0.0,0.0,3,6,3,0,0,0,0,1,1,1,0,1,1,1,1,12,5,11,1,0,0,2,1,0,6,7,5,3,3
2015.0,-280.0,0.0,0.0,3,6,3,0,0,0,0,2,1,1,0,0,2,1,1,13,5,11,1,0,0,2,2,0,6,7,5,8,3
2015.0,-70.0,0.0,0.0,3,6,3,0,0,0,1,1,1,1,0,1,1,1,1,13,5,11,1,0,0,1,1,0,6,5,5,8,8
2015.0,-155.0,0.0,0.0,3,4,4,0,0,0,1,2,1,1,0,0,9,1,1,16,5,11,1,1,0,1,1,0,4,2,5,3,9
2015.0,-10.0,1.0,0.0,2,5,1,0,0,0,1,9,1,1,3,0,2,1,1,17,5,11,1,1,0,1,2,0,4,2,5,7,3
2015.0,-80.0,0.0,0.0,3,6,0,0,0,0,0,2,1,1,0,0,2,1,1,17,5,11,1,1,0,1,1,0,2,7,5,8,3
2015.0,30.0,0.0,0.0,3,6,0,0,0,0,1,5,1,1,0,0,5,1,1,18,5,11,1,1,0,2,1,0,4,7,5,8,3
2015.0,0.0,2.0,0.0,2,4,0,0,0,0,0,4,1,1,0,0,5,1,1,18,5,11,1,1,0,1,2,0,4,2,5,3,9
2015.0,-100.0,0.0,0.0,3,6,0,0,0,0,0,5,1,1,0,1,5,1,1,18,5,11,1,1,0,2,0,0,4,7,5,8,3
2015.0,0.0,1.0,0.0,2,4,0,0,0,0,1,1,1,1,0,0,9,1,1,19,5,11,1,1,0,2,1,0,4,2,5,3,9
2015.0,-10.0,1.0,0.0,2,5,0,0,0,2,1,9,1,1,0,1,2,1,1,0,6,11,1,0,0,1,2,0,4,2,5,9,7
2015.0,-50.0,0.0,0.0,3,10,3,0,0,0,1,2,1,1,0,0,2,1,1,7,6,11,1,1,0,1,0,0,4,9,5,3,3
2015.0,433.0,1.0,0.0,3,6,3,0,0,0,0,2,1,1,0,1,2,1,1,9,6,11,1,1,0,2,1,0,6,9,5,8,3
2015.0,-95.0,0.0,0.0,3,6,3,0,0,0,0,2,1,1,0,1,2,1,1,11,6,11,1,0,0,2,1,0,4,7,5,8,3
2015.0,200.0,0.0,0.0,3,6,3,0,0,0,0,2,1,1,0,1,2,1,1,15,6,11,1,0,0,2,1,0,4,8,5,3,3
2015.0,-150.0,1.0,0.0,2,5,3,0,0,2,0,1,1,1,0,0,5,1,1,17,6,11,1,1,0,1,1,0,0,9,5,9,3
2015.0,0.0,2.0,0.0,3,4,0,0,0,0,0,5,1,1,0,0,2,1,1,5,0,11,0,0,0,2,1,0,4,2,5,3,9
2015.0,288.0,0.0,0.0,3,1,3,0,0,0,0,2,1,1,0,0,1,1,1,7,0,11,0,1,0,1,2,0,6,2,5,3,9