Year,Distance,Totalinjuries,Totalfatalities,Injuryseverity,Collisionmanner,Lightcondition,Weather,SurfaceCondition,Unittype_One,Gender_Drv1,Traveldirection_One,AlcoholUse_Drv1,DrugUse_Drv1,Unittype_Two,Gender_Drv2,Traveldirection_Two,AlcoholUse_Drv2,DrugUse_Drv2,Hour,Weekday,Month,Weekend,Rush_Hour,Hazardous_Road,Age_Group_Drv1,Age_Group_Drv2,Substance_Use,Junction_Category,Violation_Category_Drv1,Violation_Category_Drv2,Unitaction_Category_Two,Unitaction_Category_One
2015.0,-45.0,0.0,0.0,3,6,3,0,0,0,1,2,1,1,0,0,2,1,1,7,0,11,0,1,0,1,0,0,4,7,5,8,8
2015.0,366.0,1.0,0.0,3,5,3,0,0,3,0,2,1,1,0,0,5,1,1,8,0,11,0,1,0,1,2,0,6,6,5,9,7
2015.0,0.0,0.0,0.0,3,1,3,0,0,0,0,9,1,1,0,0,5,1,1,9,0,11,0,1,0,2,2,0,4,2,5,9,3
2015.0,-110.0,0.0,0.0,3,10,3,0,0,0,1,2,1,1,0,1,2,1,1,14,0,11,0,0,0,2,1,0,4,9,5,3,2
2015.0,-196.0,0.0,0.0,3,10,3,0,0,0,0,9,1,1,0,1,9,1,1,14,0,11,0,0,0,2,1,0,4,5,5,3,2
2015.0,109.0,0.0,0.0,3,6,3,0,0,0,0,2,1,1,0,0,2,1,1,14,0,11,0,0,0,1,2,0,6,7,5,8,3
2015.0,38.0,0.0,0.0,3,6,3,0,0,0,0,5,1,1,0,1,5,1,1,15,0,11,0,0,0,1,1,0,4,7,5,3,3
2015.0,141.0,2.0,0.0,3,6,3,0,0,0,1,1,1,1,0,0,1,1,1,15,0,11,0,0,0,1,0,0,6,7,5,8,3
2015.0,280.0,0.0,0.0,3,1,3,0,0,0,1,5,1,1,0,1,9,1,1,15,0,11,0,0,0,0,2,0,6,2,5,3,9
2015.0,80.0,0.0,0.0,3,6,3,0,0,0,0,9,1,1,0,1,9,1,1,16,0,11,0,1,0,2,0,0,4,7,5,8,3
2015.0,-274.0,1.0,0.0,3,6,3,0,0,0,0,1,1,1,0,1,1,1,1,17,0,11,0,1,0,2,1,0,4,7,5,8,3
2015.0,75.0,0.0,0.0,3,1,4,0,0,0,0,5,1,1,0,1,5,1,1,17,0,11,0,1,0,1,1,0,4,5,5,3,9
2015.0,-25.0,0.0,0.0,3,6,4,0,0,0,0,9,1,1,0,0,9,1,1,17,0,11,0,1,0,2,0,0,2,7,5,8,2
2015.0,93.0,0.0,0.0,3,10,0,0,0,0,0,9,0,1,0,0,9,1,1,18,0,11,0,1,0,2,2,0,4,9,5,8,3
2015.0,-300.0,0.0,0.0,3,4,2,0,0,0,0,1,1,1,0,1,3,1,1,18,0,11,0,1,0,1,2,0,4,4,5,9,3
2015.0,0.0,2.0,0.0,2,1,4,0,0,0,0,2,1,1,0,0,5,1,1,18,0,11,0,1,0,2,2,0,4,2,5,3,9
2015.0,0.0,1.0,0.0,2,4,0,0,0,0,0,2,1,1,0,1,5,1,1,20,0,11,0,0,0,0,1,0,4,4,7,3,9
2015.0,0.0,0.0,0.0,3,4,0,0,0,0,1,5,1,1,0,1,2,1,1,21,0,11,0,0,0,1,1,0,4,2,5,3,9
2015.0,-30.0,0.0,0.0,3,6,0,0,0,0,0,2,1,1,0,1,2,1,1,5,1,11,0,0,0,2,1,0,4,7,5,8,3
2015.0,533.0,0.0,0.0,3,6,3,0,0,0,1,2,1,1,0,1,2,1,1,11,1,11,0,0,0,1,0,0,6,8,5,8,3
2015.0,270.0,0.0,0.0,3,6,3,0,0,0,1,9,1,1,0,0,9,1,1,11,1,11,0,0,0,1,1,0,6,7,5,8,3
2015.0,-270.0,0.0,0.0,3,6,3,0,0,0,1,2,1,1,0,1,2,1,1,11,1,11,0,0,0,2,1,0,6,7,5,8,3
2015.0,0.0,2.0,0.0,2,1,3,0,0,0,1,9,1,1,0,0,5,1,1,14,1,11,0,0,0,2,1,0,2,2,5,3,3
2015.0,11.0,0.0,0.0,3,10,3,0,0,0,1,9,1,1,0,1,9,1,1,14,1,11,0,0,0,2,1,0,4,5,5,3,0
2015.0,0.0,1.0,0.0,2,4,3,0,0,0,1,1,1,1,0,1,9,1,1,16,1,11,0,1,0,2,2,0,4,2,5,3,9
2015.0,-290.0,1.0,0.0,2,4,3,0,0,0,1,2,1,1,0,0,1,1,1,16,1,11,0,1,0,1,1,0,0,2,5,3,9
2015.0,0.0,0.0,0.0,3,4,3,0,0,0,0,2,1,1,0,1,1,1,1,16,1,11,0,1,0,1,1,0,4,2,5,3,9
2015.0,100.0,0.0,0.0,3,6,3,0,0,0,1,5,1,1,0,0,5,1,1,16,1,11,0,1,0,0,0,0,4,7,5,8,3
2015.0,-110.0,0.0,0.0,3,6,0,0,0,0,1,2,1,1,0,1,2,1,1,17,1,11,0,1,0,1,2,0,4,7,5,8,8
2015.0,-627.0,0.0,0.0,3,6,0,0,0,0,1,5,1,1,0,1,5,1,1,18,1,11,0,1,0,1,1,0,6,7,5,8,3
2015.0,0.0,3.0,0.0,2,4,0,0,0,0,0,2,1,1,0,1,5,1,1,18,1,11,0,1,0,2,1,0,6,2,5,3,9
2015.0,-195.0,0.0,0.0,3,10,0,0,0,0,0,2,1,1,0,1,2,1,1,19,1,11,0,1,0,2,1,0,4,9,5,8,2
2015.0,0.0,0.0,0.0,3,4,0,0,0,0,0,2,1,1,0,0,5,1,1,21,1,11,0,0,0,2,1,0,4,2,5,3,9
2015.0,240.0,0.0,0.0,3,6,0,0,0,0,2,5,1,1,0,1,5,1,1,21,1,11,0,0,0,0,2,0,6,7,5,8,3
2015.0,0.0,1.0,0.0,2,5,3,0,0,2,0,5,1,1,0,1,5,1,1,10,2,11,0,0,0,1,1,0,4,2,5,3,2
2015.0,-450.0,1.0,0.0,2,4,3,0,0,0,1,5,1,1,0,1,2,1,1,11,2,11,0,0,0,0,1,0,6,2,5,3,9
2015.0,504.0,0.0,0.0,3,6,3,0,0,0,1,2,1,1,0,0,2,1,1,11,2,11,0,0,0,1,1,0,6,7,5,8,3
2015.0,0.3,1.0,0.0,2,5,3,0,0,0,1,1,1,1,2,1,1,1,1,11,2,11,0,0,0,2,1,0,6,9,5,5,9
2015.0,-36.0,0.0,0.0,3,10,3,0,0,0,1,2,1,1,1,1,2,1,1,12,2,11,0,0,0,1,1,0,6,9,5,6,2
2015.0,0.0,0.0,0.0,3,4,3,1,0,0,1,2,1,1,0,1,5,1,1,15,2,11,0,0,0,1,2,0,4,2,5,3,9
2015.0,0.0,2.0,0.0,2,4,3,0,0,0,0,9,1,1,0,0,1,1,1,15,2,11,0,0,0,2,1,0,4,2,5,3,9
2015.0,0.0,0.0,0.0,3,4,3,0,0,0,2,5,1,1,0,0,9,1,1,16,2,11,0,1,0,0,1,0,4,2,5,3,9
2015.0,70.0,0.0,0.0,3,10,0,0,0,0,1,5,1,1,0,1,5,1,1,18,2,11,0,1,0,1,2,0,4,5,5,8,2
2015.0,0.0,1.0,0.0,2,5,1,0,0,0,1,9,1,1,2,1,5,1,1,20,2,11,0,0,0,1,2,0,4,2,5,9,3
2015.0,120.0,0.0,0.0,3,10,2,1,0,0,0,5,0,1,0,1,5,1,1,6,3,11,0,0,0,1,1,0,6,9,5,8,3
2015.0,-245.0,1.0,0.0,3,1,2,0,0,0,0,5,1,1,0,1,9,1,1,7,3,11,0,1,0,1,1,0,6,4,5,3,9
2015.0,-120.0,0.0,0.0,3,6,3,0,0,0,0,1,1,1,0,1,1,1,1,11,3,11,0,0,0,2,1,0,4,7,5,8,3
2015.0,0.0,1.0,0.0,2,4,3,0,0,0,1,9,0,1,0,0,2,1,1,12,3,11,0,0,0,1,1,0,2,2,5,9,3
2015.0,0.0,0.0,0.0,3,6,4,0,0,0,0,2,1,1,0,1,2,1,1,18,3,11,0,1,0,1,1,0,4,7,5,8,8
2015.0,-65.0,0.0,0.0,3,6,0,0,0,0,1,1,1,1,0,1,1,1,1,21,3,11,0,0,0,2,2,0,4,7,5,8,8
2015.0,-80.0,0.0,0.0,3,6,3,0,0,0,1,1,1,1,0,1,1,1,1,10,4,11,0,0,0,2,1,0,2,7,5,3,3
2015.0,-845.0,0.0,0.0,3,6,3,0,0,0,1,1,1,1,0,0,1,1,1,11,4,11,0,0,0,1,0,0,6,7,5,3,3
2015.0,-60.0,1.0,0.0,3,6,3,0,0,0,1,1,1,1,0,1,1,1,1,12,4,11,0,0,0,1,1,0,4,7,5,8,3
2015.0,-350.0,0.0,0.0,3,6,3,0,0,0,0,2,1,1,0,0,2,1,1,12,4,11,0,0,0,2,1,0,6,7,5,8,3
2015.0,258.0,0.0,0.0,3,6,3,0,0,0,1,9,1,1,0,0,9,1,1,14,4,11,0,0,0,2,1,0,4,7,5,8,3
2015.0,-160.0,0.0,0.0,3,6,3,0,0,0,0,9,1,1,0,0,9,1,1,15,4,11,0,0,0,1,1,0,4,7,5,2,3
2015.0,-171.0,0.0,0.0,3,6,0,0,0,0,2,1,1,1,0,0,1,1,1,20,4,11,0,0,0,0,2,0,6,7,5,9,3
2015.0,-70.0,0.0,0.0,3,10,0,0,0,0,1,6,1,1,0,1,5,1,1,21,4,11,0,0,0,1,2,0,6,4,5,3,9
2015.0,62.0,0.0,0.0,3,6,0,0,0,0,1,9,0,1,0,1,9,1,1,22,4,11,0,0,0,1,1,0,2,8,5,8,3
2015.0,-59.0,2.0,0.0,2,6,0,0,0,0,1,2,1,1,0,1,2,1,1,23,4,11,0,0,0,1,0,0,4,7,5,8,3
2015.0,-200.0,0.0,0.0,3,12,0,4,3,0,2,9,1,1,1,1,8,1,1,0,5,11,1,0,0,0,1,0,6,5,5,6,5
2015.0,-20.0,0.0,0.0,3,1,3,0,0,0,0,6,1,1,0,1,2,1,1,14,5,11,1,0,0,2,1,0,4,4,5,8,9
2015.0,-300.0,0.0,0.0,3,10,3,0,0,0,1,1,1,1,0,1,1,1,1,15,5,11,1,0,0,1,1,0,6,9,5,3,3
2015.0,15.0,0.0,0.0,3,9,0,0,0,0,2,2,1,1,0,1,5,1,1,18,5,11,1,1,0,0,2,0,6,9,5,8,9
2015.0,115.0,0.0,0.0,3,6,0,0,0,0,1,9,1,1,0,0,9,1,1,19,5,11,1,1,0,2,1,0,4,7,5,8,3
2015.0,15.0,0.0,0.0,3,6,0,0,0,0,0,5,1,1,0,1,5,1,1,20,5,11,1,0,0,1,1,0,2,7,5,8,3
2015.0,0.0,0.0,0.0,3,1,3,0,0,0,0,5,1,1,0,1,9,1,1,7,6,11,1,1,0,0,1,0,4,5,5,3,9
2015.0,10.0,1.0,0.0,2,5,3,0,0,2,1,1,1,1,0,0,2,1,1,12,6,11,1,0,0,2,2,0,4,2,5,3,3
2015.0,250.0,1.0,0.0,1,4,2,0,0,0,0,2,1,1,0,1,2,1,1,6,0,11,0,0,0,1,1,0,6,4,5,3,9
2015.0,69.0,0.0,0.0,3,6,3,0,0,0,1,2,1,1,0,0,2,1,1,7,0,11,0,1,0,1,1,0,6,9,5,8,2
2015.0,113.0,0.0,0.0,3,6,3,0,0,0,0,1,1,1,0,1,1,1,1,7,0,11,0,1,0,1,1,0,6,7,5,8,3
2015.0,0.0,0.0,0.0,3,1,3,0,0,0,0,9,1,1,0,0,2,1,1,9,0,11,0,1,0,0,0,0,2,2,5,3,9
2015.0,0.0,1.0,0.0,1,1,3,0,0,0,0,9,1,1,0,0,5,1,1,9,0,11,0,1,0,1,1,0,4,2,5,9,3
2015.0,100.0,0.0,0.0,3,10,3,0,0,0,0,2,1,1,0,1,2,1,1,11,0,11,0,0,0,2,1,0,6,9,5,3,2
2015.0,125.0,0.0,0.0,3,1,3,0,0,0,1,9,1,1,0,0,9,1,1,12,0,11,0,0,0,1,1,0,0,2,5,8,9
2015.0,5.0,1.0,0.0,3,5,3,0,0,2,0,1,1,1,0,1,5,1,1,13,0,11,0,0,0,2,0,0,4,5,5,9,7
2015.0,-100.0,0.0,0.0,3,10,3,0,0,0,1,1,1,1,0,1,1,1,1,15,0,11,0,0,0,2,1,0,6,9,5,3,2
2015.0,-640.0,0.0,0.0,3,6,3,0,0,0,1,1,1,1,0,0,1,1,1,15,0,11,0,0,0,1,1,0,6,7,5,8,3
2015.0,60.0,0.0,0.0,3,6,3,0,0,0,1,9,1,1,0,1,9,1,1,17,0,11,0,1,0,1,1,0,2,7,5,8,3
2015.0,-644.0,2.0,0.0,2,1,0,0,0,0,1,2,1,1,0,0,1,1,1,18,0,11,0,1,0,1,2,0,6,2,5,3,9
2015.0,0.0,3.0,0.0,1,1,0,0,0,0,0,1,1,1,0,0,2,1,1,19,0,11,0,1,0,2,1,0,4,2,5,3,3
2015.0,200.0,0.0,0.0,3,10,3,0,0,0,1,9,1,1,0,0,9,1,1,7,1,12,0,1,0,1,1,0,6,5,5,3,3
2015.0,0.0,0.0,0.0,3,6,3,0,0,0,1,1,1,1,0,0,1,1,1,7,1,12,0,1,0,1,2,0,4,7,5,8,3
2015.0,302.0,1.0,0.0,3,6,3,0,0,0,1,9,1,1,0,0,9,1,1,7,1,12,0,1,0,1,1,0,6,7,5,8,3
2015.0,-100.0,0.0,0.0,3,6,3,0,0,0,1,2,1,1,0,0,2,1,1,8,1,12,0,1,0,2,1,0,4,7,5,8,3
2015.0,-120.0,1.0,0.0,3,6,3,0,0,0,0,2,1,1,0,0,2,1,1,8,1,12,0,1,0,2,0,0,6,7,5,8,8
2015.0,-308.0,0.0,0.0,3,1,3,0,0,0,1,9,1,1,0,1,2,1,1,8,1,12,0,1,0,2,0,0,6,2,5,3,9
2015.0,0.0,1.0,0.0,2,4,3,0,0,0,0,5,1,1,0,0,2,1,1,8,1,12,0,1,0,2,1,0,4,2,5,3,9
2015.0,-22.0,0.0,0.0,3,6,3,0,0,0,1,1,1,1,0,1,1,1,1,10,1,12,0,0,0,0,1,0,4,7,5,8,3
2015.0,316.0,0.0,0.0,3,5,3,0,0,2,1,1,1,1,0,0,5,1,1,11,1,12,0,0,0,2,2,0,6,5,5,8,3
2015.0,170.0,0.0,0.0,3,6,3,0,0,0,1,9,1,1,0,1,9,1,1,12,1,12,0,0,0,1,1,0,2,7,5,8,3
2015.0,0.0,0.0,0.0,3,4,3,0,0,0,1,9,1,1,0,0,1,1,1,13,1,12,0,0,0,1,2,0,4,2,5,3,9
2015.0,0.0,1.0,0.0,3,4,3,0,0,0,1,5,1,1,0,0,9,1,1,14,1,12,0,0,0,1,2,0,4,5,5,3,9
2015.0,-10.0,1.0,0.0,2,5,3,0,0,2,1,9,1,1,0,0,2,1,1,14,1,12,0,0,0,1,2,0,4,9,5,9,3
2015.0,50.0,0.0,0.0,3,6,3,0,0,0,0,5,1,1,0,0,5,1,1,14,1,12,0,0,0,2,0,0,2,7,5,8,3
2015.0,-317.0,0.0,0.0,3,10,3,0,0,0,1,1,1,1,0,0,1,1,1,16,1,12,0,1,0,1,1,0,6,9,5,3,2
2015.0,1104.0,0.0,0.0,3,6,3,0,0,0,0,1,1,1,0,1,1,1,1,16,1,12,0,1,0,1,2,0,6,7,5,8,3
2015.0,0.0,0.0,0.0,3,6,4,0,0,0,1,9,1,1,0,1,9,1,1,17,1,12,0,1,0,1,1,0,4,7,5,8,3
2015.0,-160.0,0.0,0.0,3,6,0,0,0,0,1,5,1,1,0,0,5,1,1,17,1,12,0,1,0,2,1,0,4,7,5,8,8
2015.0,-300.0,0.0,0.0,3,6,0,0,0,0,1,5,1,1,0,1,5,1,1,17,1,12,0,1,0,2,0,0,6,7,5,8,3
2015.0,-88.0,1.0,0.0,2,5,0,0,0,3,1,9,1,1,0,0,5,1,1,17,1,12,0,1,0,2,1,0,6,6,5,3,7
2015.0,0.0,0.0,0.0,3,4,4,0,0,0,1,1,1,1,0,1,9,1,1,17,1,12,0,1,0,1,1,0,4,2,5,3,9
2015.0,-140.0,0.0,0.0,3,6,0,0,0,0,0,1,1,1,0,0,1,1,1,18,1,12,0,1,0,0,1,0,6,7,5,8,3
2015.0,40.0,0.0,0.0,3,10,0,0,0,0,0,4,1,1,0,1,2,1,1,18,1,12,0,1,0,2,2,0,4,9,5,3,9
2015.0,-77.0,0.0,0.0,3,10,0,0,0,0,1,1,1,1,0,0,1,1,1,18,1,12,0,1,0,1,1,0,6,9,5,3,2
2015.0,80.0,0.0,0.0,3,10,0,0,0,0,1,5,1,1,0,1,5,1,1,18,1,12,0,1,0,1,1,0,6,5,5,3,2
2015.0,20.0,0.0,0.0,3,6,3,0,0,0,0,9,1,1,0,0,9,1,1,7,2,12,0,1,0,0,1,0,4,7,5,8,3
2015.0,46.0,0.0,0.0,3,6,3,0,0,0,1,9,1,1,0,1,9,1,1,11,2,12,0,0,0,2,0,0,2,7,5,8,3
2015.0,0.0,1.0,0.0,3,1,3,0,0,0,1,5,1,1,0,1,1,1,1,13,2,12,0,0,0,1,1,0,4,2,5,3,3
2015.0,0.0,0.0,0.0,3,4,3,0,0,0,1,4,1,1,0,1,1,1,1,14,2,12,0,0,0,2,1,0,4,2,5,3,9
2015.0,-186.0,0.0,0.0,3,4,3,0,0,0,1,9,1,1,0,0,5,1,1,15,2,12,0,0,0,2,1,0,0,2,5,3,9
2015.0,-198.0,1.0,0.0,2,6,3,0,0,0,1,1,1,1,0,0,1,1,1,16,2,12,0,1,0,1,1,0,4,7,5,8,3
2015.0,-10.0,1.0,0.0,2,5,3,0,0,2,1,9,1,1,0,1,2,1,1,16,2,12,0,1,0,1,1,0,4,9,5,9,3
2015.0,0.0,3.0,0.0,3,1,0,0,0,0,1,9,1,1,0,0,2,1,1,17,2,12,0,1,0,1,2,0,4,2,5,3,3
2015.0,49.0,1.0,0.0,3,6,3,0,0,0,1,5,1,1,0,1,5,1,1,17,2,12,0,1,0,2,1,0,4,7,5,8,3
2015.0,-51.0,0.0,0.0,3,6,0,0,0,0,1,2,1,1,0,1,2,1,1,17,2,12,0,1,0,2,2,0,4,7,5,8,3
2015.0,-164.0,2.0,0.0,3,6,0,0,0,0,2,1,1,1,0,0,1,1,1,18,2,12,0,1,0,0,1,0,4,7,5,8,3
2015.0,250.0,0.0,0.0,3,6,0,0,0,0,1,9,1,1,0,0,9,1,1,18,2,12,0,1,0,0,2,0,2,7,5,8,3
2015.0,98.0,0.0,0.0,3,6,0,0,0,0,0,5,1,1,0,0,5,1,1,18,2,12,0,1,0,2,0,0,4,7,5,8,8
2015.0,518.0,0.0,0.0,3,6,3,0,0,0,1,9,1,1,0,1,9,1,1,7,3,12,0,1,0,2,2,0,4,7,5,8,3
2015.0,0.0,0.0,0.0,3,4,3,0,0,0,0,5,1,1,0,1,2,1,1,8,3,12,0,1,0,1,1,0,4,2,5,3,9
2015.0,-93.0,1.0,0.0,3,6,0,0,0,0,2,1,1,1,0,0,1,1,1,9,3,12,0,1,0,0,1,0,4,7,5,8,3
2015.0,520.0,0.0,0.0,3,1,3,0,0,0,0,9,1,1,0,0,1,1,1,9,3,12,0,1,0,1,2,0,6,2,5,3,9
2015.0,0.0,0.0,0.0,3,1,3,0,0,0,0,9,1,1,0,1,5,1,1,11,3,12,0,0,0,2,0,0,2,2,5,3,3
2015.0,325.0,0.0,0.0,3,6,3,0,0,0,0,9,1,1,0,0,9,1,1,13,3,12,0,0,0,1,1,0,0,7,5,8,3
2015.0,88.0,1.0,0.0,3,6,3,0,0,0,0,5,1,1,0,0,5,1,1,16,3,12,0,1,0,1,1,0,6,7,5,8,3
2015.0,0.0,3.0,0.0,3,4,3,0,0,0,1,5,1,1,0,1,1,1,1,16,3,12,0,1,0,1,1,0,4,2,5,5,5
2015.0,585.0,0.0,0.0,3,5,0,0,0,0,2,5,1,1,2,1,1,1,1,17,3,12,0,1,0,0,1,0,6,7,2,3,9
2015.0,0.0,1.0,0.0,2,4,4,0,0,0,0,1,1,1,0,1,9,1,1,17,3,12,0,1,0,1,1,0,4,2,5,3,9
2015.0,-50.0,0.0,0.0,3,6,0,0,0,0,0,1,1,1,0,1,1,1,1,17,3,12,0,1,0,1,1,0,4,7,5,8,3
2015.0,111.0,0.0,0.0,3,12,4,0,0,0,0,5,1,1,0,1,5,1,1,17,3,12,0,1,0,2,1,0,4,7,5,8,3
2015.0,-236.0,1.0,0.0,3,6,0,0,0,0,1,5,1,1,0,0,5,1,1,17,3,12,0,1,0,1,1,0,6,7,5,8,3
2015.0,-100.0,2.0,0.0,2,4,0,0,0,0,0,2,1,1,0,1,1,1,1,17,3,12,0,1,0,1,2,0,0,2,5,3,9
2015.0,-90.0,0.0,0.0,3,6,0,0,0,0,0,5,1,1,0,1,5,1,1,18,3,12,0,1,0,1,2,0,4,7,5,8,3
2015.0,-227.0,0.0,0.0,3,6,0,0,0,0,1,5,1,1,0,0,5,1,1,18,3,12,0,1,0,0,1,0,6,7,5,8,8
2015.0,-10.0,1.0,0.0,1,5,0,0,0,2,1,5,1,1,0,1,9,1,1,21,3,12,0,0,0,1,1,0,4,2,5,3,3
2015.0,-92.0,1.0,0.0,3,6,0,0,0,0,1,1,1,1,0,1,1,1,1,21,3,12,0,0,0,2,2,0,2,7,5,8,3
2015.0,-130.0,1.0,0.0,3,6,0,0,0,0,1,1,1,1,0,0,1,1,1,22,3,12,0,0,0,1,1,0,4,7,5,8,3
2015.0,438.0,1.0,0.0,3,6,3,0,0,0,0,9,1,1,0,1,9,1,1,7,4,12,0,1,0,1,1,0,4,7,5,8,3
2015.0,-271.0,0.0,0.0,3,6,3,0,0,0,1,5,1,1,0,1,5,1,1,9,4,12,0,1,0,0,0,0,6,7,5,8,3
2015.0,-120.0,0.0,0.0,3,6,3,0,0,0,0,2,1,1,0,1,2,1,1,9,4,12,0,1,0,2,1,0,4,7,5,8,3
2015.0,456.0,3.0,0.0,2,4,3,0,0,0,0,1,1,1,0,0,5,1,1,10,4,12,0,0,0,2,1,0,6,2,5,3,9
2015.0,-213.0,1.0,0.0,3,4,3,0,0,0,1,1,1,1,0,1,2,1,1,12,4,12,0,0,0,0,0,0,0,2,5,3,9
2015.0,-70.0,1.0,0.0,3,6,3,0,0,0,1,5,1,1,0,0,5,1,1,13,4,12,0,0,0,2,1,0,6,8,5,8,8
2015.0,633.0,0.0,0.0,3,4,3,0,0,0,1,2,1,1,0,0,1,1,1,13,4,12,0,0,0,2,1,0,0,2,5,3,9
2015.0,1084.0,0.0,0.0,3,6,3,0,0,0,0,5,1,1,0,0,5,1,1,14,4,12,0,0,0,2,2,0,6,7,5,8,3
2015.0,115.0,0.0,0.0,3,6,3,0,0,0,1,5,1,1,0,1,5,1,1,15,4,12,0,0,0,0,1,0,4,7,5,8,3
2015.0,30.0,0.0,0.0,3,6,3,1,3,0,2,5,1,1,0,0,5,1,1,16,4,12,0,1,0,0,1,0,2,7,5,9,3
2015.0,-53.0,0.0,0.0,3,8,3,0,0,0,0,9,1,1,0,1,1,1,1,16,4,12,0,1,0,2,0,0,4,5,5,8,1
2015.0,0.0,0.0,0.0,3,4,3,0,0,0,1,5,1,1,0,0,1,0,1,16,4,12,0,1,0,2,0,0,4,2,5,3,9
2015.0,-140.0,0.0,0.0,3,6,0,0,0,0,0,9,1,1,0,1,9,1,1,18,4,12,0,1,0,2,2,0,6,7,5,8,3
2015.0,0.0,0.0,0.0,3,10,0,0,0,0,1,3,1,1,0,0,1,1,1,18,4,12,0,1,0,1,1,0,4,2,5,3,9
2015.0,0.0,0.0,0.0,3,10,0,0,0,0,2,3,1,1,0,1,3,1,1,21,4,12,0,0,0,0,1,0,4,9,5,9,9
2015.0,80.0,0.0,0.0,3,5,3,0,0,0,1,2,1,1,0,1,2,1,1,12,5,12,1,0,0,1,1,0,4,4,5,3,9
2015.0,-64.0,0.0,0.0,3,10,3,0,0,0,1,5,1,1,0,1,5,1,1,12,5,12,1,0,0,1,1,0,6,9,5,3,2
2015.0,0.0,0.0,0.0,3,4,4,0,0,0,1,9,1,1,0,1,5,1,1,17,5,12,1,1,0,2,1,0,4,2,5,3,9
2015.0,30.0,0.0,0.0,3,6,0,0,0,0,0,5,1,1,0,0,5,1,1,18,5,12,1,1,0,2,2,0,4,7,5,8,3
2015.0,20.0,0.0,0.0,3,6,0,0,0,0,0,1,1,1,0,1,1,1,1,19,5,12,1,1,0,1,2,0,6,7,5,8,3
2015.0,50.0,0.0,0.0,3,7,0,0,0,0,2,1,1,1,0,0,1,1,1,21,5,12,1,0,0,0,2,0,4,7,5,8,5
2015.0,0.0,0.0,0.0,3,4,0,0,0,0,1,2,1,1,0,1,9,1,1,22,5,12,1,0,0,2,2,0,6,7,5,3,9
2015.0,-300.0,0.0,0.0,3,12,0,4,0,0,2,8,1,1,1,1,9,1,1,0,6,12,1,0,0,0,1,0,6,5,5,6,5
2015.0,36.0,1.0,0.0,3,1,0,0,0,0,1,3,1,1,0,1,9,1,1,0,6,12,1,0,0,2,2,0,6,7,5,3,3
2015.0,222.0,0.0,0.0,3,6,3,0,0,0,1,9,1,1,0,0,9,1,1,13,6,12,1,0,0,0,1,0,4,7,5,8,3
2015.0,-68.0,0.0,0.0,3,6,0,0,0,0,0,9,1,1,0,1,9,1,1,18,6,12,1,1,0,1,1,0,6,7,5,8,3
2015.0,0.0,1.0,0.0,2,4,0,0,0,0,1,2,1,1,0,1,9,1,1,20,6,12,1,0,0,1,2,0,4,2,5,3,9
2015.0,-90.0,0.0,0.0,3,6,3,0,0,0,0,1,1,1,0,0,1,1,1,10,0,12,0,0,0,2,1,0,4,7,5,8,3
2015.0,-250.0,0.0,0.0,3,1,3,0,0,0,0,5,1,1,0,0,1,1,1,10,0,12,0,0,0,1,1,0,0,2,5,3,9
2015.0,57.0,0.0,0.0,3,6,3,0,0,0,0,5,1,1,0,0,5,1,1,12,0,12,0,0,0,2,0,0,4,7,5,8,8
2015.0,658.0,1.0,0.0,3,1,3,0,0,0,1,5,1,1,0,1,9,1,1,13,0,12,0,0,0,1,0,0,0,2,5,9,9
2015.0,-35.0,0.0,0.0,3,6,3,0,0,0,1,1,1,1,0,1,1,1,1,13,0,12,0,0,0,1,1,0,6,7,5,9,3
2015.0,-35.0,0.0,0.0,3,6,0,0,0,0,1,1,1,1,0,0,1,1,1,17,0,12,0,1,0,2,2,0,4,7,5,8,8
2015.0,150.0,1.0,0.0,3,1,2,0,0,0,1,1,1,1,0,0,9,1,1,7,1,12,0,1,0,1,1,0,0,2,5,3,9
2015.0,67.0,0.0,0.0,3,6,3,0,0,0,1,2,1,1,0,1,2,1,1,8,1,12,0,1,0,1,0,0,6,7,5,8,3
2015.0,220.0,0.0,0.0,3,4,3,0,0,0,0,3,1,1,0,1,9,1,1,8,1,12,0,1,0,0,2,0,6,5,5,3,9
2015.0,-200.0,0.0,0.0,3,1,3,0,0,0,2,9,1,1,0,0,5,1,1,10,1,12,0,0,0,0,1,0,0,2,5,9,5
2015.0,0.0,0.0,0.0,3,1,3,0,0,0,0,1,1,1,0,1,2,1,1,10,1,12,0,0,0,1,1,0,4,2,5,3,3
2015.0,110.0,0.0,0.0,3,6,3,0,0,0,0,1,1,1,0,0,1,1,1,11,1,12,0,0,0,1,2,0,6,7,5,8,3
2015.0,527.0,0.0,0.0,3,10,3,0,0,0,1,9,1,1,0,1,9,1,1,11,1,12,0,0,0,2,2,0,6,9,5,3,9
2015.0,0.0,0.0,0.0,3,6,3,0,0,0,1,5,1,1,0,0,5,1,1,12,1,12,0,0,0,2,2,0,4,7,5,8,3
2015.0,0.0,0.0,0.0,3,1,3,0,0,0,1,1,1,1,0,1,5,1,1,12,1,12,0,0,0,1,2,0,4,2,5,3,3