Year,Distance,Totalinjuries,Totalfatalities,Injuryseverity,Collisionmanner,Lightcondition,Weather,SurfaceCondition,Unittype_One,Gender_Drv1,Traveldirection_One,AlcoholUse_Drv1,DrugUse_Drv1,Unittype_Two,Gender_Drv2,Traveldirection_Two,AlcoholUse_Drv2,DrugUse_Drv2,Hour,Weekday,Month,Weekend,Rush_Hour,Hazardous_Road,Age_Group_Drv1,Age_Group_Drv2,Substance_Use,Junction_Category,Violation_Category_Drv1,Violation_Category_Drv2,Unitaction_Category_Two,Unitaction_Category_One
2015.0,0.0,0.0,0.0,3,4,3,0,0,0,1,1,1,1,0,1,9,1,1,12,1,12,0,0,0,1,2,0,1,2,5,9,3
2015.0,55.0,0.0,0.0,3,6,3,0,0,0,1,5,1,1,0,1,5,1,1,14,1,12,0,0,0,2,1,0,2,7,5,8,3
2015.0,-460.0,1.0,0.0,2,10,3,0,0,0,1,5,1,1,0,1,5,1,1,15,1,12,0,0,0,2,1,0,6,5,5,9,2
2015.0,-596.0,2.0,0.0,3,4,3,0,0,0,0,9,1,1,0,0,1,1,1,16,1,12,0,1,0,0,1,0,6,5,5,3,9
2015.0,0.0,0.0,0.0,3,4,3,0,0,0,0,4,1,1,0,0,5,1,1,16,1,12,0,1,0,1,1,0,4,2,5,3,9
2015.0,-200.0,0.0,0.0,3,6,4,0,0,0,0,2,1,1,0,0,2,1,1,17,1,12,0,1,0,2,1,0,6,7,5,8,3
2015.0,-125.0,0.0,0.0,3,10,4,0,0,0,0,5,1,1,0,1,5,1,1,17,1,12,0,1,0,2,1,0,6,9,5,3,3
2015.0,-240.0,0.0,0.0,3,6,4,0,0,0,1,5,1,1,0,1,5,1,1,17,1,12,0,1,0,2,1,0,6,7,5,8,3
2015.0,0.0,0.0,0.0,3,6,0,0,0,0,0,1,1,1,0,1,1,1,1,18,1,12,0,1,0,1,1,0,4,7,5,8,3
2015.0,-57.0,0.0,0.0,3,6,0,0,0,0,1,2,1,1,0,1,2,1,1,18,1,12,0,1,0,1,1,0,6,7,5,8,3
2015.0,0.0,0.0,0.0,3,4,0,0,0,0,1,2,1,1,0,1,5,1,1,18,1,12,0,1,0,2,1,0,4,2,5,3,9
2015.0,0.0,1.0,0.0,2,4,0,0,0,0,0,2,1,1,0,0,9,1,1,18,1,12,0,1,0,1,1,0,4,5,5,3,9
2015.0,0.0,2.0,0.0,2,4,0,0,0,0,1,4,1,1,0,1,5,1,1,19,1,12,0,1,0,1,1,0,4,2,5,3,9
2015.0,-50.0,0.0,0.0,3,6,0,0,0,0,0,1,1,1,0,0,1,1,1,20,1,12,0,0,0,2,1,0,6,7,4,9,3
2015.0,-938.0,0.0,0.0,3,6,0,0,0,0,0,2,1,1,0,1,2,1,1,20,1,12,0,0,0,2,1,0,4,7,5,8,3
2015.0,0.0,0.0,0.0,3,1,2,0,0,0,1,1,1,1,0,1,5,1,1,6,2,12,0,0,0,2,2,0,4,2,5,3,3
2015.0,0.0,0.0,0.0,3,1,3,0,0,0,1,9,1,1,0,0,1,1,1,7,2,12,0,1,0,2,2,0,4,2,5,3,9
2015.0,-0.6,0.0,0.0,3,4,3,0,0,0,1,9,1,1,0,1,5,1,1,14,2,12,0,0,0,0,1,0,0,2,5,3,9
2015.0,70.0,1.0,0.0,3,6,3,0,0,0,1,5,1,1,0,1,5,1,1,16,2,12,0,1,0,2,0,0,4,7,5,8,3
2015.0,507.0,0.0,0.0,3,1,3,0,0,0,0,1,1,1,0,1,5,1,1,16,2,12,0,1,0,1,1,0,6,2,5,3,9
2015.0,210.0,0.0,0.0,3,1,3,0,0,0,1,1,1,1,0,1,5,1,1,16,2,12,0,1,0,0,2,0,0,2,5,3,9
2015.0,0.0,0.0,0.0,3,4,3,0,0,0,0,2,1,1,0,1,5,1,1,16,2,12,0,1,0,1,2,0,4,2,5,3,9
2015.0,-305.0,0.0,0.0,3,6,4,0,0,0,0,1,1,1,0,1,1,1,1,17,2,12,0,1,0,2,1,0,6,7,5,8,3
2015.0,683.0,0.0,0.0,3,6,4,0,0,0,0,5,1,1,0,1,5,1,1,17,2,12,0,1,0,1,1,0,6,7,5,8,3
2015.0,-265.0,2.0,0.0,2,6,0,0,0,0,0,9,1,1,0,1,9,1,1,17,2,12,0,1,0,0,2,0,6,7,5,8,3
2015.0,-1469.0,0.0,0.0,3,1,3,0,0,0,1,2,1,1,0,1,2,1,1,8,3,12,0,1,0,1,2,0,6,9,5,3,9
2015.0,0.0,0.0,0.0,3,4,3,0,0,0,1,6,1,1,0,1,6,1,1,9,3,12,0,1,0,1,0,0,4,2,5,3,9
2015.0,-125.0,0.0,0.0,3,6,3,0,0,0,2,1,1,1,0,1,1,1,1,9,3,12,0,1,0,0,2,0,4,7,5,8,3
2015.0,0.0,0.0,0.0,3,10,3,0,0,0,1,1,1,1,0,1,1,1,1,10,3,12,0,0,0,1,1,0,4,9,5,3,2
2015.0,25.0,0.0,0.0,3,6,3,0,0,0,1,4,1,1,0,0,4,1,1,11,3,12,0,0,0,2,2,0,4,7,5,8,8
2015.0,0.0,2.0,0.0,3,4,3,0,0,0,1,1,1,1,0,0,9,1,1,15,3,12,0,0,0,1,2,0,4,2,5,3,9
2015.0,0.0,0.0,0.0,3,1,3,0,0,0,1,2,1,1,0,0,5,1,1,16,3,12,0,1,0,0,1,0,4,2,5,3,9
2015.0,0.0,3.0,0.0,3,4,3,0,0,0,0,9,1,1,0,0,1,1,1,16,3,12,0,1,0,2,1,0,4,2,5,9,3
2015.0,-216.0,1.0,0.0,2,1,3,0,0,0,0,2,1,1,2,1,9,1,1,16,3,12,0,1,0,1,2,0,0,2,5,3,9
2015.0,-567.0,1.0,0.0,2,10,4,0,0,0,1,1,1,1,0,1,1,1,1,17,3,12,0,1,0,1,1,0,6,4,5,3,2
2015.0,0.0,1.0,0.0,3,4,0,0,0,0,0,2,1,1,0,0,9,1,1,17,3,12,0,1,0,1,2,0,4,2,5,3,9
2015.0,-278.0,0.0,0.0,3,6,0,0,0,0,0,9,1,1,0,1,9,1,1,19,3,12,0,1,0,1,1,0,0,7,5,8,3
2015.0,-94.0,0.0,0.0,3,10,3,0,0,0,2,9,1,1,0,1,9,1,1,8,4,12,0,1,0,0,1,0,6,9,5,3,5
2015.0,50.0,0.0,0.0,3,6,3,0,0,0,1,9,1,1,0,1,9,1,1,9,4,12,0,1,0,1,1,0,4,7,5,8,3
2015.0,108.0,1.0,0.0,3,6,3,0,0,0,0,5,1,1,0,1,5,1,1,9,4,12,0,1,0,2,1,0,4,7,5,3,3
2015.0,0.0,1.0,0.0,2,1,3,1,0,0,1,5,1,1,0,0,9,1,1,10,4,12,0,0,0,1,2,0,4,2,5,3,3
2015.0,-86.0,2.0,0.0,2,6,3,0,0,0,0,2,1,1,0,1,2,1,1,11,4,12,0,0,0,2,2,0,4,7,5,8,3
2015.0,5.0,0.0,0.0,3,10,3,0,0,0,1,5,1,1,0,0,5,1,1,15,4,12,0,0,0,2,1,0,4,5,5,3,9
2015.0,160.0,1.0,0.0,1,5,4,1,0,2,1,9,1,1,0,1,2,1,1,16,4,12,0,1,0,1,1,0,6,2,5,3,3
2015.0,-132.0,1.0,0.0,3,1,0,0,0,0,1,2,1,1,0,0,1,1,1,17,4,12,0,1,0,2,0,0,0,4,5,3,9
2015.0,-250.0,0.0,0.0,3,1,0,0,0,0,0,9,1,1,0,1,2,1,1,18,4,12,0,1,0,2,1,0,6,2,5,3,9
2015.0,200.0,1.0,0.0,1,6,1,0,0,0,0,9,1,1,0,1,9,1,1,18,4,12,0,1,0,2,1,0,4,7,5,8,3
2015.0,0.0,1.0,0.0,3,4,0,0,0,0,1,9,1,1,0,0,1,1,1,18,4,12,0,1,0,2,2,0,4,4,5,3,9
2015.0,0.0,1.0,0.0,2,4,0,0,0,0,1,5,1,1,0,0,2,1,1,19,4,12,0,1,0,1,1,0,4,2,5,3,9
2015.0,0.0,0.0,0.0,3,1,0,0,0,0,0,2,1,1,0,1,9,1,1,20,4,12,0,0,0,1,1,0,4,2,5,3,3
2015.0,50.0,0.0,0.0,3,8,0,0,0,0,1,9,1,1,0,1,9,1,1,22,4,12,0,0,0,2,1,0,4,5,5,5,5
2015.0,30.0,0.0,0.0,3,6,0,0,0,0,1,1,1,1,0,1,1,1,1,0,5,12,1,0,0,1,1,0,6,7,5,8,3
2015.0,0.0,0.0,0.0,3,1,0,0,0,0,1,9,1,1,0,0,5,1,1,0,5,12,1,0,0,1,2,0,4,2,5,9,3
2015.0,-180.0,1.0,0.0,2,3,1,1,4,0,0,9,0,1,1,1,1,1,1,18,5,12,1,1,1,2,1,0,6,7,5,6,3
2015.0,200.0,0.0,0.0,3,10,0,0,0,0,2,1,1,1,0,0,1,1,1,22,5,12,1,0,0,0,2,0,6,5,5,3,5
2015.0,0.0,0.0,0.0,3,6,0,0,0,0,0,2,1,1,0,1,2,1,1,23,5,12,1,0,0,2,2,0,4,7,5,8,3
2015.0,0.0,1.0,0.0,3,4,0,0,0,0,0,9,1,1,0,0,1,1,1,5,6,12,1,0,0,1,1,0,4,2,5,3,9
2015.0,0.0,0.0,0.0,3,4,3,0,0,0,1,3,1,1,0,0,9,1,1,11,6,12,1,0,0,1,2,0,4,9,5,3,9
2015.0,180.0,0.0,0.0,3,6,3,0,0,0,1,1,1,1,0,0,1,1,1,12,6,12,1,0,0,1,2,0,4,7,5,3,3
2015.0,70.0,0.0,0.0,3,6,3,0,0,0,1,5,1,1,0,1,5,1,1,14,6,12,1,0,0,1,1,0,2,7,5,8,3
2015.0,0.0,2.0,0.0,3,4,0,1,0,0,0,9,1,1,0,0,1,1,1,19,6,12,1,1,0,2,2,0,2,2,5,3,9
2015.0,0.0,1.0,0.0,3,4,0,0,0,0,0,5,1,1,0,1,1,1,1,20,6,12,1,0,0,2,2,0,2,2,5,3,9
2015.0,-50.0,0.0,0.0,3,6,0,0,0,0,2,1,1,1,0,1,1,1,1,20,6,12,1,0,0,0,2,0,4,5,5,3,5
2015.0,0.0,0.0,0.0,3,10,3,3,4,0,1,5,1,1,0,0,5,1,1,7,0,12,0,1,1,1,0,0,4,7,5,9,3
2015.0,245.0,0.0,0.0,3,1,3,3,4,0,1,1,1,1,0,0,5,1,1,8,0,12,0,1,1,1,1,0,6,2,5,3,9
2015.0,-100.0,0.0,0.0,3,10,3,3,4,0,1,9,1,1,0,0,9,1,1,8,0,12,0,1,1,1,1,0,2,4,5,9,9
2015.0,-90.0,1.0,0.0,2,6,3,3,4,0,1,2,1,1,0,0,2,1,1,8,0,12,0,1,1,1,1,0,4,7,5,8,3
2015.0,290.0,0.0,0.0,3,5,3,0,0,0,1,2,1,1,0,1,9,1,1,8,0,12,0,1,0,0,2,0,6,2,5,8,1
2015.0,300.0,0.0,0.0,3,10,3,3,4,0,1,2,1,1,0,1,2,1,1,9,0,12,0,1,1,2,1,0,6,9,5,3,2
2015.0,0.0,2.0,0.0,3,4,3,1,4,0,0,1,1,1,0,0,5,1,1,11,0,12,0,0,1,1,1,0,4,2,5,3,9
2015.0,0.0,0.0,0.0,3,10,3,1,0,0,0,1,1,1,0,0,1,1,1,15,0,12,0,0,0,2,1,0,4,7,5,8,3
2015.0,-90.0,0.0,0.0,3,6,3,0,0,0,0,1,1,1,0,1,1,1,1,16,0,12,0,1,0,2,1,0,4,7,5,8,3
2015.0,-25.0,0.0,0.0,3,4,3,1,4,0,1,9,1,1,0,1,2,1,1,16,0,12,0,1,1,1,1,0,0,2,5,3,9
2015.0,100.0,1.0,0.0,2,6,3,1,4,0,1,1,1,1,0,0,1,1,1,16,0,12,0,1,1,1,2,0,6,7,5,8,8
2015.0,0.0,0.0,0.0,3,10,3,1,4,0,2,1,1,1,0,0,1,1,1,17,0,12,0,1,1,0,1,0,2,9,5,9,3
2015.0,0.0,0.0,0.0,3,1,0,0,0,0,1,2,1,1,0,1,1,1,1,17,0,12,0,1,0,0,1,0,4,2,5,3,3
2015.0,20.0,0.0,0.0,3,10,4,1,4,0,1,5,1,1,0,1,5,1,1,17,0,12,0,1,1,1,1,0,4,9,5,3,9
2015.0,150.0,2.0,0.0,2,6,3,0,0,0,1,9,1,1,0,1,9,1,1,10,1,12,0,0,0,1,1,0,4,7,5,8,3
2015.0,0.0,0.0,0.0,3,1,3,0,0,0,1,2,1,1,0,1,1,1,1,10,1,12,0,0,0,1,2,0,4,2,5,3,3
2015.0,-488.0,1.0,0.0,3,6,3,0,0,0,1,1,1,1,0,0,1,1,1,12,1,12,0,0,0,1,2,0,6,7,5,8,3
2015.0,0.0,2.0,0.0,2,4,3,0,0,0,1,9,1,1,0,1,1,1,1,12,1,12,0,0,0,1,1,0,4,2,5,3,9
2015.0,189.0,0.0,0.0,3,6,3,0,0,0,1,1,1,1,0,1,1,1,1,13,1,12,0,0,0,2,2,0,0,8,5,8,3
2015.0,0.0,0.0,0.0,3,4,3,0,0,0,1,1,1,1,0,1,5,1,1,15,1,12,0,0,0,1,1,0,4,2,5,3,9
2015.0,303.0,0.0,0.0,3,6,3,0,0,0,2,5,1,1,0,1,5,1,1,15,1,12,0,0,0,0,1,0,4,7,5,8,3
2015.0,-708.0,1.0,0.0,2,10,3,0,0,0,1,9,1,1,0,1,9,1,1,16,1,12,0,1,0,1,1,0,6,8,5,2,3
2015.0,50.0,1.0,0.0,2,6,3,0,0,0,1,5,1,1,0,1,5,1,1,16,1,12,0,1,0,2,1,0,4,7,5,8,3
2015.0,-453.0,0.0,0.0,3,4,2,0,0,0,1,2,1,1,0,0,1,1,1,16,1,12,0,1,0,1,1,0,6,2,5,3,9
2015.0,279.0,1.0,0.0,3,6,3,0,0,0,1,1,1,1,0,1,1,1,1,16,1,12,0,1,0,1,1,0,6,7,5,9,3
2015.0,-83.0,0.0,0.0,3,6,0,0,0,0,1,5,1,1,0,1,5,1,1,17,1,12,0,1,0,1,1,0,6,7,5,8,3
2015.0,-55.0,0.0,0.0,3,6,3,0,0,0,0,1,1,1,0,1,1,1,1,17,1,12,0,1,0,1,1,0,4,7,5,8,3
2015.0,-78.0,0.0,0.0,3,6,0,0,0,0,0,2,1,1,0,0,2,1,1,18,1,12,0,1,0,2,1,0,4,7,5,3,8
2015.0,-215.0,1.0,0.0,2,6,0,0,0,0,1,1,1,1,0,1,1,1,1,18,1,12,0,1,0,2,1,0,4,7,5,8,3
2015.0,60.0,0.0,0.0,3,1,0,0,0,0,2,3,1,1,0,1,1,1,1,20,1,12,0,0,0,0,1,0,4,4,5,3,9
2015.0,384.0,0.0,0.0,3,6,0,0,0,0,1,1,1,1,0,0,1,1,1,20,1,12,0,0,0,1,2,0,0,7,5,3,3
2015.0,500.0,0.0,0.0,3,1,0,0,0,0,0,9,1,1,0,1,9,1,1,21,1,12,0,0,0,2,2,0,6,4,5,9,9
2015.0,75.0,0.0,0.0,3,6,0,0,0,0,0,9,1,1,0,1,9,1,1,6,2,12,0,0,0,1,2,0,4,7,5,8,3
2015.0,-110.0,0.0,0.0,3,10,3,0,0,0,2,1,1,1,0,0,1,1,1,10,2,12,0,0,0,0,1,0,4,9,5,3,2
2015.0,-100.0,0.0,0.0,3,6,3,0,0,0,0,1,1,1,0,1,1,1,1,12,2,12,0,0,0,1,1,0,6,7,5,8,3
2015.0,0.0,0.0,0.0,3,4,3,0,0,0,1,5,1,1,0,1,2,1,1,13,2,12,0,0,0,1,2,0,2,2,5,9,3
2015.0,142.0,0.0,0.0,3,6,3,0,0,0,0,9,1,1,0,0,9,1,1,13,2,12,0,0,0,1,0,0,4,7,5,8,3
2015.0,120.0,0.0,0.0,3,4,3,0,0,0,2,5,1,1,0,0,1,1,1,13,2,12,0,0,0,0,2,0,6,2,5,3,9
2015.0,0.0,2.0,0.0,2,4,3,0,0,0,0,9,1,1,0,0,1,1,1,14,2,12,0,0,0,2,1,0,4,2,5,3,9
2015.0,-40.0,0.0,0.0,3,6,3,0,0,0,1,2,1,1,0,1,2,1,1,15,2,12,0,0,0,2,2,0,4,7,5,8,3
2015.0,-150.0,0.0,0.0,3,6,3,0,0,0,0,1,1,1,0,1,1,1,1,17,2,12,0,1,0,2,2,0,4,7,5,8,3
2015.0,100.0,0.0,0.0,3,10,0,0,0,0,1,5,1,1,0,1,5,1,1,17,2,12,0,1,0,0,1,0,6,9,5,3,3
2015.0,0.0,0.0,0.0,3,4,0,0,0,0,1,2,1,1,0,0,5,1,1,17,2,12,0,1,0,2,2,0,4,2,5,3,9
2015.0,-300.0,0.0,0.0,3,5,0,0,0,0,1,1,0,1,1,1,2,1,1,18,2,12,0,1,0,1,1,0,6,5,5,6,3
2015.0,0.0,0.0,0.0,3,6,0,0,0,0,0,1,1,1,0,0,9,1,1,19,2,12,0,1,0,0,1,0,4,2,5,3,9
2015.0,0.0,0.0,0.0,3,5,0,0,0,0,1,2,1,1,0,1,2,1,1,22,2,12,0,0,0,2,1,0,6,4,5,9,9
2015.0,-250.0,0.0,0.0,3,10,0,0,0,0,1,2,1,1,0,1,2,1,1,0,3,12,0,0,0,0,2,0,6,9,5,3,2
2015.0,-32.0,0.0,0.0,3,6,0,0,0,0,1,1,0,0,0,1,1,1,1,4,3,12,0,0,0,1,1,0,4,7,5,3,3
2015.0,0.0,0.0,0.0,3,1,2,0,0,0,0,2,1,1,0,0,1,1,1,6,3,12,0,0,0,2,1,0,4,2,5,3,3
2015.0,-260.0,0.0,0.0,3,4,3,0,0,0,0,9,1,1,0,0,2,1,1,7,3,12,0,1,0,2,1,0,0,2,5,3,9
2015.0,0.0,1.0,0.0,3,4,3,0,0,0,0,9,1,1,0,1,1,1,1,7,3,12,0,1,0,2,1,0,4,2,5,3,9
2015.0,-300.0,0.0,0.0,3,10,3,0,0,0,1,9,1,1,0,1,9,1,1,7,3,12,0,1,0,1,2,0,6,9,5,3,2
2015.0,230.0,0.0,0.0,3,4,3,0,0,0,0,2,1,1,0,0,9,1,1,10,3,12,0,0,0,1,1,0,6,2,5,3,9
2015.0,835.0,0.0,0.0,3,1,3,0,0,0,0,2,1,1,0,0,1,1,1,11,3,12,0,0,0,0,1,0,6,2,5,3,9
2015.0,118.0,2.0,0.0,2,5,3,0,0,0,1,1,1,1,3,1,1,1,1,12,3,12,0,0,0,1,1,0,6,9,5,7,3
2015.0,-45.0,0.0,0.0,3,6,3,0,0,0,1,2,1,1,0,0,2,1,1,12,3,12,0,0,0,2,0,0,4,7,5,8,3
2015.0,0.0,3.0,0.0,2,4,3,0,0,0,0,2,1,1,0,0,5,1,1,15,3,12,0,0,0,1,2,0,4,2,5,3,9
2015.0,-100.0,3.0,0.0,2,6,3,0,0,0,0,5,1,1,0,1,5,1,1,17,3,12,0,1,0,1,1,0,6,7,5,8,3
2015.0,0.0,0.0,0.0,3,4,0,0,0,0,0,5,1,1,0,1,9,1,1,17,3,12,0,1,0,2,1,0,4,2,5,3,9
2015.0,-87.0,1.0,0.0,3,6,0,0,0,0,1,1,1,1,0,1,1,1,1,18,3,12,0,1,0,1,1,0,4,9,5,3,2
2015.0,0.0,1.0,0.0,2,4,0,0,0,0,1,5,1,1,0,0,2,1,1,19,3,12,0,1,0,1,2,0,6,5,7,3,9
2015.0,-123.0,0.0,0.0,3,4,3,0,0,0,1,3,0,1,0,1,2,1,1,7,4,12,0,1,0,2,1,0,0,2,5,3,9
2015.0,-60.0,0.0,0.0,3,6,3,0,0,0,1,2,1,1,0,1,2,1,1,8,4,12,0,1,0,1,1,0,6,7,5,8,3
2015.0,0.0,0.0,0.0,3,10,3,0,0,0,1,1,1,1,0,0,1,1,1,10,4,12,0,0,0,1,1,0,3,5,5,9,9
2015.0,55.0,0.0,0.0,3,5,3,0,0,0,1,2,1,1,0,0,5,1,1,12,4,12,0,0,0,1,1,0,4,5,5,8,1
2015.0,-235.0,0.0,0.0,3,4,3,0,0,0,1,1,1,1,0,0,2,1,1,12,4,12,0,0,0,1,1,0,0,2,5,3,9
2015.0,145.0,0.0,0.0,3,1,3,0,0,0,1,5,1,1,0,0,5,1,1,14,4,12,0,0,0,0,1,0,4,9,5,3,2
2015.0,0.0,0.0,0.0,3,4,3,0,0,0,2,9,1,1,0,0,5,1,1,14,4,12,0,0,0,0,1,0,4,2,5,3,9
2015.0,0.0,2.0,0.0,3,4,3,0,0,0,1,5,1,1,0,1,9,1,1,14,4,12,0,0,0,1,1,0,4,2,5,3,9
2015.0,-127.0,1.0,0.0,2,6,3,0,0,0,1,5,0,1,0,1,5,1,1,15,4,12,0,0,0,1,1,0,6,7,5,8,3
2015.0,0.0,0.0,0.0,3,4,3,0,0,0,0,4,1,1,0,0,5,1,1,16,4,12,0,1,0,1,1,0,4,2,5,3,9
2015.0,0.0,0.0,0.0,3,4,3,0,0,0,2,9,1,1,0,1,5,1,1,17,4,12,0,1,0,0,1,0,4,2,5,3,9
2015.0,-585.0,0.0,0.0,3,6,0,0,0,0,0,1,1,1,0,0,1,1,1,18,4,12,0,1,0,1,1,0,4,7,5,8,3
2015.0,65.0,0.0,0.0,3,6,0,0,0,0,1,9,1,1,0,1,9,1,1,18,4,12,0,1,0,1,2,0,6,7,5,8,8
2015.0,0.0,0.0,0.0,3,10,0,0,0,0,1,2,1,1,0,1,2,1,1,19,4,12,0,1,0,1,1,0,4,9,5,3,9
2015.0,0.0,0.0,0.0,3,1,0,0,0,0,0,2,1,1,0,1,9,1,1,19,4,12,0,1,0,1,1,0,2,5,5,3,3
2015.0,0.0,0.0,0.0,3,9,3,0,0,0,1,2,1,1,0,1,5,1,1,11,5,12,1,0,0,1,2,0,4,5,5,3,9
2015.0,10.0,1.0,0.0,1,5,3,1,0,0,0,1,1,1,2,0,9,1,1,13,5,12,1,0,0,1,1,0,4,2,5,3,9
2015.0,25.0,0.0,0.0,3,6,3,1,0,0,1,5,1,1,0,1,5,1,1,14,5,12,1,0,0,1,1,0,2,7,5,8,3
2015.0,60.0,0.0,0.0,3,6,3,0,0,0,1,5,1,1,0,1,5,1,1,15,5,12,1,0,0,1,1,0,4,7,5,8,3
2015.0,0.0,2.0,0.0,2,1,0,0,0,0,1,2,1,1,0,1,1,1,1,17,5,12,1,1,0,1,2,0,6,5,5,3,9
2015.0,-103.0,0.0,1.0,0,5,0,0,0,3,0,1,0,1,0,1,5,1,1,19,5,12,1,1,0,1,1,0,6,6,5,3,7
2015.0,100.0,0.0,0.0,3,6,0,0,0,0,0,9,1,1,0,0,9,1,1,21,5,12,1,0,0,1,1,0,4,7,5,8,3
2015.0,40.0,0.0,0.0,3,9,0,0,0,0,0,5,1,1,0,0,2,1,1,21,5,12,1,0,0,2,2,0,6,2,5,3,9
2015.0,0.0,0.0,0.0,3,1,0,0,0,0,2,2,1,1,0,1,9,1,1,1,6,12,1,0,0,0,1,0,4,2,5,3,3
2015.0,-42.0,0.0,0.0,3,6,3,0,0,0,0,1,1,1,0,1,1,1,1,10,6,12,1,0,0,2,0,0,4,7,5,8,3
2015.0,26.0,0.0,0.0,3,10,3,0,0,0,1,9,1,1,0,1,9,1,1,13,6,12,1,0,0,2,1,0,4,9,5,3,3
2015.0,220.0,0.0,0.0,3,1,3,0,0,0,1,2,1,1,0,0,1,1,1,14,6,12,1,0,0,1,2,0,6,2,5,3,5
2015.0,-40.0,0.0,0.0,3,6,3,0,0,0,0,2,1,1,0,0,2,1,1,15,6,12,1,0,0,1,2,0,4,7,5,3,3
2015.0,-90.0,0.0,0.0,3,6,0,0,3,0,0,1,1,1,0,1,1,1,1,18,6,12,1,1,0,2,2,0,2,7,5,8,3
2015.0,-371.0,0.0,0.0,3,10,0,4,0,0,0,4,0,1,0,1,2,1,1,22,6,12,1,0,0,2,1,0,0,2,5,3,9
2015.0,100.0,0.0,0.0,3,10,0,0,0,0,1,5,1,1,0,1,5,1,1,5,0,12,0,0,0,1,1,0,6,9,5,3,2
2015.0,192.0,0.0,0.0,3,4,3,0,0,0,1,5,1,1,0,0,9,1,1,13,0,12,0,0,0,1,1,0,6,2,5,3,9
2015.0,190.0,0.0,0.0,3,1,3,0,0,0,2,5,1,1,0,0,9,1,1,16,0,12,0,1,0,0,2,0,0,2,5,3,9
2015.0,20.0,0.0,0.0,3,10,3,0,0,0,1,9,1,1,0,0,9,1,1,17,0,12,0,1,0,0,1,0,4,4,5,8,9
2015.0,-755.0,3.0,0.0,2,6,0,0,0,0,1,1,1,1,0,0,1,1,1,17,0,12,0,1,0,2,1,0,6,7,5,8,3
2015.0,-40.0,0.0,0.0,3,10,4,0,0,0,1,5,1,1,0,0,5,1,1,18,0,12,0,1,0,1,1,0,4,9,5,3,0
2015.0,0.0,0.0,0.0,3,10,3,0,0,0,0,9,1,1,0,1,9,1,1,10,1,12,0,0,0,1,1,0,4,5,5,9,9
2015.0,0.0,0.0,0.0,3,1,3,0,0,0,1,9,1,1,0,1,3,1,1,12,1,12,0,0,0,1,1,0,2,2,5,9,3
2015.0,148.0,0.0,0.0,3,10,3,0,0,0,1,5,1,1,0,1,5,1,1,13,1,12,0,0,0,1,2,0,4,9,5,8,3
2015.0,80.0,0.0,0.0,3,10,3,1,0,0,0,9,1,1,0,0,9,1,1,14,1,12,0,0,0,2,1,0,4,9,5,3,2
2015.0,0.0,0.0,0.0,3,1,3,1,0,0,0,9,1,1,0,0,2,1,1,15,1,12,0,0,0,1,1,0,4,2,5,3,9
2015.0,417.0,0.0,0.0,3,6,3,0,0,0,0,5,1,1,0,0,5,1,1,16,1,12,0,1,0,2,2,0,6,7,5,8,3
2015.0,-200.0,0.0,0.0,3,6,3,0,0,0,0,1,1,1,0,0,1,1,1,16,1,12,0,1,0,0,1,0,6,7,5,8,3
2015.0,52.0,1.0,0.0,2,4,4,1,0,0,0,2,1,1,0,1,5,1,1,17,1,12,0,1,0,2,1,0,6,2,5,3,9
2015.0,500.0,2.0,0.0,3,1,0,3,4,0,0,2,1,1,0,1,2,1,1,20,1,12,0,0,1,0,1,0,6,4,5,3,9
2015.0,0.0,1.0,0.0,3,4,0,1,0,0,1,9,1,1,0,0,1,1,1,22,1,12,0,0,0,1,1,0,4,2,5,9,3
2015.0,-800.0,1.0,0.0,3,6,0,0,0,0,1,1,1,1,1,1,1,1,1,23,1,12,0,0,0,2,1,0,6,7,5,6,3
2015.0,0.0,0.0,0.0,3,4,3,1,0,0,0,1,1,1,0,1,9,1,1,9,2,12,0,1,0,0,1,0,4,2,5,3,9
2015.0,60.0,0.0,0.0,3,1,3,1,0,0,0,2,1,1,0,1,5,1,1,11,2,12,0,0,0,1,1,0,4,5,5,3,9
2015.0,-115.0,0.0,0.0,3,6,3,0,0,0,0,5,1,1,0,1,5,1,1,12,2,12,0,0,0,2,1,0,6,7,5,8,3
2015.0,340.0,0.0,0.0,3,6,3,0,0,0,2,9,1,1,0,0,9,1,1,13,2,12,0,0,0,0,1,0,6,7,5,8,3
2015.0,0.0,0.0,0.0,3,1,3,0,0,0,0,9,1,1,0,0,2,1,1,14,2,12,0,0,0,0,1,0,4,2,5,9,3
2015.0,-372.0,0.0,0.0,3,4,3,0,0,0,1,9,1,1,0,0,1,1,1,16,2,12,0,1,0,1,1,0,6,5,5,3,9
2015.0,-27.0,0.0,0.0,3,4,1,0,0,0,0,2,1,1,0,1,1,1,1,17,2,12,0,1,0,1,1,0,6,2,5,3,9
2015.0,0.0,0.0,0.0,3,6,0,1,0,0,0,1,1,1,0,1,1,1,1,19,2,12,0,1,0,1,1,0,6,7,5,3,3
2015.0,-100.0,1.0,0.0,3,6,0,0,0,0,1,9,0,1,0,1,9,1,1,21,2,12,0,0,0,1,1,0,4,7,5,8,3
2015.0,100.0,0.0,0.0,3,6,3,0,0,0,0,9,1,1,0,1,9,1,1,10,3,12,0,0,0,2,1,0,4,7,5,8,3