Year,Distance,Totalinjuries,Totalfatalities,Injuryseverity,Collisionmanner,Lightcondition,Weather,SurfaceCondition,Unittype_One,Gender_Drv1,Traveldirection_One,AlcoholUse_Drv1,DrugUse_Drv1,Unittype_Two,Gender_Drv2,Traveldirection_Two,AlcoholUse_Drv2,DrugUse_Drv2,Hour,Weekday,Month,Weekend,Rush_Hour,Hazardous_Road,Age_Group_Drv1,Age_Group_Drv2,Substance_Use,Junction_Category,Violation_Category_Drv1,Violation_Category_Drv2,Unitaction_Category_Two,Unitaction_Category_One
2015.0,280.0,2.0,0.0,2,6,3,0,0,0,1,2,1,1,0,1,2,1,1,11,3,12,0,0,0,2,2,0,0,7,5,9,3
2015.0,370.0,1.0,0.0,3,5,3,0,0,0,0,2,1,1,2,1,2,1,1,11,3,12,0,0,0,1,0,0,0,2,5,3,9
2015.0,-487.0,0.0,0.0,3,1,3,0,0,0,1,1,1,1,0,0,5,1,1,11,3,12,0,0,0,2,1,0,6,2,5,3,5
2015.0,0.0,1.0,0.0,3,4,3,1,0,0,0,2,1,1,0,1,5,1,1,12,3,12,0,0,0,1,1,0,2,2,5,3,9
2015.0,425.0,1.0,0.0,2,6,3,0,0,0,1,1,1,1,0,1,1,1,1,13,3,12,0,0,0,1,2,0,6,7,5,8,3
2015.0,0.0,0.0,0.0,3,1,3,0,0,0,1,5,1,1,0,0,1,1,1,14,3,12,0,0,0,1,1,0,4,2,5,3,3
2015.0,-305.0,0.0,0.0,3,6,0,0,0,0,0,2,1,1,0,0,2,1,1,17,3,12,0,1,0,1,1,0,6,7,5,3,3
2015.0,-10.0,0.0,0.0,3,1,0,1,0,2,1,9,1,1,0,0,2,1,1,18,3,12,0,1,0,1,0,0,4,2,5,8,3
2015.0,20.0,0.0,0.0,3,6,0,0,4,0,2,2,1,1,1,1,5,1,1,21,3,12,0,0,1,0,0,0,6,7,5,6,9
2015.0,86.0,0.0,0.0,3,6,0,0,0,0,2,9,1,1,0,0,9,1,1,15,4,12,0,0,0,0,1,0,4,7,5,8,3
2015.0,0.0,2.0,0.0,2,4,3,0,0,0,1,5,1,1,0,0,2,1,1,14,5,12,1,0,0,1,0,0,4,7,5,9,3
2015.0,-162.0,0.0,0.0,3,10,3,0,0,0,0,3,1,1,0,1,2,1,1,16,5,12,1,1,0,2,1,0,4,9,5,3,2
2015.0,306.0,0.0,0.0,3,6,3,0,0,0,0,5,1,1,0,0,5,1,1,16,5,12,1,1,0,2,1,0,8,7,5,9,3
2015.0,0.0,2.0,0.0,3,3,0,0,0,0,1,7,1,1,0,0,1,1,1,19,5,12,1,1,0,2,2,0,4,4,5,3,9
2015.0,0.0,0.0,0.0,3,4,3,0,0,0,0,9,1,1,0,1,5,1,1,15,6,12,1,0,0,1,1,0,4,7,5,9,3
2015.0,120.0,0.0,0.0,3,10,3,0,0,0,0,5,1,1,0,0,5,1,1,15,6,12,1,0,0,2,1,0,6,9,5,3,3
2015.0,-110.0,0.0,0.0,3,6,3,0,0,0,1,2,1,1,0,1,2,1,1,9,0,12,0,1,0,1,0,0,4,7,5,8,3
2015.0,0.0,0.0,0.0,3,1,3,0,0,0,0,9,1,1,0,0,1,1,1,9,0,12,0,1,0,1,1,0,4,2,5,3,9
2015.0,0.0,1.0,0.0,2,1,3,0,0,0,1,5,1,1,0,1,1,1,1,11,0,12,0,0,0,1,0,0,4,2,5,3,3
2015.0,215.0,0.0,0.0,3,10,3,0,0,0,1,9,1,1,0,1,9,1,1,13,0,12,0,0,0,2,2,0,4,9,5,3,2
2015.0,-280.0,0.0,0.0,3,6,3,0,0,0,1,2,1,1,0,1,2,1,1,13,0,12,0,0,0,1,1,0,6,7,5,9,3
2015.0,-280.0,0.0,0.0,3,4,3,0,0,0,1,1,1,1,0,1,5,1,1,16,0,12,0,1,0,0,2,0,0,2,5,3,9
2015.0,139.0,0.0,0.0,3,6,3,0,0,0,1,5,1,1,0,0,5,1,1,16,0,12,0,1,0,2,1,0,4,7,5,8,3
2015.0,0.0,1.0,0.0,2,1,3,0,0,0,1,1,1,1,0,0,5,1,1,18,0,12,0,1,0,1,1,0,4,2,5,3,3
2015.0,-43.0,0.0,0.0,3,6,3,0,0,0,2,5,1,1,0,0,2,1,1,7,1,12,0,1,0,0,1,0,4,5,5,8,1
2015.0,0.0,0.0,0.0,3,4,3,0,0,0,2,1,1,1,0,0,5,1,1,8,1,12,0,1,0,0,1,0,4,2,5,9,3
2015.0,-710.0,0.0,0.0,3,4,3,0,0,0,0,2,1,1,0,1,9,1,1,9,1,12,0,1,0,2,1,0,0,2,5,3,9
2015.0,-30.0,0.0,0.0,3,6,3,0,0,0,0,2,1,1,0,0,2,1,1,9,1,12,0,1,0,2,1,0,6,7,5,3,3
2015.0,-560.0,0.0,0.0,3,1,3,0,0,0,1,9,1,1,0,1,5,1,1,13,1,12,0,0,0,1,1,0,6,7,5,3,3
2015.0,-100.0,0.0,0.0,3,4,3,0,0,0,2,4,1,1,0,0,1,1,1,13,1,12,0,0,0,0,0,0,6,2,5,3,9
2015.0,10.0,0.0,0.0,3,1,3,0,0,0,1,9,1,1,0,1,5,1,1,15,1,12,0,0,0,1,2,0,4,5,5,8,0
2015.0,0.0,1.0,0.0,3,5,3,0,0,0,2,7,1,1,3,0,1,1,1,16,1,12,0,1,0,0,2,0,4,2,5,7,9
2015.0,-495.0,0.0,0.0,3,1,0,0,0,0,1,2,1,1,0,1,9,1,1,18,1,12,0,1,0,0,1,0,2,5,5,9,3
2015.0,100.0,0.0,0.0,3,10,0,0,0,0,0,5,1,1,0,1,5,1,1,18,1,12,0,1,0,0,1,0,6,9,5,3,2
2015.0,66.0,0.0,0.0,3,6,0,0,0,0,0,1,1,1,0,0,1,1,1,19,1,12,0,1,0,2,2,0,0,7,5,9,3
2015.0,75.0,2.0,0.0,3,6,0,0,0,0,1,5,0,1,0,1,5,1,1,21,1,12,0,0,0,1,1,0,4,7,5,8,3
2015.0,38.0,0.0,0.0,3,6,0,0,0,0,1,9,0,1,0,1,9,1,1,23,1,12,0,0,0,1,1,0,4,8,5,3,3
2015.0,-274.0,0.0,0.0,3,10,2,0,0,0,0,1,1,1,1,1,1,1,1,6,2,12,0,0,0,2,2,0,6,5,5,6,3
2015.0,88.0,2.0,0.0,2,3,3,0,0,0,1,2,1,1,0,0,5,1,1,12,2,12,0,0,0,2,1,0,4,4,5,8,9
2015.0,-65.0,0.0,0.0,3,6,3,0,0,0,0,2,1,1,0,1,2,1,1,12,2,12,0,0,0,1,1,0,4,7,5,8,3
2015.0,-891.0,0.0,0.0,3,6,3,0,0,0,1,5,1,1,0,0,5,1,1,13,2,12,0,0,0,2,1,0,6,7,5,9,3
2015.0,-118.0,0.0,0.0,3,6,3,0,0,0,2,1,1,1,0,0,1,1,1,14,2,12,0,0,0,0,1,0,4,8,5,8,3
2015.0,45.0,1.0,0.0,3,6,3,0,0,0,0,5,1,1,0,1,5,1,1,14,2,12,0,0,0,0,1,0,4,7,5,8,3
2015.0,0.0,0.0,0.0,3,4,3,0,0,0,0,9,1,1,0,0,1,1,1,15,2,12,0,0,0,1,2,0,4,2,5,9,3
2015.0,530.0,2.0,0.0,2,5,3,0,0,0,1,9,1,1,0,0,9,1,1,16,2,12,0,1,0,1,1,0,6,4,5,3,9
2015.0,113.0,0.0,0.0,3,10,3,0,0,0,1,9,1,1,0,1,9,1,1,9,3,12,0,1,0,2,1,0,4,9,5,3,2
2015.0,116.0,0.0,0.0,3,1,3,0,0,0,0,4,1,1,0,1,2,1,1,11,3,12,0,0,0,2,1,0,6,2,5,3,9
2015.0,-306.0,0.0,0.0,3,10,3,0,0,0,0,2,1,1,0,1,2,1,1,11,3,12,0,0,0,0,1,0,6,9,5,3,2
2015.0,0.0,2.0,0.0,2,1,3,0,0,0,1,5,1,1,0,0,1,1,1,12,3,12,0,0,0,1,2,0,4,2,5,3,3
2015.0,-50.0,0.0,0.0,3,6,3,0,0,0,2,1,1,1,0,1,1,1,1,14,3,12,0,0,0,0,1,0,4,7,5,8,3
2015.0,-150.0,0.0,0.0,3,6,3,0,0,0,0,2,1,1,0,1,2,1,1,15,3,12,0,0,0,2,1,0,4,7,5,8,3
2015.0,-10.0,0.0,0.0,3,6,3,0,0,0,0,1,1,1,0,0,1,1,1,16,3,12,0,1,0,2,1,0,4,7,5,8,3
2015.0,200.0,0.0,0.0,3,6,3,0,0,0,1,1,1,1,0,1,1,1,1,16,3,12,0,1,0,1,1,0,6,7,5,8,3
2015.0,50.0,0.0,0.0,3,6,3,0,0,0,0,2,1,1,0,0,2,1,1,16,3,12,0,1,0,1,2,0,4,2,5,3,9
2015.0,20.0,0.0,0.0,3,1,3,0,0,0,2,4,1,1,0,0,9,1,1,16,3,12,0,1,0,0,1,0,4,4,5,3,9
2015.0,130.0,0.0,0.0,3,6,3,0,0,0,0,1,1,1,0,0,1,1,1,17,3,12,0,1,0,2,1,0,4,8,5,8,3
2015.0,0.0,0.0,0.0,3,10,0,0,0,0,1,2,1,1,0,1,4,1,1,18,3,12,0,1,0,1,1,0,4,9,5,9,9
2015.0,-200.0,0.0,0.0,3,1,0,0,0,0,1,7,1,1,0,1,7,1,1,18,3,12,0,1,0,0,0,0,0,5,5,5,5
2015.0,120.0,0.0,0.0,3,12,0,0,0,0,2,8,1,1,1,1,1,1,1,21,3,12,0,0,0,0,2,0,6,5,5,6,5
2015.0,110.0,0.0,0.0,3,6,0,0,0,0,1,5,1,1,0,0,5,1,1,22,3,12,0,0,0,2,1,0,4,8,5,8,3
2016.0,0.0,0.0,0.0,3,4,0,0,0,0,1,2,1,1,0,1,9,1,1,1,4,1,0,0,0,1,1,0,4,2,5,5,9
2016.0,40.0,0.0,0.0,3,4,0,0,0,0,0,3,1,1,0,1,3,0,1,2,4,1,0,0,0,2,1,0,4,4,5,9,9
2016.0,0.0,1.0,0.0,3,4,0,0,0,0,1,2,1,1,0,1,5,1,1,3,4,1,0,0,0,0,1,0,4,7,5,9,3
2016.0,0.0,0.0,0.0,3,1,3,0,0,0,2,2,1,1,0,1,9,1,1,9,4,1,0,1,0,0,2,0,4,2,5,3,3
2016.0,105.0,1.0,0.0,1,6,3,0,0,0,1,5,1,1,0,1,5,1,1,9,4,1,0,1,0,1,0,0,6,7,5,8,3
2016.0,0.0,0.0,0.0,3,10,3,0,0,0,2,5,1,1,0,0,5,1,1,10,4,1,0,0,0,0,1,0,4,5,5,9,5
2016.0,253.0,1.0,0.0,2,5,3,0,0,3,1,9,1,1,0,1,5,1,1,12,4,1,0,0,0,0,2,0,6,6,5,3,7
2016.0,50.0,0.0,0.0,3,6,3,0,0,0,0,9,1,1,0,1,9,1,1,14,4,1,0,0,0,1,0,0,4,7,5,8,3
2016.0,-324.0,0.0,0.0,3,12,0,0,0,0,2,8,1,1,0,1,9,1,1,16,4,1,0,1,0,0,2,0,6,5,5,6,5
2016.0,0.0,3.0,0.0,2,4,0,0,0,0,1,9,1,1,0,0,1,1,1,19,4,1,0,1,0,1,2,0,4,2,5,3,9
2016.0,-20.0,0.0,0.0,3,9,0,0,0,0,1,5,1,1,0,0,2,1,1,19,4,1,0,1,0,1,1,0,4,5,5,8,1
2016.0,0.0,0.0,0.0,3,4,0,0,0,0,1,2,1,1,0,1,7,1,1,20,4,1,0,0,0,1,1,0,4,2,5,9,3
2016.0,0.0,0.0,0.0,3,1,3,0,0,0,0,2,1,1,0,1,9,1,1,12,5,1,1,0,0,2,1,0,4,2,5,9,3
2016.0,-339.0,0.0,0.0,3,4,3,0,0,0,0,2,1,1,0,0,1,1,1,13,5,1,1,0,0,1,0,0,6,2,5,3,9
2016.0,0.0,0.0,0.0,3,1,3,0,0,0,1,9,1,1,0,1,2,1,1,12,6,1,1,0,0,1,2,0,2,2,5,9,3
2016.0,0.0,0.0,0.0,3,1,3,0,0,0,1,5,1,1,0,1,1,1,1,13,6,1,1,0,0,2,2,0,4,7,5,9,3
2016.0,82.0,0.0,0.0,3,6,3,0,0,0,1,2,1,1,0,0,2,1,1,14,6,1,1,0,0,2,2,0,6,7,5,9,3
2016.0,0.0,1.0,0.0,2,4,0,0,0,0,1,2,1,1,0,0,5,1,1,21,6,1,1,0,0,2,2,0,4,2,5,3,9
2016.0,0.0,0.0,0.0,3,1,0,0,0,0,1,9,1,1,0,1,5,1,1,5,0,1,0,0,0,1,2,0,4,2,5,3,9
2016.0,-14.0,0.0,0.0,3,1,2,1,0,0,0,4,1,1,0,1,1,1,1,7,0,1,0,1,0,1,1,0,4,2,5,3,9
2016.0,63.0,0.0,0.0,3,6,3,0,0,0,1,6,1,1,0,1,6,1,1,7,0,1,0,1,0,1,1,0,4,7,5,8,3
2016.0,0.0,0.0,0.0,3,1,2,1,0,0,1,5,1,1,0,1,2,1,1,7,0,1,0,1,0,0,1,0,4,2,5,3,3
2016.0,-420.0,0.0,0.0,3,10,3,0,0,0,0,2,1,1,0,0,2,1,1,8,0,1,0,1,0,1,1,0,6,7,5,3,8
2016.0,-288.0,0.0,0.0,3,4,3,3,4,0,0,1,1,1,0,0,2,1,1,11,0,1,0,0,1,0,1,0,0,2,5,3,9
2016.0,0.0,1.0,0.0,2,4,3,3,4,0,1,9,1,1,0,1,2,1,1,12,0,1,0,0,1,1,0,0,4,2,5,3,9
2016.0,-108.0,0.0,0.0,3,6,3,1,4,0,0,1,1,1,0,1,1,1,1,14,0,1,0,0,1,2,0,0,4,7,5,8,3
2016.0,150.0,0.0,0.0,3,6,3,1,4,0,0,9,1,1,0,0,9,1,1,15,0,1,0,0,1,1,2,0,4,7,5,8,3
2016.0,80.0,0.0,0.0,3,6,3,3,4,0,1,1,1,1,0,0,1,1,1,15,0,1,0,0,1,2,1,0,6,7,5,8,3
2016.0,-722.0,1.0,0.0,2,4,3,3,4,0,1,2,1,1,3,0,5,1,1,16,0,1,0,1,1,1,0,0,0,2,5,7,9
2016.0,0.0,2.0,0.0,2,1,3,0,0,0,0,1,1,1,0,1,2,1,1,16,0,1,0,1,0,1,1,0,2,2,5,3,3
2016.0,130.0,0.0,0.0,3,6,4,3,4,0,2,5,1,1,0,0,5,1,1,17,0,1,0,1,1,0,1,0,6,5,5,8,3
2016.0,-260.0,0.0,0.0,3,6,0,3,4,0,0,2,1,1,0,0,2,1,1,17,0,1,0,1,1,2,1,0,4,5,7,8,3
2016.0,0.0,1.0,0.0,2,4,0,3,4,0,1,1,1,1,0,1,9,1,1,18,0,1,0,1,1,1,1,0,4,2,5,9,3
2016.0,21.0,0.0,0.0,3,6,0,3,4,0,1,5,1,1,0,1,5,1,1,20,0,1,0,0,1,2,0,0,4,7,5,5,3
2016.0,0.0,0.0,0.0,3,1,0,3,4,0,0,1,1,1,0,1,2,1,1,20,0,1,0,0,1,1,1,0,4,5,5,3,3
2016.0,0.0,0.0,0.0,3,4,0,0,0,0,0,2,1,1,0,0,5,1,1,0,1,1,0,0,0,2,1,0,4,2,5,3,9
2016.0,-10.0,0.0,0.0,3,10,0,3,4,0,0,2,1,1,0,1,2,1,1,5,1,1,0,0,1,0,1,0,4,4,5,9,9
2016.0,195.0,0.0,0.0,3,6,3,1,4,0,0,2,1,1,0,0,2,1,1,7,1,1,0,1,1,1,1,0,4,8,5,8,3
2016.0,-78.0,0.0,0.0,3,6,3,1,0,0,0,1,1,1,0,1,1,1,1,9,1,1,0,1,0,2,1,0,4,7,5,8,3
2016.0,0.0,0.0,0.0,3,4,3,3,4,0,1,2,1,1,0,1,5,1,1,12,1,1,0,0,1,1,1,0,2,2,5,9,3
2016.0,-150.0,0.0,0.0,3,10,3,3,4,0,2,9,1,1,0,0,9,1,1,14,1,1,0,0,1,0,1,0,6,9,5,3,2
2016.0,0.0,0.0,0.0,3,10,3,3,4,0,0,1,1,1,0,1,9,1,1,15,1,1,0,0,1,1,1,0,2,2,5,9,9
2016.0,768.0,0.0,0.0,3,4,3,4,4,0,1,1,1,1,0,1,2,1,1,15,1,1,0,0,1,1,0,0,0,2,5,3,9
2016.0,107.0,0.0,0.0,3,6,3,0,4,0,0,9,1,1,0,0,9,1,1,15,1,1,0,0,1,1,1,0,4,7,5,8,3
2016.0,-288.0,1.0,0.0,2,4,3,3,4,0,0,9,1,1,0,1,5,1,1,16,1,1,0,1,1,0,1,0,0,2,5,3,9
2016.0,35.0,1.0,0.0,3,5,0,3,4,0,1,9,1,1,3,1,5,1,1,6,2,1,0,0,1,1,2,0,4,2,5,7,9
2016.0,100.0,0.0,0.0,3,6,3,1,4,0,1,9,1,1,0,0,9,1,1,7,2,1,0,1,1,1,1,0,4,7,5,8,3
2016.0,-106.0,0.0,0.0,3,10,3,0,4,0,0,2,1,1,0,1,2,1,1,9,2,1,0,1,1,1,2,0,2,9,5,3,2
2016.0,-300.0,0.0,0.0,3,10,3,0,0,0,1,1,1,1,0,1,1,1,1,9,2,1,0,1,0,1,1,0,6,9,5,3,2
2016.0,-170.0,3.0,0.0,2,6,3,0,0,0,0,2,1,1,0,0,2,1,1,11,2,1,0,0,0,1,2,0,4,7,5,8,3
2016.0,380.0,0.0,0.0,3,5,3,0,0,0,1,2,1,1,0,0,2,1,1,12,2,1,0,0,0,2,1,0,6,2,5,3,9
2016.0,68.0,0.0,0.0,3,10,3,0,0,0,0,2,1,1,0,1,2,1,1,14,2,1,0,0,0,2,1,0,4,2,5,9,3
2016.0,0.0,1.0,0.0,3,4,3,1,0,0,0,9,1,1,0,1,5,1,1,14,2,1,0,0,0,2,1,0,4,2,5,3,9
2016.0,72.0,0.0,0.0,3,6,3,1,0,0,0,5,1,1,0,1,5,1,1,15,2,1,0,0,0,1,1,0,4,7,5,8,3
2016.0,431.0,0.0,0.0,3,10,3,1,0,0,1,5,1,1,0,1,5,1,1,16,2,1,0,1,0,2,1,0,6,7,5,8,2
2016.0,400.0,0.0,0.0,3,4,3,0,0,0,1,9,1,1,0,1,1,1,1,16,2,1,0,1,0,2,1,0,0,2,5,3,9
2016.0,469.0,0.0,0.0,3,12,3,0,0,0,2,8,1,1,1,1,1,1,1,16,2,1,0,1,0,0,1,0,6,5,5,6,5
2016.0,-829.0,0.0,0.0,3,4,3,1,0,0,0,9,1,1,0,0,2,1,1,17,2,1,0,1,0,1,1,0,0,2,5,8,9
2016.0,-100.0,0.0,0.0,3,10,3,0,0,0,1,1,1,1,0,1,1,1,1,18,2,1,0,1,0,2,2,0,4,9,5,3,3
2016.0,55.0,0.0,0.0,3,6,0,1,0,0,1,5,1,1,0,1,5,1,1,18,2,1,0,1,0,1,1,0,4,7,5,8,3
2016.0,-269.0,0.0,0.0,3,10,0,1,0,0,2,1,1,1,0,0,1,1,1,18,2,1,0,1,0,0,1,0,6,5,5,3,2
2016.0,-15.0,0.0,0.0,3,6,2,3,4,0,1,2,1,1,0,1,2,1,1,5,3,1,0,0,1,2,1,0,4,7,5,3,3
2016.0,0.0,0.0,0.0,3,4,0,3,4,0,1,9,1,1,0,1,5,1,1,6,3,1,0,0,1,0,1,0,4,2,5,9,3
2016.0,-110.0,2.0,0.0,3,1,0,3,4,0,1,1,1,1,0,1,1,1,1,6,3,1,0,0,1,1,1,0,4,9,5,3,2
2016.0,-10.0,0.0,0.0,3,4,2,1,4,0,1,1,1,1,0,0,9,1,1,7,3,1,0,1,1,1,0,0,4,2,5,3,9
2016.0,-475.0,0.0,0.0,3,1,3,1,4,0,1,9,1,1,0,1,2,1,1,7,3,1,0,1,1,1,1,0,6,2,5,3,9
2016.0,0.0,0.0,0.0,3,4,3,3,4,0,1,1,1,1,0,1,2,1,1,9,3,1,0,1,1,1,2,0,4,5,5,9,3
2016.0,-410.0,0.0,0.0,3,6,3,3,4,0,0,2,1,1,0,0,2,1,1,12,3,1,0,0,1,1,1,0,4,7,5,8,3
2016.0,25.0,0.0,0.0,3,6,3,0,0,0,0,9,1,1,0,0,9,1,1,12,3,1,0,0,0,1,1,0,2,7,5,9,9
2016.0,-85.0,0.0,0.0,3,5,3,0,0,0,2,5,1,1,0,1,2,1,1,12,3,1,0,0,0,0,2,0,4,5,5,3,1
2016.0,330.0,2.0,0.0,2,4,3,3,4,0,1,9,1,1,0,0,1,1,1,13,3,1,0,0,1,2,0,0,6,2,5,3,9
2016.0,-330.0,0.0,0.0,3,6,3,1,4,0,1,2,0,1,0,1,2,1,1,13,3,1,0,0,1,1,1,0,6,7,5,8,3
2016.0,380.0,0.0,0.0,3,6,3,1,0,0,1,1,1,1,0,0,1,1,1,15,3,1,0,0,0,2,1,0,6,7,5,8,3
2016.0,-106.0,2.0,0.0,2,6,3,3,4,0,2,1,1,1,0,0,1,1,1,15,3,1,0,0,1,0,1,0,4,7,5,8,3
2016.0,0.0,0.0,0.0,3,1,3,3,4,0,0,1,1,1,0,1,2,1,1,16,3,1,0,1,1,1,1,0,4,2,5,3,3
2016.0,300.0,0.0,0.0,3,6,3,3,4,0,0,5,1,1,0,0,5,1,1,17,3,1,0,1,1,1,0,0,4,7,5,8,3
2016.0,-63.0,0.0,0.0,3,6,0,3,4,0,1,2,1,1,0,0,0,1,1,17,3,1,0,1,1,1,1,0,4,7,5,8,3
2016.0,-200.0,0.0,0.0,3,10,0,3,4,0,0,1,1,1,0,0,1,1,1,17,3,1,0,1,1,0,2,0,4,4,5,3,2
2016.0,0.0,0.0,0.0,3,4,0,1,0,0,0,1,1,1,0,0,5,1,1,18,3,1,0,1,0,2,1,0,4,2,5,9,3
2016.0,530.0,2.0,0.0,2,4,0,3,4,0,0,5,1,1,0,0,1,1,1,18,3,1,0,1,1,0,1,0,0,9,5,3,9
2016.0,0.0,0.0,0.0,3,6,0,0,4,0,1,9,1,1,0,0,9,1,1,21,3,1,0,0,1,2,2,0,4,7,5,9,3
2016.0,0.0,1.0,0.0,3,6,1,1,0,0,1,9,1,1,0,1,9,1,1,5,4,1,0,0,0,1,1,0,4,7,5,9,8
2016.0,0.0,0.0,0.0,3,4,0,0,0,0,1,2,1,1,0,1,5,1,1,6,4,1,0,0,0,1,2,0,4,5,5,3,9
2016.0,0.0,0.0,0.0,3,10,0,1,0,0,2,5,1,1,0,1,5,1,1,6,4,1,0,0,0,0,1,0,2,4,5,3,9
2016.0,-0.1,1.0,0.0,3,1,0,0,0,0,0,7,1,1,0,1,1,1,1,6,4,1,0,0,0,1,1,0,6,2,5,3,9
2016.0,0.0,0.0,0.0,3,6,3,0,0,0,1,9,1,1,0,1,9,1,1,12,4,1,0,0,0,2,0,0,4,8,5,8,3
2016.0,90.0,0.0,0.0,3,6,3,0,0,0,1,9,1,1,0,1,9,1,1,13,4,1,0,0,0,1,0,0,6,7,5,8,3
2016.0,0.0,0.0,0.0,3,4,3,0,0,0,0,2,1,1,0,1,5,1,1,14,4,1,0,0,0,2,1,0,4,2,5,3,9
2016.0,53.0,3.0,0.0,3,6,3,0,0,0,1,9,1,1,0,1,9,1,1,14,4,1,0,0,0,1,1,0,4,7,5,8,3
2016.0,139.0,0.0,0.0,3,4,3,0,0,0,1,5,1,1,0,1,1,1,1,15,4,1,0,0,0,2,0,0,0,2,5,3,9
2016.0,261.0,2.0,0.0,3,6,3,1,0,0,0,9,1,1,0,0,9,1,1,16,4,1,0,1,0,1,1,0,2,7,5,8,3
2016.0,121.0,0.0,0.0,3,10,4,0,0,0,0,1,1,1,0,0,1,1,1,17,4,1,0,1,0,1,2,0,4,5,5,3,3
2016.0,-260.0,0.0,0.0,3,10,0,0,0,0,1,2,1,1,0,0,2,1,1,18,4,1,0,1,0,1,1,0,4,9,5,3,2
2016.0,-418.0,2.0,0.0,3,3,0,1,0,0,0,5,1,1,0,1,2,1,1,19,4,1,0,1,0,1,1,0,0,9,5,3,9
2016.0,-10.0,1.0,0.0,3,5,0,1,0,0,2,1,1,1,3,1,2,1,1,21,4,1,0,0,0,0,0,0,4,2,5,7,9
2016.0,0.0,0.0,0.0,3,4,0,0,0,0,1,1,0,1,0,1,9,1,1,2,5,1,1,0,0,1,2,0,4,4,5,3,9
2016.0,-362.0,0.0,0.0,3,4,3,0,0,0,1,4,1,1,0,1,1,1,1,9,5,1,1,1,0,1,1,0,6,2,5,3,9
2016.0,0.0,0.0,0.0,3,4,3,0,0,0,1,9,1,1,0,1,5,1,1,13,5,1,1,0,0,1,1,0,4,2,5,9,9
2016.0,0.0,0.0,0.0,3,3,3,0,0,0,1,5,1,1,0,0,1,1,1,16,5,1,1,1,0,2,2,0,4,7,5,3,9
2016.0,0.0,0.0,0.0,3,4,0,0,0,0,1,9,1,1,0,1,1,1,1,19,5,1,1,1,0,2,1,0,4,4,5,3,9
2016.0,200.0,1.0,0.0,3,1,0,0,0,0,1,5,1,0,0,0,9,1,1,0,6,1,1,0,0,1,1,0,6,7,5,3,3
2016.0,256.0,0.0,0.0,3,10,3,0,0,0,1,9,1,1,0,1,9,1,1,10,6,1,1,0,0,0,1,0,4,7,5,8,2
2016.0,-72.0,0.0,0.0,3,6,3,0,0,0,0,5,1,1,0,1,5,1,1,12,6,1,1,0,0,2,1,0,6,7,5,3,3
2016.0,-67.0,0.0,0.0,3,6,3,0,0,0,0,2,1,1,0,1,2,1,1,12,6,1,1,0,0,1,1,0,2,7,5,8,3
2016.0,-200.0,0.0,0.0,3,6,3,0,0,0,0,9,1,1,0,1,9,1,1,12,6,1,1,0,0,1,2,0,6,7,5,8,3
2016.0,0.0,4.0,0.0,2,1,0,1,0,0,0,1,1,1,0,0,2,1,1,19,6,1,1,1,0,1,1,0,4,7,5,3,3
2016.0,34.0,0.0,0.0,3,6,0,0,0,0,1,5,0,1,0,0,5,1,1,22,6,1,1,0,0,1,1,0,4,7,5,8,3
2016.0,0.0,0.0,0.0,3,4,0,0,0,0,1,5,1,1,0,0,9,1,1,6,0,1,0,0,0,1,1,0,4,5,5,3,9
2016.0,140.0,1.0,0.0,3,6,3,0,0,0,1,1,1,1,0,0,1,1,1,7,0,1,0,1,0,2,1,0,6,7,5,8,3
2016.0,0.0,3.0,0.0,1,4,3,0,0,0,0,2,1,1,0,1,5,1,1,7,0,1,0,1,0,1,0,0,4,2,2,9,3
2016.0,-300.0,0.0,0.0,3,6,3,0,0,0,1,2,1,1,0,0,2,1,1,8,0,1,0,1,0,1,1,0,4,7,5,8,3
2016.0,-315.0,0.0,0.0,3,1,3,0,0,0,1,9,1,1,0,0,2,1,1,12,0,1,0,0,0,0,1,0,6,2,5,3,9
2016.0,0.0,0.0,0.0,3,4,3,0,0,0,1,3,1,1,0,1,9,1,1,12,0,1,0,0,0,1,1,0,4,5,5,3,9
2016.0,-75.0,0.0,0.0,3,6,3,0,0,0,1,5,1,1,0,0,5,1,1,12,0,1,0,0,0,2,1,0,6,7,5,8,3
2016.0,120.0,1.0,0.0,3,6,3,0,0,0,1,5,1,1,0,1,5,1,1,12,0,1,0,0,0,1,0,0,6,7,5,8,3
2016.0,760.0,0.0,0.0,3,1,3,0,3,0,1,9,1,1,0,1,2,0,1,16,0,1,0,1,0,1,1,0,6,2,5,3,9
2016.0,-75.0,0.0,0.0,3,6,3,0,0,0,1,5,1,1,0,1,5,1,1,16,0,1,0,1,0,1,2,0,6,7,5,8,3
2016.0,0.0,0.0,0.0,3,10,3,0,0,0,0,5,1,1,0,1,5,1,1,16,0,1,0,1,0,1,1,0,2,5,5,3,9
2016.0,42.0,0.0,0.0,3,10,3,0,0,0,0,2,1,1,1,1,1,1,1,16,0,1,0,1,0,1,1,0,4,7,5,6,9
2016.0,-55.0,0.0,0.0,3,6,3,0,0,0,1,1,1,1,0,1,1,1,1,17,0,1,0,1,0,1,1,0,6,7,5,8,3
2016.0,0.0,0.0,0.0,3,10,4,0,0,0,1,5,1,1,0,0,1,1,1,17,0,1,0,1,0,1,2,0,4,4,5,3,9
2016.0,100.0,0.0,0.0,3,4,4,0,0,0,1,5,1,1,0,0,9,1,1,18,0,1,0,1,0,2,2,0,0,2,5,3,9