Year,Distance,Totalinjuries,Totalfatalities,Injuryseverity,Collisionmanner,Lightcondition,Weather,SurfaceCondition,Unittype_One,Gender_Drv1,Traveldirection_One,AlcoholUse_Drv1,DrugUse_Drv1,Unittype_Two,Gender_Drv2,Traveldirection_Two,AlcoholUse_Drv2,DrugUse_Drv2,Hour,Weekday,Month,Weekend,Rush_Hour,Hazardous_Road,Age_Group_Drv1,Age_Group_Drv2,Substance_Use,Junction_Category,Violation_Category_Drv1,Violation_Category_Drv2,Unitaction_Category_Two,Unitaction_Category_One
2016.0,0.0,0.0,0.0,3,4,0,0,0,0,1,1,1,1,0,1,9,1,1,18,0,1,0,1,0,2,2,0,4,2,5,3,9
2016.0,0.0,0.0,0.0,3,4,0,0,0,0,1,5,1,1,0,1,2,1,1,23,0,1,0,0,0,2,2,0,4,2,5,9,3
2016.0,-140.0,0.0,0.0,3,6,2,0,0,0,0,2,1,1,0,1,2,1,1,6,1,1,0,0,0,1,0,0,6,7,5,3,3
2016.0,-200.0,0.0,0.0,3,10,3,0,0,0,0,9,1,1,0,0,9,1,1,7,1,1,0,1,0,2,2,0,6,2,5,3,9
2016.0,0.0,0.0,0.0,3,1,3,0,0,0,0,1,1,1,0,1,2,1,1,8,1,1,0,1,0,1,1,0,2,2,5,3,3
2016.0,80.0,1.0,0.0,3,6,3,0,0,0,1,2,1,1,0,0,2,1,1,8,1,1,0,1,0,2,1,0,6,7,5,8,3
2016.0,-114.0,0.0,0.0,3,6,3,0,0,0,0,2,1,1,0,1,2,1,1,9,1,1,0,1,0,2,1,0,4,7,5,8,3
2016.0,170.0,0.0,0.0,3,7,3,0,0,0,1,2,1,1,0,1,5,1,1,11,1,1,0,0,0,1,0,0,6,5,5,8,1
2016.0,-220.0,0.0,0.0,3,6,3,0,0,0,1,2,1,1,0,1,2,1,1,12,1,1,0,0,0,1,1,0,6,7,5,8,3
2016.0,-150.0,0.0,0.0,3,6,3,0,0,0,0,2,1,1,0,1,2,1,1,12,1,1,0,0,0,2,1,0,6,7,5,8,3
2016.0,-190.0,1.0,0.0,2,6,3,0,0,0,0,2,1,1,0,1,2,1,1,12,1,1,0,0,0,2,1,0,6,7,5,8,3
2016.0,-32.0,0.0,0.0,3,10,3,0,0,0,0,1,1,1,0,1,1,1,1,13,1,1,0,0,0,2,1,0,4,5,5,3,9
2016.0,-65.0,0.0,0.0,3,6,3,0,0,0,1,1,1,1,0,1,1,1,1,13,1,1,0,0,0,1,1,0,4,7,5,8,3
2016.0,-106.0,4.0,0.0,2,6,3,0,0,0,1,2,0,1,0,1,2,1,1,14,1,1,0,0,0,2,1,0,4,7,5,8,3
2016.0,-310.0,1.0,0.0,3,6,3,0,0,0,0,1,1,1,0,0,1,1,1,14,1,1,0,0,0,2,2,0,4,7,5,8,3
2016.0,-15.0,0.0,0.0,3,6,3,0,0,0,0,2,1,1,0,0,2,1,1,15,1,1,0,0,0,1,2,0,4,7,5,8,3
2016.0,-91.0,0.0,0.0,3,6,3,0,0,0,1,1,1,1,0,0,1,1,1,15,1,1,0,0,0,1,2,0,4,7,5,3,3
2016.0,0.0,0.0,0.0,3,4,3,0,0,0,1,9,1,1,0,1,1,1,1,15,1,1,0,0,0,1,1,0,4,5,5,3,9
2016.0,200.0,0.0,0.0,3,6,3,0,0,0,1,9,1,1,0,0,9,1,1,15,1,1,0,0,0,2,1,0,4,7,5,8,3
2016.0,100.0,1.0,0.0,2,6,3,0,0,0,0,1,1,1,0,1,1,1,1,16,1,1,0,1,0,1,0,0,6,7,5,8,3
2016.0,80.0,0.0,0.0,3,1,3,4,3,0,2,9,1,1,0,0,9,1,1,16,1,1,0,1,0,0,1,0,4,5,5,8,2
2016.0,-207.0,0.0,0.0,3,10,3,0,0,0,1,9,1,1,0,1,9,1,1,16,1,1,0,1,0,1,1,0,4,9,5,3,2
2016.0,200.0,0.0,0.0,3,6,3,0,0,0,1,9,1,1,0,0,9,1,1,16,1,1,0,1,0,1,1,0,6,5,7,3,8
2016.0,-4.0,0.0,0.0,3,10,0,0,0,0,2,2,1,1,0,1,2,1,1,17,1,1,0,1,0,0,1,0,4,5,5,8,9
2016.0,-32.0,1.0,0.0,1,6,0,0,0,0,1,1,0,1,0,1,1,1,1,21,1,1,0,0,0,1,1,0,2,7,5,8,3
2016.0,-150.0,0.0,0.0,3,10,2,0,0,0,0,2,1,1,0,0,2,1,1,7,2,1,0,1,0,0,1,0,1,9,5,3,2
2016.0,160.0,0.0,0.0,3,10,3,0,0,0,1,9,1,1,0,0,9,1,1,9,2,1,0,1,0,2,2,0,6,9,5,3,2
2016.0,490.0,0.0,0.0,3,4,3,0,0,0,0,5,1,1,0,0,2,1,1,10,2,1,0,0,0,0,2,0,6,5,5,3,9
2016.0,0.0,6.0,0.0,2,4,3,0,0,0,1,2,1,1,0,1,9,1,1,10,2,1,0,0,0,1,2,0,4,2,5,3,9
2016.0,240.0,1.0,0.0,2,5,3,0,0,0,0,1,1,1,2,1,1,1,1,13,2,1,0,0,0,1,2,0,6,5,5,3,9
2016.0,0.0,0.0,0.0,3,4,3,0,0,0,1,9,1,1,0,1,1,1,1,14,2,1,0,0,0,1,2,0,4,4,5,3,9
2016.0,-10.0,0.0,0.0,3,1,3,0,0,0,1,5,1,1,0,0,2,1,1,14,2,1,0,0,0,2,1,0,4,2,5,3,9
2016.0,-280.0,0.0,0.0,3,6,3,0,0,0,0,5,1,1,0,1,5,1,1,15,2,1,0,0,0,1,1,0,6,7,5,8,3
2016.0,163.0,0.0,0.0,3,6,3,0,0,0,1,5,1,1,0,1,5,1,1,16,2,1,0,1,0,2,1,0,4,7,5,8,3
2016.0,225.0,0.0,0.0,3,1,3,0,0,0,1,5,1,1,0,0,1,1,1,16,2,1,0,1,0,2,2,0,6,2,5,3,9
2016.0,300.0,0.0,0.0,3,6,3,0,0,0,0,1,1,1,0,1,1,1,1,17,2,1,0,1,0,1,1,0,6,7,5,8,3
2016.0,-150.0,3.0,0.0,2,6,0,0,0,0,1,2,1,1,0,0,2,1,1,17,2,1,0,1,0,0,1,0,4,7,5,8,3
2016.0,500.0,0.0,0.0,3,10,0,0,0,0,1,1,1,1,0,0,1,1,1,21,2,1,0,0,0,1,2,0,4,9,5,3,2
2016.0,-30.0,0.0,0.0,3,8,0,0,0,0,0,9,1,1,0,1,9,1,1,21,2,1,0,0,0,2,2,0,4,5,5,8,1
2016.0,0.0,3.0,0.0,3,1,3,0,0,0,0,5,1,1,0,0,9,1,1,7,3,1,0,1,0,1,1,0,4,4,5,3,9
2016.0,-50.0,0.0,0.0,3,10,3,0,0,0,0,2,1,1,0,0,2,1,1,8,3,1,0,1,0,2,0,0,4,9,5,8,2
2016.0,70.0,1.0,0.0,2,6,3,0,0,0,1,5,1,1,0,0,5,1,1,12,3,1,0,0,0,1,1,0,4,7,5,8,3
2016.0,65.0,0.0,0.0,3,10,3,0,0,0,0,5,1,1,0,0,5,1,1,13,3,1,0,0,0,1,2,0,4,5,5,8,9
2016.0,-212.0,1.0,0.0,2,4,3,0,0,0,1,2,1,1,0,1,1,1,1,13,3,1,0,0,0,2,2,0,0,2,5,3,9
2016.0,522.0,0.0,0.0,3,6,3,0,0,0,1,2,1,1,0,1,2,1,1,13,3,1,0,0,0,1,2,0,4,8,5,8,3
2016.0,-550.0,0.0,0.0,3,3,3,0,0,0,1,1,1,1,0,0,9,1,1,15,3,1,0,0,0,0,1,0,6,9,5,3,3
2016.0,-505.0,0.0,0.0,3,10,3,0,0,0,0,5,1,1,0,0,5,1,1,16,3,1,0,1,0,2,1,0,6,9,5,3,2
2016.0,-100.0,0.0,0.0,3,10,3,0,0,0,1,9,1,1,0,1,9,1,1,16,3,1,0,1,0,0,1,0,6,9,5,3,2
2016.0,530.0,0.0,0.0,3,1,3,0,0,0,1,1,1,1,0,1,5,1,1,17,3,1,0,1,0,1,1,0,0,2,5,3,9
2016.0,0.0,0.0,0.0,3,1,0,0,0,0,0,1,1,1,0,1,5,1,1,17,3,1,0,1,0,0,2,0,4,2,5,3,9
2016.0,-709.0,0.0,0.0,3,4,0,0,0,0,1,9,1,1,0,1,1,1,1,18,3,1,0,1,0,1,1,0,4,4,5,3,9
2016.0,0.0,0.0,0.0,3,4,0,0,0,0,0,2,1,1,0,1,5,1,1,20,3,1,0,0,0,2,1,0,4,2,5,9,3
2016.0,0.0,0.0,0.0,3,4,3,0,0,0,1,9,1,1,0,1,1,1,1,6,4,1,0,0,0,2,1,0,4,2,5,3,9
2016.0,-200.0,0.0,0.0,3,10,3,0,0,0,0,2,1,1,0,1,2,1,1,7,4,1,0,1,0,2,1,0,8,9,5,3,3
2016.0,-315.0,1.0,0.0,3,10,3,0,0,0,0,1,1,1,0,0,1,1,1,8,4,1,0,1,0,1,1,0,6,9,5,3,2
2016.0,400.0,0.0,0.0,3,12,3,0,0,0,2,8,1,1,1,1,9,1,1,10,4,1,0,0,0,0,1,0,6,5,5,6,5
2016.0,-94.0,0.0,0.0,3,6,3,0,0,0,0,2,1,1,0,0,2,1,1,12,4,1,0,0,0,1,0,0,6,7,5,8,3
2016.0,433.0,1.0,0.0,2,5,3,0,0,2,0,5,1,1,0,0,9,1,1,13,4,1,0,0,0,1,2,0,0,9,5,9,3
2016.0,-249.0,0.0,0.0,3,1,3,0,0,0,0,9,1,1,0,1,2,1,1,14,4,1,0,0,0,2,2,0,6,2,5,3,9
2016.0,305.0,2.0,0.0,2,6,3,1,0,0,0,5,1,1,0,0,5,1,1,14,4,1,0,0,0,1,1,0,6,7,5,8,3
2016.0,-166.0,0.0,0.0,3,6,3,0,0,0,0,1,1,1,0,1,1,1,1,15,4,1,0,0,0,2,2,0,4,7,5,8,3
2016.0,273.0,1.0,0.0,3,6,3,0,0,0,0,5,1,1,0,0,5,1,1,17,4,1,0,1,0,2,1,0,4,7,5,8,3
2016.0,70.0,0.0,0.0,3,6,3,0,0,0,0,2,1,1,0,1,2,1,1,17,4,1,0,1,0,1,1,0,2,7,5,8,3
2016.0,0.0,0.0,0.0,3,1,0,0,0,0,1,1,1,1,0,1,2,1,1,18,4,1,0,1,0,2,1,0,2,4,7,3,9
2016.0,-30.0,1.0,0.0,2,5,0,1,0,0,1,9,1,1,3,0,1,1,1,18,4,1,0,1,0,1,1,0,4,2,5,7,9
2016.0,-100.0,0.0,0.0,3,7,0,0,0,0,0,1,1,1,0,1,1,1,1,19,4,1,0,1,0,1,1,0,6,5,7,3,3
2016.0,0.0,0.0,0.0,3,4,3,0,0,0,1,9,1,1,0,1,1,1,1,19,4,1,0,1,0,0,1,0,4,2,5,3,9
2016.0,-105.0,0.0,0.0,3,10,0,0,0,0,1,2,1,1,0,0,2,1,1,20,4,1,0,0,0,1,1,0,4,9,5,3,3
2016.0,-200.0,0.0,0.0,3,6,0,0,0,0,0,5,1,1,0,1,5,1,1,6,5,1,1,0,0,1,1,0,6,7,5,9,3
2016.0,-125.0,0.0,0.0,3,10,3,0,0,0,0,1,1,1,0,0,1,1,1,12,5,1,1,0,0,2,1,0,6,2,5,3,6
2016.0,0.0,0.0,0.0,3,1,3,0,0,0,0,9,1,1,0,1,5,1,1,13,5,1,1,0,0,1,1,0,4,2,5,3,3
2016.0,-131.0,6.0,0.0,1,5,3,0,0,0,0,1,1,1,0,0,9,1,1,14,5,1,1,0,0,2,1,0,6,9,5,3,5
2016.0,16.0,0.0,0.0,3,10,3,1,0,0,0,5,1,1,0,0,5,1,1,15,5,1,1,0,0,2,1,0,4,7,5,9,9
2016.0,-40.0,0.0,0.0,3,6,3,0,0,0,0,2,1,1,0,0,2,1,1,16,5,1,1,1,0,2,2,0,6,7,5,8,3
2016.0,-30.0,0.0,0.0,3,6,4,0,0,0,1,2,1,1,0,1,2,1,1,17,5,1,1,1,0,1,0,0,4,7,5,8,3
2016.0,87.0,0.0,0.0,3,6,0,0,0,0,0,5,1,1,0,0,5,1,1,18,5,1,1,1,0,1,0,0,4,7,5,8,3
2016.0,70.0,0.0,0.0,3,6,0,0,0,0,1,5,1,1,0,1,5,1,1,19,5,1,1,1,0,1,1,0,2,7,5,8,3
2016.0,0.0,1.0,0.0,3,1,0,0,0,0,1,2,1,1,0,0,1,1,1,0,6,1,1,0,0,1,1,0,4,2,5,3,3
2016.0,150.0,0.0,0.0,3,6,0,0,0,0,1,5,0,1,0,1,5,1,1,1,6,1,1,0,0,1,1,0,4,7,5,8,3
2016.0,81.0,2.0,0.0,3,6,0,0,0,0,2,5,1,1,0,1,5,1,1,3,6,1,1,0,0,0,1,0,4,7,5,8,3
2016.0,-400.0,0.0,0.0,3,3,0,0,0,0,2,2,1,1,0,1,2,1,1,6,6,1,1,0,0,0,1,0,6,9,5,3,2
2016.0,-50.0,0.0,0.0,3,10,3,0,0,0,1,1,1,1,0,1,1,1,1,11,6,1,1,0,0,2,1,0,6,5,9,2,3
2016.0,-295.0,0.0,0.0,3,6,3,0,0,0,1,6,1,1,0,0,6,1,1,12,6,1,1,0,0,1,2,0,6,7,5,8,3
2016.0,0.0,0.0,0.0,3,4,3,0,0,0,0,1,1,1,0,1,5,1,1,12,6,1,1,0,0,1,1,0,4,2,5,3,9
2016.0,-220.0,0.0,0.0,3,4,3,0,0,0,0,9,1,1,0,0,2,1,1,16,6,1,1,1,0,2,1,0,6,2,5,3,9
2016.0,0.0,0.0,0.0,3,10,0,0,0,0,1,9,1,1,0,1,5,1,1,19,6,1,1,1,0,1,2,0,4,7,5,3,9
2016.0,50.0,0.0,0.0,3,10,0,0,0,0,1,9,1,1,0,1,2,1,1,22,6,1,1,0,0,2,2,0,6,2,5,3,9
2016.0,565.0,3.0,1.0,0,6,0,0,0,0,1,9,0,0,0,1,9,1,1,1,0,1,0,0,0,1,2,0,6,7,5,3,3
2016.0,0.0,0.0,0.0,3,4,3,0,0,0,0,2,1,1,0,0,9,1,1,7,0,1,0,1,0,0,2,0,4,2,5,9,3
2016.0,268.0,0.0,0.0,3,4,3,0,0,0,0,2,1,1,0,1,2,1,1,10,0,1,0,0,0,1,0,0,6,4,5,3,9
2016.0,600.0,0.0,0.0,3,10,3,1,0,0,2,9,1,1,0,1,9,1,1,12,0,1,0,0,0,0,1,0,6,9,5,3,2
2016.0,-55.0,0.0,0.0,3,6,3,0,0,0,1,1,1,1,0,0,1,1,1,14,0,1,0,0,0,1,1,0,4,7,5,8,3
2016.0,200.0,0.0,0.0,3,6,3,0,0,0,1,1,1,1,0,1,1,1,1,16,0,1,0,1,0,2,1,0,6,7,5,8,3
2016.0,-690.0,0.0,0.0,3,10,3,0,0,0,1,2,1,1,0,1,2,1,1,17,0,1,0,1,0,0,1,0,6,9,5,3,2
2016.0,50.0,1.0,0.0,3,6,0,0,0,0,2,9,1,1,0,0,8,1,1,20,0,1,0,0,0,0,2,0,6,9,5,6,3
2016.0,487.0,0.0,0.0,3,4,0,0,0,0,0,5,1,1,0,0,1,1,1,21,0,1,0,0,0,0,2,0,6,2,5,3,9
2016.0,0.0,1.0,0.0,3,4,0,0,0,0,0,1,1,1,0,1,5,1,1,6,1,1,0,0,0,1,2,0,4,2,5,9,3
2016.0,-345.0,0.0,0.0,3,6,3,0,0,0,0,2,1,1,0,1,2,1,1,6,1,1,0,0,0,1,1,0,6,7,5,8,3
2016.0,253.0,1.0,0.0,1,5,0,0,0,3,1,7,1,1,0,0,9,1,1,7,1,1,0,1,0,0,0,0,0,6,5,9,7
2016.0,-75.0,1.0,0.0,3,6,3,0,0,0,0,2,1,1,0,0,2,1,1,7,1,1,0,1,0,1,1,0,4,7,5,8,3
2016.0,0.0,1.0,0.0,2,1,3,0,0,0,0,5,1,1,0,0,1,1,1,9,1,1,0,1,0,0,2,0,4,2,5,9,3
2016.0,-100.0,0.0,0.0,3,6,3,0,0,0,0,2,1,1,0,0,2,1,1,9,1,1,0,1,0,2,2,0,6,7,5,8,3
2016.0,-75.0,0.0,0.0,3,6,3,0,0,0,0,1,1,1,0,1,1,1,1,11,1,1,0,0,0,1,0,0,2,7,5,8,8
2016.0,30.0,0.0,0.0,3,6,3,0,0,0,0,9,1,1,0,1,9,1,1,11,1,1,0,0,0,1,0,0,4,7,5,8,3
2016.0,75.0,0.0,0.0,3,6,3,0,0,0,1,5,1,1,0,0,5,1,1,12,1,1,0,0,0,1,1,0,4,7,5,8,3
2016.0,-160.0,0.0,0.0,3,6,3,0,0,0,1,2,1,1,0,1,2,1,1,15,1,1,0,0,0,1,1,0,6,7,5,8,3
2016.0,310.0,1.0,0.0,2,5,3,0,0,2,0,1,1,1,0,1,5,1,1,16,1,1,0,1,0,2,1,0,6,5,5,9,3
2016.0,90.0,1.0,0.0,2,6,3,0,0,0,1,9,1,1,0,0,9,1,1,16,1,1,0,1,0,1,0,0,4,7,5,8,3
2016.0,86.0,0.0,0.0,3,6,3,0,0,0,1,5,1,1,0,0,5,1,1,16,1,1,0,1,0,2,0,0,4,7,5,3,3
2016.0,-300.0,0.0,0.0,3,10,3,0,0,0,1,5,1,1,0,1,5,1,1,17,1,1,0,1,0,1,2,0,6,9,5,3,3
2016.0,-288.0,0.0,0.0,3,6,4,0,0,0,1,1,1,1,0,1,1,1,1,17,1,1,0,1,0,2,2,0,6,7,5,8,3
2016.0,-150.0,0.0,0.0,3,6,3,0,0,0,1,5,1,1,0,0,5,1,1,17,1,1,0,1,0,2,2,0,6,7,5,8,3
2016.0,0.0,0.0,0.0,3,4,0,0,0,0,0,9,1,1,0,1,1,1,1,20,1,1,0,0,0,2,2,0,4,2,5,3,9
2016.0,-200.0,0.0,0.0,3,4,0,0,0,0,0,1,1,1,0,0,9,1,1,20,1,1,0,0,0,1,2,0,0,2,5,5,5
2016.0,-390.0,0.0,0.0,3,1,3,0,0,0,1,9,1,1,0,1,2,1,1,7,2,1,0,1,0,1,1,0,6,2,5,3,9
2016.0,-164.0,0.0,0.0,3,6,3,0,0,0,0,2,1,1,0,0,2,1,1,7,2,1,0,1,0,2,1,0,4,7,5,8,3
2016.0,70.0,0.0,0.0,3,6,3,0,0,0,0,1,1,1,0,1,1,1,1,8,2,1,0,1,0,2,0,0,9,7,5,8,8
2016.0,-73.0,1.0,0.0,3,6,3,0,0,0,0,2,1,1,0,1,2,1,1,8,2,1,0,1,0,1,0,0,4,7,5,8,3
2016.0,-55.0,1.0,0.0,3,6,3,0,0,0,0,2,1,1,0,1,2,1,1,10,2,1,0,0,0,2,1,0,4,7,5,8,3
2016.0,0.2,1.0,0.0,3,6,3,0,0,0,1,2,1,1,0,1,2,1,1,13,2,1,0,0,0,2,2,0,6,7,5,8,3
2016.0,-75.0,0.0,0.0,3,10,3,0,0,0,1,1,1,1,0,1,1,1,1,13,2,1,0,0,0,1,1,0,4,5,5,8,9
2016.0,-38.0,0.0,0.0,3,4,3,0,0,0,0,2,1,1,0,0,9,1,1,13,2,1,0,0,0,1,2,0,4,2,5,3,9
2016.0,25.0,0.0,0.0,3,6,3,1,0,0,0,5,1,1,0,0,5,1,1,13,2,1,0,0,0,1,1,0,4,7,5,8,3
2016.0,329.0,0.0,0.0,3,1,3,0,0,0,0,5,1,1,0,1,9,1,1,13,2,1,0,0,0,2,1,0,0,2,5,3,9
2016.0,415.0,1.0,0.0,2,4,3,0,0,0,0,2,1,1,0,1,5,1,1,15,2,1,0,0,0,2,1,0,0,2,5,3,9
2016.0,0.0,0.0,0.0,3,4,3,0,0,0,0,1,1,1,0,1,9,1,1,16,2,1,0,1,0,0,2,0,4,2,5,3,9
2016.0,50.0,0.0,0.0,3,6,3,0,0,0,1,2,1,1,0,0,2,1,1,17,2,1,0,1,0,1,2,0,4,7,5,8,3
2016.0,492.0,1.0,0.0,3,6,3,0,0,0,0,5,1,1,0,1,5,1,1,17,2,1,0,1,0,1,1,0,6,7,5,8,3
2016.0,60.0,0.0,0.0,3,4,3,0,0,0,0,8,1,1,0,0,8,1,1,17,2,1,0,1,0,1,2,0,0,2,5,3,9
2016.0,0.0,0.0,0.0,3,4,0,0,0,0,2,9,1,1,0,0,1,1,1,19,2,1,0,1,0,0,2,0,4,4,2,9,9
2016.0,139.0,0.0,0.0,3,6,0,0,0,0,2,1,1,1,0,1,9,1,1,20,2,1,0,0,0,0,1,0,4,5,5,8,1
2016.0,60.0,0.0,0.0,3,6,3,0,0,0,1,9,1,1,0,0,9,1,1,8,3,1,0,1,0,1,1,0,4,7,5,8,3
2016.0,350.0,0.0,0.0,3,10,3,0,0,0,0,5,1,1,0,0,5,1,1,8,3,1,0,1,0,1,1,0,1,9,5,3,2
2016.0,-166.0,0.0,0.0,3,1,3,0,0,0,1,2,1,1,0,0,9,1,1,8,3,1,0,1,0,1,2,0,0,5,5,9,6
2016.0,0.0,0.0,0.0,3,1,3,0,0,0,0,9,1,1,0,1,1,1,1,10,3,1,0,0,0,1,0,0,4,2,5,9,3
2016.0,-112.0,0.0,0.0,3,6,3,0,0,0,1,1,1,1,0,1,1,1,1,11,3,1,0,0,0,1,1,0,4,8,5,8,8
2016.0,245.0,0.0,0.0,3,6,3,0,0,0,1,2,1,1,0,0,2,1,1,12,3,1,0,0,0,2,1,0,6,7,5,8,3
2016.0,170.0,0.0,0.0,3,8,3,0,0,0,0,5,1,1,0,0,9,1,1,14,3,1,0,0,0,1,1,0,6,5,5,6,9
2016.0,0.0,0.0,0.0,3,5,3,0,0,0,1,5,1,1,0,1,2,1,1,16,3,1,0,1,0,1,1,0,4,5,5,8,1
2016.0,1186.0,0.0,0.0,3,6,3,0,0,0,0,5,1,1,0,0,5,1,1,16,3,1,0,1,0,1,1,0,6,7,5,8,3
2016.0,0.0,0.0,0.0,3,4,3,0,0,0,1,2,1,1,0,0,5,1,1,17,3,1,0,1,0,2,2,0,4,2,5,3,9
2016.0,284.0,1.0,0.0,2,5,3,0,0,2,0,9,1,1,0,1,2,1,1,17,3,1,0,1,0,2,1,0,0,5,5,3,3
2016.0,26.0,0.0,0.0,3,5,0,0,0,0,1,9,1,1,0,1,1,1,1,18,3,1,0,1,0,2,1,0,4,5,5,8,9
2016.0,490.0,0.0,0.0,3,6,0,0,0,0,0,9,1,1,0,1,9,1,1,18,3,1,0,1,0,2,1,0,6,7,5,8,3
2016.0,0.0,4.0,0.0,2,1,0,0,0,0,0,2,1,1,0,1,1,1,1,18,3,1,0,1,0,1,1,0,4,7,5,3,3
2016.0,0.0,0.0,0.0,3,4,0,0,0,0,1,5,1,1,0,0,2,1,1,22,3,1,0,0,0,1,2,0,4,4,5,3,9
2016.0,0.0,2.0,0.0,1,1,0,0,0,0,0,5,1,1,0,1,9,1,1,22,3,1,0,0,0,2,1,0,4,5,5,3,3
2016.0,0.0,0.0,0.0,3,1,0,0,0,0,1,6,1,1,0,1,6,1,1,5,4,1,0,0,0,1,1,0,4,9,5,9,9
2016.0,25.0,0.0,0.0,3,10,0,0,0,0,0,2,1,1,0,1,2,1,1,6,4,1,0,0,0,1,1,0,4,5,5,3,3
2016.0,0.0,0.0,0.0,3,1,0,0,0,0,1,2,1,1,0,0,1,1,1,6,4,1,0,0,0,1,1,0,4,2,5,3,9
2016.0,-650.0,1.0,0.0,3,4,3,0,0,0,0,5,1,1,0,1,1,1,1,8,4,1,0,1,0,1,1,0,0,5,5,9,9
2016.0,-99.0,0.0,0.0,3,12,3,0,0,0,0,8,1,1,0,0,9,1,1,8,4,1,0,1,0,1,1,0,6,5,5,3,5
2016.0,0.0,0.0,0.0,3,10,3,0,0,0,0,2,1,1,0,0,2,1,1,8,4,1,0,1,0,2,2,0,4,9,5,9,9
2016.0,-185.0,0.0,0.0,3,10,3,0,0,0,0,1,1,1,0,0,1,1,1,12,4,1,0,0,0,1,2,0,6,9,5,3,0
2016.0,189.0,0.0,0.0,3,10,3,0,0,0,0,5,1,1,0,0,5,1,1,12,4,1,0,0,0,1,2,0,4,9,5,3,2
2016.0,216.0,0.0,0.0,3,6,3,0,0,0,1,5,1,1,0,1,5,1,1,15,4,1,0,0,0,2,0,0,6,7,5,8,3
2016.0,276.0,0.0,0.0,3,4,3,0,0,0,0,1,1,1,0,1,5,1,1,16,4,1,0,1,0,2,1,0,6,2,5,3,9
2016.0,-336.0,0.0,0.0,3,6,0,0,0,0,0,1,1,1,0,1,1,1,1,18,4,1,0,1,0,1,1,0,4,5,5,3,3
2016.0,126.0,0.0,0.0,3,6,0,0,0,0,0,2,1,1,0,0,2,1,1,18,4,1,0,1,0,2,2,0,6,7,5,8,8
2016.0,455.0,0.0,0.0,3,9,0,0,0,0,1,5,1,1,0,1,2,1,1,18,4,1,0,1,0,2,1,0,6,9,5,8,3
2016.0,0.0,1.0,0.0,2,4,3,1,0,0,0,2,1,1,0,1,9,1,1,6,5,1,1,0,0,2,1,0,2,2,5,9,3
2016.0,0.0,1.0,0.0,2,5,3,0,0,3,0,5,1,1,0,1,1,1,1,15,5,1,1,0,0,2,1,0,4,6,5,3,7
2016.0,-150.0,0.0,0.0,3,6,3,0,0,0,1,5,1,1,0,1,5,1,1,17,5,1,1,1,0,2,1,0,6,8,5,8,3
2016.0,70.0,0.0,0.0,3,6,0,0,0,0,0,5,1,1,0,0,5,1,1,17,5,1,1,1,0,2,2,0,6,8,5,8,3
2016.0,136.0,1.0,0.0,3,6,0,0,0,0,0,5,1,1,0,1,5,1,1,18,5,1,1,1,0,2,2,0,4,7,5,8,8
2016.0,-115.0,0.0,0.0,3,4,0,0,0,0,0,2,1,1,0,0,2,1,1,20,5,1,1,0,0,1,1,0,4,4,5,3,9
2016.0,0.0,0.0,0.0,3,4,0,0,0,0,1,9,1,1,0,0,5,1,1,19,6,1,1,1,0,1,1,0,2,2,5,3,9
2016.0,30.0,0.0,0.0,3,6,0,0,0,0,2,5,1,1,0,1,5,1,1,20,6,1,1,0,0,0,1,0,4,7,5,8,3
2016.0,-75.0,0.0,0.0,3,6,3,0,0,0,0,1,1,1,0,1,1,1,1,7,0,1,0,1,0,2,1,0,4,7,5,8,3
2016.0,0.2,0.0,0.0,3,10,3,0,0,0,0,2,1,1,0,0,2,1,1,9,0,1,0,1,0,1,1,0,6,9,5,3,2
2016.0,-66.0,0.0,0.0,3,1,3,0,0,0,0,1,1,1,0,1,5,1,1,9,0,1,0,1,0,1,2,0,4,5,5,9,9
2016.0,-95.0,2.0,0.0,2,6,3,0,0,0,1,1,1,1,0,1,1,1,1,10,0,1,0,0,0,1,1,0,4,7,5,8,3
2016.0,-398.0,1.0,0.0,2,6,3,0,0,0,0,1,1,1,0,0,1,1,1,10,0,1,0,0,0,1,0,0,6,7,5,3,3
2016.0,0.0,0.0,0.0,3,1,3,0,0,0,1,9,1,1,0,1,2,1,1,12,0,1,0,0,0,1,1,0,4,2,5,3,3
2016.0,-100.0,1.0,0.0,2,1,3,0,0,0,0,2,1,1,0,1,9,1,1,13,0,1,0,0,0,0,1,0,0,2,5,2,9
2016.0,-0.1,0.0,0.0,3,4,3,0,0,0,0,5,1,1,0,1,1,1,1,13,0,1,0,0,0,1,1,0,6,2,5,3,9
2016.0,-120.0,0.0,0.0,3,4,3,0,0,0,1,5,1,1,0,1,9,1,1,14,0,1,0,0,0,1,1,0,0,2,5,3,9
2016.0,50.0,0.0,0.0,3,6,3,0,0,0,1,9,1,1,0,1,9,1,1,15,0,1,0,0,0,1,2,0,4,7,5,8,3
2016.0,0.0,0.0,0.0,3,1,3,0,0,0,0,1,1,1,0,0,9,1,1,15,0,1,0,0,0,1,1,0,4,2,5,3,9
2016.0,0.0,0.0,0.0,3,6,3,0,0,0,1,1,1,1,0,1,1,1,1,16,0,1,0,1,0,1,1,0,4,7,5,8,3
2016.0,0.0,1.0,0.0,2,4,3,0,0,0,0,5,1,1,0,0,2,1,1,16,0,1,0,1,0,2,2,0,4,2,5,3,9
2016.0,320.0,0.0,0.0,3,10,3,0,0,0,0,5,1,1,0,0,5,1,1,17,0,1,0,1,0,2,2,0,6,9,5,3,2
2016.0,-60.0,0.0,0.0,3,10,3,0,0,0,1,1,1,1,0,1,1,1,1,17,0,1,0,1,0,1,0,0,4,7,5,8,3