Year,Distance,Totalinjuries,Totalfatalities,Injuryseverity,Collisionmanner,Lightcondition,Weather,SurfaceCondition,Unittype_One,Gender_Drv1,Traveldirection_One,AlcoholUse_Drv1,DrugUse_Drv1,Unittype_Two,Gender_Drv2,Traveldirection_Two,AlcoholUse_Drv2,DrugUse_Drv2,Hour,Weekday,Month,Weekend,Rush_Hour,Hazardous_Road,Age_Group_Drv1,Age_Group_Drv2,Substance_Use,Junction_Category,Violation_Category_Drv1,Violation_Category_Drv2,Unitaction_Category_Two,Unitaction_Category_One
2016.0,-5.0,1.0,0.0,3,5,4,0,0,0,2,9,1,1,3,1,1,1,1,17,0,1,0,1,0,0,1,0,4,5,2,7,9
2016.0,-150.0,1.0,0.0,2,7,0,0,0,0,1,2,0,1,0,1,2,1,1,18,0,1,0,1,0,1,0,0,4,7,5,8,3
2016.0,-100.0,0.0,0.0,3,6,0,0,0,0,0,9,1,1,0,1,9,1,1,20,0,1,0,0,0,1,1,0,4,7,5,9,3
2016.0,-35.0,0.0,0.0,3,10,3,0,0,0,1,1,1,1,0,0,1,1,1,7,1,1,0,1,0,1,2,0,4,9,5,8,3
2016.0,725.0,1.0,0.0,3,4,3,0,0,0,0,5,1,1,0,0,9,1,1,8,1,1,0,1,0,1,1,0,6,2,5,3,9
2016.0,470.0,1.0,0.0,3,5,3,0,0,3,1,2,1,1,0,1,1,1,1,10,1,1,0,0,0,2,0,0,6,5,5,9,5
2016.0,-650.0,0.0,0.0,3,6,3,0,0,0,1,9,1,1,0,0,9,1,1,13,1,1,0,0,0,1,1,0,6,7,5,8,3
2016.0,-228.0,0.0,0.0,3,4,3,0,0,0,0,1,1,1,0,1,5,1,1,15,1,1,0,0,0,2,2,0,0,2,5,3,9
2016.0,50.0,0.0,0.0,3,6,3,0,0,0,1,9,1,1,0,1,9,1,1,15,1,1,0,0,0,2,2,0,6,5,5,8,3
2016.0,-321.0,0.0,0.0,3,4,3,0,0,0,1,9,1,1,0,1,5,1,1,15,1,1,0,0,0,1,1,0,0,2,5,3,9
2016.0,0.0,0.0,0.0,3,6,3,0,0,0,1,1,1,1,0,0,1,1,1,16,1,1,0,1,0,2,1,0,4,7,5,8,3
2016.0,0.0,0.0,0.0,3,4,3,0,0,0,1,5,1,1,0,1,5,1,1,16,1,1,0,1,0,2,1,0,4,9,5,9,9
2016.0,405.0,0.0,0.0,3,1,3,0,0,0,0,2,1,1,0,0,1,1,1,16,1,1,0,1,0,2,1,0,6,2,5,3,9
2016.0,590.0,0.0,0.0,3,6,3,0,0,0,1,5,1,1,0,0,5,1,1,17,1,1,0,1,0,1,0,0,6,7,5,8,3
2016.0,45.0,0.0,0.0,3,6,0,0,0,0,1,5,0,1,0,0,5,1,1,20,1,1,0,0,0,0,2,0,4,7,5,8,8
2016.0,241.0,1.0,0.0,3,6,0,0,0,0,0,9,1,1,0,1,9,1,1,6,2,1,0,0,0,1,1,0,0,7,5,8,3
2016.0,-55.0,0.0,0.0,3,6,0,0,0,0,2,1,1,1,0,1,1,1,1,7,2,1,0,1,0,0,1,0,2,7,5,8,3
2016.0,-688.0,0.0,0.0,3,3,3,0,0,0,1,9,1,1,0,1,1,1,1,7,2,1,0,1,0,2,2,0,6,7,5,8,3
2016.0,0.0,1.0,0.0,3,6,3,0,0,0,0,5,1,1,0,1,5,1,1,7,2,1,0,1,0,2,1,0,4,7,5,8,3
2016.0,45.0,0.0,0.0,3,6,3,0,0,0,1,9,1,1,0,0,9,1,1,7,2,1,0,1,0,1,1,0,4,7,5,8,3
2016.0,-157.0,0.0,0.0,3,6,3,0,0,0,1,1,1,1,0,1,1,1,1,8,2,1,0,1,0,1,1,0,4,7,5,8,3
2016.0,150.0,0.0,0.0,3,6,3,0,0,0,0,2,1,1,0,0,2,1,1,8,2,1,0,1,0,2,1,0,4,7,5,8,3
2016.0,0.0,1.0,0.0,2,4,3,0,0,0,1,2,1,1,0,1,5,1,1,8,2,1,0,1,0,1,1,0,4,2,5,3,9
2016.0,73.0,0.0,0.0,3,6,3,0,0,0,1,5,1,1,0,1,5,1,1,9,2,1,0,1,0,1,1,0,4,7,5,8,3
2016.0,-340.0,0.0,0.0,3,6,3,0,0,0,0,2,1,1,0,0,2,1,1,11,2,1,0,0,0,0,2,0,6,7,5,8,3
2016.0,100.0,1.0,0.0,2,6,3,0,0,0,1,5,1,1,0,0,5,1,1,13,2,1,0,0,0,1,1,0,4,7,5,8,3
2016.0,-35.0,0.0,0.0,3,6,3,0,0,0,0,2,1,1,0,1,2,1,1,14,2,1,0,0,0,2,1,0,4,7,5,8,3
2016.0,-140.0,0.0,0.0,3,6,3,0,0,0,0,5,1,1,0,0,5,1,1,15,2,1,0,0,0,2,1,0,6,7,5,3,3
2016.0,47.0,1.0,0.0,2,1,3,0,0,2,1,5,1,1,0,0,9,1,1,16,2,1,0,1,0,2,2,0,4,5,5,9,3
2016.0,230.0,0.0,0.0,3,1,3,0,0,0,0,5,1,1,0,1,9,1,1,16,2,1,0,1,0,1,2,0,0,2,5,3,9
2016.0,0.0,1.0,0.0,3,1,3,0,0,0,1,1,1,1,0,0,5,1,1,17,2,1,0,1,0,1,1,0,4,2,5,3,9
2016.0,0.0,2.0,0.0,2,1,4,0,0,0,0,1,1,1,0,1,2,1,1,17,2,1,0,1,0,2,2,0,4,9,5,3,9
2016.0,450.0,0.0,0.0,3,6,0,0,0,0,0,5,1,1,0,1,5,1,1,18,2,1,0,1,0,1,2,0,6,7,5,8,3
2016.0,0.0,1.0,0.0,3,4,0,0,0,0,0,1,1,1,0,1,9,1,1,18,2,1,0,1,0,1,1,0,4,2,5,3,9
2016.0,-70.0,0.0,0.0,3,6,0,0,0,0,0,1,1,1,0,1,1,1,1,19,2,1,0,1,0,1,1,0,4,7,5,8,3
2016.0,-2.0,1.0,0.0,1,5,3,0,0,2,0,9,1,1,0,1,2,1,1,8,3,1,0,1,0,2,1,0,4,9,5,9,3
2016.0,270.0,1.0,0.0,2,4,3,0,0,0,0,2,1,1,0,0,9,1,1,8,3,1,0,1,0,1,1,0,0,2,5,3,9
2016.0,55.0,1.0,0.0,3,6,3,0,0,0,1,5,1,1,0,1,5,1,1,8,3,1,0,1,0,2,1,0,4,7,5,8,3
2016.0,0.0,0.0,0.0,3,4,3,0,0,0,1,5,1,1,0,1,1,1,1,13,3,1,0,0,0,1,0,0,4,2,5,9,3
2016.0,-280.0,1.0,0.0,2,5,0,0,0,0,1,9,1,1,0,1,9,1,1,16,3,1,0,1,0,1,0,0,6,5,5,3,9
2016.0,85.0,0.0,0.0,3,6,3,0,0,0,1,1,1,1,0,1,1,1,1,16,3,1,0,1,0,2,1,0,4,7,5,8,3
2016.0,0.0,0.0,0.0,3,6,0,0,0,0,1,5,1,1,0,1,5,1,1,18,3,1,0,1,0,1,1,0,4,7,5,8,3
2016.0,46.0,0.0,0.0,3,10,3,0,0,0,1,9,1,1,0,1,9,1,1,8,4,1,0,1,0,1,0,0,4,9,4,8,9
2016.0,475.0,1.0,0.0,2,1,3,0,0,0,1,9,1,1,0,1,2,1,1,8,4,1,0,1,0,1,1,0,0,2,5,3,3
2016.0,-80.0,0.0,0.0,3,6,3,0,0,0,0,1,1,1,0,0,1,1,1,11,4,1,0,0,0,1,1,0,2,7,5,8,3
2016.0,647.0,0.0,0.0,3,3,3,0,0,0,1,9,1,1,1,1,1,1,1,12,4,1,0,0,0,2,1,0,6,9,5,6,3
2016.0,-357.0,1.0,0.0,2,5,3,0,0,0,1,1,1,1,3,1,2,1,1,13,4,1,0,0,0,1,2,0,0,2,5,5,9
2016.0,-488.0,0.0,0.0,3,4,3,0,0,0,1,2,1,1,0,1,1,1,1,13,4,1,0,0,0,2,1,0,0,2,5,3,9
2016.0,373.0,0.0,0.0,3,10,3,0,0,0,1,9,1,1,0,0,9,1,1,14,4,1,0,0,0,2,2,0,6,9,5,3,2
2016.0,140.0,0.0,0.0,3,6,3,0,0,0,1,5,1,1,0,0,5,1,1,14,4,1,0,0,0,2,1,0,6,7,5,3,3
2016.0,0.0,0.0,0.0,3,4,3,0,0,0,0,5,1,1,0,1,1,1,1,15,4,1,0,0,0,2,1,0,4,2,5,9,3
2016.0,0.0,1.0,0.0,3,4,3,0,0,0,1,5,1,1,0,1,2,1,1,15,4,1,0,0,0,1,1,0,4,2,5,3,9
2016.0,542.0,0.0,0.0,3,4,3,0,0,0,1,1,1,1,0,0,2,1,1,16,4,1,0,1,0,2,1,0,0,2,5,9,3
2016.0,-99.0,0.0,0.0,3,10,3,0,0,0,0,1,1,1,0,1,1,1,1,16,4,1,0,1,0,2,2,0,4,9,5,3,2
2016.0,130.0,0.0,0.0,3,6,0,0,0,0,0,5,1,1,0,0,5,1,1,18,4,1,0,1,0,2,1,0,4,7,5,8,3
2016.0,525.0,0.0,0.0,3,4,0,0,0,0,1,5,1,1,0,1,9,1,1,19,4,1,0,1,0,1,1,0,0,2,5,3,9
2016.0,-82.0,0.0,0.0,3,6,0,0,0,0,0,2,1,1,0,0,2,1,1,20,4,1,0,0,0,2,1,0,4,7,5,8,3
2016.0,-90.0,0.0,0.0,3,6,0,0,0,0,2,2,1,1,0,0,2,1,1,23,4,1,0,0,0,0,2,0,4,7,5,8,3
2016.0,-419.0,0.0,0.0,3,4,0,0,0,0,2,1,1,1,0,0,5,1,1,0,5,1,1,0,0,0,2,0,6,2,5,3,9
2016.0,0.0,0.0,0.0,3,1,0,0,0,0,1,2,0,1,0,1,9,1,1,4,5,1,1,0,0,1,1,0,4,2,5,3,3
2016.0,300.0,0.0,0.0,3,1,3,0,0,0,2,9,1,1,0,1,5,1,1,7,5,1,1,1,0,0,1,0,0,2,5,9,3
2016.0,88.0,0.0,0.0,3,6,3,0,0,0,1,5,1,1,0,0,5,1,1,10,5,1,1,0,0,1,1,0,4,7,5,3,3
2016.0,160.0,0.0,0.0,3,9,3,0,0,0,1,5,1,1,0,1,2,1,1,15,5,1,1,0,0,2,2,0,6,4,5,3,9
2016.0,-142.0,0.0,0.0,3,6,0,0,0,0,1,2,0,1,0,1,2,1,1,23,5,1,1,0,0,2,0,0,4,7,5,3,3
2016.0,15.0,0.0,0.0,3,6,3,0,0,0,1,9,1,1,0,1,9,1,1,13,6,1,1,0,0,2,1,0,4,7,5,8,3
2016.0,350.0,0.0,0.0,3,4,3,0,0,0,1,1,1,1,0,1,1,1,1,16,6,1,1,1,0,1,2,0,6,7,5,9,3
2016.0,0.0,0.0,0.0,3,1,0,0,0,0,2,5,1,1,0,0,1,1,1,18,6,1,1,1,0,0,1,0,4,2,5,3,3
2016.0,120.0,0.0,0.0,3,6,0,2,0,0,0,1,1,1,0,1,1,1,1,18,6,1,1,1,0,0,1,0,6,7,5,8,3
2016.0,-200.0,2.0,0.0,2,4,3,0,0,0,1,5,1,1,0,1,9,1,1,19,6,1,1,1,0,2,1,0,6,2,5,3,9
2016.0,0.0,1.0,0.0,3,1,0,3,4,0,0,2,1,1,0,1,9,1,1,21,6,1,1,0,1,2,1,0,4,2,5,3,3
2016.0,-57.0,0.0,0.0,3,6,0,3,4,0,1,2,1,1,0,1,2,1,1,22,6,1,1,0,1,2,1,0,6,7,5,3,3
2016.0,0.0,2.0,0.0,2,4,0,0,0,0,1,9,1,1,0,1,1,1,1,6,0,2,0,0,0,0,0,0,4,2,5,9,3
2016.0,-450.0,0.0,0.0,3,4,3,1,0,0,0,6,1,1,0,0,2,1,1,7,0,2,0,1,0,1,1,0,0,2,5,3,9
2016.0,270.0,0.0,0.0,3,10,3,1,0,0,1,9,1,1,0,1,9,1,1,9,0,2,0,1,0,1,1,0,6,9,5,8,2
2016.0,0.0,2.0,0.0,2,4,3,1,0,0,1,9,1,1,0,0,1,1,1,13,0,2,0,0,0,1,1,0,4,2,5,9,3
2016.0,150.0,0.0,0.0,3,6,3,1,0,0,0,9,1,1,0,1,9,1,1,16,0,2,0,1,0,1,2,0,4,7,5,8,3
2016.0,-100.0,1.0,0.0,2,6,3,1,0,0,1,5,1,1,0,0,5,1,1,17,0,2,0,1,0,2,1,0,6,7,5,8,3
2016.0,425.0,0.0,0.0,3,3,0,1,0,0,1,1,1,1,0,0,5,1,1,18,0,2,0,1,0,1,1,0,0,2,5,8,9
2016.0,0.0,0.0,0.0,3,1,0,1,0,0,1,4,1,1,0,0,9,1,1,18,0,2,0,1,0,2,1,0,4,5,5,3,9
2016.0,0.0,0.0,0.0,3,4,0,0,0,0,1,2,1,1,0,0,5,1,1,20,0,2,0,0,0,2,1,0,2,2,5,3,9
2016.0,0.0,2.0,0.0,2,4,0,0,0,0,0,5,1,1,0,0,9,1,1,6,1,2,0,0,0,2,1,0,4,2,5,3,9
2016.0,280.0,0.0,0.0,3,6,3,0,0,0,0,2,1,1,0,0,2,1,1,7,1,2,0,1,0,1,1,0,6,7,5,9,3
2016.0,-100.0,0.0,0.0,3,6,3,0,0,0,1,9,1,1,0,0,9,1,1,8,1,2,0,1,0,1,1,0,6,7,5,8,3
2016.0,0.0,0.0,1.0,0,5,3,0,0,2,1,1,0,0,0,1,2,1,1,13,1,2,0,0,0,1,0,0,2,2,5,3,3
2016.0,-475.0,1.0,0.0,2,6,3,0,0,0,1,1,1,1,0,0,1,1,1,15,1,2,0,0,0,2,1,0,4,7,5,8,3
2016.0,560.0,1.0,0.0,3,6,3,0,0,0,0,2,1,1,0,1,2,1,1,15,1,2,0,0,0,1,2,0,6,7,5,8,3
2016.0,-230.0,0.0,0.0,3,6,3,0,0,0,0,2,1,1,0,0,2,1,1,15,1,2,0,0,0,1,0,0,6,7,5,8,3
2016.0,109.0,2.0,0.0,3,6,3,0,0,0,0,9,1,1,0,0,9,1,1,16,1,2,0,1,0,2,1,0,4,7,5,8,3
2016.0,100.0,0.0,0.0,3,10,3,0,0,0,0,1,1,1,0,0,1,1,1,16,1,2,0,1,0,1,2,0,6,9,5,3,2
2016.0,0.0,0.0,0.0,3,6,3,0,0,0,0,1,0,1,0,1,1,1,1,17,1,2,0,1,0,1,1,0,4,7,5,8,3
2016.0,0.0,0.0,0.0,3,4,4,0,0,0,0,9,1,1,0,0,5,1,1,17,1,2,0,1,0,2,2,0,4,2,5,3,9
2016.0,-150.0,1.0,0.0,2,6,0,0,0,0,0,5,1,1,0,1,5,1,1,17,1,2,0,1,0,1,2,0,6,7,5,8,3
2016.0,-16.0,0.0,0.0,3,6,4,0,0,0,1,5,1,1,0,1,5,1,1,17,1,2,0,1,0,1,1,0,6,7,5,8,3
2016.0,0.0,0.0,0.0,3,6,0,1,0,0,1,2,1,1,0,0,2,1,1,18,1,2,0,1,0,1,1,0,4,7,5,8,3
2016.0,508.0,2.0,0.0,1,4,0,0,0,0,0,9,1,1,0,1,1,1,1,18,1,2,0,1,0,2,1,0,0,2,5,3,9
2016.0,0.0,0.0,0.0,3,1,0,0,0,0,0,5,1,1,0,1,9,1,1,20,1,2,0,0,0,2,2,0,4,2,5,3,3
2016.0,-200.0,0.0,0.0,3,10,3,0,0,0,0,2,1,1,0,0,2,1,1,7,2,2,0,1,0,1,1,0,4,9,5,3,2
2016.0,215.0,0.0,0.0,3,6,3,0,0,0,1,9,1,1,0,0,9,1,1,7,2,2,0,1,0,2,0,0,6,7,5,8,3
2016.0,-80.0,0.0,0.0,3,12,3,4,3,0,2,8,1,1,0,1,8,1,1,9,2,2,0,1,0,0,2,0,6,5,5,6,5
2016.0,0.0,0.0,0.0,3,1,3,0,0,0,0,9,1,1,0,1,1,1,1,12,2,2,0,0,0,2,1,0,4,4,5,3,9
2016.0,472.0,0.0,0.0,3,6,3,0,0,0,0,1,1,1,0,1,1,1,1,13,2,2,0,0,0,2,1,0,6,8,5,8,8
2016.0,38.0,1.0,0.0,3,6,3,0,0,0,1,9,1,1,0,1,9,1,1,16,2,2,0,1,0,1,2,0,4,7,5,8,3
2016.0,-335.0,0.0,0.0,3,4,3,0,0,0,2,2,1,1,0,0,5,1,1,16,2,2,0,1,0,0,1,0,0,2,5,3,9
2016.0,476.0,0.0,0.0,3,6,3,0,0,0,1,2,1,1,0,0,2,1,1,16,2,2,0,1,0,1,2,0,6,7,5,3,3
2016.0,0.0,1.0,0.0,3,6,0,0,0,0,0,5,1,1,0,1,5,1,1,18,2,2,0,1,0,1,1,0,4,7,5,8,3
2016.0,0.0,0.0,0.0,3,4,0,0,0,0,1,5,0,1,0,0,9,1,1,22,2,2,0,0,0,1,1,0,2,7,5,3,9
2016.0,-150.0,0.0,0.0,3,4,0,0,0,0,0,1,0,1,0,1,2,1,1,22,2,2,0,0,0,1,1,0,0,2,5,3,9
2016.0,-0.1,0.0,0.0,3,10,0,0,0,0,1,2,1,1,0,1,2,1,1,6,3,2,0,0,0,1,1,0,6,9,5,3,2
2016.0,-395.0,0.0,0.0,3,6,2,0,0,0,0,2,1,1,0,1,2,1,1,7,3,2,0,1,0,2,0,0,4,7,5,8,3
2016.0,0.0,1.0,0.0,3,4,3,0,0,0,1,9,1,1,0,1,5,1,1,10,3,2,0,0,0,1,2,0,2,2,5,3,9
2016.0,-90.0,0.0,0.0,3,5,3,0,0,0,1,2,1,1,0,0,2,1,1,11,3,2,0,0,0,1,1,0,4,5,5,9,1
2016.0,-65.0,0.0,0.0,3,6,3,0,0,0,1,2,1,1,0,1,2,1,1,11,3,2,0,0,0,2,1,0,4,7,5,8,3
2016.0,262.0,0.0,0.0,3,6,3,0,0,0,1,2,1,1,0,0,2,1,1,13,3,2,0,0,0,1,2,0,6,8,5,8,3
2016.0,150.0,0.0,0.0,3,10,3,0,0,0,1,2,1,1,0,0,2,1,1,14,3,2,0,0,0,2,1,0,6,9,5,3,2
2016.0,-159.0,0.0,0.0,3,1,3,0,0,0,1,5,1,1,0,0,5,1,1,14,3,2,0,0,0,1,2,0,6,9,5,3,6
2016.0,-60.0,0.0,0.0,3,6,3,0,0,0,2,1,1,1,0,0,1,1,1,15,3,2,0,0,0,0,1,0,4,7,5,8,3
2016.0,-630.0,0.0,0.0,3,4,3,0,0,0,1,2,1,1,0,1,9,1,1,16,3,2,0,1,0,1,1,0,0,2,5,3,9
2016.0,210.0,0.0,0.0,3,6,3,0,0,0,0,1,1,1,0,0,1,1,1,17,3,2,0,1,0,2,0,0,0,7,5,8,3
2016.0,0.0,0.0,0.0,3,4,3,0,0,0,0,1,1,1,0,0,9,1,1,17,3,2,0,1,0,2,1,0,4,2,5,3,9
2016.0,-110.0,1.0,0.0,2,6,0,0,0,0,1,1,1,1,0,1,1,1,1,18,3,2,0,1,0,1,2,0,4,7,5,8,3
2016.0,-500.0,0.0,0.0,3,1,0,0,0,0,1,2,1,1,0,1,9,1,1,18,3,2,0,1,0,2,1,0,0,9,5,3,3
2016.0,-233.0,0.0,0.0,3,10,0,0,0,0,1,2,1,1,0,1,2,1,1,18,3,2,0,1,0,1,1,0,6,9,5,3,2
2016.0,-148.0,0.0,0.0,3,10,0,0,0,0,1,1,1,1,0,1,1,1,1,19,3,2,0,1,0,2,1,0,4,9,5,3,2
2016.0,0.0,3.0,0.0,2,1,0,0,0,0,1,9,0,0,0,1,2,1,1,1,4,2,0,0,0,1,1,0,4,7,5,3,3
2016.0,38.0,0.0,0.0,3,1,3,0,0,0,1,5,1,1,0,1,9,1,1,7,4,2,0,1,0,0,1,0,1,2,5,3,9
2016.0,0.0,1.0,0.0,3,4,3,0,0,0,0,3,1,1,0,0,9,1,1,8,4,2,0,1,0,1,1,0,4,2,5,3,9
2016.0,-380.0,0.0,0.0,3,1,3,0,0,0,1,9,1,1,0,1,9,1,1,8,4,2,0,1,0,0,1,0,6,9,5,3,9
2016.0,-117.0,0.0,0.0,3,6,3,0,0,0,1,5,0,1,0,0,5,1,1,13,4,2,0,0,0,1,1,0,6,7,5,8,3
2016.0,-50.0,0.0,0.0,3,1,3,0,0,0,1,5,1,1,0,0,9,1,1,14,4,2,0,0,0,0,1,0,4,5,5,3,9
2016.0,84.0,0.0,0.0,3,6,3,0,0,0,1,2,1,1,0,1,2,1,1,14,4,2,0,0,0,2,2,0,4,8,5,8,3
2016.0,600.0,0.0,0.0,3,4,3,0,0,0,0,2,1,1,0,0,9,1,1,15,4,2,0,0,0,2,2,0,0,2,5,3,9
2016.0,75.0,0.0,0.0,3,6,3,0,0,0,0,5,1,1,0,0,5,1,1,17,4,2,0,1,0,2,1,0,4,7,5,8,3
2016.0,100.0,0.0,0.0,3,6,3,0,0,0,0,2,1,1,0,0,2,1,1,17,4,2,0,1,0,1,1,0,6,7,5,3,3
2016.0,-391.0,0.0,0.0,3,6,3,0,0,0,0,5,1,1,0,0,5,1,1,17,4,2,0,1,0,2,2,0,6,7,5,8,3
2016.0,0.0,0.0,0.0,3,4,0,0,0,0,0,5,1,1,0,0,9,1,1,18,4,2,0,1,0,1,1,0,4,2,5,3,9
2016.0,0.0,1.0,0.0,2,1,0,0,0,0,1,1,1,1,0,0,5,1,1,18,4,2,0,1,0,0,1,0,4,2,5,3,9
2016.0,0.0,0.0,0.0,3,4,0,0,0,0,1,2,1,1,0,1,5,1,1,19,4,2,0,1,0,1,0,0,4,2,5,9,3
2016.0,-200.0,0.0,0.0,3,6,0,0,0,0,1,1,1,1,0,1,1,1,1,20,4,2,0,0,0,2,2,0,4,7,5,8,3
2016.0,550.0,0.0,0.0,3,1,0,0,0,0,1,4,1,1,0,1,2,1,1,21,4,2,0,0,0,1,2,0,6,2,5,3,2
2016.0,-49.0,0.0,0.0,3,5,0,1,0,0,1,8,0,1,1,1,8,1,1,23,4,2,0,0,0,1,1,0,4,5,5,5,1
2016.0,0.0,0.0,0.0,3,4,0,0,0,0,2,1,1,1,0,0,5,1,1,0,5,2,1,0,0,0,1,0,4,4,5,3,9
2016.0,50.0,0.0,0.0,3,6,0,0,0,0,2,5,1,1,0,1,5,1,1,0,5,2,1,0,0,0,1,0,4,7,5,8,3
2016.0,0.0,2.0,0.0,3,1,0,0,0,0,1,5,1,1,0,1,9,1,1,2,5,2,1,0,0,2,0,0,4,7,5,3,3
2016.0,-64.0,0.0,0.0,3,6,3,0,0,0,1,1,1,1,0,1,1,1,1,12,5,2,1,0,0,1,1,0,4,7,5,3,3
2016.0,-0.2,1.0,0.0,3,6,3,0,0,0,1,2,1,1,0,1,2,1,1,13,5,2,1,0,0,2,0,0,6,7,5,8,3
2016.0,200.0,0.0,0.0,3,6,3,0,0,0,1,5,1,1,0,1,5,1,1,14,5,2,1,0,0,1,1,0,2,7,5,8,3
2016.0,-204.0,0.0,0.0,3,10,3,0,0,0,1,2,1,1,0,0,2,1,1,15,5,2,1,0,0,2,1,0,6,5,5,3,3
2016.0,0.0,0.0,0.0,3,1,0,0,0,0,1,1,1,1,0,0,5,1,1,22,5,2,1,0,0,2,2,0,4,2,5,9,3
2016.0,78.0,1.0,0.0,2,6,3,0,0,0,0,5,1,1,0,1,5,1,1,10,6,2,1,0,0,1,1,0,4,7,5,8,3
2016.0,-130.0,0.0,0.0,3,6,3,0,0,0,1,2,1,1,0,0,2,1,1,12,6,2,1,0,0,1,0,0,6,7,5,8,3
2016.0,53.0,0.0,0.0,3,6,3,0,0,0,0,2,1,1,0,1,2,1,1,14,6,2,1,0,0,1,2,0,6,7,5,3,9
2016.0,0.0,0.0,0.0,3,4,3,0,0,0,1,1,1,1,0,1,9,1,1,15,6,2,1,0,0,1,1,0,4,2,5,3,9
2016.0,50.0,0.0,0.0,3,12,4,0,0,0,2,2,1,1,1,1,9,1,1,18,6,2,1,1,0,0,1,0,6,5,5,6,1
2016.0,9.0,1.0,0.0,1,5,3,0,0,0,1,1,1,1,3,0,2,1,1,8,0,2,0,1,0,1,1,0,4,4,5,7,9
2016.0,0.0,0.0,0.0,3,1,3,0,0,0,1,1,1,1,0,1,2,1,1,10,0,2,0,0,0,2,2,0,4,2,5,3,3
2016.0,165.0,0.0,0.0,3,10,3,0,0,0,1,2,1,1,0,1,2,1,1,10,0,2,0,0,0,0,0,0,6,9,5,3,2
2016.0,150.0,0.0,0.0,3,6,3,0,0,0,1,5,1,1,0,1,5,1,1,12,0,2,0,0,0,1,1,0,4,7,5,8,3
2016.0,230.0,1.0,0.0,2,1,3,0,0,0,0,1,1,1,0,1,5,1,1,15,0,2,0,0,0,1,2,0,0,2,5,3,9
2016.0,105.0,0.0,0.0,3,6,3,0,0,0,0,2,1,1,0,1,2,1,1,15,0,2,0,0,0,2,1,0,6,7,5,8,3
2016.0,130.0,0.0,0.0,3,1,3,0,0,0,1,5,1,1,0,1,9,1,1,15,0,2,0,0,0,1,2,0,6,2,5,3,9
2016.0,0.0,0.0,0.0,3,4,3,0,0,0,1,1,1,1,0,1,9,1,1,15,0,2,0,0,0,1,2,0,4,2,5,3,9
2016.0,-540.0,1.0,0.0,2,6,3,0,0,0,2,2,1,1,0,0,2,1,1,15,0,2,0,0,0,0,1,0,4,7,5,8,3
2016.0,0.0,0.0,0.0,3,1,3,0,0,0,2,9,1,1,0,1,2,1,1,16,0,2,0,1,0,0,1,0,4,2,5,3,9
2016.0,0.0,0.0,0.0,3,4,3,0,0,0,1,2,1,1,0,1,5,1,1,17,0,2,0,1,0,1,1,0,4,2,5,3,9
2016.0,-82.0,0.0,0.0,3,6,3,0,0,0,1,5,1,1,0,1,5,1,1,17,0,2,0,1,0,1,1,0,4,7,5,8,3
2016.0,260.0,0.0,0.0,3,1,4,0,0,0,1,1,1,1,0,1,1,1,1,17,0,2,0,1,0,1,1,0,0,4,5,3,9
2016.0,-30.0,0.0,0.0,3,10,0,0,0,0,0,9,1,1,0,1,9,1,1,21,0,2,0,0,0,2,1,0,6,9,5,3,2
2016.0,0.0,0.0,0.0,3,4,0,0,0,0,1,9,1,1,0,1,5,1,1,5,1,2,0,0,0,2,0,0,4,2,5,3,9
2016.0,840.0,0.0,0.0,3,1,3,0,0,0,1,1,1,1,0,1,5,1,1,7,1,2,0,1,0,1,1,0,6,2,5,3,9
2016.0,75.0,0.0,0.0,3,6,3,0,0,0,2,9,1,1,0,1,9,1,1,7,1,2,0,1,0,0,1,0,4,7,5,8,3
2016.0,0.0,0.0,0.0,3,4,3,0,0,0,0,3,1,1,0,0,5,1,1,7,1,2,0,1,0,1,1,0,4,2,5,3,9
2016.0,-87.0,0.0,0.0,3,6,3,0,0,0,0,9,1,1,0,0,9,1,1,8,1,2,0,1,0,2,2,0,6,7,5,8,3
2016.0,130.0,1.0,0.0,3,6,3,0,0,0,1,2,1,1,0,0,2,1,1,8,1,2,0,1,0,2,1,0,6,7,5,8,3
2016.0,-330.0,1.0,0.0,3,6,3,0,0,0,1,1,1,1,0,1,1,1,1,8,1,2,0,1,0,1,1,0,4,7,5,8,3
2016.0,0.0,0.0,0.0,3,4,3,0,0,0,0,5,1,1,0,1,2,1,1,9,1,2,0,1,0,1,1,0,4,2,5,3,9
2016.0,-40.0,0.0,0.0,3,6,3,0,0,0,0,2,1,1,0,0,2,1,1,9,1,2,0,1,0,2,1,0,4,7,5,8,3
2016.0,-150.0,0.0,0.0,3,6,3,0,0,0,1,1,1,1,0,1,1,1,1,10,1,2,0,0,0,1,2,0,6,7,5,8,3
2016.0,-280.0,0.0,0.0,3,10,3,0,0,0,1,2,1,1,0,1,2,1,1,11,1,2,0,0,0,1,2,0,1,9,5,3,2
2016.0,65.0,0.0,0.0,3,6,3,0,0,0,1,5,1,1,0,0,5,1,1,13,1,2,0,0,0,1,1,0,4,7,5,8,3
2016.0,0.0,1.0,0.0,2,6,3,0,0,0,1,1,1,1,0,0,1,1,1,13,1,2,0,0,0,1,1,0,4,7,5,8,3
2016.0,70.0,0.0,0.0,3,6,3,4,0,0,0,5,1,1,0,1,5,1,1,15,1,2,0,0,0,2,2,0,4,7,5,8,3
2016.0,440.0,0.0,0.0,3,10,3,0,0,0,2,1,1,1,0,0,1,1,1,15,1,2,0,0,0,0,0,0,6,9,5,3,2
2016.0,-74.0,1.0,0.0,3,6,3,0,0,0,0,1,1,1,0,0,1,1,1,15,1,2,0,0,0,1,1,0,4,7,5,3,8