Year,Distance,Totalinjuries,Totalfatalities,Injuryseverity,Collisionmanner,Lightcondition,Weather,SurfaceCondition,Unittype_One,Gender_Drv1,Traveldirection_One,AlcoholUse_Drv1,DrugUse_Drv1,Unittype_Two,Gender_Drv2,Traveldirection_Two,AlcoholUse_Drv2,DrugUse_Drv2,Hour,Weekday,Month,Weekend,Rush_Hour,Hazardous_Road,Age_Group_Drv1,Age_Group_Drv2,Substance_Use,Junction_Category,Violation_Category_Drv1,Violation_Category_Drv2,Unitaction_Category_Two,Unitaction_Category_One
2016.0,29.0,0.0,0.0,3,10,3,0,0,0,0,9,1,1,0,1,9,1,1,15,1,2,0,0,0,1,1,0,4,5,5,3,9
2016.0,200.0,0.0,0.0,3,6,3,0,0,0,1,5,1,1,0,0,5,1,1,15,1,2,0,0,0,2,1,0,4,7,5,8,3
2016.0,-100.0,0.0,0.0,3,10,3,0,0,0,2,5,1,1,0,1,5,1,1,16,1,2,0,1,0,0,1,0,6,4,5,8,3
2016.0,200.0,0.0,0.0,3,6,3,0,0,0,1,5,1,1,0,1,5,1,1,17,1,2,0,1,0,2,1,0,4,7,5,8,3
2016.0,-607.0,3.0,0.0,3,6,3,0,0,0,1,5,1,1,0,0,5,1,1,17,1,2,0,1,0,1,1,0,6,7,5,8,3
2016.0,200.0,0.0,0.0,3,6,3,0,0,0,0,5,1,1,0,0,5,1,1,17,1,2,0,1,0,1,2,0,4,7,5,8,3
2016.0,0.0,0.0,0.0,3,9,4,0,0,0,0,1,1,1,0,0,9,1,1,17,1,2,0,1,0,2,1,0,4,2,5,3,9
2016.0,0.0,2.0,0.0,2,4,0,0,0,0,0,2,1,1,0,1,5,1,1,18,1,2,0,1,0,2,2,0,4,2,5,3,9
2016.0,54.0,0.0,0.0,3,6,0,0,0,0,1,2,1,1,0,0,2,1,1,21,1,2,0,0,0,2,2,0,6,7,5,3,3
2016.0,0.0,0.0,0.0,3,9,3,0,0,0,1,5,1,1,0,1,2,1,1,8,2,2,0,1,0,1,1,0,4,9,5,9,9
2016.0,260.0,0.0,0.0,3,6,3,0,0,0,0,9,1,1,0,0,9,1,1,8,2,2,0,1,0,2,1,0,6,7,5,8,3
2016.0,-350.0,1.0,0.0,2,6,3,0,0,0,0,2,1,1,0,1,2,1,1,8,2,2,0,1,0,2,1,0,6,7,5,8,3
2016.0,125.0,0.0,0.0,3,10,3,0,0,0,2,1,1,1,0,1,1,1,1,8,2,2,0,1,0,0,1,0,6,9,5,3,2
2016.0,0.0,0.0,0.0,3,1,3,0,0,0,0,1,1,1,0,1,5,1,1,9,2,2,0,1,0,1,2,0,2,2,5,3,3
2016.0,560.0,0.0,0.0,3,1,3,0,0,0,2,9,1,1,0,0,2,1,1,10,2,2,0,0,0,0,1,0,0,2,5,3,9
2016.0,0.0,0.0,0.0,3,1,3,0,0,0,1,9,1,1,0,0,1,1,1,10,2,2,0,0,0,1,0,0,4,2,5,3,9
2016.0,75.0,0.0,0.0,3,6,3,0,0,0,2,5,1,1,0,1,5,1,1,11,2,2,0,0,0,0,2,0,4,7,5,8,3
2016.0,0.0,0.0,0.0,3,1,3,0,0,0,0,1,1,1,0,1,5,1,1,12,2,2,0,0,0,1,1,0,2,2,5,3,3
2016.0,-44.0,0.0,0.0,3,6,3,0,0,0,0,2,1,1,0,1,2,1,1,13,2,2,0,0,0,2,1,0,4,7,5,8,3
2016.0,-159.0,0.0,0.0,3,10,3,0,0,0,0,1,1,1,0,1,1,1,1,14,2,2,0,0,0,1,1,0,6,9,5,3,2
2016.0,-700.0,1.0,0.0,3,6,3,0,0,0,1,1,1,1,0,0,1,1,1,16,2,2,0,1,0,1,1,0,6,7,5,8,3
2016.0,-30.0,0.0,0.0,3,6,3,0,0,0,0,1,1,1,0,0,1,1,1,16,2,2,0,1,0,1,1,0,2,7,5,8,3
2016.0,15.0,0.0,0.0,3,10,3,0,0,0,1,4,1,1,0,1,4,1,1,16,2,2,0,1,0,1,1,0,4,9,5,9,9
2016.0,0.0,1.0,0.0,3,1,3,0,0,0,1,9,1,1,0,1,1,1,1,17,2,2,0,1,0,2,2,0,4,2,5,3,9
2016.0,-200.0,0.0,0.0,3,6,0,0,0,0,0,2,1,1,0,1,2,1,1,19,2,2,0,1,0,1,0,0,6,5,5,6,1
2016.0,0.0,0.0,0.0,3,4,3,0,0,0,1,2,1,1,0,0,5,1,1,22,2,2,0,0,0,1,2,0,4,2,5,3,9
2016.0,-108.0,0.0,0.0,3,1,0,0,0,0,1,8,0,1,1,1,2,1,1,23,2,2,0,0,0,2,2,0,6,7,5,6,3
2016.0,0.0,1.0,0.0,1,4,0,1,0,0,1,4,1,1,0,1,6,1,1,2,3,2,0,0,0,2,2,0,4,2,5,3,9
2016.0,-48.0,0.0,0.0,3,1,3,0,0,0,2,5,1,1,0,0,9,1,1,7,3,2,0,1,0,0,1,0,4,2,5,3,9
2016.0,0.0,2.0,0.0,2,4,3,0,0,0,1,2,1,1,0,1,5,1,1,8,3,2,0,1,0,1,1,0,4,2,5,3,9
2016.0,20.0,0.0,0.0,3,8,3,0,0,0,0,9,1,1,0,1,5,1,1,11,3,2,0,0,0,2,2,0,4,5,5,8,1
2016.0,0.0,0.0,0.0,3,1,3,0,0,0,1,9,1,1,0,1,2,1,1,12,3,2,0,0,0,1,0,0,6,2,5,8,9
2016.0,-175.0,0.0,0.0,3,10,3,0,0,0,1,9,1,1,0,1,9,1,1,14,3,2,0,0,0,1,1,0,6,5,5,3,2
2016.0,0.0,0.0,0.0,3,10,3,0,0,0,1,9,1,1,0,1,9,1,1,15,3,2,0,0,0,1,2,0,4,5,5,3,3
2016.0,-80.0,0.0,0.0,3,10,3,0,0,0,0,1,1,1,0,1,5,1,1,15,3,2,0,0,0,0,1,0,4,4,5,3,9
2016.0,-280.0,0.0,0.0,3,6,3,0,0,0,1,5,1,1,0,0,5,1,1,17,3,2,0,1,0,1,2,0,6,7,5,8,3
2016.0,10.0,1.0,0.0,2,5,4,0,0,0,0,5,1,1,3,1,1,1,1,18,3,2,0,1,0,1,1,0,4,2,5,7,9
2016.0,126.0,0.0,0.0,3,6,0,0,0,0,1,5,0,1,0,0,5,1,1,18,3,2,0,1,0,2,1,0,4,7,5,3,3
2016.0,161.0,1.0,0.0,2,5,0,0,0,3,0,2,1,1,0,0,1,1,1,20,3,2,0,0,0,1,2,0,6,6,5,3,7
2016.0,0.0,0.0,0.0,3,10,0,0,0,0,0,9,1,1,0,1,9,1,1,21,3,2,0,0,0,1,1,0,4,4,5,3,9
2016.0,-20.0,0.0,0.0,3,6,3,0,0,0,2,1,1,1,0,1,1,1,1,6,4,2,0,0,0,0,1,0,4,5,5,8,3
2016.0,0.0,0.0,0.0,3,1,3,0,0,0,1,9,1,1,0,0,5,1,1,7,4,2,0,1,0,1,1,0,4,2,5,9,3
2016.0,0.0,0.0,0.0,3,1,3,0,0,0,1,7,1,1,0,0,9,1,1,7,4,2,0,1,0,1,1,0,4,2,5,9,9
2016.0,57.0,0.0,0.0,3,6,3,0,0,0,1,5,1,1,0,1,5,1,1,8,4,2,0,1,0,1,1,0,6,7,5,3,3
2016.0,-480.0,0.0,0.0,3,4,3,0,0,0,1,9,1,1,0,1,1,1,1,10,4,2,0,0,0,2,0,0,6,2,5,3,9
2016.0,922.0,0.0,0.0,3,6,3,0,0,0,1,2,1,1,0,1,2,1,1,11,4,2,0,0,0,2,1,0,6,7,5,8,3
2016.0,-450.0,1.0,0.0,3,4,3,0,0,0,0,2,1,1,0,1,1,1,1,12,4,2,0,0,0,1,0,0,6,2,5,3,9
2016.0,0.0,2.0,0.0,3,4,3,0,0,0,1,2,1,1,0,0,5,1,1,13,4,2,0,0,0,1,2,0,4,2,5,3,9
2016.0,190.0,1.0,0.0,3,6,3,0,0,0,1,2,1,1,0,1,2,1,1,13,4,2,0,0,0,2,2,0,6,7,5,8,3
2016.0,-596.0,0.0,0.0,3,6,3,0,0,0,1,1,1,1,0,0,1,1,1,15,4,2,0,0,0,2,1,0,6,7,5,8,3
2016.0,-120.0,1.0,0.0,2,6,3,0,0,0,1,1,1,1,0,0,1,1,1,15,4,2,0,0,0,2,2,0,6,7,5,8,3
2016.0,83.0,0.0,0.0,3,6,3,0,0,0,1,9,1,1,0,0,9,1,1,16,4,2,0,1,0,1,2,0,4,7,5,8,3
2016.0,53.0,0.0,0.0,3,6,3,0,0,0,1,2,1,1,0,1,2,1,1,16,4,2,0,1,0,1,2,0,6,7,5,3,9
2016.0,61.0,0.0,0.0,3,6,3,0,0,0,0,5,1,1,0,0,5,1,1,16,4,2,0,1,0,2,2,0,4,7,5,8,3
2016.0,0.0,0.0,0.0,3,4,3,0,0,0,1,5,1,1,0,0,1,1,1,16,4,2,0,1,0,1,1,0,4,4,5,3,9
2016.0,-89.0,2.0,0.0,1,10,3,0,0,0,1,1,1,1,0,1,1,1,1,17,4,2,0,1,0,1,1,0,4,4,5,3,2
2016.0,0.0,0.0,0.0,3,4,3,0,0,0,0,9,1,1,0,1,1,1,1,17,4,2,0,1,0,1,1,0,2,2,5,9,3
2016.0,-475.0,0.0,0.0,3,4,3,0,0,0,1,9,1,1,0,1,1,1,1,17,4,2,0,1,0,2,2,0,6,5,5,3,9
2016.0,-147.0,0.0,0.0,3,6,0,0,0,0,1,1,1,1,0,1,1,1,1,18,4,2,0,1,0,2,1,0,4,7,5,8,3
2016.0,931.0,2.0,0.0,3,6,1,0,0,0,1,2,1,1,0,1,2,1,1,20,4,2,0,0,0,1,2,0,6,7,5,8,3
2016.0,0.0,0.0,0.0,3,10,0,0,0,0,1,9,1,1,0,1,9,1,1,22,4,2,0,0,0,2,2,0,4,9,5,3,2
2016.0,0.0,1.0,0.0,1,4,0,0,0,0,1,9,1,1,0,1,5,1,1,23,4,2,0,0,0,2,1,0,4,2,5,3,9
2016.0,200.0,0.0,0.0,3,4,0,0,0,0,0,1,1,1,0,1,2,1,1,23,4,2,0,0,0,2,2,0,6,4,5,3,9
2016.0,0.0,0.0,0.0,3,1,0,0,0,0,0,5,0,1,0,1,9,1,1,0,5,2,1,0,0,1,2,0,4,7,5,3,3
2016.0,0.0,0.0,0.0,3,4,3,0,0,0,0,9,1,1,0,0,1,1,1,12,5,2,1,0,0,1,1,0,4,2,5,3,9
2016.0,50.0,0.0,0.0,3,6,3,0,0,0,0,5,1,1,0,0,5,1,1,13,5,2,1,0,0,2,0,0,4,7,5,8,3
2016.0,200.0,2.0,0.0,3,6,3,0,0,0,1,9,1,1,0,0,9,1,1,16,5,2,1,1,0,2,1,0,2,7,5,8,3
2016.0,100.0,2.0,0.0,3,10,0,0,0,0,0,9,1,1,0,0,9,1,1,21,5,2,1,0,0,1,1,0,6,5,5,3,3
2016.0,0.0,0.0,0.0,3,1,3,0,0,0,1,1,1,1,0,1,5,1,1,9,6,2,1,1,0,1,1,0,4,2,5,3,3
2016.0,30.0,0.0,0.0,3,6,3,0,0,0,2,1,1,1,0,0,1,1,1,12,6,2,1,0,0,0,0,0,6,5,5,3,2
2016.0,0.0,0.0,0.0,3,5,3,0,0,0,2,5,1,1,0,1,9,1,1,17,6,2,1,1,0,0,0,0,4,4,5,3,1
2016.0,0.0,0.0,0.0,3,1,1,0,0,0,1,2,1,1,0,1,9,1,1,0,0,2,0,0,0,2,2,0,4,2,5,3,3
2016.0,0.0,0.0,0.0,3,1,3,0,0,0,0,5,1,1,0,0,1,1,1,8,0,2,0,1,0,2,2,0,4,2,5,9,3
2016.0,-25.0,0.0,0.0,3,4,3,0,0,0,1,4,1,1,0,0,4,1,1,10,0,2,0,0,0,1,1,0,2,9,5,9,9
2016.0,139.0,0.0,0.0,3,6,3,0,0,0,0,9,1,1,0,1,9,1,1,10,0,2,0,0,0,1,1,0,6,8,5,8,3
2016.0,325.0,0.0,0.0,3,3,3,0,0,0,1,2,1,1,0,1,5,1,1,12,0,2,0,0,0,1,2,0,6,7,5,8,0
2016.0,112.0,1.0,0.0,3,4,3,0,0,0,1,5,1,1,0,1,9,1,1,12,0,2,0,0,0,2,2,0,6,2,5,8,9
2016.0,250.0,0.0,0.0,3,10,3,0,0,0,1,5,1,1,0,1,5,1,1,14,0,2,0,0,0,2,2,0,6,9,5,3,2
2016.0,62.0,0.0,0.0,3,6,3,0,0,0,1,1,1,1,0,0,1,1,1,15,0,2,0,0,0,1,1,0,6,8,5,3,3
2016.0,300.0,0.0,0.0,3,10,3,0,0,0,0,6,1,1,0,0,8,1,1,16,0,2,0,1,0,1,1,0,6,7,5,6,3
2016.0,90.0,2.0,0.0,2,6,3,0,0,0,1,2,1,1,0,1,2,1,1,17,0,2,0,1,0,1,2,0,6,2,5,9,3
2016.0,229.0,1.0,0.0,2,6,3,0,0,0,0,1,1,1,0,0,1,1,1,17,0,2,0,1,0,2,1,0,6,7,5,3,2
2016.0,-54.0,1.0,0.0,2,5,3,0,0,0,1,2,1,1,2,1,5,1,1,18,0,2,0,1,0,1,1,0,4,5,2,3,9
2016.0,140.0,0.0,0.0,3,10,3,0,0,0,0,5,1,1,0,0,5,1,1,18,0,2,0,1,0,0,1,0,6,9,5,3,2
2016.0,0.2,0.0,0.0,3,9,0,0,0,0,2,2,1,1,0,0,5,1,1,20,0,2,0,0,0,0,1,0,6,9,5,8,3
2016.0,30.0,0.0,0.0,3,6,0,0,0,0,1,5,1,1,0,0,5,1,1,21,0,2,0,0,0,1,2,0,4,8,7,9,9
2016.0,0.0,0.0,0.0,3,4,0,0,0,0,0,2,1,1,0,1,5,1,1,22,0,2,0,0,0,1,1,0,4,2,5,9,3
2016.0,0.0,0.0,0.0,3,4,2,0,0,0,1,2,1,1,0,1,9,1,1,6,1,2,0,0,0,1,1,0,4,2,5,3,9
2016.0,-300.0,1.0,0.0,2,6,3,0,0,0,0,5,1,1,0,0,5,1,1,8,1,2,0,1,0,1,1,0,6,7,5,9,3
2016.0,50.0,0.0,0.0,3,12,0,0,0,0,2,8,1,1,1,1,8,1,1,12,1,2,0,0,0,0,1,0,6,5,5,6,5
2016.0,-200.0,0.0,0.0,3,10,3,0,0,0,1,1,1,1,0,0,1,1,1,12,1,2,0,0,0,0,2,0,6,9,5,3,2
2016.0,0.0,2.0,0.0,2,1,3,0,0,0,1,1,1,1,0,1,2,1,1,14,1,2,0,0,0,0,2,0,4,2,5,3,3
2016.0,210.0,1.0,0.0,3,3,3,0,0,0,1,2,1,1,0,1,5,1,1,17,1,2,0,1,0,2,1,0,6,9,5,3,2
2016.0,0.0,0.0,0.0,3,4,0,0,0,0,1,5,1,1,0,1,1,1,1,20,1,2,0,0,0,2,1,0,4,2,5,3,9
2016.0,80.0,0.0,0.0,3,6,0,0,0,0,0,5,1,1,0,1,5,1,1,6,2,2,0,0,0,2,1,0,4,7,5,8,3
2016.0,-72.0,0.0,0.0,3,6,3,0,0,0,0,2,1,1,0,1,2,1,1,7,2,2,0,1,0,1,1,0,4,7,5,8,3
2016.0,0.0,0.0,0.0,3,4,3,0,0,0,0,9,1,1,0,0,1,1,1,7,2,2,0,1,0,1,1,0,4,2,5,3,9
2016.0,0.0,0.0,0.0,3,6,3,0,0,0,0,2,1,1,0,1,2,1,1,7,2,2,0,1,0,1,2,0,4,7,5,3,3
2016.0,390.0,0.0,0.0,3,4,3,0,0,0,0,1,1,1,0,1,9,1,1,9,2,2,0,1,0,0,1,0,0,2,5,3,9
2016.0,40.0,0.0,0.0,3,6,3,0,0,0,0,9,1,1,0,0,9,1,1,13,2,2,0,0,0,2,0,0,4,7,5,8,3
2016.0,0.0,0.0,0.0,3,1,3,0,0,0,0,2,1,1,0,0,2,1,1,13,2,2,0,0,0,2,2,0,4,5,5,3,9
2016.0,-900.0,0.0,0.0,3,10,3,0,0,0,0,1,1,1,0,1,1,1,1,15,2,2,0,0,0,1,0,0,4,9,5,3,2
2016.0,390.0,3.0,0.0,2,4,3,0,0,0,0,1,1,1,0,0,9,1,1,15,2,2,0,0,0,0,1,0,0,2,5,3,9
2016.0,0.0,2.0,0.0,3,4,3,0,0,0,1,1,1,1,0,0,9,1,1,15,2,2,0,0,0,0,2,0,4,2,5,3,9
2016.0,-20.0,0.0,0.0,3,6,3,0,0,0,1,2,1,1,0,1,2,1,1,15,2,2,0,0,0,2,1,0,4,7,5,8,3
2016.0,385.0,0.0,0.0,3,10,3,0,0,0,2,9,1,1,0,1,9,1,1,16,2,2,0,1,0,0,1,0,6,9,5,3,3
2016.0,0.0,1.0,0.0,2,4,3,0,0,0,1,9,1,1,0,1,1,1,1,17,2,2,0,1,0,1,2,0,4,2,5,3,9
2016.0,0.0,0.0,0.0,3,1,0,0,0,0,0,5,1,1,0,0,1,1,1,18,2,2,0,1,0,0,0,0,4,2,5,3,3
2016.0,546.0,0.0,0.0,3,10,0,0,0,0,0,7,1,1,0,0,7,1,1,19,2,2,0,1,0,1,1,0,6,9,5,3,2
2016.0,-207.0,0.0,0.0,3,1,0,0,0,0,1,9,1,1,0,1,2,1,1,19,2,2,0,1,0,2,1,0,0,2,5,3,9
2016.0,0.0,0.0,0.0,3,4,0,0,0,0,1,9,1,1,0,1,1,1,1,22,2,2,0,0,0,2,2,0,4,4,5,3,9
2016.0,0.0,0.0,0.0,3,6,3,0,0,0,0,1,1,1,0,1,1,1,1,9,3,2,0,1,0,1,1,0,4,7,5,8,3
2016.0,30.0,0.0,0.0,3,10,3,0,0,0,1,9,1,1,0,1,9,1,1,12,3,2,0,0,0,1,1,0,4,4,5,9,8
2016.0,525.0,0.0,0.0,3,4,3,0,0,0,0,5,1,1,0,1,1,1,1,14,3,2,0,0,0,2,2,0,0,2,5,3,9
2016.0,0.0,0.0,0.0,3,4,3,0,0,0,1,9,1,1,0,1,1,1,1,16,3,2,0,1,0,2,2,0,4,2,5,3,9
2016.0,-200.0,0.0,0.0,3,10,3,0,0,0,0,2,1,1,0,0,2,1,1,16,3,2,0,1,0,0,2,0,4,9,5,3,2
2016.0,0.0,0.0,0.0,3,1,3,0,0,0,0,1,1,1,0,1,5,1,1,16,3,2,0,1,0,1,1,0,4,2,5,3,3
2016.0,0.0,2.0,0.0,2,3,3,0,0,0,0,5,1,1,0,0,2,1,1,17,3,2,0,1,0,1,1,0,4,9,5,3,3
2016.0,-173.0,0.0,0.0,3,10,3,0,0,0,0,5,1,1,0,1,5,1,1,17,3,2,0,1,0,2,1,0,6,9,5,3,2
2016.0,0.0,2.0,0.0,2,4,4,0,0,0,0,5,1,1,0,1,2,1,1,17,3,2,0,1,0,2,2,0,4,2,5,3,9
2016.0,238.0,1.0,0.0,3,6,4,0,0,0,0,1,1,1,0,1,1,1,1,18,3,2,0,1,0,1,1,0,6,7,5,8,3
2016.0,-120.0,0.0,0.0,3,10,0,1,0,0,0,9,0,1,0,1,9,1,1,18,3,2,0,1,0,1,1,0,6,9,5,3,2
2016.0,91.0,0.0,0.0,3,6,0,0,0,0,1,9,1,0,0,1,9,1,1,23,3,2,0,0,0,1,2,0,4,7,5,8,8
2016.0,0.0,0.0,0.0,3,1,0,0,0,0,0,5,1,1,0,0,5,1,1,5,4,2,0,0,0,1,1,0,2,5,5,3,9
2016.0,160.0,0.0,0.0,3,1,0,1,0,0,1,5,1,1,0,1,5,1,1,6,4,2,0,0,0,1,1,0,0,4,4,9,9
2016.0,265.0,0.0,0.0,3,6,3,0,0,0,2,2,1,1,0,1,2,1,1,10,4,2,0,0,0,0,1,0,6,5,5,3,3
2016.0,5.0,0.0,0.0,3,6,3,1,0,0,0,2,1,1,0,1,2,1,1,11,4,2,0,0,0,0,0,0,2,7,5,9,9
2016.0,-180.0,0.0,0.0,3,10,3,0,0,0,0,1,1,1,0,1,1,1,1,11,4,2,0,0,0,1,1,0,4,9,5,8,2
2016.0,-10.0,0.0,0.0,3,4,3,1,0,0,0,1,1,1,0,1,9,1,1,12,4,2,0,0,0,1,2,0,4,2,5,3,9
2016.0,158.0,0.0,0.0,3,6,3,0,0,0,1,2,1,1,0,0,2,1,1,14,4,2,0,0,0,1,2,0,6,7,5,8,3
2016.0,330.0,0.0,0.0,3,1,3,0,0,0,0,5,1,1,0,0,9,1,1,14,4,2,0,0,0,2,1,0,0,2,5,3,9
2016.0,86.0,1.0,0.0,3,10,3,0,0,0,0,3,1,1,0,1,3,1,1,14,4,2,0,0,0,1,1,0,4,5,5,9,9
2016.0,0.0,1.0,0.0,3,6,3,0,0,0,0,2,1,1,0,0,2,1,1,15,4,2,0,0,0,1,1,0,4,7,5,8,3
2016.0,346.0,0.0,0.0,3,6,3,0,0,0,1,2,1,1,0,0,2,1,1,15,4,2,0,0,0,2,2,0,6,7,5,8,3
2016.0,-220.0,1.0,0.0,3,6,3,0,0,0,0,1,1,1,0,1,1,1,1,15,4,2,0,0,0,2,0,0,4,7,5,8,3
2016.0,0.0,0.0,0.0,3,4,3,0,0,0,1,1,1,1,0,1,9,1,1,16,4,2,0,1,0,1,1,0,4,2,5,9,3
2016.0,-175.0,2.0,0.0,3,6,3,0,0,0,1,1,0,1,0,0,1,1,1,17,4,2,0,1,0,1,1,0,4,7,5,8,3
2016.0,788.0,3.0,0.0,2,6,0,0,0,0,0,9,1,1,0,1,9,1,1,19,4,2,0,1,0,2,1,0,6,7,5,3,2
2016.0,206.0,0.0,0.0,3,1,0,0,0,0,0,1,1,1,0,1,1,1,1,19,4,2,0,1,0,1,1,0,6,4,5,6,9
2016.0,-133.0,1.0,0.0,3,10,0,0,0,0,1,1,1,1,0,1,1,1,1,21,4,2,0,0,0,1,2,0,4,9,5,3,2
2016.0,140.0,0.0,0.0,3,6,0,0,0,0,1,9,1,1,0,0,9,1,1,22,4,2,0,0,0,1,1,0,4,7,5,8,3
2016.0,32.0,0.0,0.0,3,1,0,0,0,0,1,2,0,1,1,1,2,1,1,23,4,2,0,0,0,2,1,0,4,7,5,6,9
2016.0,-108.0,0.0,0.0,3,10,3,0,0,0,1,5,1,1,0,1,5,1,1,7,5,2,1,1,0,1,1,0,6,9,5,3,2
2016.0,-36.0,0.0,0.0,3,6,3,0,0,0,1,1,1,1,0,1,1,1,1,10,5,2,1,0,0,1,1,0,4,8,5,8,3
2016.0,-20.0,0.0,0.0,3,6,3,0,0,0,0,1,1,1,0,1,1,1,1,12,5,2,1,0,0,1,1,0,2,8,5,8,3
2016.0,240.0,0.0,0.0,3,10,3,0,0,0,1,9,1,1,0,1,9,1,1,12,5,2,1,0,0,1,1,0,6,9,9,2,2
2016.0,-105.0,0.0,0.0,3,6,3,0,0,0,2,1,1,1,0,0,1,1,1,15,5,2,1,0,0,0,1,0,6,7,5,8,3
2016.0,342.0,0.0,0.0,3,6,3,0,0,0,1,9,1,1,0,1,9,1,1,17,5,2,1,1,0,1,1,0,6,7,5,3,3
2016.0,115.0,1.0,0.0,3,6,0,0,0,0,0,5,1,1,0,0,5,1,1,21,5,2,1,0,0,2,2,0,6,7,5,8,8
2016.0,50.0,0.0,0.0,3,6,0,0,0,0,1,2,1,1,0,0,2,1,1,21,5,2,1,0,0,2,2,0,4,5,5,8,3
2016.0,100.0,0.0,0.0,3,6,0,0,0,0,1,2,1,1,0,0,2,1,1,22,5,2,1,0,0,2,2,0,4,7,5,8,3
2016.0,280.0,0.0,0.0,3,6,3,0,0,0,0,5,1,1,0,0,5,1,1,7,6,2,1,1,0,1,1,0,6,7,5,8,3
2016.0,-397.0,0.0,0.0,3,9,3,0,0,0,1,6,1,1,0,0,9,1,1,11,6,2,1,0,0,2,1,0,6,2,5,3,3
2016.0,60.0,0.0,0.0,3,6,3,0,0,0,1,2,1,1,0,1,2,1,1,12,6,2,1,0,0,2,1,0,0,7,5,3,3
2016.0,0.2,0.0,0.0,3,6,3,0,0,0,0,2,1,1,0,1,2,1,1,14,6,2,1,0,0,2,2,0,6,7,5,8,3
2016.0,0.0,3.0,0.0,2,1,3,0,0,0,1,1,1,1,0,0,9,1,1,14,6,2,1,0,0,2,1,0,4,2,5,3,9
2016.0,-30.0,0.0,0.0,3,6,3,0,0,0,0,2,1,1,0,0,2,1,1,16,6,2,1,1,0,1,1,0,4,7,5,3,3
2016.0,85.0,0.0,0.0,3,6,3,0,0,0,0,9,1,1,0,1,9,1,1,16,6,2,1,1,0,1,1,0,4,7,5,8,3
2016.0,395.0,0.0,0.0,3,12,3,4,3,0,2,8,1,1,1,1,1,1,1,17,6,2,1,1,0,0,1,0,6,5,5,6,5
2016.0,30.0,0.0,0.0,3,6,0,0,0,0,0,5,1,1,0,0,5,1,1,20,6,2,1,0,0,1,1,0,4,5,5,8,1
2016.0,-15.0,0.0,0.0,3,10,0,0,0,0,1,2,0,1,0,0,2,1,1,23,6,2,1,0,0,2,2,0,4,9,5,8,2
2016.0,136.0,0.0,0.0,3,3,0,0,0,0,1,9,1,1,0,0,1,1,1,23,6,2,1,0,0,2,1,0,6,5,5,3,3
2016.0,-200.0,0.0,0.0,3,10,3,0,0,0,1,9,1,1,0,1,9,1,1,9,0,2,0,1,0,1,0,0,6,5,5,2,2
2016.0,-200.0,0.0,0.0,3,10,3,0,0,0,2,9,1,1,0,0,9,1,1,10,0,2,0,0,0,0,1,0,6,9,5,3,3
2016.0,-340.0,0.0,0.0,3,6,3,0,0,0,1,1,1,1,0,1,1,1,1,11,0,2,0,0,0,2,1,0,6,7,5,8,3
2016.0,47.0,0.0,0.0,3,6,3,0,0,0,0,5,1,1,0,0,5,1,1,13,0,2,0,0,0,2,1,0,4,7,5,8,3
2016.0,15.0,0.0,0.0,3,6,3,0,0,0,1,9,1,1,0,1,9,1,1,13,0,2,0,0,0,1,1,0,4,7,5,8,2
2016.0,0.0,1.0,0.0,2,4,3,0,0,0,1,5,1,1,0,1,1,1,1,13,0,2,0,0,0,0,1,0,2,4,5,3,9
2016.0,350.0,0.0,0.0,3,6,3,0,0,0,1,1,1,1,0,0,1,1,1,16,0,2,0,1,0,1,1,0,6,7,5,8,2
2016.0,0.0,0.0,0.0,3,4,3,0,0,0,1,2,1,1,0,1,5,1,1,16,0,2,0,1,0,1,2,0,4,2,5,3,9
2016.0,45.0,4.0,0.0,1,6,3,0,0,0,1,1,1,1,0,0,1,1,1,17,0,2,0,1,0,1,1,0,6,7,5,8,3
2016.0,150.0,1.0,0.0,2,6,0,0,0,0,0,9,1,1,0,1,9,1,1,19,0,2,0,1,0,2,1,0,0,7,5,8,3
2016.0,170.0,0.0,0.0,3,6,0,0,0,0,0,1,1,1,0,0,1,1,1,5,1,2,0,0,0,1,1,0,6,7,5,8,3
2016.0,145.0,0.0,0.0,3,6,3,0,0,0,0,5,1,1,0,0,5,1,1,8,1,2,0,1,0,1,1,0,2,7,5,8,3
2016.0,0.0,0.0,0.0,3,4,3,0,0,0,1,1,1,1,0,1,9,1,1,8,1,2,0,1,0,1,2,0,4,2,5,3,9
2016.0,-554.0,0.0,0.0,3,6,3,0,0,0,0,9,1,1,1,1,9,1,1,8,1,2,0,1,0,2,1,0,6,7,5,6,3
2016.0,240.0,0.0,0.0,3,4,3,0,0,0,1,2,1,1,0,0,1,1,1,10,1,2,0,0,0,1,0,0,0,2,5,3,9
2016.0,0.0,0.0,0.0,3,4,3,0,0,0,0,5,1,1,0,1,2,1,1,11,1,2,0,0,0,2,2,0,4,2,5,3,9
2016.0,190.0,0.0,0.0,3,6,3,0,0,0,1,1,1,1,0,0,1,1,1,12,1,2,0,0,0,2,0,0,6,7,5,8,3
2016.0,-1030.0,0.0,0.0,3,1,3,0,0,0,1,1,1,1,0,1,1,1,1,13,1,2,0,0,0,2,0,0,6,2,5,3,9
2016.0,635.0,0.0,0.0,3,4,3,0,0,0,1,1,1,1,0,0,5,1,1,16,1,2,0,1,0,2,1,0,6,2,5,3,9
2016.0,324.0,0.0,0.0,3,10,3,0,0,0,1,1,1,1,0,1,1,1,1,16,1,2,0,1,0,0,1,0,6,7,5,8,3
2016.0,-353.0,2.0,0.0,3,4,3,0,0,0,1,9,1,1,0,0,2,1,1,17,1,2,0,1,0,2,1,0,6,2,5,3,9