Year,Distance,Totalinjuries,Totalfatalities,Injuryseverity,Collisionmanner,Lightcondition,Weather,SurfaceCondition,Unittype_One,Gender_Drv1,Traveldirection_One,AlcoholUse_Drv1,DrugUse_Drv1,Unittype_Two,Gender_Drv2,Traveldirection_Two,AlcoholUse_Drv2,DrugUse_Drv2,Hour,Weekday,Month,Weekend,Rush_Hour,Hazardous_Road,Age_Group_Drv1,Age_Group_Drv2,Substance_Use,Junction_Category,Violation_Category_Drv1,Violation_Category_Drv2,Unitaction_Category_Two,Unitaction_Category_One
2016.0,-150.0,0.0,0.0,3,6,0,0,0,0,1,2,1,1,0,1,2,1,1,18,1,2,0,1,0,2,2,0,6,7,5,8,3
2016.0,160.0,0.0,0.0,3,6,0,0,0,0,0,5,1,1,0,1,5,1,1,19,1,2,0,1,0,2,1,0,6,7,5,8,3
2016.0,-160.0,0.0,0.0,3,4,0,0,0,0,0,5,1,1,0,1,2,1,1,20,1,2,0,0,0,1,0,0,6,2,5,3,9
2016.0,0.0,1.0,0.0,3,3,0,0,0,0,0,9,1,1,0,1,5,1,1,3,2,2,0,0,0,2,2,0,4,2,5,3,3
2016.0,0.0,1.0,0.0,3,4,2,0,0,0,0,1,1,1,0,0,9,1,1,6,2,2,0,0,0,1,1,0,4,2,5,3,9
2016.0,0.0,0.0,0.0,3,1,3,0,0,0,0,9,1,1,0,0,2,1,1,7,2,2,0,1,0,0,1,0,4,2,2,9,3
2016.0,455.0,0.0,0.0,3,6,3,0,0,0,1,2,1,1,0,0,2,1,1,7,2,2,0,1,0,2,1,0,6,7,5,8,3
2016.0,0.0,2.0,0.0,2,1,3,0,0,0,0,1,1,1,0,1,5,1,1,11,2,2,0,0,0,1,1,0,4,2,5,3,3
2016.0,0.0,0.0,0.0,3,1,3,0,0,0,1,9,1,1,0,1,2,1,1,13,2,2,0,0,0,2,2,0,4,2,5,3,5
2016.0,-150.0,1.0,0.0,2,6,3,0,0,0,0,2,1,1,0,0,2,1,1,14,2,2,0,0,0,1,2,0,4,7,5,8,3
2016.0,0.0,1.0,0.0,2,1,3,0,0,0,0,5,1,1,0,0,1,1,1,15,2,2,0,0,0,1,2,0,4,2,5,3,3
2016.0,-203.0,0.0,0.0,3,6,3,0,0,0,1,1,1,0,0,1,1,1,1,16,2,2,0,1,0,2,1,0,4,7,5,8,3
2016.0,80.0,0.0,0.0,3,10,3,0,0,0,2,5,1,1,0,0,5,1,1,17,2,2,0,1,0,0,1,0,4,9,5,3,2
2016.0,-30.0,0.0,0.0,3,10,3,0,0,0,0,1,1,1,0,1,1,1,1,17,2,2,0,1,0,1,2,0,4,9,5,3,2
2016.0,200.0,1.0,0.0,2,4,3,0,0,0,1,1,1,1,0,1,5,1,1,17,2,2,0,1,0,1,1,0,0,5,2,3,9
2016.0,177.0,0.0,0.0,3,6,3,0,0,0,2,9,1,1,0,0,9,1,1,17,2,2,0,1,0,0,1,0,4,7,5,8,3
2016.0,-300.0,0.0,0.0,3,10,0,0,0,0,0,1,1,1,0,1,1,1,1,22,2,2,0,0,0,1,2,0,4,9,5,3,8
2016.0,-700.0,1.0,0.0,1,5,1,0,0,3,0,2,1,1,0,0,9,1,1,23,2,2,0,0,0,1,2,0,6,6,5,3,7
2016.0,1030.0,0.0,0.0,3,10,3,0,0,0,1,1,1,1,0,0,1,1,1,8,3,2,0,1,0,1,1,0,6,9,5,8,8
2016.0,789.0,0.0,0.0,3,6,3,0,0,0,1,2,1,1,0,0,2,1,1,8,3,2,0,1,0,1,1,0,6,7,5,8,3
2016.0,0.0,0.0,0.0,3,10,3,0,0,0,1,2,1,1,0,1,2,1,1,8,3,2,0,1,0,0,0,0,4,5,5,9,3
2016.0,-55.0,0.0,0.0,3,6,3,0,0,0,1,2,1,1,0,0,2,1,1,11,3,2,0,0,0,2,2,0,4,7,5,8,3
2016.0,-1356.0,0.0,0.0,3,4,3,0,0,0,0,2,1,1,0,0,1,1,1,13,3,2,0,0,0,1,1,0,0,2,5,3,9
2016.0,0.0,1.0,0.0,3,4,3,0,0,0,0,9,1,1,0,1,5,1,1,14,3,2,0,0,0,2,1,0,4,2,5,9,3
2016.0,30.0,0.0,0.0,3,10,3,0,0,0,1,9,1,1,0,0,9,1,1,15,3,2,0,0,0,1,0,0,4,2,5,3,2
2016.0,-320.0,0.0,0.0,3,6,3,0,0,0,0,1,1,1,0,0,1,1,1,15,3,2,0,0,0,2,1,0,6,9,5,3,8
2016.0,0.0,0.0,0.0,3,4,3,0,0,0,0,9,1,1,0,0,1,1,1,16,3,2,0,1,0,1,1,0,4,2,5,3,9
2016.0,-100.0,1.0,0.0,3,6,3,0,0,0,1,5,1,1,0,0,5,1,1,16,3,2,0,1,0,2,1,0,6,7,5,8,3
2016.0,-50.0,0.0,0.0,3,10,4,0,0,0,1,2,1,1,0,1,2,1,1,18,3,2,0,1,0,2,1,0,4,9,5,3,2
2016.0,-190.0,1.0,0.0,2,6,0,0,0,0,1,5,1,1,0,1,5,1,1,18,3,2,0,1,0,1,1,0,6,7,5,8,3
2016.0,0.0,0.0,0.0,3,4,3,0,0,0,0,9,1,1,0,0,1,1,1,7,4,2,0,1,0,1,0,0,4,2,5,9,3
2016.0,153.0,0.0,0.0,3,3,3,0,0,0,1,2,1,1,1,1,5,1,1,7,4,2,0,1,0,2,1,0,6,7,5,6,3
2016.0,116.0,0.0,0.0,3,6,3,0,0,0,1,1,1,1,0,1,1,1,1,9,4,2,0,1,0,2,1,0,6,7,5,8,3
2016.0,-243.0,2.0,0.0,3,6,3,0,0,0,0,2,1,1,0,0,2,1,1,11,4,2,0,0,0,2,0,0,6,7,5,8,3
2016.0,-304.0,0.0,0.0,3,6,3,0,0,0,0,9,1,1,0,1,9,1,1,11,4,2,0,0,0,1,0,0,6,7,5,3,3
2016.0,880.0,3.0,0.0,3,6,3,0,0,0,0,2,1,1,0,0,2,1,1,11,4,2,0,0,0,2,1,0,6,7,5,8,3
2016.0,7.0,1.0,0.0,2,5,3,0,0,2,1,5,1,1,0,0,9,1,1,12,4,2,0,0,0,1,2,0,4,9,5,9,3
2016.0,0.0,1.0,0.0,1,4,3,0,0,0,1,5,1,1,0,1,1,1,1,15,4,2,0,0,0,1,2,0,4,2,5,3,9
2016.0,544.0,0.0,0.0,3,6,3,0,0,0,1,5,1,1,0,0,5,1,1,17,4,2,0,1,0,2,1,0,6,7,5,8,3
2016.0,-65.0,1.0,0.0,2,6,0,0,0,0,1,9,1,1,0,0,9,1,1,18,4,2,0,1,0,0,1,0,6,7,5,8,3
2016.0,831.0,1.0,0.0,3,4,0,0,0,0,1,2,1,1,0,0,1,1,1,18,4,2,0,1,0,2,1,0,6,2,5,8,9
2016.0,-75.0,0.0,0.0,3,6,0,0,0,0,1,2,1,0,0,1,2,1,1,21,4,2,0,0,0,1,1,0,4,7,5,8,3
2016.0,-45.0,0.0,0.0,3,6,0,0,0,0,1,1,1,1,0,1,1,1,1,0,5,2,1,0,0,1,1,0,6,7,5,3,3
2016.0,0.0,0.0,0.0,3,4,3,0,0,0,0,9,1,1,0,0,1,1,1,15,5,2,1,0,0,1,1,0,1,2,5,9,3
2016.0,0.0,0.0,0.0,3,4,3,0,0,0,0,5,1,1,0,1,2,1,1,15,5,2,1,0,0,1,1,0,4,2,5,3,9
2016.0,-400.0,1.0,0.0,3,1,3,0,0,0,0,7,1,1,0,0,1,1,1,17,5,2,1,1,0,0,1,0,4,2,5,3,9
2016.0,-200.0,0.0,0.0,3,4,4,0,0,0,1,5,1,1,0,1,2,1,1,17,5,2,1,1,0,1,2,0,4,2,5,3,9
2016.0,-577.0,0.0,0.0,3,4,0,0,0,0,2,2,1,1,0,1,1,1,1,18,5,2,1,1,0,0,1,0,6,2,5,3,9
2016.0,0.0,0.0,0.0,3,10,0,0,0,0,1,5,1,1,0,0,5,1,1,21,5,2,1,0,0,1,1,0,4,9,5,3,3
2016.0,0.0,0.0,0.0,3,4,0,0,0,0,1,4,1,1,0,0,5,1,1,21,5,2,1,0,0,2,2,0,2,2,5,3,9
2016.0,30.0,0.0,0.0,3,10,0,0,0,0,2,1,1,1,1,1,8,1,1,2,6,2,1,0,0,0,1,0,6,5,5,6,3
2016.0,0.0,0.0,0.0,3,4,3,0,0,0,1,9,1,1,0,1,1,1,1,9,6,2,1,1,0,0,1,0,4,2,5,3,9
2016.0,0.0,1.0,0.0,3,4,3,0,0,0,1,9,1,1,0,0,5,1,1,11,6,2,1,0,0,1,1,0,4,2,5,9,3
2016.0,380.0,1.0,0.0,3,4,3,0,0,0,0,1,1,1,0,1,9,1,1,12,6,2,1,0,0,0,1,0,6,4,5,3,9
2016.0,89.0,0.0,0.0,3,10,3,0,0,0,0,5,1,1,0,0,5,1,1,13,6,2,1,0,0,2,1,0,4,9,5,3,2
2016.0,0.0,0.0,0.0,3,6,3,0,0,0,0,9,1,1,0,1,9,1,1,15,6,2,1,0,0,2,2,0,4,7,5,8,3
2016.0,0.0,0.0,0.0,3,10,0,0,0,0,2,1,1,1,0,1,1,1,1,20,6,2,1,0,0,0,0,0,2,4,5,3,3
2016.0,25.0,0.0,0.0,3,6,0,0,0,0,0,5,1,1,0,1,5,1,1,21,6,2,1,0,0,2,2,0,4,7,5,3,3
2016.0,-51.0,0.0,0.0,3,6,0,0,0,0,1,1,0,1,0,0,1,1,1,2,0,2,0,0,0,2,1,0,4,5,5,8,3
2016.0,0.0,0.0,0.0,3,1,0,0,0,0,0,1,1,1,0,0,5,1,1,5,0,2,0,0,0,0,0,0,4,2,5,3,3
2016.0,-70.0,0.0,0.0,3,10,2,0,0,0,2,9,1,1,0,0,9,1,1,6,0,2,0,0,0,0,0,0,4,4,5,9,9
2016.0,0.0,0.0,0.0,3,1,3,0,0,0,1,9,1,1,0,1,2,1,1,7,0,2,0,1,0,2,1,0,4,2,5,3,9
2016.0,0.0,0.0,0.0,3,4,3,0,0,0,1,5,1,1,0,1,2,1,1,7,0,2,0,1,0,1,2,0,4,2,5,3,9
2016.0,-363.0,0.0,0.0,3,6,3,0,0,0,0,9,1,1,0,0,9,1,1,7,0,2,0,1,0,1,1,0,6,7,5,8,3
2016.0,-70.0,0.0,0.0,3,10,3,0,0,0,1,1,1,1,1,1,1,1,1,10,0,2,0,0,0,1,1,0,6,7,5,6,3
2016.0,610.0,0.0,0.0,3,1,3,0,0,0,1,5,1,1,0,1,9,1,1,13,0,2,0,0,0,2,0,0,0,2,5,3,9
2016.0,-1575.0,0.0,0.0,3,6,3,0,0,0,0,1,1,1,0,1,1,1,1,16,0,2,0,1,0,1,0,0,4,7,5,8,3
2016.0,95.0,1.0,0.0,3,6,3,0,0,0,1,2,1,1,0,0,2,1,1,16,0,2,0,1,0,1,0,0,4,7,5,8,3
2016.0,0.0,0.0,0.0,3,4,3,0,0,0,1,2,1,1,0,1,5,1,1,17,0,2,0,1,0,2,1,0,4,2,5,3,9
2016.0,0.0,0.0,0.0,3,4,0,0,0,0,1,5,1,1,0,1,1,1,1,19,0,2,0,1,0,1,1,0,4,5,5,9,0
2016.0,0.0,0.0,0.0,3,4,0,0,0,0,1,5,1,1,0,0,2,1,1,23,0,2,0,0,0,1,1,0,4,2,5,3,9
2016.0,0.0,0.0,0.0,3,4,3,0,0,0,0,5,1,1,0,0,2,1,1,7,1,3,0,1,0,1,1,0,4,2,7,3,9
2016.0,540.0,0.0,0.0,3,4,3,0,0,0,1,5,1,1,0,1,9,1,1,7,1,3,0,1,0,1,1,0,0,2,5,3,9
2016.0,235.0,0.0,0.0,3,6,3,0,0,0,1,2,1,1,0,0,2,1,1,7,1,3,0,1,0,1,1,0,6,7,5,8,3
2016.0,0.0,1.0,0.0,3,4,3,0,0,0,1,5,1,1,0,0,9,1,1,7,1,3,0,1,0,1,0,0,4,2,5,3,9
2016.0,-30.0,0.0,0.0,3,6,3,0,0,0,0,2,1,1,0,0,2,1,1,11,1,3,0,0,0,0,0,0,4,7,5,8,3
2016.0,-200.0,0.0,0.0,3,6,3,0,0,0,0,2,1,1,0,0,2,1,1,12,1,3,0,0,0,1,2,0,1,7,5,8,3
2016.0,433.0,0.0,0.0,3,1,3,0,0,0,0,9,1,1,0,1,5,1,1,12,1,3,0,0,0,1,2,0,0,2,5,3,3
2016.0,-150.0,0.0,0.0,3,6,3,0,0,0,1,2,1,1,0,1,2,1,1,16,1,3,0,1,0,1,1,0,4,7,5,8,3
2016.0,-145.0,1.0,0.0,2,6,3,0,0,0,0,1,1,1,0,1,1,1,1,16,1,3,0,1,0,1,1,0,6,2,5,3,9
2016.0,41.0,0.0,0.0,3,5,3,0,0,0,1,2,1,1,0,1,5,1,1,16,1,3,0,1,0,2,0,0,4,5,5,8,1
2016.0,-115.0,0.0,0.0,3,10,3,0,0,0,1,1,1,1,0,1,1,1,1,17,1,3,0,1,0,1,1,0,4,9,5,3,2
2016.0,-1220.0,0.0,0.0,3,1,0,0,0,0,1,4,1,1,0,0,9,1,1,19,1,3,0,1,0,2,2,0,0,2,5,9,9
2016.0,-40.0,0.0,0.0,3,6,0,0,0,0,1,2,0,0,0,1,2,1,1,1,2,3,0,0,0,2,2,0,4,7,5,8,3
2016.0,0.0,0.0,0.0,3,1,3,0,0,0,0,1,1,1,0,1,2,1,1,7,2,3,0,1,0,1,1,0,4,2,5,3,3
2016.0,0.0,1.0,0.0,2,6,3,0,0,0,1,9,1,1,0,1,9,1,1,7,2,3,0,1,0,1,1,0,4,7,5,9,3
2016.0,51.0,0.0,0.0,3,10,3,0,0,0,0,9,1,1,0,0,1,1,1,7,2,3,0,1,0,1,1,0,4,5,5,9,9
2016.0,430.0,0.0,0.0,3,6,3,0,0,0,0,9,1,1,0,1,9,1,1,7,2,3,0,1,0,1,1,0,6,7,5,8,3
2016.0,250.0,0.0,0.0,3,6,3,0,0,0,1,9,1,1,0,1,1,1,1,11,2,3,0,0,0,1,2,0,6,5,5,8,1
2016.0,-80.0,1.0,0.0,3,6,3,0,0,0,1,1,1,1,0,1,1,1,1,13,2,3,0,0,0,1,2,0,4,7,5,8,3
2016.0,0.0,1.0,0.0,3,5,3,0,0,3,1,5,1,1,0,0,9,1,1,13,2,3,0,0,0,2,1,0,4,5,2,3,5
2016.0,-200.0,0.0,0.0,3,12,0,0,0,0,2,8,1,1,1,1,5,1,1,15,2,3,0,0,0,0,2,0,6,5,5,6,5
2016.0,0.0,0.0,0.0,3,4,3,0,0,0,0,9,1,1,0,1,1,1,1,16,2,3,0,1,0,2,2,0,4,2,5,3,9
2016.0,0.0,1.0,0.0,2,4,3,0,0,0,1,2,1,1,0,1,1,1,1,17,2,3,0,1,0,1,2,0,4,2,5,3,9
2016.0,0.0,0.0,0.0,3,6,3,0,0,0,0,5,1,1,0,1,5,1,1,17,2,3,0,1,0,2,2,0,4,7,5,8,3
2016.0,-45.0,0.0,0.0,3,6,3,0,0,0,1,1,1,1,0,1,1,1,1,17,2,3,0,1,0,1,1,0,6,7,5,8,3
2016.0,-215.0,2.0,0.0,3,6,3,0,0,0,0,2,1,1,0,0,2,1,1,17,2,3,0,1,0,2,1,0,6,7,5,8,3
2016.0,0.0,0.0,0.0,3,4,3,0,0,0,1,2,1,1,0,1,1,1,1,17,2,3,0,1,0,1,2,0,4,2,5,3,9
2016.0,-50.0,0.0,0.0,3,6,3,0,0,0,0,2,1,1,0,1,2,1,1,18,2,3,0,1,0,1,2,0,4,7,5,8,3
2016.0,-70.0,0.0,0.0,3,6,3,0,0,0,1,1,1,1,0,1,1,1,1,18,2,3,0,1,0,2,1,0,4,7,5,8,3
2016.0,87.0,2.0,0.0,3,6,4,0,0,0,1,9,1,1,0,1,9,1,1,18,2,3,0,1,0,1,1,0,6,7,5,8,3
2016.0,73.0,2.0,0.0,2,6,0,0,0,0,1,9,1,1,0,0,9,1,1,18,2,3,0,1,0,2,1,0,4,7,5,8,3
2016.0,0.0,0.0,0.0,3,3,2,0,0,0,0,2,1,1,0,0,2,1,1,6,3,3,0,0,0,1,1,0,2,7,5,9,3
2016.0,1269.0,0.0,0.0,3,6,3,0,0,0,0,5,1,1,0,1,5,1,1,9,3,3,0,1,0,1,1,0,6,7,5,8,3
2016.0,104.0,1.0,0.0,3,1,3,0,0,0,1,5,1,1,0,0,9,1,1,11,3,3,0,0,0,2,2,0,4,2,5,3,9
2016.0,-78.0,0.0,0.0,3,6,3,0,0,0,0,2,0,1,0,1,2,1,1,12,3,3,0,0,0,2,2,0,6,7,5,8,3
2016.0,45.0,0.0,0.0,3,6,3,0,0,0,1,9,1,1,0,1,9,1,1,12,3,3,0,0,0,1,2,0,4,7,5,9,9
2016.0,344.0,0.0,0.0,3,6,3,0,0,0,1,2,1,1,0,1,2,1,1,13,3,3,0,0,0,2,1,0,6,7,5,8,3
2016.0,0.0,1.0,0.0,3,1,3,0,0,0,1,9,1,1,0,1,5,1,1,13,3,3,0,0,0,1,0,0,2,2,5,3,3
2016.0,0.0,1.0,0.0,3,4,3,0,0,0,0,9,1,1,0,1,1,1,1,14,3,3,0,0,0,2,2,0,4,4,5,3,9
2016.0,-66.0,0.0,0.0,3,6,3,0,0,0,1,1,1,1,0,1,1,1,1,14,3,3,0,0,0,1,1,0,2,7,5,8,8
2016.0,-45.0,0.0,0.0,3,6,3,0,0,0,1,2,1,1,0,0,2,1,1,14,3,3,0,0,0,2,2,0,4,7,5,8,3
2016.0,-572.0,2.0,0.0,3,6,3,0,0,0,1,1,1,1,0,1,1,1,1,14,3,3,0,0,0,1,1,0,6,7,5,8,3
2016.0,-216.0,0.0,0.0,3,4,3,0,0,0,0,1,1,1,0,1,9,1,1,15,3,3,0,0,0,2,1,0,0,2,2,9,9
2016.0,40.0,0.0,0.0,3,10,3,0,0,0,1,5,1,1,0,1,5,1,1,16,3,3,0,1,0,1,1,0,4,2,5,8,9
2016.0,380.0,0.0,0.0,3,1,3,0,0,0,0,5,1,1,0,0,9,1,1,16,3,3,0,1,0,2,0,0,6,2,5,3,9
2016.0,170.0,0.0,0.0,3,10,3,0,0,0,0,1,1,1,0,0,1,1,1,16,3,3,0,1,0,1,1,0,6,9,5,3,2
2016.0,430.0,0.0,0.0,3,6,3,0,0,0,0,9,1,1,0,1,9,1,1,16,3,3,0,1,0,2,2,0,4,7,5,8,3
2016.0,120.0,0.0,0.0,3,6,3,0,0,0,1,5,1,1,0,0,5,1,1,16,3,3,0,1,0,1,1,0,6,7,5,8,3
2016.0,208.0,1.0,0.0,2,6,3,0,0,0,1,9,1,1,0,1,9,1,1,17,3,3,0,1,0,2,2,0,4,7,5,8,3
2016.0,219.0,0.0,0.0,3,10,0,0,0,0,2,1,1,1,0,1,1,1,1,21,3,3,0,0,0,0,1,0,6,9,5,8,3
2016.0,-40.0,1.0,0.0,3,6,3,0,0,0,0,1,1,1,0,0,6,1,1,6,4,3,0,0,0,1,1,0,4,7,5,9,3
2016.0,-118.0,3.0,0.0,2,6,3,0,0,0,1,1,1,1,0,1,1,1,1,8,4,3,0,1,0,2,1,0,4,7,5,8,3
2016.0,245.0,0.0,0.0,3,10,3,0,0,0,1,2,1,1,0,0,2,1,1,10,4,3,0,0,0,0,2,0,4,9,5,8,2
2016.0,0.0,1.0,0.0,2,4,3,0,0,0,1,2,1,1,0,0,5,1,1,12,4,3,0,0,0,2,1,0,4,4,5,9,3
2016.0,0.0,1.0,0.0,2,4,3,0,0,0,0,1,1,1,0,1,5,1,1,13,4,3,0,0,0,1,1,0,4,2,5,3,9
2016.0,150.0,0.0,0.0,3,6,3,0,0,0,1,9,1,1,0,1,9,1,1,13,4,3,0,0,0,1,1,0,4,7,5,8,3
2016.0,-110.0,0.0,0.0,3,6,3,0,0,0,0,1,1,1,0,1,1,1,1,13,4,3,0,0,0,1,1,0,6,7,5,8,3
2016.0,-95.0,0.0,0.0,3,1,3,0,0,0,1,5,1,1,0,1,5,1,1,14,4,3,0,0,0,1,1,0,6,2,5,3,6
2016.0,200.0,0.0,0.0,3,6,3,0,0,0,1,1,1,1,0,1,1,1,1,14,4,3,0,0,0,2,1,0,6,7,5,8,3
2016.0,70.0,0.0,0.0,3,6,3,0,0,0,1,9,1,1,0,1,9,1,1,15,4,3,0,0,0,0,1,0,4,7,5,8,3
2016.0,0.0,0.0,0.0,3,4,3,0,0,0,1,2,1,1,0,1,5,1,1,16,4,3,0,1,0,1,1,0,4,2,5,3,9
2016.0,-20.0,0.0,0.0,3,9,3,0,0,0,2,5,1,1,0,1,1,1,1,17,4,3,0,1,0,0,1,0,4,7,5,8,9
2016.0,150.0,1.0,0.0,3,6,3,0,0,0,1,1,1,1,0,1,1,1,1,17,4,3,0,1,0,1,0,0,6,7,5,8,3
2016.0,0.0,0.0,0.0,3,4,0,0,0,0,0,9,1,1,0,1,1,1,1,19,4,3,0,1,0,2,2,0,4,2,5,3,9
2016.0,100.0,0.0,0.0,3,4,0,0,0,0,1,1,1,1,0,1,9,1,1,19,4,3,0,1,0,1,2,0,6,5,5,3,9
2016.0,0.0,0.0,0.0,3,4,0,0,0,0,1,2,1,1,0,0,1,1,1,20,4,3,0,0,0,1,2,0,2,5,5,9,3
2016.0,0.0,1.0,0.0,3,1,0,0,0,0,1,1,1,1,0,1,2,1,1,22,4,3,0,0,0,1,2,0,2,2,5,3,9
2016.0,0.0,0.0,0.0,3,4,2,0,0,0,0,1,1,1,0,1,5,1,1,16,5,3,1,1,0,2,1,0,6,5,5,3,9
2016.0,0.0,0.0,0.0,3,10,3,0,0,0,0,5,1,1,0,1,5,1,1,18,5,3,1,1,0,1,0,0,4,4,5,9,9
2016.0,-54.0,0.0,0.0,3,7,4,0,0,0,2,9,1,1,1,1,2,1,1,18,5,3,1,1,0,0,0,0,6,5,5,6,1
2016.0,-65.0,0.0,0.0,3,6,0,0,0,0,2,9,1,1,0,0,9,1,1,21,5,3,1,0,0,0,1,0,4,7,5,8,3
2016.0,0.0,3.0,0.0,2,4,0,0,0,0,1,2,1,1,0,1,5,1,1,0,6,3,1,0,0,2,2,0,4,2,5,3,9
2016.0,-90.0,0.0,0.0,3,10,3,0,0,0,0,1,1,1,0,1,1,1,1,9,6,3,1,1,0,1,0,0,4,9,5,3,9
2016.0,-58.0,0.0,0.0,3,6,3,0,0,0,1,2,1,1,0,0,2,1,1,16,6,3,1,1,0,1,1,0,4,7,5,8,3
2016.0,0.0,0.0,0.0,3,1,4,1,0,0,1,9,1,1,0,0,5,1,1,18,6,3,1,1,0,1,2,0,4,2,5,3,3
2016.0,20.0,1.0,0.0,3,10,0,0,0,0,1,2,1,1,0,0,2,1,1,18,6,3,1,1,0,1,2,0,6,7,5,3,3
2016.0,930.0,0.0,0.0,3,10,3,0,0,0,2,1,1,1,0,0,1,1,1,7,0,3,0,1,0,0,0,0,6,9,5,3,2
2016.0,0.0,1.0,0.0,3,1,3,0,0,0,0,9,1,1,0,1,5,1,1,13,0,3,0,0,0,0,2,0,4,2,5,3,3
2016.0,680.0,0.0,0.0,3,1,3,0,0,0,1,5,1,1,0,1,9,1,1,13,0,3,0,0,0,1,1,0,6,2,5,9,9
2016.0,-340.0,1.0,0.0,2,5,3,0,0,2,0,2,1,1,0,1,1,1,1,16,0,3,0,1,0,2,2,0,6,5,5,8,3
2016.0,0.0,1.0,0.0,3,4,3,0,0,0,0,9,1,1,0,0,1,1,1,16,0,3,0,1,0,0,1,0,0,2,5,3,9
2016.0,140.0,0.0,0.0,3,4,3,0,0,0,2,2,1,1,0,1,1,1,1,16,0,3,0,1,0,0,2,0,0,2,5,3,9
2016.0,-370.0,0.0,0.0,3,10,3,0,0,0,0,9,1,1,0,1,9,1,1,17,0,3,0,1,0,1,1,0,0,9,5,3,2
2016.0,0.0,0.0,0.0,3,1,3,0,0,0,1,1,1,1,0,0,5,1,1,17,0,3,0,1,0,1,2,0,4,5,5,3,3
2016.0,0.0,0.0,0.0,3,1,0,0,0,0,1,5,1,1,0,1,5,1,1,19,0,3,0,1,0,2,1,0,4,4,5,3,9
2016.0,25.0,0.0,0.0,3,10,1,0,0,0,1,1,1,1,0,0,2,1,1,20,0,3,0,0,0,1,1,0,6,5,5,6,1
2016.0,430.0,0.0,0.0,3,6,3,0,0,0,1,9,1,1,0,0,9,1,1,7,1,3,0,1,0,1,1,0,6,7,5,8,3
2016.0,10.0,1.0,0.0,2,5,3,0,0,2,1,9,1,1,0,1,9,1,1,8,1,3,0,1,0,0,0,0,4,2,5,9,3
2016.0,0.0,0.0,0.0,3,1,3,0,0,0,0,1,1,1,0,1,2,1,1,12,1,3,0,0,0,1,2,0,4,2,5,3,3
2016.0,213.0,0.0,0.0,3,6,3,0,0,0,0,9,1,0,0,1,9,1,1,13,1,3,0,0,0,2,1,0,4,7,5,8,3
2016.0,0.0,1.0,0.0,2,6,3,0,0,0,0,9,1,0,0,0,9,1,1,13,1,3,0,0,0,2,1,0,4,7,5,3,9
2016.0,45.0,1.0,0.0,2,5,3,0,0,0,0,1,1,1,3,1,9,1,1,15,1,3,0,0,0,2,2,0,4,7,5,7,9
2016.0,0.0,2.0,0.0,2,4,3,0,0,0,1,2,1,1,0,0,5,1,1,17,1,3,0,1,0,0,1,0,4,2,5,3,9
2016.0,-215.0,0.0,0.0,3,6,0,0,0,0,0,9,1,1,0,1,9,1,1,19,1,3,0,1,0,0,2,0,6,2,5,3,9
2016.0,120.0,0.0,0.0,3,6,3,0,0,0,1,5,1,1,0,1,5,1,1,8,2,3,0,1,0,1,1,0,4,7,5,8,3
2016.0,469.0,0.0,0.0,3,10,3,0,0,0,0,9,1,1,0,0,9,1,1,9,2,3,0,1,0,2,1,0,6,5,5,3,2
2016.0,288.0,0.0,0.0,3,10,3,0,0,0,1,9,1,1,0,1,9,1,1,11,2,3,0,0,0,0,1,0,6,5,5,3,2
2016.0,-512.0,1.0,0.0,3,10,3,0,0,0,1,1,1,1,0,0,1,1,1,14,2,3,0,0,0,1,1,0,6,9,5,3,2
2016.0,-32.0,0.0,0.0,3,1,3,0,0,0,1,2,1,1,0,0,2,1,1,14,2,3,0,0,0,1,1,0,2,5,5,9,9
2016.0,-190.0,0.0,0.0,3,10,3,0,0,0,2,5,1,1,0,1,5,1,1,15,2,3,0,0,0,0,1,0,6,9,5,3,2
2016.0,0.0,1.0,0.0,2,1,3,0,0,0,0,1,1,1,0,0,2,1,1,16,2,3,0,1,0,2,2,0,2,2,5,9,3
2016.0,440.0,0.0,0.0,3,10,3,0,0,0,0,5,1,1,0,0,5,1,1,18,2,3,0,1,0,2,1,0,6,9,2,3,2
2016.0,0.0,0.0,0.0,3,4,4,0,0,0,0,9,1,1,0,1,2,1,1,18,2,3,0,1,0,1,1,0,4,2,5,3,9
2016.0,0.0,0.0,0.0,3,4,0,0,0,0,1,5,1,1,0,1,2,1,1,20,2,3,0,0,0,2,1,0,4,2,5,3,9
2016.0,-122.0,0.0,0.0,3,6,0,0,0,0,0,2,0,1,0,1,2,1,1,23,2,3,0,0,0,1,2,0,4,7,5,8,8
2016.0,20.0,1.0,0.0,3,10,2,0,0,0,0,2,1,1,0,1,1,1,1,4,3,3,0,0,0,2,1,0,4,9,5,3,2
2016.0,252.0,0.0,0.0,3,1,3,0,0,0,1,9,1,1,0,1,2,1,1,7,3,3,0,1,0,1,2,0,6,2,5,3,9
2016.0,-212.0,0.0,0.0,3,6,3,0,0,0,1,9,1,1,0,1,9,1,1,10,3,3,0,0,0,1,0,0,6,7,5,8,3
2016.0,590.0,0.0,0.0,3,6,3,0,0,0,1,5,1,1,0,0,5,1,1,11,3,3,0,0,0,2,1,0,6,7,5,8,3
2016.0,-96.0,1.0,0.0,2,6,3,0,0,0,1,1,1,1,0,1,1,1,1,12,3,3,0,0,0,1,0,0,4,7,5,3,3
2016.0,-137.0,1.0,0.0,3,6,3,0,0,0,2,1,1,1,0,1,1,1,1,12,3,3,0,0,0,0,1,0,4,7,5,8,3
2016.0,254.0,0.0,0.0,3,6,3,0,0,0,0,9,1,1,0,1,9,1,1,12,3,3,0,0,0,2,1,0,4,7,5,8,3