Year,Distance,Totalinjuries,Totalfatalities,Injuryseverity,Collisionmanner,Lightcondition,Weather,SurfaceCondition,Unittype_One,Gender_Drv1,Traveldirection_One,AlcoholUse_Drv1,DrugUse_Drv1,Unittype_Two,Gender_Drv2,Traveldirection_Two,AlcoholUse_Drv2,DrugUse_Drv2,Hour,Weekday,Month,Weekend,Rush_Hour,Hazardous_Road,Age_Group_Drv1,Age_Group_Drv2,Substance_Use,Junction_Category,Violation_Category_Drv1,Violation_Category_Drv2,Unitaction_Category_Two,Unitaction_Category_One
2016.0,-380.0,0.0,0.0,3,6,3,0,0,0,2,9,1,1,0,0,9,1,1,13,3,3,0,0,0,0,1,0,6,7,5,8,3
2016.0,300.0,0.0,0.0,3,6,3,0,0,0,0,9,1,1,0,0,9,1,1,13,3,3,0,0,0,2,2,0,6,7,5,8,3
2016.0,-42.0,1.0,0.0,2,1,3,0,0,0,0,1,1,1,0,1,1,1,1,14,3,3,0,0,0,2,1,0,4,4,5,3,9
2016.0,343.0,0.0,0.0,3,4,3,0,0,0,0,5,1,1,1,1,2,1,1,16,3,3,0,1,0,1,1,0,6,7,5,6,9
2016.0,0.0,2.0,0.0,2,4,3,0,0,0,1,1,1,1,0,1,5,1,1,17,3,3,0,1,0,1,1,0,4,2,5,3,9
2016.0,0.0,0.0,0.0,3,4,0,0,0,0,1,2,1,1,0,0,2,1,1,18,3,3,0,1,0,2,1,0,4,9,5,9,9
2016.0,-291.0,0.0,0.0,3,6,0,0,0,0,0,5,1,1,0,1,5,1,1,21,3,3,0,0,0,2,1,0,6,9,5,3,3
2016.0,0.0,1.0,0.0,2,4,0,1,0,0,1,2,1,1,0,0,9,1,1,23,3,3,0,0,0,1,1,0,4,2,2,9,3
2016.0,-395.0,0.0,0.0,3,10,3,0,0,0,1,5,1,1,0,1,5,1,1,7,4,3,0,1,0,0,1,0,6,9,5,3,2
2016.0,972.0,4.0,0.0,2,6,3,0,0,0,1,5,1,1,0,1,5,1,1,9,4,3,0,1,0,2,1,0,6,7,5,8,3
2016.0,-150.0,0.0,0.0,3,6,3,0,0,0,1,5,1,1,0,1,5,1,1,10,4,3,0,0,0,2,2,0,6,7,5,8,3
2016.0,-38.0,0.0,0.0,3,6,3,0,0,0,1,1,1,1,0,0,1,1,1,13,4,3,0,0,0,1,0,0,4,7,5,8,3
2016.0,-130.0,0.0,0.0,3,6,3,0,0,0,0,1,1,1,0,0,1,1,1,14,4,3,0,0,0,1,0,0,4,7,5,8,3
2016.0,-84.0,0.0,0.0,3,6,3,0,0,0,0,5,1,1,0,0,5,1,1,16,4,3,0,1,0,1,1,0,2,7,5,8,3
2016.0,30.0,0.0,0.0,3,4,3,1,0,0,1,1,1,1,0,0,9,1,1,16,4,3,0,1,0,1,2,0,6,2,5,3,9
2016.0,-100.0,1.0,0.0,3,6,3,1,0,0,0,1,1,1,0,0,1,1,1,17,4,3,0,1,0,1,1,0,4,7,5,8,3
2016.0,0.0,0.0,0.0,3,4,4,1,0,0,0,1,1,1,0,1,9,1,1,18,4,3,0,1,0,1,1,0,4,2,5,3,9
2016.0,-357.0,0.0,0.0,3,6,0,0,0,0,1,2,1,1,0,1,2,1,1,18,4,3,0,1,0,1,1,0,4,7,5,8,3
2016.0,84.0,0.0,0.0,3,6,0,0,0,0,1,5,1,1,0,1,5,1,1,19,4,3,0,1,0,1,1,0,4,8,5,3,3
2016.0,-225.0,0.0,0.0,3,10,0,0,0,0,1,1,1,1,0,1,1,1,1,19,4,3,0,1,0,0,1,0,4,9,5,3,3
2016.0,175.0,0.0,0.0,3,10,0,0,0,0,1,9,1,1,0,0,9,1,1,20,4,3,0,0,0,2,2,0,6,9,5,3,2
2016.0,0.0,2.0,0.0,3,4,0,0,0,0,1,5,1,1,0,1,2,1,1,20,4,3,0,0,0,1,1,0,4,2,5,3,9
2016.0,-10.0,0.0,0.0,3,1,3,0,0,0,1,1,0,1,0,1,9,1,1,7,5,3,1,1,0,2,1,0,2,2,5,9,9
2016.0,0.0,0.0,0.0,3,4,3,0,0,0,1,5,1,1,0,1,1,1,1,10,5,3,1,0,0,2,0,0,4,4,5,3,9
2016.0,-223.0,0.0,0.0,3,4,3,0,0,0,1,2,1,1,0,1,5,1,1,10,5,3,1,0,0,0,2,0,4,2,5,3,9
2016.0,0.0,0.0,0.0,3,4,3,0,0,0,1,2,1,1,0,1,5,1,1,15,5,3,1,0,0,1,2,0,4,2,5,3,9
2016.0,0.0,0.0,0.0,3,4,3,0,0,0,0,2,1,1,0,0,5,1,1,15,5,3,1,0,0,2,2,0,4,5,5,9,3
2016.0,0.0,1.0,0.0,3,4,3,0,0,0,0,6,1,1,0,1,2,1,1,16,5,3,1,1,0,1,1,0,4,2,5,3,9
2016.0,-10.0,1.0,0.0,1,5,0,0,0,3,1,2,1,1,0,1,9,1,1,22,5,3,1,0,0,1,2,0,4,2,5,3,7
2016.0,45.0,0.0,0.0,3,3,0,0,0,0,0,3,0,1,0,1,9,1,1,23,5,3,1,0,0,1,2,0,4,4,5,8,9
2016.0,59.0,0.0,0.0,3,10,3,0,0,0,1,9,1,1,0,1,9,1,1,9,6,3,1,1,0,1,1,0,6,9,5,9,2
2016.0,99.0,0.0,0.0,3,4,3,0,0,0,0,2,1,1,0,1,5,1,1,9,6,3,1,1,0,2,0,0,4,5,5,9,3
2016.0,0.0,1.0,0.0,3,1,3,0,0,0,1,6,1,1,0,1,2,1,1,12,6,3,1,0,0,1,2,0,4,4,5,3,9
2016.0,-185.0,0.0,0.0,3,6,3,0,0,0,2,1,1,1,0,1,1,1,1,14,6,3,1,0,0,0,2,0,6,5,5,8,5
2016.0,260.0,0.0,0.0,3,10,3,0,0,0,1,9,1,1,0,0,9,1,1,15,6,3,1,0,0,1,1,0,4,9,5,3,3
2016.0,-100.0,0.0,0.0,3,6,3,0,0,0,0,1,1,1,0,0,1,1,1,16,6,3,1,1,0,0,1,0,4,7,5,8,3
2016.0,-12.0,0.0,0.0,3,6,0,0,0,0,1,1,1,1,0,0,1,1,1,19,6,3,1,1,0,2,2,0,4,7,5,8,3
2016.0,0.0,1.0,0.0,3,4,3,0,0,0,0,2,1,1,0,0,5,1,1,7,0,3,0,1,0,2,1,0,4,2,5,3,9
2016.0,0.0,0.0,0.0,3,6,3,0,0,0,1,1,1,1,0,1,1,1,1,7,0,3,0,1,0,1,1,0,4,7,5,8,3
2016.0,-55.0,1.0,0.0,3,6,3,0,0,0,1,2,1,1,0,0,2,1,1,10,0,3,0,0,0,1,2,0,4,7,5,9,3
2016.0,-60.0,0.0,0.0,3,6,3,0,0,0,1,2,1,1,0,0,2,1,1,10,0,3,0,0,0,2,1,0,4,7,5,8,3
2016.0,97.0,0.0,0.0,3,4,3,0,0,0,1,2,1,1,0,1,1,1,1,13,0,3,0,0,0,0,1,0,6,2,5,3,9
2016.0,-785.0,1.0,0.0,2,6,3,0,0,0,0,1,1,1,0,1,2,1,1,14,0,3,0,0,0,1,2,0,0,2,5,8,9
2016.0,590.0,0.0,0.0,3,10,3,0,0,0,1,1,1,1,0,1,1,1,1,14,0,3,0,0,0,2,1,0,6,9,5,3,9
2016.0,64.0,1.0,0.0,2,6,3,0,0,0,1,9,1,1,0,0,9,1,1,14,0,3,0,0,0,2,2,0,4,7,5,8,3
2016.0,-245.0,1.0,0.0,2,10,3,0,0,0,0,2,1,1,0,1,2,1,1,15,0,3,0,0,0,2,1,0,6,7,5,8,3
2016.0,-150.0,0.0,0.0,3,6,3,0,0,0,0,9,1,1,0,0,9,1,1,15,0,3,0,0,0,2,1,0,6,7,5,8,3
2016.0,212.0,0.0,0.0,3,6,3,0,0,0,1,1,1,1,0,1,1,1,1,16,0,3,0,1,0,1,1,0,6,7,5,8,3
2016.0,0.0,3.0,0.0,3,4,3,0,0,0,1,9,1,1,0,0,1,1,1,16,0,3,0,1,0,1,1,0,4,2,5,3,9
2016.0,100.0,0.0,0.0,3,10,4,0,0,0,1,9,1,1,0,0,9,1,1,19,0,3,0,1,0,2,1,0,4,9,5,3,2
2016.0,0.0,0.0,0.0,3,1,0,0,0,0,0,2,1,1,0,1,5,1,1,19,0,3,0,1,0,1,1,0,4,2,5,9,3
2016.0,360.0,2.0,0.0,2,6,3,0,0,0,0,1,1,1,0,1,1,1,1,7,1,3,0,1,0,2,1,0,6,7,5,3,3
2016.0,0.0,0.0,0.0,3,4,3,0,0,0,1,5,1,1,0,1,2,1,1,8,1,3,0,1,0,1,1,0,4,2,5,3,9
2016.0,0.0,0.0,0.0,3,4,3,0,0,0,1,1,1,1,0,1,9,1,1,9,1,3,0,1,0,0,1,0,4,2,5,9,3
2016.0,65.0,0.0,0.0,3,6,3,0,0,0,1,5,1,1,0,0,5,1,1,11,1,3,0,0,0,1,2,0,4,5,5,8,1
2016.0,-214.0,0.0,0.0,3,10,3,0,0,0,0,9,1,1,0,1,9,1,1,11,1,3,0,0,0,2,1,0,6,9,5,3,2
2016.0,293.0,1.0,0.0,3,5,3,0,0,2,1,2,1,1,0,1,9,1,1,12,1,3,0,0,0,1,0,0,6,2,5,3,9
2016.0,-55.0,2.0,0.0,3,6,3,0,0,0,1,2,1,1,0,1,2,1,1,12,1,3,0,0,0,1,1,0,4,7,5,8,3
2016.0,86.0,0.0,0.0,3,10,3,0,0,0,2,5,1,1,0,1,5,1,1,13,1,3,0,0,0,0,0,0,4,9,5,3,5
2016.0,-105.0,1.0,0.0,3,6,3,0,0,0,0,1,1,1,0,1,1,1,1,13,1,3,0,0,0,1,0,0,4,7,5,8,8
2016.0,-681.0,1.0,0.0,3,6,3,0,0,0,1,1,1,1,0,0,1,1,1,14,1,3,0,0,0,2,1,0,6,7,5,8,3
2016.0,-83.0,0.0,0.0,3,6,3,0,0,0,1,1,1,1,0,1,1,1,1,15,1,3,0,0,0,2,1,0,4,7,5,8,3
2016.0,0.0,0.0,0.0,3,1,3,0,0,0,0,1,1,1,0,1,2,1,1,15,1,3,0,0,0,1,2,0,4,2,5,3,3
2016.0,0.0,1.0,0.0,2,4,3,0,0,0,0,2,1,1,0,1,5,1,1,16,1,3,0,1,0,2,1,0,4,2,5,3,9
2016.0,0.0,0.0,0.0,3,6,3,0,0,0,0,2,1,1,0,1,2,1,1,16,1,3,0,1,0,2,2,0,4,7,5,8,3
2016.0,-200.0,0.0,0.0,3,6,3,0,0,0,0,5,1,1,0,0,5,1,1,17,1,3,0,1,0,2,2,0,6,7,5,8,3
2016.0,-50.0,0.0,0.0,3,6,3,0,0,0,0,5,1,1,0,0,5,1,1,17,1,3,0,1,0,1,2,0,6,7,5,8,3
2016.0,200.0,0.0,0.0,3,6,3,0,0,0,1,5,1,1,0,1,5,1,1,17,1,3,0,1,0,1,2,0,4,7,5,2,3
2016.0,165.0,0.0,0.0,3,6,0,0,0,0,1,5,1,1,0,1,5,1,1,22,1,3,0,0,0,1,2,0,4,7,5,8,8
2016.0,0.0,2.0,0.0,3,1,3,0,0,0,0,1,1,1,0,1,5,1,1,5,2,3,0,0,0,1,1,0,4,2,7,3,9
2016.0,-125.0,0.0,0.0,3,6,0,0,0,0,1,2,1,1,0,1,2,1,1,5,2,3,0,0,0,2,0,0,4,7,5,8,3
2016.0,0.0,1.0,0.0,3,4,3,0,0,0,0,2,1,1,0,1,1,1,1,7,2,3,0,1,0,2,1,0,4,2,5,3,9
2016.0,-250.0,0.0,0.0,3,10,3,0,0,0,2,5,1,1,0,1,5,1,1,7,2,3,0,1,0,0,2,0,6,9,5,3,2
2016.0,100.0,0.0,0.0,3,10,3,0,0,0,1,9,1,1,0,0,9,1,1,7,2,3,0,1,0,1,2,0,6,2,5,3,9
2016.0,-67.0,1.0,0.0,3,6,3,0,0,0,0,5,1,1,0,0,5,1,1,8,2,3,0,1,0,2,1,0,6,7,5,8,3
2016.0,-25.0,1.0,0.0,2,5,3,0,0,2,0,2,1,1,0,1,9,1,1,8,2,3,0,1,0,2,1,0,0,9,5,8,3
2016.0,50.0,0.0,0.0,3,6,3,0,0,0,0,9,1,1,0,1,9,1,1,8,2,3,0,1,0,1,1,0,4,7,5,8,3
2016.0,-100.0,0.0,0.0,3,6,3,0,0,0,2,2,1,1,0,1,2,1,1,11,2,3,0,0,0,0,1,0,4,7,5,8,3
2016.0,-350.0,1.0,0.0,3,6,3,0,0,0,0,9,1,1,0,1,9,1,1,12,2,3,0,0,0,2,0,0,6,7,5,8,3
2016.0,500.0,0.0,0.0,3,1,3,0,0,0,0,5,1,1,0,1,9,1,1,13,2,3,0,0,0,1,2,0,6,2,5,3,9
2016.0,50.0,0.0,0.0,3,10,3,0,0,0,0,1,1,1,0,1,1,1,1,14,2,3,0,0,0,2,1,0,4,9,5,9,9
2016.0,-220.0,1.0,0.0,3,4,3,0,0,0,1,2,1,1,0,1,1,1,1,16,2,3,0,1,0,2,1,0,0,2,5,3,9
2016.0,10.0,0.0,0.0,3,4,3,0,0,0,0,1,1,1,0,1,2,1,1,16,2,3,0,1,0,1,1,0,4,2,5,3,9
2016.0,30.0,0.0,0.0,3,6,3,0,0,0,1,9,1,1,0,1,9,1,1,17,2,3,0,1,0,1,1,0,2,7,5,8,3
2016.0,-128.0,0.0,0.0,3,6,0,0,0,0,0,1,1,1,0,1,1,1,1,21,2,3,0,0,0,1,2,0,4,7,5,8,3
2016.0,0.0,0.0,0.0,3,4,0,0,0,0,0,2,1,1,0,0,9,1,1,22,2,3,0,0,0,2,1,0,4,2,5,9,9
2016.0,0.0,0.0,0.0,3,6,0,0,0,0,1,1,1,1,0,0,1,1,1,22,2,3,0,0,0,1,2,0,6,8,8,9,3
2016.0,0.0,0.0,0.0,3,6,0,0,0,0,1,2,0,1,1,1,2,1,1,2,3,3,0,0,0,0,1,0,4,7,5,6,1
2016.0,0.0,1.0,0.0,3,4,3,0,0,0,1,2,1,1,0,0,5,1,1,6,3,3,0,0,0,1,1,0,4,2,5,3,9
2016.0,-580.0,0.0,0.0,3,6,3,0,0,0,0,2,1,1,0,1,2,1,1,8,3,3,0,1,0,2,0,0,4,7,5,8,3
2016.0,-100.0,0.0,0.0,3,6,3,0,0,0,1,2,1,1,0,0,2,1,1,9,3,3,0,1,0,2,1,0,4,7,5,8,3
2016.0,75.0,0.0,0.0,3,10,3,0,0,0,0,5,1,1,0,1,5,1,1,12,3,3,0,0,0,1,1,0,4,7,5,8,2
2016.0,170.0,0.0,0.0,3,1,3,0,0,0,1,2,1,1,0,1,1,1,1,12,3,3,0,0,0,0,1,0,0,2,5,3,9
2016.0,272.0,0.0,0.0,3,6,3,0,0,0,1,5,1,1,0,0,5,1,1,14,3,3,0,0,0,1,1,0,4,7,5,8,3
2016.0,-49.0,0.0,0.0,3,10,3,0,0,0,1,2,1,1,0,1,2,1,1,15,3,3,0,0,0,2,2,0,4,7,5,8,3
2016.0,-255.0,0.0,0.0,3,6,3,0,0,0,1,2,1,1,0,1,2,1,1,15,3,3,0,0,0,2,1,0,6,7,5,8,3
2016.0,0.0,1.0,0.0,3,5,3,0,0,0,1,1,1,1,2,1,1,1,1,16,3,3,0,1,0,1,1,0,4,5,5,3,3
2016.0,20.0,0.0,0.0,3,10,3,0,0,0,1,9,1,1,0,1,9,1,1,16,3,3,0,1,0,1,1,0,4,4,5,8,9
2016.0,78.0,0.0,0.0,3,6,3,0,0,0,1,1,1,1,0,1,1,1,1,16,3,3,0,1,0,1,1,0,6,7,5,8,3
2016.0,-200.0,0.0,0.0,3,6,3,0,0,0,0,5,1,1,0,0,5,1,1,16,3,3,0,1,0,2,0,0,6,7,5,8,3
2016.0,100.0,1.0,0.0,3,10,3,0,0,0,0,9,1,1,0,1,9,1,1,17,3,3,0,1,0,1,1,0,4,9,5,3,2
2016.0,500.0,1.0,0.0,3,6,3,0,0,0,1,5,1,1,0,1,5,1,1,18,3,3,0,1,0,1,1,0,6,7,5,8,3
2016.0,70.0,0.0,0.0,3,10,3,0,0,0,1,5,1,1,0,1,5,1,1,18,3,3,0,1,0,2,2,0,4,9,5,5,5
2016.0,-350.0,0.0,0.0,3,6,4,0,0,0,0,5,1,1,0,1,5,1,1,18,3,3,0,1,0,2,1,0,6,7,5,8,3
2016.0,0.0,0.0,0.0,3,10,0,0,0,0,1,9,1,1,0,1,9,1,1,19,3,3,0,1,0,2,2,0,6,9,5,3,3
2016.0,0.0,5.0,0.0,3,4,0,0,0,0,0,2,1,1,0,1,5,1,1,20,3,3,0,0,0,0,1,0,2,4,5,3,9
2016.0,-545.0,0.0,0.0,3,6,0,0,0,0,0,5,1,1,0,1,5,1,1,21,3,3,0,0,0,2,2,0,1,7,5,8,3
2016.0,600.0,0.0,0.0,3,1,0,0,0,0,0,2,0,1,1,1,9,1,1,3,4,3,0,0,0,1,1,0,6,9,5,6,3
2016.0,-12.0,0.0,0.0,3,1,2,0,0,0,1,5,1,1,0,1,9,1,1,6,4,3,0,0,0,1,2,0,2,2,5,9,3
2016.0,6.0,0.0,0.0,3,5,3,0,0,2,1,2,1,1,0,1,2,1,1,9,4,3,0,1,0,1,2,0,4,2,5,9,3
2016.0,0.0,1.0,0.0,2,4,3,0,0,0,0,1,1,1,0,1,9,1,1,11,4,3,0,0,0,1,2,0,4,2,5,3,9
2016.0,8.0,0.0,0.0,3,1,3,0,0,0,1,2,1,1,0,1,1,1,1,12,4,3,0,0,0,1,2,0,4,9,5,3,9
2016.0,-66.0,0.0,0.0,3,6,3,0,0,0,0,1,1,1,0,1,1,1,1,14,4,3,0,0,0,1,1,0,4,7,5,8,3
2016.0,0.0,4.0,0.0,2,4,3,0,0,0,2,1,1,1,0,0,9,1,1,15,4,3,0,0,0,0,1,0,4,2,5,3,9
2016.0,0.0,0.0,0.0,3,4,3,0,0,0,1,2,1,1,0,1,5,1,1,15,4,3,0,0,0,1,1,0,4,2,5,3,9
2016.0,453.0,0.0,0.0,3,4,3,0,0,0,1,1,1,1,0,1,2,1,1,16,4,3,0,1,0,2,2,0,0,2,5,9,9
2016.0,394.0,3.0,0.0,2,4,3,0,0,0,1,5,1,1,0,1,2,1,1,16,4,3,0,1,0,2,1,0,6,2,5,3,9
2016.0,0.0,3.0,0.0,3,4,3,0,0,0,0,5,1,1,0,0,1,1,1,16,4,3,0,1,0,0,2,0,4,2,5,9,3
2016.0,0.0,1.0,0.0,3,1,0,0,0,0,1,1,1,1,0,0,5,1,1,18,4,3,0,1,0,1,1,0,4,2,5,3,3
2016.0,0.0,0.0,0.0,3,4,4,0,0,0,0,2,1,1,0,0,9,1,1,18,4,3,0,1,0,2,2,0,4,5,5,3,9
2016.0,0.0,0.0,0.0,3,1,4,0,0,0,1,9,1,1,0,0,5,1,1,18,4,3,0,1,0,1,1,0,4,2,5,9,3
2016.0,50.0,0.0,0.0,3,6,4,0,0,0,0,9,1,1,0,0,9,1,1,18,4,3,0,1,0,2,2,0,4,7,5,8,3
2016.0,0.0,0.0,0.0,3,1,0,0,0,0,1,9,1,1,0,0,5,1,1,20,4,3,0,0,0,2,1,0,2,5,5,3,3
2016.0,200.0,1.0,0.0,3,10,0,0,0,0,1,1,1,1,0,0,1,1,1,20,4,3,0,0,0,2,2,0,6,5,5,5,5
2016.0,0.0,0.0,0.0,3,4,0,0,0,0,0,9,1,1,0,0,1,1,1,21,4,3,0,0,0,2,2,0,4,2,5,3,9
2016.0,-25.0,0.0,0.0,3,1,0,0,0,0,0,1,1,1,0,1,5,1,1,21,4,3,0,0,0,2,1,0,4,2,5,3,9
2016.0,0.0,0.0,0.0,3,10,0,0,0,0,2,6,1,1,0,1,6,1,1,3,5,3,1,0,0,0,1,0,4,7,5,9,9
2016.0,0.0,1.0,0.0,2,1,3,0,0,0,0,1,1,1,0,0,2,1,1,10,5,3,1,0,0,2,0,0,4,2,5,3,3
2016.0,0.0,2.0,0.0,2,1,3,0,0,0,0,8,1,1,0,0,8,1,1,12,5,3,1,0,0,1,1,0,4,5,5,3,9
2016.0,-27.0,1.0,0.0,3,6,3,0,0,0,1,2,1,1,0,1,2,1,1,12,5,3,1,0,0,2,2,0,4,7,5,3,3
2016.0,58.0,0.0,0.0,3,6,3,0,0,0,0,5,1,1,0,0,5,1,1,13,5,3,1,0,0,2,2,0,2,7,5,8,3
2016.0,10.0,0.0,0.0,3,4,3,0,0,0,1,4,1,1,0,1,2,1,1,14,5,3,1,0,0,1,1,0,4,5,5,3,9
2016.0,65.0,0.0,0.0,3,6,3,0,0,0,2,9,1,1,0,1,9,1,1,15,5,3,1,0,0,0,1,0,4,7,5,8,3
2016.0,180.0,1.0,0.0,2,4,3,0,0,0,0,5,1,1,0,0,9,1,1,15,5,3,1,0,0,1,0,0,6,2,5,3,9
2016.0,-75.0,0.0,0.0,3,10,0,0,0,0,1,5,1,1,0,0,5,1,1,21,5,3,1,0,0,2,2,0,6,9,5,3,3
2016.0,30.0,0.0,0.0,3,6,0,0,0,0,2,9,1,1,0,1,9,1,1,21,5,3,1,0,0,0,2,0,4,5,5,8,3
2016.0,0.0,0.0,0.0,3,4,3,0,0,0,1,1,1,1,0,0,2,1,1,10,6,3,1,0,0,1,1,0,4,2,5,9,3
2016.0,105.0,0.0,0.0,3,6,3,0,0,0,1,9,1,1,0,1,9,1,1,11,6,3,1,0,0,2,1,0,4,7,5,8,8
2016.0,-275.0,1.0,0.0,3,1,3,0,0,0,0,1,1,1,0,1,5,1,1,13,6,3,1,0,0,1,1,0,6,2,5,3,3
2016.0,136.0,0.0,0.0,3,6,3,0,0,0,1,1,1,1,0,0,1,1,1,16,6,3,1,1,0,0,2,0,6,7,5,8,3
2016.0,-300.0,0.0,0.0,3,6,3,0,0,0,1,2,1,1,0,1,2,1,1,16,6,3,1,1,0,1,1,0,4,9,5,3,2
2016.0,-10.0,1.0,0.0,3,5,0,0,0,0,2,1,1,1,3,1,2,1,1,18,6,3,1,1,0,0,1,0,4,2,5,7,5
2016.0,1000.0,0.0,0.0,3,4,0,0,0,0,1,9,1,1,0,0,5,1,1,19,6,3,1,1,0,2,2,0,6,4,4,9,8
2016.0,-15.0,0.0,0.0,3,3,0,0,0,0,0,9,1,1,1,1,1,1,1,20,6,3,1,0,0,2,1,0,6,9,5,6,3
2016.0,-160.0,0.0,0.0,3,8,3,0,0,0,0,2,1,1,1,1,5,1,1,8,0,3,0,1,0,2,1,0,6,5,5,6,1
2016.0,40.0,0.0,0.0,3,6,3,0,0,0,0,5,1,1,0,1,5,1,1,8,0,3,0,1,0,2,1,0,4,7,5,8,3
2016.0,290.0,0.0,0.0,3,10,3,0,0,0,0,9,1,1,0,1,9,1,1,9,0,3,0,1,0,1,1,0,4,9,5,3,2
2016.0,70.0,0.0,0.0,3,6,3,0,0,0,1,9,1,1,0,1,9,1,1,10,0,3,0,0,0,2,1,0,4,7,5,8,3
2016.0,-45.0,0.0,0.0,3,6,3,0,0,0,1,2,1,1,0,1,2,1,1,11,0,3,0,0,0,1,2,0,4,7,5,8,3
2016.0,-550.0,1.0,0.0,3,6,3,0,0,0,1,9,1,1,0,1,9,1,1,11,0,3,0,0,0,0,1,0,0,7,5,9,3
2016.0,0.0,1.0,0.0,3,4,3,0,0,0,1,5,1,1,0,0,2,1,1,11,0,3,0,0,0,1,2,0,4,2,5,3,9
2016.0,375.0,0.0,0.0,3,4,3,0,0,0,1,5,1,1,0,1,9,1,1,15,0,3,0,0,0,1,2,0,0,2,5,8,9
2016.0,-70.0,0.0,0.0,3,6,3,0,0,0,0,1,1,1,0,0,1,1,1,15,0,3,0,0,0,2,1,0,4,7,5,8,3
2016.0,110.0,0.0,0.0,3,6,3,0,0,0,2,5,1,1,0,1,5,1,1,17,0,3,0,1,0,0,0,0,4,7,5,8,3
2016.0,591.0,0.0,0.0,3,6,3,0,0,0,2,5,1,1,0,0,5,1,1,17,0,3,0,1,0,0,1,0,4,7,5,3,3
2016.0,-100.0,0.0,0.0,3,12,0,4,3,0,1,1,1,1,1,1,1,1,1,1,1,3,0,0,0,1,1,0,6,9,5,6,3
2016.0,-75.0,0.0,0.0,3,6,3,0,0,0,0,2,1,1,0,1,2,1,1,7,1,3,0,1,0,1,1,0,4,7,5,8,3
2016.0,-315.0,0.0,0.0,3,6,3,0,0,0,0,2,1,1,0,1,2,1,1,7,1,3,0,1,0,1,1,0,4,7,5,8,3
2016.0,-45.0,0.0,0.0,3,10,3,0,0,0,1,2,1,1,0,0,2,1,1,8,1,3,0,1,0,1,1,0,4,9,5,8,9
2016.0,750.0,0.0,0.0,3,10,3,0,0,0,0,1,1,1,0,0,1,1,1,9,1,3,0,1,0,0,1,0,6,9,5,3,2
2016.0,-69.0,0.0,0.0,3,6,3,0,0,0,0,1,1,1,0,0,1,1,1,10,1,3,0,0,0,2,1,0,4,7,5,8,3
2016.0,-200.0,1.0,0.0,3,4,3,0,0,0,2,5,1,1,0,1,9,1,1,10,1,3,0,0,0,0,1,0,0,2,5,3,9
2016.0,11.0,2.0,0.0,3,5,3,0,0,0,1,3,1,1,3,1,2,1,1,10,1,3,0,0,0,0,1,0,4,2,5,7,5
2016.0,-100.0,0.0,0.0,3,6,3,0,0,0,0,2,1,1,0,1,2,1,1,11,1,3,0,0,0,1,1,0,4,7,5,8,3
2016.0,-120.0,0.0,0.0,3,6,3,0,0,0,1,9,1,1,0,0,9,1,1,12,1,3,0,0,0,1,1,0,6,7,5,8,3
2016.0,147.0,0.0,0.0,3,1,3,0,0,0,1,5,1,1,0,0,9,1,1,13,1,3,0,0,0,2,1,0,6,2,5,3,9
2016.0,-62.0,1.0,0.0,3,6,3,0,0,0,0,1,1,1,0,1,1,1,1,13,1,3,0,0,0,2,1,0,4,7,5,8,3
2016.0,-6.0,0.0,0.0,3,10,3,0,0,0,0,1,1,1,0,1,1,1,1,13,1,3,0,0,0,1,0,0,4,5,5,9,9
2016.0,220.0,0.0,0.0,3,1,3,0,0,0,0,9,1,1,0,1,5,1,1,13,1,3,0,0,0,2,2,0,6,2,5,3,9
2016.0,26.0,0.0,0.0,3,6,3,0,0,0,0,5,1,1,0,1,5,1,1,14,1,3,0,0,0,1,1,0,4,7,5,9,3
2016.0,127.0,0.0,0.0,3,10,3,0,0,0,1,5,1,1,0,1,5,1,1,15,1,3,0,0,0,2,2,0,6,9,5,3,2
2016.0,50.0,1.0,0.0,3,6,3,0,0,0,1,5,1,1,0,0,5,1,1,15,1,3,0,0,0,1,0,0,6,7,5,8,3
2016.0,0.0,1.0,0.0,2,6,3,0,0,0,1,1,1,1,0,1,1,1,1,16,1,3,0,1,0,1,0,0,6,7,5,8,3
2016.0,-50.0,0.0,0.0,3,6,3,0,0,0,0,2,1,1,0,0,2,1,1,16,1,3,0,1,0,1,0,0,4,7,5,8,3
2016.0,0.0,0.0,0.0,3,4,3,0,0,0,0,2,1,1,0,1,1,1,1,16,1,3,0,1,0,1,2,0,0,2,5,3,9
2016.0,0.0,4.0,0.0,2,1,3,0,0,0,0,2,1,1,0,1,1,1,1,17,1,3,0,1,0,1,1,0,4,2,5,3,3
2016.0,0.0,0.0,0.0,3,4,3,0,0,0,1,9,1,1,0,1,1,1,1,17,1,3,0,1,0,1,1,0,4,2,5,3,9
2016.0,-66.0,0.0,0.0,3,10,3,0,0,0,0,1,1,1,0,0,1,1,1,17,1,3,0,1,0,1,0,0,4,9,5,8,2
2016.0,75.0,1.0,0.0,3,6,3,0,0,0,1,1,1,1,0,1,1,1,1,18,1,3,0,1,0,2,1,0,6,7,5,8,3
2016.0,0.0,0.0,0.0,3,4,0,0,0,0,1,5,1,1,0,0,2,1,1,18,1,3,0,1,0,2,1,0,4,2,5,3,9
2016.0,0.0,0.0,0.0,3,4,0,0,0,0,0,5,1,1,0,1,1,1,1,20,1,3,0,0,0,2,1,0,4,2,5,3,9
2016.0,-70.0,0.0,0.0,3,6,3,0,0,0,0,2,1,1,0,1,2,1,1,7,2,3,0,1,0,1,1,0,4,7,5,8,3
2016.0,297.0,0.0,0.0,3,1,3,0,0,0,0,2,1,1,0,1,9,1,1,7,2,3,0,1,0,1,1,0,6,2,5,3,9