Year,Distance,Totalinjuries,Totalfatalities,Injuryseverity,Collisionmanner,Lightcondition,Weather,SurfaceCondition,Unittype_One,Gender_Drv1,Traveldirection_One,AlcoholUse_Drv1,DrugUse_Drv1,Unittype_Two,Gender_Drv2,Traveldirection_Two,AlcoholUse_Drv2,DrugUse_Drv2,Hour,Weekday,Month,Weekend,Rush_Hour,Hazardous_Road,Age_Group_Drv1,Age_Group_Drv2,Substance_Use,Junction_Category,Violation_Category_Drv1,Violation_Category_Drv2,Unitaction_Category_Two,Unitaction_Category_One
2016.0,210.0,0.0,0.0,3,6,3,0,0,0,0,9,1,1,0,1,9,1,1,7,2,3,0,1,0,1,2,0,6,7,5,8,3
2016.0,-30.0,0.0,0.0,3,6,3,0,0,0,1,1,1,1,0,1,1,1,1,8,2,3,0,1,0,2,1,0,4,7,5,3,3
2016.0,355.0,0.0,0.0,3,10,3,0,0,0,1,1,1,1,0,0,1,1,1,8,2,3,0,1,0,1,2,0,6,5,5,9,8
2016.0,0.0,3.0,0.0,2,1,3,0,0,0,0,9,1,1,0,1,5,1,1,10,2,3,0,0,0,1,0,0,4,2,5,3,3
2016.0,-245.0,1.0,0.0,3,5,3,0,0,2,1,2,1,1,0,1,1,1,1,10,2,3,0,0,0,1,1,0,6,9,5,9,3
2016.0,0.0,1.0,0.0,2,4,3,0,0,0,1,5,1,1,0,0,2,1,1,10,2,3,0,0,0,2,2,0,4,2,5,3,9
2016.0,150.0,0.0,0.0,3,10,3,0,0,0,0,2,1,1,0,1,2,1,1,12,2,3,0,0,0,0,1,0,4,9,5,3,2
2016.0,0.0,0.0,0.0,3,10,3,0,0,0,1,1,1,1,0,0,1,1,1,13,2,3,0,0,0,1,1,0,4,4,5,9,9
2016.0,0.0,0.0,0.0,3,1,3,0,0,0,0,2,1,1,0,0,1,1,1,13,2,3,0,0,0,1,2,0,4,2,5,3,9
2016.0,-60.0,1.0,0.0,3,6,3,0,0,0,0,1,1,1,0,1,1,1,1,13,2,3,0,0,0,1,1,0,4,7,5,8,3
2016.0,0.0,0.0,0.0,3,6,3,0,0,0,1,2,1,1,0,1,2,1,1,13,2,3,0,0,0,1,2,0,4,7,5,8,3
2016.0,-280.0,1.0,0.0,3,4,3,0,0,0,1,9,1,1,0,0,5,1,1,15,2,3,0,0,0,2,2,0,0,2,5,3,9
2016.0,175.0,0.0,0.0,3,6,3,0,0,0,1,9,1,1,0,1,9,1,1,16,2,3,0,1,0,1,2,0,6,7,5,8,3
2016.0,110.0,0.0,0.0,3,6,3,0,0,0,1,9,1,1,0,0,9,1,1,17,2,3,0,1,0,1,1,0,4,7,5,8,3
2016.0,-490.0,0.0,0.0,3,4,3,0,0,0,0,5,1,1,0,1,9,1,1,18,2,3,0,1,0,0,1,0,6,2,5,9,3
2016.0,0.0,0.0,0.0,3,4,0,0,0,0,1,6,1,1,0,0,2,1,1,18,2,3,0,1,0,0,2,0,4,2,5,3,9
2016.0,-88.0,2.0,0.0,3,6,0,0,0,0,2,1,1,1,0,1,1,1,1,20,2,3,0,0,0,0,2,0,4,7,5,8,8
2016.0,0.0,1.0,0.0,3,4,0,0,0,0,0,1,1,1,0,1,5,1,1,5,3,3,0,0,0,1,1,0,2,5,5,3,3
2016.0,-330.0,0.0,0.0,3,4,3,0,0,0,0,2,1,1,0,0,1,1,1,6,3,3,0,0,0,1,2,0,6,2,5,3,9
2016.0,-72.0,0.0,0.0,3,6,3,0,0,0,0,2,1,1,0,1,2,1,1,7,3,3,0,1,0,2,1,0,2,7,5,8,3
2016.0,0.0,1.0,0.0,3,4,3,0,0,0,0,5,1,1,0,0,2,1,1,7,3,3,0,1,0,1,2,0,4,2,5,3,9
2016.0,126.0,0.0,0.0,3,10,3,0,0,0,1,9,1,1,0,1,9,1,1,8,3,3,0,1,0,1,1,0,4,9,5,3,2
2016.0,-10.0,1.0,0.0,2,5,3,0,0,2,0,9,1,1,0,1,2,1,1,9,3,3,0,1,0,2,1,0,2,5,5,9,7
2016.0,120.0,0.0,0.0,3,6,3,0,0,0,0,2,1,1,0,0,2,1,1,9,3,3,0,1,0,0,0,0,6,7,5,8,3
2016.0,30.0,0.0,0.0,3,6,3,0,0,0,2,9,1,1,0,0,9,1,1,10,3,3,0,0,0,0,1,0,2,7,5,8,3
2016.0,-60.0,0.0,0.0,3,6,3,0,0,0,0,2,1,1,0,1,2,1,1,12,3,3,0,0,0,1,1,0,4,7,5,8,3
2016.0,-170.0,1.0,0.0,2,1,3,0,0,2,1,2,1,1,0,1,1,1,1,15,3,3,0,0,0,1,1,0,0,5,5,3,3
2016.0,240.0,0.0,0.0,3,6,3,0,0,0,1,1,1,1,0,1,1,1,1,16,3,3,0,1,0,2,1,0,2,7,5,8,3
2016.0,665.0,0.0,0.0,3,6,3,0,0,0,1,5,1,1,0,0,5,1,1,16,3,3,0,1,0,1,1,0,6,7,5,8,3
2016.0,-50.0,2.0,0.0,2,6,3,0,0,0,0,1,1,1,0,0,1,1,1,17,3,3,0,1,0,2,2,0,4,7,5,8,3
2016.0,256.0,0.0,0.0,3,6,3,0,0,0,1,1,0,1,0,0,1,1,1,17,3,3,0,1,0,2,2,0,4,8,5,3,3
2016.0,-100.0,0.0,0.0,3,4,4,0,0,0,1,2,1,1,0,0,2,1,1,17,3,3,0,1,0,2,2,0,4,4,5,3,9
2016.0,0.0,1.0,0.0,2,4,3,0,0,0,1,5,1,1,0,1,9,1,1,17,3,3,0,1,0,1,1,0,4,2,5,9,3
2016.0,31.0,0.0,0.0,3,4,0,0,0,0,0,9,1,1,0,1,9,1,1,21,3,3,0,0,0,1,1,0,4,5,5,9,9
2016.0,0.0,0.0,0.0,3,1,2,0,0,0,1,1,1,1,0,1,2,1,1,6,4,3,0,0,0,1,1,0,4,2,5,3,3
2016.0,-0.1,0.0,0.0,3,6,3,0,0,0,2,5,1,1,0,1,5,1,1,8,4,3,0,1,0,0,1,0,6,5,5,8,3
2016.0,98.0,0.0,0.0,3,6,3,0,0,0,1,5,1,1,0,1,5,1,1,8,4,3,0,1,0,1,2,0,4,7,5,8,8
2016.0,-132.0,0.0,0.0,3,6,3,0,0,0,1,2,1,1,0,0,2,1,1,13,4,3,0,0,0,1,1,0,4,7,5,8,3
2016.0,-331.0,0.0,0.0,3,6,3,0,0,0,1,2,1,1,0,1,2,1,1,13,4,3,0,0,0,1,1,0,6,7,5,8,3
2016.0,46.0,0.0,0.0,3,6,3,0,0,0,1,9,1,1,0,1,9,1,1,14,4,3,0,0,0,2,1,0,4,7,5,8,3
2016.0,-200.0,1.0,0.0,3,4,3,0,0,0,0,5,1,1,0,1,2,1,1,14,4,3,0,0,0,0,1,0,0,2,5,3,9
2016.0,0.0,2.0,0.0,2,4,3,0,0,0,0,2,1,1,0,0,5,1,1,14,4,3,0,0,0,1,1,0,4,2,5,3,9
2016.0,-119.0,0.0,0.0,3,10,3,0,0,0,2,9,1,1,0,0,9,1,1,15,4,3,0,0,0,0,1,0,6,9,5,3,2
2016.0,156.0,1.0,0.0,2,6,3,0,0,0,2,9,1,1,0,0,9,1,1,15,4,3,0,0,0,0,1,0,4,7,5,8,3
2016.0,-305.0,0.0,0.0,3,4,3,0,0,0,0,9,1,1,0,1,5,1,1,16,4,3,0,1,0,2,2,0,6,2,5,3,9
2016.0,-10.0,0.0,0.0,3,10,3,0,0,0,1,2,1,1,0,0,2,1,1,16,4,3,0,1,0,1,1,0,4,4,5,8,9
2016.0,20.0,0.0,0.0,3,6,3,0,0,0,1,5,1,1,0,1,5,1,1,17,4,3,0,1,0,2,1,0,4,7,5,8,3
2016.0,-10.0,0.0,0.0,3,10,0,0,0,0,0,2,1,1,0,1,2,1,1,20,4,3,0,0,0,1,1,0,4,9,5,9,9
2016.0,260.0,0.0,0.0,3,4,0,0,0,0,0,9,0,1,0,1,1,1,1,0,5,3,1,0,0,1,2,0,6,2,5,3,9
2016.0,348.0,0.0,0.0,3,5,3,0,0,0,1,5,1,1,0,1,9,1,1,10,5,3,1,0,0,2,1,0,0,2,5,8,9
2016.0,-210.0,0.0,0.0,3,6,3,0,0,0,1,9,1,1,0,1,9,1,1,11,5,3,1,0,0,1,1,0,0,7,5,9,3
2016.0,26.0,0.0,0.0,3,10,3,0,0,0,0,2,1,1,0,0,2,1,1,11,5,3,1,0,0,1,1,0,4,9,5,3,2
2016.0,190.0,0.0,0.0,3,6,3,0,0,0,0,1,1,1,0,1,1,1,1,12,5,3,1,0,0,2,2,0,0,7,5,8,3
2016.0,0.0,0.0,0.0,3,8,3,0,0,0,0,2,1,1,0,0,1,1,1,12,5,3,1,0,0,0,1,0,4,5,5,9,1
2016.0,0.0,0.0,0.0,3,4,3,0,0,0,1,2,1,1,0,1,9,1,1,12,5,3,1,0,0,2,1,0,4,4,5,3,9
2016.0,170.0,0.0,0.0,3,5,3,0,0,0,1,9,1,1,0,1,9,1,1,14,5,3,1,0,0,0,0,0,4,7,5,3,3
2016.0,20.0,0.0,0.0,3,6,3,0,0,0,1,9,1,1,0,0,9,1,1,16,5,3,1,1,0,1,1,0,4,7,5,3,3
2016.0,0.0,1.0,0.0,1,4,3,0,0,0,0,1,1,1,0,0,1,1,1,16,5,3,1,1,0,1,2,0,4,4,5,3,9
2016.0,148.0,0.0,0.0,3,4,0,0,0,1,1,9,1,1,0,1,1,1,1,19,5,3,1,1,0,0,1,0,6,7,5,3,9
2016.0,224.0,4.0,0.0,3,6,0,0,0,0,1,2,1,1,0,0,2,1,1,20,5,3,1,0,0,1,1,0,6,7,5,8,3
2016.0,-998.0,1.0,0.0,3,10,0,0,0,0,1,5,1,1,0,1,5,1,1,21,5,3,1,0,0,0,1,0,6,9,5,3,3
2016.0,-70.0,0.0,0.0,3,10,0,0,0,0,1,1,0,1,0,0,1,1,1,1,6,3,1,0,0,2,1,0,4,9,5,8,9
2016.0,-236.0,0.0,0.0,3,6,3,0,0,0,1,9,1,1,0,0,9,1,1,13,6,3,1,0,0,1,1,0,6,7,5,9,3
2016.0,0.0,0.0,0.0,3,4,3,0,0,0,0,1,1,1,0,0,9,1,1,14,6,3,1,0,0,0,1,0,4,2,5,3,9
2016.0,-45.0,0.0,0.0,3,6,3,0,0,0,0,1,1,1,0,1,1,1,1,9,0,3,0,1,0,2,1,0,4,7,5,8,3
2016.0,-415.0,0.0,0.0,3,10,3,0,0,0,0,1,1,1,0,1,1,1,1,9,0,3,0,1,0,0,1,0,6,9,5,3,2
2016.0,-63.0,0.0,0.0,3,6,3,0,0,0,0,2,1,1,0,1,8,1,1,10,0,3,0,0,0,1,2,0,4,7,5,8,3
2016.0,-10.0,1.0,0.0,2,5,3,0,0,0,0,5,1,1,3,0,1,1,1,10,0,3,0,0,0,0,2,0,4,2,5,7,9
2016.0,0.0,0.0,0.0,3,1,3,0,0,0,1,5,1,1,0,1,1,1,1,10,0,3,0,0,0,1,1,0,4,2,5,3,3
2016.0,-6.0,1.0,0.0,3,5,3,0,0,2,0,9,1,1,0,0,2,1,1,11,0,3,0,0,0,2,1,0,4,5,5,9,7
2016.0,6.0,0.0,0.0,3,8,3,0,0,0,1,9,1,1,0,0,9,1,1,13,0,3,0,0,0,1,2,0,4,5,5,8,9
2016.0,0.0,2.0,0.0,2,3,3,1,0,0,1,2,1,1,0,0,5,1,1,14,0,3,0,0,0,1,1,0,4,2,5,9,3
2016.0,-50.0,0.0,0.0,3,6,3,0,0,0,1,2,1,1,0,1,2,1,1,14,0,3,0,0,0,2,1,0,1,7,5,8,3
2016.0,0.0,1.0,0.0,3,4,3,0,0,0,0,5,1,1,0,1,9,1,1,16,0,3,0,1,0,1,1,0,4,2,5,3,9
2016.0,360.0,0.0,0.0,3,4,3,0,0,0,1,2,1,1,0,1,9,1,1,16,0,3,0,1,0,1,1,0,6,4,5,3,9
2016.0,-411.0,1.0,0.0,3,6,3,0,0,0,1,1,0,1,0,0,1,1,1,16,0,3,0,1,0,1,1,0,4,7,5,8,3
2016.0,200.0,0.0,0.0,3,6,3,0,0,0,1,9,1,1,0,1,9,1,1,13,1,3,0,0,0,1,1,0,6,7,5,8,3
2016.0,325.0,0.0,0.0,3,6,3,0,0,0,0,5,1,1,0,1,5,1,1,15,1,3,0,0,0,2,1,0,1,7,5,8,3
2016.0,0.0,2.0,0.0,2,4,3,0,0,0,1,5,1,1,0,0,1,1,1,16,1,3,0,1,0,1,1,0,4,2,5,3,9
2016.0,-353.0,0.0,0.0,3,4,3,0,0,0,0,2,1,1,0,0,1,1,1,17,1,3,0,1,0,1,1,0,6,2,5,3,9
2016.0,0.0,0.0,0.0,3,6,3,0,0,0,1,1,1,1,0,1,1,1,1,17,1,3,0,1,0,1,1,0,4,7,5,8,3
2016.0,584.0,1.0,0.0,3,6,3,0,0,0,1,1,1,1,0,1,1,1,1,18,1,3,0,1,0,1,0,0,6,7,5,8,3
2016.0,365.0,0.0,0.0,3,10,3,0,0,0,1,9,1,1,0,1,9,1,1,18,1,3,0,1,0,2,2,0,6,9,5,3,2
2016.0,70.0,0.0,0.0,3,4,3,0,0,0,1,5,1,1,0,1,9,1,1,18,1,3,0,1,0,1,0,0,4,4,5,8,9
2016.0,-60.0,1.0,0.0,1,6,0,0,0,0,1,2,1,1,0,1,2,1,1,19,1,3,0,1,0,1,1,0,2,9,5,8,2
2016.0,-579.0,0.0,0.0,3,5,0,1,0,0,1,1,1,1,0,1,1,1,1,20,1,3,0,0,0,2,2,0,0,7,5,8,3
2016.0,-6.0,0.0,0.0,3,1,0,0,0,0,1,5,1,1,0,1,5,1,1,4,2,3,0,0,0,1,1,0,4,7,5,9,3
2016.0,0.0,1.0,0.0,3,1,3,0,0,0,1,5,1,1,0,0,1,1,1,7,2,3,0,1,0,0,2,0,0,4,5,3,9
2016.0,30.0,0.0,0.0,3,6,3,0,0,0,0,1,1,1,0,1,1,1,1,7,2,3,0,1,0,2,1,0,4,2,5,3,9
2016.0,-150.0,0.0,0.0,3,6,3,0,0,0,0,5,1,1,0,0,5,1,1,8,2,3,0,1,0,2,2,0,0,7,5,9,3
2016.0,604.0,1.0,0.0,2,5,3,0,0,0,2,9,1,1,2,0,2,1,1,8,2,3,0,1,0,0,1,0,0,2,5,3,9
2016.0,80.0,0.0,0.0,3,10,3,0,0,0,0,2,1,1,0,0,2,1,1,11,2,3,0,0,0,2,2,0,6,9,5,3,5
2016.0,-124.0,0.0,0.0,3,6,3,0,0,0,1,5,1,1,0,1,5,1,1,12,2,3,0,0,0,2,1,0,6,7,5,8,3
2016.0,900.0,0.0,0.0,3,6,3,0,0,0,1,2,1,1,0,1,2,1,1,12,2,3,0,0,0,2,0,0,6,7,5,8,3
2016.0,45.0,1.0,0.0,2,5,3,0,0,2,1,4,1,1,0,1,9,1,1,12,2,3,0,0,0,1,1,0,4,2,5,9,3
2016.0,-150.0,0.0,0.0,3,6,3,0,0,0,0,9,1,1,0,0,9,1,1,14,2,3,0,0,0,1,1,0,6,7,5,8,3
2016.0,200.0,0.0,0.0,3,6,3,0,0,0,1,5,1,1,0,0,5,1,1,15,2,3,0,0,0,1,1,0,4,7,5,8,3
2016.0,-200.0,0.0,0.0,3,10,3,0,0,0,1,1,1,1,0,1,1,1,1,16,2,3,0,1,0,1,1,0,6,9,5,3,3
2016.0,-107.0,0.0,0.0,3,10,3,0,0,0,2,1,1,1,0,1,1,1,1,16,2,3,0,1,0,0,1,0,4,9,5,9,5
2016.0,-100.0,0.0,0.0,3,6,3,0,0,0,1,9,1,1,0,1,9,1,1,17,2,3,0,1,0,2,1,0,6,7,5,8,3
2016.0,158.0,1.0,0.0,1,1,3,0,0,0,1,7,1,1,0,1,4,1,1,17,2,3,0,1,0,1,2,0,0,2,7,3,9
2016.0,0.0,1.0,0.0,3,4,3,0,0,0,1,7,1,1,0,0,1,1,1,18,2,3,0,1,0,2,1,0,4,2,5,3,9
2016.0,-234.0,2.0,0.0,2,6,0,0,0,0,0,2,1,1,0,0,2,1,1,19,2,3,0,1,0,1,2,0,6,7,5,8,3
2016.0,400.0,0.0,0.0,3,10,0,0,0,0,0,5,1,1,0,1,5,1,1,20,2,3,0,0,0,1,1,0,6,9,5,3,2
2016.0,0.0,0.0,0.0,3,4,0,0,0,0,1,9,1,1,0,1,1,1,1,21,2,3,0,0,0,2,1,0,4,2,5,9,9
2016.0,-300.0,0.0,0.0,3,5,3,0,0,0,1,9,1,1,0,1,1,1,1,7,3,3,0,1,0,1,1,0,6,5,5,8,1
2016.0,-25.0,0.0,0.0,3,6,3,0,0,0,0,2,1,1,0,1,2,1,1,11,3,3,0,0,0,2,1,0,1,7,5,8,3
2016.0,0.0,1.0,0.0,2,4,3,0,0,0,1,3,1,1,0,1,9,1,1,13,3,3,0,0,0,1,2,0,4,2,5,3,9
2016.0,-20.0,0.0,0.0,3,6,3,0,0,0,1,2,1,1,0,1,2,1,1,15,3,3,0,0,0,1,1,0,4,7,5,8,3
2016.0,0.0,0.0,0.0,3,4,3,0,0,0,1,4,1,1,0,0,5,1,1,16,3,3,0,1,0,2,2,0,4,2,5,3,9
2016.0,0.0,1.0,0.0,3,4,3,0,0,0,1,4,1,1,0,0,5,1,1,16,3,3,0,1,0,2,2,0,4,2,5,3,9
2016.0,-25.0,0.0,0.0,3,6,3,0,0,0,2,2,1,1,0,1,2,1,1,16,3,3,0,1,0,0,1,0,4,7,5,8,3
2016.0,-45.0,0.0,0.0,3,6,3,0,0,0,1,1,1,1,0,0,1,1,1,17,3,3,0,1,0,1,2,0,4,8,5,8,3
2016.0,-20.0,0.0,0.0,3,6,4,0,0,0,1,2,1,1,0,0,2,1,1,18,3,3,0,1,0,2,1,0,2,7,5,8,3
2016.0,-75.0,0.0,0.0,3,5,0,0,0,0,0,9,1,1,0,0,1,1,1,19,3,3,0,1,0,1,2,0,2,7,5,8,1
2016.0,0.0,0.0,0.0,3,1,0,0,0,0,1,2,1,1,0,1,1,1,1,20,3,3,0,0,0,1,2,0,4,2,5,3,3
2016.0,0.0,0.0,0.0,3,4,0,0,0,0,1,1,1,1,0,1,5,1,1,22,3,3,0,0,0,1,2,0,4,5,5,9,3
2016.0,0.0,0.0,0.0,3,12,0,0,0,0,2,9,1,1,0,1,5,1,1,0,4,4,0,0,0,0,0,0,4,4,5,9,9
2016.0,0.0,0.0,0.0,3,1,3,0,0,0,1,1,1,1,0,1,5,1,1,6,4,4,0,0,0,0,1,0,4,5,5,3,9
2016.0,-1215.0,0.0,0.0,3,4,3,0,0,0,0,1,1,1,0,1,9,1,1,6,4,4,0,0,0,0,0,0,4,2,5,3,9
2016.0,-447.0,1.0,0.0,3,6,3,0,0,0,0,2,1,1,0,0,2,1,1,7,4,4,0,1,0,1,1,0,6,7,5,8,3
2016.0,10.0,0.0,0.0,3,6,3,0,0,0,0,2,1,1,0,1,2,1,1,8,4,4,0,1,0,1,2,0,2,7,5,9,9
2016.0,200.0,0.0,0.0,3,1,3,0,0,0,2,1,1,1,0,1,2,1,1,10,4,4,0,0,0,0,1,0,6,2,5,3,5
2016.0,86.0,0.0,0.0,3,10,3,0,0,0,1,1,1,1,0,1,1,1,1,11,4,4,0,0,0,2,0,0,6,9,5,3,2
2016.0,185.0,0.0,0.0,3,10,3,0,0,0,0,2,1,1,0,1,2,1,1,11,4,4,0,0,0,1,1,0,6,5,5,3,2
2016.0,266.0,0.0,0.0,3,6,3,0,0,0,0,9,1,1,0,0,9,1,1,14,4,4,0,0,0,2,1,0,4,7,5,8,3
2016.0,666.0,0.0,0.0,3,4,3,0,0,0,1,9,1,1,0,0,5,1,1,15,4,4,0,0,0,0,1,0,6,5,5,3,9
2016.0,-168.0,0.0,0.0,3,1,3,0,0,0,1,5,1,1,0,1,1,1,1,15,4,4,0,0,0,2,1,0,6,2,5,3,5
2016.0,-42.0,0.0,0.0,3,6,3,0,0,0,1,1,1,1,0,0,1,1,1,15,4,4,0,0,0,2,1,0,4,7,5,8,3
2016.0,0.0,1.0,0.0,2,4,3,0,0,0,1,2,1,1,0,0,1,1,1,16,4,4,0,1,0,1,1,0,4,2,5,3,9
2016.0,-224.0,1.0,0.0,3,6,3,0,0,0,1,5,1,1,0,1,5,1,1,16,4,4,0,1,0,1,1,0,6,7,5,8,3
2016.0,80.0,0.0,0.0,3,10,3,0,0,0,1,5,1,1,0,0,5,1,1,17,4,4,0,1,0,2,1,0,4,5,5,3,2
2016.0,0.0,1.0,0.0,2,6,3,0,0,0,1,2,1,1,0,1,2,1,1,17,4,4,0,1,0,2,1,0,4,7,5,8,3
2016.0,0.0,0.0,0.0,3,1,3,0,0,0,1,1,1,1,0,0,4,1,1,18,4,4,0,1,0,1,2,0,4,5,5,9,3
2016.0,200.0,0.0,0.0,3,6,1,0,0,0,1,9,1,1,0,0,9,1,1,19,4,4,0,1,0,2,0,0,4,7,5,8,3
2016.0,242.0,0.0,0.0,3,6,0,0,0,0,0,5,1,1,0,1,5,1,1,20,4,4,0,0,0,1,1,0,6,7,5,8,8
2016.0,-120.0,0.0,0.0,3,6,0,0,0,0,1,1,1,1,0,1,1,1,1,20,4,4,0,0,0,1,1,0,4,7,5,8,3
2016.0,-250.0,0.0,0.0,3,4,3,0,0,0,1,4,1,1,0,1,1,1,1,8,5,4,1,1,0,0,1,0,0,2,5,3,9
2016.0,0.0,0.0,0.0,3,4,3,0,0,0,0,1,1,1,0,0,9,1,1,11,5,4,1,0,0,2,1,0,4,2,5,3,9
2016.0,-470.0,0.0,0.0,3,4,3,0,0,0,1,9,1,1,0,0,2,1,1,13,5,4,1,0,0,1,1,0,6,2,5,3,9
2016.0,165.0,0.0,0.0,3,6,3,0,0,0,1,1,1,1,0,1,1,1,1,14,5,4,1,0,0,2,0,0,0,8,5,8,3
2016.0,-225.0,0.0,0.0,3,4,3,0,0,0,1,2,1,1,0,0,5,1,1,16,5,4,1,1,0,2,2,0,0,4,5,3,9
2016.0,42.0,0.0,0.0,3,6,3,0,0,0,0,9,1,1,0,1,9,1,1,16,5,4,1,1,0,2,1,0,4,7,9,2,3
2016.0,-325.0,0.0,0.0,3,6,3,0,0,0,0,5,1,1,0,1,5,1,1,17,5,4,1,1,0,2,2,0,6,7,5,3,8
2016.0,300.0,0.0,0.0,3,10,0,0,0,0,1,9,1,1,1,1,9,1,1,19,5,4,1,1,0,1,1,0,6,7,5,6,3
2016.0,20.0,1.0,0.0,3,6,0,0,0,0,2,5,1,1,0,1,5,1,1,20,5,4,1,0,0,0,1,0,4,7,5,8,3
2016.0,-170.0,0.0,0.0,3,6,0,0,0,0,1,2,0,1,0,0,2,1,1,21,5,4,1,0,0,0,1,0,4,7,5,8,3
2016.0,-156.0,0.0,0.0,3,10,0,0,0,0,1,9,1,1,0,1,9,1,1,22,5,4,1,0,0,1,1,0,6,9,5,3,2
2016.0,0.0,0.0,0.0,3,4,0,0,0,0,0,9,0,1,0,1,1,1,1,1,6,4,1,0,0,1,2,0,2,4,5,3,9
2016.0,50.0,0.0,0.0,3,6,0,0,0,0,1,9,0,1,0,1,9,1,1,2,6,4,1,0,0,2,2,0,4,7,5,8,3
2016.0,-200.0,0.0,0.0,3,3,2,0,0,0,0,2,0,1,1,1,5,1,1,5,6,4,1,0,0,2,1,0,6,7,5,6,3
2016.0,10.0,0.0,0.0,3,9,3,0,0,0,2,5,1,1,0,0,2,1,1,6,6,4,1,0,0,0,1,0,4,9,5,8,3
2016.0,30.0,0.0,0.0,3,6,3,0,0,0,2,5,1,1,0,0,5,1,1,13,6,4,1,0,0,0,1,0,4,7,5,8,3
2016.0,-192.0,0.0,0.0,3,4,3,0,0,0,1,3,1,1,0,0,5,1,1,14,6,4,1,0,0,1,1,0,6,2,5,3,9
2016.0,29.0,0.0,0.0,3,6,3,0,0,0,1,7,1,1,0,0,7,1,1,14,6,4,1,0,0,2,1,0,4,7,5,9,9
2016.0,0.0,0.0,0.0,3,6,3,0,0,0,0,6,1,1,0,1,6,1,1,6,0,4,0,0,0,1,1,0,2,7,5,9,2
2016.0,0.0,0.0,0.0,3,4,3,0,0,0,1,1,1,1,0,0,5,1,1,7,0,4,0,1,0,1,1,0,4,2,5,3,9
2016.0,120.0,0.0,0.0,3,6,3,0,0,0,1,9,1,1,0,0,9,1,1,8,0,4,0,1,0,1,1,0,4,7,5,8,3
2016.0,-340.0,2.0,0.0,2,6,3,0,0,0,1,2,1,1,0,1,2,1,1,10,0,4,0,0,0,2,2,0,0,7,5,8,3
2016.0,-75.0,0.0,0.0,3,4,3,0,0,0,1,5,1,1,0,1,2,1,1,11,0,4,0,0,0,0,1,0,4,4,5,9,9
2016.0,0.0,4.0,0.0,2,1,3,0,0,0,1,9,0,1,0,0,2,1,1,13,0,4,0,0,0,1,2,0,4,2,5,3,3
2016.0,0.0,1.0,0.0,1,4,3,0,0,0,1,9,1,1,0,1,1,1,1,13,0,4,0,0,0,2,2,0,4,2,5,9,9
2016.0,-200.0,1.0,0.0,1,5,3,0,0,2,1,2,1,1,0,1,1,1,1,14,0,4,0,0,0,0,1,0,0,6,5,3,7
2016.0,410.0,0.0,0.0,3,6,3,0,0,0,1,5,1,1,0,0,5,1,1,16,0,4,0,1,0,1,1,0,6,7,5,8,8
2016.0,30.0,1.0,0.0,3,6,3,0,0,0,1,1,1,1,0,0,1,1,1,16,0,4,0,1,0,1,2,0,4,7,5,8,3
2016.0,-171.0,0.0,0.0,3,4,0,0,0,0,0,5,1,1,0,1,9,1,1,18,0,4,0,1,0,1,1,0,6,5,5,3,9
2016.0,0.0,4.0,0.0,3,4,4,0,0,0,0,2,1,1,0,1,5,1,1,19,0,4,0,1,0,2,1,0,4,2,5,3,9
2016.0,-113.0,1.0,0.0,2,5,3,0,0,2,0,1,1,1,0,1,5,1,1,12,1,4,0,0,0,1,1,0,0,9,5,9,3
2016.0,55.0,0.0,0.0,3,1,3,0,0,0,0,1,1,1,0,1,1,1,1,12,1,4,0,0,0,0,2,0,4,2,5,3,9
2016.0,-115.0,0.0,0.0,3,10,3,0,0,0,2,2,1,1,0,1,2,1,1,13,1,4,0,0,0,0,0,0,6,5,5,6,6
2016.0,400.0,0.0,0.0,3,6,3,0,0,0,0,9,1,1,0,0,9,1,1,14,1,4,0,0,0,0,1,0,6,7,5,8,3
2016.0,705.0,1.0,0.0,3,6,3,0,0,0,2,2,1,1,0,1,2,1,1,16,1,4,0,1,0,0,1,0,6,7,5,3,3
2016.0,0.0,2.0,0.0,3,4,3,0,0,0,1,2,1,1,0,0,1,1,1,17,1,4,0,1,0,2,2,0,4,2,5,3,9
2016.0,-220.0,1.0,0.0,2,6,3,0,0,0,1,2,1,1,0,1,2,1,1,17,1,4,0,1,0,2,1,0,4,7,5,8,3
2016.0,595.0,2.0,0.0,2,6,3,0,0,0,1,5,1,1,0,0,5,1,1,17,1,4,0,1,0,1,2,0,6,7,5,8,3
2016.0,400.0,1.0,0.0,3,4,3,0,0,0,0,2,1,1,0,0,1,1,1,7,2,4,0,1,0,1,1,0,0,2,5,3,9
2016.0,0.0,0.0,0.0,3,4,3,0,0,0,0,6,1,1,0,1,2,1,1,8,2,4,0,1,0,1,2,0,4,2,5,3,9
2016.0,95.0,0.0,0.0,3,6,3,0,0,0,2,1,1,1,0,1,1,1,1,8,2,4,0,1,0,0,1,0,2,7,5,8,3
2016.0,127.0,1.0,0.0,3,6,3,0,0,0,1,9,1,1,0,0,9,1,1,10,2,4,0,0,0,1,1,0,4,7,5,8,3
2016.0,770.0,0.0,0.0,3,4,3,0,0,0,1,6,1,1,0,0,3,1,1,11,2,4,0,0,0,1,1,0,6,2,5,9,9
2016.0,0.0,3.0,0.0,2,4,3,0,0,0,1,2,1,1,0,1,1,1,1,11,2,4,0,0,0,1,1,0,2,2,5,9,3
2016.0,0.0,2.0,0.0,3,4,3,0,0,0,0,2,1,1,0,0,5,1,1,11,2,4,0,0,0,1,1,0,4,2,5,9,3
2016.0,50.0,1.0,0.0,3,6,3,0,0,0,0,5,1,1,0,1,5,1,1,12,2,4,0,0,0,0,1,0,4,7,5,3,8