Year,Distance,Totalinjuries,Totalfatalities,Injuryseverity,Collisionmanner,Lightcondition,Weather,SurfaceCondition,Unittype_One,Gender_Drv1,Traveldirection_One,AlcoholUse_Drv1,DrugUse_Drv1,Unittype_Two,Gender_Drv2,Traveldirection_Two,AlcoholUse_Drv2,DrugUse_Drv2,Hour,Weekday,Month,Weekend,Rush_Hour,Hazardous_Road,Age_Group_Drv1,Age_Group_Drv2,Substance_Use,Junction_Category,Violation_Category_Drv1,Violation_Category_Drv2,Unitaction_Category_Two,Unitaction_Category_One
2016.0,132.0,1.0,0.0,3,6,3,0,0,0,2,9,1,1,0,1,9,1,1,14,2,4,0,0,0,0,1,0,4,7,5,8,3
2016.0,-220.0,0.0,0.0,3,10,3,0,0,0,0,1,1,1,0,1,1,1,1,14,2,4,0,0,0,1,1,0,4,4,5,8,3
2016.0,0.0,0.0,0.0,3,6,3,0,0,0,0,1,1,1,0,1,1,1,1,15,2,4,0,0,0,1,1,0,4,7,5,8,3
2016.0,150.0,0.0,0.0,3,10,3,0,0,0,0,9,1,1,0,0,9,1,1,15,2,4,0,0,0,0,0,0,6,9,5,3,2
2016.0,0.0,1.0,0.0,3,4,3,0,0,0,0,9,1,1,0,1,1,1,1,15,2,4,0,0,0,1,1,0,4,2,5,3,9
2016.0,-265.0,0.0,0.0,3,10,3,0,0,0,1,2,1,1,0,1,2,1,1,16,2,4,0,1,0,2,1,0,4,9,5,3,2
2016.0,-10.0,0.0,0.0,3,6,3,0,0,0,1,2,1,1,0,0,2,1,1,17,2,4,0,1,0,1,1,0,1,7,5,3,3
2016.0,325.0,0.0,0.0,3,10,3,0,0,0,0,5,1,1,0,0,5,1,1,17,2,4,0,1,0,1,0,0,4,9,5,3,2
2016.0,0.0,2.0,0.0,3,4,0,0,0,0,1,2,1,1,0,1,5,1,1,19,2,4,0,1,0,1,2,0,4,2,5,3,9
2016.0,-160.0,0.0,0.0,3,6,0,0,0,0,1,2,1,1,0,0,2,1,1,20,2,4,0,0,0,2,2,0,4,7,5,8,3
2016.0,-20.0,0.0,0.0,3,6,0,0,0,0,1,1,1,1,0,0,1,1,1,21,2,4,0,0,0,1,1,0,4,7,5,8,2
2016.0,140.0,0.0,0.0,3,6,0,0,0,0,1,2,1,1,0,0,5,1,1,21,2,4,0,0,0,0,2,0,4,5,5,8,1
2016.0,15.0,0.0,0.0,3,6,0,0,0,0,1,5,1,1,0,1,5,1,1,5,3,4,0,0,0,0,1,0,4,7,5,8,8
2016.0,-89.0,1.0,0.0,3,4,3,0,0,0,0,1,1,1,0,0,2,1,1,7,3,4,0,1,0,2,1,0,6,2,5,3,9
2016.0,0.0,1.0,0.0,3,1,3,0,0,0,0,5,1,1,0,1,1,1,1,10,3,4,0,0,0,1,2,0,4,2,5,3,3
2016.0,-650.0,2.0,0.0,1,4,3,0,0,0,0,2,1,1,0,0,1,1,1,11,3,4,0,0,0,1,1,0,0,2,5,3,9
2016.0,120.0,0.0,0.0,3,6,3,0,0,0,1,5,1,1,0,1,5,1,1,11,3,4,0,0,0,2,1,0,4,7,5,8,3
2016.0,-93.0,0.0,0.0,3,6,3,0,0,0,1,1,1,1,0,0,1,1,1,15,3,4,0,0,0,1,2,0,4,7,5,8,3
2016.0,-24.0,2.0,0.0,2,1,3,0,0,0,1,9,1,1,0,0,5,1,1,16,3,4,0,1,0,2,0,0,4,7,5,8,9
2016.0,-350.0,1.0,0.0,2,5,3,0,0,2,1,9,1,1,0,1,2,1,1,17,3,4,0,1,0,1,1,0,0,5,5,9,3
2016.0,230.0,1.0,0.0,1,10,3,0,0,0,1,9,1,1,0,1,9,1,1,17,3,4,0,1,0,1,1,0,0,5,5,9,3
2016.0,-228.0,0.0,0.0,3,6,4,1,0,0,1,2,1,1,0,0,2,1,1,18,3,4,0,1,0,2,1,0,4,7,5,8,3
2016.0,0.0,0.0,0.0,3,4,4,0,0,0,1,1,1,1,0,1,9,1,1,18,3,4,0,1,0,2,2,0,4,2,5,3,9
2016.0,83.0,0.0,0.0,3,6,3,0,0,0,0,9,1,1,0,0,9,1,1,18,3,4,0,1,0,1,1,0,4,7,5,3,3
2016.0,950.0,0.0,0.0,3,6,4,1,0,0,0,2,1,1,0,1,2,1,1,19,3,4,0,1,0,2,2,0,6,7,5,8,3
2016.0,0.0,0.0,0.0,3,4,0,3,4,0,0,9,1,1,0,0,1,1,1,22,3,4,0,0,1,1,2,0,4,2,5,3,9
2016.0,-70.0,0.0,0.0,3,6,0,3,4,0,1,2,1,1,0,1,2,1,1,1,4,4,0,0,1,2,1,0,4,7,5,8,3
2016.0,-40.0,0.0,0.0,3,6,0,3,4,0,1,9,1,1,0,0,9,1,1,4,4,4,0,0,1,1,1,0,6,7,5,8,3
2016.0,-223.0,0.0,0.0,3,10,3,0,0,0,1,9,1,1,1,1,9,1,1,10,4,4,0,0,0,1,1,0,6,7,5,6,3
2016.0,36.0,1.0,0.0,2,5,3,0,0,2,1,5,1,1,0,0,5,1,1,11,4,4,0,0,0,1,1,0,6,5,5,3,0
2016.0,-34.0,0.0,0.0,3,1,3,0,0,0,0,1,1,1,0,1,5,1,1,11,4,4,0,0,0,2,2,0,4,2,5,3,9
2016.0,0.0,1.0,0.0,3,4,3,0,0,0,1,5,1,1,0,1,2,1,1,11,4,4,0,0,0,2,0,0,4,5,5,3,9
2016.0,105.0,0.0,0.0,3,6,3,0,0,0,1,5,1,1,0,0,5,1,1,13,4,4,0,0,0,1,2,0,4,7,5,8,3
2016.0,269.0,0.0,0.0,3,1,3,0,0,0,0,1,1,1,0,1,5,1,1,13,4,4,0,0,0,2,1,0,6,2,5,3,9
2016.0,-354.0,1.0,0.0,2,5,3,0,0,2,1,9,1,1,0,1,2,1,1,14,4,4,0,0,0,2,1,0,0,9,5,3,3
2016.0,234.0,1.0,0.0,3,6,3,0,0,0,0,5,1,1,0,1,5,1,1,15,4,4,0,0,0,1,1,0,6,7,5,8,3
2016.0,304.0,0.0,0.0,3,4,3,0,0,0,0,2,1,1,0,1,9,1,1,15,4,4,0,0,0,1,0,0,0,5,5,3,9
2016.0,-635.0,2.0,0.0,2,4,3,0,0,0,0,9,1,1,0,1,1,1,1,15,4,4,0,0,0,1,1,0,0,2,5,3,9
2016.0,347.0,0.0,0.0,3,4,3,1,0,0,1,2,1,1,0,0,9,1,1,16,4,4,0,1,0,2,2,0,0,2,5,3,9
2016.0,220.0,0.0,0.0,3,6,3,0,0,0,0,1,1,1,0,0,1,1,1,17,4,4,0,1,0,1,0,0,6,5,5,8,8
2016.0,20.0,0.0,0.0,3,6,3,0,0,0,1,5,1,1,0,0,5,1,1,7,5,4,1,1,0,2,1,0,4,7,5,8,3
2016.0,-74.0,1.0,0.0,2,6,3,0,0,0,0,2,1,1,0,0,2,1,1,7,5,4,1,1,0,2,1,0,4,7,5,8,3
2016.0,144.0,2.0,0.0,1,6,3,0,0,0,1,5,1,1,0,1,5,1,1,17,5,4,1,1,0,1,1,0,4,5,5,8,3
2016.0,-466.0,0.0,0.0,3,10,0,1,0,0,0,1,1,1,0,0,1,1,1,20,5,4,1,0,0,1,1,0,0,9,5,3,2
2016.0,-50.0,1.0,0.0,2,6,0,0,0,0,1,2,0,1,0,0,4,1,1,21,5,4,1,0,0,1,1,0,4,7,5,9,3
2016.0,0.0,0.0,0.0,3,4,0,1,0,0,1,5,1,1,0,0,2,1,1,0,6,4,1,0,0,2,1,0,2,2,5,3,9
2016.0,64.0,0.0,0.0,3,12,0,4,3,0,2,1,1,1,1,1,2,1,1,10,6,4,1,0,0,0,0,0,6,5,5,6,5
2016.0,0.0,0.0,0.0,3,4,3,3,4,0,1,2,1,1,0,1,5,1,1,10,6,4,1,0,1,2,2,0,0,2,5,3,9
2016.0,-142.0,0.0,0.0,3,6,3,0,0,0,0,9,1,1,0,0,9,1,1,11,6,4,1,0,0,2,1,0,4,8,5,8,3
2016.0,10.0,1.0,0.0,2,5,3,3,4,2,0,1,1,1,0,1,2,1,1,13,6,4,1,0,1,2,1,0,4,2,5,3,7
2016.0,36.0,0.0,0.0,3,6,3,3,4,0,1,1,1,1,0,1,1,1,1,13,6,4,1,0,1,1,1,0,4,5,5,3,3
2016.0,-20.0,0.0,0.0,3,10,3,0,0,0,1,9,1,1,0,0,9,1,1,14,6,4,1,0,0,1,2,0,4,9,5,3,2
2016.0,-20.0,0.0,0.0,3,5,3,1,4,0,1,5,1,1,0,0,1,1,1,14,6,4,1,0,1,1,1,0,4,7,5,8,9
2016.0,0.0,0.0,0.0,3,4,3,0,0,0,1,2,1,1,0,0,2,1,1,17,6,4,1,1,0,1,1,0,4,5,5,9,9
2016.0,90.0,0.0,0.0,3,10,0,0,0,0,1,1,1,1,0,0,1,1,1,20,6,4,1,0,0,1,2,0,6,9,5,3,3
2016.0,0.0,0.0,0.0,3,4,3,0,0,0,0,1,1,1,0,1,9,1,1,7,0,4,0,1,0,2,1,0,4,2,5,3,9
2016.0,-300.0,1.0,0.0,2,5,3,0,0,0,1,2,1,0,0,1,2,1,1,8,0,4,0,1,0,1,0,0,6,7,5,3,3
2016.0,45.0,0.0,0.0,3,6,3,0,0,0,0,9,1,1,0,1,9,1,1,13,0,4,0,0,0,2,2,0,4,7,5,8,3
2016.0,-10.0,1.0,0.0,2,5,3,0,0,0,2,1,1,1,3,1,9,1,1,13,0,4,0,0,0,0,2,0,4,2,5,5,9
2016.0,-65.0,0.0,0.0,3,10,3,0,0,0,0,5,1,1,0,0,5,1,1,14,0,4,0,0,0,0,1,0,4,5,5,3,3
2016.0,43.0,1.0,0.0,3,6,3,0,0,0,1,5,1,1,0,1,5,1,1,14,0,4,0,0,0,1,0,0,4,7,5,8,3
2016.0,-60.0,0.0,0.0,3,6,3,0,0,0,2,1,1,1,0,0,1,1,1,14,0,4,0,0,0,0,1,0,4,7,5,8,8
2016.0,-268.0,1.0,0.0,2,10,3,0,0,0,1,1,1,1,0,1,1,1,1,14,0,4,0,0,0,1,2,0,6,9,5,3,2
2016.0,-600.0,0.0,0.0,3,10,3,0,0,0,1,1,1,1,0,0,1,1,1,15,0,4,0,0,0,0,2,0,6,5,5,2,3
2016.0,-300.0,0.0,0.0,3,4,3,0,0,0,1,9,1,1,0,1,1,1,1,16,0,4,0,1,0,0,2,0,4,7,5,8,9
2016.0,-137.0,0.0,0.0,3,9,3,0,0,0,1,7,1,1,0,1,7,1,1,17,0,4,0,1,0,1,0,0,4,9,5,3,2
2016.0,0.0,0.0,0.0,3,4,3,0,0,0,0,9,1,1,0,0,1,1,1,17,0,4,0,1,0,2,2,0,6,5,5,3,9
2016.0,-35.0,0.0,0.0,3,10,4,0,0,0,0,1,1,1,0,0,1,1,1,18,0,4,0,1,0,2,1,0,2,7,5,3,3
2016.0,15.0,0.0,0.0,3,10,0,1,0,0,2,8,1,1,0,1,1,1,1,2,1,4,0,0,0,0,2,0,6,5,5,6,5
2016.0,145.0,0.0,0.0,3,10,3,0,0,0,1,1,1,1,0,0,1,1,1,7,1,4,0,1,0,2,1,0,6,4,5,3,9
2016.0,0.0,0.0,0.0,3,10,3,0,0,0,1,1,1,1,0,0,1,1,1,7,1,4,0,1,0,2,0,0,4,5,5,8,9
2016.0,200.0,0.0,0.0,3,4,3,0,0,0,1,5,1,1,0,1,2,1,1,8,1,4,0,1,0,1,2,0,0,2,5,3,9
2016.0,11.0,1.0,0.0,2,5,3,0,0,3,1,2,1,1,0,1,9,1,1,10,1,4,0,0,0,2,2,0,4,2,5,9,7
2016.0,-75.0,0.0,0.0,3,6,3,0,0,0,0,2,1,1,0,1,2,1,1,10,1,4,0,0,0,2,1,0,4,7,5,8,3
2016.0,0.0,1.0,0.0,3,4,3,0,0,0,0,9,1,1,0,0,2,1,1,11,1,4,0,0,0,1,1,0,4,2,5,3,3
2016.0,300.0,0.0,0.0,3,4,3,0,0,0,0,1,1,1,0,0,5,1,1,12,1,4,0,0,0,1,2,0,0,7,5,3,9
2016.0,-53.0,0.0,0.0,3,10,3,0,0,0,0,1,1,1,0,1,5,1,1,14,1,4,0,0,0,2,1,0,2,9,5,3,9
2016.0,-440.0,1.0,0.0,2,4,3,0,0,0,0,9,1,1,0,1,2,1,1,17,1,4,0,1,0,1,1,0,0,2,5,3,9
2016.0,145.0,0.0,0.0,3,6,3,0,0,0,0,9,1,1,0,1,9,1,1,17,1,4,0,1,0,1,1,0,6,9,5,3,2
2016.0,-100.0,0.0,0.0,3,6,3,0,0,0,2,7,1,1,0,1,7,1,1,18,1,4,0,1,0,0,1,0,6,4,5,8,9
2016.0,135.0,0.0,0.0,3,6,0,0,0,0,1,5,1,1,0,0,5,1,1,21,1,4,0,0,0,2,0,0,6,7,5,9,3
2016.0,450.0,0.0,0.0,3,1,2,0,0,0,1,5,1,1,1,1,1,1,1,5,2,4,0,0,0,0,1,0,6,5,5,6,1
2016.0,216.0,0.0,0.0,3,6,3,0,0,0,1,9,1,1,0,1,9,1,1,8,2,4,0,1,0,2,1,0,6,7,5,9,3
2016.0,-450.0,0.0,0.0,3,6,3,0,0,0,1,1,0,0,0,1,1,1,1,10,2,4,0,0,0,1,0,0,6,7,5,3,3
2016.0,140.0,0.0,0.0,3,5,3,0,0,0,1,1,1,1,0,0,9,1,1,12,2,4,0,0,0,2,1,0,6,5,5,8,1
2016.0,-183.0,0.0,0.0,3,10,3,0,0,0,0,5,1,1,0,0,5,1,1,13,2,4,0,0,0,2,2,0,6,9,5,3,2
2016.0,95.0,0.0,0.0,3,6,3,0,0,0,2,5,1,1,0,0,5,1,1,13,2,4,0,0,0,0,1,0,4,7,5,8,3
2016.0,-600.0,0.0,0.0,3,10,3,0,0,0,2,1,1,1,0,0,1,1,1,14,2,4,0,0,0,0,1,0,6,9,5,3,2
2016.0,-800.0,0.0,0.0,3,6,3,0,0,0,0,5,1,1,0,0,5,1,1,15,2,4,0,0,0,1,1,0,6,7,5,8,3
2016.0,0.0,3.0,0.0,2,4,3,0,0,0,1,2,1,1,0,0,5,1,1,15,2,4,0,0,0,1,1,0,4,2,5,3,9
2016.0,-25.0,0.0,0.0,3,6,3,0,0,0,1,1,1,1,0,1,1,1,1,15,2,4,0,0,0,1,1,0,4,5,5,8,1
2016.0,0.0,0.0,0.0,3,4,3,0,0,0,2,1,1,1,0,0,9,1,1,16,2,4,0,1,0,0,2,0,4,2,5,3,9
2016.0,-300.0,0.0,0.0,3,10,3,0,0,0,1,1,1,1,0,1,1,1,1,17,2,4,0,1,0,1,1,0,6,9,5,3,2
2016.0,215.0,1.0,0.0,2,4,3,0,0,0,1,2,1,1,0,1,9,1,1,17,2,4,0,1,0,1,1,0,6,2,5,3,9
2016.0,-10.0,1.0,0.0,2,5,3,0,0,2,0,9,1,1,0,0,2,1,1,18,2,4,0,1,0,2,2,0,4,2,5,9,3
2016.0,10.0,1.0,0.0,2,1,3,0,0,0,1,2,1,1,0,0,1,1,1,7,3,4,0,1,0,1,0,0,4,2,5,3,9
2016.0,-80.0,1.0,0.0,3,6,3,0,0,0,0,2,1,1,0,1,2,1,1,7,3,4,0,1,0,1,1,0,4,7,5,8,3
2016.0,0.0,0.0,0.0,3,10,3,0,0,0,0,9,1,1,0,0,9,1,1,8,3,4,0,1,0,1,1,0,4,5,5,3,9
2016.0,297.0,0.0,0.0,3,6,3,0,0,0,1,9,1,1,0,1,9,1,1,9,3,4,0,1,0,1,1,0,6,7,5,8,3
2016.0,-140.0,0.0,0.0,3,4,3,0,0,0,1,2,1,1,0,1,1,1,1,12,3,4,0,0,0,2,1,0,4,2,5,3,9
2016.0,70.0,1.0,0.0,3,10,3,0,0,0,0,2,1,1,0,0,1,1,1,12,3,4,0,0,0,1,1,0,4,4,5,3,9
2016.0,-185.0,1.0,0.0,3,5,3,0,0,2,0,2,1,1,0,1,1,1,1,13,3,4,0,0,0,1,0,0,6,9,5,9,3
2016.0,-200.0,1.0,0.0,3,10,3,0,0,0,0,2,1,1,0,0,2,1,1,13,3,4,0,0,0,0,1,0,6,5,5,3,3
2016.0,155.0,1.0,0.0,2,6,3,0,0,0,1,1,1,1,0,0,1,1,1,13,3,4,0,0,0,2,1,0,6,7,5,3,3
2016.0,0.0,2.0,0.0,2,4,3,0,0,0,0,1,1,1,0,1,9,1,1,14,3,4,0,0,0,1,1,0,4,2,2,9,3
2016.0,220.0,1.0,0.0,3,4,3,0,0,0,1,1,1,1,0,0,9,1,1,15,3,4,0,0,0,1,1,0,6,2,5,3,9
2016.0,100.0,0.0,0.0,3,10,3,0,0,0,1,2,1,1,0,0,2,1,1,16,3,4,0,1,0,1,2,0,6,9,5,3,2
2016.0,80.0,0.0,0.0,3,10,3,0,0,0,2,9,1,1,0,0,9,1,1,16,3,4,0,1,0,0,1,0,4,7,5,8,3
2016.0,392.0,1.0,0.0,3,1,3,0,0,0,0,1,1,1,0,0,5,1,1,17,3,4,0,1,0,0,1,0,0,2,5,3,9
2016.0,-100.0,0.0,0.0,3,6,3,0,0,0,1,1,1,1,0,0,1,1,1,17,3,4,0,1,0,1,1,0,6,7,5,8,3
2016.0,375.0,3.0,0.0,2,6,3,0,0,0,1,1,1,1,0,1,1,1,1,17,3,4,0,1,0,1,2,0,6,7,5,8,3
2016.0,420.0,1.0,0.0,2,4,3,0,0,0,0,2,1,1,0,1,1,1,1,17,3,4,0,1,0,1,1,0,0,2,5,3,9
2016.0,89.0,0.0,0.0,3,6,3,0,0,0,0,5,1,1,0,1,5,1,1,17,3,4,0,1,0,0,1,0,4,7,5,8,3
2016.0,-300.0,0.0,0.0,3,4,0,0,0,0,1,2,1,1,0,1,9,1,1,22,3,4,0,0,0,0,1,0,0,2,5,9,9
2016.0,15.0,0.0,0.0,3,10,3,0,0,0,1,1,1,1,0,1,1,1,1,8,4,4,0,1,0,1,1,0,4,5,5,3,9
2016.0,-140.0,0.0,0.0,3,6,3,0,0,0,1,2,1,1,0,0,2,1,1,12,4,4,0,0,0,2,1,0,4,7,5,8,3
2016.0,300.0,1.0,0.0,3,4,3,0,0,0,1,2,1,1,0,1,1,1,1,12,4,4,0,0,0,1,1,0,0,2,5,3,9
2016.0,560.0,0.0,0.0,3,6,3,2,0,0,0,1,1,1,0,0,1,1,1,15,4,4,0,0,0,2,1,0,6,9,5,3,9
2016.0,-674.0,0.0,0.0,3,1,3,0,0,0,0,5,1,1,0,0,9,1,1,15,4,4,0,0,0,2,2,0,0,2,5,3,9
2016.0,0.0,0.0,0.0,3,4,3,0,0,0,2,2,1,1,0,1,9,1,1,15,4,4,0,0,0,0,1,0,2,2,5,9,3
2016.0,-205.0,0.0,0.0,3,10,3,0,0,0,1,5,1,1,0,1,5,1,1,16,4,4,0,1,0,2,2,0,2,9,5,3,2
2016.0,0.0,2.0,0.0,3,4,3,0,0,0,0,2,1,1,0,0,2,1,1,16,4,4,0,1,0,0,1,0,2,9,5,9,3
2016.0,0.0,1.0,0.0,3,4,3,2,0,0,1,1,1,1,0,0,5,1,1,17,4,4,0,1,0,2,1,0,4,2,5,3,9
2016.0,0.0,0.0,0.0,3,4,3,0,0,0,1,5,1,1,0,1,1,1,1,17,4,4,0,1,0,1,2,0,4,2,5,3,9
2016.0,0.0,0.0,0.0,3,4,4,0,0,0,0,9,1,1,0,1,1,1,1,18,4,4,0,1,0,1,1,0,4,2,5,3,9
2016.0,129.0,1.0,0.0,2,10,0,0,0,0,0,5,1,1,0,1,5,1,1,22,4,4,0,0,0,2,2,0,4,7,5,3,2
2016.0,0.0,0.0,0.0,3,4,0,0,0,0,1,2,1,1,0,1,5,1,1,23,4,4,0,0,0,1,2,0,2,2,5,3,9
2016.0,-16.0,0.0,0.0,3,10,0,0,0,0,1,1,1,1,0,1,5,1,1,5,5,4,1,0,0,1,2,0,4,9,5,6,9
2016.0,-85.0,1.0,0.0,3,6,3,0,0,0,1,2,1,1,0,0,2,1,1,10,5,4,1,0,0,1,1,0,6,8,5,3,3
2016.0,400.0,0.0,0.0,3,4,3,0,0,0,1,6,1,1,0,0,9,1,1,11,5,4,1,0,0,1,2,0,6,2,5,3,9
2016.0,-266.0,0.0,0.0,3,4,3,0,0,0,0,5,1,1,0,1,9,1,1,11,5,4,1,0,0,0,1,0,0,2,5,3,9
2016.0,-180.0,0.0,0.0,3,1,3,0,0,0,0,9,1,1,0,1,5,1,1,12,5,4,1,0,0,2,1,0,0,2,5,3,9
2016.0,641.0,0.0,0.0,3,4,3,0,0,0,1,2,1,1,0,0,1,1,1,13,5,4,1,0,0,1,1,0,6,2,5,3,9
2016.0,-0.12,0.0,0.0,3,4,3,0,0,0,1,9,1,1,0,0,2,1,1,16,5,4,1,1,0,1,1,0,6,2,5,8,9
2016.0,0.0,3.0,0.0,1,1,4,0,0,0,0,2,1,1,0,0,9,1,1,17,5,4,1,1,0,1,1,0,4,2,5,3,3
2016.0,0.0,2.0,0.0,2,4,0,0,0,0,1,2,1,1,0,1,1,1,1,19,5,4,1,1,0,0,1,0,4,2,5,9,3
2016.0,38.0,2.0,0.0,1,5,0,0,0,3,0,2,0,1,0,1,9,1,1,22,5,4,1,0,0,2,1,0,4,2,5,3,7
2016.0,50.0,0.0,0.0,3,6,0,0,0,0,1,2,1,1,0,1,2,1,1,0,6,4,1,0,0,1,1,0,4,7,5,3,3
2016.0,92.0,0.0,0.0,3,6,0,1,0,0,0,9,1,1,0,1,9,1,1,1,6,4,1,0,0,2,2,0,2,7,5,8,3
2016.0,0.0,0.0,0.0,3,5,3,0,3,0,2,9,1,1,0,1,2,1,1,10,6,4,1,0,0,0,1,0,4,5,5,3,5
2016.0,-225.0,0.0,0.0,3,6,3,0,0,0,2,1,1,1,0,1,1,1,1,11,6,4,1,0,0,0,1,0,6,7,5,3,3
2016.0,420.0,0.0,0.0,3,1,3,0,0,0,0,1,1,1,0,0,2,1,1,13,6,4,1,0,0,1,2,0,6,9,5,3,9
2016.0,400.0,0.0,0.0,3,4,3,0,0,0,0,5,1,1,0,0,9,1,1,14,6,4,1,0,0,2,1,0,6,5,5,3,9
2016.0,-360.0,0.0,0.0,3,6,3,0,0,0,2,1,1,1,0,0,1,1,1,15,6,4,1,0,0,0,2,0,6,7,5,3,3
2016.0,-0.1,0.0,0.0,3,6,0,0,0,0,0,2,1,1,0,1,2,1,1,19,6,4,1,1,0,1,1,0,6,7,5,3,3
2016.0,-250.0,0.0,0.0,3,6,4,0,0,0,0,2,1,1,0,1,2,1,1,19,6,4,1,1,0,2,2,0,4,7,5,8,3
2016.0,0.0,0.0,0.0,3,4,0,0,0,0,1,9,1,1,0,0,1,1,1,23,6,4,1,0,0,0,2,0,4,2,5,3,9
2016.0,0.0,0.0,0.0,3,4,3,0,0,0,1,1,1,1,0,1,1,1,1,7,0,4,0,1,0,1,1,0,2,5,5,9,9
2016.0,-180.0,0.0,0.0,3,6,3,0,0,0,0,1,1,1,0,1,1,1,1,8,0,4,0,1,0,1,1,0,4,7,5,8,3
2016.0,150.0,1.0,0.0,2,6,3,0,0,0,1,5,1,1,0,1,5,1,1,13,0,4,0,0,0,1,2,0,4,7,5,8,3
2016.0,0.0,0.0,0.0,3,4,3,0,0,0,0,9,1,1,0,1,1,1,1,13,0,4,0,0,0,0,1,0,4,2,5,3,9
2016.0,0.0,0.0,0.0,3,4,3,0,0,0,0,2,1,1,0,1,1,1,1,14,0,4,0,0,0,2,1,0,4,2,5,3,9
2016.0,100.0,1.0,0.0,2,6,3,0,0,0,1,1,1,1,0,1,1,1,1,14,0,4,0,0,0,1,1,0,6,7,5,8,3
2016.0,90.0,0.0,0.0,3,6,3,0,0,0,1,5,1,1,0,1,5,1,1,14,0,4,0,0,0,1,1,0,4,7,5,8,8
2016.0,54.0,0.0,0.0,3,1,3,0,0,0,1,1,1,1,0,1,5,1,1,14,0,4,0,0,0,2,1,0,4,4,2,8,9
2016.0,-40.0,1.0,0.0,2,5,3,0,0,3,1,5,1,1,0,1,5,1,1,14,0,4,0,0,0,1,1,0,4,2,5,9,5
2016.0,-525.0,0.0,0.0,3,10,3,0,0,0,2,2,1,1,0,0,2,1,1,15,0,4,0,0,0,0,2,0,0,9,5,3,3
2016.0,0.0,1.0,0.0,2,5,3,0,0,2,1,1,1,1,0,0,5,1,1,16,0,4,0,1,0,1,0,0,0,5,5,9,3
2016.0,-210.0,0.0,0.0,3,4,3,0,0,0,1,1,1,1,0,0,5,1,1,16,0,4,0,1,0,2,1,0,6,2,5,9,9
2016.0,0.0,2.0,0.0,2,4,3,0,0,0,0,9,1,1,0,0,1,1,1,17,0,4,0,1,0,1,1,0,4,2,2,9,3
2016.0,-56.0,2.0,0.0,3,6,3,0,0,0,1,2,1,1,0,0,2,1,1,17,0,4,0,1,0,1,1,0,1,7,5,8,3
2016.0,-280.0,0.0,0.0,3,1,3,0,0,0,0,2,1,1,0,1,1,1,1,17,0,4,0,1,0,2,1,0,6,2,5,3,9
2016.0,30.0,0.0,0.0,3,10,3,0,0,0,2,5,1,1,1,1,8,1,1,20,0,4,0,0,0,0,1,0,4,9,5,6,3
2016.0,-460.0,0.0,0.0,3,4,3,0,0,0,1,5,1,1,0,0,2,1,1,7,1,4,0,1,0,0,1,0,0,2,5,3,9
2016.0,0.0,0.0,0.0,3,4,3,0,0,0,1,5,1,1,0,1,2,1,1,8,1,4,0,1,0,0,2,0,4,2,5,9,3
2016.0,0.0,0.0,0.0,3,4,3,0,0,0,0,9,1,1,0,0,1,1,1,11,1,4,0,0,0,1,2,0,2,5,5,3,9
2016.0,105.0,0.0,0.0,3,4,3,0,0,0,0,9,1,1,0,1,2,1,1,11,1,4,0,0,0,0,1,0,6,2,5,3,9
2016.0,532.0,2.0,0.0,3,6,3,0,0,0,0,9,1,1,0,1,9,1,1,11,1,4,0,0,0,2,1,0,0,7,5,8,3
2016.0,236.0,1.0,0.0,3,4,3,0,0,0,1,9,1,1,0,1,1,1,1,12,1,4,0,0,0,1,2,0,6,2,5,3,9
2016.0,0.0,2.0,0.0,3,4,3,0,0,0,0,5,1,1,0,0,9,1,1,15,1,4,0,0,0,1,1,0,4,2,5,3,9
2016.0,-46.0,0.0,0.0,3,6,3,0,0,0,0,1,1,1,0,0,1,1,1,15,1,4,0,0,0,1,1,0,2,7,5,8,3
2016.0,0.0,3.0,0.0,2,6,3,0,0,0,1,1,1,1,0,1,1,1,1,15,1,4,0,0,0,1,1,0,4,7,5,8,3
2016.0,40.0,0.0,0.0,3,6,3,0,0,0,1,5,1,1,0,1,5,1,1,15,1,4,0,0,0,1,1,0,4,7,5,8,3
2016.0,193.0,0.0,0.0,3,6,3,0,0,0,1,9,1,1,0,0,9,1,1,15,1,4,0,0,0,1,1,0,4,7,5,8,3
2016.0,227.0,0.0,0.0,3,6,3,0,0,0,1,9,1,1,0,1,9,1,1,15,1,4,0,0,0,1,2,0,6,7,5,8,3
2016.0,-103.0,0.0,0.0,3,6,3,0,0,0,0,5,1,1,0,0,5,1,1,16,1,4,0,1,0,2,1,0,6,7,5,8,3
2016.0,-140.0,1.0,0.0,2,6,3,0,0,0,2,1,1,1,0,1,1,1,1,17,1,4,0,1,0,0,1,0,6,9,5,3,8
2016.0,231.0,0.0,0.0,3,10,3,0,0,0,1,9,1,1,0,1,9,1,1,18,1,4,0,1,0,1,2,0,6,9,5,3,2
2016.0,0.0,0.0,0.0,3,4,0,0,0,0,0,2,1,1,0,1,5,1,1,22,1,4,0,0,0,2,1,0,4,2,5,3,9
2016.0,0.0,0.0,0.0,3,4,0,0,0,0,0,9,1,1,0,1,1,1,1,4,2,4,0,0,0,0,1,0,6,2,5,3,9
2016.0,0.0,0.0,0.0,3,4,3,0,0,0,1,5,1,1,0,1,1,1,1,7,2,4,0,1,0,1,1,0,4,2,5,9,3
2016.0,60.0,0.0,0.0,3,3,3,0,0,0,0,1,1,1,0,1,1,1,1,8,2,4,0,1,0,1,1,0,6,5,5,3,3