Year,Distance,Totalinjuries,Totalfatalities,Injuryseverity,Collisionmanner,Lightcondition,Weather,SurfaceCondition,Unittype_One,Gender_Drv1,Traveldirection_One,AlcoholUse_Drv1,DrugUse_Drv1,Unittype_Two,Gender_Drv2,Traveldirection_Two,AlcoholUse_Drv2,DrugUse_Drv2,Hour,Weekday,Month,Weekend,Rush_Hour,Hazardous_Road,Age_Group_Drv1,Age_Group_Drv2,Substance_Use,Junction_Category,Violation_Category_Drv1,Violation_Category_Drv2,Unitaction_Category_Two,Unitaction_Category_One
2016.0,300.0,0.0,0.0,3,1,3,0,0,0,0,5,1,1,0,1,2,1,1,8,2,4,0,1,0,1,1,0,0,2,5,3,9
2016.0,-190.0,0.0,0.0,3,1,3,0,0,0,1,9,1,1,0,1,2,1,1,8,2,4,0,1,0,1,1,0,4,2,5,3,9
2016.0,0.0,2.0,0.0,2,4,3,0,0,0,1,9,1,1,0,0,1,1,1,8,2,4,0,1,0,1,2,0,4,2,5,3,9
2016.0,0.0,0.0,0.0,3,10,3,0,0,0,1,2,1,1,0,0,2,1,1,10,2,4,0,0,0,1,1,0,2,5,5,9,9
2016.0,50.0,0.0,0.0,3,6,3,0,0,0,1,7,1,1,0,0,7,1,1,12,2,4,0,0,0,1,1,0,2,7,5,9,9
2016.0,82.0,0.0,0.0,3,6,3,0,0,0,1,5,1,1,0,0,5,1,1,13,2,4,0,0,0,2,1,0,6,7,5,8,3
2016.0,100.0,0.0,0.0,3,10,3,0,0,0,0,2,1,1,0,1,2,1,1,14,2,4,0,0,0,2,2,0,6,9,5,3,2
2016.0,392.0,0.0,0.0,3,6,3,0,0,0,1,9,1,1,0,0,9,1,1,16,2,4,0,1,0,0,2,0,4,7,5,8,3
2016.0,200.0,1.0,0.0,3,6,3,4,0,0,1,5,1,1,0,1,5,1,1,16,2,4,0,1,0,2,1,0,6,7,5,8,3
2016.0,150.0,0.0,0.0,3,6,3,0,0,0,1,9,0,1,0,1,9,1,1,17,2,4,0,1,0,2,1,0,4,7,5,8,3
2016.0,0.0,0.0,0.0,3,4,3,4,0,0,1,2,1,1,0,0,1,1,1,18,2,4,0,1,0,2,1,0,4,2,5,3,9
2016.0,120.0,0.0,0.0,3,6,0,0,0,0,2,5,1,1,0,0,5,1,1,23,2,4,0,0,0,0,1,0,4,7,5,8,3
2016.0,0.0,2.0,0.0,2,4,0,0,0,0,1,9,1,1,0,1,1,1,1,1,3,4,0,0,0,2,2,0,2,2,5,3,9
2016.0,-11.0,1.0,0.0,3,5,3,0,0,3,0,1,1,1,0,0,2,1,1,7,3,4,0,1,0,2,2,0,4,2,5,3,7
2016.0,0.0,1.0,0.0,3,4,3,0,0,0,1,4,1,1,0,0,7,1,1,8,3,4,0,1,0,0,1,0,6,5,5,3,9
2016.0,0.0,1.0,0.0,2,5,3,0,0,0,1,9,1,1,2,1,9,1,1,8,3,4,0,1,0,2,1,0,4,5,5,3,9
2016.0,100.0,0.0,0.0,3,10,3,0,0,0,1,2,1,1,0,1,2,1,1,8,3,4,0,1,0,2,2,0,6,9,5,8,2
2016.0,0.0,2.0,0.0,3,4,3,0,0,0,0,9,1,1,0,1,1,1,1,9,3,4,0,1,0,0,1,0,4,2,5,3,9
2016.0,278.0,0.0,0.0,3,6,3,0,0,0,0,2,1,1,0,0,2,1,1,12,3,4,0,0,0,2,0,0,6,7,5,8,3
2016.0,191.0,0.0,0.0,3,12,3,0,0,0,2,8,1,1,1,1,5,1,1,13,3,4,0,0,0,0,1,0,6,5,5,6,5
2016.0,0.0,1.0,0.0,2,4,3,0,0,0,0,9,1,1,0,1,5,1,1,13,3,4,0,0,0,2,2,0,4,2,5,3,9
2016.0,-45.0,0.0,0.0,3,6,3,0,0,0,0,2,1,1,0,0,2,1,1,13,3,4,0,0,0,2,1,0,4,7,5,8,3
2016.0,85.0,0.0,0.0,3,6,3,0,0,0,0,1,1,1,0,0,1,1,1,15,3,4,0,0,0,1,1,0,6,7,5,8,3
2016.0,60.0,0.0,0.0,3,4,3,0,0,0,1,5,1,1,0,1,2,1,1,15,3,4,0,0,0,0,2,0,0,2,5,3,9
2016.0,460.0,0.0,0.0,3,6,3,0,0,0,0,1,1,1,0,0,1,1,1,16,3,4,0,1,0,2,1,0,6,7,5,8,3
2016.0,-10.0,1.0,0.0,2,5,3,0,0,2,1,9,1,1,0,1,2,1,1,16,3,4,0,1,0,2,1,0,4,2,2,9,3
2016.0,355.0,5.0,0.0,2,6,3,0,0,0,0,9,1,1,0,1,9,1,1,17,3,4,0,1,0,2,2,0,4,7,5,8,3
2016.0,-1400.0,0.0,0.0,3,10,4,0,0,0,0,9,1,1,0,1,9,1,1,19,3,4,0,1,0,2,1,0,6,9,5,3,2
2016.0,-950.0,0.0,0.0,3,10,0,0,0,0,1,1,1,1,0,0,1,1,1,19,3,4,0,1,0,0,1,0,6,5,5,3,3
2016.0,-900.0,0.0,0.0,3,4,0,0,0,0,0,9,1,1,0,1,1,1,1,21,3,4,0,0,0,0,1,0,0,2,5,3,9
2016.0,-87.0,0.0,0.0,3,6,3,0,0,0,1,2,1,1,0,1,2,1,1,10,4,4,0,0,0,2,2,0,4,7,5,8,3
2016.0,40.0,1.0,0.0,2,6,3,0,0,0,1,5,1,1,0,1,5,1,1,11,4,4,0,0,0,1,1,0,4,7,5,8,3
2016.0,-291.0,0.0,0.0,3,6,3,0,0,0,2,1,1,1,0,0,1,1,1,13,4,4,0,0,0,0,1,0,4,7,5,8,3
2016.0,0.0,2.0,0.0,3,4,3,0,0,0,1,2,1,1,0,1,5,1,1,15,4,4,0,0,0,1,1,0,4,2,5,3,9
2016.0,-66.0,0.0,0.0,3,10,3,0,0,0,0,2,1,1,0,1,2,1,1,15,4,4,0,0,0,2,1,0,4,9,5,3,2
2016.0,-490.0,0.0,0.0,3,4,3,0,0,0,2,2,1,1,0,0,9,1,1,16,4,4,0,1,0,0,2,0,6,2,5,3,9
2016.0,-56.0,1.0,0.0,3,6,3,0,0,0,1,1,1,1,0,0,1,1,1,17,4,4,0,1,0,1,1,0,6,5,5,8,3
2016.0,415.0,1.0,0.0,3,6,3,0,0,0,1,5,1,1,0,1,5,1,1,17,4,4,0,1,0,1,1,0,6,7,5,8,3
2016.0,264.0,0.0,0.0,3,4,3,0,0,0,1,2,1,1,0,0,5,1,1,17,4,4,0,1,0,1,1,0,0,2,5,3,9
2016.0,-240.0,0.0,0.0,3,6,4,0,0,0,0,2,1,1,0,1,2,1,1,18,4,4,0,1,0,0,1,0,4,7,5,8,3
2016.0,595.0,2.0,0.0,2,4,3,0,0,0,1,9,1,1,0,1,1,1,1,18,4,4,0,1,0,1,2,0,6,2,5,3,9
2016.0,0.0,0.0,0.0,3,4,3,0,0,0,1,9,1,1,0,0,1,1,1,18,4,4,0,1,0,1,1,0,2,2,5,3,9
2016.0,150.0,1.0,0.0,3,6,4,0,0,0,0,9,1,1,0,0,9,1,1,19,4,4,0,1,0,1,1,0,4,7,5,8,3
2016.0,-190.0,1.0,0.0,2,1,0,0,0,0,1,9,1,1,0,1,5,1,1,21,4,4,0,0,0,1,1,0,6,2,5,3,9
2016.0,-242.0,0.0,0.0,3,6,3,0,0,0,0,2,1,1,0,1,2,1,1,10,5,4,1,0,0,0,0,0,6,7,5,8,8
2016.0,-344.0,0.0,0.0,3,1,3,0,0,0,1,2,1,1,0,0,2,1,1,10,5,4,1,0,0,0,0,0,6,4,5,3,9
2016.0,136.0,0.0,0.0,3,10,3,0,0,0,1,5,1,1,0,0,5,1,1,12,5,4,1,0,0,2,2,0,6,9,5,3,2
2016.0,-10.0,0.0,0.0,3,6,3,0,0,0,1,2,1,1,0,0,2,1,1,12,5,4,1,0,0,2,1,0,4,7,5,8,3
2016.0,-96.0,0.0,0.0,3,6,3,0,0,0,0,1,1,1,0,0,5,1,1,13,5,4,1,0,0,2,0,0,6,7,5,8,9
2016.0,400.0,0.0,0.0,3,1,3,0,0,0,1,1,1,1,0,0,1,1,1,18,5,4,1,1,0,1,2,0,6,4,5,3,9
2016.0,0.0,0.0,0.0,3,4,0,0,0,0,1,1,1,1,0,0,5,1,1,19,5,4,1,1,0,1,2,0,4,2,5,3,9
2016.0,731.0,1.0,0.0,1,1,0,0,0,0,1,5,1,1,0,1,9,1,1,19,5,4,1,1,0,1,1,0,6,2,5,3,9
2016.0,-163.0,2.0,0.0,2,6,0,0,0,0,1,1,1,1,0,0,1,1,1,21,5,4,1,0,0,2,1,0,0,7,5,8,3
2016.0,-117.0,2.0,0.0,3,4,0,0,0,0,1,9,1,1,0,1,1,1,1,22,5,4,1,0,0,2,2,0,0,2,5,3,9
2016.0,68.0,0.0,0.0,3,6,0,0,0,0,1,5,1,1,0,0,5,1,1,2,6,4,1,0,0,2,2,0,4,7,5,8,3
2016.0,-20.0,0.0,0.0,3,5,3,0,0,0,0,1,1,1,0,0,2,1,1,11,6,4,1,0,0,1,1,0,4,7,5,8,9
2016.0,-83.0,0.0,0.0,3,6,3,0,0,0,1,2,1,1,0,1,2,1,1,11,6,4,1,0,0,2,1,0,4,7,5,8,3
2016.0,380.0,0.0,0.0,3,1,3,0,0,0,1,2,1,1,0,0,1,1,1,17,6,4,1,1,0,1,1,0,0,2,5,3,9
2016.0,140.0,0.0,0.0,3,10,0,0,0,0,0,1,1,1,0,0,1,1,1,20,6,4,1,0,0,1,2,0,6,9,5,3,2
2016.0,0.0,3.0,0.0,2,1,3,0,0,0,0,9,1,1,0,1,5,1,1,9,0,4,0,1,0,1,2,0,4,2,5,3,3
2016.0,34.0,1.0,0.0,3,6,3,0,0,0,2,1,1,1,0,1,1,1,1,11,0,4,0,0,0,0,1,0,0,7,5,8,3
2016.0,-32.0,3.0,0.0,2,6,3,0,0,0,1,2,1,1,0,0,2,1,1,12,0,4,0,0,0,0,1,0,4,7,5,8,3
2016.0,-50.0,0.0,0.0,3,1,3,0,0,0,0,7,1,1,0,1,9,1,1,13,0,4,0,0,0,2,2,0,6,2,5,3,6
2016.0,100.0,0.0,0.0,3,6,3,0,0,0,1,5,1,1,0,1,5,1,1,13,0,4,0,0,0,1,1,0,4,5,5,8,8
2016.0,150.0,1.0,0.0,2,6,3,0,0,0,1,9,1,1,0,0,9,1,1,14,0,4,0,0,0,2,2,0,4,7,5,8,3
2016.0,100.0,0.0,0.0,3,10,3,0,0,0,1,5,1,1,0,1,5,1,1,15,0,4,0,0,0,1,1,0,6,9,5,3,3
2016.0,0.0,0.0,0.0,3,4,3,0,0,0,0,1,1,1,0,1,9,1,1,16,0,4,0,1,0,1,2,0,4,2,5,9,3
2016.0,-70.0,0.0,0.0,3,5,3,0,0,0,1,5,1,1,0,1,1,1,1,16,0,4,0,1,0,1,2,0,4,5,5,8,1
2016.0,125.0,0.0,0.0,3,6,3,0,0,0,1,5,1,1,0,0,5,1,1,16,0,4,0,1,0,2,2,0,4,7,5,8,3
2016.0,150.0,0.0,0.0,3,10,3,0,0,0,1,9,1,1,0,0,9,1,1,17,0,4,0,1,0,1,1,0,4,5,5,3,3
2016.0,0.0,0.0,0.0,3,6,3,0,0,0,0,5,1,1,0,0,9,1,1,17,0,4,0,1,0,1,2,0,4,2,5,3,9
2016.0,0.0,2.0,0.0,2,4,3,0,0,0,1,1,1,1,0,1,9,1,1,17,0,4,0,1,0,2,1,0,4,2,2,9,3
2016.0,-90.0,0.0,0.0,3,6,0,0,0,0,0,5,1,1,0,1,5,1,1,19,0,4,0,1,0,1,2,0,6,7,5,8,3
2016.0,25.0,0.0,0.0,3,6,0,0,0,0,1,5,1,1,0,1,5,1,1,19,0,4,0,1,0,2,1,0,4,7,5,8,3
2016.0,12.0,0.0,0.0,3,6,0,0,0,0,2,9,1,1,0,0,9,1,1,22,0,4,0,0,0,0,1,0,4,8,5,9,9
2016.0,-220.0,1.0,0.0,2,6,2,0,0,0,1,5,1,1,0,1,5,1,1,5,1,4,0,0,0,1,1,0,6,7,5,8,3
2016.0,249.0,3.0,0.0,3,1,3,0,0,0,0,2,1,1,0,0,2,1,1,7,1,4,0,1,0,1,1,0,6,9,5,3,9
2016.0,549.0,1.0,0.0,3,6,3,0,0,0,0,9,1,1,0,0,9,1,1,8,1,4,0,1,0,1,2,0,0,7,5,9,3
2016.0,-288.0,3.0,0.0,1,6,3,0,0,0,1,9,1,1,0,0,9,1,1,8,1,4,0,1,0,2,2,0,6,7,5,8,3
2016.0,200.0,0.0,0.0,3,6,3,0,0,0,0,9,1,1,0,0,9,1,1,8,1,4,0,1,0,2,1,0,6,7,5,8,3
2016.0,-75.0,2.0,0.0,2,6,3,0,0,0,1,1,1,1,0,1,1,1,1,11,1,4,0,0,0,0,0,0,4,7,5,8,3
2016.0,-50.0,0.0,0.0,3,6,3,0,0,0,1,2,1,1,0,1,2,1,1,13,1,4,0,0,0,2,0,0,4,7,5,8,3
2016.0,0.0,1.0,0.0,2,4,3,0,0,0,1,2,1,1,0,1,1,1,1,13,1,4,0,0,0,1,1,0,4,2,5,9,3
2016.0,0.0,1.0,0.0,2,4,3,0,0,0,1,2,1,1,0,1,5,1,1,13,1,4,0,0,0,1,2,0,4,2,5,9,3
2016.0,-418.0,0.0,0.0,3,1,3,0,0,0,0,9,1,1,0,1,5,1,1,14,1,4,0,0,0,1,1,0,0,2,5,8,9
2016.0,737.0,0.0,0.0,3,6,3,0,0,0,0,5,1,1,0,1,5,1,1,14,1,4,0,0,0,2,1,0,6,7,5,8,3
2016.0,53.0,0.0,0.0,3,6,3,0,0,0,0,2,1,1,0,1,2,1,1,15,1,4,0,0,0,2,2,0,4,7,5,8,3
2016.0,0.0,0.0,0.0,3,4,3,0,0,0,0,5,1,1,0,1,1,1,1,15,1,4,0,0,0,2,1,0,4,2,5,3,9
2016.0,130.0,0.0,0.0,3,6,3,0,0,0,1,9,1,1,0,1,9,1,1,16,1,4,0,1,0,1,1,0,4,7,5,8,3
2016.0,30.0,0.0,0.0,3,9,0,0,0,0,1,1,1,1,0,0,5,1,1,21,1,4,0,0,0,0,1,0,4,9,5,3,9
2016.0,65.0,1.0,0.0,3,6,0,0,0,0,0,5,1,1,0,0,5,1,1,21,1,4,0,0,0,1,2,0,4,7,5,3,3
2016.0,0.0,1.0,0.0,3,4,3,0,0,0,1,5,1,1,0,0,2,1,1,6,2,4,0,0,0,1,1,0,4,2,5,9,3
2016.0,147.0,3.0,0.0,2,4,3,0,0,0,1,5,1,1,0,1,2,1,1,7,2,4,0,1,0,2,1,0,6,2,5,3,9
2016.0,-348.0,0.0,0.0,3,6,3,0,0,0,1,9,1,1,0,1,9,1,1,7,2,4,0,1,0,1,1,0,6,7,5,8,3
2016.0,582.0,0.0,0.0,3,12,3,0,0,0,1,9,1,1,0,0,9,1,1,7,2,4,0,1,0,1,1,0,6,5,5,5,5
2016.0,0.0,0.0,0.0,3,4,3,0,0,0,0,5,1,1,0,0,2,1,1,7,2,4,0,1,0,1,1,0,4,2,5,3,9
2016.0,-164.0,0.0,0.0,3,6,3,0,0,0,1,5,1,1,0,0,5,1,1,8,2,4,0,1,0,2,2,0,6,7,5,8,3
2016.0,290.0,0.0,0.0,3,8,3,0,0,0,0,1,1,1,0,1,5,1,1,14,2,4,0,0,0,1,1,0,6,5,5,9,1
2016.0,-150.0,1.0,0.0,2,6,3,0,0,0,1,1,1,1,0,0,1,1,1,15,2,4,0,0,0,1,1,0,4,7,5,8,3
2016.0,-125.0,1.0,0.0,2,6,3,0,0,0,1,1,1,1,0,1,1,1,1,16,2,4,0,1,0,1,1,0,4,7,5,8,3
2016.0,0.0,0.0,0.0,3,1,3,0,0,0,0,2,1,1,0,0,2,1,1,16,2,4,0,1,0,0,1,0,2,4,5,3,9
2016.0,-640.0,0.0,0.0,3,4,3,0,0,0,0,9,1,1,0,1,1,1,1,17,2,4,0,1,0,1,1,0,0,2,5,3,9
2016.0,184.0,0.0,0.0,3,6,3,0,0,0,0,9,1,1,0,0,9,1,1,17,2,4,0,1,0,1,2,0,6,7,5,8,3
2016.0,-300.0,0.0,0.0,3,6,3,0,0,0,1,5,1,1,0,1,5,1,1,18,2,4,0,1,0,1,1,0,6,7,5,8,3
2016.0,253.0,1.0,0.0,2,1,0,4,3,2,0,1,1,1,0,1,8,1,1,20,2,4,0,0,0,2,2,0,6,5,5,3,7
2016.0,130.0,1.0,0.0,3,6,3,0,0,0,0,1,1,1,0,1,1,1,1,8,3,4,0,1,0,1,1,0,6,7,5,8,3
2016.0,520.0,2.0,0.0,2,6,3,0,0,0,0,1,1,1,0,1,1,1,1,10,3,4,0,0,0,1,2,0,6,7,5,9,3
2016.0,115.0,0.0,0.0,3,5,3,0,0,0,1,9,1,1,0,1,9,1,1,10,3,4,0,0,0,1,1,0,6,5,5,3,3
2016.0,150.0,0.0,0.0,3,10,3,0,0,0,0,9,1,1,0,1,9,1,1,11,3,4,0,0,0,2,0,0,4,9,5,3,2
2016.0,0.0,1.0,0.0,2,1,3,0,0,0,0,1,1,1,0,1,5,1,1,14,3,4,0,0,0,2,0,0,4,2,5,3,3
2016.0,75.0,1.0,0.0,3,6,3,0,0,0,1,5,1,0,0,1,5,1,1,14,3,4,0,0,0,1,2,0,4,7,5,8,3
2016.0,90.0,0.0,0.0,3,6,3,0,0,0,1,9,1,1,0,1,9,1,1,15,3,4,0,0,0,1,1,0,4,7,5,8,3
2016.0,-330.0,0.0,0.0,3,6,3,0,0,0,1,5,1,1,0,1,5,1,1,15,3,4,0,0,0,2,1,0,6,7,5,8,3
2016.0,-100.0,1.0,0.0,2,6,3,0,0,0,1,1,1,1,0,1,1,1,1,16,3,4,0,1,0,1,0,0,4,7,5,8,3
2016.0,120.0,0.0,0.0,3,10,3,0,0,0,0,2,1,1,0,0,2,1,1,16,3,4,0,1,0,0,1,0,6,9,5,3,2
2016.0,305.0,0.0,0.0,3,10,3,0,0,0,1,2,1,1,0,0,2,1,1,16,3,4,0,1,0,2,1,0,6,5,5,3,2
2016.0,0.0,0.0,0.0,3,4,3,0,0,0,1,2,1,1,0,1,5,1,1,17,3,4,0,1,0,2,2,0,4,2,5,3,9
2016.0,0.0,1.0,0.0,2,4,3,0,0,0,0,2,1,1,0,1,5,1,1,17,3,4,0,1,0,1,2,0,4,2,5,3,9
2016.0,0.0,1.0,0.0,3,5,4,0,0,2,1,1,1,1,0,1,5,1,1,18,3,4,0,1,0,2,1,0,6,9,5,9,3
2016.0,140.0,0.0,0.0,3,1,3,0,0,0,1,1,1,1,0,1,5,1,1,18,3,4,0,1,0,1,1,0,1,2,5,8,9
2016.0,47.0,0.0,0.0,3,6,3,0,0,0,1,2,1,1,0,0,2,1,1,19,3,4,0,1,0,2,2,0,4,7,5,8,3
2016.0,-65.0,0.0,0.0,3,10,3,0,0,0,2,1,1,1,0,1,1,1,1,9,4,4,0,1,0,0,1,0,4,9,5,8,9
2016.0,115.0,1.0,0.0,3,6,3,0,0,0,1,9,1,1,0,0,9,1,1,10,4,4,0,0,0,2,1,0,4,7,5,8,3
2016.0,0.0,0.0,0.0,3,4,3,0,0,0,0,1,1,1,0,0,5,1,1,12,4,4,0,0,0,2,1,0,4,2,5,9,3
2016.0,-1549.0,0.0,0.0,3,4,3,0,0,0,0,4,1,1,0,1,9,1,1,13,4,4,0,0,0,2,1,0,0,2,5,3,9
2016.0,-898.0,2.0,0.0,2,4,3,0,0,0,0,9,1,1,0,0,2,1,1,14,4,4,0,0,0,2,0,0,0,2,5,3,9
2016.0,95.0,0.0,0.0,3,6,3,0,0,0,1,5,1,1,0,1,5,1,1,15,4,4,0,0,0,2,1,0,4,7,5,8,3
2016.0,0.0,0.0,0.0,3,4,3,0,0,0,1,1,1,1,0,1,5,1,1,17,4,4,0,1,0,2,1,0,4,2,5,3,9
2016.0,-100.0,0.0,0.0,3,3,0,0,0,0,0,7,1,1,0,1,2,1,1,19,4,4,0,1,0,0,2,0,4,9,5,8,9
2016.0,-220.0,0.0,0.0,3,12,0,0,3,0,2,8,1,1,1,1,9,1,1,21,4,4,0,0,0,0,1,0,6,5,5,6,5
2016.0,0.0,1.0,0.0,3,4,3,0,0,0,0,1,1,1,0,1,9,1,1,8,5,4,1,1,0,1,1,0,4,2,5,9,3
2016.0,-135.0,0.0,0.0,3,4,3,0,0,0,2,2,1,1,0,1,5,1,1,9,5,4,1,1,0,0,2,0,6,5,5,3,9
2016.0,-202.0,0.0,0.0,3,10,3,1,0,0,1,1,1,1,0,1,1,1,1,10,5,4,1,0,0,1,1,0,6,2,5,9,9
2016.0,-30.0,0.0,0.0,3,6,3,0,0,0,0,1,1,1,0,1,1,1,1,11,5,4,1,0,0,2,1,0,4,7,5,8,3
2016.0,0.0,0.0,0.0,3,1,3,0,0,0,0,9,1,1,0,1,5,1,1,12,5,4,1,0,0,1,1,0,4,2,5,9,3
2016.0,-100.0,1.0,0.0,3,6,3,0,0,0,2,1,1,1,0,1,1,1,1,12,5,4,1,0,0,0,1,0,4,7,5,8,3
2016.0,346.0,1.0,0.0,3,6,3,0,0,0,1,5,1,1,0,0,5,1,1,12,5,4,1,0,0,0,2,0,6,7,5,8,3
2016.0,300.0,0.0,0.0,3,4,3,0,0,0,0,5,1,1,0,0,9,1,1,14,5,4,1,0,0,1,0,0,6,2,5,3,9
2016.0,0.0,3.0,0.0,2,4,3,0,0,0,0,9,1,1,0,0,1,1,1,15,5,4,1,0,0,2,0,0,4,2,5,3,9
2016.0,-10.0,1.0,0.0,3,5,0,0,0,3,1,5,1,1,0,1,1,1,1,2,6,5,1,0,0,2,1,0,4,5,5,3,7
2016.0,392.0,0.0,0.0,3,6,3,1,0,0,1,1,1,1,0,0,1,1,1,7,6,5,1,1,0,1,2,0,6,7,5,8,3
2016.0,0.0,0.0,0.0,3,4,3,0,0,0,0,9,1,1,0,1,1,1,1,9,6,5,1,1,0,2,1,0,2,2,5,9,3
2016.0,15.0,0.0,0.0,3,10,3,0,0,0,0,4,1,1,0,1,4,1,1,11,6,5,1,0,0,1,1,0,4,9,5,9,2
2016.0,-185.0,0.0,0.0,3,10,3,0,0,0,0,1,1,1,0,1,1,1,1,13,6,5,1,0,0,0,1,0,4,9,5,3,2
2016.0,-307.0,0.0,0.0,3,6,3,0,0,0,0,2,1,1,0,1,2,1,1,13,6,5,1,0,0,2,1,0,6,7,5,8,3
2016.0,80.0,0.0,0.0,3,6,3,1,0,0,1,9,1,1,0,1,9,1,1,13,6,5,1,0,0,1,1,0,4,7,5,8,8
2016.0,0.0,0.0,0.0,3,4,3,0,0,0,0,1,1,1,0,0,9,1,1,6,0,5,0,0,0,2,2,0,4,2,5,3,9
2016.0,0.0,0.0,0.0,3,4,3,0,0,0,0,5,1,1,0,0,9,1,1,8,0,5,0,1,0,0,1,0,2,2,5,9,3
2016.0,415.0,1.0,0.0,2,6,3,0,0,0,1,9,1,1,0,0,9,1,1,11,0,5,0,0,0,1,0,0,0,7,5,9,3
2016.0,-150.0,1.0,0.0,2,6,3,0,0,0,0,1,1,1,0,1,1,1,1,12,0,5,0,0,0,2,0,0,4,7,5,8,3
2016.0,35.0,0.0,0.0,3,6,3,0,0,0,0,9,1,1,0,1,9,1,1,12,0,5,0,0,0,2,1,0,4,7,5,8,3
2016.0,210.0,0.0,0.0,3,4,3,0,0,0,1,1,1,1,0,1,2,1,1,12,0,5,0,0,0,0,0,0,0,2,5,3,9
2016.0,-410.0,1.0,0.0,3,6,3,0,0,0,0,5,1,1,0,0,5,1,1,13,0,5,0,0,0,2,1,0,6,7,5,8,8
2016.0,0.0,2.0,0.0,2,4,3,0,0,0,1,9,1,1,0,0,1,1,1,13,0,5,0,0,0,1,0,0,4,2,5,3,9
2016.0,-45.0,0.0,0.0,3,6,3,0,0,0,1,2,1,1,0,1,2,1,1,13,0,5,0,0,0,2,1,0,4,7,5,8,3
2016.0,41.0,0.0,0.0,3,6,3,0,0,0,1,5,1,1,0,1,5,1,1,15,0,5,0,0,0,1,1,0,4,7,5,8,3
2016.0,105.0,0.0,0.0,3,10,3,0,0,0,0,5,1,1,0,1,5,1,1,15,0,5,0,0,0,1,1,0,4,9,5,3,2
2016.0,-250.0,0.0,0.0,3,1,3,0,0,0,0,2,1,1,0,0,1,1,1,16,0,5,0,1,0,1,1,0,6,2,5,3,9
2016.0,300.0,0.0,0.0,3,6,3,0,0,0,0,1,1,1,0,0,5,1,1,17,0,5,0,1,0,2,1,0,0,2,5,3,9
2016.0,-500.0,1.0,0.0,2,5,3,0,0,2,1,1,1,1,0,1,5,1,1,17,0,5,0,1,0,1,2,0,4,2,5,3,3
2016.0,-728.0,2.0,0.0,3,6,3,0,0,0,1,1,1,1,0,0,1,1,1,17,0,5,0,1,0,2,2,0,6,7,5,8,3
2016.0,-102.0,0.0,0.0,3,6,3,0,0,0,2,1,1,1,0,1,1,1,1,17,0,5,0,1,0,0,1,0,4,7,5,8,3
2016.0,0.0,0.0,0.0,3,1,4,0,0,0,0,9,1,1,0,0,2,1,1,19,0,5,0,1,0,0,2,0,4,2,5,3,3
2016.0,0.0,3.0,0.0,3,4,3,0,0,0,1,2,1,1,0,0,1,1,1,7,1,5,0,1,0,2,1,0,4,2,5,3,9
2016.0,84.0,0.0,0.0,3,6,3,0,0,0,1,1,1,1,0,1,1,1,1,8,1,5,0,1,0,2,1,0,4,7,5,8,3
2016.0,-169.0,0.0,0.0,3,6,3,0,0,0,0,9,1,1,0,1,9,1,1,10,1,5,0,0,0,1,1,0,6,7,5,8,3
2016.0,55.0,0.0,0.0,3,6,3,0,3,0,1,5,1,1,0,0,5,1,1,11,1,5,0,0,0,1,1,0,4,7,5,8,3
2016.0,0.0,0.0,0.0,3,4,3,0,0,0,0,9,1,1,0,0,1,1,1,11,1,5,0,0,0,0,1,0,4,2,5,3,9
2016.0,-134.0,0.0,0.0,3,6,3,0,0,0,0,5,1,1,0,1,5,1,1,13,1,5,0,0,0,2,2,0,6,7,5,8,3
2016.0,-2000.0,0.0,0.0,3,10,3,0,0,0,0,2,1,1,0,1,2,1,1,15,1,5,0,0,0,2,1,0,6,9,5,3,2
2016.0,0.0,2.0,0.0,2,4,3,0,0,0,0,2,1,1,0,1,9,1,1,18,1,5,0,1,0,0,1,0,4,2,5,3,9
2016.0,0.0,0.0,0.0,3,4,0,0,0,0,1,5,1,1,0,0,5,1,1,19,1,5,0,1,0,2,2,0,4,7,5,5,5
2016.0,220.0,0.0,0.0,3,6,0,0,0,0,1,5,1,1,0,0,5,1,1,20,1,5,0,0,0,2,2,0,6,8,5,8,8
2016.0,0.0,2.0,0.0,3,4,0,0,0,0,1,2,1,1,0,1,9,1,1,23,1,5,0,0,0,2,2,0,4,2,5,3,9
2016.0,300.0,2.0,0.0,1,5,0,0,0,3,1,9,1,1,0,1,5,0,1,0,2,5,0,0,0,1,1,0,6,6,5,3,7
2016.0,34.0,0.0,0.0,3,5,0,0,0,0,1,4,1,1,0,0,5,1,1,1,2,5,0,0,0,1,2,0,6,7,5,9,9
2016.0,-430.0,0.0,0.0,3,6,3,0,0,0,1,9,1,1,0,0,9,1,1,7,2,5,0,1,0,1,1,0,4,7,5,8,3
2016.0,31.0,0.0,0.0,3,6,3,0,0,0,0,5,1,1,0,1,5,1,1,8,2,5,0,1,0,2,1,0,4,7,5,3,8
2016.0,96.0,0.0,0.0,3,6,3,0,0,0,1,2,1,1,0,1,2,1,1,12,2,5,0,0,0,2,0,0,6,7,5,8,3
2016.0,410.0,0.0,0.0,3,5,3,0,0,0,0,9,1,1,0,0,1,1,1,14,2,5,0,0,0,0,1,0,6,5,5,8,1
2016.0,46.0,1.0,0.0,2,5,3,0,0,2,1,1,1,1,0,1,1,1,1,14,2,5,0,0,0,2,1,0,4,2,5,9,3
2016.0,200.0,0.0,0.0,3,6,3,0,0,0,1,9,1,1,0,0,9,1,1,16,2,5,0,1,0,1,1,0,4,7,5,8,3
2016.0,122.0,0.0,0.0,3,1,3,0,0,0,2,9,1,1,0,0,2,1,1,16,2,5,0,1,0,0,1,0,6,2,5,3,5