Year,Distance,Totalinjuries,Totalfatalities,Injuryseverity,Collisionmanner,Lightcondition,Weather,SurfaceCondition,Unittype_One,Gender_Drv1,Traveldirection_One,AlcoholUse_Drv1,DrugUse_Drv1,Unittype_Two,Gender_Drv2,Traveldirection_Two,AlcoholUse_Drv2,DrugUse_Drv2,Hour,Weekday,Month,Weekend,Rush_Hour,Hazardous_Road,Age_Group_Drv1,Age_Group_Drv2,Substance_Use,Junction_Category,Violation_Category_Drv1,Violation_Category_Drv2,Unitaction_Category_Two,Unitaction_Category_One
2016.0,161.0,1.0,0.0,3,6,3,0,0,0,1,9,1,1,0,1,9,1,1,17,2,5,0,1,0,2,0,0,4,7,5,8,3
2016.0,-305.0,1.0,0.0,3,4,3,0,0,0,0,5,1,1,0,0,9,1,1,17,2,5,0,1,0,2,2,0,0,2,5,3,9
2016.0,647.0,0.0,0.0,3,6,3,0,0,0,0,9,1,1,0,0,9,1,1,7,3,5,0,1,0,1,1,0,6,7,5,8,3
2016.0,-50.0,0.0,0.0,3,6,3,0,0,0,0,2,1,1,0,0,2,1,1,7,3,5,0,1,0,2,1,0,6,9,5,3,2
2016.0,-30.0,0.0,0.0,3,6,3,0,0,0,0,2,1,1,0,0,2,1,1,8,3,5,0,1,0,2,1,0,4,7,5,8,3
2016.0,0.0,2.0,0.0,2,4,3,0,0,0,0,9,1,1,0,1,1,1,1,8,3,5,0,1,0,2,2,0,4,2,5,3,9
2016.0,-95.0,1.0,0.0,3,6,3,0,0,0,0,2,1,1,0,1,2,1,1,9,3,5,0,1,0,1,1,0,4,7,5,8,3
2016.0,615.0,0.0,0.0,3,4,3,0,0,0,1,9,1,1,0,1,1,1,1,10,3,5,0,0,0,0,0,0,0,2,5,3,9
2016.0,0.0,0.0,0.0,3,4,3,0,0,0,1,5,1,1,0,1,4,1,1,10,3,5,0,0,0,1,0,0,4,2,5,9,3
2016.0,0.0,0.0,0.0,3,1,3,0,0,0,1,9,1,1,0,0,5,1,1,10,3,5,0,0,0,1,1,0,2,5,5,3,3
2016.0,-57.0,0.0,0.0,3,6,3,0,0,0,1,1,1,1,0,0,1,1,1,11,3,5,0,0,0,1,1,0,6,7,5,8,3
2016.0,-150.0,1.0,0.0,3,10,3,0,3,0,2,1,1,1,0,0,1,1,1,13,3,5,0,0,0,0,2,0,4,9,5,8,5
2016.0,0.0,2.0,0.0,2,4,3,0,0,0,0,1,1,1,0,1,9,1,1,14,3,5,0,0,0,0,2,0,4,2,5,3,9
2016.0,-200.0,0.0,0.0,3,6,3,0,0,0,1,1,1,1,0,1,1,1,1,14,3,5,0,0,0,1,1,0,4,7,5,8,3
2016.0,0.0,0.0,0.0,3,4,3,0,0,0,1,2,1,1,0,1,9,1,1,16,3,5,0,1,0,1,1,0,4,2,5,3,9
2016.0,-26.0,0.0,0.0,3,6,3,0,0,0,0,1,1,1,0,1,1,1,1,17,3,5,0,1,0,1,2,0,4,7,5,8,3
2016.0,0.0,0.0,0.0,3,1,4,0,0,0,2,5,1,1,0,1,1,1,1,17,3,5,0,1,0,0,1,0,4,2,5,3,3
2016.0,100.0,0.0,0.0,3,6,0,0,0,0,1,9,1,1,0,1,9,1,1,22,3,5,0,0,0,2,2,0,6,7,5,8,3
2016.0,0.0,1.0,0.0,3,4,0,0,0,0,1,2,1,1,0,1,9,1,1,1,4,5,0,0,0,1,2,0,4,2,5,9,3
2016.0,0.0,0.0,0.0,3,4,3,0,0,0,1,5,1,1,0,1,1,1,1,10,4,5,0,0,0,0,1,0,4,2,5,3,9
2016.0,304.0,0.0,0.0,3,10,3,0,0,0,1,5,1,1,0,1,5,1,1,12,4,5,0,0,0,2,1,0,6,5,5,3,3
2016.0,205.0,2.0,0.0,2,6,3,0,0,0,1,1,1,1,0,1,1,1,1,14,4,5,0,0,0,2,1,0,6,7,5,8,3
2016.0,0.0,2.0,0.0,2,1,3,1,0,0,0,2,1,1,0,1,9,1,1,15,4,5,0,0,0,2,1,0,4,2,5,3,3
2016.0,-67.0,0.0,0.0,3,6,3,0,0,0,1,1,1,1,0,1,1,1,1,15,4,5,0,0,0,1,1,0,4,7,5,9,3
2016.0,-48.0,2.0,0.0,2,6,3,0,0,0,1,1,1,1,0,0,1,1,1,16,4,5,0,1,0,2,1,0,0,7,5,8,3
2016.0,100.0,0.0,0.0,3,1,3,0,0,0,1,1,1,1,0,1,5,1,1,16,4,5,0,1,0,2,2,0,4,9,7,3,2
2016.0,945.0,0.0,0.0,3,6,3,0,0,0,1,1,1,1,0,0,1,1,1,16,4,5,0,1,0,2,2,0,6,7,5,8,3
2016.0,430.0,0.0,0.0,3,4,3,0,0,0,1,1,1,1,0,1,5,1,1,16,4,5,0,1,0,2,1,0,0,2,5,3,9
2016.0,-71.0,0.0,0.0,3,6,3,0,0,0,1,2,1,1,0,0,2,1,1,17,4,5,0,1,0,1,2,0,6,7,5,8,3
2016.0,0.0,0.0,0.0,3,4,3,0,0,0,0,9,1,1,0,0,5,1,1,18,4,5,0,1,0,2,1,0,4,5,5,9,3
2016.0,50.0,1.0,0.0,1,1,4,1,0,0,1,5,1,1,0,1,9,1,1,18,4,5,0,1,0,0,2,0,6,2,5,3,9
2016.0,-230.0,0.0,0.0,3,1,4,0,0,0,0,1,1,1,0,0,1,1,1,18,4,5,0,1,0,2,1,0,6,5,5,3,9
2016.0,0.0,1.0,0.0,1,9,3,0,0,0,1,5,1,1,0,1,2,1,1,19,4,5,0,1,0,2,1,0,4,2,5,3,9
2016.0,-400.0,0.0,0.0,3,6,0,0,0,0,1,1,0,1,0,1,1,1,1,20,4,5,0,0,0,2,0,0,6,7,5,8,3
2016.0,-30.0,0.0,0.0,3,6,3,0,0,0,0,2,1,1,0,1,2,1,1,10,5,5,1,0,0,1,0,0,4,5,5,8,3
2016.0,0.0,1.0,0.0,3,4,3,0,0,0,0,5,1,1,0,0,9,1,1,11,5,5,1,0,0,1,1,0,4,5,5,3,9
2016.0,26.0,0.0,0.0,3,10,3,0,0,0,0,1,1,1,0,0,1,1,1,12,5,5,1,0,0,1,1,0,6,9,5,3,6
2016.0,-200.0,0.0,0.0,3,10,3,0,0,0,1,5,1,1,0,0,5,1,1,13,5,5,1,0,0,0,1,0,6,9,5,3,2
2016.0,115.0,0.0,0.0,3,6,0,0,0,0,1,2,0,1,0,1,2,1,1,21,5,5,1,0,0,2,1,0,4,7,5,8,3
2016.0,0.0,0.0,0.0,3,10,0,0,3,0,2,8,1,1,0,0,1,1,1,22,5,5,1,0,0,0,2,0,2,9,5,9,3
2016.0,200.0,0.0,0.0,3,6,3,0,0,0,1,9,1,1,0,0,9,1,1,14,6,5,1,0,0,1,0,0,4,7,5,8,3
2016.0,93.0,0.0,0.0,3,10,3,0,0,0,0,1,1,1,0,0,1,1,1,15,6,5,1,0,0,0,1,0,6,9,5,9,9
2016.0,0.0,1.0,0.0,3,4,4,0,0,0,1,5,1,1,0,0,9,1,1,18,6,5,1,1,0,1,1,0,2,2,5,9,3
2016.0,5.0,0.0,0.0,3,5,0,0,0,0,1,9,1,1,2,0,9,1,1,19,6,5,1,1,0,2,2,0,6,5,5,3,9
2016.0,26.0,0.0,0.0,3,6,0,0,0,0,0,9,0,0,0,1,9,1,1,23,6,5,1,0,0,1,1,0,4,7,5,8,3
2016.0,-40.0,0.0,0.0,3,6,0,0,0,0,1,2,0,1,0,0,2,1,1,1,0,5,0,0,0,1,2,0,2,7,5,3,3
2016.0,-260.0,1.0,0.0,1,4,3,0,0,0,1,2,1,1,0,1,1,1,1,7,0,5,0,1,0,1,2,0,4,2,5,3,9
2016.0,-100.0,0.0,0.0,3,10,3,0,0,0,1,1,1,1,0,0,1,1,1,8,0,5,0,1,0,1,2,0,4,9,5,8,3
2016.0,0.0,3.0,0.0,3,1,3,0,0,0,0,9,1,1,0,0,2,1,1,8,0,5,0,1,0,2,1,0,4,2,5,3,9
2016.0,31.0,0.0,0.0,3,6,3,0,0,0,1,5,1,1,0,0,5,1,1,9,0,5,0,1,0,2,1,0,4,7,5,8,3
2016.0,0.0,0.0,0.0,3,10,3,0,0,0,1,9,1,1,0,1,9,1,1,10,0,5,0,0,0,1,1,0,4,4,5,9,9
2016.0,-540.0,0.0,0.0,3,6,3,0,0,0,0,2,1,1,0,1,2,1,1,11,0,5,0,0,0,1,1,0,6,7,5,8,3
2016.0,-600.0,1.0,0.0,2,6,3,0,0,0,2,1,1,1,0,0,1,1,1,16,0,5,0,1,0,0,1,0,6,7,5,8,5
2016.0,-70.0,1.0,0.0,3,5,3,0,0,0,1,7,1,1,0,1,1,1,1,16,0,5,0,1,0,1,0,0,6,7,5,3,9
2016.0,-104.0,0.0,0.0,3,10,3,0,0,0,0,1,1,1,0,0,1,1,1,17,0,5,0,1,0,0,1,0,4,9,5,8,2
2016.0,205.0,0.0,0.0,3,6,3,0,0,0,1,1,1,1,0,0,1,1,1,18,0,5,0,1,0,1,1,0,6,7,5,8,3
2016.0,-200.0,0.0,0.0,3,6,0,0,0,0,0,5,1,1,0,1,5,1,1,18,0,5,0,1,0,1,1,0,6,7,5,9,3
2016.0,0.0,3.0,0.0,2,4,0,0,0,0,0,5,1,1,0,1,2,1,1,21,0,5,0,0,0,0,1,0,4,2,5,3,9
2016.0,-541.0,0.0,0.0,3,4,3,0,0,0,1,2,1,1,0,0,7,1,1,7,1,5,0,1,0,1,1,0,0,5,2,9,3
2016.0,88.0,0.0,0.0,3,10,3,0,0,0,1,5,1,1,0,0,5,1,1,9,1,5,0,1,0,0,1,0,2,9,5,3,2
2016.0,60.0,0.0,0.0,3,1,3,0,0,0,1,9,1,1,0,0,1,1,1,10,1,5,0,0,0,0,2,0,4,4,5,9,9
2016.0,400.0,0.0,0.0,3,4,3,0,0,0,0,7,1,1,0,0,2,1,1,13,1,5,0,0,0,0,2,0,0,2,5,3,9
2016.0,-18.0,0.0,0.0,3,10,3,0,0,0,0,9,1,1,0,1,9,1,1,13,1,5,0,0,0,2,0,0,4,7,5,3,2
2016.0,0.0,0.0,0.0,3,4,3,0,0,0,0,5,1,1,0,0,9,1,1,13,1,5,0,0,0,2,1,0,4,2,5,3,9
2016.0,-85.0,0.0,0.0,3,6,3,0,0,0,0,1,1,1,0,0,1,1,1,14,1,5,0,0,0,2,1,0,4,7,5,8,3
2016.0,0.0,0.0,0.0,3,6,3,0,0,0,1,5,1,1,0,1,5,1,1,14,1,5,0,0,0,2,0,0,4,7,5,8,3
2016.0,-45.0,0.0,0.0,3,6,3,0,0,0,1,2,1,1,0,1,2,1,1,16,1,5,0,1,0,1,1,0,4,7,5,8,3
2016.0,300.0,2.0,0.0,2,4,3,0,0,0,0,9,1,1,0,1,5,1,1,16,1,5,0,1,0,1,1,0,6,2,5,3,9
2016.0,337.0,0.0,0.0,3,6,3,0,0,0,0,9,1,1,0,1,9,1,1,16,1,5,0,1,0,2,2,0,4,7,5,8,8
2016.0,380.0,0.0,0.0,3,6,3,0,0,0,1,9,1,1,0,0,9,1,1,16,1,5,0,1,0,2,0,0,6,7,5,8,3
2016.0,11.0,0.0,0.0,3,10,3,0,0,0,0,2,1,1,0,1,2,1,1,17,1,5,0,1,0,0,1,0,4,5,5,9,9
2016.0,266.0,0.0,0.0,3,6,3,0,0,0,0,5,0,1,0,1,5,1,1,17,1,5,0,1,0,1,1,0,6,7,5,8,3
2016.0,0.0,0.0,0.0,3,4,0,0,0,0,1,9,1,1,0,1,1,1,1,0,2,5,0,0,0,1,1,0,4,2,5,3,9
2016.0,-15.0,0.0,0.0,3,6,3,0,0,0,0,9,1,1,0,1,9,1,1,11,2,5,0,0,0,2,1,0,4,7,5,8,3
2016.0,0.0,2.0,0.0,3,4,3,0,0,0,1,1,1,1,0,1,9,1,1,11,2,5,0,0,0,2,2,0,4,2,5,3,9
2016.0,121.0,0.0,0.0,3,10,3,0,0,0,0,5,1,1,0,1,5,1,1,13,2,5,0,0,0,1,1,0,6,5,5,3,3
2016.0,118.0,0.0,0.0,3,10,3,0,0,0,0,1,1,1,0,0,1,1,1,13,2,5,0,0,0,0,2,0,6,9,5,3,2
2016.0,280.0,0.0,0.0,3,6,3,0,0,0,2,9,1,1,0,0,9,1,1,15,2,5,0,0,0,0,1,0,4,7,5,8,3
2016.0,65.0,0.0,0.0,3,6,3,0,0,0,0,9,1,1,0,1,9,1,1,15,2,5,0,0,0,2,1,0,4,7,5,8,3
2016.0,15.0,0.0,0.0,3,6,3,0,0,0,1,1,1,1,0,1,1,1,1,15,2,5,0,0,0,1,1,0,6,7,5,8,3
2016.0,0.0,1.0,0.0,2,4,3,0,0,0,0,1,1,1,0,0,9,1,1,16,2,5,0,1,0,1,1,0,4,2,5,3,9
2016.0,-165.0,1.0,0.0,3,6,3,0,0,0,1,1,0,1,0,1,1,1,1,17,2,5,0,1,0,2,1,0,6,7,5,8,3
2016.0,0.0,0.0,0.0,3,4,0,0,0,0,0,9,1,1,0,1,1,1,1,18,2,5,0,1,0,1,1,0,4,2,5,3,9
2016.0,0.0,2.0,0.0,3,4,0,0,0,0,1,9,1,1,0,0,1,1,1,20,2,5,0,0,0,1,2,0,2,2,5,3,9
2016.0,-178.0,1.0,0.0,2,6,3,0,0,0,0,9,1,1,0,0,9,1,1,5,3,5,0,0,0,1,1,0,6,7,5,8,3
2016.0,128.0,0.0,0.0,3,6,3,0,0,0,1,9,1,1,0,1,9,1,1,7,3,5,0,1,0,2,1,0,4,7,5,8,3
2016.0,-326.0,1.0,0.0,3,1,3,0,0,2,1,9,1,1,0,1,2,1,1,11,3,5,0,0,0,1,1,0,6,5,5,9,3
2016.0,70.0,0.0,0.0,3,6,3,0,0,0,0,1,1,1,0,1,1,1,1,12,3,5,0,0,0,1,1,0,4,7,5,8,3
2016.0,258.0,0.0,0.0,3,6,3,0,0,0,0,2,1,1,0,1,2,1,1,13,3,5,0,0,0,2,1,0,6,7,5,8,3
2016.0,248.0,0.0,0.0,3,6,3,0,0,0,1,7,1,1,0,1,9,1,1,14,3,5,0,0,0,2,1,0,6,7,5,8,9
2016.0,105.0,0.0,0.0,3,6,3,0,0,0,1,9,1,1,0,1,9,1,1,14,3,5,0,0,0,1,1,0,4,7,5,8,3
2016.0,293.0,1.0,0.0,3,6,3,0,0,0,0,5,1,1,0,0,5,1,1,14,3,5,0,0,0,1,1,0,6,7,5,8,3
2016.0,0.0,0.0,0.0,3,4,3,0,0,0,1,2,1,1,0,1,5,1,1,16,3,5,0,1,0,2,0,0,4,2,5,3,9
2016.0,100.0,1.0,0.0,3,1,3,0,0,0,2,2,1,1,0,0,9,1,1,16,3,5,0,1,0,0,2,0,6,4,5,3,9
2016.0,0.0,3.0,0.0,3,5,3,0,0,0,1,2,1,1,0,0,1,1,1,17,3,5,0,1,0,2,1,0,4,2,5,3,3
2016.0,178.0,0.0,0.0,3,10,3,0,0,0,2,5,1,1,0,0,5,1,1,17,3,5,0,1,0,0,1,0,4,4,5,8,2
2016.0,303.0,0.0,0.0,3,6,3,0,0,0,1,1,1,1,0,0,1,1,1,17,3,5,0,1,0,1,2,0,6,7,5,8,3
2016.0,-94.0,1.0,0.0,3,6,3,0,0,0,1,1,1,1,0,0,1,1,1,17,3,5,0,1,0,1,0,0,4,7,5,8,8
2016.0,-20.0,0.0,0.0,3,6,3,0,0,0,1,5,1,1,0,0,5,1,1,17,3,5,0,1,0,1,1,0,4,7,5,8,3
2016.0,91.0,0.0,0.0,3,6,3,0,0,0,1,5,0,1,0,0,5,1,1,17,3,5,0,1,0,1,1,0,4,7,5,3,3
2016.0,-570.0,0.0,0.0,3,6,3,0,0,0,1,5,1,1,0,1,5,1,1,17,3,5,0,1,0,1,1,0,6,7,5,8,3
2016.0,0.0,2.0,0.0,3,4,3,0,0,0,0,2,1,1,0,0,5,1,1,18,3,5,0,1,0,1,2,0,4,2,5,3,9
2016.0,-71.0,1.0,0.0,2,6,0,0,0,0,0,2,1,1,0,1,2,1,1,19,3,5,0,1,0,2,1,0,4,7,5,8,3
2016.0,20.0,0.0,0.0,3,10,0,0,0,0,2,9,1,1,0,0,9,1,1,21,3,5,0,0,0,0,1,0,4,7,5,2,3
2016.0,50.0,0.0,0.0,3,6,0,0,0,0,0,2,1,1,0,1,2,1,1,23,3,5,0,0,0,2,2,0,4,7,5,8,3
2016.0,0.0,0.0,0.0,3,1,3,0,0,0,1,9,1,1,0,0,2,1,1,10,4,5,0,0,0,1,1,0,4,2,5,3,3
2016.0,-200.0,0.0,0.0,3,6,3,0,0,0,0,2,0,1,0,1,2,1,1,13,4,5,0,0,0,1,1,0,4,7,5,8,3
2016.0,100.0,0.0,0.0,3,4,3,0,0,0,0,1,1,1,0,0,2,1,1,13,4,5,0,0,0,1,1,0,0,2,5,3,9
2016.0,0.0,0.0,0.0,3,1,3,0,0,0,0,5,0,1,0,1,9,1,1,15,4,5,0,0,0,1,1,0,2,2,5,3,3
2016.0,121.0,0.0,0.0,3,10,3,0,0,0,1,9,1,1,0,1,9,1,1,15,4,5,0,0,0,2,1,0,4,9,5,3,2
2016.0,-150.0,0.0,0.0,3,6,3,0,0,0,0,2,1,1,0,1,2,1,1,16,4,5,0,1,0,2,1,0,4,7,5,8,3
2016.0,-217.0,0.0,0.0,3,1,3,0,0,0,1,1,1,1,0,1,5,1,1,17,4,5,0,1,0,2,2,0,6,5,5,3,3
2016.0,-400.0,0.0,0.0,3,3,3,0,0,0,1,9,1,1,0,1,1,1,1,17,4,5,0,1,0,1,0,0,6,5,5,3,3
2016.0,760.0,0.0,0.0,3,4,3,0,0,0,1,5,1,1,0,0,1,1,1,17,4,5,0,1,0,2,0,0,0,2,5,3,9
2016.0,0.0,1.0,0.0,2,4,4,0,0,0,0,2,1,1,0,0,9,1,1,18,4,5,0,1,0,2,1,0,4,2,5,9,9
2016.0,0.0,0.0,0.0,3,1,1,0,0,0,0,9,1,1,0,0,2,1,1,21,4,5,0,0,0,2,1,0,4,5,5,3,9
2016.0,-120.0,0.0,0.0,3,8,1,0,0,0,1,2,1,1,0,1,2,1,1,21,4,5,0,0,0,2,2,0,2,8,5,3,3
2016.0,-150.0,0.0,0.0,3,10,0,0,0,0,0,1,1,1,0,1,1,1,1,0,5,5,1,0,0,2,1,0,4,9,5,3,2
2016.0,-50.0,0.0,0.0,3,6,0,0,0,0,1,3,0,1,0,1,3,1,1,3,5,5,1,0,0,2,1,0,4,7,5,8,3
2016.0,0.25,1.0,0.0,3,1,3,0,0,0,1,4,1,1,0,1,1,1,1,10,5,5,1,0,0,1,0,0,6,2,5,3,9
2016.0,92.0,0.0,0.0,3,10,3,1,0,0,1,1,1,1,0,1,1,1,1,11,5,5,1,0,0,0,1,0,4,9,5,3,9
2016.0,-200.0,0.0,0.0,3,6,3,0,0,0,1,9,1,1,0,1,9,1,1,12,5,5,1,0,0,1,1,0,6,7,5,8,3
2016.0,0.0,0.0,0.0,3,1,3,0,0,0,1,5,1,1,0,1,1,1,1,14,5,5,1,0,0,1,1,0,4,2,5,3,3
2016.0,-70.0,0.0,0.0,3,10,3,0,0,0,0,6,1,1,0,1,1,1,1,16,5,5,1,1,0,1,0,0,6,9,5,3,2
2016.0,0.0,3.0,0.0,2,4,0,0,0,0,0,9,1,1,0,1,1,1,1,23,5,5,1,0,0,2,1,0,4,5,5,3,9
2016.0,62.0,0.0,0.0,3,9,0,0,0,0,2,1,1,1,1,1,8,1,1,3,6,5,1,0,0,0,0,0,6,5,5,6,5
2016.0,0.0,2.0,0.0,1,4,0,0,0,0,1,1,1,1,0,1,2,1,1,4,6,5,1,0,0,1,1,0,2,2,5,9,3
2016.0,125.0,0.0,0.0,3,10,3,0,0,0,0,1,1,0,0,1,1,1,1,13,6,5,1,0,0,2,1,0,6,9,5,3,3
2016.0,-300.0,1.0,0.0,2,4,3,0,0,0,1,9,1,1,0,1,1,1,1,16,6,5,1,1,0,1,2,0,0,2,5,3,9
2016.0,10.0,1.0,0.0,1,5,0,4,0,3,0,9,1,1,0,0,5,1,1,19,6,5,1,1,0,1,1,0,4,5,5,3,7
2016.0,-10.0,1.0,0.0,3,5,0,0,0,0,2,6,1,1,3,1,5,1,1,21,6,5,1,0,0,0,2,0,4,7,5,7,9
2016.0,0.0,1.0,0.0,1,4,3,0,0,0,1,2,1,1,0,0,6,1,1,7,0,5,0,1,0,2,1,0,4,7,5,9,3
2016.0,-100.0,0.0,0.0,3,10,3,0,0,0,1,2,1,1,0,1,2,1,1,7,0,5,0,1,0,2,1,0,6,7,5,8,3
2016.0,-340.0,1.0,0.0,3,4,3,0,0,0,0,2,1,1,0,1,1,1,1,8,0,5,0,1,0,1,1,0,6,9,5,9,2
2016.0,-300.0,0.0,0.0,3,6,3,0,0,0,0,2,1,1,0,1,2,1,1,8,0,5,0,1,0,0,1,0,6,7,5,8,3
2016.0,0.0,0.0,0.0,3,1,3,0,0,0,2,2,1,1,0,0,9,1,1,8,0,5,0,1,0,0,1,0,4,5,5,3,9
2016.0,0.0,1.0,0.0,2,1,3,0,0,0,1,9,1,1,0,1,5,1,1,9,0,5,0,1,0,1,1,0,4,2,5,3,3
2016.0,-126.0,2.0,0.0,3,10,3,0,0,0,1,1,1,1,0,0,1,1,1,9,0,5,0,1,0,1,2,0,6,1,5,3,2
2016.0,67.0,0.0,0.0,3,8,3,0,0,0,1,1,1,1,0,1,2,1,1,12,0,5,0,0,0,1,1,0,4,5,5,8,1
2016.0,65.0,0.0,0.0,3,6,3,0,0,0,2,5,1,1,0,0,5,1,1,12,0,5,0,0,0,0,1,0,4,7,5,8,3
2016.0,-64.0,1.0,0.0,2,5,3,0,0,3,0,2,1,1,0,0,1,1,1,13,0,5,0,0,0,2,2,0,4,2,5,3,7
2016.0,-260.0,0.0,0.0,3,6,3,0,0,0,1,9,1,1,0,0,9,1,1,13,0,5,0,0,0,2,0,0,6,7,5,9,3
2016.0,0.0,1.0,0.0,3,4,3,0,0,0,1,9,1,1,0,0,5,1,1,15,0,5,0,0,0,2,2,0,4,2,5,3,9
2016.0,142.0,1.0,0.0,2,6,3,0,0,0,1,2,1,1,0,1,2,1,1,15,0,5,0,0,0,1,2,0,6,7,5,8,3
2016.0,92.0,0.0,0.0,3,6,3,1,0,0,0,1,1,1,0,0,1,1,1,15,0,5,0,0,0,2,2,0,6,7,5,8,3
2016.0,-20.0,0.0,0.0,3,6,4,0,0,0,0,2,1,1,0,1,2,1,1,19,0,5,0,1,0,2,1,0,4,7,5,9,3
2016.0,25.0,0.0,0.0,3,10,0,0,0,0,0,9,1,1,0,1,9,1,1,19,0,5,0,1,0,2,1,0,6,9,5,3,2
2016.0,0.0,0.0,0.0,3,4,0,4,0,0,1,9,1,1,0,1,1,1,1,19,0,5,0,1,0,2,1,0,4,2,5,3,9
2016.0,-70.0,0.0,0.0,3,6,3,0,0,0,0,5,1,1,0,1,5,1,1,7,1,5,0,1,0,1,1,0,6,7,5,8,3
2016.0,-7.0,2.0,0.0,2,6,3,0,0,0,1,9,1,1,0,1,9,1,1,7,1,5,0,1,0,1,0,0,4,7,5,8,3
2016.0,-150.0,0.0,0.0,3,4,3,0,0,0,1,9,1,1,0,0,1,1,1,8,1,5,0,1,0,1,1,0,0,2,5,3,9
2016.0,0.0,1.0,0.0,3,1,3,0,0,0,0,1,1,1,0,1,2,1,1,10,1,5,0,0,0,1,0,0,2,2,5,9,3
2016.0,-48.0,0.0,0.0,3,10,3,0,0,0,0,9,1,1,0,0,9,1,1,14,1,5,0,0,0,1,1,0,0,5,5,3,2
2016.0,0.0,1.0,0.0,2,4,3,0,0,0,1,9,1,1,0,1,5,1,1,18,1,5,0,1,0,1,1,0,4,2,5,3,9
2016.0,0.0,0.0,0.0,3,10,0,3,4,0,0,1,1,1,0,1,1,1,1,21,1,5,0,0,1,2,1,0,4,5,5,9,9
2016.0,80.0,0.0,0.0,3,10,3,0,0,0,1,9,1,1,0,1,9,1,1,9,2,5,0,1,0,1,0,0,4,7,5,8,3
2016.0,-6.0,1.0,0.0,2,1,3,0,0,2,1,9,1,1,0,1,2,1,1,11,2,5,0,0,0,1,1,0,4,5,5,9,3
2016.0,139.0,0.0,0.0,3,6,3,0,0,0,1,2,1,1,0,0,5,1,1,11,2,5,0,0,0,1,2,0,6,5,5,8,1
2016.0,515.0,0.0,0.0,3,4,3,0,0,0,0,5,1,1,0,1,9,1,1,12,2,5,0,0,0,1,1,0,0,2,5,8,9
2016.0,207.0,0.0,1.0,0,5,3,0,0,0,0,5,1,1,0,1,9,1,1,13,2,5,0,0,0,1,1,0,0,2,5,3,9
2016.0,0.0,0.0,0.0,3,1,3,0,0,0,0,5,1,1,0,1,1,1,1,14,2,5,0,0,0,1,2,0,4,2,5,3,9
2016.0,70.0,0.0,0.0,3,6,3,0,0,0,0,5,1,1,0,0,5,1,1,14,2,5,0,0,0,2,1,0,6,7,5,8,3
2016.0,-85.0,0.0,0.0,3,6,3,0,0,0,1,1,1,1,0,1,1,1,1,16,2,5,0,1,0,2,1,0,4,7,5,8,3
2016.0,0.0,1.0,0.0,3,4,3,1,0,0,1,9,1,1,0,1,5,1,1,17,2,5,0,1,0,1,1,0,4,2,5,9,9
2016.0,-1295.0,2.0,0.0,3,6,3,0,0,0,1,1,1,1,0,1,1,1,1,17,2,5,0,1,0,2,1,0,6,7,5,8,3
2016.0,0.0,2.0,0.0,3,4,3,0,0,0,0,2,1,1,0,1,5,1,1,17,2,5,0,1,0,1,2,0,4,2,5,3,9
2016.0,250.0,0.0,0.0,3,1,0,0,0,0,1,5,0,1,0,1,9,1,1,21,2,5,0,0,0,1,2,0,4,2,5,8,9
2016.0,0.0,1.0,0.0,2,6,0,0,0,0,1,2,1,1,0,0,2,1,1,21,2,5,0,0,0,1,1,0,4,7,5,8,3
2016.0,150.0,0.0,0.0,3,10,3,0,0,0,1,5,1,1,0,1,5,1,1,11,3,5,0,0,0,1,2,0,2,9,5,3,2
2016.0,0.0,0.0,0.0,3,4,3,0,0,0,0,2,1,1,0,0,9,1,1,11,3,5,0,0,0,0,0,0,4,2,5,9,3
2016.0,90.0,0.0,0.0,3,6,3,0,0,0,1,5,1,1,0,0,5,1,1,12,3,5,0,0,0,1,1,0,4,7,5,8,3
2016.0,374.0,2.0,0.0,2,4,3,0,0,0,1,1,1,1,0,0,2,1,1,12,3,5,0,0,0,0,1,0,6,2,5,3,9
2016.0,-310.0,0.0,0.0,3,10,3,0,0,0,1,1,1,1,0,0,1,1,1,13,3,5,0,0,0,1,2,0,4,9,5,3,2
2016.0,75.0,0.0,0.0,3,6,3,0,0,0,1,9,1,1,0,1,9,1,1,15,3,5,0,0,0,1,1,0,4,7,5,8,3
2016.0,770.0,0.0,0.0,3,6,3,0,0,0,0,9,1,1,0,0,9,1,1,15,3,5,0,0,0,2,1,0,6,7,5,8,3
2016.0,-412.0,0.0,0.0,3,6,3,0,0,0,0,9,1,1,0,1,9,1,1,16,3,5,0,1,0,0,1,0,6,7,5,9,9
2016.0,710.0,1.0,0.0,3,1,3,0,0,0,1,9,1,1,0,0,5,1,1,16,3,5,0,1,0,1,1,0,6,5,5,5,2
2016.0,0.0,0.0,0.0,3,1,3,0,0,0,2,2,1,1,0,0,9,1,1,17,3,5,0,1,0,0,2,0,4,2,5,3,9
2016.0,-23.0,2.0,0.0,1,5,3,0,0,0,1,5,1,1,3,1,2,1,1,17,3,5,0,1,0,0,2,0,4,7,5,7,0
2016.0,0.0,2.0,0.0,2,4,3,0,0,0,0,2,1,1,0,1,5,1,1,18,3,5,0,1,0,1,2,0,4,2,5,3,9
2016.0,0.0,1.0,0.0,2,4,0,0,0,0,1,9,1,1,0,1,1,1,1,20,3,5,0,0,0,2,2,0,4,2,5,3,9
2016.0,245.0,0.0,1.0,0,5,0,0,0,3,1,2,1,1,0,0,1,1,1,21,3,5,0,0,0,0,1,0,6,6,5,3,7
2016.0,-700.0,0.0,0.0,3,5,0,0,0,0,1,9,1,1,1,1,1,1,1,21,3,5,0,0,0,2,1,0,6,5,5,6,1