Year,Distance,Totalinjuries,Totalfatalities,Injuryseverity,Collisionmanner,Lightcondition,Weather,SurfaceCondition,Unittype_One,Gender_Drv1,Traveldirection_One,AlcoholUse_Drv1,DrugUse_Drv1,Unittype_Two,Gender_Drv2,Traveldirection_Two,AlcoholUse_Drv2,DrugUse_Drv2,Hour,Weekday,Month,Weekend,Rush_Hour,Hazardous_Road,Age_Group_Drv1,Age_Group_Drv2,Substance_Use,Junction_Category,Violation_Category_Drv1,Violation_Category_Drv2,Unitaction_Category_Two,Unitaction_Category_One
2016.0,150.0,0.0,0.0,3,4,3,0,0,0,1,5,1,1,0,0,1,1,1,5,4,5,0,0,0,2,1,0,6,5,5,3,9
2016.0,-315.0,0.0,0.0,3,6,3,0,0,0,0,2,0,1,0,0,2,1,1,6,4,5,0,0,0,1,1,0,4,7,5,8,3
2016.0,170.0,0.0,0.0,3,4,3,0,0,0,1,2,1,1,0,1,9,1,1,11,4,5,0,0,0,2,1,0,6,2,5,3,9
2016.0,-663.0,0.0,0.0,3,4,3,0,0,0,0,1,1,1,0,1,5,1,1,12,4,5,0,0,0,0,1,0,6,7,5,3,9
2016.0,-101.0,0.0,0.0,3,1,3,0,0,0,1,1,1,1,0,1,1,1,1,12,4,5,0,0,0,1,2,0,6,9,5,3,2
2016.0,0.0,2.0,0.0,3,6,3,0,0,0,0,1,1,1,0,0,1,1,1,12,4,5,0,0,0,1,2,0,2,5,5,3,3
2016.0,0.0,0.0,0.0,3,3,0,0,0,0,1,1,1,1,0,1,2,1,1,20,4,5,0,0,0,2,1,0,2,2,5,3,3
2016.0,0.0,1.0,0.0,3,1,3,0,0,0,1,2,1,1,0,0,9,1,1,5,5,5,1,0,0,2,1,0,4,2,5,3,3
2016.0,-120.0,1.0,0.0,3,6,3,0,0,0,1,2,1,1,0,1,1,1,1,12,5,5,1,0,0,1,1,0,6,2,5,3,9
2016.0,775.0,0.0,0.0,3,6,3,0,0,0,1,1,1,1,0,1,1,1,1,12,5,5,1,0,0,1,1,0,6,5,8,3,3
2016.0,-1105.0,0.0,0.0,3,10,3,0,0,0,2,1,1,1,0,1,1,1,1,13,5,5,1,0,0,0,1,0,6,9,5,3,2
2016.0,0.0,0.0,0.0,3,4,3,0,0,0,0,6,1,1,0,1,9,1,1,14,5,5,1,0,0,2,1,0,4,2,5,3,9
2016.0,-440.0,1.0,0.0,3,4,3,0,0,0,0,5,1,1,0,1,9,1,1,16,5,5,1,1,0,1,2,0,6,4,5,3,9
2016.0,300.0,0.0,0.0,3,10,3,0,0,0,2,1,1,1,0,1,1,1,1,18,5,5,1,1,0,0,1,0,6,9,5,3,3
2016.0,90.0,0.0,0.0,3,6,4,0,0,0,1,9,1,1,0,1,9,1,1,18,5,5,1,1,0,1,2,0,4,7,5,8,3
2016.0,-50.0,0.0,0.0,3,4,4,0,0,0,0,5,1,1,0,1,9,1,1,19,5,5,1,1,0,1,1,0,0,2,5,3,9
2016.0,400.0,0.0,0.0,3,6,0,0,0,0,1,1,0,1,0,1,1,1,1,20,5,5,1,0,0,1,2,0,6,7,5,3,3
2016.0,-25.0,0.0,0.0,3,6,0,0,0,0,2,1,1,1,0,1,1,1,1,1,6,5,1,0,0,0,2,0,4,5,5,8,1
2016.0,-530.0,0.0,0.0,3,1,0,0,0,0,0,1,0,1,0,1,5,1,1,2,6,5,1,0,0,1,1,0,6,2,5,3,9
2016.0,0.0,0.0,0.0,3,4,3,0,0,0,1,1,1,1,0,0,2,1,1,12,6,5,1,0,0,0,1,0,4,2,5,9,9
2016.0,-24.0,0.0,0.0,3,1,3,0,0,0,1,5,1,1,0,1,5,1,1,15,6,5,1,0,0,1,2,0,4,9,9,9,9
2016.0,0.0,1.0,0.0,3,1,0,0,0,0,0,1,1,0,0,1,5,1,1,21,6,5,1,0,0,1,2,0,4,2,5,3,3
2016.0,-0.1,0.0,0.0,3,3,1,0,0,0,2,9,1,1,1,1,1,1,1,23,6,5,1,0,0,0,1,0,6,5,5,6,5
2016.0,35.0,0.0,0.0,3,6,3,0,0,0,0,5,1,1,0,0,5,1,1,6,0,5,0,0,0,2,1,0,2,7,5,8,8
2016.0,0.0,0.0,0.0,3,4,3,0,0,0,1,2,1,1,0,1,5,1,1,7,0,5,0,1,0,2,1,0,4,2,5,9,3
2016.0,80.0,0.0,0.0,3,6,3,0,0,0,1,5,1,1,0,0,5,1,1,12,0,5,0,0,0,1,1,0,4,7,5,8,3
2016.0,0.0,2.0,0.0,2,4,3,0,0,0,0,9,1,1,0,1,1,1,1,13,0,5,0,0,0,2,1,0,4,2,5,3,9
2016.0,-18.0,1.0,0.0,2,6,3,0,0,0,1,2,1,1,0,0,2,1,1,16,0,5,0,1,0,1,1,0,4,7,5,8,3
2016.0,0.0,2.0,0.0,2,4,0,0,0,0,1,5,1,1,0,1,9,1,1,23,0,5,0,0,0,2,2,0,4,2,5,9,3
2016.0,0.0,1.0,0.0,3,3,0,0,0,0,1,2,1,1,0,1,5,1,1,23,0,5,0,0,0,2,2,0,4,2,5,3,9
2016.0,140.0,1.0,0.0,3,1,3,0,0,0,1,1,1,1,0,0,5,1,1,6,1,5,0,0,0,2,1,0,6,2,5,3,2
2016.0,-693.0,0.0,0.0,3,12,3,0,0,0,1,2,1,1,0,0,2,1,1,6,1,5,0,0,0,1,1,0,0,5,5,5,5
2016.0,-220.0,0.0,0.0,3,6,3,0,0,0,0,2,1,1,0,1,2,1,1,8,1,5,0,1,0,1,0,0,4,7,5,8,3
2016.0,-212.0,0.0,0.0,3,10,3,0,0,0,1,1,1,1,0,1,1,1,1,9,1,5,0,1,0,1,1,0,4,9,5,3,2
2016.0,100.0,1.0,0.0,3,4,3,0,0,0,1,7,1,1,0,1,1,1,1,11,1,5,0,0,0,0,2,0,6,2,5,3,9
2016.0,-211.0,1.0,0.0,3,1,3,0,0,0,1,1,1,1,0,1,5,1,1,14,1,5,0,0,0,1,1,0,6,2,5,3,9
2016.0,-102.0,0.0,0.0,3,6,3,0,0,0,1,5,1,1,0,1,5,1,1,15,1,5,0,0,0,1,1,0,6,7,5,8,3
2016.0,17.0,2.0,0.0,2,4,3,0,0,0,0,9,1,1,0,1,1,1,1,15,1,5,0,0,0,1,1,0,2,5,5,3,9
2016.0,105.0,0.0,0.0,3,6,3,0,0,0,1,9,1,1,0,1,9,1,1,16,1,5,0,1,0,1,0,0,4,5,5,8,1
2016.0,-100.0,0.0,0.0,3,6,3,0,0,0,1,5,1,1,0,0,5,1,1,16,1,5,0,1,0,2,2,0,4,7,5,8,3
2016.0,0.0,1.0,0.0,3,4,3,0,0,0,0,2,1,1,0,1,5,1,1,17,1,5,0,1,0,0,2,0,4,2,5,3,9
2016.0,276.0,0.0,0.0,3,6,3,0,0,0,1,5,1,1,0,1,5,1,1,18,1,5,0,1,0,1,1,0,6,7,5,8,3
2016.0,0.0,0.0,0.0,3,6,0,0,0,0,1,2,1,1,0,0,2,1,1,20,1,5,0,0,0,0,0,0,4,8,5,8,3
2016.0,0.0,0.0,0.0,3,4,0,0,0,0,0,9,1,1,0,1,1,1,1,21,1,5,0,0,0,1,1,0,2,2,5,3,9
2016.0,350.0,1.0,0.0,3,6,0,0,0,0,0,5,1,1,0,0,5,1,1,22,1,5,0,0,0,2,1,0,4,7,5,8,3
2016.0,-36.0,0.0,0.0,3,6,3,0,0,0,1,9,1,1,0,1,1,1,1,7,2,5,0,1,0,2,0,0,4,5,5,8,1
2016.0,100.0,0.0,0.0,3,6,3,0,0,0,1,5,1,1,0,0,2,1,1,10,2,5,0,0,0,1,1,0,4,5,5,8,1
2016.0,0.0,1.0,0.0,2,1,3,0,0,0,1,2,1,1,0,1,1,1,1,10,2,5,0,0,0,2,0,0,4,2,5,3,3
2016.0,-100.0,0.0,0.0,3,10,3,0,0,0,2,5,1,1,0,1,5,1,1,11,2,5,0,0,0,0,1,0,6,9,5,3,2
2016.0,60.0,1.0,0.0,3,6,3,0,0,0,1,9,1,1,0,0,9,1,1,15,2,5,0,0,0,1,1,0,4,7,5,8,3
2016.0,-860.0,2.0,0.0,3,6,3,0,0,0,0,5,1,1,0,1,5,1,1,16,2,5,0,1,0,0,1,0,4,7,5,8,3
2016.0,-110.0,1.0,0.0,2,6,3,0,0,0,1,2,1,1,0,0,2,1,1,7,3,5,0,1,0,0,1,0,4,7,5,8,3
2016.0,0.0,0.0,0.0,3,4,3,0,0,0,1,1,1,1,0,1,5,1,1,10,3,5,0,0,0,1,2,0,4,2,5,3,9
2016.0,0.0,0.0,0.0,3,4,3,0,0,0,0,9,1,1,0,0,1,1,1,12,3,5,0,0,0,1,1,0,4,2,5,9,3
2016.0,567.0,0.0,0.0,3,6,3,0,0,0,1,9,1,1,0,1,9,1,1,12,3,5,0,0,0,2,1,0,6,7,5,8,3
2016.0,476.0,1.0,0.0,2,6,3,0,0,0,1,2,1,1,0,0,2,1,1,12,3,5,0,0,0,1,0,0,6,7,5,8,3
2016.0,50.0,1.0,0.0,2,6,3,0,0,0,0,5,1,1,0,1,5,1,1,15,3,5,0,0,0,1,1,0,4,7,5,8,3
2016.0,24.0,0.0,0.0,3,6,3,0,0,0,1,9,1,1,0,0,9,1,1,18,3,5,0,1,0,1,0,0,4,7,5,8,3
2016.0,232.0,1.0,0.0,2,4,0,0,0,0,1,1,1,1,0,1,9,1,1,19,3,5,0,1,0,2,2,0,6,2,5,3,9
2016.0,24.0,0.0,0.0,3,6,3,0,0,0,1,5,1,1,0,0,5,1,1,19,3,5,0,1,0,1,1,0,4,7,5,8,3
2016.0,-205.0,0.0,0.0,3,6,3,0,0,0,1,2,1,1,0,1,2,1,1,7,4,5,0,1,0,1,1,0,6,7,5,3,3
2016.0,0.0,1.0,0.0,3,4,3,0,0,0,0,5,1,1,0,1,2,1,1,11,4,5,0,0,0,2,1,0,4,2,5,3,9
2016.0,82.0,0.0,0.0,3,4,3,0,0,0,1,5,1,1,0,0,1,1,1,12,4,5,0,0,0,0,2,0,6,2,5,3,9
2016.0,0.0,1.0,0.0,2,4,3,0,0,0,0,1,1,1,0,0,9,1,1,16,4,5,0,1,0,2,0,0,4,2,5,3,9
2016.0,0.0,0.0,0.0,3,4,3,0,0,0,0,3,1,1,0,0,5,1,1,17,4,5,0,1,0,1,1,0,4,2,5,3,9
2016.0,0.0,3.0,0.0,3,4,3,0,0,0,0,1,1,1,0,1,9,1,1,17,4,5,0,1,0,2,2,0,4,2,5,3,9
2016.0,135.0,0.0,0.0,3,10,3,0,0,0,1,1,1,1,0,0,1,1,1,18,4,5,0,1,0,1,0,0,4,5,5,9,3
2016.0,-16.0,0.0,0.0,3,4,0,0,0,0,1,2,1,1,0,1,9,1,1,22,4,5,0,0,0,1,1,0,0,2,5,3,9
2016.0,-136.0,0.0,0.0,3,10,3,0,0,0,0,2,1,1,0,0,2,1,1,10,5,5,1,0,0,2,1,0,4,9,5,3,2
2016.0,-75.0,0.0,0.0,3,1,3,0,0,0,0,2,1,1,0,1,1,1,1,10,5,5,1,0,0,0,0,0,4,5,5,3,3
2016.0,0.0,1.0,0.0,2,4,3,0,0,0,1,4,1,1,0,1,5,1,1,12,5,5,1,0,0,1,1,0,4,2,5,3,9
2016.0,-93.0,0.0,0.0,3,6,3,0,0,0,1,2,1,1,0,1,2,1,1,16,5,5,1,1,0,2,2,0,4,7,5,8,3
2016.0,200.0,0.0,0.0,3,12,0,0,0,0,2,8,1,1,1,1,9,1,1,16,5,5,1,1,0,0,1,0,4,5,5,6,5
2016.0,23.0,0.0,0.0,3,10,0,0,0,0,1,9,1,1,0,0,9,1,1,22,5,5,1,0,0,2,2,0,4,9,5,8,2
2016.0,0.0,0.0,0.0,3,4,3,0,0,0,0,2,1,1,0,0,2,1,1,7,6,5,1,1,0,1,1,0,2,2,5,9,3
2016.0,335.0,0.0,0.0,3,10,3,0,0,0,1,5,1,1,0,1,5,1,1,10,6,5,1,0,0,1,1,0,4,9,5,3,2
2016.0,0.0,4.0,0.0,1,1,3,0,0,0,1,1,1,1,0,0,2,1,1,11,6,5,1,0,0,0,1,0,4,2,5,3,3
2016.0,-151.0,0.0,0.0,3,6,4,0,0,0,1,2,1,1,0,0,2,1,1,19,6,5,1,1,0,2,1,0,6,7,5,8,8
2016.0,-200.0,0.0,0.0,3,1,3,0,0,0,1,5,1,1,0,1,9,1,1,12,0,5,0,0,0,1,1,0,0,9,5,9,3
2016.0,-112.0,0.0,0.0,3,6,3,0,0,0,0,1,1,1,0,0,1,1,1,13,0,5,0,0,0,0,1,0,4,7,5,8,8
2016.0,-0.3,2.0,0.0,3,1,3,0,0,0,0,5,1,1,0,0,5,1,1,15,0,5,0,0,0,1,2,0,6,9,5,3,3
2016.0,45.0,0.0,0.0,3,1,0,0,0,0,1,2,1,1,0,1,4,1,1,20,0,5,0,0,0,1,1,0,4,9,5,9,3
2016.0,0.0,0.0,0.0,3,1,0,0,0,0,1,2,1,1,0,1,1,1,1,21,0,5,0,0,0,1,2,0,4,2,5,9,3
2016.0,-30.0,1.0,0.0,3,6,3,0,0,0,1,1,1,1,0,1,1,1,1,6,1,5,0,0,0,1,1,0,4,7,5,8,3
2016.0,0.0,0.0,0.0,3,6,3,0,0,0,2,2,1,1,0,0,2,1,1,6,1,5,0,0,0,0,1,0,4,7,5,9,3
2016.0,305.0,2.0,0.0,3,4,3,0,0,0,1,5,1,1,0,1,9,1,1,9,1,5,0,1,0,1,1,0,6,2,5,3,9
2016.0,72.0,1.0,0.0,3,5,3,0,0,2,2,1,1,1,0,1,2,1,1,14,1,5,0,0,0,0,1,0,6,7,5,3,3
2016.0,-463.0,0.0,0.0,3,6,3,0,0,0,1,5,1,1,0,1,5,1,1,15,1,5,0,0,0,1,2,0,6,7,5,8,3
2016.0,-75.0,1.0,0.0,3,6,3,0,0,0,1,2,1,1,0,1,2,1,1,16,1,5,0,1,0,2,1,0,4,7,5,8,3
2016.0,0.0,0.0,0.0,3,4,3,0,0,0,0,4,1,1,0,0,5,1,1,17,1,5,0,1,0,2,0,0,4,2,5,3,9
2016.0,-27.0,1.0,0.0,1,5,3,0,0,2,1,2,1,1,0,1,2,1,1,17,1,5,0,1,0,1,1,0,4,5,5,3,3
2016.0,485.0,1.0,0.0,3,6,3,0,0,0,1,1,0,1,0,0,1,1,1,7,2,6,0,1,0,2,1,0,6,7,5,8,3
2016.0,-175.0,0.0,0.0,3,6,3,0,0,0,1,1,1,1,0,0,1,1,1,13,2,6,0,0,0,2,1,0,4,7,5,8,3
2016.0,0.0,0.0,0.0,3,4,3,0,0,0,1,5,1,1,0,1,2,1,1,16,2,6,0,1,0,1,1,0,2,5,5,3,9
2016.0,0.0,0.0,0.0,3,4,3,0,0,0,1,1,1,1,0,1,9,1,1,8,3,6,0,1,0,1,2,0,4,2,5,3,9
2016.0,115.0,0.0,0.0,3,6,3,0,0,0,1,2,1,1,0,1,2,1,1,8,3,6,0,1,0,1,0,0,6,7,5,8,3
2016.0,0.0,1.0,0.0,3,4,3,0,0,0,1,9,1,1,0,1,1,1,1,11,3,6,0,0,0,1,1,0,4,2,5,3,9
2016.0,-300.0,2.0,0.0,2,6,3,0,0,0,1,1,1,1,0,1,1,1,1,15,3,6,0,0,0,1,2,0,4,7,5,8,3
2016.0,-450.0,0.0,0.0,3,4,3,0,0,0,0,2,1,1,0,1,1,1,1,16,3,6,0,1,0,2,1,0,6,2,5,3,9
2016.0,-200.0,0.0,0.0,3,6,3,0,0,0,0,5,1,1,0,1,5,1,1,17,3,6,0,1,0,2,2,0,6,7,5,8,3
2016.0,-100.0,1.0,0.0,3,6,3,0,0,0,1,2,1,1,0,1,2,1,1,17,3,6,0,1,0,2,2,0,6,7,5,8,3
2016.0,0.0,0.0,0.0,3,6,0,0,0,0,0,9,1,1,0,0,9,1,1,19,3,6,0,1,0,2,1,0,4,7,5,3,3
2016.0,400.0,0.0,0.0,3,6,3,0,0,0,1,9,1,1,0,1,9,1,1,7,4,6,0,1,0,1,0,0,4,7,5,8,3
2016.0,0.0,1.0,0.0,3,4,3,0,0,0,1,2,1,1,0,1,1,1,1,8,4,6,0,1,0,2,1,0,4,2,5,3,9
2016.0,-399.0,1.0,0.0,3,6,3,0,0,0,1,2,1,1,0,1,2,1,1,9,4,6,0,1,0,1,1,0,4,7,5,8,3
2016.0,-59.0,1.0,0.0,3,6,3,0,0,0,1,1,1,1,0,0,1,1,1,14,4,6,0,0,0,2,1,0,4,7,5,8,3
2016.0,-30.0,0.0,0.0,3,6,3,0,0,0,0,1,1,1,0,1,1,1,1,15,4,6,0,0,0,0,1,0,4,7,5,8,3
2016.0,-304.0,0.0,0.0,3,10,3,0,0,0,1,1,1,1,0,1,1,1,1,16,4,6,0,1,0,1,2,0,6,4,5,9,3
2016.0,230.0,1.0,0.0,2,6,0,0,0,0,1,9,1,1,0,1,9,1,1,22,4,6,0,0,0,2,1,0,6,7,5,8,3
2016.0,280.0,0.0,0.0,3,6,3,0,0,0,1,5,1,1,0,0,5,1,1,12,5,6,1,0,0,2,1,0,6,7,5,3,3
2016.0,-220.0,0.0,0.0,3,4,3,0,0,0,1,4,1,1,0,1,5,1,1,13,5,6,1,0,0,2,1,0,6,2,5,3,9
2016.0,-110.0,0.0,0.0,3,6,3,0,0,0,0,3,1,1,0,1,3,1,1,14,5,6,1,0,0,1,1,0,4,7,5,8,3
2016.0,-60.0,0.0,0.0,3,4,3,0,0,0,0,2,1,1,0,1,2,1,1,17,5,6,1,1,0,1,1,0,4,4,5,3,9
2016.0,0.0,1.0,0.0,3,1,2,0,0,0,1,2,0,1,0,1,1,1,1,4,6,6,1,0,0,2,1,0,4,7,5,3,3
2016.0,-58.0,0.0,0.0,3,1,3,0,0,0,1,7,1,1,0,1,9,1,1,10,6,6,1,0,0,1,1,0,6,5,5,3,9
2016.0,15.0,0.0,0.0,3,3,0,0,0,0,1,9,1,1,1,1,5,1,1,14,6,6,1,0,0,2,1,0,6,5,5,6,9
2016.0,92.0,0.0,0.0,3,6,0,0,0,0,0,1,0,1,0,1,1,1,1,20,6,6,1,0,0,2,2,0,6,7,5,8,3
2016.0,0.0,0.0,0.0,3,4,0,0,0,0,0,5,1,1,0,1,4,1,1,21,6,6,1,0,0,1,2,0,4,2,2,9,3
2016.0,-200.0,0.0,0.0,3,1,3,0,0,0,1,9,1,1,0,1,2,1,1,7,0,6,0,1,0,1,1,0,6,2,5,3,9
2016.0,0.0,1.0,0.0,2,4,3,0,0,0,1,2,1,1,0,1,5,1,1,12,0,6,0,0,0,1,1,0,2,2,5,9,3
2016.0,150.0,1.0,0.0,3,6,3,0,0,0,1,9,1,1,0,1,9,1,1,13,0,6,0,0,0,1,1,0,4,7,5,8,3
2016.0,0.0,0.0,0.0,3,4,3,0,0,0,0,6,1,1,0,0,9,1,1,13,0,6,0,0,0,2,1,0,2,4,5,3,9
2016.0,935.0,0.0,0.0,3,1,3,0,0,0,1,4,1,1,0,0,9,1,1,13,0,6,0,0,0,1,0,0,6,5,5,3,9
2016.0,-150.0,0.0,0.0,3,6,3,0,0,0,1,2,1,1,0,1,2,1,1,14,0,6,0,0,0,1,2,0,4,7,5,8,3
2016.0,-48.0,1.0,0.0,2,5,3,0,0,2,0,2,1,1,0,0,1,1,1,14,0,6,0,0,0,2,1,0,4,9,5,9,3
2016.0,0.0,1.0,0.0,2,4,3,0,0,0,1,9,1,1,0,0,1,1,1,16,0,6,0,1,0,0,2,0,4,2,5,9,3
2016.0,150.0,0.0,0.0,3,6,3,0,0,0,0,9,1,1,0,1,9,1,1,17,0,6,0,1,0,2,1,0,4,7,5,8,3
2016.0,0.0,0.0,0.0,3,1,0,0,0,0,1,2,1,1,0,0,9,1,1,21,0,6,0,0,0,1,2,0,4,2,5,3,3
2016.0,115.0,0.0,0.0,3,1,3,0,0,0,1,3,1,1,0,0,2,1,1,6,1,6,0,0,0,2,2,0,6,9,5,3,9
2016.0,-250.0,0.0,0.0,3,10,3,0,0,0,0,2,1,1,0,1,1,1,1,7,1,6,0,1,0,2,1,0,6,2,5,3,9
2016.0,0.0,0.0,0.0,3,4,3,0,0,0,0,1,1,1,0,1,5,1,1,8,1,6,0,1,0,1,1,0,4,2,5,3,9
2016.0,-130.0,0.0,0.0,3,6,3,0,0,0,0,2,1,1,0,1,2,1,1,9,1,6,0,1,0,0,2,0,4,7,5,8,3
2016.0,70.0,0.0,0.0,3,5,3,0,0,0,0,9,1,1,0,1,9,1,1,13,1,6,0,0,0,1,2,0,4,5,5,8,1
2016.0,72.0,0.0,0.0,3,10,3,0,0,0,1,9,1,1,0,1,9,1,1,14,1,6,0,0,0,1,2,0,4,9,5,3,2
2016.0,175.0,1.0,0.0,3,6,3,0,0,0,1,9,1,1,0,0,9,1,1,17,1,6,0,1,0,2,1,0,6,7,5,8,3
2016.0,-75.0,3.0,0.0,2,6,3,0,0,0,0,2,1,1,0,0,2,1,1,17,1,6,0,1,0,1,2,0,6,7,5,8,3
2016.0,296.0,2.0,0.0,2,1,3,0,0,0,0,1,1,1,0,1,5,1,1,18,1,6,0,1,0,2,1,0,6,2,5,3,9
2016.0,0.0,0.0,0.0,3,4,3,0,0,0,0,2,1,1,0,1,2,1,1,18,1,6,0,1,0,1,1,0,4,9,5,9,3
2016.0,800.0,1.0,0.0,3,6,3,0,0,0,1,9,1,1,0,1,9,1,1,7,2,6,0,1,0,2,1,0,4,7,5,8,3
2016.0,0.0,0.0,0.0,3,4,3,0,0,0,1,4,1,1,0,1,1,1,1,8,2,6,0,1,0,2,1,0,4,2,5,3,9
2016.0,-200.0,1.0,0.0,2,6,3,0,0,0,1,1,1,1,0,0,1,1,1,12,2,6,0,0,0,1,2,0,4,7,5,8,3
2016.0,-280.0,0.0,0.0,3,1,3,0,0,0,1,7,1,1,0,0,1,1,1,13,2,6,0,0,0,1,2,0,0,5,5,3,9
2016.0,0.0,0.0,0.0,3,1,3,0,0,0,1,2,1,1,0,0,2,1,1,14,2,6,0,0,0,1,1,0,2,5,5,9,3
2016.0,-1025.0,1.0,0.0,2,1,3,0,0,2,1,1,1,1,0,1,5,1,1,14,2,6,0,0,0,2,1,0,0,5,5,9,3
2016.0,204.0,0.0,0.0,3,6,3,0,0,0,1,9,1,1,0,1,9,1,1,14,2,6,0,0,0,2,1,0,6,7,5,3,3
2016.0,-160.0,0.0,0.0,3,6,3,0,0,0,0,1,1,1,0,1,1,1,1,15,2,6,0,0,0,2,1,0,4,7,5,8,3
2016.0,200.0,1.0,0.0,2,6,3,0,0,0,1,1,1,1,0,1,1,1,1,17,2,6,0,1,0,2,2,0,6,7,5,8,3
2016.0,0.0,0.0,0.0,3,1,0,0,0,0,0,5,1,1,0,0,9,1,1,21,2,6,0,0,0,2,2,0,4,2,5,3,3
2016.0,-75.0,0.0,0.0,3,1,0,0,0,0,0,5,0,1,0,1,1,1,1,21,2,6,0,0,0,0,1,0,4,4,5,8,9
2016.0,-62.0,0.0,0.0,3,6,3,0,0,0,1,1,1,1,0,1,1,1,1,5,3,6,0,0,0,1,1,0,4,7,5,8,8
2016.0,0.0,0.0,0.0,3,4,3,0,0,0,1,9,1,1,0,1,5,1,1,6,3,6,0,0,0,1,1,0,4,2,5,9,3
2016.0,-100.0,0.0,0.0,3,10,3,0,0,0,1,2,1,1,0,0,2,1,1,9,3,6,0,1,0,1,1,0,4,9,5,3,2
2016.0,0.0,1.0,0.0,3,4,3,0,0,0,0,2,1,1,0,0,1,1,1,10,3,6,0,0,0,2,1,0,4,2,5,3,9
2016.0,-44.0,1.0,0.0,2,5,3,0,0,2,1,9,1,1,0,1,2,1,1,11,3,6,0,0,0,1,1,0,4,2,5,9,3
2016.0,-52.0,1.0,0.0,3,6,3,0,0,0,0,5,1,1,0,0,5,1,1,15,3,6,0,0,0,1,0,0,4,7,5,8,3
2016.0,214.0,0.0,0.0,3,10,3,0,0,0,0,2,1,1,0,0,2,1,1,17,3,6,0,1,0,2,2,0,6,9,5,3,2
2016.0,-90.0,1.0,0.0,3,6,3,0,0,0,1,1,1,1,0,0,1,1,1,17,3,6,0,1,0,1,1,0,4,7,5,8,3
2016.0,0.0,0.0,0.0,3,4,3,0,0,0,0,2,1,1,0,0,5,1,1,17,3,6,0,1,0,1,1,0,4,2,5,3,9
2016.0,150.0,0.0,0.0,3,6,3,0,0,0,0,5,1,1,0,0,5,1,1,18,3,6,0,1,0,1,1,0,4,7,5,8,3
2016.0,-425.0,1.0,0.0,3,6,3,0,0,0,1,1,1,1,0,0,1,1,1,7,4,6,0,1,0,1,1,0,4,7,5,8,3
2016.0,10.0,0.0,0.0,3,6,3,0,0,0,0,5,1,1,0,1,5,1,1,9,4,6,0,1,0,2,1,0,4,7,5,8,3
2016.0,-45.0,0.0,0.0,3,1,3,0,0,0,1,5,1,1,0,1,9,1,1,10,4,6,0,0,0,0,1,0,4,2,5,3,9
2016.0,0.0,3.0,0.0,2,4,3,0,0,0,1,5,1,1,0,1,2,1,1,11,4,6,0,0,0,0,2,0,4,2,5,3,9
2016.0,51.0,0.0,0.0,3,1,3,0,0,0,0,1,1,1,0,1,1,1,1,13,4,6,0,0,0,1,1,0,4,5,5,9,9
2016.0,127.0,0.0,0.0,3,6,3,0,0,0,0,9,1,1,0,0,9,1,1,13,4,6,0,0,0,2,2,0,2,7,5,8,3
2016.0,-32.0,1.0,0.0,1,1,3,0,0,3,1,2,1,1,0,0,1,1,1,14,4,6,0,0,0,1,1,0,6,2,5,3,7
2016.0,0.0,1.0,0.0,3,4,3,0,0,0,1,7,1,1,0,1,1,1,1,15,4,6,0,0,0,2,1,0,4,5,5,3,9
2016.0,189.0,1.0,0.0,3,5,3,0,0,0,0,2,1,1,1,1,2,1,1,16,4,6,0,1,0,1,1,0,6,7,5,6,3
2016.0,-340.0,1.0,0.0,3,1,3,0,0,0,1,2,1,1,0,0,1,1,1,16,4,6,0,1,0,1,0,0,6,2,5,3,3
2016.0,-666.0,0.0,0.0,3,6,3,0,0,0,1,9,1,1,0,1,9,1,1,16,4,6,0,1,0,1,0,0,6,7,5,3,3
2016.0,0.0,0.0,0.0,3,4,3,0,0,0,0,2,1,1,0,1,5,1,1,17,4,6,0,1,0,2,1,0,4,2,5,3,9
2016.0,0.0,1.0,0.0,2,1,3,0,0,0,1,5,1,1,0,1,1,1,1,18,4,6,0,1,0,1,1,0,4,2,5,9,3
2016.0,-82.0,0.0,0.0,3,6,0,0,0,0,2,9,1,1,1,1,9,1,1,21,4,6,0,0,0,0,2,0,6,5,5,6,5
2016.0,76.0,0.0,0.0,3,6,0,0,0,0,2,5,1,1,1,1,5,1,1,3,5,6,1,0,0,0,1,0,4,7,5,6,3
2016.0,0.0,1.0,0.0,3,1,3,0,0,0,1,4,1,1,0,0,5,1,1,11,5,6,1,0,0,2,2,0,4,2,5,3,3
2016.0,47.0,0.0,0.0,3,6,3,0,0,0,0,9,1,1,0,0,9,1,1,13,5,6,1,0,0,1,1,0,4,7,5,8,3
2016.0,175.0,0.0,0.0,3,10,3,0,0,0,1,2,1,1,0,1,2,1,1,16,5,6,1,1,0,1,1,0,6,9,5,3,2
2016.0,0.0,0.0,0.0,3,4,3,0,0,0,1,9,1,1,0,1,1,1,1,18,5,6,1,1,0,1,2,0,4,2,5,3,9
2016.0,0.0,2.0,0.0,2,4,4,0,0,0,1,9,0,1,0,0,5,1,1,18,5,6,1,1,0,1,2,0,2,2,5,9,3
2016.0,-102.0,1.0,0.0,2,5,0,0,0,2,1,9,1,1,0,0,9,1,1,21,5,6,1,0,0,2,0,0,6,5,5,3,5
2016.0,-370.0,0.0,0.0,3,6,0,0,0,0,1,2,1,1,0,1,2,1,1,22,5,6,1,0,0,1,2,0,4,7,5,3,3
2016.0,-10.0,1.0,0.0,2,5,0,0,0,0,2,9,1,1,3,1,5,1,1,3,6,6,1,0,0,0,1,0,4,2,5,7,9
2016.0,-90.0,0.0,0.0,3,6,3,0,0,0,0,2,1,1,0,1,2,1,1,10,6,6,1,0,0,1,2,0,4,7,5,8,8