Year,Distance,Totalinjuries,Totalfatalities,Injuryseverity,Collisionmanner,Lightcondition,Weather,SurfaceCondition,Unittype_One,Gender_Drv1,Traveldirection_One,AlcoholUse_Drv1,DrugUse_Drv1,Unittype_Two,Gender_Drv2,Traveldirection_Two,AlcoholUse_Drv2,DrugUse_Drv2,Hour,Weekday,Month,Weekend,Rush_Hour,Hazardous_Road,Age_Group_Drv1,Age_Group_Drv2,Substance_Use,Junction_Category,Violation_Category_Drv1,Violation_Category_Drv2,Unitaction_Category_Two,Unitaction_Category_One
2016.0,-30.0,0.0,0.0,3,6,3,0,0,0,1,2,1,1,0,1,2,1,1,12,6,6,1,0,0,2,2,0,4,0,5,3,1
2016.0,-80.0,0.0,0.0,3,12,3,0,0,0,1,2,1,1,0,1,2,1,1,13,6,6,1,0,0,1,1,0,4,5,5,3,3
2016.0,0.0,0.0,0.0,3,4,3,0,0,0,1,2,1,1,0,1,9,1,1,18,6,6,1,1,0,1,1,0,4,2,5,9,9
2016.0,0.0,0.0,0.0,3,9,0,0,0,0,1,2,1,1,0,1,6,1,1,22,6,6,1,0,0,2,1,0,4,5,5,9,3
2016.0,20.0,0.0,0.0,3,4,3,0,0,0,1,1,1,1,0,0,5,1,1,7,0,6,0,1,0,2,1,0,4,5,5,8,9
2016.0,-360.0,0.0,0.0,3,4,3,0,0,0,2,1,1,1,0,1,9,1,1,7,0,6,0,1,0,0,1,0,6,4,5,3,9
2016.0,190.0,0.0,0.0,3,4,3,0,0,0,1,5,1,1,0,1,5,1,1,9,0,6,0,1,0,1,0,0,4,4,5,3,9
2016.0,50.0,0.0,0.0,3,6,3,0,0,0,1,9,1,1,0,0,9,1,1,11,0,6,0,0,0,1,1,0,4,7,5,8,3
2016.0,-220.0,0.0,0.0,3,4,3,0,0,0,1,9,1,1,0,1,1,1,1,13,0,6,0,0,0,1,1,0,6,5,5,3,9
2016.0,-150.0,1.0,0.0,3,6,3,0,0,0,1,5,1,1,0,1,5,1,1,13,0,6,0,0,0,2,1,0,6,7,5,8,3
2016.0,180.0,0.0,0.0,3,10,3,0,0,0,0,9,1,1,0,1,9,1,1,14,0,6,0,0,0,2,1,0,6,9,5,3,2
2016.0,275.0,0.0,0.0,3,10,3,0,0,0,1,9,1,1,0,1,9,1,1,15,0,6,0,0,0,0,0,0,6,9,5,3,2
2016.0,200.0,0.0,0.0,3,6,3,0,0,0,0,5,1,1,0,0,5,1,1,16,0,6,0,1,0,2,1,0,4,7,5,3,3
2016.0,20.0,0.0,0.0,3,6,0,0,0,0,1,9,1,1,0,1,9,1,1,20,0,6,0,0,0,1,1,0,4,7,5,8,3
2016.0,570.0,4.0,0.0,2,4,3,0,0,0,1,5,1,1,0,0,1,1,1,8,1,6,0,1,0,1,1,0,6,2,5,3,9
2016.0,-69.0,2.0,0.0,3,6,3,0,0,0,0,1,1,1,0,0,1,1,1,9,1,6,0,1,0,1,1,0,4,7,5,8,3
2016.0,75.0,0.0,0.0,3,6,3,0,0,0,2,5,1,1,0,0,5,1,1,9,1,6,0,1,0,0,1,0,4,5,5,8,3
2016.0,0.0,0.0,0.0,3,1,3,0,0,0,0,1,1,1,0,0,1,1,1,10,1,6,0,0,0,1,2,0,4,4,5,3,9
2016.0,236.0,0.0,0.0,3,6,3,0,0,0,1,5,1,1,0,1,5,1,1,11,1,6,0,0,0,1,1,0,6,5,5,8,1
2016.0,-50.0,0.0,0.0,3,6,3,0,0,0,1,1,1,1,0,1,1,1,1,14,1,6,0,0,0,0,0,0,4,7,5,8,3
2016.0,560.0,0.0,0.0,3,6,3,0,0,0,0,5,1,1,0,1,5,1,1,16,1,6,0,1,0,2,1,0,4,7,5,8,3
2016.0,-430.0,0.0,0.0,3,6,3,0,0,0,2,1,1,1,1,1,1,1,1,18,1,6,0,1,0,0,0,0,6,7,5,6,3
2016.0,140.0,0.0,0.0,3,5,4,0,0,0,1,1,0,1,1,1,5,1,1,19,1,6,0,1,0,0,1,0,6,5,5,6,5
2016.0,50.0,0.0,0.0,3,6,4,0,0,0,1,5,1,1,0,1,5,1,1,19,1,6,0,1,0,1,1,0,4,7,5,8,8
2016.0,-200.0,1.0,0.0,2,1,0,0,0,0,1,1,1,1,1,1,1,1,1,21,1,6,0,0,0,1,1,0,6,9,5,6,3
2016.0,250.0,1.0,0.0,3,6,0,0,0,0,0,2,1,1,0,1,2,1,1,23,1,6,0,0,0,1,2,0,0,8,5,8,3
2016.0,235.0,0.0,0.0,3,1,3,0,0,0,0,2,1,1,0,0,1,1,1,7,2,6,0,1,0,2,0,0,6,2,5,3,9
2016.0,-420.0,0.0,0.0,3,4,3,0,0,0,0,5,1,1,0,0,2,1,1,7,2,6,0,1,0,1,1,0,6,2,5,3,9
2016.0,145.0,0.0,0.0,3,1,3,0,0,0,0,2,1,1,0,0,9,1,1,9,2,6,0,1,0,1,1,0,6,4,5,5,9
2016.0,0.0,0.0,0.0,3,6,3,0,0,0,1,1,1,1,0,0,5,1,1,10,2,6,0,0,0,0,1,0,2,2,5,3,3
2016.0,0.0,0.0,0.0,3,4,3,0,0,0,1,2,1,1,0,1,5,1,1,12,2,6,0,0,0,1,1,0,4,7,5,9,3
2016.0,-243.0,0.0,0.0,3,6,3,0,0,0,0,9,1,1,0,0,9,1,1,13,2,6,0,0,0,2,1,0,6,7,5,8,8
2016.0,-52.0,0.0,0.0,3,5,3,0,0,0,0,9,1,1,0,0,1,1,1,17,2,6,0,1,0,2,1,0,4,5,5,8,1
2016.0,430.0,0.0,0.0,3,6,3,0,0,0,1,1,1,1,0,1,1,1,1,17,2,6,0,1,0,1,1,0,4,7,5,8,3
2016.0,117.0,0.0,0.0,3,10,0,0,0,0,2,1,1,1,0,0,5,1,1,20,2,6,0,0,0,0,2,0,0,2,5,3,9
2016.0,-542.0,0.0,0.0,3,10,0,0,0,0,1,1,1,1,0,1,1,1,1,21,2,6,0,0,0,2,1,0,6,9,5,3,3
2016.0,152.0,2.0,0.0,2,1,3,0,0,0,1,5,1,1,0,1,9,1,1,10,3,6,0,0,0,2,0,0,6,2,5,3,3
2016.0,-63.0,0.0,0.0,3,6,3,0,0,0,0,2,1,1,0,0,2,1,1,11,3,6,0,0,0,2,1,0,4,7,5,8,3
2016.0,-165.0,0.0,0.0,3,6,3,0,0,0,1,5,1,1,0,0,5,1,1,11,3,6,0,0,0,1,2,0,6,7,5,3,8
2016.0,124.0,0.0,0.0,3,1,3,0,0,0,1,1,1,1,0,1,5,1,1,12,3,6,0,0,0,2,1,0,6,2,5,3,3
2016.0,-10.0,1.0,0.0,3,1,3,0,0,2,1,2,1,1,0,0,1,1,1,13,3,6,0,0,0,1,1,0,4,2,5,9,3
2016.0,0.0,1.0,0.0,3,4,3,0,0,0,1,9,1,1,0,0,5,1,1,13,3,6,0,0,0,1,0,0,4,2,5,9,3
2016.0,150.0,1.0,0.0,2,6,3,0,0,0,0,9,1,1,0,0,9,1,1,15,3,6,0,0,0,1,1,0,4,7,5,8,3
2016.0,0.0,0.0,0.0,3,6,3,0,0,0,1,1,1,1,0,1,1,1,1,15,3,6,0,0,0,1,1,0,4,7,5,8,3
2016.0,-12.0,0.0,0.0,3,4,3,0,0,0,0,5,1,1,0,0,2,1,1,18,3,6,0,1,0,2,2,0,4,2,4,9,9
2016.0,378.0,1.0,0.0,3,6,3,0,0,0,0,1,0,1,0,1,1,1,1,19,3,6,0,1,0,1,1,0,6,7,5,6,3
2016.0,0.0,0.0,0.0,3,4,0,0,0,0,0,2,1,1,0,0,5,1,1,20,3,6,0,0,0,1,0,0,4,2,5,9,3
2016.0,1259.0,1.0,0.0,3,1,0,0,0,0,2,1,1,1,0,0,5,1,1,22,3,6,0,0,0,0,1,0,0,2,5,3,9
2016.0,-216.0,0.0,0.0,3,6,3,0,0,0,0,2,1,1,0,1,2,1,1,8,4,6,0,1,0,2,0,0,6,7,5,9,3
2016.0,-335.0,0.0,0.0,3,1,3,0,0,0,0,5,1,1,0,1,5,1,1,9,4,6,0,1,0,0,1,0,0,5,5,3,9
2016.0,14.0,0.0,0.0,3,1,3,0,0,0,1,2,1,1,0,0,2,1,1,11,4,6,0,0,0,2,1,0,4,4,5,9,9
2016.0,0.0,0.0,0.0,3,4,3,0,0,0,0,5,1,1,0,0,1,1,1,11,4,6,0,0,0,2,2,0,4,2,5,9,3
2016.0,0.0,3.0,0.0,3,4,3,0,0,0,1,1,1,1,0,0,9,1,1,13,4,6,0,0,0,2,1,0,4,2,5,9,3
2016.0,-54.0,0.0,0.0,3,10,3,0,0,0,0,5,1,1,0,1,5,1,1,15,4,6,0,0,0,2,2,0,4,9,5,9,9
2016.0,0.0,0.0,0.0,3,4,3,0,0,0,1,2,1,1,0,0,1,1,1,16,4,6,0,1,0,2,1,0,4,2,5,3,9
2016.0,-130.0,1.0,0.0,2,6,3,0,0,0,1,1,1,1,0,1,1,1,1,17,4,6,0,1,0,1,1,0,4,7,5,8,3
2016.0,-88.0,1.0,0.0,2,6,0,0,0,0,0,2,1,1,0,1,2,1,1,21,4,6,0,0,0,2,1,0,4,1,5,8,3
2016.0,0.0,2.0,0.0,2,4,0,0,0,0,0,1,1,1,0,0,9,1,1,22,4,6,0,0,0,1,2,0,4,2,5,3,9
2016.0,-77.0,2.0,0.0,2,6,0,0,0,0,1,1,1,0,0,1,1,1,1,2,5,6,1,0,0,2,1,0,4,7,5,8,3
2016.0,0.0,1.0,0.0,2,4,3,0,0,0,0,2,1,1,0,1,5,1,1,7,5,6,1,1,0,2,1,0,4,2,5,3,9
2016.0,435.0,0.0,0.0,3,10,3,0,0,0,2,1,1,1,0,0,1,1,1,9,5,6,1,1,0,0,1,0,6,9,5,3,3
2016.0,-390.0,0.0,0.0,3,6,3,0,0,0,2,1,1,1,0,0,1,1,1,10,5,6,1,0,0,0,1,0,6,7,5,8,3
2016.0,-96.0,0.0,0.0,3,10,3,0,0,0,1,5,1,1,0,1,5,1,1,10,5,6,1,0,0,1,1,0,1,9,5,3,2
2016.0,-62.0,2.0,0.0,3,10,3,0,0,0,0,9,1,1,0,1,9,1,1,12,5,6,1,0,0,2,1,0,4,5,5,3,3
2016.0,-36.0,0.0,0.0,3,6,3,0,0,0,0,2,1,1,0,1,2,1,1,14,5,6,1,0,0,2,1,0,4,7,5,8,3
2016.0,-174.0,0.0,0.0,3,5,0,0,0,0,1,1,0,1,0,1,1,1,1,2,6,6,1,0,0,1,2,0,6,7,5,3,3
2016.0,0.0,2.0,0.0,3,4,3,0,0,0,1,2,1,1,0,1,7,1,1,13,6,6,1,0,0,1,1,0,4,2,5,9,3
2016.0,0.0,0.0,0.0,3,10,3,0,0,0,1,1,1,1,0,0,1,1,1,6,0,6,0,0,0,1,1,0,2,4,5,9,9
2016.0,450.0,0.0,0.0,3,6,3,0,0,0,1,5,1,1,0,0,5,1,1,7,0,6,0,1,0,1,2,0,6,7,5,8,3
2016.0,-10.0,0.0,0.0,3,5,3,0,0,0,1,1,1,1,0,1,1,1,1,9,0,6,0,1,0,0,0,0,2,5,5,3,2
2016.0,0.0,0.0,0.0,3,1,3,0,0,0,1,1,1,1,0,1,2,1,1,9,0,6,0,1,0,1,1,0,4,2,5,9,3
2016.0,0.0,1.0,0.0,2,4,3,0,0,0,0,2,1,1,0,0,9,1,1,11,0,6,0,0,0,1,2,0,2,5,5,3,9
2016.0,350.0,0.0,0.0,3,4,3,0,0,0,0,1,1,1,0,1,9,1,1,13,0,6,0,0,0,1,1,0,6,2,5,3,9
2016.0,90.0,0.0,0.0,3,10,3,0,0,0,1,9,1,1,0,1,9,1,1,14,0,6,0,0,0,1,2,0,6,7,5,9,2
2016.0,-200.0,0.0,0.0,3,10,3,0,0,0,0,9,1,1,0,0,9,1,1,15,0,6,0,0,0,1,1,0,6,9,5,3,2
2016.0,-200.0,0.0,0.0,3,1,3,0,0,0,1,2,1,1,0,1,1,1,1,16,0,6,0,1,0,1,1,0,0,2,5,3,9
2016.0,225.0,0.0,0.0,3,6,3,0,0,0,1,1,1,1,0,1,1,1,1,16,0,6,0,1,0,2,0,0,4,7,5,8,3
2016.0,-92.0,0.0,0.0,3,6,3,0,0,0,0,2,1,1,0,1,2,1,1,17,0,6,0,1,0,1,1,0,4,7,5,8,3
2016.0,30.0,1.0,0.0,3,6,0,0,0,0,0,5,1,1,0,1,5,1,1,21,0,6,0,0,0,2,1,0,1,7,5,8,3
2016.0,-250.0,0.0,0.0,3,3,0,0,0,0,1,9,1,1,1,1,8,1,1,1,1,6,0,0,0,1,1,0,6,5,5,6,3
2016.0,-50.0,1.0,0.0,3,1,3,0,0,0,1,1,1,1,0,0,5,1,1,10,1,6,0,0,0,1,1,0,2,2,5,3,9
2016.0,0.0,1.0,0.0,3,1,3,0,0,0,0,9,1,1,0,1,2,1,1,11,1,6,0,0,0,0,1,0,4,2,5,3,3
2016.0,123.0,2.0,0.0,2,6,3,0,0,0,0,9,1,1,1,1,9,1,1,11,1,6,0,0,0,2,1,0,6,7,5,8,3
2016.0,-300.0,0.0,0.0,3,10,3,0,0,0,1,9,1,1,0,1,9,1,1,13,1,6,0,0,0,0,1,0,6,9,5,3,2
2016.0,0.0,0.0,0.0,3,4,3,0,0,0,1,1,1,1,0,1,1,1,1,16,1,6,0,1,0,0,1,0,4,5,5,9,9
2016.0,-477.0,1.0,0.0,3,4,3,0,0,0,0,5,1,1,0,1,2,1,1,17,1,6,0,1,0,2,0,0,0,2,5,3,9
2016.0,-270.0,3.0,0.0,2,6,3,0,0,0,1,1,1,1,0,1,1,1,1,17,1,6,0,1,0,2,2,0,4,7,5,8,3
2016.0,0.0,0.0,0.0,3,4,4,0,0,0,1,4,1,1,0,0,1,1,1,20,1,6,0,0,0,2,1,0,4,2,5,3,9
2016.0,0.0,0.0,0.0,3,4,0,0,0,0,1,2,1,1,0,1,1,1,1,20,1,6,0,0,0,1,2,0,4,7,5,3,9
2016.0,0.0,1.0,0.0,2,4,0,0,0,0,1,1,1,1,0,1,9,1,1,0,2,6,0,0,0,0,1,0,4,2,5,9,3
2016.0,100.0,0.0,0.0,3,6,0,0,0,0,2,8,1,1,1,1,9,1,1,3,2,6,0,0,0,0,2,0,6,5,5,6,5
2016.0,-80.0,1.0,0.0,3,6,3,0,0,0,0,2,1,1,0,1,2,1,1,7,2,6,0,1,0,2,0,0,4,7,5,8,3
2016.0,-188.0,0.0,0.0,3,6,3,0,0,0,0,2,1,1,0,1,2,1,1,7,2,6,0,1,0,1,2,0,6,7,5,8,3
2016.0,150.0,1.0,0.0,3,6,3,0,0,0,1,9,1,1,0,0,9,1,1,7,2,6,0,1,0,0,2,0,4,7,5,8,3
2016.0,441.0,0.0,0.0,3,6,3,0,0,0,1,2,1,1,0,0,2,1,1,8,2,6,0,1,0,1,1,0,0,5,5,8,1
2016.0,265.0,0.0,0.0,3,6,3,0,0,0,1,9,1,1,0,0,9,1,1,13,2,6,0,0,0,2,1,0,4,7,5,8,3
2016.0,-175.0,2.0,0.0,2,6,3,0,0,0,1,5,1,1,0,0,5,1,1,15,2,6,0,0,0,2,1,0,6,7,5,3,3
2016.0,0.0,3.0,0.0,2,4,3,0,0,0,0,9,1,1,0,0,1,1,1,17,2,6,0,1,0,1,1,0,4,2,5,3,9
2016.0,80.0,1.0,0.0,3,6,3,0,0,0,1,5,1,1,0,1,5,1,1,19,2,6,0,1,0,1,1,0,4,7,5,8,3
2016.0,450.0,1.0,0.0,3,5,3,0,0,0,1,2,1,1,2,0,9,1,1,6,3,6,0,0,0,0,1,0,6,2,5,7,3
2016.0,-120.0,0.0,0.0,3,12,3,0,0,0,2,8,1,1,0,1,2,1,1,8,3,6,0,1,0,0,1,0,4,7,5,8,5
2016.0,59.0,0.0,0.0,3,6,3,0,0,0,1,1,1,1,0,0,9,1,1,9,3,6,0,1,0,1,1,0,4,5,5,8,1
2016.0,230.0,0.0,0.0,3,4,3,0,0,0,1,9,1,1,0,1,5,1,1,11,3,6,0,0,0,2,1,0,0,2,5,3,9
2016.0,-40.0,0.0,0.0,3,6,3,0,0,0,1,1,1,1,0,1,1,1,1,12,3,6,0,0,0,0,2,0,4,7,5,8,3
2016.0,-64.0,0.0,0.0,3,6,3,0,0,0,1,9,1,1,0,1,9,1,1,12,3,6,0,0,0,1,1,0,6,7,5,8,3
2016.0,60.0,0.0,0.0,3,1,3,0,0,0,1,1,1,1,0,1,1,1,1,13,3,6,0,0,0,2,0,0,4,5,5,3,5
2016.0,-276.0,0.0,0.0,3,6,3,0,0,0,0,9,1,1,0,0,9,1,1,15,3,6,0,0,0,1,2,0,6,7,5,8,3
2016.0,60.0,0.0,0.0,3,10,3,0,0,0,1,2,1,1,0,0,2,1,1,16,3,6,0,1,0,1,2,0,6,9,5,3,2
2016.0,550.0,2.0,0.0,2,4,3,0,0,0,0,1,1,1,0,0,5,1,1,17,3,6,0,1,0,1,1,0,0,2,5,3,9
2016.0,-117.0,1.0,0.0,3,6,3,0,0,0,1,5,1,1,0,1,9,1,1,17,3,6,0,1,0,2,1,0,4,2,5,3,9
2016.0,612.0,0.0,0.0,3,6,3,0,0,0,1,5,1,1,0,1,5,1,1,17,3,6,0,1,0,1,1,0,6,7,5,8,3
2016.0,55.0,0.0,0.0,3,6,0,0,0,0,0,5,1,1,0,0,5,1,1,2,4,6,0,0,0,1,2,0,4,7,5,8,3
2016.0,0.0,1.0,0.0,2,1,3,0,0,0,0,2,1,1,0,1,9,1,1,8,4,6,0,1,0,1,2,0,4,2,5,3,3
2016.0,0.0,0.0,0.0,3,4,3,0,0,0,2,1,1,1,0,0,9,1,1,8,4,6,0,1,0,0,1,0,4,2,5,3,9
2016.0,395.0,1.0,1.0,0,4,3,0,0,0,0,1,1,1,0,1,9,1,1,9,4,6,0,1,0,0,1,0,0,2,5,3,9
2016.0,0.0,0.0,0.0,3,10,3,0,0,0,0,6,1,1,0,1,6,1,1,13,4,6,0,0,0,2,1,0,4,9,5,9,9
2016.0,-50.0,0.0,0.0,3,10,3,0,0,0,1,2,1,1,0,1,2,1,1,13,4,6,0,0,0,2,1,0,6,9,5,3,2
2016.0,82.0,0.0,0.0,3,5,3,0,0,0,1,1,1,1,0,0,9,1,1,14,4,6,0,0,0,1,2,0,4,5,5,8,1
2016.0,453.0,0.0,0.0,3,1,3,0,3,0,1,8,1,1,0,1,2,1,1,15,4,6,0,0,0,2,1,0,0,5,5,8,5
2016.0,95.0,0.0,0.0,3,6,3,0,0,0,2,5,1,1,0,1,5,1,1,17,4,6,0,1,0,0,1,0,4,5,7,3,8
2016.0,0.0,0.0,0.0,3,4,0,0,0,0,0,9,1,1,0,1,2,1,1,22,4,6,0,0,0,2,1,0,4,2,5,9,9
2016.0,413.0,0.0,0.0,3,6,0,0,0,0,2,5,1,1,0,1,5,1,1,22,4,6,0,0,0,0,1,0,1,7,5,8,3
2016.0,100.0,0.0,0.0,3,6,0,0,0,0,2,5,0,1,1,1,5,1,1,3,5,6,1,0,0,0,2,0,6,7,5,5,3
2016.0,-98.0,0.0,0.0,3,6,3,0,0,0,1,2,1,1,0,0,2,1,1,6,5,6,1,0,0,1,0,0,4,7,5,8,3
2016.0,-85.0,1.0,0.0,3,6,3,0,0,0,0,2,1,1,0,1,2,1,1,11,5,6,1,0,0,0,0,0,4,7,5,8,8
2016.0,-78.0,0.0,0.0,3,3,3,0,0,0,1,5,1,1,1,1,2,1,1,13,5,6,1,0,0,2,1,0,6,7,5,6,3
2016.0,120.0,1.0,0.0,2,4,3,0,0,0,1,5,1,1,0,1,9,1,1,15,5,6,1,0,0,1,1,0,0,2,5,3,9
2016.0,-1255.0,1.0,0.0,2,10,0,0,0,0,0,2,1,1,0,0,2,1,1,20,5,6,1,0,0,1,1,0,6,9,5,3,2
2016.0,-104.0,0.0,0.0,3,10,0,0,0,0,1,1,1,1,0,0,1,1,1,23,5,6,1,0,0,1,2,0,4,9,5,8,2
2016.0,97.0,0.0,0.0,3,6,0,0,0,0,1,9,0,1,0,1,9,1,1,2,6,6,1,0,0,1,1,0,4,7,5,8,3
2016.0,100.0,0.0,0.0,3,6,3,1,0,0,0,5,1,1,0,0,5,1,1,12,6,6,1,0,0,2,1,0,4,7,5,8,8
2016.0,0.0,0.0,0.0,3,4,3,0,0,0,2,7,1,1,0,1,3,1,1,16,6,6,1,1,0,0,1,0,4,2,5,9,9
2016.0,0.0,0.0,0.0,3,9,0,0,0,0,0,2,1,1,0,1,9,1,1,20,6,6,1,0,0,1,2,0,4,5,5,3,9
2016.0,15.0,0.0,0.0,3,6,0,4,0,0,1,9,1,1,0,0,9,1,1,22,6,6,1,0,0,1,2,0,6,5,7,3,8
2016.0,62.0,0.0,0.0,3,6,3,0,0,0,2,9,1,1,0,0,9,1,1,7,0,6,0,1,0,0,2,0,2,7,5,8,3
2016.0,0.0,0.0,0.0,3,1,3,0,0,0,0,9,1,1,0,1,2,1,1,7,0,6,0,1,0,2,1,0,4,2,5,9,3
2016.0,915.0,0.0,0.0,3,6,3,0,0,0,0,9,1,1,0,1,9,1,1,13,0,6,0,0,0,2,1,0,6,7,5,8,8
2016.0,200.0,2.0,0.0,2,5,3,0,0,0,1,9,1,1,0,1,1,1,1,13,0,6,0,0,0,0,1,0,4,2,5,9,3
2016.0,-95.0,1.0,0.0,2,6,3,0,0,0,1,1,1,1,0,1,1,1,1,15,0,6,0,0,0,2,0,0,4,7,5,8,3
2016.0,117.0,0.0,0.0,3,10,3,0,0,0,0,5,1,1,0,1,5,1,1,16,0,6,0,1,0,1,1,0,6,9,5,3,2
2016.0,0.0,0.0,0.0,3,4,4,0,0,0,1,1,1,1,0,1,5,1,1,18,0,6,0,1,0,1,1,0,4,4,5,3,9
2016.0,0.0,0.0,0.0,3,4,0,0,0,0,0,9,1,1,0,0,1,1,1,19,0,6,0,1,0,1,2,0,2,5,5,3,9
2016.0,-10.0,0.0,0.0,3,6,0,1,0,0,0,2,1,1,0,0,2,1,1,21,0,6,0,0,0,2,2,0,4,7,5,8,3
2016.0,-65.0,0.0,0.0,3,6,3,0,0,0,1,1,1,1,0,1,1,1,1,10,1,6,0,0,0,2,1,0,4,7,5,8,8
2016.0,-67.0,0.0,0.0,3,10,3,0,0,0,1,1,1,1,0,1,1,1,1,10,1,6,0,0,0,1,1,0,4,9,5,8,2
2016.0,36.0,1.0,0.0,2,1,3,0,0,0,0,9,1,1,2,1,9,1,1,12,1,6,0,0,0,1,1,0,4,2,5,3,9
2016.0,45.0,0.0,0.0,3,6,3,0,0,0,1,9,1,1,0,1,9,1,1,12,1,6,0,0,0,0,1,0,4,7,5,8,3
2016.0,0.0,0.0,0.0,3,1,3,0,0,0,1,9,1,1,0,1,5,1,1,12,1,6,0,0,0,2,1,0,4,2,5,3,9
2016.0,100.0,0.0,0.0,3,6,3,0,0,0,0,1,1,1,0,1,1,1,1,14,1,6,0,0,0,1,1,0,6,7,5,8,3
2016.0,-196.0,0.0,0.0,3,3,3,0,0,0,1,2,1,1,0,1,2,1,1,15,1,6,0,0,0,0,2,0,6,9,5,3,2
2016.0,375.0,0.0,0.0,3,6,3,0,0,0,1,5,1,1,0,1,5,1,1,16,1,6,0,1,0,2,1,0,4,7,5,8,3
2016.0,85.0,0.0,0.0,3,6,3,0,0,0,0,1,1,1,0,1,1,1,1,18,1,6,0,1,0,2,1,0,6,5,5,3,3
2016.0,0.0,0.0,0.0,3,10,1,0,0,0,2,2,1,1,0,1,2,1,1,2,2,6,0,0,0,0,1,0,6,9,5,3,3
2016.0,0.0,0.0,0.0,3,1,3,1,0,0,0,9,1,1,0,1,2,1,1,7,2,6,0,1,0,2,2,0,4,2,5,3,3
2016.0,67.0,1.0,0.0,3,6,3,0,0,0,1,9,1,1,0,0,9,1,1,10,2,6,0,0,0,1,2,0,4,7,5,8,3
2016.0,278.0,0.0,0.0,3,1,3,0,0,0,0,5,1,1,0,1,5,1,1,10,2,6,0,0,0,2,1,0,6,5,5,3,9
2016.0,253.0,0.0,0.0,3,10,3,0,0,0,1,1,1,1,0,0,1,1,1,11,2,6,0,0,0,1,2,0,0,7,5,3,0
2016.0,-250.0,2.0,0.0,2,6,3,0,0,0,0,2,1,1,0,1,2,1,1,13,2,6,0,0,0,1,1,0,4,7,5,8,3
2016.0,222.0,0.0,0.0,3,10,3,0,0,0,1,9,1,1,0,1,9,1,1,15,2,6,0,0,0,2,1,0,4,9,5,3,2
2016.0,-200.0,0.0,0.0,3,8,3,0,0,0,0,2,1,1,1,1,9,1,1,15,2,6,0,0,0,1,1,0,6,5,5,6,1
2016.0,-100.0,0.0,0.0,3,6,3,0,0,0,1,2,1,1,0,1,2,1,1,16,2,6,0,1,0,1,2,0,4,7,5,8,3
2016.0,-100.0,0.0,0.0,3,6,3,0,0,0,1,2,1,1,0,0,2,1,1,16,2,6,0,1,0,2,0,0,4,7,5,8,3
2016.0,0.0,2.0,0.0,2,4,3,0,0,0,1,2,1,1,0,1,5,1,1,17,2,6,0,1,0,2,1,0,4,2,5,3,9
2016.0,150.0,0.0,0.0,3,6,3,0,0,0,1,5,1,1,0,0,5,1,1,17,2,6,0,1,0,1,0,0,6,7,5,8,3
2016.0,0.0,0.0,0.0,3,4,3,0,0,0,1,1,1,1,0,0,1,1,1,18,2,6,0,1,0,1,0,0,4,5,5,3,9
2016.0,-220.0,0.0,0.0,3,1,3,0,0,0,0,1,1,1,0,0,2,1,1,18,2,6,0,1,0,0,1,0,6,2,5,3,3
2016.0,-219.0,0.0,0.0,3,6,3,0,0,0,0,2,1,1,0,0,2,1,1,6,3,6,0,0,0,2,2,0,1,7,5,8,3
2016.0,119.0,2.0,0.0,3,1,3,0,0,0,1,9,1,1,0,0,2,1,1,8,3,6,0,1,0,1,1,0,0,2,5,3,9
2016.0,0.0,2.0,0.0,3,4,3,0,0,0,1,9,1,1,0,0,1,1,1,11,3,6,0,0,0,1,1,0,4,2,5,9,3
2016.0,80.0,0.0,0.0,3,4,3,0,0,0,0,1,1,1,0,1,1,1,1,11,3,6,0,0,0,1,1,0,4,9,5,5,5
2016.0,-155.0,0.0,0.0,3,4,3,0,0,0,1,2,1,1,0,0,1,1,1,15,3,6,0,0,0,1,0,0,0,2,5,3,9
2016.0,70.0,1.0,0.0,2,6,3,0,0,0,0,1,0,1,0,0,1,1,1,16,3,6,0,1,0,2,1,0,6,7,5,8,3
2016.0,103.0,0.0,0.0,3,6,3,0,0,0,0,1,1,1,0,0,1,1,1,16,3,6,0,1,0,1,1,0,4,7,5,8,3
2016.0,-707.0,0.0,0.0,3,6,0,0,0,0,2,2,1,1,0,1,2,1,1,21,3,6,0,0,0,0,1,0,0,7,5,8,3
2016.0,-80.0,0.0,0.0,3,6,3,0,0,0,2,2,1,1,0,0,2,1,1,6,4,7,0,0,0,0,1,0,4,9,5,8,8
2016.0,0.0,0.0,0.0,3,1,3,0,0,0,1,1,1,1,0,1,5,1,1,13,4,7,0,0,0,1,1,0,4,2,5,3,9
2016.0,385.0,0.0,0.0,3,1,3,0,0,0,1,9,1,1,0,1,2,1,1,14,4,7,0,0,0,0,2,0,0,2,5,3,9
2016.0,0.0,2.0,0.0,1,4,3,0,0,0,0,5,1,1,0,1,2,1,1,8,5,7,1,1,0,2,2,0,4,2,5,3,9
2016.0,300.0,0.0,0.0,3,6,3,0,0,0,1,2,1,1,0,0,2,1,1,9,5,7,1,1,0,2,0,0,4,7,5,8,3
2016.0,0.0,0.0,0.0,3,4,3,0,0,0,0,5,1,1,0,0,2,1,1,15,5,7,1,0,0,2,1,0,4,5,5,3,9
2016.0,-586.0,1.0,0.0,3,10,3,0,0,0,1,9,1,1,0,0,9,1,1,17,5,7,1,1,0,2,0,0,6,7,5,3,2
2016.0,-93.0,0.0,0.0,3,10,0,0,0,0,1,9,1,1,0,1,9,1,1,21,5,7,1,0,0,2,2,0,4,7,5,3,3
2016.0,0.0,0.0,0.0,3,1,3,0,0,0,0,4,1,1,0,0,1,1,1,12,6,7,1,0,0,0,1,0,4,4,5,3,9