Year,Distance,Totalinjuries,Totalfatalities,Injuryseverity,Collisionmanner,Lightcondition,Weather,SurfaceCondition,Unittype_One,Gender_Drv1,Traveldirection_One,AlcoholUse_Drv1,DrugUse_Drv1,Unittype_Two,Gender_Drv2,Traveldirection_Two,AlcoholUse_Drv2,DrugUse_Drv2,Hour,Weekday,Month,Weekend,Rush_Hour,Hazardous_Road,Age_Group_Drv1,Age_Group_Drv2,Substance_Use,Junction_Category,Violation_Category_Drv1,Violation_Category_Drv2,Unitaction_Category_Two,Unitaction_Category_One
2016.0,0.0,0.0,0.0,3,1,3,0,0,0,1,9,1,1,0,1,5,1,1,13,6,7,1,0,0,1,1,0,2,2,5,3,3
2016.0,0.0,0.0,0.0,3,1,3,0,0,0,1,1,1,1,0,0,5,1,1,18,6,7,1,1,0,1,1,0,4,2,5,3,3
2016.0,100.0,0.0,0.0,3,6,3,0,0,0,0,5,0,1,0,1,5,1,1,13,0,7,0,0,0,1,1,0,4,7,5,3,3
2016.0,0.0,1.0,0.0,3,1,3,0,0,0,0,2,1,1,0,1,9,1,1,17,0,7,0,1,0,1,1,0,2,4,5,3,9
2016.0,-27.0,2.0,0.0,2,5,0,1,0,3,0,2,1,1,3,0,2,1,1,22,0,7,0,0,0,1,2,0,2,2,2,7,7
2016.0,159.0,1.0,0.0,3,6,0,0,0,0,1,1,1,1,0,0,1,1,1,22,0,7,0,0,0,1,1,0,6,8,5,3,3
2016.0,0.0,0.0,0.0,3,1,2,0,0,0,1,9,1,1,0,1,1,1,1,4,1,7,0,0,0,1,1,0,4,2,5,5,5
2016.0,79.0,0.0,0.0,3,6,3,0,0,0,1,9,1,1,0,0,9,1,1,7,1,7,0,1,0,0,2,0,4,7,5,8,3
2016.0,-80.0,1.0,0.0,2,6,3,0,0,0,1,9,0,1,0,1,9,1,1,7,1,7,0,1,0,1,1,0,6,7,5,3,3
2016.0,-103.0,0.0,0.0,3,10,3,0,0,0,1,2,1,1,0,0,2,1,1,10,1,7,0,0,0,1,1,0,4,9,5,3,2
2016.0,462.0,0.0,0.0,3,10,3,0,0,0,0,5,1,1,0,1,5,1,1,12,1,7,0,0,0,0,1,0,6,9,5,3,2
2016.0,0.0,0.0,0.0,3,4,3,0,0,0,2,9,1,1,0,0,9,1,1,13,1,7,0,0,0,0,1,0,4,4,5,9,9
2016.0,-50.0,0.0,0.0,3,10,3,0,0,0,0,1,1,1,0,1,1,1,1,14,1,7,0,0,0,1,1,0,4,9,5,8,9
2016.0,90.0,0.0,0.0,3,6,3,0,0,0,1,9,1,1,0,1,9,1,1,16,1,7,0,1,0,2,1,0,4,7,5,8,3
2016.0,472.0,0.0,0.0,3,1,3,0,0,0,1,2,1,1,0,1,9,1,1,16,1,7,0,1,0,2,1,0,0,2,5,3,9
2016.0,0.0,0.0,0.0,3,4,3,0,0,0,1,5,1,1,0,1,1,1,1,17,1,7,0,1,0,1,1,0,4,2,5,3,9
2016.0,0.0,0.0,0.0,3,1,3,0,0,0,1,1,1,1,0,1,2,1,1,17,1,7,0,1,0,1,1,0,4,2,5,3,3
2016.0,50.0,0.0,0.0,3,6,3,0,0,0,1,5,1,1,0,1,5,1,1,9,2,7,0,1,0,1,2,0,4,7,5,8,3
2016.0,-64.0,1.0,0.0,3,6,3,0,0,0,0,2,1,1,0,0,2,1,1,9,2,7,0,1,0,1,1,0,4,7,5,8,3
2016.0,-90.0,0.0,0.0,3,10,3,0,0,0,0,9,1,1,0,0,9,1,1,10,2,7,0,0,0,2,2,0,6,5,5,3,2
2016.0,76.0,1.0,0.0,3,6,3,0,0,0,1,5,1,1,0,1,5,1,1,11,2,7,0,0,0,1,1,0,4,7,5,8,3
2016.0,80.0,0.0,0.0,3,1,3,0,0,0,1,9,0,1,0,1,2,1,1,17,2,7,0,1,0,1,0,0,6,2,5,3,9
2016.0,0.3,0.0,0.0,3,10,0,0,0,0,0,1,1,1,0,1,1,1,1,21,2,7,0,0,0,2,1,0,6,5,5,3,3
2016.0,-295.0,0.0,0.0,3,6,3,0,0,0,2,1,1,1,0,1,1,1,1,14,3,7,0,0,0,0,2,0,6,7,5,8,3
2016.0,0.0,2.0,0.0,1,4,3,0,0,0,1,9,0,1,0,0,1,1,1,15,3,7,0,0,0,1,1,0,4,2,5,3,9
2016.0,120.0,0.0,0.0,3,4,3,0,0,0,0,1,1,1,0,1,9,1,1,17,3,7,0,1,0,2,0,0,0,2,5,3,9
2016.0,300.0,0.0,0.0,3,6,3,0,0,0,0,2,1,1,0,0,2,1,1,7,4,7,0,1,0,1,1,0,4,5,5,5,5
2016.0,531.0,1.0,0.0,3,6,3,0,0,0,1,2,1,1,0,1,2,1,1,13,4,7,0,0,0,2,1,0,6,7,5,8,3
2016.0,-338.0,0.0,0.0,3,6,3,0,0,0,0,1,1,1,0,0,1,1,1,13,4,7,0,0,0,1,2,0,6,7,5,8,3
2016.0,211.0,1.0,0.0,3,6,3,0,0,0,1,2,1,1,0,1,2,1,1,13,4,7,0,0,0,1,1,0,6,7,5,8,3
2016.0,-482.0,1.0,0.0,3,10,3,0,0,0,1,1,1,1,0,1,1,1,1,14,4,7,0,0,0,1,1,0,6,9,5,3,0
2016.0,0.0,0.0,0.0,3,4,3,0,0,0,0,9,1,1,0,1,1,1,1,16,4,7,0,1,0,1,2,0,4,2,5,3,9
2016.0,200.0,2.0,0.0,3,6,3,0,0,0,1,1,1,1,0,1,1,1,1,16,4,7,0,1,0,2,1,0,6,7,5,8,3
2016.0,0.0,1.0,0.0,3,1,3,0,0,0,0,2,1,1,0,0,1,1,1,17,4,7,0,1,0,1,0,0,4,2,5,3,9
2016.0,-93.0,0.0,0.0,3,6,3,0,0,0,1,1,1,1,0,0,1,1,1,17,4,7,0,1,0,2,1,0,4,7,5,3,3
2016.0,-93.0,0.0,0.0,3,6,3,0,0,0,1,5,1,1,0,0,5,1,1,9,5,7,1,1,0,1,2,0,6,7,5,3,3
2016.0,-60.0,0.0,0.0,3,1,3,0,0,0,2,8,1,1,0,1,8,1,1,11,5,7,1,0,0,0,1,0,6,5,5,6,5
2016.0,354.0,1.0,0.0,2,6,3,0,0,0,1,1,1,1,0,0,1,1,1,13,5,7,1,0,0,0,1,0,6,4,5,3,9
2016.0,0.0,1.0,0.0,3,4,3,0,0,0,0,1,1,1,0,0,2,1,1,18,5,7,1,1,0,1,1,0,4,2,5,9,3
2016.0,0.0,0.0,0.0,3,4,3,0,0,0,0,9,1,1,0,1,5,1,1,19,5,7,1,1,0,1,1,0,2,5,5,9,3
2016.0,287.0,1.0,0.0,3,1,0,0,0,0,0,5,1,1,0,0,9,1,1,19,5,7,1,1,0,1,1,0,0,2,5,2,9
2016.0,0.0,0.0,0.0,3,4,0,0,0,0,0,1,1,1,0,1,2,1,1,20,5,7,1,0,0,1,1,0,4,2,5,9,3
2016.0,-64.0,0.0,0.0,3,6,3,0,0,0,0,6,1,1,0,1,1,1,1,11,6,7,1,0,0,2,0,0,0,2,5,3,9
2016.0,100.0,0.0,0.0,3,10,3,0,0,0,0,9,1,1,0,1,9,1,1,12,6,7,1,0,0,1,2,0,6,9,5,3,2
2016.0,0.0,1.0,0.0,3,1,3,0,0,0,0,9,1,1,0,1,5,1,1,15,6,7,1,0,0,2,1,0,4,2,5,3,3
2016.0,-15.0,0.0,0.0,3,6,3,0,0,0,1,2,0,1,0,0,2,1,1,15,6,7,1,0,0,1,2,0,4,7,5,3,3
2016.0,24.0,0.0,0.0,3,6,3,0,0,0,1,5,1,1,0,1,9,1,1,17,6,7,1,1,0,1,1,0,6,7,5,9,3
2016.0,100.0,0.0,0.0,3,4,0,0,0,0,0,4,1,1,0,1,2,1,1,20,6,7,1,0,0,2,1,0,6,4,5,3,9
2016.0,60.0,0.0,0.0,3,5,3,0,0,0,1,9,1,1,3,0,9,1,1,7,0,7,0,1,0,1,1,0,4,2,5,7,9
2016.0,-50.0,1.0,0.0,3,6,3,0,0,0,0,2,1,1,0,1,2,1,1,9,0,7,0,1,0,1,1,0,4,7,5,8,3
2016.0,-50.0,0.0,0.0,3,6,3,0,0,0,1,1,1,1,0,1,1,1,1,11,0,7,0,0,0,1,1,0,4,7,5,8,3
2016.0,174.0,0.0,0.0,3,6,3,0,0,0,1,9,1,1,0,1,9,1,1,11,0,7,0,0,0,2,1,0,4,7,5,8,3
2016.0,-600.0,0.0,0.0,3,10,3,0,0,0,0,9,1,1,0,1,9,1,1,14,0,7,0,0,0,0,2,0,6,9,5,3,2
2016.0,100.0,0.0,0.0,3,6,3,0,0,0,1,9,1,1,0,1,9,1,1,15,0,7,0,0,0,0,1,0,4,7,5,8,3
2016.0,-460.0,0.0,0.0,3,6,3,0,0,0,0,2,1,1,0,0,2,1,1,15,0,7,0,0,0,2,1,0,4,7,5,8,3
2016.0,-90.0,2.0,0.0,2,6,3,0,0,0,1,1,1,1,0,0,1,1,1,17,0,7,0,1,0,1,1,0,4,7,5,8,8
2016.0,0.0,0.0,0.0,3,10,3,0,0,0,1,5,1,1,0,0,5,1,1,17,0,7,0,1,0,1,2,0,4,9,5,3,3
2016.0,50.0,0.0,0.0,3,6,3,0,0,0,1,5,1,1,0,1,5,1,1,18,0,7,0,1,0,2,1,0,4,7,5,8,3
2016.0,50.0,0.0,0.0,3,6,4,0,0,0,1,9,1,1,0,1,9,1,1,19,0,7,0,1,0,1,1,0,4,7,5,8,8
2016.0,0.0,0.0,0.0,3,4,0,0,0,0,1,5,1,1,0,1,2,1,1,3,1,7,0,0,0,2,0,0,4,2,5,9,3
2016.0,85.0,0.0,0.0,3,6,3,0,0,0,0,5,1,1,0,0,5,1,1,7,1,7,0,1,0,1,1,0,4,7,5,8,3
2016.0,-140.0,0.0,0.0,3,10,3,0,0,0,1,9,1,1,0,0,9,1,1,7,1,7,0,1,0,2,1,0,6,9,5,8,2
2016.0,300.0,0.0,0.0,3,1,3,0,0,0,0,9,1,1,0,1,2,1,1,7,1,7,0,1,0,0,1,0,0,2,5,3,9
2016.0,90.0,1.0,0.0,3,6,3,0,0,0,1,9,1,1,0,1,9,1,1,12,1,7,0,0,0,1,0,0,6,7,5,8,3
2016.0,-145.0,1.0,0.0,2,5,3,0,0,0,0,5,1,1,2,0,5,1,1,16,1,7,0,1,0,2,1,0,6,5,5,3,2
2016.0,0.0,0.0,0.0,3,1,3,0,0,0,1,2,1,1,0,0,2,1,1,16,1,7,0,1,0,1,1,0,4,4,5,9,3
2016.0,0.0,2.0,0.0,2,1,3,0,0,0,1,5,1,1,0,0,9,1,1,18,1,7,0,1,0,0,1,0,4,2,5,3,3
2016.0,0.0,1.0,0.0,2,1,2,0,0,0,0,1,1,1,0,1,2,1,1,5,2,7,0,0,0,2,2,0,4,2,5,9,3
2016.0,125.0,2.0,0.0,2,1,3,0,0,0,1,1,1,1,0,1,5,1,1,5,2,7,0,0,0,2,2,0,0,2,5,3,5
2016.0,-160.0,1.0,0.0,2,6,3,0,0,0,0,1,1,1,0,0,1,1,1,5,2,7,0,0,0,1,1,0,2,7,5,8,3
2016.0,-341.0,0.0,0.0,3,8,3,0,0,0,1,2,1,1,0,0,2,1,1,6,2,7,0,0,0,0,1,0,6,9,5,3,2
2016.0,0.0,2.0,0.0,2,4,3,0,0,0,0,1,1,1,0,0,9,1,1,6,2,7,0,0,0,1,1,0,4,5,5,3,9
2016.0,-47.0,0.0,0.0,3,6,3,0,0,0,0,1,1,1,0,0,1,1,1,14,2,7,0,0,0,2,0,0,4,7,5,8,3
2016.0,44.0,0.0,0.0,3,6,3,0,0,0,0,9,1,1,0,0,9,1,1,14,2,7,0,0,0,1,1,0,4,7,5,8,3
2016.0,-45.0,0.0,0.0,3,6,3,0,0,0,1,1,1,1,0,0,1,1,1,17,2,7,0,1,0,2,1,0,6,7,5,8,3
2016.0,60.0,0.0,0.0,3,10,3,0,0,0,1,9,1,1,0,0,9,1,1,17,2,7,0,1,0,1,1,0,4,7,5,3,3
2016.0,75.0,1.0,0.0,1,5,3,0,0,2,1,1,1,1,0,0,5,1,1,8,3,7,0,1,0,1,2,0,4,2,5,9,7
2016.0,438.0,1.0,0.0,3,6,3,0,0,0,1,5,1,1,0,1,5,1,1,12,3,7,0,0,0,2,1,0,6,5,5,3,8
2016.0,15.0,0.0,0.0,3,10,3,0,0,0,1,9,1,1,0,1,9,1,1,13,3,7,0,0,0,0,1,0,4,4,5,3,9
2016.0,170.0,1.0,0.0,3,4,3,0,0,0,1,2,1,1,0,0,2,1,1,15,3,7,0,0,0,1,1,0,6,2,5,5,5
2016.0,0.0,0.0,0.0,3,6,3,0,0,0,0,2,1,1,0,0,2,1,1,16,3,7,0,1,0,2,1,0,4,7,5,9,9
2016.0,190.0,0.0,0.0,3,6,3,0,0,0,1,5,1,1,0,0,5,1,1,16,3,7,0,1,0,2,2,0,4,7,5,8,3
2016.0,392.0,0.0,0.0,3,6,3,0,0,0,1,9,1,1,0,0,9,1,1,16,3,7,0,1,0,1,2,0,6,7,5,3,3
2016.0,-91.0,0.0,0.0,3,6,3,0,0,0,0,1,1,1,0,1,1,1,1,16,3,7,0,1,0,1,2,0,6,7,5,8,8
2016.0,531.0,0.0,0.0,3,10,2,0,0,0,1,5,1,1,0,0,5,1,1,6,4,7,0,0,0,0,0,0,2,9,5,3,2
2016.0,0.0,1.0,0.0,2,4,3,0,0,0,1,5,1,1,0,0,2,1,1,6,4,7,0,0,0,2,2,0,4,5,5,3,9
2016.0,0.0,3.0,0.0,2,4,3,0,0,0,0,9,1,1,0,1,1,1,1,6,4,7,0,0,0,1,1,0,4,2,5,3,9
2016.0,0.0,1.0,0.0,2,4,3,0,0,0,1,2,1,1,0,0,9,1,1,11,4,7,0,0,0,1,1,0,4,2,5,9,3
2016.0,0.0,1.0,0.0,2,5,3,0,0,2,1,5,1,1,0,0,1,1,1,11,4,7,0,0,0,1,2,0,4,9,5,9,3
2016.0,0.0,1.0,0.0,3,4,3,0,0,0,1,2,1,1,0,0,1,1,1,11,4,7,0,0,0,2,0,0,4,2,5,3,9
2016.0,-49.0,1.0,0.0,2,5,3,0,0,2,0,2,1,1,0,0,1,1,1,11,4,7,0,0,0,1,0,0,4,9,5,9,3
2016.0,-83.0,0.0,0.0,3,6,3,0,0,0,1,1,1,1,0,1,1,1,1,12,4,7,0,0,0,1,2,0,4,7,5,8,3
2016.0,-464.0,1.0,0.0,3,6,3,0,0,0,1,2,1,1,0,1,2,1,1,13,4,7,0,0,0,1,1,0,6,7,5,8,3
2016.0,104.0,0.0,0.0,3,6,3,0,0,0,1,5,1,1,0,1,5,1,1,14,4,7,0,0,0,2,1,0,4,7,5,8,3
2016.0,0.0,0.0,0.0,3,4,3,0,0,0,1,9,1,1,0,1,1,1,1,15,4,7,0,0,0,1,2,0,4,2,5,9,3
2016.0,368.0,0.0,0.0,3,4,3,0,0,0,1,9,1,1,0,1,2,1,1,16,4,7,0,1,0,0,1,0,0,2,5,3,9
2016.0,177.0,0.0,0.0,3,3,3,0,0,0,0,5,1,1,0,1,2,1,1,16,4,7,0,1,0,2,0,0,6,2,2,5,5
2016.0,0.0,2.0,0.0,3,1,3,0,0,0,0,5,1,1,0,1,9,1,1,18,4,7,0,1,0,2,1,0,4,7,5,3,3
2016.0,62.0,0.0,0.0,3,6,3,0,0,0,1,5,1,1,0,1,5,1,1,18,4,7,0,1,0,1,0,0,4,7,5,3,8
2016.0,-25.0,0.0,0.0,3,6,0,0,0,0,1,2,0,1,0,0,2,1,1,23,4,7,0,0,0,1,2,0,4,7,5,8,3
2016.0,0.0,2.0,0.0,3,12,0,0,0,0,1,4,1,1,0,0,9,1,1,2,5,7,1,0,0,1,2,0,4,5,5,3,9
2016.0,0.0,1.0,0.0,2,1,0,0,0,0,1,2,0,1,0,1,9,1,1,3,5,7,1,0,0,1,1,0,4,2,5,3,3
2016.0,-65.0,0.0,0.0,3,10,3,0,0,0,0,2,1,1,0,1,2,1,1,9,5,7,1,1,0,1,1,0,2,9,5,3,2
2016.0,63.0,0.0,0.0,3,6,3,0,0,0,0,2,1,1,0,0,2,1,1,9,5,7,1,1,0,1,1,0,4,7,5,8,8
2016.0,32.0,0.0,0.0,3,6,3,0,0,0,0,9,1,1,0,1,9,1,1,12,5,7,1,0,0,1,1,0,2,7,5,8,9
2016.0,200.0,0.0,0.0,3,4,3,0,0,0,1,5,1,1,0,1,9,1,1,14,5,7,1,0,0,2,2,0,4,2,5,3,9
2016.0,165.0,2.0,0.0,2,10,3,0,0,0,2,1,1,1,0,0,1,1,1,16,5,7,1,1,0,0,2,0,6,5,5,3,3
2016.0,300.0,0.0,0.0,3,1,3,0,0,0,2,7,1,1,0,0,5,1,1,16,5,7,1,1,0,0,0,0,6,5,5,5,3
2016.0,-140.0,0.0,0.0,3,10,3,0,0,0,2,2,1,1,0,0,2,1,1,18,5,7,1,1,0,0,2,0,1,9,5,3,2
2016.0,5.0,0.0,0.0,3,4,0,0,0,0,1,1,1,1,0,1,9,1,1,19,5,7,1,1,0,0,1,0,4,4,4,9,9
2016.0,-120.0,0.0,0.0,3,6,0,0,0,0,1,2,1,1,0,1,5,1,1,2,6,7,1,0,0,2,1,0,6,7,5,6,1
2016.0,0.0,0.0,0.0,3,4,3,0,0,0,1,1,1,1,0,0,2,1,1,12,6,7,1,0,0,1,1,0,4,2,5,3,9
2016.0,-75.0,0.0,0.0,3,10,3,0,0,0,1,6,1,1,0,0,5,1,1,13,6,7,1,0,0,2,2,0,6,9,5,3,2
2016.0,100.0,0.0,0.0,3,8,3,0,0,0,0,2,1,1,1,1,1,1,1,14,6,7,1,0,0,1,1,0,6,7,5,6,1
2016.0,96.0,0.0,0.0,3,6,3,0,0,0,0,9,1,1,0,0,9,1,1,16,6,7,1,1,0,0,1,0,4,7,5,8,8
2016.0,-15.0,1.0,0.0,3,6,3,0,0,0,1,1,1,1,0,0,1,1,1,18,6,7,1,1,0,1,1,0,4,7,3,8,8
2016.0,-350.0,1.0,0.0,3,6,3,0,0,0,1,1,1,1,0,1,1,1,1,11,0,7,0,0,0,2,1,0,4,7,5,8,3
2016.0,-220.0,1.0,0.0,3,3,3,0,0,0,1,2,1,1,0,1,5,1,1,12,0,7,0,0,0,1,0,0,6,9,5,3,3
2016.0,75.0,0.0,0.0,3,6,3,0,0,0,1,5,1,1,0,1,5,1,1,13,0,7,0,0,0,1,1,0,4,7,5,8,3
2016.0,60.0,0.0,0.0,3,5,3,0,0,0,1,1,1,1,0,1,9,1,1,13,0,7,0,0,0,1,1,0,4,5,5,8,1
2016.0,0.0,0.0,0.0,3,4,3,0,0,0,1,9,1,1,0,0,1,1,1,17,0,7,0,1,0,0,1,0,4,2,5,3,9
2016.0,0.0,0.0,0.0,3,4,0,0,0,0,0,9,1,1,0,0,2,1,1,22,0,7,0,0,0,0,2,0,4,2,5,9,3
2016.0,0.0,0.0,0.0,3,1,3,0,0,0,1,1,1,1,0,0,5,1,1,6,1,7,0,0,0,2,2,0,4,5,5,3,9
2016.0,-97.0,0.0,0.0,3,6,3,0,0,0,1,1,1,1,0,0,1,1,1,8,1,7,0,1,0,2,2,0,4,7,5,8,3
2016.0,-62.0,0.0,0.0,3,6,3,0,0,0,1,2,1,1,0,1,2,1,1,9,1,7,0,1,0,1,1,0,2,7,5,8,3
2016.0,135.0,1.0,0.0,3,1,3,0,0,0,1,2,1,1,0,1,1,1,1,11,1,7,0,0,0,2,1,0,0,2,5,3,9
2016.0,44.0,0.0,0.0,3,6,3,0,0,0,1,2,1,1,0,1,2,1,1,11,1,7,0,0,0,1,2,0,6,7,5,8,3
2016.0,625.0,0.0,0.0,3,1,3,0,0,0,0,1,1,1,0,0,2,1,1,12,1,7,0,0,0,2,1,0,0,2,5,3,3
2016.0,56.0,0.0,0.0,3,6,3,0,0,0,1,9,1,1,0,0,9,1,1,15,1,7,0,0,0,1,1,0,4,7,5,8,3
2016.0,140.0,0.0,0.0,3,6,0,1,0,0,1,5,1,1,0,0,5,1,1,19,1,7,0,1,0,1,1,0,4,5,5,8,8
2016.0,-200.0,0.0,0.0,3,6,0,0,0,0,2,9,1,1,0,1,9,1,1,20,1,7,0,0,0,0,1,0,6,5,5,8,3
2016.0,300.0,0.0,0.0,3,10,0,0,0,0,0,1,1,1,0,1,1,1,1,21,1,7,0,0,0,2,1,0,6,4,5,3,9
2016.0,-70.0,2.0,0.0,3,6,0,0,0,0,0,1,1,1,0,0,1,1,1,23,1,7,0,0,0,2,1,0,4,7,5,8,8
2016.0,-280.0,0.0,0.0,3,4,3,0,0,0,1,5,1,1,0,1,2,1,1,7,2,7,0,1,0,1,1,0,0,2,5,3,9
2016.0,0.0,0.0,0.0,3,1,3,0,0,0,1,1,1,1,0,1,5,1,1,9,2,7,0,1,0,1,0,0,2,2,5,3,3
2016.0,65.0,0.0,0.0,3,6,3,0,0,0,1,1,1,1,0,0,9,1,1,11,2,7,0,0,0,1,0,0,4,5,5,8,1
2016.0,60.0,0.0,0.0,3,6,3,0,0,0,1,9,1,1,0,0,9,1,1,13,2,7,0,0,0,1,1,0,4,7,5,8,3
2016.0,-385.0,2.0,0.0,3,6,3,0,0,0,1,1,1,1,0,0,1,1,1,14,2,7,0,0,0,1,1,0,6,7,5,8,3
2016.0,0.0,0.0,0.0,3,1,3,0,0,0,2,2,1,1,0,1,9,1,1,14,2,7,0,0,0,0,1,0,4,2,5,3,3
2016.0,-122.0,0.0,0.0,3,6,3,0,0,0,1,5,1,1,0,0,5,1,1,15,2,7,0,0,0,1,1,0,6,7,5,3,3
2016.0,45.0,0.0,0.0,3,6,3,0,0,0,1,5,1,1,0,0,5,1,1,15,2,7,0,0,0,1,1,0,4,7,5,8,3
2016.0,393.0,0.0,0.0,3,6,3,0,0,0,0,9,1,1,0,1,9,1,1,16,2,7,0,1,0,1,1,0,6,7,5,3,3
2016.0,445.0,0.0,0.0,3,6,3,0,0,0,1,5,1,1,0,1,5,1,1,17,2,7,0,1,0,1,0,0,6,7,5,8,3
2016.0,-98.0,0.0,0.0,3,6,3,0,0,0,1,5,1,1,0,0,5,1,1,18,2,7,0,1,0,1,1,0,6,7,5,8,3
2016.0,-397.0,0.0,0.0,3,6,3,0,0,0,0,9,0,1,0,0,9,1,1,18,2,7,0,1,0,2,0,0,6,7,5,3,3
2016.0,-40.0,0.0,0.0,3,6,4,0,0,0,1,2,1,1,0,1,2,1,1,19,2,7,0,1,0,2,1,0,1,7,5,8,3
2016.0,-70.0,2.0,0.0,2,6,0,0,0,0,1,1,0,1,0,1,1,1,1,21,2,7,0,0,0,1,1,0,4,7,5,8,3
2016.0,139.0,0.0,0.0,3,6,3,0,0,0,1,9,1,1,0,1,9,1,1,7,3,7,0,1,0,1,2,0,4,7,5,8,3
2016.0,248.0,1.0,0.0,3,6,3,0,0,0,1,9,1,1,0,1,9,1,1,11,3,7,0,0,0,1,1,0,0,7,5,8,3
2016.0,-175.0,0.0,0.0,3,6,3,0,0,0,1,2,1,1,0,1,2,1,1,12,3,7,0,0,0,2,2,0,4,7,5,8,3
2016.0,-85.0,0.0,0.0,3,10,3,0,0,0,1,9,1,1,0,1,9,1,1,12,3,7,0,0,0,2,1,0,6,4,5,3,9
2016.0,66.0,0.0,0.0,3,12,3,0,0,0,1,1,1,1,0,0,9,1,1,15,3,7,0,0,0,1,1,0,4,5,5,8,9
2016.0,-40.0,0.0,0.0,3,6,3,0,0,0,2,1,1,1,0,0,1,1,1,16,3,7,0,1,0,0,1,0,4,7,5,8,3
2016.0,24.0,0.0,0.0,3,6,3,0,0,0,1,1,1,1,0,1,1,1,1,17,3,7,0,1,0,0,0,0,6,7,5,3,3
2016.0,0.0,0.0,0.0,3,4,3,0,0,0,1,2,1,1,0,1,5,1,1,17,3,7,0,1,0,2,1,0,4,2,5,3,9
2016.0,0.0,0.0,0.0,3,4,3,0,0,0,1,1,1,1,0,0,5,1,1,18,3,7,0,1,0,1,1,0,4,2,5,3,9
2016.0,-48.0,0.0,0.0,3,6,0,0,0,0,0,5,1,1,0,1,5,1,1,22,3,7,0,0,0,2,1,0,4,7,5,8,3
2016.0,-525.0,1.0,0.0,2,6,2,0,0,0,1,9,1,1,0,1,9,1,1,4,4,7,0,0,0,0,1,0,6,7,5,9,3
2016.0,0.0,1.0,0.0,3,1,3,0,0,0,0,2,1,1,0,1,1,1,1,13,4,7,0,0,0,2,1,0,4,2,5,3,3
2016.0,77.0,0.0,0.0,3,6,3,0,0,0,1,1,1,1,0,1,1,1,1,13,4,7,0,0,0,1,2,0,6,7,5,8,3
2016.0,-455.0,0.0,0.0,3,4,3,0,0,0,0,1,1,1,0,1,5,1,1,16,4,7,0,1,0,2,1,0,0,2,5,3,9
2016.0,-0.35,0.0,0.0,3,1,3,0,0,0,0,2,1,1,0,1,9,1,1,16,4,7,0,1,0,2,0,0,0,2,5,3,9
2016.0,-119.0,0.0,0.0,3,1,3,0,0,0,1,2,1,1,0,1,1,1,1,16,4,7,0,1,0,1,2,0,4,2,5,3,9
2016.0,0.0,0.0,0.0,3,1,3,0,0,0,1,9,1,1,0,1,2,1,1,17,4,7,0,1,0,1,2,0,4,2,5,3,9
2016.0,-120.0,1.0,0.0,2,1,3,0,0,0,0,5,1,1,0,0,2,1,1,17,4,7,0,1,0,1,1,0,6,9,5,3,3
2016.0,0.0,0.0,0.0,3,4,0,0,0,0,0,5,1,1,0,1,2,1,1,22,4,7,0,0,0,1,2,0,4,2,5,3,9
2016.0,0.0,2.0,0.0,3,4,3,0,0,0,1,5,1,1,0,0,9,1,1,9,6,7,1,1,0,1,1,0,4,2,5,3,3
2016.0,-41.0,0.0,0.0,3,6,3,0,0,0,0,1,1,1,0,1,1,1,1,11,6,7,1,0,0,2,2,0,4,7,5,8,3
2016.0,-335.0,0.0,0.0,3,6,3,0,0,0,0,1,1,1,0,0,1,1,1,14,6,7,1,0,0,1,2,0,4,7,5,8,8
2016.0,0.0,0.0,0.0,3,1,3,0,0,0,1,2,1,1,0,0,1,1,1,15,6,7,1,0,0,1,1,0,4,5,5,3,3
2016.0,13.0,0.0,0.0,3,6,3,0,0,0,1,9,1,1,0,1,9,1,1,16,6,7,1,1,0,0,0,0,4,5,5,8,3
2016.0,0.0,0.0,0.0,3,4,3,0,0,0,1,2,1,1,0,1,5,1,1,16,6,7,1,1,0,2,2,0,4,2,5,9,3
2016.0,10.0,0.0,0.0,3,5,0,0,0,0,0,9,1,1,3,0,5,1,1,20,6,7,1,0,0,2,1,0,6,4,5,7,9
2016.0,-177.0,1.0,0.0,3,5,0,0,3,3,0,8,1,1,0,0,5,1,1,20,6,7,1,0,0,2,1,0,6,5,5,3,5
2016.0,-64.0,0.0,0.0,3,10,0,0,0,0,2,9,1,1,0,0,9,1,1,0,0,7,0,0,0,0,1,0,4,5,5,8,3
2016.0,-66.0,0.0,0.0,3,6,0,0,0,0,1,1,1,1,0,1,1,1,1,1,0,7,0,0,0,2,1,0,4,7,5,8,3
2016.0,0.0,1.0,0.0,3,1,3,0,0,0,1,5,1,1,0,1,1,1,1,6,0,7,0,0,0,1,0,0,4,2,5,3,3
2016.0,0.0,1.0,0.0,3,5,3,0,0,0,1,1,1,1,2,1,9,1,1,6,0,7,0,0,0,1,2,0,4,2,5,3,9
2016.0,3.0,1.0,0.0,2,5,3,0,0,2,1,9,1,1,0,1,9,1,1,6,0,7,0,0,0,1,2,0,4,2,5,9,7
2016.0,75.0,0.0,0.0,3,6,3,0,0,0,0,9,1,1,0,0,9,1,1,7,0,7,0,1,0,1,2,0,4,7,5,8,3
2016.0,10.0,1.0,0.0,2,4,3,1,0,0,0,3,1,1,0,1,9,1,1,7,0,7,0,1,0,2,1,0,4,2,5,3,9
2016.0,120.0,0.0,0.0,3,10,3,0,0,0,1,9,1,1,0,1,9,1,1,12,0,7,0,0,0,0,1,0,4,9,5,3,2
2016.0,-300.0,1.0,0.0,3,4,3,0,0,0,1,9,1,1,0,1,1,1,1,12,0,7,0,0,0,1,1,0,0,2,5,3,9