Year,Distance,Totalinjuries,Totalfatalities,Injuryseverity,Collisionmanner,Lightcondition,Weather,SurfaceCondition,Unittype_One,Gender_Drv1,Traveldirection_One,AlcoholUse_Drv1,DrugUse_Drv1,Unittype_Two,Gender_Drv2,Traveldirection_Two,AlcoholUse_Drv2,DrugUse_Drv2,Hour,Weekday,Month,Weekend,Rush_Hour,Hazardous_Road,Age_Group_Drv1,Age_Group_Drv2,Substance_Use,Junction_Category,Violation_Category_Drv1,Violation_Category_Drv2,Unitaction_Category_Two,Unitaction_Category_One
2016.0,370.0,0.0,0.0,3,1,3,0,0,0,0,1,1,1,0,0,5,1,1,17,0,7,0,1,0,2,1,0,6,2,5,3,9
2016.0,-250.0,0.0,0.0,3,4,3,0,0,0,0,5,1,1,0,1,9,1,1,7,1,7,0,1,0,1,1,0,0,2,5,3,9
2016.0,-250.0,1.0,0.0,2,6,3,0,0,0,1,1,1,1,0,0,1,1,1,10,1,7,0,0,0,0,0,0,6,5,5,8,3
2016.0,0.0,1.0,0.0,2,1,3,0,0,0,1,2,1,1,0,0,1,1,1,14,1,7,0,0,0,1,1,0,2,2,5,3,3
2016.0,45.0,0.0,0.0,3,6,3,0,0,0,1,5,1,1,0,1,5,1,1,15,1,7,0,0,0,2,1,0,6,7,5,8,3
2016.0,0.0,0.0,0.0,3,6,3,0,0,0,1,9,1,1,0,0,9,1,1,15,1,7,0,0,0,1,1,0,4,7,5,8,3
2016.0,313.0,1.0,0.0,2,4,3,0,0,0,1,9,1,1,0,1,1,1,1,15,1,7,0,0,0,2,1,0,0,2,5,3,9
2016.0,-445.0,0.0,0.0,3,1,3,0,0,0,0,9,1,1,0,1,2,1,1,15,1,7,0,0,0,2,2,0,0,2,5,3,3
2016.0,0.0,0.0,0.0,3,12,3,0,0,0,0,1,1,1,0,0,2,1,1,16,1,7,0,1,0,1,2,0,2,2,5,3,3
2016.0,-80.0,1.0,0.0,3,6,3,0,0,0,1,2,1,1,0,0,2,1,1,17,1,7,0,1,0,2,1,0,6,7,5,8,3
2016.0,60.0,0.0,0.0,3,6,3,0,0,0,1,1,1,1,0,1,1,1,1,17,1,7,0,1,0,1,1,0,4,7,5,5,3
2016.0,0.0,0.0,0.0,3,4,3,0,0,0,0,9,1,1,0,1,5,1,1,18,1,7,0,1,0,2,1,0,2,2,5,9,9
2016.0,-57.0,0.0,0.0,3,6,0,0,0,0,1,2,1,1,0,1,2,1,1,20,1,7,0,0,0,1,2,0,4,7,5,8,8
2016.0,86.0,0.0,0.0,3,6,0,0,0,0,1,5,1,1,0,1,5,1,1,21,1,7,0,0,0,1,1,0,6,7,5,8,3
2016.0,-300.0,0.0,0.0,3,10,0,0,0,0,1,5,1,1,0,0,5,1,1,21,1,7,0,0,0,1,1,0,6,5,5,3,2
2016.0,0.0,1.0,0.0,3,4,3,0,0,0,1,1,1,1,0,0,9,1,1,12,2,7,0,0,0,2,1,0,4,2,5,3,9
2016.0,-800.0,0.0,0.0,3,6,3,0,0,0,1,1,1,1,0,1,1,1,1,12,2,7,0,0,0,1,2,0,0,7,5,8,3
2016.0,455.0,0.0,0.0,3,1,3,0,0,0,1,5,1,1,0,1,9,1,1,13,2,7,0,0,0,1,1,0,0,2,5,3,9
2016.0,0.0,0.0,0.0,3,10,3,0,0,0,2,1,1,1,0,0,1,1,1,15,2,7,0,0,0,0,1,0,4,4,5,9,9
2016.0,260.0,1.0,0.0,2,6,4,0,0,0,1,1,1,1,0,1,1,1,1,17,2,7,0,1,0,2,1,0,6,7,5,8,3
2016.0,93.0,1.0,0.0,2,6,3,0,0,0,1,9,1,1,0,1,9,1,1,17,2,7,0,1,0,2,0,0,4,7,5,8,3
2016.0,-300.0,0.0,0.0,3,10,0,0,0,0,1,2,1,1,0,1,2,1,1,20,2,7,0,0,0,1,1,0,6,9,5,3,2
2016.0,0.0,0.0,0.0,3,1,0,4,0,0,0,2,1,0,0,1,1,1,1,23,2,7,0,0,0,2,1,0,4,2,5,3,3
2016.0,-80.0,2.0,0.0,2,6,3,0,0,0,1,1,1,1,0,1,1,1,1,6,3,7,0,0,0,1,2,0,4,7,5,8,3
2016.0,153.0,0.0,0.0,3,6,3,0,0,0,1,9,1,1,0,1,9,1,1,6,3,7,0,0,0,1,1,0,6,8,5,8,3
2016.0,0.0,1.0,0.0,2,4,3,0,0,0,1,2,1,1,0,1,5,1,1,10,3,7,0,0,0,1,0,0,4,2,5,3,9
2016.0,125.0,0.0,0.0,3,6,3,0,0,0,1,5,1,1,0,1,5,1,1,12,3,7,0,0,0,1,1,0,4,7,5,8,3
2016.0,86.0,1.0,0.0,3,10,3,0,0,0,1,5,1,1,0,0,5,1,1,14,3,7,0,0,0,1,0,0,4,9,5,3,2
2016.0,-100.0,1.0,0.0,2,6,3,0,0,0,0,1,1,1,0,1,1,1,1,14,3,7,0,0,0,1,1,0,2,7,5,8,3
2016.0,0.0,1.0,0.0,2,4,3,0,0,0,0,9,1,1,0,1,1,1,1,15,3,7,0,0,0,1,1,0,4,2,5,3,9
2016.0,-138.0,0.0,0.0,3,10,3,0,0,0,2,9,1,1,0,1,9,1,1,15,3,7,0,0,0,0,1,0,6,5,5,3,5
2016.0,-273.0,0.0,0.0,3,6,3,0,0,0,0,5,1,1,0,1,5,1,1,16,3,7,0,1,0,2,1,0,4,7,5,8,3
2016.0,-86.0,0.0,0.0,3,6,3,0,0,0,1,5,1,1,0,0,5,1,1,16,3,7,0,1,0,1,2,0,6,5,5,8,3
2016.0,-370.0,0.0,0.0,3,1,3,0,0,0,1,2,1,1,0,1,1,1,1,17,3,7,0,1,0,1,1,0,0,2,5,3,9
2016.0,-150.0,0.0,0.0,3,1,3,0,0,0,0,9,1,1,0,0,2,1,1,18,3,7,0,1,0,2,1,0,0,2,5,3,3
2016.0,-200.0,0.0,0.0,3,6,0,0,0,0,1,5,1,1,0,1,5,1,1,20,3,7,0,0,0,1,1,0,6,7,5,9,3
2016.0,0.0,0.0,0.0,3,4,0,1,0,0,0,2,1,1,0,1,5,1,1,4,4,7,0,0,0,1,1,0,4,5,7,9,3
2016.0,0.0,2.0,0.0,1,4,3,0,0,0,1,5,1,1,0,1,1,1,1,6,4,7,0,0,0,1,1,0,2,2,5,9,3
2016.0,159.0,0.0,0.0,3,6,3,0,0,0,1,9,1,1,0,1,9,1,1,10,4,7,0,0,0,2,1,0,6,7,5,3,8
2016.0,-339.0,0.0,0.0,3,10,3,0,0,0,0,5,1,1,0,1,5,1,1,11,4,7,0,0,0,0,1,0,6,9,5,3,2
2016.0,-655.0,1.0,0.0,2,6,3,0,0,0,1,9,1,1,0,0,9,1,1,11,4,7,0,0,0,1,0,0,0,7,5,8,8
2016.0,177.0,0.0,0.0,3,6,3,0,0,0,0,5,1,1,0,0,5,1,1,12,4,7,0,0,0,1,2,0,6,7,5,8,3
2016.0,301.0,0.0,0.0,3,6,3,0,0,0,0,9,1,1,0,1,9,1,1,12,4,7,0,0,0,2,1,0,4,7,5,8,8
2016.0,-57.0,0.0,0.0,3,6,3,0,0,0,1,5,1,1,0,1,5,1,1,12,4,7,0,0,0,1,1,0,4,7,5,8,8
2016.0,-248.0,0.0,0.0,3,6,3,0,0,0,0,1,1,1,0,0,1,1,1,13,4,7,0,0,0,1,1,0,6,7,5,8,8
2016.0,-785.0,0.0,0.0,3,4,3,0,0,0,1,2,1,1,0,0,9,1,1,13,4,7,0,0,0,0,1,0,6,4,5,3,9
2016.0,816.0,0.0,0.0,3,6,3,0,0,0,1,9,1,1,0,0,9,1,1,14,4,7,0,0,0,1,0,0,6,7,5,8,3
2016.0,177.0,0.0,0.0,3,6,3,0,0,0,0,1,1,1,0,0,9,1,1,14,4,7,0,0,0,1,1,0,4,5,5,8,1
2016.0,-397.0,3.0,0.0,3,3,3,0,0,0,0,9,1,1,0,1,1,1,1,15,4,7,0,0,0,1,1,0,6,5,5,8,3
2016.0,-638.0,1.0,0.0,3,6,3,0,0,0,0,1,1,1,0,1,1,1,1,17,4,7,0,1,0,1,1,0,6,7,5,8,3
2016.0,200.0,0.0,0.0,3,5,3,0,0,0,1,5,1,1,0,1,5,1,1,17,4,7,0,1,0,1,1,0,6,5,5,8,1
2016.0,0.0,0.0,0.0,3,4,3,0,0,0,1,9,1,1,0,1,5,1,1,18,4,7,0,1,0,2,1,0,4,2,5,9,3
2016.0,0.0,0.0,0.0,3,4,0,3,4,0,1,5,1,1,0,1,2,1,1,22,4,7,0,0,1,1,2,0,4,2,5,3,9
2016.0,0.0,0.0,0.0,3,5,3,0,0,0,1,5,1,1,1,1,8,1,1,6,5,7,1,0,0,1,1,0,4,7,5,6,3
2016.0,0.0,0.0,0.0,3,6,3,0,0,0,2,1,1,1,0,0,1,1,1,9,5,7,1,1,0,0,2,0,4,5,5,3,3
2016.0,-1250.0,0.0,0.0,3,1,3,0,0,0,1,9,1,1,0,0,9,1,1,11,5,7,1,0,0,0,1,0,6,5,5,3,2
2016.0,-100.0,0.0,0.0,3,6,3,0,0,0,1,1,1,1,0,1,1,1,1,14,5,7,1,0,0,2,1,0,6,7,5,8,3
2016.0,-40.0,0.0,0.0,3,10,3,0,0,0,0,1,1,1,0,1,1,1,1,14,5,7,1,0,0,2,1,0,6,9,5,3,3
2016.0,58.0,0.0,0.0,3,10,0,0,0,0,2,9,1,1,0,0,9,1,1,23,5,7,1,0,0,0,1,0,4,9,5,3,2
2016.0,0.0,0.0,0.0,3,1,3,0,0,0,0,2,1,1,0,1,1,1,1,12,6,7,1,0,0,1,1,0,4,2,5,3,9
2016.0,-20.0,0.0,0.0,3,10,0,0,0,0,2,2,1,1,0,0,2,1,1,22,6,7,1,0,0,0,1,0,2,9,5,8,3
2016.0,128.0,0.0,0.0,3,6,3,1,0,0,1,9,1,1,0,1,9,1,1,7,0,8,0,1,0,1,1,0,4,7,5,8,3
2016.0,-325.0,1.0,0.0,3,4,3,1,0,0,0,5,1,1,0,1,1,1,1,8,0,8,0,1,0,1,2,0,6,2,5,3,9
2016.0,0.0,3.0,0.0,2,4,3,0,0,0,1,9,1,1,0,0,1,1,1,10,0,8,0,0,0,1,2,0,4,2,5,3,9
2016.0,6.0,1.0,0.0,2,5,3,0,0,2,1,9,1,1,0,0,9,1,1,10,0,8,0,0,0,1,1,0,1,2,5,9,7
2016.0,-74.0,0.0,0.0,3,6,3,0,0,0,1,9,1,1,0,1,9,1,1,11,0,8,0,0,0,1,1,0,4,7,5,3,3
2016.0,0.0,0.0,0.0,3,4,3,0,0,0,0,1,1,1,0,0,4,1,1,11,0,8,0,0,0,2,2,0,2,2,5,9,3
2016.0,0.0,2.0,0.0,2,4,3,0,0,0,0,9,1,1,0,0,2,1,1,12,0,8,0,0,0,1,1,0,4,2,5,3,9
2016.0,-600.0,0.0,0.0,3,10,3,0,0,0,1,1,1,1,0,1,1,1,1,15,0,8,0,0,0,1,1,0,6,9,5,3,2
2016.0,-54.0,0.0,0.0,3,9,3,0,0,0,1,9,1,1,0,0,1,1,1,16,0,8,0,1,0,2,1,0,4,9,5,8,3
2016.0,112.0,0.0,0.0,3,1,3,0,0,0,0,4,1,1,0,0,2,1,1,16,0,8,0,1,0,0,1,0,6,4,5,5,5
2016.0,-500.0,0.0,0.0,3,6,3,1,0,0,0,2,1,1,0,0,2,1,1,17,0,8,0,1,0,1,1,0,6,7,5,3,3
2016.0,0.0,0.0,0.0,3,5,3,0,0,0,1,9,1,1,0,0,1,1,1,18,0,8,0,1,0,1,2,0,6,5,5,8,1
2016.0,-1387.0,0.0,0.0,3,10,0,0,0,0,2,9,1,1,0,0,9,1,1,20,0,8,0,0,0,0,1,0,6,9,5,3,2
2016.0,100.0,0.0,0.0,3,10,0,4,3,0,2,9,1,1,1,1,8,1,1,5,1,8,0,0,0,0,2,0,6,5,5,6,5
2016.0,240.0,1.0,0.0,3,6,2,1,0,0,1,5,1,1,0,0,5,1,1,5,1,8,0,0,0,1,2,0,6,7,5,8,3
2016.0,-315.0,1.0,0.0,2,5,3,0,0,2,0,9,1,1,0,1,2,1,1,6,1,8,0,0,0,1,1,0,0,5,5,9,3
2016.0,0.0,0.0,0.0,3,4,3,3,4,0,1,1,1,1,0,1,5,1,1,6,1,8,0,0,1,1,1,0,4,2,5,3,9
2016.0,85.0,0.0,0.0,3,6,3,0,0,0,1,9,1,1,0,1,9,1,1,13,1,8,0,0,0,2,1,0,4,5,5,8,5
2016.0,57.0,0.0,0.0,3,6,3,0,0,0,2,5,1,1,0,0,5,1,1,15,1,8,0,0,0,0,1,0,4,7,5,8,3
2016.0,200.0,0.0,0.0,3,10,3,0,0,0,1,1,1,1,0,0,1,1,1,16,1,8,0,1,0,1,1,0,6,5,5,5,5
2016.0,244.0,0.0,0.0,3,6,3,0,0,0,1,9,1,1,0,1,9,1,1,17,1,8,0,1,0,2,1,0,6,7,5,8,3
2016.0,568.0,0.0,0.0,3,6,3,0,0,0,1,5,1,1,0,1,5,1,1,17,1,8,0,1,0,1,1,0,4,7,5,8,3
2016.0,-78.0,2.0,0.0,2,6,3,0,0,0,0,2,1,1,0,0,2,1,1,7,2,8,0,1,0,1,1,0,4,7,5,8,3
2016.0,540.0,0.0,0.0,3,10,3,0,0,0,2,1,1,1,0,0,1,1,1,10,2,8,0,0,0,0,1,0,6,9,5,3,2
2016.0,0.0,2.0,1.0,0,1,3,0,0,0,0,9,1,1,0,1,5,1,1,10,2,8,0,0,0,0,0,0,2,2,5,3,3
2016.0,45.0,0.0,0.0,3,6,3,0,0,0,1,9,1,1,0,1,9,1,1,15,2,8,0,0,0,1,0,0,4,7,5,8,3
2016.0,-132.0,0.0,0.0,3,6,3,0,0,0,0,5,1,1,0,0,5,1,1,15,2,8,0,0,0,2,1,0,6,7,5,8,3
2016.0,-305.0,1.0,0.0,3,4,3,0,0,0,0,3,1,1,0,1,9,1,1,16,2,8,0,1,0,1,1,0,0,5,5,3,9
2016.0,0.0,0.0,0.0,3,4,3,0,0,0,1,5,1,1,0,1,2,1,1,16,2,8,0,1,0,1,1,0,4,2,5,3,9
2016.0,0.0,0.0,0.0,3,4,3,1,0,0,0,2,1,1,0,1,2,1,1,18,2,8,0,1,0,2,1,0,2,3,5,9,3
2016.0,-25.0,1.0,0.0,3,6,3,1,0,0,1,2,1,1,0,0,2,1,1,6,3,8,0,0,0,2,1,0,3,8,5,8,3
2016.0,0.0,1.0,0.0,2,1,3,0,0,0,1,1,1,1,0,1,2,1,1,7,3,8,0,1,0,0,1,0,4,2,5,3,3
2016.0,0.0,0.0,0.0,3,1,3,0,0,0,1,5,1,1,0,0,9,1,1,7,3,8,0,1,0,1,1,0,4,2,5,9,3
2016.0,0.0,0.0,0.0,3,6,3,0,0,0,1,2,1,1,0,0,2,1,1,12,3,8,0,0,0,1,1,0,4,7,5,8,3
2016.0,50.0,0.0,0.0,3,6,3,0,0,0,0,9,1,1,0,1,9,1,1,13,3,8,0,0,0,2,1,0,4,7,5,8,3
2016.0,290.0,0.0,0.0,3,12,3,1,3,0,2,8,1,1,1,1,1,1,1,15,3,8,0,0,0,0,1,0,6,5,5,6,5
2016.0,108.0,0.0,0.0,3,12,3,0,0,0,0,9,1,1,0,0,9,1,1,16,3,8,0,1,0,1,1,0,4,7,5,8,3
2016.0,40.0,0.0,0.0,3,3,3,0,0,0,1,1,1,1,0,0,9,1,1,17,3,8,0,1,0,1,1,0,4,4,5,8,0
2016.0,112.0,1.0,0.0,3,6,3,0,0,0,1,9,1,1,0,0,9,1,1,17,3,8,0,1,0,2,1,0,4,7,5,8,3
2016.0,-500.0,0.0,0.0,3,4,3,1,0,0,1,1,1,1,0,0,9,1,1,17,3,8,0,1,0,0,1,0,6,2,5,3,9
2016.0,347.0,0.0,0.0,3,6,3,0,0,0,2,5,1,1,0,1,5,1,1,18,3,8,0,1,0,0,1,0,4,7,5,8,3
2016.0,0.0,0.0,0.0,3,10,3,1,0,0,0,2,1,1,0,0,2,1,1,7,4,8,0,1,0,0,1,0,2,4,5,3,9
2016.0,600.0,1.0,0.0,3,6,3,3,4,0,1,2,1,1,0,0,2,1,1,8,4,8,0,1,1,1,2,0,6,5,5,8,3
2016.0,-137.0,0.0,0.0,3,6,3,3,4,0,0,2,1,1,0,1,2,1,1,8,4,8,0,1,1,2,1,0,4,7,5,8,3
2016.0,0.0,0.0,0.0,3,4,3,3,4,0,0,4,1,1,0,0,1,1,1,8,4,8,0,1,1,1,1,0,4,5,5,3,9
2016.0,0.0,0.0,0.0,3,4,3,1,0,0,1,2,1,1,0,1,1,1,1,9,4,8,0,1,0,2,1,0,4,2,5,3,9
2016.0,-161.0,0.0,0.0,3,1,3,0,0,0,1,2,1,1,0,1,1,1,1,13,4,8,0,0,0,0,1,0,0,2,5,3,9
2016.0,-0.1,0.0,0.0,3,6,3,0,0,0,1,1,1,1,0,0,1,1,1,14,4,8,0,0,0,1,1,0,6,7,5,8,3
2016.0,-66.0,0.0,0.0,3,10,3,0,0,0,0,5,1,1,0,0,5,1,1,15,4,8,0,0,0,1,1,0,6,5,5,3,2
2016.0,-20.0,0.0,0.0,3,6,3,0,0,0,0,2,1,1,0,1,2,1,1,16,4,8,0,1,0,2,1,0,4,7,5,3,3
2016.0,-100.0,1.0,0.0,1,5,3,0,0,2,1,2,1,1,0,1,1,1,1,17,4,8,0,1,0,1,1,0,6,5,5,3,3
2016.0,-150.0,0.0,0.0,3,6,3,0,0,0,1,2,1,1,0,1,2,1,1,17,4,8,0,1,0,2,1,0,4,7,5,8,3
2016.0,-80.0,1.0,0.0,1,3,3,0,0,0,1,2,1,1,0,1,5,1,1,11,5,8,1,0,0,2,0,0,4,7,5,8,3
2016.0,-20.0,0.0,0.0,3,6,3,0,0,0,2,1,1,1,0,0,1,1,1,11,5,8,1,0,0,0,1,0,2,5,5,8,2
2016.0,0.0,0.0,0.0,3,1,3,1,0,0,1,2,1,1,0,1,1,1,1,13,5,8,1,0,0,1,0,0,4,2,5,3,9
2016.0,75.0,0.0,0.0,3,6,3,0,0,0,0,9,1,1,0,1,9,1,1,15,5,8,1,0,0,1,0,0,6,7,5,8,3
2016.0,-74.0,0.0,0.0,3,6,3,0,0,0,0,2,1,1,0,1,2,1,1,15,5,8,1,0,0,2,1,0,4,7,5,8,3
2016.0,-620.0,0.0,0.0,3,6,3,0,0,0,1,9,1,1,0,1,9,1,1,18,5,8,1,1,0,1,1,0,6,7,5,8,8
2016.0,58.0,0.0,0.0,3,6,0,0,0,0,1,3,0,1,1,1,3,1,1,2,6,8,1,0,0,1,0,0,6,7,5,6,3
2016.0,0.0,2.0,0.0,3,1,3,0,0,0,0,9,1,1,0,0,2,1,1,6,6,8,1,0,0,2,1,0,4,2,5,3,3
2016.0,0.0,2.0,0.0,2,1,3,0,0,0,1,1,1,1,0,0,5,1,1,7,6,8,1,1,0,0,2,0,2,2,5,3,3
2016.0,-60.0,0.0,0.0,3,6,3,0,0,0,0,2,1,1,0,1,2,1,1,12,6,8,1,0,0,2,1,0,6,7,5,8,3
2016.0,-249.0,0.0,0.0,3,6,3,0,0,0,1,1,1,1,0,1,1,1,1,16,6,8,1,1,0,1,2,0,6,5,5,3,3
2016.0,-50.0,0.0,0.0,3,6,0,0,0,0,0,1,1,1,0,0,1,1,1,20,6,8,1,0,0,1,1,0,4,7,5,8,3
2016.0,0.0,0.0,0.0,3,1,0,0,0,0,1,5,1,1,0,1,9,1,1,2,0,8,0,0,0,2,2,0,4,2,5,3,3
2016.0,70.0,2.0,0.0,3,6,3,0,0,0,0,5,1,1,0,1,5,1,1,6,0,8,0,0,0,2,1,0,4,7,5,8,3
2016.0,10.0,1.0,0.0,2,5,3,0,0,0,0,2,1,1,2,1,9,1,1,6,0,8,0,0,0,2,2,0,4,5,5,3,3
2016.0,30.0,0.0,0.0,3,10,3,0,0,0,0,2,1,1,0,1,2,1,1,7,0,8,0,1,0,1,1,0,6,9,5,3,3
2016.0,-360.0,0.0,0.0,3,6,3,0,0,0,1,1,1,1,0,0,1,1,1,11,0,8,0,0,0,2,1,0,6,7,5,8,3
2016.0,-45.0,1.0,0.0,2,5,3,0,0,2,0,9,1,1,0,1,2,1,1,12,0,8,0,0,0,2,0,0,4,2,5,9,3
2016.0,110.0,3.0,0.0,3,6,3,0,0,0,0,9,1,1,0,0,9,1,1,12,0,8,0,0,0,1,1,0,4,7,5,8,3
2016.0,-40.0,0.0,0.0,3,1,3,0,0,0,1,3,1,1,0,1,2,1,1,12,0,8,0,0,0,1,1,0,6,4,5,3,9
2016.0,300.0,0.0,0.0,3,4,3,0,0,0,0,4,1,1,0,0,1,1,1,15,0,8,0,0,0,1,1,0,6,2,5,3,9
2016.0,-120.0,0.0,0.0,3,4,3,0,0,0,0,5,1,0,0,1,5,1,1,16,0,8,0,1,0,1,1,0,6,4,5,3,9
2016.0,450.0,0.0,0.0,3,4,3,0,0,0,1,6,1,1,0,1,2,1,1,16,0,8,0,1,0,0,0,0,6,2,5,3,9
2016.0,-34.0,2.0,0.0,3,6,3,0,0,0,0,1,1,1,0,0,1,1,1,17,0,8,0,1,0,2,2,0,4,7,5,8,3
2016.0,0.0,0.0,0.0,3,10,3,0,0,0,2,4,1,1,0,1,4,1,1,19,0,8,0,1,0,0,1,0,2,4,5,9,9
2016.0,0.0,0.0,0.0,3,4,0,0,0,0,0,9,1,1,0,1,1,1,1,21,0,8,0,0,0,1,0,0,2,2,5,3,9
2016.0,-500.0,2.0,0.0,2,12,3,0,0,0,1,2,1,1,0,0,2,1,1,7,1,8,0,1,0,2,2,0,6,7,5,8,3
2016.0,0.1,0.0,0.0,3,10,3,0,0,0,0,9,1,1,0,0,9,1,1,7,1,8,0,1,0,2,1,0,6,9,5,3,2
2016.0,-70.0,0.0,0.0,3,1,3,0,0,0,0,9,1,1,0,0,9,1,1,9,1,8,0,1,0,0,1,0,4,4,5,9,9
2016.0,170.0,0.0,0.0,3,6,3,3,4,0,0,5,1,1,0,1,5,1,1,11,1,8,0,0,1,1,1,0,4,7,5,8,3
2016.0,-33.0,1.0,0.0,2,5,3,0,0,2,0,5,1,1,0,0,1,1,1,12,1,8,0,0,0,1,1,0,2,2,5,3,3
2016.0,-75.0,0.0,0.0,3,10,3,0,0,0,0,5,1,1,0,1,5,1,1,14,1,8,0,0,0,1,1,0,4,9,9,2,2
2016.0,0.0,0.0,0.0,3,4,3,0,0,0,1,1,1,1,0,1,9,1,1,14,1,8,0,0,0,2,1,0,4,2,5,3,9
2016.0,100.0,1.0,0.0,3,6,3,0,0,0,0,1,1,1,0,1,1,1,1,15,1,8,0,0,0,2,2,0,6,7,5,3,3
2016.0,-70.0,0.0,0.0,3,6,3,0,0,0,1,2,1,1,0,0,2,1,1,16,1,8,0,1,0,2,1,0,4,7,5,8,3
2016.0,901.0,0.0,0.0,3,4,3,0,0,0,1,4,1,1,0,1,9,1,1,16,1,8,0,1,0,2,1,0,0,2,5,3,9
2016.0,-128.0,0.0,0.0,3,1,3,0,0,0,0,1,1,1,0,0,5,1,1,16,1,8,0,1,0,2,1,0,6,2,5,3,9
2016.0,-500.0,0.0,0.0,3,10,3,0,0,0,0,1,1,1,0,0,1,1,1,16,1,8,0,1,0,2,2,0,6,5,5,3,3
2016.0,0.2,1.0,0.0,2,6,3,0,0,0,0,3,1,1,0,0,5,1,1,16,1,8,0,1,0,1,0,0,6,2,5,3,9
2016.0,-455.0,2.0,0.0,2,6,3,0,0,0,0,1,1,1,0,1,1,1,1,17,1,8,0,1,0,1,1,0,6,7,5,8,3
2016.0,60.0,0.0,0.0,3,6,0,0,0,0,1,2,1,1,0,0,2,1,1,19,1,8,0,1,0,2,1,0,4,7,5,8,3
2016.0,50.0,0.0,0.0,3,10,0,0,0,0,1,1,1,1,0,1,1,1,1,23,1,8,0,0,0,1,1,0,4,9,5,3,3
2016.0,0.1,1.0,0.0,3,4,3,0,0,0,0,9,1,1,0,1,9,1,1,7,2,8,0,1,0,1,1,0,6,5,8,9,3
2016.0,196.0,0.0,0.0,3,10,3,0,0,0,0,2,1,1,0,1,2,1,1,8,2,8,0,1,0,1,1,0,0,9,5,3,2
2016.0,-200.0,3.0,0.0,2,6,3,0,0,0,0,5,1,1,0,0,5,1,1,8,2,8,0,1,0,1,1,0,6,7,5,8,3
2016.0,0.0,0.0,0.0,3,8,3,0,0,0,1,9,1,1,0,0,2,1,1,15,2,8,0,0,0,1,1,0,2,2,5,3,9
2016.0,415.0,0.0,0.0,3,4,3,1,0,0,1,1,1,1,0,1,9,1,1,17,2,8,0,1,0,1,0,0,0,2,5,3,9
2016.0,-73.0,0.0,0.0,3,6,3,0,0,0,0,1,1,1,0,1,1,1,1,17,2,8,0,1,0,2,1,0,4,7,5,3,3
2016.0,410.0,0.0,0.0,3,4,3,1,0,0,1,5,1,1,0,0,9,1,1,18,2,8,0,1,0,1,1,0,6,9,5,9,2
2016.0,200.0,0.0,0.0,3,6,3,1,0,0,1,9,1,1,0,0,9,1,1,18,2,8,0,1,0,1,1,0,6,7,5,8,3
2016.0,0.0,0.0,0.0,3,1,3,0,0,0,0,2,1,1,0,1,1,1,1,18,2,8,0,1,0,2,1,0,2,2,5,3,3
2016.0,0.0,0.0,0.0,3,4,0,3,4,0,1,9,1,1,0,1,5,1,1,4,3,8,0,0,1,2,1,0,4,2,5,3,9
2016.0,0.0,0.0,0.0,3,10,3,0,0,0,0,2,1,1,0,0,2,1,1,8,3,8,0,1,0,1,2,0,4,5,5,9,9
2016.0,0.0,1.0,0.0,2,1,3,0,0,0,1,9,1,1,0,1,5,1,1,9,3,8,0,1,0,2,1,0,4,2,5,9,3
2016.0,13.0,0.0,0.0,3,5,3,0,0,2,2,2,1,1,0,1,9,1,1,11,3,8,0,0,0,0,1,0,4,2,5,3,3
2016.0,-60.0,0.0,0.0,3,6,3,0,0,0,0,2,1,1,0,0,2,1,1,12,3,8,0,0,0,2,2,0,4,7,5,8,3
2016.0,-223.0,0.0,0.0,3,10,3,0,0,0,1,2,1,1,0,1,2,1,1,12,3,8,0,0,0,1,2,0,6,5,5,3,0
2016.0,-150.0,0.0,0.0,3,6,3,0,0,0,1,2,1,1,0,0,2,1,1,13,3,8,0,0,0,2,1,0,4,7,5,8,3
2016.0,0.0,0.0,0.0,3,6,3,0,0,0,0,4,1,1,0,1,4,1,1,14,3,8,0,0,0,2,2,0,2,7,5,8,3
2016.0,-237.0,0.0,0.0,3,6,3,0,0,0,0,1,1,1,0,1,1,1,1,15,3,8,0,0,0,2,1,0,4,7,5,8,3
2016.0,460.0,0.0,0.0,3,1,3,0,0,0,0,2,1,1,0,1,1,1,1,16,3,8,0,1,0,2,2,0,6,2,5,3,9
2016.0,48.0,0.0,0.0,3,6,3,0,0,0,1,5,1,1,0,1,5,1,1,16,3,8,0,1,0,1,1,0,4,7,5,8,3
2016.0,-70.0,0.0,0.0,3,6,3,0,0,0,1,2,1,1,0,1,2,1,1,16,3,8,0,1,0,2,1,0,4,7,5,8,3
2016.0,129.0,0.0,0.0,3,6,3,0,0,0,1,5,1,1,0,0,5,1,1,17,3,8,0,1,0,2,1,0,6,7,5,8,3
2016.0,0.0,0.0,0.0,3,1,4,0,0,0,2,2,1,1,0,0,1,1,1,18,3,8,0,1,0,0,1,0,4,2,5,3,3
2016.0,-50.0,1.0,0.0,3,6,0,0,0,0,1,5,1,1,0,0,5,1,1,20,3,8,0,0,0,1,0,0,2,7,5,8,3
2016.0,-237.0,0.0,0.0,3,6,0,0,0,0,0,2,1,1,0,0,2,1,1,21,3,8,0,0,0,2,2,0,6,7,5,8,3
2016.0,0.0,0.0,0.0,3,4,0,0,0,0,1,5,1,1,0,0,9,1,1,22,3,8,0,0,0,1,2,0,2,2,5,9,3
2016.0,-396.0,0.0,0.0,3,6,3,0,0,0,0,9,1,1,0,1,9,1,1,9,4,8,0,1,0,0,1,0,0,7,5,8,3
2016.0,0.0,0.0,0.0,3,4,3,0,0,0,1,4,1,1,0,0,5,1,1,11,4,8,0,0,0,0,1,0,4,2,5,3,9