Year,Distance,Totalinjuries,Totalfatalities,Injuryseverity,Collisionmanner,Lightcondition,Weather,SurfaceCondition,Unittype_One,Gender_Drv1,Traveldirection_One,AlcoholUse_Drv1,DrugUse_Drv1,Unittype_Two,Gender_Drv2,Traveldirection_Two,AlcoholUse_Drv2,DrugUse_Drv2,Hour,Weekday,Month,Weekend,Rush_Hour,Hazardous_Road,Age_Group_Drv1,Age_Group_Drv2,Substance_Use,Junction_Category,Violation_Category_Drv1,Violation_Category_Drv2,Unitaction_Category_Two,Unitaction_Category_One
2016.0,30.0,0.0,0.0,3,6,3,0,0,0,2,9,1,1,0,1,9,1,1,14,4,8,0,0,0,0,2,0,4,5,5,8,5
2016.0,0.0,0.0,0.0,3,1,3,0,0,0,0,2,1,1,0,0,1,1,1,17,4,8,0,1,0,1,2,0,4,5,5,3,3
2016.0,-50.0,0.0,0.0,3,6,3,0,0,0,1,1,1,1,0,1,1,1,1,17,4,8,0,1,0,1,0,0,6,9,5,3,2
2016.0,0.0,1.0,0.0,3,4,3,0,0,0,0,2,1,1,0,1,5,1,1,19,4,8,0,1,0,1,1,0,4,4,5,9,9
2016.0,135.0,0.0,0.0,3,6,0,0,0,0,1,1,1,1,0,1,1,1,1,21,4,8,0,0,0,1,1,0,6,7,5,8,3
2016.0,-85.0,0.0,0.0,3,6,0,0,0,0,1,2,1,1,0,0,2,1,1,2,5,8,1,0,0,1,2,0,4,7,5,8,3
2016.0,0.0,0.0,0.0,3,4,3,0,0,0,1,6,1,1,0,0,2,1,1,8,5,8,1,1,0,2,2,0,4,2,5,3,9
2016.0,128.0,0.0,0.0,3,10,3,0,0,0,2,1,1,1,1,1,1,1,1,14,5,8,1,0,0,0,2,0,6,9,5,6,3
2016.0,60.0,1.0,0.0,3,4,3,0,0,0,0,9,1,1,0,0,9,1,1,15,5,8,1,0,0,1,0,0,4,7,5,9,9
2016.0,83.0,0.0,0.0,3,6,3,0,0,0,1,9,1,1,0,0,9,1,1,15,5,8,1,0,0,1,2,0,4,7,5,8,3
2016.0,-117.0,0.0,0.0,3,6,3,0,0,0,1,1,1,1,0,1,1,1,1,15,5,8,1,0,0,2,1,0,4,7,5,3,3
2016.0,-36.0,2.0,0.0,3,6,3,0,0,0,1,2,1,1,0,0,2,1,1,15,5,8,1,0,0,1,1,0,6,7,5,8,3
2016.0,0.0,0.0,0.0,3,4,3,0,0,0,0,5,1,1,0,0,1,1,1,15,5,8,1,0,0,1,1,0,4,2,5,9,3
2016.0,0.0,0.0,0.0,3,4,0,0,0,0,1,5,1,1,0,0,1,1,1,16,5,8,1,1,0,0,2,0,4,4,5,3,9
2016.0,120.0,0.0,0.0,3,10,3,0,0,0,1,5,1,1,0,1,5,1,1,16,5,8,1,1,0,1,1,0,6,5,5,3,3
2016.0,-50.0,0.0,0.0,3,6,3,1,0,0,1,2,1,1,0,0,2,1,1,17,5,8,1,1,0,1,1,0,4,7,5,8,3
2016.0,0.0,0.0,0.0,3,10,4,0,0,0,1,5,1,1,0,1,5,1,1,19,5,8,1,1,0,1,1,0,6,4,5,3,3
2016.0,-40.0,0.0,0.0,3,6,0,0,0,0,0,2,1,1,0,1,2,1,1,20,5,8,1,0,0,1,1,0,4,7,5,8,3
2016.0,0.0,0.0,0.0,3,1,0,0,0,0,0,5,1,1,0,1,9,1,1,21,5,8,1,0,0,2,2,0,4,4,5,9,9
2016.0,0.0,0.0,0.0,3,6,0,0,0,0,1,5,1,1,0,1,5,1,1,22,5,8,1,0,0,2,1,0,4,8,5,9,9
2016.0,-200.0,0.0,0.0,3,6,3,0,0,0,1,2,1,1,0,1,2,1,1,14,6,8,1,0,0,2,1,0,4,8,5,3,3
2016.0,-20.0,0.0,0.0,3,6,0,0,0,0,1,2,1,1,0,0,2,1,1,21,6,8,1,0,0,1,0,0,3,7,5,8,3
2016.0,70.0,0.0,0.0,3,6,3,0,0,0,1,9,1,1,0,0,9,1,1,5,0,8,0,0,0,1,1,0,4,7,5,8,3
2016.0,0.0,0.0,0.0,3,4,3,0,0,0,0,9,1,1,0,1,1,1,1,6,0,8,0,0,0,1,1,0,4,2,5,9,3
2016.0,-200.0,0.0,0.0,3,10,3,0,0,0,2,1,1,1,0,0,1,1,1,12,0,8,0,0,0,0,2,0,6,5,5,3,3
2016.0,-600.0,1.0,0.0,2,5,3,0,0,0,1,9,1,1,0,1,9,1,1,12,0,8,0,0,0,1,1,0,6,5,5,8,1
2016.0,-230.0,0.0,0.0,3,9,3,0,0,0,0,9,1,1,0,0,1,1,1,12,0,8,0,0,0,0,1,0,6,9,5,8,3
2016.0,200.0,0.0,0.0,3,6,3,0,0,0,1,9,1,1,0,1,9,1,1,16,0,8,0,1,0,1,1,0,6,7,5,8,3
2016.0,170.0,1.0,0.0,2,5,3,0,0,3,1,9,1,1,0,0,5,1,1,17,0,8,0,1,0,1,1,0,4,6,5,3,7
2016.0,-58.0,1.0,0.0,3,1,3,0,0,0,1,5,1,1,0,1,1,1,1,18,0,8,0,1,0,2,1,0,4,5,5,8,3
2016.0,-119.0,1.0,0.0,1,5,0,0,0,3,1,9,0,1,0,1,5,1,1,0,1,8,0,0,0,1,1,0,6,2,5,3,7
2016.0,0.0,1.0,0.0,3,1,3,0,0,0,1,9,0,1,0,0,2,1,1,7,1,8,0,1,0,2,0,0,4,2,5,3,3
2016.0,-110.0,0.0,0.0,3,10,3,0,0,0,1,8,1,1,0,1,8,1,1,9,1,8,0,1,0,0,1,0,6,9,5,3,9
2016.0,0.0,0.0,0.0,3,1,3,0,0,0,1,9,1,1,0,1,5,1,1,10,1,8,0,0,0,1,1,0,4,2,5,3,3
2016.0,-70.0,1.0,0.0,2,6,3,0,0,0,1,2,1,1,0,1,2,1,1,11,1,8,0,0,0,1,1,0,4,7,5,8,3
2016.0,126.0,0.0,0.0,3,6,3,0,0,0,0,1,1,1,0,0,1,1,1,12,1,8,0,0,0,1,2,0,6,7,5,8,3
2016.0,-430.0,0.0,0.0,3,6,3,0,0,0,1,1,1,1,0,0,1,1,1,13,1,8,0,0,0,1,1,0,6,7,5,8,3
2016.0,-83.0,0.0,0.0,3,6,3,0,0,0,0,2,1,1,0,0,2,1,1,14,1,8,0,0,0,2,1,0,2,7,5,8,3
2016.0,-35.0,2.0,0.0,3,6,3,0,0,0,1,5,1,1,0,1,5,1,1,15,1,8,0,0,0,1,1,0,6,7,5,8,3
2016.0,75.0,0.0,0.0,3,10,3,0,0,0,0,1,1,1,0,0,1,1,1,15,1,8,0,0,0,1,1,0,6,9,5,3,2
2016.0,45.0,0.0,0.0,3,6,3,0,0,0,1,1,1,1,0,1,1,1,1,16,1,8,0,1,0,1,1,0,6,7,5,8,3
2016.0,0.0,0.0,0.0,3,10,3,0,0,0,1,2,1,1,0,1,2,1,1,17,1,8,0,1,0,1,1,0,2,9,5,9,3
2016.0,140.0,0.0,0.0,3,6,3,0,0,0,0,9,1,1,0,0,9,1,1,17,1,8,0,1,0,2,1,0,6,7,5,8,8
2016.0,629.0,1.0,0.0,3,6,3,0,0,0,1,5,1,1,0,0,5,1,1,17,1,8,0,1,0,2,2,0,6,7,5,8,3
2016.0,0.0,0.0,0.0,3,1,0,1,0,0,0,2,1,1,0,1,2,1,1,21,1,8,0,0,0,2,2,0,4,7,5,9,3
2016.0,20.0,0.0,0.0,3,6,0,0,0,0,1,2,1,1,0,1,2,1,1,21,1,8,0,0,0,2,1,0,6,4,5,8,9
2016.0,0.0,2.0,0.0,2,4,3,0,0,0,1,2,1,1,0,0,1,1,1,7,2,8,0,1,0,2,1,0,4,2,5,3,9
2016.0,-90.0,4.0,0.0,2,6,3,0,0,0,2,1,1,1,0,0,1,1,1,7,2,8,0,1,0,0,1,0,4,7,5,8,3
2016.0,-96.0,2.0,0.0,2,6,3,0,0,0,1,5,1,1,0,1,5,1,1,11,2,8,0,0,0,1,1,0,4,7,5,8,3
2016.0,0.0,2.0,0.0,3,4,3,0,0,0,1,9,1,1,0,0,1,1,1,12,2,8,0,0,0,1,1,0,4,5,5,3,9
2016.0,30.0,0.0,0.0,3,10,3,0,0,0,0,2,1,1,0,1,2,1,1,12,2,8,0,0,0,0,0,0,4,5,5,9,9
2016.0,0.0,0.0,0.0,3,1,3,0,0,0,0,1,1,1,0,0,5,1,1,13,2,8,0,0,0,0,1,0,4,2,5,3,9
2016.0,150.0,1.0,0.0,2,6,3,0,0,0,0,1,1,1,0,1,1,1,1,14,2,8,0,0,0,1,2,0,6,7,5,8,3
2016.0,225.0,0.0,0.0,3,4,3,0,0,0,0,5,1,1,0,0,2,1,1,15,2,8,0,0,0,0,0,0,6,2,5,3,9
2016.0,-69.0,2.0,0.0,3,6,3,0,0,0,0,1,1,1,0,1,1,1,1,16,2,8,0,1,0,2,1,0,4,7,5,8,3
2016.0,55.0,0.0,0.0,3,6,3,0,0,0,1,5,1,1,0,1,5,1,1,16,2,8,0,1,0,1,1,0,4,7,5,8,3
2016.0,-67.0,0.0,0.0,3,6,3,0,0,0,0,9,1,1,0,1,9,1,1,16,2,8,0,1,0,2,2,0,4,7,5,8,8
2016.0,219.0,2.0,0.0,2,5,3,0,0,3,1,1,1,1,0,0,5,1,1,17,2,8,0,1,0,1,1,0,6,6,5,3,7
2016.0,393.0,5.0,0.0,3,6,3,0,0,0,1,9,1,1,0,1,9,1,1,18,2,8,0,1,0,2,1,0,6,7,5,8,3
2016.0,-305.0,0.0,0.0,3,6,0,0,0,0,0,2,1,1,0,1,2,1,1,20,2,8,0,0,0,1,1,0,6,7,5,3,3
2016.0,0.0,0.0,0.0,3,6,3,0,0,0,2,2,1,1,0,1,2,1,1,8,3,8,0,1,0,0,0,0,4,7,5,8,3
2016.0,-575.0,1.0,0.0,2,6,3,0,0,0,0,2,1,1,0,0,2,1,1,10,3,8,0,0,0,2,2,0,6,7,5,8,3
2016.0,358.0,0.0,0.0,3,6,3,0,0,0,0,1,1,1,0,1,1,1,1,14,3,8,0,0,0,2,2,0,6,7,5,8,3
2016.0,-59.0,0.0,0.0,3,1,3,0,0,0,0,2,1,1,0,1,9,1,1,14,3,8,0,0,0,1,2,0,4,2,5,3,9
2016.0,450.0,0.0,0.0,3,6,3,0,0,0,1,2,1,1,0,1,2,1,1,14,3,8,0,0,0,2,2,0,6,7,5,8,3
2016.0,-191.0,2.0,0.0,3,6,3,0,0,0,0,1,1,1,0,1,1,1,1,14,3,8,0,0,0,1,1,0,4,7,5,8,3
2016.0,-60.0,0.0,0.0,3,6,3,0,0,0,1,2,1,1,0,1,2,1,1,15,3,8,0,0,0,2,2,0,6,7,5,8,3
2016.0,0.0,0.0,0.0,3,4,3,0,0,0,0,2,1,1,0,0,5,1,1,15,3,8,0,0,0,1,2,0,4,5,5,9,3
2016.0,431.0,1.0,0.0,3,4,3,0,0,0,0,4,1,1,0,1,5,1,1,15,3,8,0,0,0,1,0,0,0,5,5,3,9
2016.0,0.0,2.0,0.0,3,1,3,0,0,0,0,2,1,1,0,1,1,1,1,16,3,8,0,1,0,2,2,0,4,2,5,3,9
2016.0,0.0,0.0,0.0,3,4,3,0,0,0,0,2,1,1,0,0,5,1,1,16,3,8,0,1,0,1,1,0,4,2,5,3,9
2016.0,0.0,1.0,0.0,3,1,3,0,0,0,0,1,1,1,0,0,5,1,1,17,3,8,0,1,0,1,1,0,4,2,5,3,3
2016.0,0.0,1.0,0.0,3,4,4,1,0,0,0,2,1,1,0,1,5,1,1,17,3,8,0,1,0,2,1,0,4,2,5,3,9
2016.0,0.0,0.0,0.0,3,1,3,0,0,0,0,2,1,1,0,0,9,1,1,18,3,8,0,1,0,1,2,0,4,2,5,3,3
2016.0,0.0,3.0,0.0,2,4,3,0,0,0,0,2,1,1,0,1,1,1,1,18,3,8,0,1,0,1,2,0,4,2,5,3,9
2016.0,909.0,0.0,0.0,3,6,0,0,0,0,0,2,1,1,0,0,2,1,1,19,3,8,0,1,0,1,2,0,4,7,5,8,3
2016.0,0.0,0.0,0.0,3,10,0,0,0,0,1,2,1,1,0,0,2,1,1,22,3,8,0,0,0,2,2,0,4,9,5,9,3
2016.0,488.0,1.0,0.0,3,6,3,0,0,0,1,1,1,1,0,0,1,1,1,7,4,8,0,1,0,0,1,0,6,7,5,8,3
2016.0,0.0,0.0,0.0,3,4,3,0,0,0,0,9,1,1,0,0,1,1,1,7,4,8,0,1,0,1,1,0,4,2,5,3,9
2016.0,0.0,0.0,0.0,3,6,3,0,0,0,0,5,1,1,0,0,5,1,1,7,4,8,0,1,0,1,2,0,4,7,5,8,3
2016.0,0.0,1.0,0.0,2,1,3,0,0,0,0,9,1,1,0,0,2,1,1,7,4,8,0,1,0,1,1,0,4,2,5,3,3
2016.0,-197.0,0.0,0.0,3,10,3,0,0,0,1,1,1,1,0,0,1,1,1,8,4,8,0,1,0,0,1,0,6,9,5,3,2
2016.0,0.0,3.0,0.0,2,1,3,0,0,0,1,9,1,1,0,1,5,1,1,8,4,8,0,1,0,0,1,0,6,2,5,3,3
2016.0,0.0,0.0,0.0,3,6,3,0,0,0,1,5,1,1,0,1,7,1,1,9,4,8,0,1,0,1,1,0,4,7,5,9,3
2016.0,-75.0,0.0,0.0,3,10,3,0,0,0,1,2,1,1,0,0,2,1,1,11,4,8,0,0,0,1,2,0,4,4,5,8,9
2016.0,-145.0,0.0,0.0,3,1,3,0,0,0,0,2,1,1,0,0,1,1,1,12,4,8,0,0,0,1,1,0,6,7,5,8,9
2016.0,47.0,1.0,0.0,2,5,3,0,3,2,1,1,1,1,0,0,5,1,1,13,4,8,0,0,0,2,2,0,4,5,5,9,3
2016.0,-142.0,0.0,0.0,3,10,3,0,0,0,1,1,1,1,0,0,1,1,1,14,4,8,0,0,0,0,1,0,6,9,5,3,2
2016.0,-150.0,0.0,0.0,3,10,3,0,0,0,1,1,1,1,0,0,1,1,1,14,4,8,0,0,0,1,2,0,6,5,5,8,3
2016.0,-147.0,1.0,0.0,3,6,3,0,0,0,1,5,1,1,0,0,5,1,1,15,4,8,0,0,0,2,1,0,6,7,5,8,5
2016.0,-40.0,0.0,0.0,3,10,3,0,0,0,2,1,1,1,0,0,1,1,1,15,4,8,0,0,0,0,1,0,4,9,5,3,2
2016.0,-140.0,0.0,0.0,3,6,3,0,0,0,1,1,1,1,0,1,1,1,1,16,4,8,0,1,0,1,1,0,6,7,5,8,3
2016.0,0.0,1.0,0.0,2,4,3,0,0,0,1,9,1,1,0,1,1,1,1,16,4,8,0,1,0,0,0,0,4,2,5,3,9
2016.0,52.0,0.0,0.0,3,6,3,0,0,0,1,9,1,1,0,1,9,1,1,16,4,8,0,1,0,2,1,0,6,7,5,8,3
2016.0,-328.0,0.0,0.0,3,4,3,0,0,0,1,2,1,1,0,0,5,1,1,17,4,8,0,1,0,1,1,0,0,2,4,2,9
2016.0,200.0,0.0,0.0,3,10,3,0,3,0,2,2,1,1,0,0,2,1,1,17,4,8,0,1,0,0,1,0,6,9,5,3,5
2016.0,-78.0,0.0,0.0,3,4,3,0,0,0,1,1,1,1,0,1,9,1,1,17,4,8,0,1,0,1,2,0,6,2,5,3,9
2016.0,-1350.0,1.0,0.0,2,6,3,0,0,0,1,5,0,1,0,1,5,1,1,18,4,8,0,1,0,2,1,0,6,7,5,8,3
2016.0,-190.0,0.0,0.0,3,1,0,0,0,0,0,5,1,1,0,1,9,1,1,20,4,8,0,0,0,1,1,0,6,4,5,9,2
2016.0,-200.0,0.0,0.0,3,10,0,0,0,0,2,2,1,1,0,0,2,1,1,21,4,8,0,0,0,0,1,0,4,9,5,3,2
2016.0,0.0,1.0,0.0,3,6,3,0,0,0,1,1,1,1,0,0,1,1,1,23,4,8,0,0,0,2,1,0,4,7,5,9,9
2016.0,0.0,0.0,0.0,3,6,3,0,0,0,1,9,1,1,0,0,2,1,1,9,5,8,1,1,0,1,2,0,4,2,5,3,3
2016.0,183.0,0.0,0.0,3,1,3,0,0,0,1,2,1,1,0,0,2,1,1,9,5,8,1,1,0,0,1,0,6,9,5,3,2
2016.0,-25.0,0.0,0.0,3,6,3,0,0,0,0,1,1,1,0,1,1,1,1,10,5,8,1,0,0,0,1,0,4,7,5,8,3
2016.0,650.0,0.0,0.0,3,6,3,0,0,0,1,5,1,1,0,0,5,1,1,14,5,8,1,0,0,2,2,0,6,7,5,8,3
2016.0,-50.0,0.0,0.0,3,6,3,1,0,0,1,1,1,1,0,0,1,1,1,17,5,8,1,1,0,1,1,0,4,7,5,8,3
2016.0,-50.0,0.0,0.0,3,10,4,3,4,0,2,2,1,1,0,0,2,1,1,18,5,8,1,1,1,0,1,0,4,9,5,3,2
2016.0,-32.0,0.0,0.0,3,6,0,1,0,0,1,1,1,1,0,0,1,1,1,20,5,8,1,0,0,2,1,0,4,7,5,8,8
2016.0,0.0,0.0,0.0,3,1,0,0,0,0,1,1,1,1,0,1,5,1,1,23,5,8,1,0,0,1,2,0,4,2,5,9,3
2016.0,100.0,0.0,0.0,3,10,0,0,0,0,0,9,1,1,0,1,9,1,1,23,5,8,1,0,0,2,1,0,4,9,5,8,2
2016.0,0.0,0.0,0.0,3,4,0,0,0,0,1,5,1,1,0,0,2,1,1,0,6,8,1,0,0,2,2,0,4,2,5,3,9
2016.0,-310.0,0.0,0.0,3,1,0,0,0,0,1,9,0,1,1,1,1,1,1,1,6,8,1,0,0,2,1,0,6,7,5,6,3
2016.0,-600.0,0.0,0.0,3,12,3,0,0,0,2,8,1,1,1,1,9,1,1,13,6,8,1,0,0,0,1,0,6,5,5,6,5
2016.0,35.0,0.0,0.0,3,6,3,0,0,0,1,5,1,1,0,0,5,1,1,13,6,8,1,0,0,1,2,0,4,7,5,8,3
2016.0,12.0,1.0,0.0,2,5,3,0,0,0,0,2,1,1,3,0,5,1,1,14,6,8,1,0,0,1,1,0,4,7,5,7,9
2016.0,0.0,2.0,0.0,3,5,3,0,0,0,0,1,1,1,0,0,2,1,1,15,6,8,1,0,0,1,1,0,4,5,5,9,3
2016.0,235.0,0.0,0.0,3,1,3,0,0,0,0,9,1,1,0,1,5,1,1,16,6,8,1,1,0,0,2,0,0,2,5,3,9
2016.0,30.0,0.0,0.0,3,6,3,0,0,0,2,9,1,1,0,1,9,1,1,16,6,8,1,1,0,0,1,0,2,5,5,8,5
2016.0,17.0,0.0,0.0,3,6,3,1,0,0,1,5,0,1,0,1,5,1,1,17,6,8,1,1,0,2,1,0,4,7,5,3,3
2016.0,155.0,0.0,0.0,3,1,3,3,4,0,1,9,1,1,1,1,1,1,1,17,6,8,1,1,1,2,1,0,6,7,5,6,3
2016.0,0.0,0.0,0.0,3,10,0,0,0,0,0,5,0,1,0,1,5,1,1,23,6,8,1,0,0,1,2,0,4,4,5,9,9
2016.0,-3.0,0.0,0.0,3,1,3,0,0,0,0,1,1,1,0,0,1,1,1,8,0,8,0,1,0,1,1,0,4,7,5,9,3
2016.0,18.0,1.0,0.0,3,10,3,0,0,0,1,2,0,1,0,0,2,1,1,11,0,8,0,0,0,1,2,0,6,9,5,3,9
2016.0,22.0,0.0,0.0,3,5,3,0,0,0,1,2,1,1,0,1,5,1,1,13,0,8,0,0,0,1,2,0,4,5,5,8,1
2016.0,-460.0,1.0,0.0,2,4,3,0,0,0,0,9,1,1,0,1,2,1,1,14,0,8,0,0,0,1,2,0,0,2,5,3,9
2016.0,355.0,2.0,0.0,3,6,3,0,0,0,1,5,1,1,0,1,5,1,1,14,0,8,0,0,0,1,2,0,6,7,5,8,3
2016.0,0.0,0.0,0.0,3,1,3,0,0,0,0,9,1,1,0,0,9,1,1,14,0,8,0,0,0,1,1,0,0,5,9,9,9
2016.0,-180.0,0.0,0.0,3,6,3,0,0,0,1,2,1,1,0,1,2,1,1,16,0,8,0,1,0,2,1,0,6,7,5,8,3
2016.0,45.0,0.0,0.0,3,6,3,0,0,0,0,5,1,1,0,0,5,1,1,17,0,8,0,1,0,2,2,0,4,7,5,8,3
2016.0,-310.0,0.0,0.0,3,6,3,0,0,0,1,1,1,1,0,0,1,1,1,17,0,8,0,1,0,1,2,0,6,7,5,8,3
2016.0,-320.0,0.0,0.0,3,6,3,0,0,0,0,1,1,1,0,0,1,1,1,18,0,8,0,1,0,2,1,0,6,7,5,8,8
2016.0,241.0,0.0,0.0,3,6,0,0,0,0,0,5,1,1,0,0,5,1,1,20,0,8,0,0,0,1,2,0,4,1,5,8,3
2016.0,-60.0,0.0,0.0,3,10,0,0,0,0,2,5,1,1,1,1,5,1,1,21,0,8,0,0,0,0,1,0,6,5,5,6,5
2016.0,294.0,0.0,0.0,3,6,0,0,0,0,1,2,1,1,0,0,2,1,1,22,0,8,0,0,0,2,1,0,6,7,5,8,3
2016.0,0.0,2.0,0.0,2,1,3,0,0,0,0,9,1,1,0,1,2,1,1,7,1,8,0,1,0,0,1,0,4,5,5,3,3
2016.0,-570.0,2.0,0.0,2,4,3,0,0,0,0,9,1,1,0,0,2,1,1,7,1,8,0,1,0,1,0,0,0,2,5,3,9
2016.0,0.0,1.0,0.0,2,4,3,0,0,0,0,5,1,1,0,1,2,1,1,8,1,8,0,1,0,1,1,0,2,2,5,9,3
2016.0,0.0,0.0,0.0,3,6,3,0,0,0,0,2,1,1,0,1,2,1,1,9,1,8,0,1,0,2,2,0,4,7,5,8,3
2016.0,105.0,1.0,0.0,2,6,3,0,0,0,0,9,1,1,0,0,9,1,1,10,1,8,0,0,0,1,2,0,2,7,5,8,3
2016.0,-118.0,0.0,0.0,3,6,3,0,0,0,2,2,1,1,0,0,2,1,1,10,1,8,0,0,0,0,1,0,4,7,5,8,3
2016.0,0.0,2.0,0.0,2,4,3,0,0,0,1,5,1,1,0,1,2,1,1,11,1,8,0,0,0,2,1,0,4,2,5,3,9
2016.0,560.0,1.0,0.0,2,12,3,0,0,0,0,2,1,1,0,1,1,1,1,11,1,8,0,0,0,1,2,0,4,2,5,3,9
2016.0,400.0,1.0,0.0,3,4,3,0,0,0,1,6,1,1,0,1,9,1,1,13,1,8,0,0,0,2,1,0,0,2,5,3,9
2016.0,150.0,0.0,0.0,3,6,3,0,0,0,1,5,1,1,0,1,5,1,1,14,1,8,0,0,0,2,2,0,4,7,5,8,3
2016.0,-80.0,0.0,0.0,3,1,3,0,0,0,0,5,1,1,0,0,9,1,1,15,1,8,0,0,0,1,1,0,4,2,5,3,9
2016.0,326.0,2.0,0.0,2,6,3,0,0,0,1,1,1,1,0,1,1,1,1,16,1,8,0,1,0,2,2,0,6,7,5,8,3
2016.0,-80.0,0.0,0.0,3,6,3,0,0,0,0,1,1,1,0,0,1,1,1,16,1,8,0,1,0,0,1,0,2,7,5,8,3
2016.0,-15.0,0.0,0.0,3,10,3,0,0,0,1,1,1,1,0,0,1,1,1,17,1,8,0,1,0,1,2,0,4,9,5,5,5
2016.0,-211.0,0.0,0.0,3,6,3,0,0,0,1,5,1,1,0,0,5,1,1,17,1,8,0,1,0,2,2,0,6,7,5,8,3
2016.0,-79.0,0.0,0.0,3,6,3,0,0,0,1,5,1,1,0,0,5,1,1,17,1,8,0,1,0,2,1,0,4,7,5,8,3
2016.0,0.0,1.0,0.0,2,4,3,0,0,0,1,9,1,1,0,1,2,1,1,18,1,8,0,1,0,1,2,0,4,2,5,9,3
2016.0,0.0,0.0,0.0,3,4,0,0,0,0,0,1,1,1,0,1,9,1,1,20,1,8,0,0,0,1,1,0,4,4,5,3,9
2016.0,-350.0,0.0,0.0,3,6,0,0,0,0,1,1,1,1,0,0,1,1,1,20,1,8,0,0,0,2,0,0,4,7,5,8,3
2016.0,-92.0,0.0,0.0,3,4,0,0,0,0,1,9,1,1,0,1,2,1,1,20,1,8,0,0,0,0,1,0,0,2,5,3,9
2016.0,539.0,0.0,0.0,3,6,3,0,0,0,0,9,1,1,0,0,9,1,1,7,2,8,0,1,0,1,0,0,4,7,5,8,3
2016.0,-115.0,1.0,0.0,2,10,3,0,0,0,1,9,1,1,0,0,9,1,1,9,2,8,0,1,0,1,1,0,6,5,5,3,9
2016.0,28.0,0.0,0.0,3,10,3,0,0,0,1,4,1,1,0,1,4,1,1,9,2,8,0,1,0,1,1,0,4,9,5,9,9
2016.0,0.0,1.0,0.0,3,4,3,0,0,0,0,9,1,1,0,1,1,1,1,9,2,8,0,1,0,2,1,0,4,5,5,3,9
2016.0,-185.0,0.0,0.0,3,10,3,0,0,0,1,2,1,1,0,1,2,1,1,9,2,8,0,1,0,2,1,0,6,9,5,3,9
2016.0,-116.0,1.0,0.0,2,6,3,0,0,0,0,2,1,1,0,1,2,1,1,10,2,8,0,0,0,2,0,0,4,7,5,8,3
2016.0,164.0,1.0,0.0,2,12,3,0,0,0,1,1,1,1,2,1,5,1,1,11,2,8,0,0,0,1,2,0,6,7,5,3,3
2016.0,60.0,1.0,0.0,2,6,3,0,0,0,1,5,1,1,0,1,5,1,1,13,2,8,0,0,0,1,1,0,4,7,5,8,3
2016.0,0.0,0.0,0.0,3,10,3,0,0,0,2,1,1,1,0,1,1,1,1,14,2,8,0,0,0,0,0,0,4,9,5,3,3
2016.0,-494.0,0.0,0.0,3,6,3,0,0,0,2,2,1,1,0,1,2,1,1,14,2,8,0,0,0,0,1,0,6,7,5,8,3
2016.0,93.0,1.0,0.0,3,6,3,0,0,0,0,9,1,1,0,0,9,1,1,14,2,8,0,0,0,2,0,0,4,7,5,8,3
2016.0,0.0,0.0,0.0,3,4,3,0,0,0,0,9,1,1,0,1,1,1,1,15,2,8,0,0,0,0,1,0,4,2,5,3,9
2016.0,64.0,1.0,0.0,2,6,3,0,0,0,0,9,1,1,0,1,9,1,1,15,2,8,0,0,0,2,2,0,4,7,5,8,3
2016.0,0.0,0.0,0.0,3,1,3,0,0,0,1,9,1,1,0,0,2,1,1,16,2,8,0,1,0,2,2,0,4,2,5,3,9
2016.0,-50.0,0.0,0.0,3,6,3,0,0,0,1,1,1,1,0,1,1,1,1,16,2,8,0,1,0,1,1,0,6,7,5,8,3
2016.0,203.0,0.0,0.0,3,10,3,1,0,0,0,5,1,1,0,1,5,1,1,17,2,8,0,1,0,1,1,0,4,9,5,8,2
2016.0,58.0,0.0,0.0,3,4,3,0,0,0,1,9,1,1,0,1,5,1,1,17,2,8,0,1,0,2,2,0,0,2,5,3,9
2016.0,0.0,1.0,0.0,3,1,3,0,0,0,1,5,1,1,0,0,9,1,1,17,2,8,0,1,0,1,1,0,4,2,5,8,9
2016.0,-535.0,3.0,0.0,2,4,0,0,0,0,1,5,1,1,0,0,9,1,1,19,2,8,0,1,0,0,1,0,0,2,5,3,9
2016.0,90.0,1.0,0.0,3,6,3,1,0,0,1,5,1,1,0,1,5,1,1,19,2,8,0,1,0,1,1,0,4,7,5,8,3
2016.0,90.0,0.0,0.0,3,6,0,0,0,0,2,5,1,1,0,1,5,1,1,21,2,8,0,0,0,0,1,0,4,7,5,8,3
2016.0,0.0,0.0,0.0,3,4,0,0,0,0,1,2,1,1,0,1,1,1,1,22,2,8,0,0,0,2,1,0,4,2,5,3,9
2016.0,0.0,2.0,0.0,2,4,3,0,0,0,0,9,1,1,0,1,1,1,1,7,3,8,0,1,0,1,1,0,4,2,5,9,3
2016.0,-105.0,2.0,0.0,3,6,3,0,0,0,1,1,1,1,0,1,1,1,1,9,3,8,0,1,0,1,0,0,4,7,5,8,3
2016.0,-112.0,1.0,0.0,3,6,3,0,0,0,1,9,1,1,0,0,9,1,1,11,3,8,0,0,0,1,2,0,6,7,5,3,3
2016.0,0.0,0.0,0.0,3,4,3,0,0,0,0,2,1,1,0,1,1,1,1,13,3,8,0,0,0,1,0,0,4,2,5,3,9
2016.0,514.0,1.0,0.0,2,4,3,0,0,0,1,5,1,1,0,1,9,1,1,13,3,8,0,0,0,2,1,0,4,2,5,3,9
2016.0,113.0,0.0,0.0,3,6,3,0,0,0,0,1,1,1,0,1,1,1,1,14,3,8,0,0,0,1,2,0,4,7,5,8,3
2016.0,0.0,0.0,0.0,3,6,3,0,0,0,1,9,1,1,0,1,9,1,1,14,3,8,0,0,0,1,2,0,4,7,5,9,9