Year,Distance,Totalinjuries,Totalfatalities,Injuryseverity,Collisionmanner,Lightcondition,Weather,SurfaceCondition,Unittype_One,Gender_Drv1,Traveldirection_One,AlcoholUse_Drv1,DrugUse_Drv1,Unittype_Two,Gender_Drv2,Traveldirection_Two,AlcoholUse_Drv2,DrugUse_Drv2,Hour,Weekday,Month,Weekend,Rush_Hour,Hazardous_Road,Age_Group_Drv1,Age_Group_Drv2,Substance_Use,Junction_Category,Violation_Category_Drv1,Violation_Category_Drv2,Unitaction_Category_Two,Unitaction_Category_One
2016.0,66.0,0.0,0.0,3,6,3,0,0,0,1,5,1,1,0,0,5,1,1,14,3,8,0,0,0,1,1,0,4,7,5,8,3
2016.0,53.0,0.0,0.0,3,6,3,0,0,0,1,5,1,1,0,0,5,1,1,14,3,8,0,0,0,2,2,0,6,7,5,8,3
2016.0,265.0,0.0,0.0,3,6,3,0,0,0,1,1,1,1,0,0,1,1,1,15,3,8,0,0,0,2,1,0,6,7,5,3,3
2016.0,-110.0,0.0,0.0,3,10,3,0,0,0,1,5,1,1,0,1,5,1,1,15,3,8,0,0,0,1,1,0,2,9,5,3,2
2016.0,192.0,0.0,0.0,3,6,3,0,0,0,0,1,1,1,0,1,1,1,1,16,3,8,0,1,0,2,2,0,0,7,5,8,3
2016.0,0.0,0.0,0.0,3,4,3,0,0,0,1,2,1,1,0,1,5,1,1,17,3,8,0,1,0,2,1,0,4,2,5,3,9
2016.0,0.0,0.0,0.0,3,1,3,0,0,0,0,1,1,1,0,1,2,1,1,17,3,8,0,1,0,1,1,0,4,2,5,3,3
2016.0,-90.0,0.0,0.0,3,6,3,0,0,0,0,2,1,1,0,1,2,1,1,17,3,8,0,1,0,1,1,0,4,7,5,8,3
2016.0,167.0,0.0,0.0,3,4,3,0,0,0,1,2,1,1,0,0,1,1,1,18,3,8,0,1,0,1,2,0,0,2,5,3,9
2016.0,413.0,1.0,0.0,3,4,4,0,0,0,0,5,1,1,0,1,2,1,1,19,3,8,0,1,0,1,2,0,6,2,5,3,9
2016.0,126.0,0.0,0.0,3,10,0,0,0,0,0,9,1,1,0,0,9,1,1,21,3,8,0,0,0,1,1,0,4,5,5,3,2
2016.0,144.0,0.0,0.0,3,5,0,0,0,2,2,1,1,1,0,0,5,1,1,21,3,8,0,0,0,0,1,0,6,2,5,3,9
2016.0,0.0,0.0,0.0,3,4,0,0,0,0,1,9,1,1,0,0,1,1,1,21,3,8,0,0,0,1,2,0,4,2,5,3,9
2016.0,-370.0,0.0,0.0,3,6,3,1,0,0,0,2,1,1,0,1,2,1,1,7,4,8,0,1,0,1,2,0,6,7,5,8,8
2016.0,0.0,0.0,0.0,3,4,3,0,0,0,0,5,1,1,0,0,9,1,1,8,4,8,0,1,0,1,1,0,4,2,5,9,3
2016.0,-139.0,0.0,0.0,3,6,3,0,0,0,1,9,1,1,0,0,9,1,1,9,4,8,0,1,0,2,2,0,6,7,5,8,3
2016.0,0.0,0.0,0.0,3,6,3,0,0,0,1,1,1,1,0,1,1,1,1,10,4,8,0,0,0,1,2,0,4,5,5,3,3
2016.0,-125.0,0.0,0.0,3,6,3,0,0,0,0,1,1,1,0,1,1,1,1,12,4,8,0,0,0,0,2,0,4,7,5,8,3
2016.0,0.0,0.0,0.0,3,4,3,0,0,0,1,2,1,1,0,1,5,1,1,14,4,8,0,0,0,1,1,0,4,2,5,3,9
2016.0,340.0,1.0,0.0,1,6,3,0,0,0,0,1,1,1,0,0,1,1,1,14,4,8,0,0,0,2,2,0,6,7,5,8,3
2016.0,-57.0,0.0,0.0,3,6,3,0,0,0,0,1,1,1,0,1,1,1,1,15,4,8,0,0,0,1,1,0,2,7,5,8,3
2016.0,195.0,1.0,0.0,3,6,3,0,0,0,1,1,1,1,0,0,1,1,1,16,4,8,0,1,0,1,2,0,6,7,5,8,3
2016.0,300.0,0.0,0.0,3,10,3,0,0,0,1,9,1,1,0,0,9,1,1,16,4,8,0,1,0,1,2,0,6,9,5,3,3
2016.0,0.0,0.0,0.0,3,4,3,0,0,0,1,1,1,1,0,1,9,1,1,17,4,8,0,1,0,1,1,0,4,2,5,3,9
2016.0,0.0,0.0,0.0,3,4,3,0,0,0,0,2,1,1,0,1,5,1,1,17,4,8,0,1,0,2,1,0,4,2,5,3,9
2016.0,550.0,0.0,0.0,3,3,3,0,0,0,1,1,0,1,0,1,9,1,1,17,4,8,0,1,0,1,0,0,6,9,5,3,3
2016.0,500.0,0.0,0.0,3,1,3,0,0,0,1,2,1,1,0,1,9,1,1,17,4,8,0,1,0,1,0,0,6,5,5,3,9
2016.0,75.0,0.0,0.0,3,1,0,0,0,0,1,2,1,1,0,1,1,1,1,20,4,8,0,0,0,2,1,0,6,2,5,3,3
2016.0,24.0,0.0,0.0,3,4,4,0,0,0,2,5,1,1,1,1,5,1,1,20,4,8,0,0,0,0,1,0,6,7,5,6,3
2016.0,0.0,0.0,0.0,3,4,3,0,0,0,1,5,1,1,0,0,1,1,1,21,4,8,0,0,0,2,2,0,4,2,5,3,9
2016.0,-72.0,0.0,0.0,3,6,0,0,0,0,0,2,1,1,0,1,2,1,1,21,4,8,0,0,0,2,2,0,6,7,5,8,3
2016.0,-61.0,0.0,0.0,3,6,0,0,0,0,1,2,1,1,0,0,2,1,1,23,4,8,0,0,0,2,1,0,4,7,5,8,3
2016.0,200.0,0.0,0.0,3,1,0,0,0,0,0,2,1,1,0,1,9,1,1,0,5,8,1,0,0,1,1,0,6,2,5,3,3
2016.0,-142.0,4.0,0.0,2,6,3,0,0,0,1,2,0,1,0,1,2,1,1,6,5,8,1,0,0,1,2,0,4,7,5,8,3
2016.0,232.0,0.0,0.0,3,6,3,0,0,0,1,9,1,1,0,1,9,1,1,11,5,8,1,0,0,2,1,0,4,7,5,8,3
2016.0,30.0,1.0,0.0,3,6,3,0,0,0,1,5,1,1,0,1,5,1,1,12,5,8,1,0,0,1,1,0,4,7,5,8,3
2016.0,60.0,0.0,0.0,3,10,3,0,0,0,0,1,1,1,0,0,1,1,1,13,5,8,1,0,0,1,1,0,6,9,5,5,5
2016.0,10.0,0.0,0.0,3,5,3,0,0,0,1,9,1,1,0,1,9,1,1,13,5,8,1,0,0,1,1,0,6,7,5,5,5
2016.0,5.0,0.0,0.0,3,6,0,0,0,0,1,9,1,1,0,1,9,1,1,19,5,8,1,1,0,2,1,0,4,5,5,5,3
2016.0,-126.0,0.0,0.0,3,6,0,0,0,0,0,9,0,1,0,1,9,1,1,1,6,8,1,0,0,1,1,0,6,7,5,3,3
2016.0,0.0,0.0,0.0,3,1,3,0,0,0,1,9,1,1,0,1,2,1,1,7,6,8,1,1,0,1,1,0,2,5,5,9,3
2016.0,0.0,0.0,0.0,3,1,3,0,0,0,1,1,1,1,0,0,5,1,1,13,6,8,1,0,0,1,2,0,4,2,5,9,3
2016.0,-150.0,0.0,0.0,3,12,3,0,0,0,2,8,1,1,0,0,9,1,1,15,6,8,1,0,0,0,2,0,6,5,5,6,5
2016.0,30.0,0.0,0.0,3,6,3,0,0,0,1,5,1,1,0,1,5,1,1,16,6,8,1,1,0,1,0,0,4,7,5,9,9
2016.0,15.0,0.0,0.0,3,10,3,0,0,0,0,1,1,1,0,0,1,1,1,6,0,8,0,0,0,1,0,0,2,4,5,9,9
2016.0,0.0,0.0,0.0,3,1,3,0,0,0,1,9,1,1,0,1,5,1,1,7,0,8,0,1,0,1,0,0,4,2,5,3,3
2016.0,-460.0,0.0,0.0,3,10,3,0,0,0,2,2,1,1,0,0,2,1,1,8,0,8,0,1,0,0,1,0,6,5,5,8,2
2016.0,-250.0,0.0,0.0,3,10,3,0,0,0,1,2,1,1,0,1,2,1,1,8,0,8,0,1,0,2,1,0,6,9,5,3,2
2016.0,0.0,0.0,0.0,3,4,3,0,0,0,1,5,1,1,0,0,2,1,1,9,0,8,0,1,0,2,1,0,4,2,5,3,9
2016.0,-50.0,0.0,0.0,3,12,3,4,3,0,0,8,1,1,0,1,8,1,1,13,0,8,0,0,0,2,1,0,6,5,5,5,5
2016.0,0.0,0.0,0.0,3,10,3,0,0,0,1,9,1,1,0,1,9,1,1,14,0,8,0,0,0,0,1,0,2,5,5,9,9
2016.0,90.0,0.0,0.0,3,6,3,0,0,0,1,5,1,1,0,1,5,1,1,14,0,8,0,0,0,1,0,0,4,7,5,8,3
2016.0,0.0,0.0,0.0,3,1,3,0,0,0,0,9,1,1,0,1,2,1,1,15,0,8,0,0,0,2,2,0,4,2,5,3,3
2016.0,0.0,0.0,0.0,3,1,3,0,0,0,2,1,1,1,0,0,2,1,1,15,0,8,0,0,0,0,2,0,4,2,5,3,3
2016.0,0.0,1.0,0.0,2,1,3,0,0,0,1,9,1,1,0,1,2,1,1,17,0,8,0,1,0,1,0,0,4,2,5,3,3
2016.0,-50.0,0.0,0.0,3,6,3,0,0,0,0,1,1,1,0,1,1,1,1,17,0,8,0,1,0,1,1,0,4,7,5,8,3
2016.0,-0.1,0.0,0.0,3,10,4,0,0,0,1,5,1,1,0,1,5,1,1,18,0,8,0,1,0,1,1,0,1,9,5,3,2
2016.0,130.0,0.0,0.0,3,6,0,0,0,0,2,9,1,1,0,0,9,1,1,20,0,8,0,0,0,0,2,0,6,7,5,8,2
2016.0,-50.0,0.0,0.0,3,6,0,0,0,0,2,1,1,1,0,1,1,1,1,22,0,8,0,0,0,0,1,0,4,7,5,8,3
2016.0,0.0,1.0,0.0,2,4,3,0,0,0,1,2,1,1,0,1,5,1,1,6,1,8,0,0,0,1,2,0,4,2,5,3,9
2016.0,0.0,0.0,0.0,3,1,3,0,0,0,1,9,1,1,0,0,1,1,1,7,1,8,0,1,0,1,0,0,4,2,2,3,9
2016.0,80.0,0.0,0.0,3,6,3,0,0,0,1,5,1,1,0,0,5,1,1,8,1,8,0,1,0,1,2,0,4,7,5,8,3
2016.0,92.0,0.0,0.0,3,6,3,0,0,0,0,9,1,1,0,0,9,1,1,9,1,8,0,1,0,2,2,0,2,7,5,3,3
2016.0,-726.0,2.0,0.0,2,4,3,0,0,0,1,9,1,1,0,0,1,1,1,12,1,8,0,0,0,0,0,0,6,2,5,3,9
2016.0,0.0,3.0,0.0,2,1,3,0,0,0,0,1,1,1,0,0,2,1,1,13,1,8,0,0,0,0,1,0,4,2,5,3,3
2016.0,80.0,0.0,0.0,3,6,3,1,0,0,1,5,1,1,0,0,5,1,1,16,1,8,0,1,0,1,1,0,2,7,5,8,3
2016.0,-134.0,0.0,0.0,3,6,3,1,0,0,0,1,1,1,0,1,1,1,1,16,1,8,0,1,0,2,1,0,2,7,5,8,3
2016.0,0.0,0.0,0.0,3,4,3,0,0,0,1,2,1,1,0,0,5,1,1,17,1,8,0,1,0,1,1,0,4,2,5,3,9
2016.0,-105.0,2.0,0.0,2,6,3,0,0,0,1,2,1,1,0,1,2,1,1,17,1,8,0,1,0,1,1,0,4,7,5,8,3
2016.0,0.0,1.0,0.0,3,4,3,0,0,0,1,2,1,1,0,1,5,1,1,18,1,8,0,1,0,2,2,0,4,2,5,3,9
2016.0,-98.0,0.0,0.0,3,6,3,0,0,0,1,1,1,1,0,0,1,1,1,18,1,8,0,1,0,2,1,0,4,7,5,8,3
2016.0,-35.0,0.0,0.0,3,6,3,0,0,0,1,1,1,1,0,1,1,1,1,18,1,8,0,1,0,1,1,0,6,7,5,8,8
2016.0,-200.0,0.0,0.0,3,3,3,0,0,0,0,2,1,1,0,1,2,1,1,7,2,8,0,1,0,2,1,0,6,5,5,5,5
2016.0,50.0,1.0,0.0,3,6,3,0,0,0,1,9,1,1,0,1,9,1,1,7,2,8,0,1,0,1,1,0,4,7,5,8,3
2016.0,0.0,0.0,0.0,3,1,3,0,0,0,0,9,1,1,0,1,9,1,1,8,2,8,0,1,0,1,1,0,4,4,5,3,9
2016.0,145.0,0.0,0.0,3,6,3,0,0,0,1,9,1,1,0,0,9,1,1,8,2,8,0,1,0,2,1,0,4,7,5,8,3
2016.0,190.0,0.0,0.0,3,4,3,0,0,0,1,5,1,1,0,0,9,1,1,8,2,8,0,1,0,1,1,0,4,2,5,3,9
2016.0,30.0,1.0,0.0,3,1,3,0,0,0,0,3,1,1,0,0,6,1,1,8,2,8,0,1,0,1,1,0,4,2,5,9,9
2016.0,200.0,0.0,0.0,3,1,3,0,0,0,1,1,1,1,0,1,1,1,1,10,2,8,0,0,0,1,0,0,6,4,5,3,9
2016.0,106.0,1.0,0.0,3,6,3,0,0,0,1,9,1,1,0,1,9,1,1,13,2,8,0,0,0,2,0,0,4,7,5,8,3
2016.0,260.0,0.0,0.0,3,4,3,0,0,0,0,1,1,1,0,0,5,1,1,14,2,8,0,0,0,1,1,0,6,2,5,3,9
2016.0,115.0,0.0,0.0,3,6,3,0,0,0,1,9,1,1,0,1,9,1,1,14,2,8,0,0,0,2,1,0,4,9,5,3,8
2016.0,-820.0,1.0,0.0,3,10,3,0,0,0,1,1,1,1,0,1,1,1,1,15,2,8,0,0,0,0,1,0,6,9,5,3,2
2016.0,-23.0,2.0,0.0,2,1,3,0,0,0,0,2,1,1,0,0,2,1,1,16,2,8,0,1,0,2,0,0,6,2,5,3,6
2016.0,-5.0,2.0,0.0,2,6,3,0,0,0,0,2,1,1,0,1,2,1,1,16,2,8,0,1,0,1,1,0,4,7,5,8,3
2016.0,370.0,1.0,0.0,3,10,3,0,0,0,0,1,1,1,0,0,1,1,1,17,2,8,0,1,0,1,1,0,6,9,5,3,2
2016.0,-343.0,0.0,0.0,3,1,3,0,0,0,0,2,1,1,0,0,1,1,1,17,2,8,0,1,0,2,2,0,0,2,5,3,9
2016.0,0.0,0.0,0.0,3,4,3,0,0,0,0,2,1,1,0,1,5,1,1,17,2,8,0,1,0,2,2,0,4,2,5,3,9
2016.0,0.0,0.0,0.0,3,4,3,0,0,0,0,1,1,1,0,0,9,1,1,17,2,8,0,1,0,2,1,0,4,2,5,3,9
2016.0,145.0,0.0,0.0,3,6,3,0,0,0,1,1,1,1,0,0,1,1,1,17,2,8,0,1,0,2,1,0,6,7,5,8,3
2016.0,0.0,0.0,0.0,3,4,3,0,0,0,0,1,1,1,0,1,5,1,1,18,2,8,0,1,0,1,1,0,4,2,5,3,9
2016.0,80.0,0.0,0.0,3,10,3,0,0,0,2,5,1,1,0,1,5,1,1,18,2,8,0,1,0,0,1,0,4,4,5,3,1
2016.0,175.0,0.0,0.0,3,6,4,0,0,0,2,5,1,1,0,1,5,1,1,19,2,8,0,1,0,0,1,0,4,7,5,8,3
2016.0,177.0,0.0,0.0,3,6,0,0,0,0,1,5,0,1,0,1,5,1,1,20,2,8,0,0,0,2,1,0,4,7,5,8,3
2016.0,-314.0,0.0,0.0,3,6,0,0,0,0,0,2,1,1,0,1,2,1,1,20,2,8,0,0,0,2,1,0,4,7,5,3,3
2016.0,-208.0,0.0,0.0,3,6,0,1,0,0,1,2,1,1,0,1,2,1,1,21,2,8,0,0,0,2,2,0,2,7,5,8,8
2016.0,-300.0,0.0,0.0,3,10,0,0,3,0,2,2,1,1,0,1,2,1,1,22,2,8,0,0,0,0,2,0,6,9,5,3,2
2016.0,75.0,0.0,0.0,3,10,3,0,0,0,1,2,1,1,0,0,2,1,1,7,3,9,0,1,0,1,1,0,4,9,5,3,2
2016.0,-560.0,0.0,0.0,3,1,3,0,0,0,1,2,1,1,0,0,2,1,1,7,3,9,0,1,0,1,1,0,6,9,5,3,2
2016.0,-555.0,1.0,0.0,2,5,3,0,0,3,1,5,1,1,0,0,1,1,1,8,3,9,0,1,0,1,1,0,6,2,5,3,5
2016.0,-138.0,1.0,0.0,1,5,3,0,0,2,1,2,1,1,0,1,9,1,1,8,3,9,0,1,0,2,1,0,6,5,5,8,0
2016.0,101.0,0.0,0.0,3,1,3,0,0,0,0,5,1,1,0,0,5,1,1,11,3,9,0,0,0,1,1,0,4,9,5,3,2
2016.0,-95.0,0.0,0.0,3,6,3,0,0,0,1,2,1,1,0,1,2,1,1,13,3,9,0,0,0,1,1,0,4,7,5,8,3
2016.0,-145.0,0.0,0.0,3,6,3,0,0,0,0,1,1,1,0,0,1,1,1,15,3,9,0,0,0,1,1,0,2,7,5,8,3
2016.0,0.0,1.0,0.0,3,1,3,0,0,0,2,9,1,1,0,0,5,1,1,15,3,9,0,0,0,0,1,0,4,2,5,3,3
2016.0,0.0,0.0,0.0,3,6,3,0,0,0,0,5,1,1,0,1,5,1,1,15,3,9,0,0,0,2,2,0,4,7,5,9,9
2016.0,189.0,0.0,0.0,3,6,3,1,0,0,0,1,1,1,0,1,1,1,1,16,3,9,0,1,0,1,1,0,6,7,5,8,8
2016.0,235.0,3.0,0.0,2,1,3,1,0,0,0,9,1,1,0,0,2,1,1,16,3,9,0,1,0,0,2,0,0,2,5,3,9
2016.0,100.0,0.0,0.0,3,6,3,1,0,0,1,5,1,1,0,0,5,1,1,18,3,9,0,1,0,2,2,0,4,7,5,8,8
2016.0,0.0,1.0,0.0,3,4,4,0,0,0,1,9,1,1,0,0,1,1,1,19,3,9,0,1,0,2,2,0,2,2,5,3,9
2016.0,0.0,0.0,0.0,3,4,0,0,3,0,1,9,1,1,0,1,1,1,1,20,3,9,0,0,0,2,1,0,4,2,2,3,9
2016.0,147.0,4.0,0.0,2,6,0,0,0,0,0,9,1,1,0,1,9,1,1,20,3,9,0,0,0,0,2,0,4,7,5,8,3
2016.0,0.0,0.0,0.0,3,4,0,0,0,0,1,2,1,1,0,0,5,1,1,22,3,9,0,0,0,1,2,0,4,2,5,3,9
2016.0,0.0,1.0,0.0,2,1,0,0,0,0,1,9,0,1,0,0,5,1,1,23,3,9,0,0,0,0,1,0,2,2,5,3,3
2016.0,0.0,1.0,0.0,2,4,3,0,0,0,1,5,1,1,0,1,2,1,1,9,4,9,0,1,0,0,1,0,4,2,5,3,9
2016.0,75.0,0.0,0.0,3,6,3,0,3,0,0,5,1,1,0,0,5,1,1,10,4,9,0,0,0,1,1,0,4,7,5,8,3
2016.0,377.0,0.0,0.0,3,1,3,0,0,0,2,9,1,1,0,1,1,1,1,11,4,9,0,0,0,0,1,0,0,7,5,8,9
2016.0,0.0,0.0,0.0,3,4,3,0,0,0,0,2,1,1,0,1,1,1,1,12,4,9,0,0,0,2,1,0,4,2,5,3,9
2016.0,-1155.0,0.0,0.0,3,6,3,0,0,0,0,2,1,1,0,1,2,1,1,12,4,9,0,0,0,1,0,0,1,7,5,8,3
2016.0,0.0,0.0,0.0,3,4,3,0,0,0,1,9,1,1,0,0,2,1,1,13,4,9,0,0,0,1,1,0,4,2,5,3,9
2016.0,-110.0,0.0,0.0,3,6,3,0,0,0,1,1,1,1,0,0,1,1,1,13,4,9,0,0,0,1,2,0,4,7,5,8,3
2016.0,-105.0,1.0,0.0,3,6,3,0,0,0,1,2,1,1,0,0,2,1,1,13,4,9,0,0,0,1,1,0,4,7,5,8,3
2016.0,0.0,1.0,0.0,3,4,3,0,0,0,0,4,1,1,0,0,5,1,1,13,4,9,0,0,0,1,2,0,4,2,5,3,9
2016.0,341.0,0.0,0.0,3,10,3,0,0,0,1,6,1,1,0,1,6,1,1,14,4,9,0,0,0,1,1,0,0,4,5,9,9
2016.0,0.0,3.0,0.0,2,4,3,0,0,0,0,5,1,1,0,0,2,1,1,14,4,9,0,0,0,1,1,0,4,2,5,3,9
2016.0,-237.0,0.0,0.0,3,10,3,0,0,0,1,2,1,1,0,1,2,1,1,14,4,9,0,0,0,2,1,0,4,9,5,3,2
2016.0,0.0,0.0,0.0,3,1,3,0,0,0,1,9,1,1,0,1,2,1,1,15,4,9,0,0,0,2,2,0,4,4,5,3,9
2016.0,-697.0,1.0,0.0,3,6,3,0,0,0,1,1,1,1,0,0,1,1,1,15,4,9,0,0,0,1,1,0,6,7,5,8,3
2016.0,-12.0,0.0,0.0,3,1,3,0,0,0,1,1,1,1,0,1,1,1,1,15,4,9,0,0,0,0,1,0,4,5,5,5,5
2016.0,75.0,0.0,0.0,3,6,3,0,0,0,1,1,1,1,0,1,1,1,1,15,4,9,0,0,0,2,1,0,6,7,5,8,3
2016.0,60.0,0.0,0.0,3,6,3,0,0,0,1,5,1,1,0,1,5,1,1,16,4,9,0,1,0,1,1,0,4,7,5,3,3
2016.0,-689.0,2.0,0.0,2,6,3,0,0,0,1,1,1,1,0,0,1,1,1,17,4,9,0,1,0,1,2,0,6,7,5,8,3
2016.0,30.0,0.0,0.0,3,6,4,0,0,0,1,5,1,1,0,1,5,1,1,18,4,9,0,1,0,1,2,0,4,7,5,8,3
2016.0,-15.0,1.0,0.0,3,6,0,0,0,0,1,2,0,1,0,1,2,1,1,23,4,9,0,0,0,2,1,0,4,7,5,8,3
2016.0,0.0,2.0,0.0,2,4,0,0,0,0,0,3,1,1,0,1,9,1,1,1,5,9,1,0,0,2,2,0,2,2,5,3,9
2016.0,0.0,0.0,0.0,3,4,3,0,0,0,1,1,1,1,0,0,9,1,1,11,5,9,1,0,0,1,1,0,4,2,5,3,9
2016.0,-172.0,0.0,0.0,3,6,3,0,0,0,1,5,1,1,0,0,5,1,1,17,5,9,1,1,0,2,1,0,4,7,5,3,3
2016.0,0.0,0.0,0.0,3,1,4,0,0,0,0,1,1,1,0,1,5,1,1,18,5,9,1,1,0,2,1,0,4,2,5,3,3
2016.0,0.0,0.0,0.0,3,1,4,0,0,0,0,2,1,1,0,0,2,1,1,18,5,9,1,1,0,0,2,0,2,9,5,9,3
2016.0,-200.0,0.0,0.0,3,9,0,0,0,0,1,2,1,1,0,1,5,1,1,19,5,9,1,1,0,0,1,0,6,9,5,3,3
2016.0,-200.0,0.0,0.0,3,6,0,0,0,0,2,2,1,1,0,1,2,1,1,20,5,9,1,0,0,0,1,0,6,8,5,8,8
2016.0,0.0,0.0,0.0,3,4,0,0,0,0,1,9,1,1,0,1,1,1,1,0,6,9,1,0,0,2,2,0,2,5,5,3,9
2016.0,627.0,0.0,0.0,3,6,3,0,0,0,0,1,1,1,0,1,1,1,1,12,6,9,1,0,0,1,2,0,6,7,5,8,3
2016.0,-200.0,0.0,0.0,3,6,3,0,0,0,0,2,1,1,0,0,2,1,1,13,6,9,1,0,0,2,1,0,6,8,5,8,8
2016.0,-650.0,0.0,0.0,3,10,3,0,0,0,1,2,1,1,0,1,2,1,1,13,6,9,1,0,0,1,2,0,6,9,7,3,3
2016.0,50.0,1.0,0.0,3,6,3,0,0,0,0,1,1,1,0,1,1,1,1,15,6,9,1,0,0,1,1,0,4,7,5,8,3
2016.0,85.0,0.0,0.0,3,6,3,0,0,0,0,9,1,1,0,1,9,1,1,18,6,9,1,1,0,1,2,0,4,7,5,3,3
2016.0,0.0,1.0,0.0,3,4,3,0,0,0,1,9,1,1,0,1,1,1,1,18,6,9,1,1,0,2,1,0,2,5,5,3,9
2016.0,0.0,2.0,0.0,3,4,0,0,0,0,1,6,1,1,0,0,2,1,1,19,6,9,1,1,0,1,1,0,4,4,5,3,9
2016.0,0.0,2.0,0.0,3,1,0,0,0,0,1,2,1,1,0,0,1,1,1,21,6,9,1,0,0,2,2,0,4,2,5,3,3
2016.0,0.0,3.0,0.0,2,4,0,0,0,0,1,9,1,1,0,1,1,1,1,21,6,9,1,0,0,1,2,0,4,2,5,3,9
2016.0,27.0,0.0,0.0,3,6,3,0,0,0,1,9,1,1,0,0,9,1,1,12,0,9,0,0,0,2,0,0,4,7,5,9,3
2016.0,0.0,0.0,0.0,3,4,3,0,0,0,1,5,1,1,0,1,2,1,1,12,0,9,0,0,0,2,1,0,2,2,5,9,3
2016.0,-250.0,0.0,0.0,3,10,3,0,0,0,0,2,1,1,0,1,2,1,1,7,1,9,0,1,0,1,0,0,6,9,5,3,2
2016.0,0.0,2.0,0.0,2,4,3,0,0,0,1,9,1,1,0,1,1,1,1,9,1,9,0,1,0,2,0,0,2,2,5,3,9
2016.0,54.0,0.0,0.0,3,4,3,0,0,0,1,6,1,1,0,1,6,1,1,11,1,9,0,0,0,1,0,0,2,9,5,9,9
2016.0,0.0,0.0,0.0,3,10,3,0,0,0,1,1,1,1,0,0,1,1,1,11,1,9,0,0,0,1,1,0,4,9,5,3,2
2016.0,0.0,0.0,0.0,3,12,3,0,0,0,1,2,1,1,0,1,1,1,1,12,1,9,0,0,0,2,0,0,4,2,5,3,3
2016.0,-220.0,0.0,0.0,3,4,3,0,0,0,0,1,1,1,0,1,2,1,1,12,1,9,0,0,0,2,1,0,0,2,5,3,9
2016.0,95.0,0.0,0.0,3,6,3,0,0,0,0,9,1,1,0,1,9,1,1,13,1,9,0,0,0,2,1,0,4,7,5,8,3
2016.0,0.0,1.0,0.0,2,1,3,0,0,2,1,2,1,1,0,1,9,1,1,14,1,9,0,0,0,2,1,0,4,2,5,3,3
2016.0,216.0,1.0,0.0,3,10,3,0,0,0,0,9,1,1,0,0,9,1,1,14,1,9,0,0,0,0,1,0,6,9,5,3,2
2016.0,0.0,0.0,0.0,3,4,3,0,0,0,1,2,1,1,0,1,5,1,1,14,1,9,0,0,0,2,2,0,4,2,5,3,9
2016.0,-100.0,2.0,0.0,2,6,3,0,0,0,0,5,1,1,0,0,5,1,1,14,1,9,0,0,0,2,1,0,6,7,5,8,3
2016.0,363.0,1.0,0.0,3,4,3,0,0,0,1,3,1,1,0,0,9,1,1,15,1,9,0,0,0,0,1,0,0,5,5,3,9
2016.0,22.0,0.0,0.0,3,6,3,0,0,0,1,5,1,1,0,0,5,1,1,17,1,9,0,1,0,2,1,0,4,7,5,8,3
2016.0,-217.0,0.0,0.0,3,8,3,0,0,0,1,5,1,1,0,1,5,1,1,17,1,9,0,1,0,2,1,0,6,5,5,2,3
2016.0,74.0,1.0,0.0,3,6,3,0,0,0,1,2,1,1,0,1,2,1,1,17,1,9,0,1,0,1,1,0,6,7,8,8,8
2016.0,40.0,0.0,0.0,3,6,3,0,0,0,2,5,1,1,0,1,5,1,1,18,1,9,0,1,0,0,1,0,6,7,5,8,2
2016.0,-0.1,0.0,0.0,3,6,0,0,0,0,1,5,1,1,0,1,5,1,1,20,1,9,0,0,0,2,2,0,9,7,5,8,3
2016.0,42.0,0.0,0.0,3,1,0,0,0,0,1,2,1,1,0,1,1,1,1,0,2,9,0,0,0,2,2,0,4,2,5,3,9
2016.0,-45.0,0.0,0.0,3,6,3,3,0,0,2,2,1,1,0,0,2,1,1,5,2,9,0,0,0,0,1,0,4,7,5,8,3
2016.0,-100.0,0.0,0.0,3,4,3,3,4,0,1,1,1,1,0,1,9,1,1,8,2,9,0,1,1,2,1,0,0,2,5,3,9
2016.0,-459.0,1.0,0.0,3,6,3,1,4,0,1,2,1,1,0,1,2,1,1,9,2,9,0,1,1,1,2,0,6,7,5,9,3
2016.0,-125.0,0.0,0.0,3,6,3,3,0,0,0,9,1,1,0,1,9,1,1,9,2,9,0,1,0,2,1,0,6,7,5,8,3
2016.0,-36.0,0.0,0.0,3,8,3,1,0,0,1,5,1,1,0,1,9,1,1,12,2,9,0,0,0,2,1,0,4,7,5,8,9
2016.0,-16.0,1.0,0.0,2,5,3,0,0,2,1,9,1,1,0,1,2,1,1,12,2,9,0,0,0,1,0,0,4,5,5,3,3
2016.0,190.0,0.0,0.0,3,6,3,1,4,0,1,9,1,1,0,0,9,1,1,12,2,9,0,0,1,2,0,0,4,7,5,8,3
2016.0,-58.0,0.0,0.0,3,6,3,1,0,0,2,2,1,1,0,1,2,1,1,13,2,9,0,0,0,0,2,0,4,7,5,8,3
2016.0,100.0,0.0,0.0,3,6,3,0,0,0,0,9,1,1,0,1,9,1,1,13,2,9,0,0,0,1,1,0,4,7,5,8,3
2016.0,-296.0,1.0,0.0,2,5,3,0,0,0,1,9,1,1,3,1,5,1,1,14,2,9,0,0,0,0,2,0,6,2,5,5,3
2016.0,442.0,0.0,0.0,3,6,3,0,0,0,1,9,1,1,1,1,9,1,1,14,2,9,0,0,0,1,1,0,6,7,5,6,3
2016.0,-351.0,0.0,0.0,3,6,3,0,0,0,0,1,1,1,0,0,1,1,1,15,2,9,0,0,0,1,1,0,4,7,5,8,3