Year,Distance,Totalinjuries,Totalfatalities,Injuryseverity,Collisionmanner,Lightcondition,Weather,SurfaceCondition,Unittype_One,Gender_Drv1,Traveldirection_One,AlcoholUse_Drv1,DrugUse_Drv1,Unittype_Two,Gender_Drv2,Traveldirection_Two,AlcoholUse_Drv2,DrugUse_Drv2,Hour,Weekday,Month,Weekend,Rush_Hour,Hazardous_Road,Age_Group_Drv1,Age_Group_Drv2,Substance_Use,Junction_Category,Violation_Category_Drv1,Violation_Category_Drv2,Unitaction_Category_Two,Unitaction_Category_One
2016.0,118.0,0.0,0.0,3,10,3,0,0,0,0,5,1,1,0,0,5,1,1,16,2,9,0,1,0,2,2,0,6,9,5,3,2
2016.0,642.0,0.0,0.0,3,6,3,0,0,0,1,2,1,1,0,0,2,1,1,16,2,9,0,1,0,2,1,0,6,7,5,8,3
2016.0,92.0,0.0,0.0,3,6,3,1,0,0,1,9,1,1,0,0,9,1,1,18,2,9,0,1,0,2,1,0,4,7,5,8,8
2016.0,248.0,0.0,0.0,3,1,4,0,0,0,0,9,1,1,0,0,2,1,1,18,2,9,0,1,0,1,2,0,6,2,5,3,9
2016.0,236.0,0.0,0.0,3,6,4,0,0,0,1,2,0,1,1,1,2,1,1,19,2,9,0,1,0,1,1,0,6,7,5,8,3
2016.0,0.0,0.0,0.0,3,1,0,0,0,0,0,5,1,1,0,1,9,1,1,20,2,9,0,0,0,2,1,0,4,2,5,3,9
2016.0,-75.0,0.0,0.0,3,6,0,0,0,0,1,5,0,1,0,1,5,1,1,23,2,9,0,0,0,2,1,0,6,7,5,3,3
2016.0,-80.0,1.0,0.0,3,6,3,0,0,0,2,1,1,1,0,1,1,1,1,7,3,9,0,1,0,0,1,0,4,7,5,8,3
2016.0,0.0,1.0,0.0,2,4,3,0,0,0,0,9,1,1,0,1,3,1,1,7,3,9,0,1,0,2,2,0,4,2,5,9,3
2016.0,-95.0,1.0,0.0,3,4,3,0,0,0,0,1,1,1,0,0,5,1,1,7,3,9,0,1,0,1,1,0,0,2,5,3,9
2016.0,0.0,2.0,0.0,2,1,3,0,0,0,0,5,1,1,0,1,9,1,1,9,3,9,0,1,0,0,1,0,4,2,5,3,3
2016.0,100.0,0.0,0.0,3,12,3,0,0,0,2,8,1,1,1,1,2,1,1,10,3,9,0,0,0,0,2,0,6,5,5,6,5
2016.0,90.0,0.0,0.0,3,6,3,0,0,0,1,5,1,1,0,1,5,1,1,11,3,9,0,0,0,0,2,0,4,7,5,8,3
2016.0,-74.0,0.0,0.0,3,6,3,0,0,0,0,5,1,1,0,1,5,1,1,13,3,9,0,0,0,2,1,0,4,7,5,8,3
2016.0,56.0,1.0,0.0,3,6,3,0,0,0,0,9,1,1,0,0,9,1,1,13,3,9,0,0,0,1,0,0,4,7,5,8,3
2016.0,125.0,0.0,0.0,3,6,3,0,3,0,2,9,1,1,0,0,9,1,1,15,3,9,0,0,0,0,2,0,4,7,5,8,3
2016.0,-128.0,0.0,0.0,3,6,3,0,0,0,0,1,1,1,0,0,1,1,1,15,3,9,0,0,0,2,1,0,4,7,5,8,3
2016.0,398.0,0.0,0.0,3,10,3,0,0,0,1,9,1,1,0,1,9,1,1,15,3,9,0,0,0,2,0,0,0,9,5,3,2
2016.0,240.0,0.0,0.0,3,6,3,0,0,0,0,5,1,1,0,1,5,1,1,16,3,9,0,1,0,2,2,0,4,7,5,8,3
2016.0,60.0,0.0,0.0,3,6,3,0,0,0,1,1,1,1,0,1,1,1,1,16,3,9,0,1,0,1,1,0,6,7,5,3,2
2016.0,0.0,0.0,0.0,3,4,3,0,0,0,1,5,1,1,0,0,2,1,1,17,3,9,0,1,0,0,2,0,4,2,5,3,9
2016.0,0.0,1.0,0.0,3,4,3,0,0,0,1,9,1,1,0,0,2,1,1,17,3,9,0,1,0,1,1,0,4,2,5,3,9
2016.0,820.0,0.0,0.0,3,1,3,0,0,0,1,9,1,1,0,1,2,1,1,18,3,9,0,1,0,1,1,0,6,2,5,3,9
2016.0,-150.0,0.0,0.0,3,1,3,0,0,0,0,7,1,1,0,1,9,1,1,18,3,9,0,1,0,1,1,0,6,2,5,3,5
2016.0,0.0,0.0,0.0,3,6,2,0,0,0,0,1,1,1,0,0,9,1,1,18,3,9,0,1,0,1,1,0,4,2,5,3,9
2016.0,0.0,0.0,0.0,3,1,0,0,0,0,1,2,1,1,0,1,2,1,1,19,3,9,0,1,0,2,2,0,2,3,5,9,3
2016.0,120.0,0.0,0.0,3,6,0,0,0,0,0,5,1,1,0,1,5,1,1,20,3,9,0,0,0,1,2,0,6,7,5,8,3
2016.0,0.0,0.0,0.0,3,4,0,0,0,0,0,1,1,1,0,1,9,1,1,21,3,9,0,0,0,2,1,0,4,2,5,3,9
2016.0,0.0,2.0,0.0,2,4,3,0,0,0,0,1,1,1,0,1,5,1,1,7,4,9,0,1,0,0,1,0,4,2,5,3,9
2016.0,-63.0,0.0,0.0,3,6,3,0,0,0,0,1,1,1,0,1,1,1,1,8,4,9,0,1,0,1,1,0,4,7,5,3,3
2016.0,0.0,1.0,0.0,3,4,3,0,0,0,1,9,1,1,0,1,2,1,1,8,4,9,0,1,0,2,2,0,4,2,5,3,9
2016.0,-245.0,0.0,0.0,3,6,3,0,0,0,2,2,1,1,0,1,2,1,1,8,4,9,0,1,0,0,0,0,6,7,5,8,3
2016.0,229.0,1.0,0.0,3,4,3,0,0,0,1,6,1,1,0,0,2,1,1,10,4,9,0,0,0,1,1,0,0,5,5,3,9
2016.0,-200.0,1.0,0.0,2,1,3,0,0,0,0,4,1,1,0,0,5,1,1,11,4,9,0,0,0,2,0,0,0,2,5,3,9
2016.0,0.0,2.0,1.0,0,4,3,0,0,0,0,1,1,1,0,1,9,1,1,11,4,9,0,0,0,0,2,0,4,2,5,3,9
2016.0,-100.0,0.0,0.0,3,8,3,0,0,0,1,1,1,1,0,1,5,1,1,11,4,9,0,0,0,2,1,0,6,5,4,9,1
2016.0,370.0,1.0,0.0,3,4,3,0,0,0,0,5,1,1,0,1,2,1,1,12,4,9,0,0,0,1,1,0,6,2,5,3,9
2016.0,-75.0,2.0,0.0,3,6,3,0,0,0,1,5,1,1,0,1,5,1,1,13,4,9,0,0,0,2,1,0,4,7,5,8,3
2016.0,0.0,0.0,0.0,3,1,3,0,0,0,0,2,1,1,0,1,5,1,1,14,4,9,0,0,0,0,2,0,4,2,5,3,9
2016.0,-845.0,0.0,0.0,3,6,3,0,0,0,1,2,1,1,0,1,2,1,1,15,4,9,0,0,0,1,2,0,6,7,5,8,3
2016.0,0.0,0.0,0.0,3,4,3,0,0,0,0,2,1,1,0,0,5,1,1,15,4,9,0,0,0,2,1,0,4,2,5,3,9
2016.0,-720.0,0.0,0.0,3,1,3,0,0,0,0,5,1,1,0,0,9,1,1,15,4,9,0,0,0,2,1,0,0,2,5,3,9
2016.0,850.0,0.0,0.0,3,6,3,0,0,0,1,1,1,1,0,0,1,1,1,16,4,9,0,1,0,1,2,0,6,7,5,8,3
2016.0,80.0,0.0,0.0,3,6,3,0,0,0,0,1,1,1,0,0,1,1,1,17,4,9,0,1,0,2,2,0,6,7,5,8,3
2016.0,-300.0,1.0,0.0,3,6,3,0,0,0,0,1,1,1,0,1,1,1,1,17,4,9,0,1,0,1,1,0,4,7,5,3,3
2016.0,46.0,0.0,0.0,3,6,3,0,0,0,1,2,1,1,0,1,2,1,1,17,4,9,0,1,0,1,1,0,4,7,5,8,3
2016.0,0.0,0.0,0.0,3,4,3,0,0,0,1,2,1,1,0,1,5,1,1,17,4,9,0,1,0,1,0,0,4,2,5,3,9
2016.0,285.0,0.0,0.0,3,10,0,0,0,0,2,1,1,1,0,1,1,1,1,19,4,9,0,1,0,0,2,0,6,9,5,3,2
2016.0,0.0,0.0,0.0,3,1,0,0,0,0,0,1,1,1,0,0,5,1,1,20,4,9,0,0,0,1,1,0,4,2,5,3,3
2016.0,0.0,0.0,0.0,3,4,0,0,0,0,0,9,1,1,0,1,9,1,1,21,4,9,0,0,0,2,1,0,2,2,5,9,9
2016.0,0.0,0.0,0.0,3,6,3,0,0,0,1,9,1,1,0,1,9,1,1,8,5,9,1,1,0,1,2,0,4,7,5,8,3
2016.0,0.0,0.0,0.0,3,4,3,0,0,0,0,7,1,1,0,0,6,1,1,14,5,9,1,0,0,1,2,0,4,4,5,9,9
2016.0,126.0,0.0,0.0,3,10,3,0,0,0,1,1,1,1,0,1,1,1,1,15,5,9,1,0,0,2,1,0,4,9,5,3,3
2016.0,110.0,0.0,0.0,3,6,3,0,0,0,1,5,1,1,0,0,5,1,1,18,5,9,1,1,0,1,2,0,4,7,5,8,8
2016.0,-120.0,0.0,0.0,3,6,0,0,0,0,1,2,0,1,0,0,2,1,1,20,5,9,1,0,0,1,1,0,2,7,5,8,3
2016.0,-135.0,0.0,0.0,3,6,0,0,0,0,2,2,1,1,0,0,2,1,1,23,5,9,1,0,0,0,2,0,4,7,5,8,3
2016.0,0.0,2.0,0.0,2,1,0,0,0,0,2,2,1,1,0,1,9,1,1,0,6,9,1,0,0,0,2,0,4,2,5,3,3
2016.0,252.0,0.0,0.0,3,4,0,0,0,0,0,9,0,0,0,0,5,1,1,2,6,9,1,0,0,2,1,0,6,9,5,3,9
2016.0,0.0,0.0,0.0,3,1,3,0,0,0,1,1,1,1,0,1,2,1,1,11,6,9,1,0,0,1,1,0,4,2,5,9,3
2016.0,0.0,0.0,0.0,3,1,3,0,0,0,1,4,1,1,0,0,9,1,1,11,6,9,1,0,0,0,1,0,4,4,5,3,9
2016.0,20.0,0.0,0.0,3,1,3,0,0,0,1,1,1,1,0,0,5,1,1,16,6,9,1,1,0,1,2,0,6,2,5,3,9
2016.0,19.0,0.0,0.0,3,6,3,0,0,0,1,9,1,1,0,1,9,1,1,18,6,9,1,1,0,2,0,0,4,7,5,8,3
2016.0,-482.0,0.0,0.0,3,7,3,0,0,0,2,8,1,1,1,1,8,1,1,19,6,9,1,1,0,0,1,0,6,5,5,6,5
2016.0,200.0,0.0,0.0,3,10,0,0,0,0,2,9,1,1,0,0,9,1,1,7,0,9,0,1,0,0,2,0,6,9,5,8,2
2016.0,-305.0,0.0,0.0,3,4,3,0,0,0,0,9,1,1,0,0,5,1,1,7,0,9,0,1,0,1,1,0,0,2,5,3,9
2016.0,220.0,1.0,0.0,1,10,3,0,0,0,1,9,1,1,0,1,9,1,1,9,0,9,0,1,0,1,1,0,0,4,7,3,9
2016.0,60.0,0.0,0.0,3,1,3,1,0,0,1,5,1,1,0,0,9,1,1,9,0,9,0,1,0,1,0,0,4,5,5,8,9
2016.0,-268.0,0.0,0.0,3,6,3,0,0,0,1,5,1,1,0,1,5,1,1,10,0,9,0,0,0,1,1,0,4,7,5,3,3
2016.0,-75.0,0.0,0.0,3,10,3,0,0,0,2,1,1,1,0,0,1,1,1,12,0,9,0,0,0,0,1,0,4,9,5,8,9
2016.0,116.0,0.0,0.0,3,10,3,0,0,0,0,9,1,1,0,0,9,1,1,12,0,9,0,0,0,0,1,0,4,5,5,3,2
2016.0,-537.0,1.0,0.0,3,6,3,0,0,0,1,1,1,1,0,1,1,1,1,12,0,9,0,0,0,1,1,0,6,8,5,8,3
2016.0,350.0,0.0,0.0,3,10,3,0,0,0,1,9,1,1,0,1,9,1,1,12,0,9,0,0,0,1,1,0,4,9,5,9,9
2016.0,275.0,0.0,0.0,3,6,3,0,0,0,1,2,1,1,0,1,2,1,1,14,0,9,0,0,0,2,2,0,0,7,5,8,3
2016.0,0.0,1.0,0.0,3,4,3,0,0,0,0,2,1,1,0,0,5,1,1,14,0,9,0,0,0,2,2,0,4,2,5,3,9
2016.0,160.0,1.0,0.0,2,6,3,0,0,0,0,1,1,1,0,0,1,1,1,14,0,9,0,0,0,2,2,0,6,7,5,8,3
2016.0,0.0,0.0,0.0,3,4,3,0,0,0,1,2,1,1,0,0,5,1,1,17,0,9,0,1,0,1,1,0,4,2,5,3,9
2016.0,-190.0,0.0,0.0,3,6,3,0,0,0,1,1,1,1,0,0,1,1,1,17,0,9,0,1,0,1,1,0,6,7,5,8,8
2016.0,0.0,1.0,0.0,3,4,3,0,0,0,1,2,1,1,0,0,5,1,1,17,0,9,0,1,0,2,2,0,4,2,5,3,9
2016.0,110.0,1.0,0.0,2,6,4,0,0,0,0,9,1,1,0,1,9,1,1,17,0,9,0,1,0,1,1,0,4,7,5,8,3
2016.0,-30.0,0.0,0.0,3,6,0,0,0,0,1,2,1,1,0,1,2,1,1,22,0,9,0,0,0,2,1,0,4,7,5,8,3
2016.0,-100.0,0.0,0.0,3,6,3,1,0,0,0,1,1,1,0,1,1,1,1,7,1,9,0,1,0,1,2,0,6,7,5,8,3
2016.0,-50.0,0.0,0.0,3,10,3,0,0,0,1,1,1,1,0,1,1,1,1,9,1,9,0,1,0,0,2,0,6,5,5,3,2
2016.0,0.0,2.0,0.0,3,4,3,0,0,0,1,5,1,1,0,0,2,1,1,9,1,9,0,1,0,2,1,0,4,2,5,3,9
2016.0,175.0,0.0,0.0,3,6,3,0,0,0,1,5,1,1,0,0,5,1,1,10,1,9,0,0,0,1,1,0,4,8,5,8,3
2016.0,0.0,0.0,0.0,3,1,3,0,0,0,0,5,1,1,0,0,1,1,1,11,1,9,0,0,0,2,2,0,4,2,5,3,3
2016.0,-150.0,0.0,0.0,3,6,3,0,0,0,1,5,1,1,0,0,5,1,1,13,1,9,0,0,0,1,0,0,6,7,5,8,3
2016.0,244.0,0.0,0.0,3,10,3,1,0,0,0,1,1,1,0,1,1,1,1,13,1,9,0,0,0,0,1,0,0,2,5,3,9
2016.0,-247.0,1.0,0.0,2,5,3,0,0,0,1,1,1,1,2,1,1,1,1,16,1,9,0,1,0,2,1,0,4,9,5,3,9
2016.0,-120.0,0.0,0.0,3,1,3,0,0,0,0,1,1,1,0,0,5,1,1,16,1,9,0,1,0,2,1,0,6,2,5,3,9
2016.0,-68.0,0.0,0.0,3,6,3,0,0,0,0,5,1,1,0,0,5,1,1,16,1,9,0,1,0,0,1,0,6,7,5,8,3
2016.0,0.0,0.0,0.0,3,4,3,0,0,0,1,9,1,1,0,1,1,1,1,17,1,9,0,1,0,1,1,0,4,2,5,3,9
2016.0,-1037.0,0.0,0.0,3,6,3,0,0,0,1,2,1,1,0,1,2,1,1,17,1,9,0,1,0,1,1,0,6,7,5,8,3
2016.0,200.0,0.0,0.0,3,6,3,0,0,0,0,9,1,1,0,1,9,1,1,17,1,9,0,1,0,2,2,0,6,7,5,8,3
2016.0,-80.0,0.0,0.0,3,6,0,0,0,0,0,2,1,1,0,0,2,1,1,19,1,9,0,1,0,1,0,0,4,7,5,8,3
2016.0,0.0,0.0,0.0,3,4,0,0,0,0,0,1,1,1,0,0,9,1,1,20,1,9,0,0,0,0,2,0,2,4,5,9,9
2016.0,-200.0,0.0,0.0,3,10,0,0,0,0,1,5,1,1,0,0,5,1,1,21,1,9,0,0,0,2,0,0,0,2,5,3,9
2016.0,0.0,0.0,0.0,3,6,3,0,0,0,1,2,1,1,0,1,2,1,1,6,2,9,0,0,0,1,1,0,4,7,5,8,3
2016.0,214.0,0.0,0.0,3,1,3,0,0,0,0,4,1,1,0,0,2,1,1,7,2,9,0,1,0,1,1,0,6,5,5,3,9
2016.0,-75.0,0.0,0.0,3,6,3,0,0,0,0,1,1,1,0,0,1,1,1,9,2,9,0,1,0,1,2,0,4,7,5,8,3
2016.0,-10.0,1.0,0.0,2,5,3,0,0,2,1,9,1,1,0,1,2,1,1,10,2,9,0,0,0,2,2,0,4,2,5,9,3
2016.0,230.0,0.0,0.0,3,4,3,0,0,0,0,9,1,1,0,1,2,1,1,13,2,9,0,0,0,1,2,0,6,2,5,3,9
2016.0,348.0,0.0,0.0,3,4,3,0,0,0,0,2,1,1,0,1,1,1,1,14,2,9,0,0,0,2,2,0,0,2,5,3,9
2016.0,-887.0,0.0,0.0,3,6,3,0,0,0,0,2,1,1,0,1,2,1,1,14,2,9,0,0,0,2,1,0,6,7,5,8,3
2016.0,0.0,0.0,0.0,3,1,3,0,0,0,0,9,1,1,0,1,5,1,1,14,2,9,0,0,0,2,1,0,4,2,5,3,3
2016.0,595.0,0.0,0.0,3,4,3,0,0,0,0,4,1,1,0,0,5,1,1,15,2,9,0,0,0,2,2,0,0,5,5,3,9
2016.0,117.0,0.0,0.0,3,6,3,0,0,0,2,5,1,1,0,1,5,1,1,17,2,9,0,1,0,0,1,0,6,7,5,8,8
2016.0,750.0,1.0,0.0,2,6,3,0,0,0,1,9,1,1,0,1,9,1,1,17,2,9,0,1,0,1,1,0,6,7,5,8,3
2016.0,610.0,0.0,0.0,3,1,3,0,0,0,0,2,1,1,0,0,1,1,1,18,2,9,0,1,0,2,0,0,0,2,5,3,9
2016.0,75.0,0.0,0.0,3,10,0,0,0,0,1,2,1,1,0,1,2,1,1,5,3,9,0,0,0,1,0,0,2,9,5,9,9
2016.0,-83.0,0.0,0.0,3,12,3,0,0,0,0,2,1,1,0,1,2,1,1,5,3,9,0,0,0,1,1,0,4,7,5,8,2
2016.0,46.0,0.0,0.0,3,6,3,0,0,0,0,9,1,1,0,1,9,1,1,6,3,9,0,0,0,1,1,0,6,7,5,8,3
2016.0,400.0,0.0,0.0,3,10,3,0,0,0,0,9,1,1,0,0,9,1,1,7,3,9,0,1,0,2,1,0,4,9,5,3,2
2016.0,130.0,0.0,0.0,3,6,3,0,0,0,1,9,1,1,0,1,9,1,1,7,3,9,0,1,0,1,1,0,4,7,5,8,3
2016.0,-100.0,0.0,0.0,3,6,3,0,0,0,1,1,1,1,0,1,1,1,1,8,3,9,0,1,0,1,0,0,4,7,5,8,3
2016.0,0.0,1.0,0.0,3,1,3,0,0,0,1,5,1,1,0,1,1,1,1,9,3,9,0,1,0,1,0,0,2,2,5,3,3
2016.0,0.0,0.0,0.0,3,4,3,0,0,0,0,2,1,1,0,1,9,1,1,9,3,9,0,1,0,2,1,0,4,2,5,3,9
2016.0,110.0,0.0,0.0,3,1,3,0,0,0,2,2,1,1,0,0,5,1,1,10,3,9,0,0,0,0,2,0,6,2,5,3,9
2016.0,170.0,0.0,0.0,3,12,3,0,0,0,1,1,1,1,0,1,2,1,1,12,3,9,0,0,0,1,2,0,0,2,5,3,9
2016.0,-820.0,0.0,0.0,3,6,3,0,0,0,1,5,1,1,0,1,5,1,1,15,3,9,0,0,0,0,1,0,6,7,5,8,3
2016.0,0.0,3.0,0.0,2,4,3,0,0,0,0,2,1,1,0,0,5,1,1,17,3,9,0,1,0,1,1,0,4,2,5,3,9
2016.0,50.0,0.0,0.0,3,1,3,0,0,0,1,1,1,1,0,1,1,1,1,17,3,9,0,1,0,2,1,0,6,9,5,3,2
2016.0,0.0,2.0,0.0,2,1,3,0,0,0,1,2,1,1,0,1,1,1,1,17,3,9,0,1,0,2,1,0,4,4,7,3,9
2016.0,-84.0,0.0,0.0,3,10,3,0,0,0,1,1,1,1,0,0,1,1,1,17,3,9,0,1,0,1,1,0,4,9,5,3,2
2016.0,284.0,0.0,0.0,3,6,3,0,0,0,0,1,1,1,0,0,1,1,1,18,3,9,0,1,0,1,1,0,6,7,5,3,3
2016.0,140.0,2.0,0.0,3,6,3,0,0,0,1,9,1,1,0,1,9,1,1,18,3,9,0,1,0,1,2,0,4,7,5,8,3
2016.0,60.0,2.0,0.0,3,10,4,0,0,0,1,1,1,1,0,1,1,1,1,18,3,9,0,1,0,2,1,0,4,7,5,8,3
2016.0,381.0,0.0,0.0,3,1,0,0,0,0,1,5,1,1,0,0,9,1,1,18,3,9,0,1,0,1,1,0,0,2,5,3,9
2016.0,-202.0,0.0,0.0,3,10,4,0,0,0,1,1,1,1,0,1,1,1,1,19,3,9,0,1,0,2,0,0,6,9,5,8,2
2016.0,0.0,1.0,0.0,1,4,0,0,0,0,1,2,1,1,0,1,9,1,1,21,3,9,0,0,0,1,2,0,4,2,5,3,9
2016.0,0.0,0.0,0.0,3,4,3,0,0,0,0,1,1,1,0,1,2,1,1,6,4,9,0,0,0,0,0,0,4,7,5,3,9
2016.0,627.0,1.0,0.0,3,4,3,0,0,0,1,7,1,1,0,0,1,1,1,8,4,9,0,1,0,0,0,0,0,5,5,3,9
2016.0,115.0,0.0,0.0,3,8,3,0,0,0,0,2,1,1,1,1,8,1,1,8,4,9,0,1,0,2,1,0,6,5,5,6,1
2016.0,0.0,2.0,0.0,3,4,3,0,0,0,0,9,1,1,0,0,3,1,1,8,4,9,0,1,0,2,1,0,4,2,5,9,3
2016.0,0.0,0.0,0.0,3,10,3,0,0,0,1,5,1,1,0,1,5,1,1,9,4,9,0,1,0,1,0,0,4,7,5,8,3
2016.0,-175.0,0.0,0.0,3,1,3,0,0,0,0,5,1,1,0,0,5,1,1,11,4,9,0,0,0,2,2,0,0,5,5,3,9
2016.0,0.0,1.0,0.0,2,4,3,0,0,0,1,5,1,1,0,1,4,1,1,11,4,9,0,0,0,2,1,0,4,2,5,9,3
2016.0,-205.0,1.0,0.0,3,6,3,0,0,0,0,2,1,1,0,1,2,1,1,11,4,9,0,0,0,2,0,0,4,7,5,8,3
2016.0,-30.0,0.0,0.0,3,6,3,0,0,0,1,2,1,1,0,0,2,1,1,12,4,9,0,0,0,1,2,0,4,7,5,8,3
2016.0,0.0,0.0,0.0,3,4,3,0,0,0,0,2,1,1,0,0,9,1,1,12,4,9,0,0,0,1,2,0,4,2,5,3,9
2016.0,-70.0,1.0,0.0,3,6,0,4,3,0,2,2,1,1,0,0,2,1,1,13,4,9,0,0,0,0,1,0,4,7,5,8,3
2016.0,159.0,0.0,0.0,3,6,3,0,0,0,1,9,1,1,0,1,9,1,1,15,4,9,0,0,0,1,2,0,4,7,5,8,3
2016.0,592.0,0.0,0.0,3,6,3,0,0,0,0,9,1,1,0,1,1,1,1,16,4,9,0,1,0,1,0,0,0,8,5,1,3
2016.0,0.0,3.0,0.0,2,4,3,0,0,0,0,2,1,1,0,1,5,1,1,16,4,9,0,1,0,1,2,0,4,2,5,3,9
2016.0,-168.0,0.0,0.0,3,6,3,0,0,0,0,5,1,1,0,0,5,1,1,17,4,9,0,1,0,2,1,0,6,7,5,8,3
2016.0,0.0,0.0,0.0,3,4,4,0,0,0,0,2,1,1,0,0,9,1,1,18,4,9,0,1,0,2,2,0,4,2,5,9,9
2016.0,75.0,1.0,0.0,3,3,0,0,0,0,1,2,1,1,0,1,9,1,1,19,4,9,0,1,0,1,2,0,4,7,5,8,9
2016.0,0.0,1.0,0.0,3,1,0,0,0,0,1,1,1,1,0,0,5,1,1,19,4,9,0,1,0,2,1,0,4,2,5,3,9
2016.0,49.0,0.0,0.0,3,10,0,0,0,0,1,9,1,1,0,1,9,1,1,2,5,9,1,0,0,1,1,0,4,4,5,8,9
2016.0,-57.0,0.0,0.0,3,6,3,0,0,0,1,2,1,1,0,0,2,1,1,10,5,9,1,0,0,1,1,0,6,7,5,8,3
2016.0,-200.0,1.0,0.0,2,4,3,0,0,0,0,5,1,1,0,1,5,1,1,12,5,9,1,0,0,1,1,0,6,4,5,3,9
2016.0,10.0,0.0,0.0,3,6,3,0,0,0,1,9,1,1,0,1,9,1,1,13,5,9,1,0,0,2,1,0,4,5,5,5,5
2016.0,-90.0,0.0,0.0,3,6,3,0,0,0,0,2,1,1,0,1,2,1,1,14,5,9,1,0,0,2,1,0,2,7,5,8,3
2016.0,0.0,0.0,0.0,3,4,3,0,0,0,0,9,1,1,0,1,5,1,1,15,5,9,1,0,0,2,1,0,2,2,5,3,9
2016.0,-79.0,3.0,0.0,2,4,3,0,0,0,1,7,1,1,0,0,1,1,1,15,5,9,1,0,0,1,1,0,0,4,5,3,9
2016.0,-24.0,0.0,0.0,3,6,3,0,0,0,1,2,1,1,0,0,2,1,1,16,5,9,1,1,0,1,0,0,4,7,5,8,3
2016.0,0.0,0.0,0.0,3,8,3,0,0,0,1,1,1,1,0,0,2,1,1,16,5,9,1,1,0,1,1,0,4,2,5,3,3
2016.0,506.0,8.0,0.0,3,6,0,0,0,0,1,2,1,1,0,1,2,1,1,22,5,9,1,0,0,1,2,0,6,7,5,8,3
2016.0,0.0,1.0,0.0,3,1,0,0,0,0,1,5,0,1,0,1,1,1,1,23,5,9,1,0,0,2,1,0,4,2,5,3,3
2016.0,0.0,0.0,0.0,3,10,0,0,0,0,0,9,1,1,0,1,1,1,1,1,6,9,1,0,0,1,1,0,4,4,5,9,9
2016.0,-12.0,1.0,0.0,3,6,0,0,0,0,2,1,1,1,0,1,1,1,1,2,6,9,1,0,0,0,2,0,4,7,5,8,3
2016.0,100.0,0.0,0.0,3,6,0,0,0,0,1,5,1,1,0,1,5,1,1,3,6,9,1,0,0,2,2,0,4,7,5,3,3
2016.0,77.0,0.0,0.0,3,6,3,0,0,0,0,5,1,1,0,1,5,1,1,9,6,9,1,1,0,2,1,0,4,7,5,8,3
2016.0,0.0,0.0,0.0,3,4,3,0,0,0,1,1,1,1,0,1,9,1,1,10,6,9,1,0,0,1,1,0,4,5,5,3,9
2016.0,60.0,0.0,0.0,3,6,3,0,0,0,1,5,1,1,0,1,5,1,1,12,6,9,1,0,0,1,1,0,4,7,5,8,3
2016.0,-20.0,0.0,0.0,3,6,3,0,0,0,1,2,1,1,0,1,2,1,1,14,6,9,1,0,0,2,1,0,3,7,5,8,3
2016.0,-80.0,0.0,0.0,3,12,3,4,0,0,2,8,1,1,1,1,1,1,1,16,6,9,1,1,0,0,1,0,6,5,5,5,5
2016.0,15.0,0.0,0.0,3,6,4,0,0,0,1,9,1,1,0,0,9,1,1,18,6,9,1,1,0,2,2,0,6,7,5,8,3
2016.0,-100.0,0.0,0.0,3,3,0,0,0,0,0,5,0,1,1,1,2,1,1,1,0,9,0,0,0,2,1,0,4,2,5,5,3
2016.0,-125.0,0.0,0.0,3,6,3,0,0,0,2,2,1,1,0,1,2,1,1,6,0,9,0,0,0,0,0,0,1,7,5,8,3
2016.0,100.0,0.0,0.0,3,6,3,0,0,0,1,2,1,1,0,1,2,1,1,6,0,9,0,0,0,1,1,0,6,7,5,8,3
2016.0,270.0,1.0,0.0,3,4,3,0,0,0,1,9,1,1,0,0,1,1,1,7,0,9,0,1,0,1,2,0,6,2,5,3,9
2016.0,-195.0,0.0,0.0,3,4,3,0,0,0,1,1,1,1,0,1,5,1,1,12,0,9,0,0,0,0,0,0,6,2,5,3,9
2016.0,190.0,0.0,0.0,3,4,3,0,0,0,1,2,1,1,0,1,1,1,1,16,0,9,0,1,0,2,1,0,6,2,5,3,9
2016.0,-175.0,0.0,0.0,3,6,3,1,0,0,0,5,1,1,0,0,5,1,1,16,0,9,0,1,0,2,2,0,6,7,5,8,3
2016.0,61.0,0.0,0.0,3,10,3,0,0,0,2,5,1,1,0,1,5,1,1,16,0,9,0,1,0,0,1,0,4,9,5,8,3
2016.0,0.0,0.0,0.0,3,4,3,0,0,0,0,2,1,1,0,0,1,1,1,17,0,9,0,1,0,2,1,0,4,2,5,3,9
2016.0,124.0,0.0,0.0,3,6,4,1,0,0,1,5,1,1,0,1,5,1,1,17,0,9,0,1,0,2,2,0,4,7,5,8,3
2016.0,180.0,0.0,0.0,3,6,0,0,0,0,1,5,1,1,0,1,5,1,1,19,0,9,0,1,0,1,1,0,4,7,5,8,3
2016.0,0.0,0.0,0.0,3,4,0,0,0,0,1,5,1,1,0,1,9,1,1,19,0,9,0,1,0,1,2,0,4,5,5,9,3
2016.0,0.0,0.0,0.0,3,4,0,0,0,0,1,2,1,1,0,1,9,1,1,20,0,9,0,0,0,1,2,0,2,2,5,3,9
2016.0,101.0,1.0,0.0,3,1,0,0,0,0,1,9,1,1,0,0,5,1,1,21,0,9,0,0,0,2,1,0,6,2,5,3,5
2016.0,0.0,2.0,0.0,1,4,0,0,0,0,1,7,1,1,0,0,1,1,1,0,1,9,0,0,0,1,2,0,4,2,5,3,9
2016.0,0.0,2.0,0.0,3,1,3,1,0,0,0,9,1,1,0,1,5,1,1,6,1,9,0,0,0,1,1,0,2,2,5,3,3