Year,Distance,Totalinjuries,Totalfatalities,Injuryseverity,Collisionmanner,Lightcondition,Weather,SurfaceCondition,Unittype_One,Gender_Drv1,Traveldirection_One,AlcoholUse_Drv1,DrugUse_Drv1,Unittype_Two,Gender_Drv2,Traveldirection_Two,AlcoholUse_Drv2,DrugUse_Drv2,Hour,Weekday,Month,Weekend,Rush_Hour,Hazardous_Road,Age_Group_Drv1,Age_Group_Drv2,Substance_Use,Junction_Category,Violation_Category_Drv1,Violation_Category_Drv2,Unitaction_Category_Two,Unitaction_Category_One
2016.0,-63.0,0.0,0.0,3,6,3,0,0,0,1,2,1,1,0,1,2,1,1,12,1,9,0,0,0,1,1,0,4,7,5,8,3
2016.0,80.0,0.0,0.0,3,9,3,0,0,0,0,9,1,1,1,1,1,1,1,15,1,9,0,0,0,2,1,0,6,5,5,6,1
2016.0,0.0,0.0,0.0,3,6,3,0,0,0,1,2,1,1,0,1,2,1,1,15,1,9,0,0,0,1,2,0,4,7,5,8,3
2016.0,-10.0,1.0,0.0,1,5,3,0,0,2,1,1,1,1,0,1,1,1,1,15,1,9,0,0,0,1,0,0,4,2,5,9,7
2016.0,0.0,1.0,0.0,2,5,3,0,0,0,1,5,1,1,2,1,1,1,1,16,1,9,0,1,0,1,1,0,4,4,5,3,9
2016.0,0.0,0.0,0.0,3,4,3,1,0,0,1,2,1,1,0,1,5,1,1,16,1,9,0,1,0,1,0,0,4,2,5,3,9
2016.0,510.0,0.0,0.0,3,4,3,0,0,0,0,1,1,1,0,0,5,1,1,16,1,9,0,1,0,2,1,0,6,2,5,3,9
2016.0,-175.0,1.0,0.0,2,6,0,0,0,0,1,9,1,1,0,1,9,1,1,18,1,9,0,1,0,1,2,0,6,7,5,3,3
2016.0,0.0,0.0,0.0,3,10,0,1,0,0,1,6,1,1,0,0,5,1,1,19,1,9,0,1,0,1,2,0,4,2,2,9,9
2016.0,-60.0,0.0,0.0,3,6,3,0,0,0,0,1,1,1,0,0,1,1,1,7,2,9,0,1,0,2,1,0,2,7,5,8,3
2016.0,197.0,0.0,0.0,3,10,3,0,0,0,1,9,1,1,0,1,9,1,1,7,2,9,0,1,0,1,0,0,6,7,5,6,3
2016.0,-413.0,0.0,0.0,3,4,3,0,0,0,0,2,1,1,0,0,5,1,1,11,2,9,0,0,0,1,1,0,6,2,5,3,9
2016.0,-70.0,0.0,0.0,3,10,3,0,0,0,2,5,1,1,0,1,5,1,1,11,2,9,0,0,0,0,1,0,4,5,5,3,2
2016.0,112.0,0.0,0.0,3,6,3,0,0,0,1,5,1,1,0,1,5,1,1,13,2,9,0,0,0,1,0,0,4,7,5,8,3
2016.0,100.0,0.0,0.0,3,10,3,0,0,0,1,5,1,1,0,0,5,1,1,15,2,9,0,0,0,1,1,0,4,9,5,3,2
2016.0,-130.0,0.0,0.0,3,6,3,0,0,0,1,2,1,1,0,1,2,1,1,15,2,9,0,0,0,1,1,0,4,7,5,8,3
2016.0,156.0,0.0,0.0,3,1,3,0,0,0,0,7,1,1,0,1,5,1,1,15,2,9,0,0,0,2,2,0,0,2,5,3,9
2016.0,-200.0,0.0,0.0,3,10,3,0,0,0,1,5,1,1,0,1,5,1,1,15,2,9,0,0,0,0,1,0,6,9,5,3,2
2016.0,-220.0,0.0,0.0,3,6,3,0,0,0,1,2,1,1,0,0,2,1,1,15,2,9,0,0,0,1,1,0,4,7,5,8,3
2016.0,-99.0,3.0,0.0,3,6,4,0,0,0,1,5,1,1,0,1,5,1,1,18,2,9,0,1,0,2,0,0,6,7,5,8,3
2016.0,0.0,0.0,0.0,3,1,0,0,0,0,1,2,1,1,0,0,9,1,1,19,2,9,0,1,0,1,1,0,2,2,5,3,3
2016.0,0.0,0.0,0.0,3,4,0,0,0,0,0,9,1,1,0,1,2,1,1,21,2,9,0,0,0,2,1,0,4,2,5,3,9
2016.0,69.0,0.0,0.0,3,6,0,0,0,0,0,5,1,1,0,1,5,1,1,22,2,9,0,0,0,1,1,0,4,7,5,8,3
2016.0,70.0,0.0,0.0,3,6,0,0,0,0,1,5,1,1,0,0,5,1,1,22,2,9,0,0,0,1,1,0,4,7,5,3,3
2016.0,0.0,0.0,0.0,3,4,0,0,0,0,0,1,1,1,0,1,2,1,1,4,3,9,0,0,0,1,0,0,2,2,5,9,3
2016.0,-50.0,1.0,0.0,2,6,3,0,0,0,1,9,1,1,0,1,9,1,1,7,3,9,0,1,0,1,1,0,6,7,5,8,3
2016.0,-117.0,1.0,0.0,3,6,3,0,0,0,0,2,1,1,0,1,2,1,1,7,3,9,0,1,0,2,2,0,4,7,5,8,3
2016.0,0.0,5.0,0.0,2,3,3,0,0,0,0,9,1,1,0,0,1,1,1,7,3,9,0,1,0,1,1,0,4,9,5,8,3
2016.0,-304.0,0.0,0.0,3,6,3,3,4,0,0,1,1,1,0,0,1,1,1,12,3,9,0,0,1,1,2,0,4,7,5,8,3
2016.0,10.0,0.0,0.0,3,6,3,0,0,0,0,9,1,1,0,1,9,1,1,12,3,9,0,0,0,2,1,0,4,7,5,8,3
2016.0,0.0,1.0,0.0,2,10,3,1,0,0,0,5,1,1,0,1,5,1,1,14,3,9,0,0,0,0,2,0,4,3,5,9,9
2016.0,-385.0,0.0,0.0,3,10,4,1,0,0,0,5,1,1,0,1,1,1,1,14,3,9,0,0,0,0,1,0,0,5,5,3,9
2016.0,-164.0,0.0,0.0,3,10,3,1,0,0,1,9,1,1,0,1,9,1,1,15,3,9,0,0,0,2,1,0,6,9,5,3,2
2016.0,-43.0,0.0,0.0,3,6,3,0,0,0,0,2,1,1,0,0,2,1,1,15,3,9,0,0,0,2,0,0,4,7,5,8,3
2016.0,63.0,0.0,0.0,3,10,3,3,4,0,1,1,1,1,0,1,1,1,1,16,3,9,0,1,1,1,1,0,4,5,5,9,9
2016.0,-193.0,1.0,0.0,3,6,3,0,0,0,1,2,1,1,0,0,2,1,1,16,3,9,0,1,0,0,1,0,6,7,5,8,3
2016.0,0.0,0.0,0.0,3,1,3,0,0,0,1,2,1,1,0,0,5,1,1,17,3,9,0,1,0,2,1,0,6,7,5,3,8
2016.0,200.0,0.0,0.0,3,6,3,0,0,0,1,1,1,1,0,1,1,1,1,17,3,9,0,1,0,1,1,0,6,7,5,8,3
2016.0,0.0,1.0,0.0,1,4,3,1,4,0,1,2,1,1,0,1,5,1,1,17,3,9,0,1,1,2,1,0,4,2,5,3,9
2016.0,44.0,1.0,0.0,3,5,3,1,0,2,1,9,1,1,0,1,5,1,1,17,3,9,0,1,0,2,0,0,4,2,5,3,3
2016.0,68.0,0.0,0.0,3,6,3,0,0,0,0,9,1,1,0,1,9,1,1,17,3,9,0,1,0,1,0,0,4,7,5,8,3
2016.0,490.0,0.0,0.0,3,6,4,0,0,0,1,9,1,1,0,0,9,1,1,17,3,9,0,1,0,2,2,0,6,7,5,8,8
2016.0,-69.0,0.0,0.0,3,6,0,0,0,0,1,5,1,1,0,0,5,1,1,18,3,9,0,1,0,1,1,0,4,7,5,3,3
2016.0,100.0,1.0,0.0,3,5,4,1,0,0,1,9,1,1,2,1,9,1,1,18,3,9,0,1,0,1,1,0,6,5,5,3,9
2016.0,-10.0,0.0,0.0,3,6,3,0,0,0,2,2,1,1,0,0,2,1,1,7,4,9,0,1,0,0,1,0,4,7,5,8,2
2016.0,-50.0,0.0,0.0,3,6,3,1,0,0,1,9,1,1,0,1,9,1,1,8,4,9,0,1,0,1,1,0,4,7,5,8,3
2016.0,0.0,0.0,0.0,3,1,3,0,0,0,0,1,1,1,0,1,5,1,1,10,4,9,0,0,0,2,0,0,4,2,5,3,9
2016.0,276.0,0.0,0.0,3,6,3,0,0,0,1,1,1,1,0,1,1,1,1,12,4,9,0,0,0,1,1,0,0,7,5,9,3
2016.0,-254.0,0.0,0.0,3,4,3,0,0,0,0,2,1,1,0,1,5,1,1,15,4,9,0,0,0,1,2,0,0,2,5,3,9
2016.0,30.0,0.0,0.0,3,6,3,4,0,0,1,9,1,1,0,0,9,1,1,15,4,9,0,0,0,1,1,0,4,7,5,8,8
2016.0,0.0,0.0,0.0,3,4,3,0,0,0,0,5,1,1,0,1,2,1,1,16,4,9,0,1,0,2,2,0,4,2,5,3,9
2016.0,0.0,3.0,0.0,2,4,3,0,0,0,0,1,1,1,0,0,9,1,1,16,4,9,0,1,0,1,2,0,0,2,5,3,9
2016.0,100.0,0.0,0.0,3,6,3,0,0,0,1,5,1,1,0,0,5,1,1,16,4,9,0,1,0,2,1,0,6,7,5,8,3
2016.0,175.0,0.0,0.0,3,1,3,0,0,0,1,2,1,1,0,1,1,1,1,16,4,9,0,1,0,1,1,0,4,2,5,3,5
2016.0,35.0,1.0,0.0,3,4,3,0,0,0,0,9,1,1,0,0,5,1,1,17,4,9,0,1,0,1,2,0,6,4,5,3,9
2016.0,0.0,1.0,0.0,3,1,3,0,0,0,1,9,1,1,0,0,2,1,1,18,4,9,0,1,0,1,2,0,4,2,5,9,3
2016.0,0.0,0.0,0.0,3,1,0,0,0,0,1,2,1,1,0,1,2,1,1,20,4,9,0,0,0,2,1,0,2,9,5,9,3
2016.0,10.0,1.0,0.0,3,6,3,0,0,0,1,9,1,1,0,1,9,1,1,8,5,9,1,1,0,2,1,0,4,7,5,8,3
2016.0,-177.0,0.0,0.0,3,6,3,0,0,0,0,2,1,1,0,1,2,1,1,10,5,9,1,0,0,1,1,0,6,7,5,3,3
2016.0,1000.0,0.0,0.0,3,10,3,0,0,0,1,5,1,1,1,1,5,1,1,10,5,9,1,0,0,0,1,0,6,7,5,6,3
2016.0,-60.0,0.0,0.0,3,6,3,0,0,0,0,9,1,1,0,1,9,1,1,15,5,9,1,0,0,1,1,0,4,7,5,3,3
2016.0,200.0,0.0,0.0,3,10,3,0,0,0,0,1,1,1,0,0,1,1,1,17,5,9,1,1,0,1,0,0,6,9,5,3,2
2016.0,0.0,0.0,0.0,3,4,0,0,0,0,2,1,1,1,0,1,5,1,1,18,5,9,1,1,0,0,2,0,2,5,5,9,5
2016.0,0.0,2.0,0.0,3,4,0,0,0,0,0,1,1,1,0,0,9,1,1,19,5,9,1,1,0,1,1,0,2,2,5,9,3
2016.0,-40.0,0.0,0.0,3,6,0,0,0,0,0,2,1,1,0,0,2,1,1,23,5,9,1,0,0,2,2,0,4,7,5,8,3
2016.0,-61.0,3.0,0.0,2,6,1,0,0,0,0,1,1,1,0,0,1,1,1,23,5,9,1,0,0,2,1,0,4,7,5,8,3
2016.0,50.0,0.0,0.0,3,6,0,0,0,0,2,5,1,1,0,0,5,1,1,23,5,9,1,0,0,0,1,0,6,5,5,8,3
2016.0,0.0,0.0,0.0,3,4,0,0,0,0,1,1,1,1,0,1,2,1,1,3,6,9,1,0,0,1,2,0,2,5,5,3,9
2016.0,152.0,0.0,0.0,3,10,3,0,0,0,1,9,1,1,0,0,9,1,1,13,6,9,1,0,0,1,1,0,6,9,5,3,2
2016.0,300.0,0.0,0.0,3,10,3,0,0,0,1,1,1,1,0,0,1,1,1,15,6,9,1,0,0,2,1,0,6,9,5,3,9
2016.0,0.0,0.0,0.0,3,1,0,0,0,0,1,1,0,1,0,0,5,1,1,19,6,9,1,1,0,1,1,0,6,2,5,3,3
2016.0,95.0,0.0,0.0,3,6,0,0,0,0,0,5,1,1,0,0,5,1,1,20,6,9,1,0,0,2,1,0,4,7,5,8,3
2016.0,50.0,0.0,0.0,3,4,3,0,0,0,0,9,1,1,0,0,1,1,1,7,0,9,0,1,0,1,1,0,0,2,5,3,9
2016.0,-240.0,0.0,0.0,3,6,3,0,0,0,1,2,1,1,0,0,2,1,1,8,0,9,0,1,0,2,1,0,6,7,5,8,3
2016.0,255.0,0.0,0.0,3,10,3,0,0,0,1,2,1,1,0,0,2,1,1,8,0,9,0,1,0,1,1,0,4,5,5,3,3
2016.0,-150.0,0.0,0.0,3,4,3,1,0,0,0,7,1,1,0,0,2,1,1,9,0,9,0,1,0,2,1,0,8,2,5,3,9
2016.0,-120.0,0.0,0.0,3,6,3,1,0,0,1,1,1,1,0,1,1,1,1,9,0,9,0,1,0,1,1,0,4,2,5,8,3
2016.0,-125.0,1.0,0.0,3,6,3,1,0,0,2,1,1,1,0,0,1,1,1,13,0,9,0,0,0,0,0,0,4,7,5,8,3
2016.0,125.0,0.0,0.0,3,6,3,1,0,0,0,5,1,1,0,1,5,1,1,14,0,9,0,0,0,2,1,0,4,7,5,8,3
2016.0,-38.0,0.0,0.0,3,1,3,0,0,0,1,5,1,1,0,1,9,1,1,14,0,9,0,0,0,0,1,0,4,5,5,3,9
2016.0,-74.0,1.0,0.0,3,6,3,1,0,0,1,1,1,1,0,1,1,1,1,16,0,9,0,1,0,1,0,0,4,9,5,3,2
2016.0,-1000.0,0.0,0.0,3,6,3,3,4,0,0,5,1,1,0,1,5,1,1,17,0,9,0,1,1,2,1,0,6,7,5,8,3
2016.0,350.0,0.0,0.0,3,6,3,0,0,0,1,1,1,1,0,1,1,1,1,17,0,9,0,1,0,1,1,0,6,7,5,8,3
2016.0,25.0,1.0,0.0,3,6,0,0,0,0,2,5,1,1,0,0,5,1,1,20,0,9,0,0,0,0,2,0,4,7,5,8,3
2016.0,384.0,0.0,0.0,3,1,0,0,0,0,1,9,1,1,0,0,5,1,1,21,0,9,0,0,0,1,2,0,6,2,5,3,9
2016.0,150.0,0.0,0.0,3,10,3,0,0,0,2,9,1,1,0,1,9,1,1,6,1,9,0,0,0,0,1,0,6,9,5,3,3
2016.0,0.0,2.0,0.0,2,1,3,0,0,0,0,9,1,1,0,0,2,1,1,7,1,9,0,1,0,2,1,0,4,2,5,3,3
2016.0,-300.0,1.0,0.0,3,6,3,0,0,0,1,5,1,1,0,0,5,1,1,8,1,9,0,1,0,2,1,0,6,7,5,8,3
2016.0,425.0,1.0,0.0,2,4,3,0,0,0,0,1,1,1,0,0,5,1,1,8,1,9,0,1,0,1,2,0,0,2,5,3,9
2016.0,-34.0,0.0,0.0,3,6,3,0,0,0,0,2,1,1,0,1,2,1,1,9,1,9,0,1,0,1,2,0,4,7,5,8,3
2016.0,-5.0,0.0,0.0,3,6,0,0,0,0,0,1,1,1,0,1,1,1,1,10,1,9,0,0,0,1,2,0,4,5,5,8,5
2016.0,143.0,2.0,0.0,2,6,3,1,0,0,1,1,1,1,0,1,1,1,1,10,1,9,0,0,0,2,1,0,6,7,5,8,3
2016.0,362.0,0.0,0.0,3,6,3,0,0,0,1,9,1,1,0,0,9,1,1,12,1,9,0,0,0,1,1,0,6,7,5,8,3
2016.0,243.0,0.0,0.0,3,1,3,0,0,0,0,9,1,1,0,0,5,1,1,12,1,9,0,0,0,1,1,0,6,2,5,3,9
2016.0,0.0,1.0,0.0,2,5,3,0,0,0,0,1,1,1,2,1,5,1,1,13,1,9,0,0,0,0,0,0,2,9,5,3,3
2016.0,65.0,0.0,0.0,3,6,3,0,0,0,0,5,1,1,0,0,5,1,1,13,1,9,0,0,0,2,1,0,4,7,5,8,3
2016.0,-42.0,0.0,0.0,3,6,3,0,0,0,1,2,1,1,0,0,2,1,1,15,1,9,0,0,0,1,1,0,4,7,5,8,3
2016.0,-295.0,0.0,0.0,3,4,3,0,0,0,0,2,1,1,0,0,1,1,1,15,1,9,0,0,0,2,2,0,0,2,5,3,9
2016.0,0.0,1.0,0.0,3,4,3,0,0,0,1,9,1,1,0,0,1,1,1,15,1,9,0,0,0,1,2,0,2,2,5,3,9
2016.0,130.0,0.0,0.0,3,10,3,0,0,0,1,9,1,1,0,1,9,1,1,16,1,9,0,1,0,1,1,0,6,9,5,3,2
2016.0,-45.0,0.0,0.0,3,6,2,0,0,0,2,2,1,1,0,1,2,1,1,17,1,9,0,1,0,0,2,0,4,5,5,8,8
2016.0,50.0,0.0,0.0,3,6,3,0,0,0,0,1,1,1,0,0,1,1,1,17,1,9,0,1,0,2,1,0,6,8,5,8,3
2016.0,-38.0,0.0,0.0,3,4,3,0,0,0,1,2,1,1,0,1,5,1,1,17,1,9,0,1,0,2,2,0,6,2,5,3,9
2016.0,0.0,0.0,0.0,3,4,3,0,0,0,0,9,1,1,0,1,1,1,1,17,1,9,0,1,0,2,1,0,4,2,5,3,9
2016.0,65.0,0.0,0.0,3,1,0,1,0,0,1,9,1,1,0,1,9,1,1,20,1,9,0,0,0,1,1,0,4,4,5,9,9
2016.0,0.0,0.0,0.0,3,1,0,0,0,0,1,9,1,1,0,1,2,1,1,20,1,9,0,0,0,1,2,0,4,2,5,3,3
2016.0,10.0,0.0,0.0,3,6,0,0,0,0,1,1,1,1,0,0,1,0,1,20,1,9,0,0,0,1,2,0,6,2,5,3,9
2016.0,-10.0,1.0,0.0,2,5,3,0,0,2,1,9,1,1,0,1,1,1,1,8,2,9,0,1,0,2,1,0,1,2,5,3,9
2016.0,0.0,0.0,0.0,3,4,3,0,0,0,0,5,1,1,0,1,2,1,1,8,2,9,0,1,0,2,2,0,4,2,5,3,9
2016.0,0.0,0.0,0.0,3,4,3,0,0,0,0,2,1,1,0,0,5,1,1,8,2,9,0,1,0,0,0,0,4,2,5,3,9
2016.0,0.25,0.0,0.0,3,3,3,1,0,0,1,1,1,1,0,0,1,1,1,13,2,9,0,0,0,1,1,0,6,7,5,8,3
2016.0,290.0,0.0,0.0,3,6,3,0,0,0,1,2,1,1,0,1,2,1,1,13,2,9,0,0,0,1,1,0,6,7,5,8,3
2016.0,-60.0,0.0,0.0,3,10,3,0,0,0,1,2,1,1,0,1,2,1,1,14,2,9,0,0,0,2,1,0,4,9,5,3,2
2016.0,0.0,4.0,0.0,2,4,3,0,0,0,1,9,1,1,0,1,1,1,1,15,2,9,0,0,0,0,2,0,4,2,5,3,9
2016.0,200.0,1.0,0.0,2,5,3,0,0,3,1,1,1,1,0,0,5,1,1,17,2,9,0,1,0,2,0,0,4,2,5,8,7
2016.0,0.0,5.0,0.0,2,4,4,0,0,0,0,1,1,1,0,1,9,1,1,18,2,9,0,1,0,1,2,0,4,2,5,3,9
2016.0,0.0,0.0,0.0,3,1,0,1,0,0,0,2,1,1,0,1,9,1,1,18,2,9,0,1,0,1,1,0,4,2,5,3,3
2016.0,-40.0,0.0,0.0,3,10,4,0,0,0,2,2,1,1,0,1,2,1,1,18,2,9,0,1,0,0,1,0,6,9,5,3,3
2016.0,-448.0,0.0,0.0,3,10,0,0,0,0,2,1,1,1,0,0,1,1,1,19,2,9,0,1,0,0,1,0,6,9,5,3,3
2016.0,15.0,0.0,0.0,3,10,0,0,0,0,2,2,1,1,0,1,2,1,1,21,2,9,0,0,0,0,1,0,4,9,5,9,9
2016.0,0.0,3.0,0.0,1,1,3,3,4,0,1,5,1,1,0,1,9,1,1,7,3,9,0,1,1,2,1,0,4,2,5,3,9
2016.0,0.0,0.0,0.0,3,10,3,1,0,0,0,2,1,1,0,0,2,1,1,8,3,9,0,1,0,0,1,0,4,9,5,9,9
2016.0,0.0,2.0,0.0,2,4,3,3,4,0,1,1,1,1,0,1,9,1,1,8,3,9,0,1,1,1,1,0,4,2,5,3,9
2016.0,95.0,0.0,0.0,3,9,3,3,4,0,2,9,1,1,1,1,1,1,1,8,3,9,0,1,1,0,1,0,6,9,5,6,3
2016.0,-150.0,0.0,0.0,3,1,3,1,4,0,1,2,1,1,0,1,1,1,1,8,3,9,0,1,1,2,1,0,6,2,5,3,5
2016.0,0.0,0.0,0.0,3,5,3,3,4,0,1,9,1,1,0,1,1,1,1,9,3,9,0,1,1,1,1,0,3,7,5,8,9
2016.0,70.0,0.0,0.0,3,6,3,3,4,0,0,9,1,1,0,1,9,1,1,9,3,9,0,1,1,2,1,0,4,7,5,8,3
2016.0,0.0,1.0,0.0,3,1,3,3,4,0,0,1,1,1,0,0,2,1,1,10,3,9,0,0,1,2,1,0,4,5,2,3,3
2016.0,-182.0,0.0,0.0,3,4,3,0,0,0,1,2,1,1,0,1,2,1,1,12,3,9,0,0,0,0,0,0,0,2,5,3,9
2016.0,211.0,0.0,0.0,3,1,3,0,0,0,2,1,1,1,0,1,5,1,1,13,3,9,0,0,0,0,2,0,6,2,5,3,3
2016.0,350.0,0.0,0.0,3,1,3,0,0,0,1,5,1,1,0,0,5,1,1,14,3,9,0,0,0,1,1,0,6,9,5,3,2
2016.0,130.0,0.0,0.0,3,6,3,0,0,0,1,1,1,1,0,0,1,1,1,14,3,9,0,0,0,1,1,0,4,7,5,8,3
2016.0,100.0,0.0,0.0,3,10,3,1,0,0,1,9,1,1,0,1,9,1,1,15,3,9,0,0,0,2,2,0,6,9,5,3,2
2016.0,499.0,0.0,0.0,3,1,3,0,0,0,0,1,1,1,0,0,1,1,1,16,3,9,0,1,0,1,2,0,6,5,5,3,9
2016.0,384.0,0.0,0.0,3,1,3,0,0,0,1,9,1,1,0,0,5,1,1,17,3,9,0,1,0,2,2,0,6,5,5,3,3
2016.0,604.0,0.0,0.0,3,4,4,1,0,0,1,5,1,1,0,0,2,1,1,18,3,9,0,1,0,2,2,0,6,2,2,9,9
2016.0,-68.0,0.0,0.0,3,6,4,0,0,0,0,1,1,1,0,0,1,1,1,18,3,9,0,1,0,2,0,0,4,7,5,8,3
2016.0,200.0,0.0,0.0,3,10,4,0,0,0,0,5,1,1,0,0,5,1,1,18,3,9,0,1,0,2,2,0,6,9,5,3,2
2016.0,0.0,0.0,0.0,3,4,0,0,0,0,1,1,1,1,0,1,9,1,1,19,3,9,0,1,0,2,1,0,4,2,5,3,9
2016.0,0.0,0.0,0.0,3,1,0,0,0,0,1,2,1,1,0,1,1,1,1,19,3,9,0,1,0,0,2,0,4,5,5,3,9
2016.0,344.0,0.0,0.0,3,6,0,0,0,0,2,1,1,1,0,1,1,1,1,19,3,9,0,1,0,0,1,0,6,7,5,3,3
2016.0,-300.0,0.0,0.0,3,6,0,0,0,0,0,2,1,1,0,1,2,1,1,19,3,9,0,1,0,2,2,0,6,7,5,8,3
2016.0,65.0,1.0,0.0,2,10,0,0,0,0,0,5,1,1,0,1,5,1,1,21,3,9,0,0,0,2,1,0,6,9,5,3,2
2016.0,-230.0,0.0,0.0,3,6,0,0,0,0,0,2,1,1,0,0,2,1,1,22,3,9,0,0,0,2,1,0,4,7,5,8,8
2016.0,-575.0,0.0,0.0,3,1,3,0,0,0,0,1,1,1,0,0,2,1,1,9,4,9,0,1,0,0,1,0,6,9,5,3,2
2016.0,375.0,0.0,0.0,3,6,3,0,0,0,1,2,1,1,0,1,2,1,1,10,4,9,0,0,0,1,2,0,6,7,5,8,3
2016.0,0.0,0.0,0.0,3,1,3,0,0,0,1,5,1,1,0,1,1,1,1,11,4,9,0,0,0,1,1,0,2,2,5,3,3
2016.0,-115.0,0.0,0.0,3,10,3,0,0,0,1,1,1,1,0,1,1,1,1,11,4,9,0,0,0,1,2,0,6,9,5,3,2
2016.0,311.0,0.0,0.0,3,10,3,0,0,0,0,9,1,1,0,1,9,1,1,12,4,9,0,0,0,2,1,0,6,9,5,3,2
2016.0,-147.0,0.0,0.0,3,6,3,0,0,0,0,1,1,1,0,1,1,1,1,12,4,9,0,0,0,1,1,0,4,7,5,8,3
2016.0,0.0,0.0,0.0,3,10,3,0,0,0,1,1,1,1,0,0,1,1,1,14,4,9,0,0,0,1,1,0,4,9,5,8,2
2016.0,-235.0,0.0,0.0,3,6,3,0,0,0,0,5,1,1,0,0,5,1,1,15,4,9,0,0,0,2,2,0,4,7,5,8,3
2016.0,-132.0,0.0,0.0,3,6,3,0,0,0,2,9,1,1,0,1,9,1,1,15,4,9,0,0,0,0,0,0,6,7,5,8,3
2016.0,400.0,0.0,0.0,3,6,3,0,0,0,0,5,1,1,0,0,5,1,1,16,4,9,0,1,0,1,2,0,4,7,5,8,3
2016.0,-200.0,0.0,0.0,3,1,3,0,0,0,0,1,1,1,0,0,1,1,1,17,4,9,0,1,0,0,1,0,4,9,5,3,2
2016.0,0.0,0.0,0.0,3,1,3,0,0,0,1,1,1,1,0,1,2,1,1,17,4,9,0,1,0,2,2,0,4,2,5,3,3
2016.0,-75.0,3.0,0.0,3,6,3,0,0,0,0,1,1,1,0,0,1,1,1,18,4,9,0,1,0,1,1,0,4,7,5,3,3
2016.0,90.0,0.0,0.0,3,6,0,0,0,0,1,5,1,1,0,0,5,1,1,19,4,9,0,1,0,0,1,0,4,7,5,8,3
2016.0,200.0,0.0,0.0,3,1,0,0,0,0,1,9,1,1,0,0,9,1,1,20,4,9,0,0,0,1,1,0,4,9,5,8,2
2016.0,-90.0,0.0,0.0,3,6,0,0,0,0,1,2,1,1,0,1,2,1,1,21,4,9,0,0,0,2,1,0,4,7,5,8,3
2016.0,491.0,0.0,0.0,3,1,3,0,0,0,0,9,1,1,0,0,5,1,1,8,5,10,1,1,0,1,1,0,6,2,5,3,3
2016.0,-259.0,1.0,0.0,2,5,3,0,3,0,2,8,1,1,2,0,9,1,1,10,5,10,1,0,0,0,2,0,6,5,5,3,5
2016.0,-29.0,0.0,0.0,3,6,3,0,0,0,1,1,1,1,0,1,1,1,1,15,5,10,1,0,0,1,1,0,6,5,5,8,8
2016.0,20.0,1.0,0.0,3,6,3,0,0,0,0,5,1,1,0,0,5,1,1,17,5,10,1,1,0,0,1,0,4,7,5,8,3
2016.0,-180.0,1.0,0.0,3,1,0,0,0,0,0,9,1,1,0,0,9,1,1,19,5,10,1,1,0,1,1,0,6,5,5,3,9
2016.0,0.0,0.0,0.0,3,1,0,0,0,0,2,5,1,1,0,0,1,1,1,19,5,10,1,1,0,0,1,0,4,2,5,9,3
2016.0,0.0,0.0,0.0,3,4,0,0,0,0,2,1,1,1,0,0,9,1,1,20,5,10,1,0,0,0,1,0,4,2,5,3,9
2016.0,-120.0,0.0,0.0,3,6,1,0,0,0,2,2,1,1,0,0,2,1,1,21,5,10,1,0,0,0,2,0,4,7,5,3,3
2016.0,-12.0,0.0,0.0,3,6,0,0,0,0,1,2,0,1,0,0,2,1,1,0,6,10,1,0,0,1,2,0,4,5,5,3,3
2016.0,62.0,3.0,0.0,3,6,3,1,4,0,1,9,1,1,0,1,9,1,1,11,6,10,1,0,1,1,1,0,4,7,5,3,8
2016.0,-15.0,0.0,0.0,3,4,3,0,0,0,1,9,1,1,0,1,5,1,1,14,6,10,1,0,0,0,2,0,6,2,5,3,9
2016.0,79.0,2.0,0.0,2,6,3,0,0,0,0,2,1,1,0,0,2,1,1,15,6,10,1,0,0,2,1,0,6,5,5,8,3
2016.0,120.0,1.0,0.0,1,12,3,1,0,0,1,5,1,1,0,0,7,1,1,17,6,10,1,1,0,2,1,0,6,7,5,9,3
2016.0,-238.0,2.0,0.0,3,6,0,0,0,0,0,2,0,1,0,1,2,1,1,19,6,10,1,1,0,1,2,0,6,5,5,8,3
2016.0,-367.0,0.0,0.0,3,1,0,0,4,0,0,1,1,1,0,1,1,1,1,20,6,10,1,0,1,1,1,0,6,4,5,3,9
2016.0,-380.0,0.0,0.0,3,3,3,0,0,0,1,5,1,1,1,1,2,1,1,6,0,10,0,0,0,0,1,0,6,7,5,6,8
2016.0,-61.0,0.0,0.0,3,6,3,0,0,0,0,2,1,1,0,0,2,1,1,9,0,10,0,1,0,1,2,0,4,7,5,8,3
2016.0,100.0,0.0,0.0,3,4,3,0,0,0,0,2,1,1,0,1,1,1,1,11,0,10,0,0,0,1,1,0,6,5,5,3,9
2016.0,-365.0,0.0,0.0,3,5,3,0,0,0,1,9,1,1,0,1,2,1,1,12,0,10,0,0,0,1,2,0,6,7,5,3,5
2016.0,-320.0,0.0,0.0,3,1,3,0,0,0,1,1,1,1,0,1,5,1,1,12,0,10,0,0,0,1,2,0,6,2,5,3,5
2016.0,-80.0,1.0,0.0,3,6,3,0,0,0,1,1,1,1,0,1,1,1,1,14,0,10,0,0,0,1,1,0,4,7,5,8,3
2016.0,0.0,0.0,0.0,3,1,3,0,0,0,0,9,1,1,0,1,5,1,1,15,0,10,0,0,0,1,1,0,2,2,5,3,3
2016.0,200.0,0.0,0.0,3,4,2,0,0,0,1,5,1,1,0,0,9,1,1,15,0,10,0,0,0,1,1,0,6,4,5,3,9