Year,Distance,Totalinjuries,Totalfatalities,Injuryseverity,Collisionmanner,Lightcondition,Weather,SurfaceCondition,Unittype_One,Gender_Drv1,Traveldirection_One,AlcoholUse_Drv1,DrugUse_Drv1,Unittype_Two,Gender_Drv2,Traveldirection_Two,AlcoholUse_Drv2,DrugUse_Drv2,Hour,Weekday,Month,Weekend,Rush_Hour,Hazardous_Road,Age_Group_Drv1,Age_Group_Drv2,Substance_Use,Junction_Category,Violation_Category_Drv1,Violation_Category_Drv2,Unitaction_Category_Two,Unitaction_Category_One
2016.0,522.0,0.0,0.0,3,10,3,0,0,0,1,1,1,1,0,1,1,1,1,16,0,10,0,1,0,1,1,0,6,9,5,3,2
2016.0,30.0,3.0,0.0,2,4,3,0,0,0,0,5,1,1,0,0,1,1,1,17,0,10,0,1,0,2,1,0,6,2,5,3,9
2016.0,0.0,1.0,0.0,2,4,3,0,0,0,0,9,1,1,0,1,1,1,1,17,0,10,0,1,0,1,2,0,4,2,5,3,9
2016.0,40.0,0.0,0.0,3,10,4,0,0,0,0,9,1,1,0,0,9,1,1,17,0,10,0,1,0,0,2,0,4,9,5,3,2
2016.0,-161.0,0.0,0.0,3,4,3,0,0,0,1,4,1,1,0,1,5,1,1,18,0,10,0,1,0,2,1,0,0,7,5,3,9
2016.0,0.0,0.0,0.0,3,4,0,0,0,0,0,9,1,1,0,1,1,1,1,22,0,10,0,0,0,2,1,0,6,2,5,3,9
2016.0,107.0,1.0,0.0,3,6,3,0,0,0,1,9,1,1,0,1,9,1,1,7,1,10,0,1,0,1,1,0,4,7,5,8,3
2016.0,0.0,0.0,0.0,3,4,3,0,0,0,1,1,1,1,0,0,2,1,1,7,1,10,0,1,0,1,1,0,4,2,5,9,3
2016.0,500.0,1.0,0.0,2,6,3,0,0,0,1,1,1,1,0,1,1,1,1,7,1,10,0,1,0,1,0,0,6,7,5,8,3
2016.0,130.0,0.0,0.0,3,6,3,0,0,0,1,2,1,1,0,0,2,1,1,9,1,10,0,1,0,1,1,0,0,7,5,8,3
2016.0,723.0,1.0,0.0,2,6,3,0,0,0,2,9,1,1,0,1,9,1,1,10,1,10,0,0,0,0,0,0,6,7,5,3,5
2016.0,-52.0,0.0,0.0,3,6,3,0,0,0,1,1,1,1,0,0,1,1,1,10,1,10,0,0,0,2,1,0,6,7,5,8,3
2016.0,0.0,1.0,0.0,3,1,3,0,0,0,1,1,1,1,0,0,2,1,1,11,1,10,0,0,0,0,2,0,4,2,5,3,3
2016.0,0.0,1.0,0.0,2,4,3,0,0,0,1,5,1,1,0,1,2,1,1,12,1,10,0,0,0,0,1,0,4,2,5,3,9
2016.0,135.0,1.0,0.0,3,6,3,0,0,0,0,5,1,1,0,0,5,1,1,12,1,10,0,0,0,1,1,0,4,7,5,8,3
2016.0,47.0,1.0,0.0,2,5,3,0,0,2,1,1,1,1,0,0,1,1,1,13,1,10,0,0,0,2,2,0,4,7,5,9,3
2016.0,83.0,0.0,0.0,3,6,3,0,0,0,1,9,1,1,0,1,9,1,1,13,1,10,0,0,0,2,1,0,4,7,5,8,3
2016.0,75.0,0.0,0.0,3,10,3,0,0,0,0,9,1,1,0,1,9,1,1,14,1,10,0,0,0,2,1,0,6,9,5,3,2
2016.0,505.0,0.0,0.0,3,4,3,0,0,0,1,2,1,1,0,0,5,1,1,14,1,10,0,0,0,2,0,0,6,5,5,8,9
2016.0,93.0,0.0,0.0,3,10,3,0,0,0,1,2,1,1,0,0,2,1,1,15,1,10,0,0,0,1,2,0,6,9,5,3,2
2016.0,-100.0,1.0,0.0,2,6,3,0,0,0,0,1,1,1,0,0,1,1,1,17,1,10,0,1,0,2,1,0,4,7,5,8,3
2016.0,0.0,0.0,0.0,3,4,3,0,0,0,2,4,1,1,0,1,5,1,1,17,1,10,0,1,0,0,1,0,4,5,5,3,9
2016.0,-112.0,1.0,0.0,2,6,3,0,0,0,0,2,1,1,0,1,2,1,1,10,2,10,0,0,0,2,2,0,4,7,5,8,8
2016.0,-104.0,1.0,0.0,3,6,3,0,0,0,2,2,1,1,0,0,2,1,1,12,2,10,0,0,0,0,1,0,4,7,5,8,3
2016.0,-280.0,0.0,0.0,3,1,3,0,0,0,1,2,1,1,0,1,1,1,1,17,2,10,0,1,0,2,1,0,6,2,5,3,5
2016.0,-722.0,0.0,0.0,3,6,3,0,0,0,1,1,1,1,0,0,1,1,1,17,2,10,0,1,0,1,2,0,6,7,5,8,3
2016.0,-500.0,0.0,0.0,3,6,0,0,0,0,1,9,1,0,0,1,9,1,1,0,3,10,0,0,0,1,0,0,6,7,5,3,3
2016.0,-55.0,0.0,0.0,3,10,3,0,0,0,0,9,1,1,0,0,9,1,1,7,3,10,0,1,0,0,1,0,6,9,5,3,2
2016.0,159.0,0.0,0.0,3,6,3,0,0,0,0,9,1,1,0,1,9,1,1,9,3,10,0,1,0,1,1,0,4,7,5,8,3
2016.0,0.0,1.0,0.0,3,1,3,0,0,0,1,5,1,1,0,1,9,1,1,10,3,10,0,0,0,1,1,0,4,5,5,3,9
2016.0,474.0,0.0,0.0,3,6,3,0,0,0,0,9,1,1,0,0,9,1,1,11,3,10,0,0,0,2,1,0,6,7,5,8,3
2016.0,611.0,0.0,0.0,3,4,3,0,0,0,0,2,1,1,0,0,9,1,1,11,3,10,0,0,0,0,1,0,0,2,5,9,9
2016.0,0.0,1.0,0.0,2,1,3,0,0,0,1,9,1,1,0,1,5,1,1,13,3,10,0,0,0,2,1,0,4,2,5,9,3
2016.0,48.0,0.0,0.0,3,8,3,0,0,0,1,4,1,1,1,1,5,1,1,14,3,10,0,0,0,2,2,0,6,5,5,6,1
2016.0,0.0,1.0,0.0,2,1,3,0,0,0,1,9,1,1,0,0,5,1,1,15,3,10,0,0,0,2,1,0,4,2,5,3,3
2016.0,198.0,1.0,0.0,3,6,3,0,0,0,0,9,1,1,0,0,9,1,1,15,3,10,0,0,0,2,1,0,4,7,5,8,3
2016.0,-500.0,0.0,0.0,3,1,3,0,0,0,2,2,1,1,0,0,1,1,1,16,3,10,0,1,0,0,2,0,0,2,5,3,5
2016.0,0.0,2.0,0.0,2,4,0,0,0,0,0,2,1,1,0,1,5,1,1,18,3,10,0,1,0,0,1,0,4,2,5,9,3
2016.0,-81.0,0.0,0.0,3,10,4,0,0,0,0,2,1,1,0,1,2,1,1,18,3,10,0,1,0,2,1,0,6,9,5,3,2
2016.0,0.0,0.0,0.0,3,10,0,0,0,0,2,3,1,1,0,1,3,1,1,20,3,10,0,0,0,0,1,0,4,4,5,9,9
2016.0,-132.0,0.0,0.0,3,6,0,0,0,0,1,2,1,1,0,1,2,1,1,22,3,10,0,0,0,2,2,0,4,7,5,8,8
2016.0,100.0,1.0,0.0,3,6,0,0,0,0,1,5,0,1,0,0,5,1,1,2,4,10,0,0,0,1,2,0,4,7,5,8,3
2016.0,-80.0,0.0,0.0,3,6,0,0,0,0,2,1,1,1,0,1,1,1,1,3,4,10,0,0,0,0,1,0,4,7,5,8,5
2016.0,267.0,4.0,0.0,2,4,3,0,0,0,0,3,1,1,0,0,9,1,1,6,4,10,0,0,0,2,2,0,0,5,5,3,9
2016.0,0.0,0.0,0.0,3,4,3,0,0,0,1,9,1,1,0,1,1,1,1,8,4,10,0,1,0,1,1,0,4,2,5,3,9
2016.0,-150.0,0.0,0.0,3,6,3,0,0,0,1,1,1,1,0,0,1,1,1,8,4,10,0,1,0,1,1,0,4,7,5,3,3
2016.0,448.0,1.0,1.0,0,6,3,0,0,0,1,9,1,1,0,0,9,1,1,9,4,10,0,1,0,2,1,0,6,7,5,8,3
2016.0,-43.0,0.0,0.0,3,6,3,0,0,0,0,2,1,1,0,1,3,1,1,15,4,10,0,0,0,1,1,0,4,7,5,8,3
2016.0,0.0,0.0,0.0,3,4,0,0,0,0,1,2,1,1,0,0,6,1,1,19,4,10,0,1,0,2,1,0,4,2,5,9,3
2016.0,70.0,0.0,0.0,3,10,0,0,0,0,0,1,1,1,0,0,1,1,1,20,4,10,0,0,0,0,1,0,4,9,5,9,2
2016.0,20.0,0.0,0.0,3,6,0,0,0,0,0,9,1,1,0,1,9,0,1,23,4,10,0,0,0,2,2,0,6,9,5,3,8
2016.0,80.0,0.0,0.0,3,6,0,0,0,0,1,5,1,1,0,1,5,1,1,23,4,10,0,0,0,2,2,0,4,7,5,3,3
2016.0,0.0,0.0,0.0,3,4,0,0,0,0,1,1,1,1,0,0,9,1,1,0,5,10,1,0,0,2,1,0,4,2,5,3,9
2016.0,0.0,0.0,0.0,3,1,3,0,0,0,0,1,1,1,0,0,9,1,1,12,5,10,1,0,0,1,1,0,3,2,5,9,9
2016.0,-147.0,0.0,0.0,3,10,3,0,0,0,0,4,1,1,0,0,2,1,1,12,5,10,1,0,0,0,2,0,6,9,5,3,2
2016.0,0.0,0.0,0.0,3,4,3,0,0,0,0,5,1,1,0,1,1,1,1,13,5,10,1,0,0,0,0,0,4,2,5,3,9
2016.0,-84.0,0.0,0.0,3,6,3,0,0,0,1,1,1,1,0,0,1,1,1,13,5,10,1,0,0,2,1,0,4,7,5,8,3
2016.0,50.0,0.0,0.0,3,6,3,0,0,0,0,9,1,1,0,0,9,1,1,15,5,10,1,0,0,0,1,0,4,8,5,8,3
2016.0,-55.0,0.0,0.0,3,6,3,0,0,0,0,2,1,1,0,0,2,1,1,16,5,10,1,1,0,2,1,0,4,7,5,8,3
2016.0,40.0,0.0,0.0,3,10,3,0,0,0,1,5,1,1,0,1,5,1,1,17,5,10,1,1,0,1,1,0,6,9,5,3,2
2016.0,300.0,1.0,0.0,3,1,4,0,0,0,0,5,1,1,0,1,9,1,1,17,5,10,1,1,0,2,2,0,6,2,5,3,3
2016.0,-240.0,0.0,0.0,3,1,4,0,0,0,1,2,1,1,0,1,2,1,1,18,5,10,1,1,0,2,1,0,4,9,5,3,2
2016.0,-90.0,0.0,0.0,3,6,0,0,0,0,0,2,1,1,0,1,2,1,1,18,5,10,1,1,0,1,2,0,4,5,5,3,3
2016.0,0.0,2.0,0.0,3,1,0,0,0,0,1,2,1,1,0,1,6,1,1,19,5,10,1,1,0,1,1,0,4,4,5,9,3
2016.0,67.0,0.0,0.0,3,10,0,0,0,0,1,9,0,1,0,1,9,1,1,19,5,10,1,1,0,1,2,0,4,9,5,8,3
2016.0,-267.0,0.0,0.0,3,6,0,0,0,0,0,1,0,1,0,0,1,1,1,23,5,10,1,0,0,1,2,0,6,7,5,8,3
2016.0,0.0,0.0,0.0,3,1,0,0,0,0,1,9,0,1,0,0,9,1,1,0,6,10,1,0,0,2,1,0,4,4,5,9,9
2016.0,-20.0,0.0,0.0,3,6,0,0,0,0,0,1,1,1,0,0,1,1,1,1,6,10,1,0,0,2,2,0,4,7,5,3,8
2016.0,50.0,0.0,0.0,3,6,0,0,0,0,0,2,1,1,0,0,2,1,1,2,6,10,1,0,0,1,2,0,6,7,5,3,3
2016.0,0.0,0.0,0.0,3,4,3,0,0,0,1,5,1,1,0,0,5,1,1,9,6,10,1,1,0,0,2,0,4,3,5,9,3
2016.0,-35.0,2.0,0.0,3,6,3,0,0,0,0,9,1,1,0,1,9,1,1,11,6,10,1,0,0,2,0,0,6,5,5,3,3
2016.0,300.0,0.0,0.0,3,10,3,0,0,0,1,1,1,1,0,0,1,1,1,14,6,10,1,0,0,1,1,0,6,9,5,3,3
2016.0,200.0,0.0,0.0,3,6,3,0,0,0,2,9,1,1,0,1,2,1,1,15,6,10,1,0,0,0,1,0,6,7,5,5,9
2016.0,-20.0,0.0,0.0,3,6,3,0,0,0,2,2,1,1,0,1,2,1,1,17,6,10,1,1,0,0,1,0,4,8,5,5,5
2016.0,80.0,0.0,0.0,3,6,0,0,0,0,1,5,1,1,0,1,5,1,1,18,6,10,1,1,0,1,1,0,4,8,5,8,3
2016.0,250.0,0.0,0.0,3,5,0,0,0,0,0,2,1,1,0,1,1,1,1,21,6,10,1,0,0,2,1,0,6,2,5,3,3
2016.0,180.0,1.0,0.0,2,1,0,0,0,0,2,1,1,1,0,1,1,1,1,21,6,10,1,0,0,0,1,0,4,9,5,8,9
2016.0,0.0,0.0,0.0,3,9,0,0,0,0,0,5,1,1,0,0,2,1,1,5,0,10,0,0,0,2,2,0,4,5,5,9,3
2016.0,100.0,0.0,0.0,3,1,3,4,3,0,2,9,1,1,0,1,5,1,1,9,0,10,0,1,0,0,1,0,6,5,5,9,3
2016.0,-95.0,0.0,0.0,3,6,3,0,0,0,1,2,1,1,0,0,2,1,1,10,0,10,0,0,0,1,1,0,4,7,5,8,3
2016.0,-49.0,0.0,0.0,3,6,3,0,0,0,2,1,1,1,0,0,1,1,1,10,0,10,0,0,0,0,2,0,4,7,5,8,3
2016.0,-96.0,0.0,0.0,3,6,3,0,0,0,0,1,0,1,0,0,1,1,1,13,0,10,0,0,0,1,1,0,4,7,5,8,3
2016.0,-97.0,0.0,0.0,3,10,3,0,0,0,2,9,1,1,0,0,9,1,1,16,0,10,0,1,0,0,1,0,6,5,5,8,5
2016.0,-20.0,0.0,0.0,3,6,3,0,0,0,0,1,1,1,0,1,1,1,1,17,0,10,0,1,0,2,1,0,4,7,5,8,3
2016.0,-565.0,1.0,0.0,3,6,3,0,0,0,2,1,1,1,0,1,1,1,1,17,0,10,0,1,0,0,1,0,4,7,5,8,3
2016.0,0.0,0.0,0.0,3,10,3,4,3,0,2,1,1,1,0,1,1,1,1,6,1,10,0,0,0,0,2,0,6,5,5,3,3
2016.0,0.0,0.0,0.0,3,4,3,0,0,0,1,3,1,1,0,1,9,1,1,7,1,10,0,1,0,1,1,0,4,2,5,3,9
2016.0,-42.0,0.0,0.0,3,1,3,0,0,0,1,9,1,1,0,0,5,1,1,7,1,10,0,1,0,1,1,0,4,2,5,3,9
2016.0,140.0,0.0,0.0,3,6,3,0,0,0,1,2,1,1,0,1,2,1,1,10,1,10,0,0,0,2,2,0,4,7,5,8,3
2016.0,0.0,0.0,0.0,3,10,3,0,0,0,1,5,1,1,0,1,5,1,1,11,1,10,0,0,0,1,1,0,4,9,5,9,9
2016.0,160.0,0.0,0.0,3,6,3,0,0,0,1,1,1,1,0,1,1,1,1,12,1,10,0,0,0,1,1,0,4,7,5,8,3
2016.0,0.0,1.0,0.0,2,4,3,0,0,0,0,9,1,1,0,1,1,1,1,14,1,10,0,0,0,1,1,0,4,2,5,9,3
2016.0,0.0,1.0,0.0,3,9,3,0,0,0,1,9,1,1,0,1,1,1,1,14,1,10,0,0,0,1,1,0,4,9,5,3,8
2016.0,-350.0,1.0,0.0,2,5,3,0,0,2,0,2,1,1,0,1,1,1,1,15,1,10,0,0,0,1,1,0,0,9,5,9,3
2016.0,-125.0,0.0,0.0,3,8,3,0,0,0,0,6,1,1,0,0,9,1,1,15,1,10,0,0,0,2,1,0,6,5,5,3,1
2016.0,-111.0,3.0,0.0,3,4,3,0,0,0,1,1,1,1,0,1,9,1,1,16,1,10,0,1,0,1,1,0,6,2,5,3,9
2016.0,50.0,0.0,0.0,3,6,3,0,0,0,0,9,1,1,0,1,9,1,1,16,1,10,0,1,0,2,0,0,2,8,5,8,3
2016.0,-960.0,0.0,0.0,3,6,3,0,0,0,1,1,1,1,0,0,1,1,1,16,1,10,0,1,0,1,1,0,4,7,5,8,3
2016.0,-20.0,0.0,0.0,3,6,3,0,0,0,1,2,1,1,0,0,2,1,1,18,1,10,0,1,0,1,1,0,4,5,5,8,1
2016.0,0.0,1.0,0.0,2,4,0,0,0,0,0,4,1,1,0,1,5,1,1,19,1,10,0,1,0,1,1,0,4,2,5,3,9
2016.0,228.0,0.0,0.0,3,6,0,0,0,0,0,9,1,1,0,1,9,1,1,20,1,10,0,0,0,2,2,0,4,7,5,8,3
2016.0,58.0,1.0,0.0,1,6,0,0,0,0,1,5,0,1,0,1,5,1,1,20,1,10,0,0,0,1,1,0,2,7,5,8,3
2016.0,0.0,0.0,0.0,3,4,0,0,0,0,1,5,1,1,0,0,2,1,1,4,2,10,0,0,0,1,1,0,4,2,5,3,9
2016.0,125.0,0.0,0.0,3,6,3,0,0,0,0,9,1,1,0,0,9,1,1,7,2,10,0,1,0,1,1,0,4,7,5,8,3
2016.0,0.0,0.0,0.0,3,4,3,0,0,0,1,5,1,1,0,1,2,1,1,7,2,10,0,1,0,1,1,0,4,2,5,3,9
2016.0,450.0,0.0,0.0,3,4,3,0,0,0,1,2,1,1,0,1,1,1,1,8,2,10,0,1,0,1,1,0,6,2,5,3,9
2016.0,-106.0,1.0,0.0,3,10,3,0,0,0,1,1,1,1,0,1,1,1,1,8,2,10,0,1,0,2,1,0,4,5,5,3,2
2016.0,415.0,0.0,0.0,3,10,3,0,0,0,0,1,1,1,0,1,1,1,1,10,2,10,0,0,0,0,1,0,0,5,5,8,9
2016.0,0.0,0.0,0.0,3,1,3,0,0,0,0,2,1,1,0,1,1,1,1,10,2,10,0,0,0,0,1,0,2,2,5,3,3
2016.0,400.0,0.0,0.0,3,1,3,0,0,0,0,2,1,1,0,1,1,1,1,10,2,10,0,0,0,2,2,0,0,5,5,3,9
2016.0,-120.0,0.0,0.0,3,6,3,0,0,0,1,1,1,1,0,0,1,1,1,14,2,10,0,0,0,1,1,0,4,7,5,8,3
2016.0,470.0,4.0,0.0,2,1,3,0,0,0,1,5,1,1,0,1,9,1,1,14,2,10,0,0,0,2,2,0,6,2,5,3,5
2016.0,-100.0,0.0,0.0,3,10,3,0,0,0,1,2,1,1,0,1,2,1,1,15,2,10,0,0,0,0,2,0,4,5,5,8,3
2016.0,0.0,0.0,0.0,3,4,3,0,0,0,1,6,1,1,0,0,9,1,1,15,2,10,0,0,0,1,2,0,4,2,5,3,9
2016.0,0.0,1.0,0.0,3,4,3,0,0,0,0,2,1,1,0,1,5,1,1,17,2,10,0,1,0,2,1,0,4,2,5,3,9
2016.0,-120.0,0.0,0.0,3,6,4,0,0,0,1,9,1,1,0,0,2,1,1,18,2,10,0,1,0,1,1,0,4,2,5,8,9
2016.0,102.0,0.0,0.0,3,6,4,0,0,0,0,5,1,1,0,1,5,1,1,18,2,10,0,1,0,1,1,0,4,7,5,8,3
2016.0,-220.0,0.0,0.0,3,10,0,0,0,0,0,5,1,1,0,0,5,1,1,20,2,10,0,0,0,2,1,0,6,9,5,3,2
2016.0,50.0,0.0,0.0,3,6,0,0,0,0,1,5,0,1,0,1,5,1,1,23,2,10,0,0,0,2,2,0,4,7,5,8,3
2016.0,-200.0,1.0,0.0,2,6,3,0,0,0,1,2,1,1,0,1,2,1,1,7,3,10,0,1,0,0,1,0,4,7,5,8,3
2016.0,0.0,2.0,0.0,3,4,3,0,0,0,1,2,1,1,0,1,1,1,1,7,3,10,0,1,0,1,1,0,4,2,5,3,9
2016.0,0.0,1.0,0.0,1,1,3,0,0,0,1,1,1,1,0,1,2,1,1,8,3,10,0,1,0,1,1,0,4,2,5,3,3
2016.0,0.0,1.0,0.0,2,5,3,0,0,2,0,2,1,1,0,0,1,1,1,9,3,10,0,1,0,2,1,0,4,9,5,9,3
2016.0,0.0,1.0,0.0,2,1,3,0,0,0,1,9,1,1,0,1,5,1,1,10,3,10,0,0,0,1,1,0,2,2,5,3,3
2016.0,1175.0,0.0,0.0,3,10,3,0,0,0,0,5,1,1,0,1,5,1,1,11,3,10,0,0,0,1,0,0,6,9,5,3,2
2016.0,35.0,2.0,0.0,2,6,3,0,0,0,0,2,1,0,1,1,2,1,1,11,3,10,0,0,0,2,1,0,6,7,5,6,3
2016.0,0.0,1.0,0.0,3,1,3,0,0,0,0,9,1,1,0,1,5,1,1,12,3,10,0,0,0,1,1,0,2,2,5,3,3
2016.0,20.0,0.0,0.0,3,1,3,0,0,0,2,2,1,1,0,0,2,1,1,14,3,10,0,0,0,0,1,0,6,7,5,3,8
2016.0,0.0,0.0,0.0,3,1,3,0,0,0,1,2,1,1,0,0,1,1,1,15,3,10,0,0,0,0,1,0,4,2,5,3,9
2016.0,132.0,1.0,0.0,3,6,3,0,0,0,1,1,1,1,0,1,1,1,1,16,3,10,0,1,0,2,0,0,6,7,5,8,3
2016.0,219.0,0.0,0.0,3,6,3,0,0,0,0,1,1,1,0,0,1,1,1,16,3,10,0,1,0,2,2,0,0,7,5,8,3
2016.0,-260.0,0.0,0.0,3,6,3,0,0,0,0,5,1,1,0,0,5,1,1,17,3,10,0,1,0,1,1,0,6,7,5,8,3
2016.0,0.0,1.0,0.0,2,4,4,0,0,0,1,1,1,1,0,0,9,1,1,18,3,10,0,1,0,0,1,0,4,2,5,9,3
2016.0,-108.0,2.0,0.0,3,6,0,0,0,0,1,2,1,1,0,1,2,1,1,19,3,10,0,1,0,2,1,0,4,7,5,8,3
2016.0,30.0,0.0,0.0,3,6,0,0,0,0,0,5,1,1,0,0,5,1,1,20,3,10,0,0,0,2,1,0,4,7,5,8,3
2016.0,0.0,0.0,0.0,3,4,0,0,0,0,0,1,1,1,0,0,9,0,1,21,3,10,0,0,0,1,2,0,4,2,5,3,9
2016.0,0.0,0.0,0.0,3,10,2,0,0,0,1,6,1,1,0,0,6,1,1,5,4,10,0,0,0,1,0,0,2,4,5,9,9
2016.0,0.0,1.0,0.0,3,4,3,0,0,0,0,9,1,1,0,0,1,1,1,7,4,10,0,1,0,0,1,0,4,2,5,3,9
2016.0,-96.0,1.0,0.0,3,6,3,0,0,0,0,1,1,1,0,0,1,1,1,7,4,10,0,1,0,2,1,0,4,7,5,8,3
2016.0,109.0,2.0,0.0,2,1,3,0,0,0,0,9,1,1,0,1,2,1,1,8,4,10,0,1,0,2,1,0,0,2,5,3,9
2016.0,230.0,0.0,0.0,3,6,3,0,0,0,1,5,1,1,0,1,5,1,1,9,4,10,0,1,0,1,1,0,6,7,5,8,3
2016.0,104.0,0.0,0.0,3,6,3,0,0,0,1,9,1,1,0,1,9,1,1,12,4,10,0,0,0,1,1,0,4,7,5,8,3
2016.0,0.0,0.0,0.0,3,6,3,0,0,0,0,9,1,1,0,1,9,1,1,13,4,10,0,0,0,2,2,0,4,7,5,8,3
2016.0,790.0,0.0,0.0,3,6,3,0,0,0,1,2,1,1,0,1,2,1,1,13,4,10,0,0,0,1,1,0,4,7,5,8,3
2016.0,8.0,0.0,0.0,3,6,3,0,0,0,1,1,1,1,0,1,1,1,1,13,4,10,0,0,0,1,1,0,4,7,5,8,3
2016.0,20.0,0.0,0.0,3,6,3,0,0,0,1,9,1,1,0,1,9,1,1,13,4,10,0,0,0,1,1,0,2,7,5,3,3
2016.0,72.0,0.0,0.0,3,6,3,0,0,0,1,9,1,1,0,1,9,1,1,14,4,10,0,0,0,0,1,0,4,7,5,8,3
2016.0,80.0,0.0,0.0,3,6,3,0,0,0,0,5,1,1,0,0,5,1,1,15,4,10,0,0,0,1,2,0,2,7,5,8,3
2016.0,275.0,0.0,0.0,3,6,3,0,3,0,0,5,1,1,0,1,5,1,1,15,4,10,0,0,0,2,2,0,6,7,5,8,3
2016.0,0.0,1.0,0.0,2,4,3,0,0,0,0,9,1,1,0,1,1,1,1,15,4,10,0,0,0,1,1,0,4,2,5,3,9
2016.0,-30.0,0.0,0.0,3,6,3,1,0,0,0,5,1,1,0,1,5,1,1,16,4,10,0,1,0,1,2,0,4,7,5,8,3
2016.0,-100.0,0.0,0.0,3,6,3,0,0,0,0,1,1,1,0,0,1,1,1,16,4,10,0,1,0,2,1,0,6,7,5,8,3
2016.0,-341.0,0.0,0.0,3,1,3,0,0,0,0,3,1,1,0,0,1,1,1,16,4,10,0,1,0,1,2,0,0,2,5,3,9
2016.0,-130.0,0.0,0.0,3,10,3,0,0,0,0,7,0,1,0,0,7,1,1,17,4,10,0,1,0,2,1,0,6,9,5,6,3
2016.0,10.0,0.0,0.0,3,6,0,0,0,0,1,2,0,1,0,0,2,1,1,21,4,10,0,0,0,2,1,0,6,8,5,8,3
2016.0,0.0,0.0,0.0,3,1,2,0,0,0,0,2,1,1,0,1,9,1,1,6,5,10,1,0,0,2,1,0,4,2,5,3,3
2016.0,100.0,0.0,0.0,3,4,3,0,0,0,1,2,1,1,0,0,9,1,1,9,5,10,1,1,0,0,1,0,0,2,5,3,9
2016.0,170.0,0.0,0.0,3,6,3,0,0,0,0,9,1,1,0,0,9,1,1,11,5,10,1,0,0,1,0,0,6,7,5,3,3
2016.0,-45.0,0.0,0.0,3,6,3,0,0,0,2,1,0,1,0,1,1,1,1,12,5,10,1,0,0,0,2,0,4,7,5,8,3
2016.0,185.0,0.0,0.0,3,6,3,0,0,0,1,5,1,1,0,1,5,1,1,13,5,10,1,0,0,1,1,0,6,7,5,3,3
2016.0,476.0,0.0,0.0,3,6,3,0,0,0,0,9,1,1,0,1,9,1,1,13,5,10,1,0,0,1,1,0,6,7,5,3,3
2016.0,50.0,0.0,0.0,3,6,3,0,0,0,2,5,1,1,0,0,5,1,1,15,5,10,1,0,0,0,2,0,2,8,5,3,3
2016.0,530.0,0.0,0.0,3,10,0,0,0,0,0,9,1,1,0,1,9,1,1,22,5,10,1,0,0,2,1,0,6,9,5,3,2
2016.0,0.0,1.0,0.0,3,4,0,0,0,0,1,5,0,1,0,1,2,1,1,0,6,10,1,0,0,1,2,0,4,2,5,3,9
2016.0,46.0,0.0,0.0,3,6,3,0,0,0,0,5,1,1,0,1,5,1,1,7,6,10,1,1,0,1,2,0,4,5,7,3,8
2016.0,0.0,0.0,0.0,3,6,3,0,0,0,1,2,1,1,0,1,2,1,1,10,6,10,1,0,0,1,1,0,4,9,5,8,3
2016.0,0.0,1.0,0.0,3,4,3,0,0,0,0,5,1,1,0,1,4,1,1,12,6,10,1,0,0,1,1,0,4,2,5,9,3
2016.0,200.0,0.0,0.0,3,6,3,0,0,0,1,1,1,1,0,1,1,1,1,12,6,10,1,0,0,1,0,0,6,7,5,3,3
2016.0,0.0,0.0,0.0,3,4,3,0,0,0,1,5,1,1,0,1,1,1,1,14,6,10,1,0,0,0,1,0,4,2,5,9,3
2016.0,200.0,0.0,0.0,3,6,3,0,0,0,0,1,1,1,0,0,1,1,1,15,6,10,1,0,0,1,2,0,6,7,5,8,3
2016.0,35.0,0.0,0.0,3,6,3,0,0,0,0,9,1,1,0,0,9,1,1,15,6,10,1,0,0,2,2,0,4,7,5,9,3
2016.0,233.0,0.0,0.0,3,6,0,0,0,0,1,2,1,1,1,1,8,1,1,19,6,10,1,1,0,2,1,0,6,7,5,6,3
2016.0,0.0,1.0,0.0,2,5,2,0,0,0,1,2,1,1,2,0,5,1,1,6,0,10,0,0,0,0,1,0,4,2,5,3,9
2016.0,0.0,2.0,0.0,3,4,3,0,0,0,1,1,1,1,0,0,9,1,1,6,0,10,0,0,0,1,1,0,4,2,2,9,3
2016.0,131.0,1.0,0.0,2,5,3,0,0,0,1,9,1,1,1,1,1,1,1,6,0,10,0,0,0,1,1,0,6,7,5,6,9
2016.0,5.0,1.0,0.0,3,1,3,0,0,0,0,9,1,1,0,1,2,1,1,7,0,10,0,1,0,1,1,0,4,2,5,3,9
2016.0,0.0,0.0,2.0,0,4,3,0,0,0,1,5,0,1,0,1,2,1,1,7,0,10,0,1,0,1,0,0,4,2,5,3,9
2016.0,-350.0,0.0,0.0,3,1,3,0,0,0,0,1,1,1,0,1,5,1,1,7,0,10,0,1,0,2,1,0,6,2,5,3,5
2016.0,-160.0,0.0,0.0,3,6,3,0,0,0,1,1,1,1,0,1,1,1,1,8,0,10,0,1,0,2,2,0,4,7,5,8,3
2016.0,-66.0,0.0,0.0,3,6,3,0,0,0,1,1,1,1,0,1,1,1,1,9,0,10,0,1,0,2,1,0,4,7,5,8,3
2016.0,-579.0,1.0,0.0,1,5,3,0,0,2,1,1,1,1,0,1,5,1,1,11,0,10,0,0,0,2,0,0,6,5,5,3,3