Year,Distance,Totalinjuries,Totalfatalities,Injuryseverity,Collisionmanner,Lightcondition,Weather,SurfaceCondition,Unittype_One,Gender_Drv1,Traveldirection_One,AlcoholUse_Drv1,DrugUse_Drv1,Unittype_Two,Gender_Drv2,Traveldirection_Two,AlcoholUse_Drv2,DrugUse_Drv2,Hour,Weekday,Month,Weekend,Rush_Hour,Hazardous_Road,Age_Group_Drv1,Age_Group_Drv2,Substance_Use,Junction_Category,Violation_Category_Drv1,Violation_Category_Drv2,Unitaction_Category_Two,Unitaction_Category_One
2016.0,140.0,0.0,0.0,3,10,3,0,0,0,1,9,1,1,0,1,9,1,1,11,0,10,0,0,0,0,1,0,4,9,5,3,2
2016.0,0.0,0.0,0.0,3,4,3,0,0,0,0,5,1,1,0,1,2,1,1,13,0,10,0,0,0,2,2,0,4,2,5,3,9
2016.0,93.0,2.0,0.0,3,6,3,0,0,0,0,5,1,1,0,0,5,1,1,14,0,10,0,0,0,1,1,0,4,7,5,8,3
2016.0,-475.0,1.0,0.0,2,6,3,0,0,0,0,1,1,1,0,0,1,1,1,14,0,10,0,0,0,1,2,0,6,7,5,8,3
2016.0,73.0,2.0,0.0,3,6,3,0,0,0,1,9,1,1,0,0,9,1,1,15,0,10,0,0,0,2,1,0,4,7,5,8,3
2016.0,-0.1,0.0,0.0,3,4,3,0,0,0,1,2,1,1,0,1,5,1,1,16,0,10,0,1,0,1,2,0,0,2,5,3,9
2016.0,-1056.0,0.0,0.0,3,6,3,0,0,0,1,2,1,1,0,1,2,1,1,16,0,10,0,1,0,1,1,0,2,8,5,8,3
2016.0,0.0,2.0,0.0,2,6,4,1,0,0,0,5,1,1,0,0,5,1,1,17,0,10,0,1,0,1,0,0,4,5,5,8,3
2016.0,40.0,0.0,0.0,3,6,3,0,0,0,1,5,1,1,0,0,5,1,1,17,0,10,0,1,0,2,1,0,4,7,5,8,3
2016.0,0.0,1.0,0.0,3,1,0,0,0,0,0,1,1,1,0,0,5,1,1,17,0,10,0,1,0,2,1,0,4,2,5,3,3
2016.0,105.0,0.0,0.0,3,5,0,0,0,3,2,2,1,1,0,1,1,1,1,18,0,10,0,1,0,0,1,0,4,6,5,3,7
2016.0,0.0,0.0,0.0,3,1,3,0,0,0,1,9,1,1,0,0,9,1,1,8,1,10,0,1,0,1,1,0,2,2,5,9,3
2016.0,250.0,1.0,0.0,3,6,3,0,0,0,1,2,1,1,0,1,2,1,1,8,1,10,0,1,0,1,0,0,6,7,5,8,2
2016.0,-90.0,0.0,0.0,3,10,3,0,0,0,2,1,1,1,0,0,1,1,1,8,1,10,0,1,0,0,1,0,4,9,5,8,3
2016.0,-75.0,0.0,0.0,3,6,3,0,0,0,0,2,1,1,0,1,2,1,1,10,1,10,0,0,0,1,2,0,4,7,5,3,8
2016.0,750.0,0.0,0.0,3,6,3,0,0,0,1,2,1,1,0,0,2,1,1,12,1,10,0,0,0,1,1,0,6,7,5,8,3
2016.0,258.0,1.0,0.0,2,4,3,0,0,0,1,3,1,1,0,1,5,1,1,12,1,10,0,0,0,0,1,0,0,2,5,3,9
2016.0,118.0,0.0,0.0,3,6,3,0,0,0,1,2,1,1,0,0,2,1,1,13,1,10,0,0,0,1,2,0,6,7,5,8,3
2016.0,125.0,0.0,0.0,3,10,3,0,0,0,2,9,1,1,0,0,9,1,1,13,1,10,0,0,0,0,1,0,4,9,5,3,2
2016.0,0.0,1.0,0.0,3,5,3,0,0,0,1,2,1,1,2,1,5,1,1,15,1,10,0,0,0,1,1,0,4,2,5,3,9
2016.0,-49.0,1.0,0.0,2,6,3,0,0,0,1,5,1,1,0,1,5,1,1,15,1,10,0,0,0,1,0,0,6,7,5,8,3
2016.0,0.0,0.0,0.0,3,4,3,0,0,0,1,1,1,1,0,0,5,1,1,16,1,10,0,1,0,1,0,0,4,2,5,3,9
2016.0,0.0,0.0,0.0,3,4,0,0,0,0,1,2,1,1,0,0,5,1,1,18,1,10,0,1,0,2,0,0,4,2,5,3,9
2016.0,50.0,0.0,0.0,3,6,0,0,0,0,1,9,1,1,0,0,9,1,1,18,1,10,0,1,0,2,1,0,4,7,9,3,3
2016.0,30.0,0.0,0.0,3,6,4,0,0,0,2,5,1,1,0,0,5,1,1,19,1,10,0,1,0,0,1,0,4,7,5,8,3
2016.0,0.0,1.0,0.0,3,4,0,0,0,0,0,2,1,1,0,1,5,1,1,19,1,10,0,1,0,1,1,0,2,2,5,3,9
2016.0,320.0,0.0,0.0,3,1,0,0,0,0,1,1,1,1,0,1,5,1,1,19,1,10,0,1,0,0,1,0,6,2,5,3,9
2016.0,0.0,1.0,0.0,1,5,3,0,0,2,1,5,0,1,0,1,5,1,1,7,2,10,0,1,0,1,0,0,4,1,5,9,3
2016.0,222.0,0.0,0.0,3,10,3,0,0,0,1,1,1,1,0,1,1,1,1,9,2,10,0,1,0,1,1,0,6,9,5,3,2
2016.0,0.0,0.0,0.0,3,4,3,0,0,0,1,1,1,1,0,1,9,1,1,10,2,10,0,0,0,2,1,0,4,2,5,3,9
2016.0,-80.0,0.0,0.0,3,10,3,0,0,0,1,2,1,1,0,1,2,1,1,13,2,10,0,0,0,1,2,0,0,5,5,9,2
2016.0,-200.0,0.0,0.0,3,10,3,0,0,0,0,9,1,1,0,0,9,1,1,14,2,10,0,0,0,2,1,0,6,9,5,3,0
2016.0,-75.0,0.0,0.0,3,6,3,0,0,0,1,5,1,1,0,0,5,1,1,16,2,10,0,1,0,1,1,0,4,7,5,8,3
2016.0,0.0,1.0,0.0,2,5,3,0,0,0,2,2,1,1,2,1,9,1,1,17,2,10,0,1,0,0,1,0,4,2,5,3,9
2016.0,0.0,1.0,0.0,3,4,2,0,0,0,1,2,1,1,0,0,5,1,1,17,2,10,0,1,0,0,2,0,4,2,5,3,9
2016.0,0.0,1.0,0.0,2,4,0,0,0,0,0,1,1,1,0,1,9,1,1,20,2,10,0,0,0,2,2,0,4,2,5,9,3
2016.0,325.0,0.0,0.0,3,10,0,0,0,0,1,1,1,1,0,1,1,1,1,22,2,10,0,0,0,2,2,0,6,9,5,3,2
2016.0,-90.0,0.0,0.0,3,6,0,0,0,0,1,2,1,1,0,1,2,1,1,5,3,10,0,0,0,1,0,0,4,7,5,5,5
2016.0,0.0,0.0,0.0,3,6,3,0,0,0,0,9,1,1,0,1,9,1,1,7,3,10,0,1,0,1,2,0,6,7,5,8,3
2016.0,322.0,0.0,0.0,3,10,3,0,0,0,1,9,1,1,0,0,9,1,1,7,3,10,0,1,0,1,1,0,6,9,5,3,2
2016.0,0.0,3.0,0.0,3,4,3,0,0,0,0,9,1,1,0,0,1,1,1,9,3,10,0,1,0,1,0,0,4,5,5,9,3
2016.0,-350.0,0.0,0.0,3,10,3,0,0,0,0,1,1,1,0,1,1,1,1,12,3,10,0,0,0,2,1,0,6,9,5,3,2
2016.0,305.0,0.0,0.0,3,4,3,0,0,0,1,5,1,1,0,1,9,1,1,12,3,10,0,0,0,1,1,0,0,2,5,3,9
2016.0,125.0,0.0,0.0,3,6,3,0,0,0,1,9,1,1,0,0,9,1,1,13,3,10,0,0,0,2,1,0,6,7,5,8,3
2016.0,-79.0,2.0,0.0,3,6,3,0,0,0,0,2,1,1,0,0,2,1,1,14,3,10,0,0,0,2,1,0,4,7,5,8,3
2016.0,-261.0,1.0,0.0,2,5,3,0,0,2,0,2,1,1,0,1,1,1,1,14,3,10,0,0,0,1,1,0,6,5,5,3,3
2016.0,0.0,3.0,0.0,2,4,3,0,0,0,0,9,1,1,0,0,1,1,1,15,3,10,0,0,0,2,1,0,4,2,2,3,9
2016.0,-238.0,0.0,0.0,3,6,3,0,0,0,1,5,1,1,0,0,5,1,1,16,3,10,0,1,0,2,1,0,6,7,5,8,3
2016.0,-375.0,0.0,0.0,3,6,3,0,0,0,0,5,1,1,0,1,5,1,1,16,3,10,0,1,0,2,1,0,6,7,5,8,3
2016.0,-15.0,0.0,0.0,3,6,3,0,0,0,0,2,1,1,0,0,2,1,1,17,3,10,0,1,0,1,1,0,6,8,5,3,3
2016.0,75.0,0.0,0.0,3,6,0,0,0,0,0,9,1,1,0,0,9,1,1,17,3,10,0,1,0,1,0,0,4,7,5,8,3
2016.0,0.0,0.0,0.0,3,1,4,0,0,0,0,1,1,1,0,0,5,1,1,18,3,10,0,1,0,0,1,0,4,2,5,3,9
2016.0,-220.0,0.0,0.0,3,6,0,0,0,0,1,9,1,1,0,1,9,1,1,18,3,10,0,1,0,1,2,0,6,7,5,8,3
2016.0,0.0,0.0,0.0,3,4,0,0,0,0,0,9,1,1,0,1,1,1,1,20,3,10,0,0,0,2,1,0,4,2,5,3,9
2016.0,-650.0,0.0,0.0,3,4,0,0,0,0,1,2,1,1,0,1,5,1,1,21,3,10,0,0,0,2,1,0,6,5,5,9,3
2016.0,330.0,0.0,0.0,3,6,3,0,0,0,1,9,1,1,0,0,9,1,1,7,4,10,0,1,0,2,1,0,4,7,5,8,3
2016.0,0.0,3.0,0.0,2,1,3,0,0,0,1,9,0,1,0,1,5,1,1,7,4,10,0,1,0,1,1,0,4,7,5,3,3
2016.0,0.0,1.0,0.0,3,4,3,0,0,0,0,5,1,1,0,1,2,1,1,9,4,10,0,1,0,0,1,0,4,2,5,3,9
2016.0,0.0,0.0,0.0,3,1,3,0,0,0,0,2,1,1,0,0,1,1,1,9,4,10,0,1,0,0,0,0,4,2,5,3,3
2016.0,170.0,0.0,0.0,3,1,3,0,0,0,0,9,1,1,0,0,2,1,1,10,4,10,0,0,0,2,2,0,4,2,5,3,5
2016.0,153.0,2.0,0.0,2,6,3,0,0,0,1,2,1,1,0,1,2,1,1,11,4,10,0,0,0,2,2,0,6,7,5,8,3
2016.0,-20.0,0.0,0.0,3,6,3,0,0,0,1,1,1,1,0,0,1,1,1,12,4,10,0,0,0,2,0,0,4,7,5,8,3
2016.0,0.2,2.0,0.0,3,6,3,0,0,0,1,2,1,1,0,0,2,1,1,12,4,10,0,0,0,1,2,0,6,7,5,8,3
2016.0,71.0,0.0,0.0,3,6,3,0,0,0,1,9,1,1,0,1,9,1,1,13,4,10,0,0,0,1,1,0,4,7,5,8,3
2016.0,280.0,0.0,0.0,3,10,3,0,0,0,1,9,1,1,0,0,9,1,1,14,4,10,0,0,0,1,1,0,4,9,5,8,2
2016.0,118.0,0.0,0.0,3,6,3,0,0,0,0,1,1,1,0,0,1,1,1,14,4,10,0,0,0,1,0,0,4,7,5,8,3
2016.0,-51.0,0.0,0.0,3,6,3,0,0,0,0,2,1,1,0,1,2,1,1,15,4,10,0,0,0,1,2,0,4,7,5,8,3
2016.0,0.0,1.0,0.0,2,4,3,0,0,0,1,5,1,1,0,1,2,1,1,16,4,10,0,1,0,1,1,0,4,2,5,3,9
2016.0,-20.0,0.0,0.0,3,6,0,0,0,0,2,2,1,1,0,0,2,1,1,16,4,10,0,1,0,0,1,0,4,7,5,8,8
2016.0,397.0,0.0,0.0,3,1,3,0,0,0,1,9,1,1,0,1,9,1,1,17,4,10,0,1,0,1,1,0,6,5,5,3,3
2016.0,-100.0,0.0,0.0,3,6,4,0,0,0,0,5,1,1,0,0,5,1,1,17,4,10,0,1,0,2,1,0,6,7,5,8,3
2016.0,3.0,1.0,0.0,2,5,4,0,0,2,1,5,1,1,0,1,9,1,1,18,4,10,0,1,0,2,1,0,4,9,5,3,9
2016.0,-568.0,0.0,0.0,3,6,4,0,0,0,0,1,1,1,0,1,1,1,1,18,4,10,0,1,0,2,2,0,6,7,5,8,3
2016.0,230.0,0.0,0.0,3,6,3,0,0,0,1,1,1,1,0,1,1,1,1,18,4,10,0,1,0,1,1,0,6,7,5,8,3
2016.0,0.0,0.0,0.0,3,10,0,0,0,0,0,5,1,1,0,1,5,1,1,18,4,10,0,1,0,1,1,0,4,9,5,9,9
2016.0,0.0,0.0,0.0,3,4,3,0,0,0,0,1,0,1,0,0,9,1,1,6,5,10,1,0,0,2,1,0,4,2,5,3,9
2016.0,0.0,3.0,0.0,3,1,3,0,0,0,0,2,1,1,0,0,9,1,1,9,5,10,1,1,0,1,1,0,4,2,5,3,3
2016.0,0.0,1.0,0.0,3,4,3,0,0,0,1,2,1,1,0,1,9,1,1,10,5,10,1,0,0,1,1,0,4,2,5,3,9
2016.0,89.0,0.0,0.0,3,6,3,0,0,0,1,5,1,1,0,1,5,1,1,12,5,10,1,0,0,1,1,0,4,7,5,8,8
2016.0,8.0,0.0,0.0,3,6,3,0,0,0,0,2,1,1,0,0,2,1,1,13,5,10,1,0,0,1,2,0,4,7,5,8,8
2016.0,-62.0,0.0,0.0,3,6,3,0,0,0,0,5,1,1,0,1,5,1,1,13,5,10,1,0,0,1,1,0,4,7,5,3,3
2016.0,-50.0,0.0,0.0,3,6,3,0,0,0,1,1,1,1,0,1,1,1,1,14,5,10,1,0,0,0,1,0,4,7,5,8,3
2016.0,35.0,0.0,0.0,3,12,3,0,0,0,2,8,1,1,0,0,5,1,1,15,5,10,1,0,0,0,1,0,6,7,5,6,5
2016.0,500.0,0.0,0.0,3,6,3,0,0,0,1,9,0,1,0,1,9,1,1,15,5,10,1,0,0,1,1,0,6,8,5,3,3
2016.0,0.0,0.0,0.0,3,6,3,0,0,0,1,4,1,1,0,0,9,1,1,16,5,10,1,1,0,2,0,0,4,5,5,3,9
2016.0,-50.0,0.0,0.0,3,8,3,0,0,0,1,5,1,1,0,1,1,1,1,17,5,10,1,1,0,1,0,0,6,5,5,3,1
2016.0,530.0,0.0,0.0,3,1,4,0,0,0,1,5,1,1,0,1,9,1,1,17,5,10,1,1,0,1,1,0,6,2,5,3,9
2016.0,-72.0,0.0,0.0,3,7,3,0,0,0,1,1,1,1,0,1,1,1,1,18,5,10,1,1,0,2,1,0,6,7,5,3,8
2016.0,490.0,0.0,0.0,3,1,4,0,0,0,1,5,1,1,0,1,2,1,1,18,5,10,1,1,0,1,1,0,6,5,5,3,9
2016.0,-350.0,0.0,0.0,3,10,0,0,0,0,0,2,1,1,0,1,5,1,1,18,5,10,1,1,0,0,1,0,6,2,5,3,9
2016.0,-110.0,0.0,0.0,3,10,4,0,0,0,1,2,1,1,0,1,2,1,1,19,5,10,1,1,0,2,0,0,4,9,5,3,2
2016.0,92.0,1.0,0.0,2,6,0,0,0,0,1,9,1,1,0,0,9,1,1,20,5,10,1,0,0,1,1,0,4,7,5,8,3
2016.0,-1500.0,1.0,0.0,3,6,0,0,0,0,0,1,1,1,0,0,1,1,1,21,5,10,1,0,0,1,2,0,6,7,5,8,3
2016.0,-111.0,0.0,0.0,3,6,0,0,0,0,2,1,1,1,0,1,1,1,1,22,5,10,1,0,0,0,1,0,4,7,5,8,3
2016.0,50.0,1.0,0.0,2,6,0,0,0,0,1,9,1,1,0,1,9,1,1,22,5,10,1,0,0,2,1,0,0,7,5,8,3
2016.0,-49.0,0.0,0.0,3,6,3,0,0,0,0,9,1,1,0,1,9,1,1,10,6,10,1,0,0,2,1,0,6,7,5,3,3
2016.0,35.0,0.0,0.0,3,8,3,0,0,0,1,2,1,1,1,1,8,1,1,11,6,10,1,0,0,0,1,0,6,5,5,6,1
2016.0,-136.0,0.0,0.0,3,6,3,0,0,0,0,5,1,1,0,1,5,1,1,13,6,10,1,0,0,1,1,0,6,7,5,8,3
2016.0,50.0,0.0,0.0,3,4,3,0,0,0,0,7,1,1,0,0,5,1,1,14,6,10,1,0,0,1,1,0,6,2,5,3,9
2016.0,0.0,0.0,0.0,3,4,3,0,0,0,0,9,1,1,0,1,2,1,1,15,6,10,1,0,0,1,1,0,4,4,5,3,9
2016.0,0.0,2.0,0.0,1,1,3,0,0,0,0,2,1,1,0,0,5,1,1,15,6,10,1,0,0,1,0,0,4,2,5,9,3
2016.0,148.0,2.0,0.0,3,6,3,0,0,0,1,9,1,1,0,0,9,1,1,17,6,10,1,1,0,1,0,0,6,7,5,8,3
2016.0,-6.0,0.0,0.0,3,6,0,0,0,0,1,5,1,1,0,1,5,1,1,18,6,10,1,1,0,2,1,0,4,7,5,8,3
2016.0,-278.0,1.0,0.0,1,5,0,0,0,3,1,9,1,1,0,1,5,1,1,19,6,10,1,1,0,1,1,0,6,6,5,3,7
2016.0,0.0,4.0,0.0,2,4,3,0,0,0,0,1,1,1,0,0,9,1,1,8,0,10,0,1,0,1,1,0,4,2,5,3,9
2016.0,-100.0,1.0,0.0,2,10,3,0,0,0,0,5,1,1,0,1,5,1,1,9,0,10,0,1,0,1,2,0,4,9,5,3,2
2016.0,-200.0,0.0,0.0,3,6,3,0,0,0,1,9,1,1,0,1,9,1,1,10,0,10,0,0,0,1,1,0,6,7,5,8,3
2016.0,0.0,0.0,0.0,3,4,3,0,0,0,0,9,1,1,0,1,2,1,1,12,0,10,0,0,0,1,1,0,4,2,5,3,9
2016.0,122.0,0.0,0.0,3,12,3,0,0,0,1,8,1,1,0,1,8,1,1,14,0,10,0,0,0,2,1,0,4,7,5,8,3
2016.0,-100.0,0.0,0.0,3,6,3,0,0,0,0,2,1,1,0,0,2,1,1,16,0,10,0,1,0,2,1,0,4,7,5,8,3
2016.0,25.0,1.0,0.0,2,5,3,1,0,0,1,2,1,1,2,1,2,1,1,16,0,10,0,1,0,0,1,0,4,4,5,3,3
2016.0,78.0,1.0,0.0,3,6,3,0,0,0,0,9,1,1,0,1,9,1,1,17,0,10,0,1,0,2,1,0,4,5,5,8,3
2016.0,0.0,0.0,0.0,3,4,0,0,0,0,1,3,1,1,0,0,8,1,1,19,0,10,0,1,0,0,2,0,4,2,5,9,9
2016.0,0.0,1.0,0.0,2,4,0,4,0,0,1,9,1,1,0,1,1,1,1,23,0,10,0,0,0,1,2,0,4,2,5,3,9
2016.0,0.0,2.0,0.0,2,4,3,0,0,0,1,2,1,1,0,0,1,1,1,7,1,10,0,1,0,1,2,0,4,2,5,3,9
2016.0,200.0,2.0,0.0,3,6,3,0,0,0,1,9,1,1,0,1,9,1,1,7,1,10,0,1,0,1,1,0,4,7,5,8,3
2016.0,-364.0,1.0,0.0,3,6,3,0,0,0,0,1,1,1,0,1,1,1,1,7,1,10,0,1,0,1,1,0,6,7,5,8,3
2016.0,0.0,2.0,0.0,3,1,3,0,0,0,0,9,1,1,0,1,2,1,1,8,1,10,0,1,0,1,1,0,4,2,5,3,3
2016.0,0.0,0.0,0.0,3,4,3,0,0,0,0,9,1,1,0,0,1,1,1,10,1,10,0,0,0,0,1,0,4,2,5,9,3
2016.0,259.0,0.0,0.0,3,10,3,0,0,0,0,1,1,1,0,0,1,1,1,10,1,10,0,0,0,2,2,0,6,9,5,3,2
2016.0,0.0,0.0,0.0,3,1,3,0,0,0,1,9,1,1,0,0,5,1,1,12,1,10,0,0,0,0,2,0,4,5,5,9,3
2016.0,-119.0,0.0,0.0,3,6,3,0,0,0,0,1,1,1,0,1,1,1,1,13,1,10,0,0,0,2,1,0,4,7,5,8,3
2016.0,-60.0,0.0,0.0,3,10,3,0,0,0,1,2,1,1,0,1,2,1,1,16,1,10,0,1,0,1,1,0,4,7,9,8,3
2016.0,740.0,0.0,0.0,3,4,4,0,0,0,0,9,1,1,0,0,1,1,1,16,1,10,0,1,0,1,0,0,0,2,5,3,9
2016.0,70.0,0.0,0.0,3,6,2,0,0,0,0,9,1,1,0,0,9,1,1,17,1,10,0,1,0,1,1,0,4,7,5,8,3
2016.0,-30.0,0.0,0.0,3,6,3,0,0,0,2,5,1,1,0,1,5,1,1,17,1,10,0,1,0,0,1,0,4,7,5,9,9
2016.0,-129.0,0.0,0.0,3,1,0,0,0,0,0,1,1,1,0,1,5,1,1,18,1,10,0,1,0,1,1,0,6,2,5,3,3
2016.0,-450.0,3.0,0.0,2,4,0,0,0,0,1,5,1,1,0,0,2,1,1,20,1,10,0,0,0,1,1,0,6,2,5,3,9
2016.0,-185.0,0.0,0.0,3,1,3,0,0,0,1,9,1,1,0,1,2,1,1,7,2,10,0,1,0,1,1,0,0,2,5,3,9
2016.0,0.0,2.0,0.0,3,4,3,0,0,0,0,1,1,1,0,0,9,1,1,7,2,10,0,1,0,2,1,0,4,2,5,3,9
2016.0,110.0,1.0,0.0,2,10,3,0,0,0,1,9,1,1,0,1,9,1,1,8,2,10,0,1,0,2,1,0,4,9,5,3,2
2016.0,55.0,0.0,0.0,3,6,3,0,0,0,1,9,1,1,0,0,9,1,1,10,2,10,0,0,0,0,1,0,4,7,5,8,3
2016.0,-116.0,0.0,0.0,3,6,3,0,0,0,1,2,1,1,0,1,2,1,1,10,2,10,0,0,0,0,2,0,4,7,5,8,3
2016.0,-110.0,0.0,0.0,3,6,3,0,0,0,1,2,1,1,0,0,2,1,1,11,2,10,0,0,0,0,1,0,4,7,5,8,3
2016.0,0.0,0.0,0.0,3,1,3,0,0,0,1,9,1,1,0,0,5,1,1,13,2,10,0,0,0,2,2,0,4,2,5,3,3
2016.0,30.0,0.0,0.0,3,10,3,0,0,0,1,5,1,1,0,0,5,1,1,14,2,10,0,0,0,1,2,0,4,4,5,8,9
2016.0,0.0,0.0,0.0,3,4,3,0,0,0,1,1,1,1,0,0,9,1,1,15,2,10,0,0,0,1,2,0,4,2,5,3,9
2016.0,475.0,0.0,0.0,3,6,3,0,0,0,0,5,1,1,0,0,5,1,1,16,2,10,0,1,0,2,1,0,6,7,5,8,3
2016.0,-200.0,0.0,0.0,3,6,0,0,0,0,0,5,1,1,0,0,5,1,1,17,2,10,0,1,0,2,1,0,6,7,5,8,3
2016.0,-87.0,0.0,0.0,3,6,3,0,0,0,0,2,1,1,0,0,2,1,1,18,2,10,0,1,0,2,0,0,4,7,5,8,3
2016.0,0.0,0.0,0.0,3,1,0,0,0,0,0,5,1,1,0,1,1,1,1,19,2,10,0,1,0,1,2,0,4,2,5,9,3
2016.0,0.0,2.0,0.0,2,4,3,0,0,0,1,9,1,1,0,0,1,1,1,8,3,10,0,1,0,1,1,0,4,2,5,3,9
2016.0,100.0,0.0,0.0,3,6,3,0,0,0,1,5,1,1,0,1,5,1,1,9,3,10,0,1,0,1,2,0,6,5,5,3,3
2016.0,300.0,0.0,0.0,3,10,3,0,0,0,0,5,1,1,0,0,5,1,1,10,3,10,0,0,0,2,2,0,4,9,5,3,8
2016.0,-790.0,1.0,0.0,2,4,3,0,0,0,0,5,1,1,0,1,1,1,1,13,3,10,0,0,0,0,1,0,6,2,5,3,9
2016.0,-196.0,0.0,0.0,3,10,3,0,0,0,0,1,1,1,0,1,1,1,1,16,3,10,0,1,0,1,1,0,4,9,5,3,2
2016.0,215.0,0.0,0.0,3,4,3,0,0,0,0,5,1,1,0,0,9,1,1,16,3,10,0,1,0,2,1,0,6,2,5,3,9
2016.0,-20.0,0.0,0.0,3,10,3,0,0,0,2,1,1,1,0,0,1,1,1,17,3,10,0,1,0,0,2,0,4,9,5,3,2
2016.0,440.0,0.0,0.0,3,4,4,0,0,0,0,9,1,1,0,0,5,1,1,17,3,10,0,1,0,1,1,0,6,2,5,3,9
2016.0,257.0,0.0,0.0,3,10,4,1,0,0,1,1,1,1,0,1,1,1,1,17,3,10,0,1,0,2,2,0,6,9,5,3,2
2016.0,-125.0,1.0,0.0,2,5,0,0,0,2,1,1,1,1,0,0,1,1,1,18,3,10,0,1,0,0,1,0,4,9,5,3,2
2016.0,55.0,0.0,0.0,3,10,3,0,0,0,1,9,1,1,0,1,9,1,1,18,3,10,0,1,0,1,1,0,4,5,5,3,3
2016.0,-176.0,0.0,0.0,3,6,0,0,0,0,2,1,1,1,0,0,1,1,1,18,3,10,0,1,0,0,1,0,4,7,5,8,8
2016.0,-30.0,0.0,0.0,3,6,4,0,0,0,2,1,1,1,0,0,1,1,1,19,3,10,0,1,0,0,1,0,4,7,5,8,3
2016.0,0.0,0.0,0.0,3,6,0,0,0,0,1,9,1,1,0,1,9,1,1,19,3,10,0,1,0,1,2,0,4,7,5,9,9
2016.0,100.0,0.0,0.0,3,6,0,0,0,0,1,9,1,1,0,1,9,1,1,20,3,10,0,0,0,2,1,0,4,7,5,3,8
2016.0,50.0,0.0,0.0,3,6,0,0,0,0,2,9,1,1,0,0,9,1,1,20,3,10,0,0,0,0,2,0,4,7,5,8,3
2016.0,0.0,1.0,0.0,2,1,0,0,0,0,1,9,1,1,0,1,5,1,1,22,3,10,0,0,0,1,0,0,2,2,5,3,3
2016.0,-115.0,0.0,0.0,3,1,0,0,0,0,1,1,1,1,0,1,1,1,1,22,3,10,0,0,0,1,2,0,4,9,5,3,9
2016.0,46.0,1.0,0.0,2,5,3,0,0,2,1,1,1,1,0,0,5,1,1,7,4,10,0,1,0,1,0,0,4,2,5,9,3
2016.0,0.0,0.0,0.0,3,1,3,0,0,0,0,9,1,1,0,0,5,1,1,7,4,10,0,1,0,1,1,0,2,4,5,3,9
2016.0,580.0,1.0,0.0,3,10,3,0,0,0,0,9,1,1,0,1,9,1,1,8,4,10,0,1,0,1,1,0,6,5,5,5,5
2016.0,0.0,0.0,0.0,3,4,3,0,3,0,0,2,1,1,0,0,2,1,1,9,4,10,0,1,0,2,2,0,4,7,5,3,3
2016.0,0.0,2.0,0.0,2,1,3,0,0,0,0,9,1,1,0,1,5,1,1,9,4,10,0,1,0,1,1,0,4,2,5,3,3
2016.0,728.0,0.0,0.0,3,1,3,0,0,0,1,2,1,1,0,1,2,1,1,9,4,10,0,1,0,1,0,0,6,4,5,3,9
2016.0,0.0,0.0,0.0,3,1,3,0,0,0,0,2,1,1,0,0,1,1,1,10,4,10,0,0,0,1,2,0,2,2,5,3,9
2016.0,-305.0,0.0,0.0,3,10,3,0,0,0,0,9,1,1,0,0,9,1,1,10,4,10,0,0,0,1,2,0,0,9,5,3,2
2016.0,120.0,0.0,0.0,3,6,3,0,0,0,2,9,1,1,0,1,9,1,1,13,4,10,0,0,0,0,1,0,6,7,5,8,3
2016.0,-125.0,0.0,0.0,3,6,3,0,0,0,0,1,1,1,0,0,1,1,1,15,4,10,0,0,0,1,1,0,6,7,5,8,3
2016.0,513.0,0.0,0.0,3,5,3,0,0,2,2,1,1,1,0,1,5,1,1,15,4,10,0,0,0,0,1,0,6,5,5,9,3
2016.0,-77.0,1.0,0.0,3,10,3,0,0,0,1,5,1,1,0,0,5,1,1,16,4,10,0,1,0,2,1,0,4,9,5,3,2
2016.0,-105.0,0.0,0.0,3,6,3,0,0,0,1,1,1,1,0,1,1,1,1,16,4,10,0,1,0,2,1,0,4,7,5,8,3
2016.0,-350.0,0.0,0.0,3,6,3,0,0,0,1,5,1,1,0,1,5,1,1,16,4,10,0,1,0,1,2,0,6,7,5,3,3
2016.0,50.0,0.0,0.0,3,6,3,0,0,0,1,5,1,1,0,1,5,1,1,17,4,10,0,1,0,0,1,0,6,5,5,8,3
2016.0,-97.0,1.0,0.0,2,6,3,1,0,0,0,5,1,1,0,0,5,1,1,17,4,10,0,1,0,2,0,0,4,7,5,8,3
2016.0,55.0,0.0,0.0,3,10,0,0,0,0,1,1,1,1,0,1,1,1,1,18,4,10,0,1,0,1,1,0,4,9,5,3,2
2016.0,242.0,0.0,0.0,3,6,0,0,0,0,1,5,1,1,0,1,5,1,1,18,4,10,0,1,0,1,1,0,4,7,5,8,8
2016.0,290.0,0.0,0.0,3,10,0,0,0,0,1,9,1,1,0,1,9,1,1,18,4,10,0,1,0,0,1,0,4,9,5,3,3
2016.0,160.0,0.0,0.0,3,6,0,0,0,0,1,5,1,1,0,1,5,1,1,21,4,10,0,0,0,1,1,0,6,7,5,8,3
2016.0,0.0,0.0,0.0,3,4,0,0,0,0,1,1,1,1,0,1,9,1,1,21,4,10,0,0,0,1,2,0,4,2,5,3,9