Year,Distance,Totalinjuries,Totalfatalities,Injuryseverity,Collisionmanner,Lightcondition,Weather,SurfaceCondition,Unittype_One,Gender_Drv1,Traveldirection_One,AlcoholUse_Drv1,DrugUse_Drv1,Unittype_Two,Gender_Drv2,Traveldirection_Two,AlcoholUse_Drv2,DrugUse_Drv2,Hour,Weekday,Month,Weekend,Rush_Hour,Hazardous_Road,Age_Group_Drv1,Age_Group_Drv2,Substance_Use,Junction_Category,Violation_Category_Drv1,Violation_Category_Drv2,Unitaction_Category_Two,Unitaction_Category_One
2016.0,560.0,0.0,0.0,3,6,0,0,0,0,0,9,0,1,0,0,9,1,1,22,4,10,0,0,0,1,1,0,0,7,5,8,3
2016.0,0.0,0.0,0.0,3,3,3,0,0,0,0,5,1,1,0,0,2,1,1,7,5,10,1,1,0,2,1,0,4,2,5,3,9
2016.0,-275.0,0.0,0.0,3,1,3,0,0,0,0,2,1,1,0,0,9,1,1,10,5,10,1,0,0,2,1,0,0,2,5,3,9
2016.0,-200.0,0.0,0.0,3,12,0,0,0,0,2,8,1,1,1,1,8,1,1,11,5,10,1,0,0,0,2,0,6,7,5,6,5
2016.0,-200.0,1.0,0.0,3,6,3,0,0,0,0,2,1,1,0,1,2,1,1,12,5,10,1,0,0,1,0,0,4,7,5,8,3
2016.0,0.0,0.0,0.0,3,4,3,0,0,0,0,3,1,1,0,0,9,1,1,12,5,10,1,0,0,1,1,0,4,2,5,3,9
2016.0,-460.0,1.0,0.0,2,5,3,0,0,2,0,2,1,1,0,1,1,1,1,13,5,10,1,0,0,2,1,0,6,5,5,9,3
2016.0,-30.0,0.0,0.0,3,3,3,0,0,0,1,7,1,1,0,0,3,1,1,14,5,10,1,0,0,1,1,0,4,9,5,8,3
2016.0,100.0,0.0,0.0,3,10,3,0,0,0,1,2,1,1,0,1,2,1,1,16,5,10,1,1,0,1,1,0,6,9,5,3,2
2016.0,-20.0,2.0,0.0,2,6,3,0,0,0,1,1,1,1,0,0,1,1,1,16,5,10,1,1,0,1,2,0,4,7,5,9,3
2016.0,79.0,0.0,0.0,3,6,3,0,0,0,1,1,1,1,0,1,1,1,1,17,5,10,1,1,0,1,2,0,4,7,5,8,3
2016.0,0.0,0.0,0.0,3,1,0,0,0,0,1,2,1,1,0,0,1,1,1,17,5,10,1,1,0,1,2,0,4,2,5,3,3
2016.0,-82.0,0.0,0.0,3,6,0,0,0,0,2,5,1,1,0,1,5,1,1,20,5,10,1,0,0,0,1,0,6,8,5,8,3
2016.0,0.0,0.0,0.0,3,4,0,0,0,0,0,2,1,1,0,0,5,1,1,23,5,10,1,0,0,0,1,0,4,5,5,9,3
2016.0,0.0,0.0,0.0,3,6,0,0,0,0,0,9,1,1,0,0,9,1,1,1,6,10,1,0,0,2,2,0,6,7,5,3,3
2016.0,18.0,4.0,0.0,2,6,0,4,0,0,1,5,0,1,0,0,5,1,1,2,6,10,1,0,0,2,2,0,4,7,5,8,3
2016.0,-850.0,0.0,0.0,3,4,3,0,0,0,0,9,1,1,0,1,5,1,1,13,6,10,1,0,0,2,1,0,0,2,5,3,9
2016.0,116.0,0.0,0.0,3,1,3,0,0,0,0,1,1,1,0,0,5,1,1,14,6,10,1,0,0,1,0,0,6,2,5,3,9
2016.0,-50.0,0.0,0.0,3,6,3,0,0,0,1,1,1,1,0,0,1,1,1,16,6,10,1,1,0,1,1,0,4,7,5,3,3
2016.0,0.0,0.0,0.0,3,1,3,0,0,0,0,1,1,1,0,0,2,1,1,16,6,10,1,1,0,2,2,0,4,2,5,3,3
2016.0,75.0,2.0,0.0,2,6,0,0,0,0,1,5,1,1,0,1,5,1,1,18,6,10,1,1,0,1,0,0,6,7,5,8,3
2016.0,0.0,0.0,0.0,3,1,0,0,0,0,1,5,0,0,0,1,1,1,1,1,0,10,0,0,0,2,2,0,4,7,5,3,3
2016.0,0.0,0.0,0.0,3,4,2,0,0,0,0,1,1,1,0,0,9,1,1,6,0,10,0,0,0,1,1,0,4,2,5,9,3
2016.0,-99.0,0.0,0.0,3,6,3,0,0,0,0,2,1,1,0,0,2,1,1,7,0,10,0,1,0,1,1,0,4,7,5,8,3
2016.0,435.0,0.0,0.0,3,1,3,0,0,0,1,7,1,1,0,0,9,1,1,7,0,10,0,1,0,2,1,0,6,2,5,3,9
2016.0,80.0,0.0,0.0,3,6,3,0,0,0,0,9,1,1,0,1,9,1,1,7,0,10,0,1,0,0,1,0,4,7,5,8,3
2016.0,20.0,1.0,0.0,3,5,3,0,0,3,1,2,1,1,0,0,9,1,1,8,0,10,0,1,0,1,1,0,4,2,5,3,7
2016.0,-55.0,0.0,0.0,3,6,3,0,0,0,1,1,1,1,0,0,1,1,1,12,0,10,0,0,0,2,2,0,4,7,5,8,3
2016.0,-1255.0,1.0,0.0,3,1,3,0,0,0,0,2,1,1,0,1,1,1,1,13,0,10,0,0,0,0,2,0,6,2,5,3,3
2016.0,0.0,0.0,0.0,3,4,3,0,0,0,1,9,0,1,0,0,5,1,1,13,0,10,0,0,0,1,1,0,2,7,5,9,3
2016.0,0.0,0.0,0.0,3,4,3,0,0,0,1,9,1,1,0,0,1,1,1,15,0,10,0,0,0,1,2,0,4,2,5,3,9
2016.0,0.0,0.0,0.0,3,1,3,0,0,0,0,1,1,1,0,0,2,1,1,16,0,10,0,1,0,1,0,0,4,2,5,3,9
2016.0,0.0,0.0,0.0,3,4,4,0,0,0,0,1,1,1,0,1,9,1,1,17,0,10,0,1,0,2,1,0,4,2,5,9,3
2016.0,-500.0,2.0,0.0,2,4,4,0,0,0,0,5,1,1,0,0,9,1,1,17,0,10,0,1,0,2,1,0,6,2,5,3,9
2016.0,189.0,1.0,0.0,2,4,4,1,0,0,1,9,1,1,0,0,2,1,1,17,0,10,0,1,0,0,1,0,6,2,5,3,9
2016.0,-100.0,0.0,0.0,3,10,0,0,0,0,1,1,1,1,0,0,1,1,1,17,0,10,0,1,0,2,1,0,6,9,5,3,2
2016.0,-370.0,2.0,0.0,3,1,0,0,0,0,0,5,1,1,0,0,9,1,1,17,0,10,0,1,0,1,2,0,4,2,5,3,9
2016.0,110.0,0.0,0.0,3,6,0,0,0,0,1,9,1,1,0,1,9,1,1,18,0,10,0,1,0,1,1,0,4,7,5,8,3
2016.0,71.0,0.0,0.0,3,6,0,0,0,0,1,1,1,1,0,1,9,1,1,20,0,10,0,0,0,1,2,0,4,5,5,8,1
2016.0,0.0,0.0,0.0,3,4,0,0,0,0,0,6,1,1,0,1,6,1,1,21,0,10,0,0,0,2,2,0,4,9,5,9,9
2016.0,0.0,0.0,0.0,3,4,0,0,3,0,2,1,1,1,0,0,9,1,1,23,0,10,0,0,0,0,2,0,4,5,5,9,9
2016.0,64.0,0.0,0.0,3,6,0,0,0,0,0,5,0,1,0,1,5,1,1,0,1,11,0,0,0,1,1,0,4,7,5,8,3
2016.0,184.0,0.0,0.0,3,12,0,0,0,0,2,8,1,1,0,1,8,1,1,0,1,11,0,0,0,0,2,0,6,5,5,6,5
2016.0,-188.0,2.0,0.0,3,6,3,0,0,0,0,1,1,1,0,0,1,1,1,8,1,11,0,1,0,1,1,0,4,7,5,8,3
2016.0,-74.0,1.0,0.0,3,6,3,0,0,0,0,1,1,1,0,1,1,1,1,8,1,11,0,1,0,2,1,0,4,7,5,8,3
2016.0,165.0,0.0,0.0,3,4,3,0,0,0,1,2,1,1,0,1,1,1,1,10,1,11,0,0,0,1,2,0,6,2,5,3,9
2016.0,66.0,0.0,0.0,3,6,3,0,0,0,1,5,1,1,0,0,5,1,1,13,1,11,0,0,0,2,1,0,6,7,5,8,3
2016.0,540.0,0.0,0.0,3,1,3,0,0,0,1,1,1,1,0,1,9,1,1,13,1,11,0,0,0,2,1,0,6,3,5,9,3
2016.0,341.0,1.0,0.0,3,6,3,0,0,0,1,5,1,1,0,0,5,1,1,14,1,11,0,0,0,1,1,0,6,7,5,8,3
2016.0,-142.0,2.0,0.0,3,6,3,0,0,0,1,5,1,1,0,0,5,1,1,14,1,11,0,0,0,2,0,0,6,7,5,8,3
2016.0,-715.0,0.0,0.0,3,6,3,0,0,0,1,5,1,1,0,0,5,1,1,15,1,11,0,0,0,2,1,0,6,7,5,8,3
2016.0,-198.0,0.0,0.0,3,4,3,0,0,0,1,9,1,1,0,1,5,1,1,16,1,11,0,1,0,2,1,0,0,2,5,3,9
2016.0,118.0,1.0,0.0,3,6,3,0,0,0,0,9,1,1,0,1,9,1,1,16,1,11,0,1,0,2,2,0,6,7,5,8,3
2016.0,0.0,1.0,0.0,2,4,3,0,0,0,0,5,1,1,0,1,9,1,1,16,1,11,0,1,0,2,1,0,4,2,5,3,9
2016.0,100.0,0.0,0.0,3,6,3,0,0,0,1,2,1,1,0,0,2,1,1,17,1,11,0,1,0,2,2,0,4,7,5,8,8
2016.0,55.0,0.0,0.0,3,6,4,0,0,0,0,5,1,1,0,0,5,1,1,17,1,11,0,1,0,1,1,0,4,7,5,8,3
2016.0,42.0,0.0,0.0,3,6,0,0,0,0,1,5,1,1,0,1,5,1,1,18,1,11,0,1,0,1,1,0,4,7,5,8,3
2016.0,-200.0,0.0,0.0,3,10,4,0,0,0,2,1,1,1,0,0,1,1,1,18,1,11,0,1,0,0,0,0,6,7,5,8,3
2016.0,49.0,0.0,0.0,3,6,0,0,0,0,0,2,1,1,0,1,2,1,1,21,1,11,0,0,0,2,2,0,4,7,5,8,3
2016.0,-675.0,0.0,0.0,3,4,3,0,0,0,0,2,1,1,0,1,9,1,1,7,2,11,0,1,0,1,1,0,0,2,5,3,9
2016.0,200.0,0.0,0.0,3,6,3,0,0,0,0,5,1,1,0,1,5,1,1,8,2,11,0,1,0,1,1,0,4,7,5,8,3
2016.0,0.0,0.0,0.0,3,10,3,0,0,0,1,5,1,1,0,1,5,1,1,11,2,11,0,0,0,1,1,0,2,2,5,9,9
2016.0,0.1,2.0,0.0,3,4,3,0,0,0,0,2,1,1,0,0,1,1,1,12,2,11,0,0,0,1,1,0,0,2,5,3,9
2016.0,-0.1,0.0,0.0,3,4,3,0,0,0,1,2,1,1,0,1,5,1,1,12,2,11,0,0,0,2,1,0,6,2,5,3,9
2016.0,-245.0,0.0,0.0,3,4,3,0,0,0,0,2,1,1,0,1,1,1,1,13,2,11,0,0,0,2,1,0,4,2,5,3,9
2016.0,-1150.0,3.0,0.0,2,3,3,0,0,0,1,2,1,1,0,0,5,1,1,13,2,11,0,0,0,2,2,0,6,9,5,3,9
2016.0,-120.0,1.0,0.0,2,1,3,0,0,0,1,5,1,1,0,1,5,1,1,14,2,11,0,0,0,1,2,0,0,9,5,3,2
2016.0,359.0,0.0,0.0,3,6,3,0,0,0,0,1,1,1,0,0,1,1,1,15,2,11,0,0,0,1,1,0,6,7,5,8,3
2016.0,-150.0,0.0,0.0,3,6,3,0,0,0,1,1,1,1,0,1,1,1,1,15,2,11,0,0,0,1,1,0,4,7,5,8,3
2016.0,0.0,1.0,0.0,3,4,3,0,0,0,1,2,1,1,0,1,5,1,1,16,2,11,0,1,0,1,2,0,4,4,5,3,9
2016.0,-0.25,1.0,0.0,3,6,0,0,0,0,1,5,1,1,0,0,5,1,1,17,2,11,0,1,0,1,2,0,6,7,5,8,8
2016.0,425.0,2.0,0.0,2,4,3,0,0,0,0,5,1,1,0,1,9,1,1,7,3,11,0,1,0,1,1,0,0,2,5,3,9
2016.0,930.0,0.0,0.0,3,6,3,1,0,0,2,9,1,1,0,1,9,1,1,10,3,11,0,0,0,0,1,0,4,7,5,8,3
2016.0,-11.0,2.0,0.0,3,5,3,0,0,0,0,1,1,1,0,1,1,1,1,12,3,11,0,0,0,2,1,0,4,7,5,8,3
2016.0,48.0,0.0,0.0,3,10,3,0,0,0,1,5,1,1,0,0,5,1,1,13,3,11,0,0,0,1,1,0,4,5,5,8,3
2016.0,262.0,1.0,0.0,1,5,3,0,0,0,1,9,1,1,3,1,1,1,1,13,3,11,0,0,0,1,0,0,6,2,5,7,9
2016.0,-220.0,0.0,0.0,3,6,3,1,0,0,2,9,1,1,0,1,9,1,1,14,3,11,0,0,0,0,0,0,6,5,5,8,3
2016.0,-52.0,0.0,0.0,3,5,3,1,0,0,0,9,1,1,0,1,5,1,1,15,3,11,0,0,0,2,2,0,4,5,5,9,1
2016.0,165.0,1.0,0.0,3,1,0,3,4,0,0,5,1,1,0,0,9,1,1,16,3,11,0,1,1,2,0,0,0,2,5,3,9
2016.0,113.0,0.0,0.0,3,6,3,3,4,0,1,5,1,1,0,1,5,1,1,16,3,11,0,1,1,1,1,0,4,7,5,8,3
2016.0,0.0,0.0,0.0,3,1,3,3,4,0,0,5,1,1,0,0,1,1,1,16,3,11,0,1,1,1,1,0,4,2,5,3,9
2016.0,-16.0,0.0,0.0,3,6,3,3,4,0,0,2,1,1,0,1,2,1,1,16,3,11,0,1,1,1,1,0,4,7,5,9,3
2016.0,-22.0,0.0,0.0,3,5,3,3,4,0,2,2,1,1,3,1,1,1,1,17,3,11,0,1,1,0,2,0,4,2,5,7,9
2016.0,0.0,0.0,0.0,3,4,0,0,0,0,0,2,1,1,0,1,1,1,1,17,3,11,0,1,0,2,1,0,4,2,5,3,9
2016.0,-124.0,0.0,0.0,3,10,0,3,4,0,0,9,1,1,0,1,9,1,1,17,3,11,0,1,1,2,1,0,6,9,5,3,2
2016.0,0.0,0.0,0.0,3,6,0,0,4,0,1,9,1,1,0,0,9,1,1,17,3,11,0,1,1,2,2,0,4,5,5,8,1
2016.0,0.0,0.0,0.0,3,4,0,3,4,0,0,1,1,1,0,0,5,1,1,18,3,11,0,1,1,2,0,0,4,2,5,8,9
2016.0,15.0,0.0,0.0,3,4,0,3,4,0,1,9,1,1,0,1,4,1,1,18,3,11,0,1,1,2,1,0,4,5,5,9,3
2016.0,0.0,0.0,0.0,3,3,0,0,0,0,1,2,1,1,0,1,2,1,1,18,3,11,0,1,0,1,1,0,2,5,5,9,9
2016.0,-600.0,1.0,0.0,3,6,0,3,4,0,0,1,1,1,0,0,1,1,1,18,3,11,0,1,1,2,1,0,6,7,5,8,3
2016.0,-70.0,0.0,0.0,3,6,0,0,0,0,1,1,1,1,0,1,1,1,1,20,3,11,0,0,0,1,1,0,4,7,5,8,3
2016.0,-146.0,0.0,0.0,3,6,2,0,0,0,1,1,1,1,0,1,1,1,1,6,4,11,0,0,0,1,2,0,2,7,5,8,3
2016.0,50.0,0.0,0.0,3,10,3,0,0,0,1,9,1,1,0,0,9,1,1,6,4,11,0,0,0,1,1,0,4,9,5,3,2
2016.0,0.0,0.0,0.0,3,4,3,0,0,0,1,5,1,1,0,0,9,1,1,7,4,11,0,1,0,2,1,0,4,2,5,3,9
2016.0,349.0,1.0,0.0,2,1,3,0,0,0,0,2,1,1,0,1,1,1,1,9,4,11,0,1,0,2,2,0,0,2,5,3,9
2016.0,-474.0,1.0,0.0,2,1,3,0,0,0,1,5,1,1,0,1,1,1,1,11,4,11,0,0,0,1,1,0,0,2,5,3,3
2016.0,42.0,0.0,0.0,3,4,3,0,0,0,1,9,1,1,0,0,9,1,1,11,4,11,0,0,0,1,2,0,2,5,5,9,9
2016.0,-140.0,0.0,0.0,3,10,3,0,0,0,1,2,1,1,0,0,2,1,1,11,4,11,0,0,0,2,1,0,6,9,5,3,2
2016.0,76.0,1.0,0.0,3,6,3,0,0,0,1,2,1,1,0,1,2,1,1,13,4,11,0,0,0,1,1,0,6,7,5,8,3
2016.0,325.0,0.0,0.0,3,6,3,0,0,0,1,1,1,1,0,1,1,1,1,14,4,11,0,0,0,2,1,0,6,7,5,8,3
2016.0,4.0,0.0,0.0,3,6,3,0,0,0,1,2,1,1,0,1,1,1,1,14,4,11,0,0,0,0,0,0,4,2,5,3,9
2016.0,-150.0,1.0,0.0,3,6,3,0,0,0,0,1,1,1,0,0,1,1,1,16,4,11,0,1,0,2,1,0,4,7,5,8,3
2016.0,0.0,0.0,0.0,3,1,4,0,0,0,0,9,1,1,0,1,2,1,1,17,4,11,0,1,0,2,1,0,6,2,5,3,3
2016.0,-450.0,0.0,0.0,3,6,0,0,0,0,1,9,1,1,0,1,9,1,1,18,4,11,0,1,0,1,1,0,6,7,5,8,3
2016.0,0.0,0.0,0.0,3,4,3,0,0,0,2,1,1,1,0,1,9,1,1,18,4,11,0,1,0,0,2,0,4,5,5,9,3
2016.0,-70.0,0.0,0.0,3,10,4,0,0,0,0,1,1,1,0,0,5,1,1,18,4,11,0,1,0,2,2,0,4,4,5,3,9
2016.0,168.0,0.0,0.0,3,6,0,1,0,0,0,2,1,1,0,1,2,1,1,22,4,11,0,0,0,2,1,0,6,7,5,8,3
2016.0,0.0,1.0,0.0,2,4,0,1,0,0,1,9,0,0,0,1,1,1,1,0,5,11,1,0,0,1,1,0,4,2,5,3,9
2016.0,-283.0,0.0,0.0,3,12,3,0,0,0,2,8,1,1,1,1,5,1,1,7,5,11,1,1,0,0,1,0,6,5,5,6,5
2016.0,0.0,1.0,0.0,2,4,3,0,0,0,0,9,1,1,0,1,1,1,1,9,5,11,1,1,0,0,0,0,4,2,5,3,9
2016.0,0.0,1.0,0.0,1,4,3,0,0,0,1,9,1,1,0,1,1,1,1,10,5,11,1,0,0,0,0,0,4,2,5,3,9
2016.0,0.0,0.0,0.0,3,10,3,0,0,0,1,9,1,1,0,0,9,1,1,11,5,11,1,0,0,1,1,0,4,9,5,3,2
2016.0,0.0,0.0,0.0,3,4,3,0,0,0,0,1,1,1,0,0,9,1,1,11,5,11,1,0,0,2,1,0,4,2,5,3,9
2016.0,-50.0,0.0,0.0,3,6,3,0,0,0,0,1,1,1,0,0,1,1,1,13,5,11,1,0,0,1,1,0,4,7,5,8,3
2016.0,76.0,2.0,0.0,2,10,0,0,0,0,1,2,1,1,0,1,1,1,1,18,5,11,1,1,0,2,1,0,4,2,5,3,9
2016.0,0.0,0.0,0.0,3,4,0,0,0,0,1,2,1,1,0,0,9,1,1,20,5,11,1,0,0,1,1,0,4,2,5,9,3
2016.0,0.0,3.0,0.0,2,4,0,0,0,0,1,2,1,1,0,1,5,1,1,20,5,11,1,0,0,1,1,0,4,2,5,9,3
2016.0,0.0,5.0,0.0,2,1,1,0,0,0,0,2,1,1,0,1,1,1,1,22,5,11,1,0,0,2,1,0,4,2,5,3,3
2016.0,-0.5,0.0,0.0,3,6,3,0,0,0,2,2,1,1,0,0,2,1,1,11,6,11,1,0,0,0,2,0,4,5,5,3,3
2016.0,0.0,0.0,0.0,3,1,3,0,0,0,1,9,1,1,0,0,5,1,1,17,6,11,1,1,0,2,1,0,4,2,5,9,3
2016.0,300.0,1.0,0.0,3,6,0,0,0,0,1,1,1,1,1,1,1,1,1,19,6,11,1,1,0,1,2,0,6,7,5,6,3
2016.0,-125.0,0.0,0.0,3,9,3,0,0,0,1,1,1,1,0,1,9,1,1,7,0,11,0,1,0,1,1,0,4,9,5,3,2
2016.0,200.0,0.0,0.0,3,6,3,4,3,0,2,1,1,1,1,1,1,1,1,7,0,11,0,1,0,0,1,0,6,5,5,9,3
2016.0,78.0,0.0,0.0,3,9,2,0,0,0,0,1,1,1,0,1,9,1,1,7,0,11,0,1,0,1,1,0,6,9,5,3,3
2016.0,627.0,0.0,0.0,3,6,3,0,0,0,0,2,1,1,0,1,2,1,1,8,0,11,0,1,0,1,2,0,6,7,5,3,3
2016.0,-35.0,0.0,0.0,3,6,3,0,0,0,1,2,1,1,0,0,2,1,1,8,0,11,0,1,0,2,1,0,4,7,5,3,3
2016.0,0.0,2.0,0.0,2,1,3,0,0,0,0,1,1,1,0,0,5,1,1,8,0,11,0,1,0,1,1,0,4,2,5,3,3
2016.0,0.0,0.0,0.0,3,6,3,0,0,0,2,2,1,1,0,0,2,1,1,12,0,11,0,0,0,0,2,0,4,5,5,8,5
2016.0,-400.0,0.0,0.0,3,10,3,0,0,0,0,2,1,1,0,1,2,1,1,12,0,11,0,0,0,0,1,0,6,9,5,3,2
2016.0,-30.0,0.0,0.0,3,6,3,0,0,0,2,1,1,1,0,0,1,1,1,16,0,11,0,1,0,0,0,0,4,5,5,8,5
2016.0,-291.0,0.0,0.0,3,4,3,0,0,0,0,2,1,1,0,1,5,1,1,16,0,11,0,1,0,2,0,0,6,2,5,3,9
2016.0,100.0,0.0,0.0,3,6,0,0,0,0,1,2,1,1,0,0,2,1,1,17,0,11,0,1,0,1,1,0,6,8,5,8,3
2016.0,0.0,0.0,0.0,3,4,4,0,0,0,0,5,1,1,0,1,1,1,1,17,0,11,0,1,0,2,1,0,4,2,5,3,9
2016.0,0.0,0.0,0.0,3,4,0,0,0,0,0,5,1,1,0,0,1,1,1,18,0,11,0,1,0,2,1,0,4,2,5,9,9
2016.0,-320.0,0.0,0.0,3,6,0,0,0,0,1,1,1,1,0,0,1,1,1,20,0,11,0,0,0,2,2,0,6,7,5,8,8
2016.0,0.0,0.0,0.0,3,12,1,0,0,0,0,8,1,1,0,0,1,1,1,5,1,11,0,0,0,1,2,0,4,5,5,3,5
2016.0,-108.0,0.0,0.0,3,6,3,0,0,0,1,1,1,1,0,1,1,1,1,7,1,11,0,1,0,1,1,0,4,7,5,8,3
2016.0,-715.0,2.0,0.0,3,6,3,0,0,0,1,5,1,1,0,1,5,1,1,7,1,11,0,1,0,0,1,0,4,7,5,8,3
2016.0,40.0,0.0,0.0,3,6,3,0,0,0,1,9,1,1,0,0,9,1,1,7,1,11,0,1,0,2,1,0,6,7,5,8,3
2016.0,-50.0,1.0,0.0,2,5,3,0,0,0,1,1,1,1,3,0,9,1,1,7,1,11,0,1,0,1,1,0,4,2,5,7,9
2016.0,-600.0,0.0,0.0,3,6,3,0,0,0,1,2,1,1,0,0,2,1,1,8,1,11,0,1,0,2,0,0,4,7,5,8,3
2016.0,4.0,1.0,0.0,2,5,3,0,0,2,1,1,1,1,0,1,5,1,1,9,1,11,0,1,0,1,1,0,4,2,5,9,3
2016.0,-86.0,0.0,0.0,3,6,3,0,0,0,1,2,1,1,0,1,2,1,1,11,1,11,0,0,0,1,1,0,4,7,5,3,3
2016.0,193.0,0.0,0.0,3,6,3,0,0,0,1,5,1,1,0,1,5,1,1,11,1,11,0,0,0,2,1,0,6,7,5,8,3
2016.0,0.0,0.0,0.0,3,4,3,0,0,0,0,6,1,1,0,0,9,1,1,12,1,11,0,0,0,0,1,0,4,2,5,3,9
2016.0,0.0,0.0,0.0,3,4,3,0,0,0,1,1,1,1,0,1,9,1,1,12,1,11,0,0,0,1,1,0,4,2,5,9,3
2016.0,-120.0,0.0,0.0,3,6,3,0,0,0,1,1,1,1,0,1,1,1,1,14,1,11,0,0,0,2,1,0,4,7,5,8,8
2016.0,-100.0,0.0,0.0,3,6,3,0,0,0,1,5,1,1,0,1,5,1,1,15,1,11,0,0,0,1,1,0,4,7,5,8,8
2016.0,20.0,1.0,0.0,3,10,3,0,0,0,1,5,1,1,0,0,5,1,1,16,1,11,0,1,0,2,1,0,4,9,5,3,2
2016.0,-100.0,0.0,0.0,3,6,0,0,0,0,1,5,1,1,0,1,2,1,1,17,1,11,0,1,0,0,1,0,6,5,5,8,1
2016.0,-525.0,0.0,0.0,3,6,4,0,0,0,1,2,1,1,0,1,2,1,1,18,1,11,0,1,0,2,2,0,4,7,5,8,3
2016.0,0.0,0.0,0.0,3,4,0,0,0,0,1,2,1,1,0,1,9,1,1,18,1,11,0,1,0,2,1,0,4,5,5,9,9
2016.0,0.0,0.0,0.0,3,1,0,0,0,0,1,3,1,1,0,1,9,1,1,22,1,11,0,0,0,1,1,0,4,5,5,3,9
2016.0,-180.0,0.0,0.0,3,1,0,0,0,0,2,4,1,1,0,0,5,1,1,23,1,11,0,0,0,0,1,0,6,2,5,3,9
2016.0,-179.0,0.0,0.0,3,10,3,0,0,0,1,2,1,1,0,0,2,1,1,10,2,11,0,0,0,1,1,0,6,5,5,8,9
2016.0,0.0,0.0,0.0,3,1,3,0,0,0,0,9,1,1,0,1,5,1,1,10,2,11,0,0,0,1,1,0,4,2,5,3,3
2016.0,0.0,2.0,0.0,2,4,3,0,0,0,0,5,1,1,0,0,2,1,1,11,2,11,0,0,0,2,1,0,4,2,5,3,9
2016.0,90.0,0.0,0.0,3,10,3,0,0,0,0,9,1,1,0,1,9,1,1,12,2,11,0,0,0,0,1,0,4,9,5,3,2
2016.0,0.0,0.0,0.0,3,1,3,0,0,0,0,1,1,1,0,0,5,1,1,13,2,11,0,0,0,2,1,0,4,2,5,3,9
2016.0,-89.0,0.0,0.0,3,10,3,0,0,0,0,1,1,1,0,1,1,1,1,15,2,11,0,0,0,1,2,0,4,5,5,3,2
2016.0,172.0,1.0,0.0,3,6,3,0,0,0,1,9,1,1,0,0,9,1,1,15,2,11,0,0,0,2,0,0,4,7,5,8,3
2016.0,415.0,0.0,0.0,3,6,3,0,0,0,0,9,1,1,0,0,9,1,1,16,2,11,0,1,0,2,1,0,6,7,5,8,3
2016.0,25.0,0.0,0.0,3,6,0,0,0,0,0,9,1,1,0,1,9,1,1,18,2,11,0,1,0,1,0,0,4,7,5,8,3
2016.0,200.0,0.0,0.0,3,12,3,0,0,0,2,8,1,1,0,1,8,1,1,21,2,11,0,0,0,0,1,0,6,5,5,6,5
2016.0,280.0,2.0,0.0,1,4,0,0,0,0,0,7,0,1,0,1,1,1,1,21,2,11,0,0,0,1,2,0,0,2,5,3,9
2016.0,-71.0,1.0,0.0,2,6,3,0,0,0,1,1,1,1,0,0,1,1,1,6,3,11,0,0,0,2,1,0,4,9,5,3,2
2016.0,85.0,0.0,0.0,3,6,3,0,0,0,2,5,1,1,0,1,5,1,1,6,3,11,0,0,0,0,1,0,4,7,5,8,3
2016.0,0.0,1.0,0.0,2,1,3,0,0,0,0,5,1,1,0,1,9,1,1,7,3,11,0,1,0,1,1,0,0,2,5,3,9
2016.0,-148.0,0.0,0.0,3,1,3,0,0,0,1,2,1,1,0,1,2,1,1,7,3,11,0,1,0,1,1,0,4,4,5,3,9
2016.0,620.0,0.0,0.0,3,6,3,0,0,0,0,9,1,1,0,1,9,1,1,8,3,11,0,1,0,1,1,0,6,7,5,8,3
2016.0,0.0,4.0,0.0,2,1,3,0,0,0,0,5,1,1,0,1,9,1,1,8,3,11,0,1,0,1,2,0,2,2,5,3,3
2016.0,41.0,1.0,0.0,2,6,3,0,0,0,1,5,1,1,0,1,5,1,1,9,3,11,0,1,0,1,0,0,6,7,5,8,3
2016.0,0.0,2.0,0.0,2,1,3,0,0,0,1,9,1,1,0,1,5,1,1,10,3,11,0,0,0,1,0,0,4,2,5,3,3
2016.0,0.0,0.0,0.0,3,1,3,0,0,0,1,5,1,1,0,0,1,1,1,10,3,11,0,0,0,1,1,0,4,5,5,3,3
2016.0,-194.0,0.0,0.0,3,10,3,0,0,0,0,2,1,1,0,1,2,1,1,11,3,11,0,0,0,2,1,0,6,4,5,9,3
2016.0,0.0,1.0,0.0,3,1,3,0,0,0,0,2,1,1,0,0,1,1,1,12,3,11,0,0,0,1,1,0,4,2,5,3,9
2016.0,-187.0,0.0,0.0,3,6,3,0,0,0,0,1,1,1,0,1,1,1,1,13,3,11,0,0,0,2,1,0,4,7,5,8,3
2016.0,19.0,0.0,0.0,3,10,3,0,0,0,0,9,1,1,0,0,9,1,1,14,3,11,0,0,0,0,2,0,4,4,5,9,9
2016.0,-715.0,0.0,0.0,3,5,3,0,0,0,0,1,1,1,0,1,9,1,1,14,3,11,0,0,0,1,1,0,0,5,5,9,1
2016.0,0.0,0.0,0.0,3,4,3,0,0,0,0,5,1,1,0,1,1,1,1,15,3,11,0,0,0,2,1,0,4,2,5,3,9
2016.0,0.0,0.0,0.0,3,4,3,0,0,0,0,5,1,1,0,0,4,1,1,16,3,11,0,1,0,2,2,0,4,2,7,3,9