Year,Distance,Totalinjuries,Totalfatalities,Injuryseverity,Collisionmanner,Lightcondition,Weather,SurfaceCondition,Unittype_One,Gender_Drv1,Traveldirection_One,AlcoholUse_Drv1,DrugUse_Drv1,Unittype_Two,Gender_Drv2,Traveldirection_Two,AlcoholUse_Drv2,DrugUse_Drv2,Hour,Weekday,Month,Weekend,Rush_Hour,Hazardous_Road,Age_Group_Drv1,Age_Group_Drv2,Substance_Use,Junction_Category,Violation_Category_Drv1,Violation_Category_Drv2,Unitaction_Category_Two,Unitaction_Category_One
2016.0,200.0,0.0,0.0,3,4,3,0,0,0,2,1,1,1,0,0,5,1,1,16,3,11,0,1,0,0,1,0,0,2,5,3,9
2016.0,-70.0,0.0,0.0,3,6,3,0,0,0,1,2,1,1,0,0,2,1,1,17,3,11,0,1,0,1,2,0,4,7,5,8,8
2016.0,60.0,0.0,0.0,3,1,3,0,0,0,0,2,1,1,0,0,2,1,1,17,3,11,0,1,0,1,1,0,4,5,5,9,3
2016.0,40.0,1.0,0.0,3,4,4,0,0,0,1,4,1,1,0,0,5,1,1,17,3,11,0,1,0,1,1,0,0,4,5,3,9
2016.0,-20.0,0.0,0.0,3,6,0,0,0,0,1,2,1,1,0,1,2,1,1,17,3,11,0,1,0,2,1,0,4,8,5,3,3
2016.0,250.0,3.0,0.0,2,6,0,0,0,0,1,5,1,1,0,0,5,1,1,17,3,11,0,1,0,1,1,0,6,7,5,3,3
2016.0,0.0,0.0,0.0,3,4,0,0,0,0,1,9,1,1,0,1,1,1,1,18,3,11,0,1,0,1,1,0,6,2,5,9,9
2016.0,-253.0,0.0,0.0,3,1,4,0,0,0,0,2,1,1,0,1,9,1,1,19,3,11,0,1,0,1,2,0,4,5,5,5,3
2016.0,75.0,1.0,0.0,2,10,0,0,0,0,1,5,1,1,0,1,5,1,1,20,3,11,0,0,0,1,1,0,4,9,5,8,3
2016.0,75.0,0.0,0.0,3,6,0,0,0,0,0,5,1,1,0,0,5,1,1,22,3,11,0,0,0,2,1,0,4,7,5,8,3
2016.0,430.0,0.0,0.0,3,1,1,0,0,0,1,9,1,1,0,1,1,1,1,23,3,11,0,0,0,1,1,0,6,9,5,3,9
2016.0,300.0,1.0,0.0,3,6,0,0,0,0,1,1,1,1,0,0,1,1,1,23,3,11,0,0,0,1,1,0,6,5,5,8,8
2016.0,0.0,1.0,0.0,3,1,0,0,0,0,1,2,1,1,0,1,1,1,1,0,4,11,0,0,0,2,1,0,2,2,5,9,3
2016.0,0.0,1.0,0.0,2,5,0,0,0,0,1,9,1,1,0,0,5,1,1,2,4,11,0,0,0,2,0,0,4,5,5,3,3
2016.0,0.0,0.0,0.0,3,1,3,0,0,0,0,5,1,1,0,1,9,1,1,9,4,11,0,1,0,1,1,0,4,2,5,3,3
2016.0,0.0,2.0,0.0,2,4,3,0,0,0,1,5,1,1,0,1,2,1,1,11,4,11,0,0,0,2,1,0,4,2,5,3,9
2016.0,60.0,0.0,0.0,3,10,3,0,0,0,0,9,1,1,0,0,9,1,1,12,4,11,0,0,0,2,2,0,4,9,5,8,9
2016.0,40.0,2.0,0.0,2,6,3,0,0,0,0,1,1,1,0,1,1,1,1,12,4,11,0,0,0,1,1,0,6,7,5,8,3
2016.0,0.0,0.0,0.0,3,4,3,4,0,0,1,6,1,1,0,1,2,1,1,14,4,11,0,0,0,2,1,0,4,2,5,3,9
2016.0,-140.0,1.0,0.0,3,6,3,0,0,0,1,1,1,1,0,1,1,1,1,14,4,11,0,0,0,1,1,0,6,8,5,8,3
2016.0,0.0,2.0,0.0,2,6,3,0,0,0,1,9,1,1,0,0,9,1,1,15,4,11,0,0,0,1,1,0,2,2,5,8,3
2016.0,0.0,0.0,0.0,3,6,3,0,0,0,1,5,1,1,0,0,5,1,1,16,4,11,0,1,0,2,2,0,2,7,5,8,3
2016.0,0.0,0.0,0.0,3,4,3,0,0,0,1,9,1,1,0,1,1,1,1,16,4,11,0,1,0,1,1,0,4,2,5,3,9
2016.0,-423.0,1.0,0.0,3,4,4,0,0,0,1,9,0,1,0,1,1,1,1,17,4,11,0,1,0,1,1,0,4,2,5,3,9
2016.0,0.0,0.0,0.0,3,10,0,0,0,0,1,9,1,1,0,1,9,1,1,19,4,11,0,1,0,1,1,0,4,9,5,3,0
2016.0,50.0,0.0,0.0,3,6,0,0,0,0,1,9,1,1,0,1,9,1,1,19,4,11,0,1,0,1,2,0,4,7,5,8,3
2016.0,-156.0,0.0,0.0,3,6,0,0,0,0,0,1,1,1,0,0,1,1,1,19,4,11,0,1,0,0,1,0,0,2,5,3,9
2016.0,0.0,0.0,0.0,3,4,0,0,0,0,1,2,1,1,0,0,5,1,1,1,5,11,1,0,0,2,1,0,6,2,5,3,9
2016.0,-263.0,0.0,0.0,3,9,3,0,0,0,1,7,1,1,0,1,6,1,1,8,5,11,1,1,0,0,1,0,6,2,5,9,9
2016.0,0.0,0.0,0.0,3,1,3,0,0,0,1,2,1,1,0,0,9,1,1,8,5,11,1,1,0,0,2,0,4,5,5,3,3
2016.0,60.0,0.0,0.0,3,10,3,0,0,0,0,1,1,1,0,1,1,1,1,13,5,11,1,0,0,1,0,0,6,9,5,3,2
2016.0,75.0,0.0,0.0,3,6,3,0,0,0,1,1,1,1,0,1,1,1,1,13,5,11,1,0,0,1,1,0,2,7,5,3,3
2016.0,0.0,0.0,0.0,3,4,3,0,0,0,0,9,1,1,0,0,1,1,1,15,5,11,1,0,0,1,1,0,2,7,7,3,9
2016.0,0.0,1.0,0.0,3,1,3,0,0,0,1,9,1,1,0,1,2,1,1,15,5,11,1,0,0,2,1,0,2,2,5,3,8
2016.0,0.0,1.0,1.0,0,1,0,0,0,0,1,9,0,1,0,1,5,1,1,19,5,11,1,1,0,1,1,0,4,2,5,3,3
2016.0,554.0,0.0,0.0,3,6,0,0,0,0,1,5,1,1,0,1,5,1,1,20,5,11,1,0,0,2,1,0,6,9,5,3,2
2016.0,134.0,0.0,0.0,3,6,0,0,0,0,1,9,1,1,0,1,9,1,1,23,5,11,1,0,0,2,2,0,4,5,5,8,3
2016.0,0.0,1.0,0.0,3,4,3,0,0,0,0,2,1,1,0,1,5,1,1,11,6,11,1,0,0,0,2,0,4,2,5,3,9
2016.0,0.0,0.0,0.0,3,1,3,0,0,0,0,2,1,1,0,0,1,1,1,15,6,11,1,0,0,1,1,0,2,9,5,3,9
2016.0,-20.0,0.0,0.0,3,1,3,0,0,0,1,5,1,1,0,0,1,1,1,16,6,11,1,1,0,1,1,0,6,7,5,5,8
2016.0,-991.0,1.0,0.0,2,5,3,0,0,2,0,1,1,1,0,1,5,1,1,17,6,11,1,1,0,1,2,0,6,9,5,3,3
2016.0,-270.0,0.0,0.0,3,6,0,0,0,0,1,1,1,1,1,1,1,1,1,18,6,11,1,1,0,2,1,0,6,9,5,6,3
2016.0,390.0,2.0,0.0,3,4,0,0,0,0,0,1,1,1,0,1,9,1,1,19,6,11,1,1,0,1,2,0,6,2,5,3,9
2016.0,-252.0,0.0,0.0,3,6,0,0,0,0,1,1,0,1,0,1,1,1,1,2,0,11,0,0,0,2,2,0,6,7,5,3,3
2016.0,15.0,1.0,0.0,2,5,3,0,0,0,1,5,1,1,3,0,2,1,1,6,0,11,0,0,0,1,1,0,4,2,5,7,9
2016.0,-300.0,0.0,0.0,3,6,3,0,0,0,1,9,1,1,0,0,9,1,1,7,0,11,0,1,0,1,0,0,9,7,5,8,3
2016.0,325.0,0.0,0.0,3,6,3,0,0,0,1,2,1,1,0,0,2,1,1,8,0,11,0,1,0,2,2,0,6,7,5,8,3
2016.0,225.0,0.0,0.0,3,1,3,0,0,0,0,9,1,1,0,1,2,1,1,11,0,11,0,0,0,0,0,0,0,2,5,3,9
2016.0,35.0,0.0,0.0,3,6,3,0,0,0,1,9,1,1,0,1,9,1,1,12,0,11,0,0,0,2,1,0,4,7,5,8,3
2016.0,230.0,0.0,0.0,3,6,3,0,0,0,1,9,1,1,0,1,9,1,1,13,0,11,0,0,0,1,1,0,4,7,5,8,3
2016.0,0.0,0.0,0.0,3,1,3,0,0,0,2,9,1,1,0,0,2,1,1,14,0,11,0,0,0,0,1,0,4,2,5,3,3
2016.0,71.0,1.0,0.0,3,6,3,0,0,0,1,5,1,1,0,0,5,1,1,16,0,11,0,1,0,2,1,0,4,7,5,8,3
2016.0,0.0,0.0,0.0,3,4,4,0,0,0,0,1,1,1,0,1,9,1,1,16,0,11,0,1,0,1,1,0,4,2,5,9,3
2016.0,-0.25,2.0,0.0,2,4,3,0,0,0,0,2,1,1,0,1,1,1,1,17,0,11,0,1,0,1,1,0,6,2,5,3,9
2016.0,0.0,0.0,0.0,3,1,4,0,0,0,0,1,1,1,0,0,1,1,1,17,0,11,0,1,0,2,1,0,4,5,4,3,9
2016.0,50.0,0.0,0.0,3,6,0,0,0,0,1,5,1,1,0,1,5,1,1,18,0,11,0,1,0,1,2,0,4,7,5,8,8
2016.0,40.0,1.0,0.0,3,6,0,0,0,0,1,5,1,1,0,0,5,1,1,19,0,11,0,1,0,1,1,0,4,7,5,8,3
2016.0,0.0,0.0,0.0,3,4,0,0,0,0,0,5,1,1,0,1,9,1,1,20,0,11,0,0,0,2,0,0,6,2,5,3,9
2016.0,10.0,0.0,0.0,3,4,0,0,0,0,1,9,1,1,0,1,1,1,1,21,0,11,0,0,0,1,1,0,2,2,5,3,9
2016.0,0.0,1.0,0.0,2,1,0,0,0,0,0,5,1,1,0,1,9,1,1,21,0,11,0,0,0,2,2,0,4,2,5,3,5
2016.0,0.0,1.0,0.0,2,6,3,0,0,0,0,9,1,1,0,1,9,1,1,7,1,11,0,1,0,0,1,0,4,7,5,8,3
2016.0,-150.0,0.0,0.0,3,6,3,1,0,0,0,5,1,1,0,1,5,1,1,7,1,11,0,1,0,1,1,0,6,7,5,8,3
2016.0,34.0,1.0,0.0,2,5,3,0,0,0,1,5,1,1,2,0,9,1,1,8,1,11,0,1,0,1,2,0,0,2,5,3,9
2016.0,265.0,1.0,0.0,2,4,3,0,0,0,1,9,1,1,0,1,1,1,1,8,1,11,0,1,0,1,1,0,0,2,5,3,9
2016.0,0.0,2.0,0.0,2,4,3,0,0,0,1,2,1,1,0,1,1,1,1,9,1,11,0,1,0,1,1,0,4,2,5,3,9
2016.0,-673.0,0.0,0.0,3,5,3,0,0,0,1,1,1,1,0,1,2,1,1,9,1,11,0,1,0,1,0,0,0,5,9,2,1
2016.0,0.0,2.0,0.0,2,5,3,0,0,0,1,9,1,1,2,1,1,1,1,16,1,11,0,1,0,2,1,0,4,2,5,3,9
2016.0,-247.0,1.0,0.0,3,6,3,0,0,0,1,9,1,1,0,0,9,1,1,16,1,11,0,1,0,2,1,0,6,7,5,8,3
2016.0,-920.0,0.0,0.0,3,1,3,0,0,0,0,9,1,1,0,0,1,1,1,16,1,11,0,1,0,1,1,0,6,2,5,3,9
2016.0,99.0,0.0,0.0,3,6,4,0,0,0,1,5,1,1,0,0,5,1,1,17,1,11,0,1,0,2,1,0,4,7,5,8,3
2016.0,798.0,1.0,0.0,3,6,4,0,0,0,1,5,1,1,0,0,5,1,1,17,1,11,0,1,0,1,1,0,6,7,5,8,3
2016.0,728.0,1.0,0.0,3,6,4,0,0,0,1,2,1,1,0,0,2,1,1,17,1,11,0,1,0,2,1,0,6,7,5,8,3
2016.0,-406.0,1.0,0.0,3,6,0,0,0,0,1,5,1,1,0,0,5,1,1,17,1,11,0,1,0,2,1,0,6,7,5,8,3
2016.0,0.0,0.0,0.0,3,10,0,0,0,0,1,9,1,1,0,0,9,1,1,18,1,11,0,1,0,1,1,0,3,5,5,9,9
2016.0,0.0,2.0,0.0,2,4,0,0,0,0,1,1,1,1,0,0,5,1,1,19,1,11,0,1,0,2,1,0,4,2,5,3,9
2016.0,300.0,0.0,0.0,3,4,0,0,0,0,0,9,1,1,0,1,1,1,1,21,1,11,0,0,0,2,2,0,0,4,5,3,9
2016.0,0.0,0.0,0.0,3,6,3,0,0,0,0,9,1,1,0,1,9,1,1,8,2,11,0,1,0,2,1,0,4,7,5,8,3
2016.0,0.0,0.0,0.0,3,10,3,0,0,0,1,1,1,1,0,1,1,1,1,9,2,11,0,1,0,0,1,0,4,4,5,9,9
2016.0,20.0,0.0,0.0,3,6,3,0,0,0,1,5,1,1,0,1,5,1,1,12,2,11,0,0,0,2,1,0,4,7,5,8,3
2016.0,-128.0,0.0,0.0,3,4,3,0,0,0,0,9,1,1,0,1,1,1,1,13,2,11,0,0,0,1,1,0,6,2,5,3,9
2016.0,0.0,0.0,0.0,3,4,3,0,0,0,1,1,1,1,0,1,5,1,1,14,2,11,0,0,0,0,1,0,4,2,5,3,9
2016.0,-199.0,0.0,0.0,3,4,3,0,0,0,1,2,1,1,0,1,1,1,1,17,2,11,0,1,0,1,2,0,6,2,5,3,9
2016.0,-85.0,0.0,0.0,3,6,0,0,0,0,2,1,1,1,0,1,1,1,1,17,2,11,0,1,0,0,1,0,4,5,5,8,1
2016.0,-52.0,0.0,0.0,3,10,0,0,0,0,1,2,1,1,0,1,2,1,1,18,2,11,0,1,0,1,1,0,4,9,5,3,3
2016.0,150.0,0.0,0.0,3,4,0,0,0,0,1,9,1,1,0,0,5,1,1,18,2,11,0,1,0,1,1,0,0,2,5,3,9
2016.0,50.0,0.0,0.0,3,6,0,0,0,0,1,4,1,1,0,1,4,1,1,18,2,11,0,1,0,2,2,0,6,7,5,8,3
2016.0,0.0,2.0,0.0,2,4,0,0,0,0,1,9,1,1,0,0,1,1,1,18,2,11,0,1,0,1,1,0,2,2,5,3,9
2016.0,150.0,0.0,0.0,3,4,0,0,0,0,1,9,1,1,0,0,1,1,1,19,2,11,0,1,0,0,2,0,6,2,5,3,9
2016.0,-50.0,0.0,0.0,3,6,4,0,0,0,2,2,1,1,0,1,2,1,1,19,2,11,0,1,0,0,1,0,4,7,5,8,3
2016.0,0.0,0.0,0.0,3,4,0,0,0,0,1,5,1,1,0,0,2,1,1,4,3,11,0,0,0,1,2,0,2,2,5,9,3
2016.0,-35.0,0.0,0.0,3,12,3,0,3,0,2,8,1,1,1,1,9,1,1,9,3,11,0,1,0,0,1,0,6,5,5,6,5
2016.0,0.0,1.0,0.0,2,1,3,0,0,0,0,5,1,1,0,1,9,1,1,12,3,11,0,0,0,2,1,0,4,2,5,3,9
2016.0,0.0,0.0,0.0,3,1,3,0,0,0,1,9,1,1,0,0,9,1,1,13,3,11,0,0,0,1,1,0,2,9,5,3,9
2016.0,-125.0,3.0,0.0,2,6,3,0,0,0,0,2,1,1,0,0,2,1,1,14,3,11,0,0,0,2,1,0,4,7,5,8,3
2016.0,-113.0,0.0,0.0,3,4,1,0,0,0,1,9,1,1,0,1,1,1,1,17,3,11,0,1,0,1,2,0,0,2,5,3,9
2016.0,0.0,0.0,0.0,3,1,4,0,0,0,2,9,1,1,0,0,5,1,1,17,3,11,0,1,0,0,1,0,4,2,5,3,3
2016.0,-422.0,0.0,0.0,3,6,0,0,0,0,1,1,1,1,0,0,1,1,1,18,3,11,0,1,0,1,1,0,6,7,5,0,3
2016.0,46.0,0.0,0.0,3,6,0,0,0,0,2,9,1,1,0,1,9,1,1,18,3,11,0,1,0,0,1,0,4,7,5,3,3
2016.0,0.0,0.0,0.0,3,4,0,0,0,0,0,5,1,1,0,0,2,1,1,19,3,11,0,1,0,2,1,0,4,2,5,3,9
2016.0,-90.0,0.0,0.0,3,6,0,0,0,0,0,1,1,1,0,0,1,1,1,19,3,11,0,1,0,2,1,0,4,7,5,8,3
2016.0,120.0,0.0,0.0,3,6,0,0,0,0,0,9,1,1,0,0,9,1,1,20,3,11,0,0,0,2,1,0,4,7,5,8,3
2016.0,0.0,0.0,0.0,3,4,0,0,0,0,0,1,1,1,0,1,9,1,1,21,3,11,0,0,0,0,1,0,4,2,5,9,3
2016.0,0.0,0.0,0.0,3,4,0,0,0,0,1,9,1,1,0,1,1,1,1,22,3,11,0,0,0,1,2,0,4,2,5,3,9
2016.0,124.0,0.0,0.0,3,1,2,0,0,0,1,5,1,1,0,0,5,1,1,6,4,11,0,0,0,1,1,0,4,7,5,8,8
2016.0,72.0,0.0,0.0,3,10,3,0,0,0,1,2,1,1,1,1,2,1,1,8,4,11,0,1,0,0,1,0,6,9,5,6,3
2016.0,0.0,0.0,0.0,3,4,3,0,0,0,1,1,1,1,0,1,9,1,1,8,4,11,0,1,0,0,1,0,4,2,5,3,9
2016.0,-240.0,0.0,0.0,3,10,3,0,0,0,2,2,1,1,0,0,2,1,1,8,4,11,0,1,0,0,1,0,4,9,5,8,2
2016.0,0.0,0.0,0.0,3,4,3,0,0,0,0,2,1,1,0,0,5,1,1,11,4,11,0,0,0,1,0,0,4,2,5,3,9
2016.0,0.0,0.0,0.0,3,4,3,0,0,0,0,1,1,1,0,0,5,1,1,11,4,11,0,0,0,2,2,0,6,2,5,3,9
2016.0,145.0,0.0,0.0,3,6,3,0,0,0,1,9,1,1,0,1,9,1,1,13,4,11,0,0,0,0,0,0,4,5,5,8,3
2016.0,0.0,0.0,0.0,3,1,3,0,0,0,1,5,1,1,0,1,1,1,1,13,4,11,0,0,0,2,1,0,2,2,5,3,3
2016.0,38.0,0.0,0.0,3,6,3,0,0,0,0,5,1,1,0,0,5,1,1,13,4,11,0,0,0,1,0,0,2,7,5,8,3
2016.0,0.0,0.0,0.0,3,4,3,0,0,0,0,1,1,1,0,1,9,1,1,13,4,11,0,0,0,1,1,0,4,4,5,3,9
2016.0,-360.0,1.0,0.0,3,6,3,0,0,0,0,5,1,1,0,1,5,1,1,15,4,11,0,0,0,1,1,0,6,7,5,8,3
2016.0,-228.0,1.0,0.0,3,10,3,0,0,0,1,2,1,1,0,1,2,1,1,16,4,11,0,1,0,1,1,0,6,9,5,3,2
2016.0,-100.0,0.0,0.0,3,6,4,0,0,0,1,2,1,1,0,1,2,1,1,16,4,11,0,1,0,2,2,0,4,7,5,3,3
2016.0,50.0,0.0,0.0,3,6,3,0,0,0,1,2,1,1,0,0,2,1,1,17,4,11,0,1,0,2,1,0,4,5,5,8,3
2016.0,-100.0,0.0,0.0,3,4,3,0,0,0,1,3,1,1,0,1,2,1,1,17,4,11,0,1,0,0,1,0,6,2,5,2,9
2016.0,400.0,1.0,0.0,3,4,0,0,0,0,0,9,1,1,0,1,2,1,1,18,4,11,0,1,0,1,1,0,4,2,5,3,9
2016.0,0.0,0.0,0.0,3,1,0,0,0,0,1,5,1,1,0,0,1,1,1,18,4,11,0,1,0,0,2,0,4,2,5,9,9
2016.0,-43.0,0.0,0.0,3,6,0,0,3,0,2,2,1,1,0,0,2,1,1,19,4,11,0,1,0,0,1,0,4,5,5,8,5
2016.0,120.0,0.0,0.0,3,4,3,0,0,0,0,2,1,1,0,1,5,1,1,11,5,11,1,0,0,1,1,0,6,5,5,9,9
2016.0,-50.0,0.0,0.0,3,6,3,0,0,0,1,1,1,1,0,1,1,1,1,11,5,11,1,0,0,1,1,0,4,7,5,8,3
2016.0,25.0,0.0,0.0,3,6,3,0,0,0,1,9,1,1,0,0,9,1,1,12,5,11,1,0,0,1,2,0,4,7,5,8,3
2016.0,0.0,0.0,0.0,3,1,3,0,0,0,0,2,1,1,0,1,1,1,1,12,5,11,1,0,0,2,2,0,4,2,5,3,3
2016.0,0.0,2.0,0.0,2,4,3,0,0,0,1,5,1,1,0,0,2,1,1,15,5,11,1,0,0,1,1,0,4,2,5,3,9
2016.0,0.0,0.0,0.0,3,1,3,1,0,0,1,9,1,1,0,1,1,1,1,15,5,11,1,0,0,2,2,0,4,2,5,3,9
2016.0,0.0,0.0,0.0,3,10,3,0,0,0,1,5,1,1,0,1,5,1,1,16,5,11,1,1,0,0,1,0,4,5,2,9,3
2016.0,108.0,0.0,0.0,3,6,4,0,0,0,2,5,1,1,0,0,5,1,1,17,5,11,1,1,0,0,1,0,4,7,5,8,8
2016.0,0.0,1.0,0.0,3,4,0,0,0,0,1,9,0,1,0,1,5,1,1,18,5,11,1,1,0,1,1,0,4,2,5,9,3
2016.0,850.0,0.0,0.0,3,6,0,0,0,0,0,5,1,1,0,0,5,1,1,21,5,11,1,0,0,2,2,0,6,7,5,8,3
2016.0,0.0,0.0,0.0,3,4,0,0,0,0,1,5,1,1,0,0,2,1,1,22,5,11,1,0,0,1,2,0,4,2,5,3,9
2016.0,0.0,0.0,0.0,3,4,0,0,0,0,0,9,1,1,0,1,1,1,1,1,6,11,1,0,0,2,2,0,2,2,5,9,3
2016.0,200.0,0.0,0.0,3,10,0,0,0,0,1,1,1,1,0,1,1,1,1,2,6,11,1,0,0,0,1,0,6,9,5,3,3
2016.0,-20.0,0.0,0.0,3,1,0,0,0,0,0,1,1,1,0,1,1,1,1,5,6,11,1,0,0,1,1,0,4,7,5,3,2
2016.0,-50.0,0.0,0.0,3,10,0,0,0,0,2,2,1,1,0,0,2,1,1,16,6,11,1,1,0,0,1,0,4,9,5,3,2
2016.0,-70.0,0.0,0.0,3,6,0,0,0,0,0,2,1,1,0,1,2,1,1,17,6,11,1,1,0,2,1,0,2,7,5,8,3
2016.0,10.0,0.0,0.0,3,12,1,0,0,0,2,9,1,1,0,0,9,1,1,19,6,11,1,1,0,0,1,0,6,8,8,3,3
2016.0,-300.0,0.0,0.0,3,4,0,3,4,1,1,7,1,1,0,1,1,1,1,0,0,11,0,0,1,2,2,0,4,7,5,3,9
2016.0,-6.0,0.0,0.0,3,1,3,0,0,0,1,2,1,1,0,0,2,1,1,6,0,11,0,0,0,1,1,0,4,4,5,9,9
2016.0,-55.0,0.0,0.0,3,6,3,0,0,0,0,2,1,1,0,0,2,1,1,7,0,11,0,1,0,1,1,0,6,7,5,8,3
2016.0,0.0,2.0,0.0,2,4,3,0,0,0,0,2,1,1,0,0,9,1,1,7,0,11,0,1,0,2,1,0,4,2,5,9,3
2016.0,-75.0,1.0,0.0,3,6,3,0,0,0,0,1,1,1,0,1,1,1,1,7,0,11,0,1,0,2,1,0,4,7,5,8,3
2016.0,530.0,0.0,0.0,3,4,3,0,2,0,0,2,1,1,0,1,9,1,1,8,0,11,0,1,1,2,2,0,0,2,5,3,9
2016.0,78.0,1.0,0.0,3,6,3,0,0,0,1,9,1,1,0,1,9,1,1,15,0,11,0,0,0,1,2,0,4,7,5,8,3
2016.0,0.0,1.0,0.0,2,4,3,0,0,0,0,9,1,1,0,1,1,1,1,15,0,11,0,0,0,1,2,0,4,5,5,9,3
2016.0,-69.0,0.0,0.0,3,6,3,0,0,0,1,9,1,1,0,0,9,1,1,16,0,11,0,1,0,1,1,0,6,7,5,8,3
2016.0,0.0,0.0,0.0,3,1,4,0,0,0,1,2,1,1,0,1,1,1,1,17,0,11,0,1,0,1,2,0,4,2,5,3,9
2016.0,0.0,0.0,0.0,3,12,1,0,0,0,2,1,1,1,0,1,2,1,1,18,0,11,0,1,0,0,1,0,6,2,5,9,9
2016.0,-472.0,0.0,0.0,3,1,0,0,0,0,0,9,1,1,0,0,2,1,1,18,0,11,0,1,0,2,2,0,6,5,2,9,3
2016.0,-40.0,0.0,0.0,3,6,0,0,0,0,1,1,1,1,0,1,1,1,1,21,0,11,0,0,0,1,1,0,4,7,5,8,3
2016.0,-0.1,0.0,0.0,3,4,3,0,0,0,0,2,1,1,0,0,1,1,1,7,1,11,0,1,0,2,0,0,0,2,5,3,9
2016.0,-30.0,0.0,0.0,3,10,3,0,0,0,2,1,1,1,0,1,1,1,1,7,1,11,0,1,0,0,2,0,4,9,5,3,9
2016.0,570.0,0.0,0.0,3,10,3,0,0,0,0,9,1,1,0,1,9,1,1,7,1,11,0,1,0,2,1,0,6,9,5,3,2
2016.0,90.0,0.0,0.0,3,6,3,0,0,0,1,9,1,1,0,1,9,1,1,8,1,11,0,1,0,1,0,0,4,7,5,8,3
2016.0,-23.0,0.0,0.0,3,6,3,0,0,0,1,2,1,1,0,1,2,1,1,8,1,11,0,1,0,2,2,0,6,7,5,8,8
2016.0,-84.0,0.0,0.0,3,6,3,0,0,0,0,2,1,1,0,1,2,1,1,12,1,11,0,0,0,0,1,0,4,7,5,8,3
2016.0,-100.0,0.0,0.0,3,6,3,0,0,0,0,5,1,1,0,1,5,1,1,15,1,11,0,0,0,1,2,0,6,7,5,8,3
2016.0,-129.0,1.0,0.0,2,6,3,0,0,0,1,2,1,1,0,1,2,1,1,15,1,11,0,0,0,0,0,0,4,7,5,8,3
2016.0,600.0,0.0,0.0,3,6,3,0,0,0,1,5,1,1,0,0,9,1,1,15,1,11,0,0,0,1,2,0,6,4,5,3,1
2016.0,180.0,0.0,0.0,3,10,3,0,0,0,1,5,1,1,0,1,5,1,1,16,1,11,0,1,0,1,1,0,6,4,9,9,3
2016.0,-144.0,0.0,0.0,3,6,3,0,0,0,1,1,1,1,0,1,1,1,1,16,1,11,0,1,0,0,1,0,4,7,5,8,3
2016.0,280.0,0.0,0.0,3,6,4,0,0,0,0,1,1,1,0,1,1,1,1,17,1,11,0,1,0,2,1,0,6,7,5,8,8
2016.0,-889.0,0.0,0.0,3,6,4,0,0,0,2,2,1,1,0,0,2,1,1,17,1,11,0,1,0,0,1,0,4,7,5,8,3
2016.0,0.0,0.0,0.0,3,1,0,0,0,0,2,2,1,1,0,1,5,1,1,19,1,11,0,1,0,0,2,0,4,2,5,3,9
2016.0,450.0,0.0,0.0,3,4,0,1,0,0,0,1,1,1,0,1,5,1,1,19,1,11,0,1,0,2,1,0,6,2,5,3,9
2016.0,-170.0,0.0,0.0,3,6,1,0,0,0,1,2,1,1,0,0,2,1,1,19,1,11,0,1,0,1,1,0,4,7,5,8,3
2016.0,-200.0,0.0,0.0,3,6,0,0,0,0,1,2,1,1,0,0,2,1,1,21,1,11,0,0,0,1,1,0,6,7,5,3,3
2016.0,0.0,0.0,0.0,3,4,3,0,0,0,1,9,1,1,0,0,5,1,1,7,2,11,0,1,0,2,2,0,4,2,5,3,9
2016.0,235.0,0.0,0.0,3,1,3,0,0,0,1,5,1,1,0,0,5,1,1,9,2,11,0,1,0,1,1,0,6,5,5,9,9
2016.0,10.0,1.0,0.0,2,5,3,0,0,0,1,5,1,1,3,1,5,1,1,10,2,11,0,0,0,2,1,0,4,2,5,7,9
2016.0,-152.0,0.0,0.0,3,6,3,0,0,0,1,2,1,1,0,0,2,1,1,10,2,11,0,0,0,2,1,0,6,7,5,8,3
2016.0,140.0,0.0,0.0,3,6,3,0,0,0,0,2,1,1,0,1,2,1,1,11,2,11,0,0,0,1,1,0,6,7,5,8,3
2016.0,-800.0,0.0,0.0,3,6,3,0,0,0,1,2,1,1,0,1,2,1,1,12,2,11,0,0,0,1,1,0,6,7,5,8,3
2016.0,253.0,0.0,0.0,3,4,3,0,0,0,0,9,1,1,0,0,5,1,1,12,2,11,0,0,0,1,1,0,6,2,5,3,9
2016.0,-492.0,0.0,0.0,3,4,3,0,0,0,1,5,1,1,0,1,2,1,1,12,2,11,0,0,0,2,0,0,4,2,5,3,9
2016.0,-115.0,2.0,0.0,2,6,3,0,0,0,1,1,1,1,0,0,1,1,1,12,2,11,0,0,0,0,1,0,2,7,5,8,3
2016.0,11.0,1.0,0.0,2,6,3,0,0,0,2,9,1,1,0,1,9,1,1,13,2,11,0,0,0,0,1,0,4,7,5,8,3
2016.0,-80.0,0.0,0.0,3,10,3,0,0,0,2,1,1,1,0,0,9,1,1,14,2,11,0,0,0,0,2,0,6,2,5,9,9
2016.0,225.0,0.0,0.0,3,6,3,0,0,0,1,1,1,1,0,1,1,1,1,15,2,11,0,0,0,1,1,0,6,7,5,3,8
2016.0,-450.0,0.0,0.0,3,4,3,0,0,0,0,1,1,1,0,0,5,1,1,16,2,11,0,1,0,1,1,0,6,2,5,3,9