Year,Distance,Totalinjuries,Totalfatalities,Injuryseverity,Collisionmanner,Lightcondition,Weather,SurfaceCondition,Unittype_One,Gender_Drv1,Traveldirection_One,AlcoholUse_Drv1,DrugUse_Drv1,Unittype_Two,Gender_Drv2,Traveldirection_Two,AlcoholUse_Drv2,DrugUse_Drv2,Hour,Weekday,Month,Weekend,Rush_Hour,Hazardous_Road,Age_Group_Drv1,Age_Group_Drv2,Substance_Use,Junction_Category,Violation_Category_Drv1,Violation_Category_Drv2,Unitaction_Category_Two,Unitaction_Category_One
2016.0,0.0,0.0,0.0,3,4,3,0,0,0,1,5,1,1,0,1,2,1,1,16,2,11,0,1,0,1,0,0,4,2,5,3,9
2016.0,0.0,0.0,0.0,3,4,4,0,0,0,1,2,1,1,0,1,2,1,1,16,2,11,0,1,0,1,1,0,2,3,5,9,3
2016.0,-184.0,1.0,0.0,3,6,3,0,0,0,0,1,1,1,0,0,1,1,1,16,2,11,0,1,0,2,1,0,6,7,5,8,3
2016.0,50.0,0.0,0.0,3,6,0,0,0,0,1,5,1,1,0,1,5,1,1,17,2,11,0,1,0,1,0,0,4,7,5,8,3
2016.0,-424.0,1.0,0.0,3,6,0,0,0,0,0,2,1,1,0,0,2,1,1,17,2,11,0,1,0,1,1,0,6,7,5,8,3
2016.0,-50.0,0.0,0.0,3,6,0,0,0,0,1,5,1,1,0,1,5,1,1,17,2,11,0,1,0,1,1,0,6,8,5,3,2
2016.0,-28.0,0.0,0.0,3,6,0,0,0,0,0,1,1,1,0,1,1,1,1,20,2,11,0,0,0,2,1,0,6,7,5,8,3
2016.0,-100.0,0.0,0.0,3,6,0,0,0,0,0,1,1,1,0,1,1,1,1,20,2,11,0,0,0,2,1,0,6,8,5,8,3
2016.0,-30.0,1.0,0.0,3,5,0,0,0,0,0,2,1,1,2,1,2,1,1,20,2,11,0,0,0,1,1,0,6,5,5,3,3
2016.0,-8.0,0.0,0.0,3,6,0,0,0,0,1,2,1,1,0,1,2,1,1,22,2,11,0,0,0,0,1,0,4,7,5,8,3
2016.0,200.0,2.0,0.0,2,10,0,0,0,0,1,1,1,1,1,1,8,1,1,23,2,11,0,0,0,2,1,0,6,7,5,6,3
2016.0,0.0,0.0,0.0,3,4,3,0,0,0,2,9,1,1,0,1,2,1,1,8,3,11,0,1,0,0,1,0,2,2,5,9,9
2016.0,-40.0,0.0,0.0,3,12,3,0,0,0,1,8,1,1,1,1,1,1,1,13,3,11,0,0,0,0,1,0,6,7,5,6,5
2016.0,-200.0,0.0,0.0,3,8,1,0,0,0,1,2,1,1,1,1,8,1,1,19,3,11,0,1,0,1,1,0,6,5,5,6,1
2016.0,-150.0,0.0,0.0,3,6,0,0,0,0,1,1,1,1,0,1,1,1,1,22,3,11,0,0,0,1,1,0,2,8,5,8,3
2016.0,0.0,0.0,0.0,3,1,0,0,0,0,1,1,1,1,0,1,2,1,1,6,4,11,0,0,0,1,1,0,4,2,5,3,3
2016.0,0.0,2.0,0.0,3,1,3,0,0,0,0,2,1,1,0,1,1,1,1,7,4,11,0,1,0,2,0,0,4,5,5,3,3
2016.0,-73.0,0.0,0.0,3,10,3,0,0,0,1,5,1,1,0,1,5,1,1,8,4,11,0,1,0,1,0,0,6,5,5,8,2
2016.0,-54.0,0.0,0.0,3,10,3,0,0,0,0,2,1,1,0,1,2,1,1,12,4,11,0,0,0,1,1,0,4,9,5,2,2
2016.0,50.0,0.0,0.0,3,6,3,0,0,0,0,9,1,1,0,1,9,1,1,15,4,11,0,0,0,2,1,0,4,7,5,8,8
2016.0,0.0,0.0,0.0,3,1,3,0,0,0,1,5,0,1,0,0,2,1,1,15,4,11,0,0,0,1,1,0,4,2,5,9,3
2016.0,-322.0,0.0,0.0,3,6,0,0,0,0,1,1,1,1,0,1,1,1,1,20,4,11,0,0,0,2,1,0,4,7,5,8,3
2016.0,0.0,0.0,0.0,3,4,0,0,0,0,2,5,1,1,0,0,9,1,1,23,4,11,0,0,0,0,2,0,4,5,5,9,3
2016.0,-50.0,0.0,0.0,3,10,3,1,0,0,1,9,1,1,0,1,9,1,1,11,5,11,1,0,0,0,1,0,6,9,5,3,2
2016.0,0.0,0.0,0.0,3,1,3,1,0,0,1,9,1,1,0,1,2,1,1,12,5,11,1,0,0,2,1,0,4,2,5,3,3
2016.0,30.0,1.0,0.0,3,6,3,1,0,0,0,5,1,1,0,1,5,1,1,14,5,11,1,0,0,1,1,0,4,8,5,3,3
2016.0,0.0,0.0,0.0,3,4,0,0,0,0,1,5,1,1,0,1,2,1,1,20,5,11,1,0,0,1,2,0,4,2,5,3,9
2016.0,30.0,1.0,0.0,3,6,3,0,0,0,1,2,1,1,0,1,2,1,1,21,5,11,1,0,0,1,2,0,4,9,5,3,3
2016.0,-100.0,1.0,0.0,3,4,0,0,0,0,0,9,1,1,0,0,1,1,1,22,5,11,1,0,0,0,2,0,6,9,5,3,9
2016.0,100.0,0.0,0.0,3,6,3,0,0,0,1,5,1,1,0,0,5,1,1,6,6,11,1,0,0,0,0,0,4,7,5,8,3
2016.0,-300.0,0.0,0.0,3,6,3,0,0,0,0,2,1,1,0,1,2,1,1,10,6,11,1,0,0,2,1,0,4,7,5,3,3
2016.0,-200.0,1.0,0.0,3,6,3,0,0,0,1,2,1,1,0,1,2,1,1,11,6,11,1,0,0,1,2,0,6,8,5,5,9
2016.0,0.0,0.0,0.0,3,1,3,1,0,0,1,5,1,1,0,1,9,1,1,15,6,11,1,0,0,2,2,0,4,2,5,3,9
2016.0,205.0,0.0,0.0,3,6,3,0,0,0,1,9,1,1,0,0,9,1,1,16,6,11,1,1,0,2,2,0,6,7,5,8,3
2016.0,0.0,0.0,0.0,3,1,0,0,0,0,1,9,1,1,0,1,1,1,1,17,6,11,1,1,0,1,2,0,4,7,5,9,3
2016.0,-10.0,1.0,0.0,3,5,0,3,4,0,0,5,1,1,3,1,1,1,1,21,6,11,1,0,1,2,2,0,4,2,5,5,9
2016.0,175.0,1.0,0.0,2,5,0,0,0,3,0,2,1,1,0,1,1,1,1,5,0,11,0,0,0,0,1,0,0,6,5,2,7
2016.0,0.0,1.0,0.0,2,5,3,0,0,0,1,1,1,1,3,0,9,1,1,6,0,11,0,0,0,1,2,0,0,2,5,7,9
2016.0,275.0,1.0,0.0,3,6,3,0,0,0,0,9,1,1,0,0,8,1,1,6,0,11,0,0,0,1,1,0,4,7,5,8,3
2016.0,-30.0,0.0,0.0,3,6,3,0,0,0,1,1,1,1,0,0,1,1,1,7,0,11,0,1,0,1,1,0,4,7,5,8,3
2016.0,0.0,1.0,0.0,2,1,3,0,0,0,1,5,1,1,0,0,1,1,1,7,0,11,0,1,0,1,1,0,4,2,5,3,3
2016.0,-280.0,1.0,0.0,3,10,3,0,0,0,0,1,1,1,0,0,2,1,1,11,0,11,0,0,0,1,1,0,0,2,5,3,2
2016.0,250.0,0.0,0.0,3,10,3,0,0,0,0,9,1,1,0,1,9,1,1,11,0,11,0,0,0,0,2,0,6,9,5,3,9
2016.0,-83.0,1.0,0.0,2,10,3,0,0,0,1,5,1,1,0,1,5,1,1,13,0,11,0,0,0,0,1,0,6,9,5,6,3
2016.0,266.0,0.0,0.0,3,10,3,0,0,0,0,5,1,1,0,0,5,1,1,13,0,11,0,0,0,1,2,0,6,9,5,3,2
2016.0,-65.0,0.0,0.0,3,6,3,0,0,0,1,2,1,1,0,1,2,1,1,14,0,11,0,0,0,1,1,0,4,7,5,8,3
2016.0,-385.0,0.0,0.0,3,6,4,1,0,0,0,2,1,1,0,0,2,1,1,17,0,11,0,1,0,2,1,0,6,8,5,3,8
2016.0,-340.0,0.0,0.0,3,4,3,0,0,0,0,2,1,1,0,1,5,1,1,17,0,11,0,1,0,1,2,0,6,2,5,3,9
2016.0,0.0,0.0,0.0,3,4,0,0,0,0,1,2,1,1,0,1,5,1,1,17,0,11,0,1,0,0,1,0,4,2,5,3,9
2016.0,929.0,1.0,0.0,3,4,0,0,0,0,0,9,1,1,0,0,1,1,1,18,0,11,0,1,0,1,1,0,6,2,5,3,9
2016.0,-280.0,0.0,0.0,3,6,0,0,0,0,1,5,1,1,0,0,5,1,1,18,0,11,0,1,0,2,2,0,6,7,5,3,3
2016.0,0.0,0.0,0.0,3,4,0,0,0,0,0,2,1,1,0,0,5,1,1,20,0,11,0,0,0,2,2,0,4,5,5,9,3
2016.0,25.0,2.0,0.0,3,6,0,1,0,0,1,9,1,1,0,0,9,1,1,23,0,11,0,0,0,2,2,0,6,7,5,8,3
2016.0,0.0,1.0,0.0,3,6,3,0,0,0,1,2,1,1,0,0,2,1,1,7,1,11,0,1,0,1,2,0,4,7,5,8,3
2016.0,-70.0,0.0,0.0,3,6,3,0,0,0,0,9,1,1,0,1,9,1,1,8,1,11,0,1,0,1,0,0,6,7,5,3,3
2016.0,400.0,3.0,0.0,3,6,3,0,0,0,1,2,1,1,0,0,2,1,1,8,1,11,0,1,0,2,1,0,6,7,5,3,3
2016.0,330.0,0.0,0.0,3,6,3,0,0,0,0,9,1,1,0,0,9,1,1,8,1,11,0,1,0,1,1,0,4,7,9,8,0
2016.0,-25.0,0.0,0.0,3,6,3,0,0,0,0,2,1,1,0,0,2,1,1,8,1,11,0,1,0,1,1,0,2,7,5,8,3
2016.0,45.0,1.0,0.0,2,5,3,0,0,2,1,2,1,1,0,1,5,1,1,8,1,11,0,1,0,1,2,0,4,2,5,9,3
2016.0,0.0,0.0,0.0,3,10,3,0,0,0,0,5,1,1,0,1,5,1,1,10,1,11,0,0,0,1,1,0,4,5,5,3,3
2016.0,235.0,1.0,0.0,2,4,3,0,0,0,1,1,1,1,0,0,5,1,1,12,1,11,0,0,0,2,1,0,0,2,5,3,9
2016.0,0.0,3.0,0.0,2,4,3,0,0,0,0,1,1,1,0,0,9,1,1,14,1,11,0,0,0,1,1,0,4,2,5,3,9
2016.0,-111.0,0.0,0.0,3,10,3,0,0,0,1,2,1,1,0,1,2,1,1,14,1,11,0,0,0,1,0,0,4,9,5,8,3
2016.0,-410.0,0.0,0.0,3,4,3,0,0,0,1,5,1,1,0,1,9,1,1,14,1,11,0,0,0,1,2,0,0,2,5,3,9
2016.0,150.0,1.0,0.0,3,4,3,0,0,0,1,5,1,1,0,0,1,1,1,14,1,11,0,0,0,0,1,0,6,2,5,3,9
2016.0,-130.0,0.0,0.0,3,6,3,0,0,0,1,5,1,1,0,1,5,1,1,14,1,11,0,0,0,2,1,0,6,7,5,8,3
2016.0,0.0,0.0,0.0,3,4,3,0,0,0,1,5,1,1,0,0,2,1,1,16,1,11,0,1,0,2,1,0,4,2,5,3,9
2016.0,391.0,1.0,0.0,3,6,0,0,0,0,1,5,1,1,0,1,5,1,1,18,1,11,0,1,0,2,0,0,6,7,5,3,3
2016.0,0.0,0.0,0.0,3,4,3,0,0,0,1,5,1,1,0,1,9,1,1,7,2,11,0,1,0,1,1,0,4,2,5,3,9
2016.0,160.0,1.0,0.0,3,6,3,0,0,0,0,5,1,1,0,1,5,1,1,9,2,11,0,1,0,1,0,0,4,7,5,8,3
2016.0,85.0,0.0,0.0,3,6,3,0,0,0,1,9,1,1,0,1,9,1,1,10,2,11,0,0,0,2,2,0,4,7,5,8,3
2016.0,-50.0,0.0,0.0,3,6,3,0,0,0,1,1,1,1,0,0,1,1,1,11,2,11,0,0,0,2,1,0,2,7,5,8,8
2016.0,45.0,0.0,0.0,3,10,3,0,0,0,0,9,1,1,0,1,9,1,1,12,2,11,0,0,0,1,2,0,4,9,5,8,9
2016.0,0.0,1.0,0.0,2,4,3,0,0,0,1,2,1,1,0,1,5,1,1,12,2,11,0,0,0,2,2,0,4,2,5,3,9
2016.0,-30.0,0.0,0.0,3,6,3,0,0,0,2,1,1,1,0,1,1,1,1,13,2,11,0,0,0,0,1,0,4,5,5,8,5
2016.0,-235.0,0.0,0.0,3,1,3,0,0,0,1,2,1,1,0,0,1,1,1,13,2,11,0,0,0,2,1,0,0,2,5,3,9
2016.0,-74.0,0.0,0.0,3,12,3,0,0,0,2,8,1,1,1,1,1,1,1,14,2,11,0,0,0,0,1,0,6,5,5,6,5
2016.0,0.0,0.0,0.0,3,8,3,0,0,0,1,9,1,1,0,1,9,1,1,16,2,11,0,1,0,0,2,0,4,7,5,8,3
2016.0,-150.0,2.0,0.0,2,6,0,0,0,0,1,5,1,1,0,1,5,1,1,17,2,11,0,1,0,2,2,0,6,8,5,3,8
2016.0,-220.0,0.0,0.0,3,6,0,0,0,0,1,5,1,1,0,1,5,1,1,18,2,11,0,1,0,1,2,0,4,7,5,8,8
2016.0,-475.0,0.0,0.0,3,4,3,0,0,0,1,5,1,1,0,1,4,1,1,7,3,12,0,1,0,0,1,0,0,5,5,3,9
2016.0,0.0,1.0,0.0,3,1,3,0,0,0,1,5,1,1,3,1,1,1,1,9,3,12,0,1,0,1,2,0,2,2,5,7,9
2016.0,-67.0,1.0,0.0,2,6,3,0,0,0,1,1,1,1,0,0,1,1,1,14,3,12,0,0,0,2,1,0,4,7,5,8,3
2016.0,-35.0,1.0,0.0,2,6,3,0,0,0,1,1,1,1,0,1,1,1,1,14,3,12,0,0,0,2,2,0,4,7,5,8,3
2016.0,50.0,0.0,0.0,3,6,4,0,0,0,0,9,1,1,0,1,9,1,1,16,3,12,0,1,0,2,1,0,4,8,5,8,3
2016.0,100.0,0.0,0.0,3,6,0,0,0,0,0,5,1,1,0,0,5,1,1,17,3,12,0,1,0,0,2,0,4,7,5,8,3
2016.0,227.0,0.0,0.0,3,6,0,0,0,0,1,9,1,1,0,0,9,1,1,18,3,12,0,1,0,1,1,0,4,7,5,8,3
2016.0,0.0,0.0,0.0,3,10,0,0,0,0,2,9,1,1,0,0,9,1,1,19,3,12,0,1,0,0,2,0,2,4,5,9,9
2016.0,-130.0,0.0,0.0,3,6,0,0,0,0,0,1,1,1,0,1,1,1,1,20,3,12,0,0,0,1,2,0,4,7,5,8,3
2016.0,0.0,0.0,0.0,3,4,3,0,0,0,0,5,1,1,0,1,1,1,1,7,4,12,0,1,0,1,1,0,4,5,5,3,9
2016.0,150.0,0.0,0.0,3,6,3,0,0,0,1,9,1,1,0,0,9,1,1,7,4,12,0,1,0,1,1,0,6,9,5,8,2
2016.0,223.0,0.0,0.0,3,6,3,0,0,0,1,3,1,1,0,0,3,1,1,9,4,12,0,1,0,1,1,0,6,7,5,3,3
2016.0,322.0,1.0,0.0,3,10,3,0,0,0,1,9,1,1,0,1,9,1,1,10,4,12,0,0,0,1,1,0,6,4,5,3,9
2016.0,-377.0,1.0,0.0,2,1,3,0,0,2,0,9,1,1,0,0,2,1,1,10,4,12,0,0,0,2,2,0,0,9,5,9,3
2016.0,324.0,0.0,0.0,3,1,3,0,0,0,1,7,1,1,0,1,5,1,1,10,4,12,0,0,0,2,1,0,4,9,5,3,2
2016.0,-308.0,0.0,0.0,3,10,3,0,0,0,1,5,1,1,0,0,5,1,1,10,4,12,0,0,0,1,0,0,6,9,9,2,2
2016.0,-40.0,0.0,0.0,3,6,3,0,0,0,0,2,1,1,0,1,2,1,1,11,4,12,0,0,0,2,1,0,4,7,5,8,8
2016.0,0.0,1.0,0.0,3,4,3,0,0,0,0,1,1,1,0,1,9,1,1,11,4,12,0,0,0,1,1,0,4,2,5,3,9
2016.0,-100.0,0.0,0.0,3,10,3,0,0,0,0,1,1,1,0,1,1,1,1,12,4,12,0,0,0,0,1,0,4,5,5,3,9
2016.0,-320.0,1.0,0.0,3,6,3,0,0,0,1,9,1,1,0,0,9,1,1,12,4,12,0,0,0,0,0,0,6,7,5,8,3
2016.0,-49.0,1.0,0.0,3,6,3,0,0,0,1,2,1,1,0,0,2,1,1,12,4,12,0,0,0,1,1,0,4,7,5,8,3
2016.0,75.0,0.0,0.0,3,6,3,0,0,0,1,9,1,1,0,0,9,1,1,12,4,12,0,0,0,1,1,0,4,7,5,8,3
2016.0,77.0,0.0,0.0,3,8,3,0,0,0,1,5,1,1,0,1,9,1,1,13,4,12,0,0,0,1,2,0,6,5,5,3,1
2016.0,121.0,0.0,0.0,3,4,3,0,0,0,1,9,1,1,0,1,2,1,1,13,4,12,0,0,0,1,1,0,0,2,5,3,9
2016.0,164.0,0.0,0.0,3,10,3,0,0,0,1,5,1,1,0,0,1,1,1,14,4,12,0,0,0,2,1,0,0,2,5,3,9
2016.0,670.0,0.0,0.0,3,10,3,0,0,0,0,7,1,1,0,0,9,1,1,14,4,12,0,0,0,0,2,0,6,2,5,5,5
2016.0,18.0,1.0,0.0,2,6,3,0,0,0,1,5,1,1,0,0,5,1,1,15,4,12,0,0,0,2,2,0,4,7,5,8,3
2016.0,515.0,2.0,0.0,2,1,3,0,0,0,1,9,1,1,0,1,9,1,1,16,4,12,0,1,0,1,1,0,0,5,5,3,9
2016.0,-309.0,0.0,0.0,3,10,3,0,0,0,0,2,1,1,0,1,2,1,1,16,4,12,0,1,0,1,2,0,6,9,5,3,2
2016.0,89.0,1.0,0.0,3,10,0,0,0,0,1,5,1,1,0,1,5,1,1,17,4,12,0,1,0,1,2,0,6,9,5,3,2
2016.0,0.0,0.0,0.0,3,5,0,0,0,2,1,9,1,1,0,1,1,1,1,17,4,12,0,1,0,1,1,0,4,5,5,9,7
2016.0,10.0,0.0,0.0,3,6,0,0,0,0,2,9,1,1,0,1,9,1,1,0,5,12,1,0,0,0,1,0,4,5,5,8,1
2016.0,-10.0,0.0,0.0,3,6,0,0,0,0,2,1,1,1,0,1,1,1,1,2,5,12,1,0,0,0,1,0,4,7,5,8,3
2016.0,-145.0,0.0,0.0,3,10,3,0,0,0,1,1,1,1,0,1,1,1,1,14,5,12,1,0,0,1,1,0,4,9,5,8,3
2016.0,-20.0,0.0,0.0,3,7,3,0,0,0,1,5,1,1,0,0,5,1,1,14,5,12,1,0,0,0,1,0,4,7,5,3,5
2016.0,0.0,0.0,0.0,3,4,3,0,0,0,0,5,1,1,0,1,1,1,1,15,5,12,1,0,0,1,1,0,6,4,5,3,9
2016.0,580.0,0.0,0.0,3,1,3,0,0,0,1,9,1,1,0,1,2,1,1,15,5,12,1,0,0,0,0,0,0,2,5,3,9
2016.0,200.0,0.0,0.0,3,10,0,0,0,0,1,2,1,1,0,1,2,1,1,18,5,12,1,1,0,1,1,0,6,9,5,3,3
2016.0,0.0,3.0,0.0,2,4,0,0,0,0,1,2,1,1,0,0,5,1,1,19,5,12,1,1,0,0,1,0,4,2,5,3,9
2016.0,0.0,0.0,0.0,3,1,0,0,0,0,1,5,1,1,0,0,9,1,1,20,5,12,1,0,0,2,1,0,4,2,5,3,9
2016.0,-60.0,0.0,0.0,3,10,0,0,0,0,2,1,1,1,0,1,1,1,1,22,5,12,1,0,0,0,1,0,6,7,5,6,3
2016.0,60.0,1.0,0.0,3,5,0,0,0,3,1,1,0,1,0,1,2,1,1,0,6,12,1,0,0,1,1,0,4,6,5,9,7
2016.0,-170.0,0.0,0.0,3,1,3,0,0,0,1,2,1,1,0,1,1,1,1,12,6,12,1,0,0,1,2,0,0,2,5,3,3
2016.0,-150.0,0.0,0.0,3,6,3,0,0,0,1,2,0,1,0,1,2,1,1,12,6,12,1,0,0,1,2,0,4,7,5,8,3
2016.0,60.0,0.0,0.0,3,9,4,0,0,0,0,9,1,1,0,0,5,1,1,16,6,12,1,1,0,2,1,0,2,9,5,9,3
2016.0,0.0,0.0,0.0,3,1,3,0,0,0,1,4,1,1,0,0,9,1,1,16,6,12,1,1,0,0,2,0,4,2,5,3,9
2016.0,0.0,0.0,0.0,3,4,3,0,0,0,2,5,1,1,0,1,2,1,1,19,6,12,1,1,0,0,1,0,4,2,2,9,9
2016.0,0.0,1.0,0.0,3,4,0,0,0,0,1,1,1,1,0,1,2,0,0,22,6,12,1,0,0,2,1,0,4,5,5,3,8
2016.0,0.0,0.0,0.0,3,10,3,0,0,0,0,1,1,1,0,1,1,1,1,7,0,12,0,1,0,0,1,0,4,9,5,3,3
2016.0,430.0,0.0,0.0,3,6,3,0,0,0,1,9,1,1,0,0,9,1,1,8,0,12,0,1,0,1,2,0,6,7,5,8,3
2016.0,144.0,0.0,0.0,3,10,3,0,0,0,0,2,1,1,0,1,2,1,1,10,0,12,0,0,0,0,1,0,6,9,5,3,2
2016.0,0.0,1.0,0.0,3,1,3,0,0,0,1,2,1,1,0,0,1,1,1,10,0,12,0,0,0,1,2,0,4,5,5,3,9
2016.0,-30.0,0.0,0.0,3,10,3,0,0,0,1,9,1,1,0,1,9,1,1,11,0,12,0,0,0,0,1,0,6,9,5,3,9
2016.0,300.0,0.0,0.0,3,4,3,0,0,0,1,2,1,1,0,0,5,1,1,11,0,12,0,0,0,0,1,0,0,4,5,3,9
2016.0,-200.0,1.0,0.0,3,10,3,0,0,0,1,1,1,1,0,1,1,1,1,12,0,12,0,0,0,2,1,0,4,7,5,5,2
2016.0,0.0,3.0,0.0,2,1,3,0,0,0,0,1,1,1,0,0,2,1,1,12,0,12,0,0,0,1,2,0,4,2,5,9,3
2016.0,200.0,1.0,0.0,3,4,3,0,0,0,1,2,1,1,0,0,1,1,1,14,0,12,0,0,0,0,0,0,6,2,5,3,9
2016.0,-40.0,0.0,0.0,3,6,3,0,0,0,1,1,1,1,0,0,1,1,1,14,0,12,0,0,0,1,0,0,4,7,5,8,3
2016.0,-98.0,0.0,0.0,3,6,3,0,0,0,0,2,1,1,0,0,2,1,1,14,0,12,0,0,0,1,1,0,4,7,5,8,3
2016.0,99.0,1.0,0.0,3,6,3,0,0,0,1,1,1,1,0,0,1,1,1,14,0,12,0,0,0,0,2,0,6,7,5,3,3
2016.0,-622.0,0.0,0.0,3,6,3,0,0,0,0,1,1,1,0,1,1,1,1,15,0,12,0,0,0,1,1,0,6,2,5,8,9
2016.0,0.0,0.0,0.0,3,6,3,0,0,0,1,9,1,1,0,1,9,1,1,15,0,12,0,0,0,2,1,0,6,7,5,8,3
2016.0,40.0,0.0,0.0,3,10,3,0,0,0,0,9,1,1,0,0,9,1,1,16,0,12,0,1,0,2,1,0,4,9,5,8,3
2016.0,0.0,0.0,0.0,3,1,3,0,0,0,1,9,1,1,0,1,9,1,1,16,0,12,0,1,0,1,1,0,4,4,5,3,9
2016.0,-110.0,0.0,0.0,3,6,4,0,0,0,1,1,1,1,0,1,1,1,1,16,0,12,0,1,0,1,1,0,6,7,5,8,3
2016.0,-50.0,0.0,0.0,3,6,3,4,3,0,2,1,1,1,0,0,0,1,1,17,0,12,0,1,0,0,1,0,6,5,5,8,5
2016.0,-70.0,0.0,0.0,3,10,3,0,0,0,0,1,1,1,0,1,1,1,1,17,0,12,0,1,0,1,1,0,6,8,5,3,3
2016.0,65.0,0.0,0.0,3,6,4,0,0,0,1,9,1,1,0,1,9,1,1,18,0,12,0,1,0,1,1,0,4,7,5,8,3
2016.0,0.0,0.0,0.0,3,6,0,0,0,0,1,2,1,1,0,1,2,1,1,18,0,12,0,1,0,2,1,0,4,7,5,9,9
2016.0,66.0,0.0,0.0,3,4,0,0,0,0,1,6,1,1,0,0,9,1,1,20,0,12,0,0,0,2,1,0,6,2,5,3,9
2016.0,0.0,1.0,0.0,3,5,0,0,0,0,1,1,1,1,2,1,5,1,1,20,0,12,0,0,0,2,1,0,4,2,5,3,9
2016.0,0.0,1.0,0.0,2,1,0,0,0,0,0,5,1,1,0,1,5,1,1,5,1,12,0,0,0,1,1,0,4,9,5,3,2
2016.0,-260.0,2.0,0.0,1,4,3,0,0,0,1,9,1,1,0,1,2,1,1,7,1,12,0,1,0,1,1,0,6,2,5,3,9
2016.0,-250.0,1.0,0.0,2,6,3,0,0,0,1,9,1,1,0,1,9,1,1,7,1,12,0,1,0,1,2,0,6,7,5,8,3
2016.0,150.0,0.0,0.0,3,6,3,0,0,0,1,5,1,1,0,0,5,1,1,8,1,12,0,1,0,2,1,0,1,7,5,8,2
2016.0,185.0,0.0,0.0,3,10,3,0,0,0,0,5,1,1,0,1,9,1,1,15,1,12,0,0,0,1,1,0,6,5,5,8,9
2016.0,-150.0,0.0,0.0,3,4,3,0,0,0,0,2,1,1,0,1,9,1,1,16,1,12,0,1,0,2,1,0,8,9,2,9,3
2016.0,125.0,0.0,0.0,3,10,4,0,0,0,1,5,1,1,0,0,5,1,1,17,1,12,0,1,0,1,1,0,4,9,5,3,3
2016.0,0.0,0.0,0.0,3,8,4,0,0,0,1,2,1,1,0,1,5,1,1,17,1,12,0,1,0,2,2,0,4,2,5,3,9
2016.0,270.0,0.0,0.0,3,6,0,0,0,0,2,9,1,1,0,1,9,1,1,17,1,12,0,1,0,0,2,0,6,5,5,3,3
2016.0,100.0,0.0,0.0,3,10,0,0,0,0,0,5,1,1,0,0,5,1,1,18,1,12,0,1,0,1,1,0,4,5,5,3,5
2016.0,0.0,1.0,0.0,3,4,0,0,0,0,0,8,1,1,0,1,8,1,1,18,1,12,0,1,0,1,1,0,6,5,5,9,3
2016.0,-92.0,0.0,0.0,3,6,0,0,0,0,0,9,1,1,0,1,9,1,1,18,1,12,0,1,0,1,2,0,6,7,5,8,3
2016.0,30.0,0.0,0.0,3,6,0,0,0,0,0,9,1,1,0,0,9,1,1,19,1,12,0,1,0,2,0,0,6,7,5,8,3
2016.0,20.0,0.0,0.0,3,10,0,0,0,0,0,5,1,1,0,0,5,1,1,21,1,12,0,0,0,2,2,0,6,9,5,3,9
2016.0,-10.0,1.0,0.0,3,6,0,0,0,0,1,2,1,1,0,0,2,1,1,1,2,12,0,0,0,2,2,0,4,7,5,3,3
2016.0,-225.0,0.0,0.0,3,6,3,0,0,0,1,9,1,1,0,0,9,1,1,12,2,12,0,0,0,1,0,0,6,9,5,3,9
2016.0,100.0,0.0,1.0,0,5,3,0,0,3,1,5,0,1,0,1,1,1,1,15,2,12,0,0,0,1,2,0,6,2,5,3,7
2016.0,0.0,0.0,0.0,3,6,3,0,0,0,0,1,1,1,0,0,5,1,1,15,2,12,0,0,0,2,1,0,4,8,5,9,3
2016.0,121.0,0.0,0.0,3,6,1,0,0,0,1,5,1,1,0,0,5,1,1,17,2,12,0,1,0,1,1,0,6,7,5,8,3
2016.0,0.0,4.0,0.0,2,4,0,0,0,0,0,1,1,1,0,0,5,1,1,19,2,12,0,1,0,1,0,0,4,2,5,3,9
2016.0,135.0,2.0,0.0,3,6,0,0,0,0,0,5,1,1,0,0,5,1,1,20,2,12,0,0,0,2,2,0,4,7,5,8,3
2016.0,0.0,3.0,0.0,2,4,0,0,0,0,1,5,1,1,0,1,2,1,1,20,2,12,0,0,0,2,1,0,4,2,5,9,3
2016.0,0.0,2.0,0.0,2,1,0,0,0,0,0,2,1,1,0,1,1,1,1,0,3,12,0,0,0,2,1,0,4,2,5,9,3
2016.0,120.0,0.0,0.0,3,6,3,0,0,0,0,9,1,1,0,1,9,1,1,8,3,12,0,1,0,1,0,0,4,7,5,8,8
2016.0,-60.0,1.0,0.0,2,4,3,0,0,0,0,2,1,1,0,1,5,1,1,8,3,12,0,1,0,1,1,0,4,2,5,9,9
2016.0,-1000.0,0.0,0.0,3,10,3,0,0,0,2,9,1,1,0,1,9,1,1,8,3,12,0,1,0,0,1,0,6,5,5,3,3
2016.0,-85.0,0.0,0.0,3,5,3,0,0,0,0,1,1,1,2,1,1,1,1,8,3,12,0,1,0,1,2,0,4,9,5,3,2
2016.0,0.0,0.0,0.0,3,10,3,0,0,0,1,2,1,1,0,1,2,1,1,10,3,12,0,0,0,0,0,0,4,9,5,3,9
2016.0,-10.0,0.0,0.0,3,1,3,0,0,0,1,1,1,1,0,1,5,1,1,11,3,12,0,0,0,1,1,0,4,2,5,3,9
2016.0,138.0,2.0,0.0,3,4,3,0,0,0,0,1,1,1,0,1,5,1,1,11,3,12,0,0,0,2,1,0,0,2,5,3,9