Year,Distance,Totalinjuries,Totalfatalities,Injuryseverity,Collisionmanner,Lightcondition,Weather,SurfaceCondition,Unittype_One,Gender_Drv1,Traveldirection_One,AlcoholUse_Drv1,DrugUse_Drv1,Unittype_Two,Gender_Drv2,Traveldirection_Two,AlcoholUse_Drv2,DrugUse_Drv2,Hour,Weekday,Month,Weekend,Rush_Hour,Hazardous_Road,Age_Group_Drv1,Age_Group_Drv2,Substance_Use,Junction_Category,Violation_Category_Drv1,Violation_Category_Drv2,Unitaction_Category_Two,Unitaction_Category_One
2016.0,-90.0,0.0,0.0,3,6,3,0,0,0,1,2,1,1,0,1,2,1,1,12,3,12,0,0,0,1,1,0,4,7,5,8,3
2016.0,0.0,0.0,0.0,3,4,3,0,0,0,1,2,1,1,0,1,5,1,1,15,3,12,0,0,0,2,2,0,4,2,5,3,9
2016.0,176.0,0.0,0.0,3,10,3,0,0,0,1,5,1,1,0,0,5,1,1,15,3,12,0,0,0,1,1,0,6,9,5,3,2
2016.0,0.0,0.0,0.0,3,6,3,0,0,0,1,9,1,1,0,1,9,1,1,15,3,12,0,0,0,1,1,0,4,7,5,8,3
2016.0,62.0,0.0,0.0,3,10,3,0,0,0,1,6,1,1,0,1,6,1,1,15,3,12,0,0,0,1,1,0,4,9,5,8,9
2016.0,0.0,2.0,0.0,1,4,3,0,0,0,0,2,1,1,0,1,5,1,1,16,3,12,0,1,0,1,0,0,4,2,5,3,9
2016.0,0.0,2.0,0.0,2,1,3,0,0,0,0,1,1,1,0,0,2,1,1,16,3,12,0,1,0,1,2,0,4,2,5,3,3
2016.0,-380.0,0.0,0.0,3,6,3,0,0,0,1,1,1,1,0,1,1,1,1,16,3,12,0,1,0,1,1,0,4,7,5,8,3
2016.0,-150.0,0.0,0.0,3,4,4,0,0,0,1,4,1,1,0,1,1,1,1,17,3,12,0,1,0,2,1,0,6,5,5,3,3
2016.0,0.0,2.0,0.0,2,4,3,0,0,0,1,2,1,1,0,1,5,1,1,17,3,12,0,1,0,2,2,0,4,2,5,3,9
2016.0,260.0,0.0,0.0,3,10,0,0,0,0,0,9,1,1,0,1,1,1,1,21,3,12,0,0,0,2,1,0,6,2,5,3,9
2016.0,228.0,0.0,0.0,3,6,3,0,0,0,0,2,1,1,0,0,2,1,1,7,4,12,0,1,0,1,1,0,6,7,5,8,3
2016.0,-810.0,2.0,0.0,3,4,3,0,0,0,1,5,1,1,0,0,2,1,1,7,4,12,0,1,0,2,1,0,6,2,5,3,9
2016.0,0.0,0.0,0.0,3,4,3,0,0,0,0,7,1,1,0,0,1,1,1,8,4,12,0,1,0,1,1,0,4,2,5,3,9
2016.0,0.0,0.0,0.0,3,4,3,0,0,0,0,1,1,1,0,0,9,1,1,8,4,12,0,1,0,2,1,0,4,2,5,3,9
2016.0,0.0,1.0,0.0,2,4,3,0,0,0,1,2,1,1,0,1,5,1,1,9,4,12,0,1,0,2,1,0,4,2,5,3,9
2016.0,358.0,0.0,0.0,3,10,3,0,0,0,1,5,1,1,0,1,5,1,1,9,4,12,0,1,0,1,2,0,6,5,5,3,2
2016.0,-0.1,0.0,0.0,3,4,3,0,0,0,1,9,1,1,0,1,2,1,1,10,4,12,0,0,0,1,1,0,6,2,5,3,9
2016.0,10.0,1.0,0.0,3,5,3,0,0,0,0,2,1,1,2,0,2,1,1,11,4,12,0,0,0,1,1,0,2,2,5,3,9
2016.0,-468.0,0.0,0.0,3,10,3,0,0,0,1,1,1,1,0,1,1,1,1,13,4,12,0,0,0,1,1,0,6,5,5,5,5
2016.0,-100.0,0.0,0.0,3,6,3,1,0,0,0,1,1,1,0,1,1,1,1,13,4,12,0,0,0,1,2,0,4,7,5,8,8
2016.0,125.0,1.0,0.0,3,6,3,0,0,0,1,9,1,1,0,0,9,1,1,13,4,12,0,0,0,0,1,0,4,7,5,8,3
2016.0,-77.0,0.0,0.0,3,10,3,0,0,0,1,1,1,1,0,1,1,1,1,15,4,12,0,0,0,0,2,0,6,9,5,3,3
2016.0,49.0,0.0,0.0,3,6,3,0,0,0,1,9,1,1,0,0,9,1,1,15,4,12,0,0,0,1,1,0,4,7,5,8,3
2016.0,200.0,0.0,0.0,3,10,4,0,0,0,1,1,1,1,0,1,1,1,1,16,4,12,0,1,0,1,2,0,6,7,5,3,3
2016.0,89.0,0.0,0.0,3,6,0,0,0,0,1,5,1,1,0,0,5,1,1,17,4,12,0,1,0,1,2,0,4,7,5,3,3
2016.0,22.0,0.0,0.0,3,10,4,0,0,0,1,1,1,1,0,1,1,1,1,17,4,12,0,1,0,0,2,0,6,9,5,3,2
2016.0,-88.0,0.0,0.0,3,6,0,0,0,0,0,2,1,1,0,1,2,1,1,20,4,12,0,0,0,2,1,0,6,7,5,8,3
2016.0,-240.0,0.0,0.0,3,6,0,0,0,0,0,9,1,1,1,1,9,1,1,1,5,12,1,0,0,1,1,0,6,7,5,6,3
2016.0,0.0,0.0,0.0,3,4,0,0,0,0,1,1,1,1,0,1,9,1,1,6,5,12,1,0,0,1,0,0,2,5,5,3,9
2016.0,75.0,0.0,0.0,3,6,3,0,0,0,1,5,1,1,0,1,5,1,1,11,5,12,1,0,0,1,1,0,2,5,5,8,8
2016.0,0.0,0.0,0.0,3,4,3,0,0,0,0,5,1,1,0,0,2,1,1,13,5,12,1,0,0,1,0,0,4,2,9,3,9
2016.0,-200.0,0.0,0.0,3,6,3,0,0,0,2,9,1,1,0,0,9,1,1,13,5,12,1,0,0,0,2,0,6,9,5,3,9
2016.0,150.0,0.0,0.0,3,4,3,0,0,0,0,9,1,1,0,0,1,1,1,15,5,12,1,0,0,1,1,0,6,2,5,3,9
2016.0,200.0,0.0,0.0,3,6,4,0,0,0,1,2,1,1,0,1,2,1,1,18,5,12,1,1,0,2,1,0,4,8,5,3,3
2016.0,-485.0,1.0,0.0,3,6,0,0,0,0,1,2,1,1,0,1,2,1,1,19,5,12,1,1,0,1,1,0,6,7,5,8,3
2016.0,-53.0,1.0,0.0,3,4,2,0,0,0,1,2,0,1,0,0,9,1,1,7,6,12,1,1,0,1,2,0,4,2,5,9,3
2016.0,-180.0,0.0,0.0,3,10,3,0,0,0,0,2,1,1,0,0,2,1,1,10,6,12,1,0,0,0,2,0,6,9,5,3,2
2016.0,0.4,0.0,0.0,3,4,3,0,0,0,1,9,1,1,0,0,5,1,1,13,6,12,1,0,0,0,2,0,0,2,5,3,9
2016.0,0.0,0.0,0.0,3,12,3,0,0,0,2,9,1,1,0,1,9,1,1,16,6,12,1,1,0,0,0,0,4,7,5,9,9
2016.0,0.0,2.0,0.0,3,4,4,0,0,0,0,1,1,1,0,1,9,1,1,16,6,12,1,1,0,2,1,0,6,2,5,3,9
2016.0,200.0,0.0,0.0,3,10,3,0,0,0,2,9,1,1,0,1,9,1,1,16,6,12,1,1,0,0,1,0,6,5,5,3,3
2016.0,10.0,0.0,0.0,3,10,0,0,0,0,0,6,0,1,1,1,1,1,1,19,6,12,1,1,0,2,1,0,4,7,5,6,9
2016.0,-25.0,0.0,0.0,3,6,0,0,0,0,0,1,1,1,0,0,1,1,1,21,6,12,1,0,0,2,1,0,6,7,5,3,3
2016.0,50.0,0.0,0.0,3,3,0,0,0,0,1,2,0,1,1,1,5,1,1,3,0,12,0,0,0,1,1,0,6,7,5,6,3
2016.0,-90.0,0.0,0.0,3,1,4,0,0,0,1,1,1,1,0,0,5,1,1,6,0,12,0,0,0,2,1,0,6,2,5,3,3
2016.0,325.0,0.0,0.0,3,1,3,0,0,0,1,9,1,1,0,0,2,1,1,7,0,12,0,1,0,1,1,0,6,2,5,3,5
2016.0,170.0,0.0,0.0,3,6,3,0,0,0,0,9,1,1,0,1,9,1,1,12,0,12,0,0,0,1,1,0,4,7,5,8,3
2016.0,-90.0,0.0,0.0,3,6,3,0,0,0,1,2,1,1,0,1,2,1,1,12,0,12,0,0,0,1,1,0,4,7,5,8,3
2016.0,-200.0,1.0,0.0,3,5,3,0,0,2,1,1,1,1,0,1,9,1,1,14,0,12,0,0,0,1,2,0,6,9,5,3,2
2016.0,0.0,0.0,0.0,3,4,3,0,0,0,1,9,1,1,0,0,1,1,1,14,0,12,0,0,0,1,1,0,4,2,5,3,9
2016.0,70.0,0.0,0.0,3,6,3,0,0,0,1,9,1,1,0,1,9,1,1,16,0,12,0,1,0,1,2,0,4,7,5,8,8
2016.0,-200.0,0.0,0.0,3,6,4,0,0,0,0,2,1,1,0,0,2,1,1,17,0,12,0,1,0,2,2,0,6,7,5,8,3
2016.0,0.0,1.0,0.0,3,4,4,0,0,0,0,5,1,1,0,0,2,1,1,17,0,12,0,1,0,0,1,0,4,5,5,3,9
2016.0,-150.0,0.0,0.0,3,10,3,0,0,0,2,2,1,1,0,1,2,1,1,7,1,12,0,1,0,0,0,0,6,9,5,3,2
2016.0,0.0,0.0,0.0,3,1,3,0,0,0,0,5,1,1,0,1,1,1,1,7,1,12,0,1,0,1,1,0,4,2,5,3,9
2016.0,-25.0,0.0,0.0,3,7,3,0,0,0,0,9,1,1,0,1,9,1,1,8,1,12,0,1,0,1,1,0,4,7,5,3,8
2016.0,380.0,0.0,0.0,3,4,3,0,0,0,0,5,1,1,0,0,9,1,1,8,1,12,0,1,0,1,1,0,6,2,5,3,9
2016.0,0.0,2.0,0.0,3,4,3,0,0,0,0,9,1,1,0,0,5,1,1,10,1,12,0,0,0,2,1,0,2,2,5,8,3
2016.0,105.0,0.0,0.0,3,1,3,0,0,0,0,5,1,1,0,0,9,1,1,12,1,12,0,0,0,1,1,0,6,2,5,3,1
2016.0,-123.0,0.0,0.0,3,6,3,0,0,0,1,5,1,1,0,0,5,1,1,16,1,12,0,1,0,1,0,0,6,7,5,8,3
2016.0,0.0,1.0,0.0,2,1,3,0,0,0,0,1,1,1,0,0,5,1,1,16,1,12,0,1,0,1,1,0,4,5,5,3,3
2016.0,-200.0,1.0,0.0,3,6,0,0,0,0,0,2,1,1,0,0,2,1,1,18,1,12,0,1,0,2,1,0,4,7,5,8,3
2016.0,-300.0,0.0,0.0,3,10,0,1,0,0,1,9,1,1,0,1,9,1,1,18,1,12,0,1,0,1,1,0,6,4,5,3,9
2016.0,163.0,0.0,0.0,3,10,0,0,0,0,0,5,1,1,0,1,5,1,1,19,1,12,0,1,0,0,2,0,6,9,5,3,3
2016.0,0.0,1.0,0.0,3,4,3,0,0,0,1,1,1,1,0,1,9,1,1,7,2,12,0,1,0,1,1,0,4,4,5,3,9
2016.0,-574.0,0.0,0.0,3,1,3,0,0,0,0,9,1,1,0,0,2,1,1,7,2,12,0,1,0,1,1,0,6,2,5,3,9
2016.0,42.0,0.0,0.0,3,6,3,0,0,0,1,1,1,1,0,1,1,1,1,8,2,12,0,1,0,1,1,0,4,7,5,3,3
2016.0,160.0,1.0,0.0,3,6,3,0,0,0,1,9,1,1,0,0,9,1,1,10,2,12,0,0,0,1,1,0,4,7,5,8,3
2016.0,18.0,1.0,0.0,3,5,3,0,0,0,1,2,1,1,2,0,1,1,1,11,2,12,0,0,0,2,1,0,4,2,5,3,9
2016.0,125.0,0.0,0.0,3,6,3,0,0,0,1,2,1,1,0,0,2,1,1,11,2,12,0,0,0,2,1,0,4,7,5,8,3
2016.0,-137.0,1.0,0.0,3,1,3,0,0,0,1,2,1,1,0,0,2,1,1,15,2,12,0,0,0,2,1,0,4,9,5,3,2
2016.0,75.0,0.0,0.0,3,6,3,0,0,0,0,5,1,1,0,1,5,1,1,16,2,12,0,1,0,0,1,0,4,7,5,8,3
2016.0,446.0,3.0,0.0,2,6,3,0,0,0,1,1,1,1,0,0,1,1,1,16,2,12,0,1,0,0,2,0,6,7,5,8,8
2016.0,-167.0,3.0,0.0,2,6,4,0,0,0,0,1,1,1,0,0,1,1,1,17,2,12,0,1,0,1,1,0,4,7,5,8,3
2016.0,-120.0,0.0,0.0,3,6,0,0,0,0,0,5,1,1,0,1,5,1,1,17,2,12,0,1,0,1,1,0,4,7,5,8,3
2016.0,770.0,1.0,0.0,3,6,0,0,0,0,1,5,0,1,0,1,5,1,1,17,2,12,0,1,0,0,0,0,6,7,5,3,3
2016.0,21.0,1.0,0.0,1,5,0,0,0,3,1,9,0,1,0,1,5,1,1,17,2,12,0,1,0,1,1,0,4,5,5,3,7
2016.0,-100.0,1.0,0.0,3,9,0,0,0,0,1,5,1,1,0,1,9,1,1,17,2,12,0,1,0,2,1,0,4,2,5,3,8
2016.0,-200.0,0.0,0.0,3,10,0,0,0,0,0,1,1,1,0,1,1,1,1,18,2,12,0,1,0,1,1,0,6,9,5,8,3
2016.0,-57.0,4.0,0.0,2,6,0,0,0,0,1,5,1,1,0,0,5,1,1,18,2,12,0,1,0,1,0,0,6,7,5,8,3
2016.0,-400.0,0.0,0.0,3,10,0,0,0,0,2,9,1,1,0,1,9,1,1,19,2,12,0,1,0,0,1,0,6,9,5,8,3
2016.0,0.0,0.0,0.0,3,1,0,0,0,0,1,9,1,1,0,1,9,1,1,20,2,12,0,0,0,2,2,0,4,2,5,3,9
2016.0,200.0,1.0,0.0,3,4,0,0,0,0,1,9,1,1,0,0,1,1,1,5,3,12,0,0,0,0,1,0,6,2,5,3,9
2016.0,48.0,1.0,0.0,2,5,3,0,0,0,1,1,1,1,2,1,5,1,1,6,3,12,0,0,0,0,1,0,0,2,5,3,9
2016.0,105.0,0.0,0.0,3,10,3,0,0,0,2,2,1,1,0,0,2,1,1,6,3,12,0,0,0,0,1,0,6,9,5,3,2
2016.0,-480.0,1.0,0.0,3,6,3,0,0,0,1,2,1,1,0,0,2,1,1,8,3,12,0,1,0,2,1,0,6,7,5,8,3
2016.0,-35.0,0.0,0.0,3,10,3,0,0,0,1,1,1,1,0,1,5,1,1,11,3,12,0,0,0,1,1,0,4,4,5,8,9
2016.0,650.0,0.0,0.0,3,6,3,0,0,0,0,5,1,1,0,1,5,1,1,11,3,12,0,0,0,1,1,0,4,7,5,3,3
2016.0,0.0,0.0,0.0,3,10,3,0,0,0,0,5,1,1,0,1,5,1,1,12,3,12,0,0,0,1,1,0,4,4,5,9,9
2016.0,-95.0,2.0,0.0,2,6,3,0,0,0,1,2,1,1,0,1,2,1,1,12,3,12,0,0,0,0,1,0,4,7,5,8,3
2016.0,171.0,1.0,0.0,3,6,3,0,0,0,1,1,1,1,0,1,1,1,1,13,3,12,0,0,0,1,1,0,6,7,5,8,3
2016.0,750.0,0.0,0.0,3,6,3,0,0,0,1,2,1,1,0,1,2,1,1,14,3,12,0,0,0,1,0,0,6,7,5,8,3
2016.0,750.0,0.0,0.0,3,6,3,0,0,0,1,2,1,1,0,1,2,1,1,14,3,12,0,0,0,1,1,0,6,7,5,8,3
2016.0,0.0,2.0,0.0,2,4,3,0,0,0,1,5,1,1,0,1,2,1,1,15,3,12,0,0,0,0,1,0,4,2,5,3,9
2016.0,0.0,0.0,0.0,3,4,3,1,0,0,0,5,1,1,0,1,2,1,1,15,3,12,0,0,0,0,1,0,4,2,5,3,9
2016.0,0.0,3.0,0.0,3,1,3,0,0,0,0,1,1,1,0,0,5,1,1,16,3,12,0,1,0,0,1,0,2,2,5,3,3
2016.0,0.0,2.0,0.0,3,4,3,1,4,0,0,1,1,1,0,1,9,1,1,16,3,12,0,1,1,1,2,0,4,2,5,3,9
2016.0,687.0,0.0,0.0,3,1,3,0,0,0,0,2,1,1,0,0,1,1,1,16,3,12,0,1,0,2,2,0,6,2,5,3,9
2016.0,-475.0,1.0,0.0,2,4,0,0,0,0,1,1,1,1,0,0,5,1,1,16,3,12,0,1,0,1,1,0,0,2,5,3,9
2016.0,0.0,1.0,0.0,3,4,0,0,0,0,2,2,1,1,0,0,5,1,1,17,3,12,0,1,0,0,1,0,4,2,5,3,9
2016.0,-137.0,0.0,0.0,3,6,0,0,0,0,0,1,1,1,0,0,1,1,1,19,3,12,0,1,0,1,1,0,4,7,5,8,3
2016.0,-68.0,0.0,0.0,3,1,3,0,0,0,1,5,1,1,0,1,9,1,1,7,4,12,0,1,0,2,1,0,4,2,5,3,9
2016.0,-440.0,1.0,0.0,3,4,3,1,0,0,0,9,1,1,0,0,2,1,1,8,4,12,0,1,0,1,1,0,0,2,5,3,9
2016.0,85.0,0.0,0.0,3,6,3,0,0,0,2,9,1,1,0,0,9,1,1,12,4,12,0,0,0,0,1,0,4,7,5,8,3
2016.0,20.0,0.0,0.0,3,6,3,0,0,0,1,5,1,1,0,0,5,1,1,12,4,12,0,0,0,2,2,0,6,7,5,3,3
2016.0,-630.0,0.0,0.0,3,6,3,0,0,0,1,5,1,1,0,1,5,1,1,14,4,12,0,0,0,2,1,0,6,7,5,8,3
2016.0,-49.0,1.0,0.0,3,6,3,1,4,0,1,1,1,1,0,1,1,1,1,16,4,12,0,1,1,1,1,0,0,7,5,8,8
2016.0,0.0,0.0,0.0,3,1,0,0,0,0,1,1,1,1,0,0,1,1,1,18,4,12,0,1,0,2,0,0,4,4,5,3,9
2016.0,0.0,0.0,0.0,3,4,0,0,0,0,1,5,1,1,0,0,2,1,1,20,4,12,0,0,0,2,0,0,4,2,5,3,9
2016.0,150.0,0.0,0.0,3,6,0,0,0,0,0,5,1,1,0,0,5,1,1,21,4,12,0,0,0,2,2,0,4,7,5,8,3
2016.0,-10.0,1.0,0.0,3,6,0,0,0,0,0,1,0,1,0,1,1,1,1,2,5,12,1,0,0,2,2,0,4,7,5,8,3
2016.0,0.0,0.0,0.0,3,4,3,0,0,0,1,2,1,1,0,0,9,1,1,11,5,12,1,0,0,1,2,0,6,2,5,9,9
2016.0,0.0,0.0,0.0,3,1,3,0,0,0,0,9,1,1,0,1,5,1,1,13,5,12,1,0,0,1,1,0,4,2,5,3,9
2016.0,50.0,0.0,0.0,3,12,3,0,0,0,0,9,1,1,0,1,9,1,1,14,5,12,1,0,0,1,1,0,4,5,5,5,3
2016.0,-10.0,1.0,0.0,3,5,3,0,0,0,0,1,1,1,3,1,9,1,1,16,5,12,1,1,0,0,0,0,4,2,5,7,9
2016.0,-30.0,0.0,0.0,3,6,3,1,0,0,0,5,1,1,0,0,5,1,1,16,5,12,1,1,0,0,1,0,4,7,5,8,3
2016.0,84.0,0.0,0.0,3,10,3,0,0,0,0,2,1,1,0,0,2,1,1,16,5,12,1,1,0,1,2,0,6,9,5,3,2
2016.0,-100.0,0.0,0.0,3,6,0,0,0,0,1,9,1,1,0,0,9,1,1,17,5,12,1,1,0,1,0,0,4,7,5,8,3
2016.0,20.0,0.0,0.0,3,6,0,0,0,0,1,2,1,1,0,1,5,1,1,19,5,12,1,1,0,1,2,0,6,7,5,5,5
2016.0,0.2,0.0,0.0,3,4,0,0,0,0,0,9,1,1,0,0,1,1,1,19,5,12,1,1,0,2,2,0,6,2,5,3,9
2016.0,0.0,3.0,0.0,2,4,0,0,0,0,1,2,0,1,0,1,5,1,1,20,5,12,1,0,0,1,0,0,2,2,5,3,9
2016.0,-50.0,0.0,0.0,3,9,3,0,0,0,0,9,1,1,0,0,1,1,1,12,6,12,1,0,0,2,1,0,4,7,5,8,9
2016.0,20.0,0.0,0.0,3,10,3,0,0,0,1,1,1,1,0,1,1,1,1,13,6,12,1,0,0,2,1,0,4,5,5,3,3
2016.0,100.0,1.0,0.0,3,1,3,0,0,0,1,1,1,1,0,0,5,1,1,13,6,12,1,0,0,1,0,0,6,2,5,3,3
2016.0,475.0,0.0,0.0,3,1,4,0,0,0,0,5,1,1,0,1,9,1,1,17,6,12,1,1,0,1,1,0,6,2,5,3,1
2016.0,-75.0,1.0,0.0,2,1,0,0,0,0,0,6,1,1,0,0,1,1,1,18,6,12,1,1,0,2,0,0,2,7,5,8,9
2016.0,30.0,0.0,0.0,3,6,0,0,0,0,1,5,1,1,0,0,5,1,1,20,6,12,1,0,0,2,2,0,4,7,5,8,3
2016.0,-126.0,0.0,0.0,3,10,3,0,0,0,0,5,1,1,0,1,5,1,1,8,0,12,0,1,0,1,0,0,6,9,5,3,2
2016.0,480.0,0.0,0.0,3,10,3,0,0,0,1,9,1,1,0,1,2,1,1,12,0,12,0,0,0,0,0,0,6,2,5,3,9
2016.0,-31.0,0.0,0.0,3,6,3,0,0,0,1,1,1,1,0,1,1,1,1,13,0,12,0,0,0,1,0,0,4,7,5,8,3
2016.0,-100.0,1.0,0.0,2,6,3,0,0,0,1,1,1,1,0,0,1,1,1,13,0,12,0,0,0,2,2,0,2,7,5,8,3
2016.0,0.0,4.0,0.0,3,4,3,0,0,0,0,9,1,1,0,1,1,1,1,13,0,12,0,0,0,2,1,0,4,2,5,3,9
2016.0,0.0,0.0,0.0,3,1,3,0,0,0,2,5,1,1,0,1,1,1,1,13,0,12,0,0,0,0,2,0,4,2,5,3,3
2016.0,-15.0,0.0,0.0,3,6,3,0,0,0,0,2,1,1,0,0,2,1,1,13,0,12,0,0,0,0,1,0,4,8,5,9,3
2016.0,-570.0,1.0,0.0,1,5,3,0,0,2,1,9,1,1,0,0,5,1,1,14,0,12,0,0,0,0,1,0,6,2,5,3,7
2016.0,0.0,0.0,0.0,3,1,3,0,0,0,0,2,1,1,0,0,9,1,1,14,0,12,0,0,0,2,1,0,4,2,5,9,3
2016.0,55.0,0.0,0.0,3,6,3,0,0,0,0,5,1,1,0,1,5,1,1,15,0,12,0,0,0,2,2,0,4,7,5,8,3
2016.0,-633.0,0.0,0.0,3,1,3,0,0,0,1,1,1,1,0,0,5,1,1,16,0,12,0,1,0,1,2,0,6,5,5,3,0
2016.0,113.0,0.0,0.0,3,10,0,0,0,0,2,9,1,1,0,0,9,1,1,18,0,12,0,1,0,0,2,0,4,9,5,3,2
2016.0,0.0,1.0,0.0,1,3,0,0,0,0,0,7,1,1,0,0,1,1,1,19,0,12,0,1,0,0,1,0,2,2,5,3,9
2016.0,0.0,0.0,0.0,3,1,3,0,0,0,0,9,1,1,0,1,2,1,1,7,1,12,0,1,0,2,2,0,2,4,5,3,9
2016.0,0.0,0.0,0.0,3,1,3,1,0,0,0,1,1,1,0,1,2,1,1,8,1,12,0,1,0,2,1,0,4,5,5,9,3
2016.0,0.0,0.0,0.0,3,4,3,0,3,0,2,5,1,1,0,1,1,1,1,12,1,12,0,0,0,0,1,0,4,2,5,9,3
2016.0,0.0,1.0,0.0,3,1,3,0,0,0,0,1,1,1,0,0,2,1,1,14,1,12,0,0,0,1,1,0,4,2,5,9,3
2016.0,110.0,0.0,0.0,3,10,3,0,0,0,1,5,1,1,0,1,5,1,1,17,1,12,0,1,0,2,1,0,4,9,5,3,2
2016.0,-179.0,5.0,0.0,2,6,0,0,0,0,0,5,1,1,0,1,5,1,1,17,1,12,0,1,0,0,1,0,6,7,5,8,3
2016.0,0.0,2.0,0.0,3,4,0,0,0,0,1,5,1,0,0,0,2,1,1,19,1,12,0,1,0,2,2,0,2,2,5,3,9
2016.0,0.0,1.0,0.0,2,4,0,0,0,0,0,1,1,1,0,1,5,1,1,19,1,12,0,1,0,2,1,0,4,2,5,3,9
2016.0,200.0,0.0,0.0,3,10,3,0,0,0,1,9,1,1,0,1,9,1,1,6,2,12,0,0,0,1,1,0,4,9,5,3,3
2016.0,150.0,0.0,0.0,3,10,3,0,0,0,2,9,1,1,0,0,9,1,1,7,2,12,0,1,0,0,0,0,4,9,5,3,5
2016.0,90.0,1.0,0.0,2,6,3,0,0,0,1,9,1,1,0,1,9,1,1,10,2,12,0,0,0,1,2,0,4,7,2,8,3
2016.0,-150.0,1.0,0.0,3,6,3,0,0,0,1,2,1,1,0,1,2,1,1,12,2,12,0,0,0,1,1,0,4,7,5,8,3
2016.0,0.0,0.0,0.0,3,4,3,0,0,0,0,1,1,1,0,1,5,1,1,13,2,12,0,0,0,1,1,0,4,2,5,3,9
2016.0,590.0,0.0,0.0,3,6,3,0,0,0,2,1,1,1,0,0,1,1,1,15,2,12,0,0,0,0,1,0,0,7,5,8,3
2016.0,0.0,1.0,0.0,3,4,3,0,0,0,0,5,0,1,0,1,9,1,1,15,2,12,0,0,0,0,1,0,4,2,5,3,9
2016.0,0.0,0.0,0.0,3,1,3,0,0,0,0,2,1,1,0,1,2,1,1,16,2,12,0,1,0,1,1,0,2,3,5,9,3
2016.0,-175.0,0.0,0.0,3,6,3,1,0,0,0,1,1,1,0,1,1,1,1,16,2,12,0,1,0,2,1,0,4,7,5,8,3
2016.0,0.0,0.0,0.0,3,10,4,0,0,0,1,2,1,1,0,0,2,1,1,18,2,12,0,1,0,2,1,0,6,5,5,9,9
2016.0,0.0,1.0,0.0,2,1,0,3,4,0,0,1,1,1,0,1,5,1,1,4,3,12,0,0,1,1,1,0,4,2,5,3,3
2016.0,0.0,1.0,0.0,3,4,0,3,4,0,0,1,1,1,0,0,4,1,1,5,3,12,0,0,1,1,1,0,4,2,5,9,3
2016.0,150.0,1.0,0.0,3,6,3,0,0,0,1,9,1,1,0,0,9,1,1,6,3,12,0,0,0,2,1,0,4,7,5,8,3
2016.0,-650.0,0.0,0.0,3,10,3,3,4,0,2,2,1,1,0,1,2,1,1,8,3,12,0,1,1,0,1,0,6,9,5,3,2
2016.0,0.0,0.0,0.0,3,4,3,1,4,0,0,9,1,1,0,1,5,1,1,9,3,12,0,1,1,2,0,0,4,2,5,9,3
2016.0,-40.0,1.0,0.0,2,5,3,0,4,0,0,2,1,1,2,1,2,1,1,11,3,12,0,0,1,2,0,0,4,7,5,8,3
2016.0,0.0,0.0,0.0,3,1,3,0,0,0,0,2,1,1,0,1,9,1,1,12,3,12,0,0,0,1,1,0,4,2,5,9,3
2016.0,0.0,0.0,0.0,3,6,3,1,4,0,2,5,1,1,0,1,5,1,1,14,3,12,0,0,1,0,1,0,2,5,5,8,3
2016.0,-498.0,0.0,0.0,3,6,3,0,0,0,1,2,1,1,0,1,2,1,1,15,3,12,0,0,0,1,1,0,3,7,5,8,3
2016.0,170.0,1.0,0.0,3,9,3,0,0,0,1,5,1,1,0,1,2,1,1,16,3,12,0,1,0,1,1,0,6,9,5,3,0
2016.0,-528.0,0.0,0.0,3,10,3,1,0,0,0,9,1,1,0,1,9,1,1,17,3,12,0,1,0,1,1,0,6,9,5,3,2
2016.0,-50.0,1.0,0.0,2,9,3,1,0,0,0,5,1,0,0,1,2,1,1,9,4,12,0,1,0,2,1,0,6,9,5,3,3
2016.0,-145.0,0.0,0.0,3,6,3,0,0,0,1,5,1,1,0,1,5,1,1,13,4,12,0,0,0,1,2,0,6,7,5,8,3
2016.0,-20.0,0.0,0.0,3,1,3,0,0,0,1,3,1,1,0,1,9,1,1,16,4,12,0,1,0,1,1,0,4,5,5,3,9
2016.0,-240.0,1.0,0.0,3,6,3,1,0,0,0,1,1,1,0,0,1,1,1,16,4,12,0,1,0,2,1,0,4,7,5,8,8
2016.0,0.0,0.0,0.0,3,3,4,1,0,0,0,6,1,1,0,0,2,1,1,18,4,12,0,1,0,1,1,0,4,5,5,3,9
2016.0,130.0,0.0,0.0,3,5,0,0,0,0,1,8,1,1,1,1,8,1,1,19,4,12,0,1,0,0,2,0,6,5,5,4,1
2016.0,75.0,0.0,0.0,3,6,0,0,0,0,0,5,1,1,0,1,5,1,1,0,5,12,1,0,0,2,2,0,4,5,5,8,1
2016.0,0.0,0.0,0.0,3,1,3,1,4,0,1,9,1,1,0,1,2,1,1,14,5,12,1,0,1,1,0,0,2,5,5,3,3
2016.0,25.0,0.0,0.0,3,1,3,3,4,0,2,2,1,1,0,1,1,1,1,14,5,12,1,0,1,0,1,0,4,7,5,3,9
2016.0,-200.0,0.0,0.0,3,4,0,0,4,0,0,9,1,1,0,1,9,1,1,17,5,12,1,1,1,2,0,0,4,7,5,3,3
2016.0,-50.0,0.0,0.0,3,8,0,1,0,0,2,1,1,1,0,0,1,1,1,19,5,12,1,1,0,0,1,0,6,9,5,3,3