Year,Distance,Totalinjuries,Totalfatalities,Injuryseverity,Collisionmanner,Lightcondition,Weather,SurfaceCondition,Unittype_One,Gender_Drv1,Traveldirection_One,AlcoholUse_Drv1,DrugUse_Drv1,Unittype_Two,Gender_Drv2,Traveldirection_Two,AlcoholUse_Drv2,DrugUse_Drv2,Hour,Weekday,Month,Weekend,Rush_Hour,Hazardous_Road,Age_Group_Drv1,Age_Group_Drv2,Substance_Use,Junction_Category,Violation_Category_Drv1,Violation_Category_Drv2,Unitaction_Category_Two,Unitaction_Category_One
2016.0,820.0,0.0,0.0,3,9,0,1,4,0,1,1,0,1,1,1,8,1,1,20,5,12,1,0,1,1,1,0,6,7,5,6,3
2016.0,53.0,0.0,0.0,3,10,0,0,0,0,1,2,1,1,0,0,2,1,1,5,6,12,1,0,0,0,2,0,0,9,5,3,9
2016.0,-88.0,0.0,0.0,3,10,3,1,0,0,0,2,1,1,0,0,2,1,1,12,6,12,1,0,0,1,1,0,4,9,5,8,2
2016.0,0.0,1.0,0.0,2,1,3,0,0,0,1,4,1,1,0,1,5,1,1,8,0,12,0,1,0,0,1,0,4,2,5,3,9
2016.0,67.0,1.0,0.0,3,6,3,0,0,0,1,5,1,1,0,1,5,1,1,9,0,12,0,1,0,2,1,0,4,7,5,8,3
2016.0,111.0,0.0,0.0,3,6,3,0,0,0,1,5,1,1,0,1,5,1,1,9,0,12,0,1,0,2,1,0,6,5,5,5,3
2016.0,-98.0,0.0,0.0,3,4,3,0,0,0,1,4,1,1,0,0,6,1,1,13,0,12,0,0,0,1,1,0,6,2,2,9,9
2016.0,-358.0,1.0,0.0,3,10,3,0,0,0,0,1,1,1,0,1,1,1,1,15,0,12,0,0,0,1,1,0,6,9,5,3,2
2016.0,0.0,1.0,0.0,3,10,3,0,0,0,1,3,1,1,0,0,1,1,1,15,0,12,0,0,0,1,1,0,4,9,5,3,2
2016.0,-50.0,1.0,0.0,3,5,0,0,0,2,1,5,1,1,0,1,5,1,1,18,0,12,0,1,0,1,1,0,6,9,5,3,3
2016.0,-70.0,0.0,0.0,3,6,0,0,0,0,0,2,1,1,0,1,2,1,1,21,0,12,0,0,0,1,2,0,4,2,5,8,3
2016.0,365.0,0.0,0.0,3,4,3,0,0,0,1,9,1,1,0,1,5,1,1,5,1,12,0,0,0,1,1,0,6,2,5,3,9
2016.0,-100.0,0.0,0.0,3,10,3,0,0,0,1,1,1,1,1,1,1,1,1,9,1,12,0,1,0,1,1,0,6,5,5,6,9
2016.0,-515.0,0.0,0.0,3,9,3,0,0,0,1,2,1,0,0,1,5,1,1,10,1,12,0,0,0,1,1,0,6,9,5,3,9
2016.0,0.0,1.0,0.0,1,5,3,0,0,0,1,5,1,1,2,1,2,1,1,11,1,12,0,0,0,2,2,0,4,2,5,3,9
2016.0,-185.0,0.0,0.0,3,10,3,0,0,0,1,1,1,1,0,1,1,1,1,12,1,12,0,0,0,2,1,0,6,9,5,3,2
2016.0,100.0,1.0,0.0,3,6,3,0,0,0,0,1,1,1,0,1,1,1,1,14,1,12,0,0,0,1,2,0,6,7,5,8,3
2016.0,65.0,0.0,0.0,3,6,3,0,0,0,2,5,1,1,0,1,5,1,1,15,1,12,0,0,0,0,0,0,6,7,5,8,3
2016.0,-296.0,0.0,0.0,3,1,0,0,0,0,1,5,0,1,0,1,5,1,1,18,1,12,0,1,0,2,2,0,6,7,5,3,2
2016.0,-70.0,2.0,0.0,3,6,3,0,0,0,1,1,1,1,0,1,1,1,1,14,2,12,0,0,0,1,1,0,4,7,5,8,3
2016.0,280.0,1.0,0.0,3,1,3,0,0,0,0,1,1,1,0,1,2,1,1,15,2,12,0,0,0,1,1,0,6,2,5,3,3
2016.0,20.0,0.0,0.0,3,6,3,0,0,0,0,5,1,1,0,0,5,1,1,16,2,12,0,1,0,1,1,0,2,7,5,8,3
2016.0,-150.0,1.0,0.0,3,6,3,0,0,0,1,1,1,1,0,0,1,1,1,16,2,12,0,1,0,1,1,0,4,7,5,8,3
2016.0,15.0,1.0,0.0,2,6,3,0,0,0,0,5,1,1,0,0,5,1,1,16,2,12,0,1,0,2,1,0,6,5,5,8,3
2016.0,-40.0,0.0,0.0,3,10,0,0,0,0,2,1,1,1,1,1,1,1,1,18,2,12,0,1,0,0,1,0,4,5,5,6,3
2016.0,30.0,0.0,0.0,3,6,0,0,0,0,0,1,1,1,0,0,1,1,1,19,2,12,0,1,0,2,1,0,4,7,5,8,3
2016.0,36.0,0.0,0.0,3,6,4,0,0,0,0,1,1,1,0,0,1,1,1,21,2,12,0,0,0,1,2,0,6,8,5,8,8
2016.0,-65.0,0.0,0.0,3,10,3,0,0,0,0,2,1,1,0,0,2,1,1,6,3,12,0,0,0,2,1,0,4,9,5,3,2
2016.0,0.0,4.0,0.0,2,1,3,0,0,0,1,5,1,1,0,0,9,1,1,7,3,12,0,1,0,2,2,0,4,2,5,3,3
2016.0,0.0,1.0,0.0,3,12,3,0,0,0,1,9,1,0,0,1,2,1,1,11,3,12,0,0,0,1,1,0,4,2,5,3,3
2016.0,-217.0,1.0,0.0,2,1,3,0,0,0,0,9,1,1,0,1,5,1,1,11,3,12,0,0,0,1,1,0,0,2,5,3,9
2016.0,55.0,0.0,0.0,3,5,3,0,0,0,0,2,1,1,0,1,5,1,1,11,3,12,0,0,0,2,1,0,6,9,5,3,9
2016.0,175.0,1.0,0.0,3,1,3,0,0,0,1,5,1,1,0,0,5,1,1,11,3,12,0,0,0,1,1,0,4,9,5,3,2
2016.0,178.0,0.0,0.0,3,10,3,0,0,0,1,5,1,1,0,1,5,1,1,15,3,12,0,0,0,2,1,0,0,9,5,3,2
2016.0,200.0,0.0,0.0,3,10,3,0,0,0,1,5,1,1,0,0,5,1,1,15,3,12,0,0,0,2,1,0,4,9,5,3,2
2016.0,0.0,0.0,0.0,3,1,3,0,0,0,2,1,1,1,0,1,5,1,1,15,3,12,0,0,0,0,2,0,4,4,5,3,9
2016.0,-735.0,0.0,0.0,3,1,3,0,0,0,1,5,1,1,0,1,1,1,1,16,3,12,0,1,0,2,1,0,6,7,5,3,9
2016.0,0.0,3.0,0.0,2,1,0,0,0,0,0,9,1,1,0,0,2,1,1,18,3,12,0,1,0,1,1,0,4,2,5,3,3
2016.0,0.0,0.0,0.0,3,1,3,0,0,0,1,2,1,1,0,1,1,1,1,8,4,12,0,1,0,1,1,0,4,2,5,3,3
2016.0,89.0,0.0,0.0,3,10,3,0,0,0,1,5,1,1,0,0,5,1,1,12,4,12,0,0,0,2,0,0,6,9,5,3,2
2016.0,110.0,0.0,0.0,3,6,3,0,0,0,1,9,1,1,0,1,9,1,1,13,4,12,0,0,0,1,1,0,4,7,5,8,3
2016.0,2000.0,0.0,0.0,3,1,3,0,0,0,1,9,1,1,0,1,5,1,1,13,4,12,0,0,0,2,2,0,0,7,5,3,9
2016.0,0.0,0.0,0.0,3,4,3,0,0,0,2,2,1,1,0,0,5,1,1,13,4,12,0,0,0,0,2,0,4,2,5,3,9
2016.0,195.0,0.0,0.0,3,4,3,0,0,0,1,9,1,1,0,1,5,1,1,15,4,12,0,0,0,0,2,0,6,2,5,3,9
2016.0,0.0,2.0,0.0,2,3,0,1,0,0,1,9,1,1,0,0,1,1,1,18,4,12,0,1,0,2,1,0,4,9,5,3,0
2016.0,30.0,0.0,0.0,3,6,0,1,4,0,2,9,1,1,0,0,9,1,1,18,4,12,0,1,1,0,2,0,4,5,5,3,3
2016.0,67.0,0.0,0.0,3,10,4,0,0,0,1,1,1,1,0,0,1,1,1,19,4,12,0,1,0,1,1,0,4,9,9,9,9
2016.0,-300.0,0.0,0.0,3,6,0,0,4,0,1,2,1,1,0,1,2,1,1,23,4,12,0,0,1,1,2,0,6,7,5,8,3
2016.0,-500.0,0.0,0.0,3,6,1,1,0,0,0,4,1,1,0,1,8,1,1,0,5,12,1,0,0,1,2,0,6,5,5,6,1
2016.0,0.0,1.0,0.0,3,1,0,0,0,0,1,5,1,1,0,1,9,1,1,4,5,12,1,0,0,1,0,0,2,2,5,3,3
2016.0,0.0,2.0,0.0,2,4,3,0,0,0,1,5,1,1,0,1,2,1,1,10,5,12,1,0,0,1,1,0,4,2,5,3,9
2016.0,200.0,0.0,0.0,3,4,3,0,0,0,1,2,1,1,0,0,2,1,1,11,5,12,1,0,0,1,1,0,6,4,5,3,9
2016.0,48.0,0.0,0.0,3,6,3,1,4,0,1,5,1,1,0,1,5,1,1,14,5,12,1,0,1,2,1,0,4,7,5,8,3
2016.0,-30.0,0.0,0.0,3,6,3,0,0,0,1,1,1,1,0,1,1,1,1,14,5,12,1,0,0,1,1,0,4,7,5,3,3
2016.0,0.2,0.0,0.0,3,6,3,0,0,0,0,2,1,1,0,1,2,1,1,14,5,12,1,0,0,0,1,0,4,7,5,8,3
2016.0,-25.0,0.0,0.0,3,6,0,3,4,0,0,2,1,1,0,1,2,1,1,22,5,12,1,0,1,1,1,0,4,7,5,9,3
2017.0,-63.0,0.0,0.0,3,6,0,2,4,0,1,1,0,1,0,0,1,1,1,1,6,1,1,0,1,1,1,0,4,7,5,8,3
2017.0,72.0,1.0,0.0,3,6,3,1,4,0,1,9,1,1,0,0,9,1,1,12,6,1,1,0,1,1,1,0,4,7,5,8,3
2017.0,0.0,0.0,0.0,3,4,0,0,0,0,0,5,1,1,0,1,1,1,1,17,6,1,1,1,0,1,1,0,4,4,5,3,9
2017.0,235.0,0.0,0.0,3,6,0,1,4,0,0,1,1,1,0,0,1,1,1,18,6,1,1,1,1,1,1,0,6,7,5,8,3
2017.0,-100.0,0.0,0.0,3,10,0,0,0,0,0,9,0,0,0,1,9,1,1,1,0,1,0,0,0,1,1,0,6,9,5,3,3
2017.0,0.0,0.0,0.0,3,4,3,1,0,0,0,1,1,1,0,0,9,1,1,11,0,1,0,0,0,1,2,0,4,2,5,9,3
2017.0,200.0,0.0,0.0,3,10,3,0,0,0,1,5,1,1,0,0,5,1,1,13,0,1,0,0,0,2,1,0,6,7,5,3,3
2017.0,300.0,0.0,0.0,3,10,3,1,0,0,1,9,1,1,0,1,9,1,1,14,0,1,0,0,0,0,1,0,6,9,5,2,2
2017.0,227.0,0.0,0.0,3,1,0,1,0,0,0,9,1,1,0,1,2,1,1,18,0,1,0,1,0,1,1,0,0,2,5,3,9
2017.0,0.0,0.0,0.0,3,4,0,0,0,0,0,1,1,1,0,0,9,1,1,19,0,1,0,1,0,2,1,0,6,5,5,3,9
2017.0,180.0,2.0,0.0,2,6,3,0,0,0,1,2,1,1,0,1,2,1,1,10,1,1,0,0,0,1,1,0,0,7,5,8,3
2017.0,-140.0,0.0,0.0,3,10,3,0,0,0,1,5,1,1,0,1,5,1,1,10,1,1,0,0,0,1,0,0,6,5,5,3,3
2017.0,-297.0,0.0,0.0,3,6,3,0,0,0,1,1,1,1,0,1,2,1,1,10,1,1,0,0,0,0,1,0,6,2,5,3,9
2017.0,-1564.0,0.0,0.0,3,10,3,1,0,0,1,1,1,1,0,1,1,1,1,11,1,1,0,0,0,0,1,0,6,9,5,3,2
2017.0,-142.0,0.0,0.0,3,10,3,1,0,0,1,1,1,1,0,1,1,1,1,13,1,1,0,0,0,1,1,0,4,9,5,3,2
2017.0,0.0,1.0,0.0,2,5,3,1,0,2,1,9,1,1,0,1,5,1,1,14,1,1,0,0,0,1,1,0,2,2,5,9,3
2017.0,0.0,3.0,0.0,2,1,3,0,0,0,1,9,1,1,0,1,5,1,1,14,1,1,0,0,0,2,1,0,2,2,5,3,3
2017.0,80.0,0.0,0.0,3,10,3,0,0,0,1,9,1,1,0,1,9,1,1,14,1,1,0,0,0,0,0,0,4,5,5,8,3
2017.0,0.0,0.0,0.0,3,1,3,0,0,0,0,9,1,1,0,0,2,1,1,15,1,1,0,0,0,1,1,0,4,2,5,3,3
2017.0,0.0,1.0,0.0,3,4,3,0,0,0,0,9,1,1,0,1,1,1,1,15,1,1,0,0,0,2,1,0,2,2,5,3,9
2017.0,496.0,6.0,0.0,1,3,3,0,0,0,1,1,1,1,0,1,9,1,1,15,1,1,0,0,0,2,1,0,6,7,5,0,3
2017.0,-130.0,0.0,0.0,3,6,3,0,0,0,0,1,1,1,0,1,1,1,1,16,1,1,0,1,0,2,1,0,4,7,5,8,3
2017.0,0.0,3.0,0.0,2,4,3,0,0,0,0,2,1,1,0,1,9,1,1,16,1,1,0,1,0,1,1,0,4,2,5,3,9
2017.0,120.0,0.0,0.0,3,6,4,0,0,0,0,9,1,1,0,0,9,1,1,17,1,1,0,1,0,1,2,0,4,7,5,8,3
2017.0,-50.0,2.0,0.0,3,6,0,0,0,0,0,2,1,1,0,1,2,1,1,20,1,1,0,0,0,2,1,0,6,7,5,8,3
2017.0,0.0,0.0,0.0,3,4,0,0,0,0,1,1,1,1,0,1,9,1,1,6,2,1,0,0,0,1,1,0,4,2,5,3,9
2017.0,0.0,1.0,0.0,3,4,3,0,0,0,0,1,1,1,0,0,2,1,1,7,2,1,0,1,0,2,1,0,4,2,5,3,9
2017.0,0.0,0.0,0.0,3,6,3,0,0,0,1,1,1,1,0,1,1,1,1,7,2,1,0,1,0,1,1,0,4,7,5,8,3
2017.0,50.0,0.0,0.0,3,4,3,0,0,0,1,5,1,1,0,1,5,1,1,9,2,1,0,1,0,0,1,0,4,9,5,9,9
2017.0,0.0,0.0,0.0,3,6,3,0,0,0,1,5,1,1,0,1,5,1,1,13,2,1,0,0,0,1,1,0,3,7,5,9,9
2017.0,-315.0,0.0,0.0,3,6,3,0,0,0,1,5,1,1,0,0,5,1,1,14,2,1,0,0,0,0,2,0,0,7,5,8,3
2017.0,264.0,1.0,0.0,3,6,3,0,0,0,1,1,1,1,0,0,1,1,1,14,2,1,0,0,0,1,1,0,6,7,5,3,3
2017.0,400.0,0.0,0.0,3,6,3,0,0,0,0,5,1,1,0,0,5,1,1,16,2,1,0,1,0,1,1,0,4,7,5,8,3
2017.0,101.0,0.0,0.0,3,6,3,0,0,0,1,1,1,1,0,1,1,1,1,16,2,1,0,1,0,1,1,0,4,7,5,8,3
2017.0,0.0,0.0,0.0,3,1,3,0,0,0,1,5,1,1,0,0,1,1,1,17,2,1,0,1,0,0,1,0,4,2,5,3,3
2017.0,-344.0,0.0,0.0,3,6,3,0,0,0,1,9,1,1,0,0,9,1,1,17,2,1,0,1,0,1,1,0,6,7,5,3,3
2017.0,0.0,0.0,0.0,3,6,0,0,0,0,0,2,1,1,0,1,2,1,1,17,2,1,0,1,0,1,1,0,4,7,5,8,3
2017.0,390.0,2.0,0.0,1,6,0,0,0,0,1,5,1,1,0,0,5,1,1,17,2,1,0,1,0,1,1,0,6,7,5,8,3
2017.0,-100.0,0.0,0.0,3,1,2,0,0,0,1,9,1,1,0,0,2,1,1,6,3,1,0,0,0,2,1,0,4,2,5,3,9
2017.0,300.0,0.0,0.0,3,6,3,0,0,0,0,9,1,1,0,1,9,1,1,7,3,1,0,1,0,1,1,0,6,7,5,8,8
2017.0,-219.0,2.0,0.0,3,6,3,0,0,0,0,5,1,1,0,1,7,1,1,8,3,1,0,1,0,0,1,0,0,7,5,8,3
2017.0,100.0,0.0,0.0,3,6,3,0,0,0,0,5,1,1,0,1,5,1,1,9,3,1,0,1,0,2,1,0,4,7,5,8,3
2017.0,0.0,2.0,0.0,2,4,3,0,0,0,1,5,1,1,0,0,1,1,1,13,3,1,0,0,0,1,1,0,4,2,5,3,9
2017.0,65.0,3.0,0.0,2,6,3,0,0,0,0,1,1,1,0,1,1,1,1,13,3,1,0,0,0,1,1,0,4,7,5,8,8
2017.0,-20.0,2.0,0.0,3,6,3,0,0,0,1,2,1,1,0,1,2,1,1,15,3,1,0,0,0,0,1,0,4,7,5,8,3
2017.0,100.0,0.0,0.0,3,10,3,0,0,0,1,9,1,1,0,0,9,1,1,15,3,1,0,0,0,0,1,0,6,9,5,3,2
2017.0,50.0,1.0,0.0,3,6,3,0,0,0,0,5,1,1,0,0,5,1,1,16,3,1,0,1,0,1,1,0,6,5,5,8,3
2017.0,204.0,0.0,0.0,3,6,3,0,0,0,0,5,1,1,0,1,5,1,1,16,3,1,0,1,0,0,0,0,6,7,5,8,3
2017.0,162.0,0.0,0.0,3,6,3,0,0,0,1,5,1,1,0,1,5,1,1,16,3,1,0,1,0,1,2,0,1,7,5,8,3
2017.0,-320.0,0.0,0.0,3,10,3,0,0,0,0,1,1,1,0,1,1,1,1,17,3,1,0,1,0,1,2,0,6,9,9,2,2
2017.0,-60.0,0.0,0.0,3,6,0,0,0,0,1,2,1,1,0,1,2,1,1,17,3,1,0,1,0,1,1,0,4,7,5,8,3
2017.0,0.0,1.0,0.0,3,4,0,0,0,0,1,1,1,1,0,0,9,1,1,17,3,1,0,1,0,0,1,0,4,2,5,3,9
2017.0,-150.0,1.0,0.0,3,1,0,0,0,0,0,8,1,1,0,1,8,1,1,18,3,1,0,1,0,1,2,0,6,2,5,3,9
2017.0,0.0,0.0,0.0,3,1,0,0,0,0,1,2,1,1,0,0,1,0,1,18,3,1,0,1,0,1,1,0,4,2,5,3,9
2017.0,0.0,0.0,0.0,3,1,0,0,0,0,1,5,1,1,0,1,1,1,1,19,3,1,0,1,0,1,1,0,2,2,5,9,3
2017.0,-25.0,0.0,0.0,3,6,0,0,0,0,0,5,1,1,0,0,5,1,1,21,3,1,0,0,0,2,2,0,4,8,5,3,3
2017.0,380.0,0.0,0.0,3,10,0,0,0,0,0,2,1,1,0,1,2,1,1,0,4,1,0,0,0,2,2,0,6,5,5,3,9
2017.0,216.0,0.0,0.0,3,10,0,0,0,0,1,5,1,1,0,0,5,1,1,0,4,1,0,0,0,1,2,0,6,9,5,3,2
2017.0,-39.0,1.0,0.0,2,5,3,0,0,2,0,9,1,1,0,1,2,1,1,9,4,1,0,1,0,1,1,0,4,2,5,9,3
2017.0,0.0,0.0,0.0,3,10,3,0,0,0,0,1,1,1,0,0,1,1,1,11,4,1,0,0,0,1,1,0,4,9,5,3,2
2017.0,0.0,0.0,0.0,3,4,3,0,0,0,0,1,1,1,0,1,9,1,1,11,4,1,0,0,0,1,2,0,4,2,5,3,9
2017.0,0.0,0.0,0.0,3,1,3,0,0,0,0,2,1,1,0,0,1,1,1,12,4,1,0,0,0,2,1,0,4,2,5,3,9
2017.0,0.0,0.0,0.0,3,4,3,0,0,0,0,9,1,1,0,1,1,1,1,12,4,1,0,0,0,1,0,0,4,2,5,3,9
2017.0,0.0,0.0,0.0,3,6,3,0,0,0,0,5,1,1,0,0,5,1,1,13,4,1,0,0,0,2,1,0,2,7,4,9,9
2017.0,0.0,1.0,0.0,2,6,3,0,0,0,0,1,1,1,0,0,1,1,1,15,4,1,0,0,0,1,1,0,4,7,5,8,3
2017.0,265.0,0.0,0.0,3,6,0,0,0,0,1,5,1,1,0,0,5,1,1,18,4,1,0,1,0,1,2,0,6,7,5,3,3
2017.0,0.0,2.0,0.0,2,4,0,0,0,0,1,1,1,1,0,1,9,1,1,19,4,1,0,1,0,2,2,0,4,2,5,3,9
2017.0,-120.0,0.0,0.0,3,6,0,0,0,0,0,2,0,1,0,0,2,1,1,23,4,1,0,0,0,2,1,0,4,7,5,8,3
2017.0,500.0,0.0,0.0,3,10,3,0,0,0,0,9,1,1,0,0,2,1,1,11,5,1,1,0,0,0,1,0,2,2,5,3,9
2017.0,-300.0,0.0,0.0,3,3,3,0,0,0,0,2,1,1,0,1,5,1,1,14,5,1,1,0,0,2,1,0,6,2,5,3,9
2017.0,-20.0,0.0,0.0,3,8,3,0,0,0,2,2,1,1,0,1,2,1,1,14,5,1,1,0,0,0,1,0,2,4,5,8,8
2017.0,-100.0,0.0,0.0,3,6,0,0,0,0,1,1,1,1,0,1,1,1,1,20,5,1,1,0,0,2,1,0,4,7,5,8,3
2017.0,-10.0,0.0,0.0,3,5,0,0,0,0,2,1,1,1,3,0,2,1,1,21,5,1,1,0,0,0,1,0,4,2,5,7,9
2017.0,0.0,0.0,0.0,3,4,0,0,0,0,1,5,1,1,0,1,2,1,1,22,5,1,1,0,0,1,2,0,4,4,5,3,9
2017.0,-105.0,0.0,0.0,3,5,3,0,0,0,1,5,1,1,0,0,2,1,1,8,6,1,1,1,0,0,1,0,6,5,5,6,1
2017.0,0.0,0.0,0.0,3,6,3,0,0,0,1,1,1,1,0,1,1,1,1,11,6,1,1,0,0,0,0,0,4,7,5,9,9
2017.0,-1000.0,0.0,0.0,3,4,3,0,0,0,1,5,1,1,0,0,9,1,1,12,6,1,1,0,0,1,2,0,6,2,5,3,9
2017.0,0.0,0.0,0.0,3,1,3,0,0,0,1,1,1,1,0,0,2,1,1,16,6,1,1,1,0,0,2,0,4,5,5,3,3
2017.0,68.0,0.0,0.0,3,1,0,0,0,0,1,1,0,1,1,1,8,1,1,0,0,1,0,0,0,2,1,0,4,7,5,6,9
2017.0,200.0,0.0,0.0,3,6,3,0,0,0,1,2,1,1,0,0,2,1,1,7,0,1,0,1,0,1,1,0,4,7,5,8,3
2017.0,450.0,0.0,0.0,3,1,3,0,0,0,1,1,1,1,0,0,1,1,1,7,0,1,0,1,0,1,1,0,6,2,5,3,9
2017.0,-15.0,1.0,0.0,2,1,3,0,0,0,1,1,1,1,0,1,5,1,1,8,0,1,0,1,0,0,1,0,4,2,5,3,9
2017.0,-100.0,0.0,0.0,3,6,3,0,0,0,0,2,1,1,0,1,2,1,1,9,0,1,0,1,0,2,2,0,4,7,5,8,3
2017.0,-348.0,0.0,0.0,3,1,3,0,0,0,1,9,1,1,0,1,2,1,1,13,0,1,0,0,0,2,0,0,6,2,5,3,9
2017.0,100.0,0.0,0.0,3,6,3,1,0,0,0,5,1,1,0,1,5,1,1,13,0,1,0,0,0,1,0,0,4,7,5,8,3
2017.0,-50.0,0.0,0.0,3,10,3,0,0,0,0,1,1,1,1,1,1,1,1,14,0,1,0,0,0,1,1,0,6,5,5,6,3
2017.0,-28.0,0.0,0.0,3,6,3,1,0,0,1,1,1,1,0,0,1,1,1,15,0,1,0,0,0,2,1,0,4,5,5,8,3
2017.0,-232.0,1.0,0.0,3,6,3,1,0,0,1,5,1,1,0,1,5,1,1,15,0,1,0,0,0,1,2,0,6,7,5,8,3
2017.0,75.0,0.0,0.0,3,6,3,1,0,0,1,5,1,1,0,0,5,1,1,16,0,1,0,1,0,2,1,0,4,7,5,8,3
2017.0,0.0,0.0,0.0,3,9,3,1,0,0,0,2,1,1,0,0,5,1,1,16,0,1,0,1,0,0,2,0,4,2,5,8,9
2017.0,100.0,0.0,0.0,3,6,3,0,0,0,1,2,1,1,0,0,2,1,1,16,0,1,0,1,0,1,2,0,4,7,5,8,3
2017.0,-40.0,2.0,0.0,2,5,0,0,0,0,0,9,1,1,3,1,9,1,1,18,0,1,0,1,0,1,2,0,4,2,5,7,9
2017.0,-150.0,0.0,0.0,3,4,3,0,0,0,0,9,1,1,0,0,5,1,1,8,1,1,0,1,0,1,1,0,6,2,5,3,9
2017.0,150.0,0.0,0.0,3,10,3,0,0,0,0,9,1,1,0,1,9,1,1,10,1,1,0,0,0,0,0,0,4,9,5,3,2
2017.0,0.0,1.0,0.0,2,4,3,0,0,0,1,5,1,1,0,0,2,1,1,12,1,1,0,0,0,1,1,0,4,2,2,3,9
2017.0,74.0,0.0,0.0,3,10,3,0,0,0,1,1,1,1,0,0,1,1,1,15,1,1,0,0,0,2,1,0,6,9,5,3,2
2017.0,0.0,0.0,0.0,3,4,4,0,0,0,1,9,1,1,0,1,1,1,1,17,1,1,0,1,0,2,2,0,4,2,5,3,9
2017.0,294.0,0.0,0.0,3,6,0,0,0,0,1,9,1,1,0,1,9,1,1,18,1,1,0,1,0,1,0,0,6,7,5,8,3
2017.0,300.0,0.0,0.0,3,6,0,0,0,0,2,1,1,1,0,1,1,1,1,18,1,1,0,1,0,0,1,0,4,7,5,8,8
2017.0,0.0,0.0,0.0,3,4,0,1,0,0,2,5,1,1,0,0,1,1,1,6,2,1,0,0,0,0,2,0,4,2,5,3,9
2017.0,-86.0,0.0,0.0,3,6,3,0,0,0,0,2,1,1,0,1,2,1,1,8,2,1,0,1,0,2,0,0,4,7,5,8,3
2017.0,55.0,2.0,0.0,2,4,3,0,0,0,0,5,1,1,0,1,1,1,1,8,2,1,0,1,0,1,0,0,4,2,5,3,9
2017.0,-300.0,0.0,0.0,3,5,3,0,0,0,1,2,1,1,0,0,2,1,1,9,2,1,0,1,0,1,1,0,6,5,5,3,3
2017.0,0.0,0.0,0.0,3,4,3,0,0,0,1,5,1,1,0,0,9,1,1,10,2,1,0,0,0,0,1,0,4,2,5,9,3
2017.0,0.0,0.0,0.0,3,4,3,0,0,0,0,9,1,1,0,1,5,1,1,10,2,1,0,0,0,0,1,0,4,2,5,9,3
2017.0,-350.0,0.0,0.0,3,1,3,0,0,0,1,5,1,1,0,0,9,1,1,13,2,1,0,0,0,1,1,0,6,2,5,3,9
2017.0,0.0,0.0,0.0,3,4,3,0,0,0,1,2,1,1,0,0,5,1,1,13,2,1,0,0,0,1,1,0,4,4,5,3,9
2017.0,92.0,0.0,0.0,3,6,3,0,0,0,1,9,1,1,0,1,9,1,1,15,2,1,0,0,0,1,0,0,4,7,5,8,3
2017.0,157.0,0.0,0.0,3,6,3,0,0,0,0,1,1,1,0,0,1,1,1,16,2,1,0,1,0,1,1,0,6,7,5,8,8
2017.0,0.0,0.0,0.0,3,4,3,0,0,0,1,9,1,1,0,0,5,1,1,16,2,1,0,1,0,2,2,0,4,2,5,3,9
2017.0,340.0,0.0,0.0,3,10,4,0,0,0,1,5,1,1,0,0,5,1,1,17,2,1,0,1,0,1,1,0,6,9,5,3,6
2017.0,-348.0,2.0,0.0,2,6,3,0,0,0,1,1,1,1,0,1,1,1,1,17,2,1,0,1,0,2,1,0,4,7,5,8,8
2017.0,0.0,0.0,0.0,3,4,4,0,0,0,1,2,1,1,0,0,5,1,1,17,2,1,0,1,0,1,1,0,4,2,5,9,9
2017.0,-0.2,0.0,0.0,3,4,4,0,0,0,0,2,1,1,0,1,1,1,1,17,2,1,0,1,0,2,0,0,6,2,5,3,9
2017.0,0.0,0.0,0.0,3,4,0,0,0,0,1,1,1,1,0,0,9,1,1,18,2,1,0,1,0,1,0,0,4,2,5,3,9
2017.0,-220.0,0.0,0.0,3,6,0,0,0,0,1,1,1,1,0,0,1,1,1,18,2,1,0,1,0,1,2,0,6,7,5,8,8
2017.0,-75.0,0.0,0.0,3,6,0,0,0,0,1,1,1,1,0,0,1,1,1,20,2,1,0,0,0,1,1,0,4,7,5,8,3
2017.0,-104.0,0.0,0.0,3,6,0,0,0,0,0,2,1,1,0,1,2,1,1,22,2,1,0,0,0,2,2,0,4,7,5,3,3
2017.0,63.0,0.0,0.0,3,6,0,0,0,0,0,5,1,1,0,0,5,1,1,22,2,1,0,0,0,2,1,0,4,7,5,8,3
2017.0,0.0,1.0,0.0,3,5,3,0,0,0,0,2,1,1,2,1,5,1,1,8,3,1,0,1,0,1,0,0,4,2,5,3,9
2017.0,220.0,1.0,0.0,2,10,3,0,0,0,1,9,0,1,1,1,9,1,1,8,3,1,0,1,0,2,1,0,6,7,5,6,3
2017.0,123.0,1.0,0.0,2,6,3,0,0,0,1,9,1,1,0,0,9,1,1,15,3,1,0,0,0,1,1,0,4,7,5,8,8
2017.0,-523.0,0.0,0.0,3,4,3,0,0,0,1,2,1,1,0,0,1,1,1,15,3,1,0,0,0,2,1,0,4,2,5,3,9
2017.0,322.0,0.0,0.0,3,10,3,0,0,0,0,5,1,1,0,0,5,1,1,15,3,1,0,0,0,1,1,0,6,9,5,3,2
2017.0,28.0,1.0,0.0,2,5,4,0,0,2,1,1,1,1,0,0,5,1,1,17,3,1,0,1,0,1,1,0,4,2,5,3,3
2017.0,0.0,3.0,0.0,2,4,4,0,0,0,1,2,1,1,0,1,5,1,1,17,3,1,0,1,0,1,1,0,4,2,5,3,9