Year,Distance,Totalinjuries,Totalfatalities,Injuryseverity,Collisionmanner,Lightcondition,Weather,SurfaceCondition,Unittype_One,Gender_Drv1,Traveldirection_One,AlcoholUse_Drv1,DrugUse_Drv1,Unittype_Two,Gender_Drv2,Traveldirection_Two,AlcoholUse_Drv2,DrugUse_Drv2,Hour,Weekday,Month,Weekend,Rush_Hour,Hazardous_Road,Age_Group_Drv1,Age_Group_Drv2,Substance_Use,Junction_Category,Violation_Category_Drv1,Violation_Category_Drv2,Unitaction_Category_Two,Unitaction_Category_One
2017.0,-5.0,1.0,0.0,2,4,0,0,0,0,0,1,1,1,0,1,9,1,1,18,3,1,0,1,0,1,1,0,4,4,5,9,9
2017.0,0.0,2.0,0.0,3,1,0,0,0,0,0,9,1,1,0,0,5,1,1,18,3,1,0,1,0,2,1,0,4,2,5,9,3
2017.0,-340.0,0.0,0.0,3,10,0,0,0,0,1,5,1,1,0,1,5,1,1,20,3,1,0,0,0,2,1,0,6,9,5,3,2
2017.0,100.0,0.0,0.0,3,10,0,0,0,0,1,9,1,1,0,1,9,1,1,23,3,1,0,0,0,1,1,0,4,7,5,3,3
2017.0,-50.0,0.0,0.0,3,10,3,0,0,0,1,1,1,1,0,1,1,1,1,14,4,1,0,0,0,1,1,0,6,9,5,3,3
2017.0,0.0,2.0,0.0,2,4,3,1,0,0,1,1,1,1,0,0,9,1,1,14,4,1,0,0,0,0,2,0,4,2,5,3,9
2017.0,-125.0,0.0,0.0,3,6,3,0,0,0,0,1,1,1,0,1,1,1,1,15,4,1,0,0,0,1,1,0,4,7,5,8,3
2017.0,495.0,0.0,0.0,3,4,3,0,0,0,0,5,1,1,0,0,9,1,1,15,4,1,0,0,0,1,1,0,6,2,5,3,9
2017.0,0.0,4.0,0.0,2,4,3,1,0,0,1,2,1,1,0,0,5,1,1,15,4,1,0,0,0,2,1,0,4,2,5,3,9
2017.0,230.0,0.0,0.0,3,1,3,0,0,0,1,2,1,1,0,1,1,1,1,15,4,1,0,0,0,1,1,0,6,2,5,3,9
2017.0,-268.0,1.0,0.0,3,4,3,1,0,0,1,1,1,1,0,1,9,1,1,15,4,1,0,0,0,2,1,0,0,2,5,3,9
2017.0,670.0,0.0,0.0,3,1,3,0,0,0,0,9,1,1,0,1,2,1,1,15,4,1,0,0,0,1,0,0,0,2,5,3,9
2017.0,255.0,0.0,0.0,3,10,3,0,0,0,2,5,1,1,0,0,5,1,1,15,4,1,0,0,0,0,0,0,6,9,5,3,5
2017.0,-215.0,0.0,0.0,3,10,3,0,0,0,1,1,1,1,0,1,1,1,1,16,4,1,0,1,0,2,0,0,6,9,5,8,2
2017.0,83.0,0.0,0.0,3,8,3,0,0,1,1,6,1,1,0,1,5,1,1,16,4,1,0,1,0,0,1,0,6,7,5,8,4
2017.0,510.0,0.0,0.0,3,10,4,1,0,0,0,5,1,1,0,1,5,1,1,17,4,1,0,1,0,1,2,0,0,5,5,9,9
2017.0,0.0,2.0,0.0,3,4,0,0,0,0,2,1,1,1,0,1,9,1,1,18,4,1,0,1,0,0,1,0,2,9,5,3,9
2017.0,100.0,0.0,0.0,3,6,0,0,0,0,1,9,1,1,0,1,9,1,1,19,4,1,0,1,0,2,1,0,4,7,5,8,3
2017.0,0.0,0.0,0.0,3,1,1,0,0,0,1,2,1,1,0,1,1,1,1,19,4,1,0,1,0,1,1,0,4,2,5,3,3
2017.0,0.0,1.0,0.0,2,4,0,0,0,0,0,1,1,1,0,1,9,1,1,19,4,1,0,1,0,2,1,0,4,2,5,3,9
2017.0,-20.0,0.0,0.0,3,7,0,0,4,0,0,4,1,1,0,1,4,1,1,20,4,1,0,0,1,2,1,0,4,5,8,3,3
2017.0,900.0,0.0,0.0,3,10,0,0,0,0,0,1,1,1,0,1,1,1,1,20,4,1,0,0,0,2,1,0,6,9,5,3,9
2017.0,0.0,2.0,0.0,3,1,0,0,0,0,0,1,1,1,0,1,5,1,1,21,4,1,0,0,0,1,1,0,4,2,5,9,3
2017.0,150.0,0.0,0.0,3,10,0,0,0,0,0,9,1,1,0,0,9,1,1,21,4,1,0,0,0,2,1,0,2,9,5,3,2
2017.0,0.0,0.0,0.0,3,4,0,0,0,0,1,2,1,1,0,0,5,1,1,21,4,1,0,0,0,1,2,0,4,2,5,3,9
2017.0,78.0,0.0,0.0,3,10,3,0,0,0,1,5,1,1,0,1,5,1,1,11,5,1,1,0,0,0,1,0,4,4,5,3,9
2017.0,0.0,0.0,0.0,3,6,3,1,0,0,0,5,1,1,0,0,5,1,1,13,5,1,1,0,0,1,1,0,2,7,5,9,9
2017.0,-45.0,0.0,0.0,3,6,3,1,4,0,1,9,1,1,0,1,9,1,1,14,5,1,1,0,1,1,1,0,4,7,5,8,8
2017.0,0.0,0.0,0.0,3,4,3,0,0,0,0,9,1,1,0,0,1,1,1,14,5,1,1,0,0,2,1,0,4,2,5,3,9
2017.0,-370.0,0.0,0.0,3,6,3,1,4,0,2,2,1,1,0,1,2,1,1,16,5,1,1,1,1,0,2,0,6,5,5,8,5
2017.0,30.0,1.0,0.0,3,6,4,3,4,0,0,9,1,1,0,1,9,1,1,16,5,1,1,1,1,1,1,0,6,8,5,8,8
2017.0,-750.0,0.0,0.0,3,4,3,1,4,0,0,2,1,1,0,1,1,1,1,16,5,1,1,1,1,2,1,0,0,2,5,3,9
2017.0,30.0,0.0,0.0,3,1,4,1,4,0,0,2,1,1,0,0,1,1,1,17,5,1,1,1,1,2,1,0,4,4,5,3,9
2017.0,-660.0,0.0,0.0,3,1,0,0,0,0,1,5,1,1,0,0,9,1,1,20,5,1,1,0,0,2,1,0,6,5,5,3,3
2017.0,-313.0,2.0,0.0,3,1,0,3,4,0,1,2,1,1,0,1,1,0,1,2,6,1,1,0,1,1,1,0,6,2,7,3,6
2017.0,0.0,0.0,0.0,3,4,3,0,0,0,0,5,1,1,0,1,2,1,1,11,6,1,1,0,0,1,1,0,4,4,5,3,9
2017.0,0.0,0.0,0.0,3,1,3,0,0,0,1,1,1,1,0,1,2,1,1,15,0,1,0,0,0,1,1,0,4,2,5,3,3
2017.0,-36.0,0.0,0.0,3,6,3,1,0,0,1,1,1,1,0,1,1,1,1,15,0,1,0,0,0,0,1,0,4,8,5,8,8
2017.0,-50.0,0.0,0.0,3,6,3,0,0,0,1,1,1,1,0,1,1,1,1,15,0,1,0,0,0,2,2,0,4,7,5,8,3
2017.0,0.0,1.0,0.0,3,4,3,0,0,0,0,2,1,1,0,1,5,1,1,16,0,1,0,1,0,2,1,0,4,5,5,3,9
2017.0,300.0,0.0,0.0,3,1,3,0,3,0,1,1,1,1,0,1,1,1,1,16,0,1,0,1,0,1,2,0,6,4,5,3,9
2017.0,-60.0,3.0,0.0,2,3,3,0,0,0,1,7,1,0,0,1,1,1,1,7,1,1,0,1,0,1,2,0,4,2,5,3,9
2017.0,-800.0,0.0,0.0,3,1,3,0,0,0,1,1,1,1,0,1,5,1,1,7,1,1,0,1,0,2,2,0,0,2,5,3,9
2017.0,840.0,1.0,0.0,1,6,3,0,0,0,0,2,1,1,0,1,2,1,1,8,1,1,0,1,0,2,1,0,4,7,5,8,3
2017.0,0.0,1.0,0.0,2,4,3,0,0,0,1,7,1,1,0,1,1,1,1,12,1,1,0,0,0,2,0,0,4,2,5,3,9
2017.0,-36.0,0.0,0.0,3,1,3,0,0,0,1,5,1,1,0,1,9,1,1,12,1,1,0,0,0,2,2,0,4,2,5,3,9
2017.0,-92.0,0.0,0.0,3,10,3,1,0,0,1,2,1,1,0,1,2,1,1,13,1,1,0,0,0,2,1,0,4,9,5,3,2
2017.0,0.0,0.0,0.0,3,10,3,0,0,0,1,9,1,1,0,0,9,1,1,15,1,1,0,0,0,1,1,0,2,9,5,9,9
2017.0,-580.0,1.0,0.0,3,6,3,0,0,0,0,1,1,1,0,0,1,1,1,16,1,1,0,1,0,1,1,0,6,7,5,8,3
2017.0,-30.0,0.0,0.0,3,6,3,0,0,0,1,5,0,1,0,1,2,1,1,16,1,1,0,1,0,1,1,0,4,5,5,8,1
2017.0,0.0,1.0,0.0,3,4,3,1,0,0,0,9,1,1,0,1,1,1,1,16,1,1,0,1,0,1,1,0,4,2,5,3,9
2017.0,0.0,0.0,0.0,3,4,3,0,0,0,2,1,1,1,0,0,5,1,1,16,1,1,0,1,0,0,2,0,4,2,5,9,3
2017.0,-65.0,0.0,0.0,3,10,3,0,0,0,2,2,1,1,0,1,2,1,1,16,1,1,0,1,0,0,0,0,4,9,5,8,9
2017.0,71.0,1.0,0.0,3,6,3,0,0,0,1,9,1,1,0,1,9,1,1,16,1,1,0,1,0,2,1,0,4,7,5,8,3
2017.0,0.0,0.0,0.0,3,4,3,0,0,0,1,2,1,1,0,0,5,1,1,17,1,1,0,1,0,1,1,0,6,2,5,3,9
2017.0,-93.0,0.0,0.0,3,6,3,0,0,0,0,5,1,1,0,0,5,1,1,17,1,1,0,1,0,1,2,0,6,7,5,8,3
2017.0,0.0,0.0,0.0,3,10,4,0,0,0,1,1,1,1,0,0,1,1,1,17,1,1,0,1,0,1,1,0,4,4,5,3,9
2017.0,0.0,0.0,0.0,3,4,0,1,0,0,0,2,1,1,0,1,9,1,1,17,1,1,0,1,0,1,1,0,4,2,5,3,9
2017.0,-200.0,0.0,0.0,3,12,3,4,3,0,1,8,1,1,0,1,8,1,1,18,1,1,0,1,0,2,2,0,6,5,5,5,5
2017.0,8.0,1.0,0.0,2,1,0,0,0,0,1,3,1,1,0,0,2,1,1,19,1,1,0,1,0,0,1,0,4,4,5,9,9
2017.0,-138.0,0.0,0.0,3,6,0,0,0,0,1,1,1,1,0,1,1,1,1,23,1,1,0,0,0,1,2,0,4,2,5,8,3
2017.0,0.0,0.0,0.0,3,4,3,0,0,0,0,5,1,1,0,0,2,1,1,7,2,1,0,1,0,1,1,0,4,2,5,3,9
2017.0,-35.0,1.0,0.0,2,5,3,0,0,2,1,5,1,1,0,1,2,1,1,7,2,1,0,1,0,2,1,0,4,2,5,9,7
2017.0,400.0,1.0,0.0,2,6,3,0,0,0,1,1,1,1,0,0,1,1,1,7,2,1,0,1,0,1,1,0,6,7,5,8,3
2017.0,-146.0,2.0,0.0,3,6,3,0,0,0,0,9,1,1,0,0,9,1,1,8,2,1,0,1,0,1,1,0,6,7,5,8,3
2017.0,10.0,2.0,0.0,2,5,3,0,0,0,1,5,1,1,3,0,2,1,1,8,2,1,0,1,0,1,1,0,4,2,5,7,9
2017.0,0.0,1.0,0.0,3,4,3,0,0,0,1,2,1,1,0,0,5,1,1,9,2,1,0,1,0,2,2,0,4,2,5,3,9
2017.0,521.0,1.0,0.0,1,1,3,0,0,0,0,5,1,1,0,1,9,1,1,9,2,1,0,1,0,0,1,0,0,2,5,3,9
2017.0,200.0,0.0,0.0,3,1,3,0,0,0,0,1,1,1,0,1,1,1,1,11,2,1,0,0,0,1,1,0,6,9,5,3,2
2017.0,-152.0,0.0,0.0,3,6,3,0,0,0,1,2,1,1,0,1,2,1,1,12,2,1,0,0,0,2,1,0,4,5,5,8,3
2017.0,60.0,0.0,0.0,3,10,3,0,0,0,0,9,1,1,0,1,9,1,1,12,2,1,0,0,0,1,1,0,4,9,5,3,2
2017.0,-831.0,0.0,0.0,3,10,3,0,0,0,0,1,1,1,0,1,1,1,1,12,2,1,0,0,0,0,1,0,6,9,5,3,2
2017.0,50.0,1.0,0.0,2,5,3,0,0,2,1,5,1,1,0,0,9,1,1,12,2,1,0,0,0,2,2,0,4,2,5,9,7
2017.0,0.0,1.0,0.0,3,1,3,0,0,0,1,9,1,1,0,1,5,1,1,13,2,1,0,0,0,1,0,0,4,2,5,3,3
2017.0,0.0,0.0,0.0,3,10,3,0,0,0,1,9,1,1,0,1,9,1,1,15,2,1,0,0,0,0,1,0,2,9,5,3,2
2017.0,100.0,0.0,0.0,3,1,3,0,0,0,2,9,1,1,0,1,2,1,1,15,2,1,0,0,0,0,1,0,0,2,5,3,9
2017.0,-57.0,1.0,0.0,3,4,3,0,0,0,0,2,1,1,0,0,2,1,1,16,2,1,0,1,0,2,0,0,4,7,5,8,8
2017.0,83.0,0.0,0.0,3,6,3,0,0,0,1,5,1,1,0,1,5,1,1,16,2,1,0,1,0,2,2,0,4,7,5,8,3
2017.0,0.0,0.0,0.0,3,6,3,0,0,0,0,2,1,1,0,1,2,1,1,16,2,1,0,1,0,2,1,0,4,7,5,8,3
2017.0,117.0,0.0,0.0,3,10,3,0,0,0,1,5,1,1,0,1,5,1,1,17,2,1,0,1,0,1,1,0,4,9,5,3,2
2017.0,338.0,0.0,0.0,3,6,3,0,0,0,1,1,1,1,0,0,1,1,1,17,2,1,0,1,0,2,2,0,6,7,5,8,3
2017.0,-20.0,0.0,0.0,3,1,4,1,0,0,1,9,1,1,0,1,2,1,1,17,2,1,0,1,0,2,1,0,0,2,5,8,9
2017.0,0.0,0.0,0.0,3,4,0,0,0,0,0,2,1,1,0,0,1,1,1,17,2,1,0,1,0,1,2,0,4,5,5,3,9
2017.0,-422.0,1.0,0.0,2,1,0,0,0,0,1,1,1,1,0,1,5,1,1,18,2,1,0,1,0,1,2,0,0,2,5,0,9
2017.0,8.0,1.0,0.0,2,5,0,0,0,2,1,9,1,1,0,1,9,1,1,20,2,1,0,0,0,1,2,0,4,2,5,3,9
2017.0,471.0,3.0,0.0,2,6,0,0,0,0,0,1,1,1,0,1,1,1,1,21,2,1,0,0,0,0,1,0,0,7,5,8,3
2017.0,-55.0,0.0,0.0,3,10,0,0,0,0,2,9,1,1,1,1,9,1,1,0,3,1,0,0,0,0,0,0,6,5,5,5,3
2017.0,-90.0,1.0,0.0,2,6,0,0,0,0,1,1,1,1,0,0,1,1,1,6,3,1,0,0,0,2,1,0,4,7,5,8,3
2017.0,0.0,1.0,0.0,3,1,0,1,0,0,0,9,1,1,0,1,5,1,1,6,3,1,0,0,0,1,1,0,2,2,5,3,3
2017.0,-1180.0,0.0,0.0,3,1,0,1,0,0,1,9,1,1,0,0,1,1,1,6,3,1,0,0,0,2,1,0,0,2,5,3,9
2017.0,-645.0,0.0,0.0,3,10,3,0,0,0,0,9,1,1,0,1,9,1,1,7,3,1,0,1,0,1,1,0,0,4,5,9,2
2017.0,-582.0,0.0,0.0,3,1,3,1,0,0,0,9,1,1,0,0,2,1,1,7,3,1,0,1,0,1,0,0,4,2,5,3,9
2017.0,0.0,1.0,0.0,2,6,3,1,0,0,0,9,1,1,0,1,9,1,1,7,3,1,0,1,0,2,1,0,2,5,5,3,3
2017.0,0.0,2.0,0.0,2,1,3,1,0,0,1,1,1,1,0,0,5,1,1,9,3,1,0,1,0,1,1,0,4,2,5,3,9
2017.0,-405.0,0.0,0.0,3,6,3,1,0,0,0,5,1,1,0,0,7,1,1,10,3,1,0,0,0,0,1,0,0,7,5,8,3
2017.0,115.0,0.0,0.0,3,6,3,1,0,0,1,5,1,1,0,0,5,1,1,10,3,1,0,0,0,2,2,0,4,7,5,8,3
2017.0,0.0,0.0,0.0,3,1,3,1,0,0,1,2,1,1,0,1,9,1,1,12,3,1,0,0,0,1,2,0,4,2,5,3,3
2017.0,-85.0,0.0,0.0,3,6,3,0,0,0,1,2,1,1,0,0,2,1,1,13,3,1,0,0,0,2,1,0,4,7,5,3,3
2017.0,436.0,1.0,0.0,3,4,3,0,0,0,0,9,1,1,0,1,2,1,1,14,3,1,0,0,0,1,1,0,6,2,5,3,9
2017.0,-200.0,1.0,0.0,3,6,3,1,0,0,1,9,1,1,0,0,9,1,1,15,3,1,0,0,0,1,1,0,4,7,5,3,9
2017.0,-126.0,1.0,0.0,3,10,3,1,0,0,1,9,1,1,0,0,9,1,1,17,3,1,0,1,0,1,2,0,6,9,5,3,2
2017.0,0.0,3.0,0.0,2,1,3,1,0,0,1,6,1,1,0,0,7,1,1,17,3,1,0,1,0,2,2,0,4,2,5,3,9
2017.0,-100.0,0.0,0.0,3,6,4,1,0,0,0,9,1,1,0,1,9,1,1,17,3,1,0,1,0,1,1,0,6,7,5,8,3
2017.0,350.0,0.0,0.0,3,10,0,3,4,0,0,2,1,1,0,0,2,1,1,19,3,1,0,1,1,2,2,0,6,2,5,3,6
2017.0,312.0,0.0,0.0,3,4,0,3,4,0,1,1,1,1,0,0,9,1,1,23,3,1,0,0,1,1,2,0,6,5,5,3,9
2017.0,-65.0,0.0,0.0,3,6,1,3,3,0,2,1,1,1,0,1,1,1,1,6,4,1,0,0,0,0,2,0,4,7,5,8,3
2017.0,216.0,0.0,0.0,3,6,2,3,4,0,1,1,1,1,0,1,1,1,1,7,4,1,0,1,1,2,1,0,6,7,5,8,3
2017.0,990.0,2.0,0.0,2,1,3,1,4,0,0,5,1,1,0,1,9,1,1,7,4,1,0,1,1,1,1,0,0,2,5,3,9
2017.0,38.0,0.0,0.0,3,6,3,1,4,0,1,9,1,1,0,0,9,1,1,7,4,1,0,1,1,1,1,0,4,7,5,8,3
2017.0,-500.0,0.0,0.0,3,4,3,1,4,0,0,9,1,1,0,1,2,1,1,7,4,1,0,1,1,1,1,0,4,4,5,3,9
2017.0,-242.0,0.0,0.0,3,1,3,1,4,0,0,4,1,1,0,1,2,1,1,8,4,1,0,1,1,1,1,0,0,7,5,8,9
2017.0,93.0,1.0,0.0,3,6,3,0,0,0,1,9,1,1,0,0,9,1,1,9,4,1,0,1,0,2,0,0,4,7,5,8,3
2017.0,0.0,2.0,0.0,2,1,3,3,4,0,0,5,1,1,0,1,9,1,1,9,4,1,0,1,1,1,0,0,4,2,5,3,9
2017.0,59.0,0.0,0.0,3,10,3,1,0,0,1,9,1,1,0,1,9,1,1,10,4,1,0,0,0,1,1,0,0,9,9,2,2
2017.0,87.0,1.0,0.0,1,6,3,1,4,0,1,9,1,1,0,0,9,1,1,11,4,1,0,0,1,1,1,0,4,7,5,8,3
2017.0,0.0,0.0,0.0,3,4,3,0,0,0,0,9,1,1,0,0,1,1,1,11,4,1,0,0,0,1,1,0,2,2,5,3,9
2017.0,0.0,2.0,0.0,2,1,3,1,0,0,0,9,1,1,0,1,2,1,1,11,4,1,0,0,0,0,2,0,4,2,5,8,3
2017.0,-58.0,2.0,0.0,3,6,3,1,0,0,1,1,1,1,0,0,1,1,1,12,4,1,0,0,0,1,1,0,4,7,5,8,8
2017.0,-143.0,1.0,0.0,3,1,3,1,4,0,1,2,1,1,0,0,1,1,1,12,4,1,0,0,1,1,1,0,0,2,5,3,9
2017.0,104.0,0.0,0.0,3,6,3,1,4,0,2,5,1,1,0,1,5,1,1,13,4,1,0,0,1,0,1,0,4,7,5,8,3
2017.0,-62.0,0.0,0.0,3,6,3,3,4,0,1,2,1,1,0,0,2,1,1,14,4,1,0,0,1,1,1,0,4,7,5,8,3
2017.0,-116.0,0.0,0.0,3,6,3,3,4,0,1,1,1,1,0,1,1,1,1,14,4,1,0,0,1,2,1,0,6,7,5,5,3
2017.0,-200.0,2.0,0.0,3,6,3,3,4,0,1,1,1,1,0,0,1,1,1,14,4,1,0,0,1,1,1,0,6,7,5,8,8
2017.0,-20.0,1.0,0.0,1,4,3,1,0,0,1,1,1,1,0,1,9,1,1,15,4,1,0,0,0,1,0,0,4,2,5,3,9
2017.0,260.0,1.0,0.0,3,10,3,3,4,0,1,5,1,1,0,0,5,1,1,15,4,1,0,0,1,1,1,0,6,9,5,3,2
2017.0,-99.0,0.0,0.0,3,6,3,3,4,0,1,2,1,1,0,1,2,1,1,15,4,1,0,0,1,2,1,0,6,7,5,8,3
2017.0,0.0,2.0,0.0,3,4,0,1,4,0,1,2,1,1,0,0,5,1,1,16,4,1,0,1,1,0,2,0,4,2,5,3,9
2017.0,-351.0,1.0,0.0,3,6,3,3,4,0,0,5,1,1,0,0,5,1,1,16,4,1,0,1,1,2,1,0,6,7,5,8,3
2017.0,210.0,0.0,0.0,3,6,3,3,4,0,1,5,1,1,0,0,5,1,1,17,4,1,0,1,1,2,1,0,6,7,5,8,8
2017.0,72.0,0.0,0.0,3,6,0,3,4,0,1,1,1,1,0,1,1,1,1,17,4,1,0,1,1,2,1,0,6,7,5,8,8
2017.0,-334.0,0.0,0.0,3,6,0,3,4,0,2,9,1,1,0,0,9,1,1,17,4,1,0,1,1,0,1,0,6,7,5,8,8
2017.0,0.0,0.0,0.0,3,1,0,3,4,0,0,9,1,1,0,0,2,1,1,18,4,1,0,1,1,2,0,0,4,2,5,3,9
2017.0,0.0,0.0,0.0,3,9,0,3,4,0,2,5,1,1,0,1,2,1,1,18,4,1,0,1,1,0,0,0,4,4,5,8,3
2017.0,0.0,0.0,0.0,3,1,0,3,4,0,1,1,1,1,0,1,1,1,1,19,4,1,0,1,1,2,1,0,4,4,5,3,9
2017.0,0.0,2.0,0.0,3,4,0,3,4,0,1,3,1,1,0,0,9,1,1,19,4,1,0,1,1,1,1,0,2,5,5,3,9
2017.0,75.0,0.0,0.0,3,6,0,3,4,0,0,5,1,1,0,0,5,1,1,20,4,1,0,0,1,1,1,0,4,7,5,8,3
2017.0,-107.0,0.0,0.0,3,10,0,3,4,0,1,2,1,1,0,0,2,1,1,21,4,1,0,0,1,2,2,0,4,9,5,3,2
2017.0,300.0,0.0,0.0,3,6,0,3,4,0,1,2,1,1,0,0,2,1,1,21,4,1,0,0,1,2,2,0,6,7,5,3,8
2017.0,0.0,0.0,0.0,3,4,0,3,4,0,1,1,0,1,0,1,9,1,1,22,4,1,0,0,1,1,2,0,4,2,5,3,9
2017.0,50.0,0.0,0.0,3,3,3,0,0,0,1,5,0,1,1,1,8,1,1,9,5,1,1,1,0,1,1,0,6,7,5,8,9
2017.0,-156.0,0.0,0.0,3,6,3,0,0,0,1,2,0,1,0,0,2,1,1,10,5,1,1,0,0,1,1,0,2,7,5,8,3
2017.0,0.0,0.0,0.0,3,4,3,1,0,0,0,1,1,1,0,1,9,1,1,11,5,1,1,0,0,0,0,0,4,2,5,3,9
2017.0,100.0,1.0,0.0,2,6,3,0,0,0,1,1,1,1,0,1,1,1,1,14,5,1,1,0,0,1,1,0,6,8,5,8,3
2017.0,0.0,0.0,0.0,3,4,3,1,0,0,0,2,1,1,0,1,9,1,1,15,5,1,1,0,0,0,1,0,4,2,5,3,9
2017.0,0.0,0.0,0.0,3,4,3,0,0,0,1,3,1,1,0,0,2,1,1,15,5,1,1,0,0,1,2,0,4,2,5,3,9
2017.0,-105.0,0.0,0.0,3,6,3,0,0,0,2,2,1,1,0,0,2,1,1,16,5,1,1,1,0,0,1,0,4,8,5,8,3
2017.0,0.0,0.0,0.0,3,1,3,0,0,0,0,5,1,1,0,1,1,1,1,16,5,1,1,1,0,2,1,0,4,5,5,3,3
2017.0,0.0,0.0,0.0,3,4,4,1,0,0,2,5,1,1,0,1,9,1,1,17,5,1,1,1,0,0,1,0,4,2,5,3,9
2017.0,-565.0,0.0,0.0,3,6,0,0,0,0,1,5,1,1,0,0,5,1,1,18,5,1,1,1,0,2,2,0,6,7,5,8,8
2017.0,-199.0,0.0,0.0,3,6,0,0,0,0,0,5,1,1,0,1,5,1,1,18,5,1,1,1,0,2,2,0,6,8,5,3,3
2017.0,87.0,2.0,0.0,3,1,0,0,0,0,1,1,1,1,0,1,1,1,1,0,6,1,1,0,0,1,2,0,6,9,5,3,9
2017.0,0.0,0.0,0.0,3,12,0,0,0,0,1,5,0,1,0,1,2,1,1,0,6,1,1,0,0,1,1,0,4,4,5,3,9
2017.0,-20.0,0.0,0.0,3,6,0,0,0,0,2,2,1,1,0,1,2,1,1,1,6,1,1,0,0,0,0,0,4,7,5,3,3
2017.0,-105.0,0.0,0.0,3,6,3,0,0,0,2,1,1,1,0,0,1,1,1,13,6,1,1,0,0,0,2,0,4,7,5,8,3
2017.0,0.0,1.0,0.0,1,1,3,0,0,0,0,2,1,1,0,0,9,1,1,14,6,1,1,0,0,2,2,0,4,2,5,9,3
2017.0,0.1,0.0,0.0,3,8,3,0,0,0,0,1,1,1,0,1,1,1,1,14,6,1,1,0,0,0,1,0,0,2,5,3,9
2017.0,-20.0,0.0,0.0,3,6,4,0,0,0,1,1,1,1,0,1,1,1,1,17,6,1,1,1,0,1,1,0,4,7,5,8,3
2017.0,0.0,1.0,0.0,2,4,3,1,0,0,1,1,1,1,0,1,9,1,1,10,0,1,0,0,0,1,1,0,4,2,5,3,9
2017.0,-41.0,1.0,0.0,3,5,3,1,0,2,0,9,1,1,0,1,2,1,1,14,0,1,0,0,0,2,1,0,4,2,5,3,3
2017.0,100.0,0.0,0.0,3,6,3,0,0,0,1,9,1,1,0,1,9,1,1,14,0,1,0,0,0,1,1,0,6,7,5,8,8
2017.0,-243.0,1.0,0.0,3,6,3,0,0,0,1,1,1,1,0,1,1,1,1,15,0,1,0,0,0,1,1,0,6,7,5,8,3
2017.0,320.0,0.0,0.0,3,10,3,1,0,0,1,1,1,1,0,1,1,1,1,15,0,1,0,0,0,2,1,0,6,9,5,3,2
2017.0,542.0,1.0,0.0,3,6,3,0,0,0,0,5,1,1,0,0,5,1,1,16,0,1,0,1,0,0,2,0,6,7,5,8,3
2017.0,445.0,0.0,0.0,3,6,4,1,0,0,0,5,1,1,0,1,5,1,1,17,0,1,0,1,0,1,1,0,6,7,5,8,3
2017.0,250.0,0.0,0.0,3,4,3,0,0,0,1,6,1,1,0,1,9,1,1,18,0,1,0,1,0,1,1,0,0,2,5,3,9
2017.0,0.0,2.0,0.0,2,4,0,0,0,0,1,2,1,1,0,0,5,1,1,21,0,1,0,0,0,1,1,0,3,2,5,9,3
2017.0,0.0,0.0,0.0,3,1,2,0,0,0,0,4,1,1,0,1,1,1,1,6,1,1,0,0,0,1,1,0,4,4,5,8,9
2017.0,-270.0,2.0,0.0,3,6,2,1,0,0,0,2,1,1,0,0,2,1,1,7,1,1,0,1,0,0,1,0,4,7,5,8,3
2017.0,0.0,0.0,0.0,3,6,3,0,0,0,0,5,1,1,0,0,5,1,1,7,1,1,0,1,0,2,1,0,4,7,5,8,3
2017.0,-30.0,0.0,0.0,3,6,3,0,0,0,0,1,1,1,0,0,1,1,1,7,1,1,0,1,0,1,1,0,4,8,5,8,3
2017.0,0.0,0.0,0.0,3,4,3,0,0,0,1,5,1,1,0,1,2,1,1,8,1,1,0,1,0,0,0,0,4,2,5,3,9
2017.0,-540.0,1.0,0.0,3,6,3,0,0,0,0,2,1,1,0,0,2,1,1,8,1,1,0,1,0,2,0,0,6,7,5,8,3
2017.0,0.0,2.0,0.0,3,4,3,0,0,0,0,9,1,1,0,1,1,1,1,10,1,1,0,0,0,2,1,0,4,2,5,3,9
2017.0,395.0,0.0,0.0,3,10,3,0,0,0,1,9,1,1,0,1,9,1,1,11,1,1,0,0,0,1,1,0,6,9,5,9,9
2017.0,-128.0,1.0,0.0,3,5,3,0,0,0,1,5,1,1,2,1,9,1,1,12,1,1,0,0,0,0,2,0,0,2,5,0,9
2017.0,275.0,1.0,0.0,3,5,3,0,0,0,1,5,1,1,2,1,9,1,1,12,1,1,0,0,0,0,2,0,6,2,5,3,9
2017.0,-130.0,0.0,0.0,3,3,3,0,0,0,0,5,1,1,0,0,2,1,1,14,1,1,0,0,0,1,1,0,6,9,5,8,3
2017.0,-455.0,0.0,0.0,3,4,3,0,0,0,0,5,1,1,0,0,2,1,1,15,1,1,0,0,0,0,1,0,6,2,5,3,9
2017.0,-632.0,2.0,0.0,2,4,3,0,0,0,0,9,1,1,0,0,1,1,1,15,1,1,0,0,0,0,1,0,6,2,5,3,9
2017.0,140.0,0.0,0.0,3,4,3,0,0,0,1,5,1,1,0,1,9,1,1,15,1,1,0,0,0,2,1,0,6,2,5,3,9
2017.0,-1050.0,0.0,0.0,3,4,3,0,0,0,1,5,1,1,0,1,9,1,1,15,1,1,0,0,0,2,2,0,6,2,5,9,9
2017.0,0.0,0.0,0.0,3,1,3,0,0,0,0,1,1,1,0,1,5,1,1,16,1,1,0,1,0,1,1,0,4,4,5,3,9
2017.0,135.0,0.0,0.0,3,1,3,0,0,0,0,9,1,1,0,0,9,1,1,16,1,1,0,1,0,1,1,0,4,9,5,3,2