Year,Distance,Totalinjuries,Totalfatalities,Injuryseverity,Collisionmanner,Lightcondition,Weather,SurfaceCondition,Unittype_One,Gender_Drv1,Traveldirection_One,AlcoholUse_Drv1,DrugUse_Drv1,Unittype_Two,Gender_Drv2,Traveldirection_Two,AlcoholUse_Drv2,DrugUse_Drv2,Hour,Weekday,Month,Weekend,Rush_Hour,Hazardous_Road,Age_Group_Drv1,Age_Group_Drv2,Substance_Use,Junction_Category,Violation_Category_Drv1,Violation_Category_Drv2,Unitaction_Category_Two,Unitaction_Category_One
2017.0,93.0,0.0,0.0,3,10,3,0,0,0,0,5,1,1,0,1,5,1,1,18,1,1,0,1,0,2,2,0,4,9,5,3,2
2017.0,0.0,0.0,0.0,3,4,0,0,0,0,1,4,1,1,0,0,2,1,1,18,1,1,0,1,0,1,2,0,4,2,5,9,9
2017.0,-30.0,0.0,0.0,3,6,0,0,0,0,1,1,1,1,0,1,1,1,1,19,1,1,0,1,0,1,2,0,6,7,5,8,8
2017.0,448.0,2.0,0.0,1,9,0,0,0,0,1,5,1,1,0,0,2,1,1,21,1,1,0,0,0,1,1,0,6,9,5,3,5
2017.0,-150.0,0.0,0.0,3,10,0,0,0,0,1,9,1,1,0,1,9,1,1,6,2,1,0,0,0,1,1,0,6,9,5,3,2
2017.0,-544.0,1.0,0.0,3,6,3,0,0,0,1,9,1,1,0,0,9,1,1,7,2,1,0,1,0,1,1,0,6,5,5,3,3
2017.0,420.0,1.0,0.0,3,5,2,0,0,0,1,1,1,1,2,0,5,1,1,7,2,1,0,1,0,1,2,0,0,2,5,3,3
2017.0,257.0,0.0,0.0,3,5,3,0,0,0,2,2,1,1,0,1,5,1,1,7,2,1,0,1,0,0,1,0,6,7,5,3,3
2017.0,78.0,0.0,0.0,3,6,3,0,0,0,1,9,1,1,0,1,9,1,1,12,2,1,0,0,0,1,2,0,4,7,5,8,3
2017.0,-653.0,0.0,0.0,3,4,3,0,0,0,0,2,1,1,0,1,1,1,1,13,2,1,0,0,0,0,1,0,4,2,5,3,9
2017.0,-350.0,0.0,0.0,3,6,3,0,0,0,1,1,1,1,0,0,1,1,1,13,2,1,0,0,0,2,1,0,0,7,5,8,3
2017.0,100.0,0.0,0.0,3,10,3,0,0,0,0,2,1,1,0,0,2,1,1,13,2,1,0,0,0,0,2,0,4,9,5,3,2
2017.0,186.0,2.0,0.0,1,3,3,0,0,0,1,1,1,1,0,1,9,1,1,13,2,1,0,0,0,1,2,0,6,9,5,3,3
2017.0,-170.0,0.0,0.0,3,4,3,0,0,0,1,3,1,1,0,0,1,1,1,16,2,1,0,1,0,0,1,0,6,2,5,3,9
2017.0,-150.0,0.0,0.0,3,4,3,0,0,0,0,2,1,1,0,1,5,1,1,16,2,1,0,1,0,1,1,0,6,2,5,3,9
2017.0,0.0,2.0,0.0,3,4,0,0,0,0,1,2,1,1,0,0,5,1,1,18,2,1,0,1,0,1,1,0,4,2,5,3,9
2017.0,500.0,0.0,0.0,3,6,0,0,0,0,0,5,1,1,0,1,5,1,1,18,2,1,0,1,0,1,1,0,6,5,5,8,3
2017.0,-25.0,0.0,0.0,3,6,0,0,0,0,0,2,1,1,0,1,2,1,1,18,2,1,0,1,0,2,2,0,4,7,5,3,3
2017.0,0.0,2.0,0.0,2,4,0,0,0,0,0,2,1,1,0,1,5,1,1,22,2,1,0,0,0,2,1,0,4,2,5,9,3
2017.0,81.0,1.0,0.0,3,6,0,0,0,0,1,5,0,1,0,1,5,1,1,1,3,1,0,0,0,1,1,0,4,7,5,8,8
2017.0,0.0,1.0,0.0,3,4,0,0,0,0,0,9,1,1,0,1,5,1,1,5,3,1,0,0,0,1,2,0,4,2,5,9,3
2017.0,-390.0,0.0,0.0,3,4,3,0,0,0,1,9,1,1,0,0,2,1,1,6,3,1,0,0,0,2,1,0,0,2,5,8,9
2017.0,0.0,0.0,0.0,3,4,2,0,0,0,0,9,1,1,0,0,1,1,1,7,3,1,0,1,0,1,1,0,4,5,5,3,9
2017.0,645.0,0.0,0.0,3,4,3,0,0,0,0,5,1,1,0,0,9,1,1,7,3,1,0,1,0,2,0,0,6,2,5,3,9
2017.0,0.0,0.0,0.0,3,6,3,0,0,0,0,1,1,1,0,0,1,1,1,7,3,1,0,1,0,1,1,0,4,7,5,9,9
2017.0,0.0,0.0,0.0,3,1,3,0,0,0,0,9,1,1,0,0,5,1,1,8,3,1,0,1,0,0,1,0,4,2,5,3,3
2017.0,-27.0,0.0,0.0,3,1,3,0,0,0,1,1,1,1,0,1,1,1,1,8,3,1,0,1,0,2,1,0,4,5,5,9,9
2017.0,0.0,0.0,0.0,3,1,3,0,0,0,1,1,1,1,0,0,2,1,1,8,3,1,0,1,0,1,1,0,4,2,5,9,9
2017.0,73.0,0.0,0.0,3,10,3,0,0,0,1,9,1,1,0,0,2,1,1,9,3,1,0,1,0,1,1,0,4,2,5,3,9
2017.0,0.0,2.0,0.0,2,1,3,0,0,0,0,9,1,1,0,1,5,1,1,12,3,1,0,0,0,0,1,0,4,2,5,3,3
2017.0,-634.0,0.0,0.0,3,1,3,0,0,0,0,5,1,1,0,1,9,1,1,14,3,1,0,0,0,1,2,0,0,2,5,3,9
2017.0,-203.0,0.0,0.0,3,10,3,0,0,0,0,2,1,1,0,0,2,1,1,14,3,1,0,0,0,2,2,0,4,9,5,3,2
2017.0,-326.0,0.0,0.0,3,6,3,0,3,0,2,8,1,1,0,1,1,1,1,16,3,1,0,1,0,0,1,0,0,5,5,8,5
2017.0,15.0,0.0,0.0,3,10,3,0,0,0,2,9,1,1,0,0,9,1,1,16,3,1,0,1,0,0,1,0,4,9,5,9,9
2017.0,166.0,0.0,0.0,3,6,3,0,0,0,1,5,1,1,0,1,5,1,1,16,3,1,0,1,0,2,2,0,6,7,5,8,3
2017.0,287.0,2.0,0.0,3,6,3,0,0,0,1,1,1,1,0,1,1,1,1,17,3,1,0,1,0,2,1,0,6,7,5,8,8
2017.0,0.0,0.0,0.0,3,1,0,0,0,0,0,2,1,1,0,1,1,1,1,18,3,1,0,1,0,1,1,0,4,5,5,5,5
2017.0,0.0,0.0,0.0,3,10,0,0,0,0,0,2,1,1,0,0,2,1,1,19,3,1,0,1,0,0,2,0,4,4,5,9,9
2017.0,-61.0,0.0,0.0,3,6,0,0,0,0,1,2,1,1,0,1,2,1,1,21,3,1,0,0,0,2,2,0,4,8,5,8,3
2017.0,-10.0,1.0,0.0,2,5,0,0,0,0,2,2,1,1,2,1,9,1,1,22,3,1,0,0,0,0,1,0,4,7,5,3,8
2017.0,-120.0,0.0,0.0,3,6,0,1,0,0,1,9,1,1,0,0,1,1,1,2,4,1,0,0,0,2,1,0,4,5,5,8,1
2017.0,0.0,0.0,0.0,3,5,0,0,0,0,1,6,1,1,0,1,6,1,1,4,4,1,0,0,0,2,1,0,6,7,5,9,9
2017.0,125.0,0.0,0.0,3,6,3,0,0,0,1,9,1,1,0,1,9,1,1,8,4,1,0,1,0,1,1,0,4,4,5,3,2
2017.0,-104.0,0.0,0.0,3,6,3,0,0,0,1,2,1,1,0,0,2,1,1,8,4,1,0,1,0,1,1,0,4,7,5,8,3
2017.0,270.0,0.0,0.0,3,1,3,0,0,0,0,9,1,1,0,1,5,1,1,9,4,1,0,1,0,1,1,0,0,2,5,3,9
2017.0,77.0,0.0,0.0,3,6,3,0,0,0,1,9,1,1,0,0,9,1,1,9,4,1,0,1,0,1,1,0,4,7,5,8,3
2017.0,0.0,0.0,0.0,3,4,3,0,0,0,1,9,1,1,0,0,1,1,1,14,4,1,0,0,0,2,2,0,4,2,5,3,9
2017.0,20.0,0.0,0.0,3,4,3,0,0,0,0,1,1,1,0,0,5,1,1,14,4,1,0,0,0,0,1,0,0,2,5,3,9
2017.0,-117.0,0.0,0.0,3,10,3,0,0,0,1,5,1,1,0,1,5,1,1,14,4,1,0,0,0,1,2,0,6,7,9,2,3
2017.0,440.0,0.0,0.0,3,6,3,0,0,0,0,5,1,1,0,1,5,1,1,15,4,1,0,0,0,0,1,0,6,7,5,3,3
2017.0,0.0,0.0,0.0,3,4,3,0,0,0,1,1,1,1,0,1,2,1,1,16,4,1,0,1,0,1,1,0,4,2,5,9,3
2017.0,0.0,0.0,0.0,3,1,3,0,0,0,1,2,1,1,0,0,9,1,1,16,4,1,0,1,0,0,2,0,4,7,5,3,9
2017.0,-50.0,0.0,0.0,3,6,4,0,0,0,1,9,1,1,1,1,8,1,1,18,4,1,0,1,0,1,1,0,6,5,5,6,1
2017.0,0.0,3.0,0.0,2,4,0,0,0,0,1,1,0,1,0,1,9,1,1,18,4,1,0,1,0,2,1,0,4,2,5,3,9
2017.0,71.0,1.0,0.0,3,6,0,0,0,0,1,9,1,1,0,1,9,1,1,18,4,1,0,1,0,1,1,0,4,7,5,8,3
2017.0,90.0,0.0,0.0,3,6,0,0,0,0,0,1,1,1,0,1,1,1,1,20,4,1,0,0,0,1,1,0,4,8,5,8,3
2017.0,0.0,0.0,0.0,3,1,0,0,0,0,0,9,1,1,0,1,5,1,1,20,4,1,0,0,0,2,1,0,4,2,5,3,3
2017.0,-100.0,0.0,0.0,3,10,0,0,3,0,2,2,1,1,1,1,2,1,1,0,5,1,1,0,0,0,1,0,6,5,5,6,5
2017.0,0.0,1.0,0.0,2,4,0,0,0,0,0,9,1,1,0,0,1,1,1,0,5,1,1,0,0,1,1,0,2,2,5,3,9
2017.0,-10.0,0.0,0.0,3,10,4,0,0,0,0,5,1,1,0,1,2,1,1,12,5,1,1,0,0,2,1,0,4,7,5,9,9
2017.0,0.0,1.0,0.0,1,1,3,0,0,0,1,1,1,1,0,1,2,1,1,12,5,1,1,0,0,2,1,0,4,7,5,9,3
2017.0,0.0,0.0,0.0,3,6,3,0,0,0,1,9,1,1,0,0,2,1,1,15,5,1,1,0,0,1,1,0,4,2,5,8,9
2017.0,650.0,0.0,0.0,3,6,0,0,0,0,1,2,1,1,0,0,2,1,1,18,5,1,1,1,0,1,1,0,6,7,5,8,3
2017.0,0.0,0.0,0.0,3,5,0,0,0,0,0,2,0,1,2,1,1,1,1,23,5,1,1,0,0,2,2,0,4,2,5,3,3
2017.0,-65.0,0.0,0.0,3,8,0,0,0,0,1,5,1,1,0,1,9,1,1,2,6,1,1,0,0,2,1,0,6,5,5,8,1
2017.0,0.0,0.0,0.0,3,4,3,0,0,0,1,9,1,1,0,1,1,1,1,10,6,1,1,0,0,1,1,0,4,2,2,9,3
2017.0,-250.0,2.0,0.0,3,10,3,0,0,0,0,9,1,1,0,1,9,1,1,11,6,1,1,0,0,2,2,0,6,2,5,3,6
2017.0,0.0,1.0,0.0,3,4,0,0,0,0,0,7,1,1,0,1,2,1,1,18,6,1,1,1,0,2,2,0,4,2,5,3,9
2017.0,110.0,0.0,0.0,3,6,0,0,0,0,1,9,1,1,0,1,9,1,1,19,6,1,1,1,0,2,1,0,4,7,5,3,3
2017.0,0.0,0.0,0.0,3,6,0,0,0,0,0,2,1,1,0,1,1,1,1,20,6,1,1,0,0,1,1,0,4,7,5,3,3
2017.0,200.0,1.0,0.0,3,6,3,0,0,0,1,5,1,1,0,0,5,1,1,7,0,1,0,1,0,2,1,0,4,7,5,8,3
2017.0,535.0,0.0,0.0,3,10,3,0,0,0,1,1,1,1,0,1,1,1,1,10,0,1,0,0,0,2,0,0,6,9,5,3,9
2017.0,-500.0,0.0,0.0,3,10,3,0,0,0,1,1,1,1,0,1,1,1,1,10,0,1,0,0,0,1,1,0,6,9,5,9,2
2017.0,410.0,0.0,0.0,3,6,3,0,0,0,1,5,1,1,0,0,5,1,1,11,0,1,0,0,0,2,2,0,6,7,5,8,2
2017.0,12.0,1.0,0.0,3,5,3,0,0,0,1,9,1,1,3,0,5,1,1,11,0,1,0,0,0,2,2,0,4,2,5,7,9
2017.0,-90.0,0.0,0.0,3,6,3,0,0,0,1,5,1,1,0,1,5,1,1,12,0,1,0,0,0,2,2,0,6,7,5,8,3
2017.0,0.0,2.0,0.0,3,1,3,0,0,0,1,1,1,1,0,0,2,1,1,13,0,1,0,0,0,2,1,0,4,2,5,9,3
2017.0,0.0,1.0,0.0,2,4,3,0,0,0,1,2,1,1,0,1,5,1,1,14,0,1,0,0,0,1,2,0,4,2,5,3,9
2017.0,-140.0,0.0,0.0,3,6,3,0,0,0,1,1,1,1,0,1,1,1,1,14,0,1,0,0,0,0,0,0,4,7,5,8,3
2017.0,50.0,1.0,0.0,2,6,3,0,0,0,1,5,1,1,0,0,5,1,1,14,0,1,0,0,0,1,1,0,4,7,9,8,3
2017.0,0.0,0.0,0.0,3,4,3,0,0,0,0,1,1,1,0,1,5,1,1,15,0,1,0,0,0,1,2,0,4,2,5,3,9
2017.0,30.0,0.0,0.0,3,6,3,0,0,0,1,5,1,1,0,0,5,1,1,15,0,1,0,0,0,0,1,0,6,7,5,8,8
2017.0,0.0,0.0,0.0,3,4,3,0,0,0,0,1,1,1,0,1,9,1,1,16,0,1,0,1,0,2,0,0,4,2,5,3,9
2017.0,590.0,0.0,0.0,3,6,3,0,0,0,1,5,1,1,0,0,5,1,1,16,0,1,0,1,0,2,1,0,6,7,5,8,3
2017.0,200.0,0.0,0.0,3,6,3,0,0,0,0,5,1,1,0,0,5,1,1,17,0,1,0,1,0,0,1,0,6,7,5,8,3
2017.0,0.0,1.0,0.0,2,4,0,0,0,0,1,1,1,1,0,1,9,1,1,21,0,1,0,0,0,2,2,0,4,2,5,3,9
2017.0,100.0,0.0,0.0,3,3,0,0,0,0,1,5,1,1,0,1,5,1,1,21,0,1,0,0,0,2,2,0,6,8,5,8,3
2017.0,-112.0,0.0,0.0,3,5,0,0,0,0,1,2,1,1,0,1,2,1,1,22,0,1,0,0,0,1,1,0,6,5,5,8,1
2017.0,20.0,1.0,0.0,3,5,3,0,0,0,1,1,1,1,3,1,5,1,1,7,1,1,0,1,0,1,1,0,6,5,5,7,9
2017.0,0.0,0.0,0.0,3,6,3,0,3,0,2,8,1,1,0,1,2,1,1,8,1,1,0,1,0,0,1,0,4,5,5,3,5
2017.0,-185.0,0.0,0.0,3,1,3,0,0,0,1,5,1,1,0,1,5,1,1,8,1,1,0,1,0,1,1,0,0,4,5,3,9
2017.0,-429.0,1.0,0.0,3,10,3,0,0,0,0,2,1,1,0,1,2,1,1,9,1,1,0,1,0,1,1,0,6,9,5,3,2
2017.0,50.0,1.0,0.0,2,5,3,0,0,2,0,5,1,1,0,1,2,1,1,9,1,1,0,1,0,2,0,0,4,2,5,9,3
2017.0,90.0,0.0,0.0,3,6,3,0,0,0,1,9,1,1,0,1,9,1,1,12,1,1,0,0,0,1,1,0,4,7,5,8,3
2017.0,90.0,0.0,0.0,3,6,3,0,0,0,0,9,1,1,0,1,9,1,1,13,1,1,0,0,0,1,2,0,4,7,5,8,3
2017.0,0.0,0.0,0.0,3,4,3,0,0,0,0,5,1,1,0,0,9,1,1,13,1,1,0,0,0,2,0,0,0,2,5,3,9
2017.0,-650.0,0.0,0.0,3,6,3,0,0,0,0,1,1,1,0,1,1,1,1,14,1,1,0,0,0,1,1,0,6,7,5,3,3
2017.0,110.0,0.0,0.0,3,6,3,0,0,0,0,5,1,1,0,1,5,1,1,15,1,1,0,0,0,0,1,0,4,7,5,8,3
2017.0,85.0,2.0,0.0,1,6,3,0,0,0,0,5,1,1,0,0,5,1,1,15,1,1,0,0,0,0,1,0,6,7,5,8,3
2017.0,285.0,0.0,0.0,3,10,3,0,0,0,0,9,1,1,0,1,9,1,1,16,1,1,0,1,0,0,1,0,4,9,5,3,2
2017.0,150.0,0.0,0.0,3,4,3,0,0,0,1,2,1,1,0,0,5,1,1,16,1,1,0,1,0,2,2,0,6,2,2,3,9
2017.0,-46.0,0.0,0.0,3,4,3,0,0,0,1,9,1,1,0,1,1,1,1,17,1,1,0,1,0,2,1,0,4,2,5,9,3
2017.0,170.0,0.0,0.0,3,4,3,0,0,0,1,2,1,1,0,0,9,1,1,17,1,1,0,1,0,0,1,0,6,2,5,3,9
2017.0,198.0,1.0,0.0,3,6,0,0,0,0,0,5,1,1,0,1,5,1,1,18,1,1,0,1,0,2,0,0,6,7,5,8,3
2017.0,-26.0,1.0,0.0,3,10,0,0,0,0,1,0,1,1,0,1,0,1,1,18,1,1,0,1,0,1,2,0,6,9,5,8,3
2017.0,20.0,0.0,0.0,3,6,0,0,0,0,1,1,1,1,0,0,1,1,1,6,2,2,0,0,0,1,1,0,4,7,5,8,8
2017.0,210.0,0.0,0.0,3,1,3,0,0,0,1,2,1,1,0,0,2,1,1,8,2,2,0,1,0,1,2,0,6,9,5,3,2
2017.0,-0.1,0.0,0.0,3,5,3,0,0,0,0,9,1,1,0,1,1,1,1,8,2,2,0,1,0,1,1,0,6,5,5,3,9
2017.0,10.0,1.0,0.0,2,5,3,0,0,2,1,2,1,1,0,1,2,1,1,8,2,2,0,1,0,2,1,0,4,2,5,9,7
2017.0,-80.0,0.0,0.0,3,6,3,0,0,0,2,2,1,1,0,1,2,1,1,12,2,2,0,0,0,0,1,0,6,7,5,8,3
2017.0,150.0,0.0,0.0,3,6,3,0,0,0,1,9,1,1,0,1,9,1,1,13,2,2,0,0,0,1,2,0,6,7,5,3,3
2017.0,0.0,0.0,0.0,3,1,3,0,0,0,0,5,1,1,0,0,9,1,1,14,2,2,0,0,0,2,1,0,4,2,5,3,9
2017.0,0.0,1.0,0.0,3,4,3,0,0,0,0,9,1,1,0,1,1,1,1,17,2,2,0,1,0,1,2,0,4,2,5,3,9
2017.0,50.0,0.0,0.0,3,6,0,0,0,0,0,1,1,1,0,1,1,1,1,18,2,2,0,1,0,2,1,0,6,7,5,8,3
2017.0,200.0,2.0,0.0,2,7,0,0,0,0,1,9,1,1,0,1,9,1,1,19,2,2,0,1,0,1,1,0,6,7,5,8,3
2017.0,0.0,0.0,0.0,3,6,0,0,0,0,1,5,1,1,0,1,2,1,1,20,2,2,0,0,0,1,1,0,4,2,5,3,9
2017.0,-800.0,1.0,0.0,2,1,3,0,0,0,1,9,1,1,0,1,9,1,1,7,3,2,0,1,0,2,2,0,6,4,5,9,2
2017.0,287.0,0.0,0.0,3,1,3,0,0,0,1,9,1,1,0,0,2,1,1,7,3,2,0,1,0,1,2,0,6,2,5,8,9
2017.0,0.0,1.0,0.0,3,4,3,0,0,0,0,1,1,1,0,1,2,1,1,8,3,2,0,1,0,2,1,0,4,2,5,9,9
2017.0,-30.0,0.0,0.0,3,4,3,0,0,0,2,2,1,1,0,1,2,1,1,8,3,2,0,1,0,0,2,0,4,7,5,8,3
2017.0,-150.0,1.0,0.0,3,6,3,0,0,0,1,1,1,1,0,1,1,1,1,9,3,2,0,1,0,1,2,0,6,9,5,3,2
2017.0,462.0,0.0,0.0,3,10,3,0,0,0,1,1,1,1,0,1,1,1,1,9,3,2,0,1,0,0,2,0,0,2,5,3,9
2017.0,0.0,3.0,0.0,2,4,3,0,0,0,1,2,1,1,0,0,5,1,1,9,3,2,0,1,0,1,1,0,4,2,5,3,9
2017.0,0.0,1.0,0.0,2,1,3,0,0,0,1,9,1,1,0,1,2,1,1,10,3,2,0,0,0,1,0,0,4,5,5,3,3
2017.0,0.0,0.0,0.0,3,4,3,0,0,0,1,5,1,1,0,1,2,1,1,10,3,2,0,0,0,1,1,0,4,2,5,3,9
2017.0,142.0,0.0,0.0,3,1,3,0,0,0,0,9,1,1,0,0,2,1,1,12,3,2,0,0,0,1,1,0,6,2,5,3,9
2017.0,-69.0,2.0,0.0,2,6,3,0,0,0,0,1,1,1,0,1,1,1,1,14,3,2,0,0,0,2,1,0,4,7,5,8,8
2017.0,400.0,1.0,0.0,2,3,3,0,0,0,1,1,1,1,0,1,9,1,1,14,3,2,0,0,0,0,1,0,6,9,5,3,3
2017.0,0.0,0.0,0.0,3,4,3,0,0,0,1,9,1,1,0,0,1,1,1,15,3,2,0,0,0,1,1,0,6,2,5,3,9
2017.0,-48.0,0.0,0.0,3,1,3,0,0,0,0,9,1,1,0,0,2,1,1,16,3,2,0,1,0,1,0,0,4,2,5,9,3
2017.0,-70.0,0.0,0.0,3,10,3,0,0,0,1,9,1,1,0,0,9,1,1,16,3,2,0,1,0,0,1,0,4,9,5,3,2
2017.0,-110.0,0.0,0.0,3,4,3,0,0,0,0,5,1,1,0,1,1,1,1,16,3,2,0,1,0,1,0,0,6,2,5,3,9
2017.0,-110.0,0.0,0.0,3,6,3,0,0,0,0,2,1,1,0,0,2,1,1,16,3,2,0,1,0,1,2,0,4,7,5,8,3
2017.0,555.0,0.0,0.0,3,10,3,0,0,0,1,6,1,1,1,1,6,1,1,9,4,2,0,1,0,0,1,0,0,7,5,6,9
2017.0,-101.0,0.0,0.0,3,6,3,0,0,0,1,2,1,1,0,1,2,1,1,11,4,2,0,0,0,2,1,0,4,7,5,8,3
2017.0,25.0,0.0,0.0,3,6,3,0,0,0,2,9,1,1,0,0,9,1,1,11,4,2,0,0,0,0,1,0,2,5,5,3,3
2017.0,-209.0,0.0,0.0,3,6,3,0,0,0,0,1,1,1,0,1,1,1,1,13,4,2,0,0,0,2,2,0,6,7,5,8,8
2017.0,86.0,0.0,0.0,3,6,3,0,0,0,1,5,1,1,0,1,5,1,1,14,4,2,0,0,0,2,1,0,4,7,5,8,3
2017.0,711.0,0.0,0.0,3,10,3,0,0,0,1,5,1,1,0,1,5,1,1,16,4,2,0,1,0,1,1,0,1,7,5,3,2
2017.0,0.0,2.0,0.0,2,4,3,0,0,0,0,9,1,1,0,0,1,1,1,17,4,2,0,1,0,0,1,0,4,2,5,3,9
2017.0,27.0,0.0,0.0,3,3,4,0,0,0,0,5,1,1,0,1,3,1,1,18,4,2,0,1,0,2,2,0,4,5,7,9,3
2017.0,50.0,0.0,0.0,3,6,0,0,0,0,1,2,1,1,0,1,2,1,1,18,4,2,0,1,0,2,1,0,6,7,5,8,3
2017.0,45.0,1.0,0.0,2,6,0,0,0,0,1,9,1,1,0,0,9,1,1,18,4,2,0,1,0,2,1,0,4,8,5,8,3
2017.0,-200.0,0.0,0.0,3,6,0,0,0,0,1,1,1,1,0,0,1,1,1,19,4,2,0,1,0,2,2,0,6,7,5,8,3
2017.0,-500.0,1.0,0.0,2,6,0,0,0,0,0,1,1,1,0,1,1,1,1,19,4,2,0,1,0,1,1,0,4,7,5,8,3
2017.0,0.0,0.0,0.0,3,1,0,0,0,0,1,1,1,1,0,1,2,1,1,21,4,2,0,0,0,0,1,0,4,5,5,3,3
2017.0,0.0,0.0,0.0,3,6,3,0,0,0,1,5,1,1,0,1,5,1,1,12,5,2,1,0,0,2,1,0,4,7,5,8,8
2017.0,-200.0,0.0,0.0,3,6,3,0,0,0,1,1,1,1,0,1,1,1,1,12,5,2,1,0,0,1,1,0,6,8,5,9,3
2017.0,-50.0,0.0,0.0,3,6,3,0,0,0,1,2,1,1,0,1,2,1,1,13,5,2,1,0,0,1,1,0,6,7,5,3,3
2017.0,65.0,0.0,0.0,3,6,3,0,0,0,1,5,1,1,0,1,5,1,1,13,5,2,1,0,0,2,1,0,4,7,5,3,3
2017.0,0.0,0.0,0.0,3,4,3,0,0,0,0,1,1,1,0,0,9,1,1,13,5,2,1,0,0,2,2,0,4,2,5,9,3
2017.0,0.0,0.0,0.0,3,10,3,4,0,0,2,8,1,1,1,1,5,1,1,14,5,2,1,0,0,0,1,0,4,5,5,6,5
2017.0,45.0,0.0,0.0,3,5,0,0,0,0,1,3,1,1,0,0,1,1,1,1,6,2,1,0,0,2,1,0,4,4,5,3,9
2017.0,-170.0,2.0,0.0,2,6,3,0,0,0,0,2,1,1,0,0,2,1,1,10,6,2,1,0,0,2,1,0,6,7,5,8,3
2017.0,-500.0,0.0,0.0,3,1,3,0,0,0,1,5,1,1,0,1,1,1,1,14,6,2,1,0,0,1,0,0,6,2,5,5,5
2017.0,-250.0,0.0,0.0,3,8,3,0,0,0,0,5,1,1,1,1,1,1,1,14,6,2,1,0,0,1,1,0,6,7,5,6,1
2017.0,1500.0,0.0,0.0,3,4,3,0,0,0,0,1,1,1,0,0,2,1,1,14,6,2,1,0,0,2,1,0,6,2,5,3,9
2017.0,160.0,4.0,0.0,3,1,4,0,0,0,0,9,1,1,0,0,2,1,1,17,6,2,1,1,0,2,2,0,4,2,5,3,9
2017.0,30.0,0.0,0.0,3,1,0,0,0,0,1,9,1,1,1,1,9,1,1,21,6,2,1,0,0,1,1,0,4,4,5,9,9
2017.0,250.0,0.0,0.0,3,6,2,0,0,0,1,9,1,1,0,0,9,1,1,6,0,2,0,0,0,1,1,0,4,7,5,3,8
2017.0,0.0,0.0,0.0,3,4,3,0,0,0,1,2,1,1,0,1,5,1,1,7,0,2,0,1,0,1,0,0,4,2,5,3,9
2017.0,0.0,0.0,0.0,3,4,3,0,0,0,0,2,1,1,0,1,5,1,1,7,0,2,0,1,0,1,0,0,4,2,5,9,3
2017.0,0.0,0.0,0.0,3,4,3,0,0,0,0,1,1,1,0,1,9,1,1,7,0,2,0,1,0,2,1,0,4,2,5,3,9
2017.0,0.0,0.0,0.0,3,4,2,0,0,0,0,5,1,1,0,1,2,1,1,7,0,2,0,1,0,2,1,0,4,4,5,9,9
2017.0,380.0,0.0,0.0,3,10,3,1,0,0,1,2,1,1,0,1,2,1,1,7,0,2,0,1,0,2,2,0,6,9,5,3,2
2017.0,-90.0,0.0,0.0,3,6,3,1,0,0,1,1,1,1,0,1,1,1,1,8,0,2,0,1,0,2,1,0,6,7,5,3,3
2017.0,-345.0,0.0,0.0,3,10,3,0,0,0,0,2,1,1,0,1,2,1,1,8,0,2,0,1,0,2,1,0,4,9,5,3,2
2017.0,163.0,1.0,0.0,3,6,3,0,0,0,1,5,1,1,0,1,5,1,1,11,0,2,0,0,0,1,1,0,4,7,5,8,3
2017.0,50.0,0.0,0.0,3,10,3,0,0,0,2,9,1,1,0,0,9,1,1,13,0,2,0,0,0,0,1,0,4,9,5,8,9
2017.0,-132.0,0.0,0.0,3,1,3,0,0,0,1,1,1,1,0,0,1,1,1,14,0,2,0,0,0,1,1,0,6,4,5,9,3
2017.0,0.0,3.0,0.0,2,1,3,0,0,0,0,1,1,1,0,0,5,1,1,14,0,2,0,0,0,1,2,0,4,2,5,3,3
2017.0,250.0,0.0,0.0,3,6,3,0,0,0,0,5,1,1,0,0,5,1,1,15,0,2,0,0,0,1,0,0,6,7,5,3,3
2017.0,0.0,0.0,0.0,3,4,3,0,0,0,1,1,1,1,0,0,9,1,1,16,0,2,0,1,0,1,2,0,4,2,5,3,9
2017.0,-85.0,0.0,0.0,3,6,3,0,0,0,1,1,1,1,0,1,1,1,1,18,0,2,0,1,0,1,1,0,6,7,5,8,3
2017.0,0.0,2.0,0.0,3,4,0,0,0,0,0,1,1,1,0,1,9,1,1,22,0,2,0,0,0,2,1,0,4,2,5,9,3
2017.0,567.0,1.0,0.0,2,6,3,0,0,0,1,9,1,1,0,0,9,1,1,7,1,2,0,1,0,1,1,0,4,7,5,8,3
2017.0,-335.0,2.0,0.0,2,1,3,0,0,0,0,9,1,1,0,0,2,1,1,8,1,2,0,1,0,1,1,0,0,2,5,3,9
2017.0,-100.0,0.0,0.0,3,6,3,0,0,0,1,1,1,1,0,1,1,1,1,8,1,2,0,1,0,1,0,0,2,7,5,9,9
2017.0,340.0,0.0,0.0,3,10,3,0,0,0,1,1,1,1,0,1,1,1,1,10,1,2,0,0,0,2,1,0,6,9,5,3,2
2017.0,-50.0,0.0,0.0,3,10,3,0,0,0,0,2,1,1,0,1,2,1,1,10,1,2,0,0,0,2,1,0,4,9,5,3,2
2017.0,0.0,1.0,0.0,2,4,3,0,0,0,0,9,1,1,0,1,1,1,1,12,1,2,0,0,0,1,0,0,4,2,5,3,9
2017.0,183.0,2.0,0.0,3,6,3,0,0,0,1,5,1,1,0,0,5,1,1,12,1,2,0,0,0,1,1,0,4,7,5,8,8
2017.0,-543.0,0.0,0.0,3,1,3,0,0,0,1,3,1,1,0,1,2,1,1,13,1,2,0,0,0,1,2,0,0,9,5,3,9