Year,Distance,Totalinjuries,Totalfatalities,Injuryseverity,Collisionmanner,Lightcondition,Weather,SurfaceCondition,Unittype_One,Gender_Drv1,Traveldirection_One,AlcoholUse_Drv1,DrugUse_Drv1,Unittype_Two,Gender_Drv2,Traveldirection_Two,AlcoholUse_Drv2,DrugUse_Drv2,Hour,Weekday,Month,Weekend,Rush_Hour,Hazardous_Road,Age_Group_Drv1,Age_Group_Drv2,Substance_Use,Junction_Category,Violation_Category_Drv1,Violation_Category_Drv2,Unitaction_Category_Two,Unitaction_Category_One
2017.0,-67.0,0.0,0.0,3,6,3,0,0,0,1,5,1,1,0,0,5,1,1,15,1,2,0,0,0,2,0,0,4,7,5,8,3
2017.0,150.0,0.0,0.0,3,10,3,0,0,0,0,5,1,1,0,1,5,1,1,15,1,2,0,0,0,0,2,0,4,9,5,3,2
2017.0,0.0,1.0,0.0,3,4,3,0,0,0,0,2,1,1,0,0,2,1,1,17,1,2,0,1,0,2,0,0,4,2,5,3,9
2017.0,-151.0,0.0,0.0,3,6,3,0,0,0,0,2,1,1,0,1,2,1,1,17,1,2,0,1,0,1,1,0,4,7,5,8,8
2017.0,0.0,0.0,0.0,3,10,3,0,0,0,0,1,1,1,0,0,1,1,1,17,1,2,0,1,0,1,1,0,4,9,5,9,2
2017.0,0.0,0.0,0.0,3,4,0,0,0,0,1,9,1,1,0,0,1,1,1,17,1,2,0,1,0,2,2,0,4,2,5,3,9
2017.0,0.0,2.0,0.0,2,4,0,0,0,0,0,7,1,1,0,0,1,1,1,18,1,2,0,1,0,2,1,0,6,2,5,3,9
2017.0,-200.0,0.0,0.0,3,12,0,0,0,0,2,5,1,1,0,1,5,1,1,19,1,2,0,1,0,0,2,0,6,9,5,9,3
2017.0,50.0,1.0,0.0,3,10,0,0,0,0,0,1,1,1,0,1,1,1,1,21,1,2,0,0,0,2,1,0,6,5,5,9,2
2017.0,447.0,1.0,0.0,2,4,0,0,0,0,0,5,1,1,0,1,2,1,1,5,2,2,0,0,0,1,2,0,6,4,5,3,9
2017.0,0.0,0.0,0.0,3,4,3,0,0,0,1,4,1,1,0,0,5,1,1,7,2,2,0,1,0,2,0,0,4,2,5,3,9
2017.0,392.0,0.0,0.0,3,6,3,0,0,0,1,9,1,1,0,0,9,1,1,9,2,2,0,1,0,1,1,0,4,7,5,8,8
2017.0,-383.0,1.0,0.0,3,5,3,0,0,0,1,5,1,1,2,1,5,1,1,11,2,2,0,0,0,1,1,0,6,2,5,3,9
2017.0,289.0,0.0,0.0,3,3,3,0,0,0,0,9,1,1,1,1,1,1,1,11,2,2,0,0,0,0,1,0,6,9,5,6,3
2017.0,-665.0,1.0,0.0,3,6,3,0,0,0,0,2,1,1,0,0,2,1,1,12,2,2,0,0,0,2,1,0,0,7,5,8,8
2017.0,0.0,1.0,0.0,3,1,3,0,0,0,0,9,1,1,0,1,9,1,1,13,2,2,0,0,0,1,1,0,4,9,5,3,9
2017.0,-127.0,0.0,0.0,3,6,3,0,0,0,0,2,1,1,0,1,2,1,1,13,2,2,0,0,0,2,1,0,4,7,5,8,8
2017.0,140.0,1.0,0.0,2,6,3,0,0,0,1,9,1,1,0,1,9,1,1,14,2,2,0,0,0,1,2,0,6,7,5,8,3
2017.0,0.0,0.0,0.0,3,6,3,0,0,0,0,1,1,1,0,1,1,1,1,15,2,2,0,0,0,1,1,0,4,7,5,8,3
2017.0,330.0,1.0,0.0,3,4,3,0,0,0,1,1,1,1,0,1,9,1,1,15,2,2,0,0,0,0,1,0,6,2,5,3,9
2017.0,0.0,2.0,0.0,3,1,3,0,0,0,1,9,1,1,0,1,5,1,1,16,2,2,0,1,0,2,1,0,4,2,5,3,3
2017.0,0.0,0.0,0.0,3,4,3,0,0,0,0,7,1,1,0,0,1,1,1,17,2,2,0,1,0,1,1,0,4,2,5,3,9
2017.0,-110.0,0.0,0.0,3,6,3,0,0,0,1,1,1,1,0,1,1,1,1,17,2,2,0,1,0,1,2,0,4,9,5,8,2
2017.0,-10.0,1.0,0.0,2,5,3,0,0,0,0,1,1,1,0,0,1,1,1,17,2,2,0,1,0,1,2,0,4,7,5,9,3
2017.0,35.0,0.0,0.0,3,4,0,0,0,0,1,2,1,1,0,1,5,1,1,18,2,2,0,1,0,0,1,0,4,2,5,3,9
2017.0,-97.0,2.0,0.0,1,6,0,0,0,0,1,2,0,1,0,0,2,1,1,18,2,2,0,1,0,0,1,0,4,5,5,8,3
2017.0,-491.0,0.0,0.0,3,10,0,0,0,0,0,2,1,1,0,0,2,1,1,19,2,2,0,1,0,0,1,0,6,9,5,3,2
2017.0,165.0,0.0,0.0,3,6,3,0,0,0,1,1,1,1,0,0,1,1,1,6,3,2,0,0,0,2,1,0,0,7,5,8,3
2017.0,0.0,2.0,0.0,2,4,3,0,0,0,0,3,1,1,0,0,9,1,1,7,3,2,0,1,0,1,1,0,4,2,5,3,9
2017.0,56.0,1.0,0.0,2,6,3,0,0,0,0,5,1,1,0,0,5,1,1,7,3,2,0,1,0,1,0,0,4,5,5,8,3
2017.0,100.0,1.0,0.0,2,6,3,0,0,0,0,9,1,1,0,0,9,1,1,7,3,2,0,1,0,1,1,0,4,7,5,8,3
2017.0,90.0,0.0,0.0,3,6,3,0,0,0,1,9,1,1,0,1,9,1,1,7,3,2,0,1,0,2,1,0,4,7,5,8,3
2017.0,42.0,0.0,0.0,3,6,3,0,0,0,1,5,1,1,0,1,5,1,1,9,3,2,0,1,0,2,1,0,4,7,5,3,3
2017.0,-135.0,0.0,0.0,3,1,3,0,0,0,0,5,1,1,0,1,1,1,1,12,3,2,0,0,0,2,1,0,4,2,5,3,9
2017.0,0.0,0.0,0.0,3,1,3,0,0,0,0,5,1,1,0,0,9,1,1,13,3,2,0,0,0,1,1,0,4,2,5,3,9
2017.0,378.0,0.0,0.0,3,10,3,0,0,0,0,9,1,1,0,1,9,1,1,13,3,2,0,0,0,2,1,0,6,2,5,3,6
2017.0,-660.0,1.0,0.0,3,1,3,0,0,0,0,5,1,1,0,0,9,1,1,14,3,2,0,0,0,2,1,0,0,2,5,3,9
2017.0,-50.0,0.0,0.0,3,6,3,4,3,0,0,1,1,1,0,1,1,1,1,15,3,2,0,0,0,2,1,0,4,5,5,5,5
2017.0,119.0,0.0,0.0,3,10,3,0,0,0,1,5,1,1,0,1,5,1,1,15,3,2,0,0,0,1,1,0,4,9,5,3,2
2017.0,0.0,0.0,0.0,3,4,3,0,0,0,1,9,1,1,0,1,1,1,1,15,3,2,0,0,0,2,1,0,4,2,5,3,9
2017.0,0.0,1.0,0.0,3,1,3,0,0,0,0,5,1,1,0,1,1,1,1,16,3,2,0,1,0,1,1,0,2,5,5,3,3
2017.0,160.0,1.0,0.0,2,5,3,0,0,0,0,9,1,1,2,1,9,1,1,16,3,2,0,1,0,1,2,0,0,2,5,3,9
2017.0,156.0,0.0,0.0,3,10,3,0,0,0,1,4,1,1,0,1,9,1,1,16,3,2,0,1,0,0,1,0,6,2,9,2,9
2017.0,0.0,0.0,0.0,3,4,3,0,0,0,1,9,1,1,0,1,1,1,1,16,3,2,0,1,0,1,1,0,4,2,5,3,9
2017.0,0.0,0.0,0.0,3,4,3,0,0,0,1,7,1,1,0,1,1,1,1,17,3,2,0,1,0,2,0,0,4,4,5,3,9
2017.0,-20.0,0.0,0.0,3,6,3,0,0,0,0,9,1,1,0,1,9,1,1,17,3,2,0,1,0,2,1,0,4,5,8,3,3
2017.0,130.0,0.0,0.0,3,6,3,0,0,0,0,5,1,1,0,1,5,1,1,17,3,2,0,1,0,2,2,0,4,7,5,8,3
2017.0,-350.0,2.0,0.0,1,6,0,0,0,0,1,5,1,1,0,1,5,1,1,18,3,2,0,1,0,1,1,0,6,7,5,8,3
2017.0,0.0,2.0,0.0,3,4,0,0,0,0,1,3,1,1,0,1,9,1,1,19,3,2,0,1,0,1,1,0,2,5,5,3,9
2017.0,0.0,2.0,0.0,2,1,0,0,0,0,0,9,0,1,0,0,5,1,1,23,3,2,0,0,0,1,1,0,4,2,5,3,3
2017.0,75.0,2.0,0.0,2,6,0,0,0,0,1,9,0,1,0,0,9,1,1,1,4,2,0,0,0,2,1,0,4,7,5,8,3
2017.0,86.0,1.0,0.0,2,1,0,0,0,0,1,4,0,1,0,1,5,1,1,1,4,2,0,0,0,2,2,0,4,7,5,8,3
2017.0,-341.0,2.0,0.0,2,4,3,0,0,0,1,6,1,1,0,0,2,1,1,7,4,2,0,1,0,1,1,0,0,5,5,3,9
2017.0,104.0,0.0,0.0,3,10,3,0,0,0,0,1,1,1,0,0,1,1,1,7,4,2,0,1,0,2,1,0,4,9,5,8,2
2017.0,-772.0,0.0,0.0,3,6,3,0,0,0,1,2,1,1,0,1,2,1,1,12,4,2,0,0,0,1,1,0,6,7,5,8,3
2017.0,178.0,0.0,0.0,3,1,3,0,0,0,1,9,1,1,0,0,5,1,1,12,4,2,0,0,0,2,2,0,4,2,5,3,9
2017.0,-772.0,0.0,0.0,3,6,3,0,0,0,0,2,1,1,0,1,2,1,1,12,4,2,0,0,0,1,1,0,6,7,5,8,3
2017.0,0.0,0.0,0.0,3,10,3,0,0,0,0,1,1,1,0,1,1,1,1,13,4,2,0,0,0,0,1,0,3,4,5,9,9
2017.0,-275.0,0.0,0.0,3,10,3,0,0,0,1,1,1,1,0,0,1,1,1,13,4,2,0,0,0,1,1,0,6,9,5,3,2
2017.0,291.0,0.0,0.0,3,6,3,0,0,0,1,5,1,1,0,0,5,1,1,15,4,2,0,0,0,1,2,0,6,7,5,8,3
2017.0,400.0,0.0,0.0,3,1,3,0,0,0,0,7,1,1,0,1,9,1,1,16,4,2,0,1,0,2,1,0,6,2,5,3,3
2017.0,373.0,2.0,0.0,3,6,0,0,0,0,0,1,1,1,0,1,1,1,1,19,4,2,0,1,0,1,0,0,6,7,5,8,8
2017.0,-50.0,0.0,0.0,3,6,0,0,0,0,1,2,1,1,0,0,2,1,1,20,4,2,0,0,0,2,1,0,4,7,5,8,3
2017.0,85.0,0.0,0.0,3,6,0,0,0,0,1,5,1,1,0,1,5,1,1,21,4,2,0,0,0,1,2,0,4,7,5,8,3
2017.0,100.0,0.0,0.0,3,6,0,0,0,0,1,9,1,1,0,0,9,1,1,22,4,2,0,0,0,1,2,0,4,7,5,8,3
2017.0,-10.0,1.0,0.0,2,5,0,0,0,0,1,2,1,1,3,0,1,1,1,0,5,2,1,0,0,2,2,0,4,2,5,7,3
2017.0,-150.0,1.0,0.0,1,5,0,0,0,0,1,1,0,1,3,1,1,0,1,0,5,2,1,0,0,1,2,0,6,7,5,4,3
2017.0,50.0,0.0,0.0,3,6,3,0,0,0,2,2,1,1,0,1,2,1,1,10,5,2,1,0,0,0,1,0,6,9,5,3,3
2017.0,60.0,0.0,0.0,3,6,3,0,0,0,0,9,1,1,0,0,9,1,1,11,5,2,1,0,0,2,0,0,4,7,5,8,3
2017.0,-20.0,0.0,0.0,3,6,3,0,0,0,1,5,1,1,0,1,5,1,1,12,5,2,1,0,0,2,1,0,4,7,5,8,3
2017.0,150.0,0.0,0.0,3,10,3,0,0,0,0,1,1,1,0,1,1,1,1,12,5,2,1,0,0,0,0,0,6,7,7,3,3
2017.0,340.0,0.0,0.0,3,6,3,0,0,0,0,1,1,1,0,1,1,1,1,13,5,2,1,0,0,0,1,0,6,5,5,9,9
2017.0,0.0,0.0,0.0,3,10,3,1,0,0,0,9,1,1,0,0,9,1,1,14,5,2,1,0,0,2,0,0,4,5,5,9,9
2017.0,100.0,0.0,0.0,3,10,3,0,0,0,1,2,1,1,1,1,5,1,1,15,5,2,1,0,0,0,1,0,6,9,5,6,3
2017.0,0.0,0.0,0.0,3,4,4,1,0,0,1,1,1,1,0,0,9,1,1,17,5,2,1,1,0,2,2,0,4,2,5,3,9
2017.0,-200.0,0.0,0.0,3,1,0,0,0,0,1,9,1,1,0,1,2,1,1,18,5,2,1,1,0,2,1,0,4,2,5,3,9
2017.0,390.0,0.0,0.0,3,4,0,0,0,0,0,1,1,1,0,0,9,1,1,18,5,2,1,1,0,1,1,0,4,2,5,3,9
2017.0,10.0,1.0,0.0,2,5,0,0,0,3,1,2,1,1,0,1,9,1,1,21,5,2,1,0,0,1,2,0,4,2,5,3,7
2017.0,200.0,0.0,0.0,3,4,0,0,0,0,2,9,1,1,0,0,1,1,1,22,5,2,1,0,0,0,2,0,4,2,5,3,9
2017.0,0.0,0.0,0.0,3,1,0,3,4,0,1,2,1,1,0,0,1,1,1,2,6,2,1,0,1,2,2,0,4,2,5,3,9
2017.0,0.0,0.0,0.0,3,1,0,0,0,0,1,9,1,1,0,0,9,1,1,2,6,2,1,0,0,1,2,0,4,4,5,3,9
2017.0,0.0,0.0,0.0,3,4,3,1,0,0,1,1,1,1,0,0,9,1,1,7,6,2,1,1,0,0,1,0,4,2,5,3,9
2017.0,-70.0,0.0,0.0,3,6,3,0,0,0,0,1,1,1,0,1,1,1,1,15,6,2,1,0,0,0,1,0,6,7,5,8,3
2017.0,0.0,0.0,0.0,3,4,3,0,0,0,1,5,1,1,0,1,2,1,1,17,6,2,1,1,0,2,2,0,4,2,5,3,9
2017.0,0.0,0.0,0.0,3,4,0,0,0,0,0,1,1,1,0,0,5,1,1,19,6,2,1,1,0,1,1,0,2,7,5,9,8
2017.0,200.0,0.0,0.0,3,12,0,0,0,0,2,8,1,1,1,1,1,1,1,20,6,2,1,0,0,0,1,0,6,5,5,6,5
2017.0,-200.0,0.0,0.0,3,5,0,0,0,0,0,2,1,1,3,1,8,1,1,22,6,2,1,0,0,1,2,0,0,5,5,7,5
2017.0,65.0,2.0,0.0,3,6,3,0,0,0,0,9,1,1,0,1,9,1,1,8,0,2,0,1,0,2,1,0,4,7,5,8,3
2017.0,0.0,0.0,0.0,3,1,3,0,0,0,0,2,1,1,0,0,1,1,1,9,0,2,0,1,0,1,1,0,4,2,5,3,9
2017.0,0.0,1.0,0.0,3,4,3,1,0,0,0,9,1,1,0,1,1,1,1,10,0,2,0,0,0,1,2,0,4,2,5,3,9
2017.0,71.0,1.0,0.0,2,6,3,0,0,0,0,1,0,1,1,1,8,1,1,11,0,2,0,0,0,1,1,0,6,7,5,6,3
2017.0,-80.0,1.0,0.0,3,6,3,0,0,0,0,2,1,1,0,0,2,1,1,12,0,2,0,0,0,2,0,0,4,7,5,8,3
2017.0,-188.0,2.0,0.0,3,6,3,0,0,0,0,1,1,1,0,0,1,1,1,12,0,2,0,0,0,1,0,0,4,7,5,8,3
2017.0,-900.0,0.0,0.0,3,6,3,0,0,0,0,2,1,1,0,0,2,1,1,13,0,2,0,0,0,1,2,0,6,7,5,8,3
2017.0,-150.0,1.0,0.0,3,6,3,0,0,0,0,1,1,1,0,1,1,1,1,16,0,2,0,1,0,2,2,0,4,7,5,8,3
2017.0,-50.0,0.0,0.0,3,6,3,0,0,0,1,2,1,1,0,1,2,1,1,16,0,2,0,1,0,1,1,0,4,7,5,8,8
2017.0,0.25,0.0,0.0,3,8,3,0,0,0,1,6,1,1,0,1,9,1,1,16,0,2,0,1,0,1,2,0,6,5,5,8,1
2017.0,0.0,1.0,0.0,3,4,3,0,0,0,0,5,1,1,0,0,1,1,1,17,0,2,0,1,0,2,1,0,4,2,5,3,9
2017.0,250.0,2.0,0.0,3,6,3,0,0,0,1,5,1,1,0,1,5,1,1,17,0,2,0,1,0,1,1,0,4,7,5,3,3
2017.0,25.0,0.0,0.0,3,6,0,0,0,0,2,5,1,1,0,0,5,1,1,18,0,2,0,1,0,0,1,0,4,7,5,3,3
2017.0,30.0,1.0,0.0,3,6,0,0,0,0,0,5,1,1,0,1,5,1,1,19,0,2,0,1,0,2,2,0,4,7,5,8,3
2017.0,18.0,0.0,0.0,3,6,0,0,0,0,1,5,1,1,0,1,5,1,1,19,0,2,0,1,0,2,2,0,4,7,5,9,3
2017.0,-172.0,1.0,0.0,3,6,3,0,0,0,0,2,1,1,0,1,0,1,1,6,1,2,0,0,0,1,1,0,4,7,5,8,3
2017.0,-185.0,0.0,0.0,3,6,3,0,0,0,1,2,1,1,0,1,2,1,1,7,1,2,0,1,0,1,1,0,1,7,5,8,8
2017.0,0.0,0.0,0.0,3,10,3,0,0,0,1,9,1,1,0,1,9,1,1,8,1,2,0,1,0,2,1,0,4,9,5,3,2
2017.0,-520.0,0.0,0.0,3,6,3,0,0,0,1,1,1,1,0,1,1,1,1,8,1,2,0,1,0,1,1,0,0,7,5,8,3
2017.0,-20.0,0.0,0.0,3,8,3,0,0,0,1,2,1,1,0,0,1,1,1,9,1,2,0,1,0,1,1,0,6,2,5,3,1
2017.0,100.0,1.0,0.0,2,6,3,0,0,0,1,9,1,1,0,0,9,1,1,10,1,2,0,0,0,1,1,0,6,7,5,3,3
2017.0,230.0,0.0,0.0,3,6,3,0,0,0,0,1,1,1,0,1,1,1,1,11,1,2,0,0,0,2,2,0,6,7,5,8,3
2017.0,225.0,1.0,0.0,3,6,3,0,0,0,1,5,1,1,0,1,5,1,1,12,1,2,0,0,0,1,2,0,4,7,5,8,3
2017.0,-172.0,0.0,0.0,3,3,3,0,0,0,1,1,1,1,0,0,2,1,1,13,1,2,0,0,0,1,1,0,6,2,5,3,9
2017.0,-110.0,0.0,0.0,3,4,3,0,0,0,2,9,1,1,0,1,9,1,1,14,1,2,0,0,0,0,0,0,6,4,5,9,2
2017.0,0.0,1.0,0.0,3,1,3,0,0,0,0,5,1,1,0,0,1,1,1,14,1,2,0,0,0,2,2,0,4,2,5,3,3
2017.0,0.0,0.0,0.0,3,4,3,0,0,0,1,9,1,1,0,0,1,1,1,14,1,2,0,0,0,2,1,0,4,5,5,8,9
2017.0,0.0,1.0,0.0,2,5,3,0,0,0,0,2,1,1,3,1,5,1,1,17,1,2,0,1,0,0,1,0,4,2,5,7,9
2017.0,-65.0,0.0,0.0,3,10,3,0,0,0,0,2,1,1,0,1,2,1,1,17,1,2,0,1,0,2,1,0,4,9,5,3,2
2017.0,0.0,0.0,0.0,3,4,0,1,0,0,1,2,1,1,0,0,5,1,1,18,1,2,0,1,0,1,2,0,4,2,5,3,9
2017.0,0.0,0.0,0.0,3,4,0,0,0,0,1,2,1,1,0,1,9,1,1,19,1,2,0,1,0,2,1,0,4,2,7,3,9
2017.0,10.0,0.0,0.0,3,10,0,0,0,0,0,1,1,1,0,1,5,1,1,20,1,2,0,0,0,1,2,0,4,9,5,3,9
2017.0,60.0,0.0,0.0,3,12,3,4,3,0,0,8,1,1,1,1,8,1,1,22,1,2,0,0,0,1,0,0,4,5,5,5,5
2017.0,0.0,1.0,0.0,2,4,0,0,0,0,0,9,1,1,0,0,1,1,1,22,1,2,0,0,0,1,1,0,4,2,5,9,3
2017.0,60.0,0.0,0.0,3,1,3,0,0,0,1,2,1,1,0,0,1,1,1,8,2,2,0,1,0,1,2,0,6,9,5,3,2
2017.0,71.0,0.0,0.0,3,6,3,0,0,0,0,5,1,1,0,0,5,1,1,12,2,2,0,0,0,2,1,0,4,7,5,8,8
2017.0,-1492.0,2.0,0.0,3,1,3,0,0,0,1,1,1,1,0,1,2,1,1,12,2,2,0,0,0,0,1,0,1,2,5,3,3
2017.0,-263.0,0.0,0.0,3,6,3,0,0,0,0,1,1,1,0,0,1,1,1,13,2,2,0,0,0,0,1,0,4,7,5,8,8
2017.0,110.0,0.0,0.0,3,6,3,0,0,0,0,9,1,1,0,0,9,1,1,13,2,2,0,0,0,2,1,0,4,7,5,8,8
2017.0,237.0,0.0,0.0,3,6,3,0,0,0,0,2,1,1,0,0,2,1,1,13,2,2,0,0,0,0,0,0,0,7,5,8,3
2017.0,540.0,0.0,0.0,3,6,3,0,0,0,1,9,1,1,0,1,9,1,1,15,2,2,0,0,0,1,1,0,4,7,5,8,3
2017.0,150.0,1.0,0.0,3,6,3,0,0,0,1,9,1,1,0,1,9,1,1,15,2,2,0,0,0,2,1,0,6,7,5,8,3
2017.0,70.0,0.0,0.0,3,6,3,0,0,0,1,9,1,1,0,1,9,1,1,16,2,2,0,1,0,1,2,0,4,7,5,8,3
2017.0,0.0,0.0,0.0,3,4,3,0,0,0,0,2,1,1,0,1,5,1,1,16,2,2,0,1,0,2,1,0,4,2,5,3,9
2017.0,17.0,1.0,0.0,2,5,3,0,0,2,1,9,1,1,0,1,2,1,1,16,2,2,0,1,0,1,1,0,4,2,5,9,3
2017.0,-100.0,1.0,0.0,3,6,3,0,0,0,1,1,1,1,0,1,1,1,1,16,2,2,0,1,0,1,1,0,4,7,5,8,3
2017.0,-108.0,0.0,0.0,3,6,3,0,0,0,0,9,1,1,0,1,9,1,1,16,2,2,0,1,0,1,1,0,6,7,5,3,3
2017.0,0.0,0.0,0.0,3,4,3,0,0,0,1,2,1,1,0,0,5,1,1,16,2,2,0,1,0,2,2,0,4,5,5,3,9
2017.0,0.0,0.0,0.0,3,4,0,0,0,0,1,9,1,1,0,0,5,1,1,18,2,2,0,1,0,0,2,0,4,2,5,3,9
2017.0,746.0,1.0,0.0,3,6,4,0,0,0,1,5,1,1,0,1,5,1,1,18,2,2,0,1,0,2,2,0,6,7,5,8,3
2017.0,49.0,3.0,0.0,2,6,0,0,0,0,1,2,1,1,0,1,2,1,1,19,2,2,0,1,0,2,2,0,4,7,5,8,3
2017.0,0.0,0.0,0.0,3,10,0,0,0,0,1,2,1,1,0,0,2,1,1,19,2,2,0,1,0,1,1,0,2,9,5,9,3
2017.0,0.0,1.0,0.0,1,4,0,0,0,0,1,9,1,1,0,1,1,1,1,20,2,2,0,0,0,2,0,0,4,2,5,3,9
2017.0,-610.0,0.0,0.0,3,1,3,0,0,0,1,9,1,1,0,1,2,1,1,8,3,2,0,1,0,1,1,0,6,2,5,3,9
2017.0,150.0,0.0,0.0,3,1,3,0,0,0,0,1,1,1,0,1,1,1,1,9,3,2,0,1,0,0,1,0,6,9,5,3,2
2017.0,20.0,0.0,0.0,3,6,3,0,0,0,2,9,1,1,0,0,9,1,1,9,3,2,0,1,0,0,2,0,4,7,5,9,3
2017.0,0.0,0.0,0.0,3,6,3,0,0,0,0,3,1,1,0,0,3,1,1,10,3,2,0,0,0,2,1,0,4,5,5,9,9
2017.0,0.0,2.0,0.0,2,4,3,0,0,0,1,1,1,1,0,0,9,1,1,11,3,2,0,0,0,1,2,0,4,2,5,9,3
2017.0,-145.0,0.0,0.0,3,1,3,0,0,0,0,5,1,1,0,1,5,1,1,13,3,2,0,0,0,2,2,0,4,9,5,3,9
2017.0,0.0,1.0,0.0,3,1,3,0,0,0,0,2,1,1,0,0,2,1,1,13,3,2,0,0,0,0,2,0,4,4,5,3,9
2017.0,-23.0,0.0,0.0,3,1,3,0,0,0,1,9,1,1,0,1,5,1,1,14,3,2,0,0,0,0,1,0,6,2,5,5,5
2017.0,0.0,2.0,0.0,2,4,3,0,0,0,0,5,1,1,0,0,2,1,1,15,3,2,0,0,0,0,1,0,4,2,5,3,9
2017.0,-600.0,1.0,0.0,2,6,3,0,0,0,1,2,1,1,0,1,1,1,1,16,3,2,0,1,0,1,1,0,6,2,5,3,9
2017.0,0.0,1.0,0.0,3,1,3,0,0,0,1,9,1,1,0,0,5,1,1,17,3,2,0,1,0,2,0,0,4,2,5,3,3
2017.0,-220.0,0.0,0.0,3,6,0,0,0,0,2,5,1,1,0,1,5,1,1,19,3,2,0,1,0,0,2,0,0,7,5,8,3
2017.0,0.0,0.0,0.0,3,4,0,0,0,0,0,3,1,1,0,0,9,1,1,19,3,2,0,1,0,2,2,0,2,2,5,3,9
2017.0,0.0,0.0,0.0,3,6,0,0,0,0,0,9,1,1,0,0,2,1,1,19,3,2,0,1,0,1,1,0,4,2,5,3,3
2017.0,225.0,3.0,0.0,3,1,0,0,0,0,0,9,1,1,0,1,5,1,1,19,3,2,0,1,0,2,2,0,6,2,5,3,9
2017.0,-79.0,0.0,0.0,3,6,0,0,0,0,1,1,0,1,0,1,1,1,1,21,3,2,0,0,0,1,2,0,4,7,5,3,3
2017.0,290.0,0.0,0.0,3,3,0,0,0,0,2,9,1,1,1,1,1,1,1,2,4,2,0,0,0,0,1,0,6,7,5,6,3
2017.0,55.0,0.0,0.0,3,10,0,0,0,0,1,2,1,1,0,1,2,1,1,5,4,2,0,0,0,1,1,0,4,2,5,9,9
2017.0,150.0,1.0,0.0,3,9,0,0,0,3,1,5,0,1,0,1,2,1,1,5,4,2,0,0,0,1,0,0,6,6,5,3,7
2017.0,0.0,0.0,0.0,3,4,3,0,0,0,1,1,1,1,0,0,9,1,1,7,4,2,0,1,0,2,1,0,4,2,5,3,9
2017.0,-180.0,1.0,0.0,2,6,3,0,0,0,0,1,1,1,0,1,1,1,1,12,4,2,0,0,0,2,1,0,6,7,5,3,3
2017.0,-352.0,1.0,0.0,2,5,3,0,0,3,0,5,1,1,0,1,9,1,1,13,4,2,0,0,0,1,1,0,6,6,5,3,7
2017.0,-500.0,0.0,0.0,3,6,3,0,0,0,1,2,1,1,0,1,2,1,1,13,4,2,0,0,0,1,1,0,6,7,5,3,3
2017.0,112.0,0.0,0.0,3,6,3,0,0,0,0,5,1,1,0,1,5,1,1,14,4,2,0,0,0,1,1,0,4,7,5,8,3
2017.0,-30.0,0.0,0.0,3,1,3,0,0,0,0,7,1,1,0,1,9,1,1,15,4,2,0,0,0,2,1,0,6,2,5,3,9
2017.0,480.0,0.0,0.0,3,4,3,0,0,0,1,1,1,1,0,0,2,1,1,15,4,2,0,0,0,2,2,0,0,2,5,3,9
2017.0,-558.0,0.0,0.0,3,6,3,0,0,0,0,5,1,1,0,1,5,1,1,17,4,2,0,1,0,1,1,0,6,7,5,8,3
2017.0,-200.0,0.0,0.0,3,6,0,0,0,0,0,2,1,1,0,1,2,1,1,17,4,2,0,1,0,2,1,0,4,7,5,8,8
2017.0,80.0,0.0,0.0,3,6,0,0,0,0,1,9,1,1,0,1,9,1,1,18,4,2,0,1,0,2,1,0,4,7,5,8,3
2017.0,-25.0,0.0,0.0,3,6,0,0,0,0,2,3,1,1,0,1,3,1,1,19,4,2,0,1,0,0,2,0,6,5,5,8,3
2017.0,-10.0,0.0,0.0,3,6,0,0,0,0,1,2,1,1,0,1,2,1,1,1,5,2,1,0,0,2,2,0,6,5,7,3,8
2017.0,0.0,0.0,0.0,3,6,3,3,4,0,0,1,1,1,0,0,1,1,1,8,5,2,1,1,1,1,1,0,2,7,5,9,9
2017.0,-650.0,0.0,0.0,3,1,3,0,0,0,0,5,1,1,0,0,9,1,1,8,5,2,1,1,0,2,1,0,6,2,5,3,9
2017.0,345.0,0.0,0.0,3,6,3,3,4,0,1,2,1,1,0,0,2,1,1,13,5,2,1,0,1,0,1,0,6,7,5,8,3
2017.0,-62.0,0.0,0.0,3,4,3,3,4,0,2,2,1,1,1,1,1,1,1,14,5,2,1,0,1,0,1,0,4,7,5,6,9
2017.0,0.0,0.0,0.0,3,4,3,1,4,0,1,7,1,1,0,0,1,1,1,14,5,2,1,0,1,2,2,0,4,2,5,3,8
2017.0,-30.0,1.0,0.0,2,1,3,3,4,0,1,1,1,1,0,1,5,1,1,14,5,2,1,0,1,1,1,0,6,2,5,3,9
2017.0,85.0,0.0,0.0,3,6,3,3,4,0,1,5,1,1,0,1,5,1,1,15,5,2,1,0,1,2,1,0,4,7,5,3,3
2017.0,90.0,0.0,0.0,3,10,3,3,4,0,2,9,1,1,0,0,9,1,1,15,5,2,1,0,1,0,1,0,6,9,5,3,2
2017.0,-25.0,0.0,0.0,3,6,3,3,4,0,1,1,1,1,0,1,1,1,1,15,5,2,1,0,1,1,1,0,4,7,5,8,3
2017.0,0.0,0.0,0.0,3,4,3,3,0,0,1,2,1,1,0,1,1,1,1,15,5,2,1,0,0,1,1,0,4,2,5,9,3
2017.0,0.0,0.0,0.0,3,6,4,1,4,0,0,2,1,1,0,1,1,1,1,17,5,2,1,1,1,1,2,0,4,2,5,3,9
2017.0,50.0,0.0,0.0,3,1,0,3,4,0,0,1,1,1,0,0,5,1,1,19,5,2,1,1,1,1,1,0,2,2,5,9,3