Year,Distance,Totalinjuries,Totalfatalities,Injuryseverity,Collisionmanner,Lightcondition,Weather,SurfaceCondition,Unittype_One,Gender_Drv1,Traveldirection_One,AlcoholUse_Drv1,DrugUse_Drv1,Unittype_Two,Gender_Drv2,Traveldirection_Two,AlcoholUse_Drv2,DrugUse_Drv2,Hour,Weekday,Month,Weekend,Rush_Hour,Hazardous_Road,Age_Group_Drv1,Age_Group_Drv2,Substance_Use,Junction_Category,Violation_Category_Drv1,Violation_Category_Drv2,Unitaction_Category_Two,Unitaction_Category_One
2017.0,120.0,0.0,0.0,3,6,0,3,4,0,0,9,1,1,0,0,9,1,1,19,5,2,1,1,1,2,1,0,4,7,5,8,3
2017.0,25.0,0.0,0.0,3,10,0,3,4,0,1,1,1,1,0,0,1,1,1,19,5,2,1,1,1,1,1,0,6,9,5,3,2
2017.0,-100.0,0.0,0.0,3,6,0,3,4,0,1,1,1,1,0,0,1,1,1,20,5,2,1,0,1,1,1,0,4,7,5,8,3
2017.0,0.0,0.0,0.0,3,4,0,3,4,0,0,2,1,1,0,1,5,1,1,22,5,2,1,0,1,2,2,0,4,2,5,9,3
2017.0,100.0,0.0,0.0,3,10,0,3,4,0,1,6,1,1,0,1,6,1,1,22,5,2,1,0,1,1,2,0,4,5,5,3,8
2017.0,0.0,2.0,0.0,3,3,0,0,0,0,1,5,1,1,0,1,2,1,1,22,5,2,1,0,0,2,1,0,4,2,5,3,9
2017.0,-120.0,0.0,0.0,3,6,0,3,4,0,1,2,0,1,0,1,2,1,1,2,6,2,1,0,1,1,1,0,4,7,5,8,3
2017.0,318.0,1.0,0.0,3,1,0,3,4,0,0,1,0,1,0,1,2,1,1,2,6,2,1,0,1,1,1,0,6,9,5,9,3
2017.0,-15.0,0.0,0.0,3,10,3,3,4,0,2,7,1,1,0,0,7,1,1,8,6,2,1,1,1,0,1,0,4,9,5,9,9
2017.0,0.0,4.0,0.0,2,1,3,1,4,0,1,9,1,1,0,1,5,1,1,16,6,2,1,1,1,1,1,0,2,7,5,3,3
2017.0,0.0,0.0,0.0,3,1,3,3,4,0,1,9,1,1,0,1,5,1,1,16,6,2,1,1,1,1,1,0,4,5,5,9,3
2017.0,0.0,2.0,0.0,2,1,3,1,0,0,1,7,1,1,0,1,1,1,1,17,6,2,1,1,0,1,1,0,4,2,7,3,9
2017.0,5.0,0.0,0.0,3,6,3,0,0,0,1,5,1,1,0,1,5,1,1,17,6,2,1,1,0,2,2,0,4,8,5,5,3
2017.0,300.0,0.0,0.0,3,6,4,0,0,0,0,9,1,1,0,0,9,1,1,17,6,2,1,1,0,1,2,0,6,7,5,3,3
2017.0,0.0,0.0,0.0,3,10,4,1,4,0,1,5,1,1,0,1,6,1,1,18,6,2,1,1,1,1,1,0,4,2,5,9,3
2017.0,100.0,0.0,0.0,3,1,0,0,0,0,0,9,1,1,1,1,2,1,1,21,6,2,1,0,0,1,1,0,6,7,5,6,3
2017.0,0.0,0.0,0.0,3,10,3,0,0,0,1,6,1,1,0,0,6,1,1,7,0,2,0,1,0,1,1,0,2,4,5,9,9
2017.0,-75.0,0.0,0.0,3,10,3,0,0,0,2,2,1,1,0,0,2,1,1,9,0,2,0,1,0,0,2,0,1,4,5,9,9
2017.0,0.0,0.0,0.0,3,4,3,0,0,0,1,5,1,1,0,0,5,1,1,10,0,2,0,0,0,1,1,0,6,4,5,9,9
2017.0,-50.0,0.0,0.0,3,6,3,0,0,0,1,2,1,1,0,1,2,1,1,11,0,2,0,0,0,1,0,0,4,7,5,8,3
2017.0,0.0,0.0,0.0,3,4,3,0,0,0,0,3,1,1,0,1,9,1,1,11,0,2,0,0,0,2,1,0,4,4,5,3,9
2017.0,-140.0,0.0,0.0,3,6,3,0,0,0,0,1,1,1,0,1,1,1,1,12,0,2,0,0,0,1,1,0,4,7,5,3,3
2017.0,350.0,1.0,0.0,2,1,3,0,0,0,1,2,1,1,0,1,1,1,1,12,0,2,0,0,0,1,1,0,6,2,5,3,5
2017.0,0.1,0.0,0.0,3,12,3,0,3,0,2,8,1,1,1,1,8,1,1,16,0,2,0,1,0,0,1,0,6,5,5,6,5
2017.0,18.0,1.0,0.0,3,6,4,0,0,0,0,5,1,1,0,0,5,1,1,16,0,2,0,1,0,2,0,0,4,7,5,8,3
2017.0,100.0,0.0,0.0,3,6,0,0,0,0,0,1,1,1,0,0,1,1,1,19,0,2,0,1,0,1,2,0,6,7,5,8,3
2017.0,-10.0,0.0,0.0,3,6,0,0,0,0,0,9,1,1,0,1,9,1,1,19,0,2,0,1,0,2,1,0,6,2,5,3,9
2017.0,-175.0,0.0,0.0,3,10,0,0,0,0,1,1,1,1,0,0,1,1,1,21,0,2,0,0,0,1,0,0,6,9,5,3,2
2017.0,0.0,0.0,0.0,3,1,3,0,0,0,0,1,1,1,0,1,2,1,1,7,1,2,0,1,0,2,0,0,4,5,5,3,3
2017.0,150.0,0.0,0.0,3,10,3,0,0,0,0,1,1,1,0,1,1,1,1,7,1,2,0,1,0,2,1,0,6,9,5,3,2
2017.0,180.0,0.0,0.0,3,6,3,0,0,0,0,9,1,1,0,0,9,1,1,8,1,2,0,1,0,0,1,0,6,7,5,8,3
2017.0,-200.0,0.0,0.0,3,4,3,0,0,0,0,9,1,1,0,0,2,1,1,8,1,2,0,1,0,1,2,0,4,2,5,3,9
2017.0,-90.0,0.0,0.0,3,6,3,0,0,0,0,5,1,1,0,0,2,1,1,8,1,2,0,1,0,1,1,0,4,5,5,8,1
2017.0,90.0,0.0,0.0,3,6,3,0,0,0,1,9,1,1,0,0,9,1,1,9,1,2,0,1,0,1,1,0,4,7,5,8,3
2017.0,64.0,0.0,0.0,3,10,3,0,0,0,0,2,1,1,0,1,2,1,1,11,1,2,0,0,0,2,1,0,4,5,5,3,5
2017.0,0.0,0.0,0.0,3,4,3,0,0,0,1,9,1,1,0,1,1,1,1,13,1,2,0,0,0,2,1,0,4,7,5,9,3
2017.0,-100.0,2.0,0.0,2,4,3,0,0,0,0,1,1,1,0,0,5,1,1,14,1,2,0,0,0,0,2,0,6,2,5,3,9
2017.0,-60.0,0.0,0.0,3,10,3,0,0,0,1,5,1,1,0,0,5,1,1,16,1,2,0,1,0,1,1,0,4,9,5,9,9
2017.0,-141.0,0.0,0.0,3,6,4,0,0,0,1,1,1,1,0,1,1,1,1,17,1,2,0,1,0,2,2,0,4,7,5,8,8
2017.0,71.0,0.0,0.0,3,6,3,0,0,0,2,9,1,1,0,1,9,1,1,18,1,2,0,1,0,0,0,0,4,7,5,8,3
2017.0,20.0,0.0,0.0,3,6,0,0,0,0,0,9,1,1,0,1,9,1,1,19,1,2,0,1,0,1,1,0,4,7,5,8,3
2017.0,-50.0,0.0,0.0,3,3,0,0,0,0,2,1,1,1,0,1,2,1,1,19,1,2,0,1,0,0,1,0,6,7,5,8,9
2017.0,-20.0,0.0,0.0,3,6,0,0,0,0,1,1,1,1,0,1,1,1,1,22,1,2,0,0,0,1,2,0,6,5,8,3,3
2017.0,0.0,0.0,0.0,3,4,3,0,0,0,0,6,1,1,0,0,5,1,1,6,2,2,0,0,0,1,2,0,4,5,5,3,9
2017.0,206.0,0.0,0.0,3,10,2,0,0,0,1,2,1,1,0,1,2,1,1,6,2,2,0,0,0,1,1,0,6,5,5,6,9
2017.0,-254.0,0.0,0.0,3,5,3,0,0,0,0,5,1,1,0,0,2,1,1,7,2,2,0,1,0,2,2,0,4,2,5,8,9
2017.0,-490.0,0.0,0.0,3,1,3,0,0,0,0,1,1,1,0,1,1,1,1,9,2,2,0,1,0,0,1,0,6,9,5,3,2
2017.0,0.0,0.0,0.0,3,1,3,0,0,0,1,4,1,1,0,0,2,1,1,9,2,2,0,1,0,2,1,0,2,4,5,3,9
2017.0,225.0,2.0,0.0,2,1,3,1,0,0,1,9,1,1,0,1,2,1,1,11,2,2,0,0,0,2,1,0,0,7,5,3,9
2017.0,0.0,2.0,0.0,2,4,3,0,0,0,0,9,1,1,0,0,1,1,1,11,2,2,0,0,0,1,1,0,4,2,5,3,8
2017.0,-106.0,1.0,0.0,2,4,3,0,0,0,0,2,1,1,0,1,9,1,1,14,2,2,0,0,0,1,2,0,0,2,5,3,9
2017.0,0.0,0.0,0.0,3,4,3,0,0,0,1,1,1,1,0,1,5,1,1,15,2,2,0,0,0,2,2,0,4,2,5,3,9
2017.0,0.0,0.0,0.0,3,4,3,0,0,0,1,9,1,1,0,1,5,1,1,15,2,2,0,0,0,1,1,0,4,2,5,3,9
2017.0,160.0,0.0,0.0,3,10,3,0,0,0,0,5,1,1,0,1,5,1,1,16,2,2,0,1,0,2,1,0,4,9,5,3,2
2017.0,0.0,0.0,0.0,3,4,3,1,0,0,1,2,1,1,0,0,5,1,1,16,2,2,0,1,0,0,2,0,4,2,5,5,5
2017.0,-351.0,0.0,0.0,3,1,3,0,0,0,1,2,1,1,0,0,1,1,1,17,2,2,0,1,0,1,1,0,6,2,5,3,9
2017.0,65.0,0.0,0.0,3,6,3,0,0,0,1,5,1,1,0,1,5,1,1,17,2,2,0,1,0,1,1,0,4,7,5,8,8
2017.0,115.0,0.0,0.0,3,6,0,0,0,0,1,9,1,1,0,1,9,1,1,18,2,2,0,1,0,1,1,0,4,7,5,8,3
2017.0,0.0,0.0,0.0,3,3,4,0,0,0,1,9,1,1,0,1,1,1,1,18,2,2,0,1,0,0,1,0,4,9,5,8,3
2017.0,0.0,1.0,0.0,3,1,0,0,0,0,1,1,1,1,0,1,5,1,1,20,2,2,0,0,0,1,2,0,4,2,5,3,9
2017.0,73.0,2.0,0.0,3,6,0,0,0,0,1,9,1,1,0,1,2,0,1,22,2,2,0,0,0,1,1,0,4,2,7,3,9
2017.0,0.0,0.0,0.0,3,1,3,0,0,0,1,2,1,1,0,0,1,1,1,6,3,2,0,0,0,2,2,0,4,2,5,3,9
2017.0,-199.0,3.0,0.0,2,6,3,0,0,0,1,2,1,1,0,0,2,1,1,8,3,2,0,1,0,1,2,0,4,7,5,8,3
2017.0,-75.0,0.0,0.0,3,10,3,0,0,0,0,7,1,1,0,0,7,1,1,9,3,2,0,1,0,1,1,0,4,5,5,9,9
2017.0,0.0,2.0,0.0,2,4,3,0,0,0,1,2,1,1,0,0,5,1,1,13,3,2,0,0,0,2,2,0,4,2,5,3,9
2017.0,225.0,2.0,0.0,2,4,3,0,0,0,0,5,1,1,0,0,9,1,1,13,3,2,0,0,0,0,1,0,6,2,5,3,9
2017.0,0.0,0.0,0.0,3,1,3,0,0,0,0,9,1,1,0,0,5,1,1,15,3,2,0,0,0,2,1,0,4,2,5,3,9
2017.0,0.0,1.0,0.0,3,4,3,0,0,0,1,9,1,1,0,0,1,1,1,15,3,2,0,0,0,1,1,0,4,2,5,3,9
2017.0,0.0,2.0,0.0,2,4,3,0,0,0,0,9,1,1,0,1,1,1,1,16,3,2,0,1,0,2,0,0,4,2,5,3,9
2017.0,-91.0,0.0,0.0,3,6,3,0,0,0,0,2,1,1,0,1,2,1,1,16,3,2,0,1,0,1,1,0,4,7,5,3,3
2017.0,528.0,0.0,0.0,3,1,3,0,0,0,1,9,1,1,0,0,2,1,1,17,3,2,0,1,0,1,1,0,0,2,5,3,9
2017.0,467.0,1.0,0.0,3,6,3,0,0,0,0,5,1,1,0,0,5,1,1,17,3,2,0,1,0,1,1,0,6,7,5,8,3
2017.0,32.0,0.0,0.0,3,10,3,0,0,0,0,9,1,1,0,1,9,1,1,17,3,2,0,1,0,1,1,0,4,9,5,3,2
2017.0,44.0,0.0,0.0,3,6,3,0,0,0,0,9,1,1,0,0,9,1,1,17,3,2,0,1,0,2,1,0,4,7,5,8,8
2017.0,97.0,0.0,0.0,3,6,0,0,0,0,2,5,1,1,0,1,5,1,1,18,3,2,0,1,0,0,1,0,4,7,5,8,8
2017.0,-86.0,0.0,0.0,3,6,0,0,0,0,1,1,1,1,0,1,1,1,1,18,3,2,0,1,0,1,1,0,4,7,5,8,3
2017.0,84.0,4.0,0.0,2,6,1,0,0,0,1,9,1,1,0,1,9,1,1,19,3,2,0,1,0,2,1,0,4,7,5,8,8
2017.0,-79.0,0.0,0.0,3,6,0,0,0,0,0,2,1,1,0,0,2,1,1,19,3,2,0,1,0,1,1,0,4,8,5,3,3
2017.0,0.0,1.0,0.0,2,4,0,0,0,0,1,1,0,1,0,0,9,1,1,20,3,2,0,0,0,1,2,0,4,2,5,3,9
2017.0,0.0,0.0,0.0,3,1,0,0,0,0,1,9,1,1,0,0,1,1,1,22,3,2,0,0,0,1,0,0,4,2,4,9,9
2017.0,0.0,0.0,0.0,3,6,0,0,0,0,0,9,1,1,0,1,9,1,1,5,4,2,0,0,0,2,1,0,4,7,5,8,3
2017.0,-60.0,0.0,0.0,3,6,0,0,0,0,1,2,1,1,0,1,0,1,1,5,4,2,0,0,0,1,1,0,4,7,5,3,3
2017.0,0.0,0.0,0.0,3,1,0,0,0,0,0,2,1,1,0,1,9,1,1,5,4,2,0,0,0,2,1,0,4,2,5,3,3
2017.0,45.0,0.0,0.0,3,1,3,0,0,0,1,2,1,1,0,1,2,1,1,7,4,2,0,1,0,1,2,0,6,9,5,3,2
2017.0,0.0,0.0,0.0,3,6,3,0,0,0,0,1,1,1,0,0,1,1,1,7,4,2,0,1,0,2,2,0,4,7,5,8,3
2017.0,520.0,1.0,0.0,3,1,3,0,0,0,0,2,0,1,0,1,2,1,1,8,4,2,0,1,0,1,1,0,6,4,5,3,9
2017.0,277.0,0.0,0.0,3,10,3,0,0,0,1,5,1,1,0,0,5,1,1,8,4,2,0,1,0,0,1,0,4,9,5,3,2
2017.0,-99.0,0.0,0.0,3,4,3,0,0,0,1,2,1,1,0,0,5,1,1,9,4,2,0,1,0,1,2,0,4,2,5,3,9
2017.0,-170.0,2.0,0.0,3,5,3,0,0,0,0,2,1,1,3,0,9,1,1,11,4,2,0,0,0,1,1,0,0,2,5,7,9
2017.0,640.0,2.0,0.0,3,6,3,0,0,0,0,2,1,1,0,0,2,1,1,14,4,2,0,0,0,2,2,0,4,7,5,8,3
2017.0,-458.0,2.0,0.0,2,1,3,0,0,0,0,5,1,1,0,1,9,1,1,14,4,2,0,0,0,1,2,0,6,2,5,3,9
2017.0,-103.0,0.0,0.0,3,10,3,0,0,0,1,9,1,1,0,1,9,1,1,16,4,2,0,1,0,2,0,0,4,9,5,3,2
2017.0,0.0,1.0,0.0,2,1,3,0,0,0,1,5,1,1,0,1,9,1,1,16,4,2,0,1,0,2,1,0,4,2,5,3,9
2017.0,90.0,0.0,0.0,3,6,3,0,0,0,0,5,1,1,0,0,5,1,1,16,4,2,0,1,0,1,2,0,4,7,5,8,3
2017.0,63.0,0.0,0.0,3,10,3,0,0,0,1,5,1,1,0,0,5,1,1,16,4,2,0,1,0,0,1,0,4,9,5,3,2
2017.0,0.0,0.0,0.0,3,4,3,0,0,0,1,5,1,1,0,1,2,1,1,16,4,2,0,1,0,2,1,0,4,2,5,3,9
2017.0,300.0,0.0,0.0,3,10,0,0,0,0,0,9,1,1,0,0,9,1,1,19,4,2,0,1,0,1,1,0,6,9,5,3,2
2017.0,-144.0,0.0,0.0,3,6,0,0,0,0,0,5,1,1,0,1,5,1,1,19,4,2,0,1,0,1,1,0,6,7,5,9,3
2017.0,47.0,0.0,0.0,3,5,0,0,0,2,1,5,1,1,0,1,5,1,1,20,4,2,0,0,0,2,1,0,6,7,5,9,2
2017.0,0.0,0.0,0.0,3,1,0,0,0,0,2,1,1,1,0,1,2,1,1,22,4,2,0,0,0,0,2,0,4,2,5,3,3
2017.0,-50.0,2.0,0.0,2,6,3,0,0,0,2,2,1,1,0,0,2,1,1,9,5,2,1,1,0,0,1,0,4,5,5,8,3
2017.0,240.0,0.0,0.0,3,10,3,0,0,0,1,2,1,1,0,1,2,1,1,9,5,2,1,1,0,1,1,0,6,9,5,3,2
2017.0,10.0,0.0,0.0,3,6,3,0,0,0,0,9,1,1,0,1,9,1,1,10,5,2,1,0,0,2,1,0,6,7,5,8,3
2017.0,0.0,0.0,0.0,3,6,3,0,0,0,1,1,1,1,0,1,1,1,1,10,5,2,1,0,0,2,0,0,4,7,5,8,3
2017.0,5.0,0.0,0.0,3,6,3,0,0,0,1,5,1,1,0,1,5,1,1,10,5,2,1,0,0,0,1,0,4,7,5,9,9
2017.0,-12.0,0.0,0.0,3,6,3,0,3,0,0,2,1,1,0,0,2,1,1,10,5,2,1,0,0,0,2,0,4,8,5,9,9
2017.0,30.0,0.0,0.0,3,10,3,0,0,0,1,2,1,1,0,1,2,1,1,11,5,2,1,0,0,1,1,0,4,9,5,3,3
2017.0,165.0,0.0,0.0,3,6,3,0,0,0,0,5,1,1,0,0,5,1,1,12,5,2,1,0,0,2,1,0,4,7,5,8,3
2017.0,0.0,0.0,0.0,3,4,3,0,0,0,1,9,1,1,0,0,5,1,1,14,5,2,1,0,0,2,0,0,4,2,5,3,3
2017.0,0.0,1.0,0.0,1,4,3,0,0,0,1,2,1,1,0,1,5,1,1,16,5,2,1,1,0,1,2,0,4,4,5,3,9
2017.0,-65.0,0.0,0.0,3,6,0,0,0,0,0,1,1,1,0,1,1,1,1,18,5,2,1,1,0,1,1,0,4,7,5,8,3
2017.0,370.0,6.0,0.0,3,6,0,0,0,0,1,9,1,1,0,1,9,1,1,20,5,2,1,0,0,1,1,0,4,7,5,8,8
2017.0,60.0,0.0,0.0,3,6,0,0,0,0,2,9,1,1,0,1,9,1,1,21,5,2,1,0,0,0,1,0,4,7,5,8,3
2017.0,-50.0,0.0,0.0,3,6,0,0,0,0,1,2,1,1,0,1,2,1,1,22,5,2,1,0,0,2,2,0,4,7,5,8,3
2017.0,-592.0,2.0,0.0,2,10,0,0,0,0,1,9,1,1,0,0,9,1,1,0,6,2,1,0,0,1,2,0,6,9,5,3,2
2017.0,-215.0,0.0,0.0,3,1,3,0,0,0,1,4,1,1,0,0,2,1,1,5,6,2,1,0,0,2,1,0,0,7,5,3,9
2017.0,-54.0,2.0,0.0,2,4,3,0,0,0,0,9,1,1,0,0,1,1,1,9,6,2,1,1,0,0,0,0,6,2,5,3,9
2017.0,-250.0,0.0,0.0,3,10,3,0,0,0,2,5,1,1,0,0,5,1,1,13,6,2,1,0,0,0,1,0,6,9,5,3,2
2017.0,312.0,0.0,0.0,3,6,3,0,0,0,0,1,1,1,0,1,1,1,1,15,6,2,1,0,0,1,1,0,6,7,5,3,3
2017.0,-25.0,0.0,0.0,3,6,3,0,0,0,0,1,1,1,0,0,1,1,1,16,6,2,1,1,0,1,1,0,4,8,5,9,9
2017.0,550.0,0.0,0.0,3,6,3,0,0,0,0,9,1,1,0,1,9,1,1,16,6,2,1,1,0,1,1,0,6,7,5,9,3
2017.0,400.0,0.0,0.0,3,6,3,0,0,0,0,2,1,1,0,0,2,1,1,6,0,2,0,0,0,1,1,0,6,7,5,8,3
2017.0,-300.0,2.0,0.0,2,6,3,0,0,0,1,1,1,1,0,1,1,1,1,6,0,2,0,0,0,2,2,0,6,7,5,8,3
2017.0,170.0,1.0,0.0,2,6,3,0,0,0,1,9,1,1,0,1,9,1,1,10,0,2,0,0,0,1,1,0,4,7,5,8,3
2017.0,99.0,0.0,0.0,3,6,3,0,0,0,1,9,1,1,0,0,9,1,1,10,0,2,0,0,0,1,2,0,4,7,5,8,3
2017.0,-150.0,1.0,0.0,2,6,3,0,0,0,1,2,1,1,0,1,2,1,1,11,0,2,0,0,0,1,1,0,4,7,5,8,3
2017.0,50.0,0.0,0.0,3,3,3,0,0,0,0,2,1,1,1,1,5,1,1,12,0,2,0,0,0,0,2,0,6,7,5,6,3
2017.0,0.0,2.0,0.0,2,4,3,0,0,0,0,9,1,1,0,1,5,1,1,13,0,2,0,0,0,0,1,0,4,2,5,9,3
2017.0,-460.0,1.0,0.0,2,4,3,0,0,0,1,9,1,1,0,0,1,1,1,16,0,2,0,1,0,2,2,0,6,2,5,3,9
2017.0,0.0,1.0,0.0,2,4,3,1,0,0,1,9,1,1,0,0,1,1,1,17,0,2,0,1,0,2,2,0,4,2,5,3,9
2017.0,-10.0,1.0,0.0,2,5,0,3,4,0,1,9,1,1,2,0,8,1,1,19,0,2,0,1,1,2,2,0,4,5,5,7,9
2017.0,44.0,0.0,0.0,3,6,0,3,4,0,1,9,1,1,0,0,9,1,1,19,0,2,0,1,1,2,1,0,4,7,5,8,8
2017.0,-40.0,1.0,0.0,3,6,0,3,4,0,0,1,1,1,0,1,1,1,1,19,0,2,0,1,1,1,1,0,4,7,5,3,3
2017.0,0.0,0.0,0.0,3,4,0,3,4,0,0,5,1,1,0,1,2,1,1,23,0,2,0,0,1,2,1,0,2,5,5,9,3
2017.0,254.0,2.0,0.0,1,4,0,0,0,0,1,9,0,1,0,0,9,1,1,23,0,2,0,0,0,1,2,0,6,2,5,3,9
2017.0,0.0,0.0,0.0,3,4,2,3,4,0,1,2,1,1,0,0,5,1,1,6,1,2,0,0,1,2,1,0,4,5,2,9,3
2017.0,0.0,2.0,0.0,2,4,3,3,4,0,1,9,1,1,0,0,1,1,1,7,1,2,0,1,1,0,1,0,4,2,5,3,9
2017.0,-80.0,0.0,0.0,3,6,3,3,4,0,0,2,1,1,0,1,2,1,1,7,1,2,0,1,1,1,1,0,6,7,5,8,3
2017.0,565.0,1.0,0.0,2,6,3,3,4,0,0,2,1,1,0,0,2,1,1,8,1,2,0,1,1,2,1,0,4,7,5,8,3
2017.0,-94.0,0.0,0.0,3,6,3,0,0,0,1,2,1,1,0,1,2,1,1,8,1,2,0,1,0,1,2,0,4,7,5,8,3
2017.0,120.0,1.0,0.0,2,6,3,1,4,0,1,5,1,1,0,0,5,1,1,8,1,2,0,1,1,0,2,0,4,7,5,8,3
2017.0,-88.0,1.0,0.0,3,6,3,1,4,0,0,1,1,1,0,1,1,1,1,9,1,2,0,1,1,2,1,0,4,7,5,8,3
2017.0,124.0,0.0,0.0,3,10,3,1,4,0,0,5,1,1,0,1,5,1,1,11,1,2,0,0,1,2,1,0,2,9,5,8,2
2017.0,-40.0,0.0,0.0,3,6,3,1,0,0,1,1,1,1,0,1,1,1,1,11,1,2,0,0,0,1,1,0,4,5,5,8,3
2017.0,111.0,0.0,0.0,3,6,3,3,4,0,1,9,1,1,0,0,9,1,1,11,1,2,0,0,1,2,2,0,4,7,5,8,8
2017.0,-130.0,0.0,0.0,3,6,3,0,4,0,1,5,1,1,0,1,5,1,1,11,1,2,0,0,1,2,2,0,4,7,5,8,3
2017.0,480.0,0.0,0.0,3,6,3,3,0,0,1,2,1,1,0,0,2,1,1,11,1,2,0,0,0,1,1,0,6,7,5,8,3
2017.0,-40.0,0.0,0.0,3,6,3,0,0,0,1,1,1,1,0,1,1,1,1,12,1,2,0,0,0,1,2,0,4,7,5,8,3
2017.0,58.0,2.0,0.0,2,6,3,1,0,0,1,5,1,1,0,0,5,1,1,12,1,2,0,0,0,0,2,0,4,7,5,8,3
2017.0,-25.0,0.0,0.0,3,6,3,1,0,0,1,1,1,1,0,1,1,1,1,13,1,2,0,0,0,1,1,0,2,7,5,8,3
2017.0,-217.0,2.0,0.0,2,1,3,0,0,0,0,2,1,1,0,0,5,1,1,14,1,2,0,0,0,2,2,0,0,2,5,3,9
2017.0,-100.0,2.0,0.0,2,6,3,0,0,0,1,1,1,1,0,1,1,1,1,15,1,2,0,0,0,1,1,0,4,7,5,8,3
2017.0,-263.0,2.0,0.0,2,6,3,0,0,0,0,5,1,1,0,1,5,1,1,15,1,2,0,0,0,2,1,0,6,7,5,8,3
2017.0,146.0,0.0,0.0,3,1,3,0,0,0,1,1,1,1,0,0,2,1,1,15,1,2,0,0,0,2,1,0,6,2,5,3,9
2017.0,35.0,0.0,0.0,3,6,3,0,0,0,2,1,1,1,0,0,1,1,1,16,1,2,0,1,0,0,2,0,6,7,5,3,9
2017.0,60.0,1.0,0.0,3,6,3,0,0,0,0,5,1,1,0,0,5,1,1,16,1,2,0,1,0,0,1,0,6,7,5,8,3
2017.0,134.0,0.0,0.0,3,10,0,0,0,0,0,5,1,1,0,0,5,1,1,18,1,2,0,1,0,2,1,0,6,9,5,3,2
2017.0,0.0,0.0,0.0,3,4,4,0,0,0,1,2,1,1,0,0,5,1,1,18,1,2,0,1,0,2,1,0,6,2,5,3,9
2017.0,40.0,1.0,0.0,3,10,4,0,0,0,0,9,1,1,0,0,9,1,1,18,1,2,0,1,0,1,2,0,6,9,5,3,3
2017.0,0.0,1.0,0.0,3,1,0,0,0,0,1,4,1,1,0,1,1,1,1,19,1,2,0,1,0,2,2,0,4,4,5,3,9
2017.0,77.0,0.0,0.0,3,3,0,0,0,0,2,1,1,1,0,0,9,1,1,20,1,2,0,0,0,0,1,0,6,5,5,3,3
2017.0,606.0,0.0,0.0,3,6,3,0,0,0,2,1,1,1,0,1,1,1,1,6,2,3,0,0,0,0,1,0,6,7,5,3,3
2017.0,-175.0,0.0,0.0,3,4,3,0,0,0,1,5,1,1,0,0,2,1,1,8,2,3,0,1,0,1,1,0,0,2,5,3,9
2017.0,53.0,0.0,0.0,3,6,3,0,0,0,0,5,1,1,0,1,5,1,1,11,2,3,0,0,0,1,1,0,4,7,5,8,3
2017.0,54.0,0.0,0.0,3,1,3,0,0,0,1,2,1,1,0,1,2,1,1,12,2,3,0,0,0,1,1,0,4,4,7,9,9
2017.0,117.0,0.0,0.0,3,10,3,0,0,0,0,5,1,1,0,0,5,1,1,13,2,3,0,0,0,1,1,0,4,9,5,3,2
2017.0,219.0,0.0,0.0,3,6,3,0,0,0,1,1,1,1,0,1,1,1,1,15,2,3,0,0,0,1,1,0,6,7,5,8,3
2017.0,30.0,0.0,0.0,3,6,3,0,0,0,1,9,1,1,0,0,9,1,1,15,2,3,0,0,0,1,1,0,4,7,5,8,3
2017.0,91.0,0.0,0.0,3,6,3,0,0,0,1,1,1,1,0,0,9,1,1,16,2,3,0,1,0,0,1,0,2,5,5,8,1
2017.0,-518.0,1.0,0.0,2,6,3,0,0,0,1,9,1,1,0,0,9,1,1,17,2,3,0,1,0,1,2,0,6,7,5,8,8
2017.0,-348.0,0.0,0.0,3,1,3,0,0,0,1,9,1,1,0,1,2,1,1,17,2,3,0,1,0,2,1,0,6,2,5,3,9
2017.0,-96.0,1.0,0.0,2,6,0,0,0,0,0,1,0,1,0,1,1,1,1,19,2,3,0,1,0,1,2,0,4,7,5,8,3
2017.0,-88.0,1.0,0.0,2,6,0,0,0,0,1,2,0,1,0,1,2,1,1,2,3,3,0,0,0,2,1,0,4,7,5,8,3
2017.0,80.0,1.0,0.0,2,6,3,0,0,0,1,5,0,0,0,1,5,1,1,5,3,3,0,0,0,2,1,0,4,7,5,8,3
2017.0,0.0,0.0,0.0,3,4,3,0,0,0,1,1,1,1,0,0,9,1,1,6,3,3,0,0,0,1,1,0,4,2,5,3,9
2017.0,215.0,0.0,0.0,3,6,3,0,0,0,1,2,1,1,0,1,2,1,1,6,3,3,0,0,0,2,1,0,6,7,5,9,3
2017.0,-25.0,0.0,0.0,3,6,3,0,0,0,1,2,1,1,0,1,2,1,1,8,3,3,0,1,0,1,1,0,2,7,5,8,3
2017.0,-180.0,0.0,0.0,3,4,3,0,0,0,0,5,1,1,0,1,2,1,1,8,3,3,0,1,0,0,1,0,0,2,5,2,9
2017.0,261.0,0.0,0.0,3,1,3,0,0,0,1,1,1,1,0,0,5,1,1,8,3,3,0,1,0,1,1,0,4,2,5,3,9
2017.0,52.0,0.0,0.0,3,6,3,0,0,0,0,9,1,1,0,1,9,1,1,9,3,3,0,1,0,2,2,0,4,7,5,8,3
2017.0,-415.0,1.0,0.0,3,6,3,0,0,0,0,2,1,1,0,0,2,1,1,9,3,3,0,1,0,2,1,0,6,7,5,8,3
2017.0,-200.0,0.0,0.0,3,6,3,0,0,0,1,2,1,1,0,0,2,1,1,9,3,3,0,1,0,2,1,0,2,7,5,8,3
2017.0,0.0,1.0,0.0,3,10,3,0,0,0,1,9,1,1,2,1,9,1,1,10,3,3,0,0,0,0,2,0,4,4,5,3,9