Year,Distance,Totalinjuries,Totalfatalities,Injuryseverity,Collisionmanner,Lightcondition,Weather,SurfaceCondition,Unittype_One,Gender_Drv1,Traveldirection_One,AlcoholUse_Drv1,DrugUse_Drv1,Unittype_Two,Gender_Drv2,Traveldirection_Two,AlcoholUse_Drv2,DrugUse_Drv2,Hour,Weekday,Month,Weekend,Rush_Hour,Hazardous_Road,Age_Group_Drv1,Age_Group_Drv2,Substance_Use,Junction_Category,Violation_Category_Drv1,Violation_Category_Drv2,Unitaction_Category_Two,Unitaction_Category_One
2017.0,-93.0,0.0,0.0,3,6,3,0,0,0,1,1,1,1,0,0,1,1,1,10,3,3,0,0,0,0,0,0,4,7,5,8,3
2017.0,0.0,1.0,0.0,3,4,3,0,0,0,0,5,1,1,0,1,2,1,1,11,3,3,0,0,0,1,2,0,4,2,5,3,9
2017.0,168.0,0.0,0.0,3,10,3,0,0,0,1,1,1,1,0,0,1,1,1,12,3,3,0,0,0,0,0,0,6,9,5,3,2
2017.0,575.0,0.0,0.0,3,10,3,0,0,0,0,9,1,1,0,0,9,1,1,14,3,3,0,0,0,1,1,0,6,4,5,9,2
2017.0,-424.0,0.0,0.0,3,6,3,0,0,0,1,5,1,1,0,1,5,1,1,15,3,3,0,0,0,2,2,0,6,7,5,8,3
2017.0,-275.0,0.0,0.0,3,1,3,0,0,0,0,1,1,1,0,0,5,1,1,16,3,3,0,1,0,2,2,0,0,2,5,3,9
2017.0,130.0,0.0,0.0,3,6,3,0,0,0,0,2,1,1,0,1,2,1,1,17,3,3,0,1,0,0,1,0,6,7,5,8,3
2017.0,139.0,0.0,0.0,3,1,0,0,0,0,0,9,1,1,0,0,5,1,1,18,3,3,0,1,0,1,1,0,0,9,5,3,2
2017.0,75.0,0.0,0.0,3,6,4,0,0,0,1,5,1,1,0,0,5,1,1,19,3,3,0,1,0,2,1,0,4,7,5,8,3
2017.0,0.0,0.0,0.0,3,4,0,0,0,0,0,5,1,1,0,0,1,1,1,19,3,3,0,1,0,2,1,0,4,2,5,3,9
2017.0,-50.0,0.0,0.0,3,6,0,0,0,0,2,5,1,1,1,1,5,1,1,22,3,3,0,0,0,0,1,0,4,7,5,6,3
2017.0,121.0,3.0,0.0,2,6,3,0,0,0,0,9,1,1,0,1,9,1,1,9,4,3,0,1,0,2,1,0,4,7,5,8,3
2017.0,261.0,1.0,0.0,3,6,3,0,0,0,1,1,1,1,0,1,1,1,1,13,4,3,0,0,0,1,2,0,0,7,5,8,3
2017.0,-115.0,1.0,0.0,3,10,3,0,0,0,0,5,1,1,0,1,5,1,1,13,4,3,0,0,0,1,1,0,6,9,5,3,2
2017.0,440.0,2.0,0.0,2,4,3,0,0,0,1,1,1,1,0,1,5,1,1,15,4,3,0,0,0,1,2,0,0,2,5,3,9
2017.0,-55.0,0.0,0.0,3,6,3,0,0,0,0,2,1,1,0,0,2,1,1,16,4,3,0,1,0,2,1,0,4,7,5,8,3
2017.0,-53.0,0.0,0.0,3,10,3,1,0,0,0,2,1,1,0,0,2,1,1,17,4,3,0,1,0,1,1,0,4,4,5,9,9
2017.0,-60.0,1.0,0.0,2,6,3,0,0,0,1,5,1,1,0,0,5,1,1,17,4,3,0,1,0,2,1,0,6,7,5,8,3
2017.0,-127.0,2.0,0.0,2,6,3,0,0,0,1,9,1,1,0,1,9,1,1,18,4,3,0,1,0,1,2,0,6,7,5,3,3
2017.0,102.0,1.0,0.0,3,6,0,0,0,0,1,9,1,1,0,0,9,1,1,19,4,3,0,1,0,1,1,0,6,7,5,3,3
2017.0,-117.0,1.0,0.0,3,6,0,0,0,0,1,9,1,1,0,0,9,1,1,20,4,3,0,0,0,1,1,0,4,7,5,8,3
2017.0,1800.0,0.0,0.0,3,10,0,0,0,0,1,2,1,1,0,1,2,1,1,21,4,3,0,0,0,2,1,0,4,9,5,3,2
2017.0,0.0,0.0,0.0,3,1,3,0,0,0,0,1,1,1,0,0,1,1,1,22,4,3,0,0,0,2,1,0,2,5,5,9,3
2017.0,0.0,0.0,0.0,3,1,0,0,0,0,0,1,0,1,0,0,5,1,1,22,4,3,0,0,0,2,1,0,6,2,5,3,3
2017.0,-102.0,1.0,0.0,2,4,0,0,0,0,1,1,0,1,0,0,9,1,1,1,5,3,1,0,0,1,2,0,6,2,5,3,9
2017.0,25.0,0.0,0.0,3,5,0,0,0,0,0,9,1,1,0,1,9,1,1,5,5,3,1,0,0,0,1,0,4,9,5,8,1
2017.0,0.0,1.0,0.0,3,4,3,0,0,0,1,2,1,1,0,1,5,1,1,7,5,3,1,1,0,2,1,0,4,2,5,9,3
2017.0,-140.0,0.0,0.0,3,10,3,0,0,0,1,2,1,1,0,1,2,1,1,9,5,3,1,1,0,1,1,0,4,9,5,3,2
2017.0,100.0,0.0,0.0,3,1,3,0,0,0,0,2,1,1,0,1,1,1,1,11,5,3,1,0,0,2,0,0,6,4,5,3,9
2017.0,-40.0,0.0,0.0,3,6,3,1,0,0,1,9,1,1,0,1,9,1,1,14,5,3,1,0,0,2,1,0,6,7,5,8,3
2017.0,25.0,0.0,0.0,3,6,3,0,0,0,0,5,1,1,0,0,5,1,1,15,5,3,1,0,0,0,1,0,4,9,5,8,2
2017.0,0.0,0.0,0.0,3,6,3,0,0,0,0,2,1,1,0,1,2,1,1,16,5,3,1,1,0,1,2,0,4,7,5,8,3
2017.0,-104.0,0.0,0.0,3,6,3,0,0,0,1,1,1,1,0,0,1,1,1,16,5,3,1,1,0,1,2,0,6,7,5,8,3
2017.0,-161.0,1.0,0.0,3,4,0,0,0,0,1,2,1,1,0,0,1,1,1,19,5,3,1,1,0,1,1,0,6,4,5,3,9
2017.0,-169.0,0.0,0.0,3,6,0,0,0,0,1,9,1,1,0,1,9,1,1,0,6,3,1,0,0,1,1,0,6,7,5,8,8
2017.0,0.0,1.0,0.0,3,1,0,0,0,0,1,1,0,1,0,0,2,1,1,1,6,3,1,0,0,1,1,0,2,2,5,9,3
2017.0,-120.0,0.0,0.0,3,6,0,0,0,0,1,5,0,1,1,1,5,1,1,3,6,3,1,0,0,1,1,0,6,7,5,6,3
2017.0,0.0,0.0,0.0,3,10,3,0,0,0,0,1,1,1,0,1,1,1,1,11,6,3,1,0,0,1,0,0,4,9,5,3,3
2017.0,0.0,0.0,0.0,3,10,3,0,0,0,0,2,1,1,0,0,2,1,1,14,6,3,1,0,0,1,1,0,2,5,5,9,3
2017.0,0.0,0.0,0.0,3,4,3,1,0,0,1,9,1,1,0,0,2,1,1,14,6,3,1,0,0,2,2,0,4,2,5,9,3
2017.0,100.0,1.0,0.0,3,6,0,0,0,0,1,5,1,1,0,1,5,1,1,19,6,3,1,1,0,1,1,0,6,7,5,8,3
2017.0,0.0,0.0,0.0,3,4,0,0,0,0,1,1,0,1,0,0,9,1,1,19,6,3,1,1,0,1,2,0,4,2,5,3,9
2017.0,-10.0,1.0,0.0,3,5,0,0,0,0,1,2,1,1,3,1,1,1,1,21,6,3,1,0,0,2,2,0,4,2,5,7,9
2017.0,-400.0,0.0,0.0,3,10,3,0,0,0,1,2,1,1,0,1,2,1,1,6,0,3,0,0,0,1,2,0,4,9,5,3,2
2017.0,594.0,0.0,0.0,3,3,3,0,0,0,2,9,1,1,1,1,1,1,1,8,0,3,0,1,0,0,1,0,6,9,5,6,3
2017.0,-167.0,0.0,0.0,3,1,3,0,0,0,0,1,1,1,0,1,5,1,1,10,0,3,0,0,0,2,1,0,6,2,5,3,9
2017.0,0.0,1.0,0.0,3,4,3,0,0,0,1,1,1,1,0,1,9,1,1,11,0,3,0,0,0,1,0,0,4,2,5,3,9
2017.0,100.0,1.0,0.0,3,1,3,0,0,0,2,3,1,1,0,0,5,1,1,13,0,3,0,0,0,0,1,0,6,2,5,3,5
2017.0,0.0,1.0,0.0,2,4,3,0,0,0,0,2,1,1,0,1,5,1,1,14,0,3,0,0,0,1,1,0,4,2,5,3,9
2017.0,290.0,0.0,0.0,3,10,3,0,0,0,1,5,1,1,0,1,5,1,1,16,0,3,0,1,0,0,0,0,6,5,5,2,2
2017.0,-130.0,0.0,0.0,3,10,3,0,0,0,1,9,1,1,0,1,9,1,1,17,0,3,0,1,0,2,1,0,6,9,5,3,2
2017.0,-45.0,0.0,0.0,3,4,3,0,0,0,1,2,1,1,0,0,5,1,1,17,0,3,0,1,0,1,1,0,6,2,5,3,9
2017.0,30.0,2.0,0.0,2,5,0,0,0,0,0,9,1,1,0,1,5,1,1,22,0,3,0,0,0,2,1,0,4,7,5,8,3
2017.0,-20.0,0.0,0.0,3,6,0,0,0,0,0,5,1,1,0,1,5,1,1,22,0,3,0,0,0,2,1,0,4,5,5,5,5
2017.0,75.0,0.0,0.0,3,6,3,0,0,0,1,9,1,1,0,1,9,1,1,6,1,3,0,0,0,1,1,0,4,7,5,8,3
2017.0,96.0,1.0,0.0,2,1,3,0,0,2,1,9,1,1,0,1,2,1,1,6,1,3,0,0,0,1,2,0,4,5,5,3,3
2017.0,80.0,0.0,0.0,3,6,3,0,0,0,1,9,1,1,0,1,9,1,1,7,1,3,0,1,0,1,0,0,4,7,5,8,3
2017.0,-100.0,3.0,0.0,2,6,3,0,0,0,1,1,1,1,0,1,1,1,1,7,1,3,0,1,0,2,1,0,6,7,5,8,3
2017.0,105.0,0.0,0.0,3,6,3,0,0,0,1,9,1,1,0,1,9,1,1,8,1,3,0,1,0,1,1,0,4,7,5,8,3
2017.0,-247.0,0.0,0.0,3,1,3,0,0,0,0,9,1,1,0,1,2,1,1,8,1,3,0,1,0,1,1,0,0,2,5,3,9
2017.0,634.0,0.0,0.0,3,10,3,0,0,0,1,9,1,1,0,1,9,1,1,8,1,3,0,1,0,1,1,0,0,9,5,8,2
2017.0,-720.0,0.0,0.0,3,6,3,0,0,0,0,9,1,1,0,0,9,1,1,11,1,3,0,0,0,2,0,0,6,7,5,8,3
2017.0,118.0,1.0,0.0,3,6,3,0,0,0,1,1,1,1,0,0,1,1,1,14,1,3,0,0,0,1,0,0,6,7,5,8,3
2017.0,625.0,0.0,0.0,3,6,3,0,0,0,0,5,1,1,0,1,5,1,1,16,1,3,0,1,0,1,0,0,4,7,5,8,8
2017.0,140.0,0.0,0.0,3,6,3,0,0,0,0,1,1,1,0,0,1,1,1,16,1,3,0,1,0,2,0,0,6,7,5,8,3
2017.0,-139.0,2.0,0.0,3,6,3,0,0,0,0,2,1,1,0,1,2,1,1,16,1,3,0,1,0,1,1,0,2,7,5,8,3
2017.0,-116.0,0.0,0.0,3,10,3,0,0,0,1,5,1,1,0,1,5,1,1,17,1,3,0,1,0,2,1,0,6,9,5,3,2
2017.0,58.0,1.0,0.0,1,6,3,0,0,0,0,9,1,1,0,0,9,1,1,17,1,3,0,1,0,1,1,0,4,7,5,8,3
2017.0,0.0,2.0,0.0,3,1,0,0,0,0,1,9,0,1,0,0,2,1,1,18,1,3,0,1,0,1,1,0,4,2,5,3,3
2017.0,0.0,0.0,0.0,3,10,3,0,0,0,2,2,1,1,0,0,4,1,1,18,1,3,0,1,0,0,2,0,2,4,5,9,3
2017.0,0.0,0.0,0.0,3,10,0,0,0,0,0,1,1,1,0,1,3,1,1,19,1,3,0,1,0,2,1,0,4,8,5,9,3
2017.0,-17.0,0.0,0.0,3,6,0,0,0,0,1,2,1,1,0,0,2,1,1,20,1,3,0,0,0,2,1,0,4,7,5,9,9
2017.0,0.0,1.0,0.0,3,4,3,0,0,0,0,5,1,1,0,0,2,1,1,7,2,3,0,1,0,1,2,0,4,2,5,3,9
2017.0,-275.0,2.0,0.0,2,4,3,0,0,0,1,5,1,1,0,0,2,1,1,8,2,3,0,1,0,0,0,0,4,2,5,3,9
2017.0,60.0,2.0,0.0,2,6,3,0,0,0,1,2,1,1,0,1,2,1,1,8,2,3,0,1,0,1,1,0,6,7,5,8,3
2017.0,-86.0,0.0,0.0,3,10,3,0,0,0,0,9,1,1,0,0,9,1,1,8,2,3,0,1,0,1,2,0,6,5,5,3,2
2017.0,240.0,0.0,0.0,3,1,3,0,0,0,1,5,1,1,0,0,9,1,1,9,2,3,0,1,0,1,2,0,0,2,5,3,9
2017.0,411.0,2.0,0.0,2,5,3,0,0,0,1,2,1,1,0,0,2,1,1,9,2,3,0,1,0,1,1,0,6,7,5,3,9
2017.0,-80.0,0.0,0.0,3,6,3,0,0,0,0,2,1,1,0,1,2,1,1,10,2,3,0,0,0,1,1,0,4,7,5,8,3
2017.0,-195.0,2.0,0.0,3,10,3,0,0,0,1,5,1,1,0,0,5,1,1,11,2,3,0,0,0,0,1,0,0,4,5,3,9
2017.0,-171.0,0.0,0.0,3,1,3,0,0,0,1,1,1,1,0,0,5,1,1,11,2,3,0,0,0,0,0,0,6,2,5,5,5
2017.0,0.0,2.0,0.0,2,1,3,0,0,0,1,1,1,1,0,1,5,1,1,12,2,3,0,0,0,1,1,0,4,2,5,3,3
2017.0,-516.0,1.0,0.0,3,5,3,0,0,0,0,9,1,1,3,1,5,0,1,12,2,3,0,0,0,1,1,0,6,2,5,7,3
2017.0,140.0,0.0,0.0,3,6,3,0,0,0,1,9,1,1,0,1,9,1,1,12,2,3,0,0,0,1,1,0,4,7,5,8,3
2017.0,-432.0,0.0,0.0,3,4,3,0,0,0,1,2,1,1,0,0,9,1,1,16,2,3,0,1,0,2,2,0,6,2,5,3,9
2017.0,-200.0,0.0,0.0,3,10,3,0,0,0,0,2,1,1,0,1,2,1,1,16,2,3,0,1,0,1,1,0,0,4,5,8,3
2017.0,23.0,1.0,0.0,2,5,3,0,0,2,1,9,1,1,0,0,5,1,1,17,2,3,0,1,0,1,1,0,4,2,5,9,9
2017.0,261.0,0.0,0.0,3,6,0,0,0,0,1,1,1,1,0,1,1,1,1,20,2,3,0,0,0,2,1,0,6,5,5,3,5
2017.0,-125.0,0.0,0.0,3,10,3,0,0,0,0,5,1,1,0,1,5,1,1,8,3,3,0,1,0,0,1,0,6,9,5,9,2
2017.0,-60.0,0.0,0.0,3,6,3,0,0,0,1,1,1,1,0,0,1,1,1,8,3,3,0,1,0,1,1,0,4,7,5,8,3
2017.0,0.0,0.0,0.0,3,4,3,0,0,0,0,9,1,1,0,1,5,1,1,11,3,3,0,0,0,1,1,0,4,2,5,3,9
2017.0,102.0,1.0,0.0,3,6,3,0,0,0,1,5,1,1,0,0,5,1,1,13,3,3,0,0,0,2,1,0,4,7,5,8,3
2017.0,-10.0,0.0,0.0,3,10,3,0,0,0,1,1,1,1,0,1,1,1,1,13,3,3,0,0,0,1,1,0,4,5,5,8,8
2017.0,115.0,0.0,0.0,3,6,3,0,0,0,1,9,1,1,0,0,9,1,1,14,3,3,0,0,0,2,0,0,4,7,5,8,3
2017.0,251.0,3.0,0.0,2,4,3,0,0,0,0,9,1,1,0,1,2,1,1,14,3,3,0,0,0,1,1,0,0,2,5,3,9
2017.0,132.0,0.0,0.0,3,6,3,0,0,0,0,9,1,1,0,1,9,1,1,14,3,3,0,0,0,2,1,0,4,7,5,8,3
2017.0,0.1,0.0,0.0,3,1,3,0,0,0,0,1,1,1,0,1,1,1,1,15,3,3,0,0,0,2,1,0,6,5,5,3,2
2017.0,200.0,0.0,0.0,3,1,3,0,0,0,1,9,1,1,0,1,9,1,1,16,3,3,0,1,0,1,1,0,4,9,5,3,2
2017.0,150.0,0.0,0.0,3,6,3,0,0,0,1,9,1,1,0,1,9,1,1,17,3,3,0,1,0,2,0,0,4,7,5,8,3
2017.0,0.0,1.0,0.0,3,4,3,0,0,0,0,2,1,1,0,1,5,1,1,17,3,3,0,1,0,1,1,0,4,2,5,3,9
2017.0,-125.0,0.0,0.0,3,4,4,0,0,0,0,2,1,1,0,1,1,1,1,17,3,3,0,1,0,1,1,0,0,2,5,3,9
2017.0,0.0,1.0,0.0,3,10,3,0,0,0,1,2,1,1,0,1,2,1,1,17,3,3,0,1,0,1,1,0,4,5,5,9,9
2017.0,-100.0,0.0,0.0,3,6,3,0,0,0,2,5,1,1,0,0,5,1,1,17,3,3,0,1,0,0,1,0,6,7,5,3,3
2017.0,1000.0,0.0,0.0,3,6,3,0,0,0,1,1,1,1,0,1,1,1,1,17,3,3,0,1,0,1,0,0,6,7,5,8,3
2017.0,-288.0,0.0,0.0,3,6,0,0,0,0,1,1,1,1,0,0,1,1,1,19,3,3,0,1,0,2,0,0,6,7,8,3,3
2017.0,0.0,0.0,0.0,3,10,0,0,0,0,2,2,1,1,0,0,1,1,1,20,3,3,0,0,0,0,1,0,4,9,5,3,9
2017.0,0.0,1.0,0.0,1,4,2,0,0,0,0,5,1,1,0,1,2,1,1,6,4,3,0,0,0,0,1,0,4,2,5,3,9
2017.0,-330.0,0.0,0.0,3,6,3,0,0,0,1,1,1,1,0,1,1,1,1,7,4,3,0,1,0,2,1,0,4,7,5,8,3
2017.0,-300.0,2.0,0.0,3,6,3,0,0,0,0,2,0,1,0,1,2,1,1,7,4,3,0,1,0,2,1,0,4,7,5,8,3
2017.0,0.0,0.0,0.0,3,1,3,0,0,0,0,2,1,1,0,1,1,1,1,10,4,3,0,0,0,1,1,0,2,2,5,3,3
2017.0,-125.0,0.0,0.0,3,1,3,0,0,0,1,5,1,1,0,1,5,1,1,13,4,3,0,0,0,0,0,0,4,9,5,3,2
2017.0,-606.0,0.0,0.0,3,6,3,0,0,0,0,2,1,0,0,0,2,1,1,13,4,3,0,0,0,2,1,0,6,7,5,8,3
2017.0,162.0,0.0,0.0,3,10,3,0,0,0,0,5,1,1,0,0,5,1,1,14,4,3,0,0,0,0,1,0,4,9,5,3,2
2017.0,107.0,0.0,0.0,3,6,3,0,0,0,0,5,1,1,0,0,5,1,1,15,4,3,0,0,0,1,2,0,4,7,5,8,3
2017.0,-920.0,0.0,0.0,3,6,3,0,0,0,0,2,1,1,0,1,2,1,1,15,4,3,0,0,0,2,0,0,6,7,5,8,3
2017.0,200.0,0.0,0.0,3,3,3,0,0,0,2,5,1,1,0,1,2,1,1,16,4,3,0,1,0,0,1,0,6,7,5,8,3
2017.0,500.0,0.0,0.0,3,10,3,0,0,0,1,5,1,1,0,1,5,1,1,17,4,3,0,1,0,1,2,0,6,5,5,3,3
2017.0,0.0,1.0,0.0,3,4,0,0,0,0,1,9,1,1,0,1,1,1,1,19,4,3,0,1,0,1,2,0,3,4,5,3,9
2017.0,-20.0,0.0,0.0,3,3,0,0,0,0,1,9,1,1,0,1,1,1,1,19,4,3,0,1,0,2,1,0,4,9,5,3,9
2017.0,-209.0,0.0,0.0,3,1,3,0,0,0,0,5,1,1,0,1,5,1,1,11,5,3,1,0,0,1,1,0,6,4,5,3,9
2017.0,555.0,0.0,0.0,3,10,3,0,0,0,0,2,1,1,0,0,2,1,1,11,5,3,1,0,0,1,2,0,6,5,7,3,9
2017.0,131.0,0.0,0.0,3,6,3,0,0,0,1,9,1,1,0,0,9,1,1,12,5,3,1,0,0,2,1,0,6,5,7,3,8
2017.0,20.0,0.0,0.0,3,10,3,0,0,0,0,5,1,1,0,1,5,1,1,13,5,3,1,0,0,2,2,0,6,9,5,3,3
2017.0,0.0,0.0,0.0,3,1,3,0,0,0,1,2,1,1,0,1,1,1,1,15,5,3,1,0,0,1,2,0,4,2,5,3,3
2017.0,292.0,0.0,0.0,3,12,0,0,0,0,2,8,1,1,1,1,8,1,1,17,5,3,1,1,0,0,1,0,6,7,5,6,5
2017.0,100.0,0.0,0.0,3,6,3,0,0,0,1,5,0,1,0,1,5,1,1,17,5,3,1,1,0,1,2,0,4,7,5,8,3
2017.0,50.0,0.0,0.0,3,8,4,0,0,0,1,5,1,1,0,0,9,1,1,18,5,3,1,1,0,2,1,0,6,7,5,6,1
2017.0,67.0,0.0,0.0,3,6,3,0,0,0,1,2,1,1,0,0,2,1,1,18,5,3,1,1,0,2,1,0,4,7,5,8,8
2017.0,100.0,0.0,0.0,3,4,3,0,0,0,0,5,1,1,0,0,9,1,1,18,5,3,1,1,0,1,2,0,4,2,5,3,9
2017.0,280.0,0.0,0.0,3,6,0,0,0,0,2,5,1,1,0,1,5,1,1,19,5,3,1,1,0,0,2,0,4,7,5,8,3
2017.0,-150.0,0.0,0.0,3,10,0,0,0,0,1,5,1,1,0,0,5,1,1,19,5,3,1,1,0,2,2,0,4,9,5,3,2
2017.0,0.0,4.0,0.0,2,4,0,0,0,0,0,6,1,1,0,1,2,1,1,22,5,3,1,0,0,2,1,0,4,2,5,3,9
2017.0,0.0,0.0,0.0,3,5,3,0,0,0,1,5,1,1,0,0,1,1,1,8,6,3,1,1,0,0,2,0,4,2,5,3,3
2017.0,-675.0,0.0,0.0,3,1,3,0,0,0,1,2,1,1,0,1,2,1,1,9,6,3,1,1,0,0,2,0,6,4,5,3,9
2017.0,45.0,0.0,0.0,3,10,3,0,0,0,1,2,1,1,0,1,2,1,1,13,6,3,1,0,0,2,2,0,6,2,5,3,9
2017.0,77.0,0.0,0.0,3,10,3,0,0,0,0,9,1,1,0,1,9,1,1,13,6,3,1,0,0,1,2,0,4,9,5,3,3
2017.0,15.0,0.0,0.0,3,1,3,0,0,0,1,2,1,1,0,0,2,1,1,15,6,3,1,0,0,0,2,0,4,4,5,3,9
2017.0,56.0,0.0,0.0,3,6,3,0,0,0,0,5,1,1,0,0,5,1,1,15,6,3,1,0,0,2,1,0,6,7,5,8,3
2017.0,-90.0,5.0,0.0,3,6,3,0,0,0,1,2,1,1,0,0,2,1,1,15,6,3,1,0,0,1,1,0,4,7,5,8,3
2017.0,0.0,2.0,0.0,3,4,0,0,0,0,1,2,1,1,0,1,1,1,1,20,6,3,1,0,0,1,0,0,2,2,5,9,3
2017.0,440.0,2.0,0.0,2,6,3,0,0,0,1,9,1,1,0,1,9,1,1,5,0,3,0,0,0,1,1,0,4,7,5,8,3
2017.0,0.0,0.0,0.0,3,4,3,0,0,0,1,1,1,1,0,1,9,1,1,7,0,3,0,1,0,1,1,0,4,2,5,3,9
2017.0,292.0,0.0,0.0,3,6,3,0,0,0,1,1,1,1,0,0,1,1,1,12,0,3,0,0,0,2,2,0,6,7,5,8,3
2017.0,60.0,1.0,0.0,3,4,3,0,0,0,0,1,1,1,0,1,5,1,1,13,0,3,0,0,0,2,2,0,6,2,5,3,9
2017.0,253.0,0.0,0.0,3,6,3,0,0,0,0,2,1,1,0,0,2,1,1,14,0,3,0,0,0,1,2,0,6,7,5,8,3
2017.0,10.0,0.0,0.0,3,4,3,0,0,0,1,9,1,1,0,1,1,1,1,15,0,3,0,0,0,1,1,0,4,2,5,3,9
2017.0,0.0,0.0,0.0,3,1,3,0,0,0,0,1,1,1,0,0,5,1,1,17,0,3,0,1,0,2,1,0,4,2,5,3,9
2017.0,-105.0,0.0,0.0,3,6,3,0,0,0,1,1,1,1,0,1,1,1,1,17,0,3,0,1,0,2,1,0,4,7,5,8,3
2017.0,-30.0,0.0,0.0,3,6,3,0,0,0,1,1,1,1,0,0,1,1,1,17,0,3,0,1,0,1,1,0,4,7,5,3,2
2017.0,415.0,0.0,0.0,3,6,3,0,0,0,1,9,1,1,0,0,9,1,1,17,0,3,0,1,0,1,1,0,6,7,5,8,3
2017.0,329.0,0.0,0.0,3,6,1,0,0,0,1,2,1,1,0,0,2,1,1,18,0,3,0,1,0,1,1,0,6,7,5,3,3
2017.0,500.0,0.0,0.0,3,6,4,0,0,0,1,2,1,1,0,1,2,1,1,18,0,3,0,1,0,2,2,0,6,7,5,8,3
2017.0,95.0,0.0,0.0,3,6,0,0,0,0,0,5,0,1,0,1,5,1,1,21,0,3,0,0,0,1,1,0,4,7,5,8,3
2017.0,30.0,0.0,0.0,3,1,0,0,0,0,1,1,1,1,0,1,1,1,1,22,0,3,0,0,0,2,2,0,6,9,5,3,2
2017.0,45.0,0.0,0.0,3,6,0,0,0,0,0,9,1,1,0,1,9,1,1,23,0,3,0,0,0,1,1,0,4,7,5,8,3
2017.0,0.0,4.0,0.0,2,1,0,0,0,0,0,2,1,1,0,0,9,1,1,2,1,3,0,0,0,1,2,0,4,7,5,3,3
2017.0,0.0,0.0,0.0,3,4,0,0,0,0,1,5,1,1,0,1,1,1,1,5,1,3,0,0,0,2,1,0,4,2,5,3,9
2017.0,90.0,1.0,0.0,3,6,3,0,0,0,1,9,1,1,0,1,9,1,1,6,1,3,0,0,0,1,1,0,4,7,5,8,3
2017.0,-125.0,0.0,0.0,3,6,3,0,0,0,0,2,1,1,0,1,2,1,1,6,1,3,0,0,0,1,1,0,4,7,5,8,3
2017.0,279.0,0.0,0.0,3,6,3,0,0,0,1,9,1,1,0,0,9,1,1,7,1,3,0,1,0,2,1,0,6,7,5,3,3
2017.0,0.0,0.0,0.0,3,4,3,0,0,0,1,1,1,1,0,0,2,1,1,7,1,3,0,1,0,1,0,0,4,2,5,3,3
2017.0,680.0,0.0,0.0,3,6,3,0,0,0,1,9,1,1,0,0,9,1,1,8,1,3,0,1,0,2,1,0,4,7,5,9,2
2017.0,173.0,0.0,0.0,3,1,3,0,0,0,0,1,1,1,0,1,2,1,1,8,1,3,0,1,0,2,1,0,0,2,5,3,9
2017.0,82.0,1.0,0.0,3,6,3,0,0,0,1,9,1,1,0,1,9,1,1,10,1,3,0,0,0,2,1,0,4,7,5,8,8
2017.0,-167.0,0.0,0.0,3,1,3,0,0,0,0,2,1,1,0,1,2,1,1,14,1,3,0,0,0,1,1,0,4,5,5,3,2
2017.0,-85.0,0.0,0.0,3,10,3,0,0,0,0,2,1,1,0,0,2,1,1,14,1,3,0,0,0,2,0,0,6,9,5,3,2
2017.0,-276.0,0.0,0.0,3,6,3,0,0,0,0,5,1,1,0,0,5,1,1,15,1,3,0,0,0,2,0,0,6,7,5,8,3
2017.0,242.0,0.0,0.0,3,4,3,0,0,0,0,2,1,1,0,0,5,1,1,15,1,3,0,0,0,0,1,0,6,2,5,5,9
2017.0,-26.0,0.0,0.0,3,10,3,0,0,0,1,5,1,1,0,1,5,1,1,16,1,3,0,1,0,1,0,0,6,5,5,9,9
2017.0,400.0,0.0,0.0,3,6,3,0,0,0,1,9,1,1,0,1,9,1,1,16,1,3,0,1,0,1,2,0,6,4,7,2,9
2017.0,-150.0,0.0,0.0,3,10,3,0,0,0,0,9,1,1,0,1,9,1,1,17,1,3,0,1,0,2,2,0,6,9,5,5,5
2017.0,680.0,0.0,0.0,3,6,3,0,0,0,1,5,1,1,0,1,5,1,1,17,1,3,0,1,0,1,2,0,6,7,5,8,3
2017.0,0.0,1.0,0.0,3,4,0,0,0,0,1,9,1,1,0,0,5,1,1,18,1,3,0,1,0,0,1,0,4,2,5,3,8
2017.0,0.0,3.0,0.0,2,1,3,0,0,0,0,9,1,1,0,0,5,1,1,7,2,3,0,1,0,0,1,0,4,2,5,3,3
2017.0,530.0,0.0,0.0,3,6,3,0,0,0,1,9,1,1,0,0,9,1,1,7,2,3,0,1,0,1,2,0,4,7,5,8,3
2017.0,145.0,0.0,0.0,3,10,3,0,0,0,2,5,1,1,0,0,5,1,1,7,2,3,0,1,0,0,1,0,6,9,5,3,5
2017.0,37.0,0.0,0.0,3,10,3,0,0,0,1,9,1,1,0,1,9,1,1,8,2,3,0,1,0,1,1,0,4,5,5,3,8
2017.0,43.0,0.0,0.0,3,6,3,0,0,0,1,9,1,1,0,0,9,1,1,9,2,3,0,1,0,1,0,0,4,7,5,8,3
2017.0,65.0,2.0,0.0,3,6,3,0,0,0,0,9,1,1,0,0,9,1,1,11,2,3,0,0,0,1,0,0,4,7,5,8,3
2017.0,-180.0,0.0,0.0,3,6,3,1,0,0,1,5,1,1,0,1,5,1,1,14,2,3,0,0,0,1,0,0,6,5,5,8,3
2017.0,0.0,0.0,0.0,3,4,3,0,0,0,0,1,1,1,0,1,9,1,1,15,2,3,0,0,0,1,0,0,4,2,5,9,3
2017.0,-64.0,0.0,0.0,3,10,3,0,0,0,1,2,1,1,0,0,2,1,1,15,2,3,0,0,0,0,1,0,4,9,5,3,2
2017.0,160.0,0.0,0.0,3,4,3,0,0,0,1,1,1,1,0,1,1,1,1,16,2,3,0,1,0,0,2,0,6,9,5,3,9