Year,Distance,Totalinjuries,Totalfatalities,Injuryseverity,Collisionmanner,Lightcondition,Weather,SurfaceCondition,Unittype_One,Gender_Drv1,Traveldirection_One,AlcoholUse_Drv1,DrugUse_Drv1,Unittype_Two,Gender_Drv2,Traveldirection_Two,AlcoholUse_Drv2,DrugUse_Drv2,Hour,Weekday,Month,Weekend,Rush_Hour,Hazardous_Road,Age_Group_Drv1,Age_Group_Drv2,Substance_Use,Junction_Category,Violation_Category_Drv1,Violation_Category_Drv2,Unitaction_Category_Two,Unitaction_Category_One
2017.0,-143.0,0.0,0.0,3,1,0,0,0,0,0,1,1,1,0,0,2,1,1,19,2,3,0,1,0,1,1,0,0,2,5,3,9
2017.0,95.0,0.0,0.0,3,6,0,0,0,0,1,5,1,1,0,1,5,1,1,19,2,3,0,1,0,2,1,0,4,7,5,8,8
2017.0,0.0,3.0,0.0,3,4,0,0,0,0,0,1,1,1,0,1,9,1,1,22,2,3,0,0,0,2,2,0,4,2,5,3,9
2017.0,-150.0,0.0,0.0,3,6,0,0,0,0,1,9,1,1,1,1,9,1,1,4,3,3,0,0,0,1,1,0,4,7,5,6,3
2017.0,0.0,2.0,0.0,3,4,3,0,0,0,0,1,1,1,0,1,9,1,1,8,3,3,0,1,0,0,0,0,4,2,5,3,9
2017.0,0.0,1.0,0.0,3,4,3,0,0,0,1,1,1,1,0,0,9,1,1,9,3,3,0,1,0,1,1,0,4,2,5,3,9
2017.0,0.0,0.0,0.0,3,1,3,0,0,0,1,5,1,1,0,0,9,1,1,13,3,3,0,0,0,1,1,0,4,2,5,3,3
2017.0,-60.0,0.0,0.0,3,5,3,0,0,0,0,1,1,1,0,0,9,1,1,14,3,3,0,0,0,1,0,0,4,5,5,9,9
2017.0,-420.0,0.0,0.0,3,1,3,0,0,0,1,5,1,1,0,1,1,1,1,14,3,3,0,0,0,2,1,0,0,7,5,5,9
2017.0,0.0,2.0,0.0,3,4,3,0,0,0,1,2,1,1,0,1,5,1,1,15,3,3,0,0,0,1,1,0,4,2,5,3,9
2017.0,0.0,1.0,0.0,3,4,3,0,0,0,0,1,1,1,0,0,9,1,1,15,3,3,0,0,0,2,1,0,4,2,5,9,3
2017.0,-390.0,0.0,0.0,3,9,3,0,0,0,1,5,1,1,0,1,2,1,1,18,3,3,0,1,0,1,2,0,6,9,5,3,3
2017.0,66.0,0.0,0.0,3,6,0,0,0,0,1,2,1,1,0,1,2,1,1,20,3,3,0,0,0,2,2,0,6,7,5,3,3
2017.0,0.0,1.0,0.0,3,9,0,0,0,0,0,5,1,1,0,0,1,1,1,23,3,3,0,0,0,1,1,0,2,2,5,3,3
2017.0,120.0,1.0,0.0,2,6,3,0,0,0,1,2,1,1,0,1,2,1,1,7,4,3,0,1,0,1,1,0,6,7,7,3,3
2017.0,-135.0,0.0,0.0,3,6,3,0,0,0,2,2,1,1,0,0,2,1,1,7,4,3,0,1,0,0,1,0,4,7,5,8,3
2017.0,0.0,4.0,0.0,1,4,3,0,0,0,1,5,1,1,0,0,2,1,1,8,4,3,0,1,0,1,1,0,4,2,5,3,9
2017.0,74.0,0.0,0.0,3,6,3,0,0,0,2,5,1,1,0,0,5,1,1,8,4,3,0,1,0,0,1,0,2,7,5,8,8
2017.0,0.0,0.0,0.0,3,4,3,0,0,0,0,4,1,1,0,1,6,1,1,8,4,3,0,1,0,2,2,0,4,2,5,3,9
2017.0,-48.0,0.0,0.0,3,6,3,0,0,0,1,2,1,1,0,1,2,1,1,9,4,3,0,1,0,1,1,0,4,7,5,8,3
2017.0,-135.0,1.0,0.0,3,6,3,0,0,0,0,1,1,1,0,1,1,1,1,10,4,3,0,0,0,1,2,0,4,7,5,8,8
2017.0,16.0,1.0,0.0,2,5,3,0,0,0,2,9,1,1,3,0,9,1,1,11,4,3,0,0,0,0,1,0,4,9,5,7,3
2017.0,45.0,0.0,0.0,3,6,3,0,0,0,1,5,1,1,0,1,5,1,1,11,4,3,0,0,0,2,2,0,4,7,5,8,3
2017.0,-30.0,0.0,0.0,3,1,3,0,0,0,1,1,1,1,0,1,5,1,1,13,4,3,0,0,0,2,1,0,4,4,5,9,9
2017.0,-79.0,0.0,0.0,3,6,3,0,0,0,1,5,1,1,0,0,5,1,1,13,4,3,0,0,0,2,1,0,6,7,5,8,3
2017.0,89.0,1.0,0.0,3,6,3,0,0,0,1,9,1,1,0,0,9,1,1,13,4,3,0,0,0,1,1,0,4,7,5,8,3
2017.0,-175.0,1.0,0.0,2,1,3,0,0,0,0,5,1,1,0,1,9,1,1,13,4,3,0,0,0,1,2,0,0,2,5,3,5
2017.0,0.0,0.0,0.0,3,1,3,0,0,0,0,9,1,1,0,1,2,1,1,14,4,3,0,0,0,1,0,0,4,2,5,3,3
2017.0,0.0,3.0,0.0,2,4,3,0,0,0,1,9,1,1,0,0,5,1,1,16,4,3,0,1,0,1,2,0,4,4,5,3,9
2017.0,40.0,0.0,0.0,3,6,3,0,0,0,1,1,1,1,0,0,1,1,1,16,4,3,0,1,0,0,0,0,4,7,5,8,3
2017.0,0.0,3.0,0.0,3,4,3,0,0,0,0,9,1,1,0,0,1,1,1,16,4,3,0,1,0,0,0,0,4,2,5,3,9
2017.0,0.0,0.0,0.0,3,4,3,0,0,0,1,1,1,1,0,0,9,1,1,17,4,3,0,1,0,2,2,0,4,2,5,3,9
2017.0,-271.0,0.0,0.0,3,6,3,0,0,0,1,2,1,1,0,0,2,1,1,18,4,3,0,1,0,2,1,0,6,7,5,3,5
2017.0,0.0,0.0,0.0,3,4,4,0,0,0,0,7,1,1,0,1,1,1,1,18,4,3,0,1,0,2,2,0,4,2,5,3,9
2017.0,0.0,0.0,0.0,3,4,0,0,0,0,1,2,1,1,0,0,6,1,1,20,4,3,0,0,0,2,1,0,2,5,5,9,3
2017.0,158.0,0.0,0.0,3,6,0,4,0,0,1,1,0,1,1,1,8,1,1,1,5,3,1,0,0,1,1,0,6,9,5,6,3
2017.0,0.0,2.0,0.0,2,4,0,0,0,0,1,9,0,1,0,1,1,1,1,2,5,3,1,0,0,1,1,0,4,2,5,3,9
2017.0,-15.0,0.0,0.0,3,1,0,0,0,0,1,1,0,1,0,1,1,1,1,2,5,3,1,0,0,2,2,0,4,9,5,3,2
2017.0,0.0,2.0,0.0,3,1,3,0,0,0,0,1,1,1,0,1,2,1,1,12,5,3,1,0,0,0,1,0,2,2,5,3,3
2017.0,-200.0,0.0,0.0,3,6,3,0,0,0,1,2,1,1,0,1,2,1,1,13,5,3,1,0,0,1,1,0,6,7,5,3,3
2017.0,30.0,0.0,0.0,3,6,3,0,0,0,1,5,1,1,0,0,5,1,1,13,5,3,1,0,0,0,1,0,4,8,5,3,3
2017.0,148.0,0.0,0.0,3,6,3,0,0,0,0,2,1,1,0,0,2,1,1,15,5,3,1,0,0,2,1,0,6,7,5,8,3
2017.0,428.0,0.0,0.0,3,6,3,0,0,0,1,9,1,1,0,0,9,1,1,16,5,3,1,1,0,1,1,0,6,7,5,3,3
2017.0,300.0,0.0,0.0,3,4,3,0,0,0,0,4,1,1,0,0,5,1,1,17,5,3,1,1,0,1,2,0,6,2,5,8,9
2017.0,0.2,0.0,0.0,3,6,0,0,0,0,0,5,1,1,0,0,5,1,1,20,5,3,1,0,0,1,1,0,4,5,5,3,3
2017.0,125.0,0.0,0.0,3,10,0,0,0,0,1,2,1,0,1,1,2,1,1,22,5,3,1,0,0,2,1,0,4,7,5,6,3
2017.0,0.0,1.0,0.0,3,4,3,0,0,0,0,4,1,1,0,1,5,1,1,9,6,3,1,1,0,2,0,0,2,4,5,3,9
2017.0,-50.0,0.0,0.0,3,6,3,0,0,0,0,1,1,1,0,0,1,1,1,14,6,3,1,0,0,1,1,0,4,7,5,8,3
2017.0,20.0,0.0,0.0,3,10,3,0,0,0,0,9,1,1,0,1,9,1,1,16,6,3,1,1,0,2,1,0,4,9,5,3,2
2017.0,0.0,0.0,0.0,3,6,0,0,0,0,1,1,1,1,0,1,1,1,1,19,6,3,1,1,0,1,2,0,2,7,5,9,9
2017.0,-106.0,0.0,0.0,3,6,3,0,0,0,0,2,1,1,0,0,2,1,1,7,0,3,0,1,0,1,2,0,4,7,5,8,3
2017.0,375.0,0.0,0.0,3,4,3,0,0,0,1,1,1,1,0,0,5,1,1,7,0,3,0,1,0,2,1,0,0,2,5,3,9
2017.0,0.0,0.0,0.0,3,1,3,0,0,0,1,1,1,1,0,0,2,1,1,8,0,3,0,1,0,1,1,0,4,2,5,3,9
2017.0,0.0,1.0,0.0,2,1,3,0,0,0,1,2,1,1,0,0,1,1,1,9,0,3,0,1,0,2,1,0,4,2,5,3,3
2017.0,-765.0,0.0,0.0,3,7,3,0,0,0,0,2,1,1,1,1,9,1,1,10,0,3,0,0,0,2,1,0,0,5,5,6,1
2017.0,0.0,1.0,0.0,3,10,3,0,0,0,1,2,1,1,0,1,2,1,1,12,0,3,0,0,0,2,2,0,2,4,5,9,9
2017.0,56.0,0.0,0.0,3,1,3,0,0,0,0,5,1,1,0,1,1,1,1,13,0,3,0,0,0,1,0,0,3,9,5,3,2
2017.0,0.0,1.0,0.0,3,4,3,0,0,0,1,7,1,1,0,0,2,1,1,14,0,3,0,0,0,1,2,0,4,2,5,3,9
2017.0,0.0,0.0,0.0,3,1,3,0,0,0,0,9,1,1,0,1,2,1,1,14,0,3,0,0,0,1,1,0,4,2,5,3,3
2017.0,175.0,0.0,0.0,3,6,3,0,0,0,1,9,1,1,0,0,9,1,1,15,0,3,0,0,0,2,1,0,2,7,5,8,3
2017.0,338.0,1.0,0.0,3,6,3,0,0,0,0,5,1,1,0,1,5,1,1,16,0,3,0,1,0,1,1,0,6,7,5,8,3
2017.0,-260.0,0.0,0.0,3,4,3,0,0,0,1,5,1,1,0,1,2,1,1,16,0,3,0,1,0,1,2,0,6,2,5,3,9
2017.0,-60.0,0.0,0.0,3,6,3,0,0,0,0,5,1,1,0,0,5,1,1,17,0,3,0,1,0,1,1,0,6,7,5,8,3
2017.0,-505.0,0.0,0.0,3,6,3,0,0,0,1,1,1,1,0,1,1,1,1,17,0,3,0,1,0,1,1,0,6,4,8,3,3
2017.0,261.0,0.0,0.0,3,6,4,0,0,0,1,9,1,1,0,1,9,1,1,17,0,3,0,1,0,2,1,0,2,7,5,8,3
2017.0,45.0,1.0,0.0,2,6,3,0,0,0,0,5,1,1,0,1,5,1,1,17,0,3,0,1,0,1,1,0,4,7,5,3,3
2017.0,270.0,0.0,0.0,3,4,3,0,0,0,0,6,1,1,0,0,1,1,1,18,0,3,0,1,0,2,0,0,0,2,5,3,9
2017.0,-100.0,0.0,0.0,3,10,0,0,0,0,0,2,1,1,0,1,2,1,1,19,0,3,0,1,0,1,2,0,6,4,5,3,9
2017.0,0.0,0.0,0.0,3,4,0,0,0,0,0,2,1,1,0,0,5,1,1,19,0,3,0,1,0,2,2,0,4,4,5,3,9
2017.0,-90.0,0.0,0.0,3,1,3,0,0,0,1,1,1,1,0,1,9,1,1,6,1,3,0,0,0,0,1,0,6,5,5,9,9
2017.0,-880.0,1.0,0.0,3,6,3,0,0,0,0,1,1,1,0,0,1,1,1,8,1,3,0,1,0,1,0,0,2,7,5,8,3
2017.0,-307.0,1.0,0.0,3,6,3,0,0,0,2,9,1,1,0,1,9,1,1,8,1,3,0,1,0,0,1,0,4,9,5,8,2
2017.0,-22.0,0.0,0.0,3,10,3,0,0,0,2,5,1,1,0,0,5,1,1,8,1,3,0,1,0,0,1,0,2,9,5,3,2
2017.0,-84.0,0.0,0.0,3,10,3,0,0,0,0,1,1,1,0,1,1,1,1,10,1,3,0,0,0,0,0,0,4,9,9,2,2
2017.0,-72.0,0.0,0.0,3,10,3,0,0,0,1,2,1,1,0,1,2,1,1,12,1,3,0,0,0,2,1,0,4,9,5,3,2
2017.0,70.0,0.0,0.0,3,6,3,0,0,0,2,1,1,1,0,1,1,1,1,12,1,3,0,0,0,0,1,0,6,7,5,3,3
2017.0,444.0,3.0,0.0,3,1,3,0,0,0,0,5,1,1,0,0,9,1,1,15,1,3,0,0,0,1,2,0,6,2,5,3,9
2017.0,112.0,0.0,0.0,3,6,3,0,0,0,1,9,1,1,0,0,9,1,1,15,1,3,0,0,0,2,1,0,4,7,5,3,3
2017.0,-192.0,0.0,0.0,3,4,3,0,0,0,0,5,1,1,0,1,2,1,1,16,1,3,0,1,0,1,1,0,6,4,5,3,9
2017.0,0.0,0.0,0.0,3,1,3,0,0,0,0,2,1,1,0,0,9,1,1,17,1,3,0,1,0,1,2,0,4,2,5,3,3
2017.0,-220.0,1.0,0.0,3,6,3,0,0,0,0,5,1,1,0,0,5,1,1,17,1,3,0,1,0,1,1,0,6,7,5,8,3
2017.0,-150.0,1.0,0.0,3,6,3,0,0,0,0,9,1,1,0,0,9,1,1,12,2,3,0,0,0,1,1,0,6,7,5,8,3
2017.0,0.0,3.0,0.0,3,4,3,0,0,0,1,5,1,1,0,0,2,1,1,14,2,3,0,0,0,0,2,0,4,4,5,3,9
2017.0,300.0,0.0,0.0,3,1,3,0,0,0,2,5,1,1,0,0,5,1,1,15,2,3,0,0,0,0,1,0,6,9,5,3,2
2017.0,20.0,0.0,0.0,3,5,3,0,0,0,1,1,1,1,0,0,9,1,1,15,2,3,0,0,0,2,2,0,4,5,5,8,1
2017.0,-267.0,0.0,0.0,3,6,3,0,0,0,1,1,1,1,0,0,1,1,1,16,2,3,0,1,0,1,1,0,4,7,5,8,3
2017.0,121.0,2.0,0.0,2,4,3,0,0,0,1,2,1,1,0,1,5,1,1,16,2,3,0,1,0,1,1,0,6,2,5,3,9
2017.0,-175.0,0.0,0.0,3,6,3,0,0,0,0,2,1,1,0,0,2,1,1,17,2,3,0,1,0,1,1,0,4,7,5,8,3
2017.0,0.0,1.0,0.0,3,4,3,0,0,0,1,9,1,1,0,1,1,1,1,17,2,3,0,1,0,1,1,0,4,2,5,3,9
2017.0,0.0,0.0,0.0,3,4,3,0,0,0,0,7,1,1,0,0,1,1,1,17,2,3,0,1,0,1,2,0,4,7,5,3,9
2017.0,-176.0,1.0,0.0,3,6,3,0,0,0,0,1,1,1,0,1,1,1,1,17,2,3,0,1,0,1,1,0,4,7,5,8,3
2017.0,0.0,2.0,0.0,2,4,4,0,0,0,1,2,1,1,0,1,5,1,1,18,2,3,0,1,0,0,1,0,4,2,5,9,3
2017.0,916.0,0.0,0.0,3,6,0,0,0,0,0,2,1,1,0,0,2,1,1,19,2,3,0,1,0,0,1,0,6,7,5,3,3
2017.0,0.0,2.0,0.0,3,4,0,0,0,0,0,1,1,1,0,1,2,1,1,20,2,3,0,0,0,2,0,0,0,5,5,9,3
2017.0,81.0,0.0,0.0,3,1,0,0,0,0,1,5,1,1,0,1,5,1,1,21,2,3,0,0,0,1,1,0,4,5,5,8,9
2017.0,-1.0,1.0,0.0,2,4,1,0,0,0,2,5,1,1,2,1,9,1,1,21,2,3,0,0,0,0,1,0,4,2,5,3,9
2017.0,0.0,1.0,0.0,3,4,0,1,0,0,0,1,1,1,0,0,9,1,1,1,3,3,0,0,0,2,0,0,4,2,5,3,9
2017.0,145.0,2.0,0.0,2,4,3,0,0,0,0,9,1,1,0,1,2,1,1,7,3,3,0,1,0,1,1,0,4,2,5,3,9
2017.0,81.0,0.0,0.0,3,10,3,1,0,0,1,9,1,1,0,0,9,1,1,8,3,3,0,1,0,0,1,0,4,5,5,3,3
2017.0,-288.0,0.0,0.0,3,1,3,0,0,0,0,2,1,1,0,1,1,1,1,11,3,3,0,0,0,2,1,0,6,2,5,3,9
2017.0,-98.0,0.0,0.0,3,6,3,0,0,0,1,2,1,1,0,0,2,1,1,12,3,3,0,0,0,1,1,0,6,7,5,8,3
2017.0,-56.0,0.0,0.0,3,6,3,0,0,0,0,2,1,1,0,0,2,1,1,14,3,3,0,0,0,2,1,0,4,7,5,8,8
2017.0,-284.0,1.0,0.0,3,6,3,0,0,0,0,2,1,1,0,1,2,1,1,15,3,3,0,0,0,2,2,0,6,7,5,8,3
2017.0,0.0,2.0,0.0,2,1,3,0,0,0,2,1,1,1,0,1,5,1,1,15,3,3,0,0,0,0,0,0,4,2,5,3,3
2017.0,-266.0,1.0,0.0,3,6,3,0,0,0,1,5,1,1,0,1,5,1,1,15,3,3,0,0,0,1,1,0,6,7,5,8,3
2017.0,-300.0,0.0,0.0,3,6,3,0,0,0,1,2,1,1,0,1,2,1,1,15,3,3,0,0,0,1,2,0,6,7,5,8,3
2017.0,-634.0,1.0,0.0,3,4,3,0,0,0,0,2,1,1,0,1,5,1,1,15,3,3,0,0,0,1,1,0,0,2,5,3,9
2017.0,0.0,0.0,0.0,3,6,3,0,0,0,1,5,1,1,0,1,5,1,1,16,3,3,0,1,0,2,1,0,6,7,5,8,3
2017.0,134.0,1.0,0.0,3,6,3,0,0,0,1,9,1,1,0,1,9,1,1,17,3,3,0,1,0,1,1,0,4,7,5,8,3
2017.0,-360.0,1.0,0.0,3,6,3,0,0,0,0,1,1,1,0,0,1,1,1,17,3,3,0,1,0,2,1,0,4,7,5,8,3
2017.0,230.0,0.0,0.0,3,10,3,1,0,0,1,5,1,1,0,1,5,1,1,17,3,3,0,1,0,1,1,0,4,9,5,3,2
2017.0,-237.0,0.0,0.0,3,1,3,0,0,0,0,9,1,1,0,0,2,1,1,17,3,3,0,1,0,2,1,0,0,2,5,3,9
2017.0,981.0,1.0,0.0,2,6,3,0,0,0,1,5,1,1,0,1,5,1,1,17,3,3,0,1,0,2,2,0,6,7,5,8,8
2017.0,0.0,2.0,0.0,3,4,3,0,0,0,1,9,1,1,0,0,1,1,1,17,3,3,0,1,0,1,2,0,4,2,5,3,9
2017.0,-130.0,0.0,0.0,3,10,4,0,0,0,1,2,1,1,0,0,2,1,1,18,3,3,0,1,0,2,1,0,4,9,5,8,2
2017.0,39.0,1.0,0.0,3,6,4,1,0,0,0,5,0,1,0,1,5,1,1,18,3,3,0,1,0,2,2,0,4,7,5,3,3
2017.0,71.0,0.0,0.0,3,6,0,0,0,0,0,5,1,1,0,0,5,1,1,18,3,3,0,1,0,2,0,0,4,7,5,8,3
2017.0,0.0,3.0,0.0,3,6,0,0,0,0,0,1,1,1,0,0,1,1,1,19,3,3,0,1,0,2,0,0,4,7,5,8,3
2017.0,25.0,0.0,0.0,3,10,0,0,0,0,1,9,1,1,0,0,9,1,1,19,3,3,0,1,0,1,1,0,4,5,5,9,9
2017.0,0.0,0.0,0.0,3,4,0,0,0,0,0,9,1,1,0,1,1,1,1,20,3,3,0,0,0,1,2,0,4,2,5,3,9
2017.0,0.0,0.0,0.0,3,6,0,0,0,0,1,5,1,1,0,1,5,1,1,23,3,3,0,0,0,1,1,0,4,7,2,9,9
2017.0,0.0,0.0,0.0,3,1,3,0,0,0,1,1,1,1,0,0,5,1,1,7,4,3,0,1,0,2,2,0,4,2,5,3,3
2017.0,-88.0,0.0,0.0,3,6,3,0,0,0,0,1,1,1,0,0,1,1,1,8,4,3,0,1,0,1,1,0,4,7,5,8,3
2017.0,0.0,1.0,0.0,3,1,3,0,0,0,1,9,1,1,0,0,0,1,1,8,4,3,0,1,0,1,2,0,4,2,5,3,3
2017.0,147.0,1.0,0.0,1,1,3,0,0,0,1,1,1,1,0,1,1,1,1,9,4,3,0,1,0,1,1,0,4,4,5,3,9
2017.0,299.0,0.0,0.0,3,1,3,0,0,0,0,2,1,1,0,0,2,1,1,10,4,3,0,0,0,2,0,0,6,5,5,3,2
2017.0,-115.0,1.0,0.0,3,1,3,0,0,0,0,1,1,1,0,1,5,1,1,12,4,3,0,0,0,2,1,0,0,2,5,3,9
2017.0,450.0,1.0,0.0,2,5,3,0,0,2,0,9,1,1,0,0,3,1,1,12,4,3,0,0,0,2,2,0,0,9,5,9,3
2017.0,0.0,1.0,0.0,2,1,3,0,0,0,1,1,1,1,0,1,2,1,1,13,4,3,0,0,0,1,1,0,4,2,5,3,3
2017.0,0.0,0.0,0.0,3,4,3,0,0,0,0,3,1,1,0,0,9,1,1,14,4,3,0,0,0,0,2,0,4,2,5,3,9
2017.0,0.0,1.0,0.0,2,1,3,0,0,0,1,9,1,1,0,1,2,1,1,14,4,3,0,0,0,1,1,0,4,5,5,3,3
2017.0,0.0,1.0,0.0,1,4,3,0,0,0,0,5,1,1,0,0,2,1,1,14,4,3,0,0,0,1,1,0,4,2,5,3,9
2017.0,451.0,3.0,0.0,3,6,3,0,0,0,1,9,1,1,0,0,9,1,1,15,4,3,0,0,0,2,1,0,6,7,5,8,3
2017.0,-90.0,0.0,0.0,3,6,3,0,0,0,1,1,1,1,0,1,1,1,1,16,4,3,0,1,0,1,1,0,4,9,5,3,2
2017.0,-339.0,8.0,0.0,2,6,4,0,0,0,1,9,1,1,0,0,9,1,1,18,4,3,0,1,0,2,2,0,6,7,5,8,3
2017.0,0.0,0.0,0.0,3,4,4,0,0,0,0,2,1,1,0,1,5,1,1,18,4,3,0,1,0,2,1,0,4,2,5,3,9
2017.0,200.0,0.0,0.0,3,6,4,0,0,0,0,9,1,1,0,1,9,1,1,18,4,3,0,1,0,0,2,0,4,7,5,8,8
2017.0,-196.0,1.0,0.0,3,10,0,0,0,0,1,1,1,1,0,0,1,1,1,19,4,3,0,1,0,1,1,0,4,9,5,3,2
2017.0,0.0,0.0,0.0,3,1,0,0,0,0,2,9,1,1,0,1,5,1,1,21,4,3,0,0,0,0,1,0,4,2,5,3,3
2017.0,-16.0,0.0,0.0,3,6,0,0,0,0,0,2,1,1,0,1,2,1,1,22,4,3,0,0,0,2,2,0,4,7,5,3,3
2017.0,125.0,0.0,0.0,3,6,3,0,0,0,1,5,1,1,0,0,5,1,1,9,5,3,1,1,0,2,1,0,2,8,5,8,3
2017.0,0.25,0.0,0.0,3,6,3,0,0,0,1,2,1,1,0,1,2,1,1,10,5,3,1,0,0,2,1,0,6,7,5,8,3
2017.0,20.0,2.0,0.0,2,10,3,0,0,0,0,4,1,1,0,1,2,1,1,12,5,3,1,0,0,1,1,0,2,4,5,3,9
2017.0,0.0,0.0,0.0,3,4,3,0,0,0,0,9,1,1,0,0,1,1,1,14,5,3,1,0,0,1,0,0,4,2,5,3,9
2017.0,0.0,0.0,0.0,3,8,3,0,0,0,0,5,1,1,0,1,2,1,1,16,5,3,1,1,0,1,2,0,4,5,5,3,9
2017.0,0.0,2.0,0.0,3,4,4,0,0,0,0,9,1,1,0,0,5,1,1,18,5,3,1,1,0,2,1,0,4,2,5,9,3
2017.0,0.0,3.0,0.0,2,1,4,0,0,0,0,9,1,1,0,1,2,1,1,18,5,3,1,1,0,1,1,0,4,2,5,3,3
2017.0,0.0,0.0,0.0,3,4,4,0,0,0,0,1,1,1,0,0,9,1,1,19,5,3,1,1,0,2,1,0,4,2,5,3,9
2017.0,-230.0,0.0,0.0,3,12,3,0,3,0,2,8,1,1,0,0,1,1,1,10,6,3,1,0,0,0,1,0,6,5,5,3,5
2017.0,-167.0,0.0,0.0,3,10,3,0,0,0,0,5,1,1,0,1,5,1,1,16,6,3,1,1,0,1,1,0,6,9,5,3,2
2017.0,-10.0,0.0,0.0,3,6,3,0,0,0,1,1,1,1,0,1,1,1,1,17,6,3,1,1,0,1,1,0,6,7,5,8,3
2017.0,-20.0,0.0,0.0,3,6,3,0,0,0,1,2,0,1,0,1,2,1,1,17,6,3,1,1,0,1,1,0,4,8,5,3,3
2017.0,-20.0,0.0,0.0,3,4,3,0,0,0,0,2,1,1,0,0,2,1,1,18,6,3,1,1,0,1,2,0,4,9,5,9,9
2017.0,-300.0,3.0,0.0,3,4,3,0,0,0,1,1,1,1,0,1,2,1,1,7,0,3,0,1,0,0,1,0,6,4,5,3,9
2017.0,-1050.0,0.0,0.0,3,6,3,0,0,0,0,1,1,1,0,1,1,1,1,7,0,3,0,1,0,1,0,0,6,5,5,8,3
2017.0,0.0,0.0,0.0,3,4,2,0,0,0,0,2,1,1,0,0,2,1,1,7,0,3,0,1,0,1,2,0,2,2,5,3,9
2017.0,115.0,0.0,0.0,3,6,3,0,0,0,1,9,1,1,0,0,9,1,1,7,0,3,0,1,0,1,1,0,4,7,5,8,3
2017.0,80.0,0.0,0.0,3,6,3,0,0,0,1,2,1,1,0,0,2,1,1,7,0,3,0,1,0,1,2,0,6,7,5,8,3
2017.0,-50.0,1.0,0.0,3,4,3,0,0,0,0,5,1,1,0,0,2,1,1,8,0,3,0,1,0,1,1,0,6,2,5,3,9
2017.0,317.0,0.0,0.0,3,4,3,0,0,0,0,1,1,1,0,0,9,1,1,8,0,3,0,1,0,2,1,0,6,2,5,3,9
2017.0,0.0,0.0,0.0,3,4,3,0,0,0,1,1,1,1,0,0,2,1,1,10,0,3,0,0,0,2,0,0,4,2,5,9,3
2017.0,-1792.0,0.0,0.0,3,8,3,0,0,0,0,2,1,1,0,0,1,1,1,11,0,3,0,0,0,0,0,0,6,7,5,3,1
2017.0,272.0,0.0,0.0,3,6,3,0,0,0,2,9,1,1,0,0,9,1,1,11,0,3,0,0,0,0,0,0,4,7,5,8,3
2017.0,0.0,1.0,0.0,2,4,3,0,0,0,1,5,1,1,0,0,2,1,1,13,0,3,0,0,0,2,1,0,4,2,5,9,3
2017.0,10.0,1.0,0.0,2,5,3,0,0,2,0,1,1,1,0,1,5,1,1,13,0,3,0,0,0,2,2,0,4,2,5,9,3
2017.0,0.0,0.0,0.0,3,4,3,0,0,0,0,5,1,1,0,1,9,1,1,13,0,3,0,0,0,2,1,0,4,4,5,3,9
2017.0,0.0,0.0,0.0,3,4,3,0,0,0,1,2,1,1,0,1,9,1,1,13,0,3,0,0,0,1,2,0,4,5,5,9,3
2017.0,326.0,0.0,0.0,3,6,3,0,0,0,0,1,1,1,0,1,1,1,1,14,0,3,0,0,0,2,1,0,6,7,5,8,3
2017.0,-95.0,1.0,0.0,3,1,3,0,0,0,1,1,1,1,0,0,5,1,1,15,0,3,0,0,0,1,1,0,6,2,5,3,9
2017.0,0.0,0.0,0.0,3,3,3,0,0,0,0,9,1,1,0,0,8,1,1,15,0,3,0,0,0,1,1,0,4,7,5,8,3
2017.0,205.0,1.0,0.0,3,4,3,0,0,0,1,9,1,1,0,1,2,1,1,15,0,3,0,0,0,0,2,0,0,2,5,3,9
2017.0,-100.0,0.0,0.0,3,10,3,0,0,0,1,1,1,1,0,1,1,1,1,15,0,3,0,0,0,1,1,0,4,9,5,3,2
2017.0,49.0,2.0,0.0,3,6,3,0,0,0,1,5,1,1,0,1,5,1,1,17,0,3,0,1,0,1,2,0,4,7,5,8,3
2017.0,400.0,0.0,0.0,3,6,3,0,0,0,0,1,1,1,0,1,1,1,1,17,0,3,0,1,0,1,2,0,6,7,5,8,3
2017.0,14.0,0.0,0.0,3,4,3,0,0,0,1,5,1,1,0,1,9,1,1,17,0,3,0,1,0,2,1,0,4,9,5,8,9
2017.0,-444.0,0.0,0.0,3,1,3,0,0,0,0,2,1,1,0,1,1,1,1,17,0,3,0,1,0,1,1,0,6,2,5,3,9
2017.0,-30.0,0.0,0.0,3,6,4,0,0,0,1,2,1,1,0,0,2,1,1,18,0,3,0,1,0,2,2,0,2,7,5,8,3
2017.0,-100.0,0.0,0.0,3,6,0,0,0,0,1,2,1,1,0,1,2,1,1,21,0,3,0,0,0,2,2,0,6,7,5,3,8
2017.0,0.0,1.0,0.0,2,1,0,0,0,0,1,5,1,0,0,0,9,1,1,5,1,3,0,0,0,1,2,0,4,2,5,3,9
2017.0,60.0,1.0,0.0,3,6,4,0,0,0,0,9,1,1,0,0,9,1,1,6,1,3,0,0,0,1,1,0,4,7,5,8,3
2017.0,0.0,2.0,0.0,3,1,2,0,0,0,1,1,1,1,0,1,2,1,1,6,1,3,0,0,0,2,1,0,4,2,5,3,3
2017.0,0.0,1.0,0.0,3,4,3,0,0,0,0,1,1,1,0,0,2,1,1,6,1,3,0,0,0,0,0,0,4,2,5,9,3
2017.0,530.0,0.0,0.0,3,4,3,0,0,0,0,1,1,1,0,0,9,1,1,7,1,3,0,1,0,2,2,0,0,2,5,3,9