Year,Distance,Totalinjuries,Totalfatalities,Injuryseverity,Collisionmanner,Lightcondition,Weather,SurfaceCondition,Unittype_One,Gender_Drv1,Traveldirection_One,AlcoholUse_Drv1,DrugUse_Drv1,Unittype_Two,Gender_Drv2,Traveldirection_Two,AlcoholUse_Drv2,DrugUse_Drv2,Hour,Weekday,Month,Weekend,Rush_Hour,Hazardous_Road,Age_Group_Drv1,Age_Group_Drv2,Substance_Use,Junction_Category,Violation_Category_Drv1,Violation_Category_Drv2,Unitaction_Category_Two,Unitaction_Category_One
2017.0,-20.0,0.0,0.0,3,4,3,0,0,0,1,1,1,1,0,0,1,1,1,7,1,3,0,1,0,1,2,0,4,2,5,3,9
2017.0,27.0,0.0,0.0,3,4,3,0,0,0,1,5,1,1,0,0,9,1,1,7,1,3,0,1,0,2,2,0,4,2,5,3,9
2017.0,0.0,2.0,0.0,1,1,3,0,0,0,0,9,1,1,0,0,5,1,1,10,1,3,0,0,0,0,1,0,4,2,5,8,3
2017.0,95.0,1.0,0.0,1,10,3,0,0,0,1,5,1,1,0,1,5,1,1,11,1,3,0,0,0,1,0,0,2,9,5,8,3
2017.0,600.0,0.0,0.0,3,4,3,0,0,0,0,2,1,1,0,1,1,1,1,12,1,3,0,0,0,1,1,0,6,2,5,3,9
2017.0,70.0,2.0,0.0,3,6,3,0,0,0,0,1,1,1,0,1,1,1,1,12,1,3,0,0,0,2,1,0,9,7,5,8,3
2017.0,-30.0,0.0,0.0,3,6,3,0,0,0,2,2,1,1,0,0,2,1,1,14,1,3,0,0,0,0,1,0,4,7,5,8,3
2017.0,60.0,0.0,0.0,3,6,3,0,0,0,1,1,1,1,0,0,1,1,1,15,1,3,0,0,0,1,2,0,6,7,5,8,3
2017.0,0.0,1.0,0.0,2,1,3,0,0,0,1,5,1,1,0,1,9,1,1,16,1,3,0,1,0,1,2,0,4,2,5,3,9
2017.0,0.0,1.0,0.0,3,4,3,0,0,0,1,5,1,1,0,0,9,1,1,16,1,3,0,1,0,1,2,0,4,2,5,3,9
2017.0,233.0,0.0,0.0,3,1,3,0,0,0,0,1,1,1,0,0,5,1,1,16,1,3,0,1,0,1,1,0,0,2,5,3,9
2017.0,172.0,3.0,0.0,1,6,3,0,0,0,0,1,1,1,0,1,1,1,1,16,1,3,0,1,0,1,0,0,6,7,5,8,3
2017.0,363.0,0.0,0.0,3,6,3,0,0,0,1,9,1,1,0,0,9,1,1,17,1,3,0,1,0,1,1,0,4,7,5,8,3
2017.0,0.0,1.0,0.0,3,6,3,0,0,0,1,2,1,1,0,0,2,1,1,17,1,3,0,1,0,0,1,0,2,7,5,9,9
2017.0,0.0,2.0,0.0,3,4,3,0,0,0,1,5,1,1,0,1,2,1,1,17,1,3,0,1,0,1,0,0,4,2,5,3,9
2017.0,-50.0,0.0,0.0,3,10,0,0,0,0,0,1,1,1,0,1,1,1,1,18,1,3,0,1,0,0,1,0,2,9,5,3,2
2017.0,0.0,0.0,0.0,3,4,4,0,0,0,0,2,1,1,0,1,5,1,1,18,1,3,0,1,0,1,1,0,4,2,5,3,9
2017.0,-200.0,1.0,0.0,3,5,0,0,0,3,1,9,1,1,0,0,1,1,1,20,1,3,0,0,0,1,1,0,6,6,5,3,7
2017.0,30.0,0.0,0.0,3,6,0,0,0,0,1,5,1,1,0,1,5,1,1,21,1,3,0,0,0,1,1,0,4,7,5,8,3
2017.0,0.0,0.0,0.0,3,4,2,0,0,0,1,4,1,1,0,1,5,1,1,5,2,3,0,0,0,1,0,0,4,2,5,3,9
2017.0,457.0,1.0,0.0,3,4,3,0,0,0,0,5,1,1,0,0,2,1,1,7,2,3,0,1,0,1,2,0,6,2,5,3,9
2017.0,50.0,0.0,0.0,3,10,3,0,0,0,1,2,1,1,0,1,2,1,1,8,2,3,0,1,0,1,1,0,6,9,5,2,2
2017.0,-240.0,0.0,0.0,3,6,3,0,0,0,1,1,1,1,0,1,1,1,1,11,2,3,0,0,0,1,1,0,4,7,5,8,8
2017.0,0.0,1.0,0.0,2,1,3,0,0,0,1,9,1,1,0,0,5,1,1,13,2,3,0,0,0,1,1,0,4,2,5,3,3
2017.0,326.0,0.0,0.0,3,1,3,0,0,0,0,5,1,1,0,0,9,1,1,13,2,3,0,0,0,1,0,0,0,2,5,3,9
2017.0,100.0,0.0,0.0,3,6,3,0,0,0,0,5,1,1,0,1,5,1,1,15,2,3,0,0,0,2,1,0,4,7,5,8,3
2017.0,51.0,0.0,0.0,3,10,3,0,0,0,1,5,1,1,0,1,5,1,1,15,2,3,0,0,0,0,1,0,4,4,5,9,8
2017.0,290.0,0.0,0.0,3,10,3,0,0,0,1,1,1,1,0,0,1,1,1,16,2,3,0,1,0,2,1,0,0,4,5,9,2
2017.0,-48.0,0.0,0.0,3,6,3,0,0,0,0,9,1,1,0,1,9,1,1,17,2,3,0,1,0,2,2,0,4,4,5,3,9
2017.0,0.0,1.0,0.0,3,4,0,0,0,0,1,9,1,1,0,1,1,1,1,18,2,3,0,1,0,1,2,0,4,2,5,3,9
2017.0,-432.0,1.0,0.0,2,4,0,0,0,0,1,1,1,1,0,0,5,1,1,21,2,3,0,0,0,2,1,0,0,2,5,9,9
2017.0,200.0,1.0,0.0,2,6,3,0,0,0,0,5,1,1,0,1,5,1,1,7,3,3,0,1,0,1,1,0,4,7,5,8,3
2017.0,-580.0,0.0,0.0,3,1,3,0,0,0,0,2,1,1,0,0,1,1,1,8,3,3,0,1,0,2,2,0,0,2,5,3,9
2017.0,130.0,0.0,0.0,3,6,3,0,0,0,0,2,1,1,0,0,2,1,1,11,3,3,0,0,0,1,2,0,6,7,5,8,3
2017.0,100.0,0.0,0.0,3,6,3,0,0,0,1,5,1,1,0,1,5,1,1,13,3,3,0,0,0,2,2,0,4,7,5,8,3
2017.0,194.0,0.0,0.0,3,6,3,0,0,0,1,1,1,1,1,1,1,1,1,14,3,3,0,0,0,1,1,0,4,9,5,8,9
2017.0,160.0,0.0,0.0,3,10,3,0,0,0,0,5,1,1,0,1,5,1,1,14,3,3,0,0,0,1,1,0,6,9,5,3,2
2017.0,-115.0,0.0,0.0,3,12,3,0,0,0,2,1,1,1,1,1,9,1,1,15,3,3,0,0,0,0,1,0,6,5,5,6,5
2017.0,10.0,1.0,0.0,2,5,3,0,0,2,0,5,1,1,0,1,9,1,1,15,3,3,0,0,0,2,1,0,4,2,5,3,7
2017.0,-320.0,1.0,0.0,3,6,3,0,0,0,0,5,1,1,0,0,5,1,1,16,3,3,0,1,0,1,1,0,6,7,5,8,3
2017.0,-453.0,0.0,0.0,3,1,3,0,0,0,0,9,1,1,0,1,2,1,1,16,3,3,0,1,0,2,2,0,6,2,5,3,9
2017.0,-120.0,0.0,0.0,3,6,3,0,0,0,0,1,1,1,0,1,1,1,1,16,3,3,0,1,0,1,2,0,6,7,5,8,8
2017.0,0.0,2.0,0.0,2,4,4,0,0,0,1,2,1,1,0,1,5,1,1,18,3,3,0,1,0,1,1,0,4,2,5,3,9
2017.0,120.0,0.0,0.0,3,6,0,1,0,0,2,9,1,1,0,1,9,1,1,22,3,3,0,0,0,0,1,0,4,7,5,8,1
2017.0,59.0,0.0,0.0,3,6,3,0,0,0,1,5,1,1,0,1,5,1,1,7,4,3,0,1,0,1,1,0,2,7,5,8,3
2017.0,-70.0,0.0,0.0,3,10,3,0,0,0,2,9,1,1,0,1,9,1,1,7,4,3,0,1,0,0,1,0,6,9,5,3,3
2017.0,50.0,1.0,0.0,3,6,3,0,0,0,0,1,1,1,0,0,1,1,1,11,4,3,0,0,0,1,1,0,4,7,5,8,3
2017.0,130.0,0.0,0.0,3,10,3,0,0,0,1,9,1,1,0,0,9,1,1,12,4,3,0,0,0,2,2,0,6,9,5,3,3
2017.0,-150.0,0.0,0.0,3,6,3,1,0,0,1,5,1,1,0,0,5,1,1,13,4,3,0,0,0,1,2,0,6,7,5,3,3
2017.0,50.0,0.0,0.0,3,1,3,0,0,0,0,2,1,1,0,1,1,1,1,14,4,3,0,0,0,1,1,0,4,2,5,3,9
2017.0,80.0,0.0,0.0,3,6,3,1,0,0,1,5,1,1,0,1,5,1,1,14,4,3,0,0,0,1,0,0,4,7,5,8,3
2017.0,-215.0,0.0,0.0,3,6,3,0,0,0,0,5,1,1,0,1,5,1,1,15,4,3,0,0,0,1,2,0,0,7,5,8,3
2017.0,-10.0,1.0,0.0,2,5,3,0,0,3,0,2,1,1,0,0,1,1,1,16,4,3,0,1,0,1,0,0,4,2,5,9,7
2017.0,200.0,0.0,0.0,3,4,3,0,0,0,1,1,1,1,0,0,5,1,1,16,4,3,0,1,0,1,1,0,0,2,5,3,9
2017.0,0.0,2.0,0.0,2,4,0,0,0,0,0,2,1,1,0,0,1,1,1,22,4,3,0,0,0,2,1,0,4,2,5,3,9
2017.0,0.0,0.0,0.0,3,9,0,0,0,0,1,9,1,1,0,1,9,1,1,22,4,3,0,0,0,1,2,0,4,2,5,3,9
2017.0,115.0,0.0,0.0,3,6,0,0,0,0,1,1,1,1,0,0,1,1,1,22,4,3,0,0,0,2,2,0,6,7,5,8,8
2017.0,-0.15,0.0,0.0,3,1,0,0,0,0,1,9,0,1,0,1,9,1,1,1,5,4,1,0,0,2,1,0,6,9,5,3,2
2017.0,580.0,0.0,0.0,3,6,3,0,0,0,0,5,1,1,0,0,5,1,1,10,5,4,1,0,0,1,1,0,6,7,5,3,3
2017.0,-523.0,0.0,0.0,3,6,3,0,0,0,1,9,1,1,0,1,9,1,1,11,5,4,1,0,0,2,1,0,6,7,5,9,3
2017.0,0.0,0.0,0.0,3,1,3,0,0,0,1,1,1,1,0,1,9,1,1,12,5,4,1,0,0,2,2,0,4,5,5,3,9
2017.0,-190.0,0.0,0.0,3,10,3,0,0,0,0,1,1,1,0,0,1,1,1,13,5,4,1,0,0,1,2,0,6,9,5,3,3
2017.0,0.0,2.0,0.0,2,4,3,0,0,0,0,5,1,1,0,0,1,1,1,15,5,4,1,0,0,2,1,0,4,2,5,8,3
2017.0,-10.0,1.0,0.0,3,5,3,0,0,0,1,9,1,1,3,0,1,1,1,15,5,4,1,0,0,2,2,0,4,2,5,7,9
2017.0,111.0,3.0,0.0,3,10,4,0,0,0,0,9,1,0,0,0,9,1,1,19,5,4,1,1,0,0,1,0,4,9,5,8,8
2017.0,0.0,0.0,0.0,3,1,0,0,0,0,0,1,1,1,0,1,5,1,1,23,5,4,1,0,0,0,0,0,4,2,5,3,9
2017.0,65.0,0.0,0.0,3,6,0,0,0,0,1,5,0,1,0,1,5,1,1,0,6,4,1,0,0,1,2,0,4,5,5,8,3
2017.0,0.0,0.0,0.0,3,4,3,0,0,0,0,5,1,1,0,1,1,1,1,8,6,4,1,1,0,1,1,0,4,5,5,3,9
2017.0,0.0,0.0,0.0,3,4,3,0,0,0,1,1,1,1,0,1,9,1,1,9,6,4,1,1,0,0,1,0,4,2,5,9,3
2017.0,-255.0,0.0,0.0,3,6,3,0,0,0,1,9,1,1,0,1,9,1,1,10,6,4,1,0,0,1,1,0,6,7,5,3,3
2017.0,80.0,0.0,0.0,3,6,0,0,0,0,2,9,1,1,0,0,9,1,1,21,6,4,1,0,0,0,2,0,4,5,5,3,5
2017.0,-100.0,0.0,0.0,3,4,3,0,0,0,0,1,1,1,0,1,2,1,1,8,0,4,0,1,0,1,2,0,4,2,5,3,9
2017.0,604.0,0.0,0.0,3,1,3,0,0,0,0,1,1,1,0,1,1,1,1,12,0,4,0,0,0,0,1,0,6,4,5,3,9
2017.0,-340.0,0.0,0.0,3,6,3,0,0,0,1,9,1,1,0,1,9,1,1,15,0,4,0,0,0,0,1,0,6,7,5,8,3
2017.0,10.0,1.0,0.0,3,5,3,1,0,0,0,6,1,1,0,0,1,1,1,16,0,4,0,1,0,0,2,0,4,7,5,3,9
2017.0,-80.0,2.0,0.0,2,6,3,0,0,0,0,1,1,1,0,0,1,1,1,17,0,4,0,1,0,2,1,0,2,7,5,8,3
2017.0,200.0,0.0,0.0,3,10,3,0,0,0,1,2,1,1,1,1,2,1,1,17,0,4,0,1,0,2,1,0,6,9,5,6,3
2017.0,0.0,0.0,0.0,3,6,3,0,0,0,2,1,1,1,0,0,1,1,1,17,0,4,0,1,0,0,1,0,4,5,5,8,3
2017.0,-20.0,2.0,0.0,3,4,3,0,0,0,1,7,1,1,0,1,1,1,1,17,0,4,0,1,0,0,0,0,6,4,5,8,9
2017.0,-100.0,1.0,0.0,3,12,3,4,3,0,2,8,1,1,0,0,1,1,1,17,0,4,0,1,0,0,1,0,6,5,5,8,5
2017.0,-0.22,0.0,0.0,3,6,4,0,0,0,0,1,1,1,0,0,1,1,1,17,0,4,0,1,0,2,1,0,0,8,5,3,3
2017.0,-60.0,0.0,0.0,3,6,0,0,0,0,0,2,1,1,0,1,2,1,1,21,0,4,0,0,0,2,2,0,6,7,5,8,3
2017.0,-35.0,0.0,0.0,3,10,0,0,0,0,1,5,1,1,0,0,5,1,1,0,1,4,0,0,0,1,1,0,6,9,5,3,2
2017.0,0.0,0.0,0.0,3,12,0,0,0,0,1,8,0,1,0,1,8,1,1,1,1,4,0,0,0,1,1,0,4,7,5,8,3
2017.0,-40.0,1.0,0.0,2,6,3,0,0,0,0,2,1,1,0,1,2,1,1,7,1,4,0,1,0,1,1,0,4,7,5,8,5
2017.0,150.0,1.0,0.0,3,6,3,0,0,0,1,1,1,1,0,0,1,1,1,8,1,4,0,1,0,2,1,0,4,7,5,8,3
2017.0,0.0,0.0,0.0,3,4,3,0,0,0,0,5,1,1,0,0,2,1,1,8,1,4,0,1,0,0,0,0,4,2,5,3,9
2017.0,0.0,0.0,0.0,3,1,3,0,0,0,0,1,1,1,0,1,5,1,1,9,1,4,0,1,0,0,1,0,4,5,5,3,3
2017.0,-38.0,1.0,0.0,2,5,3,0,0,2,1,9,1,1,0,1,2,1,1,9,1,4,0,1,0,2,1,0,4,2,5,9,3
2017.0,75.0,0.0,0.0,3,6,3,0,0,0,1,5,1,1,0,1,5,1,1,10,1,4,0,0,0,2,1,0,4,7,5,8,3
2017.0,-158.0,0.0,0.0,3,10,3,0,0,0,0,2,1,1,0,1,2,1,1,10,1,4,0,0,0,2,0,0,6,9,5,3,2
2017.0,0.0,0.0,0.0,3,1,3,1,0,0,2,1,1,1,0,0,2,1,1,12,1,4,0,0,0,0,1,0,4,2,5,9,3
2017.0,-50.0,0.0,0.0,3,6,3,0,0,0,0,2,1,1,0,1,2,1,1,12,1,4,0,0,0,2,1,0,4,7,5,8,3
2017.0,-160.0,0.0,0.0,3,10,3,0,0,0,1,1,1,1,0,1,1,1,1,12,1,4,0,0,0,2,1,0,6,9,5,3,2
2017.0,-78.0,0.0,0.0,3,6,3,1,0,0,0,5,1,1,0,0,5,1,1,13,1,4,0,0,0,0,1,0,4,7,5,8,3
2017.0,-455.0,1.0,0.0,3,1,3,0,0,0,0,9,1,1,0,0,2,1,1,14,1,4,0,0,0,1,1,0,6,2,5,3,9
2017.0,265.0,0.0,0.0,3,6,3,0,0,0,0,1,1,1,0,0,1,1,1,15,1,4,0,0,0,1,1,0,6,7,5,8,3
2017.0,-72.0,0.0,0.0,3,6,3,0,0,0,1,9,1,1,0,1,9,1,1,15,1,4,0,0,0,1,1,0,6,7,5,8,3
2017.0,0.0,2.0,0.0,2,1,3,0,0,0,0,9,1,1,0,0,5,1,1,16,1,4,0,1,0,1,1,0,4,2,5,3,3
2017.0,-888.0,0.0,0.0,3,6,3,0,0,0,1,1,1,1,0,0,1,1,1,16,1,4,0,1,0,1,1,0,4,7,5,8,3
2017.0,-837.0,0.0,0.0,3,4,3,0,0,0,1,5,1,1,0,1,9,1,1,16,1,4,0,1,0,1,0,0,0,2,5,3,9
2017.0,0.0,0.0,0.0,3,10,3,0,0,0,1,1,1,1,0,0,1,1,1,17,1,4,0,1,0,1,0,0,4,9,5,3,8
2017.0,0.0,1.0,0.0,2,8,3,0,0,0,1,5,1,1,0,1,5,1,1,17,1,4,0,1,0,1,1,0,4,9,5,8,0
2017.0,0.0,0.0,0.0,3,1,3,0,0,0,2,2,1,1,0,0,2,1,1,17,1,4,0,1,0,0,2,0,2,3,5,9,3
2017.0,-22.0,3.0,0.0,2,6,3,0,0,0,1,9,1,1,0,1,9,1,1,17,1,4,0,1,0,1,1,0,2,7,5,8,3
2017.0,0.0,1.0,0.0,2,4,3,0,0,0,0,3,1,1,0,1,9,1,1,18,1,4,0,1,0,2,0,0,4,2,5,3,9
2017.0,74.0,0.0,0.0,3,6,3,0,0,0,1,5,1,1,0,1,5,1,1,18,1,4,0,1,0,2,0,0,4,7,5,8,3
2017.0,0.1,1.0,0.0,2,5,0,0,0,2,0,9,1,1,0,0,2,1,1,20,1,4,0,0,0,1,1,0,6,5,5,9,3
2017.0,50.0,2.0,0.0,3,3,0,0,0,0,0,5,1,1,0,0,2,1,1,20,1,4,0,0,0,1,2,0,6,9,5,3,3
2017.0,0.0,1.0,0.0,2,10,0,0,0,0,0,1,1,1,0,1,1,1,1,23,1,4,0,0,0,1,1,0,4,5,5,5,5
2017.0,0.0,1.0,0.0,2,4,3,0,0,0,0,5,1,1,0,0,2,1,1,5,2,4,0,0,0,2,1,0,4,9,5,3,9
2017.0,75.0,0.0,0.0,3,12,3,0,0,0,1,5,1,1,0,0,5,1,1,7,2,4,0,1,0,1,1,0,4,5,5,5,5
2017.0,-300.0,0.0,0.0,3,1,3,0,0,0,1,5,1,1,0,0,2,1,1,7,2,4,0,1,0,0,1,0,0,2,5,3,9
2017.0,38.0,1.0,0.0,3,6,3,0,0,0,0,9,1,1,0,1,9,1,1,7,2,4,0,1,0,1,1,0,4,7,5,8,3
2017.0,0.0,0.0,0.0,3,4,3,0,0,0,1,5,1,1,0,0,2,1,1,7,2,4,0,1,0,1,1,0,4,2,5,3,9
2017.0,300.0,0.0,0.0,3,6,3,0,0,0,0,2,1,1,0,1,2,1,1,8,2,4,0,1,0,1,1,0,4,7,5,8,3
2017.0,0.0,0.0,0.0,3,4,3,0,0,0,0,5,1,1,0,0,5,1,1,9,2,4,0,1,0,2,1,0,4,4,5,9,2
2017.0,0.0,0.0,0.0,3,1,3,0,0,0,1,7,1,1,0,1,1,1,1,9,2,4,0,1,0,2,2,0,4,5,5,3,9
2017.0,-321.0,0.0,0.0,3,1,3,0,0,0,0,9,1,1,0,1,2,1,1,10,2,4,0,0,0,1,2,0,0,2,5,3,9
2017.0,-82.0,1.0,0.0,3,6,3,0,0,0,1,1,1,0,0,1,1,1,1,10,2,4,0,0,0,1,1,0,4,7,5,8,3
2017.0,-200.0,0.0,0.0,3,12,3,0,3,0,2,8,1,1,1,1,8,1,1,11,2,4,0,0,0,0,2,0,6,5,5,6,5
2017.0,105.0,0.0,0.0,3,5,3,0,0,0,1,9,1,0,0,0,9,1,1,12,2,4,0,0,0,1,1,0,4,7,5,8,3
2017.0,87.0,0.0,0.0,3,6,3,0,0,0,0,5,1,1,0,1,5,1,1,17,2,4,0,1,0,1,0,0,4,7,5,8,3
2017.0,0.0,1.0,0.0,3,4,3,0,0,0,0,2,1,1,0,1,5,1,1,17,2,4,0,1,0,2,1,0,4,2,5,3,9
2017.0,-200.0,2.0,0.0,1,1,0,0,0,0,0,6,1,1,0,0,5,1,1,19,2,4,0,1,0,1,2,0,6,2,5,3,5
2017.0,0.0,0.0,0.0,3,4,0,0,0,0,1,1,1,1,0,1,1,1,1,21,2,4,0,0,0,1,0,0,2,5,5,9,9
2017.0,-200.0,0.0,0.0,3,10,0,0,0,0,2,1,1,1,0,1,1,1,1,1,3,4,0,0,0,0,1,0,6,9,5,3,2
2017.0,-10.0,1.0,0.0,3,9,0,0,0,0,1,9,1,1,0,1,1,1,1,5,3,4,0,0,0,1,1,0,4,4,5,8,9
2017.0,-15.0,1.0,0.0,3,1,3,0,0,0,1,5,1,1,0,1,5,1,1,9,3,4,0,1,0,0,1,0,4,5,5,9,9
2017.0,252.0,0.0,0.0,3,10,3,0,0,0,1,1,1,1,0,0,1,1,1,9,3,4,0,1,0,1,1,0,4,9,5,3,2
2017.0,-155.0,3.0,0.0,1,6,3,1,0,0,0,1,1,1,0,1,1,1,1,13,3,4,0,0,0,0,1,0,4,7,5,8,3
2017.0,0.0,0.0,0.0,3,4,3,0,0,0,0,2,1,1,0,0,5,1,1,13,3,4,0,0,0,0,2,0,4,5,5,3,9
2017.0,0.0,1.0,0.0,2,1,3,0,0,0,0,9,1,1,0,1,5,1,1,14,3,4,0,0,0,1,1,0,2,2,5,3,3
2017.0,-180.0,0.0,0.0,3,6,3,0,0,0,1,1,1,0,0,1,1,1,1,14,3,4,0,0,0,1,2,0,4,7,5,8,8
2017.0,81.0,0.0,0.0,3,6,3,0,0,0,1,2,1,1,0,0,2,1,1,15,3,4,0,0,0,1,2,0,6,7,5,8,3
2017.0,-251.0,1.0,0.0,3,1,3,0,0,0,0,5,1,1,0,1,9,1,1,15,3,4,0,0,0,1,1,0,6,2,5,3,9
2017.0,933.0,1.0,0.0,2,6,3,0,0,0,0,1,1,1,0,1,1,1,1,17,3,4,0,1,0,2,1,0,6,7,5,8,3
2017.0,-85.0,0.0,0.0,3,6,3,0,0,0,0,1,1,1,0,0,1,1,1,17,3,4,0,1,0,2,1,0,6,7,5,8,3
2017.0,-73.0,0.0,0.0,3,6,0,0,0,0,2,1,1,1,0,1,1,1,1,19,3,4,0,1,0,0,1,0,4,7,5,8,8
2017.0,0.0,2.0,0.0,2,4,0,0,0,0,1,1,1,0,0,1,5,1,1,22,3,4,0,0,0,1,1,0,4,2,5,3,9
2017.0,100.0,0.0,0.0,3,10,0,0,0,0,1,2,0,1,1,1,2,1,1,2,4,4,0,0,0,2,1,0,6,4,5,6,3
2017.0,275.0,0.0,0.0,3,6,3,0,0,0,0,9,1,1,0,1,9,1,1,9,4,4,0,1,0,1,2,0,6,7,5,8,3
2017.0,-259.0,1.0,0.0,2,5,3,0,0,2,1,5,1,1,0,1,9,1,1,10,4,4,0,0,0,1,0,0,6,5,5,8,3
2017.0,0.0,0.0,0.0,3,4,3,0,0,0,0,3,1,1,0,1,1,1,1,11,4,4,0,0,0,1,1,0,2,4,5,3,9
2017.0,37.0,0.0,0.0,3,8,3,0,0,0,1,9,1,1,1,1,2,1,1,12,4,4,0,0,0,1,1,0,6,7,5,6,1
2017.0,-30.0,0.0,0.0,3,6,3,0,0,0,1,1,1,1,0,1,1,1,1,13,4,4,0,0,0,1,1,0,4,7,5,8,3
2017.0,140.0,1.0,0.0,3,6,3,0,0,0,1,2,1,1,0,1,2,1,1,14,4,4,0,0,0,2,1,0,4,7,5,8,3
2017.0,68.0,0.0,0.0,3,10,3,0,0,0,1,9,1,1,0,0,9,1,1,14,4,4,0,0,0,1,2,0,6,5,5,3,2
2017.0,345.0,0.0,0.0,3,10,3,0,0,0,1,5,1,1,0,1,5,1,1,15,4,4,0,0,0,1,1,0,4,9,5,3,2
2017.0,-238.0,0.0,0.0,3,4,3,0,0,0,0,9,1,1,0,0,2,1,1,16,4,4,0,1,0,2,1,0,0,2,5,3,9
2017.0,-142.0,0.0,0.0,3,6,3,0,0,0,1,1,1,1,0,0,1,1,1,16,4,4,0,1,0,1,1,0,4,7,5,8,3
2017.0,-125.0,0.0,0.0,3,6,3,0,0,0,1,5,1,1,0,1,5,1,1,17,4,4,0,1,0,1,1,0,6,7,5,8,3
2017.0,-250.0,0.0,0.0,3,10,3,0,0,0,1,1,1,1,0,0,1,1,1,17,4,4,0,1,0,1,0,0,4,5,5,3,2
2017.0,-120.0,0.0,0.0,3,6,0,0,0,0,1,1,1,1,0,1,1,1,1,19,4,4,0,1,0,0,2,0,4,7,5,8,3
2017.0,167.0,3.0,0.0,3,6,0,0,0,0,0,5,1,1,0,1,5,1,1,20,4,4,0,0,0,1,0,0,4,7,5,8,8
2017.0,-96.0,2.0,0.0,2,6,0,0,0,0,2,2,1,1,0,0,2,1,1,22,4,4,0,0,0,0,1,0,4,7,5,8,3
2017.0,0.0,1.0,0.0,3,4,0,0,0,0,2,1,1,1,0,0,2,1,1,2,5,4,1,0,0,0,1,0,4,2,5,9,9
2017.0,0.0,0.0,0.0,3,10,3,0,0,0,1,1,1,1,0,0,1,1,1,5,5,4,1,0,0,1,1,0,2,5,5,9,9
2017.0,672.0,0.0,0.0,3,5,3,0,0,0,0,3,1,1,1,1,9,1,1,8,5,4,1,1,0,2,1,0,4,7,5,6,9
2017.0,-50.0,0.0,0.0,3,6,3,0,0,0,1,2,1,1,0,0,2,1,1,12,5,4,1,0,0,0,1,0,3,7,5,3,3
2017.0,171.0,0.0,0.0,3,6,3,0,0,0,0,2,1,1,0,1,2,1,1,13,5,4,1,0,0,0,1,0,6,7,5,8,3
2017.0,-60.0,1.0,0.0,3,6,3,0,0,0,1,2,1,1,0,1,2,1,1,14,5,4,1,0,0,1,2,0,6,7,5,8,3
2017.0,-300.0,0.0,0.0,3,4,3,0,0,0,0,5,1,1,0,0,5,1,1,15,5,4,1,0,0,1,2,0,0,5,5,2,9
2017.0,200.0,0.0,0.0,3,6,3,0,0,0,1,5,1,1,0,0,5,1,1,17,5,4,1,1,0,1,2,0,4,7,5,8,3
2017.0,-200.0,0.0,0.0,3,12,4,0,3,0,2,8,1,1,0,0,9,1,1,17,5,4,1,1,0,0,1,0,6,5,5,5,5
2017.0,0.0,0.0,0.0,3,1,3,0,0,0,1,5,0,1,0,1,1,1,1,17,5,4,1,1,0,1,2,0,4,2,5,3,3
2017.0,75.0,0.0,0.0,3,12,4,0,3,0,2,8,1,1,0,0,8,1,1,18,5,4,1,1,0,0,1,0,6,5,5,6,5
2017.0,0.0,0.0,0.0,3,4,0,1,0,0,0,9,1,1,0,1,1,1,1,20,5,4,1,0,0,1,1,0,4,5,5,9,3
2017.0,-1000.0,0.0,0.0,3,6,0,0,0,0,2,9,1,1,0,1,9,1,1,21,5,4,1,0,0,0,2,0,6,7,5,3,3
2017.0,1100.0,0.0,0.0,3,10,0,0,0,0,0,1,1,1,0,1,1,1,1,23,5,4,1,0,0,0,1,0,6,9,5,3,2
2017.0,-25.0,1.0,0.0,3,6,0,0,0,0,0,3,0,1,0,1,3,1,1,23,5,4,1,0,0,2,1,0,2,7,5,8,8
2017.0,0.0,1.0,0.0,2,1,3,0,0,0,1,5,1,1,0,1,9,1,1,13,6,4,1,0,0,2,1,0,4,7,5,3,3
2017.0,30.0,0.0,0.0,3,6,3,0,0,0,1,5,1,1,0,1,5,1,1,17,6,4,1,1,0,1,1,0,4,8,5,3,3
2017.0,30.0,0.0,0.0,3,6,0,0,0,0,2,2,1,1,0,1,2,1,1,19,6,4,1,1,0,0,1,0,4,5,5,3,5
2017.0,0.0,0.0,0.0,3,1,0,0,0,0,1,9,1,1,0,0,5,1,1,20,6,4,1,0,0,2,2,0,4,2,5,3,3
2017.0,-30.0,0.0,0.0,3,6,0,0,0,0,0,1,1,1,0,1,1,1,1,22,6,4,1,0,0,1,1,0,4,7,5,3,3
2017.0,-275.0,1.0,0.0,3,6,3,0,0,0,0,1,1,1,0,1,1,1,1,7,0,4,0,1,0,1,1,0,4,7,5,8,3
2017.0,-120.0,1.0,0.0,3,6,3,0,0,0,0,2,1,1,0,0,2,1,1,7,0,4,0,1,0,2,1,0,4,7,5,8,3
2017.0,-65.0,1.0,0.0,2,1,3,0,0,2,1,2,1,1,0,0,1,1,1,8,0,4,0,1,0,2,1,0,4,2,5,3,7
2017.0,-110.0,0.0,0.0,3,6,3,0,0,0,1,2,1,1,0,1,2,1,1,11,0,4,0,0,0,1,2,0,4,7,5,8,8
2017.0,-25.0,0.0,0.0,3,5,3,0,0,0,0,5,1,1,0,0,9,1,1,12,0,4,0,0,0,0,0,0,4,4,5,3,9
2017.0,150.0,0.0,0.0,3,6,4,0,0,0,0,1,1,1,0,1,1,1,1,18,0,4,0,1,0,2,1,0,6,7,5,8,8
2017.0,0.0,0.0,0.0,3,6,0,0,0,0,0,5,1,1,0,1,5,1,1,23,0,4,0,0,0,2,1,0,4,8,5,3,3