Year,Distance,Totalinjuries,Totalfatalities,Injuryseverity,Collisionmanner,Lightcondition,Weather,SurfaceCondition,Unittype_One,Gender_Drv1,Traveldirection_One,AlcoholUse_Drv1,DrugUse_Drv1,Unittype_Two,Gender_Drv2,Traveldirection_Two,AlcoholUse_Drv2,DrugUse_Drv2,Hour,Weekday,Month,Weekend,Rush_Hour,Hazardous_Road,Age_Group_Drv1,Age_Group_Drv2,Substance_Use,Junction_Category,Violation_Category_Drv1,Violation_Category_Drv2,Unitaction_Category_Two,Unitaction_Category_One
2017.0,0.12,1.0,0.0,3,5,0,0,0,0,0,2,1,1,2,1,8,1,1,4,1,4,0,0,0,1,1,0,6,7,5,5,3
2017.0,60.0,1.0,0.0,2,1,3,0,0,0,0,9,1,1,0,1,5,1,1,6,1,4,0,0,0,1,1,0,4,9,5,8,3
2017.0,-285.0,0.0,0.0,3,4,3,0,0,0,1,2,1,1,0,1,1,1,1,7,1,4,0,1,0,1,1,0,0,2,5,3,9
2017.0,-22.0,1.0,0.0,2,5,3,0,0,0,2,1,1,1,2,0,1,1,1,12,1,4,0,0,0,0,2,0,4,2,5,3,9
2017.0,0.0,0.0,0.0,3,4,3,0,0,0,0,1,1,1,0,1,9,1,1,13,1,4,0,0,0,1,0,0,4,2,5,9,3
2017.0,200.0,0.0,0.0,3,10,3,0,0,0,0,9,1,1,0,1,9,1,1,15,1,4,0,0,0,2,0,0,4,9,5,2,8
2017.0,0.0,1.0,0.0,3,4,3,0,0,0,0,2,1,1,0,1,5,1,1,16,1,4,0,1,0,0,1,0,4,2,5,3,9
2017.0,5.0,0.0,0.0,3,6,3,0,0,0,0,2,1,1,0,0,2,1,1,16,1,4,0,1,0,2,2,0,4,7,5,3,3
2017.0,-200.0,0.0,0.0,3,4,0,0,0,0,0,9,1,1,0,0,1,1,1,21,1,4,0,0,0,0,1,0,6,2,5,3,9
2017.0,0.0,0.0,0.0,3,4,0,0,0,0,1,1,1,1,0,0,1,1,1,4,2,4,0,0,0,1,1,0,4,2,5,9,3
2017.0,0.0,0.0,0.0,3,4,3,0,0,0,1,2,1,1,0,1,5,1,1,7,2,4,0,1,0,2,2,0,4,2,5,3,9
2017.0,-60.0,0.0,0.0,3,4,3,0,0,0,1,8,1,1,0,0,2,1,1,8,2,4,0,1,0,1,1,0,6,5,5,9,3
2017.0,-235.0,0.0,0.0,3,10,3,0,0,0,1,9,1,1,0,0,9,1,1,11,2,4,0,0,0,0,1,0,6,5,5,3,2
2017.0,150.0,0.0,0.0,3,6,3,0,0,0,0,9,1,1,0,1,9,1,1,13,2,4,0,0,0,1,1,0,4,7,5,8,3
2017.0,-56.0,0.0,0.0,3,1,3,0,0,0,1,9,1,1,1,1,9,1,1,14,2,4,0,0,0,0,1,0,4,9,5,6,9
2017.0,-135.0,0.0,0.0,3,6,3,0,0,0,0,1,1,1,0,1,1,1,1,16,2,4,0,1,0,2,1,0,4,7,5,8,3
2017.0,0.25,2.0,0.0,3,8,3,0,0,0,1,9,1,1,0,0,9,1,1,16,2,4,0,1,0,2,0,0,4,7,5,8,0
2017.0,-139.0,2.0,0.0,2,6,3,0,0,0,0,5,1,1,0,0,5,1,1,16,2,4,0,1,0,1,1,0,4,7,5,8,3
2017.0,-100.0,1.0,0.0,2,6,3,0,0,0,1,1,1,1,0,0,1,1,1,16,2,4,0,1,0,1,1,0,4,7,5,8,3
2017.0,0.0,1.0,0.0,3,4,3,0,0,0,0,2,1,1,0,1,5,1,1,17,2,4,0,1,0,0,2,0,4,2,5,3,9
2017.0,-41.0,1.0,0.0,3,5,3,0,0,2,1,2,1,1,0,1,1,1,1,17,2,4,0,1,0,2,0,0,4,9,5,9,7
2017.0,0.0,0.0,0.0,3,4,3,0,0,0,1,9,1,1,0,1,5,1,1,17,2,4,0,1,0,2,1,0,4,2,5,3,9
2017.0,69.0,2.0,0.0,2,6,3,0,0,0,0,9,1,1,0,1,9,1,1,17,2,4,0,1,0,2,1,0,4,7,5,8,3
2017.0,59.0,2.0,0.0,2,6,4,0,0,0,0,5,1,1,0,0,5,1,1,18,2,4,0,1,0,2,1,0,4,7,5,3,3
2017.0,-50.0,0.0,0.0,3,10,4,0,0,0,0,1,1,1,0,1,1,1,1,18,2,4,0,1,0,1,1,0,4,9,5,8,2
2017.0,78.0,0.0,0.0,3,10,3,0,0,0,0,2,1,1,0,0,2,1,1,18,2,4,0,1,0,1,1,0,2,4,5,9,9
2017.0,-1300.0,1.0,0.0,2,1,0,0,0,0,0,5,1,1,0,1,9,1,1,19,2,4,0,1,0,2,1,0,0,2,5,3,9
2017.0,134.0,1.0,0.0,3,6,0,0,0,0,1,1,1,1,0,1,1,1,1,19,2,4,0,1,0,2,2,0,4,7,5,3,3
2017.0,25.0,0.0,0.0,3,12,4,0,0,0,2,8,1,1,0,0,8,1,1,19,2,4,0,1,0,0,1,0,4,5,5,3,5
2017.0,55.0,0.0,0.0,3,6,0,0,0,0,0,1,1,1,0,1,1,1,1,20,2,4,0,0,0,2,2,0,4,7,5,3,3
2017.0,120.0,0.0,0.0,3,6,0,0,0,0,0,9,0,1,0,0,9,1,1,20,2,4,0,0,0,1,2,0,4,7,5,8,3
2017.0,0.0,2.0,0.0,2,4,3,0,0,0,1,1,1,1,0,0,9,1,1,7,3,4,0,1,0,1,1,0,4,2,5,3,9
2017.0,350.0,0.0,0.0,3,10,3,0,0,0,0,9,1,1,0,1,9,1,1,7,3,4,0,1,0,0,2,0,6,5,5,3,2
2017.0,130.0,0.0,0.0,3,6,3,0,0,0,1,9,1,1,0,0,9,1,1,7,3,4,0,1,0,1,1,0,4,7,5,3,8
2017.0,-415.0,2.0,0.0,2,4,3,0,0,0,0,5,1,1,0,0,2,1,1,8,3,4,0,1,0,2,1,0,0,2,5,3,9
2017.0,-175.0,0.0,0.0,3,6,3,0,0,0,0,9,1,1,0,0,9,1,1,11,3,4,0,0,0,1,2,0,0,7,5,8,3
2017.0,0.0,0.0,0.0,3,4,3,0,0,0,1,1,1,1,0,1,9,1,1,12,3,4,0,0,0,1,2,0,4,2,5,3,9
2017.0,110.0,0.0,0.0,3,6,3,0,0,0,1,9,1,1,0,1,9,1,1,13,3,4,0,0,0,2,2,0,4,7,5,8,3
2017.0,139.0,0.0,0.0,3,12,3,0,0,0,2,8,1,1,1,1,5,1,1,13,3,4,0,0,0,0,1,0,6,5,5,6,5
2017.0,135.0,0.0,0.0,3,6,3,0,0,0,1,2,1,1,0,0,2,1,1,13,3,4,0,0,0,2,2,0,0,7,5,8,3
2017.0,210.0,0.0,0.0,3,6,3,0,0,0,0,9,1,1,0,1,9,1,1,16,3,4,0,1,0,1,1,0,4,7,5,8,3
2017.0,20.0,0.0,0.0,3,6,3,0,0,0,1,1,1,1,0,1,1,1,1,17,3,4,0,1,0,2,1,0,6,7,5,8,3
2017.0,-60.0,0.0,0.0,3,10,3,0,0,0,1,1,1,1,0,0,1,1,1,18,3,4,0,1,0,1,0,0,4,9,5,3,2
2017.0,72.0,0.0,0.0,3,6,0,0,0,0,0,9,1,1,0,1,9,1,1,21,3,4,0,0,0,2,1,0,2,7,5,3,3
2017.0,231.0,1.0,0.0,3,4,3,0,0,0,1,2,1,1,0,0,1,1,1,8,4,4,0,1,0,1,1,0,0,2,5,3,9
2017.0,-514.0,1.0,0.0,2,10,3,0,0,0,1,9,1,1,0,0,9,1,1,9,4,4,0,1,0,1,2,0,6,9,5,3,2
2017.0,37.0,0.0,0.0,3,6,3,0,0,0,0,2,1,1,0,1,5,1,1,10,4,4,0,0,0,1,1,0,4,5,5,8,1
2017.0,174.0,2.0,0.0,3,4,3,0,0,0,0,9,1,1,0,1,2,1,1,11,4,4,0,0,0,2,1,0,0,2,5,3,9
2017.0,-200.0,0.0,0.0,3,12,3,0,3,0,2,8,1,1,0,0,1,1,1,12,4,4,0,0,0,0,2,0,4,5,5,3,5
2017.0,140.0,0.0,0.0,3,10,3,0,0,0,1,5,1,1,0,0,5,1,1,13,4,4,0,0,0,1,1,0,2,7,5,3,3
2017.0,-145.0,0.0,0.0,3,6,3,0,0,0,1,1,1,1,0,0,1,1,1,14,4,4,0,0,0,2,1,0,4,7,5,8,3
2017.0,0.0,0.0,0.0,3,4,3,0,0,0,0,4,1,1,0,1,1,1,1,15,4,4,0,0,0,1,1,0,4,2,5,3,9
2017.0,0.0,1.0,0.0,2,4,3,0,0,0,0,2,1,1,0,1,5,1,1,16,4,4,0,1,0,0,2,0,4,2,5,3,9
2017.0,-195.0,1.0,0.0,3,6,3,0,0,0,0,2,1,1,0,0,2,1,1,6,5,4,1,0,0,2,0,0,6,7,5,3,3
2017.0,-60.0,0.0,0.0,3,6,3,0,0,0,0,2,1,1,0,0,2,1,1,9,5,4,1,1,0,2,1,0,6,7,5,8,8
2017.0,-300.0,0.0,0.0,3,10,3,0,0,0,1,5,1,1,0,1,5,1,1,10,5,4,1,0,0,2,1,0,6,5,5,9,9
2017.0,50.0,0.0,0.0,3,6,3,0,0,0,0,1,1,1,0,0,1,1,1,11,5,4,1,0,0,1,2,0,4,7,5,3,3
2017.0,0.0,0.0,0.0,3,4,3,0,0,0,1,6,1,1,0,1,2,1,1,12,5,4,1,0,0,1,2,0,4,2,5,3,9
2017.0,100.0,0.0,0.0,3,10,3,0,0,0,1,1,1,1,0,1,1,1,1,13,5,4,1,0,0,0,1,0,6,9,5,3,3
2017.0,135.0,1.0,0.0,3,6,3,0,0,0,1,9,1,1,0,0,9,1,1,15,5,4,1,0,0,1,2,0,6,5,5,8,8
2017.0,290.0,0.0,0.0,3,1,0,0,0,0,0,1,1,1,0,0,1,1,1,20,5,4,1,0,0,2,1,0,0,7,5,9,3
2017.0,100.0,1.0,0.0,2,10,0,0,0,0,1,1,1,1,0,0,1,1,1,2,6,4,1,0,0,2,1,0,6,9,5,3,2
2017.0,-41.0,1.0,0.0,3,1,3,0,0,0,1,1,1,1,0,0,2,1,1,7,0,4,0,1,0,1,1,0,4,7,5,8,9
2017.0,-161.0,0.0,0.0,3,6,3,0,0,0,1,2,1,1,0,1,2,1,1,7,0,4,0,1,0,1,1,0,4,7,5,8,3
2017.0,-50.0,0.0,0.0,3,4,3,0,0,0,1,2,1,1,0,1,1,1,1,10,0,4,0,0,0,2,1,0,4,9,5,8,9
2017.0,-58.0,0.0,0.0,3,10,3,0,0,0,1,9,1,1,0,1,9,1,1,10,0,4,0,0,0,1,1,0,6,5,5,3,3
2017.0,-62.0,0.0,0.0,3,6,3,0,0,0,1,2,1,1,0,1,2,1,1,11,0,4,0,0,0,1,2,0,4,7,5,8,8
2017.0,65.0,0.0,0.0,3,6,3,0,0,0,1,2,1,1,0,1,2,1,1,11,0,4,0,0,0,2,1,0,4,7,5,8,3
2017.0,141.0,0.0,0.0,3,6,3,0,0,0,0,2,1,1,0,1,2,1,1,12,0,4,0,0,0,1,1,0,6,7,5,8,3
2017.0,0.0,2.0,0.0,2,4,3,0,0,0,0,2,1,1,0,0,5,1,1,13,0,4,0,0,0,1,2,0,4,2,5,3,9
2017.0,-410.0,0.0,0.0,3,6,3,0,0,0,2,1,1,1,0,1,1,1,1,14,0,4,0,0,0,0,2,0,4,7,5,8,3
2017.0,105.0,0.0,0.0,3,6,3,0,0,0,1,2,1,1,0,0,2,1,1,14,0,4,0,0,0,2,1,0,6,7,5,8,3
2017.0,54.0,1.0,0.0,3,6,3,0,0,0,2,5,1,1,0,0,5,1,1,16,0,4,0,1,0,0,2,0,4,7,5,8,3
2017.0,-800.0,0.0,0.0,3,10,3,0,0,0,0,1,1,1,0,0,1,1,1,17,0,4,0,1,0,0,1,0,6,9,5,3,2
2017.0,-20.0,1.0,0.0,2,5,0,0,0,2,1,9,1,1,0,0,1,1,1,19,0,4,0,1,0,2,1,0,4,5,5,8,7
2017.0,-404.0,0.0,0.0,3,6,3,0,0,0,0,2,1,1,0,0,2,1,1,6,1,4,0,0,0,1,2,0,4,7,5,8,3
2017.0,110.0,0.0,0.0,3,10,3,0,0,0,1,9,1,1,0,1,9,1,1,10,1,4,0,0,0,1,1,0,4,7,5,8,2
2017.0,0.0,3.0,0.0,2,1,3,0,0,0,1,2,1,1,0,1,5,1,1,10,1,4,0,0,0,1,1,0,2,7,5,3,9
2017.0,-86.0,0.0,0.0,3,10,3,0,0,0,1,2,1,1,0,1,2,1,1,11,1,4,0,0,0,1,0,0,4,9,5,3,3
2017.0,283.0,1.0,0.0,3,1,3,0,0,0,0,1,1,1,0,1,1,1,1,12,1,4,0,0,0,1,1,0,0,2,5,3,9
2017.0,-0.75,0.0,0.0,3,1,3,0,0,0,1,6,1,1,0,0,9,1,1,12,1,4,0,0,0,1,1,0,6,2,5,9,9
2017.0,-20.0,0.0,0.0,3,10,3,0,0,0,1,1,1,1,0,1,1,1,1,12,1,4,0,0,0,0,1,0,4,9,5,3,3
2017.0,-829.0,0.0,0.0,3,10,3,0,0,0,1,2,1,1,0,1,2,1,1,13,1,4,0,0,0,0,1,0,0,4,5,9,2
2017.0,-83.0,1.0,0.0,3,6,3,0,0,0,1,2,1,1,0,0,2,1,1,14,1,4,0,0,0,1,2,0,4,7,5,8,8
2017.0,40.0,0.0,0.0,3,10,3,0,0,0,0,5,1,1,0,1,5,1,1,15,1,4,0,0,0,1,1,0,4,2,5,3,6
2017.0,-10.0,1.0,0.0,2,5,3,0,0,2,1,5,1,1,0,0,9,1,1,15,1,4,0,0,0,1,1,0,4,2,5,3,9
2017.0,-45.0,1.0,0.0,3,1,3,0,0,0,1,7,1,1,0,1,9,1,1,16,1,4,0,1,0,1,0,0,4,4,5,3,9
2017.0,0.0,1.0,0.0,2,5,3,0,0,2,1,2,1,1,0,0,9,1,1,16,1,4,0,1,0,1,1,0,4,2,5,3,3
2017.0,-488.0,0.0,0.0,3,6,3,0,0,0,1,1,1,1,0,0,1,1,1,17,1,4,0,1,0,1,1,0,4,7,5,8,3
2017.0,0.0,0.0,0.0,3,4,0,0,0,0,0,5,1,1,0,1,5,1,1,19,1,4,0,1,0,1,1,0,2,4,5,3,9
2017.0,10.0,3.0,0.0,3,1,0,0,0,0,0,1,1,1,0,1,9,1,1,19,1,4,0,1,0,1,2,0,6,2,5,3,9
2017.0,-491.0,0.0,0.0,3,4,3,0,0,0,1,9,1,1,0,0,2,1,1,7,2,4,0,1,0,1,1,0,0,2,5,3,9
2017.0,-150.0,2.0,0.0,3,6,3,0,0,0,1,1,1,1,0,0,1,1,1,7,2,4,0,1,0,1,1,0,4,7,5,8,3
2017.0,0.0,0.0,0.0,3,1,3,0,0,0,1,5,1,1,0,0,1,1,1,9,2,4,0,1,0,0,1,0,4,5,5,3,3
2017.0,0.0,0.0,0.0,3,4,3,0,0,0,1,2,1,1,0,0,5,1,1,10,2,4,0,0,0,2,2,0,4,2,5,3,9
2017.0,301.0,0.0,0.0,3,4,3,0,0,0,0,2,1,1,0,1,1,1,1,10,2,4,0,0,0,1,1,0,0,2,5,3,9
2017.0,934.0,2.0,0.0,2,6,3,0,0,0,0,2,1,1,0,1,2,1,1,12,2,4,0,0,0,2,1,0,0,7,5,8,3
2017.0,40.0,0.0,0.0,3,6,3,0,0,0,0,2,1,1,0,1,2,1,1,13,2,4,0,0,0,2,2,0,4,7,5,8,3
2017.0,50.0,0.0,0.0,3,6,3,0,0,0,1,5,1,1,0,0,5,1,1,14,2,4,0,0,0,1,1,0,2,7,5,3,3
2017.0,512.0,0.0,0.0,3,6,3,0,0,0,0,2,1,1,0,1,2,1,1,14,2,4,0,0,0,2,1,0,6,7,5,3,3
2017.0,180.0,0.0,0.0,3,6,3,0,0,0,0,9,1,1,0,1,9,1,1,14,2,4,0,0,0,2,1,0,4,7,5,8,3
2017.0,-218.0,1.0,0.0,3,6,3,0,0,0,1,1,1,1,0,0,1,1,1,16,2,4,0,1,0,2,1,0,6,7,5,8,3
2017.0,50.0,0.0,0.0,3,4,3,0,0,0,0,6,1,1,0,1,1,1,1,16,2,4,0,1,0,1,1,0,4,5,5,3,9
2017.0,-200.0,0.0,0.0,3,6,3,0,0,0,0,5,1,1,0,1,5,1,1,16,2,4,0,1,0,1,2,0,6,7,5,8,3
2017.0,-15.0,0.0,0.0,3,1,3,0,0,0,0,4,1,1,0,0,5,1,1,16,2,4,0,1,0,2,1,0,6,4,5,3,9
2017.0,-320.0,1.0,0.0,2,6,3,0,0,0,1,1,1,1,0,1,1,1,1,16,2,4,0,1,0,2,0,0,6,7,5,8,3
2017.0,-170.0,1.0,0.0,2,5,3,0,0,2,1,5,1,1,0,0,9,1,1,17,2,4,0,1,0,2,1,0,0,9,5,9,3
2017.0,0.0,1.0,0.0,2,5,3,0,0,0,1,2,1,1,2,0,1,1,1,7,3,4,0,1,0,2,1,0,4,2,5,3,9
2017.0,-110.0,2.0,0.0,2,6,3,0,0,0,1,2,1,1,0,1,2,1,1,8,3,4,0,1,0,1,1,0,4,7,5,8,3
2017.0,45.0,0.0,0.0,3,6,3,0,0,0,1,2,1,1,0,0,2,1,1,8,3,4,0,1,0,2,1,0,4,7,5,3,3
2017.0,106.0,0.0,0.0,3,6,3,0,0,0,1,2,1,1,0,1,2,1,1,9,3,4,0,1,0,0,1,0,6,7,5,8,3
2017.0,-395.0,0.0,0.0,3,1,3,0,0,0,1,9,1,1,0,1,2,1,1,12,3,4,0,0,0,1,1,0,4,2,5,3,9
2017.0,-20.0,0.0,0.0,3,12,3,0,0,0,1,5,1,1,0,0,9,1,1,12,3,4,0,0,0,1,1,0,4,2,5,3,9
2017.0,-125.0,0.0,0.0,3,6,3,0,0,0,0,2,1,1,0,0,2,1,1,13,3,4,0,0,0,2,2,0,6,7,5,8,3
2017.0,-230.0,2.0,0.0,3,10,3,0,0,0,0,9,1,1,0,1,9,1,1,13,3,4,0,0,0,1,1,0,6,9,5,3,2
2017.0,0.0,2.0,0.0,2,4,3,0,0,0,0,2,1,1,0,1,5,1,1,14,3,4,0,0,0,0,0,0,4,2,5,3,9
2017.0,318.0,1.0,0.0,2,5,3,0,0,2,1,1,1,1,0,1,5,1,1,15,3,4,0,0,0,2,1,0,0,9,5,9,3
2017.0,0.0,2.0,0.0,2,4,3,0,0,0,0,9,1,1,0,1,1,1,1,17,3,4,0,1,0,1,1,0,4,2,5,3,9
2017.0,25.0,0.0,0.0,3,6,3,0,0,0,1,9,1,1,0,1,9,1,1,17,3,4,0,1,0,1,2,0,6,7,5,8,3
2017.0,0.0,0.0,0.0,3,4,3,0,0,0,1,9,1,1,0,1,1,1,1,17,3,4,0,1,0,1,1,0,2,2,5,3,9
2017.0,0.0,0.0,0.0,3,6,3,0,0,0,1,5,1,1,0,0,5,1,1,17,3,4,0,1,0,2,1,0,6,7,5,8,2
2017.0,103.0,0.0,0.0,3,6,3,0,0,0,1,5,1,1,0,0,5,1,1,17,3,4,0,1,0,1,1,0,4,7,5,3,8
2017.0,0.0,0.0,0.0,3,6,3,0,0,0,1,5,1,1,0,0,5,1,1,18,3,4,0,1,0,2,1,0,4,7,5,9,3
2017.0,-160.0,2.0,0.0,3,6,0,0,0,0,0,1,1,1,0,1,1,1,1,19,3,4,0,1,0,2,1,0,6,7,5,8,3
2017.0,375.0,0.0,0.0,3,1,3,0,0,0,0,1,1,1,0,1,5,1,1,6,4,4,0,0,0,1,1,0,6,2,5,3,5
2017.0,-805.0,0.0,0.0,3,1,3,0,0,0,0,9,1,1,0,1,2,1,1,7,4,4,0,1,0,1,1,0,6,2,5,2,9
2017.0,0.0,2.0,0.0,2,4,3,0,0,0,1,1,1,1,0,0,9,1,1,8,4,4,0,1,0,1,2,0,4,2,5,3,9
2017.0,-67.0,0.0,0.0,3,6,3,0,0,0,0,5,1,1,0,0,5,1,1,9,4,4,0,1,0,2,2,0,6,7,5,8,3
2017.0,-63.0,1.0,0.0,3,6,3,0,0,0,0,2,1,1,0,0,2,1,1,10,4,4,0,0,0,2,1,0,4,7,5,8,3
2017.0,341.0,2.0,0.0,3,6,3,0,0,0,1,9,1,1,0,1,9,1,1,13,4,4,0,0,0,0,1,0,4,7,5,8,3
2017.0,-834.0,0.0,0.0,3,10,3,0,0,0,1,2,1,1,0,0,2,1,1,13,4,4,0,0,0,0,2,0,6,9,9,2,2
2017.0,290.0,0.0,0.0,3,6,3,0,0,0,1,1,1,1,0,0,1,1,1,14,4,4,0,0,0,1,1,0,4,7,5,8,3
2017.0,-780.0,0.0,0.0,3,10,3,0,0,0,0,1,1,1,0,1,1,1,1,15,4,4,0,0,0,1,1,0,0,9,5,3,2
2017.0,0.0,1.0,0.0,2,4,3,0,0,0,1,4,1,1,0,1,5,1,1,15,4,4,0,0,0,1,2,0,4,2,5,3,9
2017.0,0.0,0.0,0.0,3,4,3,0,0,0,1,4,1,1,0,0,5,1,1,16,4,4,0,1,0,0,2,0,4,2,5,3,9
2017.0,-532.0,0.0,0.0,3,1,3,0,0,0,1,2,1,1,0,1,9,1,1,16,4,4,0,1,0,0,2,0,0,7,5,8,9
2017.0,80.0,0.0,0.0,3,10,3,0,0,0,1,9,1,1,0,1,9,1,1,17,4,4,0,1,0,1,2,0,4,7,5,3,2
2017.0,-450.0,0.0,0.0,3,4,3,0,0,0,0,9,1,1,0,0,5,1,1,17,4,4,0,1,0,1,1,0,0,5,5,3,9
2017.0,0.0,0.0,0.0,3,6,4,0,0,0,0,2,1,1,0,1,2,1,1,19,4,4,0,1,0,2,0,0,4,8,5,9,9
2017.0,81.0,1.0,0.0,2,6,0,0,0,0,1,9,1,1,0,1,9,1,1,19,4,4,0,1,0,1,1,0,4,7,5,8,3
2017.0,-62.0,0.0,0.0,3,10,0,0,0,0,2,1,1,1,0,0,1,1,1,23,4,4,0,0,0,0,2,0,4,9,5,9,2
2017.0,86.0,0.0,0.0,3,6,0,0,0,0,1,9,1,1,0,1,9,1,1,23,4,4,0,0,0,1,1,0,4,7,5,8,8
2017.0,0.0,1.0,0.0,2,1,0,0,0,0,1,5,0,1,0,0,9,1,1,4,5,4,1,0,0,1,1,0,4,2,5,3,3
2017.0,-65.0,0.0,0.0,3,6,2,0,0,0,1,3,0,1,0,1,3,1,1,5,5,4,1,0,0,2,1,0,2,7,5,8,3
2017.0,-80.0,1.0,0.0,3,6,3,0,0,0,1,2,1,1,0,0,2,1,1,9,5,4,1,1,0,2,1,0,4,7,5,8,3
2017.0,120.0,0.0,0.0,3,10,3,0,0,0,0,9,1,1,0,1,9,1,1,10,5,4,1,0,0,1,1,0,6,9,5,3,2
2017.0,0.0,0.0,0.0,3,4,3,0,0,0,0,5,1,1,0,0,1,1,1,15,5,4,1,0,0,2,1,0,4,5,5,9,3
2017.0,-25.0,0.0,0.0,3,1,3,0,0,0,2,5,1,1,0,1,9,1,1,16,5,4,1,1,0,0,0,0,4,2,5,3,9
2017.0,0.0,0.0,0.0,3,4,3,0,0,0,1,2,1,1,0,0,9,1,1,16,5,4,1,1,0,2,0,0,4,2,5,9,9
2017.0,68.0,0.0,0.0,3,6,0,0,0,0,1,5,1,1,0,1,5,1,1,22,5,4,1,0,0,2,1,0,4,7,5,8,3
2017.0,118.0,0.0,0.0,3,6,0,0,0,0,1,5,1,1,0,1,5,1,1,1,6,4,1,0,0,1,2,0,6,5,5,3,3
2017.0,127.0,0.0,0.0,3,10,3,0,0,0,1,5,1,1,0,1,5,1,1,11,6,4,1,0,0,1,2,0,6,9,5,9,3
2017.0,50.0,0.0,0.0,3,10,3,0,0,0,0,1,1,1,0,1,1,1,1,12,6,4,1,0,0,1,1,0,6,9,5,3,2
2017.0,36.0,3.0,0.0,3,6,0,0,0,0,1,5,1,1,0,1,7,1,1,21,6,4,1,0,0,1,2,0,6,7,5,9,3
2017.0,30.0,0.0,0.0,3,10,0,0,0,0,2,5,1,1,0,1,5,1,1,2,0,4,0,0,0,0,2,0,4,9,5,3,9
2017.0,0.0,3.0,0.0,2,4,3,0,0,0,1,1,1,1,0,1,5,1,1,7,0,4,0,1,0,1,1,0,4,2,5,3,9
2017.0,-592.0,1.0,0.0,2,6,3,0,0,0,0,2,1,1,0,1,2,1,1,7,0,4,0,1,0,1,1,0,4,7,5,8,3
2017.0,-140.0,0.0,0.0,3,6,3,0,0,0,0,9,1,1,0,1,9,1,1,10,0,4,0,0,0,2,2,0,6,7,5,8,8
2017.0,0.0,0.0,0.0,3,1,3,0,0,0,1,5,1,1,0,0,5,1,1,10,0,4,0,0,0,1,1,0,4,7,5,9,3
2017.0,-150.0,0.0,0.0,3,6,3,0,0,0,0,1,1,1,0,0,1,1,1,13,0,4,0,0,0,1,2,0,4,7,5,8,3
2017.0,-581.0,1.0,0.0,3,6,3,1,0,0,0,1,1,1,0,0,1,1,1,14,0,4,0,0,0,2,2,0,6,7,5,8,3
2017.0,-330.0,2.0,0.0,2,6,3,0,0,0,0,1,1,1,0,1,1,1,1,15,0,4,0,0,0,1,1,0,4,7,5,8,3
2017.0,0.0,0.0,0.0,3,10,3,1,0,0,1,5,1,1,0,0,5,1,1,16,0,4,0,1,0,0,1,0,4,5,5,9,9
2017.0,-35.0,0.0,0.0,3,10,0,0,0,0,2,2,1,1,0,0,2,1,1,20,0,4,0,0,0,0,1,0,4,5,5,3,3
2017.0,100.0,0.0,0.0,3,6,0,0,0,0,1,5,1,1,0,0,5,1,1,21,0,4,0,0,0,2,2,0,4,7,5,8,3
2017.0,200.0,0.0,0.0,3,4,0,0,0,0,1,3,1,1,0,1,9,1,1,22,0,4,0,0,0,2,2,0,4,2,5,3,9
2017.0,0.0,0.0,0.0,3,4,3,0,0,0,0,2,1,1,0,1,9,1,1,7,1,4,0,1,0,1,1,0,4,2,5,8,9
2017.0,-125.0,0.0,0.0,3,6,3,0,0,0,0,1,1,1,0,0,1,1,1,7,1,4,0,1,0,1,1,0,4,7,5,8,3
2017.0,521.0,2.0,0.0,2,10,3,1,0,0,1,6,1,1,0,0,1,1,1,10,1,4,0,0,0,1,1,0,0,2,5,3,9
2017.0,-121.0,0.0,0.0,3,7,3,0,0,0,1,5,1,1,1,1,5,1,1,12,1,4,0,0,0,1,1,0,6,5,5,6,1
2017.0,-300.0,0.0,0.0,3,10,3,0,0,0,1,2,1,1,0,1,2,1,1,12,1,4,0,0,0,2,1,0,6,8,5,3,2
2017.0,100.0,1.0,0.0,3,6,3,0,0,0,0,9,1,1,0,0,9,1,1,12,1,4,0,0,0,2,1,0,4,7,5,8,3
2017.0,0.0,0.0,0.0,3,6,3,0,0,0,0,7,1,1,0,1,7,1,1,12,1,4,0,0,0,1,1,0,4,7,5,9,9
2017.0,-107.0,1.0,0.0,2,6,3,1,0,0,0,1,1,1,0,0,1,1,1,13,1,4,0,0,0,2,1,0,6,7,5,3,3
2017.0,0.0,0.0,0.0,3,1,3,0,0,0,0,2,1,1,0,1,5,1,1,13,1,4,0,0,0,2,1,0,4,2,5,9,3
2017.0,-147.0,0.0,0.0,3,10,3,0,0,0,1,9,1,1,0,1,9,1,1,13,1,4,0,0,0,2,1,0,6,9,5,3,2
2017.0,0.0,0.0,0.0,3,4,3,0,0,0,1,5,1,1,0,0,2,1,1,13,1,4,0,0,0,0,0,0,4,2,5,3,9
2017.0,0.0,0.0,0.0,3,4,3,0,0,0,1,7,1,1,0,1,1,1,1,15,1,4,0,0,0,1,1,0,4,2,5,3,9
2017.0,0.0,2.0,0.0,2,4,3,1,0,0,0,9,1,1,0,1,1,1,1,16,1,4,0,1,0,1,1,0,4,2,5,3,9
2017.0,0.0,0.0,0.0,3,1,3,0,0,0,1,1,1,1,0,1,2,1,1,17,1,4,0,1,0,2,1,0,4,2,5,3,3
2017.0,-663.0,1.0,0.0,2,6,3,0,0,0,1,1,1,1,0,1,1,1,1,18,1,4,0,1,0,1,1,0,6,7,5,3,3
2017.0,0.0,0.0,0.0,3,1,3,0,0,0,1,9,1,1,0,0,5,1,1,18,1,4,0,1,0,1,1,0,2,2,5,3,3
2017.0,10.0,1.0,0.0,2,4,0,0,0,0,1,2,1,1,2,1,5,1,1,20,1,4,0,0,0,0,2,0,4,5,5,3,9