Year,Distance,Totalinjuries,Totalfatalities,Injuryseverity,Collisionmanner,Lightcondition,Weather,SurfaceCondition,Unittype_One,Gender_Drv1,Traveldirection_One,AlcoholUse_Drv1,DrugUse_Drv1,Unittype_Two,Gender_Drv2,Traveldirection_Two,AlcoholUse_Drv2,DrugUse_Drv2,Hour,Weekday,Month,Weekend,Rush_Hour,Hazardous_Road,Age_Group_Drv1,Age_Group_Drv2,Substance_Use,Junction_Category,Violation_Category_Drv1,Violation_Category_Drv2,Unitaction_Category_Two,Unitaction_Category_One
2017.0,141.0,0.0,0.0,3,4,0,0,0,0,1,2,1,1,0,1,7,1,1,20,1,4,0,0,0,1,2,0,6,2,5,9,9
2017.0,-492.0,0.0,0.0,3,6,3,0,0,0,1,9,1,1,0,1,9,1,1,5,2,4,0,0,0,2,1,0,0,7,5,8,3
2017.0,134.0,1.0,0.0,2,6,3,0,0,0,1,9,1,1,0,0,9,1,1,6,2,4,0,0,0,1,1,0,4,7,5,8,3
2017.0,-55.0,0.0,0.0,3,10,3,0,0,0,1,5,1,1,0,1,5,1,1,7,2,4,0,1,0,1,1,0,2,9,5,3,2
2017.0,-120.0,0.0,0.0,3,6,3,0,0,0,0,2,1,1,0,0,2,1,1,7,2,4,0,1,0,1,1,0,4,7,5,8,8
2017.0,-312.0,0.0,0.0,3,5,3,0,0,0,0,6,1,1,0,1,5,1,1,7,2,4,0,1,0,2,1,0,6,5,5,3,9
2017.0,-136.0,0.0,0.0,3,10,3,0,0,0,1,1,1,1,0,0,1,1,1,8,2,4,0,1,0,1,1,0,4,9,5,3,2
2017.0,300.0,0.0,0.0,3,5,3,0,0,0,0,2,1,1,0,1,1,1,1,10,2,4,0,0,0,0,1,0,6,2,5,3,1
2017.0,0.0,0.0,0.0,3,1,3,0,0,0,1,2,1,1,0,1,2,1,1,11,2,4,0,0,0,1,2,0,4,2,5,3,9
2017.0,0.0,2.0,0.0,3,4,3,0,0,0,0,2,1,1,0,0,5,1,1,12,2,4,0,0,0,0,2,0,4,2,5,3,9
2017.0,100.0,0.0,0.0,3,10,3,0,0,0,0,5,1,1,0,0,5,1,1,13,2,4,0,0,0,2,2,0,4,9,5,3,2
2017.0,0.0,0.0,0.0,3,1,3,0,0,0,0,3,1,1,0,0,1,1,1,15,2,4,0,0,0,0,1,0,4,2,5,3,9
2017.0,0.0,1.0,0.0,2,1,3,0,0,0,1,1,1,1,0,0,2,1,1,16,2,4,0,1,0,1,0,0,4,2,5,3,3
2017.0,170.0,1.0,0.0,2,6,3,0,0,0,2,9,1,1,0,1,9,1,1,17,2,4,0,1,0,0,1,0,4,2,5,3,9
2017.0,118.0,1.0,0.0,3,6,3,1,0,0,1,1,1,1,0,0,1,1,1,17,2,4,0,1,0,1,0,0,6,7,5,8,3
2017.0,-165.0,0.0,0.0,3,6,3,1,0,0,1,2,1,1,0,1,2,1,1,7,3,4,0,1,0,2,1,0,4,7,5,3,3
2017.0,362.0,0.0,0.0,3,10,3,0,0,0,0,9,1,1,0,0,9,1,1,7,3,4,0,1,0,2,1,0,6,9,5,3,2
2017.0,0.0,1.0,0.0,3,12,3,4,3,0,0,8,1,1,2,1,9,1,1,9,3,4,0,1,0,1,1,0,4,5,5,5,5
2017.0,0.0,1.0,0.0,2,4,3,0,0,0,0,9,1,1,0,1,1,1,1,10,3,4,0,0,0,2,0,0,4,2,5,9,9
2017.0,200.0,0.0,0.0,3,10,3,0,0,0,0,1,1,1,0,0,1,1,1,11,3,4,0,0,0,1,1,0,6,9,5,3,2
2017.0,0.0,2.0,0.0,2,4,3,0,0,0,0,1,1,1,0,0,2,1,1,11,3,4,0,0,0,2,2,0,2,2,5,3,9
2017.0,100.0,0.0,0.0,3,6,3,0,0,0,0,9,1,1,0,0,9,1,1,15,3,4,0,0,0,2,1,0,4,7,5,8,3
2017.0,140.0,1.0,0.0,3,6,3,0,0,0,0,1,1,1,0,1,1,1,1,17,3,4,0,1,0,1,1,0,6,7,5,8,3
2017.0,90.0,0.0,0.0,3,6,3,0,0,0,1,5,1,1,0,0,5,1,1,18,3,4,0,1,0,1,2,0,4,7,5,3,3
2017.0,0.0,1.0,0.0,2,4,3,0,0,0,1,2,1,1,0,1,5,1,1,12,4,4,0,0,0,1,1,0,4,2,7,3,9
2017.0,482.0,0.0,0.0,3,6,3,0,0,0,1,5,1,1,0,1,5,1,1,12,4,4,0,0,0,1,1,0,6,7,5,8,3
2017.0,-306.0,0.0,0.0,3,4,3,0,0,0,0,7,1,1,0,1,2,1,1,12,4,4,0,0,0,1,1,0,0,2,5,3,9
2017.0,-250.0,0.0,0.0,3,10,3,0,3,0,1,5,1,1,0,0,5,1,1,12,4,4,0,0,0,1,1,0,6,2,5,3,5
2017.0,-275.0,0.0,0.0,3,5,3,0,0,2,1,6,1,1,0,0,5,1,1,13,4,4,0,0,0,2,2,0,6,5,5,8,3
2017.0,0.0,0.0,0.0,3,10,3,0,0,0,0,1,1,1,0,0,1,1,1,14,4,4,0,0,0,1,1,0,4,9,5,3,2
2017.0,-55.0,1.0,0.0,3,6,3,0,0,0,0,5,1,1,0,1,5,1,1,14,4,4,0,0,0,1,1,0,4,7,5,3,3
2017.0,-127.0,0.0,0.0,3,10,3,0,0,0,1,1,1,1,0,0,5,1,1,15,4,4,0,0,0,2,1,0,6,2,5,3,5
2017.0,280.0,0.0,0.0,3,4,3,0,0,0,0,5,1,1,0,1,9,1,1,15,4,4,0,0,0,2,2,0,6,2,5,3,9
2017.0,306.0,0.0,0.0,3,1,3,0,0,0,1,5,1,1,0,0,9,1,1,16,4,4,0,1,0,1,1,0,0,2,5,3,9
2017.0,-577.0,1.0,0.0,3,6,3,0,0,0,0,9,1,1,0,1,9,1,1,17,4,4,0,1,0,2,0,0,0,7,5,8,3
2017.0,-125.0,0.0,0.0,3,6,3,0,0,0,1,5,1,1,0,1,5,1,1,18,4,4,0,1,0,2,2,0,4,7,5,8,3
2017.0,0.0,2.0,0.0,2,4,0,0,0,0,1,2,1,1,0,1,5,1,1,21,4,4,0,0,0,2,2,0,4,2,9,9,3
2017.0,142.0,4.0,0.0,2,6,1,0,0,0,1,9,1,1,0,1,9,1,1,21,4,4,0,0,0,2,1,0,4,7,5,8,3
2017.0,500.0,3.0,0.0,2,4,3,0,0,0,0,2,1,1,0,0,9,1,1,11,5,4,1,0,0,2,2,0,6,4,5,3,9
2017.0,-100.0,0.0,0.0,3,6,3,0,0,0,1,2,1,1,0,1,2,1,1,11,5,4,1,0,0,2,2,0,4,7,5,8,3
2017.0,187.0,0.0,0.0,3,4,3,0,0,0,1,1,1,1,0,0,5,1,1,11,5,4,1,0,0,0,2,0,6,2,5,3,9
2017.0,-168.0,0.0,0.0,3,9,3,0,0,0,1,1,1,1,0,1,9,1,1,12,5,4,1,0,0,1,1,0,6,2,5,3,9
2017.0,27.0,1.0,0.0,1,6,3,0,0,0,0,5,1,1,0,1,2,1,1,14,5,4,1,0,0,1,2,0,4,2,7,2,9
2017.0,42.0,1.0,0.0,3,6,0,0,0,0,1,9,1,1,0,0,9,1,1,21,5,4,1,0,0,0,1,0,4,7,5,8,3
2017.0,250.0,0.0,0.0,3,6,0,0,0,0,2,9,1,1,0,0,9,1,1,21,5,4,1,0,0,0,1,0,4,7,5,8,3
2017.0,-20.0,0.0,0.0,3,6,0,0,0,0,0,1,1,1,0,0,1,1,1,22,5,4,1,0,0,2,2,0,6,7,5,9,3
2017.0,244.0,0.0,1.0,0,5,0,0,0,3,1,2,1,1,0,1,9,1,1,22,5,4,1,0,0,0,1,0,6,5,5,3,7
2017.0,0.0,0.0,0.0,3,12,0,0,0,0,2,8,1,1,0,0,8,1,1,23,5,4,1,0,0,0,2,0,2,2,5,3,9
2017.0,20.0,0.0,0.0,3,6,3,4,3,0,2,5,1,1,0,0,5,1,1,23,5,4,1,0,0,0,1,0,4,5,5,8,5
2017.0,0.0,0.0,0.0,3,1,3,0,0,0,1,5,1,1,0,0,1,1,1,6,6,4,1,0,0,2,1,0,4,2,5,3,3
2017.0,0.0,1.0,0.0,3,3,3,0,0,0,0,1,1,1,0,1,5,1,1,9,6,4,1,1,0,1,0,0,4,2,5,3,3
2017.0,-20.0,0.0,0.0,3,10,3,0,0,0,1,2,1,1,0,1,2,1,1,13,6,4,1,0,0,2,1,0,4,9,5,3,3
2017.0,-20.0,0.0,0.0,3,6,3,0,0,0,0,5,1,1,0,0,5,1,1,16,6,4,1,1,0,2,1,0,6,8,5,3,3
2017.0,0.0,0.0,0.0,3,8,0,0,0,0,0,1,1,1,0,1,5,1,1,22,6,4,1,0,0,1,1,0,4,5,5,3,3
2017.0,33.0,1.0,0.0,3,1,3,0,0,0,1,2,1,1,0,0,2,1,1,9,0,5,0,1,0,1,2,0,6,4,5,3,9
2017.0,127.0,0.0,0.0,3,6,3,0,0,0,0,5,1,1,0,1,5,1,1,10,0,5,0,0,0,2,0,0,4,7,5,8,3
2017.0,81.0,0.0,0.0,3,6,3,0,0,0,1,5,1,1,0,1,5,1,1,10,0,5,0,0,0,2,1,0,4,7,5,8,3
2017.0,-51.0,1.0,0.0,2,6,3,0,0,0,1,2,1,1,0,0,2,1,1,12,0,5,0,0,0,2,2,0,4,7,5,8,3
2017.0,-164.0,0.0,0.0,3,10,3,0,0,0,0,2,1,1,0,1,2,1,1,13,0,5,0,0,0,2,2,0,4,7,5,3,2
2017.0,-320.0,0.0,0.0,3,6,3,0,0,0,0,1,1,1,0,0,1,1,1,15,0,5,0,0,0,1,0,0,4,7,5,8,3
2017.0,-202.0,0.0,0.0,3,4,3,0,0,0,0,9,1,1,0,0,2,1,1,7,1,5,0,1,0,2,1,0,0,2,5,3,9
2017.0,-246.0,0.0,0.0,3,10,3,0,0,0,1,9,1,1,0,0,9,1,1,7,1,5,0,1,0,1,2,0,6,9,5,3,2
2017.0,-94.0,1.0,0.0,2,6,3,0,0,0,1,2,1,1,0,0,2,1,1,8,1,5,0,1,0,1,0,0,4,7,5,8,3
2017.0,0.0,0.0,0.0,3,10,3,0,0,0,1,9,1,1,0,1,2,1,1,13,1,5,0,0,0,2,0,0,2,5,5,9,9
2017.0,-150.0,0.0,0.0,3,1,3,0,0,0,1,5,1,1,0,1,5,1,1,14,1,5,0,0,0,1,2,0,6,7,5,9,3
2017.0,-70.0,1.0,0.0,3,6,3,0,0,0,2,1,1,1,0,1,1,1,1,15,1,5,0,0,0,0,1,0,4,7,5,3,3
2017.0,-39.0,1.0,0.0,3,1,3,0,0,0,0,2,1,1,0,1,5,1,1,16,1,5,0,1,0,2,1,0,6,2,5,3,9
2017.0,-20.0,0.0,0.0,3,6,3,0,0,0,1,1,1,1,0,0,1,1,1,16,1,5,0,1,0,1,1,0,4,5,7,3,8
2017.0,0.0,2.0,0.0,3,1,3,0,0,0,1,2,1,1,0,0,1,1,1,17,1,5,0,1,0,1,1,0,4,2,5,3,3
2017.0,75.0,0.0,0.0,3,10,3,0,0,0,0,5,1,1,0,1,5,1,1,18,1,5,0,1,0,2,2,0,6,9,5,3,6
2017.0,367.0,1.0,0.0,2,5,3,0,0,0,2,9,1,1,3,1,9,1,1,18,1,5,0,1,0,0,1,0,6,9,5,7,3
2017.0,125.0,0.0,0.0,3,6,0,0,0,0,1,5,1,1,0,1,5,1,1,19,1,5,0,1,0,1,1,0,4,7,5,8,3
2017.0,0.0,0.0,0.0,3,1,0,0,0,0,1,9,1,1,0,1,2,1,1,21,1,5,0,0,0,2,1,0,6,2,5,3,3
2017.0,0.0,0.0,0.0,3,4,3,0,0,0,1,9,1,1,0,1,9,1,1,6,2,5,0,0,0,1,1,0,4,9,5,3,9
2017.0,130.0,0.0,0.0,3,10,3,0,0,0,0,9,1,1,0,1,9,1,1,7,2,5,0,1,0,1,0,0,4,9,5,3,2
2017.0,-425.0,0.0,0.0,3,6,3,0,0,0,1,2,1,1,0,0,2,1,1,8,2,5,0,1,0,1,1,0,4,7,5,8,3
2017.0,150.0,0.0,0.0,3,6,3,0,0,0,0,9,1,1,0,0,9,1,1,8,2,5,0,1,0,2,0,0,6,7,5,8,3
2017.0,0.0,5.0,0.0,2,4,3,0,0,0,1,2,1,1,0,1,9,1,1,13,2,5,0,0,0,1,2,0,4,2,5,3,9
2017.0,0.0,0.0,0.0,3,4,3,0,0,0,1,9,1,1,0,0,5,1,1,15,2,5,0,0,0,1,1,0,4,4,5,3,9
2017.0,1120.0,2.0,0.0,3,1,3,0,0,0,1,9,1,1,0,0,2,1,1,15,2,5,0,0,0,1,1,0,6,2,5,3,9
2017.0,109.0,0.0,0.0,3,12,3,0,0,0,2,8,1,1,1,1,9,1,1,16,2,5,0,1,0,0,0,0,6,5,5,6,5
2017.0,-88.0,1.0,0.0,3,6,3,0,0,0,1,5,1,1,0,0,5,1,1,17,2,5,0,1,0,2,2,0,6,7,5,8,3
2017.0,0.0,0.0,0.0,3,4,3,0,0,0,1,9,1,1,0,1,1,1,1,18,2,5,0,1,0,2,0,0,4,2,5,3,9
2017.0,-100.0,0.0,0.0,3,1,0,0,0,0,0,1,1,1,0,0,9,1,1,20,2,5,0,0,0,1,0,0,6,2,5,3,9
2017.0,329.0,1.0,0.0,3,5,0,0,0,0,1,2,0,1,1,1,9,1,1,1,3,5,0,0,0,1,0,0,6,7,5,6,3
2017.0,0.0,3.0,0.0,2,1,3,0,0,0,1,1,1,1,0,1,5,1,1,6,3,5,0,0,0,1,1,0,4,2,5,3,3
2017.0,0.0,0.0,0.0,3,10,3,0,0,0,1,9,1,1,0,0,9,1,1,12,3,5,0,0,0,0,1,0,4,9,5,9,3
2017.0,-264.0,3.0,0.0,3,6,3,0,0,0,0,9,1,1,0,0,9,1,1,12,3,5,0,0,0,2,1,0,6,7,5,8,3
2017.0,0.0,0.0,0.0,3,1,3,0,0,0,0,5,1,1,0,1,1,1,1,13,3,5,0,0,0,1,2,0,2,2,5,9,3
2017.0,95.0,0.0,0.0,3,10,3,0,0,0,1,9,1,1,0,0,9,1,1,14,3,5,0,0,0,1,1,0,4,9,5,8,3
2017.0,0.0,0.0,0.0,3,4,3,0,0,0,0,1,1,1,0,1,9,1,1,15,3,5,0,0,0,1,0,0,4,2,5,3,9
2017.0,-650.0,0.0,0.0,3,4,3,0,0,0,0,2,1,1,0,0,5,1,1,15,3,5,0,0,0,1,2,0,6,7,5,8,9
2017.0,0.0,3.0,0.0,3,4,3,0,0,0,1,1,1,1,0,1,9,1,1,16,3,5,0,1,0,2,1,0,4,2,5,3,9
2017.0,75.0,0.0,0.0,3,10,3,0,0,0,0,5,1,1,0,1,5,1,1,16,3,5,0,1,0,2,1,0,4,9,5,3,2
2017.0,85.0,0.0,0.0,3,6,3,0,0,0,1,9,1,1,0,0,9,1,1,16,3,5,0,1,0,2,1,0,4,7,5,8,3
2017.0,110.0,0.0,0.0,3,10,3,0,0,0,1,5,1,1,0,1,5,1,1,16,3,5,0,1,0,1,2,0,6,7,5,8,3
2017.0,0.0,0.0,0.0,3,10,3,0,0,0,1,9,1,1,0,0,9,1,1,17,3,5,0,1,0,1,1,0,4,5,5,3,9
2017.0,-930.0,2.0,0.0,1,6,3,0,0,0,1,2,0,1,0,1,2,1,1,17,3,5,0,1,0,1,1,0,2,7,5,8,3
2017.0,0.0,0.0,0.0,3,1,3,0,0,0,0,9,1,1,0,1,5,1,1,17,3,5,0,1,0,2,2,0,4,2,5,3,3
2017.0,800.0,0.0,0.0,3,10,3,0,0,0,1,9,1,1,0,1,9,1,1,18,3,5,0,1,0,2,1,0,6,9,5,5,5
2017.0,92.0,0.0,0.0,3,4,3,0,0,0,1,2,1,1,0,0,2,1,1,18,3,5,0,1,0,1,1,0,6,2,5,3,9
2017.0,50.0,0.0,0.0,3,6,3,0,0,0,1,9,1,1,0,0,9,1,1,18,3,5,0,1,0,2,1,0,4,8,5,8,3
2017.0,350.0,2.0,0.0,2,1,3,0,0,0,1,2,1,0,0,0,1,1,1,10,4,5,0,0,0,2,1,0,6,2,5,3,9
2017.0,0.0,0.0,0.0,3,6,3,0,0,0,1,5,1,1,0,1,5,1,1,14,4,5,0,0,0,2,1,0,0,7,5,8,3
2017.0,0.0,1.0,0.0,3,4,3,0,0,0,1,1,1,1,0,0,9,1,1,15,4,5,0,0,0,0,0,0,4,2,5,3,9
2017.0,260.0,0.0,0.0,3,1,3,0,0,0,0,9,1,1,0,0,9,1,1,16,4,5,0,1,0,2,1,0,6,9,5,3,2
2017.0,0.0,0.0,0.0,3,12,3,4,3,0,2,8,1,1,0,1,2,1,1,16,4,5,0,1,0,0,1,0,4,5,5,3,5
2017.0,0.0,2.0,0.0,2,1,3,0,0,0,1,2,1,1,0,1,1,1,1,16,4,5,0,1,0,2,1,0,4,2,5,3,9
2017.0,85.0,0.0,0.0,3,10,3,0,0,0,1,9,1,1,0,1,9,1,1,16,4,5,0,1,0,1,1,0,6,5,5,9,3
2017.0,-100.0,0.0,0.0,3,6,4,0,0,0,2,1,1,1,0,0,1,1,1,18,4,5,0,1,0,0,1,0,4,8,5,3,5
2017.0,50.0,0.0,0.0,3,6,0,0,0,0,1,3,1,1,0,1,2,1,1,22,4,5,0,0,0,0,1,0,6,8,1,8,3
2017.0,55.0,1.0,0.0,3,6,0,0,0,0,1,2,0,1,0,1,2,1,1,22,4,5,0,0,0,1,1,0,6,7,5,3,3
2017.0,181.0,1.0,0.0,3,6,3,0,0,0,1,1,1,1,0,1,1,1,1,9,5,5,1,1,0,2,2,0,6,7,5,9,3
2017.0,300.0,0.0,0.0,3,10,3,0,0,0,1,1,1,1,0,1,1,1,1,11,5,5,1,0,0,1,0,0,6,9,5,3,2
2017.0,0.0,1.0,0.0,2,5,3,0,0,3,1,2,1,1,0,1,1,1,1,11,5,5,1,0,0,1,1,0,4,2,5,3,7
2017.0,-183.0,0.0,0.0,3,6,3,0,0,0,0,2,0,1,0,1,2,1,1,13,5,5,1,0,0,1,1,0,4,7,5,8,3
2017.0,70.0,0.0,0.0,3,6,3,0,0,0,2,5,1,1,0,1,5,1,1,14,5,5,1,0,0,0,0,0,4,7,5,8,3
2017.0,0.0,0.0,0.0,3,1,3,0,0,0,1,9,1,1,0,0,5,1,1,16,5,5,1,1,0,1,1,0,4,2,5,9,3
2017.0,0.0,1.0,0.0,2,4,3,0,0,0,1,9,0,1,0,0,1,1,1,17,5,5,1,1,0,0,0,0,4,2,5,3,9
2017.0,0.0,1.0,0.0,3,4,4,4,3,0,0,5,1,1,0,0,9,1,1,19,5,5,1,1,0,0,2,0,4,2,5,3,9
2017.0,0.0,2.0,0.0,2,4,0,0,0,0,1,9,1,1,0,1,1,1,1,20,5,5,1,0,0,2,1,0,4,2,5,3,9
2017.0,0.0,0.0,0.0,3,1,3,0,0,0,1,3,1,1,0,0,1,1,1,8,6,5,1,1,0,0,2,0,2,2,5,3,9
2017.0,0.0,0.0,0.0,3,4,3,1,0,0,1,9,1,1,0,0,6,1,1,11,6,5,1,0,0,2,1,0,4,2,5,9,3
2017.0,20.0,0.0,0.0,3,6,3,0,0,0,0,5,1,1,0,0,5,1,1,12,6,5,1,0,0,1,1,0,4,7,5,3,3
2017.0,-443.0,1.0,0.0,1,5,3,0,0,0,1,9,1,1,0,1,9,1,1,13,6,5,1,0,0,2,1,0,6,7,5,3,3
2017.0,-75.0,0.0,0.0,3,6,3,0,0,0,1,2,1,1,0,1,2,1,1,13,6,5,1,0,0,0,1,0,4,7,5,8,8
2017.0,-175.0,0.0,0.0,3,6,3,0,0,0,0,9,1,1,0,0,9,1,1,18,6,5,1,1,0,1,2,0,6,8,5,3,3
2017.0,205.0,1.0,0.0,2,4,3,0,0,0,1,5,1,1,0,0,9,1,1,7,0,5,0,1,0,1,1,0,0,2,5,3,9
2017.0,-537.0,0.0,0.0,3,4,3,0,0,0,0,9,1,1,0,1,2,1,1,7,0,5,0,1,0,1,1,0,6,2,5,3,5
2017.0,60.0,0.0,0.0,3,6,3,0,0,0,1,2,1,1,0,1,2,1,1,7,0,5,0,1,0,1,1,0,6,7,7,3,3
2017.0,-155.0,1.0,0.0,2,5,3,0,0,0,0,5,1,1,2,1,5,1,1,8,0,5,0,1,0,1,1,0,0,2,5,3,9
2017.0,-75.0,1.0,0.0,2,1,3,0,0,0,1,5,1,1,0,1,1,1,1,14,0,5,0,0,0,1,1,0,4,2,5,8,9
2017.0,234.0,0.0,0.0,3,6,3,1,0,0,1,2,1,1,0,1,2,1,1,15,0,5,0,0,0,0,0,0,6,7,5,8,3
2017.0,325.0,1.0,0.0,2,1,3,0,0,0,1,9,1,1,0,0,5,1,1,17,0,5,0,1,0,2,1,0,0,7,5,8,9
2017.0,-181.0,0.0,0.0,3,6,3,1,0,0,1,9,1,1,0,1,9,1,1,7,1,5,0,1,0,1,1,0,6,5,5,5,5
2017.0,134.0,0.0,0.0,3,10,3,0,0,0,0,9,1,1,0,1,9,1,1,9,1,5,0,1,0,1,1,0,6,5,5,3,3
2017.0,447.0,0.0,0.0,3,4,3,0,0,0,1,2,1,1,0,1,7,1,1,11,1,5,0,0,0,1,0,0,0,5,5,9,9
2017.0,370.0,0.0,0.0,3,4,3,0,0,0,0,5,1,1,0,1,2,1,1,14,1,5,0,0,0,2,1,0,0,5,5,3,9
2017.0,99.0,0.0,0.0,3,6,3,0,0,0,1,1,1,1,0,0,1,1,1,15,1,5,0,0,0,1,1,0,6,7,5,8,3
2017.0,0.0,0.0,0.0,3,4,3,0,0,0,0,5,1,1,0,1,2,1,1,15,1,5,0,0,0,2,1,0,4,2,5,3,9
2017.0,-400.0,0.0,0.0,3,10,3,0,0,0,0,2,1,1,0,0,2,1,1,16,1,5,0,1,0,1,0,0,6,9,5,3,2
2017.0,-83.0,3.0,0.0,3,6,3,0,0,0,0,5,1,1,0,0,5,1,1,16,1,5,0,1,0,1,1,0,6,5,5,8,3
2017.0,0.0,0.0,0.0,3,4,0,0,0,0,1,2,1,1,0,0,1,1,1,21,1,5,0,0,0,0,1,0,2,5,5,9,3
2017.0,100.0,0.0,0.0,3,10,0,0,0,0,0,2,1,1,0,1,2,1,1,21,1,5,0,0,0,1,1,0,6,9,5,3,2
2017.0,175.0,1.0,0.0,2,6,3,0,0,0,1,1,1,1,0,1,1,1,1,6,2,5,0,0,0,1,2,0,4,7,5,8,3
2017.0,-200.0,0.0,0.0,3,6,3,0,0,0,1,5,1,1,0,0,5,1,1,7,2,5,0,1,0,1,1,0,6,5,7,3,8
2017.0,110.0,0.0,0.0,3,1,3,0,0,0,0,2,1,1,0,1,2,1,1,7,2,5,0,1,0,1,0,0,4,4,5,9,9
2017.0,0.0,2.0,0.0,3,6,3,0,0,0,1,1,1,1,0,1,1,1,1,9,2,5,0,1,0,1,1,0,4,9,5,3,9
2017.0,100.0,1.0,0.0,3,6,3,0,0,0,0,5,1,1,0,1,5,1,1,10,2,5,0,0,0,2,1,0,2,7,5,8,3
2017.0,-656.0,0.0,0.0,3,1,3,0,0,0,1,5,1,1,0,0,5,1,1,12,2,5,0,0,0,2,1,0,6,2,5,8,9
2017.0,-575.0,0.0,0.0,3,6,3,0,0,0,1,5,1,1,0,1,5,1,1,13,2,5,0,0,0,0,2,0,6,5,5,8,1
2017.0,-763.0,0.0,0.0,3,1,3,0,0,0,0,2,1,1,0,1,1,1,1,16,2,5,0,1,0,0,1,0,0,2,5,2,9
2017.0,305.0,0.0,0.0,3,10,3,0,0,0,1,9,1,1,0,1,9,1,1,16,2,5,0,1,0,1,1,0,4,9,9,2,2
2017.0,647.0,3.0,0.0,3,6,3,0,0,0,1,1,1,1,0,1,1,1,1,17,2,5,0,1,0,2,1,0,6,7,5,8,3
2017.0,-75.0,0.0,0.0,3,4,3,0,0,0,1,1,1,1,0,1,5,1,1,17,2,5,0,1,0,2,1,0,6,4,5,3,9
2017.0,222.0,0.0,0.0,3,10,3,0,0,0,1,5,1,1,0,1,5,1,1,18,2,5,0,1,0,1,1,0,4,9,5,3,2
2017.0,0.0,1.0,0.0,2,4,0,0,0,0,1,2,1,1,0,0,5,1,1,20,2,5,0,0,0,1,2,0,4,2,5,9,3
2017.0,-400.0,0.0,0.0,3,10,0,0,0,0,0,2,1,1,0,0,2,1,1,21,2,5,0,0,0,2,1,0,6,5,5,3,3
2017.0,-450.0,0.0,0.0,3,1,0,0,0,0,0,5,0,1,0,1,2,1,1,22,2,5,0,0,0,1,2,0,6,2,5,3,9
2017.0,-368.0,0.0,0.0,3,6,3,0,0,0,0,9,1,1,0,0,9,1,1,7,3,5,0,1,0,2,1,0,1,7,5,8,3
2017.0,0.0,0.0,0.0,3,4,3,0,0,0,0,7,1,1,0,0,1,1,1,8,3,5,0,1,0,0,1,0,4,2,5,3,9
2017.0,212.0,0.0,0.0,3,1,3,0,0,0,1,1,1,1,0,0,5,1,1,9,3,5,0,1,0,2,1,0,0,2,5,3,9
2017.0,0.0,0.0,0.0,3,1,3,0,0,0,1,1,1,1,0,1,2,1,1,10,3,5,0,0,0,2,2,0,4,2,5,3,3
2017.0,0.0,0.0,0.0,3,12,3,0,0,0,1,8,1,1,0,1,8,1,1,12,3,5,0,0,0,2,1,0,2,7,5,8,3
2017.0,0.0,0.0,0.0,3,6,3,0,0,0,1,5,1,1,0,0,5,1,1,13,3,5,0,0,0,1,1,0,2,7,5,8,3
2017.0,0.0,0.0,0.0,3,10,3,0,0,0,1,2,1,1,0,1,2,1,1,13,3,5,0,0,0,1,1,0,4,5,5,9,9
2017.0,0.0,0.0,0.0,3,4,3,0,0,0,0,5,1,1,0,1,2,1,1,13,3,5,0,0,0,2,2,0,4,2,5,3,9
2017.0,-106.0,0.0,0.0,3,10,3,0,0,0,0,9,1,1,0,1,9,1,1,15,3,5,0,0,0,0,2,0,4,9,5,3,2
2017.0,0.0,0.0,0.0,3,4,3,0,0,0,1,9,1,1,0,0,5,1,1,16,3,5,0,1,0,1,2,0,4,2,5,3,9
2017.0,124.0,1.0,0.0,3,1,3,0,0,0,1,9,1,1,0,0,9,1,1,16,3,5,0,1,0,1,1,0,2,9,5,3,2
2017.0,0.0,0.0,0.0,3,4,3,0,0,0,0,9,1,1,0,0,1,1,1,17,3,5,0,1,0,2,0,0,4,2,5,3,9
2017.0,-146.0,0.0,0.0,3,6,3,0,0,0,0,2,1,1,0,1,2,1,1,18,3,5,0,1,0,1,2,0,4,9,5,3,2
2017.0,0.0,0.0,0.0,3,1,0,0,0,0,1,5,1,1,0,0,9,1,1,21,3,5,0,0,0,2,1,0,4,2,5,3,9
2017.0,360.0,0.0,0.0,3,12,3,4,3,0,2,8,1,1,1,1,8,1,1,6,4,5,0,0,0,0,1,0,6,5,5,6,5
2017.0,0.0,0.0,0.0,3,1,3,0,0,0,0,1,1,1,0,0,1,1,1,6,4,5,0,0,0,1,1,0,4,7,5,9,3
2017.0,-88.0,0.0,0.0,3,6,3,0,0,0,1,2,1,1,0,0,2,1,1,7,4,5,0,1,0,2,2,0,6,7,5,8,3
2017.0,80.0,0.0,0.0,3,6,3,0,0,0,1,5,1,1,0,1,5,1,1,7,4,5,0,1,0,1,1,0,4,7,5,8,3
2017.0,0.0,2.0,0.0,2,4,3,0,0,0,0,2,1,1,0,1,5,1,1,11,4,5,0,0,0,2,0,0,4,2,5,3,9
2017.0,-362.0,0.0,0.0,3,10,3,0,0,0,1,1,1,1,0,0,1,1,1,14,4,5,0,0,0,1,2,0,4,9,5,3,2
2017.0,0.0,1.0,0.0,3,1,3,0,0,0,0,5,1,1,0,1,1,1,1,15,4,5,0,0,0,2,0,0,4,2,5,9,3
2017.0,0.0,2.0,0.0,3,4,3,0,0,0,0,1,1,1,0,1,9,1,1,17,4,5,0,1,0,2,0,0,4,5,5,9,3
2017.0,-250.0,0.0,0.0,3,1,3,0,0,0,2,2,1,1,0,1,2,1,1,17,4,5,0,1,0,0,2,0,6,2,5,3,9
2017.0,-54.0,0.0,0.0,3,6,3,0,0,0,1,1,1,1,0,0,1,1,1,18,4,5,0,1,0,1,0,0,4,7,5,8,3