Year,Distance,Totalinjuries,Totalfatalities,Injuryseverity,Collisionmanner,Lightcondition,Weather,SurfaceCondition,Unittype_One,Gender_Drv1,Traveldirection_One,AlcoholUse_Drv1,DrugUse_Drv1,Unittype_Two,Gender_Drv2,Traveldirection_Two,AlcoholUse_Drv2,DrugUse_Drv2,Hour,Weekday,Month,Weekend,Rush_Hour,Hazardous_Road,Age_Group_Drv1,Age_Group_Drv2,Substance_Use,Junction_Category,Violation_Category_Drv1,Violation_Category_Drv2,Unitaction_Category_Two,Unitaction_Category_One
2017.0,101.0,0.0,0.0,3,6,4,0,0,0,1,5,1,1,0,1,5,1,1,19,4,5,0,1,0,2,1,0,4,7,5,8,3
2017.0,200.0,2.0,0.0,2,6,0,0,0,0,1,2,1,1,0,0,2,1,1,21,4,5,0,0,0,1,2,0,6,7,5,8,3
2017.0,68.0,0.0,0.0,3,6,0,0,0,0,1,5,1,1,0,1,5,1,1,4,5,5,1,0,0,2,1,0,6,7,5,9,3
2017.0,-580.0,0.0,0.0,3,1,3,0,0,0,1,1,1,1,0,1,1,1,1,9,5,5,1,1,0,1,1,0,6,4,5,3,9
2017.0,40.0,0.0,0.0,3,10,3,0,0,0,0,1,1,1,0,0,1,1,1,10,5,5,1,0,0,1,0,0,1,9,5,5,5
2017.0,189.0,0.0,0.0,3,1,3,0,0,0,1,9,1,1,0,1,9,1,1,11,5,5,1,0,0,1,1,0,6,9,5,3,2
2017.0,100.0,0.0,0.0,3,6,3,0,0,0,0,2,1,1,0,1,2,1,1,11,5,5,1,0,0,1,0,0,6,7,5,8,3
2017.0,-40.0,0.0,0.0,3,10,3,0,0,0,1,5,1,1,0,1,5,1,1,15,5,5,1,0,0,2,1,0,4,8,5,8,8
2017.0,-700.0,0.0,0.0,3,10,3,0,0,0,1,1,1,1,0,1,1,1,1,15,5,5,1,0,0,1,1,0,6,9,5,3,2
2017.0,0.0,3.0,0.0,2,4,0,0,0,0,1,1,1,1,0,0,9,1,1,23,5,5,1,0,0,1,1,0,2,2,5,3,9
2017.0,-50.0,0.0,0.0,3,6,3,0,0,0,0,1,1,1,0,1,1,1,1,12,6,5,1,0,0,1,1,0,4,7,5,8,3
2017.0,-200.0,0.0,0.0,3,6,3,0,0,0,0,9,1,1,0,1,9,1,1,17,6,5,1,1,0,2,1,0,6,7,5,3,3
2017.0,30.0,0.0,0.0,3,3,0,0,0,0,2,8,1,1,1,1,2,1,1,3,0,5,0,0,0,0,2,0,6,7,5,6,3
2017.0,135.0,0.0,0.0,3,10,3,0,0,0,0,9,1,1,0,1,9,1,1,6,0,5,0,0,0,2,1,0,6,5,5,2,2
2017.0,0.0,1.0,0.0,2,4,3,0,0,0,1,2,1,1,0,0,5,1,1,7,0,5,0,1,0,1,1,0,4,2,5,3,9
2017.0,-10.0,0.0,0.0,3,1,3,0,0,0,1,2,1,1,0,1,2,1,1,8,0,5,0,1,0,1,2,0,4,4,5,9,9
2017.0,-150.0,1.0,0.0,2,6,3,0,0,0,1,2,1,1,0,0,2,1,1,11,0,5,0,0,0,2,1,0,4,7,5,8,3
2017.0,-65.0,0.0,0.0,3,6,3,0,0,0,1,1,1,1,0,1,1,1,1,11,0,5,0,0,0,1,2,0,4,7,5,8,3
2017.0,-402.0,0.0,0.0,3,6,3,0,0,0,1,2,1,1,1,1,2,1,1,11,0,5,0,0,0,1,1,0,6,7,5,6,3
2017.0,644.0,0.0,0.0,3,10,3,0,0,0,0,1,1,1,0,0,1,1,1,12,0,5,0,0,0,1,1,0,6,9,5,3,2
2017.0,0.0,2.0,0.0,3,4,3,0,0,0,0,5,1,1,0,1,9,1,1,14,0,5,0,0,0,2,2,0,4,2,5,3,9
2017.0,94.0,0.0,0.0,3,6,3,0,0,0,1,9,1,1,0,1,9,1,1,17,0,5,0,1,0,2,1,0,4,7,5,8,3
2017.0,290.0,0.0,0.0,3,10,3,0,0,0,1,5,1,1,0,0,5,1,1,18,0,5,0,1,0,2,1,0,6,9,5,9,9
2017.0,-224.0,0.0,0.0,3,1,3,1,0,0,1,9,1,1,1,1,9,1,1,6,1,5,0,0,0,1,1,0,6,7,5,6,9
2017.0,10.0,0.0,0.0,3,10,3,0,0,0,2,5,1,1,0,0,5,1,1,7,1,5,0,1,0,0,1,0,4,9,5,8,9
2017.0,0.0,0.0,0.0,3,4,3,1,0,0,1,9,1,1,0,0,1,1,1,8,1,5,0,1,0,1,1,0,2,2,5,3,9
2017.0,-400.0,0.0,0.0,3,6,3,0,0,0,0,2,1,1,0,1,2,1,1,8,1,5,0,1,0,0,1,0,6,7,5,8,3
2017.0,-465.0,2.0,0.0,3,4,3,0,0,0,0,2,1,1,0,1,9,1,1,10,1,5,0,0,0,0,1,0,0,2,5,3,9
2017.0,-239.0,0.0,0.0,3,4,3,0,0,0,0,1,1,1,0,1,9,1,1,13,1,5,0,0,0,2,1,0,0,2,5,5,5
2017.0,185.0,1.0,0.0,2,6,3,0,0,0,1,1,1,1,0,0,1,1,1,13,1,5,0,0,0,2,2,0,0,7,5,8,3
2017.0,-401.0,0.0,0.0,3,6,3,0,0,0,1,5,1,1,0,0,5,1,1,14,1,5,0,0,0,1,2,0,0,7,5,8,3
2017.0,39.0,1.0,0.0,2,6,3,0,0,0,0,5,1,1,0,1,5,1,1,16,1,5,0,1,0,1,2,0,2,7,5,8,3
2017.0,70.0,0.0,0.0,3,6,3,0,0,0,1,1,1,1,0,1,1,1,1,17,1,5,0,1,0,1,1,0,6,7,5,8,3
2017.0,-67.0,1.0,0.0,3,6,3,0,0,0,0,2,1,1,0,0,2,1,1,17,1,5,0,1,0,1,1,0,4,7,5,8,3
2017.0,0.0,0.0,0.0,3,4,3,0,0,0,1,9,1,1,0,0,5,1,1,17,1,5,0,1,0,1,1,0,4,2,5,3,9
2017.0,-251.0,0.0,0.0,3,1,3,0,0,0,0,9,1,1,0,0,2,1,1,17,1,5,0,1,0,2,1,0,0,2,5,3,9
2017.0,78.0,1.0,0.0,3,6,3,0,0,0,1,9,1,1,0,1,9,1,1,18,1,5,0,1,0,2,0,0,2,7,5,8,3
2017.0,-250.0,0.0,0.0,3,6,4,0,0,0,2,1,1,1,0,0,1,1,1,18,1,5,0,1,0,0,2,0,6,5,5,3,3
2017.0,0.0,1.0,0.0,2,4,3,0,0,0,1,1,1,1,0,0,9,1,1,5,2,5,0,0,0,1,1,0,4,2,5,3,9
2017.0,-503.0,0.0,0.0,3,6,3,0,0,0,1,2,1,1,0,0,2,1,1,7,2,5,0,1,0,1,1,0,4,7,5,8,3
2017.0,0.0,1.0,0.0,2,4,3,0,0,0,1,2,1,1,0,1,5,1,1,7,2,5,0,1,0,1,1,0,4,2,5,3,9
2017.0,0.0,0.0,0.0,3,4,3,0,0,0,1,1,1,1,0,1,5,1,1,7,2,5,0,1,0,2,1,0,4,2,5,3,9
2017.0,-36.0,2.0,0.0,3,6,3,0,0,0,1,9,1,1,0,1,9,1,1,7,2,5,0,1,0,1,1,0,4,7,5,8,3
2017.0,0.0,0.0,0.0,3,4,3,0,0,0,1,9,1,1,0,1,1,1,1,7,2,5,0,1,0,1,1,0,4,2,5,9,3
2017.0,-300.0,0.0,0.0,3,6,3,0,0,0,2,1,1,1,0,0,1,1,1,7,2,5,0,1,0,0,1,0,6,7,5,3,3
2017.0,230.0,1.0,0.0,2,4,3,0,0,0,1,5,1,1,0,1,9,1,1,8,2,5,0,1,0,1,1,0,0,2,5,3,9
2017.0,180.0,0.0,0.0,3,6,3,0,0,0,1,1,1,1,0,0,1,1,1,9,2,5,0,1,0,1,0,0,0,7,5,8,3
2017.0,0.0,0.0,0.0,3,4,3,0,0,0,0,9,1,1,0,0,2,1,1,10,2,5,0,0,0,2,2,0,4,2,5,8,9
2017.0,-160.0,0.0,0.0,3,10,3,0,0,0,0,1,1,1,0,0,1,1,1,11,2,5,0,0,0,2,1,0,6,9,5,3,2
2017.0,0.0,4.0,0.0,2,4,3,0,0,0,0,2,1,1,0,1,5,1,1,15,2,5,0,0,0,1,2,0,4,2,7,3,9
2017.0,115.0,3.0,0.0,3,10,3,0,0,0,0,1,1,1,0,1,1,1,1,17,2,5,0,1,0,1,1,0,6,9,5,3,2
2017.0,-382.0,5.0,0.0,1,1,3,0,0,0,1,9,1,1,0,0,2,1,1,17,2,5,0,1,0,2,2,0,6,2,5,3,9
2017.0,82.0,0.0,0.0,3,10,3,0,0,0,1,9,1,1,0,1,9,1,1,17,2,5,0,1,0,1,0,0,6,9,5,3,3
2017.0,-100.0,2.0,0.0,3,6,3,0,0,0,1,2,1,1,0,0,2,1,1,6,3,5,0,0,0,2,1,0,4,7,5,8,8
2017.0,1150.0,0.0,0.0,3,10,3,0,0,0,1,1,1,1,0,0,1,1,1,7,3,5,0,1,0,1,1,0,6,9,5,3,2
2017.0,0.0,0.0,0.0,3,4,3,0,0,0,1,9,1,1,0,1,1,1,1,7,3,5,0,1,0,2,1,0,4,2,5,3,9
2017.0,-230.0,0.0,0.0,3,6,3,0,0,0,0,2,1,1,0,1,2,1,1,9,3,5,0,1,0,0,1,0,0,7,5,8,3
2017.0,95.0,0.0,0.0,3,6,3,0,0,0,0,9,1,1,0,1,9,1,1,10,3,5,0,0,0,1,0,0,4,7,5,8,3
2017.0,245.0,3.0,0.0,3,1,3,0,0,0,1,9,1,1,0,0,9,1,1,12,3,5,0,0,0,1,1,0,0,5,5,3,2
2017.0,0.0,1.0,0.0,3,1,3,0,0,0,0,5,1,1,0,0,9,1,1,12,3,5,0,0,0,1,1,0,4,2,5,3,9
2017.0,-116.0,0.0,0.0,3,10,3,0,0,0,2,9,1,1,0,0,2,1,1,13,3,5,0,0,0,0,1,0,6,9,5,9,2
2017.0,-305.0,1.0,0.0,3,5,3,0,0,2,1,1,1,1,0,0,5,1,1,13,3,5,0,0,0,2,2,0,0,9,5,9,3
2017.0,-419.0,0.0,0.0,3,1,3,0,0,0,1,2,1,1,0,0,9,1,1,14,3,5,0,0,0,0,2,0,0,5,5,3,9
2017.0,80.0,0.0,0.0,3,6,3,0,0,0,0,5,1,1,0,0,5,1,1,14,3,5,0,0,0,1,1,0,2,7,5,8,9
2017.0,-300.0,0.0,0.0,3,10,3,0,0,0,0,9,1,1,0,0,9,1,1,15,3,5,0,0,0,1,1,0,6,5,5,2,2
2017.0,-325.0,0.0,0.0,3,4,3,0,0,0,0,5,1,1,0,0,1,1,1,17,3,5,0,1,0,1,2,0,0,2,5,3,9
2017.0,0.0,0.0,0.0,3,4,0,0,0,0,0,1,1,1,0,0,9,1,1,21,3,5,0,0,0,1,1,0,4,2,5,3,9
2017.0,375.0,2.0,0.0,2,6,3,0,0,0,1,5,1,1,0,0,5,1,1,8,4,5,0,1,0,1,1,0,6,7,5,3,3
2017.0,0.0,0.0,0.0,3,4,3,0,0,0,0,1,1,1,0,1,9,1,1,10,4,5,0,0,0,1,1,0,4,2,5,3,9
2017.0,-295.0,0.0,0.0,3,4,3,0,0,0,2,2,1,1,0,1,9,1,1,10,4,5,0,0,0,0,1,0,6,2,5,9,9
2017.0,0.0,0.0,0.0,3,4,3,0,0,0,1,9,1,1,0,1,9,1,1,10,4,5,0,0,0,1,1,0,4,4,5,3,9
2017.0,568.0,1.0,0.0,2,4,3,0,0,0,0,1,1,1,0,0,9,1,1,13,4,5,0,0,0,2,1,0,0,5,5,3,9
2017.0,0.0,0.0,0.0,3,4,3,0,0,0,1,5,1,1,0,1,2,1,1,13,4,5,0,0,0,1,1,0,4,2,5,3,9
2017.0,97.0,0.0,0.0,3,10,3,0,0,0,1,5,1,1,0,1,2,1,1,14,4,5,0,0,0,1,0,0,4,4,4,9,9
2017.0,-79.0,0.0,0.0,3,6,3,0,0,0,2,9,1,1,0,0,9,1,1,17,4,5,0,1,0,0,1,0,4,7,5,8,8
2017.0,80.0,0.0,0.0,3,6,3,0,0,0,1,9,1,1,0,0,9,1,1,10,5,5,1,0,0,0,0,0,4,7,5,8,3
2017.0,80.0,1.0,0.0,3,6,3,0,0,0,1,9,1,1,0,0,9,1,1,12,5,5,1,0,0,1,0,0,4,7,5,8,3
2017.0,0.49,0.0,0.0,3,4,3,0,0,0,0,9,1,1,0,0,5,1,1,13,5,5,1,0,0,2,2,0,6,2,5,3,9
2017.0,20.0,0.0,0.0,3,1,0,0,0,0,0,1,1,1,0,1,5,1,1,0,6,5,1,0,0,1,1,0,4,7,5,8,9
2017.0,25.0,0.0,0.0,3,6,3,0,0,0,1,9,1,1,0,1,9,1,1,15,6,5,1,0,0,2,0,0,4,7,5,8,3
2017.0,0.0,0.0,0.0,3,1,3,0,0,0,1,5,1,1,0,1,9,1,1,17,6,5,1,1,0,1,2,0,4,2,5,3,9
2017.0,-500.0,0.0,0.0,3,1,0,0,0,0,0,5,1,1,0,1,2,1,1,23,6,5,1,0,0,2,1,0,6,2,5,3,9
2017.0,80.0,0.0,0.0,3,6,3,0,0,0,1,1,1,1,0,0,1,1,1,6,0,5,0,0,0,1,2,0,6,7,5,8,8
2017.0,-330.0,0.0,0.0,3,6,3,0,0,0,0,5,1,1,0,1,5,1,1,12,0,5,0,0,0,1,2,0,6,7,5,3,3
2017.0,0.0,0.0,0.0,3,1,3,0,0,0,1,2,1,1,0,0,9,1,1,16,0,5,0,1,0,2,1,0,4,2,5,9,3
2017.0,-0.12,0.0,0.0,3,6,3,0,0,0,0,1,1,1,0,0,1,1,1,16,0,5,0,1,0,1,1,0,6,5,5,8,3
2017.0,-75.0,0.0,0.0,3,6,3,0,0,0,1,2,1,1,0,1,2,1,1,16,0,5,0,1,0,2,1,0,4,7,5,8,3
2017.0,100.0,0.0,0.0,3,1,3,1,0,0,1,5,1,1,0,1,5,1,1,17,0,5,0,1,0,1,2,0,4,7,5,8,3
2017.0,-80.0,0.0,0.0,3,6,3,0,0,0,1,1,1,1,0,1,1,1,1,18,0,5,0,1,0,1,1,0,4,7,5,8,3
2017.0,0.0,0.0,0.0,3,9,0,0,0,0,1,1,1,1,0,1,2,1,1,20,0,5,0,0,0,1,2,0,4,5,5,3,9
2017.0,-15.0,1.0,0.0,3,6,0,0,0,0,0,2,1,1,0,0,0,1,1,22,0,5,0,0,0,2,1,0,4,7,5,3,3
2017.0,10.0,1.0,0.0,2,1,2,0,0,2,1,2,1,1,0,1,9,1,1,5,1,5,0,0,0,2,0,0,2,2,5,3,7
2017.0,-285.0,0.0,0.0,3,4,3,0,0,0,2,2,1,1,0,1,1,1,1,6,1,5,0,0,0,0,1,0,0,2,5,9,3
2017.0,-18.0,1.0,0.0,3,10,3,0,0,0,1,1,1,1,0,1,1,1,1,9,1,5,0,1,0,1,1,0,4,9,5,3,9
2017.0,0.0,1.0,0.0,3,4,3,0,0,0,2,1,1,1,0,1,9,1,1,11,1,5,0,0,0,0,1,0,4,2,5,3,9
2017.0,-500.0,0.0,0.0,3,10,3,0,0,0,1,2,1,1,0,0,2,1,1,13,1,5,0,0,0,2,2,0,6,9,9,2,2
2017.0,105.0,1.0,0.0,2,4,3,0,0,0,1,1,1,1,0,1,2,1,1,14,1,5,0,0,0,1,2,0,0,2,5,3,9
2017.0,-50.0,0.0,0.0,3,6,3,0,0,0,1,1,1,1,0,0,1,1,1,15,1,5,0,0,0,0,1,0,4,7,5,8,8
2017.0,-200.0,0.0,0.0,3,10,3,0,0,0,1,1,1,1,0,0,1,1,1,15,1,5,0,0,0,0,2,0,6,9,5,3,2
2017.0,-75.0,0.0,0.0,3,6,3,0,0,0,0,1,1,1,0,1,1,1,1,15,1,5,0,0,0,1,1,0,4,7,5,8,3
2017.0,0.0,0.0,0.0,3,4,3,0,0,0,0,2,1,1,0,0,5,1,1,16,1,5,0,1,0,2,1,0,4,2,5,3,9
2017.0,2500.0,0.0,0.0,3,4,3,0,0,0,1,9,1,1,0,0,5,1,1,17,1,5,0,1,0,2,2,0,6,2,5,3,9
2017.0,-741.0,1.0,0.0,3,6,3,0,0,0,0,9,1,1,0,0,9,1,1,17,1,5,0,1,0,1,1,0,6,7,5,8,3
2017.0,-54.0,0.0,0.0,3,6,3,0,0,0,0,1,1,1,0,1,1,1,1,18,1,5,0,1,0,2,2,0,4,7,5,8,8
2017.0,0.0,2.0,0.0,2,4,0,0,0,0,0,2,1,1,0,0,9,1,1,18,1,5,0,1,0,2,0,0,2,2,5,3,9
2017.0,0.0,0.0,0.0,3,4,3,0,0,0,1,1,1,1,0,1,5,1,1,6,2,5,0,0,0,1,0,0,4,2,5,9,3
2017.0,41.0,0.0,0.0,3,6,3,0,0,0,1,9,1,1,0,1,9,1,1,7,2,5,0,1,0,2,0,0,4,7,5,8,3
2017.0,635.0,0.0,0.0,3,4,3,0,0,0,1,9,1,1,0,0,1,1,1,9,2,5,0,1,0,1,1,0,0,2,5,3,9
2017.0,133.0,0.0,0.0,3,10,3,0,0,0,1,2,1,1,0,0,2,1,1,10,2,5,0,0,0,1,0,0,4,9,5,3,2
2017.0,-90.0,0.0,0.0,3,6,3,0,0,0,1,2,1,1,0,0,2,1,1,11,2,5,0,0,0,1,2,0,4,7,5,8,3
2017.0,-360.0,0.0,0.0,3,10,3,0,0,0,0,5,1,1,0,1,5,1,1,11,2,5,0,0,0,0,1,0,2,4,5,3,3
2017.0,-498.0,0.0,0.0,3,6,3,0,0,0,0,1,1,1,0,0,1,1,1,11,2,5,0,0,0,2,1,0,0,7,5,8,3
2017.0,-440.0,2.0,0.0,2,1,3,0,0,0,0,1,1,1,1,1,9,1,1,12,2,5,0,0,0,2,1,0,6,9,5,6,9
2017.0,-210.0,1.0,0.0,3,6,3,0,0,0,1,5,1,1,0,0,5,1,1,13,2,5,0,0,0,1,0,0,0,7,5,8,3
2017.0,60.0,0.0,0.0,3,6,3,0,0,0,1,9,1,1,0,1,9,1,1,15,2,5,0,0,0,2,1,0,4,7,5,8,8
2017.0,115.0,0.0,0.0,3,6,3,0,0,0,1,5,1,1,0,1,5,1,1,16,2,5,0,1,0,1,1,0,6,7,5,8,3
2017.0,69.0,1.0,0.0,3,6,3,0,0,0,1,2,1,1,0,1,2,1,1,16,2,5,0,1,0,2,1,0,4,7,5,8,3
2017.0,0.0,0.0,0.0,3,4,3,0,0,0,1,4,1,1,0,0,5,1,1,17,2,5,0,1,0,2,1,0,4,2,5,3,9
2017.0,-360.0,0.0,0.0,3,6,3,0,0,0,1,5,1,1,0,0,2,1,1,17,2,5,0,1,0,2,2,0,6,7,5,3,1
2017.0,300.0,0.0,0.0,3,6,0,0,0,0,1,9,1,1,0,1,9,1,1,22,2,5,0,0,0,2,1,0,6,7,5,8,3
2017.0,-100.0,1.0,0.0,3,1,3,0,0,0,0,2,1,1,0,1,2,1,1,8,3,5,0,1,0,1,1,0,4,9,5,3,2
2017.0,-174.0,0.0,0.0,3,6,3,0,0,0,1,9,1,1,0,0,1,1,1,9,3,5,0,1,0,0,1,0,4,5,5,8,1
2017.0,46.0,0.0,0.0,3,5,3,4,3,2,2,8,1,1,0,1,7,1,1,10,3,5,0,0,0,0,0,0,6,5,5,9,5
2017.0,287.0,1.0,0.0,2,1,3,0,0,0,0,5,1,1,0,1,9,1,1,13,3,5,0,0,0,2,1,0,0,2,5,3,9
2017.0,-74.0,0.0,0.0,3,6,3,0,0,0,1,9,1,1,0,1,9,1,1,15,3,5,0,0,0,1,2,0,6,7,5,8,3
2017.0,138.0,0.0,0.0,3,1,3,0,0,0,1,2,1,1,0,1,1,1,1,15,3,5,0,0,0,2,1,0,0,2,5,3,9
2017.0,116.0,0.0,0.0,3,6,3,0,0,0,0,2,1,1,0,0,2,1,1,17,3,5,0,1,0,2,2,0,6,7,5,8,8
2017.0,554.0,0.0,0.0,3,6,3,0,0,0,0,5,1,1,0,0,5,1,1,17,3,5,0,1,0,1,2,0,6,7,5,8,3
2017.0,0.0,0.0,0.0,3,6,3,0,0,0,1,5,1,1,0,0,5,1,1,17,3,5,0,1,0,1,0,0,2,7,5,8,3
2017.0,0.0,0.0,0.0,3,1,3,0,0,0,0,2,1,1,0,1,1,1,1,18,3,5,0,1,0,2,0,0,4,2,5,3,9
2017.0,0.0,0.0,0.0,3,1,0,0,0,0,1,1,1,1,0,0,2,1,1,21,3,5,0,0,0,2,1,0,6,2,5,3,3
2017.0,66.0,0.0,0.0,3,6,0,0,0,0,1,9,1,1,0,1,9,1,1,21,3,5,0,0,0,2,2,0,4,7,5,8,3
2017.0,0.0,0.0,0.0,3,6,3,0,0,0,0,2,1,1,0,1,2,1,1,6,4,5,0,0,0,1,1,0,4,7,5,8,3
2017.0,0.0,0.0,0.0,3,10,3,0,0,0,0,1,1,1,0,1,1,1,1,10,4,5,0,0,0,0,1,0,4,4,5,8,8
2017.0,0.0,3.0,0.0,3,1,3,0,0,0,0,9,1,1,0,1,5,1,1,10,4,5,0,0,0,1,0,0,4,2,5,9,3
2017.0,0.0,0.0,0.0,3,1,3,0,0,0,1,9,1,1,0,1,5,1,1,12,4,5,0,0,0,1,1,0,4,2,5,9,3
2017.0,0.0,2.0,0.0,3,1,3,0,0,0,1,9,1,1,0,1,2,1,1,13,4,5,0,0,0,1,1,0,4,2,5,3,3
2017.0,0.0,4.0,0.0,2,1,3,0,0,0,1,1,1,1,0,0,5,1,1,13,4,5,0,0,0,1,1,0,4,2,5,3,9
2017.0,40.0,0.0,0.0,3,10,3,0,0,0,0,9,1,1,0,1,9,1,1,14,4,5,0,0,0,1,1,0,3,5,5,9,9
2017.0,-191.0,1.0,0.0,3,6,3,0,0,0,0,1,1,1,0,1,1,1,1,15,4,5,0,0,0,0,1,0,4,7,5,8,8
2017.0,150.0,0.0,0.0,3,4,3,0,0,0,1,9,1,1,0,0,1,1,1,17,4,5,0,1,0,1,1,0,0,2,5,3,9
2017.0,0.0,0.0,0.0,3,4,3,0,0,0,2,9,1,1,1,1,5,1,1,17,4,5,0,1,0,0,1,0,4,7,5,6,9
2017.0,139.0,0.0,0.0,3,6,3,0,0,0,0,5,1,1,0,0,5,1,1,18,4,5,0,1,0,2,1,0,0,5,5,8,8
2017.0,-30.0,0.0,0.0,3,6,0,0,0,0,1,2,1,0,0,1,2,1,1,4,5,5,1,0,0,2,2,0,4,7,5,8,3
2017.0,590.0,0.0,0.0,3,3,3,0,0,0,1,1,0,1,1,1,9,1,1,10,5,5,1,0,0,1,1,0,6,7,5,6,3
2017.0,0.0,0.0,0.0,3,4,3,0,0,0,1,6,1,1,0,1,2,1,1,13,5,5,1,0,0,2,2,0,4,2,5,3,9
2017.0,0.0,0.0,0.0,3,1,3,0,0,0,1,9,1,1,0,0,5,1,1,14,5,5,1,0,0,1,1,0,2,2,5,3,3
2017.0,0.0,0.0,0.0,3,4,0,0,0,0,1,6,1,1,0,1,9,1,1,21,5,5,1,0,0,2,1,0,4,2,5,3,9
2017.0,90.0,0.0,0.0,3,4,0,0,0,0,0,2,1,1,0,1,9,1,1,23,5,5,1,0,0,2,1,0,6,2,5,3,9
2017.0,0.0,0.0,0.0,3,10,3,0,0,0,1,5,1,1,0,0,5,1,1,9,6,5,1,1,0,0,1,0,6,3,5,9,9
2017.0,-100.0,0.0,0.0,3,6,3,0,0,0,0,1,1,1,0,1,1,1,1,11,6,5,1,0,0,2,1,0,6,7,5,8,8
2017.0,0.0,4.0,0.0,1,1,3,0,0,0,1,1,1,1,0,1,9,1,1,16,6,5,1,1,0,2,0,0,4,7,5,9,3
2017.0,-200.0,0.0,0.0,3,8,3,0,0,0,0,2,0,1,1,1,1,1,1,19,6,5,1,1,0,1,1,0,6,5,5,6,1
2017.0,20.0,0.0,0.0,3,6,0,0,0,0,1,2,1,1,0,1,2,1,1,20,6,5,1,0,0,2,1,0,4,8,5,3,3
2017.0,0.2,0.0,0.0,3,6,0,0,0,0,0,2,0,0,0,1,2,1,1,23,6,5,1,0,0,1,1,0,6,7,5,8,3
2017.0,420.0,2.0,0.0,2,4,3,0,0,0,1,9,1,1,0,0,2,1,1,12,0,5,0,0,0,1,1,0,0,2,5,3,9
2017.0,0.0,3.0,0.0,3,1,3,0,0,0,0,9,1,1,0,1,5,1,1,13,0,5,0,0,0,1,1,0,2,2,5,3,3
2017.0,120.0,0.0,0.0,3,6,3,0,0,0,1,1,1,1,0,0,1,1,1,18,0,5,0,1,0,1,2,0,6,7,5,8,3
2017.0,60.0,0.0,0.0,3,10,0,0,0,0,0,1,1,1,0,1,1,1,1,19,0,5,0,1,0,1,1,0,6,9,5,3,2
2017.0,0.0,0.0,0.0,3,1,0,0,0,0,1,5,1,1,0,1,9,1,1,1,1,5,0,0,0,1,1,0,4,2,5,3,3
2017.0,-72.0,3.0,0.0,1,6,3,0,0,0,1,1,1,1,0,0,1,1,1,11,1,5,0,0,0,1,1,0,4,7,5,8,3
2017.0,0.0,0.0,0.0,3,6,3,1,0,0,1,2,1,1,0,1,2,1,1,11,1,5,0,0,0,1,1,0,4,7,5,8,9
2017.0,206.0,0.0,0.0,3,6,3,0,0,0,0,5,1,1,0,1,5,1,1,11,1,5,0,0,0,1,0,0,4,7,5,3,2
2017.0,0.0,2.0,0.0,2,4,3,0,0,0,0,2,1,1,0,0,1,1,1,13,1,5,0,0,0,2,1,0,4,2,5,3,9
2017.0,-1020.0,0.0,0.0,3,4,3,0,0,0,0,9,1,1,0,0,2,1,1,13,1,5,0,0,0,0,1,0,0,2,5,3,9
2017.0,104.0,0.0,0.0,3,6,3,0,0,0,0,1,1,1,0,1,9,1,1,15,1,5,0,0,0,1,2,0,4,5,5,8,1
2017.0,-484.0,0.0,0.0,3,1,3,0,0,0,0,9,1,1,0,0,2,1,1,17,1,5,0,1,0,1,2,0,0,5,5,3,9
2017.0,-20.0,0.0,0.0,3,6,4,1,0,0,1,2,1,1,0,1,2,1,1,19,1,5,0,1,0,2,2,0,2,7,5,8,3
2017.0,-68.0,0.0,0.0,3,6,0,0,0,0,0,1,1,1,0,1,1,1,1,20,1,5,0,0,0,1,1,0,6,7,5,3,3
2017.0,-30.0,1.0,0.0,2,6,0,0,0,0,1,1,1,1,0,0,1,1,1,21,1,5,0,0,0,0,0,0,4,7,5,8,3
2017.0,40.0,1.0,0.0,3,6,3,0,0,0,1,9,1,1,0,0,9,1,1,5,2,5,0,0,0,1,2,0,4,8,5,3,3
2017.0,-40.0,0.0,0.0,3,10,3,0,0,0,1,5,1,1,0,0,5,1,1,6,2,5,0,0,0,1,1,0,4,9,5,3,2
2017.0,-125.0,1.0,0.0,2,6,3,0,0,0,1,2,1,1,0,1,2,1,1,8,2,5,0,1,0,1,1,0,4,7,5,3,3
2017.0,49.0,0.0,0.0,3,1,3,0,0,0,0,4,1,1,0,0,2,1,1,12,2,5,0,0,0,2,2,0,4,4,5,3,9
2017.0,451.0,1.0,0.0,2,5,3,0,0,2,1,1,1,0,0,0,1,1,1,12,2,5,0,0,0,2,1,0,6,5,5,3,9
2017.0,-75.0,0.0,0.0,3,4,3,0,0,0,1,2,1,1,0,1,1,1,1,14,2,5,0,0,0,1,0,0,4,4,5,8,9
2017.0,100.0,0.0,0.0,3,6,3,0,0,0,1,1,1,1,0,0,1,1,1,17,2,5,0,1,0,2,1,0,6,7,5,8,8
2017.0,-8.0,0.0,0.0,3,7,3,0,0,0,0,5,1,1,0,1,5,1,1,17,2,5,0,1,0,2,2,0,1,7,5,8,3
2017.0,-670.0,0.0,0.0,3,1,3,0,0,0,0,5,1,1,0,1,9,1,1,18,2,5,0,1,0,2,2,0,6,2,5,3,3
2017.0,87.0,3.0,0.0,2,6,3,0,0,0,0,5,1,1,0,0,5,1,1,18,2,5,0,1,0,1,1,0,0,7,5,9,3
2017.0,80.0,0.0,0.0,3,1,3,0,0,0,0,2,1,1,0,0,2,1,1,7,3,6,0,1,0,0,2,0,4,9,5,3,2
2017.0,65.0,0.0,0.0,3,6,3,0,0,0,2,1,1,1,0,1,1,1,1,8,3,6,0,1,0,0,0,0,4,7,5,8,3
2017.0,0.0,2.0,0.0,3,4,3,0,0,0,1,2,1,1,0,1,9,1,1,9,3,6,0,1,0,1,1,0,4,2,5,3,9