Year,Distance,Totalinjuries,Totalfatalities,Injuryseverity,Collisionmanner,Lightcondition,Weather,SurfaceCondition,Unittype_One,Gender_Drv1,Traveldirection_One,AlcoholUse_Drv1,DrugUse_Drv1,Unittype_Two,Gender_Drv2,Traveldirection_Two,AlcoholUse_Drv2,DrugUse_Drv2,Hour,Weekday,Month,Weekend,Rush_Hour,Hazardous_Road,Age_Group_Drv1,Age_Group_Drv2,Substance_Use,Junction_Category,Violation_Category_Drv1,Violation_Category_Drv2,Unitaction_Category_Two,Unitaction_Category_One
2017.0,-220.0,1.0,0.0,3,6,3,0,0,0,1,2,1,1,0,1,2,1,1,16,3,6,0,1,0,2,1,0,6,7,5,8,3
2017.0,64.0,1.0,0.0,2,6,3,0,0,0,0,1,1,1,0,0,1,1,1,17,3,6,0,1,0,1,1,0,4,9,5,3,2
2017.0,755.0,0.0,0.0,3,4,0,0,0,0,1,9,1,1,0,0,1,1,1,21,3,6,0,0,0,2,2,0,0,5,5,3,9
2017.0,-75.0,0.0,0.0,3,10,3,0,0,0,0,5,1,1,0,1,5,1,1,6,4,6,0,0,0,2,1,0,6,9,5,3,3
2017.0,0.0,0.0,0.0,3,1,3,0,0,0,0,2,1,1,0,1,1,1,1,9,4,6,0,1,0,2,0,0,4,2,5,3,9
2017.0,-22.0,0.0,0.0,3,10,3,0,0,0,1,5,1,1,0,1,5,1,1,10,4,6,0,0,0,0,1,0,4,7,5,3,3
2017.0,0.0,2.0,0.0,2,4,3,0,0,0,1,5,1,1,0,0,1,1,1,11,4,6,0,0,0,2,1,0,4,2,5,3,9
2017.0,340.0,0.0,0.0,3,10,3,0,0,0,0,1,1,1,0,1,1,1,1,12,4,6,0,0,0,2,1,0,6,9,5,3,2
2017.0,-83.0,1.0,0.0,2,6,3,0,0,0,1,2,1,1,0,0,2,1,1,12,4,6,0,0,0,2,2,0,4,7,5,8,8
2017.0,90.0,0.0,0.0,3,10,3,0,0,0,0,9,1,1,0,1,9,1,1,13,4,6,0,0,0,1,1,0,4,9,5,3,2
2017.0,-15.0,0.0,0.0,3,6,3,0,0,0,1,2,1,1,0,1,2,1,1,14,4,6,0,0,0,2,2,0,4,7,5,8,3
2017.0,0.0,0.0,0.0,3,10,3,0,0,0,2,5,1,1,0,1,5,1,1,14,4,6,0,0,0,0,1,0,4,9,5,9,0
2017.0,43.0,1.0,0.0,3,6,0,0,0,0,0,5,1,1,0,0,5,1,1,20,4,6,0,0,0,2,1,0,2,7,5,8,8
2017.0,100.0,0.0,0.0,3,12,0,0,3,0,2,8,1,1,0,0,5,1,1,21,4,6,0,0,0,0,2,0,4,5,5,6,5
2017.0,-217.0,2.0,0.0,2,4,0,0,0,0,1,9,1,1,0,0,2,1,1,21,4,6,0,0,0,1,2,0,0,2,5,3,9
2017.0,50.0,0.0,0.0,3,6,0,0,0,0,0,5,1,1,0,1,5,1,1,2,5,6,1,0,0,2,2,0,4,7,5,8,3
2017.0,90.0,0.0,0.0,3,6,3,0,0,0,2,9,1,1,0,0,9,1,1,8,5,6,1,1,0,0,2,0,4,7,5,8,3
2017.0,0.0,0.0,0.0,3,4,3,0,0,0,1,9,1,1,0,0,5,1,1,11,5,6,1,0,0,1,1,0,4,7,5,3,9
2017.0,0.0,0.0,0.0,3,1,3,0,0,0,0,2,1,1,0,0,1,1,1,11,5,6,1,0,0,1,1,0,4,2,5,3,9
2017.0,-10.0,1.0,0.0,2,1,3,0,0,2,1,2,1,1,0,0,1,1,1,15,5,6,1,0,0,2,1,0,2,2,5,3,3
2017.0,0.0,5.0,0.0,3,1,3,0,0,0,0,5,1,1,0,1,1,1,1,16,5,6,1,1,0,2,1,0,2,2,5,3,3
2017.0,0.0,0.0,0.0,3,1,3,0,0,0,0,1,1,1,0,1,5,1,1,17,5,6,1,1,0,2,1,0,4,7,5,3,3
2017.0,-200.0,0.0,0.0,3,1,3,0,0,0,1,5,1,1,0,0,9,1,1,17,5,6,1,1,0,2,1,0,6,2,5,9,9
2017.0,0.0,1.0,0.0,3,4,0,0,0,0,0,2,1,1,0,1,5,1,1,21,5,6,1,0,0,1,1,0,4,2,5,3,9
2017.0,500.0,0.0,0.0,3,12,0,0,0,0,2,8,1,1,0,1,8,1,1,2,6,6,1,0,0,0,2,0,8,5,5,6,5
2017.0,55.0,0.0,0.0,3,6,3,0,0,0,0,9,1,1,0,0,9,1,1,9,6,6,1,1,0,1,1,0,4,7,5,8,3
2017.0,0.2,0.0,0.0,3,3,0,0,0,0,2,2,1,1,0,1,5,1,1,12,6,6,1,0,0,0,1,0,6,7,5,6,3
2017.0,0.0,0.0,0.0,3,1,3,0,0,0,0,2,1,1,0,0,1,1,1,19,6,6,1,1,0,1,1,0,4,7,5,3,3
2017.0,-80.0,0.0,0.0,3,10,3,0,0,0,0,9,1,1,0,0,9,1,1,8,0,6,0,1,0,0,0,0,4,9,5,3,2
2017.0,193.0,1.0,0.0,2,10,3,0,0,0,1,9,1,1,0,1,9,1,1,8,0,6,0,1,0,1,2,0,4,9,5,3,2
2017.0,-50.0,0.0,0.0,3,6,3,0,0,0,2,1,1,1,0,0,1,1,1,11,0,6,0,0,0,0,0,0,4,7,5,8,3
2017.0,-769.0,0.0,0.0,3,1,3,0,0,0,1,1,1,1,0,1,5,1,1,12,0,6,0,0,0,0,0,0,6,2,5,3,5
2017.0,168.0,1.0,0.0,3,6,3,0,0,0,2,5,1,1,0,0,5,1,1,13,0,6,0,0,0,0,1,0,4,7,5,8,3
2017.0,120.0,1.0,0.0,3,1,3,0,0,0,1,5,1,1,0,0,9,1,1,14,0,6,0,0,0,1,2,0,4,5,5,3,5
2017.0,-343.0,0.0,0.0,3,1,3,0,0,0,0,2,1,1,0,0,1,1,1,14,0,6,0,0,0,2,1,0,6,2,5,3,9
2017.0,-50.0,2.0,0.0,2,6,3,0,0,0,0,5,1,1,0,1,5,1,1,15,0,6,0,0,0,1,0,0,6,7,5,8,3
2017.0,185.0,1.0,0.0,2,5,0,0,0,3,1,5,1,1,0,0,1,1,1,22,0,6,0,0,0,0,2,0,6,6,5,3,7
2017.0,753.0,0.0,0.0,3,4,3,0,0,0,0,2,1,1,0,0,1,1,1,7,1,6,0,1,0,2,1,0,0,2,5,3,9
2017.0,483.0,1.0,0.0,2,5,3,0,0,0,0,1,1,1,2,0,5,1,1,11,1,6,0,0,0,1,2,0,6,2,5,5,5
2017.0,0.0,1.0,0.0,3,4,3,0,0,0,1,5,1,1,0,1,2,1,1,13,1,6,0,0,0,1,1,0,2,5,5,3,9
2017.0,120.0,0.0,0.0,3,6,3,0,0,0,0,9,1,1,0,1,9,1,1,15,1,6,0,0,0,1,0,0,4,7,5,8,3
2017.0,-30.0,0.0,0.0,3,6,3,0,0,0,2,2,1,1,0,1,2,1,1,16,1,6,0,1,0,0,1,0,4,7,5,3,3
2017.0,300.0,0.0,0.0,3,6,3,0,0,0,0,1,1,1,0,1,1,1,1,16,1,6,0,1,0,2,1,0,6,7,5,8,3
2017.0,183.0,0.0,0.0,3,6,3,0,0,0,1,5,1,1,0,0,5,1,1,17,1,6,0,1,0,1,2,0,6,7,5,8,3
2017.0,-340.0,2.0,0.0,3,6,3,0,0,0,0,5,1,1,0,0,5,1,1,17,1,6,0,1,0,1,1,0,6,7,5,8,3
2017.0,0.0,0.0,0.0,3,4,3,0,0,0,1,1,1,1,0,0,9,1,1,18,1,6,0,1,0,1,1,0,4,2,5,3,9
2017.0,447.0,0.0,0.0,3,10,0,0,0,0,1,2,1,1,0,0,2,1,1,21,1,6,0,0,0,2,2,0,6,9,5,3,2
2017.0,0.0,0.0,0.0,3,4,0,0,0,0,1,2,1,1,0,1,5,1,1,0,2,6,0,0,0,2,2,0,4,2,5,3,9
2017.0,-20.0,0.0,0.0,3,6,2,0,0,0,1,2,1,1,0,1,2,1,1,4,2,6,0,0,0,1,1,0,2,7,5,8,8
2017.0,-253.0,1.0,0.0,2,6,2,0,0,0,2,9,1,1,0,0,9,1,1,8,2,6,0,1,0,0,1,0,0,7,5,9,3
2017.0,-10.0,0.0,0.0,3,1,3,0,0,0,1,5,1,1,0,1,9,1,1,9,2,6,0,1,0,2,0,0,4,2,5,3,9
2017.0,121.0,0.0,0.0,3,6,3,0,0,0,0,5,1,1,0,1,5,1,1,12,2,6,0,0,0,2,2,0,4,7,5,8,8
2017.0,80.0,0.0,0.0,3,6,3,0,0,0,1,5,1,1,0,1,5,1,1,16,2,6,0,1,0,2,1,0,4,7,5,8,3
2017.0,0.0,1.0,0.0,2,4,3,0,0,0,0,9,1,1,0,0,1,1,1,16,2,6,0,1,0,1,1,0,4,2,5,3,9
2017.0,-387.0,2.0,0.0,2,6,3,0,0,0,1,1,1,1,0,0,1,1,1,16,2,6,0,1,0,2,1,0,4,7,5,8,3
2017.0,-100.0,0.0,0.0,3,6,0,0,0,0,1,1,1,1,0,1,1,1,1,20,2,6,0,0,0,1,1,0,4,7,5,8,3
2017.0,-60.0,0.0,0.0,3,10,0,0,0,0,1,9,1,1,0,1,9,1,1,21,2,6,0,0,0,1,1,0,6,2,5,3,9
2017.0,27.0,0.0,0.0,3,4,0,0,0,0,1,1,1,1,0,0,2,1,1,23,2,6,0,0,0,2,2,0,6,2,5,3,9
2017.0,0.0,0.0,0.0,3,4,0,0,0,0,1,5,1,1,0,0,1,1,1,1,3,6,0,0,0,0,2,0,2,2,5,9,3
2017.0,20.0,0.0,0.0,3,10,3,0,0,0,1,9,1,1,0,1,9,1,1,7,3,6,0,1,0,0,1,0,4,4,5,9,8
2017.0,-220.0,0.0,0.0,3,10,3,0,0,0,1,2,1,1,0,0,2,1,1,8,3,6,0,1,0,1,0,0,4,9,5,3,2
2017.0,-665.0,2.0,0.0,2,6,3,0,0,0,1,1,1,1,0,0,1,1,1,8,3,6,0,1,0,1,1,0,6,7,5,8,3
2017.0,15.0,1.0,0.0,2,6,3,0,0,0,1,5,1,1,0,0,5,1,1,9,3,6,0,1,0,0,1,0,2,7,5,8,3
2017.0,0.0,0.0,0.0,3,4,3,0,0,0,1,5,1,1,0,1,9,1,1,9,3,6,0,1,0,2,1,0,4,2,5,9,3
2017.0,-143.0,0.0,0.0,3,10,3,0,0,0,1,5,1,1,0,1,5,1,1,9,3,6,0,1,0,2,1,0,6,9,5,3,2
2017.0,-163.0,1.0,0.0,3,6,3,0,0,0,0,1,1,1,0,1,1,1,1,10,3,6,0,0,0,2,0,0,6,7,5,8,3
2017.0,195.0,0.0,0.0,3,4,3,0,0,0,0,9,1,1,0,1,5,1,1,12,3,6,0,0,0,0,1,0,6,2,5,3,9
2017.0,530.0,0.0,0.0,3,6,3,0,0,0,1,5,1,1,0,1,5,1,1,13,3,6,0,0,0,2,1,0,1,7,5,8,8
2017.0,100.0,0.0,0.0,3,6,3,0,0,0,1,5,1,1,0,1,5,1,1,15,3,6,0,0,0,2,2,0,4,7,5,8,3
2017.0,-181.0,2.0,0.0,2,6,3,0,0,0,1,1,1,1,0,1,1,1,1,17,3,6,0,1,0,1,0,0,4,7,5,8,3
2017.0,0.0,0.0,0.0,3,4,3,0,0,0,1,9,1,1,0,1,1,1,1,17,3,6,0,1,0,1,1,0,4,2,5,3,9
2017.0,-100.0,0.0,0.0,3,10,4,0,0,0,0,2,1,1,0,0,2,1,1,19,3,6,0,1,0,1,2,0,4,9,5,3,2
2017.0,0.15,0.0,0.0,3,6,0,0,0,0,2,9,1,1,0,0,9,1,1,3,4,6,0,0,0,0,1,0,6,7,5,3,3
2017.0,610.0,0.0,0.0,3,10,3,0,0,0,0,9,1,1,0,1,9,1,1,6,4,6,0,0,0,1,1,0,6,5,7,3,8
2017.0,290.0,0.0,0.0,3,6,3,0,0,0,1,9,1,1,0,1,9,1,1,7,4,6,0,1,0,1,1,0,4,7,5,8,3
2017.0,0.15,0.0,1.0,0,1,3,0,0,0,1,1,1,1,0,1,2,0,1,8,4,6,0,1,0,0,1,0,1,5,5,3,9
2017.0,-27.0,0.0,0.0,3,10,3,0,0,0,1,1,1,1,0,1,1,1,1,11,4,6,0,0,0,0,1,0,4,9,5,9,6
2017.0,-120.0,0.0,0.0,3,6,3,0,0,0,1,1,1,1,0,0,1,1,1,12,4,6,0,0,0,2,1,0,4,7,5,8,3
2017.0,-72.0,0.0,0.0,3,6,3,0,0,0,1,2,1,1,0,1,2,1,1,12,4,6,0,0,0,1,1,0,4,9,5,8,8
2017.0,-185.0,1.0,0.0,3,4,3,0,0,0,0,5,1,1,0,0,1,1,1,12,4,6,0,0,0,1,1,0,0,2,5,3,9
2017.0,218.0,2.0,0.0,2,6,3,0,0,0,0,2,1,1,0,0,2,1,1,16,4,6,0,1,0,1,1,0,6,7,5,8,3
2017.0,184.0,1.0,0.0,2,6,0,0,0,0,1,5,0,1,0,0,5,1,1,21,4,6,0,0,0,1,2,0,4,7,5,8,3
2017.0,-358.0,0.0,0.0,3,6,0,0,0,0,1,5,1,1,0,1,5,1,1,21,4,6,0,0,0,1,2,0,6,7,5,8,8
2017.0,-30.0,0.0,0.0,3,5,0,0,0,0,1,2,0,1,0,1,2,1,1,22,4,6,0,0,0,1,1,0,4,5,5,3,1
2017.0,0.0,0.0,0.0,3,1,3,0,0,0,1,7,0,1,0,1,6,1,1,5,5,6,1,0,0,2,2,0,2,7,5,9,3
2017.0,0.0,0.0,0.0,3,1,3,0,0,0,1,1,0,1,0,1,5,1,1,5,5,6,1,0,0,1,2,0,2,2,5,3,3
2017.0,82.0,0.0,0.0,3,6,3,0,0,0,1,9,1,1,0,1,9,1,1,10,5,6,1,0,0,1,1,0,4,7,5,8,8
2017.0,20.0,0.0,0.0,3,6,3,0,0,0,0,9,1,1,0,1,9,1,1,15,5,6,1,0,0,2,1,0,2,7,5,8,3
2017.0,-425.0,1.0,0.0,2,4,3,0,0,0,1,5,1,1,0,1,2,1,1,17,5,6,1,1,0,2,1,0,6,2,2,9,9
2017.0,0.0,0.0,0.0,3,1,0,0,0,0,0,9,0,1,0,0,5,1,1,21,5,6,1,0,0,2,2,0,4,2,5,3,3
2017.0,-67.0,0.0,0.0,3,10,0,0,0,0,2,2,1,1,0,0,2,1,1,23,5,6,1,0,0,0,2,0,4,9,5,8,3
2017.0,450.0,0.0,0.0,3,9,3,0,0,0,1,9,1,1,0,0,1,1,1,5,6,6,1,0,0,2,2,0,6,7,5,6,3
2017.0,-20.0,0.0,0.0,3,6,3,0,0,0,0,1,1,1,0,1,1,1,1,10,6,6,1,0,0,1,1,0,4,7,5,8,3
2017.0,0.0,0.0,0.0,3,4,3,0,0,0,0,3,1,1,0,0,5,1,1,10,6,6,1,0,0,2,1,0,2,2,5,3,9
2017.0,0.0,0.0,0.0,3,1,3,0,0,0,1,1,1,1,0,0,2,1,1,11,6,6,1,0,0,1,0,0,2,2,5,9,3
2017.0,165.0,0.0,0.0,3,6,3,0,0,0,1,9,1,1,0,0,9,1,1,12,6,6,1,0,0,1,1,0,6,7,5,8,3
2017.0,200.0,0.0,0.0,3,10,3,0,0,0,1,9,1,1,0,1,9,1,1,13,6,6,1,0,0,1,1,0,6,4,5,3,9
2017.0,0.0,0.0,0.0,3,4,3,0,0,0,0,9,1,1,0,0,1,1,1,13,6,6,1,0,0,0,2,0,4,2,5,3,9
2017.0,0.0,0.0,0.0,3,4,3,0,0,0,1,1,1,0,0,1,9,1,1,16,6,6,1,1,0,2,0,0,4,2,5,9,3
2017.0,30.0,0.0,0.0,3,6,3,0,0,0,2,5,1,1,0,1,5,1,1,17,6,6,1,1,0,0,1,0,4,7,5,8,3
2017.0,0.0,0.0,0.0,3,4,3,0,0,0,0,1,1,1,0,0,2,1,1,17,6,6,1,1,0,0,1,0,2,5,5,9,3
2017.0,0.0,0.0,0.0,3,6,0,0,0,0,1,5,1,1,0,0,5,1,1,20,6,6,1,0,0,1,1,0,4,7,2,9,9
2017.0,0.0,4.0,0.0,3,1,0,0,0,0,1,9,0,1,0,1,2,1,1,23,6,6,1,0,0,1,2,0,4,2,5,3,3
2017.0,0.0,1.0,0.0,3,10,3,0,0,0,1,5,1,1,0,0,5,1,1,5,0,6,0,0,0,2,1,0,4,9,5,3,2
2017.0,330.0,0.0,0.0,3,4,3,0,0,0,0,1,1,1,0,1,9,1,1,7,0,6,0,1,0,1,1,0,6,2,5,3,9
2017.0,0.0,3.0,0.0,2,4,3,0,0,0,0,9,1,1,0,1,1,1,1,8,0,6,0,1,0,2,2,0,4,2,5,9,3
2017.0,27.0,2.0,0.0,3,6,3,0,0,0,1,9,1,1,0,1,9,1,1,14,0,6,0,0,0,1,1,0,4,7,5,8,3
2017.0,-385.0,1.0,0.0,3,6,3,0,0,0,1,5,1,1,0,1,5,1,1,14,0,6,0,0,0,1,1,0,6,7,5,8,3
2017.0,177.0,2.0,0.0,3,6,3,0,0,0,1,5,1,1,0,1,5,1,1,17,0,6,0,1,0,1,1,0,4,7,5,8,3
2017.0,200.0,0.0,0.0,3,3,4,4,3,0,2,5,1,1,0,1,2,1,1,19,0,6,0,1,0,0,1,0,6,9,5,3,3
2017.0,15.0,0.0,0.0,3,4,0,0,0,0,1,2,1,1,0,0,2,1,1,23,0,6,0,0,0,1,1,0,6,2,5,9,9
2017.0,-545.0,1.0,0.0,2,6,3,0,0,0,1,2,1,1,0,1,2,1,1,10,1,6,0,0,0,1,2,0,4,7,5,8,3
2017.0,0.0,1.0,0.0,2,4,3,0,0,0,0,5,1,1,0,1,9,1,1,15,1,6,0,0,0,2,1,0,4,2,5,3,9
2017.0,-147.0,1.0,0.0,3,6,3,0,0,0,1,1,1,1,0,1,1,1,1,17,1,6,0,1,0,2,2,0,4,7,5,8,3
2017.0,-634.0,2.0,0.0,2,4,3,0,0,0,0,5,1,1,0,0,1,1,1,17,1,6,0,1,0,1,1,0,0,2,5,3,9
2017.0,-40.0,1.0,0.0,2,5,3,0,0,0,1,1,1,1,3,1,5,1,1,18,1,6,0,1,0,1,1,0,6,5,5,5,9
2017.0,0.0,1.0,0.0,3,10,0,0,0,0,1,5,1,1,0,0,5,1,1,20,1,6,0,0,0,1,2,0,4,4,5,3,9
2017.0,-135.0,0.0,0.0,3,6,3,0,0,0,1,1,1,1,0,0,1,1,1,6,2,6,0,0,0,1,2,0,2,7,5,8,3
2017.0,0.0,0.0,0.0,3,1,3,0,0,0,0,9,1,1,0,1,9,1,1,11,2,6,0,0,0,1,2,0,4,7,5,9,3
2017.0,-214.0,0.0,0.0,3,6,3,0,0,0,0,9,1,1,0,1,9,1,1,11,2,6,0,0,0,0,1,0,4,7,5,8,3
2017.0,-285.0,0.0,0.0,3,4,3,0,0,0,0,2,1,1,0,1,1,1,1,15,2,6,0,0,0,2,1,0,6,2,5,3,9
2017.0,20.0,0.0,0.0,3,6,3,0,0,0,1,9,1,1,0,0,9,1,1,15,2,6,0,0,0,2,1,0,4,7,5,8,3
2017.0,-650.0,1.0,0.0,2,4,3,0,0,0,1,9,1,1,0,0,1,1,1,17,2,6,0,1,0,1,1,0,6,2,5,3,9
2017.0,199.0,3.0,0.0,2,6,0,0,0,0,1,5,1,1,0,1,5,1,1,19,2,6,0,1,0,1,2,0,4,7,5,8,3
2017.0,0.0,3.0,0.0,2,4,4,0,0,0,0,5,1,1,0,0,2,1,1,20,2,6,0,0,0,1,2,0,4,2,5,3,9
2017.0,0.0,1.0,0.0,2,4,0,0,0,0,1,2,1,1,0,1,5,1,1,22,2,6,0,0,0,2,1,0,4,5,5,3,9
2017.0,0.0,0.0,0.0,3,4,3,0,0,0,0,2,1,1,0,1,6,1,1,6,3,6,0,0,0,2,0,0,4,2,5,9,9
2017.0,0.0,2.0,0.0,2,3,3,0,0,0,0,9,1,1,0,0,2,1,1,7,3,6,0,1,0,1,1,0,4,2,3,3,9
2017.0,165.0,0.0,0.0,3,6,3,0,0,0,1,5,1,1,0,0,5,1,1,8,3,6,0,1,0,2,1,0,4,7,5,8,3
2017.0,-109.0,0.0,0.0,3,6,3,0,0,0,1,2,1,1,0,0,2,1,1,13,3,6,0,0,0,0,2,0,4,7,5,8,8
2017.0,-70.0,0.0,0.0,3,1,3,0,0,0,1,2,1,1,0,0,2,1,1,15,3,6,0,0,0,2,2,0,4,9,5,3,2
2017.0,-300.0,1.0,0.0,3,4,3,0,0,0,0,5,1,1,0,1,1,1,1,17,3,6,0,1,0,1,2,0,6,2,5,3,9
2017.0,-525.0,0.0,0.0,3,4,3,0,0,0,0,2,1,1,0,1,1,1,1,18,3,6,0,1,0,2,1,0,6,2,5,3,9
2017.0,461.0,0.0,0.0,3,6,4,0,0,0,0,2,1,1,0,1,2,1,1,19,3,6,0,1,0,1,1,0,0,7,5,8,3
2017.0,114.0,3.0,0.0,2,4,1,0,0,0,1,1,1,0,0,1,9,1,1,22,3,6,0,0,0,1,1,0,6,5,5,9,3
2017.0,-178.0,3.0,1.0,0,5,0,0,0,0,1,9,1,1,3,1,8,0,1,23,3,6,0,0,0,2,1,0,6,7,5,5,3
2017.0,370.0,1.0,0.0,3,10,3,0,0,0,1,5,1,1,0,1,5,1,1,7,4,6,0,1,0,1,0,0,2,9,5,8,2
2017.0,0.0,0.0,0.0,3,1,3,0,0,0,1,1,1,1,0,1,2,1,1,8,4,6,0,1,0,2,1,0,4,2,5,9,3
2017.0,-160.0,0.0,0.0,3,10,3,0,0,0,1,9,1,1,1,1,9,1,1,9,4,6,0,1,0,1,1,0,6,5,5,6,3
2017.0,-199.0,0.0,0.0,3,4,3,0,0,0,1,3,1,1,0,1,5,1,1,13,4,6,0,0,0,1,1,0,0,2,5,3,9
2017.0,0.0,1.0,0.0,3,6,3,0,0,0,0,1,1,1,0,1,1,1,1,13,4,6,0,0,0,1,2,0,4,7,5,8,3
2017.0,10.0,1.0,0.0,2,5,3,0,0,0,1,1,1,1,3,1,2,1,1,15,4,6,0,0,0,1,1,0,4,2,5,5,9
2017.0,-122.0,3.0,0.0,3,6,3,0,0,0,1,1,1,1,0,1,1,1,1,16,4,6,0,1,0,2,1,0,4,7,5,8,3
2017.0,48.0,0.0,0.0,3,6,3,0,0,0,1,5,1,1,0,0,5,1,1,16,4,6,0,1,0,1,1,0,4,7,5,8,3
2017.0,0.0,0.0,0.0,3,6,3,0,0,0,1,6,1,1,0,1,6,1,1,10,5,6,1,0,0,1,1,0,4,7,5,9,9
2017.0,-850.0,0.0,0.0,3,6,3,0,0,0,1,1,1,1,0,0,1,1,1,10,5,6,1,0,0,0,1,0,6,7,5,8,8
2017.0,40.0,0.0,0.0,3,6,3,0,0,0,0,9,1,1,0,0,9,1,1,11,5,6,1,0,0,1,1,0,4,7,5,3,3
2017.0,22.0,0.0,0.0,3,10,3,0,0,0,0,5,1,1,0,0,5,1,1,13,5,6,1,0,0,1,1,0,6,9,5,3,3
2017.0,0.0,0.0,0.0,3,1,3,0,0,0,1,1,1,1,0,1,5,1,1,13,5,6,1,0,0,1,2,0,4,2,5,9,8
2017.0,150.0,0.0,0.0,3,6,3,0,0,0,1,2,1,1,0,1,2,1,1,13,5,6,1,0,0,1,1,0,6,7,5,8,3
2017.0,0.0,0.0,0.0,3,6,3,0,0,0,0,1,1,1,0,1,1,1,1,16,5,6,1,1,0,1,1,0,4,7,5,8,8
2017.0,0.0,0.0,0.0,3,1,3,0,0,0,1,5,1,1,0,1,1,1,1,17,5,6,1,1,0,1,0,0,4,5,5,3,3
2017.0,228.0,0.0,0.0,3,10,3,0,0,0,0,2,1,1,1,1,1,1,1,17,5,6,1,1,0,1,1,0,6,5,5,5,3
2017.0,0.0,1.0,0.0,2,4,0,0,0,0,0,1,1,1,0,1,9,1,1,23,5,6,1,0,0,1,0,0,4,5,5,3,9
2017.0,-181.0,1.0,0.0,2,6,0,0,0,0,1,5,0,1,0,1,5,1,1,0,6,6,1,0,0,2,1,0,6,7,5,6,3
2017.0,0.0,0.0,0.0,3,10,0,0,0,0,1,5,1,1,0,0,5,1,1,0,6,6,1,0,0,1,1,0,4,5,5,9,9
2017.0,1000.0,1.0,0.0,2,1,0,0,0,0,1,9,1,1,0,1,2,1,0,21,6,6,1,0,0,2,2,0,0,2,5,3,9
2017.0,50.0,0.0,0.0,3,12,3,0,0,0,2,8,1,1,1,1,8,1,1,6,0,6,0,0,0,0,1,0,4,5,5,6,5
2017.0,95.0,1.0,0.0,2,5,3,0,0,0,1,2,1,1,0,0,2,1,1,9,0,6,0,1,0,1,1,0,6,2,5,3,9
2017.0,0.0,0.0,0.0,3,1,3,0,0,0,1,9,1,1,0,0,5,1,1,11,0,6,0,0,0,2,1,0,2,2,5,3,3
2017.0,-115.0,0.0,0.0,3,6,3,0,0,0,0,1,1,1,0,1,1,1,1,12,0,6,0,0,0,0,1,0,4,7,5,8,3
2017.0,-1139.0,0.0,0.0,3,1,3,0,0,0,1,1,1,1,0,0,1,1,1,16,0,6,0,1,0,1,1,0,6,9,5,3,2
2017.0,20.0,0.0,0.0,3,8,4,0,0,0,0,1,1,1,0,0,1,1,1,19,0,6,0,1,0,2,2,0,4,9,5,3,5
2017.0,0.0,0.0,0.0,3,1,0,0,0,0,0,9,1,1,0,1,1,1,1,20,0,6,0,0,0,2,2,0,4,2,5,3,9
2017.0,0.0,0.0,0.0,3,1,0,0,0,0,1,9,1,1,0,1,2,1,1,0,1,6,0,0,0,1,0,0,4,2,5,3,3
2017.0,300.0,0.0,0.0,3,6,3,0,0,0,0,2,1,1,0,0,2,1,1,12,1,6,0,0,0,2,2,0,4,7,5,8,3
2017.0,0.0,0.0,0.0,3,1,3,0,0,0,0,2,1,1,0,0,1,1,1,14,1,6,0,0,0,1,1,0,2,2,5,3,3
2017.0,150.0,0.0,0.0,3,1,0,0,0,0,0,4,1,1,0,1,2,1,1,19,1,6,0,1,0,1,1,0,0,7,5,3,9
2017.0,1119.0,2.0,0.0,3,4,3,0,0,0,0,9,1,1,0,0,2,1,1,8,2,6,0,1,0,1,1,0,0,2,5,3,9
2017.0,70.0,0.0,0.0,3,6,3,0,0,0,1,9,1,1,0,0,9,1,1,8,2,6,0,1,0,1,1,0,4,7,5,8,3
2017.0,68.0,0.0,0.0,3,6,3,0,0,0,1,9,1,1,0,0,9,1,1,11,2,6,0,0,0,1,0,0,4,7,5,8,3
2017.0,-95.0,0.0,0.0,3,10,3,0,0,0,1,1,1,1,0,1,1,1,1,11,2,6,0,0,0,1,1,0,4,4,5,8,9
2017.0,-85.0,3.0,0.0,3,6,3,0,0,0,0,2,1,1,0,0,2,1,1,16,2,6,0,1,0,2,2,0,4,7,5,8,3
2017.0,60.0,0.0,0.0,3,10,3,0,0,0,1,1,1,1,0,0,1,1,1,17,2,6,0,1,0,1,1,0,4,9,5,3,2
2017.0,413.0,0.0,0.0,3,1,3,0,0,0,0,2,1,1,0,1,2,1,1,17,2,6,0,1,0,2,1,0,6,2,5,3,9
2017.0,10.0,0.0,0.0,3,10,3,0,0,0,0,5,1,1,0,1,5,1,1,17,2,6,0,1,0,1,1,0,4,5,5,9,3
2017.0,-190.0,0.0,0.0,3,10,3,0,0,0,0,2,1,1,0,1,2,1,1,18,2,6,0,1,0,0,1,0,4,5,5,3,3
2017.0,50.0,0.0,0.0,3,6,0,0,0,0,1,5,0,1,0,1,5,1,1,20,2,6,0,0,0,0,2,0,4,7,5,8,3
2017.0,-276.0,0.0,0.0,3,4,0,0,0,0,0,1,1,1,0,0,9,1,1,20,2,6,0,0,0,2,1,0,0,2,2,9,9
2017.0,0.0,3.0,0.0,3,4,0,0,0,0,1,1,1,1,0,1,9,1,1,21,2,6,0,0,0,1,1,0,4,2,5,3,9
2017.0,0.0,0.0,0.0,3,4,0,0,0,0,1,9,1,1,0,0,1,1,1,23,2,6,0,0,0,2,1,0,4,5,5,3,9
2017.0,0.0,0.0,0.0,3,1,3,0,0,0,0,2,1,1,0,1,9,1,1,10,3,6,0,0,0,2,1,0,4,2,5,3,3
2017.0,-290.0,0.0,0.0,3,1,3,0,0,0,1,2,1,1,0,0,1,1,1,11,3,6,0,0,0,2,2,0,0,2,5,3,9