Year,Distance,Totalinjuries,Totalfatalities,Injuryseverity,Collisionmanner,Lightcondition,Weather,SurfaceCondition,Unittype_One,Gender_Drv1,Traveldirection_One,AlcoholUse_Drv1,DrugUse_Drv1,Unittype_Two,Gender_Drv2,Traveldirection_Two,AlcoholUse_Drv2,DrugUse_Drv2,Hour,Weekday,Month,Weekend,Rush_Hour,Hazardous_Road,Age_Group_Drv1,Age_Group_Drv2,Substance_Use,Junction_Category,Violation_Category_Drv1,Violation_Category_Drv2,Unitaction_Category_Two,Unitaction_Category_One
2017.0,-89.0,1.0,0.0,3,6,3,0,0,0,1,1,1,1,0,0,1,1,1,15,3,6,0,0,0,2,1,0,4,7,5,8,3
2017.0,75.0,2.0,0.0,3,6,0,0,0,0,0,5,1,1,0,0,5,1,1,22,3,6,0,0,0,2,2,0,4,7,5,8,3
2017.0,-73.0,2.0,0.0,2,6,0,0,0,0,1,1,1,1,0,1,1,1,1,23,3,6,0,0,0,2,1,0,4,7,5,8,3
2017.0,0.0,0.0,0.0,3,1,0,0,0,0,1,5,1,1,0,1,9,1,1,3,4,6,0,0,0,2,1,0,4,2,5,3,3
2017.0,-40.0,0.0,0.0,3,6,3,0,0,0,0,1,1,1,0,1,1,1,1,5,4,6,0,0,0,1,1,0,2,7,5,8,8
2017.0,287.0,0.0,0.0,3,4,3,0,0,0,1,1,1,1,0,1,2,1,1,7,4,6,0,1,0,0,2,0,6,2,5,3,9
2017.0,-90.0,0.0,0.0,3,10,3,0,0,0,0,5,1,1,0,0,5,1,1,7,4,6,0,1,0,1,1,0,6,5,5,3,2
2017.0,10.0,1.0,0.0,1,1,3,0,0,2,1,5,1,1,0,0,5,1,1,7,4,6,0,1,0,1,2,0,4,9,5,9,3
2017.0,84.0,0.0,0.0,3,6,3,0,0,0,0,9,1,1,0,1,9,1,1,9,4,6,0,1,0,1,1,0,4,7,5,8,3
2017.0,55.0,0.0,0.0,3,10,3,0,0,0,1,5,1,1,0,0,5,1,1,11,4,6,0,0,0,1,1,0,6,9,5,3,2
2017.0,65.0,1.0,0.0,3,6,3,0,0,0,0,5,1,1,0,0,5,1,1,11,4,6,0,0,0,0,1,0,4,7,5,8,8
2017.0,-224.0,1.0,0.0,3,1,3,0,0,0,1,5,1,1,0,0,1,1,1,11,4,6,0,0,0,2,2,0,0,2,5,8,9
2017.0,120.0,0.0,0.0,3,6,3,0,0,0,2,5,1,1,0,0,5,1,1,13,4,6,0,0,0,0,0,0,4,7,5,8,8
2017.0,0.0,0.0,0.0,3,1,3,0,0,0,1,5,1,1,0,1,9,1,1,13,4,6,0,0,0,1,1,0,4,2,5,3,3
2017.0,200.0,0.0,0.0,3,6,3,0,0,0,0,9,1,1,0,1,9,1,1,15,4,6,0,0,0,1,1,0,4,7,5,8,3
2017.0,0.0,0.0,0.0,3,4,3,0,0,0,1,1,1,1,0,1,9,1,1,16,4,6,0,1,0,1,1,0,4,2,5,3,9
2017.0,0.0,1.0,0.0,3,1,3,0,0,0,1,1,1,1,0,0,5,1,1,16,4,6,0,1,0,1,0,0,4,2,5,3,3
2017.0,0.0,3.0,0.0,3,1,0,0,0,0,1,2,0,0,0,1,9,1,1,20,4,6,0,0,0,1,1,0,4,2,5,3,9
2017.0,-45.0,1.0,0.0,2,5,0,0,0,0,2,2,1,1,3,1,1,1,1,1,5,6,1,0,0,0,2,0,4,2,5,5,3
2017.0,0.0,0.0,0.0,3,1,3,0,0,0,2,5,1,1,0,0,1,1,1,11,5,6,1,0,0,0,1,0,4,7,5,3,3
2017.0,0.0,1.0,0.0,3,4,3,0,0,0,0,5,1,1,0,1,1,1,1,16,5,6,1,1,0,1,2,0,4,2,5,3,9
2017.0,0.0,0.0,0.0,3,4,0,0,0,0,0,9,1,1,0,0,1,1,1,20,5,6,1,0,0,1,2,0,2,2,5,3,9
2017.0,-90.0,0.0,0.0,3,6,0,0,0,0,1,2,1,1,0,1,2,1,1,20,5,6,1,0,0,2,2,0,4,8,5,8,3
2017.0,-227.0,0.0,1.0,0,5,0,1,0,3,1,8,1,1,0,1,1,1,0,21,5,6,1,0,0,1,2,0,6,6,5,3,5
2017.0,-50.0,0.0,0.0,3,10,0,0,0,0,1,9,1,1,0,0,9,1,1,0,6,6,1,0,0,1,1,0,6,5,5,3,8
2017.0,113.0,0.0,0.0,3,10,0,0,0,0,2,1,1,1,0,0,1,1,1,0,6,6,1,0,0,0,1,0,4,9,5,3,3
2017.0,0.0,0.0,0.0,3,10,0,0,0,0,0,2,0,1,0,1,2,1,1,0,6,6,1,0,0,2,2,0,4,7,5,9,9
2017.0,50.0,0.0,0.0,3,4,1,0,0,0,0,5,1,1,0,1,5,1,1,1,6,6,1,0,0,2,1,0,6,7,5,6,9
2017.0,27.0,0.0,0.0,3,6,3,0,0,0,1,5,1,1,0,1,5,1,1,5,6,6,1,0,0,1,1,0,6,7,5,8,3
2017.0,-125.0,1.0,0.0,3,6,3,0,0,0,1,1,1,1,0,1,1,1,1,5,6,6,1,0,0,2,1,0,6,7,5,8,3
2017.0,0.0,0.0,0.0,3,4,3,0,0,0,1,2,1,1,0,0,5,1,1,16,6,6,1,1,0,2,1,0,4,5,5,3,9
2017.0,-139.0,0.0,0.0,3,6,3,0,0,0,1,1,1,1,0,1,1,1,1,9,0,6,0,1,0,1,1,0,4,7,5,8,3
2017.0,-110.0,0.0,0.0,3,10,3,0,0,0,1,2,1,1,0,0,2,1,1,15,0,6,0,0,0,1,0,0,4,7,5,8,2
2017.0,-25.0,0.0,0.0,3,6,3,0,0,0,0,1,1,1,0,0,1,1,1,15,0,6,0,0,0,2,0,0,4,7,5,8,3
2017.0,120.0,0.0,0.0,3,6,3,0,0,0,0,9,1,1,0,1,9,1,1,15,0,6,0,0,0,1,0,0,6,7,5,8,3
2017.0,0.0,0.0,0.0,3,8,3,0,0,0,1,2,1,1,0,0,1,1,1,15,0,6,0,0,0,2,1,0,4,2,5,3,1
2017.0,668.0,1.0,0.0,3,6,3,0,0,0,1,5,1,1,0,0,5,1,1,18,0,6,0,1,0,1,0,0,3,7,5,8,3
2017.0,0.0,0.0,0.0,3,4,3,0,0,0,0,9,1,1,0,0,5,1,1,18,0,6,0,1,0,1,2,0,4,7,5,9,3
2017.0,280.0,0.0,0.0,3,6,3,0,0,0,1,1,1,0,1,1,1,1,1,7,1,6,0,1,0,2,1,0,6,5,5,6,3
2017.0,-600.0,0.0,0.0,3,6,3,0,0,0,1,2,1,1,0,1,2,1,1,7,1,6,0,1,0,2,1,0,6,7,5,8,2
2017.0,100.0,0.0,0.0,3,6,3,0,0,0,0,1,1,1,0,0,1,1,1,9,1,6,0,1,0,1,2,0,6,7,5,8,3
2017.0,0.0,2.0,0.0,2,4,3,0,0,0,0,5,1,1,0,1,9,1,1,9,1,6,0,1,0,2,1,0,4,2,5,3,9
2017.0,357.0,0.0,0.0,3,1,3,0,0,0,1,5,1,1,0,1,5,1,1,12,1,6,0,0,0,1,1,0,0,5,5,8,9
2017.0,0.0,0.0,0.0,3,4,3,0,0,0,1,1,1,1,0,1,9,1,1,12,1,6,0,0,0,2,2,0,4,2,5,3,9
2017.0,100.0,0.0,0.0,3,1,3,0,0,0,2,9,1,1,0,1,9,1,1,13,1,6,0,0,0,0,1,0,4,9,5,8,2
2017.0,30.0,0.0,0.0,3,10,3,0,0,0,1,5,1,1,0,1,5,1,1,15,1,6,0,0,0,1,2,0,2,5,5,8,3
2017.0,0.0,0.0,0.0,3,1,3,0,0,0,1,2,1,1,0,1,1,1,1,15,1,6,0,0,0,2,0,0,4,2,5,3,3
2017.0,-599.0,0.0,0.0,3,10,3,0,0,0,0,9,1,1,0,0,9,1,1,16,1,6,0,1,0,1,1,0,6,9,5,3,2
2017.0,-175.0,1.0,0.0,3,1,3,0,0,0,1,1,1,1,0,0,5,1,1,16,1,6,0,1,0,2,0,0,0,2,5,3,9
2017.0,-479.0,0.0,0.0,3,6,3,0,0,0,1,1,1,1,0,1,1,1,1,17,1,6,0,1,0,1,2,0,4,7,5,8,3
2017.0,0.0,0.0,0.0,3,4,3,0,0,0,1,2,1,1,0,1,5,1,1,17,1,6,0,1,0,1,2,0,4,2,5,3,9
2017.0,-420.0,0.0,0.0,3,9,0,0,0,0,1,2,1,1,0,1,5,1,1,21,1,6,0,0,0,1,1,0,6,9,5,3,3
2017.0,10.0,1.0,0.0,3,5,0,0,0,0,1,9,1,1,2,1,5,1,1,22,1,6,0,0,0,0,2,0,4,5,5,3,3
2017.0,-89.0,1.0,0.0,3,6,3,0,0,0,1,2,1,1,0,1,2,1,1,9,2,6,0,1,0,1,0,0,4,7,5,8,3
2017.0,-146.0,0.0,0.0,3,6,3,0,0,0,0,1,1,1,0,1,1,1,1,9,2,6,0,1,0,1,1,0,9,7,5,8,1
2017.0,-142.0,3.0,0.0,2,6,3,0,0,0,0,1,1,1,0,1,1,1,1,12,2,6,0,0,0,0,1,0,6,7,5,8,3
2017.0,240.0,0.0,0.0,3,6,3,0,0,0,1,1,1,1,0,1,1,1,1,14,2,6,0,0,0,0,1,0,0,7,5,8,3
2017.0,-121.0,2.0,0.0,2,10,3,0,0,0,1,1,1,1,0,1,1,1,1,15,2,6,0,0,0,1,1,0,4,9,5,8,3
2017.0,-602.0,2.0,0.0,1,6,3,0,0,0,1,9,1,1,0,0,9,1,1,16,2,6,0,1,0,2,1,0,6,7,5,8,3
2017.0,-648.0,0.0,0.0,3,6,3,0,0,0,0,9,1,1,0,1,9,1,1,16,2,6,0,1,0,2,2,0,6,7,5,8,3
2017.0,111.0,1.0,0.0,2,6,3,0,0,0,0,2,1,1,0,0,2,1,1,17,2,6,0,1,0,2,2,0,4,7,5,8,3
2017.0,-335.0,0.0,0.0,3,4,3,0,0,0,1,2,1,1,0,0,5,1,1,17,2,6,0,1,0,2,1,0,6,2,5,3,9
2017.0,0.0,0.0,0.0,3,4,3,0,0,0,1,2,1,1,0,0,5,1,1,17,2,6,0,1,0,1,2,0,4,2,5,3,9
2017.0,-160.0,2.0,0.0,2,6,3,0,0,0,0,9,1,1,0,0,9,1,1,8,3,6,0,1,0,1,1,0,0,7,5,8,3
2017.0,120.0,0.0,0.0,3,4,3,0,0,0,1,9,1,1,0,1,2,1,1,10,3,6,0,0,0,1,1,0,0,2,5,3,9
2017.0,-250.0,0.0,0.0,3,6,3,0,0,0,0,2,1,1,0,0,2,1,1,14,3,6,0,0,0,2,1,0,4,5,7,3,3
2017.0,0.0,0.0,0.0,3,1,3,0,0,0,1,5,1,1,0,1,5,1,1,14,3,6,0,0,0,1,1,0,4,4,5,3,9
2017.0,314.0,0.0,0.0,3,4,3,0,0,0,1,1,1,1,0,1,9,1,1,16,3,6,0,1,0,2,2,0,0,5,5,3,9
2017.0,-115.0,0.0,0.0,3,6,3,0,0,0,1,1,1,1,0,0,1,1,1,17,3,6,0,1,0,1,2,0,4,7,5,8,3
2017.0,-257.0,0.0,0.0,3,1,3,0,0,0,0,9,1,1,0,0,2,1,1,17,3,6,0,1,0,2,1,0,0,2,5,3,9
2017.0,0.0,0.0,0.0,3,6,3,0,0,0,1,2,1,1,0,0,2,1,1,17,3,6,0,1,0,0,1,0,2,7,5,8,9
2017.0,185.0,0.0,0.0,3,10,0,0,0,0,0,9,1,1,0,1,9,1,1,22,3,6,0,0,0,1,1,0,6,9,5,8,3
2017.0,53.0,2.0,0.0,3,6,3,0,0,0,0,5,1,1,0,1,5,1,1,7,4,6,0,1,0,1,0,0,4,7,5,8,3
2017.0,0.0,0.0,0.0,3,4,3,0,0,0,1,9,1,1,0,1,5,1,1,9,4,6,0,1,0,1,1,0,4,2,5,9,3
2017.0,40.0,1.0,0.0,3,6,3,0,0,0,1,1,1,1,0,1,1,1,1,14,4,6,0,0,0,2,2,0,6,7,5,6,3
2017.0,-295.0,0.0,0.0,3,6,3,0,0,0,1,1,1,1,0,0,1,1,1,17,4,6,0,1,0,1,1,0,9,7,5,8,3
2017.0,-40.0,0.0,0.0,3,6,3,0,0,0,0,1,1,1,0,0,1,1,1,17,4,6,0,1,0,1,1,0,4,7,5,3,3
2017.0,0.0,0.0,0.0,3,1,4,0,0,0,0,2,1,1,0,1,2,1,1,19,4,6,0,1,0,2,1,0,4,4,5,3,9
2017.0,0.0,0.0,0.0,3,1,4,0,0,0,1,2,0,1,0,1,9,1,1,19,4,6,0,1,0,1,1,0,4,2,5,3,9
2017.0,-155.0,0.0,0.0,3,10,0,0,0,0,0,9,1,1,0,0,9,1,1,1,5,7,1,0,0,2,2,0,6,9,5,3,2
2017.0,100.0,0.0,0.0,3,1,3,0,0,0,1,9,1,1,0,1,6,1,1,14,5,7,1,0,0,0,1,0,4,5,7,9,3
2017.0,0.0,0.0,0.0,3,10,3,0,0,0,1,5,1,1,0,0,1,1,1,15,5,7,1,0,0,2,1,0,4,2,5,9,3
2017.0,0.0,0.0,0.0,3,1,3,0,0,0,1,5,1,1,0,1,1,1,1,16,5,7,1,1,0,1,1,0,2,2,5,3,3
2017.0,15.0,0.0,0.0,3,6,0,0,0,0,2,5,1,1,0,0,5,1,1,19,5,7,1,1,0,0,1,0,4,8,5,3,3
2017.0,0.0,0.0,0.0,3,6,0,0,0,0,1,2,1,1,0,1,2,1,1,21,5,7,1,0,0,1,2,0,4,5,7,3,3
2017.0,0.0,2.0,0.0,2,1,3,0,0,0,1,1,1,1,0,1,2,1,1,10,6,7,1,0,0,1,0,0,4,2,5,3,3
2017.0,0.0,0.0,0.0,3,4,3,0,0,0,0,5,1,1,0,0,1,1,1,10,6,7,1,0,0,2,2,0,4,5,5,9,3
2017.0,-0.25,0.0,0.0,3,4,3,0,0,0,0,9,1,1,0,0,5,1,1,11,6,7,1,0,0,2,2,0,6,4,5,3,9
2017.0,590.0,0.0,0.0,3,1,3,0,0,0,0,2,1,1,0,1,1,1,1,13,6,7,1,0,0,1,2,0,6,2,5,5,9
2017.0,0.0,2.0,0.0,2,1,3,0,0,0,1,2,1,1,0,1,9,1,1,13,6,7,1,0,0,2,1,0,4,2,5,3,3
2017.0,-102.0,0.0,0.0,3,6,3,0,0,0,1,1,0,1,0,0,1,1,1,14,6,7,1,0,0,1,1,0,4,7,5,8,3
2017.0,0.0,0.0,0.0,3,4,0,0,0,0,1,2,1,1,0,1,5,1,1,21,6,7,1,0,0,1,2,0,4,2,5,3,9
2017.0,0.0,1.0,0.0,2,12,0,0,0,0,1,3,1,1,0,1,2,1,1,23,6,7,1,0,0,1,1,0,4,7,5,3,9
2017.0,175.0,0.0,0.0,3,10,3,0,0,0,0,5,1,1,0,1,5,1,1,8,0,7,0,1,0,2,0,0,4,9,5,3,2
2017.0,0.0,0.0,0.0,3,4,3,0,0,0,1,2,1,1,0,0,5,1,1,9,0,7,0,1,0,1,2,0,4,2,5,3,9
2017.0,400.0,1.0,0.0,3,6,3,0,0,0,1,5,1,1,0,1,5,1,1,13,0,7,0,0,0,1,1,0,6,7,5,8,3
2017.0,0.0,0.0,0.0,3,1,3,0,0,0,1,5,1,1,0,0,1,1,1,15,0,7,0,0,0,0,1,0,4,2,5,9,3
2017.0,112.0,0.0,0.0,3,6,3,0,0,0,1,5,1,1,0,1,5,1,1,15,0,7,0,0,0,1,2,0,4,7,5,8,3
2017.0,-128.0,0.0,0.0,3,10,3,0,0,0,0,5,1,1,0,1,5,1,1,17,0,7,0,1,0,1,2,0,6,4,5,3,9
2017.0,0.0,0.0,1.0,0,6,0,0,0,0,1,5,0,1,1,1,5,1,1,3,1,7,0,0,0,1,0,0,4,7,5,6,3
2017.0,0.0,0.0,0.0,3,4,3,0,0,0,1,9,1,1,0,0,1,1,1,8,1,7,0,1,0,2,1,0,4,5,5,3,9
2017.0,200.0,0.0,0.0,3,6,3,0,0,0,0,9,1,1,0,0,9,1,1,14,1,7,0,0,0,2,1,0,6,8,5,8,3
2017.0,0.0,1.0,0.0,1,4,3,0,0,0,1,1,1,1,0,1,9,1,1,17,1,7,0,1,0,1,2,0,4,2,5,3,9
2017.0,-56.0,0.0,0.0,3,6,0,0,0,0,1,9,1,1,0,1,9,1,1,20,1,7,0,0,0,2,1,0,4,7,5,8,3
2017.0,-35.0,0.0,0.0,3,6,0,0,0,0,1,1,1,1,0,0,1,1,1,20,1,7,0,0,0,2,2,0,6,7,5,8,8
2017.0,-60.0,0.0,0.0,3,12,0,0,0,0,2,8,1,1,1,1,8,1,1,21,1,7,0,0,0,0,1,0,6,5,5,6,5
2017.0,50.0,0.0,0.0,3,6,0,0,0,0,0,9,1,1,0,1,9,1,1,22,1,7,0,0,0,2,0,0,6,8,5,8,3
2017.0,-155.0,0.0,0.0,3,6,3,0,0,0,1,9,1,1,0,0,9,1,1,22,1,7,0,0,0,2,1,0,4,7,5,8,3
2017.0,-275.0,0.0,0.0,3,6,1,0,0,0,1,9,1,1,0,1,9,1,1,23,1,7,0,0,0,1,2,0,6,5,5,8,3
2017.0,-145.0,1.0,0.0,2,6,3,0,0,0,1,9,1,1,0,1,9,1,1,7,2,7,0,1,0,1,2,0,0,7,5,8,3
2017.0,-657.0,0.0,0.0,3,4,3,0,0,0,0,1,1,1,0,1,9,1,1,8,2,7,0,1,0,1,0,0,4,5,5,3,9
2017.0,0.0,1.0,0.0,2,1,3,0,0,0,0,1,1,1,0,1,2,1,1,8,2,7,0,1,0,2,1,0,2,2,5,3,9
2017.0,-279.0,0.0,0.0,3,5,3,0,0,0,1,2,1,1,0,0,2,1,1,12,2,7,0,0,0,1,0,0,2,5,5,8,8
2017.0,31.0,1.0,0.0,3,6,3,0,0,0,0,9,1,1,0,1,9,1,1,14,2,7,0,0,0,2,2,0,4,7,5,8,3
2017.0,0.0,0.0,0.0,3,4,3,0,0,0,1,2,1,1,0,0,5,1,1,17,2,7,0,1,0,1,1,0,4,2,5,3,9
2017.0,0.0,1.0,0.0,3,4,3,0,0,0,1,5,1,1,0,0,9,1,1,17,2,7,0,1,0,0,1,0,4,2,5,3,9
2017.0,684.0,0.0,0.0,3,6,3,0,0,0,1,9,1,1,0,0,9,1,1,17,2,7,0,1,0,2,1,0,6,7,5,3,3
2017.0,267.0,0.0,0.0,3,4,3,0,0,0,1,2,1,1,0,1,5,1,1,18,2,7,0,1,0,1,2,0,0,2,5,3,9
2017.0,-117.0,0.0,0.0,3,6,3,0,0,0,1,2,1,1,0,0,2,1,1,18,2,7,0,1,0,1,1,0,4,7,5,8,3
2017.0,0.0,2.0,0.0,2,1,3,0,0,0,0,9,1,1,0,1,2,1,1,7,3,7,0,1,0,1,1,0,4,2,7,3,3
2017.0,150.0,0.0,0.0,3,1,3,0,0,0,2,9,1,1,0,0,9,1,1,7,3,7,0,1,0,0,1,0,6,4,5,3,9
2017.0,-148.0,0.0,0.0,3,6,3,0,0,0,0,1,1,1,0,0,1,1,1,8,3,7,0,1,0,2,1,0,4,7,5,8,3
2017.0,70.0,0.0,0.0,3,4,3,0,0,0,0,2,1,1,0,1,1,1,1,12,3,7,0,0,0,1,2,0,6,2,5,3,9
2017.0,-1281.0,1.0,0.0,3,1,3,0,0,0,1,5,1,1,0,0,1,1,1,12,3,7,0,0,0,1,2,0,0,2,5,9,9
2017.0,-74.0,0.0,0.0,3,6,3,0,0,0,0,2,1,1,0,0,2,1,1,13,3,7,0,0,0,1,2,0,4,7,5,8,3
2017.0,105.0,0.0,0.0,3,6,3,0,0,0,1,9,1,1,0,0,9,1,1,14,3,7,0,0,0,1,0,0,4,7,5,8,3
2017.0,419.0,0.0,0.0,3,10,3,0,0,0,0,9,1,1,0,1,9,1,1,16,3,7,0,1,0,1,1,0,6,9,5,3,2
2017.0,-457.0,0.0,0.0,3,6,3,0,0,0,1,5,1,1,0,0,5,1,1,17,3,7,0,1,0,2,1,0,6,7,5,8,3
2017.0,0.0,0.0,0.0,3,4,3,0,0,0,0,5,1,1,0,0,9,1,1,18,3,7,0,1,0,2,2,0,4,2,5,9,9
2017.0,0.0,2.0,0.0,2,4,3,0,0,0,1,5,1,1,0,0,2,1,1,6,4,7,0,0,0,2,1,0,2,2,5,3,9
2017.0,0.0,1.0,0.0,2,4,3,0,0,0,0,9,1,1,0,1,1,1,1,11,4,7,0,0,0,2,1,0,4,2,5,3,9
2017.0,0.0,0.0,0.0,3,10,3,0,0,0,1,2,1,1,0,1,9,1,1,12,4,7,0,0,0,1,2,0,4,9,5,9,3
2017.0,-437.0,0.0,0.0,3,5,3,0,0,0,1,2,1,1,0,0,5,1,1,13,4,7,0,0,0,1,1,0,6,5,5,9,1
2017.0,1240.0,2.0,0.0,3,4,3,0,0,0,0,5,1,1,0,1,9,1,1,15,4,7,0,0,0,1,2,0,6,2,5,3,9
2017.0,0.0,1.0,0.0,2,1,3,0,0,0,1,2,1,1,0,1,1,1,1,15,4,7,0,0,0,1,1,0,2,2,5,3,3
2017.0,96.0,0.0,0.0,3,10,3,0,0,0,1,9,1,1,0,0,9,1,1,17,4,7,0,1,0,1,1,0,4,9,5,3,2
2017.0,175.0,0.0,0.0,3,10,4,1,0,0,0,5,1,1,0,1,5,1,1,17,4,7,0,1,0,2,2,0,4,9,5,3,2
2017.0,0.0,0.0,0.0,3,1,3,1,0,0,0,1,1,1,0,0,5,1,1,18,4,7,0,1,0,1,1,0,4,2,5,3,3
2017.0,-75.0,0.0,0.0,3,10,0,1,0,0,0,1,1,1,0,1,1,1,1,20,4,7,0,0,0,2,1,0,4,9,5,3,2
2017.0,-120.0,0.0,0.0,3,6,0,0,0,0,1,1,1,1,0,0,1,1,1,20,4,7,0,0,0,2,1,0,4,7,5,8,3
2017.0,-146.0,0.0,0.0,3,10,0,0,0,0,0,1,1,1,0,1,1,1,1,22,4,7,0,0,0,2,2,0,4,5,5,3,9
2017.0,-66.0,0.0,0.0,3,6,0,0,0,0,1,5,1,1,0,0,5,1,1,23,4,7,0,0,0,0,1,0,6,5,5,3,3
2017.0,74.0,0.0,0.0,3,10,0,1,0,0,1,9,1,1,0,0,9,1,1,23,4,7,0,0,0,0,0,0,4,9,5,3,3
2017.0,30.0,0.0,0.0,3,6,0,0,0,0,2,9,1,1,0,1,9,1,1,0,5,7,1,0,0,0,2,0,4,7,5,8,3
2017.0,-200.0,0.0,0.0,3,10,3,0,0,0,1,9,1,1,0,0,9,1,1,12,5,7,1,0,0,1,1,0,6,9,5,3,3
2017.0,483.0,0.0,0.0,3,6,3,0,0,0,1,1,1,1,0,0,1,1,1,13,5,7,1,0,0,1,2,0,6,7,7,3,3
2017.0,0.0,0.0,0.0,3,6,3,0,0,0,0,9,1,1,0,1,9,1,1,15,5,7,1,0,0,1,1,0,2,7,5,8,3
2017.0,0.0,2.0,1.0,0,4,3,0,0,0,1,9,0,1,0,0,1,1,1,16,5,7,1,1,0,1,0,0,4,2,5,3,9
2017.0,-70.0,0.0,0.0,3,6,3,0,0,0,0,1,1,1,0,0,1,1,1,11,6,7,1,0,0,2,1,0,4,7,5,8,3
2017.0,0.0,1.0,0.0,2,4,3,0,0,0,1,1,1,1,0,0,9,1,1,15,6,7,1,0,0,1,2,0,4,4,5,3,9
2017.0,-15.0,0.0,0.0,3,6,0,0,0,0,1,1,1,1,0,0,1,1,1,19,6,7,1,1,0,2,1,0,4,7,5,8,1
2017.0,0.0,0.0,0.0,3,3,0,0,0,0,2,9,1,1,0,1,2,1,1,20,6,7,1,0,0,0,2,0,4,5,5,3,8
2017.0,-14.0,0.0,0.0,3,10,3,0,0,0,1,5,1,1,0,0,5,1,1,5,0,7,0,0,0,1,1,0,2,2,5,3,9
2017.0,-50.0,0.0,0.0,3,6,3,0,0,0,1,1,1,1,0,1,1,1,1,6,0,7,0,0,0,1,2,0,6,7,5,3,3
2017.0,525.0,1.0,0.0,2,6,3,0,0,0,1,9,0,1,0,1,9,1,1,7,0,7,0,1,0,2,1,0,6,7,5,8,3
2017.0,-10.0,0.0,0.0,3,10,3,0,0,0,2,9,1,1,0,0,9,1,1,8,0,7,0,1,0,0,1,0,4,9,5,3,3
2017.0,50.0,0.0,0.0,3,6,3,0,0,0,0,9,1,1,0,0,9,1,1,9,0,7,0,1,0,2,0,0,4,7,5,3,3
2017.0,279.0,0.0,0.0,3,6,3,0,0,0,1,9,1,1,0,1,9,1,1,10,0,7,0,0,0,2,1,0,9,7,5,8,3
2017.0,0.0,0.0,0.0,3,1,3,0,0,0,0,2,1,1,0,1,1,1,1,11,0,7,0,0,0,2,0,0,4,2,5,3,9
2017.0,198.0,0.0,0.0,3,10,3,0,0,0,1,5,1,1,0,1,5,1,1,12,0,7,0,0,0,1,1,0,6,9,5,3,2
2017.0,13.0,0.0,0.0,3,5,3,0,0,0,1,5,1,1,0,1,5,1,1,12,0,7,0,0,0,1,1,0,2,5,5,9,9
2017.0,-138.0,2.0,0.0,3,6,3,0,0,0,1,1,1,1,0,1,1,1,1,13,0,7,0,0,0,1,1,0,2,7,5,8,3
2017.0,61.0,1.0,0.0,3,6,3,0,0,0,1,5,1,1,0,1,5,1,1,14,0,7,0,0,0,1,1,0,4,7,5,8,3
2017.0,0.0,0.0,0.0,3,4,3,0,0,0,1,1,1,1,0,0,9,1,1,15,0,7,0,0,0,1,1,0,4,5,5,9,3
2017.0,-442.0,0.0,0.0,3,10,3,0,0,0,1,1,1,1,0,1,1,1,1,16,0,7,0,1,0,2,2,0,6,7,5,3,2
2017.0,0.0,0.0,0.0,3,6,3,0,0,0,2,2,1,1,0,1,2,1,1,16,0,7,0,1,0,0,2,0,6,7,5,8,3
2017.0,0.0,0.0,0.0,3,4,0,0,0,0,0,9,1,1,0,0,1,1,1,20,0,7,0,0,0,0,1,0,4,2,5,3,9
2017.0,50.0,0.0,0.0,3,12,4,0,0,0,1,8,1,1,1,1,5,1,1,20,0,7,0,0,0,1,1,0,6,5,5,6,5
2017.0,100.0,0.0,0.0,3,6,0,0,0,0,0,5,1,1,0,0,5,1,1,21,0,7,0,0,0,0,1,0,6,7,5,8,3
2017.0,0.0,0.0,0.0,3,4,0,0,0,0,1,2,1,1,0,1,6,1,1,4,1,7,0,0,0,1,1,0,4,7,5,9,3
2017.0,-501.0,0.0,0.0,3,6,3,0,0,0,1,9,1,1,0,1,9,1,1,10,1,7,0,0,0,1,2,0,0,7,5,9,3
2017.0,410.0,1.0,0.0,2,4,3,0,0,0,1,1,1,1,0,1,2,1,1,11,1,7,0,0,0,1,1,0,0,2,5,3,9
2017.0,60.0,0.0,0.0,3,6,3,0,0,0,1,9,1,1,0,1,9,1,1,14,1,7,0,0,0,1,1,0,4,7,5,8,3
2017.0,-100.0,0.0,0.0,3,5,3,0,0,0,2,2,1,1,0,0,2,1,1,15,1,7,0,0,0,0,1,0,6,5,5,3,3
2017.0,0.0,0.0,0.0,3,4,3,0,0,0,0,2,1,1,0,1,5,1,1,15,1,7,0,0,0,1,1,0,4,2,5,3,9
2017.0,0.0,0.0,0.0,3,4,3,0,0,0,1,2,1,1,0,1,5,1,1,17,1,7,0,1,0,2,1,0,4,2,5,3,9
2017.0,85.0,1.0,0.0,2,6,3,0,0,0,1,5,1,1,0,0,5,1,1,18,1,7,0,1,0,1,1,0,4,7,5,8,3
2017.0,0.0,0.0,0.0,3,4,3,0,0,0,0,9,1,1,0,1,1,1,1,18,1,7,0,1,0,2,1,0,4,2,5,3,9
2017.0,0.0,0.0,0.0,3,12,0,0,0,0,1,2,1,1,0,1,2,1,1,22,1,7,0,0,0,1,1,0,6,9,5,3,2
2017.0,475.0,2.0,0.0,2,4,3,0,0,0,1,5,1,1,0,1,9,1,1,8,2,7,0,1,0,2,1,0,0,2,5,3,9
2017.0,-70.0,0.0,0.0,3,6,3,0,0,0,1,1,1,1,0,0,1,1,1,10,2,7,0,0,0,1,1,0,4,7,5,8,8
2017.0,0.0,0.0,0.0,3,10,3,0,0,0,1,5,1,1,0,1,5,1,1,11,2,7,0,0,0,1,0,0,4,5,5,9,9
2017.0,-60.0,0.0,0.0,3,6,0,0,0,0,1,2,1,1,0,1,2,1,1,11,2,7,0,0,0,2,2,0,4,7,5,3,3