Year,Distance,Totalinjuries,Totalfatalities,Injuryseverity,Collisionmanner,Lightcondition,Weather,SurfaceCondition,Unittype_One,Gender_Drv1,Traveldirection_One,AlcoholUse_Drv1,DrugUse_Drv1,Unittype_Two,Gender_Drv2,Traveldirection_Two,AlcoholUse_Drv2,DrugUse_Drv2,Hour,Weekday,Month,Weekend,Rush_Hour,Hazardous_Road,Age_Group_Drv1,Age_Group_Drv2,Substance_Use,Junction_Category,Violation_Category_Drv1,Violation_Category_Drv2,Unitaction_Category_Two,Unitaction_Category_One
2017.0,-23.0,0.0,0.0,3,6,3,0,0,0,0,2,1,1,0,0,2,1,1,14,2,7,0,0,0,2,1,0,4,7,5,8,9
2017.0,97.0,0.0,0.0,3,1,3,0,0,0,1,9,1,1,0,0,2,1,1,17,2,7,0,1,0,2,2,0,0,2,5,3,3
2017.0,0.0,0.0,0.0,3,4,0,0,0,0,1,7,1,1,0,0,2,1,1,20,2,7,0,0,0,0,2,0,4,2,5,3,9
2017.0,0.0,0.0,0.0,3,4,3,0,0,0,1,2,1,1,0,0,5,1,1,7,3,7,0,1,0,2,1,0,4,7,5,9,3
2017.0,0.0,1.0,0.0,1,4,3,0,0,0,0,9,1,1,0,1,1,1,1,9,3,7,0,1,0,1,2,0,4,2,5,9,3
2017.0,-143.0,0.0,0.0,3,10,3,0,0,0,1,9,1,1,0,1,9,1,1,11,3,7,0,0,0,0,0,0,6,9,5,3,2
2017.0,184.0,0.0,0.0,3,5,3,0,0,0,1,9,1,1,0,0,1,1,1,15,3,7,0,0,0,0,1,0,6,5,5,5,5
2017.0,-63.0,1.0,0.0,2,6,3,0,0,0,2,5,1,1,0,0,5,1,1,15,3,7,0,0,0,0,1,0,4,7,5,8,8
2017.0,0.0,3.0,0.0,2,4,3,0,0,0,1,5,1,1,0,0,2,1,1,15,3,7,0,0,0,1,1,0,4,2,5,3,9
2017.0,356.0,0.0,0.0,3,3,3,0,0,0,0,2,1,1,0,1,1,1,1,17,3,7,0,1,0,2,1,0,0,2,5,3,9
2017.0,-75.0,0.0,0.0,3,6,3,0,0,0,0,1,1,1,0,1,1,1,1,17,3,7,0,1,0,1,1,0,4,7,5,8,3
2017.0,0.0,1.0,0.0,2,5,0,0,0,0,2,2,1,1,2,1,1,1,1,18,3,7,0,1,0,0,2,0,4,2,5,3,8
2017.0,-175.0,1.0,0.0,3,6,3,0,0,0,1,1,1,1,0,0,1,1,1,18,3,7,0,1,0,0,1,0,6,7,5,3,3
2017.0,143.0,2.0,0.0,2,6,0,0,0,0,1,2,1,1,0,0,2,1,1,20,3,7,0,0,0,2,1,0,4,7,5,8,3
2017.0,0.0,4.0,0.0,2,1,0,0,0,0,0,5,0,1,0,0,2,1,1,23,3,7,0,0,0,2,1,0,4,2,5,3,3
2017.0,305.0,0.0,0.0,3,10,3,0,0,0,1,1,1,1,0,1,1,1,1,6,4,7,0,0,0,1,1,0,6,9,5,3,2
2017.0,-15.0,0.0,0.0,3,1,3,0,0,0,1,7,1,1,0,1,9,1,1,7,4,7,0,1,0,2,1,0,2,2,5,3,9
2017.0,-205.0,0.0,0.0,3,6,3,0,0,0,1,5,1,1,0,0,5,1,1,13,4,7,0,0,0,0,0,0,0,7,5,8,3
2017.0,-610.0,4.0,0.0,1,6,3,0,0,0,0,1,1,1,0,1,1,1,1,15,4,7,0,0,0,1,1,0,6,7,5,8,8
2017.0,-163.0,0.0,0.0,3,10,3,0,0,0,1,2,1,1,0,0,2,1,1,18,4,7,0,1,0,1,2,0,2,9,5,3,2
2017.0,0.0,0.0,0.0,3,6,3,0,0,0,1,5,1,1,0,0,5,1,1,7,5,7,1,1,0,2,0,0,2,7,5,9,9
2017.0,-30.0,0.0,0.0,3,10,3,0,0,0,1,3,1,1,0,1,3,1,1,7,5,7,1,1,0,1,2,0,2,5,5,9,9
2017.0,-78.0,0.0,0.0,3,10,3,0,0,0,1,3,1,1,0,1,1,1,1,15,5,7,1,0,0,2,1,0,6,9,5,3,2
2017.0,132.0,1.0,0.0,2,6,0,1,4,0,1,9,1,1,0,1,9,1,1,19,5,7,1,1,1,1,1,0,4,7,5,8,3
2017.0,-451.0,2.0,0.0,3,4,0,3,4,0,0,5,1,1,0,1,9,1,1,20,5,7,1,0,1,2,1,0,6,2,5,3,9
2017.0,0.0,0.0,0.0,3,6,3,0,0,0,0,9,1,1,0,0,9,1,1,10,6,7,1,0,0,2,0,0,4,2,5,3,3
2017.0,0.0,0.0,0.0,3,4,3,0,0,0,1,5,1,1,0,1,1,1,1,11,6,7,1,0,0,1,2,0,4,2,5,3,9
2017.0,0.0,0.0,0.0,3,4,3,0,0,0,1,2,1,1,0,0,9,1,1,17,6,7,1,1,0,2,1,0,4,4,5,3,9
2017.0,-15.0,0.0,0.0,3,6,3,0,0,0,1,9,1,1,0,1,9,1,1,17,6,7,1,1,0,1,1,0,6,8,5,3,3
2017.0,30.0,0.0,0.0,3,6,3,0,0,0,2,9,1,1,0,0,9,1,1,18,6,7,1,1,0,0,1,0,4,7,5,8,3
2017.0,15.0,0.0,0.0,3,6,0,1,4,0,1,2,1,1,0,0,2,1,1,21,6,7,1,0,1,2,1,0,4,7,5,8,3
2017.0,92.0,0.0,0.0,3,6,0,3,4,0,2,5,1,1,0,1,5,1,1,2,0,7,0,0,1,0,2,0,2,7,5,8,3
2017.0,-250.0,2.0,0.0,2,6,3,0,0,0,0,9,1,1,0,0,9,1,1,7,0,7,0,1,0,1,1,0,6,7,5,8,3
2017.0,75.0,0.0,0.0,3,10,3,0,4,0,1,9,1,1,0,1,9,1,1,8,0,7,0,1,1,1,1,0,4,7,5,8,2
2017.0,-80.0,1.0,0.0,1,5,3,0,0,0,1,5,1,1,3,0,1,1,1,11,0,7,0,0,0,2,1,0,4,2,5,5,5
2017.0,0.0,3.0,0.0,2,1,3,0,0,0,1,1,1,1,0,1,5,1,1,12,0,7,0,0,0,2,1,0,2,2,5,9,3
2017.0,-542.0,1.0,0.0,2,1,3,0,0,0,0,9,1,1,0,1,2,1,1,13,0,7,0,0,0,1,1,0,0,2,5,3,9
2017.0,-761.0,1.0,0.0,2,6,3,0,0,0,1,1,1,1,0,0,1,1,1,15,0,7,0,0,0,2,2,0,0,7,5,8,3
2017.0,150.0,0.0,0.0,3,1,0,0,0,0,1,2,1,1,0,0,2,1,1,21,0,7,0,0,0,1,1,0,0,9,5,3,3
2017.0,0.0,0.0,0.0,3,4,3,0,0,0,1,5,1,1,0,0,5,1,1,9,1,7,0,1,0,1,2,0,4,9,5,9,3
2017.0,480.0,0.0,0.0,3,4,3,0,0,0,1,2,1,1,0,1,5,1,1,13,1,7,0,0,0,2,1,0,6,2,5,3,9
2017.0,0.0,0.0,0.0,3,4,3,0,0,0,1,1,1,1,0,1,9,1,1,16,1,7,0,1,0,2,1,0,4,2,5,3,9
2017.0,0.0,1.0,0.0,2,4,3,3,4,0,0,9,1,1,0,0,1,1,1,17,1,7,0,1,1,2,2,0,4,2,5,3,9
2017.0,200.0,0.0,1.0,0,5,0,0,0,3,1,2,1,1,0,0,1,1,1,20,1,7,0,0,0,0,0,0,6,6,5,3,7
2017.0,90.0,0.0,0.0,3,10,0,0,0,0,1,5,0,1,1,1,8,1,1,1,2,7,0,0,0,2,1,0,6,5,5,6,1
2017.0,-485.0,0.0,0.0,3,6,3,0,0,0,1,2,1,1,0,0,2,1,1,5,2,7,0,0,0,0,1,0,6,7,5,8,3
2017.0,-564.0,0.0,0.0,3,10,3,0,0,0,1,9,1,1,0,1,9,1,1,10,2,7,0,0,0,1,1,0,0,9,5,3,9
2017.0,270.0,0.0,0.0,3,10,3,0,0,0,0,5,1,1,0,1,5,1,1,12,2,7,0,0,0,2,0,0,4,9,5,3,2
2017.0,-175.0,1.0,0.0,1,6,3,1,0,0,1,5,1,0,0,1,5,1,1,15,2,7,0,0,0,1,0,0,6,7,5,6,3
2017.0,0.0,4.0,0.0,2,4,3,0,0,0,1,3,1,1,0,1,9,1,1,17,2,7,0,1,0,1,1,0,4,2,5,3,9
2017.0,-120.0,0.0,0.0,3,6,3,0,0,0,0,2,1,1,0,0,2,1,1,17,2,7,0,1,0,1,1,0,4,7,5,8,3
2017.0,0.0,3.0,0.0,3,4,3,0,0,0,1,2,1,1,0,0,5,1,1,17,2,7,0,1,0,1,1,0,4,2,5,8,9
2017.0,-478.0,0.0,0.0,3,6,3,0,0,0,1,2,1,1,0,0,2,1,1,18,2,7,0,1,0,2,1,0,6,7,5,0,3
2017.0,802.0,2.0,0.0,3,6,4,1,0,0,1,2,1,1,0,0,2,1,1,19,2,7,0,1,0,1,1,0,6,7,5,8,3
2017.0,200.0,0.0,0.0,3,10,0,0,0,0,0,5,1,1,0,1,5,1,1,22,2,7,0,0,0,2,0,0,4,9,5,3,2
2017.0,515.0,2.0,0.0,2,3,3,0,0,0,1,1,1,1,0,1,9,1,1,7,3,7,0,1,0,1,0,0,6,7,5,3,3
2017.0,533.0,0.0,0.0,3,10,3,1,0,0,0,5,1,1,0,0,5,1,1,10,3,7,0,0,0,1,1,0,6,9,5,3,2
2017.0,0.0,0.0,0.0,3,1,3,4,0,0,1,5,1,1,0,0,9,1,1,12,3,7,0,0,0,0,1,0,4,2,5,3,9
2017.0,-175.0,0.0,0.0,3,1,3,0,0,0,1,5,1,1,0,1,9,1,1,13,3,7,0,0,0,1,1,0,0,2,5,3,9
2017.0,1669.0,1.0,0.0,2,1,3,0,0,2,1,2,1,1,0,0,9,1,1,13,3,7,0,0,0,2,2,0,6,2,5,3,7
2017.0,100.0,0.0,0.0,3,6,3,0,0,0,1,1,1,1,0,0,1,1,1,14,3,7,0,0,0,2,2,0,6,7,5,8,3
2017.0,545.0,0.0,0.0,3,1,3,0,0,0,0,1,1,1,0,1,5,1,1,15,3,7,0,0,0,2,1,0,6,2,5,3,9
2017.0,0.25,0.0,0.0,3,4,3,0,0,0,1,2,1,1,0,1,9,1,1,16,3,7,0,1,0,2,1,0,4,2,5,9,3
2017.0,325.0,0.0,0.0,3,6,3,0,0,0,0,9,1,1,0,0,9,1,1,16,3,7,0,1,0,2,1,0,4,7,5,8,2
2017.0,0.0,0.0,0.0,3,4,3,0,0,0,0,9,1,1,0,1,5,1,1,17,3,7,0,1,0,1,1,0,4,4,5,3,9
2017.0,50.0,2.0,0.0,2,1,3,0,0,0,1,5,1,1,0,0,9,1,1,17,3,7,0,1,0,1,0,0,6,2,5,8,9
2017.0,360.0,0.0,0.0,3,6,3,1,0,0,1,9,1,1,0,0,9,1,1,18,3,7,0,1,0,2,1,0,4,7,5,8,3
2017.0,95.0,0.0,0.0,3,6,3,1,0,0,0,5,1,1,0,1,5,1,1,18,3,7,0,1,0,2,1,0,4,7,5,8,8
2017.0,-93.0,0.0,0.0,3,6,3,0,0,0,0,2,1,1,0,1,5,1,1,19,3,7,0,1,0,2,1,0,4,7,5,3,3
2017.0,1300.0,0.0,0.0,3,4,0,0,0,0,0,1,1,1,0,0,5,1,1,21,3,7,0,0,0,1,2,0,0,2,5,3,9
2017.0,0.0,1.0,0.0,3,1,0,1,0,0,0,2,1,1,0,1,1,1,1,23,3,7,0,0,0,1,2,0,4,4,5,3,9
2017.0,-368.0,2.0,0.0,2,1,3,0,0,0,1,9,1,1,0,1,9,1,1,9,4,7,0,1,0,0,1,0,0,2,5,3,9
2017.0,962.0,0.0,0.0,3,10,3,0,0,0,0,2,1,1,0,0,2,1,1,13,4,7,0,0,0,1,1,0,6,9,5,3,2
2017.0,-55.0,1.0,0.0,3,6,3,0,0,0,1,2,1,1,0,1,2,1,1,14,4,7,0,0,0,1,1,0,4,7,5,8,3
2017.0,0.0,2.0,0.0,2,4,3,0,0,0,1,9,1,1,0,1,5,1,1,14,4,7,0,0,0,1,2,0,4,2,5,3,9
2017.0,-74.0,0.0,0.0,3,6,3,0,0,0,1,1,1,1,0,1,1,1,1,16,4,7,0,1,0,1,2,0,4,7,5,8,8
2017.0,-77.0,0.0,0.0,3,6,3,0,0,0,0,1,1,1,0,0,1,1,1,17,4,7,0,1,0,1,1,0,6,7,5,8,8
2017.0,38.0,0.0,0.0,3,6,3,0,0,0,1,5,1,1,0,0,5,1,1,19,4,7,0,1,0,1,1,0,4,7,5,3,3
2017.0,0.0,2.0,0.0,2,4,3,0,0,0,0,5,1,1,0,0,1,1,1,14,5,7,1,0,0,1,1,0,4,7,5,9,3
2017.0,100.0,0.0,0.0,3,6,0,0,0,0,1,9,1,1,0,0,9,1,1,22,5,7,1,0,0,2,2,0,2,7,5,8,3
2017.0,75.0,0.0,0.0,3,6,0,0,0,0,0,5,0,1,0,0,5,1,1,1,6,7,1,0,0,2,0,0,4,7,5,8,3
2017.0,700.0,2.0,0.0,3,4,0,0,0,0,1,2,1,1,0,1,5,1,1,1,6,7,1,0,0,2,1,0,0,2,5,3,9
2017.0,30.0,0.0,0.0,3,6,0,0,0,0,2,5,1,1,0,0,5,1,1,3,6,7,1,0,0,0,1,0,4,5,5,8,5
2017.0,-100.0,0.0,0.0,3,10,3,0,0,0,1,6,1,1,0,1,6,1,1,10,6,7,1,0,0,1,1,0,4,7,5,9,9
2017.0,0.0,0.0,0.0,3,5,0,3,4,0,0,9,1,1,0,0,1,1,1,20,6,7,1,0,1,1,2,0,4,2,5,3,9
2017.0,-50.0,0.0,0.0,3,6,3,0,0,0,1,2,1,1,0,1,2,1,1,6,0,7,0,0,0,1,2,0,4,7,5,3,3
2017.0,-100.0,0.0,0.0,3,6,3,3,4,0,0,2,1,1,0,1,2,1,1,7,0,7,0,1,1,1,2,0,6,7,5,8,3
2017.0,-65.0,2.0,0.0,2,6,3,3,4,0,0,2,1,1,0,0,2,1,1,9,0,7,0,1,1,1,1,0,4,7,5,8,3
2017.0,-116.0,0.0,0.0,3,6,3,0,0,0,1,1,1,1,0,1,1,1,1,15,0,7,0,0,0,1,1,0,4,7,5,8,3
2017.0,220.0,2.0,0.0,2,10,3,0,0,0,1,5,1,1,0,1,5,1,1,15,0,7,0,0,0,1,1,0,0,5,5,9,3
2017.0,0.0,1.0,0.0,3,4,3,0,0,0,0,5,1,1,0,1,9,1,1,16,0,7,0,1,0,0,1,0,4,2,5,9,3
2017.0,128.0,1.0,0.0,2,6,3,0,0,0,1,5,1,1,0,1,5,1,1,16,0,7,0,1,0,1,1,0,4,7,5,8,3
2017.0,0.0,1.0,0.0,3,1,3,0,0,0,0,9,1,1,0,0,2,1,1,17,0,7,0,1,0,1,1,0,4,2,5,3,3
2017.0,90.0,0.0,0.0,3,6,3,0,0,0,1,5,1,1,0,1,5,1,1,18,0,7,0,1,0,0,2,0,4,7,5,8,3
2017.0,0.0,0.0,0.0,3,10,0,0,0,0,1,1,1,1,0,0,5,1,1,21,0,7,0,0,0,2,1,0,4,5,5,9,2
2017.0,55.0,0.0,0.0,3,9,0,0,0,0,1,5,1,1,1,1,2,1,1,21,0,7,0,0,0,2,1,0,6,7,5,6,3
2017.0,290.0,0.0,0.0,3,1,3,0,0,0,1,2,1,1,0,0,2,1,1,6,1,7,0,0,0,2,1,0,6,4,5,3,9
2017.0,-170.0,0.0,0.0,3,10,3,1,0,0,1,2,1,1,0,1,2,1,1,12,1,7,0,0,0,1,1,0,4,9,5,3,2
2017.0,-128.0,0.0,0.0,3,10,3,0,0,0,0,1,1,1,0,1,1,1,1,12,1,7,0,0,0,1,1,0,4,9,5,3,0
2017.0,450.0,3.0,0.0,2,1,3,0,0,0,1,5,1,1,0,0,9,1,1,14,1,7,0,0,0,2,1,0,0,2,5,3,3
2017.0,80.0,1.0,0.0,3,6,3,0,0,0,0,9,1,1,0,1,9,1,1,14,1,7,0,0,0,1,1,0,4,7,5,8,3
2017.0,-277.0,2.0,0.0,2,6,3,0,0,0,1,2,1,1,0,0,2,1,1,15,1,7,0,0,0,2,1,0,0,7,5,8,3
2017.0,0.3,1.0,0.0,2,6,3,0,0,0,1,9,1,1,0,1,9,1,1,15,1,7,0,0,0,1,2,0,1,7,5,8,3
2017.0,-60.0,0.0,0.0,3,4,3,0,0,0,0,2,1,1,0,0,5,1,1,17,1,7,0,1,0,1,2,0,0,2,5,3,9
2017.0,50.0,0.0,0.0,3,6,3,0,0,0,1,9,1,1,0,0,9,1,1,18,1,7,0,1,0,2,1,0,6,7,5,3,3
2017.0,0.0,0.0,0.0,3,1,3,0,0,0,0,1,1,1,0,0,2,1,1,18,1,7,0,1,0,1,2,0,4,2,5,3,3
2017.0,-50.0,0.0,0.0,3,4,1,0,0,0,0,5,1,1,0,0,2,1,1,21,1,7,0,0,0,2,1,0,2,4,5,3,9
2017.0,0.0,0.0,0.0,3,4,3,0,0,0,0,1,1,1,0,0,9,1,1,11,2,7,0,0,0,0,1,0,2,5,5,9,3
2017.0,0.0,0.0,0.0,3,4,3,0,0,0,0,9,1,1,0,0,1,1,1,14,2,7,0,0,0,1,2,0,4,2,5,9,3
2017.0,94.0,0.0,0.0,3,10,3,0,0,0,0,1,1,1,0,1,1,1,1,15,2,7,0,0,0,2,2,0,6,9,5,3,2
2017.0,0.0,0.0,0.0,3,4,3,0,0,0,1,2,1,1,0,1,5,1,1,17,2,7,0,1,0,1,1,0,4,2,5,3,9
2017.0,100.0,0.0,0.0,3,10,3,0,0,0,2,5,1,1,0,0,5,1,1,18,2,7,0,1,0,0,1,0,6,4,5,2,2
2017.0,0.0,0.0,0.0,3,4,0,0,0,0,1,4,1,1,0,1,5,1,1,18,2,7,0,1,0,2,1,0,4,2,5,3,9
2017.0,-200.0,0.0,0.0,3,6,0,0,0,0,0,5,1,1,0,1,5,1,1,20,2,7,0,0,0,2,2,0,6,7,5,8,8
2017.0,0.0,1.0,0.0,2,1,3,0,0,0,0,5,1,1,0,0,9,1,1,10,3,7,0,0,0,2,1,0,4,2,5,3,9
2017.0,0.0,0.0,0.0,3,6,3,0,0,0,1,9,1,1,0,1,9,1,1,12,3,7,0,0,0,1,0,0,4,7,5,8,3
2017.0,0.0,0.0,0.0,3,10,3,0,0,0,1,5,1,1,0,0,5,1,1,13,3,7,0,0,0,2,2,0,2,5,5,9,9
2017.0,200.0,0.0,0.0,3,6,3,0,0,0,1,2,1,1,0,1,2,1,1,13,3,7,0,0,0,2,1,0,6,7,5,8,3
2017.0,327.0,0.0,0.0,3,1,3,0,0,0,1,2,1,1,0,1,2,1,1,16,3,7,0,1,0,1,0,0,6,5,5,8,9
2017.0,-98.0,0.0,0.0,3,6,3,0,0,0,0,2,1,1,0,1,2,1,1,17,3,7,0,1,0,2,1,0,2,7,5,8,3
2017.0,100.0,0.0,0.0,3,10,3,0,0,0,1,5,1,1,0,0,5,1,1,18,3,7,0,1,0,1,1,0,6,5,5,5,5
2017.0,30.0,0.0,0.0,3,6,0,0,0,0,1,5,1,1,0,1,5,1,1,20,3,7,0,0,0,1,2,0,4,5,5,5,5
2017.0,138.0,0.0,0.0,3,6,3,0,0,0,1,5,1,1,0,1,5,1,1,7,4,7,0,1,0,2,1,0,4,9,5,8,2
2017.0,0.0,3.0,0.0,2,1,3,0,0,0,0,9,1,1,0,0,5,1,1,12,4,7,0,0,0,1,2,0,4,2,5,3,3
2017.0,-166.0,0.0,0.0,3,6,3,0,0,0,1,2,1,1,0,0,2,1,1,12,4,7,0,0,0,1,1,0,4,9,5,3,0
2017.0,-118.0,0.0,0.0,3,6,3,0,0,0,1,1,1,1,0,1,1,1,1,12,4,7,0,0,0,1,1,0,6,7,5,8,3
2017.0,-600.0,0.0,0.0,3,10,3,0,0,0,0,1,1,1,0,1,1,1,1,12,4,7,0,0,0,2,1,0,6,7,5,8,3
2017.0,0.0,1.0,0.0,3,4,3,0,0,0,1,1,1,1,0,0,9,1,1,12,4,7,0,0,0,0,2,0,4,2,5,3,9
2017.0,0.0,0.0,0.0,3,4,3,0,0,0,0,2,1,1,0,0,1,1,1,13,4,7,0,0,0,1,1,0,4,2,5,9,3
2017.0,-200.0,0.0,0.0,3,6,3,0,0,0,1,9,1,1,0,1,9,1,1,14,4,7,0,0,0,2,2,0,6,7,5,8,3
2017.0,303.0,2.0,0.0,2,1,3,0,0,0,0,1,1,1,0,0,5,1,1,15,4,7,0,0,0,1,2,0,0,2,5,3,9
2017.0,788.0,0.0,0.0,3,6,3,0,0,0,0,5,1,1,0,0,5,1,1,16,4,7,0,1,0,2,1,0,6,7,5,8,3
2017.0,0.0,1.0,0.0,2,1,1,0,0,0,1,5,0,0,0,1,1,1,1,20,4,7,0,0,0,1,1,0,4,7,5,3,3
2017.0,0.0,1.0,0.0,2,4,0,0,0,0,0,2,1,1,0,1,5,1,1,0,5,7,1,0,0,2,2,0,2,7,7,3,9
2017.0,-227.0,0.0,0.0,3,4,3,0,0,0,1,1,1,1,0,1,1,1,1,14,6,7,1,0,0,1,1,0,6,5,5,3,9
2017.0,25.0,0.0,0.0,3,6,3,0,0,0,0,5,1,1,0,1,5,1,1,15,6,7,1,0,0,2,1,0,4,7,5,9,3
2017.0,200.0,0.0,0.0,3,10,3,0,0,0,1,9,1,1,0,1,9,1,1,15,6,7,1,0,0,2,1,0,6,2,9,2,9
2017.0,-500.0,0.0,0.0,3,6,3,0,0,0,1,1,1,1,0,0,1,1,1,18,6,7,1,1,0,2,1,0,4,7,5,8,3
2017.0,-25.0,0.0,0.0,3,4,0,0,0,0,0,1,1,1,0,0,9,1,1,22,6,7,1,0,0,2,2,0,1,2,5,9,3
2017.0,0.0,0.0,0.0,3,1,3,0,0,0,0,2,1,1,0,1,1,1,1,8,0,7,0,1,0,0,1,0,4,2,5,3,9
2017.0,100.0,0.0,0.0,3,10,3,0,0,0,0,9,1,1,0,1,9,1,1,10,0,7,0,0,0,1,1,0,6,9,5,3,2
2017.0,94.0,0.0,0.0,3,6,3,0,0,0,1,9,1,1,0,0,9,1,1,12,0,7,0,0,0,2,1,0,6,7,5,8,3
2017.0,531.0,0.0,0.0,3,6,3,0,0,0,1,9,1,1,0,0,9,1,1,14,0,7,0,0,0,2,2,0,6,7,5,8,3
2017.0,111.0,0.0,0.0,3,6,3,0,0,0,0,5,1,1,0,1,5,1,1,16,0,7,0,1,0,1,0,0,4,7,5,8,3
2017.0,-50.0,0.0,0.0,3,6,3,0,0,0,0,1,1,1,0,1,1,1,1,16,0,7,0,1,0,1,1,0,4,7,5,8,3
2017.0,-200.0,1.0,0.0,3,10,3,0,0,0,1,2,1,1,0,1,2,1,1,16,0,7,0,1,0,2,1,0,6,5,5,5,5
2017.0,200.0,0.0,0.0,3,10,3,0,0,0,2,1,1,1,0,1,1,1,1,16,0,7,0,1,0,0,2,0,6,9,5,3,2
2017.0,-100.0,0.0,0.0,3,10,3,0,0,0,1,5,1,1,0,0,5,1,1,17,0,7,0,1,0,2,1,0,6,9,5,3,3
2017.0,-158.0,2.0,0.0,3,6,3,0,0,0,0,1,1,1,0,0,1,1,1,17,0,7,0,1,0,1,1,0,6,7,5,8,3
2017.0,-100.0,0.0,0.0,3,10,3,0,0,0,1,2,1,1,0,0,2,1,1,17,0,7,0,1,0,1,2,0,6,9,9,2,2
2017.0,0.0,0.0,1.0,0,1,0,1,0,0,1,9,0,1,0,1,2,0,1,19,0,7,0,1,0,1,1,0,4,2,5,3,9
2017.0,0.0,0.0,0.0,3,1,3,1,0,0,0,9,1,1,0,0,9,1,1,6,1,8,0,0,0,1,2,0,4,4,5,3,9
2017.0,-37.0,0.0,0.0,3,10,3,0,0,0,0,2,1,1,0,0,2,1,1,13,1,8,0,0,0,1,1,0,4,9,5,9,9
2017.0,173.0,2.0,0.0,2,1,3,1,0,0,0,9,1,1,0,1,9,1,1,15,1,8,0,0,0,1,1,0,4,9,5,3,9
2017.0,-174.0,0.0,0.0,3,10,3,0,0,0,1,1,1,1,0,0,1,1,1,16,1,8,0,1,0,1,1,0,4,5,5,8,3
2017.0,-151.0,0.0,0.0,3,10,3,0,0,0,1,9,1,1,0,0,9,1,1,16,1,8,0,1,0,1,2,0,4,9,5,3,2
2017.0,87.0,1.0,0.0,3,6,3,0,0,0,0,5,1,1,0,1,5,1,1,16,1,8,0,1,0,1,1,0,4,7,5,8,3
2017.0,29.0,0.0,0.0,3,6,3,0,0,0,1,9,1,1,0,0,9,1,1,16,1,8,0,1,0,1,1,0,4,7,5,8,3
2017.0,656.0,0.0,0.0,3,1,3,0,0,0,1,1,1,1,0,1,5,1,1,17,1,8,0,1,0,1,1,0,0,2,5,3,9
2017.0,25.0,0.0,0.0,3,6,3,1,0,0,0,9,1,1,0,0,9,1,1,18,1,8,0,1,0,1,0,0,4,7,5,8,5
2017.0,-200.0,0.0,0.0,3,10,3,0,0,0,0,2,1,1,0,0,2,1,1,6,2,8,0,0,0,2,1,0,4,9,5,3,2
2017.0,80.0,0.0,0.0,3,6,3,0,0,0,1,5,1,1,0,0,5,1,1,7,2,8,0,1,0,2,1,0,4,7,5,8,3
2017.0,-278.0,0.0,0.0,3,6,3,0,0,0,1,9,1,1,1,1,9,1,1,9,2,8,0,1,0,1,1,0,6,7,5,6,3
2017.0,327.0,2.0,0.0,2,1,3,0,0,0,1,5,1,1,0,1,9,1,1,11,2,8,0,0,0,2,1,0,0,2,5,3,9
2017.0,151.0,1.0,0.0,3,4,3,0,0,0,0,2,1,1,0,1,1,1,1,12,2,8,0,0,0,1,1,0,0,2,5,3,9
2017.0,49.0,0.0,0.0,3,6,3,0,0,0,1,5,1,1,1,1,5,1,1,14,2,8,0,0,0,2,1,0,4,7,5,8,3
2017.0,-75.0,1.0,0.0,3,6,3,0,0,0,1,1,1,1,0,0,1,1,1,15,2,8,0,0,0,1,1,0,4,7,5,8,3
2017.0,-75.0,0.0,0.0,3,6,3,1,0,0,1,1,1,1,0,0,1,1,1,15,2,8,0,0,0,1,1,0,4,7,5,8,3
2017.0,0.0,0.0,0.0,3,1,3,1,0,0,1,5,1,1,0,0,9,1,1,18,2,8,0,1,0,1,1,0,4,2,5,3,9
2017.0,125.0,0.0,0.0,3,6,0,0,0,0,2,9,1,1,0,0,9,1,1,19,2,8,0,1,0,0,1,0,4,7,5,8,3
2017.0,0.0,0.0,0.0,3,1,0,0,0,0,1,8,1,1,0,1,8,1,1,0,3,8,0,0,0,1,1,0,4,5,5,9,9
2017.0,0.0,0.0,0.0,3,4,3,0,0,0,1,9,1,1,0,1,1,1,1,11,3,8,0,0,0,0,1,0,4,2,5,3,9
2017.0,-70.0,2.0,0.0,2,6,3,0,0,0,0,1,1,1,0,0,1,1,1,11,3,8,0,0,0,1,1,0,4,7,5,8,3
2017.0,0.0,0.0,0.0,3,6,3,0,0,0,0,2,1,1,0,1,2,1,1,11,3,8,0,0,0,0,1,0,4,7,5,8,3
2017.0,77.0,0.0,0.0,3,6,3,1,0,0,2,1,1,1,0,0,1,1,1,16,3,8,0,1,0,0,1,0,4,7,5,3,3
2017.0,232.0,1.0,0.0,2,1,3,1,0,0,1,1,1,1,0,1,5,1,1,16,3,8,0,1,0,2,0,0,0,2,5,3,9
2017.0,0.0,2.0,0.0,3,4,3,3,4,0,1,2,1,1,0,0,5,1,1,16,3,8,0,1,1,2,1,0,4,2,5,3,9
2017.0,-52.0,0.0,0.0,3,6,3,3,4,0,0,1,1,1,0,1,1,1,1,17,3,8,0,1,1,1,1,0,4,7,5,8,8
2017.0,-100.0,0.0,0.0,3,1,3,3,4,0,0,9,1,1,0,1,5,1,1,18,3,8,0,1,1,2,1,0,6,7,5,8,9
2017.0,5.0,0.0,0.0,3,10,3,3,4,0,1,1,1,1,0,0,1,1,1,18,3,8,0,1,1,1,1,0,4,4,5,9,9
2017.0,370.0,1.0,0.0,2,6,4,3,4,0,1,9,1,1,0,1,9,1,1,18,3,8,0,1,1,1,1,0,6,7,5,8,8
2017.0,350.0,0.0,0.0,3,6,1,3,4,0,1,1,1,1,0,1,1,1,1,19,3,8,0,1,1,2,1,0,6,7,5,8,3
2017.0,0.0,0.0,0.0,3,1,0,0,0,0,0,9,1,1,0,0,1,1,1,23,3,8,0,0,0,2,2,0,4,2,5,3,9