Year,Distance,Totalinjuries,Totalfatalities,Injuryseverity,Collisionmanner,Lightcondition,Weather,SurfaceCondition,Unittype_One,Gender_Drv1,Traveldirection_One,AlcoholUse_Drv1,DrugUse_Drv1,Unittype_Two,Gender_Drv2,Traveldirection_Two,AlcoholUse_Drv2,DrugUse_Drv2,Hour,Weekday,Month,Weekend,Rush_Hour,Hazardous_Road,Age_Group_Drv1,Age_Group_Drv2,Substance_Use,Junction_Category,Violation_Category_Drv1,Violation_Category_Drv2,Unitaction_Category_Two,Unitaction_Category_One
2017.0,0.0,0.0,0.0,3,4,3,0,0,0,0,1,1,1,0,0,2,1,1,7,4,8,0,1,0,1,1,0,4,2,5,9,9
2017.0,-300.0,0.0,0.0,3,10,3,0,0,0,0,1,1,1,0,0,1,1,1,8,4,8,0,1,0,0,0,0,6,9,5,3,2
2017.0,0.0,1.0,0.0,2,4,3,0,0,0,0,2,1,1,0,1,5,1,1,13,4,8,0,0,0,1,2,0,4,2,5,3,9
2017.0,-471.0,0.0,0.0,3,5,3,0,0,0,0,5,1,1,0,1,2,1,1,14,4,8,0,0,0,2,2,0,4,2,5,3,9
2017.0,300.0,0.0,0.0,3,4,3,0,0,0,1,9,1,1,0,1,1,1,1,15,4,8,0,0,0,1,1,0,0,2,5,3,9
2017.0,80.0,0.0,0.0,3,10,3,0,0,0,0,2,1,1,0,0,2,1,1,15,4,8,0,0,0,2,1,0,6,9,5,3,2
2017.0,30.0,0.0,0.0,3,6,3,0,0,0,1,9,1,1,0,0,9,1,1,16,4,8,0,1,0,1,1,0,4,5,5,3,3
2017.0,24.0,0.0,0.0,3,10,3,0,0,0,1,9,1,1,0,0,9,1,1,17,4,8,0,1,0,1,1,0,2,9,5,3,3
2017.0,-250.0,0.0,0.0,3,4,3,0,0,0,1,2,1,1,0,0,1,1,1,18,4,8,0,1,0,1,1,0,4,2,5,3,9
2017.0,190.0,0.0,0.0,3,10,0,0,0,0,1,1,1,0,0,1,1,1,1,2,5,8,1,0,0,2,1,0,6,9,5,3,2
2017.0,43.0,0.0,0.0,3,6,3,0,0,0,1,9,1,1,0,1,9,1,1,9,5,8,1,1,0,1,1,0,4,9,5,8,2
2017.0,600.0,0.0,0.0,3,5,3,0,0,0,1,7,0,0,0,1,1,1,1,12,5,8,1,0,0,1,1,0,6,5,5,3,9
2017.0,-140.0,0.0,0.0,3,5,3,0,0,0,2,2,1,1,1,1,5,1,1,13,5,8,1,0,0,0,1,0,6,4,5,6,9
2017.0,0.0,1.0,0.0,2,4,3,0,0,0,0,9,1,1,0,0,1,1,1,14,5,8,1,0,0,1,1,0,2,2,5,9,3
2017.0,402.0,1.0,0.0,2,6,3,0,0,0,1,5,1,1,0,0,5,1,1,15,5,8,1,0,0,0,2,0,6,7,5,8,3
2017.0,60.0,0.0,0.0,3,6,3,0,0,0,1,1,1,1,0,1,9,1,1,16,5,8,1,1,0,1,1,0,6,5,5,3,1
2017.0,654.0,0.0,0.0,3,4,0,0,0,0,0,9,0,1,0,0,1,1,1,22,5,8,1,0,0,0,1,0,0,2,5,3,9
2017.0,-5.0,2.0,0.0,2,6,0,0,0,0,1,3,1,0,0,0,3,1,1,22,5,8,1,0,0,2,1,0,2,7,5,8,3
2017.0,-377.0,5.0,0.0,3,6,3,0,0,0,0,9,1,1,0,0,9,1,1,6,6,8,1,0,0,1,1,0,6,7,5,8,3
2017.0,0.0,0.0,0.0,3,1,3,0,0,0,0,9,1,1,0,0,2,1,1,14,6,8,1,0,0,1,2,0,2,2,5,3,3
2017.0,135.0,0.0,0.0,3,10,3,0,0,0,0,5,1,1,0,0,5,1,1,14,6,8,1,0,0,0,1,0,6,9,5,3,2
2017.0,-200.0,0.0,0.0,3,6,0,0,0,0,1,2,1,1,0,1,2,1,1,22,6,8,1,0,0,2,1,0,6,8,5,8,3
2017.0,0.0,1.0,0.0,2,5,1,0,0,0,0,2,1,1,2,1,1,1,1,2,0,8,0,0,0,0,2,0,6,5,5,3,9
2017.0,-200.0,0.0,0.0,3,6,3,0,0,0,1,2,1,1,0,0,2,1,1,7,0,8,0,1,0,1,1,0,4,7,5,8,3
2017.0,-250.0,0.0,0.0,3,6,3,0,0,0,0,2,1,1,0,1,2,1,1,7,0,8,0,1,0,0,1,0,6,7,5,3,3
2017.0,-150.0,0.0,0.0,3,4,3,0,0,0,0,6,1,1,0,1,2,1,1,7,0,8,0,1,0,1,1,0,6,2,5,3,9
2017.0,-95.0,1.0,0.0,3,6,3,0,0,0,0,1,1,1,0,1,1,1,1,10,0,8,0,0,0,1,1,0,4,7,5,8,3
2017.0,170.0,0.0,0.0,3,10,3,0,0,0,0,1,1,1,0,1,1,1,1,11,0,8,0,0,0,1,2,0,6,9,5,3,2
2017.0,239.0,0.0,0.0,3,6,3,0,0,0,0,9,1,1,0,1,9,1,1,16,0,8,0,1,0,1,1,0,2,7,5,8,3
2017.0,-400.0,0.0,0.0,3,6,3,0,0,0,0,1,1,1,0,1,1,1,1,16,0,8,0,1,0,0,0,0,6,7,5,8,8
2017.0,0.0,1.0,0.0,3,5,3,0,0,0,0,9,1,1,0,0,5,1,1,18,0,8,0,1,0,1,1,0,4,2,5,3,3
2017.0,13.0,0.0,0.0,3,6,4,1,0,0,1,9,1,1,0,1,9,1,1,19,0,8,0,1,0,2,1,0,4,7,5,8,3
2017.0,-160.0,0.0,0.0,3,10,3,0,0,0,0,5,1,1,0,0,5,1,1,7,1,8,0,1,0,2,0,0,6,4,5,8,8
2017.0,285.0,0.0,0.0,3,1,3,0,0,0,1,5,1,1,0,0,9,1,1,7,1,8,0,1,0,1,1,0,4,2,5,3,9
2017.0,0.0,0.0,0.0,3,4,3,0,0,0,0,2,1,1,0,0,1,1,1,11,1,8,0,0,0,1,1,0,4,2,5,3,9
2017.0,0.0,2.0,0.0,2,1,3,0,0,0,0,2,1,1,0,1,9,1,1,12,1,8,0,0,0,2,1,0,4,2,5,9,3
2017.0,790.0,0.0,0.0,3,10,3,0,0,0,1,2,1,1,1,1,2,1,1,12,1,8,0,0,0,1,1,0,6,9,5,6,3
2017.0,623.0,2.0,0.0,1,4,3,0,0,0,1,9,1,1,0,0,1,1,1,12,1,8,0,0,0,2,1,0,6,2,5,3,9
2017.0,-60.0,0.0,0.0,3,5,3,0,3,0,2,5,1,1,1,1,8,1,1,13,1,8,0,0,0,0,1,0,6,5,5,6,1
2017.0,500.0,0.0,0.0,3,10,3,0,0,0,1,2,1,1,0,1,2,1,1,14,1,8,0,0,0,1,1,0,6,9,5,3,3
2017.0,561.0,0.0,0.0,3,1,3,0,0,0,0,2,1,1,0,0,9,1,1,15,1,8,0,0,0,2,1,0,0,2,5,3,9
2017.0,225.0,0.0,0.0,3,4,3,0,0,0,1,1,1,1,0,1,5,1,1,15,1,8,0,0,0,0,1,0,0,4,5,3,9
2017.0,35.0,0.0,0.0,3,6,3,0,0,0,0,5,1,1,0,0,5,1,1,15,1,8,0,0,0,0,2,0,4,7,5,8,3
2017.0,264.0,0.0,0.0,3,6,3,0,0,0,1,9,1,1,0,1,9,1,1,16,1,8,0,1,0,1,1,0,4,7,5,8,3
2017.0,110.0,0.0,0.0,3,6,3,0,0,0,0,2,1,1,0,1,2,1,1,7,2,8,0,1,0,1,1,0,6,7,5,8,3
2017.0,126.0,1.0,0.0,2,6,3,0,0,0,1,5,1,1,0,0,5,1,1,12,2,8,0,0,0,1,0,0,2,7,5,8,3
2017.0,0.0,0.0,0.0,3,1,3,0,0,0,1,5,1,1,0,0,1,1,1,13,2,8,0,0,0,0,2,0,4,2,5,3,3
2017.0,98.0,0.0,0.0,3,1,3,0,0,0,1,9,1,1,0,0,9,1,1,14,2,8,0,0,0,1,1,0,4,9,5,3,2
2017.0,0.0,0.0,0.0,3,4,3,0,0,0,1,4,1,1,0,1,5,1,1,15,2,8,0,0,0,1,1,0,2,2,5,3,9
2017.0,0.0,1.0,0.0,3,6,3,0,0,0,0,1,1,1,0,1,1,1,1,16,2,8,0,1,0,1,1,0,4,7,5,8,3
2017.0,-200.0,0.0,0.0,3,1,3,0,0,0,0,3,1,1,0,1,9,1,1,16,2,8,0,1,0,1,1,0,6,9,5,3,2
2017.0,103.0,0.0,0.0,3,5,3,0,0,0,1,1,1,1,0,1,9,1,1,16,2,8,0,1,0,0,1,0,4,7,5,8,1
2017.0,0.0,1.0,0.0,3,4,3,0,0,0,1,1,1,1,0,0,2,1,1,17,2,8,0,1,0,2,1,0,4,2,5,9,3
2017.0,84.0,0.0,0.0,3,6,3,0,0,0,0,1,1,1,0,1,1,1,1,17,2,8,0,1,0,2,1,0,4,7,5,8,3
2017.0,264.0,2.0,0.0,2,6,0,0,0,0,1,1,1,1,0,1,1,1,1,20,2,8,0,0,0,2,1,0,0,7,5,8,3
2017.0,-665.0,0.0,0.0,3,6,3,1,0,0,1,9,1,1,0,1,9,1,1,7,3,8,0,1,0,1,1,0,6,7,5,3,9
2017.0,-268.0,0.0,0.0,3,10,3,0,0,0,1,9,1,1,0,0,2,1,1,10,3,8,0,0,0,0,2,0,0,2,5,6,9
2017.0,-275.0,3.0,0.0,2,6,3,0,0,0,1,1,1,1,0,1,1,1,1,12,3,8,0,0,0,1,0,0,6,7,5,8,3
2017.0,-60.0,0.0,0.0,3,12,3,1,0,0,2,5,1,1,1,1,8,1,1,13,3,8,0,0,0,0,1,0,6,5,5,6,5
2017.0,-260.0,0.0,0.0,3,6,3,0,0,0,0,2,1,1,0,1,2,1,1,14,3,8,0,0,0,1,1,0,6,7,5,8,3
2017.0,-180.0,0.0,0.0,3,6,3,0,0,0,0,5,1,1,0,0,5,1,1,16,3,8,0,1,0,2,1,0,4,7,5,8,3
2017.0,-228.0,0.0,0.0,3,6,3,0,0,0,1,2,1,1,0,0,2,1,1,18,3,8,0,1,0,2,1,0,6,8,5,3,3
2017.0,0.0,0.0,0.0,3,4,3,1,0,0,0,2,1,1,0,1,5,1,1,7,4,8,0,1,0,1,1,0,4,2,5,3,9
2017.0,-140.0,0.0,0.0,3,6,3,0,0,0,1,2,1,1,0,1,2,1,1,10,4,8,0,0,0,2,1,0,4,7,5,3,3
2017.0,-484.0,1.0,0.0,2,10,3,0,0,0,1,5,1,1,0,0,5,1,1,10,4,8,0,0,0,1,1,0,6,9,5,3,2
2017.0,-539.0,2.0,0.0,2,6,3,0,0,0,1,2,1,1,0,1,2,1,1,11,4,8,0,0,0,1,1,0,0,7,5,8,3
2017.0,77.0,0.0,0.0,3,6,3,0,0,0,1,9,1,1,0,0,9,1,1,13,4,8,0,0,0,1,2,0,4,7,5,8,3
2017.0,0.0,0.0,0.0,3,1,3,4,0,0,0,7,1,1,0,1,1,1,1,15,4,8,0,0,0,1,1,0,6,2,5,3,9
2017.0,226.0,1.0,0.0,3,6,3,0,0,0,0,1,1,1,0,1,1,1,1,15,4,8,0,0,0,1,1,0,4,7,5,8,3
2017.0,-241.0,3.0,0.0,3,6,3,0,0,0,0,9,1,1,0,0,9,1,1,15,4,8,0,0,0,2,1,0,6,7,5,8,3
2017.0,0.0,0.0,0.0,3,1,3,0,0,0,0,5,1,1,0,0,9,1,1,15,4,8,0,0,0,1,1,0,4,2,5,3,9
2017.0,105.0,0.0,0.0,3,6,3,0,0,0,1,9,1,1,0,1,9,1,1,16,4,8,0,1,0,2,1,0,4,7,5,8,3
2017.0,488.0,0.0,0.0,3,1,3,0,0,0,0,4,1,1,0,1,2,1,1,16,4,8,0,1,0,0,1,0,6,4,5,3,9
2017.0,-117.0,0.0,0.0,3,6,3,0,0,0,0,2,1,1,0,1,2,1,1,16,4,8,0,1,0,2,2,0,4,7,5,8,3
2017.0,0.0,0.0,0.0,3,4,3,0,0,0,1,9,1,1,0,1,1,1,1,16,4,8,0,1,0,1,2,0,2,2,5,3,9
2017.0,0.0,0.0,0.0,3,6,3,0,0,0,1,5,1,1,0,1,5,1,1,16,4,8,0,1,0,1,2,0,2,7,5,8,3
2017.0,0.0,0.0,0.0,3,4,3,0,0,0,1,2,1,1,0,1,5,1,1,17,4,8,0,1,0,0,2,0,4,2,5,3,9
2017.0,1020.0,2.0,0.0,2,1,3,0,0,0,1,2,1,1,0,1,1,1,1,17,4,8,0,1,0,2,1,0,0,2,5,3,9
2017.0,108.0,0.0,0.0,3,6,0,0,0,0,1,1,1,1,0,0,1,1,1,19,4,8,0,1,0,1,1,0,6,7,5,3,3
2017.0,218.0,0.0,0.0,3,6,0,0,0,0,1,9,1,1,0,1,9,1,1,20,4,8,0,0,0,2,1,0,6,7,5,8,3
2017.0,-95.0,0.0,0.0,3,6,0,0,0,0,0,2,1,1,0,0,2,1,1,21,4,8,0,0,0,2,1,0,4,7,5,8,3
2017.0,0.0,0.0,0.0,3,4,3,1,0,0,1,2,1,1,0,1,5,1,1,10,5,8,1,0,0,1,1,0,4,2,5,3,9
2017.0,-56.0,0.0,0.0,3,6,3,0,0,0,0,2,1,1,0,0,2,1,1,13,5,8,1,0,0,1,1,0,4,7,5,8,3
2017.0,0.0,0.0,0.0,3,4,4,1,0,0,1,9,1,1,0,1,1,1,1,18,5,8,1,1,0,2,1,0,4,2,5,9,3
2017.0,-58.0,0.0,0.0,3,6,0,3,4,0,1,2,1,1,0,0,2,1,1,23,5,8,1,0,1,2,1,0,4,7,5,3,3
2017.0,0.0,2.0,0.0,3,1,3,0,0,0,1,5,1,1,0,0,1,1,1,7,6,8,1,1,0,1,0,0,4,5,5,3,3
2017.0,0.0,0.0,0.0,3,5,3,0,0,0,1,1,1,1,0,0,2,1,1,8,6,8,1,1,0,1,1,0,4,2,5,9,3
2017.0,-81.0,0.0,0.0,3,10,3,0,0,0,1,5,1,1,0,1,2,1,1,14,6,8,1,0,0,1,2,0,4,4,5,9,9
2017.0,-70.0,0.0,0.0,3,6,3,4,0,0,1,2,1,1,0,0,2,1,1,14,6,8,1,0,0,2,1,0,6,7,5,8,3
2017.0,-75.0,0.0,0.0,3,1,3,0,0,0,0,1,1,1,0,1,1,1,1,15,6,8,1,0,0,1,2,0,6,9,5,3,9
2017.0,64.0,1.0,0.0,3,6,0,0,0,0,1,9,1,1,0,1,9,1,1,20,6,8,1,0,0,1,1,0,4,7,5,8,3
2017.0,0.0,2.0,0.0,2,4,0,3,4,0,0,9,1,1,0,0,3,1,1,4,0,8,0,0,1,1,1,0,4,5,5,9,3
2017.0,140.0,0.0,0.0,3,10,3,0,0,0,1,1,1,1,0,0,1,1,1,8,0,8,0,1,0,1,1,0,6,9,5,3,2
2017.0,519.0,1.0,0.0,2,4,3,0,0,0,0,5,1,1,0,1,2,1,1,8,0,8,0,1,0,1,1,0,6,5,5,3,9
2017.0,112.0,0.0,0.0,3,6,3,0,0,0,1,5,1,1,0,1,5,1,1,8,0,8,0,1,0,2,1,0,4,7,5,8,3
2017.0,-50.0,1.0,0.0,2,1,3,0,0,2,1,9,1,1,0,1,2,1,1,10,0,8,0,0,0,1,2,0,4,2,5,3,3
2017.0,0.0,0.0,0.0,3,4,3,0,0,0,0,2,1,1,0,0,5,1,1,12,0,8,0,0,0,1,1,0,4,2,5,3,9
2017.0,-85.0,0.0,0.0,3,6,3,0,0,0,0,2,1,1,0,0,2,1,1,12,0,8,0,0,0,2,1,0,4,7,5,8,3
2017.0,135.0,0.0,0.0,3,10,3,0,0,0,1,2,1,1,0,1,2,1,1,12,0,8,0,0,0,2,2,0,6,9,5,3,2
2017.0,40.0,1.0,0.0,3,1,3,0,0,2,1,2,1,1,0,0,2,1,1,15,0,8,0,0,0,0,2,0,4,2,5,9,3
2017.0,0.0,0.0,0.0,3,4,3,0,0,0,1,2,1,1,0,1,5,1,1,16,0,8,0,1,0,1,2,0,4,2,5,3,9
2017.0,-70.0,0.0,0.0,3,6,3,0,0,0,1,1,1,1,0,0,1,1,1,16,0,8,0,1,0,1,1,0,6,7,5,8,3
2017.0,0.0,0.0,0.0,3,4,3,0,0,0,0,9,1,1,0,1,1,1,1,6,1,8,0,0,0,0,1,0,4,2,5,3,9
2017.0,434.0,0.0,0.0,3,6,3,0,0,0,1,1,1,1,1,1,1,1,1,7,1,8,0,1,0,1,1,0,6,7,5,6,3
2017.0,125.0,0.0,0.0,3,6,3,0,0,0,1,5,1,1,0,1,5,1,1,8,1,8,0,1,0,1,1,0,6,7,5,3,3
2017.0,0.0,0.0,0.0,3,1,3,0,0,0,0,5,1,1,0,1,9,1,1,9,1,8,0,1,0,1,1,0,4,2,5,3,9
2017.0,0.0,0.0,0.0,3,10,3,0,0,0,1,5,1,1,0,1,5,1,1,10,1,8,0,0,0,0,1,0,4,9,5,3,2
2017.0,172.0,0.0,0.0,3,1,3,0,0,0,0,2,1,1,0,1,1,1,1,14,1,8,0,0,0,2,0,0,0,2,5,3,9
2017.0,-350.0,0.0,0.0,3,6,3,0,0,0,1,1,1,1,0,0,1,1,1,14,1,8,0,0,0,1,1,0,6,7,5,8,3
2017.0,-92.0,0.0,0.0,3,6,3,0,0,0,1,1,1,1,0,0,1,1,1,14,1,8,0,0,0,1,1,0,4,7,5,8,3
2017.0,-75.0,0.0,0.0,3,6,3,0,0,0,0,1,1,1,0,1,1,1,1,16,1,8,0,1,0,1,0,0,4,7,5,8,3
2017.0,0.0,1.0,0.0,3,1,3,0,0,0,0,5,1,1,0,0,1,1,1,16,1,8,0,1,0,2,2,0,4,2,5,3,9
2017.0,455.0,0.0,0.0,3,10,3,0,0,0,1,9,1,1,0,1,9,1,1,17,1,8,0,1,0,0,1,0,0,9,5,3,2
2017.0,-190.0,0.0,0.0,3,10,3,0,0,0,0,9,1,1,0,1,2,1,1,17,1,8,0,1,0,2,1,0,6,9,5,3,2
2017.0,-98.0,0.0,0.0,3,6,3,0,0,0,0,1,1,1,0,1,1,1,1,17,1,8,0,1,0,2,1,0,4,7,5,8,3
2017.0,485.0,0.0,0.0,3,6,3,0,0,0,1,1,1,1,0,0,1,1,1,18,1,8,0,1,0,2,2,0,6,7,5,8,3
2017.0,-40.0,0.0,0.0,3,6,3,0,0,0,0,2,1,1,0,0,2,1,1,18,1,8,0,1,0,1,1,0,2,7,5,8,3
2017.0,0.0,1.0,0.0,3,4,3,0,0,0,0,5,1,1,0,1,2,1,1,19,1,8,0,1,0,2,2,0,2,2,5,9,3
2017.0,130.0,0.0,0.0,3,6,0,0,0,0,2,5,1,1,0,0,5,1,1,21,1,8,0,0,0,0,2,0,4,7,5,8,3
2017.0,-29.0,1.0,0.0,2,10,0,0,0,0,0,2,1,1,0,1,2,1,1,4,2,8,0,0,0,1,1,0,4,4,5,9,3
2017.0,220.0,1.0,0.0,2,5,3,0,0,2,1,1,1,1,0,0,5,1,1,6,2,8,0,0,0,1,1,0,6,2,5,3,7
2017.0,75.0,0.0,0.0,3,6,3,0,0,0,1,9,1,1,0,1,9,1,1,7,2,8,0,1,0,1,1,0,4,7,5,8,3
2017.0,-230.0,0.0,0.0,3,10,3,0,0,0,1,9,1,1,0,1,9,1,1,8,2,8,0,1,0,1,1,0,6,9,5,3,2
2017.0,-144.0,1.0,0.0,2,6,3,0,0,0,0,5,1,1,0,1,5,1,1,8,2,8,0,1,0,2,2,0,2,7,5,3,0
2017.0,85.0,1.0,0.0,3,6,3,0,0,0,1,5,1,1,0,1,5,1,1,9,2,8,0,1,0,0,1,0,4,7,5,3,8
2017.0,257.0,0.0,0.0,3,6,3,0,0,0,0,1,1,1,0,1,1,1,1,9,2,8,0,1,0,2,0,0,6,7,5,3,2
2017.0,0.0,0.0,0.0,3,9,3,0,0,0,1,7,1,1,0,0,3,1,1,12,2,8,0,0,0,2,0,0,4,2,2,9,9
2017.0,-86.0,1.0,0.0,3,6,3,0,0,0,1,1,1,1,0,1,1,1,1,13,2,8,0,0,0,2,1,0,4,7,5,8,3
2017.0,-144.0,0.0,0.0,3,6,3,0,0,0,1,2,1,1,0,0,2,1,1,14,2,8,0,0,0,2,2,0,4,7,5,8,8
2017.0,0.0,1.0,0.0,2,4,3,0,0,0,1,5,1,1,0,0,2,1,1,15,2,8,0,0,0,1,2,0,4,2,5,3,9
2017.0,247.0,0.0,0.0,3,4,3,0,0,0,1,1,1,1,0,0,9,1,1,16,2,8,0,1,0,0,1,0,6,2,5,3,9
2017.0,-505.0,0.0,0.0,3,4,3,0,0,0,1,2,1,1,0,1,1,1,1,16,2,8,0,1,0,1,1,0,6,2,5,3,9
2017.0,0.0,0.0,0.0,3,1,3,0,0,0,1,2,1,1,0,1,1,1,1,17,2,8,0,1,0,2,2,0,4,2,5,3,9
2017.0,0.0,2.0,0.0,2,4,3,0,0,0,0,9,1,1,0,0,1,1,1,17,2,8,0,1,0,1,0,0,4,2,5,3,9
2017.0,250.0,2.0,0.0,2,4,3,0,0,0,0,2,1,1,0,1,1,1,1,18,2,8,0,1,0,2,1,0,6,2,5,3,9
2017.0,0.0,3.0,0.0,2,4,0,0,0,0,1,9,1,1,0,1,1,1,1,20,2,8,0,0,0,2,2,0,4,2,5,3,9
2017.0,125.0,4.0,0.0,2,1,3,0,0,0,0,5,1,1,0,1,1,1,1,8,3,8,0,1,0,1,1,0,6,2,5,3,3
2017.0,100.0,0.0,0.0,3,6,3,0,0,0,0,5,1,1,0,1,5,1,1,9,3,8,0,1,0,1,1,0,6,7,5,3,3
2017.0,-24.0,1.0,0.0,2,5,3,0,0,0,1,4,1,1,2,1,9,1,1,11,3,8,0,0,0,0,2,0,4,2,9,3,9
2017.0,0.0,0.0,0.0,3,4,3,0,0,0,1,5,1,1,0,1,2,1,1,12,3,8,0,0,0,1,0,0,4,2,5,3,9
2017.0,0.0,1.0,0.0,2,4,3,0,0,0,0,2,1,1,0,0,5,1,1,14,3,8,0,0,0,2,1,0,4,2,5,3,9
2017.0,122.0,0.0,0.0,3,10,3,0,0,0,1,1,1,1,0,0,1,1,1,14,3,8,0,0,0,1,0,0,6,9,5,3,2
2017.0,0.0,0.0,0.0,3,10,3,0,0,0,1,1,1,1,0,1,1,1,1,15,3,8,0,0,0,1,1,0,4,9,5,9,9
2017.0,75.0,0.0,0.0,3,6,3,0,0,0,0,5,1,1,0,0,5,1,1,16,3,8,0,1,0,1,2,0,4,7,5,8,3
2017.0,65.0,0.0,0.0,3,6,3,0,0,0,1,5,1,1,0,0,5,1,1,16,3,8,0,1,0,1,2,0,4,7,5,8,8
2017.0,-500.0,0.0,0.0,3,5,3,0,0,0,2,8,1,1,1,1,8,1,1,18,3,8,0,1,0,0,1,0,6,5,5,6,1
2017.0,150.0,1.0,0.0,2,6,3,0,0,0,0,5,1,1,0,0,5,1,1,18,3,8,0,1,0,2,1,0,4,7,5,8,3
2017.0,0.0,2.0,0.0,2,1,0,0,0,0,1,9,1,1,0,1,5,1,1,21,3,8,0,0,0,1,1,0,4,2,5,3,3
2017.0,0.0,2.0,0.0,1,4,3,0,0,0,0,5,1,1,0,1,2,1,1,6,4,8,0,0,0,1,1,0,4,2,5,9,3
2017.0,-100.0,1.0,0.0,3,6,3,0,0,0,0,9,1,1,0,0,9,1,1,7,4,8,0,1,0,2,2,0,4,7,5,8,3
2017.0,457.0,2.0,0.0,2,1,3,0,0,0,1,5,1,1,0,0,5,1,1,8,4,8,0,1,0,0,1,0,0,4,5,9,2
2017.0,-118.0,0.0,0.0,3,10,3,0,0,0,1,1,1,1,0,0,1,1,1,10,4,8,0,0,0,0,1,0,2,9,5,3,2
2017.0,0.0,1.0,0.0,2,1,3,0,0,0,1,1,1,1,0,1,5,1,1,12,4,8,0,0,0,0,1,0,4,2,5,3,3
2017.0,-220.0,0.0,0.0,3,4,3,0,0,0,1,9,1,1,0,0,5,1,1,13,4,8,0,0,0,2,1,0,6,2,5,3,9
2017.0,0.0,0.0,0.0,3,4,3,0,0,0,1,4,1,1,0,1,5,1,1,13,4,8,0,0,0,1,1,0,4,4,5,8,9
2017.0,479.0,1.0,0.0,2,6,3,0,0,0,0,2,1,1,0,1,2,1,1,14,4,8,0,0,0,1,2,0,6,7,5,8,3
2017.0,0.0,0.0,0.0,3,4,3,0,0,0,1,4,1,1,0,0,5,1,1,15,4,8,0,0,0,2,0,0,6,4,5,3,9
2017.0,604.0,0.0,0.0,3,10,3,0,0,0,1,9,1,1,0,1,9,1,1,15,4,8,0,0,0,2,2,0,6,9,5,3,2
2017.0,-600.0,0.0,0.0,3,6,3,0,0,0,1,2,1,1,0,1,2,1,1,16,4,8,0,1,0,0,1,0,6,5,5,8,3
2017.0,502.0,1.0,0.0,2,6,3,0,0,0,0,5,1,1,0,1,5,1,1,17,4,8,0,1,0,2,1,0,4,7,5,8,3
2017.0,0.0,1.0,0.0,2,4,3,0,0,0,0,2,1,1,0,1,5,1,1,17,4,8,0,1,0,0,1,0,4,2,5,3,9
2017.0,236.0,0.0,0.0,3,6,3,0,0,0,1,2,1,1,0,0,2,1,1,18,4,8,0,1,0,1,0,0,0,7,5,8,3
2017.0,0.0,0.0,0.0,3,4,3,0,0,0,1,2,1,1,0,1,9,1,1,18,4,8,0,1,0,2,1,0,2,4,5,3,9
2017.0,0.0,1.0,0.0,3,4,4,0,0,0,1,9,1,1,0,1,5,1,1,18,4,8,0,1,0,2,1,0,4,2,5,9,3
2017.0,0.0,0.0,0.0,3,10,4,0,0,0,1,2,1,1,0,1,2,1,1,18,4,8,0,1,0,1,1,0,2,9,5,9,3
2017.0,0.0,0.0,0.0,3,4,0,0,0,0,0,9,1,1,0,1,1,1,1,19,4,8,0,1,0,2,1,0,4,2,5,3,9
2017.0,175.0,0.0,0.0,3,6,0,0,0,0,0,9,1,1,0,1,9,1,1,21,4,8,0,0,0,2,1,0,4,7,5,3,3
2017.0,0.0,1.0,0.0,2,4,3,0,0,0,1,1,1,1,0,1,9,1,1,22,4,8,0,0,0,2,1,0,4,2,5,3,9
2017.0,-75.0,0.0,0.0,3,6,0,0,0,0,1,2,1,1,0,1,2,1,1,23,4,8,0,0,0,2,2,0,4,7,5,8,3
2017.0,30.0,0.0,0.0,3,6,3,0,0,0,0,9,1,1,0,0,9,1,1,11,5,8,1,0,0,1,1,0,4,7,5,8,3
2017.0,38.0,0.0,0.0,3,9,3,0,0,0,0,5,1,1,1,1,2,1,1,13,5,8,1,0,0,1,1,0,4,7,5,6,3
2017.0,-503.0,0.0,0.0,3,6,3,0,0,0,0,2,1,1,1,1,2,1,1,15,5,8,1,0,0,0,1,0,6,7,5,6,3
2017.0,68.0,0.0,0.0,3,1,3,0,0,0,1,9,1,1,0,0,9,1,1,15,5,8,1,0,0,1,1,0,4,9,5,3,2
2017.0,0.0,3.0,0.0,2,4,3,0,0,0,1,9,1,1,0,1,1,1,1,17,5,8,1,1,0,0,1,0,4,2,5,3,9
2017.0,439.0,0.0,0.0,3,4,3,0,0,0,1,2,1,1,0,0,9,1,1,17,5,8,1,1,0,2,0,0,6,2,5,3,9
2017.0,-286.0,0.0,0.0,3,1,0,0,0,0,1,5,1,1,0,0,5,1,1,20,5,8,1,0,0,2,2,0,6,9,5,3,2
2017.0,283.0,1.0,0.0,2,4,0,0,0,1,1,1,1,1,0,0,5,1,1,23,5,8,1,0,0,1,1,0,6,7,5,3,9
2017.0,0.0,0.0,0.0,3,4,0,0,0,0,0,6,1,1,0,1,9,1,1,18,6,8,1,1,0,1,1,0,6,2,5,3,9
2017.0,-45.0,0.0,0.0,3,12,4,0,0,0,0,5,1,1,0,0,5,1,1,19,6,8,1,1,0,1,1,0,4,4,5,3,9
2017.0,75.0,1.0,0.0,3,10,3,0,0,0,0,5,1,1,0,1,5,1,1,7,0,8,0,1,0,2,1,0,4,2,5,2,3
2017.0,68.0,0.0,0.0,3,6,3,0,0,0,1,0,1,1,0,0,0,1,1,7,0,8,0,1,0,1,2,0,4,7,5,8,3
2017.0,-100.0,0.0,0.0,3,6,3,0,0,0,1,1,1,1,0,0,1,1,1,7,0,8,0,1,0,0,1,0,2,5,5,8,3
2017.0,380.0,0.0,0.0,3,6,3,1,0,0,1,9,1,1,0,0,9,1,1,8,0,8,0,1,0,2,2,0,6,7,5,8,8