Year,Distance,Totalinjuries,Totalfatalities,Injuryseverity,Collisionmanner,Lightcondition,Weather,SurfaceCondition,Unittype_One,Gender_Drv1,Traveldirection_One,AlcoholUse_Drv1,DrugUse_Drv1,Unittype_Two,Gender_Drv2,Traveldirection_Two,AlcoholUse_Drv2,DrugUse_Drv2,Hour,Weekday,Month,Weekend,Rush_Hour,Hazardous_Road,Age_Group_Drv1,Age_Group_Drv2,Substance_Use,Junction_Category,Violation_Category_Drv1,Violation_Category_Drv2,Unitaction_Category_Two,Unitaction_Category_One
2017.0,-146.0,0.0,0.0,3,6,3,0,0,0,0,1,1,1,0,0,1,1,1,11,0,8,0,0,0,2,1,0,4,7,5,8,3
2017.0,64.0,0.0,0.0,3,6,3,0,0,0,1,9,1,1,0,0,9,1,1,11,0,8,0,0,0,1,1,0,4,7,5,8,3
2017.0,-460.0,0.0,0.0,3,10,3,0,0,0,1,9,1,1,0,1,9,1,1,12,0,8,0,0,0,1,0,0,0,5,5,9,9
2017.0,558.0,0.0,0.0,3,6,3,0,0,0,1,1,1,1,0,0,1,1,1,12,0,8,0,0,0,1,2,0,6,7,5,8,3
2017.0,196.0,2.0,0.0,3,4,3,0,0,0,0,9,1,1,0,1,1,1,1,13,0,8,0,0,0,0,1,0,6,2,5,3,9
2017.0,-125.0,0.0,0.0,3,6,3,0,0,0,1,2,1,1,0,1,2,1,1,13,0,8,0,0,0,2,1,0,4,7,5,8,3
2017.0,0.0,0.0,0.0,3,6,3,0,0,0,1,2,1,1,0,1,2,1,1,15,0,8,0,0,0,2,2,0,4,7,5,8,3
2017.0,0.0,0.0,0.0,3,4,3,0,0,0,0,3,1,1,0,1,8,1,1,15,0,8,0,0,0,2,1,0,4,2,5,3,9
2017.0,150.0,1.0,0.0,3,10,0,0,0,0,1,5,1,1,0,1,5,1,1,21,0,8,0,0,0,2,2,0,4,9,5,3,2
2017.0,277.0,0.0,0.0,3,6,3,0,0,0,1,2,1,1,0,0,2,1,1,8,1,8,0,1,0,1,1,0,9,7,5,8,3
2017.0,198.0,1.0,0.0,3,4,3,0,0,0,0,9,1,1,0,0,2,1,1,8,1,8,0,1,0,2,1,0,4,2,5,3,9
2017.0,-407.0,1.0,0.0,3,4,3,0,0,0,1,9,1,1,0,0,1,1,1,10,1,8,0,0,0,1,1,0,6,2,5,3,9
2017.0,0.0,0.0,0.0,3,6,3,0,0,0,1,9,1,1,0,1,9,1,1,11,1,8,0,0,0,1,1,0,4,7,5,8,3
2017.0,0.0,2.0,0.0,2,1,3,0,0,0,1,9,1,1,0,1,2,1,1,11,1,8,0,0,0,2,1,0,4,2,5,3,3
2017.0,0.0,0.0,0.0,3,6,3,0,0,0,1,5,1,1,0,0,5,1,1,11,1,8,0,0,0,1,2,0,4,7,5,8,3
2017.0,-291.0,0.0,0.0,3,5,3,0,0,0,1,5,1,1,0,0,2,1,1,13,1,8,0,0,0,1,1,0,6,5,5,8,1
2017.0,0.0,1.0,0.0,1,4,3,0,0,0,1,1,1,1,0,0,9,1,1,14,1,8,0,0,0,1,1,0,4,2,5,3,9
2017.0,0.0,3.0,0.0,2,4,3,0,0,0,0,1,1,1,0,0,9,1,1,14,1,8,0,0,0,1,1,0,4,7,5,9,3
2017.0,55.0,0.0,0.0,3,10,3,0,0,0,0,1,1,1,0,1,1,1,1,15,1,8,0,0,0,0,1,0,4,9,5,3,2
2017.0,-250.0,0.0,0.0,3,6,3,0,0,0,1,1,1,1,0,0,1,1,1,16,1,8,0,1,0,1,1,0,6,7,5,8,3
2017.0,-300.0,0.0,0.0,3,6,3,0,0,0,1,2,1,1,0,0,2,1,1,17,1,8,0,1,0,1,2,0,6,7,5,3,3
2017.0,0.0,0.0,0.0,3,1,3,0,0,0,1,2,1,1,0,0,1,1,1,17,1,8,0,1,0,1,1,0,2,2,5,3,3
2017.0,-341.0,0.0,0.0,3,1,3,0,0,0,1,1,1,1,0,1,2,1,1,17,1,8,0,1,0,1,1,0,6,2,5,3,9
2017.0,0.0,0.0,0.0,3,4,3,4,0,0,0,6,1,1,0,0,6,1,1,19,1,8,0,1,0,2,2,0,4,2,5,9,9
2017.0,-455.0,0.0,0.0,3,4,3,0,0,0,0,5,1,1,0,1,9,1,1,8,2,8,0,1,0,1,1,0,0,2,5,3,9
2017.0,84.0,1.0,0.0,2,10,3,0,0,0,0,1,1,1,0,1,1,1,1,8,2,8,0,1,0,2,1,0,4,9,5,3,0
2017.0,174.0,0.0,0.0,3,6,3,0,0,0,1,5,1,1,0,0,5,1,1,10,2,8,0,0,0,1,2,0,4,7,5,8,3
2017.0,-215.0,0.0,0.0,3,10,3,0,0,0,1,9,1,1,0,0,9,1,1,11,2,8,0,0,0,1,1,0,6,5,5,8,3
2017.0,0.0,0.0,0.0,3,10,3,0,0,0,1,2,1,1,0,0,2,1,1,14,2,8,0,0,0,0,1,0,4,3,5,9,3
2017.0,0.0,0.0,0.0,3,4,3,0,0,0,1,2,1,1,0,1,5,1,1,16,2,8,0,1,0,2,2,0,2,2,5,3,9
2017.0,139.0,0.0,0.0,3,1,3,0,0,0,0,9,1,1,0,1,5,1,1,16,2,8,0,1,0,1,1,0,0,2,5,3,9
2017.0,73.0,0.0,0.0,3,6,3,1,0,0,0,1,1,1,0,1,1,1,1,17,2,8,0,1,0,1,1,0,4,7,5,8,3
2017.0,0.0,0.0,0.0,3,4,3,2,0,0,0,5,1,1,0,0,1,1,1,17,2,8,0,1,0,2,1,0,4,2,5,9,3
2017.0,0.0,0.0,0.0,3,4,3,1,0,0,1,2,1,1,0,1,5,1,1,18,2,8,0,1,0,1,2,0,4,2,5,3,9
2017.0,-257.0,3.0,0.0,2,6,4,2,0,0,0,1,1,1,0,0,1,1,1,18,2,8,0,1,0,2,1,0,6,7,5,8,3
2017.0,-120.0,0.0,0.0,3,6,0,3,4,0,1,1,1,1,0,1,1,1,1,19,2,8,0,1,1,2,1,0,4,7,5,8,3
2017.0,-350.0,0.0,0.0,3,1,1,1,0,0,1,5,1,1,0,1,9,1,1,20,2,8,0,0,0,2,2,0,6,5,2,3,7
2017.0,0.0,0.0,0.0,3,4,0,3,4,0,0,9,1,1,0,0,1,1,1,20,2,8,0,0,1,1,1,0,3,2,5,3,9
2017.0,0.0,1.0,0.0,2,4,0,3,4,0,0,5,1,1,0,0,2,1,1,20,2,8,0,0,1,1,1,0,4,2,5,3,9
2017.0,66.0,1.0,0.0,2,3,0,3,4,0,0,2,1,1,0,1,9,1,1,22,2,8,0,0,1,2,1,0,4,7,5,8,9
2017.0,100.0,2.0,0.0,2,6,3,0,0,0,0,9,1,1,0,0,9,1,1,6,3,8,0,0,0,1,1,0,4,7,5,8,3
2017.0,100.0,1.0,0.0,3,6,3,0,0,0,1,9,1,1,0,0,9,1,1,7,3,8,0,1,0,1,1,0,4,7,5,8,3
2017.0,0.0,2.0,0.0,3,4,3,0,0,0,1,5,1,1,0,0,2,1,1,7,3,8,0,1,0,1,1,0,4,2,5,3,9
2017.0,0.0,0.0,0.0,3,1,3,0,0,0,1,2,1,1,0,0,1,1,1,7,3,8,0,1,0,2,1,0,4,2,5,3,3
2017.0,0.0,1.0,0.0,3,4,3,0,0,0,1,2,1,1,0,0,5,1,1,8,3,8,0,1,0,2,2,0,4,2,5,3,9
2017.0,-316.0,0.0,0.0,3,6,3,0,0,0,1,2,1,1,0,0,2,1,1,8,3,8,0,1,0,2,2,0,4,7,5,8,3
2017.0,-411.0,0.0,0.0,3,10,3,0,0,0,1,2,1,1,0,1,2,1,1,9,3,8,0,1,0,0,1,0,4,7,5,8,2
2017.0,84.0,0.0,0.0,3,6,3,0,0,0,0,5,1,1,0,0,5,1,1,9,3,8,0,1,0,2,0,0,4,7,5,8,3
2017.0,-120.0,0.0,0.0,3,6,3,0,0,0,0,2,1,1,0,1,2,1,1,10,3,8,0,0,0,1,0,0,6,7,5,8,3
2017.0,-85.0,0.0,0.0,3,6,3,0,0,0,0,1,1,1,0,1,1,1,1,11,3,8,0,0,0,1,1,0,6,7,5,8,3
2017.0,-298.0,0.0,0.0,3,10,3,0,0,0,1,9,1,1,1,1,9,1,1,12,3,8,0,0,0,0,1,0,6,4,5,6,9
2017.0,0.0,0.0,0.0,3,10,3,0,0,0,0,1,1,1,0,0,1,1,1,13,3,8,0,0,0,2,1,0,4,4,5,3,9
2017.0,1000.0,2.0,0.0,2,1,3,0,0,0,1,5,1,1,0,0,5,1,1,14,3,8,0,0,0,1,1,0,6,9,5,3,2
2017.0,200.0,0.0,0.0,3,1,3,0,0,0,1,9,1,1,0,1,5,1,1,15,3,8,0,0,0,1,1,0,0,2,5,3,5
2017.0,0.0,1.0,0.0,1,4,3,0,0,0,1,5,0,1,0,1,1,1,1,16,3,8,0,1,0,1,1,0,4,4,5,3,9
2017.0,-189.0,0.0,0.0,3,6,3,0,0,0,1,5,1,1,0,0,5,1,1,16,3,8,0,1,0,0,1,0,6,7,5,8,3
2017.0,35.0,0.0,0.0,3,6,3,0,0,0,1,2,1,1,0,1,2,1,1,16,3,8,0,1,0,2,0,0,6,7,5,3,3
2017.0,-136.0,0.0,0.0,3,10,3,0,0,0,1,1,1,1,0,1,1,1,1,16,3,8,0,1,0,2,1,0,4,7,5,8,2
2017.0,0.19,0.0,0.0,3,6,3,0,0,0,1,9,1,1,0,0,9,1,1,17,3,8,0,1,0,1,1,0,4,7,5,8,3
2017.0,0.0,0.0,0.0,3,1,3,0,0,0,1,2,1,1,0,1,1,1,1,17,3,8,0,1,0,2,1,0,4,2,5,3,9
2017.0,0.0,1.0,0.0,3,4,0,0,0,0,0,1,1,1,0,1,9,1,1,19,3,8,0,1,0,2,2,0,4,2,5,3,9
2017.0,0.0,0.0,0.0,3,1,0,3,0,0,1,9,1,1,0,1,2,1,1,20,3,8,0,0,0,1,0,0,4,2,5,3,9
2017.0,-167.0,2.0,0.0,3,1,0,0,0,0,0,1,1,1,0,1,5,1,1,20,3,8,0,0,0,2,2,0,4,2,5,3,9
2017.0,0.0,2.0,0.0,3,1,0,0,0,0,1,9,1,1,0,0,1,1,1,21,3,8,0,0,0,2,2,0,2,5,5,3,9
2017.0,-467.0,0.0,0.0,3,10,0,0,0,0,1,9,0,1,0,1,9,1,1,22,3,8,0,0,0,2,2,0,6,9,5,3,2
2017.0,-35.0,0.0,0.0,3,10,0,0,0,0,1,5,1,1,0,1,5,1,1,4,4,8,0,0,0,1,1,0,6,5,5,9,9
2017.0,154.0,0.0,0.0,3,1,3,0,0,0,0,3,1,1,0,1,1,1,1,6,4,8,0,0,0,2,0,0,3,2,5,2,9
2017.0,66.0,1.0,0.0,3,6,3,0,0,0,0,9,1,1,0,1,9,1,1,7,4,8,0,1,0,1,1,0,4,7,5,8,8
2017.0,-142.0,2.0,0.0,2,6,3,0,0,0,0,2,1,1,0,0,2,1,1,10,4,8,0,0,0,2,2,0,4,7,5,8,3
2017.0,-115.0,0.0,0.0,3,1,3,0,0,0,0,1,1,1,0,0,5,1,1,10,4,8,0,0,0,1,2,0,4,5,5,3,9
2017.0,311.0,0.0,0.0,3,10,3,0,0,0,1,5,1,1,0,0,5,1,1,11,4,8,0,0,0,0,2,0,6,5,5,5,5
2017.0,0.0,0.0,0.0,3,6,3,0,0,0,1,2,1,1,0,1,2,1,1,12,4,8,0,0,0,1,1,0,4,7,5,8,8
2017.0,-240.0,2.0,0.0,2,1,3,0,0,0,1,9,1,1,0,1,2,1,1,13,4,8,0,0,0,0,1,0,0,2,5,3,9
2017.0,-77.0,0.0,0.0,3,6,3,0,0,0,0,9,1,1,0,1,9,1,1,13,4,8,0,0,0,2,1,0,4,7,5,8,3
2017.0,740.0,0.0,0.0,3,6,3,0,0,0,1,2,1,1,0,0,2,1,1,14,4,8,0,0,0,2,2,0,6,5,5,8,3
2017.0,-250.0,0.0,0.0,3,6,3,0,0,0,1,5,1,1,0,1,5,1,1,14,4,8,0,0,0,2,1,0,2,9,5,3,2
2017.0,0.0,0.0,0.0,3,10,3,0,0,0,0,5,1,1,0,1,5,1,1,14,4,8,0,0,0,2,1,0,4,2,5,9,9
2017.0,0.0,0.0,0.0,3,1,3,0,0,0,0,9,1,1,0,0,5,1,1,14,4,8,0,0,0,1,1,0,4,2,5,3,3
2017.0,0.0,3.0,0.0,3,4,3,0,0,0,1,2,1,1,0,1,5,1,1,16,4,8,0,1,0,2,2,0,4,2,5,3,9
2017.0,0.0,0.0,0.0,3,10,3,0,0,0,0,5,1,1,0,0,5,1,1,17,4,8,0,1,0,1,1,0,4,5,5,9,9
2017.0,0.5,0.0,0.0,3,10,3,3,0,0,1,9,1,1,0,1,9,1,1,17,4,8,0,1,0,2,2,0,6,9,5,3,2
2017.0,0.0,0.0,0.0,3,1,3,0,0,0,1,9,1,1,0,1,5,1,1,17,4,8,0,1,0,2,1,0,4,2,5,3,3
2017.0,-75.0,0.0,0.0,3,6,3,0,0,0,1,5,1,1,0,1,5,1,1,17,4,8,0,1,0,1,2,0,6,7,5,8,3
2017.0,-74.0,4.0,0.0,2,4,4,0,0,0,1,5,1,1,0,1,9,1,1,18,4,8,0,1,0,2,2,0,4,2,5,3,9
2017.0,25.0,0.0,0.0,3,6,0,0,0,0,1,9,1,1,0,0,9,1,1,20,4,8,0,0,0,2,1,0,4,7,5,3,3
2017.0,-175.0,0.0,0.0,3,6,0,0,0,0,1,2,1,1,0,1,2,1,1,23,4,8,0,0,0,2,2,0,4,7,5,8,3
2017.0,-88.0,0.0,0.0,3,6,3,0,0,0,1,1,1,1,0,1,1,1,1,11,5,8,1,0,0,0,0,0,4,7,5,8,3
2017.0,-400.0,0.0,0.0,3,4,3,0,0,0,0,9,1,1,0,1,1,1,1,11,5,8,1,0,0,1,2,0,6,4,5,3,9
2017.0,100.0,1.0,0.0,3,6,3,0,0,0,1,9,1,1,0,0,9,1,1,12,5,8,1,0,0,2,2,0,6,8,5,8,3
2017.0,-513.0,0.0,0.0,3,4,0,0,0,0,1,5,1,1,0,0,9,1,1,19,5,8,1,1,0,2,2,0,6,2,5,3,9
2017.0,550.0,0.0,0.0,3,4,0,0,0,0,1,1,1,1,0,1,5,1,1,19,5,8,1,1,0,2,1,0,0,2,5,3,9
2017.0,0.25,0.0,0.0,3,6,0,0,0,0,0,2,1,1,0,1,2,1,1,22,5,8,1,0,0,1,2,0,4,7,5,8,3
2017.0,-200.0,0.0,0.0,3,12,1,0,0,0,2,8,1,1,0,0,8,1,1,22,5,8,1,0,0,0,1,0,6,5,5,6,1
2017.0,0.0,0.0,0.0,3,4,0,0,0,0,0,9,1,1,0,1,1,1,1,0,6,8,1,0,0,2,2,0,4,2,5,3,9
2017.0,0.0,0.0,0.0,3,4,3,1,0,0,1,9,1,1,0,0,4,1,1,10,6,8,1,0,0,2,1,0,4,4,5,3,9
2017.0,-26.0,3.0,0.0,2,1,3,0,0,0,1,5,1,1,0,0,1,1,1,13,6,8,1,0,0,1,0,0,2,2,5,3,3
2017.0,0.0,0.0,0.0,3,1,3,0,0,0,1,9,1,1,0,1,5,1,1,16,6,8,1,1,0,1,0,0,4,2,5,9,3
2017.0,-50.0,3.0,0.0,3,10,4,0,0,0,0,5,0,1,0,0,5,1,1,18,6,8,1,1,0,1,1,0,6,7,5,3,3
2017.0,-10.0,0.0,0.0,3,6,0,0,0,0,0,2,1,1,0,0,2,1,1,18,6,8,1,1,0,2,2,0,6,8,8,3,3
2017.0,20.0,0.0,0.0,3,3,3,0,0,0,0,1,1,1,0,0,9,1,1,19,6,8,1,1,0,1,1,0,4,9,5,9,3
2017.0,0.0,0.0,0.0,3,1,3,0,0,0,0,5,1,1,0,1,1,1,1,7,0,8,0,1,0,0,0,0,0,2,5,3,8
2017.0,70.0,2.0,0.0,2,3,3,0,0,0,1,5,1,1,0,0,2,1,1,8,0,8,0,1,0,1,1,0,6,9,5,3,3
2017.0,0.0,1.0,0.0,2,1,3,0,0,0,1,9,1,1,0,1,2,1,1,8,0,8,0,1,0,1,1,0,4,2,5,3,3
2017.0,0.0,0.0,0.0,3,4,3,0,0,0,1,6,1,1,0,0,2,1,1,8,0,8,0,1,0,1,2,0,4,4,5,3,9
2017.0,-90.0,0.0,0.0,3,10,3,0,0,0,1,1,1,1,0,1,1,1,1,9,0,8,0,1,0,0,1,0,4,9,5,8,9
2017.0,-310.0,0.0,0.0,3,6,3,0,0,0,1,2,1,1,0,0,2,1,1,13,0,8,0,0,0,0,2,0,6,7,5,8,3
2017.0,320.0,0.0,0.0,3,6,3,0,0,0,1,1,1,1,0,1,1,1,1,13,0,8,0,0,0,2,1,0,0,7,5,8,3
2017.0,-35.0,0.0,0.0,3,6,3,0,0,0,1,2,1,1,0,0,2,1,1,13,0,8,0,0,0,1,2,0,4,5,5,8,3
2017.0,90.0,0.0,0.0,3,6,3,0,0,0,0,9,1,1,0,1,9,1,1,14,0,8,0,0,0,1,2,0,4,7,5,8,3
2017.0,0.0,0.0,0.0,3,1,3,0,0,0,1,9,0,1,0,0,5,1,1,14,0,8,0,0,0,1,0,0,4,2,5,3,3
2017.0,-170.0,3.0,0.0,1,6,3,0,0,0,1,1,1,1,0,1,1,1,1,15,0,8,0,0,0,1,1,0,4,7,5,8,3
2017.0,50.0,0.0,0.0,3,6,4,0,0,0,0,1,1,1,0,1,1,1,1,17,0,8,0,1,0,1,1,0,6,5,5,8,3
2017.0,-40.0,0.0,0.0,3,6,3,0,0,0,1,5,0,1,0,1,5,1,1,17,0,8,0,1,0,1,1,0,6,7,5,8,8
2017.0,10.0,0.0,0.0,3,6,3,0,0,0,2,9,1,1,0,1,9,1,1,17,0,8,0,1,0,0,1,0,6,7,5,9,5
2017.0,0.0,1.0,0.0,2,1,0,3,0,0,1,1,1,1,0,0,2,1,1,20,0,8,0,0,0,2,1,0,4,5,5,3,3
2017.0,100.0,1.0,0.0,2,10,3,0,0,2,1,9,1,1,0,1,9,1,1,6,1,8,0,0,0,1,0,0,4,2,5,3,3
2017.0,-100.0,1.0,0.0,3,6,3,0,0,0,1,2,1,1,0,1,2,1,1,7,1,8,0,1,0,2,1,0,4,7,5,8,3
2017.0,0.0,0.0,0.0,3,1,3,0,0,0,0,1,1,1,0,0,5,1,1,7,1,8,0,1,0,1,2,0,4,2,7,9,3
2017.0,-82.0,0.0,0.0,3,3,3,0,0,0,0,9,1,1,0,0,1,1,1,7,1,8,0,1,0,1,1,0,6,7,5,3,3
2017.0,-155.0,1.0,0.0,2,6,3,0,0,0,1,9,1,1,0,0,9,1,1,8,1,8,0,1,0,1,1,0,6,7,5,8,3
2017.0,0.0,4.0,0.0,2,4,3,0,0,0,0,1,1,1,0,1,9,1,1,9,1,8,0,1,0,2,0,0,4,2,5,3,9
2017.0,0.0,0.0,0.0,3,4,3,0,0,0,0,9,1,1,0,1,1,1,1,11,1,8,0,0,0,1,1,0,4,2,5,3,9
2017.0,56.0,1.0,0.0,3,6,3,0,0,0,1,9,1,1,0,0,9,1,1,13,1,8,0,0,0,1,2,0,4,7,5,8,3
2017.0,73.0,0.0,0.0,3,6,3,0,0,0,0,5,1,1,0,0,5,1,1,14,1,8,0,0,0,1,2,0,4,7,5,8,3
2017.0,78.0,0.0,0.0,3,1,3,0,0,0,1,2,1,1,0,0,1,1,1,14,1,8,0,0,0,1,0,0,4,2,5,3,9
2017.0,0.0,0.0,0.0,3,4,3,0,0,0,1,2,1,1,0,0,5,1,1,16,1,8,0,1,0,2,2,0,4,2,5,3,9
2017.0,0.0,2.0,0.0,2,4,3,0,0,0,1,2,1,1,0,1,5,1,1,17,1,8,0,1,0,2,1,0,4,2,5,3,9
2017.0,245.0,0.0,0.0,3,10,3,0,0,0,1,9,1,1,0,1,9,1,1,17,1,8,0,1,0,1,1,0,2,9,5,3,2
2017.0,0.1,0.0,0.0,3,10,0,0,0,0,1,9,1,1,0,0,9,1,1,20,1,8,0,0,0,0,1,0,0,4,5,9,9
2017.0,-640.0,2.0,0.0,1,4,0,0,0,0,0,1,1,1,0,0,5,1,1,21,1,8,0,0,0,0,0,0,6,2,5,3,9
2017.0,0.0,0.0,0.0,3,1,0,0,0,0,1,5,1,1,0,0,9,1,1,5,2,8,0,0,0,1,0,0,4,2,5,3,3
2017.0,0.0,2.0,0.0,2,4,2,0,0,0,0,9,1,1,0,1,3,1,1,5,2,8,0,0,0,1,1,0,2,5,5,9,3
2017.0,0.0,1.0,0.0,2,1,3,0,0,2,1,9,1,1,0,0,5,1,1,7,2,8,0,1,0,1,1,0,4,2,5,9,3
2017.0,0.0,1.0,0.0,2,4,3,0,0,0,1,5,1,1,0,1,2,1,1,9,2,8,0,1,0,0,1,0,4,2,5,9,3
2017.0,90.0,0.0,0.0,3,6,3,0,0,0,0,9,1,1,0,1,9,1,1,9,2,8,0,1,0,0,2,0,4,7,5,8,3
2017.0,1120.0,0.0,0.0,3,6,3,0,0,0,1,5,1,1,0,1,5,1,1,10,2,8,0,0,0,1,1,0,0,7,5,8,3
2017.0,20.0,0.0,0.0,3,6,3,0,0,0,1,6,1,1,0,1,6,1,1,11,2,8,0,0,0,1,1,0,4,7,5,8,3
2017.0,0.0,0.0,0.0,3,5,3,0,0,0,1,9,1,1,0,1,1,1,1,13,2,8,0,0,0,0,1,0,4,2,5,9,3
2017.0,-50.0,0.0,0.0,3,6,3,0,0,0,0,1,1,1,0,0,1,1,1,14,2,8,0,0,0,1,0,0,4,7,5,8,3
2017.0,10.0,1.0,0.0,1,5,3,0,0,3,1,5,1,1,0,1,9,1,1,14,2,8,0,0,0,2,2,0,4,2,5,3,7
2017.0,0.0,0.0,0.0,3,1,3,0,0,0,1,9,1,1,0,1,2,1,1,15,2,8,0,0,0,2,2,0,4,2,5,3,3
2017.0,0.0,0.0,0.0,3,6,3,0,0,0,1,5,1,1,0,1,5,1,1,16,2,8,0,1,0,1,1,0,4,7,5,3,2
2017.0,0.0,0.0,0.0,3,4,3,0,0,0,0,2,1,1,0,0,5,1,1,16,2,8,0,1,0,1,1,0,4,2,5,3,9
2017.0,-80.0,1.0,0.0,2,5,3,0,0,0,2,2,1,1,3,1,1,1,1,16,2,8,0,1,0,0,2,0,4,2,7,5,9
2017.0,300.0,0.0,0.0,3,6,3,0,0,0,0,1,1,1,0,0,1,1,1,17,2,8,0,1,0,0,1,0,6,7,5,3,3
2017.0,250.0,0.0,0.0,3,10,3,0,0,0,0,5,1,1,0,1,5,1,1,17,2,8,0,1,0,1,1,0,4,9,5,3,8
2017.0,-15.0,0.0,0.0,3,6,0,0,0,0,1,9,1,1,0,0,9,1,1,17,2,8,0,1,0,1,1,0,6,5,7,3,8
2017.0,-85.0,0.0,0.0,3,6,3,0,0,0,1,1,1,1,0,1,1,1,1,18,2,8,0,1,0,1,2,0,4,7,5,3,3
2017.0,0.0,0.0,0.0,3,4,0,0,0,0,0,1,1,1,0,0,9,1,1,19,2,8,0,1,0,2,2,0,4,2,5,3,9
2017.0,-321.0,1.0,0.0,2,1,0,0,0,0,1,9,1,1,0,1,1,1,1,19,2,8,0,1,0,1,1,0,0,2,5,8,9
2017.0,-581.0,2.0,0.0,3,6,0,0,0,0,1,2,1,1,0,1,2,1,1,20,2,8,0,0,0,0,2,0,6,7,5,8,8
2017.0,-1000.0,0.0,0.0,3,6,0,0,0,0,1,5,1,1,0,0,5,1,1,20,2,8,0,0,0,1,2,0,6,7,5,8,3
2017.0,500.0,0.0,0.0,3,12,0,4,3,0,2,8,1,1,1,1,1,1,1,0,3,8,0,0,0,0,2,0,6,5,5,6,5
2017.0,0.0,0.0,0.0,3,4,3,0,0,0,2,9,1,1,0,0,1,1,1,5,3,8,0,0,0,0,1,0,4,2,5,3,9
2017.0,-144.0,0.0,0.0,3,10,3,0,0,0,0,1,1,1,0,1,1,1,1,8,3,8,0,1,0,1,2,0,4,9,5,3,2
2017.0,0.0,0.0,0.0,3,4,3,0,0,0,0,9,1,1,0,0,2,1,1,8,3,8,0,1,0,1,1,0,4,2,5,3,9
2017.0,80.0,0.0,0.0,3,1,3,0,0,0,1,2,1,1,0,0,1,1,1,12,3,8,0,0,0,0,1,0,4,5,5,3,9
2017.0,-55.0,0.0,0.0,3,6,3,0,0,0,0,1,1,1,0,0,1,1,1,12,3,8,0,0,0,1,0,0,4,7,5,8,3
2017.0,-100.0,0.0,0.0,3,3,3,0,0,0,0,2,1,1,0,1,5,1,1,13,3,8,0,0,0,1,1,0,4,2,5,3,9
2017.0,-89.0,0.0,0.0,3,6,3,0,0,0,2,1,1,1,0,1,1,1,1,14,3,8,0,0,0,0,1,0,4,7,5,8,8
2017.0,-200.0,0.0,0.0,3,4,3,0,0,0,1,9,1,1,0,0,2,1,1,14,3,8,0,0,0,0,2,0,4,2,5,3,9
2017.0,-36.0,0.0,0.0,3,10,3,0,0,0,1,5,1,1,0,1,5,1,1,15,3,8,0,0,0,0,0,0,3,5,5,3,3
2017.0,0.0,0.0,0.0,3,4,3,0,0,0,1,2,1,1,0,1,2,1,1,15,3,8,0,0,0,1,2,0,2,9,5,9,9
2017.0,-90.0,0.0,0.0,3,6,3,1,0,0,1,2,1,1,0,1,2,1,1,15,3,8,0,0,0,1,1,0,4,7,5,8,8
2017.0,-72.0,0.0,0.0,3,6,3,0,3,0,2,2,1,1,0,0,2,1,1,15,3,8,0,0,0,0,1,0,4,7,5,8,3
2017.0,124.0,0.0,0.0,3,4,3,0,0,0,0,2,1,1,0,1,1,1,1,16,3,8,0,1,0,1,1,0,4,2,5,3,9
2017.0,0.0,0.0,0.0,3,4,3,0,0,0,1,1,1,1,0,1,2,1,1,16,3,8,0,1,0,1,1,0,4,2,5,9,3
2017.0,-100.0,0.0,0.0,3,10,3,0,0,0,1,2,1,1,0,1,2,1,1,16,3,8,0,1,0,1,1,0,4,9,5,3,2
2017.0,500.0,0.0,0.0,3,10,3,0,0,0,0,9,1,1,0,0,9,1,1,17,3,8,0,1,0,1,1,0,6,7,5,5,5
2017.0,250.0,2.0,0.0,3,6,3,0,0,0,0,1,1,1,0,1,1,1,1,17,3,8,0,1,0,1,1,0,4,7,5,8,3
2017.0,125.0,0.0,0.0,3,6,3,0,0,0,1,5,1,1,0,1,5,1,1,17,3,8,0,1,0,1,1,0,4,7,5,8,3
2017.0,-390.0,0.0,0.0,3,6,0,0,0,0,1,2,0,1,0,0,2,1,1,19,3,8,0,1,0,1,1,0,6,7,5,3,3
2017.0,-420.0,0.0,0.0,3,4,0,0,0,0,1,5,1,1,0,1,2,1,1,19,3,8,0,1,0,2,2,0,6,2,5,3,9
2017.0,0.0,0.0,0.0,3,1,0,0,0,0,1,2,1,1,0,1,1,1,1,22,3,8,0,0,0,1,2,0,2,5,5,3,9
2017.0,-86.0,0.0,0.0,3,6,0,0,0,0,1,5,1,1,0,1,5,1,1,23,3,8,0,0,0,2,2,0,4,7,5,8,8
2017.0,80.0,0.0,0.0,3,6,3,0,0,0,1,9,1,1,0,1,9,1,1,6,4,9,0,0,0,1,0,0,4,5,7,3,8
2017.0,155.0,0.0,0.0,3,6,3,0,0,0,0,5,1,1,0,0,5,1,1,7,4,9,0,1,0,1,1,0,2,7,5,8,8
2017.0,-300.0,1.0,0.0,2,6,3,0,0,0,1,9,1,1,0,0,9,1,1,7,4,9,0,1,0,1,2,0,6,7,5,8,3
2017.0,-280.0,0.0,0.0,3,6,3,0,0,0,1,9,1,1,0,1,9,1,1,7,4,9,0,1,0,1,1,0,6,7,5,8,3
2017.0,-5.0,0.0,0.0,3,6,3,0,0,0,1,1,1,1,0,0,1,1,1,8,4,9,0,1,0,1,1,0,4,7,5,8,3
2017.0,-100.0,0.0,0.0,3,10,3,0,0,0,0,1,1,1,0,0,0,1,1,8,4,9,0,1,0,1,1,0,4,7,5,8,3
2017.0,160.0,0.0,0.0,3,6,3,0,0,0,0,1,1,1,0,0,1,1,1,8,4,9,0,1,0,2,2,0,6,7,5,8,3
2017.0,-100.0,1.0,0.0,3,6,3,0,0,0,1,2,1,1,0,1,2,1,1,9,4,9,0,1,0,2,1,0,4,7,5,8,3