Year,Distance,Totalinjuries,Totalfatalities,Injuryseverity,Collisionmanner,Lightcondition,Weather,SurfaceCondition,Unittype_One,Gender_Drv1,Traveldirection_One,AlcoholUse_Drv1,DrugUse_Drv1,Unittype_Two,Gender_Drv2,Traveldirection_Two,AlcoholUse_Drv2,DrugUse_Drv2,Hour,Weekday,Month,Weekend,Rush_Hour,Hazardous_Road,Age_Group_Drv1,Age_Group_Drv2,Substance_Use,Junction_Category,Violation_Category_Drv1,Violation_Category_Drv2,Unitaction_Category_Two,Unitaction_Category_One
2017.0,-25.0,0.0,0.0,3,1,3,0,0,0,0,5,1,1,0,0,1,1,1,9,4,9,0,1,0,2,0,0,4,4,5,3,9
2017.0,129.0,0.0,0.0,3,6,3,0,0,0,0,2,1,1,0,1,2,1,1,10,4,9,0,0,0,0,1,0,6,7,5,8,3
2017.0,0.0,1.0,0.0,2,4,3,0,0,0,0,9,1,1,0,1,1,1,1,13,4,9,0,0,0,2,1,0,4,2,5,3,9
2017.0,-500.0,0.0,0.0,3,6,3,0,0,0,0,9,1,1,0,0,9,1,1,14,4,9,0,0,0,2,2,0,6,7,5,8,3
2017.0,600.0,0.0,0.0,3,10,3,0,0,0,1,5,1,1,0,0,5,1,1,14,4,9,0,0,0,2,1,0,6,9,5,3,2
2017.0,-300.0,0.0,0.0,3,10,3,0,0,0,1,2,1,1,0,1,2,1,1,14,4,9,0,0,0,1,1,0,1,2,9,2,3
2017.0,246.0,0.0,0.0,3,1,3,0,0,0,1,1,1,1,0,1,5,1,1,17,4,9,0,1,0,1,1,0,0,2,5,8,9
2017.0,50.0,0.0,0.0,3,6,0,0,0,0,1,5,1,1,0,1,5,1,1,21,4,9,0,0,0,2,1,0,2,8,5,3,3
2017.0,142.0,0.0,0.0,3,6,0,0,0,0,0,1,1,1,0,1,1,1,1,22,4,9,0,0,0,1,0,0,6,7,5,8,3
2017.0,0.0,3.0,0.0,2,4,0,0,0,0,1,9,1,1,0,0,1,1,1,22,4,9,0,0,0,1,2,0,4,2,5,3,9
2017.0,125.0,0.0,0.0,3,10,3,0,0,0,0,5,1,1,0,0,2,1,1,10,5,9,1,0,0,1,1,0,2,4,5,9,9
2017.0,20.0,0.0,0.0,3,5,0,0,0,0,1,5,1,1,0,0,5,1,1,20,5,9,1,0,0,1,1,0,4,5,5,8,1
2017.0,-436.0,0.0,0.0,3,1,0,0,0,0,2,5,1,1,0,1,1,1,1,0,6,9,1,0,0,0,1,0,6,2,5,3,9
2017.0,41.0,0.0,0.0,3,6,0,0,0,0,0,9,0,1,1,1,9,1,1,2,6,9,1,0,0,1,1,0,6,5,5,6,3
2017.0,350.0,0.0,0.0,3,6,3,0,0,0,0,9,1,1,0,0,9,1,1,13,6,9,1,0,0,1,1,0,6,7,5,9,9
2017.0,64.0,0.0,0.0,3,1,3,0,0,0,1,1,1,1,0,1,9,1,1,13,6,9,1,0,0,0,2,0,4,4,5,3,9
2017.0,-104.0,0.0,0.0,3,10,0,0,0,0,1,5,1,1,1,1,5,1,1,2,0,9,0,0,0,2,1,0,6,9,5,3,2
2017.0,0.0,2.0,0.0,2,1,3,0,0,0,0,5,1,1,0,1,9,1,1,8,0,9,0,1,0,2,0,0,4,2,5,3,3
2017.0,-150.0,0.0,0.0,3,6,3,0,0,0,1,8,1,1,0,1,8,1,1,13,0,9,0,0,0,1,1,0,6,7,5,8,3
2017.0,0.0,0.0,0.0,3,10,3,0,0,0,0,5,1,1,0,1,5,1,1,13,0,9,0,0,0,2,1,0,6,9,5,3,2
2017.0,515.0,0.0,0.0,3,1,3,0,0,0,1,2,1,1,0,1,5,1,1,6,1,9,0,0,0,1,1,0,6,9,5,3,9
2017.0,-160.0,2.0,0.0,3,6,3,0,0,0,0,2,1,1,0,0,2,1,1,7,1,9,0,1,0,1,1,0,4,7,5,8,3
2017.0,0.0,3.0,0.0,2,1,3,0,0,0,1,1,1,1,0,1,5,1,1,7,1,9,0,1,0,0,1,0,4,2,5,3,3
2017.0,345.0,0.0,0.0,3,6,3,0,0,0,0,9,1,1,0,1,9,1,1,8,1,9,0,1,0,1,1,0,4,7,5,8,3
2017.0,430.0,0.0,0.0,3,6,3,0,0,0,1,9,1,1,0,1,9,1,1,8,1,9,0,1,0,2,1,0,6,7,5,8,3
2017.0,193.0,0.0,0.0,3,10,3,0,0,0,1,5,1,1,0,0,5,1,1,9,1,9,0,1,0,0,2,0,4,9,5,8,2
2017.0,27.0,2.0,0.0,3,6,3,0,0,0,1,9,1,1,0,1,9,1,1,10,1,9,0,0,0,2,1,0,4,7,5,8,3
2017.0,353.0,0.0,0.0,3,9,3,0,0,0,0,9,1,1,0,1,1,1,1,14,1,9,0,0,0,0,0,0,6,7,5,0,9
2017.0,200.0,0.0,0.0,3,10,3,0,0,0,0,9,1,1,0,0,9,1,1,15,1,9,0,0,0,1,1,0,2,9,5,3,2
2017.0,-97.0,0.0,0.0,3,6,3,0,0,0,0,2,1,1,0,0,2,1,1,16,1,9,0,1,0,0,1,0,4,7,5,8,3
2017.0,0.0,0.0,0.0,3,4,3,0,0,0,1,2,1,1,0,1,5,1,1,16,1,9,0,1,0,2,1,0,4,2,5,3,9
2017.0,314.0,1.0,0.0,3,6,3,0,0,0,0,5,1,1,0,0,5,1,1,16,1,9,0,1,0,1,1,0,6,7,5,8,8
2017.0,-20.0,0.0,0.0,3,6,3,0,0,0,1,5,1,1,0,0,0,1,1,16,1,9,0,1,0,1,1,0,4,8,5,9,3
2017.0,0.0,0.0,0.0,3,4,3,0,0,0,0,9,1,1,0,1,1,1,1,16,1,9,0,1,0,2,2,0,4,2,5,3,9
2017.0,-186.0,1.0,0.0,3,6,3,0,0,0,1,5,1,1,0,0,5,1,1,17,1,9,0,1,0,1,2,0,4,7,5,8,8
2017.0,-177.0,0.0,0.0,3,6,3,0,0,0,1,9,1,1,0,1,1,1,1,17,1,9,0,1,0,1,1,0,0,5,5,8,1
2017.0,0.0,0.0,0.0,3,4,3,0,0,0,1,2,1,1,0,1,5,1,1,17,1,9,0,1,0,2,2,0,4,2,5,3,9
2017.0,-68.0,0.0,0.0,3,6,3,0,0,0,0,2,1,1,0,1,2,1,1,17,1,9,0,1,0,2,2,0,4,7,5,8,2
2017.0,0.0,0.0,0.0,3,4,3,0,0,0,1,5,1,1,0,1,5,1,1,17,1,9,0,1,0,1,1,0,4,8,5,9,9
2017.0,0.0,0.0,0.0,3,4,0,0,0,0,1,2,1,1,0,1,5,1,1,20,1,9,0,0,0,2,1,0,4,2,5,3,9
2017.0,160.0,3.0,0.0,2,4,3,0,0,0,1,5,1,1,0,1,2,1,1,5,2,9,0,0,0,1,1,0,0,2,5,3,9
2017.0,135.0,1.0,0.0,3,6,3,0,0,0,0,9,1,1,0,1,9,1,1,7,2,9,0,1,0,1,1,0,4,7,5,8,3
2017.0,-20.0,0.0,0.0,3,10,3,0,0,0,2,2,1,1,0,0,2,1,1,8,2,9,0,1,0,0,1,0,4,4,5,8,9
2017.0,-240.0,2.0,0.0,2,4,3,0,0,0,0,9,1,1,0,0,2,1,1,8,2,9,0,1,0,1,1,0,0,2,7,3,9
2017.0,250.0,0.0,0.0,3,6,3,0,0,0,1,9,1,1,0,1,9,1,1,8,2,9,0,1,0,1,1,0,0,7,5,8,3
2017.0,0.0,2.0,0.0,2,4,3,0,0,0,0,9,1,1,0,1,1,1,1,8,2,9,0,1,0,2,0,0,4,2,5,9,3
2017.0,0.0,0.0,0.0,3,4,3,0,0,0,1,1,1,1,0,0,9,1,1,9,2,9,0,1,0,1,1,0,4,2,5,3,9
2017.0,0.0,2.0,0.0,3,4,3,0,0,0,1,5,1,1,0,1,2,1,1,10,2,9,0,0,0,1,1,0,4,2,5,3,9
2017.0,-963.0,1.0,0.0,2,5,3,0,0,2,0,1,1,1,0,0,5,1,1,11,2,9,0,0,0,1,2,0,6,5,5,9,3
2017.0,-384.0,1.0,0.0,2,5,3,0,0,2,1,1,1,1,0,0,5,1,1,12,2,9,0,0,0,1,1,0,0,9,5,9,3
2017.0,566.0,0.0,0.0,3,6,3,0,0,0,0,9,1,1,0,1,9,1,1,15,2,9,0,0,0,1,1,0,6,7,5,8,3
2017.0,-20.0,5.0,0.0,2,3,3,0,0,0,1,9,1,1,0,1,1,1,1,15,2,9,0,0,0,2,1,0,4,7,5,8,0
2017.0,-369.0,0.0,0.0,3,4,3,0,0,0,1,1,1,1,0,0,2,1,1,15,2,9,0,0,0,0,1,0,0,2,5,9,9
2017.0,-755.0,1.0,0.0,3,6,3,0,0,0,1,2,1,1,0,1,2,1,1,16,2,9,0,1,0,2,1,0,4,7,5,8,3
2017.0,58.0,0.0,0.0,3,6,3,0,0,0,0,5,1,1,0,0,5,1,1,17,2,9,0,1,0,2,2,0,4,7,5,8,8
2017.0,0.0,1.0,0.0,2,1,3,0,0,0,0,5,1,1,0,0,9,1,1,17,2,9,0,1,0,2,1,0,4,2,5,3,9
2017.0,136.0,0.0,0.0,3,4,3,0,0,0,1,2,1,1,0,1,9,1,1,17,2,9,0,1,0,2,2,0,6,2,5,3,9
2017.0,700.0,0.0,0.0,3,4,3,0,0,0,1,1,1,1,0,1,5,1,1,17,2,9,0,1,0,1,1,0,6,2,5,3,9
2017.0,250.0,0.0,0.0,3,1,0,0,0,0,1,5,1,1,0,1,5,1,1,19,2,9,0,1,0,2,1,0,6,7,5,3,9
2017.0,50.0,1.0,0.0,3,6,0,0,0,0,0,9,1,1,0,0,9,1,1,20,2,9,0,0,0,1,1,0,2,5,5,8,3
2017.0,271.0,3.0,0.0,3,1,0,1,0,0,1,2,1,1,0,1,5,1,1,23,2,9,0,0,0,1,1,0,6,7,5,3,9
2017.0,0.0,2.0,0.0,2,4,0,0,0,0,0,9,1,1,0,0,6,1,1,4,3,9,0,0,0,2,1,0,4,2,5,9,3
2017.0,363.0,0.0,0.0,3,1,3,0,0,0,1,9,1,1,0,1,2,1,1,7,3,9,0,1,0,1,2,0,6,2,5,3,9
2017.0,400.0,0.0,0.0,3,6,3,0,0,0,1,2,1,1,0,1,2,1,1,8,3,9,0,1,0,1,2,0,4,7,5,8,3
2017.0,200.0,1.0,0.0,3,4,3,0,0,0,1,9,1,1,1,1,2,1,1,8,3,9,0,1,0,1,1,0,0,2,5,3,9
2017.0,-434.0,1.0,0.0,3,6,3,0,0,0,1,1,1,1,0,1,1,1,1,11,3,9,0,0,0,1,0,0,4,7,5,3,3
2017.0,293.0,1.0,0.0,2,5,3,0,0,0,1,1,1,1,2,1,1,1,1,11,3,9,0,0,0,1,2,0,0,2,5,0,9
2017.0,-144.0,1.0,0.0,3,6,3,0,0,0,0,2,1,1,0,0,2,1,1,11,3,9,0,0,0,2,1,0,4,7,5,8,3
2017.0,-442.0,1.0,0.0,3,6,3,0,0,0,0,1,1,1,0,1,1,1,1,13,3,9,0,0,0,1,1,0,6,7,5,8,3
2017.0,-69.0,2.0,0.0,2,6,3,0,0,0,1,2,1,1,0,0,2,1,1,15,3,9,0,0,0,1,2,0,4,7,5,8,3
2017.0,0.0,0.0,0.0,3,10,3,0,0,0,1,7,1,1,0,1,7,1,1,17,3,9,0,1,0,1,1,0,4,4,5,9,9
2017.0,180.0,0.0,0.0,3,10,3,0,0,0,1,5,1,1,0,0,5,1,1,17,3,9,0,1,0,1,1,0,6,9,5,3,3
2017.0,73.0,0.0,0.0,3,6,1,1,0,0,2,9,1,1,1,1,2,1,1,17,3,9,0,1,0,0,1,0,6,7,5,6,9
2017.0,-225.0,1.0,0.0,3,6,3,0,0,0,1,1,1,1,0,0,1,1,1,17,3,9,0,1,0,2,0,0,4,7,5,8,3
2017.0,200.0,0.0,0.0,3,1,2,2,0,0,0,5,1,1,0,0,9,1,1,18,3,9,0,1,0,2,2,0,6,2,5,3,9
2017.0,167.0,0.0,0.0,3,8,0,0,0,0,2,5,1,1,0,1,9,1,1,0,4,9,0,0,0,0,2,0,6,5,5,8,6
2017.0,-807.0,0.0,0.0,3,5,3,0,0,2,1,9,1,1,0,0,2,1,1,7,4,9,0,1,0,2,2,0,0,5,5,9,3
2017.0,0.0,0.0,0.0,3,1,3,0,0,0,0,9,1,1,0,1,9,1,1,8,4,9,0,1,0,0,0,0,4,4,5,3,9
2017.0,0.0,3.0,0.0,2,4,3,0,0,0,1,1,1,1,0,0,9,1,1,8,4,9,0,1,0,1,0,0,4,2,5,3,9
2017.0,-282.0,0.0,0.0,3,10,3,0,0,0,1,2,1,1,0,1,2,1,1,8,4,9,0,1,0,1,1,0,4,5,5,8,2
2017.0,0.0,0.0,0.0,3,4,3,0,0,0,1,5,1,1,0,1,9,1,1,8,4,9,0,1,0,0,1,0,4,2,5,8,9
2017.0,74.0,1.0,0.0,3,6,3,0,0,0,0,5,1,1,0,1,5,1,1,12,4,9,0,0,0,2,1,0,4,7,5,8,3
2017.0,183.0,1.0,0.0,2,6,3,0,0,0,1,9,0,1,0,1,9,1,1,12,4,9,0,0,0,1,1,0,4,7,5,8,3
2017.0,-80.0,0.0,0.0,3,6,3,0,0,0,1,2,0,1,0,1,2,1,1,13,4,9,0,0,0,1,2,0,4,7,5,8,3
2017.0,281.0,0.0,0.0,3,9,3,0,0,0,1,1,1,1,0,0,9,1,1,14,4,9,0,0,0,1,0,0,0,2,5,3,9
2017.0,0.0,0.0,0.0,3,1,3,0,0,0,1,5,1,1,0,0,5,1,1,14,4,9,0,0,0,1,1,0,2,5,5,9,9
2017.0,0.0,1.0,0.0,3,4,3,0,0,0,1,9,1,1,0,0,1,1,1,14,4,9,0,0,0,2,1,0,4,2,5,3,9
2017.0,180.0,0.0,0.0,3,9,3,0,0,0,1,9,1,1,0,0,1,1,1,15,4,9,0,0,0,0,1,0,6,9,5,6,3
2017.0,200.0,0.0,0.0,3,6,3,0,0,0,1,9,1,1,0,1,9,1,1,16,4,9,0,1,0,0,0,0,4,7,5,8,3
2017.0,235.0,1.0,0.0,2,1,3,0,0,0,1,5,1,1,0,0,2,1,1,16,4,9,0,1,0,2,2,0,0,2,5,3,9
2017.0,0.0,0.0,0.0,3,1,3,0,0,0,0,2,1,1,0,1,5,1,1,17,4,9,0,1,0,0,2,0,4,2,5,3,9
2017.0,0.0,0.0,0.0,3,4,3,0,0,0,1,2,1,1,0,0,6,1,1,17,4,9,0,1,0,1,1,0,3,7,5,9,3
2017.0,0.0,1.0,0.0,2,1,3,0,0,0,0,2,1,1,0,1,5,1,1,17,4,9,0,1,0,2,2,0,0,2,5,3,9
2017.0,-77.0,0.0,0.0,3,4,3,0,0,0,1,2,1,1,0,1,5,1,1,18,4,9,0,1,0,0,1,0,0,2,5,3,9
2017.0,-100.0,0.0,0.0,3,10,0,3,0,0,0,5,1,1,0,1,5,1,1,19,4,9,0,1,0,0,1,0,4,4,5,9,9
2017.0,-206.0,0.0,0.0,3,6,0,0,0,0,0,2,1,1,0,1,2,1,1,22,4,9,0,0,0,1,1,0,4,7,5,8,3
2017.0,50.0,0.0,0.0,3,10,1,0,0,0,0,5,1,1,0,1,5,1,1,2,5,9,1,0,0,0,2,0,4,9,5,6,3
2017.0,-50.0,0.0,0.0,3,4,3,0,0,0,1,1,1,1,0,0,9,1,1,10,5,9,1,0,0,1,0,0,4,2,5,3,9
2017.0,-200.0,0.0,0.0,3,9,3,0,0,0,0,4,1,1,0,0,7,1,1,13,5,9,1,0,0,2,1,0,6,5,5,9,9
2017.0,-80.0,0.0,0.0,3,6,3,0,0,0,1,1,1,1,0,1,1,1,1,15,5,9,1,0,0,1,1,0,2,7,5,8,3
2017.0,53.0,2.0,0.0,2,6,3,0,0,0,1,2,1,1,0,1,2,1,1,15,5,9,1,0,0,2,2,0,6,7,5,8,3
2017.0,25.0,0.0,0.0,3,5,3,0,0,0,1,9,1,1,0,0,9,1,1,17,5,9,1,1,0,2,1,0,4,5,5,3,1
2017.0,-245.0,2.0,0.0,3,10,0,0,0,0,0,2,1,1,0,1,2,1,1,21,5,9,1,0,0,2,1,0,4,9,5,3,2
2017.0,-50.0,0.0,0.0,3,1,0,0,0,0,0,6,1,1,0,0,5,1,1,22,5,9,1,0,0,2,2,0,6,4,5,3,9
2017.0,-100.0,0.0,0.0,3,10,0,0,0,0,1,1,1,1,0,1,1,1,1,23,5,9,1,0,0,0,1,0,4,9,5,3,2
2017.0,72.0,1.0,0.0,2,6,0,0,0,0,1,9,1,1,0,1,9,1,1,23,5,9,1,0,0,2,1,0,4,7,5,8,8
2017.0,-182.0,0.0,0.0,3,6,0,0,0,0,1,2,1,1,0,0,2,1,1,23,5,9,1,0,0,2,2,0,6,7,5,3,3
2017.0,-15.0,0.0,0.0,3,10,3,0,0,0,1,2,1,1,0,1,2,1,1,11,6,9,1,0,0,1,2,0,4,9,5,3,2
2017.0,400.0,0.0,0.0,3,1,3,0,0,0,0,5,1,1,0,1,5,1,1,17,6,9,1,1,0,2,1,0,6,9,5,3,2
2017.0,0.25,1.0,0.0,3,6,3,0,0,0,1,5,1,1,0,1,5,1,1,17,6,9,1,1,0,0,1,0,6,5,5,3,3
2017.0,100.0,0.0,0.0,3,4,4,0,0,0,0,5,1,1,0,1,9,1,1,18,6,9,1,1,0,2,2,0,6,2,5,3,9
2017.0,0.0,0.0,0.0,3,4,0,0,0,0,0,1,1,1,0,1,9,1,1,18,6,9,1,1,0,0,2,0,4,2,5,3,9
2017.0,53.0,0.0,0.0,3,10,0,0,0,0,1,2,1,1,0,0,2,1,1,20,6,9,1,0,0,1,2,0,6,9,5,9,2
2017.0,80.0,0.0,0.0,3,6,0,0,0,0,0,9,1,1,0,1,9,1,1,20,6,9,1,0,0,2,2,0,6,7,5,3,3
2017.0,148.0,0.0,0.0,3,6,0,4,0,0,1,1,1,1,0,0,1,1,1,20,6,9,1,0,0,2,0,0,6,7,5,8,3
2017.0,0.0,1.0,0.0,3,4,3,0,0,0,0,2,1,1,0,0,9,1,1,6,0,9,0,0,0,2,1,0,4,2,5,9,3
2017.0,300.0,0.0,0.0,3,4,3,0,0,0,1,1,1,1,0,1,2,1,1,6,0,9,0,0,0,1,1,0,4,5,5,9,3
2017.0,91.0,0.0,0.0,3,6,3,0,0,0,1,5,1,1,0,0,5,1,1,7,0,9,0,1,0,1,1,0,4,7,5,8,3
2017.0,37.0,0.0,0.0,3,3,3,0,0,0,1,5,1,1,0,1,9,1,1,8,0,9,0,1,0,0,1,0,6,2,5,3,9
2017.0,600.0,1.0,0.0,2,6,3,0,0,0,1,5,1,1,0,1,5,1,1,9,0,9,0,1,0,1,0,0,6,7,5,8,3
2017.0,0.0,1.0,0.0,2,4,3,0,0,0,1,2,1,1,0,1,5,1,1,10,0,9,0,0,0,0,1,0,4,2,5,3,9
2017.0,-30.0,1.0,0.0,3,1,3,0,0,0,1,2,1,1,0,1,1,1,1,12,0,9,0,0,0,0,2,0,4,2,5,3,3
2017.0,-288.0,1.0,0.0,3,5,3,0,0,2,0,9,1,1,0,0,2,1,1,13,0,9,0,0,0,2,1,0,0,2,5,3,3
2017.0,260.0,0.0,0.0,3,10,3,0,0,0,0,1,1,1,0,0,1,1,1,15,0,9,0,0,0,2,1,0,6,9,5,3,2
2017.0,0.0,0.0,0.0,3,10,3,0,0,0,0,2,1,1,0,0,5,1,1,15,0,9,0,0,0,1,1,0,4,5,5,9,9
2017.0,-249.0,1.0,0.0,3,6,3,0,0,0,1,9,1,1,0,1,9,1,1,16,0,9,0,1,0,1,1,0,6,5,5,3,8
2017.0,15.0,0.0,0.0,3,6,3,0,0,0,1,9,1,1,0,0,9,1,1,17,0,9,0,1,0,1,1,0,4,7,5,8,8
2017.0,-60.0,0.0,0.0,3,10,0,0,0,0,2,9,1,1,0,0,9,1,1,23,0,9,0,0,0,0,0,0,6,5,5,2,3
2017.0,-55.0,0.0,0.0,3,6,3,0,0,0,0,2,1,1,0,1,2,1,1,7,1,9,0,1,0,1,1,0,4,7,5,8,3
2017.0,-600.0,1.0,0.0,3,4,3,0,0,0,0,5,1,1,0,1,2,1,1,7,1,9,0,1,0,1,1,0,0,2,5,3,9
2017.0,0.0,0.0,0.0,3,4,3,0,0,0,1,1,1,1,0,0,9,1,1,8,1,9,0,1,0,0,2,0,4,2,5,3,9
2017.0,280.0,1.0,0.0,3,6,3,0,0,0,1,9,1,1,0,0,9,1,1,8,1,9,0,1,0,1,1,0,4,7,5,8,3
2017.0,-508.0,1.0,0.0,2,4,3,0,0,0,1,5,1,1,0,1,2,1,1,8,1,9,0,1,0,2,2,0,0,2,5,3,9
2017.0,-337.0,0.0,0.0,3,6,3,0,0,0,0,9,1,1,0,0,9,1,1,8,1,9,0,1,0,1,1,0,6,7,5,8,3
2017.0,0.0,0.0,0.0,3,10,3,0,0,0,0,1,1,1,0,1,1,1,1,10,1,9,0,0,0,2,1,0,4,2,5,9,3
2017.0,-62.0,0.0,0.0,3,6,3,0,0,0,1,2,1,1,0,1,2,1,1,10,1,9,0,0,0,0,1,0,4,7,5,8,8
2017.0,-50.0,0.0,0.0,3,6,3,0,0,0,1,1,1,1,0,1,1,1,1,12,1,9,0,0,0,1,1,0,4,7,5,8,3
2017.0,-158.0,0.0,0.0,3,6,3,0,0,0,1,2,1,1,0,1,2,1,1,12,1,9,0,0,0,1,2,0,4,7,5,0,0
2017.0,0.0,1.0,0.0,2,4,3,0,0,0,1,5,1,1,0,0,2,1,1,15,1,9,0,0,0,1,1,0,4,2,5,3,9
2017.0,0.0,0.0,0.0,3,1,3,0,0,0,1,9,1,1,0,1,9,1,1,15,1,9,0,0,0,0,1,0,2,5,5,9,9
2017.0,338.0,0.0,0.0,3,6,3,0,0,0,0,5,1,1,0,1,5,1,1,15,1,9,0,0,0,1,1,0,6,7,5,8,3
2017.0,517.0,2.0,0.0,2,1,3,0,0,0,1,9,1,1,0,0,1,1,1,16,1,9,0,1,0,0,1,0,0,2,5,3,9
2017.0,100.0,2.0,0.0,3,6,3,0,0,0,2,2,1,1,0,1,2,1,1,16,1,9,0,1,0,0,1,0,4,7,5,8,3
2017.0,82.0,1.0,0.0,3,4,3,0,0,0,1,2,1,1,0,0,5,1,1,18,1,9,0,1,0,1,1,0,4,9,5,8,9
2017.0,50.0,0.0,0.0,3,10,3,0,0,0,0,9,1,1,0,1,9,1,1,18,1,9,0,1,0,0,2,0,4,9,5,9,9
2017.0,-200.0,0.0,0.0,3,5,3,0,0,0,1,1,1,1,0,0,9,1,1,18,1,9,0,1,0,1,1,0,6,5,5,8,8
2017.0,0.0,0.0,0.0,3,4,0,0,0,0,0,2,1,1,0,0,9,1,1,18,1,9,0,1,0,2,1,0,4,2,5,3,9
2017.0,-200.0,0.0,0.0,3,6,0,0,0,0,1,2,1,1,0,0,2,1,1,19,1,9,0,1,0,1,1,0,6,7,5,8,3
2017.0,30.0,0.0,0.0,3,1,0,0,0,0,1,2,1,1,0,1,2,1,1,19,1,9,0,1,0,2,2,0,4,5,5,9,9
2017.0,0.0,0.0,0.0,3,4,3,0,0,0,1,2,1,1,0,1,2,1,1,5,2,9,0,0,0,1,2,0,4,4,5,9,9
2017.0,0.0,1.0,0.0,3,6,2,0,0,0,0,9,1,1,0,1,9,1,1,6,2,9,0,0,0,1,1,0,2,7,5,8,9
2017.0,160.0,0.0,0.0,3,6,3,1,0,0,1,9,1,1,0,1,9,1,1,7,2,9,0,1,0,2,1,0,4,7,5,8,3
2017.0,210.0,0.0,0.0,3,6,3,1,0,0,0,9,1,1,0,1,9,1,1,8,2,9,0,1,0,1,1,0,6,5,5,3,8
2017.0,0.0,0.0,0.0,3,5,3,0,0,0,1,9,1,1,0,0,9,1,1,9,2,9,0,1,0,1,1,0,4,9,5,3,9
2017.0,-1808.0,1.0,0.0,3,1,3,0,0,0,0,5,1,1,0,1,9,1,1,12,2,9,0,0,0,1,0,0,0,2,5,3,9
2017.0,-88.0,0.0,0.0,3,6,3,0,0,0,0,5,1,1,0,1,5,1,1,12,2,9,0,0,0,1,0,0,4,7,5,3,3
2017.0,-209.0,0.0,0.0,3,10,3,0,0,0,0,5,1,1,0,1,5,1,1,13,2,9,0,0,0,1,1,0,6,9,5,3,2
2017.0,-90.0,0.0,0.0,3,1,3,0,0,0,2,1,1,1,0,1,1,1,1,14,2,9,0,0,0,0,2,0,4,9,5,3,2
2017.0,-610.0,0.0,0.0,3,4,3,0,0,0,1,9,1,1,0,0,1,1,1,15,2,9,0,0,0,2,1,0,0,2,5,3,9
2017.0,74.0,0.0,0.0,3,6,3,0,0,0,1,9,1,1,0,0,9,1,1,15,2,9,0,0,0,1,2,0,4,7,5,8,3
2017.0,566.0,0.0,0.0,3,1,3,0,0,0,1,5,1,1,0,1,2,1,1,17,2,9,0,1,0,2,1,0,6,2,5,3,9
2017.0,170.0,0.0,0.0,3,1,3,0,0,0,1,5,1,1,0,1,9,1,1,17,2,9,0,1,0,2,1,0,0,2,5,3,9
2017.0,250.0,0.0,0.0,3,4,3,0,0,0,1,9,1,1,0,1,5,1,1,17,2,9,0,1,0,1,2,0,6,4,5,3,9
2017.0,190.0,0.0,0.0,3,6,3,0,0,0,1,9,1,1,0,1,9,1,1,17,2,9,0,1,0,1,1,0,4,7,5,8,3
2017.0,-50.0,1.0,0.0,2,5,0,0,0,2,1,2,1,1,0,1,1,1,1,21,2,9,0,0,0,2,1,0,4,9,5,9,3
2017.0,-328.0,1.0,0.0,2,10,3,0,0,0,1,1,1,1,2,1,1,1,1,7,3,9,0,1,0,2,1,0,6,4,5,3,3
2017.0,110.0,0.0,0.0,3,6,3,0,0,0,0,9,1,1,0,1,9,1,1,8,3,9,0,1,0,2,1,0,6,7,5,8,3
2017.0,110.0,0.0,0.0,3,6,3,0,0,0,1,5,1,1,0,1,5,1,1,10,3,9,0,0,0,2,1,0,4,7,5,8,3
2017.0,0.0,0.0,0.0,3,1,3,0,0,0,0,9,1,1,0,0,5,1,1,10,3,9,0,0,0,2,2,0,4,2,5,3,3
2017.0,0.0,1.0,0.0,3,5,3,0,0,2,0,5,1,1,0,1,9,1,1,10,3,9,0,0,0,2,2,0,4,2,5,9,3
2017.0,-438.0,0.0,0.0,3,10,3,0,0,0,1,9,1,1,0,1,9,1,1,11,3,9,0,0,0,2,1,0,6,9,5,3,2
2017.0,-250.0,0.0,0.0,3,6,3,0,0,0,0,2,1,1,0,1,2,1,1,11,3,9,0,0,0,2,2,0,4,7,5,8,3
2017.0,229.0,1.0,0.0,3,6,3,0,0,0,1,1,1,1,0,1,1,1,1,12,3,9,0,0,0,2,1,0,6,7,5,8,3
2017.0,127.0,0.0,0.0,3,6,3,0,0,0,0,2,1,1,0,0,2,1,1,13,3,9,0,0,0,1,1,0,6,7,5,8,3
2017.0,-956.0,1.0,0.0,2,4,3,0,0,0,1,5,1,1,0,1,9,1,1,13,3,9,0,0,0,1,2,0,0,2,5,3,9
2017.0,250.0,1.0,0.0,3,6,3,0,0,0,1,2,1,1,0,0,2,1,1,13,3,9,0,0,0,2,0,0,6,7,5,8,3
2017.0,0.0,2.0,0.0,3,4,3,0,0,0,0,9,1,1,0,1,1,1,1,14,3,9,0,0,0,2,2,0,4,2,5,3,9
2017.0,-70.0,2.0,0.0,3,6,3,0,0,0,0,1,1,1,0,1,1,1,1,14,3,9,0,0,0,1,1,0,4,7,5,8,3
2017.0,28.0,1.0,0.0,2,5,3,0,0,2,1,2,1,1,0,0,9,1,1,14,3,9,0,0,0,1,2,0,4,2,5,3,3
2017.0,-415.0,0.0,0.0,3,6,3,0,0,0,1,1,1,1,0,1,1,1,1,15,3,9,0,0,0,2,1,0,6,7,5,8,3
2017.0,0.0,1.0,0.0,2,4,3,0,0,0,1,2,1,1,0,1,9,1,1,16,3,9,0,1,0,1,1,0,4,2,5,9,3
2017.0,-203.0,0.0,0.0,3,4,3,0,0,0,0,1,1,1,0,0,5,1,1,17,3,9,0,1,0,1,1,0,0,2,5,3,9
2017.0,300.0,1.0,0.0,3,6,3,0,0,0,0,1,1,1,0,0,1,1,1,17,3,9,0,1,0,2,0,0,6,7,5,8,3