Year,Distance,Totalinjuries,Totalfatalities,Injuryseverity,Collisionmanner,Lightcondition,Weather,SurfaceCondition,Unittype_One,Gender_Drv1,Traveldirection_One,AlcoholUse_Drv1,DrugUse_Drv1,Unittype_Two,Gender_Drv2,Traveldirection_Two,AlcoholUse_Drv2,DrugUse_Drv2,Hour,Weekday,Month,Weekend,Rush_Hour,Hazardous_Road,Age_Group_Drv1,Age_Group_Drv2,Substance_Use,Junction_Category,Violation_Category_Drv1,Violation_Category_Drv2,Unitaction_Category_Two,Unitaction_Category_One
2017.0,0.0,3.0,0.0,2,4,3,0,0,0,0,2,1,1,0,0,5,1,1,17,3,9,0,1,0,2,1,0,4,2,5,3,9
2017.0,0.0,0.0,0.0,3,6,4,0,0,0,0,2,1,1,0,1,2,1,1,18,3,9,0,1,0,1,2,0,4,7,5,8,3
2017.0,85.0,0.0,0.0,3,6,0,0,0,0,1,5,1,1,0,1,5,1,1,18,3,9,0,1,0,2,1,0,4,7,5,3,3
2017.0,-295.0,0.0,0.0,3,1,0,0,0,0,0,2,1,1,0,0,1,1,1,19,3,9,0,1,0,2,1,0,6,2,5,3,9
2017.0,370.0,1.0,0.0,2,1,0,0,0,2,0,5,1,1,0,1,9,1,1,20,3,9,0,0,0,2,1,0,0,2,5,9,3
2017.0,0.0,1.0,0.0,2,4,0,0,0,0,0,1,1,1,0,1,9,1,1,21,3,9,0,0,0,1,1,0,4,4,5,3,9
2017.0,-99.0,1.0,0.0,3,10,0,0,0,0,0,9,1,0,1,1,9,1,1,22,3,9,0,0,0,1,1,0,4,7,5,6,3
2017.0,0.0,0.0,0.0,3,1,3,0,0,0,1,2,1,1,0,0,5,1,1,5,4,9,0,0,0,2,1,0,4,4,5,3,9
2017.0,-150.0,1.0,0.0,2,6,3,0,0,0,0,9,1,1,0,1,9,1,1,8,4,9,0,1,0,1,0,0,0,7,5,8,9
2017.0,120.0,0.0,0.0,3,6,3,0,0,0,0,9,1,1,0,0,9,1,1,9,4,9,0,1,0,1,2,0,4,7,5,3,3
2017.0,-203.0,0.0,0.0,3,6,3,0,0,0,0,2,1,1,0,0,2,1,1,10,4,9,0,0,0,2,0,0,6,7,5,8,3
2017.0,0.0,0.0,0.0,3,4,3,0,0,0,1,9,1,1,0,0,5,1,1,10,4,9,0,0,0,2,2,0,1,2,5,3,9
2017.0,0.0,1.0,0.0,3,4,3,0,0,0,1,2,1,1,0,1,5,1,1,10,4,9,0,0,0,2,1,0,4,2,5,3,9
2017.0,40.0,0.0,0.0,3,10,3,0,0,0,1,1,1,1,0,1,1,1,1,11,4,9,0,0,0,2,1,0,6,9,5,3,2
2017.0,76.0,0.0,0.0,3,10,3,0,0,0,0,1,1,1,0,1,1,1,1,11,4,9,0,0,0,2,1,0,6,9,5,3,2
2017.0,375.0,3.0,0.0,3,4,3,0,0,0,0,5,1,1,0,1,2,1,1,13,4,9,0,0,0,1,1,0,6,5,5,3,9
2017.0,166.0,0.0,0.0,3,10,3,0,0,0,1,9,1,1,0,1,9,1,1,13,4,9,0,0,0,2,1,0,6,9,5,3,2
2017.0,0.0,0.0,0.0,3,4,3,0,0,0,1,2,1,1,0,1,2,1,1,16,4,9,0,1,0,1,0,0,4,7,5,9,9
2017.0,75.0,0.0,0.0,3,6,3,0,0,0,2,5,1,1,0,1,5,1,1,16,4,9,0,1,0,0,1,0,4,7,5,8,3
2017.0,120.0,1.0,0.0,2,4,3,0,0,0,1,2,1,1,0,1,5,1,1,16,4,9,0,1,0,1,2,0,6,5,5,3,9
2017.0,-200.0,0.0,0.0,3,6,3,0,0,0,2,2,1,1,0,0,2,1,1,16,4,9,0,1,0,0,0,0,6,7,5,3,3
2017.0,-10.0,0.0,0.0,3,10,3,0,0,0,1,1,1,1,0,1,1,1,1,17,4,9,0,1,0,1,1,0,4,4,5,9,9
2017.0,75.0,0.0,0.0,3,10,3,0,0,0,0,2,1,0,0,1,1,1,1,17,4,9,0,1,0,2,1,0,4,4,5,3,9
2017.0,88.0,0.0,0.0,3,6,3,0,0,0,2,9,1,1,0,0,9,1,1,18,4,9,0,1,0,0,1,0,4,7,5,8,5
2017.0,-27.0,0.0,0.0,3,6,0,0,0,0,1,2,1,1,0,1,2,1,1,19,4,9,0,1,0,2,2,0,4,7,5,8,3
2017.0,100.0,0.0,0.0,3,6,0,0,0,0,1,5,1,1,0,1,5,1,1,20,4,9,0,0,0,2,1,0,4,7,5,8,3
2017.0,745.0,4.0,0.0,2,3,3,0,0,0,1,5,1,1,0,0,2,1,1,6,5,9,1,0,0,2,1,0,6,9,5,3,0
2017.0,0.0,0.0,0.0,3,1,3,0,0,0,0,9,1,1,0,1,5,1,1,9,5,9,1,1,0,2,1,0,4,2,5,3,3
2017.0,40.0,0.0,0.0,3,6,3,0,0,0,1,5,1,1,0,0,5,1,1,13,5,9,1,0,0,2,1,0,4,7,5,9,3
2017.0,200.0,0.0,0.0,3,6,3,0,0,0,0,9,1,1,0,1,9,1,1,15,5,9,1,0,0,2,1,0,6,7,5,8,3
2017.0,36.0,0.0,0.0,3,1,3,0,0,0,2,8,1,1,1,1,2,1,1,16,5,9,1,1,0,0,2,0,4,5,5,6,5
2017.0,320.0,0.0,0.0,3,12,3,0,0,0,2,2,1,1,0,0,2,1,1,17,5,9,1,1,0,0,2,0,4,5,5,3,5
2017.0,353.0,2.0,0.0,2,4,0,0,0,0,1,9,1,1,0,0,2,1,1,19,5,9,1,1,0,1,2,0,6,2,5,3,9
2017.0,-300.0,0.0,0.0,3,10,0,0,0,0,2,9,1,1,0,1,9,1,1,19,5,9,1,1,0,0,2,0,6,9,5,3,2
2017.0,640.0,1.0,0.0,2,6,3,0,0,0,1,1,1,1,0,1,1,1,1,10,6,9,1,0,0,2,2,0,6,7,5,9,3
2017.0,48.0,0.0,0.0,3,10,0,0,0,0,0,1,1,1,0,0,1,1,1,19,6,9,1,1,0,2,2,0,3,9,5,3,2
2017.0,-660.0,0.0,0.0,3,1,0,0,0,0,1,7,1,1,0,1,9,1,1,19,6,9,1,1,0,2,1,0,6,2,5,3,9
2017.0,50.0,0.0,0.0,3,1,0,0,0,0,0,5,1,1,0,1,5,1,1,21,6,9,1,0,0,1,1,0,4,9,5,3,2
2017.0,0.0,0.0,0.0,3,4,0,0,0,0,0,1,1,1,0,0,2,1,1,22,6,9,1,0,0,2,0,0,4,2,2,9,9
2017.0,0.0,0.0,0.0,3,10,3,0,0,0,1,5,1,1,0,1,5,1,1,5,0,9,0,0,0,1,1,0,4,4,5,3,9
2017.0,-41.0,1.0,0.0,2,1,3,0,0,2,0,9,1,1,0,0,2,1,1,6,0,9,0,0,0,2,1,0,4,2,5,9,7
2017.0,-660.0,0.0,0.0,3,1,3,0,0,0,1,2,1,1,0,1,9,1,1,12,0,9,0,0,0,1,1,0,0,2,5,3,9
2017.0,-334.0,0.0,0.0,3,10,3,0,0,0,1,9,1,1,0,0,9,1,1,12,0,9,0,0,0,1,2,0,6,9,5,3,2
2017.0,-98.0,1.0,0.0,3,6,3,0,0,0,2,2,1,1,0,1,2,1,1,13,0,9,0,0,0,0,2,0,4,7,5,8,3
2017.0,0.0,0.0,0.0,3,1,3,0,0,0,1,5,1,1,0,0,1,1,1,13,0,9,0,0,0,2,2,0,4,2,5,3,3
2017.0,0.0,3.0,0.0,2,4,3,0,0,0,0,9,1,1,0,0,1,1,1,14,0,9,0,0,0,2,1,0,4,2,5,3,9
2017.0,0.0,1.0,0.0,3,4,3,0,0,0,0,2,1,1,0,1,5,1,1,14,0,9,0,0,0,1,1,0,4,2,5,9,3
2017.0,-116.0,0.0,0.0,3,4,3,0,0,0,1,2,1,1,0,1,9,1,1,16,0,9,0,1,0,2,2,0,6,4,5,3,9
2017.0,-10.0,1.0,0.0,3,6,3,0,0,0,1,1,1,1,0,0,1,1,1,17,0,9,0,1,0,2,2,0,4,7,5,8,3
2017.0,-106.0,0.0,0.0,3,6,3,0,0,0,1,2,1,1,0,0,2,1,1,17,0,9,0,1,0,1,1,0,4,7,5,8,3
2017.0,0.0,1.0,0.0,3,4,4,0,0,0,1,9,1,1,0,0,5,1,1,18,0,9,0,1,0,1,2,0,4,2,5,9,3
2017.0,40.0,0.0,0.0,3,6,4,0,0,0,1,5,1,1,0,1,5,1,1,18,0,9,0,1,0,2,1,0,4,7,5,8,3
2017.0,0.0,0.0,0.0,3,4,0,0,0,0,1,5,1,1,0,0,1,1,1,18,0,9,0,1,0,2,1,0,2,2,5,9,3
2017.0,200.0,1.0,0.0,3,6,3,0,0,0,0,9,1,1,0,0,9,1,1,8,1,9,0,1,0,1,1,0,4,7,5,8,3
2017.0,-34.0,1.0,0.0,2,1,3,0,0,2,1,2,1,1,0,1,2,1,1,10,1,9,0,0,0,2,1,0,6,2,5,9,3
2017.0,150.0,0.0,0.0,3,6,3,0,0,0,1,2,1,1,0,0,2,1,1,14,1,9,0,0,0,0,1,0,4,7,5,8,3
2017.0,114.0,0.0,0.0,3,10,3,0,0,0,1,2,1,1,0,1,2,1,1,15,1,9,0,0,0,1,1,0,6,9,5,3,2
2017.0,62.0,1.0,0.0,3,6,3,0,0,0,0,5,1,1,0,0,5,1,1,15,1,9,0,0,0,1,1,0,6,7,5,8,3
2017.0,0.0,2.0,0.0,2,4,3,0,0,0,1,2,1,1,0,0,5,1,1,16,1,9,0,1,0,2,1,0,4,2,5,3,9
2017.0,0.0,0.0,0.0,3,4,3,0,0,0,1,7,1,1,0,0,1,1,1,16,1,9,0,1,0,1,2,0,4,5,5,3,9
2017.0,0.0,0.0,0.0,3,4,3,0,0,0,1,2,1,1,0,0,5,1,1,16,1,9,0,1,0,0,1,0,4,2,5,3,9
2017.0,-165.0,0.0,0.0,3,6,3,0,0,0,1,1,1,1,0,0,1,1,1,17,1,9,0,1,0,2,1,0,6,7,5,8,2
2017.0,230.0,0.0,0.0,3,4,3,0,0,0,1,7,1,1,0,0,4,1,1,17,1,9,0,1,0,1,1,0,0,9,2,9,9
2017.0,0.0,0.0,0.0,3,1,0,0,0,0,0,2,1,1,0,0,1,1,1,19,1,9,0,1,0,2,2,0,4,2,5,3,3
2017.0,-386.0,1.0,0.0,1,10,0,0,0,0,1,2,1,1,0,0,2,1,1,21,1,9,0,0,0,1,0,0,6,9,5,3,2
2017.0,68.0,0.0,0.0,3,6,1,0,0,0,1,5,1,1,0,0,5,1,1,23,1,9,0,0,0,2,2,0,4,7,5,8,3
2017.0,0.0,0.0,0.0,3,6,0,0,0,0,1,9,1,1,0,1,9,1,1,1,2,9,0,0,0,2,1,0,4,2,5,3,9
2017.0,-115.0,0.0,0.0,3,6,3,0,0,0,2,2,1,1,0,0,2,1,1,8,2,9,0,1,0,0,1,0,4,7,5,8,3
2017.0,-50.0,2.0,0.0,2,6,3,0,0,0,0,1,1,1,0,0,1,1,1,8,2,9,0,1,0,2,1,0,4,7,5,8,3
2017.0,-200.0,0.0,0.0,3,6,3,0,0,0,1,9,1,1,0,0,9,1,1,8,2,9,0,1,0,1,0,0,6,7,5,8,3
2017.0,-223.0,3.0,0.0,2,4,3,0,0,0,0,7,1,1,0,0,2,1,1,9,2,9,0,1,0,2,0,0,0,2,5,3,9
2017.0,83.0,0.0,0.0,3,6,3,0,0,0,1,9,1,1,0,1,9,1,1,10,2,9,0,0,0,1,2,0,4,7,5,8,3
2017.0,72.0,2.0,0.0,1,6,3,0,0,0,0,9,1,1,0,0,9,1,1,10,2,9,0,0,0,1,0,0,4,7,5,8,3
2017.0,170.0,0.0,0.0,3,1,3,0,0,0,1,5,1,1,0,0,9,1,1,13,2,9,0,0,0,2,2,0,6,2,5,3,9
2017.0,0.0,2.0,0.0,2,12,3,0,0,0,1,9,1,1,0,0,1,1,1,13,2,9,0,0,0,1,1,0,4,2,5,9,3
2017.0,90.0,0.0,0.0,3,6,3,0,0,0,1,9,1,1,0,0,9,1,1,14,2,9,0,0,0,1,1,0,4,7,5,8,3
2017.0,282.0,0.0,0.0,3,6,3,0,0,0,0,1,1,1,0,0,1,1,1,16,2,9,0,1,0,1,2,0,4,7,5,8,3
2017.0,-289.0,1.0,0.0,3,5,3,0,0,2,1,5,1,1,0,1,9,1,1,16,2,9,0,1,0,2,1,0,6,9,5,3,9
2017.0,0.0,0.0,0.0,3,9,3,0,0,0,0,5,1,1,0,0,5,1,1,16,2,9,0,1,0,0,1,0,2,5,5,9,3
2017.0,0.0,0.0,0.0,3,4,3,0,0,0,1,2,1,1,0,1,5,1,1,16,2,9,0,1,0,2,1,0,4,2,5,3,9
2017.0,-80.0,0.0,0.0,3,10,3,0,0,0,0,2,1,1,0,0,2,1,1,16,2,9,0,1,0,1,1,0,4,9,5,3,2
2017.0,197.0,1.0,0.0,3,6,3,0,0,0,0,9,0,1,0,1,9,1,1,16,2,9,0,1,0,1,1,0,4,7,5,8,3
2017.0,-100.0,0.0,0.0,3,10,3,0,3,0,2,1,1,1,0,0,1,1,1,17,2,9,0,1,0,0,1,0,4,9,5,8,2
2017.0,192.0,4.0,0.0,2,10,3,0,0,0,0,9,1,1,0,1,9,1,1,17,2,9,0,1,0,2,1,0,4,7,5,8,3
2017.0,0.0,3.0,0.0,2,4,3,0,0,0,0,3,1,1,0,0,2,1,1,17,2,9,0,1,0,2,2,0,4,2,2,3,9
2017.0,0.0,0.0,0.0,3,4,3,0,0,0,0,5,1,1,0,0,2,1,1,7,3,9,0,1,0,1,1,0,4,2,5,3,9
2017.0,-290.0,0.0,0.0,3,10,3,0,0,0,1,2,1,1,0,0,2,1,1,7,3,9,0,1,0,1,2,0,4,9,5,3,2
2017.0,0.0,0.0,0.0,3,4,3,0,0,0,1,1,1,1,0,0,9,1,1,8,3,9,0,1,0,2,2,0,4,2,5,3,9
2017.0,-200.0,0.0,0.0,3,8,3,0,0,0,2,5,1,1,0,0,9,1,1,10,3,9,0,0,0,0,2,0,6,5,5,3,1
2017.0,650.0,0.0,0.0,3,10,3,0,0,0,0,1,1,1,0,1,1,1,1,11,3,9,0,0,0,1,1,0,6,9,5,3,2
2017.0,-635.0,2.0,0.0,2,4,3,0,0,0,0,1,1,1,0,1,5,1,1,12,3,9,0,0,0,1,1,0,0,5,5,3,9
2017.0,-228.0,0.0,0.0,3,1,3,0,0,0,1,1,1,1,0,1,5,1,1,13,3,9,0,0,0,0,1,0,0,2,5,3,9
2017.0,0.0,0.0,0.0,3,4,3,0,0,0,0,5,1,1,0,0,2,1,1,14,3,9,0,0,0,1,1,0,4,2,5,3,9
2017.0,0.0,2.0,0.0,2,1,3,0,0,0,1,5,1,1,0,0,9,1,1,14,3,9,0,0,0,1,1,0,4,2,5,3,3
2017.0,-105.0,0.0,0.0,3,6,3,0,0,0,1,2,1,1,0,0,2,1,1,14,3,9,0,0,0,1,2,0,4,7,5,8,3
2017.0,0.0,0.0,0.0,3,4,3,0,0,0,1,2,1,1,0,0,5,1,1,15,3,9,0,0,0,1,1,0,4,2,5,3,9
2017.0,0.0,2.0,0.0,3,4,3,0,0,0,0,2,1,1,0,1,5,1,1,15,3,9,0,0,0,2,2,0,4,2,5,3,9
2017.0,-39.0,0.0,0.0,3,10,3,0,0,0,0,2,1,1,0,1,2,1,1,15,3,9,0,0,0,1,1,0,4,9,5,3,9
2017.0,10.0,0.0,0.0,3,6,3,0,0,0,2,1,1,1,0,1,1,1,1,16,3,9,0,1,0,0,1,0,4,7,5,8,3
2017.0,200.0,2.0,0.0,3,6,3,0,0,0,1,9,1,1,0,1,9,1,1,17,3,9,0,1,0,1,1,0,4,7,5,8,3
2017.0,100.0,0.0,0.0,3,6,3,0,0,0,1,5,1,1,0,0,5,1,1,17,3,9,0,1,0,1,1,0,4,7,5,9,3
2017.0,0.0,1.0,0.0,3,4,4,0,0,0,0,9,1,1,0,1,5,1,1,18,3,9,0,1,0,2,1,0,4,2,5,9,3
2017.0,323.0,2.0,0.0,2,4,4,0,0,0,1,1,1,1,0,0,5,1,1,18,3,9,0,1,0,2,1,0,0,2,5,3,9
2017.0,0.0,1.0,0.0,2,4,0,0,0,0,1,1,1,1,0,1,9,1,1,18,3,9,0,1,0,1,1,0,2,2,5,9,3
2017.0,-200.0,0.0,0.0,3,4,0,0,0,0,1,5,0,1,0,1,2,1,1,19,3,9,0,1,0,1,1,0,6,4,5,3,9
2017.0,388.0,3.0,0.0,2,6,1,0,0,0,1,9,1,1,0,1,9,1,1,21,3,9,0,0,0,1,2,0,0,7,5,8,3
2017.0,-53.0,0.0,0.0,3,6,3,0,0,0,1,9,1,1,0,1,9,1,1,6,4,9,0,0,0,1,1,0,4,7,5,9,3
2017.0,-810.0,0.0,0.0,3,6,3,0,0,0,1,2,1,1,0,1,2,1,1,7,4,9,0,1,0,1,1,0,6,7,5,8,3
2017.0,15.0,0.0,0.0,3,6,3,1,0,0,0,9,1,1,0,1,9,1,1,7,4,9,0,1,0,2,2,0,4,7,5,9,3
2017.0,0.0,0.0,0.0,3,1,3,1,0,0,0,1,1,1,0,0,5,1,1,8,4,9,0,1,0,1,1,0,2,5,5,3,3
2017.0,0.0,2.0,0.0,2,1,3,0,0,0,0,2,1,1,0,0,1,1,1,8,4,9,0,1,0,1,1,0,4,2,5,3,3
2017.0,0.0,0.0,0.0,3,4,3,1,0,0,1,1,1,1,0,1,9,1,1,9,4,9,0,1,0,0,1,0,2,2,5,9,3
2017.0,127.0,0.0,0.0,3,6,3,0,0,0,1,9,1,1,0,1,9,1,1,10,4,9,0,0,0,2,1,0,4,7,5,8,3
2017.0,125.0,0.0,0.0,3,6,3,0,0,0,1,9,1,1,0,1,9,1,1,12,4,9,0,0,0,2,2,0,4,7,5,8,8
2017.0,-182.0,0.0,0.0,3,6,3,0,0,0,1,5,1,1,0,0,5,1,1,13,4,9,0,0,0,1,2,0,6,7,5,8,3
2017.0,50.0,0.0,0.0,3,6,3,0,0,0,1,5,1,1,0,0,5,1,1,13,4,9,0,0,0,2,1,0,4,7,5,3,3
2017.0,0.0,3.0,0.0,2,4,3,0,0,0,0,1,1,1,0,0,9,1,1,13,4,9,0,0,0,0,1,0,4,2,5,3,9
2017.0,350.0,0.0,0.0,3,10,3,0,0,0,1,9,1,1,0,0,9,1,1,14,4,9,0,0,0,2,2,0,6,9,5,3,3
2017.0,50.0,1.0,0.0,3,6,3,0,0,0,0,1,1,1,0,1,1,1,1,14,4,9,0,0,0,1,1,0,6,8,5,8,3
2017.0,150.0,1.0,0.0,3,4,3,0,0,0,0,7,1,1,0,1,1,1,1,14,4,9,0,0,0,1,1,0,0,7,5,3,9
2017.0,120.0,1.0,0.0,3,6,3,0,0,0,0,1,1,1,0,0,1,1,1,14,4,9,0,0,0,1,1,0,6,7,5,8,3
2017.0,-85.0,1.0,0.0,3,6,3,0,0,0,0,2,1,1,0,1,2,1,1,16,4,9,0,1,0,2,1,0,6,7,5,8,3
2017.0,0.0,2.0,0.0,3,4,3,0,0,0,0,1,1,1,0,0,9,1,1,16,4,9,0,1,0,1,1,0,4,2,5,3,9
2017.0,209.0,0.0,0.0,3,10,3,0,0,0,1,5,1,1,0,1,5,1,1,17,4,9,0,1,0,1,1,0,6,9,5,3,2
2017.0,-40.0,0.0,0.0,3,10,3,0,0,0,1,2,1,1,0,0,2,1,1,17,4,9,0,1,0,1,2,0,2,5,5,3,3
2017.0,0.0,0.0,0.0,3,4,3,0,0,0,0,9,1,1,0,1,5,1,1,17,4,9,0,1,0,1,0,0,4,2,5,9,3
2017.0,-50.0,0.0,0.0,3,6,0,0,0,0,2,1,1,1,0,0,1,1,1,19,4,9,0,1,0,0,1,0,4,7,5,8,3
2017.0,22.0,0.0,0.0,3,4,3,0,0,0,0,9,1,1,0,1,1,1,1,7,5,9,1,1,0,2,2,0,4,2,5,9,9
2017.0,0.0,0.0,0.0,3,1,3,0,0,0,2,9,1,1,0,1,5,1,1,11,5,9,1,0,0,0,1,0,4,2,5,9,3
2017.0,-10.0,0.0,0.0,3,1,3,0,0,0,1,5,1,1,0,1,9,1,1,11,5,9,1,0,0,1,0,0,4,4,5,9,9
2017.0,25.0,0.0,0.0,3,10,3,0,0,0,0,2,1,1,0,0,2,1,1,12,5,9,1,0,0,1,2,0,4,4,5,3,3
2017.0,-88.0,0.0,0.0,3,6,3,0,0,0,0,2,1,1,0,0,2,1,1,15,5,9,1,0,0,1,1,0,6,7,5,3,3
2017.0,-300.0,0.0,0.0,3,6,3,0,0,0,1,5,1,1,0,1,5,1,1,17,5,9,1,1,0,1,1,0,6,7,5,8,3
2017.0,350.0,0.0,0.0,3,10,0,0,0,0,0,1,1,1,0,0,1,1,1,19,5,9,1,1,0,0,2,0,6,9,5,3,2
2017.0,90.0,0.0,0.0,3,6,0,0,0,0,1,5,1,1,0,0,5,1,1,21,5,9,1,0,0,2,2,0,4,7,5,3,3
2017.0,0.0,2.0,0.0,2,4,0,0,0,0,0,1,1,1,0,0,5,1,1,23,5,9,1,0,0,1,2,0,4,2,5,3,9
2017.0,0.0,1.0,0.0,3,4,0,0,0,0,1,1,1,1,0,1,2,1,1,3,6,9,1,0,0,2,2,0,4,5,5,3,9
2017.0,528.0,0.0,0.0,3,3,0,0,0,0,1,5,0,1,0,1,2,1,1,4,6,9,1,0,0,1,1,0,6,7,5,8,3
2017.0,0.0,0.0,0.0,3,4,3,0,0,0,1,3,1,1,0,1,5,1,1,10,6,9,1,0,0,2,0,0,4,5,5,3,9
2017.0,25.0,0.0,0.0,3,1,3,0,0,0,1,9,1,1,0,1,5,1,1,13,6,9,1,0,0,1,1,0,6,2,5,3,9
2017.0,0.0,0.0,0.0,3,1,3,0,0,0,0,8,1,1,0,1,2,1,1,14,6,9,1,0,0,2,2,0,4,5,5,3,5
2017.0,-175.0,0.0,0.0,3,4,3,0,0,0,1,5,1,1,0,1,1,1,1,16,6,9,1,1,0,2,1,0,6,5,5,3,9
2017.0,-20.0,0.0,0.0,3,4,0,0,0,0,1,1,1,1,0,0,1,1,1,22,6,9,1,0,0,1,2,0,6,5,5,9,9
2017.0,0.0,1.0,0.0,1,1,3,0,0,0,0,9,1,1,2,0,5,1,1,6,0,9,0,0,0,1,1,0,4,2,5,3,3
2017.0,-300.0,1.0,0.0,3,1,3,0,0,0,0,9,1,1,0,1,2,1,1,6,0,9,0,0,0,0,0,0,6,2,5,3,9
2017.0,95.0,1.0,0.0,3,6,3,0,0,0,1,5,1,1,0,0,5,1,1,13,0,9,0,0,0,1,1,0,4,7,5,8,3
2017.0,-460.0,0.0,0.0,3,4,3,0,0,0,1,5,1,1,0,1,2,1,1,14,0,9,0,0,0,1,2,0,6,2,5,3,9
2017.0,-220.0,0.0,0.0,3,10,3,0,0,0,1,1,1,1,0,1,1,1,1,14,0,9,0,0,0,1,1,0,6,9,5,3,2
2017.0,0.0,0.0,0.0,3,1,3,0,0,0,0,1,1,1,0,1,2,1,1,16,0,9,0,1,0,2,2,0,4,2,5,3,3
2017.0,-70.0,0.0,0.0,3,10,3,0,0,0,1,1,1,1,0,1,1,1,1,16,0,9,0,1,0,1,0,0,4,5,5,9,3
2017.0,100.0,0.0,0.0,3,6,4,0,0,0,0,5,1,1,0,0,5,1,1,17,0,9,0,1,0,1,1,0,4,2,5,3,3
2017.0,100.0,2.0,0.0,2,12,3,0,0,2,1,5,1,1,0,1,9,1,1,18,0,9,0,1,0,1,1,0,4,6,5,3,7
2017.0,-74.0,1.0,0.0,3,6,0,0,0,0,1,5,1,1,1,1,5,1,1,19,0,9,0,1,0,2,1,0,6,5,5,6,5
2017.0,50.0,0.0,0.0,3,6,4,0,0,0,1,9,1,1,0,0,9,1,1,19,0,9,0,1,0,2,2,0,6,5,5,3,3
2017.0,335.0,0.0,0.0,3,12,1,0,0,0,1,9,1,1,1,1,9,1,1,19,0,9,0,1,0,1,1,0,6,7,5,6,3
2017.0,0.0,0.0,0.0,3,4,0,0,0,0,1,3,1,1,0,0,9,1,1,21,0,9,0,0,0,2,1,0,4,9,5,5,5
2017.0,-360.0,1.0,0.0,3,1,3,0,0,2,1,1,1,1,0,0,5,1,1,6,1,9,0,0,0,1,1,0,0,5,5,3,3
2017.0,160.0,0.0,0.0,3,6,3,1,0,0,1,9,1,1,0,1,9,1,1,7,1,9,0,1,0,1,1,0,6,7,5,8,3
2017.0,50.0,0.0,0.0,3,10,3,0,0,0,0,9,1,1,0,1,9,1,1,7,1,9,0,1,0,1,0,0,9,9,5,3,2
2017.0,-507.0,0.0,0.0,3,10,3,1,0,0,0,2,1,1,0,0,2,1,1,8,1,9,0,1,0,1,1,0,6,7,5,8,2
2017.0,0.0,2.0,0.0,2,4,3,1,0,0,1,9,1,1,0,1,1,1,1,9,1,9,0,1,0,1,1,0,4,2,5,3,9
2017.0,0.0,2.0,0.0,2,4,3,0,0,0,1,5,1,1,0,0,9,1,1,10,1,9,0,0,0,1,1,0,4,2,5,3,9
2017.0,0.0,0.0,0.0,3,6,3,1,0,0,1,5,1,1,0,1,5,1,1,11,1,9,0,0,0,0,0,0,4,7,5,8,3
2017.0,22.0,1.0,1.0,0,5,3,0,0,0,1,5,1,1,3,0,2,1,1,11,1,9,0,0,0,1,1,0,4,2,5,7,9
2017.0,130.0,0.0,0.0,3,6,3,0,0,0,0,5,1,1,0,0,5,1,1,12,1,9,0,0,0,1,1,0,4,7,5,3,3
2017.0,410.0,1.0,0.0,2,10,3,0,0,0,0,1,1,1,0,0,1,1,1,13,1,9,0,0,0,2,1,0,0,9,5,3,2
2017.0,-44.0,0.0,0.0,3,6,3,1,0,0,0,1,1,1,0,1,1,1,1,15,1,9,0,0,0,1,2,0,2,7,5,8,3
2017.0,-15.0,0.0,0.0,3,6,3,0,0,0,0,2,1,1,0,1,2,1,1,15,1,9,0,0,0,2,2,0,4,7,5,3,3
2017.0,0.0,1.0,0.0,2,6,3,0,0,0,1,2,1,1,0,0,2,1,1,16,1,9,0,1,0,1,1,0,4,7,5,8,3
2017.0,0.0,0.0,0.0,3,4,3,1,0,0,0,1,1,1,0,0,9,1,1,16,1,9,0,1,0,1,1,0,4,2,5,3,9
2017.0,-359.0,0.0,0.0,3,4,3,0,0,0,0,4,1,1,0,1,1,1,1,16,1,9,0,1,0,2,2,0,6,2,5,3,9
2017.0,0.0,0.0,0.0,3,1,4,0,0,0,1,9,1,1,0,0,5,1,1,18,1,9,0,1,0,1,1,0,4,2,5,3,3
2017.0,216.0,1.0,0.0,3,7,0,0,0,0,1,1,1,1,0,1,1,1,1,19,1,9,0,1,0,1,1,0,6,7,5,3,3
2017.0,0.0,1.0,0.0,3,7,0,0,0,0,1,9,1,1,0,0,2,1,1,20,1,9,0,0,0,2,2,0,4,5,7,3,3
2017.0,51.0,0.0,0.0,3,6,0,0,0,0,0,5,0,1,0,1,5,1,1,21,1,9,0,0,0,1,2,0,4,7,5,8,3
2017.0,0.0,0.0,0.0,3,6,1,0,0,0,0,1,1,1,0,1,1,1,1,22,1,9,0,0,0,2,1,0,4,7,5,3,3
2017.0,0.0,1.0,0.0,1,5,2,0,0,2,1,5,1,1,0,0,1,1,1,6,2,9,0,0,0,1,1,0,4,2,5,3,7
2017.0,0.0,0.0,0.0,3,10,3,0,0,0,1,1,1,1,0,0,1,1,1,10,2,9,0,0,0,0,2,0,2,4,5,9,9
2017.0,0.0,0.0,0.0,3,1,3,0,0,0,1,2,1,1,0,0,1,1,1,10,2,9,0,0,0,2,1,0,2,2,5,3,9
2017.0,-142.0,0.0,0.0,3,1,3,0,0,0,1,1,1,1,0,0,6,1,1,12,2,9,0,0,0,1,1,0,6,7,5,9,3
2017.0,-411.0,1.0,0.0,2,10,3,0,0,0,0,2,1,1,0,1,2,1,1,13,2,9,0,0,0,2,1,0,6,9,5,8,2
2017.0,-90.0,0.0,0.0,3,6,3,0,0,0,1,1,1,1,0,1,1,1,1,15,2,9,0,0,0,2,1,0,4,7,5,8,3
2017.0,-85.0,1.0,0.0,3,10,3,0,0,0,0,5,1,1,0,1,5,1,1,15,2,9,0,0,0,2,1,0,6,9,5,3,2