Year,Distance,Totalinjuries,Totalfatalities,Injuryseverity,Collisionmanner,Lightcondition,Weather,SurfaceCondition,Unittype_One,Gender_Drv1,Traveldirection_One,AlcoholUse_Drv1,DrugUse_Drv1,Unittype_Two,Gender_Drv2,Traveldirection_Two,AlcoholUse_Drv2,DrugUse_Drv2,Hour,Weekday,Month,Weekend,Rush_Hour,Hazardous_Road,Age_Group_Drv1,Age_Group_Drv2,Substance_Use,Junction_Category,Violation_Category_Drv1,Violation_Category_Drv2,Unitaction_Category_Two,Unitaction_Category_One
2017.0,-112.0,0.0,0.0,3,6,3,0,0,0,1,1,1,1,0,0,1,1,1,15,2,9,0,0,0,2,1,0,4,7,5,8,3
2017.0,100.0,0.0,0.0,3,6,3,0,0,0,1,2,1,1,0,0,2,1,1,16,2,9,0,1,0,1,1,0,6,7,5,8,3
2017.0,-200.0,0.0,0.0,3,4,3,0,0,0,1,7,1,1,0,1,1,1,1,16,2,9,0,1,0,2,2,0,0,2,5,3,9
2017.0,0.0,0.0,0.0,3,4,3,0,0,0,0,9,1,1,0,0,1,1,1,16,2,9,0,1,0,0,2,0,4,2,5,3,9
2017.0,-34.0,0.0,0.0,3,6,3,0,0,0,1,1,1,1,0,0,1,1,1,16,2,9,0,1,0,1,2,0,2,7,5,8,3
2017.0,-10.0,2.0,0.0,1,5,3,0,0,3,1,1,1,1,0,1,5,1,1,17,2,9,0,1,0,2,1,0,4,2,5,3,5
2017.0,50.0,0.0,0.0,3,6,3,0,0,0,1,5,1,1,0,1,5,1,1,17,2,9,0,1,0,2,1,0,4,7,7,3,3
2017.0,-405.0,0.0,0.0,3,6,3,0,0,0,1,1,1,1,0,0,1,1,1,17,2,9,0,1,0,2,1,0,2,9,5,8,2
2017.0,0.0,2.0,0.0,3,4,4,0,0,0,0,9,1,1,0,1,1,1,1,18,2,9,0,1,0,1,2,0,4,2,5,9,3
2017.0,53.0,0.0,0.0,3,10,0,0,0,0,0,2,1,1,1,1,2,1,1,21,2,9,0,0,0,1,1,0,6,7,5,6,3
2017.0,600.0,0.0,0.0,3,10,0,0,0,0,1,1,0,1,1,1,1,1,1,22,2,9,0,0,0,1,1,0,6,7,5,5,3
2017.0,0.0,0.0,0.0,3,1,3,0,0,0,0,9,1,1,0,1,1,1,1,6,3,9,0,0,0,1,1,0,4,2,5,9,3
2017.0,180.0,1.0,0.0,3,6,3,0,0,0,0,9,1,1,0,0,9,1,1,6,3,9,0,0,0,1,1,0,4,7,5,8,3
2017.0,-75.0,0.0,0.0,3,6,3,0,0,0,1,9,1,1,0,0,9,1,1,8,3,9,0,1,0,1,1,0,4,7,5,3,3
2017.0,0.0,0.0,0.0,3,1,3,0,0,0,1,9,1,1,0,1,5,1,1,12,3,9,0,0,0,1,1,0,2,2,5,3,3
2017.0,44.0,0.0,0.0,3,6,3,0,0,0,1,2,1,1,0,1,2,1,1,12,3,9,0,0,0,2,2,0,6,7,5,8,3
2017.0,-199.0,1.0,0.0,3,6,3,0,0,0,1,5,1,1,0,1,5,1,1,12,3,9,0,0,0,1,0,0,4,7,5,8,3
2017.0,20.0,1.0,0.0,2,6,3,0,0,0,0,2,1,1,0,1,2,1,1,14,3,9,0,0,0,1,1,0,6,7,5,3,3
2017.0,445.0,0.0,0.0,3,6,3,0,0,0,0,5,1,1,0,0,5,1,1,14,3,9,0,0,0,1,1,0,6,7,5,8,3
2017.0,250.0,1.0,0.0,2,6,3,0,0,0,1,9,1,1,0,0,9,1,1,14,3,9,0,0,0,2,1,0,4,7,5,8,3
2017.0,-147.0,0.0,0.0,3,6,3,0,0,0,1,1,1,1,0,0,1,1,1,15,3,9,0,0,0,1,1,0,6,7,5,8,3
2017.0,0.0,0.0,0.0,3,6,3,0,0,0,0,2,1,1,0,0,2,1,1,16,3,9,0,1,0,1,0,0,4,8,5,3,3
2017.0,0.0,0.0,0.0,3,4,3,0,0,0,0,9,1,1,0,0,5,1,1,16,3,9,0,1,0,2,1,0,4,2,5,9,3
2017.0,-350.0,0.0,0.0,3,4,3,0,0,0,1,3,1,1,0,1,5,1,1,16,3,9,0,1,0,1,1,0,6,2,5,3,9
2017.0,100.0,0.0,0.0,3,1,3,0,0,0,0,9,1,1,0,1,5,1,1,16,3,9,0,1,0,2,1,0,4,2,5,3,9
2017.0,0.0,0.0,0.0,3,4,3,0,0,0,1,2,1,1,0,0,5,1,1,17,3,9,0,1,0,2,1,0,4,2,5,3,9
2017.0,0.0,0.0,0.0,3,4,3,0,0,0,1,4,1,1,0,1,5,1,1,17,3,9,0,1,0,2,1,0,4,2,5,3,9
2017.0,-20.0,0.0,0.0,3,6,3,0,0,0,0,1,1,1,0,0,5,1,1,17,3,9,0,1,0,2,1,0,4,8,5,3,8
2017.0,0.0,0.0,0.0,3,1,3,0,0,0,0,2,1,1,0,1,5,1,1,17,3,9,0,1,0,1,2,0,4,2,5,3,9
2017.0,-100.0,0.0,0.0,3,6,3,0,0,0,1,5,1,1,0,0,5,1,1,17,3,9,0,1,0,1,1,0,4,7,5,8,3
2017.0,0.0,1.0,0.0,3,4,0,0,0,0,0,9,1,1,0,0,1,1,1,20,3,9,0,0,0,1,1,0,4,5,5,3,9
2017.0,50.0,0.0,0.0,3,4,0,0,0,0,1,9,1,1,0,1,9,1,1,22,3,9,0,0,0,2,2,0,2,9,5,9,9
2017.0,-644.0,0.0,0.0,3,1,3,0,0,0,0,2,1,1,0,1,1,1,1,6,4,9,0,0,0,2,0,0,0,2,5,3,9
2017.0,0.0,0.0,0.0,3,6,3,0,0,0,0,1,1,1,0,0,1,1,1,7,4,9,0,1,0,1,1,0,4,7,5,9,9
2017.0,40.0,1.0,0.0,2,1,3,0,0,2,1,9,1,1,0,1,2,1,1,8,4,9,0,1,0,1,1,0,2,5,5,3,7
2017.0,0.0,0.0,0.0,3,1,3,0,0,0,0,5,1,1,0,0,1,1,1,9,4,9,0,1,0,1,0,0,4,2,5,3,3
2017.0,312.0,0.0,0.0,3,10,3,0,0,0,1,1,1,1,0,1,1,1,1,10,4,9,0,0,0,1,2,0,6,9,9,2,2
2017.0,237.0,0.0,0.0,3,4,3,0,0,0,1,4,1,1,0,0,9,1,1,10,4,9,0,0,0,2,1,0,0,2,5,3,9
2017.0,85.0,0.0,0.0,3,6,3,0,0,0,1,5,1,1,0,1,5,1,1,11,4,9,0,0,0,2,2,0,4,7,5,8,3
2017.0,0.0,2.0,0.0,2,1,3,0,0,0,0,9,1,1,0,0,5,1,1,11,4,9,0,0,0,1,2,0,4,9,5,8,3
2017.0,0.0,1.0,0.0,2,10,3,0,0,0,0,5,1,1,0,1,5,1,1,12,4,9,0,0,0,1,1,0,2,2,5,3,9
2017.0,-130.0,0.0,0.0,3,6,3,0,0,0,1,1,1,1,0,1,1,1,1,12,4,9,0,0,0,2,1,0,4,7,5,8,3
2017.0,10.0,0.0,0.0,3,1,3,0,0,0,1,9,1,1,0,1,2,1,1,12,4,9,0,0,0,1,1,0,4,5,5,3,9
2017.0,14.0,0.0,0.0,3,1,3,0,0,0,1,4,1,1,0,0,4,1,1,13,4,9,0,0,0,1,1,0,4,4,5,9,9
2017.0,0.0,0.0,0.0,3,10,3,0,0,0,0,4,1,1,0,0,4,1,1,13,4,9,0,0,0,0,1,0,4,5,5,9,9
2017.0,254.0,0.0,0.0,3,6,3,0,0,0,0,2,1,1,0,0,2,1,1,14,4,9,0,0,0,2,2,0,6,7,5,3,3
2017.0,-528.0,1.0,0.0,2,12,3,0,0,0,2,1,1,1,0,0,5,1,1,15,4,9,0,0,0,0,1,0,6,2,5,3,9
2017.0,203.0,1.0,0.0,3,6,3,0,0,0,0,9,1,0,0,0,9,1,1,16,4,9,0,1,0,1,1,0,4,7,5,8,3
2017.0,153.0,0.0,0.0,3,6,3,0,0,0,0,9,1,1,0,0,9,1,1,16,4,9,0,1,0,2,1,0,6,7,5,8,3
2017.0,350.0,1.0,0.0,3,1,3,0,0,0,0,5,1,1,0,1,1,1,1,17,4,9,0,1,0,2,1,0,0,5,5,3,9
2017.0,0.0,2.0,0.0,2,4,0,0,0,0,0,2,1,1,0,1,5,1,1,18,4,9,0,1,0,1,1,0,4,2,5,9,3
2017.0,40.0,0.0,0.0,3,10,0,0,0,0,1,2,1,1,0,1,1,1,1,20,4,9,0,0,0,2,1,0,4,9,5,3,9
2017.0,0.0,0.0,0.0,3,1,3,0,0,0,1,2,1,1,0,0,6,1,1,6,5,9,1,0,0,1,1,0,4,5,5,9,3
2017.0,0.0,0.0,0.0,3,4,3,0,0,0,0,2,1,1,0,1,9,1,1,10,5,9,1,0,0,2,1,0,4,2,5,3,9
2017.0,200.0,0.0,0.0,3,6,3,0,0,0,1,2,1,1,0,0,2,1,1,12,5,9,1,0,0,1,1,0,4,7,5,3,2
2017.0,-50.0,0.0,0.0,3,6,3,0,0,0,1,4,1,1,0,1,4,1,1,14,5,9,1,0,0,1,2,0,2,8,5,9,9
2017.0,-40.0,0.0,0.0,3,6,3,0,0,0,0,1,1,1,0,1,1,1,1,14,5,9,1,0,0,1,1,0,6,7,5,3,3
2017.0,70.0,1.0,0.0,2,6,3,0,0,0,1,9,0,1,0,0,9,1,1,16,5,9,1,1,0,1,2,0,4,8,5,8,3
2017.0,-25.0,0.0,0.0,3,1,3,0,0,0,1,2,1,1,0,0,9,1,1,16,5,9,1,1,0,2,0,0,6,2,5,3,9
2017.0,-20.0,0.0,0.0,3,10,4,0,0,0,0,9,1,1,0,0,9,1,1,17,5,9,1,1,0,0,1,0,2,5,5,3,3
2017.0,0.0,0.0,0.0,3,4,0,0,0,0,0,1,1,1,0,1,9,1,1,18,5,9,1,1,0,0,2,0,4,2,5,3,9
2017.0,0.0,0.0,0.0,3,4,0,0,0,0,0,9,1,1,0,1,9,1,1,20,5,9,1,0,0,2,2,0,4,4,5,3,9
2017.0,-20.0,1.0,0.0,3,1,0,0,0,2,1,2,1,1,0,0,1,1,1,20,5,9,1,0,0,1,1,0,4,5,5,9,3
2017.0,20.0,1.0,0.0,2,6,3,0,0,0,2,1,1,1,0,1,1,1,1,17,6,10,1,1,0,0,1,0,4,7,5,3,3
2017.0,0.0,0.0,0.0,3,4,3,0,0,0,0,5,1,1,0,1,1,1,1,18,6,10,1,1,0,2,1,0,4,2,5,3,9
2017.0,0.0,0.0,0.0,3,4,0,0,0,0,2,5,1,1,0,1,5,1,1,18,6,10,1,1,0,0,2,0,4,4,5,3,3
2017.0,-200.0,0.0,0.0,3,6,3,0,0,0,1,2,1,1,0,1,2,1,1,8,0,10,0,1,0,1,1,0,6,7,5,3,3
2017.0,0.0,0.0,0.0,3,4,3,0,0,0,0,5,1,1,0,1,2,1,1,8,0,10,0,1,0,1,1,0,4,2,5,3,9
2017.0,-25.0,0.0,0.0,3,1,3,0,0,0,1,7,0,1,0,1,9,1,1,9,0,10,0,1,0,1,1,0,6,9,5,3,9
2017.0,170.0,1.0,0.0,3,6,3,0,0,0,1,2,1,1,0,0,2,1,1,10,0,10,0,0,0,1,1,0,6,7,5,8,8
2017.0,0.0,1.0,0.0,3,5,3,0,0,2,1,1,1,1,0,0,5,1,1,11,0,10,0,0,0,0,1,0,4,2,5,9,3
2017.0,30.0,0.0,0.0,3,4,3,0,0,0,0,5,1,1,0,0,5,1,1,11,0,10,0,0,0,2,1,0,4,7,7,9,9
2017.0,0.0,1.0,0.0,3,1,3,0,0,0,1,9,1,1,0,0,9,1,1,16,0,10,0,1,0,2,1,0,4,9,5,3,9
2017.0,0.0,3.0,0.0,1,1,3,0,0,0,0,2,0,1,0,0,9,1,1,16,0,10,0,1,0,1,1,0,4,2,5,3,3
2017.0,-300.0,0.0,0.0,3,6,3,0,0,0,0,5,1,1,0,0,5,1,1,17,0,10,0,1,0,1,0,0,6,7,5,8,8
2017.0,60.0,0.0,0.0,3,10,3,0,0,0,0,5,1,1,0,1,5,1,1,17,0,10,0,1,0,0,1,0,4,9,5,8,3
2017.0,-218.0,0.0,0.0,3,5,3,0,0,0,0,9,1,1,1,1,1,1,1,17,0,10,0,1,0,1,1,0,4,5,5,8,1
2017.0,-500.0,0.0,0.0,3,6,2,0,0,0,0,5,1,1,0,1,5,1,1,18,0,10,0,1,0,0,1,0,6,8,5,3,3
2017.0,-128.0,1.0,0.0,3,6,3,0,0,0,0,1,0,1,0,0,1,1,1,18,0,10,0,1,0,1,1,0,4,7,5,8,2
2017.0,-0.15,1.0,3.0,0,3,0,0,0,0,1,1,0,1,0,0,9,1,1,19,0,10,0,1,0,1,1,0,6,7,5,3,3
2017.0,0.0,0.0,0.0,3,4,0,0,0,0,1,2,1,1,0,1,5,1,1,23,0,10,0,0,0,1,2,0,4,2,5,9,3
2017.0,7.0,0.0,0.0,3,1,3,0,0,0,1,5,1,1,0,1,5,1,1,6,1,10,0,0,0,2,1,0,4,4,5,9,8
2017.0,-480.0,0.0,0.0,3,6,3,0,0,0,1,2,1,1,0,0,2,1,1,7,1,10,0,1,0,1,1,0,4,7,5,8,3
2017.0,0.0,3.0,0.0,3,4,3,4,0,0,1,9,1,1,0,1,5,1,1,7,1,10,0,1,0,2,1,0,4,2,5,3,9
2017.0,27.0,2.0,0.0,3,5,3,0,0,0,1,1,1,1,0,0,1,1,1,7,1,10,0,1,0,2,1,0,4,4,5,3,2
2017.0,0.0,2.0,0.0,1,4,2,0,0,0,0,1,1,1,0,1,2,1,1,7,1,10,0,1,0,1,0,0,4,5,5,9,3
2017.0,320.0,0.0,0.0,3,1,3,0,0,0,1,9,1,1,0,0,2,1,1,8,1,10,0,1,0,1,1,0,4,2,3,3,9
2017.0,75.0,0.0,0.0,3,10,3,0,0,0,1,5,1,1,0,1,5,1,1,8,1,10,0,1,0,1,2,0,6,9,5,3,2
2017.0,-25.0,1.0,0.0,3,6,3,0,0,0,1,2,1,1,0,1,2,1,1,9,1,10,0,1,0,1,0,0,4,7,5,8,3
2017.0,-95.0,1.0,0.0,2,6,3,0,0,0,0,2,1,1,0,0,2,1,1,10,1,10,0,0,0,2,2,0,4,7,5,8,3
2017.0,-150.0,0.0,0.0,3,6,3,0,0,0,0,2,1,1,0,0,2,1,1,12,1,10,0,0,0,1,2,0,4,7,5,8,3
2017.0,-25.0,0.0,0.0,3,6,3,0,0,0,1,2,1,1,0,1,2,1,1,13,1,10,0,0,0,1,1,0,1,8,5,3,3
2017.0,86.0,0.0,0.0,3,6,3,0,0,0,1,9,1,1,0,1,9,1,1,13,1,10,0,0,0,1,1,0,4,7,5,3,8
2017.0,533.0,0.0,0.0,3,1,3,0,0,0,0,7,1,1,0,0,9,1,1,13,1,10,0,0,0,2,1,0,0,5,5,3,9
2017.0,150.0,0.0,0.0,3,6,3,0,0,0,1,9,1,1,0,0,9,1,1,14,1,10,0,0,0,2,1,0,6,7,5,8,3
2017.0,20.0,1.0,0.0,1,10,3,0,0,0,0,5,1,1,0,1,5,1,1,15,1,10,0,0,0,2,1,0,4,9,5,8,2
2017.0,-400.0,1.0,0.0,3,6,3,0,0,0,1,2,1,1,0,1,2,1,1,15,1,10,0,0,0,1,1,0,6,7,5,8,3
2017.0,-330.0,1.0,0.0,3,6,3,0,0,0,1,1,1,1,0,1,1,1,1,15,1,10,0,0,0,2,1,0,6,7,5,8,3
2017.0,390.0,1.0,0.0,3,4,3,0,0,0,0,1,1,1,0,0,9,1,1,17,1,10,0,1,0,1,0,0,6,2,5,3,9
2017.0,0.0,2.0,0.0,2,4,3,0,0,0,1,3,1,1,0,0,4,1,1,17,1,10,0,1,0,0,2,0,4,2,5,3,9
2017.0,0.0,0.0,0.0,3,4,0,0,0,0,1,9,1,1,0,1,1,1,1,19,1,10,0,1,0,1,2,0,4,2,5,3,9
2017.0,42.0,2.0,0.0,3,6,0,0,0,0,0,9,1,1,0,1,9,1,1,23,1,10,0,0,0,2,2,0,4,8,5,3,3
2017.0,0.0,1.0,0.0,3,6,2,0,0,0,1,9,1,1,0,0,9,1,1,6,2,10,0,0,0,2,1,0,4,7,5,8,3
2017.0,0.0,0.0,0.0,3,4,3,0,0,0,0,9,1,1,0,1,1,1,1,8,2,10,0,1,0,1,1,0,4,7,5,8,3
2017.0,80.0,1.0,0.0,3,6,3,0,0,0,1,9,1,1,0,1,9,1,1,10,2,10,0,0,0,2,0,0,4,7,5,8,3
2017.0,0.0,0.0,0.0,3,1,3,0,0,0,1,9,1,1,0,1,5,1,1,10,2,10,0,0,0,1,2,0,4,2,5,3,3
2017.0,-44.0,1.0,0.0,3,1,3,0,0,0,0,5,1,1,0,0,9,1,1,11,2,10,0,0,0,1,2,0,4,2,5,3,9
2017.0,-470.0,0.0,0.0,3,4,3,0,0,0,1,1,1,1,0,0,5,1,1,12,2,10,0,0,0,1,0,0,6,9,2,8,9
2017.0,253.0,0.0,0.0,3,6,3,0,0,0,0,9,1,1,0,0,9,1,1,12,2,10,0,0,0,1,2,0,6,9,5,3,2
2017.0,-285.0,1.0,0.0,2,6,3,0,0,0,1,2,1,1,0,1,2,1,1,13,2,10,0,0,0,1,1,0,6,7,5,8,8
2017.0,-173.0,0.0,0.0,3,8,3,0,0,0,0,5,1,1,1,1,1,1,1,14,2,10,0,0,0,2,0,0,6,5,5,6,1
2017.0,-181.0,0.0,0.0,3,1,3,0,0,0,0,5,1,1,0,0,9,1,1,14,2,10,0,0,0,2,2,0,0,4,5,3,9
2017.0,0.0,0.0,0.0,3,4,3,0,0,0,1,1,1,1,0,0,9,1,1,15,2,10,0,0,0,2,1,0,4,2,5,3,9
2017.0,-58.0,2.0,0.0,3,6,3,0,0,0,0,9,1,1,0,1,9,1,1,15,2,10,0,0,0,2,1,0,4,7,5,8,2
2017.0,-300.0,0.0,0.0,3,10,3,0,0,0,1,1,1,1,0,0,1,1,1,16,2,10,0,1,0,2,1,0,6,9,5,3,2
2017.0,202.0,2.0,0.0,3,6,3,0,0,0,0,1,1,1,0,0,1,1,1,16,2,10,0,1,0,1,1,0,6,7,5,8,3
2017.0,29.0,1.0,0.0,3,6,3,0,0,0,0,5,1,1,0,0,5,1,1,17,2,10,0,1,0,1,1,0,4,7,5,8,3
2017.0,-380.0,0.0,0.0,3,1,3,0,0,0,0,3,1,1,0,0,2,1,1,17,2,10,0,1,0,1,1,0,6,2,5,3,5
2017.0,-500.0,0.0,0.0,3,1,3,0,0,0,0,9,1,1,0,1,2,1,1,18,2,10,0,1,0,2,1,0,0,2,5,3,3
2017.0,-500.0,0.0,0.0,3,6,0,0,0,0,0,2,1,1,0,1,2,1,1,18,2,10,0,1,0,2,2,0,6,7,5,8,3
2017.0,-100.0,0.0,0.0,3,6,0,0,0,0,0,5,0,1,1,1,5,1,1,19,2,10,0,1,0,2,1,0,6,7,5,6,3
2017.0,0.0,0.0,0.0,3,1,0,0,0,0,1,5,1,1,0,1,9,1,1,19,2,10,0,1,0,2,1,0,4,2,5,9,3
2017.0,-1100.0,1.0,0.0,1,6,0,4,3,0,0,5,1,1,0,1,5,1,1,0,3,10,0,0,0,2,2,0,6,5,5,5,5
2017.0,0.0,1.0,0.0,3,1,0,0,0,0,1,9,1,1,0,1,5,1,1,3,3,10,0,0,0,1,1,0,4,2,5,3,3
2017.0,0.0,1.0,0.0,2,1,3,0,0,0,1,1,1,1,0,1,5,1,1,7,3,10,0,1,0,0,1,0,2,2,5,3,3
2017.0,155.0,0.0,0.0,3,6,3,0,0,0,1,5,1,1,0,1,5,1,1,7,3,10,0,1,0,2,1,0,4,7,5,8,3
2017.0,55.0,0.0,0.0,3,6,3,0,0,0,1,9,1,1,0,0,9,1,1,8,3,10,0,1,0,1,0,0,4,7,5,8,3
2017.0,97.0,0.0,0.0,3,10,3,0,0,0,2,2,1,1,0,0,2,1,1,8,3,10,0,1,0,0,0,0,6,7,5,8,3
2017.0,70.0,0.0,0.0,3,6,3,0,0,0,0,5,1,1,0,0,5,1,1,8,3,10,0,1,0,2,2,0,4,7,5,8,3
2017.0,-143.0,0.0,0.0,3,6,3,0,0,0,0,1,1,1,0,0,1,1,1,8,3,10,0,1,0,2,2,0,4,7,5,8,8
2017.0,0.0,1.0,0.0,3,1,3,0,0,0,1,1,1,1,0,1,2,1,1,9,3,10,0,1,0,0,1,0,4,2,5,3,3
2017.0,0.0,0.0,0.0,3,1,3,0,0,0,0,5,1,1,0,1,9,1,1,10,3,10,0,0,0,1,1,0,4,2,5,3,9
2017.0,0.0,0.0,0.0,3,4,3,0,0,0,1,5,1,1,0,1,2,1,1,12,3,10,0,0,0,1,0,0,4,2,5,3,9
2017.0,-600.0,0.0,0.0,3,4,3,0,0,0,0,1,1,1,0,0,5,1,1,13,3,10,0,0,0,1,0,0,6,2,5,3,9
2017.0,0.0,3.0,0.0,3,4,3,0,0,0,1,9,1,1,0,1,1,1,1,14,3,10,0,0,0,1,1,0,4,2,5,3,9
2017.0,-59.0,2.0,0.0,3,6,3,0,0,0,1,1,1,1,0,0,1,1,1,16,3,10,0,1,0,1,2,0,2,7,5,8,3
2017.0,250.0,1.0,0.0,3,6,0,0,0,0,1,1,1,1,0,1,1,1,1,17,3,10,0,1,0,1,1,0,6,7,5,8,3
2017.0,-1360.0,0.0,0.0,3,6,4,0,0,0,0,1,1,1,0,1,1,1,1,17,3,10,0,1,0,1,2,0,6,7,5,8,3
2017.0,-300.0,0.0,0.0,3,6,1,0,0,0,0,2,1,1,0,0,2,1,1,18,3,10,0,1,0,0,2,0,6,7,5,8,3
2017.0,-245.0,0.0,0.0,3,10,3,0,0,0,0,5,1,1,0,0,5,1,1,8,4,10,0,1,0,1,1,0,6,9,5,3,2
2017.0,40.0,0.0,0.0,3,6,3,0,0,0,0,9,1,1,0,0,9,1,1,8,4,10,0,1,0,1,1,0,6,7,5,3,3
2017.0,0.0,0.0,0.0,3,4,3,0,0,0,1,7,1,1,0,1,6,1,1,10,4,10,0,0,0,1,1,0,4,2,5,9,9
2017.0,-284.0,2.0,0.0,2,6,3,0,0,0,1,2,1,1,0,0,2,1,1,10,4,10,0,0,0,1,1,0,6,7,5,9,3
2017.0,149.0,0.0,0.0,3,6,3,0,0,0,1,2,1,1,0,1,2,1,1,11,4,10,0,0,0,2,1,0,4,7,5,8,3
2017.0,245.0,0.0,0.0,3,10,3,0,0,0,1,9,1,1,0,0,9,1,1,11,4,10,0,0,0,1,1,0,6,9,5,3,2
2017.0,150.0,0.0,0.0,3,10,3,0,0,0,1,1,1,1,0,1,1,1,1,13,4,10,0,0,0,2,0,0,6,5,5,3,5
2017.0,450.0,0.0,0.0,3,4,3,0,0,0,1,3,1,1,0,1,5,1,1,13,4,10,0,0,0,2,1,0,6,2,5,3,9
2017.0,621.0,0.0,0.0,3,10,3,0,0,0,0,1,1,1,0,1,1,1,1,14,4,10,0,0,0,2,1,0,6,2,5,3,9
2017.0,0.0,0.0,0.0,3,4,3,0,0,0,1,4,1,1,0,0,1,1,1,14,4,10,0,0,0,1,2,0,2,2,5,3,9
2017.0,61.0,0.0,0.0,3,6,3,0,0,0,1,1,1,1,0,0,1,1,1,14,4,10,0,0,0,1,2,0,6,7,5,3,3
2017.0,59.0,0.0,0.0,3,1,3,0,0,0,2,2,1,1,0,1,6,1,1,15,4,10,0,0,0,0,2,0,6,9,5,9,3
2017.0,140.0,0.0,0.0,3,10,3,0,0,0,1,5,1,1,0,0,5,1,1,16,4,10,0,1,0,1,2,0,4,9,5,3,2
2017.0,-202.0,2.0,0.0,2,6,3,0,0,0,0,5,1,1,0,0,5,1,1,17,4,10,0,1,0,2,1,0,4,7,5,8,3
2017.0,0.0,1.0,0.0,3,4,3,0,0,0,0,2,1,1,0,0,5,1,1,17,4,10,0,1,0,1,2,0,4,2,5,3,9
2017.0,0.0,0.0,0.0,3,4,3,0,0,0,0,2,1,1,0,1,5,1,1,17,4,10,0,1,0,2,1,0,4,2,5,3,9
2017.0,200.0,0.0,0.0,3,6,1,0,0,0,0,9,1,1,0,0,9,1,1,18,4,10,0,1,0,1,1,0,6,5,5,3,3
2017.0,43.0,0.0,0.0,3,6,0,0,0,0,1,5,1,1,0,1,5,1,1,18,4,10,0,1,0,1,1,0,4,7,5,8,3
2017.0,0.0,2.0,0.0,2,1,0,0,0,0,1,5,1,1,0,0,9,1,1,23,4,10,0,0,0,0,2,0,4,2,5,3,3
2017.0,0.0,0.0,0.0,3,1,3,0,0,0,0,4,1,1,0,1,1,1,1,11,5,10,1,0,0,1,1,0,4,4,5,3,9
2017.0,0.0,0.0,0.0,3,1,0,0,0,0,1,9,1,1,0,0,5,1,1,18,5,10,1,1,0,2,1,0,4,2,5,3,3
2017.0,-150.0,2.0,0.0,2,6,0,0,0,0,1,2,1,1,0,0,2,1,1,18,5,10,1,1,0,0,1,0,4,7,5,8,3
2017.0,-550.0,0.0,0.0,3,1,0,0,0,0,2,2,1,1,0,1,1,1,1,20,5,10,1,0,0,0,1,0,6,2,5,3,5
2017.0,-30.0,0.0,0.0,3,6,0,0,0,0,2,2,1,1,0,1,2,1,1,21,5,10,1,0,0,0,1,0,2,7,5,8,3
2017.0,-15.0,0.0,0.0,3,6,3,0,0,0,1,1,1,1,0,1,1,1,1,5,6,10,1,0,0,1,1,0,4,5,5,8,3
2017.0,25.0,0.0,0.0,3,4,3,0,0,0,0,1,1,1,0,0,9,1,1,12,6,10,1,0,0,2,1,0,6,5,5,3,9
2017.0,0.0,0.0,0.0,3,1,3,0,0,0,2,2,1,1,0,1,9,1,1,16,6,10,1,1,0,0,0,0,4,2,5,3,7
2017.0,0.0,0.0,0.0,3,4,0,4,0,0,1,2,1,1,0,1,1,1,1,18,6,10,1,1,0,1,1,0,4,5,5,9,3
2017.0,0.0,0.0,0.0,3,4,3,0,0,0,1,1,1,1,0,0,9,1,1,6,0,10,0,0,0,1,2,0,4,2,5,5,5
2017.0,-85.0,1.0,0.0,3,6,3,0,0,0,1,2,1,1,0,0,2,1,1,6,0,10,0,0,0,2,1,0,4,7,5,8,3
2017.0,-45.0,0.0,0.0,3,6,3,0,0,0,1,2,1,1,0,1,2,1,1,9,0,10,0,1,0,2,1,0,4,7,5,8,3
2017.0,87.0,1.0,0.0,3,6,3,0,0,0,1,1,1,1,0,0,1,1,1,11,0,10,0,0,0,1,1,0,6,7,5,8,3
2017.0,-95.0,0.0,0.0,3,6,3,0,0,0,1,1,1,1,0,1,1,1,1,13,0,10,0,0,0,1,1,0,4,7,5,8,3
2017.0,-45.0,3.0,0.0,2,6,3,0,0,0,0,5,1,1,0,0,5,1,1,16,0,10,0,1,0,1,1,0,4,5,5,8,0
2017.0,53.0,0.0,0.0,3,6,3,0,0,0,1,5,1,1,0,0,5,1,1,17,0,10,0,1,0,1,2,0,4,7,5,8,3
2017.0,-60.0,0.0,0.0,3,1,0,0,0,0,0,5,1,1,0,1,9,1,1,18,0,10,0,1,0,2,1,0,6,7,5,3,5
2017.0,285.0,0.0,0.0,3,1,3,0,0,0,1,9,1,1,0,1,9,1,1,7,1,10,0,1,0,1,1,0,6,7,5,8,3
2017.0,0.0,2.0,0.0,2,6,3,0,0,0,0,5,1,1,0,1,5,1,1,8,1,10,0,1,0,2,1,0,0,7,5,9,3
2017.0,0.0,2.0,0.0,2,1,3,0,0,0,0,9,1,1,0,0,5,1,1,9,1,10,0,1,0,2,1,0,4,2,5,3,3
2017.0,110.0,0.0,0.0,3,6,3,0,0,0,0,9,1,1,0,1,9,1,1,11,1,10,0,0,0,2,2,0,4,7,5,8,3
2017.0,0.0,0.0,0.0,3,4,3,0,0,0,1,2,1,1,0,1,5,1,1,13,1,10,0,0,0,2,1,0,4,2,5,3,9
2017.0,-28.0,0.0,0.0,3,1,3,0,0,0,1,1,1,1,0,1,5,1,1,14,1,10,0,0,0,1,1,0,4,2,5,8,8