Year,Distance,Totalinjuries,Totalfatalities,Injuryseverity,Collisionmanner,Lightcondition,Weather,SurfaceCondition,Unittype_One,Gender_Drv1,Traveldirection_One,AlcoholUse_Drv1,DrugUse_Drv1,Unittype_Two,Gender_Drv2,Traveldirection_Two,AlcoholUse_Drv2,DrugUse_Drv2,Hour,Weekday,Month,Weekend,Rush_Hour,Hazardous_Road,Age_Group_Drv1,Age_Group_Drv2,Substance_Use,Junction_Category,Violation_Category_Drv1,Violation_Category_Drv2,Unitaction_Category_Two,Unitaction_Category_One
2017.0,210.0,2.0,0.0,3,6,3,0,0,0,1,1,1,1,0,1,1,1,1,14,1,10,0,0,0,2,1,0,6,7,5,9,3
2017.0,0.0,0.0,0.0,3,1,3,0,0,0,0,1,1,1,0,0,5,1,1,15,1,10,0,0,0,2,2,0,2,2,5,3,9
2017.0,116.0,1.0,0.0,3,6,3,0,0,0,1,9,1,1,0,1,9,1,1,16,1,10,0,1,0,1,1,0,4,7,5,8,3
2017.0,205.0,1.0,0.0,3,6,3,0,0,0,1,1,1,1,0,1,1,1,1,16,1,10,0,1,0,2,1,0,6,7,5,8,3
2017.0,-82.0,0.0,0.0,3,6,3,0,0,0,0,1,1,1,0,0,1,1,1,17,1,10,0,1,0,1,1,0,4,7,5,8,3
2017.0,-75.0,0.0,0.0,3,6,0,0,0,0,1,1,0,1,0,0,1,1,1,0,2,10,0,0,0,2,1,0,6,7,5,9,3
2017.0,0.0,1.0,0.0,2,4,3,0,0,0,0,9,1,1,0,1,1,1,1,9,2,10,0,1,0,2,2,0,4,2,5,3,9
2017.0,84.0,2.0,0.0,2,6,3,0,0,0,0,5,1,1,0,1,5,1,1,13,2,10,0,0,0,1,1,0,4,7,5,8,3
2017.0,-67.0,1.0,0.0,3,6,3,0,0,0,0,2,1,1,0,1,2,1,1,14,2,10,0,0,0,1,1,0,4,7,5,8,3
2017.0,-68.0,0.0,0.0,3,1,3,0,0,0,0,5,1,1,0,1,9,1,1,14,2,10,0,0,0,2,1,0,4,4,5,3,9
2017.0,89.0,3.0,0.0,2,6,3,0,0,0,1,9,1,1,0,0,9,1,1,16,2,10,0,1,0,1,0,0,4,7,5,8,3
2017.0,0.0,2.0,0.0,3,4,3,0,0,0,1,9,1,1,0,0,1,1,1,16,2,10,0,1,0,1,0,0,4,2,5,3,9
2017.0,257.0,0.0,0.0,3,1,3,0,0,0,0,5,1,1,0,0,9,1,1,17,2,10,0,1,0,1,1,0,6,2,5,8,9
2017.0,673.0,0.0,0.0,3,4,3,0,0,0,1,1,1,1,0,1,2,1,1,17,2,10,0,1,0,1,2,0,6,2,5,3,9
2017.0,-48.0,0.0,0.0,3,6,4,0,0,0,1,2,1,1,0,1,2,1,1,17,2,10,0,1,0,1,1,0,4,7,5,8,3
2017.0,170.0,2.0,0.0,3,6,0,0,0,0,0,5,1,1,0,1,5,1,1,19,2,10,0,1,0,2,1,0,4,9,5,3,2
2017.0,173.0,0.0,0.0,3,6,0,0,0,0,1,9,1,1,0,0,9,1,1,19,2,10,0,1,0,2,1,0,4,7,5,8,3
2017.0,300.0,0.0,0.0,3,10,3,0,0,0,1,2,1,1,0,0,2,1,1,8,3,10,0,1,0,1,2,0,6,9,9,2,2
2017.0,-102.0,0.0,0.0,3,10,3,0,0,0,0,2,1,1,0,0,2,1,1,14,3,10,0,0,0,0,1,0,4,9,5,3,2
2017.0,-40.0,0.0,0.0,3,6,3,0,0,0,1,1,1,1,0,1,1,1,1,15,3,10,0,0,0,2,1,0,4,7,5,8,3
2017.0,0.0,2.0,0.0,2,4,3,0,0,0,0,2,1,1,0,1,5,1,1,16,3,10,0,1,0,2,1,0,4,2,5,3,9
2017.0,0.0,1.0,0.0,2,4,3,0,0,0,1,9,1,1,0,1,1,1,1,17,3,10,0,1,0,2,1,0,4,2,5,9,3
2017.0,183.0,0.0,0.0,3,6,0,0,0,0,1,5,1,1,0,0,5,1,1,18,3,10,0,1,0,2,2,0,6,7,5,8,3
2017.0,182.0,5.0,0.0,3,6,0,0,0,0,1,2,1,1,0,1,2,1,1,20,3,10,0,0,0,1,2,0,6,7,5,8,3
2017.0,430.0,2.0,0.0,2,4,0,0,0,0,1,1,1,1,0,0,5,1,1,21,3,10,0,0,0,1,1,0,0,2,5,3,9
2017.0,-56.0,3.0,0.0,3,6,0,0,0,0,1,2,1,1,0,0,2,1,1,22,3,10,0,0,0,2,2,0,4,7,5,8,3
2017.0,0.0,2.0,0.0,2,1,0,0,0,0,1,1,1,1,0,1,2,1,1,23,3,10,0,0,0,2,1,0,2,2,5,3,3
2017.0,0.0,0.0,0.0,3,1,3,0,0,0,1,1,1,1,0,1,2,1,1,8,4,10,0,1,0,1,0,0,4,2,5,9,3
2017.0,0.0,2.0,0.0,2,4,3,0,0,0,1,1,1,1,0,0,9,1,1,9,4,10,0,1,0,1,1,0,4,2,5,9,3
2017.0,-120.0,3.0,0.0,2,6,3,0,0,0,0,1,1,1,0,1,1,1,1,11,4,10,0,0,0,1,1,0,4,7,5,3,3
2017.0,174.0,0.0,0.0,3,6,3,0,0,0,1,9,1,1,0,1,9,1,1,12,4,10,0,0,0,2,2,0,4,7,5,8,3
2017.0,577.0,2.0,0.0,2,6,3,0,0,0,1,5,1,1,0,1,5,1,1,12,4,10,0,0,0,1,1,0,6,7,5,3,3
2017.0,-201.0,0.0,0.0,3,1,3,0,0,0,1,9,1,1,0,0,2,1,1,13,4,10,0,0,0,1,0,0,0,2,5,3,9
2017.0,60.0,1.0,0.0,3,6,3,0,0,0,1,1,1,1,0,0,1,1,1,13,4,10,0,0,0,1,2,0,2,7,5,8,3
2017.0,-150.0,1.0,0.0,3,6,3,0,0,0,1,9,1,1,0,1,9,1,1,13,4,10,0,0,0,2,1,0,6,7,5,8,3
2017.0,8.0,2.0,0.0,1,4,3,0,0,0,0,2,1,1,0,1,5,1,1,13,4,10,0,0,0,1,2,0,4,2,5,3,9
2017.0,80.0,0.0,0.0,3,6,3,0,0,0,1,1,1,1,0,1,1,1,1,14,4,10,0,0,0,2,1,0,4,7,5,8,3
2017.0,0.0,2.0,0.0,2,10,3,0,0,0,1,5,1,1,0,0,5,1,1,15,4,10,0,0,0,1,1,0,4,5,5,9,9
2017.0,-100.0,1.0,0.0,3,6,3,0,0,0,1,1,1,1,0,1,1,1,1,15,4,10,0,0,0,1,1,0,4,7,5,8,3
2017.0,-75.0,0.0,0.0,3,10,3,0,0,0,2,9,1,1,0,0,9,1,1,18,4,10,0,1,0,0,1,0,6,9,5,3,2
2017.0,0.0,0.0,0.0,3,4,4,0,0,0,1,9,1,1,0,0,1,1,1,18,4,10,0,1,0,2,1,0,4,2,5,3,9
2017.0,-35.0,0.0,0.0,3,6,0,0,0,0,2,2,1,1,0,1,2,1,1,18,4,10,0,1,0,0,0,0,6,7,5,8,3
2017.0,0.0,2.0,0.0,3,4,0,0,0,0,1,2,1,1,0,0,5,1,1,19,4,10,0,1,0,0,1,0,4,2,5,9,3
2017.0,0.0,0.0,0.0,3,4,0,0,0,0,0,9,1,1,0,0,1,1,1,21,4,10,0,0,0,2,2,0,4,2,5,3,9
2017.0,-52.0,0.0,0.0,3,6,0,0,0,0,1,1,1,1,0,1,1,1,1,5,5,10,1,0,0,2,2,0,4,2,5,8,3
2017.0,460.0,2.0,0.0,3,1,3,0,0,0,0,2,1,1,0,0,1,1,1,13,5,10,1,0,0,1,1,0,6,2,5,3,5
2017.0,-240.0,0.0,0.0,3,10,3,0,0,0,1,9,1,1,0,1,9,1,1,15,5,10,1,0,0,1,1,0,6,9,5,3,0
2017.0,0.0,0.0,0.0,3,4,3,0,0,0,2,2,1,1,0,1,2,1,1,17,5,10,1,1,0,0,2,0,4,9,5,9,9
2017.0,-800.0,0.0,0.0,3,10,0,0,0,0,0,2,1,1,0,1,2,1,1,22,5,10,1,0,0,2,2,0,6,9,5,3,2
2017.0,0.0,5.0,0.0,2,1,0,0,0,0,1,9,1,0,0,0,5,1,1,23,5,10,1,0,0,1,1,0,4,2,5,3,3
2017.0,0.0,0.0,0.0,3,4,0,0,0,0,1,1,1,1,0,0,5,1,1,23,5,10,1,0,0,2,1,0,4,2,5,3,9
2017.0,380.0,0.0,0.0,3,6,0,0,0,0,1,5,0,1,0,0,5,1,1,0,6,10,1,0,0,1,2,0,6,7,5,8,3
2017.0,-25.0,0.0,0.0,3,6,0,0,0,0,1,1,1,1,0,1,1,1,1,0,6,10,1,0,0,1,1,0,6,7,5,8,3
2017.0,-1040.0,0.0,0.0,3,10,3,0,0,0,0,5,1,1,0,1,5,1,1,13,6,10,1,0,0,1,1,0,6,9,5,3,2
2017.0,0.0,1.0,0.0,3,1,3,0,0,0,1,9,1,1,0,0,2,1,1,17,6,10,1,1,0,0,0,0,4,2,5,9,3
2017.0,40.0,0.0,0.0,3,1,0,0,0,0,0,5,1,1,0,0,2,1,1,18,6,10,1,1,0,1,2,0,4,2,5,3,9
2017.0,-500.0,1.0,0.0,3,5,0,0,0,3,1,9,1,1,0,1,2,1,1,19,6,10,1,1,0,1,1,0,4,6,5,3,7
2017.0,-150.0,0.0,0.0,3,6,3,0,0,0,1,2,1,1,0,1,2,1,1,8,0,10,0,1,0,2,1,0,4,7,5,8,3
2017.0,134.0,0.0,0.0,3,6,3,0,0,0,1,9,1,1,0,0,9,1,1,8,0,10,0,1,0,1,0,0,4,7,5,8,3
2017.0,205.0,0.0,0.0,3,5,3,0,0,0,2,5,1,1,0,1,2,1,1,9,0,10,0,1,0,0,1,0,6,5,5,6,1
2017.0,-8.0,1.0,0.0,2,5,3,0,0,2,0,2,1,1,0,1,5,1,1,11,0,10,0,0,0,1,2,0,4,2,2,9,7
2017.0,0.0,3.0,0.0,2,4,3,0,0,0,1,2,1,1,0,1,5,1,1,12,0,10,0,0,0,0,1,0,4,2,5,3,9
2017.0,-100.0,0.0,0.0,3,10,3,0,0,0,0,5,1,1,0,1,5,1,1,14,0,10,0,0,0,2,2,0,6,9,5,3,2
2017.0,313.0,1.0,0.0,3,6,3,0,0,0,0,9,1,1,0,1,9,1,1,14,0,10,0,0,0,2,1,0,4,7,5,8,3
2017.0,-1420.0,0.0,0.0,3,10,3,0,0,0,0,5,1,1,0,1,5,1,1,16,0,10,0,1,0,1,1,0,6,5,5,9,9
2017.0,0.0,0.0,0.0,3,10,3,0,0,0,0,5,1,1,0,1,5,1,1,17,0,10,0,1,0,1,1,0,4,5,5,5,5
2017.0,0.0,1.0,0.0,1,5,0,0,0,2,1,6,1,1,0,1,9,1,1,18,0,10,0,1,0,2,1,0,4,2,5,3,5
2017.0,-64.0,0.0,0.0,3,6,0,0,0,0,1,1,1,1,0,1,1,1,1,19,0,10,0,1,0,1,1,0,4,8,5,3,3
2017.0,35.0,0.0,0.0,3,5,0,0,0,0,2,6,1,1,0,0,6,1,1,22,0,10,0,0,0,0,2,0,4,7,5,8,2
2017.0,150.0,1.0,0.0,2,6,3,0,0,0,1,2,1,1,0,1,2,1,1,7,1,10,0,1,0,1,0,0,6,7,5,8,3
2017.0,0.0,0.0,0.0,3,6,3,0,0,0,0,5,1,1,0,0,5,1,1,11,1,10,0,0,0,1,1,0,2,7,5,8,3
2017.0,-80.0,0.0,0.0,3,6,3,0,0,0,0,2,1,1,0,0,2,1,1,11,1,10,0,0,0,1,1,0,4,7,5,8,3
2017.0,123.0,1.0,0.0,2,5,3,0,0,2,1,2,1,1,0,1,1,1,1,11,1,10,0,0,0,1,1,0,0,9,5,9,3
2017.0,0.0,0.0,0.0,3,4,3,0,0,0,1,1,1,1,0,1,9,1,1,12,1,10,0,0,0,1,1,0,4,2,5,3,9
2017.0,620.0,2.0,0.0,2,4,3,0,0,0,0,5,1,1,0,1,9,1,1,12,1,10,0,0,0,0,0,0,0,2,5,3,9
2017.0,0.0,2.0,0.0,2,4,3,0,0,0,1,5,1,1,0,1,2,1,1,14,1,10,0,0,0,1,1,0,4,4,5,3,9
2017.0,0.0,0.0,0.0,3,4,3,0,0,0,0,2,1,1,0,0,5,1,1,14,1,10,0,0,0,0,1,0,4,2,5,3,9
2017.0,350.0,0.0,0.0,3,10,3,0,0,0,2,5,1,1,0,0,5,1,1,14,1,10,0,0,0,0,1,0,6,9,5,3,2
2017.0,6.0,1.0,0.0,2,1,3,0,0,2,0,5,1,1,0,0,9,1,1,14,1,10,0,0,0,1,1,0,4,9,5,9,3
2017.0,-101.0,1.0,0.0,3,6,3,0,0,0,0,2,1,1,0,0,2,1,1,16,1,10,0,1,0,1,2,0,4,7,5,8,3
2017.0,-217.0,0.0,0.0,3,1,3,0,0,0,0,9,1,1,0,0,5,1,1,17,1,10,0,1,0,2,1,0,6,2,5,9,9
2017.0,25.0,0.0,0.0,3,10,0,0,0,0,0,9,1,1,0,1,9,1,1,19,1,10,0,1,0,2,1,0,4,9,5,3,2
2017.0,30.0,3.0,0.0,1,6,3,0,0,0,0,5,1,1,0,1,5,1,1,7,2,10,0,1,0,1,1,0,4,9,5,8,3
2017.0,-30.0,0.0,0.0,3,6,3,0,0,0,1,2,1,1,0,0,2,1,1,8,2,10,0,1,0,1,1,0,6,8,5,8,3
2017.0,0.0,2.0,0.0,2,1,3,0,0,0,1,5,1,1,0,0,9,1,1,9,2,10,0,1,0,1,1,0,4,2,5,3,3
2017.0,0.0,0.0,0.0,3,1,3,0,0,0,0,1,1,1,0,1,5,1,1,10,2,10,0,0,0,0,2,0,4,2,5,3,3
2017.0,0.0,1.0,0.0,2,4,3,0,0,0,0,9,1,1,0,1,5,1,1,13,2,10,0,0,0,1,1,0,4,2,5,9,3
2017.0,-449.0,1.0,0.0,3,6,3,0,0,0,0,5,1,1,0,0,5,1,1,15,2,10,0,0,0,1,0,0,6,7,5,8,3
2017.0,0.0,1.0,0.0,3,4,3,0,0,0,0,2,1,1,0,0,5,1,1,15,2,10,0,0,0,1,2,0,4,2,5,3,9
2017.0,600.0,0.0,0.0,3,6,3,0,0,0,1,5,1,1,0,0,5,1,1,16,2,10,0,1,0,1,2,0,6,7,5,9,3
2017.0,-236.0,0.0,0.0,3,6,3,0,0,0,1,1,1,1,0,1,1,1,1,16,2,10,0,1,0,0,1,0,4,7,5,8,3
2017.0,380.0,0.0,0.0,3,1,3,0,0,0,0,5,1,1,0,1,9,1,1,17,2,10,0,1,0,1,1,0,6,2,5,3,3
2017.0,-80.0,0.0,0.0,3,6,3,0,0,0,2,2,1,1,0,0,2,1,1,6,3,10,0,0,0,0,1,0,4,7,5,8,3
2017.0,-191.0,0.0,0.0,3,6,3,0,0,0,1,2,1,1,0,0,2,1,1,8,3,10,0,1,0,1,1,0,6,7,5,8,2
2017.0,-225.0,0.0,0.0,3,1,3,0,0,0,1,1,1,1,0,1,9,1,1,8,3,10,0,1,0,2,1,0,6,5,5,8,6
2017.0,-34.0,3.0,0.0,3,3,3,0,0,0,1,5,1,0,0,0,2,1,1,10,3,10,0,0,0,2,1,0,4,7,5,8,9
2017.0,66.0,0.0,0.0,3,1,3,0,0,0,0,9,1,1,0,1,9,1,1,13,3,10,0,0,0,1,2,0,4,7,5,8,9
2017.0,-511.0,0.0,0.0,3,6,3,0,0,0,1,1,1,1,0,1,1,1,1,15,3,10,0,0,0,2,1,0,6,7,5,8,3
2017.0,-390.0,0.0,0.0,3,6,3,0,0,0,1,1,1,1,0,0,1,1,1,15,3,10,0,0,0,1,1,0,6,7,5,8,3
2017.0,-38.0,2.0,0.0,3,1,3,0,0,0,0,2,1,1,0,0,1,1,1,16,3,10,0,1,0,1,1,0,4,2,7,3,8
2017.0,-295.0,0.0,0.0,3,1,3,0,0,0,1,1,1,1,0,0,1,1,1,16,3,10,0,1,0,1,2,0,6,1,1,9,3
2017.0,-115.0,0.0,0.0,3,10,0,0,0,0,0,1,1,1,0,0,1,1,1,18,3,10,0,1,0,2,2,0,4,9,5,3,2
2017.0,-320.0,0.0,0.0,3,6,0,0,0,0,0,5,1,1,0,0,5,1,1,18,3,10,0,1,0,2,2,0,6,7,5,3,3
2017.0,0.0,0.0,0.0,3,4,0,0,0,0,0,9,1,1,0,1,1,1,1,20,3,10,0,0,0,2,1,0,4,2,5,3,9
2017.0,59.0,0.0,0.0,3,10,0,0,0,0,1,1,1,1,0,1,1,1,1,1,4,10,0,0,0,1,2,0,6,9,5,3,2
2017.0,-419.0,2.0,0.0,2,4,0,0,0,0,1,2,0,1,0,1,5,1,1,1,4,10,0,0,0,1,2,0,0,2,5,3,9
2017.0,0.0,1.0,0.0,1,1,0,1,0,2,1,2,1,1,0,1,9,1,1,6,4,10,0,0,0,2,1,0,4,2,5,3,7
2017.0,-200.0,0.0,0.0,3,6,3,0,0,0,0,5,1,1,0,0,5,1,1,6,4,10,0,0,0,1,1,0,6,7,7,8,8
2017.0,37.0,0.0,0.0,3,9,3,0,0,0,0,9,1,1,0,0,5,1,1,7,4,10,0,1,0,2,2,0,4,7,5,8,9
2017.0,-125.0,0.0,0.0,3,10,3,0,0,0,1,9,1,1,0,1,9,1,1,7,4,10,0,1,0,1,1,0,6,9,5,3,3
2017.0,-455.0,0.0,0.0,3,6,3,0,0,0,0,2,1,1,0,1,2,1,1,8,4,10,0,1,0,2,2,0,4,7,5,8,8
2017.0,52.0,1.0,0.0,2,1,3,0,0,0,1,2,1,0,0,0,5,1,1,8,4,10,0,1,0,2,1,0,6,9,5,3,2
2017.0,-160.0,0.0,0.0,3,4,3,0,0,0,0,2,1,1,0,0,1,1,1,10,4,10,0,0,0,1,2,0,0,2,5,8,9
2017.0,-580.0,0.0,0.0,3,1,3,0,0,0,1,1,1,1,0,0,1,1,1,11,4,10,0,0,0,1,1,0,0,4,5,3,9
2017.0,10.0,1.0,0.0,2,4,3,0,0,0,1,5,1,1,2,1,2,1,1,11,4,10,0,0,0,1,1,0,4,5,2,3,9
2017.0,0.0,0.0,0.0,3,4,3,0,0,0,1,9,1,1,0,1,1,1,1,11,4,10,0,0,0,1,1,0,4,2,5,3,9
2017.0,-94.0,0.0,0.0,3,6,3,0,0,0,1,1,1,1,0,0,1,1,1,12,4,10,0,0,0,0,1,0,2,7,5,5,5
2017.0,0.0,0.0,0.0,3,4,3,0,0,0,2,1,1,1,0,1,1,1,1,12,4,10,0,0,0,0,1,0,2,4,5,9,9
2017.0,0.0,3.0,0.0,2,1,3,0,0,0,1,1,0,1,0,1,2,1,1,14,4,10,0,0,0,1,1,0,4,2,5,9,3
2017.0,-155.0,0.0,0.0,3,6,3,0,0,0,1,2,1,1,0,1,2,1,1,14,4,10,0,0,0,1,1,0,2,7,5,8,3
2017.0,485.0,1.0,0.0,2,4,3,0,0,0,0,5,1,1,0,0,9,1,1,15,4,10,0,0,0,1,2,0,6,2,5,3,9
2017.0,191.0,0.0,0.0,3,10,3,0,0,0,0,5,1,1,0,0,5,1,1,16,4,10,0,1,0,1,1,0,4,9,9,2,2
2017.0,135.0,0.0,0.0,3,6,3,0,0,0,0,5,1,1,0,1,5,1,1,16,4,10,0,1,0,1,1,0,4,7,5,8,3
2017.0,-277.0,1.0,0.0,3,6,0,0,0,0,1,1,1,1,1,1,1,1,1,18,4,10,0,1,0,2,1,0,6,7,5,6,3
2017.0,-35.0,0.0,0.0,3,6,0,0,0,0,2,2,1,1,0,1,2,1,1,22,4,10,0,0,0,0,1,0,4,7,5,8,8
2017.0,0.0,0.0,0.0,3,1,0,0,0,0,1,5,1,1,0,1,9,1,1,22,4,10,0,0,0,1,1,0,3,9,5,3,9
2017.0,0.0,0.0,0.0,3,4,0,0,0,0,0,2,1,1,0,0,7,1,1,23,4,10,0,0,0,1,1,0,4,5,5,9,3
2017.0,-350.0,0.0,0.0,3,6,0,0,0,0,1,2,1,1,0,1,2,1,1,0,5,10,1,0,0,2,1,0,6,7,5,3,3
2017.0,64.0,1.0,0.0,3,5,3,0,0,3,1,9,1,1,0,1,9,1,1,10,5,10,1,0,0,2,1,0,6,2,5,3,7
2017.0,250.0,0.0,0.0,3,4,3,0,0,0,0,7,1,1,0,1,5,1,1,13,5,10,1,0,0,2,1,0,6,4,5,3,9
2017.0,0.0,0.0,0.0,3,1,3,0,0,0,1,2,1,1,0,1,4,1,1,14,5,10,1,0,0,2,2,0,4,5,5,9,3
2017.0,200.0,0.0,0.0,3,10,3,0,0,0,1,9,1,1,0,0,9,1,1,14,5,10,1,0,0,1,0,0,6,9,5,3,9
2017.0,-200.0,0.0,0.0,3,1,3,0,0,0,0,1,1,1,0,1,5,1,1,16,5,10,1,1,0,1,0,0,6,2,5,3,9
2017.0,-375.0,0.0,0.0,3,4,4,4,0,0,1,9,1,1,0,0,2,1,1,16,5,10,1,1,0,1,1,0,6,4,5,3,9
2017.0,42.0,0.0,0.0,3,6,3,0,0,0,0,9,1,1,0,1,9,1,1,17,5,10,1,1,0,0,1,0,4,7,5,3,3
2017.0,-100.0,0.0,0.0,3,10,0,0,0,0,1,5,1,1,0,0,9,1,1,20,5,10,1,0,0,2,2,0,4,2,5,9,3
2017.0,0.0,2.0,0.0,2,6,0,0,0,0,0,9,1,1,0,0,9,1,1,23,5,10,1,0,0,2,1,0,6,7,5,8,3
2017.0,870.0,0.0,0.0,3,10,3,0,0,0,0,2,1,1,0,1,2,1,1,6,6,10,1,0,0,1,1,0,6,9,5,3,2
2017.0,0.0,0.0,0.0,3,1,3,0,0,0,1,3,1,1,0,0,1,1,1,8,6,10,1,1,0,1,2,0,4,2,5,3,9
2017.0,0.0,0.0,0.0,3,4,3,0,0,0,1,3,1,1,0,1,9,1,1,9,6,10,1,1,0,1,2,0,4,2,5,3,9
2017.0,0.0,1.0,0.0,2,1,3,0,0,0,1,2,1,1,0,1,1,1,1,15,6,10,1,0,0,1,1,0,4,2,5,3,3
2017.0,0.0,0.0,0.0,3,4,0,0,0,0,0,2,1,1,0,1,5,1,1,19,6,10,1,1,0,1,1,0,4,2,5,3,9
2017.0,-100.0,1.0,0.0,3,6,3,0,0,0,0,5,1,1,0,0,5,1,1,6,0,10,0,0,0,1,2,0,6,7,5,3,3
2017.0,-100.0,0.0,0.0,3,10,3,0,0,0,2,9,1,1,0,1,9,1,1,6,0,10,0,0,0,0,1,0,6,9,5,3,3
2017.0,-90.0,0.0,0.0,3,6,3,0,0,0,0,2,1,1,0,1,2,1,1,7,0,10,0,1,0,1,1,0,4,7,5,8,3
2017.0,0.0,2.0,0.0,2,4,3,0,0,0,0,1,1,1,0,0,9,1,1,8,0,10,0,1,0,0,1,0,4,2,5,3,9
2017.0,0.0,1.0,0.0,2,5,3,0,0,0,1,1,1,1,0,1,9,1,1,9,0,10,0,1,0,0,1,0,4,2,5,3,9
2017.0,40.0,0.0,0.0,3,1,3,0,0,0,1,6,1,1,0,1,9,1,1,11,0,10,0,0,0,0,0,0,4,5,5,3,9
2017.0,-4.0,1.0,0.0,3,1,3,0,0,0,0,6,1,1,0,0,2,1,1,12,0,10,0,0,0,1,0,0,4,2,5,3,9
2017.0,-29.0,0.0,0.0,3,6,3,4,0,0,1,2,1,1,0,0,2,1,1,14,0,10,0,0,0,2,0,0,4,7,5,8,3
2017.0,-135.0,0.0,0.0,3,6,3,0,0,0,0,2,1,1,0,0,2,1,1,14,0,10,0,0,0,1,1,0,6,7,5,8,3
2017.0,125.0,0.0,0.0,3,8,3,0,0,0,0,5,1,1,0,0,9,1,1,15,0,10,0,0,0,2,2,0,6,7,5,3,1
2017.0,0.0,0.0,0.0,3,10,3,0,0,0,1,9,1,1,0,1,9,1,1,16,0,10,0,1,0,0,2,0,4,9,5,9,9
2017.0,530.0,0.0,0.0,3,4,3,0,0,0,1,1,1,1,0,0,5,1,1,16,0,10,0,1,0,1,1,0,6,2,5,3,9
2017.0,42.0,0.0,0.0,3,10,4,0,0,0,1,2,1,1,0,0,2,1,1,17,0,10,0,1,0,2,1,0,6,9,5,3,2
2017.0,-100.0,0.0,0.0,3,6,0,0,0,0,1,1,1,1,0,0,1,1,1,18,0,10,0,1,0,2,2,0,4,8,5,8,3
2017.0,0.0,0.0,0.0,3,4,0,4,3,0,2,5,1,1,0,1,2,1,1,18,0,10,0,1,0,0,1,0,4,2,5,3,9
2017.0,20.0,1.0,0.0,2,5,0,0,0,0,2,2,1,1,3,0,2,1,1,20,0,10,0,0,0,0,2,0,2,5,5,7,9
2017.0,-380.0,0.0,0.0,3,10,2,0,0,0,0,2,1,1,0,0,2,1,1,7,1,10,0,1,0,1,1,0,2,2,9,2,3
2017.0,135.0,0.0,0.0,3,10,3,0,0,0,0,2,1,1,0,1,2,1,1,7,1,10,0,1,0,2,2,0,6,5,7,3,8
2017.0,28.0,0.0,0.0,3,10,3,0,0,0,0,9,1,1,0,1,9,1,1,7,1,10,0,1,0,1,1,0,2,9,5,3,2
2017.0,-40.0,0.0,0.0,3,6,3,0,0,0,0,2,1,1,0,0,2,1,1,7,1,10,0,1,0,1,1,0,4,7,5,8,3
2017.0,-196.0,0.0,0.0,3,4,3,0,0,0,0,5,1,1,0,0,2,1,1,8,1,10,0,1,0,2,1,0,6,2,5,2,9
2017.0,0.0,0.0,0.0,3,6,3,0,0,0,0,2,1,1,0,1,2,1,1,8,1,10,0,1,0,2,2,0,4,7,5,3,3
2017.0,30.0,0.0,0.0,3,6,3,0,0,0,0,5,1,1,0,1,5,1,1,10,1,10,0,0,0,2,1,0,6,7,5,8,3
2017.0,-25.0,0.0,0.0,3,6,3,0,0,0,2,1,1,1,0,0,1,1,1,10,1,10,0,0,0,0,2,0,4,7,5,8,8
2017.0,190.0,0.0,0.0,3,8,3,0,0,0,1,5,1,1,0,0,9,1,1,11,1,10,0,0,0,2,2,0,6,5,5,3,1
2017.0,-225.0,1.0,0.0,3,1,3,0,0,0,1,9,1,1,0,0,2,1,1,11,1,10,0,0,0,1,2,0,0,2,5,3,9
2017.0,473.0,0.0,0.0,3,6,3,0,0,0,1,1,1,1,0,0,1,1,1,11,1,10,0,0,0,0,1,0,6,7,5,5,5
2017.0,-652.0,0.0,0.0,3,1,3,0,0,0,1,2,1,1,0,0,9,1,1,12,1,10,0,0,0,1,2,0,6,2,5,3,9
2017.0,-120.0,0.0,0.0,3,6,3,0,0,0,1,2,1,1,0,1,2,1,1,12,1,10,0,0,0,2,1,0,6,7,5,8,3
2017.0,0.0,1.0,0.0,2,4,3,0,0,0,1,9,1,1,0,1,1,1,1,14,1,10,0,0,0,1,1,0,4,2,5,3,9
2017.0,215.0,1.0,0.0,2,6,3,0,0,0,1,1,1,1,0,1,1,1,1,14,1,10,0,0,0,1,1,0,0,7,5,3,8
2017.0,-355.0,1.0,0.0,3,6,3,0,0,0,0,2,1,1,0,1,2,1,1,15,1,10,0,0,0,0,0,0,4,7,5,8,3
2017.0,-10.0,0.0,0.0,3,1,3,0,0,0,1,9,1,1,0,1,5,1,1,15,1,10,0,0,0,1,1,0,4,2,5,3,3
2017.0,1532.0,0.0,0.0,3,4,3,0,0,0,0,2,1,1,0,1,1,1,1,15,1,10,0,0,0,2,1,0,6,2,5,3,9
2017.0,215.0,1.0,0.0,3,6,3,0,0,0,0,2,1,1,0,0,2,1,1,16,1,10,0,1,0,1,1,0,0,7,5,3,3
2017.0,0.0,0.0,0.0,3,4,3,0,0,0,0,2,1,1,0,1,1,1,1,16,1,10,0,1,0,2,1,0,4,2,5,9,3
2017.0,0.0,0.0,0.0,3,4,3,0,0,0,1,1,1,1,0,1,9,1,1,16,1,10,0,1,0,1,1,0,4,4,5,3,9
2017.0,-64.0,0.0,0.0,3,6,3,0,0,0,0,1,1,1,0,0,1,1,1,17,1,10,0,1,0,2,2,0,4,7,5,8,3
2017.0,-20.0,0.0,0.0,3,1,4,0,0,0,0,1,1,1,0,1,1,1,1,17,1,10,0,1,0,1,1,0,4,9,7,3,2