Year,Distance,Totalinjuries,Totalfatalities,Injuryseverity,Collisionmanner,Lightcondition,Weather,SurfaceCondition,Unittype_One,Gender_Drv1,Traveldirection_One,AlcoholUse_Drv1,DrugUse_Drv1,Unittype_Two,Gender_Drv2,Traveldirection_Two,AlcoholUse_Drv2,DrugUse_Drv2,Hour,Weekday,Month,Weekend,Rush_Hour,Hazardous_Road,Age_Group_Drv1,Age_Group_Drv2,Substance_Use,Junction_Category,Violation_Category_Drv1,Violation_Category_Drv2,Unitaction_Category_Two,Unitaction_Category_One
2017.0,0.25,0.0,0.0,3,6,0,0,0,0,1,5,0,1,0,1,5,1,1,1,2,10,0,0,0,1,2,0,6,7,5,3,3
2017.0,-75.0,0.0,0.0,3,6,3,0,0,0,1,5,1,1,0,1,5,1,1,7,2,10,0,1,0,0,1,0,4,7,5,8,3
2017.0,-250.0,0.0,0.0,3,4,3,0,0,0,0,7,1,1,0,1,2,1,1,7,2,10,0,1,0,1,2,0,6,2,5,3,9
2017.0,0.0,0.0,0.0,3,1,3,0,0,0,1,1,1,1,0,1,2,1,1,7,2,10,0,1,0,1,1,0,4,2,5,9,9
2017.0,-645.0,1.0,0.0,3,6,3,0,0,0,0,9,1,1,0,0,9,1,1,8,2,10,0,1,0,2,1,0,6,7,5,8,3
2017.0,118.0,0.0,0.0,3,6,3,0,0,0,1,2,1,1,0,0,2,1,1,8,2,10,0,1,0,2,0,0,6,7,5,8,3
2017.0,0.0,0.0,0.0,3,4,3,0,0,0,2,1,1,1,0,0,9,1,1,10,2,10,0,0,0,0,1,0,4,2,5,9,3
2017.0,145.0,1.0,0.0,2,1,3,0,0,2,1,1,1,1,0,1,2,1,1,10,2,10,0,0,0,1,1,0,6,2,5,3,3
2017.0,-550.0,0.0,0.0,3,1,3,0,0,0,0,2,1,1,0,1,1,1,1,11,2,10,0,0,0,2,2,0,0,2,5,9,8
2017.0,110.0,1.0,0.0,2,1,3,0,0,0,0,1,1,1,2,1,1,1,1,11,2,10,0,0,0,0,2,0,6,5,5,3,9
2017.0,318.0,2.0,0.0,2,1,3,0,0,0,0,2,1,1,0,1,2,1,1,11,2,10,0,0,0,2,2,0,6,2,5,9,9
2017.0,0.0,2.0,0.0,3,4,3,0,0,0,0,2,1,1,0,0,5,1,1,12,2,10,0,0,0,1,0,0,4,2,5,3,9
2017.0,-400.0,2.0,0.0,2,1,3,0,0,0,1,7,1,1,0,0,1,1,1,12,2,10,0,0,0,0,1,0,6,2,5,3,9
2017.0,204.0,1.0,0.0,2,6,3,0,0,0,1,1,1,1,0,1,1,1,1,12,2,10,0,0,0,2,2,0,6,7,5,8,3
2017.0,0.0,2.0,0.0,2,4,3,0,0,0,0,1,1,1,0,0,9,1,1,13,2,10,0,0,0,2,1,0,4,2,5,3,9
2017.0,0.0,0.0,0.0,3,4,3,0,0,0,1,7,1,1,0,1,1,1,1,13,2,10,0,0,0,1,1,0,4,2,5,3,9
2017.0,-315.0,1.0,0.0,3,4,3,0,0,0,0,2,1,1,0,0,5,1,1,15,2,10,0,0,0,2,1,0,6,2,5,3,9
2017.0,409.0,0.0,0.0,3,6,3,0,0,0,0,1,1,1,0,1,1,1,1,16,2,10,0,1,0,2,0,0,6,7,5,8,3
2017.0,-10.0,1.0,0.0,2,5,4,0,0,2,1,9,1,1,0,1,2,1,1,17,2,10,0,1,0,1,1,0,4,2,5,9,3
2017.0,0.0,0.0,0.0,3,10,0,0,0,0,1,5,1,1,0,0,5,1,1,18,2,10,0,1,0,0,2,0,2,3,5,9,3
2017.0,-193.0,0.0,0.0,3,10,0,0,0,0,1,9,1,1,0,1,5,1,1,20,2,10,0,0,0,0,2,0,6,2,5,8,9
2017.0,120.0,1.0,0.0,2,10,3,0,0,0,1,2,1,1,0,1,2,1,1,6,3,10,0,0,0,2,0,0,4,9,5,3,2
2017.0,0.0,0.0,0.0,3,1,3,0,0,0,0,7,1,1,0,0,9,1,1,7,3,10,0,1,0,2,1,0,4,2,5,3,9
2017.0,-425.0,0.0,0.0,3,1,3,0,0,0,1,2,1,1,0,1,1,1,1,7,3,10,0,1,0,2,1,0,0,2,5,3,9
2017.0,50.0,1.0,0.0,3,6,3,0,0,0,1,2,1,1,0,1,2,1,1,7,3,10,0,1,0,1,2,0,4,7,5,8,3
2017.0,52.0,0.0,0.0,3,6,3,0,0,0,1,9,1,1,0,1,9,1,1,7,3,10,0,1,0,1,1,0,4,7,5,8,3
2017.0,35.0,0.0,0.0,3,3,3,0,0,0,0,1,1,1,0,1,9,1,1,8,3,10,0,1,0,0,1,0,4,4,5,8,9
2017.0,0.0,1.0,0.0,2,4,3,0,0,0,1,9,1,1,0,1,2,1,1,8,3,10,0,1,0,0,1,0,4,2,5,3,9
2017.0,-121.0,0.0,0.0,3,6,3,0,0,0,0,1,1,1,0,1,1,1,1,10,3,10,0,0,0,2,2,0,4,7,5,8,3
2017.0,0.0,0.0,0.0,3,1,3,0,0,0,0,1,1,1,0,0,5,1,1,12,3,10,0,0,0,2,2,0,4,2,5,3,9
2017.0,-185.0,0.0,0.0,3,6,3,0,0,0,0,2,1,1,0,1,2,1,1,14,3,10,0,0,0,2,1,0,6,7,5,8,3
2017.0,85.0,0.0,0.0,3,6,3,0,0,0,0,5,1,1,0,0,5,1,1,14,3,10,0,0,0,2,1,0,4,7,5,3,3
2017.0,-453.0,2.0,0.0,2,6,3,0,0,0,1,5,0,1,0,0,5,1,1,14,3,10,0,0,0,1,1,0,6,7,5,8,3
2017.0,45.0,0.0,0.0,3,6,3,0,0,0,1,5,1,1,0,1,5,1,1,14,3,10,0,0,0,2,1,0,4,7,5,8,3
2017.0,300.0,2.0,0.0,3,12,3,0,0,0,1,9,1,1,3,1,2,1,1,15,3,10,0,0,0,2,2,0,6,5,5,7,1
2017.0,15.0,0.0,0.0,3,3,3,0,0,0,1,9,1,1,0,1,9,1,1,15,3,10,0,0,0,1,1,0,4,9,5,3,9
2017.0,597.0,2.0,0.0,2,4,3,0,0,0,1,1,1,1,0,1,9,1,1,15,3,10,0,0,0,2,1,0,0,2,5,3,9
2017.0,-332.0,0.0,0.0,3,6,3,0,0,0,0,1,1,1,0,0,1,1,1,15,3,10,0,0,0,2,1,0,6,7,5,8,3
2017.0,-1056.0,0.0,0.0,3,6,3,0,0,0,0,1,1,1,0,1,1,1,1,15,3,10,0,0,0,1,1,0,6,7,5,8,3
2017.0,0.0,0.0,0.0,3,4,3,0,0,0,1,2,1,1,0,0,2,1,1,15,3,10,0,0,0,1,1,0,4,3,5,9,3
2017.0,288.0,0.0,0.0,3,12,3,0,0,0,2,8,1,1,0,0,8,1,1,15,3,10,0,0,0,0,2,0,6,7,5,8,3
2017.0,0.0,1.0,0.0,3,4,3,0,0,0,1,9,1,1,0,0,5,1,1,16,3,10,0,1,0,0,1,0,4,2,5,3,9
2017.0,390.0,0.0,0.0,3,4,2,0,0,0,0,4,1,1,0,1,1,1,1,16,3,10,0,1,0,1,1,0,6,2,5,3,9
2017.0,-204.0,2.0,0.0,2,6,0,0,0,0,0,2,1,1,0,1,2,1,1,18,3,10,0,1,0,2,1,0,4,7,5,8,3
2017.0,0.0,0.0,0.0,3,4,0,0,0,0,0,2,1,1,0,1,5,1,1,18,3,10,0,1,0,1,1,0,4,2,5,3,9
2017.0,0.34,0.0,0.0,3,6,0,0,0,0,1,9,1,1,0,1,9,1,1,18,3,10,0,1,0,0,1,0,6,7,5,8,3
2017.0,118.0,0.0,0.0,3,9,0,0,0,0,0,5,1,1,0,0,2,1,1,18,3,10,0,1,0,2,1,0,6,4,5,3,9
2017.0,380.0,1.0,0.0,3,6,0,0,0,0,0,9,1,1,0,0,9,1,1,19,3,10,0,1,0,1,2,0,6,7,5,8,3
2017.0,-7.0,0.0,0.0,3,1,3,0,0,0,1,4,1,1,0,1,6,1,1,7,4,10,0,1,0,0,1,0,8,2,5,9,9
2017.0,0.0,2.0,0.0,2,4,3,0,0,0,1,2,1,1,0,0,2,1,1,9,4,10,0,1,0,1,2,0,4,3,5,9,3
2017.0,-90.0,1.0,0.0,3,6,3,0,0,0,1,2,1,1,0,1,2,1,1,10,4,10,0,0,0,1,1,0,6,7,5,8,2
2017.0,216.0,1.0,0.0,2,1,3,0,0,2,1,9,1,1,0,1,2,1,1,12,4,10,0,0,0,1,1,0,0,5,5,9,3
2017.0,235.0,2.0,0.0,3,6,3,0,0,0,0,1,1,1,0,0,1,1,1,14,4,10,0,0,0,1,2,0,6,7,5,9,3
2017.0,0.0,2.0,0.0,3,4,3,0,0,0,0,6,1,1,0,0,9,1,1,14,4,10,0,0,0,2,1,0,4,4,5,3,9
2017.0,-130.0,0.0,0.0,3,6,3,0,0,0,1,5,1,1,0,1,5,1,1,14,4,10,0,0,0,2,2,0,6,7,5,3,3
2017.0,-99.0,0.0,0.0,3,10,3,0,0,0,0,9,1,1,0,1,9,1,1,15,4,10,0,0,0,2,1,0,6,9,5,3,2
2017.0,0.0,2.0,0.0,3,4,3,0,0,0,1,2,1,1,0,1,5,1,1,16,4,10,0,1,0,1,1,0,4,4,5,3,9
2017.0,865.0,1.0,0.0,3,1,3,0,0,0,1,1,1,1,0,1,9,1,1,16,4,10,0,1,0,2,2,0,0,7,5,9,3
2017.0,-20.0,0.0,0.0,3,4,3,0,0,0,0,2,1,1,0,0,5,1,1,16,4,10,0,1,0,1,1,0,0,4,5,3,8
2017.0,-100.0,1.0,0.0,3,10,3,0,0,0,1,1,1,1,0,1,1,1,1,16,4,10,0,1,0,2,2,0,6,9,5,3,2
2017.0,0.0,1.0,0.0,2,4,4,0,0,0,1,5,1,1,0,0,9,1,1,17,4,10,0,1,0,2,0,0,4,2,5,3,9
2017.0,160.0,0.0,0.0,3,4,0,0,0,0,1,5,1,1,0,1,5,1,1,17,4,10,0,1,0,2,1,0,6,9,5,9,9
2017.0,0.0,4.0,0.0,2,4,0,0,0,0,0,9,1,1,0,0,1,1,1,18,4,10,0,1,0,0,2,0,2,2,5,3,9
2017.0,-100.0,2.0,0.0,2,5,0,0,0,0,1,4,1,1,0,1,5,1,1,18,4,10,0,1,0,0,2,0,4,2,5,3,8
2017.0,-81.0,1.0,0.0,2,6,0,0,0,0,1,1,1,1,0,0,1,1,1,18,4,10,0,1,0,1,0,0,4,7,5,8,3
2017.0,0.0,0.0,0.0,3,1,0,0,0,0,0,1,1,1,0,1,5,1,1,19,4,10,0,1,0,0,0,0,4,2,5,3,9
2017.0,0.0,2.0,0.0,3,6,0,0,0,0,1,9,1,1,0,1,9,1,1,20,4,10,0,0,0,2,1,0,4,7,5,3,3
2017.0,0.0,2.0,0.0,3,4,0,0,0,0,1,2,1,1,0,1,5,1,1,22,4,10,0,0,0,0,1,0,4,2,5,9,3
2017.0,-77.0,0.0,0.0,3,6,0,0,0,0,1,2,1,1,0,1,2,1,1,22,4,10,0,0,0,1,2,0,4,7,5,3,3
2017.0,-10.0,1.0,0.0,3,5,0,0,0,0,1,1,1,1,3,0,1,1,1,23,4,10,0,0,0,1,2,0,4,7,5,7,9
2017.0,142.0,2.0,0.0,3,6,0,0,0,0,1,5,1,1,0,0,5,1,1,23,4,10,0,0,0,0,2,0,4,7,5,8,8
2017.0,-300.0,0.0,0.0,3,6,3,0,0,0,1,1,1,1,0,0,1,1,1,7,5,10,1,1,0,1,2,0,6,7,5,8,3
2017.0,-325.0,3.0,0.0,3,6,3,0,0,0,1,2,1,1,0,1,2,1,1,11,5,10,1,0,0,1,0,0,6,7,5,8,3
2017.0,-35.0,0.0,0.0,3,6,3,0,0,0,0,1,1,1,0,0,1,1,1,13,5,10,1,0,0,1,1,0,4,8,5,3,3
2017.0,-150.0,1.0,0.0,1,5,3,0,0,0,1,5,1,1,3,1,5,1,1,15,5,10,1,0,0,1,1,0,6,5,6,7,3
2017.0,-250.0,0.0,0.0,3,6,3,0,0,0,0,5,1,1,0,0,5,1,1,15,5,10,1,0,0,2,2,0,4,7,5,8,3
2017.0,-25.0,0.0,0.0,3,6,3,0,0,0,1,5,1,1,0,0,5,1,1,17,5,10,1,1,0,2,0,0,4,8,5,3,3
2017.0,20.0,0.0,0.0,3,6,0,0,0,0,0,9,1,1,0,1,9,1,1,18,5,10,1,1,0,2,1,0,6,8,5,9,3
2017.0,0.0,0.0,0.0,3,10,0,0,0,0,0,5,1,1,1,1,2,1,1,20,5,10,1,0,0,2,1,0,4,7,5,6,3
2017.0,90.0,1.0,0.0,3,6,0,0,0,0,2,5,1,1,0,1,5,1,1,22,5,10,1,0,0,0,1,0,4,7,5,8,8
2017.0,-15.0,0.0,0.0,3,4,0,0,0,0,1,2,1,1,0,0,9,1,1,22,5,10,1,0,0,2,2,0,6,2,5,3,9
2017.0,500.0,0.0,0.0,3,5,0,0,0,2,1,9,1,1,0,1,2,1,1,23,5,10,1,0,0,2,0,0,6,6,5,9,7
2017.0,126.0,0.0,0.0,3,10,0,0,0,0,0,5,1,1,0,1,5,1,1,4,6,10,1,0,0,2,0,0,4,9,5,3,2
2017.0,-500.0,0.0,0.0,3,6,3,0,0,0,0,1,1,1,0,1,1,1,1,7,6,10,1,1,0,2,1,0,6,7,5,9,3
2017.0,0.0,0.0,0.0,3,4,3,0,0,0,2,6,1,1,0,0,9,1,1,11,6,10,1,0,0,0,2,0,4,5,5,3,9
2017.0,0.0,0.0,0.0,3,1,3,0,0,0,1,9,1,1,0,0,2,1,1,14,6,10,1,0,0,1,0,0,4,2,5,3,3
2017.0,0.0,0.0,0.0,3,4,4,0,0,0,1,5,1,1,0,0,2,1,1,17,6,10,1,1,0,1,0,0,4,2,5,3,9
2017.0,-5.0,1.0,0.0,2,5,0,0,0,2,1,9,1,1,0,1,5,1,1,23,6,10,1,0,0,2,1,0,0,2,5,9,3
2017.0,185.0,1.0,0.0,3,10,3,0,0,0,0,1,1,1,0,1,1,1,1,5,0,10,0,0,0,0,1,0,6,9,5,3,2
2017.0,500.0,0.0,0.0,3,6,3,0,0,0,1,1,1,1,0,1,1,1,1,7,0,10,0,1,0,0,0,0,0,7,5,8,3
2017.0,0.0,1.0,0.0,3,4,3,0,0,0,1,9,1,1,0,1,1,1,1,8,0,10,0,1,0,2,1,0,4,5,5,9,3
2017.0,-75.0,0.0,0.0,3,6,3,1,0,0,1,2,1,1,0,0,2,1,1,8,0,10,0,1,0,1,1,0,4,7,5,8,3
2017.0,53.0,0.0,0.0,3,6,3,0,0,0,0,5,1,1,0,0,5,1,1,10,0,10,0,0,0,2,1,0,4,7,5,8,3
2017.0,0.0,0.0,0.0,3,6,3,0,0,0,1,1,1,1,0,1,1,1,1,10,0,10,0,0,0,2,1,0,2,7,5,8,3
2017.0,200.0,0.0,0.0,3,6,3,0,0,0,1,5,1,1,0,1,5,1,1,12,0,10,0,0,0,2,0,0,4,7,5,8,3
2017.0,240.0,0.0,0.0,3,6,3,0,0,0,0,5,1,1,0,1,5,1,1,12,0,10,0,0,0,2,0,0,4,7,5,8,3
2017.0,-75.0,0.0,0.0,3,6,3,0,0,0,1,5,1,1,0,1,5,1,1,13,0,10,0,0,0,1,2,0,0,7,5,8,3
2017.0,-85.0,0.0,0.0,3,6,3,0,0,0,0,2,1,1,0,1,2,1,1,13,0,10,0,0,0,2,1,0,4,7,5,8,3
2017.0,-585.0,0.0,0.0,3,6,3,0,0,0,1,5,1,1,0,0,5,1,1,14,0,10,0,0,0,2,1,0,0,7,5,8,3
2017.0,-15.0,0.0,0.0,3,3,3,0,0,0,1,1,0,1,0,1,2,1,1,15,0,10,0,0,0,2,0,0,4,7,5,8,9
2017.0,50.0,0.0,0.0,3,1,3,0,0,0,0,2,1,1,0,1,2,1,1,16,0,10,0,1,0,2,1,0,6,4,7,3,9
2017.0,-175.0,1.0,0.0,3,10,3,0,0,0,1,5,1,1,0,1,5,1,1,17,0,10,0,1,0,1,0,0,6,7,5,9,3
2017.0,305.0,0.0,0.0,3,6,3,0,0,0,1,5,1,1,0,1,5,1,1,17,0,10,0,1,0,1,2,0,6,9,9,3,3
2017.0,-42.0,0.0,0.0,3,6,4,0,0,0,1,1,1,1,0,1,1,1,1,17,0,10,0,1,0,2,1,0,4,7,5,8,3
2017.0,75.0,0.0,0.0,3,1,0,0,0,0,2,1,1,1,0,1,1,1,1,18,0,10,0,1,0,0,1,0,6,5,5,8,3
2017.0,-200.0,1.0,0.0,3,6,0,0,0,0,1,2,1,1,0,0,2,1,1,18,0,10,0,1,0,1,2,0,6,7,5,8,3
2017.0,75.0,0.0,0.0,3,6,3,0,0,0,1,9,1,1,0,1,9,1,1,18,0,10,0,1,0,1,1,0,6,7,5,3,3
2017.0,0.0,1.0,0.0,3,4,0,0,0,0,0,9,1,1,0,0,1,1,1,22,0,10,0,0,0,2,2,0,4,2,5,3,9
2017.0,0.0,0.0,0.0,3,1,0,0,0,0,0,5,1,1,0,1,1,1,1,7,1,10,0,1,0,1,2,0,4,5,2,9,9
2017.0,0.0,0.0,0.0,3,5,3,0,0,0,2,1,1,1,2,1,5,1,1,7,1,10,0,1,0,0,0,0,4,2,5,3,3
2017.0,155.0,1.0,0.0,3,4,3,0,0,0,0,9,1,1,0,0,5,1,1,7,1,10,0,1,0,2,2,0,6,2,5,3,9
2017.0,15.0,1.0,0.0,3,1,3,0,0,0,1,2,1,1,2,1,9,1,1,8,1,10,0,1,0,1,2,0,4,2,5,7,9
2017.0,-618.0,1.0,0.0,2,1,3,0,0,2,1,1,1,1,0,1,9,1,1,9,1,10,0,1,0,2,2,0,0,9,5,9,3
2017.0,-588.0,0.0,0.0,3,1,3,0,0,0,1,9,1,1,0,0,9,1,1,10,1,10,0,0,0,2,1,0,6,5,5,3,9
2017.0,-456.0,2.0,0.0,2,6,3,0,0,0,1,2,1,1,0,0,2,1,1,11,1,10,0,0,0,2,2,0,6,7,5,8,3
2017.0,-15.0,0.0,0.0,3,6,3,0,0,0,0,1,1,1,0,1,1,1,1,13,1,10,0,0,0,2,1,0,4,7,5,8,3
2017.0,173.0,0.0,0.0,3,4,3,0,0,0,1,5,1,1,0,0,9,1,1,14,1,10,0,0,0,2,1,0,6,2,5,3,9
2017.0,145.0,1.0,0.0,2,1,3,0,0,2,1,2,1,1,0,1,9,1,1,14,1,10,0,0,0,2,1,0,6,9,5,9,3
2017.0,-81.0,0.0,0.0,3,6,3,1,0,0,1,2,1,1,0,0,2,1,1,14,1,10,0,0,0,2,2,0,4,7,5,8,3
2017.0,939.0,0.0,0.0,3,6,3,0,0,0,1,5,1,1,0,0,5,1,1,15,1,10,0,0,0,2,2,0,6,7,5,8,3
2017.0,150.0,0.0,0.0,3,4,3,0,0,0,1,1,1,1,0,0,7,1,1,16,1,10,0,1,0,1,1,0,6,4,5,5,5
2017.0,0.0,0.0,0.0,3,1,3,0,0,0,1,1,1,1,0,1,2,1,1,16,1,10,0,1,0,1,1,0,4,2,5,3,9
2017.0,99.0,1.0,0.0,3,6,3,0,0,0,1,9,1,1,0,0,9,1,1,17,1,10,0,1,0,2,2,0,4,7,5,8,3
2017.0,-135.0,2.0,0.0,3,6,3,0,0,0,1,2,1,1,0,1,2,1,1,17,1,10,0,1,0,1,0,0,4,7,5,8,3
2017.0,-175.0,0.0,0.0,3,1,4,0,0,0,1,2,1,1,0,0,2,1,1,17,1,10,0,1,0,1,1,0,6,9,5,3,2
2017.0,200.0,0.0,0.0,3,10,0,0,0,0,0,1,1,1,0,1,1,1,1,17,1,10,0,1,0,2,1,0,6,9,5,3,2
2017.0,82.0,1.0,0.0,2,6,0,0,0,0,0,5,1,1,0,0,5,1,1,17,1,10,0,1,0,2,1,0,4,7,5,8,3
2017.0,200.0,0.0,0.0,3,6,0,0,0,0,1,5,1,1,0,1,5,1,1,18,1,10,0,1,0,2,0,0,6,7,5,8,3
2017.0,-75.0,0.0,0.0,3,6,0,0,0,0,0,5,1,1,0,0,5,1,1,18,1,10,0,1,0,2,2,0,6,8,5,8,3
2017.0,0.0,0.0,0.0,3,4,0,0,0,0,0,9,1,1,0,1,1,1,1,19,1,10,0,1,0,1,0,0,4,2,5,3,9
2017.0,30.0,0.0,0.0,3,10,0,0,0,0,0,1,1,1,0,1,1,1,1,21,1,10,0,0,0,1,1,0,6,4,5,9,9
2017.0,75.0,0.0,0.0,3,6,0,0,0,0,0,5,1,1,1,1,5,1,1,21,1,10,0,0,0,1,1,0,6,7,5,6,3
2017.0,94.0,0.0,0.0,3,6,0,0,0,0,2,5,1,1,0,1,5,1,1,21,1,10,0,0,0,0,1,0,4,7,5,8,3
2017.0,100.0,0.0,0.0,3,8,1,0,0,0,0,2,0,1,0,1,9,1,1,0,2,11,0,0,0,2,1,0,9,5,5,8,1
2017.0,100.0,0.0,0.0,3,6,3,0,0,0,1,9,1,1,0,0,9,1,1,7,2,11,0,1,0,2,1,0,4,7,5,8,3
2017.0,0.0,1.0,0.0,3,4,3,0,0,0,0,3,1,1,0,1,9,1,1,8,2,11,0,1,0,1,2,0,4,2,5,3,9
2017.0,115.0,0.0,0.0,3,6,3,0,0,0,0,1,1,1,0,1,1,1,1,9,2,11,0,1,0,0,1,0,6,7,5,3,3
2017.0,-8.0,0.0,0.0,3,6,3,0,0,0,0,4,1,1,0,1,4,1,1,9,2,11,0,1,0,2,1,0,4,7,5,9,9
2017.0,54.0,0.0,0.0,3,10,3,0,0,0,1,5,1,1,0,1,5,1,1,10,2,11,0,0,0,1,1,0,4,5,5,8,9
2017.0,0.0,1.0,0.0,2,1,3,0,0,2,1,2,1,1,0,1,9,1,1,10,2,11,0,0,0,2,1,0,4,2,5,3,3
2017.0,-208.0,1.0,0.0,3,6,3,0,0,0,1,9,1,1,0,0,9,1,1,12,2,11,0,0,0,1,1,0,6,7,5,8,3
2017.0,137.0,0.0,0.0,3,10,3,0,0,0,1,5,1,1,0,0,5,1,1,14,2,11,0,0,0,1,2,0,4,9,5,3,2
2017.0,-477.0,0.0,0.0,3,1,3,0,0,0,1,5,1,1,0,1,9,1,1,14,2,11,0,0,0,1,2,0,6,2,5,3,9
2017.0,45.0,0.0,0.0,3,6,3,0,0,0,0,5,1,1,0,1,5,1,1,15,2,11,0,0,0,1,0,0,4,7,5,8,3
2017.0,53.0,0.0,0.0,3,4,3,0,0,0,0,1,1,1,0,0,2,1,1,15,2,11,0,0,0,1,1,0,4,2,5,3,9
2017.0,-113.0,2.0,0.0,2,6,3,0,0,0,1,2,1,1,0,1,2,1,1,16,2,11,0,1,0,1,2,0,4,7,5,8,3
2017.0,0.0,0.0,0.0,3,4,3,0,0,0,0,2,1,1,0,1,5,1,1,17,2,11,0,1,0,2,2,0,4,2,5,3,9
2017.0,0.0,0.0,0.0,3,1,0,0,0,0,0,2,1,1,0,1,9,1,1,17,2,11,0,1,0,1,2,0,4,2,5,3,9
2017.0,119.0,0.0,0.0,3,6,0,0,0,0,0,5,1,1,0,0,5,1,1,18,2,11,0,1,0,2,2,0,4,7,5,3,3
2017.0,0.0,0.0,0.0,3,4,0,0,0,0,1,2,1,1,0,1,5,1,1,23,2,11,0,0,0,2,2,0,3,5,5,9,3
2017.0,530.0,0.0,0.0,3,4,3,0,0,0,0,1,1,1,0,0,9,1,1,9,3,11,0,1,0,1,2,0,6,2,5,3,9
2017.0,-178.0,0.0,0.0,3,6,3,0,0,0,1,2,1,1,0,1,2,1,1,13,3,11,0,0,0,2,1,0,6,7,5,8,3
2017.0,0.0,0.0,0.0,3,6,3,0,0,0,1,5,1,1,0,0,5,1,1,13,3,11,0,0,0,0,2,0,4,7,5,0,3
2017.0,0.0,0.0,0.0,3,4,3,0,0,0,0,5,1,1,0,1,5,1,1,14,3,11,0,0,0,1,1,0,2,3,5,9,3
2017.0,217.0,0.0,0.0,3,1,3,0,0,0,1,2,1,1,0,0,9,1,1,14,3,11,0,0,0,2,2,0,6,2,5,3,9
2017.0,-37.0,0.0,0.0,3,6,3,0,0,0,0,1,1,1,0,1,1,1,1,15,3,11,0,0,0,1,1,0,4,7,5,8,3
2017.0,60.0,0.0,0.0,3,1,3,0,0,0,1,1,1,1,0,1,9,1,1,16,3,11,0,1,0,1,0,0,4,9,5,8,3
2017.0,209.0,0.0,0.0,3,10,0,0,0,0,0,1,1,1,0,1,5,1,1,17,3,11,0,1,0,1,2,0,0,2,5,8,9
2017.0,-1255.0,0.0,0.0,3,10,3,0,0,0,1,1,1,1,0,1,1,1,1,17,3,11,0,1,0,1,1,0,6,4,5,3,2
2017.0,0.0,2.0,0.0,2,1,0,0,0,0,1,1,1,0,0,1,5,1,1,19,3,11,0,1,0,1,1,0,4,7,5,3,3
2017.0,0.0,1.0,0.0,3,1,0,0,0,0,0,2,1,1,0,1,1,1,1,20,3,11,0,0,0,1,0,0,4,2,5,3,9
2017.0,-250.0,0.0,0.0,3,6,0,0,0,0,0,1,1,1,0,0,1,1,1,20,3,11,0,0,0,1,1,0,4,7,5,8,3
2017.0,0.0,0.0,0.0,3,4,0,0,0,0,1,7,1,1,0,1,1,1,1,22,3,11,0,0,0,2,1,0,4,4,5,3,9
2017.0,-290.0,0.0,0.0,3,6,0,0,0,0,1,2,1,1,1,1,2,1,1,2,4,11,0,0,0,2,1,0,6,7,5,6,3
2017.0,75.0,1.0,0.0,3,6,3,0,0,0,2,5,1,1,0,1,5,1,1,10,4,11,0,0,0,0,2,0,4,7,5,8,3
2017.0,-81.0,0.0,0.0,3,6,3,0,0,0,0,5,1,1,0,1,5,1,1,13,4,11,0,0,0,2,1,0,6,7,5,8,8
2017.0,159.0,1.0,0.0,2,6,3,0,0,0,1,2,1,1,0,1,2,1,1,13,4,11,0,0,0,1,2,0,6,7,5,8,3
2017.0,-192.0,1.0,0.0,3,6,3,0,0,0,1,9,1,1,0,1,9,1,1,14,4,11,0,0,0,0,1,0,6,7,5,8,3
2017.0,0.0,0.0,0.0,3,4,3,0,0,0,1,1,1,1,0,0,9,1,1,14,4,11,0,0,0,0,1,0,4,2,5,3,9
2017.0,-271.0,1.0,0.0,3,6,3,0,0,0,1,2,1,1,0,1,2,1,1,15,4,11,0,0,0,2,0,0,6,7,5,8,3
2017.0,843.0,0.0,0.0,3,10,3,0,0,0,1,1,1,1,0,0,1,1,1,15,4,11,0,0,0,0,0,0,6,9,5,3,2
2017.0,586.0,3.0,0.0,2,6,3,1,0,0,1,5,1,1,0,1,5,1,1,15,4,11,0,0,0,2,1,0,1,7,5,8,3
2017.0,0.0,0.0,0.0,3,6,3,0,0,0,1,5,1,1,0,1,5,1,1,15,4,11,0,0,0,1,1,0,4,7,5,8,3
2017.0,0.0,0.0,0.0,3,1,3,0,0,0,1,2,1,1,0,0,9,1,1,16,4,11,0,1,0,2,1,0,4,2,5,3,3
2017.0,0.0,1.0,0.0,2,4,3,0,0,0,1,1,1,1,0,0,9,1,1,16,4,11,0,1,0,1,1,0,4,2,5,3,9
2017.0,-350.0,0.0,0.0,3,10,3,0,0,0,2,1,1,1,0,1,1,1,1,16,4,11,0,1,0,0,1,0,6,9,5,3,5
2017.0,-74.0,0.0,0.0,3,10,4,0,0,0,1,1,1,1,0,0,1,1,1,17,4,11,0,1,0,1,2,0,4,5,5,3,9
2017.0,-249.0,1.0,0.0,3,4,0,0,0,0,1,5,1,1,0,0,9,1,1,17,4,11,0,1,0,2,1,0,6,4,5,3,9
2017.0,500.0,0.0,0.0,3,10,4,0,0,0,1,1,1,1,0,1,1,1,1,17,4,11,0,1,0,2,1,0,6,9,5,3,2
2017.0,-50.0,0.0,0.0,3,6,0,0,0,0,1,1,1,1,0,1,1,1,1,18,4,11,0,1,0,1,1,0,2,7,5,8,3
2017.0,-42.0,1.0,0.0,2,5,0,0,0,2,1,2,1,1,0,1,1,1,1,18,4,11,0,1,0,2,1,0,4,9,5,9,3