Year,Distance,Totalinjuries,Totalfatalities,Injuryseverity,Collisionmanner,Lightcondition,Weather,SurfaceCondition,Unittype_One,Gender_Drv1,Traveldirection_One,AlcoholUse_Drv1,DrugUse_Drv1,Unittype_Two,Gender_Drv2,Traveldirection_Two,AlcoholUse_Drv2,DrugUse_Drv2,Hour,Weekday,Month,Weekend,Rush_Hour,Hazardous_Road,Age_Group_Drv1,Age_Group_Drv2,Substance_Use,Junction_Category,Violation_Category_Drv1,Violation_Category_Drv2,Unitaction_Category_Two,Unitaction_Category_One
2017.0,0.0,0.0,0.0,3,4,0,0,0,0,0,9,1,1,0,1,1,1,1,18,4,11,0,1,0,2,1,0,4,2,5,3,9
2017.0,-210.0,1.0,0.0,1,6,0,0,0,0,0,1,1,1,0,0,1,1,1,18,4,11,0,1,0,2,1,0,6,7,5,8,3
2017.0,0.25,0.0,0.0,3,6,0,0,0,0,0,5,1,1,0,0,5,1,1,18,4,11,0,1,0,0,1,0,9,8,5,3,3
2017.0,0.0,2.0,0.0,3,4,0,0,0,0,0,2,1,1,0,0,5,1,1,20,4,11,0,0,0,2,2,0,2,9,5,3,9
2017.0,0.0,0.0,0.0,3,4,0,0,0,0,2,9,1,1,0,1,5,1,1,21,4,11,0,0,0,0,2,0,2,4,5,3,9
2017.0,0.0,0.0,0.0,3,4,0,0,0,0,0,7,1,1,0,1,1,1,1,21,4,11,0,0,0,2,1,0,2,2,5,3,9
2017.0,-100.0,0.0,0.0,3,6,0,0,0,0,1,2,0,1,0,1,2,1,1,21,4,11,0,0,0,1,1,0,4,7,5,8,3
2017.0,-93.0,1.0,0.0,3,6,0,0,0,0,0,1,1,1,0,1,1,1,1,0,5,11,1,0,0,2,1,0,4,7,5,8,8
2017.0,15.0,0.0,0.0,3,6,0,0,0,0,0,9,0,0,0,1,9,1,1,1,5,11,1,0,0,1,2,0,4,7,5,8,3
2017.0,-27.0,0.0,0.0,3,6,0,0,0,0,1,2,1,1,0,1,2,1,1,5,5,11,1,0,0,1,0,0,2,7,5,8,3
2017.0,-91.0,0.0,0.0,3,6,3,0,0,0,1,1,1,1,0,1,1,1,1,12,5,11,1,0,0,2,1,0,4,7,5,8,3
2017.0,270.0,0.0,0.0,3,6,3,0,0,0,1,2,1,1,0,1,2,1,1,14,5,11,1,0,0,2,1,0,6,7,5,8,3
2017.0,-3000.0,0.0,0.0,3,4,3,0,0,0,1,2,1,1,0,0,5,1,1,15,5,11,1,0,0,2,2,0,6,4,5,3,9
2017.0,-800.0,0.0,0.0,3,7,0,0,0,0,1,2,1,1,1,1,8,1,1,17,5,11,1,1,0,0,1,0,6,7,5,6,3
2017.0,41.0,1.0,0.0,2,1,0,0,0,3,0,5,1,1,0,0,1,1,1,18,5,11,1,1,0,1,1,0,4,2,5,3,7
2017.0,-10.0,0.0,0.0,3,5,0,0,0,0,1,2,1,1,0,0,2,1,1,18,5,11,1,1,0,0,2,0,4,5,5,6,1
2017.0,100.0,0.0,0.0,3,6,0,0,0,0,0,5,1,1,0,1,5,1,1,19,5,11,1,1,0,2,1,0,4,7,5,8,3
2017.0,-144.0,0.0,0.0,3,1,0,0,0,0,1,2,1,1,0,1,2,1,1,21,5,11,1,0,0,2,1,0,6,9,5,3,9
2017.0,-480.0,1.0,0.0,3,6,0,0,0,0,1,1,1,1,0,0,1,1,1,21,5,11,1,0,0,2,1,0,6,7,5,8,3
2017.0,-63.0,0.0,0.0,3,6,3,0,0,0,0,1,1,1,0,0,1,1,1,11,6,11,1,0,0,2,1,0,2,7,5,3,3
2017.0,-150.0,1.0,0.0,3,4,3,0,0,0,0,6,1,1,0,0,9,1,1,12,6,11,1,0,0,1,1,0,6,2,5,0,9
2017.0,-20.0,0.0,0.0,3,6,0,0,0,0,0,1,1,1,0,1,1,1,1,21,6,11,1,0,0,2,2,0,4,5,5,5,3
2017.0,0.0,0.0,0.0,3,1,0,0,0,0,1,5,0,1,0,1,1,1,1,4,0,11,0,0,0,2,1,0,4,2,5,3,3
2017.0,-53.0,0.0,0.0,3,6,3,0,0,0,1,1,1,1,0,0,1,1,1,7,0,11,0,1,0,1,1,0,4,7,5,9,3
2017.0,200.0,1.0,0.0,3,6,3,0,0,0,1,1,1,1,0,1,1,1,1,7,0,11,0,1,0,1,0,0,6,7,5,8,3
2017.0,300.0,0.0,0.0,3,10,3,0,0,0,0,1,1,1,0,0,5,1,1,12,0,11,0,0,0,2,1,0,0,2,5,3,9
2017.0,0.0,0.0,0.0,3,4,3,0,0,0,1,2,1,1,0,1,1,1,1,13,0,11,0,0,0,2,0,0,4,2,5,3,9
2017.0,-234.0,0.0,0.0,3,10,3,0,0,0,1,5,1,1,0,1,5,1,1,13,0,11,0,0,0,1,1,0,6,9,5,3,2
2017.0,-500.0,1.0,0.0,3,6,3,0,0,0,1,5,1,1,0,1,5,1,1,17,0,11,0,1,0,1,1,0,6,7,5,8,3
2017.0,0.0,0.0,0.0,3,4,0,0,0,0,1,9,1,1,0,1,2,1,1,17,0,11,0,1,0,1,1,0,4,2,5,3,9
2017.0,150.0,2.0,0.0,3,6,3,0,0,0,0,9,1,1,0,1,9,1,1,17,0,11,0,1,0,1,2,0,6,7,9,2,3
2017.0,35.0,2.0,0.0,2,4,0,0,0,0,0,9,1,1,0,0,1,1,1,19,0,11,0,1,0,2,2,0,4,4,5,3,9
2017.0,15.0,1.0,0.0,3,6,0,0,0,0,1,5,1,1,0,1,5,1,1,19,0,11,0,1,0,2,1,0,2,7,5,8,8
2017.0,-180.0,2.0,0.0,2,6,3,0,0,0,0,2,1,1,0,0,2,1,1,7,1,11,0,1,0,1,1,0,6,7,5,8,3
2017.0,0.0,0.0,0.0,3,4,3,1,0,0,0,5,1,1,0,0,9,1,1,11,1,11,0,0,0,0,0,0,4,2,5,3,9
2017.0,-147.0,0.0,0.0,3,6,3,0,0,0,0,1,1,1,0,0,1,1,1,14,1,11,0,0,0,1,1,0,4,7,5,8,3
2017.0,-159.0,0.0,0.0,3,10,3,1,0,0,1,5,1,1,0,1,5,1,1,15,1,11,0,0,0,1,1,0,6,9,5,3,2
2017.0,-130.0,1.0,0.0,3,6,3,1,0,0,2,2,1,1,0,0,2,1,1,16,1,11,0,1,0,0,1,0,4,7,5,8,3
2017.0,80.0,0.0,0.0,3,6,3,0,0,0,1,9,1,1,0,1,9,1,1,16,1,11,0,1,0,2,1,0,6,7,5,3,3
2017.0,0.0,2.0,0.0,3,4,3,1,0,0,1,9,1,1,0,1,1,1,1,17,1,11,0,1,0,0,2,0,4,2,5,3,9
2017.0,26.0,2.0,0.0,2,3,0,0,0,0,0,2,1,1,0,0,5,1,1,17,1,11,0,1,0,0,1,0,4,9,5,8,3
2017.0,-1584.0,1.0,0.0,3,1,4,1,0,0,0,2,1,1,0,1,1,1,1,17,1,11,0,1,0,2,2,0,6,2,5,3,9
2017.0,-30.0,0.0,0.0,3,6,0,0,0,0,1,5,1,1,0,1,5,1,1,17,1,11,0,1,0,2,2,0,6,7,5,8,3
2017.0,-87.0,0.0,0.0,3,6,0,0,0,0,1,1,1,1,0,0,1,1,1,17,1,11,0,1,0,2,0,0,4,7,5,8,3
2017.0,0.0,2.0,0.0,3,4,0,4,0,0,0,1,1,1,0,0,9,1,1,18,1,11,0,1,0,1,2,0,4,2,5,3,9
2017.0,25.0,1.0,0.0,3,6,0,0,0,0,0,5,1,1,0,0,5,1,1,18,1,11,0,1,0,2,2,0,4,7,5,8,8
2017.0,25.0,0.0,0.0,3,6,3,0,0,0,0,5,1,1,0,0,5,1,1,18,1,11,0,1,0,2,2,0,4,8,5,3,9
2017.0,240.0,0.0,0.0,3,1,3,0,0,0,2,1,1,1,0,1,5,1,1,18,1,11,0,1,0,0,1,0,6,2,5,3,9
2017.0,0.0,1.0,0.0,2,4,3,0,0,0,0,2,1,1,0,0,5,1,1,19,1,11,0,1,0,2,2,0,4,4,5,3,9
2017.0,-117.0,0.0,0.0,3,6,0,0,0,0,1,5,1,1,0,1,5,1,1,21,1,11,0,0,0,1,1,0,6,7,5,8,3
2017.0,-240.0,1.0,0.0,2,5,3,0,0,0,1,5,1,1,0,1,5,1,1,7,2,11,0,1,0,0,1,0,6,5,5,3,9
2017.0,0.0,0.0,0.0,3,6,3,0,0,0,0,2,1,1,0,0,2,1,1,7,2,11,0,1,0,2,1,0,4,7,5,8,3
2017.0,-180.0,0.0,0.0,3,1,3,0,0,0,0,9,1,1,0,1,2,1,1,9,2,11,0,1,0,2,0,0,0,2,5,3,9
2017.0,230.0,0.0,0.0,3,1,3,0,0,0,2,5,1,1,0,0,9,1,1,11,2,11,0,0,0,0,2,0,6,2,5,3,9
2017.0,104.0,2.0,0.0,2,6,3,0,0,0,0,9,1,1,0,0,9,1,1,12,2,11,0,0,0,1,1,0,4,7,5,8,3
2017.0,-135.0,0.0,0.0,3,6,3,0,0,0,0,2,1,1,0,1,2,1,1,12,2,11,0,0,0,2,2,0,6,7,5,8,3
2017.0,0.0,2.0,0.0,2,4,3,0,0,0,1,1,1,1,0,0,9,1,1,13,2,11,0,0,0,1,1,0,4,2,5,3,9
2017.0,0.0,1.0,0.0,2,4,3,0,0,0,1,2,1,1,0,1,5,1,1,14,2,11,0,0,0,2,1,0,4,2,5,3,9
2017.0,-705.0,2.0,0.0,3,6,3,0,0,0,0,2,1,1,0,1,2,1,1,15,2,11,0,0,0,2,1,0,6,7,5,8,3
2017.0,98.0,0.0,0.0,3,6,3,0,0,0,0,9,1,1,0,0,9,1,1,15,2,11,0,0,0,2,2,0,4,7,5,3,3
2017.0,359.0,1.0,0.0,2,1,3,0,0,2,0,9,1,1,0,1,2,1,1,16,2,11,0,1,0,2,1,0,6,2,5,3,3
2017.0,-145.0,0.0,0.0,3,6,4,0,0,0,0,1,1,1,0,1,1,1,1,17,2,11,0,1,0,1,2,0,4,7,5,8,3
2017.0,0.0,0.0,0.0,3,1,3,0,0,0,0,1,1,1,0,0,2,1,1,17,2,11,0,1,0,1,1,0,4,2,5,3,3
2017.0,48.0,0.0,0.0,3,1,4,0,0,0,0,5,1,1,0,1,5,1,1,17,2,11,0,1,0,2,1,0,6,9,5,3,9
2017.0,55.0,1.0,0.0,2,4,4,0,0,0,0,2,1,1,0,1,5,1,1,17,2,11,0,1,0,1,2,0,6,2,5,3,9
2017.0,550.0,0.0,0.0,3,6,0,0,0,0,0,2,1,1,1,1,8,1,1,19,2,11,0,1,0,1,2,0,6,5,5,6,1
2017.0,-250.0,1.0,0.0,2,3,0,0,0,0,1,2,1,0,1,1,8,1,1,21,2,11,0,0,0,0,1,0,6,7,5,6,3
2017.0,200.0,0.0,0.0,3,6,3,0,0,0,0,9,1,1,0,0,9,1,1,6,3,11,0,0,0,1,1,0,4,7,5,8,3
2017.0,0.0,0.0,0.0,3,4,3,0,0,0,0,9,1,1,0,1,1,1,1,8,3,11,0,1,0,1,1,0,4,2,5,3,9
2017.0,-130.0,0.0,0.0,3,6,3,0,0,0,1,2,1,1,0,1,2,1,1,9,3,11,0,1,0,2,1,0,2,7,5,8,3
2017.0,-105.0,1.0,0.0,2,1,3,0,0,2,1,9,1,1,0,0,2,1,1,10,3,11,0,0,0,1,1,0,6,2,5,3,3
2017.0,437.0,1.0,0.0,1,1,3,0,0,0,0,2,1,1,0,0,5,1,1,12,3,11,0,0,0,1,1,0,0,9,4,2,9
2017.0,-243.0,0.0,0.0,3,10,3,0,0,0,0,1,1,1,0,1,1,1,1,13,3,11,0,0,0,1,1,0,4,5,5,3,3
2017.0,0.0,2.0,0.0,3,1,3,0,0,0,1,9,1,1,0,1,5,1,1,13,3,11,0,0,0,0,1,0,4,5,5,3,3
2017.0,67.0,0.0,0.0,3,10,3,0,0,0,1,9,1,1,0,1,9,1,1,13,3,11,0,0,0,1,1,0,4,5,5,8,3
2017.0,187.0,0.0,0.0,3,4,3,0,0,0,0,2,1,1,0,1,9,1,1,15,3,11,0,0,0,1,2,0,6,2,5,3,9
2017.0,74.0,0.0,0.0,3,4,3,0,0,0,0,1,1,1,0,0,2,1,1,15,3,11,0,0,0,0,1,0,6,4,5,3,9
2017.0,223.0,0.0,0.0,3,10,3,0,0,0,0,9,1,1,0,1,9,1,1,16,3,11,0,1,0,1,1,0,6,9,5,3,2
2017.0,771.0,0.0,0.0,3,6,3,0,0,0,0,5,1,1,0,0,5,1,1,16,3,11,0,1,0,2,1,0,6,7,5,8,3
2017.0,-213.0,1.0,0.0,2,6,4,0,0,0,1,2,1,1,0,1,2,1,1,17,3,11,0,1,0,2,1,0,4,7,5,8,3
2017.0,0.0,0.0,0.0,3,6,2,0,0,0,0,3,1,1,0,0,3,1,1,17,3,11,0,1,0,1,2,0,4,5,5,9,9
2017.0,0.0,0.0,0.0,3,4,3,0,0,0,1,5,1,1,0,1,2,1,1,17,3,11,0,1,0,2,2,0,4,2,5,3,9
2017.0,0.0,0.0,0.0,3,5,0,0,0,2,2,9,1,1,0,1,5,1,1,18,3,11,0,1,0,0,2,0,4,9,5,9,3
2017.0,-300.0,0.0,0.0,3,1,0,0,0,0,0,5,1,1,0,0,1,1,1,19,3,11,0,1,0,2,2,0,6,5,5,9,1
2017.0,-220.0,0.0,0.0,3,6,0,0,0,0,0,5,1,1,0,0,9,1,1,19,3,11,0,1,0,1,1,0,4,5,5,9,0
2017.0,0.0,1.0,0.0,2,10,0,0,0,0,0,9,1,1,0,1,9,1,1,20,3,11,0,0,0,2,1,0,2,2,5,9,9
2017.0,-600.0,0.0,0.0,3,1,0,0,0,0,1,9,1,1,0,0,4,1,1,22,3,11,0,0,0,2,2,0,6,2,5,3,5
2017.0,100.0,0.0,0.0,3,6,0,3,0,0,2,5,1,1,0,1,5,1,1,1,4,11,0,0,0,0,2,0,4,7,5,8,3
2017.0,0.0,0.0,0.0,3,10,3,0,0,0,1,7,1,1,0,0,7,1,1,7,4,11,0,1,0,0,1,0,6,4,5,9,9
2017.0,147.0,0.0,0.0,3,6,3,0,0,0,1,5,1,1,0,0,5,1,1,10,4,11,0,0,0,1,0,0,4,7,5,8,8
2017.0,40.0,0.0,0.0,3,6,3,0,0,0,1,1,1,1,0,0,1,1,1,11,4,11,0,0,0,1,1,0,6,7,5,3,3
2017.0,200.0,0.0,0.0,3,6,3,4,0,0,1,2,1,1,0,1,2,1,1,11,4,11,0,0,0,2,2,0,6,7,5,3,3
2017.0,150.0,0.0,0.0,3,6,3,0,0,0,0,2,1,1,0,1,2,1,1,12,4,11,0,0,0,1,2,0,6,7,5,3,3
2017.0,-200.0,0.0,0.0,3,4,3,0,0,0,0,1,1,1,0,1,2,1,1,12,4,11,0,0,0,1,1,0,6,2,5,3,9
2017.0,-760.0,0.0,0.0,3,10,3,0,0,0,0,2,1,1,0,1,2,1,1,12,4,11,0,0,0,2,0,0,6,9,5,3,2
2017.0,0.0,0.0,0.0,3,4,3,0,0,0,0,3,1,1,0,0,9,1,1,12,4,11,0,0,0,2,1,0,4,2,5,3,9
2017.0,75.0,0.0,0.0,3,10,3,0,0,0,1,5,1,1,0,1,5,1,1,14,4,11,0,0,0,2,1,0,6,9,5,3,3
2017.0,-25.0,0.0,0.0,3,6,3,0,0,0,0,2,1,1,0,1,2,1,1,14,4,11,0,0,0,1,2,0,4,8,5,3,3
2017.0,700.0,0.0,0.0,3,6,3,0,0,0,1,9,1,1,0,0,9,1,1,16,4,11,0,1,0,1,2,0,6,7,5,3,3
2017.0,0.0,1.0,0.0,2,4,4,0,0,2,0,5,1,1,0,1,5,1,1,18,4,11,0,1,0,1,1,0,4,4,5,3,9
2017.0,-450.0,1.0,0.0,2,6,0,0,0,0,0,2,1,1,0,0,2,1,1,18,4,11,0,1,0,1,1,0,6,7,5,8,3
2017.0,-180.0,0.0,0.0,3,6,0,0,0,0,1,2,1,1,0,0,2,1,1,19,4,11,0,1,0,2,2,0,6,7,5,8,3
2017.0,-50.0,0.0,0.0,3,6,0,0,0,0,0,2,1,1,0,0,2,1,1,19,4,11,0,1,0,2,1,0,2,8,5,8,3
2017.0,0.0,1.0,0.0,2,4,0,0,0,0,1,1,1,1,0,0,9,1,1,19,4,11,0,1,0,1,1,0,4,2,5,3,9
2017.0,-62.0,0.0,0.0,3,4,0,0,0,0,0,9,1,1,0,0,2,1,1,21,4,11,0,0,0,2,2,0,4,4,5,6,9
2017.0,-150.0,1.0,0.0,3,6,0,0,0,0,1,2,1,1,0,1,2,1,1,2,5,11,1,0,0,2,2,0,6,7,5,8,3
2017.0,550.0,0.0,0.0,3,4,3,0,0,0,0,1,1,1,0,1,9,1,1,10,5,11,1,0,0,1,1,0,6,2,5,3,9
2017.0,0.0,0.0,0.0,3,4,3,0,0,0,1,5,1,1,0,1,9,1,1,12,5,11,1,0,0,1,1,0,4,2,5,3,9
2017.0,-131.0,0.0,0.0,3,8,3,0,0,0,1,5,1,1,1,1,1,1,1,13,5,11,1,0,0,1,1,0,4,5,5,6,1
2017.0,0.0,0.0,0.0,3,1,3,0,0,0,0,5,1,1,0,1,1,1,1,14,5,11,1,0,0,1,2,0,4,8,5,3,9
2017.0,-5.0,0.0,0.0,3,6,3,0,0,0,0,5,1,1,0,0,5,1,1,14,5,11,1,0,0,1,0,0,4,7,5,8,3
2017.0,-43.0,0.0,0.0,3,10,3,0,0,0,0,1,1,1,0,0,1,1,1,14,5,11,1,0,0,2,1,0,4,9,5,3,2
2017.0,-19.0,0.0,0.0,3,6,3,0,0,0,1,1,1,1,0,0,1,1,1,15,5,11,1,0,0,1,1,0,2,7,5,8,3
2017.0,6.0,0.0,0.0,3,1,3,0,0,2,1,1,1,1,0,1,6,1,1,16,5,11,1,1,0,0,0,0,4,7,5,9,3
2017.0,-241.0,0.0,0.0,3,12,0,0,0,0,2,9,1,1,1,1,1,1,1,19,5,11,1,1,0,0,1,0,6,5,5,6,5
2017.0,8.0,0.0,0.0,3,5,0,0,0,0,1,5,1,1,0,1,5,1,1,23,5,11,1,0,0,1,1,0,4,5,5,8,8
2017.0,41.0,1.0,0.0,1,4,0,0,0,0,0,1,0,0,0,1,2,1,1,0,6,11,1,0,0,2,1,0,4,2,5,3,9
2017.0,290.0,0.0,0.0,3,6,3,0,0,0,1,5,1,1,0,1,5,1,1,7,6,11,1,1,0,1,1,0,6,7,5,3,3
2017.0,100.0,0.0,0.0,3,6,3,0,0,0,1,4,1,1,0,0,4,1,1,14,6,11,1,0,0,1,1,0,6,7,5,8,3
2017.0,0.0,0.0,0.0,3,10,3,0,0,0,2,9,1,1,0,0,9,1,1,16,6,11,1,1,0,0,1,0,4,9,5,9,9
2017.0,5.0,0.0,0.0,3,6,0,0,0,0,1,9,0,1,0,0,9,1,1,22,6,11,1,0,0,2,2,0,4,8,5,3,3
2017.0,-109.0,0.0,0.0,3,6,3,0,0,0,1,2,1,1,0,0,2,1,1,8,0,11,0,1,0,0,2,0,4,7,5,8,3
2017.0,-81.0,0.0,0.0,3,6,3,0,0,0,1,5,1,1,0,1,5,1,1,8,0,11,0,1,0,1,2,0,6,7,5,8,3
2017.0,-15.0,0.0,0.0,3,10,3,0,0,0,1,9,1,1,0,0,9,1,1,8,0,11,0,1,0,2,1,0,6,9,5,3,3
2017.0,-82.0,0.0,0.0,3,6,3,0,0,0,0,2,1,1,0,1,2,1,1,10,0,11,0,0,0,1,1,0,4,7,5,8,3
2017.0,-130.0,0.0,0.0,3,10,3,0,0,0,2,2,1,1,0,0,2,1,1,11,0,11,0,0,0,0,1,0,4,9,5,3,2
2017.0,-415.0,0.0,0.0,3,6,3,0,0,0,1,1,1,1,0,1,1,1,1,12,0,11,0,0,0,1,1,0,6,7,5,8,3
2017.0,0.0,0.0,0.0,3,1,3,0,0,0,0,2,1,1,0,1,1,1,1,13,0,11,0,0,0,1,0,0,4,2,5,3,9
2017.0,-59.0,0.0,0.0,3,10,3,0,0,0,1,1,1,1,0,0,1,1,1,13,0,11,0,0,0,1,1,0,4,4,5,9,9
2017.0,0.0,1.0,0.0,3,10,3,0,0,0,1,8,1,1,0,0,8,1,1,14,0,11,0,0,0,1,1,0,6,5,5,5,5
2017.0,0.0,0.0,0.0,3,10,3,0,0,0,1,1,1,1,0,0,5,1,1,15,0,11,0,0,0,2,2,0,4,4,5,3,9
2017.0,129.0,0.0,0.0,3,10,3,0,0,0,0,9,1,1,1,1,9,1,1,16,0,11,0,1,0,1,1,0,6,7,5,6,6
2017.0,369.0,0.0,0.0,3,6,3,0,0,0,1,5,1,1,0,0,5,1,1,16,0,11,0,1,0,1,0,0,6,5,5,9,3
2017.0,60.0,0.0,0.0,3,4,3,0,0,0,0,2,1,1,0,0,1,1,1,17,0,11,0,1,0,1,1,0,6,2,5,3,9
2017.0,0.0,0.0,0.0,3,4,0,0,0,0,0,5,1,1,0,0,2,1,1,19,0,11,0,1,0,1,2,0,4,4,5,3,9
2017.0,0.0,3.0,0.0,2,1,0,0,0,0,0,1,1,1,0,0,2,1,1,2,1,11,0,0,0,2,1,0,4,2,5,3,3
2017.0,-125.0,0.0,0.0,3,6,3,0,0,0,0,2,1,1,0,0,2,1,1,7,1,11,0,1,0,2,1,0,4,7,5,8,3
2017.0,0.0,1.0,0.0,1,4,3,0,0,0,0,1,1,1,0,1,9,1,1,7,1,11,0,1,0,1,1,0,4,2,5,3,9
2017.0,-250.0,0.0,0.0,3,1,3,0,0,0,1,2,1,1,0,1,2,1,1,8,1,11,0,1,0,1,1,0,6,2,5,3,9
2017.0,-155.0,0.0,0.0,3,6,3,0,0,0,1,2,1,1,0,0,2,1,1,9,1,11,0,1,0,1,1,0,4,7,5,3,3
2017.0,35.0,0.0,0.0,3,6,3,0,0,0,1,9,1,1,0,0,1,1,1,9,1,11,0,1,0,1,1,0,4,5,5,3,1
2017.0,708.0,2.0,0.0,2,1,3,0,0,0,0,5,1,1,0,0,9,1,1,11,1,11,0,0,0,0,0,0,6,2,5,3,9
2017.0,251.0,0.0,0.0,3,10,3,0,0,0,2,5,1,1,0,1,5,1,1,11,1,11,0,0,0,0,1,0,6,7,5,8,2
2017.0,-205.0,0.0,0.0,3,6,3,0,0,0,1,2,1,1,0,0,2,1,1,12,1,11,0,0,0,1,1,0,4,7,5,8,3
2017.0,0.0,1.0,0.0,2,1,3,0,0,2,1,2,1,1,0,1,1,1,1,15,1,11,0,0,0,1,1,0,4,2,5,9,3
2017.0,-45.0,0.0,0.0,3,6,3,0,0,0,1,1,1,1,0,0,1,1,1,15,1,11,0,0,0,1,1,0,4,7,5,8,3
2017.0,-220.0,1.0,0.0,3,6,3,0,0,0,1,5,1,1,0,1,5,1,1,16,1,11,0,1,0,2,2,0,6,7,5,8,3
2017.0,500.0,0.0,0.0,3,6,3,0,0,0,0,5,1,1,0,0,5,1,1,17,1,11,0,1,0,2,1,0,6,7,5,8,3
2017.0,-75.0,0.0,0.0,3,10,4,0,0,0,1,9,1,1,0,1,9,1,1,17,1,11,0,1,0,2,1,0,4,9,5,3,2
2017.0,0.0,0.0,0.0,3,4,0,0,0,0,0,5,1,1,0,0,6,1,1,19,1,11,0,1,0,1,1,0,2,4,5,9,3
2017.0,-400.0,1.0,0.0,2,1,0,0,0,2,1,1,1,1,0,0,2,1,1,22,1,11,0,0,0,1,1,0,6,5,5,3,7
2017.0,125.0,0.0,0.0,3,6,3,0,0,0,1,5,1,1,0,0,5,1,1,7,2,11,0,1,0,1,1,0,4,7,5,8,3
2017.0,-510.0,1.0,0.0,3,4,3,0,0,0,0,9,1,1,0,0,2,1,1,7,2,11,0,1,0,2,1,0,0,2,5,3,9
2017.0,580.0,0.0,0.0,3,6,3,1,0,0,0,9,1,1,0,1,9,1,1,7,2,11,0,1,0,2,1,0,6,7,5,8,8
2017.0,-170.0,3.0,0.0,2,6,3,0,0,0,0,1,1,1,0,1,1,1,1,8,2,11,0,1,0,1,1,0,6,7,5,8,3
2017.0,-120.0,1.0,0.0,2,4,3,0,0,0,1,1,1,1,0,1,9,1,1,9,2,11,0,1,0,0,1,0,0,2,5,3,9
2017.0,-78.0,1.0,0.0,1,6,3,0,0,0,1,2,1,1,0,1,2,1,1,9,2,11,0,1,0,2,0,0,4,7,5,8,3
2017.0,200.0,0.0,0.0,3,6,3,0,0,0,1,2,1,1,0,1,2,1,1,9,2,11,0,1,0,1,1,0,6,7,5,9,8
2017.0,72.0,0.0,0.0,3,6,3,0,0,0,1,5,1,1,0,0,5,1,1,11,2,11,0,0,0,1,1,0,4,7,5,8,3
2017.0,0.0,0.0,0.0,3,6,3,0,0,0,0,1,1,1,0,0,1,1,1,12,2,11,0,0,0,1,1,0,4,7,5,9,0
2017.0,165.0,0.0,0.0,3,9,3,0,0,0,1,5,1,1,1,1,2,1,1,13,2,11,0,0,0,0,1,0,6,5,5,6,1
2017.0,58.0,0.0,0.0,3,1,3,0,0,0,1,5,1,1,0,1,1,1,1,13,2,11,0,0,0,1,2,0,4,2,5,3,9
2017.0,0.0,1.0,0.0,3,1,3,0,0,0,1,5,1,1,0,1,9,1,1,14,2,11,0,0,0,2,1,0,4,2,5,3,9
2017.0,-146.0,0.0,0.0,3,6,3,0,0,0,1,1,1,1,0,0,1,1,1,16,2,11,0,1,0,0,2,0,4,7,5,8,3
2017.0,-45.0,0.0,0.0,3,10,3,0,0,0,0,1,1,1,0,0,1,1,1,16,2,11,0,1,0,1,1,0,4,5,5,9,9
2017.0,25.0,0.0,0.0,3,6,0,0,0,0,0,5,1,1,0,0,5,1,1,17,2,11,0,1,0,2,2,0,6,5,5,8,3
2017.0,150.0,0.0,0.0,3,1,0,0,0,0,0,5,1,1,0,0,9,1,1,19,2,11,0,1,0,2,0,0,6,2,5,8,9
2017.0,100.0,0.0,0.0,3,6,0,0,0,0,1,1,1,1,0,1,1,1,1,19,2,11,0,1,0,1,1,0,6,7,5,8,3
2017.0,-125.0,1.0,0.0,2,5,3,0,0,0,1,2,1,1,0,1,5,1,1,5,3,11,0,0,0,1,1,0,4,5,5,3,9
2017.0,0.0,2.0,0.0,2,4,3,0,0,0,1,5,1,1,0,1,1,1,1,9,3,11,0,1,0,1,1,0,4,2,5,9,3
2017.0,-32.0,0.0,1.0,0,5,3,1,0,2,1,1,1,1,0,1,9,1,1,16,3,11,0,1,0,1,2,0,4,2,5,9,7
2017.0,110.0,0.0,0.0,3,10,3,0,0,0,1,1,1,1,0,0,1,1,1,16,3,11,0,1,0,1,2,0,6,9,5,3,2
2017.0,-795.0,0.0,0.0,3,1,4,0,0,0,0,2,1,1,0,0,1,1,1,17,3,11,0,1,0,2,1,0,0,2,5,3,9
2017.0,100.0,0.0,0.0,3,6,3,0,0,0,1,2,1,1,0,0,2,1,1,17,3,11,0,1,0,1,1,0,6,7,5,8,3
2017.0,0.0,0.0,0.0,3,4,4,0,0,0,1,9,1,1,0,1,1,1,1,17,3,11,0,1,0,2,2,0,4,2,5,3,9
2017.0,-25.0,0.0,0.0,3,10,3,0,0,0,2,1,1,1,0,1,1,1,1,17,3,11,0,1,0,0,2,0,4,9,5,3,2
2017.0,-526.0,0.0,0.0,3,6,0,0,0,0,1,1,1,1,0,1,1,1,1,18,3,11,0,1,0,2,1,0,6,7,5,8,3
2017.0,0.0,2.0,0.0,1,1,3,0,0,0,0,2,1,1,0,0,1,1,1,18,3,11,0,1,0,1,1,0,2,2,5,3,9
2017.0,-150.0,0.0,0.0,3,6,0,0,0,0,0,1,1,1,0,1,1,1,1,18,3,11,0,1,0,1,1,0,4,7,5,8,3
2017.0,-100.0,0.0,0.0,3,6,0,0,0,0,0,2,1,1,0,0,2,1,1,18,3,11,0,1,0,2,2,0,4,7,5,8,3