Year,Distance,Totalinjuries,Totalfatalities,Injuryseverity,Collisionmanner,Lightcondition,Weather,SurfaceCondition,Unittype_One,Gender_Drv1,Traveldirection_One,AlcoholUse_Drv1,DrugUse_Drv1,Unittype_Two,Gender_Drv2,Traveldirection_Two,AlcoholUse_Drv2,DrugUse_Drv2,Hour,Weekday,Month,Weekend,Rush_Hour,Hazardous_Road,Age_Group_Drv1,Age_Group_Drv2,Substance_Use,Junction_Category,Violation_Category_Drv1,Violation_Category_Drv2,Unitaction_Category_Two,Unitaction_Category_One
2017.0,-100.0,0.0,0.0,3,6,0,0,0,0,1,1,1,1,0,1,1,1,1,19,3,11,0,1,0,1,1,0,4,7,5,8,3
2017.0,0.0,0.0,0.0,3,4,0,0,0,0,0,5,1,1,0,0,2,1,1,23,3,11,0,0,0,2,1,0,4,2,5,9,3
2017.0,-100.0,0.0,0.0,3,6,2,1,0,0,1,1,1,1,0,0,1,1,1,6,4,11,0,0,0,2,1,0,4,7,5,8,8
2017.0,0.0,2.0,0.0,2,1,3,0,0,0,0,9,1,1,0,1,5,1,1,6,4,11,0,0,0,0,1,0,4,2,5,3,3
2017.0,-25.0,0.0,0.0,3,10,3,1,0,0,1,2,1,1,0,1,2,1,1,11,4,11,0,0,0,1,1,0,4,7,5,8,2
2017.0,0.0,0.0,0.0,3,1,3,1,0,0,0,2,1,1,0,0,2,1,1,12,4,11,0,0,0,0,1,0,4,3,5,9,9
2017.0,-77.0,0.0,0.0,3,6,3,0,0,0,0,1,1,1,0,0,1,1,1,12,4,11,0,0,0,1,2,0,4,7,5,8,3
2017.0,30.0,0.0,0.0,3,10,3,0,0,0,1,1,1,1,0,1,1,1,1,12,4,11,0,0,0,0,1,0,6,9,5,8,2
2017.0,0.0,0.0,0.0,3,5,3,0,0,0,1,2,1,1,0,1,5,1,1,13,4,11,0,0,0,2,1,0,4,5,5,8,1
2017.0,186.0,1.0,0.0,3,6,3,0,0,0,0,9,1,1,0,0,9,1,1,14,4,11,0,0,0,1,0,0,2,7,5,8,3
2017.0,20.0,0.0,0.0,3,1,3,0,0,0,1,9,1,1,0,1,5,1,1,14,4,11,0,0,0,0,1,0,0,2,5,8,9
2017.0,0.0,0.0,0.0,3,4,4,0,0,0,1,2,1,1,0,1,5,1,1,17,4,11,0,1,0,1,2,0,4,2,5,3,9
2017.0,100.0,0.0,0.0,3,6,0,0,0,0,1,5,1,1,0,0,5,1,1,19,4,11,0,1,0,0,2,0,4,7,5,8,3
2017.0,0.0,0.0,0.0,3,4,0,0,0,0,2,9,1,1,0,0,3,1,1,19,4,11,0,1,0,0,1,0,4,5,5,9,3
2017.0,-800.0,0.0,0.0,3,1,0,0,0,0,2,9,1,1,0,1,9,1,1,20,4,11,0,0,0,0,1,0,6,9,5,3,2
2017.0,0.0,0.0,0.0,3,1,0,0,0,0,1,1,1,1,0,1,2,1,1,20,4,11,0,0,0,2,1,0,4,2,5,3,3
2017.0,252.0,1.0,0.0,3,10,0,0,0,0,1,5,1,1,0,0,5,1,1,22,4,11,0,0,0,2,2,0,6,9,9,9,9
2017.0,0.0,0.0,0.0,3,6,0,0,0,0,0,9,1,1,0,1,9,1,1,22,4,11,0,0,0,1,0,0,2,7,5,9,9
2017.0,0.0,1.0,0.0,3,4,0,0,0,0,1,9,0,1,0,1,1,1,1,1,5,11,1,0,0,1,1,0,4,2,5,3,9
2017.0,0.0,0.0,0.0,3,1,0,0,0,0,0,2,1,1,0,1,1,1,1,1,5,11,1,0,0,1,1,0,4,5,5,3,3
2017.0,-141.0,2.0,0.0,2,1,3,0,0,0,1,5,1,1,0,0,2,1,1,9,5,11,1,1,0,2,0,0,6,7,5,3,3
2017.0,-47.0,1.0,0.0,3,6,3,1,0,0,1,9,1,1,0,0,9,1,1,12,5,11,1,0,0,2,2,0,6,7,5,8,8
2017.0,-20.0,1.0,0.0,3,6,3,0,0,0,1,1,1,1,0,1,1,1,1,12,5,11,1,0,0,0,1,0,6,5,5,3,5
2017.0,-50.0,0.0,0.0,3,6,3,1,0,0,1,2,1,1,0,0,2,1,1,12,5,11,1,0,0,1,1,0,6,7,5,8,3
2017.0,60.0,0.0,0.0,3,6,3,0,0,0,1,9,1,1,0,1,9,1,1,16,5,11,1,1,0,1,0,0,6,7,5,8,3
2017.0,-65.0,0.0,0.0,3,6,4,0,0,0,1,2,1,1,0,0,2,1,1,18,5,11,1,1,0,2,1,0,2,7,5,8,3
2017.0,420.0,1.0,0.0,1,1,0,0,0,3,1,9,0,1,0,0,5,1,1,23,5,11,1,0,0,1,2,0,6,6,5,3,7
2017.0,0.0,0.0,0.0,3,1,0,0,0,0,1,2,1,1,0,1,6,1,1,0,6,11,1,0,0,2,2,0,4,2,5,9,3
2017.0,-85.0,0.0,0.0,3,6,3,0,0,0,1,2,1,1,0,1,2,1,1,8,6,11,1,1,0,1,1,0,4,2,5,8,3
2017.0,-100.0,0.0,0.0,3,6,3,0,0,0,0,1,1,1,0,1,1,1,1,13,6,11,1,0,0,2,1,0,4,7,5,8,3
2017.0,-57.0,4.0,0.0,3,10,3,0,0,0,1,5,1,1,0,0,5,1,1,13,6,11,1,0,0,1,1,0,6,9,5,3,9
2017.0,-220.0,0.0,0.0,3,6,3,0,0,0,1,2,1,1,0,1,2,1,1,15,6,11,1,0,0,2,2,0,4,7,5,8,3
2017.0,0.0,0.0,0.0,3,4,0,0,0,0,2,2,1,1,0,1,5,1,1,18,6,11,1,1,0,0,1,0,4,2,5,3,9
2017.0,0.0,0.0,0.0,3,1,0,0,0,0,2,2,1,1,0,1,2,1,1,18,6,11,1,1,0,0,1,0,4,4,5,3,9
2017.0,150.0,1.0,0.0,2,6,0,0,0,0,1,1,1,1,0,1,1,1,1,18,6,11,1,1,0,2,1,0,6,7,5,8,3
2017.0,-90.0,0.0,0.0,3,3,3,0,0,0,2,2,1,1,1,1,5,1,1,7,0,11,0,1,0,0,0,0,6,5,5,6,5
2017.0,75.0,0.0,0.0,3,6,3,0,0,0,1,5,1,1,0,0,5,1,1,7,0,11,0,1,0,1,0,0,4,7,5,8,3
2017.0,-100.0,0.0,0.0,3,6,3,0,0,0,1,2,1,1,0,0,2,1,1,7,0,11,0,1,0,1,0,0,2,7,5,8,3
2017.0,-45.0,0.0,0.0,3,6,3,1,0,0,0,2,1,1,0,0,2,1,1,7,0,11,0,1,0,1,1,0,4,5,5,3,8
2017.0,-342.0,0.0,0.0,3,4,3,0,0,0,1,7,1,1,0,0,2,1,1,8,0,11,0,1,0,2,1,0,6,4,5,3,9
2017.0,0.0,1.0,0.0,2,1,3,0,0,0,0,2,1,1,0,1,9,1,1,8,0,11,0,1,0,1,1,0,4,5,5,3,3
2017.0,-40.0,0.0,0.0,3,10,3,0,0,0,0,5,1,1,0,1,5,1,1,15,0,11,0,0,0,2,1,0,4,8,5,3,9
2017.0,100.0,0.0,0.0,3,1,3,0,0,0,0,1,1,1,0,0,5,1,1,15,0,11,0,0,0,1,1,0,4,2,5,3,9
2017.0,-80.0,0.0,0.0,3,6,0,0,0,0,0,5,1,1,0,1,5,1,1,18,0,11,0,1,0,1,1,0,2,7,5,8,3
2017.0,5.0,0.0,0.0,3,6,0,0,0,0,1,1,1,1,0,1,1,1,1,18,0,11,0,1,0,2,1,0,4,7,5,8,3
2017.0,-130.0,0.0,1.0,0,5,0,0,0,0,1,9,1,1,0,1,1,1,1,18,0,11,0,1,0,1,1,0,4,5,5,8,1
2017.0,-1000.0,1.0,0.0,2,10,0,0,0,0,0,1,1,1,0,1,1,1,1,19,0,11,0,1,0,0,1,0,6,9,5,3,2
2017.0,0.0,0.0,0.0,3,4,3,0,0,0,1,1,1,1,0,0,9,1,1,21,0,11,0,0,0,0,1,0,4,2,5,3,9
2017.0,80.0,1.0,0.0,3,6,3,0,0,0,1,5,1,1,0,1,5,1,1,6,1,11,0,0,0,1,1,0,4,7,5,8,3
2017.0,-270.0,0.0,0.0,3,6,3,0,0,0,0,2,1,1,0,1,2,1,1,7,1,11,0,1,0,2,1,0,6,7,5,8,3
2017.0,-100.0,0.0,0.0,3,6,3,0,0,0,2,2,1,1,0,0,2,1,1,7,1,11,0,1,0,0,0,0,6,7,5,8,3
2017.0,200.0,0.0,0.0,3,10,3,0,0,0,1,1,1,1,0,0,1,1,1,8,1,11,0,1,0,1,0,0,6,9,5,3,2
2017.0,0.0,1.0,0.0,3,1,3,0,0,0,0,5,1,1,0,1,9,1,1,10,1,11,0,0,0,0,1,0,4,2,5,3,3
2017.0,-2008.0,1.0,0.0,3,6,3,0,0,0,0,2,1,1,0,1,2,1,1,10,1,11,0,0,0,1,2,0,4,7,5,8,3
2017.0,85.0,0.0,0.0,3,6,3,0,0,0,0,9,1,1,0,1,9,1,1,10,1,11,0,0,0,2,0,0,4,7,5,8,3
2017.0,-246.0,0.0,0.0,3,10,3,0,0,0,0,2,1,1,1,1,2,1,1,11,1,11,0,0,0,1,1,0,6,5,5,6,1
2017.0,400.0,0.0,0.0,3,1,3,0,0,0,0,5,1,1,0,0,1,1,1,11,1,11,0,0,0,1,0,0,6,2,5,9,9
2017.0,0.0,0.0,0.0,3,4,3,0,0,0,1,9,1,1,0,1,2,1,1,12,1,11,0,0,0,2,1,0,4,2,5,3,9
2017.0,-150.0,1.0,0.0,3,6,3,0,3,0,0,2,1,1,0,0,2,1,1,12,1,11,0,0,0,2,2,0,6,7,5,8,3
2017.0,100.0,0.0,0.0,3,10,3,0,0,0,2,5,1,1,0,1,5,1,1,13,1,11,0,0,0,0,2,0,6,9,5,3,5
2017.0,48.0,0.0,0.0,3,1,3,0,0,0,0,5,1,1,0,0,2,1,1,15,1,11,0,0,0,1,1,0,4,2,5,9,9
2017.0,0.0,0.0,0.0,3,4,3,0,0,0,1,2,1,1,0,0,5,1,1,15,1,11,0,0,0,1,1,0,2,2,5,9,3
2017.0,-295.0,0.0,0.0,3,6,0,0,0,0,0,9,1,1,0,1,9,1,1,17,1,11,0,1,0,1,0,0,6,7,5,8,3
2017.0,234.0,1.0,0.0,3,6,0,0,0,0,2,9,1,1,0,0,9,1,1,17,1,11,0,1,0,0,0,0,4,7,5,8,3
2017.0,0.0,4.0,0.0,3,1,0,0,0,0,0,2,1,1,0,1,1,1,1,17,1,11,0,1,0,2,1,0,4,2,5,3,9
2017.0,35.0,0.0,0.0,3,1,0,0,0,0,2,2,1,1,0,0,1,1,1,18,1,11,0,1,0,0,2,0,4,7,5,9,3
2017.0,-45.0,0.0,0.0,3,6,0,4,0,0,1,9,1,1,0,1,9,1,1,18,1,11,0,1,0,2,1,0,6,5,7,3,3
2017.0,0.0,0.0,0.0,3,10,0,0,0,0,1,5,1,1,0,1,5,1,1,18,1,11,0,1,0,2,1,0,4,2,5,2,9
2017.0,0.0,0.0,0.0,3,1,0,0,0,0,0,7,1,1,0,1,1,1,1,18,1,11,0,1,0,1,0,0,2,2,5,5,5
2017.0,-50.0,1.0,0.0,3,6,0,0,0,0,0,2,1,1,0,0,2,1,1,19,1,11,0,1,0,1,2,0,6,7,5,3,8
2017.0,50.0,0.0,0.0,3,6,0,0,0,0,1,5,1,1,0,1,5,1,1,20,1,11,0,0,0,2,2,0,4,7,5,8,3
2017.0,60.0,0.0,0.0,3,6,0,0,0,0,1,9,0,1,0,1,9,1,1,21,1,11,0,0,0,1,1,0,4,8,5,8,3
2017.0,0.0,0.0,0.0,3,5,0,0,0,0,1,6,1,1,0,0,5,1,1,23,1,11,0,0,0,1,2,0,2,7,5,3,9
2017.0,100.0,0.0,0.0,3,7,0,0,0,0,1,1,1,1,0,1,1,1,1,5,2,11,0,0,0,2,2,0,6,8,5,9,3
2017.0,100.0,0.0,0.0,3,4,1,0,0,0,1,4,1,1,0,1,5,1,1,5,2,11,0,0,0,0,1,0,6,4,5,3,9
2017.0,0.0,3.0,0.0,2,4,3,0,0,0,1,2,1,1,0,1,5,1,1,7,2,11,0,1,0,1,1,0,4,2,5,3,9
2017.0,70.0,1.0,0.0,3,12,3,0,0,0,1,1,1,1,0,1,1,1,1,7,2,11,0,1,0,1,1,0,6,5,5,3,1
2017.0,430.0,1.0,0.0,3,6,3,0,0,0,1,9,1,1,0,0,9,1,1,8,2,11,0,1,0,1,1,0,6,5,5,8,3
2017.0,49.0,1.0,0.0,2,4,3,0,0,2,1,2,1,1,0,0,5,1,1,10,2,11,0,0,0,2,2,0,4,2,5,9,3
2017.0,-210.0,1.0,0.0,2,10,3,0,0,0,1,2,1,1,0,1,2,1,1,11,2,11,0,0,0,1,2,0,0,7,5,9,3
2017.0,518.0,0.0,0.0,3,10,3,0,0,0,0,9,1,1,0,1,9,1,1,12,2,11,0,0,0,0,1,0,6,9,5,3,2
2017.0,0.0,0.0,0.0,3,1,3,0,0,0,0,9,1,1,0,0,2,1,1,14,2,11,0,0,0,1,1,0,2,2,5,8,3
2017.0,0.0,1.0,0.0,3,4,3,0,0,0,1,1,1,1,0,0,9,1,1,14,2,11,0,0,0,0,1,0,4,7,5,3,9
2017.0,90.0,0.0,0.0,3,6,3,0,0,0,0,5,1,1,0,0,5,1,1,14,2,11,0,0,0,2,1,0,4,7,5,8,3
2017.0,-200.0,0.0,0.0,3,4,3,0,0,0,0,9,1,1,0,0,1,1,1,15,2,11,0,0,0,1,2,0,4,2,5,3,9
2017.0,0.0,1.0,0.0,2,1,3,0,0,0,1,2,1,1,0,0,5,1,1,16,2,11,0,1,0,2,1,0,4,4,5,9,9
2017.0,-600.0,0.0,0.0,3,12,3,0,0,0,1,5,1,1,0,1,2,1,1,16,2,11,0,1,0,1,2,0,6,2,5,9,9
2017.0,160.0,1.0,0.0,1,6,3,0,0,0,0,1,1,1,0,0,1,1,1,16,2,11,0,1,0,2,1,0,4,7,5,8,3
2017.0,-2220.0,0.0,0.0,3,4,3,0,0,0,0,9,1,1,0,1,1,1,1,16,2,11,0,1,0,2,1,0,0,2,5,3,9
2017.0,30.0,0.0,0.0,3,1,3,0,0,0,0,4,1,1,2,0,2,1,1,16,2,11,0,1,0,2,1,0,4,2,5,3,9
2017.0,125.0,0.0,0.0,3,10,4,0,0,0,1,9,1,1,0,1,9,1,1,17,2,11,0,1,0,2,1,0,6,9,5,3,2
2017.0,-400.0,0.0,0.0,3,6,0,0,0,0,2,1,1,1,0,0,1,1,1,18,2,11,0,1,0,0,1,0,6,7,5,8,3
2017.0,10.0,0.0,0.0,3,6,0,0,0,0,1,9,1,1,0,1,9,1,1,20,2,11,0,0,0,2,1,0,4,7,5,9,9
2017.0,0.0,0.0,0.0,3,4,0,0,0,0,1,9,1,1,0,1,1,1,1,22,2,11,0,0,0,2,2,0,4,2,5,3,9
2017.0,0.0,0.0,0.0,3,1,0,0,0,0,2,5,1,1,0,0,1,1,1,22,2,11,0,0,0,0,2,0,2,7,5,3,3
2017.0,112.0,0.0,0.0,3,10,3,0,0,0,1,5,1,1,0,1,5,1,1,14,3,11,0,0,0,0,1,0,6,9,5,3,2
2017.0,0.0,0.0,0.0,3,1,0,0,0,0,1,2,1,1,0,0,2,1,1,21,3,11,0,0,0,0,1,0,2,5,5,9,3
2017.0,86.0,0.0,0.0,3,6,2,0,0,0,0,1,1,1,0,1,1,1,1,6,4,11,0,0,0,1,1,0,6,5,5,9,9
2017.0,98.0,0.0,0.0,3,6,3,0,0,0,1,5,1,1,0,0,5,1,1,8,4,11,0,1,0,1,1,0,4,7,5,8,3
2017.0,0.0,1.0,0.0,2,4,3,0,0,0,0,1,1,1,0,1,2,1,1,9,4,11,0,1,0,1,2,0,4,2,5,9,3
2017.0,100.0,0.0,0.0,3,6,3,0,0,0,1,9,1,1,0,1,9,1,1,12,4,11,0,0,0,1,2,0,4,7,5,8,3
2017.0,0.0,0.0,0.0,3,1,3,0,0,0,0,9,1,1,0,1,6,1,1,12,4,11,0,0,0,1,0,0,4,2,5,9,3
2017.0,-80.0,0.0,0.0,3,6,3,0,0,0,1,1,1,1,0,0,1,1,1,13,4,11,0,0,0,1,1,0,6,7,5,8,8
2017.0,-200.0,0.0,0.0,3,1,3,0,0,0,1,9,1,1,0,0,2,1,1,13,4,11,0,0,0,2,1,0,6,2,5,3,5
2017.0,100.0,0.0,0.0,3,10,3,0,0,0,1,6,1,1,0,1,1,1,1,13,4,11,0,0,0,2,0,0,2,5,5,3,9
2017.0,0.0,0.0,0.0,3,4,3,0,0,0,1,1,1,1,0,1,5,1,1,13,4,11,0,0,0,2,1,0,4,4,5,3,9
2017.0,-10.0,0.0,0.0,3,10,3,0,0,0,1,1,1,1,0,1,1,1,1,14,4,11,0,0,0,2,1,0,4,4,5,3,9
2017.0,-250.0,0.0,0.0,3,6,3,0,0,0,0,2,1,1,0,1,2,1,1,15,4,11,0,0,0,2,1,0,6,7,5,8,8
2017.0,-47.0,1.0,0.0,3,6,3,0,0,0,1,1,1,1,0,0,1,1,1,15,4,11,0,0,0,1,2,0,4,7,5,8,3
2017.0,-117.0,0.0,0.0,3,1,0,0,0,0,1,2,1,1,0,0,9,1,1,19,4,11,0,1,0,1,2,0,6,4,5,3,9
2017.0,50.0,0.0,0.0,3,9,0,0,0,0,1,1,0,1,0,1,9,1,1,1,5,11,1,0,0,1,1,0,6,5,5,3,1
2017.0,0.0,0.0,0.0,3,5,3,0,0,0,1,9,1,1,0,1,2,1,1,9,5,11,1,1,0,1,1,0,4,2,5,3,3
2017.0,0.0,0.0,0.0,3,1,3,0,0,0,0,9,1,1,0,0,2,1,1,10,5,11,1,0,0,0,0,0,4,2,5,3,3
2017.0,-20.0,0.0,0.0,3,6,3,0,0,0,0,1,1,1,0,1,1,1,1,15,5,11,1,0,0,1,1,0,4,7,5,8,3
2017.0,25.0,0.0,0.0,3,6,4,0,0,0,0,9,1,1,0,1,9,1,1,16,5,11,1,1,0,1,1,0,4,7,5,8,3
2017.0,0.5,0.0,0.0,3,10,4,0,0,0,1,4,1,1,0,1,9,1,1,16,5,11,1,1,0,1,2,0,6,5,5,3,9
2017.0,-50.0,0.0,0.0,3,6,0,0,0,0,1,2,1,1,0,0,2,1,1,17,5,11,1,1,0,0,0,0,4,7,5,8,3
2017.0,-50.0,0.0,0.0,3,6,3,0,0,0,1,2,1,1,0,1,2,1,1,18,5,11,1,1,0,1,0,0,4,7,5,8,3
2017.0,-100.0,0.0,0.0,3,6,0,0,0,0,1,5,0,1,0,1,5,1,1,19,5,11,1,1,0,1,2,0,4,7,5,8,3
2017.0,-850.0,0.0,0.0,3,6,0,0,0,0,0,1,0,1,0,0,1,1,1,19,5,11,1,1,0,1,2,0,6,7,5,8,3
2017.0,9.0,1.0,0.0,2,6,0,0,0,0,1,1,1,0,0,1,1,1,1,21,5,11,1,0,0,1,1,0,4,7,5,8,3
2017.0,125.0,0.0,0.0,3,10,3,0,0,0,0,2,1,1,0,1,2,1,1,11,6,11,1,0,0,0,1,0,6,5,5,3,2
2017.0,45.0,0.0,0.0,3,6,3,0,0,0,1,5,1,1,0,0,5,1,1,13,6,11,1,0,0,1,1,0,4,7,5,8,3
2017.0,0.0,0.0,0.0,3,4,3,0,0,0,0,7,1,1,0,0,1,1,1,13,6,11,1,0,0,0,0,0,2,5,5,3,9
2017.0,-38.0,0.0,0.0,3,6,0,0,0,0,1,1,1,1,0,1,1,1,1,18,6,11,1,1,0,1,1,0,4,7,5,8,3
2017.0,150.0,0.0,0.0,3,10,0,0,0,0,1,1,1,1,0,1,1,1,1,18,6,11,1,1,0,0,1,0,6,9,5,3,2
2017.0,0.0,0.0,0.0,3,4,0,0,0,0,2,5,1,1,0,1,7,1,1,18,6,11,1,1,0,0,2,0,4,2,5,9,3
2017.0,0.0,0.0,0.0,3,1,0,0,0,0,0,7,1,1,0,1,9,1,1,21,6,11,1,0,0,1,2,0,4,4,5,3,9
2017.0,20.0,0.0,0.0,3,6,3,0,0,0,0,1,1,1,0,1,1,1,1,6,0,11,0,0,0,1,1,0,4,7,5,8,3
2017.0,0.0,2.0,0.0,2,4,3,0,0,0,0,5,1,1,0,0,2,1,1,8,0,11,0,1,0,2,1,0,0,2,5,3,9
2017.0,0.0,2.0,0.0,2,4,3,0,0,0,1,1,1,1,0,0,2,1,1,9,0,11,0,1,0,1,1,0,4,2,5,9,3
2017.0,0.0,0.0,0.0,3,1,3,0,0,0,1,9,1,1,0,1,5,1,1,11,0,11,0,0,0,0,1,0,4,2,5,9,3
2017.0,440.0,0.0,0.0,3,10,3,0,0,0,1,5,1,1,0,0,5,1,1,13,0,11,0,0,0,1,1,0,6,5,5,5,5
2017.0,0.0,1.0,0.0,3,10,3,0,0,0,0,5,1,1,0,1,5,1,1,14,0,11,0,0,0,2,1,0,4,9,5,9,3
2017.0,-50.0,0.0,0.0,3,10,3,0,0,0,2,1,1,1,1,1,1,1,1,14,0,11,0,0,0,0,1,0,4,9,5,6,3
2017.0,200.0,0.0,0.0,3,6,3,0,0,0,0,2,1,1,0,1,2,1,1,14,0,11,0,0,0,1,0,0,6,7,5,3,3
2017.0,300.0,1.0,0.0,2,4,3,0,0,0,1,5,1,1,0,1,1,1,1,16,0,11,0,1,0,1,2,0,6,2,5,3,9
2017.0,0.0,0.0,0.0,3,1,3,0,0,0,0,2,1,1,0,0,1,1,1,16,0,11,0,1,0,2,1,0,4,2,5,3,9
2017.0,500.0,0.0,0.0,3,6,4,1,0,0,1,1,1,1,0,0,1,1,1,16,0,11,0,1,0,1,0,0,6,7,5,3,3
2017.0,-300.0,0.0,0.0,3,10,0,0,0,0,0,9,1,1,0,1,9,1,1,16,0,11,0,1,0,0,1,0,6,9,5,3,2
2017.0,0.0,1.0,0.0,1,6,3,0,0,0,1,2,1,1,0,1,5,1,1,17,0,11,0,1,0,1,1,0,4,7,5,9,3
2017.0,320.0,0.0,0.0,3,6,0,0,0,0,1,5,1,1,0,0,5,1,1,18,0,11,0,1,0,1,1,0,6,7,5,8,3
2017.0,700.0,1.0,0.0,2,6,3,0,0,0,1,2,1,1,0,0,2,1,1,5,1,11,0,0,0,1,1,0,6,7,5,3,8
2017.0,-250.0,1.0,0.0,3,6,3,0,0,0,1,1,1,1,0,0,1,1,1,6,1,11,0,0,0,0,0,0,6,7,5,8,3
2017.0,228.0,1.0,0.0,3,10,3,0,0,0,0,2,1,1,3,0,2,1,1,13,1,11,0,0,0,0,2,0,6,9,5,5,3
2017.0,-40.0,1.0,0.0,2,1,3,0,0,0,2,1,1,1,3,0,2,1,1,14,1,11,0,0,0,0,2,0,4,4,5,6,3
2017.0,-292.0,0.0,0.0,3,8,3,0,0,0,0,2,1,1,0,0,9,1,1,16,1,11,0,1,0,0,2,0,6,5,5,6,1
2017.0,0.0,0.0,0.0,3,4,4,0,0,0,0,2,1,1,0,0,5,1,1,17,1,11,0,1,0,2,2,0,4,2,5,3,9
2017.0,276.0,0.0,0.0,3,6,0,0,0,0,1,9,1,1,0,0,9,1,1,17,1,11,0,1,0,1,1,0,4,7,5,8,3
2017.0,-315.0,0.0,0.0,3,6,0,0,0,0,2,1,1,1,0,0,1,1,1,17,1,11,0,1,0,0,2,0,6,7,5,8,3
2017.0,31.0,0.0,1.0,0,5,0,1,0,3,1,2,1,1,0,1,9,1,1,18,1,11,0,1,0,0,1,0,4,2,5,3,7
2017.0,46.0,0.0,0.0,3,6,0,0,0,0,0,5,1,1,0,1,5,1,1,19,1,11,0,1,0,1,2,0,4,7,5,8,3
2017.0,555.0,0.0,0.0,3,6,3,1,0,0,1,5,1,1,0,1,5,1,1,7,2,11,0,1,0,2,0,0,6,7,5,8,3
2017.0,-39.0,0.0,0.0,3,6,3,0,0,0,1,1,1,1,0,1,1,1,1,7,2,11,0,1,0,0,1,0,2,7,5,8,3
2017.0,231.0,0.0,0.0,3,10,3,1,0,0,1,5,1,1,0,0,5,1,1,9,2,11,0,1,0,1,1,0,6,9,5,3,2
2017.0,-160.0,0.0,0.0,3,6,3,0,0,0,1,1,1,1,0,0,1,1,1,9,2,11,0,1,0,1,1,0,4,7,5,8,3
2017.0,0.0,0.0,0.0,3,4,3,0,0,0,1,9,1,1,0,1,1,1,1,12,2,11,0,0,0,1,2,0,4,2,5,3,9
2017.0,125.0,0.0,0.0,3,6,3,0,0,0,1,5,1,1,0,1,5,1,1,12,2,11,0,0,0,1,1,0,4,7,5,8,3
2017.0,-316.0,0.0,0.0,3,4,3,0,0,0,1,2,1,1,0,0,5,1,1,17,2,11,0,1,0,2,2,0,6,2,5,3,9
2017.0,-159.0,0.0,0.0,3,6,4,0,0,0,1,1,1,1,0,0,1,1,1,17,2,11,0,1,0,2,0,0,4,7,5,8,3
2017.0,152.0,2.0,0.0,1,1,3,1,0,0,0,1,1,1,0,1,2,1,1,17,2,11,0,1,0,1,2,0,0,2,5,8,2
2017.0,123.0,1.0,0.0,3,10,0,0,0,0,2,5,1,1,0,0,5,1,1,17,2,11,0,1,0,0,1,0,4,9,5,8,3
2017.0,11.0,0.0,0.0,3,6,0,0,0,0,1,5,1,1,0,1,5,1,1,17,2,11,0,1,0,1,1,0,4,7,5,8,3
2017.0,0.0,1.0,0.0,2,6,0,0,0,0,0,2,1,1,0,0,2,1,1,17,2,11,0,1,0,2,2,0,4,7,5,8,3
2017.0,0.0,0.0,0.0,3,4,0,0,0,0,1,9,1,1,0,1,5,1,1,18,2,11,0,1,0,2,1,0,4,9,5,3,9
2017.0,-100.0,0.0,0.0,3,4,3,0,0,0,1,9,1,1,0,1,9,1,1,1,3,11,0,0,0,2,2,0,4,4,5,3,9
2017.0,0.0,0.0,0.0,3,4,0,0,0,0,1,7,1,1,0,1,1,1,1,5,3,11,0,0,0,1,0,0,2,4,5,3,9
2017.0,-12.0,0.0,0.0,3,6,3,0,0,0,0,9,1,1,0,1,9,1,1,7,3,11,0,1,0,1,1,0,6,5,5,8,2
2017.0,0.0,0.0,0.0,3,1,3,0,0,0,0,1,1,1,0,0,2,1,1,7,3,11,0,1,0,1,1,0,4,2,5,3,3
2017.0,1000.0,0.0,0.0,3,4,3,0,0,0,0,3,1,1,0,0,9,1,1,8,3,11,0,1,0,2,1,0,6,2,5,3,9
2017.0,-15.0,1.0,0.0,1,5,3,1,0,0,1,3,1,1,3,0,9,1,1,10,3,11,0,0,0,1,0,0,4,2,5,7,9
2017.0,79.0,1.0,0.0,3,6,3,0,0,0,1,5,1,1,0,1,5,1,1,11,3,11,0,0,0,1,0,0,4,7,5,8,3
2017.0,74.0,0.0,0.0,3,6,3,1,0,0,1,9,1,1,0,0,9,1,1,12,3,11,0,0,0,2,1,0,4,7,5,8,1
2017.0,0.0,0.0,0.0,3,4,3,1,0,0,1,9,1,1,0,0,1,1,1,14,3,11,0,0,0,2,1,0,4,2,5,3,9
2017.0,305.0,1.0,0.0,2,4,3,0,0,0,1,5,1,1,0,1,9,1,1,15,3,11,0,0,0,2,2,0,0,2,5,3,9
2017.0,138.0,0.0,0.0,3,4,3,1,0,0,0,3,1,1,0,1,1,1,1,15,3,11,0,0,0,1,1,0,0,2,5,3,9
2017.0,124.0,2.0,0.0,2,4,4,1,0,0,0,9,1,1,0,1,2,1,1,17,3,11,0,1,0,0,1,0,0,2,5,3,9
2017.0,48.0,0.0,0.0,3,6,3,1,0,0,1,5,1,1,0,1,5,1,1,17,3,11,0,1,0,1,2,0,4,7,5,9,9
2017.0,185.0,0.0,0.0,3,1,4,0,0,0,0,1,1,1,0,1,2,1,1,17,3,11,0,1,0,2,1,0,0,2,5,3,2
2017.0,793.0,0.0,0.0,3,4,0,0,0,0,0,2,1,1,0,0,5,1,1,17,3,11,0,1,0,1,1,0,0,2,5,3,9
2017.0,366.0,1.0,0.0,3,6,0,1,0,0,0,5,1,1,0,1,5,1,1,17,3,11,0,1,0,1,1,0,6,7,5,8,3