Year,Distance,Totalinjuries,Totalfatalities,Injuryseverity,Collisionmanner,Lightcondition,Weather,SurfaceCondition,Unittype_One,Gender_Drv1,Traveldirection_One,AlcoholUse_Drv1,DrugUse_Drv1,Unittype_Two,Gender_Drv2,Traveldirection_Two,AlcoholUse_Drv2,DrugUse_Drv2,Hour,Weekday,Month,Weekend,Rush_Hour,Hazardous_Road,Age_Group_Drv1,Age_Group_Drv2,Substance_Use,Junction_Category,Violation_Category_Drv1,Violation_Category_Drv2,Unitaction_Category_Two,Unitaction_Category_One
2017.0,189.0,0.0,0.0,3,6,0,1,0,0,1,5,1,1,0,1,5,1,1,18,3,11,0,1,0,1,1,0,4,7,5,8,3
2017.0,-29.0,0.0,0.0,3,1,4,0,0,0,1,2,1,1,0,1,2,1,1,18,3,11,0,1,0,0,1,0,4,9,5,3,2
2017.0,326.0,0.0,0.0,3,6,0,0,0,0,1,5,1,1,0,1,5,1,1,18,3,11,0,1,0,0,0,0,6,7,5,8,8
2017.0,-25.0,0.0,0.0,3,10,0,0,0,0,0,5,1,1,0,1,5,1,1,18,3,11,0,1,0,1,1,0,4,9,5,3,2
2017.0,-110.0,0.0,0.0,3,6,0,0,0,0,1,5,1,1,0,1,2,1,1,19,3,11,0,1,0,1,2,0,4,5,5,8,1
2017.0,-500.0,0.0,0.0,3,4,0,1,0,0,1,4,1,1,0,0,5,1,1,19,3,11,0,1,0,1,2,0,6,2,5,3,9
2017.0,-115.0,0.0,0.0,3,6,4,0,0,0,1,1,1,1,0,1,1,1,1,19,3,11,0,1,0,1,1,0,4,7,5,8,3
2017.0,0.0,0.0,0.0,3,4,0,0,0,0,1,1,1,1,0,1,7,1,1,23,3,11,0,0,0,1,2,0,2,2,5,9,3
2017.0,-66.0,0.0,0.0,3,10,0,0,0,0,1,1,1,1,0,1,1,1,1,5,4,12,0,0,0,1,1,0,4,9,5,3,3
2017.0,65.0,0.0,0.0,3,6,3,0,0,0,1,2,1,1,0,0,2,1,1,6,4,12,0,0,0,2,1,0,6,8,5,8,9
2017.0,-582.0,1.0,0.0,2,4,3,1,0,0,0,5,1,1,0,1,1,1,1,11,4,12,0,0,0,1,1,0,6,2,5,3,9
2017.0,-134.0,1.0,0.0,3,6,3,0,0,0,0,2,1,1,0,0,2,1,1,12,4,12,0,0,0,2,1,0,4,7,5,8,3
2017.0,-32.0,1.0,0.0,2,1,3,1,0,0,2,1,1,1,2,1,2,1,1,12,4,12,0,0,0,0,1,0,4,2,5,3,9
2017.0,-280.0,0.0,0.0,3,1,3,0,0,0,1,1,1,1,0,0,5,1,1,12,4,12,0,0,0,1,2,0,6,2,5,3,9
2017.0,-72.0,2.0,0.0,3,6,3,1,0,0,1,1,1,1,0,0,1,1,1,13,4,12,0,0,0,0,1,0,4,7,5,8,3
2017.0,-414.0,0.0,0.0,3,10,3,0,0,0,1,9,1,1,0,0,9,1,1,14,4,12,0,0,0,2,1,0,6,4,5,3,2
2017.0,110.0,0.0,0.0,3,10,4,0,0,0,1,9,1,1,0,0,9,1,1,16,4,12,0,1,0,2,2,0,4,5,5,5,5
2017.0,142.0,0.0,0.0,3,6,4,0,0,0,2,5,1,1,0,0,5,1,1,17,4,12,0,1,0,0,1,0,6,7,5,8,3
2017.0,409.0,0.0,0.0,3,1,0,1,0,0,0,1,1,1,0,0,5,1,1,17,4,12,0,1,0,2,1,0,0,2,5,3,9
2017.0,0.0,0.0,0.0,3,4,0,0,0,0,0,9,1,1,0,1,5,1,1,18,4,12,0,1,0,2,2,0,4,2,5,3,9
2017.0,50.0,0.0,0.0,3,1,0,0,0,0,1,9,1,1,0,0,5,1,1,18,4,12,0,1,0,1,0,0,4,2,5,3,9
2017.0,455.0,1.0,0.0,3,1,1,0,0,0,2,1,1,1,2,1,2,1,1,20,4,12,0,0,0,0,1,0,6,2,6,3,3
2017.0,-260.0,3.0,0.0,2,6,0,0,0,0,0,9,1,1,0,0,9,1,1,22,4,12,0,0,0,2,1,0,6,7,5,3,3
2017.0,60.0,0.0,0.0,3,6,0,0,0,0,1,9,1,1,0,1,9,1,1,23,4,12,0,0,0,2,1,0,4,7,5,8,3
2017.0,-95.0,2.0,0.0,3,1,0,0,0,0,1,2,1,1,0,0,2,1,1,23,4,12,0,0,0,0,1,0,4,9,5,8,2
2017.0,14.0,0.0,0.0,3,10,0,0,0,0,1,9,1,1,0,1,9,1,1,23,4,12,0,0,0,1,1,0,4,4,5,3,9
2017.0,-20.0,0.0,0.0,3,6,0,0,0,0,0,2,1,1,0,1,2,1,1,1,5,12,1,0,0,1,1,0,4,7,5,8,3
2017.0,-10.0,3.0,0.0,3,3,2,0,0,0,0,5,1,1,0,1,2,1,1,7,5,12,1,1,0,2,1,0,6,9,5,3,2
2017.0,213.0,0.0,0.0,3,1,3,1,0,0,0,6,1,1,0,1,9,1,1,7,5,12,1,1,0,2,1,0,0,2,5,3,9
2017.0,0.0,0.0,0.0,3,9,0,0,0,0,0,6,1,1,0,0,2,1,1,12,5,12,1,0,0,1,1,0,4,4,2,3,9
2017.0,100.0,0.0,0.0,3,6,3,0,0,0,1,1,1,1,0,1,2,1,1,12,5,12,1,0,0,0,1,0,6,2,5,3,9
2017.0,161.0,0.0,0.0,3,4,3,0,0,0,1,9,1,1,0,1,5,1,1,13,5,12,1,0,0,0,1,0,0,2,5,3,9
2017.0,1102.0,0.0,0.0,3,10,3,0,0,0,1,1,1,1,0,1,1,1,1,14,5,12,1,0,0,1,1,0,6,9,5,3,2
2017.0,-179.0,0.0,0.0,3,6,3,0,0,0,1,5,1,1,0,1,5,1,1,14,5,12,1,0,0,1,1,0,3,7,5,3,3
2017.0,-177.0,1.0,0.0,2,1,3,0,0,2,1,1,1,1,0,1,5,1,1,15,5,12,1,0,0,2,0,0,0,5,5,9,3
2017.0,445.0,0.0,0.0,3,6,0,0,0,0,1,2,1,1,0,0,2,1,1,18,5,12,1,1,0,2,0,0,6,7,5,3,3
2017.0,200.0,5.0,0.0,3,4,0,0,0,0,1,6,1,1,0,0,9,1,1,18,5,12,1,1,0,1,2,0,6,2,5,3,9
2017.0,175.0,0.0,0.0,3,6,0,0,0,0,0,5,1,1,0,1,5,1,1,18,5,12,1,1,0,2,1,0,6,7,5,2,3
2017.0,-63.0,0.0,0.0,3,6,3,0,0,0,1,2,1,1,0,1,2,1,1,20,5,12,1,0,0,1,2,0,6,7,5,3,3
2017.0,-5.0,0.0,0.0,3,1,3,0,0,0,1,5,1,1,0,1,5,1,1,11,6,12,1,0,0,2,1,0,4,2,5,3,9
2017.0,-25.0,0.0,0.0,3,6,3,0,0,0,2,2,1,1,0,1,2,1,1,13,6,12,1,0,0,0,2,0,4,7,5,8,3
2017.0,50.0,0.0,0.0,3,10,1,0,0,0,1,9,1,1,0,1,9,1,1,19,6,12,1,1,0,1,1,0,6,5,5,3,8
2017.0,-150.0,0.0,0.0,3,10,0,0,0,0,0,2,0,1,1,1,2,1,1,23,6,12,1,0,0,1,1,0,6,5,5,6,5
2017.0,81.0,0.0,0.0,3,6,3,0,0,0,1,5,1,1,0,1,5,1,1,7,0,12,0,1,0,1,1,0,4,7,5,8,3
2017.0,-70.0,0.0,0.0,3,10,3,0,0,0,0,2,1,1,0,1,2,1,1,8,0,12,0,1,0,2,2,0,2,9,5,8,2
2017.0,-470.0,0.0,0.0,3,4,3,0,0,0,1,9,1,1,0,0,2,1,1,8,0,12,0,1,0,1,1,0,6,2,5,3,9
2017.0,-365.0,0.0,0.0,3,10,3,0,0,0,1,1,1,1,0,0,1,1,1,14,0,12,0,0,0,1,1,0,6,7,5,8,3
2017.0,0.0,0.0,0.0,3,4,3,1,0,0,1,4,1,1,0,0,5,1,1,15,0,12,0,0,0,0,2,0,4,2,5,3,9
2017.0,0.0,0.0,0.0,3,4,3,0,0,0,1,9,1,1,0,1,5,1,1,15,0,12,0,0,0,1,1,0,6,2,5,3,9
2017.0,0.0,0.0,0.0,3,4,3,0,0,0,0,9,1,1,0,0,5,1,1,15,0,12,0,0,0,0,2,0,4,4,5,3,9
2017.0,105.0,0.0,0.0,3,10,3,0,0,0,1,2,1,1,0,1,2,1,1,15,0,12,0,0,0,0,2,0,4,9,5,3,2
2017.0,0.0,1.0,0.0,3,4,0,0,0,0,1,2,1,1,0,1,5,1,1,17,0,12,0,1,0,1,1,0,4,2,5,3,9
2017.0,-70.0,0.0,0.0,3,6,3,0,0,0,0,1,1,1,0,0,1,1,1,17,0,12,0,1,0,2,2,0,6,7,5,8,3
2017.0,0.0,0.0,0.0,3,4,0,0,0,0,0,3,1,1,0,1,9,1,1,18,0,12,0,1,0,1,2,0,4,2,5,2,3
2017.0,-20.0,0.0,0.0,3,6,0,0,0,0,1,1,1,1,0,0,1,1,1,19,0,12,0,1,0,1,1,0,4,7,5,8,3
2017.0,59.0,0.0,0.0,3,6,0,0,0,0,1,2,1,1,0,1,2,1,1,21,0,12,0,0,0,1,0,0,6,7,5,3,3
2017.0,189.0,0.0,0.0,3,6,0,0,0,0,0,8,0,1,0,1,1,1,1,1,1,12,0,0,0,2,2,0,6,7,5,3,3
2017.0,-300.0,0.0,0.0,3,6,3,1,0,0,2,9,1,1,0,1,9,1,1,7,1,12,0,1,0,0,1,0,6,7,5,8,3
2017.0,0.0,0.0,0.0,3,4,3,0,0,0,1,5,1,1,0,0,9,1,1,7,1,12,0,1,0,2,1,0,4,2,5,2,9
2017.0,440.0,0.0,0.0,3,6,3,0,0,0,0,2,1,1,0,1,2,1,1,7,1,12,0,1,0,1,1,0,6,8,5,8,3
2017.0,0.0,0.0,0.0,3,1,3,1,0,0,1,1,1,1,0,1,5,1,1,11,1,12,0,0,0,1,2,0,4,2,5,3,3
2017.0,150.0,0.0,0.0,3,4,3,0,0,0,1,9,1,1,0,0,2,1,1,13,1,12,0,0,0,1,0,0,6,2,5,3,9
2017.0,93.0,0.0,0.0,3,6,3,0,0,0,1,5,1,1,0,0,5,1,1,15,1,12,0,0,0,2,2,0,4,7,5,8,3
2017.0,0.0,2.0,0.0,3,6,3,0,0,0,0,9,1,1,0,1,9,1,1,15,1,12,0,0,0,0,1,0,4,7,5,8,3
2017.0,-32.0,1.0,0.0,2,3,3,0,0,0,1,9,1,1,1,1,1,1,1,15,1,12,0,0,0,1,1,0,6,7,5,6,3
2017.0,137.0,1.0,0.0,3,6,3,0,0,0,2,5,1,1,0,0,5,1,1,15,1,12,0,0,0,0,1,0,4,7,5,8,3
2017.0,-97.0,0.0,0.0,3,10,3,1,0,0,1,2,1,1,0,1,2,1,1,15,1,12,0,0,0,1,1,0,4,9,5,3,2
2017.0,330.0,0.0,0.0,3,6,3,0,0,0,0,2,1,1,1,1,5,1,1,16,1,12,0,1,0,1,1,0,6,7,5,6,9
2017.0,-97.0,0.0,0.0,3,6,3,1,0,0,1,2,1,1,0,0,2,1,1,16,1,12,0,1,0,1,1,0,4,7,5,8,3
2017.0,455.0,0.0,0.0,3,6,4,0,0,0,1,9,1,1,0,1,9,1,1,17,1,12,0,1,0,2,1,0,6,7,5,8,1
2017.0,357.0,0.0,0.0,3,6,4,0,0,0,1,5,1,1,0,1,5,1,1,17,1,12,0,1,0,2,2,0,6,7,5,9,3
2017.0,-190.0,0.0,0.0,3,6,0,0,0,0,0,5,1,1,0,0,5,1,1,17,1,12,0,1,0,2,0,0,6,7,5,3,3
2017.0,-186.0,0.0,0.0,3,10,0,0,0,0,2,1,1,1,0,0,1,1,1,17,1,12,0,1,0,0,1,0,6,9,5,8,3
2017.0,100.0,1.0,0.0,3,6,0,1,0,0,0,5,1,1,0,1,5,1,1,18,1,12,0,1,0,2,2,0,6,7,5,8,3
2017.0,-263.0,1.0,0.0,3,6,0,1,0,0,1,5,1,1,0,0,5,1,1,18,1,12,0,1,0,1,1,0,6,7,5,8,3
2017.0,-0.25,0.0,0.0,3,6,4,0,0,0,2,1,1,1,0,1,1,1,1,18,1,12,0,1,0,0,1,0,6,7,5,8,8
2017.0,-800.0,0.0,0.0,3,4,0,0,0,0,1,2,1,1,0,0,1,1,1,18,1,12,0,1,0,2,1,0,6,2,5,3,9
2017.0,-90.0,0.0,0.0,3,6,0,1,4,0,1,1,0,1,0,0,1,1,1,23,1,12,0,0,1,1,1,0,4,7,5,8,8
2017.0,40.0,0.0,0.0,3,4,3,0,0,0,0,1,1,1,0,0,5,1,1,8,2,12,0,1,0,1,2,0,6,5,5,8,9
2017.0,87.0,0.0,0.0,3,4,3,0,0,0,0,1,1,1,0,1,9,1,1,9,2,12,0,1,0,1,2,0,0,2,5,3,9
2017.0,0.0,1.0,0.0,2,4,3,0,0,0,1,2,1,1,0,1,1,1,1,10,2,12,0,0,0,1,1,0,4,2,5,3,9
2017.0,0.0,1.0,0.0,1,4,3,0,0,0,0,2,1,1,0,1,5,1,1,10,2,12,0,0,0,1,1,0,4,2,5,3,9
2017.0,25.0,0.0,0.0,3,12,0,4,3,0,2,8,1,1,1,1,8,1,1,11,2,12,0,0,0,0,1,0,6,5,5,6,5
2017.0,-59.0,1.0,0.0,3,4,3,0,0,0,1,4,1,1,0,1,7,1,1,12,2,12,0,0,0,2,1,0,4,9,5,3,9
2017.0,0.0,0.0,0.0,3,4,3,0,0,0,1,1,1,1,0,1,9,1,1,13,2,12,0,0,0,2,0,0,4,2,5,3,9
2017.0,-175.0,1.0,0.0,2,6,3,0,0,0,0,2,1,1,0,1,2,1,1,16,2,12,0,1,0,2,2,0,4,7,5,8,3
2017.0,0.0,0.0,0.0,3,4,3,0,0,0,1,1,1,1,0,1,9,1,1,16,2,12,0,1,0,0,1,0,2,2,2,8,8
2017.0,0.0,2.0,0.0,2,6,4,0,0,0,1,5,1,1,0,0,5,1,1,17,2,12,0,1,0,1,0,0,4,7,5,8,3
2017.0,-176.0,1.0,0.0,3,4,0,0,0,0,1,5,1,1,0,0,1,1,1,17,2,12,0,1,0,2,1,0,6,2,5,3,9
2017.0,-52.0,0.0,0.0,3,4,0,0,0,0,0,5,1,1,0,0,2,1,1,17,2,12,0,1,0,2,1,0,4,4,5,9,9
2017.0,100.0,0.0,0.0,3,6,3,0,0,0,1,1,1,1,0,1,1,1,1,18,2,12,0,1,0,1,1,0,6,7,5,8,3
2017.0,0.0,0.0,0.0,3,10,0,0,0,0,1,9,1,1,0,0,9,1,1,19,2,12,0,1,0,1,1,0,4,9,5,9,9
2017.0,600.0,0.0,0.0,3,3,0,0,0,0,0,9,1,1,0,1,5,1,1,21,2,12,0,0,0,2,2,0,6,9,5,8,3
2017.0,-150.0,0.0,0.0,3,4,0,0,0,0,1,6,1,1,0,1,9,1,1,23,2,12,0,0,0,1,1,0,6,2,5,3,9
2017.0,130.0,1.0,0.0,2,1,3,0,0,2,0,9,1,1,0,1,1,1,1,7,3,12,0,1,0,2,1,0,0,9,5,9,3
2017.0,0.0,1.0,0.0,2,4,3,0,0,0,1,3,1,1,0,1,9,1,1,7,3,12,0,1,0,0,2,0,4,2,5,3,9
2017.0,750.0,0.0,0.0,3,10,3,0,0,0,0,1,1,1,0,1,1,1,1,7,3,12,0,1,0,1,1,0,6,9,5,3,2
2017.0,-273.0,0.0,0.0,3,6,3,0,0,0,2,1,1,1,0,1,1,1,1,10,3,12,0,0,0,0,2,0,6,7,5,8,3
2017.0,0.0,0.0,0.0,3,4,3,0,0,0,1,9,1,1,0,1,1,1,1,12,3,12,0,0,0,1,2,0,4,2,5,3,9
2017.0,0.0,0.0,0.0,3,4,3,0,0,0,1,5,1,1,0,0,5,1,1,14,3,12,0,0,0,1,0,0,4,5,5,9,9
2017.0,0.0,3.0,0.0,2,4,3,0,0,0,1,1,1,1,0,1,9,1,1,16,3,12,0,1,0,1,0,0,4,7,5,3,9
2017.0,611.0,1.0,0.0,2,6,3,0,0,0,0,5,1,1,0,0,5,1,1,16,3,12,0,1,0,1,0,0,6,7,5,8,3
2017.0,250.0,0.0,0.0,3,1,0,0,0,3,2,5,1,1,0,0,1,1,1,18,3,12,0,1,0,0,1,0,6,5,5,3,7
2017.0,50.0,0.0,0.0,3,6,0,0,0,0,0,9,1,1,0,1,9,1,1,19,3,12,0,1,0,2,1,0,2,8,5,8,3
2017.0,0.0,0.0,0.0,3,4,0,0,0,0,1,4,1,1,0,0,5,1,1,19,3,12,0,1,0,2,1,0,4,2,5,3,9
2017.0,80.0,0.0,0.0,3,10,0,0,0,0,1,5,1,1,0,0,5,1,1,19,3,12,0,1,0,0,1,0,7,9,5,3,2
2017.0,-150.0,0.0,0.0,3,10,0,0,0,0,0,1,1,1,0,1,1,1,1,6,4,12,0,0,0,1,1,0,6,9,5,3,2
2017.0,0.0,0.0,0.0,3,4,3,0,0,0,0,9,1,1,0,0,5,1,1,7,4,12,0,1,0,1,1,0,4,2,5,9,3
2017.0,405.0,0.0,0.0,3,4,3,0,0,0,1,9,1,1,0,1,2,1,1,8,4,12,0,1,0,2,1,0,6,2,5,3,9
2017.0,244.0,0.0,0.0,3,4,3,0,0,0,0,9,1,1,0,0,1,1,1,8,4,12,0,1,0,1,1,0,6,2,2,9,9
2017.0,-102.0,0.0,0.0,3,6,3,0,0,0,2,1,1,1,0,0,1,1,1,11,4,12,0,0,0,0,1,0,4,7,5,8,3
2017.0,110.0,1.0,0.0,3,6,3,0,0,0,1,5,1,1,0,0,5,1,1,12,4,12,0,0,0,2,0,0,2,7,5,8,3
2017.0,-62.0,0.0,0.0,3,10,3,0,0,0,1,5,1,1,0,0,5,1,1,12,4,12,0,0,0,2,1,0,4,9,5,8,3
2017.0,93.0,1.0,0.0,3,6,3,0,0,0,1,9,1,1,0,1,9,1,1,13,4,12,0,0,0,1,0,0,4,7,5,8,3
2017.0,158.0,0.0,0.0,3,6,3,0,0,0,0,9,1,1,0,0,9,1,1,15,4,12,0,0,0,2,1,0,6,7,5,8,3
2017.0,67.0,0.0,0.0,3,1,3,0,0,0,2,1,1,1,0,0,5,1,1,15,4,12,0,0,0,0,2,0,4,2,5,3,9
2017.0,-170.0,1.0,0.0,2,4,3,0,0,0,1,9,1,1,0,1,1,1,1,16,4,12,0,1,0,1,1,0,0,5,5,3,9
2017.0,24.0,0.0,0.0,3,4,3,0,0,0,0,2,1,1,0,0,5,1,1,16,4,12,0,1,0,1,0,0,0,2,5,3,9
2017.0,-211.0,0.0,0.0,3,6,4,0,0,0,0,2,1,1,0,1,2,1,1,17,4,12,0,1,0,1,2,0,4,7,5,8,3
2017.0,110.0,0.0,0.0,3,10,0,0,0,0,0,5,1,1,0,1,5,1,1,17,4,12,0,1,0,1,1,0,4,9,5,8,2
2017.0,0.0,0.0,0.0,3,4,0,0,0,0,1,9,1,1,0,0,1,1,1,17,4,12,0,1,0,1,1,0,4,2,5,3,9
2017.0,3000.0,1.0,0.0,3,4,4,0,0,0,1,2,1,1,0,0,5,1,1,17,4,12,0,1,0,1,1,0,6,2,5,9,3
2017.0,125.0,1.0,0.0,2,6,4,0,0,0,2,5,1,1,0,0,5,1,1,18,4,12,0,1,0,0,2,0,4,5,5,8,3
2017.0,-500.0,0.0,0.0,3,4,0,0,0,0,0,2,1,1,0,0,5,1,1,19,4,12,0,1,0,1,2,0,6,2,5,3,9
2017.0,-10.0,0.0,0.0,3,4,0,0,0,0,2,7,1,1,0,1,7,1,1,21,4,12,0,0,0,0,1,0,4,9,5,3,2
2017.0,500.0,0.0,0.0,3,1,4,0,0,0,2,2,1,1,0,1,9,1,1,23,4,12,0,0,0,0,2,0,6,5,5,3,5
2017.0,112.0,1.0,0.0,2,6,3,0,0,0,1,5,1,1,0,0,5,1,1,9,5,12,1,1,0,2,1,0,4,7,5,8,3
2017.0,57.0,0.0,0.0,3,6,3,0,0,0,1,9,1,1,0,1,9,1,1,13,5,12,1,0,0,1,2,0,4,7,5,9,3
2017.0,168.0,0.0,0.0,3,6,3,0,0,0,1,9,1,1,0,0,9,1,1,13,5,12,1,0,0,1,0,0,4,7,5,8,3
2017.0,-149.0,2.0,0.0,2,6,3,0,0,0,0,1,1,1,0,0,1,1,1,14,5,12,1,0,0,0,0,0,4,7,5,8,3
2017.0,0.0,3.0,0.0,3,6,0,0,0,0,0,2,1,1,0,1,2,1,1,18,5,12,1,1,0,1,1,0,7,5,5,5,5
2017.0,40.0,0.0,0.0,3,6,0,0,0,0,2,2,1,1,0,0,2,1,1,18,5,12,1,1,0,0,1,0,4,7,5,8,5
2017.0,174.0,0.0,0.0,3,10,0,0,0,0,0,2,0,1,0,1,2,1,1,0,6,12,1,0,0,1,2,0,6,9,5,8,8
2017.0,100.0,0.0,0.0,3,5,0,0,0,0,2,8,1,1,1,1,8,1,1,18,6,12,1,1,0,0,2,0,6,5,5,6,5
2017.0,0.0,0.0,0.0,3,4,0,0,0,0,0,5,1,1,0,1,2,1,1,20,6,12,1,0,0,2,1,0,4,2,5,3,9
2017.0,-120.0,0.0,0.0,3,6,3,0,0,0,0,2,1,1,0,1,2,1,1,6,0,12,0,0,0,2,1,0,4,7,5,8,3
2017.0,45.0,5.0,0.0,2,6,3,0,0,0,0,5,1,1,0,1,5,1,1,7,0,12,0,1,0,1,0,0,4,7,5,8,3
2017.0,40.0,2.0,0.0,2,6,3,0,0,0,1,9,1,1,0,1,9,1,1,8,0,12,0,1,0,2,1,0,4,7,5,8,3
2017.0,-210.0,0.0,0.0,3,6,3,0,0,0,1,9,1,1,0,1,9,1,1,8,0,12,0,1,0,1,1,0,0,7,5,8,3
2017.0,125.0,1.0,0.0,3,10,3,0,0,0,1,9,1,1,0,0,9,1,1,8,0,12,0,1,0,1,2,0,4,9,5,3,2
2017.0,-100.0,0.0,0.0,3,6,3,0,0,0,1,5,1,1,0,1,5,1,1,8,0,12,0,1,0,1,0,0,6,9,5,3,2
2017.0,87.0,0.0,0.0,3,8,3,0,0,0,1,9,1,1,0,1,1,1,1,10,0,12,0,0,0,1,1,0,6,7,5,8,1
2017.0,-500.0,0.0,0.0,3,6,3,0,0,0,1,9,1,1,0,0,9,1,1,10,0,12,0,0,0,2,2,0,6,7,5,3,3
2017.0,53.0,0.0,0.0,3,6,3,0,0,0,1,9,1,1,0,0,9,1,1,11,0,12,0,0,0,1,1,0,4,7,5,8,3
2017.0,-210.0,0.0,0.0,3,10,3,0,0,0,0,2,1,1,0,1,2,1,1,13,0,12,0,0,0,2,1,0,6,9,5,3,2
2017.0,-63.0,0.0,0.0,3,10,3,0,0,0,1,1,1,1,0,0,1,1,1,13,0,12,0,0,0,0,1,0,4,4,5,9,9
2017.0,180.0,1.0,0.0,2,6,3,0,0,0,1,5,1,1,1,1,5,1,1,13,0,12,0,0,0,2,1,0,6,7,5,6,9
2017.0,-109.0,0.0,0.0,3,1,3,0,0,0,1,2,1,1,0,0,9,1,1,14,0,12,0,0,0,1,0,0,6,2,5,3,9
2017.0,-173.0,0.0,0.0,3,6,3,0,0,0,1,1,1,1,0,0,1,1,1,15,0,12,0,0,0,1,1,0,6,7,5,8,3
2017.0,0.0,0.0,0.0,3,10,3,0,0,0,0,2,1,1,0,1,2,1,1,17,0,12,0,1,0,1,2,0,2,4,5,9,9
2017.0,-125.0,2.0,0.0,3,6,0,0,0,0,1,1,1,1,0,1,1,1,1,17,0,12,0,1,0,2,1,0,4,7,5,8,3
2017.0,-50.0,0.0,0.0,3,4,3,0,0,0,1,2,1,1,0,0,1,1,1,17,0,12,0,1,0,2,2,0,4,2,5,3,9
2017.0,-792.0,0.0,0.0,3,10,0,0,0,0,2,5,1,1,0,1,5,1,1,18,0,12,0,1,0,0,1,0,6,9,5,8,3
2017.0,-300.0,0.0,0.0,3,6,0,0,0,0,0,2,1,1,0,1,2,1,1,20,0,12,0,0,0,2,1,0,6,7,5,8,2
2017.0,500.0,0.0,0.0,3,4,0,0,0,0,1,1,1,1,0,1,1,1,1,21,0,12,0,0,0,2,1,0,6,7,5,3,2
2017.0,250.0,0.0,0.0,3,6,0,0,0,0,1,9,1,1,0,0,9,1,1,0,1,12,0,0,0,1,1,0,6,5,5,8,1
2017.0,25.0,0.0,0.0,3,5,3,0,0,0,1,1,1,1,0,1,1,1,1,6,1,12,0,0,0,1,1,0,4,5,5,8,1
2017.0,0.0,0.0,0.0,3,4,3,0,0,0,0,5,1,1,0,0,1,1,1,7,1,12,0,1,0,2,2,0,4,2,5,9,3
2017.0,0.0,0.0,0.0,3,4,3,0,0,0,1,2,1,1,0,1,5,1,1,7,1,12,0,1,0,1,0,0,4,2,5,3,9
2017.0,-297.0,0.0,0.0,3,4,3,0,0,0,0,5,1,1,0,1,2,1,1,8,1,12,0,1,0,0,1,0,6,2,5,3,9
2017.0,452.0,0.0,0.0,3,6,3,4,0,0,1,9,1,1,0,0,9,1,1,8,1,12,0,1,0,2,1,0,6,7,5,8,3
2017.0,-457.0,1.0,0.0,3,4,3,0,0,0,1,7,1,1,0,0,1,1,1,11,1,12,0,0,0,2,1,0,0,2,5,3,9
2017.0,-82.0,0.0,0.0,3,6,3,0,0,0,1,1,1,1,0,1,1,1,1,13,1,12,0,0,0,1,1,0,2,5,5,5,5
2017.0,530.0,2.0,0.0,1,1,3,0,0,0,1,5,1,1,0,1,1,1,1,13,1,12,0,0,0,1,2,0,6,2,5,3,3
2017.0,0.0,0.0,0.0,3,6,3,0,0,0,1,5,1,1,0,0,5,1,1,16,1,12,0,1,0,1,2,0,4,7,5,8,3
2017.0,-138.0,0.0,0.0,3,6,3,0,0,0,2,2,1,1,0,1,2,1,1,16,1,12,0,1,0,0,0,0,4,7,5,8,3
2017.0,0.0,2.0,0.0,2,4,3,0,0,0,1,7,1,1,0,1,1,1,1,16,1,12,0,1,0,2,1,0,2,2,5,3,9
2017.0,59.0,1.0,0.0,2,6,3,0,0,0,1,5,1,1,0,1,5,1,1,16,1,12,0,1,0,1,1,0,2,7,5,8,3
2017.0,40.0,0.0,0.0,3,6,3,4,3,0,2,9,1,1,0,1,9,1,1,16,1,12,0,1,0,0,1,0,4,7,5,8,3
2017.0,0.0,0.0,0.0,3,1,3,0,0,0,0,9,1,1,0,0,2,1,1,16,1,12,0,1,0,1,0,0,7,2,5,3,3
2017.0,-250.0,0.0,0.0,3,9,3,0,0,0,2,5,1,1,0,1,2,1,1,17,1,12,0,1,0,0,1,0,6,9,5,8,3
2017.0,0.0,0.0,0.0,3,10,0,1,0,0,0,2,1,1,0,1,2,1,1,18,1,12,0,1,0,1,1,0,4,4,5,3,9
2017.0,0.0,0.0,0.0,3,1,0,0,0,0,0,2,1,1,0,0,1,1,1,19,1,12,0,1,0,2,1,0,2,2,5,3,3
2017.0,200.0,1.0,0.0,3,4,0,0,0,0,1,3,0,1,0,1,5,1,1,4,2,12,0,0,0,2,1,0,6,7,5,3,9
2017.0,150.0,0.0,0.0,3,4,3,0,0,0,0,1,1,1,0,0,9,1,1,7,2,12,0,1,0,1,2,0,6,5,5,3,9
2017.0,0.0,1.0,0.0,2,4,2,0,0,0,1,2,1,1,0,1,5,1,1,7,2,12,0,1,0,1,1,0,4,2,5,3,9
2017.0,-137.0,3.0,0.0,2,1,3,0,0,0,0,1,1,1,0,1,5,1,1,12,2,12,0,0,0,2,1,0,0,2,5,3,9
2017.0,0.0,6.0,0.0,3,1,3,0,0,0,0,9,1,1,0,1,2,1,1,13,2,12,0,0,0,1,2,0,4,2,5,3,8
2017.0,148.0,0.0,0.0,3,1,3,0,0,0,0,5,1,1,0,1,2,1,1,13,2,12,0,0,0,2,1,0,6,7,5,3,3
2017.0,100.0,1.0,0.0,3,6,3,0,0,0,1,2,1,1,0,1,2,1,1,13,2,12,0,0,0,1,1,0,6,7,5,8,3