Year,Distance,Totalinjuries,Totalfatalities,Injuryseverity,Collisionmanner,Lightcondition,Weather,SurfaceCondition,Unittype_One,Gender_Drv1,Traveldirection_One,AlcoholUse_Drv1,DrugUse_Drv1,Unittype_Two,Gender_Drv2,Traveldirection_Two,AlcoholUse_Drv2,DrugUse_Drv2,Hour,Weekday,Month,Weekend,Rush_Hour,Hazardous_Road,Age_Group_Drv1,Age_Group_Drv2,Substance_Use,Junction_Category,Violation_Category_Drv1,Violation_Category_Drv2,Unitaction_Category_Two,Unitaction_Category_One
2017.0,113.0,3.0,0.0,2,6,3,0,0,0,1,9,1,1,0,0,9,1,1,13,2,12,0,0,0,1,1,0,4,7,5,8,3
2017.0,61.0,2.0,0.0,2,6,3,0,0,0,1,1,1,1,0,1,1,1,1,14,2,12,0,0,0,0,1,0,6,7,5,8,3
2017.0,58.0,0.0,0.0,3,4,3,0,0,2,1,2,1,1,0,1,5,1,1,16,2,12,0,1,0,1,0,0,0,2,5,3,9
2017.0,0.0,2.0,0.0,2,4,3,0,0,0,0,2,1,1,0,0,5,1,1,17,2,12,0,1,0,1,2,0,4,2,5,3,9
2017.0,0.0,1.0,0.0,3,5,4,0,0,0,0,2,1,1,2,1,5,1,1,17,2,12,0,1,0,1,1,0,4,2,5,3,9
2017.0,-207.0,0.0,0.0,3,6,0,0,0,0,0,1,1,1,0,0,1,1,1,18,2,12,0,1,0,1,1,0,6,7,5,3,3
2017.0,-71.0,2.0,0.0,2,6,0,0,0,0,1,1,1,1,0,0,1,1,1,18,2,12,0,1,0,2,1,0,2,7,5,8,3
2017.0,-157.0,0.0,0.0,3,4,0,0,0,0,0,5,1,1,0,1,9,1,1,18,2,12,0,1,0,1,1,0,6,9,5,3,9
2017.0,-410.0,2.0,0.0,2,6,0,0,0,0,1,5,1,1,0,0,5,1,1,18,2,12,0,1,0,2,1,0,6,7,5,8,3
2017.0,45.0,3.0,0.0,2,4,3,0,0,0,1,5,1,1,0,1,2,1,1,7,3,12,0,1,0,0,1,0,6,2,5,3,9
2017.0,-800.0,0.0,0.0,3,1,3,0,0,0,1,2,1,1,0,0,1,1,1,8,3,12,0,1,0,1,1,0,0,2,5,3,9
2017.0,394.0,0.0,0.0,3,10,3,0,0,0,1,1,1,1,1,1,1,1,1,11,3,12,0,0,0,1,1,0,6,7,5,6,2
2017.0,235.0,0.0,0.0,3,1,3,0,0,0,0,5,1,1,0,1,1,1,1,12,3,12,0,0,0,1,2,0,0,2,5,3,9
2017.0,-250.0,0.0,0.0,3,6,3,0,0,0,0,1,1,1,0,0,1,1,1,13,3,12,0,0,0,2,2,0,6,7,5,8,3
2017.0,60.0,1.0,0.0,3,6,3,0,0,0,0,5,1,1,0,1,5,1,1,14,3,12,0,0,0,1,1,0,4,7,5,8,3
2017.0,-156.0,0.0,0.0,3,1,3,0,0,0,0,5,1,1,0,1,9,1,1,15,3,12,0,0,0,2,1,0,6,2,5,3,9
2017.0,100.0,0.0,0.0,3,10,3,0,0,0,0,5,1,1,0,0,5,1,1,15,3,12,0,0,0,1,1,0,2,9,5,8,2
2017.0,-174.0,0.0,0.0,3,6,3,0,0,0,1,1,1,1,0,0,1,1,1,15,3,12,0,0,0,2,1,0,4,7,5,8,3
2017.0,145.0,1.0,0.0,2,4,3,0,0,0,0,2,1,1,0,0,5,1,1,16,3,12,0,1,0,2,1,0,6,2,5,3,9
2017.0,235.0,1.0,0.0,2,6,3,0,0,0,0,9,1,1,0,0,9,1,1,6,4,12,0,0,0,1,1,0,6,7,5,8,3
2017.0,-107.0,0.0,0.0,3,6,3,0,0,0,1,1,1,1,0,0,1,1,1,13,4,12,0,0,0,2,1,0,4,7,5,8,8
2017.0,27.0,1.0,0.0,2,4,3,0,0,0,1,5,1,1,2,1,2,1,1,13,4,12,0,0,0,1,2,0,6,2,5,3,9
2017.0,90.0,0.0,0.0,3,6,3,0,0,0,1,9,1,1,0,0,9,1,1,15,4,12,0,0,0,1,1,0,4,7,5,8,3
2017.0,0.0,2.0,0.0,3,4,0,0,0,0,2,5,0,1,0,1,4,1,1,17,4,12,0,1,0,0,0,0,2,2,5,9,3
2017.0,244.0,3.0,0.0,2,4,4,0,0,0,0,9,1,1,0,1,1,1,1,17,4,12,0,1,0,2,2,0,6,2,5,3,9
2017.0,50.0,0.0,0.0,3,6,4,0,0,0,1,5,1,1,0,0,5,1,1,17,4,12,0,1,0,2,1,0,7,7,5,8,3
2017.0,0.0,0.0,0.0,3,4,0,0,0,0,0,2,1,1,0,1,1,1,1,17,4,12,0,1,0,2,1,0,4,2,5,3,9
2017.0,0.0,1.0,0.0,2,5,0,0,0,3,1,1,0,1,0,0,2,1,1,19,4,12,0,1,0,1,1,0,4,2,5,3,5
2017.0,0.0,0.0,0.0,3,4,0,0,0,0,1,5,1,1,0,1,2,1,1,19,4,12,0,1,0,1,1,0,4,2,5,3,9
2017.0,94.0,1.0,0.0,1,4,0,0,0,0,1,1,1,1,0,1,2,1,1,20,4,12,0,0,0,1,1,0,6,2,5,3,9
2017.0,-20.0,1.0,0.0,3,5,4,0,0,3,0,1,1,1,0,0,2,1,1,21,4,12,0,0,0,1,1,0,6,9,5,3,7
2017.0,103.0,1.0,0.0,2,6,3,0,0,0,1,9,1,1,0,1,9,1,1,11,5,12,1,0,0,2,1,0,4,7,5,3,3
2017.0,128.0,0.0,0.0,3,10,3,0,0,0,0,9,1,1,0,0,9,1,1,14,5,12,1,0,0,1,1,0,4,4,5,8,2
2017.0,0.0,0.0,0.0,3,4,3,0,0,0,1,5,1,1,0,1,1,1,1,14,5,12,1,0,0,1,2,0,4,2,5,3,9
2017.0,420.0,0.0,0.0,3,10,3,0,0,0,1,2,1,1,0,0,2,1,1,15,5,12,1,0,0,1,2,0,6,9,5,3,2
2017.0,-10.0,0.0,0.0,3,10,3,0,0,0,0,9,1,1,0,0,9,1,1,16,5,12,1,1,0,0,1,0,4,9,5,3,2
2017.0,161.0,0.0,0.0,3,10,0,0,0,0,1,2,1,1,0,1,2,1,1,19,5,12,1,1,0,0,1,0,6,2,5,3,9
2017.0,0.0,0.0,0.0,3,8,0,1,0,0,0,9,1,1,0,1,5,1,1,23,5,12,1,0,0,1,2,0,2,2,5,3,3
2017.0,-175.0,0.0,0.0,3,6,3,0,0,0,1,1,1,1,1,1,1,1,1,11,6,12,1,0,0,0,1,0,6,7,5,6,3
2017.0,40.0,0.0,0.0,3,6,3,0,0,0,1,1,1,1,0,0,1,1,1,12,6,12,1,0,0,2,2,0,4,7,5,3,3
2017.0,-150.0,0.0,0.0,3,12,3,4,3,0,2,8,1,1,1,1,8,1,1,13,6,12,1,0,0,0,0,0,6,5,5,6,5
2017.0,-550.0,0.0,0.0,3,1,4,0,0,0,0,1,1,1,0,1,1,1,1,16,6,12,1,1,0,1,1,0,6,9,5,3,2
2017.0,140.0,0.0,0.0,3,1,0,1,4,0,0,5,1,1,0,0,1,1,1,18,6,12,1,1,1,2,1,0,6,2,5,3,3
2017.0,-80.0,1.0,0.0,3,6,2,0,0,0,0,9,1,1,0,0,9,1,1,5,0,12,0,0,0,1,1,0,6,7,5,8,3
2017.0,0.0,0.0,0.0,3,4,0,0,0,0,1,5,1,1,0,1,2,1,1,6,0,12,0,0,0,1,0,0,4,2,5,3,9
2017.0,-97.0,0.0,0.0,3,6,3,0,0,0,1,2,1,1,0,0,2,1,1,7,0,12,0,1,0,1,0,0,2,7,5,8,3
2017.0,120.0,0.0,0.0,3,1,3,0,0,0,1,5,1,1,0,0,5,1,1,12,0,12,0,0,0,1,1,0,4,9,5,3,2
2017.0,29.0,0.0,0.0,3,5,3,0,0,0,0,2,1,1,0,1,2,1,1,15,0,12,0,0,0,1,0,0,6,9,5,3,3
2017.0,0.0,2.0,0.0,2,4,3,0,0,0,0,9,1,1,0,1,5,1,1,15,0,12,0,0,0,1,1,0,4,2,5,9,3
2017.0,30.0,0.0,0.0,3,6,3,0,0,0,1,1,1,1,0,0,1,1,1,15,0,12,0,0,0,1,0,0,4,5,5,3,3
2017.0,46.0,1.0,0.0,3,1,3,0,0,3,1,5,1,1,0,0,9,1,1,16,0,12,0,1,0,1,1,0,2,2,5,9,7
2017.0,0.0,2.0,0.0,2,1,3,0,0,0,0,2,1,1,0,0,1,1,1,16,0,12,0,1,0,1,1,0,4,2,5,3,3
2017.0,0.0,0.0,0.0,3,4,0,0,0,0,0,4,1,1,0,1,5,1,1,17,0,12,0,1,0,1,1,0,4,2,5,3,9
2017.0,200.0,1.0,0.0,2,10,0,0,0,0,0,9,1,1,0,0,9,1,1,18,0,12,0,1,0,1,1,0,6,9,5,9,3
2017.0,-166.0,3.0,0.0,3,6,0,0,0,0,0,2,1,1,0,0,2,1,1,18,0,12,0,1,0,2,0,0,6,7,5,8,3
2017.0,200.0,0.0,0.0,3,6,0,0,0,0,0,5,1,1,0,1,5,1,1,19,0,12,0,1,0,1,1,0,6,7,5,8,3
2017.0,70.0,0.0,0.0,3,6,3,0,0,0,1,5,1,1,0,0,5,1,1,8,1,12,0,1,0,1,1,0,2,7,5,8,3
2017.0,0.0,0.0,0.0,3,4,3,0,0,0,0,9,1,1,0,1,1,1,1,9,1,12,0,1,0,2,1,0,7,4,7,3,9
2017.0,0.0,3.0,0.0,2,4,3,0,0,0,0,2,1,1,0,1,5,1,1,11,1,12,0,0,0,0,1,0,4,2,5,3,9
2017.0,-636.0,0.0,0.0,3,1,3,0,0,0,0,2,1,1,0,0,9,1,1,13,1,12,0,0,0,0,1,0,6,2,5,9,3
2017.0,0.0,1.0,0.0,3,4,3,0,0,0,1,1,1,1,0,1,9,1,1,16,1,12,0,1,0,2,1,0,4,7,5,8,5
2017.0,207.0,0.0,0.0,3,6,0,0,0,0,0,2,1,1,0,0,2,1,1,18,1,12,0,1,0,2,1,0,6,7,5,3,3
2017.0,121.0,2.0,0.0,2,1,3,0,0,0,0,1,1,1,0,0,2,1,1,8,2,12,0,1,0,0,1,0,6,5,5,3,5
2017.0,284.0,2.0,0.0,2,6,3,0,0,0,1,1,1,1,0,1,1,1,1,9,2,12,0,1,0,1,1,0,6,7,5,8,3
2017.0,175.0,2.0,0.0,2,6,3,0,0,0,1,1,1,1,0,1,1,1,1,10,2,12,0,0,0,2,1,0,6,7,5,8,3
2017.0,376.0,0.0,0.0,3,10,3,0,0,0,1,5,1,1,0,0,5,1,1,11,2,12,0,0,0,2,2,0,6,2,9,2,3
2017.0,90.0,0.0,0.0,3,10,3,0,0,0,1,1,1,1,0,1,1,1,1,12,2,12,0,0,0,0,1,0,6,9,5,3,2
2017.0,-425.0,0.0,0.0,3,6,3,0,0,0,1,9,1,1,0,1,9,1,1,12,2,12,0,0,0,1,0,0,6,9,5,8,2
2017.0,350.0,0.0,0.0,3,10,3,0,0,0,0,2,1,1,0,1,2,1,1,13,2,12,0,0,0,1,0,0,6,9,9,3,3
2017.0,58.0,2.0,0.0,2,4,4,0,0,0,0,9,1,1,0,1,1,1,1,17,2,12,0,1,0,2,1,0,6,2,5,3,9
2017.0,-250.0,0.0,0.0,3,6,0,0,0,0,1,5,1,1,0,1,5,1,1,18,2,12,0,1,0,2,1,0,6,7,5,8,3
2017.0,0.0,0.0,0.0,3,6,0,0,0,0,0,1,1,1,0,1,1,1,1,18,2,12,0,1,0,0,1,0,4,7,5,8,3
2017.0,270.0,0.0,0.0,3,1,0,0,0,0,1,9,1,1,0,0,9,1,1,6,3,12,0,0,0,1,1,0,6,4,5,3,9
2017.0,275.0,1.0,0.0,3,6,3,0,0,0,1,9,1,1,0,1,9,1,1,7,3,12,0,1,0,2,1,0,6,7,5,8,3
2017.0,30.0,0.0,0.0,3,8,3,0,0,0,1,5,1,1,0,0,2,1,1,15,3,12,0,0,0,1,0,0,6,5,5,5,5
2017.0,89.0,1.0,0.0,3,6,3,0,0,0,0,9,1,1,0,0,9,1,1,15,3,12,0,0,0,2,1,0,4,7,5,8,3
2017.0,-145.0,2.0,0.0,2,6,3,0,0,0,2,1,1,1,0,1,1,1,1,16,3,12,0,1,0,0,2,0,4,7,5,8,3
2017.0,-366.0,2.0,0.0,2,6,3,0,0,0,0,1,1,1,0,0,1,1,1,16,3,12,0,1,0,1,2,0,6,7,5,8,3
2017.0,-159.0,1.0,0.0,2,6,4,0,0,0,0,1,1,1,0,0,1,1,1,17,3,12,0,1,0,2,1,0,6,7,5,8,3
2017.0,0.0,3.0,0.0,2,4,0,0,0,0,1,4,1,1,0,1,5,1,1,17,3,12,0,1,0,1,1,0,4,2,5,3,9
2017.0,0.0,1.0,0.0,2,4,0,0,0,0,1,9,1,1,0,0,1,1,1,18,3,12,0,1,0,1,1,0,2,4,5,3,9
2017.0,-30.0,0.0,0.0,3,6,0,0,0,0,2,8,1,1,0,1,8,1,1,0,4,12,0,0,0,0,2,0,4,5,5,3,5
2017.0,0.0,1.0,0.0,3,10,3,0,0,0,1,5,1,1,0,1,5,1,1,9,4,12,0,1,0,1,1,0,4,5,5,9,8
2017.0,57.0,0.0,0.0,3,10,3,0,0,0,1,2,1,1,0,0,2,1,1,10,4,12,0,0,0,1,1,0,2,9,5,3,2
2017.0,40.0,2.0,0.0,2,6,3,0,0,0,0,9,1,1,0,0,9,1,1,13,4,12,0,0,0,2,1,0,2,7,5,8,3
2017.0,0.0,1.0,0.0,2,4,3,0,0,0,0,9,1,1,0,0,1,1,1,13,4,12,0,0,0,0,2,0,4,2,5,3,9
2017.0,-80.0,0.0,0.0,3,4,3,0,0,0,1,2,1,1,0,1,5,1,1,13,4,12,0,0,0,1,1,0,0,7,7,8,9
2017.0,0.0,0.0,0.0,3,4,3,0,0,0,1,5,1,1,0,1,9,1,1,13,4,12,0,0,0,1,2,0,4,5,5,9,3
2017.0,-75.0,0.0,0.0,3,6,3,0,0,0,0,1,1,1,0,0,1,1,1,13,4,12,0,0,0,1,1,0,7,7,5,8,3
2017.0,60.0,0.0,0.0,3,6,3,0,0,0,0,5,1,1,0,0,5,1,1,14,4,12,0,0,0,2,1,0,7,5,5,8,8
2017.0,0.0,2.0,0.0,2,4,3,0,0,0,1,9,1,1,0,0,1,1,1,14,4,12,0,0,0,1,1,0,2,2,5,3,9
2017.0,141.0,0.0,0.0,3,6,3,0,0,0,1,5,1,1,0,1,5,1,1,16,4,12,0,1,0,2,0,0,4,7,5,8,3
2017.0,-500.0,4.0,0.0,3,6,3,0,0,0,0,2,1,1,0,1,2,1,1,16,4,12,0,1,0,1,2,0,6,7,5,8,3
2017.0,300.0,0.0,0.0,3,12,0,0,0,0,2,8,1,1,0,0,1,1,1,17,4,12,0,1,0,0,2,0,6,5,5,3,5
2017.0,-384.0,1.0,0.0,2,6,0,0,0,0,0,2,1,1,0,1,2,1,1,18,4,12,0,1,0,2,1,0,6,7,5,8,3
2017.0,10.0,0.0,0.0,3,6,0,0,0,0,1,9,1,1,0,1,9,1,1,19,4,12,0,1,0,1,1,0,4,5,5,8,3
2017.0,98.0,0.0,0.0,3,6,0,0,0,0,0,5,0,1,0,1,5,1,1,22,4,12,0,0,0,2,2,0,7,7,5,8,3
2017.0,52.0,0.0,0.0,3,1,3,0,0,0,2,9,1,1,0,0,5,1,1,9,5,12,1,1,0,0,1,0,7,2,5,8,3
2017.0,0.0,0.0,0.0,3,4,3,0,0,0,0,9,1,1,0,0,1,1,1,12,5,12,1,0,0,0,1,0,7,2,5,3,9
2017.0,417.0,0.0,0.0,3,10,3,0,0,0,1,2,1,1,0,1,2,1,1,13,5,12,1,0,0,1,2,0,6,9,5,3,2
2017.0,30.0,0.0,0.0,3,6,3,0,0,0,0,5,1,1,0,1,5,1,1,15,5,12,1,0,0,1,1,0,4,8,5,8,3
2017.0,0.0,0.0,0.0,3,6,4,0,0,0,1,5,1,1,0,0,5,1,1,17,5,12,1,1,0,1,1,0,7,7,5,3,3
2017.0,0.0,0.0,0.0,3,1,0,0,0,0,0,1,1,1,0,1,3,1,1,18,5,12,1,1,0,2,1,0,2,5,5,9,3
2017.0,0.0,0.0,0.0,3,3,3,0,0,0,1,9,1,1,0,1,5,1,1,14,6,12,1,0,0,2,0,0,4,7,5,9,3
2017.0,0.0,0.0,0.0,3,10,4,0,0,0,1,2,1,1,0,0,2,1,1,18,6,12,1,1,0,2,1,0,7,9,5,3,9
2017.0,225.0,0.0,0.0,3,10,3,0,0,0,0,6,1,1,1,1,1,1,1,12,0,12,0,0,0,1,1,0,6,7,5,6,9
2017.0,20.0,1.0,0.0,2,6,0,0,0,0,1,9,1,1,0,1,9,1,1,17,0,12,0,1,0,1,1,0,4,5,7,3,3
2017.0,-198.0,2.0,0.0,2,6,3,0,0,0,1,1,1,1,0,0,1,1,1,8,1,12,0,1,0,1,2,0,6,7,5,8,3
2017.0,816.0,0.0,0.0,3,6,3,0,0,0,0,5,1,1,0,0,5,1,1,12,1,12,0,0,0,2,1,0,6,7,5,8,3
2017.0,-244.0,1.0,0.0,3,6,3,0,0,0,1,2,1,1,0,1,2,1,1,13,1,12,0,0,0,0,1,0,6,7,5,8,3
2017.0,0.0,0.0,0.0,3,1,0,0,0,0,2,2,1,1,3,1,1,1,1,20,1,12,0,0,0,0,1,0,4,7,5,7,9
2017.0,0.0,0.0,0.0,3,10,0,0,0,0,1,1,1,1,0,0,1,1,1,6,2,12,0,0,0,2,1,0,2,4,5,9,9
2017.0,-100.0,0.0,0.0,3,6,3,0,0,0,1,2,1,1,0,0,2,1,1,9,2,12,0,1,0,0,1,0,4,7,5,8,3
2017.0,100.0,0.0,0.0,3,1,3,0,0,0,1,1,1,1,0,0,1,1,1,10,2,12,0,0,0,0,0,0,4,9,5,3,2
2017.0,102.0,0.0,0.0,3,6,3,0,0,0,0,5,1,1,0,1,5,1,1,12,2,12,0,0,0,2,1,0,4,7,5,8,3
2017.0,0.0,0.0,0.0,3,4,3,0,0,0,0,9,1,1,0,0,1,1,1,13,2,12,0,0,0,1,2,0,2,2,5,9,3
2017.0,-490.0,1.0,0.0,2,4,3,0,0,0,0,5,1,1,0,0,9,1,1,15,2,12,0,0,0,1,1,0,6,2,5,3,9
2017.0,0.0,0.0,0.0,3,4,3,0,0,0,0,9,1,1,0,1,1,1,1,15,2,12,0,0,0,2,1,0,2,2,5,3,9
2017.0,0.0,0.0,0.0,3,10,0,0,0,0,0,1,1,1,0,1,5,1,1,5,3,12,0,0,0,1,1,0,4,5,5,9,3
2017.0,0.0,0.0,0.0,3,1,3,0,0,0,0,1,1,1,0,1,5,1,1,7,3,12,0,1,0,1,0,0,4,2,5,3,9
2017.0,-89.0,0.0,0.0,3,10,3,0,0,0,0,9,1,1,0,1,9,1,1,10,3,12,0,0,0,0,1,0,6,4,5,3,9
2017.0,-123.0,1.0,0.0,2,6,3,0,0,0,0,9,1,1,0,0,9,1,1,13,3,12,0,0,0,1,1,0,4,7,5,8,3
2017.0,-120.0,0.0,0.0,3,6,3,0,0,0,0,1,1,1,0,0,1,1,1,13,3,12,0,0,0,2,1,0,2,7,5,8,3
2017.0,260.0,0.0,0.0,3,10,3,0,0,0,0,9,1,1,0,0,9,1,1,14,3,12,0,0,0,1,1,0,6,9,5,3,2
2017.0,-26.0,3.0,0.0,1,6,3,0,0,0,0,2,1,1,0,0,2,1,1,14,3,12,0,0,0,2,1,0,4,7,5,9,3
2017.0,75.0,0.0,0.0,3,1,3,0,0,0,0,9,1,1,0,1,5,1,1,14,3,12,0,0,0,2,2,0,4,7,5,8,9
2017.0,0.0,0.0,0.0,3,4,3,0,0,0,0,5,1,1,0,1,2,1,1,16,3,12,0,1,0,0,2,0,4,2,5,3,9
2017.0,95.0,1.0,0.0,1,6,0,0,0,0,1,2,1,1,0,1,2,1,1,19,3,12,0,1,0,0,2,0,4,4,5,3,9
2017.0,142.0,0.0,0.0,3,1,3,0,0,0,1,9,1,1,0,1,9,1,1,10,4,12,0,0,0,0,1,0,4,9,5,3,9
2017.0,184.0,0.0,0.0,3,1,3,0,0,0,1,1,1,1,0,1,5,1,1,10,4,12,0,0,0,1,0,0,6,2,5,3,3
2017.0,0.0,0.0,0.0,3,4,3,0,0,0,0,2,1,1,0,1,9,1,1,11,4,12,0,0,0,2,1,0,4,2,5,3,9
2017.0,326.0,1.0,0.0,2,4,3,0,0,0,0,1,1,1,0,0,9,1,1,14,4,12,0,0,0,2,1,0,0,2,5,3,9
2017.0,-142.0,0.0,0.0,3,6,3,0,0,0,1,1,1,1,0,1,1,1,1,15,4,12,0,0,0,2,1,0,4,7,5,8,3
2017.0,15.0,0.0,0.0,3,10,3,0,0,0,0,9,1,1,0,1,9,1,1,16,4,12,0,1,0,1,1,0,6,4,5,3,9
2017.0,0.0,1.0,0.0,3,4,3,0,0,0,1,6,1,1,0,0,2,1,1,16,4,12,0,1,0,1,1,0,4,2,5,3,9
2017.0,200.0,0.0,0.0,3,5,4,0,0,0,0,2,1,1,0,1,5,1,1,18,4,12,0,1,0,2,1,0,6,4,5,3,9
2017.0,-130.0,0.0,0.0,3,6,4,0,0,0,0,1,1,1,0,0,1,1,1,18,4,12,0,1,0,1,1,0,4,7,5,8,3
2017.0,106.0,0.0,0.0,3,6,0,0,0,0,1,5,1,1,0,1,5,1,1,18,4,12,0,1,0,0,1,0,4,7,5,8,3
2017.0,5.0,0.0,0.0,3,6,0,0,0,0,1,5,1,1,0,1,5,1,1,18,4,12,0,1,0,1,1,0,4,8,5,3,3
2017.0,54.0,0.0,0.0,3,6,0,0,0,0,0,5,1,1,0,0,5,1,1,20,4,12,0,0,0,1,1,0,4,7,5,8,8
2017.0,0.0,3.0,0.0,2,1,0,0,0,0,1,2,1,0,0,1,1,1,1,1,5,12,1,0,0,1,0,0,7,2,5,3,3
2017.0,-25.0,0.0,0.0,3,6,0,0,0,0,0,2,0,1,0,0,2,1,1,1,5,12,1,0,0,1,1,0,4,7,5,3,3
2017.0,350.0,0.0,0.0,3,10,3,0,0,0,1,1,1,1,0,0,1,1,1,7,5,12,1,1,0,0,0,0,6,5,5,5,5
2017.0,-52.0,0.0,0.0,3,6,3,0,0,0,1,2,1,1,0,0,2,1,1,10,5,12,1,0,0,0,2,0,4,7,5,9,9
2017.0,60.0,0.0,0.0,3,6,3,0,0,0,1,2,1,1,0,1,2,1,1,10,5,12,1,0,0,1,1,0,4,7,5,8,3
2017.0,0.0,0.0,0.0,3,6,0,0,0,0,2,2,1,1,0,0,2,1,1,18,5,12,1,1,0,0,0,0,4,5,5,3,5
2017.0,0.0,0.0,0.0,3,4,0,0,0,0,0,5,1,1,0,1,1,1,1,19,6,12,1,1,0,0,0,0,4,2,5,3,9
2017.0,-35.0,1.0,0.0,3,6,0,0,0,0,1,2,1,1,0,0,2,1,1,21,6,12,1,0,0,2,2,0,2,7,5,8,3
2017.0,0.0,1.0,0.0,2,4,0,0,0,0,1,2,1,1,0,1,5,1,1,23,6,12,1,0,0,2,2,0,4,7,5,9,3
2018.0,0.0,2.0,0.0,3,1,3,0,0,0,1,1,1,1,0,0,2,1,1,13,0,1,0,0,0,1,2,0,7,2,5,3,3
2018.0,0.0,1.0,0.0,2,4,3,0,3,0,1,9,1,1,0,0,6,1,1,15,0,1,0,0,0,1,0,0,7,2,5,9,3
2018.0,320.0,2.0,0.0,3,6,0,0,0,0,1,5,1,1,0,1,5,1,1,20,0,1,0,0,0,1,1,0,6,7,5,8,3
2018.0,100.0,0.0,0.0,3,6,0,0,0,0,0,9,1,1,1,1,9,1,1,21,0,1,0,0,0,2,1,0,4,7,5,6,3
2018.0,-365.0,0.0,0.0,3,1,0,0,0,0,1,5,1,1,0,1,1,1,1,6,1,1,0,0,0,1,1,0,0,7,5,8,3
2018.0,35.0,0.0,0.0,3,6,3,0,0,0,0,5,1,1,0,0,5,1,1,7,1,1,0,1,0,1,1,0,4,7,5,8,3
2018.0,78.0,0.0,0.0,3,10,3,1,0,0,1,5,1,1,0,1,5,1,1,9,1,1,0,1,0,1,1,0,4,2,5,8,9
2018.0,-95.0,0.0,0.0,3,6,3,0,0,0,0,2,1,1,0,1,2,1,1,11,1,1,0,0,0,2,2,0,4,7,5,8,3
2018.0,-17.0,0.0,0.0,3,10,3,0,0,0,1,5,1,1,0,1,5,1,1,13,1,1,0,0,0,0,2,0,4,9,5,3,2
2018.0,0.0,1.0,0.0,3,4,3,0,0,0,1,1,1,1,0,0,2,1,1,15,1,1,0,0,0,2,0,0,7,7,5,9,3
2018.0,-26.0,1.0,0.0,2,4,3,0,0,2,1,1,1,1,0,1,9,1,1,17,1,1,0,1,0,1,1,0,4,2,5,9,3
2018.0,50.0,0.0,0.0,3,6,3,0,0,0,0,5,1,1,0,1,2,1,1,17,1,1,0,1,0,1,0,0,4,5,5,3,9
2018.0,0.0,0.0,0.0,3,6,3,0,0,0,1,1,1,1,0,0,1,1,1,18,1,1,0,1,0,2,1,0,4,7,5,8,3
2018.0,-200.0,0.0,0.0,3,6,0,0,0,0,1,1,1,1,0,1,1,1,1,19,1,1,0,1,0,1,0,0,6,7,5,8,8
2018.0,0.0,2.0,0.0,2,4,0,0,0,0,1,9,1,1,0,0,5,1,1,19,1,1,0,1,0,2,0,0,4,2,5,3,1
2018.0,-800.0,0.0,0.0,3,4,3,0,0,0,1,9,1,1,0,1,5,1,1,12,2,1,0,0,0,1,1,0,6,2,5,9,9
2018.0,-89.0,1.0,0.0,2,10,3,0,0,0,0,2,1,0,0,1,2,1,1,15,2,1,0,0,0,2,1,0,4,7,5,8,2
2018.0,0.0,0.0,0.0,3,10,3,1,0,0,0,7,1,1,0,0,5,1,1,15,2,1,0,0,0,2,0,0,4,2,5,9,3
2018.0,950.0,0.0,0.0,3,6,3,0,0,0,0,2,1,1,0,1,2,1,1,15,2,1,0,0,0,1,1,0,6,7,5,8,3
2018.0,-180.0,1.0,0.0,3,6,3,0,0,0,0,9,1,1,0,1,9,1,1,16,2,1,0,1,0,1,0,0,4,7,5,8,3
2018.0,-570.0,1.0,0.0,3,6,3,0,0,0,0,2,1,1,0,1,2,1,1,16,2,1,0,1,0,1,1,0,6,7,5,8,3
2018.0,-75.0,1.0,0.0,2,6,0,0,0,0,0,9,1,1,0,1,9,1,1,17,2,1,0,1,0,1,2,0,4,7,7,8,3
2018.0,-500.0,0.0,0.0,3,10,0,0,0,0,2,9,1,1,0,0,9,1,1,22,2,1,0,0,0,0,1,0,6,9,5,3,2
2018.0,-125.0,0.0,0.0,3,6,3,0,0,0,0,1,1,1,0,1,1,1,1,9,3,1,0,1,0,1,0,0,4,7,5,8,3
2018.0,-122.0,1.0,0.0,2,6,3,0,0,0,2,2,1,1,0,0,2,1,1,10,3,1,0,0,0,0,2,0,4,7,5,8,3
2018.0,-71.0,0.0,0.0,3,1,3,0,0,0,0,5,1,1,0,0,9,1,1,11,3,1,0,0,0,1,1,0,4,2,5,3,9
2018.0,28.0,1.0,0.0,2,4,3,0,0,2,1,2,1,1,0,0,5,1,1,12,3,1,0,0,0,0,1,0,4,2,5,9,3
2018.0,0.0,2.0,0.0,2,1,3,0,0,0,1,1,1,1,0,1,2,1,1,14,3,1,0,0,0,0,1,0,4,2,5,3,3
2018.0,175.0,0.0,0.0,3,4,3,0,0,0,1,9,1,1,0,1,2,1,1,15,3,1,0,0,0,0,0,0,0,2,5,3,9
2018.0,613.0,4.0,0.0,3,6,3,0,0,0,1,2,1,1,0,0,2,1,1,16,3,1,0,1,0,2,1,0,6,8,5,8,3
2018.0,-402.0,0.0,0.0,3,1,3,0,0,0,1,5,1,1,0,1,1,1,1,16,3,1,0,1,0,0,2,0,0,7,5,8,9
2018.0,440.0,0.0,0.0,3,6,0,0,0,0,0,9,0,1,1,1,8,1,1,1,4,1,0,0,0,1,1,0,6,9,5,6,3