Year,Distance,Totalinjuries,Totalfatalities,Injuryseverity,Collisionmanner,Lightcondition,Weather,SurfaceCondition,Unittype_One,Gender_Drv1,Traveldirection_One,AlcoholUse_Drv1,DrugUse_Drv1,Unittype_Two,Gender_Drv2,Traveldirection_Two,AlcoholUse_Drv2,DrugUse_Drv2,Hour,Weekday,Month,Weekend,Rush_Hour,Hazardous_Road,Age_Group_Drv1,Age_Group_Drv2,Substance_Use,Junction_Category,Violation_Category_Drv1,Violation_Category_Drv2,Unitaction_Category_Two,Unitaction_Category_One
2018.0,1300.0,1.0,0.0,3,6,2,0,0,0,1,9,0,1,0,1,9,1,1,7,4,1,0,1,0,2,1,0,6,7,5,3,3
2018.0,-192.0,0.0,0.0,3,8,3,0,0,0,1,5,1,1,0,0,9,1,1,8,4,1,0,1,0,1,1,0,6,5,5,8,9
2018.0,150.0,0.0,0.0,3,12,0,0,0,0,2,8,1,1,1,1,8,1,1,9,4,1,0,1,0,0,1,0,6,5,5,6,5
2018.0,645.0,2.0,0.0,2,6,3,0,0,0,1,9,1,1,0,0,9,1,1,10,4,1,0,0,0,1,1,0,0,7,5,8,3
2018.0,-220.0,0.0,0.0,3,1,3,0,0,0,0,5,1,1,0,1,9,1,1,12,4,1,0,0,0,1,1,0,6,2,5,3,9
2018.0,-73.0,0.0,0.0,3,6,3,0,0,0,0,1,1,1,0,1,1,1,1,14,4,1,0,0,0,2,1,0,4,7,5,8,3
2018.0,0.0,2.0,0.0,2,4,3,0,0,0,1,1,1,1,0,0,2,1,1,16,4,1,0,1,0,1,2,0,4,2,5,9,3
2018.0,53.0,0.0,0.0,3,6,3,0,0,0,1,5,1,1,0,0,5,1,1,16,4,1,0,1,0,1,1,0,4,7,5,9,3
2018.0,-130.0,0.0,0.0,3,6,3,0,0,0,2,1,1,1,0,1,1,1,1,17,4,1,0,1,0,0,1,0,6,7,5,8,3
2018.0,0.0,0.0,0.0,3,6,0,0,0,0,0,5,0,1,0,1,5,1,1,18,4,1,0,1,0,2,2,0,4,7,5,8,3
2018.0,-75.0,0.0,0.0,3,10,0,0,0,0,1,1,1,1,0,1,1,1,1,19,4,1,0,1,0,1,1,0,4,9,5,8,2
2018.0,0.0,0.0,0.0,3,4,0,0,0,0,0,2,1,1,0,1,5,1,1,21,4,1,0,0,0,2,1,0,4,2,5,3,9
2018.0,0.0,1.0,0.0,2,1,3,0,0,0,1,9,1,1,0,1,5,1,1,8,5,1,1,1,0,1,1,0,4,2,5,3,3
2018.0,269.0,0.0,0.0,3,1,3,0,0,0,2,1,1,1,0,1,1,1,1,10,5,1,1,0,0,0,1,0,0,9,5,3,9
2018.0,-100.0,0.0,0.0,3,1,3,1,0,0,2,1,1,1,0,0,2,1,1,11,5,1,1,0,0,0,2,0,0,5,5,5,3
2018.0,0.0,0.0,0.0,3,1,3,1,0,0,1,4,1,1,0,0,9,1,1,13,5,1,1,0,0,1,1,0,2,2,5,3,9
2018.0,20.0,0.0,0.0,3,6,3,0,0,0,1,5,1,1,0,0,5,1,1,13,5,1,1,0,0,1,1,0,4,7,5,8,3
2018.0,0.0,2.0,0.0,2,4,3,0,0,0,1,1,1,1,0,1,2,1,1,15,5,1,1,0,0,1,1,0,4,2,5,9,3
2018.0,-104.0,0.0,0.0,3,10,3,0,0,0,1,1,1,1,0,1,1,1,1,16,5,1,1,1,0,2,0,0,4,9,5,3,2
2018.0,250.0,0.0,0.0,3,6,0,0,0,0,0,1,1,1,0,1,1,1,1,18,5,1,1,1,0,2,2,0,6,8,5,8,8
2018.0,-146.0,0.0,0.0,3,6,0,0,0,0,0,2,1,1,0,1,2,1,1,21,5,1,1,0,0,2,2,0,7,7,5,8,8
2018.0,0.0,0.0,0.0,3,4,3,0,0,0,0,7,1,1,0,1,1,1,1,15,6,1,1,0,0,2,1,0,4,4,5,3,9
2018.0,-150.0,0.0,0.0,3,6,3,0,0,0,0,2,1,1,0,0,2,1,1,15,6,1,1,0,0,2,2,0,7,7,5,8,8
2018.0,-50.0,0.0,0.0,3,12,4,0,0,0,2,8,1,1,0,0,2,1,1,17,6,1,1,1,0,0,2,0,6,5,5,5,3
2018.0,100.0,0.0,0.0,3,3,0,0,0,0,2,9,1,1,1,1,1,1,1,0,0,1,0,0,0,0,0,0,6,5,5,6,5
2018.0,145.0,1.0,0.0,2,6,0,0,0,0,1,5,1,1,0,0,5,1,1,6,0,1,0,0,0,1,0,0,0,7,5,9,8
2018.0,-58.0,0.0,0.0,3,6,3,1,0,0,0,2,1,1,0,0,2,1,1,8,0,1,0,1,0,2,1,0,2,7,5,5,5
2018.0,-460.0,0.0,0.0,3,1,3,0,0,0,0,2,1,1,0,1,1,1,1,13,0,1,0,0,0,0,1,0,6,2,5,9,3
2018.0,-545.0,2.0,0.0,3,6,3,1,0,0,1,5,1,1,0,1,5,1,1,14,0,1,0,0,0,2,1,0,6,7,5,8,3
2018.0,0.0,0.0,0.0,3,1,3,0,0,0,1,5,1,1,0,1,1,1,1,15,0,1,0,0,0,0,1,0,4,2,5,9,9
2018.0,0.0,3.0,0.0,3,4,3,0,0,0,0,5,1,1,0,0,9,1,1,15,0,1,0,0,0,1,1,0,4,2,5,3,9
2018.0,-72.0,0.0,0.0,3,6,3,0,0,0,1,2,1,1,0,1,2,1,1,16,0,1,0,1,0,0,1,0,7,7,5,8,3
2018.0,0.0,0.0,0.0,3,10,3,0,0,0,1,9,1,1,0,0,9,1,1,16,0,1,0,1,0,2,1,0,4,1,5,3,9
2018.0,378.0,0.0,0.0,3,4,4,0,0,0,0,5,1,1,0,1,5,1,1,17,0,1,0,1,0,1,1,0,6,9,5,9,9
2018.0,-200.0,0.0,0.0,3,6,4,0,0,0,0,1,1,1,0,0,1,1,1,18,0,1,0,1,0,1,1,0,6,7,5,8,3
2018.0,0.0,0.0,0.0,3,4,3,1,0,0,0,5,1,1,0,1,2,1,1,8,1,1,0,1,0,2,2,0,4,2,5,3,9
2018.0,0.0,1.0,0.0,2,1,3,0,0,0,1,9,1,1,0,1,5,1,1,10,1,1,0,0,0,0,0,0,4,5,5,3,3
2018.0,0.0,2.0,0.0,3,4,3,0,0,0,0,5,1,1,0,1,2,1,1,12,1,1,0,0,0,2,1,0,4,2,5,3,9
2018.0,135.0,1.0,0.0,2,1,3,0,0,2,1,1,0,1,0,0,5,1,1,13,1,1,0,0,0,1,1,0,4,2,5,3,7
2018.0,0.0,0.0,0.0,3,10,3,0,0,0,0,5,1,1,0,1,5,1,1,14,1,1,0,0,0,1,1,0,4,5,5,9,9
2018.0,75.0,0.0,0.0,3,6,3,0,0,0,1,5,1,1,0,1,5,1,1,16,1,1,0,1,0,1,2,0,4,7,5,8,3
2018.0,123.0,0.0,0.0,3,10,3,1,0,0,1,1,1,1,0,1,1,1,1,17,1,1,0,1,0,2,1,0,6,9,5,3,2
2018.0,135.0,0.0,0.0,3,6,4,1,0,0,1,5,1,1,0,1,5,1,1,17,1,1,0,1,0,1,1,0,4,7,5,8,3
2018.0,-525.0,2.0,0.0,3,1,3,0,0,0,1,2,1,1,0,1,1,1,1,17,1,1,0,1,0,1,1,0,6,2,5,3,9
2018.0,0.0,0.0,0.0,3,1,0,0,0,0,1,1,1,1,0,1,9,1,1,19,1,1,0,1,0,2,1,0,4,2,5,3,9
2018.0,35.0,0.0,0.0,3,10,0,4,3,0,1,5,1,1,0,0,5,1,1,21,1,1,0,0,0,0,1,0,4,9,5,3,3
2018.0,50.0,0.0,0.0,3,4,0,3,4,0,2,3,1,1,0,1,5,1,1,21,1,1,0,0,1,0,1,0,4,7,5,8,9
2018.0,100.0,0.0,0.0,3,6,3,1,4,0,1,9,1,1,0,0,9,1,1,5,2,1,0,0,1,2,1,0,2,7,5,8,3
2018.0,0.0,2.0,0.0,2,4,3,0,0,0,0,9,1,1,0,0,1,1,1,6,2,1,0,0,0,2,1,0,4,2,5,3,9
2018.0,0.0,0.0,0.0,3,4,0,3,4,0,0,8,1,1,0,1,8,1,1,6,2,1,0,0,1,2,0,0,7,2,5,3,9
2018.0,-10.0,0.0,0.0,3,4,3,1,4,0,1,9,1,1,0,1,2,1,1,8,2,1,0,1,1,1,1,0,7,4,5,3,9
2018.0,0.0,2.0,0.0,2,4,3,0,0,0,1,1,1,1,0,0,9,1,1,8,2,1,0,1,0,1,2,0,4,2,5,3,9
2018.0,-72.0,0.0,0.0,3,6,3,1,4,0,1,2,1,1,0,0,2,1,1,8,2,1,0,1,1,1,2,0,6,7,5,8,3
2018.0,-15.0,1.0,0.0,3,1,3,0,0,0,1,1,1,1,0,1,5,1,1,11,2,1,0,0,0,1,1,0,4,2,5,3,9
2018.0,-90.0,0.0,0.0,3,6,3,0,0,0,1,2,1,1,1,1,2,1,1,12,2,1,0,0,0,1,1,0,7,7,5,6,3
2018.0,0.0,0.0,0.0,3,4,3,1,0,0,1,3,1,1,0,0,9,1,1,13,2,1,0,0,0,1,1,0,4,2,5,3,9
2018.0,0.0,0.0,0.0,3,4,3,0,0,0,1,2,1,1,0,0,5,1,1,14,2,1,0,0,0,1,1,0,4,2,5,3,9
2018.0,249.0,1.0,0.0,2,5,3,0,0,2,1,9,1,1,0,0,2,1,1,15,2,1,0,0,0,2,1,0,0,2,5,9,3
2018.0,0.0,1.0,0.0,2,1,3,0,0,0,0,1,1,1,0,1,5,1,1,16,2,1,0,1,0,2,1,0,4,2,5,3,3
2018.0,-71.0,0.0,0.0,3,6,3,0,0,0,1,2,1,1,0,1,2,1,1,16,2,1,0,1,0,1,1,0,4,7,5,8,3
2018.0,-40.0,0.0,0.0,3,6,3,0,0,0,0,5,0,1,0,1,5,1,1,17,2,1,0,1,0,2,2,0,6,7,5,8,3
2018.0,-37.0,0.0,0.0,3,10,0,0,0,0,1,2,1,1,0,1,2,1,1,18,2,1,0,1,0,1,1,0,4,4,5,8,2
2018.0,-215.0,0.0,0.0,3,4,3,0,0,0,1,9,1,1,0,0,2,1,1,18,2,1,0,1,0,2,2,0,6,2,5,3,9
2018.0,-206.0,0.0,0.0,3,8,4,0,0,0,0,5,1,1,0,1,5,1,1,18,2,1,0,1,0,2,2,0,6,5,5,8,8
2018.0,100.0,0.0,0.0,3,6,0,0,0,0,1,9,1,1,0,1,9,1,1,19,2,1,0,1,0,1,1,0,6,7,5,8,3
2018.0,0.0,1.0,0.0,3,3,0,0,0,0,1,2,0,1,0,0,1,1,1,20,2,1,0,0,0,1,2,0,4,4,5,8,9
2018.0,0.0,2.0,0.0,2,4,2,0,0,0,1,5,1,1,0,0,2,1,1,7,3,1,0,1,0,0,2,0,4,2,2,3,9
2018.0,500.0,0.0,0.0,3,6,3,0,0,0,1,1,1,1,0,1,1,1,1,8,3,1,0,1,0,1,2,0,6,7,5,3,3
2018.0,110.0,2.0,0.0,2,6,3,0,0,0,0,9,1,1,0,0,9,1,1,8,3,1,0,1,0,2,1,0,4,7,5,8,3
2018.0,-82.0,0.0,0.0,3,10,3,0,0,0,0,5,1,1,0,0,5,1,1,9,3,1,0,1,0,1,1,0,6,9,5,3,2
2018.0,37.0,2.0,0.0,2,6,3,0,0,0,0,9,1,1,0,1,9,1,1,9,3,1,0,1,0,2,0,0,4,7,5,9,3
2018.0,234.0,0.0,0.0,3,6,3,0,0,0,0,1,1,1,0,1,1,1,1,9,3,1,0,1,0,2,2,0,0,7,5,8,3
2018.0,99.0,1.0,0.0,2,6,3,0,0,0,0,5,1,1,0,0,5,1,1,10,3,1,0,0,0,0,0,0,4,7,5,8,3
2018.0,-240.0,3.0,0.0,2,1,3,0,0,0,0,5,1,1,0,1,9,1,1,12,3,1,0,0,0,1,2,0,0,2,5,3,9
2018.0,-85.0,3.0,0.0,2,1,3,0,0,0,0,5,1,1,0,0,9,1,1,12,3,1,0,0,0,1,2,0,6,2,5,3,9
2018.0,-59.0,1.0,0.0,3,6,3,0,0,0,1,2,1,1,0,0,2,1,1,12,3,1,0,0,0,1,1,0,4,7,5,8,3
2018.0,79.0,0.0,0.0,3,6,3,0,0,0,1,5,1,1,0,0,5,1,1,13,3,1,0,0,0,1,2,0,2,7,5,8,3
2018.0,145.0,0.0,0.0,3,10,3,0,0,0,0,9,1,1,0,0,9,1,1,14,3,1,0,0,0,2,1,0,4,7,5,8,3
2018.0,598.0,0.0,0.0,3,1,3,0,0,0,0,1,1,1,0,1,1,1,1,15,3,1,0,0,0,2,2,0,6,9,5,3,6
2018.0,290.0,0.0,0.0,3,10,3,0,0,0,1,5,1,1,0,1,5,1,1,15,3,1,0,0,0,1,0,0,6,7,5,8,3
2018.0,-19.0,0.0,0.0,3,1,3,0,0,0,1,2,1,1,0,1,1,1,1,16,3,1,0,1,0,1,1,0,6,2,5,3,9
2018.0,52.0,1.0,0.0,2,1,3,0,0,0,0,9,1,1,3,0,9,1,1,17,3,1,0,1,0,2,1,0,4,2,5,7,9
2018.0,0.0,0.0,0.0,3,4,4,0,0,0,1,5,1,1,0,1,2,1,1,17,3,1,0,1,0,2,2,0,7,2,5,8,9
2018.0,0.3,0.0,0.0,3,4,2,0,0,0,1,5,1,1,0,0,1,1,1,17,3,1,0,1,0,2,2,0,6,2,5,3,9
2018.0,75.0,0.0,0.0,3,6,3,0,0,0,1,5,1,1,0,0,5,1,1,17,3,1,0,1,0,1,1,0,4,7,5,8,3
2018.0,0.0,0.0,0.0,3,4,0,0,0,0,1,2,1,1,0,1,5,1,1,21,3,1,0,0,0,1,2,0,7,2,5,9,3
2018.0,150.0,0.0,0.0,3,10,0,0,0,0,2,9,1,1,1,1,9,1,1,23,3,1,0,0,0,0,1,0,6,7,5,6,3
2018.0,-75.0,0.0,0.0,3,10,0,0,0,0,1,2,1,1,0,0,2,1,1,0,4,1,0,0,0,1,2,0,7,9,5,3,2
2018.0,-170.0,0.0,0.0,3,6,2,0,0,0,0,2,1,1,0,0,2,1,1,6,4,1,0,0,0,1,1,0,4,7,5,8,3
2018.0,800.0,1.0,0.0,3,6,3,0,0,0,0,1,1,1,0,0,1,1,1,6,4,1,0,0,0,1,2,0,4,7,5,8,3
2018.0,0.0,0.0,0.0,3,4,3,0,0,0,0,1,1,1,0,1,5,1,1,8,4,1,0,1,0,1,1,0,4,2,5,3,9
2018.0,-67.0,0.0,0.0,3,6,3,0,0,0,0,2,1,1,0,1,2,1,1,10,4,1,0,0,0,1,0,0,4,7,5,8,3
2018.0,-150.0,0.0,0.0,3,10,3,0,0,0,1,5,1,1,0,1,5,1,1,11,4,1,0,0,0,2,2,0,6,9,5,3,2
2018.0,-158.0,1.0,0.0,2,6,3,0,0,0,0,2,1,1,0,0,2,1,1,14,4,1,0,0,0,2,1,0,6,7,5,8,3
2018.0,-102.0,0.0,0.0,3,6,3,0,0,0,0,1,1,1,0,0,1,1,1,15,4,1,0,0,0,2,1,0,2,7,5,8,3
2018.0,-54.0,0.0,0.0,3,6,4,0,0,0,1,1,1,1,0,1,1,1,1,17,4,1,0,1,0,1,1,0,4,7,5,8,3
2018.0,-876.0,1.0,0.0,3,1,3,0,0,0,0,5,1,1,0,1,1,1,1,17,4,1,0,1,0,1,1,0,6,2,5,8,9
2018.0,-800.0,0.0,0.0,3,10,0,0,0,0,0,2,1,1,0,1,2,1,0,18,4,1,0,1,0,1,1,0,0,4,5,9,9
2018.0,150.0,0.0,0.0,3,10,0,0,0,0,1,1,1,1,0,1,1,1,1,18,4,1,0,1,0,1,2,0,4,9,5,3,2
2018.0,0.0,0.0,0.0,3,1,0,0,0,0,0,2,1,1,0,0,9,1,1,19,4,1,0,1,0,1,2,0,7,2,5,3,3
2018.0,100.0,0.0,0.0,3,6,0,0,0,0,0,1,1,1,0,0,1,1,1,20,4,1,0,0,0,1,1,0,6,7,5,8,3
2018.0,0.0,0.0,0.0,3,1,0,0,0,0,0,5,1,1,0,0,1,1,1,22,4,1,0,0,0,2,1,0,7,2,5,3,3
2018.0,-90.0,0.0,0.0,3,6,0,0,0,0,2,1,1,1,0,0,1,1,1,0,5,1,1,0,0,0,1,0,4,7,5,8,3
2018.0,0.0,0.0,0.0,3,1,3,0,0,0,1,2,1,1,0,1,9,1,1,9,5,1,1,1,0,2,2,0,7,7,5,3,3
2018.0,-218.0,0.0,0.0,3,4,3,0,0,0,0,1,1,1,0,1,2,1,1,10,5,1,1,0,0,2,1,0,6,2,5,8,9
2018.0,200.0,0.0,0.0,3,12,3,0,0,0,2,8,1,1,1,1,8,1,1,16,5,1,1,1,0,0,1,0,6,5,5,6,5
2018.0,36.0,0.0,0.0,3,6,4,0,0,0,2,9,1,1,0,0,9,1,1,17,5,1,1,1,0,0,1,0,2,7,5,8,3
2018.0,-50.0,1.0,0.0,2,3,4,0,0,0,1,5,1,1,0,0,8,1,1,18,5,1,1,1,0,2,1,0,7,8,5,3,9
2018.0,-90.0,1.0,0.0,3,6,0,0,0,0,1,1,1,1,0,1,1,1,1,18,5,1,1,1,0,1,1,0,7,7,5,8,2
2018.0,0.0,0.0,0.0,3,1,3,0,0,0,0,1,1,1,0,0,2,1,1,10,6,1,1,0,0,2,1,0,7,2,5,3,9
2018.0,-150.0,0.0,0.0,3,6,3,0,0,0,1,9,1,1,0,1,9,1,1,13,6,1,1,0,0,1,1,0,4,5,5,3,1
2018.0,-112.0,0.0,0.0,3,10,3,0,0,0,0,1,0,0,0,0,1,1,1,16,6,1,1,1,0,2,1,0,6,7,5,8,2
2018.0,-20.0,0.0,0.0,3,6,4,0,0,0,1,1,1,1,0,0,1,1,1,17,6,1,1,1,0,2,1,0,7,7,5,8,3
2018.0,0.0,1.0,0.0,3,4,0,0,0,0,1,5,1,1,0,1,1,1,1,20,6,1,1,0,0,2,2,0,4,2,5,3,9
2018.0,420.0,0.0,0.0,3,6,0,0,0,0,0,1,0,1,1,1,1,1,1,2,0,1,0,0,0,1,1,0,6,7,5,3,3
2018.0,0.0,0.0,0.0,3,1,0,0,0,0,1,2,1,1,0,1,9,1,1,5,0,1,0,0,0,1,1,0,7,2,5,3,3
2018.0,50.0,0.0,0.0,3,12,2,0,0,0,2,8,1,1,1,1,8,1,1,6,0,1,0,0,0,0,1,0,6,5,5,6,5
2018.0,50.0,0.0,0.0,3,6,3,0,0,0,1,9,1,1,0,1,9,1,1,7,0,1,0,1,0,1,1,0,7,7,5,8,3
2018.0,-600.0,0.0,0.0,3,6,3,0,0,0,1,9,1,1,0,1,9,1,1,7,0,1,0,1,0,2,1,0,6,5,5,3,2
2018.0,92.0,0.0,0.0,3,6,3,0,0,0,0,9,1,1,0,1,9,1,1,15,0,1,0,0,0,2,2,0,2,7,5,8,3
2018.0,0.0,1.0,0.0,3,1,3,0,0,0,1,1,1,1,0,1,9,1,1,15,0,1,0,0,0,0,1,0,7,2,5,3,9
2018.0,45.0,0.0,0.0,3,6,0,0,0,0,1,2,1,1,0,0,5,1,1,20,0,1,0,0,0,1,1,0,6,2,5,8,1
2018.0,500.0,0.0,0.0,3,4,0,0,0,0,2,9,1,1,0,0,1,1,1,21,0,1,0,0,0,0,2,0,6,4,5,3,9
2018.0,-30.0,0.0,0.0,3,12,3,0,0,0,2,8,1,1,1,1,8,1,1,7,1,1,0,1,0,0,1,0,6,5,5,6,5
2018.0,0.0,0.0,0.0,3,4,3,0,0,0,1,5,1,1,0,1,2,1,1,7,1,1,0,1,0,1,1,0,4,2,5,3,9
2018.0,0.0,0.0,0.0,3,1,3,0,0,0,1,9,1,1,0,0,2,1,1,7,1,1,0,1,0,2,2,0,4,2,5,3,9
2018.0,200.0,0.0,0.0,3,1,3,0,0,0,1,1,1,1,0,0,1,1,1,8,1,1,0,1,0,2,2,0,6,4,5,0,2
2018.0,235.0,0.0,0.0,3,4,3,0,0,0,0,1,1,1,0,1,2,1,1,8,1,1,0,1,0,0,1,0,6,2,5,3,9
2018.0,-229.0,2.0,0.0,2,4,3,0,0,0,0,5,1,1,0,1,9,1,1,12,1,1,0,0,0,0,2,0,6,2,5,3,9
2018.0,0.0,0.0,0.0,3,10,3,0,0,0,1,5,1,1,0,0,9,1,1,12,1,1,0,0,0,1,0,0,4,2,5,3,9
2018.0,-112.0,1.0,0.0,3,8,3,0,0,0,0,2,1,1,0,1,2,1,1,13,1,1,0,0,0,1,1,0,4,7,5,3,3
2018.0,-20.0,0.0,0.0,3,10,3,0,0,0,1,1,1,1,0,0,5,1,1,14,1,1,0,0,0,1,2,0,4,2,5,3,9
2018.0,-525.0,2.0,0.0,3,3,3,1,0,0,0,5,1,1,0,1,2,1,1,15,1,1,0,0,0,1,1,0,4,2,5,3,9
2018.0,242.0,0.0,0.0,3,6,3,0,0,0,1,5,1,1,0,1,5,1,1,15,1,1,0,0,0,1,1,0,6,9,5,3,2
2018.0,66.0,1.0,0.0,2,6,3,0,0,0,2,5,1,1,0,0,5,1,1,16,1,1,0,1,0,0,1,0,4,7,5,3,3
2018.0,23.0,0.0,0.0,3,10,3,1,0,0,0,5,1,1,0,0,5,1,1,16,1,1,0,1,0,1,2,0,4,9,5,3,2
2018.0,86.0,0.0,0.0,3,10,3,0,0,0,0,2,1,1,0,0,2,1,1,17,1,1,0,1,0,1,2,0,6,9,5,3,2
2018.0,0.0,1.0,0.0,2,4,4,0,0,0,0,9,1,1,0,1,1,1,1,17,1,1,0,1,0,1,1,0,4,2,5,3,9
2018.0,210.0,0.0,0.0,3,6,3,0,0,0,2,2,1,1,0,1,2,1,1,17,1,1,0,1,0,0,1,0,6,7,5,8,3
2018.0,-931.0,1.0,0.0,2,6,4,0,0,0,1,1,1,1,0,0,1,1,1,17,1,1,0,1,0,1,1,0,6,7,5,8,3
2018.0,0.0,2.0,0.0,2,4,4,0,0,0,0,1,1,1,0,1,9,1,1,17,1,1,0,1,0,2,1,0,4,2,5,3,8
2018.0,30.0,0.0,0.0,3,6,3,0,0,0,0,5,1,1,0,0,5,1,1,17,1,1,0,1,0,2,1,0,4,7,5,8,9
2018.0,-344.0,0.0,0.0,3,1,0,0,0,0,0,2,1,1,0,1,1,1,1,18,1,1,0,1,0,1,1,0,0,2,5,3,3
2018.0,-1476.0,1.0,0.0,2,4,3,0,0,0,0,9,1,1,0,0,1,1,1,6,2,1,0,0,0,1,1,0,0,5,5,9,3
2018.0,75.0,0.0,0.0,3,6,3,0,0,0,0,9,1,1,0,0,9,1,1,8,2,1,0,1,0,2,1,0,6,7,5,8,3
2018.0,-75.0,1.0,0.0,3,6,3,0,0,0,1,2,1,1,0,0,2,1,1,8,2,1,0,1,0,0,1,0,4,7,5,8,3
2018.0,-25.0,0.0,0.0,3,10,3,0,0,0,0,8,1,1,0,0,0,1,1,9,2,1,0,1,0,0,1,0,7,9,5,3,2
2018.0,40.0,1.0,0.0,2,4,3,0,0,0,1,5,1,1,2,1,2,1,1,10,2,1,0,0,0,1,2,0,4,2,5,3,9
2018.0,609.0,2.0,0.0,2,6,3,0,0,0,1,2,1,1,0,1,2,1,1,11,2,1,0,0,0,1,1,0,6,7,5,8,3
2018.0,47.0,0.0,0.0,3,6,3,0,0,0,1,2,1,1,0,0,2,1,1,12,2,1,0,0,0,1,2,0,6,8,5,3,3
2018.0,44.0,0.0,0.0,3,10,3,0,0,0,2,1,1,1,0,1,1,1,1,14,2,1,0,0,0,0,2,0,6,9,5,3,2
2018.0,150.0,0.0,0.0,3,6,3,0,0,0,0,9,1,1,0,1,9,1,1,14,2,1,0,0,0,1,2,0,6,7,5,8,3
2018.0,-75.0,1.0,0.0,2,6,3,0,0,0,0,1,1,1,0,0,1,1,1,15,2,1,0,0,0,1,1,0,4,7,5,8,3
2018.0,-69.0,0.0,0.0,3,10,3,0,0,0,1,2,1,1,0,1,2,1,1,15,2,1,0,0,0,0,1,0,2,9,5,3,2
2018.0,500.0,0.0,0.0,3,1,3,0,0,0,1,5,1,1,0,1,5,1,1,17,2,1,0,1,0,1,1,0,6,4,5,9,8
2018.0,-170.0,2.0,0.0,2,6,3,0,0,0,0,5,1,1,0,0,5,1,1,17,2,1,0,1,0,2,1,0,6,7,5,8,3
2018.0,0.0,0.0,0.0,3,1,0,0,0,0,0,2,1,1,0,1,1,1,1,18,2,1,0,1,0,2,1,0,7,2,5,3,3
2018.0,200.0,0.0,0.0,3,1,0,0,0,0,1,9,1,1,0,0,9,1,1,20,2,1,0,0,0,2,2,0,6,4,5,3,9
2018.0,0.0,2.0,0.0,2,4,0,0,0,0,0,9,1,1,0,0,1,1,1,20,2,1,0,0,0,1,1,0,7,2,5,3,9
2018.0,0.0,0.0,0.0,3,4,0,0,0,0,1,6,1,1,0,1,9,1,1,21,2,1,0,0,0,2,1,0,7,2,5,3,9
2018.0,0.0,2.0,0.0,3,4,0,0,0,0,1,9,1,1,0,0,2,1,1,4,3,1,0,0,0,1,1,0,4,2,5,3,9
2018.0,350.0,0.0,0.0,3,4,0,0,0,0,1,2,1,1,0,1,9,1,1,4,3,1,0,0,0,0,1,0,6,2,5,3,9
2018.0,-190.0,0.0,0.0,3,10,2,0,0,0,0,1,1,1,0,1,1,1,1,6,3,1,0,0,0,1,1,0,4,9,5,3,2
2018.0,-75.0,0.0,0.0,3,6,3,0,0,0,1,2,1,1,0,0,2,1,1,8,3,1,0,1,0,2,1,0,4,8,5,8,3
2018.0,0.0,0.0,0.0,3,4,0,0,0,0,1,2,1,1,0,1,1,1,1,8,3,1,0,1,0,1,1,0,2,5,5,9,3
2018.0,-75.0,0.0,0.0,3,12,3,0,0,0,2,8,1,1,0,0,9,1,1,8,3,1,0,1,0,0,1,0,4,5,5,3,5
2018.0,-55.0,2.0,0.0,2,6,3,0,0,0,0,9,1,1,0,1,9,1,1,8,3,1,0,1,0,2,1,0,4,7,5,8,3
2018.0,0.0,2.0,0.0,2,4,3,0,0,0,1,5,1,1,0,0,2,1,1,12,3,1,0,0,0,1,1,0,2,2,5,9,3
2018.0,0.0,2.0,0.0,1,1,3,0,0,0,0,9,1,1,0,1,5,1,1,12,3,1,0,0,0,1,0,0,4,5,5,3,8
2018.0,0.0,0.0,0.0,3,1,3,0,0,0,1,9,1,1,0,0,5,1,1,13,3,1,0,0,0,1,2,0,4,2,5,3,3
2018.0,-165.0,0.0,0.0,3,4,3,0,0,0,0,2,1,1,0,0,1,1,1,14,3,1,0,0,0,2,1,0,6,2,5,3,9
2018.0,-40.0,0.0,0.0,3,6,3,0,0,0,1,1,1,1,0,0,1,1,1,15,3,1,0,0,0,1,1,0,2,8,5,8,3
2018.0,0.0,4.0,0.0,2,4,4,0,0,0,0,2,1,1,0,1,5,1,1,17,3,1,0,1,0,1,1,0,4,2,5,3,9
2018.0,0.0,1.0,0.0,2,4,3,0,0,0,1,9,1,1,0,1,5,1,1,17,3,1,0,1,0,1,1,0,4,2,2,9,3
2018.0,0.0,2.0,0.0,3,4,0,0,0,0,1,9,1,1,0,0,1,1,1,19,3,1,0,1,0,2,2,0,7,2,5,3,9
2018.0,277.0,3.0,0.0,2,4,0,0,0,0,1,5,1,1,0,1,2,1,1,21,3,1,0,0,0,2,1,0,6,9,5,3,9
2018.0,-75.0,0.0,0.0,3,10,0,0,0,0,0,2,1,1,0,1,2,1,1,22,3,1,0,0,0,1,2,0,7,9,5,3,2
2018.0,120.0,0.0,0.0,3,6,0,0,0,0,0,9,1,1,0,1,9,1,1,23,3,1,0,0,0,2,1,0,7,7,5,8,3
2018.0,-50.0,0.0,0.0,3,6,0,0,0,0,1,1,1,1,0,1,1,1,1,6,4,1,0,0,0,1,1,0,4,7,5,8,3
2018.0,-120.0,0.0,0.0,3,10,3,0,0,0,0,5,1,1,0,1,5,1,1,8,4,1,0,1,0,2,1,0,4,9,5,3,2
2018.0,-30.0,1.0,0.0,2,1,3,0,0,0,2,1,1,1,3,1,2,1,1,8,4,1,0,1,0,0,1,0,4,2,5,7,9
2018.0,0.0,2.0,0.0,2,4,3,0,0,0,1,1,1,1,0,1,9,1,1,9,4,1,0,1,0,1,1,0,4,2,5,3,9
2018.0,0.0,1.0,0.0,3,1,3,0,0,0,1,2,1,1,0,1,1,1,1,14,4,1,0,0,0,2,1,0,4,2,5,3,9