Year,Distance,Totalinjuries,Totalfatalities,Injuryseverity,Collisionmanner,Lightcondition,Weather,SurfaceCondition,Unittype_One,Gender_Drv1,Traveldirection_One,AlcoholUse_Drv1,DrugUse_Drv1,Unittype_Two,Gender_Drv2,Traveldirection_Two,AlcoholUse_Drv2,DrugUse_Drv2,Hour,Weekday,Month,Weekend,Rush_Hour,Hazardous_Road,Age_Group_Drv1,Age_Group_Drv2,Substance_Use,Junction_Category,Violation_Category_Drv1,Violation_Category_Drv2,Unitaction_Category_Two,Unitaction_Category_One
2018.0,422.0,2.0,0.0,2,1,3,0,0,0,0,1,1,1,0,1,5,1,1,14,4,1,0,0,0,1,1,0,0,2,5,3,9
2018.0,-470.0,0.0,0.0,3,4,3,0,0,0,1,5,1,1,0,1,9,1,1,14,4,1,0,0,0,2,1,0,0,2,5,3,9
2018.0,-417.0,0.0,0.0,3,6,3,0,0,0,1,1,1,1,0,1,1,1,1,15,4,1,0,0,0,1,1,0,6,7,5,8,3
2018.0,100.0,0.0,0.0,3,6,0,0,0,0,0,5,1,1,0,1,5,1,1,18,4,1,0,1,0,2,1,0,4,7,5,8,3
2018.0,200.0,0.0,0.0,3,1,0,0,0,0,1,5,1,1,0,0,9,1,1,19,4,1,0,1,0,1,1,0,6,2,5,3,3
2018.0,75.0,0.0,0.0,3,6,0,0,0,0,2,5,1,1,0,0,5,1,1,20,4,1,0,0,0,0,1,0,7,7,5,8,3
2018.0,800.0,0.0,0.0,3,10,0,0,0,0,2,1,1,1,0,1,1,1,1,21,4,1,0,0,0,0,1,0,6,5,5,3,3
2018.0,0.0,1.0,0.0,1,1,2,1,0,2,1,9,1,1,0,1,2,1,1,7,5,1,1,1,0,1,1,0,7,2,5,3,3
2018.0,110.0,0.0,0.0,3,4,3,0,0,0,0,3,1,1,0,0,2,1,1,9,5,1,1,1,0,2,0,0,6,4,5,3,9
2018.0,0.0,0.0,0.0,3,6,3,1,0,0,1,1,1,1,0,1,1,1,1,10,5,1,1,0,0,1,2,0,6,7,5,3,3
2018.0,-117.0,0.0,0.0,3,6,3,1,0,0,1,2,1,1,0,1,2,1,1,12,5,1,1,0,0,1,1,0,4,7,5,3,3
2018.0,0.0,1.0,0.0,2,4,3,1,0,0,0,1,1,1,0,1,9,1,1,12,5,1,1,0,0,2,0,0,4,2,5,3,9
2018.0,0.0,0.0,0.0,3,4,3,1,0,0,1,2,1,1,0,1,1,1,1,12,5,1,1,0,0,2,2,0,7,2,5,3,9
2018.0,0.0,5.0,0.0,2,4,0,0,0,0,1,1,1,1,0,0,9,1,1,22,5,1,1,0,0,2,2,0,7,2,5,3,9
2018.0,0.0,1.0,0.0,3,4,3,0,0,0,1,9,1,1,0,1,1,1,1,11,6,1,1,0,0,0,1,0,7,2,5,3,9
2018.0,210.0,0.0,0.0,3,4,3,0,0,0,0,6,1,1,0,1,9,1,1,12,6,1,1,0,0,2,2,0,6,2,5,3,9
2018.0,35.0,0.0,0.0,3,10,3,0,0,0,2,9,1,1,0,1,9,1,1,15,6,1,1,0,0,0,1,0,7,5,5,3,3
2018.0,-80.0,0.0,0.0,3,6,3,0,0,0,1,1,1,1,0,0,1,1,1,16,6,1,1,1,0,2,1,0,4,7,5,9,9
2018.0,250.0,0.0,0.0,3,4,3,0,0,0,0,6,1,1,0,1,1,1,1,17,6,1,1,1,0,2,2,0,6,2,5,3,9
2018.0,-150.0,0.0,0.0,3,6,3,0,0,0,0,2,1,1,0,1,2,1,1,18,6,1,1,1,0,2,1,0,6,7,5,8,3
2018.0,0.0,0.0,0.0,3,1,0,0,0,0,1,9,1,1,0,1,2,1,1,19,6,1,1,1,0,1,1,0,7,2,5,3,3
2018.0,0.0,1.0,0.0,3,4,2,0,0,0,1,5,1,1,0,0,9,1,1,6,0,1,0,0,0,1,0,0,4,2,5,3,9
2018.0,0.0,1.0,0.0,3,4,3,0,0,0,1,1,1,1,0,0,9,1,1,8,0,1,0,1,0,1,1,0,4,2,5,3,9
2018.0,66.0,0.0,0.0,3,10,3,0,0,0,1,5,1,1,0,0,5,1,1,12,0,1,0,0,0,0,1,0,4,5,5,8,2
2018.0,-21.0,0.0,0.0,3,6,3,0,0,0,1,1,1,1,0,0,1,1,1,12,0,1,0,0,0,1,1,0,4,7,5,8,3
2018.0,730.0,0.0,0.0,3,6,3,0,0,0,0,1,1,1,0,1,1,1,1,14,0,1,0,0,0,2,1,0,4,7,5,8,3
2018.0,0.0,2.0,0.0,3,4,3,0,0,0,1,9,1,1,0,1,1,1,1,16,0,1,0,1,0,1,1,0,4,5,5,3,9
2018.0,-610.0,1.0,0.0,3,1,3,0,0,0,1,2,1,1,0,1,1,1,1,16,0,1,0,1,0,2,1,0,6,2,5,3,9
2018.0,100.0,1.0,0.0,3,1,3,0,0,0,0,7,1,1,0,0,2,1,1,17,0,1,0,1,0,2,1,0,6,4,5,8,9
2018.0,205.0,0.0,0.0,3,10,0,0,0,0,0,1,1,1,0,1,1,1,1,17,0,1,0,1,0,1,1,0,6,9,5,3,2
2018.0,-500.0,1.0,0.0,2,1,1,0,0,2,1,2,1,1,0,1,7,1,1,18,0,1,0,1,0,2,1,0,6,5,5,9,3
2018.0,0.0,0.0,0.0,3,4,0,0,0,0,1,9,1,1,0,0,1,1,1,21,0,1,0,0,0,2,2,0,4,2,5,3,9
2018.0,-490.0,1.0,0.0,1,5,0,0,0,3,1,5,1,1,0,1,1,1,1,23,0,1,0,0,0,2,1,0,6,6,5,3,5
2018.0,0.0,2.0,0.0,3,4,3,0,0,0,0,2,1,1,0,1,5,1,1,6,1,1,0,0,0,2,0,0,4,2,5,3,9
2018.0,-200.0,1.0,0.0,2,6,3,0,0,0,1,2,1,1,0,1,2,1,1,7,1,1,0,1,0,2,1,0,4,7,5,8,3
2018.0,0.0,0.0,0.0,3,1,3,0,0,0,0,1,1,1,0,0,2,1,1,8,1,1,0,1,0,2,1,0,4,2,5,3,3
2018.0,0.0,1.0,0.0,2,4,3,0,0,0,0,9,1,1,0,1,1,1,1,13,1,1,0,0,0,1,2,0,4,2,5,3,9
2018.0,100.0,0.0,0.0,3,10,3,0,0,0,1,9,1,1,0,1,9,1,1,13,1,1,0,0,0,1,1,0,4,9,5,3,3
2018.0,-110.0,0.0,0.0,3,6,3,0,0,0,0,1,1,1,0,1,1,1,1,13,1,1,0,0,0,0,1,0,6,7,5,8,3
2018.0,-80.0,0.0,0.0,3,6,3,0,0,0,0,1,1,1,0,1,1,1,1,14,1,1,0,0,0,2,0,0,4,7,5,8,3
2018.0,109.0,1.0,0.0,2,6,3,0,0,0,0,1,1,1,0,1,1,1,1,15,1,1,0,0,0,2,1,0,6,7,5,9,3
2018.0,0.0,2.0,0.0,2,4,3,0,0,0,0,9,1,1,0,1,1,1,1,15,1,1,0,0,0,1,1,0,4,2,5,3,9
2018.0,0.0,1.0,0.0,2,1,3,0,0,0,0,9,1,1,0,1,5,1,1,16,1,1,0,1,0,1,0,0,4,2,5,3,3
2018.0,153.0,0.0,0.0,3,10,4,0,0,0,1,5,1,1,0,0,5,1,1,17,1,1,0,1,0,0,1,0,6,9,5,3,2
2018.0,92.0,1.0,0.0,3,6,3,0,0,0,1,5,1,1,0,1,5,1,1,17,1,1,0,1,0,1,1,0,4,7,5,8,3
2018.0,600.0,1.0,0.0,3,6,4,0,0,0,0,1,1,1,0,0,1,1,1,17,1,1,0,1,0,1,1,0,6,7,5,8,3
2018.0,0.0,1.0,0.0,2,4,0,0,0,0,1,9,1,1,0,0,1,1,1,18,1,1,0,1,0,2,2,0,4,2,5,9,3
2018.0,-200.0,0.0,0.0,3,6,0,0,0,0,1,1,0,1,0,1,1,1,1,21,1,1,0,0,0,1,1,0,6,5,5,8,3
2018.0,57.0,1.0,1.0,0,5,0,0,0,3,1,5,1,1,0,0,1,1,1,22,1,1,0,0,0,0,2,0,4,2,5,3,7
2018.0,0.0,0.0,0.0,3,1,0,0,0,0,1,1,1,1,0,0,2,1,1,6,2,1,0,0,0,1,1,0,4,2,5,3,3
2018.0,90.0,0.0,0.0,3,10,3,0,0,0,0,9,1,1,0,1,9,1,1,8,2,1,0,1,0,1,0,0,6,5,5,3,2
2018.0,0.0,4.0,0.0,3,4,3,0,0,0,1,9,1,1,0,1,1,1,1,9,2,1,0,1,0,1,1,0,4,2,5,3,9
2018.0,-114.0,0.0,0.0,3,6,3,0,0,0,0,5,1,1,0,0,5,1,1,9,2,1,0,1,0,0,2,0,6,9,5,3,2
2018.0,0.0,2.0,0.0,2,3,3,0,0,0,1,5,1,1,0,1,2,1,1,10,2,1,0,0,0,1,0,0,4,7,5,8,2
2018.0,-376.0,1.0,0.0,2,6,3,0,0,0,1,1,1,1,0,1,1,1,1,13,2,1,0,0,0,2,2,0,6,7,5,8,3
2018.0,-80.0,0.0,0.0,3,10,3,0,0,0,1,1,1,1,0,1,1,1,1,13,2,1,0,0,0,1,0,0,4,7,5,8,3
2018.0,-80.0,0.0,0.0,3,10,3,0,0,0,1,1,1,1,0,1,1,1,1,15,2,1,0,0,0,0,1,0,4,5,5,9,3
2018.0,428.0,3.0,0.0,2,4,3,0,0,0,1,2,1,1,0,1,5,1,1,15,2,1,0,0,0,2,1,0,6,2,5,3,9
2018.0,-96.0,1.0,0.0,2,1,3,0,0,2,1,9,1,1,0,1,2,1,1,17,2,1,0,1,0,1,1,0,0,5,5,9,3
2018.0,157.0,0.0,0.0,3,6,3,0,0,0,0,5,1,1,0,1,5,1,1,17,2,1,0,1,0,1,2,0,6,7,5,0,3
2018.0,137.0,1.0,0.0,3,6,0,0,0,0,1,1,1,1,0,0,1,1,1,18,2,1,0,1,0,1,1,0,4,7,5,8,3
2018.0,-476.0,0.0,0.0,3,6,0,0,0,0,1,1,1,1,0,1,1,1,1,18,2,1,0,1,0,1,0,0,6,7,5,8,3
2018.0,0.0,0.0,0.0,3,4,0,0,0,0,1,7,1,1,0,0,5,1,1,18,2,1,0,1,0,2,2,0,4,4,5,3,9
2018.0,0.0,0.0,0.0,3,1,3,0,0,0,0,9,1,1,0,1,5,1,1,7,3,1,0,1,0,1,0,0,2,2,5,3,3
2018.0,350.0,0.0,0.0,3,6,3,0,0,0,1,1,1,1,0,1,1,1,1,8,3,1,0,1,0,2,1,0,4,7,5,8,3
2018.0,108.0,1.0,0.0,2,6,3,0,0,0,1,5,1,1,0,1,5,1,1,12,3,1,0,0,0,2,1,0,4,7,5,8,3
2018.0,0.0,0.0,0.0,3,6,3,0,0,0,1,2,1,1,0,1,2,1,1,13,3,1,0,0,0,2,1,0,4,7,5,8,3
2018.0,-162.0,2.0,0.0,3,1,3,0,0,0,0,1,1,1,0,0,2,1,1,13,3,1,0,0,0,0,0,0,6,2,5,3,9
2018.0,179.0,0.0,0.0,3,10,3,0,0,0,0,9,1,1,0,0,9,1,1,15,3,1,0,0,0,1,2,0,4,9,5,3,2
2018.0,-46.0,0.0,0.0,3,1,3,0,0,0,1,5,1,1,0,1,1,1,1,15,3,1,0,0,0,1,1,0,4,7,5,9,9
2018.0,395.0,0.0,0.0,3,6,3,0,0,0,1,5,1,1,0,0,5,1,1,16,3,1,0,1,0,0,1,0,4,7,5,8,2
2018.0,0.0,0.0,0.0,3,4,3,0,0,0,1,9,1,1,0,1,1,1,1,16,3,1,0,1,0,1,1,0,4,2,5,3,9
2018.0,291.0,0.0,0.0,3,6,4,0,0,0,1,9,1,1,0,1,9,1,1,17,3,1,0,1,0,2,1,0,6,7,5,8,3
2018.0,250.0,1.0,0.0,3,6,0,0,0,0,0,5,1,1,0,0,5,1,1,18,3,1,0,1,0,2,2,0,4,7,5,8,3
2018.0,-50.0,0.0,0.0,3,3,0,0,0,0,1,5,1,1,0,1,2,1,1,18,3,1,0,1,0,2,1,0,7,7,5,8,3
2018.0,300.0,0.0,0.0,3,4,0,0,0,0,1,9,1,1,0,0,5,1,1,19,3,1,0,1,0,2,2,0,6,5,5,9,3
2018.0,-6.0,1.0,0.0,2,1,0,0,0,0,0,1,1,1,3,0,1,1,1,6,4,1,0,0,0,1,2,0,4,5,5,7,9
2018.0,0.0,3.0,0.0,2,4,3,0,0,0,0,7,1,1,0,0,1,1,1,8,4,1,0,1,0,1,2,0,7,2,5,3,9
2018.0,-190.0,0.0,0.0,3,6,3,0,0,0,1,2,1,1,0,0,2,1,1,8,4,1,0,1,0,1,1,0,6,7,5,8,3
2018.0,-56.0,0.0,0.0,3,6,3,0,0,0,0,1,1,1,0,0,1,1,1,8,4,1,0,1,0,1,1,0,4,7,5,8,3
2018.0,300.0,0.0,0.0,3,10,3,0,0,0,1,9,1,1,0,1,9,1,1,12,4,1,0,0,0,1,1,0,6,5,5,3,3
2018.0,-81.0,1.0,0.0,2,6,3,0,0,0,0,1,1,1,0,1,1,1,1,13,4,1,0,0,0,2,0,0,4,7,5,8,3
2018.0,0.0,0.0,0.0,3,10,3,0,0,0,1,2,1,1,0,1,2,1,1,14,4,1,0,0,0,1,1,0,4,9,5,3,2
2018.0,0.0,1.0,0.0,2,4,3,0,0,0,0,1,1,1,0,1,9,1,1,14,4,1,0,0,0,0,1,0,4,2,5,3,9
2018.0,-121.0,0.0,0.0,3,4,3,0,0,0,0,1,1,1,0,0,9,1,1,15,4,1,0,0,0,2,1,0,0,2,5,3,9
2018.0,-118.0,0.0,0.0,3,4,3,0,0,0,1,5,1,1,0,1,9,1,1,15,4,1,0,0,0,2,1,0,6,2,5,3,9
2018.0,0.0,2.0,0.0,2,4,3,0,0,0,1,5,1,1,0,1,2,1,1,15,4,1,0,0,0,2,1,0,4,2,5,3,9
2018.0,184.0,0.0,0.0,3,6,3,0,0,0,0,2,1,1,0,1,2,1,1,15,4,1,0,0,0,2,2,0,6,7,5,8,3
2018.0,200.0,0.0,0.0,3,1,3,0,0,0,1,1,1,1,0,1,5,1,1,16,4,1,0,1,0,1,1,0,6,2,5,3,9
2018.0,0.0,0.0,0.0,3,4,3,0,0,0,1,9,1,1,0,1,1,1,1,16,4,1,0,1,0,2,1,0,7,2,5,3,9
2018.0,0.0,0.0,0.0,3,3,3,0,0,0,1,9,1,1,0,1,1,1,1,16,4,1,0,1,0,2,1,0,7,2,5,3,9
2018.0,-389.0,0.0,0.0,3,4,4,0,0,0,0,2,1,1,0,0,1,1,1,17,4,1,0,1,0,1,1,0,6,2,5,0,9
2018.0,50.0,0.0,0.0,3,6,3,0,0,0,1,1,1,1,0,0,1,1,1,17,4,1,0,1,0,1,1,0,4,7,5,8,3
2018.0,-305.0,1.0,0.0,3,4,4,0,0,0,0,5,1,1,0,1,2,1,1,17,4,1,0,1,0,1,0,0,0,9,5,9,3
2018.0,200.0,0.0,0.0,3,6,0,0,0,0,1,5,1,1,0,0,5,1,1,17,4,1,0,1,0,1,1,0,6,7,5,8,3
2018.0,800.0,0.0,0.0,3,6,0,0,0,0,1,2,1,1,0,0,2,1,1,18,4,1,0,1,0,1,1,0,6,7,5,8,3
2018.0,-50.0,1.0,0.0,2,4,0,0,0,0,0,2,1,1,3,0,2,1,1,20,4,1,0,0,0,2,2,0,7,2,5,7,9
2018.0,-50.0,2.0,0.0,3,6,0,0,0,0,1,2,1,1,0,1,2,1,1,20,4,1,0,0,0,2,1,0,7,7,5,8,3
2018.0,0.0,1.0,0.0,3,4,0,0,0,0,0,9,0,1,0,0,1,1,1,1,5,1,1,0,0,1,1,0,7,2,5,3,9
2018.0,0.0,0.0,0.0,3,4,3,0,0,0,0,2,1,1,0,1,5,1,1,11,5,1,1,0,0,1,1,0,7,4,5,3,9
2018.0,-25.0,0.0,0.0,3,6,3,0,0,0,1,2,1,1,0,0,2,1,1,15,5,1,1,0,0,2,1,0,7,7,5,8,3
2018.0,-10.0,0.0,0.0,3,6,3,0,0,0,0,1,1,1,0,0,1,1,1,16,5,1,1,1,0,1,1,0,4,8,5,8,3
2018.0,350.0,3.0,0.0,3,4,3,0,0,0,0,3,1,1,0,1,5,1,1,16,5,1,1,1,0,2,1,0,6,2,5,3,9
2018.0,0.0,2.0,0.0,2,4,0,0,0,0,1,5,1,1,0,0,2,1,1,20,5,1,1,0,0,1,1,0,7,5,5,3,9
2018.0,0.0,2.0,0.0,2,4,0,0,0,0,0,2,1,1,0,1,5,1,1,23,5,1,1,0,0,2,2,0,7,2,5,3,9
2018.0,0.0,0.0,0.0,3,4,5,4,0,0,0,7,1,1,0,1,2,1,1,13,6,1,1,0,0,2,0,0,7,4,5,3,9
2018.0,-10.0,0.0,0.0,3,6,3,0,0,0,2,2,1,1,0,1,2,1,1,16,6,1,1,1,0,0,2,0,4,5,5,8,3
2018.0,20.0,1.0,0.0,3,3,3,0,0,3,0,2,1,1,0,0,9,1,1,17,6,1,1,1,0,2,1,0,7,5,5,3,7
2018.0,0.0,0.0,0.0,3,4,4,0,0,0,0,1,1,1,0,0,9,1,1,18,6,1,1,1,0,1,2,0,4,5,5,3,9
2018.0,-24.0,0.0,0.0,3,6,0,0,0,0,1,5,1,1,1,1,5,1,1,1,0,1,0,0,0,1,1,0,4,7,5,6,3
2018.0,75.0,1.0,0.0,3,6,3,0,0,0,0,9,1,1,0,0,9,1,1,8,0,1,0,1,0,1,1,0,4,7,5,8,3
2018.0,115.0,0.0,0.0,3,6,3,0,0,0,0,5,1,1,0,1,5,1,1,11,0,1,0,0,0,1,1,0,4,7,5,8,3
2018.0,0.0,0.0,0.0,3,1,3,0,0,0,1,2,1,1,0,1,1,1,1,11,0,1,0,0,0,1,2,0,4,2,5,3,9
2018.0,75.0,0.0,0.0,3,6,3,0,0,0,0,5,1,1,0,1,5,1,1,12,0,1,0,0,0,1,1,0,6,7,5,8,3
2018.0,0.0,0.0,0.0,3,4,3,0,0,0,0,5,1,1,0,1,2,1,1,14,0,1,0,0,0,2,1,0,4,2,5,3,9
2018.0,50.0,0.0,0.0,3,6,3,0,0,0,1,9,1,1,0,1,9,1,1,14,0,1,0,0,0,2,1,0,4,7,5,8,3
2018.0,0.0,1.0,0.0,2,4,3,0,0,0,1,9,1,1,0,1,9,1,1,14,0,1,0,0,0,1,2,0,4,2,5,3,9
2018.0,-170.0,0.0,0.0,3,6,3,0,0,0,2,9,1,1,0,1,9,1,1,15,0,1,0,0,0,0,1,0,6,7,5,8,3
2018.0,-20.0,1.0,0.0,2,4,3,0,0,2,0,1,1,1,0,1,9,1,1,16,0,1,0,1,0,2,2,0,4,2,5,9,3
2018.0,0.0,1.0,0.0,2,5,3,0,0,0,2,1,1,1,2,1,1,1,1,16,0,1,0,1,0,0,2,0,4,2,5,3,9
2018.0,515.0,0.0,0.0,3,4,3,0,0,0,1,1,1,1,0,0,5,1,1,17,0,1,0,1,0,2,1,0,6,2,9,3,9
2018.0,0.0,0.0,0.0,3,1,4,0,0,0,1,5,1,1,0,1,2,1,1,18,0,1,0,1,0,1,1,0,6,2,5,3,9
2018.0,0.0,0.0,0.0,3,4,0,0,0,0,0,9,1,1,0,0,1,1,1,18,0,1,0,1,0,1,2,0,2,2,5,3,9
2018.0,0.0,1.0,0.0,2,4,0,0,0,0,1,1,1,1,0,0,9,1,1,18,0,1,0,1,0,1,2,0,7,2,5,3,9
2018.0,-215.0,5.0,0.0,3,6,0,0,0,0,0,1,1,1,0,1,1,1,1,18,0,1,0,1,0,1,1,0,4,7,5,8,8
2018.0,-53.0,0.0,0.0,3,6,4,4,0,0,1,1,1,1,0,0,1,1,1,18,0,1,0,1,0,2,1,0,7,7,5,8,3
2018.0,0.0,0.0,0.0,3,4,0,0,0,0,1,3,1,1,0,1,9,1,1,19,0,1,0,1,0,1,2,0,2,2,5,3,9
2018.0,322.0,0.0,0.0,3,6,0,0,0,0,0,5,1,1,0,1,5,1,1,20,0,1,0,0,0,1,2,0,6,7,5,8,3
2018.0,1000.0,1.0,0.0,2,6,0,0,0,0,0,1,1,1,0,1,1,1,1,21,0,1,0,0,0,2,0,0,6,7,5,8,3
2018.0,-30.0,0.0,0.0,3,6,0,0,0,0,1,2,1,0,0,1,2,1,1,23,0,1,0,0,0,1,2,0,4,7,5,8,3
2018.0,75.0,0.0,0.0,3,10,3,0,0,0,1,5,1,1,0,1,5,1,1,7,1,1,0,1,0,1,1,0,6,9,5,3,2
2018.0,111.0,0.0,0.0,3,10,3,0,0,0,0,1,1,1,0,1,1,1,1,8,1,1,0,1,0,1,1,0,4,9,5,9,9
2018.0,0.0,4.0,0.0,2,4,3,0,0,0,1,9,1,1,0,1,1,1,1,11,1,1,0,0,0,1,1,0,4,2,5,9,3
2018.0,-617.0,1.0,0.0,2,1,3,0,0,0,1,2,1,1,0,1,1,1,1,14,1,1,0,0,0,1,1,0,6,2,5,3,3
2018.0,-78.0,0.0,0.0,3,6,3,0,0,0,1,2,1,1,0,1,2,1,1,15,1,1,0,0,0,2,2,0,4,7,5,8,3
2018.0,-455.0,0.0,0.0,3,4,3,0,0,0,1,9,1,1,0,1,1,1,1,16,1,1,0,1,0,1,0,0,6,2,5,3,9
2018.0,117.0,0.0,0.0,3,5,3,0,0,0,1,2,1,1,0,0,5,1,1,16,1,1,0,1,0,1,1,0,6,5,5,3,1
2018.0,-218.0,0.0,0.0,3,4,3,0,0,0,1,5,1,1,0,0,2,1,1,17,1,1,0,1,0,1,2,0,6,2,5,3,9
2018.0,20.0,0.0,0.0,3,6,0,0,0,0,2,5,1,1,0,0,5,1,1,18,1,1,0,1,0,0,1,0,7,7,5,8,3
2018.0,200.0,0.0,0.0,3,10,0,0,0,0,1,5,1,1,0,0,5,1,1,18,1,1,0,1,0,2,2,0,6,9,5,3,2
2018.0,-440.0,0.0,0.0,3,6,0,0,0,0,0,2,1,1,0,1,2,1,1,21,1,1,0,0,0,2,2,0,6,7,5,8,3
2018.0,0.0,0.0,0.0,3,4,0,0,0,0,1,9,0,0,0,1,9,1,1,23,1,1,0,0,0,1,2,0,4,2,5,3,9
2018.0,0.0,0.0,0.0,3,4,0,0,0,0,0,5,1,1,0,1,5,1,1,4,2,1,0,0,0,1,1,0,4,2,5,9,9
2018.0,120.0,0.0,0.0,3,6,3,0,0,0,1,9,1,1,0,1,9,1,1,7,2,1,0,1,0,2,1,0,4,8,5,8,3
2018.0,330.0,0.0,0.0,3,6,3,0,0,0,1,9,1,1,0,0,9,1,1,7,2,1,0,1,0,0,1,0,6,7,5,8,3
2018.0,300.0,4.0,0.0,3,6,3,0,0,0,1,2,1,1,0,1,2,1,1,8,2,1,0,1,0,1,2,0,6,7,5,8,3
2018.0,0.0,0.0,0.0,3,6,3,0,0,0,1,9,1,1,0,1,9,1,1,8,2,1,0,1,0,1,1,0,4,7,5,8,3
2018.0,-139.0,0.0,0.0,3,10,3,0,0,0,0,5,1,1,0,1,5,1,1,8,2,1,0,1,0,0,1,0,6,9,5,8,2
2018.0,-70.0,0.0,0.0,3,6,3,0,0,0,0,2,1,1,0,1,2,1,1,9,2,1,0,1,0,2,1,0,4,7,5,8,3
2018.0,164.0,0.0,0.0,3,6,3,0,0,0,0,2,1,1,0,0,2,1,1,9,2,1,0,1,0,1,1,0,6,7,5,8,3
2018.0,-56.0,1.0,0.0,2,1,3,0,0,2,1,9,1,1,0,1,2,1,1,10,2,1,0,0,0,0,1,0,4,2,5,9,7
2018.0,159.0,2.0,0.0,2,10,3,0,0,0,1,2,1,1,0,1,2,1,1,12,2,1,0,0,0,1,1,0,4,9,5,3,2
2018.0,-194.0,3.0,0.0,2,6,3,0,0,0,1,2,1,1,0,1,2,1,1,14,2,1,0,0,0,1,0,0,6,7,5,3,3
2018.0,-127.0,0.0,0.0,3,10,3,0,0,0,0,2,1,1,0,0,2,1,1,16,2,1,0,1,0,1,1,0,4,4,5,3,2
2018.0,0.0,1.0,0.0,2,1,3,0,0,0,1,5,1,1,0,1,1,1,1,17,2,1,0,1,0,1,1,0,4,2,5,3,3
2018.0,0.0,1.0,0.0,3,1,0,0,0,0,0,9,1,1,0,1,5,1,1,19,2,1,0,1,0,2,1,0,7,2,5,3,3
2018.0,30.0,0.0,0.0,3,1,0,0,0,0,0,9,1,1,0,1,1,1,1,20,2,1,0,0,0,2,2,0,6,2,5,3,5
2018.0,0.0,2.0,0.0,2,4,3,0,0,0,0,5,1,1,0,0,2,1,1,7,3,2,0,1,0,1,1,0,4,2,5,3,9
2018.0,52.0,0.0,0.0,3,6,3,0,0,0,1,9,1,1,0,1,9,1,1,8,3,2,0,1,0,2,1,0,4,7,5,8,3
2018.0,150.0,0.0,0.0,3,6,3,0,0,0,0,9,1,1,0,0,9,1,1,8,3,2,0,1,0,1,1,0,6,7,5,8,3
2018.0,0.0,0.0,0.0,3,10,3,0,0,0,0,9,1,1,0,1,9,1,1,11,3,2,0,0,0,2,2,0,4,4,5,9,9
2018.0,-159.0,1.0,0.0,2,4,3,0,0,0,1,2,1,1,0,1,1,1,1,12,3,2,0,0,0,2,1,0,6,2,5,3,9
2018.0,385.0,0.0,0.0,3,1,3,0,0,0,0,2,1,1,0,1,1,1,1,13,3,2,0,0,0,2,1,0,0,2,5,3,9
2018.0,-130.0,0.0,0.0,3,1,3,0,0,0,1,1,1,1,0,0,5,1,1,13,3,2,0,0,0,2,1,0,6,2,5,3,9
2018.0,0.0,3.0,0.0,2,4,3,0,0,0,0,5,1,1,0,0,2,1,1,14,3,2,0,0,0,0,2,0,4,2,5,3,9
2018.0,-245.0,0.0,0.0,3,6,3,0,0,0,1,5,1,1,0,0,5,1,1,15,3,2,0,0,0,2,2,0,6,7,5,8,3
2018.0,0.0,2.0,0.0,2,1,3,0,0,0,0,1,1,1,0,0,2,1,1,15,3,2,0,0,0,1,2,0,4,2,5,3,3
2018.0,204.0,0.0,0.0,3,6,3,0,0,0,1,9,1,1,0,1,9,1,1,16,3,2,0,1,0,1,2,0,6,7,5,8,3
2018.0,422.0,0.0,0.0,3,1,3,0,0,0,1,2,1,1,0,1,5,1,1,16,3,2,0,1,0,1,0,0,6,2,5,9,9
2018.0,0.0,3.0,0.0,2,1,3,0,0,0,1,1,1,1,0,1,5,1,1,16,3,2,0,1,0,1,1,0,4,2,5,3,3
2018.0,-70.0,0.0,0.0,3,6,3,0,0,0,1,9,1,1,0,0,9,1,1,16,3,2,0,1,0,2,1,0,4,7,5,8,3
2018.0,0.0,1.0,0.0,3,4,0,0,0,0,0,2,1,1,0,1,5,1,1,19,3,2,0,1,0,2,1,0,7,5,5,9,3
2018.0,-5.0,0.0,0.0,3,5,0,0,0,0,2,5,1,1,2,0,9,1,1,19,3,2,0,1,0,0,2,0,7,5,5,7,5
2018.0,100.0,0.0,0.0,3,10,0,0,0,0,1,1,1,1,0,1,1,1,1,19,3,2,0,1,0,1,1,0,6,9,5,3,2
2018.0,-10.0,0.0,0.0,3,6,0,0,0,0,0,1,1,1,0,1,1,1,1,20,3,2,0,0,0,2,1,0,7,7,5,8,3
2018.0,250.0,0.0,0.0,3,6,3,0,0,0,1,1,1,1,0,0,1,1,1,7,4,2,0,1,0,2,2,0,6,8,5,8,3
2018.0,800.0,0.0,0.0,3,6,3,0,0,0,0,5,1,1,0,0,5,1,1,7,4,2,0,1,0,2,2,0,6,8,5,8,3
2018.0,254.0,1.0,0.0,2,1,3,0,0,0,1,5,1,1,0,0,9,1,1,13,4,2,0,0,0,1,1,0,0,2,5,3,9
2018.0,50.0,0.0,0.0,3,6,3,0,0,0,0,9,1,1,0,1,9,1,1,14,4,2,0,0,0,0,0,0,2,7,5,8,3
2018.0,-453.0,2.0,0.0,3,1,3,0,0,0,0,5,1,1,0,0,9,1,1,15,4,2,0,0,0,1,2,0,6,2,5,3,9
2018.0,0.0,2.0,0.0,2,4,3,0,0,0,1,1,1,1,0,1,9,1,1,16,4,2,0,1,0,1,1,0,4,2,5,3,9
2018.0,133.0,0.0,0.0,3,9,3,0,0,0,2,4,1,1,0,0,5,1,1,16,4,2,0,1,0,0,2,0,4,7,5,8,9
2018.0,0.0,0.0,0.0,3,4,3,4,3,0,0,9,1,1,0,1,1,1,1,17,4,2,0,1,0,2,1,0,4,2,5,3,9
2018.0,0.0,0.0,0.0,3,4,4,0,0,0,0,7,1,1,0,1,1,1,1,17,4,2,0,1,0,2,1,0,7,2,5,3,9