Year,Distance,Totalinjuries,Totalfatalities,Injuryseverity,Collisionmanner,Lightcondition,Weather,SurfaceCondition,Unittype_One,Gender_Drv1,Traveldirection_One,AlcoholUse_Drv1,DrugUse_Drv1,Unittype_Two,Gender_Drv2,Traveldirection_Two,AlcoholUse_Drv2,DrugUse_Drv2,Hour,Weekday,Month,Weekend,Rush_Hour,Hazardous_Road,Age_Group_Drv1,Age_Group_Drv2,Substance_Use,Junction_Category,Violation_Category_Drv1,Violation_Category_Drv2,Unitaction_Category_Two,Unitaction_Category_One
2018.0,15.0,1.0,0.0,2,1,0,0,0,0,1,5,1,1,3,1,1,1,1,23,4,2,0,0,0,1,1,0,4,5,5,5,3
2018.0,0.0,0.0,0.0,3,10,3,0,0,0,0,4,1,1,0,1,4,1,1,13,5,2,1,0,0,1,1,0,6,4,5,9,9
2018.0,-250.0,0.0,0.0,3,4,3,0,0,0,1,6,1,1,0,1,2,1,1,13,5,2,1,0,0,2,1,0,6,5,5,3,9
2018.0,30.0,0.0,0.0,3,3,3,0,0,0,0,1,1,1,0,1,9,1,1,15,5,2,1,0,0,1,1,0,4,7,5,8,8
2018.0,-275.0,0.0,0.0,3,4,0,0,0,0,0,3,1,1,0,1,5,1,1,20,5,2,1,0,0,2,1,0,6,2,5,3,9
2018.0,-80.0,1.0,0.0,2,6,0,0,0,0,1,1,1,1,0,1,1,1,1,22,5,2,1,0,0,1,2,0,6,7,5,8,3
2018.0,-100.0,1.0,0.0,2,6,0,0,0,0,1,1,1,1,0,0,1,0,1,2,6,2,1,0,0,2,2,0,7,7,5,8,3
2018.0,0.0,3.0,0.0,1,1,0,0,0,0,1,5,0,0,0,0,1,0,1,6,6,2,1,0,0,2,1,0,4,7,5,3,3
2018.0,20.0,0.0,0.0,3,6,3,0,0,0,1,5,1,1,0,1,5,1,1,10,6,2,1,0,0,1,1,0,7,7,5,8,3
2018.0,0.0,0.0,0.0,3,3,3,0,0,0,2,8,1,1,0,1,5,1,1,10,6,2,1,0,0,0,0,0,7,5,5,3,5
2018.0,50.0,0.0,0.0,3,6,0,0,0,0,0,5,1,1,0,0,5,1,1,18,6,2,1,1,0,1,1,0,4,7,5,8,3
2018.0,100.0,0.0,0.0,3,6,0,0,0,0,0,9,1,1,0,1,9,1,1,19,6,2,1,1,0,2,1,0,7,7,5,8,3
2018.0,0.0,1.0,0.0,2,4,0,0,0,0,0,2,1,1,0,1,6,1,1,20,6,2,1,0,0,1,1,0,2,5,5,9,3
2018.0,-125.0,1.0,0.0,2,6,3,0,0,0,1,2,1,1,0,0,2,1,1,7,0,2,0,1,0,1,1,0,4,7,5,8,3
2018.0,0.0,0.0,0.0,3,10,3,0,0,0,1,9,1,1,0,0,9,1,1,7,0,2,0,1,0,1,1,0,4,9,5,3,2
2018.0,130.0,0.0,0.0,3,10,3,0,0,0,1,2,1,1,0,0,2,1,1,7,0,2,0,1,0,0,1,0,6,9,5,3,2
2018.0,62.0,0.0,0.0,3,6,3,0,0,0,0,9,1,1,0,0,9,1,1,7,0,2,0,1,0,2,1,0,4,7,5,3,3
2018.0,-50.0,0.0,0.0,3,6,3,0,0,0,0,1,1,1,0,1,1,1,1,7,0,2,0,1,0,1,0,0,6,7,5,8,3
2018.0,120.0,0.0,0.0,3,6,3,0,0,0,0,5,1,1,0,0,5,1,1,8,0,2,0,1,0,1,0,0,4,5,5,3,8
2018.0,50.0,0.0,0.0,3,1,3,0,0,0,1,9,1,1,0,1,2,1,1,9,0,2,0,1,0,2,1,0,6,2,5,3,9
2018.0,-51.0,0.0,0.0,3,6,3,0,0,0,1,1,1,1,0,1,1,1,1,13,0,2,0,0,0,2,2,0,7,7,5,8,3
2018.0,340.0,0.0,0.0,3,3,3,0,0,0,0,5,1,1,0,1,2,1,1,14,0,2,0,0,0,2,1,0,6,2,2,9,9
2018.0,-29.0,0.0,0.0,3,6,3,0,0,0,1,5,1,1,0,1,5,1,1,14,0,2,0,0,0,1,2,0,7,7,5,8,8
2018.0,-324.0,1.0,0.0,3,10,3,0,0,0,1,1,1,1,0,1,1,1,1,14,0,2,0,0,0,1,1,0,6,9,5,3,2
2018.0,-400.0,1.0,0.0,3,6,3,0,0,0,1,1,1,1,0,0,1,1,1,14,0,2,0,0,0,2,1,0,6,7,5,8,3
2018.0,-219.0,1.0,0.0,3,6,3,0,0,0,0,1,1,1,0,0,1,1,1,15,0,2,0,0,0,1,1,0,6,5,5,8,3
2018.0,150.0,0.0,0.0,3,6,3,0,0,0,1,5,1,1,0,1,5,1,1,15,0,2,0,0,0,1,1,0,6,7,5,3,2
2018.0,-252.0,0.0,0.0,3,10,3,0,0,0,1,5,1,1,0,1,5,1,1,15,0,2,0,0,0,1,1,0,6,9,5,3,2
2018.0,-100.0,0.0,0.0,3,1,3,0,0,0,1,9,1,1,0,0,5,1,1,15,0,2,0,0,0,2,1,0,6,2,5,3,5
2018.0,-120.0,2.0,0.0,3,4,3,0,3,0,1,4,1,1,0,0,1,1,1,16,0,2,0,1,0,2,1,0,0,2,5,3,9
2018.0,100.0,0.0,0.0,3,6,3,0,0,0,0,5,1,1,0,1,5,1,1,17,0,2,0,1,0,2,1,0,4,7,5,8,3
2018.0,-40.0,0.0,0.0,3,10,4,0,0,0,1,2,1,1,0,0,2,1,1,18,0,2,0,1,0,1,2,0,4,9,5,3,9
2018.0,0.0,0.0,0.0,3,4,0,0,0,0,1,1,1,1,0,0,9,1,1,18,0,2,0,1,0,2,0,0,4,2,5,3,9
2018.0,0.0,2.0,0.0,2,1,4,0,0,0,1,1,1,1,0,1,5,1,1,18,0,2,0,1,0,1,0,0,7,2,5,3,9
2018.0,135.0,0.0,0.0,3,6,0,0,0,0,1,5,0,1,0,1,5,1,1,18,0,2,0,1,0,1,1,0,4,7,5,8,3
2018.0,115.0,0.0,0.0,3,10,0,0,0,0,1,1,0,1,0,1,1,1,1,21,0,2,0,0,0,1,1,0,6,9,5,3,2
2018.0,0.0,1.0,0.0,2,4,3,0,0,0,1,1,1,1,0,0,9,1,1,7,1,2,0,1,0,2,1,0,4,2,5,3,9
2018.0,-80.0,0.0,0.0,3,6,3,0,0,0,1,2,1,1,0,1,2,1,1,8,1,2,0,1,0,1,0,0,4,7,5,8,2
2018.0,200.0,0.0,0.0,3,6,3,0,0,0,0,9,1,1,0,1,9,1,1,8,1,2,0,1,0,2,2,0,6,7,5,8,3
2018.0,0.0,1.0,0.0,2,1,3,0,0,0,1,1,1,1,0,1,5,1,1,9,1,2,0,1,0,0,2,0,4,2,5,3,3
2018.0,171.0,0.0,0.0,3,1,3,0,0,2,1,5,1,1,0,1,9,1,1,11,1,2,0,0,0,2,2,0,6,5,5,9,3
2018.0,234.0,1.0,0.0,2,10,3,0,0,0,1,9,1,1,0,0,9,1,1,14,1,2,0,0,0,1,0,0,4,5,5,5,5
2018.0,-550.0,0.0,0.0,3,6,3,0,0,0,0,9,1,1,0,1,9,1,1,15,1,2,0,0,0,2,1,0,6,7,5,8,3
2018.0,75.0,1.0,0.0,2,6,3,0,0,0,1,9,1,1,0,0,9,1,1,15,1,2,0,0,0,1,0,0,4,7,5,8,3
2018.0,144.0,0.0,0.0,3,6,3,0,0,0,1,5,1,1,0,1,5,1,1,15,1,2,0,0,0,1,2,0,4,7,5,8,3
2018.0,-83.0,0.0,0.0,3,6,3,0,0,0,1,5,1,1,0,1,5,1,1,16,1,2,0,1,0,2,1,0,4,7,5,8,3
2018.0,291.0,0.0,0.0,3,6,3,0,0,0,1,9,1,1,0,1,9,1,1,17,1,2,0,1,0,1,1,0,4,7,5,8,3
2018.0,85.0,0.0,0.0,3,10,3,0,0,0,1,5,1,1,0,0,5,1,1,17,1,2,0,1,0,1,1,0,4,9,5,8,2
2018.0,-200.0,0.0,0.0,3,6,0,0,0,0,1,1,1,1,0,1,1,1,1,19,1,2,0,1,0,1,2,0,6,7,5,8,3
2018.0,-125.0,0.0,0.0,3,6,3,0,0,0,1,2,1,1,0,0,2,1,1,6,2,2,0,0,0,1,2,0,4,7,5,8,3
2018.0,-125.0,1.0,0.0,3,6,3,0,0,0,0,2,1,1,0,0,2,1,1,9,2,2,0,1,0,2,2,0,4,7,5,8,3
2018.0,0.0,0.0,0.0,3,10,3,0,0,0,1,6,1,1,0,1,6,1,1,9,2,2,0,1,0,1,1,0,4,9,5,9,9
2018.0,-270.0,1.0,0.0,2,6,3,0,0,0,1,2,1,1,0,1,2,1,1,13,2,2,0,0,0,1,1,0,6,7,5,8,3
2018.0,-43.0,1.0,0.0,1,1,3,0,0,2,0,9,1,1,0,0,2,1,1,14,2,2,0,0,0,1,1,0,4,4,5,9,7
2018.0,0.0,0.0,0.0,3,4,3,0,0,0,1,2,1,1,0,1,9,1,1,14,2,2,0,0,0,2,1,0,4,2,5,3,9
2018.0,0.0,0.0,0.0,3,4,3,0,0,0,0,9,1,1,0,1,5,1,1,14,2,2,0,0,0,1,1,0,4,2,5,9,3
2018.0,28.0,1.0,0.0,2,1,3,0,0,2,1,5,1,1,0,1,9,1,1,15,2,2,0,0,0,1,1,0,4,2,5,9,3
2018.0,0.0,1.0,0.0,3,6,3,0,0,0,1,1,1,1,0,0,1,1,1,16,2,2,0,1,0,1,1,0,4,7,5,8,3
2018.0,148.0,2.0,0.0,2,6,3,0,0,0,0,5,1,1,0,1,5,1,1,17,2,2,0,1,0,1,1,0,4,7,5,8,3
2018.0,0.0,2.0,0.0,2,4,3,0,0,0,1,2,1,1,0,1,5,1,1,17,2,2,0,1,0,2,1,0,4,2,5,3,9
2018.0,-48.0,0.0,0.0,3,4,3,0,0,0,1,2,1,1,0,0,9,1,1,17,2,2,0,1,0,1,1,0,4,2,5,3,9
2018.0,0.0,1.0,0.0,3,4,3,0,0,0,1,9,1,1,0,0,1,1,1,17,2,2,0,1,0,1,0,0,4,2,5,3,9
2018.0,100.0,0.0,0.0,3,10,3,0,0,0,0,1,1,1,0,1,1,1,1,17,2,2,0,1,0,1,1,0,6,4,5,3,9
2018.0,-662.0,3.0,0.0,2,6,0,0,0,0,0,2,1,1,0,1,2,1,1,18,2,2,0,1,0,1,0,0,6,7,5,3,3
2018.0,300.0,0.0,0.0,3,6,0,0,0,0,1,2,1,1,0,0,2,1,1,18,2,2,0,1,0,0,1,0,6,7,5,8,3
2018.0,-150.0,0.0,0.0,3,6,0,0,0,0,0,1,1,1,0,0,1,1,1,21,2,2,0,0,0,1,1,0,4,7,5,8,3
2018.0,-130.0,0.0,0.0,3,6,0,0,0,0,1,1,1,1,0,1,1,1,1,5,3,2,0,0,0,2,1,0,4,7,5,8,3
2018.0,0.0,0.0,0.0,3,6,3,0,0,0,0,5,1,1,0,0,5,1,1,7,3,2,0,1,0,1,2,0,4,7,5,9,3
2018.0,690.0,0.0,0.0,3,6,3,0,0,0,0,9,1,1,0,1,9,1,1,7,3,2,0,1,0,1,1,0,6,7,5,8,3
2018.0,0.0,0.0,0.0,3,1,3,0,0,0,0,1,1,1,0,0,2,1,1,8,3,2,0,1,0,1,1,0,4,2,5,3,3
2018.0,200.0,0.0,0.0,3,4,3,0,0,0,1,1,1,1,0,0,5,1,1,8,3,2,0,1,0,2,0,0,6,2,5,3,9
2018.0,-102.0,0.0,0.0,3,6,3,0,0,0,1,2,1,1,0,0,2,1,1,9,3,2,0,1,0,2,1,0,4,7,5,8,3
2018.0,0.0,0.0,0.0,3,4,3,0,0,0,0,5,1,1,0,0,2,1,1,9,3,2,0,1,0,2,1,0,4,2,5,3,9
2018.0,416.0,0.0,0.0,3,10,3,0,0,0,0,9,1,1,0,0,9,1,1,11,3,2,0,0,0,0,1,0,6,5,5,5,5
2018.0,30.0,0.0,0.0,3,6,3,0,0,0,0,5,1,1,0,0,5,1,1,13,3,2,0,0,0,2,1,0,4,7,5,8,3
2018.0,50.0,0.0,0.0,3,10,3,0,0,0,1,9,1,1,0,1,9,1,1,14,3,2,0,0,0,1,1,0,7,9,9,2,2
2018.0,587.0,0.0,0.0,3,6,3,0,0,0,1,1,1,1,0,1,1,1,1,15,3,2,0,0,0,1,2,0,6,7,5,8,8
2018.0,0.0,1.0,0.0,2,4,3,0,0,0,0,1,1,1,0,0,9,1,1,15,3,2,0,0,0,1,1,0,4,2,5,3,9
2018.0,658.0,0.0,0.0,3,1,3,1,0,0,2,5,1,1,0,1,9,1,1,16,3,2,0,1,0,0,2,0,6,2,5,3,9
2018.0,-150.0,0.0,0.0,3,6,3,0,0,0,1,1,1,1,0,1,1,1,1,16,3,2,0,1,0,2,2,0,4,7,5,8,2
2018.0,111.0,1.0,0.0,2,6,3,0,0,0,1,9,1,1,0,1,9,1,1,16,3,2,0,1,0,2,2,0,4,7,5,8,3
2018.0,40.0,0.0,0.0,3,8,3,0,0,0,1,1,1,1,0,1,9,1,1,16,3,2,0,1,0,2,2,0,4,7,5,8,1
2018.0,0.0,0.0,0.0,3,4,3,0,0,0,0,1,1,1,0,0,5,1,1,16,3,2,0,1,0,1,2,0,7,2,5,5,5
2018.0,-60.0,0.0,0.0,3,10,3,0,0,0,1,2,1,1,0,1,2,1,1,16,3,2,0,1,0,1,1,0,7,9,9,2,2
2018.0,0.0,1.0,0.0,2,1,3,0,0,0,1,2,1,1,0,1,1,1,1,17,3,2,0,1,0,1,1,0,4,2,5,3,9
2018.0,50.0,0.0,0.0,3,6,3,0,0,0,1,9,1,1,0,1,9,1,1,17,3,2,0,1,0,2,0,0,2,7,5,8,3
2018.0,-50.0,0.0,0.0,3,6,0,0,0,0,1,2,1,1,0,1,2,1,1,18,3,2,0,1,0,2,0,0,7,7,5,3,3
2018.0,0.0,0.0,0.0,3,5,0,0,0,0,1,5,1,1,0,1,1,1,1,1,4,2,0,0,0,1,2,0,4,2,5,3,3
2018.0,0.0,2.0,0.0,2,1,3,0,0,0,1,2,1,1,0,1,9,1,1,7,4,2,0,1,0,1,1,0,7,2,7,3,9
2018.0,0.0,2.0,0.0,2,1,3,0,0,0,0,1,1,1,0,1,5,1,1,8,4,2,0,1,0,1,1,0,7,2,5,3,3
2018.0,0.0,0.0,0.0,3,1,3,0,0,0,0,5,1,1,0,0,1,1,1,9,4,2,0,1,0,1,2,0,4,2,5,9,3
2018.0,-225.0,0.0,0.0,3,4,3,0,0,0,1,1,1,1,0,1,5,1,1,14,4,2,0,0,0,2,2,0,6,2,5,3,9
2018.0,-972.0,0.0,0.0,3,10,3,0,0,0,0,9,1,1,0,0,9,1,1,14,4,2,0,0,0,1,1,0,6,9,5,3,2
2018.0,79.0,0.0,0.0,3,10,3,0,0,0,0,5,1,1,0,0,5,1,1,15,4,2,0,0,0,2,1,0,4,9,5,3,2
2018.0,0.0,1.0,0.0,3,4,3,0,0,0,0,2,1,1,0,1,5,1,1,15,4,2,0,0,0,2,2,0,4,2,5,3,9
2018.0,420.0,0.0,0.0,3,6,3,0,0,0,1,5,1,1,0,1,5,1,1,16,4,2,0,1,0,1,1,0,6,7,5,8,3
2018.0,166.0,3.0,0.0,2,6,3,0,0,0,1,5,1,1,0,0,5,1,1,17,4,2,0,1,0,1,1,0,6,7,5,8,3
2018.0,250.0,0.0,0.0,3,1,0,0,0,0,1,9,1,1,0,0,5,1,1,18,4,2,0,1,0,2,1,0,6,2,5,9,9
2018.0,1000.0,0.0,0.0,3,6,0,0,0,0,1,9,1,1,0,0,9,1,1,18,4,2,0,1,0,1,2,0,6,7,5,8,3
2018.0,200.0,0.0,0.0,3,12,0,0,3,0,2,8,1,1,1,1,8,1,1,23,4,2,0,0,0,0,1,0,6,5,5,6,5
2018.0,-50.0,0.0,0.0,3,6,0,0,0,0,2,1,1,1,0,0,1,1,1,23,4,2,0,0,0,0,2,0,7,7,5,8,3
2018.0,-242.0,0.0,0.0,3,9,1,0,0,0,2,2,1,1,1,1,5,1,1,2,5,2,1,0,0,0,1,0,6,5,5,6,3
2018.0,7.0,0.0,0.0,3,6,3,0,0,0,0,9,1,1,0,0,9,1,1,8,5,2,1,1,0,1,2,0,6,7,5,3,3
2018.0,0.0,0.0,0.0,3,4,3,0,0,0,1,4,1,1,0,0,5,1,1,14,5,2,1,0,0,2,1,0,4,4,5,3,9
2018.0,-475.0,0.0,0.0,3,10,3,0,0,0,1,1,1,1,0,0,1,1,1,14,5,2,1,0,0,0,2,0,6,4,5,3,9
2018.0,0.0,0.0,0.0,3,12,3,0,0,0,1,9,1,1,0,0,5,1,1,14,5,2,1,0,0,2,1,0,7,5,5,3,3
2018.0,0.2,0.0,0.0,3,6,3,0,0,0,0,1,1,1,0,1,1,1,1,15,5,2,1,0,0,1,1,0,6,5,7,3,8
2018.0,0.0,1.0,0.0,2,3,3,0,0,0,0,9,1,1,0,0,5,1,1,16,5,2,1,1,0,2,2,0,7,2,5,3,9
2018.0,-125.0,0.0,0.0,3,10,4,0,0,0,2,9,1,1,0,0,9,1,1,18,5,2,1,1,0,0,1,0,6,9,5,3,2
2018.0,-80.0,0.0,0.0,3,6,0,0,0,0,1,1,1,1,0,1,1,1,1,19,5,2,1,1,0,1,1,0,7,5,5,8,1
2018.0,120.0,0.0,0.0,3,6,0,0,0,0,1,9,1,1,0,1,9,1,1,19,5,2,1,1,0,1,1,0,7,7,5,8,3
2018.0,0.0,1.0,0.0,3,4,0,0,0,0,0,1,1,1,0,0,9,1,1,19,5,2,1,1,0,2,0,0,7,2,5,3,9
2018.0,65.0,0.0,0.0,3,6,3,0,0,0,0,1,1,1,0,1,1,1,1,15,6,2,1,0,0,0,1,0,2,8,5,3,3
2018.0,-12.0,1.0,0.0,3,6,3,0,0,0,1,2,1,1,0,1,2,1,1,17,6,2,1,1,0,2,2,0,7,7,5,8,3
2018.0,420.0,1.0,0.0,3,4,0,0,0,0,1,1,1,1,0,0,2,1,1,18,6,2,1,1,0,1,1,0,6,4,5,3,9
2018.0,0.0,0.0,0.0,3,4,0,0,0,0,1,2,1,1,0,1,6,1,1,19,6,2,1,1,0,2,1,0,2,5,5,9,3
2018.0,20.0,0.0,0.0,3,6,0,1,0,0,1,3,1,1,0,1,3,1,1,5,0,2,0,0,0,1,0,0,3,8,5,9,9
2018.0,300.0,0.0,0.0,3,6,3,0,0,0,0,9,1,1,0,1,9,1,1,7,0,2,0,1,0,1,1,0,6,7,5,8,3
2018.0,0.0,1.0,0.0,3,1,3,0,0,0,0,2,1,1,0,1,1,1,1,9,0,2,0,1,0,1,1,0,2,2,5,3,3
2018.0,0.0,0.0,0.0,3,4,3,0,0,0,1,5,1,1,0,1,9,1,1,13,0,2,0,0,0,1,1,0,4,2,5,3,9
2018.0,107.0,0.0,0.0,3,10,3,1,0,0,1,5,1,1,0,0,5,1,1,13,0,2,0,0,0,0,1,0,4,9,5,3,2
2018.0,-40.0,1.0,0.0,2,1,3,1,0,2,1,2,1,1,0,1,1,1,1,14,0,2,0,0,0,2,1,0,4,5,5,3,3
2018.0,0.0,2.0,0.0,3,4,3,1,0,0,1,8,1,1,0,0,8,1,1,15,0,2,0,0,0,0,1,0,2,2,5,3,9
2018.0,-35.0,0.0,0.0,3,6,0,0,0,0,0,1,1,1,0,1,1,1,1,18,0,2,0,1,0,2,1,0,4,7,5,8,3
2018.0,0.0,2.0,0.0,2,1,0,1,0,0,1,5,1,1,0,0,9,1,1,22,0,2,0,0,0,2,0,0,7,2,5,3,3
2018.0,150.0,0.0,0.0,3,6,0,0,0,0,1,5,1,1,0,0,7,1,1,6,1,2,0,0,0,1,1,0,6,7,5,9,3
2018.0,171.0,0.0,0.0,3,10,3,1,0,0,0,5,1,1,0,1,5,1,1,9,1,2,0,1,0,2,0,0,6,9,5,3,2
2018.0,-200.0,1.0,0.0,3,6,3,0,0,0,0,5,1,1,0,1,5,1,1,10,1,2,0,0,0,2,2,0,6,7,5,8,3
2018.0,138.0,0.0,0.0,3,6,3,1,0,0,0,5,1,1,0,1,5,1,1,12,1,2,0,0,0,1,1,0,4,7,5,8,3
2018.0,0.0,0.0,0.0,3,4,3,0,0,0,0,2,1,1,0,1,1,1,1,13,1,2,0,0,0,1,2,0,4,2,5,3,9
2018.0,218.0,0.0,0.0,3,4,3,1,0,0,1,5,1,1,0,1,5,1,1,13,1,2,0,0,0,0,2,0,6,9,5,3,9
2018.0,-64.0,1.0,0.0,2,6,3,0,0,0,1,1,1,1,0,1,1,1,1,14,1,2,0,0,0,2,1,0,4,7,5,8,8
2018.0,140.0,0.0,0.0,3,6,3,0,0,0,0,5,1,1,0,1,5,1,1,15,1,2,0,0,0,2,1,0,4,7,5,8,3
2018.0,78.0,0.0,0.0,3,6,3,1,0,0,1,9,1,1,0,0,9,1,1,16,1,2,0,1,0,2,1,0,4,7,5,8,3
2018.0,-145.0,0.0,0.0,3,6,3,0,0,0,1,2,1,1,0,0,2,1,1,16,1,2,0,1,0,2,1,0,4,7,5,8,3
2018.0,0.0,0.0,0.0,3,4,3,0,0,0,1,4,1,1,0,1,5,1,1,16,1,2,0,1,0,2,1,0,4,2,5,3,9
2018.0,-120.0,0.0,0.0,3,3,3,0,0,0,1,2,1,1,0,0,2,1,1,16,1,2,0,1,0,2,1,0,4,9,5,3,2
2018.0,0.0,1.0,0.0,2,4,3,0,0,0,1,2,1,1,0,0,5,1,1,16,1,2,0,1,0,0,1,0,4,5,5,9,3
2018.0,0.0,1.0,0.0,2,3,3,0,0,0,1,1,1,1,0,0,9,1,1,17,1,2,0,1,0,1,1,0,4,7,5,8,3
2018.0,0.0,0.0,0.0,3,4,3,1,0,0,0,9,1,1,0,1,1,1,1,17,1,2,0,1,0,2,1,0,4,2,5,3,9
2018.0,300.0,0.0,0.0,3,6,3,0,0,0,2,5,1,1,0,1,5,1,1,17,1,2,0,1,0,0,1,0,6,5,5,8,5
2018.0,-65.0,2.0,0.0,2,6,0,0,0,0,1,1,1,1,0,1,1,1,1,19,1,2,0,1,0,1,1,0,6,7,5,8,3
2018.0,30.0,0.0,0.0,3,10,0,0,0,0,1,5,1,1,0,0,5,1,1,19,1,2,0,1,0,1,0,0,4,9,5,3,2
2018.0,-24.0,0.0,0.0,3,10,0,0,0,0,1,2,1,1,0,0,2,1,1,21,1,2,0,0,0,1,1,0,4,5,5,3,3
2018.0,-20.0,0.0,0.0,3,9,0,0,0,0,2,9,1,1,1,1,1,1,1,4,2,2,0,0,0,0,1,0,6,5,5,6,3
2018.0,145.0,0.0,0.0,3,1,3,0,0,0,0,2,1,1,0,1,2,1,1,7,2,2,0,1,0,0,0,0,6,4,5,9,3
2018.0,-315.0,0.0,0.0,3,6,3,0,0,0,0,9,1,1,0,1,9,1,1,8,2,2,0,1,0,2,1,0,6,7,5,8,3
2018.0,116.0,0.0,0.0,3,10,3,1,0,0,1,9,1,1,0,1,9,1,1,9,2,2,0,1,0,0,1,0,4,9,9,2,2
2018.0,-639.0,2.0,0.0,2,4,3,1,0,0,1,2,1,1,0,1,1,1,1,9,2,2,0,1,0,1,1,0,6,2,5,3,9
2018.0,-84.0,0.0,0.0,3,6,3,1,0,0,1,1,1,1,0,0,1,1,1,10,2,2,0,0,0,1,2,0,4,7,5,8,1
2018.0,-346.0,0.0,0.0,3,8,3,3,4,0,0,6,1,1,0,1,5,1,1,11,2,2,0,0,1,1,1,0,6,5,5,3,1
2018.0,-29.0,1.0,0.0,2,4,3,3,4,2,1,1,1,1,0,0,9,1,1,12,2,2,0,0,1,2,2,0,4,2,5,9,7
2018.0,0.0,2.0,0.0,2,4,3,3,4,0,1,9,1,1,0,1,1,1,1,12,2,2,0,0,1,0,1,0,4,2,5,9,3
2018.0,-40.0,2.0,0.0,3,6,3,3,4,0,0,2,1,1,0,1,2,1,1,12,2,2,0,0,1,1,1,0,4,7,5,8,3
2018.0,-47.0,0.0,0.0,3,10,3,3,4,0,1,9,1,1,0,1,9,1,1,13,2,2,0,0,1,2,0,0,4,9,5,9,9
2018.0,-365.0,1.0,0.0,2,4,3,3,4,0,1,1,1,1,0,0,5,1,1,14,2,2,0,0,1,2,2,0,6,2,5,3,9
2018.0,345.0,0.0,0.0,3,1,3,3,4,0,0,1,1,1,0,1,2,1,1,15,2,2,0,0,1,2,1,0,6,4,5,3,9
2018.0,-195.0,0.0,0.0,3,10,3,3,4,0,0,5,1,1,0,1,5,1,1,16,2,2,0,1,1,1,1,0,6,9,5,3,2
2018.0,-200.0,0.0,0.0,3,10,3,3,4,0,2,1,1,1,0,1,1,1,1,16,2,2,0,1,1,0,1,0,4,9,5,3,2
2018.0,125.0,0.0,0.0,3,4,3,3,4,0,0,2,1,1,0,1,5,1,1,16,2,2,0,1,1,1,1,0,6,2,5,3,9
2018.0,0.0,0.0,0.0,3,4,3,3,4,0,1,2,1,1,0,1,5,1,1,17,2,2,0,1,1,2,2,0,4,2,5,3,9
2018.0,800.0,0.0,0.0,3,5,3,3,4,0,2,1,1,1,0,1,1,1,1,17,2,2,0,1,1,0,2,0,4,5,5,3,1
2018.0,0.0,0.0,0.0,3,4,3,3,4,0,1,2,1,1,0,0,5,1,1,17,2,2,0,1,1,1,1,0,4,2,5,3,9
2018.0,223.0,2.0,0.0,2,1,3,3,4,0,0,1,1,1,0,0,1,1,1,17,2,2,0,1,1,2,1,0,6,4,5,3,9
2018.0,-119.0,0.0,0.0,3,10,0,3,4,0,1,2,1,1,0,1,2,1,1,17,2,2,0,1,1,2,1,0,4,9,5,3,2
2018.0,124.0,1.0,0.0,3,6,0,3,4,0,1,9,1,1,0,0,9,1,1,18,2,2,0,1,1,1,1,0,7,7,5,8,3
2018.0,100.0,0.0,0.0,3,6,0,3,4,0,2,5,1,1,0,0,5,1,1,18,2,2,0,1,1,0,1,0,7,5,5,8,1
2018.0,-210.0,0.0,0.0,3,10,0,3,4,0,0,9,1,1,0,1,9,1,1,19,2,2,0,1,1,1,2,0,6,9,5,3,2
2018.0,500.0,0.0,0.0,3,10,0,3,4,0,1,9,1,1,0,1,9,1,1,20,2,2,0,0,1,1,2,0,6,9,5,3,2
2018.0,200.0,0.0,0.0,3,1,0,3,4,0,1,9,1,1,0,1,1,1,1,21,2,2,0,0,1,2,2,0,6,4,5,3,9
2018.0,-112.0,0.0,0.0,3,6,3,1,4,0,2,2,1,1,0,0,2,1,1,7,3,2,0,1,1,0,1,0,4,7,5,8,3
2018.0,0.0,1.0,0.0,2,4,3,0,0,0,1,9,1,1,0,0,1,1,1,7,3,2,0,1,0,2,1,0,4,2,5,3,9
2018.0,-160.0,0.0,0.0,3,10,3,0,0,0,1,9,1,1,0,1,9,1,1,9,3,2,0,1,0,2,2,0,6,9,5,3,2
2018.0,0.0,0.0,0.0,3,4,3,3,4,0,1,1,1,1,0,1,9,1,1,9,3,2,0,1,1,0,2,0,4,2,5,9,3
2018.0,0.0,2.0,0.0,2,4,3,1,4,0,0,2,1,1,0,0,5,1,1,13,3,2,0,0,1,2,0,0,4,2,5,3,9
2018.0,95.0,0.0,0.0,3,6,3,0,0,0,1,2,1,1,0,0,2,1,1,13,3,2,0,0,0,1,1,0,4,7,5,8,3
2018.0,0.0,0.0,0.0,3,4,3,0,0,0,1,5,1,1,0,1,9,1,1,15,3,2,0,0,0,1,1,0,4,5,5,3,9
2018.0,0.0,1.0,0.0,2,4,3,0,0,0,1,9,1,1,2,1,1,1,1,15,3,2,0,0,0,2,1,0,4,2,5,3,9
2018.0,0.0,1.0,0.0,2,6,3,1,0,0,1,1,1,1,0,1,1,1,1,16,3,2,0,1,0,1,1,0,4,7,5,8,3
2018.0,257.0,0.0,0.0,3,4,3,1,0,0,0,2,1,1,0,1,5,1,1,17,3,2,0,1,0,0,0,0,6,2,5,3,9
2018.0,600.0,0.0,0.0,3,1,3,0,0,0,0,2,1,1,0,0,9,1,1,17,3,2,0,1,0,1,1,0,6,9,5,3,3
2018.0,-6.0,0.0,0.0,3,5,0,0,0,0,1,9,1,1,0,1,1,1,1,19,3,2,0,1,0,1,0,0,7,2,5,9,9
2018.0,100.0,0.0,0.0,3,6,0,0,0,0,2,8,1,1,0,1,1,1,1,22,3,2,0,0,0,0,1,0,6,7,5,8,1