Year,Distance,Totalinjuries,Totalfatalities,Injuryseverity,Collisionmanner,Lightcondition,Weather,SurfaceCondition,Unittype_One,Gender_Drv1,Traveldirection_One,AlcoholUse_Drv1,DrugUse_Drv1,Unittype_Two,Gender_Drv2,Traveldirection_Two,AlcoholUse_Drv2,DrugUse_Drv2,Hour,Weekday,Month,Weekend,Rush_Hour,Hazardous_Road,Age_Group_Drv1,Age_Group_Drv2,Substance_Use,Junction_Category,Violation_Category_Drv1,Violation_Category_Drv2,Unitaction_Category_Two,Unitaction_Category_One
2018.0,111.0,0.0,0.0,3,6,3,1,0,0,1,9,1,1,0,1,9,1,1,12,4,2,0,0,0,1,0,0,4,7,5,8,3
2018.0,-34.0,0.0,0.0,3,1,3,1,0,0,0,5,1,1,0,1,9,1,1,12,4,2,0,0,0,0,1,0,4,4,5,3,9
2018.0,100.0,1.0,0.0,3,6,3,0,0,0,1,2,1,1,0,0,2,1,1,13,4,2,0,0,0,1,1,0,6,8,5,3,3
2018.0,150.0,0.0,0.0,3,6,3,0,0,0,0,9,1,1,0,1,9,1,1,14,4,2,0,0,0,1,1,0,6,8,5,3,8
2018.0,-650.0,1.0,0.0,3,6,3,1,0,0,0,2,1,1,0,1,2,1,1,15,4,2,0,0,0,1,1,0,4,7,5,8,3
2018.0,-400.0,0.0,0.0,3,1,3,0,0,0,0,1,1,1,0,1,1,1,1,15,4,2,0,0,0,0,0,0,6,2,5,3,9
2018.0,0.0,1.0,0.0,2,1,3,0,0,0,0,2,1,1,0,0,1,1,1,16,4,2,0,1,0,2,1,0,4,2,5,3,9
2018.0,-422.0,2.0,0.0,2,6,3,1,0,0,1,1,1,1,0,1,1,1,1,17,4,2,0,1,0,1,1,0,6,7,5,8,3
2018.0,0.0,0.0,0.0,3,4,3,0,0,0,0,9,1,1,0,1,1,1,1,17,4,2,0,1,0,1,2,0,4,2,5,3,9
2018.0,-56.0,1.0,0.0,2,6,0,1,0,0,1,1,1,1,0,1,1,1,1,18,4,2,0,1,0,1,1,0,4,7,5,8,3
2018.0,0.0,2.0,0.0,3,4,0,0,0,0,0,2,1,1,0,0,5,1,1,18,4,2,0,1,0,1,1,0,7,2,5,3,9
2018.0,-30.0,0.0,0.0,3,1,0,0,0,0,1,2,1,1,0,1,1,1,1,20,4,2,0,0,0,2,1,0,7,2,5,3,9
2018.0,0.0,0.0,0.0,3,4,0,0,0,0,1,9,1,1,0,1,1,1,1,20,4,2,0,0,0,1,1,0,7,2,5,3,9
2018.0,0.0,0.0,0.0,3,4,0,0,0,0,1,1,1,1,0,1,9,1,1,21,4,2,0,0,0,2,1,0,7,5,5,8,9
2018.0,-8.0,0.0,0.0,3,10,0,0,0,0,1,2,1,1,0,0,2,1,1,1,5,2,1,0,0,2,2,0,4,4,5,3,9
2018.0,0.0,0.0,0.0,3,10,3,0,0,0,1,5,1,1,0,1,5,1,1,8,5,2,1,1,0,1,0,0,7,9,5,9,3
2018.0,-144.0,0.0,0.0,3,4,3,0,0,0,1,4,0,0,0,0,1,1,1,11,5,2,1,0,0,2,2,0,6,2,5,3,9
2018.0,45.0,1.0,0.0,3,10,3,0,0,0,1,1,1,1,0,0,1,1,1,12,5,2,1,0,0,1,0,0,6,9,5,8,2
2018.0,-109.0,0.0,0.0,3,6,3,1,0,0,0,1,1,1,0,1,1,1,1,13,5,2,1,0,0,2,1,0,7,7,5,8,3
2018.0,580.0,4.0,0.0,2,6,3,0,0,0,1,5,1,1,0,1,5,1,1,16,5,2,1,1,0,1,1,0,6,7,5,8,3
2018.0,-50.0,0.0,0.0,3,6,3,0,0,0,2,1,1,1,0,0,1,1,1,16,5,2,1,1,0,0,1,0,7,7,7,3,3
2018.0,500.0,1.0,0.0,2,4,1,0,0,0,1,2,1,1,0,0,5,1,1,21,5,2,1,0,0,1,1,0,6,2,5,3,9
2018.0,-150.0,1.0,0.0,3,6,0,0,0,0,1,2,1,1,0,0,2,1,1,1,6,2,1,0,0,1,2,0,7,7,5,8,3
2018.0,0.0,1.0,0.0,2,4,0,0,0,0,0,1,0,1,0,1,2,1,1,2,6,2,1,0,0,2,1,0,7,2,5,3,9
2018.0,-61.0,0.0,0.0,3,6,3,0,0,0,0,1,1,1,0,0,1,1,1,7,6,2,1,1,0,1,1,0,7,7,5,8,3
2018.0,150.0,0.0,0.0,3,6,3,0,0,0,0,5,1,1,0,0,5,1,1,10,6,2,1,0,0,2,2,0,7,7,5,8,3
2018.0,459.0,0.0,0.0,3,6,3,0,0,0,1,5,1,1,0,0,5,1,1,13,6,2,1,0,0,2,2,0,6,7,5,3,3
2018.0,-47.0,2.0,0.0,3,6,3,0,0,0,0,9,1,1,0,0,9,1,1,15,6,2,1,0,0,2,1,0,6,7,5,3,3
2018.0,0.0,0.0,0.0,3,1,3,0,0,0,1,1,1,1,0,1,2,1,1,15,6,2,1,0,0,1,1,0,4,2,5,3,3
2018.0,30.0,1.0,0.0,2,6,3,0,0,0,0,5,1,1,0,0,5,1,1,18,6,2,1,1,0,1,1,0,7,7,5,8,3
2018.0,1350.0,0.0,0.0,3,6,0,0,0,0,2,9,1,1,0,0,9,1,1,19,6,2,1,1,0,0,2,0,6,7,5,9,5
2018.0,-45.0,0.0,0.0,3,10,0,0,0,0,1,1,1,1,0,0,1,1,1,21,6,2,1,0,0,2,2,0,7,9,5,3,2
2018.0,-600.0,1.0,0.0,3,6,0,0,0,0,2,1,1,1,0,1,1,1,1,23,6,2,1,0,0,0,1,0,6,7,5,8,3
2018.0,0.0,0.0,0.0,3,1,3,1,0,0,0,9,1,1,0,1,5,1,1,7,0,2,0,1,0,2,1,0,4,2,5,3,3
2018.0,-226.0,0.0,0.0,3,4,3,1,0,0,0,3,1,1,0,1,9,1,1,8,0,2,0,1,0,1,1,0,4,2,5,3,9
2018.0,-759.0,2.0,0.0,1,1,3,0,0,0,0,1,1,1,0,0,5,1,1,11,0,2,0,0,0,0,1,0,6,2,5,3,3
2018.0,-234.0,0.0,0.0,3,1,3,0,0,0,0,9,1,1,0,0,2,1,1,12,0,2,0,0,0,2,1,0,6,4,5,3,9
2018.0,20.0,0.0,0.0,3,10,3,1,0,0,0,9,1,1,0,1,9,1,1,13,0,2,0,0,0,2,1,0,4,9,5,8,2
2018.0,0.0,1.0,0.0,2,1,3,0,0,0,1,1,1,1,0,1,4,1,1,13,0,2,0,0,0,1,0,0,7,2,5,9,3
2018.0,292.0,0.0,0.0,3,6,3,1,0,0,1,1,1,1,0,1,1,1,1,14,0,2,0,0,0,1,1,0,7,7,5,3,3
2018.0,0.0,0.0,0.0,3,6,3,1,0,0,0,5,1,1,0,0,5,1,1,14,0,2,0,0,0,1,2,0,4,7,5,8,8
2018.0,0.0,0.0,0.0,3,10,3,1,0,0,1,8,1,1,0,0,8,1,1,15,0,2,0,0,0,1,2,0,7,9,5,9,9
2018.0,0.0,1.0,0.0,2,4,3,0,0,0,1,5,1,1,0,1,9,1,1,17,0,2,0,1,0,1,1,0,7,2,5,3,9
2018.0,-200.0,0.0,0.0,3,6,4,0,0,0,0,5,1,1,0,1,5,1,1,17,0,2,0,1,0,1,0,0,6,9,5,3,8
2018.0,0.0,0.0,0.0,3,4,4,1,0,0,1,1,1,1,0,0,9,1,1,17,0,2,0,1,0,2,1,0,4,2,5,3,9
2018.0,-300.0,0.0,0.0,3,6,4,0,0,0,1,5,1,1,0,0,5,1,1,18,0,2,0,1,0,1,2,0,6,7,5,8,3
2018.0,-141.0,0.0,0.0,3,6,0,1,0,0,1,1,1,1,0,0,1,1,1,18,0,2,0,1,0,1,2,0,4,7,5,8,3
2018.0,95.0,0.0,0.0,3,4,0,0,0,0,1,5,1,1,0,1,2,1,1,20,0,2,0,0,0,1,1,0,6,4,5,3,9
2018.0,-22.0,0.0,0.0,3,6,0,0,0,0,2,2,1,1,0,0,2,1,1,21,0,2,0,0,0,0,0,0,7,5,5,3,3
2018.0,0.0,2.0,0.0,3,6,3,0,0,0,0,9,1,1,0,1,9,1,1,10,1,2,0,0,0,0,1,0,4,7,5,3,5
2018.0,0.0,2.0,0.0,2,1,3,0,0,0,0,9,1,1,0,1,2,1,1,10,1,2,0,0,0,2,0,0,4,2,5,3,3
2018.0,-198.0,0.0,0.0,3,6,3,0,0,0,1,5,1,1,0,0,5,1,1,12,1,2,0,0,0,2,1,0,6,7,5,8,3
2018.0,240.0,1.0,0.0,2,4,3,0,0,0,0,9,1,1,0,0,2,1,1,12,1,2,0,0,0,2,2,0,6,2,5,3,9
2018.0,36.0,1.0,0.0,2,6,3,0,0,0,1,5,1,1,1,1,5,1,1,12,1,2,0,0,0,2,1,0,4,2,5,6,3
2018.0,0.0,2.0,0.0,2,4,3,0,0,0,0,9,1,1,0,0,1,1,1,15,1,2,0,0,0,1,1,0,4,2,5,3,9
2018.0,109.0,0.0,0.0,3,6,3,0,0,0,0,5,1,1,0,1,5,1,1,15,1,2,0,0,0,2,2,0,4,7,5,8,3
2018.0,447.0,0.0,0.0,3,4,3,0,0,0,1,2,1,1,0,1,2,1,1,16,1,2,0,1,0,1,1,0,6,2,5,8,9
2018.0,-1000.0,1.0,0.0,3,6,3,0,0,0,1,1,1,1,0,1,1,1,1,17,1,2,0,1,0,1,1,0,4,8,5,3,3
2018.0,-92.0,0.0,0.0,3,6,3,0,0,0,2,1,1,1,0,0,1,1,1,17,1,2,0,1,0,0,1,0,4,8,5,8,3
2018.0,-44.0,2.0,0.0,2,1,4,0,0,2,0,9,1,1,0,1,2,1,1,17,1,2,0,1,0,2,1,0,4,2,5,9,3
2018.0,0.0,1.0,0.0,2,4,4,0,0,0,1,1,1,1,0,0,9,1,1,18,1,2,0,1,0,2,1,0,4,2,5,3,9
2018.0,-500.0,0.0,0.0,3,1,0,0,0,0,1,9,1,1,0,1,5,1,1,19,1,2,0,1,0,2,1,0,6,2,5,3,9
2018.0,700.0,0.0,0.0,3,6,0,0,0,0,1,2,1,1,0,0,2,1,1,5,2,2,0,0,0,1,2,0,6,7,5,8,3
2018.0,0.0,0.0,0.0,3,4,3,0,0,0,0,5,1,1,0,0,2,1,1,8,2,2,0,1,0,2,1,0,4,2,5,3,9
2018.0,-250.0,0.0,0.0,3,1,3,0,0,0,1,2,1,1,0,1,9,1,1,8,2,2,0,1,0,1,1,0,6,5,5,8,3
2018.0,225.0,1.0,0.0,3,1,3,0,0,0,1,5,1,1,0,0,9,1,1,8,2,2,0,1,0,1,0,0,6,2,5,3,9
2018.0,-315.0,1.0,0.0,2,1,3,0,0,2,1,9,1,1,0,1,2,1,1,9,2,2,0,1,0,2,2,0,6,9,5,9,3
2018.0,-120.0,0.0,0.0,3,10,3,0,3,0,2,9,1,1,0,1,9,1,1,9,2,2,0,1,0,0,0,0,6,9,5,3,2
2018.0,-75.0,0.0,0.0,3,6,3,0,0,0,0,2,1,1,0,1,2,1,1,11,2,2,0,0,0,2,1,0,4,7,5,8,3
2018.0,0.0,0.0,0.0,3,4,3,0,0,0,1,2,1,1,0,1,2,1,1,13,2,2,0,0,0,1,0,0,4,5,5,9,3
2018.0,-230.0,2.0,0.0,3,1,3,0,0,2,1,1,1,1,2,1,1,1,1,15,2,2,0,0,0,1,2,0,6,9,9,3,3
2018.0,-625.0,0.0,0.0,3,6,3,0,0,0,1,1,1,1,0,1,1,1,1,16,2,2,0,1,0,1,0,0,6,7,5,8,3
2018.0,100.0,0.0,0.0,3,6,3,0,0,0,1,9,1,1,0,0,9,1,1,16,2,2,0,1,0,2,2,0,4,7,5,8,3
2018.0,0.0,0.0,0.0,3,4,3,0,0,0,1,2,1,1,0,1,5,1,1,16,2,2,0,1,0,1,1,0,4,2,5,3,9
2018.0,25.0,0.0,0.0,3,12,0,0,0,0,2,2,1,1,1,1,5,1,1,16,2,2,0,1,0,0,1,0,6,7,5,6,9
2018.0,285.0,0.0,0.0,3,10,3,1,0,0,1,5,1,1,0,1,5,1,1,16,2,2,0,1,0,0,1,0,3,9,5,3,2
2018.0,0.0,2.0,0.0,2,4,3,0,0,0,0,5,1,1,0,0,9,1,1,17,2,2,0,1,0,2,2,0,4,2,5,3,9
2018.0,-120.0,2.0,0.0,3,6,3,0,0,0,0,1,1,1,0,1,1,1,1,17,2,2,0,1,0,2,0,0,6,7,5,8,3
2018.0,-547.0,0.0,0.0,3,1,3,0,0,0,0,2,1,1,0,1,1,1,1,17,2,2,0,1,0,2,1,0,6,2,5,9,8
2018.0,0.0,2.0,0.0,2,4,3,0,0,0,0,9,1,1,0,0,1,1,1,17,2,2,0,1,0,1,2,0,4,2,5,3,9
2018.0,160.0,0.0,0.0,3,10,3,0,0,0,0,9,1,1,0,0,9,1,1,17,2,2,0,1,0,1,1,0,6,9,5,3,2
2018.0,-1500.0,0.0,0.0,3,6,3,0,0,0,0,1,1,1,0,1,1,1,1,17,2,2,0,1,0,1,0,0,4,7,5,8,3
2018.0,57.0,0.0,0.0,3,4,4,0,0,0,2,9,1,1,0,1,5,1,1,17,2,2,0,1,0,0,1,0,0,2,5,9,9
2018.0,-65.0,0.0,0.0,3,5,4,0,0,0,1,1,1,1,0,1,9,1,1,19,2,2,0,1,0,2,1,0,6,5,5,3,3
2018.0,40.0,0.0,0.0,3,10,0,0,0,0,2,9,1,1,0,0,9,1,1,19,2,2,0,1,0,0,2,0,7,9,5,3,2
2018.0,-150.0,0.0,0.0,3,6,0,0,0,0,1,2,1,1,0,0,2,1,1,19,2,2,0,1,0,2,2,0,6,7,5,8,3
2018.0,-100.0,0.0,0.0,3,10,0,0,0,0,2,1,1,1,1,1,1,1,1,20,2,2,0,0,0,0,1,0,4,9,5,8,9
2018.0,-60.0,0.0,0.0,3,6,0,0,0,0,1,2,1,1,0,1,2,1,1,21,2,2,0,0,0,2,1,0,4,7,5,8,3
2018.0,-184.0,1.0,0.0,3,6,0,1,0,0,2,9,1,1,0,1,9,1,1,21,2,2,0,0,0,0,1,0,6,7,5,3,3
2018.0,300.0,0.0,0.0,3,1,0,0,0,0,1,2,1,1,1,1,8,1,1,23,2,2,0,0,0,1,1,0,6,7,5,6,3
2018.0,500.0,1.0,0.0,1,1,0,0,0,3,1,1,1,1,0,1,2,1,1,2,3,2,0,0,0,1,1,0,6,6,5,3,7
2018.0,500.0,0.0,0.0,3,3,3,0,0,0,1,9,1,1,0,1,9,1,1,7,3,2,0,1,0,1,1,0,6,9,5,3,2
2018.0,-40.0,0.0,0.0,3,3,3,0,0,0,1,2,1,1,0,0,2,1,1,7,3,2,0,1,0,1,1,0,4,9,5,8,9
2018.0,288.0,0.0,0.0,3,6,3,0,0,0,1,2,1,1,0,0,2,1,1,7,3,2,0,1,0,2,1,0,6,7,5,8,3
2018.0,39.0,0.0,0.0,3,6,3,0,0,0,1,9,1,1,0,0,9,1,1,7,3,2,0,1,0,1,1,0,4,7,5,8,3
2018.0,-80.0,0.0,0.0,3,6,3,0,0,0,1,1,1,1,0,0,1,1,1,8,3,2,0,1,0,1,2,0,4,7,5,8,3
2018.0,-1027.0,0.0,0.0,3,10,3,0,0,0,2,9,1,1,0,1,9,1,1,8,3,2,0,1,0,0,0,0,6,7,5,8,3
2018.0,-300.0,0.0,0.0,3,6,3,0,0,0,0,2,1,1,0,0,2,1,1,8,3,2,0,1,0,2,2,0,4,8,5,8,3
2018.0,61.0,0.0,0.0,3,10,3,0,0,0,0,9,1,1,0,0,9,1,1,9,3,2,0,1,0,2,2,0,4,4,5,3,9
2018.0,-74.0,0.0,0.0,3,6,3,0,0,0,0,5,1,1,0,0,5,1,1,10,3,2,0,0,0,1,1,0,4,7,5,8,3
2018.0,0.0,1.0,0.0,3,4,3,0,0,0,1,5,1,1,0,0,2,1,1,13,3,2,0,0,0,1,2,0,4,2,5,3,9
2018.0,0.0,0.0,0.0,3,4,3,0,0,0,1,1,1,1,0,1,9,1,1,13,3,2,0,0,0,1,1,0,4,2,5,3,9
2018.0,-55.0,0.0,0.0,3,6,3,0,0,0,1,2,1,1,0,1,2,1,1,13,3,2,0,0,0,1,1,0,4,7,5,8,3
2018.0,-30.0,1.0,0.0,3,6,3,0,0,0,1,2,1,1,0,0,2,1,1,13,3,2,0,0,0,1,1,0,7,7,5,8,3
2018.0,-84.0,0.0,0.0,3,6,3,0,0,0,0,1,1,1,0,1,1,1,1,14,3,2,0,0,0,1,1,0,4,7,5,8,3
2018.0,685.0,1.0,0.0,3,6,3,0,0,0,1,1,1,1,0,1,1,1,1,15,3,2,0,0,0,1,1,0,6,7,5,8,3
2018.0,198.0,3.0,0.0,2,6,3,0,0,0,0,1,1,1,0,1,1,1,1,15,3,2,0,0,0,2,1,0,6,7,5,8,3
2018.0,-1028.0,0.0,0.0,3,4,3,0,0,0,0,4,1,1,0,1,1,1,1,15,3,2,0,0,0,1,1,0,6,2,5,3,9
2018.0,-98.0,0.0,0.0,3,6,3,0,0,0,1,1,1,1,0,1,1,1,1,16,3,2,0,1,0,1,1,0,4,7,5,8,8
2018.0,691.0,2.0,0.0,2,12,3,0,0,0,0,9,1,1,0,1,9,1,1,17,3,2,0,1,0,1,1,0,6,7,5,8,3
2018.0,131.0,0.0,0.0,3,10,4,0,0,0,1,5,1,1,0,1,5,1,1,17,3,2,0,1,0,2,2,0,7,9,5,8,2
2018.0,-600.0,0.0,0.0,3,6,3,0,0,0,1,5,1,1,0,0,5,1,1,17,3,2,0,1,0,2,1,0,6,7,5,8,3
2018.0,0.0,0.0,0.0,3,9,0,0,0,0,2,1,1,1,0,0,9,1,1,19,3,2,0,1,0,0,0,0,4,2,5,9,3
2018.0,-15.0,0.0,0.0,3,6,0,0,0,0,1,9,1,1,0,0,9,1,1,22,3,2,0,0,0,0,0,0,7,2,5,3,9
2018.0,0.0,2.0,0.0,2,1,0,0,0,0,0,5,1,1,0,0,9,1,1,3,4,2,0,0,0,2,2,0,4,2,5,3,3
2018.0,0.0,2.0,0.0,2,1,0,0,0,0,0,8,1,1,0,0,8,1,1,3,4,2,0,0,0,1,0,0,7,5,5,3,3
2018.0,0.0,0.0,0.0,3,4,3,0,0,0,1,2,1,1,0,0,1,1,1,10,4,2,0,0,0,0,2,0,4,2,5,9,3
2018.0,166.0,0.0,0.0,3,6,3,4,0,0,0,2,1,1,0,0,2,1,1,12,4,2,0,0,0,2,0,0,4,7,5,8,3
2018.0,-80.0,0.0,0.0,3,6,3,1,0,0,1,5,1,1,0,0,5,1,1,14,4,2,0,0,0,1,0,0,4,7,5,8,8
2018.0,-105.0,0.0,0.0,3,6,3,0,0,0,1,2,1,1,0,1,2,1,1,14,4,2,0,0,0,1,2,0,4,7,5,8,3
2018.0,0.0,0.0,0.0,3,1,3,1,0,0,0,1,1,1,0,0,5,1,1,14,4,2,0,0,0,1,1,0,4,2,5,3,3
2018.0,0.0,0.0,0.0,3,4,3,1,0,0,1,1,1,1,0,1,9,1,1,16,4,2,0,1,0,1,1,0,4,7,5,3,9
2018.0,-980.0,2.0,0.0,3,6,3,0,0,0,2,1,1,1,0,1,1,1,1,17,4,2,0,1,0,0,1,0,6,7,5,8,8
2018.0,193.0,1.0,0.0,2,4,3,1,0,0,0,9,1,1,0,0,2,1,1,17,4,2,0,1,0,2,2,0,6,2,5,3,9
2018.0,-223.0,0.0,0.0,3,6,3,1,4,0,0,1,1,1,0,0,1,1,1,17,4,2,0,1,1,2,0,0,4,7,5,8,3
2018.0,112.0,0.0,0.0,3,1,3,1,0,0,2,2,1,1,0,0,2,1,1,17,4,2,0,1,0,0,2,0,6,9,5,8,3
2018.0,-75.0,0.0,0.0,3,10,0,0,0,0,1,5,1,1,0,1,5,1,1,19,4,2,0,1,0,1,1,0,6,5,5,3,3
2018.0,-25.0,0.0,0.0,3,10,0,0,0,0,0,9,0,1,0,1,9,1,1,0,5,2,1,0,0,1,1,0,6,9,5,8,3
2018.0,100.0,0.0,0.0,3,10,0,4,0,0,2,9,1,1,1,1,9,1,1,8,5,2,1,1,0,0,0,0,4,9,5,6,3
2018.0,0.0,0.0,0.0,3,1,3,0,0,0,1,5,1,1,0,0,9,1,1,8,5,2,1,1,0,1,1,0,7,2,5,3,3
2018.0,0.0,0.0,0.0,3,4,3,0,0,0,0,1,1,1,0,0,2,1,1,11,5,2,1,0,0,2,1,0,4,2,5,3,9
2018.0,10.0,0.0,0.0,3,6,3,0,0,0,0,9,1,1,0,0,9,1,1,12,5,2,1,0,0,1,1,0,7,5,5,3,3
2018.0,-75.0,0.0,0.0,3,6,3,0,0,0,1,1,1,1,0,1,1,1,1,12,5,2,1,0,0,1,0,0,7,7,5,3,3
2018.0,0.0,0.0,0.0,3,1,3,0,0,0,1,5,1,1,0,0,9,1,1,12,5,2,1,0,0,2,1,0,7,2,5,3,9
2018.0,-100.0,0.0,0.0,3,6,3,0,0,0,2,1,1,1,0,1,1,1,1,13,5,2,1,0,0,0,0,0,4,7,5,8,3
2018.0,50.0,0.0,0.0,3,10,3,0,0,0,2,1,1,1,0,1,1,1,1,16,5,2,1,1,0,0,1,0,6,5,5,3,5
2018.0,0.0,0.0,0.0,3,4,3,0,0,0,0,4,1,1,0,0,3,1,1,16,5,2,1,1,0,2,1,0,4,2,5,9,9
2018.0,294.0,0.0,0.0,3,6,3,0,0,0,0,5,1,1,0,0,5,1,1,17,5,2,1,1,0,2,1,0,6,7,5,8,3
2018.0,55.0,2.0,0.0,3,0,4,0,0,0,2,5,1,1,0,1,2,1,1,17,5,2,1,1,0,0,1,0,6,4,5,3,9
2018.0,-335.0,2.0,0.0,3,6,0,0,0,0,0,5,1,1,0,1,5,1,1,21,5,2,1,0,0,2,1,0,6,7,5,8,3
2018.0,0.0,3.0,0.0,2,4,0,0,0,0,1,9,1,1,0,1,5,1,1,22,5,2,1,0,0,2,2,0,7,2,5,9,3
2018.0,0.0,2.0,0.0,2,3,3,0,0,0,1,5,1,1,0,1,2,1,1,9,6,2,1,1,0,2,1,0,7,7,5,9,3
2018.0,0.0,0.0,0.0,3,4,3,0,0,0,0,9,1,1,0,1,1,1,1,10,6,2,1,0,0,0,1,0,7,2,5,3,9
2018.0,0.0,0.0,0.0,3,1,3,0,0,0,0,7,1,1,0,1,1,1,1,12,6,2,1,0,0,2,1,0,7,2,5,3,9
2018.0,-177.0,0.0,0.0,3,6,3,0,0,0,0,9,1,1,0,0,9,1,1,13,6,2,1,0,0,2,1,0,6,8,5,8,3
2018.0,-10.0,0.0,0.0,3,6,3,0,0,0,1,1,1,1,0,0,1,1,1,14,6,2,1,0,0,2,2,0,7,7,5,3,3
2018.0,40.0,0.0,0.0,3,6,0,0,0,0,1,4,1,1,0,1,9,1,1,21,6,2,1,0,0,1,1,0,7,7,5,9,3
2018.0,125.0,1.0,0.0,3,6,3,1,0,0,0,1,1,1,0,1,1,1,1,7,0,2,0,1,0,2,1,0,6,7,5,8,3
2018.0,0.0,1.0,0.0,1,4,3,0,0,0,1,1,1,1,0,1,9,1,1,9,0,2,0,1,0,1,2,0,4,2,5,3,9
2018.0,0.0,0.0,0.0,3,1,3,0,0,0,0,2,1,1,0,1,1,1,1,12,0,2,0,0,0,1,1,0,2,2,5,3,3
2018.0,0.0,0.0,0.0,3,4,3,0,0,0,0,9,1,1,0,1,1,1,1,14,0,2,0,0,0,2,2,0,4,2,5,3,9
2018.0,225.0,0.0,0.0,3,1,3,0,0,0,1,2,1,1,0,0,1,1,1,14,0,2,0,0,0,2,1,0,6,2,5,3,9
2018.0,406.0,0.0,0.0,3,1,3,0,0,0,1,9,1,1,0,1,5,1,1,15,0,2,0,0,0,1,2,0,6,2,5,8,9
2018.0,10.0,0.0,0.0,3,4,3,0,0,0,0,1,1,1,0,1,1,1,1,15,0,2,0,0,0,0,0,0,4,9,5,9,9
2018.0,-60.0,0.0,0.0,3,6,3,0,0,0,0,9,1,1,0,0,9,1,1,16,0,2,0,1,0,2,1,0,6,5,5,3,3
2018.0,0.0,0.0,0.0,3,4,3,0,0,0,1,2,1,1,0,1,9,1,1,16,0,2,0,1,0,2,1,0,7,2,7,3,9
2018.0,0.0,2.0,0.0,2,6,3,0,0,0,0,5,1,1,0,1,5,1,1,16,0,2,0,1,0,2,1,0,7,7,5,8,8
2018.0,-5.0,0.0,0.0,3,6,3,0,0,0,1,1,1,1,0,1,1,1,1,16,0,2,0,1,0,1,1,0,7,8,5,9,9
2018.0,250.0,0.0,0.0,3,6,3,0,0,0,0,1,1,1,0,1,1,1,1,16,0,2,0,1,0,1,1,0,6,7,5,8,3
2018.0,-0.4,2.0,0.0,3,6,0,0,0,0,0,5,1,1,0,0,5,1,1,19,0,2,0,1,0,2,1,0,6,8,5,8,8
2018.0,-91.0,0.0,0.0,3,6,1,0,0,0,1,2,1,1,1,1,2,1,1,21,0,2,0,0,0,2,1,0,4,7,5,6,3
2018.0,-30.0,0.0,0.0,3,10,3,0,0,0,0,2,1,1,0,0,2,1,1,7,1,2,0,1,0,2,1,0,2,9,5,8,8
2018.0,0.0,0.0,0.0,3,4,3,0,0,0,1,2,1,1,0,1,9,1,1,7,1,2,0,1,0,1,1,0,4,2,5,3,9
2018.0,0.0,0.0,0.0,3,10,3,0,0,0,1,5,1,1,0,1,5,1,1,7,1,2,0,1,0,1,1,0,4,4,5,3,3
2018.0,307.0,0.0,0.0,3,6,3,0,0,0,1,9,1,1,0,0,9,1,1,11,1,2,0,0,0,2,2,0,4,7,5,8,3
2018.0,-426.0,1.0,0.0,2,1,3,1,0,0,0,9,1,1,0,1,6,1,1,13,1,2,0,0,0,2,1,0,6,7,5,2,3
2018.0,345.0,0.0,0.0,3,6,3,0,0,0,0,9,1,1,0,1,9,1,1,14,1,2,0,0,0,2,0,0,6,7,5,8,3
2018.0,155.0,0.0,0.0,3,10,3,0,0,0,1,1,1,1,0,1,1,1,1,15,1,2,0,0,0,0,1,0,6,9,5,3,2
2018.0,0.0,1.0,0.0,2,4,3,0,0,0,0,9,1,1,0,0,1,1,1,15,1,2,0,0,0,1,1,0,2,2,5,3,9
2018.0,0.0,5.0,0.0,3,4,3,1,0,0,1,1,1,1,0,1,9,1,1,15,1,2,0,0,0,2,0,0,4,2,5,3,9
2018.0,-80.0,0.0,0.0,3,6,3,0,0,0,0,2,1,1,0,1,2,1,1,16,1,2,0,1,0,1,1,0,4,7,5,8,3
2018.0,-310.0,3.0,0.0,3,4,3,1,0,0,0,5,1,1,0,1,1,1,1,16,1,2,0,1,0,0,2,0,6,5,5,3,9
2018.0,-310.0,0.0,0.0,3,4,3,1,0,0,0,2,1,1,0,1,1,1,1,16,1,2,0,1,0,1,0,0,6,2,5,3,9
2018.0,134.0,1.0,0.0,2,1,3,3,4,0,1,5,1,1,2,1,5,1,1,16,1,2,0,1,1,1,1,0,4,2,5,3,9
2018.0,300.0,0.0,0.0,3,10,3,1,0,0,0,9,1,1,0,1,9,1,1,17,1,2,0,1,0,2,1,0,6,9,5,3,2
2018.0,0.5,0.0,0.0,3,10,0,0,0,0,1,2,1,1,0,1,2,1,1,18,1,2,0,1,0,2,1,0,6,9,5,3,2
2018.0,0.0,0.0,0.0,3,4,0,0,0,0,0,5,1,1,0,1,1,1,1,19,1,2,0,1,0,2,2,0,4,5,5,3,9
2018.0,0.0,0.0,0.0,3,4,0,3,4,0,0,5,1,1,0,1,2,1,1,21,1,2,0,0,1,2,2,0,4,4,5,3,9
2018.0,0.5,0.0,0.0,3,10,0,3,4,0,0,9,0,1,0,0,9,1,1,0,2,2,0,0,1,1,2,0,6,5,5,3,3
2018.0,-40.0,0.0,0.0,3,6,4,1,4,0,1,1,1,1,0,0,1,1,1,6,2,2,0,0,1,1,1,0,4,7,5,8,3
2018.0,-451.0,0.0,0.0,3,4,3,0,0,0,0,1,1,1,0,1,9,1,1,6,2,2,0,0,0,2,1,0,6,2,5,3,9
2018.0,-278.0,0.0,0.0,3,6,3,0,0,0,1,5,1,1,1,1,5,1,1,9,2,2,0,1,0,1,1,0,6,9,5,6,3