Year,Distance,Totalinjuries,Totalfatalities,Injuryseverity,Collisionmanner,Lightcondition,Weather,SurfaceCondition,Unittype_One,Gender_Drv1,Traveldirection_One,AlcoholUse_Drv1,DrugUse_Drv1,Unittype_Two,Gender_Drv2,Traveldirection_Two,AlcoholUse_Drv2,DrugUse_Drv2,Hour,Weekday,Month,Weekend,Rush_Hour,Hazardous_Road,Age_Group_Drv1,Age_Group_Drv2,Substance_Use,Junction_Category,Violation_Category_Drv1,Violation_Category_Drv2,Unitaction_Category_Two,Unitaction_Category_One
2018.0,-48.0,0.0,0.0,3,6,3,0,0,0,1,1,1,1,0,1,1,1,1,10,2,2,0,0,0,0,0,0,4,7,5,9,3
2018.0,170.0,0.0,0.0,3,6,3,0,0,0,1,9,1,1,0,1,9,1,1,10,2,2,0,0,0,2,1,0,4,7,5,8,3
2018.0,200.0,0.0,0.0,3,6,3,0,0,0,1,5,1,1,0,0,5,1,1,12,2,2,0,0,0,2,2,0,6,7,5,8,3
2018.0,78.0,0.0,0.0,3,6,3,0,0,0,1,2,1,1,0,1,5,1,1,12,2,2,0,0,0,2,2,0,6,5,5,8,1
2018.0,0.0,0.0,0.0,3,6,3,0,0,0,1,1,1,1,0,1,1,1,1,12,2,2,0,0,0,1,1,0,4,7,5,8,3
2018.0,53.0,0.0,0.0,3,10,3,0,0,0,0,5,1,1,0,1,5,1,1,15,2,2,0,0,0,1,2,0,4,9,5,8,9
2018.0,780.0,0.0,0.0,3,6,3,0,0,0,1,2,1,1,0,0,2,1,1,15,2,2,0,0,0,2,2,0,6,7,5,8,3
2018.0,0.0,2.0,0.0,2,4,3,0,0,0,1,4,1,1,0,0,1,1,1,15,2,2,0,0,0,2,2,0,4,2,5,3,9
2018.0,62.0,0.0,0.0,3,1,3,0,0,0,2,9,1,1,0,1,5,1,1,16,2,2,0,1,0,0,2,0,4,7,5,8,9
2018.0,0.0,0.0,0.0,3,4,3,0,0,0,1,2,1,1,0,1,5,1,1,17,2,2,0,1,0,1,2,0,4,2,5,3,9
2018.0,-240.0,0.0,0.0,3,6,4,0,0,0,2,9,1,1,0,0,9,1,1,17,2,2,0,1,0,0,2,0,6,7,5,8,3
2018.0,0.0,0.0,0.0,3,4,0,0,0,0,1,9,1,1,0,1,3,1,1,19,2,2,0,1,0,2,1,0,4,2,5,9,3
2018.0,50.0,0.0,0.0,3,6,0,0,0,0,0,9,1,1,0,0,9,1,1,19,2,2,0,1,0,1,2,0,4,8,5,8,3
2018.0,780.0,0.0,0.0,3,6,0,0,0,0,1,2,1,1,0,1,2,1,1,21,2,2,0,0,0,2,1,0,6,7,5,8,3
2018.0,-53.0,0.0,0.0,3,6,3,0,0,0,0,2,1,1,0,0,2,1,1,7,3,3,0,1,0,1,1,0,4,7,5,8,3
2018.0,-470.0,0.0,0.0,3,4,3,0,0,0,0,9,1,1,0,1,2,1,1,7,3,3,0,1,0,1,1,0,6,2,5,3,9
2018.0,-262.0,1.0,0.0,3,4,3,0,0,0,0,5,1,1,0,0,1,1,1,8,3,3,0,1,0,1,2,0,6,2,7,3,9
2018.0,-196.0,0.0,0.0,3,6,3,0,0,0,0,2,1,1,0,0,2,1,1,12,3,3,0,0,0,2,1,0,6,7,5,8,3
2018.0,517.0,0.0,0.0,3,6,3,0,0,0,2,1,1,1,1,1,1,1,1,12,3,3,0,0,0,0,1,0,6,5,5,6,3
2018.0,1044.0,0.0,0.0,3,10,3,0,0,0,1,1,1,1,0,1,1,1,1,13,3,3,0,0,0,1,1,0,6,9,5,3,9
2018.0,-97.0,1.0,0.0,2,6,3,0,0,0,1,1,1,1,0,1,1,1,1,15,3,3,0,0,0,1,1,0,4,7,5,8,3
2018.0,331.0,1.0,0.0,3,6,3,0,0,0,1,1,1,1,0,0,1,1,1,15,3,3,0,0,0,1,1,0,6,8,5,8,3
2018.0,-400.0,0.0,0.0,3,6,3,0,0,0,1,2,1,1,0,1,2,1,1,16,3,3,0,1,0,2,2,0,6,7,5,8,3
2018.0,345.0,0.0,0.0,3,4,3,0,0,0,1,2,1,1,0,1,1,1,1,16,3,3,0,1,0,1,1,0,6,2,5,3,9
2018.0,501.0,1.0,0.0,2,4,3,0,0,0,1,5,1,1,0,1,9,1,1,17,3,3,0,1,0,1,1,0,6,2,5,3,9
2018.0,-520.0,0.0,0.0,3,6,3,0,0,0,2,8,1,1,0,0,3,1,1,17,3,3,0,1,0,0,1,0,6,5,5,9,5
2018.0,-120.0,1.0,0.0,2,4,3,0,0,0,1,1,1,1,0,1,9,1,1,17,3,3,0,1,0,1,1,0,6,2,5,3,9
2018.0,22.0,3.0,0.0,3,4,0,0,0,0,1,9,1,1,0,0,1,1,1,19,3,3,0,1,0,2,2,0,6,2,5,3,9
2018.0,0.0,0.0,0.0,3,4,3,0,0,0,0,1,1,1,0,0,5,1,1,7,4,3,0,1,0,1,2,0,2,5,5,9,3
2018.0,96.0,0.0,0.0,3,6,3,0,0,0,0,9,1,1,0,0,9,1,1,8,4,3,0,1,0,2,1,0,4,7,5,8,8
2018.0,0.0,0.0,0.0,3,1,3,0,0,0,0,2,1,1,0,1,9,1,1,8,4,3,0,1,0,2,1,0,7,2,5,3,9
2018.0,0.0,1.0,0.0,2,4,3,0,0,0,1,5,1,1,0,1,9,1,1,10,4,3,0,0,0,1,1,0,4,2,5,3,9
2018.0,0.0,0.0,0.0,3,4,3,0,0,0,0,9,1,1,0,1,1,1,1,10,4,3,0,0,0,0,2,0,7,4,5,3,9
2018.0,-289.0,0.0,0.0,3,6,3,0,0,0,2,1,1,1,0,0,1,1,1,10,4,3,0,0,0,0,0,0,6,7,5,8,3
2018.0,-182.0,0.0,0.0,3,4,3,0,0,0,1,9,1,0,0,0,1,1,1,10,4,3,0,0,0,1,0,0,6,4,5,3,6
2018.0,-456.0,0.0,0.0,3,6,3,0,0,0,0,2,1,1,0,1,2,1,1,11,4,3,0,0,0,1,1,0,6,7,5,8,3
2018.0,251.0,0.0,0.0,3,6,3,0,0,0,1,5,1,1,0,1,5,1,1,12,4,3,0,0,0,2,1,0,6,7,5,8,3
2018.0,-467.0,0.0,0.0,3,10,3,0,0,0,0,5,1,1,0,1,5,1,1,13,4,3,0,0,0,2,1,0,6,7,5,3,0
2018.0,-59.0,1.0,0.0,2,4,3,0,0,0,1,2,1,1,0,1,9,1,1,13,4,3,0,0,0,1,1,0,4,9,5,8,9
2018.0,-262.0,1.0,0.0,2,6,3,0,0,0,0,5,1,1,0,0,5,1,1,14,4,3,0,0,0,2,2,0,6,7,5,8,3
2018.0,372.0,0.0,0.0,3,10,3,0,0,0,1,1,1,1,0,0,1,1,1,14,4,3,0,0,0,1,1,0,6,4,5,3,2
2018.0,300.0,0.0,0.0,3,6,3,0,0,0,1,5,1,1,0,1,5,1,1,15,4,3,0,0,0,2,2,0,6,7,5,9,9
2018.0,0.0,1.0,0.0,3,4,3,0,0,0,0,2,1,1,0,1,5,1,1,15,4,3,0,0,0,2,1,0,4,2,5,3,9
2018.0,0.0,3.0,0.0,2,4,3,0,0,0,0,4,1,1,0,1,5,1,1,15,4,3,0,0,0,1,2,0,7,2,7,3,9
2018.0,-200.0,0.0,0.0,3,10,3,0,0,0,0,1,1,1,0,1,1,1,1,15,4,3,0,0,0,0,1,0,6,9,5,3,2
2018.0,50.0,0.0,0.0,3,10,3,0,0,0,0,5,1,1,0,1,5,1,1,15,4,3,0,0,0,1,0,0,7,9,5,3,2
2018.0,0.0,0.0,0.0,3,4,3,0,0,0,1,2,1,1,2,1,5,1,1,16,4,3,0,1,0,1,1,0,4,2,5,3,9
2018.0,300.0,0.0,0.0,3,6,0,0,0,0,0,5,1,1,0,0,5,1,1,19,4,3,0,1,0,2,1,0,6,7,5,8,3
2018.0,-200.0,0.0,0.0,3,6,0,0,0,0,1,1,1,1,0,1,1,1,1,19,4,3,0,1,0,1,1,0,6,7,5,3,3
2018.0,450.0,0.0,0.0,3,6,0,3,0,0,1,1,1,1,0,0,1,1,1,20,4,3,0,0,0,2,1,0,0,7,5,9,3
2018.0,0.0,0.0,0.0,3,6,0,0,0,0,1,9,1,1,0,1,9,1,1,20,4,3,0,0,0,1,2,0,4,4,7,3,2
2018.0,0.0,1.0,0.0,2,4,0,0,0,0,0,5,1,1,0,0,2,1,1,22,4,3,0,0,0,1,2,0,4,2,5,3,9
2018.0,0.0,0.0,0.0,3,1,3,0,0,0,1,5,1,1,0,1,1,1,1,8,5,3,1,1,0,1,0,0,7,2,5,3,3
2018.0,185.0,1.0,0.0,3,6,3,0,0,0,1,9,1,1,0,1,9,1,1,11,5,3,1,0,0,2,1,0,6,7,5,8,3
2018.0,150.0,0.0,0.0,3,6,3,0,0,0,0,5,1,1,0,0,5,1,1,12,5,3,1,0,0,1,1,0,6,5,5,5,3
2018.0,274.0,1.0,0.0,3,4,3,4,0,0,0,2,1,1,0,0,5,1,1,13,5,3,1,0,0,1,2,0,8,2,5,3,9
2018.0,20.0,0.0,0.0,3,6,3,0,0,0,0,5,1,1,0,1,5,1,1,15,5,3,1,0,0,1,0,0,2,8,5,8,9
2018.0,-30.0,0.0,0.0,3,3,3,0,0,0,0,1,1,1,0,0,9,1,1,15,5,3,1,0,0,1,2,0,6,5,5,3,3
2018.0,75.0,0.0,0.0,3,6,3,0,0,0,1,5,0,1,0,0,5,1,1,16,5,3,1,1,0,1,1,0,6,7,5,8,3
2018.0,380.0,1.0,0.0,2,6,3,0,0,0,0,2,1,1,0,1,2,1,1,17,5,3,1,1,0,2,1,0,6,7,5,8,3
2018.0,-66.0,0.0,0.0,3,6,3,0,0,0,0,1,1,1,0,1,1,1,1,18,5,3,1,1,0,2,1,0,6,7,5,8,3
2018.0,-95.0,0.0,0.0,3,6,0,0,3,0,1,1,1,1,0,0,1,1,1,19,5,3,1,1,0,0,2,0,4,7,5,3,5
2018.0,-770.0,3.0,0.0,3,6,0,0,0,0,1,2,1,1,0,1,2,1,1,19,5,3,1,1,0,1,1,0,6,7,5,8,8
2018.0,-30.0,0.0,0.0,3,10,0,0,0,0,1,1,1,1,0,1,1,1,1,20,5,3,1,0,0,1,2,0,4,5,5,3,3
2018.0,-5.0,3.0,0.0,3,10,0,0,0,0,1,5,1,1,0,1,5,1,1,0,6,3,1,0,0,2,1,0,7,9,5,3,2
2018.0,0.0,1.0,0.0,2,1,0,0,0,0,0,1,0,1,0,0,5,1,1,2,6,3,1,0,0,2,2,0,4,2,5,3,3
2018.0,275.0,1.0,0.0,2,6,3,0,0,0,0,1,1,1,0,1,1,1,1,11,6,3,1,0,0,1,0,0,6,7,5,3,3
2018.0,-100.0,0.0,0.0,3,6,3,0,0,0,0,9,1,1,0,1,9,1,1,12,6,3,1,0,0,2,0,0,6,7,5,8,3
2018.0,200.0,0.0,0.0,3,10,3,0,0,0,0,5,1,1,0,0,5,1,1,14,6,3,1,0,0,0,1,0,7,5,5,3,2
2018.0,0.0,0.0,0.0,3,10,3,0,0,0,0,2,1,1,0,1,2,1,1,14,6,3,1,0,0,1,1,0,7,5,5,9,9
2018.0,-70.0,0.0,0.0,3,6,3,0,0,0,1,1,1,1,0,0,1,1,1,15,6,3,1,0,0,2,1,0,4,7,5,8,8
2018.0,0.0,1.0,0.0,3,4,0,0,0,0,1,1,1,1,0,1,9,1,1,18,6,3,1,1,0,1,0,0,7,4,5,3,9
2018.0,200.0,1.0,0.0,1,5,2,0,0,2,1,5,1,1,0,0,1,1,1,18,6,3,1,1,0,2,2,0,6,6,5,3,7
2018.0,-185.0,0.0,0.0,3,4,3,0,0,0,0,5,1,1,0,1,2,1,1,7,0,3,0,1,0,1,1,0,6,4,5,3,9
2018.0,0.0,1.0,0.0,2,4,3,0,0,0,1,9,1,1,0,0,1,1,1,7,0,3,0,1,0,1,1,0,4,2,5,3,9
2018.0,0.0,1.0,0.0,2,10,3,0,0,0,0,1,1,1,0,1,1,1,1,8,0,3,0,1,0,1,1,0,4,5,5,3,9
2018.0,-170.0,0.0,0.0,3,10,3,0,0,0,1,2,1,1,0,1,2,1,1,10,0,3,0,0,0,1,0,0,6,9,5,3,2
2018.0,0.0,1.0,0.0,2,1,3,0,0,2,0,2,1,1,0,0,1,1,1,11,0,3,0,0,0,1,0,0,0,9,5,9,3
2018.0,-238.0,1.0,0.0,3,6,3,0,0,0,0,1,1,1,0,1,1,1,1,11,0,3,0,0,0,1,0,0,4,7,5,8,3
2018.0,0.0,0.0,0.0,3,1,3,0,0,0,0,9,1,1,0,1,5,1,1,13,0,3,0,0,0,1,2,0,4,2,5,3,3
2018.0,-75.0,0.0,0.0,3,6,3,0,0,0,0,2,1,1,0,1,2,1,1,14,0,3,0,0,0,1,1,0,4,7,5,8,3
2018.0,-453.0,1.0,0.0,3,6,3,0,0,0,0,2,1,1,0,0,2,1,1,15,0,3,0,0,0,1,0,0,6,7,5,8,3
2018.0,191.0,1.0,0.0,3,1,3,0,0,2,0,2,1,1,0,1,1,1,1,16,0,3,0,1,0,2,1,0,6,2,5,9,3
2018.0,30.0,0.0,0.0,3,6,3,0,0,0,1,5,1,1,0,1,5,1,1,17,0,3,0,1,0,1,2,0,4,8,5,3,3
2018.0,0.0,4.0,0.0,3,1,3,0,0,0,0,9,1,1,0,1,2,1,1,17,0,3,0,1,0,1,2,0,4,2,5,3,3
2018.0,-75.0,0.0,0.0,3,10,0,0,0,0,1,2,1,1,0,0,2,1,1,17,0,3,0,1,0,2,1,0,6,5,5,3,3
2018.0,-74.0,0.0,0.0,3,6,0,0,0,0,1,2,1,1,0,1,2,1,1,21,0,3,0,0,0,2,1,0,4,7,5,8,3
2018.0,-300.0,0.0,0.0,3,6,0,0,0,0,1,1,1,1,0,1,1,1,1,4,1,3,0,0,0,1,1,0,6,7,5,8,3
2018.0,100.0,0.0,0.0,3,10,3,0,0,0,1,9,1,1,0,0,9,1,1,13,1,3,0,0,0,1,1,0,4,4,5,9,9
2018.0,-38.0,0.0,0.0,3,10,3,0,0,0,1,2,1,1,0,0,2,1,1,13,1,3,0,0,0,1,2,0,4,9,5,3,2
2018.0,81.0,0.0,0.0,3,6,3,0,0,0,0,9,1,1,0,0,9,1,1,14,1,3,0,0,0,1,1,0,4,7,5,8,8
2018.0,-313.0,0.0,0.0,3,10,3,0,0,0,0,5,1,1,0,1,5,1,1,16,1,3,0,1,0,0,1,0,6,9,5,3,2
2018.0,0.0,2.0,0.0,2,4,3,0,0,0,1,2,1,1,0,1,5,1,1,16,1,3,0,1,0,0,1,0,4,2,5,3,9
2018.0,-213.0,0.0,0.0,3,4,3,0,0,0,1,4,1,1,0,1,5,1,1,16,1,3,0,1,0,1,2,0,6,4,5,8,9
2018.0,0.0,2.0,0.0,2,4,3,0,0,0,0,9,1,1,0,0,1,1,1,16,1,3,0,1,0,1,2,0,4,2,5,3,9
2018.0,-290.0,0.0,0.0,3,6,3,0,0,0,0,2,1,1,0,1,2,1,1,16,1,3,0,1,0,1,1,0,6,7,7,3,3
2018.0,-250.0,1.0,0.0,2,1,3,0,0,0,0,2,1,1,0,0,2,1,1,17,1,3,0,1,0,1,2,0,6,5,5,8,9
2018.0,91.0,0.0,0.0,3,6,3,0,0,0,1,5,1,1,0,1,5,1,1,17,1,3,0,1,0,0,1,0,4,7,5,8,3
2018.0,-370.0,0.0,0.0,3,1,3,0,0,0,1,2,1,1,0,1,2,1,1,17,1,3,0,1,0,2,1,0,6,2,5,3,9
2018.0,0.0,1.0,0.0,2,4,3,3,0,0,0,2,1,1,0,1,5,1,1,18,1,3,0,1,0,0,1,0,4,2,5,3,9
2018.0,0.0,1.0,0.0,3,4,4,0,0,0,0,5,1,1,0,1,2,1,1,18,1,3,0,1,0,1,1,0,4,2,5,3,9
2018.0,0.0,0.0,0.0,3,4,0,0,0,0,0,1,1,1,0,1,9,1,1,18,1,3,0,1,0,1,0,0,4,2,5,3,9
2018.0,-10.0,0.0,0.0,3,4,0,4,0,0,2,9,1,1,0,1,1,1,1,21,1,3,0,0,0,0,1,0,4,7,5,8,9
2018.0,-400.0,0.0,0.0,3,1,2,0,0,0,1,1,1,1,0,0,9,1,1,6,2,3,0,0,0,0,2,0,6,2,5,9,9
2018.0,-340.0,0.0,0.0,3,4,3,0,0,0,1,4,1,1,0,1,1,1,1,7,2,3,0,1,0,2,1,0,6,2,5,3,9
2018.0,-525.0,0.0,0.0,3,4,3,1,0,0,0,1,1,1,0,0,2,1,1,7,2,3,0,1,0,1,1,0,6,2,5,3,9
2018.0,25.0,0.0,0.0,3,12,3,0,0,0,2,8,1,1,1,1,9,1,1,11,2,3,0,0,0,0,1,0,6,5,5,6,5
2018.0,445.0,0.0,0.0,3,10,3,1,0,0,1,1,1,1,0,0,1,1,1,15,2,3,0,0,0,1,2,0,6,5,5,3,2
2018.0,258.0,0.0,0.0,3,10,3,1,0,0,1,9,1,1,0,0,9,1,1,16,2,3,0,1,0,1,1,0,4,9,5,3,2
2018.0,-261.0,0.0,0.0,3,1,3,0,0,0,0,5,1,1,0,0,1,1,1,18,2,3,0,1,0,2,2,0,6,2,5,3,9
2018.0,-362.0,2.0,0.0,2,1,3,0,0,0,0,2,1,1,0,0,1,1,1,18,2,3,0,1,0,1,2,0,6,2,5,3,9
2018.0,0.0,2.0,0.0,2,6,4,1,0,0,2,9,1,1,0,0,9,1,1,18,2,3,0,1,0,0,1,0,7,5,7,3,8
2018.0,0.0,0.0,0.0,3,6,3,0,0,0,1,9,1,1,0,0,9,1,1,18,2,3,0,1,0,1,1,0,4,7,5,8,3
2018.0,-170.0,0.0,0.0,3,1,0,1,0,0,0,9,1,1,0,1,9,1,1,6,3,3,0,0,0,1,0,0,6,4,5,3,9
2018.0,100.0,0.0,0.0,3,10,3,0,0,0,0,9,1,1,0,0,9,1,1,7,3,3,0,1,0,1,2,0,4,9,5,3,2
2018.0,-70.0,0.0,0.0,3,6,3,1,0,0,1,1,1,1,0,0,1,1,1,8,3,3,0,1,0,1,0,0,4,7,5,8,3
2018.0,0.0,1.0,0.0,2,6,3,0,0,0,0,2,1,1,0,0,2,1,1,8,3,3,0,1,0,2,1,0,4,7,5,8,9
2018.0,0.0,2.0,0.0,2,1,3,0,0,0,1,2,1,1,0,1,9,1,1,11,3,3,0,0,0,1,1,0,4,2,5,3,3
2018.0,0.0,3.0,0.0,2,4,3,0,0,0,0,5,1,1,0,1,2,1,1,12,3,3,0,0,0,1,2,0,4,2,5,3,9
2018.0,128.0,0.0,0.0,3,1,3,0,0,0,0,2,1,1,0,1,1,1,1,13,3,3,0,0,0,2,1,0,6,2,5,3,9
2018.0,977.0,1.0,0.0,3,1,3,0,0,2,1,1,1,1,0,1,5,1,1,14,3,3,0,0,0,1,1,0,6,2,5,3,3
2018.0,250.0,0.0,0.0,3,10,3,0,0,0,1,5,1,1,0,0,5,1,1,14,3,3,0,0,0,2,1,0,4,7,5,8,3
2018.0,0.0,0.0,0.0,3,6,3,0,0,0,0,5,1,1,0,1,5,1,1,16,3,3,0,1,0,1,1,0,4,7,5,8,3
2018.0,0.0,2.0,0.0,2,4,3,0,0,0,0,5,1,1,0,0,2,1,1,16,3,3,0,1,0,2,2,0,4,2,5,9,3
2018.0,140.0,0.0,0.0,3,10,3,0,0,0,0,5,1,1,0,1,5,1,1,16,3,3,0,1,0,1,1,0,4,5,5,3,3
2018.0,-75.0,0.0,0.0,3,6,3,0,0,0,1,1,1,1,0,1,1,1,1,16,3,3,0,1,0,2,2,0,7,5,5,3,3
2018.0,0.0,2.0,0.0,3,1,3,0,0,0,0,1,1,1,0,1,5,1,1,17,3,3,0,1,0,1,1,0,4,2,5,3,9
2018.0,-15.0,0.0,0.0,3,9,3,0,0,0,1,4,1,1,0,0,5,1,1,17,3,3,0,1,0,1,1,0,7,4,5,8,9
2018.0,32.0,2.0,0.0,3,6,3,0,0,0,0,9,1,1,0,0,9,1,1,17,3,3,0,1,0,1,1,0,4,7,5,8,3
2018.0,1408.0,5.0,0.0,2,6,3,0,0,0,1,1,1,1,0,1,1,1,1,17,3,3,0,1,0,2,1,0,6,7,5,8,3
2018.0,-130.0,2.0,0.0,2,6,3,0,0,0,1,1,1,1,0,1,1,1,1,18,3,3,0,1,0,1,1,0,7,7,5,8,8
2018.0,0.0,2.0,0.0,3,4,0,0,0,0,1,2,1,1,0,0,5,1,1,19,3,3,0,1,0,1,2,0,7,9,5,3,9
2018.0,0.0,0.0,0.0,3,6,0,0,0,0,1,1,1,1,0,1,1,1,1,19,3,3,0,1,0,1,1,0,7,7,5,8,3
2018.0,-75.0,0.0,0.0,3,6,0,0,0,0,1,2,1,1,0,0,2,1,1,21,3,3,0,0,0,1,1,0,7,7,5,8,3
2018.0,180.0,0.0,0.0,3,10,0,0,0,0,0,1,1,1,0,1,1,1,1,22,3,3,0,0,0,0,1,0,6,9,5,3,2
2018.0,-450.0,0.0,0.0,3,4,3,0,0,0,1,2,1,1,0,0,9,1,1,7,4,3,0,1,0,2,1,0,6,9,5,3,9
2018.0,10.0,0.0,0.0,3,1,3,0,0,0,0,3,1,1,0,0,1,1,1,7,4,3,0,1,0,1,0,0,7,4,5,3,9
2018.0,-109.0,1.0,0.0,3,5,3,0,0,0,1,9,1,1,1,1,1,1,1,10,4,3,0,0,0,1,1,0,6,7,5,6,3
2018.0,0.0,1.0,0.0,2,4,3,0,0,0,1,1,1,1,0,1,9,1,1,10,4,3,0,0,0,2,2,0,4,5,5,9,3
2018.0,195.0,1.0,0.0,2,10,3,0,0,0,0,5,1,1,2,1,5,1,1,14,4,3,0,0,0,2,0,0,6,2,5,3,6
2018.0,44.0,0.0,0.0,3,10,3,0,0,0,1,2,1,1,0,0,2,1,1,14,4,3,0,0,0,2,1,0,4,9,5,3,2
2018.0,-200.0,0.0,0.0,3,10,3,0,0,0,1,9,1,1,0,1,9,1,1,14,4,3,0,0,0,1,1,0,6,9,5,3,2
2018.0,-365.0,0.0,0.0,3,6,3,0,0,0,1,2,1,1,0,1,2,1,1,15,4,3,0,0,0,1,1,0,2,5,5,3,2
2018.0,218.0,2.0,0.0,2,6,3,0,0,0,1,1,1,1,0,1,1,1,1,15,4,3,0,0,0,1,1,0,6,7,5,8,3
2018.0,-46.0,0.0,0.0,3,10,3,0,0,0,0,5,1,1,0,1,5,1,1,16,4,3,0,1,0,2,1,0,6,9,5,8,2
2018.0,30.0,0.0,0.0,3,6,3,0,0,0,1,5,1,1,0,1,5,1,1,17,4,3,0,1,0,2,1,0,7,7,5,8,3
2018.0,150.0,0.0,0.0,3,6,0,0,0,0,1,5,1,1,0,1,5,1,1,18,4,3,0,1,0,1,1,0,6,7,5,8,3
2018.0,100.0,0.0,0.0,3,6,0,0,0,0,1,9,1,1,0,1,9,1,1,20,4,3,0,0,0,2,1,0,2,7,5,8,3
2018.0,0.0,1.0,0.0,3,4,0,0,0,0,0,2,1,1,0,0,5,1,1,1,5,3,1,0,0,2,2,0,7,2,5,3,9
2018.0,0.0,0.0,0.0,3,4,3,0,0,0,1,5,1,1,0,0,1,1,1,12,5,3,1,0,0,2,1,0,7,2,5,3,9
2018.0,-120.0,0.0,0.0,3,6,3,0,0,0,1,2,1,1,0,0,2,1,1,12,5,3,1,0,0,2,0,0,7,7,5,3,3
2018.0,0.0,0.0,0.0,3,1,3,1,0,0,1,5,1,1,0,0,5,1,1,13,5,3,1,0,0,1,1,0,7,2,5,9,3
2018.0,0.0,0.0,0.0,3,6,3,0,0,0,1,5,1,1,0,1,5,1,1,15,5,3,1,0,0,2,0,0,7,5,5,5,5
2018.0,20.0,0.0,0.0,3,9,3,3,4,0,1,2,1,1,0,1,5,1,1,15,5,3,1,0,1,1,1,0,4,9,5,8,3
2018.0,0.0,0.0,0.0,3,10,3,3,4,0,1,1,1,1,0,1,1,1,1,17,5,3,1,1,1,1,1,0,2,5,5,9,9
2018.0,200.0,1.0,0.0,2,5,4,0,0,0,2,2,1,1,2,1,2,1,1,18,5,3,1,1,0,0,1,0,6,3,5,3,3
2018.0,100.0,0.0,0.0,3,10,0,0,0,0,0,1,1,1,1,1,1,1,1,19,5,3,1,1,0,2,1,0,6,7,5,6,3
2018.0,75.0,0.0,0.0,3,6,0,0,0,0,2,1,1,1,0,0,9,1,1,20,5,3,1,0,0,0,2,0,7,5,5,8,1
2018.0,0.0,0.0,0.0,3,9,0,1,3,0,2,9,1,1,0,0,1,1,1,20,5,3,1,0,0,0,1,0,4,9,5,8,3
2018.0,100.0,0.0,0.0,3,6,0,1,0,0,2,9,1,1,0,1,9,1,1,20,5,3,1,0,0,0,1,0,7,7,5,8,3
2018.0,20.0,0.0,0.0,3,10,3,0,4,0,1,1,1,1,0,1,1,1,1,8,6,3,1,1,1,2,1,0,7,5,5,9,9
2018.0,95.0,0.0,0.0,3,10,3,1,4,0,0,2,1,1,0,0,2,1,1,9,6,3,1,1,1,1,1,0,6,9,7,3,3
2018.0,135.0,1.0,0.0,2,1,3,0,0,0,1,4,1,1,0,1,1,1,1,10,6,3,1,0,0,1,2,0,6,2,5,3,9
2018.0,0.0,0.0,0.0,3,4,3,1,0,0,1,6,1,1,0,1,2,1,1,10,6,3,1,0,0,1,1,0,7,2,5,3,9
2018.0,297.0,2.0,0.0,2,6,0,0,0,0,1,4,1,1,0,0,9,1,1,22,6,3,1,0,0,2,1,0,6,2,5,3,9
2018.0,0.0,2.0,0.0,2,4,3,0,0,0,0,6,1,1,0,1,7,1,1,7,0,3,0,1,0,1,1,0,4,2,5,2,9
2018.0,-480.0,0.0,0.0,3,4,3,0,0,0,1,5,1,1,0,1,2,1,1,8,0,3,0,1,0,1,1,0,6,2,5,3,9
2018.0,-48.0,1.0,0.0,3,1,3,0,0,0,1,1,1,1,3,1,2,1,1,8,0,3,0,1,0,1,2,0,4,2,5,7,9
2018.0,89.0,0.0,0.0,3,6,3,0,0,0,0,9,1,1,0,1,9,1,1,10,0,3,0,0,0,1,1,0,4,8,5,8,3
2018.0,378.0,0.0,0.0,3,10,3,0,0,0,1,9,1,1,1,1,9,1,1,11,0,3,0,0,0,1,1,0,6,7,5,6,3
2018.0,150.0,0.0,1.0,0,5,3,0,0,0,1,2,1,1,3,0,8,1,1,11,0,3,0,0,0,0,1,0,0,5,5,5,3
2018.0,0.0,0.0,0.0,3,4,3,0,0,0,0,7,1,1,0,0,1,1,1,12,0,3,0,0,0,1,1,0,4,2,5,3,9
2018.0,-18.0,0.0,0.0,3,6,3,0,0,0,0,1,1,1,0,1,1,1,1,14,0,3,0,0,0,1,2,0,7,7,5,8,3
2018.0,105.0,0.0,0.0,3,6,4,0,0,0,1,5,1,1,0,1,5,1,1,17,0,3,0,1,0,2,0,0,4,7,5,8,3
2018.0,217.0,0.0,0.0,3,10,4,0,0,0,0,2,1,1,0,0,2,1,1,18,0,3,0,1,0,2,2,0,6,9,5,3,2
2018.0,-200.0,1.0,0.0,3,6,4,0,0,0,1,2,1,1,0,0,2,1,1,18,0,3,0,1,0,2,1,0,4,7,5,8,8
2018.0,0.0,1.0,0.0,3,4,0,0,0,0,0,2,1,1,0,0,9,1,1,19,0,3,0,1,0,1,1,0,4,2,5,3,9
2018.0,-13.0,1.0,0.0,2,1,0,0,0,0,0,5,1,1,2,1,1,1,1,21,0,3,0,0,0,2,2,0,4,2,5,3,3
2018.0,500.0,0.0,0.0,3,1,0,0,0,0,2,5,1,1,1,1,9,1,1,1,1,3,0,0,0,0,1,0,6,5,5,6,3
2018.0,92.0,0.0,0.0,3,6,3,1,0,0,0,2,1,1,0,1,5,1,1,8,1,3,0,1,0,1,1,0,4,5,5,8,1
2018.0,118.0,1.0,0.0,3,6,3,0,0,0,0,9,1,1,0,0,9,1,1,9,1,3,0,1,0,1,1,0,6,8,5,8,3
2018.0,55.0,0.0,0.0,3,6,3,0,0,0,0,9,1,1,0,1,9,1,1,10,1,3,0,0,0,2,0,0,6,9,5,3,9
2018.0,-369.0,1.0,0.0,1,1,3,1,0,0,0,2,1,1,0,0,1,1,1,12,1,3,0,0,0,2,0,0,6,2,5,3,9