Year,Distance,Totalinjuries,Totalfatalities,Injuryseverity,Collisionmanner,Lightcondition,Weather,SurfaceCondition,Unittype_One,Gender_Drv1,Traveldirection_One,AlcoholUse_Drv1,DrugUse_Drv1,Unittype_Two,Gender_Drv2,Traveldirection_Two,AlcoholUse_Drv2,DrugUse_Drv2,Hour,Weekday,Month,Weekend,Rush_Hour,Hazardous_Road,Age_Group_Drv1,Age_Group_Drv2,Substance_Use,Junction_Category,Violation_Category_Drv1,Violation_Category_Drv2,Unitaction_Category_Two,Unitaction_Category_One
2018.0,160.0,0.0,0.0,3,10,3,0,0,0,0,1,1,1,0,1,1,1,1,14,1,3,0,0,0,1,2,0,6,9,5,3,3
2018.0,-61.0,1.0,0.0,3,6,3,0,0,0,0,2,1,1,0,0,2,1,1,16,1,3,0,1,0,1,1,0,4,7,5,8,3
2018.0,-278.0,0.0,0.0,3,10,3,1,0,0,0,1,1,1,0,1,1,1,1,17,1,3,0,1,0,1,2,0,6,9,5,8,2
2018.0,-86.0,2.0,0.0,3,6,3,0,0,0,0,5,1,1,0,1,5,1,1,17,1,3,0,1,0,1,1,0,6,8,5,8,3
2018.0,90.0,2.0,0.0,2,6,3,0,0,0,1,5,1,1,0,0,5,1,1,17,1,3,0,1,0,1,1,0,4,7,5,8,3
2018.0,255.0,0.0,0.0,3,4,3,0,0,0,1,5,1,1,0,1,1,1,1,7,2,3,0,1,0,0,1,0,6,2,5,3,9
2018.0,139.0,0.0,0.0,3,10,3,0,0,0,1,5,1,1,0,1,5,1,1,7,2,3,0,1,0,2,1,0,4,9,5,3,2
2018.0,-351.0,0.0,0.0,3,12,0,0,0,0,2,8,1,1,1,1,1,1,1,13,2,3,0,0,0,0,1,0,6,5,5,6,5
2018.0,376.0,0.0,0.0,3,1,3,0,0,0,0,5,1,1,0,0,9,1,1,13,2,3,0,0,0,0,0,0,6,2,5,3,9
2018.0,-275.0,0.0,0.0,3,4,3,0,0,0,1,9,1,1,0,0,2,1,1,14,2,3,0,0,0,2,2,0,0,2,5,3,9
2018.0,94.0,0.0,0.0,3,6,3,0,0,0,1,9,1,1,0,1,9,1,1,15,2,3,0,0,0,2,1,0,4,7,5,8,3
2018.0,0.25,0.0,0.0,3,10,3,0,0,0,2,2,1,1,0,1,2,1,1,16,2,3,0,1,0,0,1,0,6,4,5,3,2
2018.0,0.0,0.0,0.0,3,10,3,0,0,0,0,2,1,1,0,1,2,1,1,16,2,3,0,1,0,1,1,0,4,5,5,9,9
2018.0,143.0,0.0,0.0,3,10,3,0,0,0,1,1,1,1,0,0,5,1,1,16,2,3,0,1,0,1,1,0,4,2,5,8,9
2018.0,0.0,1.0,0.0,3,4,0,0,0,0,0,2,1,1,0,0,5,1,1,20,2,3,0,0,0,0,2,0,4,4,5,3,9
2018.0,0.0,1.0,0.0,2,3,0,0,0,0,2,2,1,1,2,0,1,1,1,21,2,3,0,0,0,0,2,0,4,5,5,3,5
2018.0,100.0,0.0,0.0,3,6,0,0,0,0,1,9,1,1,0,1,9,1,1,21,2,3,0,0,0,1,0,0,7,7,5,8,3
2018.0,0.0,3.0,0.0,2,4,0,0,0,0,0,9,1,1,0,0,1,1,1,21,2,3,0,0,0,1,0,0,7,2,5,3,9
2018.0,225.0,0.0,0.0,3,6,3,1,0,0,0,2,1,1,0,1,2,1,1,7,3,3,0,1,0,1,1,0,6,7,5,8,3
2018.0,-73.0,0.0,0.0,3,1,3,0,0,0,1,5,1,1,0,1,2,1,1,11,3,3,0,0,0,1,2,0,4,9,5,9,9
2018.0,50.0,1.0,0.0,2,4,3,1,0,0,0,9,1,1,0,0,2,1,1,12,3,3,0,0,0,2,1,0,6,2,5,3,9
2018.0,400.0,2.0,0.0,3,6,3,0,0,0,0,2,1,1,0,1,2,1,1,14,3,3,0,0,0,2,1,0,6,7,5,9,3
2018.0,298.0,0.0,0.0,3,6,3,0,0,0,0,5,1,1,0,1,5,1,1,15,3,3,0,0,0,1,1,0,6,7,5,3,8
2018.0,0.0,3.0,0.0,2,4,3,0,0,0,1,2,1,1,0,0,5,1,1,16,3,3,0,1,0,1,1,0,4,2,5,3,9
2018.0,0.0,0.0,0.0,3,4,3,0,0,0,0,2,1,1,0,0,1,1,1,16,3,3,0,1,0,1,2,0,4,2,5,3,9
2018.0,0.0,0.0,0.0,3,1,2,0,0,0,1,1,1,1,0,0,2,1,1,6,4,3,0,0,0,1,1,0,7,2,5,3,3
2018.0,-90.0,0.0,0.0,3,1,3,0,3,0,1,1,1,1,0,1,1,1,1,11,4,3,0,0,0,0,1,0,4,9,5,5,5
2018.0,530.0,0.0,0.0,3,4,3,0,0,0,0,5,1,1,0,1,9,1,1,13,4,3,0,0,0,1,1,0,6,2,5,3,9
2018.0,-97.0,1.0,0.0,3,6,3,0,0,0,0,1,1,1,0,0,1,1,1,13,4,3,0,0,0,2,1,0,4,7,5,8,3
2018.0,-82.0,0.0,0.0,3,10,3,0,0,0,1,9,1,1,0,0,9,1,1,14,4,3,0,0,0,2,1,0,6,9,5,3,2
2018.0,-200.0,0.0,0.0,3,4,3,0,0,0,0,5,1,1,0,0,9,1,1,14,4,3,0,0,0,1,1,0,6,2,5,3,9
2018.0,458.0,0.0,0.0,3,1,3,0,0,0,1,1,1,1,0,1,9,1,1,16,4,3,0,1,0,2,1,0,6,2,5,3,9
2018.0,0.0,0.0,0.0,3,1,3,0,0,0,1,1,1,1,0,0,2,1,1,17,4,3,0,1,0,2,1,0,7,5,5,3,9
2018.0,-299.0,0.0,0.0,3,10,3,0,0,0,1,1,1,1,0,0,9,1,1,17,4,3,0,1,0,1,1,0,6,4,5,3,2
2018.0,493.0,0.0,0.0,3,10,3,0,0,0,0,9,1,1,0,0,9,1,1,17,4,3,0,1,0,0,1,0,6,9,5,3,2
2018.0,20.0,0.0,0.0,3,6,3,0,0,0,1,5,1,1,0,1,5,1,1,18,4,3,0,1,0,2,1,0,6,8,5,8,3
2018.0,-100.0,0.0,0.0,3,6,0,0,0,0,2,2,1,1,0,0,2,1,1,23,4,3,0,0,0,0,1,0,4,7,5,5,3
2018.0,-1056.0,1.0,0.0,3,6,1,0,0,0,1,5,1,1,0,1,5,1,1,3,5,3,1,0,0,1,1,0,6,2,5,3,8
2018.0,0.41,1.0,0.0,2,6,3,0,0,0,1,2,1,1,0,0,2,1,1,9,5,3,1,1,0,1,1,0,6,7,5,8,3
2018.0,0.0,0.0,0.0,3,10,3,0,0,0,0,9,1,1,0,1,9,1,1,9,5,3,1,1,0,1,0,0,4,9,5,3,3
2018.0,0.0,0.0,0.0,3,1,3,0,0,0,2,3,1,1,0,0,9,1,1,10,5,3,1,0,0,0,1,0,7,2,5,3,9
2018.0,-488.0,0.0,0.0,3,6,3,0,0,0,0,1,1,1,0,0,1,1,1,14,5,3,1,0,0,0,1,0,6,7,5,3,3
2018.0,-20.0,0.0,0.0,3,6,0,0,0,0,2,2,1,1,0,1,2,1,1,1,6,3,1,0,0,0,2,0,7,7,5,8,3
2018.0,100.0,0.0,0.0,3,8,0,0,0,0,1,5,0,0,0,0,9,1,1,2,6,3,1,0,0,1,1,0,6,7,5,3,6
2018.0,0.0,2.0,0.0,2,4,3,0,0,0,1,1,1,1,0,0,9,1,1,7,6,3,1,1,0,0,1,0,4,2,5,9,3
2018.0,0.0,1.0,0.0,2,6,3,0,0,0,0,9,0,1,0,1,9,1,1,10,6,3,1,0,0,1,0,0,7,8,5,9,3
2018.0,-1000.0,0.0,0.0,3,12,0,0,3,0,2,8,1,1,0,0,8,1,1,21,6,3,1,0,0,0,0,0,6,5,5,3,3
2018.0,-398.0,0.0,1.0,0,1,0,1,0,3,0,1,1,0,0,1,2,1,1,22,6,3,1,0,0,1,1,0,6,2,7,8,7
2018.0,18.0,0.0,0.0,3,6,0,0,0,0,1,9,0,1,0,1,9,1,1,23,6,3,1,0,0,2,1,0,7,7,5,8,3
2018.0,-425.0,0.0,0.0,3,6,3,1,0,0,0,2,1,1,0,0,2,1,1,6,0,3,0,0,0,1,1,0,6,7,5,8,3
2018.0,0.0,0.0,0.0,3,6,3,0,0,0,1,9,1,1,0,1,2,1,1,8,0,3,0,1,0,0,1,0,2,8,5,9,9
2018.0,0.0,3.0,0.0,2,1,3,0,0,0,1,2,1,1,0,0,5,1,1,13,0,3,0,0,0,2,1,0,4,3,5,3,9
2018.0,70.0,0.0,0.0,3,10,3,0,0,0,1,9,1,1,0,1,9,1,1,14,0,3,0,0,0,2,2,0,2,9,5,3,3
2018.0,0.0,0.0,0.0,3,12,3,0,0,0,2,8,1,1,1,1,8,1,1,14,0,3,0,0,0,0,1,0,6,5,5,6,5
2018.0,1200.0,0.0,0.0,3,6,3,0,0,0,1,9,1,1,0,1,9,1,1,14,0,3,0,0,0,0,1,0,6,7,5,8,3
2018.0,0.0,1.0,0.0,3,10,3,0,0,0,0,1,1,1,0,0,1,1,1,15,0,3,0,0,0,2,0,0,4,5,5,9,9
2018.0,-30.0,1.0,0.0,3,6,3,0,0,0,1,1,1,1,0,0,1,1,1,16,0,3,0,1,0,2,1,0,4,7,5,3,3
2018.0,-257.0,2.0,0.0,3,6,3,0,0,0,0,1,1,1,0,0,1,1,1,16,0,3,0,1,0,1,1,0,4,9,5,8,2
2018.0,-350.0,0.0,0.0,3,6,3,0,0,0,1,2,1,1,0,1,2,1,1,17,0,3,0,1,0,2,2,0,6,7,5,8,3
2018.0,52.0,1.0,0.0,2,6,3,0,0,0,1,1,1,1,0,1,1,1,1,17,0,3,0,1,0,1,0,0,6,9,5,3,2
2018.0,100.0,0.0,0.0,3,6,3,0,0,0,1,5,1,1,0,1,5,1,1,17,0,3,0,1,0,0,2,0,7,5,5,8,8
2018.0,-170.0,0.0,0.0,3,6,3,0,0,0,1,9,1,1,0,1,9,1,1,17,0,3,0,1,0,2,1,0,6,5,5,8,3
2018.0,-100.0,0.0,0.0,3,10,3,0,0,0,1,2,1,1,0,1,2,1,1,6,1,3,0,0,0,1,2,0,6,9,5,3,2
2018.0,-425.0,0.0,0.0,3,6,3,0,0,0,0,2,1,1,0,1,2,1,1,7,1,3,0,1,0,1,1,0,6,7,5,8,3
2018.0,-82.0,1.0,0.0,2,4,3,0,0,0,0,2,1,1,0,1,5,1,1,8,1,3,0,1,0,1,2,0,6,2,5,3,9
2018.0,-265.0,0.0,0.0,3,1,3,0,0,0,1,9,1,1,0,0,9,1,1,8,1,3,0,1,0,0,1,0,6,4,5,3,9
2018.0,-75.0,0.0,0.0,3,6,3,0,0,0,2,2,1,1,0,0,2,1,1,11,1,3,0,0,0,0,1,0,4,7,5,8,3
2018.0,-295.0,1.0,0.0,2,1,3,0,0,0,1,5,1,1,0,1,5,1,1,14,1,3,0,0,0,0,1,0,6,4,5,3,9
2018.0,-13.0,1.0,0.0,3,1,3,0,0,0,1,2,1,1,0,1,1,1,1,15,1,3,0,0,0,1,1,0,0,2,5,3,9
2018.0,-144.0,1.0,0.0,2,6,3,4,3,0,0,1,1,1,0,0,1,1,1,15,1,3,0,0,0,1,2,0,4,5,5,8,3
2018.0,355.0,0.0,0.0,3,10,3,0,0,0,0,5,1,1,0,1,5,1,1,16,1,3,0,1,0,1,2,0,6,2,5,3,2
2018.0,-175.0,0.0,0.0,3,6,3,0,0,0,1,2,1,1,0,1,2,1,1,16,1,3,0,1,0,1,2,0,4,7,4,2,3
2018.0,-216.0,0.0,0.0,3,10,3,0,0,0,1,2,1,1,0,1,2,1,1,16,1,3,0,1,0,0,1,0,6,9,5,3,9
2018.0,-0.5,0.0,0.0,3,4,3,0,0,0,1,2,1,1,0,1,1,1,1,17,1,3,0,1,0,2,1,0,6,2,5,3,9
2018.0,10.0,0.0,0.0,3,6,3,0,0,0,1,1,1,1,0,1,1,1,1,17,1,3,0,1,0,1,0,0,6,7,5,8,3
2018.0,0.0,2.0,0.0,2,4,3,0,0,0,1,1,1,1,0,1,9,1,1,17,1,3,0,1,0,1,1,0,4,4,5,3,9
2018.0,0.0,0.0,0.0,3,4,3,0,0,0,0,1,1,1,0,1,9,1,1,17,1,3,0,1,0,1,1,0,4,2,5,3,9
2018.0,30.0,0.0,0.0,3,12,3,0,0,0,0,2,1,1,0,1,1,1,1,18,1,3,0,1,0,2,2,0,4,2,5,3,9
2018.0,150.0,0.0,0.0,3,4,0,0,0,0,0,9,1,1,0,1,5,1,1,18,1,3,0,1,0,2,0,0,6,2,5,3,9
2018.0,395.0,0.0,0.0,3,6,0,0,0,0,0,5,1,1,0,1,5,1,1,1,2,3,0,0,0,2,2,0,6,5,5,3,3
2018.0,402.0,0.0,0.0,3,4,3,0,0,0,0,2,1,1,0,1,9,1,1,9,2,3,0,1,0,1,2,0,6,4,5,3,9
2018.0,-153.0,2.0,0.0,2,6,3,0,0,0,0,1,1,1,0,1,1,1,1,11,2,3,0,0,0,1,1,0,4,7,5,8,3
2018.0,0.0,0.0,0.0,3,4,3,0,0,0,0,2,1,1,0,0,5,1,1,13,2,3,0,0,0,2,0,0,4,5,5,3,9
2018.0,344.0,0.0,0.0,3,10,3,0,0,0,0,2,1,1,0,1,2,1,1,13,2,3,0,0,0,1,2,0,6,9,5,3,2
2018.0,-81.0,0.0,0.0,3,6,3,0,0,0,0,2,1,1,0,0,2,1,1,14,2,3,0,0,0,2,1,0,4,7,5,8,3
2018.0,-56.0,0.0,0.0,3,10,3,1,0,0,2,1,1,1,0,0,2,1,1,15,2,3,0,0,0,0,2,0,7,4,5,3,9
2018.0,0.0,1.0,0.0,2,4,3,0,0,0,0,1,1,1,0,1,9,1,1,15,2,3,0,0,0,2,2,0,4,2,5,9,3
2018.0,184.0,0.0,0.0,3,1,3,0,0,0,1,5,1,1,0,0,5,1,1,16,2,3,0,1,0,1,1,0,6,5,5,9,3
2018.0,0.0,0.0,0.0,3,6,3,0,0,0,1,2,1,1,0,1,2,1,1,16,2,3,0,1,0,0,1,0,4,7,5,8,8
2018.0,86.0,0.0,0.0,3,10,3,0,0,0,0,9,1,1,0,0,9,1,1,16,2,3,0,1,0,1,2,0,4,9,5,3,2
2018.0,-68.0,1.0,0.0,2,8,3,0,0,0,1,7,1,1,0,1,2,1,1,17,2,3,0,1,0,1,1,0,4,5,5,8,1
2018.0,0.0,0.0,0.0,3,4,3,0,0,0,0,9,1,1,0,0,1,1,1,17,2,3,0,1,0,1,1,0,4,2,5,3,9
2018.0,180.0,0.0,0.0,3,6,3,0,0,0,1,1,1,1,0,0,1,1,1,17,2,3,0,1,0,1,0,0,6,7,5,8,8
2018.0,234.0,1.0,0.0,1,1,3,0,0,0,1,2,1,1,0,1,1,1,1,17,2,3,0,1,0,1,1,0,0,2,5,3,9
2018.0,0.0,1.0,0.0,2,4,4,0,0,0,1,9,1,1,0,1,5,1,1,18,2,3,0,1,0,2,1,0,4,2,5,9,3
2018.0,-200.0,1.0,0.0,2,6,0,0,0,0,1,2,0,1,0,1,2,1,1,19,2,3,0,1,0,1,1,0,4,7,5,8,3
2018.0,275.0,1.0,0.0,2,6,3,0,0,0,1,9,1,1,0,1,9,1,1,7,3,3,0,1,0,2,1,0,6,7,5,5,3
2018.0,130.0,0.0,0.0,3,6,3,0,0,0,1,2,1,1,0,1,5,1,1,8,3,3,0,1,0,0,1,0,6,5,5,8,1
2018.0,600.0,0.0,0.0,3,6,3,1,0,0,1,6,1,1,0,1,5,1,1,9,3,3,0,1,0,1,1,0,6,7,5,8,9
2018.0,-100.0,0.0,0.0,3,12,3,0,0,0,2,8,1,1,1,1,9,1,1,11,3,3,0,0,0,0,1,0,6,5,5,6,5
2018.0,0.0,0.0,0.0,3,4,3,1,0,0,1,1,1,1,0,1,1,1,1,12,3,3,0,0,0,1,1,0,2,5,5,9,9
2018.0,-185.0,0.0,0.0,3,4,3,1,0,0,1,9,1,1,0,1,2,1,1,13,3,3,0,0,0,2,1,0,6,2,5,3,9
2018.0,-56.0,0.0,0.0,3,6,3,0,0,0,1,1,1,1,0,0,1,1,1,13,3,3,0,0,0,1,1,0,4,7,5,8,3
2018.0,-430.0,2.0,0.0,2,6,3,0,0,0,1,1,1,1,0,0,1,1,1,14,3,3,0,0,0,0,1,0,4,7,5,8,3
2018.0,230.0,0.0,0.0,3,4,3,0,0,0,1,2,1,1,0,0,1,1,1,16,3,3,0,1,0,2,1,0,6,2,5,3,9
2018.0,93.0,0.0,0.0,3,6,3,0,0,0,0,1,1,1,0,0,1,1,1,16,3,3,0,1,0,0,1,0,6,7,5,8,3
2018.0,0.0,2.0,0.0,3,4,3,0,0,0,0,2,1,1,0,0,5,1,1,17,3,3,0,1,0,0,0,0,4,2,5,3,9
2018.0,700.0,1.0,0.0,2,6,3,1,0,0,1,9,1,1,0,0,9,1,1,18,3,3,0,1,0,1,2,0,7,7,5,8,3
2018.0,0.0,0.0,0.0,3,10,0,0,0,0,2,4,1,1,0,1,4,1,1,19,3,3,0,1,0,0,1,0,4,5,5,9,9
2018.0,-25.0,0.0,0.0,3,6,0,1,0,0,2,2,1,1,0,1,2,1,1,0,4,3,0,0,0,0,1,0,6,7,5,8,3
2018.0,0.0,1.0,0.0,2,4,3,0,0,0,1,5,1,1,0,0,2,1,1,7,4,3,0,1,0,1,1,0,4,2,5,3,9
2018.0,-100.0,0.0,0.0,3,10,3,0,0,0,1,2,1,1,0,0,2,1,1,7,4,3,0,1,0,1,1,0,7,9,5,3,2
2018.0,200.0,1.0,0.0,3,6,3,0,0,0,0,9,1,1,0,1,9,1,1,7,4,3,0,1,0,1,0,0,6,7,5,3,3
2018.0,-988.0,0.0,0.0,3,6,3,1,0,0,1,9,1,1,0,1,9,1,1,8,4,3,0,1,0,2,1,0,6,7,5,8,3
2018.0,-150.0,0.0,0.0,3,6,3,0,0,0,0,2,1,1,0,1,2,1,1,8,4,3,0,1,0,2,1,0,6,7,5,8,3
2018.0,250.0,0.0,0.0,3,10,3,0,0,0,0,9,1,1,0,1,9,1,1,13,4,3,0,0,0,1,2,0,6,5,5,3,2
2018.0,0.0,2.0,0.0,3,4,3,0,0,0,0,9,1,1,0,0,3,1,1,13,4,3,0,0,0,1,1,0,7,2,5,3,9
2018.0,300.0,0.0,0.0,3,1,3,0,0,0,0,5,1,1,0,0,5,1,1,13,4,3,0,0,0,2,1,0,6,9,5,3,2
2018.0,133.0,0.0,0.0,3,6,3,0,0,0,0,2,1,1,0,0,2,1,1,14,4,3,0,0,0,2,2,0,6,7,5,8,3
2018.0,30.0,0.0,0.0,3,6,3,0,0,0,1,1,1,1,0,0,1,1,1,15,4,3,0,0,0,0,1,0,7,7,5,9,3
2018.0,-264.0,1.0,0.0,2,3,3,0,0,0,0,1,1,1,0,0,9,1,1,16,4,3,0,1,0,1,1,0,0,2,2,9,9
2018.0,-316.0,1.0,0.0,2,10,3,0,0,0,0,1,1,1,2,1,1,1,1,17,4,3,0,1,0,2,1,0,0,2,5,3,9
2018.0,0.0,1.0,0.0,2,1,4,4,0,0,1,9,1,1,0,1,5,1,1,18,4,3,0,1,0,1,1,0,7,2,5,3,3
2018.0,0.0,0.0,0.0,3,10,0,0,0,0,0,1,1,1,0,0,1,1,1,20,4,3,0,0,0,1,1,0,4,5,5,9,9
2018.0,-475.0,0.0,0.0,3,6,0,0,0,0,1,1,1,1,0,1,1,1,1,20,4,3,0,0,0,2,2,0,6,7,5,8,3
2018.0,0.0,5.0,0.0,2,4,0,0,0,0,0,5,1,1,0,0,2,1,1,0,5,3,1,0,0,2,2,0,7,2,5,3,9
2018.0,40.0,0.0,0.0,3,6,0,0,0,0,0,5,0,1,0,0,5,1,1,5,5,3,1,0,0,1,0,0,2,7,5,3,3
2018.0,25.0,0.0,0.0,3,6,3,0,0,0,0,2,1,1,0,1,2,1,1,9,5,3,1,1,0,1,2,0,6,7,5,3,3
2018.0,420.0,0.0,0.0,3,1,3,0,0,0,1,4,1,1,0,1,2,1,1,13,5,3,1,0,0,1,1,0,6,7,5,3,9
2018.0,-15.0,0.0,0.0,3,6,3,0,0,0,2,1,1,1,0,1,1,1,1,14,5,3,1,0,0,0,1,0,7,7,5,8,3
2018.0,0.0,1.0,0.0,3,1,3,0,0,0,0,5,1,1,0,1,1,1,1,14,5,3,1,0,0,2,1,0,4,5,5,3,3
2018.0,36.0,0.0,0.0,3,10,3,0,0,0,2,1,1,1,0,0,1,1,1,16,5,3,1,1,0,0,1,0,6,9,5,3,9
2018.0,-100.0,0.0,0.0,3,10,4,0,0,0,1,1,1,1,0,1,1,1,1,18,5,3,1,1,0,1,1,0,6,9,5,3,2
2018.0,220.0,0.0,0.0,3,1,0,0,0,0,0,1,1,1,0,1,1,1,1,19,5,3,1,1,0,1,1,0,0,4,5,3,9
2018.0,0.0,3.0,0.0,2,4,0,0,0,0,1,9,1,1,0,1,1,1,1,20,5,3,1,0,0,2,2,0,7,2,5,3,9
2018.0,5.0,0.0,0.0,3,6,0,0,0,0,1,9,1,0,0,1,9,1,1,20,5,3,1,0,0,2,1,0,2,7,5,8,3
2018.0,-100.0,0.0,0.0,3,6,0,0,0,0,2,2,1,1,0,1,2,1,1,1,6,3,1,0,0,0,1,0,4,7,5,8,3
2018.0,16.0,0.0,0.0,3,10,3,0,0,0,0,9,1,1,0,0,9,1,1,11,6,3,1,0,0,0,0,0,7,5,5,9,9
2018.0,0.0,0.0,0.0,3,1,3,0,0,0,1,9,1,1,0,1,2,1,1,12,6,3,1,0,0,0,2,0,2,2,5,3,3
2018.0,0.0,0.0,0.0,3,1,3,0,0,0,1,2,1,1,0,0,2,1,1,12,6,3,1,0,0,1,2,0,6,9,5,9,3
2018.0,-150.0,0.0,0.0,3,1,3,0,0,0,1,2,1,1,0,1,9,1,1,16,6,3,1,1,0,1,2,0,6,2,5,3,9
2018.0,0.0,1.0,0.0,3,10,4,0,0,0,1,7,1,1,0,1,5,1,1,18,6,3,1,1,0,0,0,0,4,4,5,3,9
2018.0,0.0,4.0,0.0,2,1,2,0,0,0,1,1,1,1,0,1,2,1,1,6,0,3,0,0,0,1,2,0,2,2,5,3,3
2018.0,350.0,1.0,0.0,3,4,3,0,0,0,0,5,1,1,0,1,9,1,1,6,0,3,0,0,0,1,1,0,6,2,5,3,9
2018.0,42.0,0.0,0.0,3,6,3,0,0,0,1,1,1,1,0,1,1,1,1,7,0,3,0,1,0,2,1,0,4,7,5,8,3
2018.0,-200.0,0.0,0.0,3,1,3,0,0,0,0,1,1,1,0,1,9,1,1,8,0,3,0,1,0,1,2,0,6,2,5,3,9
2018.0,0.0,2.0,0.0,2,1,3,0,0,0,1,1,1,1,0,1,5,1,1,10,0,3,0,0,0,2,1,0,2,2,5,3,3
2018.0,0.0,0.0,0.0,3,4,3,0,0,0,2,9,1,1,0,1,1,1,1,11,0,3,0,0,0,0,2,0,4,2,5,3,9
2018.0,-172.0,1.0,0.0,3,10,3,0,0,0,1,1,1,1,0,0,1,1,1,14,0,3,0,0,0,0,1,0,4,9,5,8,2
2018.0,364.0,0.0,0.0,3,1,3,0,0,0,1,5,1,1,0,1,8,1,1,14,0,3,0,0,0,1,1,0,6,4,5,3,9
2018.0,0.0,2.0,0.0,2,1,3,0,0,0,0,1,1,1,0,1,2,1,1,15,0,3,0,0,0,1,0,0,4,2,5,9,9
2018.0,0.0,0.0,0.0,3,4,3,0,0,0,1,2,1,1,0,0,5,1,1,16,0,3,0,1,0,1,2,0,4,2,5,3,9
2018.0,-145.0,0.0,0.0,3,1,3,0,0,0,0,1,1,1,0,0,2,1,1,17,0,3,0,1,0,1,1,0,0,2,5,3,9
2018.0,0.0,0.0,0.0,3,4,3,0,0,0,0,9,1,1,0,0,1,1,1,17,0,3,0,1,0,1,2,0,7,2,5,3,9
2018.0,-15.0,0.0,0.0,3,10,3,0,0,0,1,5,1,1,0,1,5,1,1,17,0,3,0,1,0,2,1,0,2,9,5,3,3
2018.0,-300.0,3.0,0.0,2,4,3,0,0,0,1,2,1,1,0,1,1,1,1,18,0,3,0,1,0,2,1,0,0,2,5,3,9
2018.0,0.0,3.0,0.0,2,4,3,0,0,0,1,1,1,1,0,0,9,1,1,7,1,3,0,1,0,1,1,0,4,2,5,3,9
2018.0,150.0,0.0,0.0,3,6,3,0,0,0,0,9,1,1,0,0,9,1,1,7,1,3,0,1,0,1,1,0,6,8,5,8,3
2018.0,-135.0,0.0,0.0,3,10,3,0,0,0,2,1,1,1,0,1,1,1,1,8,1,3,0,1,0,0,1,0,4,9,5,3,2
2018.0,-37.0,0.0,0.0,3,1,3,0,0,0,1,5,1,1,0,1,9,1,1,9,1,3,0,1,0,1,0,0,4,2,5,8,9
2018.0,885.0,1.0,0.0,2,1,3,0,0,0,2,2,1,1,2,0,9,1,1,13,1,3,0,0,0,0,2,0,6,7,9,3,3
2018.0,-340.0,0.0,0.0,3,10,3,0,0,0,0,9,1,1,0,1,9,1,1,15,1,3,0,0,0,2,2,0,4,9,5,3,2
2018.0,-80.0,0.0,0.0,3,6,3,0,0,0,0,1,1,1,0,1,1,1,1,15,1,3,0,0,0,0,1,0,4,7,5,8,3
2018.0,-405.0,0.0,0.0,3,6,3,0,0,0,1,2,1,1,0,1,2,1,1,16,1,3,0,1,0,1,2,0,4,7,5,8,3
2018.0,-72.0,0.0,0.0,3,6,3,0,0,0,1,1,1,1,0,1,1,1,1,17,1,3,0,1,0,1,1,0,4,7,5,8,3
2018.0,460.0,0.0,0.0,3,4,3,0,0,0,1,1,1,1,0,0,5,1,1,17,1,3,0,1,0,2,1,0,0,2,5,3,9
2018.0,100.0,0.0,0.0,3,10,3,0,0,0,0,9,1,1,0,1,9,1,1,18,1,3,0,1,0,2,1,0,4,9,5,3,3
2018.0,194.0,0.0,0.0,3,10,4,0,0,0,0,1,1,1,0,1,1,1,1,18,1,3,0,1,0,2,1,0,4,9,5,3,2
2018.0,10.0,1.0,0.0,1,3,4,0,0,3,1,2,1,1,0,0,9,1,1,18,1,3,0,1,0,1,0,0,4,2,5,3,7
2018.0,10.0,1.0,0.0,2,5,0,0,0,2,1,9,1,1,0,1,5,1,1,20,1,3,0,0,0,1,1,0,2,2,5,3,3
2018.0,0.0,0.0,0.0,3,4,0,0,0,0,1,7,1,1,0,0,1,1,1,20,1,3,0,0,0,2,1,0,4,2,5,3,9
2018.0,150.0,1.0,0.0,3,6,0,0,0,0,1,1,1,1,0,0,1,1,1,20,1,3,0,0,0,2,2,0,6,5,5,8,3
2018.0,0.0,0.0,0.0,3,4,3,0,0,0,1,2,1,1,0,0,1,1,1,7,2,3,0,1,0,1,2,0,4,2,5,3,9
2018.0,-630.0,0.0,0.0,3,4,3,0,0,0,1,5,1,1,0,1,1,1,1,8,2,3,0,1,0,1,1,0,6,2,5,3,9
2018.0,-270.0,0.0,0.0,3,10,3,0,0,0,1,1,1,1,0,0,1,1,1,9,2,3,0,1,0,1,1,0,6,5,5,3,6
2018.0,0.0,0.0,0.0,3,6,3,0,0,0,1,1,1,1,0,1,1,1,1,10,2,3,0,0,0,0,2,0,4,7,5,8,1
2018.0,0.0,0.0,0.0,3,1,3,0,0,0,0,2,1,1,0,1,9,1,1,11,2,3,0,0,0,2,1,0,4,2,5,3,9
2018.0,93.0,0.0,0.0,3,10,3,0,0,0,1,9,1,1,0,0,9,1,1,13,2,3,0,0,0,1,2,0,4,5,5,8,3
2018.0,0.0,0.0,0.0,3,4,3,0,0,0,0,5,1,1,0,0,2,1,1,14,2,3,0,0,0,1,0,0,4,2,5,3,9
2018.0,0.0,3.0,0.0,3,4,3,0,0,0,0,6,1,1,0,0,2,1,1,14,2,3,0,0,0,1,2,0,4,2,5,3,9
2018.0,-70.0,3.0,0.0,2,6,3,0,0,0,0,1,1,1,0,1,1,1,1,16,2,3,0,1,0,2,1,0,4,7,5,8,3
2018.0,473.0,0.0,0.0,3,10,3,0,0,0,1,5,1,1,0,1,5,1,1,17,2,3,0,1,0,1,1,0,4,9,5,3,2
2018.0,0.0,0.0,0.0,3,4,3,0,0,0,0,9,1,1,0,1,1,1,1,17,2,3,0,1,0,1,2,0,4,2,5,3,9