Year,Distance,Totalinjuries,Totalfatalities,Injuryseverity,Collisionmanner,Lightcondition,Weather,SurfaceCondition,Unittype_One,Gender_Drv1,Traveldirection_One,AlcoholUse_Drv1,DrugUse_Drv1,Unittype_Two,Gender_Drv2,Traveldirection_Two,AlcoholUse_Drv2,DrugUse_Drv2,Hour,Weekday,Month,Weekend,Rush_Hour,Hazardous_Road,Age_Group_Drv1,Age_Group_Drv2,Substance_Use,Junction_Category,Violation_Category_Drv1,Violation_Category_Drv2,Unitaction_Category_Two,Unitaction_Category_One
2018.0,0.0,2.0,0.0,3,4,0,0,0,0,1,9,1,1,0,1,1,1,1,19,2,3,0,1,0,1,1,0,7,2,7,3,9
2018.0,-36.0,0.0,0.0,3,10,0,0,0,0,2,1,1,1,0,1,1,1,1,21,2,3,0,0,0,0,1,0,4,5,5,2,5
2018.0,0.0,0.0,0.0,3,4,2,0,0,0,1,5,1,1,0,1,1,1,1,5,3,3,0,0,0,1,1,0,4,2,5,9,3
2018.0,-109.0,0.0,0.0,3,6,3,0,0,0,2,2,1,1,0,1,2,1,1,7,3,3,0,1,0,0,1,0,4,9,5,8,2
2018.0,0.0,3.0,0.0,3,1,3,0,0,0,0,9,1,1,0,0,2,1,1,8,3,3,0,1,0,1,1,0,4,2,5,3,3
2018.0,0.0,0.0,0.0,3,1,3,0,0,0,0,1,1,1,0,0,5,1,1,10,3,3,0,0,0,0,1,0,4,2,5,3,3
2018.0,-115.0,0.0,0.0,3,6,3,0,0,0,1,1,1,1,0,0,1,1,1,10,3,3,0,0,0,1,2,0,4,8,5,8,3
2018.0,182.0,2.0,0.0,3,6,3,0,0,0,1,2,1,1,0,0,2,1,1,10,3,3,0,0,0,1,2,0,6,7,5,8,3
2018.0,-108.0,2.0,0.0,2,6,3,0,0,0,0,5,1,1,0,1,5,1,1,10,3,3,0,0,0,1,0,0,6,7,5,8,3
2018.0,-102.0,0.0,0.0,3,6,3,0,0,0,1,2,1,1,0,1,2,1,1,12,3,3,0,0,0,1,2,0,4,8,5,8,3
2018.0,0.0,0.0,0.0,3,10,3,0,0,0,1,2,1,1,0,0,2,1,1,13,3,3,0,0,0,2,2,0,4,9,5,9,3
2018.0,-119.0,0.0,0.0,3,10,3,0,0,0,0,5,1,1,0,1,5,1,1,13,3,3,0,0,0,1,1,0,6,5,5,3,5
2018.0,100.0,0.0,0.0,3,1,3,0,0,0,1,5,1,1,0,1,9,1,1,13,3,3,0,0,0,2,0,0,6,2,5,3,9
2018.0,0.0,1.0,0.0,3,1,3,0,0,0,1,2,1,1,0,1,1,1,1,16,3,3,0,1,0,1,1,0,4,2,5,3,3
2018.0,-292.0,0.0,0.0,3,10,3,0,0,0,0,1,1,1,0,1,1,1,1,16,3,3,0,1,0,1,2,0,6,9,5,3,2
2018.0,-152.0,0.0,0.0,3,6,3,0,0,0,1,1,1,1,0,0,1,1,1,16,3,3,0,1,0,2,1,0,6,8,5,8,3
2018.0,0.0,1.0,0.0,2,1,3,0,0,0,1,9,1,1,0,1,2,1,1,17,3,3,0,1,0,1,2,0,4,2,7,3,9
2018.0,-309.0,1.0,0.0,3,6,3,0,0,0,0,1,1,1,0,1,1,1,1,18,3,3,0,1,0,1,1,0,6,7,5,8,3
2018.0,0.0,1.0,0.0,2,4,4,0,0,0,0,2,1,1,0,0,5,1,1,18,3,3,0,1,0,1,1,0,4,2,5,3,9
2018.0,-50.0,0.0,0.0,3,10,0,0,0,0,0,9,1,1,0,0,9,1,1,21,3,3,0,0,0,2,1,0,6,9,5,3,2
2018.0,-100.0,0.0,0.0,3,6,0,0,0,0,1,2,1,1,0,1,2,1,1,21,3,3,0,0,0,2,0,0,7,7,5,8,3
2018.0,0.0,0.0,0.0,3,4,0,0,0,0,0,5,1,1,0,0,2,1,1,0,4,3,0,0,0,2,1,0,4,2,5,3,9
2018.0,0.0,0.0,0.0,3,1,3,0,0,0,1,1,1,1,0,1,2,1,1,6,4,3,0,0,0,2,1,0,7,2,5,9,3
2018.0,0.0,0.0,0.0,3,1,3,0,0,0,0,2,1,1,0,0,9,1,1,8,4,3,0,1,0,2,1,0,7,7,5,9,3
2018.0,100.0,0.0,0.0,3,10,3,0,0,0,1,7,1,1,0,0,7,1,1,9,4,3,0,1,0,1,1,0,7,5,5,9,9
2018.0,0.0,1.0,0.0,3,4,3,0,0,0,0,5,1,1,0,0,2,1,1,12,4,3,0,0,0,1,1,0,7,2,5,3,9
2018.0,-100.0,0.0,0.0,3,1,3,1,0,0,0,1,1,1,0,1,1,1,1,12,4,3,0,0,0,1,2,0,7,9,9,2,8
2018.0,690.0,0.0,0.0,3,4,3,0,0,0,1,2,1,1,0,0,9,1,1,12,4,3,0,0,0,1,1,0,6,9,5,8,9
2018.0,-880.0,1.0,0.0,2,1,3,0,0,2,1,1,1,1,0,1,5,1,1,13,4,3,0,0,0,1,1,0,6,5,5,9,3
2018.0,-700.0,0.0,0.0,3,10,3,0,0,0,1,5,1,1,0,1,5,1,1,14,4,3,0,0,0,1,1,0,6,5,5,3,3
2018.0,191.0,2.0,0.0,3,6,3,0,0,0,0,5,1,1,0,1,5,1,1,14,4,3,0,0,0,1,1,0,7,7,5,8,3
2018.0,0.0,0.0,0.0,3,4,3,0,0,0,1,1,1,1,0,1,2,1,1,15,4,3,0,0,0,0,1,0,7,2,5,3,9
2018.0,50.0,0.0,0.0,3,6,3,0,0,0,0,6,1,1,0,0,9,1,1,15,4,3,0,0,0,2,2,0,6,7,5,3,9
2018.0,350.0,0.0,0.0,3,10,3,0,0,0,0,1,1,1,0,1,1,1,1,16,4,3,0,1,0,2,1,0,6,9,5,3,2
2018.0,0.0,0.0,0.0,3,5,0,0,0,0,0,5,1,1,0,1,5,1,1,19,4,3,0,1,0,2,1,0,4,2,5,3,9
2018.0,25.0,0.0,0.0,3,6,3,0,0,0,0,9,1,1,0,0,9,1,1,17,5,3,1,1,0,1,2,0,7,7,5,8,3
2018.0,0.0,0.0,0.0,3,4,4,0,0,0,2,6,1,1,0,1,2,1,1,18,5,3,1,1,0,0,0,0,7,5,5,3,9
2018.0,-96.0,0.0,0.0,3,6,3,0,0,0,1,1,1,1,0,1,1,1,1,18,5,3,1,1,0,1,1,0,7,7,5,8,3
2018.0,50.0,3.0,0.0,3,10,0,0,0,0,1,9,1,1,0,1,9,1,1,19,5,3,1,1,0,1,2,0,7,9,5,3,0
2018.0,-115.0,1.0,0.0,3,6,0,0,0,0,1,1,1,1,0,1,1,1,1,21,5,3,1,0,0,2,1,0,7,7,5,8,3
2018.0,0.0,0.0,0.0,3,4,0,0,0,0,1,2,0,1,0,1,2,1,1,0,6,4,1,0,0,1,2,0,4,4,5,3,9
2018.0,35.0,0.0,0.0,3,5,0,4,3,0,2,1,1,1,1,1,5,1,1,6,6,4,1,0,0,0,1,0,4,7,5,6,9
2018.0,21.0,0.0,0.0,3,0,3,0,0,0,0,9,1,1,0,0,9,1,1,8,6,4,1,1,0,0,1,0,7,4,5,3,9
2018.0,0.0,0.0,0.0,3,6,3,0,0,0,0,5,1,1,0,0,5,1,1,12,6,4,1,0,0,2,2,0,2,7,5,8,8
2018.0,0.0,0.0,0.0,3,4,3,0,0,0,0,6,1,1,0,1,2,1,1,12,6,4,1,0,0,2,1,0,4,2,5,3,9
2018.0,36.0,4.0,0.0,2,6,0,0,0,0,1,5,1,1,0,1,5,1,1,19,6,4,1,1,0,1,0,0,7,7,5,9,3
2018.0,10.0,4.0,0.0,3,4,0,0,0,0,0,6,1,1,0,0,2,1,1,19,6,4,1,1,0,2,1,0,4,2,5,3,9
2018.0,418.0,0.0,0.0,3,6,0,0,0,0,1,5,1,1,0,0,5,1,1,21,6,4,1,0,0,1,1,0,6,7,5,3,3
2018.0,270.0,0.0,0.0,3,6,0,0,0,0,1,5,1,1,0,1,5,1,1,22,6,4,1,0,0,2,1,0,9,7,5,8,3
2018.0,-60.0,2.0,0.0,2,6,3,0,0,0,0,2,1,1,0,1,2,1,1,7,0,4,0,1,0,2,2,0,4,7,5,8,3
2018.0,180.0,0.0,0.0,3,6,3,0,0,0,0,5,1,1,0,0,5,1,1,8,0,4,0,1,0,1,2,0,6,8,5,8,3
2018.0,0.0,1.0,0.0,2,4,3,0,0,0,1,2,1,1,0,1,5,1,1,9,0,4,0,1,0,0,2,0,4,2,5,3,9
2018.0,0.0,2.0,0.0,2,4,3,0,0,0,0,5,1,1,0,1,2,1,1,9,0,4,0,1,0,1,2,0,7,5,5,9,3
2018.0,-60.0,0.0,0.0,3,1,3,0,0,0,1,5,1,1,0,1,9,1,1,10,0,4,0,0,0,0,2,0,4,2,5,3,9
2018.0,0.0,1.0,0.0,3,1,3,0,0,0,1,5,1,1,0,0,9,1,1,10,0,4,0,0,0,2,1,0,7,5,5,3,3
2018.0,0.0,1.0,0.0,3,4,3,0,0,0,1,7,1,1,0,1,1,1,1,11,0,4,0,0,0,1,2,0,4,2,5,3,9
2018.0,106.0,0.0,0.0,3,6,3,0,0,0,0,5,1,1,0,0,5,1,1,12,0,4,0,0,0,1,2,0,4,8,5,8,3
2018.0,-280.0,0.0,0.0,3,1,3,0,0,0,0,5,1,1,0,1,1,1,1,12,0,4,0,0,0,1,1,0,4,2,5,3,9
2018.0,232.0,1.0,0.0,3,10,3,0,0,0,0,1,1,1,0,1,1,1,1,12,0,4,0,0,0,2,2,0,6,9,5,3,2
2018.0,-109.0,0.0,0.0,3,6,3,0,0,0,1,1,1,1,0,1,1,1,1,15,0,4,0,0,0,0,0,0,4,8,5,8,3
2018.0,60.0,0.0,0.0,3,10,3,0,0,0,0,5,1,1,0,0,5,1,1,16,0,4,0,1,0,1,1,0,4,9,5,8,3
2018.0,34.0,0.0,0.0,3,6,3,0,0,0,1,1,1,1,0,1,1,1,1,16,0,4,0,1,0,1,1,0,6,8,5,8,3
2018.0,-65.0,2.0,0.0,3,10,3,0,0,0,0,2,1,1,0,0,2,1,1,17,0,4,0,1,0,2,2,0,6,7,5,8,3
2018.0,280.0,0.0,0.0,3,6,3,0,0,0,1,2,1,1,0,0,2,1,1,17,0,4,0,1,0,1,1,0,6,7,5,8,8
2018.0,0.25,1.0,0.0,2,6,3,0,0,0,0,5,1,1,0,1,5,1,1,17,0,4,0,1,0,2,1,0,6,7,5,8,8
2018.0,69.0,1.0,0.0,3,6,3,0,0,0,1,5,1,1,0,0,5,1,1,17,0,4,0,1,0,1,1,0,4,8,5,8,3
2018.0,-38.0,0.0,0.0,3,6,4,0,0,0,0,2,1,1,0,0,2,1,1,18,0,4,0,1,0,1,0,0,4,8,5,3,3
2018.0,-25.0,0.0,0.0,3,10,0,0,0,0,1,1,1,1,0,0,1,1,1,20,0,4,0,0,0,2,1,0,2,9,5,3,2
2018.0,12.0,0.0,0.0,3,6,0,0,0,0,1,2,1,1,0,1,2,1,1,20,0,4,0,0,0,2,1,0,6,7,5,8,3
2018.0,-41.0,0.0,0.0,3,6,1,0,0,0,1,9,0,1,1,1,9,1,1,2,1,4,0,0,0,1,0,0,6,7,5,6,3
2018.0,46.0,1.0,0.0,2,4,3,0,0,0,0,6,1,1,3,0,2,1,1,7,1,4,0,1,0,1,2,0,4,2,5,7,9
2018.0,437.0,2.0,0.0,2,6,3,0,0,0,1,9,1,1,0,1,9,1,1,7,1,4,0,1,0,1,1,0,6,7,5,8,3
2018.0,0.0,0.0,0.0,3,4,3,0,0,0,0,3,1,1,0,0,2,1,1,8,1,4,0,1,0,2,1,0,4,2,5,3,9
2018.0,99.0,0.0,0.0,3,6,3,0,0,0,0,5,1,1,0,1,5,1,1,8,1,4,0,1,0,0,0,0,2,7,5,8,3
2018.0,0.0,1.0,0.0,3,6,3,0,0,0,1,2,1,1,0,0,2,1,1,10,1,4,0,0,0,1,0,0,4,8,5,9,3
2018.0,-282.0,0.0,0.0,3,10,3,0,0,0,1,1,1,1,0,1,1,1,1,10,1,4,0,0,0,1,1,0,4,9,5,3,2
2018.0,-107.0,1.0,0.0,2,6,3,0,0,0,0,5,1,1,0,1,5,1,1,11,1,4,0,0,0,2,1,0,6,8,5,8,3
2018.0,-65.0,0.0,0.0,3,6,3,0,0,0,0,9,1,1,0,1,9,1,1,12,1,4,0,0,0,1,2,0,6,7,5,8,8
2018.0,379.0,1.0,0.0,2,6,3,0,0,0,1,9,1,1,0,1,9,1,1,13,1,4,0,0,0,1,1,0,4,7,5,8,3
2018.0,0.0,0.0,0.0,3,1,3,0,0,0,1,1,1,1,0,0,2,1,1,15,1,4,0,0,0,1,2,0,4,2,5,3,3
2018.0,-134.0,1.0,0.0,3,4,3,0,0,0,1,5,1,1,0,1,1,1,1,16,1,4,0,1,0,1,1,0,6,2,5,3,9
2018.0,39.0,0.0,0.0,3,9,3,0,0,0,1,2,1,1,0,1,9,1,1,16,1,4,0,1,0,0,1,0,4,4,4,9,9
2018.0,-41.0,0.0,0.0,3,12,3,0,0,0,1,6,1,1,0,1,5,1,1,16,1,4,0,1,0,1,1,0,6,5,5,5,9
2018.0,29.0,1.0,0.0,2,6,3,0,0,0,0,5,1,1,0,1,5,1,1,17,1,4,0,1,0,1,1,0,6,7,5,8,8
2018.0,-568.0,0.0,0.0,3,6,3,0,0,0,1,1,1,1,0,0,1,1,1,17,1,4,0,1,0,2,1,0,6,7,5,8,3
2018.0,604.0,0.0,0.0,3,6,3,0,0,0,2,1,1,1,0,1,1,1,1,18,1,4,0,1,0,0,0,0,6,7,5,8,3
2018.0,-17.0,0.0,0.0,3,4,0,0,0,0,0,5,1,1,0,0,1,1,1,22,1,4,0,0,0,1,2,0,7,2,5,3,9
2018.0,-39.0,0.0,0.0,3,6,0,0,0,0,0,1,1,1,0,1,1,1,1,22,1,4,0,0,0,2,1,0,7,7,5,8,8
2018.0,30.0,0.0,0.0,3,10,0,0,0,0,1,9,0,0,1,1,9,1,1,2,2,4,0,0,0,1,1,0,4,7,5,6,3
2018.0,-264.0,0.0,0.0,3,6,2,0,0,0,1,1,1,1,0,1,1,1,1,5,2,4,0,0,0,2,0,0,6,7,5,8,3
2018.0,0.0,0.0,0.0,3,4,3,0,0,0,1,5,1,1,0,1,5,1,1,6,2,4,0,0,0,1,1,0,7,4,5,3,9
2018.0,-100.0,0.0,0.0,3,10,3,0,0,0,0,2,1,1,0,0,2,1,1,6,2,4,0,0,0,0,1,0,4,5,5,2,2
2018.0,0.0,1.0,0.0,1,1,3,0,0,0,0,9,1,1,0,0,2,1,1,7,2,4,0,1,0,2,1,0,4,2,5,3,9
2018.0,0.0,0.0,0.0,3,1,3,0,0,0,0,9,1,1,0,0,5,1,1,7,2,4,0,1,0,2,1,0,4,5,5,3,3
2018.0,5.0,0.0,0.0,3,10,3,0,0,0,0,9,1,1,0,1,9,1,1,8,2,4,0,1,0,1,1,0,7,9,5,3,2
2018.0,100.0,0.0,0.0,3,6,3,0,0,0,1,9,1,1,0,0,9,1,1,8,2,4,0,1,0,1,1,0,4,7,5,8,3
2018.0,86.0,1.0,0.0,3,6,3,0,0,0,1,9,1,1,0,0,9,1,1,12,2,4,0,0,0,2,1,0,4,7,5,8,3
2018.0,-54.0,0.0,0.0,3,6,3,0,0,0,1,1,1,1,0,1,1,1,1,13,2,4,0,0,0,2,1,0,4,8,5,8,3
2018.0,71.0,0.0,0.0,3,6,3,0,0,0,1,5,1,1,0,0,5,1,1,14,2,4,0,0,0,1,1,0,4,7,5,8,3
2018.0,150.0,0.0,0.0,3,6,3,0,0,0,1,9,1,1,0,1,9,1,1,15,2,4,0,0,0,1,2,0,6,7,5,8,3
2018.0,-700.0,1.0,0.0,2,4,3,0,0,0,0,9,1,1,0,1,1,1,1,17,2,4,0,1,0,1,1,0,6,2,5,3,9
2018.0,-145.0,0.0,0.0,3,3,1,0,0,0,0,2,0,1,0,1,5,1,1,23,2,4,0,0,0,1,1,0,6,7,5,6,3
2018.0,-312.0,1.0,0.0,2,4,0,0,0,0,0,9,1,1,0,1,1,1,1,3,3,4,0,0,0,1,1,0,6,2,5,3,9
2018.0,-345.0,0.0,0.0,3,10,2,0,0,0,1,2,1,1,0,0,2,1,1,6,3,4,0,0,0,2,2,0,6,9,2,3,2
2018.0,0.0,0.0,0.0,3,10,3,0,0,0,2,4,1,1,0,0,2,1,1,7,3,4,0,1,0,0,2,0,4,5,5,3,9
2018.0,-25.0,0.0,0.0,3,1,3,0,0,0,0,5,1,1,0,0,1,1,1,7,3,4,0,1,0,1,1,0,4,7,5,8,9
2018.0,165.0,1.0,0.0,3,6,3,0,0,0,1,2,1,1,0,0,2,1,1,7,3,4,0,1,0,0,1,0,6,7,5,8,3
2018.0,0.0,0.0,0.0,3,4,3,0,0,0,1,5,1,1,0,1,1,1,1,8,3,4,0,1,0,2,1,0,4,2,5,9,3
2018.0,27.0,1.0,0.0,2,1,3,0,0,2,0,5,1,1,0,1,9,1,1,9,3,4,0,1,0,1,1,0,4,2,5,9,3
2018.0,181.0,1.0,0.0,2,6,3,0,0,0,0,9,1,1,0,1,9,1,1,11,3,4,0,0,0,2,0,0,6,7,5,8,3
2018.0,42.0,1.0,0.0,3,6,3,0,0,0,0,9,1,1,0,1,9,1,1,14,3,4,0,0,0,2,2,0,4,5,5,8,3
2018.0,0.0,2.0,0.0,3,4,3,0,0,0,1,5,1,1,0,0,2,1,1,14,3,4,0,0,0,2,1,0,4,5,5,9,3
2018.0,452.0,0.0,0.0,3,4,3,0,0,0,0,5,1,1,0,1,1,1,1,14,3,4,0,0,0,2,2,0,6,2,5,3,9
2018.0,-45.0,0.0,0.0,3,1,3,0,0,2,1,2,1,1,0,1,1,1,1,15,3,4,0,0,0,2,2,0,4,9,5,8,0
2018.0,-103.0,1.0,0.0,2,1,3,0,0,0,1,1,1,1,2,1,1,1,1,15,3,4,0,0,0,1,2,0,0,2,5,3,9
2018.0,376.0,0.0,0.0,3,10,3,0,0,0,0,9,1,1,0,0,9,1,1,16,3,4,0,1,0,0,2,0,6,9,5,8,9
2018.0,-45.0,0.0,0.0,3,6,3,0,0,0,1,5,1,1,0,0,5,1,1,17,3,4,0,1,0,1,0,0,6,8,5,8,3
2018.0,0.0,2.0,0.0,2,4,3,0,0,0,0,2,1,1,0,1,5,1,1,17,3,4,0,1,0,2,1,0,4,2,5,3,9
2018.0,0.0,0.0,0.0,3,4,3,0,0,0,1,2,1,1,0,1,5,1,1,17,3,4,0,1,0,1,1,0,4,2,5,3,9
2018.0,0.0,1.0,0.0,3,1,4,0,0,2,1,9,1,1,0,0,2,1,1,19,3,4,0,1,0,1,2,0,7,2,5,9,7
2018.0,150.0,0.0,0.0,3,9,0,0,0,0,2,5,1,1,1,1,2,1,1,19,3,4,0,1,0,0,1,0,6,7,5,6,3
2018.0,380.0,0.0,0.0,3,10,0,0,0,0,1,5,1,1,0,1,5,1,1,20,3,4,0,0,0,1,2,0,6,9,5,3,2
2018.0,-200.0,0.0,0.0,3,6,0,4,0,0,0,8,1,1,0,0,9,1,1,21,3,4,0,0,0,2,1,0,7,7,5,3,3
2018.0,75.0,0.0,0.0,3,6,1,0,0,0,1,5,1,1,1,1,5,1,1,22,3,4,0,0,0,1,1,0,7,7,5,6,3
2018.0,200.0,0.0,0.0,3,10,0,0,0,0,0,5,1,1,0,1,5,1,1,22,3,4,0,0,0,1,2,0,6,5,5,3,3
2018.0,80.0,0.0,0.0,3,6,2,1,0,0,0,7,1,1,0,1,7,1,1,6,4,4,0,0,0,1,1,0,7,8,5,8,8
2018.0,382.0,1.0,0.0,2,1,3,0,0,0,0,1,1,1,0,0,9,1,1,9,4,4,0,1,0,1,1,0,6,2,5,3,9
2018.0,210.0,0.0,0.0,3,10,3,0,0,0,0,5,1,1,0,1,5,1,1,12,4,4,0,0,0,1,1,0,6,9,5,3,2
2018.0,514.0,0.0,0.0,3,10,3,0,0,0,2,7,1,1,0,0,7,1,1,13,4,4,0,0,0,0,2,0,6,5,5,9,9
2018.0,150.0,0.0,0.0,3,6,3,0,0,0,1,1,1,1,0,0,1,1,1,13,4,4,0,0,0,1,1,0,6,7,5,8,3
2018.0,0.0,0.0,0.0,3,4,3,0,0,0,1,1,1,1,0,1,9,1,1,15,4,4,0,0,0,2,2,0,4,2,5,3,9
2018.0,-304.0,2.0,0.0,3,6,3,0,0,0,0,2,1,1,0,1,2,1,1,15,4,4,0,0,0,1,1,0,6,7,5,8,3
2018.0,50.0,0.0,0.0,3,10,3,0,0,0,2,2,1,1,0,1,2,1,1,15,4,4,0,0,0,0,1,0,7,5,5,3,3
2018.0,287.0,0.0,0.0,3,1,3,0,0,0,1,5,1,1,0,0,9,1,1,15,4,4,0,0,0,2,1,0,6,2,5,3,9
2018.0,-50.0,0.0,0.0,3,4,3,0,0,0,2,4,1,1,0,0,6,1,1,15,4,4,0,0,0,0,1,0,6,5,5,9,9
2018.0,67.0,0.0,0.0,3,10,3,0,0,0,1,2,1,1,0,1,9,1,1,15,4,4,0,0,0,1,2,0,4,4,5,9,9
2018.0,170.0,0.0,0.0,3,6,3,0,0,0,0,2,1,1,0,0,2,1,1,17,4,4,0,1,0,2,1,0,6,7,5,8,3
2018.0,0.0,2.0,0.0,2,4,3,0,0,0,1,9,1,1,0,0,5,1,1,18,4,4,0,1,0,2,1,0,7,2,5,9,3
2018.0,-358.0,1.0,0.0,2,1,4,0,0,2,1,9,1,1,0,1,2,1,1,18,4,4,0,1,0,2,1,0,6,5,5,9,3
2018.0,50.0,0.0,0.0,3,6,0,0,0,0,0,5,0,1,0,0,5,1,1,23,4,4,0,0,0,1,1,0,7,7,5,8,3
2018.0,0.0,1.0,0.0,2,1,0,0,0,0,0,9,0,1,0,1,5,1,1,2,5,4,1,0,0,1,1,0,7,2,5,3,3
2018.0,220.0,0.0,0.0,3,6,3,0,0,0,1,9,1,1,0,0,9,1,1,9,5,4,1,1,0,1,2,0,6,7,5,9,5
2018.0,-29.0,0.0,0.0,3,10,3,0,0,0,1,5,1,1,0,1,5,1,1,9,5,4,1,1,0,0,1,0,4,9,5,3,3
2018.0,138.0,0.0,0.0,3,4,3,0,0,0,1,4,1,1,0,1,6,1,1,11,5,4,1,0,0,1,1,0,6,5,2,9,9
2018.0,-250.0,0.0,0.0,3,4,3,0,0,0,1,6,1,1,0,1,1,1,1,12,5,4,1,0,0,1,0,0,6,2,5,3,9
2018.0,-65.0,0.0,0.0,3,4,3,4,0,0,1,5,1,1,0,1,6,1,1,13,5,4,1,0,0,1,1,0,0,9,5,9,3
2018.0,-30.0,0.0,0.0,3,6,3,0,0,0,0,1,1,1,0,1,1,1,1,14,5,4,1,0,0,1,1,0,2,7,5,8,8
2018.0,40.0,0.0,0.0,3,6,3,0,3,0,0,1,1,1,0,1,9,1,1,16,5,4,1,1,0,2,0,0,4,5,5,8,1
2018.0,-46.0,0.0,0.0,3,6,3,0,0,0,2,1,1,1,0,1,1,1,1,17,5,4,1,1,0,0,1,0,4,5,5,3,3
2018.0,0.0,0.0,0.0,3,10,3,0,0,0,1,5,1,1,0,0,5,1,1,11,6,4,1,0,0,1,1,0,4,9,5,3,2
2018.0,243.0,0.0,0.0,3,6,3,0,0,0,0,2,1,1,0,0,2,1,1,12,6,4,1,0,0,1,1,0,6,8,5,9,3
2018.0,140.0,0.0,0.0,3,1,3,0,0,0,1,7,1,1,0,0,7,1,1,14,6,4,1,0,0,1,1,0,6,9,5,8,2
2018.0,60.0,1.0,0.0,3,6,3,0,0,0,1,5,1,1,0,1,5,1,1,16,6,4,1,1,0,1,1,0,4,8,5,8,3
2018.0,-25.0,0.0,0.0,3,6,3,0,0,0,1,1,1,1,0,1,1,1,1,17,6,4,1,1,0,1,1,0,7,7,5,8,8
2018.0,-25.0,0.0,0.0,3,10,3,0,0,0,0,1,1,1,0,0,1,1,1,17,6,4,1,1,0,1,1,0,4,5,5,5,5
2018.0,41.0,0.0,0.0,3,6,3,0,0,0,1,9,1,1,0,0,9,1,1,18,6,4,1,1,0,2,1,0,7,8,5,8,3
2018.0,0.0,0.0,0.0,3,1,3,0,0,0,1,1,1,1,0,0,5,1,1,10,0,4,0,0,0,2,0,0,4,2,5,3,9
2018.0,0.0,1.0,0.0,3,4,3,0,0,0,1,2,1,1,0,1,1,1,1,16,0,4,0,1,0,2,1,0,4,2,5,3,9
2018.0,544.0,4.0,0.0,2,1,3,0,0,0,1,1,1,1,0,1,5,1,1,17,0,4,0,1,0,2,1,0,0,2,5,3,9
2018.0,-28.0,0.0,0.0,3,4,3,0,0,0,0,4,1,1,0,1,5,1,1,17,0,4,0,1,0,1,1,0,4,2,5,3,9
2018.0,10.0,0.0,0.0,3,6,3,0,0,0,0,1,1,1,0,0,1,1,1,17,0,4,0,1,0,2,2,0,4,7,5,8,3
2018.0,-54.0,0.0,0.0,3,6,3,0,0,0,1,1,1,1,0,0,1,1,1,18,0,4,0,1,0,1,1,0,4,8,5,8,3
2018.0,-50.0,1.0,0.0,3,6,3,0,0,0,0,1,1,1,0,0,1,1,1,8,1,4,0,1,0,2,2,0,4,8,5,8,3
2018.0,-30.0,1.0,0.0,3,6,3,0,0,0,0,1,1,1,1,1,1,1,1,8,1,4,0,1,0,2,1,0,6,8,5,8,2
2018.0,-140.0,0.0,0.0,3,6,3,0,0,0,0,2,1,1,0,0,2,1,1,10,1,4,0,0,0,0,1,0,7,9,5,3,2
2018.0,90.0,1.0,0.0,3,6,3,0,0,0,1,9,1,1,0,0,9,1,1,12,1,4,0,0,0,1,2,0,4,7,5,8,3
2018.0,-15.0,0.0,0.0,3,6,3,0,0,0,1,2,1,1,0,0,2,1,1,12,1,4,0,0,0,2,2,0,7,7,5,8,3
2018.0,-156.0,0.0,0.0,3,10,3,0,0,0,0,1,1,1,0,1,1,1,1,12,1,4,0,0,0,1,1,0,6,5,5,3,2
2018.0,370.0,1.0,0.0,3,6,3,0,0,0,0,1,1,1,0,0,1,1,1,13,1,4,0,0,0,2,1,0,0,7,5,8,3
2018.0,0.0,2.0,0.0,2,4,3,0,0,0,1,2,1,1,0,1,5,1,1,13,1,4,0,0,0,2,2,0,4,2,5,3,9
2018.0,164.0,1.0,0.0,2,6,3,0,0,0,0,9,1,1,0,1,9,1,1,14,1,4,0,0,0,2,0,0,6,7,5,8,3
2018.0,0.0,0.0,0.0,3,4,3,0,0,0,1,5,1,1,0,0,9,1,1,15,1,4,0,0,0,2,0,0,4,2,5,3,9
2018.0,210.0,0.0,0.0,3,4,3,0,0,0,0,4,1,1,0,1,5,1,1,15,1,4,0,0,0,1,1,0,6,4,5,3,9
2018.0,0.0,0.0,0.0,3,4,3,0,0,0,1,4,1,1,0,1,5,1,1,15,1,4,0,0,0,1,2,0,7,2,5,3,9
2018.0,-93.0,0.0,0.0,3,1,3,0,0,0,0,3,1,1,0,1,1,1,1,15,1,4,0,0,0,1,1,0,0,2,5,3,9
2018.0,-265.0,0.0,0.0,3,6,3,0,0,0,0,2,1,1,0,0,2,1,1,15,1,4,0,0,0,2,0,0,6,7,5,8,3
2018.0,0.0,0.0,0.0,3,4,3,0,0,0,1,5,1,1,0,0,2,1,1,16,1,4,0,1,0,1,1,0,4,2,5,3,9
2018.0,-240.0,1.0,0.0,3,6,3,0,0,0,0,1,1,1,0,1,1,1,1,17,1,4,0,1,0,2,1,0,6,7,5,8,3
2018.0,-209.0,0.0,0.0,3,4,3,0,0,0,1,2,1,1,0,0,1,1,1,17,1,4,0,1,0,0,1,0,6,2,5,3,9
2018.0,-78.0,0.0,0.0,3,6,2,0,0,0,0,1,1,0,0,1,1,1,1,6,2,4,0,0,0,1,1,0,4,7,5,3,3
2018.0,-130.0,0.0,0.0,3,10,3,0,0,0,1,1,1,1,1,1,1,1,1,7,2,4,0,1,0,1,1,0,4,5,5,6,3
2018.0,-500.0,0.0,0.0,3,4,3,0,0,0,0,5,1,1,0,1,2,1,1,7,2,4,0,1,0,1,1,0,6,2,5,3,9
2018.0,276.0,1.0,0.0,3,4,3,0,0,0,0,6,1,1,0,0,9,1,1,8,2,4,0,1,0,1,1,0,6,2,5,3,9