Year,Distance,Totalinjuries,Totalfatalities,Injuryseverity,Collisionmanner,Lightcondition,Weather,SurfaceCondition,Unittype_One,Gender_Drv1,Traveldirection_One,AlcoholUse_Drv1,DrugUse_Drv1,Unittype_Two,Gender_Drv2,Traveldirection_Two,AlcoholUse_Drv2,DrugUse_Drv2,Hour,Weekday,Month,Weekend,Rush_Hour,Hazardous_Road,Age_Group_Drv1,Age_Group_Drv2,Substance_Use,Junction_Category,Violation_Category_Drv1,Violation_Category_Drv2,Unitaction_Category_Two,Unitaction_Category_One
2018.0,-60.0,0.0,0.0,3,6,3,0,0,0,1,1,1,1,0,0,1,1,1,9,2,4,0,1,0,1,0,0,4,8,8,8,3
2018.0,-80.0,0.0,0.0,3,6,3,0,0,0,0,2,1,1,0,0,2,1,1,11,2,4,0,0,0,2,1,0,4,7,5,8,3
2018.0,0.0,0.0,0.0,3,4,3,0,0,0,0,2,1,1,0,1,5,1,1,11,2,4,0,0,0,2,1,0,4,2,5,3,9
2018.0,0.0,0.0,0.0,3,4,3,0,0,0,0,1,1,1,0,1,2,1,1,11,2,4,0,0,0,1,2,0,4,2,5,9,3
2018.0,100.0,0.0,0.0,3,10,3,0,0,0,1,1,1,1,0,0,1,1,1,13,2,4,0,0,0,2,1,0,6,7,5,5,5
2018.0,-106.0,1.0,0.0,3,6,3,0,0,0,0,2,1,1,0,0,2,1,1,14,2,4,0,0,0,1,1,0,4,7,5,8,3
2018.0,425.0,1.0,0.0,2,4,3,0,0,0,1,9,1,1,0,1,5,1,1,15,2,4,0,0,0,1,1,0,6,2,5,9,9
2018.0,136.0,0.0,0.0,3,6,3,0,0,0,0,9,1,1,0,0,9,1,1,15,2,4,0,0,0,1,1,0,4,7,5,8,3
2018.0,0.0,2.0,0.0,2,4,3,0,0,0,1,1,1,1,0,1,9,1,1,16,2,4,0,1,0,1,0,0,4,2,5,9,3
2018.0,-400.0,0.0,0.0,3,6,3,0,0,0,0,1,1,1,0,0,1,1,1,16,2,4,0,1,0,0,0,0,6,7,5,8,3
2018.0,47.0,0.0,0.0,3,6,3,0,0,0,1,9,1,1,0,0,9,1,1,17,2,4,0,1,0,2,1,0,4,7,5,8,3
2018.0,170.0,0.0,0.0,3,10,3,0,0,0,1,9,1,1,0,1,9,1,1,17,2,4,0,1,0,1,1,0,6,9,5,3,2
2018.0,-128.0,0.0,0.0,3,6,3,0,0,0,0,1,1,1,0,0,1,1,1,17,2,4,0,1,0,1,1,0,6,7,5,8,3
2018.0,461.0,1.0,0.0,2,6,3,0,0,0,1,9,1,1,0,0,9,1,1,17,2,4,0,1,0,2,1,0,6,7,5,8,8
2018.0,0.0,1.0,0.0,3,3,3,0,0,0,1,9,1,1,0,0,6,1,1,18,2,4,0,1,0,2,2,0,7,5,5,9,3
2018.0,120.0,0.0,0.0,3,6,3,0,0,0,1,2,1,1,0,0,2,1,1,6,3,4,0,0,0,2,1,0,6,7,5,8,3
2018.0,-350.0,1.0,0.0,2,6,3,0,0,0,1,2,1,1,0,1,2,1,1,7,3,4,0,1,0,1,1,0,4,7,5,8,3
2018.0,635.0,0.0,0.0,3,4,3,0,0,0,1,2,1,1,0,1,1,1,1,8,3,4,0,1,0,1,1,0,6,2,5,3,9
2018.0,158.0,2.0,0.0,2,6,3,0,0,0,1,5,1,1,0,0,5,1,1,12,3,4,0,0,0,2,2,0,4,7,5,8,3
2018.0,-222.0,0.0,0.0,3,6,3,0,0,0,1,2,1,1,0,0,2,1,1,12,3,4,0,0,0,1,1,0,6,7,5,8,3
2018.0,434.0,1.0,0.0,2,6,3,0,0,0,1,1,1,1,0,1,1,1,1,13,3,4,0,0,0,2,2,0,6,7,5,8,3
2018.0,-139.0,1.0,0.0,3,6,3,0,0,0,1,2,1,1,0,1,2,1,1,13,3,4,0,0,0,1,1,0,4,7,5,8,3
2018.0,-300.0,0.0,0.0,3,6,3,0,0,0,0,2,1,1,0,0,2,1,1,14,3,4,0,0,0,2,2,0,6,7,5,8,3
2018.0,305.0,1.0,0.0,3,10,3,0,0,0,1,9,1,1,0,1,9,1,1,15,3,4,0,0,0,1,0,0,6,9,5,3,2
2018.0,-106.0,0.0,0.0,3,6,3,0,0,0,1,1,1,1,0,1,1,1,1,15,3,4,0,0,0,1,1,0,4,7,5,8,3
2018.0,-432.0,0.0,0.0,3,6,3,0,0,0,0,2,1,1,0,1,2,1,1,16,3,4,0,1,0,1,1,0,4,7,5,8,3
2018.0,440.0,0.0,0.0,3,6,3,0,0,0,1,5,1,1,1,1,5,1,1,17,3,4,0,1,0,2,1,0,4,7,5,8,3
2018.0,0.0,0.0,0.0,3,1,3,0,0,0,0,2,1,1,0,0,5,1,1,17,3,4,0,1,0,0,2,0,4,5,5,9,3
2018.0,145.0,0.0,0.0,3,6,3,0,0,0,0,5,1,1,0,1,5,1,1,18,3,4,0,1,0,2,2,0,4,7,5,8,3
2018.0,250.0,0.0,0.0,3,10,4,0,0,0,1,1,1,1,0,1,1,1,1,18,3,4,0,1,0,1,2,0,6,4,5,3,3
2018.0,-90.0,0.0,0.0,3,6,0,0,0,0,1,2,1,1,0,1,2,1,1,19,3,4,0,1,0,2,1,0,4,7,5,8,3
2018.0,164.0,0.0,0.0,3,1,0,0,0,0,1,4,1,1,0,1,1,1,1,19,3,4,0,1,0,0,2,0,6,2,5,3,9
2018.0,10.0,0.0,0.0,3,6,0,0,0,0,1,1,0,1,0,0,1,1,1,23,3,4,0,0,0,1,2,0,4,7,5,8,3
2018.0,-75.0,2.0,0.0,3,6,3,0,0,0,1,2,1,1,0,1,2,1,1,6,4,4,0,0,0,2,1,0,4,7,5,8,3
2018.0,40.0,0.0,0.0,3,6,3,0,0,0,2,9,1,1,0,0,9,1,1,7,4,4,0,1,0,0,1,0,7,7,5,8,3
2018.0,-81.0,0.0,0.0,3,10,3,0,0,0,1,2,1,1,0,0,2,1,1,9,4,4,0,1,0,2,1,0,4,9,5,3,9
2018.0,-94.0,0.0,0.0,3,6,3,0,0,0,0,1,1,1,0,0,1,1,1,12,4,4,0,0,0,2,0,0,4,7,5,8,3
2018.0,0.0,0.0,0.0,3,10,3,0,0,0,0,5,1,1,0,1,5,1,1,12,4,4,0,0,0,1,1,0,6,9,5,3,3
2018.0,0.0,1.0,0.0,2,4,3,0,0,0,2,5,1,1,0,0,9,1,1,12,4,4,0,0,0,0,1,0,4,2,5,3,9
2018.0,0.0,0.0,0.0,3,4,3,0,0,0,1,1,1,1,0,1,9,1,1,12,4,4,0,0,0,2,2,0,7,2,5,3,9
2018.0,-100.0,0.0,0.0,3,6,3,0,0,0,1,1,1,1,0,1,1,1,1,13,4,4,0,0,0,1,1,0,4,7,5,8,8
2018.0,220.0,0.0,0.0,3,4,3,0,0,0,1,6,1,1,0,1,9,1,1,14,4,4,0,0,0,1,1,0,6,2,5,8,9
2018.0,-246.0,4.0,0.0,3,6,3,0,0,0,1,2,1,1,0,1,2,1,1,14,4,4,0,0,0,2,1,0,4,7,5,8,3
2018.0,0.0,0.0,0.0,3,1,3,0,0,0,0,1,1,1,0,0,2,1,1,17,4,4,0,1,0,0,1,0,4,2,5,9,3
2018.0,-852.0,2.0,0.0,3,1,0,0,0,0,1,5,1,1,0,1,1,1,1,19,4,4,0,1,0,2,1,0,6,2,5,3,9
2018.0,-30.0,0.0,0.0,3,6,0,0,0,0,1,2,0,1,0,1,2,1,1,0,5,4,1,0,0,2,2,0,4,7,5,9,9
2018.0,-30.0,0.0,0.0,3,6,3,0,0,0,1,2,1,1,0,1,2,1,1,11,5,4,1,0,0,2,1,0,7,7,5,8,3
2018.0,0.0,0.0,0.0,3,1,3,0,0,0,2,9,1,1,0,1,2,1,1,13,5,4,1,0,0,0,0,0,7,2,5,3,9
2018.0,0.0,4.0,0.0,2,4,3,0,0,0,0,3,1,1,0,0,9,1,1,13,5,4,1,0,0,2,1,0,7,2,5,3,9
2018.0,250.0,0.0,0.0,3,0,3,0,0,0,0,1,1,1,0,1,9,1,1,15,5,4,1,0,0,1,2,0,6,8,5,3,9
2018.0,-70.0,1.0,0.0,3,6,3,0,0,0,0,1,1,1,0,0,1,1,1,17,5,4,1,1,0,1,1,0,4,7,5,8,3
2018.0,-380.0,0.0,0.0,3,10,0,0,0,0,1,5,0,1,1,1,5,1,1,20,5,4,1,0,0,1,1,0,6,5,5,5,5
2018.0,241.0,2.0,0.0,2,4,0,0,0,0,1,5,0,1,0,1,1,1,1,0,6,4,1,0,0,1,1,0,6,4,5,3,9
2018.0,-156.0,1.0,0.0,2,12,3,0,0,3,1,2,1,1,0,0,9,1,1,12,6,4,1,0,0,1,0,0,6,5,5,3,7
2018.0,60.0,0.0,0.0,3,6,3,0,0,0,1,9,1,1,0,1,9,1,1,14,6,4,1,0,0,2,1,0,4,8,5,8,3
2018.0,30.0,0.0,0.0,3,10,0,0,0,0,0,1,1,1,0,1,1,1,1,22,6,4,1,0,0,1,1,0,6,9,5,3,2
2018.0,50.0,0.0,0.0,3,4,0,0,0,0,0,9,1,1,0,0,5,1,1,22,6,4,1,0,0,1,1,0,6,7,5,3,9
2018.0,0.0,0.0,0.0,3,4,0,0,0,0,2,5,1,1,0,1,9,1,1,3,0,4,0,0,0,0,1,0,7,9,5,3,9
2018.0,65.0,0.0,0.0,3,6,3,1,0,0,1,5,1,1,0,1,5,1,1,11,0,4,0,0,0,1,0,0,4,7,5,8,3
2018.0,0.0,0.0,0.0,3,4,3,0,0,0,1,9,1,1,0,1,1,1,1,14,0,4,0,0,0,2,2,0,4,2,5,3,9
2018.0,55.0,0.0,0.0,3,5,3,0,0,0,1,2,1,1,0,1,5,1,1,14,0,4,0,0,0,1,1,0,6,5,5,5,5
2018.0,-125.0,0.0,0.0,3,6,3,0,0,0,1,2,1,1,0,0,2,1,1,15,0,4,0,0,0,2,2,0,4,7,5,8,3
2018.0,0.0,1.0,0.0,2,4,3,0,0,0,1,2,1,1,0,0,9,1,1,16,0,4,0,1,0,2,2,0,4,2,5,9,3
2018.0,-200.0,0.0,0.0,3,6,3,0,0,0,1,2,1,1,0,1,2,1,1,17,0,4,0,1,0,2,2,0,6,7,5,8,8
2018.0,150.0,0.0,0.0,3,6,3,0,0,0,1,5,1,1,0,1,5,1,1,18,0,4,0,1,0,2,2,0,6,7,5,8,8
2018.0,-198.0,0.0,0.0,3,6,0,0,0,0,0,2,1,1,0,1,2,1,1,19,0,4,0,1,0,2,0,0,6,7,5,8,3
2018.0,-290.0,1.0,0.0,2,10,0,0,0,0,1,9,1,1,0,1,9,1,1,20,0,4,0,0,0,1,1,0,6,9,5,3,2
2018.0,20.0,0.0,0.0,3,6,3,0,0,0,1,5,1,1,0,0,5,1,1,7,1,4,0,1,0,1,1,0,4,7,5,8,3
2018.0,46.0,0.0,0.0,3,1,3,0,0,2,2,5,1,1,0,0,9,1,1,7,1,4,0,1,0,0,1,0,4,2,4,9,3
2018.0,-305.0,0.0,0.0,3,6,3,0,0,0,1,2,1,1,0,1,2,1,1,9,1,4,0,1,0,2,1,0,6,7,5,8,3
2018.0,-110.0,1.0,0.0,2,6,3,0,0,0,1,2,1,1,0,0,2,1,1,10,1,4,0,0,0,2,2,0,4,7,5,8,3
2018.0,325.0,0.0,0.0,3,10,3,0,0,0,0,1,1,1,0,1,1,1,1,10,1,4,0,0,0,1,2,0,6,9,5,3,2
2018.0,-471.0,2.0,0.0,2,4,3,0,0,0,1,9,1,1,0,0,2,1,1,12,1,4,0,0,0,0,1,0,6,2,5,3,9
2018.0,-94.0,1.0,0.0,2,6,3,0,0,0,0,2,1,1,0,1,2,1,1,12,1,4,0,0,0,1,1,0,4,7,5,8,3
2018.0,-800.0,0.0,0.0,3,4,3,0,0,0,0,4,1,1,0,0,1,1,1,13,1,4,0,0,0,2,1,0,6,2,5,3,9
2018.0,183.0,0.0,0.0,3,4,3,0,0,0,0,9,1,1,0,0,2,1,1,13,1,4,0,0,0,1,0,0,6,2,5,3,9
2018.0,269.0,1.0,0.0,2,6,3,0,0,0,0,9,1,1,0,1,9,1,1,14,1,4,0,0,0,2,1,0,4,7,5,2,3
2018.0,-185.0,0.0,0.0,3,4,3,0,0,0,0,5,1,1,0,1,2,1,1,15,1,4,0,0,0,1,2,0,6,2,5,5,9
2018.0,0.0,2.0,0.0,2,4,3,0,0,0,1,1,1,1,0,0,9,1,1,15,1,4,0,0,0,1,2,0,4,5,5,3,9
2018.0,-99.0,0.0,0.0,3,6,3,0,0,0,0,1,1,1,0,0,1,1,1,16,1,4,0,1,0,1,1,0,4,7,5,8,3
2018.0,40.0,0.0,0.0,3,6,3,0,0,0,1,5,1,1,0,0,5,1,1,16,1,4,0,1,0,2,1,0,4,7,5,8,3
2018.0,-175.0,0.0,0.0,3,4,3,0,0,0,1,3,1,1,0,0,9,1,1,16,1,4,0,1,0,2,2,0,6,2,5,3,9
2018.0,50.0,0.0,0.0,3,6,3,0,0,0,1,1,1,1,0,0,1,1,1,16,1,4,0,1,0,2,1,0,6,7,5,8,3
2018.0,-25.0,0.0,0.0,3,6,3,0,0,0,1,1,1,1,0,0,1,1,1,16,1,4,0,1,0,1,1,0,7,7,5,8,8
2018.0,0.0,1.0,0.0,2,4,3,0,0,0,0,2,1,1,0,1,5,1,1,17,1,4,0,1,0,2,2,0,4,2,5,3,9
2018.0,0.0,1.0,0.0,2,4,3,0,0,0,1,4,1,1,0,1,5,1,1,18,1,4,0,1,0,1,1,0,4,2,5,3,9
2018.0,-150.0,0.0,0.0,3,6,3,0,0,0,1,2,1,1,0,0,2,1,1,7,2,4,0,1,0,0,1,0,6,7,5,8,3
2018.0,-244.0,2.0,0.0,2,5,3,0,0,0,0,5,1,1,0,0,9,1,1,9,2,4,0,1,0,1,2,0,6,5,5,8,1
2018.0,-161.0,2.0,0.0,1,4,3,0,0,0,0,1,1,1,0,1,1,1,1,9,2,4,0,1,0,1,1,0,6,4,5,3,9
2018.0,-27.0,0.0,0.0,3,10,3,0,0,0,1,1,1,1,1,1,5,1,1,12,2,4,0,0,0,1,1,0,4,7,5,6,9
2018.0,236.0,1.0,0.0,3,6,3,0,0,0,0,9,1,1,0,1,9,1,1,12,2,4,0,0,0,2,1,0,4,7,5,8,3
2018.0,0.0,0.0,0.0,3,10,3,0,0,0,2,2,1,1,0,1,2,1,1,13,2,4,0,0,0,0,0,0,2,9,5,3,9
2018.0,55.0,1.0,0.0,2,4,3,0,0,0,1,9,1,1,0,1,2,1,1,13,2,4,0,0,0,1,1,0,6,2,5,3,9
2018.0,-103.0,0.0,0.0,3,6,3,0,0,0,0,5,1,1,0,1,5,1,1,13,2,4,0,0,0,1,0,0,6,7,5,8,3
2018.0,208.0,0.0,0.0,3,6,3,0,0,0,1,1,1,1,0,1,1,1,1,15,2,4,0,0,0,1,1,0,6,7,5,8,3
2018.0,0.0,0.0,0.0,3,4,3,0,0,0,1,9,1,1,0,1,2,1,1,16,2,4,0,1,0,2,2,0,4,2,5,9,3
2018.0,0.0,2.0,0.0,2,4,3,0,0,0,0,9,1,1,0,1,1,1,1,16,2,4,0,1,0,2,1,0,4,2,5,3,9
2018.0,88.0,0.0,0.0,3,6,3,0,0,0,1,9,1,1,0,0,9,1,1,16,2,4,0,1,0,2,1,0,4,7,5,8,3
2018.0,640.0,0.0,0.0,3,6,3,0,0,0,1,1,1,1,0,1,1,1,1,17,2,4,0,1,0,2,1,0,6,7,5,8,3
2018.0,-630.0,0.0,0.0,3,6,3,0,0,0,1,1,1,1,0,1,1,1,1,18,2,4,0,1,0,1,1,0,6,7,5,8,3
2018.0,-146.0,3.0,0.0,2,6,0,0,0,0,1,2,1,1,0,1,2,1,1,19,2,4,0,1,0,1,2,0,7,7,5,8,8
2018.0,-57.0,0.0,0.0,3,6,0,0,0,0,0,1,1,1,0,1,1,1,1,22,2,4,0,0,0,1,1,0,7,7,5,8,8
2018.0,120.0,0.0,0.0,3,6,3,0,0,0,0,2,1,1,0,0,2,1,1,8,3,4,0,1,0,1,2,0,6,8,5,8,3
2018.0,-121.0,1.0,0.0,2,4,3,0,0,0,0,5,1,1,0,1,9,1,1,8,3,4,0,1,0,2,1,0,6,2,5,3,9
2018.0,180.0,0.0,0.0,3,10,3,1,0,0,1,5,1,1,0,1,5,1,1,8,3,4,0,1,0,1,1,0,6,9,5,3,2
2018.0,0.0,2.0,0.0,2,1,3,0,0,0,1,1,1,0,0,1,9,1,1,9,3,4,0,1,0,1,2,0,7,9,5,3,3
2018.0,-83.0,0.0,0.0,3,10,3,0,0,0,1,1,1,1,0,1,1,1,1,11,3,4,0,0,0,2,1,0,4,7,5,8,3
2018.0,0.0,0.0,0.0,3,1,3,0,0,0,1,2,1,1,0,1,1,1,1,12,3,4,0,0,0,2,1,0,4,2,5,3,5
2018.0,61.0,1.0,0.0,2,6,3,0,0,0,0,5,1,1,0,0,5,1,1,14,3,4,0,0,0,0,1,0,4,7,5,8,3
2018.0,-324.0,0.0,0.0,3,10,3,0,0,0,1,1,1,1,0,1,1,1,1,15,3,4,0,0,0,1,2,0,6,7,5,8,3
2018.0,-63.0,0.0,0.0,3,10,3,0,0,0,2,9,1,1,0,1,9,1,1,15,3,4,0,0,0,0,1,0,6,9,5,3,2
2018.0,100.0,0.0,0.0,3,1,3,0,0,0,0,5,1,1,0,0,9,1,1,17,3,4,0,1,0,1,2,0,7,2,5,3,9
2018.0,-200.0,0.0,0.0,3,10,3,0,0,0,1,1,1,1,0,1,1,1,1,17,3,4,0,1,0,1,1,0,6,9,5,8,2
2018.0,-60.0,0.0,0.0,3,6,4,4,0,0,1,1,1,1,0,1,1,1,1,17,3,4,0,1,0,2,1,0,4,7,5,8,3
2018.0,0.0,0.0,0.0,3,4,3,0,0,0,0,2,1,1,0,1,5,1,1,17,3,4,0,1,0,2,1,0,4,2,5,3,9
2018.0,-175.0,0.0,0.0,3,6,3,0,0,0,1,1,1,1,0,1,1,1,1,18,3,4,0,1,0,1,1,0,7,7,5,8,3
2018.0,0.0,2.0,0.0,2,1,3,0,0,0,0,1,1,1,0,0,2,1,1,18,3,4,0,1,0,0,1,0,7,5,5,3,3
2018.0,0.0,2.0,0.0,3,4,3,0,0,0,0,1,1,1,0,1,9,1,1,7,4,4,0,1,0,1,1,0,4,2,5,3,9
2018.0,42.0,0.0,0.0,3,1,3,0,0,0,0,2,1,1,0,1,1,1,1,7,4,4,0,1,0,1,1,0,7,2,5,3,9
2018.0,514.0,0.0,0.0,3,6,3,0,0,0,1,5,1,1,0,1,5,1,1,7,4,4,0,1,0,2,1,0,6,5,5,8,1
2018.0,510.0,0.0,0.0,3,4,3,0,0,0,1,6,1,1,0,0,2,1,1,8,4,4,0,1,0,0,1,0,7,2,5,3,9
2018.0,0.0,1.0,0.0,3,4,3,0,0,0,1,2,1,1,0,0,9,1,1,8,4,4,0,1,0,1,1,0,7,2,5,3,9
2018.0,775.0,0.0,0.0,3,6,3,0,0,0,1,5,1,1,0,0,5,1,1,11,4,4,0,0,0,0,1,0,6,7,5,8,3
2018.0,-219.0,2.0,0.0,2,6,3,0,0,0,0,9,1,1,0,0,9,1,1,12,4,4,0,0,0,0,2,0,6,7,5,3,8
2018.0,288.0,0.0,0.0,3,10,3,0,0,0,1,5,1,1,0,1,5,1,1,13,4,4,0,0,0,1,2,0,6,4,4,9,9
2018.0,-150.0,0.0,0.0,3,6,3,0,0,0,1,2,1,1,0,0,2,1,1,13,4,4,0,0,0,1,0,0,6,8,5,8,3
2018.0,200.0,0.0,0.0,3,6,3,0,0,0,1,2,1,1,0,1,2,1,1,14,4,4,0,0,0,2,1,0,6,7,5,3,3
2018.0,48.0,0.0,0.0,3,6,3,0,0,0,1,5,1,1,0,1,5,1,1,14,4,4,0,0,0,1,1,0,6,7,5,8,3
2018.0,0.0,4.0,0.0,2,1,3,0,0,0,0,5,1,1,0,1,9,1,1,15,4,4,0,0,0,1,2,0,4,2,7,3,9
2018.0,-47.0,3.0,0.0,3,6,3,0,0,0,0,1,1,1,0,0,1,1,1,15,4,4,0,0,0,1,1,0,7,7,5,3,3
2018.0,0.0,0.0,0.0,3,10,3,0,0,0,0,5,1,1,0,1,5,1,1,16,4,4,0,1,0,1,1,0,7,5,5,9,9
2018.0,0.0,1.0,0.0,2,6,3,0,0,0,0,1,1,1,0,1,1,1,1,16,4,4,0,1,0,1,1,0,7,7,5,8,3
2018.0,-520.0,0.0,0.0,3,4,3,0,0,0,1,2,1,1,0,0,1,1,1,16,4,4,0,1,0,2,1,0,6,4,5,3,9
2018.0,25.0,0.0,0.0,3,6,3,0,0,0,2,9,1,1,0,0,9,1,1,16,4,4,0,1,0,0,1,0,7,7,5,9,9
2018.0,433.0,1.0,0.0,2,1,3,0,0,2,1,9,1,1,0,1,2,1,1,17,4,4,0,1,0,2,1,0,6,5,5,9,3
2018.0,25.0,0.0,0.0,3,6,4,0,0,0,2,5,1,1,0,0,5,1,1,17,4,4,0,1,0,0,0,0,4,5,5,8,3
2018.0,-540.0,0.0,0.0,3,6,3,0,0,0,0,1,1,1,0,0,1,1,1,18,4,4,0,1,0,0,1,0,6,7,5,8,3
2018.0,100.0,0.0,0.0,3,6,3,0,0,0,0,9,1,1,0,0,9,1,1,18,4,4,0,1,0,2,1,0,2,8,5,8,3
2018.0,-100.0,0.0,0.0,3,6,0,0,0,0,1,1,1,1,0,1,1,1,1,1,5,4,1,0,0,1,2,0,4,7,5,8,3
2018.0,0.0,0.0,0.0,3,1,0,0,0,0,1,2,1,1,0,0,9,1,1,2,5,4,1,0,0,1,2,0,4,2,5,3,9
2018.0,0.0,2.0,0.0,3,1,3,0,0,0,1,1,1,1,0,0,2,1,1,10,5,4,1,0,0,1,1,0,7,2,5,3,3
2018.0,-50.0,0.0,0.0,3,1,3,0,0,0,1,5,1,1,0,0,5,1,1,16,5,4,1,1,0,2,0,0,7,5,5,3,3
2018.0,-10.0,0.0,0.0,3,6,3,4,3,0,2,1,1,1,0,1,1,1,1,16,5,4,1,1,0,0,2,0,2,7,5,8,9
2018.0,-58.0,1.0,0.0,2,6,3,0,0,0,1,5,1,1,0,1,5,1,1,16,5,4,1,1,0,0,1,0,6,7,5,3,3
2018.0,350.0,0.0,0.0,3,6,0,0,0,0,1,9,0,1,0,0,9,1,1,0,6,4,1,0,0,2,1,0,6,9,5,3,3
2018.0,228.0,0.0,0.0,3,4,3,0,0,0,1,9,1,1,0,0,2,1,1,12,6,4,1,0,0,2,1,0,6,2,5,3,9
2018.0,500.0,1.0,0.0,2,5,3,0,0,2,0,9,1,1,0,1,2,1,1,14,6,4,1,0,0,1,2,0,6,4,5,3,3
2018.0,0.0,0.0,0.0,3,1,3,0,0,0,1,1,1,1,0,0,2,1,1,15,6,4,1,0,0,2,2,0,7,2,5,3,3
2018.0,0.0,0.0,0.0,3,6,3,4,0,0,2,5,1,1,0,1,5,1,1,16,6,4,1,1,0,0,0,0,7,7,5,3,3
2018.0,0.0,0.0,0.0,3,10,3,0,0,0,1,2,1,1,1,1,2,1,1,18,6,4,1,1,0,2,1,0,7,4,5,9,9
2018.0,1000.0,0.0,0.0,3,6,0,0,0,0,1,9,1,1,0,0,9,1,1,22,6,4,1,0,0,0,2,0,6,7,5,9,5
2018.0,-7.0,1.0,0.0,3,1,3,0,0,0,2,5,1,1,2,0,2,1,1,7,0,4,0,1,0,0,2,0,4,5,5,9,9
2018.0,0.0,2.0,0.0,2,4,3,0,0,0,1,3,1,1,0,0,9,1,1,7,0,4,0,1,0,0,1,0,4,2,5,3,9
2018.0,-5.0,2.0,0.0,3,5,3,0,0,0,1,2,1,1,2,0,1,1,1,7,0,4,0,1,0,1,1,0,4,5,5,3,3
2018.0,20.0,0.0,0.0,3,1,3,0,0,0,0,2,1,1,0,0,9,1,1,8,0,4,0,1,0,1,2,0,4,2,5,9,9
2018.0,0.0,2.0,0.0,2,4,3,0,0,0,1,1,1,1,0,1,9,1,1,10,0,4,0,0,0,0,1,0,4,2,5,3,9
2018.0,-164.0,1.0,0.0,3,10,3,0,0,0,1,2,1,1,0,0,2,1,1,14,0,4,0,0,0,0,1,0,6,9,5,3,3
2018.0,-280.0,0.0,0.0,3,6,3,0,0,0,0,1,1,1,0,1,9,1,1,14,0,4,0,0,0,2,1,0,6,9,5,1,2
2018.0,-220.0,0.0,0.0,3,6,3,0,0,0,0,5,1,1,0,0,5,1,1,16,0,4,0,1,0,1,1,0,6,7,5,8,3
2018.0,0.0,1.0,0.0,2,4,3,0,0,0,0,9,1,1,0,1,5,1,1,18,0,4,0,1,0,1,1,0,2,2,5,9,3
2018.0,-200.0,0.0,0.0,3,4,3,0,0,0,1,1,1,1,0,0,2,1,1,18,0,4,0,1,0,2,2,0,0,2,5,3,9
2018.0,28.0,1.0,0.0,3,6,0,0,0,0,0,5,1,1,0,1,5,1,1,23,0,4,0,0,0,2,2,0,7,7,5,9,3
2018.0,60.0,0.0,0.0,3,1,3,0,0,0,1,2,1,1,3,0,2,1,1,6,1,4,0,0,0,1,2,0,7,2,5,7,0
2018.0,-75.0,1.0,0.0,2,6,3,0,0,0,0,5,1,1,0,0,5,1,1,8,1,4,0,1,0,2,0,0,6,7,5,8,3
2018.0,0.0,1.0,0.0,3,4,3,0,0,0,0,2,1,1,0,1,1,1,1,10,1,4,0,0,0,2,1,0,4,2,5,9,5
2018.0,-219.0,0.0,0.0,3,6,3,0,0,0,1,5,1,1,0,1,5,1,1,10,1,4,0,0,0,1,1,0,6,7,5,9,3
2018.0,-150.0,1.0,0.0,3,6,3,0,0,0,0,2,1,1,0,1,2,1,1,11,1,4,0,0,0,1,2,0,6,7,5,8,3
2018.0,-204.0,1.0,0.0,2,10,3,0,0,0,1,1,1,1,2,1,1,1,1,12,1,4,0,0,0,2,2,0,6,2,5,3,9
2018.0,0.0,0.0,0.0,3,1,3,0,0,0,0,9,1,1,0,0,5,1,1,14,1,4,0,0,0,2,2,0,4,2,5,3,3
2018.0,150.0,1.0,0.0,2,6,3,0,0,0,1,1,1,1,0,1,1,1,1,14,1,4,0,0,0,1,1,0,6,7,5,8,3
2018.0,300.0,0.0,0.0,3,6,3,0,0,0,1,5,1,1,0,1,5,1,1,15,1,4,0,0,0,0,1,0,6,7,5,8,3
2018.0,97.0,1.0,0.0,2,6,3,0,0,0,0,9,1,1,0,1,9,1,1,15,1,4,0,0,0,2,1,0,4,7,5,8,3
2018.0,331.0,1.0,0.0,2,4,3,0,0,0,1,1,1,1,0,0,9,1,1,15,1,4,0,0,0,1,1,0,6,2,5,3,9
2018.0,-35.0,0.0,0.0,3,6,3,0,0,0,0,5,1,1,0,1,5,1,1,15,1,4,0,0,0,2,0,0,6,5,5,5,6
2018.0,52.0,0.0,0.0,3,6,3,0,0,0,0,5,1,1,0,0,5,1,1,16,1,4,0,1,0,2,2,0,7,7,5,3,2
2018.0,-68.0,2.0,0.0,2,6,3,0,0,0,1,3,1,1,0,1,3,1,1,17,1,4,0,1,0,2,1,0,4,7,5,8,3
2018.0,56.0,1.0,0.0,2,6,3,0,0,0,0,2,1,1,0,0,2,1,1,6,2,4,0,0,0,1,1,0,6,7,5,8,3
2018.0,0.0,2.0,0.0,3,4,3,0,0,0,1,6,1,1,0,0,9,1,1,7,2,4,0,1,0,1,1,0,4,2,5,3,9
2018.0,-100.0,0.0,0.0,3,6,3,0,0,0,1,1,1,1,0,0,1,1,1,7,2,4,0,1,0,2,2,0,4,7,5,8,3
2018.0,-65.0,1.0,0.0,3,10,3,0,0,0,1,9,1,1,0,1,9,1,1,9,2,4,0,1,0,1,1,0,6,5,5,8,3
2018.0,-656.0,0.0,0.0,3,4,3,0,0,0,0,2,1,1,0,0,9,1,1,11,2,4,0,0,0,0,2,0,6,2,5,3,9
2018.0,96.0,0.0,0.0,3,6,3,0,0,0,1,5,1,1,0,0,5,1,1,13,2,4,0,0,0,0,0,0,4,7,5,8,3
2018.0,-135.0,1.0,0.0,2,6,3,0,0,0,2,1,1,1,2,1,1,1,1,14,2,4,0,0,0,0,2,0,6,9,5,3,3