Year,Distance,Totalinjuries,Totalfatalities,Injuryseverity,Collisionmanner,Lightcondition,Weather,SurfaceCondition,Unittype_One,Gender_Drv1,Traveldirection_One,AlcoholUse_Drv1,DrugUse_Drv1,Unittype_Two,Gender_Drv2,Traveldirection_Two,AlcoholUse_Drv2,DrugUse_Drv2,Hour,Weekday,Month,Weekend,Rush_Hour,Hazardous_Road,Age_Group_Drv1,Age_Group_Drv2,Substance_Use,Junction_Category,Violation_Category_Drv1,Violation_Category_Drv2,Unitaction_Category_Two,Unitaction_Category_One
2018.0,-53.0,0.0,0.0,3,6,3,0,0,0,0,1,1,1,0,0,1,1,1,16,2,4,0,1,0,1,1,0,4,7,5,8,3
2018.0,-76.0,0.0,0.0,3,6,3,0,0,0,0,5,1,1,0,1,5,1,1,17,2,4,0,1,0,2,1,0,6,7,5,8,3
2018.0,342.0,0.0,0.0,3,6,3,0,0,0,0,9,1,1,0,0,9,1,1,7,3,4,0,1,0,2,1,0,6,7,5,8,3
2018.0,-575.0,3.0,0.0,3,1,3,0,0,0,0,7,1,1,0,1,2,1,1,8,3,4,0,1,0,1,1,0,6,2,5,3,9
2018.0,6.0,0.0,0.0,3,5,3,0,0,0,0,3,1,1,0,1,1,1,1,8,3,4,0,1,0,2,2,0,4,5,5,3,9
2018.0,-625.0,2.0,0.0,2,4,3,0,0,0,1,5,1,1,0,0,2,1,1,8,3,4,0,1,0,1,2,0,6,2,5,3,9
2018.0,-70.0,0.0,0.0,3,6,3,0,0,0,1,9,1,1,0,0,9,1,1,9,3,4,0,1,0,1,2,0,6,7,5,8,3
2018.0,-11.0,1.0,0.0,2,5,3,0,0,2,1,2,1,1,0,1,1,1,1,9,3,4,0,1,0,1,2,0,1,9,5,9,3
2018.0,-50.0,0.0,0.0,3,6,3,0,0,0,1,2,1,1,0,1,2,1,1,11,3,4,0,0,0,1,1,0,4,7,5,8,3
2018.0,0.0,0.0,0.0,3,1,3,0,0,0,0,9,1,1,0,1,5,1,1,12,3,4,0,0,0,0,1,0,4,5,5,3,3
2018.0,27.0,0.0,1.0,0,5,3,0,0,3,0,9,1,1,0,1,2,1,1,12,3,4,0,0,0,0,2,0,4,2,7,3,5
2018.0,-125.0,1.0,0.0,3,10,3,0,0,0,1,2,1,1,0,1,2,1,1,13,3,4,0,0,0,1,1,0,6,9,5,6,1
2018.0,150.0,1.0,0.0,2,1,3,0,0,0,1,1,1,1,0,0,1,1,1,13,3,4,0,0,0,1,1,0,6,2,5,3,7
2018.0,-100.0,0.0,0.0,3,6,3,0,0,0,2,1,1,1,0,0,1,1,1,16,3,4,0,1,0,0,2,0,4,7,5,8,3
2018.0,80.0,0.0,0.0,3,10,3,0,0,0,0,1,1,1,0,1,1,1,1,17,3,4,0,1,0,2,1,0,6,9,5,3,2
2018.0,0.0,2.0,0.0,2,4,3,0,0,0,0,1,1,1,0,1,9,1,1,18,3,4,0,1,0,2,1,0,4,2,5,3,9
2018.0,-270.0,0.0,0.0,3,4,0,0,0,0,1,2,1,1,0,1,1,1,1,20,3,4,0,0,0,1,1,0,6,2,5,3,9
2018.0,105.0,1.0,0.0,2,10,0,0,0,0,1,5,1,1,2,1,5,1,1,20,3,4,0,0,0,2,1,0,7,9,5,3,2
2018.0,-100.0,1.0,0.0,3,12,0,0,0,0,1,2,0,1,0,1,2,1,1,23,3,4,0,0,0,1,0,0,7,7,5,8,3
2018.0,-45.0,2.0,0.0,3,1,3,4,0,0,0,3,1,1,0,0,1,1,1,6,4,4,0,0,0,1,1,0,7,4,5,3,9
2018.0,-82.0,0.0,0.0,3,6,3,0,0,0,1,1,1,1,0,0,1,1,1,8,4,4,0,1,0,2,1,0,7,2,5,3,3
2018.0,90.0,1.0,0.0,3,6,3,0,0,0,1,2,1,1,0,0,2,1,1,11,4,4,0,0,0,1,0,0,6,7,5,8,3
2018.0,0.0,0.0,0.0,3,4,3,0,0,0,1,1,1,1,0,0,9,1,1,13,4,4,0,0,0,1,2,0,4,5,5,3,9
2018.0,-81.0,0.0,0.0,3,6,3,0,0,0,1,2,1,1,0,0,2,1,1,15,4,4,0,0,0,1,1,0,4,7,5,8,3
2018.0,160.0,2.0,0.0,2,6,3,0,0,0,1,9,1,1,0,1,9,1,1,15,4,4,0,0,0,2,2,0,6,7,5,8,3
2018.0,-121.0,0.0,0.0,3,6,3,0,0,0,0,1,1,1,0,1,1,1,1,15,4,4,0,0,0,1,1,0,4,7,5,8,3
2018.0,297.0,1.0,0.0,2,4,3,0,0,0,1,5,1,1,0,0,9,1,1,16,4,4,0,1,0,2,1,0,6,2,5,3,9
2018.0,-150.0,0.0,0.0,3,3,3,0,0,0,0,9,1,1,0,0,1,1,1,16,4,4,0,1,0,2,2,0,6,2,5,3,9
2018.0,101.0,0.0,0.0,3,6,3,0,0,0,0,5,1,1,0,0,5,1,1,17,4,4,0,1,0,1,1,0,4,7,5,8,3
2018.0,100.0,0.0,0.0,3,10,0,0,0,0,1,1,1,1,0,0,1,1,1,20,4,4,0,0,0,2,2,0,6,9,5,3,2
2018.0,140.0,0.0,0.0,3,5,0,0,0,0,1,2,0,1,0,1,5,1,1,23,4,4,0,0,0,1,0,0,6,5,5,8,1
2018.0,0.0,0.0,0.0,3,10,0,0,0,0,1,2,1,1,0,0,2,1,1,0,5,4,1,0,0,1,2,0,7,9,5,3,2
2018.0,-45.0,0.0,0.0,3,10,3,0,0,0,1,9,1,1,0,0,9,1,1,12,5,4,1,0,0,0,2,0,6,2,5,3,9
2018.0,-27.0,0.0,0.0,3,6,3,0,0,0,1,1,1,1,0,0,1,1,1,13,5,4,1,0,0,0,1,0,7,7,5,9,3
2018.0,0.0,0.0,0.0,3,4,3,0,0,0,0,1,1,1,0,0,9,1,1,15,5,4,1,0,0,1,0,0,7,2,5,3,9
2018.0,-60.0,0.0,0.0,3,10,3,0,0,0,1,1,1,1,0,1,1,1,1,16,5,4,1,1,0,1,1,0,7,9,5,3,2
2018.0,600.0,1.0,0.0,3,10,3,0,0,0,2,2,1,1,0,1,2,1,1,17,5,4,1,1,0,0,1,0,6,5,5,3,5
2018.0,20.0,0.0,0.0,3,6,3,0,0,0,0,9,1,1,0,1,9,1,1,17,5,4,1,1,0,2,1,0,7,5,7,3,8
2018.0,0.0,0.0,0.0,3,10,0,0,0,0,1,1,1,1,0,1,1,1,1,21,5,4,1,0,0,2,2,0,4,4,5,9,9
2018.0,221.0,1.0,0.0,1,1,3,1,0,2,1,5,1,1,0,1,9,0,1,10,6,4,1,0,0,0,1,0,6,6,5,3,7
2018.0,-25.0,0.0,0.0,3,6,3,0,0,0,1,5,1,1,0,1,5,1,1,14,6,4,1,0,0,1,1,0,6,7,5,5,5
2018.0,-10.0,1.0,0.0,2,3,3,0,0,0,2,1,1,1,2,1,6,1,1,14,6,4,1,0,0,0,1,0,7,5,5,9,9
2018.0,0.0,0.0,0.0,3,10,3,0,0,0,2,2,1,1,0,1,2,1,1,16,6,4,1,1,0,0,1,0,7,9,5,9,3
2018.0,-75.0,0.0,0.0,3,12,3,4,3,0,2,8,1,1,1,1,5,1,1,8,0,4,0,1,0,0,1,0,6,5,5,6,5
2018.0,81.0,0.0,0.0,3,1,3,0,0,0,0,5,1,1,0,1,5,1,1,9,0,4,0,1,0,1,1,0,4,8,5,9,3
2018.0,-270.0,0.0,0.0,3,10,3,0,0,0,0,2,1,1,0,1,2,1,1,9,0,4,0,1,0,1,1,0,4,9,5,3,2
2018.0,0.0,2.0,0.0,3,1,3,0,0,0,2,1,1,1,0,0,5,1,1,9,0,4,0,1,0,0,1,0,4,2,5,3,5
2018.0,-169.0,0.0,0.0,3,1,3,0,0,0,1,2,1,1,0,1,1,1,1,11,0,4,0,0,0,2,1,0,6,4,5,3,9
2018.0,0.0,0.0,0.0,3,4,3,0,0,0,2,1,1,1,0,1,9,1,1,12,0,4,0,0,0,0,1,0,4,2,5,9,3
2018.0,175.0,1.0,0.0,2,4,3,0,0,0,0,5,1,1,0,1,9,1,1,13,0,4,0,0,0,2,1,0,6,2,5,3,9
2018.0,180.0,0.0,0.0,3,10,3,0,0,0,1,5,1,1,0,0,5,1,1,13,0,4,0,0,0,1,2,0,6,9,5,3,2
2018.0,-220.0,0.0,0.0,3,4,3,0,0,0,0,2,1,1,0,0,5,1,1,14,0,4,0,0,0,1,1,0,6,7,7,9,9
2018.0,34.0,2.0,0.0,2,6,3,0,0,0,0,1,1,1,0,1,1,1,1,16,0,4,0,1,0,2,0,0,4,7,5,8,3
2018.0,-200.0,0.0,0.0,3,10,3,0,0,0,0,3,1,1,0,1,1,1,1,17,0,4,0,1,0,1,1,0,6,2,5,3,5
2018.0,0.0,0.0,0.0,3,1,3,1,0,0,1,2,1,1,0,1,1,1,1,17,0,4,0,1,0,1,1,0,7,5,5,3,3
2018.0,-200.0,0.0,0.0,3,9,0,0,0,0,0,1,1,1,0,0,1,1,1,19,0,4,0,1,0,2,0,0,6,9,5,3,2
2018.0,0.0,2.0,0.0,2,4,0,0,0,0,0,2,1,1,0,1,5,1,1,20,0,4,0,0,0,2,1,0,4,2,5,3,9
2018.0,0.0,0.0,0.0,3,4,0,0,0,0,0,5,1,1,0,0,2,1,1,21,0,4,0,0,0,2,1,0,7,2,5,3,9
2018.0,418.0,2.0,0.0,2,6,3,0,0,0,0,1,1,1,0,0,1,1,1,8,1,5,0,1,0,2,2,0,6,7,5,8,3
2018.0,398.0,0.0,0.0,3,1,3,0,0,0,0,9,1,1,0,1,2,1,1,8,1,5,0,1,0,1,1,0,6,2,5,3,9
2018.0,0.0,1.0,0.0,2,4,3,0,0,0,0,5,1,1,0,1,1,1,1,10,1,5,0,0,0,1,1,0,4,2,5,9,3
2018.0,181.0,0.0,0.0,3,6,3,0,0,0,1,9,1,1,0,1,9,1,1,10,1,5,0,0,0,1,1,0,6,7,5,8,8
2018.0,95.0,0.0,0.0,3,10,3,0,0,0,0,9,1,1,0,0,9,1,1,10,1,5,0,0,0,2,1,0,7,5,5,5,5
2018.0,-101.0,0.0,0.0,3,10,3,0,0,0,2,1,1,1,0,1,1,1,1,11,1,5,0,0,0,0,1,0,4,4,5,9,2
2018.0,143.0,0.0,0.0,3,12,3,1,0,0,2,8,1,1,1,1,9,1,1,11,1,5,0,0,0,0,1,0,4,5,5,6,5
2018.0,-64.0,0.0,0.0,3,6,3,0,0,0,1,1,1,1,0,0,1,1,1,12,1,5,0,0,0,1,2,0,4,7,5,8,3
2018.0,0.0,1.0,0.0,2,1,5,4,0,2,1,5,0,1,0,1,1,1,1,12,1,5,0,0,0,0,1,0,7,5,5,5,5
2018.0,-150.0,1.0,0.0,2,6,3,0,0,0,0,1,1,1,0,0,1,1,1,13,1,5,0,0,0,1,2,0,6,7,5,8,3
2018.0,-75.0,0.0,0.0,3,6,3,1,0,0,1,1,1,1,0,1,1,1,1,13,1,5,0,0,0,2,1,0,4,7,5,8,3
2018.0,0.0,0.0,0.0,3,1,3,0,0,0,2,9,1,1,0,1,9,1,1,14,1,5,0,0,0,0,1,0,6,9,5,3,9
2018.0,0.0,0.0,0.0,3,1,3,1,0,0,1,5,1,1,0,0,2,1,1,15,1,5,0,0,0,1,1,0,1,5,5,9,8
2018.0,100.0,1.0,0.0,2,1,3,0,0,0,1,5,1,1,0,1,5,1,1,16,1,5,0,1,0,1,2,0,4,9,5,3,2
2018.0,232.0,0.0,0.0,3,10,3,0,0,0,1,1,1,1,0,0,1,1,1,17,1,5,0,1,0,0,1,0,6,9,5,8,2
2018.0,0.0,1.0,0.0,2,1,0,3,0,0,1,5,1,1,0,0,5,1,1,19,1,5,0,1,0,0,1,0,7,4,5,3,9
2018.0,0.0,0.0,0.0,3,1,1,3,4,0,0,3,1,1,0,0,9,1,1,20,1,5,0,0,1,1,1,0,7,2,5,3,9
2018.0,-200.0,0.0,0.0,3,6,3,0,0,0,1,1,1,1,0,0,1,1,1,8,2,5,0,1,0,2,1,0,4,7,5,8,3
2018.0,60.0,0.0,0.0,3,6,3,0,0,0,0,1,1,1,1,1,1,1,1,8,2,5,0,1,0,1,1,0,6,7,5,6,3
2018.0,0.0,2.0,0.0,2,4,3,0,0,0,1,2,1,1,0,1,5,1,1,13,2,5,0,0,0,0,2,0,4,2,5,3,9
2018.0,0.0,2.0,0.0,3,4,3,0,0,0,1,7,1,1,0,0,1,1,1,13,2,5,0,0,0,2,1,0,4,2,5,3,9
2018.0,-95.0,2.0,0.0,3,6,3,0,0,0,1,1,1,1,0,0,1,1,1,14,2,5,0,0,0,1,1,0,4,7,5,8,3
2018.0,-355.0,1.0,0.0,2,3,3,0,0,0,0,2,1,1,0,0,1,1,1,16,2,5,0,1,0,1,2,0,6,2,5,3,9
2018.0,-334.0,0.0,0.0,3,6,3,0,0,0,1,2,1,1,0,0,2,1,1,17,2,5,0,1,0,1,1,0,6,7,5,8,3
2018.0,0.0,2.0,0.0,2,4,0,0,0,0,0,9,1,1,0,0,1,1,1,19,2,5,0,1,0,1,1,0,7,2,5,3,9
2018.0,-260.0,0.0,0.0,3,10,0,0,0,0,0,2,1,1,0,1,2,1,1,20,2,5,0,0,0,2,2,0,6,9,5,3,3
2018.0,100.0,0.0,0.0,3,6,0,0,0,0,1,5,0,1,0,1,5,1,1,21,2,5,0,0,0,2,2,0,4,7,5,8,3
2018.0,595.0,0.0,0.0,3,4,3,0,0,0,2,9,1,1,0,0,2,1,1,6,3,5,0,0,0,0,0,0,6,2,5,9,9
2018.0,0.0,1.0,0.0,2,1,3,0,0,0,0,2,1,1,2,1,1,1,1,8,3,5,0,1,0,2,1,0,4,2,5,0,9
2018.0,145.0,1.0,0.0,3,6,3,0,0,0,2,9,1,1,0,0,9,1,1,8,3,5,0,1,0,0,1,0,4,7,5,8,3
2018.0,0.0,1.0,0.0,3,4,3,0,0,0,0,1,1,1,0,1,9,1,1,8,3,5,0,1,0,0,1,0,4,2,5,5,5
2018.0,0.0,1.0,0.0,2,4,3,0,0,0,1,1,1,1,0,1,9,1,1,11,3,5,0,0,0,1,1,0,4,2,5,3,9
2018.0,-432.0,0.0,0.0,3,6,3,0,0,0,1,2,1,1,0,1,2,1,1,12,3,5,0,0,0,2,1,0,6,8,5,8,3
2018.0,0.0,0.0,0.0,3,4,3,0,0,0,1,1,1,1,0,0,9,1,1,13,3,5,0,0,0,1,2,0,4,2,5,3,9
2018.0,63.0,0.0,0.0,3,6,3,0,0,0,0,5,1,1,0,0,5,1,1,13,3,5,0,0,0,0,2,0,4,7,5,8,3
2018.0,-68.0,0.0,0.0,3,6,3,0,0,0,1,5,1,1,0,1,5,1,1,15,3,5,0,0,0,2,1,0,4,7,5,8,3
2018.0,0.0,0.0,0.0,3,6,3,0,0,0,1,1,1,1,0,1,1,1,1,16,3,5,0,1,0,2,1,0,7,7,5,3,3
2018.0,-115.0,0.0,0.0,3,6,3,0,0,0,0,1,1,1,0,0,1,1,1,16,3,5,0,1,0,1,1,0,6,7,5,8,3
2018.0,-600.0,0.0,0.0,3,5,3,0,0,0,0,2,1,1,0,0,1,1,1,16,3,5,0,1,0,1,2,0,6,4,5,3,9
2018.0,-500.0,0.0,0.0,3,6,3,4,0,0,0,1,1,1,0,1,1,1,1,16,3,5,0,1,0,1,1,0,6,7,5,8,8
2018.0,427.0,0.0,0.0,3,6,3,0,0,0,0,5,1,1,0,1,5,1,1,17,3,5,0,1,0,1,1,0,6,7,5,8,3
2018.0,0.0,0.0,0.0,3,6,3,4,0,0,2,5,1,1,0,1,5,1,1,18,3,5,0,1,0,0,1,0,7,5,5,5,5
2018.0,322.0,0.0,0.0,3,6,3,0,0,0,2,9,1,1,0,0,9,1,1,18,3,5,0,1,0,0,0,0,6,7,5,8,8
2018.0,98.0,1.0,0.0,3,5,3,0,0,0,1,1,1,1,3,0,5,1,1,6,4,5,0,0,0,1,1,0,6,2,5,7,5
2018.0,-750.0,1.0,0.0,2,6,3,0,0,0,1,2,1,1,0,0,2,1,1,7,4,5,0,1,0,1,1,0,6,7,5,8,3
2018.0,335.0,0.0,0.0,3,5,3,0,0,0,0,2,1,1,0,0,2,1,1,8,4,5,0,1,0,1,1,0,6,9,5,3,2
2018.0,-25.0,1.0,0.0,2,6,3,0,0,0,2,2,1,1,0,0,2,1,1,8,4,5,0,1,0,0,1,0,7,7,5,8,3
2018.0,0.0,0.0,0.0,3,4,3,0,0,0,0,9,1,1,0,0,3,1,1,8,4,5,0,1,0,1,1,0,7,2,5,9,3
2018.0,-693.0,0.0,0.0,3,12,5,0,0,0,2,8,1,1,1,1,5,1,1,11,4,5,0,0,0,0,1,0,6,5,5,6,5
2018.0,160.0,0.0,0.0,3,6,3,0,0,0,1,9,1,1,0,0,9,1,1,11,4,5,0,0,0,2,2,0,6,7,5,8,3
2018.0,-687.0,2.0,0.0,2,6,3,0,0,0,0,2,1,1,0,0,2,1,1,11,4,5,0,0,0,2,2,0,6,7,5,8,3
2018.0,-293.0,0.0,0.0,3,6,3,0,0,0,2,9,1,1,0,1,9,1,1,12,4,5,0,0,0,0,1,0,6,7,5,9,3
2018.0,0.0,1.0,0.0,2,1,3,0,0,0,0,1,1,1,0,1,2,1,1,13,4,5,0,0,0,1,1,0,2,2,5,3,3
2018.0,0.0,2.0,0.0,2,4,3,0,0,0,0,2,1,1,0,0,1,1,1,13,4,5,0,0,0,1,1,0,4,2,5,3,9
2018.0,-131.0,0.0,0.0,3,4,3,0,0,0,1,1,1,1,0,0,2,1,1,14,4,5,0,0,0,0,1,0,6,2,5,3,9
2018.0,-90.0,2.0,0.0,1,1,3,0,0,0,0,1,1,1,0,0,9,1,1,15,4,5,0,0,0,0,1,0,6,2,5,3,9
2018.0,-150.0,0.0,0.0,3,5,3,0,0,0,1,1,1,1,0,1,1,1,1,16,4,5,0,1,0,1,1,0,6,5,5,3,3
2018.0,0.0,0.0,0.0,3,4,3,0,0,0,1,2,1,1,0,1,5,1,1,17,4,5,0,1,0,2,1,0,4,2,5,3,9
2018.0,-1500.0,3.0,0.0,2,6,3,0,0,0,0,2,1,1,0,1,2,0,1,18,4,5,0,1,0,1,2,0,6,7,5,9,3
2018.0,-118.0,0.0,0.0,3,10,3,0,0,0,1,2,1,1,0,0,2,1,1,19,4,5,0,1,0,2,1,0,4,5,5,3,6
2018.0,-101.0,0.0,0.0,3,6,0,0,0,0,0,2,1,1,0,0,2,1,1,20,4,5,0,0,0,2,1,0,4,8,5,3,3
2018.0,1186.0,1.0,0.0,3,1,3,0,0,0,1,5,1,1,0,1,9,1,1,8,5,5,1,1,0,0,1,0,6,2,5,3,9
2018.0,-10.0,0.0,0.0,3,4,3,0,0,0,1,9,1,1,0,0,1,1,1,8,5,5,1,1,0,1,1,0,7,2,5,3,9
2018.0,-4.0,0.0,0.0,3,6,3,0,0,0,0,2,1,1,0,1,2,1,1,11,5,5,1,0,0,1,0,0,4,7,5,8,3
2018.0,210.0,0.0,0.0,3,10,3,0,0,0,1,1,1,1,0,0,1,1,1,12,5,5,1,0,0,0,1,0,6,9,5,3,3
2018.0,250.0,0.0,0.0,3,4,3,0,0,0,1,1,1,1,0,0,1,1,1,12,5,5,1,0,0,1,1,0,7,2,5,3,2
2018.0,0.0,4.0,0.0,1,4,0,0,0,0,0,5,0,1,0,1,2,1,1,20,5,5,1,0,0,2,1,0,7,7,5,9,3
2018.0,31.0,0.0,0.0,3,6,0,0,0,0,1,5,0,1,0,1,5,1,1,20,5,5,1,0,0,1,1,0,7,7,5,8,9
2018.0,25.0,0.0,0.0,3,6,0,0,0,0,2,1,1,1,0,1,1,1,1,21,5,5,1,0,0,0,1,0,6,7,5,8,3
2018.0,0.0,0.0,0.0,3,4,0,0,0,0,1,2,1,1,0,0,9,1,1,23,5,5,1,0,0,1,2,0,7,9,5,3,9
2018.0,-70.0,0.0,0.0,3,12,3,0,0,0,2,7,1,1,0,1,7,1,1,11,6,5,1,0,0,0,2,0,6,7,5,8,5
2018.0,0.0,0.0,0.0,3,10,3,0,0,0,0,9,1,1,0,1,9,1,1,12,6,5,1,0,0,0,1,0,7,5,5,9,9
2018.0,-200.0,0.0,0.0,3,4,3,0,0,0,0,7,1,1,0,1,2,1,1,18,6,5,1,1,0,0,2,0,6,9,5,3,9
2018.0,0.0,0.0,0.0,3,4,0,0,0,0,0,1,1,1,0,1,9,1,1,20,6,5,1,0,0,2,2,0,4,2,5,3,9
2018.0,0.0,1.0,0.0,3,4,0,0,0,0,1,9,1,1,0,1,1,1,1,20,6,5,1,0,0,1,2,0,4,4,5,3,9
2018.0,-422.0,0.0,0.0,3,10,0,0,0,0,1,1,1,1,1,1,1,1,1,3,0,5,0,0,0,1,1,0,6,9,5,6,3
2018.0,-625.0,0.0,0.0,3,12,2,0,0,0,2,8,1,1,1,1,8,1,1,5,0,5,0,0,0,0,1,0,6,5,5,6,5
2018.0,-75.0,1.0,0.0,3,1,3,0,0,0,0,1,1,1,0,1,5,1,1,7,0,5,0,1,0,1,1,0,6,2,5,3,9
2018.0,0.0,0.0,0.0,3,4,3,1,0,0,1,2,1,1,0,0,6,1,1,7,0,5,0,1,0,1,1,0,4,2,5,9,3
2018.0,35.0,0.0,0.0,3,12,3,0,0,0,2,8,1,1,1,1,8,1,1,11,0,5,0,0,0,0,1,0,6,5,5,6,5
2018.0,350.0,1.0,0.0,3,6,3,0,0,0,1,5,1,1,0,0,5,1,1,11,0,5,0,0,0,1,0,0,6,7,5,8,3
2018.0,25.0,0.0,0.0,3,1,3,0,0,0,1,2,1,1,0,0,3,1,1,12,0,5,0,0,0,1,0,0,6,4,5,3,9
2018.0,0.0,1.0,0.0,3,4,3,0,0,0,0,2,1,1,0,1,5,1,1,14,0,5,0,0,0,2,0,0,4,2,5,3,9
2018.0,0.0,0.0,0.0,3,4,3,0,0,0,1,1,1,1,0,1,9,1,1,14,0,5,0,0,0,2,1,0,4,2,5,3,9
2018.0,103.0,0.0,0.0,3,4,3,0,0,0,1,2,1,1,0,1,5,1,1,15,0,5,0,0,0,2,1,0,4,2,5,3,9
2018.0,80.0,0.0,0.0,3,6,3,0,0,0,2,9,1,1,0,1,9,1,1,16,0,5,0,1,0,0,0,0,4,8,5,8,3
2018.0,420.0,0.0,0.0,3,4,0,0,0,0,0,7,1,1,0,0,2,1,1,20,0,5,0,0,0,1,0,0,6,2,5,3,9
2018.0,72.0,1.0,0.0,3,6,0,0,0,0,1,9,1,1,0,1,9,1,1,1,1,5,0,0,0,2,1,0,7,5,5,8,3
2018.0,0.0,1.0,0.0,2,4,3,0,0,0,1,1,1,1,0,0,9,1,1,7,1,5,0,1,0,2,2,0,4,2,5,3,9
2018.0,0.0,1.0,0.0,2,4,3,0,0,0,1,1,1,1,0,1,9,1,1,8,1,5,0,1,0,1,2,0,4,2,5,3,9
2018.0,0.0,0.0,0.0,3,6,3,0,0,0,1,2,1,1,0,1,2,1,1,8,1,5,0,1,0,1,1,0,4,7,5,9,9
2018.0,-25.0,0.0,0.0,3,6,3,0,0,0,2,1,1,1,0,1,1,1,1,8,1,5,0,1,0,0,1,0,7,7,5,3,3
2018.0,61.0,0.0,0.0,3,10,3,0,0,0,1,2,1,1,0,1,2,1,1,8,1,5,0,1,0,1,1,0,6,9,5,3,9
2018.0,0.0,2.0,0.0,2,4,3,0,0,0,0,1,1,1,0,1,2,1,1,10,1,5,0,0,0,2,2,0,4,2,5,9,3
2018.0,-77.0,0.0,0.0,3,10,3,0,0,0,1,1,1,1,0,1,1,1,1,11,1,5,0,0,0,1,0,0,4,9,5,8,9
2018.0,-439.0,0.0,0.0,3,6,3,0,0,0,1,1,1,1,0,0,1,1,1,11,1,5,0,0,0,1,1,0,6,5,5,8,3
2018.0,0.0,1.0,0.0,2,4,3,0,0,0,1,9,1,1,0,0,2,1,1,12,1,5,0,0,0,1,2,0,4,2,5,3,9
2018.0,-350.0,0.0,0.0,3,6,3,0,0,0,0,1,1,1,0,0,1,1,1,12,1,5,0,0,0,2,2,0,7,8,5,8,3
2018.0,0.0,1.0,0.0,3,4,3,0,0,0,0,9,1,1,0,0,1,1,1,13,1,5,0,0,0,1,1,0,4,2,5,3,9
2018.0,0.0,0.0,0.0,3,1,3,0,0,0,0,1,1,1,0,1,5,1,1,14,1,5,0,0,0,2,1,0,4,2,5,3,3
2018.0,0.0,0.0,0.0,3,1,3,0,0,0,0,2,1,1,0,1,9,1,1,14,1,5,0,0,0,1,1,0,4,2,5,9,3
2018.0,-75.0,1.0,0.0,3,6,3,0,0,0,1,1,1,1,0,0,1,1,1,14,1,5,0,0,0,2,1,0,4,7,5,8,3
2018.0,-1108.0,0.0,0.0,3,4,3,0,0,0,1,9,1,1,0,1,1,1,1,15,1,5,0,0,0,0,0,0,6,2,5,3,9
2018.0,-80.0,1.0,0.0,3,6,3,0,0,0,0,1,1,1,0,1,1,1,1,15,1,5,0,0,0,1,1,0,4,7,5,8,3
2018.0,0.0,0.0,0.0,3,1,3,0,0,0,0,9,1,1,0,0,5,1,1,16,1,5,0,1,0,1,2,0,2,2,5,3,3
2018.0,517.0,0.0,0.0,3,1,3,0,0,0,0,5,1,1,0,0,1,1,1,16,1,5,0,1,0,2,1,0,6,2,5,3,9
2018.0,236.0,0.0,0.0,3,6,3,0,0,0,1,5,1,1,0,0,5,1,1,16,1,5,0,1,0,1,1,0,6,7,5,8,8
2018.0,150.0,0.0,0.0,3,1,3,0,0,0,0,3,1,1,0,1,5,1,1,16,1,5,0,1,0,2,1,0,6,2,5,3,9
2018.0,-116.0,1.0,0.0,3,6,3,0,0,0,0,1,1,1,0,0,1,1,1,17,1,5,0,1,0,1,1,0,4,8,5,8,3
2018.0,-114.0,1.0,0.0,3,3,3,0,0,0,1,9,0,0,0,0,1,1,1,17,1,5,0,1,0,1,1,0,4,4,5,8,9
2018.0,-103.0,0.0,0.0,3,6,3,0,0,0,1,5,0,0,0,0,5,1,1,17,1,5,0,1,0,1,2,0,4,7,5,8,8
2018.0,0.0,1.0,0.0,2,4,0,0,0,0,1,9,1,1,0,1,1,1,1,19,1,5,0,1,0,2,1,0,2,2,5,9,3
2018.0,0.0,0.0,0.0,3,1,0,0,0,0,1,1,1,1,0,1,2,1,1,20,1,5,0,0,0,1,1,0,4,9,5,9,3
2018.0,100.0,0.0,0.0,3,4,3,0,0,0,0,9,1,1,0,1,1,1,1,6,2,5,0,0,0,2,1,0,6,2,5,3,9
2018.0,415.0,1.0,0.0,2,4,3,0,0,0,1,4,1,1,0,0,1,1,1,7,2,5,0,1,0,1,0,0,6,2,5,3,9
2018.0,147.0,0.0,0.0,3,4,3,0,0,0,0,9,1,1,0,1,2,1,1,9,2,5,0,1,0,1,1,0,6,2,5,3,9
2018.0,-68.0,0.0,0.0,3,10,3,0,0,0,2,2,1,1,0,0,2,1,1,9,2,5,0,1,0,0,0,0,4,2,5,8,3
2018.0,197.0,2.0,0.0,3,4,3,0,0,0,1,7,1,1,0,1,2,1,1,12,2,5,0,0,0,2,1,0,6,2,5,3,9
2018.0,0.0,2.0,0.0,3,4,3,0,0,0,1,1,1,1,0,0,9,1,1,13,2,5,0,0,0,0,1,0,4,2,5,3,9
2018.0,0.0,0.0,0.0,3,4,3,0,0,0,0,2,1,1,0,0,5,1,1,16,2,5,0,1,0,2,1,0,4,2,5,3,9
2018.0,80.0,2.0,0.0,3,6,3,0,0,0,1,5,1,1,0,0,5,1,1,16,2,5,0,1,0,2,0,0,7,7,5,8,8
2018.0,-122.0,0.0,0.0,3,1,3,0,0,0,0,9,1,1,0,1,9,1,1,16,2,5,0,1,0,2,0,0,6,5,5,8,2
2018.0,400.0,0.0,0.0,3,6,3,0,0,0,0,5,1,1,0,1,5,1,1,16,2,5,0,1,0,1,1,0,7,8,5,8,8
2018.0,-500.0,0.0,0.0,3,5,3,0,0,0,1,9,1,1,0,1,9,1,1,17,2,5,0,1,0,2,2,0,6,5,5,3,3