Year,Distance,Totalinjuries,Totalfatalities,Injuryseverity,Collisionmanner,Lightcondition,Weather,SurfaceCondition,Unittype_One,Gender_Drv1,Traveldirection_One,AlcoholUse_Drv1,DrugUse_Drv1,Unittype_Two,Gender_Drv2,Traveldirection_Two,AlcoholUse_Drv2,DrugUse_Drv2,Hour,Weekday,Month,Weekend,Rush_Hour,Hazardous_Road,Age_Group_Drv1,Age_Group_Drv2,Substance_Use,Junction_Category,Violation_Category_Drv1,Violation_Category_Drv2,Unitaction_Category_Two,Unitaction_Category_One
2018.0,214.0,3.0,0.0,2,1,3,0,0,0,1,1,1,1,0,1,5,1,1,17,2,5,0,1,0,1,2,0,6,2,7,3,9
2018.0,-145.0,3.0,0.0,3,6,3,0,0,0,1,1,0,1,0,1,1,1,1,17,2,5,0,1,0,1,1,0,6,8,5,8,8
2018.0,88.0,0.0,0.0,3,6,3,0,0,0,0,1,1,1,0,1,1,1,1,17,2,5,0,1,0,2,1,0,6,7,5,8,3
2018.0,55.0,0.0,0.0,3,6,3,0,0,0,1,1,1,1,0,0,1,1,1,17,2,5,0,1,0,0,2,0,6,7,5,8,3
2018.0,30.0,0.0,0.0,3,6,3,0,0,0,1,5,1,1,0,1,5,1,1,18,2,5,0,1,0,2,1,0,4,8,5,8,3
2018.0,40.0,0.0,0.0,3,6,3,0,0,0,1,1,1,1,0,1,1,1,1,18,2,5,0,1,0,2,2,0,4,7,5,3,3
2018.0,30.0,0.0,0.0,3,1,0,0,0,0,1,2,1,1,0,0,1,1,1,20,2,5,0,0,0,1,2,0,6,4,5,3,9
2018.0,0.0,2.0,0.0,3,4,3,0,0,0,1,4,1,1,0,0,5,1,1,7,3,5,0,1,0,1,1,0,4,2,5,3,9
2018.0,70.0,2.0,0.0,3,6,3,0,0,0,0,5,1,1,0,0,5,1,1,10,3,5,0,0,0,2,2,0,4,7,5,8,8
2018.0,-40.0,2.0,0.0,3,6,3,0,0,0,1,1,1,1,0,1,1,1,1,13,3,5,0,0,0,1,0,0,4,7,5,8,3
2018.0,0.0,1.0,0.0,3,6,3,0,0,0,0,9,1,1,0,1,9,1,1,13,3,5,0,0,0,1,1,0,7,7,5,8,8
2018.0,585.0,0.0,0.0,3,1,3,0,0,0,1,9,1,1,0,1,2,1,1,14,3,5,0,0,0,1,1,0,6,2,5,3,9
2018.0,12.0,0.0,0.0,3,5,3,0,0,0,1,9,1,1,0,0,1,1,1,14,3,5,0,0,0,2,0,0,7,4,5,9,9
2018.0,0.0,1.0,0.0,3,4,3,0,0,0,1,4,1,1,0,0,5,1,1,14,3,5,0,0,0,1,1,0,4,2,5,3,9
2018.0,-30.0,0.0,0.0,3,10,3,0,0,0,1,1,1,1,0,0,1,1,1,16,3,5,0,1,0,1,1,0,4,9,5,8,9
2018.0,-141.0,2.0,0.0,3,6,3,0,0,0,0,1,1,1,0,0,1,1,1,16,3,5,0,1,0,0,1,0,4,7,5,8,3
2018.0,-50.0,0.0,0.0,3,6,3,0,0,0,0,1,1,1,0,1,1,1,1,16,3,5,0,1,0,1,1,0,7,8,5,8,3
2018.0,-68.0,0.0,0.0,3,6,3,0,0,0,0,2,1,1,0,0,2,1,1,16,3,5,0,1,0,1,2,0,4,7,5,8,8
2018.0,-690.0,0.0,0.0,3,6,3,0,0,0,0,1,1,1,0,1,1,1,1,17,3,5,0,1,0,1,1,0,6,7,5,8,3
2018.0,-15.0,2.0,0.0,3,6,3,0,0,0,0,6,1,1,0,0,6,1,1,18,3,5,0,1,0,1,1,0,7,7,5,8,8
2018.0,-70.0,0.0,0.0,3,6,3,0,0,0,1,1,1,1,0,0,1,1,1,7,4,5,0,1,0,1,1,0,7,8,5,8,3
2018.0,126.0,1.0,0.0,2,6,3,0,0,0,0,1,1,1,0,0,1,1,1,8,4,5,0,1,0,2,1,0,6,7,5,8,3
2018.0,0.0,2.0,0.0,2,1,3,0,0,0,0,5,1,1,0,1,9,1,1,9,4,5,0,1,0,1,2,0,4,2,5,3,3
2018.0,25.0,1.0,0.0,3,6,5,4,3,0,2,8,1,1,0,0,2,1,1,10,4,5,0,0,0,0,0,0,7,5,5,3,5
2018.0,-87.0,0.0,0.0,3,10,3,0,0,0,0,5,1,1,0,1,5,1,1,10,4,5,0,0,0,2,1,0,6,9,5,3,2
2018.0,90.0,0.0,0.0,3,10,3,0,0,0,1,5,1,1,0,0,5,1,1,16,4,5,0,1,0,1,0,0,7,9,5,3,2
2018.0,241.0,3.0,0.0,2,4,3,0,0,0,0,2,1,1,0,0,1,1,1,17,4,5,0,1,0,2,1,0,6,2,5,3,9
2018.0,0.0,1.0,0.0,2,4,3,0,0,0,1,1,1,1,0,1,9,1,1,17,4,5,0,1,0,1,1,0,4,2,5,3,9
2018.0,40.0,0.0,0.0,3,6,3,0,0,0,0,9,1,1,0,1,9,1,1,17,4,5,0,1,0,1,1,0,4,8,5,8,3
2018.0,75.0,3.0,0.0,3,6,3,0,0,0,0,5,0,1,0,1,5,1,1,18,4,5,0,1,0,1,1,0,7,8,5,8,8
2018.0,-80.0,0.0,0.0,3,6,3,0,0,0,1,2,1,1,0,1,2,1,1,18,4,5,0,1,0,1,1,0,4,7,5,8,3
2018.0,-375.0,2.0,0.0,3,0,3,0,0,0,0,9,0,1,0,1,9,1,1,18,4,5,0,1,0,1,1,0,6,9,5,8,2
2018.0,-240.0,0.0,0.0,3,6,0,0,0,0,0,9,1,1,0,1,9,1,1,21,4,5,0,0,0,1,0,0,6,8,5,8,3
2018.0,227.0,0.0,0.0,3,6,0,0,0,0,0,9,1,1,0,1,9,1,1,22,4,5,0,0,0,1,2,0,7,8,5,8,8
2018.0,-90.0,0.0,0.0,3,6,0,0,0,0,1,1,1,1,0,1,1,1,1,23,4,5,0,0,0,2,1,0,7,7,5,8,3
2018.0,570.0,0.0,0.0,3,0,0,0,0,0,1,9,1,1,0,0,2,1,1,1,5,5,1,0,0,2,2,0,6,9,5,3,9
2018.0,15.0,1.0,0.0,3,6,1,0,0,0,1,5,0,1,0,1,5,1,1,2,5,5,1,0,0,2,0,0,7,7,5,8,3
2018.0,400.0,1.0,0.0,2,5,3,0,0,3,1,5,1,1,0,0,1,1,1,14,5,5,1,0,0,2,2,0,6,2,5,3,7
2018.0,0.0,0.0,0.0,3,12,3,0,0,0,2,8,1,1,0,1,5,1,1,14,5,5,1,0,0,0,2,0,7,5,5,3,5
2018.0,0.0,0.0,0.0,3,1,3,0,0,0,1,2,1,1,0,1,1,1,1,15,5,5,1,0,0,2,2,0,4,2,5,9,3
2018.0,-89.0,0.0,0.0,3,6,3,0,0,0,1,2,1,1,0,0,2,1,1,15,5,5,1,0,0,2,2,0,7,7,5,5,5
2018.0,20.0,3.0,0.0,1,3,3,1,0,0,1,1,1,0,0,1,9,1,1,16,5,5,1,1,0,1,1,0,6,5,5,3,5
2018.0,-470.0,0.0,0.0,3,1,3,0,0,0,0,2,1,1,0,0,1,1,1,16,5,5,1,1,0,2,1,0,6,2,5,3,9
2018.0,10.0,0.0,0.0,3,6,0,0,0,0,0,9,0,1,0,1,9,1,1,19,5,5,1,1,0,1,1,0,7,7,5,8,3
2018.0,0.0,1.0,0.0,2,4,0,0,0,0,1,1,1,1,0,0,5,1,1,22,5,5,1,0,0,2,2,0,7,2,5,3,9
2018.0,-10.0,0.0,0.0,3,6,3,0,0,0,1,2,1,1,0,1,2,1,1,5,6,5,1,0,0,2,1,0,2,7,5,3,3
2018.0,0.0,0.0,0.0,3,10,3,0,0,0,0,5,1,1,0,1,5,1,1,8,6,5,1,1,0,2,0,0,7,5,5,9,9
2018.0,-85.0,0.0,0.0,3,12,2,0,0,0,2,8,1,1,1,1,2,1,1,11,6,5,1,0,0,0,1,0,6,5,5,6,5
2018.0,0.0,5.0,0.0,1,9,3,0,0,0,1,9,1,0,0,0,1,1,1,15,6,5,1,0,0,1,2,0,7,5,5,3,9
2018.0,200.0,0.0,0.0,3,10,3,0,0,0,1,5,1,1,0,1,5,1,1,17,6,5,1,1,0,1,1,0,6,5,5,3,3
2018.0,-200.0,0.0,0.0,3,12,0,0,0,0,0,2,1,1,2,1,9,1,1,19,6,5,1,1,0,2,1,0,4,5,5,3,3
2018.0,200.0,0.0,0.0,3,1,0,0,0,0,0,1,0,1,1,1,9,1,1,20,6,5,1,0,0,1,1,0,6,9,5,6,3
2018.0,0.0,0.0,0.0,3,4,0,0,0,0,1,1,1,1,0,0,5,1,1,22,6,5,1,0,0,2,2,0,4,5,5,3,2
2018.0,0.0,2.0,0.0,2,4,0,0,0,0,0,2,1,1,0,1,5,1,1,0,0,5,0,0,0,1,1,0,2,2,5,3,9
2018.0,0.0,1.0,0.0,3,1,2,0,0,0,1,5,1,1,0,1,9,1,1,5,0,5,0,0,0,0,1,0,4,2,5,3,3
2018.0,-150.0,0.0,0.0,3,6,3,0,3,0,2,2,1,1,0,1,2,1,1,8,0,5,0,1,0,0,1,0,7,7,5,8,5
2018.0,0.0,4.0,0.0,2,4,3,0,0,0,0,5,1,1,0,0,2,1,1,8,0,5,0,1,0,1,1,0,4,2,5,3,9
2018.0,415.0,2.0,0.0,3,1,3,0,0,0,0,1,1,1,0,0,5,1,1,10,0,5,0,0,0,1,1,0,6,2,5,3,9
2018.0,0.0,1.0,0.0,3,4,3,0,0,0,1,5,1,1,0,1,9,1,1,10,0,5,0,0,0,2,1,0,4,2,5,3,9
2018.0,-30.0,1.0,0.0,2,1,3,0,0,0,0,9,1,1,0,0,5,1,1,11,0,5,0,0,0,0,0,0,4,5,5,9,3
2018.0,-520.0,0.0,0.0,3,6,3,0,0,0,1,1,1,1,0,1,1,1,1,15,0,5,0,0,0,1,1,0,4,7,5,8,3
2018.0,-120.0,1.0,0.0,3,6,3,0,0,0,0,1,1,1,0,1,1,1,1,15,0,5,0,0,0,2,0,0,4,2,5,8,3
2018.0,0.0,0.0,0.0,3,1,3,0,0,0,0,2,1,1,0,0,1,1,1,16,0,5,0,1,0,1,1,0,4,2,5,3,9
2018.0,900.0,0.0,0.0,3,4,3,0,0,0,0,2,0,1,0,1,1,1,1,16,0,5,0,1,0,0,1,0,6,2,5,3,9
2018.0,0.0,1.0,0.0,3,1,3,0,0,0,1,1,1,1,0,0,5,1,1,17,0,5,0,1,0,2,2,0,4,2,5,3,9
2018.0,-300.0,1.0,0.0,2,1,3,0,0,0,0,5,1,1,0,1,9,1,1,18,0,5,0,1,0,2,1,0,6,2,5,3,9
2018.0,45.0,0.0,0.0,3,6,3,0,0,0,0,1,1,1,0,0,1,1,1,7,1,5,0,1,0,1,1,0,7,8,5,3,3
2018.0,84.0,0.0,0.0,3,6,3,0,0,0,1,1,1,1,0,1,1,1,1,8,1,5,0,1,0,1,1,0,6,7,5,3,3
2018.0,82.0,0.0,0.0,3,6,3,0,0,0,1,2,1,1,0,0,2,1,1,9,1,5,0,1,0,1,1,0,6,8,5,8,3
2018.0,-120.0,0.0,0.0,3,10,3,0,0,0,1,1,1,1,0,0,1,1,1,12,1,5,0,0,0,2,1,0,4,9,5,3,2
2018.0,0.0,0.0,0.0,3,6,3,0,0,0,1,2,1,1,0,0,2,1,1,12,1,5,0,0,0,1,1,0,4,7,5,8,9
2018.0,100.0,0.0,0.0,3,4,3,0,0,0,0,5,1,1,0,1,9,1,1,13,1,5,0,0,0,1,2,0,6,2,5,3,9
2018.0,0.0,0.0,0.0,3,4,3,0,0,0,0,1,1,1,0,1,9,1,1,14,1,5,0,0,0,2,2,0,7,2,5,3,9
2018.0,35.0,0.0,0.0,3,1,3,0,0,0,1,9,1,1,0,1,9,1,1,15,1,5,0,0,0,2,0,0,7,7,5,3,2
2018.0,-70.0,0.0,0.0,3,6,3,0,0,0,2,1,1,1,0,0,1,1,1,15,1,5,0,0,0,0,0,0,7,7,5,8,3
2018.0,-800.0,0.0,0.0,3,1,3,0,0,0,0,6,1,1,0,0,5,1,1,15,1,5,0,0,0,2,1,0,6,4,5,3,9
2018.0,360.0,0.0,0.0,3,4,3,0,0,0,1,2,1,1,0,0,5,1,1,16,1,5,0,1,0,2,2,0,6,5,5,5,5
2018.0,-35.0,0.0,0.0,3,6,3,0,0,0,1,1,1,1,0,1,1,1,1,17,1,5,0,1,0,1,1,0,4,7,5,8,3
2018.0,-550.0,0.0,0.0,3,1,3,0,0,0,1,1,1,1,0,1,5,1,1,17,1,5,0,1,0,1,2,0,6,2,5,3,9
2018.0,0.0,0.0,0.0,3,4,3,0,0,0,0,5,1,1,0,0,2,1,1,17,1,5,0,1,0,1,2,0,7,2,5,3,9
2018.0,-425.0,1.0,0.0,2,5,5,4,0,0,2,2,1,1,3,1,8,1,1,7,2,5,0,1,0,0,0,0,6,7,5,6,5
2018.0,50.0,1.0,0.0,3,6,3,0,0,0,0,9,1,1,0,1,9,1,1,7,2,5,0,1,0,2,1,0,4,7,5,8,3
2018.0,-120.0,0.0,0.0,3,1,3,0,0,0,1,5,1,1,0,0,5,1,1,10,2,5,0,0,0,1,1,0,6,9,2,3,9
2018.0,-142.0,0.0,0.0,3,4,3,0,0,0,0,6,1,1,0,0,1,1,1,10,2,5,0,0,0,1,1,0,7,2,5,3,9
2018.0,-521.0,0.0,1.0,0,1,3,0,0,0,1,5,1,1,0,1,9,1,1,11,2,5,0,0,0,1,0,0,0,2,5,3,9
2018.0,0.0,1.0,0.0,2,1,3,0,0,0,0,1,1,1,0,0,5,1,1,11,2,5,0,0,0,1,1,0,7,5,5,3,3
2018.0,0.0,0.0,0.0,3,1,3,0,0,0,1,9,1,1,0,1,2,1,1,13,2,5,0,0,0,1,1,0,4,2,5,3,3
2018.0,0.0,1.0,0.0,2,4,3,0,0,0,1,5,1,1,0,1,2,1,1,17,2,5,0,1,0,2,0,0,4,2,5,3,9
2018.0,0.0,0.0,0.0,3,4,3,0,0,0,0,2,1,1,0,1,1,1,1,18,2,5,0,1,0,2,2,0,7,2,5,3,9
2018.0,0.0,2.0,0.0,2,1,3,0,0,0,1,9,1,1,0,1,5,1,1,18,2,5,0,1,0,2,0,0,4,2,5,3,3
2018.0,-150.0,2.0,0.0,2,3,1,0,0,0,2,1,1,1,1,1,9,1,1,3,3,5,0,0,0,0,0,0,6,5,5,6,3
2018.0,-90.0,1.0,0.0,3,6,3,0,0,0,0,2,1,1,0,1,2,1,1,6,3,5,0,0,0,1,1,0,4,7,5,8,3
2018.0,-200.0,0.0,0.0,3,10,3,0,0,0,0,1,1,1,0,1,1,1,1,8,3,5,0,1,0,1,1,0,6,5,5,3,5
2018.0,26.0,2.0,0.0,2,1,3,0,0,0,0,9,1,1,0,0,5,1,1,9,3,5,0,1,0,1,1,0,4,2,5,3,3
2018.0,0.0,2.0,0.0,2,1,3,0,0,0,1,9,1,1,0,0,5,1,1,11,3,5,0,0,0,1,2,0,2,2,5,3,3
2018.0,90.0,0.0,0.0,3,10,3,4,0,0,0,2,1,1,0,0,2,1,1,11,3,5,0,0,0,2,2,0,6,9,5,3,2
2018.0,157.0,1.0,0.0,2,4,3,0,0,0,0,5,1,1,0,1,9,1,1,17,3,5,0,1,0,1,1,0,6,2,5,3,9
2018.0,0.0,0.0,0.0,3,4,3,0,0,0,1,9,1,1,0,0,1,1,1,17,3,5,0,1,0,1,1,0,4,2,5,3,9
2018.0,-339.0,4.0,0.0,2,6,3,0,0,0,0,1,1,1,0,1,1,1,1,17,3,5,0,1,0,1,2,0,6,7,5,8,3
2018.0,25.0,0.0,0.0,3,12,0,0,0,0,2,5,1,1,0,1,5,1,1,4,4,5,0,0,0,0,1,0,7,5,5,3,3
2018.0,-300.0,0.0,0.0,3,6,3,0,0,0,0,1,1,1,0,0,1,1,1,7,4,5,0,1,0,1,1,0,6,8,5,8,3
2018.0,-348.0,1.0,0.0,3,1,3,0,0,0,1,9,1,1,0,1,9,1,1,12,4,5,0,0,0,2,1,0,6,5,5,3,9
2018.0,144.0,3.0,0.0,2,6,3,0,0,0,1,1,1,1,0,1,1,1,1,14,4,5,0,0,0,0,1,0,6,7,5,8,3
2018.0,-210.0,0.0,0.0,3,1,3,0,0,0,0,2,1,1,0,1,1,1,1,15,4,5,0,0,0,1,1,0,6,2,5,3,9
2018.0,50.0,2.0,0.0,2,1,3,0,0,0,0,2,1,1,0,1,1,1,1,15,4,5,0,0,0,1,1,0,2,2,5,3,9
2018.0,0.0,1.0,0.0,2,4,3,0,0,0,0,2,1,1,0,0,9,1,1,16,4,5,0,1,0,2,0,0,4,2,5,9,3
2018.0,63.0,0.0,0.0,3,6,3,0,0,0,0,9,1,1,0,0,9,1,1,17,4,5,0,1,0,2,1,0,4,7,5,8,3
2018.0,-50.0,0.0,0.0,3,6,3,0,0,0,1,1,1,1,0,0,1,1,1,17,4,5,0,1,0,1,1,0,7,7,5,8,3
2018.0,176.0,1.0,0.0,2,6,3,0,0,0,0,1,1,1,0,0,1,1,1,17,4,5,0,1,0,2,1,0,6,7,5,8,3
2018.0,-70.0,0.0,0.0,3,6,0,0,0,0,1,2,1,1,0,0,2,1,1,20,4,5,0,0,0,2,1,0,4,7,5,8,3
2018.0,80.0,0.0,0.0,3,6,0,0,0,0,0,5,0,1,0,0,5,1,1,21,4,5,0,0,0,1,1,0,6,8,5,8,3
2018.0,-300.0,0.0,0.0,3,6,3,0,0,0,2,2,1,1,0,1,2,1,1,12,5,5,1,0,0,0,1,0,6,7,5,6,3
2018.0,0.0,0.0,0.0,3,10,3,0,0,0,1,4,1,1,0,0,4,1,1,16,5,5,1,1,0,1,1,0,2,9,9,9,9
2018.0,-100.0,0.0,0.0,3,6,0,0,0,0,1,1,1,1,0,1,1,1,1,19,5,5,1,1,0,1,1,0,7,8,5,8,3
2018.0,40.0,0.0,0.0,3,6,0,0,0,0,0,5,1,1,0,0,5,1,1,21,5,5,1,0,0,2,1,0,7,7,5,8,3
2018.0,-70.0,0.0,0.0,3,6,0,0,0,0,1,2,1,1,0,0,2,1,1,21,5,5,1,0,0,2,1,0,4,7,5,8,3
2018.0,-260.0,0.0,0.0,3,6,0,0,0,0,0,1,1,1,0,1,1,1,1,22,5,5,1,0,0,1,2,0,6,7,5,8,3
2018.0,-75.0,2.0,0.0,3,6,3,0,0,0,0,2,1,1,0,0,2,1,1,13,6,5,1,0,0,1,0,0,7,7,5,8,3
2018.0,0.0,0.0,0.0,3,4,0,0,0,0,0,5,1,1,0,1,1,1,1,20,6,5,1,0,0,1,2,0,4,4,5,3,9
2018.0,-215.0,1.0,0.0,3,6,3,0,0,0,1,2,1,1,0,1,2,1,1,6,0,5,0,0,0,1,1,0,6,7,5,8,3
2018.0,0.0,1.0,0.0,3,9,3,0,0,0,0,7,1,1,0,1,5,1,1,7,0,5,0,1,0,1,1,0,4,2,5,3,9
2018.0,110.0,0.0,0.0,3,1,3,0,0,0,1,5,1,1,0,1,5,1,1,7,0,5,0,1,0,1,2,0,4,9,5,3,2
2018.0,0.0,2.0,0.0,2,1,3,0,0,0,0,9,1,1,0,0,2,1,1,8,0,5,0,1,0,1,2,0,4,2,5,3,3
2018.0,-25.0,0.0,0.0,3,6,3,0,0,0,0,5,1,1,0,1,5,1,1,9,0,5,0,1,0,1,1,0,7,7,5,3,3
2018.0,10.0,0.0,0.0,3,1,3,0,0,0,1,5,1,1,0,1,5,1,1,10,0,5,0,0,0,0,1,0,4,2,5,9,9
2018.0,40.0,0.0,0.0,3,6,3,0,0,0,0,9,1,1,0,1,9,1,1,12,0,5,0,0,0,2,1,0,4,7,5,8,3
2018.0,-18.0,1.0,0.0,2,1,3,0,0,2,1,1,1,1,0,1,5,1,1,13,0,5,0,0,0,2,1,0,4,9,5,8,3
2018.0,135.0,2.0,0.0,3,6,3,0,0,0,1,9,1,1,0,0,9,1,1,13,0,5,0,0,0,2,1,0,6,7,5,8,0
2018.0,-165.0,2.0,0.0,3,3,3,0,0,0,1,5,1,1,0,0,2,1,1,15,0,5,0,0,0,0,2,0,2,9,5,8,3
2018.0,-56.0,0.0,0.0,3,6,3,0,0,0,1,1,1,1,0,1,1,1,1,16,0,5,0,1,0,1,2,0,4,7,5,8,3
2018.0,-725.0,0.0,0.0,3,1,3,0,0,0,1,4,1,1,0,1,1,1,1,16,0,5,0,1,0,1,1,0,6,2,5,3,9
2018.0,169.0,0.0,0.0,3,6,3,0,0,0,1,2,1,1,0,1,2,1,1,18,0,5,0,1,0,1,1,0,6,8,5,8,3
2018.0,100.0,1.0,0.0,3,6,0,0,0,0,1,2,1,1,0,0,2,1,1,22,0,5,0,0,0,2,2,0,6,8,5,8,3
2018.0,-62.0,0.0,0.0,3,6,3,0,0,0,0,1,1,1,0,1,1,1,1,7,1,5,0,1,0,2,1,0,4,7,5,8,3
2018.0,-62.0,0.0,0.0,3,6,3,0,0,0,0,1,1,1,0,1,1,1,1,7,1,5,0,1,0,2,1,0,4,7,5,8,3
2018.0,205.0,0.0,0.0,3,4,3,0,0,0,1,9,1,1,0,0,2,1,1,7,1,5,0,1,0,1,1,0,6,2,5,3,9
2018.0,0.0,0.0,0.0,3,10,3,0,0,0,0,1,1,1,0,1,1,1,1,10,1,5,0,0,0,2,1,0,6,7,5,9,3
2018.0,280.0,1.0,0.0,2,1,3,0,0,0,0,5,1,1,0,0,9,1,1,11,1,5,0,0,0,1,1,0,6,2,1,3,9
2018.0,-181.0,3.0,0.0,2,6,3,0,0,0,0,9,1,1,0,1,9,1,1,11,1,5,0,0,0,2,1,0,6,7,5,8,3
2018.0,190.0,0.0,0.0,3,6,3,0,0,0,1,1,1,1,0,1,1,1,1,12,1,5,0,0,0,2,1,0,6,8,5,9,3
2018.0,-115.0,1.0,0.0,3,6,3,0,0,0,0,5,1,1,0,0,5,1,1,12,1,5,0,0,0,1,1,0,6,7,5,8,3
2018.0,42.0,0.0,0.0,3,10,3,0,0,0,0,5,1,1,0,1,5,1,1,12,1,5,0,0,0,1,1,0,4,4,5,9,2
2018.0,0.0,0.0,0.0,3,4,3,0,0,0,2,9,1,1,0,1,1,1,1,15,1,5,0,0,0,0,1,0,4,2,5,9,3
2018.0,0.0,0.0,0.0,3,4,3,0,0,0,0,1,1,1,0,1,2,1,1,15,1,5,0,0,0,0,0,0,4,2,5,3,9
2018.0,0.0,1.0,0.0,3,5,3,0,0,2,1,9,1,1,0,0,5,1,1,15,1,5,0,0,0,2,2,0,4,2,5,3,3
2018.0,380.0,2.0,0.0,2,4,3,0,0,0,0,2,1,1,0,1,5,1,1,16,1,5,0,1,0,2,1,0,6,2,5,3,9
2018.0,-135.0,2.0,0.0,2,6,3,0,0,0,1,1,1,1,0,0,1,1,1,17,1,5,0,1,0,1,1,0,7,7,5,8,3
2018.0,-80.0,0.0,0.0,3,6,3,0,0,0,2,2,1,1,0,0,2,1,1,17,1,5,0,1,0,0,1,0,4,8,5,8,3
2018.0,-139.0,0.0,0.0,3,6,3,0,0,0,1,1,1,1,0,0,1,1,1,17,1,5,0,1,0,2,2,0,4,7,5,8,3
2018.0,-55.0,0.0,0.0,3,6,3,0,0,0,0,5,1,1,0,0,5,1,1,17,1,5,0,1,0,2,1,0,6,8,5,8,3
2018.0,600.0,1.0,0.0,3,6,3,0,0,0,2,1,1,1,0,0,1,1,1,17,1,5,0,1,0,0,1,0,6,8,5,9,3
2018.0,-49.0,2.0,0.0,2,6,3,0,0,0,0,2,1,1,0,1,2,1,1,18,1,5,0,1,0,2,2,0,4,7,5,8,3
2018.0,160.0,0.0,0.0,3,10,3,0,0,0,1,9,1,1,0,1,9,1,1,18,1,5,0,1,0,2,1,0,4,9,5,3,3
2018.0,25.0,0.0,0.0,3,4,3,0,0,0,1,9,1,1,0,1,2,1,1,18,1,5,0,1,0,2,2,0,6,2,5,3,9
2018.0,299.0,0.0,0.0,3,10,3,0,0,0,1,9,1,1,0,0,9,1,1,9,2,5,0,1,0,1,1,0,6,9,5,3,2
2018.0,521.0,3.0,0.0,2,6,3,0,0,0,1,9,1,1,0,1,9,1,1,10,2,5,0,0,0,1,0,0,6,7,5,9,3
2018.0,0.0,1.0,0.0,2,5,3,0,0,0,1,1,1,1,0,1,9,1,1,11,2,5,0,0,0,2,2,0,4,2,5,3,9
2018.0,150.0,0.0,0.0,3,4,3,0,0,0,1,5,1,1,0,1,2,1,1,12,2,5,0,0,0,1,2,0,6,2,5,3,9
2018.0,-273.0,1.0,0.0,2,4,3,0,0,0,1,2,1,1,0,0,5,1,1,12,2,5,0,0,0,1,1,0,6,2,5,3,9
2018.0,-175.0,1.0,0.0,2,6,3,0,0,0,1,2,1,1,0,0,2,1,1,13,2,5,0,0,0,0,1,0,6,8,5,8,3
2018.0,102.0,2.0,0.0,3,6,3,0,0,0,1,9,1,1,0,0,9,1,1,14,2,5,0,0,0,0,1,0,7,8,5,8,3
2018.0,1034.0,1.0,0.0,2,4,3,0,0,0,1,2,1,1,0,0,9,1,1,15,2,5,0,0,0,1,2,0,6,4,5,8,9
2018.0,-101.0,0.0,0.0,3,6,3,0,0,0,1,2,1,1,0,1,2,1,1,16,2,5,0,1,0,2,1,0,7,8,5,8,3
2018.0,0.0,0.0,0.0,3,1,3,0,0,0,0,5,1,1,0,0,9,1,1,17,2,5,0,1,0,0,1,0,7,2,5,3,9
2018.0,85.0,0.0,0.0,3,12,3,0,0,0,1,1,1,1,0,1,1,1,1,6,3,5,0,0,0,1,1,0,6,5,5,5,5
2018.0,148.0,0.0,0.0,3,10,3,0,0,0,1,9,1,1,0,1,9,1,1,8,3,5,0,1,0,1,1,0,4,9,5,3,3
2018.0,98.0,0.0,0.0,3,10,3,0,0,0,1,9,1,1,0,1,9,1,1,8,3,5,0,1,0,2,1,0,4,9,5,3,2
2018.0,-598.0,0.0,0.0,3,6,3,0,0,0,2,1,1,1,0,0,1,1,1,9,3,5,0,1,0,0,2,0,6,8,5,8,8
2018.0,-66.0,0.0,0.0,3,6,3,0,0,0,1,1,1,1,0,0,1,1,1,9,3,5,0,1,0,2,2,0,4,8,5,8,3
2018.0,45.0,1.0,0.0,2,1,3,0,0,0,1,9,1,1,3,0,2,1,1,11,3,5,0,0,0,1,2,0,7,2,5,7,5
2018.0,333.0,0.0,0.0,3,4,3,0,0,0,0,5,1,1,0,1,9,1,1,12,3,5,0,0,0,2,1,0,6,2,5,3,9
2018.0,-25.0,1.0,0.0,2,5,3,0,0,0,1,9,1,1,3,0,1,1,1,12,3,5,0,0,0,0,1,0,4,2,5,7,9
2018.0,-45.0,0.0,0.0,3,6,3,0,0,0,1,1,1,1,0,1,1,1,1,13,3,5,0,0,0,1,0,0,4,7,5,8,3
2018.0,255.0,0.0,0.0,3,6,3,0,0,0,2,1,1,1,0,1,1,1,1,15,3,5,0,0,0,0,0,0,6,8,5,8,3
2018.0,0.0,1.0,0.0,2,4,3,0,0,0,1,2,1,1,0,1,5,1,1,16,3,5,0,1,0,1,1,0,4,2,5,3,9
2018.0,-75.0,0.0,0.0,3,6,3,0,0,0,1,5,1,1,0,1,5,1,1,16,3,5,0,1,0,2,2,0,6,8,5,8,3
2018.0,-63.0,0.0,0.0,3,6,3,0,0,0,0,5,1,1,0,1,5,1,1,16,3,5,0,1,0,1,1,0,6,7,5,8,3
2018.0,-20.0,0.0,0.0,3,10,3,0,0,0,2,5,1,1,0,0,5,1,1,17,3,5,0,1,0,0,1,0,2,5,5,3,5
2018.0,-341.0,2.0,0.0,1,4,3,0,0,0,1,9,1,1,0,1,1,1,1,17,3,5,0,1,0,1,1,0,6,2,5,3,9
2018.0,94.0,1.0,0.0,2,6,3,0,0,0,1,5,1,1,0,1,5,1,1,17,3,5,0,1,0,1,1,0,4,7,5,8,3
2018.0,15.0,0.0,0.0,3,6,3,0,0,0,1,5,1,1,0,0,5,1,1,18,3,5,0,1,0,0,1,0,4,8,5,8,3
2018.0,89.0,0.0,0.0,3,10,3,0,0,0,1,9,1,1,0,0,9,1,1,7,4,5,0,1,0,1,1,0,4,9,5,3,2
2018.0,-150.0,0.0,0.0,3,6,3,0,0,0,1,2,1,1,0,1,2,1,1,10,4,5,0,0,0,1,1,0,7,8,5,8,8