Year,Distance,Totalinjuries,Totalfatalities,Injuryseverity,Collisionmanner,Lightcondition,Weather,SurfaceCondition,Unittype_One,Gender_Drv1,Traveldirection_One,AlcoholUse_Drv1,DrugUse_Drv1,Unittype_Two,Gender_Drv2,Traveldirection_Two,AlcoholUse_Drv2,DrugUse_Drv2,Hour,Weekday,Month,Weekend,Rush_Hour,Hazardous_Road,Age_Group_Drv1,Age_Group_Drv2,Substance_Use,Junction_Category,Violation_Category_Drv1,Violation_Category_Drv2,Unitaction_Category_Two,Unitaction_Category_One
2018.0,-250.0,0.0,0.0,3,6,3,0,0,0,0,2,1,1,0,1,2,1,1,10,4,5,0,0,0,1,1,0,7,8,5,8,8
2018.0,107.0,0.0,0.0,3,10,3,0,0,0,1,5,1,1,0,0,5,1,1,10,4,5,0,0,0,1,1,0,4,5,5,8,8
2018.0,0.0,0.0,0.0,3,1,3,0,0,0,0,4,1,1,0,1,9,1,1,12,4,5,0,0,0,1,2,0,4,2,5,3,9
2018.0,-170.0,0.0,0.0,3,6,3,0,0,0,1,1,1,1,0,1,1,1,1,12,4,5,0,0,0,2,1,0,6,8,5,8,3
2018.0,402.0,1.0,0.0,3,6,3,0,0,0,0,1,1,1,0,0,1,1,1,12,4,5,0,0,0,2,1,0,6,8,5,8,3
2018.0,-150.0,0.0,0.0,3,6,3,0,0,0,1,1,1,1,0,1,1,1,1,13,4,5,0,0,0,0,1,0,7,7,5,8,3
2018.0,0.0,1.0,0.0,3,1,3,0,0,0,0,9,1,1,0,1,5,1,1,14,4,5,0,0,0,2,0,0,4,2,5,3,3
2018.0,500.0,0.0,0.0,3,10,3,0,0,0,0,9,1,1,0,1,9,1,1,15,4,5,0,0,0,1,1,0,6,9,5,3,2
2018.0,90.0,0.0,0.0,3,6,3,0,0,0,0,5,1,1,0,0,5,1,1,15,4,5,0,0,0,1,1,0,6,8,5,8,3
2018.0,-87.0,0.0,0.0,3,6,3,0,0,0,0,1,1,1,0,1,1,1,1,16,4,5,0,1,0,2,1,0,4,7,5,8,3
2018.0,57.0,0.0,0.0,3,6,3,0,0,0,1,5,1,1,0,0,5,1,1,16,4,5,0,1,0,2,1,0,7,8,5,8,8
2018.0,-400.0,0.0,0.0,3,12,3,0,0,0,2,8,1,1,1,1,2,1,1,16,4,5,0,1,0,0,0,0,6,5,5,6,5
2018.0,0.0,0.0,0.0,3,10,3,0,0,0,1,1,1,1,0,0,1,1,1,17,4,5,0,1,0,2,2,0,7,5,5,9,9
2018.0,-50.0,0.0,0.0,3,6,3,0,0,0,0,1,1,1,0,1,1,1,1,17,4,5,0,1,0,0,1,0,7,7,5,8,3
2018.0,125.0,0.0,0.0,3,1,0,0,0,0,1,1,1,1,0,1,1,1,1,22,4,5,0,0,0,1,2,0,6,4,5,3,9
2018.0,0.0,3.0,0.0,3,6,3,0,0,0,1,2,1,1,0,1,2,1,1,16,5,5,1,1,0,1,2,0,7,7,5,9,3
2018.0,0.0,3.0,0.0,2,0,0,0,0,0,1,9,1,1,0,1,2,1,1,23,5,5,1,0,0,1,2,0,7,4,5,3,9
2018.0,0.0,0.0,0.0,3,1,3,0,0,0,1,9,1,1,0,1,2,1,1,7,6,5,1,1,0,2,1,0,7,2,5,3,3
2018.0,152.0,0.0,0.0,3,6,3,0,0,0,0,2,1,1,0,1,2,1,1,11,6,5,1,0,0,1,1,0,6,7,5,8,3
2018.0,50.0,0.0,0.0,3,1,3,0,0,0,0,5,1,1,0,0,5,1,1,14,6,5,1,0,0,1,2,0,4,9,5,3,2
2018.0,0.0,0.0,0.0,3,4,3,0,0,0,0,1,1,1,0,0,5,1,1,11,0,5,0,0,0,1,2,0,7,4,5,3,9
2018.0,0.0,1.0,0.0,2,4,3,0,0,0,1,9,1,1,0,0,1,1,1,12,0,5,0,0,0,1,1,0,4,5,5,9,3
2018.0,0.0,0.0,0.0,3,10,3,0,0,0,1,9,1,1,0,0,9,1,1,13,0,5,0,0,0,1,0,0,7,5,5,9,9
2018.0,108.0,0.0,0.0,3,6,3,0,0,0,1,1,1,1,0,1,1,1,1,17,0,5,0,1,0,1,0,0,6,8,5,8,8
2018.0,-61.0,0.0,0.0,3,6,4,0,0,0,2,1,1,1,0,1,1,1,1,18,0,5,0,1,0,0,1,0,4,7,5,8,3
2018.0,-70.0,0.0,0.0,3,10,3,0,0,0,1,1,1,1,0,1,1,1,1,8,1,5,0,1,0,0,0,0,4,9,5,3,2
2018.0,169.0,0.0,0.0,3,1,3,0,0,0,0,9,1,1,0,1,9,1,1,9,1,5,0,1,0,1,2,0,6,9,5,3,2
2018.0,140.0,2.0,0.0,3,1,3,0,0,0,1,9,1,1,0,0,2,1,1,11,1,5,0,0,0,0,1,0,6,2,5,9,3
2018.0,-634.0,1.0,0.0,2,4,3,0,0,0,0,1,1,1,0,1,5,1,1,12,1,5,0,0,0,1,1,0,6,2,5,3,9
2018.0,0.0,0.0,0.0,3,1,3,0,0,0,0,9,1,1,0,0,5,1,1,15,1,5,0,0,0,1,2,0,4,2,4,3,3
2018.0,400.0,1.0,0.0,3,6,3,0,0,0,1,9,1,1,0,1,9,1,1,16,1,5,0,1,0,1,1,0,6,8,5,8,3
2018.0,120.0,0.0,0.0,3,10,3,1,0,0,1,5,1,1,0,1,5,1,1,17,1,5,0,1,0,2,2,0,6,5,5,5,5
2018.0,100.0,0.0,0.0,3,6,3,4,3,0,0,9,1,1,0,0,9,1,1,17,1,5,0,1,0,2,1,0,7,7,5,8,3
2018.0,0.0,1.0,0.0,2,1,3,1,0,0,1,2,1,1,2,1,5,1,1,19,1,5,0,1,0,0,1,0,7,2,5,3,9
2018.0,0.0,2.0,0.0,1,4,3,0,0,0,1,5,1,1,0,0,2,1,1,7,2,5,0,1,0,0,1,0,4,2,5,3,9
2018.0,354.0,0.0,0.0,3,6,3,0,0,0,1,9,1,1,0,1,9,1,1,7,2,5,0,1,0,1,1,0,6,7,5,8,3
2018.0,-90.0,0.0,0.0,3,6,3,0,0,0,1,1,1,1,0,0,1,1,1,8,2,5,0,1,0,0,0,0,6,8,5,8,3
2018.0,57.0,1.0,0.0,2,5,3,0,0,0,1,2,1,1,1,1,5,1,1,11,2,5,0,0,0,2,1,0,6,7,5,6,3
2018.0,691.0,0.0,0.0,3,6,3,0,0,0,1,9,1,1,0,1,1,1,1,15,2,5,0,0,0,1,2,0,6,5,5,3,9
2018.0,-211.0,0.0,0.0,3,6,3,0,0,0,0,1,1,1,0,1,1,1,1,15,2,5,0,0,0,1,1,0,6,7,5,8,3
2018.0,0.0,0.0,0.0,3,4,3,0,0,0,1,5,1,1,0,1,2,1,1,15,2,5,0,0,0,0,1,0,4,2,5,9,3
2018.0,0.0,0.0,0.0,3,10,3,0,0,0,0,2,1,1,0,1,2,1,1,17,2,5,0,1,0,1,2,0,2,5,5,3,3
2018.0,-617.0,4.0,0.0,3,6,3,0,0,0,1,5,1,1,0,1,5,1,1,18,2,5,0,1,0,1,1,0,6,8,5,8,3
2018.0,0.0,0.0,0.0,3,4,3,0,0,0,1,4,1,1,0,1,1,1,1,6,3,5,0,0,0,1,1,0,4,2,5,3,9
2018.0,0.0,1.0,0.0,2,1,3,0,0,0,1,2,1,1,0,0,2,1,1,9,3,5,0,1,0,1,1,0,4,3,5,3,9
2018.0,126.0,0.0,0.0,3,6,3,0,0,0,1,1,1,1,0,0,1,1,1,11,3,5,0,0,0,1,0,0,6,7,5,8,3
2018.0,0.0,0.0,0.0,3,4,3,0,0,0,1,2,1,1,0,1,5,1,1,13,3,5,0,0,0,0,2,0,7,7,5,3,9
2018.0,0.0,2.0,0.0,3,1,3,0,0,0,0,5,1,1,0,1,9,1,1,13,3,5,0,0,0,1,1,0,4,2,5,3,9
2018.0,-49.0,1.0,0.0,3,6,3,0,0,0,2,2,1,1,0,0,2,1,1,14,3,5,0,0,0,0,1,0,7,8,5,8,3
2018.0,0.0,2.0,0.0,3,1,0,0,0,0,0,1,1,1,0,0,5,1,1,19,3,5,0,1,0,2,2,0,7,2,5,3,9
2018.0,65.0,1.0,0.0,2,6,0,0,0,0,1,5,0,1,0,1,5,1,1,20,3,5,0,0,0,1,1,0,4,7,5,8,3
2018.0,50.0,1.0,0.0,2,4,0,0,0,0,0,1,1,0,0,0,5,1,1,22,3,5,0,0,0,2,2,0,4,2,5,3,9
2018.0,-55.0,0.0,0.0,3,6,0,0,0,0,2,2,1,1,0,0,2,1,1,23,3,5,0,0,0,0,2,0,4,7,5,8,3
2018.0,0.0,0.0,0.0,3,5,3,0,0,0,0,9,1,1,0,1,9,1,1,6,4,6,0,0,0,1,1,0,7,9,5,3,2
2018.0,800.0,0.0,0.0,3,10,3,0,0,0,1,2,1,1,0,0,2,1,1,7,4,6,0,1,0,1,0,0,6,9,5,5,5
2018.0,-81.0,0.0,0.0,3,6,3,0,0,0,1,2,1,1,0,0,2,1,1,12,4,6,0,0,0,1,1,0,4,7,5,8,3
2018.0,139.0,0.0,0.0,3,6,3,0,0,0,1,5,1,1,0,1,5,1,1,12,4,6,0,0,0,0,1,0,7,8,5,8,8
2018.0,-108.0,0.0,0.0,3,6,3,0,0,0,1,1,1,1,0,1,1,1,1,13,4,6,0,0,0,2,2,0,4,8,5,8,3
2018.0,0.0,0.0,0.0,3,1,3,0,0,0,0,2,1,1,0,1,9,1,1,13,4,6,0,0,0,2,1,0,7,2,5,3,3
2018.0,0.0,0.0,0.0,3,4,3,0,0,0,0,3,1,1,0,1,9,1,1,14,4,6,0,0,0,1,0,0,7,2,5,3,9
2018.0,-134.0,1.0,0.0,3,6,3,0,0,0,1,2,1,1,0,0,2,1,1,14,4,6,0,0,0,1,2,0,4,7,5,8,3
2018.0,0.0,1.0,0.0,2,1,3,0,0,0,0,2,1,1,0,0,1,1,1,15,4,6,0,0,0,1,1,0,4,2,5,3,3
2018.0,58.0,0.0,0.0,3,6,3,0,0,0,0,5,1,1,0,0,5,1,1,16,4,6,0,1,0,2,1,0,4,7,5,8,3
2018.0,0.0,0.0,0.0,3,4,3,0,0,0,1,1,1,1,0,1,2,1,1,16,4,6,0,1,0,1,1,0,4,5,5,3,9
2018.0,-235.0,0.0,0.0,3,6,3,0,0,0,1,5,1,1,0,0,5,1,1,17,4,6,0,1,0,2,1,0,6,7,5,8,3
2018.0,58.0,0.0,0.0,3,6,3,0,0,0,1,9,1,1,0,1,9,1,1,18,4,6,0,1,0,2,1,0,4,7,5,8,3
2018.0,0.0,0.0,0.0,3,4,0,0,0,0,1,1,1,1,0,1,9,1,1,20,4,6,0,0,0,2,1,0,4,2,5,3,9
2018.0,0.0,0.0,0.0,3,4,0,0,0,0,1,3,1,1,0,1,9,1,1,22,4,6,0,0,0,1,2,0,4,5,5,3,9
2018.0,85.0,0.0,0.0,3,6,3,0,0,0,2,9,1,1,0,0,9,1,1,10,5,6,1,0,0,0,2,0,4,7,5,8,3
2018.0,-265.0,0.0,0.0,3,6,3,0,0,0,0,1,1,1,0,1,1,1,1,12,5,6,1,0,0,1,1,0,7,8,5,8,3
2018.0,400.0,0.0,0.0,3,5,3,0,0,0,1,4,1,1,0,1,2,1,1,13,5,6,1,0,0,1,1,0,6,9,5,3,2
2018.0,-15.0,0.0,0.0,3,6,3,0,0,0,2,1,1,1,0,1,1,1,1,14,5,6,1,0,0,0,2,0,7,8,5,3,3
2018.0,75.0,0.0,0.0,3,4,3,0,0,0,1,5,1,1,0,0,4,1,1,16,5,6,1,1,0,1,2,0,6,4,5,3,9
2018.0,0.0,0.0,0.0,3,10,3,0,0,0,1,4,1,1,0,0,2,1,1,16,5,6,1,1,0,1,2,0,7,4,5,9,3
2018.0,-5.0,1.0,0.0,2,4,0,0,0,0,1,9,0,1,2,1,1,1,1,20,5,6,1,0,0,1,0,0,7,2,5,3,9
2018.0,1050.0,1.0,0.0,1,4,0,0,0,0,1,2,1,1,0,1,9,1,1,21,5,6,1,0,0,2,1,0,6,2,5,3,9
2018.0,100.0,0.0,0.0,3,10,0,0,0,0,0,2,1,1,0,1,2,1,1,0,6,6,1,0,0,1,1,0,6,5,5,3,3
2018.0,-300.0,1.0,0.0,3,1,3,4,3,0,0,3,1,1,0,0,5,1,1,14,6,6,1,0,0,1,1,0,6,2,5,3,9
2018.0,0.0,1.0,0.0,2,1,3,0,0,0,0,1,1,1,0,1,2,1,1,15,6,6,1,0,0,1,1,0,7,2,5,3,3
2018.0,0.0,0.0,0.0,3,4,3,0,0,0,0,9,1,1,0,0,2,1,1,16,6,6,1,1,0,2,2,0,7,5,5,3,9
2018.0,200.0,1.0,0.0,2,1,3,0,0,2,0,1,1,1,0,0,5,1,1,18,6,6,1,1,0,2,2,0,6,5,5,9,3
2018.0,151.0,0.0,0.0,3,6,3,0,0,0,2,2,1,1,0,0,2,1,1,7,0,6,0,1,0,0,2,0,6,9,5,3,2
2018.0,80.0,0.0,0.0,3,10,3,0,0,0,1,5,1,1,0,0,5,1,1,7,0,6,0,1,0,1,1,0,4,9,5,3,2
2018.0,300.0,1.0,0.0,3,4,3,0,0,0,0,2,1,1,0,0,9,1,1,7,0,6,0,1,0,2,1,0,6,2,5,3,9
2018.0,-60.0,0.0,0.0,3,10,3,0,0,0,0,1,1,1,0,0,1,1,1,9,0,6,0,1,0,1,1,0,4,5,5,9,9
2018.0,-48.0,1.0,0.0,3,6,3,0,0,0,0,1,1,1,0,0,1,1,1,11,0,6,0,0,0,2,0,0,7,8,5,8,3
2018.0,150.0,0.0,0.0,3,6,3,0,0,0,1,9,1,1,0,1,9,1,1,12,0,6,0,0,0,1,2,0,7,8,5,8,3
2018.0,160.0,1.0,0.0,2,6,3,0,0,0,1,9,1,1,0,1,9,1,1,14,0,6,0,0,0,2,1,0,7,8,5,8,3
2018.0,-200.0,1.0,0.0,3,5,3,0,0,0,0,9,1,1,0,0,9,1,1,15,0,6,0,0,0,2,0,0,6,9,5,3,9
2018.0,-300.0,0.0,0.0,3,6,3,0,0,0,0,1,1,1,0,1,1,1,1,15,0,6,0,0,0,2,0,0,4,8,5,8,3
2018.0,80.0,0.0,0.0,3,6,3,0,0,0,1,5,1,1,0,0,5,1,1,17,0,6,0,1,0,2,1,0,7,8,5,8,3
2018.0,-67.0,0.0,0.0,3,6,3,0,0,0,1,1,1,1,0,1,1,1,1,17,0,6,0,1,0,2,1,0,7,8,5,8,3
2018.0,0.0,2.0,0.0,2,1,0,4,0,0,1,9,1,1,0,0,5,1,1,19,0,6,0,1,0,1,1,0,7,2,5,3,3
2018.0,423.0,3.0,0.0,2,4,0,0,0,0,0,6,1,1,0,1,2,1,1,19,0,6,0,1,0,2,1,0,6,2,5,3,9
2018.0,0.0,0.0,0.0,3,1,0,0,0,0,2,2,1,1,0,0,1,1,1,21,0,6,0,0,0,0,1,0,4,2,5,3,9
2018.0,0.0,2.0,0.0,2,4,3,0,0,0,0,5,1,1,0,0,2,1,1,7,1,6,0,1,0,2,1,0,7,2,5,3,9
2018.0,260.0,1.0,0.0,2,1,3,1,0,0,1,2,1,1,2,1,2,1,1,8,1,6,0,1,0,2,1,0,6,5,5,5,5
2018.0,0.0,2.0,0.0,2,1,3,0,0,0,0,2,1,1,0,1,1,1,1,8,1,6,0,1,0,1,1,0,7,2,5,3,9
2018.0,80.0,1.0,0.0,2,6,3,0,0,0,0,9,1,1,0,0,9,1,1,8,1,6,0,1,0,1,1,0,2,7,5,8,3
2018.0,124.0,0.0,0.0,3,6,3,0,0,0,0,5,1,1,0,1,5,1,1,9,1,6,0,1,0,1,2,0,7,8,5,8,3
2018.0,0.0,1.0,0.0,3,4,3,0,0,0,1,2,1,1,0,1,5,1,1,10,1,6,0,0,0,0,1,0,7,2,5,3,9
2018.0,0.0,0.0,0.0,3,1,3,0,0,0,0,1,1,1,0,0,5,1,1,13,1,6,0,0,0,1,1,0,7,5,5,3,3
2018.0,-463.0,0.0,0.0,3,1,3,0,0,0,1,9,1,1,0,1,5,1,1,14,1,6,0,0,0,0,2,0,6,2,5,3,9
2018.0,-30.0,0.0,0.0,3,10,3,0,0,0,2,2,1,1,0,1,2,1,1,14,1,6,0,0,0,0,1,0,7,9,5,3,3
2018.0,-652.0,0.0,0.0,3,4,3,0,0,0,0,9,1,1,0,0,1,1,1,16,1,6,0,1,0,2,1,0,6,2,5,3,9
2018.0,163.0,3.0,0.0,2,1,3,0,0,0,1,2,1,1,0,1,5,1,1,16,1,6,0,1,0,2,2,0,6,2,5,3,9
2018.0,-75.0,0.0,0.0,3,6,3,0,0,0,1,5,1,1,0,1,5,1,1,17,1,6,0,1,0,2,1,0,6,8,5,8,3
2018.0,-37.0,0.0,0.0,3,1,3,0,0,0,0,1,1,1,0,0,5,1,1,17,1,6,0,1,0,2,2,0,7,9,5,3,9
2018.0,0.0,0.0,0.0,3,4,0,0,0,0,1,9,1,1,0,0,1,1,1,22,1,6,0,0,0,1,0,0,7,2,5,3,9
2018.0,-80.0,1.0,0.0,3,10,3,0,0,0,2,1,1,1,0,0,1,1,1,8,2,6,0,1,0,0,0,0,7,4,5,9,9
2018.0,-155.0,0.0,0.0,3,6,3,0,0,0,0,1,1,1,0,1,1,1,1,8,2,6,0,1,0,2,1,0,7,8,5,8,5
2018.0,-106.0,0.0,0.0,3,5,3,0,0,0,1,1,1,1,0,1,1,1,1,8,2,6,0,1,0,0,1,0,4,5,5,5,5
2018.0,78.0,0.0,0.0,3,6,3,0,0,0,2,9,1,1,0,1,9,1,1,9,2,6,0,1,0,0,1,0,7,8,5,8,3
2018.0,0.0,0.0,0.0,3,4,3,0,0,0,2,9,1,1,0,0,5,1,1,9,2,6,0,1,0,0,0,0,7,2,5,9,3
2018.0,130.0,0.0,0.0,3,4,3,0,0,0,1,2,1,1,0,1,5,1,1,10,2,6,0,0,0,1,1,0,6,4,5,3,9
2018.0,0.0,4.0,0.0,3,4,3,0,0,0,1,9,1,1,0,0,1,1,1,15,2,6,0,0,0,2,2,0,7,2,5,3,9
2018.0,-65.0,0.0,0.0,3,6,3,0,0,0,0,1,1,1,0,1,1,1,1,18,2,6,0,1,0,1,1,0,4,7,5,8,3
2018.0,89.0,0.0,0.0,3,6,3,0,0,0,0,9,1,1,0,0,9,1,1,10,3,6,0,0,0,2,2,0,7,8,5,8,3
2018.0,-546.0,0.0,0.0,3,10,3,0,0,0,1,2,1,1,0,1,2,1,1,11,3,6,0,0,0,1,1,0,6,9,5,3,2
2018.0,300.0,1.0,0.0,3,6,3,0,0,0,1,5,1,1,0,1,5,1,1,14,3,6,0,0,0,1,0,0,6,7,5,8,3
2018.0,400.0,0.0,0.0,3,6,3,0,0,0,0,5,0,1,0,0,5,1,1,15,3,6,0,0,0,1,2,0,6,7,5,8,3
2018.0,30.0,0.0,0.0,3,6,3,0,0,0,2,9,1,1,0,1,9,1,1,15,3,6,0,0,0,0,1,0,7,8,5,8,3
2018.0,-486.0,0.0,0.0,3,6,3,0,0,0,1,2,1,1,0,0,2,1,1,15,3,6,0,0,0,1,1,0,6,8,5,8,3
2018.0,0.0,0.0,0.0,3,1,3,0,0,0,0,1,1,1,0,0,5,1,1,17,3,6,0,1,0,1,1,0,7,5,5,3,3
2018.0,94.0,1.0,0.0,2,4,3,0,0,0,1,5,1,1,0,0,5,1,1,17,3,6,0,1,0,1,2,0,7,9,5,9,9
2018.0,155.0,0.0,0.0,3,4,3,0,0,0,1,5,1,1,0,0,9,1,1,18,3,6,0,1,0,1,2,0,6,2,5,3,9
2018.0,-30.0,0.0,0.0,3,6,4,0,0,0,1,2,1,1,0,0,2,1,1,19,3,6,0,1,0,2,0,0,4,7,5,3,3
2018.0,105.0,0.0,0.0,3,10,0,0,0,0,1,5,1,1,0,0,5,1,1,20,3,6,0,0,0,1,1,0,4,5,5,9,9
2018.0,-100.0,0.0,0.0,3,6,0,0,0,0,1,2,1,1,0,0,2,1,1,0,4,6,0,0,0,2,2,0,7,8,5,8,3
2018.0,-31.0,0.0,0.0,3,1,3,0,0,0,0,6,1,1,0,1,5,1,1,9,4,6,0,1,0,2,1,0,6,4,5,3,9
2018.0,388.0,0.0,0.0,3,6,3,0,0,0,1,1,1,1,0,0,1,1,1,10,4,6,0,0,0,1,0,0,6,8,5,3,3
2018.0,80.0,1.0,0.0,3,6,3,0,0,0,0,9,1,1,0,1,9,1,1,14,4,6,0,0,0,1,1,0,7,8,5,8,3
2018.0,-85.0,0.0,0.0,3,6,3,0,0,0,0,2,1,1,0,0,2,1,1,14,4,6,0,0,0,2,1,0,7,8,5,8,3
2018.0,-150.0,0.0,0.0,3,6,3,0,0,0,0,2,1,1,0,1,2,1,1,14,4,6,0,0,0,1,2,0,6,8,5,8,3
2018.0,0.0,0.0,0.0,3,1,3,0,0,0,0,2,1,1,0,1,2,1,1,15,4,6,0,0,0,1,1,0,7,4,5,3,9
2018.0,-166.0,0.0,0.0,3,6,3,0,0,0,1,1,1,1,0,1,1,1,1,15,4,6,0,0,0,1,1,0,7,8,5,8,3
2018.0,546.0,0.0,0.0,3,4,3,0,0,0,1,2,1,1,0,1,5,1,1,16,4,6,0,1,0,1,2,0,0,2,5,3,9
2018.0,418.0,0.0,0.0,3,5,3,0,0,0,1,6,1,1,0,1,6,1,1,16,4,6,0,1,0,1,2,0,0,2,5,9,3
2018.0,229.0,0.0,0.0,3,10,3,0,0,0,0,1,1,1,0,0,1,1,1,17,4,6,0,1,0,0,2,0,6,9,5,3,2
2018.0,20.0,4.0,0.0,2,6,3,0,0,0,0,9,1,1,0,0,9,1,1,18,4,6,0,1,0,2,1,0,7,8,5,8,3
2018.0,0.0,4.0,0.0,2,4,0,0,0,0,1,9,1,1,0,0,1,1,1,22,4,6,0,0,0,1,2,0,7,2,7,3,9
2018.0,0.0,0.0,0.0,3,4,3,0,0,0,1,4,1,1,0,1,7,1,1,7,5,6,1,1,0,1,1,0,7,2,5,9,9
2018.0,67.0,0.0,0.0,3,6,3,0,0,0,0,1,1,1,0,1,1,1,1,9,5,6,1,1,0,1,1,0,6,7,5,3,3
2018.0,0.0,0.0,0.0,3,1,3,0,0,0,1,9,1,1,0,0,5,1,1,11,5,6,1,0,0,1,1,0,7,2,5,3,3
2018.0,-131.0,0.0,0.0,3,4,3,0,0,0,1,1,1,1,0,1,2,1,1,14,5,6,1,0,0,1,1,0,7,2,5,3,9
2018.0,800.0,0.0,0.0,3,9,3,0,0,0,1,9,1,1,1,1,1,1,1,15,5,6,1,0,0,0,1,0,6,5,5,6,5
2018.0,0.0,0.0,0.0,3,4,3,0,0,0,0,9,1,1,0,0,1,1,1,19,5,6,1,1,0,1,1,0,4,2,5,3,9
2018.0,80.0,1.0,0.0,2,6,0,0,0,0,1,9,0,1,0,1,9,1,1,0,6,6,1,0,0,1,1,0,4,7,5,8,3
2018.0,100.0,0.0,0.0,3,4,0,0,0,0,1,1,1,1,0,0,2,1,1,1,6,6,1,0,0,2,2,0,6,5,5,3,9
2018.0,-20.0,0.0,0.0,3,10,3,0,0,0,1,5,1,1,0,1,5,1,1,15,6,6,1,0,0,2,1,0,4,9,5,3,3
2018.0,0.0,3.0,0.0,2,1,3,0,0,0,0,1,1,1,0,0,5,1,1,15,6,6,1,0,0,2,1,0,4,7,5,3,3
2018.0,0.0,0.0,0.0,3,4,4,0,0,0,0,5,1,1,0,1,2,1,1,19,6,6,1,1,0,2,2,0,7,2,5,9,3
2018.0,220.0,0.0,0.0,3,6,0,0,0,0,1,1,0,1,1,1,1,1,1,1,0,6,0,0,0,1,1,0,6,7,5,6,3
2018.0,0.0,1.0,0.0,3,1,3,0,0,0,1,9,1,1,0,0,5,1,1,7,0,6,0,1,0,0,0,0,7,2,5,3,3
2018.0,0.0,1.0,0.0,2,4,3,0,0,0,1,1,1,1,0,0,9,1,1,10,0,6,0,0,0,1,2,0,7,2,5,3,9
2018.0,-390.0,0.0,0.0,3,10,3,0,0,0,1,5,1,1,0,1,5,1,1,10,0,6,0,0,0,1,2,0,6,9,5,3,2
2018.0,430.0,1.0,0.0,2,10,3,0,0,0,0,1,1,1,0,1,1,1,1,10,0,6,0,0,0,2,1,0,6,5,5,5,5
2018.0,800.0,1.0,0.0,2,6,3,0,0,0,1,5,1,1,0,1,7,1,1,11,0,6,0,0,0,1,0,0,6,7,5,9,3
2018.0,-340.0,0.0,0.0,3,6,3,0,0,0,1,1,1,1,0,1,1,1,1,12,0,6,0,0,0,1,0,0,6,8,5,8,8
2018.0,92.0,1.0,0.0,3,6,3,0,0,0,0,9,1,1,0,0,9,1,1,12,0,6,0,0,0,2,1,0,7,8,5,8,3
2018.0,0.0,5.0,0.0,2,4,3,0,0,0,1,9,1,1,0,0,1,1,1,12,0,6,0,0,0,2,1,0,4,2,5,3,0
2018.0,-499.0,0.0,0.0,3,1,3,0,0,0,1,5,1,1,0,1,1,1,1,14,0,6,0,0,0,0,0,0,6,5,5,9,3
2018.0,-437.0,0.0,0.0,3,6,3,0,0,0,0,1,1,1,0,1,1,1,1,17,0,6,0,1,0,2,1,0,6,5,5,8,3
2018.0,0.0,0.0,0.0,3,4,0,4,0,0,0,1,1,1,0,1,9,1,1,20,0,6,0,0,0,1,1,0,7,2,5,3,9
2018.0,-110.0,0.0,0.0,3,6,3,0,0,0,1,2,1,1,0,0,2,1,1,7,1,6,0,1,0,1,1,0,7,8,5,8,3
2018.0,141.0,0.0,0.0,3,10,3,0,0,0,2,5,1,1,0,0,5,1,1,11,1,6,0,0,0,0,2,0,7,9,5,3,2
2018.0,0.0,2.0,0.0,3,1,3,0,0,0,0,9,1,1,0,1,5,1,1,11,1,6,0,0,0,0,0,0,4,2,5,3,3
2018.0,0.0,2.0,0.0,2,1,3,0,0,0,0,9,1,1,0,1,5,1,1,11,1,6,0,0,0,2,1,0,7,2,5,3,3
2018.0,-67.0,0.0,0.0,3,10,3,0,0,0,1,2,1,1,0,1,2,1,1,16,1,6,0,1,0,1,0,0,7,8,5,8,0
2018.0,0.0,0.0,0.0,3,5,3,0,0,0,1,1,1,1,0,0,2,1,1,16,1,6,0,1,0,1,1,0,4,2,5,3,9
2018.0,0.0,4.0,0.0,2,4,3,1,0,0,1,6,1,1,0,1,2,1,1,18,1,6,0,1,0,1,1,0,7,2,5,3,9
2018.0,0.0,1.0,0.0,2,4,3,1,0,0,2,2,1,1,0,1,5,1,1,18,1,6,0,1,0,0,0,0,7,2,5,3,9
2018.0,-70.0,0.0,0.0,3,6,0,0,0,0,1,2,1,1,0,0,2,1,1,19,1,6,0,1,0,1,1,0,4,5,5,8,8
2018.0,0.0,0.0,0.0,3,1,3,0,0,0,1,9,1,1,0,1,1,1,1,19,1,6,0,1,0,2,2,0,7,2,5,3,9
2018.0,0.2,0.0,0.0,3,6,0,0,0,0,0,2,1,1,0,1,2,1,1,20,1,6,0,0,0,1,1,0,7,8,5,8,3
2018.0,-540.0,1.0,0.0,2,1,0,0,0,0,1,5,1,1,0,1,9,1,1,22,1,6,0,0,0,1,1,0,6,2,5,3,3
2018.0,0.0,2.0,0.0,2,4,3,0,0,0,0,1,1,1,0,1,2,1,1,9,2,6,0,1,0,1,0,0,7,2,5,9,3
2018.0,-642.0,0.0,0.0,3,4,3,0,0,0,0,1,1,1,0,0,2,1,1,12,2,6,0,0,0,0,0,0,6,2,5,3,9
2018.0,-180.0,0.0,0.0,3,6,3,1,0,0,1,5,1,1,0,1,5,1,1,12,2,6,0,0,0,2,1,0,6,7,5,8,3
2018.0,-136.0,0.0,0.0,3,10,3,0,0,0,0,1,1,1,0,0,1,1,1,15,2,6,0,0,0,2,0,0,7,9,5,3,2
2018.0,0.0,0.0,0.0,3,4,3,0,0,0,0,2,1,1,0,0,9,1,1,17,2,6,0,1,0,2,1,0,7,2,5,3,9
2018.0,-100.0,0.0,0.0,3,6,3,0,0,0,0,1,1,1,0,0,1,1,1,17,2,6,0,1,0,1,1,0,4,7,5,8,3
2018.0,429.0,0.0,0.0,3,3,3,0,0,0,1,1,1,1,0,0,5,1,1,17,2,6,0,1,0,1,1,0,6,2,5,5,5
2018.0,134.0,0.0,0.0,3,0,3,0,0,0,1,9,1,1,0,0,1,1,1,18,2,6,0,1,0,1,2,0,7,2,5,3,9