Year,Distance,Totalinjuries,Totalfatalities,Injuryseverity,Collisionmanner,Lightcondition,Weather,SurfaceCondition,Unittype_One,Gender_Drv1,Traveldirection_One,AlcoholUse_Drv1,DrugUse_Drv1,Unittype_Two,Gender_Drv2,Traveldirection_Two,AlcoholUse_Drv2,DrugUse_Drv2,Hour,Weekday,Month,Weekend,Rush_Hour,Hazardous_Road,Age_Group_Drv1,Age_Group_Drv2,Substance_Use,Junction_Category,Violation_Category_Drv1,Violation_Category_Drv2,Unitaction_Category_Two,Unitaction_Category_One
2018.0,300.0,0.0,0.0,3,1,3,0,0,0,1,9,1,1,0,1,9,1,1,7,3,6,0,1,0,1,0,0,6,4,5,3,9
2018.0,-345.0,0.0,0.0,3,6,3,0,0,0,1,5,1,1,0,1,5,1,1,10,3,6,0,0,0,1,1,0,6,8,5,8,3
2018.0,430.0,0.0,0.0,3,10,3,0,0,0,1,9,1,1,0,1,9,1,1,11,3,6,0,0,0,1,1,0,6,9,9,3,3
2018.0,-129.0,0.0,0.0,3,6,5,4,0,0,0,1,1,1,0,1,1,1,1,13,3,6,0,0,0,1,1,0,7,7,5,3,3
2018.0,240.0,0.0,0.0,3,1,3,0,0,0,0,6,1,1,0,0,5,1,1,13,3,6,0,0,0,0,1,0,6,2,5,3,9
2018.0,165.0,0.0,0.0,3,4,3,0,0,0,1,9,1,1,0,0,9,1,1,14,3,6,0,0,0,2,2,0,6,4,5,3,9
2018.0,0.0,1.0,0.0,2,1,3,0,0,0,1,1,1,1,0,0,5,1,1,14,3,6,0,0,0,1,0,0,7,2,5,9,3
2018.0,-125.0,0.0,0.0,3,6,3,0,0,0,1,1,1,1,0,1,9,1,1,15,3,6,0,0,0,1,2,0,6,5,5,3,1
2018.0,20.0,0.0,0.0,3,6,3,0,0,0,0,5,0,1,0,1,5,1,1,15,3,6,0,0,0,1,1,0,7,8,5,8,3
2018.0,237.0,1.0,0.0,2,5,3,0,0,0,0,1,1,1,2,0,1,1,1,15,3,6,0,0,0,1,1,0,6,2,5,3,9
2018.0,-80.0,2.0,0.0,2,6,3,0,0,0,1,1,1,1,0,0,1,1,1,17,3,6,0,1,0,1,1,0,7,8,5,8,3
2018.0,0.0,0.0,0.0,3,10,3,0,0,0,1,6,1,1,0,0,6,1,1,17,3,6,0,1,0,1,1,0,3,5,5,9,9
2018.0,200.0,0.0,0.0,3,1,3,0,0,0,0,3,1,1,0,0,2,1,1,19,3,6,0,1,0,2,1,0,6,4,5,5,9
2018.0,300.0,0.0,0.0,3,8,4,0,0,0,1,2,1,1,1,1,9,1,1,19,3,6,0,1,0,2,1,0,6,2,5,6,1
2018.0,-65.0,0.0,0.0,3,10,0,0,0,0,0,6,1,1,0,1,6,1,1,23,3,6,0,0,0,2,2,0,6,9,5,9,9
2018.0,129.0,0.0,0.0,3,6,3,0,0,0,1,9,1,1,0,0,9,1,1,8,4,6,0,1,0,2,1,0,7,8,5,8,3
2018.0,-21.0,0.0,0.0,3,6,3,0,0,0,0,1,1,1,0,0,1,1,1,13,4,6,0,0,0,0,1,0,7,8,5,8,3
2018.0,169.0,0.0,0.0,3,10,3,1,0,0,1,9,1,1,0,0,9,1,1,13,4,6,0,0,0,1,2,0,6,9,5,3,2
2018.0,-507.0,0.0,0.0,3,1,3,0,0,0,0,6,1,1,0,0,5,1,1,16,4,6,0,1,0,0,1,0,0,2,5,3,9
2018.0,-635.0,1.0,0.0,3,1,3,1,0,0,0,2,1,1,0,0,1,1,1,17,4,6,0,1,0,2,2,0,6,2,5,3,9
2018.0,90.0,0.0,0.0,3,6,4,0,0,0,1,5,1,1,0,1,5,1,1,19,4,6,0,1,0,2,2,0,7,2,5,8,3
2018.0,0.0,1.0,0.0,2,5,0,0,0,2,1,9,1,1,0,1,5,1,1,22,4,6,0,0,0,1,1,0,7,2,5,3,3
2018.0,-65.0,0.0,0.0,3,6,3,0,0,0,1,1,1,1,0,1,1,1,1,6,5,6,1,0,0,1,1,0,7,7,5,3,3
2018.0,-10.0,0.0,0.0,3,10,5,4,4,0,1,9,1,1,0,0,9,1,1,9,5,6,1,1,1,2,1,0,7,7,5,9,9
2018.0,1946.0,2.0,0.0,2,3,3,3,4,0,0,2,1,1,0,0,5,1,1,10,5,6,1,0,1,2,2,0,6,2,5,3,9
2018.0,100.0,0.0,0.0,3,12,5,4,0,0,2,8,1,1,1,1,8,1,1,10,5,6,1,0,0,0,0,0,6,5,5,6,5
2018.0,50.0,0.0,0.0,3,10,3,1,4,0,1,5,1,1,0,0,5,1,1,11,5,6,1,0,1,1,1,0,7,9,5,3,3
2018.0,182.0,1.0,0.0,3,4,3,3,4,0,1,9,1,1,0,1,2,1,1,12,5,6,1,0,1,1,0,0,6,2,5,3,9
2018.0,-54.0,0.0,0.0,3,6,3,0,0,0,0,9,1,1,0,1,9,1,1,13,5,6,1,0,0,1,1,0,6,7,5,8,3
2018.0,0.0,0.0,0.0,3,10,5,4,3,0,2,2,1,1,0,0,2,1,1,13,5,6,1,0,0,0,0,0,6,5,5,3,5
2018.0,-120.0,0.0,0.0,3,10,0,0,0,0,0,2,1,1,0,0,2,1,1,22,5,6,1,0,0,2,1,0,4,9,5,3,3
2018.0,0.0,0.0,0.0,3,1,0,0,0,0,1,9,1,1,0,0,2,1,1,23,5,6,1,0,0,2,2,0,7,2,5,8,9
2018.0,0.0,0.0,0.0,3,10,0,0,0,0,1,5,0,1,0,1,5,1,1,1,6,6,1,0,0,1,0,0,4,9,5,3,9
2018.0,0.0,0.0,0.0,3,6,3,0,0,0,0,1,1,1,0,1,1,1,1,14,6,6,1,0,0,1,0,0,4,7,5,8,3
2018.0,20.0,0.0,0.0,3,5,3,0,0,0,2,9,1,1,0,0,9,1,1,14,6,6,1,0,0,0,1,0,7,5,5,3,1
2018.0,-60.0,0.0,0.0,3,12,0,0,0,0,2,8,1,1,1,1,9,1,1,16,6,6,1,1,0,0,1,0,6,5,5,6,5
2018.0,120.0,0.0,0.0,3,6,3,0,0,0,0,2,1,1,0,1,2,1,1,7,0,6,0,1,0,2,1,0,6,7,5,8,3
2018.0,207.0,0.0,0.0,3,10,5,4,0,0,0,2,1,1,0,0,2,1,1,8,0,6,0,1,0,2,2,0,6,9,5,3,2
2018.0,0.0,0.0,0.0,3,12,5,4,3,0,2,8,1,1,1,1,8,1,1,11,0,6,0,0,0,0,1,0,6,5,5,6,5
2018.0,0.0,1.0,0.0,1,4,3,0,0,0,0,2,1,1,0,1,5,1,1,14,0,6,0,0,0,2,1,0,7,9,5,3,9
2018.0,-100.0,1.0,0.0,2,6,3,0,0,0,1,5,1,1,0,1,5,1,1,14,0,6,0,0,0,0,1,0,6,7,5,8,3
2018.0,450.0,0.0,0.0,3,6,3,0,0,0,0,2,1,1,0,1,2,1,1,15,0,6,0,0,0,2,2,0,6,8,5,8,3
2018.0,70.0,0.0,0.0,3,10,3,0,3,0,2,8,1,1,0,0,1,1,1,16,0,6,0,1,0,0,1,0,6,5,5,3,5
2018.0,1050.0,0.0,0.0,3,6,3,0,0,0,1,5,1,1,0,0,5,1,1,16,0,6,0,1,0,1,1,0,6,8,5,8,3
2018.0,740.0,0.0,0.0,3,4,3,0,0,0,0,2,1,1,0,1,2,1,1,17,0,6,0,1,0,2,1,0,6,5,5,9,3
2018.0,0.0,0.0,0.0,3,4,3,0,0,0,1,9,1,1,0,0,1,1,1,18,0,6,0,1,0,1,1,0,7,2,5,3,9
2018.0,-111.0,1.0,0.0,3,6,0,0,0,0,1,2,0,1,0,0,2,1,1,2,1,6,0,0,0,1,1,0,4,7,5,3,3
2018.0,-8.0,0.0,0.0,3,10,3,0,3,0,2,1,1,1,0,0,1,1,1,7,1,6,0,1,0,0,1,0,4,9,5,3,9
2018.0,340.0,1.0,0.0,2,1,3,0,0,0,1,1,1,1,0,1,9,1,1,8,1,6,0,1,0,1,1,0,6,2,5,3,9
2018.0,-150.0,0.0,0.0,3,10,3,0,0,0,0,2,1,1,0,1,2,1,1,9,1,6,0,1,0,1,1,0,6,9,5,3,2
2018.0,-50.0,0.0,0.0,3,6,3,0,0,0,1,2,1,1,0,0,2,1,1,10,1,6,0,0,0,1,0,0,2,7,5,8,2
2018.0,0.0,2.0,0.0,2,4,3,0,0,0,0,5,1,1,0,1,2,1,1,11,1,6,0,0,0,2,1,0,7,2,5,3,9
2018.0,-156.0,1.0,0.0,2,6,3,0,0,0,1,1,1,1,0,1,1,1,1,14,1,6,0,0,0,0,2,0,7,8,5,8,3
2018.0,-120.0,0.0,0.0,3,6,3,0,0,0,0,2,1,1,0,1,2,1,1,14,1,6,0,0,0,2,2,0,7,7,5,8,3
2018.0,-68.0,0.0,0.0,3,6,3,0,0,0,0,2,1,1,0,1,2,1,1,14,1,6,0,0,0,2,0,0,4,8,5,8,3
2018.0,20.0,1.0,0.0,2,1,3,0,0,2,1,1,1,1,0,1,7,1,1,15,1,6,0,0,0,2,0,0,7,2,5,9,7
2018.0,-55.0,1.0,0.0,2,6,3,0,0,0,1,5,1,1,0,1,5,1,1,16,1,6,0,1,0,1,1,0,6,8,5,8,3
2018.0,50.0,0.0,0.0,3,10,3,0,0,0,1,7,1,1,0,1,5,1,1,17,1,6,0,1,0,2,1,0,4,5,2,9,5
2018.0,-200.0,0.0,0.0,3,5,4,0,0,0,0,2,1,1,0,1,1,1,1,19,1,6,0,1,0,1,1,0,6,5,5,3,5
2018.0,0.0,0.0,0.0,3,4,0,0,0,0,1,1,1,1,0,1,9,1,1,20,1,6,0,0,0,1,1,0,4,4,5,3,9
2018.0,280.0,0.0,0.0,3,10,0,0,3,0,2,8,1,1,0,1,9,1,1,21,1,6,0,0,0,0,1,0,6,9,5,3,5
2018.0,215.0,0.0,0.0,3,6,3,0,0,0,0,2,1,1,0,1,2,1,1,7,2,6,0,1,0,1,0,0,7,8,5,8,3
2018.0,0.0,1.0,0.0,3,4,3,0,0,0,0,7,1,1,0,1,2,1,1,8,2,6,0,1,0,2,1,0,7,2,5,3,9
2018.0,355.0,0.0,0.0,3,6,3,0,0,0,0,9,1,1,0,0,9,1,1,8,2,6,0,1,0,2,1,0,6,8,5,8,3
2018.0,0.0,2.0,0.0,3,1,3,0,0,0,1,1,1,1,0,1,2,1,1,11,2,6,0,0,0,1,1,0,7,2,5,3,3
2018.0,166.0,0.0,0.0,3,4,3,0,0,0,1,9,1,1,0,0,2,1,1,11,2,6,0,0,0,0,1,0,6,2,5,3,9
2018.0,108.0,0.0,0.0,3,6,3,0,0,0,1,5,1,1,0,1,5,1,1,11,2,6,0,0,0,2,1,0,7,8,5,8,3
2018.0,0.0,0.0,0.0,3,10,3,0,0,0,1,6,1,1,0,1,6,1,1,12,2,6,0,0,0,1,1,0,7,9,5,9,9
2018.0,136.0,0.0,0.0,3,6,3,0,0,0,1,5,1,1,0,0,5,1,1,12,2,6,0,0,0,2,0,0,7,8,5,9,9
2018.0,-380.0,1.0,0.0,3,10,3,0,0,0,0,1,1,1,0,0,1,1,1,13,2,6,0,0,0,2,1,0,6,9,5,3,2
2018.0,173.0,1.0,0.0,2,1,3,0,0,0,0,5,1,1,0,1,9,1,1,13,2,6,0,0,0,1,1,0,6,2,5,5,5
2018.0,547.0,0.0,0.0,3,4,3,0,0,0,1,1,1,1,0,0,2,1,1,14,2,6,0,0,0,1,1,0,6,2,5,3,9
2018.0,70.0,0.0,0.0,3,10,3,0,0,0,1,4,1,1,0,1,9,1,1,14,2,6,0,0,0,1,1,0,7,5,5,8,9
2018.0,0.0,0.0,0.0,3,4,3,0,0,0,0,9,1,1,0,0,2,1,1,14,2,6,0,0,0,0,1,0,7,5,5,9,3
2018.0,-470.0,2.0,0.0,3,4,3,0,0,0,1,1,1,1,0,0,5,1,1,14,2,6,0,0,0,0,0,0,6,2,5,3,9
2018.0,85.0,1.0,0.0,2,6,3,0,0,0,0,9,1,1,0,0,9,1,1,15,2,6,0,0,0,1,0,0,7,8,5,8,3
2018.0,-365.0,0.0,0.0,3,1,3,0,0,0,0,1,1,1,0,0,5,1,1,17,2,6,0,1,0,0,1,0,0,2,5,3,9
2018.0,-287.0,0.0,0.0,3,4,3,0,0,0,0,4,1,1,0,1,1,1,1,17,2,6,0,1,0,1,2,0,6,2,5,3,9
2018.0,250.0,0.0,0.0,3,6,3,0,0,0,0,9,1,1,0,0,9,1,1,17,2,6,0,1,0,0,1,0,6,9,5,5,5
2018.0,0.0,1.0,0.0,2,1,3,0,0,0,0,9,1,1,0,0,5,1,1,19,2,6,0,1,0,1,2,0,7,2,5,3,3
2018.0,855.0,2.0,0.0,2,3,1,0,0,3,1,5,1,1,0,1,9,1,1,20,2,6,0,0,0,1,1,0,6,6,5,3,7
2018.0,-716.0,0.0,0.0,3,6,3,0,0,0,0,1,1,1,0,1,1,1,1,6,3,6,0,0,0,1,1,0,6,8,5,8,3
2018.0,0.0,1.0,0.0,2,4,3,0,0,0,0,2,1,1,0,1,5,1,1,7,3,6,0,1,0,1,1,0,7,2,5,3,9
2018.0,0.0,1.0,0.0,3,4,3,0,0,0,0,2,1,1,0,1,5,1,1,7,3,6,0,1,0,1,1,0,7,2,5,3,9
2018.0,-136.0,0.0,0.0,3,4,3,0,0,0,1,5,1,1,0,1,5,1,1,8,3,6,0,1,0,2,1,0,0,2,5,3,9
2018.0,0.0,1.0,0.0,3,4,3,0,0,0,1,2,1,1,0,1,6,1,1,11,3,6,0,0,0,2,1,0,7,2,5,9,3
2018.0,125.0,0.0,0.0,3,6,3,0,0,0,1,9,1,1,0,1,9,1,1,11,3,6,0,0,0,1,2,0,7,9,5,3,2
2018.0,76.0,0.0,0.0,3,6,3,0,0,0,0,9,1,1,0,0,9,1,1,14,3,6,0,0,0,2,1,0,7,8,5,8,3
2018.0,-281.0,0.0,0.0,3,5,3,0,0,0,1,5,1,1,0,0,5,1,1,15,3,6,0,0,0,1,1,0,6,4,5,3,9
2018.0,0.0,0.0,0.0,3,6,3,0,0,0,1,1,1,1,0,1,1,1,1,17,3,6,0,1,0,2,1,0,7,8,5,8,3
2018.0,-115.0,2.0,0.0,3,6,3,0,0,0,1,1,1,1,0,0,1,1,1,18,3,6,0,1,0,1,0,0,7,8,5,8,3
2018.0,765.0,1.0,0.0,2,5,0,0,0,2,1,9,1,1,0,1,2,1,1,21,3,6,0,0,0,1,2,0,6,5,5,9,3
2018.0,-270.0,0.0,0.0,3,10,0,0,0,0,1,2,1,1,0,1,2,1,1,2,4,6,0,0,0,1,1,0,6,7,5,8,3
2018.0,180.0,0.0,0.0,3,5,3,0,0,0,2,5,1,1,3,1,5,1,1,6,4,6,0,0,0,0,1,0,6,5,5,5,5
2018.0,-400.0,0.0,0.0,3,5,3,0,0,0,1,9,1,1,0,0,9,1,1,10,4,6,0,0,0,1,1,0,6,9,5,3,2
2018.0,313.0,0.0,0.0,3,6,3,0,0,0,1,5,1,1,0,0,5,1,1,10,4,6,0,0,0,1,1,0,6,8,5,3,3
2018.0,145.0,0.0,0.0,3,10,3,0,0,0,1,2,1,1,1,1,2,1,1,12,4,6,0,0,0,0,0,0,6,7,5,8,3
2018.0,-180.0,0.0,0.0,3,6,3,0,0,0,1,1,1,1,0,0,1,1,1,12,4,6,0,0,0,1,1,0,6,7,5,8,3
2018.0,35.0,0.0,0.0,3,6,3,0,0,0,1,9,1,1,0,1,9,1,1,13,4,6,0,0,0,1,1,0,7,8,5,8,3
2018.0,0.0,0.0,0.0,3,10,3,0,0,0,0,5,1,1,0,1,5,1,1,14,4,6,0,0,0,2,1,0,7,5,5,9,9
2018.0,120.0,0.0,0.0,3,6,3,0,0,0,1,9,1,1,0,0,9,1,1,15,4,6,0,0,0,0,1,0,7,5,5,5,5
2018.0,-100.0,0.0,0.0,3,6,3,0,0,0,0,1,1,1,0,1,1,1,1,16,4,6,0,1,0,1,1,0,7,8,5,8,3
2018.0,70.0,0.0,0.0,3,10,3,0,0,0,0,5,1,1,0,0,5,1,1,16,4,6,0,1,0,1,2,0,7,9,5,3,2
2018.0,15.0,1.0,0.0,3,1,3,0,0,0,0,1,1,1,0,1,5,1,1,16,4,6,0,1,0,1,1,0,4,2,5,3,3
2018.0,175.0,0.0,0.0,3,6,3,0,0,0,1,9,1,1,0,1,9,1,1,18,4,6,0,1,0,2,1,0,6,7,5,8,3
2018.0,-450.0,0.0,0.0,3,1,3,0,0,0,1,2,1,1,0,1,9,1,1,18,4,6,0,1,0,1,1,0,6,2,5,3,9
2018.0,-50.0,0.0,0.0,3,10,3,0,0,0,1,2,1,1,0,0,2,1,1,18,4,6,0,1,0,1,1,0,3,9,2,3,2
2018.0,150.0,0.0,0.0,3,6,3,0,0,0,1,1,1,1,0,1,1,1,1,10,5,6,1,0,0,1,1,0,6,5,5,8,1
2018.0,-100.0,0.0,0.0,3,5,3,0,0,0,2,8,1,1,1,1,8,1,1,13,5,6,1,0,0,0,1,0,6,9,5,6,3
2018.0,-160.0,0.0,0.0,3,1,3,0,0,0,0,6,1,1,0,0,1,1,1,13,5,6,1,0,0,1,1,0,6,2,5,3,2
2018.0,50.0,1.0,0.0,3,6,3,0,0,0,0,9,1,1,0,1,9,1,1,18,5,6,1,1,0,1,1,0,7,8,5,8,3
2018.0,150.0,1.0,0.0,3,6,0,0,0,0,2,5,1,1,0,0,5,1,1,22,5,6,1,0,0,0,2,0,6,8,5,3,8
2018.0,0.0,0.0,0.0,3,9,5,4,3,0,2,8,1,1,0,0,7,1,1,22,5,6,1,0,0,0,2,0,7,5,5,9,5
2018.0,120.0,0.0,0.0,3,10,3,0,0,0,1,9,1,1,0,0,9,1,1,15,6,6,1,0,0,1,1,0,4,9,5,3,2
2018.0,-357.0,0.0,0.0,3,12,3,0,0,0,1,9,1,1,0,1,2,1,1,7,0,6,0,1,0,2,1,0,6,2,5,3,9
2018.0,15.0,1.0,0.0,3,10,3,0,0,0,0,9,1,1,0,0,9,1,1,8,0,6,0,1,0,1,1,0,4,9,5,3,2
2018.0,-57.0,1.0,0.0,3,6,3,0,0,0,2,2,1,1,0,0,2,1,1,10,0,6,0,0,0,0,1,0,7,8,5,3,3
2018.0,-115.0,0.0,0.0,3,9,3,0,0,0,0,9,1,1,0,1,2,1,1,12,0,6,0,0,0,2,1,0,7,2,5,3,9
2018.0,0.0,0.0,0.0,3,1,3,0,0,0,0,3,1,1,0,0,5,1,1,12,0,6,0,0,0,0,1,0,7,2,5,9,3
2018.0,-68.0,0.0,0.0,3,12,3,0,0,0,0,1,1,1,0,1,1,1,1,13,0,6,0,0,0,1,1,0,7,5,5,8,9
2018.0,-201.0,1.0,0.0,3,1,3,0,0,0,1,9,1,1,0,1,1,1,1,15,0,6,0,0,0,0,0,0,6,9,5,8,3
2018.0,5.0,0.0,0.0,3,6,3,0,0,0,0,9,1,1,0,0,9,1,1,17,0,6,0,1,0,1,1,0,4,7,5,8,3
2018.0,-204.0,1.0,0.0,2,3,3,0,0,0,1,8,0,1,0,1,2,1,1,18,0,6,0,1,0,2,1,0,6,9,5,3,5
2018.0,363.0,1.0,0.0,2,4,3,0,0,0,0,5,1,1,0,0,9,1,1,10,1,6,0,0,0,1,1,0,6,2,5,3,9
2018.0,0.0,1.0,0.0,2,4,3,0,0,0,1,1,1,1,0,0,9,1,1,10,1,6,0,0,0,1,1,0,7,2,5,9,3
2018.0,160.0,0.0,0.0,3,4,3,0,0,0,0,1,1,1,0,0,2,1,1,11,1,6,0,0,0,2,1,0,6,2,5,3,9
2018.0,-83.0,2.0,0.0,2,6,3,0,0,0,1,1,1,1,0,0,1,1,1,12,1,6,0,0,0,1,2,0,7,8,5,8,3
2018.0,-111.0,0.0,0.0,3,10,3,0,0,0,1,1,1,1,0,0,1,1,1,13,1,6,0,0,0,0,1,0,7,9,9,8,2
2018.0,300.0,0.0,0.0,3,4,3,0,0,0,1,2,1,1,0,0,5,1,1,17,1,6,0,1,0,2,2,0,6,2,5,3,9
2018.0,30.0,0.0,0.0,3,6,3,0,0,0,0,5,1,1,0,1,5,1,1,17,1,6,0,1,0,2,1,0,7,8,5,8,8
2018.0,48.0,2.0,0.0,2,4,3,0,0,0,1,1,1,1,0,0,5,1,1,17,1,6,0,1,0,2,2,0,7,2,5,9,9
2018.0,0.0,5.0,0.0,3,1,0,0,0,0,0,5,1,1,0,1,1,1,1,18,1,6,0,1,0,2,0,0,7,2,5,3,3
2018.0,-124.0,0.0,0.0,3,10,3,0,0,0,1,9,1,1,0,1,9,1,1,18,1,6,0,1,0,1,0,0,6,5,5,9,9
2018.0,-104.0,0.0,0.0,3,6,1,0,0,0,1,1,1,1,0,0,1,1,1,20,1,6,0,0,0,1,1,0,7,7,5,8,3
2018.0,0.0,2.0,0.0,2,4,0,0,0,0,1,1,1,1,0,0,9,1,1,20,1,6,0,0,0,2,1,0,7,2,5,3,9
2018.0,45.0,0.0,0.0,3,10,0,0,0,0,0,9,1,1,0,0,9,1,1,20,1,6,0,0,0,2,1,0,7,9,5,8,2
2018.0,75.0,0.0,0.0,3,6,0,0,0,0,2,2,1,1,0,0,2,1,1,0,2,6,0,0,0,0,2,0,6,7,5,3,3
2018.0,0.25,2.0,0.0,3,5,0,0,0,0,1,5,1,1,3,0,5,1,1,2,2,6,0,0,0,2,2,0,8,5,5,6,3
2018.0,-10.0,0.0,0.0,3,9,0,0,0,0,1,1,0,1,0,1,2,1,1,3,2,6,0,0,0,2,1,0,7,7,5,8,9
2018.0,0.0,0.0,0.0,3,4,3,0,0,0,0,1,1,1,0,0,2,1,1,7,2,6,0,1,0,1,1,0,7,2,5,9,9
2018.0,-46.0,0.0,0.0,3,10,3,0,0,0,0,5,1,1,1,1,5,1,1,8,2,6,0,1,0,1,1,0,6,7,5,6,3
2018.0,0.0,2.0,0.0,3,1,3,0,0,0,0,9,1,1,0,0,5,1,1,9,2,6,0,1,0,0,1,0,7,2,5,3,3
2018.0,511.0,1.0,0.0,2,1,5,4,0,0,1,1,1,1,0,1,5,1,1,11,2,6,0,0,0,1,1,0,6,2,5,8,9
2018.0,0.0,3.0,0.0,2,4,3,0,0,0,0,3,1,1,0,0,9,1,1,12,2,6,0,0,0,0,1,0,7,2,7,3,9
2018.0,0.0,2.0,0.0,2,4,3,0,0,0,0,2,1,1,0,0,5,1,1,14,2,6,0,0,0,1,1,0,7,2,5,3,9
2018.0,0.2,0.0,0.0,3,6,3,0,0,0,1,2,1,1,0,1,2,1,1,15,2,6,0,0,0,1,1,0,6,8,5,3,8
2018.0,-150.0,0.0,0.0,3,4,3,0,0,0,1,6,1,1,0,1,1,1,1,15,2,6,0,0,0,1,0,0,6,2,5,3,9
2018.0,40.0,0.0,0.0,3,1,3,0,0,0,2,5,1,1,0,0,9,1,1,17,2,6,0,1,0,0,1,0,7,2,5,3,9
2018.0,-50.0,1.0,0.0,3,6,3,0,0,0,1,1,1,0,0,1,1,1,1,17,2,6,0,1,0,1,1,0,7,7,5,8,8
2018.0,87.0,0.0,0.0,3,6,3,0,0,0,1,9,1,1,0,1,9,1,1,17,2,6,0,1,0,2,1,0,7,8,5,8,3
2018.0,0.0,0.0,0.0,3,1,3,0,0,0,1,2,1,1,0,1,1,1,1,18,2,6,0,1,0,1,1,0,7,2,5,3,3
2018.0,150.0,0.0,0.0,3,6,3,0,0,0,1,9,1,1,0,0,9,1,1,19,2,6,0,1,0,1,1,0,6,8,5,8,3
2018.0,-180.0,1.0,0.0,2,6,3,0,0,0,0,9,0,1,0,1,9,1,1,19,2,6,0,1,0,2,2,0,6,7,5,3,2
2018.0,-150.0,2.0,0.0,3,6,0,0,0,0,1,2,1,1,0,0,2,1,1,21,2,6,0,0,0,1,1,0,7,8,5,8,3
2018.0,180.0,0.0,0.0,3,1,0,0,0,0,1,5,1,1,0,1,2,1,1,0,3,6,0,0,0,2,1,0,6,5,5,8,1
2018.0,-430.0,1.0,0.0,1,5,3,0,0,0,1,5,1,1,2,0,9,1,1,6,3,6,0,0,0,1,1,0,6,2,5,3,3
2018.0,0.0,1.0,0.0,2,5,3,0,0,2,1,5,1,1,0,0,1,1,1,8,3,6,0,1,0,0,2,0,7,2,5,9,3
2018.0,82.0,2.0,0.0,2,6,3,0,0,0,0,1,1,1,0,1,1,1,1,9,3,6,0,1,0,1,1,0,7,8,5,8,3
2018.0,250.0,2.0,0.0,3,4,3,0,0,0,0,5,1,1,0,1,9,1,1,10,3,6,0,0,0,1,2,0,6,9,5,3,9
2018.0,-204.0,0.0,0.0,3,5,3,0,0,0,1,9,1,1,0,0,1,1,1,11,3,6,0,0,0,0,1,0,6,2,5,3,9
2018.0,55.0,0.0,0.0,3,6,3,0,0,0,1,9,1,1,0,0,9,1,1,11,3,6,0,0,0,1,0,0,7,8,5,8,3
2018.0,107.0,0.0,0.0,3,10,3,0,0,0,1,5,1,1,0,1,5,1,1,12,3,6,0,0,0,2,2,0,7,9,5,3,5
2018.0,417.0,2.0,0.0,2,6,3,0,0,0,1,2,1,1,0,1,2,1,1,12,3,6,0,0,0,1,1,0,6,8,5,8,3
2018.0,-225.0,0.0,0.0,3,6,3,0,0,0,1,2,1,1,0,0,2,1,1,12,3,6,0,0,0,1,1,0,6,8,5,8,3
2018.0,468.0,0.0,0.0,3,6,3,0,0,0,0,5,1,1,0,1,5,1,1,17,3,6,0,1,0,1,0,0,6,8,5,8,3
2018.0,500.0,0.0,0.0,3,6,3,0,0,0,1,2,1,1,0,0,2,1,1,18,3,6,0,1,0,1,1,0,6,7,5,8,3
2018.0,12.0,0.0,0.0,3,6,3,0,0,0,0,9,1,1,0,1,9,1,1,18,3,6,0,1,0,0,2,0,7,8,5,8,3
2018.0,0.0,3.0,0.0,2,1,3,0,0,0,1,2,1,1,0,1,1,1,1,12,4,6,0,0,0,1,1,0,7,2,5,3,3
2018.0,0.0,2.0,0.0,2,4,3,0,0,0,1,2,1,1,0,1,5,1,1,14,4,6,0,0,0,1,1,0,7,2,5,3,9
2018.0,-205.0,0.0,0.0,3,4,3,0,0,0,2,4,1,1,0,1,9,1,1,15,4,6,0,0,0,0,0,0,6,2,5,3,9
2018.0,250.0,0.0,0.0,3,6,3,0,0,0,1,5,1,1,0,0,5,1,1,16,4,6,0,1,0,1,1,0,6,8,5,3,2
2018.0,157.0,0.0,0.0,3,6,3,0,0,0,1,1,1,1,0,1,1,1,1,16,4,6,0,1,0,1,1,0,6,8,5,8,3
2018.0,-212.0,0.0,0.0,3,5,3,0,0,0,2,9,1,1,1,1,5,1,1,16,4,6,0,1,0,0,1,0,6,5,5,6,1
2018.0,-255.0,0.0,0.0,3,10,3,0,0,0,1,2,1,1,0,0,2,1,1,17,4,6,0,1,0,1,2,0,6,9,5,8,2
2018.0,-150.0,0.0,0.0,3,10,3,0,0,0,1,9,1,1,0,1,9,1,1,17,4,6,0,1,0,1,0,0,6,5,5,3,3
2018.0,-20.0,0.0,0.0,3,6,3,0,0,0,2,1,1,1,0,0,1,1,1,19,4,6,0,1,0,0,2,0,7,7,5,8,3
2018.0,0.0,0.0,0.0,3,5,0,0,0,0,1,1,1,1,0,1,1,1,1,21,4,6,0,0,0,0,1,0,7,2,2,9,9
2018.0,288.0,0.0,0.0,3,6,3,1,0,0,1,9,1,1,0,1,9,1,1,11,5,6,1,0,0,1,2,0,6,7,5,8,3
2018.0,150.0,2.0,0.0,2,6,3,0,0,0,1,1,1,1,0,0,1,1,1,18,5,6,1,1,0,1,1,0,6,7,5,8,3
2018.0,-255.0,0.0,0.0,3,6,3,0,0,0,0,9,1,1,0,1,9,1,1,18,5,6,1,1,0,1,2,0,6,7,5,9,3
2018.0,-150.0,0.0,0.0,3,6,3,0,0,0,1,2,1,1,0,1,2,1,1,18,5,6,1,1,0,2,1,0,7,7,5,8,3
2018.0,-60.0,0.0,0.0,3,6,3,0,0,0,0,9,1,1,0,1,9,1,1,19,5,6,1,1,0,2,1,0,6,2,5,3,3