Year,Distance,Totalinjuries,Totalfatalities,Injuryseverity,Collisionmanner,Lightcondition,Weather,SurfaceCondition,Unittype_One,Gender_Drv1,Traveldirection_One,AlcoholUse_Drv1,DrugUse_Drv1,Unittype_Two,Gender_Drv2,Traveldirection_Two,AlcoholUse_Drv2,DrugUse_Drv2,Hour,Weekday,Month,Weekend,Rush_Hour,Hazardous_Road,Age_Group_Drv1,Age_Group_Drv2,Substance_Use,Junction_Category,Violation_Category_Drv1,Violation_Category_Drv2,Unitaction_Category_Two,Unitaction_Category_One
2018.0,-100.0,0.0,0.0,3,6,0,0,0,0,2,2,1,1,0,0,2,1,1,20,5,6,1,0,0,0,2,0,4,7,5,8,3
2018.0,-200.0,0.0,0.0,3,6,0,0,0,0,1,1,1,1,0,0,1,1,1,20,5,6,1,0,0,1,1,0,6,7,5,8,3
2018.0,-50.0,0.0,0.0,3,6,0,0,0,0,1,2,0,1,0,0,2,1,1,22,5,6,1,0,0,1,1,0,7,7,5,8,3
2018.0,-75.0,0.0,0.0,3,3,0,0,0,0,0,9,0,1,0,0,1,1,1,23,5,6,1,0,0,1,1,0,6,9,5,8,3
2018.0,0.0,0.0,0.0,3,10,0,0,0,0,1,5,1,1,0,1,5,1,1,0,6,7,1,0,0,2,1,0,7,7,5,8,3
2018.0,100.0,1.0,0.0,2,10,0,0,0,0,1,3,1,1,0,1,2,1,1,1,6,7,1,0,0,1,2,0,6,9,5,3,3
2018.0,0.0,3.0,0.0,1,4,0,0,0,0,0,1,0,1,0,0,2,1,1,2,6,7,1,0,0,1,2,0,7,2,5,5,5
2018.0,-33.0,0.0,0.0,3,10,0,0,0,0,0,5,1,1,1,1,8,1,1,3,6,7,1,0,0,1,1,0,6,7,5,6,3
2018.0,133.0,0.0,0.0,3,1,3,0,0,0,0,1,1,1,0,1,1,1,1,10,6,7,1,0,0,2,1,0,6,4,5,3,6
2018.0,-150.0,0.0,0.0,3,10,3,0,0,0,0,5,1,1,0,1,5,1,1,12,6,7,1,0,0,2,2,0,6,9,5,3,3
2018.0,50.0,0.0,0.0,3,10,3,0,0,0,1,5,1,1,0,1,5,1,1,12,6,7,1,0,0,1,1,0,7,9,5,3,2
2018.0,25.0,0.0,0.0,3,6,3,0,0,0,1,9,1,1,0,0,9,1,1,13,6,7,1,0,0,2,0,0,7,7,5,8,8
2018.0,0.0,1.0,0.0,3,4,3,0,0,0,0,1,1,1,0,0,2,1,1,14,6,7,1,0,0,2,2,0,2,2,5,9,3
2018.0,0.0,1.0,0.0,1,5,0,0,0,3,1,2,1,1,0,1,9,1,1,20,6,7,1,0,0,2,1,0,7,2,5,3,7
2018.0,-28.0,0.0,0.0,3,6,3,0,0,0,1,1,0,0,0,0,1,1,1,7,0,7,0,1,0,2,2,0,7,8,5,8,3
2018.0,0.0,0.0,0.0,3,0,3,0,0,0,1,1,1,1,0,0,9,1,1,8,0,7,0,1,0,1,1,0,7,2,5,3,9
2018.0,0.0,0.0,0.0,3,4,3,0,0,0,1,7,1,1,0,1,1,1,1,8,0,7,0,1,0,1,1,0,7,2,5,3,9
2018.0,-130.0,0.0,0.0,3,10,3,0,0,0,2,9,1,1,0,1,9,1,1,9,0,7,0,1,0,0,0,0,6,9,5,8,3
2018.0,350.0,0.0,0.0,3,0,3,0,0,0,0,2,1,1,0,0,2,1,1,11,0,7,0,0,0,1,1,0,6,5,5,9,3
2018.0,-79.0,0.0,0.0,3,4,3,0,0,0,0,4,1,1,0,0,9,1,1,16,0,7,0,1,0,1,1,0,6,9,5,3,2
2018.0,0.0,2.0,0.0,3,1,3,0,0,0,1,1,1,1,0,0,5,1,1,16,0,7,0,1,0,2,1,0,7,2,5,3,9
2018.0,118.0,0.0,0.0,3,10,3,0,0,0,0,9,1,1,0,1,9,1,1,16,0,7,0,1,0,1,1,0,7,9,5,8,3
2018.0,30.0,0.0,0.0,3,6,3,0,0,0,0,9,1,1,0,1,9,1,1,17,0,7,0,1,0,2,1,0,7,8,5,8,8
2018.0,-270.0,0.0,0.0,3,6,3,0,0,0,0,1,1,1,0,0,1,1,1,17,0,7,0,1,0,1,1,0,6,7,5,8,3
2018.0,0.0,0.0,0.0,3,1,3,0,0,0,0,5,1,1,0,1,9,1,1,18,0,7,0,1,0,1,1,0,7,2,5,3,9
2018.0,-280.0,0.0,0.0,3,1,3,0,0,0,1,1,1,1,0,1,5,1,1,18,0,7,0,1,0,1,2,0,6,2,5,3,5
2018.0,-82.0,0.0,0.0,3,5,3,0,0,0,2,9,1,1,0,1,1,1,1,19,0,7,0,1,0,0,1,0,7,5,5,8,1
2018.0,800.0,0.0,0.0,3,5,3,0,0,0,1,2,1,1,1,1,8,1,1,20,0,7,0,0,0,1,1,0,6,5,5,6,1
2018.0,57.0,0.0,0.0,3,6,0,0,0,0,1,9,1,1,0,1,9,1,1,21,0,7,0,0,0,2,1,0,7,7,5,8,3
2018.0,-9.0,1.0,0.0,2,5,0,0,0,0,2,5,1,1,3,0,5,1,1,21,0,7,0,0,0,0,1,0,7,4,5,5,5
2018.0,220.0,1.0,0.0,2,5,0,0,0,3,0,5,0,1,0,0,1,1,1,22,0,7,0,0,0,1,2,0,6,2,5,3,7
2018.0,232.0,1.0,0.0,2,5,3,0,0,2,1,1,1,1,0,1,1,1,1,10,1,7,0,0,0,1,2,0,6,5,5,9,3
2018.0,-513.0,0.0,0.0,3,6,3,0,0,0,1,9,1,1,0,0,9,1,1,11,1,7,0,0,0,2,0,0,6,8,5,8,3
2018.0,350.0,0.0,0.0,3,4,3,0,0,0,1,2,1,1,0,1,1,1,1,12,1,7,0,0,0,1,1,0,6,2,5,3,9
2018.0,0.0,0.0,0.0,3,6,3,0,0,0,0,9,0,1,0,0,9,1,1,13,1,7,0,0,0,1,1,0,7,8,5,8,3
2018.0,190.0,0.0,0.0,3,4,3,0,0,0,2,1,1,1,0,0,5,1,1,13,1,7,0,0,0,0,1,0,6,2,5,3,9
2018.0,378.0,0.0,0.0,3,6,3,0,0,0,0,9,1,1,0,0,9,1,1,13,1,7,0,0,0,2,1,0,6,8,5,8,3
2018.0,340.0,1.0,0.0,3,6,3,0,0,0,2,1,1,1,0,0,1,1,1,14,1,7,0,0,0,0,1,0,6,8,5,8,3
2018.0,0.0,1.0,0.0,2,4,3,0,0,0,1,5,1,1,0,1,2,1,1,14,1,7,0,0,0,0,1,0,7,2,5,3,9
2018.0,0.0,0.0,0.0,3,4,3,0,0,0,0,9,1,1,0,1,1,1,1,15,1,7,0,0,0,0,1,0,7,2,5,3,9
2018.0,-728.0,0.0,0.0,3,6,3,0,0,0,1,5,1,1,0,1,5,1,1,15,1,7,0,0,0,2,1,0,6,7,5,3,3
2018.0,-196.0,0.0,0.0,3,1,3,0,0,0,0,9,1,1,0,0,2,1,1,16,1,7,0,1,0,2,2,0,6,2,5,3,9
2018.0,-465.0,0.0,0.0,3,3,3,0,0,0,1,9,1,1,0,1,1,1,1,16,1,7,0,1,0,1,1,0,6,5,5,3,3
2018.0,-57.0,3.0,0.0,3,6,3,0,0,0,0,1,1,1,0,0,1,1,1,16,1,7,0,1,0,1,2,0,7,8,5,8,3
2018.0,104.0,0.0,0.0,3,6,3,0,0,0,1,5,1,1,0,0,5,1,1,16,1,7,0,1,0,2,1,0,7,7,5,8,8
2018.0,633.0,0.0,0.0,3,6,3,0,0,0,1,5,1,1,0,1,5,1,1,16,1,7,0,1,0,1,1,0,6,8,5,8,3
2018.0,200.0,1.0,0.0,3,4,3,0,0,0,0,3,1,1,0,1,5,1,1,16,1,7,0,1,0,2,2,0,6,5,5,5,5
2018.0,-20.0,0.0,0.0,3,6,1,0,0,0,0,1,1,1,1,1,8,1,1,21,1,7,0,0,0,1,1,0,6,9,5,6,3
2018.0,25.0,0.0,0.0,3,10,0,0,0,0,2,1,1,1,0,1,1,1,1,0,2,7,0,0,0,0,2,0,6,9,5,3,2
2018.0,-150.0,0.0,0.0,3,1,3,4,0,0,0,2,1,1,0,0,9,1,1,10,2,7,0,0,0,1,2,0,6,4,5,3,9
2018.0,-300.0,0.0,0.0,3,10,3,0,0,0,0,1,1,1,0,0,1,1,1,11,2,7,0,0,0,1,1,0,6,9,5,3,2
2018.0,117.0,0.0,0.0,3,6,3,0,0,0,0,9,1,1,0,0,9,1,1,13,2,7,0,0,0,1,1,0,7,7,5,3,3
2018.0,-22.0,1.0,0.0,2,6,3,0,0,0,1,2,1,1,0,1,2,1,1,17,2,7,0,1,0,1,1,0,7,7,5,8,3
2018.0,0.0,0.0,0.0,3,1,3,0,0,0,1,2,0,1,0,1,1,1,1,19,2,7,0,1,0,2,1,0,7,7,5,3,9
2018.0,0.0,0.0,0.0,3,1,0,0,0,0,0,3,1,1,0,1,1,1,1,20,2,7,0,0,0,2,0,0,7,2,5,3,9
2018.0,-100.0,0.0,0.0,3,6,3,0,0,0,1,2,1,1,0,0,2,1,1,7,3,7,0,1,0,1,1,0,7,8,5,8,3
2018.0,500.0,0.0,0.0,3,10,3,0,0,0,0,9,1,1,0,1,9,1,1,9,3,7,0,1,0,1,0,0,6,9,5,3,2
2018.0,-125.0,0.0,0.0,3,5,3,0,0,0,1,5,1,1,0,0,2,1,1,9,3,7,0,1,0,1,1,0,7,5,5,8,1
2018.0,0.0,0.0,0.0,3,4,3,0,0,0,1,5,1,1,0,0,2,1,1,12,3,7,0,0,0,1,2,0,7,2,5,3,9
2018.0,0.0,1.0,0.0,3,4,3,0,0,0,1,4,1,1,0,0,6,1,1,12,3,7,0,0,0,1,2,0,7,2,5,3,9
2018.0,0.0,0.0,0.0,3,10,3,0,0,0,1,4,1,1,0,1,4,1,1,13,3,7,0,0,0,0,1,0,7,5,5,5,5
2018.0,-97.0,0.0,0.0,3,6,3,0,0,0,1,2,1,1,0,0,2,1,1,16,3,7,0,1,0,1,1,0,7,8,5,8,3
2018.0,-365.0,3.0,0.0,2,6,3,0,0,0,0,1,1,1,0,1,1,1,1,16,3,7,0,1,0,2,1,0,7,8,5,8,3
2018.0,357.0,1.0,0.0,3,6,3,0,0,0,1,5,1,1,0,1,5,1,1,16,3,7,0,1,0,2,1,0,7,8,5,8,3
2018.0,227.0,1.0,0.0,2,1,3,0,0,0,1,9,1,1,0,1,2,1,1,17,3,7,0,1,0,0,1,0,6,2,5,3,5
2018.0,0.0,2.0,0.0,3,1,0,0,0,0,0,5,1,1,0,1,1,1,1,23,3,7,0,0,0,1,1,0,7,5,5,3,3
2018.0,0.0,1.0,0.0,2,5,3,0,0,3,1,1,1,1,0,1,5,1,1,10,4,7,0,0,0,1,1,0,7,5,5,3,5
2018.0,0.0,0.0,0.0,3,4,3,0,0,0,0,1,1,1,0,1,9,1,1,12,4,7,0,0,0,2,1,0,7,5,5,3,9
2018.0,271.0,1.0,0.0,3,10,3,0,0,0,1,6,1,1,0,0,5,1,1,12,4,7,0,0,0,1,1,0,6,2,5,8,9
2018.0,-357.0,0.0,0.0,3,6,3,0,0,0,1,2,1,1,0,0,2,1,1,13,4,7,0,0,0,2,1,0,6,8,5,8,3
2018.0,0.25,0.0,0.0,3,1,3,0,0,0,0,9,1,1,0,1,2,1,1,14,4,7,0,0,0,1,1,0,6,2,5,3,9
2018.0,0.0,2.0,0.0,2,4,3,0,0,0,0,5,1,1,0,0,2,1,1,15,4,7,0,0,0,2,1,0,7,2,5,3,9
2018.0,0.0,0.0,0.0,3,4,0,0,0,0,0,1,1,1,0,0,9,1,1,20,4,7,0,0,0,0,2,0,7,2,5,3,9
2018.0,-140.0,1.0,0.0,1,4,0,0,0,0,0,2,1,1,0,1,5,1,1,23,4,7,0,0,0,0,2,0,6,2,5,3,9
2018.0,0.0,0.0,0.0,3,10,0,4,0,0,1,2,1,1,0,0,2,1,1,0,5,7,1,0,0,1,1,0,7,5,5,5,5
2018.0,-300.0,0.0,0.0,3,12,3,0,0,0,1,5,1,1,0,0,1,1,1,12,5,7,1,0,0,2,1,0,6,7,5,8,9
2018.0,0.0,0.0,0.0,3,6,3,0,0,0,0,1,1,1,0,1,1,1,1,13,5,7,1,0,0,2,1,0,7,7,5,9,3
2018.0,85.0,0.0,0.0,3,6,3,0,0,0,0,9,1,1,0,1,9,1,1,16,5,7,1,1,0,0,0,0,7,7,5,3,3
2018.0,290.0,0.0,0.0,3,10,3,0,0,0,1,1,1,1,0,1,1,1,1,16,5,7,1,1,0,2,2,0,6,9,5,3,3
2018.0,0.0,0.0,0.0,3,4,3,0,0,0,0,9,1,1,0,1,5,1,1,16,5,7,1,1,0,2,0,0,4,2,5,3,9
2018.0,-150.0,0.0,0.0,3,3,3,0,0,0,0,5,1,1,1,1,8,1,1,17,5,7,1,1,0,1,1,0,6,5,5,6,3
2018.0,0.0,0.0,0.0,3,1,3,0,0,0,1,1,1,1,0,0,2,1,1,17,5,7,1,1,0,1,1,0,7,7,5,3,3
2018.0,0.0,0.0,0.0,3,4,3,0,0,0,1,1,1,1,0,0,6,1,1,7,6,7,1,1,0,2,1,0,7,5,5,9,3
2018.0,0.0,1.0,0.0,2,5,3,0,0,0,1,9,1,1,0,0,5,1,1,12,6,7,1,0,0,0,1,0,7,5,5,3,3
2018.0,25.0,0.0,0.0,3,10,3,0,0,0,1,5,1,1,0,0,5,1,1,13,6,7,1,0,0,0,1,0,4,5,5,3,3
2018.0,90.0,0.0,0.0,3,6,3,0,0,0,1,2,1,1,0,1,2,1,1,14,6,7,1,0,0,1,1,0,6,7,5,8,3
2018.0,0.0,0.0,0.0,3,6,3,0,0,0,1,1,1,1,0,1,1,1,1,16,6,7,1,1,0,1,1,0,7,7,4,9,3
2018.0,0.0,0.0,0.0,3,4,3,1,0,0,0,5,1,1,0,1,5,1,1,17,6,7,1,1,0,1,1,0,7,9,5,9,9
2018.0,-425.0,0.0,0.0,3,5,5,4,0,0,1,5,1,1,0,1,5,1,1,19,6,7,1,1,0,2,2,0,6,7,7,8,8
2018.0,-10.0,0.0,0.0,3,0,0,1,0,0,1,1,1,1,0,1,1,1,1,20,6,7,1,0,0,0,1,0,7,9,5,3,9
2018.0,0.0,0.0,0.0,3,10,3,0,0,0,0,1,1,1,0,1,1,1,1,6,0,7,0,0,0,1,1,0,7,4,5,3,9
2018.0,70.0,0.0,0.0,3,6,3,0,0,0,1,9,1,1,0,1,9,1,1,7,0,7,0,1,0,1,1,0,7,8,5,8,3
2018.0,200.0,0.0,0.0,3,6,3,0,0,0,1,1,1,1,0,1,1,1,1,13,0,7,0,0,0,1,1,0,6,8,5,8,3
2018.0,0.0,0.0,0.0,3,10,3,0,0,0,1,9,1,1,0,0,5,1,1,14,0,7,0,0,0,1,0,0,7,2,5,9,3
2018.0,0.0,0.0,0.0,3,4,3,1,0,0,0,2,1,1,0,0,1,1,1,15,0,7,0,0,0,2,1,0,7,2,5,3,9
2018.0,-100.0,0.0,0.0,3,5,3,0,0,0,2,9,1,1,0,0,5,1,1,15,0,7,0,0,0,0,1,0,6,4,5,3,9
2018.0,0.0,0.0,0.0,3,4,3,4,3,0,2,9,1,1,0,1,5,1,1,16,0,7,0,1,0,0,1,0,7,2,5,3,9
2018.0,0.0,0.0,0.0,3,6,3,3,4,0,1,9,1,1,0,0,9,1,1,16,0,7,0,1,1,1,1,0,7,7,5,8,3
2018.0,-20.0,0.0,0.0,3,6,5,4,0,0,2,1,1,1,0,0,1,1,1,17,0,7,0,1,0,0,2,0,7,5,5,3,8
2018.0,-50.0,0.0,0.0,3,4,3,1,4,0,0,2,1,1,0,1,1,1,1,17,0,7,0,1,1,1,1,0,0,2,5,3,9
2018.0,0.0,1.0,0.0,2,5,0,0,0,0,1,3,1,1,2,1,1,1,1,21,0,7,0,0,0,2,2,0,7,4,5,3,9
2018.0,0.0,2.0,0.0,3,1,0,1,0,0,0,1,1,1,0,1,2,1,1,21,0,7,0,0,0,2,2,0,7,2,5,3,3
2018.0,-162.0,0.0,0.0,3,12,5,4,3,0,2,8,1,1,1,1,8,1,1,6,1,7,0,0,0,0,1,0,6,5,5,6,5
2018.0,60.0,0.0,0.0,3,6,3,1,0,0,1,5,1,1,0,1,5,1,1,10,1,7,0,0,0,1,2,0,7,8,5,8,2
2018.0,-75.0,0.0,0.0,3,6,3,1,0,0,0,1,1,1,0,0,1,1,1,10,1,7,0,0,0,2,1,0,7,8,5,8,2
2018.0,0.0,0.0,0.0,3,4,3,0,0,0,1,2,1,1,0,0,1,1,1,13,1,7,0,0,0,1,0,0,7,2,5,3,9
2018.0,-233.0,1.0,0.0,3,10,3,0,0,0,1,1,0,1,1,1,1,1,1,14,1,7,0,0,0,2,1,0,6,7,5,6,3
2018.0,-95.0,1.0,0.0,3,6,3,0,0,0,1,1,1,1,0,0,1,1,1,14,1,7,0,0,0,2,1,0,7,8,5,8,3
2018.0,96.0,0.0,0.0,3,6,3,0,4,0,0,5,1,1,0,1,5,1,1,17,1,7,0,1,1,1,1,0,7,8,5,8,8
2018.0,-400.0,1.0,0.0,3,6,3,3,4,0,1,5,1,1,0,1,5,1,1,17,1,7,0,1,1,1,1,0,6,7,5,8,3
2018.0,136.0,0.0,0.0,3,6,3,3,4,0,0,5,1,1,0,1,5,1,1,17,1,7,0,1,1,1,1,0,7,5,5,5,5
2018.0,0.0,0.0,0.0,3,10,3,1,4,0,1,7,1,1,0,1,7,1,1,18,1,7,0,1,1,1,1,0,7,5,5,9,9
2018.0,50.0,0.0,0.0,3,6,4,1,4,0,1,5,1,1,0,0,5,1,1,18,1,7,0,1,1,1,0,0,7,8,5,8,3
2018.0,500.0,0.0,0.0,3,10,3,0,0,0,0,2,1,1,0,1,2,1,1,10,2,7,0,0,0,1,1,0,6,9,5,3,2
2018.0,0.25,1.0,0.0,2,0,3,0,0,0,1,5,1,1,0,1,5,1,1,12,2,7,0,0,0,2,1,0,6,4,5,3,9
2018.0,-20.0,0.0,0.0,3,6,3,1,3,0,2,2,1,1,0,0,2,1,1,18,2,7,0,1,0,0,2,0,7,7,5,5,5
2018.0,-200.0,0.0,0.0,3,10,0,0,0,0,1,9,1,1,0,1,9,1,1,20,2,7,0,0,0,0,1,0,6,5,5,3,3
2018.0,70.0,0.0,0.0,3,4,3,0,0,0,1,9,1,1,0,1,2,1,1,10,3,7,0,0,0,1,1,0,6,2,5,3,9
2018.0,0.0,0.0,0.0,3,5,3,0,0,0,1,9,1,1,1,1,2,1,1,12,3,7,0,0,0,0,1,0,0,5,5,6,1
2018.0,-77.0,0.0,0.0,3,6,3,0,0,0,0,1,1,1,0,0,1,1,1,12,3,7,0,0,0,1,1,0,7,8,5,8,3
2018.0,0.0,1.0,0.0,3,4,3,1,0,0,1,2,1,1,0,1,5,1,1,12,3,7,0,0,0,0,1,0,7,2,5,9,3
2018.0,-302.0,1.0,0.0,2,6,3,0,0,0,0,1,0,1,0,0,1,1,1,15,3,7,0,0,0,1,1,0,6,8,5,8,3
2018.0,-292.0,1.0,0.0,2,6,3,0,0,0,0,1,1,1,0,1,1,1,1,15,3,7,0,0,0,1,0,0,6,8,5,8,3
2018.0,-193.0,1.0,0.0,2,5,3,0,0,3,1,2,1,1,0,0,1,1,1,15,3,7,0,0,0,1,2,0,6,2,5,3,7
2018.0,126.0,0.0,0.0,3,6,3,0,0,0,0,5,1,1,0,1,5,1,1,16,3,7,0,1,0,1,1,0,7,8,5,8,3
2018.0,-166.0,0.0,0.0,3,6,3,0,4,0,0,1,1,1,0,0,1,1,1,17,3,7,0,1,1,2,1,0,6,8,5,8,3
2018.0,0.0,0.0,0.0,3,1,3,1,0,0,1,9,1,1,0,1,5,1,1,18,3,7,0,1,0,1,1,0,7,2,5,3,3
2018.0,812.0,0.0,0.0,3,6,0,0,0,0,1,1,1,1,0,1,1,1,1,20,3,7,0,0,0,1,1,0,6,7,5,8,3
2018.0,0.0,0.0,0.0,3,4,0,0,0,0,0,9,1,1,0,1,1,1,1,20,3,7,0,0,0,1,1,0,7,2,5,3,9
2018.0,667.0,0.0,0.0,3,6,0,0,0,0,1,1,0,1,1,1,1,1,1,2,4,7,0,0,0,1,1,0,6,5,5,8,1
2018.0,62.0,0.0,0.0,3,6,3,1,0,0,1,6,1,1,0,1,6,1,1,6,4,7,0,0,0,2,1,0,7,7,5,8,3
2018.0,-175.0,0.0,0.0,3,6,3,0,0,0,1,2,1,1,0,0,2,1,1,6,4,7,0,0,0,2,1,0,6,8,5,8,3
2018.0,88.0,0.0,0.0,3,6,3,0,0,0,1,1,1,1,0,1,9,1,1,8,4,7,0,1,0,0,1,0,6,2,5,8,1
2018.0,38.0,0.0,0.0,3,6,3,0,0,0,1,9,1,1,0,1,9,1,1,12,4,7,0,0,0,1,1,0,7,8,5,8,3
2018.0,215.0,0.0,0.0,3,6,3,0,0,0,1,9,1,1,0,0,9,1,1,14,4,7,0,0,0,1,1,0,6,8,5,8,2
2018.0,-190.0,1.0,0.0,3,6,3,0,0,0,1,2,1,1,0,1,2,1,1,17,4,7,0,1,0,0,1,0,6,7,5,8,3
2018.0,500.0,1.0,0.0,3,6,3,1,0,0,0,5,1,1,0,0,5,1,1,17,4,7,0,1,0,1,1,0,6,8,5,8,3
2018.0,-86.0,0.0,0.0,3,6,3,0,0,0,1,1,1,1,0,1,1,1,1,17,4,7,0,1,0,1,1,0,7,8,5,8,3
2018.0,120.0,0.0,0.0,3,6,3,1,0,0,2,5,1,1,0,1,5,1,1,18,4,7,0,1,0,0,1,0,7,5,5,8,3
2018.0,0.0,0.0,0.0,3,4,3,1,0,0,1,2,1,1,0,1,5,1,1,6,5,7,1,0,0,1,1,0,7,5,5,9,3
2018.0,0.0,0.0,0.0,3,1,3,1,0,0,0,1,1,1,0,0,2,1,1,8,5,7,1,1,0,1,0,0,7,2,5,3,9
2018.0,0.0,0.0,0.0,3,10,3,1,0,0,0,5,1,1,0,0,5,1,1,10,5,7,1,0,0,2,2,0,7,5,5,9,9
2018.0,460.0,0.0,0.0,3,10,3,0,0,0,1,3,1,1,0,1,1,1,1,14,5,7,1,0,0,0,1,0,6,9,5,8,2
2018.0,250.0,0.0,0.0,3,10,3,0,0,0,1,9,1,1,0,0,9,1,1,16,5,7,1,1,0,1,1,0,6,9,5,3,2
2018.0,-200.0,0.0,0.0,3,6,3,1,0,0,1,1,1,1,0,1,1,1,1,17,5,7,1,1,0,1,0,0,7,7,5,3,3
2018.0,-10.0,0.0,0.0,3,6,3,0,0,0,0,1,1,1,0,0,1,1,1,17,5,7,1,1,0,1,1,0,7,7,5,8,8
2018.0,10.0,0.0,0.0,3,6,3,1,0,0,1,9,1,1,0,1,9,1,1,18,5,7,1,1,0,2,1,0,7,8,5,3,3
2018.0,-46.0,1.0,0.0,2,5,4,1,0,2,1,1,1,1,0,1,5,1,1,18,5,7,1,1,0,2,2,0,0,5,7,9,3
2018.0,2000.0,0.0,0.0,3,4,0,0,0,0,0,5,1,1,0,1,1,1,1,20,5,7,1,0,0,2,1,0,0,2,5,3,9
2018.0,-120.0,0.0,0.0,3,6,0,0,0,0,1,2,0,1,0,0,2,1,1,23,5,7,1,0,0,0,2,0,7,7,5,8,3
2018.0,-800.0,1.0,0.0,2,5,3,0,0,0,2,2,1,1,2,1,1,1,1,12,6,7,1,0,0,0,1,0,6,2,5,3,9
2018.0,0.0,0.0,0.0,3,10,3,0,0,0,1,9,1,1,0,1,5,1,1,16,6,7,1,1,0,1,0,0,7,5,5,5,5
2018.0,-211.0,0.0,0.0,3,10,0,0,0,0,1,2,1,1,0,1,2,1,1,19,6,7,1,1,0,2,2,0,6,9,5,3,2
2018.0,246.0,4.0,0.0,2,1,0,0,0,0,1,2,1,1,0,1,1,1,1,21,6,7,1,0,0,2,2,0,6,2,5,3,9
2018.0,-50.0,0.0,0.0,3,1,0,1,0,0,2,2,1,1,1,1,9,1,1,4,0,7,0,0,0,0,1,0,6,7,5,6,9
2018.0,75.0,1.0,0.0,3,6,3,0,0,0,0,9,1,1,0,1,9,1,1,9,0,7,0,1,0,1,1,0,7,8,5,8,3
2018.0,-25.0,0.0,0.0,3,6,3,0,0,0,1,8,1,1,0,1,1,1,1,10,0,7,0,0,0,1,1,0,6,5,5,3,5
2018.0,0.0,0.0,0.0,3,4,3,0,0,0,0,2,1,1,0,1,1,1,1,12,0,7,0,0,0,0,1,0,7,2,5,3,9
2018.0,965.0,2.0,0.0,3,6,3,1,0,0,1,2,1,1,0,0,2,1,1,16,0,7,0,1,0,1,1,0,6,7,5,8,3
2018.0,-268.0,5.0,0.0,3,6,3,1,0,0,1,1,1,1,0,0,1,1,1,17,0,7,0,1,0,1,1,0,6,7,5,8,8
2018.0,0.0,0.0,0.0,3,4,3,0,0,0,1,2,1,1,0,0,5,1,1,17,0,7,0,1,0,2,1,0,7,2,5,3,9
2018.0,0.0,1.0,0.0,2,6,3,0,0,0,0,1,1,1,0,1,1,1,1,9,1,7,0,1,0,1,1,0,7,8,5,8,3
2018.0,380.0,0.0,0.0,3,10,3,0,0,0,1,9,1,1,0,1,9,1,1,14,1,7,0,0,0,1,1,0,6,9,5,3,2
2018.0,-827.0,2.0,0.0,2,6,3,0,0,0,1,1,1,1,0,1,1,1,1,17,1,7,0,1,0,1,2,0,6,8,5,8,3
2018.0,155.0,0.0,0.0,3,6,3,1,0,0,1,5,1,0,0,1,5,1,1,18,1,7,0,1,0,1,1,0,6,7,5,8,8
2018.0,80.0,1.0,0.0,2,6,0,0,0,0,1,2,1,1,0,0,2,1,1,20,1,7,0,0,0,1,2,0,6,7,5,3,3
2018.0,150.0,0.0,0.0,3,4,3,0,0,0,0,2,1,1,0,1,9,1,1,6,2,7,0,0,0,2,0,0,6,2,5,3,9
2018.0,98.0,0.0,0.0,3,6,3,0,0,0,1,9,1,1,0,0,9,1,1,9,2,7,0,1,0,1,2,0,7,8,5,8,3
2018.0,0.0,1.0,0.0,3,1,3,0,0,0,1,1,1,1,0,1,2,1,1,10,2,7,0,0,0,1,2,0,7,2,5,3,9
2018.0,-37.0,1.0,0.0,3,6,3,0,0,0,1,1,1,1,0,1,1,1,1,15,2,7,0,0,0,1,1,0,7,8,5,8,3
2018.0,137.0,0.0,0.0,3,6,3,0,0,0,1,7,1,1,0,1,5,1,1,15,2,7,0,0,0,1,1,0,7,8,5,8,2
2018.0,-131.0,1.0,0.0,2,6,3,0,0,0,0,1,1,1,0,1,1,1,1,17,2,7,0,1,0,1,0,0,6,8,5,8,3
2018.0,0.0,2.0,0.0,2,4,3,0,0,0,1,5,1,1,0,1,2,1,1,19,2,7,0,1,0,1,1,0,7,2,5,9,3
2018.0,0.0,0.0,0.0,3,4,4,0,0,0,0,5,1,1,0,1,1,1,1,19,2,7,0,1,0,1,0,0,7,2,5,9,3
2018.0,483.0,4.0,0.0,2,4,0,0,0,0,0,7,1,1,0,1,2,1,1,20,2,7,0,0,0,1,1,0,6,2,5,3,9
2018.0,195.0,0.0,0.0,3,6,3,0,0,0,0,1,1,1,0,0,1,1,1,6,3,7,0,0,0,1,1,0,6,8,5,8,3
2018.0,100.0,0.0,0.0,3,6,3,0,0,0,1,9,1,1,0,1,9,1,1,7,3,7,0,1,0,1,2,0,7,8,5,8,3
2018.0,150.0,0.0,0.0,3,10,3,0,0,0,0,4,1,1,0,0,2,1,1,12,3,7,0,0,0,1,1,0,6,9,5,3,9
2018.0,-200.0,0.0,0.0,3,12,5,4,3,0,2,8,1,1,0,1,5,1,1,12,3,7,0,0,0,0,1,0,8,5,5,5,5
2018.0,-203.0,1.0,0.0,2,5,3,0,0,0,1,5,1,1,2,1,9,1,1,12,3,7,0,0,0,1,2,0,6,2,5,3,9
2018.0,250.0,3.0,0.0,2,1,3,0,0,0,0,1,1,1,0,0,5,1,1,17,3,7,0,1,0,1,1,0,6,2,5,3,3
2018.0,72.0,0.0,0.0,3,6,3,0,0,0,1,9,1,0,0,0,9,1,1,17,3,7,0,1,0,1,1,0,7,8,5,3,3
2018.0,-260.0,1.0,0.0,2,6,3,0,0,0,1,1,1,1,0,1,1,1,1,17,3,7,0,1,0,2,0,0,6,8,5,8,3