Year,Distance,Totalinjuries,Totalfatalities,Injuryseverity,Collisionmanner,Lightcondition,Weather,SurfaceCondition,Unittype_One,Gender_Drv1,Traveldirection_One,AlcoholUse_Drv1,DrugUse_Drv1,Unittype_Two,Gender_Drv2,Traveldirection_Two,AlcoholUse_Drv2,DrugUse_Drv2,Hour,Weekday,Month,Weekend,Rush_Hour,Hazardous_Road,Age_Group_Drv1,Age_Group_Drv2,Substance_Use,Junction_Category,Violation_Category_Drv1,Violation_Category_Drv2,Unitaction_Category_Two,Unitaction_Category_One
2018.0,110.0,0.0,0.0,3,6,3,0,0,0,1,9,1,1,0,0,9,1,1,17,3,7,0,1,0,1,1,0,7,7,5,8,3
2018.0,0.0,0.0,0.0,3,4,3,0,0,0,1,9,1,1,0,1,1,1,1,18,3,7,0,1,0,2,1,0,7,2,5,3,9
2018.0,0.0,0.0,0.0,3,1,3,0,0,0,1,1,1,1,0,0,5,1,1,19,3,7,0,1,0,1,2,0,7,7,5,3,3
2018.0,222.0,1.0,0.0,1,5,0,1,0,3,1,9,0,1,0,0,5,1,1,22,3,7,0,0,0,2,1,0,6,2,5,3,7
2018.0,90.0,2.0,0.0,2,6,3,0,0,0,1,9,1,1,0,1,9,1,1,8,4,7,0,1,0,1,1,0,7,8,5,8,3
2018.0,-43.0,1.0,0.0,2,5,3,0,0,0,2,1,1,1,3,1,1,1,1,9,4,7,0,1,0,0,1,0,7,2,5,7,9
2018.0,0.0,1.0,0.0,3,4,3,0,0,0,0,2,1,1,0,1,6,1,1,9,4,7,0,1,0,0,0,0,7,5,5,9,3
2018.0,0.0,1.0,0.0,3,4,3,0,0,0,0,7,1,1,0,1,2,1,1,12,4,7,0,0,0,2,1,0,7,2,5,3,9
2018.0,556.0,0.0,0.0,3,10,3,0,0,0,1,9,1,1,0,0,9,1,1,14,4,7,0,0,0,2,1,0,6,9,5,3,2
2018.0,215.0,0.0,0.0,3,6,3,0,0,0,0,9,1,1,0,0,9,1,1,14,4,7,0,0,0,2,1,0,6,8,5,8,8
2018.0,55.0,0.0,0.0,3,6,3,1,0,0,0,1,1,1,0,1,1,1,1,15,4,7,0,0,0,2,1,0,6,9,5,3,3
2018.0,-75.0,0.0,0.0,3,6,0,0,3,0,1,2,1,1,0,1,2,1,1,20,4,7,0,0,0,2,1,0,7,5,5,5,5
2018.0,0.0,0.0,0.0,3,1,0,0,0,0,1,9,1,1,0,0,9,1,1,21,4,7,0,0,0,1,1,0,7,4,8,3,9
2018.0,0.0,1.0,0.0,1,1,0,0,0,0,1,5,0,1,0,1,9,1,1,22,4,7,0,0,0,1,1,0,7,2,5,3,9
2018.0,0.0,1.0,0.0,3,4,3,0,0,0,0,6,1,1,0,1,1,1,1,11,5,7,1,0,0,1,2,0,7,2,5,3,9
2018.0,0.0,0.0,0.0,3,5,3,0,0,0,0,9,1,1,0,1,1,1,1,11,5,7,1,0,0,0,1,0,7,4,5,3,9
2018.0,95.0,0.0,0.0,3,6,3,1,0,0,0,2,1,1,0,1,2,1,1,11,5,7,1,0,0,0,2,0,6,7,5,9,3
2018.0,-98.0,0.0,0.0,3,1,3,0,0,0,1,6,1,1,0,1,5,1,1,11,5,7,1,0,0,1,1,0,6,4,5,3,9
2018.0,0.0,1.0,0.0,3,1,3,0,0,0,1,2,1,1,0,1,1,1,1,13,5,7,1,0,0,1,1,0,7,2,5,3,8
2018.0,0.5,4.0,0.0,2,1,3,0,0,0,0,1,1,1,0,0,5,1,1,14,5,7,1,0,0,1,1,0,7,2,5,3,3
2018.0,-87.0,0.0,0.0,3,1,3,0,0,0,2,7,1,1,0,0,9,1,1,15,5,7,1,0,0,0,0,0,6,4,5,3,9
2018.0,225.0,0.0,0.0,3,4,3,0,0,0,0,9,1,1,0,0,1,1,1,18,5,7,1,1,0,1,1,0,6,2,5,3,9
2018.0,-90.0,0.0,0.0,3,12,3,0,0,0,2,8,1,1,1,1,1,1,1,19,5,7,1,1,0,0,2,0,6,9,5,6,5
2018.0,0.0,1.0,0.0,2,4,0,0,0,0,1,1,1,1,0,0,9,1,1,21,5,7,1,0,0,2,2,0,7,2,5,9,3
2018.0,0.0,0.0,0.0,3,1,3,0,0,0,2,5,1,1,0,1,5,1,1,5,6,7,1,0,0,0,2,0,6,5,5,3,5
2018.0,0.0,0.0,0.0,3,1,3,0,0,0,0,1,1,1,0,0,2,1,1,11,6,7,1,0,0,2,1,0,7,2,5,3,3
2018.0,-25.0,0.0,0.0,3,6,3,0,0,0,1,1,1,1,0,1,1,1,1,17,6,7,1,1,0,0,1,0,7,7,5,8,8
2018.0,25.0,0.0,0.0,3,6,3,0,0,0,0,5,1,1,0,0,5,1,1,17,6,7,1,1,0,2,1,0,7,7,5,9,3
2018.0,0.0,3.0,0.0,2,1,3,0,0,0,0,9,1,1,0,0,2,1,1,17,6,7,1,1,0,0,0,0,7,2,5,3,3
2018.0,0.0,2.0,0.0,2,4,4,0,0,0,1,2,1,1,0,1,5,1,1,18,6,7,1,1,0,0,2,0,7,2,5,3,9
2018.0,0.0,0.0,0.0,3,4,3,0,0,0,1,1,1,1,0,1,7,1,1,7,0,7,0,1,0,2,1,0,7,5,5,9,3
2018.0,-25.0,0.0,0.0,3,6,3,0,0,0,0,1,1,1,0,0,1,1,1,8,0,7,0,1,0,1,0,0,7,7,5,9,9
2018.0,60.0,0.0,0.0,3,6,3,0,0,0,0,9,1,1,0,0,9,1,1,15,0,7,0,0,0,2,1,0,7,7,5,8,3
2018.0,0.0,0.0,0.0,3,5,3,0,0,0,0,9,1,1,0,0,1,1,1,15,0,7,0,0,0,1,1,0,7,5,5,3,9
2018.0,-510.0,0.0,0.0,3,6,3,0,0,0,1,1,1,1,0,0,1,1,1,16,0,7,0,1,0,1,1,0,6,7,5,8,3
2018.0,100.0,0.0,0.0,3,6,3,0,0,0,1,5,1,1,0,1,5,1,1,16,0,7,0,1,0,1,1,0,7,7,5,8,3
2018.0,0.0,1.0,0.0,2,5,3,0,0,2,0,1,1,1,0,0,7,1,1,16,0,7,0,1,0,2,0,0,7,5,5,9,5
2018.0,0.0,0.0,0.0,3,4,3,0,0,0,0,1,1,1,0,0,9,1,1,16,0,7,0,1,0,1,1,0,7,2,5,5,9
2018.0,0.0,1.0,0.0,3,4,3,0,0,0,1,9,1,1,0,1,1,1,1,18,0,7,0,1,0,2,1,0,7,2,5,3,9
2018.0,0.0,0.0,0.0,3,4,0,0,0,0,0,2,1,1,0,1,1,1,1,20,0,7,0,0,0,1,2,0,7,2,5,9,3
2018.0,-15.0,0.0,0.0,3,10,0,0,0,0,1,1,1,1,0,1,1,1,1,20,0,7,0,0,0,2,0,0,4,9,5,3,3
2018.0,110.0,0.0,0.0,3,6,3,0,0,0,1,9,1,1,0,0,9,1,1,6,1,7,0,0,0,1,1,0,7,7,5,8,3
2018.0,-137.0,0.0,0.0,3,6,3,0,0,0,1,2,1,1,0,1,2,1,1,11,1,7,0,0,0,1,1,0,7,8,5,8,3
2018.0,100.0,0.0,0.0,3,10,3,1,0,0,1,9,1,1,0,1,9,1,1,11,1,7,0,0,0,0,0,0,7,5,5,3,2
2018.0,0.0,0.0,0.0,3,4,3,0,0,0,1,5,1,1,0,1,2,1,1,11,1,7,0,0,0,2,1,0,7,5,5,3,9
2018.0,164.0,3.0,0.0,2,6,3,0,0,0,1,5,1,1,0,1,5,1,1,12,1,7,0,0,0,2,1,0,6,8,5,8,3
2018.0,-315.0,0.0,0.0,3,6,3,0,0,0,1,1,1,1,0,0,1,1,1,12,1,7,0,0,0,1,2,0,6,8,5,8,3
2018.0,-135.0,0.0,0.0,3,6,3,0,0,0,2,2,1,1,0,0,2,1,1,14,1,7,0,0,0,0,1,0,7,8,5,8,2
2018.0,70.0,1.0,0.0,3,6,3,0,0,0,2,9,1,1,0,0,9,1,1,15,1,7,0,0,0,0,1,0,7,8,5,8,3
2018.0,0.0,1.0,0.0,2,4,3,0,0,0,1,7,1,1,0,0,1,1,1,16,1,7,0,1,0,1,1,0,7,2,5,3,9
2018.0,0.0,2.0,0.0,2,1,3,0,0,0,1,9,1,1,0,1,5,1,1,16,1,7,0,1,0,0,1,0,7,2,5,3,8
2018.0,-90.0,0.0,0.0,3,6,3,0,0,0,1,1,1,1,0,1,1,1,1,17,1,7,0,1,0,2,1,0,7,8,5,8,3
2018.0,155.0,1.0,0.0,3,5,3,0,0,2,1,9,1,1,0,0,2,1,1,18,1,7,0,1,0,2,1,0,6,5,5,9,3
2018.0,-103.0,0.0,0.0,3,6,3,0,0,0,1,2,1,1,0,0,2,1,1,18,1,7,0,1,0,2,1,0,7,8,5,8,3
2018.0,0.0,1.0,0.0,2,3,0,0,0,0,1,1,1,1,0,0,5,1,1,21,1,7,0,0,0,1,1,0,7,4,5,3,9
2018.0,25.0,0.0,0.0,3,6,3,0,0,0,1,2,1,1,0,1,2,1,1,6,2,7,0,0,0,1,2,0,7,7,5,8,8
2018.0,-95.0,0.0,0.0,3,6,3,0,0,0,0,1,1,1,0,0,1,1,1,7,2,7,0,1,0,2,1,0,7,8,5,8,3
2018.0,-155.0,0.0,0.0,3,4,3,0,0,0,0,9,1,1,0,0,2,1,1,7,2,7,0,1,0,2,1,0,6,5,5,8,9
2018.0,-210.0,0.0,0.0,3,6,3,0,0,0,0,9,1,1,0,0,4,1,1,8,2,7,0,1,0,2,0,0,6,8,5,9,3
2018.0,5.0,0.0,0.0,3,12,5,0,0,0,2,8,1,1,0,0,5,1,1,9,2,7,0,1,0,0,1,0,7,5,5,6,5
2018.0,566.0,2.0,0.0,2,4,3,0,0,0,0,2,1,1,0,1,9,1,1,10,2,7,0,0,0,2,1,0,6,2,5,3,9
2018.0,707.0,0.0,0.0,3,1,3,0,0,0,1,5,1,1,0,1,9,1,1,11,2,7,0,0,0,1,1,0,6,2,5,3,3
2018.0,0.0,1.0,0.0,2,4,3,0,0,0,0,6,1,1,0,1,7,1,1,18,2,7,0,1,0,2,1,0,7,2,5,3,9
2018.0,5.0,2.0,0.0,2,5,4,0,0,0,1,9,1,1,3,1,2,1,1,19,2,7,0,1,0,1,1,0,7,5,5,7,3
2018.0,55.0,0.0,0.0,3,1,3,1,0,0,1,2,1,1,0,1,1,1,1,7,3,7,0,1,0,1,1,0,6,5,5,5,5
2018.0,-50.0,1.0,0.0,3,10,3,1,0,0,1,9,1,1,0,0,9,1,1,7,3,7,0,1,0,1,1,0,6,8,5,3,2
2018.0,275.0,0.0,0.0,3,6,3,0,0,0,0,5,1,1,0,1,5,1,1,8,3,7,0,1,0,1,1,0,6,8,5,8,3
2018.0,384.0,0.0,0.0,3,6,3,0,0,0,1,9,1,1,0,1,9,1,1,9,3,7,0,1,0,0,1,0,6,8,5,8,3
2018.0,-55.0,0.0,0.0,3,6,3,0,0,0,1,1,1,1,0,0,1,1,1,12,3,7,0,0,0,1,1,0,7,7,5,8,3
2018.0,0.1,0.0,0.0,3,9,3,0,0,0,1,5,1,1,0,1,9,1,1,12,3,7,0,0,0,2,1,0,6,5,4,9,3
2018.0,0.0,3.0,0.0,3,1,3,0,0,0,1,6,1,1,0,0,5,1,1,13,3,7,0,0,0,1,0,0,7,2,5,3,9
2018.0,0.0,2.0,0.0,2,4,3,0,0,0,0,1,1,1,0,1,9,1,1,15,3,7,0,0,0,1,1,0,7,2,5,3,9
2018.0,0.0,2.0,0.0,2,4,3,0,0,0,1,4,1,1,0,0,5,1,1,16,3,7,0,1,0,1,1,0,7,2,5,3,9
2018.0,0.0,2.0,0.0,2,4,3,0,0,0,0,1,1,1,0,1,9,1,1,16,3,7,0,1,0,1,1,0,7,2,5,3,9
2018.0,38.0,0.0,0.0,3,6,3,0,0,0,1,2,1,1,0,1,2,1,1,17,3,7,0,1,0,1,1,0,6,7,5,8,3
2018.0,191.0,1.0,0.0,2,6,3,0,0,0,1,5,1,1,0,1,5,1,1,17,3,7,0,1,0,2,1,0,7,8,5,8,3
2018.0,515.0,0.0,0.0,3,1,3,0,0,0,1,1,1,1,0,0,2,1,1,17,3,7,0,1,0,2,2,0,6,2,5,3,9
2018.0,-80.0,1.0,0.0,2,6,0,0,0,0,0,1,1,1,0,1,1,1,1,23,3,7,0,0,0,1,0,0,7,7,5,8,3
2018.0,135.0,0.0,0.0,3,4,3,0,0,0,0,2,1,1,0,1,1,1,1,8,4,7,0,1,0,1,2,0,6,2,5,3,9
2018.0,0.0,2.0,0.0,2,4,3,0,0,0,0,9,1,1,0,1,1,1,1,8,4,7,0,1,0,1,0,0,7,2,5,9,3
2018.0,0.0,1.0,0.0,3,1,3,0,0,0,1,9,1,1,0,0,2,1,1,8,4,7,0,1,0,2,1,0,7,2,5,3,3
2018.0,0.0,1.0,0.0,2,5,3,0,0,0,1,9,1,1,0,1,5,1,1,8,4,7,0,1,0,1,2,0,7,2,5,3,3
2018.0,-141.0,1.0,0.0,2,10,3,0,0,0,0,1,1,1,0,0,1,1,1,10,4,7,0,0,0,2,1,0,7,9,5,3,2
2018.0,80.0,0.0,0.0,3,6,3,0,0,0,1,9,1,1,0,1,9,1,1,11,4,7,0,0,0,2,1,0,7,8,5,8,3
2018.0,67.0,1.0,0.0,3,10,3,0,0,0,1,9,1,1,0,1,9,1,1,11,4,7,0,0,0,2,1,0,7,9,5,3,2
2018.0,-105.0,0.0,0.0,3,6,3,0,0,0,0,2,1,1,0,1,2,1,1,12,4,7,0,0,0,1,2,0,7,8,5,8,3
2018.0,-216.0,0.0,0.0,3,6,3,0,0,0,0,1,1,1,0,1,1,1,1,13,4,7,0,0,0,1,2,0,6,8,5,3,8
2018.0,0.0,0.0,0.0,3,5,3,0,0,0,1,9,1,1,0,1,5,1,1,13,4,7,0,0,0,1,1,0,7,5,5,5,5
2018.0,0.0,1.0,0.0,2,1,3,0,0,0,0,1,1,1,0,1,5,1,1,14,4,7,0,0,0,2,0,0,7,5,5,3,3
2018.0,-15.0,1.0,0.0,3,6,3,4,0,0,1,1,1,1,0,0,1,1,1,15,4,7,0,0,0,0,2,0,7,7,5,8,3
2018.0,808.0,2.0,0.0,3,6,3,0,0,0,1,9,1,1,0,1,9,1,1,15,4,7,0,0,0,1,1,0,6,8,5,8,3
2018.0,80.0,0.0,0.0,3,1,3,0,0,0,0,3,1,1,0,0,1,1,1,15,4,7,0,0,0,0,1,0,6,2,5,3,9
2018.0,388.0,2.0,0.0,3,1,3,0,0,0,0,2,1,1,0,0,5,1,1,15,4,7,0,0,0,1,1,0,6,2,5,3,9
2018.0,0.0,1.0,0.0,2,12,3,0,0,0,1,2,1,1,0,1,2,1,1,16,4,7,0,1,0,1,1,0,7,5,5,5,5
2018.0,-243.0,0.0,0.0,3,1,3,0,0,0,0,1,1,1,0,1,5,1,1,16,4,7,0,1,0,2,2,0,6,2,5,5,5
2018.0,0.0,2.0,0.0,2,1,3,0,0,0,1,5,1,1,0,1,9,1,1,17,4,7,0,1,0,2,2,0,7,2,5,3,9
2018.0,0.0,1.0,0.0,2,1,3,0,0,0,0,5,1,1,0,1,9,1,1,17,4,7,0,1,0,2,1,0,7,2,5,3,9
2018.0,-407.0,2.0,0.0,2,1,4,0,0,0,1,9,1,1,0,1,2,1,1,18,4,7,0,1,0,1,1,0,6,2,5,3,9
2018.0,0.0,0.0,0.0,3,4,0,0,0,0,1,5,1,1,0,0,5,1,1,21,4,7,0,0,0,2,1,0,7,4,5,3,9
2018.0,185.0,0.0,0.0,3,1,3,0,0,0,0,2,1,1,0,0,9,1,1,11,5,7,1,0,0,1,1,0,6,2,5,3,3
2018.0,0.0,0.0,0.0,3,4,3,0,0,0,0,5,1,1,0,1,9,1,1,12,5,7,1,0,0,1,1,0,7,2,5,5,9
2018.0,0.0,0.0,0.0,3,1,3,0,0,0,0,4,1,1,0,1,1,1,1,15,5,7,1,0,0,1,1,0,7,2,5,3,9
2018.0,0.0,0.0,0.0,3,4,3,0,3,0,0,1,1,1,0,1,9,1,1,16,5,7,1,1,0,2,0,0,7,2,5,3,9
2018.0,-170.0,1.0,0.0,2,5,0,0,0,0,2,5,1,1,2,1,5,1,1,20,5,7,1,0,0,0,2,0,6,9,5,3,3
2018.0,142.0,2.0,0.0,3,1,0,1,0,0,0,2,1,1,0,0,1,1,1,20,5,7,1,0,0,2,2,0,6,2,5,3,9
2018.0,-104.0,0.0,0.0,3,6,0,0,0,0,0,2,1,1,0,1,2,1,1,23,5,7,1,0,0,2,1,0,7,7,5,8,8
2018.0,-50.0,2.0,0.0,2,6,0,0,0,0,0,1,0,1,0,0,1,1,1,2,6,7,1,0,0,1,1,0,6,7,5,8,3
2018.0,0.0,0.0,0.0,3,4,0,3,4,0,0,7,1,1,0,1,1,1,1,3,6,7,1,0,1,2,1,0,7,4,5,3,9
2018.0,-25.0,0.0,0.0,3,6,3,0,0,0,1,2,1,1,0,0,2,1,1,6,6,7,1,0,0,1,2,0,7,7,5,8,3
2018.0,-750.0,1.0,0.0,3,6,3,0,0,0,0,9,1,1,0,1,9,1,1,7,6,7,1,1,0,2,1,0,6,7,5,3,3
2018.0,0.0,0.0,0.0,3,4,3,0,0,0,1,5,1,1,0,1,1,1,1,13,6,7,1,0,0,1,1,0,6,2,5,3,9
2018.0,0.0,0.0,0.0,3,1,3,0,0,0,1,1,1,1,0,0,7,1,1,13,6,7,1,0,0,1,0,0,7,2,5,9,3
2018.0,0.0,0.0,0.0,3,1,3,4,0,0,1,2,1,1,0,0,1,1,1,15,6,7,1,0,0,2,2,0,7,5,5,9,3
2018.0,-140.0,1.0,0.0,3,1,3,1,0,0,1,1,1,1,0,0,1,1,1,6,0,7,0,0,0,2,1,0,7,7,5,3,6
2018.0,0.0,0.0,0.0,3,6,3,0,0,0,1,9,1,1,0,1,9,1,1,7,0,7,0,1,0,1,2,0,7,7,5,8,8
2018.0,0.0,1.0,0.0,3,4,3,0,0,0,1,2,1,1,0,0,5,1,1,9,0,7,0,1,0,1,0,0,7,2,5,5,5
2018.0,0.0,0.0,0.0,3,1,3,0,0,0,0,1,1,1,0,1,2,1,1,10,0,7,0,0,0,1,0,0,7,2,5,9,3
2018.0,90.0,1.0,0.0,3,6,3,0,0,0,1,9,1,1,0,0,9,1,1,10,0,7,0,0,0,1,1,0,7,8,5,3,3
2018.0,-94.0,1.0,0.0,3,6,3,0,0,0,1,1,1,1,0,0,1,1,1,16,0,7,0,1,0,2,1,0,7,8,5,8,3
2018.0,51.0,0.0,0.0,3,10,3,0,0,0,0,2,1,1,0,0,2,1,1,16,0,7,0,1,0,2,2,0,6,9,5,3,2
2018.0,359.0,0.0,0.0,3,10,3,0,0,0,0,5,1,1,0,1,5,1,1,17,0,7,0,1,0,1,1,0,6,9,5,3,2
2018.0,-45.0,3.0,0.0,2,6,3,1,0,0,1,1,1,1,0,1,1,1,1,18,0,7,0,1,0,1,2,0,7,9,5,8,2
2018.0,-500.0,0.0,0.0,3,6,3,0,0,0,1,1,1,1,0,1,1,1,1,18,0,7,0,1,0,2,1,0,6,7,5,8,3
2018.0,-30.0,1.0,0.0,2,5,0,1,0,0,2,8,1,1,3,1,5,1,1,20,0,7,0,0,0,0,1,0,6,5,5,5,5
2018.0,-92.0,0.0,0.0,3,6,3,0,0,0,1,1,0,1,0,1,1,1,1,8,1,7,0,1,0,2,2,0,7,8,5,8,3
2018.0,0.0,2.0,0.0,2,1,3,0,0,0,0,2,1,1,0,1,9,1,1,8,1,7,0,1,0,2,1,0,7,2,5,9,3
2018.0,345.0,0.0,0.0,3,1,3,0,0,0,1,9,1,1,0,1,2,1,1,8,1,7,0,1,0,0,2,0,6,2,5,3,9
2018.0,-135.0,0.0,0.0,3,10,3,1,0,0,1,1,1,1,0,1,1,1,1,9,1,7,0,1,0,1,1,0,6,9,5,3,3
2018.0,0.0,1.0,0.0,3,1,3,1,0,0,0,1,1,1,0,0,1,1,1,10,1,7,0,0,0,1,0,0,7,4,5,9,9
2018.0,-630.0,0.0,0.0,3,4,3,0,0,0,0,9,1,1,0,1,1,1,1,13,1,7,0,0,0,1,1,0,6,2,5,3,9
2018.0,-535.0,0.0,0.0,3,6,3,0,0,0,2,2,1,1,0,1,2,1,1,14,1,7,0,0,0,0,1,0,0,5,5,9,3
2018.0,-130.0,0.0,0.0,3,6,3,0,0,0,1,1,1,1,0,1,1,1,1,15,1,7,0,0,0,0,1,0,7,8,5,8,3
2018.0,-68.0,0.0,0.0,3,6,3,0,0,0,0,1,1,1,0,1,1,1,1,17,1,7,0,1,0,2,1,0,7,8,5,8,3
2018.0,-97.0,0.0,0.0,3,6,3,0,0,0,0,2,1,1,0,1,2,1,1,17,1,7,0,1,0,1,1,0,7,8,5,3,3
2018.0,-927.0,0.0,0.0,3,4,3,0,0,0,1,9,1,1,0,1,1,1,1,17,1,7,0,1,0,0,2,0,6,2,5,9,9
2018.0,272.0,0.0,0.0,3,10,3,0,0,0,0,5,1,1,0,0,5,1,1,18,1,7,0,1,0,2,2,0,7,9,5,3,2
2018.0,111.0,0.0,0.0,3,3,3,4,0,0,2,1,1,1,1,1,1,1,1,18,1,7,0,1,0,0,1,0,6,5,5,6,3
2018.0,0.0,1.0,0.0,2,4,0,0,3,0,1,5,1,1,0,0,1,1,1,21,1,7,0,0,0,2,1,0,7,2,5,3,9
2018.0,-90.0,0.0,0.0,3,6,3,0,0,0,2,1,1,1,0,0,1,1,1,8,2,8,0,1,0,0,2,0,7,8,5,8,3
2018.0,-20.0,0.0,0.0,3,10,3,0,0,0,2,1,1,1,1,1,1,1,1,11,2,8,0,0,0,0,1,0,6,7,5,6,3
2018.0,-88.0,0.0,0.0,3,5,3,0,0,0,1,9,1,1,0,0,1,1,1,11,2,8,0,0,0,1,0,0,6,2,5,8,1
2018.0,0.0,1.0,0.0,3,1,3,0,0,0,1,9,1,1,0,1,5,1,1,11,2,8,0,0,0,1,1,0,7,2,5,9,3
2018.0,-57.0,1.0,0.0,2,10,3,0,0,0,0,5,1,1,0,1,5,1,1,13,2,8,0,0,0,0,1,0,7,9,5,9,9
2018.0,0.0,0.0,0.0,3,1,3,0,0,0,0,9,1,1,0,1,2,1,1,14,2,8,0,0,0,1,0,0,7,2,5,3,3
2018.0,-40.0,3.0,0.0,3,6,3,0,0,0,0,1,1,1,0,1,1,1,1,14,2,8,0,0,0,1,2,0,7,8,5,8,3
2018.0,178.0,2.0,0.0,2,6,3,0,0,0,0,1,1,1,0,0,1,1,1,15,2,8,0,0,0,2,1,0,6,8,5,8,3
2018.0,-66.0,0.0,0.0,3,10,3,0,0,0,0,1,1,1,0,1,1,1,1,16,2,8,0,1,0,2,1,0,7,2,5,9,3
2018.0,683.0,1.0,0.0,2,6,3,0,0,0,1,1,1,1,0,1,1,1,1,16,2,8,0,1,0,1,1,0,6,8,5,8,3
2018.0,302.0,0.0,0.0,3,1,3,0,0,0,1,1,1,1,0,0,5,1,1,16,2,8,0,1,0,1,1,0,6,2,5,3,9
2018.0,-375.0,0.0,0.0,3,4,3,0,0,0,0,2,1,1,0,0,5,1,1,16,2,8,0,1,0,2,1,0,6,2,5,3,9
2018.0,-66.0,1.0,0.0,2,6,3,0,0,0,1,1,1,1,0,0,1,1,1,16,2,8,0,1,0,1,1,0,7,8,5,3,3
2018.0,0.0,0.0,0.0,3,4,3,0,0,0,1,1,1,1,0,1,9,1,1,17,2,8,0,1,0,1,1,0,7,2,5,3,9
2018.0,119.0,1.0,0.0,2,6,3,0,0,0,0,1,1,1,0,1,1,1,1,17,2,8,0,1,0,2,1,0,0,8,5,8,3
2018.0,-85.0,0.0,0.0,3,3,0,0,0,0,1,1,0,1,1,1,9,1,1,1,3,8,0,0,0,1,1,0,6,8,5,8,3
2018.0,0.0,1.0,0.0,3,4,3,0,0,0,1,2,1,1,0,1,5,1,1,6,3,8,0,0,0,2,2,0,7,2,5,3,9
2018.0,60.0,0.0,0.0,3,6,3,4,0,0,1,2,1,1,0,1,2,1,1,7,3,8,0,1,0,0,1,0,7,7,5,8,3
2018.0,0.0,0.0,0.0,3,4,3,0,0,0,0,6,1,1,0,0,2,1,1,7,3,8,0,1,0,1,1,0,7,2,5,3,9
2018.0,0.0,0.0,0.0,3,4,3,0,0,0,0,9,1,1,0,1,1,1,1,8,3,8,0,1,0,2,1,0,7,2,5,3,9
2018.0,0.0,2.0,0.0,2,4,3,0,0,0,0,5,1,1,0,1,2,1,1,8,3,8,0,1,0,2,1,0,7,2,5,9,3
2018.0,412.0,0.0,0.0,3,1,3,0,0,0,1,9,1,1,0,1,2,1,1,10,3,8,0,0,0,2,1,0,6,2,5,3,9
2018.0,-90.0,0.0,0.0,3,5,3,0,0,0,1,7,1,1,0,0,1,1,1,12,3,8,0,0,0,1,2,0,7,5,5,8,1
2018.0,450.0,0.0,0.0,3,5,3,0,0,0,0,2,1,1,1,1,9,1,1,13,3,8,0,0,0,0,1,0,6,5,5,6,1
2018.0,-147.0,0.0,0.0,3,10,3,0,0,0,1,1,1,1,0,1,1,1,1,13,3,8,0,0,0,1,1,0,7,9,5,3,2
2018.0,-187.0,1.0,0.0,2,1,3,0,0,0,1,6,1,1,0,0,5,1,1,16,3,8,0,1,0,2,2,0,6,2,5,3,9
2018.0,48.0,0.0,0.0,3,4,3,1,0,0,1,1,1,1,0,0,2,1,1,18,3,8,0,1,0,1,1,0,7,2,5,3,9
2018.0,0.0,2.0,0.0,3,4,0,1,0,0,0,9,1,1,0,1,1,1,1,19,3,8,0,1,0,1,1,0,7,2,5,3,9
2018.0,0.0,0.0,0.0,3,4,0,0,4,0,1,9,1,1,0,1,1,1,1,21,3,8,0,0,1,2,2,0,7,2,5,3,9
2018.0,0.0,0.0,0.0,3,12,0,0,0,0,2,1,1,1,0,1,9,0,1,22,3,8,0,0,0,0,1,0,7,5,5,9,9
2018.0,-440.0,1.0,0.0,3,6,3,0,0,0,1,2,1,1,0,0,2,1,1,7,4,8,0,1,0,1,1,0,6,7,5,8,8
2018.0,323.0,1.0,0.0,3,1,3,0,0,0,0,5,1,1,0,0,5,1,1,9,4,8,0,1,0,1,2,0,0,2,5,3,9
2018.0,225.0,0.0,0.0,3,6,3,0,0,0,0,9,1,1,0,1,9,1,1,9,4,8,0,1,0,0,1,0,6,7,5,8,3
2018.0,71.0,0.0,0.0,3,6,3,0,0,0,1,5,1,1,0,1,5,1,1,14,4,8,0,0,0,2,1,0,7,5,5,8,3
2018.0,300.0,0.0,0.0,3,6,3,0,0,0,0,1,1,1,0,0,1,1,1,17,4,8,0,1,0,2,2,0,4,7,5,8,3
2018.0,-404.0,1.0,0.0,2,5,3,0,0,0,1,1,1,1,2,1,2,1,1,17,4,8,0,1,0,1,1,0,6,5,5,3,9
2018.0,0.0,0.0,0.0,3,1,0,0,0,0,0,1,1,1,0,1,5,1,1,23,4,8,0,0,0,1,2,0,7,5,5,9,3
2018.0,150.0,0.0,0.0,3,1,3,0,0,0,1,5,1,1,0,0,2,1,1,8,5,8,1,1,0,0,1,0,6,2,5,3,6
2018.0,150.0,0.0,0.0,3,6,3,0,0,0,1,1,1,1,0,1,1,1,1,12,5,8,1,0,0,1,1,0,6,7,5,8,3
2018.0,55.0,0.0,0.0,3,1,3,0,0,0,1,9,1,1,0,1,9,1,1,13,5,8,1,0,0,2,1,0,7,4,5,9,9
2018.0,0.0,4.0,0.0,2,1,3,0,0,0,0,1,1,1,0,1,2,1,1,14,5,8,1,0,0,2,2,0,7,5,5,3,3
2018.0,25.0,0.0,0.0,3,6,3,0,0,0,2,5,1,1,0,0,5,1,1,17,5,8,1,1,0,0,0,0,7,5,5,8,3
2018.0,0.0,0.0,0.0,3,6,3,0,0,0,2,1,1,1,0,0,1,1,1,18,5,8,1,1,0,0,2,0,7,7,5,3,3
2018.0,0.0,0.0,0.0,3,4,3,0,0,0,1,9,1,1,0,1,6,1,1,11,6,8,1,0,0,1,1,0,7,5,5,9,3
2018.0,-100.0,0.0,0.0,3,6,3,0,0,0,2,1,1,1,0,1,1,1,1,12,6,8,1,0,0,0,1,0,7,5,5,8,5