Year,Distance,Totalinjuries,Totalfatalities,Injuryseverity,Collisionmanner,Lightcondition,Weather,SurfaceCondition,Unittype_One,Gender_Drv1,Traveldirection_One,AlcoholUse_Drv1,DrugUse_Drv1,Unittype_Two,Gender_Drv2,Traveldirection_Two,AlcoholUse_Drv2,DrugUse_Drv2,Hour,Weekday,Month,Weekend,Rush_Hour,Hazardous_Road,Age_Group_Drv1,Age_Group_Drv2,Substance_Use,Junction_Category,Violation_Category_Drv1,Violation_Category_Drv2,Unitaction_Category_Two,Unitaction_Category_One
2018.0,706.0,0.0,0.0,3,4,3,0,0,0,1,1,1,1,0,0,9,1,1,15,6,8,1,0,0,2,2,0,6,2,5,3,9
2018.0,56.0,0.0,0.0,3,1,3,0,0,0,0,5,1,1,0,1,5,1,1,7,0,8,0,1,0,2,1,0,7,9,5,3,2
2018.0,-15.0,0.0,0.0,3,6,3,0,0,0,1,1,1,1,0,0,1,1,1,7,0,8,0,1,0,1,1,0,7,8,5,3,3
2018.0,-80.0,0.0,0.0,3,6,3,0,0,0,2,2,1,1,0,1,2,1,1,9,0,8,0,1,0,0,1,0,7,8,5,8,3
2018.0,225.0,0.0,0.0,3,10,3,0,0,0,2,5,1,1,0,0,5,1,1,10,0,8,0,0,0,0,1,0,6,4,5,8,2
2018.0,335.0,0.0,0.0,3,4,3,0,0,0,1,2,1,1,0,0,1,1,1,11,0,8,0,0,0,1,0,0,6,2,5,3,9
2018.0,780.0,0.0,0.0,3,1,3,4,3,0,2,7,1,1,0,0,1,1,1,12,0,8,0,0,0,0,0,0,6,5,5,9,9
2018.0,0.0,1.0,0.0,2,4,3,0,0,0,0,9,1,1,0,0,1,1,1,12,0,8,0,0,0,1,0,0,7,2,5,3,9
2018.0,323.0,0.0,0.0,3,6,3,0,0,0,1,1,1,1,0,1,1,1,1,12,0,8,0,0,0,0,0,0,6,8,5,8,3
2018.0,0.0,0.0,0.0,3,4,3,0,0,0,0,9,1,1,0,1,1,1,1,13,0,8,0,0,0,1,2,0,7,4,5,3,9
2018.0,-50.0,0.0,0.0,3,6,3,0,0,0,0,5,1,1,0,1,5,1,1,13,0,8,0,0,0,2,1,0,6,5,7,5,5
2018.0,53.0,0.0,0.0,3,6,3,0,0,0,1,5,1,1,0,1,5,1,1,14,0,8,0,0,0,1,1,0,7,8,5,8,3
2018.0,-203.0,2.0,0.0,2,6,3,0,0,0,0,1,1,1,0,0,1,1,1,15,0,8,0,0,0,2,1,0,6,8,5,8,3
2018.0,0.0,2.0,0.0,1,4,3,0,0,0,1,2,1,1,0,1,5,1,1,15,0,8,0,0,0,1,1,0,7,2,5,3,9
2018.0,-90.0,0.0,0.0,3,6,3,0,0,0,1,9,1,1,0,1,9,1,1,15,0,8,0,0,0,2,1,0,6,7,5,8,3
2018.0,30.0,0.0,0.0,3,6,3,0,0,0,0,9,1,1,0,0,9,1,1,16,0,8,0,1,0,1,2,0,7,7,5,8,3
2018.0,0.0,0.0,0.0,3,6,3,0,0,0,1,2,1,1,0,0,4,1,1,17,0,8,0,1,0,2,1,0,7,7,5,9,3
2018.0,135.0,0.0,0.0,3,10,0,0,0,0,0,1,1,1,0,1,1,1,1,21,0,8,0,0,0,2,1,0,6,9,5,3,2
2018.0,-75.0,0.0,0.0,3,6,3,0,0,0,1,1,1,1,0,0,1,1,1,7,1,8,0,1,0,1,1,0,7,7,5,8,3
2018.0,0.0,0.0,0.0,3,4,3,0,0,0,1,3,1,1,0,0,9,1,1,7,1,8,0,1,0,1,1,0,7,2,5,3,9
2018.0,175.0,0.0,0.0,3,6,3,0,0,0,1,9,1,1,0,1,9,1,1,8,1,8,0,1,0,1,1,0,6,8,5,8,3
2018.0,36.0,0.0,0.0,3,10,3,0,0,0,1,1,1,1,0,1,1,1,1,10,1,8,0,0,0,1,1,0,6,9,5,3,2
2018.0,512.0,1.0,0.0,3,6,3,0,0,0,0,5,1,1,0,0,5,1,1,11,1,8,0,0,0,1,1,0,6,8,5,3,3
2018.0,-110.0,4.0,0.0,2,6,3,0,0,0,1,1,1,0,0,0,1,1,1,12,1,8,0,0,0,1,0,0,7,7,5,8,3
2018.0,-31.0,0.0,0.0,3,10,3,0,0,0,0,5,1,1,0,0,5,1,1,13,1,8,0,0,0,1,1,0,7,5,5,9,9
2018.0,0.0,0.0,0.0,3,6,3,0,0,0,1,6,1,1,0,0,6,1,1,14,1,8,0,0,0,1,1,0,7,8,5,9,9
2018.0,-132.0,0.0,0.0,3,6,3,0,0,0,1,1,1,1,0,0,1,1,1,15,1,8,0,0,0,1,1,0,7,5,5,9,3
2018.0,0.0,1.0,0.0,3,4,3,4,0,0,1,1,1,1,0,0,9,1,1,15,1,8,0,0,0,1,1,0,7,2,5,3,9
2018.0,-324.0,0.0,0.0,3,6,3,0,0,0,0,1,1,1,0,1,1,1,1,15,1,8,0,0,0,1,1,0,6,8,5,8,3
2018.0,-175.0,0.0,0.0,3,6,3,0,0,0,0,5,1,1,0,0,5,1,1,16,1,8,0,1,0,2,1,0,6,8,5,9,3
2018.0,100.0,0.0,0.0,3,10,3,0,0,0,1,6,1,1,0,1,6,1,1,17,1,8,0,1,0,1,1,0,7,9,5,9,9
2018.0,-189.0,0.0,0.0,3,6,3,0,0,0,0,1,1,1,0,1,1,1,1,17,1,8,0,1,0,1,1,0,6,8,5,3,8
2018.0,-375.0,0.0,0.0,3,6,3,0,0,0,1,5,1,1,0,0,5,1,1,18,1,8,0,1,0,1,0,0,6,8,5,8,3
2018.0,0.0,0.0,0.0,3,4,4,0,0,0,0,9,1,1,0,1,5,1,1,18,1,8,0,1,0,1,2,0,7,7,5,9,3
2018.0,0.0,0.0,0.0,3,4,0,0,0,0,1,1,1,1,0,1,9,1,1,20,1,8,0,0,0,1,2,0,7,2,5,3,9
2018.0,100.0,0.0,0.0,3,6,0,3,4,0,1,5,1,1,0,0,5,1,1,21,1,8,0,0,1,2,2,0,7,2,5,8,1
2018.0,0.0,0.0,0.0,3,4,0,3,4,0,1,9,1,1,0,0,1,1,1,22,1,8,0,0,1,1,1,0,7,2,5,9,3
2018.0,-98.0,0.0,0.0,3,6,3,0,0,0,0,2,1,1,0,1,2,1,1,7,2,8,0,1,0,0,0,0,7,8,5,8,3
2018.0,0.0,2.0,0.0,3,6,3,1,0,0,0,4,1,1,0,0,4,1,1,7,2,8,0,1,0,1,2,0,7,7,5,8,8
2018.0,-84.0,0.0,0.0,3,6,3,0,0,0,1,1,1,1,0,0,1,1,1,9,2,8,0,1,0,1,1,0,7,8,5,8,3
2018.0,130.0,0.0,0.0,3,10,3,0,0,0,1,5,1,1,0,0,5,1,1,11,2,8,0,0,0,0,1,0,7,9,5,3,2
2018.0,-260.0,1.0,0.0,2,4,3,0,0,0,1,5,1,1,0,1,2,1,1,13,2,8,0,0,0,1,0,0,6,2,5,3,9
2018.0,0.0,0.0,0.0,3,9,3,0,0,0,2,2,1,1,0,0,5,1,1,13,2,8,0,0,0,0,1,0,7,5,5,8,3
2018.0,427.0,1.0,0.0,2,10,3,0,0,0,0,9,1,1,0,0,2,1,1,14,2,8,0,0,0,1,1,0,6,2,5,3,9
2018.0,-330.0,1.0,0.0,3,10,3,0,0,0,1,5,1,1,0,0,5,1,1,17,2,8,0,1,0,1,1,0,6,5,5,9,9
2018.0,209.0,0.0,0.0,3,1,3,0,0,0,0,5,1,1,0,0,9,1,1,17,2,8,0,1,0,1,1,0,6,2,5,3,9
2018.0,-25.0,0.0,0.0,3,10,3,4,0,0,2,1,1,1,0,0,1,1,1,18,2,8,0,1,0,0,1,0,7,5,5,2,2
2018.0,100.0,0.0,0.0,3,10,1,3,4,0,0,9,1,1,0,0,9,1,1,19,2,8,0,1,1,1,2,0,7,9,5,8,3
2018.0,0.0,0.0,0.0,3,1,1,3,4,0,1,5,1,1,0,0,9,1,1,19,2,8,0,1,1,1,2,0,7,5,5,3,3
2018.0,10.0,0.0,0.0,3,6,1,3,4,0,1,5,1,1,0,1,5,1,1,20,2,8,0,0,1,2,2,0,7,7,5,3,3
2018.0,70.0,1.0,0.0,2,6,1,3,4,0,1,5,0,1,0,1,5,1,1,20,2,8,0,0,1,2,1,0,7,8,5,8,3
2018.0,0.0,1.0,0.0,1,4,0,1,4,0,0,1,1,1,0,1,9,1,1,21,2,8,0,0,1,1,2,0,7,7,5,3,9
2018.0,0.0,2.0,0.0,2,1,3,0,0,0,1,2,1,1,0,0,1,1,1,5,3,8,0,0,0,0,2,0,7,2,5,3,9
2018.0,-98.0,0.0,0.0,3,12,3,0,0,0,0,2,1,1,0,0,2,1,1,7,3,8,0,1,0,1,1,0,7,8,5,8,3
2018.0,0.0,2.0,0.0,2,4,3,0,0,0,0,1,1,1,0,1,9,1,1,7,3,8,0,1,0,1,2,0,7,2,5,3,9
2018.0,280.0,0.0,0.0,3,10,3,0,0,0,1,2,1,1,0,1,2,1,1,10,3,8,0,0,0,1,2,0,6,9,5,3,2
2018.0,-50.0,3.0,0.0,2,10,3,0,0,0,0,2,1,1,0,1,2,1,1,11,3,8,0,0,0,0,1,0,7,9,5,3,2
2018.0,163.0,0.0,0.0,3,1,3,0,0,0,1,5,1,1,0,0,5,1,1,12,3,8,0,0,0,0,1,0,0,5,5,9,3
2018.0,240.0,0.0,0.0,3,12,3,0,0,0,1,5,1,1,0,1,5,1,1,14,3,8,0,0,0,2,1,0,6,9,5,3,2
2018.0,-479.0,2.0,0.0,2,6,3,0,0,0,1,5,1,1,0,0,5,1,1,16,3,8,0,1,0,1,1,0,6,8,5,8,3
2018.0,-103.0,0.0,0.0,3,10,3,0,0,0,1,2,1,1,0,0,2,1,1,16,3,8,0,1,0,1,2,0,7,9,5,8,2
2018.0,0.0,0.0,0.0,3,4,3,0,0,0,1,2,1,1,0,1,5,1,1,18,3,8,0,1,0,2,2,0,7,2,5,9,3
2018.0,0.0,0.0,0.0,3,1,0,0,0,0,1,9,1,1,0,1,5,1,1,19,3,8,0,1,0,1,0,0,7,2,5,3,3
2018.0,250.0,0.0,0.0,3,10,0,0,0,0,0,5,1,1,0,1,5,1,1,4,4,8,0,0,0,2,1,0,6,2,5,3,9
2018.0,0.0,2.0,0.0,2,4,3,0,0,0,0,1,1,1,0,0,9,1,1,7,4,8,0,1,0,1,1,0,7,2,5,3,9
2018.0,0.0,0.0,0.0,3,10,3,0,0,0,1,5,1,1,0,0,5,1,1,9,4,8,0,1,0,1,2,0,7,4,5,9,9
2018.0,0.0,0.0,0.0,3,4,3,0,0,0,0,1,1,1,0,1,1,1,1,10,4,8,0,0,0,1,1,0,7,9,5,9,9
2018.0,-250.0,1.0,0.0,3,6,3,0,0,0,1,2,1,1,0,0,2,1,1,11,4,8,0,0,0,1,1,0,6,8,5,8,3
2018.0,87.0,0.0,0.0,3,10,3,0,0,0,1,5,1,1,0,1,5,1,1,12,4,8,0,0,0,1,2,0,7,9,5,9,2
2018.0,238.0,2.0,0.0,3,6,3,0,0,0,1,9,1,1,0,1,9,1,1,12,4,8,0,0,0,2,2,0,6,8,5,3,3
2018.0,265.0,0.0,0.0,3,6,3,0,0,0,0,1,1,1,0,1,1,1,1,13,4,8,0,0,0,2,1,0,6,9,5,3,2
2018.0,60.0,0.0,0.0,3,12,3,0,0,0,1,5,1,1,0,1,5,1,1,13,4,8,0,0,0,1,1,0,7,8,5,8,3
2018.0,200.0,1.0,0.0,1,3,4,0,0,0,1,9,0,1,0,1,1,1,1,20,4,8,0,0,0,1,1,0,6,9,5,3,3
2018.0,0.0,1.0,0.0,1,1,0,3,4,0,1,9,1,1,0,1,2,1,1,23,4,8,0,0,1,1,1,0,7,7,5,3,3
2018.0,370.0,0.0,0.0,3,1,3,0,0,0,1,2,1,1,0,1,9,1,1,5,5,8,1,0,0,1,1,0,0,2,5,3,9
2018.0,0.0,0.0,0.0,3,1,3,0,0,0,1,9,1,1,0,1,1,1,1,16,5,8,1,1,0,2,1,0,7,2,5,3,9
2018.0,10.0,0.0,0.0,3,10,3,0,0,0,1,2,1,1,0,0,2,1,1,17,5,8,1,1,0,1,0,0,7,2,5,3,9
2018.0,700.0,0.0,0.0,3,6,3,0,0,0,1,1,1,1,0,1,1,1,1,17,5,8,1,1,0,2,1,0,6,7,5,8,3
2018.0,-145.0,1.0,0.0,3,4,0,0,0,0,1,5,1,1,0,0,9,1,1,21,5,8,1,0,0,0,1,0,0,2,5,3,9
2018.0,0.0,3.0,0.0,2,1,0,0,0,0,1,9,0,1,0,1,5,1,1,2,6,8,1,0,0,1,1,0,7,2,5,3,3
2018.0,-700.0,0.0,0.0,3,12,5,4,0,0,2,8,1,1,1,1,9,1,1,8,6,8,1,1,0,0,1,0,6,5,5,6,5
2018.0,-83.0,0.0,0.0,3,6,3,0,0,0,1,5,1,1,0,1,5,1,1,9,6,8,1,1,0,1,1,0,6,7,5,8,3
2018.0,0.0,0.0,0.0,3,1,3,0,0,0,0,5,1,1,0,0,9,1,1,9,6,8,1,1,0,2,1,0,7,5,5,3,3
2018.0,0.0,0.0,0.0,3,1,3,0,0,0,1,9,1,1,0,0,5,1,1,12,6,8,1,0,0,1,0,0,7,2,5,3,3
2018.0,96.0,0.0,0.0,3,6,3,0,0,0,2,9,1,1,0,0,9,1,1,13,6,8,1,0,0,0,2,0,7,8,5,8,3
2018.0,-81.0,0.0,0.0,3,1,3,0,0,0,2,2,1,1,0,1,2,1,1,15,6,8,1,0,0,0,1,0,7,9,5,3,2
2018.0,-15.0,0.0,0.0,3,6,3,1,0,0,1,9,1,1,0,1,9,1,1,18,6,8,1,1,0,1,1,0,4,7,5,3,3
2018.0,-25.0,0.0,0.0,3,10,3,0,0,0,1,5,1,1,0,0,5,1,1,18,6,8,1,1,0,2,1,0,7,9,5,3,2
2018.0,0.0,2.0,0.0,3,1,3,3,4,0,1,5,1,1,0,0,9,1,1,18,6,8,1,1,1,0,2,0,4,2,5,3,3
2018.0,100.0,0.0,0.0,3,10,0,3,4,0,2,9,1,1,0,0,9,1,1,19,6,8,1,1,1,0,2,0,7,9,5,8,3
2018.0,-250.0,0.0,0.0,3,10,1,3,4,0,2,1,1,1,0,0,1,1,1,19,6,8,1,1,1,0,2,0,6,9,5,3,3
2018.0,-10.0,0.0,0.0,3,6,1,3,4,0,0,1,1,1,0,0,1,1,1,20,6,8,1,0,1,2,0,0,7,7,5,8,3
2018.0,0.0,1.0,0.0,3,1,1,3,4,0,0,5,1,1,0,1,1,1,1,20,6,8,1,0,1,2,2,0,7,5,5,3,5
2018.0,0.0,0.0,0.0,3,9,1,0,4,0,0,2,1,1,0,1,6,1,1,20,6,8,1,0,1,2,1,0,7,7,5,9,3
2018.0,200.0,0.0,0.0,3,1,1,3,4,0,1,2,1,1,0,1,5,1,1,20,6,8,1,0,1,0,2,0,7,4,5,3,9
2018.0,-453.0,0.0,0.0,3,9,0,0,0,0,0,5,1,1,0,1,1,1,1,21,6,8,1,0,0,2,0,0,6,5,5,8,9
2018.0,0.0,0.0,0.0,3,1,1,3,4,0,1,9,1,1,0,1,2,1,1,21,6,8,1,0,1,1,2,0,7,2,5,3,9
2018.0,253.0,2.0,0.0,1,3,0,1,0,0,1,2,0,1,0,0,5,1,1,23,6,8,1,0,0,1,0,0,6,5,5,5,3
2018.0,200.0,2.0,0.0,2,6,3,0,0,0,0,9,1,1,0,0,9,1,1,7,0,8,0,1,0,1,2,0,7,8,5,8,3
2018.0,235.0,2.0,0.0,3,4,3,0,0,0,0,5,1,1,0,0,9,1,1,7,0,8,0,1,0,1,1,0,0,2,5,3,9
2018.0,150.0,3.0,0.0,3,6,3,0,0,0,1,2,1,1,0,0,2,1,1,7,0,8,0,1,0,1,1,0,6,8,5,8,3
2018.0,326.0,0.0,0.0,3,6,3,0,0,0,1,2,1,1,0,1,2,1,1,10,0,8,0,0,0,2,1,0,6,7,5,8,3
2018.0,0.0,0.0,0.0,3,4,3,0,0,0,0,5,1,1,0,0,5,1,1,13,0,8,0,0,0,1,1,0,7,8,5,9,9
2018.0,-62.0,0.0,0.0,3,6,3,0,0,0,1,5,1,1,0,0,5,1,1,16,0,8,0,1,0,1,1,0,6,8,5,8,3
2018.0,360.0,1.0,0.0,2,1,3,0,0,0,0,2,1,1,0,0,1,1,1,16,0,8,0,1,0,2,1,0,6,2,5,3,3
2018.0,-120.0,0.0,0.0,3,6,3,0,0,0,0,1,1,1,0,0,1,1,1,16,0,8,0,1,0,1,2,0,7,5,5,8,5
2018.0,49.0,1.0,0.0,2,5,3,0,0,2,0,5,1,1,0,1,9,1,1,17,0,8,0,1,0,2,2,0,7,2,5,9,7
2018.0,-48.0,0.0,0.0,3,6,3,0,0,0,1,1,1,1,0,1,1,1,1,18,0,8,0,1,0,1,2,0,7,7,5,3,3
2018.0,0.0,1.0,0.0,3,4,0,0,0,0,1,1,1,1,0,1,9,1,1,21,0,8,0,0,0,2,2,0,7,5,5,8,9
2018.0,200.0,1.0,0.0,3,6,3,0,0,0,1,9,1,1,0,1,9,1,1,7,1,8,0,1,0,1,1,0,6,7,5,8,3
2018.0,60.0,0.0,0.0,3,6,3,0,0,0,1,9,1,1,0,0,9,1,1,11,1,8,0,0,0,2,1,0,7,8,5,8,3
2018.0,0.0,0.0,0.0,3,4,3,0,0,0,0,5,1,1,0,1,2,1,1,12,1,8,0,0,0,2,1,0,7,2,5,3,9
2018.0,-435.0,1.0,0.0,2,6,3,0,0,0,1,2,1,1,0,0,2,1,1,12,1,8,0,0,0,1,1,0,6,8,5,8,3
2018.0,-106.0,0.0,0.0,3,6,3,0,0,0,1,1,1,1,0,0,1,1,1,12,1,8,0,0,0,1,1,0,7,8,5,8,3
2018.0,0.0,2.0,0.0,2,1,3,0,0,0,1,9,1,1,0,1,4,1,1,13,1,8,0,0,0,1,1,0,7,2,5,9,3
2018.0,150.0,0.0,0.0,3,10,3,0,0,0,2,1,1,1,0,0,1,1,1,14,1,8,0,0,0,0,1,0,0,4,5,9,9
2018.0,277.0,1.0,0.0,3,6,3,0,0,0,1,9,1,1,0,1,9,1,1,14,1,8,0,0,0,1,1,0,7,8,5,8,3
2018.0,0.0,1.0,0.0,2,4,3,0,0,0,0,1,1,1,0,1,9,1,1,15,1,8,0,0,0,1,2,0,7,2,5,3,9
2018.0,-454.0,0.0,0.0,3,4,3,0,0,0,0,9,1,1,0,1,1,1,1,15,1,8,0,0,0,1,2,0,6,2,5,3,9
2018.0,-81.0,0.0,0.0,3,6,3,0,0,0,0,1,1,1,0,0,1,1,1,15,1,8,0,0,0,1,1,0,7,8,5,8,3
2018.0,-87.0,0.0,0.0,3,6,3,0,0,0,2,2,1,1,0,1,2,1,1,15,1,8,0,0,0,0,0,0,7,8,5,8,3
2018.0,-80.0,1.0,0.0,2,6,3,0,0,0,1,1,1,1,0,0,1,1,1,16,1,8,0,1,0,1,2,0,7,8,5,8,3
2018.0,30.0,0.0,0.0,3,6,3,0,0,0,0,5,1,1,0,1,5,1,1,16,1,8,0,1,0,0,1,0,6,7,5,8,3
2018.0,797.0,2.0,0.0,3,6,3,0,0,0,0,1,1,1,0,0,1,1,1,17,1,8,0,1,0,2,1,0,6,8,5,8,3
2018.0,-50.0,0.0,0.0,3,10,5,4,0,0,1,5,1,1,0,1,5,1,1,19,1,8,0,1,0,2,1,0,6,9,5,3,3
2018.0,-200.0,0.0,0.0,3,10,0,1,0,0,1,1,1,1,0,1,1,1,1,20,1,8,0,0,0,1,1,0,6,5,5,8,5
2018.0,100.0,1.0,0.0,3,5,0,0,0,0,1,9,1,1,0,1,2,1,1,21,1,8,0,0,0,2,2,0,6,2,5,3,9
2018.0,-100.0,0.0,0.0,3,6,0,0,0,0,1,2,1,1,0,0,2,1,1,21,1,8,0,0,0,1,2,0,7,7,5,3,3
2018.0,50.0,0.0,0.0,3,9,5,0,0,0,1,1,1,1,0,1,9,1,1,4,2,8,0,0,0,2,1,0,7,2,5,8,3
2018.0,28.0,0.0,0.0,3,1,3,0,0,0,1,5,1,1,0,1,9,1,1,6,2,8,0,0,0,1,1,0,7,9,5,8,9
2018.0,150.0,1.0,0.0,2,6,3,0,0,0,1,5,1,1,0,1,5,1,1,7,2,8,0,1,0,1,1,0,7,8,5,8,3
2018.0,-98.0,0.0,0.0,3,6,3,0,0,0,0,1,1,1,0,0,1,1,1,8,2,8,0,1,0,1,1,0,7,8,5,8,3
2018.0,150.0,1.0,0.0,3,10,3,1,0,0,0,1,1,1,0,0,1,1,1,10,2,8,0,0,0,2,1,0,6,9,5,3,2
2018.0,366.0,1.0,0.0,2,6,3,0,0,0,1,9,1,1,0,0,9,1,1,11,2,8,0,0,0,2,0,0,6,8,5,8,3
2018.0,0.0,0.0,0.0,3,10,3,1,0,0,1,5,1,1,0,1,5,1,1,13,2,8,0,0,0,1,1,0,7,2,5,9,9
2018.0,-252.0,1.0,0.0,1,1,3,0,0,0,1,1,1,1,3,0,9,1,1,13,2,8,0,0,0,2,2,0,0,9,5,7,0
2018.0,91.0,1.0,0.0,2,6,3,0,0,0,2,9,1,1,0,0,9,1,1,14,2,8,0,0,0,0,1,0,7,8,5,8,3
2018.0,-150.0,1.0,0.0,3,6,3,0,0,0,1,1,1,1,0,0,1,1,1,16,2,8,0,1,0,1,1,0,6,8,5,8,3
2018.0,-136.0,1.0,0.0,2,6,3,0,0,0,0,1,1,1,0,0,1,1,1,16,2,8,0,1,0,1,1,0,7,8,5,3,3
2018.0,-100.0,0.0,0.0,3,5,3,0,0,0,0,9,1,1,1,1,5,1,1,17,2,8,0,1,0,1,1,0,6,5,5,6,1
2018.0,86.0,2.0,0.0,2,6,3,0,0,0,0,1,1,1,0,0,1,1,1,17,2,8,0,1,0,0,1,0,6,8,5,8,3
2018.0,0.0,1.0,0.0,2,4,4,0,0,0,1,9,1,1,0,0,1,1,1,18,2,8,0,1,0,2,1,0,7,2,5,3,9
2018.0,304.0,3.0,0.0,2,5,3,0,0,0,1,4,1,1,2,1,9,1,1,7,3,8,0,1,0,1,2,0,6,5,5,3,9
2018.0,-500.0,0.0,0.0,3,4,3,0,0,0,1,5,1,1,0,0,2,1,1,7,3,8,0,1,0,1,1,0,7,2,5,3,9
2018.0,-380.0,0.0,0.0,3,1,3,1,0,0,1,1,1,1,0,0,5,1,1,9,3,8,0,1,0,1,1,0,6,2,5,3,9
2018.0,-178.0,0.0,0.0,3,5,3,0,0,0,1,9,1,1,1,1,5,1,1,9,3,8,0,1,0,1,1,0,6,5,5,8,1
2018.0,-75.0,2.0,0.0,3,6,3,0,0,0,1,2,1,1,0,1,2,1,1,9,3,8,0,1,0,1,1,0,7,8,5,8,3
2018.0,-160.0,0.0,0.0,3,1,3,0,0,0,0,2,1,1,0,1,1,1,1,11,3,8,0,0,0,1,2,0,6,2,5,3,9
2018.0,0.0,0.0,0.0,3,1,3,0,0,0,1,9,1,1,0,1,2,1,1,12,3,8,0,0,0,1,0,0,7,2,5,3,3
2018.0,-75.0,0.0,0.0,3,6,3,0,0,0,1,1,1,1,0,1,1,1,1,12,3,8,0,0,0,1,1,0,7,8,5,8,3
2018.0,143.0,1.0,0.0,2,6,3,0,0,0,1,9,1,1,0,1,9,1,1,13,3,8,0,0,0,2,2,0,7,8,5,8,3
2018.0,0.0,1.0,0.0,2,1,3,0,0,0,1,5,1,1,0,1,9,1,1,13,3,8,0,0,0,1,1,0,7,7,5,3,3
2018.0,820.0,0.0,0.0,3,10,3,0,0,0,1,9,1,1,0,1,9,1,1,14,3,8,0,0,0,0,0,0,6,9,5,3,0
2018.0,0.0,1.0,0.0,2,4,3,0,0,0,0,9,1,1,0,1,1,1,1,15,3,8,0,0,0,2,1,0,7,2,5,3,9
2018.0,280.0,0.0,0.0,3,6,3,1,0,0,1,2,1,1,0,0,2,1,1,15,3,8,0,0,0,2,1,0,7,8,5,8,3
2018.0,-138.0,1.0,0.0,3,10,3,0,0,0,1,2,1,1,0,1,2,1,1,16,3,8,0,1,0,1,1,0,7,5,5,5,5
2018.0,-115.0,0.0,0.0,3,1,3,0,0,0,2,1,1,1,0,0,5,1,1,16,3,8,0,1,0,0,2,0,6,2,5,3,9
2018.0,479.0,0.0,0.0,3,6,3,0,0,0,1,2,1,1,0,0,2,1,1,17,3,8,0,1,0,1,1,0,6,8,5,8,3
2018.0,206.0,0.0,0.0,3,4,3,0,0,0,0,1,1,1,0,0,5,1,1,17,3,8,0,1,0,1,1,0,6,2,5,3,9
2018.0,0.0,0.0,0.0,3,4,3,0,0,0,0,2,1,1,0,1,1,1,1,17,3,8,0,1,0,1,1,0,7,2,5,3,9
2018.0,-100.0,0.0,0.0,3,6,3,1,0,0,1,5,1,1,0,1,5,1,1,18,3,8,0,1,0,2,1,0,6,8,5,8,3
2018.0,-300.0,1.0,0.0,3,4,4,0,0,0,1,5,1,1,0,0,2,1,1,18,3,8,0,1,0,1,1,0,6,5,5,3,9
2018.0,60.0,0.0,0.0,3,6,0,0,0,0,1,5,1,1,0,1,5,1,1,23,3,8,0,0,0,0,0,0,7,7,5,8,8
2018.0,-163.0,2.0,0.0,2,6,3,0,0,0,1,1,0,1,0,0,1,1,1,6,4,8,0,0,0,2,1,0,6,8,5,8,3
2018.0,31.0,0.0,0.0,3,4,3,0,0,0,1,1,1,1,0,0,2,1,1,6,4,8,0,0,0,1,1,0,6,2,5,9,9
2018.0,0.0,0.0,0.0,3,4,3,0,0,0,1,5,1,1,0,0,5,1,1,7,4,8,0,1,0,1,1,0,7,5,5,9,3
2018.0,0.0,0.0,0.0,3,1,3,0,0,0,1,9,1,1,0,1,5,1,1,9,4,8,0,1,0,1,1,0,7,2,5,3,3
2018.0,-382.0,0.0,0.0,3,6,3,0,0,0,0,2,1,1,0,1,2,1,1,10,4,8,0,0,0,2,2,0,6,8,5,8,3
2018.0,60.0,0.0,0.0,3,6,3,0,0,0,1,5,1,1,0,0,5,1,1,11,4,8,0,0,0,2,2,0,7,7,5,8,8
2018.0,300.0,0.0,0.0,3,6,3,1,0,0,1,9,1,1,0,1,9,1,1,14,4,8,0,0,0,2,2,0,6,8,5,8,2
2018.0,-215.0,0.0,0.0,3,10,3,0,0,0,0,2,1,1,0,0,2,1,1,14,4,8,0,0,0,1,1,0,6,5,5,3,6
2018.0,93.0,1.0,0.0,3,6,3,0,0,0,1,1,1,1,0,1,1,1,1,15,4,8,0,0,0,2,1,0,7,8,5,8,3
2018.0,515.0,0.0,0.0,3,1,3,1,0,0,1,1,1,1,0,0,5,1,1,15,4,8,0,0,0,2,2,0,6,2,5,3,9
2018.0,0.0,1.0,0.0,3,4,3,0,0,0,0,2,1,1,0,1,5,1,1,16,4,8,0,1,0,1,1,0,7,2,5,3,9
2018.0,327.0,2.0,0.0,2,1,3,0,0,0,1,6,1,1,0,0,1,1,1,16,4,8,0,1,0,1,0,0,6,5,5,3,8
2018.0,35.0,0.0,0.0,3,10,3,0,0,0,1,1,1,1,0,0,1,1,1,17,4,8,0,1,0,1,0,0,6,9,5,3,2
2018.0,-362.0,0.0,0.0,3,6,5,4,0,0,0,1,1,1,0,1,1,1,1,17,4,8,0,1,0,1,2,0,6,5,7,9,8
2018.0,-325.0,0.0,0.0,3,12,3,0,3,0,1,1,1,1,0,1,1,1,1,18,4,8,0,1,0,2,2,0,6,5,5,3,6
2018.0,22.0,1.0,0.0,3,6,4,0,0,0,0,1,1,1,0,1,1,1,1,19,4,8,0,1,0,1,1,0,6,7,5,8,3
2018.0,-55.0,0.0,0.0,3,6,0,0,0,0,0,2,1,1,0,1,2,1,1,22,4,8,0,0,0,2,1,0,7,7,5,8,3
2018.0,0.0,1.0,0.0,2,4,3,0,0,0,1,2,1,1,0,0,1,1,1,7,5,8,1,1,0,0,2,0,7,4,5,3,9
2018.0,0.0,0.0,0.0,3,4,3,0,0,0,1,2,1,1,0,1,5,1,1,7,5,8,1,1,0,1,1,0,7,2,5,3,9
2018.0,0.0,0.0,0.0,3,4,3,4,0,0,1,5,1,1,0,0,2,1,1,8,5,8,1,1,0,0,0,0,7,2,5,3,9