Year,Distance,Totalinjuries,Totalfatalities,Injuryseverity,Collisionmanner,Lightcondition,Weather,SurfaceCondition,Unittype_One,Gender_Drv1,Traveldirection_One,AlcoholUse_Drv1,DrugUse_Drv1,Unittype_Two,Gender_Drv2,Traveldirection_Two,AlcoholUse_Drv2,DrugUse_Drv2,Hour,Weekday,Month,Weekend,Rush_Hour,Hazardous_Road,Age_Group_Drv1,Age_Group_Drv2,Substance_Use,Junction_Category,Violation_Category_Drv1,Violation_Category_Drv2,Unitaction_Category_Two,Unitaction_Category_One
2018.0,0.0,0.0,0.0,3,6,3,0,0,0,1,7,1,0,0,1,7,1,1,11,5,8,1,0,0,1,2,0,7,7,5,9,9
2018.0,0.0,1.0,0.0,3,10,3,1,0,0,1,1,1,1,0,1,1,1,1,12,5,8,1,0,0,1,1,0,7,9,5,9,9
2018.0,600.0,0.0,0.0,3,1,3,0,0,0,1,6,1,1,0,1,5,1,1,12,5,8,1,0,0,0,1,0,6,2,5,3,9
2018.0,75.0,0.0,0.0,3,6,3,0,0,0,1,2,1,1,0,0,2,1,1,13,5,8,1,0,0,2,2,0,6,7,5,8,3
2018.0,68.0,0.0,0.0,3,6,3,0,0,0,0,9,1,1,0,0,9,1,1,13,5,8,1,0,0,2,1,0,7,7,5,8,3
2018.0,0.0,3.0,0.0,3,1,3,0,0,0,0,1,1,1,0,0,5,1,1,13,5,8,1,0,0,2,1,0,7,5,5,3,3
2018.0,-20.0,0.0,0.0,3,6,3,0,0,0,1,1,1,1,0,0,1,1,1,14,5,8,1,0,0,1,2,0,7,8,5,8,3
2018.0,-10.0,0.0,0.0,3,1,3,0,0,0,1,1,1,1,0,0,1,1,1,15,5,8,1,0,0,1,1,0,7,9,5,3,2
2018.0,0.0,1.0,0.0,2,4,4,0,0,0,1,9,1,1,0,0,1,1,1,19,5,8,1,1,0,1,2,0,7,2,5,3,9
2018.0,640.0,0.0,0.0,3,4,0,0,0,0,0,9,1,1,0,1,1,1,1,20,5,8,1,0,0,1,1,0,6,5,5,3,9
2018.0,-90.0,0.0,0.0,3,10,0,0,0,0,1,9,1,1,0,0,9,1,1,20,5,8,1,0,0,0,1,0,6,9,5,3,2
2018.0,0.0,1.0,0.0,2,5,0,0,0,2,1,1,1,1,0,1,1,1,1,22,5,8,1,0,0,1,1,0,7,5,5,5,5
2018.0,0.0,0.0,0.0,3,1,0,0,0,0,1,5,1,1,0,1,9,1,1,23,5,8,1,0,0,0,1,0,7,2,5,3,3
2018.0,5.0,1.0,0.0,3,5,0,0,3,0,2,1,1,1,2,1,2,1,1,2,6,8,1,0,0,0,1,0,7,2,5,7,3
2018.0,-40.0,0.0,0.0,3,6,0,0,0,0,2,1,1,1,0,1,1,1,1,2,6,8,1,0,0,0,2,0,7,5,5,8,3
2018.0,-52.0,0.0,0.0,3,6,3,0,0,0,1,1,1,1,0,1,1,1,1,16,6,8,1,1,0,2,0,0,7,7,5,3,3
2018.0,-35.0,0.0,0.0,3,6,3,0,0,0,1,2,1,1,0,1,2,1,1,18,6,8,1,1,0,1,2,0,7,7,5,3,3
2018.0,25.0,0.0,0.0,3,12,0,0,0,0,2,8,1,1,0,0,2,1,1,21,6,8,1,0,0,0,0,0,6,5,5,3,5
2018.0,0.0,2.0,0.0,2,1,0,0,0,0,0,5,1,1,0,1,1,1,1,22,6,8,1,0,0,1,1,0,7,5,5,3,3
2018.0,0.0,4.0,0.0,2,1,3,0,0,0,0,5,1,1,0,0,9,1,1,8,0,8,0,1,0,1,1,0,7,2,5,3,9
2018.0,0.0,0.0,0.0,3,4,3,0,0,0,0,1,1,1,0,0,2,1,1,8,0,8,0,1,0,1,2,0,7,4,5,3,9
2018.0,149.0,1.0,0.0,2,4,3,0,0,0,1,3,1,1,0,1,2,1,1,8,0,8,0,1,0,2,1,0,6,2,5,3,9
2018.0,-450.0,0.0,0.0,3,10,3,0,0,0,1,9,1,1,0,1,9,1,1,9,0,8,0,1,0,1,0,0,6,9,5,3,2
2018.0,50.0,0.0,0.0,3,6,3,0,0,0,0,5,1,1,0,0,5,1,1,10,0,8,0,0,0,1,2,0,6,8,5,8,3
2018.0,0.0,0.0,0.0,3,6,3,0,0,0,0,1,1,1,0,0,1,1,1,10,0,8,0,0,0,2,0,0,7,8,5,8,3
2018.0,-125.0,1.0,0.0,3,6,3,0,0,0,1,1,1,1,0,1,1,1,1,11,0,8,0,0,0,2,0,0,7,8,5,8,3
2018.0,38.0,1.0,0.0,3,6,3,0,0,0,0,5,1,1,0,1,5,1,1,12,0,8,0,0,0,2,1,0,7,8,5,8,3
2018.0,97.0,0.0,0.0,3,6,3,0,0,0,0,5,1,1,0,1,5,1,1,13,0,8,0,0,0,2,1,0,7,8,5,8,3
2018.0,-50.0,1.0,0.0,3,6,3,0,0,0,0,1,1,1,0,1,1,1,1,14,0,8,0,0,0,2,1,0,7,8,5,8,3
2018.0,-78.0,0.0,0.0,3,6,3,0,0,0,0,2,1,1,0,0,2,1,1,14,0,8,0,0,0,1,1,0,7,8,5,8,3
2018.0,0.0,0.0,0.0,3,1,3,0,0,0,0,9,1,1,0,0,5,1,1,14,0,8,0,0,0,1,1,0,7,2,5,3,3
2018.0,250.0,0.0,0.0,3,6,3,0,0,0,0,5,1,1,0,1,5,1,1,14,0,8,0,0,0,1,1,0,6,5,5,5,5
2018.0,-400.0,0.0,0.0,3,6,3,0,0,0,1,1,1,1,0,0,1,1,1,16,0,8,0,1,0,0,0,0,6,9,5,3,9
2018.0,-150.0,0.0,0.0,3,6,3,0,0,0,0,5,1,1,0,0,5,1,1,17,0,8,0,1,0,1,1,0,6,8,5,8,3
2018.0,730.0,0.0,0.0,3,6,3,0,0,0,0,1,1,1,0,1,1,1,1,17,0,8,0,1,0,1,1,0,6,8,5,9,8
2018.0,300.0,0.0,0.0,3,6,0,0,0,0,1,2,1,1,0,0,2,1,1,20,0,8,0,0,0,2,1,0,6,7,5,8,3
2018.0,0.0,1.0,0.0,2,4,0,0,0,0,0,5,1,1,0,1,2,1,1,22,0,8,0,0,0,2,2,0,7,2,5,3,9
2018.0,-50.0,0.0,0.0,3,1,3,1,0,0,0,5,1,1,0,1,5,1,1,7,1,8,0,1,0,1,2,0,6,2,5,9,3
2018.0,-216.0,0.0,0.0,3,4,3,0,0,0,1,5,1,1,0,1,5,1,1,8,1,8,0,1,0,1,1,0,6,2,5,3,9
2018.0,0.0,2.0,0.0,3,4,3,0,0,0,1,7,1,1,0,1,2,1,1,8,1,8,0,1,0,1,1,0,7,2,5,3,9
2018.0,500.0,0.0,0.0,3,10,3,0,0,0,1,1,1,1,0,0,1,1,1,8,1,8,0,1,0,2,1,0,6,9,5,3,9
2018.0,-155.0,0.0,0.0,3,10,3,0,0,0,0,1,1,1,0,1,1,1,1,10,1,8,0,0,0,2,1,0,6,9,5,8,2
2018.0,-330.0,1.0,0.0,3,5,4,0,0,0,1,9,1,1,2,1,9,1,1,10,1,8,0,0,0,2,2,0,6,5,5,3,8
2018.0,320.0,0.0,0.0,3,1,3,0,0,0,1,9,1,1,0,1,9,1,1,10,1,8,0,0,0,1,1,0,6,2,5,2,5
2018.0,-480.0,0.0,0.0,3,1,3,0,0,0,0,5,1,1,0,1,1,1,1,11,1,8,0,0,0,1,1,0,6,2,5,3,9
2018.0,-476.0,1.0,0.0,2,6,3,0,0,0,1,5,1,1,0,1,5,1,1,11,1,8,0,0,0,1,2,0,6,8,5,8,3
2018.0,-258.0,1.0,0.0,2,4,3,0,0,0,1,2,1,1,0,1,5,1,1,13,1,8,0,0,0,2,0,0,6,2,5,3,9
2018.0,-287.0,0.0,0.0,3,6,3,0,0,0,1,2,1,1,0,1,2,1,1,14,1,8,0,0,0,0,0,0,6,8,5,8,3
2018.0,-142.0,0.0,0.0,3,6,3,0,0,0,0,1,1,1,0,0,1,1,1,17,1,8,0,1,0,1,0,0,7,8,5,8,3
2018.0,-172.0,0.0,0.0,3,6,3,0,0,0,0,1,1,1,0,0,1,1,1,17,1,8,0,1,0,1,1,0,6,8,5,8,3
2018.0,0.0,0.0,0.0,3,1,3,0,0,0,1,9,1,1,0,0,2,1,1,17,1,8,0,1,0,1,1,0,7,2,5,3,9
2018.0,-40.0,1.0,0.0,3,6,3,0,0,0,1,2,1,1,0,0,2,1,1,18,1,8,0,1,0,2,1,0,7,7,5,3,3
2018.0,150.0,0.0,0.0,3,6,0,0,0,0,1,2,1,1,0,0,2,1,1,19,1,8,0,1,0,1,1,0,6,8,5,8,3
2018.0,-10.0,0.0,0.0,3,6,0,0,0,0,2,9,1,1,0,1,9,1,1,20,1,8,0,0,0,0,2,0,7,7,5,8,8
2018.0,0.0,0.0,0.0,3,1,0,0,3,0,0,1,1,1,0,0,2,1,1,23,1,8,0,0,0,1,1,0,7,2,5,3,3
2018.0,-210.0,0.0,0.0,3,6,3,0,0,0,0,5,1,1,0,0,5,1,1,7,2,8,0,1,0,2,1,0,6,8,5,8,3
2018.0,0.0,0.0,0.0,3,4,3,0,0,0,1,5,1,1,0,1,5,1,1,8,2,8,0,1,0,1,1,0,7,9,5,9,9
2018.0,-531.0,1.0,0.0,3,5,3,0,0,0,1,9,1,1,0,0,9,1,1,11,2,8,0,0,0,2,1,0,6,5,5,9,1
2018.0,-310.0,1.0,0.0,2,1,3,0,0,0,1,9,1,1,0,1,1,1,1,15,2,8,0,0,0,1,1,0,6,2,5,3,9
2018.0,163.0,0.0,0.0,3,6,3,0,0,0,0,1,1,1,0,0,1,1,1,16,2,8,0,1,0,1,1,0,6,8,5,8,3
2018.0,65.0,0.0,0.0,3,6,3,0,0,0,1,1,1,1,0,1,1,1,1,16,2,8,0,1,0,0,1,0,6,7,5,3,3
2018.0,125.0,0.0,0.0,3,6,3,0,0,0,1,5,1,1,0,0,5,1,1,17,2,8,0,1,0,1,1,0,7,8,5,8,3
2018.0,278.0,1.0,0.0,2,1,3,0,0,3,1,5,1,1,0,0,9,1,1,17,2,8,0,1,0,1,1,0,6,6,5,8,7
2018.0,-490.0,0.0,0.0,3,1,3,0,0,0,1,2,1,1,0,1,1,1,1,17,2,8,0,1,0,1,1,0,6,2,5,3,9
2018.0,-25.0,0.0,0.0,3,4,3,1,0,0,1,2,1,1,0,1,9,1,1,18,2,8,0,1,0,1,2,0,7,2,5,3,9
2018.0,0.0,0.0,0.0,3,4,4,0,0,0,0,9,1,1,0,0,1,1,1,18,2,8,0,1,0,1,1,0,7,2,5,9,3
2018.0,0.0,1.0,0.0,3,1,0,1,0,0,1,1,1,1,0,1,5,1,1,4,3,8,0,0,0,1,1,0,7,2,5,3,9
2018.0,0.0,2.0,0.0,2,1,3,0,0,0,1,2,1,1,0,1,9,1,1,7,3,8,0,1,0,0,1,0,7,2,5,3,9
2018.0,-52.0,0.0,0.0,3,6,3,0,0,0,0,1,1,1,0,1,1,1,1,7,3,8,0,1,0,1,1,0,6,8,5,8,3
2018.0,258.0,1.0,0.0,2,4,3,0,0,0,0,7,1,1,0,1,2,1,1,8,3,8,0,1,0,1,1,0,6,2,5,3,9
2018.0,315.0,9.0,0.0,2,6,3,0,0,0,1,5,1,1,0,0,5,1,1,8,3,8,0,1,0,1,1,0,7,8,5,8,3
2018.0,-130.0,0.0,0.0,3,6,3,0,0,0,0,2,1,1,0,1,2,1,1,8,3,8,0,1,0,1,0,0,7,7,5,8,3
2018.0,127.0,0.0,0.0,3,6,3,0,0,0,1,9,1,1,0,0,1,1,1,12,3,8,0,0,0,1,1,0,6,5,5,3,1
2018.0,-76.0,0.0,0.0,3,6,3,0,0,0,2,2,1,1,0,0,2,1,1,14,3,8,0,0,0,0,0,0,7,7,5,8,3
2018.0,-97.0,1.0,0.0,2,6,3,0,0,0,1,1,1,1,0,0,1,1,1,15,3,8,0,0,0,1,2,0,7,8,5,8,3
2018.0,-54.0,2.0,0.0,3,6,3,0,0,0,0,1,1,1,0,1,1,1,1,15,3,8,0,0,0,2,2,0,7,7,5,8,3
2018.0,120.0,1.0,0.0,3,6,3,1,0,0,1,1,1,1,0,1,1,1,1,15,3,8,0,0,0,2,1,0,6,8,5,8,3
2018.0,70.0,0.0,0.0,3,10,3,0,0,0,2,9,1,1,0,0,9,1,1,16,3,8,0,1,0,0,1,0,7,9,5,3,2
2018.0,-219.0,0.0,0.0,3,6,3,0,0,0,0,2,1,1,0,1,2,1,1,16,3,8,0,1,0,2,1,0,6,7,5,3,3
2018.0,-142.0,0.0,0.0,3,10,3,0,0,0,2,1,1,1,0,0,1,1,1,16,3,8,0,1,0,0,1,0,7,9,5,3,2
2018.0,20.0,0.0,0.0,3,5,3,0,0,0,1,2,1,1,0,0,2,1,1,17,3,8,0,1,0,1,2,0,6,5,5,3,3
2018.0,0.0,0.0,0.0,3,1,3,4,0,0,0,1,1,1,0,1,2,1,1,18,3,8,0,1,0,1,1,0,7,7,5,3,3
2018.0,-630.0,0.0,0.0,3,4,0,0,4,0,0,1,1,1,0,1,9,1,1,23,3,8,0,0,1,2,1,0,6,5,5,3,9
2018.0,-270.0,0.0,0.0,3,1,3,0,0,0,1,1,1,1,0,1,5,1,1,9,4,8,0,1,0,1,1,0,6,2,5,3,9
2018.0,-91.0,1.0,0.0,3,10,3,0,0,0,1,2,1,1,0,0,2,1,1,10,4,8,0,0,0,0,2,0,7,4,5,3,9
2018.0,-52.0,0.0,0.0,3,1,3,1,0,0,1,5,1,1,0,0,9,1,1,10,4,8,0,0,0,0,1,0,6,2,5,3,9
2018.0,222.0,0.0,0.0,3,5,3,0,0,0,0,2,1,1,0,0,5,1,1,13,4,8,0,0,0,0,1,0,6,9,5,8,1
2018.0,0.0,1.0,0.0,3,4,3,0,0,0,0,6,1,1,0,1,9,1,1,13,4,8,0,0,0,2,1,0,7,2,5,3,9
2018.0,71.0,0.0,0.0,3,10,3,0,0,0,0,5,1,1,0,1,1,1,1,15,4,8,0,0,0,0,1,0,7,2,5,3,9
2018.0,22.0,0.0,0.0,3,1,3,0,0,0,0,3,1,1,0,0,1,1,1,15,4,8,0,0,0,2,1,0,7,2,5,3,9
2018.0,0.0,0.0,0.0,3,4,3,0,0,0,1,2,1,1,0,1,5,1,1,16,4,8,0,1,0,1,2,0,7,2,5,3,9
2018.0,-43.0,0.0,0.0,3,6,3,0,0,0,0,2,1,1,0,1,9,1,1,17,4,8,0,1,0,2,0,0,8,7,5,9,9
2018.0,-471.0,1.0,0.0,2,1,3,0,0,0,0,2,1,1,0,0,1,1,1,17,4,8,0,1,0,1,1,0,0,2,7,3,9
2018.0,250.0,0.0,0.0,3,4,3,0,0,0,1,5,1,1,0,0,1,1,1,18,4,8,0,1,0,2,1,0,6,2,5,3,9
2018.0,50.0,3.0,0.0,2,3,0,0,0,0,1,1,0,1,0,1,9,1,1,3,5,8,1,0,0,1,2,0,6,5,5,3,3
2018.0,360.0,0.0,0.0,3,4,3,0,0,0,1,9,1,1,0,1,1,1,1,7,5,8,1,1,0,0,1,0,0,2,5,3,9
2018.0,52.0,0.0,0.0,3,6,3,0,0,0,0,9,1,1,0,1,9,1,1,9,5,8,1,1,0,2,2,0,6,7,5,9,3
2018.0,-50.0,0.0,0.0,3,5,3,0,0,0,1,2,1,1,0,0,2,1,1,14,5,8,1,0,0,1,1,0,7,4,5,3,9
2018.0,-100.0,0.0,0.0,3,6,4,4,0,0,1,1,1,1,0,0,1,1,1,15,5,8,1,0,0,1,0,0,7,7,5,8,3
2018.0,100.0,0.0,0.0,3,6,3,0,0,0,1,1,1,1,0,0,1,1,1,15,5,8,1,0,0,1,1,0,6,8,5,3,3
2018.0,-400.0,0.0,0.0,3,6,0,0,0,0,1,9,1,1,0,1,9,1,1,20,5,8,1,0,0,2,2,0,6,7,5,3,3
2018.0,24.0,1.0,0.0,3,6,2,0,0,0,1,5,1,1,0,0,5,1,1,5,6,8,1,0,0,2,1,0,6,7,5,3,3
2018.0,-25.0,0.0,0.0,3,6,3,0,0,0,2,9,1,1,0,1,9,1,1,7,6,8,1,1,0,0,1,0,6,5,5,3,3
2018.0,0.0,1.0,0.0,2,1,3,0,0,0,0,1,1,1,0,0,9,1,1,8,6,8,1,1,0,1,1,0,7,2,5,3,9
2018.0,100.0,0.0,0.0,3,1,3,4,0,0,0,9,1,1,0,1,2,1,1,10,6,8,1,0,0,1,1,0,6,5,5,3,9
2018.0,0.0,0.0,0.0,3,4,5,4,0,0,0,1,1,1,0,0,9,1,1,12,6,8,1,0,0,0,1,0,7,5,5,3,9
2018.0,-36.0,1.0,0.0,3,6,3,0,0,0,1,1,1,1,0,0,1,1,1,15,6,8,1,0,0,1,0,0,7,7,5,8,3
2018.0,-210.0,1.0,0.0,2,6,3,0,0,0,0,5,1,1,0,0,5,1,1,6,0,8,0,0,0,2,1,0,6,8,5,8,3
2018.0,-175.0,0.0,0.0,3,1,3,0,0,0,0,2,1,1,0,0,2,1,1,7,0,8,0,1,0,2,2,0,6,9,5,3,2
2018.0,100.0,0.0,0.0,3,6,3,0,0,0,1,5,1,1,0,1,5,1,1,8,0,8,0,1,0,2,1,0,7,8,5,8,3
2018.0,141.0,0.0,0.0,3,10,3,0,0,0,0,5,1,1,0,0,5,1,1,10,0,8,0,0,0,1,1,0,7,9,5,3,2
2018.0,-49.0,1.0,0.0,2,5,3,0,0,2,1,9,1,1,0,1,1,1,1,11,0,8,0,0,0,2,0,0,7,2,5,9,7
2018.0,0.0,1.0,0.0,3,1,3,0,0,0,0,2,1,1,0,1,2,1,1,12,0,8,0,0,0,2,1,0,6,4,5,3,9
2018.0,100.0,0.0,0.0,3,12,3,0,0,0,2,5,1,1,0,0,9,1,1,12,0,8,0,0,0,0,1,0,7,2,5,3,9
2018.0,0.3,0.0,0.0,3,4,3,0,0,0,1,2,1,1,0,1,9,1,1,12,0,8,0,0,0,1,0,0,7,2,5,9,3
2018.0,-200.0,0.0,0.0,3,12,3,0,0,0,2,2,1,1,0,0,2,1,1,13,0,8,0,0,0,0,1,0,7,5,5,3,3
2018.0,60.0,1.0,0.0,2,6,3,0,0,0,1,5,1,1,0,0,5,1,1,14,0,8,0,0,0,2,1,0,7,7,5,8,3
2018.0,-365.0,0.0,0.0,3,6,3,0,0,0,0,1,1,1,0,1,1,1,1,15,0,8,0,0,0,1,1,0,6,8,5,8,3
2018.0,-120.0,0.0,0.0,3,10,3,0,0,0,1,1,1,1,0,1,1,1,1,16,0,8,0,1,0,1,2,0,7,9,5,3,2
2018.0,0.0,0.0,0.0,3,4,0,0,0,0,1,1,1,1,0,1,7,1,1,20,0,8,0,0,0,0,2,0,7,2,5,9,3
2018.0,0.0,0.0,0.0,3,4,0,0,0,0,1,9,1,1,0,1,1,1,1,22,0,8,0,0,0,1,1,0,7,2,5,3,9
2018.0,-125.0,0.0,0.0,3,6,3,0,0,0,1,5,1,1,0,0,5,1,1,5,1,8,0,0,0,1,1,0,7,7,5,3,3
2018.0,-255.0,1.0,0.0,2,10,3,0,0,0,1,2,1,1,0,0,2,1,1,7,1,8,0,1,0,1,1,0,6,9,5,3,2
2018.0,265.0,0.0,0.0,3,4,3,0,0,0,0,5,1,1,0,1,9,1,1,7,1,8,0,1,0,2,2,0,6,2,5,3,9
2018.0,-30.0,0.0,0.0,3,6,3,0,0,0,1,1,1,1,0,0,1,1,1,10,1,8,0,0,0,2,1,0,7,5,5,3,3
2018.0,-192.0,0.0,0.0,3,4,3,0,0,0,0,2,1,1,0,1,1,1,1,12,1,8,0,0,0,2,2,0,6,2,5,3,9
2018.0,-585.0,0.0,0.0,3,10,3,0,0,0,1,5,1,1,0,1,5,1,1,12,1,8,0,0,0,1,2,0,0,5,5,9,2
2018.0,200.0,0.0,0.0,3,6,3,0,0,0,2,2,1,1,0,0,2,1,1,13,1,8,0,0,0,0,0,0,6,7,5,9,3
2018.0,-175.0,1.0,0.0,3,6,3,0,0,0,1,5,1,1,0,0,5,1,1,13,1,8,0,0,0,1,1,0,6,8,5,8,3
2018.0,146.0,1.0,0.0,2,6,3,0,0,0,1,1,1,1,0,0,1,1,1,14,1,8,0,0,0,1,2,0,6,8,5,8,3
2018.0,102.0,1.0,0.0,2,6,3,0,0,0,0,1,1,1,0,0,1,1,1,15,1,8,0,0,0,2,2,0,7,8,5,8,3
2018.0,-590.0,0.0,0.0,3,6,3,0,0,0,1,5,1,1,0,0,5,1,1,15,1,8,0,0,0,1,1,0,6,8,5,8,3
2018.0,100.0,0.0,0.0,3,6,3,0,0,0,1,5,1,1,0,1,5,1,1,15,1,8,0,0,0,1,1,0,7,7,5,3,3
2018.0,486.0,2.0,0.0,2,6,3,0,0,0,0,5,1,1,0,1,5,1,1,17,1,8,0,1,0,1,0,0,6,8,5,8,3
2018.0,470.0,3.0,0.0,2,6,3,0,0,0,1,5,1,1,0,1,5,1,1,17,1,8,0,1,0,0,1,0,6,8,5,8,3
2018.0,-200.0,1.0,0.0,3,6,0,0,0,0,1,1,1,1,0,0,1,1,1,19,1,8,0,1,0,2,1,0,7,7,5,8,3
2018.0,0.0,2.0,0.0,2,4,3,0,0,0,0,9,1,1,0,0,1,1,1,7,2,8,0,1,0,1,1,0,7,2,5,3,9
2018.0,0.0,2.0,0.0,2,4,3,0,0,0,0,3,1,1,0,0,9,1,1,8,2,8,0,1,0,1,2,0,7,2,5,3,9
2018.0,100.0,0.0,0.0,3,6,3,0,0,0,1,9,1,1,0,1,9,1,1,8,2,8,0,1,0,2,1,0,6,7,5,8,3
2018.0,0.0,0.0,0.0,3,1,3,0,0,0,0,2,1,1,0,0,2,1,1,9,2,8,0,1,0,1,1,0,7,9,5,8,2
2018.0,250.0,1.0,0.0,2,4,3,0,0,0,1,9,1,1,0,0,2,1,1,9,2,8,0,1,0,2,1,0,6,2,5,3,9
2018.0,-385.0,0.0,0.0,3,6,3,0,0,0,0,2,1,1,0,1,2,1,1,9,2,8,0,1,0,1,1,0,7,7,5,8,3
2018.0,268.0,0.0,0.0,3,12,3,0,0,0,2,1,1,1,1,1,8,1,1,15,2,8,0,0,0,0,1,0,6,5,5,6,5
2018.0,-72.0,0.0,0.0,3,6,3,0,0,0,1,2,1,1,0,0,2,1,1,15,2,8,0,0,0,1,1,0,7,8,5,8,3
2018.0,110.0,0.0,0.0,3,6,3,0,0,0,1,9,1,1,0,1,9,1,1,16,2,8,0,1,0,0,2,0,7,7,5,8,3
2018.0,65.0,1.0,0.0,2,6,3,0,0,0,1,9,1,1,0,1,9,1,1,16,2,8,0,1,0,1,1,0,7,8,5,8,3
2018.0,453.0,0.0,0.0,3,6,3,0,0,0,0,1,1,1,0,0,1,1,1,17,2,8,0,1,0,0,1,0,6,8,5,8,3
2018.0,-91.0,0.0,0.0,3,10,3,0,0,0,2,5,1,1,0,1,5,1,1,17,2,8,0,1,0,0,1,0,6,9,5,3,3
2018.0,180.0,0.0,0.0,3,12,0,0,0,0,1,8,1,1,0,1,2,1,1,18,2,8,0,1,0,2,2,0,6,5,5,6,5
2018.0,150.0,0.0,0.0,3,6,0,0,0,0,0,9,1,1,0,0,9,1,1,19,2,8,0,1,0,1,1,0,6,8,5,8,3
2018.0,-475.0,1.0,0.0,3,6,0,0,0,0,0,9,1,1,0,1,9,1,1,20,2,8,0,0,0,1,1,0,9,8,5,8,3
2018.0,300.0,1.0,0.0,2,6,0,0,0,0,0,5,1,1,0,0,5,1,1,21,2,8,0,0,0,2,1,0,6,8,5,8,3
2018.0,0.0,0.0,0.0,3,4,0,0,0,0,0,9,1,1,0,0,1,1,1,22,2,8,0,0,0,2,1,0,7,2,5,3,9
2018.0,600.0,1.0,0.0,2,4,3,0,0,0,0,2,1,1,0,1,1,1,1,8,3,8,0,1,0,2,1,0,0,2,5,3,9
2018.0,0.0,2.0,0.0,2,1,3,0,0,0,1,9,1,1,0,0,2,1,1,8,3,8,0,1,0,0,2,0,7,2,5,3,3
2018.0,1731.0,1.0,0.0,2,3,3,0,0,0,1,2,1,1,0,1,5,1,1,9,3,8,0,1,0,1,1,0,6,2,5,3,9
2018.0,136.0,0.0,0.0,3,10,3,0,0,0,0,2,1,1,0,1,2,1,1,12,3,8,0,0,0,2,2,0,7,9,5,3,2
2018.0,-36.0,0.0,0.0,3,6,3,0,0,0,1,1,1,1,0,0,1,1,1,13,3,8,0,0,0,0,1,0,7,8,5,8,3
2018.0,659.0,1.0,0.0,2,6,3,0,0,0,1,1,1,1,0,1,1,1,1,15,3,8,0,0,0,2,2,0,6,8,5,8,8
2018.0,-100.0,0.0,0.0,3,1,3,0,0,0,1,1,1,1,0,1,5,1,1,17,3,8,0,1,0,2,2,0,7,5,5,5,5
2018.0,-57.0,0.0,0.0,3,6,3,0,0,0,0,1,1,1,0,0,1,1,1,17,3,8,0,1,0,2,1,0,7,8,5,3,3
2018.0,-66.0,0.0,0.0,3,9,3,0,0,0,2,9,1,1,0,0,2,1,1,17,3,8,0,1,0,0,2,0,6,2,5,3,9
2018.0,0.0,0.0,0.0,3,4,4,0,0,0,1,2,1,1,0,0,5,1,1,18,3,8,0,1,0,2,2,0,7,2,5,3,9
2018.0,504.0,1.0,0.0,3,4,3,0,0,0,0,6,1,1,0,0,2,1,1,7,4,8,0,1,0,2,1,0,0,5,5,3,9
2018.0,67.0,1.0,0.0,3,6,3,0,0,0,1,5,1,1,0,1,5,1,1,8,4,8,0,1,0,0,1,0,7,8,5,8,3
2018.0,181.0,1.0,0.0,2,1,3,0,0,0,0,9,1,1,0,0,5,1,1,9,4,8,0,1,0,0,2,0,6,2,5,3,9
2018.0,148.0,0.0,0.0,3,10,3,0,0,0,1,5,1,1,0,1,5,1,1,11,4,8,0,0,0,0,1,0,6,9,5,3,2
2018.0,0.0,0.0,0.0,3,1,3,0,0,0,1,2,1,1,0,1,1,1,1,11,4,8,0,0,0,1,1,0,7,2,5,3,3
2018.0,146.0,0.0,0.0,3,6,3,0,0,0,1,9,1,1,0,1,9,1,1,11,4,8,0,0,0,1,0,0,7,8,5,3,3
2018.0,246.0,1.0,0.0,2,1,3,0,0,2,0,1,1,1,0,0,5,1,1,13,4,8,0,0,0,1,0,0,0,5,5,9,3
2018.0,0.0,2.0,0.0,2,4,3,0,0,0,0,1,1,1,0,0,9,1,1,14,4,8,0,0,0,2,2,0,7,2,5,3,9
2018.0,85.0,0.0,0.0,3,0,3,0,0,0,1,6,1,1,0,1,1,1,1,14,4,8,0,0,0,2,1,0,7,5,5,3,9
2018.0,300.0,0.0,0.0,3,3,3,0,0,0,1,9,1,1,1,1,1,1,1,16,4,8,0,1,0,2,1,0,6,7,5,6,3
2018.0,-114.0,0.0,0.0,3,1,3,0,0,0,0,1,1,1,0,1,1,1,1,16,4,8,0,1,0,1,1,0,6,7,5,9,3
2018.0,-89.0,2.0,0.0,2,6,3,0,0,0,1,2,1,1,0,0,2,1,1,16,4,8,0,1,0,1,1,0,7,8,5,8,3
2018.0,247.0,1.0,0.0,2,6,3,0,0,0,1,9,1,1,0,0,9,1,1,17,4,8,0,1,0,2,1,0,6,8,5,8,3
2018.0,-25.0,0.0,0.0,3,1,0,0,0,0,0,9,1,1,0,1,9,1,1,19,4,8,0,1,0,2,1,0,7,5,5,3,5
2018.0,0.0,0.0,0.0,3,4,0,0,0,0,1,5,1,1,0,1,1,1,1,20,4,8,0,0,0,2,2,0,7,4,5,3,9
2018.0,0.0,0.0,0.0,3,4,0,0,0,0,1,5,1,1,0,0,9,1,1,20,4,8,0,0,0,1,2,0,7,2,5,3,9
2018.0,-260.0,0.0,0.0,3,12,3,4,3,0,2,5,1,1,0,1,1,1,1,8,5,9,1,1,0,0,1,0,6,5,5,9,5
2018.0,10.0,1.0,0.0,2,1,3,0,0,2,1,2,1,1,0,1,9,1,1,10,5,9,1,0,0,1,2,0,7,5,5,3,3
2018.0,0.0,0.0,0.0,3,4,3,0,0,0,1,9,1,1,0,1,1,1,1,18,5,9,1,1,0,0,1,0,7,2,5,9,3
2018.0,0.0,0.0,0.0,3,12,3,0,0,0,2,8,1,1,0,1,6,1,1,18,5,9,1,1,0,0,1,0,7,5,5,9,5