Year,Distance,Totalinjuries,Totalfatalities,Injuryseverity,Collisionmanner,Lightcondition,Weather,SurfaceCondition,Unittype_One,Gender_Drv1,Traveldirection_One,AlcoholUse_Drv1,DrugUse_Drv1,Unittype_Two,Gender_Drv2,Traveldirection_Two,AlcoholUse_Drv2,DrugUse_Drv2,Hour,Weekday,Month,Weekend,Rush_Hour,Hazardous_Road,Age_Group_Drv1,Age_Group_Drv2,Substance_Use,Junction_Category,Violation_Category_Drv1,Violation_Category_Drv2,Unitaction_Category_Two,Unitaction_Category_One
2018.0,0.0,0.0,0.0,3,1,0,0,0,0,0,9,1,1,0,0,7,1,1,22,5,9,1,0,0,2,2,0,6,4,5,3,9
2018.0,92.0,0.0,0.0,3,6,3,0,0,0,0,1,1,1,0,0,1,1,1,9,6,9,1,1,0,1,2,0,9,7,5,8,3
2018.0,-40.0,0.0,0.0,3,6,3,0,0,0,0,9,1,1,0,1,9,1,1,12,6,9,1,0,0,2,1,0,6,5,5,3,3
2018.0,650.0,0.0,0.0,3,5,4,1,0,0,0,9,1,1,0,1,5,1,1,18,6,9,1,1,0,2,2,0,6,5,5,6,1
2018.0,0.0,0.0,0.0,3,1,5,0,0,0,2,5,1,1,0,0,2,1,1,19,6,9,1,1,0,0,2,0,6,4,5,3,9
2018.0,0.0,0.0,0.0,3,6,0,0,0,0,0,5,1,1,0,1,5,1,1,20,6,9,1,0,0,2,1,0,7,7,5,9,9
2018.0,11.0,0.0,0.0,3,5,0,0,0,0,2,2,1,1,0,0,5,1,1,0,0,9,0,0,0,0,1,0,7,5,5,3,9
2018.0,0.0,2.0,0.0,2,4,3,0,0,0,0,2,1,1,0,1,8,1,1,12,0,9,0,0,0,1,1,0,7,2,5,9,3
2018.0,15.0,1.0,0.0,3,6,5,4,0,0,0,9,1,1,0,0,9,1,1,13,0,9,0,0,0,0,1,0,7,7,5,3,3
2018.0,400.0,0.0,0.0,3,1,3,0,0,0,0,9,1,1,0,0,2,1,1,17,0,9,0,1,0,2,2,0,6,2,5,3,9
2018.0,0.0,0.0,0.0,3,4,3,0,0,0,0,9,1,1,0,1,3,1,1,18,0,9,0,1,0,2,2,0,7,2,5,9,3
2018.0,55.0,2.0,0.0,2,10,0,0,0,0,1,1,1,1,0,1,1,1,1,22,0,9,0,0,0,0,0,0,6,7,5,3,2
2018.0,115.0,0.0,0.0,3,6,3,0,0,0,1,1,1,1,0,0,9,1,1,8,1,9,0,1,0,2,1,0,7,5,5,8,1
2018.0,-482.0,1.0,0.0,2,6,3,0,0,0,1,2,1,1,0,0,2,1,1,9,1,9,0,1,0,1,2,0,7,8,5,8,3
2018.0,-195.0,0.0,0.0,3,4,3,0,0,0,0,9,1,1,0,0,2,1,1,11,1,9,0,0,0,1,1,0,0,2,5,3,9
2018.0,0.0,1.0,0.0,2,1,3,0,0,0,2,1,1,1,0,0,2,1,1,12,1,9,0,0,0,0,1,0,7,2,5,9,3
2018.0,96.0,0.0,0.0,3,6,3,0,0,0,1,9,1,1,0,1,9,1,1,15,1,9,0,0,0,0,1,0,7,8,5,8,3
2018.0,75.0,0.0,0.0,3,6,3,0,0,0,1,9,1,1,0,0,9,1,1,16,1,9,0,1,0,1,1,0,7,8,5,8,3
2018.0,850.0,0.0,0.0,3,1,3,0,0,0,1,2,1,1,0,1,1,1,1,16,1,9,0,1,0,2,1,0,6,2,5,3,9
2018.0,231.0,1.0,0.0,2,10,3,0,0,0,0,9,1,1,0,0,9,1,1,17,1,9,0,1,0,0,1,0,7,9,5,3,2
2018.0,-100.0,0.0,0.0,3,10,3,0,3,0,0,1,1,1,0,0,1,1,1,17,1,9,0,1,0,1,2,0,6,9,9,3,3
2018.0,-10.0,0.0,0.0,3,4,0,0,0,0,0,9,1,1,0,1,5,1,1,20,1,9,0,0,0,2,2,0,7,2,5,3,9
2018.0,0.0,0.0,0.0,3,10,0,0,3,0,1,2,1,1,0,0,2,1,1,22,1,9,0,0,0,0,1,0,7,7,5,9,9
2018.0,158.0,1.0,0.0,3,10,3,0,0,0,1,5,1,1,0,0,5,1,1,7,2,9,0,1,0,1,1,0,7,9,5,8,2
2018.0,200.0,1.0,0.0,2,5,3,0,0,3,0,5,1,1,0,0,9,1,1,7,2,9,0,1,0,2,2,0,0,5,5,9,5
2018.0,-120.0,0.0,0.0,3,10,3,0,0,0,0,1,1,1,0,1,1,1,1,7,2,9,0,1,0,2,1,0,6,9,5,3,2
2018.0,-128.0,0.0,0.0,3,10,3,0,0,0,0,9,1,1,0,1,9,1,1,7,2,9,0,1,0,2,1,0,7,9,5,3,2
2018.0,0.0,2.0,0.0,2,4,3,0,0,0,0,7,1,1,0,1,1,1,1,7,2,9,0,1,0,1,2,0,7,2,5,3,9
2018.0,-200.0,2.0,0.0,2,6,3,0,0,0,0,9,1,1,0,0,9,1,1,8,2,9,0,1,0,1,2,0,6,8,5,3,8
2018.0,208.0,1.0,0.0,3,6,3,0,0,0,1,2,1,1,0,0,2,1,1,11,2,9,0,0,0,0,2,0,7,8,5,8,3
2018.0,84.0,0.0,0.0,3,10,3,0,0,0,0,2,1,1,0,1,2,1,1,12,2,9,0,0,0,2,2,0,7,9,5,3,0
2018.0,-82.0,0.0,0.0,3,10,3,0,0,0,1,1,1,1,0,1,1,1,1,12,2,9,0,0,0,0,2,0,7,9,5,3,2
2018.0,-70.0,0.0,0.0,3,6,3,0,0,0,0,1,1,1,0,1,1,1,1,13,2,9,0,0,0,2,0,0,7,8,5,8,3
2018.0,-632.0,0.0,0.0,3,1,3,0,0,0,0,1,1,1,0,0,5,1,1,13,2,9,0,0,0,0,1,0,0,2,5,3,9
2018.0,-60.0,0.0,0.0,3,6,3,0,0,0,0,1,1,1,0,1,1,1,1,14,2,9,0,0,0,1,2,0,7,7,5,8,3
2018.0,167.0,0.0,0.0,3,10,3,0,0,0,1,2,1,1,0,1,2,1,1,15,2,9,0,0,0,2,1,0,6,9,5,3,2
2018.0,382.0,1.0,0.0,3,6,3,0,0,0,0,9,1,1,0,0,9,1,1,15,2,9,0,0,0,2,1,0,6,8,5,8,3
2018.0,-90.0,0.0,0.0,3,5,3,0,0,0,1,5,1,1,0,0,2,1,1,15,2,9,0,0,0,1,1,0,7,5,5,8,1
2018.0,-700.0,0.0,0.0,3,5,3,0,0,0,2,1,1,1,3,1,5,1,1,16,2,9,0,1,0,0,2,0,7,2,5,7,3
2018.0,705.0,1.0,0.0,2,6,3,0,0,0,1,1,1,1,0,0,1,1,1,16,2,9,0,1,0,2,2,0,0,8,5,8,3
2018.0,-346.0,1.0,0.0,2,6,3,0,0,0,1,2,1,1,0,1,1,1,1,17,2,9,0,1,0,1,1,0,0,2,5,8,9
2018.0,0.0,0.0,0.0,3,4,3,0,0,0,0,9,1,1,0,1,1,1,1,17,2,9,0,1,0,1,1,0,7,2,5,3,9
2018.0,0.0,3.0,0.0,2,4,3,0,0,0,1,2,1,1,0,1,5,1,1,18,2,9,0,1,0,0,1,0,7,2,5,3,9
2018.0,0.0,0.0,0.0,3,10,3,0,0,0,2,3,1,1,0,1,3,1,1,7,3,9,0,1,0,0,1,0,7,5,5,9,9
2018.0,-115.0,0.0,0.0,3,6,3,0,0,0,0,5,1,1,0,1,5,1,1,7,3,9,0,1,0,2,1,0,8,8,5,8,3
2018.0,110.0,0.0,0.0,3,1,3,0,0,0,1,9,1,1,0,1,5,1,1,11,3,9,0,0,0,1,1,0,7,2,5,1,9
2018.0,200.0,0.0,0.0,3,1,3,0,0,0,0,1,1,1,0,1,1,1,1,13,3,9,0,0,0,1,1,0,6,4,5,3,9
2018.0,120.0,0.0,0.0,3,10,3,0,0,0,0,5,1,1,0,1,5,1,1,15,3,9,0,0,0,1,1,0,7,9,5,3,2
2018.0,101.0,0.0,0.0,3,10,3,0,0,0,1,9,1,1,0,0,9,1,1,16,3,9,0,1,0,0,1,0,7,9,5,3,2
2018.0,0.0,1.0,0.0,3,1,3,0,0,0,0,5,1,1,0,0,1,1,1,16,3,9,0,1,0,1,2,0,7,2,5,3,3
2018.0,0.0,0.0,0.0,3,10,5,4,0,0,1,2,1,1,0,1,2,1,1,16,3,9,0,1,0,1,2,0,7,9,5,3,2
2018.0,0.0,0.0,0.0,3,10,3,0,0,0,1,9,1,1,0,1,9,1,1,16,3,9,0,1,0,2,0,0,7,4,5,3,9
2018.0,0.0,0.0,0.0,3,4,3,0,0,0,1,2,1,1,0,1,5,1,1,17,3,9,0,1,0,0,2,0,7,2,5,3,9
2018.0,140.0,0.0,0.0,3,6,3,0,0,0,1,5,1,0,0,1,5,1,1,18,3,9,0,1,0,1,1,0,7,7,5,8,8
2018.0,80.0,0.0,0.0,3,6,0,0,0,0,1,5,1,1,0,1,5,1,1,21,3,9,0,0,0,1,2,0,7,8,5,8,3
2018.0,0.0,2.0,0.0,2,1,0,0,0,0,1,2,0,1,0,1,9,1,1,21,3,9,0,0,0,1,0,0,4,2,5,3,3
2018.0,66.0,2.0,0.0,3,6,0,0,0,0,1,5,1,1,0,1,5,1,1,5,4,9,0,0,0,1,1,0,6,8,5,8,3
2018.0,-385.0,1.0,0.0,3,6,3,0,0,0,0,9,1,1,0,0,9,1,1,8,4,9,0,1,0,1,1,0,0,8,5,8,3
2018.0,-46.0,3.0,0.0,2,4,3,0,0,0,1,2,1,1,0,0,5,1,1,8,4,9,0,1,0,0,1,0,6,2,5,3,9
2018.0,-85.0,0.0,0.0,3,6,3,0,0,0,1,2,1,1,0,1,2,1,1,10,4,9,0,0,0,1,2,0,7,7,5,8,3
2018.0,-115.0,0.0,0.0,3,6,3,0,0,0,1,1,1,1,0,0,1,1,1,12,4,9,0,0,0,1,1,0,7,8,5,3,3
2018.0,250.0,0.0,0.0,3,6,3,0,0,0,1,9,1,1,0,0,5,1,1,13,4,9,0,0,0,1,1,0,0,7,5,8,1
2018.0,408.0,0.0,0.0,3,1,3,0,0,0,1,7,1,1,0,1,9,1,1,15,4,9,0,0,0,1,1,0,0,2,5,3,9
2018.0,130.0,0.0,0.0,3,4,3,0,0,0,1,1,1,1,0,1,9,1,1,16,4,9,0,1,0,0,0,0,6,2,5,3,9
2018.0,0.0,0.0,0.0,3,1,3,0,0,0,1,2,1,1,0,0,2,1,1,16,4,9,0,1,0,0,1,0,7,5,5,9,9
2018.0,-515.0,1.0,0.0,2,10,3,0,0,0,0,9,1,1,0,0,9,1,1,16,4,9,0,1,0,1,1,0,6,5,5,3,2
2018.0,-91.0,2.0,0.0,2,6,3,0,0,0,1,9,1,1,0,1,9,1,1,17,4,9,0,1,0,1,1,0,7,8,5,8,3
2018.0,-43.0,1.0,0.0,2,5,3,0,0,0,2,5,1,1,2,1,2,1,1,17,4,9,0,1,0,0,2,0,7,2,5,3,9
2018.0,560.0,0.0,0.0,3,3,3,0,3,0,0,5,1,1,0,1,9,1,1,17,4,9,0,1,0,1,1,0,6,2,5,3,9
2018.0,0.0,0.0,0.0,3,4,3,0,0,0,1,1,1,1,0,1,2,1,1,17,4,9,0,1,0,0,1,0,7,5,5,9,9
2018.0,600.0,0.0,0.0,3,1,4,0,0,0,0,9,1,1,0,1,2,1,1,18,4,9,0,1,0,2,2,0,0,8,5,9,3
2018.0,0.0,0.0,0.0,3,1,0,0,0,0,0,1,1,1,0,0,5,1,1,20,4,9,0,0,0,2,2,0,7,2,5,3,3
2018.0,-660.0,0.0,0.0,3,10,0,0,0,0,1,2,1,1,0,0,2,1,1,20,4,9,0,0,0,0,2,0,6,2,5,3,2
2018.0,-25.0,0.0,0.0,3,6,0,0,0,0,2,5,1,1,0,1,5,1,1,23,4,9,0,0,0,0,2,0,7,9,5,8,2
2018.0,0.0,0.0,0.0,3,1,3,0,0,0,0,9,1,1,0,0,5,1,1,12,5,9,1,0,0,1,0,0,6,2,5,3,3
2018.0,0.0,1.0,0.0,2,4,3,0,0,3,1,1,1,1,0,1,5,1,1,12,5,9,1,0,0,1,1,0,7,2,7,9,7
2018.0,-75.0,0.0,0.0,3,10,3,0,0,0,0,1,1,1,0,0,1,1,1,14,5,9,1,0,0,2,1,0,6,5,5,2,2
2018.0,-60.0,2.0,0.0,3,6,3,0,0,0,0,2,1,1,0,0,2,1,1,17,5,9,1,1,0,2,1,0,7,8,5,8,8
2018.0,258.0,0.0,0.0,3,6,3,0,0,0,1,9,1,1,0,1,9,1,1,18,5,9,1,1,0,2,1,0,6,8,5,8,3
2018.0,720.0,0.0,0.0,3,6,0,0,0,0,1,1,1,1,0,1,9,1,1,19,5,9,1,1,0,2,1,0,6,5,5,8,9
2018.0,0.0,0.0,0.0,3,6,0,0,0,0,1,2,1,1,0,1,2,1,1,22,5,9,1,0,0,2,1,0,7,8,5,8,3
2018.0,167.0,1.0,0.0,2,10,0,0,0,0,1,5,1,1,0,0,5,1,1,23,5,9,1,0,0,1,2,0,7,9,5,8,2
2018.0,220.0,0.0,0.0,3,6,0,0,0,0,0,9,0,1,1,1,9,1,1,0,6,9,1,0,0,1,1,0,6,9,5,6,3
2018.0,430.0,1.0,0.0,2,4,3,0,3,0,1,5,1,1,0,0,9,1,1,17,6,9,1,1,0,1,2,0,6,2,5,3,9
2018.0,0.0,1.0,0.0,2,4,0,0,0,0,0,9,1,1,0,1,1,1,1,20,6,9,1,0,0,1,1,0,7,2,5,3,9
2018.0,0.0,0.0,0.0,3,10,2,0,0,0,0,1,1,1,0,0,1,1,1,5,0,9,0,0,0,1,1,0,7,5,5,9,9
2018.0,-35.0,0.0,0.0,3,5,3,0,0,0,0,1,1,1,0,0,9,1,1,8,0,9,0,1,0,2,1,0,6,5,5,3,3
2018.0,0.0,3.0,0.0,2,6,3,0,0,0,1,9,1,1,0,0,9,1,1,8,0,9,0,1,0,1,1,0,7,8,5,8,3
2018.0,100.0,0.0,0.0,3,10,3,0,0,0,1,9,1,1,0,1,9,1,1,12,0,9,0,0,0,0,1,0,7,9,5,8,3
2018.0,12.0,1.0,0.0,2,1,3,0,0,3,1,5,1,1,0,1,9,1,1,13,0,9,0,0,0,2,1,0,7,2,5,9,7
2018.0,114.0,0.0,0.0,3,10,3,0,0,0,1,5,1,1,0,1,5,1,1,14,0,9,0,0,0,1,1,0,6,9,5,3,2
2018.0,252.0,0.0,0.0,3,6,3,0,0,0,0,1,1,1,0,0,1,1,1,15,0,9,0,0,0,2,2,0,0,8,5,8,3
2018.0,268.0,0.0,0.0,3,6,3,0,0,0,0,1,1,1,0,0,1,1,1,15,0,9,0,0,0,2,2,0,0,8,5,8,3
2018.0,-250.0,0.0,0.0,3,6,3,0,0,0,1,2,1,1,0,0,2,1,1,16,0,9,0,1,0,1,1,0,6,7,5,8,3
2018.0,-950.0,0.0,0.0,3,10,3,0,0,0,1,1,1,1,0,1,1,1,1,17,0,9,0,1,0,2,1,0,6,5,5,9,2
2018.0,100.0,0.0,0.0,3,6,3,0,0,0,1,2,1,1,0,0,2,1,1,17,0,9,0,1,0,2,0,0,6,7,5,8,3
2018.0,208.0,1.0,0.0,2,1,3,0,0,0,1,5,1,1,0,0,5,1,1,18,0,9,0,1,0,1,2,0,7,5,5,3,2
2018.0,200.0,0.0,0.0,3,3,3,0,0,0,1,5,1,1,0,1,9,1,1,18,0,9,0,1,0,1,1,0,7,9,5,3,9
2018.0,500.0,0.0,0.0,3,6,0,0,0,0,0,1,1,1,0,1,1,1,1,20,0,9,0,0,0,2,1,0,7,8,5,8,3
2018.0,-200.0,2.0,0.0,2,6,0,0,0,0,0,1,1,1,0,1,1,1,1,20,0,9,0,0,0,1,1,0,6,7,5,8,3
2018.0,505.0,0.0,0.0,3,1,3,0,0,0,1,1,1,1,0,1,5,1,1,7,1,9,0,1,0,2,1,0,6,7,5,1,3
2018.0,0.0,5.0,0.0,2,4,3,0,0,0,1,5,1,1,0,1,2,1,1,7,1,9,0,1,0,1,1,0,7,2,5,3,9
2018.0,20.0,1.0,0.0,2,1,3,0,0,0,1,2,1,1,0,1,1,1,1,7,1,9,0,1,0,1,1,0,7,2,5,3,3
2018.0,-84.0,0.0,0.0,3,6,3,0,0,0,0,1,1,1,0,0,1,1,1,8,1,9,0,1,0,2,1,0,7,8,5,8,3
2018.0,200.0,0.0,0.0,3,1,3,0,0,0,0,5,1,1,0,1,5,1,1,8,1,9,0,1,0,2,2,0,6,9,5,8,2
2018.0,0.0,2.0,0.0,3,1,3,0,0,0,0,9,1,1,0,1,2,1,1,8,1,9,0,1,0,0,0,0,7,2,5,3,3
2018.0,-223.0,2.0,0.0,2,6,3,0,0,0,0,2,1,1,0,0,2,1,1,8,1,9,0,1,0,1,1,0,6,8,5,3,3
2018.0,-12.0,0.0,0.0,3,10,3,0,0,0,1,2,1,1,0,0,2,1,1,8,1,9,0,1,0,1,2,0,7,4,5,9,9
2018.0,125.0,0.0,0.0,3,10,3,0,0,0,0,2,1,1,0,1,2,1,1,9,1,9,0,1,0,1,1,0,7,9,5,3,2
2018.0,58.0,1.0,0.0,2,6,3,0,0,0,0,1,1,1,0,1,1,1,1,10,1,9,0,0,0,1,1,0,0,8,5,8,3
2018.0,-65.0,0.0,0.0,3,4,3,0,0,0,1,4,1,1,0,1,1,1,1,10,1,9,0,0,0,1,1,0,7,9,5,8,9
2018.0,0.0,2.0,0.0,2,4,3,0,0,0,0,1,1,1,0,0,9,1,1,15,1,9,0,0,0,1,1,0,7,2,5,3,9
2018.0,150.0,0.0,0.0,3,1,3,0,0,0,0,5,1,1,0,1,9,1,1,15,1,9,0,0,0,1,1,0,0,2,5,3,9
2018.0,-62.0,0.0,0.0,3,6,3,0,0,0,0,1,1,1,0,1,1,1,1,15,1,9,0,0,0,1,2,0,7,8,5,8,3
2018.0,342.0,0.0,0.0,3,6,3,0,0,0,1,1,1,1,0,0,1,1,1,16,1,9,0,1,0,2,1,0,6,8,5,8,3
2018.0,312.0,0.0,0.0,3,1,3,0,0,0,0,2,1,1,0,0,1,1,1,16,1,9,0,1,0,1,1,0,0,2,5,3,9
2018.0,-100.0,0.0,0.0,3,6,3,0,0,0,1,5,1,1,0,1,5,1,1,17,1,9,0,1,0,0,0,0,6,7,5,8,8
2018.0,0.0,1.0,0.0,2,4,3,0,0,0,1,2,1,1,0,1,5,1,1,18,1,9,0,1,0,1,2,0,7,2,5,3,9
2018.0,0.0,0.0,0.0,3,4,3,0,0,0,1,5,1,1,0,1,2,1,1,7,2,9,0,1,0,2,1,0,7,2,5,3,9
2018.0,90.0,0.0,0.0,3,1,3,0,0,0,0,5,1,1,0,0,9,1,1,8,2,9,0,1,0,1,1,0,0,5,5,3,1
2018.0,0.5,0.0,0.0,3,6,3,0,0,0,0,9,1,1,0,1,9,1,1,8,2,9,0,1,0,2,2,0,6,8,5,8,3
2018.0,238.0,1.0,0.0,3,1,3,0,0,0,1,2,1,1,0,1,1,1,1,8,2,9,0,1,0,2,0,0,0,2,5,3,9
2018.0,0.0,1.0,0.0,2,4,3,0,0,0,0,5,1,1,0,0,2,1,1,9,2,9,0,1,0,0,1,0,7,2,5,3,9
2018.0,0.0,0.0,0.0,3,4,3,0,0,0,1,2,1,1,0,0,5,1,1,9,2,9,0,1,0,1,1,0,7,2,5,9,3
2018.0,128.0,0.0,0.0,3,1,3,0,0,0,1,1,1,1,0,1,2,1,1,10,2,9,0,0,0,1,1,0,6,8,5,9,3
2018.0,275.0,0.0,0.0,3,10,3,0,0,0,0,1,1,1,0,1,1,1,1,10,2,9,0,0,0,1,1,0,0,9,5,3,9
2018.0,0.0,0.0,0.0,3,4,3,0,0,0,1,5,1,1,0,0,9,1,1,12,2,9,0,0,0,2,1,0,7,2,5,3,9
2018.0,-187.0,1.0,0.0,2,6,3,0,0,0,1,2,1,1,0,1,2,1,1,12,2,9,0,0,0,1,2,0,7,8,5,8,3
2018.0,0.0,0.0,0.0,3,4,3,0,0,0,1,2,1,1,0,0,4,1,1,13,2,9,0,0,0,0,1,0,7,5,5,9,3
2018.0,-100.0,0.0,0.0,3,6,3,0,0,0,0,1,1,1,0,1,1,1,1,14,2,9,0,0,0,1,0,0,7,8,5,8,3
2018.0,-541.0,2.0,0.0,2,6,3,0,0,0,1,2,1,1,0,1,2,1,1,15,2,9,0,0,0,1,1,0,6,8,5,8,3
2018.0,-557.0,0.0,0.0,3,6,3,0,0,0,0,2,1,1,0,1,2,1,1,15,2,9,0,0,0,1,1,0,6,8,5,8,3
2018.0,-120.0,0.0,0.0,3,1,3,0,0,0,1,2,1,1,0,0,9,1,1,15,2,9,0,0,0,2,0,0,6,2,5,3,2
2018.0,0.0,1.0,0.0,3,1,3,0,0,0,1,9,1,1,0,1,5,1,1,16,2,9,0,1,0,1,1,0,7,5,5,3,9
2018.0,-22.0,0.0,0.0,3,1,3,0,0,0,0,1,1,1,0,1,5,1,1,18,2,9,0,1,0,1,2,0,7,2,5,3,9
2018.0,-900.0,3.0,0.0,2,4,0,0,0,0,0,9,1,1,0,0,1,1,1,18,2,9,0,1,0,1,1,0,0,5,5,3,9
2018.0,0.0,2.0,0.0,2,4,3,0,0,0,0,1,1,1,0,1,2,1,1,6,3,9,0,0,0,1,1,0,7,2,5,9,3
2018.0,0.0,1.0,0.0,2,4,3,0,0,0,1,6,1,1,0,0,2,1,1,7,3,9,0,1,0,0,2,0,7,2,5,3,9
2018.0,140.0,0.0,0.0,3,4,3,0,0,0,0,9,1,1,0,0,2,1,1,7,3,9,0,1,0,1,1,0,6,2,5,3,9
2018.0,0.0,0.0,0.0,3,1,3,0,0,0,0,5,1,1,0,1,1,1,1,8,3,9,0,1,0,2,2,0,7,2,5,3,9
2018.0,0.0,1.0,0.0,2,10,3,0,0,0,1,9,1,1,0,1,9,1,1,8,3,9,0,1,0,1,1,0,0,4,5,3,9
2018.0,1462.0,1.0,0.0,3,1,3,0,0,0,2,1,1,1,0,1,1,1,1,10,3,9,0,0,0,0,2,0,6,9,5,3,2
2018.0,97.0,0.0,0.0,3,4,3,0,0,0,2,2,1,1,0,1,9,1,1,12,3,9,0,0,0,0,0,0,0,2,5,8,9
2018.0,-130.0,1.0,0.0,3,6,3,0,0,0,0,1,1,1,0,1,1,1,1,16,3,9,0,1,0,1,2,0,7,8,5,8,3
2018.0,-50.0,1.0,0.0,3,6,3,0,0,0,1,9,1,0,0,1,9,1,1,16,3,9,0,1,0,2,2,0,7,8,5,8,8
2018.0,60.0,0.0,0.0,3,6,3,0,0,0,1,1,1,1,0,0,1,1,1,17,3,9,0,1,0,1,1,0,9,8,5,8,3
2018.0,0.0,4.0,0.0,3,4,3,0,0,0,1,1,1,1,0,0,9,1,1,17,3,9,0,1,0,2,2,0,7,2,5,3,9
2018.0,0.0,2.0,0.0,3,4,3,0,0,0,0,1,1,1,0,1,2,1,1,18,3,9,0,1,0,1,1,0,7,2,5,9,3
2018.0,0.0,2.0,0.0,2,4,0,0,0,0,0,9,1,1,0,0,1,1,1,18,3,9,0,1,0,1,0,0,7,2,5,3,9
2018.0,0.0,2.0,0.0,3,4,3,0,0,0,1,9,1,1,0,0,1,1,1,6,4,9,0,0,0,2,2,0,7,2,5,9,3
2018.0,120.0,0.0,0.0,3,10,3,0,0,0,1,1,1,1,0,1,1,1,1,7,4,9,0,1,0,1,1,0,6,5,5,3,2
2018.0,200.0,0.0,0.0,3,6,3,0,0,0,2,5,1,1,0,0,5,1,1,11,4,9,0,0,0,0,1,0,6,7,5,8,3
2018.0,-88.0,1.0,0.0,3,6,3,0,0,0,2,2,1,1,0,1,2,1,1,11,4,9,0,0,0,0,0,0,7,8,5,8,3
2018.0,60.0,0.0,0.0,3,10,3,0,0,0,1,5,1,1,0,1,5,1,1,13,4,9,0,0,0,1,1,0,7,4,5,9,9
2018.0,-96.0,0.0,0.0,3,6,3,0,0,0,1,2,1,1,0,1,2,1,1,13,4,9,0,0,0,2,0,0,7,8,5,8,3
2018.0,60.0,1.0,0.0,3,1,3,0,0,0,1,2,1,1,0,0,9,1,1,14,4,9,0,0,0,0,0,0,7,5,5,8,0
2018.0,-1960.0,0.0,0.0,3,4,3,0,0,0,0,5,1,1,0,0,1,1,1,14,4,9,0,0,0,1,1,0,6,2,5,3,9
2018.0,-88.0,0.0,0.0,3,6,3,0,0,0,0,5,1,1,0,0,5,1,1,14,4,9,0,0,0,0,1,0,6,7,5,8,3
2018.0,-80.0,0.0,0.0,3,6,3,0,0,0,1,1,1,1,0,1,1,1,1,14,4,9,0,0,0,1,1,0,7,7,5,8,3
2018.0,0.0,2.0,0.0,3,4,3,0,0,0,0,9,1,1,0,1,2,1,1,15,4,9,0,0,0,1,2,0,7,2,5,3,9
2018.0,-380.0,0.0,0.0,3,5,3,0,0,0,1,1,1,1,0,1,1,1,1,15,4,9,0,0,0,0,1,0,6,4,5,3,9
2018.0,0.0,0.0,0.0,3,1,3,0,0,0,0,5,1,1,0,0,9,1,1,17,4,9,0,1,0,1,1,0,7,2,5,3,9
2018.0,0.0,0.0,0.0,3,1,4,0,0,0,1,9,1,1,0,1,2,1,1,18,4,9,0,1,0,1,1,0,7,2,5,3,3
2018.0,-100.0,0.0,0.0,3,6,0,0,0,0,1,2,1,1,0,1,2,1,1,21,4,9,0,0,0,2,1,0,7,8,5,8,3
2018.0,15.0,0.0,0.0,3,12,5,0,0,0,1,1,1,1,0,1,1,1,1,6,5,9,1,0,0,2,1,0,7,9,5,3,2
2018.0,-5.0,0.0,0.0,3,10,3,0,0,0,1,2,1,1,0,0,2,1,1,9,5,9,1,1,0,1,1,0,7,4,5,9,9
2018.0,-75.0,0.0,0.0,3,6,3,0,0,0,0,9,1,1,0,0,9,1,1,12,5,9,1,0,0,1,1,0,7,7,5,8,8
2018.0,-200.0,0.0,0.0,3,6,3,0,0,0,1,2,1,1,0,0,2,1,1,13,5,9,1,0,0,1,0,0,7,5,5,3,3
2018.0,0.0,1.0,0.0,1,4,3,0,0,0,0,6,0,1,0,0,2,1,1,14,5,9,1,0,0,1,2,0,7,2,5,3,9
2018.0,31.0,0.0,0.0,3,6,3,0,0,0,2,9,1,1,0,1,9,1,1,16,5,9,1,1,0,0,2,0,6,7,5,3,3
2018.0,10.0,0.0,0.0,3,1,0,0,0,0,0,9,1,1,0,0,1,1,1,19,5,9,1,1,0,0,2,0,7,4,5,9,9
2018.0,-460.0,0.0,0.0,3,0,0,0,0,0,0,2,1,1,0,1,1,1,1,23,5,9,1,0,0,1,2,0,6,4,5,3,9
2018.0,0.0,2.0,0.0,2,4,0,0,0,0,0,3,1,1,0,1,7,1,1,23,5,9,1,0,0,2,1,0,7,2,5,3,9
2018.0,58.0,0.0,0.0,3,6,3,0,0,0,1,5,1,1,0,1,5,1,1,9,6,9,1,1,0,1,1,0,6,7,5,8,3
2018.0,0.0,0.0,0.0,3,10,3,0,0,0,1,1,1,1,0,0,1,1,1,11,6,9,1,0,0,0,1,0,6,9,5,3,3
2018.0,0.0,1.0,0.0,2,1,3,0,0,0,1,9,1,1,0,0,2,1,1,12,6,9,1,0,0,2,1,0,7,2,5,3,9
2018.0,250.0,0.0,0.0,3,10,3,0,0,0,1,2,1,1,0,0,2,1,1,15,6,9,1,0,0,1,2,0,6,5,5,3,0
2018.0,-10.0,1.0,0.0,1,4,3,0,0,0,0,9,1,1,2,0,1,1,1,16,6,9,1,1,0,2,1,0,7,2,5,3,9
2018.0,-100.0,0.0,0.0,3,4,5,4,0,0,0,1,1,1,0,0,9,1,1,19,6,9,1,1,0,1,1,0,6,2,5,8,9
2018.0,54.0,0.0,0.0,3,5,3,0,0,0,0,9,1,1,0,1,9,1,1,7,0,9,0,1,0,2,0,0,0,5,5,3,1
2018.0,-220.0,0.0,0.0,3,6,3,0,0,0,2,2,1,1,0,0,2,1,1,7,0,9,0,1,0,0,1,0,7,8,5,8,3
2018.0,-265.0,2.0,0.0,2,6,3,0,0,0,0,9,1,1,0,0,9,1,1,8,0,9,0,1,0,0,1,0,0,8,5,8,3
2018.0,-35.0,0.0,0.0,3,12,5,0,3,0,2,8,1,1,1,1,5,1,1,8,0,9,0,1,0,0,1,0,7,5,5,6,5