Year,Distance,Totalinjuries,Totalfatalities,Injuryseverity,Collisionmanner,Lightcondition,Weather,SurfaceCondition,Unittype_One,Gender_Drv1,Traveldirection_One,AlcoholUse_Drv1,DrugUse_Drv1,Unittype_Two,Gender_Drv2,Traveldirection_Two,AlcoholUse_Drv2,DrugUse_Drv2,Hour,Weekday,Month,Weekend,Rush_Hour,Hazardous_Road,Age_Group_Drv1,Age_Group_Drv2,Substance_Use,Junction_Category,Violation_Category_Drv1,Violation_Category_Drv2,Unitaction_Category_Two,Unitaction_Category_One
2018.0,153.0,0.0,0.0,3,10,3,0,0,0,0,5,1,1,0,1,5,1,1,9,0,9,0,1,0,1,0,0,7,9,5,3,2
2018.0,73.0,3.0,0.0,2,6,3,0,0,0,0,1,1,1,0,1,1,1,1,11,0,9,0,0,0,1,1,0,7,8,5,8,3
2018.0,-63.0,1.0,0.0,2,1,3,0,0,2,1,2,1,1,0,1,1,1,1,12,0,9,0,0,0,1,1,0,7,2,5,9,7
2018.0,40.0,0.0,0.0,3,5,3,0,0,0,0,2,1,1,0,0,5,1,1,12,0,9,0,0,0,2,1,0,7,5,5,8,1
2018.0,147.0,0.0,0.0,3,1,3,0,0,0,1,1,1,1,0,1,1,1,1,13,0,9,0,0,0,1,1,0,6,9,5,3,2
2018.0,-77.0,1.0,0.0,3,6,3,0,0,0,1,5,1,1,0,1,5,1,1,15,0,9,0,0,0,2,2,0,6,8,5,8,3
2018.0,381.0,1.0,0.0,2,4,2,0,0,0,1,1,1,1,0,1,5,1,1,16,0,9,0,1,0,2,1,0,0,2,5,3,9
2018.0,0.0,0.0,0.0,3,6,3,0,0,0,1,5,1,1,0,0,2,1,1,17,0,9,0,1,0,0,1,0,6,7,5,8,1
2018.0,108.0,0.0,0.0,3,10,3,0,0,0,1,5,1,1,0,0,5,1,1,17,0,9,0,1,0,1,0,0,7,9,5,8,2
2018.0,77.0,0.0,0.0,3,6,3,0,0,0,1,1,1,1,0,1,1,1,1,17,0,9,0,1,0,2,1,0,6,8,5,8,3
2018.0,100.0,0.0,0.0,3,6,4,0,0,0,1,5,1,1,0,0,5,1,1,19,0,9,0,1,0,2,1,0,6,7,5,3,3
2018.0,-75.0,0.0,0.0,3,6,0,0,0,0,1,1,1,1,0,0,1,1,1,20,0,9,0,0,0,1,1,0,7,8,5,8,3
2018.0,25.0,1.0,0.0,3,6,0,0,0,0,1,9,1,1,0,0,9,1,1,20,0,9,0,0,0,1,0,0,7,7,5,8,3
2018.0,-100.0,1.0,0.0,3,6,4,0,0,0,1,1,1,1,0,1,1,1,1,22,0,9,0,0,0,2,1,0,6,7,5,3,3
2018.0,0.0,0.0,0.0,3,4,3,0,0,0,1,1,1,1,0,1,2,1,1,7,1,9,0,1,0,2,0,0,6,2,5,9,9
2018.0,0.0,0.0,0.0,3,4,3,0,0,0,1,3,1,1,0,1,9,1,1,8,1,9,0,1,0,2,1,0,7,2,5,3,9
2018.0,439.0,0.0,0.0,3,4,3,0,0,0,1,5,1,1,0,1,2,1,1,8,1,9,0,1,0,1,2,0,0,2,5,3,9
2018.0,132.0,0.0,0.0,3,10,3,0,0,0,1,5,1,1,0,1,5,1,1,10,1,9,0,0,0,1,0,0,7,9,5,3,2
2018.0,80.0,1.0,0.0,3,6,5,4,0,0,1,9,1,1,0,1,9,1,1,11,1,9,0,0,0,1,1,0,7,8,5,8,3
2018.0,95.0,0.0,0.0,3,6,3,0,0,0,0,5,1,1,0,0,5,1,1,12,1,9,0,0,0,0,0,0,6,8,5,8,3
2018.0,335.0,0.0,0.0,3,1,3,0,0,0,0,2,1,1,0,1,1,1,1,12,1,9,0,0,0,2,2,0,0,2,5,3,9
2018.0,-70.0,1.0,0.0,2,6,3,0,0,0,0,2,1,1,0,1,2,1,1,13,1,9,0,0,0,2,2,0,7,8,5,8,3
2018.0,-500.0,1.0,0.0,2,6,3,0,0,0,1,2,1,1,0,1,2,1,1,13,1,9,0,0,0,2,1,0,6,8,5,8,3
2018.0,0.0,0.0,0.0,3,6,3,0,0,0,1,8,1,1,0,1,8,1,1,14,1,9,0,0,0,2,1,0,6,8,5,8,3
2018.0,0.0,0.0,0.0,3,10,3,0,0,0,0,1,1,1,0,1,1,1,1,14,1,9,0,0,0,0,0,0,7,7,5,3,3
2018.0,147.0,1.0,0.0,2,6,3,0,0,0,1,5,1,1,0,0,5,1,1,14,1,9,0,0,0,1,1,0,7,8,5,8,3
2018.0,0.0,0.0,0.0,3,6,3,0,0,0,1,5,1,1,0,0,2,1,1,14,1,9,0,0,0,2,1,0,7,5,5,8,1
2018.0,0.0,2.0,0.0,2,4,3,0,0,0,1,5,1,1,0,1,2,1,1,14,1,9,0,0,0,2,2,0,7,2,5,3,9
2018.0,0.0,2.0,0.0,2,4,3,0,0,0,1,2,1,1,0,0,5,1,1,15,1,9,0,0,0,1,1,0,7,2,5,3,9
2018.0,200.0,0.0,0.0,3,6,3,0,0,0,0,5,1,1,0,0,5,1,1,15,1,9,0,0,0,2,1,0,6,9,5,8,3
2018.0,-360.0,0.0,0.0,3,10,3,0,0,0,0,1,1,1,0,1,1,1,1,15,1,9,0,0,0,2,1,0,7,9,5,3,2
2018.0,-65.0,0.0,0.0,3,6,3,0,0,0,0,1,1,1,0,0,1,1,1,16,1,9,0,1,0,1,1,0,7,5,5,8,3
2018.0,-71.0,0.0,0.0,3,6,3,0,0,0,2,1,1,1,0,0,1,1,1,16,1,9,0,1,0,0,1,0,7,8,5,8,3
2018.0,-157.0,0.0,0.0,3,6,3,0,0,0,1,1,1,1,0,1,1,1,1,16,1,9,0,1,0,1,1,0,7,8,5,8,3
2018.0,-75.0,0.0,0.0,3,6,0,0,0,0,2,2,1,1,0,0,2,1,1,19,1,9,0,1,0,0,1,0,7,5,8,3,3
2018.0,-241.0,0.0,0.0,3,1,0,0,0,0,1,1,0,1,0,1,1,1,1,4,2,9,0,0,0,2,1,0,6,5,5,9,3
2018.0,0.0,0.0,0.0,3,0,3,1,0,0,0,5,1,1,0,1,2,1,1,7,2,9,0,1,0,2,0,0,7,2,5,3,9
2018.0,-55.0,1.0,0.0,3,1,3,1,0,0,1,7,1,1,0,1,9,1,1,8,2,9,0,1,0,2,1,0,7,2,5,3,9
2018.0,375.0,0.0,0.0,3,6,3,3,4,0,0,5,1,1,0,1,5,1,1,10,2,9,0,0,1,2,1,0,7,7,5,8,3
2018.0,-158.0,0.0,0.0,3,6,3,0,4,0,0,2,1,1,0,0,2,1,1,10,2,9,0,0,1,2,1,0,7,8,5,8,8
2018.0,-115.0,0.0,0.0,3,6,3,0,4,0,1,1,1,1,0,1,1,1,1,10,2,9,0,0,1,1,1,0,7,8,5,8,3
2018.0,-46.0,0.0,0.0,3,6,3,1,4,0,0,1,1,1,0,0,1,1,1,11,2,9,0,0,1,2,2,0,7,8,5,8,3
2018.0,212.0,0.0,0.0,3,5,3,1,4,0,1,4,1,1,0,1,9,1,1,11,2,9,0,0,1,1,1,0,6,5,5,3,9
2018.0,-95.0,0.0,0.0,3,6,3,3,4,0,1,1,1,1,0,0,1,1,1,12,2,9,0,0,1,1,2,0,7,8,5,8,3
2018.0,193.0,0.0,0.0,3,4,3,1,4,0,1,3,1,1,0,1,5,1,1,14,2,9,0,0,1,2,1,0,0,2,5,3,9
2018.0,0.0,0.0,0.0,3,4,3,3,4,0,1,9,1,1,0,1,1,1,1,14,2,9,0,0,1,2,1,0,7,5,5,9,9
2018.0,676.0,0.0,0.0,3,4,3,1,4,0,1,5,1,1,0,0,1,1,1,14,2,9,0,0,1,2,2,0,6,2,5,3,9
2018.0,0.0,0.0,0.0,3,1,3,3,4,0,0,9,1,1,0,1,5,1,1,14,2,9,0,0,1,0,1,0,7,2,5,3,3
2018.0,0.0,0.0,0.0,3,1,3,0,0,0,0,2,1,1,0,1,9,1,1,15,2,9,0,0,0,2,1,0,2,2,5,3,3
2018.0,-87.0,2.0,0.0,3,6,3,1,0,0,0,2,1,1,0,0,2,1,1,16,2,9,0,1,0,0,1,0,7,8,5,8,3
2018.0,-429.0,0.0,0.0,3,6,3,3,4,0,0,2,1,1,0,1,2,1,1,16,2,9,0,1,1,2,1,0,7,8,5,8,3
2018.0,-60.0,0.0,0.0,3,6,3,1,4,0,1,1,1,1,0,1,1,1,1,17,2,9,0,1,1,1,1,0,6,8,5,8,3
2018.0,-532.0,2.0,0.0,2,1,3,1,0,0,1,5,1,1,0,1,1,1,1,17,2,9,0,1,0,2,0,0,0,2,5,3,9
2018.0,96.0,1.0,0.0,2,6,3,0,0,0,0,5,1,1,0,1,5,1,1,17,2,9,0,1,0,1,2,0,6,8,5,9,3
2018.0,-730.0,0.0,0.0,3,6,3,0,0,0,0,1,1,1,0,1,1,1,1,17,2,9,0,1,0,2,1,0,6,7,5,8,3
2018.0,-270.0,0.0,0.0,3,1,4,0,0,0,1,9,0,1,0,0,1,1,1,19,2,9,0,1,0,2,1,0,6,2,5,3,9
2018.0,25.0,0.0,0.0,3,10,0,0,0,0,0,9,1,1,0,0,9,1,1,20,2,9,0,0,0,0,2,0,7,9,5,8,2
2018.0,130.0,2.0,0.0,2,4,0,1,0,0,1,5,1,1,0,0,2,1,1,20,2,9,0,0,0,2,2,0,0,2,5,3,9
2018.0,0.25,0.0,0.0,3,6,0,0,0,0,1,2,0,1,0,1,2,1,1,23,2,9,0,0,0,1,1,0,7,7,5,3,3
2018.0,0.0,3.0,0.0,2,1,3,0,0,0,1,9,1,1,0,0,5,1,1,12,3,9,0,0,0,2,1,0,7,2,5,3,3
2018.0,68.0,1.0,0.0,3,10,3,0,0,0,1,6,1,1,0,1,6,1,1,14,3,9,0,0,0,2,1,0,7,7,5,9,9
2018.0,-12.0,1.0,0.0,2,4,3,0,0,0,1,9,1,1,2,1,1,1,1,16,3,9,0,1,0,2,1,0,7,2,5,7,9
2018.0,237.0,0.0,0.0,3,6,3,0,0,0,2,9,1,1,0,1,9,1,1,16,3,9,0,1,0,0,1,0,6,8,5,8,3
2018.0,-430.0,0.0,0.0,3,6,4,0,0,0,0,9,1,1,0,0,9,1,1,17,3,9,0,1,0,1,1,0,6,8,5,8,3
2018.0,161.0,3.0,0.0,2,4,3,0,0,0,0,5,1,1,0,0,9,1,1,17,3,9,0,1,0,1,1,0,0,2,5,3,9
2018.0,-23.0,0.0,0.0,3,10,0,0,0,0,0,1,1,1,0,0,1,1,1,20,3,9,0,0,0,0,1,0,7,9,5,3,3
2018.0,0.0,0.0,0.0,3,4,0,0,0,0,0,9,1,1,0,1,1,1,1,20,3,9,0,0,0,2,2,0,7,2,5,3,9
2018.0,-815.0,0.0,0.0,3,6,3,0,0,0,1,2,1,1,0,0,2,1,1,8,4,9,0,1,0,1,1,0,6,7,5,8,3
2018.0,110.0,0.0,0.0,3,12,3,0,0,0,1,8,1,1,0,1,8,1,1,9,4,9,0,1,0,1,0,0,6,5,5,5,5
2018.0,-268.0,0.0,0.0,3,6,3,0,0,0,0,9,1,1,0,0,9,1,1,9,4,9,0,1,0,0,2,0,0,8,5,9,3
2018.0,-50.0,0.0,0.0,3,6,3,0,0,0,1,1,1,1,0,1,1,1,1,10,4,9,0,0,0,2,1,0,7,8,5,8,3
2018.0,0.0,1.0,0.0,3,10,3,0,0,0,0,1,1,1,0,1,1,1,1,13,4,9,0,0,0,1,2,0,7,5,5,9,9
2018.0,-320.0,0.0,0.0,3,10,3,0,0,0,1,2,1,1,0,1,2,1,1,14,4,9,0,0,0,1,1,0,7,5,5,3,2
2018.0,85.0,0.0,0.0,3,6,3,0,0,0,2,2,1,1,0,0,2,1,1,15,4,9,0,0,0,0,1,0,7,7,5,8,3
2018.0,-491.0,1.0,0.0,3,4,3,0,0,0,1,7,1,1,0,1,1,1,1,16,4,9,0,1,0,1,1,0,0,2,5,3,9
2018.0,0.0,0.0,0.0,3,9,3,0,0,0,1,7,1,1,0,0,2,1,1,16,4,9,0,1,0,1,1,0,7,2,5,3,9
2018.0,0.0,0.0,0.0,3,10,3,0,0,0,0,5,1,1,0,1,5,1,1,16,4,9,0,1,0,1,0,0,7,4,5,9,9
2018.0,-100.0,0.0,0.0,3,6,3,0,0,0,1,5,1,1,0,1,5,1,1,16,4,9,0,1,0,1,1,0,8,7,5,8,3
2018.0,25.0,0.0,0.0,3,4,3,0,0,0,0,1,1,1,0,1,5,1,1,17,4,9,0,1,0,1,0,0,7,2,5,3,9
2018.0,60.0,1.0,0.0,2,6,0,0,3,0,1,5,1,1,0,0,5,1,1,19,4,9,0,1,0,2,2,0,7,8,5,3,2
2018.0,-15.0,0.0,0.0,3,10,0,0,0,0,0,4,1,1,0,0,4,1,1,19,4,9,0,1,0,1,1,0,7,9,5,9,9
2018.0,-100.0,0.0,0.0,3,6,0,0,0,0,1,9,1,1,0,1,9,1,1,19,4,9,0,1,0,2,0,0,6,8,5,8,3
2018.0,-100.0,0.0,0.0,3,6,0,0,0,0,2,2,1,1,0,0,2,1,1,20,4,9,0,0,0,0,2,0,6,9,5,3,2
2018.0,242.0,0.0,1.0,0,5,1,1,0,3,0,9,0,1,0,1,5,1,1,0,5,9,1,0,0,0,1,0,6,2,5,3,7
2018.0,-100.0,0.0,0.0,3,6,0,0,0,0,1,1,1,1,0,1,1,1,1,1,5,9,1,0,0,2,0,0,7,5,5,8,5
2018.0,50.0,0.0,0.0,3,6,0,0,0,0,1,1,1,1,1,1,1,1,1,2,5,9,1,0,0,1,1,0,6,9,5,6,3
2018.0,-16.0,0.0,0.0,3,6,3,0,0,0,1,1,1,1,0,0,1,1,1,11,5,9,1,0,0,1,1,0,7,7,5,8,3
2018.0,0.0,0.0,0.0,3,10,3,4,0,0,1,1,1,1,0,0,1,1,1,12,5,9,1,0,0,1,1,0,7,4,5,3,9
2018.0,-200.0,0.0,0.0,3,6,3,0,0,0,0,5,1,1,0,1,5,1,1,12,5,9,1,0,0,2,1,0,7,7,5,8,3
2018.0,0.0,0.0,0.0,3,4,3,0,0,0,1,6,1,1,0,1,5,1,1,13,5,9,1,0,0,1,1,0,7,4,5,3,9
2018.0,-140.0,0.0,0.0,3,6,3,0,0,0,0,2,1,1,0,1,2,1,1,16,5,9,1,1,0,2,2,0,6,7,5,3,3
2018.0,0.0,0.0,0.0,3,1,0,0,0,0,1,2,1,1,0,0,1,1,1,19,5,9,1,1,0,2,2,0,7,2,5,3,3
2018.0,-96.0,2.0,0.0,3,6,0,0,0,0,2,2,1,1,0,1,2,1,1,0,6,9,1,0,0,0,2,0,7,8,5,8,8
2018.0,-130.0,0.0,0.0,3,6,3,0,0,0,1,1,1,1,0,0,1,1,1,12,6,9,1,0,0,1,1,0,7,7,5,8,3
2018.0,100.0,0.0,0.0,3,6,2,0,0,0,1,2,1,1,0,0,2,1,1,16,6,9,1,1,0,2,1,0,7,7,5,8,3
2018.0,-20.0,0.0,0.0,3,12,0,0,0,0,2,2,1,1,0,0,2,1,1,20,6,9,1,0,0,0,0,0,7,5,5,3,5
2018.0,68.0,1.0,0.0,2,6,0,0,0,0,0,2,0,1,1,1,2,1,1,3,0,9,0,0,0,2,1,0,6,7,5,6,3
2018.0,1115.0,0.0,0.0,3,6,3,0,0,0,1,5,1,1,0,1,5,1,1,6,0,9,0,0,0,1,1,0,7,7,5,8,8
2018.0,400.0,0.0,0.0,3,6,3,0,0,0,1,9,1,1,0,0,9,1,1,8,0,9,0,1,0,1,1,0,7,8,5,8,3
2018.0,-135.0,0.0,0.0,3,12,3,0,0,0,2,8,1,1,1,1,2,1,1,9,0,9,0,1,0,0,1,0,6,5,5,8,5
2018.0,33.0,0.0,0.0,3,6,3,0,0,0,1,9,1,1,0,1,9,1,1,11,0,9,0,0,0,1,0,0,7,5,5,8,1
2018.0,-102.0,1.0,0.0,3,6,3,0,0,0,2,2,1,1,0,0,2,1,1,12,0,9,0,0,0,0,1,0,7,8,5,8,3
2018.0,-1463.0,2.0,0.0,2,10,3,0,0,0,1,2,1,1,0,0,2,1,1,13,0,9,0,0,0,1,2,0,6,8,5,3,3
2018.0,100.0,0.0,0.0,3,6,3,0,0,0,0,2,1,1,0,1,2,1,1,14,0,9,0,0,0,1,1,0,6,7,5,8,3
2018.0,-200.0,0.0,0.0,3,6,3,0,0,0,0,2,1,1,0,1,2,1,1,15,0,9,0,0,0,0,1,0,6,9,5,8,2
2018.0,0.0,0.0,0.0,3,4,3,0,0,0,0,9,1,1,0,1,1,1,1,16,0,9,0,1,0,2,1,0,6,2,5,3,9
2018.0,-100.0,0.0,0.0,3,10,3,0,0,0,1,1,1,1,0,1,1,1,1,16,0,9,0,1,0,1,1,0,7,9,5,3,2
2018.0,20.0,0.0,0.0,3,12,3,0,0,0,0,8,1,1,0,1,8,1,1,17,0,9,0,1,0,0,2,0,6,5,5,5,5
2018.0,0.0,1.0,0.0,2,6,3,0,0,0,0,1,1,1,0,0,1,1,1,17,0,9,0,1,0,2,2,0,7,5,5,8,8
2018.0,-5.0,0.0,0.0,3,6,3,0,0,0,0,1,1,1,0,1,1,1,1,17,0,9,0,1,0,2,1,0,7,7,5,8,3
2018.0,-12.0,1.0,0.0,2,4,3,0,0,0,1,9,1,1,2,1,1,1,1,17,0,9,0,1,0,2,1,0,7,2,5,7,9
2018.0,0.0,0.0,0.0,3,4,4,0,0,0,1,9,1,1,0,0,6,1,1,18,0,9,0,1,0,2,2,0,6,2,5,9,3
2018.0,12.0,1.0,0.0,2,6,0,0,0,2,0,2,1,1,0,1,2,1,1,19,0,9,0,1,0,1,1,0,7,2,5,9,3
2018.0,82.0,0.0,0.0,3,6,0,0,0,0,1,5,1,1,0,0,5,1,1,19,0,9,0,1,0,2,1,0,7,7,5,9,9
2018.0,0.0,0.0,0.0,3,4,0,0,0,0,1,9,1,1,0,0,1,1,1,19,0,9,0,1,0,1,2,0,7,2,5,3,9
2018.0,-117.0,1.0,0.0,3,6,0,0,0,0,1,5,1,1,0,1,5,1,1,20,0,9,0,0,0,2,2,0,6,8,5,3,3
2018.0,-75.0,0.0,0.0,3,10,0,0,0,0,1,5,1,1,0,1,5,1,1,20,0,9,0,0,0,2,1,0,6,9,5,3,2
2018.0,-50.0,0.0,0.0,3,6,0,0,0,0,1,1,1,1,0,0,1,1,1,21,0,9,0,0,0,2,2,0,7,7,5,8,3
2018.0,-50.0,0.0,0.0,3,6,4,0,0,0,0,1,1,1,0,1,1,1,1,21,0,9,0,0,0,2,2,0,6,7,7,3,3
2018.0,0.0,0.0,0.0,3,4,3,0,0,0,1,9,1,1,0,0,1,1,1,7,1,9,0,1,0,1,1,0,7,2,5,9,3
2018.0,-55.0,0.0,0.0,3,1,3,0,0,0,1,7,1,1,0,1,9,1,1,7,1,9,0,1,0,1,1,0,7,2,5,3,9
2018.0,30.0,1.0,0.0,2,6,3,0,0,0,1,9,1,1,0,1,9,1,1,8,1,9,0,1,0,1,1,0,7,7,5,8,3
2018.0,-35.0,0.0,0.0,3,6,3,0,0,0,0,1,1,1,0,1,1,1,1,8,1,9,0,1,0,1,1,0,7,8,5,8,3
2018.0,0.0,0.0,0.0,3,4,3,0,0,0,0,9,1,1,0,0,5,1,1,8,1,9,0,1,0,1,1,0,7,2,5,8,9
2018.0,110.0,0.0,0.0,3,6,3,0,0,0,1,9,1,1,0,1,9,1,1,9,1,9,0,1,0,1,1,0,7,7,5,8,3
2018.0,-107.0,1.0,0.0,3,10,3,0,0,0,0,2,1,1,0,0,2,1,1,12,1,9,0,0,0,2,2,0,7,9,5,3,2
2018.0,-125.0,0.0,0.0,3,10,3,0,0,0,1,9,1,1,0,1,9,1,1,13,1,9,0,0,0,0,1,0,6,9,5,3,2
2018.0,-60.0,0.0,0.0,3,6,3,0,0,0,0,5,1,1,0,0,5,1,1,14,1,9,0,0,0,0,1,0,7,7,5,8,3
2018.0,60.0,1.0,0.0,3,6,3,0,0,0,0,5,1,1,0,1,5,1,1,15,1,9,0,0,0,1,1,0,7,8,5,8,3
2018.0,-648.0,1.0,0.0,2,6,3,0,0,0,1,2,1,1,0,0,2,1,1,15,1,9,0,0,0,1,2,0,6,8,5,8,3
2018.0,-2748.0,2.0,0.0,2,1,3,0,0,0,1,1,1,1,0,1,5,1,1,15,1,9,0,0,0,1,0,0,0,2,5,3,3
2018.0,-95.0,0.0,0.0,3,6,3,0,0,0,1,1,1,1,0,0,1,1,1,16,1,9,0,1,0,1,1,0,7,7,5,8,3
2018.0,415.0,1.0,0.0,3,4,3,0,0,0,1,2,1,1,0,1,5,1,1,17,1,9,0,1,0,0,0,0,6,2,5,3,9
2018.0,215.0,0.0,0.0,3,6,3,0,0,0,0,1,1,1,0,0,1,1,1,17,1,9,0,1,0,2,1,0,6,7,5,3,3
2018.0,0.0,1.0,0.0,3,1,3,0,0,0,1,2,1,1,0,1,5,1,1,17,1,9,0,1,0,1,1,0,7,2,5,9,9
2018.0,-200.0,0.0,0.0,3,1,0,0,0,0,1,9,1,1,0,1,2,1,1,19,1,9,0,1,0,2,1,0,0,2,5,3,9
2018.0,-250.0,0.0,0.0,3,6,0,0,0,0,0,5,1,1,0,1,5,1,1,19,1,9,0,1,0,1,2,0,6,7,5,3,3
2018.0,70.0,0.0,0.0,3,10,0,0,0,0,0,9,1,1,0,0,9,1,1,19,1,9,0,1,0,2,2,0,6,9,5,3,2
2018.0,-497.0,7.0,0.0,2,4,3,0,0,0,0,6,1,1,0,0,2,1,1,7,2,9,0,1,0,1,1,0,0,5,5,3,9
2018.0,0.0,0.0,0.0,3,4,3,0,0,0,0,9,1,1,0,0,1,1,1,7,2,9,0,1,0,0,1,0,7,2,5,3,9
2018.0,0.0,0.0,0.0,3,10,3,0,0,0,0,9,1,1,0,1,9,1,1,8,2,9,0,1,0,1,1,0,6,4,5,9,9
2018.0,-50.0,0.0,0.0,3,6,3,0,0,0,1,1,1,1,0,0,1,1,1,9,2,9,0,1,0,1,1,0,6,7,5,8,9
2018.0,0.0,0.0,0.0,3,10,3,0,0,0,1,5,1,1,0,1,5,1,1,11,2,9,0,0,0,2,2,0,7,9,5,3,9
2018.0,0.0,1.0,0.0,2,1,3,0,0,2,1,2,1,1,0,0,9,1,1,12,2,9,0,0,0,1,2,0,7,2,5,3,3
2018.0,20.0,0.0,0.0,3,4,3,0,0,0,1,9,1,1,0,0,1,1,1,12,2,9,0,0,0,2,2,0,7,2,5,3,9
2018.0,-105.0,0.0,0.0,3,6,3,0,0,0,1,5,1,1,0,1,7,1,1,12,2,9,0,0,0,1,1,0,0,8,5,9,3
2018.0,1280.0,0.0,0.0,3,4,3,0,0,0,1,5,1,1,0,1,1,1,1,13,2,9,0,0,0,1,1,0,6,2,5,9,9
2018.0,0.0,3.0,0.0,2,4,3,0,0,0,0,1,1,1,0,1,9,1,1,13,2,9,0,0,0,2,0,0,7,2,5,3,9
2018.0,156.0,0.0,0.0,3,10,3,0,0,0,1,5,1,1,0,1,5,1,1,13,2,9,0,0,0,1,2,0,7,9,5,3,2
2018.0,0.0,2.0,0.0,3,4,3,0,0,0,0,1,1,1,0,1,6,1,1,14,2,9,0,0,0,2,1,0,7,2,5,3,9
2018.0,-80.0,0.0,0.0,3,6,3,0,0,0,1,1,1,1,0,0,1,1,1,14,2,9,0,0,0,1,1,0,7,8,5,8,8
2018.0,-105.0,0.0,0.0,3,6,3,0,0,0,1,2,1,1,0,0,2,1,1,15,2,9,0,0,0,1,1,0,7,7,5,8,3
2018.0,0.0,0.0,0.0,3,4,3,0,0,0,0,7,1,1,0,1,1,1,1,16,2,9,0,1,0,1,1,0,7,2,5,3,9
2018.0,188.0,0.0,0.0,3,10,3,0,0,0,0,5,1,1,0,1,5,1,1,17,2,9,0,1,0,1,1,0,7,9,5,3,2
2018.0,-82.0,0.0,0.0,3,6,3,0,0,0,2,2,1,1,0,0,2,1,1,17,2,9,0,1,0,0,1,0,7,8,5,8,3
2018.0,0.0,1.0,0.0,3,4,3,0,0,0,1,9,1,1,0,0,5,1,1,17,2,9,0,1,0,1,1,0,7,2,5,9,3
2018.0,0.0,0.0,0.0,3,4,0,0,0,0,1,9,1,1,0,1,1,1,1,19,2,9,0,1,0,1,2,0,7,2,5,3,9
2018.0,0.0,1.0,0.0,3,1,0,0,0,0,1,2,1,1,0,1,9,1,1,4,3,9,0,0,0,2,1,0,7,7,5,3,3
2018.0,-193.0,1.0,0.0,2,1,3,0,0,0,1,5,1,1,2,1,9,1,1,5,3,9,0,0,0,1,1,0,8,2,5,7,3
2018.0,0.0,1.0,0.0,2,4,3,0,0,0,1,1,1,1,0,0,9,1,1,7,3,9,0,1,0,2,1,0,7,2,5,3,9
2018.0,225.0,2.0,0.0,2,9,3,0,0,0,1,2,1,1,0,0,5,1,1,7,3,9,0,1,0,2,1,0,6,5,5,3,3
2018.0,532.0,0.0,0.0,3,4,3,0,0,0,1,2,1,1,0,0,1,1,1,11,3,9,0,0,0,2,2,0,0,2,5,3,9
2018.0,0.0,1.0,0.0,2,1,3,0,0,0,0,9,1,1,0,0,5,1,1,13,3,9,0,0,0,0,1,0,7,2,5,3,3
2018.0,766.0,0.0,0.0,3,10,3,0,0,0,0,1,1,1,0,0,1,1,1,13,3,9,0,0,0,2,1,0,6,9,5,3,2
2018.0,200.0,0.0,0.0,3,1,3,0,0,0,1,4,1,1,0,0,9,1,1,15,3,9,0,0,0,2,1,0,6,9,5,3,5
2018.0,0.0,3.0,0.0,2,1,3,0,0,0,1,6,1,1,0,0,9,1,1,15,3,9,0,0,0,1,2,0,0,2,5,3,9
2018.0,-400.0,0.0,0.0,3,10,3,0,0,0,1,2,1,1,0,0,2,1,1,15,3,9,0,0,0,1,1,0,6,9,5,3,3
2018.0,-334.0,0.0,0.0,3,1,3,0,0,0,1,7,1,1,0,0,5,1,1,15,3,9,0,0,0,2,2,0,6,9,5,3,9
2018.0,-25.0,1.0,0.0,3,6,3,0,0,0,0,1,1,1,0,0,1,1,1,15,3,9,0,0,0,0,1,0,7,7,5,3,3
2018.0,-67.0,1.0,0.0,2,6,3,0,0,0,1,5,1,1,0,0,5,1,1,15,3,9,0,0,0,1,1,0,6,8,5,8,3
2018.0,0.0,2.0,0.0,3,4,3,0,0,0,1,9,1,1,0,0,5,1,1,16,3,9,0,1,0,0,1,0,7,2,5,3,9
2018.0,0.0,2.0,0.0,2,6,3,0,0,0,0,1,1,1,0,0,1,1,1,16,3,9,0,1,0,1,2,0,7,8,5,8,3
2018.0,-106.0,1.0,0.0,3,6,3,0,0,0,1,1,1,1,0,1,1,1,1,17,3,9,0,1,0,1,1,0,7,8,5,8,3
2018.0,0.0,0.0,0.0,3,4,3,0,0,0,1,1,1,1,0,0,9,1,1,17,3,9,0,1,0,1,2,0,7,5,5,3,9
2018.0,0.0,0.0,0.0,3,10,4,0,0,0,1,5,1,1,0,1,5,1,1,18,3,9,0,1,0,2,0,0,7,4,5,3,9
2018.0,-350.0,0.0,0.0,3,4,0,0,0,0,1,9,1,1,0,1,2,1,1,20,3,9,0,0,0,2,2,0,0,9,5,3,9
2018.0,-100.0,0.0,0.0,3,6,0,0,0,0,1,1,1,1,0,0,1,1,1,20,3,9,0,0,0,1,1,0,7,8,5,8,8
2018.0,-125.0,0.0,0.0,3,10,0,0,0,0,0,1,1,1,0,1,1,1,1,4,4,9,0,0,0,1,1,0,7,9,5,3,2
2018.0,-538.0,1.0,0.0,3,6,3,0,0,0,1,9,1,1,0,1,9,1,1,7,4,9,0,1,0,1,1,0,6,8,5,8,3
2018.0,300.0,1.0,0.0,3,6,3,0,0,0,0,1,1,1,0,0,1,1,1,7,4,9,0,1,0,1,1,0,6,8,5,8,3
2018.0,0.21,2.0,0.0,2,4,3,0,0,0,0,3,1,1,0,0,2,1,1,8,4,9,0,1,0,1,2,0,0,5,5,3,9
2018.0,-10.0,0.0,0.0,3,10,3,0,0,0,1,9,1,1,0,1,9,1,1,9,4,9,0,1,0,0,1,0,7,9,5,3,3
2018.0,50.0,0.0,0.0,3,1,5,0,0,0,1,1,1,1,0,1,1,1,1,10,4,9,0,0,0,1,2,0,6,5,5,9,3