Year,Distance,Totalinjuries,Totalfatalities,Injuryseverity,Collisionmanner,Lightcondition,Weather,SurfaceCondition,Unittype_One,Gender_Drv1,Traveldirection_One,AlcoholUse_Drv1,DrugUse_Drv1,Unittype_Two,Gender_Drv2,Traveldirection_Two,AlcoholUse_Drv2,DrugUse_Drv2,Hour,Weekday,Month,Weekend,Rush_Hour,Hazardous_Road,Age_Group_Drv1,Age_Group_Drv2,Substance_Use,Junction_Category,Violation_Category_Drv1,Violation_Category_Drv2,Unitaction_Category_Two,Unitaction_Category_One
2018.0,165.0,0.0,0.0,3,4,3,0,0,0,1,1,1,1,0,0,5,1,1,12,4,9,0,0,0,2,1,0,7,2,5,3,9
2018.0,-61.0,1.0,0.0,3,10,3,0,0,0,0,1,1,1,0,1,1,1,1,13,4,9,0,0,0,1,1,0,7,9,5,3,2
2018.0,0.0,0.0,0.0,3,4,3,0,0,0,0,5,1,1,0,0,1,1,1,13,4,9,0,0,0,0,1,0,7,2,5,9,3
2018.0,600.0,0.0,0.0,3,6,3,0,0,0,0,1,1,1,0,1,1,1,1,15,4,9,0,0,0,1,1,0,6,7,5,3,3
2018.0,101.0,0.0,0.0,3,6,3,0,0,0,1,1,1,1,0,0,1,1,1,15,4,9,0,0,0,1,1,0,6,8,5,8,3
2018.0,-30.0,0.0,0.0,3,4,3,0,0,0,1,3,1,1,0,1,5,1,1,15,4,9,0,0,0,2,1,0,0,7,5,3,9
2018.0,100.0,0.0,0.0,3,6,3,0,0,0,1,9,1,1,0,1,9,1,1,15,4,9,0,0,0,1,2,0,7,8,5,8,3
2018.0,-80.0,0.0,0.0,3,6,3,0,0,0,1,1,1,1,0,1,1,1,1,16,4,9,0,1,0,1,0,0,7,7,5,8,3
2018.0,121.0,0.0,0.0,3,6,3,0,0,0,1,9,1,1,0,0,9,1,1,17,4,9,0,1,0,2,1,0,7,8,5,8,3
2018.0,-50.0,0.0,0.0,3,1,3,0,0,0,1,5,1,1,0,0,9,1,1,17,4,9,0,1,0,2,2,0,7,4,5,3,9
2018.0,-110.0,0.0,0.0,3,6,4,0,0,0,1,2,1,1,0,1,2,1,1,18,4,9,0,1,0,1,1,0,7,8,5,8,3
2018.0,-0.28,0.0,0.0,3,6,0,0,0,0,1,9,1,1,0,1,9,1,1,19,4,9,0,1,0,1,1,0,7,8,5,8,3
2018.0,-80.0,0.0,0.0,3,10,0,0,0,0,0,2,1,1,0,0,5,1,1,19,4,9,0,1,0,2,2,0,7,5,5,9,9
2018.0,75.0,0.0,0.0,3,6,0,0,3,0,0,5,1,1,0,1,5,1,1,19,4,9,0,1,0,2,1,0,7,8,5,8,3
2018.0,0.0,0.0,0.0,3,4,0,0,0,0,1,9,1,1,0,1,2,1,1,21,4,9,0,0,0,2,1,0,7,2,5,3,9
2018.0,0.0,3.0,0.0,2,4,0,0,0,0,0,5,1,1,0,1,9,1,1,22,4,9,0,0,0,1,1,0,7,2,5,9,3
2018.0,0.0,0.0,0.0,3,4,0,0,0,0,0,5,1,1,0,1,2,1,1,23,4,9,0,0,0,2,2,0,7,2,5,3,9
2018.0,66.0,0.0,0.0,3,6,0,0,0,0,1,5,1,1,0,1,5,1,1,0,5,9,1,0,0,2,1,0,7,7,5,8,3
2018.0,-75.0,0.0,0.0,3,6,3,0,0,0,0,9,1,1,0,0,9,1,1,9,5,9,1,1,0,1,1,0,7,7,5,8,8
2018.0,20.0,1.0,0.0,3,6,3,0,0,0,0,5,1,1,0,1,5,1,1,12,5,9,1,0,0,1,1,0,7,7,5,8,8
2018.0,0.2,0.0,0.0,3,10,5,4,3,0,2,8,1,1,0,0,8,1,1,15,5,9,1,0,0,0,1,0,0,5,5,5,5
2018.0,0.0,0.0,0.0,3,4,3,0,0,0,1,7,1,1,0,0,7,1,1,16,5,9,1,1,0,1,1,0,7,9,9,9,9
2018.0,0.0,0.0,0.0,3,4,3,0,0,0,1,1,0,1,0,1,5,1,1,17,5,9,1,1,0,1,1,0,7,2,5,9,3
2018.0,115.0,2.0,0.0,3,6,0,0,0,0,1,9,1,1,0,1,9,1,1,18,5,9,1,1,0,2,1,0,7,8,5,8,3
2018.0,-175.0,1.0,0.0,3,6,0,0,0,0,1,2,1,1,0,0,2,1,1,19,5,9,1,1,0,2,2,0,7,8,5,8,3
2018.0,0.0,3.0,0.0,2,1,0,0,0,0,0,2,1,1,0,1,5,1,1,20,5,9,1,0,0,2,1,0,7,9,5,8,9
2018.0,-1110.0,0.0,0.0,3,10,0,1,0,0,1,2,1,1,0,0,2,1,1,22,5,9,1,0,0,1,1,0,6,8,5,9,2
2018.0,100.0,0.0,0.0,3,6,0,0,0,0,1,2,1,1,0,0,2,1,1,23,5,9,1,0,0,0,2,0,6,7,5,8,3
2018.0,0.0,1.0,0.0,2,1,0,0,0,2,1,2,1,1,0,1,1,1,1,0,6,9,1,0,0,1,1,0,7,5,5,9,9
2018.0,-50.0,0.0,0.0,3,1,0,0,0,0,0,5,0,1,0,0,9,1,1,2,6,9,1,0,0,1,1,0,6,5,5,5,5
2018.0,35.0,0.0,0.0,3,6,3,0,0,0,2,1,1,1,0,0,1,1,1,11,6,9,1,0,0,0,1,0,7,5,5,8,5
2018.0,-2.0,0.0,0.0,3,10,3,0,0,0,1,2,1,1,0,1,2,1,1,15,6,9,1,0,0,2,2,0,7,9,5,9,2
2018.0,10.0,0.0,0.0,3,4,0,3,4,0,1,9,1,1,0,1,1,1,1,18,6,9,1,1,1,2,1,0,7,2,5,3,8
2018.0,-670.0,1.0,0.0,3,4,0,3,4,0,1,1,1,1,0,1,1,1,1,22,6,9,1,0,1,1,1,0,0,4,5,3,9
2018.0,0.0,0.0,0.0,3,10,0,3,4,0,1,6,1,1,0,0,6,1,1,0,0,10,0,0,1,2,1,0,7,7,5,9,9
2018.0,-10.0,1.0,0.0,2,1,0,3,4,2,0,9,1,1,0,1,5,1,1,5,0,10,0,0,1,2,1,0,7,5,5,9,7
2018.0,0.0,1.0,0.0,2,1,3,0,0,0,0,5,1,1,0,1,1,1,1,6,0,10,0,0,0,1,1,0,7,2,5,3,3
2018.0,0.0,1.0,0.0,3,1,3,3,4,0,0,2,1,1,0,1,1,1,1,7,0,10,0,1,1,2,0,0,7,2,5,3,9
2018.0,-100.0,0.0,0.0,3,6,3,0,0,0,2,9,1,1,0,0,9,1,1,7,0,10,0,1,0,0,1,0,6,8,5,8,3
2018.0,-100.0,0.0,0.0,3,10,3,0,0,0,0,2,1,1,1,1,2,1,1,7,0,10,0,1,0,1,0,0,6,7,5,6,3
2018.0,-200.0,0.0,0.0,3,6,3,3,4,0,1,2,1,1,0,1,2,1,1,12,0,10,0,0,1,2,1,0,7,8,5,3,3
2018.0,0.0,0.0,0.0,3,0,3,0,4,0,1,1,1,1,0,1,9,1,1,12,0,10,0,0,1,2,1,0,7,2,5,3,9
2018.0,0.0,2.0,0.0,2,1,3,3,4,0,1,1,1,1,0,1,5,1,1,13,0,10,0,0,1,0,1,0,7,5,5,3,3
2018.0,159.0,0.0,0.0,3,5,3,1,4,0,1,2,1,1,0,0,5,1,1,15,0,10,0,0,1,2,2,0,7,5,5,8,1
2018.0,-424.0,0.0,0.0,3,4,3,3,4,0,0,5,1,1,0,1,2,1,1,17,0,10,0,1,1,2,1,0,0,2,5,3,9
2018.0,-90.0,0.0,0.0,3,3,0,4,0,0,1,5,1,1,0,1,2,1,1,18,0,10,0,1,0,1,1,0,7,7,5,3,9
2018.0,-500.0,0.0,0.0,3,10,0,3,0,0,0,5,1,1,0,1,5,1,1,20,0,10,0,0,0,2,1,0,6,9,5,3,2
2018.0,75.0,0.0,0.0,3,6,0,3,4,0,1,9,1,1,0,0,9,1,1,22,0,10,0,0,1,1,2,0,7,7,5,9,3
2018.0,0.0,1.0,0.0,3,6,3,3,4,0,0,2,1,1,0,1,2,1,1,8,1,10,0,1,1,1,1,0,6,7,5,8,3
2018.0,-274.0,0.0,0.0,3,10,3,3,4,0,0,2,1,1,0,1,2,1,1,8,1,10,0,1,1,1,1,0,6,9,5,3,2
2018.0,200.0,0.0,0.0,3,1,3,3,4,0,1,5,1,1,0,0,9,1,1,8,1,10,0,1,1,1,2,0,0,2,5,3,9
2018.0,420.0,0.0,0.0,3,6,3,0,4,0,1,1,1,1,0,0,1,1,1,8,1,10,0,1,1,1,2,0,6,7,5,8,3
2018.0,75.0,0.0,0.0,3,1,3,3,4,0,0,5,1,1,0,0,9,1,1,8,1,10,0,1,1,1,2,0,7,2,5,3,9
2018.0,0.0,0.0,0.0,3,4,3,3,4,0,0,9,1,1,0,1,1,1,1,11,1,10,0,0,1,0,1,0,7,2,5,3,9
2018.0,-90.0,0.0,0.0,3,6,3,3,4,0,1,2,1,1,0,1,2,1,1,11,1,10,0,0,1,2,2,0,7,7,5,8,3
2018.0,0.0,0.0,0.0,3,4,3,3,4,0,0,2,1,1,0,0,5,1,1,12,1,10,0,0,1,1,2,0,7,5,5,9,3
2018.0,-100.0,0.0,0.0,3,6,3,0,4,0,1,1,1,1,0,0,1,1,1,12,1,10,0,0,1,1,2,0,6,8,5,8,3
2018.0,-110.0,0.0,0.0,3,6,3,1,0,0,1,2,1,1,0,1,2,1,1,12,1,10,0,0,0,1,1,0,7,8,5,8,3
2018.0,-122.0,1.0,0.0,2,1,3,1,4,2,0,2,1,1,0,1,1,1,1,13,1,10,0,0,1,1,2,0,0,5,5,9,3
2018.0,294.0,2.0,0.0,2,6,3,1,4,0,0,9,1,1,0,0,9,1,1,14,1,10,0,0,1,1,1,0,7,8,5,8,3
2018.0,-718.0,2.0,0.0,2,4,3,1,4,0,1,2,1,1,0,0,5,1,1,15,1,10,0,0,1,1,2,0,0,2,2,9,9
2018.0,0.0,0.0,0.0,3,4,3,1,4,0,1,1,1,1,0,0,9,1,1,15,1,10,0,0,1,1,2,0,7,2,5,3,9
2018.0,0.0,3.0,0.0,2,4,3,1,4,0,0,9,1,1,0,0,1,1,1,17,1,10,0,1,1,2,1,0,0,2,5,3,9
2018.0,-80.0,0.0,0.0,3,3,0,3,4,0,0,5,0,1,0,1,2,1,1,19,1,10,0,1,1,1,2,0,7,7,5,3,9
2018.0,450.0,0.0,0.0,3,5,0,0,0,0,2,8,1,1,0,0,8,1,1,21,1,10,0,0,0,0,2,0,6,5,5,6,5
2018.0,-377.0,0.0,0.0,3,6,1,0,0,0,1,5,1,1,0,0,5,1,1,3,2,10,0,0,0,2,0,0,6,2,5,3,2
2018.0,-99.0,0.0,0.0,3,6,3,1,4,0,1,2,1,1,0,1,2,1,1,8,2,10,0,1,1,1,1,0,7,8,5,8,3
2018.0,0.0,0.0,0.0,3,6,3,1,0,0,0,5,1,1,0,1,5,1,1,9,2,10,0,1,0,0,1,0,7,7,5,8,3
2018.0,-543.0,0.0,0.0,3,1,3,1,0,2,1,9,1,1,0,1,2,1,1,10,2,10,0,0,0,1,1,0,6,5,5,9,3
2018.0,0.0,0.0,1.0,0,1,3,1,0,0,1,1,1,1,0,1,5,1,1,13,2,10,0,0,0,0,1,0,7,2,5,3,9
2018.0,0.0,0.0,0.0,3,4,3,1,0,0,0,2,1,1,0,0,5,1,1,14,2,10,0,0,0,2,1,0,0,2,5,3,9
2018.0,-129.0,0.0,0.0,3,10,3,0,0,0,1,2,1,1,0,1,2,1,1,14,2,10,0,0,0,1,1,0,7,9,5,3,2
2018.0,-30.0,0.0,0.0,3,10,3,0,0,0,1,2,1,1,0,1,2,1,1,14,2,10,0,0,0,1,1,0,7,9,5,3,3
2018.0,280.0,1.0,0.0,3,6,3,0,0,0,1,1,1,1,0,1,1,1,1,16,2,10,0,1,0,2,2,0,6,8,5,8,3
2018.0,0.0,2.0,0.0,2,4,3,0,0,0,0,9,1,1,0,0,1,1,1,16,2,10,0,1,0,1,1,0,7,2,5,3,9
2018.0,-55.0,0.0,0.0,3,10,3,0,0,0,0,1,1,1,0,0,9,1,1,16,2,10,0,1,0,1,2,0,7,4,5,9,9
2018.0,0.0,0.0,0.0,3,4,4,0,0,0,0,9,1,1,0,1,5,1,1,17,2,10,0,1,0,1,2,0,7,5,5,3,9
2018.0,575.0,0.0,0.0,3,4,3,0,0,0,1,9,1,1,0,0,1,1,1,18,2,10,0,1,0,1,1,0,6,2,5,3,9
2018.0,50.0,0.0,0.0,3,5,0,0,0,0,1,1,1,1,0,1,9,1,1,18,2,10,0,1,0,1,1,0,7,5,5,8,1
2018.0,0.0,0.0,0.0,3,12,0,0,3,0,1,8,1,1,0,0,8,1,1,21,2,10,0,0,0,2,1,0,6,5,5,5,5
2018.0,-10.0,1.0,0.0,2,1,0,0,0,0,2,1,1,1,2,0,9,1,1,0,3,10,0,0,0,0,1,0,7,9,5,3,9
2018.0,0.0,1.0,0.0,3,4,3,0,0,0,0,5,1,1,0,0,2,1,1,5,3,10,0,0,0,1,1,0,7,2,5,9,3
2018.0,560.0,0.0,0.0,3,10,3,1,0,0,2,1,1,1,0,0,1,1,1,7,3,10,0,1,0,0,2,0,0,9,5,3,2
2018.0,-100.0,0.0,0.0,3,10,3,0,0,0,0,1,1,1,0,1,1,1,1,7,3,10,0,1,0,2,1,0,7,9,5,2,2
2018.0,0.0,0.0,0.0,3,4,3,0,0,0,1,1,1,1,0,1,9,1,1,7,3,10,0,1,0,1,2,0,7,2,5,3,9
2018.0,0.0,0.0,0.0,3,4,3,0,0,0,0,9,1,1,0,0,1,1,1,10,3,10,0,0,0,0,1,0,7,2,5,9,3
2018.0,86.0,1.0,0.0,3,6,3,1,0,0,0,5,1,1,0,1,5,1,1,12,3,10,0,0,0,1,0,0,7,8,5,8,3
2018.0,-115.0,0.0,0.0,3,6,3,0,0,0,2,2,1,1,0,0,2,1,1,13,3,10,0,0,0,0,1,0,7,8,5,8,3
2018.0,-74.0,1.0,0.0,2,6,3,0,0,0,1,2,1,1,0,1,2,1,1,14,3,10,0,0,0,2,0,0,7,8,5,8,3
2018.0,-210.0,1.0,0.0,3,6,3,0,0,0,1,1,1,1,0,1,1,1,1,16,3,10,0,1,0,1,1,0,6,8,5,3,3
2018.0,316.0,0.0,0.0,3,4,3,0,0,0,1,9,1,1,0,0,1,1,1,17,3,10,0,1,0,0,1,0,7,2,5,3,9
2018.0,0.0,0.0,0.0,3,4,4,0,0,0,1,9,1,1,0,0,1,1,1,18,3,10,0,1,0,2,0,0,7,2,5,3,9
2018.0,0.0,0.0,0.0,3,4,0,0,0,0,0,9,1,1,0,1,1,1,1,19,3,10,0,1,0,2,2,0,7,2,5,3,9
2018.0,0.0,3.0,0.0,2,4,0,0,0,0,0,2,1,1,0,1,5,1,1,20,3,10,0,0,0,0,2,0,7,2,5,9,3
2018.0,0.0,1.0,0.0,3,4,0,0,0,0,1,9,1,1,0,0,1,1,1,21,3,10,0,0,0,1,2,0,7,2,5,3,9
2018.0,0.0,0.0,0.0,3,4,3,0,0,0,1,2,1,1,0,1,1,1,1,7,4,10,0,1,0,2,2,0,7,2,5,3,9
2018.0,-110.0,0.0,0.0,3,10,3,0,0,0,1,1,1,1,0,1,1,1,1,11,4,10,0,0,0,2,1,0,6,5,5,3,2
2018.0,0.0,0.0,0.0,3,6,3,0,0,0,0,1,1,1,0,0,1,1,1,11,4,10,0,0,0,0,1,0,7,7,5,8,3
2018.0,-480.0,0.0,0.0,3,1,0,4,0,0,1,5,1,1,0,1,5,1,1,13,4,10,0,0,0,2,2,0,6,2,5,1,2
2018.0,45.0,1.0,0.0,3,6,3,0,0,0,0,9,1,1,0,1,9,1,1,13,4,10,0,0,0,1,1,0,7,8,5,8,3
2018.0,100.0,0.0,0.0,3,10,3,0,0,0,0,2,1,1,0,1,2,1,1,14,4,10,0,0,0,2,1,0,7,9,5,3,3
2018.0,0.0,0.0,0.0,3,10,3,4,3,0,2,8,1,1,0,0,9,1,1,14,4,10,0,0,0,0,1,0,7,5,5,5,5
2018.0,-75.0,1.0,0.0,3,6,3,0,0,0,1,5,1,1,0,0,5,1,1,16,4,10,0,1,0,1,1,0,6,8,5,8,3
2018.0,-105.0,0.0,0.0,3,10,4,0,3,0,2,9,1,1,1,1,9,1,1,18,4,10,0,1,0,0,1,0,6,9,5,6,3
2018.0,100.0,0.0,0.0,3,4,0,0,0,0,0,9,1,1,0,1,1,1,1,18,4,10,0,1,0,1,1,0,0,2,5,3,9
2018.0,0.25,5.0,0.0,3,4,0,0,0,0,1,1,1,1,0,0,9,1,1,18,4,10,0,1,0,2,2,0,6,2,5,3,9
2018.0,0.0,0.0,0.0,3,4,3,1,4,0,0,2,1,1,0,1,5,1,1,19,4,10,0,1,1,2,0,0,7,4,5,3,9
2018.0,161.0,0.0,0.0,3,6,0,0,0,0,1,5,0,1,0,0,5,1,1,23,4,10,0,0,0,2,1,0,7,7,5,8,3
2018.0,0.0,4.0,0.0,2,1,0,0,0,0,1,5,1,1,0,1,9,1,1,1,5,10,1,0,0,1,1,0,7,2,5,3,3
2018.0,0.0,0.0,0.0,3,6,3,0,0,0,0,2,1,1,0,0,2,1,1,11,5,10,1,0,0,2,2,0,7,8,5,8,3
2018.0,-106.0,0.0,0.0,3,6,3,0,0,0,0,3,0,0,0,1,3,1,1,13,5,10,1,0,0,1,1,0,7,7,5,8,9
2018.0,0.0,2.0,0.0,2,1,0,0,0,0,1,1,1,1,0,1,5,1,1,22,5,10,1,0,0,2,1,0,7,2,5,3,3
2018.0,0.0,0.0,0.0,3,4,3,0,0,0,0,5,1,1,0,0,1,1,1,14,6,10,1,0,0,2,1,0,7,2,5,9,8
2018.0,-40.0,0.0,0.0,3,6,3,0,0,0,1,8,1,1,0,1,8,1,1,15,6,10,1,0,0,2,1,0,6,8,5,5,5
2018.0,-34.0,0.0,0.0,3,10,3,0,0,0,0,1,1,1,0,0,1,1,1,16,6,10,1,1,0,1,2,0,7,9,5,3,2
2018.0,0.0,1.0,0.0,3,5,0,0,0,0,0,4,1,1,0,1,5,1,1,18,6,10,1,1,0,2,1,0,7,2,5,3,9
2018.0,760.0,3.0,0.0,2,10,3,0,0,0,0,5,1,1,0,0,5,1,1,7,0,10,0,1,0,1,1,0,6,9,5,3,2
2018.0,-55.0,0.0,0.0,3,6,3,0,0,0,0,2,1,1,0,1,2,1,1,8,0,10,0,1,0,0,1,0,7,8,5,8,3
2018.0,-75.0,0.0,0.0,3,6,3,0,3,0,1,2,1,1,0,1,2,1,1,8,0,10,0,1,0,1,1,0,7,7,5,3,2
2018.0,165.0,0.0,0.0,3,10,3,0,0,0,1,2,1,1,0,1,2,1,1,15,0,10,0,0,0,1,1,0,6,9,5,3,2
2018.0,-260.0,0.0,0.0,3,6,3,0,0,0,1,1,0,1,0,0,1,1,1,16,0,10,0,1,0,1,0,0,7,7,5,8,3
2018.0,0.0,1.0,0.0,2,1,3,0,0,0,0,1,1,1,0,0,5,1,1,16,0,10,0,1,0,0,2,0,7,2,5,3,9
2018.0,-1100.0,0.0,0.0,3,10,0,0,0,0,0,1,1,1,0,1,1,1,1,19,0,10,0,1,0,1,2,0,6,9,7,3,2
2018.0,-10.0,1.0,0.0,3,1,0,0,0,3,1,1,1,1,0,1,2,1,1,20,0,10,0,0,0,2,0,0,6,5,5,9,7
2018.0,100.0,0.0,0.0,3,1,0,0,0,0,1,5,1,1,0,1,5,1,1,20,0,10,0,0,0,2,1,0,6,4,5,3,9
2018.0,-200.0,0.0,0.0,3,10,0,0,0,0,0,1,1,1,0,1,1,1,1,22,0,10,0,0,0,2,2,0,6,9,5,3,2
2018.0,0.25,0.0,0.0,3,1,0,0,0,0,2,1,1,1,0,1,3,1,1,4,1,10,0,0,0,0,1,0,6,5,5,9,3
2018.0,20.0,0.0,0.0,3,10,3,0,0,0,1,9,1,1,0,1,9,1,1,6,1,10,0,0,0,1,1,0,7,5,5,3,9
2018.0,-90.0,0.0,0.0,3,6,3,0,0,0,1,1,1,1,0,1,1,1,1,7,1,10,0,1,0,2,1,0,6,8,5,8,3
2018.0,142.0,0.0,0.0,3,10,3,0,0,0,1,9,1,1,0,0,9,1,1,7,1,10,0,1,0,2,2,0,7,9,5,3,2
2018.0,-520.0,1.0,0.0,2,6,3,0,0,0,1,1,1,0,0,1,1,1,1,8,1,10,0,1,0,2,1,0,6,8,5,8,3
2018.0,150.0,1.0,0.0,3,5,3,0,0,0,1,2,1,1,3,0,9,1,1,8,1,10,0,1,0,1,0,0,6,2,5,7,1
2018.0,25.0,2.0,0.0,3,6,3,0,0,0,1,5,1,1,0,1,5,1,1,8,1,10,0,1,0,1,1,0,7,8,5,8,3
2018.0,250.0,0.0,0.0,3,12,3,0,0,0,2,8,1,1,1,1,8,1,1,9,1,10,0,1,0,0,1,0,6,5,5,6,5
2018.0,0.0,0.0,0.0,3,1,3,0,0,0,1,1,1,1,0,1,9,1,1,11,1,10,0,0,0,1,0,0,2,2,5,3,9
2018.0,-20.0,0.0,0.0,3,6,3,0,0,0,1,1,1,1,0,0,1,1,1,12,1,10,0,0,0,2,0,0,7,8,5,8,3
2018.0,-138.0,0.0,0.0,3,6,3,0,0,0,0,2,1,1,0,1,2,1,1,12,1,10,0,0,0,2,1,0,7,8,5,8,3
2018.0,-60.0,2.0,0.0,2,6,3,0,0,0,1,2,0,1,0,0,2,1,1,12,1,10,0,0,0,1,1,0,7,7,5,8,3
2018.0,46.0,0.0,0.0,3,12,0,0,0,0,2,8,1,1,1,1,9,1,1,13,1,10,0,0,0,0,1,0,7,5,5,6,5
2018.0,-43.0,1.0,0.0,3,4,3,0,0,0,1,7,1,1,0,1,2,1,1,13,1,10,0,0,0,2,1,0,0,2,5,3,9
2018.0,-696.0,0.0,0.0,3,6,3,0,0,0,0,9,1,1,0,1,9,1,1,14,1,10,0,0,0,1,0,0,6,8,5,8,3
2018.0,-66.0,1.0,0.0,3,6,3,0,0,0,1,1,1,1,0,0,1,1,1,14,1,10,0,0,0,0,1,0,7,8,5,8,3
2018.0,-265.0,0.0,0.0,3,10,3,0,0,0,2,2,1,1,0,1,2,1,1,15,1,10,0,0,0,0,1,0,6,9,5,3,2
2018.0,0.0,1.0,0.0,2,1,3,0,0,0,1,9,1,1,0,0,5,1,1,16,1,10,0,1,0,2,1,0,7,2,5,3,3
2018.0,-699.0,1.0,0.0,2,6,3,0,0,0,0,1,1,1,0,1,1,1,1,17,1,10,0,1,0,1,1,0,6,8,5,8,3
2018.0,-702.0,0.0,0.0,3,4,4,0,0,0,1,1,1,1,0,1,9,1,1,18,1,10,0,1,0,2,1,0,0,2,5,3,9
2018.0,-275.0,1.0,0.0,3,6,4,0,0,0,1,1,0,1,0,0,1,1,1,18,1,10,0,1,0,2,1,0,6,7,5,8,3
2018.0,0.0,0.0,0.0,3,6,1,0,0,0,0,2,1,1,0,1,2,1,1,19,1,10,0,1,0,1,2,0,6,7,5,8,3
2018.0,0.0,0.0,0.0,3,10,0,0,0,0,1,3,1,1,0,1,3,1,1,20,1,10,0,0,0,1,1,0,7,5,5,9,9
2018.0,0.0,2.0,0.0,3,4,3,0,0,0,0,1,1,1,0,0,9,1,1,6,2,10,0,0,0,1,1,0,7,2,5,3,9
2018.0,117.0,1.0,0.0,3,6,3,0,0,0,0,9,1,1,0,1,9,1,1,7,2,10,0,1,0,1,1,0,7,8,5,8,3
2018.0,131.0,1.0,0.0,3,6,3,0,0,0,1,9,1,1,0,0,9,1,1,7,2,10,0,1,0,2,1,0,7,8,5,8,3
2018.0,255.0,0.0,0.0,3,5,3,0,0,0,1,1,1,1,1,1,2,1,1,9,2,10,0,1,0,1,1,0,6,5,5,6,1
2018.0,-66.0,1.0,0.0,2,6,3,0,0,0,1,2,1,1,0,0,2,1,1,11,2,10,0,0,0,1,1,0,7,8,5,8,3
2018.0,80.0,0.0,0.0,3,10,3,0,0,0,0,9,1,1,0,1,9,1,1,13,2,10,0,0,0,2,2,0,7,9,5,3,2
2018.0,-1818.0,1.0,0.0,3,10,3,0,0,0,1,1,1,1,0,0,1,1,1,15,2,10,0,0,0,1,1,0,0,9,5,3,2
2018.0,0.0,0.0,0.0,3,10,3,0,0,0,0,2,1,1,0,1,2,1,1,15,2,10,0,0,0,2,1,0,7,9,5,3,2
2018.0,50.0,1.0,0.0,3,6,3,0,0,0,0,1,1,1,0,1,1,1,1,15,2,10,0,0,0,0,0,0,6,8,5,8,3
2018.0,0.0,0.0,0.0,3,4,3,0,0,0,1,1,1,1,0,1,9,1,1,15,2,10,0,0,0,1,2,0,7,2,5,3,9
2018.0,180.0,0.0,0.0,3,10,3,0,0,0,0,5,0,1,0,0,5,1,1,16,2,10,0,1,0,1,2,0,6,4,5,3,9
2018.0,185.0,1.0,0.0,2,6,3,0,0,0,1,2,1,1,0,0,2,1,1,16,2,10,0,1,0,2,1,0,6,7,5,3,3
2018.0,-300.0,2.0,0.0,3,6,3,0,0,0,1,5,1,1,0,1,5,1,1,16,2,10,0,1,0,1,1,0,7,7,5,8,3
2018.0,550.0,3.0,0.0,2,6,3,0,0,0,1,5,1,1,0,1,5,1,1,16,2,10,0,1,0,1,2,0,6,7,5,8,3
2018.0,-250.0,0.0,0.0,3,6,3,0,0,0,1,1,1,1,0,0,1,1,1,17,2,10,0,1,0,0,1,0,6,8,5,8,2
2018.0,140.0,0.0,0.0,3,6,4,0,0,0,1,1,1,1,0,1,1,1,1,18,2,10,0,1,0,0,2,0,6,7,5,3,3
2018.0,-85.0,0.0,0.0,3,6,0,0,0,0,0,2,1,1,0,1,2,1,1,19,2,10,0,1,0,0,1,0,7,7,5,8,3
2018.0,0.0,1.0,0.0,3,1,0,0,0,3,1,9,1,1,0,1,2,1,1,2,3,10,0,0,0,1,1,0,7,5,5,9,7
2018.0,-68.0,0.0,0.0,3,6,3,1,0,0,2,9,1,1,0,0,9,1,1,3,3,10,0,0,0,0,1,0,6,5,5,6,5
2018.0,145.0,1.0,0.0,3,6,3,0,0,0,0,5,1,1,0,0,5,1,1,7,3,10,0,1,0,2,1,0,6,8,5,8,3
2018.0,0.1,0.0,0.0,3,6,3,0,0,0,0,9,1,1,0,0,9,1,1,7,3,10,0,1,0,1,2,0,6,7,5,8,3
2018.0,170.0,1.0,0.0,3,6,3,0,0,0,0,9,1,1,0,0,9,1,1,8,3,10,0,1,0,2,1,0,6,8,5,8,3
2018.0,123.0,0.0,0.0,3,1,3,0,0,0,1,5,1,1,0,0,9,1,1,8,3,10,0,1,0,1,1,0,7,2,5,3,9
2018.0,10.0,0.0,0.0,3,6,3,0,0,0,0,9,1,1,0,1,9,1,1,10,3,10,0,0,0,2,1,0,7,8,5,8,9
2018.0,393.0,0.0,0.0,3,6,3,1,0,0,1,2,1,1,0,1,2,1,1,10,3,10,0,0,0,2,2,0,0,8,5,8,3
2018.0,219.0,1.0,0.0,2,4,3,1,0,0,1,5,1,1,0,0,9,1,1,12,3,10,0,0,0,2,1,0,0,2,5,3,9
2018.0,0.0,3.0,0.0,2,1,3,0,0,0,0,9,1,1,0,1,5,1,1,13,3,10,0,0,0,2,2,0,7,2,5,3,3
2018.0,0.0,0.0,0.0,3,5,3,0,0,0,1,1,1,1,0,1,1,1,1,13,3,10,0,0,0,1,2,0,6,9,5,3,6
2018.0,-265.0,0.0,0.0,3,6,3,0,0,0,0,1,1,1,0,0,1,1,1,13,3,10,0,0,0,1,1,0,6,7,5,8,3
2018.0,-115.0,0.0,0.0,3,6,3,0,0,0,1,1,1,1,0,1,1,1,1,13,3,10,0,0,0,1,1,0,7,8,5,8,3
2018.0,122.0,0.0,0.0,3,6,3,1,0,0,0,5,1,1,0,0,5,1,1,16,3,10,0,1,0,1,1,0,7,8,5,8,3
2018.0,-92.0,0.0,0.0,3,10,3,1,0,0,1,1,1,1,0,1,1,1,1,16,3,10,0,1,0,1,1,0,7,7,5,8,9