Year,Distance,Totalinjuries,Totalfatalities,Injuryseverity,Collisionmanner,Lightcondition,Weather,SurfaceCondition,Unittype_One,Gender_Drv1,Traveldirection_One,AlcoholUse_Drv1,DrugUse_Drv1,Unittype_Two,Gender_Drv2,Traveldirection_Two,AlcoholUse_Drv2,DrugUse_Drv2,Hour,Weekday,Month,Weekend,Rush_Hour,Hazardous_Road,Age_Group_Drv1,Age_Group_Drv2,Substance_Use,Junction_Category,Violation_Category_Drv1,Violation_Category_Drv2,Unitaction_Category_Two,Unitaction_Category_One
2018.0,0.0,0.0,0.0,3,6,3,1,3,0,1,5,1,1,0,0,5,1,1,17,3,10,0,1,0,2,1,0,7,5,5,5,5
2018.0,440.0,0.0,0.0,3,4,4,0,0,0,1,3,1,1,0,1,5,1,1,17,3,10,0,1,0,0,1,0,8,2,5,3,9
2018.0,-554.0,1.0,0.0,2,1,3,1,0,3,0,2,1,1,0,1,9,1,1,17,3,10,0,1,0,2,0,0,6,2,5,3,7
2018.0,-50.0,0.0,0.0,3,6,0,1,0,0,0,2,1,1,0,0,2,1,1,18,3,10,0,1,0,2,2,0,7,8,5,3,3
2018.0,-200.0,0.0,0.0,3,10,0,1,0,0,1,9,1,1,0,0,9,1,1,19,3,10,0,1,0,2,1,0,6,5,5,3,3
2018.0,0.0,6.0,0.0,2,1,0,0,0,0,0,2,1,1,0,1,1,1,1,19,3,10,0,1,0,2,2,0,7,2,5,3,3
2018.0,57.0,0.0,0.0,3,6,0,1,0,0,0,5,1,1,0,1,5,1,1,19,3,10,0,1,0,2,2,0,7,8,5,8,3
2018.0,150.0,0.0,0.0,3,6,0,3,4,0,0,9,1,1,1,1,9,1,1,20,3,10,0,0,1,2,1,0,6,7,5,6,3
2018.0,50.0,0.0,0.0,3,10,0,0,0,0,0,1,1,1,0,0,1,1,1,21,3,10,0,0,0,1,2,0,7,9,9,2,2
2018.0,120.0,0.0,0.0,3,5,0,0,0,0,1,1,1,1,0,0,2,1,1,0,4,10,0,0,0,2,1,0,6,5,5,6,1
2018.0,0.0,0.0,0.0,3,10,3,0,0,0,0,2,1,1,0,0,2,1,1,5,4,10,0,0,0,2,1,0,7,9,5,3,2
2018.0,0.0,1.0,0.0,3,1,2,3,4,0,0,2,1,1,0,1,1,1,1,6,4,10,0,0,1,1,1,0,7,2,5,3,9
2018.0,-100.0,0.0,0.0,3,6,3,3,4,0,0,2,1,1,0,0,2,1,1,7,4,10,0,1,1,2,1,0,7,7,5,8,8
2018.0,-123.0,0.0,0.0,3,6,3,3,4,0,0,1,1,1,0,1,1,1,1,7,4,10,0,1,1,2,1,0,7,8,5,8,3
2018.0,-25.0,0.0,0.0,3,1,3,1,4,0,1,5,1,1,0,1,1,1,1,8,4,10,0,1,1,0,1,0,7,2,5,9,9
2018.0,0.0,1.0,0.0,2,4,3,1,0,0,1,1,1,1,0,1,9,1,1,10,4,10,0,0,0,1,2,0,7,2,5,3,9
2018.0,0.0,0.0,0.0,3,10,3,0,0,0,1,7,1,1,0,1,7,1,1,16,4,10,0,1,0,1,1,0,7,4,5,9,9
2018.0,-50.0,0.0,0.0,3,1,0,0,0,0,1,1,1,1,0,0,1,1,1,18,4,10,0,1,0,1,1,0,7,9,5,8,2
2018.0,0.0,0.0,0.0,3,4,0,1,0,0,0,1,1,1,0,0,9,1,1,19,4,10,0,1,0,2,1,0,7,2,5,3,9
2018.0,-1103.0,1.0,0.0,2,1,0,0,0,3,1,9,1,1,0,1,2,1,1,19,4,10,0,1,0,1,1,0,6,5,5,8,7
2018.0,-92.0,0.0,0.0,3,6,0,0,0,0,0,1,0,1,0,1,1,1,1,23,4,10,0,0,0,1,1,0,6,7,5,8,3
2018.0,100.0,0.0,0.0,3,6,0,1,0,0,1,5,1,1,0,1,5,1,1,23,4,10,0,0,0,1,2,0,7,8,5,8,3
2018.0,0.0,0.0,0.0,3,1,3,3,4,0,0,1,1,1,0,1,2,1,1,11,5,10,1,0,1,1,1,0,7,7,5,3,3
2018.0,-75.0,0.0,0.0,3,1,3,1,4,0,1,2,1,1,0,0,1,1,1,13,5,10,1,0,1,2,1,0,0,2,5,3,3
2018.0,0.0,1.0,0.0,2,4,0,1,0,0,1,5,1,1,0,1,1,1,1,19,5,10,1,1,0,0,1,0,7,2,5,3,9
2018.0,-75.0,0.0,0.0,3,6,0,1,0,0,1,2,1,1,0,0,2,1,1,20,5,10,1,0,0,2,1,0,7,7,5,8,3
2018.0,0.0,0.0,0.0,3,4,0,1,4,0,2,5,1,1,0,1,2,1,1,23,5,10,1,0,1,0,1,0,7,4,5,3,9
2018.0,-30.0,0.0,0.0,3,6,0,0,0,0,1,1,1,1,0,1,1,1,1,3,6,10,1,0,0,0,1,0,6,7,5,8,3
2018.0,-110.0,0.0,0.0,3,5,3,0,0,0,1,2,1,1,1,1,2,1,1,8,6,10,1,1,0,1,1,0,6,5,5,6,1
2018.0,-43.0,0.0,0.0,3,6,3,0,0,0,1,2,1,1,0,0,2,1,1,15,6,10,1,0,0,1,1,0,7,7,5,3,3
2018.0,-40.0,0.0,0.0,3,10,5,4,0,0,1,5,1,1,0,0,5,1,1,16,6,10,1,1,0,1,1,0,7,9,5,3,2
2018.0,200.0,0.0,0.0,3,4,3,0,0,0,1,1,1,1,0,1,5,1,1,17,6,10,1,1,0,1,2,0,6,2,5,3,9
2018.0,-150.0,0.0,0.0,3,4,3,1,0,0,1,1,1,1,0,0,9,1,1,18,6,10,1,1,0,2,2,0,6,2,5,3,9
2018.0,280.0,0.0,0.0,3,6,0,0,3,0,1,8,1,1,0,0,1,1,1,19,6,10,1,1,0,1,2,0,6,5,5,8,5
2018.0,155.0,2.0,0.0,2,6,3,0,0,0,1,5,1,1,0,1,5,1,1,10,0,10,0,0,0,1,1,0,0,7,5,9,3
2018.0,-193.0,0.0,0.0,3,1,3,0,0,0,1,4,1,1,0,1,2,1,1,11,0,10,0,0,0,2,1,0,0,2,5,3,9
2018.0,-80.0,0.0,0.0,3,12,3,0,0,0,0,1,1,1,0,1,1,1,1,12,0,10,0,0,0,2,1,0,7,7,5,8,3
2018.0,83.0,1.0,0.0,2,10,3,0,0,0,1,5,1,1,0,1,5,1,1,13,0,10,0,0,0,1,1,0,0,9,5,3,9
2018.0,539.0,0.0,0.0,3,10,3,0,0,0,0,1,1,1,0,0,1,1,1,14,0,10,0,0,0,2,1,0,6,9,5,3,2
2018.0,-80.0,0.0,0.0,3,6,3,0,0,0,1,2,1,1,0,1,2,1,1,14,0,10,0,0,0,1,0,0,7,8,5,8,3
2018.0,0.0,0.0,0.0,3,10,3,0,0,0,0,7,1,1,0,0,7,1,1,14,0,10,0,0,0,0,1,0,7,4,5,9,9
2018.0,-80.0,0.0,0.0,3,6,3,0,0,0,1,5,1,1,0,1,5,1,1,15,0,10,0,0,0,2,2,0,7,8,5,8,3
2018.0,-80.0,0.0,0.0,3,6,3,0,0,0,1,2,1,1,0,0,2,1,1,15,0,10,0,0,0,1,1,0,7,7,5,8,3
2018.0,-100.0,0.0,0.0,3,10,3,0,0,0,1,2,1,1,0,0,2,1,1,15,0,10,0,0,0,1,1,0,6,9,5,3,2
2018.0,88.0,1.0,0.0,2,6,3,0,0,0,0,9,1,1,0,0,9,1,1,16,0,10,0,1,0,1,1,0,7,8,5,8,3
2018.0,-55.0,0.0,0.0,3,6,3,1,0,0,0,5,1,1,0,0,5,1,1,17,0,10,0,1,0,1,1,0,7,7,5,8,3
2018.0,0.0,0.0,0.0,3,1,3,0,0,0,1,1,1,1,0,1,5,1,1,17,0,10,0,1,0,0,2,0,7,2,5,3,9
2018.0,-800.0,0.0,0.0,3,6,0,1,3,0,1,8,1,1,0,0,8,1,1,18,0,10,0,1,0,1,1,0,6,5,5,5,5
2018.0,0.0,1.0,0.0,2,4,0,1,0,0,1,9,1,1,0,0,1,1,1,19,0,10,0,1,0,2,1,0,7,2,5,3,9
2018.0,0.0,1.0,0.0,3,1,0,3,4,0,0,9,1,1,0,1,2,1,1,22,0,10,0,0,1,2,2,0,6,2,5,3,9
2018.0,-560.0,0.0,0.0,3,10,3,0,0,0,1,2,1,1,0,1,2,1,1,7,1,10,0,1,0,1,1,0,6,9,5,3,2
2018.0,-365.0,1.0,0.0,2,1,3,0,0,3,1,9,1,1,0,0,2,1,1,8,1,10,0,1,0,2,2,0,0,5,5,9,7
2018.0,-170.0,0.0,0.0,3,4,3,1,0,0,0,2,1,1,0,1,1,1,1,10,1,10,0,0,0,1,1,0,6,2,5,3,9
2018.0,290.0,0.0,0.0,3,1,3,0,0,0,1,5,1,1,0,0,9,1,1,11,1,10,0,0,0,2,2,0,0,2,5,3,9
2018.0,-90.0,0.0,0.0,3,6,3,1,0,0,1,1,1,1,0,1,1,1,1,12,1,10,0,0,0,0,1,0,7,7,5,8,9
2018.0,326.0,1.0,0.0,2,10,3,0,0,0,0,9,1,1,0,0,9,1,1,13,1,10,0,0,0,1,1,0,6,9,5,3,2
2018.0,-55.0,0.0,0.0,3,6,3,1,0,0,1,5,1,1,0,0,2,1,1,14,1,10,0,0,0,1,1,0,7,5,5,8,1
2018.0,181.0,0.0,0.0,3,10,3,0,0,0,2,1,1,1,0,0,5,1,1,16,1,10,0,1,0,0,1,0,6,2,5,8,9
2018.0,-140.0,1.0,0.0,3,6,3,0,0,0,0,5,1,1,0,1,5,1,1,16,1,10,0,1,0,1,1,0,6,7,5,3,3
2018.0,-489.0,2.0,0.0,2,4,3,0,0,0,0,2,1,1,0,1,1,1,1,16,1,10,0,1,0,2,1,0,0,2,5,3,9
2018.0,-710.0,1.0,0.0,3,6,3,0,0,0,1,1,1,1,0,0,1,1,1,17,1,10,0,1,0,1,2,0,6,7,5,8,3
2018.0,70.0,0.0,0.0,3,6,3,1,3,0,2,2,1,1,0,0,2,1,1,17,1,10,0,1,0,0,2,0,6,8,5,3,3
2018.0,75.0,0.0,0.0,3,6,3,0,0,0,0,9,1,1,0,1,9,1,1,17,1,10,0,1,0,2,2,0,7,9,5,8,2
2018.0,0.0,0.0,0.0,3,4,4,0,0,0,1,1,1,1,0,1,9,1,1,18,1,10,0,1,0,0,0,0,7,2,5,3,9
2018.0,250.0,0.0,0.0,3,0,0,1,0,0,0,2,1,1,0,0,5,1,1,18,1,10,0,1,0,1,2,0,6,5,5,3,2
2018.0,88.0,0.0,0.0,3,10,1,0,0,0,0,5,1,1,0,0,5,1,1,19,1,10,0,1,0,2,1,0,7,9,5,3,2
2018.0,0.0,4.0,0.0,1,4,0,0,0,0,0,6,1,1,0,0,9,1,1,19,1,10,0,1,0,0,1,0,7,2,5,3,9
2018.0,300.0,0.0,0.0,3,4,0,0,0,0,1,5,1,1,0,1,9,1,1,23,1,10,0,0,0,2,1,0,6,2,5,3,9
2018.0,0.0,2.0,0.0,2,4,3,0,0,0,1,1,1,1,0,0,9,1,1,8,2,10,0,1,0,0,1,0,7,2,5,3,9
2018.0,81.0,0.0,0.0,3,9,3,0,0,0,1,5,1,1,0,1,9,1,1,8,2,10,0,1,0,1,1,0,7,4,5,3,9
2018.0,0.0,0.0,0.0,3,1,3,0,0,0,1,1,1,1,0,1,9,1,1,9,2,10,0,1,0,2,2,0,7,2,5,9,9
2018.0,0.0,1.0,0.0,2,4,3,0,0,0,1,5,1,1,0,1,1,1,1,14,2,10,0,0,0,1,1,0,7,2,5,9,3
2018.0,-105.0,0.0,0.0,3,6,3,1,0,0,0,1,1,1,0,0,1,1,1,15,2,10,0,0,0,1,2,0,7,8,5,8,8
2018.0,96.0,0.0,0.0,3,10,3,0,0,0,0,9,1,1,0,1,9,1,1,16,2,10,0,1,0,2,1,0,7,9,5,3,2
2018.0,0.0,0.0,0.0,3,4,3,0,0,0,1,2,1,1,0,0,5,1,1,16,2,10,0,1,0,2,2,0,7,2,5,3,9
2018.0,-35.0,2.0,0.0,2,4,3,0,0,0,1,2,1,1,0,1,1,1,1,17,2,10,0,1,0,2,1,0,7,2,5,3,9
2018.0,0.0,0.0,0.0,3,4,0,0,0,0,1,9,1,1,0,1,1,1,1,18,2,10,0,1,0,2,2,0,7,2,5,3,9
2018.0,-75.0,0.0,0.0,3,1,4,0,0,0,1,5,1,1,0,1,5,1,1,18,2,10,0,1,0,1,1,0,6,9,5,3,2
2018.0,-300.0,1.0,0.0,3,6,0,0,0,0,0,1,1,1,0,0,1,1,1,18,2,10,0,1,0,2,1,0,7,8,5,8,3
2018.0,530.0,4.0,0.0,2,6,0,0,0,0,1,5,1,1,0,1,5,1,1,18,2,10,0,1,0,1,1,0,6,8,5,8,3
2018.0,0.0,0.0,0.0,3,0,0,0,0,0,1,9,1,1,0,0,1,1,1,19,2,10,0,1,0,0,2,0,7,9,5,3,9
2018.0,50.0,0.0,0.0,3,6,0,0,0,0,0,9,1,1,0,0,9,1,1,19,2,10,0,1,0,1,0,0,7,7,5,3,3
2018.0,100.0,0.0,0.0,3,6,0,0,0,0,0,5,1,1,0,0,5,1,1,21,2,10,0,0,0,2,2,0,7,8,5,8,3
2018.0,150.0,0.0,0.0,3,1,3,0,0,0,1,4,1,1,0,1,9,1,1,23,2,10,0,0,0,1,2,0,6,5,5,3,9
2018.0,400.0,0.0,0.0,3,6,0,0,0,0,1,1,1,0,0,1,1,1,1,0,3,10,0,0,0,1,1,0,6,7,5,6,3
2018.0,0.0,0.0,0.0,3,10,3,0,0,0,1,6,1,1,0,1,6,1,1,6,3,10,0,0,0,1,1,0,7,5,5,9,9
2018.0,-270.0,1.0,0.0,2,1,3,0,0,2,1,2,1,1,0,1,1,1,1,6,3,10,0,0,0,2,0,0,6,5,5,9,3
2018.0,150.0,0.0,0.0,3,10,3,0,0,0,1,5,1,1,0,0,5,1,1,7,3,10,0,1,0,1,1,0,6,9,5,3,2
2018.0,228.0,0.0,0.0,3,6,3,0,0,0,0,1,1,1,0,1,1,1,1,9,3,10,0,1,0,0,1,0,6,8,5,8,3
2018.0,288.0,1.0,0.0,2,4,3,0,0,0,1,5,1,1,0,1,9,1,1,11,3,10,0,0,0,2,1,0,0,2,5,3,9
2018.0,-96.0,0.0,0.0,3,10,3,0,0,0,0,1,1,1,0,1,1,1,1,11,3,10,0,0,0,0,1,0,7,9,5,8,9
2018.0,-214.0,1.0,0.0,2,1,3,0,0,3,0,1,1,1,0,1,5,1,1,12,3,10,0,0,0,2,2,0,0,5,5,9,7
2018.0,0.0,0.0,0.0,3,1,3,0,0,0,1,2,1,1,0,0,9,1,1,12,3,10,0,0,0,0,2,0,7,2,5,3,3
2018.0,33.0,1.0,0.0,2,1,3,0,0,3,1,2,1,1,0,0,4,1,1,13,3,10,0,0,0,2,2,0,7,2,5,9,7
2018.0,63.0,0.0,0.0,3,6,3,0,0,0,0,5,1,1,0,1,5,1,1,14,3,10,0,0,0,1,1,0,7,8,5,3,3
2018.0,0.0,0.0,0.0,3,10,3,0,0,0,0,5,1,1,0,1,5,1,1,15,3,10,0,0,0,1,2,0,7,9,5,5,5
2018.0,-47.0,1.0,0.0,2,1,3,0,0,0,1,1,1,1,2,1,2,1,1,16,3,10,0,1,0,2,2,0,7,2,5,3,9
2018.0,10.0,0.0,0.0,3,1,3,0,0,0,1,9,1,1,0,1,9,1,1,16,3,10,0,1,0,1,2,0,7,5,5,9,9
2018.0,0.0,2.0,0.0,2,4,4,0,0,0,1,1,1,1,0,0,9,1,1,16,3,10,0,1,0,1,1,0,7,2,5,9,3
2018.0,-300.0,0.0,0.0,3,6,3,0,0,0,1,2,1,1,0,1,2,1,1,17,3,10,0,1,0,2,1,0,7,7,5,8,3
2018.0,-150.0,1.0,0.0,3,10,3,0,0,0,0,1,1,1,3,1,1,1,1,17,3,10,0,1,0,1,1,0,6,4,5,7,9
2018.0,5.0,0.0,0.0,3,4,3,0,0,0,0,1,1,1,0,1,9,1,1,17,3,10,0,1,0,2,2,0,6,5,5,3,9
2018.0,0.0,1.0,0.0,2,4,0,0,0,0,1,9,1,1,0,1,2,1,1,18,3,10,0,1,0,1,1,0,7,2,5,3,9
2018.0,0.0,0.0,0.0,3,1,0,0,0,0,1,4,1,1,0,1,7,1,1,18,3,10,0,1,0,0,1,0,7,2,5,9,9
2018.0,-75.0,0.0,0.0,3,6,0,0,0,0,0,1,1,1,0,0,1,1,1,18,3,10,0,1,0,2,1,0,7,8,5,8,3
2018.0,315.0,0.0,0.0,3,10,0,0,0,0,1,5,1,1,0,1,5,1,1,19,3,10,0,1,0,1,1,0,7,9,5,8,2
2018.0,250.0,0.0,0.0,3,6,0,0,0,0,1,5,1,1,0,0,5,1,1,20,3,10,0,0,0,2,1,0,7,7,5,8,3
2018.0,50.0,0.0,0.0,3,10,0,0,0,0,0,5,1,1,0,1,5,1,1,21,3,10,0,0,0,1,1,0,7,9,5,3,2
2018.0,311.0,1.0,0.0,3,6,0,0,0,0,1,2,1,1,0,0,2,1,1,21,3,10,0,0,0,2,2,0,6,5,5,5,5
2018.0,0.0,1.0,0.0,3,4,0,0,0,0,0,1,0,1,0,1,9,1,1,22,3,10,0,0,0,1,1,0,7,2,5,3,9
2018.0,-130.0,5.0,0.0,3,6,3,0,0,0,1,1,1,1,0,0,1,1,1,7,4,10,0,1,0,1,1,0,7,9,5,3,2
2018.0,150.0,0.0,0.0,3,6,3,0,0,0,0,9,1,1,0,0,9,1,1,7,4,10,0,1,0,1,1,0,6,7,5,8,3
2018.0,0.0,1.0,0.0,3,4,3,0,0,0,0,2,1,1,0,1,5,1,1,13,4,10,0,0,0,0,1,0,7,2,5,3,9
2018.0,-195.0,0.0,0.0,3,4,3,0,0,0,1,5,1,1,0,0,5,1,1,14,4,10,0,0,0,0,1,0,6,5,5,9,3
2018.0,-130.0,1.0,0.0,3,6,3,0,0,0,0,1,1,1,0,0,1,1,1,15,4,10,0,0,0,1,1,0,7,8,5,8,3
2018.0,70.0,0.0,0.0,3,6,3,0,0,0,0,5,1,1,0,0,5,1,1,15,4,10,0,0,0,1,1,0,7,7,5,8,3
2018.0,-105.0,0.0,0.0,3,1,3,0,0,0,1,2,1,1,0,0,2,1,1,15,4,10,0,0,0,1,1,0,6,9,5,3,2
2018.0,135.0,1.0,0.0,3,1,3,0,0,0,1,9,1,1,0,0,5,1,1,16,4,10,0,1,0,1,1,0,0,2,5,3,9
2018.0,10.0,0.0,0.0,3,6,3,0,0,0,0,9,1,1,0,0,9,1,1,16,4,10,0,1,0,1,0,0,7,8,5,8,8
2018.0,-180.0,0.0,0.0,3,10,3,0,0,0,1,1,1,1,0,1,1,1,1,16,4,10,0,1,0,1,1,0,7,9,5,3,2
2018.0,-30.0,0.0,0.0,3,6,3,0,0,0,0,1,1,1,0,1,1,1,1,17,4,10,0,1,0,2,1,0,7,7,5,8,3
2018.0,75.0,0.0,0.0,3,6,3,0,0,0,1,9,1,1,0,0,9,1,1,17,4,10,0,1,0,1,1,0,7,7,5,8,3
2018.0,-100.0,0.0,0.0,3,6,0,0,0,0,0,5,1,1,0,1,5,1,1,18,4,10,0,1,0,1,1,0,6,8,5,8,3
2018.0,220.0,0.0,0.0,3,6,0,0,0,0,1,1,1,1,0,0,1,1,1,18,4,10,0,1,0,1,2,0,7,7,5,8,3
2018.0,50.0,0.0,0.0,3,6,0,0,0,0,1,9,1,1,0,0,9,1,1,21,4,10,0,0,0,1,2,0,7,7,5,8,3
2018.0,26.0,2.0,0.0,3,4,0,0,0,0,1,7,1,1,0,0,3,1,1,21,4,10,0,0,0,1,1,0,7,2,5,3,9
2018.0,0.0,0.0,0.0,3,1,0,0,0,0,1,2,1,1,0,1,9,1,1,0,5,10,1,0,0,1,1,0,7,2,5,3,3
2018.0,-40.0,3.0,0.0,1,6,0,0,0,0,1,2,1,1,0,0,2,1,1,5,5,10,1,0,0,2,1,0,7,7,5,8,3
2018.0,0.0,0.0,0.0,3,4,3,0,0,0,0,4,1,1,0,0,5,1,1,10,5,10,1,0,0,1,0,0,7,2,5,3,9
2018.0,0.0,1.0,0.0,2,5,3,0,0,0,0,2,1,1,3,0,9,1,1,14,5,10,1,0,0,2,2,0,2,5,5,7,9
2018.0,0.0,0.0,0.0,3,10,3,0,0,0,1,1,1,1,0,0,1,1,1,14,5,10,1,0,0,1,1,0,7,9,5,9,9
2018.0,-100.0,0.0,0.0,3,10,3,0,0,0,1,2,1,1,0,1,2,1,1,14,5,10,1,0,0,1,2,0,6,5,5,3,3
2018.0,200.0,0.0,0.0,3,6,3,0,0,0,1,4,1,1,0,0,4,1,1,17,5,10,1,1,0,1,2,0,6,7,5,8,3
2018.0,0.0,2.0,0.0,3,4,0,0,0,0,1,9,1,1,0,1,1,1,1,18,5,10,1,1,0,1,0,0,7,2,5,3,9
2018.0,0.0,0.0,0.0,3,10,0,0,0,0,1,1,1,1,0,1,1,1,1,18,5,10,1,1,0,1,1,0,4,5,5,3,9
2018.0,0.0,0.0,0.0,3,4,0,0,0,0,1,7,1,1,0,1,1,1,1,19,5,10,1,1,0,0,2,0,6,2,5,3,3
2018.0,-10.0,0.0,0.0,3,6,0,0,0,0,1,1,1,1,0,1,1,1,1,20,5,10,1,0,0,1,1,0,4,5,5,8,1
2018.0,-50.0,0.0,0.0,3,10,0,0,0,0,2,5,1,1,0,0,5,1,1,21,5,10,1,0,0,0,1,0,6,9,5,3,3
2018.0,100.0,0.0,0.0,3,6,0,0,0,0,1,9,1,1,0,1,9,1,1,23,5,10,1,0,0,2,1,0,6,7,5,8,3
2018.0,0.0,0.0,0.0,3,6,3,0,0,0,0,2,1,1,0,1,5,1,1,10,6,10,1,0,0,2,1,0,6,5,7,9,3
2018.0,-50.0,0.0,0.0,3,1,3,0,0,0,0,7,1,1,0,0,2,1,1,13,6,10,1,0,0,0,2,0,0,2,5,3,9
2018.0,-50.0,0.0,0.0,3,12,5,4,3,0,2,8,1,1,1,1,2,1,1,20,6,10,1,0,0,0,1,0,6,5,5,6,5
2018.0,0.0,2.0,0.0,3,4,0,0,0,0,1,1,1,1,0,0,2,1,1,20,6,10,1,0,0,1,1,0,7,2,5,3,9
2018.0,25.0,0.0,0.0,3,3,0,0,0,0,1,5,1,0,1,1,2,1,1,3,0,10,0,0,0,1,1,0,6,5,5,5,5
2018.0,0.1,0.0,0.0,3,4,0,0,0,0,0,4,1,1,0,1,5,1,1,5,0,10,0,0,0,1,0,0,6,2,5,3,9
2018.0,0.0,2.0,0.0,2,6,3,0,0,0,0,2,1,1,0,0,2,1,1,9,0,10,0,1,0,2,2,0,7,7,5,3,8
2018.0,104.0,0.0,0.0,3,10,3,0,0,0,1,5,1,1,0,1,5,1,1,10,0,10,0,0,0,1,1,0,6,9,5,3,2
2018.0,-300.0,0.0,0.0,3,3,3,0,0,0,0,6,1,1,0,0,4,1,1,11,0,10,0,0,0,0,1,0,6,5,5,9,9
2018.0,-250.0,0.0,0.0,3,6,3,0,0,0,0,1,1,1,0,1,1,1,1,12,0,10,0,0,0,2,0,0,6,8,5,8,3
2018.0,-1032.0,1.0,0.0,2,1,3,0,0,3,1,1,1,1,0,1,5,1,1,12,0,10,0,0,0,1,1,0,0,2,5,9,7
2018.0,31.0,1.0,0.0,2,1,3,0,0,2,1,1,1,1,0,1,5,1,1,14,0,10,0,0,0,2,2,0,7,2,5,3,7
2018.0,191.0,0.0,0.0,3,10,3,4,0,0,1,9,1,1,0,1,9,1,1,14,0,10,0,0,0,1,2,0,7,9,5,8,2
2018.0,0.0,0.0,0.0,3,4,3,0,0,0,0,9,1,1,0,0,1,1,1,15,0,10,0,0,0,2,2,0,7,2,5,9,3
2018.0,-116.0,0.0,0.0,3,6,3,0,0,0,1,1,1,1,0,1,1,1,1,15,0,10,0,0,0,1,2,0,7,8,5,8,3
2018.0,0.0,0.0,0.0,3,1,3,0,0,0,1,9,1,1,0,0,5,1,1,16,0,10,0,1,0,1,1,0,7,2,5,3,3
2018.0,12.0,1.0,0.0,3,6,3,0,0,0,1,5,1,1,0,1,5,1,1,16,0,10,0,1,0,2,2,0,7,8,5,3,8
2018.0,-350.0,0.0,0.0,3,4,3,1,0,0,0,5,1,1,0,1,9,1,1,17,0,10,0,1,0,0,2,0,6,2,5,3,9
2018.0,50.0,0.0,0.0,3,1,3,0,0,0,1,5,1,1,0,1,5,1,1,17,0,10,0,1,0,1,1,0,6,4,5,3,9
2018.0,0.0,0.0,0.0,3,6,4,0,0,0,1,5,1,1,0,1,5,1,1,17,0,10,0,1,0,1,1,0,7,7,5,3,3
2018.0,850.0,1.0,0.0,2,6,0,1,0,0,0,5,1,1,0,0,5,1,1,18,0,10,0,1,0,1,1,0,6,7,5,8,8
2018.0,-1000.0,1.0,0.0,3,6,0,0,0,0,1,5,1,1,0,0,5,1,1,19,0,10,0,1,0,1,1,0,6,8,5,3,3
2018.0,0.0,0.0,0.0,3,6,0,1,0,0,0,2,1,1,0,1,2,1,1,21,0,10,0,0,0,0,1,0,7,7,5,8,3
2018.0,55.0,1.0,0.0,2,1,3,0,0,2,0,5,1,1,0,0,9,1,1,7,1,10,0,1,0,2,1,0,6,2,5,9,7
2018.0,147.0,0.0,0.0,3,6,3,0,0,0,1,5,1,1,0,0,5,1,1,10,1,10,0,0,0,1,2,0,7,8,5,8,3
2018.0,0.0,0.0,0.0,3,1,3,0,0,0,0,2,1,1,0,1,1,1,1,14,1,10,0,0,0,1,1,0,7,9,5,3,3
2018.0,0.0,0.0,0.0,3,6,3,1,0,0,1,2,1,1,0,1,2,1,1,14,1,10,0,0,0,1,0,0,7,8,5,8,3
2018.0,-149.0,1.0,0.0,2,10,3,0,0,0,1,5,1,1,0,1,5,1,1,14,1,10,0,0,0,1,1,0,7,9,5,3,2
2018.0,0.0,2.0,0.0,2,1,3,0,0,0,1,9,1,1,0,1,5,1,1,15,1,10,0,0,0,1,2,0,7,2,5,3,3
2018.0,-232.0,0.0,0.0,3,6,3,0,0,0,0,5,1,1,0,1,5,1,1,15,1,10,0,0,0,1,1,0,6,7,5,8,3
2018.0,0.0,1.0,0.0,3,6,3,1,4,0,0,1,1,1,0,0,1,1,1,16,1,10,0,1,1,1,1,0,7,7,5,3,8
2018.0,0.0,5.0,0.0,2,6,4,1,0,0,0,9,1,1,0,0,9,1,1,17,1,10,0,1,0,1,1,0,7,8,5,8,3
2018.0,264.0,0.0,0.0,3,6,3,1,0,0,1,1,1,1,0,1,1,1,1,17,1,10,0,1,0,1,1,0,6,8,5,8,3
2018.0,-615.0,0.0,0.0,3,12,0,1,0,0,1,9,1,1,0,0,8,1,1,18,1,10,0,1,0,2,1,0,6,5,5,3,5
2018.0,-15.0,1.0,0.0,2,5,2,0,0,0,1,9,1,1,3,1,1,0,1,1,2,10,0,0,0,1,1,0,7,2,5,7,9
2018.0,-122.0,0.0,0.0,3,6,3,0,0,0,1,2,1,1,0,1,2,1,1,7,2,10,0,1,0,1,1,0,6,8,5,8,3
2018.0,-12.0,1.0,0.0,2,1,3,0,0,3,0,1,1,1,0,0,1,1,1,8,2,10,0,1,0,2,1,0,7,2,5,9,7
2018.0,160.0,1.0,0.0,3,6,3,0,0,0,0,2,1,1,0,1,2,1,1,8,2,10,0,1,0,1,1,0,7,8,5,8,8
2018.0,107.0,0.0,0.0,3,6,3,0,0,0,1,5,1,1,0,1,5,1,1,8,2,10,0,1,0,1,1,0,7,7,5,8,3
2018.0,-100.0,0.0,0.0,3,1,3,0,0,0,1,1,1,1,0,0,5,1,1,9,2,10,0,1,0,0,1,0,7,9,5,3,9
2018.0,145.0,0.0,0.0,3,10,3,0,0,0,1,9,1,1,0,1,9,1,1,10,2,10,0,0,0,1,2,0,7,5,5,2,2