Year,Distance,Totalinjuries,Totalfatalities,Injuryseverity,Collisionmanner,Lightcondition,Weather,SurfaceCondition,Unittype_One,Gender_Drv1,Traveldirection_One,AlcoholUse_Drv1,DrugUse_Drv1,Unittype_Two,Gender_Drv2,Traveldirection_Two,AlcoholUse_Drv2,DrugUse_Drv2,Hour,Weekday,Month,Weekend,Rush_Hour,Hazardous_Road,Age_Group_Drv1,Age_Group_Drv2,Substance_Use,Junction_Category,Violation_Category_Drv1,Violation_Category_Drv2,Unitaction_Category_Two,Unitaction_Category_One
2018.0,280.0,1.0,0.0,2,6,3,0,0,0,1,2,1,1,0,1,2,1,1,11,2,10,0,0,0,0,1,0,0,7,5,8,3
2018.0,15.0,0.0,0.0,3,6,3,0,0,0,0,9,1,1,0,0,9,1,1,11,2,10,0,0,0,2,2,0,6,8,5,8,3
2018.0,-54.0,0.0,0.0,3,6,3,0,0,0,0,2,1,1,0,0,2,1,1,12,2,10,0,0,0,1,1,0,7,8,5,8,3
2018.0,160.0,1.0,0.0,2,6,3,0,0,0,1,1,1,1,0,0,1,1,1,14,2,10,0,0,0,1,2,0,6,8,5,8,3
2018.0,0.0,0.0,0.0,3,4,3,0,0,0,0,2,1,1,0,1,1,1,1,15,2,10,0,0,0,2,1,0,7,2,5,3,9
2018.0,-100.0,1.0,0.0,2,6,3,0,0,0,1,2,1,1,0,1,2,1,1,15,2,10,0,0,0,2,1,0,7,7,5,8,3
2018.0,-51.0,1.0,0.0,2,6,3,0,0,0,0,1,1,1,0,0,1,1,1,16,2,10,0,1,0,2,0,0,7,8,5,8,3
2018.0,-57.0,0.0,0.0,3,1,3,0,0,0,1,2,1,1,0,0,9,1,1,16,2,10,0,1,0,0,1,0,7,9,5,3,2
2018.0,125.0,0.0,0.0,3,1,3,0,0,0,1,9,1,1,0,0,9,1,1,16,2,10,0,1,0,0,1,0,7,9,5,9,9
2018.0,-230.0,0.0,0.0,3,6,3,0,0,0,1,2,1,1,0,0,2,1,1,16,2,10,0,1,0,1,2,0,7,5,4,9,3
2018.0,100.0,0.0,0.0,3,10,3,0,0,0,1,9,1,1,0,1,9,1,1,17,2,10,0,1,0,1,2,0,7,5,5,8,8
2018.0,-67.0,2.0,0.0,2,4,3,0,0,0,0,5,1,1,0,1,2,1,1,17,2,10,0,1,0,1,1,0,7,2,5,9,9
2018.0,286.0,0.0,0.0,3,1,4,0,0,0,1,1,1,1,0,0,9,1,1,17,2,10,0,1,0,1,2,0,6,5,5,9,3
2018.0,0.0,0.0,0.0,3,4,0,0,0,0,1,2,1,1,0,0,9,1,1,18,2,10,0,1,0,0,1,0,7,2,5,9,3
2018.0,455.0,0.0,0.0,3,4,0,0,0,0,0,1,1,1,0,0,9,1,1,19,2,10,0,1,0,1,2,0,6,2,5,3,9
2018.0,0.0,2.0,0.0,2,1,0,0,0,0,0,1,1,1,0,1,2,1,1,20,2,10,0,0,0,2,1,0,7,2,5,3,3
2018.0,12.0,0.0,0.0,3,1,3,0,0,0,1,9,1,1,0,0,2,1,1,6,3,10,0,0,0,1,2,0,7,5,5,3,9
2018.0,0.0,0.0,0.0,3,1,3,0,0,0,1,9,1,1,0,0,5,1,1,6,3,10,0,0,0,1,2,0,6,2,5,3,3
2018.0,-45.0,0.0,0.0,3,6,3,0,0,0,0,1,1,1,1,1,1,1,1,7,3,10,0,1,0,1,1,0,6,4,5,6,0
2018.0,220.0,0.0,0.0,3,4,3,0,0,0,0,1,1,1,0,0,9,1,1,7,3,10,0,1,0,1,2,0,6,2,5,3,9
2018.0,0.1,0.0,0.0,3,6,3,0,0,0,1,9,1,1,0,1,9,1,1,7,3,10,0,1,0,2,0,0,6,7,5,8,3
2018.0,0.0,1.0,0.0,3,4,3,0,0,0,0,3,1,1,0,1,9,1,1,8,3,10,0,1,0,2,2,0,7,2,5,3,9
2018.0,222.0,1.0,0.0,3,4,3,0,0,0,0,1,1,1,0,1,5,1,1,8,3,10,0,1,0,1,0,0,6,2,5,3,9
2018.0,0.0,0.0,0.0,3,1,3,0,0,0,1,2,1,1,0,0,9,1,1,9,3,10,0,1,0,0,2,0,7,2,5,9,3
2018.0,-135.0,0.0,0.0,3,6,3,0,0,0,1,2,1,1,0,1,2,1,1,11,3,10,0,0,0,1,1,0,7,7,5,8,3
2018.0,-622.0,2.0,0.0,2,6,3,0,0,0,1,5,1,1,0,0,5,1,1,11,3,10,0,0,0,1,2,0,0,8,5,8,3
2018.0,430.0,1.0,0.0,2,4,3,0,0,0,0,1,1,1,2,1,5,1,1,11,3,10,0,0,0,2,1,0,6,2,5,3,9
2018.0,-270.0,1.0,0.0,2,6,3,0,0,0,0,9,1,1,0,0,9,1,1,12,3,10,0,0,0,1,1,0,6,7,5,8,3
2018.0,0.0,0.0,0.0,3,4,3,0,0,0,1,1,1,1,0,1,9,1,1,13,3,10,0,0,0,1,1,0,7,2,5,3,9
2018.0,-15.0,1.0,0.0,3,6,3,0,0,0,0,2,1,1,0,1,2,1,1,13,3,10,0,0,0,1,1,0,7,8,5,8,3
2018.0,-465.0,0.0,0.0,3,12,3,0,0,0,1,2,1,1,0,1,2,1,1,13,3,10,0,0,0,1,2,0,6,9,5,3,2
2018.0,0.0,0.0,0.0,3,10,3,0,0,0,0,9,1,1,0,0,2,1,1,14,3,10,0,0,0,0,1,0,7,5,5,9,3
2018.0,110.0,2.0,0.0,2,6,3,0,0,0,1,1,1,1,0,0,1,1,1,14,3,10,0,0,0,1,2,0,6,8,5,8,3
2018.0,1600.0,0.0,0.0,3,10,3,0,0,0,1,5,1,1,0,0,5,1,1,14,3,10,0,0,0,0,2,0,6,9,5,3,2
2018.0,-350.0,1.0,0.0,3,4,3,0,0,0,0,2,1,1,0,0,5,1,1,17,3,10,0,1,0,1,1,0,0,2,5,3,9
2018.0,0.0,0.0,0.0,3,1,4,0,0,0,1,9,1,1,0,1,5,1,1,17,3,10,0,1,0,0,1,0,7,9,5,3,3
2018.0,225.0,0.0,0.0,3,10,3,0,0,0,1,5,1,1,0,1,5,1,1,17,3,10,0,1,0,1,1,0,6,9,5,3,2
2018.0,445.0,1.0,0.0,1,6,3,0,0,0,0,1,1,1,0,1,1,1,1,17,3,10,0,1,0,1,1,0,6,7,5,8,3
2018.0,227.0,0.0,0.0,3,1,3,0,0,0,0,2,1,1,0,0,1,1,1,18,3,10,0,1,0,1,0,0,0,2,5,2,9
2018.0,0.0,0.0,0.0,3,1,0,4,0,0,0,6,1,1,0,1,9,1,1,18,3,10,0,1,0,1,2,0,7,2,5,3,9
2018.0,-100.0,0.0,0.0,3,6,3,0,0,0,0,2,1,1,0,1,2,1,1,18,3,10,0,1,0,1,0,0,6,7,5,8,3
2018.0,150.0,0.0,0.0,3,4,0,0,0,0,1,5,1,1,0,1,9,1,1,19,3,10,0,1,0,2,1,0,6,2,5,3,9
2018.0,0.0,0.0,0.0,3,4,0,0,0,0,0,9,1,1,0,0,1,1,1,20,3,10,0,0,0,0,1,0,7,2,5,3,9
2018.0,-10.0,1.0,0.0,2,6,0,0,0,0,0,2,1,1,0,1,2,1,1,21,3,10,0,0,0,2,1,0,7,7,5,8,3
2018.0,0.0,0.0,0.0,3,4,0,0,0,0,1,1,1,1,0,0,9,1,1,21,3,10,0,0,0,2,1,0,7,9,5,3,9
2018.0,-40.0,0.0,0.0,3,10,0,0,0,0,2,5,1,1,0,1,5,1,1,5,4,10,0,0,0,0,0,0,6,9,5,6,2
2018.0,-668.0,0.0,0.0,3,4,3,0,3,0,1,5,1,1,0,0,9,1,1,7,4,10,0,1,0,0,1,0,6,2,5,3,9
2018.0,450.0,1.0,0.0,2,10,3,0,0,3,1,5,0,1,0,0,5,1,1,8,4,10,0,1,0,1,2,0,6,9,5,3,7
2018.0,640.0,0.0,0.0,3,1,3,0,0,0,1,5,1,1,0,0,1,1,1,9,4,10,0,1,0,0,1,0,0,2,5,8,9
2018.0,-80.0,0.0,0.0,3,10,3,0,0,0,1,5,1,1,1,1,5,1,1,9,4,10,0,1,0,0,1,0,6,5,5,6,5
2018.0,0.0,0.0,0.0,3,4,3,0,0,0,0,2,1,1,0,1,2,1,1,9,4,10,0,1,0,1,1,0,7,2,5,3,9
2018.0,-525.0,0.0,0.0,3,6,3,0,0,0,0,1,1,1,0,1,1,1,1,9,4,10,0,1,0,1,1,0,6,5,5,3,8
2018.0,160.0,0.0,0.0,3,6,3,0,0,0,1,2,1,1,0,1,2,1,1,12,4,10,0,0,0,1,1,0,6,7,5,8,3
2018.0,260.0,0.0,0.0,3,10,3,0,0,0,1,5,1,1,0,0,5,1,1,14,4,10,0,0,0,1,0,0,7,4,5,8,9
2018.0,0.0,1.0,0.0,2,4,3,0,0,0,1,2,1,1,0,1,5,1,1,16,4,10,0,1,0,1,1,0,7,9,5,3,9
2018.0,200.0,0.0,0.0,3,4,4,0,0,0,1,7,1,1,0,0,2,1,1,16,4,10,0,1,0,1,2,0,6,7,5,3,9
2018.0,-330.0,0.0,0.0,3,1,3,0,0,0,1,9,1,1,0,1,2,1,1,17,4,10,0,1,0,2,0,0,6,5,5,3,9
2018.0,500.0,0.0,0.0,3,4,4,0,0,0,0,1,1,1,0,1,5,1,1,17,4,10,0,1,0,1,2,0,0,2,5,3,9
2018.0,0.0,0.0,0.0,3,4,3,0,0,0,1,2,1,1,0,1,5,1,1,17,4,10,0,1,0,2,1,0,7,2,5,3,9
2018.0,-300.0,1.0,0.0,2,6,0,0,0,0,1,2,1,1,0,0,2,1,1,18,4,10,0,1,0,2,2,0,7,7,5,8,3
2018.0,35.0,0.0,0.0,3,1,0,0,0,0,1,1,1,1,0,0,2,1,1,18,4,10,0,1,0,1,2,0,6,9,5,3,9
2018.0,0.0,0.0,0.0,3,4,2,0,0,0,0,2,1,1,0,0,5,1,1,19,4,10,0,1,0,2,1,0,7,2,5,3,9
2018.0,0.0,0.0,0.0,3,10,0,0,0,0,1,9,1,1,0,1,9,1,1,22,4,10,0,0,0,2,2,0,7,9,5,3,2
2018.0,-85.0,0.0,0.0,3,6,3,0,0,0,1,1,1,1,0,1,1,1,1,13,5,10,1,0,0,0,1,0,6,7,5,3,3
2018.0,-20.0,0.0,0.0,3,9,3,0,0,0,2,1,1,1,0,0,9,1,1,14,5,10,1,0,0,0,1,0,6,5,5,3,3
2018.0,-75.0,0.0,0.0,3,6,3,0,0,0,0,1,1,1,0,1,1,1,1,16,5,10,1,1,0,1,2,0,7,7,5,3,3
2018.0,0.0,0.0,0.0,3,4,4,0,0,0,1,3,1,1,0,0,9,1,1,17,5,10,1,1,0,1,1,0,7,4,5,3,9
2018.0,-15.0,0.0,0.0,3,6,0,1,0,0,1,1,1,1,0,1,1,1,1,18,5,10,1,1,0,0,1,0,7,8,5,3,3
2018.0,-20.0,0.0,0.0,3,6,0,0,0,0,1,1,1,1,0,1,1,1,1,19,5,10,1,1,0,1,1,0,7,5,5,3,3
2018.0,-60.0,0.0,0.0,3,6,0,0,0,0,1,2,1,1,0,1,2,1,1,20,5,10,1,0,0,2,1,0,7,7,5,8,3
2018.0,0.0,0.0,0.0,3,1,0,0,0,0,1,5,1,1,0,1,1,1,1,23,5,10,1,0,0,2,2,0,7,2,5,3,3
2018.0,-10.0,1.0,0.0,3,1,3,3,0,2,1,1,1,1,0,0,2,1,1,8,6,10,1,1,0,0,0,0,7,5,5,3,3
2018.0,0.0,0.0,0.0,3,6,3,4,0,0,1,5,1,1,0,1,5,1,1,13,6,10,1,0,0,1,1,0,2,7,5,3,3
2018.0,-193.0,0.0,0.0,3,6,3,0,0,0,1,1,1,1,0,1,1,1,1,7,0,10,0,1,0,1,1,0,7,8,5,8,3
2018.0,-110.0,0.0,0.0,3,12,5,4,3,0,2,8,1,1,1,1,1,1,1,8,0,10,0,1,0,0,1,0,6,5,5,6,5
2018.0,44.0,2.0,0.0,3,6,3,0,0,0,1,5,1,1,0,0,5,1,1,9,0,10,0,1,0,1,1,0,7,8,5,8,3
2018.0,110.0,0.0,0.0,3,10,3,0,0,0,0,1,1,1,0,1,1,1,1,10,0,10,0,0,0,1,1,0,6,8,5,3,3
2018.0,-20.0,1.0,0.0,2,4,3,0,0,3,1,1,1,1,0,0,9,1,1,10,0,10,0,0,0,2,2,0,7,2,5,9,7
2018.0,0.0,1.0,0.0,2,4,5,0,0,0,0,9,1,1,0,1,1,1,1,10,0,10,0,0,0,0,0,0,7,5,5,3,9
2018.0,-385.0,0.0,0.0,3,10,3,0,0,0,0,5,1,1,0,0,5,1,1,15,0,10,0,0,0,1,1,0,6,2,5,3,2
2018.0,-75.0,0.0,0.0,3,6,0,0,0,0,1,2,0,1,0,0,2,1,1,18,0,10,0,1,0,1,1,0,4,7,5,3,3
2018.0,-225.0,0.0,0.0,3,6,0,0,0,0,0,1,1,1,0,0,1,1,1,18,0,10,0,1,0,1,1,0,6,8,5,8,3
2018.0,-475.0,0.0,0.0,3,6,0,0,0,0,0,4,1,1,0,0,2,1,1,19,0,10,0,1,0,2,2,0,7,2,5,3,9
2018.0,-282.0,0.0,0.0,3,4,3,0,0,0,1,9,1,1,0,1,1,1,1,6,1,10,0,0,0,1,1,0,6,2,5,3,9
2018.0,-70.0,0.0,0.0,3,1,3,0,0,0,1,2,1,1,0,0,2,1,1,7,1,10,0,1,0,2,1,0,0,2,5,3,9
2018.0,-50.0,0.0,0.0,3,10,3,0,0,0,1,2,1,1,0,0,2,1,1,8,1,10,0,1,0,2,1,0,7,9,5,3,2
2018.0,15.0,1.0,0.0,3,10,3,0,0,0,2,9,1,1,3,0,9,1,1,11,1,10,0,0,0,0,1,0,7,2,5,7,9
2018.0,0.0,0.0,0.0,3,4,3,0,0,0,1,1,1,1,0,1,5,1,1,14,1,10,0,0,0,1,1,0,7,2,5,3,9
2018.0,0.0,0.0,0.0,3,4,3,0,0,0,1,2,1,1,0,0,5,1,1,14,1,10,0,0,0,0,2,0,7,2,5,3,9
2018.0,0.0,0.0,0.0,3,1,3,0,0,0,1,2,1,1,0,1,4,1,1,15,1,10,0,0,0,0,1,0,7,2,5,9,3
2018.0,0.0,0.0,0.0,3,4,4,0,0,0,0,2,1,1,0,1,1,1,1,17,1,10,0,1,0,2,1,0,7,2,5,3,9
2018.0,-85.0,0.0,0.0,3,6,3,0,0,0,1,9,1,1,0,1,9,1,1,17,1,10,0,1,0,2,1,0,6,7,5,8,3
2018.0,500.0,1.0,0.0,3,6,3,0,0,0,0,1,1,1,0,0,1,1,1,17,1,10,0,1,0,2,1,0,6,8,5,8,3
2018.0,-95.0,0.0,0.0,3,6,0,0,0,0,0,1,1,1,0,1,1,1,1,17,1,10,0,1,0,2,1,0,7,7,5,8,3
2018.0,0.0,0.0,0.0,3,4,4,0,0,0,0,2,1,1,0,1,5,1,1,18,1,10,0,1,0,2,1,0,7,2,5,3,9
2018.0,300.0,2.0,0.0,2,4,0,0,0,0,1,2,1,1,0,1,5,1,1,18,1,10,0,1,0,2,2,0,0,9,5,3,9
2018.0,-50.0,0.0,0.0,3,6,0,0,0,0,1,2,1,1,0,1,2,1,1,18,1,10,0,1,0,1,1,0,6,7,5,8,3
2018.0,-40.0,0.0,0.0,3,12,0,0,3,0,1,8,1,1,0,1,8,1,1,18,1,10,0,1,0,2,2,0,6,5,5,5,5
2018.0,0.0,0.0,0.0,3,4,3,0,0,0,1,2,1,1,0,0,9,1,1,19,1,10,0,1,0,1,2,0,7,2,5,3,9
2018.0,0.0,0.0,0.0,3,4,0,0,0,0,0,2,1,1,0,0,9,1,1,20,1,10,0,0,0,1,2,0,7,2,5,9,8
2018.0,0.0,2.0,0.0,2,4,0,0,0,0,0,7,1,1,0,0,1,1,1,20,1,10,0,0,0,2,1,0,7,2,5,3,9
2018.0,0.0,3.0,0.0,2,1,0,0,0,0,0,9,1,1,0,0,2,1,1,20,1,10,0,0,0,1,1,0,7,2,5,3,9
2018.0,-20.0,1.0,0.0,2,6,0,0,0,0,0,2,1,1,0,0,2,1,1,21,1,10,0,0,0,2,2,0,6,7,5,8,3
2018.0,0.0,4.0,0.0,3,1,3,0,0,0,2,1,1,1,0,0,2,1,1,7,2,10,0,1,0,0,1,0,7,2,5,3,3
2018.0,-320.0,0.0,0.0,3,6,3,0,0,0,0,2,1,1,0,1,2,1,1,8,2,10,0,1,0,2,2,0,6,7,5,8,2
2018.0,20.0,0.0,0.0,3,10,3,0,0,0,0,2,1,1,0,1,2,1,1,9,2,10,0,1,0,1,1,0,7,5,5,9,9
2018.0,-535.0,0.0,0.0,3,4,3,0,0,0,1,2,1,1,0,1,1,1,1,10,2,10,0,0,0,2,1,0,0,2,5,3,9
2018.0,-70.0,0.0,0.0,3,6,3,0,0,0,0,2,1,1,0,1,2,1,1,11,2,10,0,0,0,2,0,0,7,7,5,8,3
2018.0,-65.0,0.0,0.0,3,6,3,0,0,0,1,1,0,1,0,1,1,1,1,11,2,10,0,0,0,1,2,0,7,8,5,8,3
2018.0,200.0,0.0,0.0,3,6,3,0,0,0,1,5,1,1,0,1,5,1,1,12,2,10,0,0,0,2,1,0,7,8,5,8,3
2018.0,0.0,0.0,0.0,3,4,3,0,0,0,1,5,1,1,0,1,2,1,1,12,2,10,0,0,0,2,1,0,7,2,5,3,9
2018.0,370.0,0.0,0.0,3,4,3,0,0,0,2,1,1,1,0,0,9,1,1,12,2,10,0,0,0,0,0,0,6,2,5,3,9
2018.0,-120.0,0.0,0.0,3,6,3,0,0,0,0,2,1,1,0,1,2,1,1,13,2,10,0,0,0,1,1,0,6,7,5,9,3
2018.0,312.0,0.0,0.0,3,6,3,0,0,0,1,5,1,1,0,0,5,1,1,14,2,10,0,0,0,2,1,0,6,8,5,8,3
2018.0,50.0,0.0,0.0,3,5,3,0,0,0,1,9,1,1,0,0,9,1,1,14,2,10,0,0,0,1,1,0,7,5,5,8,1
2018.0,550.0,0.0,0.0,3,10,3,0,0,0,0,2,1,1,0,0,2,1,1,15,2,10,0,0,0,0,0,0,7,9,5,3,2
2018.0,-29.0,0.0,0.0,3,10,3,0,0,0,0,6,1,1,0,0,6,1,1,15,2,10,0,0,0,1,1,0,7,9,5,9,9
2018.0,255.0,1.0,0.0,3,6,3,0,0,0,0,5,1,1,0,0,5,1,1,16,2,10,0,1,0,2,2,0,7,7,5,3,3
2018.0,0.0,2.0,0.0,3,4,3,0,0,0,1,9,1,1,0,0,5,1,1,16,2,10,0,1,0,2,1,0,7,2,5,3,9
2018.0,0.0,2.0,0.0,3,4,3,0,0,0,0,9,1,1,0,0,1,1,1,16,2,10,0,1,0,2,2,0,7,2,5,3,9
2018.0,-200.0,0.0,0.0,3,10,5,4,0,0,2,2,1,1,0,0,2,1,1,17,2,10,0,1,0,0,1,0,6,9,5,3,2
2018.0,350.0,0.0,0.0,3,6,0,0,0,0,0,9,1,1,0,0,9,1,1,21,2,10,0,0,0,1,1,0,6,7,5,8,3
2018.0,0.0,0.0,0.0,3,4,0,0,0,0,1,1,1,1,0,1,9,1,1,21,2,10,0,0,0,2,1,0,7,7,5,9,3
2018.0,0.0,0.0,0.0,3,0,0,0,0,0,0,9,1,1,0,1,9,1,1,23,2,10,0,0,0,2,1,0,8,4,5,3,9
2018.0,125.0,1.0,0.0,3,6,3,0,0,0,0,5,1,1,0,0,5,1,1,6,3,11,0,0,0,1,1,0,7,7,5,8,3
2018.0,0.0,2.0,0.0,2,4,3,0,0,0,0,5,1,1,0,0,2,1,1,7,3,11,0,1,0,2,2,0,7,2,5,3,9
2018.0,185.0,0.0,0.0,3,6,3,0,0,0,1,9,1,1,0,0,9,1,1,8,3,11,0,1,0,0,1,0,7,8,5,8,3
2018.0,200.0,0.0,0.0,3,10,3,0,0,0,2,1,1,1,0,0,1,1,1,8,3,11,0,1,0,0,1,0,6,9,5,3,2
2018.0,279.0,0.0,0.0,3,10,3,0,0,0,0,5,1,1,0,0,5,1,1,8,3,11,0,1,0,1,0,0,7,5,5,2,2
2018.0,-28.0,1.0,0.0,2,4,3,0,0,0,0,9,1,1,0,0,2,1,1,13,3,11,0,0,0,2,1,0,7,2,5,3,9
2018.0,604.0,0.0,0.0,3,10,3,0,0,0,1,9,1,1,0,1,9,1,1,15,3,11,0,0,0,0,1,0,6,9,5,8,9
2018.0,-115.0,0.0,0.0,3,10,3,0,0,0,0,5,1,1,0,0,5,1,1,15,3,11,0,0,0,1,0,0,6,9,5,3,2
2018.0,180.0,0.0,0.0,3,10,3,0,0,0,1,5,1,1,0,1,5,1,1,16,3,11,0,1,0,2,1,0,6,9,5,3,2
2018.0,0.0,0.0,0.0,3,4,3,0,0,0,0,4,1,1,0,1,5,1,1,16,3,11,0,1,0,1,2,0,7,2,5,3,9
2018.0,147.0,2.0,0.0,2,6,3,0,0,0,1,9,1,1,0,1,9,1,1,16,3,11,0,1,0,2,1,0,7,8,5,8,3
2018.0,0.0,0.0,0.0,3,4,3,0,0,0,0,3,1,1,0,1,5,1,1,16,3,11,0,1,0,1,1,0,7,2,5,3,9
2018.0,254.0,1.0,0.0,3,1,3,0,0,2,0,5,1,1,0,0,9,1,1,16,3,11,0,1,0,1,1,0,6,2,5,3,3
2018.0,175.0,0.0,0.0,3,6,3,0,0,0,1,1,1,1,0,1,1,1,1,17,3,11,0,1,0,1,1,0,6,8,5,8,3
2018.0,555.0,0.0,0.0,3,4,4,0,0,0,1,1,1,1,0,1,9,1,1,17,3,11,0,1,0,2,2,0,6,2,5,3,9
2018.0,0.0,0.0,0.0,3,3,4,0,0,0,1,2,1,1,0,0,5,1,1,17,3,11,0,1,0,1,1,0,7,2,5,3,9
2018.0,156.0,1.0,0.0,2,5,0,0,0,3,1,5,1,1,0,1,2,1,1,18,3,11,0,1,0,1,2,0,0,5,5,9,7
2018.0,-35.0,3.0,0.0,2,9,0,0,0,0,1,3,1,1,0,1,9,1,1,18,3,11,0,1,0,0,1,0,6,2,5,3,9
2018.0,0.0,1.0,0.0,1,4,0,0,0,0,1,5,1,1,0,1,1,1,1,18,3,11,0,1,0,2,2,0,6,4,5,3,9
2018.0,58.0,0.0,0.0,3,6,3,0,0,0,1,5,1,1,0,0,5,1,1,19,3,11,0,1,0,2,2,0,7,7,5,8,3
2018.0,250.0,0.0,0.0,3,4,0,0,0,0,2,5,1,1,0,0,9,1,1,21,3,11,0,0,0,0,1,0,0,2,5,3,9
2018.0,52.0,0.0,0.0,3,6,3,0,0,0,0,9,1,1,0,1,9,1,1,8,4,11,0,1,0,2,1,0,6,7,5,3,3
2018.0,0.0,1.0,0.0,3,1,3,0,0,0,1,2,1,1,0,0,9,1,1,8,4,11,0,1,0,1,1,0,7,2,5,3,9
2018.0,74.0,0.0,0.0,3,4,3,0,0,0,1,1,1,1,0,0,9,1,1,10,4,11,0,0,0,1,2,0,6,2,5,3,9
2018.0,-350.0,1.0,0.0,3,6,3,0,0,0,1,9,1,1,0,0,9,1,1,11,4,11,0,0,0,2,2,0,6,5,5,8,3
2018.0,0.0,0.0,0.0,3,4,3,0,0,0,0,1,1,1,0,1,1,1,1,12,4,11,0,0,0,0,1,0,7,4,5,9,9
2018.0,0.0,0.0,0.0,3,1,3,0,0,0,2,1,1,1,0,1,5,1,1,13,4,11,0,0,0,0,1,0,7,2,5,3,3
2018.0,80.0,0.0,0.0,3,10,3,0,0,0,0,1,1,1,0,0,1,1,1,14,4,11,0,0,0,2,1,0,6,9,5,3,2
2018.0,-110.0,0.0,0.0,3,6,3,0,0,0,1,1,1,1,0,0,1,1,1,15,4,11,0,0,0,1,1,0,7,7,5,8,3
2018.0,0.0,0.0,0.0,3,1,3,0,0,0,0,1,1,1,0,0,5,1,1,15,4,11,0,0,0,2,1,0,7,4,5,3,9
2018.0,-300.0,0.0,0.0,3,10,4,0,0,0,0,1,1,1,0,1,1,1,1,17,4,11,0,1,0,2,2,0,6,9,5,3,2
2018.0,-80.0,0.0,0.0,3,10,4,0,0,0,1,1,1,1,0,0,1,1,1,17,4,11,0,1,0,0,1,0,6,7,5,8,2
2018.0,29.0,0.0,0.0,3,6,4,0,0,0,1,9,1,1,0,1,9,1,1,17,4,11,0,1,0,2,1,0,7,7,5,8,3
2018.0,-325.0,0.0,0.0,3,6,0,0,0,0,1,5,1,1,0,1,5,1,1,18,4,11,0,1,0,1,2,0,6,7,5,8,8
2018.0,120.0,2.0,0.0,2,6,0,0,0,0,1,9,0,1,0,1,9,1,1,19,4,11,0,1,0,1,1,0,7,7,5,8,3
2018.0,0.0,0.0,0.0,3,4,3,0,0,0,1,2,1,1,0,1,9,1,1,11,5,11,1,0,0,2,0,0,2,2,5,3,9
2018.0,-170.0,0.0,0.0,3,6,3,0,0,0,0,5,1,1,0,0,2,1,1,12,5,11,1,0,0,0,1,0,6,7,5,5,1
2018.0,-250.0,0.0,0.0,3,6,3,0,0,0,1,1,1,1,0,0,1,1,1,14,5,11,1,0,0,1,2,0,7,7,5,8,3
2018.0,-5.0,0.0,0.0,3,10,3,0,0,0,0,5,1,1,0,1,5,1,1,15,5,11,1,0,0,0,2,0,7,9,5,5,5
2018.0,-25.0,0.0,0.0,3,6,3,0,0,0,0,2,1,1,0,0,2,1,1,15,5,11,1,0,0,1,1,0,7,7,5,8,3
2018.0,-24.0,0.0,0.0,3,6,3,0,0,0,0,1,1,1,0,1,1,1,1,15,5,11,1,0,0,2,1,0,7,7,5,8,3
2018.0,0.0,0.0,0.0,3,1,3,0,0,0,1,1,1,1,0,0,5,1,1,16,5,11,1,1,0,1,2,0,7,5,5,3,9
2018.0,10.0,0.0,0.0,3,10,0,0,0,0,0,2,1,1,0,0,2,1,1,19,5,11,1,1,0,1,1,0,7,9,5,3,2
2018.0,130.0,0.0,0.0,3,10,0,0,0,0,1,1,0,1,0,1,1,1,1,19,5,11,1,1,0,0,1,0,6,9,5,3,2
2018.0,200.0,0.0,0.0,3,4,0,0,0,0,0,9,1,1,0,0,9,1,1,20,5,11,1,0,0,1,1,0,6,4,5,3,9
2018.0,200.0,1.0,0.0,2,1,3,0,0,0,1,9,1,1,0,0,2,1,1,12,6,11,1,0,0,2,2,0,6,5,5,3,3
2018.0,-80.0,0.0,0.0,3,10,3,0,0,0,1,6,1,1,0,0,5,1,1,12,6,11,1,0,0,2,2,0,6,2,5,3,5
2018.0,35.0,0.0,0.0,3,6,3,0,0,0,2,5,1,1,0,0,5,1,1,13,6,11,1,0,0,0,0,0,7,8,5,8,8
2018.0,-60.0,0.0,0.0,3,6,3,0,0,0,1,1,1,1,0,0,1,1,1,14,6,11,1,0,0,1,1,0,7,7,5,8,3
2018.0,0.0,0.0,0.0,3,1,1,0,0,0,1,1,1,1,0,1,2,1,1,4,0,11,0,0,0,1,1,0,4,2,5,3,9
2018.0,0.0,0.0,0.0,3,1,3,0,0,0,0,9,1,1,0,1,2,1,1,5,0,11,0,0,0,1,1,0,7,2,5,3,3
2018.0,0.0,1.0,0.0,3,4,3,0,0,0,1,2,1,1,0,1,5,0,1,7,0,11,0,1,0,1,1,0,7,2,5,9,3
2018.0,0.0,0.0,0.0,3,4,3,0,0,0,0,5,1,1,0,1,2,1,1,7,0,11,0,1,0,1,2,0,7,4,5,9,9
2018.0,0.0,1.0,0.0,2,4,3,0,0,0,1,1,1,1,0,0,2,1,1,7,0,11,0,1,0,1,1,0,7,2,5,9,9
2018.0,750.0,0.0,0.0,3,6,3,0,0,0,1,2,1,1,0,0,2,1,1,8,0,11,0,1,0,2,2,0,6,8,5,8,3
2018.0,775.0,0.0,0.0,3,6,3,0,0,0,1,2,1,1,0,0,2,1,1,8,0,11,0,1,0,1,2,0,6,8,5,8,3
2018.0,134.0,1.0,0.0,2,6,3,0,0,0,0,5,1,1,0,1,5,1,1,10,0,11,0,0,0,1,2,0,7,8,5,8,3