Year,Distance,Totalinjuries,Totalfatalities,Injuryseverity,Collisionmanner,Lightcondition,Weather,SurfaceCondition,Unittype_One,Gender_Drv1,Traveldirection_One,AlcoholUse_Drv1,DrugUse_Drv1,Unittype_Two,Gender_Drv2,Traveldirection_Two,AlcoholUse_Drv2,DrugUse_Drv2,Hour,Weekday,Month,Weekend,Rush_Hour,Hazardous_Road,Age_Group_Drv1,Age_Group_Drv2,Substance_Use,Junction_Category,Violation_Category_Drv1,Violation_Category_Drv2,Unitaction_Category_Two,Unitaction_Category_One
2018.0,-135.0,0.0,0.0,3,6,3,0,0,0,1,2,1,1,0,1,2,1,1,11,0,11,0,0,0,1,1,0,7,8,5,8,3
2018.0,-335.0,0.0,0.0,3,0,3,0,0,0,0,2,1,1,0,1,5,1,1,11,0,11,0,0,0,2,2,0,6,2,5,3,9
2018.0,50.0,1.0,0.0,3,6,3,0,0,0,0,5,1,1,0,0,5,1,1,13,0,11,0,0,0,1,0,0,7,8,5,8,3
2018.0,116.0,0.0,0.0,3,6,3,0,0,0,1,5,1,1,0,1,5,1,1,13,0,11,0,0,0,1,2,0,7,8,5,8,3
2018.0,0.0,3.0,0.0,2,1,3,0,0,0,1,9,1,1,0,0,2,1,1,13,0,11,0,0,0,1,1,0,7,2,5,3,3
2018.0,399.0,0.0,0.0,3,0,3,0,0,0,1,2,1,1,0,1,2,1,1,14,0,11,0,0,0,2,1,0,6,2,5,3,9
2018.0,0.0,0.0,0.0,3,4,3,0,0,0,1,2,1,1,0,1,1,1,1,14,0,11,0,0,0,2,1,0,7,2,5,3,9
2018.0,-85.0,1.0,0.0,3,6,3,0,0,0,1,1,1,1,0,0,1,1,1,14,0,11,0,0,0,2,2,0,7,7,5,8,3
2018.0,-136.0,0.0,0.0,3,4,3,0,0,0,1,9,1,1,0,1,1,1,1,15,0,11,0,0,0,1,1,0,0,2,5,3,9
2018.0,230.0,1.0,0.0,2,4,3,0,0,0,0,5,1,1,0,1,1,1,1,15,0,11,0,0,0,1,0,0,0,2,5,3,9
2018.0,245.0,0.0,0.0,3,6,3,0,0,0,0,1,1,1,0,0,1,1,1,16,0,11,0,1,0,0,1,0,6,7,5,8,3
2018.0,-175.0,0.0,0.0,3,6,3,0,0,0,0,2,1,1,0,1,2,1,1,16,0,11,0,1,0,2,1,0,6,7,5,8,3
2018.0,78.0,1.0,0.0,2,10,3,0,0,0,0,1,1,1,3,0,1,1,1,16,0,11,0,1,0,1,2,0,0,2,5,5,9
2018.0,-150.0,0.0,0.0,3,10,3,4,0,0,0,1,1,1,0,0,2,1,1,16,0,11,0,1,0,2,1,0,6,2,5,2,9
2018.0,0.0,2.0,0.0,2,12,4,0,0,0,0,1,1,1,0,1,9,1,1,16,0,11,0,1,0,2,1,0,6,5,5,3,9
2018.0,119.0,0.0,0.0,3,6,3,0,0,0,1,5,1,1,0,0,5,1,1,17,0,11,0,1,0,1,1,0,7,8,5,8,3
2018.0,0.0,0.0,0.0,3,10,3,0,0,0,2,5,1,1,0,1,5,1,1,17,0,11,0,1,0,0,1,0,7,9,5,3,3
2018.0,200.0,0.0,0.0,3,1,4,0,0,0,0,3,1,1,0,1,1,1,1,17,0,11,0,1,0,1,1,0,0,2,5,3,5
2018.0,-75.0,1.0,0.0,3,6,0,0,0,0,1,5,1,1,0,0,5,1,1,18,0,11,0,1,0,2,1,0,6,8,5,8,3
2018.0,0.0,0.0,0.0,3,4,0,0,0,0,0,2,1,1,0,0,5,1,1,18,0,11,0,1,0,2,1,0,7,5,5,3,9
2018.0,20.0,0.0,0.0,3,1,0,2,0,0,2,2,1,1,0,1,9,1,1,23,0,11,0,0,0,0,2,0,7,2,5,9,3
2018.0,-528.0,0.0,0.0,3,6,0,0,0,0,0,1,1,1,0,1,1,1,1,4,1,11,0,0,0,2,1,0,6,7,5,8,2
2018.0,0.0,0.0,0.0,3,10,3,0,0,0,1,2,1,1,0,1,2,1,1,6,1,11,0,0,0,2,1,0,7,4,5,3,9
2018.0,-40.0,0.0,0.0,3,10,3,0,0,0,0,1,1,1,0,1,1,1,1,6,1,11,0,0,0,0,1,0,7,5,5,8,3
2018.0,-474.0,0.0,0.0,3,6,3,0,0,0,0,2,1,1,0,0,2,1,1,7,1,11,0,1,0,1,2,0,6,7,5,8,3
2018.0,-42.0,0.0,0.0,3,6,5,4,0,0,1,2,1,1,0,1,2,1,1,7,1,11,0,1,0,1,2,0,7,5,5,3,8
2018.0,-610.0,0.0,0.0,3,6,3,0,0,0,0,5,1,1,0,1,5,1,1,8,1,11,0,1,0,2,2,0,6,8,5,8,3
2018.0,0.0,1.0,0.0,2,6,3,0,0,0,0,9,1,1,0,0,9,1,1,8,1,11,0,1,0,1,1,0,6,8,5,8,3
2018.0,165.0,1.0,0.0,2,10,3,0,0,0,0,5,1,1,0,1,5,1,1,9,1,11,0,1,0,1,2,0,7,9,9,2,2
2018.0,477.0,1.0,0.0,2,6,3,0,0,0,1,2,1,1,0,1,2,1,1,12,1,11,0,0,0,1,0,0,7,8,5,8,3
2018.0,56.0,0.0,0.0,3,6,3,0,0,0,2,1,1,1,0,1,1,1,1,13,1,11,0,0,0,0,1,0,6,7,5,8,3
2018.0,0.0,1.0,0.0,2,10,3,0,0,0,1,5,1,1,0,1,5,1,1,14,1,11,0,0,0,1,1,0,7,9,5,3,2
2018.0,240.0,0.0,0.0,3,6,3,0,0,0,0,2,1,1,0,1,2,1,1,14,1,11,0,0,0,0,2,0,6,7,5,8,3
2018.0,-70.0,0.0,0.0,3,6,3,0,0,0,1,1,1,1,0,1,1,1,1,15,1,11,0,0,0,1,1,0,7,7,5,8,3
2018.0,-488.0,0.0,0.0,3,4,3,0,0,0,0,9,1,1,0,1,1,1,1,15,1,11,0,0,0,1,0,0,0,2,5,3,9
2018.0,-55.0,0.0,0.0,3,10,3,0,0,0,1,5,1,1,0,1,5,1,1,16,1,11,0,1,0,1,1,0,6,9,5,3,2
2018.0,867.0,1.0,0.0,3,4,3,0,0,0,1,5,1,1,0,1,9,1,1,16,1,11,0,1,0,1,0,0,0,2,5,3,9
2018.0,305.0,2.0,0.0,2,4,3,0,0,0,0,5,1,1,0,0,1,1,1,16,1,11,0,1,0,0,0,0,0,2,5,3,9
2018.0,250.0,0.0,0.0,3,6,3,0,0,0,1,2,1,1,0,1,2,1,1,16,1,11,0,1,0,2,1,0,6,7,5,8,3
2018.0,-40.0,1.0,0.0,3,6,3,0,0,0,1,1,1,1,0,1,1,1,1,16,1,11,0,1,0,1,0,0,6,7,5,8,3
2018.0,41.0,0.0,0.0,3,10,3,0,0,0,1,2,1,1,0,0,2,1,1,16,1,11,0,1,0,1,0,0,7,5,5,9,9
2018.0,-45.0,0.0,0.0,3,6,3,0,0,0,0,9,1,1,0,1,9,1,1,17,1,11,0,1,0,0,1,0,7,8,5,9,9
2018.0,0.0,0.0,0.0,3,4,0,0,0,0,0,9,1,1,0,0,1,1,1,17,1,11,0,1,0,0,2,0,7,2,5,3,9
2018.0,-360.0,0.0,0.0,3,6,4,0,0,0,1,1,1,1,0,1,1,1,1,17,1,11,0,1,0,1,0,0,6,8,5,8,3
2018.0,-157.0,2.0,0.0,2,1,0,0,0,0,1,5,1,1,0,0,9,1,1,17,1,11,0,1,0,2,2,0,0,2,5,3,9
2018.0,-75.0,0.0,0.0,3,10,0,0,0,0,0,5,1,1,0,0,5,1,1,18,1,11,0,1,0,1,0,0,6,9,5,3,2
2018.0,75.0,1.0,0.0,3,6,0,0,0,0,1,9,1,1,0,0,9,1,1,20,1,11,0,0,0,2,1,0,7,7,5,8,3
2018.0,0.0,0.0,0.0,3,1,0,0,0,0,1,2,1,1,0,0,1,1,1,22,1,11,0,0,0,0,1,0,0,2,5,3,9
2018.0,100.0,2.0,0.0,2,6,3,0,0,0,0,2,1,1,0,0,2,1,1,7,2,11,0,1,0,1,0,0,6,8,5,8,3
2018.0,233.0,2.0,0.0,2,4,3,0,0,0,1,9,1,1,0,0,5,1,1,8,2,11,0,1,0,1,0,0,0,2,5,3,9
2018.0,160.0,0.0,0.0,3,4,3,0,0,0,0,9,1,1,0,1,5,1,1,11,2,11,0,0,0,2,2,0,7,9,5,3,9
2018.0,-100.0,3.0,0.0,2,6,3,0,0,0,0,9,1,1,0,1,9,1,1,11,2,11,0,0,0,2,1,0,6,7,5,8,3
2018.0,-594.0,1.0,0.0,2,1,3,0,0,0,1,1,1,1,0,0,5,1,1,13,2,11,0,0,0,2,1,0,0,5,5,8,3
2018.0,0.0,1.0,0.0,2,6,3,0,0,0,0,1,0,1,0,0,5,1,1,13,2,11,0,0,0,1,0,0,7,2,5,3,9
2018.0,-350.0,0.0,0.0,3,5,3,0,0,0,0,9,1,1,1,1,9,1,1,13,2,11,0,0,0,1,1,0,6,7,5,6,3
2018.0,-170.0,0.0,0.0,3,10,3,0,0,0,0,5,1,1,0,1,5,1,1,13,2,11,0,0,0,0,0,0,6,9,5,3,2
2018.0,-595.0,1.0,0.0,2,5,3,0,0,0,1,5,1,1,3,0,1,1,1,16,2,11,0,1,0,0,2,0,0,2,5,7,9
2018.0,828.0,0.0,0.0,3,6,3,0,0,0,0,5,1,1,0,1,5,1,1,16,2,11,0,1,0,2,2,0,6,8,5,8,3
2018.0,-339.0,1.0,0.0,3,10,3,0,0,0,0,9,1,1,0,0,9,1,1,17,2,11,0,1,0,2,1,0,6,9,5,3,2
2018.0,-370.0,0.0,0.0,3,6,0,0,0,0,0,1,1,1,0,0,1,1,1,17,2,11,0,1,0,1,1,0,6,8,5,8,3
2018.0,0.0,1.0,0.0,3,4,2,0,0,0,0,1,1,1,0,1,9,1,1,17,2,11,0,1,0,1,0,0,7,2,5,3,9
2018.0,200.0,3.0,0.0,3,4,4,0,0,0,0,2,1,1,0,1,5,1,1,17,2,11,0,1,0,0,1,0,0,5,5,3,9
2018.0,717.0,0.0,0.0,3,6,4,0,0,0,1,1,1,1,0,0,1,1,1,17,2,11,0,1,0,1,1,0,6,7,5,8,3
2018.0,-50.0,0.0,0.0,3,6,0,0,0,0,0,1,1,1,0,0,1,1,1,18,2,11,0,1,0,1,1,0,7,7,5,8,3
2018.0,356.0,2.0,0.0,2,6,3,0,0,0,0,5,1,1,0,0,5,1,1,18,2,11,0,1,0,1,1,0,6,8,5,8,3
2018.0,-25.0,0.0,0.0,3,6,0,0,0,0,1,9,1,1,0,1,9,1,1,19,2,11,0,1,0,1,1,0,6,7,5,6,3
2018.0,0.0,0.0,0.0,3,10,3,0,0,0,0,7,1,1,0,0,5,1,1,9,3,11,0,1,0,2,1,0,7,4,5,3,9
2018.0,-25.0,1.0,0.0,3,5,3,0,0,2,0,9,1,1,0,1,2,1,1,10,3,11,0,0,0,2,1,0,7,2,5,9,3
2018.0,245.0,1.0,0.0,2,5,3,0,0,0,0,1,1,1,2,1,1,1,1,10,3,11,0,0,0,2,1,0,0,5,5,3,8
2018.0,0.0,1.0,0.0,2,4,3,0,0,0,2,9,1,1,0,0,1,1,1,11,3,11,0,0,0,0,2,0,7,2,5,9,3
2018.0,0.0,0.0,0.0,3,1,3,0,0,0,0,1,1,1,0,0,5,1,1,11,3,11,0,0,0,2,2,0,7,2,5,3,3
2018.0,0.0,2.0,0.0,2,1,3,0,0,0,0,2,1,1,0,0,1,1,1,12,3,11,0,0,0,2,1,0,7,2,5,3,3
2018.0,-147.0,0.0,0.0,3,6,3,0,0,0,0,2,1,1,0,1,1,1,1,13,3,11,0,0,0,2,1,0,0,2,5,8,9
2018.0,-309.0,1.0,0.0,3,1,3,0,0,3,1,9,1,1,0,0,1,1,1,14,3,11,0,0,0,2,1,0,0,5,5,9,7
2018.0,0.0,0.0,0.0,3,4,3,0,0,0,0,9,1,1,0,0,1,1,1,16,3,11,0,1,0,1,1,0,7,2,5,3,9
2018.0,150.0,0.0,0.0,3,10,3,0,0,0,1,5,1,1,0,1,5,1,1,16,3,11,0,1,0,0,1,0,7,5,5,3,3
2018.0,-689.0,1.0,0.0,2,1,3,0,0,0,0,2,1,1,0,1,1,1,1,17,3,11,0,1,0,1,2,0,0,2,5,3,9
2018.0,100.0,0.0,0.0,3,10,3,0,0,0,1,1,1,1,0,1,1,1,1,17,3,11,0,1,0,1,1,0,6,9,5,3,2
2018.0,50.0,0.0,0.0,3,6,0,0,0,0,1,1,1,1,0,1,1,1,1,18,3,11,0,1,0,1,1,0,6,7,5,8,3
2018.0,0.0,0.0,0.0,3,4,0,0,0,0,0,9,1,1,0,0,5,1,1,18,3,11,0,1,0,0,1,0,7,2,5,3,9
2018.0,-3.0,3.0,0.0,2,1,1,0,0,0,1,5,1,1,0,1,5,1,1,18,3,11,0,1,0,2,2,0,7,2,5,3,3
2018.0,614.0,0.0,0.0,3,1,0,0,0,0,1,2,1,1,0,0,1,1,1,18,3,11,0,1,0,2,0,0,0,2,5,3,9
2018.0,0.0,0.0,0.0,3,4,0,0,0,0,1,2,1,1,0,1,9,1,1,18,3,11,0,1,0,2,2,0,7,4,5,9,9
2018.0,0.0,0.0,0.0,3,4,0,0,0,0,1,3,1,1,0,1,3,1,1,18,3,11,0,1,0,1,2,0,7,5,5,9,9
2018.0,0.0,0.0,0.0,3,4,0,0,0,0,2,1,1,1,0,0,9,1,1,21,3,11,0,0,0,0,0,0,7,2,5,3,9
2018.0,-75.0,0.0,0.0,3,10,3,0,0,0,1,1,1,1,0,1,1,1,1,7,4,11,0,1,0,2,2,0,6,9,5,3,2
2018.0,5.0,1.0,0.0,1,5,3,0,0,0,1,1,1,1,2,1,2,1,1,8,4,11,0,1,0,1,0,0,7,2,5,3,9
2018.0,-50.0,0.0,0.0,3,6,3,0,0,0,2,1,1,1,0,1,1,1,1,8,4,11,0,1,0,0,1,0,7,5,5,8,5
2018.0,0.0,0.0,0.0,3,4,3,0,0,0,1,7,1,1,0,0,1,1,1,8,4,11,0,1,0,1,2,0,6,5,5,3,9
2018.0,289.0,2.0,0.0,2,4,3,0,0,0,0,5,1,1,0,0,9,1,1,11,4,11,0,0,0,2,0,0,0,2,5,3,9
2018.0,278.0,1.0,0.0,3,6,3,0,0,0,1,9,1,1,0,1,9,1,1,12,4,11,0,0,0,1,1,0,6,8,5,8,3
2018.0,0.0,0.0,0.0,3,1,3,0,0,0,0,5,1,1,0,1,9,1,1,12,4,11,0,0,0,1,1,0,7,2,5,9,3
2018.0,-121.0,1.0,0.0,3,10,3,0,0,0,1,2,1,1,0,1,2,1,1,13,4,11,0,0,0,1,1,0,6,9,5,8,2
2018.0,-75.0,0.0,0.0,3,10,3,0,0,0,1,9,1,1,1,1,9,1,1,13,4,11,0,0,0,0,1,0,6,5,5,8,3
2018.0,0.0,0.0,0.0,3,10,3,0,0,0,1,6,1,1,0,1,6,1,1,15,4,11,0,0,0,0,1,0,7,9,5,9,9
2018.0,78.0,1.0,0.0,2,5,3,0,0,2,0,5,1,1,0,0,9,1,1,15,4,11,0,0,0,1,2,0,6,5,5,9,3
2018.0,-472.0,3.0,0.0,3,6,3,0,0,0,0,5,1,1,0,0,5,1,1,15,4,11,0,0,0,0,1,0,6,7,5,3,3
2018.0,-330.0,0.0,0.0,3,6,3,0,0,0,1,5,1,1,0,1,5,1,1,16,4,11,0,1,0,1,1,0,6,8,5,8,3
2018.0,10.0,0.0,0.0,3,6,3,0,0,0,0,5,1,1,0,1,5,1,1,16,4,11,0,1,0,1,1,0,7,7,5,3,3
2018.0,25.0,1.0,0.0,3,12,5,4,0,0,1,8,1,1,0,0,5,1,1,16,4,11,0,1,0,0,1,0,6,5,5,8,5
2018.0,0.0,1.0,0.0,3,6,5,4,0,0,0,5,1,1,0,1,1,1,1,16,4,11,0,1,0,1,1,0,7,2,5,3,9
2018.0,25.0,0.0,0.0,3,6,4,0,0,0,0,5,1,1,0,1,5,1,1,17,4,11,0,1,0,1,1,0,4,7,5,8,3
2018.0,-20.0,0.0,0.0,3,6,4,0,0,0,0,5,1,1,0,1,5,1,1,17,4,11,0,1,0,2,1,0,7,7,5,3,3
2018.0,50.0,0.0,0.0,3,6,4,0,0,0,1,9,1,1,0,1,9,1,1,17,4,11,0,1,0,1,1,0,7,7,5,8,8
2018.0,-650.0,2.0,0.0,2,1,0,0,0,0,1,9,1,1,0,1,2,1,1,17,4,11,0,1,0,2,1,0,0,2,5,3,9
2018.0,-160.0,0.0,0.0,3,4,0,0,0,0,0,1,1,1,0,0,5,1,1,18,4,11,0,1,0,1,1,0,0,2,5,3,9
2018.0,0.0,1.0,0.0,3,4,0,0,0,0,1,5,1,1,0,0,2,1,1,18,4,11,0,1,0,1,2,0,7,2,5,3,9
2018.0,-490.0,0.0,0.0,3,10,0,0,0,0,1,2,1,1,0,0,2,1,1,19,4,11,0,1,0,2,2,0,6,9,5,3,2
2018.0,0.0,0.0,0.0,3,4,0,0,0,0,1,1,1,1,0,1,9,1,1,19,4,11,0,1,0,1,2,0,7,2,5,9,3
2018.0,0.0,3.0,0.0,3,4,0,0,0,0,1,2,1,1,0,1,5,1,1,20,4,11,0,0,0,2,1,0,7,2,5,3,9
2018.0,0.0,0.0,0.0,3,1,2,0,0,0,0,9,1,1,0,1,5,1,1,0,5,11,1,0,0,2,1,0,7,2,5,3,3
2018.0,40.0,0.0,0.0,3,6,3,0,0,0,0,5,1,1,0,1,5,1,1,11,5,11,1,0,0,2,1,0,7,7,5,8,3
2018.0,-10.0,0.0,0.0,3,10,3,0,0,0,1,5,1,1,0,0,5,1,1,11,5,11,1,0,0,1,1,0,6,2,5,3,6
2018.0,0.0,0.0,0.0,3,4,3,0,0,0,1,9,1,1,0,1,5,1,1,11,5,11,1,0,0,1,2,0,7,2,5,9,9
2018.0,-433.0,0.0,0.0,3,10,3,0,0,0,1,5,1,1,0,1,5,1,1,11,5,11,1,0,0,1,1,0,6,9,5,3,3
2018.0,-262.0,0.0,0.0,3,6,3,0,0,0,0,1,1,1,0,1,1,1,1,15,5,11,1,0,0,0,1,0,6,7,5,3,3
2018.0,200.0,0.0,0.0,3,1,0,0,0,0,0,9,1,1,0,1,2,1,1,22,5,11,1,0,0,2,2,0,0,2,5,3,9
2018.0,5.0,1.0,0.0,2,5,0,0,0,0,2,9,1,1,3,0,9,1,1,22,5,11,1,0,0,0,1,0,7,2,5,7,9
2018.0,255.0,0.0,0.0,3,6,0,0,0,0,1,9,0,1,0,1,9,1,1,23,5,11,1,0,0,2,1,0,7,7,5,8,3
2018.0,110.0,1.0,0.0,2,6,3,0,0,0,0,1,1,1,0,1,1,1,1,11,6,11,1,0,0,2,1,0,7,4,5,3,9
2018.0,83.0,0.0,0.0,3,6,3,0,0,0,0,2,1,1,0,0,2,1,1,14,6,11,1,0,0,1,2,0,6,7,5,9,3
2018.0,1000.0,0.0,0.0,3,10,0,0,0,0,1,9,1,1,0,1,9,1,1,17,6,11,1,1,0,1,1,0,6,2,5,3,9
2018.0,-250.0,0.0,0.0,3,0,0,0,0,0,1,2,1,1,0,1,2,1,1,18,6,11,1,1,0,2,1,0,7,5,5,9,3
2018.0,0.0,0.0,0.0,3,1,3,0,0,0,2,1,1,1,0,0,7,1,1,19,6,11,1,1,0,0,1,0,7,2,5,3,9
2018.0,15.0,0.0,0.0,3,10,0,0,0,0,1,5,1,1,0,0,5,1,1,21,6,11,1,0,0,2,2,0,7,9,5,3,3
2018.0,0.0,0.0,0.0,3,6,0,0,0,0,1,5,1,1,0,1,5,1,1,23,6,11,1,0,0,1,2,0,7,8,5,3,8
2018.0,0.0,0.0,0.0,3,5,3,0,0,0,0,5,1,1,0,0,9,1,1,9,0,11,0,1,0,0,2,0,7,5,5,3,3
2018.0,0.0,0.0,0.0,3,6,3,0,0,0,0,5,1,1,0,1,5,1,1,11,0,11,0,0,0,1,0,0,7,7,5,0,3
2018.0,-50.0,0.0,0.0,3,6,3,0,0,0,0,1,1,1,0,0,1,1,1,14,0,11,0,0,0,1,1,0,7,7,5,8,3
2018.0,0.0,0.0,0.0,3,6,3,0,0,0,1,5,1,1,0,1,5,1,1,15,0,11,0,0,0,0,1,0,7,5,5,9,9
2018.0,0.0,0.0,0.0,3,4,3,0,0,0,1,5,1,1,0,0,1,1,1,16,0,11,0,1,0,2,2,0,7,4,5,3,9
2018.0,0.0,0.0,0.0,3,10,4,0,0,0,1,9,1,1,0,1,9,1,1,17,0,11,0,1,0,1,1,0,6,7,5,9,3
2018.0,-80.0,0.0,0.0,3,10,4,0,0,0,0,9,1,1,0,1,9,1,1,17,0,11,0,1,0,2,1,0,6,9,5,3,3
2018.0,-8.0,0.0,0.0,3,6,0,0,0,0,1,2,1,1,0,0,2,1,1,21,0,11,0,0,0,1,1,0,6,7,5,3,3
2018.0,0.0,1.0,0.0,3,4,3,0,0,0,0,5,1,1,0,0,2,1,1,6,1,11,0,0,0,1,2,0,7,2,5,3,9
2018.0,-100.0,0.0,0.0,3,6,3,0,0,0,0,2,1,1,0,0,2,1,1,8,1,11,0,1,0,2,1,0,7,8,5,8,3
2018.0,0.0,0.0,0.0,3,4,3,0,0,0,0,2,1,1,0,0,5,1,1,9,1,11,0,1,0,1,2,0,7,2,5,3,9
2018.0,6.0,0.0,0.0,3,10,3,0,0,0,1,5,1,1,0,0,5,1,1,10,1,11,0,0,0,1,1,0,7,9,5,9,2
2018.0,-104.0,0.0,0.0,3,10,3,0,0,0,1,9,1,1,0,1,9,1,1,10,1,11,0,0,0,2,1,0,6,9,5,3,2
2018.0,75.0,3.0,0.0,2,6,3,0,0,0,1,1,1,1,0,0,1,1,1,13,1,11,0,0,0,1,2,0,0,8,5,8,3
2018.0,-324.0,0.0,0.0,3,10,3,0,0,0,1,2,1,1,0,0,2,1,1,15,1,11,0,0,0,1,0,0,7,9,5,3,2
2018.0,150.0,0.0,0.0,3,10,3,0,0,0,0,9,1,1,0,0,9,1,1,15,1,11,0,0,0,1,1,0,7,7,5,2,2
2018.0,0.0,0.0,0.0,3,4,3,0,0,0,0,2,1,1,0,0,5,1,1,15,1,11,0,0,0,0,0,0,7,2,5,3,9
2018.0,111.0,1.0,0.0,2,6,3,0,0,0,1,1,1,1,0,1,1,1,1,16,1,11,0,1,0,0,1,0,7,8,5,8,3
2018.0,-525.0,0.0,0.0,3,6,3,0,0,0,1,1,1,1,0,0,1,1,1,16,1,11,0,1,0,1,2,0,7,7,5,8,3
2018.0,-792.0,1.0,0.0,2,4,3,0,0,0,0,2,1,1,0,0,1,1,1,17,1,11,0,1,0,1,0,0,0,2,5,3,9
2018.0,0.0,1.0,0.0,3,4,0,0,0,0,1,2,1,1,0,1,5,1,1,17,1,11,0,1,0,2,1,0,7,2,5,3,9
2018.0,-100.0,0.0,0.0,3,1,0,0,0,0,0,1,1,1,0,0,1,1,1,17,1,11,0,1,0,2,1,0,6,9,5,8,6
2018.0,15.0,1.0,0.0,2,6,0,0,0,0,1,5,1,1,0,0,5,1,1,18,1,11,0,1,0,2,2,0,6,8,5,8,3
2018.0,40.0,0.0,0.0,3,1,0,0,0,0,1,1,1,1,0,1,2,1,1,18,1,11,0,1,0,1,0,0,7,2,9,3,9
2018.0,300.0,0.0,0.0,3,6,0,0,0,0,0,2,1,1,0,1,2,1,1,20,1,11,0,0,0,2,1,0,6,8,5,8,3
2018.0,-60.0,0.0,0.0,3,5,0,0,0,0,0,2,1,1,0,1,2,1,1,20,1,11,0,0,0,2,1,0,6,7,7,8,8
2018.0,0.0,0.0,0.0,3,4,0,0,0,0,0,1,1,1,0,1,9,1,1,21,1,11,0,0,0,1,2,0,7,2,5,3,9
2018.0,0.0,2.0,0.0,3,4,3,0,0,0,0,1,1,1,0,0,9,1,1,6,2,11,0,0,0,1,0,0,7,2,5,9,3
2018.0,0.0,0.0,0.0,3,4,3,0,0,0,1,5,1,1,0,0,9,1,1,6,2,11,0,0,0,2,1,0,7,2,5,3,9
2018.0,0.0,2.0,0.0,2,4,3,0,0,0,1,5,1,1,0,1,2,1,1,7,2,11,0,1,0,2,1,0,7,2,5,3,9
2018.0,-100.0,0.0,0.0,3,10,3,1,0,0,1,1,1,1,0,1,1,1,1,9,2,11,0,1,0,2,1,0,7,9,5,3,2
2018.0,0.0,0.0,0.0,3,4,3,0,0,0,0,1,1,1,0,0,5,1,1,10,2,11,0,0,0,1,0,0,7,2,5,3,9
2018.0,-418.0,1.0,0.0,2,6,3,0,0,0,1,1,1,1,0,1,1,1,1,11,2,11,0,0,0,1,2,0,6,8,5,8,3
2018.0,0.0,2.0,0.0,2,3,3,0,0,0,1,1,1,1,0,1,9,1,1,13,2,11,0,0,0,2,2,0,7,2,5,3,9
2018.0,385.0,0.0,0.0,3,6,3,0,0,0,0,9,1,1,0,1,9,1,1,14,2,11,0,0,0,1,1,0,8,7,5,8,3
2018.0,695.0,0.0,0.0,3,6,3,0,0,0,1,5,1,1,0,1,5,1,1,15,2,11,0,0,0,2,1,0,6,7,5,8,3
2018.0,106.0,0.0,0.0,3,10,3,0,0,0,2,5,1,1,0,1,5,1,1,15,2,11,0,0,0,0,1,0,7,9,5,3,2
2018.0,229.0,0.0,0.0,3,10,3,1,0,0,1,5,1,1,0,1,5,1,1,15,2,11,0,0,0,1,1,0,6,9,5,3,2
2018.0,0.0,2.0,0.0,2,4,3,0,0,0,1,1,1,1,0,1,9,1,1,18,2,11,0,1,0,1,1,0,7,2,5,9,3
2018.0,335.0,0.0,0.0,3,6,0,0,0,0,0,5,1,1,0,0,5,1,1,18,2,11,0,1,0,2,0,0,6,7,5,8,3
2018.0,300.0,0.0,0.0,3,6,0,0,0,0,0,5,1,1,0,1,5,1,1,19,2,11,0,1,0,1,1,0,7,8,5,3,3
2018.0,-100.0,0.0,0.0,3,6,0,0,0,0,2,2,1,1,0,0,2,1,1,21,2,11,0,0,0,0,1,0,7,8,5,8,3
2018.0,482.0,1.0,0.0,3,4,0,0,0,0,1,5,1,1,0,0,2,1,1,23,2,11,0,0,0,2,1,0,6,2,5,3,9
2018.0,-251.0,0.0,0.0,3,4,3,0,0,0,0,9,1,1,0,1,2,1,1,7,3,11,0,1,0,1,1,0,0,2,5,3,9
2018.0,284.0,1.0,0.0,3,6,3,0,0,0,0,1,1,1,0,0,1,1,1,7,3,11,0,1,0,1,1,0,6,8,5,8,3
2018.0,120.0,0.0,0.0,3,1,3,0,0,0,0,5,1,1,0,1,9,1,1,8,3,11,0,1,0,2,1,0,0,2,5,3,9
2018.0,-205.0,0.0,0.0,3,10,3,0,0,0,0,1,1,1,1,1,1,1,1,11,3,11,0,0,0,2,1,0,6,7,5,6,3
2018.0,250.0,0.0,0.0,3,10,3,0,0,0,1,9,1,1,0,1,9,1,1,14,3,11,0,0,0,1,1,0,7,5,5,5,5
2018.0,-174.0,1.0,0.0,2,6,3,0,0,0,0,2,1,1,0,0,2,1,1,14,3,11,0,0,0,2,2,0,7,8,5,8,3
2018.0,0.0,0.0,0.0,3,12,3,0,0,0,1,2,1,1,0,1,1,1,1,16,3,11,0,1,0,1,2,0,7,2,5,9,9
2018.0,-47.0,0.0,0.0,3,10,0,0,0,0,1,2,1,1,0,1,2,1,1,16,3,11,0,1,0,1,1,0,7,4,5,9,9
2018.0,-120.0,0.0,0.0,3,6,3,0,0,0,1,1,1,1,0,1,1,1,1,18,3,11,0,1,0,2,1,0,7,8,5,8,8
2018.0,50.0,1.0,0.0,2,6,0,0,0,0,1,5,1,1,0,0,5,1,1,18,3,11,0,1,0,2,1,0,6,8,5,8,3
2018.0,0.0,2.0,0.0,1,4,0,0,0,0,0,5,1,1,0,1,2,1,1,18,3,11,0,1,0,2,2,0,7,2,5,3,9