Year,Distance,Totalinjuries,Totalfatalities,Injuryseverity,Collisionmanner,Lightcondition,Weather,SurfaceCondition,Unittype_One,Gender_Drv1,Traveldirection_One,AlcoholUse_Drv1,DrugUse_Drv1,Unittype_Two,Gender_Drv2,Traveldirection_Two,AlcoholUse_Drv2,DrugUse_Drv2,Hour,Weekday,Month,Weekend,Rush_Hour,Hazardous_Road,Age_Group_Drv1,Age_Group_Drv2,Substance_Use,Junction_Category,Violation_Category_Drv1,Violation_Category_Drv2,Unitaction_Category_Two,Unitaction_Category_One
2018.0,218.0,1.0,0.0,2,9,0,0,0,0,1,1,1,1,0,1,9,1,1,20,3,11,0,0,0,2,1,0,6,5,5,3,3
2018.0,20.0,0.0,0.0,3,1,3,0,0,0,1,2,1,1,0,1,2,1,1,5,4,11,0,0,0,1,1,0,7,9,5,3,2
2018.0,100.0,2.0,0.0,3,10,3,0,0,0,0,5,1,1,0,0,5,1,1,7,4,11,0,1,0,1,1,0,7,9,5,3,2
2018.0,-40.0,0.0,0.0,3,10,3,0,0,0,1,1,1,1,0,0,1,1,1,8,4,11,0,1,0,0,1,0,7,5,5,2,2
2018.0,211.0,0.0,0.0,3,6,3,0,0,0,1,5,1,1,0,0,5,1,1,10,4,11,0,0,0,1,2,0,0,9,5,3,0
2018.0,115.0,0.0,0.0,3,6,3,0,0,0,1,5,1,1,0,0,5,1,1,11,4,11,0,0,0,0,1,0,7,7,5,8,3
2018.0,-180.0,0.0,0.0,3,6,3,0,0,0,1,5,1,1,0,1,2,1,1,11,4,11,0,0,0,1,2,0,7,5,5,8,1
2018.0,-317.0,1.0,0.0,2,1,3,0,0,3,1,9,1,1,0,1,5,1,1,12,4,11,0,0,0,2,1,0,0,8,5,3,5
2018.0,-245.0,1.0,0.0,3,4,3,0,0,0,0,1,1,1,0,1,5,1,1,13,4,11,0,0,0,2,1,0,6,2,5,3,9
2018.0,-175.0,1.0,0.0,2,5,3,0,0,2,0,2,1,1,0,1,1,1,1,13,4,11,0,0,0,2,1,0,0,5,5,9,3
2018.0,416.0,1.0,0.0,3,1,3,0,0,0,1,2,1,1,0,0,1,1,1,13,4,11,0,0,0,1,0,0,0,2,5,3,9
2018.0,0.0,0.0,0.0,3,10,3,0,0,0,1,2,1,1,0,1,2,1,1,14,4,11,0,0,0,1,2,0,7,5,5,3,9
2018.0,0.0,0.0,0.0,3,4,3,0,0,0,0,9,1,1,0,1,5,1,1,14,4,11,0,0,0,1,1,0,7,2,5,3,9
2018.0,0.0,0.0,0.0,3,4,3,0,0,0,1,1,1,1,0,0,9,1,1,14,4,11,0,0,0,2,1,0,7,2,5,3,9
2018.0,0.0,0.0,0.0,3,1,3,0,0,0,1,1,1,1,0,1,5,1,1,14,4,11,0,0,0,0,2,0,0,2,5,3,9
2018.0,-400.0,0.0,0.0,3,4,3,0,0,0,1,2,1,1,0,0,5,1,1,15,4,11,0,0,0,2,2,0,6,2,5,3,9
2018.0,400.0,1.0,0.0,3,6,3,0,0,0,0,9,1,1,0,0,9,1,1,15,4,11,0,0,0,2,2,0,6,9,5,3,2
2018.0,24.0,0.0,0.0,3,6,3,0,0,0,1,9,1,1,0,1,9,1,1,16,4,11,0,1,0,1,1,0,7,7,5,8,3
2018.0,-20.0,0.0,0.0,3,6,4,0,0,0,1,1,1,1,0,1,1,1,1,16,4,11,0,1,0,1,1,0,7,5,7,3,9
2018.0,-50.0,0.0,0.0,3,10,3,0,0,0,0,9,1,1,0,0,9,1,1,16,4,11,0,1,0,1,0,0,6,9,5,3,2
2018.0,0.0,0.0,0.0,3,4,3,0,0,0,1,4,1,1,0,0,5,1,1,17,4,11,0,1,0,0,1,0,7,5,5,3,9
2018.0,60.0,0.0,0.0,3,6,0,0,0,0,1,5,1,1,0,1,5,1,1,18,4,11,0,1,0,2,1,0,7,7,5,8,8
2018.0,111.0,2.0,0.0,3,1,0,0,0,0,2,9,1,1,0,1,2,1,1,21,4,11,0,0,0,0,2,0,0,5,5,8,9
2018.0,0.0,3.0,0.0,2,1,0,0,0,0,1,1,1,1,0,1,2,1,1,0,5,11,1,0,0,2,2,0,7,2,5,3,3
2018.0,0.0,0.0,0.0,3,4,0,0,0,0,1,4,1,1,0,0,5,1,1,1,5,11,1,0,0,2,1,0,7,2,5,3,9
2018.0,-65.0,1.0,0.0,3,6,3,0,0,0,0,2,1,1,0,1,2,1,1,12,5,11,1,0,0,1,2,0,7,7,5,3,3
2018.0,0.0,0.0,0.0,3,4,3,0,0,0,1,3,1,1,0,0,9,1,1,13,5,11,1,0,0,0,2,0,7,2,5,3,9
2018.0,-75.0,0.0,0.0,3,10,3,0,0,0,1,1,1,1,0,0,1,1,1,16,5,11,1,1,0,0,1,0,7,9,5,3,2
2018.0,0.0,0.0,0.0,3,1,3,0,0,0,1,9,1,1,0,1,2,1,1,17,5,11,1,1,0,2,2,0,7,2,5,9,3
2018.0,0.0,0.0,0.0,3,4,0,0,0,0,0,9,1,1,0,1,5,1,1,22,5,11,1,0,0,2,2,0,7,2,5,3,9
2018.0,-50.0,0.0,0.0,3,6,0,0,3,0,1,1,1,1,0,0,1,1,1,22,5,11,1,0,0,2,1,0,7,5,5,8,1
2018.0,0.0,2.0,0.0,2,1,0,0,0,0,1,1,1,1,0,1,2,1,1,0,6,11,1,0,0,1,2,0,7,2,5,3,3
2018.0,0.0,2.0,1.0,0,4,3,0,0,0,0,1,1,1,0,1,9,1,1,13,6,11,1,0,0,0,1,0,7,2,5,3,9
2018.0,0.0,0.0,0.0,3,1,3,0,0,0,0,2,1,1,0,1,9,1,1,14,6,11,1,0,0,1,1,0,7,7,5,3,3
2018.0,-25.0,0.0,0.0,3,10,3,0,0,0,1,5,1,1,0,1,5,1,1,14,6,11,1,0,0,1,2,0,7,2,5,9,9
2018.0,-170.0,0.0,0.0,3,1,3,0,0,0,0,6,1,1,0,0,1,1,1,15,6,11,1,0,0,1,1,0,6,2,5,3,9
2018.0,120.0,0.0,0.0,3,1,0,0,0,0,0,5,1,1,0,0,2,1,1,18,6,11,1,1,0,1,0,0,7,2,5,3,9
2018.0,30.0,0.0,0.0,3,6,0,0,0,0,1,5,1,1,0,0,5,1,1,19,6,11,1,1,0,2,2,0,7,8,5,8,3
2018.0,-50.0,0.0,0.0,3,6,0,0,0,0,1,2,1,1,0,0,2,1,1,21,6,11,1,0,0,2,1,0,7,7,5,8,3
2018.0,0.0,0.0,0.0,3,4,3,0,0,0,1,9,1,1,0,1,1,1,1,23,6,11,1,0,0,2,1,0,7,2,5,3,9
2018.0,-225.0,0.0,0.0,3,1,3,0,0,0,1,2,1,1,0,0,2,1,1,6,0,11,0,0,0,1,1,0,7,9,9,2,3
2018.0,0.0,2.0,0.0,3,1,3,0,0,0,1,1,1,1,0,1,5,1,1,10,0,11,0,0,0,1,0,0,7,2,5,3,3
2018.0,128.0,0.0,0.0,3,10,3,0,0,0,1,1,1,1,0,1,1,1,1,10,0,11,0,0,0,1,2,0,6,5,5,3,3
2018.0,750.0,2.0,0.0,3,6,3,0,0,0,0,2,1,1,0,1,2,1,1,11,0,11,0,0,0,1,1,0,6,8,5,8,3
2018.0,80.0,0.0,0.0,3,12,3,0,3,0,0,8,1,1,0,0,8,1,1,11,0,11,0,0,0,2,1,0,6,5,5,5,5
2018.0,104.0,0.0,0.0,3,6,3,0,0,0,1,5,1,1,0,0,5,1,1,14,0,11,0,0,0,2,1,0,7,8,5,8,3
2018.0,0.0,0.0,0.0,3,10,3,0,0,0,0,9,1,1,0,0,9,1,1,15,0,11,0,0,0,1,0,0,7,5,5,3,9
2018.0,-50.0,0.0,0.0,3,6,3,0,0,0,0,1,1,1,0,0,1,1,1,15,0,11,0,0,0,1,1,0,6,7,5,8,3
2018.0,347.0,1.0,0.0,2,5,3,0,0,2,1,1,1,1,0,1,1,1,1,15,0,11,0,0,0,2,1,0,6,9,5,2,5
2018.0,75.0,1.0,0.0,3,6,3,0,0,0,0,9,1,1,0,1,9,1,1,16,0,11,0,1,0,0,1,0,6,9,5,8,3
2018.0,350.0,0.0,0.0,3,1,3,4,0,0,0,1,1,1,0,1,1,1,1,16,0,11,0,1,0,0,1,0,6,9,5,3,2
2018.0,0.0,1.0,0.0,3,4,3,0,0,0,0,9,1,1,0,0,5,1,1,16,0,11,0,1,0,2,2,0,7,2,5,3,9
2018.0,186.0,0.0,0.0,3,6,0,0,0,0,0,5,1,1,0,0,5,1,1,18,0,11,0,1,0,2,2,0,6,7,5,9,9
2018.0,-300.0,0.0,0.0,3,6,0,0,0,0,1,2,1,1,0,0,2,1,1,18,0,11,0,1,0,2,2,0,6,7,5,8,3
2018.0,-350.0,0.0,0.0,3,4,0,0,0,0,0,9,1,1,0,1,2,1,1,18,0,11,0,1,0,2,2,0,7,2,5,3,9
2018.0,40.0,0.0,0.0,3,3,0,0,0,0,1,2,1,1,1,1,5,1,1,19,0,11,0,1,0,1,1,0,6,7,5,6,3
2018.0,-100.0,0.0,0.0,3,6,0,0,0,0,1,1,1,1,1,1,1,1,1,23,0,11,0,0,0,1,1,0,6,7,5,6,3
2018.0,-125.0,0.0,0.0,3,10,3,0,0,0,1,5,1,1,0,1,5,1,1,6,1,11,0,0,0,1,1,0,6,9,5,8,3
2018.0,-548.0,1.0,0.0,3,4,3,0,0,0,0,2,1,1,0,0,1,1,1,8,1,11,0,1,0,1,1,0,6,2,5,3,9
2018.0,600.0,1.0,0.0,2,4,3,0,0,0,0,9,1,1,0,1,1,1,1,8,1,11,0,1,0,1,1,0,7,2,5,3,9
2018.0,250.0,1.0,0.0,3,4,3,0,0,0,1,5,1,1,0,0,9,1,1,9,1,11,0,1,0,1,1,0,0,2,5,8,9
2018.0,440.0,0.0,0.0,3,6,3,0,0,0,0,2,1,1,0,0,2,1,1,11,1,11,0,0,0,1,2,0,6,7,5,8,3
2018.0,0.0,0.0,0.0,3,1,3,0,0,0,0,9,1,1,0,1,5,1,1,11,1,11,0,0,0,1,2,0,7,2,5,3,3
2018.0,0.0,1.0,0.0,2,1,3,0,0,0,1,5,1,1,0,1,1,1,1,12,1,11,0,0,0,2,0,0,7,2,5,3,3
2018.0,83.0,0.0,0.0,3,6,3,0,0,0,0,5,1,1,0,0,5,1,1,13,1,11,0,0,0,2,2,0,7,7,5,8,3
2018.0,-305.0,0.0,0.0,3,6,3,0,0,0,0,1,1,1,0,1,1,1,1,14,1,11,0,0,0,1,1,0,6,8,5,8,3
2018.0,0.0,0.0,0.0,3,1,3,0,0,0,0,1,1,1,0,0,1,1,1,14,1,11,0,0,0,0,1,0,7,4,5,9,9
2018.0,95.0,0.0,0.0,3,6,3,0,0,0,0,9,1,1,0,1,9,1,1,14,1,11,0,0,0,1,1,0,7,7,5,8,3
2018.0,-285.0,0.0,0.0,3,5,3,0,0,0,1,1,1,1,0,1,3,1,1,14,1,11,0,0,0,1,1,0,6,5,5,9,1
2018.0,0.0,0.0,0.0,3,6,3,0,0,0,1,2,1,1,0,1,2,1,1,16,1,11,0,1,0,2,1,0,7,7,5,8,3
2018.0,256.0,1.0,0.0,2,6,3,0,0,0,0,9,1,1,0,1,9,1,1,16,1,11,0,1,0,1,0,0,9,8,5,8,8
2018.0,-293.0,0.0,0.0,3,6,3,0,0,0,2,5,1,1,0,1,5,1,1,17,1,11,0,1,0,0,0,0,6,8,5,8,5
2018.0,70.0,0.0,0.0,3,6,0,0,0,0,0,9,1,1,0,0,9,1,1,17,1,11,0,1,0,0,0,0,7,8,5,8,3
2018.0,-120.0,0.0,0.0,3,10,4,0,0,0,2,1,1,1,0,0,1,1,1,18,1,11,0,1,0,0,1,0,7,9,5,3,2
2018.0,0.0,2.0,0.0,2,4,3,0,0,0,0,1,1,1,0,0,9,1,1,7,2,11,0,1,0,1,1,0,7,2,5,3,9
2018.0,-100.0,0.0,0.0,3,6,3,4,0,0,0,2,1,1,0,0,2,1,1,10,2,11,0,0,0,2,1,0,7,8,5,8,3
2018.0,-170.0,0.0,0.0,3,10,3,0,0,0,1,1,1,1,0,1,1,1,1,10,2,11,0,0,0,0,1,0,7,9,5,3,2
2018.0,1148.0,0.0,0.0,3,6,3,0,0,0,1,2,1,1,0,1,2,1,1,11,2,11,0,0,0,2,1,0,0,8,5,8,3
2018.0,0.0,0.0,0.0,3,10,3,0,0,0,1,5,1,1,0,0,5,1,1,12,2,11,0,0,0,0,1,0,7,9,5,3,3
2018.0,0.0,2.0,0.0,2,4,3,0,0,0,0,9,1,1,0,0,1,1,1,13,2,11,0,0,0,2,1,0,7,9,5,3,5
2018.0,0.0,2.0,0.0,3,4,3,0,0,0,0,1,1,1,0,1,5,1,1,14,2,11,0,0,0,1,1,0,6,2,5,9,3
2018.0,140.0,0.0,0.0,3,10,3,0,0,0,0,9,1,1,0,1,9,1,1,14,2,11,0,0,0,1,1,0,0,7,5,9,3
2018.0,0.0,0.0,0.0,3,1,3,4,0,0,0,5,1,1,0,1,1,1,1,15,2,11,0,0,0,1,1,0,7,2,5,3,3
2018.0,-200.0,0.0,0.0,3,6,3,0,0,0,0,5,1,1,0,0,5,1,1,16,2,11,0,1,0,2,1,0,6,7,5,8,3
2018.0,25.0,0.0,0.0,3,1,3,0,0,0,1,1,1,1,0,1,9,1,1,16,2,11,0,1,0,2,1,0,6,5,5,3,9
2018.0,500.0,0.0,0.0,3,1,3,0,0,0,2,5,1,1,0,0,9,1,1,16,2,11,0,1,0,0,1,0,0,2,5,3,9
2018.0,0.0,0.0,0.0,3,10,0,0,0,0,1,5,1,1,0,1,5,1,1,17,2,11,0,1,0,2,1,0,7,9,5,3,2
2018.0,-15.0,0.0,0.0,3,1,3,0,0,0,0,2,1,1,0,0,1,1,1,17,2,11,0,1,0,1,1,0,0,2,5,3,9
2018.0,190.0,0.0,0.0,3,6,0,0,0,0,1,5,1,1,0,1,5,1,1,19,2,11,0,1,0,2,2,0,6,7,5,8,3
2018.0,-145.0,3.0,0.0,2,6,0,0,0,0,0,2,1,1,0,1,2,1,1,19,2,11,0,1,0,2,1,0,7,8,5,8,3
2018.0,25.0,1.0,0.0,2,6,0,0,0,0,0,1,0,1,0,1,9,1,1,20,2,11,0,0,0,2,1,0,7,5,5,8,3
2018.0,20.0,0.0,0.0,3,6,0,0,0,0,2,5,1,1,0,0,5,1,1,4,3,11,0,0,0,0,1,0,7,7,5,8,3
2018.0,350.0,1.0,0.0,3,6,3,0,0,0,2,9,1,1,0,1,9,1,1,11,3,11,0,0,0,0,1,0,7,7,5,8,3
2018.0,90.0,0.0,0.0,3,6,3,1,0,0,1,9,1,1,0,1,9,1,1,11,3,11,0,0,0,1,1,0,0,7,5,3,3
2018.0,-31.0,0.0,0.0,3,10,3,0,0,0,1,2,1,1,0,1,2,1,1,12,3,11,0,0,0,1,2,0,6,7,5,6,3
2018.0,0.0,1.0,1.0,0,1,3,4,3,0,1,1,1,1,0,1,2,1,1,15,3,11,0,0,0,1,0,0,7,2,5,5,5
2018.0,-50.0,4.0,0.0,2,6,0,0,0,0,1,2,1,1,0,1,2,1,1,1,4,11,0,0,0,2,1,0,7,8,5,8,8
2018.0,30.0,0.0,0.0,3,6,0,0,0,0,1,2,0,1,0,1,2,1,1,2,4,11,0,0,0,2,1,0,6,7,5,8,3
2018.0,-260.0,0.0,0.0,3,10,3,0,0,0,1,4,1,1,0,0,9,1,1,12,4,11,0,0,0,2,0,0,6,9,5,3,2
2018.0,5.0,0.0,0.0,3,6,3,0,0,0,1,2,1,1,0,1,5,1,1,13,4,11,0,0,0,1,0,0,7,5,5,8,1
2018.0,31.0,0.0,0.0,3,6,3,4,0,0,1,5,1,1,0,1,5,1,1,13,4,11,0,0,0,1,1,0,6,7,5,3,3
2018.0,-5.0,0.0,0.0,3,9,3,0,0,0,0,0,1,1,0,1,9,1,1,14,4,11,0,0,0,2,2,0,6,5,5,3,9
2018.0,-42.0,0.0,0.0,3,9,3,0,0,0,1,1,1,1,0,1,9,1,1,15,4,11,0,0,0,0,2,0,6,9,5,9,1
2018.0,10.0,0.0,0.0,3,4,3,0,0,0,2,1,1,1,0,1,5,1,1,17,4,11,0,1,0,0,1,0,7,2,5,9,3
2018.0,-12.0,1.0,0.0,3,5,1,0,0,0,1,9,1,1,3,1,1,1,1,18,4,11,0,1,0,1,1,0,7,7,5,7,9
2018.0,-100.0,0.0,0.0,3,6,0,0,0,0,0,9,1,1,0,1,9,1,1,19,4,11,0,1,0,1,1,0,6,7,5,3,3
2018.0,-222.0,0.0,0.0,3,6,1,0,0,0,1,1,1,1,0,1,2,1,1,20,4,11,0,0,0,1,0,0,0,5,5,6,9
2018.0,0.0,0.0,0.0,3,1,1,0,0,0,2,2,1,1,0,1,1,1,1,22,4,11,0,0,0,0,2,0,7,2,5,3,9
2018.0,-110.0,3.0,0.0,2,5,0,0,0,0,0,2,1,1,3,1,9,1,1,23,4,11,0,0,0,2,1,0,0,7,5,5,9
2018.0,0.0,1.0,0.0,3,5,0,0,0,0,0,5,1,1,0,1,2,1,1,0,5,11,1,0,0,2,2,0,7,4,5,3,9
2018.0,20.0,3.0,0.0,3,6,3,0,0,0,0,1,1,1,0,1,1,1,1,8,5,11,1,1,0,1,1,0,6,7,5,9,3
2018.0,160.0,0.0,0.0,3,1,3,0,0,0,0,9,1,1,0,0,5,1,1,9,5,11,1,1,0,1,1,0,0,2,5,3,3
2018.0,390.0,0.0,0.0,3,10,3,0,0,0,1,2,1,1,0,0,2,1,1,11,5,11,1,0,0,2,2,0,6,9,5,3,2
2018.0,22.0,1.0,0.0,3,6,3,0,0,0,0,5,1,1,0,0,5,1,1,12,5,11,1,0,0,2,1,0,7,7,5,8,3
2018.0,-75.0,0.0,0.0,3,6,3,0,0,0,0,1,1,1,0,0,1,1,1,13,5,11,1,0,0,2,1,0,7,7,5,8,3
2018.0,-50.0,0.0,0.0,3,6,3,0,0,0,0,2,1,1,0,0,2,1,1,14,5,11,1,0,0,1,1,0,7,8,5,8,3
2018.0,100.0,0.0,0.0,3,6,3,0,0,0,0,5,1,1,0,0,5,1,1,15,5,11,1,0,0,2,1,0,6,7,5,8,3
2018.0,0.0,2.0,0.0,3,6,3,0,0,0,0,2,1,1,0,0,2,1,1,15,5,11,1,0,0,2,1,0,7,8,5,3,3
2018.0,0.0,0.0,0.0,3,1,3,0,0,0,0,2,1,1,0,1,9,1,1,16,5,11,1,1,0,1,0,0,6,7,5,3,3
2018.0,-572.0,0.0,0.0,3,6,4,0,0,0,1,1,1,1,0,0,1,1,1,17,5,11,1,1,0,2,2,0,7,7,5,8,3
2018.0,-50.0,0.0,0.0,3,5,0,0,0,0,1,1,1,1,0,1,1,1,1,18,5,11,1,1,0,1,1,0,7,5,5,8,1
2018.0,15.0,2.0,0.0,2,1,0,0,0,0,0,1,1,1,3,1,2,1,1,21,5,11,1,0,0,2,1,0,7,2,5,7,3
2018.0,100.0,0.0,0.0,3,6,0,0,0,0,0,9,1,1,0,1,9,1,1,21,5,11,1,0,0,1,1,0,7,5,5,8,1
2018.0,-10.0,1.0,0.0,3,4,3,0,0,0,1,2,1,1,0,1,9,1,1,15,6,11,1,0,0,1,2,0,7,2,5,8,9
2018.0,0.0,1.0,0.0,3,1,3,0,0,0,0,2,1,1,0,0,9,1,1,16,6,11,1,1,0,2,2,0,7,2,5,3,3
2018.0,0.0,2.0,0.0,3,1,3,0,0,0,1,1,1,1,0,1,5,1,1,16,6,11,1,1,0,2,1,0,7,2,5,3,3
2018.0,-50.0,0.0,0.0,3,6,0,0,0,0,0,1,1,1,0,1,1,1,1,21,6,11,1,0,0,1,1,0,7,7,5,3,3
2018.0,230.0,0.0,0.0,3,6,0,0,0,0,0,9,1,1,0,1,9,1,1,22,6,11,1,0,0,1,2,0,9,5,5,8,3
2018.0,-115.0,0.0,0.0,3,1,3,0,0,0,1,1,1,1,0,1,5,1,1,7,0,11,0,1,0,1,1,0,0,2,5,3,9
2018.0,15.0,2.0,0.0,2,1,3,0,0,0,0,5,1,1,3,0,1,1,1,8,0,11,0,1,0,1,1,0,7,5,5,7,9
2018.0,229.0,0.0,0.0,3,10,3,0,0,0,0,9,1,1,0,1,9,1,1,8,0,11,0,1,0,1,1,0,6,5,5,3,3
2018.0,0.0,0.0,0.0,3,4,3,0,0,0,1,6,1,1,0,0,2,1,1,8,0,11,0,1,0,1,2,0,7,4,7,3,9
2018.0,-35.0,0.0,0.0,3,10,3,0,0,0,2,1,1,1,0,1,1,1,1,8,0,11,0,1,0,0,0,0,7,5,5,9,3
2018.0,-98.0,0.0,0.0,3,6,3,0,0,0,1,2,1,1,0,1,2,1,1,9,0,11,0,1,0,1,0,0,7,7,5,8,3
2018.0,-157.0,1.0,0.0,2,10,3,0,0,0,0,2,1,1,0,0,2,1,1,11,0,11,0,0,0,1,1,0,0,4,5,3,9
2018.0,250.0,0.0,0.0,3,10,3,0,0,0,1,9,1,1,0,0,9,1,1,11,0,11,0,0,0,1,1,0,6,5,5,3,3
2018.0,-15.0,1.0,0.0,2,1,3,0,0,3,1,9,1,1,0,0,2,1,1,12,0,11,0,0,0,2,1,0,7,2,5,9,5
2018.0,-128.0,1.0,0.0,2,6,3,0,0,0,1,1,1,1,0,0,1,1,1,14,0,11,0,0,0,2,1,0,7,8,5,3,2
2018.0,135.0,0.0,0.0,3,6,3,0,0,0,0,9,1,1,0,0,9,1,1,14,0,11,0,0,0,1,1,0,7,8,5,8,3
2018.0,134.0,1.0,0.0,2,6,3,0,0,0,1,1,1,1,0,0,1,1,1,15,0,11,0,0,0,1,1,0,6,8,5,8,3
2018.0,50.0,0.0,0.0,3,10,0,4,3,0,2,2,1,1,0,1,5,1,1,16,0,11,0,1,0,0,2,0,6,5,5,8,1
2018.0,96.0,0.0,0.0,3,6,3,0,0,0,1,5,1,1,0,1,5,1,1,16,0,11,0,1,0,1,1,0,7,8,5,8,3
2018.0,250.0,0.0,0.0,3,1,3,0,0,0,0,2,1,1,0,0,5,1,1,17,0,11,0,1,0,2,1,0,0,2,5,3,9
2018.0,-265.0,1.0,0.0,3,6,0,0,0,0,0,5,1,1,0,0,5,1,1,17,0,11,0,1,0,2,2,0,6,8,5,8,3
2018.0,0.0,0.0,0.0,3,4,0,0,0,0,1,5,1,1,0,1,2,1,1,18,0,11,0,1,0,2,2,0,7,2,5,3,9
2018.0,300.0,0.0,0.0,3,1,0,0,0,0,1,5,1,1,0,1,5,1,1,6,1,11,0,0,0,1,0,0,6,9,5,3,2
2018.0,-395.0,1.0,0.0,2,4,3,0,0,0,1,9,1,1,0,0,2,1,1,6,1,11,0,0,0,2,0,0,0,2,5,3,9
2018.0,-45.0,1.0,0.0,3,6,3,0,0,0,0,1,1,1,0,0,1,1,1,7,1,11,0,1,0,1,1,0,7,8,5,8,3
2018.0,175.0,0.0,0.0,3,10,3,0,0,0,1,5,1,1,0,0,5,1,1,10,1,11,0,0,0,1,2,0,7,9,5,3,2
2018.0,109.0,0.0,0.0,3,10,3,0,0,0,1,9,1,1,0,1,9,1,1,12,1,11,0,0,0,1,1,0,7,4,5,8,9
2018.0,120.0,0.0,0.0,3,10,3,0,0,0,1,9,1,1,0,1,9,1,1,15,1,11,0,0,0,0,0,0,6,9,5,3,2
2018.0,191.0,0.0,0.0,3,1,3,0,0,0,1,1,1,1,0,0,5,1,1,15,1,11,0,0,0,1,1,0,0,2,5,3,9
2018.0,207.0,1.0,0.0,2,6,3,0,0,0,1,5,1,1,0,0,5,1,1,17,1,11,0,1,0,1,1,0,6,8,5,8,3
2018.0,0.0,1.0,0.0,2,4,3,0,0,0,0,2,1,1,0,0,5,1,1,17,1,11,0,1,0,1,1,0,7,2,5,3,9
2018.0,30.0,0.0,0.0,3,6,4,0,0,0,1,9,1,1,0,0,9,1,1,17,1,11,0,1,0,1,2,0,7,8,5,8,3
2018.0,0.0,2.0,0.0,2,4,3,0,0,0,1,5,1,1,0,0,2,1,1,17,1,11,0,1,0,1,1,0,7,2,5,9,3
2018.0,0.0,0.0,0.0,3,4,2,0,0,0,1,2,1,1,0,0,5,1,1,17,1,11,0,1,0,1,1,0,7,9,5,3,9
2018.0,0.0,0.0,0.0,3,12,5,4,3,0,2,8,1,1,0,0,5,1,1,18,1,11,0,1,0,0,2,0,6,5,5,5,5
2018.0,0.0,1.0,0.0,2,4,0,0,0,0,1,3,1,1,0,0,9,1,1,18,1,11,0,1,0,1,1,0,7,2,5,3,9
2018.0,0.0,0.0,0.0,3,4,0,0,0,0,1,9,1,1,0,0,2,1,1,19,1,11,0,1,0,1,2,0,4,2,5,3,9
2018.0,0.0,0.0,0.0,3,4,3,0,0,0,0,2,1,1,0,1,9,1,1,20,1,11,0,0,0,2,2,0,4,2,5,8,9
2018.0,-96.0,0.0,0.0,3,10,1,0,0,0,1,5,1,1,1,1,5,1,1,21,1,11,0,0,0,0,1,0,6,5,5,6,8
2018.0,-125.0,0.0,0.0,3,6,3,0,0,0,2,2,1,1,0,0,2,1,1,6,2,11,0,0,0,0,1,0,7,8,5,8,3
2018.0,300.0,3.0,0.0,2,6,3,0,0,0,0,9,1,1,0,0,9,1,1,8,2,11,0,1,0,1,1,0,6,8,5,8,3
2018.0,578.0,1.0,0.0,2,0,3,0,0,0,0,1,1,1,0,1,9,1,1,9,2,11,0,1,0,1,1,0,6,2,5,3,9
2018.0,0.0,0.0,0.0,3,1,3,0,0,0,1,1,1,1,0,1,5,1,1,13,2,11,0,0,0,0,1,0,7,5,5,3,9
2018.0,875.0,0.0,0.0,3,6,3,0,0,0,1,2,1,1,0,1,2,1,1,14,2,11,0,0,0,1,1,0,6,7,5,8,3
2018.0,-243.0,0.0,0.0,3,0,3,0,0,0,0,2,1,1,0,1,2,1,1,14,2,11,0,0,0,1,2,0,6,9,5,3,9
2018.0,0.0,0.0,0.0,3,6,3,0,0,0,0,9,1,1,0,0,9,1,1,14,2,11,0,0,0,2,2,0,7,8,5,8,5
2018.0,-150.0,0.0,0.0,3,10,3,0,0,0,1,2,1,1,0,1,2,1,1,15,2,11,0,0,0,2,2,0,0,2,5,9,9
2018.0,-77.0,2.0,0.0,2,3,3,0,0,0,1,5,1,1,0,0,2,1,1,16,2,11,0,1,0,0,1,0,7,2,5,3,3
2018.0,220.0,0.0,0.0,3,6,3,0,0,0,1,1,1,1,0,0,1,1,1,16,2,11,0,1,0,1,1,0,6,7,5,8,3
2018.0,261.0,1.0,0.0,1,1,3,0,0,0,1,1,1,1,3,1,2,0,1,17,2,11,0,1,0,1,1,0,0,2,5,7,9
2018.0,-250.0,0.0,0.0,3,6,0,4,0,0,1,2,1,1,0,0,2,1,1,17,2,11,0,1,0,1,1,0,6,8,5,8,3
2018.0,55.0,0.0,0.0,3,6,3,0,0,0,1,5,1,1,0,1,5,1,1,17,2,11,0,1,0,1,1,0,7,8,5,8,3
2018.0,190.0,0.0,0.0,3,6,0,0,0,0,0,5,1,1,0,0,5,1,1,18,2,11,0,1,0,1,1,0,7,8,5,8,8
2018.0,225.0,0.0,0.0,3,4,3,0,0,0,1,9,1,1,0,0,5,1,1,5,3,11,0,0,0,1,0,0,0,2,5,3,9
2018.0,0.0,2.0,0.0,2,4,3,1,0,0,0,1,1,1,0,0,9,1,1,8,3,11,0,1,0,0,1,0,7,2,5,3,9
2018.0,-75.0,1.0,0.0,3,6,3,0,0,0,1,2,1,1,0,0,2,1,1,9,3,11,0,1,0,1,1,0,7,8,5,8,3
2018.0,0.0,0.0,0.0,3,4,3,0,0,0,1,1,1,1,0,1,9,1,1,12,3,11,0,0,0,2,0,0,7,2,5,3,9
2018.0,-300.0,1.0,0.0,2,6,3,0,0,0,1,2,1,1,0,1,2,1,1,12,3,11,0,0,0,1,2,0,6,8,5,8,3