Year,Distance,Totalinjuries,Totalfatalities,Injuryseverity,Collisionmanner,Lightcondition,Weather,SurfaceCondition,Unittype_One,Gender_Drv1,Traveldirection_One,AlcoholUse_Drv1,DrugUse_Drv1,Unittype_Two,Gender_Drv2,Traveldirection_Two,AlcoholUse_Drv2,DrugUse_Drv2,Hour,Weekday,Month,Weekend,Rush_Hour,Hazardous_Road,Age_Group_Drv1,Age_Group_Drv2,Substance_Use,Junction_Category,Violation_Category_Drv1,Violation_Category_Drv2,Unitaction_Category_Two,Unitaction_Category_One
2018.0,202.0,0.0,0.0,3,4,3,0,0,0,0,9,1,1,0,1,5,1,1,14,3,11,0,0,0,2,1,0,7,2,5,3,9
2018.0,-86.0,0.0,0.0,3,6,3,0,0,0,0,5,1,1,0,0,5,1,1,16,3,11,0,1,0,2,1,0,6,8,5,8,3
2018.0,396.0,0.0,0.0,3,10,0,0,0,0,1,5,1,1,0,0,5,1,1,18,3,11,0,1,0,1,1,0,6,9,5,3,2
2018.0,0.0,2.0,0.0,3,0,4,0,0,0,1,2,1,1,0,1,2,1,1,18,3,11,0,1,0,1,1,0,6,5,5,3,9
2018.0,-42.0,0.0,0.0,3,6,0,0,0,0,1,2,1,1,0,0,2,1,1,18,3,11,0,1,0,1,1,0,6,8,5,8,3
2018.0,0.0,0.0,0.0,3,4,0,0,0,0,0,6,1,1,0,0,2,1,1,18,3,11,0,1,0,1,2,0,7,2,5,3,9
2018.0,-100.0,1.0,0.0,2,6,0,0,0,0,1,1,0,1,0,1,1,1,1,18,3,11,0,1,0,1,1,0,7,7,5,8,3
2018.0,-30.0,0.0,0.0,3,10,0,0,0,0,1,1,1,1,0,1,1,1,1,20,3,11,0,0,0,2,0,0,7,9,5,8,9
2018.0,137.0,0.0,0.0,3,3,0,0,0,0,1,9,1,1,0,0,1,1,1,21,3,11,0,0,0,1,2,0,6,5,5,9,3
2018.0,100.0,0.0,0.0,3,1,1,1,4,0,1,5,1,1,0,1,9,1,1,5,4,11,0,0,1,1,1,0,6,4,5,3,9
2018.0,-100.0,0.0,0.0,3,1,3,1,0,0,1,5,1,1,0,1,5,1,1,7,4,11,0,1,0,2,1,0,6,7,5,3,3
2018.0,0.0,0.0,0.0,3,1,3,0,0,0,1,2,1,1,0,1,9,1,1,11,4,11,0,0,0,2,0,0,7,2,5,9,3
2018.0,-844.0,0.0,0.0,3,6,3,0,0,0,1,9,1,1,0,0,9,1,1,11,4,11,0,0,0,2,2,0,6,7,5,8,8
2018.0,0.0,0.0,0.0,3,10,3,1,0,0,1,5,1,1,0,0,5,1,1,12,4,11,0,0,0,1,0,0,7,9,5,9,9
2018.0,200.0,0.0,0.0,3,6,3,0,0,0,2,9,1,1,0,0,9,1,1,14,4,11,0,0,0,0,2,0,7,5,5,8,1
2018.0,108.0,0.0,0.0,3,6,3,0,0,0,1,2,1,1,0,1,5,1,1,15,4,11,0,0,0,1,1,0,7,5,5,8,1
2018.0,-250.0,0.0,0.0,3,12,3,0,0,0,2,8,1,1,1,1,1,1,1,15,4,11,0,0,0,0,1,0,6,7,5,6,5
2018.0,112.0,0.0,0.0,3,6,3,0,0,0,1,5,1,1,0,1,5,1,1,16,4,11,0,1,0,2,1,0,7,7,5,8,3
2018.0,-600.0,0.0,0.0,3,1,3,0,0,0,0,9,1,1,0,1,2,1,1,16,4,11,0,1,0,0,2,0,6,4,5,8,9
2018.0,0.0,0.0,0.0,3,4,3,0,0,0,1,2,1,1,0,0,5,1,1,17,4,11,0,1,0,1,2,0,7,2,5,3,9
2018.0,380.0,0.0,0.0,3,4,3,0,0,0,0,3,1,1,0,0,5,1,1,17,4,11,0,1,0,1,1,0,6,4,5,3,9
2018.0,-75.0,0.0,0.0,3,6,4,0,0,0,0,5,1,1,0,0,5,1,1,17,4,11,0,1,0,1,1,0,6,8,5,3,3
2018.0,75.0,0.0,0.0,3,6,0,1,0,0,0,5,1,1,0,1,5,1,1,17,4,11,0,1,0,1,1,0,7,8,5,8,3
2018.0,0.0,0.0,0.0,3,4,5,1,0,0,1,5,1,1,0,0,2,1,1,18,4,11,0,1,0,1,2,0,7,2,5,3,9
2018.0,413.0,0.0,0.0,3,6,0,0,0,0,1,1,1,1,0,1,1,1,1,18,4,11,0,1,0,1,1,0,6,7,5,8,3
2018.0,-108.0,0.0,0.0,3,6,1,0,0,0,2,2,1,1,1,1,2,1,1,20,4,11,0,0,0,0,1,0,6,9,5,6,3
2018.0,0.0,0.0,0.0,3,4,0,0,0,0,1,9,1,1,0,1,1,1,1,22,4,11,0,0,0,1,1,0,7,2,5,3,9
2018.0,-131.0,0.0,0.0,3,0,0,0,0,0,1,5,1,1,0,0,9,1,1,23,4,11,0,0,0,1,0,0,7,4,5,3,9
2018.0,25.0,0.0,0.0,3,10,3,0,0,0,2,9,1,1,0,0,9,1,1,11,5,12,1,0,0,0,1,0,7,9,5,3,2
2018.0,0.0,0.0,0.0,3,4,3,0,0,0,1,3,1,1,0,0,4,1,1,12,5,12,1,0,0,1,0,0,7,2,5,3,9
2018.0,300.0,2.0,0.0,2,4,3,0,0,0,0,1,1,1,0,1,9,1,1,13,5,12,1,0,0,2,2,0,6,4,7,3,9
2018.0,0.0,2.0,0.0,3,6,3,0,0,0,1,9,1,1,0,0,5,1,1,14,5,12,1,0,0,1,1,0,7,5,5,3,3
2018.0,100.0,0.0,0.0,3,6,3,0,0,0,2,1,1,1,0,0,1,1,1,14,5,12,1,0,0,0,1,0,0,7,5,9,3
2018.0,-178.0,0.0,0.0,3,1,3,0,0,0,0,7,1,1,0,1,2,1,1,14,5,12,1,0,0,1,1,0,0,2,5,3,9
2018.0,0.0,3.0,1.0,0,4,3,1,0,0,1,9,1,1,0,1,1,0,1,17,5,12,1,1,0,1,0,0,7,7,2,9,3
2018.0,-250.0,0.0,0.0,3,4,4,0,0,0,0,5,1,1,0,0,1,1,1,17,5,12,1,1,0,1,2,0,0,2,5,3,9
2018.0,50.0,2.0,0.0,3,6,0,1,0,0,0,5,1,1,0,1,5,1,1,18,5,12,1,1,0,0,1,0,7,7,5,8,8
2018.0,0.0,1.0,0.0,3,4,0,0,0,2,1,2,1,1,0,1,5,1,1,20,5,12,1,0,0,2,1,0,7,5,5,9,3
2018.0,-27.0,0.0,0.0,3,6,0,0,0,0,0,1,1,1,0,0,1,1,1,21,5,12,1,0,0,2,1,0,6,7,5,8,3
2018.0,-100.0,0.0,0.0,3,5,0,0,0,0,2,2,1,1,1,1,9,1,1,22,5,12,1,0,0,0,1,0,6,7,5,6,1
2018.0,0.0,1.0,0.0,2,1,3,0,0,0,1,9,1,1,0,0,5,1,1,10,6,12,1,0,0,1,1,0,7,2,5,3,3
2018.0,-70.0,0.0,0.0,3,6,3,0,0,0,1,1,1,1,0,1,1,1,1,14,6,12,1,0,0,1,1,0,7,8,5,8,3
2018.0,-84.0,0.0,0.0,3,4,3,0,0,0,0,5,1,1,0,1,2,1,1,16,6,12,1,1,0,1,2,0,6,5,5,9,9
2018.0,400.0,1.0,0.0,2,1,0,0,0,3,1,1,1,1,0,1,9,1,1,19,6,12,1,1,0,2,1,0,0,5,5,9,7
2018.0,-5.0,0.0,0.0,3,6,0,0,0,0,0,1,1,0,0,1,1,1,1,1,0,12,0,0,0,2,1,0,4,7,5,8,3
2018.0,115.0,0.0,0.0,3,4,3,0,0,0,0,2,1,1,0,1,2,1,1,6,0,12,0,0,0,1,1,0,6,8,5,3,3
2018.0,0.0,1.0,0.0,2,1,3,0,0,0,1,2,1,1,0,0,2,1,1,8,0,12,0,1,0,1,2,0,7,4,5,3,9
2018.0,-15.0,1.0,0.0,3,1,3,0,0,2,1,2,1,1,0,0,1,1,1,8,0,12,0,1,0,1,1,0,7,5,5,9,3
2018.0,133.0,1.0,0.0,3,6,5,4,3,0,2,9,1,1,0,1,9,1,1,9,0,12,0,1,0,0,1,0,7,5,5,9,5
2018.0,-69.0,0.0,0.0,3,6,3,4,0,0,1,2,1,1,0,0,2,1,1,11,0,12,0,0,0,2,1,0,6,7,5,8,3
2018.0,140.0,0.0,0.0,3,6,3,0,0,0,1,9,1,1,0,1,9,1,1,11,0,12,0,0,0,0,0,0,7,8,5,8,3
2018.0,0.0,1.0,0.0,3,4,3,0,0,0,0,5,1,1,0,0,2,1,1,14,0,12,0,0,0,1,2,0,7,2,5,3,9
2018.0,390.0,2.0,0.0,2,6,3,0,0,0,0,9,1,1,0,0,9,1,1,15,0,12,0,0,0,2,1,0,6,8,5,8,3
2018.0,362.0,2.0,0.0,3,6,3,0,0,0,1,2,1,1,0,0,2,1,1,15,0,12,0,0,0,2,1,0,6,8,5,8,3
2018.0,0.0,1.0,0.0,2,4,3,0,0,0,2,9,1,1,3,0,1,1,1,16,0,12,0,1,0,0,2,0,7,2,5,7,9
2018.0,-180.0,0.0,0.0,3,1,3,0,0,0,0,1,1,1,0,1,5,1,1,17,0,12,0,1,0,1,1,0,6,2,5,3,9
2018.0,0.0,1.0,0.0,3,1,0,0,0,0,0,5,1,1,0,1,9,1,1,17,0,12,0,1,0,0,1,0,7,2,7,3,9
2018.0,-325.0,0.0,0.0,3,6,0,0,0,0,1,1,1,1,0,0,1,1,1,17,0,12,0,1,0,1,1,0,6,7,5,8,3
2018.0,722.0,3.0,0.0,3,6,0,0,0,0,1,2,1,1,0,0,2,1,1,17,0,12,0,1,0,1,1,0,6,8,5,8,3
2018.0,-52.0,1.0,0.0,2,5,0,0,0,0,1,1,1,1,0,0,5,1,1,18,0,12,0,1,0,1,1,0,7,4,5,8,9
2018.0,0.0,1.0,0.0,3,6,0,0,0,0,2,1,1,1,0,1,1,1,1,18,0,12,0,1,0,0,1,0,7,7,5,3,3
2018.0,0.49,1.0,0.0,3,1,0,0,0,0,0,1,1,1,0,0,5,1,1,21,0,12,0,0,0,2,1,0,6,2,5,3,3
2018.0,5.0,0.0,0.0,3,10,0,0,0,0,0,5,1,1,0,1,5,1,1,22,0,12,0,0,0,1,2,0,4,5,5,3,3
2018.0,-495.0,1.0,0.0,2,4,3,0,0,0,0,2,1,1,0,0,9,1,1,10,1,12,0,0,0,2,0,0,7,2,5,9,3
2018.0,-63.0,0.0,0.0,3,6,3,0,0,0,1,1,1,1,0,1,1,1,1,12,1,12,0,0,0,1,1,0,7,8,5,8,3
2018.0,50.0,0.0,0.0,3,10,3,1,0,0,2,9,1,1,0,1,9,1,1,13,1,12,0,0,0,0,2,0,6,9,5,3,2
2018.0,156.0,1.0,0.0,2,10,3,0,0,0,0,1,1,1,0,0,1,1,1,14,1,12,0,0,0,1,2,0,6,9,5,3,2
2018.0,175.0,2.0,0.0,3,4,3,0,0,0,0,2,1,1,0,1,1,1,1,14,1,12,0,0,0,2,2,0,6,2,5,3,9
2018.0,-405.0,0.0,0.0,3,6,3,0,0,0,1,1,1,1,0,1,1,1,1,14,1,12,0,0,0,2,1,0,6,8,5,8,3
2018.0,0.0,1.0,0.0,3,6,3,0,0,0,0,2,1,1,0,1,2,1,1,14,1,12,0,0,0,2,1,0,7,8,5,9,3
2018.0,140.0,0.0,0.0,3,6,3,0,0,0,1,5,1,1,0,1,5,1,1,14,1,12,0,0,0,1,1,0,6,7,5,8,3
2018.0,1011.0,0.0,0.0,3,10,3,0,0,0,2,2,1,1,0,0,2,1,1,15,1,12,0,0,0,0,1,0,6,9,5,3,2
2018.0,122.0,1.0,0.0,2,10,3,1,0,0,1,2,1,1,2,1,2,1,1,16,1,12,0,1,0,0,2,0,6,9,5,3,2
2018.0,72.0,0.0,0.0,3,10,3,0,0,0,1,5,1,1,0,0,5,1,1,16,1,12,0,1,0,2,1,0,7,2,5,3,2
2018.0,-378.0,2.0,0.0,2,4,3,0,0,0,1,5,1,1,0,1,9,1,1,17,1,12,0,1,0,1,2,0,0,2,5,3,9
2018.0,-680.0,0.0,0.0,3,6,0,0,0,0,0,2,1,1,0,1,2,1,1,17,1,12,0,1,0,1,1,0,6,7,5,8,3
2018.0,153.0,1.0,0.0,2,6,3,0,0,0,1,9,1,1,0,1,9,1,1,17,1,12,0,1,0,1,1,0,9,8,5,8,8
2018.0,-80.0,0.0,0.0,3,6,4,0,0,0,0,5,1,1,0,0,5,1,1,18,1,12,0,1,0,1,1,0,7,8,5,8,2
2018.0,0.0,0.0,0.0,3,10,0,0,0,0,2,2,1,1,0,0,2,1,1,18,1,12,0,1,0,0,2,0,7,9,5,3,2
2018.0,0.0,2.0,0.0,3,6,0,0,0,0,0,7,1,1,0,0,1,1,1,18,1,12,0,1,0,2,2,0,7,2,5,3,9
2018.0,0.0,1.0,0.0,3,4,0,1,0,0,2,5,1,1,0,0,2,1,1,20,1,12,0,0,0,0,1,0,7,2,5,3,9
2018.0,0.0,0.0,0.0,3,4,0,0,0,0,0,9,1,1,0,1,1,1,1,23,1,12,0,0,0,2,2,0,7,2,5,3,9
2018.0,453.0,0.0,0.0,3,10,3,0,0,0,0,5,1,1,0,0,5,1,1,8,2,12,0,1,0,1,1,0,6,9,5,3,2
2018.0,76.0,1.0,0.0,3,6,3,0,0,0,0,1,1,1,0,0,1,1,1,9,2,12,0,1,0,1,1,0,7,7,5,3,3
2018.0,76.0,0.0,0.0,3,6,3,0,0,0,1,9,1,1,0,1,9,1,1,11,2,12,0,0,0,2,1,0,7,8,5,8,3
2018.0,-463.0,0.0,0.0,3,6,3,0,0,0,1,2,1,1,0,1,2,1,1,12,2,12,0,0,0,1,1,0,0,8,5,8,3
2018.0,-40.0,1.0,0.0,2,5,3,0,0,2,1,5,1,1,0,0,9,1,1,12,2,12,0,0,0,1,1,0,0,5,5,9,3
2018.0,286.0,0.0,0.0,3,6,3,0,0,0,1,1,1,1,0,1,1,1,1,12,2,12,0,0,0,1,2,0,6,7,5,8,3
2018.0,-85.0,2.0,0.0,3,6,3,0,0,0,1,1,1,1,0,1,1,1,1,16,2,12,0,1,0,1,1,0,7,8,5,8,3
2018.0,-210.0,0.0,0.0,3,10,3,0,0,0,1,2,1,1,0,0,2,1,1,16,2,12,0,1,0,1,1,0,7,2,5,3,2
2018.0,-111.0,0.0,0.0,3,6,3,0,0,0,0,1,1,1,0,0,1,1,1,17,2,12,0,1,0,2,1,0,7,8,5,8,8
2018.0,-266.0,0.0,0.0,3,6,0,0,0,0,0,5,1,1,0,0,5,1,1,17,2,12,0,1,0,1,1,0,6,7,5,8,3
2018.0,-225.0,5.0,0.0,2,1,3,0,0,0,0,1,1,1,0,1,5,1,1,17,2,12,0,1,0,2,1,0,0,2,5,3,9
2018.0,-75.0,0.0,0.0,3,10,0,0,0,0,2,9,1,1,0,0,9,1,1,18,2,12,0,1,0,0,1,0,6,5,5,3,2
2018.0,0.0,0.0,0.0,3,1,0,1,0,0,0,3,1,1,0,1,5,1,1,18,2,12,0,1,0,2,1,0,7,2,7,3,9
2018.0,-30.0,1.0,0.0,3,3,0,1,0,0,2,5,1,1,0,1,1,1,1,23,2,12,0,0,0,0,1,0,7,9,5,8,9
2018.0,-131.0,1.0,0.0,2,1,3,0,0,3,1,2,1,1,0,1,1,1,1,7,3,12,0,1,0,1,2,0,0,5,5,4,7
2018.0,30.0,0.0,0.0,3,1,3,3,4,0,1,2,1,1,0,1,2,1,1,8,3,12,0,1,1,2,2,0,7,5,5,3,5
2018.0,550.0,0.0,0.0,3,6,3,3,4,0,1,9,1,1,0,1,9,1,1,8,3,12,0,1,1,1,1,0,0,8,5,8,3
2018.0,100.0,0.0,0.0,3,6,3,0,0,0,0,1,1,1,0,1,1,1,1,10,3,12,0,0,0,2,1,0,6,8,5,8,3
2018.0,118.0,1.0,0.0,2,6,3,0,4,0,1,9,1,1,0,0,9,1,1,12,3,12,0,0,1,1,1,0,7,8,5,8,8
2018.0,152.0,0.0,0.0,3,6,3,1,4,0,1,9,1,1,0,1,9,1,1,12,3,12,0,0,1,0,1,0,7,8,5,8,3
2018.0,-250.0,1.0,0.0,2,6,3,0,0,0,0,9,1,1,0,0,9,1,1,12,3,12,0,0,0,2,1,0,0,7,5,3,3
2018.0,-160.0,0.0,0.0,3,6,3,1,4,0,1,9,1,1,0,0,9,1,1,12,3,12,0,0,1,2,2,0,6,7,5,8,3
2018.0,-312.0,1.0,0.0,2,1,3,1,0,0,1,3,1,1,0,0,1,1,1,13,3,12,0,0,0,1,1,0,0,2,5,3,9
2018.0,0.0,1.0,0.0,3,6,3,1,4,0,1,1,1,1,0,0,1,1,1,13,3,12,0,0,1,1,1,0,7,8,5,8,3
2018.0,-500.0,0.0,0.0,3,6,3,3,4,0,2,5,1,1,0,1,5,1,1,14,3,12,0,0,1,0,1,0,6,2,5,3,2
2018.0,-154.0,0.0,0.0,3,6,3,3,4,0,1,2,1,1,0,0,2,1,1,15,3,12,0,0,1,2,1,0,7,8,5,3,3
2018.0,190.0,0.0,0.0,3,10,3,0,0,0,1,2,1,1,0,0,2,1,1,15,3,12,0,0,0,0,2,0,7,9,5,3,2
2018.0,-72.0,0.0,0.0,3,3,3,3,4,0,1,9,1,1,0,1,1,1,1,16,3,12,0,1,1,1,1,0,7,7,5,8,0
2018.0,-75.0,0.0,0.0,3,6,3,1,4,0,1,1,1,1,0,0,1,1,1,16,3,12,0,1,1,1,1,0,7,7,5,8,3
2018.0,-411.0,2.0,0.0,2,4,3,1,4,0,0,5,1,1,0,1,2,1,1,16,3,12,0,1,1,0,0,0,0,2,5,3,9
2018.0,-240.0,1.0,0.0,2,4,3,1,4,0,0,9,1,1,0,1,5,1,1,17,3,12,0,1,1,1,1,0,0,2,5,2,9
2018.0,-185.0,0.0,0.0,3,1,0,1,4,0,1,9,1,1,0,0,2,1,1,18,3,12,0,1,1,0,1,0,6,2,5,3,9
2018.0,0.0,0.0,0.0,3,4,0,0,0,0,1,3,1,1,0,0,5,1,1,19,3,12,0,1,0,2,1,0,7,2,5,3,9
2018.0,0.0,0.0,1.0,0,1,0,1,0,2,1,5,0,0,0,1,9,1,1,20,3,12,0,0,0,1,1,0,7,2,5,3,3
2018.0,0.0,0.0,0.0,3,4,2,1,4,0,1,2,1,1,0,1,5,1,1,7,4,12,0,1,1,1,1,0,7,2,5,3,9
2018.0,0.0,0.0,0.0,3,4,3,1,4,0,1,9,1,1,0,0,2,1,1,7,4,12,0,1,1,2,0,0,7,2,5,3,9
2018.0,-150.0,0.0,0.0,3,4,3,0,0,0,0,2,1,1,0,0,1,1,1,7,4,12,0,1,0,2,1,0,6,2,5,3,9
2018.0,-202.0,0.0,0.0,3,6,3,1,4,0,0,9,1,1,0,0,9,1,1,7,4,12,0,1,1,1,1,0,8,8,5,8,3
2018.0,447.0,1.0,0.0,3,6,3,1,4,0,1,1,1,1,0,0,1,1,1,8,4,12,0,1,1,0,1,0,6,5,5,3,5
2018.0,-85.0,2.0,0.0,1,3,3,0,0,0,0,9,1,1,0,1,1,1,1,9,4,12,0,1,0,1,0,0,7,5,5,3,0
2018.0,-53.0,1.0,0.0,3,6,3,0,0,0,0,1,1,1,0,0,1,1,1,11,4,12,0,0,0,2,1,0,7,8,5,8,3
2018.0,0.0,1.0,0.0,3,4,3,0,0,0,1,1,1,1,0,1,0,1,1,12,4,12,0,0,0,2,1,0,7,2,5,3,9
2018.0,0.0,0.0,0.0,3,4,3,0,0,0,1,2,1,1,0,1,9,1,1,12,4,12,0,0,0,1,1,0,7,2,5,3,9
2018.0,-270.0,0.0,0.0,3,1,3,0,0,0,0,5,1,1,0,0,5,1,1,15,4,12,0,0,0,2,1,0,6,9,5,3,2
2018.0,0.0,0.0,0.0,3,10,3,0,0,0,2,5,1,1,0,1,5,1,1,15,4,12,0,0,0,0,0,0,7,9,5,9,9
2018.0,385.0,0.0,0.0,3,4,3,0,0,0,1,2,1,1,0,0,5,1,1,16,4,12,0,1,0,2,1,0,6,2,5,3,9
2018.0,-293.0,0.0,0.0,3,6,0,0,0,0,0,5,1,1,0,1,5,1,1,17,4,12,0,1,0,2,2,0,6,7,5,3,3
2018.0,10.0,2.0,0.0,2,6,0,0,0,0,1,1,1,1,0,1,8,1,1,17,4,12,0,1,0,1,1,0,0,7,5,8,3
2018.0,0.0,4.0,0.0,2,6,0,1,0,0,0,5,1,1,0,1,5,1,1,17,4,12,0,1,0,1,2,0,7,8,5,8,8
2018.0,150.0,0.0,0.0,3,6,0,0,0,0,0,9,1,1,0,1,9,1,1,19,4,12,0,1,0,1,2,0,7,7,5,8,3
2018.0,-214.0,3.0,0.0,2,6,0,1,0,0,0,2,1,1,0,0,2,1,1,19,4,12,0,1,0,1,1,0,6,8,5,8,8
2018.0,50.0,0.0,0.0,3,10,0,1,0,0,1,3,1,1,0,1,3,1,1,20,4,12,0,0,0,0,1,0,6,9,5,3,2
2018.0,0.0,1.0,0.0,2,1,0,0,0,0,1,5,1,1,0,1,5,1,1,21,4,12,0,0,0,2,2,0,2,4,5,3,9
2018.0,0.0,0.0,0.0,3,4,0,0,0,0,0,9,1,1,0,1,2,1,1,22,4,12,0,0,0,1,2,0,4,2,5,3,9
2018.0,30.0,0.0,0.0,3,6,0,0,0,0,1,9,0,1,0,0,9,1,1,0,5,12,1,0,0,1,1,0,7,8,5,8,3
2018.0,-140.0,0.0,0.0,3,6,3,5,0,0,1,5,1,1,0,1,5,1,1,7,5,12,1,1,0,2,0,0,6,7,5,3,3
2018.0,0.0,0.0,0.0,3,4,3,5,0,0,0,2,1,1,0,0,1,1,1,10,5,12,1,0,0,2,0,0,7,2,5,3,9
2018.0,0.0,0.0,0.0,3,4,3,0,0,0,1,1,1,1,0,1,9,1,1,14,5,12,1,0,0,1,1,0,7,2,5,9,3
2018.0,0.0,0.0,0.0,3,4,0,0,0,0,0,4,1,1,0,1,5,1,1,17,5,12,1,1,0,1,1,0,7,2,5,3,9
2018.0,-50.0,1.0,0.0,2,10,1,0,0,0,1,1,1,1,0,1,1,1,1,18,5,12,1,1,0,1,2,0,7,9,5,3,2
2018.0,16.0,0.0,0.0,3,5,0,0,0,0,1,5,1,1,0,1,1,1,1,19,5,12,1,1,0,0,2,0,7,5,5,3,1
2018.0,213.0,0.0,0.0,3,6,0,0,0,0,1,1,0,1,0,1,1,1,1,19,5,12,1,1,0,1,1,0,6,7,5,3,2
2018.0,-200.0,0.0,0.0,3,6,0,0,0,0,0,2,1,1,0,1,2,1,1,19,5,12,1,1,0,1,1,0,7,7,5,8,8
2018.0,545.0,1.0,0.0,2,6,0,0,0,0,1,5,1,1,0,1,5,1,1,20,5,12,1,0,0,2,1,0,6,8,5,8,3
2018.0,0.0,0.0,0.0,3,1,0,0,0,0,1,1,1,1,0,0,3,1,1,20,5,12,1,0,0,1,2,0,7,2,5,9,3
2018.0,50.0,0.0,0.0,3,4,1,0,0,0,0,1,1,1,0,1,1,1,1,1,6,12,1,0,0,2,2,0,0,7,5,9,3
2018.0,0.0,0.0,0.0,3,1,0,0,0,0,1,1,1,1,0,1,5,1,1,3,6,12,1,0,0,1,2,0,7,2,5,3,3
2018.0,-200.0,0.0,0.0,3,12,5,4,3,0,2,1,1,1,0,1,1,1,1,8,6,12,1,1,0,0,1,0,7,5,5,3,5
2018.0,200.0,0.0,0.0,3,6,3,0,0,0,0,2,1,1,0,0,2,1,1,12,6,12,1,0,0,1,1,0,6,5,5,3,9
2018.0,0.0,0.0,0.0,3,1,0,0,0,0,1,5,0,1,0,1,1,1,1,17,6,12,1,1,0,1,1,0,7,2,5,3,3
2018.0,-802.0,1.0,0.0,3,6,0,0,0,0,2,1,1,1,0,1,1,1,1,6,0,12,0,0,0,0,1,0,6,7,5,3,3
2018.0,150.0,1.0,0.0,3,6,3,0,0,0,0,2,1,1,0,1,2,1,1,8,0,12,0,1,0,1,1,0,6,8,5,8,3
2018.0,-430.0,0.0,0.0,3,4,3,1,0,0,0,5,1,1,0,0,2,1,1,8,0,12,0,1,0,1,1,0,0,2,5,3,9
2018.0,250.0,2.0,0.0,2,4,3,0,0,0,0,1,1,1,0,0,2,1,1,9,0,12,0,1,0,2,1,0,0,2,5,3,9
2018.0,-209.0,0.0,0.0,3,10,3,0,0,0,1,9,1,1,0,1,9,1,1,11,0,12,0,0,0,1,1,0,6,5,5,8,3
2018.0,-81.0,0.0,0.0,3,6,3,0,0,0,0,2,1,1,0,1,2,1,1,12,0,12,0,0,0,2,1,0,7,8,5,8,3
2018.0,-440.0,1.0,0.0,3,4,3,0,0,0,1,2,1,1,0,1,5,1,1,13,0,12,0,0,0,1,0,0,6,2,5,9,9
2018.0,-296.0,0.0,0.0,3,6,4,1,0,0,1,1,1,1,0,1,1,1,1,16,0,12,0,1,0,1,1,0,7,8,5,8,3
2018.0,0.0,0.0,0.0,3,6,0,0,0,0,1,1,1,1,0,1,1,1,1,17,0,12,0,1,0,1,1,0,7,2,5,8,3
2018.0,-20.0,1.0,0.0,3,6,0,1,0,0,1,5,0,1,0,0,5,1,1,18,0,12,0,1,0,1,2,0,7,8,5,8,3
2018.0,-85.0,0.0,0.0,3,10,0,0,0,0,1,2,1,1,0,0,2,1,1,20,0,12,0,0,0,1,2,0,7,9,9,3,3
2018.0,-30.0,0.0,0.0,3,6,0,0,0,0,1,2,1,1,0,1,2,1,1,20,0,12,0,0,0,1,1,0,7,7,5,8,3
2018.0,25.0,0.0,0.0,3,10,2,1,0,0,1,6,1,1,0,1,6,1,1,6,1,12,0,0,0,0,1,0,6,5,5,9,9
2018.0,5.0,0.0,0.0,3,6,2,1,0,0,0,4,1,1,0,1,9,1,1,6,1,12,0,0,0,1,1,0,7,8,5,9,2
2018.0,50.0,1.0,0.0,3,6,3,1,0,0,0,1,1,1,0,1,1,1,1,8,1,12,0,1,0,2,1,0,6,8,5,8,3
2018.0,-12.0,0.0,0.0,3,6,3,1,0,0,0,2,1,1,0,0,2,1,1,8,1,12,0,1,0,2,1,0,7,7,5,8,8
2018.0,-232.0,1.0,0.0,2,6,3,0,0,0,0,2,1,1,0,0,2,1,1,9,1,12,0,1,0,2,1,0,7,8,5,8,8
2018.0,180.0,0.0,0.0,3,10,3,0,0,0,0,9,1,1,0,0,9,1,1,9,1,12,0,1,0,1,1,0,7,7,5,8,2
2018.0,0.0,0.0,0.0,3,4,3,0,0,0,1,1,1,1,0,1,9,1,1,10,1,12,0,0,0,2,1,0,7,2,5,3,9
2018.0,-475.0,0.0,0.0,3,6,3,0,0,0,1,5,1,1,0,1,9,1,1,12,1,12,0,0,0,1,0,0,6,2,5,3,9
2018.0,0.0,0.0,0.0,3,5,3,0,0,0,0,1,1,1,0,0,5,1,1,14,1,12,0,0,0,2,1,0,0,5,5,3,1
2018.0,-140.0,0.0,0.0,3,10,3,1,0,0,1,2,1,1,0,1,2,1,1,14,1,12,0,0,0,0,1,0,6,9,5,3,2
2018.0,0.0,0.0,0.0,3,4,3,1,0,0,0,2,1,1,0,0,5,1,1,15,1,12,0,0,0,1,2,0,7,9,5,3,9
2018.0,0.0,2.0,0.0,1,4,3,0,0,0,1,2,1,1,0,1,5,1,1,15,1,12,0,0,0,1,1,0,7,2,5,3,9
2018.0,-97.0,0.0,0.0,3,10,3,0,0,0,1,1,1,1,0,0,1,1,1,16,1,12,0,1,0,1,0,0,7,9,5,3,2
2018.0,55.0,0.0,0.0,3,6,0,0,0,0,0,5,1,1,0,1,5,1,1,17,1,12,0,1,0,0,2,0,7,7,5,8,3
2018.0,277.0,1.0,0.0,2,4,4,0,0,0,1,2,1,1,0,0,1,1,1,17,1,12,0,1,0,0,1,0,0,2,5,3,9
2018.0,-36.0,1.0,0.0,2,6,0,0,0,0,0,1,1,1,0,0,1,1,1,17,1,12,0,1,0,2,1,0,6,7,5,8,3