Year,Distance,Totalinjuries,Totalfatalities,Injuryseverity,Collisionmanner,Lightcondition,Weather,SurfaceCondition,Unittype_One,Gender_Drv1,Traveldirection_One,AlcoholUse_Drv1,DrugUse_Drv1,Unittype_Two,Gender_Drv2,Traveldirection_Two,AlcoholUse_Drv2,DrugUse_Drv2,Hour,Weekday,Month,Weekend,Rush_Hour,Hazardous_Road,Age_Group_Drv1,Age_Group_Drv2,Substance_Use,Junction_Category,Violation_Category_Drv1,Violation_Category_Drv2,Unitaction_Category_Two,Unitaction_Category_One
2018.0,0.0,3.0,0.0,2,4,0,0,0,0,1,2,1,1,0,1,5,1,1,17,1,12,0,1,0,1,1,0,7,2,5,3,9
2018.0,-147.0,1.0,0.0,3,6,0,0,0,0,1,5,1,1,0,1,5,1,1,18,1,12,0,1,0,1,1,0,6,7,5,8,3
2018.0,150.0,0.0,0.0,3,6,0,0,0,0,0,5,1,1,0,1,5,1,1,18,1,12,0,1,0,1,0,0,6,7,5,8,3
2018.0,100.0,0.0,0.0,3,5,0,0,0,0,1,1,1,1,0,1,9,1,1,22,1,12,0,0,0,2,1,0,6,5,5,3,3
2018.0,0.0,2.0,0.0,3,1,3,0,0,0,1,5,1,1,0,0,9,1,1,6,2,12,0,0,0,1,1,0,7,2,5,3,3
2018.0,-525.0,2.0,0.0,3,4,3,0,0,0,0,5,1,1,0,1,2,1,1,6,2,12,0,0,0,1,2,0,6,2,5,3,9
2018.0,-250.0,0.0,0.0,3,4,3,0,0,0,0,2,1,1,0,1,2,1,1,7,2,12,0,1,0,2,1,0,6,8,5,3,3
2018.0,-251.0,2.0,0.0,1,1,3,0,0,0,0,5,1,1,0,0,9,1,1,10,2,12,0,0,0,2,1,0,0,2,5,3,9
2018.0,-25.0,0.0,0.0,3,6,3,0,0,0,1,2,1,1,0,0,2,1,1,13,2,12,0,0,0,0,0,0,7,8,5,8,8
2018.0,50.0,0.0,0.0,3,9,3,0,0,0,0,1,1,1,0,0,9,1,1,13,2,12,0,0,0,0,2,0,6,5,5,8,1
2018.0,75.0,0.0,0.0,3,10,3,0,0,0,0,9,1,1,0,1,9,1,1,13,2,12,0,0,0,0,1,0,7,4,5,9,9
2018.0,359.0,1.0,0.0,1,1,3,0,0,3,1,1,1,1,0,1,5,1,1,13,2,12,0,0,0,2,1,0,0,5,5,9,5
2018.0,125.0,0.0,0.0,3,6,3,0,0,0,0,5,1,1,0,0,5,1,1,14,2,12,0,0,0,2,1,0,7,7,5,8,3
2018.0,0.0,3.0,0.0,2,4,3,0,0,0,0,9,1,1,0,1,1,1,1,16,2,12,0,1,0,1,0,0,7,2,5,3,9
2018.0,100.0,0.0,0.0,3,5,3,4,3,0,2,5,1,1,0,0,5,1,1,16,2,12,0,1,0,0,1,0,7,5,5,8,1
2018.0,-61.0,0.0,1.0,0,5,3,0,0,3,1,1,0,1,0,1,1,1,1,16,2,12,0,1,0,1,0,0,7,2,5,9,7
2018.0,0.0,0.0,0.0,3,4,3,0,0,0,0,2,1,1,0,0,5,1,1,17,2,12,0,1,0,0,1,0,7,2,5,9,9
2018.0,-235.0,0.0,0.0,3,6,3,0,0,0,0,5,1,1,0,0,5,1,1,17,2,12,0,1,0,1,1,0,6,8,5,8,8
2018.0,-784.0,2.0,0.0,2,6,0,0,0,0,1,1,1,1,0,0,1,1,1,17,2,12,0,1,0,1,1,0,6,8,5,8,8
2018.0,215.0,1.0,0.0,3,6,0,0,0,0,2,5,1,1,0,0,5,1,1,17,2,12,0,1,0,0,1,0,7,8,5,8,8
2018.0,25.0,1.0,0.0,3,5,1,0,0,0,1,5,1,1,0,1,5,1,1,18,2,12,0,1,0,1,1,0,6,9,5,3,2
2018.0,0.0,3.0,0.0,2,4,3,0,0,0,1,2,1,1,0,0,5,1,1,18,2,12,0,1,0,2,2,0,7,2,5,3,9
2018.0,0.0,0.0,0.0,3,4,0,0,0,0,1,5,1,1,0,0,2,1,1,19,2,12,0,1,0,2,1,0,7,2,5,3,9
2018.0,0.0,1.0,0.0,2,4,0,0,0,0,1,2,1,1,0,0,1,1,1,21,2,12,0,0,0,1,0,0,7,2,5,9,3
2018.0,-50.0,6.0,0.0,3,6,3,0,0,0,1,9,1,1,0,1,9,1,1,7,3,12,0,1,0,1,1,0,4,7,5,8,3
2018.0,-72.0,0.0,0.0,3,6,3,0,0,0,0,2,1,1,0,1,2,1,1,9,3,12,0,1,0,2,1,0,6,7,5,8,3
2018.0,0.0,1.0,0.0,3,4,3,0,0,0,0,7,1,1,0,0,1,1,1,11,3,12,0,0,0,2,2,0,7,2,5,3,9
2018.0,79.0,0.0,0.0,3,6,3,0,0,0,0,5,1,1,0,1,5,1,1,11,3,12,0,0,0,1,1,0,7,8,5,8,3
2018.0,1131.0,3.0,0.0,2,6,3,0,0,0,1,1,1,1,0,1,1,1,1,12,3,12,0,0,0,1,1,0,6,8,5,8,3
2018.0,175.0,1.0,0.0,2,10,3,0,0,0,1,9,1,1,0,1,9,1,1,14,3,12,0,0,0,1,1,0,7,9,5,3,2
2018.0,0.0,0.0,0.0,3,6,3,0,0,0,1,9,1,1,0,1,9,1,1,14,3,12,0,0,0,1,1,0,7,7,5,8,3
2018.0,106.0,0.0,0.0,3,10,3,0,0,0,0,1,1,1,0,0,1,1,1,15,3,12,0,0,0,1,2,0,6,9,5,3,2
2018.0,570.0,1.0,0.0,2,10,3,0,0,0,2,9,1,1,0,1,9,1,1,15,3,12,0,0,0,0,2,0,6,9,5,3,2
2018.0,-198.0,1.0,0.0,2,1,3,0,0,3,0,9,1,1,0,1,2,1,1,16,3,12,0,1,0,2,0,0,0,5,5,9,5
2018.0,137.0,0.0,0.0,3,4,3,0,0,0,1,2,1,1,0,1,9,1,1,16,3,12,0,1,0,2,2,0,0,2,5,3,9
2018.0,-150.0,4.0,0.0,3,6,0,0,0,0,0,5,1,1,0,1,5,1,1,17,3,12,0,1,0,1,1,0,7,8,5,8,8
2018.0,-50.0,0.0,0.0,3,6,0,0,0,0,2,9,1,1,0,1,9,1,1,18,3,12,0,1,0,0,1,0,6,4,5,3,9
2018.0,250.0,2.0,0.0,2,5,0,0,0,0,1,5,1,1,0,0,5,1,1,18,3,12,0,1,0,2,1,0,6,5,5,5,8
2018.0,0.0,2.0,0.0,2,4,0,0,0,0,1,3,1,1,0,0,9,1,1,18,3,12,0,1,0,1,1,0,7,2,5,3,9
2018.0,10.0,0.0,0.0,3,6,0,4,0,0,1,5,1,1,0,1,5,1,1,19,3,12,0,1,0,1,0,0,7,7,5,8,3
2018.0,-15.0,0.0,0.0,3,10,0,0,0,0,2,1,1,1,1,1,1,1,1,5,4,12,0,0,0,0,1,0,6,5,5,6,5
2018.0,-50.0,0.0,0.0,3,12,5,4,3,0,2,8,1,1,1,1,9,1,1,10,4,12,0,0,0,0,1,0,6,5,5,6,5
2018.0,-137.0,0.0,0.0,3,12,3,1,0,0,2,9,1,1,1,1,9,1,1,13,4,12,0,0,0,0,1,0,6,5,5,6,5
2018.0,-50.0,3.0,0.0,3,6,3,0,0,0,0,1,1,1,0,1,1,1,1,14,4,12,0,0,0,2,1,0,6,8,5,8,3
2018.0,204.0,1.0,0.0,3,1,3,1,0,0,1,3,1,1,0,0,9,1,1,15,4,12,0,0,0,1,1,0,6,2,5,3,9
2018.0,0.0,1.0,0.0,3,4,3,0,0,0,1,5,1,1,0,1,9,1,1,15,4,12,0,0,0,1,1,0,7,5,5,9,3
2018.0,15.0,2.0,0.0,2,6,3,0,0,0,1,1,1,1,0,1,1,1,1,15,4,12,0,0,0,1,1,0,7,7,5,8,2
2018.0,50.0,1.0,0.0,3,10,3,0,0,0,1,5,1,1,0,1,5,1,1,15,4,12,0,0,0,2,0,0,7,9,5,3,2
2018.0,50.0,0.0,0.0,3,5,3,0,0,0,2,5,1,1,2,0,9,1,1,16,4,12,0,1,0,0,1,0,7,5,5,3,3
2018.0,-57.0,1.0,0.0,2,4,3,0,0,0,1,2,0,1,0,0,1,1,1,17,4,12,0,1,0,1,1,0,7,7,5,8,9
2018.0,0.0,3.0,0.0,1,4,0,0,0,0,0,2,1,1,0,1,2,1,1,17,4,12,0,1,0,1,1,0,4,4,5,3,9
2018.0,-100.0,0.0,0.0,3,6,3,0,0,0,1,5,1,1,0,0,5,1,1,17,4,12,0,1,0,1,2,0,6,5,5,8,8
2018.0,-50.0,0.0,0.0,3,6,0,0,0,0,1,5,1,1,0,1,5,1,1,17,4,12,0,1,0,1,2,0,7,7,5,3,3
2018.0,340.0,1.0,0.0,3,4,0,0,0,0,0,9,1,1,0,1,5,1,1,17,4,12,0,1,0,0,1,0,6,2,5,3,9
2018.0,50.0,0.0,0.0,3,6,0,0,0,0,1,9,1,1,0,1,9,1,1,18,4,12,0,1,0,2,2,0,7,7,5,3,3
2018.0,0.0,1.0,0.0,3,4,0,0,0,0,1,3,1,1,0,1,9,1,1,20,4,12,0,0,0,1,1,0,7,2,5,3,9
2018.0,27.0,0.0,0.0,3,4,0,0,0,0,1,2,1,1,0,0,6,1,1,21,4,12,0,0,0,0,1,0,4,2,5,9,3
2018.0,50.0,0.0,0.0,3,4,3,0,0,0,1,6,1,1,0,0,9,1,1,12,5,12,1,0,0,1,2,0,6,2,5,3,9
2018.0,40.0,0.0,0.0,3,6,3,0,0,0,1,2,1,1,0,1,2,1,1,14,5,12,1,0,0,1,2,0,6,7,5,8,3
2018.0,-15.0,0.0,0.0,3,6,3,0,0,0,1,1,1,1,0,0,1,1,1,16,5,12,1,1,0,2,0,0,7,7,5,8,3
2018.0,118.0,1.0,0.0,2,6,0,0,0,0,2,2,1,1,0,1,2,1,1,2,6,12,1,0,0,0,1,0,7,5,5,8,3
2018.0,0.0,2.0,0.0,1,4,3,0,0,0,0,9,1,1,0,1,1,1,1,8,6,12,1,1,0,1,0,0,7,2,5,9,3
2018.0,30.0,0.0,0.0,3,6,3,0,0,0,0,9,1,1,0,0,9,1,1,12,6,12,1,0,0,2,1,0,7,7,5,8,8
2018.0,170.0,2.0,0.0,3,3,3,0,0,0,1,5,1,1,0,1,2,1,1,12,6,12,1,0,0,1,1,0,6,5,5,3,3
2018.0,50.0,1.0,0.0,3,1,3,0,0,0,0,1,1,1,0,1,2,1,1,13,6,12,1,0,0,2,1,0,6,7,5,3,9
2018.0,0.0,0.0,0.0,3,12,3,0,0,3,1,5,1,1,0,1,9,1,1,13,6,12,1,0,0,2,1,0,7,5,5,9,7
2018.0,364.0,0.0,0.0,3,1,0,0,0,0,0,3,1,1,0,0,9,1,1,17,6,12,1,1,0,2,1,0,7,2,5,3,9
2018.0,0.0,2.0,0.0,2,4,0,0,0,0,1,5,1,1,0,0,2,1,1,19,6,12,1,1,0,0,1,0,7,2,5,9,3
2018.0,0.0,1.0,0.0,3,4,0,0,0,0,1,5,1,1,0,1,1,1,1,21,6,12,1,0,0,1,1,0,7,9,5,3,9
2018.0,-200.0,0.0,0.0,3,12,5,0,0,0,2,8,1,1,1,1,8,1,1,21,6,12,1,0,0,0,1,0,6,5,5,6,5
2018.0,-200.0,0.0,0.0,3,12,5,4,3,0,2,8,1,1,1,1,8,1,1,8,0,12,0,1,0,0,1,0,6,5,5,6,5
2018.0,-975.0,0.0,0.0,3,10,3,0,0,0,2,9,1,1,1,1,9,1,1,8,0,12,0,1,0,0,1,0,6,9,5,6,3
2018.0,-282.0,0.0,0.0,3,6,3,0,0,0,1,2,1,1,0,1,2,1,1,11,0,12,0,0,0,1,2,0,7,7,5,5,3
2018.0,0.0,0.0,0.0,3,0,3,0,0,0,2,1,1,1,0,0,9,1,1,12,0,12,0,0,0,0,0,0,7,2,5,3,9
2018.0,-630.0,1.0,0.0,3,10,3,0,0,0,1,2,1,1,0,1,2,1,1,13,0,12,0,0,0,1,0,0,6,9,5,3,2
2018.0,115.0,0.0,0.0,3,6,3,0,0,0,1,9,1,1,0,1,9,1,1,14,0,12,0,0,0,2,2,0,7,7,5,8,3
2018.0,0.0,1.0,0.0,3,4,3,1,0,0,1,4,1,1,0,1,5,1,1,14,0,12,0,0,0,0,1,0,7,2,5,3,9
2018.0,140.0,0.0,0.0,3,6,3,0,0,0,2,9,1,1,0,0,9,1,1,15,0,12,0,0,0,0,0,0,7,8,5,8,3
2018.0,-55.0,2.0,0.0,3,6,3,0,0,0,1,2,1,1,0,0,2,1,1,16,0,12,0,1,0,1,2,0,6,8,5,8,3
2018.0,20.0,0.0,0.0,3,6,2,0,0,0,1,5,1,1,0,0,5,1,1,16,0,12,0,1,0,1,1,0,7,7,5,8,8
2018.0,0.0,0.0,0.0,3,12,4,1,3,0,0,9,1,1,0,0,8,1,1,18,0,12,0,1,0,2,1,0,6,5,5,5,3
2018.0,15.0,1.0,0.0,3,4,0,0,0,0,1,9,1,1,0,0,1,1,1,19,0,12,0,1,0,1,1,0,7,4,5,3,9
2018.0,0.0,0.0,0.0,3,1,0,0,0,0,1,9,1,1,0,1,5,1,1,19,0,12,0,1,0,1,1,0,7,5,5,3,0
2018.0,-476.0,1.0,0.0,2,6,0,0,0,0,1,5,1,0,0,0,5,1,1,5,1,12,0,0,0,1,1,0,6,7,5,3,3
2018.0,180.0,0.0,0.0,3,10,0,0,0,0,1,9,1,1,0,1,9,1,1,6,1,12,0,0,0,2,1,0,7,7,5,3,3
2018.0,15.0,0.0,0.0,3,12,2,0,0,0,1,9,1,1,2,1,2,1,1,7,1,12,0,1,0,0,1,0,7,2,5,3,9
2018.0,45.0,0.0,0.0,3,4,3,0,0,0,0,9,1,1,0,1,1,1,1,7,1,12,0,1,0,1,1,0,7,4,5,9,9
2018.0,-120.0,2.0,0.0,3,4,3,0,0,0,0,1,1,1,0,0,9,1,1,7,1,12,0,1,0,1,1,0,6,2,5,3,9
2018.0,-200.0,1.0,0.0,2,5,3,0,0,2,1,9,1,1,0,0,2,1,1,8,1,12,0,1,0,2,1,0,0,5,5,9,3
2018.0,150.0,0.0,0.0,3,10,3,0,0,0,0,5,1,1,0,0,5,1,1,9,1,12,0,1,0,1,1,0,7,9,5,3,2
2018.0,-50.0,2.0,0.0,2,6,3,0,0,0,1,2,1,1,0,1,2,1,1,10,1,12,0,0,0,0,2,0,7,8,5,8,8
2018.0,0.0,0.0,0.0,3,10,3,0,0,0,1,9,1,1,0,0,9,1,1,13,1,12,0,0,0,1,0,0,7,5,5,9,9
2018.0,0.0,0.0,0.0,3,4,3,0,0,0,0,9,1,1,0,0,5,1,1,14,1,12,0,0,0,1,0,0,7,5,5,3,9
2018.0,0.0,0.0,0.0,3,1,3,0,0,0,0,9,1,1,0,0,2,1,1,16,1,12,0,1,0,1,1,0,7,2,5,3,3
2018.0,0.0,1.0,0.0,3,10,3,0,0,0,1,2,1,1,0,0,2,1,1,16,1,12,0,1,0,1,1,0,7,5,5,9,9
2018.0,0.0,1.0,0.0,2,4,3,0,0,0,1,9,1,1,0,0,1,1,1,16,1,12,0,1,0,2,1,0,7,2,7,3,9
2018.0,0.0,0.0,0.0,3,1,3,0,0,0,1,5,1,1,0,1,9,1,1,16,1,12,0,1,0,1,1,0,7,2,5,3,9
2018.0,0.0,0.0,0.0,3,1,3,0,0,0,1,1,1,1,0,0,7,1,1,16,1,12,0,1,0,1,1,0,7,5,5,9,3
2018.0,60.0,0.0,0.0,3,6,3,0,0,0,1,5,1,1,0,0,5,1,1,16,1,12,0,1,0,1,0,0,7,7,5,8,9
2018.0,0.0,1.0,0.0,3,1,3,0,0,0,0,1,1,1,0,0,2,1,1,16,1,12,0,1,0,1,1,0,7,2,5,3,3
2018.0,105.0,0.0,0.0,3,6,0,0,0,0,0,5,1,1,0,1,5,1,1,17,1,12,0,1,0,1,1,0,7,7,5,8,3
2018.0,-92.0,1.0,0.0,1,6,0,0,0,0,1,1,1,1,0,1,1,1,1,18,1,12,0,1,0,0,1,0,4,7,5,8,3
2018.0,-73.0,0.0,0.0,3,10,1,0,0,0,2,1,1,1,0,1,1,1,1,5,2,12,0,0,0,0,0,0,6,9,5,3,3
2018.0,-450.0,2.0,0.0,3,6,3,0,0,0,1,2,1,1,0,1,2,1,1,6,2,12,0,0,0,0,1,0,7,8,5,8,3
2018.0,-45.0,0.0,0.0,3,10,3,0,0,0,1,2,1,1,0,1,2,1,1,7,2,12,0,1,0,1,1,0,6,9,5,3,2
2018.0,20.0,0.0,0.0,3,10,3,0,0,0,2,9,1,1,0,1,9,1,1,10,2,12,0,0,0,0,1,0,7,4,5,9,9
2018.0,61.0,0.0,0.0,3,6,3,0,0,0,1,5,1,1,0,1,5,1,1,10,2,12,0,0,0,1,1,0,7,5,5,8,9
2018.0,57.0,0.0,0.0,3,6,3,0,0,0,1,2,1,1,0,0,2,1,1,14,2,12,0,0,0,1,2,0,7,8,5,8,3
2018.0,0.0,2.0,0.0,2,4,3,0,0,0,0,9,1,1,0,1,1,1,1,14,2,12,0,0,0,1,0,0,7,9,5,3,9
2018.0,250.0,0.0,0.0,3,6,3,4,0,0,1,5,1,1,0,0,5,1,1,14,2,12,0,0,0,1,1,0,4,7,5,9,3
2018.0,440.0,1.0,0.0,3,6,3,0,0,0,1,2,1,1,0,0,2,1,1,15,2,12,0,0,0,2,1,0,0,8,5,8,3
2018.0,0.0,0.0,0.0,3,4,3,0,0,0,0,9,1,1,0,1,1,1,1,15,2,12,0,0,0,2,1,0,7,2,5,3,9
2018.0,95.0,0.0,0.0,3,4,3,0,0,0,1,9,1,1,0,0,1,1,1,15,2,12,0,0,0,0,2,0,6,2,5,3,9
2018.0,0.0,0.0,0.0,3,1,3,0,0,0,1,6,1,1,0,0,5,1,1,15,2,12,0,0,0,1,1,0,7,5,5,5,5
2018.0,-98.0,0.0,0.0,3,6,3,0,0,0,1,1,1,1,0,0,1,1,1,16,2,12,0,1,0,2,2,0,7,8,5,8,8
2018.0,43.0,1.0,0.0,3,5,3,0,0,2,1,5,1,1,0,0,9,1,1,16,2,12,0,1,0,1,1,0,7,2,5,9,3
2018.0,106.0,0.0,0.0,3,10,3,0,0,0,0,2,1,1,0,1,2,1,1,17,2,12,0,1,0,0,1,0,6,5,5,3,2
2018.0,0.0,0.0,0.0,3,4,3,0,0,0,1,2,1,1,0,0,9,1,1,17,2,12,0,1,0,0,1,0,7,4,5,3,9
2018.0,0.0,0.0,0.0,3,4,0,0,0,0,1,9,1,1,0,1,1,1,1,18,2,12,0,1,0,1,2,0,7,9,5,3,9
2018.0,110.0,0.0,0.0,3,6,0,0,0,0,2,2,1,1,0,1,2,1,1,18,2,12,0,1,0,0,1,0,0,8,5,8,3
2018.0,-100.0,0.0,0.0,3,4,3,0,0,0,1,2,1,1,0,1,1,1,1,18,2,12,0,1,0,1,1,0,7,2,5,3,9
2018.0,0.0,1.0,0.0,2,4,0,0,0,0,2,9,1,1,0,1,2,1,1,19,2,12,0,1,0,0,1,0,7,2,5,9,3
2018.0,0.0,3.0,0.0,2,4,0,0,0,0,0,1,1,1,0,0,9,1,1,19,2,12,0,1,0,1,1,0,7,2,5,3,9
2018.0,154.0,0.0,0.0,3,4,1,0,0,0,1,9,1,1,0,1,5,1,1,23,2,12,0,0,0,0,2,0,6,5,4,9,3
2018.0,50.0,0.0,0.0,3,6,3,0,0,0,1,1,1,1,0,1,1,1,1,6,3,12,0,0,0,1,1,0,6,2,5,3,9
2018.0,311.0,1.0,0.0,3,1,3,0,0,0,1,5,1,1,0,1,1,1,1,7,3,12,0,1,0,1,1,0,0,7,5,5,3
2018.0,0.0,1.0,0.0,3,1,3,0,0,3,1,5,1,1,0,0,9,1,1,7,3,12,0,1,0,2,2,0,7,2,5,3,7
2018.0,200.0,0.0,0.0,3,12,5,4,3,0,2,8,1,1,1,1,8,1,1,8,3,12,0,1,0,0,1,0,6,5,5,6,5
2018.0,-67.0,0.0,0.0,3,6,3,0,0,0,1,1,1,1,0,0,1,1,1,10,3,12,0,0,0,1,1,0,7,7,5,8,3
2018.0,170.0,0.0,0.0,3,10,3,0,0,0,0,5,1,1,0,1,5,1,1,11,3,12,0,0,0,2,2,0,7,2,5,3,2
2018.0,0.0,0.0,1.0,0,4,3,0,0,0,0,9,1,1,0,1,1,1,1,11,3,12,0,0,0,1,2,0,7,2,5,3,9
2018.0,100.0,1.0,0.0,2,6,3,0,0,0,1,1,1,1,0,0,1,1,1,15,3,12,0,0,0,1,1,0,7,9,5,8,3
2018.0,-308.0,0.0,0.0,3,1,3,0,0,0,1,1,1,1,0,1,5,1,1,16,3,12,0,1,0,2,1,0,0,2,5,3,9
2018.0,-0.23,0.0,0.0,3,6,3,0,0,0,0,5,1,1,0,0,5,1,1,18,3,12,0,1,0,1,2,0,6,8,5,8,3
2018.0,-20.0,0.0,0.0,3,5,0,0,0,3,1,9,1,1,0,1,1,1,1,20,3,12,0,0,0,2,1,0,6,5,5,5,5
2018.0,-28.0,0.0,0.0,3,6,3,0,0,0,0,1,1,1,0,1,1,1,1,10,4,12,0,0,0,2,1,0,7,8,5,9,9
2018.0,-420.0,0.0,0.0,3,4,3,1,0,0,0,5,1,1,0,1,5,1,1,10,4,12,0,0,0,2,0,0,6,4,5,3,9
2018.0,-85.0,0.0,0.0,3,6,3,1,0,0,1,5,1,1,0,0,5,1,1,13,4,12,0,0,0,2,2,0,6,7,5,8,3
2018.0,-77.0,0.0,0.0,3,10,3,0,0,0,1,2,1,1,0,0,2,1,1,14,4,12,0,0,0,1,1,0,7,9,5,8,9
2018.0,-320.0,0.0,0.0,3,6,3,1,0,0,2,9,1,1,0,0,9,1,1,14,4,12,0,0,0,0,1,0,7,7,5,8,3
2018.0,-130.0,0.0,0.0,3,6,3,1,0,0,1,1,1,1,0,0,9,1,1,15,4,12,0,0,0,1,0,0,6,5,5,8,1
2018.0,-56.0,0.0,0.0,3,6,3,0,0,0,0,5,1,1,0,1,5,1,1,16,4,12,0,1,0,1,2,0,7,7,5,8,3
2018.0,492.0,0.0,0.0,3,1,3,0,0,0,1,2,1,1,0,1,2,1,1,16,4,12,0,1,0,0,1,0,6,4,5,3,9
2018.0,405.0,0.0,0.0,3,4,3,0,0,0,0,2,1,1,0,0,5,1,1,16,4,12,0,1,0,1,2,0,6,2,5,3,9
2018.0,0.0,3.0,0.0,2,4,3,0,0,0,0,2,1,1,0,1,5,1,1,16,4,12,0,1,0,2,1,0,7,2,5,3,9
2018.0,100.0,0.0,0.0,3,6,0,0,0,0,0,2,1,1,0,0,5,1,1,18,4,12,0,1,0,1,2,0,6,5,5,8,1
2018.0,0.0,0.0,0.0,3,12,0,0,0,0,1,9,1,1,0,0,3,1,1,19,4,12,0,1,0,2,1,0,7,2,5,3,9
2018.0,0.0,0.0,0.0,3,4,0,0,0,0,0,1,1,1,0,1,9,1,1,22,4,12,0,0,0,1,2,0,7,2,5,3,9
2018.0,0.0,1.0,0.0,2,1,0,0,0,0,1,5,1,1,0,1,1,1,1,22,4,12,0,0,0,0,1,0,7,4,5,3,9
2018.0,0.0,0.0,0.0,3,9,3,0,0,0,0,1,1,1,0,1,2,1,1,7,5,12,1,1,0,2,1,0,2,5,5,3,3
2018.0,0.0,0.0,0.0,3,4,3,0,0,0,1,4,1,1,0,1,1,1,1,8,5,12,1,1,0,1,1,0,7,2,5,3,9
2018.0,10.0,0.0,0.0,3,5,3,0,0,0,1,9,1,1,0,0,9,1,1,9,5,12,1,1,0,0,1,0,7,5,5,8,1
2018.0,0.0,0.0,0.0,3,1,3,0,0,0,1,3,1,1,0,0,9,1,1,10,5,12,1,0,0,2,1,0,7,4,5,3,9
2018.0,-158.0,0.0,0.0,3,6,3,0,0,0,2,2,1,1,0,1,2,1,1,10,5,12,1,0,0,0,1,0,7,7,5,8,3
2018.0,360.0,1.0,0.0,3,4,3,0,0,0,1,5,1,1,0,1,9,1,1,15,5,12,1,0,0,2,1,0,6,2,5,3,9
2018.0,60.0,0.0,0.0,3,5,4,0,0,0,1,1,1,1,0,1,9,1,1,17,5,12,1,1,0,1,0,0,6,5,5,8,1
2018.0,-130.0,0.0,0.0,3,6,0,0,0,0,0,9,1,1,0,0,9,1,1,21,5,12,1,0,0,1,2,0,6,8,5,3,3
2018.0,70.0,0.0,0.0,3,6,0,0,0,0,1,9,1,1,0,0,9,1,1,21,5,12,1,0,0,1,2,0,7,7,5,8,3
2018.0,-500.0,0.0,0.0,3,1,3,0,0,0,0,1,1,1,0,0,2,1,1,9,6,12,1,1,0,1,1,0,6,5,5,3,9
2018.0,-100.0,0.0,0.0,3,6,3,0,0,0,1,5,1,1,0,0,5,1,1,14,6,12,1,0,0,1,1,0,6,7,5,8,3
2018.0,0.0,0.0,0.0,3,6,0,0,0,0,1,5,1,1,0,1,5,1,1,20,6,12,1,0,0,1,1,0,7,7,5,9,9
2018.0,41.0,0.0,0.0,3,6,0,0,0,0,1,2,1,1,0,0,2,1,1,4,0,12,0,0,0,2,2,0,6,7,5,3,3
2018.0,0.0,0.0,0.0,3,1,3,0,0,0,1,2,1,1,0,0,9,1,1,8,0,12,0,1,0,0,1,0,7,2,5,3,3
2018.0,210.0,0.0,0.0,3,6,3,0,0,0,0,9,1,1,0,1,9,1,1,8,0,12,0,1,0,2,1,0,9,5,7,8,3
2018.0,-200.0,0.0,0.0,3,6,3,4,3,0,2,5,1,1,0,0,5,1,1,12,0,12,0,0,0,0,0,0,6,7,5,2,3
2018.0,275.0,0.0,0.0,3,6,3,0,0,0,2,9,1,1,0,1,9,1,1,13,0,12,0,0,0,0,1,0,6,7,5,8,3
2018.0,130.0,0.0,0.0,3,6,3,0,0,0,0,5,1,1,0,1,5,1,1,14,0,12,0,0,0,0,1,0,7,8,5,8,3
2018.0,200.0,1.0,0.0,3,10,3,0,0,0,1,1,0,0,0,1,1,1,1,15,0,12,0,0,0,1,1,0,6,9,5,3,2
2018.0,0.0,0.0,0.0,3,4,0,0,0,0,0,1,1,1,0,1,9,1,1,20,0,12,0,0,0,0,2,0,7,2,5,3,9
2018.0,0.0,0.0,0.0,3,4,0,0,0,0,1,1,1,1,0,1,9,1,1,22,0,12,0,0,0,1,0,0,7,2,5,3,9
2018.0,-36.0,0.0,0.0,3,6,0,0,0,0,2,3,1,1,0,0,3,1,1,22,0,12,0,0,0,0,2,0,7,7,5,9,9
2018.0,0.0,0.0,0.0,3,6,3,0,0,0,1,2,1,1,0,1,2,1,1,14,1,12,0,0,0,2,1,0,7,7,5,9,9
2018.0,-240.0,0.0,0.0,3,6,0,0,0,0,1,1,1,1,0,0,1,1,1,6,2,12,0,0,0,1,2,0,7,8,5,8,3
2018.0,0.0,0.0,0.0,3,6,3,0,0,0,0,9,1,1,0,1,9,1,1,7,2,12,0,1,0,2,1,0,7,8,5,8,3
2018.0,102.0,0.0,0.0,3,6,3,0,0,0,1,9,1,1,0,0,9,1,1,10,2,12,0,0,0,1,0,0,7,8,5,3,3
2018.0,0.0,0.0,0.0,3,4,3,0,0,0,1,5,1,1,0,1,5,1,1,11,2,12,0,0,0,1,1,0,7,5,5,9,3
2018.0,0.0,1.0,0.0,2,4,3,0,0,0,0,9,1,1,0,1,1,1,1,14,2,12,0,0,0,2,2,0,7,2,5,3,9
2018.0,104.0,0.0,0.0,3,10,3,0,0,0,1,9,1,1,0,1,9,1,1,16,2,12,0,1,0,1,1,0,7,9,5,9,9
2018.0,66.0,2.0,0.0,3,6,4,0,0,0,1,5,1,1,0,1,5,1,1,17,2,12,0,1,0,0,1,0,7,8,5,8,3
2018.0,-166.0,0.0,0.0,3,10,0,0,0,0,1,2,1,1,0,1,2,1,1,17,2,12,0,1,0,2,0,0,7,9,5,6,5
2018.0,0.0,1.0,0.0,3,1,0,0,0,0,1,4,1,1,3,0,5,1,1,22,2,12,0,0,0,1,2,0,7,2,5,7,9