Year,Distance,Totalinjuries,Totalfatalities,Injuryseverity,Collisionmanner,Lightcondition,Weather,SurfaceCondition,Unittype_One,Gender_Drv1,Traveldirection_One,AlcoholUse_Drv1,DrugUse_Drv1,Unittype_Two,Gender_Drv2,Traveldirection_Two,AlcoholUse_Drv2,DrugUse_Drv2,Hour,Weekday,Month,Weekend,Rush_Hour,Hazardous_Road,Age_Group_Drv1,Age_Group_Drv2,Substance_Use,Junction_Category,Violation_Category_Drv1,Violation_Category_Drv2,Unitaction_Category_Two,Unitaction_Category_One
2019.0,0.0,1.0,0.0,2,4,5,4,0,0,1,9,1,1,0,0,1,1,1,10,1,2,0,0,0,1,1,0,4,2,5,3,9
2019.0,0.0,0.0,0.0,3,4,3,0,0,0,1,9,1,1,0,1,1,1,1,11,1,2,0,0,0,2,1,0,4,2,5,3,9
2019.0,-345.0,2.0,0.0,2,6,3,1,0,0,0,1,1,1,0,1,1,1,1,12,1,2,0,0,0,1,0,0,6,8,5,8,3
2019.0,-191.0,0.0,0.0,3,10,3,1,0,0,0,5,1,1,0,0,5,1,1,13,1,2,0,0,0,1,2,0,6,9,5,3,2
2019.0,-200.0,0.0,0.0,3,10,3,0,0,0,0,1,1,1,0,1,1,1,1,14,1,2,0,0,0,0,1,0,6,9,5,3,2
2019.0,-110.0,0.0,0.0,3,10,3,1,0,0,0,1,1,1,0,1,1,1,1,14,1,2,0,0,0,2,0,0,10,9,5,3,2
2019.0,200.0,0.0,0.0,3,10,3,0,0,0,1,9,1,1,0,1,9,1,1,15,1,2,0,0,0,1,0,0,6,4,5,9,2
2019.0,-58.0,1.0,0.0,1,12,3,4,0,0,0,1,1,1,3,0,2,1,1,15,1,2,0,0,0,0,1,0,10,2,5,7,9
2019.0,-135.0,0.0,0.0,3,10,3,1,0,0,1,5,1,1,0,0,5,1,1,16,1,2,0,1,0,0,1,0,10,9,5,3,2
2019.0,0.0,1.0,0.0,3,2,3,1,0,2,1,2,1,1,0,0,1,1,1,16,1,2,0,1,0,1,1,0,5,5,5,9,3
2019.0,107.0,2.0,0.0,2,6,3,1,0,0,0,9,1,1,0,1,9,1,1,17,1,2,0,1,0,1,2,0,10,8,5,8,3
2019.0,0.25,0.0,0.0,3,10,5,4,0,0,2,1,1,1,0,1,1,1,1,17,1,2,0,1,0,0,2,0,6,9,5,3,3
2019.0,624.0,0.0,0.0,3,3,5,4,0,0,1,2,1,1,0,1,9,1,1,17,1,2,0,1,0,1,2,0,0,2,2,9,9
2019.0,-300.0,0.0,0.0,3,4,0,0,0,0,1,9,1,1,0,0,5,1,1,18,1,2,0,1,0,1,1,0,0,2,5,3,9
2019.0,104.0,0.0,0.0,3,6,5,4,0,0,1,9,1,1,0,0,9,1,1,18,1,2,0,1,0,1,1,0,10,8,5,8,3
2019.0,-200.0,1.0,0.0,3,6,0,4,0,0,0,1,1,1,0,1,1,1,1,19,1,2,0,1,0,0,1,0,6,5,5,3,3
2019.0,0.0,1.0,0.0,2,4,0,0,0,0,0,4,1,1,0,1,5,1,1,21,1,2,0,0,0,2,1,0,4,2,5,3,9
2019.0,-25.0,0.0,0.0,3,6,0,3,4,0,1,2,1,1,0,1,2,1,1,23,1,2,0,0,1,0,1,0,10,7,5,8,3
2019.0,165.0,0.0,0.0,3,4,3,0,0,0,0,5,1,1,0,0,9,1,1,8,2,2,0,1,0,2,1,0,0,2,5,3,9
2019.0,130.0,0.0,0.0,3,6,3,0,0,0,1,9,1,1,0,1,9,1,1,9,2,2,0,1,0,1,1,0,6,7,5,8,3
2019.0,126.0,0.0,0.0,3,6,5,4,0,0,1,5,1,1,0,1,5,1,1,11,2,2,0,0,0,2,1,0,10,8,5,8,8
2019.0,-65.0,1.0,0.0,2,6,3,0,0,0,1,1,1,1,0,1,1,1,1,14,2,2,0,0,0,1,1,0,10,7,5,8,3
2019.0,159.0,0.0,0.0,3,6,5,4,0,0,1,5,1,1,0,1,9,1,1,14,2,2,0,0,0,2,0,0,0,2,5,8,9
2019.0,-80.0,0.0,0.0,3,6,3,0,0,0,0,5,1,1,0,0,9,1,1,14,2,2,0,0,0,2,2,0,6,9,5,3,9
2019.0,70.0,0.0,0.0,3,6,3,0,0,0,0,5,1,1,0,1,5,1,1,14,2,2,0,0,0,1,1,0,10,8,5,8,3
2019.0,-93.0,1.0,0.0,2,6,5,4,0,0,1,1,1,1,0,0,1,1,1,14,2,2,0,0,0,1,1,0,10,8,5,8,8
2019.0,249.0,2.0,0.0,2,4,3,0,0,0,0,5,1,1,0,0,9,1,1,15,2,2,0,0,0,2,1,0,0,9,5,3,9
2019.0,240.0,0.0,0.0,3,4,3,0,0,0,1,2,1,1,0,1,1,1,1,15,2,2,0,0,0,1,2,0,6,2,5,3,9
2019.0,-500.0,0.0,0.0,3,2,3,0,0,0,0,2,1,1,0,0,5,1,1,16,2,2,0,1,0,1,0,0,0,2,5,3,9
2019.0,-147.0,0.0,0.0,3,10,3,0,0,0,0,2,1,1,0,0,2,1,1,16,2,2,0,1,0,2,1,0,10,9,5,3,2
2019.0,155.0,0.0,0.0,3,6,3,0,0,0,1,5,1,1,0,0,5,1,1,17,2,2,0,1,0,1,1,0,6,7,5,8,3
2019.0,0.0,0.0,0.0,3,4,4,0,0,0,1,2,1,1,0,0,5,1,1,18,2,2,0,1,0,1,2,0,5,9,5,3,9
2019.0,50.0,0.0,0.0,3,6,0,0,0,0,1,5,1,1,0,0,5,1,1,19,2,2,0,1,0,1,2,0,10,7,5,8,3
2019.0,-15.0,0.0,0.0,3,6,0,0,0,0,1,2,1,1,0,0,2,1,1,19,2,2,0,1,0,1,1,0,10,8,5,8,3
2019.0,0.0,0.0,0.0,3,4,5,4,0,0,1,5,1,1,0,1,2,1,1,0,3,2,0,0,0,2,2,0,4,4,5,3,9
2019.0,-85.0,0.0,0.0,3,6,0,0,0,0,1,9,1,1,0,1,9,1,1,0,3,2,0,0,0,1,1,0,6,7,5,8,3
2019.0,-265.0,0.0,0.0,3,6,2,0,0,0,0,2,1,1,0,0,2,1,1,6,3,2,0,0,0,2,0,0,6,8,5,8,3
2019.0,100.0,1.0,0.0,3,4,3,0,0,0,1,9,1,1,0,0,1,1,1,7,3,2,0,1,0,2,2,0,0,2,5,3,9
2019.0,300.0,0.0,0.0,3,10,3,0,0,0,1,9,1,1,0,0,9,1,1,7,3,2,0,1,0,0,2,0,6,5,5,5,5
2019.0,142.0,0.0,0.0,3,6,3,0,0,0,0,5,1,1,0,0,5,1,1,7,3,2,0,1,0,1,1,0,6,8,5,8,3
2019.0,-133.0,2.0,0.0,3,6,3,0,0,0,1,9,1,1,0,0,9,1,1,8,3,2,0,1,0,1,1,0,0,8,5,9,3
2019.0,70.0,1.0,0.0,3,2,3,0,0,0,1,9,1,1,0,1,9,1,1,8,3,2,0,1,0,1,1,0,10,4,5,3,9
2019.0,15.0,1.0,0.0,1,5,5,4,0,3,1,3,1,1,0,0,1,1,1,9,3,2,0,1,0,1,2,0,9,5,5,9,7
2019.0,-60.0,0.0,0.0,3,10,3,0,0,0,0,5,1,1,0,1,5,1,1,11,3,2,0,0,0,2,2,0,10,9,5,3,2
2019.0,49.0,1.0,0.0,2,2,3,0,0,3,1,1,1,1,0,0,5,1,1,14,3,2,0,0,0,1,2,0,10,2,5,9,7
2019.0,362.0,1.0,0.0,2,4,3,0,0,0,0,1,1,1,0,1,9,1,1,16,3,2,0,1,0,1,2,0,0,2,5,3,9
2019.0,0.0,0.0,0.0,3,10,5,4,0,0,0,5,1,1,0,0,5,1,1,16,3,2,0,1,0,1,0,0,4,2,5,9,9
2019.0,-75.0,0.0,0.0,3,6,3,0,0,0,0,5,0,1,0,1,5,1,1,16,3,2,0,1,0,1,2,0,10,8,5,8,3
2019.0,-125.0,0.0,0.0,3,10,3,0,0,0,1,5,1,1,0,0,5,1,1,17,3,2,0,1,0,1,1,0,6,9,5,3,2
2019.0,-100.0,0.0,0.0,3,6,3,0,0,0,0,2,1,1,0,1,2,1,1,17,3,2,0,1,0,2,0,0,10,8,5,8,3
2019.0,133.0,0.0,0.0,3,10,3,0,0,0,1,5,1,1,0,1,5,1,1,18,3,2,0,1,0,1,1,0,10,9,5,3,2
2019.0,700.0,0.0,0.0,3,6,0,0,0,0,0,9,1,1,0,1,9,1,1,18,3,2,0,1,0,1,2,0,6,8,5,8,3
2019.0,0.0,2.0,0.0,2,4,0,0,0,0,1,2,1,1,0,1,5,1,1,22,3,2,0,0,0,1,1,0,5,5,5,3,9
2019.0,-85.0,1.0,0.0,3,6,3,0,0,0,0,1,1,1,0,1,1,1,1,8,4,2,0,1,0,1,1,0,10,8,5,8,3
2019.0,150.0,1.0,0.0,2,6,2,0,0,0,1,2,1,1,0,0,1,1,1,10,4,2,0,0,0,0,1,0,10,2,7,3,9
2019.0,0.0,0.0,0.0,3,4,3,0,0,0,0,4,1,1,0,0,4,1,1,11,4,2,0,0,0,0,2,0,4,9,5,9,9
2019.0,-279.0,2.0,0.0,2,2,3,0,0,0,1,1,1,1,0,0,5,1,1,11,4,2,0,0,0,0,1,0,0,2,5,3,9
2019.0,183.0,1.0,0.0,2,6,3,0,0,0,1,5,1,1,0,1,5,1,1,12,4,2,0,0,0,2,2,0,10,8,5,8,2
2019.0,0.0,0.0,0.0,3,4,3,0,0,0,1,2,1,1,0,1,5,1,1,13,4,2,0,0,0,0,1,0,5,9,5,3,9
2019.0,0.0,0.0,0.0,3,12,3,0,3,0,2,9,1,1,0,1,9,1,1,14,4,2,0,0,0,0,2,0,6,4,5,5,9
2019.0,105.0,1.0,0.0,3,6,3,0,0,0,0,2,1,1,0,0,2,1,1,14,4,2,0,0,0,2,2,0,6,8,5,8,3
2019.0,170.0,0.0,0.0,3,10,3,0,0,0,0,5,1,1,0,1,5,1,1,14,4,2,0,0,0,1,1,0,10,9,5,3,2
2019.0,-112.0,0.0,0.0,3,6,3,0,0,0,1,2,1,1,0,1,2,1,1,15,4,2,0,0,0,2,1,0,6,5,5,8,1
2019.0,0.0,2.0,0.0,3,4,3,0,0,0,0,5,1,1,0,0,2,1,1,15,4,2,0,0,0,1,2,0,4,2,5,3,9
2019.0,-243.0,0.0,0.0,3,4,3,0,0,0,1,9,1,1,0,1,2,1,1,16,4,2,0,1,0,1,1,0,0,2,5,3,9
2019.0,0.0,0.0,0.0,3,4,4,0,0,0,1,9,1,1,0,0,1,1,1,18,4,2,0,1,0,2,1,0,4,2,5,3,9
2019.0,0.0,0.0,0.0,3,2,0,0,0,0,0,1,1,1,0,1,7,1,1,18,4,2,0,1,0,1,2,0,5,2,5,9,3
2019.0,140.0,2.0,0.0,2,6,0,0,0,0,1,1,1,1,0,1,1,1,1,19,4,2,0,1,0,0,0,0,6,8,5,8,3
2019.0,400.0,0.0,0.0,3,6,3,1,0,0,1,1,1,1,0,0,1,1,1,14,5,2,1,0,0,1,0,0,6,7,5,8,3
2019.0,25.0,0.0,0.0,3,6,0,0,0,0,0,2,1,1,0,0,2,1,1,18,5,2,1,1,0,2,2,0,10,5,5,5,5
2019.0,0.0,1.0,0.0,1,4,0,1,0,0,1,1,1,1,0,1,9,1,1,18,5,2,1,1,0,1,1,0,4,2,5,3,9
2019.0,30.0,0.0,0.0,3,6,0,1,0,0,1,9,1,1,0,0,9,1,1,21,5,2,1,0,0,1,1,0,6,8,5,3,3
2019.0,-30.0,0.0,0.0,3,6,3,0,0,0,0,1,1,1,0,1,1,1,1,11,6,2,1,0,0,2,1,0,10,7,5,8,3
2019.0,0.0,0.0,0.0,3,4,3,0,0,0,0,1,1,1,0,0,9,1,1,13,6,2,1,0,0,1,2,0,4,2,5,9,9
2019.0,0.0,1.0,0.0,1,2,3,0,0,2,1,2,1,1,0,1,9,1,1,15,6,2,1,0,0,2,1,0,4,5,5,3,3
2019.0,200.0,0.0,0.0,3,4,3,0,0,0,1,5,1,1,0,1,9,1,1,15,6,2,1,0,0,2,1,0,6,5,5,8,9
2019.0,-50.0,0.0,0.0,3,12,3,0,0,0,2,8,1,1,1,1,8,1,1,15,6,2,1,0,0,0,1,0,6,5,5,6,5
2019.0,-50.0,0.0,0.0,3,6,0,4,0,0,2,1,1,1,0,1,1,1,1,18,6,2,1,1,0,0,1,0,6,8,5,8,3
2019.0,-25.0,0.0,0.0,3,6,0,0,0,0,1,1,1,1,0,0,1,1,1,19,6,2,1,1,0,1,1,0,10,7,5,8,3
2019.0,0.0,1.0,0.0,2,2,0,0,0,0,2,9,1,1,0,1,3,1,1,19,6,2,1,1,0,0,2,0,5,5,5,9,3
2019.0,-23.0,0.0,0.0,3,3,0,0,0,0,1,7,1,1,0,0,1,1,1,20,6,2,1,0,0,1,1,0,10,4,5,8,9
2019.0,0.0,1.0,0.0,2,2,0,0,0,0,0,1,1,1,0,1,5,1,1,20,6,2,1,0,0,1,1,0,4,2,5,3,3
2019.0,0.0,0.0,0.0,3,4,0,0,0,0,2,1,1,1,0,0,2,1,1,5,0,2,0,0,0,0,2,0,4,2,5,3,9
2019.0,166.0,0.0,0.0,3,10,3,0,0,0,0,9,1,1,0,0,9,1,1,7,0,2,0,1,0,2,0,0,6,9,5,3,2
2019.0,-30.0,0.0,0.0,3,2,5,4,3,0,2,5,1,1,0,0,5,1,1,8,0,2,0,1,0,0,1,0,4,9,5,3,9
2019.0,0.0,0.0,0.0,3,4,3,0,0,0,0,5,1,1,0,0,2,1,1,10,0,2,0,0,0,1,1,0,4,9,5,3,9
2019.0,-195.0,0.0,0.0,3,2,3,0,0,0,1,1,1,1,0,0,2,1,1,11,0,2,0,0,0,1,1,0,6,2,5,3,3
2019.0,460.0,0.0,0.0,3,6,3,0,0,0,1,9,1,1,0,1,9,1,1,12,0,2,0,0,0,2,1,0,6,8,5,8,3
2019.0,85.0,0.0,0.0,3,6,3,0,0,0,1,5,1,1,0,1,5,1,1,14,0,2,0,0,0,1,1,0,10,7,5,8,3
2019.0,15.0,1.0,0.0,3,5,3,0,0,2,1,1,1,1,0,0,5,1,1,15,0,2,0,0,0,2,0,0,4,2,5,9,3
2019.0,-210.0,0.0,0.0,3,2,3,0,0,0,1,2,1,1,0,1,2,1,1,15,0,2,0,0,0,2,2,0,10,9,5,3,9
2019.0,-65.0,1.0,0.0,2,10,3,0,0,0,0,1,1,1,1,1,1,1,1,16,0,2,0,1,0,1,1,0,10,9,5,6,3
2019.0,0.0,1.0,0.0,3,4,0,0,0,0,0,7,1,1,0,1,1,1,1,18,0,2,0,1,0,1,0,0,4,2,5,3,9
2019.0,0.0,0.0,0.0,3,10,0,0,0,0,1,9,1,1,0,0,1,1,1,19,0,2,0,1,0,2,2,0,4,2,5,3,9
2019.0,50.0,1.0,0.0,3,4,0,0,0,0,2,5,1,1,0,1,1,1,1,20,0,2,0,0,0,0,1,0,6,2,5,3,9
2019.0,0.0,0.0,0.0,3,4,0,0,0,0,1,2,1,1,0,1,9,1,1,21,0,2,0,0,0,1,1,0,4,5,5,3,9
2019.0,-102.0,0.0,0.0,3,11,3,0,0,0,0,3,1,1,0,0,1,1,1,7,1,2,0,1,0,1,1,0,6,5,5,3,9
2019.0,-500.0,0.0,0.0,3,6,3,0,0,0,0,2,1,1,0,0,2,1,1,7,1,2,0,1,0,1,1,0,6,7,5,8,3
2019.0,-110.0,1.0,0.0,2,6,3,0,0,0,1,1,1,1,0,1,1,1,1,7,1,2,0,1,0,1,1,0,10,8,5,8,3
2019.0,-530.0,1.0,0.0,3,2,3,0,0,0,1,9,1,1,0,0,9,1,1,9,1,2,0,1,0,0,1,0,0,9,5,9,2
2019.0,-222.0,0.0,0.0,3,10,3,0,0,0,0,1,1,1,0,1,1,1,1,10,1,2,0,0,0,2,1,0,0,5,5,8,9
2019.0,0.0,0.0,0.0,3,4,5,4,0,0,0,1,1,1,0,1,9,1,1,10,1,2,0,0,0,0,1,0,4,2,5,9,3
2019.0,354.0,0.0,0.0,3,2,3,0,0,0,1,9,1,1,0,1,9,1,1,10,1,2,0,0,0,1,1,0,6,5,5,3,8
2019.0,-198.0,0.0,0.0,3,10,5,4,0,0,1,5,1,1,0,1,5,1,1,10,1,2,0,0,0,1,2,0,10,9,5,3,2
2019.0,-110.0,2.0,0.0,3,6,3,0,0,0,0,1,1,1,0,0,1,1,1,11,1,2,0,0,0,1,1,0,10,8,5,8,3
2019.0,120.0,0.0,0.0,3,10,3,0,0,0,1,2,1,1,0,1,2,1,1,12,1,2,0,0,0,1,1,0,6,9,5,3,2
2019.0,0.0,0.0,0.0,3,4,3,0,0,0,1,9,1,1,0,1,1,1,1,13,1,2,0,0,0,1,1,0,4,2,5,3,9
2019.0,90.0,0.0,0.0,3,6,3,0,0,0,1,5,1,1,0,1,5,1,1,15,1,2,0,0,0,1,1,0,6,7,5,8,3
2019.0,-100.0,0.0,0.0,3,10,3,0,0,0,0,1,1,1,0,0,1,1,1,16,1,2,0,1,0,0,2,0,10,9,5,3,3
2019.0,-192.0,0.0,0.0,3,6,5,4,0,0,0,1,1,1,0,1,1,1,1,17,1,2,0,1,0,0,1,0,10,8,5,8,8
2019.0,80.0,0.0,0.0,3,6,3,0,0,0,1,1,1,1,0,0,1,1,1,17,1,2,0,1,0,1,1,0,10,8,5,8,3
2019.0,540.0,0.0,0.0,3,6,3,0,0,0,1,1,1,1,0,1,1,1,1,17,1,2,0,1,0,1,1,0,6,7,5,8,3
2019.0,447.0,1.0,0.0,2,4,3,0,0,0,1,2,1,1,2,0,5,1,1,17,1,2,0,1,0,1,1,0,0,2,5,3,9
2019.0,580.0,0.0,0.0,3,2,5,4,0,0,1,1,1,1,0,0,1,1,1,18,1,2,0,1,0,2,2,0,0,2,5,9,6
2019.0,40.0,0.0,0.0,3,6,5,0,0,0,1,5,1,1,0,1,5,1,1,19,1,2,0,1,0,1,1,0,6,7,5,3,3
2019.0,0.0,0.0,0.0,3,2,0,0,0,0,1,1,1,1,0,0,5,1,1,20,1,2,0,0,0,1,1,0,5,2,5,3,9
2019.0,-75.0,0.0,0.0,3,6,0,0,0,0,1,2,1,1,0,1,2,1,1,22,1,2,0,0,0,1,2,0,10,7,5,8,3
2019.0,0.0,0.0,0.0,3,2,0,0,0,0,1,1,1,1,0,0,2,1,1,6,2,2,0,0,0,1,1,0,10,2,5,3,8
2019.0,260.0,0.0,0.0,3,10,2,1,0,0,0,9,1,1,0,0,9,1,1,7,2,2,0,1,0,0,1,0,6,9,5,3,2
2019.0,400.0,1.0,0.0,3,4,3,1,0,0,0,6,1,1,0,0,9,1,1,7,2,2,0,1,0,1,0,0,0,2,5,3,9
2019.0,-200.0,0.0,0.0,3,10,3,0,0,0,1,1,1,1,0,1,1,1,1,8,2,2,0,1,0,1,1,0,6,5,5,5,5
2019.0,-25.0,0.0,0.0,3,12,5,1,0,0,2,8,1,1,1,1,8,1,1,8,2,2,0,1,0,0,1,0,6,5,5,6,5
2019.0,0.0,2.0,0.0,2,4,3,0,0,0,0,2,1,1,0,0,9,1,1,8,2,2,0,1,0,1,1,0,5,2,5,9,3
2019.0,0.0,0.0,0.0,3,2,5,4,0,0,0,2,1,1,0,1,1,1,1,11,2,2,0,0,0,1,1,0,5,2,5,3,9
2019.0,-290.0,0.0,0.0,3,6,3,0,0,0,1,5,1,1,0,1,5,1,1,12,2,2,0,0,0,2,1,0,6,8,5,8,3
2019.0,50.0,0.0,0.0,3,4,3,4,3,0,2,1,1,1,0,0,9,1,1,13,2,2,0,0,0,0,1,0,6,9,5,8,9
2019.0,0.0,2.0,0.0,2,4,3,1,0,0,1,5,1,1,0,0,1,1,1,14,2,2,0,0,0,2,1,0,4,2,5,9,3
2019.0,0.0,0.0,0.0,3,2,3,1,0,0,1,9,1,1,0,0,5,1,1,14,2,2,0,0,0,1,1,0,4,2,5,3,3
2019.0,0.0,0.0,0.0,3,10,3,1,0,0,0,2,1,1,0,0,2,1,1,15,2,2,0,0,0,0,1,0,4,9,5,9,3
2019.0,-665.0,0.0,0.0,3,6,5,4,0,0,0,2,1,1,0,0,2,1,1,16,2,2,0,1,0,2,2,0,10,8,5,8,3
2019.0,500.0,1.0,0.0,3,6,3,1,0,0,2,5,1,1,0,1,5,1,1,17,2,2,0,1,0,0,1,0,10,8,5,8,3
2019.0,457.0,1.0,0.0,2,4,3,1,0,0,1,1,1,1,0,1,5,1,1,17,2,2,0,1,0,1,1,0,0,2,5,3,9
2019.0,150.0,0.0,0.0,3,2,0,1,0,0,1,5,1,1,0,0,5,1,1,18,2,2,0,1,0,2,0,0,6,5,5,2,3
2019.0,0.0,0.0,0.0,3,4,0,1,0,0,0,2,1,1,0,1,5,1,1,18,2,2,0,1,0,2,2,0,5,2,5,3,9
2019.0,-30.0,0.0,0.0,3,6,0,0,0,0,0,5,1,1,0,1,5,1,1,19,2,2,0,1,0,2,1,0,6,7,5,3,3
2019.0,0.0,1.0,0.0,2,4,0,1,0,0,1,7,1,1,0,1,1,1,1,21,2,2,0,0,0,2,1,0,4,4,5,3,9
2019.0,-27.0,1.0,0.0,2,5,2,1,0,0,1,1,1,1,3,1,5,1,1,6,3,2,0,0,0,1,1,0,10,5,2,7,3
2019.0,70.0,0.0,0.0,3,6,3,1,0,0,0,9,1,1,0,1,9,1,1,7,3,2,0,1,0,1,1,0,10,8,5,8,3
2019.0,0.0,2.0,0.0,2,6,3,1,0,0,1,2,1,1,0,1,2,1,1,8,3,2,0,1,0,1,1,0,4,8,5,8,3
2019.0,0.0,1.0,0.0,3,6,5,4,0,0,1,9,1,1,0,1,9,1,1,9,3,2,0,1,0,2,1,0,10,8,5,8,9
2019.0,-80.0,0.0,0.0,3,6,3,3,4,0,1,2,1,1,0,1,2,1,1,11,3,2,0,0,1,1,1,0,10,8,5,8,3
2019.0,0.0,0.0,0.0,3,4,3,3,4,0,0,9,1,1,0,0,1,1,1,11,3,2,0,0,1,2,2,0,4,9,5,3,9
2019.0,112.0,0.0,0.0,3,6,5,4,4,0,1,5,1,1,0,1,5,1,1,11,3,2,0,0,1,1,0,0,10,8,5,8,3
2019.0,-310.0,2.0,0.0,3,4,3,3,4,0,1,5,1,1,0,0,9,1,1,11,3,2,0,0,1,1,2,0,6,2,5,3,9
2019.0,0.0,2.0,0.0,2,2,3,3,4,0,0,5,1,1,0,1,1,1,1,12,3,2,0,0,1,0,1,0,4,2,5,3,3
2019.0,-174.0,1.0,0.0,3,6,3,1,4,0,1,1,1,1,0,1,1,1,1,12,3,2,0,0,1,1,0,0,10,8,5,8,3
2019.0,-346.0,0.0,0.0,3,4,3,3,0,0,1,2,1,1,0,0,1,1,1,15,3,2,0,0,0,2,1,0,6,2,5,3,9
2019.0,-576.0,0.0,0.0,3,6,3,3,4,0,0,1,1,1,0,1,1,1,1,15,3,2,0,0,1,1,0,0,6,8,5,8,3
2019.0,50.0,0.0,0.0,3,10,3,3,4,0,0,1,1,1,0,1,1,1,1,16,3,2,0,1,1,1,1,0,10,9,5,3,2
2019.0,545.0,0.0,0.0,3,2,3,3,4,0,1,1,1,1,0,1,5,1,1,16,3,2,0,1,1,2,2,0,6,2,5,3,9
2019.0,0.0,0.0,0.0,3,4,3,3,4,0,1,5,1,1,0,0,1,1,1,16,3,2,0,1,1,1,1,0,4,2,5,3,9
2019.0,69.0,0.0,0.0,3,5,3,3,4,0,1,2,1,1,0,1,5,1,1,17,3,2,0,1,1,1,1,0,10,5,5,8,1
2019.0,-220.0,0.0,0.0,3,6,0,3,4,0,0,5,1,1,0,1,5,1,1,17,3,2,0,1,1,1,1,0,10,8,5,8,3
2019.0,56.0,0.0,0.0,3,6,3,0,4,0,0,5,1,1,0,1,5,1,1,18,3,2,0,1,1,1,2,0,10,7,5,8,3
2019.0,200.0,1.0,0.0,3,10,4,3,4,0,1,2,1,1,0,1,2,1,1,18,3,2,0,1,1,1,1,0,6,9,5,3,9
2019.0,100.0,0.0,0.0,3,6,0,3,4,0,1,9,1,1,0,0,9,1,1,18,3,2,0,1,1,2,2,0,2,7,5,3,3
2019.0,320.0,0.0,0.0,3,6,0,0,4,0,1,2,1,1,0,1,2,1,1,19,3,2,0,1,1,1,1,0,6,7,5,8,3
2019.0,100.0,0.0,0.0,3,6,0,3,4,0,0,5,1,1,0,1,5,1,1,19,3,2,0,1,1,1,1,0,10,8,5,8,3
2019.0,70.0,0.0,0.0,3,10,0,3,4,0,1,5,1,1,0,1,5,1,1,19,3,2,0,1,1,0,1,0,10,4,5,3,9
2019.0,583.0,2.0,0.0,2,3,0,1,4,0,0,9,0,1,0,1,1,1,1,1,4,2,0,0,1,2,2,0,6,9,5,8,3
2019.0,0.0,0.0,0.0,3,4,0,0,0,0,1,8,1,1,0,1,8,1,1,1,4,2,0,0,0,1,1,0,4,2,5,9,9
2019.0,0.0,0.0,0.0,3,4,0,1,4,0,0,9,1,1,0,1,5,1,1,3,4,2,0,0,1,1,1,0,5,5,5,9,3
2019.0,-75.0,0.0,0.0,3,6,2,1,4,0,1,9,1,1,0,1,9,1,1,6,4,2,0,0,1,1,1,0,6,7,5,8,3
2019.0,-50.0,0.0,0.0,3,6,2,5,0,0,0,2,1,1,0,1,2,1,1,7,4,2,0,1,0,1,1,0,10,8,5,8,3
2019.0,150.0,0.0,0.0,3,2,3,4,0,0,1,9,1,1,0,0,9,1,1,7,4,2,0,1,0,2,1,0,10,9,5,8,2
2019.0,-68.0,0.0,0.0,3,4,3,1,0,0,0,7,1,1,0,0,9,1,1,7,4,2,0,1,0,2,1,0,6,2,5,3,9
2019.0,350.0,0.0,0.0,3,6,3,1,0,0,0,2,1,1,0,1,2,1,1,10,4,2,0,0,0,1,1,0,6,8,5,8,3
2019.0,0.0,2.0,0.0,3,4,5,4,0,0,1,1,1,1,0,1,9,1,1,12,4,2,0,0,0,2,1,0,4,2,5,3,9
2019.0,0.0,0.0,0.0,3,10,5,4,0,0,1,2,1,1,0,0,2,1,1,14,4,2,0,0,0,0,2,0,4,4,5,9,9
2019.0,241.0,1.0,0.0,2,6,3,1,0,0,1,5,1,1,0,0,5,1,1,14,4,2,0,0,0,1,1,0,6,8,5,8,3
2019.0,0.0,1.0,0.0,3,4,3,1,0,0,1,5,1,1,0,0,2,1,1,15,4,2,0,0,0,2,2,0,4,2,5,3,9
2019.0,-300.0,0.0,0.0,3,6,3,1,0,0,0,5,1,1,0,1,5,1,1,15,4,2,0,0,0,2,1,0,6,8,5,8,3
2019.0,15.0,0.0,0.0,3,4,3,0,0,0,0,2,1,1,0,0,5,1,1,15,4,2,0,0,0,2,1,0,10,2,5,3,9
2019.0,-220.0,1.0,0.0,3,2,4,1,0,0,0,1,1,1,0,1,5,1,1,17,4,2,0,1,0,2,1,0,0,2,5,3,9
2019.0,-190.0,0.0,0.0,3,2,0,1,0,0,1,1,1,1,0,1,5,1,1,18,4,2,0,1,0,1,1,0,0,2,5,3,9
2019.0,0.0,1.0,0.0,3,4,0,0,0,0,0,1,1,1,0,1,9,1,1,20,4,2,0,0,0,1,1,0,5,5,5,3,9
2019.0,121.0,1.0,0.0,2,2,3,1,0,3,1,5,1,1,0,0,9,1,1,9,5,2,1,1,0,1,1,0,6,6,5,3,7
2019.0,-66.0,1.0,0.0,2,2,3,1,0,3,1,9,1,1,0,0,2,1,1,10,5,2,1,0,0,1,0,0,10,5,5,3,5
2019.0,0.0,0.0,0.0,3,2,3,0,0,0,0,5,1,1,0,0,1,1,1,10,5,2,1,0,0,1,1,0,4,2,5,9,3
2019.0,-30.0,0.0,0.0,3,4,3,0,0,0,1,2,1,1,0,0,1,1,1,12,5,2,1,0,0,1,2,0,0,2,5,3,9
2019.0,0.0,1.0,0.0,2,2,3,0,0,0,0,1,1,1,0,1,2,1,1,12,5,2,1,0,0,2,1,0,0,2,5,3,3
2019.0,-15.0,0.0,0.0,3,5,3,0,0,0,2,2,1,1,1,1,9,1,1,13,5,2,1,0,0,0,1,0,10,5,5,6,1