Year,Distance,Totalinjuries,Totalfatalities,Injuryseverity,Collisionmanner,Lightcondition,Weather,SurfaceCondition,Unittype_One,Gender_Drv1,Traveldirection_One,AlcoholUse_Drv1,DrugUse_Drv1,Unittype_Two,Gender_Drv2,Traveldirection_Two,AlcoholUse_Drv2,DrugUse_Drv2,Hour,Weekday,Month,Weekend,Rush_Hour,Hazardous_Road,Age_Group_Drv1,Age_Group_Drv2,Substance_Use,Junction_Category,Violation_Category_Drv1,Violation_Category_Drv2,Unitaction_Category_Two,Unitaction_Category_One
2019.0,0.0,1.0,0.0,2,4,3,0,0,0,1,7,1,1,0,1,1,1,1,15,5,2,1,0,0,1,0,0,4,2,5,3,9
2019.0,0.0,2.0,0.0,2,4,3,0,0,0,1,1,1,1,0,1,9,1,1,15,5,2,1,0,0,2,2,0,4,2,5,3,9
2019.0,-95.0,0.0,0.0,3,10,0,0,0,0,2,2,1,1,0,1,2,1,1,20,5,2,1,0,0,0,1,0,10,9,5,3,3
2019.0,0.0,0.0,0.0,3,4,0,0,0,0,1,5,1,1,0,1,1,1,1,23,5,2,1,0,0,2,2,0,4,2,5,3,9
2019.0,0.0,1.0,0.0,3,2,3,0,0,0,1,2,1,1,0,0,1,1,1,9,6,2,1,1,0,1,1,0,4,2,5,3,3
2019.0,0.0,1.0,0.0,3,2,0,0,0,0,1,2,1,1,0,1,1,1,1,18,6,2,1,1,0,2,2,0,4,5,5,3,3
2019.0,0.0,2.0,0.0,3,2,0,1,0,0,1,5,1,1,0,1,9,1,1,0,0,2,0,0,0,2,1,0,5,5,5,3,3
2019.0,-35.0,0.0,0.0,3,10,1,3,4,0,1,9,1,1,1,1,9,1,1,3,0,2,0,0,1,1,1,0,6,9,5,6,3
2019.0,-145.0,0.0,0.0,3,10,0,3,4,0,1,1,1,1,0,1,1,1,1,6,0,2,0,0,1,2,1,0,6,9,5,3,9
2019.0,-143.0,0.0,0.0,3,10,3,1,0,0,1,2,1,1,0,0,2,1,1,8,0,2,0,1,0,0,1,0,6,9,5,3,2
2019.0,40.0,1.0,0.0,2,6,3,3,4,0,1,5,1,1,0,0,5,1,1,9,0,2,0,1,1,2,0,0,10,7,5,8,3
2019.0,478.0,0.0,0.0,3,6,3,1,4,0,0,5,1,1,0,1,9,1,1,9,0,2,0,1,1,1,1,0,6,2,5,3,9
2019.0,-50.0,0.0,0.0,3,10,3,1,4,0,1,6,1,1,0,1,6,1,1,11,0,2,0,0,1,0,1,0,5,4,5,9,9
2019.0,-65.0,0.0,0.0,3,12,5,4,3,0,2,8,1,1,1,1,9,1,1,12,0,2,0,0,0,0,1,0,6,5,5,6,5
2019.0,-60.0,0.0,0.0,3,6,3,1,4,0,0,1,1,1,0,1,1,1,1,14,0,2,0,0,1,1,2,0,10,9,5,3,2
2019.0,-50.0,0.0,0.0,3,10,3,1,0,0,1,1,1,1,0,0,1,1,1,14,0,2,0,0,0,2,2,0,6,5,5,3,2
2019.0,0.0,0.0,0.0,3,10,3,1,0,0,1,4,1,1,0,0,4,1,1,15,0,2,0,0,0,1,1,0,4,4,5,9,9
2019.0,0.0,3.0,0.0,2,4,3,1,0,0,0,9,1,1,0,1,5,1,1,15,0,2,0,0,0,2,1,0,5,2,5,3,9
2019.0,87.0,0.0,0.0,3,6,3,0,0,0,1,1,1,1,0,1,1,1,1,15,0,2,0,0,0,2,1,0,10,7,5,3,8
2019.0,0.0,0.0,0.0,3,10,3,0,0,0,1,7,1,1,0,1,7,1,1,15,0,2,0,0,0,0,1,0,5,5,5,9,9
2019.0,0.0,0.0,0.0,3,4,3,0,0,0,1,1,1,1,0,1,9,1,1,17,0,2,0,1,0,2,2,0,4,2,5,3,9
2019.0,0.0,0.0,0.0,3,4,0,1,0,0,1,5,1,1,0,1,1,1,1,18,0,2,0,1,0,2,2,0,4,2,5,3,9
2019.0,-15.0,1.0,0.0,3,6,3,0,0,0,1,2,1,1,0,0,2,1,1,18,0,2,0,1,0,1,1,0,10,7,5,8,3
2019.0,25.0,0.0,0.0,3,10,0,0,0,0,1,5,1,1,0,0,5,1,1,19,0,2,0,1,0,1,1,0,10,5,5,9,9
2019.0,300.0,0.0,0.0,3,2,0,0,0,0,1,5,1,1,0,1,9,1,1,21,0,2,0,0,0,1,1,0,0,2,5,3,3
2019.0,-10.0,0.0,0.0,3,6,0,0,0,0,0,2,1,1,0,0,2,1,1,22,0,2,0,0,0,2,2,0,10,7,5,8,3
2019.0,0.0,2.0,0.0,2,4,2,0,0,0,0,9,1,1,0,0,1,1,1,6,1,2,0,0,0,1,1,0,4,2,5,3,9
2019.0,130.0,1.0,0.0,2,2,3,0,0,0,1,2,1,1,3,1,2,1,1,8,1,2,0,1,0,1,1,0,6,2,5,5,9
2019.0,0.0,1.0,0.0,2,10,3,0,0,2,1,9,1,1,0,0,9,1,1,10,1,2,0,0,0,1,1,0,5,5,5,9,2
2019.0,35.0,0.0,0.0,3,6,3,0,0,0,0,9,1,1,1,1,9,1,1,11,1,2,0,0,0,2,1,0,6,7,5,6,3
2019.0,152.0,1.0,0.0,2,5,3,0,0,3,0,1,1,1,0,0,5,1,1,11,1,2,0,0,0,2,1,0,0,5,5,9,7
2019.0,-15.0,1.0,0.0,2,11,3,0,0,0,1,2,1,1,0,1,5,1,1,12,1,2,0,0,0,1,1,0,6,2,5,3,9
2019.0,-85.0,0.0,0.0,3,6,3,0,0,0,0,1,1,1,0,1,1,1,1,12,1,2,0,0,0,1,1,0,10,8,5,8,3
2019.0,330.0,0.0,0.0,3,4,3,0,0,0,1,5,1,1,0,0,2,1,1,14,1,2,0,0,0,0,1,0,6,2,5,3,9
2019.0,0.0,2.0,0.0,2,2,3,0,0,0,1,2,1,1,0,1,9,1,1,14,1,2,0,0,0,2,0,0,4,2,5,3,3
2019.0,585.0,0.0,0.0,3,2,3,1,0,0,1,2,1,1,0,1,1,1,1,14,1,2,0,0,0,1,1,0,0,2,5,3,9
2019.0,83.0,1.0,0.0,3,6,3,0,0,0,1,5,1,1,0,1,5,1,1,14,1,2,0,0,0,1,1,0,10,7,5,8,3
2019.0,-75.0,0.0,0.0,3,6,3,0,0,0,1,1,1,1,0,1,1,1,1,15,1,2,0,0,0,2,1,0,10,8,5,8,3
2019.0,-85.0,0.0,0.0,3,4,3,0,0,0,1,5,1,1,0,0,2,1,1,16,1,2,0,1,0,2,2,0,10,2,5,3,9
2019.0,75.0,0.0,0.0,3,6,3,0,0,0,1,9,1,1,0,0,9,1,1,16,1,2,0,1,0,2,2,0,10,7,5,8,3
2019.0,20.0,0.0,0.0,3,2,3,0,0,0,0,1,1,1,0,1,2,1,1,16,1,2,0,1,0,2,1,0,10,2,5,3,9
2019.0,0.0,0.0,0.0,3,4,3,0,0,0,0,2,1,1,0,1,5,1,1,16,1,2,0,1,0,1,0,0,4,2,5,9,3
2019.0,775.0,0.0,0.0,3,11,3,0,0,0,0,9,1,1,0,0,1,1,1,17,1,2,0,1,0,1,1,0,6,2,5,3,9
2019.0,0.0,0.0,0.0,3,6,0,0,0,0,1,9,1,1,0,0,9,1,1,20,1,2,0,0,0,1,1,0,4,8,5,9,9
2019.0,-100.0,0.0,0.0,3,10,0,4,0,0,1,2,1,1,0,0,2,1,1,22,1,2,0,0,0,1,1,0,0,4,5,3,9
2019.0,-120.0,1.0,0.0,3,6,3,0,0,0,0,2,1,1,0,1,2,1,1,7,2,2,0,1,0,2,1,0,6,8,5,8,3
2019.0,153.0,0.0,0.0,3,6,3,0,0,0,0,2,1,1,0,0,2,1,1,9,2,2,0,1,0,1,1,0,6,8,5,8,3
2019.0,178.0,0.0,0.0,3,6,3,0,0,0,1,9,1,1,0,1,9,1,1,9,2,2,0,1,0,1,1,0,10,7,5,8,3
2019.0,-90.0,1.0,0.0,2,6,3,0,0,0,1,1,1,1,0,0,1,1,1,11,2,2,0,0,0,0,1,0,10,8,5,8,3
2019.0,0.0,0.0,0.0,3,4,3,0,0,0,1,1,1,1,0,1,2,1,1,12,2,2,0,0,0,1,1,0,4,2,5,3,9
2019.0,-433.0,0.0,0.0,3,6,3,0,0,0,1,2,1,1,0,0,2,1,1,13,2,2,0,0,0,2,2,0,10,8,5,8,3
2019.0,0.0,0.0,0.0,3,5,3,0,0,0,1,5,1,1,1,1,1,1,1,14,2,2,0,0,0,2,1,0,0,5,5,8,1
2019.0,369.0,0.0,0.0,3,10,5,4,0,0,1,2,1,1,0,0,2,1,1,15,2,2,0,0,0,2,2,0,6,2,5,3,6
2019.0,0.0,2.0,0.0,2,4,3,0,0,0,1,2,1,1,0,1,5,1,1,15,2,2,0,0,0,2,1,0,4,9,5,3,9
2019.0,0.0,2.0,0.0,3,4,3,0,0,0,1,1,1,1,0,0,9,1,1,15,2,2,0,0,0,2,1,0,5,2,5,3,9
2019.0,268.0,0.0,0.0,3,6,3,0,0,0,0,2,1,1,0,0,2,1,1,15,2,2,0,0,0,2,1,0,6,8,5,8,3
2019.0,-245.0,0.0,0.0,3,4,3,0,0,0,1,2,1,1,0,0,5,1,1,16,2,2,0,1,0,1,1,0,0,5,5,8,9
2019.0,0.0,2.0,0.0,2,4,3,4,0,0,1,1,1,1,0,0,9,1,1,16,2,2,0,1,0,1,1,0,5,2,5,3,9
2019.0,97.0,0.0,0.0,3,10,3,0,0,0,0,9,1,1,0,0,9,1,1,17,2,2,0,1,0,0,2,0,10,9,5,3,3
2019.0,120.0,0.0,0.0,3,6,4,0,0,0,1,2,1,1,0,0,5,1,1,17,2,2,0,1,0,1,1,0,6,2,5,3,9
2019.0,130.0,0.0,0.0,3,6,4,1,0,0,1,5,1,1,0,0,5,1,1,18,2,2,0,1,0,2,1,0,6,7,5,8,3
2019.0,588.0,0.0,0.0,3,6,0,0,0,0,1,2,1,1,0,1,2,1,1,18,2,2,0,1,0,2,2,0,6,8,5,8,3
2019.0,221.0,0.0,0.0,3,6,3,3,4,0,1,9,1,1,0,0,9,1,1,7,3,2,0,1,1,2,1,0,6,7,5,9,3
2019.0,0.0,0.0,0.0,3,4,3,3,0,0,1,9,1,1,0,1,1,1,1,7,3,2,0,1,0,0,1,0,4,2,5,3,9
2019.0,130.0,1.0,0.0,3,2,3,3,4,0,0,1,1,1,3,0,2,1,1,7,3,2,0,1,1,1,1,0,0,2,5,7,9
2019.0,0.0,1.0,2.0,0,4,3,3,4,0,1,9,1,1,0,1,1,1,1,7,3,2,0,1,1,2,0,0,4,7,5,9,3
2019.0,-142.0,0.0,0.0,3,10,3,3,4,0,1,9,1,1,0,1,9,1,1,8,3,2,0,1,1,1,1,0,6,7,5,8,3
2019.0,-77.0,2.0,0.0,3,6,3,3,3,0,1,5,1,1,0,1,2,1,1,8,3,2,0,1,0,1,2,0,10,5,5,8,1
2019.0,-85.0,0.0,0.0,3,6,3,3,4,0,0,2,1,1,0,1,2,1,1,8,3,2,0,1,1,2,1,0,10,8,5,8,3
2019.0,0.0,3.0,0.0,2,4,3,3,0,0,1,1,1,1,0,0,9,1,1,8,3,2,0,1,0,0,1,0,4,2,5,3,9
2019.0,367.0,2.0,0.0,2,6,3,3,4,0,1,2,1,1,0,1,2,1,1,8,3,2,0,1,1,1,1,0,0,8,5,8,3
2019.0,-62.0,0.0,0.0,3,6,3,3,4,0,0,9,1,1,0,0,9,1,1,9,3,2,0,1,1,2,1,0,6,7,5,8,3
2019.0,110.0,0.0,0.0,3,6,3,1,4,0,1,9,1,1,0,0,9,1,1,10,3,2,0,0,1,2,2,0,10,8,5,8,3
2019.0,-185.0,0.0,0.0,3,12,0,0,0,0,2,8,1,1,1,1,8,1,1,11,3,2,0,0,0,0,1,0,6,7,5,6,5
2019.0,712.0,1.0,0.0,2,4,3,1,4,0,1,5,1,1,0,0,9,1,1,11,3,2,0,0,1,0,1,0,0,2,5,3,9
2019.0,0.0,0.0,0.0,3,4,3,3,4,0,1,1,1,1,0,0,9,1,1,12,3,2,0,0,1,2,2,0,4,5,5,3,9
2019.0,819.0,0.0,0.0,3,10,3,1,4,0,1,9,1,1,0,1,9,1,1,12,3,2,0,0,1,1,1,0,6,9,5,3,2
2019.0,105.0,0.0,0.0,3,6,3,3,0,0,0,9,1,1,0,1,9,1,1,12,3,2,0,0,0,1,1,0,10,8,5,8,3
2019.0,0.0,2.0,0.0,2,4,3,3,0,0,0,1,1,1,0,0,9,1,1,13,3,2,0,0,0,1,2,0,4,2,5,3,9
2019.0,50.0,1.0,0.0,1,6,3,3,4,0,2,9,1,1,0,1,9,1,1,13,3,2,0,0,1,0,1,0,6,8,5,8,3
2019.0,-132.0,2.0,0.0,2,6,3,3,4,0,0,2,1,1,0,1,2,1,1,13,3,2,0,0,1,2,0,0,10,8,5,8,3
2019.0,-71.0,0.0,0.0,3,10,3,3,4,0,1,5,1,1,0,0,5,1,1,15,3,2,0,0,1,1,2,0,3,9,5,3,3
2019.0,0.0,2.0,0.0,2,4,3,3,4,0,1,2,1,1,0,1,5,1,1,15,3,2,0,0,1,2,2,0,5,2,5,3,9
2019.0,0.0,0.0,0.0,3,2,3,3,4,0,1,9,1,1,0,1,2,1,1,16,3,2,0,1,1,1,1,0,4,5,5,3,3
2019.0,-70.0,0.0,0.0,3,6,3,3,4,0,1,5,1,1,0,1,5,1,1,16,3,2,0,1,1,1,0,0,6,8,5,8,3
2019.0,166.0,1.0,0.0,2,4,3,3,4,0,1,1,1,1,0,1,9,1,1,16,3,2,0,1,1,1,0,0,0,2,5,3,9
2019.0,10.0,1.0,0.0,2,6,4,1,4,0,1,9,1,1,0,0,2,1,1,17,3,2,0,1,1,1,0,0,10,7,5,9,3
2019.0,1400.0,1.0,0.0,3,6,4,3,4,0,1,2,1,1,0,0,2,1,1,17,3,2,0,1,1,1,1,0,6,8,5,3,3
2019.0,70.0,0.0,0.0,3,6,0,3,4,0,0,5,1,1,0,0,5,1,1,19,3,2,0,1,1,2,1,0,10,7,5,8,3
2019.0,500.0,0.0,0.0,3,5,0,3,4,0,2,2,1,1,1,1,2,1,1,19,3,2,0,1,1,0,1,0,6,5,5,6,1
2019.0,-12.0,0.0,0.0,3,6,0,3,4,0,1,1,1,1,0,1,1,1,1,19,3,2,0,1,1,2,1,0,6,7,5,8,3
2019.0,250.0,0.0,0.0,3,6,0,0,0,0,1,9,0,1,0,1,9,1,1,0,4,2,0,0,0,2,2,0,6,5,5,8,5
2019.0,0.0,0.0,0.0,3,2,0,3,4,0,0,1,1,1,0,1,2,1,1,5,4,2,0,0,1,1,1,0,4,5,5,3,3
2019.0,0.0,0.0,0.0,3,6,3,3,4,0,2,1,1,1,0,0,1,1,1,8,4,2,0,1,1,0,1,0,5,5,5,8,5
2019.0,800.0,0.0,0.0,3,2,3,3,0,0,0,5,1,1,0,1,9,1,1,10,4,2,0,0,0,1,1,0,6,5,5,9,3
2019.0,-145.0,0.0,0.0,3,6,3,1,4,0,0,2,1,1,0,1,2,1,1,10,4,2,0,0,1,0,0,0,10,8,5,8,3
2019.0,-476.0,0.0,0.0,3,3,5,4,4,0,1,2,1,1,0,0,2,1,1,13,4,2,0,0,1,2,2,0,8,2,5,3,9
2019.0,200.0,0.0,0.0,3,2,3,0,4,0,0,9,1,1,0,0,9,1,1,14,4,2,0,0,1,0,1,0,6,5,5,2,3
2019.0,0.0,0.0,0.0,3,4,3,3,0,0,0,5,1,1,0,1,2,1,1,14,4,2,0,0,0,2,1,0,4,2,5,3,9
2019.0,-50.0,2.0,0.0,3,6,3,1,4,0,2,1,1,1,0,0,1,1,1,14,4,2,0,0,1,0,1,0,10,8,5,8,3
2019.0,0.0,1.0,0.0,3,2,3,1,4,0,1,2,1,1,0,0,2,1,1,14,4,2,0,0,1,1,1,0,10,7,5,3,3
2019.0,0.0,0.0,0.0,3,10,3,3,4,0,1,4,1,1,0,1,4,1,1,15,4,2,0,0,1,2,1,0,4,5,5,9,9
2019.0,0.0,2.0,0.0,2,6,5,4,4,0,1,5,1,1,0,0,5,1,1,16,4,2,0,1,1,1,1,0,5,7,5,8,8
2019.0,190.0,0.0,0.0,3,6,3,1,0,0,1,1,1,1,0,1,1,1,1,16,4,2,0,1,0,0,1,0,6,8,5,3,3
2019.0,135.0,0.0,0.0,3,6,3,3,4,0,1,5,1,1,0,1,5,1,1,16,4,2,0,1,1,1,1,0,10,8,5,8,3
2019.0,0.0,0.0,0.0,3,4,3,3,4,0,1,7,1,1,0,1,1,1,1,17,4,2,0,1,1,1,2,0,4,2,5,3,9
2019.0,400.0,0.0,0.0,3,10,3,3,0,0,1,5,1,1,0,0,5,1,1,17,4,2,0,1,0,2,2,0,6,5,5,5,5
2019.0,-400.0,0.0,0.0,3,6,0,3,4,0,0,1,1,1,0,0,1,1,1,18,4,2,0,1,1,2,1,0,6,8,5,8,3
2019.0,0.0,1.0,0.0,2,2,0,1,4,0,2,5,1,1,3,0,9,1,1,19,4,2,0,1,1,0,1,0,5,2,5,7,3
2019.0,-15.0,1.0,0.0,2,2,0,3,4,0,2,5,1,1,3,1,1,1,1,19,4,2,0,1,1,0,1,0,10,2,5,7,9
2019.0,-41.0,0.0,0.0,3,6,0,0,0,0,1,6,1,1,0,0,3,1,1,20,4,2,0,0,0,2,2,0,10,5,5,9,1
2019.0,-225.0,0.0,0.0,3,5,0,1,4,0,1,6,1,1,1,1,2,1,1,21,4,2,0,0,1,0,1,0,6,5,5,6,1
2019.0,0.0,0.0,0.0,3,2,3,0,0,0,1,1,0,1,0,1,1,1,1,7,5,2,1,1,0,2,1,0,4,9,5,9,9
2019.0,5.0,0.0,0.0,3,6,3,0,0,0,0,9,1,1,0,0,5,1,1,7,5,2,1,1,0,1,1,0,10,7,5,8,3
2019.0,-10.0,2.0,0.0,2,10,3,0,0,0,0,2,1,1,0,0,2,1,1,8,5,2,1,1,0,1,1,0,10,7,5,3,3
2019.0,-140.0,0.0,0.0,3,6,3,0,0,0,0,1,1,1,1,1,1,1,1,9,5,2,1,1,0,2,2,0,6,7,5,6,3
2019.0,0.0,1.0,0.0,2,4,3,0,0,0,1,5,1,1,0,1,2,1,1,16,5,2,1,1,0,1,2,0,4,2,5,3,9
2019.0,60.0,0.0,0.0,3,10,3,0,0,0,1,3,1,1,0,0,3,1,1,16,5,2,1,1,0,2,1,0,6,9,5,9,9
2019.0,250.0,0.0,0.0,3,6,3,0,0,0,2,5,1,1,0,0,5,1,1,17,5,2,1,1,0,0,2,0,6,5,5,5,5
2019.0,-73.0,0.0,0.0,3,12,0,4,3,0,2,8,1,1,1,1,5,1,1,18,5,2,1,1,0,0,1,0,5,5,5,6,5
2019.0,0.0,0.0,0.0,3,4,0,0,0,0,1,3,1,1,0,1,4,1,1,19,5,2,1,1,0,1,1,0,5,2,5,9,9
2019.0,-100.0,0.0,0.0,3,10,0,0,0,0,0,5,1,1,0,0,5,1,1,22,5,2,1,0,0,1,2,0,6,9,5,3,9
2019.0,75.0,0.0,0.0,3,6,0,0,0,0,0,5,1,1,0,1,5,1,1,22,5,2,1,0,0,1,1,0,10,7,5,8,3
2019.0,0.0,0.0,0.0,3,2,5,4,0,0,1,1,1,1,0,1,5,1,1,1,6,2,1,0,0,1,1,0,5,2,5,3,9
2019.0,0.0,1.0,0.0,3,2,0,1,0,0,1,9,1,1,0,1,5,1,1,2,6,2,1,0,0,0,1,0,4,5,5,3,3
2019.0,100.0,0.0,0.0,3,10,3,0,0,0,0,2,1,1,1,1,2,1,1,15,6,2,1,0,0,1,0,0,6,9,5,6,3
2019.0,50.0,0.0,0.0,3,6,0,0,0,0,1,5,1,1,0,1,5,1,1,19,6,2,1,1,0,1,0,0,3,7,5,8,3
2019.0,25.0,1.0,0.0,1,4,5,4,0,0,1,5,1,1,0,1,1,0,1,20,6,2,1,0,0,0,2,0,10,2,5,3,9
2019.0,0.0,1.0,0.0,3,2,0,0,0,0,1,3,1,1,0,1,6,1,1,21,6,2,1,0,0,0,0,0,6,2,5,9,9
2019.0,-425.0,1.0,0.0,2,4,3,0,0,0,1,5,1,1,0,0,2,1,1,7,0,2,0,1,0,2,1,0,0,2,5,3,9
2019.0,70.0,0.0,0.0,3,10,3,0,0,0,1,9,1,1,0,1,9,1,1,8,0,2,0,1,0,0,1,0,10,9,5,8,9
2019.0,0.0,0.0,0.0,3,10,3,0,0,0,1,5,1,1,0,1,5,1,1,9,0,2,0,1,0,2,1,0,5,5,5,5,5
2019.0,300.0,0.0,0.0,3,12,5,4,3,0,2,8,1,1,1,1,1,1,1,10,0,2,0,0,0,0,1,0,6,9,5,6,5
2019.0,0.0,1.0,0.0,2,2,3,0,0,0,1,9,1,1,0,0,5,1,1,13,0,2,0,0,0,1,1,0,4,2,5,3,3
2019.0,0.0,3.0,0.0,2,4,3,0,0,0,1,5,1,1,0,0,2,1,1,14,0,2,0,0,0,1,2,0,4,2,5,3,9
2019.0,95.0,0.0,0.0,3,6,3,0,0,0,1,9,1,1,0,1,9,1,1,15,0,2,0,0,0,2,1,0,10,8,5,3,3
2019.0,0.0,0.0,0.0,3,4,3,0,0,0,0,9,1,1,0,1,1,1,1,16,0,2,0,1,0,1,1,0,4,2,5,3,9
2019.0,0.0,0.0,0.0,3,6,3,0,0,0,2,2,1,1,0,0,2,1,1,16,0,2,0,1,0,0,1,0,4,7,5,3,5
2019.0,-320.0,1.0,0.0,3,6,3,0,0,0,1,2,1,1,0,1,2,1,1,16,0,2,0,1,0,0,0,0,6,7,5,8,8
2019.0,0.0,0.0,0.0,3,6,3,0,0,0,1,2,1,1,0,1,2,1,1,16,0,2,0,1,0,2,1,0,5,7,5,8,3
2019.0,0.0,0.0,0.0,3,4,3,0,0,0,1,2,1,1,0,0,5,1,1,16,0,2,0,1,0,2,1,0,5,4,5,3,9
2019.0,-50.0,0.0,0.0,3,6,0,0,0,0,1,1,1,1,0,0,1,1,1,17,0,2,0,1,0,1,1,0,6,7,5,8,8
2019.0,57.0,0.0,0.0,3,6,3,0,0,0,1,1,1,1,0,1,1,1,1,18,0,2,0,1,0,1,1,0,6,8,5,8,3
2019.0,-100.0,0.0,0.0,3,6,0,0,0,0,1,2,1,1,0,0,2,1,1,18,0,2,0,1,0,2,2,0,10,7,5,8,3
2019.0,0.0,0.0,0.0,3,2,0,0,0,0,2,5,1,1,0,1,1,1,1,19,0,2,0,1,0,0,2,0,4,2,5,3,3
2019.0,30.0,0.0,0.0,3,6,0,0,0,0,0,9,1,1,0,1,9,1,1,19,0,2,0,1,0,1,1,0,10,8,5,8,3
2019.0,-70.0,0.0,0.0,3,10,3,0,0,0,0,1,1,1,0,1,1,1,1,7,1,2,0,1,0,0,1,0,10,7,5,8,3
2019.0,66.0,1.0,0.0,2,2,3,0,0,0,1,5,1,1,3,1,1,1,1,7,1,2,0,1,0,1,2,0,10,2,5,7,9
2019.0,-100.0,1.0,0.0,2,6,3,0,0,0,0,2,1,1,0,1,2,1,1,8,1,2,0,1,0,0,1,0,10,9,5,3,2
2019.0,95.0,0.0,0.0,3,6,3,0,0,0,0,1,1,1,1,1,1,1,1,8,1,2,0,1,0,0,1,0,10,7,5,6,3
2019.0,-180.0,0.0,0.0,3,10,3,0,0,0,0,2,1,1,0,0,2,1,1,8,1,2,0,1,0,1,0,0,10,9,5,3,2
2019.0,-649.0,2.0,0.0,2,4,3,0,0,0,0,2,1,1,0,0,1,1,1,9,1,2,0,1,0,1,2,0,0,2,5,3,9
2019.0,-90.0,0.0,0.0,3,6,3,0,0,0,1,1,1,1,0,1,1,1,1,11,1,2,0,0,0,2,2,0,10,8,5,8,5
2019.0,0.0,0.0,0.0,3,4,3,0,0,0,1,9,1,1,0,1,1,1,1,11,1,2,0,0,0,0,1,0,5,2,5,3,9
2019.0,73.0,0.0,0.0,3,10,3,0,0,0,0,9,1,1,0,1,9,1,1,13,1,2,0,0,0,1,1,0,10,5,7,8,3
2019.0,143.0,3.0,0.0,3,4,3,1,0,0,0,5,1,1,0,0,2,1,1,15,1,2,0,0,0,1,1,0,0,2,5,3,9
2019.0,420.0,0.0,0.0,3,4,3,1,0,0,0,1,1,1,0,0,9,1,1,15,1,2,0,0,0,1,1,0,6,2,5,3,9
2019.0,103.0,0.0,0.0,3,6,5,4,0,0,0,1,1,1,0,1,1,1,1,16,1,2,0,1,0,1,0,0,6,8,5,8,3
2019.0,0.0,0.0,0.0,3,4,3,0,0,0,1,2,1,1,0,1,5,1,1,16,1,2,0,1,0,2,2,0,5,2,5,3,9
2019.0,-107.0,0.0,0.0,3,6,3,1,0,0,0,2,1,1,0,0,2,1,1,16,1,2,0,1,0,1,1,0,10,8,5,8,3
2019.0,327.0,1.0,0.0,2,2,3,0,0,0,0,5,1,1,0,0,9,1,1,17,1,2,0,1,0,1,1,0,0,2,5,3,3
2019.0,-50.0,0.0,0.0,3,6,5,4,0,0,2,8,1,1,1,1,8,1,1,18,1,2,0,1,0,0,1,0,6,5,5,6,5
2019.0,-87.0,0.0,0.0,3,6,0,0,0,0,1,1,1,1,0,1,1,1,1,19,1,2,0,1,0,1,1,0,10,8,5,8,3
2019.0,-625.0,4.0,0.0,3,6,0,1,0,0,1,2,1,1,0,0,2,1,1,22,1,2,0,0,0,1,1,0,6,7,5,8,3
2019.0,-100.0,0.0,0.0,3,12,5,4,3,0,2,8,1,1,1,1,9,1,1,0,2,2,0,0,0,0,1,0,6,5,5,6,5
2019.0,0.0,0.0,0.0,3,4,0,0,0,0,1,9,1,1,0,1,4,1,1,4,2,2,0,0,0,1,2,0,5,2,5,9,3
2019.0,-60.0,1.0,0.0,2,2,3,0,0,0,2,5,1,1,3,1,5,1,1,6,2,2,0,0,0,0,1,0,0,5,5,5,9
2019.0,0.0,0.0,0.0,3,4,3,1,0,0,1,1,1,1,0,0,9,1,1,7,2,2,0,1,0,2,1,0,5,2,5,3,9
2019.0,0.0,0.0,0.0,3,6,3,1,0,0,1,3,1,1,0,0,3,1,1,7,2,2,0,1,0,2,1,0,4,8,5,8,3
2019.0,100.0,1.0,0.0,2,6,3,1,0,0,1,9,1,1,0,1,9,1,1,8,2,2,0,1,0,1,1,0,10,8,5,8,3
2019.0,0.0,0.0,0.0,3,4,3,1,0,0,1,2,1,1,0,0,7,1,1,8,2,2,0,1,0,1,1,0,4,5,2,9,3
2019.0,75.0,0.0,0.0,3,6,3,0,0,0,1,5,1,1,0,1,5,1,1,9,2,2,0,1,0,1,1,0,10,8,5,8,3
2019.0,-190.0,0.0,0.0,3,6,3,1,0,0,1,2,1,1,0,0,2,1,1,10,2,2,0,0,0,2,2,0,10,8,5,8,3
2019.0,-47.0,0.0,0.0,3,2,3,1,0,0,0,1,1,1,0,1,5,1,1,11,2,2,0,0,0,2,1,0,3,2,5,3,9
2019.0,130.0,0.0,0.0,3,6,3,0,0,0,1,9,1,1,0,0,9,1,1,12,2,2,0,0,0,1,2,0,10,7,5,8,3
2019.0,-215.0,0.0,0.0,3,10,5,4,0,0,1,2,1,1,0,0,2,1,1,13,2,2,0,0,0,1,1,0,10,7,5,8,3
2019.0,0.0,1.0,0.0,2,4,3,0,0,0,0,1,1,1,0,0,9,1,1,16,2,2,0,1,0,1,1,0,4,2,5,3,9
2019.0,-185.0,0.0,0.0,3,4,3,0,0,0,1,5,1,1,0,0,2,1,1,16,2,2,0,1,0,2,1,0,0,2,5,3,9
2019.0,-408.0,1.0,0.0,2,2,5,4,0,0,1,9,1,1,0,1,1,1,1,16,2,2,0,1,0,1,2,0,0,2,5,3,9
2019.0,0.0,0.0,0.0,3,2,3,0,0,0,1,5,1,1,0,0,9,1,1,16,2,2,0,1,0,1,2,0,5,2,5,3,9
2019.0,50.0,0.0,0.0,3,6,3,0,0,0,1,1,1,1,0,1,1,1,1,16,2,2,0,1,0,2,1,0,10,8,5,8,3
2019.0,176.0,0.0,0.0,3,10,3,0,0,0,0,2,1,1,0,0,2,1,1,16,2,2,0,1,0,0,0,0,6,9,5,3,2
2019.0,-230.0,1.0,0.0,3,6,3,0,0,0,1,9,1,1,0,0,9,1,1,17,2,2,0,1,0,1,1,0,10,8,5,8,3