Year,Distance,Totalinjuries,Totalfatalities,Injuryseverity,Collisionmanner,Lightcondition,Weather,SurfaceCondition,Unittype_One,Gender_Drv1,Traveldirection_One,AlcoholUse_Drv1,DrugUse_Drv1,Unittype_Two,Gender_Drv2,Traveldirection_Two,AlcoholUse_Drv2,DrugUse_Drv2,Hour,Weekday,Month,Weekend,Rush_Hour,Hazardous_Road,Age_Group_Drv1,Age_Group_Drv2,Substance_Use,Junction_Category,Violation_Category_Drv1,Violation_Category_Drv2,Unitaction_Category_Two,Unitaction_Category_One
2019.0,0.0,0.0,0.0,3,4,3,0,0,0,1,2,1,1,0,0,5,1,1,17,2,2,0,1,0,1,1,0,5,2,5,3,9
2019.0,0.0,0.0,0.0,3,6,4,0,0,0,0,1,1,1,0,0,1,1,1,17,2,2,0,1,0,2,0,0,4,7,5,8,3
2019.0,-40.0,0.0,0.0,3,6,4,4,3,0,2,1,1,1,0,1,1,1,1,17,2,2,0,1,0,0,1,0,6,7,5,8,3
2019.0,15.0,0.0,0.0,3,4,0,0,0,0,0,1,1,1,0,0,9,1,1,19,2,2,0,1,0,2,1,0,10,5,5,9,9
2019.0,90.0,0.0,0.0,3,10,3,0,0,0,0,2,1,1,0,0,2,1,1,7,3,2,0,1,0,1,1,0,6,9,5,3,2
2019.0,0.0,0.0,0.0,3,4,3,0,0,0,0,1,1,1,0,0,9,1,1,7,3,2,0,1,0,1,1,0,5,2,5,3,9
2019.0,0.0,1.0,0.0,2,2,3,0,0,2,1,1,1,1,0,0,5,1,1,8,3,2,0,1,0,1,0,0,5,2,5,9,3
2019.0,146.0,2.0,0.0,2,6,5,4,0,0,0,5,1,1,0,1,5,1,1,10,3,2,0,0,0,2,2,0,6,8,5,8,3
2019.0,72.0,0.0,0.0,3,6,3,0,0,0,0,5,1,1,0,1,5,1,1,12,3,2,0,0,0,1,1,0,10,7,5,8,3
2019.0,-420.0,1.0,0.0,2,2,3,0,0,0,0,1,1,1,0,0,5,1,1,12,3,2,0,0,0,2,0,0,0,2,5,3,9
2019.0,0.0,0.0,0.0,3,4,5,4,0,0,1,1,1,1,0,1,5,1,1,14,3,2,0,0,0,0,1,0,5,5,5,9,3
2019.0,0.0,0.0,0.0,3,6,5,4,3,0,2,2,1,1,0,1,2,1,1,14,3,2,0,0,0,0,1,0,5,7,5,8,3
2019.0,0.0,0.0,0.0,3,2,5,4,0,0,1,2,1,1,0,0,1,1,1,15,3,2,0,0,0,1,1,0,5,2,5,5,5
2019.0,-200.0,0.0,0.0,3,12,3,0,0,0,1,5,1,1,0,0,5,1,1,16,3,2,0,1,0,1,2,0,6,5,5,5,5
2019.0,109.0,0.0,0.0,3,5,3,0,0,0,1,5,1,1,0,1,1,1,1,16,3,2,0,1,0,1,1,0,6,5,5,3,1
2019.0,-15.0,2.0,0.0,2,10,3,0,0,0,1,1,1,1,0,1,1,1,1,16,3,2,0,1,0,1,2,0,10,9,5,3,3
2019.0,0.0,0.0,0.0,3,10,3,0,0,0,1,5,1,1,0,0,5,1,1,16,3,2,0,1,0,2,2,0,4,5,5,3,9
2019.0,-180.0,1.0,0.0,2,6,3,0,0,0,2,1,1,1,0,0,1,1,1,17,3,2,0,1,0,0,1,0,10,8,5,8,3
2019.0,360.0,2.0,0.0,3,6,0,0,0,0,1,1,1,1,0,0,1,1,1,18,3,2,0,1,0,1,1,0,6,8,5,9,3
2019.0,0.0,0.0,0.0,3,5,1,0,0,0,1,9,1,1,0,0,1,1,1,19,3,2,0,1,0,0,1,0,5,4,5,8,1
2019.0,0.0,0.0,0.0,3,6,0,0,0,0,0,2,1,1,0,1,2,1,1,19,3,2,0,1,0,1,2,0,6,7,5,8,3
2019.0,-50.0,0.0,0.0,3,10,0,0,0,0,1,5,1,1,0,1,5,1,1,19,3,2,0,1,0,1,0,0,10,9,5,3,2
2019.0,0.0,1.0,0.0,2,2,1,0,0,2,0,5,1,1,0,0,1,1,1,21,3,2,0,0,0,1,1,0,4,5,5,5,5
2019.0,0.0,0.0,0.0,3,2,0,0,0,0,1,1,1,1,0,1,5,1,1,6,4,3,0,0,0,1,1,0,5,2,5,3,9
2019.0,-130.0,0.0,0.0,3,10,3,1,0,0,0,1,1,1,0,0,1,1,1,7,4,3,0,1,0,2,2,0,10,8,5,3,2
2019.0,0.0,1.0,0.0,2,4,3,1,0,0,0,6,1,1,0,1,2,1,1,7,4,3,0,1,0,2,1,0,4,2,5,3,9
2019.0,-190.0,0.0,0.0,3,6,3,1,0,0,1,9,1,1,0,0,9,1,1,8,4,3,0,1,0,2,1,0,6,8,5,8,3
2019.0,0.0,1.0,0.0,2,4,3,0,0,0,1,9,1,1,0,0,1,1,1,8,4,3,0,1,0,1,1,0,4,2,5,3,9
2019.0,-100.0,1.0,0.0,2,6,3,0,0,0,1,9,1,1,0,1,9,1,1,9,4,3,0,1,0,2,1,0,6,8,5,8,3
2019.0,0.0,1.0,0.0,3,4,3,0,0,0,0,4,1,1,0,1,5,1,1,11,4,3,0,0,0,1,1,0,5,2,5,3,9
2019.0,-92.0,0.0,0.0,3,10,3,0,0,0,1,1,1,1,0,0,1,1,1,11,4,3,0,0,0,1,2,0,10,9,5,3,2
2019.0,391.0,2.0,0.0,2,10,3,0,0,0,0,1,1,1,0,0,1,1,1,12,4,3,0,0,0,2,1,0,0,9,5,3,2
2019.0,-42.0,1.0,0.0,2,2,3,0,0,2,0,9,1,1,0,0,2,1,1,13,4,3,0,0,0,2,0,0,10,2,5,9,3
2019.0,310.0,0.0,0.0,3,10,3,0,0,0,1,5,1,1,0,0,5,1,1,14,4,3,0,0,0,0,1,0,6,9,5,3,2
2019.0,-90.0,0.0,0.0,3,2,3,0,0,0,1,6,1,1,0,0,5,1,1,14,4,3,0,0,0,1,2,0,6,5,5,3,9
2019.0,0.0,1.0,0.0,2,5,3,4,3,0,2,5,1,1,0,1,5,1,1,15,4,3,0,0,0,0,2,0,5,2,5,3,9
2019.0,0.0,0.0,0.0,3,4,3,0,0,0,0,9,1,1,0,0,1,1,1,15,4,3,0,0,0,1,1,0,4,2,5,3,9
2019.0,0.0,1.0,0.0,3,4,3,0,0,0,0,3,1,1,0,1,9,1,1,16,4,3,0,1,0,1,2,0,5,2,5,3,9
2019.0,155.0,0.0,0.0,3,10,3,0,0,0,1,5,1,1,0,0,5,1,1,16,4,3,0,1,0,2,1,0,10,9,5,3,2
2019.0,-100.0,0.0,0.0,3,12,3,0,3,0,0,8,1,1,1,1,8,1,1,16,4,3,0,1,0,1,1,0,6,5,5,6,5
2019.0,532.0,0.0,0.0,3,4,3,0,0,0,0,2,1,1,0,1,5,1,1,17,4,3,0,1,0,2,1,0,0,2,5,3,9
2019.0,0.0,0.0,0.0,3,2,3,0,0,0,0,4,1,1,0,1,9,1,1,17,4,3,0,1,0,0,0,0,4,4,5,3,9
2019.0,0.0,1.0,0.0,3,4,3,0,0,0,1,5,1,1,0,0,5,1,1,17,4,3,0,1,0,1,1,0,5,9,4,9,3
2019.0,0.0,0.0,0.0,3,10,3,4,3,0,2,3,1,1,0,0,3,1,1,17,4,3,0,1,0,0,1,0,6,7,5,8,9
2019.0,-250.0,0.0,0.0,3,10,4,0,0,0,0,1,1,1,0,0,1,1,1,18,4,3,0,1,0,1,2,0,0,5,5,3,9
2019.0,120.0,0.0,0.0,3,6,0,0,0,0,0,9,1,1,0,0,9,1,1,19,4,3,0,1,0,2,1,0,6,7,5,8,3
2019.0,-300.0,0.0,0.0,3,10,0,0,0,0,0,5,1,0,1,1,5,1,1,20,4,3,0,0,0,1,2,0,6,9,5,6,3
2019.0,174.0,4.0,0.0,3,2,0,0,0,0,1,5,1,1,0,1,9,1,1,22,4,3,0,0,0,1,1,0,0,2,5,3,9
2019.0,50.0,0.0,0.0,3,6,0,0,0,0,0,9,1,1,0,1,9,1,1,22,4,3,0,0,0,2,2,0,6,7,5,8,3
2019.0,0.0,0.0,0.0,3,6,3,1,0,0,2,2,1,1,0,0,2,1,1,11,5,3,1,0,0,0,1,0,5,7,5,8,3
2019.0,1113.0,0.0,0.0,3,10,3,1,0,0,2,2,1,1,0,1,2,1,1,11,5,3,1,0,0,0,1,0,6,9,5,3,2
2019.0,55.0,0.0,0.0,3,6,3,1,0,0,1,5,1,1,0,0,5,1,1,13,5,3,1,0,0,2,1,0,10,7,5,8,3
2019.0,0.0,0.0,0.0,3,6,3,0,0,0,1,5,1,1,0,1,5,1,1,16,5,3,1,1,0,2,1,0,6,8,5,8,3
2019.0,800.0,0.0,0.0,3,2,3,0,0,0,1,5,1,1,0,1,9,1,1,16,5,3,1,1,0,1,1,0,0,2,5,3,9
2019.0,0.0,0.0,0.0,3,2,3,0,0,0,1,9,1,1,0,0,2,1,1,17,5,3,1,1,0,2,2,0,5,5,5,9,3
2019.0,0.0,0.0,0.0,3,4,3,0,0,0,1,5,1,1,0,1,2,1,1,17,5,3,1,1,0,0,0,0,4,2,5,3,9
2019.0,30.0,0.0,0.0,3,6,3,0,0,0,2,9,1,1,0,0,9,1,1,15,6,3,1,0,0,0,1,0,10,7,5,8,3
2019.0,-15.0,1.0,0.0,3,2,3,0,0,0,1,1,1,1,0,1,5,1,1,16,6,3,1,1,0,1,1,0,10,2,5,3,9
2019.0,175.0,1.0,0.0,1,12,3,0,3,0,2,8,1,1,2,0,9,1,1,16,6,3,1,1,0,0,1,0,6,5,5,3,5
2019.0,0.0,0.0,0.0,3,10,0,0,0,0,2,1,1,1,0,0,1,1,1,21,6,3,1,0,0,0,1,0,5,5,5,3,2
2019.0,-100.0,2.0,0.0,2,6,3,0,0,0,1,2,1,1,0,1,2,1,1,6,0,3,0,0,0,2,1,0,6,8,5,8,3
2019.0,-50.0,0.0,0.0,3,6,3,0,0,0,0,2,1,1,0,1,2,1,1,6,0,3,0,0,0,0,1,0,10,7,5,8,8
2019.0,-140.0,0.0,0.0,3,10,3,0,0,0,1,5,1,1,0,1,5,1,1,7,0,3,0,1,0,1,1,0,6,9,5,3,2
2019.0,60.0,0.0,0.0,3,2,3,0,0,0,0,2,1,1,0,0,1,1,1,7,0,3,0,1,0,1,1,0,6,2,5,3,9
2019.0,0.0,1.0,0.0,2,4,3,0,0,0,0,1,1,1,0,0,2,1,1,9,0,3,0,1,0,1,1,0,4,2,5,9,3
2019.0,-90.0,0.0,0.0,3,6,3,0,0,0,1,8,1,1,0,0,2,1,1,12,0,3,0,0,0,1,0,0,10,7,5,8,3
2019.0,0.0,0.0,0.0,3,2,3,0,0,0,0,5,1,1,0,1,9,1,1,14,0,3,0,0,0,0,1,0,4,2,5,3,9
2019.0,275.0,2.0,0.0,3,2,3,0,0,0,0,5,1,1,0,0,9,1,1,14,0,3,0,0,0,2,1,0,6,2,5,3,9
2019.0,100.0,0.0,0.0,3,6,3,0,0,0,1,5,1,1,0,0,5,1,1,15,0,3,0,0,0,0,0,0,10,7,5,8,3
2019.0,-250.0,1.0,0.0,2,6,3,0,0,0,0,2,1,1,0,0,2,1,1,15,0,3,0,0,0,1,2,0,10,8,5,8,3
2019.0,0.0,0.0,0.0,3,2,1,0,0,0,1,9,1,1,0,1,5,1,1,18,0,3,0,1,0,1,2,0,5,5,5,3,3
2019.0,0.0,1.0,0.0,3,6,0,0,0,0,0,1,1,1,0,1,1,1,1,20,0,3,0,0,0,2,2,0,4,5,5,8,9
2019.0,-150.0,0.0,0.0,3,10,0,0,0,0,1,1,1,1,0,1,1,1,1,21,0,3,0,0,0,1,2,0,10,9,5,3,2
2019.0,54.0,0.0,0.0,3,2,0,0,0,0,0,4,1,1,0,1,3,1,1,5,1,3,0,0,0,1,1,0,6,4,5,9,9
2019.0,50.0,0.0,0.0,3,10,3,0,0,0,1,5,1,1,0,1,5,1,1,7,1,3,0,1,0,1,2,0,10,5,5,9,9
2019.0,0.0,2.0,0.0,2,4,3,0,0,0,0,1,1,1,0,0,2,1,1,8,1,3,0,1,0,1,2,0,4,2,5,3,9
2019.0,0.0,1.0,0.0,2,2,3,0,0,0,1,2,1,1,0,0,9,1,1,9,1,3,0,1,0,0,1,0,4,2,5,9,3
2019.0,370.0,0.0,0.0,3,6,3,0,0,0,0,1,1,1,0,0,1,1,1,12,1,3,0,0,0,2,2,0,6,7,5,8,3
2019.0,-260.0,0.0,0.0,3,10,3,0,0,0,0,1,1,1,0,0,1,1,1,12,1,3,0,0,0,1,1,0,6,9,5,3,2
2019.0,-64.0,0.0,0.0,3,6,3,0,0,0,0,2,1,1,0,1,2,1,1,13,1,3,0,0,0,1,2,0,10,8,5,8,3
2019.0,250.0,0.0,0.0,3,5,3,0,0,0,1,5,1,1,0,1,2,1,1,14,1,3,0,0,0,1,1,0,8,5,5,1,1
2019.0,143.0,0.0,0.0,3,2,3,0,0,0,1,1,1,1,0,0,2,1,1,14,1,3,0,0,0,0,2,0,10,2,5,3,9
2019.0,-200.0,0.0,0.0,3,10,3,0,0,0,0,1,1,1,0,1,1,1,1,15,1,3,0,0,0,1,1,0,10,9,5,3,2
2019.0,0.0,0.0,0.0,3,4,3,0,0,0,1,1,1,1,0,1,9,1,1,15,1,3,0,0,0,1,2,0,4,2,5,3,9
2019.0,144.0,0.0,0.0,3,2,3,0,0,0,0,9,1,1,0,0,9,1,1,16,1,3,0,1,0,1,1,0,6,5,5,5,5
2019.0,250.0,0.0,0.0,3,6,3,0,0,0,1,1,1,1,0,1,1,1,1,17,1,3,0,1,0,0,1,0,6,8,5,8,3
2019.0,-559.0,2.0,0.0,2,4,3,0,0,0,0,2,1,1,0,1,5,1,1,17,1,3,0,1,0,2,1,0,0,2,5,3,9
2019.0,0.0,1.0,0.0,2,4,0,0,0,0,0,4,1,1,0,1,5,1,1,18,1,3,0,1,0,1,2,0,4,2,2,3,9
2019.0,-30.0,0.0,0.0,3,6,0,0,0,0,1,1,1,1,0,0,1,1,1,19,1,3,0,1,0,2,2,0,6,8,5,8,3
2019.0,0.0,0.0,0.0,3,6,3,0,0,0,0,9,1,1,0,1,9,1,1,7,2,3,0,1,0,2,1,0,5,8,5,8,3
2019.0,0.0,0.0,0.0,3,6,3,0,0,0,1,9,1,1,0,1,9,1,1,7,2,3,0,1,0,1,2,0,5,8,5,8,3
2019.0,0.0,0.0,0.0,3,9,3,4,3,0,2,1,1,1,0,1,9,1,1,7,2,3,0,1,0,0,1,0,6,9,5,8,3
2019.0,525.0,0.0,0.0,3,4,3,1,0,0,1,5,1,1,0,0,9,1,1,7,2,3,0,1,0,2,1,0,6,2,5,3,9
2019.0,0.0,0.0,0.0,3,4,3,1,0,0,1,2,1,1,0,0,5,1,1,8,2,3,0,1,0,2,1,0,4,2,5,3,9
2019.0,0.0,0.0,0.0,3,10,3,0,0,0,0,5,1,1,0,1,5,1,1,11,2,3,0,0,0,1,1,0,5,5,5,9,9
2019.0,165.0,0.0,0.0,3,10,3,0,0,0,0,5,1,1,0,0,5,1,1,12,2,3,0,0,0,1,0,0,10,9,5,3,2
2019.0,-510.0,0.0,0.0,3,4,3,0,0,0,1,2,1,1,0,0,1,1,1,13,2,3,0,0,0,2,1,0,6,2,5,3,9
2019.0,-30.0,0.0,0.0,3,10,3,0,0,0,2,1,1,1,0,1,1,1,1,14,2,3,0,0,0,0,1,0,10,9,5,3,3
2019.0,-155.0,0.0,0.0,3,6,3,0,0,0,1,2,1,1,0,0,2,1,1,15,2,3,0,0,0,1,0,0,6,9,5,3,2
2019.0,0.0,2.0,0.0,2,4,3,0,0,0,1,7,1,1,0,1,1,1,1,15,2,3,0,0,0,0,1,0,4,2,5,3,9
2019.0,50.0,0.0,0.0,3,2,3,0,0,0,0,1,1,1,0,1,2,1,1,15,2,3,0,0,0,1,0,0,6,5,5,9,3
2019.0,140.0,0.0,0.0,3,10,3,0,0,0,2,1,1,1,0,0,1,1,1,15,2,3,0,0,0,0,1,0,6,9,5,3,2
2019.0,-250.0,1.0,0.0,3,2,3,4,0,0,1,2,1,1,2,1,8,1,1,16,2,3,0,1,0,1,0,0,6,5,5,5,8
2019.0,-110.0,0.0,0.0,3,6,0,0,0,0,1,2,1,1,0,1,2,1,1,19,2,3,0,1,0,2,1,0,10,7,5,8,3
2019.0,0.0,0.0,0.0,3,4,0,0,0,0,1,9,1,1,0,0,1,1,1,19,2,3,0,1,0,1,1,0,4,4,5,3,9
2019.0,0.0,0.0,0.0,3,2,0,0,0,0,1,5,1,1,0,1,9,1,1,1,3,3,0,0,0,1,1,0,4,2,5,9,3
2019.0,0.0,0.0,0.0,3,6,3,1,0,0,2,1,1,1,0,1,1,1,1,6,3,3,0,0,0,0,1,0,9,8,5,8,3
2019.0,0.0,0.0,0.0,3,10,3,0,0,0,1,1,1,1,0,0,1,1,1,8,3,3,0,1,0,1,1,0,5,9,5,3,2
2019.0,-270.0,0.0,0.0,3,6,3,1,0,0,1,2,1,1,0,1,2,1,1,10,3,3,0,0,0,0,1,0,6,9,5,3,2
2019.0,0.0,2.0,0.0,2,4,3,0,0,0,1,4,1,1,0,0,5,1,1,14,3,3,0,0,0,2,0,0,4,2,5,3,9
2019.0,144.0,0.0,0.0,3,6,5,4,0,0,0,5,1,1,0,0,5,1,1,16,3,3,0,1,0,1,1,0,6,8,5,8,3
2019.0,0.0,1.0,0.0,2,4,3,0,0,0,1,1,1,1,0,0,9,1,1,17,3,3,0,1,0,0,2,0,4,2,5,3,9
2019.0,700.0,1.0,0.0,2,4,0,0,0,0,0,9,1,1,0,0,1,1,1,18,3,3,0,1,0,2,1,0,0,2,5,3,9
2019.0,-357.0,3.0,0.0,3,6,0,1,0,0,0,5,1,1,0,0,5,1,1,18,3,3,0,1,0,1,1,0,10,8,5,8,8
2019.0,0.0,0.0,0.0,3,2,0,4,0,0,0,1,1,1,0,1,2,1,1,21,3,3,0,0,0,2,1,0,4,2,5,3,3
2019.0,-52.0,0.0,0.0,3,10,3,0,0,0,0,5,1,1,0,1,5,1,1,7,4,3,0,1,0,2,1,0,6,5,5,3,3
2019.0,355.0,4.0,0.0,2,6,3,1,0,0,0,2,1,1,0,0,2,1,1,7,4,3,0,1,0,1,1,0,6,8,5,8,3
2019.0,1003.0,0.0,0.0,3,6,3,0,0,0,0,5,1,1,0,1,5,1,1,7,4,3,0,1,0,1,2,0,6,7,5,8,3
2019.0,0.0,2.0,0.0,3,2,3,1,0,0,1,5,1,1,0,1,9,1,1,8,4,3,0,1,0,0,1,0,4,2,5,3,3
2019.0,0.0,0.0,0.0,3,4,3,1,0,0,1,1,1,1,0,1,2,1,1,9,4,3,0,1,0,1,1,0,4,2,5,9,3
2019.0,72.0,1.0,0.0,3,2,3,1,0,0,0,5,1,1,3,1,1,1,1,10,4,3,0,0,0,0,2,0,10,2,5,5,9
2019.0,-450.0,0.0,0.0,3,4,3,0,0,0,1,9,1,1,0,1,1,1,1,13,4,3,0,0,0,1,0,0,0,2,5,3,9
2019.0,608.0,1.0,0.0,2,2,3,0,0,3,1,9,1,1,0,1,2,1,1,15,4,3,0,0,0,2,2,0,0,5,5,9,5
2019.0,-288.0,4.0,0.0,3,6,3,0,0,0,1,5,1,1,0,0,5,1,1,15,4,3,0,0,0,0,1,0,6,8,5,8,3
2019.0,0.0,1.0,0.0,3,4,3,0,0,0,0,1,1,1,0,0,9,1,1,16,4,3,0,1,0,1,2,0,4,2,2,9,3
2019.0,400.0,0.0,0.0,3,10,3,0,0,0,2,1,1,1,0,1,1,1,1,16,4,3,0,1,0,0,2,0,6,9,5,3,2
2019.0,-120.0,0.0,0.0,3,12,5,4,0,0,2,8,1,1,1,1,1,1,1,16,4,3,0,1,0,0,1,0,6,7,5,6,5
2019.0,91.0,0.0,0.0,3,2,3,0,0,0,0,1,1,1,0,0,5,1,1,17,4,3,0,1,0,1,1,0,6,2,5,3,9
2019.0,-70.0,0.0,0.0,3,5,0,0,0,0,1,5,1,1,0,1,2,1,1,1,5,3,1,0,0,2,2,0,10,7,5,8,9
2019.0,75.0,0.0,0.0,3,4,3,0,0,0,0,5,1,1,0,1,9,1,1,14,5,3,1,0,0,1,1,0,0,2,5,3,8
2019.0,600.0,0.0,0.0,3,10,3,1,0,0,0,9,1,1,0,1,9,1,1,15,5,3,1,0,0,1,0,0,4,9,5,3,2
2019.0,-200.0,0.0,0.0,3,12,0,4,3,0,2,8,1,1,0,0,2,1,1,17,5,3,1,1,0,0,1,0,6,5,5,6,5
2019.0,0.0,2.0,0.0,2,2,0,0,0,0,0,1,1,1,0,0,2,1,1,19,5,3,1,1,0,2,1,0,5,5,5,3,3
2019.0,144.0,3.0,1.0,0,3,0,0,0,0,1,1,1,0,0,1,9,1,1,20,5,3,1,0,0,0,0,0,6,9,5,3,3
2019.0,10.0,0.0,0.0,3,12,3,4,0,0,1,2,1,1,0,1,5,1,1,9,6,3,1,1,0,1,1,0,6,5,5,3,5
2019.0,-15.0,0.0,0.0,3,6,3,0,0,0,1,2,1,1,0,1,2,1,1,13,6,3,1,0,0,1,1,0,10,7,5,8,8
2019.0,50.0,0.0,0.0,3,4,3,0,0,0,1,5,1,1,0,0,9,1,1,13,6,3,1,0,0,2,1,0,10,2,5,3,9
2019.0,-200.0,0.0,0.0,3,2,3,0,0,0,2,9,1,1,1,1,9,1,1,18,6,3,1,1,0,0,1,0,6,5,5,6,6
2019.0,250.0,0.0,0.0,3,6,4,0,0,0,1,9,1,1,0,0,9,1,1,19,6,3,1,1,0,0,1,0,0,7,5,9,3
2019.0,0.0,2.0,0.0,3,4,0,0,0,0,1,1,1,1,0,1,5,1,1,21,6,3,1,0,0,2,1,0,4,2,5,9,3
2019.0,-30.0,0.0,0.0,3,5,3,1,0,0,0,1,1,1,0,0,1,1,1,7,0,3,0,1,0,1,1,0,10,5,5,8,1
2019.0,-875.0,0.0,0.0,3,10,3,0,0,0,1,5,1,1,0,0,5,1,1,7,0,3,0,1,0,0,1,0,6,9,5,3,2
2019.0,-290.0,0.0,0.0,3,2,3,0,0,0,0,2,1,1,0,1,1,1,1,8,0,3,0,1,0,1,1,0,0,2,5,3,9
2019.0,0.0,0.0,0.0,3,4,3,0,0,0,1,6,1,1,0,0,2,1,1,8,0,3,0,1,0,1,2,0,4,2,5,3,9
2019.0,-100.0,0.0,0.0,3,10,3,0,0,0,0,2,1,1,0,1,2,1,1,8,0,3,0,1,0,1,1,0,10,9,5,3,2
2019.0,-120.0,0.0,0.0,3,6,3,0,0,0,1,9,1,1,0,0,9,1,1,11,0,3,0,0,0,2,0,0,6,7,5,3,3
2019.0,150.0,0.0,0.0,3,6,3,1,0,0,0,5,1,1,0,1,5,1,1,14,0,3,0,0,0,2,1,0,10,8,5,8,3
2019.0,-255.0,0.0,0.0,3,6,3,3,4,0,0,1,1,1,0,0,1,1,1,16,0,3,0,1,1,2,1,0,10,7,5,8,3
2019.0,0.0,0.0,0.0,3,4,0,0,0,0,2,2,0,1,0,1,9,1,1,23,0,3,0,0,0,0,0,0,4,2,5,5,5
2019.0,-72.0,0.0,0.0,3,6,3,3,0,0,1,1,1,1,0,1,1,1,1,12,1,3,0,0,0,1,1,0,10,7,5,8,3
2019.0,200.0,1.0,0.0,2,6,3,3,4,0,1,5,1,1,0,0,5,1,1,13,1,3,0,0,1,2,0,0,0,8,5,9,3
2019.0,0.0,0.0,0.0,3,4,3,1,4,0,0,2,1,1,0,1,9,1,1,13,1,3,0,0,1,2,1,0,4,7,5,9,3
2019.0,-160.0,0.0,0.0,3,6,3,3,4,0,0,1,1,1,0,1,1,1,1,13,1,3,0,0,1,2,1,0,10,7,5,8,3
2019.0,0.0,3.0,0.0,1,4,3,0,0,0,1,1,1,1,0,0,5,1,1,14,1,3,0,0,0,1,0,0,0,2,5,3,9
2019.0,0.0,3.0,0.0,2,4,3,1,0,0,1,2,1,1,0,1,5,1,1,14,1,3,0,0,0,2,1,0,5,2,5,3,9
2019.0,0.0,0.0,0.0,3,2,3,0,0,0,0,6,1,1,0,0,9,1,1,15,1,3,0,0,0,1,0,0,4,2,5,3,9
2019.0,-395.0,0.0,0.0,3,10,3,1,4,0,0,5,1,1,0,1,5,1,1,15,1,3,0,0,1,2,1,0,6,9,5,3,2
2019.0,0.0,0.0,0.0,3,10,5,4,0,0,0,1,1,1,0,1,1,1,1,16,1,3,0,1,0,2,1,0,5,9,5,3,2
2019.0,-160.0,0.0,0.0,3,6,3,1,4,0,1,1,1,1,0,0,1,1,1,16,1,3,0,1,1,1,1,0,10,7,5,8,3
2019.0,0.0,1.0,0.0,2,4,5,4,0,0,0,5,1,1,0,0,2,1,1,17,1,3,0,1,0,2,1,0,4,2,5,3,9
2019.0,-1118.0,0.0,0.0,3,4,3,1,0,0,1,2,1,1,0,1,1,1,1,17,1,3,0,1,0,2,2,0,0,2,5,3,9
2019.0,0.0,0.0,0.0,3,10,5,4,0,0,1,1,1,1,0,1,3,1,1,18,1,3,0,1,0,2,1,0,5,2,5,5,5
2019.0,152.0,0.0,0.0,3,10,4,1,0,0,0,1,1,1,0,1,1,1,1,18,1,3,0,1,0,1,1,0,5,9,5,3,2
2019.0,0.0,0.0,0.0,3,12,1,3,4,0,0,8,1,1,0,0,1,1,1,19,1,3,0,1,1,1,1,0,10,2,5,3,3
2019.0,-225.0,1.0,0.0,2,6,2,1,0,0,2,1,1,1,0,1,1,1,1,6,2,3,0,0,0,0,1,0,10,8,5,8,3
2019.0,100.0,0.0,0.0,3,10,3,0,0,0,1,2,1,1,0,1,2,1,1,7,2,3,0,1,0,1,1,0,6,9,5,3,2
2019.0,0.0,1.0,0.0,2,2,3,1,0,0,1,9,1,1,0,0,5,1,1,8,2,3,0,1,0,2,1,0,5,2,5,3,3
2019.0,40.0,1.0,0.0,2,4,3,0,0,0,0,9,1,1,0,1,1,1,1,11,2,3,0,0,0,2,1,0,6,4,5,3,9
2019.0,-610.0,0.0,0.0,3,10,3,0,0,0,1,2,1,1,0,0,2,1,1,11,2,3,0,0,0,2,0,0,3,8,5,8,3
2019.0,-390.0,0.0,0.0,3,6,3,0,0,0,0,1,1,1,0,0,1,1,1,13,2,3,0,0,0,0,2,0,10,8,5,8,3
2019.0,65.0,1.0,0.0,2,2,5,4,0,0,2,9,1,1,0,0,2,1,1,13,2,3,0,0,0,0,2,0,6,2,5,3,9
2019.0,-412.0,0.0,0.0,3,10,3,0,0,0,1,5,1,1,0,1,5,1,1,14,2,3,0,0,0,2,1,0,0,9,5,3,2
2019.0,0.0,2.0,0.0,2,4,3,0,0,0,1,2,1,1,0,1,5,1,1,15,2,3,0,0,0,2,1,0,3,2,5,9,3
2019.0,-158.0,0.0,0.0,3,6,3,0,0,0,0,5,1,1,0,1,5,1,1,15,2,3,0,0,0,2,1,0,6,7,5,8,3
2019.0,81.0,0.0,0.0,3,10,5,4,0,0,2,9,1,1,0,0,9,1,1,15,2,3,0,0,0,0,1,0,10,9,5,8,2
2019.0,-112.0,0.0,0.0,3,6,3,0,0,0,0,2,1,1,0,0,2,1,1,15,2,3,0,0,0,1,2,0,10,8,5,8,3
2019.0,241.0,0.0,0.0,3,6,3,0,0,0,1,5,1,1,0,1,5,1,1,15,2,3,0,0,0,0,1,0,6,8,5,8,3
2019.0,-210.0,0.0,0.0,3,10,3,0,0,0,1,1,1,1,0,1,1,1,1,16,2,3,0,1,0,2,0,0,10,9,5,3,2
2019.0,-471.0,1.0,0.0,1,10,5,4,0,0,1,1,1,1,0,1,1,1,1,16,2,3,0,1,0,1,1,0,0,8,5,9,0
2019.0,255.0,0.0,0.0,3,4,3,0,0,0,1,5,1,1,0,1,9,1,1,17,2,3,0,1,0,2,1,0,6,2,5,3,9
2019.0,166.0,0.0,0.0,3,10,3,0,0,0,1,5,1,1,0,0,5,1,1,17,2,3,0,1,0,1,2,0,10,9,9,2,2
2019.0,300.0,0.0,0.0,3,6,3,0,0,0,0,1,1,1,0,1,1,1,1,17,2,3,0,1,0,1,1,0,6,8,5,8,3