Year,Distance,Totalinjuries,Totalfatalities,Injuryseverity,Collisionmanner,Lightcondition,Weather,SurfaceCondition,Unittype_One,Gender_Drv1,Traveldirection_One,AlcoholUse_Drv1,DrugUse_Drv1,Unittype_Two,Gender_Drv2,Traveldirection_Two,AlcoholUse_Drv2,DrugUse_Drv2,Hour,Weekday,Month,Weekend,Rush_Hour,Hazardous_Road,Age_Group_Drv1,Age_Group_Drv2,Substance_Use,Junction_Category,Violation_Category_Drv1,Violation_Category_Drv2,Unitaction_Category_Two,Unitaction_Category_One
2019.0,-595.0,0.0,0.0,3,6,3,0,0,0,0,1,1,1,0,1,1,1,1,17,2,3,0,1,0,2,1,0,6,7,5,8,3
2019.0,0.0,0.0,0.0,3,4,0,0,0,0,1,9,1,1,0,1,9,1,1,19,2,3,0,1,0,0,1,0,4,2,5,9,3
2019.0,0.0,2.0,0.0,3,10,0,1,0,0,1,5,1,1,0,0,5,1,1,20,2,3,0,0,0,1,1,0,4,5,5,9,9
2019.0,0.0,0.0,0.0,3,4,3,0,0,0,0,9,1,1,0,1,9,1,1,6,3,3,0,0,0,0,1,0,4,9,5,9,9
2019.0,0.0,4.0,0.0,2,2,3,0,0,0,0,9,1,1,0,1,2,1,1,7,3,3,0,1,0,1,1,0,5,2,5,3,9
2019.0,0.0,1.0,0.0,2,4,3,0,0,2,1,9,1,1,0,1,1,1,1,9,3,3,0,1,0,1,1,0,5,2,5,9,3
2019.0,70.0,2.0,0.0,2,6,3,0,0,0,0,9,1,1,0,1,9,1,1,12,3,3,0,0,0,0,1,0,10,8,5,8,3
2019.0,517.0,0.0,0.0,3,6,3,0,0,0,1,2,1,1,0,0,2,1,1,12,3,3,0,0,0,1,1,0,6,8,5,8,3
2019.0,0.0,0.0,0.0,3,2,3,0,0,0,0,9,1,1,0,0,5,1,1,12,3,3,0,0,0,1,2,0,5,2,5,3,3
2019.0,0.0,0.0,0.0,3,4,3,0,0,0,1,5,1,1,0,1,2,1,1,13,3,3,0,0,0,1,1,0,4,2,5,3,9
2019.0,0.0,0.0,0.0,3,4,3,4,0,0,0,1,1,1,0,1,9,1,1,13,3,3,0,0,0,1,1,0,5,2,5,9,3
2019.0,45.0,0.0,0.0,3,6,3,0,0,0,0,5,1,1,0,0,5,1,1,16,3,3,0,1,0,1,2,0,10,7,5,8,3
2019.0,0.0,2.0,0.0,3,4,3,0,0,0,0,5,1,1,0,1,2,1,1,17,3,3,0,1,0,2,0,0,4,2,5,3,9
2019.0,-100.0,0.0,0.0,3,2,3,0,0,0,1,5,1,1,0,1,9,1,1,17,3,3,0,1,0,2,2,0,0,2,5,3,5
2019.0,130.0,0.0,0.0,3,6,4,0,0,0,1,1,1,1,0,1,1,1,1,18,3,3,0,1,0,1,0,0,6,7,5,8,3
2019.0,150.0,0.0,0.0,3,6,0,0,0,0,1,5,1,1,0,1,5,1,1,19,3,3,0,1,0,2,1,0,10,8,5,8,3
2019.0,0.0,0.0,0.0,3,10,0,0,0,0,0,9,1,1,0,0,9,1,1,21,3,3,0,0,0,2,1,0,5,2,5,9,3
2019.0,-300.0,0.0,0.0,3,3,0,0,0,0,1,2,1,1,1,1,5,1,1,1,4,3,0,0,0,1,1,0,6,5,5,6,3
2019.0,-75.0,1.0,0.0,3,5,3,4,3,0,2,8,1,1,2,1,8,1,1,7,4,3,0,1,0,0,2,0,6,5,5,5,5
2019.0,531.0,0.0,0.0,3,4,3,0,0,0,1,5,1,1,0,0,9,1,1,7,4,3,0,1,0,2,1,0,6,2,5,3,9
2019.0,15.0,1.0,0.0,2,10,5,4,0,0,1,9,1,1,0,0,9,1,1,10,4,3,0,0,0,1,2,0,4,4,5,8,9
2019.0,45.0,0.0,0.0,3,10,3,0,0,0,1,1,1,1,0,0,1,1,1,11,4,3,0,0,0,1,2,0,6,9,5,3,2
2019.0,0.0,1.0,0.0,2,4,3,0,0,0,0,6,1,1,0,0,9,1,1,12,4,3,0,0,0,0,2,0,0,2,5,3,9
2019.0,-285.0,0.0,0.0,3,4,3,0,0,0,1,2,1,1,0,0,5,1,1,12,4,3,0,0,0,2,2,0,6,2,5,3,9
2019.0,0.0,1.0,0.0,2,4,3,1,0,0,0,3,1,1,0,0,2,1,1,15,4,3,0,0,0,1,0,0,5,2,5,3,9
2019.0,-200.0,2.0,0.0,3,6,3,0,0,0,0,2,1,1,0,0,2,1,1,15,4,3,0,0,0,1,0,0,6,7,5,8,3
2019.0,120.0,0.0,0.0,3,6,3,0,0,0,1,9,0,1,0,1,9,1,1,15,4,3,0,0,0,1,1,0,6,7,5,8,3
2019.0,77.0,0.0,0.0,3,6,5,4,0,0,1,9,1,1,0,1,9,1,1,16,4,3,0,1,0,2,1,0,10,9,5,8,2
2019.0,0.0,0.0,0.0,3,12,5,0,3,0,2,8,1,1,1,1,8,1,1,17,4,3,0,1,0,0,0,0,6,5,5,6,5
2019.0,-73.0,1.0,0.0,2,6,3,0,0,0,1,5,1,1,0,1,5,1,1,17,4,3,0,1,0,2,1,0,6,8,5,8,3
2019.0,100.0,0.0,0.0,3,10,3,0,0,0,1,5,1,1,0,0,5,1,1,17,4,3,0,1,0,1,1,0,6,9,9,2,2
2019.0,-230.0,2.0,0.0,3,6,3,0,0,0,1,2,1,1,0,0,2,1,1,17,4,3,0,1,0,2,1,0,6,7,5,8,3
2019.0,-10.0,0.0,0.0,3,6,0,0,0,0,0,2,1,1,0,1,2,1,1,18,4,3,0,1,0,2,2,0,10,7,5,8,8
2019.0,40.0,1.0,0.0,2,12,0,0,0,3,1,8,1,1,0,1,8,1,1,18,4,3,0,1,0,1,1,0,6,2,5,9,7
2019.0,-75.0,0.0,0.0,3,2,0,0,0,0,1,9,1,1,0,0,9,1,1,19,4,3,0,1,0,2,1,0,6,9,5,3,2
2019.0,12.0,0.0,0.0,3,6,0,0,0,0,1,2,1,1,0,1,1,1,1,20,4,3,0,0,0,1,1,0,4,2,5,3,3
2019.0,-20.0,0.0,0.0,3,10,3,0,0,0,2,2,1,1,0,0,2,1,1,9,5,3,1,1,0,0,1,0,10,9,5,8,2
2019.0,0.0,0.0,0.0,3,10,3,0,0,0,0,5,1,1,0,1,5,1,1,9,5,3,1,1,0,2,1,0,5,5,5,9,9
2019.0,0.0,1.0,0.0,3,4,3,0,0,0,0,6,1,1,3,0,2,1,1,10,5,3,1,0,0,0,1,0,4,5,5,7,9
2019.0,0.0,0.0,0.0,3,2,3,0,0,0,2,5,1,1,0,0,9,1,1,13,5,3,1,0,0,0,2,0,5,2,5,3,9
2019.0,-60.0,0.0,0.0,3,2,3,0,0,0,2,1,1,1,0,0,1,1,1,15,5,3,1,0,0,0,1,0,10,2,5,3,9
2019.0,0.0,0.0,0.0,3,2,0,0,0,0,0,5,1,1,0,1,9,1,1,20,5,3,1,0,0,0,1,0,5,2,5,3,3
2019.0,70.0,0.0,0.0,3,6,1,0,0,0,1,1,1,1,0,0,1,1,1,21,5,3,1,0,0,1,2,0,10,7,5,8,3
2019.0,0.0,0.0,0.0,3,4,3,0,0,0,1,9,1,1,0,0,1,1,1,10,6,3,1,0,0,1,2,0,4,5,5,9,3
2019.0,0.0,2.0,0.0,2,2,3,0,0,0,1,9,1,1,0,0,2,1,1,17,6,3,1,1,0,1,2,0,4,9,5,3,3
2019.0,175.0,0.0,0.0,3,6,3,0,0,0,1,9,1,1,0,1,9,1,1,8,0,3,0,1,0,1,1,0,6,7,5,3,3
2019.0,-430.0,0.0,0.0,3,4,3,0,0,0,0,5,1,1,0,0,2,1,1,9,0,3,0,1,0,2,0,0,6,2,5,3,9
2019.0,-710.0,0.0,0.0,3,10,3,0,0,0,1,1,1,1,0,1,1,1,1,15,0,3,0,0,0,2,2,0,6,9,5,3,2
2019.0,-70.0,0.0,0.0,3,2,3,0,0,0,0,5,1,1,0,0,9,1,1,16,0,3,0,1,0,1,2,0,10,9,9,2,9
2019.0,-200.0,0.0,0.0,3,6,3,0,0,0,1,1,1,1,0,1,1,1,1,17,0,3,0,1,0,1,1,0,6,7,5,8,8
2019.0,0.0,0.0,0.0,3,4,3,0,0,0,1,2,1,1,0,0,5,1,1,17,0,3,0,1,0,1,1,0,4,2,5,3,9
2019.0,104.0,0.0,0.0,3,10,3,0,0,0,0,5,1,1,0,1,5,1,1,17,0,3,0,1,0,2,1,0,10,5,5,8,2
2019.0,0.0,0.0,0.0,3,11,4,0,0,0,0,1,1,1,0,0,7,1,1,18,0,3,0,1,0,1,1,0,4,4,5,3,9
2019.0,0.0,1.0,0.0,2,2,0,0,0,0,0,2,1,1,0,1,1,1,1,22,0,3,0,0,0,2,2,0,4,2,5,3,3
2019.0,0.0,0.0,0.0,3,2,0,0,0,0,2,1,1,1,0,1,5,1,1,3,1,3,0,0,0,0,1,0,6,2,5,3,9
2019.0,220.0,1.0,0.0,3,4,3,0,0,0,1,5,1,1,0,0,5,1,1,7,1,3,0,1,0,2,0,0,0,4,5,3,9
2019.0,346.0,2.0,0.0,3,4,3,0,0,0,1,3,1,1,0,1,9,1,1,7,1,3,0,1,0,0,1,0,0,5,5,3,9
2019.0,-112.0,0.0,0.0,3,6,3,0,0,0,0,2,1,1,0,1,2,1,1,13,1,3,0,0,0,2,1,0,10,7,5,8,3
2019.0,-125.0,0.0,0.0,3,6,3,0,0,0,1,1,1,1,0,0,1,1,1,14,1,3,0,0,0,1,2,0,10,8,5,8,3
2019.0,180.0,0.0,0.0,3,10,3,0,0,0,1,9,1,1,0,0,9,1,1,15,1,3,0,0,0,0,2,0,6,9,5,3,2
2019.0,-110.0,0.0,0.0,3,6,3,0,0,0,0,2,1,1,0,1,2,1,1,15,1,3,0,0,0,0,1,0,10,7,5,8,3
2019.0,-81.0,3.0,0.0,2,6,3,0,0,0,1,1,1,1,0,1,1,1,1,15,1,3,0,0,0,0,1,0,10,8,5,8,3
2019.0,0.0,0.0,0.0,3,4,3,0,0,0,1,4,1,1,0,1,5,1,1,15,1,3,0,0,0,1,2,0,4,2,5,3,9
2019.0,510.0,0.0,0.0,3,2,3,0,0,0,0,2,1,1,0,1,9,1,1,17,1,3,0,1,0,2,1,0,4,2,5,9,3
2019.0,129.0,2.0,0.0,2,6,3,0,0,0,1,5,1,1,0,1,5,1,1,18,1,3,0,1,0,1,1,0,0,5,5,8,0
2019.0,-360.0,2.0,0.0,2,2,0,0,0,0,0,3,1,1,0,0,9,1,1,19,1,3,0,1,0,1,1,0,6,2,5,3,9
2019.0,-30.0,0.0,0.0,3,6,0,0,0,0,2,1,1,1,0,1,1,1,1,19,1,3,0,1,0,0,1,0,10,7,5,8,5
2019.0,-53.0,1.0,0.0,1,10,3,0,0,0,1,1,1,1,1,1,9,1,1,7,2,3,0,1,0,0,2,0,6,7,5,6,3
2019.0,550.0,1.0,0.0,3,6,3,0,0,0,0,9,1,1,0,1,9,1,1,7,2,3,0,1,0,1,1,0,6,7,5,8,3
2019.0,0.0,0.0,0.0,3,4,3,0,0,0,1,1,1,1,0,1,9,1,1,7,2,3,0,1,0,1,1,0,4,2,5,3,9
2019.0,127.0,0.0,0.0,3,6,3,1,0,0,0,9,1,1,0,0,9,1,1,8,2,3,0,1,0,1,1,0,6,8,5,8,3
2019.0,-330.0,0.0,0.0,3,10,3,0,0,0,0,9,1,1,0,0,9,1,1,8,2,3,0,1,0,1,0,0,0,9,5,3,2
2019.0,-75.0,0.0,0.0,3,2,3,0,0,0,2,5,1,1,0,1,9,1,1,10,2,3,0,0,0,0,2,0,0,2,5,3,9
2019.0,61.0,1.0,0.0,2,2,3,0,0,3,0,5,1,1,0,1,9,1,1,11,2,3,0,0,0,1,1,0,10,2,5,9,7
2019.0,-135.0,0.0,0.0,3,10,3,0,0,0,1,1,1,1,0,1,1,1,1,11,2,3,0,0,0,1,0,0,10,9,5,8,3
2019.0,-535.0,0.0,0.0,3,10,3,0,0,0,1,9,1,1,0,0,9,1,1,12,2,3,0,0,0,1,1,0,0,9,5,3,2
2019.0,0.0,0.0,0.0,3,2,5,4,0,0,1,2,1,1,0,1,2,1,1,12,2,3,0,0,0,2,1,0,5,9,5,9,3
2019.0,110.0,1.0,0.0,2,9,3,0,0,0,1,5,1,1,0,0,2,1,1,13,2,3,0,0,0,1,2,0,6,7,5,3,3
2019.0,-64.0,0.0,0.0,3,10,3,0,0,0,1,1,1,1,0,0,1,1,1,14,2,3,0,0,0,1,1,0,10,8,5,8,3
2019.0,-49.0,0.0,0.0,3,3,3,0,0,0,1,1,1,1,0,0,9,1,1,14,2,3,0,0,0,0,2,0,10,9,5,9,6
2019.0,105.0,0.0,0.0,3,6,3,0,0,0,0,1,1,1,0,1,1,1,1,15,2,3,0,0,0,2,2,0,10,8,5,8,3
2019.0,-108.0,0.0,0.0,3,2,3,0,0,0,0,1,1,1,0,1,5,1,1,15,2,3,0,0,0,2,1,0,0,5,5,3,1
2019.0,0.0,0.0,0.0,3,6,5,4,0,0,1,2,1,1,0,1,2,1,1,16,2,3,0,1,0,1,0,0,5,8,5,8,3
2019.0,-313.0,0.0,0.0,3,6,3,0,0,0,0,1,1,1,0,1,1,1,1,17,2,3,0,1,0,1,0,0,6,8,5,8,3
2019.0,-240.0,0.0,0.0,3,6,5,4,0,0,0,1,1,1,0,0,1,1,1,17,2,3,0,1,0,1,1,0,6,8,5,8,3
2019.0,200.0,0.0,0.0,3,10,3,0,0,0,1,5,1,1,0,1,5,1,1,18,2,3,0,1,0,1,1,0,10,9,5,3,2
2019.0,175.0,1.0,0.0,2,2,3,0,0,0,1,1,1,1,0,0,5,1,1,18,2,3,0,1,0,2,1,0,6,2,5,3,9
2019.0,72.0,0.0,0.0,3,4,0,1,0,0,0,1,1,1,0,1,5,1,1,19,2,3,0,1,0,1,2,0,10,7,5,8,9
2019.0,-40.0,0.0,0.0,3,6,0,0,0,0,1,5,1,1,0,1,5,1,1,21,2,3,0,0,0,2,2,0,10,7,5,3,8
2019.0,125.0,2.0,0.0,2,6,3,0,0,0,0,5,1,1,0,1,5,1,1,8,3,3,0,1,0,1,1,0,10,8,5,8,3
2019.0,0.0,1.0,0.0,2,4,3,0,0,0,1,9,1,1,0,1,2,1,1,8,3,3,0,1,0,2,1,0,4,2,5,9,9
2019.0,-365.0,0.0,0.0,3,2,3,0,0,0,1,7,1,1,0,1,2,1,1,9,3,3,0,1,0,1,0,0,6,2,5,3,9
2019.0,383.0,1.0,0.0,2,5,3,0,0,3,1,2,1,1,0,1,1,1,1,11,3,3,0,0,0,1,1,0,0,5,5,9,5
2019.0,-300.0,0.0,0.0,3,10,3,1,0,0,1,1,1,1,0,1,1,1,1,15,3,3,0,0,0,0,2,0,6,9,5,3,2
2019.0,-69.0,0.0,0.0,3,6,3,0,0,0,1,1,1,1,0,1,1,1,1,16,3,3,0,1,0,1,1,0,10,8,5,8,3
2019.0,250.0,0.0,0.0,3,10,3,1,0,0,2,9,1,1,0,1,9,1,1,16,3,3,0,1,0,0,2,0,10,5,5,8,2
2019.0,100.0,0.0,0.0,3,6,3,0,0,0,2,5,1,1,0,0,5,1,1,17,3,3,0,1,0,0,1,0,6,8,5,8,3
2019.0,300.0,1.0,0.0,2,4,3,0,0,0,0,2,1,1,0,1,5,1,1,17,3,3,0,1,0,1,1,0,0,2,5,3,9
2019.0,-100.0,1.0,0.0,2,5,0,0,0,2,1,2,1,1,0,1,1,1,1,19,3,3,0,1,0,1,1,0,6,5,5,9,3
2019.0,0.0,1.0,0.0,3,4,3,0,0,0,1,3,1,1,0,0,9,1,1,8,4,3,0,1,0,2,2,0,4,2,5,3,9
2019.0,0.0,2.0,0.0,2,4,3,0,0,0,1,5,1,1,0,0,2,1,1,8,4,3,0,1,0,2,2,0,5,2,5,3,9
2019.0,-1475.0,0.0,0.0,3,6,3,0,0,0,1,9,1,1,0,1,9,1,1,10,4,3,0,0,0,2,2,0,0,8,5,8,3
2019.0,95.0,1.0,0.0,3,6,3,0,0,0,1,5,1,1,0,0,5,1,1,11,4,3,0,0,0,1,1,0,10,8,5,8,3
2019.0,-105.0,1.0,0.0,3,2,5,4,0,0,1,9,1,1,0,1,2,1,1,12,4,3,0,0,0,1,1,0,0,2,5,5,5
2019.0,90.0,2.0,0.0,2,10,3,0,0,0,0,5,1,1,0,0,5,1,1,13,4,3,0,0,0,1,1,0,10,9,5,3,2
2019.0,418.0,0.0,0.0,3,4,3,0,0,0,0,3,1,1,0,1,5,1,1,13,4,3,0,0,0,0,2,0,0,2,5,3,9
2019.0,0.0,0.0,0.0,3,4,3,0,0,0,1,7,1,1,0,1,2,1,1,13,4,3,0,0,0,2,1,0,5,2,5,3,9
2019.0,0.0,0.0,0.0,3,4,3,0,0,0,1,3,1,1,0,0,5,1,1,14,4,3,0,0,0,1,2,0,4,2,5,3,9
2019.0,763.0,1.0,0.0,2,2,3,0,0,0,1,5,1,1,0,1,1,1,1,14,4,3,0,0,0,1,2,0,0,5,5,3,9
2019.0,-650.0,3.0,0.0,3,6,3,0,0,0,1,5,1,1,0,0,5,1,1,15,4,3,0,0,0,1,1,0,6,7,5,8,3
2019.0,178.0,0.0,0.0,3,2,5,4,0,0,0,9,1,1,0,0,1,1,1,15,4,3,0,0,0,0,1,0,0,9,5,3,9
2019.0,-290.0,0.0,0.0,3,2,3,0,0,0,2,1,1,1,0,1,2,1,1,15,4,3,0,0,0,0,1,0,6,2,5,8,9
2019.0,-1228.0,0.0,0.0,3,6,3,0,0,0,1,5,0,1,0,1,5,1,1,16,4,3,0,1,0,2,2,0,6,5,7,8,3
2019.0,-332.0,1.0,0.0,2,2,5,4,0,2,1,9,1,1,0,0,2,1,1,16,4,3,0,1,0,2,1,0,0,5,5,9,7
2019.0,-68.0,1.0,0.0,2,6,3,0,0,0,1,1,1,1,0,0,1,1,1,17,4,3,0,1,0,2,1,0,10,8,5,8,3
2019.0,48.0,0.0,0.0,3,6,3,0,0,0,1,9,1,1,0,1,9,1,1,18,4,3,0,1,0,2,1,0,10,8,5,8,3
2019.0,0.0,0.0,0.0,3,4,4,0,0,0,0,5,1,1,0,0,1,1,1,18,4,3,0,1,0,1,1,0,5,2,5,9,3
2019.0,250.0,2.0,0.0,2,2,0,0,0,0,0,5,1,1,0,1,9,1,1,19,4,3,0,1,0,2,1,0,0,2,5,3,9
2019.0,200.0,0.0,0.0,3,4,0,0,0,0,1,2,1,1,0,1,1,1,1,20,4,3,0,0,0,2,1,0,10,4,5,3,9
2019.0,0.0,1.0,0.0,3,2,0,0,0,0,1,1,1,1,2,0,2,1,1,21,4,3,0,0,0,1,1,0,4,5,2,3,9
2019.0,300.0,0.0,0.0,3,4,5,4,3,0,2,2,1,1,0,1,9,1,1,22,4,3,0,0,0,0,2,0,0,5,5,3,9
2019.0,-25.0,0.0,0.0,3,4,3,0,0,0,1,5,1,1,0,0,6,1,1,11,5,3,1,0,0,1,2,0,10,2,9,3,2
2019.0,-130.0,1.0,0.0,1,2,3,4,3,0,2,7,1,1,2,1,5,1,1,12,5,3,1,0,0,0,1,0,6,5,5,5,5
2019.0,0.0,0.0,0.0,3,4,0,0,0,0,1,2,1,1,0,1,5,1,1,20,5,3,1,0,0,2,2,0,4,2,5,3,9
2019.0,377.0,1.0,0.0,2,4,0,0,0,0,1,2,1,1,0,0,9,1,1,20,5,3,1,0,0,1,1,0,6,2,5,3,9
2019.0,0.0,0.0,0.0,3,4,0,0,0,0,1,9,1,1,0,0,2,1,1,22,5,3,1,0,0,1,2,0,5,4,5,3,9
2019.0,-30.0,0.0,0.0,3,6,3,0,0,0,2,1,1,1,0,1,1,1,1,6,6,3,1,0,0,0,1,0,6,2,5,9,3
2019.0,-75.0,1.0,0.0,2,4,3,0,0,0,0,1,1,1,0,1,5,1,1,6,6,3,1,0,0,1,1,0,10,5,5,9,3
2019.0,-15.0,0.0,0.0,3,6,3,0,0,0,0,9,1,1,0,0,9,1,1,12,6,3,1,0,0,0,1,0,10,5,5,3,5
2019.0,-150.0,0.0,0.0,3,6,3,0,0,0,1,2,1,1,0,1,2,1,1,13,6,3,1,0,0,1,1,0,6,7,5,8,3
2019.0,0.0,1.0,0.0,3,2,3,0,0,0,0,5,1,1,0,1,2,1,1,16,6,3,1,1,0,0,2,0,4,2,5,9,3
2019.0,85.0,1.0,0.0,2,10,3,0,0,0,1,1,1,0,1,1,1,1,1,17,6,3,1,1,0,1,1,0,6,7,5,6,3
2019.0,0.0,4.0,0.0,2,2,3,0,0,0,1,2,1,1,0,0,1,1,1,7,0,3,0,1,0,2,0,0,4,2,5,3,3
2019.0,153.0,1.0,0.0,2,6,3,0,0,0,0,1,1,1,1,1,1,1,1,7,0,3,0,1,0,1,1,0,6,7,5,6,3
2019.0,0.0,0.0,0.0,3,10,3,4,3,0,2,1,1,1,0,0,1,1,1,8,0,3,0,1,0,0,1,0,6,9,5,8,2
2019.0,-107.0,0.0,0.0,3,2,3,0,0,0,1,2,1,1,0,1,5,1,1,8,0,3,0,1,0,1,1,0,10,2,5,3,9
2019.0,1200.0,0.0,0.0,3,6,3,0,0,0,0,2,1,1,0,0,2,1,1,8,0,3,0,1,0,2,1,0,6,8,5,8,3
2019.0,-50.0,1.0,0.0,2,6,3,0,0,0,1,9,1,1,0,1,9,1,1,12,0,3,0,0,0,2,1,0,6,8,5,8,3
2019.0,-112.0,0.0,0.0,3,6,3,0,0,0,1,5,1,1,0,1,5,1,1,12,0,3,0,0,0,1,1,0,10,7,5,8,3
2019.0,-65.0,0.0,0.0,3,6,3,0,0,0,0,5,1,1,0,0,2,1,1,14,0,3,0,0,0,1,1,0,10,5,5,8,1
2019.0,100.0,0.0,0.0,3,6,3,0,0,0,0,5,1,1,0,1,5,1,1,16,0,3,0,1,0,1,1,0,10,7,5,8,3
2019.0,0.0,1.0,0.0,3,4,3,0,0,0,0,1,1,1,0,0,9,1,1,16,0,3,0,1,0,1,2,0,4,2,7,3,9
2019.0,280.0,0.0,0.0,3,6,3,0,0,0,1,1,1,1,0,0,1,1,1,16,0,3,0,1,0,1,1,0,6,8,5,8,8
2019.0,100.0,1.0,0.0,3,6,3,0,0,0,2,5,1,1,0,0,5,1,1,16,0,3,0,1,0,0,1,0,10,8,5,8,3
2019.0,88.0,0.0,0.0,3,10,3,0,0,0,2,1,1,1,0,1,1,1,1,17,0,3,0,1,0,0,1,0,6,9,5,3,2
2019.0,0.0,0.0,0.0,3,4,3,0,0,0,0,9,1,1,0,1,1,1,1,17,0,3,0,1,0,1,2,0,4,2,5,3,9
2019.0,0.0,1.0,0.0,3,4,3,0,0,0,0,9,1,1,2,0,1,1,1,17,0,3,0,1,0,1,1,0,5,2,5,3,9
2019.0,0.0,0.0,0.0,3,4,3,0,0,0,0,2,1,1,0,0,5,1,1,18,0,3,0,1,0,2,2,0,4,2,5,3,9
2019.0,0.0,1.0,0.0,2,12,3,0,0,0,1,9,1,1,0,0,1,1,1,18,0,3,0,1,0,1,1,0,4,2,5,3,9
2019.0,0.0,1.0,0.0,2,2,4,0,0,0,0,1,1,1,2,1,1,1,1,18,0,3,0,1,0,2,1,0,4,5,5,3,9
2019.0,41.0,1.0,0.0,3,6,4,0,0,0,1,1,1,1,0,1,1,1,1,18,0,3,0,1,0,1,0,0,10,8,5,8,3
2019.0,60.0,0.0,0.0,3,10,3,0,0,0,0,1,1,1,0,1,1,1,1,18,0,3,0,1,0,2,1,0,10,9,5,3,2
2019.0,-1000.0,0.0,0.0,3,6,4,4,0,0,0,2,0,1,0,0,2,1,1,18,0,3,0,1,0,2,1,0,6,7,5,8,3
2019.0,10.0,0.0,0.0,3,6,0,0,0,0,1,9,1,1,0,1,9,1,1,20,0,3,0,0,0,2,1,0,3,7,5,9,9
2019.0,0.0,2.0,0.0,2,4,0,0,0,0,0,6,1,1,0,1,2,1,1,22,0,3,0,0,0,2,1,0,4,2,5,3,9
2019.0,0.0,0.0,0.0,3,6,0,0,0,0,1,2,1,1,0,0,2,1,1,23,0,3,0,0,0,2,2,0,4,7,5,3,3
2019.0,92.0,1.0,0.0,3,6,3,0,0,0,0,5,1,1,0,0,5,1,1,6,1,3,0,0,0,1,0,0,10,8,5,8,3
2019.0,300.0,0.0,0.0,3,10,3,0,0,0,0,5,1,1,0,1,5,1,1,6,1,3,0,0,0,1,1,0,6,9,5,3,3
2019.0,-115.0,0.0,0.0,3,10,3,0,0,0,0,1,1,1,0,1,1,1,1,7,1,3,0,1,0,1,1,0,6,9,5,3,2
2019.0,-168.0,0.0,0.0,3,12,3,0,0,0,0,2,1,1,0,1,2,1,1,7,1,3,0,1,0,1,2,0,6,8,5,8,3
2019.0,-69.0,2.0,0.0,2,6,3,0,0,0,1,2,1,1,0,1,2,1,1,8,1,3,0,1,0,1,1,0,10,7,5,8,3
2019.0,-46.0,0.0,0.0,3,10,3,0,0,0,1,9,1,1,0,1,9,1,1,8,1,3,0,1,0,2,1,0,10,9,5,9,9
2019.0,255.0,0.0,0.0,3,6,3,0,0,0,0,5,1,1,0,0,5,1,1,12,1,3,0,0,0,2,1,0,6,7,5,8,3
2019.0,-522.0,0.0,0.0,3,2,5,4,0,0,0,2,1,1,0,0,9,1,1,13,1,3,0,0,0,0,2,0,0,2,5,8,9
2019.0,125.0,0.0,0.0,3,6,3,0,0,0,1,1,1,1,0,1,1,1,1,13,1,3,0,0,0,1,0,0,6,8,5,8,3
2019.0,0.0,0.0,0.0,3,4,3,0,0,0,0,1,1,1,0,1,9,1,1,15,1,3,0,0,0,2,1,0,4,2,5,3,9
2019.0,0.0,0.0,0.0,3,2,3,1,0,0,0,1,1,1,0,1,2,1,1,16,1,3,0,1,0,2,2,0,4,2,5,3,3
2019.0,-82.0,1.0,0.0,2,6,3,0,0,0,2,1,1,1,0,1,1,1,1,16,1,3,0,1,0,0,1,0,10,7,5,8,3
2019.0,0.0,0.0,0.0,3,4,3,1,0,0,0,9,1,1,0,0,1,1,1,17,1,3,0,1,0,1,1,0,4,2,5,3,9
2019.0,275.0,0.0,0.0,3,10,3,1,0,0,0,1,1,1,0,1,1,1,1,17,1,3,0,1,0,1,1,0,6,9,5,8,2
2019.0,0.0,0.0,0.0,3,2,0,0,0,0,0,5,1,1,0,0,5,1,1,19,1,3,0,1,0,1,1,0,5,4,5,3,2
2019.0,0.0,0.0,0.0,3,2,0,0,0,0,0,7,1,1,0,1,4,1,1,20,1,3,0,0,0,2,0,0,6,2,5,9,9
2019.0,0.0,0.0,0.0,3,2,0,4,0,0,1,5,1,1,0,1,5,1,1,22,1,3,0,0,0,1,2,0,4,9,5,3,9
2019.0,234.0,3.0,0.0,2,6,3,0,0,0,1,9,1,1,0,0,9,1,1,7,2,3,0,1,0,1,1,0,10,8,5,8,3
2019.0,597.0,0.0,0.0,3,4,3,0,0,0,0,9,1,1,0,0,1,1,1,10,2,3,0,0,0,1,0,0,0,2,5,3,9
2019.0,0.0,2.0,0.0,2,2,3,0,0,0,1,9,1,1,0,1,5,1,1,10,2,3,0,0,0,1,1,0,4,2,5,3,3
2019.0,100.0,0.0,0.0,3,6,3,0,0,0,1,5,1,1,0,0,5,1,1,12,2,3,0,0,0,1,2,0,10,8,5,8,3
2019.0,94.0,0.0,0.0,3,6,3,0,0,0,0,9,1,1,0,0,9,1,1,16,2,3,0,1,0,0,2,0,10,8,5,8,3
2019.0,379.0,0.0,0.0,3,2,5,4,0,0,2,5,1,1,0,1,9,1,1,16,2,3,0,1,0,0,0,0,0,2,5,8,9
2019.0,583.0,0.0,0.0,3,10,3,1,0,0,1,5,1,1,0,0,5,1,1,17,2,3,0,1,0,2,1,0,6,9,5,3,2
2019.0,0.0,0.0,0.0,3,2,3,0,0,0,1,9,1,1,0,0,2,1,1,17,2,3,0,1,0,1,2,0,4,2,5,3,3
2019.0,118.0,0.0,0.0,3,6,3,0,0,0,1,5,1,1,0,0,5,1,1,18,2,3,0,1,0,2,1,0,10,8,5,8,3