Year,Distance,Totalinjuries,Totalfatalities,Injuryseverity,Collisionmanner,Lightcondition,Weather,SurfaceCondition,Unittype_One,Gender_Drv1,Traveldirection_One,AlcoholUse_Drv1,DrugUse_Drv1,Unittype_Two,Gender_Drv2,Traveldirection_Two,AlcoholUse_Drv2,DrugUse_Drv2,Hour,Weekday,Month,Weekend,Rush_Hour,Hazardous_Road,Age_Group_Drv1,Age_Group_Drv2,Substance_Use,Junction_Category,Violation_Category_Drv1,Violation_Category_Drv2,Unitaction_Category_Two,Unitaction_Category_One
2019.0,0.0,1.0,1.0,0,4,0,0,0,0,1,9,0,1,0,0,1,1,1,23,2,3,0,0,0,1,0,0,4,7,2,9,3
2019.0,-100.0,0.0,0.0,3,12,0,4,0,0,2,1,1,1,1,1,9,1,1,3,3,3,0,0,0,0,1,0,6,9,5,6,3
2019.0,-200.0,1.0,0.0,2,6,0,0,0,0,0,1,1,1,0,0,1,1,1,3,3,3,0,0,0,1,1,0,6,8,5,3,3
2019.0,0.0,1.0,0.0,3,4,3,0,0,0,0,1,1,1,0,0,9,1,1,7,3,3,0,1,0,1,1,0,4,5,2,3,9
2019.0,95.0,1.0,0.0,3,6,3,0,0,0,1,9,1,1,0,1,9,1,1,7,3,3,0,1,0,1,2,0,10,8,5,8,3
2019.0,-735.0,1.0,0.0,3,6,3,0,0,0,0,2,1,1,0,0,2,1,1,8,3,3,0,1,0,1,1,0,6,7,5,8,3
2019.0,-65.0,0.0,0.0,3,6,3,0,0,0,1,2,1,1,0,1,2,1,1,8,3,3,0,1,0,1,1,0,6,5,5,8,3
2019.0,0.0,0.0,0.0,3,10,3,0,0,0,0,2,1,1,0,0,5,1,1,8,3,3,0,1,0,2,1,0,4,2,5,9,9
2019.0,0.0,3.0,0.0,2,2,3,0,0,0,1,9,1,1,0,0,2,1,1,9,3,3,0,1,0,1,1,0,4,2,5,3,3
2019.0,-194.0,1.0,0.0,3,10,3,0,0,0,1,2,1,1,0,1,2,1,1,9,3,3,0,1,0,1,1,0,10,7,5,8,3
2019.0,0.0,0.0,0.0,3,4,3,0,0,0,1,9,1,1,0,1,1,1,1,10,3,3,0,0,0,1,1,0,4,2,5,9,3
2019.0,-118.0,1.0,0.0,3,6,3,0,0,0,1,2,1,1,0,1,2,1,1,13,3,3,0,0,0,1,2,0,6,7,5,8,3
2019.0,0.0,0.0,0.0,3,10,3,0,0,0,1,5,1,1,0,0,5,1,1,15,3,3,0,0,0,1,1,0,4,5,5,9,9
2019.0,-30.0,0.0,0.0,3,6,3,0,0,0,0,2,1,1,0,0,2,1,1,15,3,3,0,0,0,2,2,0,10,8,5,8,3
2019.0,215.0,0.0,0.0,3,10,3,0,0,0,2,9,1,1,0,0,9,1,1,15,3,3,0,0,0,0,1,0,0,5,5,9,2
2019.0,30.0,0.0,0.0,3,6,3,0,0,0,1,5,1,1,0,1,5,1,1,15,3,3,0,0,0,1,1,0,10,8,5,8,3
2019.0,0.0,0.0,0.0,3,4,3,0,0,0,2,2,1,1,0,1,1,1,1,15,3,3,0,0,0,0,1,0,5,2,5,9,3
2019.0,-350.0,0.0,0.0,3,6,3,0,0,0,0,1,1,1,0,0,1,1,1,15,3,3,0,0,0,1,0,0,6,7,5,8,3
2019.0,644.0,0.0,0.0,3,10,3,0,0,0,1,9,1,1,0,0,9,1,1,16,3,3,0,1,0,1,2,0,6,9,5,3,2
2019.0,1700.0,0.0,0.0,3,3,3,0,0,0,0,2,1,1,0,1,5,1,1,16,3,3,0,1,0,2,2,0,6,7,5,8,2
2019.0,0.0,0.0,0.0,3,4,3,0,0,0,0,2,1,1,0,1,5,1,1,17,3,3,0,1,0,2,1,0,4,4,5,3,9
2019.0,0.0,0.0,0.0,3,3,0,0,0,0,0,5,1,1,0,1,2,1,1,19,3,3,0,1,0,2,1,0,4,2,5,3,9
2019.0,-450.0,0.0,0.0,3,10,0,0,0,0,0,2,1,1,0,0,2,1,1,20,3,3,0,0,0,2,2,0,6,9,5,3,2
2019.0,68.0,0.0,0.0,3,6,0,0,0,0,0,1,1,1,0,0,1,1,1,21,3,3,0,0,0,0,2,0,6,7,5,8,3
2019.0,0.0,0.0,0.0,3,4,0,4,0,0,0,6,1,1,0,1,2,1,1,21,3,3,0,0,0,2,2,0,4,5,5,3,9
2019.0,0.0,1.0,0.0,1,6,3,0,0,0,0,9,1,1,0,1,9,1,1,7,4,3,0,1,0,1,1,0,5,7,5,8,3
2019.0,0.0,1.0,0.0,2,4,3,0,0,0,1,5,1,1,0,1,1,1,1,9,4,3,0,1,0,1,2,0,4,5,5,9,3
2019.0,-124.0,1.0,0.0,2,6,3,0,0,0,1,2,1,1,0,0,2,1,1,10,4,3,0,0,0,0,2,0,10,8,5,8,3
2019.0,30.0,0.0,0.0,3,6,3,0,0,0,1,9,1,1,0,0,9,1,1,11,4,3,0,0,0,0,1,0,10,5,5,8,1
2019.0,0.0,2.0,0.0,2,4,3,0,0,0,0,1,1,1,0,0,9,1,1,12,4,3,0,0,0,1,2,0,4,2,5,9,3
2019.0,-57.0,0.0,0.0,3,10,3,0,0,0,1,1,1,1,0,1,1,1,1,14,4,3,0,0,0,1,1,0,10,4,5,9,9
2019.0,0.0,0.0,0.0,3,10,3,0,0,0,2,8,1,1,0,0,5,1,1,14,4,3,0,0,0,0,1,0,5,5,5,3,5
2019.0,-210.0,0.0,0.0,3,4,3,0,0,0,0,9,1,1,0,0,5,1,1,14,4,3,0,0,0,1,1,0,6,4,5,3,9
2019.0,110.0,0.0,0.0,3,10,3,0,0,0,2,9,1,1,0,1,9,1,1,14,4,3,0,0,0,0,1,0,10,9,5,3,2
2019.0,0.0,0.0,0.0,3,10,3,0,0,0,0,9,1,1,0,0,9,1,1,15,4,3,0,0,0,1,1,0,5,5,5,9,9
2019.0,81.0,0.0,0.0,3,10,3,0,0,0,2,9,1,1,0,0,9,1,1,16,4,3,0,1,0,0,1,0,10,9,5,3,2
2019.0,20.0,0.0,0.0,3,10,3,0,0,0,0,5,1,1,0,0,5,1,1,16,4,3,0,1,0,1,0,0,6,7,5,3,3
2019.0,-80.0,0.0,0.0,3,6,3,0,0,0,2,1,1,1,0,0,1,1,1,16,4,3,0,1,0,0,1,0,6,7,5,3,3
2019.0,0.0,2.0,0.0,3,4,3,0,0,0,1,5,1,1,0,1,2,1,1,17,4,3,0,1,0,1,1,0,5,2,5,3,9
2019.0,-700.0,0.0,0.0,3,6,3,0,0,0,0,5,1,1,0,1,5,1,1,17,4,3,0,1,0,1,1,0,10,8,5,8,3
2019.0,80.0,1.0,0.0,3,6,3,0,0,0,2,1,1,1,0,1,1,1,1,17,4,3,0,1,0,0,2,0,10,7,5,8,3
2019.0,-0.33,0.0,0.0,3,6,0,0,0,0,0,1,1,1,0,0,1,1,1,20,4,3,0,0,0,1,2,0,6,5,5,5,5
2019.0,0.0,2.0,0.0,2,2,3,0,0,0,0,6,1,1,0,0,2,1,1,8,5,3,1,1,0,2,1,0,5,4,5,3,9
2019.0,0.0,0.0,0.0,3,2,3,0,0,0,0,2,1,1,0,0,2,1,1,12,5,3,1,0,0,2,1,0,5,4,5,3,9
2019.0,200.0,0.0,0.0,3,6,3,0,0,0,1,5,1,1,0,1,5,1,1,14,5,3,1,0,0,1,1,0,10,8,5,8,3
2019.0,0.0,1.0,0.0,3,4,3,0,0,0,0,8,1,1,0,1,8,1,1,15,5,3,1,0,0,1,1,0,4,2,5,9,3
2019.0,0.0,0.0,0.0,3,6,3,0,0,0,0,2,1,1,0,0,2,1,1,16,5,3,1,1,0,1,2,0,4,8,5,3,3
2019.0,0.0,0.0,0.0,3,4,4,0,0,0,1,9,1,1,0,1,1,1,1,18,5,3,1,1,0,1,2,0,5,2,5,3,9
2019.0,-300.0,0.0,0.0,3,12,4,0,0,0,2,8,1,1,1,1,1,1,1,18,5,3,1,1,0,0,1,0,6,7,5,6,5
2019.0,23.0,0.0,0.0,3,6,3,0,0,0,0,1,1,1,0,0,1,1,1,18,5,3,1,1,0,1,1,0,6,7,5,8,3
2019.0,20.0,0.0,0.0,3,10,4,0,0,0,0,9,1,1,0,1,9,1,1,18,5,3,1,1,0,1,2,0,10,9,5,8,2
2019.0,28.0,0.0,0.0,3,6,0,0,0,0,1,5,1,1,0,1,5,1,1,20,5,3,1,0,0,1,1,0,10,5,5,5,5
2019.0,265.0,0.0,0.0,3,2,0,0,0,0,1,2,1,1,1,1,1,1,1,20,5,3,1,0,0,0,1,0,6,7,5,6,9
2019.0,0.0,0.0,0.0,3,6,0,1,0,0,2,9,1,1,0,1,9,1,1,22,5,3,1,0,0,0,2,0,4,5,5,8,3
2019.0,45.0,0.0,0.0,3,6,0,0,0,0,0,5,0,1,0,1,5,1,1,1,6,3,1,0,0,1,2,0,6,7,5,8,3
2019.0,0.0,0.0,0.0,3,2,3,0,0,0,1,3,1,1,0,0,3,1,1,9,6,3,1,1,0,1,1,0,5,4,5,9,9
2019.0,0.0,0.0,0.0,3,4,3,0,0,0,1,2,1,1,0,1,5,1,1,14,6,3,1,0,0,2,2,0,5,2,5,3,9
2019.0,-60.0,0.0,0.0,3,6,3,0,0,0,0,2,1,1,0,1,2,1,1,16,6,3,1,1,0,2,1,0,10,8,5,8,3
2019.0,0.0,0.0,0.0,3,4,3,0,0,0,1,2,1,1,0,1,2,1,1,17,6,3,1,1,0,1,2,0,4,9,5,9,3
2019.0,75.0,0.0,0.0,3,10,3,0,0,0,1,9,1,1,0,1,9,1,1,17,6,3,1,1,0,1,1,0,10,9,5,3,3
2019.0,100.0,1.0,0.0,2,5,0,0,0,2,1,9,1,1,0,0,2,1,1,20,6,3,1,0,0,1,2,0,6,5,5,5,5
2019.0,0.0,0.0,0.0,3,2,3,0,0,0,1,2,1,1,0,1,2,1,1,6,0,4,0,0,0,1,0,0,4,5,5,8,9
2019.0,0.0,2.0,0.0,2,4,3,0,0,0,1,5,1,1,0,1,2,1,1,8,0,4,0,1,0,0,1,0,4,2,5,3,9
2019.0,-350.0,1.0,0.0,2,4,3,0,0,0,1,9,1,1,0,1,2,1,1,8,0,4,0,1,0,1,0,0,0,2,5,3,9
2019.0,0.0,0.0,0.0,3,4,2,0,0,0,1,9,1,1,0,1,1,1,1,10,0,4,0,0,0,2,1,0,5,2,5,3,9
2019.0,35.0,0.0,0.0,3,6,3,0,0,0,1,9,1,1,0,0,9,1,1,11,0,4,0,0,0,2,1,0,6,7,5,8,3
2019.0,200.0,0.0,0.0,3,6,3,0,3,0,1,5,1,1,0,0,5,1,1,12,0,4,0,0,0,1,2,0,10,5,5,3,3
2019.0,-290.0,0.0,0.0,3,4,3,0,0,0,0,2,1,1,0,1,1,1,1,12,0,4,0,0,0,2,1,0,0,2,5,2,9
2019.0,-30.0,0.0,0.0,3,6,3,0,0,0,0,1,1,1,0,0,1,1,1,13,0,4,0,0,0,1,0,0,10,7,5,8,3
2019.0,90.0,0.0,0.0,3,6,3,0,0,0,1,9,1,1,0,1,9,1,1,15,0,4,0,0,0,2,2,0,10,7,5,8,3
2019.0,850.0,2.0,0.0,3,2,3,0,0,0,1,5,1,1,0,0,9,1,1,15,0,4,0,0,0,2,1,0,6,2,5,3,9
2019.0,-75.0,1.0,0.0,3,6,3,0,0,0,1,5,1,1,0,1,5,1,1,15,0,4,0,0,0,1,1,0,10,7,5,8,3
2019.0,0.0,0.0,0.0,3,4,3,0,0,0,0,2,1,1,0,1,5,1,1,15,0,4,0,0,0,2,2,0,4,2,5,3,9
2019.0,257.0,0.0,0.0,3,6,3,0,0,0,1,1,1,1,0,1,1,1,1,16,0,4,0,1,0,0,1,0,6,7,5,8,3
2019.0,-75.0,0.0,0.0,3,6,3,0,0,0,2,1,1,1,0,1,1,1,1,17,0,4,0,1,0,0,1,0,10,8,5,8,3
2019.0,135.0,0.0,0.0,3,2,3,0,0,0,1,6,1,1,0,1,9,1,1,17,0,4,0,1,0,2,0,0,6,2,5,3,9
2019.0,-77.0,0.0,0.0,3,6,3,0,0,0,1,1,1,1,0,0,1,1,1,17,0,4,0,1,0,1,2,0,10,8,5,8,3
2019.0,-15.0,1.0,0.0,2,2,3,0,0,2,0,9,1,1,0,1,2,1,1,18,0,4,0,1,0,2,1,0,10,5,5,9,3
2019.0,0.0,0.0,0.0,3,4,5,0,0,0,1,2,1,1,0,1,5,1,1,21,0,4,0,0,0,1,1,0,4,2,5,5,5
2019.0,-200.0,0.0,0.0,3,6,0,0,3,0,2,8,1,1,0,1,8,1,1,23,0,4,0,0,0,0,2,0,6,5,5,6,5
2019.0,225.0,0.0,0.0,3,2,3,0,0,0,1,9,1,1,0,0,5,1,1,8,1,4,0,1,0,2,0,0,0,2,5,3,9
2019.0,-660.0,2.0,0.0,3,4,3,0,0,0,1,2,1,1,0,1,5,1,1,8,1,4,0,1,0,1,1,0,0,2,5,3,9
2019.0,0.0,2.0,0.0,2,4,3,0,0,0,1,1,1,1,0,0,9,1,1,12,1,4,0,0,0,0,1,0,5,2,5,3,9
2019.0,-102.0,0.0,0.0,3,11,3,0,0,0,1,2,1,1,0,1,2,1,1,14,1,4,0,0,0,1,1,0,10,9,5,3,9
2019.0,-123.0,0.0,0.0,3,6,4,0,0,0,0,5,1,1,0,1,5,1,1,15,1,4,0,0,0,0,2,0,6,7,5,6,3
2019.0,-275.0,0.0,0.0,3,4,3,0,0,0,1,2,1,1,0,0,1,1,1,16,1,4,0,1,0,1,1,0,0,2,5,3,9
2019.0,-82.0,0.0,0.0,3,6,3,0,0,0,0,2,1,1,0,1,2,1,1,17,1,4,0,1,0,1,1,0,10,8,5,8,3
2019.0,0.0,0.0,0.0,3,2,5,4,0,0,1,1,1,1,0,1,9,1,1,17,1,4,0,1,0,1,1,0,4,4,5,3,9
2019.0,165.0,0.0,0.0,3,10,0,0,0,0,1,1,1,1,0,1,1,1,1,4,2,4,0,0,0,2,1,0,10,9,5,3,2
2019.0,125.0,0.0,0.0,3,6,0,0,0,0,0,1,1,1,0,1,1,1,1,4,2,4,0,0,0,0,1,0,10,9,5,3,2
2019.0,-275.0,2.0,0.0,2,6,3,0,0,0,0,1,1,1,0,1,1,1,1,7,2,4,0,1,0,1,1,0,6,8,5,8,3
2019.0,72.0,0.0,0.0,3,6,3,0,0,0,0,9,1,1,0,1,9,1,1,11,2,4,0,0,0,2,2,0,10,8,5,8,3
2019.0,0.0,0.0,0.0,3,4,3,0,0,0,1,9,1,1,0,1,1,1,1,11,2,4,0,0,0,1,1,0,4,2,5,3,9
2019.0,180.0,0.0,0.0,3,10,3,0,0,0,0,1,1,1,0,1,1,1,1,12,2,4,0,0,0,2,1,0,6,9,5,3,2
2019.0,100.0,0.0,0.0,3,10,3,0,0,0,0,2,1,1,0,1,2,1,1,12,2,4,0,0,0,0,0,0,10,9,5,3,2
2019.0,155.0,0.0,0.0,3,6,3,0,0,0,1,5,1,0,0,1,5,1,1,12,2,4,0,0,0,1,1,0,10,7,5,8,3
2019.0,30.0,1.0,0.0,3,6,5,4,0,0,1,9,1,1,0,1,9,1,1,13,2,4,0,0,0,1,1,0,10,8,5,8,3
2019.0,54.0,1.0,0.0,2,6,3,0,0,0,1,1,1,1,0,0,1,1,1,13,2,4,0,0,0,2,1,0,10,8,5,8,3
2019.0,-145.0,2.0,0.0,2,6,3,0,0,0,1,2,1,1,0,1,2,1,1,13,2,4,0,0,0,1,0,0,6,8,5,8,3
2019.0,-123.0,0.0,0.0,3,2,3,0,0,0,1,7,1,1,0,1,9,1,1,15,2,4,0,0,0,1,0,0,0,2,5,3,9
2019.0,-175.0,2.0,0.0,2,2,5,4,0,0,0,2,1,1,0,1,5,1,1,15,2,4,0,0,0,1,1,0,0,2,5,3,9
2019.0,404.0,0.0,0.0,3,6,3,0,0,0,1,9,1,1,0,0,9,1,1,16,2,4,0,1,0,2,1,0,10,7,5,8,3
2019.0,-304.0,1.0,0.0,2,2,3,0,0,0,0,2,1,1,0,1,1,1,1,17,2,4,0,1,0,1,2,0,0,2,5,3,9
2019.0,0.0,0.0,0.0,3,4,3,0,0,0,1,9,1,1,0,1,1,1,1,17,2,4,0,1,0,0,1,0,4,2,5,3,9
2019.0,0.0,1.0,0.0,2,5,4,0,0,2,1,5,1,1,0,0,9,1,1,18,2,4,0,1,0,1,1,0,5,5,5,3,9
2019.0,50.0,0.0,0.0,3,6,0,0,0,0,1,5,1,1,0,0,5,1,1,19,2,4,0,1,0,2,2,0,10,7,5,8,3
2019.0,145.0,0.0,0.0,3,2,0,0,0,0,0,4,1,1,0,0,9,1,1,22,2,4,0,0,0,2,0,0,0,2,5,8,9
2019.0,0.0,0.0,0.0,3,2,0,0,0,0,1,9,1,1,0,1,5,1,1,2,3,4,0,0,0,1,1,0,5,2,5,3,3
2019.0,-755.0,1.0,0.0,3,4,3,0,0,0,1,7,1,1,0,1,2,1,1,7,3,4,0,1,0,2,1,0,0,2,5,3,9
2019.0,60.0,1.0,0.0,3,6,3,0,0,0,0,9,1,1,0,0,9,1,1,8,3,4,0,1,0,1,1,0,10,8,5,8,3
2019.0,480.0,0.0,0.0,3,10,3,1,0,0,0,5,1,1,0,1,5,1,1,8,3,4,0,1,0,1,1,0,6,9,5,3,2
2019.0,-354.0,2.0,0.0,3,4,3,1,0,0,1,9,1,1,0,1,2,1,1,8,3,4,0,1,0,2,1,0,0,2,5,3,9
2019.0,-340.0,0.0,0.0,3,10,5,4,0,0,0,1,1,1,0,0,1,1,1,9,3,4,0,1,0,1,1,0,6,9,5,3,2
2019.0,221.0,2.0,0.0,3,6,3,0,0,0,1,9,1,1,0,0,9,1,1,10,3,4,0,0,0,1,2,0,9,8,5,8,8
2019.0,0.0,0.0,0.0,3,10,3,0,0,0,0,5,1,1,0,1,5,1,1,12,3,4,0,0,0,1,1,0,4,9,5,3,2
2019.0,-125.0,0.0,0.0,3,6,3,1,0,0,1,5,1,1,0,0,5,1,1,13,3,4,0,0,0,1,0,0,6,8,5,8,3
2019.0,120.0,0.0,0.0,3,6,5,4,0,0,1,9,1,1,0,1,9,1,1,13,3,4,0,0,0,1,1,0,10,9,5,8,2
2019.0,-38.0,1.0,0.0,3,6,3,0,0,0,1,2,1,1,0,0,2,1,1,13,3,4,0,0,0,1,0,0,10,7,5,8,3
2019.0,263.0,3.0,0.0,3,2,3,0,0,0,0,5,1,1,0,0,9,1,1,15,3,4,0,0,0,1,1,0,0,2,5,3,9
2019.0,-30.0,0.0,0.0,3,10,3,0,0,0,1,1,1,1,0,0,5,1,1,15,3,4,0,0,0,2,1,0,10,8,5,9,3
2019.0,-180.0,0.0,0.0,3,2,3,0,0,0,0,1,1,1,0,0,5,1,1,17,3,4,0,1,0,2,1,0,0,2,5,3,9
2019.0,-460.0,0.0,0.0,3,4,3,0,0,0,1,2,1,1,0,1,1,1,1,17,3,4,0,1,0,1,1,0,6,2,9,3,9
2019.0,0.0,2.0,0.0,2,4,5,4,0,0,1,9,1,1,0,1,1,1,1,17,3,4,0,1,0,2,1,0,4,2,5,3,9
2019.0,-221.0,0.0,0.0,3,2,3,0,0,0,1,1,1,1,0,0,5,1,1,18,3,4,0,1,0,1,1,0,6,2,5,3,9
2019.0,300.0,2.0,0.0,2,6,4,0,0,0,1,9,1,1,0,0,9,1,1,18,3,4,0,1,0,1,1,0,6,8,5,8,3
2019.0,0.0,0.0,0.0,3,10,0,0,0,0,1,1,1,1,0,1,1,1,1,19,3,4,0,1,0,2,2,0,4,9,5,3,2
2019.0,375.0,0.0,0.0,3,5,0,0,0,0,0,5,1,1,0,1,5,1,1,19,3,4,0,1,0,1,1,0,6,5,5,3,3
2019.0,-385.0,0.0,0.0,3,4,3,0,0,0,1,5,1,1,0,1,2,1,1,6,4,4,0,0,0,1,1,0,6,7,5,3,9
2019.0,0.0,1.0,0.0,3,12,5,4,0,0,1,5,1,1,0,0,5,1,1,6,4,4,0,0,0,1,1,0,5,2,5,3,3
2019.0,52.0,1.0,0.0,2,6,3,0,0,0,1,5,1,1,0,1,5,1,1,9,4,4,0,1,0,1,1,0,10,8,5,8,3
2019.0,60.0,1.0,0.0,3,6,5,4,0,0,0,9,1,1,0,0,9,1,1,12,4,4,0,0,0,0,2,0,10,8,5,8,3
2019.0,-385.0,0.0,0.0,3,4,3,0,0,0,1,2,1,1,0,1,1,1,1,13,4,4,0,0,0,1,2,0,6,2,5,3,9
2019.0,-78.0,0.0,0.0,3,6,5,4,0,0,1,2,1,0,0,1,2,1,1,13,4,4,0,0,0,1,1,0,10,8,5,3,3
2019.0,101.0,0.0,0.0,3,6,5,4,0,0,1,1,1,0,0,0,1,1,1,14,4,4,0,0,0,1,0,0,0,8,5,8,3
2019.0,25.0,0.0,0.0,3,10,3,0,0,0,1,5,1,1,0,1,5,1,1,14,4,4,0,0,0,1,1,0,10,9,5,8,2
2019.0,38.0,0.0,0.0,3,10,3,0,0,0,1,5,1,1,0,0,5,1,1,14,4,4,0,0,0,0,1,0,10,9,5,3,3
2019.0,253.0,1.0,0.0,3,2,3,0,0,0,0,5,1,1,0,1,9,1,1,15,4,4,0,0,0,2,1,0,6,2,5,3,9
2019.0,10.0,0.0,0.0,3,10,3,0,0,0,2,5,1,1,0,1,5,1,1,15,4,4,0,0,0,0,1,0,5,9,5,3,2
2019.0,0.0,3.0,0.0,3,4,3,0,0,0,0,1,1,1,0,1,9,1,1,16,4,4,0,1,0,2,2,0,4,2,5,9,3
2019.0,-15.0,0.0,0.0,3,10,3,0,0,0,1,5,1,1,0,1,5,1,1,16,4,4,0,1,0,2,2,0,6,9,5,3,2
2019.0,0.0,1.0,0.0,2,2,3,0,0,0,0,5,1,1,0,1,9,1,1,16,4,4,0,1,0,1,2,0,4,2,5,3,3
2019.0,-24.0,0.0,0.0,3,6,3,0,0,0,1,9,1,1,0,0,9,1,1,16,4,4,0,1,0,1,1,0,6,8,5,8,3
2019.0,-94.0,2.0,0.0,3,6,5,4,0,0,1,2,1,1,0,1,2,1,1,17,4,4,0,1,0,1,1,0,10,8,5,8,8
2019.0,0.0,1.0,0.0,2,12,3,0,0,0,1,9,1,1,0,0,1,1,1,17,4,4,0,1,0,0,1,0,4,2,5,9,3
2019.0,0.0,0.0,0.0,3,6,0,0,0,0,1,2,1,1,0,1,1,1,1,22,4,4,0,0,0,1,2,0,5,9,5,3,9
2019.0,-118.0,1.0,0.0,3,2,0,0,0,0,1,1,0,1,1,1,8,1,1,23,4,4,0,0,0,1,2,0,6,7,5,6,9
2019.0,-25.0,0.0,0.0,3,6,0,0,0,0,0,2,1,1,0,1,2,1,1,23,4,4,0,0,0,1,2,0,5,7,5,3,3
2019.0,450.0,0.0,0.0,3,9,0,0,0,0,1,8,0,1,1,1,8,1,1,2,5,4,1,0,0,1,1,0,6,9,5,6,3
2019.0,160.0,2.0,0.0,2,6,0,0,0,0,0,5,1,1,0,0,5,1,1,4,5,4,1,0,0,2,1,0,10,8,5,8,3
2019.0,-150.0,0.0,0.0,3,2,3,0,0,0,1,1,1,1,0,1,1,1,1,6,5,4,1,0,0,1,1,0,10,7,5,3,3
2019.0,0.0,0.0,0.0,3,4,3,0,0,0,1,2,1,1,0,0,9,1,1,7,5,4,1,1,0,2,2,0,5,2,5,3,9
2019.0,-100.0,0.0,0.0,3,6,3,0,0,0,1,1,1,1,1,1,9,1,1,9,5,4,1,1,0,1,2,0,6,5,5,6,1
2019.0,0.0,0.0,0.0,3,4,3,0,0,0,1,4,1,1,0,1,5,1,1,12,5,4,1,0,0,0,1,0,4,2,5,3,9
2019.0,-163.0,0.0,0.0,3,6,3,0,0,0,1,1,1,1,0,1,1,1,1,12,5,4,1,0,0,2,2,0,10,8,5,8,3
2019.0,26.0,1.0,0.0,3,6,3,4,0,0,1,2,1,1,0,0,2,1,1,13,5,4,1,0,0,1,1,0,6,7,5,8,3
2019.0,25.0,0.0,0.0,3,6,3,0,0,0,0,5,1,1,0,1,5,1,1,15,5,4,1,0,0,2,1,0,10,8,5,8,3
2019.0,-200.0,1.0,0.0,3,12,3,0,0,0,0,8,1,1,0,0,8,1,1,15,5,4,1,0,0,0,1,0,6,5,5,5,5
2019.0,-22.0,0.0,0.0,3,6,3,0,0,0,2,9,1,1,0,0,9,1,1,15,5,4,1,0,0,0,2,0,6,5,5,3,1
2019.0,140.0,0.0,0.0,3,6,3,4,3,0,2,5,1,1,0,1,5,1,1,15,5,4,1,0,0,0,2,0,6,5,5,9,5
2019.0,50.0,0.0,0.0,3,10,4,0,0,0,1,5,1,1,0,0,5,1,1,17,5,4,1,1,0,2,1,0,10,5,5,5,5
2019.0,300.0,0.0,0.0,3,10,0,0,0,0,0,2,1,1,0,0,2,1,1,21,5,4,1,0,0,0,2,0,6,5,5,3,3
2019.0,0.0,0.0,0.0,3,4,0,0,0,0,1,5,1,1,0,1,1,1,1,23,5,4,1,0,0,2,2,0,4,2,5,3,9
2019.0,100.0,1.0,0.0,3,6,3,0,0,0,1,5,1,1,0,1,5,1,1,11,6,4,1,0,0,0,1,0,10,8,5,8,3
2019.0,-275.0,0.0,0.0,3,2,3,0,0,0,1,2,1,1,0,0,1,1,1,12,6,4,1,0,0,2,2,0,6,2,5,3,9
2019.0,-75.0,0.0,0.0,3,6,3,0,0,0,0,5,1,1,0,0,5,1,1,13,6,4,1,0,0,2,1,0,10,8,5,8,3
2019.0,-50.0,0.0,0.0,3,2,3,0,0,0,0,1,1,1,0,1,2,1,1,14,6,4,1,0,0,1,1,0,10,5,5,9,3
2019.0,0.0,0.0,0.0,3,2,3,0,0,0,1,5,1,1,0,1,9,1,1,15,6,4,1,0,0,1,2,0,4,2,5,3,3
2019.0,-50.0,1.0,0.0,3,2,3,0,0,2,1,5,1,1,0,0,1,1,1,16,6,4,1,1,0,1,1,0,10,2,5,3,3
2019.0,124.0,0.0,0.0,3,10,3,0,0,0,1,5,1,1,0,1,5,1,1,18,6,4,1,1,0,2,1,0,3,9,5,3,3
2019.0,0.0,0.0,0.0,3,2,4,0,0,0,2,5,1,1,0,0,1,1,1,18,6,4,1,1,0,0,1,0,4,2,5,3,5
2019.0,130.0,0.0,0.0,3,10,0,0,0,0,1,5,1,1,0,1,5,1,1,20,6,4,1,0,0,0,0,0,6,9,5,3,3
2019.0,-110.0,0.0,0.0,3,6,3,0,0,0,1,1,1,1,0,0,1,1,1,6,0,4,0,0,0,2,2,0,10,7,5,8,8
2019.0,860.0,0.0,0.0,3,6,3,0,0,0,0,5,1,1,0,0,5,1,1,8,0,4,0,1,0,1,0,0,6,8,5,8,3
2019.0,-333.0,0.0,0.0,3,4,3,0,0,0,0,5,1,1,0,0,2,1,1,9,0,4,0,1,0,2,1,0,6,2,5,3,9
2019.0,0.0,0.0,0.0,3,6,3,0,0,0,0,2,1,1,0,0,1,1,1,10,0,4,0,0,0,0,1,0,4,2,5,3,9
2019.0,-25.0,1.0,0.0,3,10,3,0,0,0,0,5,1,1,0,1,5,1,1,10,0,4,0,0,0,1,1,0,10,5,5,3,9
2019.0,0.0,1.0,0.0,3,2,3,0,0,0,1,1,1,1,0,0,2,1,1,11,0,4,0,0,0,0,1,0,4,2,5,3,3
2019.0,60.0,1.0,0.0,2,2,3,0,0,2,1,9,1,1,0,0,9,1,1,13,0,4,0,0,0,0,0,0,10,2,5,9,3
2019.0,50.0,1.0,0.0,3,2,3,0,0,0,1,5,1,1,3,1,1,1,1,13,0,4,0,0,0,1,1,0,10,2,5,7,9
2019.0,0.0,0.0,0.0,3,11,3,0,0,0,1,3,1,1,0,1,9,1,1,13,0,4,0,0,0,1,0,0,4,4,5,3,9
2019.0,-75.0,0.0,0.0,3,2,3,0,0,0,1,1,1,1,0,1,5,1,1,14,0,4,0,0,0,2,1,0,10,5,5,3,9
2019.0,0.0,3.0,0.0,2,4,3,0,0,0,1,9,1,1,0,1,1,1,1,14,0,4,0,0,0,2,1,0,6,2,5,3,9
2019.0,-200.0,0.0,0.0,3,2,3,0,0,0,0,2,1,1,0,1,2,1,1,14,0,4,0,0,0,1,1,0,10,9,5,3,2