Year,Distance,Totalinjuries,Totalfatalities,Injuryseverity,Collisionmanner,Lightcondition,Weather,SurfaceCondition,Unittype_One,Gender_Drv1,Traveldirection_One,AlcoholUse_Drv1,DrugUse_Drv1,Unittype_Two,Gender_Drv2,Traveldirection_Two,AlcoholUse_Drv2,DrugUse_Drv2,Hour,Weekday,Month,Weekend,Rush_Hour,Hazardous_Road,Age_Group_Drv1,Age_Group_Drv2,Substance_Use,Junction_Category,Violation_Category_Drv1,Violation_Category_Drv2,Unitaction_Category_Two,Unitaction_Category_One
2019.0,0.0,0.0,0.0,3,2,3,0,0,0,0,9,1,1,0,0,5,1,1,14,0,4,0,0,0,0,0,0,5,2,5,3,3
2019.0,-100.0,0.0,0.0,3,6,3,1,0,0,0,2,1,1,0,1,2,1,1,15,0,4,0,0,0,2,2,0,10,7,5,3,3
2019.0,100.0,0.0,0.0,3,10,3,1,0,0,2,1,1,1,0,1,1,1,1,16,0,4,0,1,0,0,2,0,6,9,5,3,5
2019.0,0.0,0.0,0.0,3,2,3,0,0,0,1,5,1,1,0,1,2,1,1,16,0,4,0,1,0,0,1,0,4,2,5,9,3
2019.0,-35.0,2.0,0.0,3,6,3,0,0,0,1,9,1,1,0,1,9,1,1,16,0,4,0,1,0,0,0,0,6,7,5,8,3
2019.0,-30.0,0.0,0.0,3,6,3,0,0,0,0,1,1,1,0,1,1,1,1,17,0,4,0,1,0,1,1,0,10,7,5,8,3
2019.0,0.0,0.0,0.0,3,4,3,0,0,0,1,5,1,1,0,1,2,1,1,17,0,4,0,1,0,1,1,0,4,2,5,3,9
2019.0,0.0,1.0,0.0,2,4,0,0,0,0,1,1,1,1,0,1,9,1,1,20,0,4,0,0,0,1,1,0,4,2,5,3,9
2019.0,0.0,0.0,0.0,3,4,5,4,0,0,2,2,1,1,0,0,1,1,1,21,0,4,0,0,0,0,2,0,4,2,5,9,3
2019.0,0.25,1.0,0.0,3,4,0,0,0,0,1,1,1,1,0,0,9,1,1,22,0,4,0,0,0,2,1,0,0,4,5,3,9
2019.0,0.0,0.0,0.0,3,4,0,0,0,0,2,5,1,1,0,0,9,1,1,23,0,4,0,0,0,0,1,0,4,2,5,9,3
2019.0,0.0,1.0,0.0,3,4,3,0,0,0,0,4,1,1,0,0,5,1,1,7,1,4,0,1,0,1,1,0,4,2,5,3,9
2019.0,0.0,2.0,0.0,3,2,3,0,0,0,0,9,1,1,0,0,2,1,1,8,1,4,0,1,0,0,1,0,4,2,5,3,3
2019.0,90.0,1.0,0.0,2,3,3,0,0,0,0,2,1,1,0,1,9,1,1,8,1,4,0,1,0,1,1,0,6,5,5,6,9
2019.0,0.0,0.0,0.0,3,10,3,0,0,0,0,4,1,1,0,1,2,1,1,9,1,4,0,1,0,1,1,0,4,9,5,3,9
2019.0,0.0,1.0,0.0,2,2,3,0,0,2,1,2,1,1,0,1,1,1,1,13,1,4,0,0,0,1,1,0,5,5,5,9,3
2019.0,0.0,2.0,0.0,3,2,3,0,0,0,1,5,1,1,0,1,1,1,1,13,1,4,0,0,0,1,0,0,5,2,5,3,3
2019.0,0.0,0.0,0.0,3,10,3,0,0,0,0,1,1,1,0,1,1,1,1,15,1,4,0,0,0,1,1,0,4,5,5,9,9
2019.0,-616.0,1.0,0.0,3,6,3,0,0,0,1,2,1,1,0,1,2,1,1,15,1,4,0,0,0,1,1,0,6,8,5,3,8
2019.0,-250.0,1.0,0.0,2,4,3,0,0,0,1,2,1,1,0,0,1,1,1,16,1,4,0,1,0,1,2,0,6,2,5,3,9
2019.0,-337.0,0.0,0.0,3,3,5,4,0,0,0,5,1,1,0,1,2,1,1,16,1,4,0,1,0,1,1,0,0,9,5,9,2
2019.0,15.0,0.0,0.0,3,10,3,1,0,0,2,9,1,1,0,1,9,1,1,17,1,4,0,1,0,0,1,0,10,4,5,9,9
2019.0,0.0,0.0,0.0,3,2,3,0,0,0,1,9,1,1,0,0,2,1,1,17,1,4,0,1,0,1,2,0,4,2,5,3,3
2019.0,0.0,1.0,0.0,3,2,3,1,0,0,0,1,1,1,0,1,5,1,1,18,1,4,0,1,0,2,1,0,0,2,5,3,9
2019.0,165.0,0.0,0.0,3,10,0,0,0,0,0,9,1,1,0,0,9,1,1,22,1,4,0,0,0,2,2,0,10,9,5,3,2
2019.0,-250.0,0.0,0.0,3,6,3,0,0,0,0,1,1,1,0,1,1,1,1,6,2,4,0,0,0,0,0,0,6,8,5,8,3
2019.0,0.0,2.0,0.0,3,2,3,0,0,0,1,4,1,1,0,1,5,1,1,7,2,4,0,1,0,1,1,0,4,5,5,3,9
2019.0,-87.0,0.0,0.0,3,6,3,0,0,0,1,1,1,1,0,1,1,1,1,9,2,4,0,1,0,2,1,0,10,8,5,8,3
2019.0,107.0,0.0,0.0,3,6,3,0,0,0,2,5,1,1,0,0,5,1,1,10,2,4,0,0,0,0,1,0,10,8,5,3,3
2019.0,-10.0,0.0,0.0,3,6,3,0,0,0,0,2,1,1,0,0,2,1,1,14,2,4,0,0,0,2,1,0,10,7,5,8,8
2019.0,0.0,0.0,0.0,3,2,3,0,0,0,1,1,1,1,0,1,1,1,1,14,2,4,0,0,0,0,2,0,10,5,5,9,9
2019.0,-361.0,1.0,0.0,3,4,3,0,0,0,2,4,1,1,0,0,1,1,1,14,2,4,0,0,0,0,2,0,0,2,5,3,9
2019.0,0.0,0.0,0.0,3,2,3,4,0,0,0,2,1,1,0,0,2,1,1,16,2,4,0,1,0,1,0,0,4,4,5,3,9
2019.0,0.0,0.0,0.0,3,2,3,0,0,0,1,2,1,1,0,0,9,1,1,16,2,4,0,1,0,0,1,0,5,2,5,3,9
2019.0,520.0,0.0,0.0,3,2,3,0,0,0,1,2,1,1,0,1,1,1,1,17,2,4,0,1,0,1,2,0,0,2,7,3,3
2019.0,0.0,0.0,0.0,3,6,3,0,0,0,0,6,1,1,0,0,6,1,1,17,2,4,0,1,0,2,1,0,4,7,5,9,9
2019.0,0.0,1.0,0.0,3,4,3,0,0,0,1,2,1,1,0,0,1,1,1,18,2,4,0,1,0,0,2,0,5,2,5,3,9
2019.0,70.0,0.0,0.0,3,6,3,0,0,0,1,9,1,1,0,1,9,1,1,18,2,4,0,1,0,1,2,0,10,7,5,8,3
2019.0,86.0,1.0,0.0,3,6,0,0,0,0,1,5,1,1,0,0,5,1,1,19,2,4,0,1,0,1,1,0,10,7,5,8,3
2019.0,145.0,0.0,0.0,3,5,5,4,0,0,2,9,1,1,0,0,1,1,1,19,2,4,0,1,0,0,2,0,6,5,5,1,1
2019.0,254.0,1.0,0.0,3,6,3,0,0,0,1,9,1,1,0,0,9,1,1,6,3,4,0,0,0,0,1,0,9,7,5,8,3
2019.0,15.0,1.0,0.0,2,5,3,0,0,2,1,2,1,1,0,0,3,1,1,7,3,4,0,1,0,1,1,0,10,9,5,9,3
2019.0,-333.0,0.0,0.0,3,4,3,0,0,0,1,6,1,1,0,1,2,1,1,7,3,4,0,1,0,1,1,0,0,5,5,3,9
2019.0,0.0,0.0,0.0,3,2,3,0,0,0,1,5,1,1,0,1,9,1,1,7,3,4,0,1,0,1,1,0,4,5,5,3,3
2019.0,0.0,0.0,0.0,3,10,3,0,0,0,1,9,1,1,0,1,9,1,1,8,3,4,0,1,0,0,1,0,4,9,5,3,2
2019.0,-645.0,0.0,0.0,3,4,3,0,0,0,1,4,1,1,0,0,1,1,1,8,3,4,0,1,0,1,1,0,0,2,5,3,9
2019.0,-65.0,0.0,0.0,3,6,3,0,0,0,0,1,1,1,0,0,1,1,1,13,3,4,0,0,0,2,1,0,6,7,5,8,3
2019.0,-530.0,1.0,0.0,2,6,3,1,0,0,1,1,1,1,0,1,1,1,1,13,3,4,0,0,0,2,1,0,6,8,5,8,3
2019.0,0.0,0.0,0.0,3,4,3,0,0,0,2,9,1,1,0,0,3,1,1,14,3,4,0,0,0,0,2,0,4,4,5,9,3
2019.0,0.0,0.0,0.0,3,4,3,0,0,0,0,9,1,1,0,0,6,1,1,15,3,4,0,0,0,1,2,0,4,2,5,3,9
2019.0,0.0,0.0,0.0,3,4,3,0,0,0,0,5,1,1,0,0,2,1,1,15,3,4,0,0,0,1,1,0,5,2,5,3,9
2019.0,-60.0,0.0,0.0,3,6,3,0,0,0,1,1,1,1,0,0,1,1,1,15,3,4,0,0,0,1,2,0,4,7,5,8,3
2019.0,200.0,0.0,0.0,3,6,3,0,0,0,0,5,1,1,0,1,5,1,1,16,3,4,0,1,0,1,1,0,10,8,5,8,3
2019.0,-136.0,3.0,0.0,2,10,3,0,0,0,1,5,1,1,0,1,5,1,1,16,3,4,0,1,0,1,1,0,6,5,5,2,3
2019.0,0.0,0.0,0.0,3,4,3,0,0,0,0,2,1,1,0,0,5,1,1,16,3,4,0,1,0,2,1,0,5,2,5,3,9
2019.0,0.0,0.0,0.0,3,6,3,0,0,0,1,1,1,1,0,0,1,1,1,16,3,4,0,1,0,0,1,0,5,7,5,9,9
2019.0,15.0,0.0,0.0,3,6,3,0,0,0,0,9,1,1,0,0,9,1,1,16,3,4,0,1,0,1,1,0,10,8,5,8,3
2019.0,-272.0,2.0,0.0,2,2,3,0,0,0,1,2,1,1,0,1,1,1,1,17,3,4,0,1,0,1,1,0,0,2,5,3,9
2019.0,-125.0,1.0,0.0,2,2,0,0,0,0,0,2,1,1,2,1,2,1,1,19,3,4,0,1,0,1,2,0,6,9,5,3,9
2019.0,-25.0,0.0,0.0,3,2,0,0,0,0,0,2,1,1,0,0,2,1,1,21,3,4,0,0,0,1,1,0,10,9,5,9,2
2019.0,-24.0,0.0,0.0,3,6,0,0,0,0,2,2,1,1,0,0,2,1,1,21,3,4,0,0,0,0,1,0,10,7,5,3,5
2019.0,0.0,2.0,0.0,3,4,2,0,0,0,0,2,1,1,0,0,9,1,1,6,4,4,0,0,0,1,1,0,4,2,5,3,9
2019.0,15.0,1.0,0.0,3,2,3,1,0,2,1,5,1,1,0,0,4,1,1,8,4,4,0,1,0,1,1,0,5,2,5,9,3
2019.0,198.0,0.0,0.0,3,2,3,0,0,0,1,4,1,1,0,1,2,1,1,12,4,4,0,0,0,1,0,0,6,5,5,3,9
2019.0,0.0,3.0,0.0,3,4,3,1,0,0,0,1,1,1,0,0,2,1,1,12,4,4,0,0,0,1,1,0,5,2,5,3,9
2019.0,0.0,1.0,0.0,3,2,3,0,0,0,0,1,1,1,0,0,5,1,1,13,4,4,0,0,0,1,1,0,4,5,5,9,3
2019.0,-117.0,0.0,0.0,3,6,3,1,0,0,0,1,1,1,0,1,1,1,1,14,4,4,0,0,0,2,1,0,10,8,5,8,3
2019.0,-27.0,2.0,0.0,3,2,3,1,0,0,1,2,1,1,0,0,1,1,1,16,4,4,0,1,0,2,1,0,0,2,5,3,9
2019.0,-143.0,0.0,0.0,3,6,3,1,0,0,1,2,1,1,0,0,2,1,1,16,4,4,0,1,0,1,2,0,10,8,5,8,3
2019.0,0.0,0.0,0.0,3,2,3,1,0,0,1,2,1,1,0,0,1,1,1,17,4,4,0,1,0,2,2,0,6,2,5,3,9
2019.0,-460.0,1.0,0.0,2,6,3,1,0,0,0,1,1,1,0,1,1,1,1,17,4,4,0,1,0,1,0,0,10,5,5,8,3
2019.0,0.0,0.0,0.0,3,4,3,0,0,0,1,2,1,1,0,0,5,1,1,18,4,4,0,1,0,2,1,0,5,2,5,3,9
2019.0,0.0,0.0,0.0,3,6,3,1,0,0,0,2,1,1,0,1,2,1,1,18,4,4,0,1,0,2,1,0,10,8,5,8,3
2019.0,-75.0,0.0,0.0,3,6,4,1,0,0,0,1,1,1,0,1,1,1,1,18,4,4,0,1,0,2,1,0,10,7,5,8,3
2019.0,100.0,2.0,0.0,2,6,5,4,3,0,2,9,1,1,0,1,9,1,1,19,4,4,0,1,0,0,1,0,6,7,5,8,3
2019.0,200.0,0.0,0.0,3,5,0,0,0,0,1,8,1,1,1,1,8,1,1,20,4,4,0,0,0,2,1,0,6,5,5,6,1
2019.0,0.0,0.0,0.0,3,12,0,0,0,0,2,7,1,1,0,0,1,1,1,21,4,4,0,0,0,0,2,0,5,2,5,3,9
2019.0,-68.0,0.0,0.0,3,10,0,0,0,0,0,9,1,1,0,0,9,1,1,21,4,4,0,0,0,1,1,0,6,9,9,3,3
2019.0,0.0,0.0,0.0,3,10,0,0,0,0,1,1,1,1,0,0,1,1,1,21,4,4,0,0,0,2,2,0,5,9,5,9,9
2019.0,0.0,1.0,0.0,3,4,0,0,0,0,1,3,1,1,0,1,6,1,1,22,4,4,0,0,0,2,2,0,5,2,5,9,9
2019.0,0.0,0.0,0.0,3,4,0,0,0,0,1,5,1,1,0,1,4,1,1,22,4,4,0,0,0,2,1,0,4,2,5,9,3
2019.0,0.0,0.0,0.0,3,10,0,0,0,0,2,1,1,1,0,0,5,1,1,22,4,4,0,0,0,0,2,0,5,5,2,9,5
2019.0,-40.0,0.0,0.0,3,2,3,0,0,0,1,5,1,1,0,0,9,1,1,7,5,4,1,1,0,2,2,0,6,2,5,3,9
2019.0,150.0,1.0,0.0,2,5,3,0,0,2,0,9,1,1,0,1,2,1,1,11,5,4,1,0,0,2,2,0,0,5,5,5,3
2019.0,0.0,0.0,0.0,3,4,3,0,0,0,1,9,1,1,0,1,1,1,1,12,5,4,1,0,0,1,1,0,4,4,5,3,9
2019.0,-75.0,1.0,0.0,3,2,3,0,0,0,0,1,1,1,2,0,5,1,1,15,5,4,1,0,0,1,1,0,10,2,5,3,9
2019.0,0.0,0.0,0.0,3,4,3,0,0,0,1,1,1,1,0,1,9,1,1,18,5,4,1,1,0,2,1,0,4,5,5,9,3
2019.0,-35.0,1.0,0.0,3,4,0,0,0,0,0,1,1,1,0,1,2,1,1,19,5,4,1,1,0,1,1,0,10,2,5,3,9
2019.0,250.0,0.0,0.0,3,6,3,0,0,0,1,5,1,1,0,0,5,1,1,12,6,4,1,0,0,2,1,0,10,8,5,8,3
2019.0,0.0,0.0,0.0,3,5,3,0,0,0,1,2,1,1,0,1,1,1,1,12,6,4,1,0,0,2,1,0,5,5,5,3,3
2019.0,50.0,0.0,0.0,3,6,3,0,0,0,0,9,1,1,0,1,9,1,1,12,6,4,1,0,0,2,0,0,6,7,5,3,3
2019.0,0.0,0.0,0.0,3,4,3,0,0,0,1,2,1,1,0,0,1,1,1,13,6,4,1,0,0,1,2,0,4,5,5,3,9
2019.0,300.0,0.0,0.0,3,10,0,0,0,0,2,1,1,1,0,1,1,1,1,19,6,4,1,1,0,0,1,0,6,9,5,3,2
2019.0,-10.0,1.0,0.0,3,3,0,0,0,0,1,7,1,1,3,1,1,1,1,20,6,4,1,0,0,1,1,0,6,2,5,7,9
2019.0,970.0,0.0,0.0,3,9,0,0,0,0,1,1,0,1,1,1,9,1,1,23,6,4,1,0,0,1,1,0,6,7,5,6,3
2019.0,0.0,0.0,0.0,3,12,5,4,0,0,2,8,1,1,1,1,8,1,1,2,0,4,0,0,0,0,0,0,5,5,5,6,5
2019.0,0.0,2.0,0.0,2,4,3,0,0,0,0,4,1,1,0,0,5,1,1,7,0,4,0,1,0,1,1,0,6,2,5,3,9
2019.0,-125.0,1.0,0.0,1,4,3,0,0,0,1,2,1,1,0,1,1,1,1,7,0,4,0,1,0,1,1,0,0,2,5,3,9
2019.0,0.0,0.0,0.0,3,4,3,0,0,0,0,1,1,1,0,0,9,1,1,7,0,4,0,1,0,1,1,0,5,2,5,9,3
2019.0,-240.0,0.0,0.0,3,10,3,0,0,0,1,1,1,1,0,1,1,1,1,7,0,4,0,1,0,1,1,0,10,7,5,8,3
2019.0,135.0,0.0,0.0,3,6,3,0,0,0,0,9,1,1,0,1,9,1,1,8,0,4,0,1,0,1,1,0,10,8,5,8,3
2019.0,-110.0,0.0,0.0,3,6,3,0,0,0,0,1,1,1,0,0,1,1,1,10,0,4,0,0,0,2,0,0,6,7,5,8,3
2019.0,-200.0,0.0,0.0,3,6,3,0,0,0,0,5,1,1,0,1,5,1,1,11,0,4,0,0,0,1,1,0,10,8,5,8,3
2019.0,228.0,1.0,0.0,3,6,3,0,0,0,0,1,1,1,0,0,1,1,1,12,0,4,0,0,0,1,2,0,6,9,5,3,2
2019.0,100.0,0.0,0.0,3,6,3,0,0,0,0,5,1,1,0,1,5,1,1,12,0,4,0,0,0,1,1,0,10,8,5,8,3
2019.0,0.0,1.0,0.0,2,2,3,0,0,2,0,5,1,1,0,1,9,1,1,12,0,4,0,0,0,1,2,0,4,2,5,8,7
2019.0,60.0,0.0,0.0,3,5,3,0,0,0,1,9,1,1,0,1,9,1,1,13,0,4,0,0,0,1,2,0,10,5,5,8,1
2019.0,-185.0,0.0,0.0,3,10,3,0,0,0,1,5,1,1,0,1,5,1,1,14,0,4,0,0,0,1,1,0,6,9,5,3,2
2019.0,187.0,0.0,0.0,3,4,3,0,0,0,1,9,1,1,0,1,1,1,1,14,0,4,0,0,0,1,2,0,6,2,5,3,9
2019.0,97.0,0.0,0.0,3,6,3,0,0,0,0,5,1,1,0,1,5,1,1,15,0,4,0,0,0,0,1,0,10,8,5,8,3
2019.0,-330.0,0.0,0.0,3,6,3,0,0,0,0,2,1,1,0,1,2,1,1,15,0,4,0,0,0,2,1,0,6,7,5,8,3
2019.0,500.0,0.0,0.0,3,2,3,0,0,0,1,9,1,1,0,1,9,1,1,16,0,4,0,1,0,1,1,0,6,9,5,3,2
2019.0,-15.0,0.0,0.0,3,6,3,0,0,0,1,9,1,1,0,0,9,1,1,17,0,4,0,1,0,1,1,0,10,7,5,8,3
2019.0,24.0,0.0,0.0,3,2,0,0,0,0,0,5,1,1,0,0,5,1,1,21,0,4,0,0,0,2,2,0,10,5,5,2,2
2019.0,65.0,0.0,0.0,3,12,3,0,0,0,0,9,1,1,0,0,2,1,1,6,1,4,0,0,0,1,1,0,6,5,5,8,9
2019.0,-480.0,0.0,0.0,3,6,3,0,0,0,1,9,1,1,0,0,9,1,1,8,1,4,0,1,0,1,1,0,6,8,5,8,3
2019.0,156.0,0.0,0.0,3,4,3,0,0,0,1,6,1,1,0,1,5,1,1,8,1,4,0,1,0,1,1,0,0,5,5,3,9
2019.0,425.0,2.0,0.0,2,6,3,0,0,0,0,9,1,1,0,1,9,1,1,8,1,4,0,1,0,0,1,0,6,8,5,8,3
2019.0,-200.0,0.0,0.0,3,10,3,0,0,0,2,2,1,1,0,0,2,1,1,9,1,4,0,1,0,0,1,0,10,9,5,3,2
2019.0,81.0,1.0,0.0,2,6,3,0,0,0,1,9,1,1,0,1,9,1,1,9,1,4,0,1,0,2,2,0,10,8,5,8,3
2019.0,0.0,1.0,0.0,3,4,3,0,0,0,1,7,1,1,0,1,2,1,1,9,1,4,0,1,0,2,1,0,5,2,5,3,9
2019.0,-96.0,0.0,0.0,3,6,3,0,0,0,0,2,1,1,0,1,2,1,1,10,1,4,0,0,0,2,0,0,10,8,5,8,3
2019.0,462.0,1.0,0.0,2,6,3,0,0,0,0,1,1,1,0,0,1,1,1,11,1,4,0,0,0,2,1,0,0,8,5,8,3
2019.0,0.0,0.0,0.0,3,10,3,0,0,0,0,1,1,1,0,0,1,1,1,11,1,4,0,0,0,2,1,0,4,9,5,3,2
2019.0,315.0,0.0,0.0,3,2,3,0,0,0,1,5,1,1,0,1,1,1,1,12,1,4,0,0,0,2,1,0,6,5,5,3,1
2019.0,0.0,2.0,0.0,3,2,3,1,0,0,1,7,1,1,0,1,9,1,1,13,1,4,0,0,0,1,1,0,5,4,5,3,9
2019.0,0.0,0.0,0.0,3,4,3,0,0,0,1,9,1,1,0,1,1,1,1,13,1,4,0,0,0,0,1,0,4,2,5,9,9
2019.0,-469.0,1.0,0.0,2,4,3,0,0,0,0,5,1,1,0,1,2,1,1,13,1,4,0,0,0,0,0,0,0,2,5,3,9
2019.0,-446.0,0.0,0.0,3,2,3,0,0,0,0,2,1,1,0,1,1,1,1,14,1,4,0,0,0,0,1,0,0,2,5,8,9
2019.0,-709.0,2.0,0.0,2,4,3,1,0,0,1,6,1,1,0,1,2,1,1,15,1,4,0,0,0,0,1,0,0,5,5,3,9
2019.0,0.0,5.0,0.0,2,2,3,1,0,0,1,5,1,1,0,0,9,1,1,16,1,4,0,1,0,1,1,0,4,2,5,3,3
2019.0,0.0,0.0,0.0,3,4,3,0,0,0,1,2,1,1,0,1,5,1,1,16,1,4,0,1,0,2,0,0,4,2,5,3,9
2019.0,-0.5,0.0,0.0,3,2,3,1,0,0,1,1,1,1,0,1,5,1,1,16,1,4,0,1,0,1,1,0,5,2,5,3,3
2019.0,-200.0,0.0,0.0,3,6,3,1,0,0,1,2,1,1,0,0,2,1,1,17,1,4,0,1,0,2,2,0,6,7,5,8,3
2019.0,0.25,0.0,1.0,0,5,3,0,0,3,1,2,1,1,0,0,9,1,1,17,1,4,0,1,0,2,2,0,6,2,5,3,7
2019.0,150.0,0.0,0.0,3,4,3,1,4,0,1,5,1,1,0,0,2,1,1,18,1,4,0,1,1,1,1,0,6,2,5,3,9
2019.0,0.0,0.0,0.0,3,5,5,4,0,0,1,1,1,1,0,0,5,1,1,18,1,4,0,1,0,1,0,0,5,5,5,3,9
2019.0,0.0,1.0,0.0,2,4,0,0,0,0,0,9,1,1,0,0,1,1,1,18,1,4,0,1,0,2,2,0,4,2,5,3,9
2019.0,-50.0,0.0,0.0,3,6,0,1,0,0,1,2,1,1,0,1,2,1,1,19,1,4,0,1,0,2,2,0,10,8,5,8,3
2019.0,12.0,0.0,0.0,3,10,0,0,0,0,1,2,1,1,0,1,2,1,1,19,1,4,0,1,0,1,1,0,4,2,5,9,3
2019.0,-270.0,1.0,0.0,3,6,3,0,0,0,1,1,1,1,0,1,1,1,1,5,2,4,0,0,0,1,1,0,0,8,5,8,3
2019.0,70.0,0.0,0.0,3,9,3,0,0,0,1,8,1,1,0,1,8,1,1,6,2,4,0,0,0,0,1,0,10,5,5,8,3
2019.0,-82.0,0.0,0.0,3,6,3,0,0,0,0,1,1,1,0,1,1,1,1,8,2,4,0,1,0,1,1,0,10,8,5,8,3
2019.0,-56.0,0.0,0.0,3,10,3,0,0,0,0,1,1,1,0,1,1,1,1,10,2,4,0,0,0,0,2,0,10,9,5,9,9
2019.0,-485.0,1.0,0.0,3,10,3,0,0,0,1,5,1,1,0,0,5,1,1,12,2,4,0,0,0,1,2,0,0,9,5,3,2
2019.0,0.0,2.0,0.0,2,4,3,0,0,0,0,9,1,1,0,1,1,1,1,14,2,4,0,0,0,2,1,0,4,2,5,3,9
2019.0,-370.0,0.0,0.0,3,2,3,0,0,0,1,5,1,1,0,1,1,1,1,14,2,4,0,0,0,1,1,0,0,2,5,3,9
2019.0,-250.0,0.0,0.0,3,6,3,0,0,0,1,2,1,1,0,1,2,1,1,15,2,4,0,0,0,0,1,0,0,8,5,8,3
2019.0,0.0,0.0,0.0,3,10,3,0,0,0,2,5,1,1,0,0,5,1,1,15,2,4,0,0,0,0,1,0,5,9,5,3,2
2019.0,120.0,0.0,0.0,3,10,3,0,0,0,1,1,1,1,0,0,1,1,1,15,2,4,0,0,0,1,1,0,6,9,5,3,2
2019.0,-65.0,1.0,0.0,3,6,3,0,0,0,1,1,1,1,0,0,1,1,1,15,2,4,0,0,0,2,1,0,10,7,5,8,3
2019.0,0.0,0.0,0.0,3,10,3,0,0,0,1,5,1,1,0,0,5,1,1,16,2,4,0,1,0,1,0,0,4,4,5,3,9
2019.0,160.0,0.0,0.0,3,3,3,0,0,0,2,9,1,1,0,1,9,1,1,16,2,4,0,1,0,0,0,0,10,7,5,8,3
2019.0,0.0,0.0,0.0,3,4,3,0,0,0,1,2,1,1,0,1,5,1,1,16,2,4,0,1,0,1,1,0,5,2,5,3,9
2019.0,-120.0,0.0,0.0,3,6,5,4,0,0,1,5,1,1,0,1,5,1,1,17,2,4,0,1,0,1,1,0,6,7,5,8,3
2019.0,-130.0,0.0,0.0,3,6,3,0,0,0,1,5,1,1,0,0,5,1,1,17,2,4,0,1,0,1,2,0,6,7,5,3,3
2019.0,-32.0,0.0,0.0,3,6,3,0,0,0,1,5,1,1,0,1,5,1,1,18,2,4,0,1,0,0,1,0,10,7,5,8,3
2019.0,70.0,4.0,0.0,3,6,3,0,0,0,1,9,1,1,0,1,9,1,1,18,2,4,0,1,0,1,2,0,10,7,5,8,3
2019.0,200.0,0.0,0.0,3,6,0,0,0,0,2,9,1,1,0,1,9,1,1,23,2,4,0,0,0,0,0,0,10,7,5,3,3
2019.0,-45.0,0.0,0.0,3,6,0,0,0,0,1,2,1,1,0,1,2,1,1,4,3,4,0,0,0,2,1,0,10,7,5,8,8
2019.0,190.0,0.0,0.0,3,6,3,0,0,0,0,1,1,1,0,1,1,1,1,6,3,4,0,0,0,1,1,0,6,8,5,8,3
2019.0,0.0,0.0,0.0,3,10,3,0,0,0,2,9,1,1,0,0,9,1,1,7,3,4,0,1,0,0,1,0,4,4,5,3,9
2019.0,-200.0,1.0,0.0,3,10,3,0,0,0,0,2,1,1,0,0,2,1,1,7,3,4,0,1,0,1,1,0,10,9,5,3,2
2019.0,0.0,1.0,0.0,2,4,3,0,0,0,1,5,1,1,0,1,2,1,1,9,3,4,0,1,0,0,1,0,4,2,5,3,9
2019.0,0.0,2.0,0.0,2,4,3,0,0,0,1,9,1,1,0,0,1,1,1,12,3,4,0,0,0,1,1,0,6,4,5,3,9
2019.0,476.0,0.0,0.0,3,2,5,4,0,0,0,2,1,1,0,0,1,1,1,13,3,4,0,0,0,1,2,0,0,2,5,3,9
2019.0,-115.0,0.0,0.0,3,10,3,0,0,0,1,2,1,1,0,1,2,1,1,14,3,4,0,0,0,0,2,0,10,9,5,3,2
2019.0,85.0,2.0,0.0,2,6,3,0,0,0,0,9,1,1,0,0,9,1,1,15,3,4,0,0,0,2,2,0,10,8,5,8,3
2019.0,594.0,1.0,0.0,2,6,3,0,0,0,1,5,1,1,0,1,5,1,1,17,3,4,0,1,0,2,1,0,3,8,5,8,3
2019.0,-410.0,0.0,0.0,3,2,3,0,0,0,0,9,1,1,0,1,2,1,1,17,3,4,0,1,0,1,2,0,0,2,5,3,9
2019.0,0.0,1.0,0.0,3,4,3,0,0,0,1,2,1,1,0,1,5,1,1,18,3,4,0,1,0,2,1,0,5,2,5,3,9
2019.0,0.0,0.0,0.0,3,4,3,0,0,0,0,2,1,1,0,0,5,1,1,18,3,4,0,1,0,1,1,0,4,2,5,3,9
2019.0,-105.0,1.0,0.0,1,2,0,0,0,0,0,2,1,1,2,1,5,1,1,19,3,4,0,1,0,2,1,0,0,9,5,3,9
2019.0,0.0,1.0,0.0,1,4,0,0,0,0,1,2,1,1,0,1,5,0,1,21,3,4,0,0,0,1,1,0,5,5,5,3,9
2019.0,0.0,1.0,0.0,2,5,0,0,0,0,0,9,1,1,3,1,5,1,1,0,4,4,0,0,0,2,2,0,10,2,5,7,9
2019.0,70.0,0.0,0.0,3,6,0,0,0,0,1,1,1,1,0,1,1,1,1,4,4,4,0,0,0,1,1,0,6,7,5,9,3
2019.0,213.0,0.0,0.0,3,10,3,0,0,0,1,1,1,1,0,1,1,1,1,7,4,4,0,1,0,2,1,0,6,9,5,3,2
2019.0,-282.0,0.0,0.0,3,6,5,4,0,0,1,9,1,1,0,1,9,1,1,8,4,4,0,1,0,2,2,0,0,7,5,9,3
2019.0,0.0,0.0,0.0,3,4,3,0,0,0,0,1,1,1,0,1,9,1,1,8,4,4,0,1,0,1,1,0,4,2,5,3,9
2019.0,-190.0,0.0,0.0,3,6,3,0,0,0,1,9,1,1,0,1,9,1,1,12,4,4,0,0,0,1,1,0,6,8,5,9,2
2019.0,-160.0,1.0,0.0,2,6,3,0,0,0,1,1,1,1,0,1,1,1,1,13,4,4,0,0,0,2,1,0,10,8,5,8,3
2019.0,25.0,0.0,0.0,3,6,3,0,0,0,1,2,1,1,0,1,2,1,1,13,4,4,0,0,0,1,1,0,10,8,5,8,3