Year,Distance,Totalinjuries,Totalfatalities,Injuryseverity,Collisionmanner,Lightcondition,Weather,SurfaceCondition,Unittype_One,Gender_Drv1,Traveldirection_One,AlcoholUse_Drv1,DrugUse_Drv1,Unittype_Two,Gender_Drv2,Traveldirection_Two,AlcoholUse_Drv2,DrugUse_Drv2,Hour,Weekday,Month,Weekend,Rush_Hour,Hazardous_Road,Age_Group_Drv1,Age_Group_Drv2,Substance_Use,Junction_Category,Violation_Category_Drv1,Violation_Category_Drv2,Unitaction_Category_Two,Unitaction_Category_One
2019.0,350.0,0.0,0.0,3,10,3,0,0,0,0,9,1,1,0,0,9,1,1,15,4,4,0,0,0,1,1,0,0,9,5,3,0
2019.0,-436.0,0.0,0.0,3,6,3,0,0,0,1,1,1,1,0,0,1,1,1,16,4,4,0,1,0,1,1,0,0,9,5,8,0
2019.0,0.0,0.0,0.0,3,4,5,4,0,0,2,1,1,1,0,1,9,1,1,16,4,4,0,1,0,0,2,0,4,2,5,3,9
2019.0,0.0,2.0,0.0,2,4,3,0,0,0,1,9,1,1,0,1,1,1,1,16,4,4,0,1,0,2,2,0,4,2,5,3,9
2019.0,200.0,0.0,0.0,3,6,3,0,0,0,2,5,1,1,0,0,5,1,1,16,4,4,0,1,0,0,1,0,10,8,5,8,3
2019.0,85.0,0.0,0.0,3,10,0,0,0,0,2,2,1,1,0,0,2,1,1,22,4,4,0,0,0,0,2,0,6,9,5,9,9
2019.0,-75.0,0.0,0.0,3,10,3,0,0,0,1,2,0,0,0,1,2,1,1,8,5,4,1,1,0,1,1,0,10,9,5,8,3
2019.0,20.0,0.0,0.0,3,6,3,0,0,0,1,8,1,1,0,1,8,1,1,9,5,4,1,1,0,1,2,0,10,7,5,8,3
2019.0,0.0,1.0,0.0,3,6,3,0,0,0,0,9,1,1,0,0,9,1,1,9,5,4,1,1,0,1,1,0,5,7,5,8,3
2019.0,0.0,1.0,0.0,3,2,3,0,0,2,1,2,1,1,0,0,9,1,1,10,5,4,1,0,0,2,2,0,5,2,5,9,7
2019.0,-100.0,0.0,0.0,3,6,3,0,0,0,0,5,1,1,0,0,5,1,1,12,5,4,1,0,0,1,2,0,6,8,5,8,3
2019.0,600.0,0.0,0.0,3,10,3,0,0,0,0,1,1,1,0,1,1,1,1,13,5,4,1,0,0,2,1,0,6,9,5,3,2
2019.0,0.0,0.0,0.0,3,4,3,0,0,0,1,9,1,1,0,0,1,1,1,13,5,4,1,0,0,2,2,0,4,2,5,3,9
2019.0,200.0,0.0,0.0,3,6,3,0,0,0,2,1,1,1,0,1,1,1,1,13,5,4,1,0,0,0,1,0,6,8,5,3,3
2019.0,48.0,0.0,0.0,3,2,3,0,0,0,1,1,1,1,0,1,1,1,1,14,5,4,1,0,0,2,1,0,6,9,5,3,2
2019.0,26.0,0.0,0.0,3,6,3,0,0,0,1,1,1,1,0,0,1,1,1,14,5,4,1,0,0,1,1,0,6,7,5,8,3
2019.0,-175.0,2.0,0.0,3,6,3,0,0,0,0,9,1,1,0,0,9,1,1,15,5,4,1,0,0,1,1,0,6,8,5,8,3
2019.0,0.0,1.0,0.0,3,4,3,0,0,0,1,1,0,1,0,1,1,1,1,16,5,4,1,1,0,1,2,0,4,2,5,9,3
2019.0,0.0,0.0,0.0,3,2,3,0,0,0,1,2,1,1,0,1,9,1,1,17,5,4,1,1,0,1,1,0,6,2,5,3,3
2019.0,-20.0,0.0,0.0,3,6,3,0,0,0,1,1,1,1,0,1,1,1,1,18,5,4,1,1,0,2,1,0,10,7,5,8,3
2019.0,-253.0,1.0,0.0,1,2,0,0,0,3,0,1,1,1,0,1,5,1,1,20,5,4,1,0,0,1,1,0,6,2,5,3,7
2019.0,-54.0,1.0,0.0,3,2,0,0,0,0,1,4,1,1,0,1,5,1,1,23,5,4,1,0,0,2,1,0,6,4,5,3,9
2019.0,-20.0,0.0,0.0,3,6,3,0,0,0,1,2,1,1,0,0,2,1,1,7,6,4,1,1,0,2,2,0,6,7,5,8,3
2019.0,50.0,1.0,0.0,2,6,3,0,0,0,1,9,1,1,0,0,9,1,1,13,6,4,1,0,0,2,1,0,10,7,5,8,3
2019.0,25.0,0.0,0.0,3,10,0,0,0,0,2,5,1,1,0,0,5,1,1,20,6,4,1,0,0,0,2,0,4,5,5,3,5
2019.0,45.0,0.0,0.0,3,6,3,0,0,0,0,9,1,1,0,1,9,1,1,8,0,4,0,1,0,1,1,0,10,8,5,8,3
2019.0,-333.0,0.0,0.0,3,6,3,0,0,0,1,2,1,1,0,1,2,1,1,9,0,4,0,1,0,1,2,0,6,8,5,8,3
2019.0,-250.0,1.0,0.0,3,6,3,0,0,0,1,1,1,1,0,0,1,1,1,11,0,4,0,0,0,1,1,0,6,7,5,8,3
2019.0,0.0,0.0,0.0,3,6,3,0,0,0,2,1,1,1,0,0,1,1,1,13,0,4,0,0,0,0,2,0,4,1,5,3,3
2019.0,50.0,1.0,0.0,3,6,3,0,0,0,0,9,1,1,0,1,9,1,1,13,0,4,0,0,0,2,1,0,10,8,5,8,3
2019.0,70.0,0.0,0.0,3,6,3,0,0,0,0,9,1,1,0,1,9,1,1,14,0,4,0,0,0,1,1,0,10,8,5,8,3
2019.0,-0.19,0.0,0.0,3,4,3,0,0,0,0,1,1,1,0,1,9,1,1,15,0,4,0,0,0,2,2,0,5,2,5,3,9
2019.0,-644.0,1.0,0.0,3,4,3,0,0,0,0,9,1,1,0,1,1,1,1,16,0,4,0,1,0,0,2,0,6,2,5,3,9
2019.0,200.0,0.0,0.0,3,6,3,0,0,0,1,2,1,1,0,1,2,1,1,16,0,4,0,1,0,1,1,0,6,7,5,8,3
2019.0,500.0,0.0,0.0,3,2,3,0,0,0,0,5,1,1,0,0,9,1,1,16,0,4,0,1,0,2,2,0,6,2,5,3,5
2019.0,387.0,4.0,0.0,2,2,3,0,0,0,1,1,1,1,0,0,2,1,1,17,0,4,0,1,0,2,1,0,6,2,5,3,3
2019.0,-230.0,2.0,0.0,3,2,3,0,0,0,1,2,1,1,0,0,9,1,1,18,0,4,0,1,0,1,0,0,6,2,5,3,3
2019.0,-30.0,0.0,0.0,3,6,4,0,0,0,0,2,1,1,0,1,2,1,1,18,0,4,0,1,0,2,1,0,10,8,5,8,3
2019.0,60.0,1.0,0.0,2,6,0,0,0,0,1,9,1,1,0,0,9,1,1,1,1,4,0,0,0,2,1,0,10,7,5,8,3
2019.0,-80.0,0.0,0.0,3,6,3,1,0,0,0,9,1,1,0,0,9,1,1,8,1,4,0,1,0,2,2,0,6,8,5,8,3
2019.0,0.0,1.0,0.0,2,2,3,0,0,3,1,2,1,1,0,1,1,1,1,11,1,4,0,0,0,2,1,0,4,2,5,9,7
2019.0,-508.0,0.0,0.0,3,10,3,0,0,0,1,5,1,1,0,0,5,1,1,14,1,4,0,0,0,1,1,0,0,4,5,5,9
2019.0,152.0,1.0,0.0,3,6,5,4,0,0,1,5,1,1,0,0,5,1,1,15,1,4,0,0,0,1,1,0,10,8,5,8,3
2019.0,-190.0,0.0,0.0,3,10,3,1,0,0,0,1,1,1,0,1,1,1,1,15,1,4,0,0,0,1,2,0,10,9,5,3,8
2019.0,96.0,2.0,0.0,3,4,3,1,0,0,0,2,1,1,0,1,5,1,1,15,1,4,0,0,0,1,1,0,6,9,5,3,9
2019.0,412.0,0.0,0.0,3,6,3,1,0,0,2,5,1,1,0,0,5,1,1,15,1,4,0,0,0,0,1,0,6,8,5,8,3
2019.0,191.0,1.0,0.0,3,5,3,0,0,0,0,5,1,1,0,0,9,1,1,16,1,4,0,1,0,1,1,0,6,5,5,3,1
2019.0,0.0,0.0,0.0,3,4,3,1,0,0,1,5,1,1,0,1,2,1,1,16,1,4,0,1,0,2,1,0,4,2,5,3,9
2019.0,-212.0,1.0,0.0,2,6,3,0,0,0,0,2,1,1,0,0,2,1,1,16,1,4,0,1,0,1,1,0,10,8,5,8,3
2019.0,-250.0,2.0,0.0,3,2,3,1,0,0,1,1,1,1,0,1,5,1,1,16,1,4,0,1,0,1,2,0,6,2,5,3,5
2019.0,0.0,0.0,0.0,3,4,3,0,0,0,2,2,1,1,0,0,5,1,1,17,1,4,0,1,0,0,1,0,5,2,5,3,9
2019.0,-100.0,0.0,0.0,3,6,3,1,0,0,1,1,1,1,0,1,1,1,1,17,1,4,0,1,0,2,1,0,10,8,5,8,3
2019.0,75.0,0.0,0.0,3,6,3,1,0,0,1,5,1,1,0,1,5,1,1,18,1,4,0,1,0,1,1,0,10,7,5,8,3
2019.0,-150.0,0.0,0.0,3,6,3,0,0,0,0,5,1,1,0,0,5,1,1,18,1,4,0,1,0,2,1,0,0,5,5,8,3
2019.0,55.0,0.0,0.0,3,6,0,0,0,0,1,5,1,1,0,0,5,1,1,19,1,4,0,1,0,2,0,0,6,7,5,8,3
2019.0,31.0,1.0,0.0,1,5,0,0,0,0,0,5,1,1,3,0,9,1,1,19,1,4,0,1,0,1,2,0,10,2,5,7,3
2019.0,0.0,0.0,0.0,3,4,0,0,0,0,1,9,1,1,0,1,1,1,1,19,1,4,0,1,0,2,1,0,4,2,5,3,9
2019.0,17.0,0.0,0.0,3,12,2,0,0,0,1,9,1,1,0,1,9,1,1,5,2,4,0,0,0,1,1,0,10,4,5,9,9
2019.0,-68.0,0.0,0.0,3,10,3,0,0,0,1,2,1,1,0,0,2,1,1,9,2,4,0,1,0,1,0,0,10,9,5,8,3
2019.0,265.0,0.0,0.0,3,10,5,4,0,0,1,9,1,1,0,0,9,1,1,11,2,4,0,0,0,1,2,0,10,9,5,3,3
2019.0,-140.0,0.0,0.0,3,6,3,0,0,0,1,1,1,1,0,0,1,1,1,14,2,4,0,0,0,2,2,0,10,8,5,8,3
2019.0,-306.0,0.0,0.0,3,5,3,0,0,0,1,9,1,1,0,1,1,1,1,14,2,4,0,0,0,1,1,0,6,5,5,8,1
2019.0,55.0,0.0,0.0,3,4,3,0,0,0,0,9,1,1,0,0,1,1,1,14,2,4,0,0,0,2,0,0,10,5,5,3,9
2019.0,-170.0,0.0,0.0,3,6,3,0,0,0,2,1,1,1,0,1,1,1,1,17,2,4,0,1,0,0,1,0,6,7,5,8,3
2019.0,-800.0,0.0,0.0,3,6,3,0,0,0,0,1,1,1,0,0,1,1,1,18,2,4,0,1,0,1,1,0,6,7,5,8,3
2019.0,0.0,1.0,0.0,2,4,3,0,0,0,1,2,1,1,0,0,5,1,1,18,2,4,0,1,0,0,2,0,4,2,5,3,9
2019.0,120.0,0.0,0.0,3,10,0,0,0,0,2,1,1,1,0,1,9,1,1,21,2,4,0,0,0,0,1,0,6,9,5,8,2
2019.0,200.0,0.0,0.0,3,6,5,4,0,0,1,9,1,1,0,1,9,1,1,6,3,4,0,0,0,2,0,0,10,7,5,8,3
2019.0,0.0,0.0,0.0,3,10,3,0,0,0,1,9,1,1,0,0,9,1,1,7,3,4,0,1,0,0,1,0,10,4,5,3,9
2019.0,0.0,0.0,0.0,3,2,3,0,0,0,1,1,1,1,0,1,5,1,1,7,3,4,0,1,0,1,1,0,5,2,5,3,3
2019.0,200.0,1.0,0.0,2,6,3,4,3,0,2,9,1,1,0,0,9,1,1,11,3,4,0,0,0,0,2,0,6,7,5,8,8
2019.0,-600.0,0.0,0.0,3,10,3,0,0,0,1,2,1,1,0,1,2,1,1,11,3,4,0,0,0,1,0,0,6,9,5,3,2
2019.0,114.0,0.0,0.0,3,6,3,0,0,0,1,9,1,1,0,1,9,1,1,14,3,4,0,0,0,1,1,0,10,8,5,8,3
2019.0,246.0,0.0,0.0,3,10,3,0,0,0,1,2,1,1,0,1,2,1,1,15,3,4,0,0,0,1,1,0,6,9,5,5,2
2019.0,-72.0,0.0,0.0,3,9,3,0,0,0,1,9,1,1,1,1,1,1,1,15,3,4,0,0,0,2,1,0,6,7,5,6,6
2019.0,0.0,0.0,0.0,3,2,3,0,0,0,1,9,1,1,0,1,5,1,1,15,3,4,0,0,0,1,1,0,4,2,5,3,3
2019.0,-217.0,0.0,0.0,3,2,3,0,0,0,0,2,1,1,0,1,9,1,1,15,3,4,0,0,0,2,1,0,10,4,5,3,9
2019.0,0.0,1.0,0.0,1,4,3,0,0,0,0,1,1,1,0,1,9,1,1,15,3,4,0,0,0,2,1,0,5,2,5,3,9
2019.0,-56.0,0.0,0.0,3,6,3,0,0,0,1,5,1,1,0,1,5,1,1,16,3,4,0,1,0,1,1,0,10,8,5,8,3
2019.0,0.0,0.0,0.0,3,2,3,0,0,0,1,2,1,1,0,1,5,1,1,16,3,4,0,1,0,1,1,0,4,2,5,9,3
2019.0,-225.0,0.0,0.0,3,6,3,0,0,0,0,1,1,1,0,0,1,1,1,16,3,4,0,1,0,2,2,0,10,9,5,8,2
2019.0,30.0,0.0,0.0,3,6,3,0,0,0,1,5,1,1,0,0,5,1,1,16,3,4,0,1,0,1,1,0,10,8,5,8,3
2019.0,-190.0,2.0,0.0,3,6,3,0,0,0,1,2,1,1,0,1,2,1,1,16,3,4,0,1,0,2,2,0,10,8,5,8,3
2019.0,0.0,2.0,0.0,3,2,3,0,0,0,0,9,1,1,0,0,1,1,1,17,3,4,0,1,0,2,1,0,4,2,5,3,9
2019.0,87.0,0.0,0.0,3,10,3,0,0,0,2,9,1,1,0,1,9,1,1,17,3,4,0,1,0,0,1,0,10,9,5,3,3
2019.0,0.0,2.0,0.0,2,4,3,0,0,0,1,2,1,1,0,0,5,1,1,17,3,4,0,1,0,2,1,0,4,2,5,3,9
2019.0,-258.0,0.0,0.0,3,4,3,0,0,0,1,2,1,1,0,1,2,1,1,17,3,4,0,1,0,1,1,0,6,7,5,8,3
2019.0,-20.0,0.0,0.0,3,6,3,0,0,0,1,2,1,1,0,0,2,1,1,17,3,4,0,1,0,1,0,0,10,7,5,8,9
2019.0,-395.0,6.0,0.0,2,6,3,0,0,0,1,1,1,1,0,0,1,1,1,17,3,4,0,1,0,2,1,0,4,7,5,8,3
2019.0,-100.0,0.0,0.0,3,10,4,0,0,0,0,1,1,1,0,0,1,1,1,19,3,4,0,1,0,2,1,0,10,7,5,3,3
2019.0,0.0,0.0,0.0,3,4,0,0,0,0,0,5,1,1,0,1,2,1,1,19,3,4,0,1,0,1,1,0,5,2,5,9,9
2019.0,30.0,0.0,0.0,3,6,3,0,0,0,1,9,1,1,0,1,9,1,1,7,4,4,0,1,0,1,1,0,4,7,5,8,3
2019.0,350.0,0.0,0.0,3,6,3,0,0,0,0,1,1,1,0,1,1,1,1,8,4,4,0,1,0,1,1,0,6,8,5,8,3
2019.0,-302.0,0.0,0.0,3,4,3,0,0,0,1,7,1,1,0,1,2,1,1,8,4,4,0,1,0,1,1,0,6,2,5,3,9
2019.0,201.0,0.0,0.0,3,10,3,0,0,0,0,2,1,1,0,1,2,1,1,9,4,4,0,1,0,1,1,0,6,9,5,3,2
2019.0,0.0,0.0,0.0,3,4,3,0,0,0,1,5,1,1,0,1,9,1,1,10,4,4,0,0,0,1,2,0,4,5,5,3,9
2019.0,123.0,0.0,0.0,3,6,3,0,0,0,2,5,1,1,0,0,5,1,1,10,4,4,0,0,0,0,1,0,10,8,5,8,3
2019.0,256.0,0.0,0.0,3,4,3,0,0,0,1,5,1,1,0,0,1,1,1,10,4,4,0,0,0,0,1,0,6,2,5,3,9
2019.0,212.0,1.0,0.0,2,2,3,0,0,2,1,5,1,1,0,0,9,1,1,11,4,4,0,0,0,0,1,0,10,5,5,9,3
2019.0,84.0,0.0,0.0,3,6,3,0,0,0,1,5,1,1,0,0,5,1,1,13,4,4,0,0,0,0,1,0,10,8,5,8,3
2019.0,-419.0,1.0,0.0,2,4,3,0,0,0,1,1,1,1,0,1,5,1,1,13,4,4,0,0,0,1,1,0,0,2,5,3,9
2019.0,-250.0,0.0,0.0,3,12,4,0,0,0,1,9,1,1,0,0,5,1,1,18,4,4,0,1,0,2,2,0,0,2,5,3,9
2019.0,0.0,0.0,0.0,3,4,0,0,0,0,2,9,1,1,0,0,2,1,1,22,4,4,0,0,0,0,2,0,4,2,5,9,3
2019.0,-20.0,0.0,0.0,3,6,3,0,0,0,0,9,1,1,0,1,9,1,1,9,5,4,1,1,0,1,2,0,10,2,5,3,3
2019.0,0.0,0.0,0.0,3,4,3,0,0,0,1,2,1,1,0,1,9,1,1,10,5,4,1,0,0,1,1,0,4,2,5,3,9
2019.0,-200.0,0.0,0.0,3,12,3,0,0,0,2,8,1,1,0,0,1,1,1,11,5,4,1,0,0,0,1,0,6,5,5,9,5
2019.0,-20.0,0.0,0.0,3,10,3,0,0,0,0,9,1,1,0,0,9,1,1,12,5,4,1,0,0,0,1,0,5,5,5,3,3
2019.0,-200.0,0.0,0.0,3,10,3,0,3,0,2,3,1,1,0,0,3,1,1,16,5,4,1,1,0,0,2,0,10,9,5,9,5
2019.0,-45.0,0.0,0.0,3,6,3,0,0,0,0,9,1,1,0,0,9,1,1,17,5,4,1,1,0,2,2,0,6,7,5,3,3
2019.0,-180.0,0.0,0.0,3,10,3,0,0,0,0,5,1,1,0,0,5,1,1,17,5,4,1,1,0,2,1,0,10,9,5,3,2
2019.0,0.0,3.0,0.0,2,2,3,0,0,0,1,2,1,1,0,1,9,1,1,17,5,4,1,1,0,1,2,0,10,2,7,3,9
2019.0,0.0,0.0,0.0,3,2,3,0,0,0,0,7,1,1,0,1,5,1,1,17,5,4,1,1,0,1,1,0,5,2,5,3,9
2019.0,60.0,0.0,0.0,3,6,4,0,0,0,1,9,1,1,0,0,9,1,1,18,5,4,1,1,0,1,1,0,4,7,5,8,3
2019.0,20.0,0.0,0.0,3,6,0,0,0,0,1,9,1,1,0,0,9,1,1,22,5,4,1,0,0,2,2,0,10,5,5,3,3
2019.0,-15.0,0.0,0.0,3,4,0,0,0,0,1,7,1,1,0,1,9,1,1,0,6,4,1,0,0,2,2,0,10,2,5,3,9
2019.0,300.0,0.0,0.0,3,6,3,0,0,0,2,9,1,1,0,1,9,1,1,0,6,4,1,0,0,0,1,0,6,7,5,8,3
2019.0,0.0,0.0,0.0,3,4,3,0,0,0,2,1,1,1,0,0,9,1,1,12,6,4,1,0,0,0,1,0,4,2,5,8,9
2019.0,350.0,0.0,0.0,3,5,3,0,0,0,1,2,1,1,0,1,1,1,1,13,6,4,1,0,0,1,0,0,0,2,5,8,1
2019.0,0.0,1.0,0.0,2,4,3,0,0,0,1,5,1,1,0,0,2,1,1,15,6,4,1,0,0,0,1,0,4,2,5,3,9
2019.0,-21.0,2.0,0.0,2,4,3,0,0,0,1,2,1,1,0,0,1,1,1,15,6,4,1,0,0,2,1,0,5,2,5,3,9
2019.0,-76.0,0.0,0.0,3,6,3,0,0,0,1,2,1,1,0,0,2,1,1,18,6,4,1,1,0,1,1,0,10,7,5,8,3
2019.0,0.0,1.0,0.0,2,2,0,0,0,0,0,1,1,1,0,1,2,1,1,20,6,4,1,0,0,1,2,0,4,2,5,3,3
2019.0,0.0,2.0,0.0,2,2,0,0,0,0,0,1,1,1,0,1,5,1,1,23,6,4,1,0,0,2,1,0,5,2,5,3,3
2019.0,0.0,0.0,0.0,3,2,3,0,0,0,1,5,1,1,0,0,9,1,1,7,0,4,0,1,0,1,1,0,10,2,5,8,9
2019.0,0.0,0.0,0.0,3,6,3,0,0,0,0,2,1,1,0,0,2,1,1,7,0,4,0,1,0,1,2,0,5,8,5,9,9
2019.0,0.0,0.0,0.0,3,11,3,1,0,0,0,1,1,1,0,1,9,1,1,8,0,4,0,1,0,1,1,0,5,4,5,3,9
2019.0,-15.0,0.0,0.0,3,2,3,0,0,0,1,1,1,1,0,1,1,1,1,8,0,4,0,1,0,1,1,0,4,7,5,3,9
2019.0,0.0,0.0,0.0,3,6,3,0,0,0,0,1,1,1,0,1,1,1,1,8,0,4,0,1,0,1,0,0,5,8,5,8,3
2019.0,0.0,0.0,0.0,3,2,3,1,0,0,1,5,1,1,0,0,5,1,1,11,0,4,0,0,0,1,1,0,5,4,5,3,9
2019.0,385.0,0.0,0.0,3,4,3,0,0,0,1,5,1,1,0,0,9,1,1,11,0,4,0,0,0,2,1,0,6,2,5,3,9
2019.0,-51.0,0.0,0.0,3,6,3,3,0,0,1,1,1,1,0,0,1,1,1,12,0,4,0,0,0,1,1,0,10,8,5,8,3
2019.0,0.0,0.0,0.0,3,4,3,1,0,0,1,2,1,1,0,0,5,1,1,13,0,4,0,0,0,0,1,0,5,2,5,3,9
2019.0,21.0,0.0,0.0,3,6,3,1,0,0,1,2,1,1,0,1,2,1,1,14,0,4,0,0,0,1,1,0,10,7,5,8,3
2019.0,-465.0,2.0,0.0,2,4,3,0,0,0,0,9,1,1,0,0,2,1,1,14,0,4,0,0,0,1,1,0,0,2,5,3,9
2019.0,-500.0,1.0,0.0,3,6,3,0,0,0,1,9,1,1,0,0,9,1,1,18,0,4,0,1,0,2,1,0,0,7,5,9,3
2019.0,-30.0,0.0,0.0,3,6,0,0,0,0,1,2,0,1,0,1,2,1,1,22,0,4,0,0,0,0,2,0,4,7,5,3,3
2019.0,0.0,1.0,0.0,2,2,3,0,0,2,1,2,1,1,0,0,2,1,1,6,1,4,0,0,0,1,1,0,4,2,5,9,7
2019.0,0.0,1.0,0.0,3,2,3,0,0,0,0,1,1,1,0,0,5,1,1,9,1,4,0,1,0,2,1,0,5,2,5,3,3
2019.0,31.0,0.0,0.0,3,4,3,0,0,0,1,1,1,1,0,1,5,1,1,9,1,4,0,1,0,0,0,0,10,4,5,8,9
2019.0,309.0,1.0,0.0,3,2,3,0,0,2,1,9,1,1,0,0,2,1,1,10,1,4,0,0,0,0,2,0,0,5,5,9,3
2019.0,-905.0,0.0,0.0,3,10,3,0,0,0,1,1,1,1,0,0,1,1,1,11,1,4,0,0,0,0,1,0,6,9,5,3,2
2019.0,-222.0,1.0,0.0,2,2,3,0,0,2,0,5,1,1,0,0,1,1,1,11,1,4,0,0,0,0,1,0,6,2,5,3,7
2019.0,0.0,1.0,0.0,1,2,5,4,0,0,0,2,1,1,0,1,5,1,1,11,1,4,0,0,0,1,1,0,3,4,5,3,9
2019.0,-150.0,0.0,0.0,3,6,3,0,0,0,2,1,1,1,0,0,1,1,1,12,1,4,0,0,0,0,1,0,10,8,5,8,3
2019.0,55.0,0.0,0.0,3,10,3,0,0,0,1,5,1,1,0,1,5,1,1,12,1,4,0,0,0,1,1,0,10,9,5,3,9
2019.0,-40.0,1.0,0.0,3,6,3,0,0,0,1,9,1,1,0,1,9,1,1,12,1,4,0,0,0,1,0,0,10,7,5,8,3
2019.0,-61.0,0.0,0.0,3,6,3,0,0,0,1,1,1,1,0,1,1,1,1,14,1,4,0,0,0,2,2,0,10,7,5,8,3
2019.0,200.0,1.0,0.0,2,6,3,0,0,0,1,1,1,1,0,1,9,1,1,14,1,4,0,0,0,1,1,0,4,2,5,3,9
2019.0,-200.0,1.0,0.0,3,4,3,0,0,0,2,2,1,1,0,0,1,1,1,15,1,4,0,0,0,0,1,0,6,2,5,3,9
2019.0,-160.0,1.0,0.0,2,6,3,0,0,0,0,2,1,1,0,1,2,1,1,15,1,4,0,0,0,1,0,0,10,7,5,8,3
2019.0,-490.0,0.0,0.0,3,4,3,0,0,0,1,9,1,1,0,0,1,1,1,16,1,4,0,1,0,2,1,0,0,2,5,3,9
2019.0,0.0,0.0,0.0,3,4,3,0,0,0,0,1,1,1,0,0,9,1,1,16,1,4,0,1,0,1,1,0,4,2,5,3,9
2019.0,250.0,2.0,0.0,2,6,3,0,0,0,1,5,1,1,0,0,5,1,1,17,1,4,0,1,0,2,2,0,6,8,5,8,3
2019.0,0.0,0.0,0.0,3,4,3,0,0,0,1,9,1,1,0,1,1,1,1,17,1,4,0,1,0,1,2,0,4,2,5,3,9
2019.0,35.0,0.0,0.0,3,6,3,0,0,0,1,9,1,1,0,0,9,1,1,17,1,4,0,1,0,2,1,0,10,7,5,8,3
2019.0,200.0,0.0,0.0,3,6,0,0,0,0,1,1,1,1,0,1,1,1,1,4,2,5,0,0,0,1,1,0,6,7,5,8,3
2019.0,250.0,0.0,0.0,3,6,0,0,0,0,0,1,1,1,0,0,1,1,1,4,2,5,0,0,0,2,1,0,6,7,5,8,3
2019.0,-135.0,0.0,0.0,3,10,3,0,0,0,1,5,1,1,0,1,5,1,1,6,2,5,0,0,0,1,1,0,6,9,5,3,2
2019.0,121.0,1.0,0.0,1,5,3,0,0,3,1,2,0,1,0,1,9,1,1,8,2,5,0,1,0,2,1,0,9,2,5,3,5
2019.0,121.0,1.0,0.0,1,2,3,0,0,3,1,2,0,1,0,1,9,1,1,8,2,5,0,1,0,2,1,0,9,2,5,3,7
2019.0,85.0,0.0,0.0,3,10,3,0,0,0,0,5,1,1,0,1,5,1,1,10,2,5,0,0,0,1,0,0,6,9,5,8,9
2019.0,-58.0,0.0,0.0,3,6,3,0,0,0,2,2,1,1,0,0,2,1,1,16,2,5,0,1,0,0,2,0,10,7,5,9,3
2019.0,0.0,1.0,0.0,2,4,3,0,0,0,1,1,0,1,0,1,9,1,1,16,2,5,0,1,0,0,1,0,4,2,5,3,9
2019.0,0.0,1.0,0.0,3,4,3,0,0,0,1,1,1,1,0,1,9,1,1,17,2,5,0,1,0,2,1,0,4,2,5,3,9
2019.0,0.0,0.0,0.0,3,4,3,0,0,0,0,2,1,1,0,1,5,1,1,17,2,5,0,1,0,2,1,0,5,2,5,3,9
2019.0,65.0,0.0,0.0,3,6,3,0,0,0,1,9,1,1,0,0,9,1,1,18,2,5,0,1,0,1,2,0,10,7,5,8,3
2019.0,0.0,0.0,0.0,3,4,3,0,0,0,1,5,1,1,0,1,1,1,1,8,3,5,0,1,0,0,1,0,4,5,5,3,9
2019.0,0.0,3.0,0.0,2,4,3,0,0,0,0,9,1,1,0,0,1,1,1,8,3,5,0,1,0,1,1,0,4,2,5,3,9
2019.0,-73.0,0.0,0.0,3,10,3,0,0,0,1,5,1,1,0,1,5,1,1,11,3,5,0,0,0,1,1,0,6,9,5,3,2
2019.0,90.0,1.0,0.0,3,6,3,1,0,0,2,5,1,1,0,1,5,1,1,14,3,5,0,0,0,0,1,0,10,8,5,8,3
2019.0,152.0,0.0,0.0,3,6,3,0,0,0,0,1,1,1,0,0,1,1,1,15,3,5,0,0,0,1,1,0,10,8,5,8,3
2019.0,-789.0,1.0,0.0,3,6,3,0,0,0,1,1,1,1,0,0,1,1,1,15,3,5,0,0,0,2,1,0,6,8,5,8,3
2019.0,330.0,0.0,0.0,3,2,3,0,0,0,0,5,1,1,0,1,1,1,1,17,3,5,0,1,0,1,1,0,10,2,5,3,9
2019.0,0.0,0.0,0.0,3,6,4,0,0,0,1,5,1,1,0,0,5,1,1,18,3,5,0,1,0,1,1,0,4,9,5,3,2
2019.0,300.0,1.0,0.0,2,9,4,1,0,0,1,1,1,1,0,0,1,1,1,18,3,5,0,1,0,2,0,0,6,9,5,3,2
2019.0,-60.0,2.0,0.0,3,6,3,0,0,0,0,1,1,1,0,0,1,1,1,7,4,5,0,1,0,1,0,0,10,7,5,3,3
2019.0,110.0,0.0,0.0,3,6,3,0,0,0,1,9,1,1,0,1,9,1,1,11,4,5,0,0,0,1,2,0,10,8,5,8,3
2019.0,178.0,0.0,0.0,3,10,3,0,0,0,0,9,1,1,0,1,9,1,1,11,4,5,0,0,0,2,2,0,10,9,5,3,2
2019.0,264.0,0.0,0.0,3,4,3,0,0,0,1,2,1,1,0,0,5,1,1,12,4,5,0,0,0,1,1,0,9,2,5,3,9
2019.0,-111.0,0.0,0.0,3,6,3,0,0,0,1,1,1,1,0,0,1,1,1,12,4,5,0,0,0,1,1,0,10,8,5,8,3
2019.0,-190.0,0.0,0.0,3,10,3,0,3,0,2,5,1,1,0,1,5,1,1,13,4,5,0,0,0,0,2,0,3,9,5,3,2
2019.0,0.0,0.0,0.0,3,10,5,4,0,0,1,9,1,1,0,1,9,1,1,13,4,5,0,0,0,1,1,0,10,9,5,3,2