Year,Distance,Totalinjuries,Totalfatalities,Injuryseverity,Collisionmanner,Lightcondition,Weather,SurfaceCondition,Unittype_One,Gender_Drv1,Traveldirection_One,AlcoholUse_Drv1,DrugUse_Drv1,Unittype_Two,Gender_Drv2,Traveldirection_Two,AlcoholUse_Drv2,DrugUse_Drv2,Hour,Weekday,Month,Weekend,Rush_Hour,Hazardous_Road,Age_Group_Drv1,Age_Group_Drv2,Substance_Use,Junction_Category,Violation_Category_Drv1,Violation_Category_Drv2,Unitaction_Category_Two,Unitaction_Category_One
2019.0,-284.0,2.0,0.0,3,2,3,0,0,0,0,1,1,1,0,1,5,1,1,14,4,5,0,0,0,1,2,0,0,2,5,3,9
2019.0,0.0,2.0,0.0,2,4,5,4,0,0,0,9,1,1,0,1,1,1,1,15,4,5,0,0,0,2,1,0,5,2,5,3,9
2019.0,74.0,5.0,0.0,2,6,3,0,0,0,0,2,1,1,0,0,2,1,1,16,4,5,0,1,0,2,1,0,10,8,5,8,3
2019.0,73.0,5.0,0.0,2,6,3,0,0,0,0,2,1,1,0,1,2,1,1,16,4,5,0,1,0,1,1,0,10,8,5,8,3
2019.0,-46.0,0.0,0.0,3,2,3,0,0,0,1,1,1,1,0,1,1,1,1,16,4,5,0,1,0,1,1,0,6,9,5,3,2
2019.0,0.0,0.0,0.0,3,2,3,0,0,0,1,9,0,1,0,0,5,1,1,18,4,5,0,1,0,1,2,0,5,2,5,3,9
2019.0,25.0,0.0,0.0,3,6,3,0,0,0,0,9,1,1,0,1,9,1,1,12,5,5,1,0,0,1,0,0,10,7,5,8,3
2019.0,-475.0,0.0,0.0,3,2,3,0,0,0,1,5,1,1,0,1,4,1,1,14,5,5,1,0,0,2,1,0,6,2,5,3,9
2019.0,625.0,0.0,0.0,3,2,3,0,0,0,1,5,1,1,0,1,9,1,1,14,5,5,1,0,0,1,1,0,6,2,5,3,9
2019.0,-300.0,0.0,0.0,3,6,3,0,0,0,0,1,1,1,0,0,1,1,1,15,5,5,1,0,0,1,1,0,6,7,5,8,8
2019.0,250.0,1.0,0.0,3,2,3,0,0,0,1,1,1,1,0,0,1,1,1,17,5,5,1,1,0,1,2,0,6,8,5,8,3
2019.0,-50.0,0.0,0.0,3,6,3,0,0,0,1,2,1,1,0,1,2,1,1,17,5,5,1,1,0,2,1,0,4,7,5,3,3
2019.0,45.0,0.0,0.0,3,10,3,0,0,0,1,9,1,1,0,0,9,1,1,17,5,5,1,1,0,2,1,0,6,2,5,3,6
2019.0,-10.0,2.0,0.0,3,12,0,0,0,0,0,4,1,1,3,0,5,1,1,21,5,5,1,0,0,1,1,0,6,5,5,5,9
2019.0,278.0,0.0,0.0,3,10,0,0,0,0,0,5,1,1,0,0,5,0,1,22,5,5,1,0,0,2,1,0,6,9,5,3,2
2019.0,0.0,1.0,0.0,3,2,0,0,0,0,1,4,1,1,3,1,5,1,1,3,6,5,1,0,0,2,2,0,4,4,5,7,9
2019.0,-0.33,0.0,0.0,3,10,3,0,0,0,1,1,1,1,0,0,1,1,1,9,6,5,1,1,0,1,1,0,10,8,5,3,3
2019.0,0.0,0.0,0.0,3,4,3,0,0,0,0,1,1,1,0,1,5,1,1,13,6,5,1,0,0,1,0,0,4,2,5,3,9
2019.0,0.0,0.0,0.0,3,4,3,0,0,0,1,1,1,1,0,1,2,1,1,14,6,5,1,0,0,2,1,0,5,2,5,9,3
2019.0,207.0,0.0,0.0,3,6,3,0,0,0,1,1,1,1,0,0,1,1,1,15,6,5,1,0,0,1,1,0,6,7,5,8,3
2019.0,215.0,0.0,0.0,3,10,3,0,0,0,0,2,1,1,0,0,2,1,1,17,6,5,1,1,0,1,1,0,0,9,5,3,2
2019.0,-200.0,0.0,0.0,3,10,4,0,0,0,0,9,1,1,0,0,9,1,1,18,6,5,1,1,0,1,2,0,10,9,5,3,3
2019.0,10.0,0.0,0.0,3,4,0,0,0,0,1,1,1,1,0,1,9,1,1,20,6,5,1,0,0,0,2,0,4,2,5,3,9
2019.0,50.0,0.0,0.0,3,6,0,0,0,0,2,5,1,1,0,1,5,1,1,22,6,5,1,0,0,0,2,0,10,8,5,8,3
2019.0,-300.0,1.0,0.0,2,10,3,0,0,0,1,5,1,1,0,0,5,1,1,7,0,5,0,1,0,1,1,0,3,9,5,3,2
2019.0,-450.0,0.0,0.0,3,10,3,0,0,0,2,9,1,1,0,0,9,1,1,8,0,5,0,1,0,0,2,0,6,9,5,3,2
2019.0,-74.0,0.0,0.0,3,6,3,0,0,0,1,1,1,1,0,0,1,1,1,9,0,5,0,1,0,1,1,0,10,7,5,9,9
2019.0,-36.0,1.0,0.0,2,5,3,1,0,2,1,2,1,1,0,0,1,1,1,12,0,5,0,0,0,1,0,0,0,5,5,9,3
2019.0,-200.0,0.0,0.0,3,10,3,0,0,0,1,2,1,1,0,1,2,1,1,13,0,5,0,0,0,2,0,0,10,9,5,3,9
2019.0,-303.0,0.0,0.0,3,6,3,0,0,0,1,4,1,1,0,1,4,1,1,13,0,5,0,0,0,1,1,0,4,5,7,8,1
2019.0,-553.0,0.0,0.0,3,4,3,0,0,0,0,2,1,1,0,1,1,1,1,15,0,5,0,0,0,2,2,0,0,9,5,3,9
2019.0,100.0,0.0,0.0,3,6,3,0,0,0,2,9,1,1,0,0,9,1,1,17,0,5,0,1,0,0,1,0,10,7,5,8,3
2019.0,-60.0,1.0,0.0,2,6,3,1,0,0,0,1,1,1,0,1,1,1,1,18,0,5,0,1,0,1,1,0,10,7,5,3,3
2019.0,0.0,1.0,0.0,3,4,4,0,0,0,1,2,1,1,0,0,9,1,1,18,0,5,0,1,0,2,2,0,5,2,5,3,9
2019.0,593.0,0.0,0.0,3,6,0,0,0,0,1,9,1,1,0,1,1,1,1,21,0,5,0,0,0,1,1,0,6,5,5,6,1
2019.0,-30.0,0.0,0.0,3,12,5,4,3,0,2,8,1,1,1,1,1,1,1,22,0,5,0,0,0,0,1,0,10,5,5,6,5
2019.0,0.0,3.0,0.0,2,4,0,0,0,0,0,2,1,1,0,0,5,1,1,22,0,5,0,0,0,1,2,0,4,2,5,3,9
2019.0,50.0,0.0,0.0,3,10,2,0,0,0,1,2,1,1,0,1,2,1,1,5,1,5,0,0,0,1,0,0,6,9,5,3,2
2019.0,-493.0,1.0,0.0,3,6,3,1,4,0,0,9,1,1,0,0,9,1,1,7,1,5,0,1,1,2,1,0,6,8,5,8,3
2019.0,700.0,0.0,0.0,3,12,3,0,0,0,2,8,1,1,1,1,1,1,1,9,1,5,0,1,0,0,1,0,6,5,5,6,5
2019.0,-504.0,0.0,0.0,3,6,3,1,0,0,0,1,1,1,0,0,1,1,1,11,1,5,0,0,0,2,1,0,6,8,5,8,3
2019.0,-50.0,0.0,0.0,3,10,3,0,0,0,1,1,1,1,0,0,1,1,1,13,1,5,0,0,0,1,0,0,10,5,5,3,9
2019.0,58.0,4.0,0.0,2,6,3,0,0,0,1,2,0,1,0,1,9,1,1,13,1,5,0,0,0,2,0,0,10,7,5,9,3
2019.0,-80.0,0.0,0.0,3,4,3,0,0,0,1,9,1,1,0,0,2,1,1,15,1,5,0,0,0,0,1,0,10,2,5,3,9
2019.0,-145.0,1.0,0.0,3,6,3,0,0,0,1,2,1,1,0,1,2,1,1,15,1,5,0,0,0,1,1,0,10,8,5,8,3
2019.0,150.0,0.0,0.0,3,10,3,0,0,0,0,5,1,1,0,1,5,1,1,16,1,5,0,1,0,2,0,0,6,9,5,3,2
2019.0,0.0,0.0,0.0,3,2,3,0,0,0,0,5,1,1,0,1,9,1,1,17,1,5,0,1,0,2,1,0,4,2,5,3,9
2019.0,0.0,2.0,0.0,2,2,3,0,0,0,1,1,1,1,0,1,2,1,1,17,1,5,0,1,0,1,1,0,4,5,5,3,3
2019.0,0.0,0.0,0.0,3,4,3,0,0,0,0,7,1,1,0,1,5,1,1,17,1,5,0,1,0,1,1,0,4,2,5,3,9
2019.0,25.0,0.0,0.0,3,5,3,0,0,0,0,2,1,1,0,0,5,1,1,18,1,5,0,1,0,2,1,0,10,5,5,8,1
2019.0,-141.0,0.0,0.0,3,10,0,0,0,0,0,2,1,1,0,1,2,1,1,21,1,5,0,0,0,2,1,0,10,9,5,3,2
2019.0,14.0,1.0,0.0,3,6,3,0,0,0,0,5,1,1,0,1,5,1,1,5,2,5,0,0,0,2,1,0,10,7,5,9,3
2019.0,0.0,1.0,0.0,2,4,3,1,0,0,1,5,1,1,0,1,2,1,1,6,2,5,0,0,0,2,1,0,5,2,5,3,9
2019.0,0.0,0.0,0.0,3,4,3,1,0,0,1,1,1,1,0,1,7,1,1,8,2,5,0,1,0,1,2,0,5,2,5,9,3
2019.0,0.0,1.0,0.0,2,2,3,1,0,0,0,1,1,1,0,1,2,1,1,8,2,5,0,1,0,2,1,0,4,2,5,3,3
2019.0,78.0,0.0,0.0,3,6,3,0,0,0,0,9,1,1,0,0,9,1,1,12,2,5,0,0,0,2,2,0,10,8,5,8,3
2019.0,0.0,1.0,0.0,3,4,3,0,0,0,1,5,1,1,0,0,2,1,1,13,2,5,0,0,0,0,1,0,5,2,5,3,9
2019.0,0.0,0.0,0.0,3,11,3,4,3,0,2,8,1,1,0,0,8,1,1,13,2,5,0,0,0,0,1,0,6,2,2,9,9
2019.0,46.0,0.0,0.0,3,6,3,0,0,0,0,7,1,1,0,0,7,1,1,14,2,5,0,0,0,1,0,0,10,8,5,8,3
2019.0,-315.0,1.0,0.0,3,6,3,0,0,0,1,5,1,1,0,0,5,1,1,15,2,5,0,0,0,2,1,0,6,7,5,8,3
2019.0,0.0,2.0,0.0,2,4,3,0,0,0,0,4,1,1,0,0,5,1,1,15,2,5,0,0,0,2,1,0,4,2,5,3,9
2019.0,0.0,0.0,0.0,3,4,3,0,0,0,1,2,1,1,0,0,5,1,1,15,2,5,0,0,0,1,2,0,5,2,5,3,9
2019.0,265.0,0.0,0.0,3,10,3,0,0,0,1,2,1,1,0,0,2,1,1,16,2,5,0,1,0,1,2,0,6,9,5,3,2
2019.0,-55.0,0.0,0.0,3,4,3,1,0,0,0,2,1,1,0,1,5,1,1,17,2,5,0,1,0,2,1,0,10,2,5,3,9
2019.0,0.0,0.0,0.0,3,6,0,0,0,0,1,2,0,1,0,1,2,1,1,20,2,5,0,0,0,1,1,0,10,7,5,8,8
2019.0,0.0,0.0,0.0,3,4,3,0,0,0,1,1,1,1,0,0,9,1,1,6,3,5,0,0,0,1,1,0,5,2,5,9,3
2019.0,-26.0,2.0,0.0,2,6,3,0,0,0,1,2,1,1,0,0,2,1,1,7,3,5,0,1,0,1,1,0,10,8,5,8,3
2019.0,-55.0,0.0,0.0,3,6,3,0,0,0,0,9,1,1,0,0,9,1,1,7,3,5,0,1,0,1,1,0,10,8,5,8,3
2019.0,-104.0,0.0,0.0,3,6,3,0,0,0,1,2,1,1,0,0,2,1,1,11,3,5,0,0,0,2,2,0,10,8,5,8,3
2019.0,60.0,0.0,0.0,3,6,3,0,0,0,2,1,1,1,0,0,1,1,1,13,3,5,0,0,0,0,1,0,10,7,5,8,3
2019.0,0.0,0.0,0.0,3,2,3,0,0,0,1,1,1,1,0,1,5,1,1,13,3,5,0,0,0,1,1,0,5,2,5,3,9
2019.0,-54.0,0.0,0.0,3,10,3,0,0,0,0,5,1,1,0,1,5,1,1,14,3,5,0,0,0,2,1,0,3,9,5,3,2
2019.0,-52.0,2.0,0.0,3,6,3,0,0,0,1,5,1,1,0,1,5,1,1,14,3,5,0,0,0,1,1,0,10,8,5,8,3
2019.0,144.0,0.0,0.0,3,6,3,0,0,0,0,5,1,1,0,1,5,1,1,15,3,5,0,0,0,1,1,0,10,7,5,8,3
2019.0,180.0,0.0,0.0,3,6,3,1,0,0,1,2,1,1,0,1,2,1,1,15,3,5,0,0,0,2,2,0,10,8,5,8,3
2019.0,-27.0,1.0,0.0,2,2,3,0,0,2,1,9,1,1,0,0,2,1,1,15,3,5,0,0,0,1,1,0,0,5,5,9,3
2019.0,112.0,1.0,0.0,2,6,3,0,0,0,0,9,1,1,0,0,9,1,1,17,3,5,0,1,0,1,1,0,10,8,5,8,3
2019.0,100.0,0.0,0.0,3,12,3,0,0,0,1,5,1,1,0,0,5,1,1,17,3,5,0,1,0,1,1,0,10,9,5,3,2
2019.0,1272.0,0.0,0.0,3,4,3,0,0,0,1,1,1,1,0,1,5,1,1,8,4,5,0,1,0,2,1,0,6,2,5,3,9
2019.0,-500.0,0.0,0.0,3,10,3,0,0,0,2,2,1,1,1,1,2,1,1,9,4,5,0,1,0,0,1,0,6,9,5,6,3
2019.0,0.0,0.0,0.0,3,10,3,0,0,0,1,5,1,1,0,0,5,1,1,10,4,5,0,0,0,1,2,0,6,5,5,9,9
2019.0,101.0,0.0,0.0,3,6,3,0,0,0,1,9,1,1,0,1,9,1,1,11,4,5,0,0,0,1,1,0,10,8,5,8,3
2019.0,-104.0,0.0,0.0,3,6,3,0,0,0,2,2,1,1,0,1,2,1,1,12,4,5,0,0,0,0,1,0,10,8,5,8,3
2019.0,0.0,0.0,0.0,3,2,3,0,0,0,0,1,1,1,0,0,1,1,1,13,4,5,0,0,0,1,1,0,4,5,5,3,0
2019.0,0.0,0.0,0.0,3,10,3,0,0,0,1,1,1,1,0,1,1,1,1,13,4,5,0,0,0,1,1,0,5,2,5,8,9
2019.0,-207.0,0.0,0.0,3,6,3,0,0,0,1,1,1,1,0,0,1,1,1,14,4,5,0,0,0,1,1,0,10,8,5,8,3
2019.0,579.0,2.0,0.0,2,6,3,0,0,0,0,5,1,1,0,0,5,1,1,14,4,5,0,0,0,1,1,0,6,8,5,8,3
2019.0,62.0,0.0,0.0,3,6,3,0,0,0,0,5,1,1,0,1,5,1,1,14,4,5,0,0,0,2,1,0,10,8,5,8,3
2019.0,-60.0,0.0,0.0,3,10,3,0,0,0,0,5,1,1,0,0,5,1,1,15,4,5,0,0,0,0,1,0,6,9,5,3,3
2019.0,0.0,0.0,0.0,3,10,3,0,4,0,1,5,1,1,0,1,5,1,1,15,4,5,0,0,1,0,1,0,10,5,5,9,9
2019.0,-62.0,0.0,0.0,3,6,5,4,0,0,0,1,1,1,0,0,1,1,1,15,4,5,0,0,0,1,1,0,10,5,5,8,3
2019.0,990.0,0.0,0.0,3,6,3,0,0,0,1,2,1,1,0,1,2,1,1,16,4,5,0,1,0,1,1,0,6,8,5,8,3
2019.0,-74.0,0.0,0.0,3,10,3,0,0,0,2,9,1,1,0,0,9,1,1,16,4,5,0,1,0,0,0,0,6,9,5,8,2
2019.0,0.0,0.0,0.0,3,4,0,0,0,0,2,2,1,1,0,1,5,1,1,19,4,5,0,1,0,0,1,0,4,2,5,3,9
2019.0,0.0,0.0,0.0,3,2,0,0,0,0,0,5,1,1,0,0,1,1,1,22,4,5,0,0,0,1,2,0,6,5,5,3,9
2019.0,0.0,0.0,0.0,3,10,3,0,0,0,1,5,1,1,0,0,5,1,1,12,5,5,1,0,0,1,0,0,4,9,5,9,2
2019.0,0.0,0.0,0.0,3,2,3,0,0,0,1,5,1,1,0,1,1,1,1,14,5,5,1,0,0,2,1,0,4,2,5,3,3
2019.0,445.0,2.0,0.0,2,4,3,4,0,0,0,5,1,1,0,0,9,1,1,15,5,5,1,0,0,0,0,0,6,2,5,3,9
2019.0,36.0,0.0,0.0,3,6,3,0,0,0,1,5,1,1,0,1,5,1,1,18,5,5,1,1,0,1,2,0,5,7,5,8,3
2019.0,97.0,0.0,0.0,3,10,0,0,0,0,2,5,1,1,0,0,5,1,1,23,5,5,1,0,0,0,1,0,6,9,5,8,3
2019.0,-5.0,0.0,0.0,3,6,0,3,4,0,1,1,1,1,0,1,1,1,1,23,5,5,1,0,1,0,1,0,6,8,5,3,3
2019.0,30.0,0.0,0.0,3,6,3,0,0,0,1,9,1,1,0,0,9,1,1,15,6,5,1,0,0,1,2,0,10,7,5,3,8
2019.0,108.0,0.0,0.0,3,2,3,1,0,0,1,2,0,1,1,1,2,1,1,15,6,5,1,0,0,1,1,0,6,7,5,6,3
2019.0,-25.0,0.0,0.0,3,2,3,1,0,0,0,5,1,1,0,1,7,1,1,16,6,5,1,1,0,2,1,0,10,5,5,9,6
2019.0,0.0,1.0,0.0,3,10,3,0,0,0,2,5,1,1,0,0,5,1,1,17,6,5,1,1,0,0,1,0,6,2,5,3,2
2019.0,5.0,3.0,0.0,2,6,5,4,0,0,0,5,1,1,0,1,5,1,1,18,6,5,1,1,0,1,1,0,10,7,5,9,3
2019.0,260.0,1.0,0.0,2,5,3,0,0,2,0,9,1,1,0,1,2,1,1,6,0,5,0,0,0,1,2,0,0,5,5,9,3
2019.0,100.0,1.0,0.0,3,6,3,0,0,0,1,9,1,1,0,1,9,1,1,7,0,5,0,1,0,1,1,0,10,8,5,8,3
2019.0,-323.0,0.0,0.0,3,10,3,0,0,1,1,2,1,1,0,1,2,1,1,7,0,5,0,1,0,0,1,0,10,7,5,8,2
2019.0,140.0,0.0,0.0,3,10,3,0,0,0,0,1,1,1,0,0,1,1,1,11,0,5,0,0,0,1,1,0,6,9,5,3,2
2019.0,43.0,0.0,0.0,3,6,3,0,0,0,1,5,1,1,0,0,5,1,1,12,0,5,0,0,0,0,0,0,10,8,5,3,3
2019.0,-86.0,0.0,0.0,3,6,3,0,0,0,1,2,1,1,0,0,2,1,1,14,0,5,0,0,0,1,1,0,10,7,5,8,3
2019.0,-66.0,0.0,0.0,3,2,3,0,0,0,0,5,1,1,0,1,2,1,1,15,0,5,0,0,0,1,2,0,10,5,5,9,9
2019.0,0.0,0.0,0.0,3,6,3,0,0,0,1,1,1,1,0,0,1,1,1,15,0,5,0,0,0,2,1,0,5,7,5,8,3
2019.0,-300.0,0.0,0.0,3,4,3,0,0,0,0,2,1,1,0,0,1,1,1,15,0,5,0,0,0,1,2,0,6,9,5,3,9
2019.0,-90.0,1.0,0.0,3,6,3,0,0,0,1,1,1,1,0,1,1,1,1,16,0,5,0,1,0,1,1,0,10,7,5,8,3
2019.0,45.0,0.0,0.0,3,6,5,4,0,0,1,5,1,1,0,0,5,1,1,16,0,5,0,1,0,1,1,0,10,7,5,8,3
2019.0,-40.0,0.0,0.0,3,5,3,0,0,0,1,5,1,1,0,0,5,1,1,16,0,5,0,1,0,1,2,0,6,5,5,3,5
2019.0,100.0,0.0,0.0,3,6,3,0,0,0,1,1,1,1,0,0,1,1,1,17,0,5,0,1,0,1,1,0,6,7,5,8,3
2019.0,1000.0,0.0,0.0,3,6,3,0,0,0,1,1,1,1,0,0,1,1,1,17,0,5,0,1,0,1,1,0,6,7,5,8,3
2019.0,76.0,1.0,0.0,3,12,3,0,0,0,2,2,1,1,0,1,2,1,1,17,0,5,0,1,0,0,1,0,6,5,5,3,5
2019.0,-130.0,0.0,0.0,3,6,3,0,0,0,0,2,1,1,0,1,2,1,1,17,0,5,0,1,0,1,2,0,6,7,5,3,3
2019.0,150.0,3.0,0.0,3,2,3,0,0,0,2,5,1,1,0,1,9,1,1,17,0,5,0,1,0,0,1,0,0,2,5,3,5
2019.0,-270.0,0.0,0.0,3,6,3,0,0,0,1,1,1,1,0,0,1,1,1,18,0,5,0,1,0,2,1,0,10,7,5,8,8
2019.0,200.0,0.0,0.0,3,6,0,0,0,0,1,1,1,1,0,1,1,1,1,22,0,5,0,0,0,2,2,0,0,7,5,9,3
2019.0,-205.0,0.0,0.0,3,4,3,0,0,0,1,9,1,1,0,0,2,1,1,7,1,5,0,1,0,2,1,0,0,9,5,3,9
2019.0,-170.0,0.0,0.0,3,10,3,0,0,0,0,2,1,1,0,1,2,1,1,9,1,5,0,1,0,2,2,0,10,9,5,3,2
2019.0,124.0,0.0,0.0,3,6,3,0,0,0,1,2,1,1,0,0,2,1,1,9,1,5,0,1,0,1,1,0,6,7,5,8,3
2019.0,-209.0,1.0,0.0,2,4,3,0,0,0,1,1,1,1,0,0,9,1,1,9,1,5,0,1,0,0,1,0,0,2,5,3,9
2019.0,-492.0,0.0,0.0,3,10,3,0,0,0,0,1,1,1,0,0,1,1,1,11,1,5,0,0,0,2,1,0,6,9,5,3,2
2019.0,90.0,0.0,0.0,3,4,3,0,0,0,1,1,1,1,0,0,5,1,1,14,1,5,0,0,0,1,1,0,0,9,5,3,9
2019.0,0.0,2.0,0.0,2,4,3,0,0,0,0,2,1,1,0,0,9,1,1,15,1,5,0,0,0,0,1,0,4,2,5,9,3
2019.0,-53.0,0.0,0.0,3,10,3,0,0,0,1,1,1,1,0,1,1,1,1,15,1,5,0,0,0,1,1,0,10,4,5,8,9
2019.0,177.0,0.0,0.0,3,2,3,0,0,0,0,1,1,1,0,1,5,1,1,16,1,5,0,1,0,1,0,0,0,2,5,3,9
2019.0,-660.0,0.0,0.0,3,6,3,0,0,0,1,1,1,1,0,0,1,1,1,16,1,5,0,1,0,0,1,0,6,7,5,8,3
2019.0,35.0,1.0,0.0,3,6,3,0,0,0,1,5,1,1,0,1,5,1,1,17,1,5,0,1,0,1,2,0,10,7,5,3,8
2019.0,493.0,1.0,0.0,3,4,3,0,0,0,0,1,1,1,0,1,1,1,1,17,1,5,0,1,0,1,2,0,0,2,9,3,9
2019.0,0.0,0.0,0.0,3,4,3,0,0,0,0,1,1,1,0,1,5,1,1,5,2,5,0,0,0,1,1,0,5,2,5,9,3
2019.0,-120.0,0.0,0.0,3,2,3,0,0,0,0,9,1,1,0,1,2,1,1,8,2,5,0,1,0,1,2,0,10,2,5,3,9
2019.0,-2.0,2.0,0.0,2,4,3,0,0,0,0,2,1,1,0,0,9,1,1,8,2,5,0,1,0,2,1,0,4,2,5,9,3
2019.0,0.0,2.0,0.0,2,2,5,4,0,0,0,1,1,1,0,0,2,1,1,8,2,5,0,1,0,1,0,0,5,2,5,3,3
2019.0,61.0,0.0,0.0,3,6,3,0,0,0,1,2,1,1,0,0,5,1,1,9,2,5,0,1,0,1,0,0,10,5,5,8,1
2019.0,-820.0,0.0,0.0,3,6,3,0,0,0,1,1,1,1,0,1,1,1,1,10,2,5,0,0,0,1,1,0,6,9,5,3,2
2019.0,197.0,0.0,0.0,3,6,3,0,0,0,1,5,1,1,0,1,5,1,1,12,2,5,0,0,0,1,1,0,10,8,5,8,3
2019.0,0.0,1.0,0.0,2,4,3,0,0,0,1,5,1,1,0,0,9,1,1,12,2,5,0,0,0,0,1,0,0,2,5,3,9
2019.0,120.0,1.0,0.0,3,6,3,0,0,0,0,9,1,1,0,0,9,1,1,14,2,5,0,0,0,2,1,0,10,8,5,8,3
2019.0,-760.0,1.0,0.0,2,6,3,0,0,0,0,2,1,1,0,0,2,1,1,14,2,5,0,0,0,1,2,0,6,8,5,8,3
2019.0,730.0,0.0,0.0,3,2,3,0,0,0,1,2,0,1,0,1,9,1,1,16,2,5,0,1,0,1,1,0,0,5,5,5,9
2019.0,0.0,0.0,0.0,3,4,3,0,0,0,1,9,1,1,0,1,2,1,1,16,2,5,0,1,0,2,1,0,4,2,5,9,3
2019.0,145.0,0.0,0.0,3,6,4,0,0,0,0,1,1,1,0,1,1,1,1,18,2,5,0,1,0,1,1,0,6,8,5,8,3
2019.0,0.0,0.0,0.0,3,2,0,0,0,0,1,1,1,1,0,0,2,1,1,22,2,5,0,0,0,2,2,0,5,2,5,3,3
2019.0,40.0,0.0,0.0,3,6,0,0,0,0,1,9,1,1,0,1,8,1,1,4,3,5,0,0,0,1,1,0,0,8,5,8,3
2019.0,0.0,2.0,0.0,2,4,3,0,0,0,0,1,1,1,0,1,9,1,1,6,3,5,0,0,0,2,1,0,5,2,5,9,3
2019.0,0.0,0.0,0.0,3,10,3,0,0,0,1,9,1,1,0,0,9,1,1,7,3,5,0,1,0,2,2,0,10,9,5,3,2
2019.0,0.0,0.0,0.0,3,6,3,0,0,0,1,9,1,1,0,1,9,1,1,12,3,5,0,0,0,2,1,0,4,8,5,9,9
2019.0,-96.0,0.0,0.0,3,5,3,0,0,0,1,5,1,1,0,0,2,1,1,13,3,5,0,0,0,1,1,0,10,5,5,8,1
2019.0,-41.0,2.0,0.0,2,6,3,0,0,0,1,2,1,1,0,0,2,1,1,15,3,5,0,0,0,0,1,0,4,8,5,8,3
2019.0,75.0,1.0,0.0,2,6,3,0,0,0,0,9,1,1,0,0,9,1,1,15,3,5,0,0,0,2,2,0,10,9,5,3,2
2019.0,0.0,1.0,0.0,2,4,3,0,0,0,0,2,1,1,0,1,1,1,1,15,3,5,0,0,0,1,1,0,5,2,5,3,9
2019.0,-70.0,0.0,0.0,3,6,3,0,0,0,1,1,1,1,0,0,1,1,1,16,3,5,0,1,0,2,2,0,10,8,5,8,3
2019.0,-78.0,0.0,0.0,3,4,3,0,0,0,1,5,1,1,0,0,9,1,1,16,3,5,0,1,0,0,0,0,3,4,5,3,9
2019.0,327.0,3.0,0.0,2,2,3,0,0,0,1,2,1,1,0,1,1,1,1,17,3,5,0,1,0,1,1,0,0,2,5,3,9
2019.0,-38.0,0.0,0.0,3,6,3,0,0,0,1,1,1,1,0,0,1,1,1,17,3,5,0,1,0,1,0,0,10,7,5,8,3
2019.0,200.0,0.0,0.0,3,6,3,0,0,0,0,5,1,1,0,1,5,1,1,17,3,5,0,1,0,1,1,0,10,8,5,8,3
2019.0,67.0,0.0,0.0,3,10,3,0,0,0,1,9,1,1,0,1,9,1,1,17,3,5,0,1,0,1,0,0,10,9,5,8,9
2019.0,0.0,0.0,0.0,3,2,0,0,0,0,1,9,1,1,0,0,1,1,1,19,3,5,0,1,0,2,2,0,5,5,5,5,5
2019.0,0.0,0.0,0.0,3,6,3,0,0,0,1,2,1,1,0,1,1,1,1,7,4,5,0,1,0,1,1,0,5,2,5,3,9
2019.0,337.0,1.0,0.0,3,6,3,0,0,0,1,9,1,1,0,1,9,1,1,7,4,5,0,1,0,0,0,0,6,8,5,8,3
2019.0,97.0,1.0,0.0,3,6,3,0,0,0,1,9,1,1,0,0,9,1,1,7,4,5,0,1,0,2,0,0,10,8,5,8,3
2019.0,0.0,0.0,0.0,3,2,3,0,0,0,0,5,1,1,0,1,5,1,1,10,4,5,0,0,0,1,1,0,5,4,5,3,9
2019.0,-15.0,1.0,0.0,2,5,3,0,0,0,1,1,1,1,3,1,5,1,1,12,4,5,0,0,0,1,2,0,10,2,5,7,9
2019.0,360.0,1.0,0.0,2,4,3,0,0,0,1,5,1,1,0,1,2,1,1,13,4,5,0,0,0,0,1,0,6,2,5,3,9
2019.0,-58.0,0.0,0.0,3,6,3,0,0,0,0,5,1,1,0,0,5,1,1,13,4,5,0,0,0,2,2,0,6,8,5,8,3
2019.0,70.0,0.0,0.0,3,10,3,0,0,0,0,9,1,1,0,1,9,1,1,14,4,5,0,0,0,2,1,0,10,2,5,3,2
2019.0,-58.0,1.0,0.0,2,2,3,0,0,2,1,2,1,1,0,1,1,1,1,15,4,5,0,0,0,2,2,0,10,5,5,9,3
2019.0,359.0,0.0,0.0,3,6,5,4,0,0,1,2,1,1,0,1,2,1,1,15,4,5,0,0,0,1,2,0,0,8,5,8,8
2019.0,-228.0,0.0,0.0,3,10,3,0,0,0,0,1,1,1,0,0,1,1,1,15,4,5,0,0,0,0,1,0,10,9,5,8,2
2019.0,-0.25,0.0,0.0,3,6,3,0,0,0,0,5,1,1,0,1,5,1,1,16,4,5,0,1,0,2,1,0,6,7,5,8,3
2019.0,50.0,0.0,0.0,3,10,3,0,0,0,1,9,1,1,0,0,9,1,1,17,4,5,0,1,0,1,0,0,10,9,5,3,2
2019.0,-371.0,0.0,0.0,3,10,3,0,0,0,0,1,1,1,0,1,1,1,1,17,4,5,0,1,0,1,1,0,10,9,5,3,2
2019.0,0.0,3.0,0.0,3,4,3,0,0,0,1,2,1,1,0,1,5,1,1,17,4,5,0,1,0,1,2,0,5,2,5,3,9
2019.0,0.0,2.0,0.0,2,2,3,0,0,0,1,9,1,1,0,1,5,1,1,8,5,5,1,1,0,1,1,0,4,2,5,3,3