Year,Distance,Totalinjuries,Totalfatalities,Injuryseverity,Collisionmanner,Lightcondition,Weather,SurfaceCondition,Unittype_One,Gender_Drv1,Traveldirection_One,AlcoholUse_Drv1,DrugUse_Drv1,Unittype_Two,Gender_Drv2,Traveldirection_Two,AlcoholUse_Drv2,DrugUse_Drv2,Hour,Weekday,Month,Weekend,Rush_Hour,Hazardous_Road,Age_Group_Drv1,Age_Group_Drv2,Substance_Use,Junction_Category,Violation_Category_Drv1,Violation_Category_Drv2,Unitaction_Category_Two,Unitaction_Category_One
2019.0,100.0,0.0,0.0,3,4,3,0,0,0,0,5,1,1,0,1,2,1,1,9,5,5,1,1,0,2,1,0,6,4,5,3,9
2019.0,100.0,0.0,0.0,3,10,3,0,0,0,2,9,1,1,0,1,9,1,1,12,5,5,1,0,0,0,1,0,10,9,5,8,2
2019.0,24.0,0.0,0.0,3,6,3,0,0,0,2,5,1,1,0,0,5,1,1,13,5,5,1,0,0,0,2,0,10,7,5,8,3
2019.0,0.0,0.0,0.0,3,2,3,0,0,0,0,2,1,1,0,0,9,1,1,14,5,5,1,0,0,0,0,0,5,2,5,3,3
2019.0,0.0,2.0,0.0,2,2,3,0,0,0,0,9,1,1,0,1,5,1,1,17,5,5,1,1,0,1,0,0,4,5,5,5,5
2019.0,0.0,0.0,0.0,3,4,0,0,0,0,1,9,1,1,0,1,1,1,1,22,5,5,1,0,0,2,1,0,5,2,5,3,9
2019.0,150.0,2.0,0.0,3,5,3,0,0,0,0,9,1,1,0,1,9,1,1,8,6,5,1,1,0,2,2,0,6,9,5,3,3
2019.0,0.0,0.0,0.0,3,2,3,0,0,0,1,1,1,1,0,1,2,1,1,11,6,5,1,0,0,1,2,0,5,2,5,3,3
2019.0,450.0,0.0,0.0,3,10,3,0,0,0,0,5,1,1,0,1,5,1,1,15,6,5,1,0,0,2,1,0,6,9,5,3,2
2019.0,100.0,0.0,0.0,3,10,0,0,0,0,1,9,1,1,0,0,9,1,1,19,6,5,1,1,0,1,2,0,6,9,5,3,3
2019.0,100.0,1.0,0.0,2,6,3,0,0,0,1,2,1,1,0,0,2,1,1,11,0,5,0,0,0,0,1,0,6,8,5,8,3
2019.0,-60.0,0.0,0.0,3,11,3,0,0,0,1,9,1,1,0,0,9,1,1,12,0,5,0,0,0,2,0,0,6,5,5,3,9
2019.0,-110.0,0.0,0.0,3,6,3,1,0,0,1,1,1,1,0,1,1,1,1,15,0,5,0,0,0,2,1,0,10,7,5,8,3
2019.0,0.0,0.0,0.0,3,2,3,1,0,0,0,1,1,1,0,1,2,1,1,15,0,5,0,0,0,2,1,0,0,2,5,3,9
2019.0,40.0,0.0,0.0,3,6,3,4,0,0,0,5,1,1,0,0,5,1,1,16,0,5,0,1,0,1,1,0,10,7,5,8,3
2019.0,335.0,0.0,0.0,3,6,3,1,0,0,0,9,1,1,0,0,9,1,1,16,0,5,0,1,0,1,1,0,10,7,5,8,3
2019.0,-25.0,0.0,0.0,3,10,0,1,0,0,1,5,1,1,0,1,5,1,1,20,0,5,0,0,0,2,1,0,10,4,5,9,9
2019.0,0.0,0.0,0.0,3,2,0,0,0,0,1,7,1,1,0,1,9,1,1,21,0,5,0,0,0,2,2,0,5,2,5,3,9
2019.0,0.0,1.0,0.0,3,12,2,0,0,0,1,9,1,1,0,1,7,1,1,4,1,5,0,0,0,1,1,0,5,5,2,9,3
2019.0,0.0,0.0,0.0,3,10,3,0,0,0,1,2,1,1,0,1,2,1,1,7,1,5,0,1,0,1,1,0,5,5,9,3,2
2019.0,-40.0,1.0,0.0,3,10,3,0,0,0,1,5,1,1,0,1,5,1,1,7,1,5,0,1,0,1,1,0,10,9,5,3,2
2019.0,1250.0,2.0,0.0,3,4,3,0,0,0,0,4,1,1,0,1,1,1,1,7,1,5,0,1,0,1,1,0,0,2,5,3,9
2019.0,-140.0,0.0,0.0,3,6,3,0,0,0,1,2,1,1,0,0,2,1,1,7,1,5,0,1,0,1,1,0,10,8,5,8,3
2019.0,220.0,0.0,0.0,3,10,3,0,0,0,0,5,1,1,0,0,5,1,1,10,1,5,0,0,0,1,1,0,10,9,5,3,2
2019.0,25.0,0.0,0.0,3,10,3,0,0,0,1,5,1,1,0,1,1,1,1,13,1,5,0,0,0,1,2,0,10,4,5,8,9
2019.0,375.0,0.0,0.0,3,5,3,0,0,0,1,5,1,1,1,1,5,1,1,14,1,5,0,0,0,1,1,0,6,5,5,6,1
2019.0,-105.0,1.0,0.0,2,6,3,0,0,1,1,1,1,1,0,1,1,1,1,14,1,5,0,0,0,0,1,0,10,7,5,8,3
2019.0,-20.0,3.0,0.0,2,6,3,0,0,0,1,1,1,1,0,0,1,1,1,14,1,5,0,0,0,1,2,0,10,8,5,8,3
2019.0,275.0,1.0,0.0,2,4,3,0,0,0,1,5,1,1,0,0,9,1,1,15,1,5,0,0,0,1,1,0,0,2,5,2,9
2019.0,-180.0,0.0,0.0,3,6,3,0,0,0,1,1,1,1,0,1,1,1,1,16,1,5,0,1,0,1,1,0,10,7,5,8,3
2019.0,-318.0,1.0,0.0,3,6,3,0,0,0,0,1,1,1,0,0,1,1,1,17,1,5,0,1,0,1,0,0,10,7,5,8,3
2019.0,50.0,3.0,0.0,2,4,3,0,0,0,0,2,1,1,0,0,5,1,1,17,1,5,0,1,0,2,1,0,0,2,5,3,9
2019.0,0.0,0.0,0.0,3,4,0,0,0,0,0,2,0,1,0,1,5,1,1,21,1,5,0,0,0,1,1,0,5,2,5,3,9
2019.0,-20.0,0.0,0.0,3,2,0,0,0,0,1,5,1,1,0,1,5,1,1,23,1,5,0,0,0,2,1,0,10,4,5,3,9
2019.0,571.0,0.0,0.0,3,2,5,1,0,0,1,5,1,1,0,0,5,1,1,6,2,5,0,0,0,0,1,0,6,9,5,3,9
2019.0,25.0,1.0,0.0,3,6,3,0,0,0,0,9,1,1,0,0,0,1,1,7,2,5,0,1,0,1,2,0,10,8,5,9,3
2019.0,384.0,0.0,0.0,3,6,3,0,0,0,0,9,1,1,0,1,9,1,1,8,2,5,0,1,0,1,1,0,6,8,5,8,3
2019.0,-30.0,0.0,0.0,3,6,3,1,0,0,0,1,1,1,0,0,1,1,1,8,2,5,0,1,0,1,1,0,5,8,5,9,9
2019.0,-77.0,1.0,0.0,2,3,3,0,0,0,1,5,1,1,0,0,2,1,1,8,2,5,0,1,0,1,1,0,10,2,5,8,3
2019.0,0.0,0.0,0.0,3,4,5,4,0,0,0,5,1,1,0,0,1,1,1,9,2,5,0,1,0,0,2,0,5,2,5,3,9
2019.0,-118.0,0.0,0.0,3,6,3,1,0,0,1,9,1,1,0,0,1,1,1,10,2,5,0,0,0,1,1,0,10,5,5,8,1
2019.0,-450.0,0.0,0.0,3,6,3,0,0,0,1,1,1,1,0,0,1,1,1,10,2,5,0,0,0,0,0,0,10,7,5,8,3
2019.0,0.0,0.0,0.0,3,2,3,0,0,0,1,1,1,1,0,1,5,1,1,11,2,5,0,0,0,2,1,0,5,2,5,3,9
2019.0,237.0,1.0,0.0,3,10,3,1,0,0,2,9,1,1,0,0,9,1,1,13,2,5,0,0,0,0,1,0,10,5,5,8,2
2019.0,350.0,1.0,0.0,3,2,3,0,0,2,0,1,1,1,0,0,5,1,1,14,2,5,0,0,0,1,1,0,0,5,5,9,3
2019.0,27.0,1.0,0.0,3,5,3,1,0,2,1,5,1,1,0,0,4,1,1,14,2,5,0,0,0,2,1,0,10,2,5,9,3
2019.0,0.0,0.0,0.0,3,12,3,1,0,0,2,1,1,1,0,1,1,1,1,15,2,5,0,0,0,0,1,0,4,9,5,3,9
2019.0,230.0,0.0,0.0,3,10,3,1,0,0,2,1,1,1,0,0,1,1,1,16,2,5,0,1,0,0,0,0,10,2,5,3,2
2019.0,117.0,1.0,0.0,2,6,3,1,0,0,0,5,0,1,0,1,5,1,1,17,2,5,0,1,0,1,1,0,10,8,5,8,3
2019.0,-350.0,0.0,0.0,3,6,3,1,0,0,1,1,1,1,0,1,1,1,1,17,2,5,0,1,0,1,1,0,6,7,5,8,3
2019.0,-525.0,0.0,0.0,3,4,3,0,0,0,1,9,1,1,0,1,1,1,1,18,2,5,0,1,0,0,1,0,6,2,5,3,9
2019.0,0.0,0.0,0.0,3,6,0,1,0,0,1,5,0,1,0,1,5,1,1,0,3,5,0,0,0,1,1,0,5,2,5,8,3
2019.0,80.0,0.0,0.0,3,3,3,3,0,0,0,5,1,1,0,1,5,1,1,5,3,5,0,0,0,2,1,0,10,7,5,3,3
2019.0,-293.0,1.0,0.0,2,6,3,0,0,0,1,9,1,1,0,1,9,1,1,6,3,5,0,0,0,2,1,0,9,8,5,8,3
2019.0,-30.0,0.0,0.0,3,6,3,0,0,0,1,1,1,1,0,1,1,1,1,8,3,5,0,1,0,1,1,0,10,7,5,8,3
2019.0,0.0,1.0,0.0,3,6,3,0,0,0,1,5,1,1,0,0,5,1,1,8,3,5,0,1,0,1,1,0,4,7,5,8,9
2019.0,0.0,0.0,0.0,3,11,3,0,0,0,0,5,1,1,0,1,1,1,1,9,3,5,0,1,0,1,1,0,5,2,5,9,9
2019.0,72.0,0.0,0.0,3,10,3,0,0,0,1,1,1,1,0,0,1,1,1,11,3,5,0,0,0,1,1,0,6,9,5,3,2
2019.0,-175.0,0.0,0.0,3,6,3,0,0,0,0,2,1,1,0,1,2,1,1,11,3,5,0,0,0,2,1,0,10,8,5,8,3
2019.0,-100.0,0.0,0.0,3,10,3,0,0,0,1,9,1,1,0,0,9,1,1,12,3,5,0,0,0,2,2,0,6,9,5,3,2
2019.0,0.0,0.0,0.0,3,4,3,0,0,0,1,2,1,1,0,0,5,1,1,12,3,5,0,0,0,0,1,0,5,4,5,8,9
2019.0,0.0,1.0,0.0,2,5,3,0,0,2,1,2,1,1,0,0,1,1,1,12,3,5,0,0,0,1,0,0,5,2,5,9,7
2019.0,0.0,0.0,0.0,3,6,3,0,0,0,0,5,1,1,0,0,5,1,1,13,3,5,0,0,0,1,1,0,10,4,4,9,9
2019.0,393.0,0.0,0.0,3,6,3,0,0,0,1,9,1,1,0,0,9,1,1,13,3,5,0,0,0,1,1,0,10,8,5,8,3
2019.0,0.0,0.0,0.0,3,10,3,1,0,0,0,5,1,1,0,1,5,1,1,15,3,5,0,0,0,1,2,0,6,5,5,5,5
2019.0,283.0,0.0,0.0,3,6,3,0,0,0,0,9,1,1,0,0,9,1,1,15,3,5,0,0,0,1,2,0,6,8,5,8,3
2019.0,-50.0,0.0,0.0,3,12,0,0,0,0,2,8,1,1,1,1,8,1,1,1,4,5,0,0,0,0,1,0,6,5,5,6,5
2019.0,-266.0,1.0,0.0,3,6,3,0,0,0,0,1,1,1,0,0,1,1,1,8,4,5,0,1,0,1,1,0,10,8,5,8,3
2019.0,0.0,2.0,0.0,2,4,5,4,0,0,0,5,1,1,0,1,2,1,1,10,4,5,0,0,0,0,1,0,5,2,5,9,3
2019.0,250.0,0.0,0.0,3,2,3,0,0,0,1,9,1,1,0,0,2,1,1,11,4,5,0,0,0,2,1,0,5,7,5,3,9
2019.0,530.0,0.0,0.0,3,10,3,0,0,0,2,5,1,1,0,0,5,1,1,15,4,5,0,0,0,0,1,0,6,9,5,3,2
2019.0,-76.0,5.0,0.0,2,6,3,0,0,0,0,5,1,1,0,1,5,1,1,15,4,5,0,0,0,1,1,0,5,8,5,8,3
2019.0,0.0,2.0,0.0,3,10,3,0,0,0,1,9,1,1,0,1,9,1,1,15,4,5,0,0,0,1,1,0,6,5,5,3,5
2019.0,269.0,0.0,0.0,3,6,3,0,0,0,0,2,1,1,0,0,2,1,1,16,4,5,0,1,0,1,1,0,6,8,5,8,5
2019.0,70.0,0.0,0.0,3,4,3,0,0,0,1,6,1,1,0,0,6,1,1,16,4,5,0,1,0,0,1,0,5,8,5,8,3
2019.0,0.0,0.0,0.0,3,4,3,0,0,0,0,7,1,1,0,0,1,1,1,17,4,5,0,1,0,2,1,0,4,2,5,3,9
2019.0,-13.0,0.0,0.0,3,10,3,0,0,1,1,2,1,1,0,1,2,1,1,18,4,5,0,1,0,0,1,0,10,7,5,3,9
2019.0,-55.0,0.0,0.0,3,10,0,0,0,0,1,1,1,1,0,1,1,1,1,21,4,5,0,0,0,0,2,0,10,9,5,3,9
2019.0,0.0,1.0,0.0,2,4,3,0,0,0,0,2,1,1,0,1,5,1,1,9,5,5,1,1,0,2,1,0,4,2,5,3,9
2019.0,0.0,0.0,0.0,3,2,3,0,0,0,1,1,1,1,0,0,5,1,1,12,5,5,1,0,0,2,0,0,4,5,5,3,3
2019.0,150.0,1.0,0.0,3,2,3,0,0,2,1,1,1,1,0,1,5,1,1,12,5,5,1,0,0,1,1,0,6,5,5,5,3
2019.0,0.0,2.0,0.0,3,4,3,0,0,0,0,5,1,1,0,1,1,1,1,13,5,5,1,0,0,2,0,0,5,5,5,9,3
2019.0,-30.0,2.0,0.0,3,4,3,0,0,0,0,5,1,1,0,0,2,1,1,18,5,5,1,1,0,2,1,0,6,2,5,3,9
2019.0,0.0,0.0,0.0,3,2,3,0,0,0,0,5,1,1,0,1,9,1,1,18,5,5,1,1,0,1,1,0,5,5,5,9,9
2019.0,0.0,0.0,0.0,3,4,3,0,0,0,1,1,1,1,0,1,5,1,1,22,5,5,1,0,0,0,1,0,4,2,5,9,3
2019.0,0.0,0.0,0.0,3,6,0,0,0,0,1,1,0,1,0,0,1,1,1,23,5,5,1,0,0,1,1,0,5,7,5,8,3
2019.0,40.0,0.0,0.0,3,5,5,4,0,0,1,5,1,1,0,0,5,1,1,12,6,5,1,0,0,1,1,0,10,5,5,8,1
2019.0,0.0,2.0,0.0,3,3,3,0,3,0,0,2,1,1,0,0,1,1,1,17,6,5,1,1,0,1,1,0,4,5,5,5,5
2019.0,88.0,0.0,0.0,3,10,3,0,0,0,1,5,1,1,0,0,5,1,1,17,6,5,1,1,0,1,2,0,10,9,5,8,2
2019.0,-31.0,0.0,0.0,3,6,0,0,0,0,0,2,0,1,0,1,2,1,1,22,6,5,1,0,0,0,1,0,10,7,5,5,5
2019.0,0.0,3.0,0.0,2,2,0,1,0,0,0,1,1,1,0,0,2,1,1,0,0,5,0,0,0,2,1,0,5,2,5,3,3
2019.0,125.0,1.0,0.0,2,6,3,0,0,0,1,2,0,1,0,0,2,1,1,8,0,5,0,1,0,1,1,0,10,7,5,8,3
2019.0,0.0,1.0,0.0,3,2,3,0,0,0,1,5,1,1,0,1,1,1,1,10,0,5,0,0,0,2,2,0,5,2,5,3,3
2019.0,-90.0,0.0,0.0,3,6,3,0,0,0,0,2,1,1,0,1,2,1,1,11,0,5,0,0,0,1,1,0,10,7,5,8,3
2019.0,0.0,0.0,0.0,3,11,3,0,0,0,1,9,1,1,0,0,1,1,1,17,0,5,0,1,0,1,1,0,5,4,5,3,9
2019.0,-200.0,0.0,0.0,3,6,3,0,0,0,1,1,1,1,0,0,1,1,1,18,0,5,0,1,0,1,1,0,10,7,5,8,3
2019.0,0.0,0.0,0.0,3,6,3,0,0,0,0,2,1,1,0,0,2,1,1,18,0,5,0,1,0,1,2,0,10,5,5,8,3
2019.0,-200.0,0.0,0.0,3,10,3,0,0,0,1,2,1,1,0,0,2,1,1,19,0,5,0,1,0,2,2,0,10,9,5,3,3
2019.0,-60.0,0.0,0.0,3,6,0,0,0,0,2,1,1,1,0,0,1,1,1,20,0,5,0,0,0,0,1,0,10,7,5,8,3
2019.0,500.0,1.0,0.0,2,5,3,0,0,2,0,5,1,1,0,1,9,1,1,7,1,5,0,1,0,2,1,0,0,5,5,5,5
2019.0,-32.0,0.0,0.0,3,10,3,0,0,0,1,9,1,1,0,1,9,1,1,12,1,5,0,0,0,0,1,0,6,9,5,3,2
2019.0,82.0,0.0,0.0,3,5,3,0,0,0,0,5,1,1,0,1,5,1,1,12,1,5,0,0,0,2,1,0,5,5,5,8,1
2019.0,158.0,0.0,0.0,3,6,3,0,0,0,1,9,1,1,0,0,9,1,1,14,1,5,0,0,0,2,0,0,10,7,5,8,3
2019.0,0.0,0.0,0.0,3,6,3,0,0,0,1,5,1,1,0,1,5,1,1,15,1,5,0,0,0,0,1,0,5,8,5,8,9
2019.0,39.0,1.0,0.0,2,2,3,0,0,2,0,1,1,1,0,1,5,1,1,15,1,5,0,0,0,1,1,0,10,2,5,9,3
2019.0,0.0,2.0,0.0,2,4,3,0,0,0,0,5,1,1,0,1,2,1,1,17,1,5,0,1,0,1,2,0,4,2,5,3,9
2019.0,0.0,1.0,0.0,3,2,3,0,0,0,0,5,1,1,0,1,9,1,1,17,1,5,0,1,0,0,1,0,5,2,5,3,9
2019.0,-137.0,0.0,0.0,3,9,3,0,0,0,1,2,1,1,0,1,5,1,1,17,1,5,0,1,0,1,0,0,6,7,5,3,3
2019.0,46.0,0.0,0.0,3,2,3,0,0,0,1,1,1,1,0,0,5,1,1,18,1,5,0,1,0,1,1,0,10,2,5,9,3
2019.0,0.0,0.0,0.0,3,4,0,0,0,0,0,5,1,1,0,0,2,1,1,19,1,5,0,1,0,2,1,0,4,2,5,3,9
2019.0,-110.0,0.0,0.0,3,6,3,0,0,0,0,2,1,1,0,1,2,1,1,8,2,5,0,1,0,1,1,0,6,8,5,8,3
2019.0,-392.0,0.0,0.0,3,6,3,0,0,0,1,5,1,1,0,1,2,1,1,8,2,5,0,1,0,0,1,0,0,2,5,3,9
2019.0,0.0,0.0,0.0,3,10,3,0,0,0,1,2,1,1,0,1,2,1,1,12,2,5,0,0,0,0,1,0,4,5,5,9,3
2019.0,0.47,1.0,0.0,3,2,3,0,0,0,0,1,1,1,0,1,5,1,1,12,2,5,0,0,0,2,2,0,5,2,5,3,3
2019.0,0.0,1.0,0.0,2,2,3,0,0,0,1,2,1,1,0,0,9,1,1,14,2,5,0,0,0,0,0,0,4,2,5,3,3
2019.0,125.0,0.0,0.0,3,10,3,0,0,0,2,9,1,1,0,0,9,1,1,14,2,5,0,0,0,0,1,0,10,9,5,8,5
2019.0,-340.0,0.0,0.0,3,10,3,0,0,0,1,5,1,1,0,0,5,1,1,15,2,5,0,0,0,1,1,0,6,5,5,3,3
2019.0,-338.0,2.0,0.0,3,6,3,0,0,0,0,9,1,1,0,0,9,1,1,15,2,5,0,0,0,1,2,0,10,8,5,8,3
2019.0,0.0,3.0,0.0,2,4,3,0,0,0,0,5,1,1,0,1,5,1,1,17,2,5,0,1,0,2,2,0,4,8,5,9,3
2019.0,348.0,1.0,0.0,2,2,3,0,0,2,0,1,1,1,0,1,5,1,1,17,2,5,0,1,0,2,1,0,0,5,5,9,3
2019.0,200.0,0.0,0.0,3,10,0,4,3,0,1,8,1,1,1,1,8,1,1,19,2,5,0,1,0,1,1,0,6,5,5,6,5
2019.0,-490.0,0.0,0.0,3,10,0,0,0,0,0,9,1,1,0,1,9,1,1,20,2,5,0,0,0,1,2,0,0,9,5,2,9
2019.0,88.0,0.0,0.0,3,6,3,0,0,0,1,9,1,1,0,1,9,1,1,6,3,5,0,0,0,1,0,0,10,7,5,8,3
2019.0,50.0,0.0,0.0,3,6,3,4,0,0,1,5,1,1,0,1,5,1,1,6,3,5,0,0,0,2,2,0,4,7,5,8,3
2019.0,105.0,0.0,0.0,3,5,3,0,0,0,0,9,1,1,0,1,9,1,1,8,3,5,0,1,0,1,2,0,10,5,5,8,1
2019.0,-80.0,0.0,0.0,3,6,3,0,0,0,1,2,1,1,0,0,2,1,1,13,3,5,0,0,0,2,0,0,10,7,5,8,3
2019.0,150.0,0.0,0.0,3,12,5,0,0,0,2,8,1,1,1,1,1,1,1,14,3,5,0,0,0,0,1,0,6,5,5,6,5
2019.0,55.0,1.0,0.0,2,2,3,0,0,2,0,1,1,1,0,1,5,1,1,16,3,5,0,1,0,1,1,0,10,2,5,9,3
2019.0,-300.0,0.0,0.0,3,2,3,0,0,0,0,1,1,1,0,0,5,1,1,16,3,5,0,1,0,2,0,0,0,2,5,3,9
2019.0,-215.0,0.0,0.0,3,5,3,0,0,0,1,5,1,1,0,0,9,1,1,16,3,5,0,1,0,1,1,0,6,5,5,3,1
2019.0,50.0,1.0,0.0,3,6,3,0,0,0,1,5,1,1,0,1,5,1,1,16,3,5,0,1,0,1,1,0,6,7,5,8,3
2019.0,-81.0,1.0,0.0,2,6,3,0,0,0,1,1,1,1,0,0,1,1,1,17,3,5,0,1,0,1,1,0,10,8,5,8,3
2019.0,0.0,2.0,0.0,2,2,3,0,0,0,1,5,1,1,0,1,9,1,1,17,3,5,0,1,0,2,0,0,5,2,5,3,9
2019.0,250.0,0.0,0.0,3,4,3,0,0,0,1,9,1,1,0,0,2,1,1,19,3,5,0,1,0,1,2,0,5,2,5,3,9
2019.0,-498.0,3.0,0.0,2,6,0,0,0,0,0,9,0,1,0,1,9,1,1,0,4,5,0,0,0,1,1,0,0,8,5,9,3
2019.0,0.0,0.0,0.0,3,10,3,0,0,0,0,1,1,1,0,1,1,1,1,6,4,5,0,0,0,1,1,0,3,2,5,3,9
2019.0,-1230.0,2.0,0.0,2,4,3,0,0,0,0,1,1,1,0,1,9,1,1,9,4,5,0,1,0,1,2,0,4,2,5,3,9
2019.0,88.0,0.0,0.0,3,6,3,0,0,0,0,9,1,1,0,0,9,1,1,11,4,5,0,0,0,1,1,0,10,8,5,8,3
2019.0,0.0,0.0,0.0,3,2,3,0,0,0,0,1,1,1,0,1,5,1,1,12,4,5,0,0,0,2,2,0,3,4,5,3,9
2019.0,-30.0,0.0,0.0,3,6,3,0,0,0,2,1,1,1,0,0,1,1,1,13,4,5,0,0,0,0,0,0,10,7,5,8,3
2019.0,0.0,0.0,0.0,3,4,3,0,0,0,1,5,1,1,0,0,5,1,1,13,4,5,0,0,0,1,1,0,4,5,5,9,9
2019.0,122.0,2.0,0.0,2,6,3,0,0,0,0,9,1,1,0,0,9,1,1,15,4,5,0,0,0,1,0,0,4,8,5,8,3
2019.0,30.0,3.0,0.0,2,6,3,0,0,0,0,5,1,1,0,0,5,1,1,15,4,5,0,0,0,0,1,0,10,8,5,8,3
2019.0,-224.0,1.0,0.0,2,4,3,0,0,0,0,1,1,1,0,0,5,1,1,16,4,5,0,1,0,1,2,0,0,2,5,3,9
2019.0,0.0,0.0,0.0,3,4,3,0,0,0,1,1,1,1,0,1,2,1,1,18,4,5,0,1,0,2,2,0,5,2,5,3,9
2019.0,-120.0,0.0,0.0,3,6,3,0,0,0,0,2,1,1,0,0,2,1,1,18,4,5,0,1,0,1,2,0,10,7,5,8,3
2019.0,250.0,0.0,0.0,3,10,3,0,0,0,0,1,1,1,0,1,1,1,1,11,5,6,1,0,0,0,1,0,6,5,5,3,3
2019.0,75.0,0.0,0.0,3,6,3,0,0,0,1,9,1,1,0,0,9,1,1,12,5,6,1,0,0,1,1,0,10,7,5,8,3
2019.0,0.0,0.0,0.0,3,4,3,0,0,0,0,1,1,1,0,0,9,1,1,18,5,6,1,1,0,1,2,0,4,2,5,9,3
2019.0,0.0,0.0,0.0,3,2,0,0,0,0,1,6,1,1,0,1,1,1,1,21,5,6,1,0,0,2,1,0,10,2,5,3,9
2019.0,-30.0,0.0,0.0,3,4,0,0,0,0,0,2,1,1,0,0,5,1,1,0,6,6,1,0,0,1,1,0,5,5,5,9,3
2019.0,300.0,0.0,0.0,3,6,3,0,0,0,0,5,1,1,0,1,5,1,1,10,6,6,1,0,0,1,1,0,6,7,5,8,8
2019.0,0.0,2.0,0.0,3,4,3,0,0,0,0,1,1,1,0,0,2,1,1,10,6,6,1,0,0,1,1,0,4,2,5,3,3
2019.0,175.0,0.0,0.0,3,6,3,0,0,0,0,1,1,1,0,0,1,1,1,11,6,6,1,0,0,1,0,0,10,8,5,3,3
2019.0,175.0,0.0,0.0,3,6,3,0,0,0,1,2,1,1,0,0,2,1,1,13,6,6,1,0,0,2,1,0,0,8,5,5,5
2019.0,-150.0,0.0,0.0,3,4,3,0,0,0,0,5,1,1,0,1,1,1,1,18,6,6,1,1,0,1,2,0,6,2,5,3,9
2019.0,288.0,0.0,0.0,3,2,3,0,0,0,1,2,1,1,0,0,2,1,1,20,6,6,1,0,0,0,2,0,6,4,5,3,9
2019.0,100.0,0.0,0.0,3,4,0,0,0,0,1,1,1,1,0,1,1,1,1,20,6,6,1,0,0,0,1,0,6,5,5,3,3
2019.0,-90.0,0.0,0.0,3,2,0,0,0,0,0,1,1,1,0,1,1,1,1,0,0,6,0,0,0,1,2,0,6,9,5,6,5
2019.0,255.0,3.0,0.0,3,6,3,0,0,0,1,5,1,1,0,0,5,1,1,13,0,6,0,0,0,2,1,0,6,7,5,8,3
2019.0,0.0,0.0,0.0,3,2,3,0,0,0,1,2,1,1,0,1,1,1,1,13,0,6,0,0,0,1,1,0,6,2,5,3,9
2019.0,460.0,1.0,0.0,1,5,3,0,0,0,0,9,1,1,2,1,5,1,1,14,0,6,0,0,0,2,1,0,6,2,5,3,3
2019.0,-366.0,0.0,0.0,3,6,3,0,0,0,0,1,1,1,0,1,1,1,1,17,0,6,0,1,0,2,1,0,10,7,5,8,3
2019.0,15.0,2.0,0.0,1,10,3,0,0,0,0,5,1,1,3,0,5,1,1,17,0,6,0,1,0,1,2,0,4,4,5,7,9
2019.0,0.0,1.0,0.0,2,4,4,0,0,0,1,1,1,1,0,0,2,1,1,19,0,6,0,1,0,0,0,0,4,4,5,3,3
2019.0,0.0,0.0,0.0,3,2,0,0,0,0,2,5,1,1,0,1,9,1,1,20,0,6,0,0,0,0,1,0,5,2,5,3,5
2019.0,0.0,0.0,0.0,3,4,0,0,0,0,0,7,1,1,0,1,5,1,1,21,0,6,0,0,0,1,1,0,5,2,5,3,9
2019.0,0.0,0.0,0.0,3,10,3,0,0,0,1,1,1,1,0,0,1,1,1,7,1,6,0,1,0,1,2,0,3,9,5,9,3
2019.0,-59.0,0.0,0.0,3,5,3,0,0,0,1,1,1,1,0,0,1,1,1,8,1,6,0,1,0,1,1,0,5,5,5,8,1
2019.0,-101.0,0.0,0.0,3,10,3,0,0,0,0,2,1,1,0,0,2,1,1,9,1,6,0,1,0,1,0,0,10,9,5,3,2
2019.0,-116.0,0.0,0.0,3,10,3,0,0,0,0,2,1,1,0,0,2,1,1,10,1,6,0,0,0,0,1,0,10,9,5,3,2
2019.0,0.0,0.0,0.0,3,4,3,0,0,0,0,5,1,1,0,1,9,1,1,11,1,6,0,0,0,1,2,0,4,2,5,3,3
2019.0,-127.0,1.0,0.0,2,6,3,0,0,0,1,2,1,1,0,1,2,1,1,12,1,6,0,0,0,2,0,0,6,8,5,8,3
2019.0,147.0,1.0,0.0,2,6,3,0,0,0,1,9,1,1,0,0,9,1,1,12,1,6,0,0,0,1,1,0,10,8,5,3,3
2019.0,-358.0,0.0,0.0,3,10,5,4,0,0,1,2,1,1,0,1,2,1,1,13,1,6,0,0,0,1,1,0,3,9,5,3,2
2019.0,319.0,0.0,0.0,3,10,3,0,0,0,1,5,1,1,0,1,5,1,1,15,1,6,0,0,0,1,1,0,6,9,5,8,2
2019.0,161.0,0.0,0.0,3,4,3,0,0,0,1,5,1,1,0,0,2,1,1,15,1,6,0,0,0,0,1,0,0,2,5,2,9
2019.0,190.0,1.0,0.0,3,6,3,0,0,0,1,1,1,1,0,1,1,1,1,15,1,6,0,0,0,1,1,0,6,8,5,8,3
2019.0,211.0,1.0,0.0,2,6,3,0,0,0,0,5,1,1,0,0,5,1,1,16,1,6,0,1,0,1,0,0,10,8,5,8,3
2019.0,31.0,1.0,0.0,3,6,3,0,0,0,1,9,1,1,0,1,9,1,1,17,1,6,0,1,0,2,1,0,10,8,5,8,3
2019.0,-23.0,0.0,0.0,3,2,3,0,0,0,1,2,1,1,0,1,1,1,1,0,2,6,0,0,0,2,1,0,4,2,5,9,3
2019.0,0.0,2.0,0.0,2,4,3,0,0,0,1,9,1,1,0,1,5,1,1,8,2,6,0,1,0,1,1,0,5,2,5,9,3
2019.0,23.0,1.0,0.0,3,2,3,0,0,0,1,6,1,1,0,0,5,1,1,8,2,6,0,1,0,1,1,0,10,2,5,3,9