Year,Distance,Totalinjuries,Totalfatalities,Injuryseverity,Collisionmanner,Lightcondition,Weather,SurfaceCondition,Unittype_One,Gender_Drv1,Traveldirection_One,AlcoholUse_Drv1,DrugUse_Drv1,Unittype_Two,Gender_Drv2,Traveldirection_Two,AlcoholUse_Drv2,DrugUse_Drv2,Hour,Weekday,Month,Weekend,Rush_Hour,Hazardous_Road,Age_Group_Drv1,Age_Group_Drv2,Substance_Use,Junction_Category,Violation_Category_Drv1,Violation_Category_Drv2,Unitaction_Category_Two,Unitaction_Category_One
2019.0,0.0,1.0,0.0,3,5,3,0,0,0,0,2,1,1,1,1,2,1,1,9,2,6,0,1,0,1,1,0,6,7,5,6,3
2019.0,480.0,0.0,0.0,3,6,3,0,0,0,0,9,1,1,0,1,9,1,1,10,2,6,0,0,0,1,1,0,6,7,5,8,3
2019.0,137.0,1.0,0.0,3,6,3,0,0,0,1,5,1,1,0,0,5,1,1,10,2,6,0,0,0,1,0,0,10,8,5,8,3
2019.0,59.0,0.0,0.0,3,11,3,0,0,0,1,2,1,1,1,1,5,1,1,13,2,6,0,0,0,0,0,0,6,7,5,6,9
2019.0,0.0,0.0,0.0,3,4,3,0,0,0,0,5,1,1,0,0,2,1,1,15,2,6,0,0,0,2,1,0,4,2,5,3,9
2019.0,0.0,2.0,0.0,2,2,3,0,0,0,1,9,1,1,0,1,5,1,1,16,2,6,0,1,0,1,0,0,4,5,5,3,3
2019.0,-108.0,0.0,0.0,3,10,0,0,0,0,0,1,1,1,0,1,1,1,1,0,3,6,0,0,0,1,2,0,6,9,5,3,3
2019.0,0.0,0.0,0.0,3,10,0,4,3,0,2,8,1,1,0,0,8,1,1,0,3,6,0,0,0,0,1,0,6,4,5,9,9
2019.0,323.0,1.0,0.0,3,4,3,0,0,0,1,3,1,1,0,1,9,1,1,7,3,6,0,1,0,1,1,0,0,5,5,3,9
2019.0,175.0,1.0,0.0,3,6,3,0,0,0,0,9,1,1,0,1,9,1,1,8,3,6,0,1,0,2,1,0,10,8,5,8,3
2019.0,0.0,0.0,0.0,3,4,3,0,0,0,1,5,1,1,0,0,2,1,1,10,3,6,0,0,0,1,1,0,5,2,5,3,9
2019.0,160.0,1.0,0.0,3,6,3,0,0,0,0,2,1,1,0,1,2,1,1,13,3,6,0,0,0,1,2,0,6,8,5,8,3
2019.0,0.0,1.0,0.0,2,2,3,0,0,0,2,8,1,1,3,1,8,1,1,14,3,6,0,0,0,0,1,0,6,5,5,7,3
2019.0,-323.0,0.0,0.0,3,10,3,0,0,0,1,2,1,1,0,1,2,1,1,14,3,6,0,0,0,2,2,0,6,9,5,8,2
2019.0,140.0,0.0,0.0,3,10,3,0,0,0,0,5,1,1,0,1,5,1,1,15,3,6,0,0,0,1,1,0,10,9,5,3,2
2019.0,-70.0,1.0,0.0,2,6,3,0,0,0,1,1,1,1,0,1,1,1,1,15,3,6,0,0,0,1,1,0,10,8,5,8,3
2019.0,683.0,0.0,0.0,3,2,3,0,0,0,0,5,1,1,0,0,9,1,1,16,3,6,0,1,0,1,1,0,0,2,5,3,9
2019.0,165.0,0.0,0.0,3,10,3,0,0,0,0,5,1,1,0,0,5,1,1,17,3,6,0,1,0,0,2,0,10,4,5,3,9
2019.0,100.0,1.0,0.0,2,6,3,0,0,0,1,1,1,1,0,0,1,1,1,18,3,6,0,1,0,1,1,0,6,7,5,3,3
2019.0,0.0,1.0,0.0,3,2,0,0,0,0,1,5,1,1,0,0,1,1,1,21,3,6,0,0,0,2,1,0,4,2,5,3,3
2019.0,0.0,2.0,0.0,3,2,3,0,0,0,0,9,1,1,0,1,5,1,1,9,4,6,0,1,0,1,1,0,4,5,5,3,3
2019.0,0.0,0.0,0.0,3,6,5,4,0,0,0,1,1,1,0,1,1,1,1,11,4,6,0,0,0,1,1,0,4,5,5,9,3
2019.0,-65.0,0.0,0.0,3,6,3,0,0,0,1,1,1,1,0,1,1,1,1,11,4,6,0,0,0,1,1,0,6,5,5,8,1
2019.0,105.0,1.0,0.0,2,6,3,0,0,0,1,9,1,1,0,1,9,1,1,11,4,6,0,0,0,1,1,0,10,7,5,8,3
2019.0,-80.0,0.0,0.0,3,6,3,0,0,0,1,1,1,1,0,0,1,1,1,12,4,6,0,0,0,2,1,0,10,8,5,8,3
2019.0,1570.0,0.0,0.0,3,4,3,0,0,0,0,6,1,1,0,0,9,1,1,12,4,6,0,0,0,2,1,0,0,2,5,3,9
2019.0,0.0,0.0,0.0,3,10,3,0,0,0,1,2,1,1,0,1,2,1,1,13,4,6,0,0,0,1,1,0,4,9,5,8,2
2019.0,0.0,1.0,0.0,2,4,3,0,0,0,1,9,1,1,0,1,1,1,1,15,4,6,0,0,0,1,0,0,4,2,5,3,9
2019.0,0.0,0.0,0.0,3,4,3,0,0,0,1,9,1,1,0,1,5,1,1,16,4,6,0,1,0,1,0,0,4,2,5,3,9
2019.0,0.0,0.0,0.0,3,2,3,0,0,0,1,5,1,1,0,1,9,1,1,16,4,6,0,1,0,1,1,0,4,2,5,3,3
2019.0,0.0,1.0,0.0,2,2,3,0,0,0,1,9,1,1,0,1,5,1,1,17,4,6,0,1,0,1,2,0,4,2,5,9,3
2019.0,225.0,0.0,0.0,3,2,3,0,0,0,0,5,1,1,0,1,5,1,1,17,4,6,0,1,0,2,2,0,6,9,5,3,2
2019.0,310.0,0.0,0.0,3,2,3,0,0,0,0,9,1,1,0,1,9,1,1,18,4,6,0,1,0,2,1,0,10,8,5,9,3
2019.0,1068.0,0.0,0.0,3,2,0,0,0,0,1,5,1,1,0,0,9,1,1,21,4,6,0,0,0,2,1,0,5,2,5,3,9
2019.0,100.0,1.0,0.0,3,6,0,0,0,0,1,5,0,1,0,0,5,1,1,21,4,6,0,0,0,1,1,0,10,7,5,8,3
2019.0,-500.0,0.0,0.0,3,6,0,0,0,0,1,1,0,1,0,1,1,1,1,23,4,6,0,0,0,1,1,0,0,8,5,3,3
2019.0,0.0,0.0,0.0,3,10,0,0,0,0,2,2,1,1,0,1,2,1,1,2,5,6,1,0,0,0,1,0,6,9,5,3,3
2019.0,196.0,1.0,0.0,3,11,3,0,0,0,0,2,1,1,0,1,2,1,1,9,5,6,1,1,0,1,2,0,6,5,5,3,9
2019.0,0.0,0.0,0.0,3,2,3,0,0,0,1,5,1,1,0,0,9,1,1,9,5,6,1,1,0,2,1,0,4,7,5,8,3
2019.0,0.0,1.0,0.0,1,2,3,0,0,2,1,9,1,0,0,1,2,1,1,14,5,6,1,0,0,0,1,0,10,2,5,3,8
2019.0,-24.0,0.0,0.0,3,6,3,0,0,0,1,1,1,1,0,1,1,1,1,15,5,6,1,0,0,1,1,0,10,8,5,8,3
2019.0,-200.0,0.0,0.0,3,2,3,0,0,0,1,5,1,1,0,0,9,1,1,16,5,6,1,1,0,2,1,0,10,2,5,3,3
2019.0,10.0,0.0,0.0,3,6,0,0,0,0,0,9,1,1,0,0,9,1,1,23,5,6,1,0,0,2,2,0,4,7,5,8,3
2019.0,152.0,0.0,0.0,3,6,3,0,0,0,0,2,1,1,0,1,2,1,1,11,6,6,1,0,0,2,1,0,10,8,5,8,3
2019.0,-300.0,0.0,0.0,3,4,3,4,3,0,2,9,1,1,0,0,5,1,1,12,6,6,1,0,0,0,1,0,6,2,5,8,9
2019.0,165.0,0.0,0.0,3,6,3,0,0,0,0,5,1,1,0,1,5,1,1,12,6,6,1,0,0,2,1,0,10,9,5,8,2
2019.0,-264.0,1.0,0.0,2,2,3,0,0,2,1,9,1,1,0,0,2,1,1,14,6,6,1,0,0,2,1,0,0,5,5,9,3
2019.0,-30.0,0.0,0.0,3,10,3,0,0,0,2,2,1,1,1,1,2,1,1,14,6,6,1,0,0,0,1,0,6,7,5,6,3
2019.0,-50.0,0.0,0.0,3,6,3,0,0,0,2,2,1,1,0,0,2,1,1,15,6,6,1,0,0,0,1,0,10,7,5,8,3
2019.0,0.0,0.0,0.0,3,2,3,0,0,0,0,5,1,1,0,0,9,1,1,15,6,6,1,0,0,1,1,0,5,2,5,9,3
2019.0,0.0,0.0,0.0,3,4,3,0,0,0,1,4,1,1,0,0,1,1,1,18,6,6,1,1,0,0,2,0,4,2,5,3,9
2019.0,-340.0,1.0,0.0,3,4,0,0,0,0,1,4,1,1,0,0,1,1,1,20,6,6,1,0,0,1,2,0,6,2,5,3,9
2019.0,40.0,0.0,0.0,3,6,0,0,0,0,2,4,1,1,0,0,4,1,1,20,6,6,1,0,0,0,2,0,6,7,5,9,3
2019.0,-50.0,0.0,0.0,3,6,5,4,0,0,2,1,1,1,1,1,9,1,1,2,0,6,0,0,0,0,1,0,6,5,5,6,5
2019.0,200.0,0.0,0.0,3,6,3,0,0,0,0,9,1,1,0,0,9,1,1,7,0,6,0,1,0,1,2,0,0,7,5,8,3
2019.0,0.0,0.0,0.0,3,6,3,0,0,0,2,1,1,1,0,1,1,1,1,7,0,6,0,1,0,0,1,0,6,5,5,8,3
2019.0,-300.0,0.0,0.0,3,10,3,0,0,0,0,1,1,1,1,1,1,1,1,8,0,6,0,1,0,1,2,0,6,5,5,6,3
2019.0,-150.0,0.0,0.0,3,10,3,0,0,0,0,1,1,1,0,1,1,1,1,10,0,6,0,0,0,0,1,0,10,9,5,3,2
2019.0,460.0,0.0,0.0,3,10,3,0,0,0,1,5,1,1,0,0,5,1,1,11,0,6,0,0,0,1,1,0,10,2,5,2,3
2019.0,140.0,0.0,0.0,3,2,3,0,0,0,0,2,1,1,0,1,9,1,1,12,0,6,0,0,0,2,1,0,10,2,5,3,9
2019.0,-75.0,0.0,0.0,3,6,3,0,0,0,0,2,1,1,0,0,2,1,1,12,0,6,0,0,0,1,1,0,6,8,5,8,3
2019.0,0.0,0.0,0.0,3,2,3,0,0,0,1,5,1,1,0,1,9,1,1,13,0,6,0,0,0,1,2,0,4,2,5,3,3
2019.0,0.0,1.0,0.0,2,2,3,0,0,0,1,9,1,1,0,0,5,1,1,13,0,6,0,0,0,1,2,0,4,2,5,3,3
2019.0,-88.0,1.0,0.0,3,6,3,0,0,0,1,1,1,1,0,0,1,1,1,14,0,6,0,0,0,1,0,0,10,7,5,8,3
2019.0,120.0,1.0,0.0,3,10,3,0,0,0,1,1,1,1,0,1,1,1,1,15,0,6,0,0,0,0,2,0,6,9,5,3,2
2019.0,-72.0,0.0,0.0,3,6,3,0,0,0,0,5,1,1,0,1,5,1,1,16,0,6,0,1,0,1,1,0,10,7,5,9,9
2019.0,-105.0,0.0,0.0,3,6,3,0,0,0,1,1,1,1,0,1,1,1,1,16,0,6,0,1,0,2,2,0,10,7,5,8,3
2019.0,60.0,0.0,0.0,3,6,3,0,0,0,1,1,1,1,0,0,1,1,1,17,0,6,0,1,0,1,1,0,6,7,5,3,8
2019.0,0.0,2.0,0.0,3,2,3,0,0,0,1,1,1,1,0,1,5,1,1,17,0,6,0,1,0,1,1,0,4,2,5,3,9
2019.0,-40.0,0.0,0.0,3,6,3,4,3,0,2,5,1,1,0,0,5,1,1,17,0,6,0,1,0,0,1,0,6,7,5,8,3
2019.0,0.0,0.0,0.0,3,4,3,0,0,0,0,5,1,1,0,1,2,1,1,17,0,6,0,1,0,2,2,0,4,2,7,3,9
2019.0,0.0,0.0,0.0,3,4,3,0,0,0,1,2,1,1,0,0,5,1,1,17,0,6,0,1,0,2,2,0,4,2,5,3,9
2019.0,-130.0,0.0,0.0,3,6,0,0,0,0,1,1,1,1,0,0,6,1,1,20,0,6,0,0,0,2,1,0,0,8,5,9,3
2019.0,0.0,1.0,0.0,1,4,3,0,0,0,0,2,1,1,0,1,1,1,1,8,1,6,0,1,0,1,1,0,5,2,5,3,9
2019.0,-236.0,0.0,0.0,3,6,3,0,0,0,0,9,1,1,0,1,9,1,1,8,1,6,0,1,0,2,1,0,6,8,5,8,3
2019.0,-560.0,0.0,0.0,3,6,3,0,0,0,0,9,1,1,0,0,9,1,1,9,1,6,0,1,0,1,2,0,6,7,5,8,3
2019.0,-330.0,4.0,0.0,2,6,3,0,0,0,1,1,1,1,0,0,1,1,1,10,1,6,0,0,0,1,2,0,10,8,5,8,3
2019.0,60.0,0.0,0.0,3,10,3,0,0,0,1,9,1,1,0,0,9,1,1,13,1,6,0,0,0,1,1,0,10,9,5,8,9
2019.0,103.0,0.0,0.0,3,6,3,0,0,0,2,2,1,1,0,1,2,1,1,16,1,6,0,1,0,0,1,0,0,8,5,8,3
2019.0,-40.0,0.0,0.0,3,6,3,0,0,0,0,1,1,1,0,1,1,1,1,16,1,6,0,1,0,2,1,0,10,7,5,8,3
2019.0,0.0,0.0,0.0,3,10,3,0,0,0,1,1,1,1,0,0,1,1,1,16,1,6,0,1,0,0,1,0,6,9,5,3,2
2019.0,108.0,1.0,0.0,2,6,3,0,0,0,1,1,1,1,0,0,1,1,1,16,1,6,0,1,0,1,1,0,10,8,5,8,3
2019.0,0.0,3.0,0.0,3,4,3,0,0,0,0,3,1,1,0,1,7,1,1,18,1,6,0,1,0,0,2,0,4,2,5,9,3
2019.0,35.0,2.0,0.0,2,6,0,0,0,0,0,5,1,1,0,0,2,1,1,19,1,6,0,1,0,2,2,0,10,8,9,9,9
2019.0,0.0,2.0,0.0,3,2,0,0,0,0,0,2,1,1,0,1,2,1,1,22,1,6,0,0,0,1,2,0,4,4,5,3,9
2019.0,0.0,1.0,0.0,2,5,5,4,0,0,0,2,1,1,2,1,9,1,1,23,1,6,0,0,0,1,1,0,5,7,5,7,3
2019.0,-175.0,1.0,0.0,2,4,3,0,0,0,0,6,1,1,0,1,9,1,1,5,2,6,0,0,0,1,1,0,0,2,5,3,9
2019.0,20.0,0.0,0.0,3,6,3,0,0,0,1,2,1,1,0,1,2,1,1,7,2,6,0,1,0,1,1,0,10,8,5,8,3
2019.0,125.0,1.0,0.0,2,6,3,0,0,0,0,1,1,1,0,0,1,1,1,7,2,6,0,1,0,1,1,0,10,8,5,8,3
2019.0,340.0,0.0,0.0,3,10,3,0,0,0,1,1,1,1,0,1,1,1,1,10,2,6,0,0,0,0,1,0,6,9,5,3,2
2019.0,114.0,0.0,0.0,3,10,3,0,0,0,1,1,1,1,0,0,1,1,1,10,2,6,0,0,0,1,1,0,10,9,5,3,2
2019.0,50.0,0.0,0.0,3,4,3,0,0,0,1,6,1,1,0,1,6,1,1,11,2,6,0,0,0,2,1,0,5,9,5,9,9
2019.0,-655.0,0.0,0.0,3,10,3,0,0,0,1,1,1,1,0,1,1,1,1,11,2,6,0,0,0,0,1,0,6,2,5,3,5
2019.0,90.0,0.0,0.0,3,10,3,0,0,0,2,5,1,1,0,1,5,1,1,14,2,6,0,0,0,0,1,0,10,9,5,8,9
2019.0,60.0,0.0,0.0,3,10,3,0,0,0,0,9,1,1,0,1,2,1,1,15,2,6,0,0,0,0,2,0,6,9,5,3,2
2019.0,-258.0,0.0,0.0,3,10,3,0,0,0,1,1,1,1,0,1,1,1,1,15,2,6,0,0,0,1,1,0,6,5,5,5,5
2019.0,-138.0,0.0,0.0,3,6,3,0,0,0,1,1,1,1,0,0,1,1,1,16,2,6,0,1,0,1,1,0,10,7,5,8,3
2019.0,-180.0,1.0,0.0,3,4,3,0,0,0,2,1,1,1,0,1,5,1,1,16,2,6,0,1,0,0,1,0,6,2,5,3,9
2019.0,0.0,0.0,0.0,3,4,3,0,0,0,1,1,1,1,0,1,9,1,1,17,2,6,0,1,0,1,2,0,4,2,5,3,9
2019.0,0.0,1.0,0.0,2,4,3,0,0,0,1,2,1,1,0,1,5,1,1,17,2,6,0,1,0,1,1,0,5,2,5,3,9
2019.0,185.0,0.0,0.0,3,2,3,0,0,0,0,5,1,1,0,1,1,1,1,18,2,6,0,1,0,2,0,0,6,4,5,3,9
2019.0,-108.0,0.0,0.0,3,10,4,0,0,0,1,3,1,1,0,0,3,1,1,19,2,6,0,1,0,1,1,0,10,9,5,3,2
2019.0,0.0,2.0,0.0,2,6,0,0,0,0,1,1,0,1,0,1,1,1,1,20,2,6,0,0,0,2,2,0,4,7,5,9,3
2019.0,0.0,3.0,0.0,2,4,3,0,0,0,0,1,1,1,0,1,9,1,1,7,3,6,0,1,0,1,0,0,4,2,5,3,9
2019.0,50.0,0.0,0.0,3,6,3,4,3,0,2,5,1,1,0,1,5,1,1,12,3,6,0,0,0,0,0,0,10,7,5,8,3
2019.0,-220.0,0.0,0.0,3,2,3,0,0,0,0,1,1,1,0,1,5,1,1,14,3,6,0,0,0,1,1,0,0,2,5,3,9
2019.0,-358.0,0.0,0.0,3,6,3,0,0,0,0,1,1,1,0,1,1,1,1,16,3,6,0,1,0,2,1,0,6,8,5,8,3
2019.0,-28.0,0.0,0.0,3,10,3,0,0,0,1,1,1,1,0,0,1,1,1,17,3,6,0,1,0,1,1,0,10,5,5,9,3
2019.0,0.0,0.0,0.0,3,4,3,0,0,0,1,2,1,1,0,1,5,1,1,17,3,6,0,1,0,1,1,0,4,2,5,3,9
2019.0,80.0,0.0,0.0,3,10,3,0,0,0,0,9,1,1,0,0,9,1,1,17,3,6,0,1,0,2,1,0,10,9,5,3,2
2019.0,-100.0,0.0,0.0,3,6,3,1,0,0,0,1,1,1,0,1,1,1,1,17,3,6,0,1,0,1,1,0,10,7,5,8,9
2019.0,350.0,0.0,0.0,3,6,0,0,0,0,0,9,1,1,0,0,9,1,1,21,3,6,0,0,0,2,2,0,6,5,5,3,3
2019.0,30.0,1.0,0.0,2,6,3,0,0,0,1,9,1,1,0,1,9,1,1,11,4,6,0,0,0,1,1,0,10,8,2,8,3
2019.0,-640.0,1.0,0.0,2,4,3,0,0,0,1,9,1,1,0,0,1,1,1,18,4,6,0,1,0,2,0,0,6,2,5,3,9
2019.0,0.0,2.0,0.0,2,4,4,0,0,0,0,9,0,1,0,1,5,1,1,19,4,6,0,1,0,0,1,0,5,1,5,3,9
2019.0,0.0,1.0,0.0,3,4,0,0,0,0,1,1,1,1,0,1,9,1,1,21,4,6,0,0,0,2,1,0,4,2,5,3,9
2019.0,-80.0,0.0,0.0,3,5,0,0,0,0,0,1,1,1,0,1,9,1,1,3,5,6,1,0,0,1,2,0,6,5,5,3,3
2019.0,-20.0,0.0,0.0,3,4,3,0,0,0,0,2,1,1,0,1,9,1,1,12,5,6,1,0,0,2,0,0,4,4,5,3,9
2019.0,0.0,0.0,0.0,3,10,5,4,0,0,2,9,1,1,0,1,9,1,1,14,5,6,1,0,0,0,1,0,6,9,5,3,2
2019.0,-30.0,0.0,0.0,3,6,3,0,0,0,1,1,1,1,0,0,1,1,1,15,5,6,1,0,0,1,1,0,6,7,5,5,3
2019.0,250.0,0.0,0.0,3,4,0,0,0,0,1,1,1,1,0,0,5,1,1,21,5,6,1,0,0,2,1,0,6,2,5,3,9
2019.0,0.0,1.0,0.0,2,4,3,0,0,0,1,5,1,1,0,0,2,1,1,10,6,6,1,0,0,2,1,0,5,2,5,3,9
2019.0,0.0,0.0,0.0,3,2,3,0,0,0,0,2,1,1,0,0,5,1,1,11,6,6,1,0,0,2,1,0,5,4,5,3,3
2019.0,0.0,0.0,0.0,3,6,3,0,0,0,2,9,1,1,0,1,9,1,1,17,6,6,1,1,0,0,0,0,10,5,5,3,3
2019.0,-40.0,0.0,0.0,3,10,1,0,0,0,1,7,1,1,1,1,7,1,1,20,6,6,1,0,0,0,1,0,6,5,5,6,9
2019.0,0.0,0.0,0.0,3,4,0,0,0,0,1,1,1,1,0,1,9,1,1,20,6,6,1,0,0,2,1,0,4,2,5,9,3
2019.0,25.0,0.0,0.0,3,6,0,0,0,0,2,5,1,1,0,1,5,1,1,20,6,6,1,0,0,0,2,0,10,5,5,8,5
2019.0,0.0,0.0,0.0,3,2,0,0,0,0,0,1,1,1,0,1,2,1,1,0,0,6,0,0,0,1,2,0,5,5,5,3,3
2019.0,30.0,0.0,0.0,3,6,3,0,0,0,0,9,1,1,0,0,9,1,1,8,0,6,0,1,0,2,2,0,10,8,5,8,3
2019.0,-320.0,0.0,0.0,3,6,3,0,0,0,1,1,1,1,0,1,1,1,1,9,0,6,0,1,0,2,1,0,6,7,5,8,3
2019.0,-234.0,3.0,0.0,2,2,3,0,0,0,0,9,1,1,0,0,5,1,1,10,0,6,0,0,0,1,0,0,6,2,5,3,3
2019.0,0.0,1.0,0.0,3,4,3,0,0,0,1,9,1,1,0,0,1,1,1,10,0,6,0,0,0,1,1,0,5,2,5,3,9
2019.0,50.0,0.0,0.0,3,10,3,0,0,0,1,5,1,1,0,0,5,1,1,13,0,6,0,0,0,1,1,0,10,9,5,3,2
2019.0,175.0,1.0,0.0,3,6,3,0,0,0,1,1,1,1,0,0,1,1,1,13,0,6,0,0,0,2,1,0,6,7,5,8,3
2019.0,-20.0,0.0,0.0,3,6,3,0,0,0,2,2,1,1,0,0,2,1,1,13,0,6,0,0,0,0,0,0,10,7,5,8,3
2019.0,30.0,1.0,0.0,3,4,5,0,0,0,1,5,1,1,0,0,9,1,1,16,0,6,0,1,0,1,1,0,6,2,5,3,9
2019.0,0.0,0.0,0.0,3,10,3,0,0,0,2,9,1,1,0,0,9,1,1,18,0,6,0,1,0,0,2,0,4,9,5,3,2
2019.0,0.0,0.0,0.0,3,2,3,0,0,0,2,1,1,1,0,1,2,1,1,18,0,6,0,1,0,0,2,0,5,2,5,3,3
2019.0,-35.0,2.0,0.0,3,6,0,0,0,0,0,2,1,1,0,1,2,1,1,22,0,6,0,0,0,2,2,0,10,7,5,3,3
2019.0,-150.0,0.0,0.0,3,10,3,0,0,0,0,2,1,1,0,1,2,1,1,7,1,6,0,1,0,1,1,0,10,9,5,3,2
2019.0,-40.0,0.0,0.0,3,10,3,0,0,0,1,2,1,1,0,1,9,1,1,8,1,6,0,1,0,1,1,0,6,9,5,3,2
2019.0,300.0,0.0,0.0,3,12,3,0,3,0,2,9,1,1,0,0,9,1,1,8,1,6,0,1,0,0,2,0,6,5,5,5,5
2019.0,60.0,0.0,0.0,3,6,3,0,0,0,0,5,1,1,0,1,5,1,1,8,1,6,0,1,0,2,1,0,10,7,5,8,3
2019.0,-90.0,0.0,0.0,3,2,3,0,0,0,0,5,1,1,0,0,9,1,1,8,1,6,0,1,0,0,0,0,10,2,5,3,9
2019.0,-400.0,0.0,0.0,3,2,3,0,0,0,0,4,1,1,0,1,9,1,1,12,1,6,0,0,0,2,1,0,4,2,5,3,9
2019.0,0.0,1.0,0.0,3,2,3,0,0,0,0,9,1,1,0,1,5,1,1,12,1,6,0,0,0,1,1,0,6,2,5,3,3
2019.0,0.0,0.0,0.0,3,2,3,0,0,0,1,1,1,1,0,1,1,1,1,13,1,6,0,0,0,1,1,0,4,7,5,9,9
2019.0,30.0,0.0,0.0,3,6,3,0,0,0,1,1,1,1,0,1,1,1,1,13,1,6,0,0,0,1,1,0,10,8,5,8,3
2019.0,0.0,1.0,0.0,3,4,3,0,0,0,1,1,1,1,0,0,9,1,1,14,1,6,0,0,0,1,2,0,4,2,5,3,9
2019.0,50.0,0.0,0.0,3,6,3,0,0,0,1,9,1,1,0,1,9,1,1,14,1,6,0,0,0,1,1,0,10,7,5,8,3
2019.0,0.0,0.0,0.0,3,10,3,0,0,0,1,1,1,1,0,1,1,1,1,15,1,6,0,0,0,2,1,0,4,9,5,3,2
2019.0,0.0,1.0,0.0,3,2,3,0,0,0,1,2,1,1,0,1,9,1,1,16,1,6,0,1,0,1,1,0,5,2,5,3,3
2019.0,43.0,1.0,0.0,1,2,3,0,0,2,1,9,1,1,0,1,9,1,1,16,1,6,0,1,0,1,1,0,5,2,5,9,3
2019.0,530.0,0.0,0.0,3,2,3,0,0,0,1,2,1,1,0,1,1,1,1,18,1,6,0,1,0,1,2,0,6,9,5,3,9
2019.0,-60.0,0.0,0.0,3,4,3,0,0,0,1,5,1,1,0,1,2,1,1,6,2,6,0,0,0,1,1,0,4,2,5,9,9
2019.0,0.0,0.0,0.0,3,10,3,0,0,0,1,2,1,1,0,1,2,1,1,6,2,6,0,0,0,1,1,0,4,4,5,9,9
2019.0,66.0,0.0,0.0,3,6,3,0,0,0,0,9,1,1,0,0,9,1,1,8,2,6,0,1,0,2,1,0,10,8,5,8,3
2019.0,75.0,0.0,0.0,3,6,3,0,0,0,2,9,1,1,0,0,9,1,1,8,2,6,0,1,0,0,1,0,6,8,5,8,3
2019.0,-103.0,0.0,0.0,3,6,3,0,0,0,2,2,1,1,0,1,2,1,1,9,2,6,0,1,0,0,1,0,10,8,5,3,3
2019.0,-270.0,0.0,0.0,3,6,3,0,0,0,0,9,1,1,0,0,9,1,1,12,2,6,0,0,0,2,1,0,6,7,5,8,3
2019.0,-194.0,0.0,0.0,3,6,3,0,0,0,1,9,1,1,0,0,9,1,1,13,2,6,0,0,0,2,1,0,6,7,5,8,3
2019.0,-642.0,0.0,0.0,3,2,3,0,0,0,1,2,1,1,0,1,1,1,1,14,2,6,0,0,0,1,1,0,6,2,5,3,9
2019.0,0.0,0.0,0.0,3,4,3,0,0,0,1,9,1,1,0,1,2,1,1,15,2,6,0,0,0,1,1,0,5,5,5,8,9
2019.0,15.0,1.0,0.0,2,5,3,0,0,3,0,1,1,1,0,1,5,1,1,15,2,6,0,0,0,1,1,0,10,2,5,9,7
2019.0,-400.0,0.0,0.0,3,6,3,0,0,0,0,5,1,1,0,1,5,1,1,16,2,6,0,1,0,2,1,0,10,7,5,8,3
2019.0,222.0,1.0,0.0,2,2,3,0,0,2,1,1,1,1,0,0,5,1,1,16,2,6,0,1,0,1,1,0,0,5,5,9,3
2019.0,150.0,0.0,0.0,3,2,3,0,0,0,2,8,1,1,0,1,2,1,1,16,2,6,0,1,0,0,1,0,0,9,5,9,9
2019.0,-100.0,1.0,0.0,3,6,3,0,0,0,1,1,1,1,0,0,1,1,1,16,2,6,0,1,0,1,0,0,10,7,5,8,3
2019.0,-92.0,0.0,0.0,3,6,3,0,0,0,0,2,1,1,0,1,2,1,1,18,2,6,0,1,0,1,2,0,10,8,5,8,3
2019.0,272.0,2.0,0.0,3,6,3,0,0,0,0,9,1,1,0,0,9,1,1,7,3,6,0,1,0,1,1,0,10,8,5,8,3
2019.0,-105.0,0.0,0.0,3,6,3,0,0,0,1,2,1,1,0,0,2,1,1,8,3,6,0,1,0,1,1,0,4,8,5,8,3
2019.0,-150.0,0.0,0.0,3,6,3,0,0,0,0,9,1,1,0,1,9,1,1,9,3,6,0,1,0,2,0,0,6,5,5,8,3
2019.0,174.0,1.0,0.0,3,2,3,0,0,0,0,1,1,1,0,1,5,1,1,9,3,6,0,1,0,1,0,0,0,2,5,3,9
2019.0,-175.0,0.0,0.0,3,6,3,0,0,0,1,1,1,1,0,1,1,1,1,11,3,6,0,0,0,1,1,0,10,8,5,8,3
2019.0,0.0,3.0,0.0,2,4,3,0,0,0,1,1,1,1,0,1,9,1,1,14,3,6,0,0,0,2,1,0,5,9,5,3,9
2019.0,750.0,2.0,0.0,3,6,3,0,0,0,0,5,1,1,0,0,5,1,1,15,3,6,0,0,0,1,1,0,6,7,5,8,3
2019.0,0.0,0.0,0.0,3,3,3,0,0,0,0,5,1,1,0,1,6,1,1,15,3,6,0,0,0,1,1,0,4,2,5,9,3
2019.0,149.0,0.0,0.0,3,6,3,0,0,0,1,2,1,1,0,1,2,1,1,16,3,6,0,1,0,1,0,0,6,8,5,8,3
2019.0,0.0,1.0,0.0,3,4,3,0,0,0,1,5,0,0,0,0,2,1,1,17,3,6,0,1,0,1,1,0,4,2,5,9,3
2019.0,200.0,1.0,0.0,3,6,3,0,0,0,1,9,1,1,0,0,9,1,1,17,3,6,0,1,0,1,1,0,6,8,5,8,3
2019.0,-400.0,4.0,0.0,3,2,3,0,0,0,0,1,1,1,0,1,5,1,1,17,3,6,0,1,0,2,1,0,0,2,5,3,5
2019.0,-10.0,1.0,0.0,3,2,3,0,0,2,1,2,1,1,0,0,1,1,1,17,3,6,0,1,0,0,2,0,5,5,5,9,3