Year,Distance,Totalinjuries,Totalfatalities,Injuryseverity,Collisionmanner,Lightcondition,Weather,SurfaceCondition,Unittype_One,Gender_Drv1,Traveldirection_One,AlcoholUse_Drv1,DrugUse_Drv1,Unittype_Two,Gender_Drv2,Traveldirection_Two,AlcoholUse_Drv2,DrugUse_Drv2,Hour,Weekday,Month,Weekend,Rush_Hour,Hazardous_Road,Age_Group_Drv1,Age_Group_Drv2,Substance_Use,Junction_Category,Violation_Category_Drv1,Violation_Category_Drv2,Unitaction_Category_Two,Unitaction_Category_One
2019.0,-492.0,0.0,0.0,3,6,4,0,0,0,1,9,1,1,0,1,9,1,1,17,3,6,0,1,0,1,1,0,6,7,5,8,3
2019.0,-600.0,0.0,0.0,3,10,3,0,0,0,1,5,1,1,0,0,5,1,1,19,3,6,0,1,0,1,1,0,6,5,5,3,3
2019.0,0.0,0.0,0.0,3,6,3,0,0,0,0,2,1,1,0,0,2,1,1,19,3,6,0,1,0,2,1,0,10,7,5,8,3
2019.0,0.0,1.0,0.0,3,6,3,0,0,0,0,5,1,1,0,0,5,1,1,6,4,6,0,0,0,1,2,0,10,8,5,8,3
2019.0,133.0,0.0,0.0,3,6,3,0,0,0,1,9,1,1,0,0,9,1,1,10,4,6,0,0,0,1,1,0,10,8,5,8,3
2019.0,113.0,1.0,0.0,2,6,3,0,0,0,1,9,1,1,0,0,9,1,1,11,4,6,0,0,0,0,1,0,10,8,5,8,3
2019.0,-140.0,1.0,0.0,2,6,3,0,0,0,0,1,1,1,0,0,1,1,1,12,4,6,0,0,0,1,1,0,10,8,5,8,3
2019.0,-43.0,0.0,0.0,3,6,3,0,0,0,1,1,1,1,0,1,1,1,1,15,4,6,0,0,0,1,1,0,10,7,5,8,3
2019.0,105.0,0.0,0.0,3,10,3,0,0,0,2,9,1,1,0,0,9,1,1,15,4,6,0,0,0,0,2,0,6,5,5,8,3
2019.0,-350.0,0.0,0.0,3,10,3,0,0,0,2,2,1,1,0,0,2,1,1,15,4,6,0,0,0,0,1,0,6,9,5,3,2
2019.0,-80.0,2.0,0.0,3,6,3,0,0,0,0,1,1,1,0,1,1,1,1,16,4,6,0,1,0,2,2,0,10,7,5,8,3
2019.0,0.0,0.0,0.0,3,4,3,0,0,0,2,5,1,1,0,1,1,1,1,19,4,6,0,1,0,0,1,0,5,2,5,9,3
2019.0,0.0,2.0,0.0,3,4,3,0,0,0,0,1,1,1,0,0,9,1,1,20,4,6,0,0,0,2,1,0,4,2,5,9,3
2019.0,200.0,0.0,0.0,3,4,0,0,0,0,1,9,1,1,0,1,1,1,1,1,5,6,1,0,0,1,1,0,0,5,5,3,9
2019.0,-331.0,0.0,0.0,3,6,3,0,0,0,1,2,1,1,0,1,2,1,1,5,5,6,1,0,0,2,1,0,0,5,7,3,8
2019.0,0.0,0.0,0.0,3,4,3,0,0,0,0,2,1,1,0,1,9,1,1,10,5,6,1,0,0,2,1,0,4,2,5,9,3
2019.0,30.0,0.0,0.0,3,2,3,0,0,0,1,5,1,1,0,1,5,1,1,10,5,6,1,0,0,0,2,0,6,9,5,3,2
2019.0,-300.0,0.0,0.0,3,6,3,0,0,0,2,2,1,1,0,0,2,1,1,15,5,6,1,0,0,0,0,0,6,5,5,8,5
2019.0,0.0,0.0,0.0,3,10,3,0,0,0,0,5,1,1,0,1,5,1,1,17,5,6,1,1,0,2,1,0,6,9,5,3,2
2019.0,-15.0,0.0,0.0,3,6,0,0,0,0,0,1,1,1,0,1,1,1,1,22,5,6,1,0,0,2,1,0,10,7,5,8,3
2019.0,15.0,0.0,0.0,3,6,3,0,0,0,0,5,1,1,0,0,5,1,1,14,6,6,1,0,0,0,1,0,5,8,5,8,3
2019.0,-60.0,0.0,0.0,3,12,5,4,3,0,2,8,1,1,1,1,9,1,1,15,6,6,1,0,0,0,1,0,6,5,5,6,5
2019.0,680.0,3.0,0.0,2,2,3,0,0,0,1,2,0,1,0,1,1,1,1,18,6,6,1,1,0,2,1,0,6,2,5,3,3
2019.0,0.0,1.0,0.0,3,4,3,0,0,0,0,9,1,1,0,0,2,1,1,11,0,6,0,0,0,2,2,0,4,2,5,9,3
2019.0,112.0,1.0,0.0,3,6,3,0,3,0,0,9,1,1,0,0,9,1,1,11,0,6,0,0,0,1,1,0,10,8,5,8,3
2019.0,0.0,1.0,0.0,3,4,3,0,0,0,0,2,1,1,0,0,5,1,1,12,0,6,0,0,0,1,1,0,4,4,5,3,9
2019.0,242.0,1.0,0.0,2,4,3,0,0,0,1,2,1,1,0,1,1,1,1,13,0,6,0,0,0,1,2,0,0,2,5,3,9
2019.0,-75.0,1.0,0.0,3,6,3,0,0,0,1,1,1,1,0,0,1,1,1,14,0,6,0,0,0,2,1,0,10,7,5,8,3
2019.0,0.0,0.0,0.0,3,2,0,0,0,0,0,9,1,1,0,0,9,1,1,22,0,6,0,0,0,1,2,0,4,5,5,3,9
2019.0,0.0,0.0,0.0,3,4,3,0,0,0,1,1,1,1,0,1,9,1,1,8,1,6,0,1,0,2,2,0,4,2,5,9,3
2019.0,-100.0,0.0,0.0,3,4,3,0,0,0,0,1,1,1,0,1,2,1,1,9,1,6,0,1,0,1,1,0,10,2,5,3,9
2019.0,200.0,0.0,0.0,3,6,3,0,0,0,0,5,1,1,0,0,5,1,1,10,1,6,0,0,0,2,0,0,6,7,5,3,3
2019.0,-433.0,2.0,0.0,1,2,3,0,0,0,0,5,1,1,0,1,5,1,1,12,1,6,0,0,0,1,1,0,6,9,5,3,9
2019.0,380.0,0.0,0.0,3,10,3,0,0,0,1,5,1,1,0,1,5,1,1,13,1,6,0,0,0,2,1,0,6,9,5,3,2
2019.0,0.0,2.0,0.0,2,2,3,0,0,0,0,5,1,1,0,0,1,1,1,17,1,6,0,1,0,2,1,0,4,2,5,3,3
2019.0,409.0,1.0,0.0,3,6,3,0,0,0,0,1,1,1,0,0,1,1,1,17,1,6,0,1,0,2,2,0,6,7,5,8,3
2019.0,-130.0,1.0,0.0,2,6,3,0,0,0,1,2,1,1,0,0,2,1,1,6,2,6,0,0,0,2,1,0,10,7,5,8,3
2019.0,105.0,0.0,0.0,3,10,3,0,0,0,1,5,1,1,0,0,5,1,1,7,2,6,0,1,0,1,1,0,10,7,5,8,2
2019.0,0.0,1.0,0.0,3,2,3,0,0,0,1,1,1,1,0,1,5,1,1,9,2,6,0,1,0,1,1,0,4,5,5,3,3
2019.0,126.0,0.0,0.0,3,10,3,0,0,0,1,2,1,1,0,1,2,1,1,10,2,6,0,0,0,1,2,0,6,9,5,3,2
2019.0,32.0,0.0,0.0,3,6,3,0,0,0,1,9,1,1,0,0,9,1,1,11,2,6,0,0,0,1,1,0,10,7,5,8,8
2019.0,0.0,0.0,0.0,3,4,3,0,0,0,0,1,1,1,0,0,1,1,1,12,2,6,0,0,0,2,1,0,4,4,5,9,9
2019.0,0.0,2.0,0.0,2,2,3,0,0,0,1,9,1,1,0,0,5,1,1,16,2,6,0,1,0,1,1,0,4,2,5,3,3
2019.0,-25.0,0.0,0.0,3,6,3,0,0,0,1,2,1,1,0,1,2,1,1,18,2,6,0,1,0,1,1,0,6,8,5,8,3
2019.0,0.0,1.0,0.0,2,2,3,0,0,0,0,1,1,1,0,0,2,1,1,18,2,6,0,1,0,0,0,0,4,2,5,3,3
2019.0,0.0,1.0,0.0,3,2,1,0,0,0,1,9,1,1,0,0,5,1,1,20,2,6,0,0,0,2,1,0,4,2,5,3,3
2019.0,0.0,2.0,0.0,1,4,3,0,0,0,1,3,1,1,0,0,9,1,1,7,3,6,0,1,0,1,1,0,1,5,5,3,9
2019.0,282.0,0.0,0.0,3,4,3,0,0,0,0,5,1,1,0,0,2,1,1,8,3,6,0,1,0,1,1,0,0,2,5,8,9
2019.0,90.0,1.0,0.0,2,6,3,0,0,0,1,9,1,1,0,0,9,1,1,9,3,6,0,1,0,1,1,0,4,8,5,8,3
2019.0,-252.0,0.0,0.0,3,10,3,0,0,0,2,2,1,1,0,1,2,1,1,11,3,6,0,0,0,0,0,0,6,5,5,8,3
2019.0,-25.0,0.0,0.0,3,12,3,0,0,0,2,8,1,1,0,0,8,1,1,12,3,6,0,0,0,0,2,0,10,5,5,5,5
2019.0,-95.0,0.0,0.0,3,6,3,0,0,0,0,1,1,1,0,1,1,1,1,14,3,6,0,0,0,1,1,0,10,7,5,8,3
2019.0,0.0,2.0,0.0,2,2,3,0,0,0,1,5,1,1,0,0,9,1,1,16,3,6,0,1,0,2,1,0,5,2,5,3,9
2019.0,45.0,0.0,0.0,3,9,3,0,0,0,1,5,1,1,0,1,5,1,1,16,3,6,0,1,0,1,1,0,6,5,5,5,5
2019.0,0.0,0.0,0.0,3,4,3,0,0,0,1,9,1,1,0,0,5,1,1,17,3,6,0,1,0,2,1,0,5,2,5,8,9
2019.0,-475.0,0.0,0.0,3,2,3,0,0,0,1,1,0,1,0,0,1,1,1,17,3,6,0,1,0,2,1,0,6,4,5,9,9
2019.0,200.0,0.0,0.0,3,4,3,0,0,0,1,1,1,1,0,1,2,1,1,18,3,6,0,1,0,1,1,0,10,2,5,9,9
2019.0,0.0,1.0,0.0,2,2,3,0,0,0,0,5,1,1,0,0,2,1,1,18,3,6,0,1,0,1,1,0,5,2,5,3,9
2019.0,-50.0,0.0,0.0,3,12,3,0,0,0,0,8,1,1,0,1,8,1,1,9,4,6,0,1,0,1,1,0,10,5,5,5,5
2019.0,0.0,1.0,0.0,3,4,3,0,0,0,0,2,1,1,0,0,2,1,1,10,4,6,0,0,0,1,2,0,4,9,5,9,3
2019.0,61.0,1.0,0.0,2,6,3,0,0,0,1,9,1,1,0,1,9,1,1,10,4,6,0,0,0,2,1,0,10,8,5,8,3
2019.0,0.0,1.0,0.0,3,4,3,0,0,0,1,9,1,1,0,1,5,1,1,12,4,6,0,0,0,1,1,0,5,2,5,9,3
2019.0,0.0,1.0,0.0,2,5,3,0,0,0,1,9,1,1,2,1,1,1,1,12,4,6,0,0,0,0,2,0,5,5,5,3,9
2019.0,-53.0,1.0,0.0,2,6,3,0,0,0,1,2,1,1,0,1,2,1,1,15,4,6,0,0,0,1,0,0,10,8,5,8,3
2019.0,-50.0,1.0,0.0,2,6,3,0,0,0,0,2,1,1,0,1,2,1,1,15,4,6,0,0,0,1,1,0,10,8,5,8,3
2019.0,50.0,0.0,0.0,3,10,3,0,0,0,0,9,1,1,0,1,9,1,1,15,4,6,0,0,0,1,2,0,10,9,5,3,2
2019.0,0.0,2.0,0.0,3,2,0,0,0,0,0,6,1,1,0,0,5,1,1,22,4,6,0,0,0,1,1,0,6,2,5,3,9
2019.0,0.0,0.0,0.0,3,4,0,0,0,0,0,9,0,1,0,1,1,1,1,22,4,6,0,0,0,2,2,0,4,2,5,3,9
2019.0,0.0,0.0,0.0,3,6,3,0,0,0,0,1,1,1,0,1,1,1,1,12,5,6,1,0,0,1,0,0,10,7,7,3,8
2019.0,200.0,0.0,0.0,3,4,3,0,0,0,1,4,0,1,0,0,9,1,1,15,5,6,1,0,0,1,1,0,6,2,5,3,9
2019.0,-10.0,0.0,0.0,3,12,3,0,3,0,0,8,1,1,0,1,0,1,1,16,5,6,1,1,0,2,1,0,10,5,5,5,5
2019.0,-30.0,0.0,0.0,3,6,3,0,0,0,0,9,1,1,0,0,9,1,1,10,6,6,1,0,0,2,1,0,6,5,5,3,3
2019.0,0.0,0.0,0.0,3,6,3,0,0,0,0,1,1,1,0,1,1,1,1,16,6,6,1,1,0,2,2,0,10,7,5,8,3
2019.0,-560.0,1.0,0.0,2,3,3,0,0,0,1,9,0,1,1,1,1,1,1,17,6,6,1,1,0,1,1,0,6,9,5,6,3
2019.0,250.0,0.0,0.0,3,4,0,0,0,0,1,4,1,1,0,1,1,1,1,22,6,6,1,0,0,2,2,0,6,2,5,3,9
2019.0,0.0,0.0,0.0,3,4,3,0,0,0,1,5,1,1,0,1,9,1,1,6,0,7,0,0,0,2,1,0,5,2,5,3,9
2019.0,205.0,1.0,0.0,2,6,3,0,0,0,1,1,1,1,0,0,1,1,1,6,0,7,0,0,0,1,2,0,0,8,5,8,3
2019.0,73.0,0.0,0.0,3,10,3,0,0,0,0,2,1,1,0,1,2,1,1,7,0,7,0,1,0,1,2,0,6,9,5,3,2
2019.0,140.0,0.0,0.0,3,6,3,0,0,0,1,1,1,1,0,0,9,1,1,7,0,7,0,1,0,1,0,0,6,5,5,8,1
2019.0,-55.0,0.0,0.0,3,6,3,0,0,0,0,2,1,1,0,0,2,1,1,9,0,7,0,1,0,1,1,0,4,7,5,8,3
2019.0,151.0,0.0,0.0,3,5,3,0,0,0,1,1,1,1,0,1,2,1,1,11,0,7,0,0,0,0,1,0,0,5,5,3,1
2019.0,0.0,0.0,0.0,3,10,3,0,0,0,0,2,1,1,0,0,2,1,1,12,0,7,0,0,0,2,1,0,4,9,5,9,9
2019.0,-95.0,0.0,0.0,3,6,3,0,0,0,1,1,1,1,0,0,1,1,1,12,0,7,0,0,0,1,0,0,4,8,5,8,3
2019.0,0.0,1.0,0.0,3,6,3,0,0,0,1,1,1,1,0,0,1,1,1,13,0,7,0,0,0,2,1,0,8,8,5,8,3
2019.0,-30.0,0.0,0.0,3,2,3,0,0,0,1,1,1,1,0,1,5,1,1,14,0,7,0,0,0,1,1,0,6,2,5,3,9
2019.0,0.0,2.0,0.0,2,4,3,0,0,0,0,2,1,1,0,0,5,1,1,15,0,7,0,0,0,0,2,0,4,2,5,3,9
2019.0,0.0,0.0,0.0,3,2,0,0,0,0,0,2,1,1,0,1,1,1,1,19,0,7,0,1,0,1,1,0,4,2,5,3,3
2019.0,-50.0,0.0,0.0,3,6,0,0,0,0,0,1,1,1,0,0,1,1,1,20,0,7,0,0,0,2,2,0,6,7,5,3,3
2019.0,0.0,1.0,0.0,2,4,3,0,0,0,0,1,1,1,0,0,9,1,1,6,1,7,0,0,0,1,0,0,4,2,5,8,3
2019.0,-55.0,0.0,0.0,3,10,3,0,0,0,1,9,1,1,0,0,9,1,1,7,1,7,0,1,0,1,1,0,6,5,5,5,5
2019.0,100.0,0.0,0.0,3,10,3,0,0,0,1,9,1,1,0,1,9,1,1,7,1,7,0,1,0,2,1,0,10,9,5,3,2
2019.0,88.0,0.0,0.0,3,6,3,0,0,0,2,9,1,1,0,1,9,1,1,9,1,7,0,1,0,0,0,0,10,7,5,8,3
2019.0,-113.0,0.0,0.0,3,10,3,0,0,0,2,9,1,1,0,1,9,1,1,10,1,7,0,0,0,0,1,0,6,9,5,3,2
2019.0,-120.0,0.0,0.0,3,10,3,0,0,0,0,9,1,1,0,1,9,1,1,11,1,7,0,0,0,2,1,0,4,9,5,3,2
2019.0,-186.0,0.0,0.0,3,10,3,0,0,0,0,1,1,1,0,0,1,1,1,12,1,7,0,0,0,0,2,0,6,9,5,3,3
2019.0,-30.0,1.0,0.0,2,6,3,0,0,0,1,2,1,1,0,0,2,1,1,13,1,7,0,0,0,1,1,0,10,8,5,8,3
2019.0,197.0,1.0,0.0,2,6,3,0,0,0,1,5,1,1,0,0,5,1,1,16,1,7,0,1,0,1,1,0,10,8,5,8,3
2019.0,-110.0,0.0,0.0,3,6,3,0,0,0,2,1,1,1,0,1,1,1,1,16,1,7,0,1,0,0,1,0,10,8,5,8,3
2019.0,0.0,0.0,0.0,3,2,3,0,0,0,0,2,1,1,0,1,9,1,1,17,1,7,0,1,0,0,1,0,4,5,5,9,3
2019.0,157.0,0.0,0.0,3,6,3,0,0,0,1,9,1,1,0,1,9,1,1,17,1,7,0,1,0,1,1,0,10,8,5,8,3
2019.0,15.0,0.0,0.0,3,6,3,0,0,0,0,5,1,1,0,0,5,1,1,18,1,7,0,1,0,1,1,0,10,8,5,8,9
2019.0,-40.0,0.0,0.0,3,6,0,0,0,0,1,1,1,1,0,0,1,1,1,21,1,7,0,0,0,0,1,0,10,7,5,8,3
2019.0,250.0,0.0,0.0,3,5,0,0,0,0,0,1,0,1,1,1,9,1,1,22,1,7,0,0,0,2,1,0,6,7,5,6,0
2019.0,50.0,0.0,0.0,3,6,3,0,0,0,1,5,1,1,0,1,5,1,1,11,2,7,0,0,0,2,2,0,10,8,5,8,3
2019.0,-44.0,1.0,0.0,2,6,3,0,0,0,0,2,1,1,0,1,2,1,1,11,2,7,0,0,0,2,0,0,10,7,5,8,3
2019.0,-243.0,0.0,0.0,3,2,5,4,0,0,1,5,1,1,0,1,9,1,1,12,2,7,0,0,0,1,2,0,6,2,5,3,5
2019.0,0.0,2.0,0.0,3,2,3,0,3,0,0,5,1,1,0,1,9,1,1,14,2,7,0,0,0,1,1,0,5,5,5,5,5
2019.0,0.0,1.0,0.0,2,2,3,0,0,3,0,9,1,1,0,1,5,1,1,17,2,7,0,1,0,1,0,0,4,2,5,3,7
2019.0,425.0,4.0,0.0,1,10,3,0,0,0,0,5,1,1,0,0,5,1,1,17,2,7,0,1,0,1,1,0,6,9,5,3,2
2019.0,-30.0,1.0,0.0,2,6,3,0,0,0,0,1,1,1,0,0,1,1,1,17,2,7,0,1,0,1,1,0,10,8,5,8,3
2019.0,15.0,1.0,0.0,2,2,3,0,0,2,1,5,1,1,0,1,9,1,1,17,2,7,0,1,0,0,1,0,10,2,5,9,3
2019.0,787.0,0.0,0.0,3,4,0,0,0,0,0,9,1,1,0,1,1,1,1,20,2,7,0,0,0,1,1,0,8,2,5,3,9
2019.0,0.0,4.0,0.0,2,4,0,0,0,0,1,2,1,1,0,1,5,1,1,20,2,7,0,0,0,2,0,0,5,2,5,3,9
2019.0,0.0,0.0,0.0,3,2,3,0,0,0,1,9,1,1,0,0,9,1,1,11,3,7,0,0,0,1,0,0,4,5,5,3,9
2019.0,0.0,3.0,0.0,2,2,3,0,0,0,0,9,1,1,0,0,4,0,1,18,3,7,0,1,0,2,2,0,4,2,5,3,3
2019.0,0.0,0.0,0.0,3,9,0,0,0,0,0,9,1,1,0,1,1,1,1,20,3,7,0,0,0,2,0,0,10,7,5,3,9
2019.0,-50.0,0.0,0.0,3,4,0,0,0,0,0,1,1,1,0,1,9,1,1,21,3,7,0,0,0,1,2,0,6,4,5,3,9
2019.0,0.0,0.0,0.0,3,5,0,0,0,0,2,1,1,1,0,0,1,1,1,22,3,7,0,0,0,0,2,0,6,7,5,3,3
2019.0,-30.0,1.0,0.0,3,6,1,0,0,0,1,2,1,1,0,0,2,1,1,23,3,7,0,0,0,1,1,0,10,7,5,9,3
2019.0,0.0,0.0,0.0,3,3,0,0,0,0,1,9,1,1,0,1,1,1,1,2,4,7,0,0,0,2,2,0,5,5,5,9,3
2019.0,0.0,0.0,0.0,3,2,3,0,0,0,1,1,1,1,0,1,5,1,1,10,4,7,0,0,0,1,1,0,4,2,5,3,3
2019.0,0.0,0.0,0.0,3,5,3,0,0,0,1,2,1,1,0,1,1,1,1,10,4,7,0,0,0,1,1,0,4,2,5,3,9
2019.0,237.0,1.0,0.0,2,10,3,0,0,0,0,5,1,1,0,1,5,1,1,13,4,7,0,0,0,1,1,0,10,9,5,8,2
2019.0,0.0,0.0,0.0,3,2,3,0,0,0,2,2,1,1,0,0,9,1,1,13,4,7,0,0,0,0,0,0,4,7,5,9,3
2019.0,25.0,0.0,0.0,3,6,3,0,0,0,1,9,1,1,0,0,9,1,1,13,4,7,0,0,0,1,0,0,10,8,5,8,3
2019.0,100.0,2.0,0.0,3,6,3,0,0,0,0,9,1,1,0,0,9,1,1,15,4,7,0,0,0,2,1,0,10,8,5,8,3
2019.0,0.0,0.0,0.0,3,4,3,0,0,0,0,2,1,1,0,1,5,1,1,16,4,7,0,1,0,2,1,0,4,2,5,9,3
2019.0,-200.0,0.0,0.0,3,2,3,0,0,0,2,9,1,1,0,0,2,1,1,16,5,7,1,1,0,0,1,0,0,2,5,3,9
2019.0,0.0,1.0,0.0,3,2,0,0,0,0,1,5,1,1,0,0,1,1,1,22,5,7,1,0,0,2,1,0,4,4,5,3,9
2019.0,0.0,0.0,0.0,3,4,0,0,0,0,1,5,1,1,0,0,2,1,1,23,5,7,1,0,0,2,2,0,4,2,5,3,9
2019.0,0.49,0.0,0.0,3,2,3,4,0,0,0,1,1,1,0,1,5,1,1,12,6,7,1,0,0,1,2,0,6,2,5,3,3
2019.0,200.0,0.0,0.0,3,2,3,0,0,0,1,5,1,1,0,1,5,1,1,13,6,7,1,0,0,0,1,0,6,9,5,3,9
2019.0,124.0,0.0,1.0,0,2,3,0,0,0,1,5,1,1,0,1,9,1,1,15,6,7,1,0,0,2,0,0,0,2,5,3,9
2019.0,0.0,1.0,0.0,2,2,3,0,0,0,0,9,1,1,0,1,5,1,1,16,6,7,1,1,0,1,1,0,4,5,5,9,3
2019.0,0.0,4.0,0.0,2,4,3,0,0,0,0,5,1,1,0,0,1,1,1,18,6,7,1,1,0,0,2,0,5,2,5,3,9
2019.0,-50.0,0.0,0.0,3,5,1,0,0,0,0,5,0,1,1,1,5,1,1,21,6,7,1,0,0,2,1,0,6,9,5,6,3
2019.0,0.0,0.0,0.0,3,4,3,0,0,0,1,9,1,1,0,1,9,1,1,5,0,7,0,0,0,0,1,0,4,5,5,9,9
2019.0,0.0,0.0,0.0,3,2,3,0,0,0,0,2,1,1,0,0,9,1,1,9,0,7,0,1,0,0,2,0,4,2,5,3,3
2019.0,-55.0,3.0,0.0,2,4,3,0,0,0,1,2,1,1,0,1,2,1,1,10,0,7,0,0,0,0,1,0,10,8,5,8,3
2019.0,-512.0,2.0,0.0,3,4,3,0,0,0,1,2,1,1,0,1,1,1,1,10,0,7,0,0,0,1,1,0,6,9,5,3,9
2019.0,275.0,2.0,0.0,2,4,3,0,0,0,0,5,1,1,0,1,9,1,1,12,0,7,0,0,0,1,0,0,0,9,5,3,9
2019.0,40.0,0.0,0.0,3,6,3,0,0,0,1,9,1,1,0,1,9,1,1,12,0,7,0,0,0,1,1,0,10,7,5,8,3
2019.0,-330.0,0.0,0.0,3,2,3,0,0,0,2,2,1,1,0,1,2,1,1,14,0,7,0,0,0,0,0,0,6,7,5,9,3
2019.0,75.0,0.0,0.0,3,10,3,0,0,0,0,9,1,1,0,0,9,1,1,15,0,7,0,0,0,1,2,0,10,9,5,3,2
2019.0,-250.0,0.0,0.0,3,4,3,0,0,0,0,1,1,1,0,1,5,1,1,15,0,7,0,0,0,2,1,0,6,2,5,3,9
2019.0,-63.0,0.0,0.0,3,6,3,0,0,0,1,5,1,1,0,0,5,1,1,15,0,7,0,0,0,2,1,0,6,7,5,8,3
2019.0,800.0,0.0,0.0,3,6,3,0,0,0,0,5,1,1,0,0,5,1,1,16,0,7,0,1,0,1,1,0,6,8,5,3,8
2019.0,180.0,1.0,0.0,1,2,3,0,0,2,1,1,1,1,0,1,9,1,1,16,0,7,0,1,0,1,0,0,0,5,5,9,3
2019.0,0.0,0.0,0.0,3,6,3,0,0,0,2,5,1,1,0,0,5,1,1,17,0,7,0,1,0,0,1,0,6,7,5,9,3
2019.0,30.0,0.0,0.0,3,6,3,0,0,0,1,5,1,1,0,0,5,1,1,17,0,7,0,1,0,2,2,0,10,7,5,8,3
2019.0,30.0,1.0,0.0,3,6,0,0,0,0,0,5,1,1,0,0,5,1,1,21,0,7,0,0,0,2,2,0,10,8,5,8,3
2019.0,-38.0,0.0,1.0,0,5,0,0,0,3,0,8,1,1,0,0,5,1,1,22,0,7,0,0,0,2,2,0,6,2,5,3,7
2019.0,15.0,0.0,0.0,3,6,0,0,0,0,1,9,0,1,0,1,9,1,1,2,1,7,0,0,0,1,1,0,10,7,5,0,3
2019.0,15.0,1.0,0.0,2,5,0,1,0,0,1,2,1,1,3,0,9,1,1,2,1,7,0,0,0,1,1,0,6,7,5,5,5
2019.0,30.0,0.0,0.0,3,6,3,0,0,0,0,9,1,1,0,1,9,1,1,13,1,7,0,0,0,1,1,0,10,8,5,8,3
2019.0,343.0,0.0,0.0,3,6,3,0,0,0,0,5,1,1,0,0,5,1,1,15,1,7,0,0,0,1,1,0,6,7,5,8,3
2019.0,0.0,0.0,0.0,3,4,3,0,0,0,0,9,1,1,0,1,2,1,1,15,1,7,0,0,0,0,2,0,5,2,5,3,9
2019.0,380.0,0.0,0.0,3,6,3,0,0,0,2,5,1,1,0,1,5,1,1,16,1,7,0,1,0,0,1,0,0,8,5,8,3
2019.0,616.0,0.0,0.0,3,4,3,0,0,0,0,5,1,1,0,1,9,1,1,16,1,7,0,1,0,1,1,0,0,2,5,3,9
2019.0,0.0,1.0,0.0,3,10,3,0,0,0,2,9,1,1,0,0,9,1,1,17,1,7,0,1,0,0,1,0,4,9,5,3,2
2019.0,200.0,1.0,0.0,2,4,3,0,0,0,1,2,1,1,0,1,5,1,1,17,1,7,0,1,0,1,1,0,0,2,5,3,9
2019.0,-500.0,3.0,0.0,2,4,3,0,0,0,1,2,1,1,0,1,5,1,1,17,1,7,0,1,0,1,2,0,0,2,5,3,9
2019.0,146.0,1.0,0.0,3,6,3,0,0,0,0,5,1,1,0,1,5,1,1,17,1,7,0,1,0,1,1,0,10,8,5,8,3
2019.0,130.0,1.0,0.0,3,10,3,0,0,0,1,9,1,1,0,0,9,1,1,18,1,7,0,1,0,1,1,0,10,9,5,3,2
2019.0,0.0,2.0,0.0,2,4,3,0,0,0,1,5,1,1,0,1,9,1,1,19,1,7,0,1,0,0,1,0,4,2,5,9,3
2019.0,0.0,0.0,0.0,3,2,4,4,0,0,1,5,1,1,0,1,1,1,1,19,1,7,0,1,0,1,2,0,4,2,5,3,5
2019.0,20.0,0.0,0.0,3,6,0,0,0,0,1,5,1,1,0,0,5,1,1,22,1,7,0,0,0,2,1,0,10,5,5,3,8
2019.0,108.0,1.0,0.0,3,10,3,0,0,0,1,1,1,1,0,1,1,1,1,6,2,7,0,0,0,1,1,0,10,9,5,3,2
2019.0,115.0,1.0,0.0,3,10,3,0,0,0,1,5,1,1,0,1,5,1,1,6,2,7,0,0,0,1,1,0,4,9,5,3,2
2019.0,0.0,2.0,0.0,1,4,3,1,0,0,1,1,1,1,0,0,9,1,1,7,2,7,0,1,0,2,0,0,4,2,5,3,9
2019.0,-180.0,0.0,0.0,3,6,3,1,0,0,0,9,1,1,0,0,9,1,1,8,2,7,0,1,0,2,2,0,10,8,5,8,3
2019.0,0.0,0.0,0.0,3,2,3,0,0,0,0,5,1,1,1,1,2,1,1,9,2,7,0,1,0,0,1,0,3,2,5,3,9
2019.0,-1475.0,2.0,0.0,2,4,3,0,0,0,0,5,1,1,0,1,9,1,1,12,2,7,0,0,0,2,1,0,0,2,5,3,9
2019.0,365.0,0.0,0.0,3,10,3,0,0,0,0,5,1,1,0,0,5,1,1,12,2,7,0,0,0,1,2,0,6,9,5,3,2
2019.0,-150.0,0.0,0.0,3,6,3,0,0,0,1,5,1,1,0,0,5,1,1,13,2,7,0,0,0,2,2,0,0,8,5,8,3
2019.0,0.0,1.0,0.0,2,6,3,0,0,0,1,5,1,1,0,0,5,1,1,14,2,7,0,0,0,1,1,0,0,8,5,8,9
2019.0,121.0,0.0,0.0,3,6,3,0,0,0,0,5,1,1,1,1,5,1,1,15,2,7,0,0,0,0,1,0,6,9,5,6,3
2019.0,-77.0,1.0,0.0,2,6,3,0,0,0,1,2,1,1,0,1,2,1,1,16,2,7,0,1,0,1,1,0,10,8,5,8,3
2019.0,30.0,0.0,0.0,3,6,3,0,0,0,0,5,1,1,0,1,5,1,1,16,2,7,0,1,0,1,1,0,10,8,5,8,3
2019.0,15.0,0.0,0.0,3,4,3,0,0,0,1,5,1,1,0,0,5,1,1,17,2,7,0,1,0,0,1,0,0,4,5,8,9
2019.0,0.0,0.0,0.0,3,2,4,0,0,0,0,9,1,1,0,0,5,1,1,18,2,7,0,1,0,1,1,0,4,2,5,3,3
2019.0,0.0,2.0,0.0,2,4,4,0,0,0,1,9,0,1,0,0,2,1,1,19,2,7,0,1,0,1,0,0,4,2,5,9,3