Year,Distance,Totalinjuries,Totalfatalities,Injuryseverity,Collisionmanner,Lightcondition,Weather,SurfaceCondition,Unittype_One,Gender_Drv1,Traveldirection_One,AlcoholUse_Drv1,DrugUse_Drv1,Unittype_Two,Gender_Drv2,Traveldirection_Two,AlcoholUse_Drv2,DrugUse_Drv2,Hour,Weekday,Month,Weekend,Rush_Hour,Hazardous_Road,Age_Group_Drv1,Age_Group_Drv2,Substance_Use,Junction_Category,Violation_Category_Drv1,Violation_Category_Drv2,Unitaction_Category_Two,Unitaction_Category_One
2019.0,0.15,0.0,0.0,3,12,3,0,0,0,2,8,1,1,1,1,4,1,1,6,3,7,0,0,0,0,1,0,6,5,5,6,5
2019.0,215.0,0.0,0.0,3,12,3,0,0,0,2,8,1,1,1,1,9,1,1,6,3,7,0,0,0,0,1,0,6,5,5,6,5
2019.0,-189.0,0.0,0.0,3,10,3,0,0,0,1,1,1,1,0,1,1,1,1,9,3,7,0,1,0,2,1,0,10,5,5,5,5
2019.0,60.0,1.0,0.0,3,6,3,1,0,0,1,1,1,1,0,0,1,1,1,10,3,7,0,0,0,1,1,0,0,5,5,3,3
2019.0,0.0,1.0,0.0,3,4,3,0,0,0,1,9,1,1,0,0,3,1,1,12,3,7,0,0,0,1,0,0,10,2,5,9,3
2019.0,30.0,0.0,0.0,3,5,3,1,0,0,1,2,1,1,0,1,5,1,1,12,3,7,0,0,0,1,1,0,10,5,5,8,1
2019.0,-52.0,0.0,0.0,3,10,3,0,0,0,0,2,1,1,0,1,2,1,1,13,3,7,0,0,0,1,1,0,10,9,5,3,2
2019.0,-150.0,0.0,0.0,3,6,3,0,0,0,1,1,1,1,0,1,1,1,1,14,3,7,0,0,0,2,2,0,6,7,5,8,3
2019.0,-170.0,2.0,0.0,3,6,3,0,0,0,1,1,1,1,0,1,1,1,1,16,3,7,0,1,0,1,1,0,6,7,5,8,3
2019.0,-30.0,0.0,0.0,3,6,3,0,0,0,1,1,1,1,0,0,1,1,1,16,3,7,0,1,0,2,1,0,10,7,5,8,3
2019.0,-250.0,0.0,0.0,3,2,3,0,0,0,0,7,1,1,0,0,2,1,1,17,3,7,0,1,0,2,1,0,6,2,5,3,5
2019.0,-120.0,0.0,0.0,3,10,4,0,0,0,1,5,1,1,0,1,5,1,1,18,3,7,0,1,0,1,1,0,6,5,5,3,3
2019.0,0.0,0.0,0.0,3,4,0,0,0,0,1,3,1,1,0,1,9,1,1,20,3,7,0,0,0,2,1,0,4,2,5,3,9
2019.0,-275.0,0.0,0.0,3,6,3,1,0,0,0,2,1,1,0,1,2,1,1,7,4,7,0,1,0,2,0,0,6,7,5,3,3
2019.0,-59.0,0.0,0.0,3,6,3,0,0,0,0,2,1,1,0,1,2,1,1,8,4,7,0,1,0,0,1,0,10,7,5,8,3
2019.0,0.0,0.0,0.0,3,4,3,0,0,0,0,5,1,1,0,0,2,1,1,9,4,7,0,1,0,1,1,0,4,2,5,3,9
2019.0,-339.0,2.0,0.0,2,6,3,0,0,0,1,1,1,1,0,1,1,1,1,13,4,7,0,0,0,1,1,0,10,8,5,3,3
2019.0,-235.0,0.0,0.0,3,6,3,1,0,0,1,2,1,1,0,0,2,1,1,14,4,7,0,0,0,2,1,0,10,8,5,8,3
2019.0,99.0,2.0,0.0,2,10,3,0,0,0,1,2,1,1,0,1,2,1,1,16,4,7,0,1,0,0,0,0,6,5,5,5,5
2019.0,0.0,0.0,0.0,3,10,3,0,0,0,1,5,1,1,0,0,5,1,1,16,4,7,0,1,0,1,2,0,2,9,5,3,2
2019.0,0.0,0.0,0.0,3,4,3,1,0,0,0,2,1,1,0,0,5,1,1,17,4,7,0,1,0,1,1,0,4,2,5,9,3
2019.0,336.0,0.0,0.0,3,6,3,0,0,0,0,5,1,1,0,0,5,1,1,17,4,7,0,1,0,1,1,0,6,8,5,8,8
2019.0,-300.0,0.0,0.0,3,6,3,0,0,0,0,2,1,1,0,1,2,1,1,18,4,7,0,1,0,1,1,0,10,7,5,8,3
2019.0,-200.0,0.0,0.0,3,6,0,0,0,0,1,1,1,1,0,1,1,1,1,20,4,7,0,0,0,2,1,0,10,8,5,9,3
2019.0,10.0,0.0,0.0,3,10,0,0,0,0,1,5,1,1,0,1,5,1,1,23,4,7,0,0,0,2,2,0,6,1,5,3,2
2019.0,50.0,0.0,0.0,3,2,3,0,0,0,1,9,1,1,0,1,9,1,1,7,5,7,1,1,0,0,1,0,10,2,5,3,9
2019.0,0.0,0.0,0.0,3,4,3,0,0,0,1,2,1,1,0,0,9,1,1,14,5,7,1,0,0,1,0,0,10,2,5,3,9
2019.0,-150.0,0.0,0.0,3,6,3,0,0,0,2,1,1,1,0,0,1,1,1,14,5,7,1,0,0,0,2,0,10,2,5,3,3
2019.0,20.0,0.0,0.0,3,12,3,4,3,0,2,8,1,1,1,1,8,1,1,14,5,7,1,0,0,0,1,0,6,5,5,6,5
2019.0,0.0,0.0,0.0,3,2,3,0,0,0,2,9,1,1,0,0,5,1,1,18,5,7,1,1,0,0,1,0,5,2,5,3,3
2019.0,-150.0,1.0,0.0,2,6,3,0,0,0,1,1,1,1,0,1,1,1,1,18,5,7,1,1,0,2,1,0,10,7,5,8,3
2019.0,31.0,0.0,0.0,3,6,0,0,0,0,1,9,1,1,0,0,9,1,1,23,5,7,1,0,0,2,1,0,6,5,5,3,1
2019.0,0.0,1.0,0.0,2,4,3,0,0,0,0,1,1,1,0,1,9,1,1,12,6,7,1,0,0,1,0,0,4,2,5,3,9
2019.0,-15.0,0.0,0.0,3,10,0,0,0,0,2,2,1,1,0,1,2,1,1,16,6,7,1,1,0,0,2,0,5,9,5,3,3
2019.0,-86.0,0.0,0.0,3,10,3,0,0,0,1,9,1,1,0,1,9,1,1,18,6,7,1,1,0,2,1,0,10,9,5,3,2
2019.0,0.0,0.0,0.0,3,4,0,0,0,0,0,9,1,1,0,1,1,1,1,21,6,7,1,0,0,1,2,0,5,5,5,3,9
2019.0,-50.0,0.0,0.0,3,6,0,0,0,0,2,2,1,1,0,0,2,1,1,1,0,7,0,0,0,0,1,0,6,8,5,3,3
2019.0,0.0,1.0,0.0,3,10,2,0,0,0,1,5,1,1,0,1,5,1,1,5,0,7,0,0,0,1,2,0,5,5,5,9,9
2019.0,15.0,1.0,0.0,2,5,3,0,0,0,0,5,1,1,2,1,9,1,1,8,0,7,0,1,0,1,1,0,10,2,5,3,3
2019.0,0.0,0.0,0.0,3,6,3,0,0,0,2,1,1,1,0,0,1,1,1,9,0,7,0,1,0,0,2,0,4,5,5,3,3
2019.0,0.0,2.0,0.0,2,2,3,0,0,0,0,9,1,1,0,1,5,1,1,10,0,7,0,0,0,1,1,0,4,2,5,3,3
2019.0,-450.0,0.0,0.0,3,6,3,0,0,0,2,2,1,1,0,1,2,1,1,11,0,7,0,0,0,0,1,0,6,8,5,8,3
2019.0,0.0,0.0,0.0,3,6,3,0,0,0,1,1,1,1,0,0,1,1,1,12,0,7,0,0,0,1,1,0,4,8,5,8,3
2019.0,140.0,0.0,0.0,3,6,3,0,0,0,0,5,1,1,0,1,5,1,1,13,0,7,0,0,0,1,1,0,10,7,5,8,3
2019.0,0.0,0.0,0.0,3,2,3,0,0,0,1,1,1,1,0,0,5,1,1,14,0,7,0,0,0,2,1,0,5,2,5,3,3
2019.0,0.0,0.0,0.0,3,4,3,0,0,0,1,5,1,1,0,1,2,1,1,14,0,7,0,0,0,1,1,0,5,2,5,3,9
2019.0,-589.0,0.0,0.0,3,2,3,0,0,0,1,5,1,1,0,0,1,1,1,15,0,7,0,0,0,0,1,0,0,2,5,3,9
2019.0,0.0,0.0,0.0,3,2,3,0,0,0,1,1,1,1,0,1,5,1,1,16,0,7,0,1,0,2,1,0,4,2,5,3,3
2019.0,0.0,0.0,0.0,3,4,3,0,0,0,0,9,1,1,0,0,1,1,1,16,0,7,0,1,0,1,2,0,4,2,5,3,9
2019.0,250.0,0.0,0.0,3,6,3,0,0,0,1,9,1,1,0,1,9,1,1,16,0,7,0,1,0,1,1,0,10,7,5,8,3
2019.0,30.0,0.0,0.0,3,6,3,0,0,0,2,5,1,1,0,1,5,1,1,17,0,7,0,1,0,0,1,0,10,5,5,8,3
2019.0,0.0,0.0,0.0,3,2,3,0,0,0,1,5,1,1,0,0,5,1,1,17,0,7,0,1,0,2,1,0,4,5,5,3,9
2019.0,-115.0,1.0,0.0,3,6,3,0,0,0,0,1,1,1,0,0,1,1,1,17,0,7,0,1,0,2,1,0,10,7,5,8,3
2019.0,-50.0,0.0,0.0,3,6,3,0,0,0,0,1,1,1,0,0,1,1,1,17,0,7,0,1,0,1,1,0,4,8,5,8,3
2019.0,-25.0,1.0,0.0,2,2,3,0,0,0,0,1,1,1,3,0,2,1,1,17,0,7,0,1,0,1,1,0,10,2,5,7,9
2019.0,-30.0,4.0,0.0,3,6,0,0,0,0,1,1,1,1,0,1,1,1,1,20,0,7,0,0,0,1,1,0,6,7,5,8,3
2019.0,0.0,2.0,0.0,2,4,3,0,0,0,0,1,1,1,0,1,9,1,1,7,1,7,0,1,0,2,1,0,4,2,5,3,9
2019.0,200.0,0.0,0.0,3,6,3,0,0,0,1,2,1,1,0,0,2,1,1,7,1,7,0,1,0,2,1,0,6,7,5,8,3
2019.0,-200.0,0.0,0.0,3,2,3,0,0,0,0,5,1,1,0,0,9,1,1,9,1,7,0,1,0,2,1,0,0,2,5,3,9
2019.0,150.0,0.0,0.0,3,10,3,0,0,0,2,9,1,1,0,1,9,1,1,9,1,7,0,1,0,0,1,0,10,9,5,3,2
2019.0,0.0,0.0,0.0,3,10,3,0,0,0,0,1,1,1,0,1,1,1,1,15,1,7,0,0,0,1,1,0,5,9,5,3,2
2019.0,0.0,0.0,0.0,3,2,3,0,0,0,0,2,1,1,0,1,5,1,1,15,1,7,0,0,0,0,1,0,5,2,5,3,9
2019.0,0.0,1.0,0.0,3,4,3,0,0,0,0,2,1,1,0,1,5,1,1,16,1,7,0,1,0,1,1,0,5,2,5,3,9
2019.0,0.0,1.0,0.0,3,4,3,0,0,0,0,9,1,1,0,1,1,1,1,17,1,7,0,1,0,1,1,0,4,2,5,3,9
2019.0,0.0,0.0,0.0,3,10,3,0,0,0,0,1,1,1,1,1,1,1,1,17,1,7,0,1,0,1,1,0,5,9,5,6,3
2019.0,220.0,1.0,0.0,2,2,0,0,0,0,0,9,0,1,0,0,2,1,1,21,1,7,0,0,0,1,2,0,0,2,5,3,5
2019.0,100.0,0.0,0.0,3,11,4,0,0,0,0,1,1,1,0,0,1,1,1,21,1,7,0,0,0,0,2,0,6,5,5,3,9
2019.0,0.0,4.0,0.0,3,2,0,0,0,0,1,5,1,1,0,0,1,1,1,23,1,7,0,0,0,2,2,0,6,5,5,3,3
2019.0,120.0,1.0,0.0,3,6,3,0,0,0,1,1,1,1,0,1,1,1,1,10,2,7,0,0,0,2,1,0,10,8,5,8,3
2019.0,30.0,0.0,0.0,3,6,3,0,0,0,1,9,1,1,0,1,9,1,1,10,2,7,0,0,0,0,1,0,10,8,5,8,3
2019.0,385.0,0.0,0.0,3,4,3,0,0,0,1,1,1,1,0,0,9,1,1,13,2,7,0,0,0,0,1,0,6,2,5,3,9
2019.0,30.0,0.0,0.0,3,6,3,0,0,0,1,9,1,1,0,0,9,1,1,14,2,7,0,0,0,1,1,0,10,8,5,8,3
2019.0,166.0,0.0,0.0,3,6,3,0,0,0,1,5,1,1,0,0,5,1,1,14,2,7,0,0,0,1,1,0,10,8,5,8,3
2019.0,-200.0,0.0,0.0,3,10,3,0,0,0,1,1,1,1,0,0,1,1,1,14,2,7,0,0,0,1,2,0,10,9,5,3,2
2019.0,-200.0,0.0,0.0,3,6,3,1,0,0,2,1,1,1,0,0,1,1,1,16,2,7,0,1,0,0,0,0,10,8,5,8,2
2019.0,0.0,2.0,0.0,2,6,3,0,0,0,1,1,1,1,0,0,1,1,1,16,2,7,0,1,0,1,1,0,4,8,5,9,3
2019.0,-366.0,0.0,0.0,3,4,3,0,0,0,0,9,1,1,0,1,1,1,1,17,2,7,0,1,0,2,1,0,6,2,5,3,9
2019.0,15.0,0.0,0.0,3,10,5,4,3,0,2,1,1,1,0,0,1,1,1,17,2,7,0,1,0,0,0,0,10,5,5,9,3
2019.0,-220.0,1.0,0.0,3,6,3,0,0,0,1,1,1,1,0,1,1,1,1,17,2,7,0,1,0,1,1,0,6,8,5,8,3
2019.0,0.0,0.0,0.0,3,4,0,0,4,0,0,5,1,1,0,1,2,1,1,0,3,7,0,0,1,1,1,0,4,2,5,3,9
2019.0,264.0,0.0,0.0,3,6,0,0,0,0,1,1,1,1,0,1,1,1,1,0,3,7,0,0,0,1,1,0,6,7,5,8,3
2019.0,-20.0,0.0,0.0,3,6,1,0,0,0,1,9,1,1,1,1,1,1,1,2,3,7,0,0,0,2,1,0,6,5,5,6,1
2019.0,0.0,2.0,0.0,2,4,3,0,0,0,1,2,1,1,0,0,5,1,1,7,3,7,0,1,0,0,1,0,4,2,5,3,9
2019.0,0.0,0.0,0.0,3,4,3,0,0,0,1,2,1,1,0,0,2,1,1,8,3,7,0,1,0,0,1,0,4,9,5,9,3
2019.0,-246.0,0.0,0.0,3,4,3,0,0,0,1,9,1,1,0,1,5,1,1,11,3,7,0,0,0,1,1,0,0,9,5,3,9
2019.0,155.0,0.0,0.0,3,6,3,0,0,0,0,1,0,1,0,0,1,1,1,13,3,7,0,0,0,1,2,0,6,7,5,8,3
2019.0,0.0,0.0,0.0,3,4,3,0,0,0,0,2,1,1,0,0,1,1,1,13,3,7,0,0,0,2,1,0,4,2,5,3,9
2019.0,300.0,0.0,0.0,3,6,3,0,0,0,1,5,1,1,0,1,5,1,1,14,3,7,0,0,0,1,1,0,6,7,5,8,3
2019.0,-348.0,0.0,0.0,3,4,3,0,0,0,1,2,1,1,0,1,1,1,1,16,3,7,0,1,0,1,1,0,6,2,5,3,9
2019.0,0.0,0.0,0.0,3,10,3,0,0,0,0,1,1,1,0,1,1,1,1,16,3,7,0,1,0,0,1,0,4,5,5,9,3
2019.0,-200.0,1.0,0.0,3,2,3,0,0,0,0,7,1,1,0,1,2,1,1,16,3,7,0,1,0,1,1,0,10,2,5,3,5
2019.0,0.0,0.0,0.0,3,4,3,0,0,0,1,9,1,1,0,1,5,1,1,16,3,7,0,1,0,2,2,0,5,5,5,9,3
2019.0,-100.0,0.0,0.0,3,10,5,0,0,0,2,5,1,1,0,0,5,1,1,17,3,7,0,1,0,0,1,0,6,9,5,3,2
2019.0,-40.0,0.0,0.0,3,6,3,0,0,0,1,2,1,1,0,0,2,1,1,17,3,7,0,1,0,1,1,0,10,7,5,8,3
2019.0,0.0,0.0,0.0,3,4,0,0,0,0,0,9,1,1,0,0,1,1,1,20,3,7,0,0,0,1,2,0,4,2,5,3,9
2019.0,0.0,0.0,0.0,3,2,0,0,0,0,1,1,1,1,0,1,5,1,1,21,3,7,0,0,0,2,1,0,4,2,5,3,3
2019.0,100.0,0.0,0.0,3,6,3,0,0,0,0,9,1,1,0,0,9,1,1,7,4,7,0,1,0,1,1,0,10,8,5,8,3
2019.0,-528.0,0.0,0.0,3,6,3,0,0,0,1,2,1,1,0,0,2,1,1,7,4,7,0,1,0,1,1,0,6,7,5,8,3
2019.0,30.0,0.0,0.0,3,6,3,0,0,0,1,9,1,1,0,0,9,1,1,8,4,7,0,1,0,2,1,0,10,7,5,8,3
2019.0,545.0,7.0,0.0,2,4,3,1,0,0,1,9,1,1,0,0,2,1,1,9,4,7,0,1,0,0,1,0,6,2,5,3,9
2019.0,-200.0,0.0,0.0,3,6,3,0,0,0,1,1,1,1,0,0,1,1,1,10,4,7,0,0,0,1,0,0,6,5,5,8,0
2019.0,0.0,1.0,0.0,3,2,3,0,0,0,1,2,1,1,0,0,9,1,1,12,4,7,0,0,0,1,1,0,5,2,5,8,9
2019.0,392.0,0.0,0.0,3,6,3,0,0,0,1,9,1,1,0,1,9,1,1,13,4,7,0,0,0,2,2,0,6,7,5,8,3
2019.0,-40.0,0.0,0.0,3,6,3,0,0,0,2,9,1,1,0,1,1,1,1,15,4,7,0,0,0,0,1,0,10,5,5,8,1
2019.0,-100.0,0.0,0.0,3,12,1,0,0,0,2,8,1,1,1,1,1,1,1,15,4,7,0,0,0,0,1,0,6,5,5,6,5
2019.0,-140.0,0.0,0.0,3,10,3,0,0,0,1,5,1,1,0,1,5,1,1,15,4,7,0,0,0,1,1,0,6,8,5,8,2
2019.0,-75.0,0.0,0.0,3,6,3,0,0,0,2,1,1,1,0,0,1,1,1,15,4,7,0,0,0,0,1,0,10,8,5,8,3
2019.0,0.0,0.0,0.0,3,4,3,0,0,0,0,9,1,1,0,1,1,1,1,18,4,7,0,1,0,2,1,0,5,2,2,9,3
2019.0,170.0,0.0,0.0,3,10,3,1,0,0,0,9,1,1,0,0,9,1,1,18,4,7,0,1,0,2,1,0,6,9,5,3,3
2019.0,0.0,0.0,0.0,3,2,3,0,0,0,2,5,1,1,1,1,2,1,1,18,4,7,0,1,0,0,0,0,6,9,5,6,3
2019.0,0.0,0.0,0.0,3,2,3,0,0,0,2,5,1,1,0,0,9,1,1,19,4,7,0,1,0,0,1,0,4,2,5,3,9
2019.0,32.0,0.0,0.0,3,6,0,0,0,0,0,1,1,1,0,1,1,1,1,20,4,7,0,0,0,1,2,0,10,8,5,8,3
2019.0,0.0,0.0,0.0,3,2,3,0,0,0,0,5,1,1,0,0,5,1,1,6,5,7,1,0,0,0,2,0,4,9,5,9,3
2019.0,15.0,1.0,0.0,1,5,4,0,0,3,1,5,1,1,0,1,9,1,1,18,5,7,1,1,0,1,1,0,10,2,5,3,7
2019.0,-200.0,0.0,0.0,3,12,5,4,3,0,2,8,1,1,1,1,8,1,1,19,5,7,1,1,0,0,1,0,6,5,5,6,5
2019.0,0.0,0.0,0.0,3,4,0,0,0,0,1,2,1,1,0,0,5,1,1,20,5,7,1,0,0,2,2,0,4,2,5,3,9
2019.0,200.0,0.0,0.0,3,6,0,0,0,0,1,5,1,1,0,0,5,1,1,23,5,7,1,0,0,2,2,0,1,7,5,3,3
2019.0,0.0,0.0,0.0,3,9,3,0,0,0,0,2,1,1,0,1,5,1,1,9,6,7,1,1,0,0,0,0,5,9,5,8,5
2019.0,25.0,0.0,0.0,3,6,3,0,0,0,1,5,1,1,0,1,5,1,1,11,6,7,1,0,0,1,1,0,10,7,5,3,8
2019.0,0.0,0.0,0.0,3,6,3,0,0,0,0,9,1,1,0,0,9,1,1,16,6,7,1,1,0,1,2,0,3,7,5,8,3
2019.0,-198.0,1.0,0.0,1,2,0,0,0,3,1,2,0,1,0,1,9,1,1,20,6,7,1,0,0,0,1,0,6,2,5,3,7
2019.0,790.0,0.0,0.0,3,10,0,1,0,0,1,2,1,1,0,1,2,1,1,22,6,7,1,0,0,2,1,0,6,9,5,3,2
2019.0,30.0,1.0,0.0,3,6,3,1,0,0,0,9,1,1,0,1,9,1,1,12,0,7,0,0,0,2,0,0,10,7,5,3,3
2019.0,-100.0,0.0,0.0,3,6,3,0,0,0,1,2,1,1,0,0,2,1,1,12,0,7,0,0,0,1,2,0,4,7,5,8,3
2019.0,200.0,0.0,0.0,3,6,3,0,0,0,1,5,1,1,0,1,5,1,1,13,0,7,0,0,0,2,1,0,10,7,5,8,3
2019.0,40.0,0.0,0.0,3,10,3,1,0,0,0,9,1,1,0,0,9,1,1,14,0,7,0,0,0,2,0,0,10,9,5,3,2
2019.0,0.0,3.0,0.0,2,2,3,0,0,0,1,9,1,1,0,0,5,1,1,14,0,7,0,0,0,2,0,0,4,2,5,3,3
2019.0,-50.0,0.0,0.0,3,6,3,0,0,0,1,1,1,1,0,0,1,1,1,14,0,7,0,0,0,2,2,0,10,7,5,8,8
2019.0,-30.0,0.0,0.0,3,6,3,0,0,0,1,1,1,1,0,0,1,1,1,16,0,7,0,1,0,1,0,0,10,7,5,8,3
2019.0,0.0,0.0,0.0,3,4,0,0,0,0,0,2,1,1,0,1,9,1,1,22,0,7,0,0,0,2,2,0,4,2,5,3,9
2019.0,0.0,1.0,0.0,3,4,0,0,0,0,1,1,1,1,0,1,5,1,1,4,1,7,0,0,0,1,1,0,4,5,5,5,5
2019.0,-475.0,0.0,0.0,3,10,3,1,0,0,0,2,1,1,0,1,2,1,1,8,1,7,0,1,0,1,0,0,6,9,5,3,2
2019.0,0.0,0.0,0.0,3,4,3,0,0,0,1,2,1,1,0,0,9,1,1,11,1,7,0,0,0,0,2,0,5,2,5,9,3
2019.0,-60.0,0.0,0.0,3,2,3,0,0,0,0,2,1,1,0,1,1,1,1,12,1,7,0,0,0,0,1,0,0,2,5,3,1
2019.0,-30.0,0.0,0.0,3,10,3,0,0,0,0,4,1,1,0,1,4,1,1,12,1,7,0,0,0,2,1,0,10,5,4,3,8
2019.0,275.0,0.0,0.0,3,4,3,0,0,0,1,9,1,1,0,0,2,1,1,12,1,7,0,0,0,0,2,0,6,2,5,3,9
2019.0,0.0,1.0,0.0,3,4,3,0,0,0,1,1,1,1,0,1,9,1,1,16,1,7,0,1,0,1,1,0,5,2,5,3,9
2019.0,-150.0,0.0,0.0,3,10,3,0,0,0,2,2,1,1,0,0,2,1,1,16,1,7,0,1,0,0,1,0,10,9,5,3,2
2019.0,-30.0,0.0,0.0,3,6,3,0,0,0,0,1,1,1,0,1,1,1,1,17,1,7,0,1,0,2,1,0,10,7,5,8,3
2019.0,0.0,1.0,0.0,3,4,3,0,0,0,0,2,1,1,0,0,9,1,1,17,1,7,0,1,0,1,2,0,5,4,5,3,9
2019.0,15.0,1.0,0.0,2,2,3,0,0,2,1,1,1,1,0,0,5,1,1,19,1,7,0,1,0,1,2,0,4,5,5,9,3
2019.0,-25.0,0.0,0.0,3,2,0,0,0,0,2,1,1,1,0,1,1,1,1,20,1,7,0,0,0,0,1,0,10,5,5,5,5
2019.0,250.0,0.0,0.0,3,6,3,1,0,0,1,2,1,1,0,0,2,1,1,7,2,7,0,1,0,2,1,0,6,8,5,8,3
2019.0,-30.0,0.0,0.0,3,10,3,1,0,0,1,2,1,1,0,1,2,1,1,8,2,7,0,1,0,1,1,0,10,8,5,8,3
2019.0,0.0,0.0,0.0,3,2,3,0,0,0,1,1,1,1,0,0,5,1,1,9,2,7,0,1,0,0,1,0,4,2,5,3,3
2019.0,35.0,0.0,0.0,3,6,3,0,0,0,1,9,1,1,0,1,9,1,1,12,2,7,0,0,0,2,1,0,10,8,5,8,3
2019.0,464.0,1.0,0.0,3,2,3,0,0,0,1,9,1,1,0,1,2,1,1,12,2,7,0,0,0,1,2,0,0,2,5,0,9
2019.0,-75.0,0.0,0.0,3,4,3,0,0,0,2,2,1,1,0,0,2,1,1,12,2,7,0,0,0,0,0,0,4,7,5,3,8
2019.0,-114.0,0.0,0.0,3,6,3,0,0,0,1,2,1,1,0,1,2,1,1,13,2,7,0,0,0,1,1,0,10,8,5,3,3
2019.0,260.0,1.0,0.0,2,2,3,0,0,0,1,1,1,1,0,0,5,1,1,16,2,7,0,1,0,1,1,0,10,2,5,3,9
2019.0,0.0,0.0,0.0,3,10,3,0,0,0,1,1,1,1,0,0,1,1,1,16,2,7,0,1,0,1,2,0,5,5,5,9,2
2019.0,10.0,0.0,0.0,3,6,3,0,0,0,1,1,1,1,0,0,1,1,1,17,2,7,0,1,0,1,2,0,6,7,5,3,3
2019.0,-50.0,0.0,0.0,3,6,0,1,0,0,0,1,1,1,0,1,1,1,1,20,2,7,0,0,0,1,1,0,10,7,5,3,3
2019.0,-30.0,1.0,0.0,3,6,0,0,0,0,1,1,1,1,0,0,1,1,1,21,2,7,0,0,0,2,1,0,10,7,5,5,3
2019.0,0.11,0.0,0.0,3,4,0,0,0,0,1,9,1,1,0,1,2,1,1,21,2,7,0,0,0,1,1,0,6,2,5,3,9
2019.0,-200.0,0.0,0.0,3,6,0,4,0,0,2,2,1,1,0,0,2,1,1,1,3,7,0,0,0,0,2,0,10,7,5,3,3
2019.0,-350.0,2.0,0.0,1,4,0,0,0,0,1,9,1,1,0,0,2,0,1,2,3,7,0,0,0,1,1,0,0,2,7,3,9
2019.0,0.0,1.0,0.0,3,4,3,0,0,0,1,1,1,1,0,1,9,1,1,12,3,7,0,0,0,1,1,0,4,2,5,3,9
2019.0,0.0,1.0,0.0,3,2,3,0,0,0,1,2,1,1,0,0,9,1,1,12,3,7,0,0,0,0,1,0,4,2,5,3,3
2019.0,250.0,0.0,0.0,3,11,3,0,0,0,1,5,1,1,0,1,5,1,1,13,3,7,0,0,0,1,2,0,6,5,5,3,9
2019.0,52.0,0.0,0.0,3,6,3,1,0,0,1,1,1,1,0,0,1,1,1,15,3,7,0,0,0,1,1,0,6,5,5,8,3
2019.0,33.0,0.0,0.0,3,4,3,0,0,0,0,5,1,1,0,1,9,1,1,17,3,7,0,1,0,0,0,0,10,4,5,8,9
2019.0,-130.0,0.0,0.0,3,10,3,0,0,0,1,2,1,1,0,1,2,1,1,17,3,7,0,1,0,1,1,0,10,5,5,3,3
2019.0,120.0,2.0,0.0,3,6,0,0,0,0,0,9,1,1,0,1,9,1,1,19,3,7,0,1,0,1,1,0,10,7,5,8,3
2019.0,0.0,0.0,0.0,3,10,0,0,0,0,0,1,1,1,0,0,5,1,1,21,3,7,0,0,0,2,1,0,5,2,5,3,9
2019.0,-300.0,0.0,0.0,3,2,3,0,0,0,1,1,1,1,0,1,1,1,1,7,4,7,0,1,0,1,1,0,0,2,5,3,9
2019.0,50.0,0.0,0.0,3,9,3,0,0,0,1,5,1,1,0,1,5,1,1,7,4,7,0,1,0,2,0,0,0,2,5,3,9
2019.0,0.0,0.0,0.0,3,4,3,0,0,0,1,1,1,1,0,1,9,1,1,8,4,7,0,1,0,0,1,0,4,2,5,3,9
2019.0,-60.0,1.0,0.0,3,6,3,0,0,0,0,6,1,1,0,1,5,1,1,9,4,7,0,1,0,1,1,0,10,8,5,8,9
2019.0,-125.0,0.0,0.0,3,10,3,0,0,0,1,1,1,1,0,0,1,1,1,9,4,7,0,1,0,1,1,0,10,9,5,8,0
2019.0,0.0,0.0,0.0,3,2,3,0,0,0,1,9,1,1,0,0,2,1,1,10,4,7,0,0,0,1,1,0,4,2,5,3,3
2019.0,74.0,2.0,0.0,1,6,3,0,0,0,1,2,1,1,0,0,2,1,1,11,4,7,0,0,0,2,2,0,10,8,5,8,5
2019.0,200.0,0.0,0.0,3,4,3,0,0,0,2,6,1,1,0,1,6,1,1,11,4,7,0,0,0,0,0,0,6,9,5,9,9
2019.0,0.0,0.0,0.0,3,2,3,0,0,0,1,2,1,1,0,1,1,1,1,12,4,7,0,0,0,1,0,0,4,2,5,3,3
2019.0,0.0,0.0,0.0,3,2,3,0,0,0,1,1,1,1,0,0,5,1,1,15,4,7,0,0,0,2,1,0,5,2,5,3,9
2019.0,600.0,0.0,0.0,3,6,3,0,0,0,0,1,1,1,0,0,1,1,1,15,4,7,0,0,0,2,1,0,0,8,5,8,3
2019.0,62.0,0.0,0.0,3,6,3,0,0,0,0,1,1,1,0,1,1,1,1,16,4,7,0,1,0,1,1,0,10,8,5,8,3
2019.0,40.0,0.0,0.0,3,6,3,0,0,0,0,9,1,1,0,1,9,1,1,16,4,7,0,1,0,1,1,0,6,5,5,5,5
2019.0,0.0,1.0,0.0,3,4,3,0,0,0,1,2,1,1,0,0,5,1,1,17,4,7,0,1,0,1,2,0,5,2,5,3,9
2019.0,130.0,0.0,0.0,3,10,3,0,0,0,0,5,1,1,0,0,9,1,1,18,4,7,0,1,0,2,1,0,10,2,5,3,9
2019.0,-30.0,1.0,0.0,2,5,4,0,0,3,1,9,1,1,0,1,5,1,1,19,4,7,0,1,0,1,2,0,6,6,5,3,7
2019.0,0.0,0.0,0.0,3,4,3,0,0,0,1,9,1,1,0,1,1,1,1,19,4,7,0,1,0,2,1,0,4,2,5,3,9
2019.0,0.0,4.0,0.0,2,4,0,0,0,0,0,1,0,1,0,1,9,1,1,20,4,7,0,0,0,1,2,0,4,4,5,3,9