Year,Distance,Totalinjuries,Totalfatalities,Injuryseverity,Collisionmanner,Lightcondition,Weather,SurfaceCondition,Unittype_One,Gender_Drv1,Traveldirection_One,AlcoholUse_Drv1,DrugUse_Drv1,Unittype_Two,Gender_Drv2,Traveldirection_Two,AlcoholUse_Drv2,DrugUse_Drv2,Hour,Weekday,Month,Weekend,Rush_Hour,Hazardous_Road,Age_Group_Drv1,Age_Group_Drv2,Substance_Use,Junction_Category,Violation_Category_Drv1,Violation_Category_Drv2,Unitaction_Category_Two,Unitaction_Category_One
2019.0,0.0,0.0,0.0,3,10,3,0,0,0,1,1,1,1,0,1,1,1,1,8,5,7,1,1,0,0,1,0,5,7,5,8,3
2019.0,-115.0,0.0,0.0,3,6,3,0,0,0,1,2,1,1,0,0,2,1,1,12,5,7,1,0,0,1,2,0,10,2,5,8,3
2019.0,0.0,1.0,0.0,2,4,3,0,0,0,1,9,1,1,0,1,1,1,1,13,5,7,1,0,0,2,1,0,6,2,5,9,3
2019.0,-65.0,0.0,0.0,3,6,3,0,0,0,1,2,1,1,0,0,2,1,1,15,5,7,1,0,0,1,1,0,10,8,5,8,3
2019.0,-60.0,0.0,0.0,3,10,3,0,0,0,1,1,1,1,0,0,1,1,1,16,5,7,1,1,0,1,1,0,10,9,5,5,5
2019.0,30.0,1.0,0.0,1,6,3,0,0,0,0,5,1,1,0,0,5,1,1,17,5,7,1,1,0,0,1,0,10,7,5,8,3
2019.0,40.0,0.0,0.0,3,6,0,0,0,0,1,2,1,1,0,0,2,1,1,19,5,7,1,1,0,1,1,0,10,7,5,3,3
2019.0,-23.0,0.0,0.0,3,10,0,0,0,0,0,1,1,1,0,1,1,1,1,20,5,7,1,0,0,0,1,0,6,9,5,3,2
2019.0,0.0,1.0,0.0,2,3,0,0,0,0,1,5,1,1,0,1,2,1,1,20,5,7,1,0,0,1,1,0,5,5,5,3,3
2019.0,131.0,1.0,0.0,3,6,0,0,0,0,1,1,1,1,0,1,1,1,1,23,5,7,1,0,0,1,1,0,3,7,5,8,3
2019.0,-200.0,0.0,0.0,3,5,3,0,0,0,1,2,1,1,0,1,7,1,1,23,5,7,1,0,0,1,2,0,6,4,5,9,9
2019.0,-150.0,1.0,0.0,3,2,3,1,0,2,1,1,1,1,0,1,7,1,1,6,6,7,1,0,0,0,1,0,8,5,5,9,3
2019.0,0.0,0.0,0.0,3,2,3,0,0,0,0,5,1,1,0,1,9,1,1,7,6,7,1,1,0,1,1,0,5,4,5,8,9
2019.0,400.0,0.0,0.0,3,2,3,0,0,0,0,5,1,1,0,1,9,1,1,10,6,7,1,0,0,2,2,0,6,2,5,3,9
2019.0,95.0,0.0,0.0,3,10,3,0,0,0,0,9,1,1,0,1,9,1,1,15,6,7,1,0,0,1,1,0,10,5,5,3,3
2019.0,0.0,1.0,0.0,1,2,0,0,0,0,0,2,1,1,0,1,1,1,1,22,6,7,1,0,0,1,0,0,5,2,5,3,9
2019.0,30.0,0.0,0.0,3,5,0,0,0,0,1,9,1,1,0,0,9,1,1,1,0,7,0,0,0,2,2,0,10,7,5,9,1
2019.0,25.0,0.0,0.0,3,10,3,1,0,0,2,9,1,1,0,0,9,1,1,7,0,7,0,1,0,0,1,0,10,4,5,3,9
2019.0,-50.0,0.0,0.0,3,6,3,0,0,0,0,1,1,1,0,0,1,1,1,9,0,7,0,1,0,2,2,0,10,7,5,8,9
2019.0,0.0,0.0,0.0,3,6,3,0,0,0,1,5,1,1,0,1,5,1,1,10,0,7,0,0,0,1,1,0,5,5,5,5,5
2019.0,-30.0,0.0,0.0,3,6,3,0,0,0,1,1,1,1,0,0,1,1,1,11,0,7,0,0,0,0,0,0,4,5,5,8,5
2019.0,0.0,0.0,0.0,3,2,3,0,0,0,1,2,1,1,0,1,9,1,1,13,0,7,0,0,0,1,1,0,4,2,5,9,3
2019.0,262.0,0.0,0.0,3,2,3,0,0,0,1,5,1,1,0,1,1,1,1,14,0,7,0,0,0,2,1,0,6,2,5,3,9
2019.0,-35.0,0.0,0.0,3,6,3,0,0,0,1,2,1,1,0,1,2,1,1,14,0,7,0,0,0,1,1,0,10,7,5,8,3
2019.0,60.0,1.0,0.0,3,5,3,0,0,2,0,9,1,1,0,0,2,1,1,17,0,7,0,1,0,2,1,0,0,5,5,9,3
2019.0,30.0,0.0,0.0,3,6,0,0,0,0,2,5,1,1,0,0,5,1,1,20,0,7,0,0,0,0,1,0,10,7,5,8,3
2019.0,-162.0,0.0,0.0,3,6,0,0,0,0,1,1,0,1,1,1,1,1,1,22,0,7,0,0,0,1,2,0,6,9,5,6,3
2019.0,-50.0,0.0,0.0,3,6,3,0,0,0,1,2,1,1,0,0,2,1,1,7,1,7,0,1,0,2,2,0,10,5,5,5,5
2019.0,0.0,0.0,0.0,3,2,3,0,0,0,1,9,1,1,0,1,2,1,1,8,1,7,0,1,0,1,1,0,4,2,5,3,3
2019.0,350.0,0.0,0.0,3,3,3,1,0,0,1,2,1,1,0,1,2,1,1,8,1,7,0,1,0,1,1,0,6,8,5,8,3
2019.0,-60.0,0.0,0.0,3,6,3,0,0,0,0,1,1,1,0,0,1,1,1,11,1,7,0,0,0,2,1,0,10,7,5,8,3
2019.0,-45.0,1.0,0.0,1,6,3,0,0,0,1,9,1,1,0,1,9,1,1,12,1,7,0,0,0,0,1,0,10,8,5,3,3
2019.0,0.0,1.0,0.0,3,2,3,0,0,0,0,9,1,1,0,0,2,1,1,14,1,7,0,0,0,0,1,0,4,2,5,3,9
2019.0,70.0,1.0,0.0,2,6,3,0,0,0,0,9,1,1,0,1,9,1,1,15,1,7,0,0,0,2,1,0,10,7,5,8,3
2019.0,200.0,0.0,0.0,3,10,3,0,0,0,0,1,1,1,0,1,1,1,1,15,1,7,0,0,0,1,1,0,6,9,5,3,2
2019.0,0.0,0.0,0.0,3,4,3,3,4,0,1,5,1,1,0,1,2,1,1,17,1,7,0,1,1,1,0,0,4,2,5,3,9
2019.0,184.0,0.0,0.0,3,6,3,0,4,0,1,5,1,1,0,0,5,1,1,17,1,7,0,1,1,2,1,0,6,8,5,8,3
2019.0,0.0,1.0,0.0,3,4,4,3,4,0,1,2,1,1,0,1,2,1,1,18,1,7,0,1,1,2,1,0,3,7,5,9,9
2019.0,0.0,3.0,0.0,1,5,4,1,0,0,1,6,1,1,0,0,2,1,1,6,2,7,0,0,0,1,1,0,5,2,5,3,9
2019.0,520.0,1.0,0.0,2,2,3,1,4,0,1,5,1,1,0,1,9,1,1,7,2,7,0,1,1,1,2,0,6,2,5,3,9
2019.0,0.0,2.0,0.0,2,2,3,1,0,0,0,9,1,1,0,0,5,1,1,10,2,7,0,0,0,0,1,0,4,2,5,3,3
2019.0,0.0,1.0,0.0,3,2,3,1,0,0,0,1,1,1,0,1,2,1,1,11,2,7,0,0,0,2,1,0,4,2,5,3,3
2019.0,142.0,0.0,0.0,3,6,3,0,0,0,1,5,1,1,0,1,5,1,1,13,2,7,0,0,0,1,2,0,10,7,5,8,3
2019.0,90.0,0.0,0.0,3,6,3,0,0,0,1,9,1,1,0,1,9,1,1,13,2,7,0,0,0,2,1,0,10,7,5,8,3
2019.0,180.0,0.0,0.0,3,10,3,0,0,0,1,5,1,1,0,0,5,1,1,14,2,7,0,0,0,1,2,0,10,9,5,3,2
2019.0,0.0,4.0,0.0,1,4,3,0,0,0,1,5,1,1,0,1,2,1,1,15,2,7,0,0,0,1,0,0,4,2,5,3,9
2019.0,-155.0,1.0,0.0,3,2,3,1,0,0,0,2,1,1,0,1,5,1,1,17,2,7,0,1,0,2,1,0,0,2,5,3,9
2019.0,250.0,0.0,0.0,3,6,3,1,0,0,0,9,1,1,0,1,9,1,1,17,2,7,0,1,0,1,2,0,2,8,5,8,3
2019.0,0.0,1.0,0.0,2,2,0,0,0,0,1,5,1,1,0,0,1,1,1,21,2,7,0,0,0,1,1,0,4,2,5,3,3
2019.0,-25.0,1.0,0.0,2,2,3,0,0,0,0,1,1,1,2,1,5,1,1,8,3,8,0,1,0,1,0,0,10,2,5,3,9
2019.0,0.0,0.0,0.0,3,4,3,0,0,0,1,9,1,1,0,1,5,1,1,10,3,8,0,0,0,2,0,0,4,2,5,9,3
2019.0,73.0,0.0,0.0,3,2,3,1,0,0,0,6,1,1,0,1,5,1,1,11,3,8,0,0,0,1,0,0,6,5,5,3,9
2019.0,-86.0,0.0,0.0,3,6,3,0,0,0,0,1,1,1,0,0,1,1,1,15,3,8,0,0,0,1,0,0,10,8,5,8,3
2019.0,40.0,0.0,0.0,3,6,3,0,0,0,0,5,1,1,0,0,5,1,1,15,3,8,0,0,0,2,1,0,10,7,5,8,3
2019.0,0.0,1.0,0.0,2,2,3,0,0,2,1,9,1,1,0,0,2,1,1,15,3,8,0,0,0,0,1,0,5,5,5,9,3
2019.0,0.0,1.0,0.0,1,6,3,0,0,0,1,1,1,1,0,0,1,1,1,17,3,8,0,1,0,1,0,0,4,8,5,8,3
2019.0,500.0,0.0,0.0,3,2,3,0,0,0,2,8,1,1,0,0,2,1,1,17,3,8,0,1,0,0,2,0,6,5,5,3,5
2019.0,60.0,0.0,0.0,3,6,3,0,0,0,0,9,1,1,0,0,9,1,1,17,3,8,0,1,0,1,2,0,10,7,5,8,3
2019.0,330.0,4.0,0.0,2,4,4,0,0,0,0,9,1,1,0,0,1,1,1,18,3,8,0,1,0,0,0,0,0,2,5,3,9
2019.0,0.0,0.0,0.0,3,2,0,0,0,0,1,5,1,1,0,1,9,1,1,20,3,8,0,0,0,1,2,0,5,2,5,8,9
2019.0,200.0,0.0,0.0,3,4,0,0,0,0,1,1,0,1,0,1,9,1,1,20,3,8,0,0,0,1,1,0,6,2,5,3,9
2019.0,0.0,1.0,0.0,3,2,0,0,0,0,1,9,1,1,0,0,2,1,1,3,4,8,0,0,0,1,1,0,5,2,5,3,9
2019.0,0.0,0.0,0.0,3,4,3,0,0,0,0,7,1,1,0,1,1,1,1,7,4,8,0,1,0,2,1,0,4,2,5,3,9
2019.0,-68.0,0.0,0.0,3,6,3,0,0,0,2,2,1,1,0,1,2,1,1,7,4,8,0,1,0,0,1,0,10,8,5,8,3
2019.0,100.0,0.0,0.0,3,10,3,0,0,0,1,9,1,1,0,1,9,1,1,7,4,8,0,1,0,2,1,0,6,9,5,3,0
2019.0,60.0,0.0,0.0,3,6,3,0,0,0,1,5,1,1,0,0,5,1,1,8,4,8,0,1,0,1,1,0,10,8,5,8,3
2019.0,-50.0,0.0,0.0,3,10,3,1,0,0,0,1,1,1,0,1,1,1,1,11,4,8,0,0,0,1,2,0,10,9,5,8,2
2019.0,257.0,0.0,0.0,3,4,3,0,0,0,1,5,1,1,0,0,9,1,1,13,4,8,0,0,0,1,2,0,0,2,5,3,9
2019.0,0.0,1.0,0.0,3,6,3,0,0,0,1,2,1,1,0,1,2,1,1,13,4,8,0,0,0,2,0,0,4,8,5,8,3
2019.0,-80.0,0.0,0.0,3,6,3,0,0,0,0,1,1,1,0,1,9,1,1,13,4,8,0,0,0,2,0,0,10,5,5,8,1
2019.0,250.0,1.0,0.0,3,6,3,0,0,0,1,1,1,1,0,0,1,1,1,16,4,8,0,1,0,1,1,0,6,8,5,8,3
2019.0,0.0,2.0,0.0,3,4,3,0,0,0,0,6,1,1,0,1,2,1,1,16,4,8,0,1,0,2,1,0,4,2,5,3,9
2019.0,600.0,3.0,0.0,2,4,3,0,0,0,1,1,1,1,0,0,9,1,1,16,4,8,0,1,0,2,1,0,0,2,5,3,9
2019.0,40.0,2.0,0.0,2,6,3,0,0,0,1,1,1,1,0,0,1,1,1,16,4,8,0,1,0,1,1,0,5,8,5,8,3
2019.0,-385.0,0.0,0.0,3,6,3,4,0,0,1,1,1,1,0,0,1,1,1,18,4,8,0,1,0,2,1,0,10,7,5,8,3
2019.0,0.0,0.0,0.0,3,2,3,0,0,0,0,5,1,1,0,1,9,1,1,18,4,8,0,1,0,1,1,0,10,2,5,3,9
2019.0,80.0,0.0,0.0,3,4,0,0,0,0,1,6,1,1,0,1,9,1,1,21,4,8,0,0,0,1,1,0,10,7,5,3,9
2019.0,0.0,0.0,0.0,3,4,3,0,0,0,1,9,0,1,0,1,5,1,1,10,5,8,1,0,0,2,1,0,5,7,5,9,3
2019.0,-15.0,1.0,0.0,2,2,3,0,0,0,0,2,1,1,2,0,9,1,1,11,5,8,1,0,0,0,2,0,8,5,5,5,5
2019.0,122.0,3.0,0.0,3,6,3,0,0,0,0,1,1,1,0,0,1,1,1,13,5,8,1,0,0,1,1,0,6,7,5,8,3
2019.0,0.0,0.0,0.0,3,4,3,0,0,0,1,2,1,1,0,1,6,1,1,14,5,8,1,0,0,1,1,0,4,2,5,9,3
2019.0,-500.0,4.0,0.0,2,10,3,0,0,0,1,2,1,1,0,1,5,1,1,16,5,8,1,1,0,2,1,0,6,9,5,3,2
2019.0,-15.0,1.0,0.0,1,5,0,3,4,2,1,5,1,1,0,1,9,1,1,21,5,8,1,0,1,2,1,0,4,2,5,3,7
2019.0,100.0,0.0,0.0,3,5,0,4,0,0,2,9,1,1,0,0,9,1,1,2,6,8,1,0,0,0,1,0,10,5,5,8,1
2019.0,0.0,5.0,0.0,3,4,3,0,0,0,1,9,1,1,0,1,1,1,1,9,6,8,1,1,0,0,1,0,5,2,5,9,3
2019.0,300.0,0.0,0.0,3,4,3,0,0,0,1,2,1,1,0,0,1,1,1,11,6,8,1,0,0,2,2,0,6,2,5,3,9
2019.0,0.0,1.0,0.0,2,2,3,0,0,0,1,9,1,1,0,0,5,1,1,13,6,8,1,0,0,1,0,0,4,2,5,3,3
2019.0,0.0,1.0,0.0,2,2,0,0,0,0,1,1,0,1,0,1,5,1,1,21,6,8,1,0,0,2,1,0,4,8,5,3,3
2019.0,30.0,0.0,0.0,3,6,0,0,0,0,1,9,1,1,0,1,9,1,1,21,6,8,1,0,0,2,2,0,10,7,5,8,3
2019.0,50.0,0.0,0.0,3,10,0,0,0,0,1,5,1,1,0,1,5,1,1,23,6,8,1,0,0,2,2,0,10,9,5,3,2
2019.0,-602.0,0.0,0.0,3,11,3,0,0,0,0,3,1,1,0,1,1,1,1,7,0,8,0,1,0,1,2,0,6,4,5,3,9
2019.0,-126.0,0.0,0.0,3,6,3,0,0,0,1,2,1,1,0,1,2,1,1,8,0,8,0,1,0,1,1,0,6,7,5,3,3
2019.0,-65.0,0.0,0.0,3,6,3,0,0,0,2,2,1,1,0,0,2,1,1,10,0,8,0,0,0,0,1,0,10,5,5,8,3
2019.0,-69.0,2.0,0.0,1,4,3,0,0,0,1,5,1,1,0,0,2,1,1,12,0,8,0,0,0,1,1,0,10,2,7,0,9
2019.0,-647.0,2.0,0.0,3,2,3,0,0,0,1,5,1,1,0,1,1,1,1,13,0,8,0,0,0,2,1,0,0,2,5,3,9
2019.0,-391.0,2.0,0.0,3,9,3,0,0,0,1,2,1,1,0,0,2,1,1,15,0,8,0,0,0,1,1,0,10,9,5,2,2
2019.0,-30.0,0.0,0.0,3,6,5,4,0,0,2,1,1,1,0,1,1,1,1,15,0,8,0,0,0,0,1,0,10,7,5,8,3
2019.0,0.0,0.0,0.0,3,2,3,1,0,0,1,9,1,1,0,1,2,1,1,18,0,8,0,1,0,1,2,0,4,2,5,3,3
2019.0,-100.0,0.0,0.0,3,2,3,1,0,0,0,9,1,1,0,0,2,1,1,6,1,8,0,0,0,0,0,0,10,2,5,3,5
2019.0,0.0,0.0,0.0,3,4,5,4,0,0,1,9,1,1,0,0,2,1,1,8,1,8,0,1,0,0,2,0,5,2,5,3,9
2019.0,85.0,0.0,0.0,3,6,3,1,0,0,1,9,1,1,0,1,9,1,1,12,1,8,0,0,0,1,0,0,6,7,5,3,8
2019.0,-149.0,0.0,0.0,3,10,3,0,0,0,0,2,1,1,0,0,2,1,1,13,1,8,0,0,0,2,1,0,10,9,5,3,2
2019.0,-140.0,0.0,0.0,3,10,3,0,0,0,2,1,1,1,0,1,1,1,1,13,1,8,0,0,0,0,1,0,10,9,5,8,9
2019.0,0.0,0.0,0.0,3,4,3,0,0,0,1,2,1,1,0,1,2,1,1,14,1,8,0,0,0,2,1,0,4,9,5,9,9
2019.0,290.0,2.0,0.0,2,4,3,0,0,0,1,1,1,1,0,1,9,1,1,16,1,8,0,1,0,0,0,0,0,2,5,3,9
2019.0,55.0,0.0,0.0,3,10,3,0,0,0,0,2,1,1,0,0,2,1,1,16,1,8,0,1,0,1,1,0,5,9,5,3,2
2019.0,0.0,2.0,0.0,2,4,3,0,0,0,0,9,1,1,0,1,1,1,1,16,1,8,0,1,0,1,1,0,4,2,5,3,9
2019.0,-80.0,1.0,0.0,3,6,3,1,0,0,2,2,1,1,0,0,2,1,1,16,1,8,0,1,0,0,1,0,10,7,5,8,3
2019.0,30.0,1.0,0.0,2,6,3,0,0,0,1,9,1,1,0,0,9,1,1,17,1,8,0,1,0,0,1,0,10,8,5,8,3
2019.0,-150.0,0.0,0.0,3,6,3,0,0,0,0,2,1,1,0,0,2,1,1,17,1,8,0,1,0,2,0,0,10,8,5,8,3
2019.0,-675.0,0.0,0.0,3,6,3,0,0,0,0,8,1,1,0,0,1,1,1,17,1,8,0,1,0,1,1,0,6,8,5,3,3
2019.0,350.0,0.0,0.0,3,6,0,0,0,0,1,2,1,1,0,0,2,1,1,19,1,8,0,1,0,1,0,0,10,7,5,8,3
2019.0,40.0,0.0,0.0,3,10,3,0,0,0,1,1,1,1,0,0,1,1,1,7,2,8,0,1,0,2,1,0,10,9,5,3,3
2019.0,100.0,1.0,0.0,3,6,0,0,0,0,1,2,1,1,0,0,2,1,1,7,2,8,0,1,0,1,1,0,6,7,5,8,3
2019.0,-425.0,0.0,0.0,3,6,3,0,0,0,0,1,1,1,0,0,1,1,1,7,2,8,0,1,0,1,1,0,6,8,5,8,3
2019.0,-227.0,1.0,0.0,3,4,3,0,0,0,1,1,1,1,0,0,9,1,1,7,2,8,0,1,0,2,1,0,6,9,5,3,9
2019.0,-124.0,0.0,0.0,3,10,3,0,0,0,1,5,1,1,0,0,5,1,1,9,2,8,0,1,0,2,1,0,6,9,5,3,2
2019.0,192.0,0.0,0.0,3,2,3,0,0,0,1,1,1,1,0,0,1,1,1,9,2,8,0,1,0,2,1,0,6,9,5,9,3
2019.0,30.0,0.0,0.0,3,6,3,0,0,0,1,5,1,1,0,0,5,1,1,14,2,8,0,0,0,2,1,0,10,8,5,8,3
2019.0,0.0,1.0,0.0,3,2,3,0,0,0,1,9,1,1,0,1,2,1,1,14,2,8,0,0,0,1,1,0,4,2,5,3,3
2019.0,-1750.0,0.0,0.0,3,10,3,0,0,0,0,9,1,1,0,0,9,1,1,14,2,8,0,0,0,2,1,0,6,9,5,3,2
2019.0,0.0,0.0,0.0,3,4,3,1,0,0,1,2,1,1,0,1,5,1,1,16,2,8,0,1,0,2,1,0,5,2,5,3,9
2019.0,0.0,1.0,0.0,2,2,0,0,0,0,0,2,1,1,0,1,9,1,1,20,2,8,0,0,0,1,1,0,4,2,5,3,9
2019.0,200.0,0.0,0.0,3,5,0,0,0,0,2,9,1,1,0,0,9,1,1,20,2,8,0,0,0,0,2,0,4,7,5,8,1
2019.0,0.0,0.0,0.0,3,4,0,0,0,0,1,1,1,1,0,0,2,1,1,23,2,8,0,0,0,2,1,0,5,2,5,3,9
2019.0,0.0,0.0,0.0,3,4,3,0,0,0,0,2,1,1,0,0,1,1,1,7,3,8,0,1,0,1,1,0,4,2,5,3,9
2019.0,-40.0,0.0,0.0,3,6,3,0,0,0,0,9,1,1,0,1,9,1,1,7,3,8,0,1,0,2,1,0,4,8,5,8,3
2019.0,677.0,2.0,0.0,3,4,3,0,0,0,0,1,1,1,0,0,9,1,1,8,3,8,0,1,0,1,0,0,6,2,5,3,9
2019.0,0.0,2.0,0.0,2,4,3,0,0,0,1,5,1,1,0,1,2,1,1,10,3,8,0,0,0,2,1,0,4,9,5,3,9
2019.0,15.0,0.0,0.0,3,6,3,0,0,0,1,9,1,1,0,0,9,1,1,11,3,8,0,0,0,2,1,0,10,8,5,8,3
2019.0,0.0,0.0,0.0,3,2,3,0,0,0,0,5,1,1,0,1,1,1,1,13,3,8,0,0,0,0,2,0,4,2,5,3,3
2019.0,520.0,1.0,0.0,3,2,3,0,0,0,0,5,1,1,0,1,1,1,1,13,3,8,0,0,0,1,0,0,0,2,5,3,9
2019.0,-220.0,1.0,0.0,2,2,3,0,0,0,1,2,1,1,0,0,1,1,1,14,3,8,0,0,0,1,0,0,6,2,5,3,1
2019.0,-440.0,1.0,0.0,2,4,3,0,0,0,0,5,1,1,0,1,1,1,1,15,3,8,0,0,0,1,1,0,6,4,5,3,8
2019.0,107.0,0.0,0.0,3,6,3,0,0,0,0,1,1,1,0,0,1,1,1,15,3,8,0,0,0,2,1,0,5,8,5,8,3
2019.0,-47.0,0.0,0.0,3,6,3,0,0,0,0,7,1,1,0,1,7,1,1,17,3,8,0,1,0,2,2,0,5,8,5,9,9
2019.0,0.0,0.0,0.0,3,4,3,0,0,0,0,9,1,1,0,0,5,1,1,17,3,8,0,1,0,2,1,0,4,5,5,9,3
2019.0,0.0,2.0,0.0,2,2,4,0,0,0,1,9,1,1,0,1,5,1,1,18,3,8,0,1,0,2,2,0,5,2,5,3,3
2019.0,-156.0,1.0,0.0,3,6,3,1,0,0,1,2,1,1,0,0,2,1,1,7,4,8,0,1,0,1,1,0,10,8,5,8,3
2019.0,-165.0,0.0,0.0,3,10,3,0,0,0,0,2,1,1,0,0,2,1,1,7,4,8,0,1,0,1,1,0,10,9,5,3,2
2019.0,237.0,0.0,0.0,3,4,3,0,0,0,1,9,1,1,0,1,5,1,1,10,4,8,0,0,0,1,1,0,0,2,5,2,9
2019.0,-41.0,1.0,0.0,2,4,3,0,0,0,1,9,1,1,3,1,1,1,1,12,4,8,0,0,0,1,1,0,10,2,5,7,9
2019.0,0.0,0.0,0.0,3,6,3,4,0,0,1,1,1,1,0,0,1,1,1,13,4,8,0,0,0,0,1,0,3,8,5,8,3
2019.0,75.0,0.0,0.0,3,6,3,0,0,0,1,5,1,1,0,1,5,1,1,14,4,8,0,0,0,2,1,0,10,7,5,8,3
2019.0,258.0,0.0,0.0,3,10,3,0,0,0,1,5,1,1,0,1,5,1,1,15,4,8,0,0,0,1,1,0,6,9,5,3,2
2019.0,335.0,0.0,0.0,3,4,3,0,0,0,1,1,1,1,0,1,9,1,1,15,4,8,0,0,0,1,2,0,6,2,5,3,9
2019.0,-1149.0,0.0,0.0,3,4,3,0,0,0,0,7,1,1,0,1,6,1,1,15,4,8,0,0,0,2,1,0,0,2,5,3,9
2019.0,154.0,2.0,0.0,2,6,3,0,0,0,0,1,1,1,0,0,1,1,1,16,4,8,0,1,0,1,1,0,10,8,5,8,3
2019.0,200.0,0.0,0.0,3,6,3,0,0,0,1,9,1,1,0,0,9,1,1,17,4,8,0,1,0,1,1,0,10,7,5,8,3
2019.0,-200.0,0.0,0.0,3,12,3,0,0,0,2,8,1,1,1,1,9,1,1,17,4,8,0,1,0,0,1,0,6,5,5,6,5
2019.0,0.0,0.0,0.0,3,2,3,0,0,0,2,1,1,1,0,1,1,1,1,17,4,8,0,1,0,0,1,0,4,5,5,3,9
2019.0,75.0,0.0,0.0,3,2,3,0,0,0,0,5,1,1,0,0,5,1,1,17,4,8,0,1,0,0,2,0,10,9,5,3,2
2019.0,0.0,0.0,0.0,3,2,4,0,0,0,0,1,1,1,0,1,2,1,1,19,4,8,0,1,0,1,2,0,5,5,5,5,5
2019.0,-25.0,0.0,0.0,3,10,0,0,0,0,1,2,1,1,0,0,2,1,1,22,4,8,0,0,0,1,2,0,6,9,5,3,2
2019.0,0.0,0.0,0.0,3,4,0,0,0,0,1,2,0,1,0,0,5,1,1,22,4,8,0,0,0,1,2,0,4,2,5,3,9
2019.0,-200.0,0.0,0.0,3,6,0,0,0,0,2,1,1,1,0,0,1,1,1,22,4,8,0,0,0,0,1,0,10,7,5,8,5
2019.0,-200.0,0.0,0.0,3,10,3,0,0,0,0,9,1,1,0,0,9,1,1,10,5,8,1,0,0,1,1,0,4,5,5,3,3
2019.0,0.0,0.0,0.0,3,4,3,0,0,0,0,9,1,1,0,1,1,1,1,10,5,8,1,0,0,1,1,0,4,4,5,3,9
2019.0,0.0,0.0,0.0,3,4,3,0,0,0,0,1,1,1,0,0,9,1,1,11,5,8,1,0,0,1,1,0,6,2,5,3,9
2019.0,30.0,0.0,0.0,3,6,3,0,0,0,1,5,1,1,0,1,5,1,1,12,5,8,1,0,0,1,0,0,10,7,5,8,3
2019.0,-20.0,0.0,0.0,3,5,3,0,0,0,0,5,1,1,0,0,5,1,1,12,5,8,1,0,0,0,1,0,6,5,5,3,1
2019.0,264.0,0.0,0.0,3,4,3,1,0,0,1,1,1,1,0,1,5,1,1,13,5,8,1,0,0,2,2,0,6,2,5,3,9
2019.0,100.0,0.0,0.0,3,5,3,0,0,0,2,2,1,1,0,1,1,1,1,14,5,8,1,0,0,0,1,0,6,7,5,8,9
2019.0,-96.0,1.0,0.0,3,2,3,0,0,0,0,7,1,1,0,1,9,1,1,15,5,8,1,0,0,0,1,0,6,2,5,3,9
2019.0,50.0,0.0,0.0,3,6,3,0,0,0,1,9,1,1,0,0,9,1,1,17,5,8,1,1,0,1,2,0,10,7,5,8,8
2019.0,-70.0,2.0,0.0,2,6,0,0,0,0,0,5,1,1,0,0,5,1,1,20,5,8,1,0,0,1,1,0,6,7,5,8,3
2019.0,0.0,0.0,0.0,3,6,3,0,0,0,1,9,1,1,0,1,9,1,1,10,6,8,1,0,0,2,0,0,5,8,5,9,9
2019.0,-80.0,0.0,0.0,3,6,5,4,0,0,0,5,1,1,0,1,9,1,1,11,6,8,1,0,0,1,1,0,6,2,5,3,1
2019.0,-35.0,0.0,0.0,3,6,3,0,0,0,1,2,1,1,0,1,2,1,1,16,6,8,1,1,0,1,0,0,10,7,5,8,3
2019.0,0.0,0.0,0.0,3,10,5,4,0,0,0,2,1,1,0,1,2,1,1,21,6,8,1,0,0,1,1,0,4,9,5,3,9
2019.0,10.0,3.0,0.0,2,6,0,0,0,0,0,2,1,1,0,1,2,1,1,23,6,8,1,0,0,1,2,0,10,7,5,8,3
2019.0,0.0,1.0,0.0,3,2,3,0,0,0,0,3,1,1,0,0,2,1,1,8,0,8,0,1,0,0,0,0,5,2,5,3,9
2019.0,0.0,1.0,0.0,2,6,3,0,0,0,0,9,1,1,0,0,9,1,1,8,0,8,0,1,0,1,1,0,10,8,5,8,3
2019.0,0.0,0.0,0.0,3,9,3,4,0,0,2,5,1,1,0,0,1,1,1,10,0,8,0,0,0,0,2,0,6,9,5,9,2
2019.0,0.0,2.0,0.0,3,2,3,0,0,0,1,1,1,1,0,1,5,1,1,12,0,8,0,0,0,1,1,0,5,2,5,3,9
2019.0,80.0,0.0,0.0,3,2,3,0,0,0,0,5,1,1,0,0,9,1,1,12,0,8,0,0,0,1,2,0,0,2,5,3,9
2019.0,0.0,0.0,0.0,3,10,3,0,0,0,2,9,1,1,0,1,9,1,1,14,0,8,0,0,0,0,0,0,4,9,5,3,9
2019.0,0.0,0.0,0.0,3,4,3,0,0,0,1,9,1,1,0,1,2,1,1,14,0,8,0,0,0,1,2,0,5,2,5,3,9
2019.0,-500.0,0.0,0.0,3,2,3,0,0,0,1,2,1,1,0,0,1,1,1,15,0,8,0,0,0,2,1,0,0,5,5,5,5
2019.0,300.0,2.0,0.0,3,2,3,0,0,0,0,3,1,1,0,0,5,1,1,15,0,8,0,0,0,2,1,0,6,2,5,3,9
2019.0,0.0,2.0,0.0,2,4,3,0,0,0,1,9,1,1,0,1,1,1,1,16,0,8,0,1,0,1,0,0,4,2,5,3,9
2019.0,0.0,1.0,0.0,2,4,3,0,0,0,0,4,1,1,0,0,5,1,1,17,0,8,0,1,0,1,1,0,4,2,5,3,9