Year,Distance,Totalinjuries,Totalfatalities,Injuryseverity,Collisionmanner,Lightcondition,Weather,SurfaceCondition,Unittype_One,Gender_Drv1,Traveldirection_One,AlcoholUse_Drv1,DrugUse_Drv1,Unittype_Two,Gender_Drv2,Traveldirection_Two,AlcoholUse_Drv2,DrugUse_Drv2,Hour,Weekday,Month,Weekend,Rush_Hour,Hazardous_Road,Age_Group_Drv1,Age_Group_Drv2,Substance_Use,Junction_Category,Violation_Category_Drv1,Violation_Category_Drv2,Unitaction_Category_Two,Unitaction_Category_One
2019.0,-200.0,3.0,0.0,3,2,3,0,0,0,0,7,1,1,0,1,2,1,1,17,0,8,0,1,0,1,2,0,6,2,5,3,9
2019.0,0.0,1.0,0.0,2,4,3,0,0,0,1,2,1,1,0,0,5,1,1,17,0,8,0,1,0,1,1,0,5,2,5,9,3
2019.0,0.0,2.0,0.0,3,4,3,0,0,0,1,2,1,1,0,1,5,1,1,18,0,8,0,1,0,1,1,0,4,2,5,3,9
2019.0,0.0,2.0,0.0,2,4,3,0,0,0,0,5,1,1,0,1,2,1,1,18,0,8,0,1,0,1,1,0,4,2,5,3,9
2019.0,0.0,2.0,0.0,3,4,0,0,0,0,0,5,1,1,0,0,2,1,1,19,0,8,0,1,0,2,1,0,4,2,5,3,9
2019.0,-0.15,0.0,0.0,3,6,0,0,0,0,0,9,1,1,0,1,9,1,1,22,0,8,0,0,0,2,2,0,10,7,5,8,3
2019.0,-163.0,0.0,0.0,3,6,3,0,0,0,0,1,1,1,0,0,1,1,1,7,1,8,0,1,0,1,2,0,6,8,5,8,3
2019.0,0.0,1.0,0.0,3,4,3,0,0,0,1,5,1,1,0,1,2,1,1,7,1,8,0,1,0,1,2,0,4,5,5,3,9
2019.0,0.0,0.0,0.0,3,4,3,0,0,0,1,3,1,1,0,0,9,1,1,7,1,8,0,1,0,2,2,0,4,2,5,3,9
2019.0,0.0,0.0,0.0,3,6,3,0,0,0,1,5,1,1,0,1,2,1,1,7,1,8,0,1,0,0,2,0,10,5,5,8,1
2019.0,30.0,0.0,0.0,3,6,3,0,0,0,0,9,1,1,0,0,9,1,1,8,1,8,0,1,0,1,1,0,10,7,5,8,8
2019.0,0.0,0.0,0.0,3,10,3,0,0,0,1,5,1,1,0,1,5,1,1,9,1,8,0,1,0,1,1,0,3,9,5,9,0
2019.0,-57.0,0.0,0.0,3,2,3,0,0,0,0,1,1,1,0,1,9,1,1,9,1,8,0,1,0,1,0,0,10,2,5,9,9
2019.0,44.0,0.0,0.0,3,10,3,0,0,0,0,2,1,1,0,0,2,1,1,11,1,8,0,0,0,0,2,0,10,5,5,9,9
2019.0,253.0,0.0,0.0,3,10,3,0,0,0,0,5,1,1,0,1,5,1,1,12,1,8,0,0,0,1,1,0,10,9,5,3,2
2019.0,0.0,0.0,0.0,3,10,3,0,0,0,0,1,1,1,0,1,1,1,1,12,1,8,0,0,0,1,1,0,10,9,5,3,2
2019.0,110.0,0.0,0.0,3,6,3,0,0,0,0,5,1,1,0,1,5,1,1,13,1,8,0,0,0,1,1,0,10,8,5,3,3
2019.0,-200.0,1.0,0.0,3,6,3,0,0,0,1,2,1,1,0,0,2,1,1,14,1,8,0,0,0,1,0,0,6,8,5,8,3
2019.0,0.0,0.0,0.0,3,4,3,0,0,0,1,2,1,1,0,1,5,1,1,15,1,8,0,0,0,2,0,0,4,2,5,3,9
2019.0,0.0,1.0,0.0,2,4,3,0,0,0,0,9,1,1,0,1,1,1,1,15,1,8,0,0,0,2,1,0,4,2,5,3,9
2019.0,0.0,0.0,0.0,3,4,3,0,0,0,1,9,1,1,0,1,1,1,1,16,1,8,0,1,0,1,1,0,5,2,5,3,9
2019.0,242.0,1.0,0.0,2,2,3,0,0,2,1,1,1,1,0,1,5,1,1,16,1,8,0,1,0,1,1,0,0,5,5,9,3
2019.0,65.0,0.0,0.0,3,6,3,0,0,0,1,9,1,1,0,0,9,1,1,16,1,8,0,1,0,1,2,0,6,8,5,8,3
2019.0,-49.0,0.0,0.0,3,6,3,0,0,0,1,5,1,1,0,0,9,1,1,18,1,8,0,1,0,1,2,0,10,2,5,3,9
2019.0,0.0,0.0,0.0,3,4,0,0,0,0,1,2,1,1,0,0,5,1,1,0,2,8,0,0,0,1,0,0,5,2,5,3,9
2019.0,-50.0,0.0,0.0,3,6,3,0,0,0,0,9,1,1,0,1,9,1,1,7,2,8,0,1,0,2,1,0,10,7,5,8,3
2019.0,-188.0,1.0,0.0,3,5,3,0,0,2,1,5,1,1,0,0,9,1,1,11,2,8,0,0,0,0,2,0,6,5,5,5,5
2019.0,-60.0,0.0,0.0,3,6,3,0,0,0,2,5,1,1,1,1,5,1,1,12,2,8,0,0,0,0,1,0,10,7,5,6,3
2019.0,25.0,0.0,0.0,3,10,3,0,0,0,1,5,1,1,0,1,5,1,1,13,2,8,0,0,0,1,1,0,6,5,5,8,9
2019.0,0.0,0.0,0.0,3,4,3,0,0,0,0,5,1,1,0,1,9,1,1,15,2,8,0,0,0,1,1,0,0,2,5,3,9
2019.0,0.0,0.0,0.0,3,10,3,0,0,0,1,9,1,1,0,0,9,1,1,16,2,8,0,1,0,0,2,0,5,4,5,3,9
2019.0,330.0,0.0,0.0,3,6,0,0,0,0,1,5,1,1,0,1,5,1,1,19,2,8,0,1,0,2,1,0,6,7,5,8,3
2019.0,859.0,0.0,0.0,3,11,3,0,0,0,1,5,1,1,0,1,2,1,1,10,3,8,0,0,0,1,1,0,6,2,5,3,9
2019.0,0.0,0.0,0.0,3,4,3,0,0,0,1,5,1,1,0,1,9,1,1,12,3,8,0,0,0,1,0,0,5,2,5,3,9
2019.0,-105.0,0.0,0.0,3,10,3,0,0,0,1,2,1,1,0,1,2,1,1,13,3,8,0,0,0,1,1,0,10,9,5,3,2
2019.0,616.0,0.0,0.0,3,4,3,0,0,0,1,5,1,1,0,1,9,1,1,15,3,8,0,0,0,1,1,0,0,2,5,3,9
2019.0,0.0,0.0,0.0,3,11,3,0,0,0,0,2,1,1,0,1,5,1,1,16,3,8,0,1,0,2,2,0,5,2,5,3,9
2019.0,-100.0,0.0,0.0,3,10,3,0,0,0,1,1,1,1,0,1,1,1,1,17,3,8,0,1,0,1,1,0,6,9,5,3,2
2019.0,360.0,1.0,0.0,3,6,3,0,0,0,1,5,1,1,0,0,5,1,1,17,3,8,0,1,0,1,1,0,10,8,5,8,3
2019.0,0.0,1.0,0.0,3,2,4,0,0,2,0,1,1,1,0,1,5,1,1,19,3,8,0,1,0,1,2,0,4,5,5,9,3
2019.0,-15.0,1.0,0.0,3,11,4,0,0,0,1,2,1,1,0,0,2,1,1,19,3,8,0,1,0,2,1,0,10,9,5,3,9
2019.0,50.0,0.0,0.0,3,6,0,0,0,0,1,5,1,1,0,1,5,1,1,19,3,8,0,1,0,1,2,0,10,7,5,8,3
2019.0,0.0,0.0,0.0,3,10,0,0,0,0,1,2,1,1,0,1,2,1,1,20,3,8,0,0,0,1,0,0,4,4,5,9,9
2019.0,0.0,0.0,0.0,3,4,0,0,0,0,2,6,1,1,0,0,6,1,1,21,3,8,0,0,0,0,1,0,4,4,5,9,9
2019.0,30.0,0.0,0.0,3,2,0,0,0,0,1,2,1,1,1,1,9,1,1,1,4,8,0,0,0,2,1,0,0,7,5,6,9
2019.0,0.0,0.0,0.0,3,4,3,0,0,0,0,1,1,1,0,1,9,1,1,7,4,8,0,1,0,1,1,0,5,2,5,3,9
2019.0,160.0,0.0,0.0,3,6,0,0,0,0,1,9,1,1,0,1,9,1,1,8,4,8,0,1,0,2,2,0,6,7,5,3,3
2019.0,0.0,2.0,0.0,2,2,3,0,0,0,0,1,1,1,0,0,5,1,1,9,4,8,0,1,0,1,2,0,6,2,5,3,3
2019.0,-127.0,1.0,0.0,2,6,3,0,0,0,0,2,1,1,0,0,2,1,1,12,4,8,0,0,0,0,1,0,6,8,5,3,3
2019.0,30.0,0.0,0.0,3,6,3,0,0,0,0,9,1,1,0,0,9,1,1,12,4,8,0,0,0,2,2,0,10,8,5,8,3
2019.0,100.0,0.0,0.0,3,6,3,0,0,0,1,9,1,1,0,0,9,1,1,13,4,8,0,0,0,1,1,0,10,7,5,8,3
2019.0,0.0,0.0,0.0,3,4,3,0,0,0,1,1,1,1,0,0,9,1,1,13,4,8,0,0,0,2,1,0,4,2,5,3,9
2019.0,30.0,0.0,0.0,3,10,3,0,0,0,1,9,1,1,0,1,9,1,1,13,4,8,0,0,0,1,1,0,10,9,5,8,3
2019.0,-422.0,1.0,0.0,2,12,3,0,0,0,0,1,1,1,0,0,5,1,1,14,4,8,0,0,0,2,0,0,0,2,5,3,9
2019.0,-932.0,2.0,0.0,2,4,3,0,0,0,1,5,1,1,0,1,9,1,1,14,4,8,0,0,0,1,0,0,0,2,5,3,9
2019.0,500.0,0.0,0.0,3,2,3,0,0,0,1,5,1,1,0,1,9,1,1,14,4,8,0,0,0,1,1,0,6,2,5,3,9
2019.0,0.0,0.0,0.0,3,10,3,0,0,0,0,2,1,1,0,1,2,1,1,16,4,8,0,1,0,0,1,0,5,5,5,9,9
2019.0,892.0,3.0,0.0,2,6,3,0,0,0,0,5,1,1,0,1,5,1,1,17,4,8,0,1,0,1,1,0,6,8,5,8,3
2019.0,89.0,0.0,0.0,3,6,3,0,0,0,1,5,1,1,0,1,5,1,1,17,4,8,0,1,0,2,1,0,6,8,5,8,3
2019.0,-100.0,0.0,0.0,3,6,3,0,0,0,0,2,1,1,0,0,2,1,1,18,4,8,0,1,0,2,1,0,5,7,5,8,3
2019.0,125.0,0.0,0.0,3,6,4,0,0,0,1,5,1,1,0,1,5,1,1,19,4,8,0,1,0,2,1,0,10,8,5,8,3
2019.0,0.0,1.0,0.0,3,5,4,0,0,2,1,2,1,1,0,0,5,1,1,19,4,8,0,1,0,2,1,0,4,5,5,9,3
2019.0,0.0,0.0,0.0,3,4,0,0,0,0,2,2,1,1,0,0,9,1,1,22,4,8,0,0,0,0,1,0,4,2,5,3,9
2019.0,0.17,1.0,0.0,1,6,3,0,0,0,1,1,1,1,0,1,1,1,1,10,5,8,1,0,0,1,1,0,6,5,5,3,3
2019.0,10.0,1.0,0.0,2,4,3,0,0,0,0,9,1,1,0,0,2,1,1,11,5,8,1,0,0,1,1,0,5,2,5,9,3
2019.0,-100.0,0.0,0.0,3,10,3,0,0,0,1,1,1,1,0,0,1,1,1,11,5,8,1,0,0,2,2,0,6,9,5,8,2
2019.0,453.0,4.0,0.0,2,6,3,0,0,0,0,2,1,1,0,1,2,1,1,14,5,8,1,0,0,2,1,0,6,8,5,8,3
2019.0,-60.0,0.0,0.0,3,6,3,0,0,0,1,2,1,1,0,1,2,1,1,14,5,8,1,0,0,1,1,0,6,7,5,8,3
2019.0,30.0,0.0,0.0,3,2,3,0,0,0,0,9,1,1,0,1,6,1,1,15,5,8,1,0,0,1,2,0,4,2,5,9,3
2019.0,0.0,0.0,0.0,3,2,3,0,0,0,1,2,1,1,0,1,9,1,1,16,5,8,1,1,0,1,2,0,4,5,2,3,3
2019.0,-0.12,0.0,0.0,3,11,3,0,0,0,0,9,1,1,0,1,1,1,1,16,5,8,1,1,0,2,1,0,6,2,5,3,9
2019.0,-0.19,0.0,0.0,3,6,3,0,0,0,1,5,1,1,0,1,5,1,1,17,5,8,1,1,0,2,2,0,6,7,5,8,3
2019.0,-160.0,0.0,0.0,3,6,3,0,0,0,0,1,1,1,0,0,1,1,1,17,5,8,1,1,0,2,2,0,5,7,5,8,8
2019.0,0.0,2.0,0.0,1,2,0,0,0,0,1,1,0,1,0,1,2,1,1,23,5,8,1,0,0,2,1,0,2,2,5,3,3
2019.0,30.0,0.0,0.0,3,6,3,1,0,0,1,5,1,1,0,1,5,1,1,10,6,8,1,0,0,1,1,0,10,8,5,8,3
2019.0,-250.0,0.0,0.0,3,12,3,0,0,0,2,9,1,1,1,1,9,1,1,10,6,8,1,0,0,0,1,0,6,5,5,6,5
2019.0,-50.0,0.0,0.0,3,6,3,0,0,0,1,1,1,1,0,0,1,1,1,12,6,8,1,0,0,0,1,0,10,7,5,8,3
2019.0,-30.0,1.0,0.0,3,6,3,0,0,0,1,5,1,1,0,1,5,1,1,13,6,8,1,0,0,1,1,0,4,8,5,8,3
2019.0,-70.0,0.0,0.0,3,6,3,0,0,0,1,9,1,1,0,1,9,1,1,16,6,8,1,1,0,2,2,0,6,7,5,8,3
2019.0,-500.0,1.0,0.0,2,5,3,0,0,0,0,9,1,1,0,1,1,1,1,17,6,8,1,1,0,1,1,0,6,5,5,8,3
2019.0,-400.0,6.0,0.0,3,4,3,0,0,0,0,6,1,1,0,0,9,1,1,18,6,8,1,1,0,1,1,0,0,2,5,3,9
2019.0,0.0,1.0,0.0,3,2,3,0,0,0,1,9,1,1,0,1,2,1,1,6,0,8,0,0,0,1,1,0,4,2,5,3,3
2019.0,60.0,0.0,0.0,3,10,3,0,0,0,0,5,1,1,0,0,5,1,1,7,0,8,0,1,0,1,1,0,10,9,5,3,2
2019.0,-30.0,0.0,0.0,3,10,3,0,0,0,1,2,1,1,0,1,2,1,1,9,0,8,0,1,0,2,1,0,10,9,5,8,2
2019.0,311.0,0.0,0.0,3,4,3,0,0,0,0,1,0,1,0,0,2,1,1,10,0,8,0,0,0,1,1,0,0,2,5,3,9
2019.0,213.0,2.0,0.0,3,4,3,0,0,0,0,7,1,1,0,0,1,1,1,11,0,8,0,0,0,1,2,0,6,2,5,3,9
2019.0,0.0,0.0,0.0,3,4,3,0,0,0,1,5,1,1,0,0,2,1,1,13,0,8,0,0,0,1,1,0,5,2,5,9,3
2019.0,180.0,0.0,0.0,3,4,3,0,0,0,1,1,1,1,0,1,5,1,1,13,0,8,0,0,0,2,1,0,0,2,5,3,9
2019.0,100.0,1.0,0.0,2,10,3,0,0,0,1,5,1,1,0,1,5,1,1,13,0,8,0,0,0,2,1,0,6,9,5,3,2
2019.0,-400.0,0.0,0.0,3,10,2,0,0,0,0,9,1,1,0,1,9,1,1,14,0,8,0,0,0,0,2,0,6,9,5,3,2
2019.0,200.0,0.0,0.0,3,10,3,0,0,0,1,5,1,1,0,0,5,1,1,14,0,8,0,0,0,1,2,0,6,9,5,3,2
2019.0,430.0,2.0,0.0,3,4,3,0,0,0,0,1,1,1,0,1,5,1,1,15,0,8,0,0,0,1,2,0,0,2,5,3,9
2019.0,25.0,0.0,0.0,3,2,3,0,0,0,0,3,1,1,0,1,1,1,1,15,0,8,0,0,0,1,2,0,10,4,5,3,9
2019.0,60.0,0.0,0.0,3,6,3,0,0,0,0,9,1,1,0,1,9,1,1,16,0,8,0,1,0,2,2,0,10,8,5,8,3
2019.0,-15.0,1.0,0.0,3,11,3,0,0,0,1,9,1,1,0,0,2,1,1,17,0,8,0,1,0,2,1,0,10,4,5,9,9
2019.0,-25.0,1.0,0.0,3,6,3,0,0,0,0,1,1,1,0,0,1,1,1,18,0,8,0,1,0,1,1,0,10,7,5,3,3
2019.0,0.0,0.0,0.0,3,4,3,0,0,0,0,9,1,1,0,1,4,1,1,18,0,8,0,1,0,2,1,0,5,2,5,9,3
2019.0,0.0,0.0,0.0,3,3,3,0,0,0,1,2,1,1,0,1,5,1,1,18,0,8,0,1,0,0,1,0,5,5,5,9,3
2019.0,-250.0,2.0,0.0,1,6,0,0,0,0,1,1,1,1,0,1,1,1,1,19,0,8,0,1,0,1,1,0,10,8,5,8,3
2019.0,-222.0,2.0,0.0,3,6,3,0,0,0,1,1,1,1,0,0,1,1,1,7,1,8,0,1,0,1,1,0,6,8,5,8,3
2019.0,80.0,0.0,0.0,3,10,3,0,0,0,0,9,1,1,0,1,9,1,1,11,1,8,0,0,0,2,1,0,10,9,5,3,2
2019.0,-225.0,0.0,0.0,3,6,3,0,0,0,0,2,0,1,0,0,2,1,1,12,1,8,0,0,0,1,1,0,10,7,5,8,3
2019.0,0.0,2.0,0.0,2,4,3,0,0,0,1,9,1,1,0,0,1,1,1,12,1,8,0,0,0,0,2,0,4,2,5,9,3
2019.0,0.0,0.0,0.0,3,4,3,0,0,0,1,1,1,1,0,0,9,1,1,12,1,8,0,0,0,1,1,0,4,2,5,3,9
2019.0,25.0,1.0,0.0,3,6,3,0,0,0,0,9,1,1,0,0,9,1,1,13,1,8,0,0,0,2,0,0,10,8,5,8,3
2019.0,430.0,0.0,0.0,3,6,3,0,0,0,1,1,1,1,0,0,1,1,1,13,1,8,0,0,0,1,1,0,0,8,5,8,3
2019.0,80.0,0.0,0.0,3,10,3,0,0,0,1,5,1,1,0,1,5,1,1,15,1,8,0,0,0,1,0,0,10,9,5,3,3
2019.0,368.0,0.0,0.0,3,10,3,0,0,0,0,5,1,1,0,1,5,1,1,15,1,8,0,0,0,2,2,0,6,9,5,3,2
2019.0,500.0,0.0,0.0,3,6,3,0,0,0,0,9,1,1,0,0,9,1,1,16,1,8,0,1,0,2,1,0,6,8,5,8,3
2019.0,-150.0,1.0,0.0,3,6,3,0,0,0,2,5,1,1,0,0,5,1,1,16,1,8,0,1,0,0,1,0,5,5,5,3,3
2019.0,-356.0,1.0,0.0,2,4,3,0,0,0,0,9,1,1,0,0,2,1,1,17,1,8,0,1,0,2,1,0,0,2,5,3,9
2019.0,139.0,0.0,0.0,3,5,3,0,0,0,1,9,1,1,0,1,9,1,1,17,1,8,0,1,0,1,1,0,10,5,5,8,1
2019.0,350.0,0.0,0.0,3,6,3,0,0,0,1,5,1,1,0,1,5,1,1,18,1,8,0,1,0,2,1,0,6,8,5,8,3
2019.0,220.0,0.0,0.0,3,2,3,0,0,0,1,5,1,1,0,1,5,1,1,7,2,8,0,1,0,1,1,0,0,5,5,3,9
2019.0,0.0,1.0,0.0,3,4,3,0,0,0,1,2,1,1,0,0,1,1,1,7,2,8,0,1,0,1,1,0,5,2,5,3,9
2019.0,206.0,1.0,0.0,3,2,3,0,0,0,0,9,1,1,2,0,5,1,1,7,2,8,0,1,0,1,2,0,0,2,5,3,9
2019.0,-25.0,0.0,0.0,3,10,3,0,0,0,2,1,1,1,0,0,1,1,1,8,2,8,0,1,0,0,1,0,10,9,5,3,3
2019.0,50.0,0.0,0.0,3,4,3,0,0,0,0,2,1,1,0,0,1,1,1,8,2,8,0,1,0,1,0,0,0,2,5,3,9
2019.0,-20.0,2.0,0.0,3,4,3,0,0,0,1,1,1,1,0,0,9,1,1,8,2,8,0,1,0,1,1,0,5,2,5,9,3
2019.0,150.0,0.0,0.0,3,6,3,0,0,0,1,9,1,1,0,0,9,1,1,8,2,8,0,1,0,1,1,0,6,5,5,5,3
2019.0,323.0,0.0,0.0,3,4,3,0,0,0,0,1,1,1,0,1,9,1,1,8,2,8,0,1,0,1,1,0,6,2,5,3,9
2019.0,620.0,0.0,0.0,3,4,3,0,0,0,2,5,1,1,0,0,9,1,1,8,2,8,0,1,0,0,1,0,6,2,5,3,9
2019.0,-40.0,2.0,0.0,2,6,3,0,0,0,0,1,1,1,0,1,1,1,1,12,2,8,0,0,0,1,1,0,6,8,5,8,3
2019.0,381.0,2.0,0.0,2,2,3,0,0,0,1,1,1,1,0,0,9,1,1,12,2,8,0,0,0,0,2,0,0,2,5,3,9
2019.0,-40.0,0.0,0.0,3,6,3,0,0,0,0,1,1,1,0,0,1,1,1,13,2,8,0,0,0,1,1,0,10,8,5,8,3
2019.0,30.0,1.0,0.0,3,6,3,0,0,0,0,9,1,1,0,0,9,1,1,13,2,8,0,0,0,2,1,0,6,8,5,8,3
2019.0,-290.0,0.0,0.0,3,4,3,0,0,0,1,2,1,1,0,1,5,1,1,15,2,8,0,0,0,2,2,0,6,2,5,3,9
2019.0,675.0,1.0,0.0,3,6,3,0,0,0,0,5,1,1,0,0,5,1,1,16,2,8,0,1,0,2,1,0,10,8,5,8,3
2019.0,54.0,1.0,0.0,2,10,3,0,0,0,1,2,1,1,0,1,2,1,1,16,2,8,0,1,0,1,1,0,10,9,5,3,2
2019.0,41.0,0.0,0.0,3,2,3,0,0,0,1,2,1,1,0,1,5,1,1,16,2,8,0,1,0,1,2,0,0,2,5,3,9
2019.0,-150.0,0.0,0.0,3,2,3,0,0,0,0,2,1,1,0,0,2,1,1,16,2,8,0,1,0,1,1,0,10,9,5,3,2
2019.0,0.0,0.0,0.0,3,4,3,0,0,0,0,2,1,1,0,1,5,1,1,17,2,8,0,1,0,2,2,0,5,2,5,3,9
2019.0,707.0,1.0,0.0,3,6,3,0,0,0,1,1,1,1,0,1,1,1,1,17,2,8,0,1,0,2,1,0,6,8,5,8,3
2019.0,0.0,4.0,0.0,2,4,3,0,0,0,0,2,1,1,0,1,5,1,1,17,2,8,0,1,0,2,2,0,5,2,5,3,9
2019.0,0.0,3.0,0.0,2,4,3,0,0,0,1,2,1,1,0,1,5,1,1,17,2,8,0,1,0,2,2,0,4,2,5,3,9
2019.0,732.0,0.0,0.0,3,4,3,0,0,0,0,5,1,1,0,1,9,1,1,18,2,8,0,1,0,1,2,0,6,2,5,3,9
2019.0,0.0,0.0,0.0,3,4,4,0,0,0,1,9,1,1,0,1,1,1,1,18,2,8,0,1,0,1,1,0,5,5,5,3,9
2019.0,150.0,0.0,0.0,3,6,3,0,0,0,0,9,1,1,0,0,9,1,1,7,3,8,0,1,0,2,1,0,10,8,5,8,3
2019.0,0.0,0.0,0.0,3,2,3,0,0,0,0,6,1,1,0,1,5,1,1,8,3,8,0,1,0,1,2,0,4,4,5,3,9
2019.0,-55.0,0.0,0.0,3,4,3,0,0,0,1,2,1,1,0,1,5,1,1,8,3,8,0,1,0,2,1,0,6,2,5,3,9
2019.0,-600.0,0.0,0.0,3,6,3,0,0,0,0,9,1,1,0,0,9,1,1,8,3,8,0,1,0,1,0,0,6,8,5,8,3
2019.0,615.0,0.0,0.0,3,2,3,0,0,0,2,1,1,1,0,1,5,1,1,8,3,8,0,1,0,0,1,0,6,2,5,3,5
2019.0,-85.0,1.0,0.0,3,6,3,0,0,0,0,2,0,1,0,1,2,1,1,10,3,8,0,0,0,1,0,0,10,8,5,8,3
2019.0,100.0,1.0,0.0,3,10,3,0,3,0,0,9,0,1,0,1,9,1,1,10,3,8,0,0,0,1,0,0,6,5,5,8,2
2019.0,120.0,1.0,0.0,3,6,3,0,0,0,1,2,1,1,0,0,2,1,1,10,3,8,0,0,0,2,2,0,10,8,5,8,3
2019.0,-226.0,1.0,0.0,2,6,3,0,0,0,1,2,1,1,0,0,2,1,1,10,3,8,0,0,0,2,2,0,10,8,5,8,3
2019.0,0.0,0.0,0.0,3,10,3,0,0,0,1,4,1,1,0,0,4,1,1,12,3,8,0,0,0,1,1,0,4,9,5,9,9
2019.0,30.0,0.0,0.0,3,4,3,0,0,0,1,5,1,1,0,1,1,1,1,12,3,8,0,0,0,1,0,0,5,2,5,3,9
2019.0,0.0,0.0,0.0,3,4,3,0,0,0,0,5,1,1,0,1,2,1,1,13,3,8,0,0,0,1,0,0,4,2,5,3,9
2019.0,500.0,0.0,0.0,3,10,3,0,0,0,2,1,1,1,0,1,1,1,1,13,3,8,0,0,0,0,1,0,6,9,5,3,2
2019.0,0.0,0.0,0.0,3,2,3,0,0,0,1,5,1,1,0,1,9,1,1,14,3,8,0,0,0,1,0,0,4,2,5,2,9
2019.0,0.0,0.0,0.0,3,4,3,0,0,0,0,1,1,1,0,1,9,1,1,14,3,8,0,0,0,1,1,0,4,2,5,9,3
2019.0,-250.0,0.0,0.0,3,3,3,0,0,0,1,2,1,1,0,0,5,1,1,16,3,8,0,1,0,1,0,0,6,5,5,9,9
2019.0,-240.0,0.0,0.0,3,4,3,0,0,0,0,9,1,1,0,0,2,1,1,16,3,8,0,1,0,2,0,0,10,2,5,3,9
2019.0,-600.0,0.0,0.0,3,6,3,0,0,0,1,1,1,1,0,1,1,1,1,16,3,8,0,1,0,1,1,0,6,7,5,8,3
2019.0,300.0,1.0,0.0,2,2,3,0,0,2,1,1,1,1,0,0,5,1,1,16,3,8,0,1,0,2,1,0,0,5,5,9,3
2019.0,513.0,0.0,0.0,3,10,3,0,0,0,1,1,1,1,0,0,1,1,1,17,3,8,0,1,0,2,1,0,0,9,5,3,2
2019.0,-50.0,0.0,0.0,3,6,3,0,0,0,1,2,1,1,0,0,2,1,1,17,3,8,0,1,0,1,1,0,10,8,5,8,3
2019.0,0.0,0.0,0.0,3,4,3,0,0,0,0,2,1,1,0,0,5,1,1,17,3,8,0,1,0,0,1,0,4,2,5,3,9
2019.0,345.0,0.0,0.0,3,2,3,0,0,0,1,5,1,1,0,1,9,1,1,17,3,8,0,1,0,1,1,0,0,2,5,3,9
2019.0,0.0,0.0,0.0,3,4,3,0,0,0,1,2,1,1,0,1,2,1,1,20,3,8,0,0,0,1,1,0,10,4,5,9,9
2019.0,0.0,0.0,0.0,3,6,0,0,0,0,1,9,1,1,0,1,9,1,1,3,4,8,0,0,0,0,1,0,4,8,5,3,3
2019.0,0.0,0.0,0.0,3,4,2,0,0,0,1,1,1,1,0,1,9,1,1,5,4,8,0,0,0,1,1,0,5,2,5,3,9
2019.0,0.0,0.0,0.0,3,10,3,0,0,0,1,9,1,1,0,1,9,1,1,5,4,8,0,0,0,1,1,0,5,9,5,3,3
2019.0,-0.15,0.0,0.0,3,4,3,0,0,0,0,6,1,1,0,0,1,1,1,6,4,8,0,0,0,1,2,0,6,9,5,3,9
2019.0,0.0,0.0,0.0,3,4,3,0,0,0,0,1,1,1,0,1,9,1,1,7,4,8,0,1,0,1,1,0,5,2,5,3,9
2019.0,30.0,3.0,0.0,3,3,3,0,0,0,1,1,0,1,0,0,5,1,1,7,4,8,0,1,0,0,1,0,10,2,5,3,3
2019.0,0.19,1.0,0.0,3,6,3,0,0,0,1,9,1,1,0,1,9,1,1,8,4,8,0,1,0,1,2,0,6,8,5,8,3
2019.0,0.0,2.0,0.0,2,4,3,0,0,0,0,1,1,1,0,0,9,1,1,11,4,8,0,0,0,0,2,0,0,2,5,3,9
2019.0,0.0,0.0,0.0,3,4,3,0,0,0,0,1,1,1,0,1,9,1,1,13,4,8,0,0,0,1,1,0,4,5,5,3,9
2019.0,0.0,0.0,0.0,3,4,3,0,0,0,1,2,1,1,0,0,1,1,1,14,4,8,0,0,0,2,1,0,4,2,5,9,3
2019.0,-85.0,1.0,0.0,2,6,3,0,0,0,0,2,1,1,0,1,2,1,1,14,4,8,0,0,0,1,1,0,10,8,5,8,3
2019.0,215.0,1.0,0.0,3,2,3,0,3,3,1,1,1,1,0,0,5,1,1,14,4,8,0,0,0,0,2,0,6,5,5,9,5
2019.0,0.0,1.0,0.0,2,2,3,0,0,0,1,1,1,1,0,1,2,1,1,14,4,8,0,0,0,1,1,0,4,2,5,9,3
2019.0,521.0,0.0,0.0,3,10,3,0,0,0,0,5,1,1,0,0,5,1,1,14,4,8,0,0,0,0,1,0,6,9,5,3,3
2019.0,25.0,0.0,0.0,3,3,3,0,0,0,1,1,1,1,0,0,9,1,1,15,4,8,0,0,0,2,1,0,10,7,5,8,9
2019.0,15.0,1.0,0.0,3,2,3,0,0,2,1,1,1,1,0,1,5,1,1,15,4,8,0,0,0,1,1,0,10,2,5,9,3
2019.0,40.0,5.0,0.0,2,9,3,0,0,0,1,1,1,1,0,0,1,1,1,16,4,8,0,1,0,2,2,0,10,7,5,8,3
2019.0,50.0,1.0,0.0,2,6,3,0,0,0,1,5,1,1,0,0,5,1,1,17,4,8,0,1,0,1,1,0,10,8,5,8,3
2019.0,-123.0,0.0,0.0,3,6,3,0,0,0,0,1,1,1,0,0,1,1,1,17,4,8,0,1,0,1,1,0,10,8,5,8,3
2019.0,0.0,0.0,0.0,3,6,0,0,0,0,1,9,1,1,0,1,9,1,1,20,4,8,0,0,0,2,2,0,6,7,5,3,3
2019.0,-100.0,3.0,0.0,3,2,0,0,0,0,0,2,1,1,0,1,5,1,1,21,4,8,0,0,0,1,0,0,6,9,5,3,9
2019.0,60.0,0.0,0.0,3,2,0,0,0,0,0,1,1,1,0,1,2,1,1,23,4,8,0,0,0,2,1,0,10,2,5,3,3