Year,Distance,Totalinjuries,Totalfatalities,Injuryseverity,Collisionmanner,Lightcondition,Weather,SurfaceCondition,Unittype_One,Gender_Drv1,Traveldirection_One,AlcoholUse_Drv1,DrugUse_Drv1,Unittype_Two,Gender_Drv2,Traveldirection_Two,AlcoholUse_Drv2,DrugUse_Drv2,Hour,Weekday,Month,Weekend,Rush_Hour,Hazardous_Road,Age_Group_Drv1,Age_Group_Drv2,Substance_Use,Junction_Category,Violation_Category_Drv1,Violation_Category_Drv2,Unitaction_Category_Two,Unitaction_Category_One
2019.0,-15.0,1.0,0.0,2,6,0,0,0,0,1,2,1,1,0,1,2,1,1,1,5,8,1,0,0,2,2,0,10,7,5,9,3
2019.0,-30.0,0.0,0.0,3,4,0,0,0,0,2,8,1,1,1,1,2,1,1,2,5,8,1,0,0,0,1,0,10,9,5,6,3
2019.0,80.0,1.0,0.0,3,5,3,0,0,0,2,1,1,1,2,1,1,1,1,7,5,8,1,1,0,0,0,0,6,5,5,3,3
2019.0,172.0,0.0,0.0,3,5,3,0,0,0,1,1,1,1,0,0,1,1,1,16,5,8,1,1,0,1,1,0,6,5,5,8,1
2019.0,0.0,1.0,0.0,2,4,3,0,0,0,0,5,1,1,0,0,1,1,1,17,5,8,1,1,0,1,1,0,4,5,5,3,9
2019.0,75.0,0.0,0.0,3,6,4,0,0,0,1,9,1,1,0,0,9,1,1,18,5,8,1,1,0,0,1,0,10,8,5,3,8
2019.0,0.0,0.0,0.0,3,10,3,0,0,0,0,2,1,1,0,1,2,1,1,9,6,8,1,1,0,1,1,0,4,5,5,9,9
2019.0,0.0,5.0,0.0,2,4,3,0,0,0,0,9,1,1,0,0,1,1,1,11,6,8,1,0,0,1,1,0,4,2,5,3,9
2019.0,160.0,3.0,0.0,2,2,3,0,0,0,1,5,1,1,0,1,9,1,1,12,6,8,1,0,0,2,2,0,0,2,5,3,9
2019.0,25.0,0.0,0.0,3,6,5,4,0,0,1,9,1,1,0,1,9,1,1,13,6,8,1,0,0,2,1,0,10,7,5,8,3
2019.0,200.0,1.0,0.0,2,4,3,0,0,0,2,3,1,1,0,1,5,1,1,14,6,8,1,0,0,0,1,0,6,2,5,3,9
2019.0,-100.0,0.0,0.0,3,9,3,0,0,0,2,9,1,1,0,1,1,1,1,17,6,8,1,1,0,0,1,0,10,4,5,3,9
2019.0,0.0,0.0,0.0,3,4,4,0,0,0,0,1,1,1,0,0,9,1,1,18,6,8,1,1,0,1,2,0,4,2,5,3,9
2019.0,0.0,1.0,0.0,3,6,0,0,0,0,0,9,1,1,0,1,1,1,1,19,6,8,1,1,0,1,1,0,4,2,5,9,3
2019.0,-150.0,0.0,0.0,3,2,0,0,0,0,1,2,1,1,0,0,2,1,1,21,6,8,1,0,0,2,2,0,0,4,5,3,9
2019.0,0.0,0.0,0.0,3,4,0,0,0,0,1,5,1,1,0,0,2,1,1,21,6,8,1,0,0,2,1,0,4,5,5,3,9
2019.0,0.0,1.0,0.0,3,4,0,0,0,0,1,5,1,1,0,1,1,1,1,23,6,8,1,0,0,1,2,0,4,5,5,3,9
2019.0,-45.0,2.0,0.0,2,6,3,0,0,0,0,9,1,1,0,0,9,1,1,7,0,8,0,1,0,0,1,0,10,7,5,8,3
2019.0,-0.25,0.0,0.0,3,6,3,0,0,0,1,9,1,1,0,0,9,1,1,7,0,8,0,1,0,1,1,0,6,5,5,5,5
2019.0,570.0,2.0,0.0,3,2,3,0,0,0,1,1,1,1,0,1,5,1,1,9,0,8,0,1,0,0,1,0,0,2,5,3,9
2019.0,0.0,0.0,0.0,3,6,3,0,0,0,0,2,1,1,0,1,2,1,1,11,0,8,0,0,0,1,1,0,4,7,5,3,3
2019.0,-224.0,1.0,0.0,3,2,3,0,0,0,0,1,1,1,0,0,9,1,1,14,0,8,0,0,0,1,0,0,6,5,5,8,3
2019.0,25.0,0.0,0.0,3,10,3,0,0,0,1,5,1,1,0,1,5,1,1,14,0,8,0,0,0,1,1,0,10,9,5,3,2
2019.0,0.0,0.0,0.0,3,2,3,0,0,0,0,4,1,1,0,0,5,1,1,15,0,8,0,0,0,1,1,0,5,2,5,3,9
2019.0,15.0,0.0,0.0,3,6,3,0,0,0,0,9,1,1,0,1,9,1,1,15,0,8,0,0,0,1,2,0,10,8,5,8,3
2019.0,410.0,0.0,0.0,3,10,3,0,0,0,0,9,1,1,0,1,9,1,1,16,0,8,0,1,0,2,2,0,6,9,5,3,2
2019.0,100.0,0.0,0.0,3,6,3,0,0,0,0,1,1,1,0,0,1,1,1,17,0,8,0,1,0,1,1,0,10,7,5,8,3
2019.0,400.0,0.0,0.0,3,6,3,0,0,0,0,5,1,1,0,0,5,1,1,17,0,8,0,1,0,2,2,0,6,7,5,8,3
2019.0,170.0,0.0,0.0,3,6,3,0,0,0,0,1,1,1,0,0,1,1,1,17,0,8,0,1,0,2,2,0,6,8,5,8,8
2019.0,400.0,0.0,0.0,3,6,3,0,0,0,0,1,1,1,0,1,1,1,1,17,0,8,0,1,0,2,1,0,6,7,5,3,3
2019.0,0.0,0.0,0.0,3,10,0,0,0,0,1,5,1,1,0,0,5,1,1,20,0,8,0,0,0,1,2,0,6,9,5,3,2
2019.0,0.0,0.0,0.0,3,6,0,0,0,0,1,1,1,1,0,0,1,1,1,20,0,8,0,0,0,2,1,0,6,7,5,8,3
2019.0,25.0,0.0,0.0,3,6,0,0,0,0,0,5,1,1,0,0,5,1,1,21,0,8,0,0,0,1,1,0,10,7,5,8,3
2019.0,-50.0,0.0,0.0,3,6,0,0,0,0,1,5,1,1,0,0,5,1,1,21,0,8,0,0,0,2,2,0,0,7,5,8,3
2019.0,-200.0,0.0,0.0,3,6,3,0,0,0,2,1,1,1,0,0,1,1,1,7,1,8,0,1,0,0,1,0,10,7,5,3,3
2019.0,-200.0,0.0,0.0,3,10,3,0,0,0,0,1,1,1,0,0,1,1,1,7,1,8,0,1,0,1,2,0,10,2,5,3,6
2019.0,-0.29,1.0,0.0,2,6,3,0,0,0,0,9,1,1,0,1,9,1,1,8,1,8,0,1,0,2,2,0,6,8,5,8,3
2019.0,0.0,0.0,0.0,3,10,3,0,0,0,1,5,1,1,0,0,5,1,1,8,1,8,0,1,0,1,2,0,4,4,5,9,9
2019.0,123.0,2.0,0.0,3,6,3,0,0,0,0,2,1,1,0,0,2,1,1,8,1,8,0,1,0,2,1,0,6,7,5,8,3
2019.0,-210.0,0.0,0.0,3,10,3,0,0,0,1,2,1,1,0,1,2,1,1,12,1,8,0,0,0,2,1,0,10,9,5,8,3
2019.0,-15.0,1.0,0.0,3,6,3,0,0,0,1,1,1,1,0,0,1,1,1,15,1,8,0,0,0,0,1,0,10,8,5,8,9
2019.0,170.0,0.0,0.0,3,4,3,0,0,0,0,1,1,1,0,0,5,1,1,15,1,8,0,0,0,2,2,0,10,2,5,3,9
2019.0,0.0,1.0,0.0,3,2,3,0,0,0,1,9,1,1,0,0,9,1,1,16,1,8,0,1,0,1,1,0,5,9,5,3,9
2019.0,303.0,1.0,0.0,2,6,3,0,0,0,1,1,1,1,0,1,1,1,1,17,1,8,0,1,0,1,1,0,6,8,5,8,3
2019.0,0.0,1.0,0.0,3,10,3,0,0,0,2,9,1,1,0,0,9,1,1,17,1,8,0,1,0,0,0,0,6,5,5,3,3
2019.0,-150.0,1.0,0.0,2,4,3,0,0,0,0,2,1,1,0,0,1,1,1,17,1,8,0,1,0,1,1,0,6,2,5,3,9
2019.0,-310.0,0.0,0.0,3,2,3,0,0,0,0,2,1,1,0,0,1,1,1,17,1,8,0,1,0,1,1,0,0,2,5,3,9
2019.0,-300.0,0.0,0.0,3,10,3,0,0,0,1,1,1,1,0,1,1,1,1,18,1,8,0,1,0,2,2,0,6,5,5,3,3
2019.0,0.0,2.0,0.0,3,2,3,0,0,0,0,1,1,1,0,0,5,1,1,18,1,8,0,1,0,1,0,0,4,2,5,3,3
2019.0,0.0,4.0,0.0,3,4,3,0,0,0,0,2,1,1,0,1,5,1,1,7,2,8,0,1,0,1,2,0,4,2,5,3,9
2019.0,-600.0,1.0,0.0,3,6,3,0,0,0,2,1,1,1,0,0,1,1,1,7,2,8,0,1,0,0,1,0,6,7,5,8,3
2019.0,0.0,0.0,0.0,3,4,3,0,0,0,1,3,1,1,0,1,9,1,1,8,2,8,0,1,0,1,1,0,5,2,5,3,9
2019.0,20.0,0.0,0.0,3,10,3,0,0,0,0,9,1,1,0,1,2,1,1,8,2,8,0,1,0,1,1,0,10,9,5,8,9
2019.0,-230.0,1.0,0.0,2,4,3,0,0,0,0,5,1,1,0,1,1,1,1,9,2,8,0,1,0,1,0,0,0,2,5,3,9
2019.0,106.0,0.0,0.0,3,6,3,0,0,0,0,9,1,1,0,1,9,1,1,10,2,8,0,0,0,2,1,0,10,8,5,8,3
2019.0,-452.0,0.0,0.0,3,2,3,0,0,0,1,9,1,1,0,0,2,1,1,10,2,8,0,0,0,1,0,0,0,7,5,3,9
2019.0,-15.0,1.0,0.0,2,5,3,0,0,2,1,9,1,1,0,1,2,1,1,10,2,8,0,0,0,2,2,0,10,5,5,9,3
2019.0,0.0,3.0,0.0,2,4,3,0,0,0,1,9,1,1,0,0,5,1,1,10,2,8,0,0,0,1,1,0,4,2,5,3,3
2019.0,30.0,0.0,0.0,3,6,3,0,0,0,2,5,1,1,0,0,5,1,1,11,2,8,0,0,0,0,2,0,4,5,5,8,5
2019.0,-276.0,0.0,0.0,3,2,3,0,0,0,1,2,1,1,0,0,1,1,1,13,2,8,0,0,0,2,2,0,6,2,5,3,3
2019.0,300.0,1.0,0.0,3,5,3,0,0,0,0,6,1,1,1,1,3,1,1,13,2,8,0,0,0,1,1,0,8,5,5,5,3
2019.0,136.0,0.0,0.0,3,10,3,0,0,0,2,2,1,1,0,1,2,1,1,13,2,8,0,0,0,0,1,0,6,9,5,3,2
2019.0,170.0,0.0,0.0,3,6,3,0,0,0,1,2,1,1,0,1,2,1,1,15,2,8,0,0,0,2,1,0,10,7,5,8,3
2019.0,0.0,0.0,0.0,3,4,3,0,0,0,0,2,1,1,0,0,5,1,1,15,2,8,0,0,0,1,1,0,4,2,5,3,9
2019.0,-192.0,1.0,0.0,3,6,3,0,0,0,0,1,1,1,0,1,1,1,1,17,2,8,0,1,0,1,1,0,6,8,5,3,3
2019.0,-343.0,0.0,0.0,3,4,3,0,0,0,1,2,1,1,0,1,1,1,1,17,2,8,0,1,0,2,2,0,0,7,5,3,9
2019.0,150.0,2.0,0.0,3,6,3,0,0,0,0,5,1,1,0,1,5,1,1,18,2,8,0,1,0,2,1,0,10,8,5,8,3
2019.0,-15.0,0.0,0.0,3,6,4,0,0,0,1,1,1,1,0,1,1,1,1,18,2,8,0,1,0,1,1,0,4,8,5,9,9
2019.0,-410.0,0.0,0.0,3,4,3,0,0,0,0,5,1,1,0,1,9,1,1,18,2,8,0,1,0,2,1,0,6,2,5,3,9
2019.0,0.0,0.0,0.0,3,4,2,0,0,0,0,1,1,1,0,1,9,1,1,5,3,8,0,0,0,1,1,0,5,5,5,9,3
2019.0,0.0,0.0,0.0,3,4,3,0,0,0,0,9,1,1,0,0,1,1,1,6,3,8,0,0,0,1,0,0,4,2,5,3,9
2019.0,0.0,2.0,0.0,2,12,5,4,0,0,1,3,1,1,0,1,9,1,1,7,3,8,0,1,0,1,1,0,5,2,5,3,9
2019.0,-934.0,0.0,0.0,3,6,3,0,0,0,2,9,1,1,0,0,9,1,1,8,3,8,0,1,0,0,1,0,6,8,5,8,3
2019.0,-15.0,1.0,0.0,3,6,3,0,0,0,1,1,1,1,0,0,1,1,1,9,3,8,0,1,0,1,1,0,10,8,5,8,3
2019.0,15.0,1.0,0.0,2,6,3,0,0,0,1,9,1,1,0,1,9,1,1,9,3,8,0,1,0,0,1,0,10,8,5,8,9
2019.0,0.0,1.0,0.0,3,2,3,0,0,2,0,5,1,1,0,1,9,1,1,10,3,8,0,0,0,2,1,0,10,2,5,9,3
2019.0,200.0,0.0,0.0,3,6,3,0,0,0,2,9,1,1,1,1,9,1,1,13,3,8,0,0,0,0,1,0,6,7,5,6,3
2019.0,-300.0,0.0,0.0,3,6,3,0,0,0,1,5,1,1,0,1,5,1,1,14,3,8,0,0,0,1,1,0,6,8,5,8,2
2019.0,100.0,0.0,0.0,3,10,3,0,0,0,1,2,1,1,0,1,2,1,1,14,3,8,0,0,0,2,1,0,6,7,5,3,6
2019.0,120.0,0.0,0.0,3,10,3,0,0,0,2,9,1,1,0,0,9,1,1,14,3,8,0,0,0,0,1,0,6,7,5,8,3
2019.0,15.0,0.0,0.0,3,2,3,0,0,0,0,5,1,1,0,0,5,1,1,14,3,8,0,0,0,0,1,0,10,9,5,8,9
2019.0,400.0,0.0,0.0,3,6,3,0,0,0,1,9,1,1,0,1,9,1,1,14,3,8,0,0,0,2,2,0,6,7,5,3,3
2019.0,-135.0,1.0,0.0,3,6,3,0,0,0,0,1,1,1,0,0,1,1,1,15,3,8,0,0,0,2,1,0,10,8,5,8,3
2019.0,0.0,0.0,0.0,3,4,3,0,0,0,1,2,1,1,0,1,5,1,1,15,3,8,0,0,0,2,1,0,5,2,5,3,9
2019.0,100.0,0.0,0.0,3,6,3,0,0,0,0,9,1,1,0,0,9,1,1,15,3,8,0,0,0,2,1,0,10,7,5,3,3
2019.0,80.0,0.0,0.0,3,6,3,0,0,0,0,9,1,1,0,0,9,1,1,16,3,8,0,1,0,2,2,0,6,7,5,8,8
2019.0,0.0,0.0,0.0,3,4,3,0,0,0,1,5,1,1,0,0,5,1,1,16,3,8,0,1,0,0,2,0,4,9,5,9,9
2019.0,25.0,0.0,0.0,3,6,3,0,0,0,2,9,1,1,0,1,9,1,1,17,3,8,0,1,0,0,1,0,10,8,5,8,3
2019.0,25.0,1.0,0.0,2,2,3,0,0,0,0,5,1,1,0,1,5,1,1,17,3,8,0,1,0,1,1,0,10,9,5,3,2
2019.0,-200.0,0.0,0.0,3,6,3,0,0,0,1,1,1,1,0,0,1,1,1,17,3,8,0,1,0,2,2,0,10,9,5,3,2
2019.0,30.0,2.0,0.0,1,6,4,0,0,0,1,9,1,1,0,1,9,1,1,18,3,8,0,1,0,2,1,0,10,8,5,8,3
2019.0,0.0,0.0,0.0,3,2,3,0,0,0,1,2,1,1,0,0,1,1,1,18,3,8,0,1,0,1,1,0,4,2,5,3,3
2019.0,-400.0,0.0,0.0,3,6,0,0,0,0,0,2,1,1,0,1,2,1,1,19,3,8,0,1,0,1,1,0,6,7,5,8,8
2019.0,-50.0,0.0,0.0,3,6,1,0,0,0,1,9,0,1,1,1,1,1,1,21,3,8,0,0,0,2,1,0,6,7,5,6,1
2019.0,130.0,0.0,0.0,3,6,0,0,0,0,0,5,1,1,0,1,5,1,1,21,3,8,0,0,0,2,2,0,6,8,5,3,3
2019.0,30.0,0.0,0.0,3,6,0,0,0,0,1,5,1,1,0,0,5,1,1,22,3,8,0,0,0,2,1,0,10,8,5,8,8
2019.0,-260.0,0.0,0.0,3,6,0,0,0,0,1,5,1,1,0,1,5,1,1,22,3,8,0,0,0,2,2,0,6,7,5,8,3
2019.0,0.0,0.0,0.0,3,6,0,0,0,0,1,9,1,1,0,1,9,1,1,22,3,8,0,0,0,1,0,0,5,8,5,8,3
2019.0,25.0,0.0,0.0,3,4,0,0,0,0,0,2,1,1,0,1,2,1,1,23,3,8,0,0,0,2,1,0,10,4,5,9,9
2019.0,30.0,0.0,0.0,3,6,3,0,0,0,1,1,1,1,0,0,1,1,1,5,4,8,0,0,0,1,1,0,10,8,5,8,2
2019.0,1800.0,0.0,0.0,3,6,3,0,0,0,0,9,1,1,0,1,9,1,1,8,4,8,0,1,0,1,1,0,6,8,5,8,3
2019.0,-25.0,4.0,0.0,3,6,3,0,0,0,1,1,1,1,0,1,1,1,1,11,4,8,0,0,0,1,1,0,10,8,5,8,3
2019.0,40.0,0.0,0.0,3,10,3,0,0,0,1,5,1,1,0,1,5,1,1,11,4,8,0,0,0,1,1,0,10,9,5,3,3
2019.0,200.0,2.0,0.0,3,6,3,0,0,0,1,5,1,1,0,0,5,1,1,13,4,8,0,0,0,1,2,0,10,8,5,8,3
2019.0,150.0,1.0,0.0,3,6,3,0,0,0,1,5,1,1,0,1,5,1,1,13,4,8,0,0,0,0,0,0,10,8,5,8,3
2019.0,25.0,0.0,0.0,3,6,3,0,0,0,0,2,1,1,0,1,5,1,1,15,4,8,0,0,0,1,1,0,10,5,5,8,1
2019.0,496.0,0.0,0.0,3,10,3,0,0,0,0,2,1,1,0,1,2,1,1,15,4,8,0,0,0,0,1,0,6,9,5,3,2
2019.0,0.0,4.0,0.0,2,4,3,0,0,0,0,2,1,1,0,0,9,1,1,15,4,8,0,0,0,1,1,0,5,2,5,3,9
2019.0,-51.0,1.0,0.0,2,2,3,0,0,3,1,5,1,1,0,1,9,1,1,16,4,8,0,1,0,2,1,0,10,2,5,3,7
2019.0,192.0,0.0,0.0,3,2,3,0,0,0,1,3,1,1,0,1,2,1,1,16,4,8,0,1,0,2,1,0,6,2,5,3,9
2019.0,-20.0,0.0,0.0,3,6,3,0,0,0,1,1,1,1,0,0,1,1,1,16,4,8,0,1,0,1,1,0,10,8,5,8,3
2019.0,0.0,0.0,0.0,3,2,3,0,0,0,0,5,1,1,0,1,2,1,1,16,4,8,0,1,0,0,2,0,4,2,5,3,9
2019.0,0.0,1.0,0.0,3,4,4,0,0,0,1,2,1,1,0,1,5,1,1,18,4,8,0,1,0,1,1,0,4,2,5,3,9
2019.0,-35.0,0.0,0.0,3,6,0,0,0,0,2,1,1,1,0,1,1,1,1,20,4,8,0,0,0,0,2,0,10,7,5,8,3
2019.0,-0.11,0.0,0.0,3,6,0,0,0,0,1,5,0,1,0,1,8,1,1,0,5,8,1,0,0,1,2,0,6,5,5,5,1
2019.0,200.0,0.0,0.0,3,10,3,0,0,0,2,5,1,1,0,0,5,1,1,13,5,8,1,0,0,0,1,0,6,5,5,2,3
2019.0,-38.0,0.0,0.0,3,10,5,4,0,0,1,5,1,1,0,0,5,1,1,13,5,8,1,0,0,1,1,0,5,9,5,9,9
2019.0,0.0,4.0,0.0,1,4,3,0,0,0,1,9,1,1,0,1,5,1,1,14,5,8,1,0,0,1,1,0,4,2,7,3,9
2019.0,-50.0,0.0,0.0,3,6,3,4,0,0,1,2,1,1,0,1,2,1,1,16,5,8,1,1,0,1,1,0,10,5,5,8,8
2019.0,-60.0,2.0,0.0,3,6,3,0,0,0,0,2,1,1,0,1,2,1,1,17,5,8,1,1,0,1,1,0,10,8,5,8,8
2019.0,200.0,0.0,0.0,3,12,3,0,0,0,2,8,1,1,1,1,5,1,1,17,5,8,1,1,0,0,1,0,6,5,5,6,5
2019.0,0.0,1.0,0.0,2,2,3,0,0,0,1,4,1,1,0,1,1,1,1,18,5,8,1,1,0,2,0,0,5,4,5,3,9
2019.0,0.0,0.0,0.0,3,2,4,0,0,0,0,2,1,1,0,1,1,1,1,18,5,8,1,1,0,1,2,0,4,7,5,3,3
2019.0,80.0,0.0,0.0,3,10,0,0,0,0,1,1,1,1,0,0,1,1,1,20,5,8,1,0,0,0,2,0,6,9,5,3,3
2019.0,0.0,0.0,0.0,3,4,0,0,0,0,1,5,1,1,0,1,9,1,1,23,5,8,1,0,0,2,0,0,10,2,5,3,9
2019.0,15.0,0.0,0.0,3,6,3,0,0,0,0,5,1,1,0,0,5,1,1,7,6,9,1,1,0,1,1,0,10,8,5,8,3
2019.0,-25.0,0.0,0.0,3,6,3,0,0,0,1,9,1,1,0,1,9,1,1,14,6,9,1,0,0,1,1,0,10,7,5,8,3
2019.0,100.0,0.0,0.0,3,5,3,0,0,0,2,7,1,1,0,0,5,1,1,14,6,9,1,0,0,0,0,0,10,5,5,3,1
2019.0,0.0,0.0,0.0,3,2,3,0,0,0,1,9,1,1,0,0,2,1,1,14,6,9,1,0,0,2,1,0,5,2,5,3,9
2019.0,80.0,0.0,0.0,3,12,3,0,0,0,2,8,1,1,1,1,1,1,1,17,6,9,1,1,0,0,1,0,6,5,5,6,5
2019.0,-20.0,0.0,0.0,3,6,0,1,0,0,0,1,1,1,0,0,1,1,1,18,6,9,1,1,0,1,2,0,10,7,5,8,8
2019.0,35.0,0.0,0.0,3,5,0,0,0,0,1,2,1,1,0,1,5,1,1,19,6,9,1,1,0,2,1,0,4,5,5,8,1
2019.0,0.0,2.0,0.0,3,4,0,0,0,0,1,1,1,1,0,0,9,1,1,19,6,9,1,1,0,1,0,0,5,2,5,3,9
2019.0,-40.0,0.0,0.0,3,10,0,0,0,0,2,2,1,1,0,0,2,1,1,19,6,9,1,1,0,0,1,0,10,5,5,3,9
2019.0,-450.0,0.0,0.0,3,2,3,0,0,0,1,2,1,1,0,1,1,1,1,8,0,9,0,1,0,1,1,0,6,5,5,5,5
2019.0,0.0,0.0,0.0,3,10,3,0,0,0,1,1,1,1,0,0,1,1,1,14,0,9,0,0,0,0,1,0,5,9,5,9,3
2019.0,-100.0,0.0,0.0,3,6,5,4,0,0,2,9,1,1,0,0,9,1,1,16,0,9,0,1,0,0,2,0,10,7,5,3,2
2019.0,-35.0,0.0,0.0,3,6,0,0,0,0,2,2,1,1,0,0,2,1,1,20,0,9,0,0,0,0,2,0,10,7,5,8,3
2019.0,-1400.0,0.0,0.0,3,6,3,0,0,0,1,9,1,1,0,1,9,1,1,6,1,9,0,0,0,1,1,0,0,8,5,8,3
2019.0,-335.0,0.0,0.0,3,6,3,0,0,0,0,1,1,1,1,1,1,1,1,6,1,9,0,0,0,2,1,0,6,7,5,6,3
2019.0,174.0,0.0,0.0,3,6,3,0,0,0,1,5,1,1,0,0,5,1,1,7,1,9,0,1,0,1,1,0,10,8,5,8,8
2019.0,0.0,1.0,0.0,2,4,3,0,0,0,1,2,1,1,0,1,2,1,1,7,1,9,0,1,0,1,1,0,4,2,5,9,3
2019.0,-468.0,0.0,0.0,3,6,3,0,0,0,1,2,1,1,0,1,2,1,1,9,1,9,0,1,0,1,0,0,6,8,5,8,3
2019.0,-280.0,0.0,0.0,3,9,3,0,0,0,2,2,1,1,1,1,5,1,1,9,1,9,0,1,0,0,1,0,6,5,5,6,5
2019.0,200.0,0.0,0.0,3,2,3,0,0,0,0,1,1,1,0,1,5,1,1,10,1,9,0,0,0,2,0,0,0,2,5,3,9
2019.0,0.0,1.0,0.0,3,4,3,0,0,0,0,9,1,1,0,0,1,1,1,10,1,9,0,0,0,2,0,0,4,2,5,3,9
2019.0,690.0,0.0,0.0,3,6,3,0,0,0,0,1,1,1,0,1,1,1,1,10,1,9,0,0,0,2,1,0,6,8,5,3,3
2019.0,-150.0,0.0,0.0,3,6,3,0,0,0,1,9,1,1,0,0,9,1,1,10,1,9,0,0,0,1,1,0,0,5,5,8,1
2019.0,100.0,0.0,0.0,3,10,3,0,0,0,1,9,1,1,0,0,9,1,1,10,1,9,0,0,0,2,2,0,6,9,5,3,2
2019.0,-300.0,0.0,0.0,3,10,3,0,0,0,1,2,1,1,0,0,9,1,1,11,1,9,0,0,0,0,1,0,0,2,5,3,9
2019.0,112.0,0.0,0.0,3,10,3,0,0,0,1,9,1,1,1,1,9,1,1,12,1,9,0,0,0,1,1,0,6,5,5,6,6
2019.0,54.0,1.0,0.0,3,2,3,0,0,2,1,1,1,1,0,1,5,1,1,13,1,9,0,0,0,2,1,0,4,5,5,9,7
2019.0,100.0,1.0,0.0,3,6,3,0,0,0,0,1,1,1,0,1,1,1,1,14,1,9,0,0,0,2,2,0,6,7,5,8,3
2019.0,-245.0,2.0,0.0,2,10,3,0,0,0,0,1,1,1,0,0,1,1,1,15,1,9,0,0,0,1,2,0,10,9,5,3,2
2019.0,569.0,0.0,0.0,3,10,3,0,0,0,0,9,1,1,0,0,9,1,1,15,1,9,0,0,0,1,1,0,6,9,5,3,2
2019.0,0.0,0.0,0.0,3,6,3,0,0,0,2,2,1,1,0,0,1,1,1,16,1,9,0,1,0,0,1,0,5,2,5,8,9
2019.0,455.0,0.0,0.0,3,4,3,0,0,0,2,1,1,1,0,1,5,1,1,16,1,9,0,1,0,0,1,0,10,2,5,3,9
2019.0,43.0,1.0,0.0,1,2,3,0,0,2,1,5,1,1,0,1,9,1,1,17,1,9,0,1,0,2,1,0,10,5,5,9,7
2019.0,-185.0,0.0,0.0,3,2,3,0,0,0,0,1,1,1,0,1,5,1,1,18,1,9,0,1,0,2,1,0,0,2,5,3,9
2019.0,-30.0,0.0,0.0,3,10,3,0,0,0,1,2,1,1,0,0,2,1,1,18,1,9,0,1,0,1,1,0,6,9,5,3,2
2019.0,-650.0,1.0,0.0,2,6,0,0,0,0,0,2,1,1,0,1,2,1,1,19,1,9,0,1,0,1,0,0,6,7,5,8,3
2019.0,-24.0,1.0,0.0,2,6,0,0,0,0,2,2,1,1,0,1,2,1,1,21,1,9,0,0,0,0,2,0,4,8,5,9,3
2019.0,0.0,0.0,0.0,3,2,3,0,0,0,1,1,1,1,0,1,5,1,1,4,2,9,0,0,0,1,1,0,5,2,5,3,3
2019.0,0.0,0.0,0.0,3,4,3,0,0,0,1,1,1,1,0,1,9,1,1,6,2,9,0,0,0,2,2,0,4,2,5,3,9
2019.0,0.0,0.0,0.0,3,6,3,0,0,0,1,9,1,1,0,0,9,1,1,7,2,9,0,1,0,2,1,0,10,7,5,8,3
2019.0,-1000.0,1.0,0.0,3,10,3,0,0,0,0,1,1,1,2,1,1,1,1,7,2,9,0,1,0,1,2,0,0,2,5,3,9
2019.0,416.0,1.0,0.0,2,6,3,0,0,0,1,2,1,1,0,0,2,1,1,7,2,9,0,1,0,2,2,0,6,8,5,8,3
2019.0,408.0,0.0,0.0,3,6,3,0,0,0,2,9,1,1,0,0,9,1,1,8,2,9,0,1,0,0,1,0,6,7,5,8,3
2019.0,218.0,0.0,0.0,3,6,3,0,0,0,2,9,1,1,0,0,9,1,1,8,2,9,0,1,0,0,1,0,6,7,5,8,3
2019.0,-950.0,0.0,0.0,3,4,3,0,0,0,0,5,1,1,0,1,9,1,1,8,2,9,0,1,0,2,1,0,0,2,5,3,9
2019.0,-150.0,1.0,0.0,3,6,3,0,0,0,1,2,1,1,0,1,2,1,1,9,2,9,0,1,0,1,1,0,10,7,5,8,3
2019.0,194.0,0.0,0.0,3,4,3,0,0,0,2,1,1,1,0,0,5,1,1,12,2,9,0,0,0,0,2,0,0,2,5,3,9
2019.0,1200.0,0.0,0.0,3,6,3,0,0,0,1,5,1,1,0,1,5,1,1,12,2,9,0,0,0,1,2,0,6,8,5,8,3
2019.0,0.0,0.0,0.0,3,4,3,0,0,0,1,2,1,1,0,1,2,1,1,15,2,9,0,0,0,2,0,0,4,9,5,9,3
2019.0,151.0,0.0,0.0,3,6,3,0,0,0,1,5,1,1,0,0,5,1,1,16,2,9,0,1,0,2,1,0,10,8,5,8,3
2019.0,0.0,4.0,0.0,2,4,3,0,0,0,0,1,1,1,0,1,9,1,1,17,2,9,0,1,0,1,2,0,4,2,5,3,9
2019.0,0.0,0.0,0.0,3,4,3,0,0,0,0,2,1,1,0,0,5,1,1,17,2,9,0,1,0,1,2,0,5,2,5,3,9
2019.0,-150.0,0.0,0.0,3,10,3,0,0,0,2,5,1,1,1,1,9,1,1,18,2,9,0,1,0,0,1,0,6,5,5,6,5
2019.0,0.0,0.0,0.0,3,4,3,0,0,0,1,2,1,1,0,0,1,1,1,18,2,9,0,1,0,1,1,0,5,2,5,3,9
2019.0,0.0,0.0,0.0,3,6,4,0,0,0,1,9,1,1,0,1,9,1,1,18,2,9,0,1,0,0,2,0,6,8,5,8,3
2019.0,15.0,1.0,0.0,1,5,0,0,0,2,1,1,1,1,0,0,5,1,1,22,2,9,0,0,0,1,1,0,10,2,5,3,7
2019.0,0.0,1.0,0.0,3,4,0,0,0,0,0,9,1,1,0,1,1,1,1,23,2,9,0,0,0,2,1,0,5,2,5,9,3