Year,Distance,Totalinjuries,Totalfatalities,Injuryseverity,Collisionmanner,Lightcondition,Weather,SurfaceCondition,Unittype_One,Gender_Drv1,Traveldirection_One,AlcoholUse_Drv1,DrugUse_Drv1,Unittype_Two,Gender_Drv2,Traveldirection_Two,AlcoholUse_Drv2,DrugUse_Drv2,Hour,Weekday,Month,Weekend,Rush_Hour,Hazardous_Road,Age_Group_Drv1,Age_Group_Drv2,Substance_Use,Junction_Category,Violation_Category_Drv1,Violation_Category_Drv2,Unitaction_Category_Two,Unitaction_Category_One
2019.0,100.0,0.0,0.0,3,10,2,0,0,0,0,9,1,1,0,1,9,1,1,5,3,9,0,0,0,1,1,0,10,5,7,3,8
2019.0,0.0,0.0,0.0,3,4,3,0,0,0,0,5,1,1,0,0,2,1,1,7,3,9,0,1,0,1,1,0,4,2,5,3,9
2019.0,80.0,0.0,0.0,3,10,3,0,0,0,1,1,1,1,0,0,1,1,1,7,3,9,0,1,0,2,1,0,10,9,5,3,2
2019.0,-110.0,0.0,0.0,3,6,3,0,0,0,2,2,1,1,0,1,2,1,1,8,3,9,0,1,0,0,1,0,6,7,5,8,3
2019.0,169.0,0.0,0.0,3,10,3,0,0,0,1,2,1,1,0,0,2,1,1,11,3,9,0,0,0,1,1,0,6,5,7,5,5
2019.0,0.0,2.0,0.0,2,4,3,0,0,0,1,2,1,1,0,1,5,1,1,13,3,9,0,0,0,2,2,0,4,2,5,3,9
2019.0,0.0,0.0,0.0,3,10,3,0,0,0,0,5,1,1,0,1,5,1,1,13,3,9,0,0,0,2,0,0,4,9,5,3,2
2019.0,75.0,1.0,0.0,2,5,3,0,0,3,1,4,1,1,0,0,1,1,1,15,3,9,0,0,0,2,2,0,0,5,5,9,7
2019.0,190.0,1.0,0.0,3,4,3,0,0,0,0,5,1,1,0,1,9,1,1,15,3,9,0,0,0,2,1,0,6,2,5,3,9
2019.0,200.0,0.0,0.0,3,6,3,0,0,0,0,5,1,1,0,0,5,1,1,15,3,9,0,0,0,2,1,0,10,8,5,8,3
2019.0,130.0,0.0,0.0,3,6,3,0,0,0,0,5,1,1,0,1,5,1,1,15,3,9,0,0,0,1,1,0,10,8,5,8,3
2019.0,-160.0,1.0,0.0,3,6,3,0,0,0,0,1,1,1,0,0,1,1,1,16,3,9,0,1,0,1,1,0,10,8,5,8,3
2019.0,-200.0,0.0,0.0,3,12,3,0,3,0,2,8,1,1,1,1,5,1,1,16,3,9,0,1,0,0,1,0,6,5,5,6,5
2019.0,450.0,0.0,0.0,3,2,3,0,0,0,0,3,1,1,0,1,5,1,1,16,3,9,0,1,0,1,1,0,6,2,5,3,9
2019.0,622.0,0.0,0.0,3,6,3,0,0,0,1,1,1,1,0,0,1,1,1,16,3,9,0,1,0,1,1,0,6,9,5,3,2
2019.0,-250.0,1.0,0.0,2,2,3,0,0,2,1,2,1,1,0,1,6,1,1,17,3,9,0,1,0,1,0,0,0,5,5,9,3
2019.0,0.0,0.0,0.0,3,4,3,0,0,0,1,2,1,1,0,0,5,1,1,17,3,9,0,1,0,1,1,0,4,2,5,3,9
2019.0,500.0,1.0,0.0,3,2,3,0,0,0,1,1,1,1,2,1,2,1,1,17,3,9,0,1,0,2,1,0,6,2,5,7,3
2019.0,48.0,4.0,0.0,2,6,4,0,0,0,0,9,1,1,0,0,9,1,1,18,3,9,0,1,0,0,2,0,10,7,5,8,3
2019.0,192.0,0.0,0.0,3,10,0,0,0,0,1,2,1,1,0,1,2,1,1,20,3,9,0,0,0,0,1,0,6,7,5,8,2
2019.0,0.22,0.0,0.0,3,10,0,0,0,0,2,2,1,1,0,1,2,1,1,20,3,9,0,0,0,0,1,0,6,9,5,3,3
2019.0,0.0,0.0,0.0,3,4,0,0,0,0,0,1,1,1,0,0,5,1,1,20,3,9,0,0,0,1,1,0,5,2,5,3,9
2019.0,80.0,0.0,0.0,3,6,0,0,0,0,0,5,1,0,0,1,5,1,1,20,3,9,0,0,0,1,2,0,10,7,5,8,3
2019.0,150.0,0.0,0.0,3,6,0,0,0,0,0,5,1,1,0,1,5,1,1,20,3,9,0,0,0,1,1,0,10,7,5,8,3
2019.0,0.0,0.0,0.0,3,2,0,0,0,0,1,5,1,1,0,1,5,1,1,22,3,9,0,0,0,1,1,0,5,2,5,3,9
2019.0,0.0,0.0,0.0,3,4,0,0,0,0,0,2,1,1,0,0,5,1,1,22,3,9,0,0,0,2,2,0,4,2,5,3,9
2019.0,-550.0,0.0,0.0,3,12,0,0,0,0,2,8,1,1,1,1,5,1,1,23,3,9,0,0,0,0,1,0,6,5,5,6,5
2019.0,-40.0,0.0,0.0,3,6,0,0,0,0,0,2,1,1,0,1,2,1,1,0,4,9,0,0,0,2,1,0,10,8,5,8,8
2019.0,139.0,1.0,0.0,3,6,3,0,0,0,1,9,1,1,0,0,9,1,1,7,4,9,0,1,0,2,1,0,10,8,5,8,3
2019.0,100.0,0.0,0.0,3,6,3,1,0,0,2,5,1,1,0,0,5,1,1,8,4,9,0,1,0,0,0,0,6,7,5,8,3
2019.0,-0.49,0.0,0.0,3,4,3,0,0,0,1,7,1,1,0,1,3,1,1,9,4,9,0,1,0,1,1,0,0,2,5,9,9
2019.0,130.0,1.0,0.0,3,6,3,0,0,0,0,9,1,1,0,1,9,1,1,11,4,9,0,0,0,0,1,0,10,8,5,8,3
2019.0,-150.0,1.0,0.0,3,6,3,0,0,0,1,2,1,1,0,1,2,1,1,13,4,9,0,0,0,2,2,0,10,8,5,8,3
2019.0,-154.0,0.0,0.0,3,6,3,0,0,0,0,2,1,1,1,1,2,1,1,13,4,9,0,0,0,1,1,0,6,9,5,6,3
2019.0,-205.0,0.0,0.0,3,10,3,0,0,0,1,2,1,1,0,0,2,1,1,13,4,9,0,0,0,1,2,0,6,9,5,3,2
2019.0,30.0,0.0,0.0,3,10,3,0,0,0,1,9,1,1,0,0,9,1,1,14,4,9,0,0,0,1,1,0,10,5,5,8,2
2019.0,-25.0,0.0,0.0,3,2,3,0,0,0,2,5,1,1,0,1,5,1,1,14,4,9,0,0,0,0,2,0,10,5,5,9,5
2019.0,180.0,0.0,0.0,3,4,3,0,0,0,1,9,1,1,0,0,5,1,1,16,4,9,0,1,0,1,2,0,6,5,5,3,9
2019.0,475.0,1.0,0.0,3,6,3,0,0,0,1,5,1,1,0,0,5,1,1,17,4,9,0,1,0,1,2,0,6,9,5,3,8
2019.0,480.0,0.0,0.0,3,4,3,0,0,0,1,5,1,1,0,0,9,1,1,17,4,9,0,1,0,1,1,0,0,2,5,3,9
2019.0,120.0,2.0,0.0,2,6,4,0,0,0,1,1,0,1,0,1,1,1,1,18,4,9,0,1,0,1,2,0,6,8,5,8,3
2019.0,220.0,0.0,0.0,3,10,0,0,0,0,2,1,1,1,0,0,1,1,1,20,4,9,0,0,0,0,0,0,6,9,5,3,2
2019.0,-18.0,0.0,0.0,3,2,0,0,3,0,1,8,1,1,0,1,8,1,1,21,4,9,0,0,0,1,1,0,5,5,5,3,9
2019.0,0.0,1.0,0.0,3,4,0,0,0,0,2,9,1,1,0,1,1,1,1,22,4,9,0,0,0,0,1,0,4,2,5,3,9
2019.0,15.0,2.0,0.0,2,5,0,0,0,0,1,6,1,1,3,0,1,1,1,4,5,9,1,0,0,1,2,0,10,5,5,5,5
2019.0,20.0,0.0,0.0,3,10,3,0,0,0,0,2,1,1,0,1,2,1,1,6,5,9,1,0,0,0,1,0,4,2,5,3,2
2019.0,-200.0,0.0,0.0,3,10,3,0,0,0,1,2,1,1,1,1,2,1,1,9,5,9,1,1,0,2,1,0,10,9,5,6,3
2019.0,0.0,0.0,0.0,3,2,3,0,0,0,1,1,1,1,0,1,2,1,1,10,5,9,1,0,0,1,1,0,4,2,5,9,3
2019.0,0.0,0.0,0.0,3,2,3,0,0,0,1,9,1,1,0,0,2,1,1,14,5,9,1,0,0,2,2,0,2,2,5,3,3
2019.0,0.0,0.0,0.0,3,6,0,0,0,0,1,9,1,1,0,0,9,1,1,20,5,9,1,0,0,2,1,0,10,7,5,3,3
2019.0,0.0,1.0,0.0,3,3,0,0,0,0,1,9,1,1,0,1,1,1,1,20,5,9,1,0,0,2,2,0,5,2,5,3,9
2019.0,0.0,0.0,0.0,3,2,0,0,0,0,0,5,1,1,0,1,5,1,1,21,5,9,1,0,0,2,1,0,4,5,2,3,9
2019.0,-142.0,0.0,0.0,3,5,0,0,0,0,1,9,1,1,0,1,1,1,1,21,5,9,1,0,0,1,0,0,6,7,5,6,3
2019.0,-209.0,0.0,0.0,3,6,0,0,0,0,1,5,0,1,0,1,2,1,1,1,6,9,1,0,0,1,1,0,6,7,5,6,3
2019.0,0.0,0.0,0.0,3,6,0,0,0,0,0,1,0,1,0,0,1,1,1,2,6,9,1,0,0,1,1,0,6,8,5,8,3
2019.0,0.0,0.0,0.0,3,6,2,0,0,0,1,9,0,1,0,1,9,1,1,5,6,9,1,0,0,2,2,0,6,7,5,3,3
2019.0,45.0,0.0,0.0,3,6,3,0,0,0,0,5,1,1,0,1,5,1,1,10,6,9,1,0,0,1,0,0,6,7,5,8,3
2019.0,0.0,0.0,0.0,3,2,3,0,0,0,1,1,1,1,0,1,4,1,1,16,6,9,1,1,0,1,1,0,6,2,5,9,3
2019.0,60.0,0.0,0.0,3,2,3,0,0,0,1,5,1,1,0,1,1,1,1,17,6,9,1,1,0,1,2,0,10,2,5,3,9
2019.0,0.0,0.0,0.0,3,10,4,0,0,0,0,2,1,1,0,1,2,1,1,18,6,9,1,1,0,1,1,0,4,4,5,3,9
2019.0,48.0,0.0,0.0,3,2,4,0,0,0,1,1,1,1,0,1,1,1,1,18,6,9,1,1,0,1,2,0,6,7,5,8,3
2019.0,0.0,0.0,0.0,3,2,0,0,0,0,0,5,1,1,0,1,1,1,1,20,6,9,1,0,0,1,2,0,4,9,5,3,9
2019.0,30.0,0.0,0.0,3,10,0,0,0,0,1,2,1,1,0,0,2,1,1,20,6,9,1,0,0,2,2,0,10,9,5,3,2
2019.0,60.0,0.0,0.0,3,6,3,0,0,0,0,9,1,1,0,1,9,1,1,10,0,9,0,0,0,2,1,0,10,8,5,8,3
2019.0,0.0,1.0,0.0,2,4,3,0,0,2,1,2,1,1,0,1,2,1,1,10,0,9,0,0,0,0,2,0,4,2,5,9,3
2019.0,0.0,2.0,0.0,2,2,3,0,0,0,1,1,1,1,0,1,5,1,1,12,0,9,0,0,0,1,1,0,4,2,5,3,3
2019.0,130.0,3.0,0.0,2,4,3,0,0,0,1,1,1,1,0,0,5,1,1,12,0,9,0,0,0,1,2,0,0,2,5,3,9
2019.0,-125.0,2.0,0.0,3,6,3,0,0,0,1,9,1,1,0,0,9,1,1,13,0,9,0,0,0,1,1,0,6,7,5,3,8
2019.0,200.0,0.0,0.0,3,2,3,0,0,0,0,2,1,1,1,1,2,1,1,15,0,9,0,0,0,1,1,0,6,9,5,6,6
2019.0,0.0,0.0,0.0,3,10,3,0,0,0,1,9,1,1,1,1,4,1,1,15,0,9,0,0,0,1,1,0,5,4,5,6,9
2019.0,40.0,0.0,0.0,3,6,3,0,0,0,1,1,1,1,0,0,1,1,1,15,0,9,0,0,0,0,1,0,10,8,5,8,3
2019.0,-360.0,0.0,0.0,3,2,3,0,0,0,0,2,1,1,0,0,1,1,1,16,0,9,0,1,0,0,2,0,0,2,5,3,9
2019.0,250.0,0.0,0.0,3,6,3,0,0,0,1,5,1,1,0,1,5,1,1,16,0,9,0,1,0,1,1,0,10,8,5,8,3
2019.0,-222.0,2.0,0.0,2,6,3,0,0,0,1,1,1,1,0,1,1,1,1,16,0,9,0,1,0,2,1,0,6,8,5,8,8
2019.0,300.0,0.0,0.0,3,6,3,0,0,0,0,1,1,1,0,0,1,1,1,16,0,9,0,1,0,0,2,0,6,5,5,3,3
2019.0,340.0,0.0,0.0,3,6,3,0,0,0,1,1,1,1,0,1,1,1,1,17,0,9,0,1,0,2,1,0,6,7,5,3,8
2019.0,0.0,0.0,0.0,3,4,3,0,0,0,1,1,1,1,0,1,1,1,1,17,0,9,0,1,0,2,1,0,5,5,5,3,9
2019.0,0.0,0.0,0.0,3,2,3,0,0,0,2,9,1,1,0,0,9,1,1,17,0,9,0,1,0,0,1,0,5,9,5,3,5
2019.0,-191.0,0.0,0.0,3,6,0,0,0,0,1,1,1,1,0,0,1,1,1,19,0,9,0,1,0,1,2,0,6,7,5,8,3
2019.0,-170.0,1.0,0.0,3,2,0,0,0,0,0,5,1,1,0,0,9,1,1,20,0,9,0,0,0,1,1,0,6,7,2,6,9
2019.0,0.0,0.0,0.0,3,4,3,0,0,0,2,5,1,1,0,0,2,1,1,10,1,9,0,0,0,0,1,0,5,5,5,9,3
2019.0,360.0,1.0,0.0,3,6,3,0,0,0,1,9,1,1,0,1,9,1,1,13,1,9,0,0,0,1,1,0,10,8,5,8,3
2019.0,-180.0,1.0,0.0,3,6,3,1,0,0,0,2,1,1,0,1,2,1,1,14,1,9,0,0,0,1,0,0,10,8,5,8,3
2019.0,800.0,0.0,0.0,3,6,3,0,0,0,0,2,1,1,0,1,2,1,1,14,1,9,0,0,0,1,1,0,10,8,5,3,8
2019.0,0.0,0.0,0.0,3,4,3,0,0,0,1,9,1,1,0,0,1,1,1,15,1,9,0,0,0,1,2,0,4,2,5,3,9
2019.0,0.0,0.0,0.0,3,6,3,0,0,0,1,1,1,1,0,0,1,1,1,15,1,9,0,0,0,2,2,0,6,8,5,8,3
2019.0,-500.0,0.0,0.0,3,2,3,0,0,0,0,2,1,1,0,1,5,1,1,16,1,9,0,1,0,2,1,0,10,5,2,9,3
2019.0,0.0,1.0,0.0,2,2,3,0,0,2,0,5,1,1,0,1,5,1,1,16,1,9,0,1,0,2,2,0,4,2,5,9,7
2019.0,970.0,0.0,0.0,3,6,3,1,0,0,0,1,1,1,0,1,1,1,1,16,1,9,0,1,0,2,2,0,10,8,5,8,3
2019.0,-110.0,0.0,0.0,3,2,3,0,0,0,0,9,1,1,0,0,9,1,1,18,1,9,0,1,0,2,1,0,0,9,5,9,2
2019.0,0.0,1.0,0.0,2,4,4,0,0,0,0,5,1,1,0,1,1,1,1,18,1,9,0,1,0,0,1,0,4,2,5,3,9
2019.0,0.0,0.0,0.0,3,4,0,0,0,0,0,9,1,1,0,0,1,1,1,19,1,9,0,1,0,2,2,0,4,2,5,3,9
2019.0,-100.0,1.0,0.0,3,6,0,0,0,0,1,2,1,1,0,0,2,1,1,20,1,9,0,0,0,2,2,0,6,7,5,8,3
2019.0,0.0,1.0,0.0,3,2,0,0,0,0,0,2,0,1,0,0,1,1,1,22,1,9,0,0,0,2,2,0,5,2,5,3,3
2019.0,0.0,2.0,0.0,1,4,2,1,0,0,1,5,1,1,0,1,2,1,1,5,2,9,0,0,0,1,1,0,4,5,5,3,9
2019.0,380.0,0.0,0.0,3,6,3,0,0,0,1,2,1,1,0,0,2,1,1,7,2,9,0,1,0,1,2,0,6,7,5,8,3
2019.0,-205.0,1.0,0.0,3,6,3,0,0,0,0,2,1,1,0,1,2,1,1,7,2,9,0,1,0,1,1,0,10,8,5,8,3
2019.0,-410.0,1.0,0.0,2,2,3,0,0,2,0,1,1,1,0,1,9,1,1,8,2,9,0,1,0,2,1,0,0,5,5,9,3
2019.0,-1650.0,2.0,0.0,2,6,3,0,0,0,0,9,1,1,0,0,9,1,1,9,2,9,0,1,0,2,1,0,6,8,5,8,3
2019.0,-120.0,0.0,0.0,3,6,3,1,0,0,0,1,1,1,0,0,1,1,1,9,2,9,0,1,0,1,1,0,10,8,5,8,3
2019.0,-153.0,0.0,0.0,3,6,3,0,0,0,0,2,1,1,0,0,2,1,1,11,2,9,0,0,0,1,1,0,4,8,5,8,3
2019.0,-65.0,0.0,0.0,3,6,3,1,0,0,1,1,1,1,0,1,1,1,1,12,2,9,0,0,0,2,1,0,10,8,5,8,3
2019.0,-500.0,0.0,0.0,3,6,3,0,0,0,2,2,1,1,0,1,2,1,1,15,2,9,0,0,0,0,2,0,10,8,5,9,3
2019.0,370.0,0.0,0.0,3,10,3,0,0,0,0,5,1,1,0,1,5,1,1,15,2,9,0,0,0,2,2,0,10,9,5,3,2
2019.0,-175.0,1.0,0.0,2,6,3,0,0,0,0,1,1,1,0,0,1,1,1,16,2,9,0,1,0,1,1,0,10,8,5,8,3
2019.0,-50.0,4.0,0.0,2,6,3,0,0,0,1,2,1,1,0,0,2,1,1,16,2,9,0,1,0,1,1,0,10,7,5,8,0
2019.0,0.0,0.0,0.0,3,4,4,0,0,0,1,9,1,1,0,0,2,1,1,17,2,9,0,1,0,2,1,0,5,2,5,3,9
2019.0,0.0,2.0,0.0,2,4,3,0,0,0,0,9,1,1,0,1,1,1,1,18,2,9,0,1,0,2,1,0,4,2,5,3,9
2019.0,180.0,1.0,0.0,2,2,4,0,0,2,1,2,1,1,0,0,1,1,1,19,2,9,0,1,0,1,1,0,0,5,5,3,3
2019.0,0.0,0.0,0.0,3,4,4,0,0,0,1,9,1,1,0,0,5,1,1,19,2,9,0,1,0,0,2,0,5,2,5,3,9
2019.0,360.0,1.0,0.0,3,6,0,0,0,0,1,5,1,1,0,1,5,1,1,20,2,9,0,0,0,2,2,0,10,7,5,8,3
2019.0,0.0,2.0,0.0,2,4,3,0,0,0,1,9,1,1,0,0,1,1,1,7,3,9,0,1,0,2,1,0,5,2,5,9,3
2019.0,0.0,1.0,0.0,2,4,3,0,0,0,0,1,1,1,0,1,9,1,1,7,3,9,0,1,0,1,1,0,5,2,5,3,9
2019.0,0.0,2.0,0.0,2,4,3,0,0,0,0,9,1,1,0,1,1,1,1,7,3,9,0,1,0,1,1,0,4,9,5,3,9
2019.0,-40.0,0.0,0.0,3,10,3,0,0,0,1,1,1,1,0,1,1,1,1,9,3,9,0,1,0,1,2,0,10,4,5,3,3
2019.0,40.0,0.0,0.0,3,10,3,0,0,0,1,9,1,1,0,1,9,1,1,9,3,9,0,1,0,2,1,0,10,9,5,3,2
2019.0,-60.0,0.0,0.0,3,2,3,0,0,0,1,5,1,1,0,0,1,1,1,10,3,9,0,0,0,2,2,0,10,5,5,8,3
2019.0,75.0,1.0,0.0,2,10,3,0,0,0,1,1,1,1,0,0,1,1,1,12,3,9,0,0,0,1,2,0,6,9,5,3,2
2019.0,0.0,0.0,0.0,3,10,3,0,0,0,2,9,1,1,0,1,9,1,1,13,3,9,0,0,0,0,0,0,4,9,5,3,3
2019.0,600.0,0.0,0.0,3,6,3,0,0,0,0,2,1,1,0,0,2,1,1,13,3,9,0,0,0,2,1,0,6,5,5,3,1
2019.0,417.0,0.0,0.0,3,10,3,0,0,0,2,2,1,1,0,0,2,1,1,13,3,9,0,0,0,0,2,0,6,9,5,3,5
2019.0,0.0,1.0,0.0,2,2,3,0,0,2,1,9,1,1,0,0,9,1,1,15,3,9,0,0,0,1,0,0,4,2,5,9,7
2019.0,0.0,0.0,0.0,3,4,3,0,0,0,1,5,1,1,0,0,5,1,1,15,3,9,0,0,0,1,0,0,4,9,5,9,9
2019.0,-100.0,0.0,0.0,3,6,3,0,0,0,1,1,1,1,0,0,1,1,1,15,3,9,0,0,0,1,1,0,10,8,5,8,3
2019.0,59.0,0.0,0.0,3,10,3,0,0,0,1,2,1,1,0,0,2,1,1,16,3,9,0,1,0,0,1,0,6,9,5,3,2
2019.0,0.0,1.0,0.0,2,6,3,0,0,0,1,5,1,1,0,1,5,1,1,16,3,9,0,1,0,1,2,0,5,7,5,8,3
2019.0,-500.0,1.0,0.0,3,2,3,0,0,0,1,2,1,1,0,0,9,1,1,16,3,9,0,1,0,2,0,0,0,2,5,9,3
2019.0,-538.0,3.0,0.0,2,6,3,0,0,0,0,2,1,1,0,1,2,1,1,16,3,9,0,1,0,1,1,0,6,8,5,8,3
2019.0,0.0,2.0,0.0,2,4,3,0,0,0,1,1,0,1,0,0,9,1,1,17,3,9,0,1,0,1,1,0,4,2,5,3,9
2019.0,-50.0,0.0,0.0,3,6,3,0,0,0,1,1,1,1,0,0,1,1,1,17,3,9,0,1,0,2,2,0,10,8,5,8,3
2019.0,10.0,2.0,0.0,2,5,0,0,0,3,1,1,1,1,0,1,2,1,1,19,3,9,0,1,0,2,1,0,10,2,5,3,7
2019.0,0.0,0.0,0.0,3,4,5,4,0,0,1,2,1,1,0,1,5,1,1,22,3,9,0,0,0,1,1,0,4,2,5,3,9
2019.0,139.0,0.0,0.0,3,10,3,0,0,0,0,5,1,1,0,0,5,1,1,10,4,9,0,0,0,1,0,0,3,9,5,3,2
2019.0,0.0,1.0,0.0,2,4,3,0,0,0,1,5,1,1,0,0,5,1,1,11,4,9,0,0,0,0,0,0,4,5,5,9,3
2019.0,0.0,1.0,0.0,2,2,3,0,0,0,1,3,1,1,0,1,7,1,1,12,4,9,0,0,0,1,1,0,5,2,5,3,9
2019.0,232.0,0.0,0.0,3,6,3,0,0,0,1,2,1,1,0,1,2,1,1,13,4,9,0,0,0,0,2,0,6,8,5,8,3
2019.0,97.0,0.0,0.0,3,6,3,0,0,0,0,1,1,1,0,0,1,1,1,14,4,9,0,0,0,1,2,0,6,8,5,8,3
2019.0,0.0,0.0,0.0,3,2,3,0,0,0,0,2,1,1,0,1,1,1,1,15,4,9,0,0,0,1,1,0,4,2,5,3,3
2019.0,0.0,0.0,0.0,3,4,3,0,0,0,0,1,1,1,0,1,1,1,1,15,4,9,0,0,0,1,1,0,4,5,5,9,9
2019.0,0.0,1.0,0.0,3,4,3,0,0,0,0,9,1,1,0,0,1,1,1,15,4,9,0,0,0,1,0,0,5,2,5,9,3
2019.0,390.0,3.0,0.0,2,4,3,0,0,0,1,5,1,1,0,1,9,1,1,17,4,9,0,1,0,2,1,0,0,2,5,3,9
2019.0,-30.0,0.0,0.0,3,6,3,0,0,0,2,2,1,1,0,0,2,1,1,17,4,9,0,1,0,0,2,0,10,8,5,8,3
2019.0,-90.0,1.0,0.0,3,6,4,0,0,0,0,1,1,1,0,1,1,1,1,18,4,9,0,1,0,1,1,0,10,8,5,8,3
2019.0,0.0,0.0,0.0,3,6,0,0,0,0,0,1,1,1,0,1,1,1,1,20,4,9,0,0,0,2,1,0,10,7,5,8,3
2019.0,-50.0,0.0,0.0,3,6,3,0,0,0,0,9,1,1,1,1,1,1,1,21,4,9,0,0,0,1,1,0,6,7,5,8,1
2019.0,100.0,0.0,0.0,3,6,0,0,0,0,1,9,0,1,0,0,9,1,1,22,4,9,0,0,0,1,1,0,10,7,5,8,3
2019.0,36.0,0.0,0.0,3,6,0,0,0,0,0,1,1,1,1,1,5,1,1,4,5,9,1,0,0,2,1,0,6,5,5,6,3
2019.0,140.0,2.0,0.0,2,4,3,1,0,0,0,1,1,1,0,0,5,1,1,11,5,9,1,0,0,2,1,0,10,2,5,8,9
2019.0,366.0,0.0,0.0,3,10,3,0,0,0,0,9,1,1,0,1,9,1,1,14,5,9,1,0,0,0,1,0,6,9,5,3,3
2019.0,0.0,0.0,0.0,3,2,3,1,0,0,1,1,1,1,0,1,5,1,1,16,5,9,1,1,0,1,1,0,5,2,5,3,8
2019.0,20.0,0.0,0.0,3,6,3,0,0,0,1,1,1,1,0,1,1,1,1,17,5,9,1,1,0,1,1,0,10,7,5,3,8
2019.0,-150.0,1.0,0.0,3,6,3,1,0,0,0,2,1,1,0,1,2,1,1,18,5,9,1,1,0,1,1,0,10,8,5,8,3
2019.0,0.0,1.0,0.0,3,4,0,0,0,0,0,7,1,1,0,1,1,1,1,19,5,9,1,1,0,1,2,0,4,2,5,3,9
2019.0,-350.0,0.0,0.0,3,11,0,0,0,0,2,9,1,1,0,1,1,1,1,20,5,9,1,0,0,0,1,0,6,4,5,3,9
2019.0,0.0,0.0,0.0,3,6,0,0,0,0,2,1,1,1,0,0,1,1,1,20,5,9,1,0,0,0,1,0,6,7,5,8,3
2019.0,-500.0,0.0,0.0,3,2,0,0,0,0,1,5,1,1,0,0,1,1,1,20,5,9,1,0,0,2,1,0,6,2,5,3,9
2019.0,-200.0,0.0,0.0,3,6,0,0,0,0,2,2,1,1,0,1,2,1,1,20,5,9,1,0,0,0,1,0,10,8,5,3,3
2019.0,-111.0,1.0,0.0,2,6,0,0,0,0,0,2,1,1,0,0,2,1,1,21,5,9,1,0,0,2,1,0,6,7,5,8,3
2019.0,0.0,0.0,0.0,3,9,0,0,0,0,2,5,1,1,0,1,7,1,1,22,5,9,1,0,0,0,1,0,4,2,5,9,3
2019.0,0.0,0.0,0.0,3,4,3,0,0,0,0,9,1,1,0,0,1,1,1,8,6,9,1,1,0,1,2,0,4,2,5,3,9
2019.0,200.0,1.0,0.0,3,5,3,1,0,3,0,2,1,1,0,1,9,1,1,10,6,9,1,0,0,2,1,0,6,5,5,3,7
2019.0,-50.0,0.0,0.0,3,6,3,0,0,0,1,9,1,1,0,1,9,1,1,14,6,9,1,0,0,2,0,0,6,7,5,8,3
2019.0,0.0,1.0,0.0,3,4,3,0,0,0,0,9,1,1,0,0,1,1,1,18,6,9,1,1,0,0,1,0,4,5,5,3,9
2019.0,240.0,0.0,0.0,3,10,0,0,0,0,2,2,1,1,0,0,2,1,1,19,6,9,1,1,0,0,2,0,6,9,5,3,3
2019.0,48.0,0.0,0.0,3,2,0,0,0,0,1,1,1,1,0,1,1,1,1,4,0,9,0,0,0,0,1,0,10,4,5,3,9
2019.0,0.0,2.0,0.0,2,4,3,0,0,0,0,9,1,1,0,0,5,1,1,6,0,9,0,0,0,1,1,0,4,2,5,9,3
2019.0,1000.0,0.0,0.0,3,6,3,0,0,0,1,9,1,1,0,0,9,1,1,7,0,9,0,1,0,1,1,0,6,7,5,8,3
2019.0,-195.0,0.0,0.0,3,6,3,0,0,0,2,2,1,1,0,0,2,1,1,7,0,9,0,1,0,0,1,0,10,5,5,8,5
2019.0,0.0,1.0,0.0,2,4,3,0,0,0,1,9,1,1,0,0,2,1,1,7,0,9,0,1,0,2,1,0,5,2,5,3,9
2019.0,-300.0,0.0,0.0,3,2,3,0,0,0,1,6,1,1,0,1,6,1,1,8,0,9,0,1,0,0,1,0,6,4,5,9,9
2019.0,100.0,2.0,0.0,2,6,3,0,0,0,1,1,1,1,0,1,1,1,1,8,0,9,0,1,0,1,1,0,10,8,5,8,3
2019.0,55.0,2.0,0.0,3,6,3,0,0,0,1,9,1,1,0,0,9,1,1,11,0,9,0,0,0,2,1,0,10,8,5,8,3
2019.0,0.0,0.0,0.0,3,4,3,0,0,0,0,2,1,1,0,0,5,1,1,12,0,9,0,0,0,2,1,0,4,2,5,5,9
2019.0,-88.0,0.0,0.0,3,12,3,0,0,0,2,8,1,1,1,1,2,1,1,12,0,9,0,0,0,0,0,0,6,5,5,6,5
2019.0,30.0,0.0,0.0,3,6,3,1,0,0,0,5,1,1,0,0,5,1,1,12,0,9,0,0,0,1,1,0,10,8,5,8,3
2019.0,-125.0,0.0,0.0,3,10,3,1,0,0,0,5,1,0,0,1,5,1,1,15,0,9,0,0,0,1,1,0,6,9,5,3,2
2019.0,0.0,1.0,0.0,2,2,3,0,0,0,1,5,1,1,0,0,9,1,1,15,0,9,0,0,0,1,1,0,4,2,5,3,3
2019.0,-350.0,0.0,0.0,3,6,3,4,0,0,1,9,1,1,0,0,9,1,1,15,0,9,0,0,0,2,2,0,6,7,5,8,9
2019.0,0.0,1.0,0.0,3,4,3,0,0,0,0,2,1,1,0,1,5,1,1,16,0,9,0,1,0,2,1,0,4,2,5,9,3
2019.0,0.0,0.0,0.0,3,6,3,0,0,0,1,5,1,1,0,0,5,1,1,16,0,9,0,1,0,1,1,0,5,7,5,8,3
2019.0,0.0,0.0,0.0,3,4,3,0,0,0,1,5,1,1,0,0,1,1,1,16,0,9,0,1,0,2,2,0,5,2,5,3,9
2019.0,0.0,0.0,0.0,3,6,3,0,0,0,1,5,1,1,0,0,5,1,1,17,0,9,0,1,0,0,1,0,4,8,5,9,9
2019.0,0.0,0.0,0.0,3,4,3,0,0,0,1,1,1,1,0,1,5,1,1,17,0,9,0,1,0,1,1,0,4,2,5,3,9