Year,Distance,Totalinjuries,Totalfatalities,Injuryseverity,Collisionmanner,Lightcondition,Weather,SurfaceCondition,Unittype_One,Gender_Drv1,Traveldirection_One,AlcoholUse_Drv1,DrugUse_Drv1,Unittype_Two,Gender_Drv2,Traveldirection_Two,AlcoholUse_Drv2,DrugUse_Drv2,Hour,Weekday,Month,Weekend,Rush_Hour,Hazardous_Road,Age_Group_Drv1,Age_Group_Drv2,Substance_Use,Junction_Category,Violation_Category_Drv1,Violation_Category_Drv2,Unitaction_Category_Two,Unitaction_Category_One
2019.0,15.0,0.0,0.0,3,10,3,0,0,0,1,9,1,1,0,1,9,1,1,17,0,9,0,1,0,2,2,0,10,4,5,3,9
2019.0,-84.0,0.0,0.0,3,6,0,1,0,0,2,1,1,1,0,0,1,1,1,18,0,9,0,1,0,0,1,0,10,7,5,3,3
2019.0,250.0,0.0,0.0,3,6,0,1,4,0,0,9,1,1,0,1,9,1,1,21,0,9,0,0,1,1,2,0,6,7,5,8,3
2019.0,30.0,0.0,0.0,3,10,0,0,0,0,1,2,1,1,0,0,2,1,1,0,1,9,0,0,0,1,1,0,6,5,5,3,3
2019.0,540.0,1.0,0.0,3,2,3,0,0,0,0,9,1,1,2,1,4,1,1,7,1,9,0,1,0,2,0,0,6,2,5,3,9
2019.0,200.0,0.0,0.0,3,6,3,0,0,0,0,9,1,1,0,0,9,1,1,7,1,9,0,1,0,1,1,0,10,8,5,8,3
2019.0,100.0,1.0,0.0,2,6,3,0,0,0,0,2,1,1,0,1,2,1,1,8,1,9,0,1,0,1,0,0,6,8,5,8,3
2019.0,25.0,1.0,0.0,3,6,3,0,0,0,1,9,1,1,0,0,9,1,1,8,1,9,0,1,0,1,1,0,5,8,5,3,3
2019.0,-75.0,0.0,0.0,3,6,3,0,0,0,1,1,1,1,0,0,1,1,1,10,1,9,0,0,0,1,2,0,10,8,5,8,3
2019.0,-35.0,0.0,0.0,3,6,3,0,0,0,1,2,1,1,0,1,2,1,1,10,1,9,0,0,0,2,2,0,10,8,5,8,3
2019.0,0.0,1.0,0.0,3,6,3,0,0,0,1,9,1,1,0,0,9,1,1,10,1,9,0,0,0,2,1,0,10,8,5,8,3
2019.0,-330.0,0.0,0.0,3,4,3,0,0,0,0,2,1,1,0,0,5,1,1,10,1,9,0,0,0,2,2,0,6,2,5,3,9
2019.0,-444.0,1.0,0.0,2,4,3,0,0,0,1,2,1,1,0,0,1,1,1,15,1,9,0,0,0,2,0,0,0,2,5,3,9
2019.0,405.0,0.0,0.0,3,6,3,0,0,0,1,5,1,1,0,1,5,1,1,16,1,9,0,1,0,0,1,0,6,8,5,8,3
2019.0,-318.0,1.0,0.0,2,2,3,0,0,2,0,1,1,1,0,0,5,1,1,16,1,9,0,1,0,1,1,0,6,5,5,3,3
2019.0,0.19,0.0,0.0,3,6,3,0,0,0,1,7,1,1,0,0,9,1,1,16,1,9,0,1,0,1,2,0,6,2,5,3,9
2019.0,-350.0,0.0,0.0,3,6,3,0,0,0,0,5,1,1,0,1,5,1,1,17,1,9,0,1,0,1,1,0,6,7,5,8,3
2019.0,312.0,1.0,0.0,2,4,3,0,0,0,1,9,1,1,0,1,1,1,1,17,1,9,0,1,0,1,1,0,0,2,5,3,9
2019.0,38.0,0.0,0.0,3,10,0,0,0,0,1,5,1,1,0,1,5,1,1,19,1,9,0,1,0,1,2,0,10,5,9,2,3
2019.0,-40.0,0.0,0.0,3,2,0,0,0,0,1,2,1,1,0,0,5,1,1,19,1,9,0,1,0,1,1,0,6,5,5,9,9
2019.0,-1000.0,0.0,0.0,3,10,0,0,0,0,2,9,1,1,0,1,9,1,1,23,1,9,0,0,0,0,1,0,6,9,5,3,2
2019.0,0.0,0.0,0.0,3,2,0,0,0,0,1,5,1,1,0,1,1,1,1,4,2,9,0,0,0,1,1,0,5,2,5,9,3
2019.0,-525.0,0.0,0.0,3,10,3,0,0,0,1,1,1,1,0,0,1,1,1,6,2,9,0,0,0,1,1,0,6,9,5,3,2
2019.0,0.0,3.0,0.0,2,6,3,0,0,0,0,1,1,1,0,0,1,1,1,6,2,9,0,0,0,1,1,0,5,7,5,8,3
2019.0,27.0,1.0,0.0,3,2,3,0,0,2,1,1,1,1,0,1,5,1,1,7,2,9,0,1,0,2,0,0,10,2,5,9,3
2019.0,75.0,0.0,0.0,3,6,3,0,0,0,1,9,1,1,0,0,9,1,1,7,2,9,0,1,0,1,1,0,10,7,5,8,3
2019.0,558.0,0.0,0.0,3,6,3,0,0,0,0,9,1,1,0,0,9,1,1,7,2,9,0,1,0,1,2,0,6,8,5,8,3
2019.0,100.0,0.0,0.0,3,6,3,0,0,0,0,9,1,1,0,1,9,1,1,7,2,9,0,1,0,1,1,0,10,7,5,8,3
2019.0,-77.0,1.0,0.0,2,6,3,0,0,0,0,2,1,1,0,1,2,1,1,8,2,9,0,1,0,2,1,0,6,8,5,8,3
2019.0,0.0,3.0,0.0,2,4,3,0,0,0,1,5,1,1,0,1,2,1,1,10,2,9,0,0,0,2,1,0,5,2,5,9,3
2019.0,0.0,0.0,0.0,3,4,3,0,0,0,0,5,1,1,0,0,5,1,1,11,2,9,0,0,0,1,1,0,4,5,5,9,3
2019.0,85.0,1.0,0.0,2,4,3,0,0,0,1,1,1,1,0,1,9,1,1,12,2,9,0,0,0,1,1,0,0,2,7,3,9
2019.0,-237.0,0.0,0.0,3,6,3,0,0,0,1,1,1,1,0,0,1,1,1,15,2,9,0,0,0,1,1,0,6,7,5,8,3
2019.0,-445.0,1.0,0.0,2,6,3,0,0,0,0,2,1,1,0,1,2,1,1,15,2,9,0,0,0,1,1,0,10,8,5,8,3
2019.0,-262.0,0.0,0.0,3,10,3,0,0,0,1,5,1,1,0,1,5,1,1,15,2,9,0,0,0,0,1,0,6,9,5,3,2
2019.0,-247.0,1.0,0.0,1,6,3,0,0,0,1,1,1,1,0,1,1,1,1,17,2,9,0,1,0,1,1,0,6,8,5,8,2
2019.0,-200.0,1.0,0.0,2,4,3,0,0,0,0,1,1,1,0,0,2,1,1,17,2,9,0,1,0,0,1,0,6,2,5,3,9
2019.0,0.0,0.0,0.0,3,4,3,0,0,0,0,1,1,1,0,0,9,1,1,17,2,9,0,1,0,0,1,0,5,2,5,3,9
2019.0,0.0,0.0,0.0,3,4,3,0,0,0,0,9,1,1,0,1,1,1,1,17,2,9,0,1,0,0,1,0,4,2,5,3,9
2019.0,-75.0,0.0,0.0,3,11,3,0,0,0,1,1,1,1,0,1,9,1,1,17,2,9,0,1,0,1,2,0,10,2,5,3,9
2019.0,40.0,0.0,0.0,3,6,4,0,0,0,1,9,1,1,0,1,9,1,1,18,2,9,0,1,0,1,2,0,4,7,5,8,3
2019.0,-50.0,1.0,0.0,3,10,0,0,0,0,0,1,1,1,0,0,1,1,1,19,2,9,0,1,0,1,1,0,10,9,5,3,2
2019.0,-30.0,0.0,0.0,3,2,0,0,0,0,1,3,1,1,0,1,2,1,1,22,2,9,0,0,0,2,1,0,6,2,5,3,9
2019.0,0.0,0.0,0.0,3,4,3,0,0,0,1,2,1,1,0,1,9,1,1,5,3,9,0,0,0,0,1,0,0,9,5,9,9
2019.0,0.0,0.0,0.0,3,5,3,0,0,0,1,9,1,1,0,1,1,1,1,7,3,9,0,1,0,1,1,0,6,5,5,8,1
2019.0,0.0,0.0,0.0,3,2,3,0,0,0,1,9,1,1,0,1,2,1,1,7,3,9,0,1,0,1,1,0,5,2,5,3,3
2019.0,0.0,0.0,0.0,3,4,3,0,0,0,0,1,1,1,0,0,9,1,1,8,3,9,0,1,0,0,2,0,4,2,5,3,9
2019.0,380.0,0.0,0.0,3,4,3,0,0,0,1,1,1,1,0,1,2,1,1,8,3,9,0,1,0,0,1,0,0,2,5,3,9
2019.0,380.0,0.0,0.0,3,6,3,0,0,0,1,5,1,1,0,0,5,1,1,12,3,9,0,0,0,2,0,0,10,7,5,8,3
2019.0,78.0,0.0,0.0,3,6,3,0,0,0,1,5,1,1,0,1,5,1,1,12,3,9,0,0,0,2,2,0,10,8,5,8,3
2019.0,-100.0,0.0,0.0,3,10,3,0,0,0,0,1,1,1,0,1,1,1,1,13,3,9,0,0,0,1,0,0,10,9,5,3,2
2019.0,-56.0,0.0,0.0,3,10,3,0,0,0,1,2,1,1,0,1,2,1,1,14,3,9,0,0,0,1,1,0,10,9,5,3,2
2019.0,-258.0,1.0,0.0,2,10,3,0,0,0,0,2,1,1,0,1,2,1,1,15,3,9,0,0,0,2,1,0,10,9,5,3,2
2019.0,-88.0,1.0,0.0,2,6,3,0,0,0,0,2,1,1,0,0,2,1,1,15,3,9,0,0,0,1,2,0,4,8,5,8,3
2019.0,385.0,1.0,0.0,3,4,3,0,0,0,0,1,1,1,0,1,9,1,1,15,3,9,0,0,0,1,1,0,6,2,5,3,9
2019.0,-360.0,0.0,0.0,3,6,3,0,0,0,1,9,1,1,0,1,9,1,1,15,3,9,0,0,0,1,1,0,6,8,5,8,3
2019.0,-200.0,0.0,0.0,3,4,3,1,0,0,1,5,1,1,0,1,9,1,1,16,3,9,0,1,0,1,1,0,5,2,5,3,9
2019.0,-200.0,0.0,0.0,3,10,3,0,0,0,1,5,1,1,0,1,5,1,1,17,3,9,0,1,0,2,1,0,10,9,5,3,2
2019.0,-416.0,0.0,0.0,3,6,3,0,0,0,1,1,1,1,0,1,1,1,1,17,3,9,0,1,0,1,1,0,2,7,5,8,3
2019.0,40.0,0.0,0.0,3,10,4,0,0,0,2,9,1,1,0,0,9,1,1,19,3,9,0,1,0,0,2,0,10,9,5,3,2
2019.0,0.0,0.0,0.0,3,4,0,0,0,0,1,9,1,1,0,1,1,1,1,19,3,9,0,1,0,2,2,0,5,2,5,3,9
2019.0,0.0,0.0,0.0,3,4,0,4,0,0,1,1,0,1,0,1,9,1,1,2,4,9,0,0,0,2,1,0,4,2,5,9,3
2019.0,-100.0,0.0,0.0,3,6,3,0,0,0,0,1,1,1,0,1,1,1,1,6,4,9,0,0,0,1,0,0,10,7,5,8,3
2019.0,100.0,0.0,0.0,3,10,3,0,0,0,1,5,1,1,0,0,5,1,1,7,4,9,0,1,0,1,1,0,6,9,5,3,2
2019.0,0.0,0.0,0.0,3,2,3,0,0,0,0,9,1,1,0,1,1,1,1,7,4,9,0,1,0,2,0,0,4,5,5,9,3
2019.0,180.0,0.0,0.0,3,10,3,0,0,0,0,5,1,1,0,0,5,1,1,8,4,9,0,1,0,1,1,0,6,4,5,3,9
2019.0,385.0,0.0,0.0,3,6,3,0,0,0,1,2,1,1,0,1,2,1,1,12,4,9,0,0,0,1,2,0,10,8,5,8,3
2019.0,-314.0,1.0,0.0,2,4,3,0,0,0,1,2,1,1,0,1,1,1,1,12,4,9,0,0,0,0,1,0,6,2,5,3,9
2019.0,212.0,0.0,0.0,3,2,3,0,0,0,1,5,1,1,0,1,5,1,1,12,4,9,0,0,0,1,2,0,6,2,5,3,9
2019.0,0.0,0.0,0.0,3,2,3,0,0,0,0,1,1,1,0,1,5,1,1,13,4,9,0,0,0,1,1,0,3,2,5,3,9
2019.0,1250.0,0.0,0.0,3,6,3,1,0,0,1,5,1,1,0,1,5,1,1,13,4,9,0,0,0,1,1,0,6,9,5,8,3
2019.0,202.0,0.0,0.0,3,10,3,0,0,0,0,5,1,1,0,1,5,1,1,14,4,9,0,0,0,1,1,0,10,9,5,3,2
2019.0,0.0,1.0,0.0,2,10,3,0,0,0,2,5,1,1,2,0,5,1,1,15,4,9,0,0,0,0,1,0,4,2,5,3,9
2019.0,0.0,0.0,0.0,3,4,3,0,0,0,0,2,1,1,0,0,5,1,1,16,4,9,0,1,0,1,2,0,4,2,5,3,9
2019.0,-500.0,1.0,0.0,2,2,3,0,0,2,0,1,1,1,0,1,5,1,1,16,4,9,0,1,0,1,1,0,6,5,5,9,3
2019.0,200.0,0.0,0.0,3,6,3,0,0,0,0,9,1,1,0,0,9,1,1,17,4,9,0,1,0,1,0,0,6,8,5,8,3
2019.0,-0.11,1.0,0.0,3,5,3,0,0,2,0,5,1,1,0,1,9,1,1,18,4,9,0,1,0,2,1,0,6,2,5,3,3
2019.0,15.0,0.0,0.0,3,6,4,0,0,0,1,9,1,1,0,1,9,1,1,18,4,9,0,1,0,2,2,0,10,8,5,8,8
2019.0,0.0,1.0,0.0,3,10,3,0,0,0,0,1,1,1,0,1,1,1,1,18,4,9,0,1,0,2,1,0,5,5,5,3,3
2019.0,0.0,0.0,0.0,3,4,4,0,0,0,0,2,1,1,0,1,5,1,1,19,4,9,0,1,0,2,2,0,5,2,5,3,9
2019.0,25.0,0.0,0.0,3,6,0,0,0,0,1,5,1,1,0,1,5,1,1,19,4,9,0,1,0,2,1,0,5,7,5,8,3
2019.0,0.0,0.0,0.0,3,4,0,0,0,0,1,2,1,1,0,1,5,1,1,20,4,9,0,0,0,2,1,0,4,2,2,9,3
2019.0,200.0,1.0,0.0,3,6,0,0,0,0,0,9,1,1,0,0,9,1,1,22,4,9,0,0,0,2,2,0,6,7,5,8,3
2019.0,0.0,2.0,0.0,2,4,0,0,0,0,1,2,1,1,0,0,5,1,1,2,5,9,1,0,0,1,2,0,4,2,5,3,9
2019.0,0.0,1.0,0.0,1,2,3,0,0,0,0,5,1,1,2,1,9,1,1,8,5,9,1,1,0,0,1,0,10,2,5,3,9
2019.0,0.0,0.0,0.0,3,5,3,0,0,0,0,2,1,1,0,0,9,1,1,13,5,9,1,0,0,1,2,0,5,2,5,3,3
2019.0,0.0,2.0,0.0,3,2,3,0,0,0,0,2,1,1,0,1,1,1,1,13,5,9,1,0,0,1,1,0,5,2,5,3,9
2019.0,-288.0,1.0,0.0,3,10,3,0,0,0,1,5,1,1,0,0,5,1,1,15,5,9,1,0,0,1,1,0,6,9,5,3,3
2019.0,0.0,0.0,0.0,3,6,3,0,0,0,1,9,1,1,0,1,1,1,1,17,5,9,1,1,0,1,2,0,5,5,5,8,1
2019.0,-60.0,0.0,0.0,3,10,4,0,0,0,0,2,1,1,0,0,2,1,1,18,5,9,1,1,0,1,1,0,10,9,5,3,2
2019.0,-60.0,0.0,0.0,3,6,0,0,0,0,0,1,1,1,0,0,1,1,1,19,5,9,1,1,0,1,1,0,6,7,5,3,3
2019.0,-150.0,0.0,0.0,3,6,0,0,0,0,1,1,0,1,0,0,1,1,1,20,5,9,1,0,0,0,2,0,10,7,5,8,3
2019.0,-80.0,0.0,0.0,3,6,0,0,0,0,1,1,1,1,0,1,1,1,1,23,5,9,1,0,0,1,1,0,10,8,5,8,3
2019.0,30.0,2.0,0.0,3,6,0,0,0,0,0,9,1,1,0,0,9,1,1,23,5,9,1,0,0,1,2,0,10,7,5,8,3
2019.0,0.0,2.0,0.0,2,3,3,0,0,0,2,9,1,1,0,1,3,1,1,6,6,9,1,0,0,0,1,0,3,2,5,3,3
2019.0,0.0,0.0,0.0,3,2,3,0,0,0,1,2,1,1,0,1,9,1,1,14,6,9,1,0,0,2,1,0,4,2,5,3,3
2019.0,0.0,0.0,0.0,3,6,3,0,0,0,0,2,1,1,0,1,2,1,1,15,6,9,1,0,0,2,1,0,10,8,5,9,3
2019.0,0.0,0.0,0.0,3,11,3,0,0,0,1,9,1,1,0,0,9,1,1,16,6,9,1,1,0,2,0,0,10,7,5,8,3
2019.0,130.0,0.0,0.0,3,12,1,0,0,0,2,8,1,1,1,1,1,1,1,23,6,9,1,0,0,0,1,0,6,7,5,6,5
2019.0,0.0,0.0,0.0,3,4,0,0,4,0,1,1,1,1,0,1,1,1,1,2,0,9,0,0,1,1,1,0,4,5,2,3,9
2019.0,0.0,0.0,0.0,3,2,0,3,4,0,0,5,1,1,0,1,1,1,1,5,0,9,0,0,1,2,1,0,5,7,8,3,3
2019.0,-544.0,0.0,0.0,3,10,3,1,0,0,1,2,1,1,0,1,2,1,1,6,0,9,0,0,0,1,1,0,0,5,5,9,9
2019.0,0.0,0.0,0.0,3,2,2,3,4,0,0,2,1,1,0,0,9,1,1,7,0,9,0,1,1,2,0,0,5,5,5,5,3
2019.0,20.0,0.0,0.0,3,6,3,1,4,0,0,9,1,1,0,1,9,1,1,7,0,9,0,1,1,1,0,0,10,7,5,8,3
2019.0,0.0,0.0,0.0,3,6,2,1,0,0,0,2,1,1,0,0,2,1,1,7,0,9,0,1,0,1,1,0,10,5,5,5,5
2019.0,-15.0,0.0,0.0,3,10,3,1,2,0,1,1,1,1,0,1,1,1,1,7,0,9,0,1,1,2,1,0,5,9,5,3,3
2019.0,345.0,1.0,0.0,3,6,3,1,4,0,1,2,1,1,0,1,2,1,1,7,0,9,0,1,1,1,2,0,6,8,5,8,3
2019.0,-450.0,0.0,0.0,3,4,3,1,4,0,1,9,1,1,0,1,2,1,1,8,0,9,0,1,1,1,2,0,6,2,5,3,9
2019.0,580.0,2.0,0.0,2,2,3,0,0,0,0,2,1,1,0,0,2,1,1,9,0,9,0,1,0,1,1,0,0,2,5,3,9
2019.0,0.0,1.0,0.0,2,9,3,0,0,0,0,2,1,1,0,0,9,1,1,10,0,9,0,0,0,1,2,0,4,2,5,3,3
2019.0,0.0,1.0,0.0,2,2,3,0,0,2,1,5,1,1,0,1,9,1,1,11,0,9,0,0,0,2,2,0,5,5,5,9,7
2019.0,108.0,1.0,0.0,3,6,3,0,0,0,1,9,1,1,0,0,9,1,1,15,0,9,0,0,0,2,1,0,4,8,5,8,3
2019.0,-298.0,2.0,0.0,2,2,3,0,0,0,1,9,1,1,0,0,1,1,1,17,0,9,0,1,0,1,2,0,0,2,5,3,9
2019.0,-85.0,0.0,0.0,3,6,3,0,0,0,1,1,1,1,0,1,1,1,1,17,0,9,0,1,0,0,1,0,3,7,5,8,3
2019.0,0.0,0.0,0.0,3,10,3,1,0,0,0,1,1,1,0,1,1,1,1,17,0,9,0,1,0,1,1,0,10,4,5,6,9
2019.0,200.0,0.0,0.0,3,10,3,0,0,0,0,5,1,1,0,1,5,1,1,18,0,9,0,1,0,1,1,0,10,9,9,2,2
2019.0,-200.0,0.0,0.0,3,12,5,4,3,0,2,8,1,1,1,1,8,1,1,18,0,9,0,1,0,0,1,0,6,5,5,6,5
2019.0,20.0,3.0,0.0,2,4,4,0,0,0,0,9,1,1,0,1,1,1,1,18,0,9,0,1,0,0,2,0,10,2,5,3,9
2019.0,20.0,0.0,0.0,3,10,0,3,4,0,1,1,1,1,0,1,1,1,1,18,0,9,0,1,1,1,1,0,10,9,5,8,2
2019.0,-120.0,1.0,0.0,3,6,0,0,0,0,1,2,1,1,0,1,2,1,1,18,0,9,0,1,0,2,0,0,10,7,5,8,3
2019.0,0.0,0.0,0.0,3,2,5,0,0,0,0,5,1,1,0,1,4,1,1,19,0,9,0,1,0,1,1,0,4,2,5,9,3
2019.0,0.0,0.0,0.0,3,5,0,0,0,0,1,9,1,1,0,0,1,1,1,20,0,9,0,0,0,2,2,0,4,9,2,9,3
2019.0,0.0,0.0,0.0,3,4,3,1,0,0,1,9,1,1,0,0,5,1,1,7,1,9,0,1,0,0,1,0,5,2,5,3,9
2019.0,0.0,0.0,0.0,3,6,3,0,0,0,0,9,1,1,0,1,9,1,1,7,1,9,0,1,0,2,1,0,5,8,5,8,3
2019.0,30.0,0.0,0.0,3,10,3,0,0,0,1,1,1,1,0,0,1,1,1,10,1,9,0,0,0,1,2,0,10,9,5,3,2
2019.0,0.0,0.0,0.0,3,4,3,0,0,0,0,5,1,1,0,0,5,1,1,11,1,9,0,0,0,1,2,0,5,5,5,9,3
2019.0,465.0,0.0,0.0,3,10,3,0,0,0,0,5,1,1,0,1,5,1,1,12,1,9,0,0,0,1,1,0,6,9,5,3,2
2019.0,405.0,1.0,0.0,3,6,3,0,0,0,1,2,1,1,0,1,2,1,1,13,1,9,0,0,0,1,1,0,0,7,5,8,3
2019.0,25.0,0.0,0.0,3,11,3,0,0,0,0,2,1,1,0,1,2,1,1,15,1,9,0,0,0,2,2,0,3,4,5,9,9
2019.0,0.0,2.0,0.0,2,4,3,0,0,0,0,9,1,1,0,1,1,1,1,15,1,9,0,0,0,2,2,0,4,2,5,3,9
2019.0,745.0,0.0,0.0,3,6,3,0,0,0,1,1,1,1,0,0,1,1,1,15,1,9,0,0,0,1,0,0,6,8,5,8,3
2019.0,-300.0,0.0,0.0,3,2,3,0,0,0,2,2,1,1,0,0,5,1,1,16,1,9,0,1,0,0,1,0,6,5,5,9,9
2019.0,-160.0,0.0,0.0,3,10,3,0,0,0,0,3,1,1,0,1,1,1,1,17,1,9,0,1,0,1,2,0,10,5,5,3,5
2019.0,325.0,1.0,0.0,2,10,3,0,0,0,0,1,1,1,0,0,1,1,1,18,1,9,0,1,0,1,2,0,6,9,5,3,2
2019.0,0.0,0.0,0.0,3,4,4,0,0,0,1,1,1,1,0,1,9,1,1,18,1,9,0,1,0,2,2,0,4,2,5,3,9
2019.0,250.0,0.0,0.0,3,6,3,0,0,0,0,5,1,1,0,0,5,1,1,18,1,9,0,1,0,2,1,0,10,8,5,8,3
2019.0,0.0,1.0,0.0,3,4,0,0,0,0,0,2,1,1,0,1,5,1,1,18,1,9,0,1,0,1,2,0,4,2,5,3,9
2019.0,-50.0,1.0,0.0,3,6,4,0,0,0,2,1,1,1,0,0,1,1,1,18,1,9,0,1,0,0,1,0,10,7,5,9,9
2019.0,0.0,1.0,0.0,3,5,0,0,0,0,0,9,1,1,3,0,9,1,1,18,1,9,0,1,0,0,1,0,4,2,5,7,9
2019.0,0.0,0.0,0.0,3,4,0,0,0,0,0,1,1,1,0,0,9,1,1,19,1,9,0,1,0,2,1,0,4,2,5,3,9
2019.0,0.0,0.0,0.0,3,2,2,0,0,0,1,9,1,1,0,1,1,1,1,6,2,9,0,0,0,1,0,0,10,7,5,9,3
2019.0,0.0,0.0,0.0,3,5,3,1,0,0,0,2,1,1,0,0,2,1,1,7,2,9,0,1,0,1,1,0,4,5,5,9,3
2019.0,-40.0,0.0,0.0,3,6,3,0,0,0,0,2,1,1,0,1,2,1,1,7,2,9,0,1,0,1,1,0,6,8,5,8,3
2019.0,0.0,0.0,0.0,3,6,5,4,0,0,1,2,1,1,0,1,2,1,1,11,2,9,0,0,0,1,0,0,4,8,5,8,3
2019.0,0.0,2.0,0.0,2,4,3,0,0,0,1,9,1,1,0,0,2,1,1,13,2,9,0,0,0,2,2,0,5,2,5,3,9
2019.0,-90.0,0.0,0.0,3,6,3,1,0,0,1,9,1,1,0,1,9,1,1,13,2,9,0,0,0,2,1,0,10,8,5,8,3
2019.0,-290.0,0.0,0.0,3,10,3,0,0,0,0,5,1,1,0,0,5,1,1,15,2,9,0,0,0,2,2,0,6,9,5,3,2
2019.0,0.0,1.0,0.0,2,2,3,0,0,3,0,2,1,1,0,1,1,1,1,15,2,9,0,0,0,2,0,0,4,2,5,3,7
2019.0,-225.0,0.0,0.0,3,2,3,0,0,0,1,9,1,1,0,1,2,1,1,15,2,9,0,0,0,0,2,0,0,2,5,3,9
2019.0,600.0,0.0,0.0,3,2,3,0,0,0,0,5,1,1,0,1,6,1,1,16,2,9,0,1,0,1,2,0,6,2,5,3,9
2019.0,-300.0,1.0,0.0,3,6,3,1,0,0,0,9,1,1,0,1,9,1,1,16,2,9,0,1,0,1,0,0,10,8,5,8,3
2019.0,0.0,1.0,0.0,2,5,3,1,0,0,1,1,1,1,2,1,5,1,1,17,2,9,0,1,0,1,1,0,9,2,5,3,3
2019.0,0.26,0.0,0.0,3,10,3,0,0,0,0,5,1,1,0,1,5,1,1,17,2,9,0,1,0,0,1,0,6,5,5,5,5
2019.0,0.0,1.0,0.0,2,4,3,0,4,0,0,2,1,1,0,1,5,1,1,17,2,9,0,1,1,1,2,0,5,2,5,3,9
2019.0,250.0,0.0,0.0,3,4,4,0,0,0,0,2,1,1,0,1,9,1,1,19,2,9,0,1,0,2,2,0,0,2,5,3,9
2019.0,-315.0,2.0,0.0,2,6,3,0,0,0,0,9,1,1,0,0,9,1,1,7,3,9,0,1,0,1,1,0,6,8,5,8,3
2019.0,283.0,0.0,0.0,3,10,3,1,0,0,0,5,1,1,0,0,5,1,1,7,3,9,0,1,0,1,1,0,10,9,5,3,2
2019.0,110.0,0.0,0.0,3,10,3,0,0,0,1,9,1,1,0,1,9,1,1,7,3,9,0,1,0,1,1,0,0,9,5,3,2
2019.0,0.0,2.0,0.0,2,6,3,0,0,0,0,9,1,1,0,1,9,1,1,8,3,9,0,1,0,1,1,0,5,8,5,8,3
2019.0,0.0,1.0,0.0,2,4,3,0,0,0,1,1,1,1,0,0,2,1,1,9,3,9,0,1,0,1,2,0,4,7,2,9,3
2019.0,365.0,0.0,0.0,3,6,3,1,0,0,0,1,1,1,0,0,1,1,1,11,3,9,0,0,0,2,0,0,6,8,5,8,3
2019.0,-260.0,0.0,0.0,3,6,3,0,0,0,0,1,1,1,0,0,1,1,1,12,3,9,0,0,0,2,0,0,10,8,5,8,3
2019.0,-30.0,0.0,0.0,3,6,3,0,0,0,1,1,1,1,0,0,1,1,1,14,3,9,0,0,0,0,1,0,10,8,5,8,2
2019.0,20.0,0.0,0.0,3,6,3,1,0,0,0,2,1,1,0,0,2,1,1,14,3,9,0,0,0,2,2,0,10,5,5,3,1
2019.0,330.0,0.0,0.0,3,10,3,1,0,0,1,5,1,1,0,0,5,1,1,15,3,9,0,0,0,1,1,0,6,9,5,3,2
2019.0,0.0,1.0,0.0,3,6,3,3,4,0,1,2,1,1,0,0,2,1,1,16,3,9,0,1,1,2,2,0,5,7,5,8,3
2019.0,25.0,1.0,0.0,2,2,3,3,4,0,1,9,1,1,0,1,5,1,1,16,3,9,0,1,1,1,1,0,10,7,5,8,9
2019.0,-92.0,0.0,0.0,3,2,3,1,4,0,1,9,1,1,0,1,2,1,1,16,3,9,0,1,1,2,0,0,10,7,5,8,9
2019.0,-60.0,2.0,0.0,2,6,3,0,4,0,0,1,1,1,0,0,1,1,1,16,3,9,0,1,1,1,1,0,6,8,5,8,3
2019.0,-500.0,0.0,0.0,3,6,3,3,4,0,1,1,1,1,0,1,1,1,1,17,3,9,0,1,1,1,1,0,6,8,5,8,3
2019.0,130.0,1.0,0.0,3,6,3,1,0,0,0,9,1,1,0,0,9,1,1,17,3,9,0,1,0,2,1,0,10,8,5,8,3
2019.0,-250.0,0.0,0.0,3,6,3,1,0,0,0,5,1,1,0,1,5,1,1,17,3,9,0,1,0,1,1,0,6,7,5,8,3
2019.0,0.0,4.0,0.0,2,4,4,1,0,0,0,1,1,1,0,0,9,1,1,17,3,9,0,1,0,2,1,0,4,2,5,3,9
2019.0,175.0,1.0,0.0,2,4,4,1,0,0,1,5,1,1,0,1,5,1,1,18,3,9,0,1,0,2,1,0,10,4,5,3,9
2019.0,0.0,0.0,0.0,3,4,0,0,0,0,0,1,1,1,0,0,2,1,1,19,3,9,0,1,0,2,2,0,6,4,5,3,9
2019.0,-503.0,0.0,0.0,3,10,0,0,0,0,1,9,1,1,0,0,9,1,1,20,3,9,0,0,0,2,2,0,6,9,5,3,3
2019.0,0.0,2.0,0.0,3,6,0,0,0,0,1,5,1,1,0,1,5,1,1,22,3,9,0,0,0,1,2,0,10,7,5,8,3
2019.0,-275.0,0.0,0.0,3,2,0,0,0,0,2,5,1,1,1,1,5,1,1,0,4,9,0,0,0,0,1,0,6,5,5,3,5
2019.0,0.0,1.0,0.0,3,2,0,0,0,0,1,9,1,1,0,1,5,1,1,4,4,9,0,0,0,1,1,0,4,2,5,3,3
2019.0,-60.0,0.0,0.0,3,12,3,1,0,0,2,8,1,1,0,1,8,1,1,7,4,9,0,1,0,0,1,0,6,5,5,6,5
2019.0,40.0,0.0,0.0,3,6,3,0,0,0,1,1,1,1,0,0,9,1,1,9,4,9,0,1,0,1,1,0,10,5,5,8,1
2019.0,31.0,0.0,0.0,3,10,3,1,0,0,0,5,1,1,0,1,5,1,1,9,4,9,0,1,0,2,1,0,10,5,5,9,2