Year,Distance,Totalinjuries,Totalfatalities,Injuryseverity,Collisionmanner,Lightcondition,Weather,SurfaceCondition,Unittype_One,Gender_Drv1,Traveldirection_One,AlcoholUse_Drv1,DrugUse_Drv1,Unittype_Two,Gender_Drv2,Traveldirection_Two,AlcoholUse_Drv2,DrugUse_Drv2,Hour,Weekday,Month,Weekend,Rush_Hour,Hazardous_Road,Age_Group_Drv1,Age_Group_Drv2,Substance_Use,Junction_Category,Violation_Category_Drv1,Violation_Category_Drv2,Unitaction_Category_Two,Unitaction_Category_One
2019.0,20.0,0.0,0.0,3,10,0,0,0,0,1,9,1,1,0,1,9,1,1,20,5,11,1,0,0,0,1,0,10,9,5,3,2
2019.0,0.0,1.0,0.0,3,4,0,0,0,0,0,1,1,1,0,1,1,1,1,0,6,11,1,0,0,1,2,0,4,9,5,3,9
2019.0,0.0,0.0,0.0,3,4,0,0,0,0,0,9,0,1,0,1,1,1,1,1,6,11,1,0,0,2,2,0,5,2,5,3,9
2019.0,-120.0,0.0,0.0,3,10,3,0,0,0,1,2,1,1,0,1,2,1,1,13,6,11,1,0,0,0,1,0,10,9,5,8,2
2019.0,30.0,2.0,0.0,1,6,0,0,0,0,0,5,1,1,0,1,5,1,1,18,6,11,1,1,0,0,1,0,10,7,5,8,3
2019.0,0.0,0.0,0.0,3,2,0,0,0,0,1,5,1,1,0,0,5,1,1,20,6,11,1,0,0,1,2,0,5,2,5,3,9
2019.0,0.0,1.0,0.0,3,2,0,0,0,0,1,6,1,1,0,1,2,1,1,22,6,11,1,0,0,1,1,0,5,2,5,3,9
2019.0,276.0,0.0,0.0,3,5,3,0,0,0,1,2,1,1,0,0,2,1,1,7,0,11,0,1,0,1,1,0,6,5,5,8,1
2019.0,0.0,2.0,0.0,3,6,3,0,0,0,2,1,1,1,0,0,1,1,1,7,0,11,0,1,0,0,2,0,10,5,5,8,3
2019.0,-373.0,0.0,0.0,3,2,3,0,0,0,0,2,1,1,0,1,2,1,1,7,0,11,0,1,0,1,1,0,6,9,5,3,2
2019.0,0.0,0.0,0.0,3,10,3,0,0,0,0,5,1,1,0,1,5,1,1,8,0,11,0,1,0,1,2,0,5,9,5,3,2
2019.0,-650.0,0.0,0.0,3,10,5,4,3,0,2,8,1,1,1,1,1,1,1,12,0,11,0,0,0,0,1,0,6,5,5,6,5
2019.0,700.0,1.0,0.0,2,2,3,4,0,0,0,9,1,1,0,0,1,1,1,12,0,11,0,0,0,1,1,0,0,2,5,3,9
2019.0,-550.0,0.0,0.0,3,6,3,0,0,0,0,9,1,1,0,0,9,1,1,12,0,11,0,0,0,1,1,0,6,8,5,8,3
2019.0,-15.0,0.0,0.0,3,10,3,0,0,0,1,2,1,1,0,0,2,1,1,12,0,11,0,0,0,1,1,0,10,9,5,8,9
2019.0,-60.0,1.0,0.0,3,6,3,0,0,0,1,5,1,1,0,1,5,1,1,13,0,11,0,0,0,2,1,0,10,7,5,8,3
2019.0,-30.0,1.0,0.0,3,6,3,0,0,0,1,2,1,1,0,0,2,1,1,13,0,11,0,0,0,1,1,0,10,8,5,8,3
2019.0,0.0,1.0,0.0,3,9,3,0,0,0,1,5,1,1,0,1,2,1,1,14,0,11,0,0,0,0,1,0,4,9,5,3,3
2019.0,177.0,0.0,0.0,3,4,3,0,0,0,0,1,1,1,0,0,5,1,1,15,0,11,0,0,0,2,1,0,6,2,5,3,9
2019.0,-200.0,1.0,0.0,3,6,3,0,0,0,0,1,1,1,0,0,1,1,1,16,0,11,0,1,0,2,0,0,10,7,5,8,3
2019.0,0.0,0.0,0.0,3,4,4,0,0,0,1,5,1,1,0,1,2,1,1,18,0,11,0,1,0,2,1,0,5,2,5,3,9
2019.0,800.0,0.0,0.0,3,6,0,0,0,0,2,5,1,1,0,1,5,1,1,18,0,11,0,1,0,0,0,0,6,8,5,8,3
2019.0,0.0,2.0,0.0,2,4,3,0,0,0,1,5,1,1,0,0,2,1,1,7,1,11,0,1,0,1,1,0,4,2,5,3,9
2019.0,300.0,0.0,0.0,3,10,3,0,0,0,1,9,1,1,0,0,9,1,1,7,1,11,0,1,0,1,1,0,6,9,5,3,2
2019.0,65.0,0.0,0.0,3,6,3,0,0,0,1,9,1,1,0,1,9,1,1,8,1,11,0,1,0,1,1,0,6,7,5,8,3
2019.0,-150.0,0.0,0.0,3,10,3,0,0,0,1,2,1,1,0,0,2,1,1,8,1,11,0,1,0,1,1,0,6,9,5,3,2
2019.0,-180.0,0.0,0.0,3,2,3,0,0,0,1,9,1,1,0,1,9,1,1,8,1,11,0,1,0,1,1,0,6,5,5,9,9
2019.0,30.0,0.0,0.0,3,10,3,0,0,0,1,2,1,1,0,0,2,1,1,8,1,11,0,1,0,2,1,0,10,9,5,3,3
2019.0,0.0,0.0,0.0,3,10,3,0,0,0,1,6,1,1,0,0,6,1,1,8,1,11,0,1,0,1,1,0,4,4,5,9,9
2019.0,-40.0,0.0,0.0,3,6,3,0,0,0,0,1,1,1,0,0,1,1,1,8,1,11,0,1,0,1,1,0,10,9,5,8,3
2019.0,15.0,1.0,0.0,2,5,3,0,0,0,2,1,1,1,3,0,9,1,1,9,1,11,0,1,0,0,0,0,4,2,5,7,9
2019.0,77.0,0.0,0.0,3,6,3,0,0,0,0,9,1,1,0,1,9,1,1,10,1,11,0,0,0,2,2,0,10,5,5,8,3
2019.0,-186.0,0.0,0.0,3,4,3,0,0,0,0,5,1,1,0,1,1,1,1,11,1,11,0,0,0,2,1,0,0,2,5,3,9
2019.0,-15.0,0.0,0.0,3,10,3,0,0,0,0,5,1,1,0,0,5,1,1,11,1,11,0,0,0,1,1,0,10,9,5,9,2
2019.0,300.0,0.0,0.0,3,10,3,0,0,0,1,5,1,1,0,0,5,1,1,11,1,11,0,0,0,0,1,0,10,9,5,3,2
2019.0,15.0,1.0,0.0,3,5,3,0,0,3,1,1,1,1,0,1,5,1,1,13,1,11,0,0,0,0,2,0,10,5,5,3,7
2019.0,-15.0,0.0,0.0,3,2,3,0,0,0,1,1,1,1,0,1,5,1,1,14,1,11,0,0,0,1,2,0,10,2,5,3,9
2019.0,-387.0,0.0,0.0,3,10,3,0,0,0,1,9,1,1,0,1,9,1,1,14,1,11,0,0,0,0,1,0,6,5,5,9,9
2019.0,100.0,0.0,0.0,3,10,3,0,0,0,1,2,1,1,0,0,2,1,1,15,1,11,0,0,0,1,2,0,10,9,5,3,2
2019.0,-150.0,1.0,0.0,2,2,3,0,0,0,1,1,1,1,0,1,9,1,1,15,1,11,0,0,0,1,1,0,0,2,5,3,9
2019.0,150.0,0.0,0.0,3,6,3,0,0,0,0,5,1,1,0,0,5,1,1,15,1,11,0,0,0,0,1,0,10,8,5,8,3
2019.0,0.0,0.0,0.0,3,6,3,0,0,0,1,5,1,1,0,1,5,1,1,15,1,11,0,0,0,1,1,0,10,5,5,3,3
2019.0,0.0,1.0,0.0,2,4,3,0,0,0,1,4,1,1,0,1,2,1,1,16,1,11,0,1,0,0,1,0,4,2,5,3,9
2019.0,-25.0,0.0,0.0,3,10,0,0,0,0,1,1,1,1,0,1,1,1,1,17,1,11,0,1,0,0,2,0,10,9,5,8,3
2019.0,45.0,1.0,0.0,2,2,0,0,0,3,1,1,1,1,0,0,5,1,1,17,1,11,0,1,0,2,1,0,10,2,5,3,7
2019.0,-115.0,0.0,0.0,3,2,0,0,0,0,0,5,1,1,0,1,5,1,1,17,1,11,0,1,0,2,1,0,6,9,5,3,2
2019.0,0.0,1.0,0.0,3,6,0,0,0,0,0,1,1,1,0,1,1,1,1,18,1,11,0,1,0,2,2,0,0,7,5,3,3
2019.0,0.0,1.0,0.0,3,4,0,0,0,0,0,5,1,1,0,0,2,1,1,18,1,11,0,1,0,1,0,0,4,5,5,9,3
2019.0,0.0,1.0,0.0,1,4,0,0,0,0,1,9,1,1,0,1,1,1,1,19,1,11,0,1,0,2,0,0,4,7,5,9,3
2019.0,0.0,0.0,0.0,3,10,0,0,0,0,1,9,1,1,0,1,9,1,1,0,2,11,0,0,0,1,2,0,4,9,5,3,2
2019.0,30.0,0.0,0.0,3,6,2,1,0,0,1,9,1,1,0,0,9,1,1,7,2,11,0,1,0,2,1,0,10,7,5,8,3
2019.0,-330.0,0.0,0.0,3,10,3,0,0,0,0,2,1,1,0,0,2,1,1,7,2,11,0,1,0,2,1,0,6,9,5,3,2
2019.0,200.0,0.0,0.0,3,10,3,0,0,0,0,5,1,1,0,1,5,1,1,13,2,11,0,0,0,2,1,0,10,9,5,3,2
2019.0,60.0,2.0,0.0,3,6,3,0,0,0,0,5,1,1,0,1,5,1,1,14,2,11,0,0,0,2,2,0,10,8,5,8,3
2019.0,365.0,0.0,0.0,3,10,3,0,0,0,1,9,1,1,0,1,9,1,1,14,2,11,0,0,0,1,2,0,6,9,5,3,2
2019.0,0.0,6.0,0.0,2,4,3,0,0,0,0,5,1,1,0,0,2,1,1,15,2,11,0,0,0,1,1,0,4,4,5,3,9
2019.0,0.0,0.0,0.0,3,2,3,0,0,0,1,1,1,1,0,0,5,1,1,15,2,11,0,0,0,2,1,0,5,2,5,3,9
2019.0,-100.0,0.0,0.0,3,6,3,0,0,0,0,5,1,1,0,0,5,1,1,16,2,11,0,1,0,2,0,0,10,8,5,8,3
2019.0,0.0,2.0,0.0,3,4,3,0,0,0,1,9,1,1,0,1,1,1,1,16,2,11,0,1,0,1,1,0,4,2,5,3,9
2019.0,15.0,0.0,0.0,3,6,3,0,0,0,1,5,1,1,0,1,5,1,1,17,2,11,0,1,0,1,1,0,10,8,5,8,9
2019.0,550.0,0.0,0.0,3,6,4,0,0,0,0,5,1,1,0,0,5,1,1,18,2,11,0,1,0,1,2,0,6,7,5,8,3
2019.0,0.0,0.0,0.0,3,4,0,0,0,0,0,1,1,1,0,1,9,1,1,19,2,11,0,1,0,1,1,0,4,2,5,3,9
2019.0,250.0,1.0,0.0,2,12,3,0,0,0,1,9,1,1,0,1,9,1,1,6,3,11,0,0,0,2,0,0,10,8,5,8,3
2019.0,235.0,0.0,0.0,3,4,3,0,0,0,0,2,1,1,0,1,1,1,1,7,3,11,0,1,0,1,1,0,6,2,5,3,9
2019.0,790.0,0.0,0.0,3,11,3,0,0,0,0,9,1,1,0,0,9,1,1,7,3,11,0,1,0,2,1,0,6,4,5,3,9
2019.0,-15.0,0.0,0.0,3,4,3,0,0,0,1,9,1,1,0,1,1,1,1,9,3,11,0,1,0,1,1,0,10,2,5,9,9
2019.0,0.0,0.0,0.0,3,9,3,0,0,0,1,1,1,1,0,0,9,1,1,12,3,11,0,0,0,1,1,0,4,4,4,9,9
2019.0,-750.0,0.0,0.0,3,6,3,0,0,0,1,5,1,1,0,1,5,1,1,12,3,11,0,0,0,1,1,0,6,8,5,8,3
2019.0,-40.0,0.0,0.0,3,6,3,0,0,0,1,2,1,1,0,1,2,1,1,13,3,11,0,0,0,1,2,0,10,7,5,8,3
2019.0,80.0,2.0,0.0,2,9,3,0,0,0,1,1,1,1,0,1,9,1,1,15,3,11,0,0,0,1,1,0,10,9,5,3,3
2019.0,-400.0,0.0,0.0,3,4,3,0,0,0,0,5,1,1,0,1,9,1,1,15,3,11,0,0,0,1,2,0,6,2,5,3,9
2019.0,-15.0,1.0,0.0,2,5,3,0,0,2,0,1,1,1,0,1,9,1,1,16,3,11,0,1,0,2,1,0,10,2,5,9,7
2019.0,20.0,0.0,0.0,3,10,3,0,0,0,2,5,1,1,0,0,5,1,1,16,3,11,0,1,0,0,1,0,10,5,5,9,9
2019.0,15.0,1.0,0.0,2,10,3,0,0,0,1,9,1,1,0,0,9,1,1,17,3,11,0,1,0,1,1,0,10,5,5,8,9
2019.0,-90.0,0.0,0.0,3,6,4,0,0,0,0,1,1,1,0,1,1,1,1,18,3,11,0,1,0,1,1,0,6,7,5,8,3
2019.0,150.0,0.0,0.0,3,6,4,0,0,0,0,5,1,1,0,1,5,1,1,18,3,11,0,1,0,2,1,0,10,7,5,8,3
2019.0,-70.0,0.0,0.0,3,6,0,0,0,0,0,2,1,1,0,0,2,1,1,19,3,11,0,1,0,1,1,0,10,7,5,8,3
2019.0,0.0,2.0,0.0,3,4,0,0,0,0,0,3,1,1,0,1,9,1,1,20,3,11,0,0,0,1,1,0,4,4,5,3,9
2019.0,20.0,0.0,0.0,3,6,0,0,0,0,1,1,1,1,1,1,1,1,1,3,4,11,0,0,0,2,1,0,10,9,5,6,3
2019.0,-55.0,0.0,0.0,3,10,3,0,0,0,0,1,1,1,0,1,1,1,1,6,4,11,0,0,0,2,2,0,10,9,5,3,2
2019.0,0.0,0.0,0.0,3,4,3,0,0,0,0,1,1,1,0,1,9,1,1,7,4,11,0,1,0,2,0,0,4,2,5,3,9
2019.0,0.0,1.0,0.0,2,4,3,0,0,0,0,7,1,1,0,1,1,1,1,8,4,11,0,1,0,1,2,0,4,2,5,3,9
2019.0,-200.0,2.0,0.0,2,2,3,0,0,0,0,9,1,1,0,1,2,1,1,12,4,11,0,0,0,1,2,0,6,2,5,3,9
2019.0,0.0,0.0,0.0,3,9,3,0,0,0,1,5,1,1,0,1,2,1,1,12,4,11,0,0,0,1,1,0,4,9,5,3,3
2019.0,-240.0,0.0,0.0,3,6,3,0,0,0,0,2,1,1,0,1,2,1,1,12,4,11,0,0,0,2,1,0,10,7,5,8,3
2019.0,-58.0,0.0,0.0,3,6,3,0,0,0,1,2,1,1,0,1,2,1,1,13,4,11,0,0,0,1,0,0,10,7,5,8,3
2019.0,350.0,0.0,0.0,3,6,3,0,0,0,1,1,1,1,0,1,1,1,1,13,4,11,0,0,0,1,2,0,0,5,5,9,3
2019.0,200.0,0.0,0.0,3,6,3,0,0,0,1,5,1,1,0,1,5,1,1,14,4,11,0,0,0,2,1,0,10,8,5,8,3
2019.0,250.0,0.0,0.0,3,6,3,0,0,0,0,1,1,1,0,1,1,1,1,14,4,11,0,0,0,1,0,0,6,5,5,3,3
2019.0,-5.0,0.0,0.0,3,10,3,0,0,0,1,1,1,1,1,1,1,1,1,14,4,11,0,0,0,1,1,0,6,9,5,6,3
2019.0,-180.0,0.0,0.0,3,10,3,0,0,0,1,5,1,1,0,0,5,1,1,14,4,11,0,0,0,0,1,0,0,5,5,8,9
2019.0,130.0,0.0,0.0,3,10,3,0,0,0,2,5,1,1,0,1,5,1,1,15,4,11,0,0,0,0,1,0,10,9,5,3,2
2019.0,0.0,0.0,0.0,3,4,4,0,0,0,1,5,0,1,0,1,2,1,1,17,4,11,0,1,0,1,2,0,5,2,5,3,9
2019.0,-800.0,0.0,0.0,3,6,0,0,0,0,1,2,1,1,0,0,2,1,1,19,4,11,0,1,0,2,1,0,6,7,5,3,8
2019.0,0.0,0.0,0.0,3,4,0,0,0,0,2,9,1,1,0,1,1,1,1,22,4,11,0,0,0,0,1,0,5,4,5,9,3
2019.0,-86.0,0.0,0.0,3,6,0,0,0,0,1,2,1,1,0,0,2,1,1,22,4,11,0,0,0,0,1,0,10,8,5,8,8
2019.0,238.0,0.0,0.0,3,10,0,0,0,0,0,1,1,1,0,1,1,1,1,0,5,11,1,0,0,2,2,0,6,9,5,3,6
2019.0,300.0,0.0,0.0,3,6,3,0,0,0,0,2,1,1,0,0,2,1,1,13,5,11,1,0,0,2,1,0,10,8,5,8,3
2019.0,0.0,0.0,0.0,3,2,4,0,0,0,1,9,0,1,0,1,1,1,1,17,5,11,1,1,0,1,1,0,4,2,5,3,9
2019.0,-134.0,0.0,0.0,3,3,0,0,0,0,0,2,1,1,0,1,5,1,1,18,5,11,1,1,0,1,1,0,10,9,5,3,5
2019.0,-35.0,0.0,0.0,3,6,4,0,0,0,1,2,1,1,0,0,2,1,1,18,5,11,1,1,0,0,1,0,10,8,5,8,3
2019.0,147.0,0.0,0.0,3,6,0,0,0,0,1,1,0,1,0,0,1,1,1,18,5,11,1,1,0,1,1,0,6,7,5,8,3
2019.0,0.0,0.0,0.0,3,4,0,0,0,0,1,2,1,1,0,1,1,1,1,19,5,11,1,1,0,0,1,0,4,2,5,9,3
2019.0,100.0,0.0,0.0,3,2,0,0,0,0,1,1,1,1,0,1,1,1,1,23,5,11,1,0,0,2,0,0,6,2,5,3,5
2019.0,0.0,1.0,0.0,2,2,3,0,0,0,0,9,1,1,0,1,2,1,1,8,6,11,1,1,0,2,0,0,4,2,5,3,3
2019.0,-50.0,0.0,0.0,3,11,3,0,0,0,0,2,1,1,0,0,2,1,1,10,6,11,1,0,0,1,2,0,10,4,5,3,9
2019.0,150.0,0.0,0.0,3,2,3,0,0,0,1,2,1,1,0,0,1,1,1,11,6,11,1,0,0,2,1,0,0,7,5,3,3
2019.0,-100.0,0.0,0.0,3,10,3,0,0,0,1,9,1,1,0,1,9,1,1,12,6,11,1,0,0,1,1,0,10,9,5,3,0
2019.0,80.0,1.0,0.0,3,6,3,0,0,0,0,5,1,1,0,0,5,1,1,13,6,11,1,0,0,1,2,0,10,7,5,8,3
2019.0,0.0,0.0,0.0,3,2,4,0,0,0,1,9,1,1,0,1,2,1,1,16,6,11,1,1,0,1,1,0,5,5,5,9,9
2019.0,0.0,0.0,0.0,3,5,0,0,0,0,1,5,1,1,0,1,9,1,1,20,6,11,1,0,0,2,1,0,6,2,5,3,1
2019.0,-10.0,0.0,0.0,3,6,1,0,0,0,1,5,1,1,0,0,5,1,1,22,6,11,1,0,0,0,1,0,10,5,5,3,3
2019.0,0.0,0.0,0.0,3,6,0,0,0,0,0,1,1,1,0,0,1,1,1,5,0,11,0,0,0,2,2,0,5,7,5,8,3
2019.0,130.0,0.0,0.0,3,12,3,0,0,0,2,8,1,1,1,1,2,1,1,8,0,11,0,1,0,0,1,0,6,5,5,6,5
2019.0,168.0,0.0,0.0,3,6,3,0,0,0,0,5,1,1,0,0,5,1,1,12,0,11,0,0,0,1,2,0,6,7,5,8,3
2019.0,0.0,0.0,0.0,3,12,3,0,3,0,2,8,1,1,0,1,8,1,1,12,0,11,0,0,0,0,0,0,6,5,5,5,5
2019.0,-400.0,0.0,0.0,3,10,3,0,0,0,1,5,1,1,0,1,5,1,1,12,0,11,0,0,0,1,1,0,10,5,5,3,9
2019.0,0.0,1.0,0.0,3,2,3,0,0,0,1,9,1,1,0,0,1,1,1,13,0,11,0,0,0,1,0,0,4,2,5,9,9
2019.0,-30.0,0.0,0.0,3,6,3,0,0,0,1,1,1,1,0,0,1,1,1,14,0,11,0,0,0,1,2,0,10,7,5,8,3
2019.0,-390.0,0.0,0.0,3,2,3,0,0,0,0,2,1,1,0,0,1,1,1,17,0,11,0,1,0,1,1,0,6,2,5,3,5
2019.0,0.0,1.0,0.0,2,4,0,0,0,0,0,2,1,1,0,0,5,1,1,17,0,11,0,1,0,2,2,0,3,2,5,3,9
2019.0,-64.0,0.0,0.0,3,10,0,0,0,0,0,9,1,1,0,1,9,1,1,19,0,11,0,1,0,1,1,0,10,9,5,3,2
2019.0,240.0,1.0,0.0,3,2,0,0,0,0,1,5,1,1,0,0,1,1,1,19,0,11,0,1,0,1,2,0,0,2,5,3,9
2019.0,0.0,1.0,0.0,2,6,3,0,0,0,1,1,1,1,0,0,1,1,1,6,1,11,0,0,0,1,2,0,4,8,5,8,3
2019.0,0.0,0.0,0.0,3,6,3,0,0,0,1,9,1,1,0,1,9,1,1,7,1,11,0,1,0,2,1,0,5,5,5,8,9
2019.0,-95.0,1.0,0.0,3,6,3,0,0,0,0,1,1,1,0,1,1,1,1,8,1,11,0,1,0,1,1,0,10,7,5,8,3
2019.0,0.0,2.0,0.0,3,4,3,0,0,0,0,2,1,1,0,0,9,1,1,8,1,11,0,1,0,2,1,0,5,9,2,9,3
2019.0,-275.0,1.0,0.0,2,2,3,0,0,0,0,1,1,1,0,0,5,1,1,9,1,11,0,1,0,1,0,0,6,2,5,3,9
2019.0,270.0,2.0,0.0,2,6,3,0,0,0,1,2,1,1,0,0,2,1,1,10,1,11,0,0,0,2,0,0,10,8,5,8,8
2019.0,0.0,0.0,0.0,3,10,3,0,0,0,1,1,1,1,0,0,1,1,1,12,1,11,0,0,0,1,2,0,10,9,5,3,9
2019.0,0.0,0.0,0.0,3,11,3,0,0,0,1,6,1,1,0,1,4,1,1,13,1,11,0,0,0,2,1,0,4,2,5,3,9
2019.0,0.0,2.0,0.0,2,4,3,0,0,0,1,2,1,1,0,1,5,1,1,14,1,11,0,0,0,2,1,0,5,2,5,3,9
2019.0,0.0,1.0,0.0,3,4,3,0,0,0,0,2,1,1,0,1,5,1,1,15,1,11,0,0,0,0,2,0,5,2,5,3,9
2019.0,100.0,0.0,0.0,3,10,3,0,0,0,0,5,1,1,0,0,5,1,1,15,1,11,0,0,0,2,1,0,10,9,5,3,2
2019.0,450.0,1.0,0.0,3,2,3,0,0,0,1,9,1,1,0,1,2,1,1,16,1,11,0,1,0,1,1,0,6,2,5,3,9
2019.0,30.0,1.0,0.0,3,6,3,0,0,0,1,5,1,1,0,0,5,1,1,16,1,11,0,1,0,2,1,0,10,8,5,8,3
2019.0,95.0,2.0,0.0,3,6,3,0,0,0,1,5,1,1,0,0,5,1,1,16,1,11,0,1,0,1,1,0,6,8,5,8,3
2019.0,100.0,1.0,0.0,2,6,3,0,0,0,0,5,1,1,0,0,5,1,1,16,1,11,0,1,0,1,1,0,10,8,5,8,3
2019.0,-135.0,1.0,0.0,2,5,3,0,0,0,0,5,1,1,2,1,5,1,1,17,1,11,0,1,0,1,1,0,0,2,5,3,9
2019.0,-80.0,0.0,0.0,3,6,0,0,0,0,2,1,1,1,0,1,1,1,1,17,1,11,0,1,0,0,1,0,10,8,5,8,3
2019.0,50.0,0.0,0.0,3,10,3,0,0,0,1,5,1,1,0,1,5,1,1,17,1,11,0,1,0,1,1,0,10,5,5,5,5
2019.0,600.0,0.0,0.0,3,6,0,0,0,0,0,5,1,1,0,0,5,1,1,18,1,11,0,1,0,2,2,0,6,8,5,8,3
2019.0,-75.0,0.0,0.0,3,10,0,0,0,0,1,5,1,1,0,0,5,1,1,18,1,11,0,1,0,2,2,0,6,7,5,8,3
2019.0,230.0,0.0,0.0,3,6,0,0,0,0,0,5,1,1,0,0,5,1,1,19,1,11,0,1,0,1,2,0,10,7,5,8,3
2019.0,-5.0,1.0,0.0,3,6,0,0,0,0,1,2,1,1,0,1,2,1,1,2,2,11,0,0,0,1,1,0,4,7,5,3,8
2019.0,30.0,0.0,0.0,3,6,0,0,0,0,1,5,1,1,0,0,5,1,1,5,2,11,0,0,0,2,0,0,10,7,5,8,3
2019.0,-110.0,0.0,0.0,3,11,3,0,0,0,1,5,1,1,0,0,5,1,1,7,2,11,0,1,0,2,1,0,6,5,5,3,9
2019.0,0.0,0.0,0.0,3,2,3,0,0,0,1,9,1,1,0,0,5,1,1,8,2,11,0,1,0,1,1,0,4,2,5,3,3
2019.0,0.0,0.0,0.0,3,4,3,0,0,0,1,2,1,1,0,0,9,1,1,9,2,11,0,1,0,1,1,0,4,2,5,9,3
2019.0,-55.0,0.0,0.0,3,6,3,0,0,0,1,1,1,1,0,1,1,1,1,9,2,11,0,1,0,1,1,0,10,8,5,8,3
2019.0,-30.0,1.0,0.0,2,6,3,0,0,0,1,1,1,1,0,0,1,1,1,9,2,11,0,1,0,1,2,0,10,8,5,8,3
2019.0,60.0,1.0,0.0,3,6,3,0,0,0,0,5,1,1,0,0,5,1,1,12,2,11,0,0,0,2,1,0,10,8,5,8,3
2019.0,116.0,1.0,0.0,2,10,3,0,0,0,1,5,1,1,0,0,5,1,1,13,2,11,0,0,0,1,1,0,10,9,5,3,0
2019.0,-295.0,0.0,0.0,3,12,5,4,3,0,2,8,1,1,1,1,9,1,1,14,2,11,0,0,0,0,1,0,6,5,5,6,5
2019.0,-250.0,0.0,0.0,3,6,3,0,0,0,1,9,1,1,0,1,9,1,1,14,2,11,0,0,0,1,1,0,6,8,5,8,3
2019.0,0.0,1.0,0.0,2,2,3,0,0,0,0,9,1,1,0,0,5,1,1,14,2,11,0,0,0,1,2,0,4,2,5,3,3
2019.0,-15.0,0.0,0.0,3,4,3,0,0,0,1,9,1,1,0,0,2,1,1,15,2,11,0,0,0,1,1,0,10,7,5,8,9
2019.0,-571.0,0.0,0.0,3,2,3,0,0,0,1,9,1,1,0,1,9,1,1,15,2,11,0,0,0,1,1,0,0,5,5,9,2
2019.0,100.0,1.0,0.0,2,10,3,0,0,0,0,5,1,1,0,0,5,1,1,15,2,11,0,0,0,1,1,0,10,9,5,3,2
2019.0,0.0,1.0,0.0,2,4,0,0,0,0,1,9,1,1,0,1,1,1,1,18,2,11,0,1,0,1,1,0,4,2,5,3,9
2019.0,0.0,0.0,0.0,3,2,0,0,0,0,1,5,1,1,0,1,5,1,1,19,2,11,0,1,0,0,2,0,5,9,5,9,3
2019.0,-550.0,0.0,0.0,3,6,0,0,0,0,0,1,1,1,0,1,1,1,1,19,2,11,0,1,0,2,1,0,6,8,5,3,8
2019.0,20.0,0.0,0.0,3,4,0,0,0,0,1,2,1,1,0,0,9,1,1,19,2,11,0,1,0,2,2,0,4,9,5,3,9
2019.0,0.0,2.0,0.0,2,4,3,0,0,0,1,9,1,1,0,1,1,1,1,8,3,11,0,1,0,1,1,0,4,2,5,3,9
2019.0,25.0,1.0,0.0,3,5,3,0,0,2,1,1,1,1,0,1,5,1,1,8,3,11,0,1,0,1,1,0,10,2,5,9,7
2019.0,0.0,0.0,0.0,3,4,3,0,0,0,0,1,1,1,0,0,9,1,1,9,3,11,0,1,0,2,1,0,4,2,5,3,9
2019.0,-460.0,0.0,0.0,3,2,3,0,0,0,0,9,1,1,0,0,2,1,1,10,3,11,0,0,0,0,1,0,0,2,5,3,9
2019.0,400.0,0.0,0.0,3,4,3,0,0,0,0,2,1,1,0,0,9,1,1,11,3,11,0,0,0,1,1,0,0,2,5,9,9
2019.0,-123.0,1.0,0.0,2,6,3,0,0,0,0,2,1,1,0,0,2,1,1,12,3,11,0,0,0,1,2,0,10,7,5,8,3
2019.0,0.0,3.0,0.0,2,2,3,0,0,0,0,1,1,1,0,0,2,1,1,12,3,11,0,0,0,2,0,0,4,2,5,3,3
2019.0,168.0,0.0,0.0,3,4,3,0,0,0,0,2,1,1,0,0,1,1,1,14,3,11,0,0,0,1,1,0,0,2,5,3,9
2019.0,78.0,0.0,0.0,3,4,3,0,0,0,0,5,1,1,0,1,2,1,1,15,3,11,0,0,0,2,1,0,4,2,5,3,9
2019.0,-15.0,1.0,0.0,3,5,3,0,0,2,1,1,1,1,0,0,7,1,1,16,3,11,0,1,0,1,1,0,10,2,5,9,3
2019.0,0.0,2.0,0.0,2,4,3,4,0,0,0,2,1,1,0,1,5,1,1,17,3,11,0,1,0,1,0,0,5,2,5,3,9
2019.0,0.0,2.0,0.0,2,4,4,0,0,0,1,1,1,1,0,1,9,1,1,17,3,11,0,1,0,1,0,0,4,2,5,3,9
2019.0,0.0,0.0,0.0,3,4,0,0,0,0,1,9,1,1,0,1,1,1,1,18,3,11,0,1,0,1,1,0,4,2,5,3,9
2019.0,-186.0,0.0,0.0,3,6,3,0,0,0,0,5,1,1,0,1,5,1,1,22,3,11,0,0,0,2,2,0,6,7,5,8,3
2019.0,0.0,0.0,0.0,3,2,0,0,0,0,0,6,1,1,0,0,2,1,1,22,3,11,0,0,0,2,2,0,5,2,5,3,9
2019.0,-200.0,0.0,0.0,3,12,0,0,0,0,2,8,1,1,1,1,2,1,1,2,4,11,0,0,0,0,1,0,6,5,5,6,5
2019.0,0.0,2.0,0.0,2,4,3,0,0,0,0,9,1,1,0,1,1,1,1,11,4,11,0,0,0,2,2,0,4,2,5,3,9