Year,Distance,Totalinjuries,Totalfatalities,Injuryseverity,Collisionmanner,Lightcondition,Weather,SurfaceCondition,Unittype_One,Gender_Drv1,Traveldirection_One,AlcoholUse_Drv1,DrugUse_Drv1,Unittype_Two,Gender_Drv2,Traveldirection_Two,AlcoholUse_Drv2,DrugUse_Drv2,Hour,Weekday,Month,Weekend,Rush_Hour,Hazardous_Road,Age_Group_Drv1,Age_Group_Drv2,Substance_Use,Junction_Category,Violation_Category_Drv1,Violation_Category_Drv2,Unitaction_Category_Two,Unitaction_Category_One
2019.0,-80.0,0.0,0.0,3,6,3,0,0,0,1,1,1,1,0,0,1,1,1,12,4,11,0,0,0,2,0,0,10,8,5,8,3
2019.0,-40.0,0.0,0.0,3,10,3,0,0,0,0,2,1,1,0,0,2,1,1,13,4,11,0,0,0,1,1,0,10,5,5,3,2
2019.0,0.0,2.0,0.0,2,4,3,0,0,0,1,9,1,1,0,1,5,1,1,13,4,11,0,0,0,1,1,0,5,2,5,9,3
2019.0,0.0,0.0,0.0,3,4,3,0,0,0,1,5,1,1,0,0,1,1,1,13,4,11,0,0,0,1,2,0,4,5,5,9,3
2019.0,-39.0,0.0,0.0,3,2,3,0,0,0,1,2,1,1,1,1,2,1,1,15,4,11,0,0,0,1,1,0,10,7,5,6,9
2019.0,-180.0,1.0,0.0,2,2,3,0,0,0,0,9,1,1,0,0,2,1,1,16,4,11,0,1,0,1,2,0,0,2,5,3,9
2019.0,-305.0,0.0,0.0,3,4,3,0,0,0,1,1,1,1,0,1,5,1,1,16,4,11,0,1,0,1,1,0,6,2,5,3,9
2019.0,15.0,0.0,0.0,3,6,3,0,0,0,1,5,1,1,0,0,5,1,1,17,4,11,0,1,0,2,2,0,10,8,5,9,3
2019.0,710.0,3.0,0.0,3,4,0,0,0,0,0,1,1,1,0,0,9,1,1,17,4,11,0,1,0,1,1,0,0,2,5,3,9
2019.0,-275.0,0.0,0.0,3,10,0,0,0,0,1,5,1,1,0,1,5,1,1,18,4,11,0,1,0,1,0,0,6,9,5,3,3
2019.0,100.0,0.0,0.0,3,6,0,0,0,0,0,9,1,1,0,1,9,1,1,18,4,11,0,1,0,1,2,0,10,8,5,8,3
2019.0,255.0,1.0,0.0,3,6,0,0,0,0,1,5,1,1,0,0,5,1,1,18,4,11,0,1,0,0,2,0,10,8,5,8,3
2019.0,300.0,6.0,0.0,3,6,0,0,0,0,1,2,1,1,0,0,2,1,1,19,4,11,0,1,0,2,2,0,6,8,5,8,3
2019.0,-950.0,0.0,0.0,3,6,0,0,0,0,1,5,1,1,0,0,5,1,1,19,4,11,0,1,0,2,2,0,6,7,5,8,3
2019.0,450.0,0.0,0.0,3,2,0,0,0,0,0,1,1,1,0,1,1,1,1,19,4,11,0,1,0,2,2,0,0,4,5,3,9
2019.0,0.0,0.0,0.0,3,2,0,0,0,0,1,5,1,1,0,1,4,1,1,20,4,11,0,0,0,2,2,0,4,4,5,3,9
2019.0,0.0,2.0,0.0,2,4,3,0,0,0,0,2,1,1,0,1,9,1,1,11,5,11,1,0,0,2,1,0,4,2,5,3,9
2019.0,-350.0,1.0,0.0,2,4,3,0,0,0,0,1,1,1,0,1,5,1,1,12,5,11,1,0,0,1,1,0,6,5,5,3,9
2019.0,0.0,0.0,0.0,3,4,3,0,0,0,1,1,1,1,0,0,2,1,1,15,5,11,1,0,0,2,1,0,5,2,5,9,3
2019.0,0.0,1.0,0.0,3,4,3,0,0,0,1,2,1,1,0,1,9,1,1,16,5,11,1,1,0,0,1,0,4,2,5,3,9
2019.0,-850.0,0.0,0.0,3,6,4,0,0,0,0,2,1,1,0,0,2,1,1,17,5,11,1,1,0,2,1,0,6,7,5,8,3
2019.0,-100.0,0.0,0.0,3,6,0,0,0,0,2,2,1,1,0,0,2,1,1,19,5,11,1,1,0,0,0,0,10,8,5,3,3
2019.0,0.0,0.0,0.0,3,2,0,0,0,0,1,1,0,1,0,0,5,1,1,19,5,11,1,1,0,1,1,0,4,2,5,3,3
2019.0,0.0,0.0,0.0,3,4,0,0,0,0,0,2,1,1,0,1,9,1,1,0,6,11,1,0,0,2,1,0,4,2,5,3,9
2019.0,-350.0,0.0,0.0,3,10,2,0,0,0,1,5,1,1,0,1,5,1,1,6,6,11,1,0,0,1,0,0,0,9,5,3,3
2019.0,0.0,3.0,0.0,3,4,3,1,0,0,0,3,1,1,0,0,9,1,1,15,6,11,1,0,0,0,1,0,10,2,5,3,9
2019.0,0.0,3.0,0.0,2,4,3,0,0,0,0,1,1,1,0,1,5,1,1,15,6,11,1,0,0,0,1,0,4,5,5,9,3
2019.0,30.0,0.0,0.0,3,10,3,0,0,0,0,5,1,1,0,1,5,1,1,16,6,11,1,1,0,0,0,0,10,5,5,9,9
2019.0,64.0,0.0,0.0,3,12,3,0,0,0,2,8,1,1,0,1,8,1,1,18,6,11,1,1,0,0,1,0,6,5,5,6,5
2019.0,-300.0,0.0,0.0,3,4,3,0,0,0,1,5,1,1,0,0,2,1,1,7,0,11,0,1,0,1,1,0,0,2,5,3,9
2019.0,-93.0,1.0,0.0,2,6,3,0,0,0,0,2,1,1,0,0,2,1,1,8,0,11,0,1,0,1,1,0,10,8,5,3,3
2019.0,-335.0,0.0,0.0,3,10,3,0,0,0,1,2,1,1,0,0,2,1,1,8,0,11,0,1,0,0,1,0,6,9,5,3,2
2019.0,0.0,2.0,0.0,2,4,3,0,0,0,1,1,1,1,0,1,9,1,1,10,0,11,0,0,0,1,1,0,4,2,5,9,3
2019.0,-63.0,1.0,0.0,2,6,3,0,0,0,0,2,1,1,0,1,2,1,1,12,0,11,0,0,0,1,1,0,10,8,5,8,3
2019.0,1032.0,0.0,0.0,3,4,3,0,0,0,1,2,1,1,0,0,9,1,1,12,0,11,0,0,0,0,1,0,0,2,5,3,9
2019.0,0.0,0.0,0.0,3,6,3,0,0,0,1,2,1,1,0,1,1,1,1,12,0,11,0,0,0,1,1,0,10,2,5,3,9
2019.0,-60.0,0.0,0.0,3,6,3,0,0,0,1,5,1,1,0,1,5,1,1,13,0,11,0,0,0,2,2,0,5,7,5,8,3
2019.0,-100.0,0.0,0.0,3,10,3,0,0,0,1,5,1,1,0,0,5,1,1,13,0,11,0,0,0,0,2,0,6,9,5,3,2
2019.0,-125.0,0.0,0.0,3,6,3,0,0,0,0,1,1,1,0,0,1,1,1,14,0,11,0,0,0,1,0,0,10,8,5,8,3
2019.0,-0.5,2.0,0.0,2,2,3,4,0,0,0,1,1,1,0,1,5,1,1,15,0,11,0,0,0,1,1,0,5,2,5,3,3
2019.0,215.0,0.0,0.0,3,10,3,1,0,0,1,5,1,1,0,1,5,1,1,15,0,11,0,0,0,1,1,0,6,9,5,3,2
2019.0,-380.0,0.0,0.0,3,6,3,0,0,0,0,1,1,1,0,1,1,1,1,16,0,11,0,1,0,2,1,0,6,8,5,3,2
2019.0,0.0,2.0,0.0,2,6,4,0,0,0,0,1,1,1,0,1,1,1,1,17,0,11,0,1,0,2,1,0,6,7,5,8,3
2019.0,30.0,0.0,0.0,3,6,0,0,0,0,1,2,1,1,0,1,2,1,1,18,0,11,0,1,0,2,2,0,6,7,9,2,3
2019.0,0.0,0.0,0.0,3,10,0,1,0,0,0,6,1,1,0,1,6,1,1,18,0,11,0,1,0,0,1,0,4,5,5,9,9
2019.0,-215.0,0.0,0.0,3,9,0,0,0,0,2,2,1,1,0,1,5,1,1,18,0,11,0,1,0,0,0,0,6,5,5,9,9
2019.0,20.0,0.0,0.0,3,6,1,4,0,0,0,2,1,1,0,1,2,1,1,19,0,11,0,1,0,2,1,0,10,7,5,8,3
2019.0,-25.0,0.0,0.0,3,6,0,0,0,0,0,2,1,1,0,0,2,1,1,19,0,11,0,1,0,2,2,0,6,7,5,8,3
2019.0,85.0,0.0,0.0,3,4,0,0,0,0,0,9,1,1,0,1,2,1,1,20,0,11,0,0,0,2,1,0,6,2,5,3,9
2019.0,0.0,0.0,0.0,3,12,0,0,0,0,1,2,1,1,0,1,2,1,1,20,0,11,0,0,0,1,1,0,10,5,5,8,3
2019.0,0.0,1.0,0.0,2,4,0,0,0,0,1,9,1,1,0,1,5,1,1,5,1,11,0,0,0,1,1,0,5,2,5,3,9
2019.0,100.0,1.0,0.0,3,2,0,0,0,2,1,9,1,1,0,1,2,1,1,5,1,11,0,0,0,1,1,0,6,9,5,3,3
2019.0,0.0,2.0,0.0,2,4,3,0,0,0,0,1,1,1,0,0,9,1,1,6,1,11,0,0,0,2,2,0,4,2,5,3,9
2019.0,-67.0,0.0,0.0,3,6,3,1,0,0,0,2,1,1,0,1,2,1,1,7,1,11,0,1,0,1,1,0,6,7,5,8,3
2019.0,-67.0,0.0,0.0,3,6,3,1,0,0,1,9,1,1,0,0,9,1,1,7,1,11,0,1,0,2,0,0,10,8,5,8,3
2019.0,161.0,0.0,0.0,3,4,3,1,0,0,0,5,1,1,0,0,2,1,1,8,1,11,0,1,0,1,1,0,0,2,5,8,9
2019.0,-264.0,0.0,0.0,3,10,3,0,0,0,2,5,1,1,0,1,5,1,1,9,1,11,0,1,0,0,1,0,6,9,5,3,3
2019.0,135.0,0.0,0.0,3,6,3,3,3,0,2,5,1,1,0,0,5,1,1,10,1,11,0,0,0,0,2,0,10,8,5,8,3
2019.0,110.0,1.0,0.0,3,6,3,3,0,0,0,5,1,1,0,0,5,1,1,14,1,11,0,0,0,0,0,0,10,8,5,8,3
2019.0,79.0,0.0,0.0,3,6,3,3,4,0,1,5,1,1,0,0,5,1,1,15,1,11,0,0,1,1,2,0,10,8,5,8,8
2019.0,305.0,0.0,0.0,3,4,3,3,0,0,1,1,1,1,0,0,5,1,1,15,1,11,0,0,0,1,2,0,6,2,5,3,9
2019.0,100.0,1.0,0.0,2,6,3,3,4,0,0,5,1,1,0,1,5,1,1,15,1,11,0,0,1,1,1,0,10,8,5,8,3
2019.0,0.0,1.0,0.0,2,4,3,1,0,0,1,1,1,1,0,1,9,1,1,16,1,11,0,1,0,1,1,0,4,5,5,5,9
2019.0,-100.0,2.0,0.0,2,9,4,1,4,0,0,7,1,1,0,1,1,1,1,16,1,11,0,1,1,2,2,0,6,7,5,3,3
2019.0,-498.0,1.0,0.0,2,10,3,1,0,0,1,1,1,1,0,1,1,1,1,16,1,11,0,1,0,1,1,0,6,9,5,3,2
2019.0,0.0,0.0,0.0,3,10,4,3,4,0,2,2,1,1,0,0,2,1,1,16,1,11,0,1,1,0,1,0,6,9,5,3,2
2019.0,80.0,0.0,0.0,3,6,4,3,4,0,0,1,1,1,0,0,1,1,1,17,1,11,0,1,1,2,1,0,6,7,5,8,8
2019.0,80.0,0.0,0.0,3,10,3,3,4,0,0,1,1,1,0,1,1,1,1,17,1,11,0,1,1,2,1,0,10,9,5,3,2
2019.0,-90.0,2.0,0.0,3,6,0,3,4,0,0,5,1,1,0,1,5,1,1,17,1,11,0,1,1,0,1,0,6,7,5,8,8
2019.0,0.0,0.0,0.0,3,10,3,3,0,0,0,2,1,1,0,1,2,1,1,18,1,11,0,1,0,0,1,0,4,5,5,5,5
2019.0,0.0,0.0,0.0,3,2,5,4,0,0,1,1,1,1,0,1,5,1,1,18,1,11,0,1,0,2,1,0,4,2,5,3,3
2019.0,64.0,0.0,0.0,3,6,1,1,0,0,1,5,1,1,0,1,5,1,1,19,1,11,0,1,0,2,1,0,10,7,5,3,3
2019.0,10.0,1.0,0.0,2,6,0,3,4,0,1,9,1,1,0,1,9,1,1,19,1,11,0,1,1,1,2,0,10,7,5,3,3
2019.0,254.0,0.0,0.0,3,6,0,3,4,0,1,5,1,1,0,1,5,1,1,21,1,11,0,0,1,1,2,0,10,7,5,8,3
2019.0,0.0,1.0,0.0,2,4,0,3,4,0,1,1,1,1,0,0,9,1,1,21,1,11,0,0,1,0,2,0,5,2,5,3,9
2019.0,0.0,0.0,0.0,3,4,3,3,4,0,0,1,1,1,0,0,9,1,1,7,2,11,0,1,1,2,2,0,4,2,5,3,9
2019.0,135.0,0.0,0.0,3,10,3,3,4,0,0,5,1,1,0,0,5,1,1,7,2,11,0,1,1,1,1,0,6,9,5,3,2
2019.0,91.0,0.0,0.0,3,6,3,1,4,0,0,5,1,1,0,0,5,1,1,8,2,11,0,1,1,0,1,0,10,8,5,8,3
2019.0,0.0,1.0,0.0,3,6,3,3,4,0,0,9,1,1,0,0,9,1,1,9,2,11,0,1,1,1,1,0,10,8,5,8,3
2019.0,239.0,1.0,0.0,3,6,3,1,0,0,1,5,1,1,0,0,5,1,1,9,2,11,0,1,0,1,2,0,4,8,5,8,8
2019.0,0.0,0.0,0.0,3,10,3,1,0,0,0,2,1,1,0,0,1,1,1,11,2,11,0,0,0,1,2,0,5,2,5,3,9
2019.0,0.0,0.0,0.0,3,2,3,1,4,0,1,2,1,1,0,1,2,1,1,14,2,11,0,0,1,0,2,0,6,5,5,3,9
2019.0,100.0,0.0,0.0,3,6,3,0,0,0,2,1,1,1,0,0,1,1,1,14,2,11,0,0,0,0,0,0,6,8,5,8,3
2019.0,-685.0,0.0,0.0,3,4,3,1,4,0,0,9,1,1,0,1,1,1,1,14,2,11,0,0,1,1,1,0,0,2,5,3,9
2019.0,102.0,0.0,0.0,3,6,3,3,4,0,1,5,1,1,0,1,5,1,1,14,2,11,0,0,1,1,1,0,10,8,5,8,3
2019.0,0.0,0.0,0.0,3,4,3,1,4,0,1,1,1,1,0,1,5,1,1,16,2,11,0,1,1,1,1,0,5,2,5,3,9
2019.0,-30.0,1.0,0.0,2,6,3,3,4,0,1,1,1,1,0,1,1,1,1,16,2,11,0,1,1,2,1,0,10,8,5,8,3
2019.0,-150.0,0.0,0.0,3,4,0,1,4,0,0,3,1,1,0,0,2,1,1,18,2,11,0,1,1,2,2,0,8,7,5,8,9
2019.0,-100.0,0.0,0.0,3,6,0,3,4,0,1,1,1,1,0,0,1,1,1,18,2,11,0,1,1,0,1,0,10,7,5,8,3
2019.0,0.0,1.0,0.0,2,4,3,1,0,0,1,1,1,1,0,1,5,1,1,2,3,11,0,0,0,1,2,0,5,2,5,9,3
2019.0,0.0,1.0,0.0,3,6,3,1,0,0,1,2,1,1,0,0,2,1,1,7,3,11,0,1,0,2,1,0,5,7,5,3,8
2019.0,540.0,0.0,0.0,3,4,3,1,4,0,0,1,1,1,0,0,9,1,1,7,3,11,0,1,1,2,2,0,0,2,5,3,9
2019.0,0.0,0.0,0.0,3,10,3,1,4,0,1,9,1,1,0,1,9,1,1,8,3,11,0,1,1,1,1,0,6,9,5,3,2
2019.0,505.0,2.0,0.0,2,4,3,0,4,0,1,5,1,1,0,1,9,1,1,9,3,11,0,1,1,2,2,0,0,2,5,3,9
2019.0,515.0,0.0,0.0,3,2,3,3,4,0,1,5,1,1,0,1,9,1,1,10,3,11,0,0,1,1,2,0,6,2,5,3,9
2019.0,50.0,0.0,0.0,3,9,3,3,0,0,1,2,1,1,0,1,5,1,1,11,3,11,0,0,0,1,1,0,10,5,5,8,3
2019.0,-110.0,0.0,0.0,3,6,3,1,4,0,1,5,1,1,0,0,5,1,1,12,3,11,0,0,1,2,0,0,10,8,5,8,3
2019.0,0.0,1.0,0.0,2,10,3,0,0,0,0,1,1,1,0,1,2,1,1,13,3,11,0,0,0,1,1,0,5,2,5,3,9
2019.0,-100.0,0.0,0.0,3,10,3,3,4,0,0,9,1,1,0,0,9,1,1,16,3,11,0,1,1,1,1,0,6,5,5,5,5
2019.0,55.0,0.0,0.0,3,6,3,3,4,0,1,5,1,1,0,1,5,1,1,16,3,11,0,1,1,2,1,0,10,8,5,8,3
2019.0,-527.0,1.0,0.0,2,6,3,1,0,0,0,2,1,1,0,1,2,1,1,17,3,11,0,1,0,1,1,0,10,8,5,8,3
2019.0,0.0,0.0,0.0,3,10,3,1,4,0,2,1,1,1,0,1,1,1,1,17,3,11,0,1,1,0,2,0,5,9,5,3,5
2019.0,120.0,0.0,0.0,3,6,0,3,0,0,1,5,1,1,0,1,5,1,1,17,3,11,0,1,0,1,0,0,10,5,5,8,3
2019.0,-110.0,0.0,0.0,3,2,0,1,4,0,1,1,1,1,0,1,1,1,1,18,3,11,0,1,1,0,1,0,10,9,5,3,2
2019.0,-395.0,1.0,0.0,3,6,3,3,0,0,1,1,1,1,0,0,1,1,1,18,3,11,0,1,0,2,1,0,10,8,5,8,3
2019.0,1000.0,3.0,0.0,2,4,0,0,0,0,0,4,1,1,0,0,3,1,1,19,3,11,0,1,0,1,1,0,6,2,5,3,9
2019.0,-75.0,1.0,0.0,2,6,0,1,4,0,1,2,1,1,0,0,2,1,1,19,3,11,0,1,1,2,1,0,10,5,5,8,8
2019.0,0.0,0.0,0.0,3,2,0,3,4,0,0,2,1,1,0,1,2,1,1,22,3,11,0,0,1,2,1,0,10,7,5,3,9
2019.0,0.0,1.0,0.0,2,4,0,0,4,0,1,1,1,0,0,1,9,1,1,23,3,11,0,0,1,1,1,0,5,2,5,3,9
2019.0,-170.0,0.0,0.0,3,6,0,1,0,0,1,9,1,1,0,0,9,1,1,7,4,11,0,1,0,0,1,0,6,7,5,9,3
2019.0,115.0,0.0,0.0,3,6,3,0,0,0,2,1,1,1,0,0,1,1,1,7,4,11,0,1,0,0,1,0,10,7,5,8,3
2019.0,27.0,0.0,0.0,3,2,3,0,0,0,0,5,1,1,0,0,5,1,1,7,4,11,0,1,0,2,1,0,10,7,5,9,3
2019.0,-40.0,0.0,0.0,3,6,3,0,0,0,0,2,1,1,0,1,2,1,1,7,4,11,0,1,0,1,2,0,10,7,5,3,2
2019.0,-210.0,0.0,0.0,3,9,3,0,0,0,1,2,1,1,0,0,2,1,1,7,4,11,0,1,0,1,0,0,10,9,5,3,2
2019.0,0.0,0.0,0.0,3,2,3,0,0,0,0,2,1,1,0,1,5,1,1,9,4,11,0,1,0,1,1,0,6,2,5,9,9
2019.0,-0.4,0.0,0.0,3,6,3,0,0,0,1,1,1,1,0,1,1,1,1,12,4,11,0,0,0,1,1,0,10,8,5,8,3
2019.0,0.0,1.0,0.0,3,2,3,0,0,0,0,1,1,1,0,1,5,1,1,12,4,11,0,0,0,2,1,0,4,2,5,3,3
2019.0,0.0,0.0,0.0,3,10,3,0,0,0,1,1,1,1,0,0,1,1,1,13,4,11,0,0,0,1,1,0,4,9,5,3,2
2019.0,-500.0,0.0,0.0,3,4,3,0,0,0,1,9,1,1,0,1,1,1,1,13,4,11,0,0,0,1,2,0,0,2,5,3,9
2019.0,-65.0,0.0,0.0,3,6,3,0,0,0,1,1,1,1,0,1,1,1,1,13,4,11,0,0,0,0,0,0,10,8,5,8,3
2019.0,109.0,0.0,0.0,3,6,3,0,0,0,0,9,1,1,0,1,9,1,1,14,4,11,0,0,0,2,1,0,10,8,5,8,3
2019.0,80.0,0.0,0.0,3,6,3,0,0,0,0,5,1,1,0,0,5,1,1,15,4,11,0,0,0,1,0,0,3,7,5,3,3
2019.0,0.0,2.0,0.0,2,4,3,0,0,0,0,3,1,1,0,1,9,1,1,15,4,11,0,0,0,1,0,0,5,2,5,3,9
2019.0,0.0,0.0,0.0,3,6,3,0,0,0,1,5,1,1,0,1,5,1,1,16,4,11,0,1,0,1,1,0,4,8,5,8,3
2019.0,30.0,0.0,0.0,3,6,0,0,0,0,1,5,1,1,0,1,5,1,1,17,4,11,0,1,0,1,2,0,10,8,5,8,3
2019.0,130.0,0.0,0.0,3,6,0,1,4,0,0,9,1,1,0,1,9,1,1,18,4,11,0,1,1,1,2,0,10,8,5,8,3
2019.0,-100.0,0.0,0.0,3,6,0,0,0,0,0,2,1,1,0,1,2,1,1,18,4,11,0,1,0,2,2,0,10,7,5,8,3
2019.0,-100.0,0.0,0.0,3,6,0,1,4,0,0,2,1,1,0,1,2,1,1,19,4,11,0,1,1,1,2,0,10,8,5,8,3
2019.0,-500.0,0.0,0.0,3,6,0,0,0,0,1,1,1,1,0,1,1,1,1,22,4,11,0,0,0,2,2,0,6,7,5,8,3
2019.0,30.0,0.0,0.0,3,2,0,0,0,0,1,9,1,1,0,1,5,1,1,1,5,11,1,0,0,2,1,0,10,7,5,8,9
2019.0,-20.0,0.0,0.0,3,10,0,0,0,0,0,9,1,1,0,1,9,1,1,2,5,11,1,0,0,0,2,0,6,5,5,2,3
2019.0,300.0,0.0,0.0,3,2,3,0,0,0,1,1,1,1,1,1,2,1,1,11,5,11,1,0,0,0,1,0,6,5,5,6,1
2019.0,70.0,0.0,0.0,3,10,3,4,0,0,2,1,1,1,0,0,1,1,1,11,5,11,1,0,0,0,2,0,10,9,5,3,2
2019.0,-610.0,0.0,0.0,3,6,3,0,0,0,1,2,1,1,0,0,2,1,1,12,5,11,1,0,0,1,0,0,6,8,5,8,3
2019.0,0.0,0.0,0.0,3,4,3,0,0,0,1,5,1,1,0,1,2,1,1,12,5,11,1,0,0,1,1,0,4,2,5,3,9
2019.0,114.0,0.0,0.0,3,11,3,0,0,0,1,9,1,1,0,1,9,1,1,13,5,11,1,0,0,2,1,0,10,5,5,3,9
2019.0,0.0,1.0,0.0,3,2,0,0,0,0,0,2,1,1,0,0,7,1,1,19,5,11,1,1,0,2,1,0,5,2,5,9,3
2019.0,-80.0,0.0,0.0,3,10,0,0,0,0,1,9,1,1,0,1,9,1,1,20,5,11,1,0,0,2,2,0,6,5,5,3,3
2019.0,-50.0,0.0,0.0,3,12,5,4,3,0,2,8,1,1,1,1,9,1,1,22,5,11,1,0,0,0,1,0,6,5,5,6,5
2019.0,40.0,0.0,0.0,3,6,0,0,0,0,2,5,1,1,0,1,5,1,1,23,5,11,1,0,0,0,1,0,10,5,8,3,8
2019.0,315.0,0.0,0.0,3,2,0,0,0,0,1,1,1,1,1,1,1,1,1,3,6,11,1,0,0,0,1,0,6,5,5,6,5
2019.0,-25.0,0.0,0.0,3,5,3,0,0,0,2,2,1,1,0,1,2,1,1,14,6,11,1,0,0,0,1,0,10,7,5,8,1
2019.0,135.0,0.0,0.0,3,6,3,0,0,0,0,2,1,1,0,0,2,1,1,14,6,11,1,0,0,2,2,0,10,7,5,8,3
2019.0,0.0,1.0,0.0,2,2,3,0,0,0,0,2,1,1,0,1,1,1,1,15,6,11,1,0,0,1,1,0,5,2,5,3,3
2019.0,-50.0,0.0,0.0,3,4,4,0,0,0,0,5,1,1,0,0,2,1,1,17,6,11,1,1,0,0,1,0,0,2,5,3,9
2019.0,15.0,1.0,0.0,3,5,0,0,0,0,0,9,1,1,2,1,2,1,1,18,6,11,1,1,0,2,2,0,10,2,5,3,3
2019.0,300.0,0.0,0.0,3,10,0,0,0,0,0,9,1,1,0,0,9,1,1,20,6,11,1,0,0,1,2,0,6,2,5,3,9
2019.0,-245.0,1.0,0.0,3,5,0,0,0,2,1,9,1,1,0,1,2,1,1,20,6,11,1,0,0,1,1,0,6,5,5,3,3
2019.0,0.0,0.0,0.0,3,4,0,0,0,0,0,1,1,1,0,0,5,1,1,21,6,11,1,0,0,1,1,0,5,2,5,3,9
2019.0,0.0,0.0,0.0,3,4,0,0,0,0,1,1,1,1,0,0,7,1,1,4,0,11,0,0,0,1,1,0,6,7,5,8,9
2019.0,-90.0,1.0,0.0,3,6,3,0,0,0,0,1,1,1,0,0,1,1,1,5,0,11,0,0,0,1,1,0,10,8,5,8,3
2019.0,-251.0,0.0,0.0,3,6,3,0,0,0,2,2,1,1,0,0,9,1,1,9,0,11,0,1,0,0,2,0,0,2,5,8,9
2019.0,0.0,0.0,0.0,3,2,3,1,0,0,0,2,1,1,0,1,1,1,1,10,0,11,0,0,0,0,0,0,4,2,5,3,9
2019.0,-540.0,0.0,0.0,3,2,3,0,0,0,0,9,1,1,0,1,5,1,1,14,0,11,0,0,0,0,1,0,0,2,5,3,9
2019.0,355.0,1.0,0.0,3,5,3,0,0,0,0,2,1,1,3,0,9,1,1,14,0,11,0,0,0,1,0,0,0,2,5,7,9
2019.0,0.0,0.0,0.0,3,6,3,4,0,0,1,9,1,1,0,0,9,1,1,15,0,11,0,0,0,1,1,0,4,8,5,8,3
2019.0,0.0,0.0,0.0,3,10,3,0,0,0,1,4,1,1,0,0,2,1,1,16,0,11,0,1,0,1,1,0,4,5,9,2,3
2019.0,0.0,1.0,0.0,2,6,3,0,0,0,1,5,1,1,0,0,5,1,1,17,0,11,0,1,0,1,1,0,5,8,5,8,8
2019.0,700.0,0.0,0.0,3,6,4,0,0,0,1,5,1,1,0,1,5,1,1,17,0,11,0,1,0,1,1,0,6,7,5,8,3
2019.0,0.0,1.0,0.0,3,10,4,0,0,0,0,2,1,1,0,1,2,1,1,17,0,11,0,1,0,2,2,0,6,9,9,2,2
2019.0,-87.0,0.0,0.0,3,6,0,0,0,0,0,1,1,1,0,0,1,1,1,18,0,11,0,1,0,2,2,0,6,7,5,8,3
2019.0,50.0,0.0,0.0,3,4,0,0,0,0,0,4,1,1,0,0,1,1,1,18,0,11,0,1,0,2,1,0,10,2,5,3,9
2019.0,0.0,0.0,0.0,3,5,0,0,0,0,1,7,1,1,0,0,1,1,1,23,0,11,0,0,0,2,1,0,6,5,5,6,1
2019.0,-364.0,2.0,0.0,3,4,3,0,0,0,0,5,1,1,0,1,2,1,1,7,1,11,0,1,0,0,1,0,6,2,5,3,9
2019.0,0.0,1.0,0.0,3,4,3,0,0,0,0,5,1,1,0,0,2,1,1,8,1,11,0,1,0,1,2,0,4,2,5,3,9
2019.0,0.0,0.0,0.0,3,2,3,0,0,0,0,5,1,1,0,1,9,1,1,11,1,11,0,0,0,2,1,0,4,2,5,3,3
2019.0,0.0,1.0,0.0,3,6,3,0,0,0,0,1,1,1,0,1,1,1,1,11,1,11,0,0,0,1,0,0,4,8,5,8,8
2019.0,-150.0,0.0,0.0,3,6,3,0,0,0,0,2,1,1,0,0,2,1,1,11,1,11,0,0,0,0,2,0,6,8,5,8,8
2019.0,515.0,1.0,0.0,2,10,3,0,0,0,0,9,1,1,0,1,9,1,1,12,1,11,0,0,0,2,1,0,10,9,5,3,2
2019.0,230.0,1.0,0.0,2,6,3,0,0,0,0,5,1,1,0,1,5,1,1,12,1,11,0,0,0,1,2,0,10,8,5,8,3
2019.0,-313.0,0.0,0.0,3,2,3,0,0,0,1,9,1,1,0,0,5,1,1,13,1,11,0,0,0,1,2,0,6,5,5,3,9
2019.0,421.0,0.0,0.0,3,4,3,0,0,0,1,2,1,1,0,1,5,1,1,15,1,11,0,0,0,1,1,0,0,2,5,3,9
2019.0,-56.0,0.0,0.0,3,2,3,0,0,0,1,9,1,1,0,0,4,1,1,16,1,11,0,1,0,2,1,0,0,8,5,9,3
2019.0,-100.0,0.0,0.0,3,6,3,0,0,0,0,1,1,1,0,0,1,1,1,16,1,11,0,1,0,2,2,0,10,8,5,8,3
2019.0,-165.0,0.0,0.0,3,6,3,0,0,0,1,2,1,1,0,0,2,1,1,16,1,11,0,1,0,1,2,0,10,8,5,8,3
2019.0,61.0,0.0,0.0,3,6,3,0,0,0,0,1,1,1,0,1,1,1,1,16,1,11,0,1,0,1,1,0,6,8,5,8,3
2019.0,0.0,0.0,0.0,3,4,0,0,0,0,0,2,1,1,0,0,2,1,1,18,1,11,0,1,0,1,1,0,4,8,5,8,9
2019.0,-53.0,0.0,0.0,3,6,0,1,0,0,2,1,1,1,0,0,1,1,1,19,1,11,0,1,0,0,1,0,10,8,5,5,5
2019.0,-90.0,0.0,0.0,3,6,0,0,0,0,0,2,1,1,0,1,2,1,1,21,1,11,0,0,0,2,2,0,6,7,5,8,8
2019.0,0.0,0.0,0.0,3,6,5,4,0,0,1,9,1,1,0,0,9,1,1,2,2,11,0,0,0,1,2,0,6,8,5,3,3