Year,Distance,Totalinjuries,Totalfatalities,Injuryseverity,Collisionmanner,Lightcondition,Weather,SurfaceCondition,Unittype_One,Gender_Drv1,Traveldirection_One,AlcoholUse_Drv1,DrugUse_Drv1,Unittype_Two,Gender_Drv2,Traveldirection_Two,AlcoholUse_Drv2,DrugUse_Drv2,Hour,Weekday,Month,Weekend,Rush_Hour,Hazardous_Road,Age_Group_Drv1,Age_Group_Drv2,Substance_Use,Junction_Category,Violation_Category_Drv1,Violation_Category_Drv2,Unitaction_Category_Two,Unitaction_Category_One
2019.0,-164.0,2.0,0.0,3,6,2,1,0,0,2,1,1,1,0,1,1,1,1,7,2,11,0,1,0,0,0,0,10,8,5,8,3
2019.0,-153.0,1.0,0.0,3,10,3,0,0,0,0,1,1,1,0,0,1,1,1,7,2,11,0,1,0,1,1,0,10,5,5,2,2
2019.0,187.0,0.0,0.0,3,4,3,0,0,0,1,1,1,1,0,1,2,1,1,7,2,11,0,1,0,1,2,0,0,2,5,3,9
2019.0,-350.0,2.0,0.0,3,6,3,1,0,0,1,2,1,1,0,0,2,1,1,7,2,11,0,1,0,1,0,0,0,8,5,8,8
2019.0,-151.0,0.0,0.0,3,10,3,0,0,0,1,2,1,1,0,1,2,1,1,9,2,11,0,1,0,1,2,0,10,5,5,2,2
2019.0,0.0,0.0,0.0,3,2,3,0,0,0,0,1,1,1,0,1,5,1,1,10,2,11,0,0,0,1,1,0,4,2,5,3,3
2019.0,-30.0,0.0,0.0,3,6,3,0,0,0,1,2,1,1,0,1,2,1,1,10,2,11,0,0,0,1,2,0,10,8,5,8,3
2019.0,-79.0,0.0,0.0,3,10,3,0,0,0,1,9,1,1,0,1,9,1,1,11,2,11,0,0,0,0,2,0,6,9,5,3,2
2019.0,133.0,0.0,0.0,3,6,3,0,0,0,0,2,1,1,0,1,2,1,1,12,2,11,0,0,0,1,1,0,6,8,5,8,3
2019.0,-150.0,1.0,0.0,2,6,3,0,0,0,1,1,1,1,0,0,1,1,1,12,2,11,0,0,0,2,2,0,10,8,5,8,3
2019.0,279.0,0.0,0.0,3,10,3,0,0,0,1,5,1,1,0,1,5,1,1,13,2,11,0,0,0,1,2,0,10,9,5,3,2
2019.0,-115.0,1.0,0.0,2,6,3,1,0,0,0,2,1,1,0,0,2,1,1,13,2,11,0,0,0,1,1,0,6,7,5,8,3
2019.0,107.0,0.0,0.0,3,10,3,0,0,0,1,1,1,1,0,0,1,1,1,13,2,11,0,0,0,1,1,0,6,9,5,3,2
2019.0,0.0,1.0,0.0,2,2,3,0,0,3,0,2,1,1,0,0,1,1,1,14,2,11,0,0,0,2,1,0,0,5,5,9,7
2019.0,0.0,1.0,0.0,2,10,3,0,0,0,1,1,1,1,0,1,1,1,1,15,2,11,0,0,0,2,2,0,6,9,5,3,1
2019.0,168.0,1.0,0.0,2,2,3,0,0,0,1,9,1,1,0,0,2,1,1,17,2,11,0,1,0,1,1,0,0,2,5,3,9
2019.0,0.0,1.0,0.0,2,4,4,0,0,0,1,5,1,1,0,1,2,1,1,17,2,11,0,1,0,2,1,0,4,2,5,3,9
2019.0,0.0,0.0,0.0,3,4,0,0,0,0,1,5,1,1,0,1,2,1,1,17,2,11,0,1,0,1,1,0,5,2,5,9,3
2019.0,0.0,1.0,0.0,1,2,0,0,0,3,0,9,1,1,0,1,5,1,1,18,2,11,0,1,0,2,1,0,6,6,5,3,7
2019.0,0.0,1.0,0.0,3,10,0,0,0,0,1,1,1,1,0,1,1,1,1,19,2,11,0,1,0,1,2,0,4,4,5,3,9
2019.0,0.0,0.0,0.0,3,6,0,1,0,0,0,5,1,1,0,1,5,1,1,20,2,11,0,0,0,1,2,0,6,7,5,8,3
2019.0,0.0,0.0,0.0,3,2,0,0,0,0,2,2,1,1,0,0,9,1,1,20,2,11,0,0,0,0,0,0,3,2,5,3,5
2019.0,400.0,0.0,0.0,3,2,3,1,0,0,0,9,1,1,0,1,5,1,1,13,3,11,0,0,0,2,0,0,6,2,5,3,9
2019.0,-68.0,0.0,0.0,3,9,3,1,4,0,1,5,1,1,0,0,1,1,1,10,4,11,0,0,1,2,1,0,6,7,5,8,9
2019.0,-290.0,1.0,0.0,3,5,3,1,0,0,0,2,1,1,3,1,9,1,1,13,4,11,0,0,0,1,2,0,0,2,5,5,3
2019.0,-80.0,0.0,0.0,3,6,0,0,0,0,0,2,1,1,0,1,2,1,1,17,4,11,0,1,0,0,2,0,10,7,5,3,3
2019.0,0.0,0.0,0.0,3,2,0,0,0,0,0,1,1,1,0,1,2,1,1,17,4,11,0,1,0,2,1,0,4,2,5,3,3
2019.0,-350.0,1.0,0.0,3,6,5,4,0,0,1,2,1,1,0,0,2,1,1,18,4,11,0,1,0,1,1,0,0,7,5,8,3
2019.0,0.0,0.0,0.0,3,6,5,4,0,0,0,1,1,1,0,1,1,1,1,22,4,11,0,0,0,2,2,0,10,7,5,8,3
2019.0,-268.0,0.0,0.0,3,2,3,0,0,0,2,1,1,1,0,1,6,1,1,11,5,11,1,0,0,0,0,0,6,7,5,6,3
2019.0,78.0,0.0,0.0,3,6,3,0,0,0,1,5,1,1,0,1,5,1,1,13,5,11,1,0,0,2,1,0,10,7,5,8,3
2019.0,0.0,0.0,0.0,3,10,3,0,0,0,0,1,1,1,0,0,1,1,1,16,5,11,1,1,0,1,0,0,6,7,5,8,3
2019.0,-115.0,0.0,0.0,3,6,5,4,0,0,1,9,1,1,0,1,9,1,1,18,5,11,1,1,0,1,1,0,10,7,5,8,3
2019.0,0.0,0.0,0.0,3,4,0,0,0,0,0,2,1,1,0,1,6,1,1,19,5,11,1,1,0,0,1,0,5,2,5,9,3
2019.0,0.0,0.0,0.0,3,4,0,0,0,0,2,3,1,1,0,0,9,1,1,19,5,11,1,1,0,0,1,0,4,2,5,3,9
2019.0,300.0,1.0,0.0,2,6,0,0,0,0,0,9,1,1,0,0,9,1,1,20,5,11,1,0,0,1,1,0,6,8,5,3,3
2019.0,30.0,0.0,0.0,3,6,5,4,0,0,0,9,1,1,0,0,9,1,1,20,5,11,1,0,0,1,1,0,10,7,5,8,3
2019.0,0.0,0.0,0.0,3,2,0,0,0,0,1,9,1,1,0,1,5,1,1,21,5,11,1,0,0,2,1,0,4,2,5,3,3
2019.0,30.0,0.0,0.0,3,6,5,0,3,0,1,5,1,1,0,1,5,1,1,23,5,11,1,0,0,1,1,0,10,2,5,8,3
2019.0,20.0,1.0,0.0,3,2,3,0,0,0,0,9,1,1,0,0,5,1,1,10,6,12,1,0,0,1,2,0,10,4,5,9,9
2019.0,0.0,0.0,0.0,3,4,0,0,0,0,0,3,1,1,0,0,2,1,1,18,6,12,1,1,0,0,2,0,6,2,5,3,9
2019.0,0.0,0.0,0.0,3,5,0,0,0,0,0,2,1,1,0,0,2,1,1,18,6,12,1,1,0,1,1,0,6,5,5,3,3
2019.0,354.0,0.0,0.0,3,4,5,4,0,0,0,9,1,1,0,0,1,1,1,19,6,12,1,1,0,2,1,0,6,4,5,3,9
2019.0,0.0,2.0,0.0,2,4,5,4,0,0,1,4,1,1,0,1,5,1,1,4,0,12,0,0,0,0,0,0,4,2,5,3,9
2019.0,50.0,0.0,0.0,3,10,3,0,0,0,2,9,1,1,0,1,9,1,1,5,0,12,0,0,0,0,2,0,10,9,5,3,2
2019.0,0.0,1.0,0.0,3,4,3,0,0,0,1,9,1,1,0,0,2,1,1,7,0,12,0,1,0,2,0,0,5,2,5,3,9
2019.0,-425.0,2.0,0.0,3,4,3,0,0,0,1,5,1,1,0,1,2,1,1,7,0,12,0,1,0,1,2,0,0,2,5,3,9
2019.0,30.0,0.0,0.0,3,6,3,1,0,0,1,5,1,1,0,0,5,1,1,8,0,12,0,1,0,1,2,0,10,7,5,9,3
2019.0,120.0,0.0,0.0,3,6,3,0,0,0,1,5,1,1,0,0,5,1,1,8,0,12,0,1,0,1,1,0,10,8,5,8,3
2019.0,-25.0,1.0,0.0,3,6,3,0,0,0,1,2,1,1,0,0,2,1,1,9,0,12,0,1,0,2,1,0,10,8,5,8,3
2019.0,117.0,3.0,0.0,3,6,3,1,0,0,0,5,1,1,0,0,5,1,1,9,0,12,0,1,0,2,1,0,10,8,5,8,8
2019.0,-100.0,1.0,0.0,3,6,3,0,0,0,0,2,1,1,0,0,2,1,1,9,0,12,0,1,0,2,1,0,10,8,5,8,3
2019.0,200.0,0.0,0.0,3,4,3,0,0,0,1,2,1,1,0,0,1,1,1,11,0,12,0,0,0,1,1,0,0,2,5,3,9
2019.0,0.0,0.0,0.0,3,10,3,0,0,0,1,1,1,1,0,0,1,1,1,12,0,12,0,0,0,1,1,0,5,5,5,5,5
2019.0,40.0,1.0,0.0,2,6,3,0,0,0,1,1,1,1,0,1,1,1,1,16,0,12,0,1,0,2,1,0,10,8,5,8,3
2019.0,-400.0,1.0,0.0,3,10,3,0,0,0,2,5,1,1,0,0,5,1,1,16,0,12,0,1,0,0,0,0,6,9,5,3,2
2019.0,-35.0,0.0,0.0,3,6,3,0,0,0,2,5,1,1,0,1,5,1,1,16,0,12,0,1,0,0,1,0,10,8,5,8,3
2019.0,0.0,2.0,0.0,2,4,4,0,0,0,0,5,1,1,0,0,2,1,1,16,0,12,0,1,0,2,1,0,5,2,5,9,3
2019.0,-225.0,0.0,0.0,3,6,3,0,0,0,1,1,1,1,0,1,1,1,1,17,0,12,0,1,0,1,1,0,10,8,5,8,3
2019.0,1062.0,0.0,0.0,3,6,4,0,0,0,0,2,1,1,0,1,2,1,1,17,0,12,0,1,0,1,0,0,6,8,5,8,3
2019.0,0.0,0.0,0.0,3,6,4,0,0,0,0,5,1,1,0,1,5,1,1,17,0,12,0,1,0,1,1,0,4,7,5,8,3
2019.0,250.0,1.0,0.0,3,6,0,0,0,0,0,9,1,1,0,0,9,1,1,17,0,12,0,1,0,1,2,0,10,7,5,8,3
2019.0,540.0,2.0,0.0,3,6,0,0,0,0,1,5,1,1,0,1,5,1,1,18,0,12,0,1,0,2,2,0,6,8,5,8,3
2019.0,0.0,0.0,0.0,3,4,0,0,0,0,0,2,1,1,0,1,5,1,1,18,0,12,0,1,0,1,2,0,4,2,5,3,9
2019.0,0.0,0.0,0.0,3,10,0,0,0,0,2,9,1,1,0,1,9,1,1,20,0,12,0,0,0,0,1,0,6,5,9,2,3
2019.0,100.0,1.0,0.0,2,6,3,0,0,0,0,9,1,1,0,0,9,1,1,6,1,12,0,0,0,1,1,0,10,8,5,8,3
2019.0,0.0,0.0,0.0,3,4,3,0,0,0,0,5,1,1,0,0,2,1,1,7,1,12,0,1,0,1,1,0,4,2,5,3,9
2019.0,0.0,0.0,0.0,3,10,3,0,0,0,1,1,1,1,0,0,1,1,1,8,1,12,0,1,0,1,1,0,4,4,5,9,9
2019.0,-100.0,0.0,0.0,3,6,3,0,0,0,1,2,1,1,0,1,2,1,1,11,1,12,0,0,0,0,1,0,10,8,5,8,3
2019.0,0.0,0.0,0.0,3,2,3,0,0,0,0,5,1,1,0,1,1,1,1,11,1,12,0,0,0,1,1,0,4,2,5,9,3
2019.0,855.0,0.0,0.0,3,6,3,0,0,0,1,2,1,1,0,1,2,1,1,12,1,12,0,0,0,1,2,0,6,8,5,8,3
2019.0,295.0,2.0,0.0,2,11,3,0,0,0,1,2,1,1,0,0,2,1,1,12,1,12,0,0,0,2,1,0,6,5,5,3,9
2019.0,-60.0,0.0,0.0,3,6,3,0,0,0,2,2,1,1,0,1,2,1,1,14,1,12,0,0,0,0,1,0,10,7,5,8,3
2019.0,309.0,0.0,0.0,3,6,3,1,0,0,1,5,1,1,0,0,5,1,1,15,1,12,0,0,0,1,2,0,6,8,5,8,3
2019.0,-200.0,0.0,0.0,3,2,3,0,0,0,0,6,1,1,0,0,1,1,1,16,1,12,0,1,0,1,1,0,6,5,5,8,1
2019.0,-30.0,0.0,0.0,3,6,3,1,0,0,2,2,1,1,0,0,2,1,1,16,1,12,0,1,0,0,1,0,10,8,5,9,5
2019.0,-55.0,0.0,0.0,3,6,4,1,0,0,1,1,1,1,0,0,1,1,1,17,1,12,0,1,0,1,1,0,10,7,5,8,3
2019.0,-90.0,1.0,0.0,3,6,0,1,0,0,1,1,1,1,0,1,1,1,1,18,1,12,0,1,0,1,1,0,10,7,5,8,3
2019.0,72.0,0.0,0.0,3,6,0,3,4,0,1,5,1,1,0,1,5,1,1,18,1,12,0,1,1,2,1,0,10,7,5,8,3
2019.0,0.0,1.0,0.0,2,10,0,1,4,0,1,2,1,1,0,1,9,1,1,19,1,12,0,1,1,1,1,0,0,2,5,3,9
2019.0,100.0,0.0,0.0,3,2,0,1,0,0,0,9,1,1,0,1,2,1,1,23,1,12,0,0,0,2,1,0,10,2,5,3,9
2019.0,-50.0,0.0,0.0,3,6,0,0,0,0,0,2,1,1,0,0,2,1,1,5,2,12,0,0,0,1,2,0,10,7,5,8,3
2019.0,0.0,0.0,0.0,3,6,3,1,0,0,0,2,1,1,0,1,2,1,1,7,2,12,0,1,0,1,1,0,10,8,5,8,3
2019.0,-200.0,1.0,0.0,2,4,3,1,0,0,0,8,1,1,0,1,2,1,1,8,2,12,0,1,0,1,1,0,0,5,5,9,5
2019.0,80.0,0.0,0.0,3,6,3,1,0,0,1,1,1,1,0,0,1,1,1,8,2,12,0,1,0,2,1,0,10,8,5,8,3
2019.0,30.0,1.0,0.0,2,3,3,0,0,0,0,9,1,1,0,1,5,1,1,9,2,12,0,1,0,2,1,0,10,7,5,8,9
2019.0,-125.0,0.0,0.0,3,2,3,0,0,0,1,9,1,1,0,1,1,1,1,10,2,12,0,0,0,0,1,0,10,5,5,9,9
2019.0,25.0,0.0,0.0,3,6,3,4,0,0,1,5,1,1,0,0,5,1,1,12,2,12,0,0,0,1,1,0,10,8,5,8,8
2019.0,0.0,0.0,0.0,3,6,3,0,0,0,1,5,1,1,0,0,5,1,1,14,2,12,0,0,0,2,1,0,5,5,5,8,9
2019.0,80.0,0.0,0.0,3,10,3,0,0,0,1,1,1,1,0,1,1,1,1,14,2,12,0,0,0,1,1,0,6,9,5,3,3
2019.0,93.0,0.0,0.0,3,6,3,0,0,0,0,9,1,1,0,1,9,1,1,14,2,12,0,0,0,2,1,0,10,8,5,8,3
2019.0,-227.0,2.0,0.0,2,2,3,0,0,0,0,5,1,1,0,0,9,1,1,14,2,12,0,0,0,2,0,0,0,2,5,3,9
2019.0,-591.0,0.0,0.0,3,6,3,0,0,0,1,1,1,1,0,1,1,1,1,15,2,12,0,0,0,2,0,0,6,7,5,8,3
2019.0,0.0,0.0,0.0,3,6,3,1,0,0,1,1,1,1,0,1,1,1,1,16,2,12,0,1,0,1,1,0,4,8,5,8,3
2019.0,150.0,0.0,0.0,3,10,3,0,0,0,0,2,1,1,0,0,2,1,1,16,2,12,0,1,0,0,1,0,10,4,5,2,9
2019.0,-66.0,2.0,0.0,2,6,0,0,0,0,0,2,1,1,0,0,2,1,1,17,2,12,0,1,0,2,1,0,10,8,5,8,3
2019.0,300.0,3.0,0.0,3,6,0,1,0,0,0,5,1,1,0,1,5,1,1,17,2,12,0,1,0,2,1,0,6,7,5,8,3
2019.0,-215.0,0.0,0.0,3,6,4,1,0,0,1,1,1,1,0,1,1,1,1,17,2,12,0,1,0,2,1,0,10,8,5,8,3
2019.0,0.0,1.0,0.0,3,5,0,1,0,0,0,2,1,1,2,1,5,1,1,17,2,12,0,1,0,2,2,0,4,2,5,3,9
2019.0,0.0,0.0,0.0,3,4,0,1,0,0,1,2,1,1,0,1,5,1,1,18,2,12,0,1,0,1,1,0,4,2,5,3,9
2019.0,70.0,0.0,0.0,3,6,0,1,0,0,0,9,1,1,0,0,9,1,1,18,2,12,0,1,0,1,1,0,10,7,5,8,3
2019.0,115.0,1.0,0.0,2,4,0,1,0,0,0,5,1,1,0,1,9,1,1,19,2,12,0,1,0,1,1,0,10,2,5,3,9
2019.0,-30.0,0.0,0.0,3,6,0,1,0,0,1,1,0,1,0,1,1,1,1,0,3,12,0,0,0,1,1,0,10,7,5,8,3
2019.0,300.0,0.0,0.0,3,2,3,4,0,0,0,9,1,1,0,0,2,1,1,9,3,12,0,1,0,2,2,0,6,7,5,3,3
2019.0,0.0,0.0,0.0,3,2,3,0,0,0,1,9,1,1,0,0,2,1,1,12,3,12,0,0,0,2,1,0,4,2,5,3,3
2019.0,-147.0,0.0,0.0,3,6,3,0,0,0,2,1,1,1,0,1,1,1,1,13,3,12,0,0,0,0,1,0,10,8,5,8,3
2019.0,40.0,0.0,0.0,3,6,3,0,0,0,1,1,1,1,0,0,2,1,1,14,3,12,0,0,0,1,2,0,10,8,5,8,9
2019.0,0.0,1.0,0.0,2,2,3,0,0,0,1,1,1,1,0,0,2,1,1,14,3,12,0,0,0,0,0,0,4,2,5,3,3
2019.0,0.22,0.0,0.0,3,10,3,0,0,0,1,9,1,1,0,0,9,1,1,15,3,12,0,0,0,1,1,0,6,4,5,3,9
2019.0,0.18,0.0,0.0,3,10,3,0,0,0,1,9,1,1,0,1,9,1,1,15,3,12,0,0,0,1,1,0,10,9,5,8,2
2019.0,260.0,0.0,0.0,3,10,3,0,0,0,1,9,1,1,0,0,9,1,1,16,3,12,0,1,0,1,2,0,10,9,5,3,2
2019.0,0.0,2.0,0.0,2,4,3,0,0,0,0,9,1,1,0,0,1,1,1,17,3,12,0,1,0,1,2,0,4,2,5,3,9
2019.0,25.0,2.0,0.0,2,6,3,0,0,0,1,1,1,1,0,0,1,1,1,17,3,12,0,1,0,2,1,0,10,8,5,8,8
2019.0,430.0,0.0,0.0,3,6,0,0,0,0,1,1,1,1,0,1,1,1,1,18,3,12,0,1,0,1,1,0,6,7,5,8,3
2019.0,0.0,1.0,0.0,3,10,0,0,0,0,1,5,1,1,0,1,5,1,1,18,3,12,0,1,0,1,1,0,10,5,5,9,9
2019.0,-80.0,0.0,0.0,3,10,3,0,0,0,0,2,1,1,0,0,2,1,1,20,3,12,0,0,0,1,2,0,10,9,7,3,2
2019.0,40.0,0.0,0.0,3,3,0,0,0,0,1,2,0,1,0,0,5,1,1,22,3,12,0,0,0,1,2,0,10,7,5,3,9
2019.0,100.0,0.0,0.0,3,6,3,1,0,0,0,2,1,1,0,1,2,1,1,7,4,12,0,1,0,2,1,0,6,8,5,8,3
2019.0,120.0,0.0,0.0,3,6,3,0,0,0,0,9,1,1,0,0,9,1,1,7,4,12,0,1,0,1,2,0,10,7,5,8,3
2019.0,0.0,2.0,0.0,2,2,3,0,0,0,1,1,1,1,0,1,5,1,1,10,4,12,0,0,0,0,1,0,5,2,5,3,9
2019.0,-950.0,0.0,0.0,3,6,3,1,0,0,0,1,1,1,0,0,1,1,1,10,4,12,0,0,0,0,0,0,6,8,5,8,3
2019.0,-30.0,1.0,0.0,3,6,3,1,0,0,1,9,1,1,0,1,1,1,1,12,4,12,0,0,0,2,2,0,10,5,5,8,1
2019.0,-234.0,0.0,0.0,3,10,3,0,0,0,1,5,1,1,0,0,5,1,1,12,4,12,0,0,0,1,1,0,6,9,5,3,2
2019.0,52.0,0.0,0.0,3,10,3,0,0,0,1,5,1,1,0,1,5,1,1,12,4,12,0,0,0,1,1,0,10,9,5,3,2
2019.0,30.0,0.0,0.0,3,6,3,0,0,0,0,9,1,1,0,1,9,1,1,12,4,12,0,0,0,1,1,0,10,8,5,8,3
2019.0,30.0,0.0,0.0,3,6,3,0,0,0,0,9,1,1,0,1,9,1,1,12,4,12,0,0,0,2,1,0,10,7,5,8,3
2019.0,224.0,0.0,0.0,3,4,3,0,0,0,1,5,1,1,0,1,2,1,1,13,4,12,0,0,0,2,1,0,6,2,5,3,9
2019.0,-100.0,0.0,0.0,3,10,3,1,0,0,1,9,1,1,0,0,9,1,1,13,4,12,0,0,0,0,2,0,10,9,5,3,2
2019.0,-24.0,0.0,0.0,3,6,3,0,0,0,1,1,1,1,0,0,1,1,1,13,4,12,0,0,0,1,1,0,10,8,5,8,3
2019.0,-83.0,0.0,0.0,3,6,3,0,0,0,1,5,1,1,0,1,5,1,1,14,4,12,0,0,0,1,1,0,10,8,5,8,3
2019.0,145.0,2.0,0.0,2,6,3,0,0,0,1,1,1,1,0,0,1,1,1,15,4,12,0,0,0,1,1,0,10,8,5,8,3
2019.0,-30.0,0.0,0.0,3,9,4,0,0,0,2,2,1,1,0,1,5,1,1,17,4,12,0,1,0,0,2,0,0,9,5,3,9
2019.0,200.0,1.0,0.0,2,6,4,0,0,0,2,5,1,1,0,0,5,1,1,17,4,12,0,1,0,0,2,0,10,8,5,8,3
2019.0,0.0,2.0,0.0,2,4,4,0,0,0,1,2,1,1,0,1,9,1,1,18,4,12,0,1,0,2,1,0,4,2,5,3,9
2019.0,0.0,0.0,0.0,3,6,0,0,0,0,2,9,1,1,0,1,9,1,1,19,4,12,0,1,0,0,2,0,10,7,5,8,3
2019.0,475.0,0.0,0.0,3,9,0,0,0,0,2,2,1,1,0,1,9,1,1,20,4,12,0,0,0,0,1,0,6,4,5,9,9
2019.0,0.0,0.0,0.0,3,2,0,0,0,0,1,2,1,1,0,0,5,1,1,20,4,12,0,0,0,2,1,0,4,2,5,3,9
2019.0,50.0,2.0,0.0,2,4,0,1,0,0,1,9,1,1,0,1,9,1,1,0,5,12,1,0,0,1,2,0,10,9,5,3,9
2019.0,0.0,4.0,0.0,2,2,3,0,0,0,1,9,1,1,0,1,5,1,1,10,5,12,1,0,0,1,1,0,4,2,5,3,9
2019.0,0.0,0.0,0.0,3,6,3,1,3,0,2,2,1,1,0,0,2,1,1,16,5,12,1,1,0,0,0,0,10,5,5,3,3
2019.0,-100.0,0.0,0.0,3,6,4,3,4,0,2,5,1,1,0,1,5,1,1,17,5,12,1,1,1,0,1,0,6,7,5,8,3
2019.0,0.0,0.0,0.0,3,4,0,1,4,0,1,6,1,1,0,1,2,1,1,17,5,12,1,1,1,1,1,0,5,2,7,3,9
2019.0,-115.0,0.0,0.0,3,9,0,3,0,0,0,2,1,1,0,1,5,1,1,18,5,12,1,1,0,1,1,0,10,9,5,8,3
2019.0,0.0,0.0,0.0,3,4,0,3,4,0,1,4,1,1,0,1,5,1,1,19,5,12,1,1,1,1,2,0,4,4,5,3,9
2019.0,-2.0,0.0,0.0,3,10,0,3,4,0,1,2,1,1,0,0,2,1,1,19,5,12,1,1,1,2,1,0,10,9,5,3,8
2019.0,-15.0,1.0,0.0,3,6,0,3,4,0,0,2,1,1,0,1,2,1,1,22,5,12,1,0,1,0,2,0,4,9,5,3,2
2019.0,0.0,0.0,0.0,3,4,3,0,0,0,1,2,1,1,0,1,5,1,1,10,6,12,1,0,0,1,0,0,5,2,5,3,9
2019.0,0.0,0.0,0.0,3,2,3,1,0,0,1,1,1,1,0,1,5,1,1,11,6,12,1,0,0,0,1,0,4,2,5,3,3
2019.0,-175.0,0.0,0.0,3,6,3,1,4,0,0,2,1,1,0,1,2,1,1,11,6,12,1,0,1,1,1,0,10,2,5,8,3
2019.0,-100.0,1.0,0.0,3,10,3,0,0,0,1,9,1,1,0,0,9,1,1,13,6,12,1,0,0,1,1,0,0,2,5,3,9
2019.0,0.0,0.0,0.0,3,6,3,3,4,0,0,8,1,1,0,1,8,1,1,14,6,12,1,0,1,1,1,0,6,7,5,8,3
2019.0,0.0,0.0,0.0,3,4,3,1,0,0,1,9,1,1,0,0,5,1,1,15,6,12,1,0,0,2,1,0,5,2,5,3,9
2019.0,0.0,0.0,0.0,3,4,0,1,0,0,1,9,1,1,0,1,2,1,1,17,6,12,1,1,0,2,1,0,5,2,5,3,9
2019.0,0.0,0.0,0.0,3,2,0,0,0,0,2,2,1,1,0,1,5,1,1,18,6,12,1,1,0,0,1,0,4,2,5,3,9
2019.0,106.0,0.0,0.0,3,4,0,0,0,0,1,7,1,1,0,1,9,1,1,18,6,12,1,1,0,1,1,0,0,2,5,3,9
2019.0,0.0,1.0,0.0,2,4,0,0,0,0,1,6,1,1,0,1,2,1,1,19,6,12,1,1,0,1,2,0,4,2,5,3,9
2019.0,0.0,0.0,0.0,3,3,0,4,0,0,1,5,0,1,0,0,2,1,1,20,6,12,1,0,0,1,2,0,4,9,5,3,3
2019.0,-35.0,0.0,0.0,3,10,3,0,0,0,0,9,1,1,0,1,9,1,1,6,0,12,0,0,0,2,1,0,10,9,5,3,2
2019.0,0.0,2.0,0.0,3,6,2,3,4,0,1,9,1,1,0,0,9,1,1,7,0,12,0,1,1,1,1,0,4,7,5,8,8
2019.0,-140.0,0.0,0.0,3,6,3,0,4,0,1,2,1,1,0,0,2,1,1,7,0,12,0,1,1,2,1,0,10,8,5,8,3
2019.0,-410.0,0.0,0.0,3,11,3,0,0,0,1,2,1,1,0,1,2,1,1,8,0,12,0,1,0,1,0,0,5,5,5,3,9
2019.0,-100.0,0.0,0.0,3,6,3,3,4,0,1,2,1,1,0,0,2,1,1,8,0,12,0,1,1,1,2,0,10,7,5,8,3
2019.0,0.0,0.0,0.0,3,6,3,1,0,0,2,5,1,1,0,1,5,1,1,11,0,12,0,0,0,0,2,0,10,7,5,8,3
2019.0,0.0,0.0,0.0,3,4,3,1,0,0,1,1,1,1,0,1,2,1,1,12,0,12,0,0,0,0,1,0,4,2,5,9,9
2019.0,34.0,3.0,0.0,2,10,3,0,0,0,1,1,1,1,0,1,1,1,1,13,0,12,0,0,0,1,1,0,10,7,5,3,2
2019.0,-1454.0,2.0,0.0,2,4,3,1,0,0,0,2,1,1,0,1,2,1,1,13,0,12,0,0,0,1,1,0,6,4,5,3,9
2019.0,200.0,0.0,0.0,3,2,3,1,0,0,1,2,1,1,0,0,5,1,1,14,0,12,0,0,0,0,2,0,6,4,5,3,9
2019.0,45.0,1.0,0.0,2,5,3,0,0,3,1,2,1,1,0,1,9,1,1,14,0,12,0,0,0,0,1,0,10,5,5,3,5
2019.0,-45.0,1.0,0.0,3,12,3,1,0,0,0,1,1,1,0,1,2,1,1,14,0,12,0,0,0,2,1,0,6,5,5,3,1
2019.0,0.0,3.0,0.0,2,2,3,0,0,0,1,2,1,1,0,1,9,1,1,14,0,12,0,0,0,1,1,0,4,2,5,3,3
2019.0,300.0,0.0,0.0,3,2,3,3,4,0,1,1,1,1,0,0,9,1,1,15,0,12,0,0,1,1,0,0,6,7,5,3,0
2019.0,287.0,0.0,0.0,3,10,3,3,4,0,1,5,1,1,0,1,5,1,1,15,0,12,0,0,1,2,0,0,0,5,5,9,9
2019.0,138.0,1.0,0.0,2,6,3,3,4,0,1,5,1,1,0,0,5,1,1,15,0,12,0,0,1,1,1,0,10,8,5,8,3
2019.0,40.0,0.0,0.0,3,6,3,0,0,0,0,9,1,1,0,1,9,1,1,15,0,12,0,0,0,2,1,0,10,7,5,8,3
2019.0,60.0,0.0,0.0,3,10,3,4,0,0,2,5,1,1,0,1,5,1,1,16,0,12,0,1,0,0,2,0,10,9,5,3,2
2019.0,0.0,0.0,0.0,3,6,4,3,4,0,2,2,1,1,0,1,2,1,1,17,0,12,0,1,1,0,2,0,4,8,5,9,3
2019.0,-30.0,0.0,0.0,3,6,4,3,4,0,1,1,1,1,0,1,1,1,1,17,0,12,0,1,1,1,1,0,10,8,5,8,3
2019.0,322.0,2.0,0.0,2,6,4,3,4,0,1,9,1,1,0,1,9,1,1,17,0,12,0,1,1,1,1,0,6,8,5,8,8
2019.0,-280.0,0.0,0.0,3,10,0,0,0,0,1,2,1,1,0,1,2,1,1,17,0,12,0,1,0,1,1,0,10,9,5,3,2
2019.0,-100.0,0.0,0.0,3,6,0,3,4,0,1,5,0,1,0,1,5,1,1,18,0,12,0,1,1,0,1,0,10,8,5,8,3