Year,Distance,Totalinjuries,Totalfatalities,Injuryseverity,Collisionmanner,Lightcondition,Weather,SurfaceCondition,Unittype_One,Gender_Drv1,Traveldirection_One,AlcoholUse_Drv1,DrugUse_Drv1,Unittype_Two,Gender_Drv2,Traveldirection_Two,AlcoholUse_Drv2,DrugUse_Drv2,Hour,Weekday,Month,Weekend,Rush_Hour,Hazardous_Road,Age_Group_Drv1,Age_Group_Drv2,Substance_Use,Junction_Category,Violation_Category_Drv1,Violation_Category_Drv2,Unitaction_Category_Two,Unitaction_Category_One
2019.0,200.0,0.0,0.0,3,6,0,1,4,0,0,9,1,1,0,1,9,1,1,20,0,12,0,0,1,2,1,0,10,2,5,8,9
2019.0,475.0,0.0,0.0,3,2,0,0,0,0,2,2,1,1,0,1,9,1,1,20,0,12,0,0,0,0,1,0,0,4,5,9,9
2019.0,1563.0,5.0,0.0,2,2,3,0,0,0,1,1,1,1,0,1,5,1,1,6,1,12,0,0,0,1,2,0,0,2,5,3,3
2019.0,-264.0,0.0,0.0,3,10,3,0,0,0,1,2,1,1,0,0,2,1,1,7,1,12,0,1,0,1,0,0,10,9,5,3,2
2019.0,-383.0,0.0,0.0,3,5,3,0,0,0,0,5,1,1,0,0,5,1,1,7,1,12,0,1,0,1,1,0,6,5,5,3,9
2019.0,115.0,1.0,0.0,3,6,3,0,0,0,2,9,1,1,0,1,9,1,1,8,1,12,0,1,0,0,1,0,10,7,5,8,3
2019.0,35.0,0.0,0.0,3,10,5,4,0,0,2,8,1,1,1,1,8,1,1,9,1,12,0,1,0,0,1,0,6,5,5,6,5
2019.0,-45.0,0.0,0.0,3,10,3,0,0,0,0,9,1,1,0,0,9,1,1,9,1,12,0,1,0,2,2,0,10,9,5,3,2
2019.0,-45.0,1.0,0.0,2,6,3,0,0,0,1,1,1,1,0,1,1,1,1,12,1,12,0,0,0,2,1,0,10,8,5,8,3
2019.0,550.0,0.0,0.0,3,4,3,0,0,0,0,1,1,1,0,0,9,1,1,12,1,12,0,0,0,1,1,0,0,2,5,3,9
2019.0,-30.0,0.0,0.0,3,6,3,0,0,0,2,1,1,1,0,0,1,1,1,14,1,12,0,0,0,0,1,0,10,8,5,8,3
2019.0,-25.0,0.0,0.0,3,6,3,0,0,0,1,1,1,1,0,1,1,1,1,14,1,12,0,0,0,2,1,0,10,7,5,8,3
2019.0,291.0,0.0,0.0,3,6,3,0,0,0,1,1,1,1,0,0,1,1,1,15,1,12,0,0,0,2,1,0,6,8,5,8,3
2019.0,0.0,0.0,0.0,3,10,3,0,0,0,1,5,1,1,0,1,5,1,1,15,1,12,0,0,0,1,1,0,4,9,5,9,3
2019.0,-600.0,0.0,0.0,3,6,3,0,0,0,1,5,1,1,0,1,5,1,1,16,1,12,0,1,0,1,1,0,6,7,5,8,3
2019.0,355.0,2.0,0.0,2,6,3,0,0,0,0,1,1,1,0,0,1,1,1,16,1,12,0,1,0,1,2,0,6,8,5,8,3
2019.0,0.0,0.0,0.0,3,2,3,0,0,0,1,1,1,1,0,1,5,1,1,16,1,12,0,1,0,1,1,0,4,2,5,3,3
2019.0,-250.0,0.0,0.0,3,4,3,0,0,0,0,5,1,1,0,0,2,1,1,16,1,12,0,1,0,2,1,0,6,2,5,3,9
2019.0,700.0,0.0,0.0,3,6,4,0,0,0,1,5,1,1,0,0,5,1,1,17,1,12,0,1,0,2,1,0,10,8,5,8,3
2019.0,-625.0,0.0,0.0,3,2,0,0,0,0,0,4,1,1,0,0,1,1,1,18,1,12,0,1,0,2,2,0,6,2,5,3,9
2019.0,0.0,1.0,0.0,2,4,0,0,0,0,1,2,1,1,0,0,2,1,1,18,1,12,0,1,0,1,0,0,5,2,5,3,9
2019.0,60.0,1.0,0.0,3,6,0,0,0,0,1,1,1,1,0,1,1,1,1,18,1,12,0,1,0,2,2,0,10,7,5,9,3
2019.0,198.0,0.0,0.0,3,6,0,0,0,0,0,9,1,1,0,0,9,1,1,20,1,12,0,0,0,2,2,0,10,7,5,3,8
2019.0,-50.0,0.0,0.0,3,10,0,0,0,0,1,5,1,1,0,1,5,1,1,22,1,12,0,0,0,2,2,0,10,2,2,2,3
2019.0,0.0,1.0,0.0,3,2,0,0,0,0,0,7,1,1,0,0,2,1,1,0,2,12,0,0,0,1,1,0,4,2,5,3,3
2019.0,0.0,3.0,0.0,2,4,0,0,0,0,1,1,1,1,0,0,9,1,1,6,2,12,0,0,0,1,1,0,4,2,5,3,9
2019.0,-130.0,0.0,0.0,3,6,3,0,0,0,0,5,1,1,0,0,5,1,1,12,2,12,0,0,0,2,2,0,6,7,5,8,3
2019.0,0.11,0.0,0.0,3,10,3,0,0,0,2,8,1,1,1,1,9,1,1,12,2,12,0,0,0,0,1,0,6,5,5,6,5
2019.0,-50.0,0.0,0.0,3,10,3,0,0,0,0,1,1,1,0,0,1,1,1,13,2,12,0,0,0,1,1,0,10,9,5,3,2
2019.0,-60.0,3.0,0.0,2,6,3,0,0,0,1,1,1,1,0,0,1,1,1,13,2,12,0,0,0,1,2,0,0,8,5,9,3
2019.0,-160.0,0.0,0.0,3,6,3,0,0,0,0,9,1,1,0,0,9,1,1,13,2,12,0,0,0,2,2,0,6,7,5,8,3
2019.0,40.0,0.0,0.0,3,6,3,0,0,0,1,9,1,1,0,1,9,1,1,13,2,12,0,0,0,2,1,0,10,2,5,8,3
2019.0,-239.0,2.0,0.0,2,6,3,0,0,0,1,5,1,1,0,1,5,1,1,14,2,12,0,0,0,0,1,0,6,8,5,8,3
2019.0,-15.0,1.0,0.0,1,5,3,0,0,0,2,5,1,1,3,1,1,1,1,15,2,12,0,0,0,0,1,0,10,2,5,7,3
2019.0,360.0,0.0,0.0,3,10,3,0,0,0,2,5,1,1,0,1,5,1,1,15,2,12,0,0,0,0,2,0,10,5,5,8,3
2019.0,0.0,0.0,0.0,3,2,3,0,0,0,1,1,1,1,0,0,5,1,1,15,2,12,0,0,0,1,0,0,5,2,5,3,9
2019.0,-30.0,0.0,0.0,3,6,3,0,0,0,1,5,1,1,0,1,5,1,1,15,2,12,0,0,0,2,1,0,10,8,5,8,3
2019.0,200.0,1.0,0.0,3,6,3,0,0,0,0,5,1,1,0,0,5,1,1,15,2,12,0,0,0,1,1,0,10,7,5,8,8
2019.0,-180.0,0.0,0.0,3,3,3,0,0,0,0,1,0,1,0,1,9,1,1,16,2,12,0,1,0,1,2,0,10,9,5,3,3
2019.0,0.0,0.0,0.0,3,2,4,0,0,0,1,1,1,1,0,1,2,1,1,16,2,12,0,1,0,1,1,0,4,2,5,9,9
2019.0,0.0,0.0,0.0,3,2,3,0,0,0,0,5,1,1,0,1,9,1,1,16,2,12,0,1,0,1,0,0,5,2,5,3,9
2019.0,-335.0,0.0,0.0,3,4,3,0,0,0,1,2,1,1,0,0,9,1,1,17,2,12,0,1,0,2,1,0,0,2,5,9,9
2019.0,158.0,0.0,0.0,3,10,3,0,0,0,1,5,1,1,0,0,5,1,1,17,2,12,0,1,0,1,1,0,6,9,5,3,2
2019.0,0.0,0.0,0.0,3,10,0,1,0,0,1,2,1,1,0,1,1,1,1,18,2,12,0,1,0,1,1,0,10,7,5,3,3
2019.0,-168.0,0.0,0.0,3,6,4,0,0,0,1,1,1,1,0,0,1,1,1,18,2,12,0,1,0,1,1,0,5,8,9,5,3
2019.0,0.0,0.0,0.0,3,4,0,0,0,0,0,2,1,1,0,1,5,1,1,18,2,12,0,1,0,1,1,0,4,2,5,3,9
2019.0,270.0,0.0,0.0,3,6,0,0,0,0,0,5,1,1,0,0,5,1,1,19,2,12,0,1,0,1,1,0,10,7,5,8,5
2019.0,0.0,0.0,0.0,3,2,5,4,0,0,0,9,1,1,0,1,2,1,1,0,3,12,0,0,0,2,1,0,4,5,5,3,3
2019.0,0.0,0.0,0.0,3,2,0,0,0,0,1,1,1,1,0,0,5,1,1,4,3,12,0,0,0,1,1,0,5,2,5,3,9
2019.0,0.0,0.0,0.0,3,2,0,0,0,0,2,2,1,1,0,1,4,1,1,5,3,12,0,0,0,0,1,0,5,5,5,9,5
2019.0,435.0,1.0,0.0,2,5,0,0,0,3,0,2,1,1,0,1,9,1,1,6,3,12,0,0,0,0,1,0,6,6,5,3,7
2019.0,0.0,0.0,0.0,3,4,3,0,0,0,1,9,1,1,0,0,2,1,1,8,3,12,0,1,0,1,1,0,5,2,5,3,9
2019.0,450.0,0.0,0.0,3,6,3,0,0,0,1,5,1,1,0,1,5,1,1,10,3,12,0,0,0,1,1,0,10,8,5,8,3
2019.0,30.0,0.0,0.0,3,6,3,0,0,0,1,5,1,1,0,1,5,1,1,11,3,12,0,0,0,1,1,0,10,8,5,8,3
2019.0,0.0,0.0,0.0,3,6,3,0,0,0,0,1,1,1,0,0,1,1,1,12,3,12,0,0,0,1,2,0,3,8,5,8,3
2019.0,0.0,0.0,0.0,3,6,3,0,0,0,1,5,1,1,0,1,5,1,1,13,3,12,0,0,0,1,1,0,5,8,5,8,3
2019.0,-38.0,0.0,0.0,3,6,3,0,0,0,1,1,1,1,0,0,1,1,1,14,3,12,0,0,0,1,1,0,10,8,5,8,3
2019.0,-175.0,0.0,0.0,3,6,3,0,0,0,1,2,1,1,0,1,2,1,1,16,3,12,0,1,0,1,1,0,10,8,5,8,2
2019.0,200.0,1.0,0.0,2,5,3,0,0,2,1,1,1,1,0,0,5,1,1,16,3,12,0,1,0,1,2,0,0,5,5,9,3
2019.0,-300.0,0.0,0.0,3,6,4,0,0,0,0,5,1,1,0,0,5,1,1,16,3,12,0,1,0,2,2,0,10,8,5,8,3
2019.0,-71.0,0.0,0.0,3,6,3,0,0,0,1,2,1,1,0,1,2,1,1,16,3,12,0,1,0,2,2,0,6,8,5,8,3
2019.0,-350.0,0.0,0.0,3,2,0,0,0,0,0,9,1,1,0,1,2,1,1,17,3,12,0,1,0,1,1,0,6,2,9,3,9
2019.0,-350.0,0.0,0.0,3,10,0,0,0,0,1,2,1,1,0,1,2,1,1,17,3,12,0,1,0,0,2,0,6,9,5,3,2
2019.0,-227.0,0.0,0.0,3,6,4,0,0,0,1,1,1,1,0,0,1,1,1,18,3,12,0,1,0,2,1,0,6,8,5,8,8
2019.0,120.0,1.0,0.0,2,2,5,4,0,0,0,1,1,1,0,0,5,1,1,18,3,12,0,1,0,1,1,0,10,2,5,8,9
2019.0,210.0,0.0,0.0,3,6,0,0,0,0,0,5,1,1,0,1,5,1,1,18,3,12,0,1,0,2,2,0,10,5,5,3,3
2019.0,-200.0,0.0,0.0,3,6,0,0,0,0,0,5,1,1,0,1,5,1,1,20,3,12,0,0,0,2,1,0,10,7,5,8,3
2019.0,20.0,0.0,0.0,3,6,0,0,0,0,0,5,0,1,0,1,5,1,1,23,3,12,0,0,0,1,0,0,10,2,5,3,3
2019.0,79.0,0.0,0.0,3,6,0,0,0,0,0,1,1,1,0,1,1,1,1,5,4,12,0,0,0,1,1,0,6,5,5,3,3
2019.0,-123.0,0.0,0.0,3,6,3,0,0,0,1,1,1,1,0,1,1,1,1,8,4,12,0,1,0,1,2,0,10,8,5,8,3
2019.0,35.0,0.0,0.0,3,10,3,0,0,0,1,9,1,1,0,1,9,1,1,9,4,12,0,1,0,1,1,0,10,9,5,8,9
2019.0,-573.0,0.0,0.0,3,10,3,0,0,0,1,9,1,1,0,0,9,1,1,9,4,12,0,1,0,0,1,0,6,5,5,0,3
2019.0,372.0,0.0,0.0,3,6,3,0,0,0,1,5,1,1,0,1,5,1,1,11,4,12,0,0,0,1,1,0,10,8,5,8,3
2019.0,-67.0,1.0,0.0,2,6,3,0,0,0,1,1,1,1,0,1,1,1,1,12,4,12,0,0,0,1,0,0,10,8,5,8,3
2019.0,-98.0,0.0,0.0,3,12,3,0,0,0,1,1,1,1,0,1,1,1,1,14,4,12,0,0,0,0,1,0,10,9,5,8,3
2019.0,-115.0,0.0,0.0,3,10,3,0,0,0,1,2,1,1,0,1,1,1,1,15,4,12,0,0,0,1,0,0,6,9,5,3,9
2019.0,68.0,1.0,0.0,2,2,3,0,0,2,1,5,1,1,0,1,9,1,1,15,4,12,0,0,0,2,1,0,3,5,5,9,3
2019.0,269.0,0.0,0.0,3,4,3,0,0,0,1,2,1,1,0,1,5,1,1,15,4,12,0,0,0,1,1,0,6,2,5,3,9
2019.0,-222.0,0.0,0.0,3,4,3,0,0,0,0,1,1,1,0,0,5,1,1,16,4,12,0,1,0,2,1,0,6,2,5,3,9
2019.0,0.0,1.0,0.0,2,4,4,0,0,0,1,1,1,1,0,1,9,1,1,17,4,12,0,1,0,2,2,0,4,5,5,3,9
2019.0,-384.0,0.0,0.0,3,10,0,0,0,0,0,5,1,1,0,1,5,1,1,17,4,12,0,1,0,2,0,0,10,5,5,3,9
2019.0,0.0,0.0,0.0,3,4,4,0,0,0,1,2,1,1,0,1,1,1,1,17,4,12,0,1,0,0,1,0,4,5,5,3,3
2019.0,200.0,0.0,0.0,3,6,1,0,0,0,1,5,1,1,0,0,5,1,1,18,4,12,0,1,0,1,2,0,6,7,5,8,3
2019.0,0.0,0.0,0.0,3,2,0,0,0,0,1,2,1,1,0,1,9,1,1,18,4,12,0,1,0,1,2,0,4,5,5,3,3
2019.0,33.0,2.0,0.0,2,5,0,0,0,0,1,1,1,0,1,1,1,1,1,20,4,12,0,0,0,1,1,0,6,9,5,6,3
2019.0,0.0,0.0,0.0,3,4,0,0,0,0,1,6,1,1,0,1,1,1,1,21,4,12,0,0,0,0,1,0,4,2,5,3,9
2019.0,575.0,0.0,0.0,3,6,0,0,0,0,1,1,1,1,0,1,1,1,1,21,4,12,0,0,0,2,1,0,6,5,8,3,3
2019.0,0.0,1.0,0.0,3,4,0,0,0,0,1,1,1,1,0,1,9,1,1,22,4,12,0,0,0,1,0,0,4,5,5,9,3
2019.0,470.0,0.0,0.0,3,6,3,0,0,0,0,9,1,1,0,1,9,1,1,13,5,12,1,0,0,2,2,0,6,7,9,8,3
2019.0,30.0,0.0,0.0,3,10,3,0,0,0,1,1,1,1,0,1,1,1,1,17,5,12,1,1,0,1,1,0,10,5,5,9,9
2019.0,-100.0,0.0,0.0,3,6,0,0,0,0,0,2,1,1,0,1,2,1,1,18,5,12,1,1,0,2,2,0,10,5,5,3,3
2019.0,97.0,1.0,0.0,1,5,0,1,0,3,1,5,0,1,0,1,1,0,1,19,5,12,1,1,0,0,1,0,6,6,5,3,7
2019.0,-55.0,0.0,0.0,3,6,0,0,0,0,1,2,1,0,0,1,2,1,1,19,5,12,1,1,0,2,1,0,4,7,5,8,3
2019.0,-280.0,0.0,0.0,3,9,3,0,0,0,1,6,1,1,0,1,9,1,1,7,6,12,1,1,0,1,1,0,6,2,5,3,3
2019.0,45.0,0.0,0.0,3,10,3,0,0,0,0,9,1,1,0,0,9,1,1,8,6,12,1,1,0,1,1,0,10,9,5,3,2
2019.0,0.0,0.0,0.0,3,10,3,0,0,0,1,2,1,1,0,1,2,1,1,10,6,12,1,0,0,2,1,0,5,9,5,3,3
2019.0,-28.0,0.0,0.0,3,2,3,0,0,0,1,5,1,1,0,0,5,1,1,14,6,12,1,0,0,1,2,0,6,2,5,3,6
2019.0,-75.0,0.0,0.0,3,6,3,0,0,0,1,1,1,1,0,1,1,1,1,15,6,12,1,0,0,1,1,0,6,7,5,8,8
2019.0,0.0,0.0,0.0,3,2,0,0,0,0,1,1,1,1,0,0,5,1,1,20,6,12,1,0,0,1,1,0,5,2,5,3,9
2019.0,30.0,0.0,0.0,3,6,0,0,0,0,2,9,1,1,0,1,9,1,1,21,6,12,1,0,0,0,2,0,10,7,5,8,3
2019.0,0.0,2.0,0.0,2,4,3,0,0,0,1,9,1,1,0,0,1,1,1,6,0,12,0,0,0,1,1,0,4,2,5,3,9
2019.0,0.0,1.0,0.0,2,2,3,0,0,3,1,5,1,1,0,1,9,1,1,9,0,12,0,1,0,1,2,0,4,2,5,9,7
2019.0,180.0,3.0,0.0,2,4,3,0,0,0,0,5,1,1,0,0,5,1,1,13,0,12,0,0,0,1,1,0,0,4,5,3,9
2019.0,-470.0,0.0,0.0,3,2,3,0,0,0,1,1,1,1,1,1,5,1,1,14,0,12,0,0,0,1,1,0,8,7,5,6,3
2019.0,75.0,1.0,0.0,3,6,3,0,0,0,2,9,1,1,0,0,9,1,1,14,0,12,0,0,0,0,1,0,10,7,5,8,3
2019.0,-90.0,2.0,0.0,2,2,3,0,0,0,0,2,1,1,0,1,1,1,1,15,0,12,0,0,0,2,0,0,10,2,5,3,9
2019.0,750.0,0.0,0.0,3,2,3,0,0,0,1,9,1,1,0,1,1,1,1,17,0,12,0,1,0,1,2,0,6,4,5,3,9
2019.0,0.0,1.0,0.0,2,4,0,0,0,0,1,2,1,1,0,1,5,1,1,17,0,12,0,1,0,1,1,0,6,2,5,3,9
2019.0,500.0,0.0,0.0,3,6,0,0,0,0,0,2,1,1,0,0,2,1,1,19,0,12,0,1,0,1,1,0,0,9,5,0,2
2019.0,110.0,2.0,0.0,2,6,0,0,0,0,1,1,1,1,0,0,1,1,1,19,0,12,0,1,0,2,1,0,6,7,5,8,3
2019.0,35.0,0.0,0.0,3,6,0,0,0,0,0,9,1,1,0,0,9,1,1,19,0,12,0,1,0,2,2,0,10,7,5,8,3
2019.0,170.0,0.0,0.0,3,4,0,0,0,0,0,5,1,1,0,1,2,1,1,20,0,12,0,0,0,1,1,0,0,2,5,3,9
2019.0,-150.0,1.0,0.0,3,6,0,0,0,0,0,1,1,1,0,0,1,1,1,6,1,12,0,0,0,1,1,0,6,2,5,3,2
2019.0,30.0,0.0,0.0,3,6,2,0,0,0,1,5,1,1,0,0,5,1,1,6,1,12,0,0,0,1,1,0,10,7,5,8,3
2019.0,90.0,0.0,0.0,3,6,2,0,0,0,0,5,1,1,0,1,5,1,1,6,1,12,0,0,0,1,1,0,10,7,5,8,8
2019.0,-250.0,0.0,0.0,3,10,3,0,0,0,1,2,1,1,0,1,2,1,1,6,1,12,0,0,0,1,1,0,6,9,5,3,2
2019.0,602.0,0.0,0.0,3,10,3,0,0,0,1,5,1,1,0,0,5,1,1,7,1,12,0,1,0,0,2,0,3,5,5,3,2
2019.0,-700.0,0.0,0.0,3,2,3,0,0,0,1,2,1,1,0,1,2,1,1,8,1,12,0,1,0,1,0,0,6,9,5,3,2
2019.0,30.0,0.0,0.0,3,4,3,0,0,0,1,5,1,1,0,1,9,1,1,9,1,12,0,1,0,0,1,0,0,2,5,8,9
2019.0,-50.0,0.0,0.0,3,6,3,0,0,0,1,2,1,1,0,0,2,1,1,11,1,12,0,0,0,1,1,0,10,8,5,8,3
2019.0,0.0,3.0,0.0,1,2,3,0,0,0,1,5,0,1,0,0,2,1,1,12,1,12,0,0,0,1,1,0,4,7,5,8,2
2019.0,-125.0,0.0,0.0,3,2,3,0,0,0,0,1,1,1,0,1,5,1,1,14,1,12,0,0,0,1,1,0,6,2,5,3,5
2019.0,-200.0,0.0,0.0,3,10,3,0,0,0,0,1,1,1,0,1,1,1,1,16,1,12,0,1,0,0,1,0,10,9,5,3,2
2019.0,-681.0,1.0,0.0,2,4,3,0,0,0,1,9,1,1,0,0,1,1,1,16,1,12,0,1,0,0,1,0,0,2,5,3,9
2019.0,-200.0,0.0,0.0,3,6,3,0,0,0,1,1,1,1,0,1,1,1,1,16,1,12,0,1,0,2,1,0,6,7,5,8,3
2019.0,140.0,1.0,0.0,2,6,4,0,0,0,1,2,1,1,0,1,2,1,1,17,1,12,0,1,0,2,1,0,0,8,5,8,3
2019.0,-313.0,0.0,0.0,3,6,3,0,0,0,2,5,1,1,0,0,5,1,1,17,1,12,0,1,0,0,1,0,6,5,5,3,3
2019.0,0.0,1.0,0.0,3,12,0,0,0,0,0,2,1,1,0,1,1,1,1,17,1,12,0,1,0,1,1,0,5,2,5,3,3
2019.0,-800.0,1.0,0.0,3,2,5,0,0,0,0,6,1,1,0,0,9,1,1,18,1,12,0,1,0,2,1,0,0,2,5,0,9
2019.0,345.0,1.0,0.0,3,10,0,0,0,0,1,2,1,1,0,1,2,1,1,18,1,12,0,1,0,2,0,0,6,9,5,3,2
2019.0,-200.0,0.0,0.0,3,10,0,0,0,0,1,9,1,1,0,0,9,1,1,18,1,12,0,1,0,2,1,0,6,9,5,3,2
2019.0,400.0,0.0,0.0,3,10,0,0,0,0,1,7,1,1,0,0,9,1,1,18,1,12,0,1,0,1,1,0,10,9,5,3,2
2019.0,25.0,1.0,0.0,3,3,0,0,0,0,0,1,1,1,0,1,9,1,1,18,1,12,0,1,0,1,1,0,10,5,5,3,3
2019.0,-685.0,0.0,0.0,3,6,0,0,0,0,1,5,1,1,0,0,5,1,1,5,2,12,0,0,0,1,1,0,6,7,5,8,8
2019.0,270.0,2.0,0.0,2,4,3,0,0,0,0,5,1,1,0,0,9,1,1,6,2,12,0,0,0,1,1,0,0,9,5,3,9
2019.0,0.0,1.0,0.0,2,4,3,0,0,0,0,2,1,1,0,0,1,1,1,7,2,12,0,1,0,1,1,0,0,2,5,9,3
2019.0,0.0,2.0,0.0,2,4,3,0,0,0,1,5,1,1,0,1,2,1,1,7,2,12,0,1,0,1,2,0,5,2,5,3,9
2019.0,0.0,1.0,0.0,2,2,3,0,0,0,1,9,1,1,0,1,5,1,1,12,2,12,0,0,0,1,1,0,4,2,5,3,3
2019.0,-660.0,0.0,0.0,3,6,3,0,0,0,0,1,1,1,0,0,2,1,1,12,2,12,0,0,0,0,2,0,0,9,5,3,2
2019.0,0.0,0.0,0.0,3,10,3,0,0,0,0,5,1,1,0,1,5,1,1,15,2,12,0,0,0,2,1,0,6,9,5,3,2
2019.0,0.0,0.0,0.0,3,6,3,0,0,0,0,9,1,1,0,0,9,1,1,15,2,12,0,0,0,0,1,0,10,8,5,8,3
2019.0,-149.0,0.0,0.0,3,4,0,0,0,0,0,1,1,1,0,1,5,1,1,17,2,12,0,1,0,0,1,0,10,2,5,3,9
2019.0,214.0,0.0,0.0,3,6,3,0,0,0,0,2,1,1,0,1,2,1,1,18,2,12,0,1,0,1,1,0,6,8,5,8,8
2019.0,-280.0,1.0,0.0,3,2,0,0,0,0,1,2,1,1,0,1,1,1,1,18,2,12,0,1,0,2,1,0,0,2,5,3,5
2019.0,300.0,1.0,0.0,3,6,0,0,0,0,1,5,1,1,0,1,5,1,1,19,2,12,0,1,0,2,1,0,6,7,5,8,3
2019.0,-200.0,0.0,0.0,3,12,5,4,3,0,2,8,1,1,1,1,2,1,1,22,2,12,0,0,0,0,1,0,6,5,5,6,5
2019.0,-150.0,0.0,0.0,3,10,0,0,0,0,2,2,1,1,0,1,2,1,1,6,3,12,0,0,0,0,2,0,6,9,5,3,2
2019.0,115.0,0.0,0.0,3,10,3,0,0,0,1,5,1,1,0,1,5,1,1,7,3,12,0,1,0,2,1,0,10,9,5,3,2
2019.0,-100.0,0.0,0.0,3,6,3,0,0,0,1,2,1,1,0,0,2,1,1,11,3,12,0,0,0,2,1,0,6,8,5,8,3
2019.0,0.0,0.0,0.0,3,4,3,0,0,0,2,2,1,1,0,1,1,1,1,11,3,12,0,0,0,0,1,0,4,2,5,3,9
2019.0,-480.0,0.0,0.0,3,6,3,0,0,0,1,5,1,1,0,1,5,1,1,13,3,12,0,0,0,1,1,0,6,7,5,8,3
2019.0,0.22,1.0,0.0,2,2,3,0,0,0,1,9,1,1,0,0,5,1,1,13,3,12,0,0,0,2,0,0,5,2,5,3,3
2019.0,0.0,2.0,0.0,2,4,3,0,0,0,0,1,1,1,0,1,5,1,1,14,3,12,0,0,0,1,2,0,4,2,5,3,9
2019.0,-150.0,0.0,0.0,3,10,3,0,0,0,0,2,1,1,0,0,2,1,1,14,3,12,0,0,0,1,1,0,6,9,5,3,2
2019.0,-35.0,2.0,0.0,3,4,3,0,0,0,1,2,1,1,0,1,1,1,1,15,3,12,0,0,0,1,1,0,6,2,5,3,9
2019.0,0.0,0.0,0.0,3,6,3,0,0,0,1,2,1,1,0,1,2,1,1,15,3,12,0,0,0,2,1,0,4,8,5,3,3
2019.0,80.0,0.0,0.0,3,6,3,0,0,0,1,5,0,1,0,0,5,1,1,15,3,12,0,0,0,1,1,0,10,7,5,8,3
2019.0,-635.0,0.0,0.0,3,4,3,0,0,0,1,5,1,1,0,1,1,1,1,15,3,12,0,0,0,1,1,0,0,2,7,3,9
2019.0,0.0,0.0,0.0,3,4,4,0,0,0,0,2,1,1,0,1,5,1,1,16,3,12,0,1,0,1,1,0,4,2,5,3,9
2019.0,-172.0,0.0,0.0,3,6,3,0,0,0,1,2,1,1,0,0,2,1,1,16,3,12,0,1,0,1,1,0,10,8,5,8,3
2019.0,0.0,0.0,0.0,3,2,0,0,0,0,0,9,1,1,0,0,5,1,1,17,3,12,0,1,0,2,2,0,10,2,5,3,3
2019.0,-121.0,0.0,0.0,3,6,0,0,0,0,1,1,1,1,0,0,1,1,1,17,3,12,0,1,0,2,1,0,10,8,5,8,3
2019.0,190.0,0.0,0.0,3,2,0,0,0,0,1,5,1,1,0,1,5,1,1,20,3,12,0,0,0,1,2,0,6,7,5,8,3
2019.0,66.0,0.0,0.0,3,6,0,0,0,0,1,9,1,1,0,1,9,1,1,20,3,12,0,0,0,2,1,0,10,7,5,8,3
2019.0,0.0,0.0,0.0,3,10,0,0,0,0,1,2,1,1,0,1,2,1,1,21,3,12,0,0,0,2,1,0,4,9,5,3,2
2019.0,275.0,0.0,0.0,3,2,3,0,0,0,1,1,0,1,0,0,8,1,1,6,4,12,0,0,0,1,0,0,6,5,5,6,9
2019.0,0.0,0.0,0.0,3,2,3,0,0,0,1,1,1,1,0,0,5,1,1,7,4,12,0,1,0,0,1,0,5,2,5,3,9
2019.0,0.0,1.0,0.0,2,2,3,0,0,3,1,9,1,1,0,1,5,1,1,8,4,12,0,1,0,2,1,0,5,5,5,5,5
2019.0,-253.0,0.0,0.0,3,6,3,0,0,0,1,2,1,1,0,0,2,1,1,9,4,12,0,1,0,2,1,0,10,8,5,8,3
2019.0,-113.0,2.0,0.0,2,6,3,0,0,0,1,2,1,1,0,1,2,1,1,9,4,12,0,1,0,2,1,0,10,8,5,8,3
2019.0,312.0,0.0,0.0,3,2,3,0,0,0,0,5,1,1,0,1,9,1,1,11,4,12,0,0,0,0,1,0,6,2,5,3,9
2019.0,50.0,0.0,0.0,3,6,3,0,0,0,1,9,1,1,0,1,9,1,1,12,4,12,0,0,0,1,0,0,10,7,5,8,3
2019.0,0.0,0.0,0.0,3,2,3,0,0,0,1,1,1,1,0,0,5,1,1,12,4,12,0,0,0,1,1,0,4,2,5,3,3
2019.0,-100.0,2.0,0.0,2,6,3,0,0,0,0,1,1,1,0,1,1,1,1,12,4,12,0,0,0,1,1,0,4,8,5,8,3
2019.0,-100.0,0.0,0.0,3,6,5,4,0,0,1,9,1,1,0,1,9,1,1,13,4,12,0,0,0,1,1,0,6,7,5,3,3
2019.0,383.0,1.0,0.0,2,4,3,0,0,0,1,5,1,1,0,1,9,1,1,13,4,12,0,0,0,1,1,0,6,2,5,3,9
2019.0,-284.0,0.0,0.0,3,4,3,0,0,0,0,9,1,1,0,1,5,1,1,13,4,12,0,0,0,2,0,0,6,2,5,3,9
2019.0,230.0,0.0,0.0,3,6,3,0,0,0,1,2,1,1,0,0,2,1,1,14,4,12,0,0,0,0,2,0,6,8,5,8,3
2019.0,0.0,1.0,0.0,2,2,3,0,0,0,0,5,1,1,0,1,9,1,1,15,4,12,0,0,0,1,2,0,5,2,5,3,9
2019.0,-177.0,0.0,0.0,3,2,3,0,0,0,0,5,1,1,0,1,5,1,1,16,4,12,0,1,0,1,1,0,6,8,5,8,3