Year,Distance,Totalinjuries,Totalfatalities,Injuryseverity,Collisionmanner,Lightcondition,Weather,SurfaceCondition,Unittype_One,Gender_Drv1,Traveldirection_One,AlcoholUse_Drv1,DrugUse_Drv1,Unittype_Two,Gender_Drv2,Traveldirection_Two,AlcoholUse_Drv2,DrugUse_Drv2,Hour,Weekday,Month,Weekend,Rush_Hour,Hazardous_Road,Age_Group_Drv1,Age_Group_Drv2,Substance_Use,Junction_Category,Violation_Category_Drv1,Violation_Category_Drv2,Unitaction_Category_Two,Unitaction_Category_One
2019.0,0.0,0.0,0.0,3,4,3,0,0,0,1,2,1,1,0,0,5,1,1,16,4,12,0,1,0,1,2,0,4,2,5,3,9
2019.0,226.0,0.0,0.0,3,2,4,0,0,0,2,5,1,1,0,1,9,1,1,17,4,12,0,1,0,0,1,0,6,2,5,3,9
2019.0,0.0,0.0,0.0,3,2,0,0,0,0,2,4,1,1,0,1,9,1,1,18,4,12,0,1,0,0,1,0,10,9,5,3,2
2019.0,0.0,0.0,0.0,3,2,0,0,0,0,1,2,1,1,0,1,1,1,1,20,4,12,0,0,0,1,1,0,10,2,5,3,3
2019.0,0.0,0.0,0.0,3,10,0,0,0,0,0,7,1,1,0,1,2,1,1,22,4,12,0,0,0,2,2,0,6,2,7,3,9
2019.0,0.0,1.0,0.0,2,2,0,0,0,0,0,9,1,1,0,1,5,1,1,23,4,12,0,0,0,2,0,0,4,2,5,3,3
2019.0,-300.0,1.0,0.0,2,6,0,0,0,0,0,9,0,1,0,0,9,1,1,3,5,12,1,0,0,1,1,0,5,7,5,3,3
2019.0,25.0,0.0,0.0,3,6,2,0,0,0,1,9,1,1,0,0,9,1,1,6,5,12,1,0,0,2,1,0,10,5,5,8,8
2019.0,-500.0,0.0,0.0,3,6,3,0,0,0,0,5,1,1,0,0,5,1,1,9,5,12,1,1,0,2,1,0,6,1,5,3,2
2019.0,160.0,0.0,0.0,3,2,3,0,0,0,0,2,1,1,0,1,1,1,1,11,5,12,1,0,0,1,1,0,0,2,5,3,9
2019.0,350.0,0.0,0.0,3,6,3,0,0,0,0,2,1,1,0,0,2,1,1,11,5,12,1,0,0,1,2,0,6,8,5,8,3
2019.0,-45.0,1.0,0.0,3,2,3,0,0,0,1,9,1,1,0,0,9,1,1,11,5,12,1,0,0,1,1,0,10,7,5,3,9
2019.0,300.0,0.0,0.0,3,10,3,0,0,0,0,1,1,1,0,0,1,1,1,12,5,12,1,0,0,2,1,0,6,9,5,3,2
2019.0,100.0,0.0,0.0,3,2,3,0,0,0,1,3,1,1,0,1,1,1,1,13,5,12,1,0,0,1,2,0,0,2,5,3,9
2019.0,-25.0,0.0,0.0,3,6,3,0,0,0,1,2,1,1,0,1,2,1,1,16,5,12,1,1,0,1,1,0,10,7,5,8,3
2019.0,0.0,2.0,0.0,3,2,3,0,0,0,1,2,1,1,0,0,9,1,1,16,5,12,1,1,0,2,2,0,4,7,5,9,3
2019.0,-275.0,0.0,0.0,3,4,0,0,0,0,1,2,1,1,0,0,1,1,1,18,5,12,1,1,0,2,1,0,0,2,5,3,9
2019.0,-130.0,0.0,0.0,3,6,0,4,3,0,2,1,1,1,0,1,9,1,1,20,5,12,1,0,0,0,1,0,10,5,5,8,1
2019.0,0.0,0.0,0.0,3,6,0,0,0,0,2,9,1,1,0,1,9,1,1,20,5,12,1,0,0,0,1,0,5,7,5,3,3
2019.0,0.0,0.0,0.0,3,6,0,0,0,0,2,1,1,1,0,1,1,1,1,23,5,12,1,0,0,0,2,0,10,8,5,8,3
2019.0,0.0,0.0,0.0,3,10,0,0,0,0,1,5,0,1,0,0,5,1,1,2,6,12,1,0,0,2,2,0,10,5,5,8,3
2019.0,0.0,1.0,0.0,2,2,3,1,0,2,1,5,1,1,0,1,9,1,1,13,6,12,1,0,0,1,1,0,10,5,5,9,3
2019.0,120.0,2.0,0.0,3,6,3,1,0,0,0,9,1,1,0,0,9,1,1,13,6,12,1,0,0,2,1,0,10,8,5,8,8
2019.0,0.0,0.0,0.0,3,6,3,4,0,0,2,5,1,1,0,0,5,1,1,14,6,12,1,0,0,0,0,0,10,8,5,8,3
2019.0,-334.0,1.0,0.0,2,10,3,1,0,2,1,2,1,1,0,1,2,1,1,14,6,12,1,0,0,0,0,0,6,2,5,3,5
2019.0,-15.0,0.0,0.0,3,2,0,0,0,0,1,9,1,1,0,1,1,1,1,19,6,12,1,1,0,1,1,0,10,4,5,8,9
2019.0,0.0,0.0,0.0,3,10,0,0,0,0,1,1,0,1,0,0,1,1,1,0,0,12,0,0,0,0,1,0,6,9,5,3,3
2019.0,0.0,2.0,0.0,2,4,3,0,0,0,1,1,1,1,0,0,2,1,1,9,0,12,0,1,0,1,2,0,4,2,5,9,3
2019.0,357.0,0.0,0.0,3,6,3,1,0,0,1,2,1,1,0,1,2,1,1,12,0,12,0,0,0,2,1,0,6,8,5,8,2
2019.0,0.0,0.0,0.0,3,6,3,4,0,0,0,9,1,1,0,0,9,1,1,15,0,12,0,0,0,1,1,0,10,8,5,1,3
2019.0,0.0,0.0,0.0,3,4,3,0,0,0,1,9,1,1,0,1,1,1,1,15,0,12,0,0,0,1,2,0,5,2,5,3,9
2019.0,-600.0,0.0,0.0,3,2,0,1,0,0,1,2,1,1,0,0,1,1,1,18,0,12,0,1,0,1,1,0,0,2,5,3,9
2019.0,500.0,1.0,0.0,3,10,0,0,4,0,0,9,0,1,1,1,9,1,1,1,1,12,0,0,1,1,1,0,6,9,5,6,3
2019.0,125.0,0.0,0.0,3,6,3,3,4,0,1,9,1,1,0,1,9,1,1,10,1,12,0,0,1,1,1,0,10,7,5,8,3
2019.0,-120.0,0.0,0.0,3,6,3,3,4,0,0,1,1,1,0,1,1,1,1,12,1,12,0,0,1,0,1,0,10,8,5,8,3
2019.0,-238.0,0.0,0.0,3,6,3,1,0,0,1,1,1,1,0,1,1,1,1,12,1,12,0,0,0,1,1,0,10,8,5,8,3
2019.0,61.0,0.0,0.0,3,6,3,1,0,0,0,2,1,1,0,1,2,1,1,13,1,12,0,0,0,1,1,0,10,7,5,8,8
2019.0,-626.0,0.0,0.0,3,2,3,1,4,0,0,1,1,1,0,1,9,1,1,13,1,12,0,0,1,2,1,0,6,7,5,9,9
2019.0,-63.0,0.0,0.0,3,2,3,1,0,0,1,5,1,1,0,0,1,1,1,14,1,12,0,0,0,2,0,0,10,7,5,8,9
2019.0,0.0,4.0,0.0,3,4,0,0,0,0,1,9,1,1,0,1,2,1,1,20,1,12,0,0,0,2,1,0,10,9,5,3,9
2019.0,100.0,0.0,0.0,3,2,0,0,0,0,2,9,1,1,0,1,2,1,1,20,1,12,0,0,0,0,1,0,6,2,5,3,9
2019.0,0.0,0.0,0.0,3,2,0,0,0,0,1,4,1,1,0,1,5,1,1,23,1,12,0,0,0,1,1,0,5,2,5,3,9
2019.0,0.0,1.0,0.0,3,2,0,1,0,0,1,5,1,1,3,0,9,1,1,1,3,12,0,0,0,2,1,0,4,2,5,7,9
2019.0,0.0,1.0,0.0,2,4,3,0,0,0,1,5,1,1,3,0,2,1,1,7,3,12,0,1,0,1,1,0,4,2,5,7,9
2019.0,0.0,1.0,0.0,2,4,3,0,0,0,0,2,1,1,0,0,5,1,1,10,3,12,0,0,0,2,1,0,5,2,5,3,9
2019.0,0.0,1.0,0.0,2,4,3,1,0,0,1,2,1,1,0,0,5,1,1,14,3,12,0,0,0,2,1,0,4,2,5,3,9
2019.0,-110.0,2.0,0.0,3,6,3,1,0,0,2,1,1,1,0,1,1,1,1,15,3,12,0,0,0,0,1,0,10,8,5,8,3
2019.0,0.0,0.0,0.0,3,2,3,1,0,0,1,2,1,1,0,1,9,1,1,16,3,12,0,1,0,2,1,0,4,2,5,3,3
2019.0,-216.0,0.0,0.0,3,2,3,1,0,0,1,5,1,1,0,0,5,1,1,16,3,12,0,1,0,0,0,0,6,2,5,3,9
2019.0,-265.0,0.0,0.0,3,10,0,1,0,0,2,2,1,1,0,1,2,1,1,17,3,12,0,1,0,0,1,0,0,9,5,3,5
2019.0,-300.0,1.0,0.0,3,11,0,3,4,0,1,5,1,1,0,1,2,1,1,19,3,12,0,1,1,1,1,0,0,2,5,3,9
2019.0,-75.0,0.0,0.0,3,5,3,3,4,0,1,1,1,1,1,1,2,1,1,9,4,12,0,1,1,1,1,0,10,5,5,6,1
2019.0,-632.0,1.0,0.0,2,11,3,3,4,0,1,1,1,1,0,1,1,1,1,9,4,12,0,1,1,2,1,0,6,2,5,3,9
2019.0,-50.0,0.0,0.0,3,6,3,1,0,0,1,9,1,1,0,0,9,1,1,11,4,12,0,0,0,1,1,0,10,8,5,8,3
2019.0,-450.0,0.0,0.0,3,6,3,3,4,0,0,5,1,1,0,0,2,1,1,11,4,12,0,0,1,2,1,0,6,8,5,8,9
2019.0,0.0,3.0,0.0,2,4,3,3,4,0,1,2,1,1,0,0,1,1,1,12,4,12,0,0,1,1,1,0,4,2,5,3,9
2019.0,0.0,0.0,0.0,3,2,3,3,4,0,1,1,1,1,0,0,5,1,1,13,4,12,0,0,1,0,1,0,5,2,5,3,9
2019.0,281.0,2.0,0.0,2,6,3,3,4,0,1,5,0,1,0,1,5,1,1,14,4,12,0,0,1,2,1,0,10,8,5,3,3
2019.0,135.0,1.0,0.0,3,6,3,3,4,0,0,5,1,1,0,1,5,1,1,14,4,12,0,0,1,1,1,0,10,8,5,8,3
2019.0,-200.0,0.0,0.0,3,6,3,0,0,0,1,9,1,1,0,0,2,1,1,14,4,12,0,0,0,1,1,0,0,2,5,3,9
2019.0,0.0,2.0,0.0,2,2,0,3,4,0,0,5,1,1,0,1,1,1,1,17,4,12,0,1,1,1,1,0,4,2,5,3,3
2019.0,140.0,0.0,0.0,3,6,0,0,0,0,1,5,0,1,0,1,5,1,1,23,4,12,0,0,0,1,2,0,5,5,5,8,3
2019.0,0.0,0.0,0.0,3,10,3,0,3,0,1,1,1,1,0,0,1,1,1,10,5,12,1,0,0,0,1,0,4,9,5,3,3
2019.0,-80.0,0.0,0.0,3,10,3,0,0,0,1,2,1,1,0,1,2,1,1,11,5,12,1,0,0,0,0,0,10,9,5,3,2
2019.0,367.0,4.0,0.0,2,6,3,1,0,0,1,2,1,1,0,1,2,1,1,14,5,12,1,0,0,2,1,0,6,8,5,8,3
2019.0,20.0,1.0,0.0,3,2,3,0,0,0,1,9,1,1,0,1,5,1,1,16,5,12,1,1,0,2,2,0,6,5,5,3,9
2019.0,129.0,0.0,0.0,3,5,0,0,0,0,1,2,0,1,0,1,5,1,1,20,5,12,1,0,0,1,1,0,4,5,5,8,1
2019.0,-10.0,0.0,0.0,3,10,0,1,0,0,1,2,1,1,0,1,2,1,1,21,5,12,1,0,0,0,2,0,6,9,5,3,2
2019.0,15.0,0.0,0.0,3,10,0,0,0,0,0,4,1,1,0,1,4,1,1,21,5,12,1,0,0,2,1,0,10,5,5,9,9
2019.0,315.0,0.0,0.0,3,10,3,0,0,0,1,5,1,1,0,1,5,1,1,11,6,12,1,0,0,1,1,0,6,9,5,3,2
2019.0,-35.0,0.0,0.0,3,3,0,0,0,0,1,9,0,1,0,0,1,1,1,21,6,12,1,0,0,1,1,0,10,4,5,9,9
2019.0,-200.0,0.0,0.0,3,10,5,4,0,0,2,1,1,1,0,0,1,1,1,22,6,12,1,0,0,0,1,0,10,9,5,3,3
2019.0,0.0,0.0,0.0,3,6,0,0,0,0,1,9,0,1,0,1,9,1,1,2,0,12,0,0,0,2,1,0,10,2,5,8,3
2019.0,45.0,1.0,0.0,1,6,0,0,0,0,1,1,0,1,1,1,1,1,1,2,0,12,0,0,0,1,1,0,10,7,5,6,3
2019.0,0.0,2.0,0.0,3,4,0,0,0,0,1,4,1,1,0,0,5,1,1,6,0,12,0,0,0,1,0,0,4,2,5,3,9
2019.0,674.0,0.0,0.0,3,6,3,0,0,0,1,2,1,1,0,1,2,1,1,7,0,12,0,1,0,1,0,0,6,7,5,3,3
2019.0,-77.0,0.0,0.0,3,6,3,1,0,0,0,1,1,1,0,1,5,1,1,11,0,12,0,0,0,1,0,0,10,2,5,3,9
2019.0,0.0,0.0,0.0,3,6,3,4,0,0,1,2,1,1,0,0,2,1,1,14,0,12,0,0,0,1,1,0,4,8,5,8,3
2019.0,-350.0,0.0,0.0,3,2,3,0,0,0,1,6,1,1,0,1,9,1,1,16,0,12,0,1,0,1,1,0,6,2,5,3,9
2019.0,15.0,0.0,0.0,3,6,0,0,0,0,1,5,1,1,0,0,5,1,1,21,0,12,0,0,0,2,2,0,10,7,5,9,3
2019.0,-50.0,0.0,0.0,3,6,3,0,0,0,0,2,1,1,0,1,2,1,1,2,1,12,0,0,0,1,1,0,10,7,5,8,3
2019.0,15.0,1.0,0.0,2,5,3,1,0,0,2,9,1,1,3,1,5,1,1,8,1,12,0,1,0,0,0,0,10,2,5,7,9
2019.0,-170.0,0.0,0.0,3,4,3,0,0,0,0,1,1,1,0,1,5,1,1,9,1,12,0,1,0,2,0,0,0,2,5,3,9
2019.0,-250.0,1.0,0.0,2,6,3,1,0,0,1,9,1,1,0,1,9,1,1,12,1,12,0,0,0,1,1,0,10,8,5,8,3
2019.0,407.0,0.0,0.0,3,4,3,1,0,0,1,5,1,1,0,1,9,1,1,12,1,12,0,0,0,1,0,0,0,2,5,3,9
2019.0,-95.0,1.0,0.0,2,5,3,3,3,0,2,1,1,1,2,1,1,1,1,12,1,12,0,0,0,0,1,0,6,5,5,3,5
2019.0,200.0,5.0,0.0,2,4,3,0,0,0,0,2,1,1,0,1,5,1,1,15,1,12,0,0,0,1,2,0,0,2,5,3,9
2019.0,50.0,0.0,0.0,3,12,0,0,0,0,1,5,1,1,0,1,2,1,1,20,1,12,0,0,0,2,1,0,6,2,5,3,9
2019.0,165.0,0.0,0.0,3,6,0,0,0,0,1,9,1,1,1,1,9,1,1,21,1,12,0,0,0,1,1,0,6,9,5,6,3
2019.0,0.0,2.0,0.0,2,4,0,0,0,0,0,5,1,1,0,1,2,1,1,21,1,12,0,0,0,1,1,0,4,2,5,3,9
2020.0,80.0,0.0,0.0,3,6,0,0,0,0,1,5,0,1,0,1,5,1,1,2,2,1,0,0,0,2,1,0,10,8,5,8,3
2020.0,0.0,0.0,0.0,3,2,1,0,0,0,1,7,1,1,0,1,5,1,1,2,2,1,0,0,0,2,0,0,4,2,5,3,9
2020.0,-600.0,1.0,0.0,2,10,0,0,0,0,1,1,1,1,0,1,1,1,1,4,2,1,0,0,0,2,1,0,6,9,5,3,2
2020.0,0.0,1.0,0.0,3,2,3,0,0,0,1,2,1,1,0,0,9,1,1,14,2,1,0,0,0,1,1,0,5,2,5,9,3
2020.0,0.0,0.0,0.0,3,4,3,0,0,0,1,4,1,1,0,1,4,1,1,16,2,1,0,1,0,1,2,0,4,9,5,9,9
2020.0,30.0,0.0,0.0,3,6,0,0,0,0,1,5,1,1,0,0,5,1,1,20,2,1,0,0,0,2,1,0,10,8,5,8,3
2020.0,-280.0,0.0,0.0,3,6,3,0,0,0,0,9,1,1,0,1,9,1,1,8,3,1,0,1,0,2,1,0,6,7,5,8,3
2020.0,0.0,1.0,0.0,3,2,3,0,0,0,1,9,1,1,0,1,2,1,1,9,3,1,0,1,0,2,1,0,4,2,5,3,3
2020.0,0.0,0.0,0.0,3,4,3,0,0,0,0,5,1,1,0,0,5,1,1,12,3,1,0,0,0,0,1,0,4,9,5,9,3
2020.0,0.0,0.0,0.0,3,2,3,0,0,0,1,5,1,1,0,0,1,1,1,13,3,1,0,0,0,1,1,0,4,2,5,3,3
2020.0,-450.0,0.0,0.0,3,6,3,0,0,0,1,2,1,1,0,0,2,1,1,14,3,1,0,0,0,1,1,0,10,8,5,8,3
2020.0,-345.0,1.0,0.0,2,6,3,0,0,0,1,1,1,1,0,1,1,1,1,15,3,1,0,0,0,0,0,0,10,8,5,8,3
2020.0,0.0,0.0,0.0,3,4,0,0,0,0,1,9,1,1,0,0,1,1,1,18,3,1,0,1,0,2,1,0,4,2,5,3,9
2020.0,-155.0,0.0,0.0,3,6,0,0,0,0,0,1,1,1,0,1,1,1,1,18,3,1,0,1,0,2,2,0,6,7,5,8,3
2020.0,75.0,0.0,0.0,3,5,0,0,0,0,1,9,1,1,0,0,9,1,1,18,3,1,0,1,0,1,2,0,10,5,5,8,1
2020.0,-45.0,5.0,0.0,3,3,5,4,0,0,1,9,0,1,0,1,1,1,1,19,3,1,0,1,0,1,1,0,10,9,5,8,3
2020.0,0.0,0.0,0.0,3,4,0,0,0,0,1,1,1,1,0,0,9,1,1,19,3,1,0,1,0,2,2,0,4,2,5,3,9
2020.0,-60.0,0.0,0.0,3,5,5,4,0,0,0,9,1,1,1,1,9,1,1,22,3,1,0,0,0,2,1,0,10,7,5,6,1
2020.0,40.0,0.0,0.0,3,10,0,0,0,0,0,9,1,1,0,0,9,1,1,6,4,1,0,0,0,1,1,0,6,5,5,3,3
2020.0,-57.0,0.0,0.0,3,12,3,0,0,0,2,8,1,1,1,1,5,1,1,7,4,1,0,1,0,0,1,0,6,5,5,6,5
2020.0,25.0,0.0,0.0,3,6,3,0,0,0,1,5,1,1,0,0,5,1,1,9,4,1,0,1,0,1,1,0,10,8,5,8,3
2020.0,0.0,0.0,0.0,3,2,5,4,0,0,1,2,1,1,0,1,9,1,1,9,4,1,0,1,0,2,2,0,4,2,5,3,3
2020.0,107.0,0.0,0.0,3,6,3,0,0,0,0,5,1,1,0,1,5,1,1,9,4,1,0,1,0,2,0,0,10,7,5,8,3
2020.0,0.0,0.0,0.0,3,10,3,0,0,0,1,2,1,1,0,0,2,1,1,12,4,1,0,0,0,1,0,0,5,9,5,8,3
2020.0,79.0,3.0,0.0,2,6,3,0,0,0,2,5,1,1,0,0,5,1,1,14,4,1,0,0,0,0,1,0,10,8,5,8,3
2020.0,50.0,1.0,0.0,2,6,3,0,0,0,0,9,1,1,0,1,9,1,1,16,4,1,0,1,0,0,0,0,10,8,5,8,3
2020.0,-63.0,1.0,0.0,2,6,3,0,0,0,1,2,1,1,0,1,2,1,1,16,4,1,0,1,0,1,1,0,10,8,5,8,3
2020.0,0.0,0.0,0.0,3,4,0,0,0,0,0,5,1,1,0,1,9,1,1,18,4,1,0,1,0,2,1,0,5,2,5,3,9
2020.0,0.0,1.0,0.0,3,4,0,0,0,0,1,5,1,1,0,0,2,1,1,19,4,1,0,1,0,1,1,0,4,2,5,3,9
2020.0,-200.0,0.0,0.0,3,10,5,4,0,0,2,5,1,1,1,1,5,1,1,10,5,1,1,0,0,0,1,0,6,5,5,6,3
2020.0,0.0,5.0,0.0,2,4,3,0,0,0,1,1,1,1,0,0,9,1,1,11,6,1,1,0,0,1,1,0,4,2,5,3,9
2020.0,130.0,0.0,0.0,3,11,3,0,0,0,0,4,1,1,0,0,9,1,1,14,6,1,1,0,0,0,1,0,6,2,5,3,9
2020.0,0.0,0.0,0.0,3,6,3,0,0,0,0,1,1,1,0,1,1,1,1,16,6,1,1,1,0,1,1,0,4,7,5,8,3
2020.0,0.0,0.0,0.0,3,4,4,0,0,0,1,5,1,1,0,0,1,1,1,17,6,1,1,1,0,2,1,0,5,2,5,3,9
2020.0,22.0,2.0,0.0,3,6,5,4,0,0,1,5,1,1,0,1,5,1,1,18,6,1,1,1,0,2,2,0,10,7,5,5,5
2020.0,-200.0,0.0,0.0,3,3,0,0,0,0,0,5,1,1,0,1,5,1,1,22,6,1,1,0,0,1,1,0,6,7,5,3,3
2020.0,272.0,0.0,0.0,3,10,0,0,0,0,1,2,1,1,0,0,2,1,1,6,0,1,0,0,0,1,1,0,6,9,5,3,2
2020.0,104.0,1.0,0.0,3,6,3,0,0,0,1,9,1,1,0,0,9,1,1,7,0,1,0,1,0,1,1,0,10,7,5,3,3
2020.0,-300.0,0.0,0.0,3,6,3,0,0,0,0,2,1,1,0,0,2,1,1,7,0,1,0,1,0,1,1,0,6,5,5,3,2
2020.0,-490.0,2.0,0.0,2,4,3,0,0,0,1,5,1,1,0,0,2,1,1,7,0,1,0,1,0,0,2,0,0,2,5,3,9
2020.0,225.0,1.0,0.0,3,6,3,0,0,0,0,5,1,1,0,0,5,1,1,8,0,1,0,1,0,1,1,0,6,8,5,8,3
2020.0,80.0,0.0,0.0,3,6,3,0,0,0,1,5,1,1,0,1,5,1,1,13,0,1,0,0,0,1,1,0,10,8,5,8,8
2020.0,0.0,0.0,0.0,3,4,3,0,0,0,1,5,1,1,0,0,9,1,1,15,0,1,0,0,0,1,1,0,5,2,5,3,9
2020.0,0.0,1.0,0.0,2,4,3,0,0,0,0,9,1,1,0,0,1,1,1,17,0,1,0,1,0,1,2,0,5,2,5,3,9
2020.0,15.0,1.0,0.0,3,2,0,0,0,0,1,2,1,1,0,1,9,1,1,22,0,1,0,0,0,2,1,0,10,4,5,3,9
2020.0,200.0,0.0,0.0,3,10,3,0,0,0,2,5,1,1,0,0,5,1,1,6,1,1,0,0,0,0,1,0,6,9,5,3,2
2020.0,200.0,0.0,0.0,3,10,3,0,0,0,0,1,1,1,0,1,1,1,1,8,1,1,0,1,0,2,1,0,6,2,5,3,5
2020.0,322.0,1.0,0.0,2,2,3,0,0,0,1,9,1,1,0,1,9,1,1,8,1,1,0,1,0,2,1,0,10,8,5,8,3
2020.0,-34.0,0.0,0.0,3,6,3,0,0,0,1,1,1,1,0,1,1,1,1,11,1,1,0,0,0,1,1,0,10,8,5,8,3
2020.0,-15.0,1.0,0.0,3,5,3,4,0,0,1,2,1,1,3,1,9,1,1,12,1,1,0,0,0,1,1,0,4,2,5,7,9
2020.0,300.0,0.0,0.0,3,6,3,0,0,0,2,9,1,1,0,1,9,1,1,13,1,1,0,0,0,0,2,0,10,5,5,3,5
2020.0,-30.0,1.0,0.0,2,6,3,0,0,0,0,1,1,1,0,0,1,1,1,14,1,1,0,0,0,2,1,0,10,8,5,8,3
2020.0,100.0,1.0,0.0,2,5,3,0,0,0,0,5,1,1,3,1,5,1,1,15,1,1,0,0,0,1,1,0,10,5,5,7,6
2020.0,0.0,0.0,0.0,3,2,3,0,0,0,1,2,1,1,0,1,1,1,1,16,1,1,0,1,0,1,1,0,5,2,5,3,9
2020.0,232.0,2.0,0.0,3,4,0,0,0,0,0,9,1,1,0,0,9,1,1,21,1,1,0,0,0,2,1,0,6,4,5,3,9
2020.0,0.0,0.0,0.0,3,6,3,0,0,0,1,1,1,1,0,1,1,1,1,11,2,1,0,0,0,0,0,0,5,8,5,8,3
2020.0,90.0,0.0,0.0,3,6,3,0,0,0,0,5,1,1,0,1,5,1,1,15,2,1,0,0,0,1,1,0,10,8,8,8,8
2020.0,0.0,1.0,0.0,3,10,3,0,0,0,1,9,1,1,0,0,9,1,1,15,2,1,0,0,0,1,2,0,4,5,5,3,3
2020.0,-165.0,1.0,0.0,2,6,3,0,0,0,1,5,1,1,0,1,5,1,1,16,2,1,0,1,0,2,0,0,6,8,5,8,3
2020.0,300.0,0.0,0.0,3,2,3,0,0,0,1,1,1,1,0,1,9,1,1,16,2,1,0,1,0,1,2,0,0,2,5,3,9
2020.0,-261.0,2.0,0.0,1,4,3,0,0,0,1,2,1,1,0,0,5,1,1,17,2,1,0,1,0,1,0,0,6,9,5,3,9
2020.0,0.0,2.0,0.0,2,4,0,0,0,0,0,2,1,1,0,0,5,1,1,18,2,1,0,1,0,1,0,0,5,2,5,3,9
2020.0,0.0,1.0,0.0,3,2,3,0,0,0,1,1,1,1,0,0,2,1,1,20,2,1,0,0,0,2,2,0,5,5,5,9,3
2020.0,200.0,0.0,0.0,3,10,0,0,0,0,2,5,1,1,0,1,5,1,1,20,2,1,0,0,0,0,1,0,10,9,5,3,3
2020.0,-120.0,1.0,0.0,3,2,0,0,0,0,0,1,1,1,0,1,5,1,1,20,2,1,0,0,0,1,1,0,10,2,5,3,9
2020.0,-15.0,0.0,0.0,3,2,3,1,0,0,2,1,1,1,0,0,1,1,1,6,3,1,0,0,0,0,1,0,10,4,5,8,9
2020.0,99.0,1.0,0.0,3,10,0,0,0,0,1,3,1,1,0,1,1,1,1,6,3,1,0,0,0,1,0,0,10,2,5,3,9
2020.0,-242.0,1.0,0.0,3,6,3,1,0,0,1,2,1,1,0,1,2,1,1,6,3,1,0,0,0,1,1,0,10,8,5,8,3
2020.0,-100.0,0.0,0.0,3,12,5,0,0,0,2,8,1,1,1,1,9,1,1,7,3,1,0,1,0,0,1,0,6,9,5,6,5
2020.0,-155.0,0.0,0.0,3,10,3,0,0,0,0,2,1,1,1,1,2,1,1,11,3,1,0,0,0,1,1,0,6,9,5,6,3
2020.0,-15.0,1.0,0.0,2,5,3,1,0,2,0,9,1,1,0,1,2,1,1,13,3,1,0,0,0,2,1,0,10,5,5,9,7
2020.0,34.0,2.0,0.0,2,6,3,0,0,0,0,2,1,1,0,0,2,1,1,13,3,1,0,0,0,1,1,0,6,8,5,8,3
2020.0,115.0,1.0,0.0,3,6,3,0,0,0,1,1,1,1,0,0,1,1,1,15,3,1,0,0,0,1,1,0,10,8,5,8,3
2020.0,-459.0,0.0,0.0,3,6,3,1,0,0,1,1,1,1,0,0,1,1,1,15,3,1,0,0,0,2,0,0,6,8,5,8,3
2020.0,-220.0,0.0,0.0,3,4,3,1,0,0,0,1,1,1,0,1,5,1,1,16,3,1,0,1,0,1,1,0,10,2,5,3,9
2020.0,-280.0,0.0,0.0,3,6,4,1,0,0,2,2,1,1,0,0,2,1,1,16,3,1,0,1,0,0,2,0,10,8,5,8,3
2020.0,0.0,0.0,0.0,3,4,3,1,0,0,0,2,1,1,0,0,9,1,1,17,3,1,0,1,0,2,1,0,5,2,5,3,9
2020.0,-450.0,0.0,0.0,3,10,0,1,0,0,1,2,1,1,0,0,2,1,1,18,3,1,0,1,0,1,1,0,6,9,5,3,2
2020.0,133.0,1.0,0.0,3,6,0,0,0,0,1,5,0,1,0,1,5,1,1,1,4,1,0,0,0,1,2,0,10,8,5,8,3
2020.0,0.22,2.0,0.0,3,6,3,0,3,0,0,5,1,1,0,1,5,1,1,9,4,1,0,1,0,0,2,0,6,7,5,3,3
2020.0,0.0,0.0,0.0,3,10,3,0,0,0,1,2,1,1,0,1,2,1,1,9,4,1,0,1,0,1,1,0,4,5,5,3,3
2020.0,-0.15,0.0,0.0,3,10,3,0,0,0,0,1,1,1,0,0,1,1,1,9,4,1,0,1,0,1,1,0,10,9,5,3,2
2020.0,-10.0,0.0,0.0,3,6,3,0,0,0,0,1,1,1,0,1,1,1,1,10,4,1,0,0,0,1,0,0,10,8,5,8,3
2020.0,75.0,0.0,0.0,3,6,3,0,0,0,0,9,1,1,0,1,9,1,1,10,4,1,0,0,0,2,0,0,6,7,5,8,3
2020.0,0.0,2.0,0.0,2,2,3,0,0,0,0,1,1,1,0,0,2,1,1,11,4,1,0,0,0,1,1,0,4,2,5,3,3
2020.0,0.0,2.0,0.0,2,4,3,0,0,0,0,9,1,1,0,1,1,1,1,12,4,1,0,0,0,1,1,0,4,2,5,3,9
2020.0,-390.0,0.0,0.0,3,2,3,0,0,0,1,2,1,1,0,1,1,1,1,15,4,1,0,0,0,2,1,0,0,2,5,3,9
2020.0,68.0,0.0,0.0,3,6,3,0,0,0,0,1,1,1,0,0,1,1,1,16,4,1,0,1,0,1,1,0,10,5,5,8,3
2020.0,-150.0,0.0,0.0,3,4,3,0,0,0,1,1,1,1,0,0,5,1,1,16,4,1,0,1,0,1,1,0,0,2,5,3,9
2020.0,0.0,3.0,0.0,3,6,3,0,0,0,0,5,1,1,0,1,5,1,1,16,4,1,0,1,0,1,0,0,4,7,5,8,3
2020.0,175.0,0.0,0.0,3,6,4,0,0,0,1,5,1,1,0,1,5,1,1,17,4,1,0,1,0,2,1,0,10,7,5,8,3