Year,Distance,Totalinjuries,Totalfatalities,Injuryseverity,Collisionmanner,Lightcondition,Weather,SurfaceCondition,Unittype_One,Gender_Drv1,Traveldirection_One,AlcoholUse_Drv1,DrugUse_Drv1,Unittype_Two,Gender_Drv2,Traveldirection_Two,AlcoholUse_Drv2,DrugUse_Drv2,Hour,Weekday,Month,Weekend,Rush_Hour,Hazardous_Road,Age_Group_Drv1,Age_Group_Drv2,Substance_Use,Junction_Category,Violation_Category_Drv1,Violation_Category_Drv2,Unitaction_Category_Two,Unitaction_Category_One
2020.0,65.0,1.0,0.0,3,6,0,0,0,0,2,9,1,1,0,1,9,1,1,18,4,1,0,1,0,0,1,0,10,5,5,8,8
2020.0,45.0,0.0,0.0,3,4,0,0,0,0,1,6,1,1,0,1,2,1,1,22,4,1,0,0,0,1,1,0,10,2,5,3,9
2020.0,0.0,0.0,0.0,3,2,0,0,0,0,0,9,1,0,0,1,5,1,1,23,4,1,0,0,0,1,1,0,4,2,5,3,3
2020.0,0.0,0.0,0.0,3,2,0,0,0,0,1,6,1,1,0,0,5,1,1,1,5,1,1,0,0,2,1,0,6,2,5,3,9
2020.0,0.0,0.0,0.0,3,6,3,0,0,0,2,2,1,1,0,1,2,1,1,8,5,1,1,1,0,0,1,0,5,2,5,8,9
2020.0,0.0,0.0,0.0,3,4,3,0,0,0,1,1,0,1,0,0,5,1,1,9,5,1,1,1,0,2,2,0,5,2,5,9,3
2020.0,-100.0,0.0,0.0,3,6,5,0,0,0,0,2,1,1,0,1,2,1,1,11,5,1,1,0,0,1,1,0,10,7,5,8,8
2020.0,-15.0,1.0,0.0,2,5,3,0,0,3,0,9,1,1,0,1,2,1,1,12,5,1,1,0,0,2,1,0,4,2,5,9,7
2020.0,0.0,1.0,0.0,2,2,3,0,0,0,1,2,1,1,0,1,9,1,1,13,5,1,1,0,0,1,1,0,4,2,5,3,3
2020.0,-875.0,0.0,0.0,3,6,3,0,0,0,0,1,1,1,0,0,1,1,1,16,5,1,1,1,0,2,0,0,6,8,5,8,3
2020.0,0.0,1.0,0.0,2,4,3,0,0,0,1,1,1,1,0,0,2,1,1,16,5,1,1,1,0,1,2,0,4,2,5,3,9
2020.0,-21.0,6.0,0.0,2,6,3,0,0,0,1,2,0,0,0,1,2,1,1,11,6,1,1,0,0,1,1,0,10,2,5,8,3
2020.0,0.0,0.0,0.0,3,4,0,0,0,0,0,4,1,1,0,1,5,1,1,18,6,1,1,1,0,1,0,0,4,5,5,3,9
2020.0,-600.0,1.0,0.0,2,6,3,0,0,0,1,2,1,1,0,1,2,1,1,7,0,1,0,1,0,2,1,0,6,8,5,8,3
2020.0,140.0,1.0,0.0,3,6,3,0,0,0,1,1,1,1,0,0,1,1,1,8,0,1,0,1,0,1,2,0,6,7,5,8,3
2020.0,150.0,0.0,0.0,3,6,3,0,0,0,1,5,1,1,0,1,5,1,1,11,0,1,0,0,0,2,1,0,10,7,5,3,3
2020.0,-15.0,0.0,0.0,3,10,3,0,0,0,1,2,1,1,0,1,2,1,1,11,0,1,0,0,0,1,0,0,10,5,5,9,3
2020.0,129.0,0.0,0.0,3,6,3,0,0,0,2,5,1,1,0,0,5,1,1,13,0,1,0,0,0,0,1,0,10,8,5,8,3
2020.0,-240.0,0.0,0.0,3,11,3,0,0,0,0,2,1,1,0,1,2,1,1,13,0,1,0,0,0,1,1,0,6,5,5,3,9
2020.0,-200.0,0.0,0.0,3,6,3,0,0,0,1,9,1,1,0,0,9,1,1,14,0,1,0,0,0,2,0,0,6,8,5,3,3
2020.0,-15.0,0.0,0.0,3,2,2,0,0,0,0,5,1,1,0,0,5,1,1,14,0,1,0,0,0,0,1,0,10,9,5,8,3
2020.0,-200.0,0.0,0.0,3,6,3,0,0,0,1,1,1,1,0,0,1,1,1,15,0,1,0,0,0,0,2,0,10,8,5,8,3
2020.0,15.0,1.0,0.0,2,5,3,0,0,0,2,9,1,1,3,1,2,1,1,15,0,1,0,0,0,0,2,0,10,2,5,7,3
2020.0,-30.0,0.0,0.0,3,6,3,0,0,0,1,2,1,1,0,1,2,1,1,16,0,1,0,1,0,1,1,0,6,7,5,3,3
2020.0,-400.0,0.0,0.0,3,6,3,0,0,0,1,1,1,1,0,1,1,1,1,16,0,1,0,1,0,2,1,0,6,7,5,8,3
2020.0,450.0,0.0,0.0,3,10,3,0,0,0,1,1,1,1,0,1,1,1,1,16,0,1,0,1,0,1,0,0,6,2,5,8,2
2020.0,0.0,0.0,0.0,3,10,4,0,0,0,0,1,1,1,0,1,1,1,1,17,0,1,0,1,0,1,2,0,0,9,5,3,2
2020.0,-250.0,1.0,0.0,3,6,4,0,0,0,1,1,1,1,0,0,1,1,1,17,0,1,0,1,0,2,0,0,10,8,5,8,3
2020.0,0.0,2.0,0.0,2,4,3,0,0,0,0,9,1,1,0,1,1,1,1,18,0,1,0,1,0,2,1,0,4,2,5,3,9
2020.0,200.0,1.0,0.0,2,6,0,0,0,0,0,5,1,1,0,1,5,1,1,18,0,1,0,1,0,2,1,0,6,9,5,3,2
2020.0,-45.0,0.0,0.0,3,6,0,0,0,0,1,1,1,1,0,1,1,1,1,20,0,1,0,0,0,2,2,0,10,7,5,3,3
2020.0,0.0,1.0,0.0,3,4,0,0,0,0,0,2,1,1,0,1,1,1,1,6,1,1,0,0,0,1,1,0,5,2,5,3,9
2020.0,-55.0,0.0,0.0,3,6,3,0,0,0,0,1,1,1,0,1,1,1,1,6,1,1,0,0,0,1,2,0,10,8,5,8,3
2020.0,-635.0,2.0,0.0,2,6,3,0,0,0,1,2,1,1,0,0,2,1,1,8,1,1,0,1,0,2,2,0,6,8,5,8,3
2020.0,0.0,2.0,0.0,3,4,3,0,0,0,0,1,1,1,0,1,9,1,1,8,1,1,0,1,0,2,1,0,4,2,5,3,9
2020.0,0.0,1.0,0.0,3,4,3,0,0,0,0,1,1,1,0,0,9,1,1,8,1,1,0,1,0,0,0,0,4,2,5,3,9
2020.0,30.0,0.0,0.0,3,6,3,0,0,0,0,9,1,1,0,0,9,1,1,9,1,1,0,1,0,1,1,0,10,8,5,8,3
2020.0,75.0,0.0,0.0,3,6,3,0,0,0,0,2,1,1,0,0,1,1,1,13,1,1,0,0,0,1,2,0,10,2,5,0,9
2020.0,190.0,1.0,0.0,2,6,3,0,0,0,0,5,1,1,0,1,5,1,1,13,1,1,0,0,0,0,0,0,10,8,5,8,3
2020.0,0.0,0.0,0.0,3,2,3,0,0,0,0,2,1,1,0,1,1,1,1,13,1,1,0,0,0,1,1,0,5,5,5,3,9
2020.0,470.0,2.0,0.0,2,6,3,0,0,0,0,1,1,1,0,0,2,1,1,17,1,1,0,1,0,0,1,0,6,2,5,3,9
2020.0,142.0,0.0,0.0,3,6,3,0,0,0,0,1,1,1,0,0,1,1,1,17,1,1,0,1,0,0,1,0,10,8,5,8,3
2020.0,35.0,0.0,0.0,3,6,3,0,0,0,2,5,1,1,0,1,5,1,1,17,1,1,0,1,0,0,0,0,10,8,5,8,3
2020.0,100.0,0.0,0.0,3,6,0,0,0,0,1,9,1,1,0,1,8,1,1,19,1,1,0,1,0,1,1,0,6,7,5,8,3
2020.0,153.0,0.0,0.0,3,10,0,0,0,0,0,1,1,1,0,0,1,1,1,6,2,1,0,0,0,1,1,0,2,9,9,2,2
2020.0,345.0,0.0,0.0,3,4,3,0,0,0,1,2,1,1,0,1,9,1,1,7,2,1,0,1,0,1,1,0,0,9,5,8,9
2020.0,-200.0,0.0,0.0,3,6,3,0,0,0,0,2,1,1,0,1,2,1,1,7,2,1,0,1,0,1,1,0,6,8,5,8,3
2020.0,-385.0,0.0,0.0,3,6,3,0,0,0,1,2,1,1,0,0,2,1,1,7,2,1,0,1,0,1,1,0,10,7,5,8,3
2020.0,-320.0,1.0,0.0,2,6,3,0,0,0,0,5,1,1,0,1,5,1,1,7,2,1,0,1,0,1,2,0,6,7,5,8,3
2020.0,0.0,0.0,0.0,3,6,3,0,0,0,1,1,1,1,0,1,5,1,1,8,2,1,0,1,0,2,1,0,5,2,5,8,9
2020.0,-842.0,0.0,0.0,3,6,3,0,0,0,1,2,1,1,0,1,2,1,1,9,2,1,0,1,0,2,1,0,6,8,5,8,0
2020.0,-75.0,0.0,0.0,3,2,3,0,0,0,0,9,1,1,1,1,2,1,1,9,2,1,0,1,0,1,1,0,10,7,5,6,1
2020.0,0.0,2.0,0.0,2,4,3,0,0,0,1,2,1,1,0,1,5,1,1,11,2,1,0,0,0,2,0,0,4,2,5,3,9
2020.0,120.0,1.0,0.0,3,6,3,0,0,0,1,9,1,1,0,0,9,1,1,11,2,1,0,0,0,1,1,0,10,8,5,8,3
2020.0,636.0,0.0,0.0,3,6,3,0,0,0,1,2,1,1,0,0,2,1,1,13,2,1,0,0,0,2,1,0,6,8,5,8,3
2020.0,0.0,0.0,0.0,3,10,3,0,0,0,1,2,1,1,0,0,2,1,1,14,2,1,0,0,0,1,1,0,4,9,5,3,3
2020.0,65.0,0.0,0.0,3,6,3,1,0,0,1,5,1,1,0,0,5,1,1,15,2,1,0,0,0,1,1,0,10,8,5,8,3
2020.0,100.0,0.0,0.0,3,6,3,0,0,0,0,5,1,1,0,0,5,1,1,16,2,1,0,1,0,1,2,0,10,8,5,8,3
2020.0,-636.0,0.0,0.0,3,6,3,0,0,0,1,2,1,1,0,0,1,1,1,17,2,1,0,1,0,1,1,0,0,8,5,8,9
2020.0,-100.0,0.0,0.0,3,2,0,0,0,0,1,1,0,1,0,1,1,1,1,20,2,1,0,0,0,1,1,0,10,8,5,8,3
2020.0,-100.0,1.0,0.0,2,10,0,0,0,0,0,2,1,1,0,0,2,1,1,21,2,1,0,0,0,0,1,0,6,4,5,3,9
2020.0,0.0,0.0,0.0,3,4,0,0,0,0,1,7,1,1,0,1,5,1,1,23,2,1,0,0,0,0,2,0,4,5,2,9,3
2020.0,-195.0,0.0,0.0,3,10,0,0,0,0,1,9,1,1,0,1,9,1,1,6,3,1,0,0,0,1,1,0,6,9,5,3,2
2020.0,-30.0,0.0,0.0,3,6,3,1,0,0,1,1,1,1,0,1,1,1,1,8,3,1,0,1,0,1,1,0,10,8,5,8,3
2020.0,450.0,0.0,0.0,3,6,3,1,0,0,1,9,1,1,0,1,9,1,1,10,3,1,0,0,0,1,1,0,10,7,5,8,3
2020.0,0.0,2.0,0.0,2,4,3,0,0,0,0,2,1,1,0,1,5,1,1,14,3,1,0,0,0,1,2,0,4,2,5,3,9
2020.0,40.0,0.0,0.0,3,6,3,1,0,0,1,5,1,1,0,0,5,1,1,16,3,1,0,1,0,1,1,0,6,7,5,8,3
2020.0,-320.0,0.0,0.0,3,10,3,0,0,0,1,1,1,1,0,1,1,1,1,17,3,1,0,1,0,2,2,0,6,5,5,2,2
2020.0,-150.0,0.0,0.0,3,6,0,1,0,0,0,1,1,1,0,1,1,1,1,17,3,1,0,1,0,0,1,0,6,7,5,3,3
2020.0,0.0,1.0,0.0,2,4,4,1,0,0,1,2,1,1,0,1,5,1,1,17,3,1,0,1,0,2,2,0,4,2,5,3,9
2020.0,0.0,0.0,0.0,3,2,0,0,0,0,1,1,1,1,0,0,5,1,1,19,3,1,0,1,0,0,1,0,4,2,5,3,9
2020.0,30.0,0.0,0.0,3,6,0,0,0,0,0,5,1,1,0,1,5,1,1,21,3,1,0,0,0,1,1,0,10,7,5,8,3
2020.0,940.0,2.0,0.0,1,5,0,0,0,0,1,9,0,1,3,1,1,1,1,21,3,1,0,0,0,1,1,0,6,7,5,5,9
2020.0,-30.0,0.0,0.0,3,5,0,0,0,0,1,5,1,1,0,1,2,1,1,6,4,1,0,0,0,0,1,0,6,5,5,8,1
2020.0,-100.0,0.0,0.0,3,10,3,0,0,0,1,2,1,1,0,0,2,1,1,6,4,1,0,0,0,1,2,0,10,5,5,3,3
2020.0,0.0,2.0,0.0,3,2,3,0,0,0,1,9,1,1,0,0,2,1,1,8,4,1,0,1,0,1,1,0,5,2,5,3,9
2020.0,95.0,1.0,0.0,3,6,3,0,0,0,1,2,1,1,0,1,2,1,1,8,4,1,0,1,0,2,1,0,6,7,5,8,3
2020.0,-40.0,0.0,0.0,3,6,3,0,0,0,1,2,1,1,0,1,2,1,1,10,4,1,0,0,0,1,2,0,6,7,5,9,9
2020.0,0.0,0.0,0.0,3,4,3,0,0,0,1,1,1,1,0,0,9,1,1,12,4,1,0,0,0,1,1,0,4,2,5,3,9
2020.0,-250.0,0.0,0.0,3,6,3,0,0,0,1,9,1,1,0,1,9,1,1,12,4,1,0,0,0,0,2,0,10,7,5,8,8
2020.0,-145.0,1.0,0.0,3,2,3,0,0,0,0,2,1,1,0,1,2,1,1,15,4,1,0,0,0,1,2,0,10,2,5,3,2
2020.0,-45.0,0.0,0.0,3,2,3,0,0,0,0,2,1,1,0,1,1,1,1,15,4,1,0,0,0,1,1,0,6,2,5,3,9
2020.0,-50.0,1.0,0.0,3,6,3,0,0,0,1,1,1,1,0,1,1,1,1,17,4,1,0,1,0,1,1,0,6,7,5,8,3
2020.0,60.0,1.0,0.0,3,6,1,0,0,0,1,5,1,1,0,0,5,1,1,17,4,1,0,1,0,2,1,0,6,7,5,8,3
2020.0,300.0,1.0,0.0,2,6,0,0,0,0,0,5,1,1,0,1,5,1,1,18,4,1,0,1,0,2,1,0,10,5,5,8,3
2020.0,590.0,0.0,0.0,3,2,4,0,0,0,0,2,1,1,0,1,9,1,1,18,4,1,0,1,0,2,1,0,6,2,5,3,9
2020.0,0.0,0.0,0.0,3,4,0,0,0,0,2,9,1,1,0,1,1,1,1,22,4,1,0,0,0,0,2,0,4,2,5,3,9
2020.0,0.0,0.0,0.0,3,4,0,0,0,0,1,5,1,1,0,1,2,1,1,0,5,1,1,0,0,0,2,0,4,5,5,9,3
2020.0,-65.0,0.0,0.0,3,2,0,0,0,0,1,2,0,0,0,1,1,1,1,2,5,1,1,0,0,2,0,0,0,1,5,3,9
2020.0,15.0,1.0,0.0,3,6,3,0,0,0,1,9,1,1,0,1,9,1,1,10,5,1,1,0,0,1,0,0,10,8,5,9,3
2020.0,0.0,1.0,0.0,3,2,3,0,0,0,0,1,1,1,0,1,2,1,1,11,5,1,1,0,0,1,0,0,4,2,5,9,3
2020.0,-50.0,0.0,0.0,3,6,3,0,0,0,1,1,1,1,0,0,1,1,1,11,5,1,1,0,0,2,0,0,10,7,5,8,3
2020.0,175.0,0.0,0.0,3,6,3,4,0,0,1,9,1,1,0,1,9,1,1,12,5,1,1,0,0,2,1,0,10,9,5,3,2
2020.0,-125.0,1.0,0.0,1,6,3,0,0,0,1,1,1,1,0,0,1,1,1,13,5,1,1,0,0,1,1,0,6,9,5,3,2
2020.0,-100.0,1.0,0.0,2,6,4,0,0,0,0,5,1,1,1,1,5,1,1,17,5,1,1,1,0,0,1,0,6,9,5,6,3
2020.0,30.0,0.0,0.0,3,3,5,4,0,0,1,2,1,1,0,1,2,1,1,18,5,1,1,1,0,2,1,0,5,7,5,3,9
2020.0,-40.0,0.0,0.0,3,6,0,0,0,0,2,1,1,1,0,1,1,1,1,19,5,1,1,1,0,0,1,0,10,7,5,3,5
2020.0,0.0,4.0,0.0,2,2,0,0,0,0,1,9,1,1,0,0,2,1,1,22,5,1,1,0,0,2,1,0,4,2,5,3,3
2020.0,-115.0,0.0,0.0,3,10,3,0,0,0,0,9,1,1,0,1,9,1,1,11,6,1,1,0,0,1,1,0,10,9,5,3,3
2020.0,0.0,0.0,0.0,3,2,3,0,0,0,1,5,1,1,0,1,9,1,1,12,6,1,1,0,0,2,2,0,5,2,5,3,9
2020.0,217.0,4.0,0.0,3,2,3,0,0,0,1,9,1,1,0,1,2,1,1,13,6,1,1,0,0,1,1,0,0,2,5,3,9
2020.0,-30.0,0.0,0.0,3,10,3,0,0,0,0,1,1,1,0,1,1,1,1,16,6,1,1,1,0,1,1,0,10,9,9,5,5
2020.0,134.0,0.0,0.0,3,6,1,0,0,0,0,9,1,1,0,0,9,1,1,19,6,1,1,1,0,2,1,0,10,7,5,8,3
2020.0,50.0,0.0,0.0,3,10,1,0,0,0,0,9,1,1,1,1,9,1,1,21,6,1,1,0,0,2,2,0,6,9,5,6,9
2020.0,0.0,0.0,0.0,3,2,3,0,0,0,1,7,1,1,0,1,9,1,1,22,6,1,1,0,0,1,1,0,4,5,5,3,3
2020.0,-300.0,0.0,0.0,3,10,3,1,0,0,0,5,1,1,0,1,5,1,1,11,0,1,0,0,0,1,2,0,6,9,5,3,2
2020.0,0.0,0.0,0.0,3,2,3,1,0,0,1,9,1,1,0,1,2,1,1,15,0,1,0,0,0,0,1,0,4,2,5,3,9
2020.0,15.0,2.0,0.0,2,6,3,1,0,0,0,5,1,1,0,1,5,1,1,16,0,1,0,1,0,1,1,0,10,7,5,8,3
2020.0,845.0,0.0,0.0,3,10,3,1,0,0,1,9,1,1,0,0,9,1,1,16,0,1,0,1,0,2,1,0,6,5,5,3,3
2020.0,-55.0,0.0,0.0,3,6,3,1,0,0,1,2,1,1,0,0,2,1,1,16,0,1,0,1,0,1,0,0,10,7,5,8,3
2020.0,-100.0,0.0,0.0,3,2,3,1,0,0,1,2,1,1,0,1,1,1,1,16,0,1,0,1,0,2,1,0,10,2,5,3,3
2020.0,200.0,1.0,0.0,3,2,3,0,0,0,0,1,1,1,0,0,5,1,1,16,0,1,0,1,0,2,0,0,10,2,5,3,3
2020.0,130.0,0.0,0.0,3,6,4,1,0,0,1,2,1,1,0,0,2,1,1,17,0,1,0,1,0,2,2,0,10,7,5,8,3
2020.0,0.0,2.0,0.0,1,2,0,3,4,0,0,9,1,1,0,1,5,1,1,5,1,1,0,0,1,1,0,0,4,2,5,3,3
2020.0,-162.0,0.0,0.0,3,10,0,3,0,0,1,2,1,1,0,1,2,1,1,6,1,1,0,0,0,2,0,0,10,9,5,3,2
2020.0,-84.0,0.0,0.0,3,6,2,3,4,0,1,2,1,1,0,0,2,1,1,7,1,1,0,1,1,1,0,0,6,7,5,8,8
2020.0,-24.0,1.0,0.0,3,6,3,3,4,0,1,2,1,1,0,0,2,1,1,7,1,1,0,1,1,1,1,0,10,7,5,8,8
2020.0,180.0,0.0,0.0,3,4,3,3,4,0,1,3,1,1,0,1,5,1,1,7,1,1,0,1,1,1,1,0,6,7,5,8,9
2020.0,-200.0,0.0,0.0,3,10,3,0,0,0,2,2,1,1,0,1,2,1,1,8,1,1,0,1,0,0,1,0,10,5,5,2,2
2020.0,-170.0,0.0,0.0,3,6,3,1,4,0,1,2,1,1,0,0,2,1,1,9,1,1,0,1,1,1,0,0,10,8,5,8,3
2020.0,0.0,0.0,0.0,3,2,3,1,4,0,0,3,1,1,0,0,1,1,1,9,1,1,0,1,1,2,1,0,0,2,5,3,9
2020.0,30.0,0.0,0.0,3,6,3,1,4,0,1,9,1,1,0,1,9,1,1,13,1,1,0,0,1,1,2,0,10,8,5,8,3
2020.0,95.0,0.0,0.0,3,10,3,3,4,0,1,9,1,1,0,1,9,1,1,13,1,1,0,0,1,1,0,0,6,2,5,3,2
2020.0,50.0,0.0,0.0,3,10,3,3,4,0,1,2,1,1,0,1,2,1,1,13,1,1,0,0,1,2,2,0,6,8,5,8,3
2020.0,132.0,2.0,0.0,2,6,3,1,4,0,1,1,1,1,0,1,1,1,1,14,1,1,0,0,1,2,2,0,6,8,5,8,3
2020.0,0.0,0.0,0.0,3,2,3,1,0,0,1,9,1,1,0,1,5,1,1,15,1,1,0,0,0,0,1,0,5,2,5,8,9
2020.0,96.0,0.0,0.0,3,4,3,1,0,0,0,5,1,1,0,1,9,1,1,16,1,1,0,1,0,2,1,0,10,2,5,3,9
2020.0,-40.0,0.0,0.0,3,6,3,1,4,0,0,2,1,1,0,1,2,1,1,16,1,1,0,1,1,2,1,0,10,8,5,3,3
2020.0,0.0,0.0,0.0,3,4,3,3,4,0,2,2,1,1,0,0,1,1,1,16,1,1,0,1,1,0,2,0,4,2,5,3,9
2020.0,60.0,1.0,0.0,2,6,5,4,4,0,0,5,1,1,0,1,5,1,1,16,1,1,0,1,1,1,2,0,10,7,5,8,3
2020.0,-166.0,0.0,0.0,3,6,3,1,4,0,0,9,1,1,0,1,9,1,1,17,1,1,0,1,1,1,1,0,10,8,5,8,3
2020.0,0.0,0.0,0.0,3,2,0,0,0,0,0,9,1,1,0,0,5,1,1,4,2,1,0,0,0,1,0,0,4,2,5,3,3
2020.0,1265.0,1.0,0.0,2,4,0,0,0,0,1,2,1,1,0,1,2,1,1,6,2,1,0,0,0,1,1,0,0,4,5,9,2
2020.0,0.0,1.0,0.0,2,4,0,1,0,0,1,2,1,1,0,0,5,1,1,6,2,1,0,0,0,2,1,0,5,2,5,3,9
2020.0,0.0,0.0,0.0,3,2,2,0,0,0,1,6,1,1,0,1,7,1,1,7,2,1,0,1,0,1,1,0,5,2,5,3,3
2020.0,60.0,0.0,0.0,3,11,3,0,0,0,0,9,1,1,0,1,9,1,1,7,2,1,0,1,0,1,2,0,6,8,5,9,3
2020.0,-331.0,2.0,0.0,3,4,3,0,0,0,1,2,1,1,0,0,1,1,1,7,2,1,0,1,0,1,1,0,6,2,5,3,9
2020.0,-70.0,0.0,0.0,3,10,3,1,0,0,1,1,1,1,0,0,1,1,1,8,2,1,0,1,0,0,2,0,10,5,5,3,8
2020.0,0.0,0.0,0.0,3,4,3,0,0,0,1,9,1,1,0,0,1,1,1,8,2,1,0,1,0,1,1,0,4,2,5,3,9
2020.0,0.0,3.0,0.0,2,4,3,1,0,0,1,1,1,1,0,1,2,1,1,10,2,1,0,0,0,1,1,0,5,2,5,9,3
2020.0,0.0,0.0,0.0,3,2,3,1,0,0,0,9,1,1,0,0,2,1,1,10,2,1,0,0,0,1,0,0,5,2,5,9,3
2020.0,-40.0,0.0,0.0,3,6,3,0,0,0,1,1,1,1,0,1,1,1,1,10,2,1,0,0,0,1,1,0,10,8,5,8,3
2020.0,-15.0,0.0,0.0,3,10,3,0,3,0,1,2,1,1,0,0,2,1,1,11,2,1,0,0,0,1,0,0,10,9,5,8,9
2020.0,150.0,0.0,0.0,3,6,3,0,0,0,0,1,1,1,0,1,1,1,1,11,2,1,0,0,0,1,1,0,6,8,5,8,3
2020.0,195.0,0.0,0.0,3,2,3,0,0,0,1,5,1,1,0,1,9,1,1,14,2,1,0,0,0,1,2,0,6,2,5,3,5
2020.0,-0.11,0.0,0.0,3,6,3,0,0,0,1,1,1,1,0,0,1,1,1,15,2,1,0,0,0,1,0,0,10,7,5,3,3
2020.0,0.0,1.0,0.0,3,2,3,0,0,0,0,8,1,1,0,1,8,1,1,16,2,1,0,1,0,0,0,0,5,5,5,3,2
2020.0,-910.0,0.0,0.0,3,6,3,0,0,0,1,1,1,1,0,0,1,1,1,16,2,1,0,1,0,0,1,0,6,7,5,3,3
2020.0,-50.0,1.0,0.0,3,6,3,0,0,0,1,1,1,1,0,1,1,1,1,16,2,1,0,1,0,1,1,0,10,5,5,8,3
2020.0,-150.0,0.0,0.0,3,6,3,1,0,0,1,1,1,1,0,1,1,1,1,16,2,1,0,1,0,1,1,0,10,8,5,8,3
2020.0,-503.0,2.0,0.0,2,2,3,0,0,0,0,5,1,1,0,1,2,1,1,16,2,1,0,1,0,1,1,0,5,2,5,3,9
2020.0,-35.0,1.0,0.0,1,5,3,0,0,0,1,9,1,1,3,0,5,1,1,17,2,1,0,1,0,1,2,0,6,2,5,7,9
2020.0,0.0,1.0,0.0,2,4,3,0,0,0,0,2,1,1,0,1,5,0,1,17,2,1,0,1,0,1,1,0,4,2,5,3,9
2020.0,-463.0,0.0,0.0,3,2,4,0,0,0,0,9,1,1,0,1,2,1,1,17,2,1,0,1,0,1,1,0,0,2,5,3,9
2020.0,50.0,2.0,0.0,2,4,0,0,0,0,1,2,1,1,0,0,5,1,1,17,2,1,0,1,0,1,1,0,10,2,5,3,9
2020.0,-40.0,0.0,0.0,3,6,3,0,0,0,1,1,1,1,0,0,1,1,1,17,2,1,0,1,0,0,2,0,10,8,5,8,3
2020.0,0.0,0.0,0.0,3,4,0,0,0,0,1,9,1,1,0,1,1,1,1,19,2,1,0,1,0,2,1,0,4,2,5,3,9
2020.0,0.0,0.0,0.0,3,3,0,0,0,0,1,9,0,1,1,1,1,1,1,2,3,1,0,0,0,2,0,0,10,5,5,8,3
2020.0,0.0,0.0,0.0,3,2,0,0,0,0,0,1,1,1,0,1,5,1,1,3,3,1,0,0,0,1,1,0,10,2,5,3,5
2020.0,60.0,0.0,0.0,3,2,3,0,0,0,1,5,1,1,0,1,1,1,1,8,3,1,0,1,0,0,1,0,0,2,5,2,9
2020.0,115.0,0.0,0.0,3,6,3,0,0,0,0,5,1,1,0,0,5,1,1,11,3,1,0,0,0,2,1,0,10,8,5,8,3
2020.0,-115.0,0.0,0.0,3,10,3,0,0,0,2,2,1,1,0,0,2,1,1,13,3,1,0,0,0,0,2,0,6,7,5,8,2
2020.0,-15.0,1.0,0.0,2,5,3,0,0,0,0,2,1,1,3,0,1,1,1,13,3,1,0,0,0,0,0,0,10,7,5,7,1
2020.0,0.0,0.0,0.0,3,4,3,0,0,0,1,1,1,1,0,1,7,1,1,13,3,1,0,0,0,0,0,0,5,2,5,3,9
2020.0,-217.0,0.0,0.0,3,10,3,0,0,0,0,5,1,1,0,1,5,1,1,13,3,1,0,0,0,1,0,0,6,9,5,3,2
2020.0,246.0,0.0,0.0,3,6,3,0,0,0,0,9,1,1,0,1,9,1,1,14,3,1,0,0,0,0,1,0,6,7,5,8,3
2020.0,50.0,0.0,0.0,3,6,3,0,0,0,0,2,1,1,0,0,2,1,1,14,3,1,0,0,0,2,0,0,6,8,5,8,3
2020.0,-12.0,1.0,0.0,3,3,3,0,0,0,0,9,1,1,0,1,1,1,1,14,3,1,0,0,0,0,0,0,10,7,5,8,9
2020.0,285.0,0.0,0.0,3,6,3,0,0,0,1,5,1,1,0,0,5,1,1,15,3,1,0,0,0,2,1,0,6,8,5,8,3
2020.0,-60.0,0.0,0.0,3,2,3,0,0,0,0,5,1,1,0,0,1,1,1,15,3,1,0,0,0,1,1,0,10,7,5,8,3
2020.0,-180.0,0.0,0.0,3,6,3,0,0,0,1,1,1,1,0,0,1,1,1,16,3,1,0,1,0,2,0,0,10,8,5,8,3
2020.0,-785.0,1.0,0.0,3,2,3,0,0,0,1,2,1,1,0,1,1,1,1,17,3,1,0,1,0,0,2,0,6,2,5,3,9
2020.0,-1193.0,1.0,0.0,3,6,3,4,0,0,0,1,1,1,0,0,1,1,1,17,3,1,0,1,0,1,1,0,6,8,5,8,3
2020.0,-60.0,2.0,0.0,2,6,0,0,0,0,0,1,1,1,0,0,1,1,1,19,3,1,0,1,0,1,1,0,10,8,5,8,3
2020.0,-25.0,0.0,0.0,3,3,0,0,0,0,1,5,1,1,0,0,2,1,1,20,3,1,0,0,0,0,0,0,6,7,5,8,3
2020.0,-45.0,0.0,0.0,3,6,0,0,0,0,1,5,1,1,0,0,5,1,1,5,4,1,0,0,0,1,1,0,10,9,5,3,8
2020.0,-320.0,1.0,0.0,2,6,3,0,0,0,1,9,1,1,0,1,9,1,1,9,4,1,0,1,0,1,1,0,10,8,5,8,2
2020.0,-593.0,0.0,0.0,3,6,3,0,0,0,0,1,1,1,0,0,1,1,1,11,4,1,0,0,0,1,2,0,10,8,5,8,3
2020.0,235.0,2.0,0.0,2,6,3,0,0,0,0,5,1,1,0,1,5,1,1,13,4,1,0,0,0,1,2,0,10,8,5,8,3
2020.0,-106.0,1.0,0.0,3,6,3,0,0,0,1,9,1,1,0,0,9,1,1,14,4,1,0,0,0,1,1,0,6,7,5,8,3
2020.0,30.0,1.0,0.0,3,6,3,0,0,0,1,9,1,1,0,0,9,1,1,14,4,1,0,0,0,0,1,0,10,8,5,8,3
2020.0,-520.0,0.0,0.0,3,2,3,0,0,0,0,1,1,1,0,1,5,1,1,14,4,1,0,0,0,2,1,0,0,2,5,3,9