Year,Distance,Totalinjuries,Totalfatalities,Injuryseverity,Collisionmanner,Lightcondition,Weather,SurfaceCondition,Unittype_One,Gender_Drv1,Traveldirection_One,AlcoholUse_Drv1,DrugUse_Drv1,Unittype_Two,Gender_Drv2,Traveldirection_Two,AlcoholUse_Drv2,DrugUse_Drv2,Hour,Weekday,Month,Weekend,Rush_Hour,Hazardous_Road,Age_Group_Drv1,Age_Group_Drv2,Substance_Use,Junction_Category,Violation_Category_Drv1,Violation_Category_Drv2,Unitaction_Category_Two,Unitaction_Category_One
2020.0,0.2,0.0,0.0,3,6,3,0,0,0,1,1,1,1,0,1,1,1,1,14,4,1,0,0,0,1,1,0,6,7,5,8,3
2020.0,-0.07,0.0,0.0,3,4,3,0,0,0,1,9,1,1,0,0,5,1,1,14,4,1,0,0,0,1,0,0,0,2,5,9,9
2020.0,150.0,1.0,0.0,2,6,3,0,0,0,2,9,1,1,0,1,9,1,1,14,4,1,0,0,0,0,1,0,6,7,5,5,3
2020.0,200.0,0.0,0.0,3,6,3,0,0,0,0,9,1,1,0,1,9,1,1,16,4,1,0,1,0,0,1,0,10,8,5,8,3
2020.0,320.0,1.0,0.0,3,2,3,0,0,0,1,5,1,1,0,1,9,1,1,17,4,1,0,1,0,2,1,0,0,2,5,3,9
2020.0,0.0,0.0,0.0,3,2,0,4,0,0,1,5,0,1,0,1,1,1,1,0,5,1,1,0,0,0,1,0,10,9,5,8,9
2020.0,275.0,0.0,0.0,3,6,0,0,0,0,1,9,0,1,0,0,9,1,1,2,5,1,1,0,0,1,1,0,10,8,5,8,3
2020.0,0.0,0.0,0.0,3,4,2,0,0,0,0,5,1,1,0,0,2,1,1,7,5,1,1,1,0,2,0,0,4,5,5,3,9
2020.0,-20.0,0.0,0.0,3,5,3,0,0,0,1,1,1,1,0,0,1,1,1,16,5,1,1,1,0,2,2,0,10,5,5,8,1
2020.0,28.0,1.0,0.0,2,6,0,0,0,0,0,9,0,1,0,0,9,1,1,19,5,1,1,1,0,1,1,0,10,7,5,8,3
2020.0,0.0,0.0,0.0,3,6,0,0,0,0,0,3,1,1,0,0,3,1,1,19,5,1,1,1,0,1,1,0,10,7,5,8,3
2020.0,0.0,0.0,0.0,3,4,0,0,0,0,0,2,1,1,0,1,9,1,1,19,5,1,1,1,0,2,1,0,5,2,5,3,9
2020.0,0.0,2.0,0.0,2,4,0,0,0,0,1,9,1,1,0,1,1,1,1,19,5,1,1,1,0,2,2,0,4,2,5,3,9
2020.0,-25.0,0.0,0.0,3,10,3,0,0,0,0,1,1,1,0,1,5,1,1,8,6,1,1,1,0,1,1,0,5,2,5,3,9
2020.0,500.0,0.0,0.0,3,11,3,0,0,0,0,5,1,1,0,0,2,1,1,11,6,1,1,0,0,1,1,0,6,4,5,3,9
2020.0,0.0,1.0,0.0,2,4,3,0,0,0,1,5,1,1,0,0,1,1,1,15,6,1,1,0,0,2,2,0,4,5,5,3,9
2020.0,-40.0,0.0,0.0,3,6,5,4,3,0,0,2,1,1,0,1,2,1,1,17,6,1,1,1,0,1,1,0,10,5,5,5,5
2020.0,125.0,0.0,0.0,3,2,3,0,0,0,1,1,1,1,0,1,2,1,1,6,0,1,0,0,0,0,1,0,0,2,5,3,9
2020.0,0.0,1.0,0.0,3,4,3,0,0,0,1,9,1,1,0,0,5,1,1,10,0,1,0,0,0,1,1,0,5,5,5,9,3
2020.0,-340.0,0.0,0.0,3,12,3,0,0,0,2,8,1,1,0,1,8,1,1,12,0,1,0,0,0,0,0,0,6,5,5,5,5
2020.0,0.0,3.0,0.0,2,6,3,0,0,0,0,2,1,1,0,1,2,1,1,13,0,1,0,0,0,1,0,0,0,2,5,3,9
2020.0,100.0,1.0,0.0,2,6,3,0,0,0,1,5,1,1,0,0,5,1,1,14,0,1,0,0,0,1,1,0,10,8,5,8,3
2020.0,198.0,1.0,0.0,2,4,3,0,0,0,1,1,1,1,0,0,5,1,1,16,0,1,0,1,0,2,0,0,0,1,5,3,9
2020.0,-250.0,1.0,0.0,3,6,3,0,0,0,1,2,1,1,0,0,2,1,1,16,0,1,0,1,0,1,1,0,6,7,5,8,3
2020.0,0.0,2.0,0.0,2,4,4,0,0,0,1,9,1,1,0,0,1,1,1,16,0,1,0,1,0,0,1,0,4,2,5,3,9
2020.0,-152.0,0.0,0.0,3,6,3,0,0,0,0,1,1,1,0,0,1,1,1,17,0,1,0,1,0,1,1,0,10,8,5,8,3
2020.0,-400.0,0.0,0.0,3,6,3,0,0,0,0,1,1,1,0,1,1,1,1,17,0,1,0,1,0,1,0,0,6,7,5,8,3
2020.0,-400.0,0.0,0.0,3,10,3,0,0,0,0,1,1,1,0,1,1,1,1,17,0,1,0,1,0,1,1,0,6,9,5,3,2
2020.0,0.0,0.0,0.0,3,2,4,0,0,0,0,2,1,1,0,1,1,1,1,17,0,1,0,1,0,2,1,0,5,2,5,3,9
2020.0,0.0,3.0,0.0,2,4,3,0,0,0,0,2,1,1,0,1,5,1,1,18,0,1,0,1,0,2,2,0,4,2,5,3,9
2020.0,-240.0,0.0,0.0,3,6,0,0,0,0,0,5,1,1,0,0,5,1,1,18,0,1,0,1,0,2,2,0,6,7,5,8,3
2020.0,40.0,0.0,0.0,3,6,3,0,0,0,1,9,1,1,0,0,9,1,1,8,1,1,0,1,0,2,1,0,10,7,5,8,3
2020.0,-72.0,1.0,0.0,2,6,3,4,0,0,1,1,1,1,0,1,1,1,1,8,1,1,0,1,0,1,1,0,4,7,5,8,3
2020.0,0.0,0.0,0.0,3,4,3,0,0,0,1,1,1,1,0,1,1,1,1,10,1,1,0,0,0,2,2,0,4,5,5,9,9
2020.0,0.0,1.0,0.0,2,5,3,0,0,2,0,5,1,1,0,0,9,1,1,11,1,1,0,0,0,2,1,0,5,5,5,3,3
2020.0,-35.0,2.0,0.0,2,3,3,0,0,0,1,1,1,1,0,0,2,1,1,11,1,1,0,0,0,2,0,0,10,5,5,8,9
2020.0,-65.0,0.0,0.0,3,6,3,0,0,0,0,1,1,1,0,1,1,1,1,13,1,1,0,0,0,2,0,0,10,8,5,8,3
2020.0,0.0,0.0,0.0,3,10,3,0,0,0,1,1,1,1,0,1,5,1,1,15,1,1,0,0,0,1,0,0,6,2,5,3,9
2020.0,109.0,0.0,0.0,3,6,3,0,0,0,0,9,1,1,0,0,9,1,1,16,1,1,0,1,0,1,2,0,10,8,5,8,3
2020.0,-30.0,0.0,0.0,3,6,3,0,0,0,2,1,1,1,0,1,1,1,1,18,1,1,0,1,0,0,1,0,10,8,5,8,3
2020.0,700.0,2.0,0.0,3,6,0,0,0,0,1,5,1,1,0,1,5,1,1,18,1,1,0,1,0,0,2,0,6,7,5,8,3
2020.0,30.0,1.0,0.0,3,6,0,0,0,0,1,5,1,1,0,0,5,1,1,19,1,1,0,1,0,2,1,0,10,7,5,8,3
2020.0,0.0,0.0,0.0,3,4,3,0,0,0,1,1,1,1,0,1,9,1,1,7,2,1,0,1,0,1,2,0,5,2,5,3,9
2020.0,-100.0,1.0,0.0,3,6,3,0,0,0,0,9,1,1,0,0,9,1,1,8,2,1,0,1,0,2,1,0,10,8,5,8,3
2020.0,150.0,1.0,0.0,3,6,3,0,0,0,1,1,1,1,0,0,1,1,1,8,2,1,0,1,0,1,2,0,0,7,5,9,3
2020.0,200.0,0.0,0.0,3,10,3,0,0,0,2,5,1,1,0,0,5,1,1,8,2,1,0,1,0,0,2,0,10,9,5,3,2
2020.0,0.0,0.0,0.0,3,4,3,0,0,0,0,5,1,1,0,0,2,1,1,8,2,1,0,1,0,2,1,0,4,2,5,3,9
2020.0,-122.0,1.0,0.0,3,6,3,0,0,0,1,2,1,1,0,1,2,1,1,11,2,1,0,0,0,1,1,0,10,8,5,3,3
2020.0,100.0,0.0,0.0,3,10,3,1,0,0,1,1,1,1,0,1,1,1,1,14,2,1,0,0,0,2,0,0,10,9,5,3,2
2020.0,-351.0,1.0,0.0,2,4,3,0,0,0,1,9,1,1,0,1,1,1,1,14,2,1,0,0,0,1,1,0,0,2,5,3,9
2020.0,460.0,0.0,0.0,3,5,3,2,0,0,1,5,1,1,0,1,9,1,1,14,2,1,0,0,0,1,2,0,0,5,5,3,1
2020.0,-320.0,0.0,0.0,3,10,3,1,0,0,0,2,1,1,0,0,2,1,1,16,2,1,0,1,0,1,2,0,6,9,5,3,2
2020.0,-140.0,0.0,0.0,3,6,4,0,0,0,0,1,1,1,0,0,1,1,1,17,2,1,0,1,0,2,1,0,10,8,5,8,3
2020.0,210.0,1.0,0.0,3,2,0,0,0,0,0,2,1,1,0,0,9,1,1,18,2,1,0,1,0,1,1,0,10,2,9,0,9
2020.0,-20.0,0.0,0.0,3,6,0,0,0,0,1,1,1,1,0,1,1,1,1,18,2,1,0,1,0,2,1,0,10,7,5,3,3
2020.0,0.0,0.0,0.0,3,4,0,0,0,0,1,9,1,1,0,0,1,1,1,20,2,1,0,0,0,2,2,0,4,2,5,3,9
2020.0,341.0,0.0,0.0,3,12,3,0,0,0,2,8,1,1,1,1,9,1,1,7,3,1,0,1,0,0,1,0,6,5,5,6,5
2020.0,-1.0,0.0,0.0,3,6,3,0,0,0,1,9,1,1,0,0,9,1,1,9,3,1,0,1,0,2,2,0,8,7,5,3,3
2020.0,-924.0,2.0,0.0,2,4,3,0,0,0,1,9,1,1,0,1,5,1,1,10,3,1,0,0,0,0,1,0,0,2,5,3,9
2020.0,-400.0,0.0,0.0,3,6,3,0,0,0,1,9,1,1,0,1,9,1,1,12,3,1,0,0,0,2,1,0,6,8,5,8,3
2020.0,124.0,0.0,0.0,3,10,3,0,0,0,1,1,1,1,0,0,1,1,1,12,3,1,0,0,0,2,2,0,6,2,5,3,9
2020.0,285.0,0.0,0.0,3,10,3,0,0,0,2,5,1,1,0,1,5,1,1,13,3,1,0,0,0,0,0,0,0,5,5,8,9
2020.0,30.0,1.0,0.0,2,6,3,0,0,0,1,1,1,1,0,1,1,1,1,15,3,1,0,0,0,2,1,0,6,8,5,8,5
2020.0,-0.5,2.0,0.0,2,4,3,0,0,0,1,9,1,1,0,1,5,1,1,17,3,1,0,1,0,0,1,0,4,2,5,3,9
2020.0,0.0,0.0,0.0,3,6,0,0,0,0,0,1,1,1,0,0,1,1,1,18,3,1,0,1,0,1,2,0,5,8,5,8,3
2020.0,0.0,0.0,0.0,3,2,0,0,0,0,2,2,1,1,0,1,1,1,1,18,3,1,0,1,0,0,0,0,0,7,5,3,3
2020.0,75.0,0.0,0.0,3,6,0,0,0,0,1,9,1,1,0,0,9,1,1,19,3,1,0,1,0,2,2,0,10,7,5,8,3
2020.0,30.0,0.0,0.0,3,6,3,0,0,0,2,2,1,1,0,1,2,1,1,21,3,1,0,0,0,0,2,0,6,5,5,3,3
2020.0,167.0,0.0,0.0,3,6,3,0,0,0,0,2,1,1,0,1,2,1,1,7,4,1,0,1,0,2,0,0,6,7,5,8,3
2020.0,-668.0,0.0,0.0,3,6,3,0,0,0,1,2,1,1,0,0,2,1,1,9,4,1,0,1,0,0,0,0,0,8,5,8,3
2020.0,1222.0,0.0,0.0,3,6,3,0,0,0,1,2,1,1,0,0,2,1,1,9,4,1,0,1,0,2,0,0,6,8,5,8,3
2020.0,107.0,1.0,0.0,2,6,3,0,0,0,1,9,1,1,0,1,9,1,1,10,4,1,0,0,0,1,1,0,6,7,5,8,3
2020.0,-300.0,0.0,0.0,3,2,3,0,0,0,1,2,1,1,0,1,1,1,1,10,4,1,0,0,0,2,2,0,0,4,5,3,9
2020.0,-80.0,0.0,0.0,3,6,3,0,0,0,1,2,1,1,0,0,2,1,1,11,4,1,0,0,0,1,1,0,10,8,5,3,8
2020.0,183.0,0.0,0.0,3,10,3,0,0,0,0,9,1,1,0,1,9,1,1,12,4,1,0,0,0,1,1,0,10,9,5,3,2
2020.0,-134.0,0.0,0.0,3,6,3,0,0,0,0,2,1,1,0,0,2,1,1,12,4,1,0,0,0,2,1,0,6,7,5,8,3
2020.0,0.0,1.0,0.0,2,4,3,0,0,0,0,1,1,1,2,1,9,1,1,13,4,1,0,0,0,1,1,0,4,2,5,3,9
2020.0,113.0,0.0,0.0,3,6,3,0,0,0,1,5,1,1,0,0,5,1,1,14,4,1,0,0,0,2,1,0,6,8,5,8,3
2020.0,262.0,0.0,0.0,3,2,3,0,0,0,0,1,1,1,0,1,2,1,1,14,4,1,0,0,0,0,1,0,0,2,5,3,3
2020.0,-200.0,0.0,0.0,3,6,3,0,0,0,2,5,1,1,0,0,5,1,1,15,4,1,0,0,0,0,1,0,0,8,5,8,3
2020.0,70.0,0.0,0.0,3,10,3,0,0,0,0,1,1,1,0,1,1,1,1,16,4,1,0,1,0,1,1,0,10,5,5,3,3
2020.0,264.0,2.0,0.0,2,4,3,0,0,0,0,5,1,1,0,0,9,1,1,17,4,1,0,1,0,1,1,0,0,2,5,3,9
2020.0,0.0,0.0,0.0,3,6,4,0,0,0,1,2,1,1,0,1,2,1,1,17,4,1,0,1,0,1,1,0,3,8,5,8,3
2020.0,0.0,0.0,0.0,3,4,5,4,0,0,0,9,1,1,0,1,1,1,1,19,4,1,0,1,0,1,2,0,4,4,5,3,9
2020.0,100.0,0.0,0.0,3,6,3,0,0,0,1,2,0,1,0,0,2,1,1,20,4,1,0,0,0,0,2,0,6,7,5,8,3
2020.0,-20.0,0.0,0.0,3,12,5,4,0,0,2,2,1,1,0,1,2,1,1,22,4,1,0,0,0,0,1,0,10,9,5,3,2
2020.0,250.0,0.0,0.0,3,10,0,0,0,0,0,2,1,1,1,1,2,1,1,22,4,1,0,0,0,2,1,0,6,9,5,6,3
2020.0,0.0,0.0,0.0,3,3,0,0,0,0,1,9,1,1,0,1,1,1,1,22,4,1,0,0,0,1,2,0,4,5,5,3,9
2020.0,-1522.0,0.0,0.0,3,10,0,0,0,0,2,5,1,1,0,1,5,1,1,23,4,1,0,0,0,0,1,0,6,9,5,3,2
2020.0,0.0,0.0,0.0,3,2,0,0,0,0,1,1,1,1,0,1,5,1,1,23,4,1,0,0,0,2,1,0,4,2,5,3,3
2020.0,0.0,1.0,0.0,2,2,3,0,0,0,1,9,1,1,0,1,5,1,1,8,5,2,1,1,0,2,1,0,4,5,5,3,3
2020.0,-100.0,0.0,0.0,3,6,3,0,0,0,1,5,1,1,0,1,1,1,1,10,5,2,1,0,0,0,1,0,6,2,5,3,9
2020.0,60.0,0.0,0.0,3,4,3,0,0,0,0,9,1,1,0,0,2,1,1,15,5,2,1,0,0,1,2,0,6,2,5,3,8
2020.0,-200.0,1.0,1.0,0,5,0,0,0,0,1,5,0,1,1,1,5,1,1,18,5,2,1,1,0,1,1,0,6,7,5,6,3
2020.0,-415.0,0.0,0.0,3,10,0,0,0,0,1,1,1,1,0,1,1,1,1,20,5,2,1,0,0,0,1,0,6,7,5,3,3
2020.0,0.0,0.0,0.0,3,9,0,0,0,0,1,9,1,1,0,1,1,1,1,22,5,2,1,0,0,1,2,0,4,2,5,3,9
2020.0,50.0,2.0,0.0,2,6,3,0,0,0,1,1,1,1,0,1,1,1,1,9,6,2,1,1,0,2,1,0,10,7,2,9,3
2020.0,0.0,0.0,0.0,3,4,3,0,0,0,1,2,1,1,0,0,9,1,1,14,6,2,1,0,0,1,1,0,5,2,5,3,9
2020.0,-24.0,0.0,0.0,3,10,0,0,0,0,1,2,1,1,0,1,2,1,1,15,6,2,1,0,0,2,1,0,6,9,5,8,2
2020.0,-30.0,0.0,0.0,3,10,0,0,0,0,0,9,1,1,0,0,9,1,1,19,6,2,1,1,0,2,2,0,10,4,5,3,9
2020.0,0.0,0.0,0.0,3,12,0,0,0,0,0,7,1,1,0,0,1,1,1,21,6,2,1,0,0,2,1,0,4,2,5,3,9
2020.0,0.0,0.0,0.0,3,4,0,0,0,0,0,2,1,1,0,1,5,1,1,5,0,2,0,0,0,1,1,0,4,2,5,3,9
2020.0,0.0,3.0,0.0,2,4,3,0,0,0,1,5,1,1,0,1,2,1,1,6,0,2,0,0,0,1,1,0,4,2,5,3,9
2020.0,45.0,0.0,0.0,3,10,2,0,0,0,1,2,1,1,0,1,2,1,1,6,0,2,0,0,0,0,1,0,10,5,5,3,3
2020.0,0.0,0.0,0.0,3,4,2,0,0,0,0,7,1,1,0,1,1,1,1,7,0,2,0,1,0,1,2,0,4,2,5,3,9
2020.0,-15.0,0.0,0.0,3,2,3,0,0,0,1,7,1,1,0,1,6,1,1,8,0,2,0,1,0,1,1,0,10,2,5,3,3
2020.0,0.0,1.0,0.0,2,2,3,0,0,2,0,9,1,1,0,1,2,1,1,8,0,2,0,1,0,2,2,0,4,2,5,9,3
2020.0,0.0,2.0,0.0,2,2,3,1,0,0,1,1,1,1,0,1,5,1,1,10,0,2,0,0,0,1,2,0,4,2,5,3,3
2020.0,-394.0,0.0,0.0,3,2,3,1,0,0,0,9,1,1,0,0,2,1,1,13,0,2,0,0,0,1,2,0,0,2,5,3,9
2020.0,0.0,2.0,0.0,2,4,3,1,0,0,1,5,1,1,0,1,2,1,1,15,0,2,0,0,0,1,2,0,4,2,5,3,9
2020.0,0.0,0.0,0.0,3,9,3,0,0,0,1,9,1,1,0,0,1,1,1,15,0,2,0,0,0,0,1,0,6,4,5,8,9
2020.0,-247.0,0.0,0.0,3,10,3,0,0,0,1,1,1,1,0,1,1,1,1,16,0,2,0,1,0,1,1,0,6,9,5,3,2
2020.0,0.0,1.0,0.0,3,4,0,0,0,0,0,1,1,1,0,0,9,1,1,17,0,2,0,1,0,1,2,0,4,2,5,3,9
2020.0,213.0,1.0,0.0,2,5,0,0,0,3,1,5,1,1,0,1,1,1,1,20,0,2,0,0,0,1,2,0,6,2,5,3,7
2020.0,55.0,0.0,0.0,3,10,0,0,0,0,2,1,1,1,1,1,1,1,1,22,0,2,0,0,0,0,1,0,6,5,5,6,5
2020.0,0.0,2.0,0.0,2,3,3,0,0,0,1,1,1,1,0,1,9,1,1,6,1,2,0,0,0,2,1,0,5,9,5,8,3
2020.0,0.0,2.0,0.0,2,4,3,0,0,0,0,1,1,1,0,1,9,1,1,8,1,2,0,1,0,2,2,0,4,2,5,3,9
2020.0,-625.0,1.0,0.0,2,5,3,0,0,3,1,7,1,1,0,1,6,1,1,9,1,2,0,1,0,2,1,0,6,2,5,3,7
2020.0,688.0,0.0,0.0,3,2,3,0,0,0,0,2,1,1,0,1,9,1,1,13,1,2,0,0,0,0,2,0,0,2,5,3,3
2020.0,0.0,1.0,0.0,2,4,3,0,0,0,1,9,1,1,0,1,1,1,1,13,1,2,0,0,0,0,1,0,4,2,5,3,9
2020.0,-105.0,0.0,0.0,3,2,3,0,0,0,2,1,1,1,1,1,2,1,1,15,1,2,0,0,0,0,1,0,6,7,5,6,9
2020.0,358.0,0.0,0.0,3,6,3,0,0,0,1,5,1,1,0,1,5,1,1,15,1,2,0,0,0,2,1,0,10,8,5,8,3
2020.0,0.0,1.0,0.0,2,2,3,0,0,0,1,5,1,1,2,1,1,1,1,17,1,2,0,1,0,2,1,0,4,2,5,3,3
2020.0,-45.0,0.0,0.0,3,6,3,0,0,0,0,2,1,1,0,1,2,1,1,17,1,2,0,1,0,1,1,0,10,8,5,3,3
2020.0,-310.0,0.0,0.0,3,10,3,0,0,0,1,9,1,1,0,0,9,1,1,7,2,2,0,1,0,0,1,0,6,9,5,3,2
2020.0,0.0,2.0,0.0,2,4,3,0,0,0,0,1,1,1,0,0,9,1,1,7,2,2,0,1,0,1,2,0,4,2,5,3,9
2020.0,0.0,2.0,0.0,3,4,3,1,0,0,0,5,1,1,0,1,2,1,1,8,2,2,0,1,0,1,1,0,4,2,5,3,9
2020.0,0.0,0.0,0.0,3,4,3,0,0,0,0,9,1,1,0,0,2,1,1,9,2,2,0,1,0,1,1,0,4,2,5,9,3
2020.0,45.0,0.0,0.0,3,6,3,1,0,0,2,5,1,1,0,0,5,1,1,10,2,2,0,0,0,0,0,0,10,7,5,8,3
2020.0,0.0,2.0,0.0,3,4,3,0,0,0,1,9,1,1,0,1,1,1,1,15,2,2,0,0,0,1,1,0,4,2,5,3,9
2020.0,415.0,2.0,0.0,2,4,3,0,0,0,0,2,1,1,0,0,1,1,1,15,2,2,0,0,0,2,1,0,0,2,5,3,9
2020.0,-65.0,0.0,0.0,3,6,3,0,0,0,0,1,1,1,0,0,1,1,1,15,2,2,0,0,0,1,1,0,10,8,5,8,3
2020.0,-291.0,0.0,0.0,3,6,3,0,0,0,1,1,1,1,0,1,1,1,1,15,2,2,0,0,0,2,1,0,10,8,5,8,3
2020.0,145.0,0.0,0.0,3,6,3,0,0,0,1,5,1,1,0,0,5,1,1,16,2,2,0,1,0,0,2,0,10,8,5,8,5
2020.0,0.0,0.0,0.0,3,4,3,0,0,0,0,9,1,1,0,0,1,1,1,17,2,2,0,1,0,2,2,0,4,2,5,3,9
2020.0,70.0,0.0,0.0,3,2,3,0,0,0,0,9,0,1,0,1,5,1,1,17,2,2,0,1,0,2,1,0,6,9,5,8,9
2020.0,200.0,1.0,0.0,3,2,3,0,0,0,1,5,1,1,0,1,9,1,1,17,2,2,0,1,0,1,1,0,10,2,5,3,9
2020.0,680.0,1.0,0.0,3,6,0,0,0,0,2,1,1,1,0,0,1,1,1,18,2,2,0,1,0,0,1,0,6,8,5,8,3
2020.0,-470.0,0.0,0.0,3,6,0,0,0,0,0,2,1,1,0,0,2,1,1,6,3,2,0,0,0,1,2,0,10,7,5,8,3
2020.0,225.0,0.0,0.0,3,2,3,0,0,0,0,5,1,1,0,0,9,1,1,8,3,2,0,1,0,1,2,0,0,2,5,3,9
2020.0,-263.0,0.0,0.0,3,2,3,0,0,0,0,2,1,1,0,1,1,1,1,11,3,2,0,0,0,0,1,0,0,2,5,3,9
2020.0,30.0,1.0,0.0,2,2,3,0,0,2,1,9,1,1,0,1,2,1,1,12,3,2,0,0,0,2,1,0,4,2,5,3,3
2020.0,-35.0,1.0,0.0,3,6,3,0,0,0,0,2,1,1,0,0,2,1,1,15,3,2,0,0,0,1,1,0,10,7,5,8,3
2020.0,45.0,0.0,0.0,3,6,3,0,0,0,0,5,1,1,0,1,5,1,1,15,3,2,0,0,0,1,1,0,10,8,5,8,3
2020.0,0.0,2.0,0.0,3,2,3,0,0,0,0,1,1,1,0,1,5,1,1,15,3,2,0,0,0,1,0,0,5,4,5,3,5
2020.0,97.0,0.0,0.0,3,6,3,0,0,0,1,5,1,1,0,0,5,1,1,15,3,2,0,0,0,1,1,0,10,8,5,8,3
2020.0,0.0,2.0,0.0,2,2,3,0,0,0,0,1,1,1,0,1,2,1,1,16,3,2,0,1,0,1,2,0,4,2,5,3,3
2020.0,0.0,0.0,0.0,3,4,3,0,0,0,0,1,1,1,0,0,9,1,1,17,3,2,0,1,0,1,2,0,4,2,5,3,9
2020.0,329.0,0.0,0.0,3,2,3,0,0,0,1,2,0,1,0,0,1,1,1,17,3,2,0,1,0,0,1,0,0,2,5,3,9
2020.0,20.0,0.0,0.0,3,4,3,0,0,0,0,1,1,1,0,1,9,1,1,7,4,2,0,1,0,1,1,0,4,2,5,9,3
2020.0,328.0,2.0,0.0,2,4,3,0,0,0,1,1,1,1,0,1,9,1,1,9,4,2,0,1,0,1,1,0,0,2,5,3,9
2020.0,610.0,0.0,0.0,3,4,3,0,0,0,0,2,1,1,0,1,1,1,1,12,4,2,0,0,0,0,0,0,6,2,5,3,9
2020.0,-250.0,0.0,0.0,3,6,3,0,0,0,1,9,1,1,0,1,9,1,1,12,4,2,0,0,0,1,1,0,6,7,5,8,3
2020.0,-148.0,2.0,0.0,3,6,3,0,0,0,0,2,1,1,0,1,2,1,1,13,4,2,0,0,0,2,2,0,10,7,5,3,3
2020.0,102.0,1.0,0.0,3,6,3,0,0,0,0,5,1,1,0,0,5,1,1,15,4,2,0,0,0,1,2,0,10,8,5,8,3
2020.0,0.0,0.0,0.0,3,4,3,0,0,0,0,2,1,1,0,0,2,1,1,15,4,2,0,0,0,1,2,0,4,2,5,3,9
2020.0,-118.0,2.0,0.0,2,4,3,0,0,0,0,1,1,1,0,0,9,1,1,15,4,2,0,0,0,1,2,0,0,2,7,3,9
2020.0,-130.0,1.0,0.0,3,10,3,0,0,0,1,2,1,1,0,1,2,1,1,16,4,2,0,1,0,1,1,0,10,9,5,3,2
2020.0,0.5,0.0,0.0,3,6,3,0,0,0,0,9,1,1,0,1,9,1,1,16,4,2,0,1,0,0,0,0,6,7,5,8,3
2020.0,0.0,0.0,0.0,3,10,3,0,0,0,1,2,1,1,0,1,2,1,1,16,4,2,0,1,0,2,1,0,10,9,5,3,2
2020.0,0.0,0.0,0.0,3,4,3,0,0,0,0,2,1,1,0,0,2,1,1,16,4,2,0,1,0,2,0,0,10,8,5,8,3
2020.0,594.0,1.0,0.0,2,6,3,0,0,0,0,5,1,1,0,1,5,1,1,17,4,2,0,1,0,2,2,0,6,8,5,8,3
2020.0,-380.0,0.0,0.0,3,4,3,4,0,0,1,9,1,1,0,1,1,1,1,17,4,2,0,1,0,1,1,0,6,5,5,3,9
2020.0,79.0,1.0,0.0,3,6,0,0,0,0,1,5,1,1,0,0,5,1,1,2,5,2,1,0,0,1,1,0,10,7,5,8,3
2020.0,0.0,0.0,0.0,3,2,0,0,0,0,2,5,1,1,0,0,9,1,1,4,5,2,1,0,0,0,2,0,5,2,5,3,9
2020.0,40.0,0.0,0.0,3,5,3,0,0,0,1,7,1,1,0,1,5,1,1,11,5,2,1,0,0,1,1,0,5,5,5,8,9
2020.0,25.0,0.0,0.0,3,2,3,0,0,0,0,1,1,1,0,0,6,1,1,11,5,2,1,0,0,1,1,0,10,2,5,9,3
2020.0,0.0,1.0,0.0,3,2,3,0,0,0,0,9,1,1,0,1,2,1,1,12,5,2,1,0,0,1,1,0,4,2,5,3,3
2020.0,0.0,0.0,0.0,3,2,3,0,0,0,0,2,1,1,0,1,1,1,1,13,5,2,1,0,0,1,1,0,4,5,5,9,3
2020.0,-40.0,1.0,0.0,3,6,3,0,0,0,0,2,1,1,0,0,2,1,1,15,5,2,1,0,0,1,1,0,10,7,5,8,3
2020.0,200.0,0.0,0.0,3,6,0,0,0,0,0,5,0,1,0,1,5,1,1,1,6,2,1,0,0,1,1,0,10,7,5,8,3
2020.0,-548.0,1.0,0.0,2,9,0,0,0,0,1,1,0,1,0,0,9,1,1,1,6,2,1,0,0,1,2,0,6,9,5,8,3
2020.0,40.0,0.0,0.0,3,4,0,0,0,0,1,1,0,1,1,1,5,1,1,2,6,2,1,0,0,1,2,0,6,7,5,5,9
2020.0,45.0,0.0,0.0,3,6,3,0,0,0,0,9,1,1,0,0,9,1,1,11,6,2,1,0,0,2,1,0,6,1,1,9,9
2020.0,-90.0,0.0,0.0,3,10,3,0,0,0,1,9,1,1,0,1,9,1,1,11,6,2,1,0,0,1,1,0,10,8,5,9,3
2020.0,2618.0,1.0,0.0,2,2,3,0,0,0,0,9,1,1,0,1,6,1,1,15,6,2,1,0,0,2,1,0,4,2,5,9,3
2020.0,-15.0,1.0,0.0,3,5,1,1,0,0,1,5,1,1,2,1,1,1,1,18,6,2,1,1,0,0,0,0,10,2,5,3,9
2020.0,-800.0,1.0,0.0,3,6,3,0,0,0,1,2,1,1,0,1,2,1,1,6,0,2,0,0,0,1,1,0,6,8,5,8,3
2020.0,30.0,0.0,0.0,3,2,3,1,0,0,1,9,1,1,0,0,9,1,1,7,0,2,0,1,0,1,1,0,10,7,5,8,3
2020.0,-260.0,0.0,0.0,3,10,3,0,0,0,2,9,1,1,0,1,9,1,1,7,0,2,0,1,0,0,2,0,6,9,5,3,2
2020.0,-90.0,0.0,0.0,3,10,3,0,0,0,0,2,1,1,0,0,2,1,1,8,0,2,0,1,0,2,1,0,10,9,5,3,9
2020.0,0.0,3.0,0.0,3,2,3,0,0,0,0,9,1,1,0,0,5,1,1,8,0,2,0,1,0,0,0,0,4,2,5,3,3