Year,Distance,Totalinjuries,Totalfatalities,Injuryseverity,Collisionmanner,Lightcondition,Weather,SurfaceCondition,Unittype_One,Gender_Drv1,Traveldirection_One,AlcoholUse_Drv1,DrugUse_Drv1,Unittype_Two,Gender_Drv2,Traveldirection_Two,AlcoholUse_Drv2,DrugUse_Drv2,Hour,Weekday,Month,Weekend,Rush_Hour,Hazardous_Road,Age_Group_Drv1,Age_Group_Drv2,Substance_Use,Junction_Category,Violation_Category_Drv1,Violation_Category_Drv2,Unitaction_Category_Two,Unitaction_Category_One
2020.0,300.0,0.0,0.0,3,10,3,0,0,0,0,9,1,1,0,0,9,1,1,9,0,2,0,1,0,1,1,0,10,9,5,3,2
2020.0,-127.0,0.0,0.0,3,6,3,4,0,0,0,1,1,1,0,1,1,1,1,11,0,2,0,0,0,2,1,0,10,7,5,8,8
2020.0,-30.0,0.0,0.0,3,2,3,0,0,0,1,5,1,0,0,1,1,1,1,12,0,2,0,0,0,2,1,0,10,5,5,8,1
2020.0,60.0,0.0,0.0,3,10,3,0,0,0,0,3,1,1,0,1,7,1,1,14,0,2,0,0,0,0,2,0,10,2,5,9,3
2020.0,190.0,1.0,0.0,2,2,3,1,0,0,1,1,1,1,0,1,5,1,1,17,0,2,0,1,0,2,2,0,0,2,5,3,3
2020.0,120.0,3.0,0.0,2,2,4,1,0,0,0,5,1,1,0,0,9,1,1,17,0,2,0,1,0,1,2,0,0,2,5,3,9
2020.0,-100.0,0.0,0.0,3,4,3,1,0,0,0,9,1,1,0,0,1,1,1,17,0,2,0,1,0,0,1,0,10,2,5,3,9
2020.0,0.0,0.0,0.0,3,2,3,0,4,0,0,4,0,1,0,1,5,1,1,17,0,2,0,1,1,1,2,0,5,2,5,3,9
2020.0,-430.0,2.0,0.0,3,6,0,1,0,0,1,2,1,1,0,0,2,1,1,18,0,2,0,1,0,1,1,0,6,7,5,8,3
2020.0,-900.0,1.0,0.0,1,4,0,3,4,0,0,1,1,1,0,1,9,1,1,18,0,2,0,1,1,2,1,0,6,2,5,3,9
2020.0,-15.0,0.0,0.0,3,11,0,0,0,0,0,1,1,1,0,1,9,1,1,19,0,2,0,1,0,2,2,0,5,5,5,3,9
2020.0,-140.0,0.0,0.0,3,6,2,1,0,0,0,2,1,1,0,1,2,1,1,6,1,2,0,0,0,1,1,0,6,7,5,8,3
2020.0,100.0,0.0,0.0,3,6,3,1,0,0,1,9,1,1,0,1,9,1,1,7,1,2,0,1,0,2,2,0,6,8,5,8,3
2020.0,0.0,0.0,0.0,3,10,3,0,0,0,1,5,1,1,0,1,5,1,1,8,1,2,0,1,0,0,1,0,5,9,5,3,2
2020.0,0.0,1.0,0.0,3,2,3,0,0,0,1,1,1,1,0,1,5,1,1,9,1,2,0,1,0,1,1,0,4,2,5,3,3
2020.0,0.0,2.0,0.0,2,4,3,0,0,0,0,2,1,1,0,0,5,1,1,15,1,2,0,0,0,2,2,0,5,2,5,3,9
2020.0,0.0,0.0,0.0,3,6,3,0,0,0,0,2,1,1,0,1,2,1,1,15,1,2,0,0,0,2,1,0,10,5,5,3,3
2020.0,100.0,0.0,0.0,3,6,3,0,0,0,0,9,1,1,0,1,9,1,1,15,1,2,0,0,0,2,1,0,10,8,5,3,3
2020.0,0.0,0.0,0.0,3,2,3,0,0,0,0,2,1,1,0,0,2,1,1,16,1,2,0,1,0,2,2,0,4,2,5,9,3
2020.0,0.0,3.0,0.0,2,2,3,0,0,0,1,1,1,1,0,0,2,1,1,16,1,2,0,1,0,2,2,0,4,2,5,3,3
2020.0,-356.0,0.0,0.0,3,4,3,0,0,0,1,2,1,1,0,0,5,1,1,16,1,2,0,1,0,1,2,0,0,5,5,3,9
2020.0,-80.0,2.0,0.0,3,6,3,0,0,0,1,1,1,1,0,0,1,1,1,17,1,2,0,1,0,2,0,0,10,8,5,8,3
2020.0,-35.0,1.0,0.0,3,6,3,0,0,0,1,1,1,1,0,1,1,1,1,17,1,2,0,1,0,1,0,0,10,8,5,8,3
2020.0,-225.0,2.0,0.0,2,2,0,0,0,0,0,1,1,1,0,0,2,1,1,19,1,2,0,1,0,1,1,0,0,9,5,3,2
2020.0,-25.0,0.0,0.0,3,6,0,0,0,0,2,1,1,1,0,1,1,1,1,20,1,2,0,0,0,0,1,0,10,7,5,8,8
2020.0,90.0,0.0,0.0,3,12,0,0,0,0,1,2,1,1,1,1,2,1,1,22,1,2,0,0,0,1,1,0,6,5,5,5,3
2020.0,0.0,2.0,0.0,2,4,3,0,0,0,0,2,1,1,0,1,5,1,1,6,2,2,0,0,0,2,2,0,4,2,5,3,9
2020.0,90.0,0.0,0.0,3,10,3,0,0,0,1,5,1,1,0,1,5,1,1,7,2,2,0,1,0,1,1,0,6,5,5,8,9
2020.0,200.0,0.0,0.0,3,3,3,0,0,0,0,9,1,1,0,1,2,1,1,12,2,2,0,0,0,1,2,0,6,9,5,3,9
2020.0,-328.0,1.0,0.0,2,10,3,0,0,0,0,2,1,1,0,1,2,1,1,12,2,2,0,0,0,1,2,0,6,5,5,5,5
2020.0,-120.0,0.0,0.0,3,2,3,0,0,0,1,7,1,1,0,1,9,1,1,13,2,2,0,0,0,2,1,0,10,4,5,3,9
2020.0,510.0,1.0,0.0,3,6,3,0,0,0,1,5,1,1,0,0,5,1,1,14,2,2,0,0,0,1,1,0,6,8,5,8,3
2020.0,164.0,0.0,0.0,3,6,3,0,0,0,1,9,1,1,0,1,9,1,1,15,2,2,0,0,0,2,1,0,10,8,5,8,3
2020.0,-5.0,2.0,0.0,3,6,3,0,0,0,0,5,1,1,0,1,5,1,1,15,2,2,0,0,0,1,1,0,4,8,5,8,3
2020.0,120.0,0.0,0.0,3,6,3,0,0,0,0,1,1,1,0,0,1,1,1,16,2,2,0,1,0,0,1,0,10,8,5,8,3
2020.0,0.0,1.0,0.0,2,4,3,0,0,0,1,9,1,1,0,1,1,1,1,17,2,2,0,1,0,1,1,0,4,2,5,3,9
2020.0,15.0,1.0,0.0,3,5,3,0,0,3,1,1,1,1,0,0,5,1,1,18,2,2,0,1,0,1,1,0,10,2,5,9,7
2020.0,-40.0,0.0,0.0,3,6,4,0,0,0,1,2,1,1,0,0,2,1,1,18,2,2,0,1,0,2,1,0,10,8,5,8,3
2020.0,85.0,0.0,0.0,3,10,0,0,0,0,1,1,1,1,0,0,1,1,1,18,2,2,0,1,0,1,1,0,10,9,5,3,2
2020.0,0.0,0.0,0.0,3,4,0,0,0,0,0,5,1,1,0,0,9,1,1,19,2,2,0,1,0,1,0,0,5,2,5,3,9
2020.0,85.0,0.0,0.0,3,6,0,0,0,0,0,9,1,1,0,1,9,1,1,19,2,2,0,1,0,0,0,0,6,8,5,8,3
2020.0,0.0,2.0,0.0,2,6,0,0,0,0,0,2,1,1,0,1,2,1,1,19,2,2,0,1,0,2,1,0,10,7,5,8,3
2020.0,75.0,0.0,0.0,3,6,0,0,0,0,1,1,1,1,0,0,1,1,1,20,2,2,0,0,0,1,1,0,4,7,5,8,3
2020.0,0.0,2.0,0.0,2,4,0,0,0,0,1,1,1,1,0,0,9,1,1,20,2,2,0,0,0,1,2,0,4,2,5,3,9
2020.0,0.0,1.0,0.0,2,4,0,0,0,0,0,9,1,1,0,1,2,1,1,5,3,2,0,0,0,1,1,0,5,2,5,3,9
2020.0,-100.0,0.0,0.0,3,6,3,0,0,0,2,2,1,1,0,0,2,1,1,9,3,2,0,1,0,0,2,0,10,8,5,8,2
2020.0,0.0,0.0,0.0,3,6,3,0,0,0,2,2,1,1,0,0,2,1,1,11,3,2,0,0,0,0,1,0,6,8,5,8,3
2020.0,280.0,1.0,0.0,2,6,3,0,0,0,1,9,1,1,0,1,9,1,1,11,3,2,0,0,0,1,2,0,9,8,5,8,3
2020.0,-443.0,0.0,0.0,3,6,3,0,0,0,1,9,1,1,0,1,9,1,1,12,3,2,0,0,0,2,1,0,6,8,5,8,3
2020.0,-90.0,0.0,0.0,3,6,3,0,0,0,1,5,1,1,0,0,5,1,1,13,3,2,0,0,0,1,2,0,10,7,5,8,3
2020.0,314.0,1.0,0.0,2,2,3,0,0,0,1,5,1,1,3,1,1,1,1,14,3,2,0,0,0,2,2,0,0,2,5,7,9
2020.0,-325.0,0.0,0.0,3,10,3,4,0,0,2,2,1,1,0,1,9,1,1,15,3,2,0,0,0,0,1,0,0,2,5,8,9
2020.0,0.0,1.0,0.0,3,10,3,0,0,0,1,2,1,1,0,0,2,1,1,15,3,2,0,0,0,1,1,0,5,9,5,9,3
2020.0,-36.0,0.0,0.0,3,6,3,0,0,0,0,1,1,1,0,1,1,1,1,16,3,2,0,1,0,1,1,0,10,7,5,8,3
2020.0,0.0,0.0,0.0,3,4,3,0,0,0,0,2,1,1,0,1,5,1,1,16,3,2,0,1,0,1,1,0,4,2,5,3,9
2020.0,0.0,0.0,0.0,3,2,3,0,0,0,0,9,1,1,0,1,2,1,1,16,3,2,0,1,0,0,1,0,4,2,5,3,3
2020.0,130.0,1.0,0.0,3,6,3,0,0,0,1,1,1,1,0,1,1,1,1,17,3,2,0,1,0,1,1,0,10,7,5,8,3
2020.0,185.0,1.0,0.0,3,5,3,0,4,0,1,9,1,1,3,0,9,1,1,18,3,2,0,1,1,2,2,0,6,7,5,7,3
2020.0,15.0,1.0,0.0,2,6,0,0,0,0,1,5,1,1,0,1,5,1,1,21,3,2,0,0,0,1,2,0,10,8,5,8,3
2020.0,190.0,0.0,0.0,3,6,0,0,0,0,2,1,1,1,1,1,1,1,1,22,3,2,0,0,0,0,1,0,6,7,5,6,3
2020.0,0.0,0.0,0.0,3,4,3,0,0,0,1,1,1,1,0,0,9,1,1,7,4,2,0,1,0,2,1,0,5,2,5,3,9
2020.0,-105.0,0.0,0.0,3,10,3,0,0,0,1,5,1,1,0,0,5,1,1,8,4,2,0,1,0,2,0,0,10,9,9,2,2
2020.0,-112.0,1.0,0.0,3,2,3,0,0,0,1,3,1,1,2,1,2,1,1,8,4,2,0,1,0,1,2,0,0,2,5,3,9
2020.0,-97.0,0.0,0.0,3,10,3,0,0,0,1,2,1,1,0,1,2,1,1,11,4,2,0,0,0,2,1,0,10,9,5,8,2
2020.0,0.0,1.0,0.0,2,4,3,0,0,0,1,1,1,1,0,1,9,1,1,11,4,2,0,0,0,2,0,0,4,2,5,3,9
2020.0,0.0,0.0,0.0,3,2,3,0,0,0,1,2,1,1,0,1,5,1,1,11,4,2,0,0,0,1,1,0,5,2,5,3,9
2020.0,-40.0,0.0,0.0,3,10,3,0,0,0,1,1,1,1,0,1,1,1,1,12,4,2,0,0,0,1,1,0,10,9,5,9,2
2020.0,970.0,1.0,0.0,2,6,3,0,0,0,0,1,1,1,0,1,1,1,1,13,4,2,0,0,0,1,1,0,10,8,5,8,3
2020.0,107.0,0.0,0.0,3,10,3,0,0,0,1,5,1,1,0,1,5,1,1,14,4,2,0,0,0,1,2,0,10,9,5,3,2
2020.0,-110.0,1.0,0.0,2,4,3,0,0,0,1,1,1,1,0,1,9,1,1,15,4,2,0,0,0,0,1,0,0,2,5,3,9
2020.0,0.0,0.0,0.0,3,2,3,0,0,0,0,2,1,1,0,0,2,1,1,17,4,2,0,1,0,2,2,0,6,2,5,3,9
2020.0,0.0,1.0,0.0,2,4,0,0,0,0,0,9,1,1,0,0,1,1,1,19,4,2,0,1,0,2,1,0,4,2,5,3,9
2020.0,0.0,0.0,0.0,3,4,0,0,0,0,1,1,1,1,0,0,9,1,1,19,4,2,0,1,0,0,1,0,4,4,5,3,9
2020.0,0.0,0.0,0.0,3,6,0,0,0,0,1,1,1,1,0,0,1,1,1,0,5,2,1,0,0,1,1,0,4,7,5,9,9
2020.0,-190.0,0.0,0.0,3,10,3,0,0,0,1,1,1,1,0,0,1,1,1,8,5,2,1,1,0,0,1,0,10,5,5,3,2
2020.0,100.0,0.0,0.0,3,4,3,0,0,0,0,5,1,1,0,1,5,1,1,12,5,2,1,0,0,2,1,0,10,7,5,8,3
2020.0,672.0,0.0,0.0,3,4,3,0,0,0,0,9,1,1,0,0,1,1,1,13,5,2,1,0,0,1,1,0,0,5,5,3,9
2020.0,-200.0,0.0,0.0,3,6,3,0,0,0,0,1,1,1,0,1,1,1,1,13,5,2,1,0,0,2,1,0,4,5,5,3,3
2020.0,0.0,2.0,0.0,2,2,3,0,0,0,0,1,1,1,0,1,5,1,1,14,5,2,1,0,0,1,1,0,4,5,5,3,3
2020.0,0.0,1.0,0.0,3,2,1,0,0,0,1,2,1,1,0,1,1,1,1,19,5,2,1,1,0,1,1,0,4,7,5,3,3
2020.0,200.0,0.0,0.0,3,6,0,0,0,0,2,9,1,1,0,0,9,1,1,19,5,2,1,1,0,0,2,0,10,7,5,8,3
2020.0,-300.0,1.0,0.0,1,4,0,0,0,0,0,5,1,1,0,0,4,1,1,19,5,2,1,1,0,1,1,0,0,5,5,9,3
2020.0,0.0,0.0,0.0,3,4,0,0,0,0,0,5,1,1,0,0,7,1,1,21,5,2,1,0,0,2,1,0,4,2,5,9,3
2020.0,0.0,0.0,0.0,3,4,0,0,0,0,0,5,1,1,0,0,2,1,1,21,5,2,1,0,0,2,2,0,4,2,2,9,3
2020.0,-26.0,1.0,1.0,0,5,0,0,0,3,0,2,0,1,0,1,9,1,0,2,6,2,1,0,0,1,1,0,10,2,5,3,7
2020.0,0.0,3.0,0.0,2,2,3,0,0,0,1,8,1,1,0,1,2,1,1,12,6,2,1,0,0,1,0,0,4,2,5,3,9
2020.0,0.0,0.0,0.0,3,2,3,0,0,0,1,2,1,1,0,0,4,1,1,15,6,2,1,0,0,1,2,0,4,9,5,9,2
2020.0,0.0,0.0,0.0,3,4,3,0,0,0,0,2,1,1,0,0,5,1,1,16,6,2,1,1,0,0,1,0,4,2,5,3,9
2020.0,100.0,0.0,0.0,3,10,0,0,0,0,0,9,1,1,0,1,9,1,0,19,6,2,1,1,0,1,2,0,6,9,5,3,2
2020.0,32.0,0.0,0.0,3,6,0,0,0,0,0,1,1,1,0,0,1,1,1,20,6,2,1,0,0,1,2,0,8,7,5,3,3
2020.0,-20.0,0.0,0.0,3,2,0,0,0,0,2,6,1,1,0,0,4,1,1,5,0,2,0,0,0,0,1,0,10,9,5,8,9
2020.0,0.0,0.0,0.0,3,2,0,0,0,0,0,5,1,1,0,1,9,1,1,5,0,2,0,0,0,1,1,0,4,2,5,3,9
2020.0,0.0,0.0,0.0,3,4,0,0,0,0,0,6,1,1,0,0,3,1,1,6,0,2,0,0,0,0,1,0,4,2,5,9,9
2020.0,35.0,2.0,0.0,2,6,3,0,0,0,0,9,1,1,0,1,9,1,1,9,0,2,0,1,0,0,0,0,10,7,5,8,3
2020.0,0.0,0.0,0.0,3,2,3,0,0,0,0,2,1,1,0,1,2,1,1,11,0,2,0,0,0,1,1,0,0,2,5,3,9
2020.0,100.0,0.0,0.0,3,10,3,0,0,0,0,1,1,1,0,0,1,1,1,11,0,2,0,0,0,2,2,0,6,9,5,3,3
2020.0,0.0,1.0,0.0,3,6,3,0,0,0,1,2,1,1,0,1,2,1,1,12,0,2,0,0,0,0,1,0,5,7,5,8,3
2020.0,215.0,0.0,0.0,3,10,3,0,0,0,1,2,1,1,1,1,8,1,1,12,0,2,0,0,0,1,1,0,6,5,5,6,3
2020.0,0.0,2.0,0.0,2,2,3,0,0,0,0,9,1,1,0,0,5,1,1,13,0,2,0,0,0,0,1,0,4,5,5,3,3
2020.0,-85.0,0.0,0.0,3,6,3,0,0,0,1,1,1,1,0,1,1,1,1,15,0,2,0,0,0,1,1,0,10,7,5,8,3
2020.0,220.0,0.0,0.0,3,2,3,0,0,0,1,1,1,1,0,0,5,1,1,16,0,2,0,1,0,1,1,0,0,9,5,3,9
2020.0,60.0,0.0,0.0,3,6,3,0,0,0,1,1,1,1,0,1,1,1,1,16,0,2,0,1,0,2,1,0,10,7,5,8,3
2020.0,0.0,1.0,0.0,3,4,0,0,0,0,0,1,1,1,0,1,9,1,1,18,0,2,0,1,0,0,2,0,4,2,5,3,9
2020.0,0.0,0.0,0.0,3,6,0,0,0,0,0,2,1,1,0,0,2,1,1,19,0,2,0,1,0,2,2,0,10,7,5,8,3
2020.0,15.0,1.0,0.0,2,5,0,0,0,0,0,4,1,1,3,1,5,1,1,23,0,2,0,0,0,2,1,0,10,2,5,7,9
2020.0,-187.0,0.0,0.0,3,10,3,0,0,0,1,2,1,1,0,1,2,1,1,8,1,2,0,1,0,1,1,0,10,9,5,3,2
2020.0,-15.0,1.0,0.0,3,5,3,0,0,0,1,1,1,1,3,1,9,1,1,8,1,2,0,1,0,1,2,0,6,2,5,7,9
2020.0,301.0,1.0,0.0,2,4,3,0,0,0,1,1,1,1,0,0,5,1,1,12,1,2,0,0,0,1,2,0,0,2,5,3,9
2020.0,-15.0,0.0,0.0,3,2,3,0,0,0,1,5,1,1,0,1,1,1,1,13,1,2,0,0,0,2,1,0,10,7,5,8,3
2020.0,0.0,1.0,0.0,2,4,3,0,0,0,0,2,1,1,0,0,2,1,1,14,1,2,0,0,0,1,1,0,4,2,5,3,9
2020.0,630.0,1.0,0.0,2,6,3,0,0,0,0,5,1,1,0,1,5,1,1,14,1,2,0,0,0,2,1,0,6,8,5,8,3
2020.0,734.0,0.0,0.0,3,6,3,0,0,0,0,2,1,1,0,1,2,1,1,15,1,2,0,0,0,2,1,0,6,7,5,3,3
2020.0,0.0,1.0,0.0,3,6,3,0,0,0,1,9,1,1,0,1,9,1,1,15,1,2,0,0,0,1,0,0,10,5,5,8,3
2020.0,310.0,0.0,0.0,3,10,3,0,0,0,0,5,1,1,0,0,5,1,1,15,1,2,0,0,0,1,2,0,10,5,5,5,2
2020.0,-35.0,1.0,0.0,2,6,3,0,0,0,1,1,1,1,0,0,1,1,1,17,1,2,0,1,0,0,2,0,10,7,5,8,3
2020.0,270.0,0.0,0.0,3,6,0,0,0,0,0,1,1,1,0,1,1,1,1,18,1,2,0,1,0,2,1,0,10,7,5,8,3
2020.0,-30.0,0.0,0.0,3,6,0,0,0,0,1,2,1,1,0,1,2,1,1,19,1,2,0,1,0,1,0,0,10,5,7,8,3
2020.0,-475.0,0.0,0.0,3,6,3,0,0,0,1,2,1,1,0,0,2,1,1,8,2,2,0,1,0,1,2,0,6,8,5,8,3
2020.0,209.0,0.0,0.0,3,4,3,0,0,0,1,1,1,1,0,1,5,1,1,11,2,2,0,0,0,1,0,0,0,2,5,3,9
2020.0,-60.0,1.0,0.0,3,6,3,0,0,0,0,1,1,1,0,0,1,1,1,12,2,2,0,0,0,2,2,0,10,8,5,8,3
2020.0,-85.0,0.0,0.0,3,6,3,0,0,0,1,2,1,1,0,1,2,1,1,12,2,2,0,0,0,1,1,0,10,8,5,8,3
2020.0,-68.0,2.0,0.0,3,6,3,0,0,0,0,2,1,1,0,1,2,1,1,12,2,2,0,0,0,1,1,0,10,5,5,8,3
2020.0,0.0,1.0,0.0,3,6,3,0,0,0,0,2,1,1,0,1,2,1,1,13,2,2,0,0,0,0,1,0,10,8,5,8,3
2020.0,30.0,1.0,0.0,3,10,3,0,0,0,1,9,1,1,0,0,9,1,1,16,2,2,0,1,0,0,1,0,10,9,5,3,2
2020.0,488.0,2.0,0.0,2,4,3,0,0,0,0,2,1,1,0,0,5,1,1,17,2,2,0,1,0,1,1,0,9,2,5,3,9
2020.0,70.0,0.0,0.0,3,4,3,0,0,0,1,1,1,1,0,0,9,1,1,18,2,2,0,1,0,0,2,0,10,5,5,9,9
2020.0,508.0,1.0,0.0,2,4,0,0,0,0,1,9,0,1,0,0,1,1,1,6,3,2,0,0,0,2,1,0,0,2,5,3,9
2020.0,0.0,0.0,0.0,3,9,3,0,0,0,2,5,1,1,0,1,2,1,1,8,3,2,0,1,0,0,1,0,5,5,5,9,9
2020.0,-120.0,0.0,0.0,3,10,3,0,0,0,2,9,1,1,0,0,9,1,1,8,3,2,0,1,0,0,2,0,10,5,5,8,3
2020.0,391.0,0.0,0.0,3,12,5,0,0,0,2,8,1,1,1,1,9,1,1,10,3,2,0,0,0,0,1,0,6,7,5,6,5
2020.0,0.0,1.0,0.0,2,2,3,0,0,0,0,1,1,1,0,1,5,1,1,11,3,2,0,0,0,1,1,0,5,2,5,3,3
2020.0,0.0,1.0,0.0,2,2,3,0,0,0,1,5,1,1,0,1,9,1,1,12,3,2,0,0,0,0,1,0,4,2,5,3,3
2020.0,-161.0,0.0,0.0,3,10,3,0,0,0,0,5,1,1,0,1,5,1,1,15,3,2,0,0,0,2,1,0,0,2,5,3,9
2020.0,614.0,1.0,0.0,2,4,3,0,0,0,0,1,1,1,0,1,9,1,1,16,3,2,0,1,0,1,1,0,0,2,5,3,9
2020.0,-30.0,1.0,0.0,2,6,3,0,0,0,1,5,1,1,0,0,5,1,1,16,3,2,0,1,0,1,1,0,10,8,5,8,3
2020.0,0.0,1.0,0.0,3,4,4,1,0,0,1,5,1,1,0,1,9,1,1,18,3,2,0,1,0,2,1,0,5,1,5,3,9
2020.0,50.0,0.0,0.0,3,10,0,0,0,0,0,9,1,1,0,0,9,1,1,19,3,2,0,1,0,0,2,0,6,9,5,3,2
2020.0,-70.0,1.0,0.0,2,5,0,0,0,0,1,1,0,1,2,1,1,1,1,20,3,2,0,0,0,1,1,0,6,2,5,3,9
2020.0,600.0,0.0,0.0,3,6,5,4,0,0,1,2,1,1,0,1,2,1,1,11,4,2,0,0,0,0,1,0,6,7,5,8,3
2020.0,158.0,0.0,0.0,3,4,3,0,0,0,0,9,1,1,0,1,5,1,1,12,4,2,0,0,0,1,1,0,0,2,5,3,9
2020.0,61.0,0.0,0.0,3,6,3,0,0,0,0,5,1,1,0,1,5,1,1,13,4,2,0,0,0,2,1,0,10,7,5,8,3
2020.0,350.0,0.0,0.0,3,6,3,1,0,0,0,5,1,1,0,1,2,1,1,14,4,2,0,0,0,1,0,0,0,5,5,8,1
2020.0,83.0,0.0,0.0,3,6,3,1,0,0,1,5,1,1,0,1,5,1,1,15,4,2,0,0,0,1,1,0,10,8,5,3,3
2020.0,0.0,0.0,0.0,3,2,3,0,0,0,1,1,1,1,0,1,2,1,1,15,4,2,0,0,0,0,1,0,6,2,5,3,3
2020.0,0.0,0.0,0.0,3,4,3,0,0,0,1,1,1,1,0,0,5,1,1,16,4,2,0,1,0,2,0,0,5,2,5,3,9
2020.0,106.0,0.0,0.0,3,6,3,0,0,0,1,5,1,1,0,0,5,1,1,16,4,2,0,1,0,1,2,0,10,8,5,8,3
2020.0,0.0,0.0,0.0,3,4,4,0,0,0,0,5,1,1,0,1,2,1,1,17,4,2,0,1,0,0,2,0,4,2,5,3,9
2020.0,0.0,0.0,0.0,3,4,4,0,0,0,1,1,1,1,0,1,9,1,1,17,4,2,0,1,0,1,2,0,5,2,5,3,9
2020.0,15.0,0.0,0.0,3,6,4,0,0,0,1,1,1,1,0,0,1,1,1,18,4,2,0,1,0,2,1,0,6,7,5,8,3
2020.0,25.0,0.0,0.0,3,6,0,0,0,0,0,9,1,1,0,1,9,1,1,19,4,2,0,1,0,2,2,0,10,7,5,8,3
2020.0,-295.0,1.0,0.0,3,4,0,0,0,0,1,7,1,1,0,0,1,1,1,20,4,2,0,0,0,1,1,0,10,4,5,3,9
2020.0,-15.0,0.0,0.0,3,2,3,3,4,0,1,7,1,1,0,0,9,1,1,11,5,2,1,0,1,0,1,0,4,9,5,3,9
2020.0,80.0,0.0,0.0,3,6,3,3,4,0,1,5,1,1,0,1,5,1,1,11,5,2,1,0,1,1,1,0,10,7,5,8,8
2020.0,0.0,0.0,0.0,3,2,3,3,4,0,0,5,1,1,0,0,2,1,1,11,5,2,1,0,1,1,1,0,4,2,5,9,3
2020.0,-170.0,0.0,0.0,3,10,3,1,0,0,1,5,1,1,0,0,5,1,1,14,5,2,1,0,0,1,1,0,6,9,5,6,6
2020.0,30.0,0.0,0.0,3,4,3,3,4,0,1,3,1,1,0,0,5,1,1,15,5,2,1,0,1,1,2,0,10,7,5,8,9
2020.0,0.0,0.0,0.0,3,12,3,0,0,0,1,2,1,1,0,0,5,1,1,16,5,2,1,1,0,1,0,0,6,2,5,3,9
2020.0,58.0,1.0,0.0,2,2,3,1,0,3,0,2,1,1,0,1,6,1,1,17,5,2,1,1,0,1,1,0,6,5,5,9,5
2020.0,-100.0,0.0,0.0,3,2,0,0,0,0,0,9,1,1,0,1,2,1,1,18,5,2,1,1,0,2,0,0,6,2,5,3,9
2020.0,100.0,0.0,0.0,3,10,0,1,0,0,2,5,1,1,0,0,5,1,1,19,5,2,1,1,0,0,2,0,6,5,9,2,5
2020.0,95.0,0.0,0.0,3,10,0,1,0,0,1,9,1,1,0,0,9,1,1,21,5,2,1,0,0,2,1,0,6,9,5,3,2
2020.0,100.0,0.0,0.0,3,6,3,0,0,0,1,1,1,1,0,0,1,1,1,11,6,2,1,0,0,1,1,0,10,7,5,8,3
2020.0,30.0,0.0,0.0,3,6,3,0,0,0,0,1,1,1,0,0,1,1,1,17,6,2,1,1,0,1,1,0,10,7,5,8,3
2020.0,24.0,0.0,0.0,3,6,3,0,0,0,0,9,1,1,0,0,9,1,1,17,6,2,1,1,0,1,2,0,10,8,5,8,3
2020.0,0.0,0.0,0.0,3,4,0,0,0,0,0,7,1,1,0,1,1,1,1,19,6,2,1,1,0,2,2,0,4,2,5,3,9
2020.0,0.0,0.0,0.0,3,4,0,0,0,0,1,7,1,1,0,1,1,1,1,6,0,2,0,0,0,2,1,0,4,2,5,3,9
2020.0,-200.0,0.0,0.0,3,6,3,4,0,0,1,2,1,1,0,0,2,1,1,6,0,2,0,0,0,1,1,0,10,7,5,8,3
2020.0,0.0,0.0,0.0,3,10,3,0,0,0,1,1,1,1,0,1,1,1,1,7,0,2,0,1,0,2,1,0,5,5,5,9,9
2020.0,0.0,0.0,0.0,3,4,3,0,0,0,0,7,1,1,0,0,1,1,1,7,0,2,0,1,0,1,1,0,5,2,5,3,9
2020.0,100.0,0.0,0.0,3,9,3,0,0,0,1,2,1,1,1,1,2,1,1,8,0,2,0,1,0,1,1,0,10,5,5,6,1
2020.0,-15.0,0.0,0.0,3,6,3,0,0,0,0,2,1,1,0,1,2,1,1,9,0,2,0,1,0,2,1,0,10,8,5,8,9
2020.0,-380.0,2.0,0.0,3,6,3,0,0,0,1,2,1,1,0,1,2,1,1,9,0,2,0,1,0,1,1,0,6,8,5,8,3
2020.0,150.0,0.0,0.0,3,6,3,0,0,0,1,2,1,1,0,0,2,1,1,11,0,2,0,0,0,2,1,0,10,8,5,8,3
2020.0,0.0,1.0,0.0,3,2,3,0,0,0,1,5,1,1,0,1,9,1,1,12,0,2,0,0,0,1,1,0,5,2,5,3,5
2020.0,11.0,0.0,0.0,3,10,3,4,0,0,2,5,1,1,0,1,5,1,1,13,0,2,0,0,0,0,1,0,5,4,5,8,9
2020.0,-100.0,0.0,0.0,3,6,3,0,0,0,0,9,1,1,0,0,9,1,1,13,0,2,0,0,0,2,1,0,10,8,5,8,3
2020.0,110.0,1.0,0.0,2,5,3,0,0,0,1,5,1,1,2,1,5,1,1,16,0,2,0,1,0,2,0,0,6,9,5,3,6
2020.0,0.0,1.0,0.0,3,4,3,0,0,0,0,2,1,1,0,0,5,1,1,16,0,2,0,1,0,2,2,0,4,2,5,3,9
2020.0,0.0,0.0,0.0,3,2,3,0,0,0,1,2,1,1,0,0,1,1,1,17,0,2,0,1,0,1,1,0,5,2,5,3,9
2020.0,-25.0,0.0,0.0,3,6,0,0,0,0,1,1,1,1,0,0,1,1,1,19,0,2,0,1,0,2,2,0,10,7,5,8,3
2020.0,-25.0,0.0,0.0,3,6,0,0,0,0,1,1,1,1,0,1,1,1,1,19,0,2,0,1,0,2,1,0,10,7,5,8,8
2020.0,-48.0,0.0,0.0,3,10,0,0,0,0,1,5,1,1,0,1,5,1,1,21,0,2,0,0,0,1,1,0,5,9,5,3,3
2020.0,0.0,0.0,0.0,3,10,3,0,0,0,0,4,1,1,0,1,2,1,1,7,1,2,0,1,0,1,1,0,4,4,5,3,9