Year,Distance,Totalinjuries,Totalfatalities,Injuryseverity,Collisionmanner,Lightcondition,Weather,SurfaceCondition,Unittype_One,Gender_Drv1,Traveldirection_One,AlcoholUse_Drv1,DrugUse_Drv1,Unittype_Two,Gender_Drv2,Traveldirection_Two,AlcoholUse_Drv2,DrugUse_Drv2,Hour,Weekday,Month,Weekend,Rush_Hour,Hazardous_Road,Age_Group_Drv1,Age_Group_Drv2,Substance_Use,Junction_Category,Violation_Category_Drv1,Violation_Category_Drv2,Unitaction_Category_Two,Unitaction_Category_One
2020.0,-38.0,0.0,0.0,3,6,3,0,0,0,1,2,1,1,0,0,2,1,1,8,1,2,0,1,0,1,1,0,10,7,5,8,3
2020.0,0.0,0.0,0.0,3,4,3,0,0,0,1,1,1,1,0,1,2,1,1,8,1,2,0,1,0,1,1,0,4,2,5,9,3
2020.0,150.0,0.0,0.0,3,6,3,0,0,0,1,9,1,1,0,1,9,1,1,9,1,2,0,1,0,1,2,0,6,8,5,8,3
2020.0,-12.0,0.0,0.0,3,4,3,0,0,0,0,5,1,1,0,1,2,1,1,9,1,2,0,1,0,0,1,0,10,2,5,9,9
2020.0,-130.0,0.0,0.0,3,6,3,0,0,0,0,2,1,1,0,1,2,1,1,12,1,2,0,0,0,1,0,0,10,8,5,8,3
2020.0,185.0,3.0,0.0,2,4,3,0,0,0,1,9,1,1,0,1,2,1,1,12,1,2,0,0,0,0,1,0,6,2,5,3,9
2020.0,430.0,0.0,0.0,3,4,3,0,0,0,1,2,1,1,0,1,9,1,1,14,1,2,0,0,0,1,1,0,6,2,5,9,9
2020.0,0.0,0.0,0.0,3,4,3,0,0,0,0,9,1,1,0,0,1,1,1,15,1,2,0,0,0,2,2,0,4,9,5,3,9
2020.0,-30.0,0.0,0.0,3,10,3,0,0,0,1,1,1,1,0,1,1,1,1,15,1,2,0,0,0,0,1,0,10,5,5,8,9
2020.0,-245.0,3.0,0.0,2,6,3,0,0,0,1,1,1,1,0,0,1,1,1,16,1,2,0,1,0,1,1,0,6,8,5,8,3
2020.0,43.0,0.0,0.0,3,10,3,0,0,0,2,1,1,1,0,0,1,1,1,16,1,2,0,1,0,0,1,0,10,9,5,3,5
2020.0,-90.0,0.0,0.0,3,6,3,0,0,0,2,1,1,1,0,0,1,1,1,16,1,2,0,1,0,0,1,0,10,8,5,8,3
2020.0,-630.0,0.0,0.0,3,6,3,0,0,0,1,2,1,1,0,0,2,1,1,16,1,2,0,1,0,1,1,0,10,8,5,8,3
2020.0,500.0,2.0,0.0,2,2,3,0,0,0,1,5,1,1,0,1,9,1,1,17,1,2,0,1,0,1,1,0,0,2,5,3,3
2020.0,-20.0,0.0,0.0,3,6,5,4,0,0,2,5,1,1,0,1,5,1,1,17,1,2,0,1,0,0,1,0,10,7,5,8,3
2020.0,60.0,0.0,0.0,3,6,0,0,0,0,0,5,1,1,0,1,5,1,1,18,1,2,0,1,0,2,2,0,10,7,5,8,3
2020.0,-100.0,0.0,0.0,3,2,3,0,0,0,2,2,1,1,0,1,4,1,1,19,1,2,0,1,0,0,1,0,10,9,5,9,3
2020.0,0.09,2.0,0.0,3,6,0,0,0,0,1,1,1,1,0,1,1,1,1,19,1,2,0,1,0,2,1,0,10,7,5,8,3
2020.0,-75.0,0.0,0.0,3,6,2,0,0,0,1,1,1,1,0,1,1,1,1,6,2,2,0,0,0,1,1,0,10,7,5,8,8
2020.0,0.1,0.0,0.0,3,2,3,0,0,0,1,9,1,1,0,0,9,1,1,7,2,2,0,1,0,1,1,0,6,5,5,3,5
2020.0,-353.0,0.0,0.0,3,6,3,0,0,0,1,2,1,1,0,0,2,1,1,7,2,2,0,1,0,2,1,0,6,8,5,8,3
2020.0,114.0,0.0,0.0,3,4,3,0,0,0,1,9,1,1,0,1,2,1,1,13,2,2,0,0,0,2,1,0,0,2,5,3,9
2020.0,0.0,0.0,0.0,3,6,3,0,0,0,0,5,1,1,0,1,5,1,1,14,2,2,0,0,0,1,1,0,10,7,5,8,3
2020.0,165.0,0.0,0.0,3,6,3,0,0,0,1,1,1,1,0,0,1,1,1,15,2,2,0,0,0,2,1,0,10,7,5,8,3
2020.0,-30.0,2.0,0.0,2,6,3,0,0,0,1,1,1,1,0,1,1,1,1,16,2,2,0,1,0,1,2,0,10,8,5,8,3
2020.0,200.0,0.0,0.0,3,2,3,0,0,0,0,1,1,1,0,1,5,1,1,17,2,2,0,1,0,0,1,0,0,2,5,3,9
2020.0,400.0,0.0,0.0,3,6,0,0,0,0,0,2,1,1,0,1,2,1,1,18,2,2,0,1,0,1,1,0,6,5,8,3,8
2020.0,400.0,0.0,0.0,3,4,0,0,0,0,0,9,1,1,0,0,1,1,1,19,2,2,0,1,0,1,1,0,0,2,5,3,9
2020.0,25.0,0.0,0.0,3,5,0,0,0,0,1,2,1,1,0,1,5,1,1,5,3,2,0,0,0,1,1,0,10,5,5,8,1
2020.0,-25.0,0.0,0.0,3,6,3,0,0,0,1,1,1,1,0,1,1,1,1,7,3,2,0,1,0,2,1,0,10,7,5,8,3
2020.0,272.0,0.0,0.0,3,10,3,0,0,0,1,1,1,1,0,0,1,1,1,8,3,2,0,1,0,1,1,0,6,7,5,8,2
2020.0,-420.0,0.0,0.0,3,4,3,0,0,0,1,5,1,1,0,1,2,1,1,8,3,2,0,1,0,1,0,0,6,2,5,3,9
2020.0,0.0,1.0,0.0,3,2,3,0,0,0,0,2,1,1,0,1,1,1,1,10,3,2,0,0,0,1,1,0,5,2,5,9,3
2020.0,0.0,1.0,0.0,3,2,3,0,0,0,0,9,1,1,0,1,5,1,1,11,3,2,0,0,0,1,0,0,4,2,5,3,3
2020.0,-372.0,0.0,0.0,3,4,3,0,0,0,0,1,1,1,0,0,9,1,1,13,3,2,0,0,0,0,1,0,6,2,5,3,9
2020.0,183.0,0.0,0.0,3,10,3,0,0,0,0,5,1,1,0,0,5,1,1,14,3,2,0,0,0,0,1,0,10,9,5,3,2
2020.0,-637.0,2.0,0.0,2,4,3,0,0,0,1,2,1,1,0,0,5,1,1,16,3,2,0,1,0,1,0,0,0,2,5,3,9
2020.0,-250.0,0.0,0.0,3,6,3,0,0,0,2,1,1,1,0,0,1,1,1,17,3,2,0,1,0,0,2,0,6,7,5,8,3
2020.0,-15.0,1.0,0.0,2,2,1,0,0,2,1,2,1,1,0,1,1,1,1,19,3,2,0,1,0,2,2,0,6,5,5,3,3
2020.0,-75.0,0.0,0.0,3,6,0,0,0,0,0,2,1,1,0,1,2,1,1,20,3,2,0,0,0,2,1,0,10,8,5,8,3
2020.0,200.0,0.0,0.0,3,6,0,0,0,0,1,9,1,1,0,1,9,1,1,21,3,2,0,0,0,0,0,0,10,7,5,3,3
2020.0,-260.0,0.0,0.0,3,10,0,0,0,0,2,1,1,1,1,1,1,1,1,5,4,2,0,0,0,0,1,0,6,7,5,6,3
2020.0,15.0,0.0,0.0,3,2,3,0,0,0,0,2,1,1,0,0,1,1,1,8,4,2,0,1,0,1,0,0,10,2,5,3,9
2020.0,0.0,0.0,0.0,3,4,3,0,0,0,0,1,1,1,0,0,9,1,1,14,4,2,0,0,0,1,1,0,5,2,5,3,9
2020.0,-50.0,0.0,0.0,3,10,3,0,0,0,1,5,1,1,0,1,5,1,1,15,4,2,0,0,0,0,2,0,10,9,5,3,2
2020.0,0.0,2.0,0.0,2,4,3,0,0,0,1,1,1,1,0,1,9,1,1,16,4,2,0,1,0,2,1,0,4,2,5,9,3
2020.0,0.0,0.0,0.0,3,4,3,0,0,0,1,2,1,1,0,0,5,1,1,17,4,2,0,1,0,0,1,0,4,2,5,3,9
2020.0,40.0,0.0,0.0,3,6,4,1,0,0,1,5,1,1,0,1,5,1,1,18,4,2,0,1,0,2,2,0,10,7,5,8,8
2020.0,-148.0,1.0,0.0,3,6,0,0,0,0,1,1,0,1,0,1,1,1,1,3,5,2,1,0,0,2,1,0,10,7,5,8,3
2020.0,60.0,0.0,0.0,3,2,3,0,0,0,1,2,1,1,0,0,2,1,1,9,5,2,1,1,0,0,1,0,10,7,5,3,3
2020.0,0.0,0.0,0.0,3,2,3,0,0,0,0,5,1,1,0,1,5,1,1,9,5,2,1,1,0,0,1,0,4,5,5,9,3
2020.0,20.0,0.0,0.0,3,6,3,0,0,0,0,5,1,1,0,0,5,1,1,9,5,2,1,1,0,1,2,0,6,7,5,8,3
2020.0,-50.0,0.0,0.0,3,4,3,0,0,0,0,2,1,1,0,0,5,1,1,12,5,2,1,0,0,1,1,0,10,2,5,3,9
2020.0,50.0,0.0,0.0,3,10,3,0,0,0,0,5,1,1,0,0,5,1,1,14,5,2,1,0,0,0,1,0,10,9,5,3,2
2020.0,-35.0,0.0,0.0,3,10,3,0,0,0,1,6,1,1,0,1,7,1,1,15,5,2,1,0,0,1,0,0,10,2,5,9,9
2020.0,200.0,0.0,0.0,3,2,3,1,0,0,1,5,1,1,0,1,9,1,1,15,5,2,1,0,0,2,1,0,6,2,5,3,5
2020.0,0.0,0.0,0.0,3,4,0,0,0,0,1,1,1,1,0,1,1,1,1,22,5,2,1,0,0,1,1,0,10,4,5,3,9
2020.0,0.0,1.0,0.0,2,2,0,0,0,0,0,5,0,1,0,1,1,1,1,2,6,3,1,0,0,1,1,0,5,2,5,3,3
2020.0,0.0,1.0,0.0,3,2,3,0,0,0,1,2,1,1,0,1,1,1,1,11,6,3,1,0,0,1,1,0,5,4,5,3,9
2020.0,-25.0,0.0,0.0,3,2,3,0,0,0,1,5,1,1,0,1,1,1,1,11,6,3,1,0,0,1,1,0,4,2,5,8,3
2020.0,480.0,3.0,0.0,2,2,3,0,0,0,0,5,1,1,0,0,9,1,1,15,6,3,1,0,0,2,2,0,0,2,5,3,9
2020.0,15.0,1.0,0.0,3,5,0,0,0,2,1,1,1,1,0,1,5,1,1,20,6,3,1,0,0,1,1,0,10,9,2,9,3
2020.0,800.0,1.0,0.0,3,6,3,0,0,0,1,9,1,1,0,0,9,1,1,8,0,3,0,1,0,1,1,0,10,8,5,8,3
2020.0,0.0,2.0,0.0,2,4,3,0,0,0,1,9,1,1,0,1,5,1,1,10,0,3,0,0,0,2,1,0,5,2,5,9,3
2020.0,-600.0,0.0,0.0,3,4,3,1,0,0,1,1,1,1,0,0,5,1,1,15,0,3,0,0,0,2,2,0,6,5,5,3,9
2020.0,0.0,0.0,0.0,3,2,3,0,0,0,1,1,1,1,0,0,1,1,1,15,0,3,0,0,0,1,0,0,6,7,5,3,3
2020.0,336.0,0.0,0.0,3,6,3,0,0,0,1,5,1,1,0,1,5,1,1,16,0,3,0,1,0,1,1,0,6,9,9,2,2
2020.0,45.0,0.0,0.0,3,10,3,0,0,0,1,5,1,1,0,1,5,1,1,18,0,3,0,1,0,1,2,0,10,9,5,3,2
2020.0,320.0,0.0,0.0,3,6,3,0,0,0,1,2,0,1,0,0,2,1,1,7,1,3,0,1,0,1,1,0,6,7,5,8,3
2020.0,-23.0,1.0,0.0,2,6,3,0,0,0,1,1,1,1,0,1,1,1,1,8,1,3,0,1,0,1,2,0,3,8,5,8,9
2020.0,-165.0,0.0,0.0,3,4,3,0,0,0,1,2,1,1,0,1,2,1,1,8,1,3,0,1,0,1,1,0,10,7,5,8,3
2020.0,201.0,0.0,0.0,3,9,3,4,0,0,1,1,1,1,0,1,5,1,1,11,1,3,0,0,0,1,1,0,0,9,5,2,9
2020.0,-202.0,0.0,0.0,3,4,3,0,0,0,0,5,1,1,0,1,1,1,1,11,1,3,0,0,0,1,0,0,0,2,5,3,9
2020.0,-15.0,1.0,0.0,2,5,3,0,0,3,1,2,1,1,0,0,1,1,1,12,1,3,0,0,0,1,2,0,4,2,5,3,7
2020.0,0.0,0.0,0.0,3,2,3,0,0,0,1,5,1,1,0,1,9,1,1,13,1,3,0,0,0,0,1,0,5,2,5,3,9
2020.0,274.0,0.0,0.0,3,10,3,0,0,0,0,5,1,1,0,1,5,1,1,16,1,3,0,1,0,1,1,0,6,9,9,8,3
2020.0,290.0,0.0,0.0,3,10,3,0,0,0,1,9,1,1,0,1,9,1,1,17,1,3,0,1,0,1,1,0,10,9,5,3,2
2020.0,190.0,4.0,0.0,3,6,3,0,0,0,1,9,1,1,0,0,9,1,1,17,1,3,0,1,0,2,2,0,10,7,5,8,3
2020.0,-94.0,0.0,0.0,3,10,3,0,0,0,0,1,1,1,0,1,1,1,1,17,1,3,0,1,0,1,1,0,10,9,5,3,2
2020.0,-233.0,0.0,0.0,3,4,3,0,0,0,1,2,1,1,0,0,1,1,1,17,1,3,0,1,0,2,2,0,0,2,5,3,9
2020.0,10.0,0.0,0.0,3,3,0,0,0,0,0,1,1,1,0,0,9,1,1,19,1,3,0,1,0,1,0,0,10,2,5,9,3
2020.0,0.0,2.0,0.0,1,4,0,0,0,0,1,1,1,1,0,1,9,1,1,21,1,3,0,0,0,1,1,0,4,2,5,3,9
2020.0,-30.0,0.0,0.0,3,10,3,0,0,0,2,5,1,1,0,1,5,1,1,7,2,3,0,1,0,0,0,0,10,7,5,8,3
2020.0,-898.0,0.0,0.0,3,6,3,0,0,0,0,9,1,1,0,1,9,1,1,10,2,3,0,0,0,0,0,0,0,8,5,9,8
2020.0,-30.0,0.0,0.0,3,2,3,0,0,0,0,1,1,1,0,0,5,1,1,12,2,3,0,0,0,2,0,0,10,5,5,3,9
2020.0,-372.0,1.0,0.0,3,6,3,0,0,0,1,2,1,1,0,0,2,1,1,16,2,3,0,1,0,1,1,0,6,8,5,8,3
2020.0,300.0,1.0,0.0,2,6,3,0,0,0,1,1,1,1,0,0,1,1,1,16,2,3,0,1,0,2,1,0,6,8,5,8,3
2020.0,-35.0,0.0,0.0,3,10,0,0,0,0,2,9,1,1,1,1,9,1,1,2,3,3,0,0,0,0,1,0,10,9,5,6,9
2020.0,150.0,0.0,0.0,3,5,0,0,0,0,1,5,1,1,0,1,5,1,1,5,3,3,0,0,0,1,1,0,10,5,5,8,1
2020.0,-40.0,0.0,0.0,3,10,3,0,0,0,1,5,1,1,0,1,5,1,1,6,3,3,0,0,0,0,1,0,4,9,5,9,9
2020.0,-15.0,1.0,0.0,3,5,3,0,0,0,1,1,1,1,2,0,9,1,1,8,3,3,0,1,0,2,2,0,4,2,5,7,9
2020.0,-90.0,0.0,0.0,3,6,3,0,0,0,0,1,1,1,0,1,1,1,1,9,3,3,0,1,0,1,2,0,10,7,5,8,3
2020.0,0.0,0.0,0.0,3,10,3,0,0,0,1,1,1,1,0,1,1,1,1,9,3,3,0,1,0,1,1,0,6,5,5,3,3
2020.0,0.0,0.0,0.0,3,4,3,0,0,0,0,9,1,1,0,0,1,1,1,10,3,3,0,0,0,2,1,0,5,5,5,3,9
2020.0,0.0,0.0,0.0,3,4,3,0,0,0,0,5,1,1,0,0,2,1,1,12,3,3,0,0,0,1,2,0,4,2,5,9,3
2020.0,0.0,5.0,0.0,1,4,3,0,0,0,0,9,1,1,0,1,9,1,1,12,3,3,0,0,0,2,1,0,4,2,5,3,9
2020.0,-100.0,0.0,0.0,3,6,3,0,0,0,0,2,1,1,0,0,2,1,1,12,3,3,0,0,0,2,1,0,10,7,5,8,3
2020.0,0.0,0.0,0.0,3,4,3,0,0,0,1,5,1,1,0,1,2,1,1,14,3,3,0,0,0,2,1,0,4,2,5,3,9
2020.0,0.0,0.0,0.0,3,2,3,0,0,0,1,9,1,1,0,1,5,1,1,14,3,3,0,0,0,1,0,0,4,2,5,3,8
2020.0,35.0,0.0,0.0,3,6,3,0,0,0,0,5,1,1,0,1,5,1,1,16,3,3,0,1,0,1,1,0,10,8,5,8,3
2020.0,40.0,0.0,0.0,3,6,3,0,0,0,1,5,1,1,0,0,5,1,1,16,3,3,0,1,0,1,2,0,10,8,5,8,3
2020.0,-477.0,0.0,0.0,3,4,3,0,0,0,0,2,1,1,0,1,9,1,1,16,3,3,0,1,0,2,2,0,4,2,5,9,3
2020.0,-581.0,1.0,0.0,2,5,3,0,0,2,1,2,1,1,0,0,1,1,1,17,3,3,0,1,0,2,1,0,6,5,5,5,3
2020.0,0.0,0.0,0.0,3,4,3,0,0,0,0,9,1,1,0,1,5,1,1,17,3,3,0,1,0,1,1,0,5,2,5,3,9
2020.0,150.0,0.0,0.0,3,6,4,0,0,0,1,2,1,1,0,1,2,1,1,18,3,3,0,1,0,1,1,0,6,7,5,8,3
2020.0,0.0,0.0,0.0,3,4,0,0,0,0,0,5,1,1,0,1,9,1,1,19,3,3,0,1,0,1,1,0,4,2,5,9,3
2020.0,0.0,0.0,0.0,3,4,3,0,0,0,0,2,1,1,0,0,5,1,1,5,4,3,0,0,0,1,1,0,4,2,5,3,9
2020.0,240.0,0.0,0.0,3,10,3,0,0,0,2,9,1,1,0,0,9,1,1,10,4,3,0,0,0,0,1,0,6,9,5,3,2
2020.0,0.0,2.0,0.0,2,4,3,0,0,0,0,5,1,1,0,1,2,1,1,11,4,3,0,0,0,2,1,0,4,2,5,3,9
2020.0,-227.0,1.0,0.0,2,6,3,0,0,0,1,5,1,1,0,1,5,1,1,11,4,3,0,0,0,1,1,0,10,7,5,8,3
2020.0,-207.0,0.0,0.0,3,6,3,0,0,0,1,5,1,1,0,1,5,1,1,11,4,3,0,0,0,1,1,0,4,7,5,8,3
2020.0,40.0,1.0,0.0,3,2,3,0,0,0,1,2,1,1,0,0,1,1,1,12,4,3,0,0,0,2,0,0,10,7,5,3,5
2020.0,-252.0,0.0,0.0,3,10,3,0,0,0,0,9,1,1,0,1,9,1,1,13,4,3,0,0,0,1,1,0,6,9,5,3,2
2020.0,-917.0,0.0,0.0,3,10,3,0,0,0,1,1,1,1,0,0,1,1,1,13,4,3,0,0,0,2,2,0,6,9,5,3,3
2020.0,150.0,0.0,0.0,3,6,3,0,0,0,1,9,1,1,0,1,9,1,1,13,4,3,0,0,0,1,0,0,10,7,5,8,3
2020.0,0.0,0.0,0.0,3,2,3,0,0,0,0,5,1,1,0,1,5,1,1,14,4,3,0,0,0,2,2,0,0,7,5,8,9
2020.0,-200.0,0.0,0.0,3,6,3,0,0,0,0,2,1,1,0,1,2,1,1,14,4,3,0,0,0,2,1,0,3,8,5,3,3
2020.0,0.0,0.0,0.0,3,10,3,0,0,0,0,5,1,1,0,0,5,1,1,14,4,3,0,0,0,1,2,0,5,5,5,9,3
2020.0,-1000.0,0.0,0.0,3,6,3,0,0,0,1,2,1,1,0,0,2,1,1,14,4,3,0,0,0,2,2,0,6,7,5,8,3
2020.0,-800.0,0.0,0.0,3,2,3,0,0,0,0,1,1,1,0,0,1,1,1,14,4,3,0,0,0,1,1,0,6,9,5,3,3
2020.0,0.0,0.0,0.0,3,4,3,0,0,0,1,5,1,1,0,0,2,1,1,15,4,3,0,0,0,2,1,0,4,2,5,3,9
2020.0,45.0,1.0,0.0,3,6,3,0,0,0,1,9,1,1,0,0,9,1,1,16,4,3,0,1,0,2,1,0,10,7,5,8,8
2020.0,420.0,0.0,0.0,3,4,3,0,0,0,0,5,1,1,0,0,9,1,1,17,4,3,0,1,0,1,1,0,0,2,5,9,9
2020.0,-1426.0,0.0,0.0,3,2,3,0,0,0,0,5,1,1,0,1,9,1,1,17,4,3,0,1,0,1,1,0,0,2,5,3,9
2020.0,-30.0,0.0,0.0,3,10,3,0,3,0,1,2,1,1,0,0,2,1,1,17,4,3,0,1,0,2,0,0,10,9,5,8,2
2020.0,0.0,1.0,0.0,3,4,0,0,0,0,1,2,1,1,0,0,2,1,1,19,4,3,0,1,0,1,1,0,4,9,5,9,3
2020.0,-460.0,0.0,0.0,3,6,0,0,0,0,0,1,1,1,0,1,1,1,1,19,4,3,0,1,0,2,2,0,6,8,5,8,3
2020.0,175.0,1.0,0.0,2,5,0,0,0,3,1,1,0,1,0,1,5,1,1,21,4,3,0,0,0,0,1,0,6,6,5,3,7
2020.0,-30.0,0.0,0.0,3,5,3,0,0,0,1,9,1,1,0,0,1,1,1,9,5,3,1,1,0,0,2,0,10,5,5,8,1
2020.0,100.0,0.0,0.0,3,6,3,0,0,0,2,2,1,1,0,0,2,1,1,14,5,3,1,0,0,0,2,0,6,8,5,6,3
2020.0,-30.0,0.0,0.0,3,10,3,0,0,0,2,5,1,1,0,1,5,1,1,14,5,3,1,0,0,0,2,0,10,9,5,3,2
2020.0,308.0,0.0,0.0,3,6,3,0,0,0,1,1,1,1,0,1,1,1,1,16,5,3,1,1,0,1,1,0,0,8,5,9,3
2020.0,50.0,0.0,0.0,3,2,3,0,0,0,0,2,1,1,0,1,2,1,1,16,5,3,1,1,0,1,2,0,10,5,5,3,3
2020.0,-50.0,0.0,0.0,3,9,3,0,0,0,1,2,1,1,0,1,2,1,1,16,5,3,1,1,0,0,1,0,10,9,5,3,2
2020.0,0.0,0.0,0.0,3,2,0,0,0,0,1,5,1,1,0,1,5,1,1,20,5,3,1,0,0,2,2,0,4,9,5,3,2
2020.0,0.11,0.0,0.0,3,6,3,0,0,0,0,2,1,1,0,1,2,1,1,8,6,3,1,1,0,1,0,0,6,7,5,8,3
2020.0,100.0,1.0,0.0,2,6,3,0,0,0,1,1,1,1,0,1,1,1,1,9,6,3,1,1,0,1,0,0,6,8,5,9,3
2020.0,470.0,0.0,0.0,3,6,3,0,0,0,1,4,1,1,0,1,2,1,1,9,6,3,1,1,0,1,2,0,6,2,5,3,2
2020.0,100.0,0.0,0.0,3,6,3,0,0,0,1,9,1,1,0,0,9,1,1,15,6,3,1,0,0,1,1,0,10,7,5,8,2
2020.0,0.0,1.0,1.0,0,5,3,0,0,0,1,2,0,0,0,1,2,1,1,2,0,3,0,0,0,2,1,0,10,9,5,3,3
2020.0,-75.0,2.0,0.0,3,4,3,0,0,0,1,2,1,1,0,0,1,1,1,11,0,3,0,0,0,0,1,0,6,2,5,3,9
2020.0,1000.0,0.0,0.0,3,6,3,0,0,0,1,9,1,1,0,0,9,1,1,12,0,3,0,0,0,2,1,0,5,7,5,8,3
2020.0,-80.0,0.0,0.0,3,10,3,1,0,0,0,5,1,1,0,1,5,1,1,13,0,3,0,0,0,1,1,0,6,9,5,9,9
2020.0,354.0,0.0,0.0,3,6,3,0,0,0,0,2,1,1,0,1,2,1,1,13,0,3,0,0,0,1,1,0,6,7,5,8,3
2020.0,0.0,0.0,0.0,3,4,3,0,0,0,0,5,1,1,0,1,1,1,1,15,0,3,0,0,0,1,1,0,4,4,5,3,9
2020.0,-0.11,0.0,0.0,3,2,3,0,0,0,0,9,1,1,0,0,5,1,1,15,0,3,0,0,0,1,1,0,0,2,5,3,9
2020.0,-50.0,0.0,0.0,3,10,3,0,0,0,0,1,1,1,0,1,1,1,1,15,0,3,0,0,0,2,1,0,4,9,5,3,2
2020.0,0.0,0.0,0.0,3,2,3,0,0,0,0,5,1,1,0,1,9,1,1,16,0,3,0,1,0,1,0,0,4,2,5,3,9
2020.0,30.0,0.0,0.0,3,4,3,0,0,0,1,1,1,1,0,0,5,1,1,16,0,3,0,1,0,1,2,0,5,2,5,3,9
2020.0,611.0,0.0,0.0,3,10,3,1,0,0,0,9,1,1,0,1,9,1,1,17,0,3,0,1,0,2,2,0,6,9,5,3,2
2020.0,0.0,0.0,0.0,3,4,0,0,0,0,0,5,1,1,0,1,2,1,1,20,0,3,0,0,0,2,0,0,4,2,5,3,9
2020.0,15.0,0.0,0.0,3,2,3,0,0,0,1,5,1,1,0,1,5,1,1,7,1,3,0,1,0,1,1,0,10,8,5,9,9
2020.0,393.0,0.0,0.0,3,6,3,1,0,0,1,9,1,1,0,1,9,1,1,9,1,3,0,1,0,1,2,0,6,8,5,8,3
2020.0,-366.0,0.0,0.0,3,6,3,1,0,0,0,9,1,1,0,1,9,1,1,9,1,3,0,1,0,1,1,0,0,8,5,8,3
2020.0,121.0,0.0,0.0,3,10,3,1,0,0,1,1,1,1,0,0,1,1,1,12,1,3,0,0,0,1,1,0,10,9,5,3,0
2020.0,235.0,0.0,0.0,3,10,3,1,0,0,1,5,1,1,0,0,5,1,1,12,1,3,0,0,0,1,1,0,6,9,5,3,2
2020.0,-30.0,0.0,0.0,3,10,3,1,0,0,1,2,1,1,0,1,2,1,1,13,1,3,0,0,0,1,2,0,10,9,5,8,2
2020.0,55.0,1.0,0.0,2,6,3,1,0,0,0,5,1,1,0,0,5,1,1,14,1,3,0,0,0,2,0,0,10,8,5,8,3
2020.0,83.0,1.0,0.0,3,6,3,4,0,0,1,5,1,1,0,1,5,1,1,16,1,3,0,1,0,2,1,0,6,8,5,8,3
2020.0,-265.0,1.0,0.0,2,2,3,0,0,0,0,5,1,1,0,1,2,1,1,17,1,3,0,1,0,0,1,0,0,4,5,3,9
2020.0,30.0,0.0,0.0,3,6,3,1,0,0,0,9,1,1,0,1,9,1,1,17,1,3,0,1,0,1,1,0,10,7,5,8,3
2020.0,108.0,0.0,0.0,3,9,3,1,0,0,1,2,1,1,0,1,5,1,1,17,1,3,0,1,0,1,1,0,6,5,5,3,3
2020.0,0.0,0.0,0.0,3,4,0,3,4,0,1,9,1,1,0,1,1,1,1,19,1,3,0,1,1,2,1,0,4,4,5,3,9
2020.0,200.0,0.0,0.0,3,10,0,3,4,0,1,9,1,1,0,1,9,1,1,19,1,3,0,1,1,2,1,0,6,9,5,3,2
2020.0,-15.0,0.0,0.0,3,2,0,3,4,0,2,1,1,1,0,1,2,1,1,19,1,3,0,1,1,0,1,0,10,7,5,8,0
2020.0,252.0,0.0,1.0,0,5,0,3,4,3,1,2,1,1,0,1,1,1,1,20,1,3,0,0,1,0,2,0,6,2,5,3,7
2020.0,0.0,0.0,0.0,3,2,0,3,4,0,0,1,1,1,0,1,2,1,1,5,2,3,0,0,1,1,1,0,5,7,5,9,9
2020.0,-415.0,1.0,0.0,2,6,3,3,4,0,0,1,1,1,0,0,1,1,1,8,2,3,0,1,1,1,1,0,10,8,5,8,3
2020.0,0.0,0.0,0.0,3,6,3,3,4,0,1,2,1,1,0,1,2,1,1,10,2,3,0,0,1,2,2,0,10,7,5,8,3
2020.0,30.0,0.0,0.0,3,6,3,1,4,0,2,9,1,1,0,1,9,1,1,10,2,3,0,0,1,0,1,0,10,7,5,8,3
2020.0,0.0,1.0,0.0,3,2,3,1,4,0,1,9,1,1,0,1,5,1,1,11,2,3,0,0,1,1,0,0,4,2,5,3,3
2020.0,30.0,0.0,0.0,3,2,3,4,3,0,1,8,1,1,0,1,9,1,1,11,2,3,0,0,0,1,2,0,10,2,5,3,1
2020.0,-249.0,0.0,0.0,3,5,3,3,4,0,1,5,1,1,0,1,5,1,1,13,2,3,0,0,1,2,2,0,4,4,5,8,1
2020.0,60.0,0.0,0.0,3,6,3,1,4,0,1,9,1,1,0,1,9,1,1,13,2,3,0,0,1,1,0,0,10,7,5,8,3
2020.0,-215.0,0.0,0.0,3,6,3,1,4,0,1,2,1,1,0,1,2,1,1,14,2,3,0,0,1,1,1,0,10,7,5,8,3
2020.0,200.0,0.0,0.0,3,6,3,3,4,0,1,5,1,1,0,0,5,1,1,14,2,3,0,0,1,1,1,0,10,7,5,3,3
2020.0,-25.0,0.0,0.0,3,6,3,0,0,0,2,1,1,1,0,0,1,1,1,14,2,3,0,0,0,0,1,0,10,7,5,8,3
2020.0,500.0,0.0,0.0,3,10,3,1,4,0,1,9,1,1,0,1,9,1,1,15,2,3,0,0,1,1,1,0,6,9,5,3,0
2020.0,30.0,0.0,0.0,3,6,3,3,4,0,1,9,1,1,0,1,9,1,1,15,2,3,0,0,1,1,1,0,10,7,5,8,8
2020.0,0.0,5.0,0.0,2,2,3,1,4,0,1,5,1,1,0,1,1,1,1,15,2,3,0,0,1,2,1,0,4,7,5,3,3
2020.0,-50.0,0.0,0.0,3,10,3,1,4,0,1,1,1,1,0,0,1,1,1,16,2,3,0,1,1,2,1,0,10,9,5,8,8
2020.0,-200.0,0.0,0.0,3,10,0,1,4,0,2,5,1,1,0,1,5,1,1,19,2,3,0,1,1,0,2,0,6,9,5,3,2