Year,Distance,Totalinjuries,Totalfatalities,Injuryseverity,Collisionmanner,Lightcondition,Weather,SurfaceCondition,Unittype_One,Gender_Drv1,Traveldirection_One,AlcoholUse_Drv1,DrugUse_Drv1,Unittype_Two,Gender_Drv2,Traveldirection_Two,AlcoholUse_Drv2,DrugUse_Drv2,Hour,Weekday,Month,Weekend,Rush_Hour,Hazardous_Road,Age_Group_Drv1,Age_Group_Drv2,Substance_Use,Junction_Category,Violation_Category_Drv1,Violation_Category_Drv2,Unitaction_Category_Two,Unitaction_Category_One
2020.0,-15.0,1.0,0.0,1,5,0,3,0,3,0,5,1,1,0,1,1,1,1,20,2,3,0,0,0,1,0,0,10,2,5,3,7
2020.0,-88.0,1.0,0.0,2,6,3,3,4,0,2,1,1,1,0,0,1,1,1,7,3,3,0,1,1,0,0,0,10,8,5,8,3
2020.0,315.0,0.0,0.0,3,2,3,1,0,0,1,1,1,1,0,1,5,1,1,10,3,3,0,0,0,1,1,0,0,2,5,3,9
2020.0,750.0,1.0,0.0,2,6,3,1,0,0,1,2,1,1,0,1,2,1,1,15,3,3,0,0,0,1,1,0,6,8,5,8,3
2020.0,0.0,0.0,0.0,3,4,3,1,0,0,1,5,1,1,0,1,2,1,1,15,3,3,0,0,0,1,2,0,5,2,5,9,3
2020.0,-130.0,1.0,0.0,2,6,3,1,0,0,1,1,1,1,0,0,1,1,1,9,4,3,0,1,0,2,1,0,10,8,5,8,3
2020.0,280.0,0.0,0.0,3,6,3,1,0,0,1,1,1,1,0,0,1,1,1,11,4,3,0,0,0,1,1,0,6,7,5,8,3
2020.0,160.0,2.0,0.0,2,6,3,1,0,0,1,5,1,1,0,0,5,1,1,12,4,3,0,0,0,0,1,0,10,8,5,8,3
2020.0,-30.0,0.0,0.0,3,6,3,1,0,0,0,1,1,1,0,1,1,1,1,14,4,3,0,0,0,2,0,0,10,5,5,8,8
2020.0,330.0,0.0,0.0,3,4,3,1,0,0,1,9,1,1,0,1,1,1,1,14,4,3,0,0,0,2,1,0,6,2,5,3,9
2020.0,0.0,1.0,0.0,3,4,3,0,4,0,0,9,1,1,0,0,1,1,1,14,4,3,0,0,1,2,2,0,4,2,5,3,9
2020.0,500.0,0.0,0.0,3,10,3,1,0,0,0,9,1,1,0,1,9,1,1,15,4,3,0,0,0,1,2,0,6,9,5,3,2
2020.0,212.0,0.0,0.0,3,4,3,1,0,0,1,1,1,1,0,1,5,1,1,15,4,3,0,0,0,2,1,0,0,2,5,3,9
2020.0,187.0,1.0,0.0,2,5,3,1,4,0,0,5,1,1,2,1,5,1,1,16,4,3,0,1,1,2,1,0,0,2,5,3,9
2020.0,-70.0,0.0,0.0,3,9,3,3,4,0,1,9,1,1,0,0,2,1,1,17,4,3,0,1,1,1,1,0,10,9,5,8,9
2020.0,150.0,1.0,0.0,2,6,0,3,4,0,1,5,1,1,0,0,5,1,1,19,4,3,0,1,1,1,1,0,6,7,5,3,8
2020.0,0.0,0.0,0.0,3,6,0,1,4,0,0,5,1,1,0,1,5,1,1,22,4,3,0,0,1,2,1,0,5,7,5,8,3
2020.0,-200.0,0.0,0.0,3,2,0,0,3,0,2,8,1,1,1,1,8,1,1,4,5,3,1,0,0,0,1,0,8,5,5,6,5
2020.0,150.0,1.0,0.0,2,6,3,1,0,0,0,5,1,1,0,0,5,1,1,13,5,3,1,0,0,0,2,0,6,7,5,8,3
2020.0,20.0,0.0,0.0,3,6,4,0,0,0,0,2,1,1,0,1,2,1,1,18,5,3,1,1,0,1,0,0,10,7,5,8,3
2020.0,-443.0,1.0,0.0,2,12,3,0,4,0,1,9,1,1,3,0,9,1,1,18,5,3,1,1,1,2,2,0,6,7,5,7,3
2020.0,280.0,1.0,0.0,3,2,0,1,0,0,1,2,1,1,0,1,2,1,1,2,6,3,1,0,0,2,2,0,6,9,5,3,2
2020.0,0.0,2.0,0.0,2,4,3,0,0,0,1,9,1,1,0,1,1,1,1,12,6,3,1,0,0,1,1,0,4,2,5,3,9
2020.0,100.0,0.0,0.0,3,6,5,4,0,0,1,1,1,1,0,0,1,1,1,14,6,3,1,0,0,2,2,0,10,7,5,8,3
2020.0,-50.0,0.0,0.0,3,10,3,0,0,0,1,2,1,1,0,0,2,1,1,16,6,3,1,1,0,1,2,0,10,9,5,8,2
2020.0,-35.0,0.0,0.0,3,10,0,0,0,0,0,1,1,1,1,1,1,1,1,20,6,3,1,0,0,1,2,0,6,9,5,6,3
2020.0,0.0,1.0,0.0,2,2,0,0,0,0,2,5,1,1,0,1,6,1,1,20,6,3,1,0,0,0,2,0,5,9,5,9,3
2020.0,-114.0,0.0,0.0,3,6,0,0,0,0,1,1,1,1,0,0,1,1,1,21,6,3,1,0,0,2,2,0,10,7,5,8,3
2020.0,-300.0,0.0,0.0,3,6,3,0,0,0,0,5,1,1,0,0,5,1,1,9,0,3,0,1,0,1,1,0,10,7,5,8,8
2020.0,610.0,0.0,0.0,3,4,3,0,0,0,1,5,1,1,0,0,1,1,1,9,0,3,0,1,0,1,1,0,0,2,5,3,9
2020.0,-30.0,1.0,0.0,3,6,3,0,0,0,0,1,1,1,0,0,1,1,1,11,0,3,0,0,0,1,0,0,10,8,5,8,3
2020.0,0.0,2.0,0.0,2,4,3,0,0,0,1,2,1,1,0,1,5,1,1,11,0,3,0,0,0,2,1,0,5,2,5,9,3
2020.0,-360.0,2.0,0.0,3,6,3,0,0,0,1,1,1,1,0,1,1,1,1,12,0,3,0,0,0,1,0,0,0,8,5,8,3
2020.0,702.0,1.0,0.0,3,4,3,0,0,0,1,9,1,1,0,1,1,1,1,12,0,3,0,0,0,0,1,0,0,2,5,3,9
2020.0,-500.0,0.0,0.0,3,6,3,0,0,0,1,9,1,1,0,0,9,1,1,13,0,3,0,0,0,1,1,0,6,8,5,8,3
2020.0,375.0,0.0,0.0,3,10,3,0,0,0,0,9,1,1,0,1,9,1,1,15,0,3,0,0,0,2,2,0,0,9,5,3,2
2020.0,450.0,0.0,0.0,3,6,3,0,0,0,1,5,1,1,0,1,5,1,1,15,0,3,0,0,0,1,1,0,6,8,5,8,3
2020.0,208.0,1.0,0.0,3,6,0,0,0,0,1,9,1,1,0,0,9,1,1,19,0,3,0,1,0,1,1,0,10,7,5,8,3
2020.0,-106.0,1.0,0.0,3,6,0,0,0,0,1,1,1,1,0,0,1,1,1,21,0,3,0,0,0,2,1,0,6,7,5,8,3
2020.0,-30.0,0.0,0.0,3,2,5,4,0,0,2,5,1,1,0,0,1,1,1,2,1,3,0,0,0,0,1,0,10,4,5,3,9
2020.0,0.0,2.0,0.0,2,2,0,0,0,0,1,1,1,1,0,1,2,1,1,5,1,3,0,0,0,1,1,0,4,2,5,9,3
2020.0,141.0,0.0,0.0,3,10,3,0,0,0,0,5,1,1,0,1,5,1,1,12,1,3,0,0,0,0,1,0,10,9,5,3,2
2020.0,-384.0,0.0,0.0,3,10,3,0,0,0,1,2,1,1,0,1,2,1,1,14,1,3,0,0,0,1,1,0,6,9,5,3,2
2020.0,0.0,0.0,0.0,3,4,3,0,0,0,0,2,1,1,0,1,2,1,1,15,1,3,0,0,0,1,2,0,4,4,5,9,9
2020.0,82.0,0.0,0.0,3,6,3,0,0,0,0,9,1,1,0,0,9,1,1,17,1,3,0,1,0,0,1,0,10,8,5,8,3
2020.0,0.0,1.0,0.0,3,6,3,0,0,0,0,9,1,1,0,0,9,1,1,17,1,3,0,1,0,2,1,0,5,8,5,8,3
2020.0,0.0,1.0,0.0,3,4,3,0,0,0,1,9,1,1,0,1,1,1,1,18,1,3,0,1,0,1,1,0,4,2,5,3,9
2020.0,0.0,2.0,0.0,2,4,3,0,0,0,1,9,1,1,0,0,5,1,1,18,1,3,0,1,0,1,0,0,4,2,5,9,3
2020.0,-60.0,1.0,0.0,3,6,3,0,0,0,0,2,1,1,0,0,2,1,1,18,1,3,0,1,0,1,2,0,10,8,5,8,3
2020.0,0.0,0.0,0.0,3,4,0,0,0,0,1,6,1,1,0,0,2,1,1,20,1,3,0,0,0,2,1,0,4,2,5,3,9
2020.0,175.0,1.0,0.0,2,4,0,0,0,0,0,7,1,1,0,0,2,1,1,21,1,3,0,0,0,2,2,0,10,4,5,3,9
2020.0,155.0,2.0,0.0,3,6,0,1,0,0,0,5,1,1,0,0,5,1,1,5,2,3,0,0,0,1,1,0,10,7,5,8,3
2020.0,15.0,1.0,0.0,3,5,3,0,0,2,0,5,1,1,0,1,9,1,1,7,2,3,0,1,0,2,1,0,10,2,5,9,3
2020.0,-130.0,1.0,0.0,3,6,3,3,4,0,1,9,1,1,0,1,9,1,1,9,2,3,0,1,1,2,1,0,0,7,5,8,3
2020.0,-160.0,1.0,0.0,2,6,3,3,4,0,1,9,1,1,0,1,9,1,1,9,2,3,0,1,1,0,1,0,0,7,5,8,3
2020.0,-200.0,0.0,0.0,3,12,3,1,0,0,2,8,1,1,1,1,5,1,1,12,2,3,0,0,0,0,1,0,6,5,5,6,5
2020.0,0.0,1.0,0.0,2,5,3,3,4,0,1,2,1,1,3,1,7,1,1,13,2,3,0,0,1,0,1,0,5,5,2,5,9
2020.0,50.0,0.0,0.0,3,6,3,1,0,0,1,5,1,1,0,0,5,1,1,13,2,3,0,0,0,1,1,0,10,8,5,8,3
2020.0,0.0,3.0,0.0,2,4,3,3,4,0,1,9,1,1,0,1,1,1,1,14,2,3,0,0,1,1,2,0,4,2,5,3,9
2020.0,110.0,0.0,0.0,3,6,3,1,4,0,1,5,1,1,0,1,5,1,1,15,2,3,0,0,1,2,1,0,10,7,5,8,3
2020.0,-37.0,0.0,0.0,3,11,3,1,4,0,1,9,1,1,0,0,9,1,1,16,2,3,0,1,1,2,1,0,6,2,5,3,9
2020.0,110.0,2.0,0.0,2,6,3,3,4,0,0,2,1,1,0,0,2,1,1,17,2,3,0,1,1,0,2,0,10,8,5,8,3
2020.0,150.0,0.0,0.0,3,6,0,3,4,0,1,1,1,1,0,0,1,1,1,20,2,3,0,0,1,2,1,0,6,7,5,3,3
2020.0,-100.0,0.0,0.0,3,6,0,3,4,0,1,2,0,1,0,1,5,1,1,4,3,3,0,0,1,2,1,0,10,5,5,8,1
2020.0,0.0,0.0,0.0,3,4,3,1,4,0,1,9,1,1,0,1,9,1,1,7,3,3,0,1,1,0,0,0,5,8,5,9,9
2020.0,0.0,1.0,0.0,3,4,3,1,0,0,0,9,1,1,0,0,1,1,1,10,3,3,0,0,0,2,1,0,4,2,5,3,9
2020.0,-124.0,0.0,0.0,3,6,3,1,0,0,0,2,1,1,0,1,2,1,1,11,3,3,0,0,0,2,2,0,10,8,5,8,3
2020.0,0.0,0.0,0.0,3,9,3,0,0,0,1,4,1,1,0,1,6,1,1,12,3,3,0,0,0,1,1,0,5,5,5,8,1
2020.0,160.0,0.0,0.0,3,2,3,0,0,0,1,5,1,1,0,1,9,1,1,12,3,3,0,0,0,1,1,0,0,2,5,3,3
2020.0,203.0,4.0,0.0,2,2,3,0,0,0,1,5,1,1,0,1,1,1,1,14,3,3,0,0,0,2,2,0,6,2,5,3,9
2020.0,144.0,0.0,0.0,3,10,3,0,0,0,0,1,1,1,0,1,1,1,1,15,3,3,0,0,0,2,0,0,10,5,5,3,3
2020.0,217.0,1.0,0.0,2,6,3,0,0,0,1,9,1,1,0,1,9,1,1,18,3,3,0,1,0,1,2,0,10,8,5,8,3
2020.0,0.0,0.0,0.0,3,6,4,0,0,0,2,8,1,1,0,1,6,1,1,20,3,3,0,0,0,0,1,0,4,5,5,8,5
2020.0,20.0,0.0,0.0,3,10,3,4,3,0,1,9,1,1,0,0,9,1,1,14,4,3,0,0,0,0,1,0,10,9,5,8,2
2020.0,-490.0,0.0,0.0,3,4,3,1,0,0,1,5,1,1,0,0,2,1,1,15,4,3,0,0,0,1,1,0,6,2,5,3,9
2020.0,0.0,0.0,0.0,3,6,3,0,3,0,2,8,1,1,0,1,1,1,1,16,4,3,0,1,0,0,2,0,6,5,5,3,5
2020.0,200.0,0.0,0.0,3,6,3,1,0,0,2,5,1,1,0,0,5,1,1,16,4,3,0,1,0,0,2,0,10,5,5,8,9
2020.0,400.0,1.0,0.0,3,2,4,1,0,0,1,2,1,1,0,1,9,1,1,17,4,3,0,1,0,2,1,0,0,2,5,3,3
2020.0,0.0,0.0,0.0,3,6,3,0,0,0,2,9,1,1,0,1,9,1,1,16,5,3,1,1,0,0,2,0,10,5,5,8,3
2020.0,-30.0,2.0,0.0,2,4,3,0,0,0,1,1,0,1,0,0,1,1,1,18,5,3,1,1,0,0,1,0,10,7,5,8,3
2020.0,648.0,0.0,0.0,3,4,0,0,0,0,1,9,1,1,0,1,1,1,1,22,5,3,1,0,0,2,0,0,6,2,5,3,9
2020.0,0.0,1.0,0.0,2,4,3,0,0,0,0,1,1,1,0,1,4,1,1,12,6,3,1,0,0,1,1,0,10,7,4,9,3
2020.0,-255.0,0.0,0.0,3,6,3,0,0,0,1,9,1,1,0,0,9,1,1,8,1,3,0,1,0,2,2,0,0,8,5,8,3
2020.0,0.0,1.0,0.0,2,4,3,0,0,0,1,5,1,1,0,0,2,1,1,10,1,3,0,0,0,1,2,0,4,5,5,3,9
2020.0,0.0,0.0,0.0,3,4,3,0,0,0,1,5,1,1,0,1,5,1,1,10,1,3,0,0,0,1,0,0,4,5,5,9,9
2020.0,251.0,1.0,0.0,2,4,3,0,0,0,0,2,1,1,0,0,1,1,1,15,1,3,0,0,0,2,1,0,0,2,5,3,9
2020.0,15.0,1.0,0.0,2,5,3,0,0,0,1,9,1,1,3,0,5,1,1,17,1,3,0,1,0,1,0,0,5,2,5,7,9
2020.0,-65.0,2.0,0.0,2,6,3,0,0,0,1,1,1,1,0,1,1,1,1,6,2,3,0,0,0,1,1,0,10,7,5,8,3
2020.0,10.0,0.0,0.0,3,2,3,0,0,0,1,1,1,1,0,0,1,1,1,12,2,3,0,0,0,1,0,0,6,7,5,3,3
2020.0,-126.0,0.0,0.0,3,6,3,0,0,0,1,1,1,1,0,1,1,1,1,12,2,3,0,0,0,0,1,0,10,7,5,8,3
2020.0,300.0,0.0,0.0,3,2,5,0,0,0,2,8,1,1,1,1,9,1,1,13,2,3,0,0,0,0,1,0,6,5,5,6,5
2020.0,-30.0,1.0,0.0,2,6,4,0,0,0,1,2,1,1,0,1,2,1,1,6,3,3,0,0,0,0,1,0,10,7,5,8,3
2020.0,200.0,0.0,0.0,3,10,3,0,0,0,2,9,1,1,0,0,9,1,1,12,3,3,0,0,0,0,2,0,6,5,5,3,3
2020.0,-90.0,0.0,0.0,3,6,3,0,0,0,1,5,1,1,0,1,5,1,1,13,3,3,0,0,0,1,0,0,3,7,5,8,3
2020.0,0.0,0.0,0.0,3,10,0,0,0,0,2,5,1,1,0,1,5,1,1,19,3,3,0,1,0,0,1,0,5,5,5,3,5
2020.0,460.0,0.0,0.0,3,2,0,0,0,0,1,9,1,1,0,0,2,1,1,19,4,3,0,1,0,2,2,0,0,2,5,3,9
2020.0,135.0,1.0,0.0,2,10,0,0,0,0,0,9,1,1,0,0,9,1,1,21,4,3,0,0,0,1,2,0,10,9,5,3,2
2020.0,0.0,0.0,0.0,3,2,3,0,0,0,1,2,1,1,0,0,2,1,1,9,5,3,1,1,0,1,1,0,5,9,5,9,3
2020.0,0.0,0.0,0.0,3,5,3,0,0,0,1,2,1,1,0,0,1,1,1,12,5,3,1,0,0,1,1,0,8,2,5,3,9
2020.0,0.0,2.0,0.0,2,4,3,0,0,0,1,1,1,1,0,0,9,1,1,18,5,3,1,1,0,0,0,0,4,2,5,3,9
2020.0,0.0,2.0,0.0,1,2,3,0,0,0,1,5,1,1,0,1,9,1,1,18,5,3,1,1,0,1,1,0,4,2,5,3,3
2020.0,135.0,0.0,0.0,3,12,0,0,0,0,2,8,1,1,1,1,9,1,1,0,6,3,1,0,0,0,0,0,6,5,5,6,5
2020.0,32.0,1.0,0.0,3,6,3,0,0,0,0,5,1,1,0,1,5,1,1,18,6,3,1,1,0,1,1,0,10,7,5,9,3
2020.0,-30.0,0.0,0.0,3,6,2,0,0,0,1,1,1,1,0,1,1,1,1,5,0,3,0,0,0,1,1,0,10,5,5,8,3
2020.0,367.0,0.0,0.0,3,2,3,0,0,0,1,1,1,1,0,1,1,1,1,14,0,3,0,0,0,1,1,0,0,9,5,3,9
2020.0,0.0,1.0,0.0,3,2,3,0,0,0,0,9,1,1,0,0,2,1,1,16,0,3,0,1,0,1,1,0,4,5,5,3,3
2020.0,0.0,2.0,0.0,2,4,0,0,0,0,1,5,1,1,0,1,2,1,1,19,0,3,0,1,0,2,0,0,5,2,5,9,3
2020.0,-200.0,1.0,0.0,3,10,5,4,0,0,1,1,0,1,0,1,1,1,1,20,0,3,0,0,0,1,1,0,6,9,5,3,2
2020.0,70.0,3.0,0.0,3,11,3,0,0,0,1,2,1,1,0,0,2,1,1,8,1,3,0,1,0,0,1,0,6,9,5,3,9
2020.0,0.0,1.0,0.0,2,4,3,0,0,0,1,2,1,1,0,1,9,1,1,11,1,3,0,0,0,1,1,0,4,2,5,9,3
2020.0,0.0,0.0,0.0,3,4,3,1,0,0,1,9,1,1,0,0,1,1,1,14,1,3,0,0,0,2,1,0,4,2,5,3,9
2020.0,0.0,1.0,0.0,2,5,3,1,0,2,1,9,1,1,0,1,9,1,1,15,1,3,0,0,0,2,1,0,5,2,5,3,5
2020.0,160.0,1.0,0.0,2,5,3,1,0,0,0,9,1,1,2,1,9,1,1,15,1,3,0,0,0,2,1,0,6,2,5,3,9
2020.0,-15.0,1.0,0.0,2,5,3,1,0,2,1,5,1,1,0,0,1,1,1,17,1,3,0,1,0,1,1,0,4,5,5,3,7
2020.0,552.0,1.0,0.0,3,2,3,0,0,2,0,2,1,1,0,1,1,1,1,13,2,4,0,0,0,2,1,0,0,5,2,9,3
2020.0,0.0,0.0,0.0,3,2,3,0,0,0,1,3,1,1,0,1,1,1,1,7,3,4,0,1,0,2,1,0,4,2,5,3,9
2020.0,-100.0,0.0,0.0,3,6,3,0,0,0,0,2,1,1,0,0,2,1,1,16,3,4,0,1,0,1,0,0,10,7,5,8,3
2020.0,-10.0,0.0,0.0,3,2,3,0,0,0,0,2,1,1,0,0,2,1,1,16,3,4,0,1,0,1,0,0,10,9,5,3,9
2020.0,0.0,1.0,0.0,2,2,3,0,0,0,1,5,1,1,0,0,9,1,1,18,3,4,0,1,0,0,2,0,5,2,5,3,3
2020.0,125.0,0.0,0.0,3,12,0,0,0,0,1,2,1,1,0,0,2,1,1,19,3,4,0,1,0,0,2,0,6,5,5,3,5
2020.0,-50.0,0.0,0.0,3,10,3,0,0,0,0,1,1,1,0,1,1,1,1,7,4,4,0,1,0,0,1,0,10,9,5,3,2
2020.0,0.0,2.0,0.0,2,2,3,0,0,0,1,5,1,1,0,0,1,1,1,11,4,4,0,0,0,2,1,0,4,2,5,9,3
2020.0,0.0,1.0,0.0,2,2,3,0,0,2,1,2,1,1,0,0,1,1,1,12,4,4,0,0,0,1,2,0,4,5,5,9,7
2020.0,0.0,2.0,0.0,3,2,3,0,0,0,1,1,1,1,0,1,8,1,1,12,4,4,0,0,0,1,0,0,4,4,5,3,9
2020.0,-150.0,0.0,0.0,3,10,3,0,0,0,2,2,1,1,0,0,2,1,1,15,4,4,0,0,0,0,0,0,10,9,5,8,3
2020.0,282.0,2.0,0.0,2,2,3,0,0,0,1,5,1,1,0,1,9,1,1,16,4,4,0,1,0,0,2,0,0,2,5,3,9
2020.0,0.0,0.0,0.0,3,4,3,0,0,0,1,1,1,1,0,1,9,1,1,14,5,4,1,0,0,0,1,0,5,2,5,3,9
2020.0,-300.0,0.0,0.0,3,6,0,0,0,0,1,1,0,1,0,1,1,1,1,20,5,4,1,0,0,1,1,0,10,7,5,8,3
2020.0,0.0,3.0,0.0,3,2,3,0,0,0,1,2,1,1,0,0,9,1,1,15,6,4,1,0,0,1,0,0,4,2,5,9,3
2020.0,-240.0,0.0,0.0,3,6,0,0,0,0,2,1,1,1,0,1,1,1,1,23,6,4,1,0,0,0,1,0,6,9,5,3,3
2020.0,-145.0,0.0,0.0,3,2,3,0,0,0,1,9,1,1,0,1,2,1,1,14,0,4,0,0,0,1,2,0,0,2,5,8,3
2020.0,-500.0,0.0,0.0,3,2,0,0,0,0,1,4,1,1,1,1,2,1,1,2,1,4,0,0,0,1,1,0,6,7,5,6,3
2020.0,550.0,0.0,0.0,3,6,3,0,0,0,1,9,1,0,1,1,9,1,1,12,1,4,0,0,0,1,1,0,6,7,5,6,3
2020.0,0.0,1.0,0.0,3,4,3,0,0,0,1,3,1,1,0,0,7,1,1,14,1,4,0,0,0,1,1,0,5,2,5,3,9
2020.0,-50.0,0.0,0.0,3,6,3,0,0,0,2,1,1,1,0,0,1,1,1,16,1,4,0,1,0,0,1,0,3,7,5,8,3
2020.0,0.0,3.0,0.0,3,2,0,0,0,0,1,2,1,1,0,1,1,1,1,21,2,4,0,0,0,2,1,0,4,2,5,3,3
2020.0,836.0,0.0,0.0,3,10,3,0,0,0,0,5,1,1,0,0,5,1,1,9,3,4,0,1,0,1,1,0,6,9,5,3,2
2020.0,-315.0,1.0,0.0,3,2,3,0,0,0,1,5,1,1,0,1,9,1,1,12,3,4,0,0,0,0,1,0,6,2,5,3,9
2020.0,0.0,0.0,0.0,3,2,3,0,0,0,0,9,1,1,0,0,2,1,1,13,3,4,0,0,0,2,1,0,4,5,5,3,3
2020.0,0.0,0.0,0.0,3,2,3,0,0,0,1,2,1,1,0,1,9,1,1,13,3,4,0,0,0,0,1,0,4,2,5,3,3
2020.0,5.0,1.0,0.0,2,6,3,0,0,0,2,1,1,1,0,0,1,1,1,15,3,4,0,0,0,0,2,0,10,8,5,8,3
2020.0,0.0,0.0,0.0,3,4,4,0,0,0,1,9,1,0,0,0,2,1,1,18,3,4,0,1,0,0,2,0,4,2,5,3,9
2020.0,60.0,0.0,0.0,3,6,3,0,0,0,1,5,1,1,0,1,5,1,1,7,4,4,0,1,0,1,1,0,6,5,5,8,1
2020.0,23.0,1.0,0.0,2,6,3,4,0,0,1,5,1,1,0,0,5,1,1,11,4,4,0,0,0,2,1,0,10,8,5,8,3
2020.0,-35.0,0.0,0.0,3,6,3,0,0,0,1,9,1,1,0,0,9,1,1,13,4,4,0,0,0,1,0,0,10,8,5,8,8
2020.0,0.0,0.0,0.0,3,10,3,1,0,0,2,5,1,1,0,1,5,1,1,16,5,4,1,1,0,0,1,0,10,9,5,3,3
2020.0,-311.0,0.0,0.0,3,10,3,1,0,0,1,2,1,1,0,1,2,1,1,12,6,4,1,0,0,1,1,0,6,5,5,5,5
2020.0,0.0,2.0,0.0,2,10,3,0,0,0,1,5,1,1,0,1,5,1,1,15,6,4,1,0,0,0,0,0,5,5,5,3,9
2020.0,0.0,2.0,0.0,2,4,3,0,0,0,1,2,1,1,0,1,2,1,1,6,0,4,0,0,0,1,0,0,4,5,5,9,3
2020.0,0.0,0.0,0.0,3,12,3,0,0,0,2,8,1,1,1,1,1,1,1,12,0,4,0,0,0,0,2,0,5,7,5,6,5
2020.0,30.0,1.0,0.0,2,6,3,1,0,0,1,9,1,1,0,1,9,1,1,16,0,4,0,1,0,0,2,0,10,8,5,8,3
2020.0,15.0,1.0,0.0,3,5,0,0,0,0,1,5,1,1,3,1,9,1,1,21,0,4,0,0,0,0,2,0,10,2,5,7,3
2020.0,0.0,0.0,0.0,3,2,2,0,0,0,1,2,1,1,0,1,1,1,1,4,1,4,0,0,0,1,0,0,4,5,5,3,3
2020.0,25.0,1.0,0.0,3,6,3,0,0,0,0,5,1,1,0,0,5,1,1,10,1,4,0,0,0,1,1,0,10,7,5,8,3
2020.0,100.0,0.0,0.0,3,6,3,0,0,0,0,1,1,1,0,0,1,1,1,15,1,4,0,0,0,2,2,0,10,7,5,3,3
2020.0,0.0,2.0,0.0,3,2,3,0,0,0,0,9,1,1,0,0,5,1,1,17,1,4,0,1,0,1,1,0,4,2,5,3,3
2020.0,-50.0,0.0,0.0,3,6,3,0,0,0,1,1,1,1,0,1,1,1,1,12,2,4,0,0,0,2,0,0,2,7,5,8,3
2020.0,-89.0,0.0,0.0,3,6,3,0,0,0,1,1,0,1,0,0,1,1,1,6,3,4,0,0,0,1,1,0,10,7,5,8,3
2020.0,90.0,1.0,0.0,2,2,3,0,0,0,1,1,1,1,0,1,5,1,1,11,3,4,0,0,0,1,1,0,0,2,5,3,9
2020.0,0.0,0.0,0.0,3,2,3,0,0,0,1,9,1,1,0,0,5,1,1,15,4,4,0,0,0,1,1,0,4,2,5,3,3
2020.0,0.0,4.0,0.0,2,4,3,0,0,0,1,2,1,1,0,1,5,1,1,13,6,4,1,0,0,1,2,0,4,2,5,3,9
2020.0,0.0,0.0,0.0,3,10,3,0,0,0,2,5,1,1,0,1,5,1,1,14,6,4,1,0,0,0,0,0,6,9,5,3,2
2020.0,0.0,0.0,0.0,3,2,3,0,0,0,0,9,1,1,0,0,5,1,1,12,0,4,0,0,0,1,0,0,4,2,5,3,3
2020.0,-200.0,2.0,0.0,2,4,3,0,0,0,1,5,1,1,0,0,7,1,1,12,0,4,0,0,0,0,2,0,10,2,5,3,9
2020.0,0.0,0.0,0.0,3,5,3,0,0,0,1,5,1,1,0,1,5,1,1,14,0,4,0,0,0,1,1,0,10,5,5,8,9
2020.0,480.0,0.0,0.0,3,12,3,0,0,0,2,8,1,1,1,1,9,1,1,15,0,4,0,0,0,0,1,0,6,5,5,6,5
2020.0,0.0,0.0,0.0,3,10,5,4,0,0,1,9,1,1,0,1,9,1,1,17,0,4,0,1,0,1,1,0,5,5,5,3,3
2020.0,90.0,0.0,0.0,3,10,3,0,0,0,1,5,1,1,0,0,5,1,1,12,1,4,0,0,0,1,1,0,6,9,5,8,2
2020.0,-50.0,0.0,0.0,3,10,3,0,0,0,1,1,1,1,0,1,1,1,1,13,1,4,0,0,0,1,1,0,3,9,5,9,9
2020.0,0.0,3.0,0.0,2,2,3,0,0,0,1,2,1,1,0,1,1,1,1,14,1,4,0,0,0,0,2,0,4,2,5,3,3
2020.0,0.0,0.0,0.0,3,2,3,0,0,0,1,2,1,1,0,0,7,1,1,15,2,4,0,0,0,1,1,0,4,2,5,3,3
2020.0,257.0,0.0,0.0,3,5,3,0,0,0,1,9,1,1,1,1,9,1,1,18,2,4,0,1,0,0,1,0,6,9,5,6,3
2020.0,0.0,0.0,0.0,3,10,3,0,0,0,2,6,1,1,0,1,6,1,1,9,3,4,0,1,0,0,1,0,4,4,5,9,9
2020.0,-30.0,0.0,0.0,3,5,3,0,0,0,0,1,1,1,0,1,1,1,1,10,3,4,0,0,0,1,1,0,10,5,5,8,1
2020.0,0.0,1.0,0.0,3,4,3,0,0,0,1,5,1,1,0,1,1,1,1,11,3,4,0,0,0,0,1,0,4,2,5,3,9
2020.0,20.0,0.0,0.0,3,10,3,0,0,0,2,2,1,1,0,1,2,1,1,15,3,4,0,0,0,0,2,0,6,9,5,8,2
2020.0,275.0,0.0,0.0,3,4,5,4,0,0,1,4,1,1,0,1,1,1,1,16,3,4,0,1,0,2,1,0,10,4,5,3,9
2020.0,0.0,1.0,0.0,2,2,3,0,0,0,1,1,1,1,0,0,2,1,1,15,4,4,0,0,0,1,1,0,4,2,5,3,3
2020.0,-25.0,1.0,0.0,2,6,3,0,0,0,0,1,1,1,0,0,1,1,1,17,4,4,0,1,0,1,0,0,10,8,5,8,3
2020.0,0.0,2.0,0.0,2,4,3,0,0,0,1,2,1,1,0,1,5,1,1,18,4,4,0,1,0,2,2,0,5,2,5,3,9
2020.0,-30.0,1.0,0.0,2,10,3,0,0,0,1,1,1,1,0,1,5,1,1,11,5,4,1,0,0,2,2,0,10,2,5,3,9
2020.0,-30.0,0.0,0.0,3,6,0,0,0,0,2,1,1,1,0,1,1,1,1,19,5,4,1,1,0,0,1,0,10,7,5,8,3