Year,Distance,Totalinjuries,Totalfatalities,Injuryseverity,Collisionmanner,Lightcondition,Weather,SurfaceCondition,Unittype_One,Gender_Drv1,Traveldirection_One,AlcoholUse_Drv1,DrugUse_Drv1,Unittype_Two,Gender_Drv2,Traveldirection_Two,AlcoholUse_Drv2,DrugUse_Drv2,Hour,Weekday,Month,Weekend,Rush_Hour,Hazardous_Road,Age_Group_Drv1,Age_Group_Drv2,Substance_Use,Junction_Category,Violation_Category_Drv1,Violation_Category_Drv2,Unitaction_Category_Two,Unitaction_Category_One
2020.0,0.0,0.0,0.0,3,2,0,0,0,0,2,9,1,1,0,1,2,1,1,21,5,4,1,0,0,0,2,0,4,2,5,3,3
2020.0,35.0,1.0,0.0,2,6,3,0,0,0,1,5,0,1,0,1,5,1,1,8,6,4,1,1,0,1,1,0,6,8,5,8,3
2020.0,0.0,2.0,0.0,2,4,3,0,0,0,1,9,1,1,0,1,1,1,1,10,6,4,1,0,0,1,1,0,4,2,5,3,9
2020.0,-40.0,0.0,0.0,3,4,3,0,0,0,1,2,1,1,0,0,1,1,1,15,6,4,1,0,0,0,1,0,10,5,5,8,9
2020.0,0.0,1.0,0.0,2,2,3,0,0,2,0,2,1,1,0,1,2,1,1,7,0,4,0,1,0,1,0,0,5,2,5,9,7
2020.0,0.0,1.0,0.0,3,10,3,0,0,0,1,9,1,1,0,1,9,1,1,9,0,4,0,1,0,1,2,0,4,4,5,3,9
2020.0,0.0,0.0,0.0,3,6,3,0,0,0,2,5,1,1,0,1,5,1,1,15,0,4,0,0,0,0,1,0,5,8,5,8,3
2020.0,0.0,1.0,0.0,3,2,3,0,0,0,0,9,1,1,0,1,5,1,1,17,0,4,0,1,0,2,1,0,4,2,5,3,3
2020.0,393.0,1.0,0.0,3,9,2,0,0,0,1,9,1,1,0,1,9,1,1,13,1,4,0,0,0,1,2,0,0,8,5,9,3
2020.0,213.0,1.0,0.0,3,10,0,0,0,2,0,5,1,1,0,0,5,1,1,19,1,4,0,1,0,1,1,0,6,2,5,3,9
2020.0,0.0,3.0,0.0,2,4,3,0,0,0,0,2,1,1,0,0,2,1,1,10,2,4,0,0,0,1,2,0,4,2,5,9,3
2020.0,200.0,0.0,0.0,3,5,3,0,0,0,2,8,1,1,1,1,8,1,1,12,2,4,0,0,0,0,2,0,4,5,5,6,5
2020.0,-145.0,0.0,0.0,3,10,3,0,0,0,1,9,1,1,0,1,9,1,1,14,2,4,0,0,0,1,0,0,6,9,5,3,2
2020.0,423.0,1.0,0.0,3,5,0,0,0,0,1,9,1,1,2,0,5,1,1,21,2,4,0,0,0,1,2,0,0,7,5,3,9
2020.0,0.0,0.0,0.0,3,6,3,0,0,0,1,7,1,1,0,0,7,1,1,6,3,4,0,0,0,1,1,0,10,7,5,8,3
2020.0,24.0,1.0,0.0,3,5,3,0,0,0,1,1,1,1,2,0,9,1,1,15,3,4,0,0,0,0,2,0,10,5,5,3,3
2020.0,-255.0,0.0,0.0,3,6,3,4,0,0,1,5,1,1,0,1,5,1,1,17,3,4,0,1,0,1,1,0,0,8,5,8,3
2020.0,224.0,2.0,0.0,3,6,3,0,0,0,0,1,1,1,0,0,1,1,1,7,4,5,0,1,0,1,1,0,0,8,5,8,3
2020.0,-40.0,1.0,0.0,3,10,3,0,0,0,1,1,1,1,0,1,1,1,1,8,4,5,0,1,0,2,2,0,10,9,5,3,2
2020.0,278.0,0.0,0.0,3,9,3,0,0,0,1,9,1,1,0,1,1,1,1,9,4,5,0,1,0,2,2,0,6,9,5,3,5
2020.0,0.0,0.0,0.0,3,10,3,0,0,0,1,1,1,1,0,1,1,1,1,12,4,5,0,0,0,1,0,0,2,9,5,3,3
2020.0,-50.0,0.0,0.0,3,6,3,0,0,0,0,1,1,1,0,0,1,1,1,12,4,5,0,0,0,1,1,0,10,7,5,8,3
2020.0,88.0,0.0,0.0,3,6,3,0,0,0,1,9,0,1,0,0,9,1,1,17,4,5,0,1,0,1,1,0,10,7,5,8,3
2020.0,500.0,0.0,0.0,3,2,3,0,0,0,0,2,1,1,0,0,9,1,1,12,5,5,1,0,0,1,2,0,0,2,5,9,9
2020.0,-200.0,1.0,0.0,1,2,0,0,0,3,1,7,1,1,0,0,4,1,1,20,5,5,1,0,0,2,1,0,6,6,5,3,7
2020.0,0.0,0.0,0.0,3,6,3,0,0,0,1,2,1,0,1,1,2,1,1,6,6,5,1,0,0,1,1,0,6,7,5,6,3
2020.0,-258.0,0.0,0.0,3,2,3,0,0,0,0,1,1,1,0,1,2,1,1,15,6,5,1,0,0,1,1,0,0,2,5,3,3
2020.0,0.0,1.0,0.0,3,6,0,0,0,0,2,2,1,1,0,1,2,1,1,20,6,5,1,0,0,0,1,0,0,5,5,8,3
2020.0,-476.0,1.0,0.0,3,4,3,0,0,0,1,2,1,1,0,1,5,1,1,11,0,5,0,0,0,2,1,0,6,5,5,9,9
2020.0,0.0,0.0,0.0,3,6,3,0,0,0,0,7,1,1,0,1,7,1,1,13,0,5,0,0,0,1,2,0,10,7,5,8,8
2020.0,-300.0,0.0,0.0,3,10,3,0,0,0,0,9,1,1,0,1,9,1,1,16,0,5,0,1,0,1,1,0,10,5,5,3,3
2020.0,131.0,1.0,0.0,3,6,3,0,0,0,1,5,1,1,0,1,5,1,1,16,0,5,0,1,0,0,0,0,10,7,5,8,3
2020.0,0.0,2.0,0.0,2,4,3,0,0,0,0,2,1,1,0,1,2,1,1,14,1,5,0,0,0,2,2,0,0,2,5,3,9
2020.0,0.0,1.0,0.0,3,4,3,0,0,0,1,2,1,1,0,1,5,1,1,15,1,5,0,0,0,2,1,0,4,2,5,3,9
2020.0,790.0,2.0,0.0,3,6,4,0,0,0,0,1,1,1,0,0,1,1,1,19,2,5,0,1,0,2,2,0,0,8,5,8,3
2020.0,363.0,1.0,0.0,3,6,3,0,0,0,1,9,1,1,0,1,9,1,1,8,4,5,0,1,0,1,1,0,10,7,5,8,3
2020.0,0.0,1.0,0.0,3,2,3,0,0,0,0,9,1,1,0,0,2,1,1,13,4,5,0,0,0,1,2,0,5,2,5,3,3
2020.0,500.0,0.0,0.0,3,2,3,0,0,0,0,4,1,1,0,1,4,1,1,13,4,5,0,0,0,2,1,0,6,4,5,3,9
2020.0,0.0,2.0,1.0,0,2,3,0,0,0,1,5,1,1,0,1,9,0,1,8,5,5,1,1,0,1,1,0,4,2,5,3,9
2020.0,-94.0,0.0,0.0,3,2,3,0,0,0,1,1,1,1,1,1,5,1,1,15,5,5,1,0,0,0,1,0,10,5,5,6,8
2020.0,0.0,0.0,0.0,3,4,0,0,0,0,1,4,1,1,0,0,5,1,1,23,5,5,1,0,0,2,2,0,4,5,5,3,9
2020.0,154.0,0.0,0.0,3,2,0,0,0,0,0,5,1,1,0,1,1,1,1,1,6,5,1,0,0,2,2,0,6,2,5,3,9
2020.0,100.0,1.0,0.0,3,4,0,0,0,2,1,9,1,1,0,1,3,1,1,4,0,5,0,0,0,1,0,0,0,4,5,9,9
2020.0,115.0,0.0,0.0,3,5,3,0,0,0,1,1,1,1,0,1,1,1,1,9,0,5,0,1,0,1,0,0,9,5,5,8,1
2020.0,0.0,0.0,0.0,3,6,3,0,0,0,1,1,1,1,0,0,1,1,1,13,1,5,0,0,0,1,1,0,4,8,5,8,3
2020.0,0.0,1.0,0.0,2,2,3,0,0,0,0,1,1,1,0,1,2,1,1,14,1,5,0,0,0,0,0,0,4,2,5,9,3
2020.0,0.0,0.0,0.0,3,4,3,0,0,0,1,1,1,1,0,0,9,1,1,6,2,5,0,0,0,1,1,0,4,2,5,3,9
2020.0,0.0,0.0,0.0,3,2,3,0,0,0,1,9,1,1,0,1,5,1,1,9,2,5,0,1,0,0,2,0,4,2,5,3,3
2020.0,-300.0,0.0,0.0,3,10,3,0,0,0,1,2,1,1,0,1,2,1,1,14,2,5,0,0,0,1,1,0,6,5,5,5,5
2020.0,0.0,3.0,0.0,2,4,3,0,0,0,1,5,1,0,0,1,2,1,1,18,2,5,0,1,0,1,1,0,5,2,5,9,3
2020.0,0.0,1.0,0.0,3,6,3,0,0,0,0,4,1,1,0,1,4,1,1,12,3,5,0,0,0,1,0,0,5,8,5,8,3
2020.0,300.0,0.0,0.0,3,5,3,0,0,0,2,8,1,1,1,1,9,1,1,15,3,5,0,0,0,0,1,0,6,5,5,6,5
2020.0,30.0,0.0,0.0,3,6,3,0,0,0,0,5,1,1,0,0,5,1,1,6,4,5,0,0,0,2,1,0,10,7,5,8,3
2020.0,0.0,0.0,0.0,3,2,3,0,0,0,0,1,1,1,0,1,5,1,1,9,4,5,0,1,0,1,1,0,4,2,5,3,3
2020.0,0.0,2.0,0.0,2,2,3,0,0,0,0,9,1,1,0,0,2,1,1,10,4,5,0,0,0,2,1,0,5,5,5,3,9
2020.0,-235.0,0.0,0.0,3,10,3,0,0,0,0,9,1,1,0,0,9,1,1,10,4,5,0,0,0,2,1,0,0,9,9,2,2
2020.0,300.0,0.0,0.0,3,10,3,0,0,0,0,5,1,1,0,1,5,1,1,11,4,5,0,0,0,1,0,0,6,5,5,5,5
2020.0,-30.0,0.0,0.0,3,6,3,0,0,0,1,2,1,1,0,1,2,1,1,11,4,5,0,0,0,2,1,0,10,8,5,8,3
2020.0,-30.0,0.0,0.0,3,10,3,0,0,0,1,2,1,0,0,0,2,1,1,12,4,5,0,0,0,1,2,0,10,5,5,8,3
2020.0,0.0,1.0,0.0,3,5,3,0,0,2,0,2,1,1,0,0,9,1,1,15,4,5,0,0,0,1,0,0,5,5,5,5,5
2020.0,-530.0,2.0,0.0,3,2,3,0,0,0,1,2,1,1,0,1,1,1,1,15,4,5,0,0,0,0,1,0,0,2,5,3,9
2020.0,-148.0,0.0,0.0,3,6,3,0,0,0,0,1,1,1,0,1,1,1,1,16,4,5,0,1,0,2,1,0,10,7,5,8,3
2020.0,40.0,0.0,0.0,3,10,4,0,0,0,1,9,1,1,0,1,9,1,1,18,4,5,0,1,0,1,1,0,0,5,5,9,3
2020.0,0.0,0.0,0.0,3,4,3,0,0,0,0,2,1,1,0,0,5,1,1,18,4,5,0,1,0,2,1,0,5,2,5,3,9
2020.0,-50.0,0.0,1.0,0,5,3,0,0,2,1,1,0,1,0,0,2,1,1,19,4,5,0,1,0,1,0,0,10,2,5,8,3
2020.0,0.0,1.0,0.0,2,4,0,0,0,0,1,1,1,1,0,0,9,1,1,22,4,5,0,0,0,1,0,0,4,2,5,3,9
2020.0,-265.0,1.0,0.0,1,6,0,0,0,0,0,2,0,1,0,0,2,1,1,23,4,5,0,0,0,1,2,0,6,7,5,3,3
2020.0,0.0,1.0,0.0,3,4,3,0,0,0,1,4,0,1,0,0,5,1,1,8,5,5,1,1,0,1,1,0,4,2,5,3,9
2020.0,-30.0,2.0,0.0,3,6,3,0,0,0,1,2,1,1,0,0,2,1,1,12,5,5,1,0,0,1,1,0,10,8,5,8,3
2020.0,30.0,0.0,0.0,3,6,3,0,0,0,1,5,1,1,0,1,5,1,1,14,5,5,1,0,0,1,1,0,10,7,5,8,3
2020.0,245.0,0.0,0.0,3,9,3,0,0,0,2,5,1,1,1,1,2,1,1,15,5,5,1,0,0,0,1,0,6,5,5,6,3
2020.0,0.0,1.0,0.0,2,5,3,0,0,0,1,1,1,1,0,1,5,0,1,17,5,5,1,1,0,0,0,0,5,2,5,3,9
2020.0,0.0,0.0,0.0,3,2,3,0,0,0,1,9,1,1,0,0,5,1,1,18,5,5,1,1,0,2,1,0,4,2,5,3,3
2020.0,83.0,0.0,0.0,3,6,3,0,0,0,1,1,1,1,0,1,1,1,1,12,6,5,1,0,0,2,1,0,6,7,5,8,3
2020.0,310.0,0.0,0.0,3,2,3,0,0,0,0,2,1,1,0,1,1,1,1,15,6,5,1,0,0,2,2,0,0,2,5,3,9
2020.0,-15.0,1.0,0.0,3,5,3,0,0,2,1,2,1,1,0,0,1,1,1,18,6,5,1,1,0,1,1,0,10,9,5,8,3
2020.0,0.0,0.0,0.0,3,2,3,0,0,0,1,5,1,1,0,0,5,1,1,5,0,5,0,0,0,1,1,0,4,4,5,3,9
2020.0,0.0,0.0,0.0,3,4,3,0,0,0,0,2,1,1,0,1,5,1,1,14,0,5,0,0,0,2,1,0,4,2,5,3,9
2020.0,0.0,0.0,0.0,3,4,0,0,0,0,1,2,1,1,0,0,5,1,1,21,0,5,0,0,0,2,2,0,4,2,5,3,9
2020.0,615.0,0.0,0.0,3,6,0,0,0,0,0,5,1,1,0,0,5,1,1,21,0,5,0,0,0,2,2,0,6,7,5,9,3
2020.0,112.0,1.0,0.0,2,6,3,0,0,0,0,5,1,1,0,1,5,1,1,13,1,5,0,0,0,1,1,0,10,8,5,8,3
2020.0,-200.0,0.0,0.0,3,10,3,0,0,0,2,2,1,1,0,0,2,1,1,17,1,5,0,1,0,0,2,0,10,9,5,3,2
2020.0,0.0,2.0,0.0,2,4,3,0,0,0,1,9,1,1,0,0,2,1,1,17,1,5,0,1,0,1,2,0,5,2,5,3,9
2020.0,15.0,1.0,0.0,2,5,3,0,0,2,1,1,1,1,0,1,2,1,1,18,1,5,0,1,0,1,0,0,10,5,5,9,7
2020.0,0.0,0.0,0.0,3,10,3,0,0,0,1,5,1,1,0,0,5,1,1,6,2,5,0,0,0,2,1,0,5,2,5,9,9
2020.0,-50.0,0.0,0.0,3,10,3,0,0,0,1,5,1,1,0,1,5,1,1,11,2,5,0,0,0,1,1,0,10,5,5,3,3
2020.0,-213.0,0.0,0.0,3,2,3,0,0,0,1,1,1,1,0,1,1,1,1,12,2,5,0,0,0,1,1,0,0,5,5,9,9
2020.0,-49.0,0.0,0.0,3,10,3,0,0,0,1,2,1,1,0,0,2,1,1,13,2,5,0,0,0,0,1,0,10,9,5,3,2
2020.0,0.0,0.0,0.0,3,10,3,0,4,0,0,2,1,1,0,1,1,1,1,13,2,5,0,0,1,2,2,0,5,2,5,3,8
2020.0,50.0,0.0,0.0,3,6,3,0,0,0,1,1,1,1,0,0,9,1,1,13,2,5,0,0,0,2,2,0,10,5,5,8,1
2020.0,100.0,0.0,0.0,3,6,3,0,0,0,2,9,1,1,0,1,9,1,1,14,2,5,0,0,0,0,1,0,10,7,5,8,3
2020.0,0.0,2.0,0.0,2,4,3,0,0,0,0,2,1,1,0,1,5,1,1,15,2,5,0,0,0,1,2,0,4,2,5,3,9
2020.0,25.0,2.0,0.0,3,6,3,0,0,0,1,9,1,1,0,0,9,1,1,15,2,5,0,0,0,2,1,0,10,8,5,8,3
2020.0,0.0,1.0,0.0,2,4,3,0,0,0,1,9,1,1,0,0,1,1,1,18,2,5,0,1,0,2,2,0,4,2,5,3,9
2020.0,-30.0,0.0,0.0,3,10,3,0,0,0,1,2,1,1,0,1,2,1,1,10,3,5,0,0,0,2,2,0,10,9,5,3,2
2020.0,100.0,0.0,0.0,3,6,3,0,3,0,2,9,1,1,0,0,9,1,1,14,3,5,0,0,0,0,0,0,10,5,5,3,3
2020.0,-142.0,1.0,0.0,3,6,3,0,0,0,0,2,1,1,0,1,2,1,1,14,3,5,0,0,0,1,1,0,10,8,5,3,3
2020.0,-333.0,0.0,0.0,3,4,3,0,0,0,1,9,1,1,0,1,2,1,1,16,3,5,0,1,0,1,1,0,10,2,5,3,9
2020.0,40.0,0.0,0.0,3,10,3,0,0,0,1,9,1,1,0,0,9,1,1,16,3,5,0,1,0,0,0,0,10,9,5,8,2
2020.0,0.0,0.0,0.0,3,4,3,0,0,0,0,1,1,1,0,1,9,1,1,16,3,5,0,1,0,2,2,0,4,2,5,3,9
2020.0,156.0,1.0,0.0,1,6,3,0,0,0,1,2,0,1,3,1,2,1,1,17,3,5,0,1,0,1,1,0,5,5,5,6,9
2020.0,250.0,0.0,0.0,3,2,0,0,0,0,1,2,1,1,0,1,1,1,1,20,3,5,0,0,0,1,1,0,6,2,5,3,5
2020.0,-132.0,0.0,1.0,0,5,0,0,0,3,0,1,1,1,0,1,2,0,1,20,3,5,0,0,0,0,1,0,6,2,7,3,7
2020.0,500.0,1.0,0.0,2,2,3,0,0,0,1,1,1,1,0,1,2,1,1,8,4,5,0,1,0,2,1,0,4,5,5,3,3
2020.0,30.0,1.0,0.0,2,6,3,0,0,0,0,5,1,1,0,0,5,1,1,10,4,5,0,0,0,1,0,0,10,8,5,8,3
2020.0,-405.0,1.0,0.0,2,9,3,0,0,0,1,2,1,1,0,0,5,1,1,10,4,5,0,0,0,1,1,0,6,9,5,3,5
2020.0,-137.0,0.0,0.0,3,6,3,0,0,0,0,2,1,1,0,1,2,1,1,11,4,5,0,0,0,2,1,0,10,8,5,8,3
2020.0,0.0,3.0,0.0,3,2,3,0,0,0,0,1,1,1,0,0,5,1,1,11,4,5,0,0,0,2,1,0,4,2,5,3,3
2020.0,0.0,0.0,0.0,3,2,3,0,0,0,1,9,1,1,0,0,2,1,1,12,4,5,0,0,0,2,2,0,4,2,5,3,3
2020.0,550.0,1.0,0.0,2,2,4,0,0,0,1,5,1,1,0,0,1,1,1,18,4,5,0,1,0,2,0,0,0,2,5,3,9
2020.0,405.0,0.0,0.0,3,6,3,0,0,0,1,1,1,1,0,1,1,1,1,18,4,5,0,1,0,1,2,0,6,7,5,3,8
2020.0,433.0,0.0,0.0,3,2,4,0,0,0,1,1,1,1,0,0,5,1,1,18,4,5,0,1,0,2,2,0,6,2,5,3,9
2020.0,325.0,0.0,0.0,3,10,0,0,0,0,1,2,0,1,0,1,2,1,1,0,5,5,1,0,0,1,1,0,6,9,5,3,2
2020.0,-150.0,0.0,0.0,3,12,5,0,0,0,2,8,1,1,1,1,1,1,1,13,5,5,1,0,0,0,1,0,6,5,5,6,5
2020.0,35.0,1.0,0.0,3,6,3,0,0,0,1,5,1,1,0,0,5,1,1,15,5,5,1,0,0,1,0,0,10,5,8,3,8
2020.0,350.0,0.0,0.0,3,4,5,4,0,0,2,1,1,1,0,1,9,1,1,18,5,5,1,1,0,0,1,0,5,2,5,3,9
2020.0,0.0,1.0,0.0,2,6,0,0,0,0,0,5,1,1,0,1,5,1,1,20,5,5,1,0,0,2,2,0,4,8,5,9,9
2020.0,-47.0,0.0,0.0,3,6,0,0,0,0,0,2,1,1,0,1,2,1,1,23,5,5,1,0,0,1,2,0,10,7,5,8,3
2020.0,104.0,0.0,0.0,3,6,0,0,0,0,1,9,0,1,0,1,9,1,1,0,6,5,1,0,0,1,2,0,10,7,5,8,3
2020.0,89.0,0.0,0.0,3,2,0,0,0,0,1,2,0,1,1,1,9,1,1,1,6,5,1,0,0,1,1,0,6,7,5,6,9
2020.0,-243.0,0.0,0.0,3,6,0,0,0,0,1,1,1,1,1,1,9,1,1,9,6,5,1,1,0,1,1,0,6,7,5,6,1
2020.0,0.0,2.0,0.0,2,2,3,0,0,0,0,9,1,1,0,1,5,1,1,12,6,5,1,0,0,1,0,0,4,2,5,3,3
2020.0,-200.0,0.0,0.0,3,12,0,4,3,0,2,8,1,1,1,1,5,1,1,13,6,5,1,0,0,0,1,0,6,5,5,6,5
2020.0,0.0,0.0,0.0,3,2,3,0,0,0,0,5,1,1,0,1,9,1,1,7,0,5,0,1,0,1,2,0,5,5,5,3,3
2020.0,-30.0,2.0,0.0,3,6,3,0,0,0,1,2,1,1,0,1,2,1,1,13,0,5,0,0,0,1,2,0,4,7,5,8,3
2020.0,400.0,0.0,0.0,3,6,3,0,0,0,1,9,1,1,0,0,9,1,1,14,0,5,0,0,0,2,1,0,0,2,5,3,3
2020.0,-100.0,0.0,0.0,3,10,0,0,0,0,2,1,1,1,0,1,1,1,1,20,0,5,0,0,0,0,1,0,10,9,5,9,3
2020.0,-140.0,1.0,0.0,3,6,3,0,0,0,0,2,1,1,0,1,2,1,1,13,1,5,0,0,0,1,2,0,10,7,5,8,3
2020.0,-218.0,1.0,0.0,3,6,3,0,0,0,1,1,1,1,0,1,1,1,1,15,1,5,0,0,0,1,1,0,10,7,5,8,3
2020.0,0.0,1.0,0.0,3,4,3,0,0,0,0,5,1,1,0,0,9,1,1,17,1,5,0,1,0,2,1,0,5,2,5,3,9
2020.0,50.0,0.0,0.0,3,10,4,0,0,0,2,1,1,1,1,1,1,1,1,18,1,5,0,1,0,0,2,0,6,9,5,6,3
2020.0,359.0,0.0,0.0,3,6,3,0,0,0,1,2,1,1,0,0,2,1,1,18,1,5,0,1,0,2,1,0,0,8,5,8,3
2020.0,-175.0,0.0,0.0,3,2,3,0,0,0,2,1,1,1,0,1,5,1,1,19,1,5,0,1,0,0,1,0,0,9,5,3,3
2020.0,-50.0,1.0,0.0,2,10,3,0,0,0,1,9,1,1,0,0,9,1,1,8,2,5,0,1,0,0,0,0,6,5,5,5,5
2020.0,-400.0,0.0,0.0,3,4,3,0,0,0,1,5,1,1,0,1,1,1,1,10,2,5,0,0,0,2,2,0,6,2,5,3,9
2020.0,-270.0,2.0,0.0,2,6,3,0,0,0,1,2,1,1,0,0,2,1,1,14,2,5,0,0,0,1,2,0,0,8,5,8,3
2020.0,0.0,0.0,0.0,3,2,3,0,0,0,0,9,1,1,0,1,5,1,1,5,3,5,0,0,0,1,2,0,4,2,5,9,3
2020.0,-80.0,0.0,0.0,3,6,3,0,0,0,1,9,1,1,0,1,9,1,1,8,3,5,0,1,0,1,0,0,10,7,5,8,3
2020.0,-35.0,0.0,0.0,3,6,3,0,0,0,1,1,0,1,0,0,1,1,1,12,3,5,0,0,0,1,1,0,10,8,5,8,3
2020.0,-30.0,0.0,0.0,3,6,3,0,0,0,1,9,0,1,0,1,9,1,1,12,3,5,0,0,0,1,1,0,10,8,5,8,3
2020.0,-96.0,0.0,0.0,3,6,3,0,0,0,1,9,1,1,0,1,1,1,1,13,3,5,0,0,0,1,1,0,10,5,5,8,1
2020.0,0.0,1.0,0.0,3,2,3,0,0,0,0,1,1,1,0,0,5,1,1,13,3,5,0,0,0,0,1,0,4,5,5,3,3
2020.0,0.0,1.0,0.0,3,2,2,0,0,0,1,9,1,1,0,0,5,1,1,6,4,5,0,0,0,1,1,0,10,5,5,3,3
2020.0,-88.0,0.0,0.0,3,6,3,0,0,0,0,2,1,1,0,1,2,1,1,9,4,5,0,1,0,0,1,0,10,8,5,8,3
2020.0,200.0,0.0,0.0,3,10,3,0,0,0,0,2,1,1,0,1,2,1,1,10,4,5,0,0,0,0,1,0,6,5,5,3,2
2020.0,0.0,3.0,0.0,2,2,3,0,0,0,1,1,1,1,0,1,2,1,1,10,4,5,0,0,0,0,1,0,4,2,5,3,3
2020.0,0.0,0.0,0.0,3,2,3,0,0,0,1,2,1,1,0,1,9,1,1,10,4,5,0,0,0,1,1,0,10,5,5,9,3
2020.0,440.0,0.0,0.0,3,10,3,0,0,0,0,1,1,1,0,0,1,1,1,11,4,5,0,0,0,1,0,0,6,9,5,3,2
2020.0,0.0,1.0,0.0,2,2,3,0,0,0,1,9,1,1,0,1,5,1,1,13,4,5,0,0,0,1,1,0,4,2,5,3,3
2020.0,0.0,1.0,0.0,2,4,3,0,0,0,0,1,1,1,0,1,2,1,1,14,4,5,0,0,0,2,1,0,4,2,5,9,3
2020.0,0.0,0.0,0.0,3,2,3,0,0,0,0,2,1,1,0,1,1,1,1,15,4,5,0,0,0,2,1,0,4,2,5,9,3
2020.0,0.0,1.0,0.0,3,4,3,0,0,0,1,4,1,1,0,0,5,1,1,16,4,5,0,1,0,2,1,0,4,2,5,3,9
2020.0,0.0,0.0,0.0,3,4,0,0,0,0,1,9,1,1,0,1,2,1,1,20,4,5,0,0,0,0,2,0,4,2,5,9,3
2020.0,0.0,0.0,0.0,3,10,3,0,0,0,1,1,1,1,0,1,1,1,1,10,5,5,1,0,0,1,2,0,5,5,5,3,9
2020.0,364.0,0.0,0.0,3,10,3,0,0,0,2,1,1,1,0,0,1,1,1,12,5,5,1,0,0,0,1,0,6,9,5,3,5
2020.0,-40.0,4.0,0.0,2,6,3,0,0,0,1,2,1,1,0,1,2,1,1,14,5,5,1,0,0,2,2,0,10,5,5,8,3
2020.0,34.0,2.0,0.0,2,6,3,0,0,0,0,9,1,1,0,1,9,1,1,11,6,5,1,0,0,1,1,0,5,7,5,9,2
2020.0,0.0,0.0,0.0,3,2,3,0,0,0,1,9,1,1,0,1,5,1,1,12,6,5,1,0,0,1,0,0,4,2,5,9,3
2020.0,-200.0,0.0,0.0,3,6,3,0,0,0,2,2,1,1,0,0,2,1,1,19,6,5,1,1,0,0,1,0,10,7,5,8,3
2020.0,0.0,2.0,0.0,2,2,3,0,0,0,1,1,1,1,0,0,2,1,1,10,0,6,0,0,0,0,2,0,4,2,5,3,3
2020.0,-758.0,0.0,0.0,3,10,3,0,0,0,0,1,1,1,0,1,1,1,1,13,0,6,0,0,0,1,1,0,0,4,5,3,9
2020.0,-102.0,1.0,0.0,3,6,3,0,0,0,1,2,1,1,0,1,2,1,1,13,0,6,0,0,0,2,1,0,10,7,5,8,3
2020.0,118.0,0.0,0.0,3,10,3,0,0,0,0,9,1,1,0,1,2,1,1,14,0,6,0,0,0,2,2,0,10,2,2,3,3
2020.0,0.0,1.0,0.0,2,4,3,0,0,0,1,2,1,1,0,0,9,1,1,15,0,6,0,0,0,1,2,0,4,2,5,9,3
2020.0,90.0,1.0,0.0,3,10,3,0,0,0,0,5,1,1,0,0,5,1,1,16,0,6,0,1,0,2,1,0,10,5,5,5,5
2020.0,-150.0,0.0,0.0,3,2,3,0,0,0,1,1,1,1,0,1,1,1,1,16,0,6,0,1,0,1,1,0,0,5,5,9,9
2020.0,100.0,0.0,0.0,3,2,3,0,0,0,2,2,1,1,0,0,2,1,1,17,0,6,0,1,0,0,0,0,10,9,5,3,2
2020.0,-30.0,1.0,0.0,2,6,3,0,0,0,0,2,1,1,0,0,2,1,1,18,0,6,0,1,0,1,1,0,10,8,5,8,3
2020.0,-142.0,7.0,0.0,3,6,3,0,0,0,1,1,1,1,0,1,1,1,1,11,1,6,0,0,0,1,0,0,10,8,5,8,3
2020.0,220.0,1.0,0.0,2,6,3,0,0,0,1,9,1,1,0,1,9,1,1,14,1,6,0,0,0,1,1,0,10,8,5,8,3
2020.0,-981.0,0.0,0.0,3,6,3,0,0,0,0,2,1,1,0,1,2,1,1,14,1,6,0,0,0,2,1,0,0,8,5,9,3
2020.0,0.0,0.0,0.0,3,3,3,0,0,0,0,3,1,1,0,1,5,1,1,14,1,6,0,0,0,0,2,0,4,9,5,3,9
2020.0,490.0,0.0,0.0,3,4,3,0,0,0,1,1,1,1,0,1,9,1,1,15,1,6,0,0,0,1,1,0,6,2,5,3,9
2020.0,30.0,1.0,0.0,2,6,3,0,0,0,0,9,1,0,0,1,9,1,1,15,1,6,0,0,0,1,1,0,10,7,5,8,3
2020.0,-154.0,1.0,0.0,3,6,3,0,0,0,0,1,1,1,0,0,1,1,1,16,1,6,0,1,0,1,0,0,10,8,5,3,3
2020.0,0.0,0.0,0.0,3,4,3,0,0,0,1,5,1,1,0,0,2,1,1,17,1,6,0,1,0,2,1,0,5,2,5,3,9
2020.0,25.0,0.0,0.0,3,6,4,0,0,0,1,5,1,1,0,1,5,1,1,18,1,6,0,1,0,1,1,0,10,8,5,8,3
2020.0,39.0,1.0,0.0,3,2,0,0,0,0,1,1,1,1,0,0,1,1,1,21,1,6,0,0,0,1,2,0,10,9,5,3,2
2020.0,170.0,0.0,0.0,3,6,3,0,0,0,0,9,1,1,0,1,9,1,1,7,2,6,0,1,0,1,2,0,10,7,5,8,3
2020.0,0.0,0.0,0.0,3,4,3,0,0,0,1,5,1,1,0,0,9,1,1,9,2,6,0,1,0,0,1,0,5,2,5,3,9
2020.0,-260.0,0.0,0.0,3,6,3,0,0,0,1,2,1,1,0,1,2,1,1,13,2,6,0,0,0,2,1,0,10,8,5,8,3
2020.0,91.0,1.0,0.0,2,6,3,0,0,0,0,9,1,1,0,1,9,1,1,13,2,6,0,0,0,2,1,0,10,8,5,8,3