Year,Distance,Totalinjuries,Totalfatalities,Injuryseverity,Collisionmanner,Lightcondition,Weather,SurfaceCondition,Unittype_One,Gender_Drv1,Traveldirection_One,AlcoholUse_Drv1,DrugUse_Drv1,Unittype_Two,Gender_Drv2,Traveldirection_Two,AlcoholUse_Drv2,DrugUse_Drv2,Hour,Weekday,Month,Weekend,Rush_Hour,Hazardous_Road,Age_Group_Drv1,Age_Group_Drv2,Substance_Use,Junction_Category,Violation_Category_Drv1,Violation_Category_Drv2,Unitaction_Category_Two,Unitaction_Category_One
2020.0,-550.0,0.0,0.0,3,4,3,0,0,0,0,9,1,1,0,1,2,1,1,13,2,6,0,0,0,2,2,0,6,2,5,3,9
2020.0,-45.0,0.0,0.0,3,6,3,0,0,0,1,1,1,1,0,1,1,1,1,16,2,6,0,1,0,1,1,0,10,7,5,8,3
2020.0,-169.0,1.0,0.0,3,4,3,0,0,0,1,9,1,1,0,0,1,1,1,18,2,6,0,1,0,2,1,0,0,2,5,3,9
2020.0,-167.0,1.0,0.0,3,4,3,0,0,0,0,1,1,1,0,1,5,1,1,8,3,6,0,1,0,2,2,0,0,2,5,3,9
2020.0,-30.0,1.0,0.0,3,6,3,0,0,0,1,2,1,1,0,0,2,1,1,9,3,6,0,1,0,1,1,0,10,8,5,8,3
2020.0,-380.0,0.0,0.0,3,6,3,0,0,0,1,9,1,1,0,1,9,1,1,9,3,6,0,1,0,1,1,0,6,8,5,8,8
2020.0,-0.11,0.0,0.0,3,6,3,0,0,0,1,9,1,1,0,1,9,1,1,10,3,6,0,0,0,1,1,0,10,8,5,8,3
2020.0,-30.0,1.0,0.0,3,10,3,0,0,0,0,5,1,1,0,0,5,1,1,12,3,6,0,0,0,1,1,0,10,9,5,3,2
2020.0,-104.0,0.0,0.0,3,6,3,0,0,0,1,1,1,1,0,0,1,1,1,13,3,6,0,0,0,0,1,0,10,7,5,8,3
2020.0,-232.0,0.0,0.0,3,6,3,0,0,0,0,9,1,1,0,0,9,1,1,14,3,6,0,0,0,1,1,0,6,8,5,8,3
2020.0,30.0,0.0,0.0,3,6,3,1,0,0,1,9,1,1,0,1,9,1,1,12,4,6,0,0,0,1,2,0,10,8,5,8,3
2020.0,15.0,1.0,0.0,2,5,3,0,0,0,0,9,1,1,3,0,5,1,1,9,0,6,0,1,0,0,0,0,10,2,5,7,9
2020.0,35.0,0.0,0.0,3,4,3,0,0,0,0,5,1,1,0,1,1,1,1,15,0,6,0,0,0,1,1,0,10,2,5,2,9
2020.0,0.0,2.0,0.0,3,2,0,0,0,0,1,9,1,1,0,0,5,1,1,3,1,6,0,0,0,1,1,0,4,2,5,3,3
2020.0,156.0,4.0,0.0,2,10,3,0,0,0,1,5,1,1,0,1,5,1,1,16,2,6,0,1,0,2,1,0,6,5,5,3,0
2020.0,0.0,3.0,0.0,2,2,3,0,0,0,1,9,1,1,0,1,2,1,1,11,3,6,0,0,0,1,0,0,4,2,5,3,3
2020.0,0.0,0.0,0.0,3,4,4,0,0,0,1,1,1,1,0,1,4,1,1,19,3,6,0,1,0,1,0,0,5,2,5,9,3
2020.0,0.0,2.0,0.0,3,4,3,0,0,0,0,5,1,1,0,1,1,1,1,13,4,6,0,0,0,0,1,0,4,2,5,9,3
2020.0,30.0,0.0,0.0,3,6,3,0,0,0,1,9,0,1,0,1,9,1,1,17,4,6,0,1,0,1,1,0,10,7,5,8,3
2020.0,0.0,0.0,0.0,3,2,3,0,0,0,0,2,1,1,0,0,1,1,1,9,5,6,1,1,0,1,0,0,10,5,5,3,9
2020.0,122.0,0.0,0.0,3,6,3,0,0,0,1,9,1,1,0,0,9,1,1,17,5,6,1,1,0,1,1,0,10,7,5,3,3
2020.0,130.0,0.0,0.0,3,6,3,0,0,0,1,9,1,1,0,0,9,1,1,17,5,6,1,1,0,1,1,0,10,7,5,3,3
2020.0,0.0,1.0,0.0,3,2,3,0,0,0,1,9,1,1,0,0,5,1,1,9,6,6,1,1,0,1,1,0,4,2,5,3,3
2020.0,-185.0,1.0,0.0,1,4,3,0,0,0,0,1,1,1,0,1,5,1,1,10,6,6,1,0,0,1,1,0,0,2,5,3,9
2020.0,0.0,2.0,0.0,3,2,3,0,0,0,0,9,1,1,0,1,5,1,1,13,6,6,1,0,0,2,1,0,4,2,5,3,3
2020.0,0.0,0.0,0.0,3,2,4,0,0,0,1,9,1,1,0,0,5,1,1,19,6,6,1,1,0,0,0,0,4,2,5,9,3
2020.0,0.0,1.0,0.0,3,2,3,0,0,0,0,2,1,1,0,0,1,1,1,12,0,6,0,0,0,1,1,0,4,5,5,3,3
2020.0,0.0,2.0,0.0,3,4,3,0,0,0,0,2,1,1,0,1,5,1,1,12,0,6,0,0,0,0,2,0,5,2,5,3,9
2020.0,-30.0,1.0,0.0,2,6,3,0,0,0,1,1,1,1,0,1,1,1,1,13,0,6,0,0,0,1,1,0,10,8,5,8,3
2020.0,0.0,1.0,0.0,3,2,3,0,0,0,0,5,1,1,0,0,9,1,1,14,0,6,0,0,0,2,1,0,10,2,5,3,9
2020.0,0.0,0.0,0.0,3,10,3,0,0,0,0,9,1,1,0,1,9,1,1,17,0,6,0,1,0,1,1,0,4,5,5,9,9
2020.0,-500.0,0.0,0.0,3,3,3,0,0,0,1,5,1,1,0,0,0,1,1,18,0,6,0,1,0,2,1,0,6,2,5,3,9
2020.0,231.0,0.0,0.0,3,2,3,0,0,0,1,1,1,1,0,1,2,1,1,10,1,6,0,0,0,1,1,0,0,5,5,2,9
2020.0,-208.0,1.0,0.0,3,6,3,0,0,0,1,2,1,1,0,1,2,1,1,12,1,6,0,0,0,2,1,0,10,8,5,8,3
2020.0,30.0,0.0,0.0,3,6,3,0,0,0,2,9,1,1,0,1,9,1,1,12,1,6,0,0,0,0,1,0,10,8,5,8,3
2020.0,300.0,2.0,0.0,3,6,3,0,0,0,1,5,1,1,0,1,5,1,1,13,1,6,0,0,0,1,1,0,6,8,5,3,3
2020.0,39.0,0.0,0.0,3,6,0,0,0,0,0,9,1,1,0,0,9,1,1,23,1,6,0,0,0,1,1,0,10,5,7,3,8
2020.0,400.0,0.0,0.0,3,10,5,0,0,0,2,8,1,1,1,1,5,1,1,17,2,6,0,1,0,0,1,0,6,9,5,6,5
2020.0,111.0,0.0,0.0,3,10,0,0,0,0,1,5,0,1,1,1,8,1,1,0,3,6,0,0,0,1,1,0,10,9,5,6,3
2020.0,0.0,1.0,0.0,1,5,3,0,0,0,0,4,1,1,2,0,1,1,1,6,4,6,0,0,0,1,1,0,0,2,5,3,9
2020.0,30.0,1.0,0.0,3,6,0,0,0,0,1,9,1,1,0,1,9,1,1,20,5,6,1,0,0,0,1,0,4,7,5,3,3
2020.0,-450.0,1.0,0.0,3,2,0,0,0,0,1,1,0,0,0,1,1,1,1,22,5,6,1,0,0,0,1,0,6,9,5,3,3
2020.0,0.0,1.0,0.0,2,2,0,0,0,0,0,5,1,1,0,0,2,1,0,23,5,6,1,0,0,2,2,0,4,2,5,3,9
2020.0,-200.0,0.0,0.0,3,3,0,0,0,0,1,5,1,1,0,1,2,1,1,22,0,6,0,0,0,1,0,0,6,9,5,9,2
2020.0,0.0,0.0,0.0,3,4,3,0,0,0,1,1,1,1,0,1,9,1,1,18,2,6,0,1,0,2,1,0,4,2,2,9,3
2020.0,-150.0,0.0,0.0,3,2,0,0,0,0,1,5,1,1,0,1,9,1,1,21,2,6,0,0,0,2,1,0,6,2,5,3,9
2020.0,35.0,0.0,0.0,3,6,3,0,0,0,0,5,1,0,0,1,5,1,1,7,3,6,0,1,0,1,1,0,10,8,5,8,3
2020.0,-300.0,1.0,0.0,2,4,3,0,0,0,0,6,1,1,0,1,9,1,1,7,3,6,0,1,0,1,2,0,5,2,5,3,9
2020.0,0.0,2.0,0.0,2,4,3,0,0,0,1,1,1,1,0,0,4,1,1,7,3,6,0,1,0,1,2,0,4,2,5,9,3
2020.0,0.0,0.0,0.0,3,4,3,0,0,0,1,5,1,1,0,1,2,1,1,8,3,6,0,1,0,2,1,0,4,5,5,3,9
2020.0,-20.0,2.0,0.0,2,6,3,0,0,0,1,1,1,1,0,1,1,1,1,9,3,6,0,1,0,1,1,0,10,8,5,8,3
2020.0,-123.0,2.0,0.0,2,6,3,0,0,0,0,5,1,1,0,1,9,1,1,9,3,6,0,1,0,0,1,0,0,2,5,3,9
2020.0,-30.0,0.0,0.0,3,6,3,0,0,0,1,1,1,1,0,1,1,1,1,12,3,6,0,0,0,1,1,0,10,8,5,8,3
2020.0,300.0,0.0,0.0,3,12,5,0,3,0,2,8,1,1,1,1,1,1,1,18,3,6,0,1,0,0,1,0,6,5,5,6,5
2020.0,-30.0,1.0,0.0,3,10,3,0,0,0,1,1,1,1,0,1,9,1,1,10,4,6,0,0,0,2,1,0,10,9,5,3,2
2020.0,0.0,4.0,0.0,3,4,3,0,0,0,0,3,1,1,0,0,5,1,1,10,4,6,0,0,0,2,1,0,4,2,5,3,9
2020.0,-205.0,1.0,0.0,3,6,3,0,0,0,1,9,1,1,0,1,9,1,1,10,4,6,0,0,0,2,1,0,0,8,5,3,9
2020.0,290.0,1.0,0.0,3,6,3,0,0,0,0,9,1,1,0,0,9,1,1,14,5,6,1,0,0,1,1,0,10,8,5,8,3
2020.0,60.0,0.0,0.0,3,5,0,0,0,0,1,1,1,1,0,1,9,1,1,20,5,6,1,0,0,1,2,0,10,5,5,5,1
2020.0,50.0,0.0,0.0,3,10,3,0,0,0,1,1,1,1,1,1,1,1,1,6,0,6,0,0,0,1,1,0,10,4,5,6,9
2020.0,-40.0,1.0,0.0,2,5,3,0,0,2,1,2,1,1,0,1,2,1,1,6,0,6,0,0,0,0,1,0,10,2,5,3,2
2020.0,80.0,0.0,0.0,3,6,3,0,0,0,1,5,0,1,0,1,5,1,1,12,0,6,0,0,0,1,1,0,10,8,5,8,3
2020.0,300.0,0.0,0.0,3,6,5,4,0,0,0,1,1,1,0,1,1,1,1,12,0,6,0,0,0,0,2,0,10,7,5,8,3
2020.0,0.0,3.0,0.0,2,4,3,0,0,0,1,2,1,1,0,1,5,1,1,13,0,6,0,0,0,0,0,0,4,2,5,3,9
2020.0,274.0,1.0,0.0,3,2,3,0,0,0,0,5,1,1,0,1,5,1,1,16,0,6,0,1,0,2,1,0,10,9,5,3,3
2020.0,215.0,0.0,0.0,3,10,3,0,0,0,1,9,1,1,0,1,9,1,1,10,1,6,0,0,0,1,1,0,10,9,5,3,2
2020.0,-400.0,1.0,0.0,2,6,3,0,0,0,0,1,1,1,0,1,1,1,1,11,1,6,0,0,0,2,1,0,10,8,5,8,3
2020.0,0.0,1.0,0.0,3,2,3,0,0,0,1,2,1,1,0,1,9,1,1,13,1,6,0,0,0,2,2,0,4,2,5,9,3
2020.0,-373.0,0.0,0.0,3,6,3,0,0,0,1,9,1,1,0,1,9,1,1,13,1,6,0,0,0,2,2,0,6,8,5,8,3
2020.0,0.0,2.0,0.0,2,4,3,0,0,0,1,1,1,1,0,1,2,1,1,15,1,6,0,0,0,1,1,0,4,2,5,9,3
2020.0,-10.0,0.0,0.0,3,6,3,0,0,0,1,1,1,1,0,1,1,1,1,17,1,6,0,1,0,2,1,0,10,8,5,9,9
2020.0,30.0,0.0,0.0,3,6,0,0,0,0,0,5,1,1,0,1,5,1,1,20,1,6,0,0,0,0,1,0,10,9,5,3,2
2020.0,87.0,0.0,0.0,3,10,0,0,0,0,1,5,1,1,0,1,5,1,1,20,1,6,0,0,0,2,1,0,10,9,5,3,2
2020.0,-225.0,1.0,0.0,2,5,3,0,0,2,1,2,1,1,0,0,1,1,1,11,2,7,0,0,0,2,1,0,10,5,5,3,3
2020.0,0.0,0.0,0.0,3,4,3,0,0,0,1,6,1,1,0,0,9,1,1,12,2,7,0,0,0,1,0,0,5,2,5,3,9
2020.0,-56.0,0.0,0.0,3,6,3,0,0,0,0,2,1,1,0,1,2,1,1,13,2,7,0,0,0,0,0,0,10,8,5,8,9
2020.0,495.0,0.0,0.0,3,10,3,0,0,0,1,5,1,1,0,1,5,1,1,13,2,7,0,0,0,1,1,0,3,9,5,3,2
2020.0,230.0,0.0,0.0,3,6,3,0,0,0,0,1,1,1,0,1,1,1,1,13,2,7,0,0,0,1,0,0,6,5,5,3,3
2020.0,-230.0,0.0,0.0,3,10,3,0,0,0,0,2,1,1,0,0,2,1,1,14,2,7,0,0,0,0,1,0,0,4,5,3,9
2020.0,-70.0,0.0,0.0,3,6,3,0,0,0,1,1,1,1,0,0,1,1,1,16,2,7,0,1,0,1,2,0,10,8,5,8,3
2020.0,155.0,0.0,0.0,3,6,0,0,0,0,0,1,1,1,0,0,1,1,1,23,2,7,0,0,0,2,1,0,6,8,5,8,3
2020.0,0.0,2.0,0.0,2,2,3,0,0,0,1,9,1,1,0,1,5,1,1,9,3,7,0,1,0,1,1,0,4,2,5,3,3
2020.0,0.0,1.0,0.0,2,2,3,0,0,0,1,5,1,1,0,0,1,1,1,10,3,7,0,0,0,0,2,0,4,2,5,9,3
2020.0,0.0,0.0,0.0,3,10,3,0,0,0,0,1,1,1,0,1,1,1,1,11,3,7,0,0,0,2,1,0,4,9,5,3,2
2020.0,0.0,1.0,0.0,3,4,3,0,0,0,1,9,1,1,0,1,1,1,1,13,3,7,0,0,0,1,1,0,4,2,5,9,3
2020.0,0.0,0.0,0.0,3,2,3,0,0,0,1,9,1,1,0,0,6,1,1,8,4,7,0,1,0,1,1,0,4,5,5,9,3
2020.0,-500.0,1.0,0.0,2,4,3,0,0,0,1,1,1,1,0,0,9,1,1,9,4,7,0,1,0,2,1,0,0,2,5,3,9
2020.0,-60.0,0.0,0.0,3,6,3,0,0,0,0,9,1,1,0,0,9,1,1,11,4,7,0,0,0,0,1,0,10,8,5,8,3
2020.0,0.0,0.0,0.0,3,2,3,0,0,0,0,1,1,1,0,1,5,1,1,13,4,7,0,0,0,2,1,0,5,2,5,3,9
2020.0,405.0,0.0,0.0,3,6,3,0,0,0,0,1,1,1,0,1,1,1,1,14,4,7,0,0,0,1,1,0,6,5,5,3,3
2020.0,-30.0,0.0,0.0,3,6,3,0,0,0,1,1,1,1,0,1,1,1,1,17,4,7,0,1,0,0,1,0,10,8,5,8,3
2020.0,0.0,0.0,0.0,3,4,3,0,0,0,0,4,1,1,0,0,1,1,1,8,5,7,1,1,0,1,1,0,6,4,5,3,9
2020.0,100.0,0.0,0.0,3,6,3,0,0,0,1,5,1,1,0,1,5,1,1,13,5,7,1,0,0,1,0,0,10,7,5,8,8
2020.0,0.0,1.0,0.0,3,2,3,0,0,0,0,9,1,1,0,1,5,1,1,15,5,7,1,0,0,1,2,0,4,2,5,3,3
2020.0,192.0,0.0,0.0,3,10,0,0,0,0,2,7,1,1,0,1,7,1,1,20,5,7,1,0,0,0,1,0,6,9,5,3,2
2020.0,0.0,0.0,0.0,3,4,0,0,0,0,0,1,0,1,0,0,1,1,1,0,6,7,1,0,0,1,1,0,5,4,5,9,9
2020.0,2040.0,1.0,0.0,2,2,3,0,0,0,1,9,1,1,0,1,2,1,1,11,0,7,0,0,0,0,1,0,0,9,5,3,9
2020.0,-15.0,1.0,0.0,3,6,4,0,0,0,0,2,1,1,0,0,2,1,1,19,0,7,0,1,0,2,2,0,10,7,5,3,3
2020.0,0.0,0.0,0.0,3,2,3,0,0,0,0,9,1,1,0,1,5,1,1,6,1,7,0,0,0,2,1,0,4,2,5,3,3
2020.0,0.0,0.0,0.0,3,2,3,0,0,0,1,1,1,1,0,0,2,1,1,18,1,7,0,1,0,1,1,0,4,2,5,3,3
2020.0,433.0,1.0,0.0,3,2,3,0,0,0,0,1,1,1,0,0,2,1,1,9,2,7,0,1,0,0,1,0,0,2,5,3,9
2020.0,0.0,1.0,0.0,3,6,3,0,0,0,1,1,1,1,0,1,1,1,1,18,2,7,0,1,0,1,1,0,5,7,5,3,3
2020.0,0.0,0.0,0.0,3,4,0,0,0,0,2,2,1,1,0,1,9,1,1,22,2,7,0,0,0,0,1,0,4,2,5,9,3
2020.0,-708.0,0.0,0.0,3,2,3,0,0,0,1,9,1,1,0,1,1,1,1,17,3,7,0,1,0,2,2,0,6,9,5,2,8
2020.0,-622.0,2.0,0.0,3,2,3,0,0,0,1,5,1,1,0,1,5,1,1,18,3,7,0,1,0,1,2,0,6,9,5,3,2
2020.0,-200.0,0.0,0.0,3,10,3,0,0,0,1,1,0,1,0,1,1,1,1,19,4,7,0,1,0,2,2,0,6,9,5,3,3
2020.0,-185.0,0.0,0.0,3,10,3,0,0,0,2,8,1,1,1,1,8,1,1,11,5,7,1,0,0,0,1,0,6,5,5,6,5
2020.0,150.0,0.0,0.0,3,6,3,0,0,0,1,2,1,1,0,1,2,1,1,19,5,7,1,1,0,2,1,0,6,7,5,3,3
2020.0,10.0,0.0,0.0,3,6,0,0,0,0,1,9,1,1,0,1,9,1,1,23,5,7,1,0,0,1,2,0,10,7,5,8,8
2020.0,0.0,5.0,0.0,2,4,3,0,0,0,1,5,1,1,0,0,2,1,1,15,0,7,0,0,0,1,2,0,4,2,5,3,9
2020.0,0.0,0.0,0.0,3,4,0,0,0,0,0,9,1,1,0,0,2,1,1,23,0,7,0,0,0,1,2,0,4,5,5,9,3
2020.0,-30.0,0.0,0.0,3,6,3,0,0,0,0,2,1,1,0,1,2,1,1,9,2,7,0,1,0,2,1,0,4,7,5,8,3
2020.0,430.0,0.0,0.0,3,6,3,0,0,0,0,9,1,1,1,1,9,1,1,15,2,7,0,0,0,0,1,0,6,7,5,6,3
2020.0,0.0,2.0,0.0,3,4,0,0,0,0,1,1,0,1,0,1,9,1,1,20,2,7,0,0,0,1,2,0,4,4,5,3,9
2020.0,60.0,1.0,0.0,2,6,0,0,0,0,1,5,1,1,0,0,5,1,1,21,3,7,0,0,0,1,2,0,10,7,5,8,3
2020.0,126.0,0.0,0.0,3,10,3,0,0,0,1,1,1,1,0,1,1,1,1,8,4,7,0,1,0,0,0,0,10,9,5,3,5
2020.0,-265.0,1.0,0.0,3,6,3,0,0,0,0,5,1,1,0,1,5,1,1,15,4,7,0,0,0,1,2,0,6,9,5,3,2
2020.0,300.0,0.0,0.0,3,10,3,0,0,0,2,5,1,1,0,1,5,1,1,16,4,7,0,1,0,0,0,0,10,9,5,3,2
2020.0,200.0,0.0,0.0,3,10,3,0,3,0,2,5,1,1,0,0,5,1,1,17,4,7,0,1,0,0,1,0,6,5,5,3,3
2020.0,-100.0,0.0,0.0,3,10,0,0,0,0,1,2,1,1,0,1,2,1,1,20,4,7,0,0,0,1,2,0,6,9,5,3,2
2020.0,110.0,0.0,0.0,3,2,0,0,0,0,2,1,1,1,0,1,2,1,1,23,4,7,0,0,0,0,0,0,6,5,2,9,3
2020.0,0.0,0.0,0.0,3,4,3,1,0,0,1,5,1,1,0,1,9,1,1,6,0,7,0,0,0,0,1,0,4,2,5,3,9
2020.0,15.0,1.0,0.0,2,5,0,1,0,0,1,3,1,1,3,1,1,1,1,20,0,7,0,0,0,1,1,0,10,2,5,7,9
2020.0,43.0,0.0,0.0,3,6,0,0,0,0,1,2,1,1,0,0,2,1,1,22,0,7,0,0,0,2,2,0,10,7,5,3,3
2020.0,-176.0,0.0,0.0,3,2,3,0,0,0,1,5,1,1,0,0,9,1,1,13,1,7,0,0,0,1,1,0,0,2,5,3,9
2020.0,71.0,0.0,0.0,3,9,3,0,0,0,0,1,1,1,0,1,9,1,1,14,1,7,0,0,0,1,2,0,10,7,5,8,9
2020.0,-140.0,3.0,0.0,2,6,3,0,0,0,1,2,1,0,0,0,2,1,1,13,2,7,0,0,0,1,2,0,10,7,5,8,3
2020.0,0.0,0.0,0.0,3,10,5,4,3,0,2,8,1,1,1,1,1,1,1,15,2,7,0,0,0,0,2,0,6,5,5,6,5
2020.0,255.0,0.0,0.0,3,2,3,4,0,0,0,5,1,1,0,0,1,1,1,16,2,7,0,1,0,2,1,0,6,5,5,3,9
2020.0,0.0,0.0,0.0,3,2,3,0,0,0,1,3,1,1,0,0,1,1,1,11,3,7,0,0,0,0,1,0,5,2,5,3,9
2020.0,601.0,0.0,0.0,3,2,3,1,0,0,1,5,1,1,0,0,9,1,1,13,3,7,0,0,0,1,1,0,6,2,5,3,9
2020.0,179.0,0.0,0.0,3,6,0,0,0,0,2,1,1,1,1,1,1,1,1,3,4,7,0,0,0,0,1,0,6,7,5,6,3
2020.0,0.0,0.0,0.0,3,12,3,0,0,0,2,8,1,1,0,0,8,1,1,11,4,7,0,0,0,0,1,0,6,5,5,6,5
2020.0,325.0,2.0,0.0,2,2,3,0,0,0,1,5,1,1,0,1,9,1,1,16,4,7,0,1,0,1,1,0,6,2,5,3,9
2020.0,0.0,0.0,0.0,3,2,4,3,4,0,1,2,1,1,0,0,1,1,1,19,4,7,0,1,1,1,1,0,4,2,5,3,3
2020.0,0.0,0.0,0.0,3,2,0,3,4,0,0,2,1,1,0,1,1,1,1,19,4,7,0,1,1,1,0,0,5,2,5,3,9
2020.0,-50.0,1.0,0.0,2,11,0,1,0,0,2,2,1,1,0,0,5,1,1,22,4,7,0,0,0,0,2,0,10,2,5,3,9
2020.0,0.0,1.0,0.0,2,2,3,0,0,0,1,9,1,1,0,0,5,1,1,13,5,7,1,0,0,1,0,0,4,2,5,9,3
2020.0,-115.0,0.0,0.0,3,6,0,0,0,0,1,5,1,1,0,0,5,1,1,21,5,7,1,0,0,2,2,0,10,5,5,3,9
2020.0,0.0,1.0,0.0,2,2,3,0,0,0,0,5,1,1,0,1,1,1,1,13,6,7,1,0,0,0,1,0,4,2,5,9,3
2020.0,180.0,1.0,0.0,2,6,3,0,0,0,1,2,1,1,0,0,2,1,1,15,6,7,1,0,0,2,2,0,0,8,5,9,3
2020.0,600.0,1.0,0.0,2,6,3,0,0,0,0,2,1,1,0,0,2,1,1,18,6,7,1,1,0,1,1,0,6,7,5,8,3
2020.0,-300.0,0.0,0.0,3,2,4,4,0,0,0,1,1,1,0,1,1,1,1,18,6,7,1,1,0,1,1,0,6,8,5,8,0
2020.0,-300.0,1.0,0.0,1,6,3,0,0,0,1,2,1,1,0,1,2,1,1,10,0,7,0,0,0,1,1,0,6,7,5,2,3
2020.0,0.0,0.0,0.0,3,2,3,0,0,0,1,5,0,1,0,1,1,1,1,13,0,7,0,0,0,1,1,0,4,5,5,9,9
2020.0,-70.0,0.0,0.0,3,2,3,0,0,0,1,5,1,1,0,1,9,1,1,16,0,7,0,1,0,1,2,0,10,4,5,3,9
2020.0,170.0,1.0,0.0,1,2,3,0,0,0,1,5,1,1,0,0,9,1,1,17,0,7,0,1,0,2,1,0,0,2,5,3,9
2020.0,0.0,2.0,0.0,3,4,3,0,0,0,0,5,1,1,0,0,2,1,1,18,0,7,0,1,0,2,2,0,4,2,5,3,9
2020.0,225.0,0.0,0.0,3,10,0,0,0,0,1,2,1,1,0,0,2,1,1,20,0,7,0,0,0,0,1,0,10,5,5,3,3
2020.0,0.0,1.0,0.0,3,4,0,0,0,0,1,7,1,0,0,1,1,1,1,21,0,7,0,0,0,1,1,0,4,2,5,3,9
2020.0,0.0,4.0,0.0,2,4,3,0,0,0,0,5,1,1,0,1,2,1,1,17,1,7,0,1,0,2,2,0,4,2,5,3,9
2020.0,-130.0,4.0,0.0,2,2,3,0,0,0,0,5,1,1,0,1,9,1,1,18,1,7,0,1,0,2,2,0,4,2,5,3,9
2020.0,0.0,0.0,0.0,3,6,3,0,0,0,2,9,1,1,0,1,9,1,1,7,2,7,0,1,0,0,1,0,5,7,5,8,3
2020.0,0.0,2.0,0.0,3,2,3,1,3,0,0,8,1,1,0,0,8,1,1,12,2,7,0,0,0,1,1,0,5,5,5,3,9
2020.0,0.0,1.0,0.0,2,4,3,0,0,0,1,2,1,1,0,1,5,1,1,17,2,7,0,1,0,2,1,0,5,2,5,3,9
2020.0,0.0,0.0,0.0,3,2,0,0,0,0,2,1,1,1,0,1,2,1,1,1,3,7,0,0,0,0,2,0,4,2,5,3,3
2020.0,155.0,1.0,0.0,3,6,3,0,0,0,0,9,1,1,0,0,9,1,1,7,3,7,0,1,0,1,2,0,10,9,5,3,2
2020.0,0.0,0.0,0.0,3,2,3,0,0,0,0,3,1,1,0,1,1,1,1,12,3,7,0,0,0,1,2,0,4,2,5,3,9
2020.0,0.0,0.0,0.0,3,10,3,0,0,0,2,2,1,1,0,0,2,1,1,16,3,7,0,1,0,0,1,0,4,5,5,9,5
2020.0,0.0,1.0,0.0,2,4,0,0,0,0,0,1,1,1,0,1,5,1,1,20,3,7,0,0,0,2,1,0,4,2,9,3,9
2020.0,-250.0,1.0,0.0,3,5,0,0,0,0,1,5,1,1,2,1,2,1,1,21,3,7,0,0,0,1,1,0,6,5,5,3,9
2020.0,0.0,3.0,0.0,3,4,3,0,0,0,1,5,1,1,0,1,9,1,1,16,4,7,0,1,0,1,1,0,10,2,5,3,9
2020.0,60.0,0.0,0.0,3,10,3,0,0,0,0,5,1,1,0,1,5,1,1,17,4,7,0,1,0,2,1,0,10,9,5,3,2
2020.0,-15.0,1.0,0.0,2,5,0,0,0,2,1,9,1,1,0,0,2,1,1,21,4,7,0,0,0,1,1,0,10,9,5,9,7
2020.0,-120.0,0.0,0.0,3,10,0,0,0,0,2,1,1,1,0,1,1,1,1,21,4,7,0,0,0,0,2,0,10,7,5,8,9
2020.0,287.0,0.0,1.0,0,5,3,0,0,3,1,1,1,1,0,1,5,1,1,6,5,8,1,0,0,0,1,0,6,2,5,3,7
2020.0,-27.0,0.0,0.0,3,6,3,0,0,0,1,6,1,1,0,0,6,1,1,14,5,8,1,0,0,1,1,0,10,7,5,8,3
2020.0,0.0,0.0,0.0,3,6,3,0,0,0,0,2,1,1,0,1,2,1,1,15,5,8,1,0,0,1,1,0,4,8,5,8,3
2020.0,-94.0,0.0,0.0,3,6,3,0,0,0,1,1,1,0,0,1,1,1,1,15,5,8,1,0,0,0,1,0,10,7,5,8,3
2020.0,-120.0,1.0,0.0,2,5,0,0,0,3,1,8,1,1,0,1,1,1,1,22,5,8,1,0,0,1,2,0,0,5,5,5,5
2020.0,0.0,0.0,0.0,3,2,3,1,0,0,1,9,1,1,1,1,2,1,1,12,6,8,1,0,0,1,1,0,6,5,5,6,3
2020.0,30.0,0.0,0.0,3,10,0,0,0,0,1,9,1,1,0,0,9,1,1,21,6,8,1,0,0,1,2,0,4,5,5,9,9
2020.0,0.0,4.0,0.0,1,2,0,0,0,0,1,5,0,1,0,1,1,1,1,1,0,8,0,0,0,1,1,0,4,2,5,3,3
2020.0,30.0,2.0,0.0,2,6,2,0,0,0,1,5,1,1,0,1,5,1,1,5,0,8,0,0,0,1,1,0,10,7,5,8,3
2020.0,222.0,0.0,0.0,3,6,3,0,0,0,1,9,1,1,0,1,9,1,1,9,0,8,0,1,0,2,1,0,0,8,5,8,3
2020.0,-86.0,0.0,0.0,3,10,3,0,0,0,1,2,1,1,0,1,2,1,1,9,0,8,0,1,0,2,2,0,10,9,5,3,2
2020.0,-245.0,0.0,0.0,3,2,3,0,0,0,0,9,1,1,0,1,2,1,1,15,0,8,0,0,0,1,1,0,0,2,5,3,9
2020.0,0.0,0.0,0.0,3,4,3,0,0,0,1,5,1,1,0,0,9,1,1,17,0,8,0,1,0,2,2,0,5,2,5,3,9
2020.0,0.0,2.0,0.0,2,4,3,0,0,0,0,5,1,1,0,0,9,1,1,17,0,8,0,1,0,0,2,0,4,2,5,3,9
2020.0,0.0,2.0,0.0,2,6,3,0,0,0,1,7,1,1,0,0,7,1,1,17,0,8,0,1,0,2,2,0,5,7,5,8,3
2020.0,80.0,0.0,0.0,3,10,1,0,0,0,1,1,1,1,0,1,1,1,1,20,0,8,0,0,0,0,1,0,10,9,5,3,2
2020.0,130.0,1.0,0.0,3,4,0,0,0,0,1,7,1,1,0,0,1,1,1,22,0,8,0,0,0,1,1,0,10,2,5,3,3
2020.0,100.0,0.0,0.0,3,9,0,0,0,0,2,4,1,1,0,0,3,1,1,23,0,8,0,0,0,0,1,0,6,9,5,9,9