Year,Distance,Totalinjuries,Totalfatalities,Injuryseverity,Collisionmanner,Lightcondition,Weather,SurfaceCondition,Unittype_One,Gender_Drv1,Traveldirection_One,AlcoholUse_Drv1,DrugUse_Drv1,Unittype_Two,Gender_Drv2,Traveldirection_Two,AlcoholUse_Drv2,DrugUse_Drv2,Hour,Weekday,Month,Weekend,Rush_Hour,Hazardous_Road,Age_Group_Drv1,Age_Group_Drv2,Substance_Use,Junction_Category,Violation_Category_Drv1,Violation_Category_Drv2,Unitaction_Category_Two,Unitaction_Category_One
2020.0,-300.0,0.0,0.0,3,10,0,0,0,0,2,9,1,1,1,1,9,1,1,2,1,8,0,0,0,0,1,0,6,9,5,6,3
2020.0,-273.0,0.0,0.0,3,6,3,0,0,0,1,9,1,1,1,1,9,1,1,11,1,8,0,0,0,1,1,0,6,7,5,6,3
2020.0,-71.0,0.0,0.0,3,6,3,0,0,0,0,2,1,1,0,0,2,1,1,12,1,8,0,0,0,1,1,0,10,7,5,8,3
2020.0,-30.0,0.0,0.0,3,10,3,0,0,0,1,2,1,1,0,1,2,1,1,12,1,8,0,0,0,1,2,0,10,9,5,3,3
2020.0,-50.0,0.0,0.0,3,9,3,0,0,0,1,2,1,1,1,1,5,1,1,14,1,8,0,0,0,0,1,0,10,4,5,6,9
2020.0,0.0,2.0,0.0,2,4,3,0,0,0,1,2,1,1,0,0,5,1,1,14,1,8,0,0,0,1,1,0,5,2,5,3,9
2020.0,0.0,0.0,0.0,3,6,3,0,0,0,1,9,1,1,0,1,9,1,1,17,1,8,0,1,0,2,1,0,4,8,5,8,3
2020.0,0.0,1.0,0.0,3,2,3,0,0,0,1,9,1,1,0,0,5,1,1,17,1,8,0,1,0,1,1,0,4,5,5,3,3
2020.0,30.0,1.0,0.0,3,6,0,0,0,0,0,9,1,1,0,1,9,1,1,20,1,8,0,0,0,2,1,0,10,7,5,8,3
2020.0,86.0,0.0,0.0,3,6,5,4,0,0,2,2,1,1,0,1,2,1,1,4,2,8,0,0,0,0,1,0,10,7,5,8,3
2020.0,-506.0,0.0,0.0,3,10,3,0,0,0,1,2,1,1,0,1,2,1,1,14,2,8,0,0,0,1,1,0,6,9,5,3,2
2020.0,383.0,0.0,0.0,3,2,3,4,0,0,2,1,1,1,0,0,9,1,1,15,2,8,0,0,0,0,1,0,6,2,5,3,9
2020.0,-253.0,0.0,0.0,3,9,3,0,0,0,1,5,1,1,0,0,2,1,1,16,2,8,0,1,0,1,1,0,6,5,5,8,3
2020.0,0.0,1.0,0.0,3,2,3,0,0,0,1,5,1,1,0,0,9,1,1,10,3,8,0,0,0,0,2,0,4,2,5,3,3
2020.0,-20.0,0.0,0.0,3,6,3,0,0,0,1,1,1,1,0,1,1,1,1,11,3,8,0,0,0,2,1,0,10,8,5,8,3
2020.0,0.0,0.0,0.0,3,6,3,0,0,0,0,9,1,1,0,1,9,1,1,11,3,8,0,0,0,2,1,0,4,7,5,9,3
2020.0,15.0,0.0,0.0,3,6,3,0,0,0,2,5,1,1,0,1,5,1,1,12,3,8,0,0,0,0,1,0,4,8,5,8,3
2020.0,135.0,0.0,0.0,3,6,3,0,0,0,1,9,1,1,0,1,9,1,1,16,3,8,0,1,0,1,0,0,10,8,5,8,3
2020.0,0.0,1.0,0.0,2,10,3,0,0,0,1,2,1,1,0,1,2,1,1,10,4,8,0,0,0,1,2,0,4,5,5,3,3
2020.0,-300.0,0.0,0.0,3,6,3,0,0,0,0,9,1,1,0,1,9,1,1,11,4,8,0,0,0,2,1,0,6,7,5,8,2
2020.0,-112.0,0.0,0.0,3,6,3,0,0,0,0,1,1,1,0,1,1,1,1,17,4,8,0,1,0,2,1,0,6,8,5,8,8
2020.0,-406.0,0.0,0.0,3,6,3,0,0,0,1,2,1,1,0,0,2,1,1,18,4,8,0,1,0,1,2,0,10,8,5,8,3
2020.0,275.0,1.0,0.0,2,5,0,0,0,3,1,5,0,1,0,0,1,1,1,20,4,8,0,0,0,1,1,0,6,6,5,3,7
2020.0,134.0,2.0,0.0,3,6,0,0,0,0,1,9,0,1,0,0,9,1,1,2,5,8,1,0,0,1,2,0,10,7,5,3,3
2020.0,-80.0,2.0,0.0,3,2,3,0,0,0,1,5,1,1,0,0,2,1,1,13,5,8,1,0,0,1,1,0,10,5,5,8,1
2020.0,345.0,1.0,0.0,2,2,3,0,0,0,0,9,1,1,0,0,5,1,1,10,6,8,1,0,0,0,2,0,0,2,5,3,9
2020.0,-250.0,5.0,0.0,3,6,3,0,0,0,0,1,1,1,0,1,1,1,1,11,6,8,1,0,0,1,2,0,10,7,5,8,3
2020.0,-30.0,0.0,0.0,3,10,0,0,0,0,2,2,1,1,0,1,2,1,1,19,6,8,1,1,0,0,2,0,10,9,5,8,2
2020.0,0.0,2.0,0.0,2,4,3,0,0,0,0,9,1,1,0,1,1,1,1,8,0,8,0,1,0,2,1,0,4,9,5,3,9
2020.0,25.0,0.0,0.0,3,6,3,0,0,0,1,9,1,1,0,1,9,1,1,10,0,8,0,0,0,0,2,0,10,8,5,8,3
2020.0,-30.0,0.0,0.0,3,6,3,0,0,0,1,2,1,1,0,0,2,1,1,13,0,8,0,0,0,1,0,0,10,8,5,8,3
2020.0,123.0,0.0,0.0,3,10,3,0,0,0,0,1,1,1,0,1,1,1,1,13,0,8,0,0,0,0,1,0,10,9,5,3,2
2020.0,30.0,0.0,0.0,3,10,3,0,0,0,2,5,1,1,0,0,5,1,1,17,0,8,0,1,0,0,1,0,10,9,5,3,2
2020.0,-67.0,0.0,0.0,3,10,3,0,0,0,1,2,1,1,0,1,2,1,1,17,0,8,0,1,0,1,1,0,10,4,5,5,9
2020.0,0.0,1.0,0.0,3,2,3,0,0,0,1,9,1,1,0,0,9,1,1,17,0,8,0,1,0,1,1,0,4,9,5,9,3
2020.0,-40.0,1.0,0.0,3,6,3,0,0,0,1,1,1,1,0,1,1,1,1,17,0,8,0,1,0,1,1,0,10,7,5,8,3
2020.0,78.0,0.0,0.0,3,6,3,0,0,0,1,9,1,1,0,0,9,1,1,10,1,8,0,0,0,0,2,0,10,8,5,8,3
2020.0,207.0,1.0,0.0,2,2,3,0,0,0,0,9,1,1,0,0,1,1,1,11,1,8,0,0,0,2,1,0,6,7,5,3,0
2020.0,45.0,0.0,0.0,3,6,3,0,0,0,1,2,1,1,0,0,2,1,1,12,1,8,0,0,0,1,0,0,6,7,5,3,3
2020.0,-400.0,1.0,0.0,2,6,3,0,0,0,0,2,1,0,0,1,2,1,1,14,1,8,0,0,0,2,1,0,6,7,5,3,3
2020.0,0.0,0.0,0.0,3,2,3,0,3,0,1,2,1,1,0,0,1,1,1,16,1,8,0,1,0,2,1,0,4,2,5,3,9
2020.0,10.0,0.0,0.0,3,6,3,0,3,0,1,9,1,1,0,1,9,1,1,16,1,8,0,1,0,2,0,0,4,5,5,1,8
2020.0,0.0,0.0,0.0,3,10,3,0,0,0,0,2,1,1,0,1,2,1,1,16,1,8,0,1,0,1,1,0,4,5,5,9,3
2020.0,0.0,3.0,0.0,2,4,3,0,0,0,0,9,1,1,0,0,5,1,1,18,1,8,0,1,0,1,1,0,4,2,5,9,3
2020.0,80.0,0.0,0.0,3,10,0,0,0,0,1,9,1,1,0,1,9,1,1,19,1,8,0,1,0,0,1,0,10,7,5,8,2
2020.0,-30.0,0.0,0.0,3,3,0,0,0,0,1,5,1,1,0,1,1,1,1,20,1,8,0,0,0,1,1,0,6,4,5,8,9
2020.0,-125.0,0.0,0.0,3,6,0,1,0,0,0,1,1,0,0,1,1,1,1,21,1,8,0,0,0,1,2,0,6,7,5,3,3
2020.0,0.0,1.0,0.0,2,2,3,0,0,0,1,2,1,1,0,1,9,1,1,7,2,8,0,1,0,1,0,0,4,2,5,3,3
2020.0,0.0,2.0,0.0,3,2,3,0,0,0,0,1,1,1,0,1,5,1,1,9,2,8,0,1,0,0,2,0,4,2,5,3,3
2020.0,-625.0,0.0,0.0,3,6,3,0,0,0,1,2,1,1,0,1,2,1,1,10,2,8,0,0,0,2,0,0,6,8,5,8,3
2020.0,0.0,1.0,0.0,2,2,3,0,0,0,1,1,1,1,0,0,2,1,1,13,2,8,0,0,0,1,0,0,3,2,5,9,3
2020.0,-217.0,2.0,0.0,3,6,3,0,0,0,1,1,1,1,0,1,1,1,1,16,2,8,0,1,0,2,0,0,6,8,5,8,3
2020.0,0.0,1.0,0.0,3,2,0,0,0,0,1,9,1,1,0,1,5,1,1,22,2,8,0,0,0,1,0,0,4,2,5,9,3
2020.0,-60.0,0.0,0.0,3,10,3,0,0,0,1,1,1,1,0,1,1,1,1,10,3,8,0,0,0,2,1,0,10,5,5,3,9
2020.0,0.0,4.0,0.0,2,4,3,0,0,0,1,9,1,1,0,0,6,1,1,14,3,8,0,0,0,1,1,0,5,2,5,9,3
2020.0,-300.0,0.0,0.0,3,6,3,1,0,0,1,5,1,1,0,1,5,1,1,14,3,8,0,0,0,1,1,0,6,8,5,8,3
2020.0,0.0,0.0,0.0,3,4,0,0,0,0,0,1,1,1,0,0,9,1,1,21,3,8,0,0,0,1,1,0,6,2,5,3,9
2020.0,77.0,0.0,0.0,3,6,3,0,0,0,0,1,1,1,0,1,1,1,1,10,4,8,0,0,0,1,1,0,5,8,5,8,3
2020.0,-65.0,1.0,0.0,2,2,3,0,0,3,1,9,1,1,0,1,2,1,1,12,4,8,0,0,0,2,1,0,10,2,5,9,7
2020.0,210.0,1.0,0.0,2,4,3,0,0,0,1,7,1,1,0,1,1,1,1,12,4,8,0,0,0,1,1,0,0,5,5,3,9
2020.0,-150.0,0.0,0.0,3,4,3,0,0,0,0,5,1,1,0,1,2,1,1,13,4,8,0,0,0,1,1,0,0,2,5,3,9
2020.0,110.0,0.0,0.0,3,6,3,0,0,0,0,1,1,1,0,1,1,1,1,14,4,8,0,0,0,2,2,0,6,7,5,8,3
2020.0,-354.0,0.0,0.0,3,10,3,0,0,0,0,2,1,1,0,1,2,1,1,14,4,8,0,0,0,1,1,0,10,9,5,3,2
2020.0,250.0,0.0,0.0,3,10,3,0,0,0,1,9,1,1,1,1,9,1,1,15,4,8,0,0,0,1,1,0,0,5,5,6,9
2020.0,80.0,0.0,0.0,3,10,3,0,0,0,1,1,1,1,0,1,1,1,1,15,4,8,0,0,0,1,1,0,4,4,5,8,2
2020.0,73.0,0.0,0.0,3,6,3,0,0,0,0,5,1,1,0,1,5,1,1,15,4,8,0,0,0,1,1,0,10,7,5,8,3
2020.0,120.0,0.0,0.0,3,10,3,0,0,0,0,1,1,1,0,1,1,1,1,18,4,8,0,1,0,2,1,0,6,5,5,3,3
2020.0,0.0,0.0,0.0,3,2,0,0,3,0,1,2,1,1,0,1,9,1,1,19,4,8,0,1,0,2,1,0,4,2,5,9,3
2020.0,0.0,1.0,0.0,2,6,3,0,0,2,1,9,1,1,0,1,9,1,1,12,5,8,1,0,0,2,1,0,5,4,5,3,9
2020.0,0.0,0.0,0.0,3,4,3,0,1,0,0,5,1,1,0,1,9,1,1,18,5,8,1,1,0,0,2,0,5,2,5,3,9
2020.0,0.0,0.0,0.0,3,2,0,0,0,0,0,9,1,1,0,1,5,1,1,19,5,8,1,1,0,1,1,0,4,2,5,3,3
2020.0,-80.0,0.0,0.0,3,2,3,0,0,0,1,6,1,1,0,0,5,1,1,10,6,8,1,0,0,1,1,0,6,4,5,3,9
2020.0,174.0,0.0,0.0,3,6,3,0,0,0,0,5,1,1,0,0,5,1,1,12,6,8,1,0,0,2,2,0,10,8,5,8,3
2020.0,0.0,0.0,0.0,3,4,3,1,0,0,1,2,1,1,0,1,5,1,1,13,6,8,1,0,0,1,1,0,5,4,5,3,9
2020.0,74.0,0.0,0.0,3,10,3,0,0,0,2,9,1,1,0,0,9,1,1,15,6,8,1,0,0,0,1,0,10,4,5,3,9
2020.0,-180.0,0.0,0.0,3,2,3,1,0,0,1,7,1,1,0,1,4,1,1,16,6,8,1,1,0,1,1,0,0,2,5,3,9
2020.0,73.0,5.0,0.0,3,6,3,1,0,0,1,2,1,1,0,1,2,1,1,17,6,8,1,1,0,2,2,0,6,7,5,8,3
2020.0,-80.0,0.0,0.0,3,10,3,0,0,0,1,1,1,1,0,1,1,1,1,7,0,8,0,1,0,2,1,0,10,9,5,8,9
2020.0,-368.0,1.0,0.0,3,10,3,0,0,0,1,1,1,1,0,1,1,1,1,8,0,8,0,1,0,1,1,0,0,4,5,3,9
2020.0,-62.0,1.0,0.0,2,3,3,0,0,0,1,5,1,1,0,0,2,1,1,9,0,8,0,1,0,1,1,0,10,7,5,8,3
2020.0,217.0,1.0,0.0,2,2,3,0,0,0,0,5,1,1,2,1,5,1,1,15,0,8,0,0,0,1,2,0,0,2,5,3,9
2020.0,0.0,2.0,0.0,2,2,3,0,0,0,0,5,0,1,0,1,1,1,1,16,0,8,0,1,0,1,2,0,4,2,5,9,3
2020.0,-108.0,0.0,0.0,3,6,0,2,0,0,2,1,1,1,0,0,1,1,1,19,0,8,0,1,0,0,2,0,10,7,5,8,2
2020.0,-160.0,0.0,0.0,3,6,0,3,0,0,0,5,1,1,0,0,5,1,1,19,0,8,0,1,0,2,1,0,6,7,5,8,3
2020.0,80.0,2.0,0.0,3,6,0,0,0,0,1,9,1,1,0,1,9,1,1,22,0,8,0,0,0,1,1,0,10,7,5,8,3
2020.0,291.0,1.0,0.0,3,10,3,0,0,0,1,1,1,1,0,0,1,1,1,10,1,8,0,0,0,2,2,0,6,4,5,3,9
2020.0,100.0,0.0,0.0,3,6,3,0,0,0,2,9,1,1,0,0,9,1,1,11,1,8,0,0,0,0,2,0,6,8,5,8,3
2020.0,429.0,1.0,0.0,1,2,3,0,0,0,0,1,1,1,0,1,5,1,1,12,1,8,0,0,0,2,1,0,0,2,5,3,3
2020.0,-150.0,0.0,0.0,3,6,3,0,0,0,1,2,1,1,0,1,2,1,1,14,1,8,0,0,0,2,2,0,10,8,5,8,3
2020.0,430.0,0.0,0.0,3,6,3,0,0,0,1,5,1,1,0,0,5,1,1,16,1,8,0,1,0,1,2,0,10,8,5,8,3
2020.0,0.0,3.0,0.0,2,4,3,1,0,0,0,2,1,1,0,1,5,1,1,17,1,8,0,1,0,2,1,0,4,2,5,3,9
2020.0,0.0,0.0,0.0,3,4,0,0,0,0,1,1,1,1,0,1,9,1,1,23,1,8,0,0,0,2,1,0,4,2,5,3,9
2020.0,-77.0,0.0,0.0,3,10,3,0,0,0,1,9,1,1,0,1,9,1,1,7,2,8,0,1,0,1,1,0,10,9,5,3,2
2020.0,268.0,1.0,0.0,3,6,3,0,0,0,2,9,1,1,0,1,9,1,1,10,2,8,0,0,0,0,1,0,6,8,5,8,5
2020.0,0.0,0.0,0.0,3,4,3,0,0,0,1,1,1,1,0,0,1,1,1,12,2,8,0,0,0,2,2,0,4,5,5,9,9
2020.0,0.0,0.0,0.0,3,6,3,0,0,0,0,2,1,1,0,0,2,1,1,13,2,8,0,0,0,2,1,0,5,8,5,8,3
2020.0,-390.0,1.0,0.0,2,6,3,0,0,0,0,9,1,1,0,1,9,1,1,16,2,8,0,1,0,1,1,0,6,8,5,8,3
2020.0,485.0,0.0,0.0,3,6,3,0,0,0,1,2,1,1,0,1,2,1,1,17,2,8,0,1,0,1,2,0,10,8,5,8,3
2020.0,200.0,1.0,0.0,2,2,3,0,0,0,0,1,1,1,0,1,3,1,1,16,4,8,0,1,0,1,1,0,6,2,5,3,9
2020.0,0.0,1.0,0.0,2,4,0,0,0,0,0,1,0,1,0,1,9,1,1,19,4,8,0,1,0,1,2,0,10,2,5,3,9
2020.0,0.0,0.0,0.0,3,4,0,0,0,0,1,2,1,1,0,1,5,1,1,0,5,8,1,0,0,2,2,0,5,2,5,3,9
2020.0,0.0,0.0,0.0,3,10,0,0,0,0,0,1,0,1,0,1,1,1,1,1,6,8,1,0,0,2,2,0,5,9,5,3,2
2020.0,0.0,1.0,0.0,3,2,3,0,0,0,0,5,0,1,0,1,9,1,1,18,6,8,1,1,0,1,1,0,4,2,5,3,9
2020.0,0.0,1.0,0.0,3,4,0,0,0,0,0,1,1,1,0,1,9,1,1,20,0,8,0,0,0,2,2,0,4,2,5,3,9
2020.0,-200.0,0.0,0.0,3,10,0,0,3,0,2,2,1,1,0,0,2,1,1,23,2,8,0,0,0,0,1,0,10,9,5,3,3
2020.0,366.0,1.0,0.0,2,2,0,0,0,0,1,5,1,1,0,1,9,0,1,21,4,8,0,0,0,2,2,0,6,9,5,3,9
2020.0,0.0,1.0,0.0,1,4,0,0,0,0,0,5,1,1,0,1,9,1,1,23,4,8,0,0,0,2,1,0,0,2,7,3,9
2020.0,0.0,1.0,0.0,1,4,4,1,0,0,1,4,1,1,0,1,5,1,1,18,5,8,1,1,0,0,2,0,5,2,5,3,9
2020.0,0.0,4.0,0.0,1,4,0,1,0,0,0,2,1,1,0,1,5,1,1,18,5,8,1,1,0,2,1,0,5,2,5,9,3
2020.0,-500.0,0.0,0.0,3,6,3,0,0,0,0,9,1,1,0,1,9,1,1,18,0,8,0,1,0,0,0,0,4,7,5,9,9
2020.0,0.0,2.0,0.0,3,4,3,0,0,0,1,2,1,1,0,0,5,1,1,12,1,9,0,0,0,2,2,0,5,5,5,9,3
2020.0,0.0,0.0,0.0,3,6,0,0,0,0,1,9,0,1,0,0,9,1,1,18,2,9,0,1,0,2,1,0,6,7,5,8,3
2020.0,60.0,2.0,0.0,3,6,3,0,0,0,1,5,1,0,0,1,5,1,1,7,3,9,0,1,0,1,1,0,10,8,5,8,3
2020.0,0.0,1.0,0.0,3,2,3,0,0,0,0,1,1,1,0,1,2,1,1,8,3,9,0,1,0,2,1,0,4,5,5,5,5
2020.0,-120.0,0.0,0.0,3,6,3,0,0,0,0,2,1,1,0,1,2,1,1,9,3,9,0,1,0,1,1,0,4,8,5,8,3
2020.0,-86.0,1.0,0.0,3,6,3,0,0,0,1,1,0,0,0,0,1,1,1,12,3,9,0,0,0,2,1,0,10,8,5,8,3
2020.0,0.0,2.0,0.0,2,4,3,0,0,0,0,2,1,1,0,0,5,1,1,16,3,9,0,1,0,0,0,0,4,2,5,3,9
2020.0,315.0,3.0,0.0,3,6,3,0,0,0,0,9,0,1,0,1,9,1,1,17,3,9,0,1,0,2,0,0,6,8,5,8,3
2020.0,-115.0,2.0,0.0,2,6,0,0,0,0,0,9,1,1,0,0,9,1,1,19,3,9,0,1,0,1,2,0,6,7,5,3,3
2020.0,0.0,1.0,0.0,2,9,0,0,0,2,0,5,1,1,0,1,1,1,1,21,3,9,0,0,0,2,1,0,10,2,5,3,3
2020.0,-532.0,0.0,0.0,3,10,3,0,0,0,0,5,1,1,0,1,5,1,1,10,4,9,0,0,0,2,1,0,6,9,5,3,2
2020.0,140.0,2.0,0.0,3,6,3,0,0,0,1,9,1,1,0,0,9,1,1,15,4,9,0,0,0,2,1,0,10,8,5,8,3
2020.0,-169.0,0.0,0.0,3,2,3,0,0,0,0,1,1,1,0,1,2,1,1,16,4,9,0,1,0,1,2,0,10,2,5,8,9
2020.0,-218.0,0.0,0.0,3,6,3,0,0,0,0,9,1,1,0,0,9,1,1,16,4,9,0,1,0,2,1,0,6,5,5,8,3
2020.0,25.0,0.0,0.0,3,6,3,0,0,0,1,9,1,1,0,0,9,1,1,17,4,9,0,1,0,1,1,0,6,7,5,8,3
2020.0,10.0,2.0,0.0,1,4,0,0,0,0,0,5,1,1,0,0,2,1,1,19,4,9,0,1,0,1,1,0,6,4,5,3,9
2020.0,0.0,0.0,0.0,3,2,0,0,0,0,0,9,1,1,0,1,2,1,1,19,4,9,0,1,0,2,2,0,0,2,5,3,3
2020.0,-125.0,1.0,0.0,3,6,0,0,0,0,2,8,1,1,0,0,2,1,1,20,4,9,0,0,0,0,1,0,10,7,5,8,3
2020.0,200.0,0.0,0.0,3,6,3,0,0,0,1,2,1,1,0,1,2,1,1,9,5,9,1,1,0,1,1,0,6,8,5,8,3
2020.0,-460.0,1.0,0.0,2,6,3,0,0,0,0,2,1,1,0,1,2,1,1,12,5,9,1,0,0,1,2,0,10,8,5,8,3
2020.0,875.0,1.0,0.0,3,6,3,0,0,0,1,2,1,1,0,0,2,1,1,14,5,9,1,0,0,2,1,0,6,8,5,8,3
2020.0,0.0,2.0,0.0,3,4,3,0,0,0,0,6,1,1,0,1,2,1,1,15,5,9,1,0,0,2,1,0,4,2,5,3,9
2020.0,50.0,0.0,0.0,3,4,0,0,0,0,0,1,1,1,0,1,9,1,1,0,0,9,0,0,0,2,1,0,6,2,5,9,9
2020.0,0.0,1.0,0.0,3,2,3,0,0,0,1,2,1,1,0,1,2,1,1,14,0,9,0,0,0,1,2,0,4,9,5,9,3
2020.0,-75.0,1.0,0.0,3,6,3,0,0,0,2,2,1,1,0,0,2,1,1,17,0,9,0,1,0,0,1,0,4,7,5,8,3
2020.0,-139.0,0.0,0.0,3,4,0,0,0,0,0,1,1,1,0,1,9,1,1,21,0,9,0,0,0,2,2,0,6,2,5,3,9
2020.0,385.0,1.0,0.0,2,5,1,0,0,3,1,9,1,1,0,1,9,1,1,5,1,9,0,0,0,1,1,0,6,5,5,3,7
2020.0,-104.0,0.0,0.0,3,2,2,1,0,0,1,5,1,1,0,1,1,1,1,5,1,9,0,0,0,2,1,0,10,7,5,3,3
2020.0,0.0,0.0,0.0,3,2,3,1,0,0,1,4,1,1,0,0,5,1,1,15,1,9,0,0,0,1,1,0,4,2,5,3,9
2020.0,269.0,1.0,0.0,2,6,3,1,0,0,1,1,1,1,1,1,1,1,1,15,1,9,0,0,0,0,1,0,6,9,5,6,3
2020.0,676.0,0.0,0.0,3,6,3,1,0,0,0,5,1,1,0,0,5,1,1,17,1,9,0,1,0,2,1,0,6,9,5,8,2
2020.0,-35.0,1.0,0.0,3,6,3,1,0,0,1,2,1,1,0,0,2,1,1,18,1,9,0,1,0,1,2,0,6,7,5,9,3
2020.0,50.0,1.0,0.0,2,10,0,0,0,0,1,9,1,1,0,1,9,1,1,20,1,9,0,0,0,2,1,0,10,9,5,3,2
2020.0,72.0,0.0,0.0,3,6,0,0,0,0,0,9,1,1,0,0,9,1,1,23,1,9,0,0,0,1,1,0,6,2,5,8,3
2020.0,-165.0,0.0,0.0,3,6,3,0,0,0,1,5,1,1,1,1,1,1,1,14,2,9,0,0,0,2,1,0,6,5,5,6,1
2020.0,-130.0,1.0,0.0,3,2,3,0,0,0,0,1,1,1,0,0,5,1,1,15,2,9,0,0,0,2,0,0,6,7,5,3,9
2020.0,0.0,3.0,0.0,2,12,0,0,3,0,0,9,1,1,0,0,5,1,1,20,2,9,0,0,0,1,1,0,10,2,5,3,3
2020.0,54.0,0.0,0.0,3,6,3,0,0,0,1,1,1,1,0,1,1,1,1,5,3,9,0,0,0,1,1,0,10,7,5,8,3
2020.0,-32.0,0.0,0.0,3,10,3,0,0,0,0,2,1,1,0,1,2,1,1,11,3,9,0,0,0,1,1,0,10,4,5,8,9
2020.0,-74.0,0.0,0.0,3,6,3,0,0,0,0,2,1,1,0,0,2,1,1,12,3,9,0,0,0,1,1,0,10,8,5,8,3
2020.0,-281.0,0.0,0.0,3,2,3,0,0,0,1,1,1,1,0,0,5,1,1,13,3,9,0,0,0,2,2,0,0,2,5,3,9
2020.0,0.0,2.0,0.0,2,4,3,0,0,0,1,1,1,1,0,1,9,1,1,16,3,9,0,1,0,1,2,0,4,2,5,3,9
2020.0,0.0,1.0,0.0,2,4,0,0,0,0,0,2,1,1,0,0,2,1,1,19,3,9,0,1,0,2,2,0,4,2,5,3,9
2020.0,0.0,0.0,0.0,3,4,0,0,0,0,1,1,1,1,0,1,9,1,1,19,3,9,0,1,0,1,2,0,5,2,5,3,9
2020.0,250.0,3.0,0.0,3,6,0,0,0,0,2,1,1,1,0,1,1,1,1,1,4,9,0,0,0,0,2,0,0,8,5,8,3
2020.0,0.0,0.0,0.0,3,4,3,0,0,0,0,9,1,1,0,1,1,1,1,10,4,9,0,0,0,0,1,0,4,2,5,9,3
2020.0,-466.0,0.0,0.0,3,4,3,0,0,0,1,9,1,1,0,0,2,1,1,11,4,9,0,0,0,2,0,0,0,2,5,3,9
2020.0,-160.0,0.0,0.0,3,10,3,1,0,0,1,9,1,1,0,1,9,1,1,11,4,9,0,0,0,2,1,0,6,7,5,8,2
2020.0,0.0,2.0,0.0,2,2,3,1,0,0,1,1,1,1,0,0,5,1,1,12,4,9,0,0,0,0,1,0,4,2,5,3,9
2020.0,146.0,0.0,0.0,3,10,3,0,0,0,0,9,1,1,0,1,9,1,1,16,4,9,0,1,0,1,0,0,10,5,5,8,8
2020.0,0.0,0.0,0.0,3,6,0,0,0,0,0,5,1,1,0,0,5,1,1,22,4,9,0,0,0,2,1,0,10,5,5,3,3
2020.0,104.0,0.0,0.0,3,6,3,0,0,0,2,9,1,1,0,1,9,1,1,14,5,9,1,0,0,0,1,0,10,7,5,8,3
2020.0,-700.0,2.0,0.0,2,6,3,1,0,0,1,1,1,1,0,1,1,1,1,16,5,9,1,1,0,2,1,0,9,7,5,8,3
2020.0,-100.0,0.0,0.0,3,6,0,0,0,0,1,2,0,1,0,0,2,1,1,19,5,9,1,1,0,1,1,0,10,7,5,3,3
2020.0,-10.0,1.0,0.0,3,4,0,0,0,0,0,9,1,1,0,1,1,1,1,20,5,9,1,0,0,2,1,0,10,2,5,9,9
2020.0,-60.0,1.0,0.0,2,6,0,0,0,0,1,2,1,1,0,1,2,1,1,23,5,9,1,0,0,2,2,0,10,7,5,8,3
2020.0,80.0,0.0,0.0,3,6,0,0,0,0,1,5,0,1,0,1,5,1,1,2,6,9,1,0,0,2,1,0,10,7,5,8,3
2020.0,-280.0,1.0,0.0,3,2,3,5,0,0,0,2,1,1,0,0,1,1,1,11,6,9,1,0,0,1,2,0,0,2,5,3,9
2020.0,36.0,0.0,0.0,3,10,5,4,0,0,1,9,1,1,0,1,9,1,1,7,0,9,0,1,0,2,0,0,10,9,5,3,2
2020.0,-37.0,0.0,0.0,3,6,3,0,0,0,1,9,1,1,0,1,9,1,1,11,0,9,0,0,0,1,1,0,6,7,5,8,3
2020.0,-700.0,0.0,0.0,3,6,3,0,0,0,1,2,1,1,0,0,9,1,1,14,0,9,0,0,0,1,2,0,0,2,5,3,9
2020.0,-120.0,0.0,0.0,3,6,0,0,0,0,1,2,1,1,0,1,2,1,1,21,0,9,0,0,0,2,1,0,10,7,5,8,3
2020.0,0.0,1.0,0.0,3,2,3,0,0,0,1,9,1,1,0,1,2,1,1,8,1,9,0,1,0,2,1,0,5,2,5,3,9
2020.0,120.0,0.0,0.0,3,10,3,0,3,0,2,9,1,1,0,0,9,1,1,13,1,9,0,0,0,0,1,0,10,9,5,3,5
2020.0,-100.0,0.0,0.0,3,6,3,0,0,0,2,5,1,1,0,0,5,1,1,16,1,9,0,1,0,0,1,0,6,5,5,3,3
2020.0,-84.0,1.0,0.0,3,10,3,0,0,2,1,1,1,1,0,0,1,1,1,17,1,9,0,1,0,0,1,0,10,2,5,9,7
2020.0,0.0,0.0,0.0,3,2,0,0,0,0,2,9,1,1,0,1,5,1,1,4,2,9,0,0,0,0,1,0,4,5,5,3,3
2020.0,300.0,0.0,0.0,3,10,3,0,3,0,2,9,1,1,0,1,9,1,1,12,2,9,0,0,0,0,1,0,6,9,5,8,3
2020.0,0.0,1.0,0.0,3,2,3,0,0,0,0,1,1,1,0,0,2,1,1,13,2,9,0,0,0,0,1,0,4,2,5,9,3
2020.0,0.0,1.0,0.0,3,2,3,0,0,0,1,9,1,1,0,0,5,1,1,15,2,9,0,0,0,0,1,0,5,2,5,9,3
2020.0,90.0,1.0,0.0,3,6,3,0,0,0,1,9,1,1,0,1,9,1,1,15,2,9,0,0,0,2,1,0,10,8,5,3,3
2020.0,250.0,0.0,0.0,3,6,3,0,0,0,1,9,1,1,0,1,9,1,1,17,2,9,0,1,0,0,2,0,6,7,5,8,3