Year,Distance,Totalinjuries,Totalfatalities,Injuryseverity,Collisionmanner,Lightcondition,Weather,SurfaceCondition,Unittype_One,Gender_Drv1,Traveldirection_One,AlcoholUse_Drv1,DrugUse_Drv1,Unittype_Two,Gender_Drv2,Traveldirection_Two,AlcoholUse_Drv2,DrugUse_Drv2,Hour,Weekday,Month,Weekend,Rush_Hour,Hazardous_Road,Age_Group_Drv1,Age_Group_Drv2,Substance_Use,Junction_Category,Violation_Category_Drv1,Violation_Category_Drv2,Unitaction_Category_Two,Unitaction_Category_One
2020.0,0.0,0.0,0.0,3,4,3,0,0,0,1,2,1,1,0,0,5,1,1,17,2,9,0,1,0,1,2,0,4,2,5,3,9
2020.0,-500.0,3.0,0.0,3,12,0,0,0,0,0,1,1,1,0,1,1,1,1,20,2,9,0,0,0,2,2,0,6,7,5,8,3
2020.0,220.0,2.0,0.0,3,2,0,0,0,0,0,2,1,1,0,0,2,1,1,20,2,9,0,0,0,2,1,0,6,4,5,3,9
2020.0,0.0,1.0,0.0,3,4,0,0,0,0,1,1,1,1,0,0,9,1,1,21,2,9,0,0,0,1,1,0,4,5,5,3,9
2020.0,-89.0,0.0,0.0,3,6,0,0,0,0,1,2,1,1,0,0,2,1,1,5,3,9,0,0,0,1,1,0,10,8,5,8,3
2020.0,0.0,1.0,0.0,3,11,3,0,0,0,0,9,1,1,0,0,1,1,1,8,3,9,0,1,0,1,1,0,4,5,5,3,9
2020.0,0.0,1.0,1.0,0,2,3,0,0,0,0,9,1,1,0,1,5,1,1,10,3,9,0,0,0,0,1,0,4,2,2,3,3
2020.0,166.0,2.0,0.0,3,2,3,0,0,0,0,9,1,1,0,0,2,1,1,10,3,9,0,0,0,2,1,0,0,2,5,3,3
2020.0,0.0,3.0,0.0,3,4,3,0,0,0,1,2,1,1,0,0,9,1,1,11,3,9,0,0,0,0,1,0,4,2,5,3,9
2020.0,-370.0,0.0,0.0,3,10,3,0,0,0,1,7,1,1,0,1,9,1,1,12,3,9,0,0,0,2,1,0,0,2,5,3,9
2020.0,0.0,0.0,0.0,3,2,3,0,0,0,1,9,1,1,0,1,2,1,1,13,3,9,0,0,0,1,0,0,4,2,5,3,3
2020.0,-425.0,0.0,0.0,3,6,3,0,0,0,1,1,1,1,0,1,1,1,1,13,3,9,0,0,0,1,1,0,6,8,5,8,3
2020.0,0.0,1.0,0.0,3,5,0,4,0,0,2,8,1,1,2,1,8,1,1,14,3,9,0,0,0,0,1,0,4,5,5,3,5
2020.0,-113.0,0.0,0.0,3,6,3,0,0,0,2,2,1,1,0,1,2,1,1,17,3,9,0,1,0,0,0,0,10,7,5,8,9
2020.0,-125.0,0.0,0.0,3,10,0,0,0,0,1,3,1,1,0,1,3,1,1,19,3,9,0,1,0,2,1,0,6,9,5,3,2
2020.0,145.0,1.0,0.0,2,6,0,0,0,0,1,1,0,1,1,1,1,1,1,21,3,9,0,0,0,1,1,0,6,7,5,8,3
2020.0,0.0,0.0,0.0,3,10,3,0,0,0,1,1,1,1,0,0,1,1,1,6,4,9,0,0,0,0,2,0,5,4,5,9,9
2020.0,-300.0,2.0,0.0,3,5,3,0,0,0,1,9,1,1,0,1,1,1,1,12,4,9,0,0,0,1,1,0,6,5,5,3,3
2020.0,120.0,1.0,0.0,3,6,0,0,0,0,0,5,1,1,0,0,5,1,1,19,4,9,0,1,0,2,1,0,10,7,5,8,3
2020.0,0.0,0.0,0.0,3,4,0,0,0,0,0,1,1,1,0,0,9,1,1,23,4,9,0,0,0,1,2,0,4,2,5,3,9
2020.0,117.0,0.0,0.0,3,4,0,0,0,0,0,9,1,1,0,0,2,1,1,0,5,9,1,0,0,2,2,0,10,2,5,3,9
2020.0,58.0,0.0,0.0,3,6,0,0,0,0,0,1,0,1,1,1,1,1,1,1,5,9,1,0,0,2,1,0,6,7,5,6,3
2020.0,0.0,0.0,0.0,3,2,3,0,0,0,1,5,1,1,0,0,9,1,1,7,5,9,1,1,0,1,0,0,5,2,5,3,3
2020.0,94.0,3.0,0.0,2,6,3,0,0,0,1,9,0,1,0,1,9,1,1,13,5,9,1,0,0,1,0,0,10,7,5,8,3
2020.0,0.0,0.0,0.0,3,6,0,0,0,0,1,9,1,1,0,0,9,1,1,20,5,9,1,0,0,2,2,0,6,8,5,3,3
2020.0,0.0,5.0,0.0,2,4,0,0,0,0,1,9,1,1,0,0,1,1,1,21,5,9,1,0,0,2,1,0,5,2,5,3,9
2020.0,-25.0,0.0,0.0,3,6,0,0,0,0,0,1,0,1,0,1,1,1,1,1,6,9,1,0,0,2,1,0,10,8,5,8,3
2020.0,-0.5,1.0,0.0,2,5,2,0,0,3,0,9,1,1,0,1,5,1,1,6,6,9,1,0,0,0,1,0,8,5,5,3,7
2020.0,309.0,1.0,0.0,2,4,3,0,0,0,1,9,1,1,0,0,1,1,1,16,6,9,1,1,0,2,2,0,6,2,5,3,9
2020.0,50.0,0.0,0.0,3,6,5,4,0,0,2,2,1,1,0,1,2,1,1,16,6,9,1,1,0,0,2,0,0,7,5,8,3
2020.0,-32.0,0.0,0.0,3,6,0,0,0,0,2,2,1,1,0,1,2,1,1,20,6,9,1,0,0,0,2,0,10,5,5,3,1
2020.0,0.0,0.0,0.0,3,10,3,0,0,0,1,1,1,1,0,1,1,1,1,6,0,9,0,0,0,2,1,0,5,9,5,9,3
2020.0,92.0,1.0,0.0,2,6,3,0,0,0,1,1,1,1,0,0,1,1,1,12,0,9,0,0,0,1,2,0,6,7,5,8,3
2020.0,45.0,1.0,0.0,2,6,3,1,0,0,0,5,1,1,0,1,5,1,1,14,0,9,0,0,0,2,0,0,5,8,5,9,3
2020.0,0.0,6.0,0.0,3,4,0,0,0,0,1,2,1,1,0,1,5,1,1,20,0,9,0,0,0,2,2,0,4,2,5,3,9
2020.0,-200.0,0.0,0.0,3,10,3,1,0,0,2,1,1,1,0,1,1,1,1,7,1,9,0,1,0,0,1,0,10,9,5,3,3
2020.0,250.0,2.0,0.0,3,10,3,0,0,0,1,9,1,1,0,1,9,1,1,10,1,9,0,0,0,1,2,0,6,9,5,3,2
2020.0,-266.0,1.0,0.0,1,6,3,0,0,0,1,1,1,1,0,1,1,1,1,11,1,9,0,0,0,1,1,0,10,9,5,3,2
2020.0,-115.0,0.0,0.0,3,6,3,0,0,0,0,2,1,1,0,1,2,1,1,12,1,9,0,0,0,1,1,0,10,7,5,8,3
2020.0,235.0,0.0,0.0,3,6,3,0,0,0,0,9,1,1,0,0,9,1,1,14,1,9,0,0,0,1,1,0,9,8,5,8,3
2020.0,-39.0,1.0,0.0,2,2,3,0,0,2,1,2,1,1,0,1,1,1,1,18,1,9,0,1,0,1,1,0,10,2,5,9,7
2020.0,0.0,1.0,0.0,3,4,0,0,0,0,0,9,1,1,0,1,1,1,1,18,1,9,0,1,0,1,1,0,5,5,5,3,9
2020.0,81.0,2.0,0.0,2,6,3,0,0,0,1,2,1,1,0,1,2,1,1,8,2,9,0,1,0,1,1,0,6,8,5,8,3
2020.0,-345.0,2.0,0.0,3,6,3,0,0,0,0,1,1,1,0,1,1,1,1,10,2,9,0,0,0,1,1,0,10,8,5,8,3
2020.0,92.0,0.0,0.0,3,6,3,0,0,0,1,9,1,1,0,0,9,1,1,11,2,9,0,0,0,0,2,0,10,7,5,0,3
2020.0,234.0,0.0,0.0,3,5,3,0,0,0,0,5,1,1,0,1,5,1,1,13,2,9,0,0,0,1,1,0,6,7,5,8,5
2020.0,15.0,1.0,0.0,1,5,3,0,0,0,1,5,0,1,3,1,1,1,1,15,2,9,0,0,0,1,1,0,10,2,5,7,3
2020.0,-87.0,0.0,0.0,3,5,0,0,0,0,0,5,1,1,0,1,5,1,1,22,2,9,0,0,0,1,1,0,6,5,5,3,3
2020.0,78.0,0.0,0.0,3,10,3,0,0,0,1,9,1,1,0,0,9,1,1,12,3,9,0,0,0,1,1,0,10,9,5,3,9
2020.0,-700.0,0.0,0.0,3,6,3,0,0,0,2,9,1,1,0,0,9,1,1,13,3,9,0,0,0,0,0,0,10,8,5,8,3
2020.0,50.0,2.0,0.0,3,2,3,0,0,0,0,9,1,1,0,1,9,1,1,12,4,9,0,0,0,0,1,0,10,9,5,3,2
2020.0,189.0,2.0,0.0,3,6,3,0,0,0,0,9,1,1,0,0,9,1,1,17,4,9,0,1,0,1,2,0,10,8,5,8,3
2020.0,85.0,1.0,0.0,3,6,3,0,0,0,0,9,1,1,0,1,9,1,1,17,4,9,0,1,0,2,1,0,10,8,5,8,3
2020.0,0.0,1.0,0.0,2,4,3,0,0,0,1,9,1,1,0,0,1,1,1,18,4,9,0,1,0,0,1,0,4,2,5,9,3
2020.0,0.0,1.0,0.0,2,5,3,0,0,0,0,9,1,1,2,0,9,1,1,8,5,9,1,1,0,1,2,0,4,2,5,3,9
2020.0,-520.0,3.0,0.0,3,6,3,0,0,0,0,9,1,1,0,1,9,1,1,17,5,9,1,1,0,2,1,0,6,7,5,8,3
2020.0,400.0,0.0,0.0,3,2,0,0,0,0,1,1,1,1,0,0,5,1,1,19,5,9,1,1,0,1,1,0,0,2,5,3,9
2020.0,0.0,2.0,0.0,3,4,0,0,0,0,1,9,1,1,0,1,4,1,1,0,6,9,1,0,0,2,1,0,4,5,2,9,3
2020.0,-115.0,3.0,0.0,2,6,0,0,0,0,1,5,0,1,0,1,5,1,1,5,6,9,1,0,0,2,1,0,6,7,5,3,3
2020.0,-209.0,0.0,0.0,3,2,3,0,0,0,2,9,1,1,0,0,2,1,1,16,6,9,1,1,0,0,2,0,0,2,5,3,9
2020.0,15.0,1.0,0.0,2,5,0,0,0,2,1,1,1,1,0,1,8,1,1,18,6,9,1,1,0,0,1,0,10,2,5,3,3
2020.0,57.0,0.0,0.0,3,2,3,0,0,0,1,9,1,1,0,0,2,1,1,10,0,9,0,0,0,1,2,0,0,2,5,3,9
2020.0,-119.0,1.0,0.0,2,2,3,0,0,0,0,5,1,1,0,1,9,1,1,15,0,9,0,0,0,2,1,0,0,2,5,3,9
2020.0,0.0,0.0,0.0,3,9,3,0,0,0,1,9,1,1,0,0,1,1,1,17,0,9,0,1,0,1,2,0,4,5,5,9,9
2020.0,175.0,1.0,0.0,1,5,0,0,0,2,0,2,1,1,0,1,9,1,1,19,0,9,0,1,0,1,0,0,6,2,5,3,3
2020.0,-200.0,0.0,0.0,3,6,0,0,0,0,1,5,1,1,0,1,5,1,1,19,0,9,0,1,0,2,1,0,6,7,5,8,8
2020.0,-50.0,0.0,0.0,3,6,0,0,0,0,0,5,1,1,0,1,5,1,1,20,0,9,0,0,0,2,1,0,10,7,5,8,3
2020.0,-145.0,0.0,0.0,3,6,3,0,3,0,2,2,1,1,0,1,2,1,1,7,1,9,0,1,0,0,1,0,10,8,5,8,3
2020.0,-300.0,1.0,0.0,3,10,3,0,0,2,1,9,1,1,0,1,9,1,1,8,1,9,0,1,0,1,1,0,6,5,5,3,3
2020.0,258.0,0.0,0.0,3,4,3,0,0,0,1,9,1,1,0,0,1,1,1,12,1,9,0,0,0,1,0,0,0,2,5,3,9
2020.0,166.0,0.0,0.0,3,6,3,0,0,0,0,1,1,1,0,1,1,1,1,13,1,9,0,0,0,1,1,0,10,7,5,8,3
2020.0,-61.0,2.0,0.0,3,6,3,0,0,0,1,1,1,1,0,1,1,1,1,14,1,9,0,0,0,1,0,0,10,8,5,8,3
2020.0,-131.0,2.0,0.0,3,6,3,0,0,0,1,2,1,1,0,0,2,1,1,15,1,9,0,0,0,1,1,0,10,8,5,8,3
2020.0,280.0,0.0,0.0,3,10,3,0,0,0,0,5,1,1,0,0,5,1,1,17,1,9,0,1,0,2,1,0,6,9,9,2,2
2020.0,0.0,2.0,0.0,3,4,0,0,0,0,1,2,1,1,0,0,1,1,1,18,1,9,0,1,0,2,2,0,4,5,5,9,9
2020.0,15.0,1.0,0.0,3,5,0,0,0,0,1,9,1,1,2,0,1,1,1,19,1,9,0,1,0,2,1,0,10,2,5,3,9
2020.0,0.02,2.0,0.0,3,2,2,0,0,0,0,9,1,1,0,1,2,1,1,5,2,9,0,0,0,1,1,0,0,2,5,3,9
2020.0,0.0,0.0,0.0,3,10,3,0,0,0,1,9,1,1,0,0,9,1,1,8,2,9,0,1,0,1,1,0,10,4,5,9,9
2020.0,82.0,0.0,0.0,3,6,3,0,0,0,0,9,1,1,0,1,9,1,1,12,2,9,0,0,0,1,0,0,10,8,5,8,3
2020.0,0.0,1.0,0.0,3,4,3,0,0,0,0,9,1,1,0,0,1,1,1,15,2,9,0,0,0,2,0,0,4,2,5,9,3
2020.0,0.0,1.0,0.0,2,4,4,0,0,0,1,9,1,1,0,1,1,1,1,18,2,9,0,1,0,1,1,0,4,2,5,3,9
2020.0,0.0,4.0,0.0,2,2,0,0,0,0,0,9,1,1,0,0,2,1,1,18,2,9,0,1,0,0,1,0,4,5,5,3,3
2020.0,0.0,2.0,0.0,2,4,0,0,0,0,0,2,1,1,0,1,5,1,1,18,2,9,0,1,0,1,1,0,4,2,5,3,9
2020.0,-300.0,0.0,0.0,3,6,0,0,0,0,1,5,1,1,0,1,5,1,1,22,2,9,0,0,0,1,1,0,6,7,5,8,3
2020.0,-40.0,0.0,0.0,3,10,3,0,0,0,0,5,1,1,0,0,5,1,1,7,3,10,0,1,0,2,1,0,10,9,5,3,9
2020.0,-100.0,0.0,0.0,3,6,3,0,0,0,0,1,1,1,0,1,1,1,1,11,3,10,0,0,0,1,1,0,10,8,5,8,3
2020.0,0.0,2.0,0.0,2,4,3,0,0,0,1,1,1,1,0,0,5,1,1,11,3,10,0,0,0,1,1,0,4,2,5,3,9
2020.0,-245.0,0.0,0.0,3,6,3,0,0,0,1,5,1,1,0,1,5,1,1,13,3,10,0,0,0,1,1,0,6,8,5,8,3
2020.0,-235.0,0.0,0.0,3,2,3,0,0,0,0,9,1,1,0,1,2,1,1,15,3,10,0,0,0,1,0,0,0,2,5,3,9
2020.0,420.0,0.0,0.0,3,2,0,0,0,0,2,9,1,1,0,1,2,1,1,19,3,10,0,1,0,0,2,0,0,2,5,3,9
2020.0,-40.0,1.0,0.0,3,6,0,0,0,0,1,2,1,1,0,1,2,1,1,22,3,10,0,0,0,1,2,0,10,7,7,3,3
2020.0,0.0,0.0,0.0,3,2,5,4,0,0,0,5,1,1,0,1,1,1,1,1,4,10,0,0,0,2,1,0,4,5,5,3,3
2020.0,178.0,1.0,0.0,3,10,3,0,0,0,1,5,1,1,0,1,5,1,1,13,4,10,0,0,0,2,0,0,10,9,5,3,2
2020.0,-235.0,0.0,0.0,3,2,3,0,0,0,1,5,1,1,0,1,6,1,1,14,4,10,0,0,0,1,2,0,0,2,5,3,9
2020.0,100.0,0.0,0.0,3,6,3,0,3,0,2,9,1,1,0,0,9,1,1,17,4,10,0,1,0,0,0,0,10,8,5,8,3
2020.0,35.0,0.0,0.0,3,3,3,0,0,0,1,1,1,1,0,1,9,1,1,17,4,10,0,1,0,1,1,0,6,9,5,8,3
2020.0,-10.0,0.0,0.0,3,2,0,0,0,0,1,1,0,1,0,1,5,1,1,19,4,10,0,1,0,1,1,0,10,9,5,3,9
2020.0,0.0,1.0,0.0,2,5,0,0,0,0,1,2,1,1,3,0,2,1,1,19,4,10,0,1,0,2,2,0,5,2,5,7,9
2020.0,94.0,1.0,0.0,3,6,3,0,0,0,1,9,1,1,0,0,9,1,1,10,5,10,1,0,0,1,1,0,10,8,5,8,9
2020.0,-185.0,3.0,0.0,2,2,3,0,0,0,0,9,1,1,0,0,2,1,1,12,5,10,1,0,0,1,1,0,0,2,5,3,9
2020.0,0.0,1.0,0.0,3,10,3,0,0,0,1,5,1,1,0,0,5,1,1,12,5,10,1,0,0,0,1,0,4,4,5,3,9
2020.0,0.0,1.0,0.0,2,4,3,0,0,0,2,2,1,1,0,0,5,1,1,14,5,10,1,0,0,0,2,0,4,5,5,9,3
2020.0,-15.0,1.0,0.0,3,4,0,0,0,0,1,1,1,1,0,1,9,1,1,18,5,10,1,1,0,0,0,0,10,4,5,3,9
2020.0,-170.0,0.0,0.0,3,12,3,0,0,0,2,5,1,1,0,0,5,1,1,14,6,10,1,0,0,0,2,0,6,5,5,3,5
2020.0,-800.0,3.0,0.0,1,4,0,0,0,0,0,5,1,1,0,1,5,0,1,19,6,10,1,1,0,2,1,0,6,5,5,3,9
2020.0,0.0,0.0,0.0,3,2,3,0,0,0,0,2,1,1,0,1,9,1,1,8,0,10,0,1,0,0,1,0,4,2,5,3,3
2020.0,-50.0,2.0,0.0,2,6,3,0,0,0,1,1,1,1,0,1,1,1,1,10,0,10,0,0,0,2,1,0,6,7,5,3,3
2020.0,0.0,2.0,0.0,3,4,3,0,0,0,1,1,1,1,0,1,9,1,1,11,0,10,0,0,0,1,1,0,2,2,5,9,3
2020.0,-60.0,0.0,0.0,3,6,3,0,0,0,1,1,1,1,0,0,1,1,1,12,0,10,0,0,0,1,1,0,10,7,5,8,3
2020.0,100.0,1.0,0.0,3,6,3,0,0,0,1,5,1,1,0,1,5,1,1,13,0,10,0,0,0,1,1,0,10,8,5,8,3
2020.0,450.0,2.0,0.0,3,10,3,0,0,0,0,5,1,1,0,1,5,1,1,15,0,10,0,0,0,1,2,0,6,9,5,3,2
2020.0,0.0,0.0,0.0,3,2,3,0,0,0,1,5,1,1,0,0,1,1,1,16,0,10,0,1,0,2,1,0,5,5,5,3,9
2020.0,-400.0,1.0,0.0,1,2,0,0,0,0,0,2,1,1,0,1,5,1,1,22,0,10,0,0,0,1,2,0,0,2,5,3,9
2020.0,-75.0,0.0,0.0,3,2,2,0,0,0,1,1,1,1,0,1,2,1,1,5,1,10,0,0,0,2,0,0,10,9,5,8,9
2020.0,-20.0,0.0,0.0,3,10,3,0,0,0,1,2,1,1,0,1,2,1,1,8,1,10,0,1,0,2,2,0,10,8,5,8,3
2020.0,-170.0,0.0,0.0,3,6,3,0,0,0,0,1,1,1,0,1,1,1,1,8,1,10,0,1,0,1,1,0,10,8,5,8,3
2020.0,0.0,2.0,0.0,2,4,3,0,0,0,1,5,1,1,0,0,2,1,1,12,1,10,0,0,0,1,2,0,4,2,5,3,9
2020.0,0.0,0.0,0.0,3,2,0,0,0,0,0,1,1,1,0,0,9,1,1,18,1,10,0,1,0,1,2,0,5,2,5,3,9
2020.0,30.0,1.0,0.0,3,6,0,0,0,0,2,9,1,1,0,1,9,1,1,21,1,10,0,0,0,0,2,0,10,7,5,8,3
2020.0,0.0,5.0,0.0,2,2,3,0,0,0,1,1,1,1,0,0,2,1,1,10,2,10,0,0,0,1,2,0,4,2,5,3,3
2020.0,0.0,2.0,0.0,3,2,3,0,0,0,1,5,1,1,0,1,1,1,1,12,2,10,0,0,0,1,1,0,4,2,5,3,3
2020.0,75.0,0.0,0.0,3,10,3,0,0,0,0,1,1,1,0,0,1,1,1,13,2,10,0,0,0,1,2,0,6,9,5,8,2
2020.0,115.0,0.0,0.0,3,6,3,0,0,0,1,5,1,1,0,1,5,1,1,14,2,10,0,0,0,1,0,0,10,8,5,8,3
2020.0,0.0,1.0,0.0,3,5,3,0,0,0,1,9,1,1,2,1,1,1,1,16,2,10,0,1,0,2,1,0,4,2,5,3,3
2020.0,98.0,0.0,0.0,3,6,0,0,0,0,1,5,1,1,0,0,5,1,1,20,2,10,0,0,0,2,1,0,6,7,5,8,3
2020.0,-360.0,1.0,0.0,3,2,3,0,0,0,1,5,1,1,0,0,9,1,1,16,3,10,0,1,0,1,0,0,6,2,5,3,9
2020.0,0.0,0.0,0.0,3,4,3,0,0,0,0,1,1,1,0,0,9,1,1,16,3,10,0,1,0,0,1,0,5,2,5,3,9
2020.0,-15.0,0.0,0.0,3,6,0,0,0,0,1,2,1,1,0,0,2,1,1,18,3,10,0,1,0,2,2,0,10,7,5,8,3
2020.0,0.0,1.0,0.0,3,2,3,0,0,0,1,2,1,1,0,1,1,1,1,9,4,10,0,1,0,2,0,0,4,2,5,3,3
2020.0,0.0,3.0,0.0,3,2,3,0,0,0,0,9,1,1,0,0,5,1,1,10,4,10,0,0,0,1,1,0,4,2,5,3,3
2020.0,0.0,1.0,0.0,3,4,3,0,0,0,1,2,1,1,0,1,1,1,1,10,4,10,0,0,0,0,1,0,5,2,5,3,9
2020.0,0.0,1.0,0.0,3,4,3,0,0,0,1,9,1,1,0,1,2,1,1,16,4,10,0,1,0,0,1,0,4,5,5,9,3
2020.0,520.0,1.0,0.0,2,5,3,0,0,0,0,9,1,1,2,1,1,1,1,16,4,10,0,1,0,0,0,0,0,2,5,3,9
2020.0,0.0,0.0,0.0,3,2,3,0,0,0,2,2,1,1,0,1,9,1,1,16,4,10,0,1,0,0,1,0,5,2,5,3,5
2020.0,411.0,0.0,0.0,3,6,0,0,0,0,1,1,0,1,0,0,1,1,1,19,4,10,0,1,0,1,1,0,6,7,5,8,3
2020.0,-500.0,1.0,0.0,3,6,1,0,0,0,0,9,1,1,0,0,9,1,1,21,4,10,0,0,0,2,2,0,6,7,5,9,3
2020.0,-340.0,1.0,0.0,2,5,3,4,0,2,1,9,1,1,0,0,2,1,1,16,5,10,1,1,0,1,2,0,0,5,5,9,3
2020.0,150.0,4.0,0.0,2,6,3,0,0,0,0,2,0,1,0,0,2,1,1,17,5,10,1,1,0,1,1,0,6,7,5,3,3
2020.0,0.0,3.0,0.0,2,4,4,0,0,0,0,2,0,1,0,1,9,1,1,18,5,10,1,1,0,1,1,0,5,2,5,9,3
2020.0,-380.0,0.0,0.0,3,10,0,0,0,0,0,9,1,1,0,0,9,1,1,19,5,10,1,1,0,2,2,0,6,9,5,3,2
2020.0,0.0,0.0,0.0,3,2,3,0,0,0,1,5,1,1,0,1,1,1,1,5,0,10,0,0,0,1,1,0,10,5,5,8,3
2020.0,100.0,2.0,0.0,2,3,3,0,0,0,1,9,1,1,0,0,5,1,1,9,0,10,0,1,0,0,1,0,10,7,5,8,9
2020.0,-50.0,0.0,0.0,3,5,3,0,3,0,2,8,1,1,1,1,8,1,1,16,0,10,0,1,0,0,1,0,6,5,5,6,5
2020.0,409.0,0.0,0.0,3,6,3,0,0,0,2,2,1,1,0,1,2,1,1,9,1,10,0,1,0,0,1,0,0,8,5,9,3
2020.0,0.0,2.0,0.0,3,2,3,0,0,0,0,1,1,1,0,1,5,1,1,11,1,10,0,0,0,1,1,0,4,2,5,3,3
2020.0,0.0,0.0,0.0,3,10,3,0,0,0,1,1,1,1,0,1,1,1,1,14,1,10,0,0,0,0,2,0,4,9,5,8,9
2020.0,0.0,0.0,0.0,3,10,4,0,0,0,1,7,1,1,0,1,7,1,1,17,1,10,0,1,0,1,2,0,5,9,5,9,5
2020.0,0.0,0.0,0.0,3,4,0,0,0,0,1,9,1,1,0,1,1,1,1,18,2,10,0,1,0,2,2,0,4,2,5,3,9
2020.0,-165.0,0.0,0.0,3,2,4,0,0,0,1,9,1,1,0,0,9,1,1,17,4,10,0,1,0,1,1,0,0,5,5,3,9
2020.0,0.0,0.0,0.0,3,10,0,4,0,0,2,1,1,1,0,0,1,1,1,18,4,10,0,1,0,0,1,0,4,9,5,9,9
2020.0,0.0,0.0,0.0,3,4,0,0,0,0,1,9,1,1,0,1,1,1,1,18,5,10,1,1,0,2,2,0,4,2,2,3,9
2020.0,-75.0,1.0,0.0,2,6,0,0,0,0,1,5,1,1,0,1,5,1,1,18,5,10,1,1,0,2,1,0,10,7,5,8,3
2020.0,0.11,1.0,0.0,3,2,0,0,0,0,0,2,1,1,0,1,1,1,1,19,5,10,1,1,0,0,2,0,0,2,5,3,9
2020.0,140.0,0.0,0.0,3,2,2,0,0,0,0,5,1,0,0,0,5,1,1,6,6,10,1,0,0,1,1,0,10,9,5,3,3
2020.0,0.0,0.0,0.0,3,6,3,0,0,0,1,1,1,1,0,1,1,1,1,11,6,10,1,0,0,1,1,0,10,7,5,8,3
2020.0,0.0,0.0,0.0,3,2,4,0,0,0,0,5,1,1,0,1,1,1,1,18,6,10,1,1,0,1,1,0,5,2,5,3,3
2020.0,-500.0,1.0,0.0,2,10,0,0,0,0,1,9,1,1,1,1,9,1,1,19,6,10,1,1,0,0,1,0,6,9,5,6,3
2020.0,15.0,1.0,0.0,3,6,0,0,0,0,1,5,0,1,0,1,5,1,1,3,0,10,0,0,0,1,1,0,10,7,5,9,3
2020.0,-150.0,0.0,0.0,3,10,0,0,0,0,1,9,1,1,0,0,9,1,1,4,0,10,0,0,0,1,0,0,10,4,5,3,9
2020.0,0.0,0.0,0.0,3,5,3,0,0,0,2,1,1,1,0,0,1,1,1,13,0,10,0,0,0,0,1,0,4,7,5,8,3
2020.0,0.0,2.0,0.0,2,4,0,0,0,0,1,1,0,1,0,0,9,1,1,18,0,10,0,1,0,2,2,0,5,2,5,3,9
2020.0,0.0,0.0,1.0,0,4,2,0,0,0,1,1,1,1,0,1,9,1,1,5,1,10,0,0,0,0,1,0,4,2,5,3,9
2020.0,0.0,2.0,0.0,2,4,4,0,0,0,1,1,1,1,0,1,9,1,1,17,1,10,0,1,0,1,1,0,4,2,5,3,9
2020.0,-94.0,2.0,0.0,3,4,3,0,0,0,1,1,1,1,0,0,1,1,1,7,2,10,0,1,0,1,1,0,10,9,5,3,2
2020.0,-26.0,0.0,0.0,3,6,3,0,0,0,1,1,1,1,0,0,1,1,1,7,2,10,0,1,0,1,1,0,10,7,5,8,3
2020.0,300.0,1.0,0.0,2,5,3,0,0,3,1,1,1,1,0,0,5,1,1,8,2,10,0,1,0,1,1,0,6,6,5,3,7
2020.0,0.1,0.0,0.0,3,5,3,0,0,0,2,8,1,1,1,1,9,1,1,14,2,10,0,0,0,0,1,0,6,5,5,6,5
2020.0,-207.0,1.0,0.0,2,5,3,0,0,2,0,1,1,1,0,0,5,1,1,17,2,10,0,1,0,2,2,0,0,5,5,9,3
2020.0,-50.0,0.0,0.0,3,2,0,0,0,0,0,2,1,1,0,1,2,1,1,18,2,10,0,1,0,1,1,0,10,5,5,3,9
2020.0,-165.0,0.0,0.0,3,10,3,0,0,0,1,2,1,1,0,1,2,1,1,6,3,10,0,0,0,2,0,0,10,9,5,3,2
2020.0,0.0,0.0,0.0,3,2,3,0,0,0,2,2,1,1,0,1,1,1,1,10,3,10,0,0,0,0,1,0,4,2,5,3,3
2020.0,200.0,1.0,0.0,3,6,3,0,0,0,0,2,1,1,0,1,5,1,1,13,3,10,0,0,0,1,1,0,10,5,5,8,1
2020.0,0.0,0.0,0.0,3,4,3,0,0,0,1,9,1,1,0,0,1,1,1,14,3,10,0,0,0,1,2,0,4,2,5,3,9
2020.0,-750.0,0.0,0.0,3,6,3,0,0,0,2,1,1,1,0,0,1,1,1,15,3,10,0,0,0,0,1,0,6,8,5,8,5
2020.0,-35.0,1.0,0.0,3,6,0,0,0,0,2,2,1,1,0,1,2,1,1,19,3,10,0,1,0,0,2,0,10,8,5,8,3
2020.0,231.0,0.0,0.0,3,2,0,0,0,0,0,2,1,1,0,1,9,1,1,22,3,10,0,0,0,1,1,0,4,2,5,3,3
2020.0,0.0,0.0,0.0,3,4,3,0,0,0,1,1,1,1,0,0,2,1,1,12,4,10,0,0,0,1,1,0,5,2,5,3,9
2020.0,0.0,2.0,0.0,3,2,3,0,0,0,0,2,1,0,0,1,9,1,1,13,4,10,0,0,0,1,2,0,4,2,5,3,9
2020.0,-225.0,2.0,0.0,3,6,3,0,0,0,1,1,1,1,0,0,1,1,1,17,4,10,0,1,0,2,0,0,4,5,5,8,3
2020.0,0.0,0.0,0.0,3,10,0,0,0,0,1,2,1,0,0,1,2,1,1,18,4,10,0,1,0,2,1,0,4,5,5,9,3
2020.0,65.0,1.0,0.0,2,5,0,0,0,3,0,9,1,1,0,0,5,1,1,22,4,10,0,0,0,1,1,0,10,5,5,3,7