Year,Distance,Totalinjuries,Totalfatalities,Injuryseverity,Collisionmanner,Lightcondition,Weather,SurfaceCondition,Unittype_One,Gender_Drv1,Traveldirection_One,AlcoholUse_Drv1,DrugUse_Drv1,Unittype_Two,Gender_Drv2,Traveldirection_Two,AlcoholUse_Drv2,DrugUse_Drv2,Hour,Weekday,Month,Weekend,Rush_Hour,Hazardous_Road,Age_Group_Drv1,Age_Group_Drv2,Substance_Use,Junction_Category,Violation_Category_Drv1,Violation_Category_Drv2,Unitaction_Category_Two,Unitaction_Category_One
2020.0,-174.0,0.0,0.0,3,10,3,1,0,0,1,9,1,1,0,0,9,1,1,10,5,10,1,0,0,0,1,0,6,5,5,3,3
2020.0,0.0,2.0,0.0,3,2,3,1,0,0,1,5,1,1,0,0,9,1,1,16,5,10,1,1,0,1,1,0,0,2,5,3,9
2020.0,200.0,0.0,0.0,3,6,0,0,0,0,2,9,1,1,0,0,9,1,1,21,5,10,1,0,0,0,2,0,6,7,5,8,3
2020.0,0.0,0.0,0.0,3,3,0,0,0,0,2,4,1,1,0,0,5,1,1,22,5,10,1,0,0,0,1,0,5,4,5,3,9
2020.0,500.0,0.0,0.0,3,5,0,0,0,0,2,8,1,1,1,1,8,1,1,23,5,10,1,0,0,0,1,0,6,5,5,6,5
2020.0,-200.0,2.0,0.0,1,10,0,0,0,0,1,7,0,0,1,1,1,1,1,1,6,10,1,0,0,1,1,0,6,7,5,6,3
2020.0,-1.0,0.0,0.0,3,6,3,0,0,0,2,2,1,1,0,1,2,1,1,8,6,10,1,1,0,0,1,0,10,7,5,8,3
2020.0,0.0,0.0,0.0,3,10,3,0,0,0,2,2,1,1,0,0,2,1,1,15,6,10,1,0,0,0,2,0,4,9,5,9,5
2020.0,0.0,1.0,0.0,3,2,3,0,0,0,1,1,1,1,0,0,5,1,1,17,6,10,1,1,0,2,1,0,4,5,5,3,3
2020.0,0.0,2.0,0.0,2,2,4,0,0,0,0,5,1,1,0,1,9,1,1,17,6,10,1,1,0,1,2,0,5,2,5,3,9
2020.0,0.0,0.0,0.0,3,2,1,0,0,0,2,9,1,1,0,0,5,1,1,18,6,10,1,1,0,0,2,0,4,2,5,3,3
2020.0,40.0,1.0,0.0,2,5,0,4,0,0,0,9,1,1,0,1,9,1,1,5,0,10,0,0,0,0,1,0,10,7,5,8,3
2020.0,-118.0,0.0,0.0,3,6,3,1,0,0,0,9,1,1,0,1,9,1,1,10,0,10,0,0,0,2,1,0,6,7,5,8,3
2020.0,0.0,2.0,0.0,2,2,3,0,0,0,0,9,1,1,0,0,5,1,1,13,0,10,0,0,0,1,1,0,4,2,5,3,3
2020.0,0.0,1.0,0.0,3,4,0,0,0,0,1,1,1,1,0,1,9,1,1,21,0,10,0,0,0,2,2,0,4,2,5,3,9
2020.0,650.0,1.0,0.0,3,6,0,0,0,0,0,9,1,1,0,1,9,1,1,22,0,10,0,0,0,1,1,0,6,7,5,8,3
2020.0,-84.0,1.0,0.0,2,4,0,0,0,0,1,3,1,1,0,1,9,1,1,5,1,10,0,0,0,1,1,0,10,2,5,3,9
2020.0,0.0,1.0,0.0,2,2,3,0,0,0,1,2,1,1,0,0,1,1,1,10,1,10,0,0,0,0,1,0,4,2,5,3,3
2020.0,38.0,1.0,0.0,2,5,3,0,0,2,1,9,1,1,0,1,2,1,1,12,1,10,0,0,0,1,1,0,10,5,5,3,3
2020.0,0.0,2.0,0.0,3,4,3,0,0,0,0,1,1,1,0,0,5,1,1,13,1,10,0,0,0,1,1,0,5,2,5,9,3
2020.0,-110.0,0.0,0.0,3,6,3,0,0,0,1,1,1,1,0,1,1,1,1,16,1,10,0,1,0,1,1,0,10,8,5,8,3
2020.0,0.0,1.0,0.0,2,5,3,0,0,2,1,5,1,1,0,0,9,1,1,16,1,10,0,1,0,1,1,0,4,2,5,9,7
2020.0,0.0,0.0,0.0,3,4,3,0,0,0,2,1,1,1,0,1,2,1,1,10,2,10,0,0,0,0,0,0,4,2,5,9,3
2020.0,0.0,2.0,0.0,2,2,3,0,0,0,0,2,1,1,0,0,1,1,1,14,2,10,0,0,0,1,2,0,4,2,5,3,3
2020.0,0.0,1.0,0.0,3,4,3,0,0,0,0,2,1,1,0,1,5,1,1,14,2,10,0,0,0,0,1,0,5,2,5,3,9
2020.0,0.0,0.0,0.0,3,2,3,0,0,0,2,2,1,1,0,1,5,1,1,15,2,10,0,0,0,0,2,0,4,2,5,3,5
2020.0,160.0,0.0,0.0,3,10,3,0,0,0,1,5,1,1,0,0,5,1,1,17,2,10,0,1,0,2,1,0,6,2,9,2,3
2020.0,-250.0,1.0,0.0,3,6,0,0,0,0,0,2,1,1,0,1,1,1,1,18,2,10,0,1,0,2,1,0,6,2,5,3,9
2020.0,0.0,0.0,0.0,3,4,0,0,0,0,2,2,1,1,0,0,5,1,1,21,2,10,0,0,0,0,2,0,4,2,5,9,3
2020.0,-438.0,0.0,0.0,3,10,3,0,0,0,2,9,1,1,0,1,9,1,1,8,3,10,0,1,0,0,2,0,6,7,5,8,3
2020.0,0.0,0.0,0.0,3,4,3,0,0,0,1,6,1,1,0,1,2,1,1,9,3,10,0,1,0,0,2,0,4,2,5,3,9
2020.0,-142.0,0.0,0.0,3,2,3,0,0,0,0,4,1,1,0,0,2,1,1,11,3,10,0,0,0,2,2,0,0,2,5,3,9
2020.0,-155.0,0.0,0.0,3,4,3,0,0,0,1,5,1,1,0,1,2,1,1,13,3,10,0,0,0,1,1,0,0,2,5,3,9
2020.0,223.0,0.0,0.0,3,4,3,0,0,0,0,4,1,1,0,1,1,1,1,16,3,10,0,1,0,1,2,0,6,2,5,3,9
2020.0,-107.0,0.0,0.0,3,10,3,0,0,0,0,9,1,1,0,0,9,1,1,9,4,10,0,1,0,1,0,0,10,8,5,8,3
2020.0,0.0,0.0,0.0,3,2,3,0,0,0,0,9,1,1,0,1,1,1,1,14,4,10,0,0,0,2,1,0,6,4,5,3,9
2020.0,0.0,1.0,0.0,3,6,3,0,0,0,2,5,1,1,0,0,5,1,1,15,4,10,0,0,0,0,2,0,4,5,7,5,9
2020.0,800.0,1.0,0.0,2,6,4,0,0,0,0,5,1,1,0,1,5,1,1,18,4,10,0,1,0,2,1,0,6,7,5,3,3
2020.0,-15.0,1.0,0.0,3,5,0,0,0,0,2,9,1,1,3,0,1,1,1,18,4,10,0,1,0,0,2,0,5,2,5,7,9
2020.0,0.0,0.0,0.0,3,4,0,0,0,0,1,9,1,1,0,0,1,1,1,18,4,10,0,1,0,1,2,0,4,2,5,3,9
2020.0,15.0,0.0,0.0,3,6,0,0,0,0,0,5,1,1,0,1,5,1,1,20,4,10,0,0,0,2,1,0,10,7,5,9,3
2020.0,0.0,0.0,0.0,3,6,0,0,0,0,2,9,1,1,1,1,9,1,1,5,5,10,1,0,0,0,2,0,10,7,5,6,5
2020.0,0.0,1.0,0.0,3,2,3,0,0,0,0,1,1,1,0,0,2,1,1,11,5,10,1,0,0,1,1,0,4,2,5,3,3
2020.0,0.0,0.0,0.0,3,4,0,0,0,0,0,2,1,1,0,1,9,1,1,23,5,10,1,0,0,1,2,0,5,2,5,3,9
2020.0,200.0,1.0,0.0,2,4,0,0,0,0,1,9,0,1,0,1,2,1,1,1,6,11,1,0,0,2,2,0,0,2,5,3,9
2020.0,0.0,0.0,0.0,3,6,3,0,0,0,2,5,1,1,0,0,5,1,1,15,6,11,1,0,0,0,2,0,4,7,5,8,3
2020.0,0.0,0.0,0.0,3,6,0,0,0,0,1,1,1,1,1,1,1,1,1,21,6,11,1,0,0,1,1,0,6,7,5,6,3
2020.0,0.0,0.0,0.0,3,2,5,4,0,0,0,9,1,1,0,1,5,1,1,5,0,11,0,0,0,0,1,0,4,2,5,9,3
2020.0,414.0,0.0,0.0,3,2,3,0,0,0,1,1,1,1,0,1,5,1,1,8,0,11,0,1,0,1,1,0,0,2,5,3,9
2020.0,0.0,0.0,0.0,3,2,3,0,0,0,1,1,1,1,0,1,5,1,1,13,0,11,0,0,0,0,2,0,5,2,5,3,3
2020.0,15.0,1.0,0.0,2,5,3,0,0,2,1,5,1,1,0,0,9,1,1,14,0,11,0,0,0,1,1,0,4,9,5,9,7
2020.0,0.0,1.0,0.0,1,4,4,0,0,0,0,1,1,1,0,0,9,1,1,16,0,11,0,1,0,2,0,0,5,2,5,3,9
2020.0,500.0,1.0,0.0,3,4,0,0,0,0,0,1,1,1,0,1,9,1,1,17,0,11,0,1,0,1,2,0,0,5,5,3,9
2020.0,0.0,0.0,0.0,3,4,0,0,0,0,1,2,1,1,0,1,9,1,1,18,0,11,0,1,0,1,1,0,4,2,5,3,9
2020.0,100.0,1.0,0.0,2,10,0,0,0,0,1,1,1,1,0,1,1,1,1,22,0,11,0,0,0,2,1,0,6,9,5,3,2
2020.0,-141.0,0.0,0.0,3,10,0,0,0,0,1,5,1,1,0,1,5,1,1,5,1,11,0,0,0,2,1,0,6,7,5,3,2
2020.0,-218.0,1.0,0.0,3,6,3,0,0,0,1,2,1,1,0,1,2,1,1,8,1,11,0,1,0,2,1,0,6,7,5,8,3
2020.0,-67.0,1.0,0.0,3,6,3,0,0,0,0,2,1,1,0,1,2,1,1,13,1,11,0,0,0,2,2,0,10,8,5,8,3
2020.0,-360.0,2.0,0.0,3,2,3,0,0,0,0,1,1,1,0,0,5,1,1,13,1,11,0,0,0,2,2,0,6,2,5,3,9
2020.0,-101.0,0.0,0.0,3,6,4,0,0,0,0,5,1,1,0,0,5,1,1,17,1,11,0,1,0,0,1,0,10,8,5,8,3
2020.0,-60.0,0.0,0.0,3,10,0,0,0,0,2,1,1,1,0,1,1,1,1,21,1,11,0,0,0,0,0,0,10,9,5,8,3
2020.0,-45.0,1.0,0.0,3,6,3,0,0,0,1,9,1,1,0,1,9,1,1,16,2,11,0,1,0,2,1,0,10,8,5,8,3
2020.0,0.0,1.0,0.0,3,2,3,0,0,0,0,1,1,1,0,0,2,1,1,7,3,11,0,1,0,0,2,0,4,2,5,9,3
2020.0,400.0,1.0,0.0,3,2,3,1,0,0,0,9,1,1,0,0,2,1,1,11,4,11,0,0,0,2,2,0,0,2,5,3,9
2020.0,37.0,0.0,0.0,3,12,5,4,0,0,2,8,1,1,1,1,2,1,1,12,4,11,0,0,0,0,1,0,6,5,5,6,5
2020.0,0.0,0.0,0.0,3,4,3,1,0,0,0,9,1,1,0,0,1,1,1,14,4,11,0,0,0,1,1,0,4,5,5,3,9
2020.0,0.0,0.0,0.0,3,2,0,1,0,0,0,1,1,1,0,0,2,1,1,21,4,11,0,0,0,2,1,0,4,2,5,9,3
2020.0,0.0,0.0,0.0,3,4,0,1,0,0,1,9,0,1,0,0,1,1,1,22,4,11,0,0,0,2,1,0,4,2,5,3,9
2020.0,-205.0,0.0,0.0,3,2,3,0,0,0,0,9,1,1,0,0,2,1,1,10,5,11,1,0,0,2,0,0,0,2,5,2,9
2020.0,-232.0,1.0,0.0,3,6,3,0,0,0,2,9,1,1,0,1,9,1,1,18,5,11,1,1,0,0,1,0,6,5,5,3,3
2020.0,-15.0,0.0,0.0,3,10,0,0,0,0,0,7,1,1,0,0,9,0,1,18,5,11,1,1,0,1,1,0,10,2,5,3,9
2020.0,15.0,1.0,0.0,2,5,0,0,0,0,1,9,1,1,3,1,9,1,1,23,5,11,1,0,0,1,1,0,10,2,5,7,9
2020.0,-80.0,0.0,0.0,3,10,0,0,0,0,2,2,1,1,0,1,2,1,1,5,6,11,1,0,0,0,1,0,10,9,5,8,3
2020.0,500.0,1.0,0.0,2,4,3,0,0,0,1,9,1,1,0,0,1,1,1,13,6,11,1,0,0,1,1,0,0,5,5,3,9
2020.0,0.0,0.0,0.0,3,4,3,1,0,0,1,9,1,1,0,0,1,1,1,13,6,11,1,0,0,2,2,0,4,2,5,3,9
2020.0,0.0,0.0,0.0,3,2,3,0,0,0,0,5,1,1,0,1,9,1,1,10,0,11,0,0,0,2,1,0,4,2,5,3,3
2020.0,15.0,0.0,0.0,3,6,0,0,0,0,0,1,1,1,0,1,1,1,1,18,0,11,0,1,0,1,1,0,2,7,5,5,3
2020.0,-195.0,1.0,0.0,3,6,3,0,0,0,0,1,1,1,0,0,1,1,1,16,1,11,0,1,0,2,1,0,10,7,5,8,3
2020.0,-15.0,1.0,0.0,3,5,3,0,0,0,1,2,1,1,3,1,9,1,1,17,1,11,0,1,0,0,1,0,10,2,5,7,9
2020.0,0.0,1.0,0.0,2,4,0,0,0,0,1,9,1,1,0,1,1,1,1,18,1,11,0,1,0,2,2,0,4,2,5,3,9
2020.0,0.0,0.0,0.0,3,4,0,0,0,0,1,1,1,1,0,0,5,1,1,22,1,11,0,0,0,2,2,0,6,2,5,3,9
2020.0,0.0,0.0,0.0,3,11,0,0,0,0,1,1,1,1,0,0,1,1,1,0,2,11,0,0,0,1,2,0,4,9,5,9,9
2020.0,0.0,2.0,0.0,2,2,3,0,0,0,1,1,1,1,0,1,5,1,1,11,3,11,0,0,0,1,1,0,4,2,5,3,3
2020.0,-45.0,0.0,0.0,3,6,0,0,0,0,0,1,0,1,0,1,1,1,1,4,4,11,0,0,0,2,1,0,10,7,5,8,5
2020.0,-83.0,0.0,0.0,3,6,0,0,0,0,2,1,1,1,0,0,1,1,1,19,4,11,0,1,0,0,2,0,10,7,5,9,3
2020.0,90.0,2.0,0.0,2,6,3,0,0,0,0,1,1,1,0,1,1,1,1,7,0,11,0,1,0,1,1,0,10,7,5,3,3
2020.0,200.0,0.0,0.0,3,2,0,0,0,0,1,1,1,1,0,0,5,1,1,17,0,11,0,1,0,1,1,0,0,2,5,3,9
2020.0,115.0,0.0,0.0,3,6,3,0,0,0,1,9,1,1,0,1,9,1,1,10,1,11,0,0,0,1,1,0,10,8,5,8,3
2020.0,0.0,2.0,0.0,2,2,3,0,0,0,0,5,1,1,0,0,1,1,1,13,1,11,0,0,0,0,1,0,4,5,5,3,3
2020.0,-215.0,2.0,0.0,3,4,3,0,0,0,0,2,1,1,0,0,5,1,1,16,1,11,0,1,0,0,0,0,10,2,5,3,9
2020.0,0.0,3.0,0.0,3,4,3,0,0,0,1,1,1,1,0,0,9,1,1,18,1,11,0,1,0,0,1,0,5,2,5,3,9
2020.0,15.0,1.0,0.0,3,5,3,0,0,0,1,2,1,1,2,1,5,1,1,9,2,11,0,1,0,1,1,0,10,2,5,3,9
2020.0,210.0,0.0,0.0,3,6,3,0,0,0,1,5,1,1,0,1,5,1,1,11,2,11,0,0,0,1,2,0,10,8,5,8,3
2020.0,355.0,2.0,0.0,3,6,3,0,0,0,1,2,1,1,0,0,2,1,1,13,2,11,0,0,0,2,2,0,0,8,5,8,3
2020.0,0.0,2.0,0.0,2,2,3,0,0,0,1,9,1,1,0,1,5,1,1,13,2,11,0,0,0,2,1,0,5,2,5,3,3
2020.0,150.0,0.0,0.0,3,5,3,0,0,0,1,2,1,1,1,1,9,1,1,14,2,11,0,0,0,2,1,0,6,5,5,6,1
2020.0,0.0,1.0,0.0,3,4,3,0,0,0,1,2,1,1,0,0,5,1,1,14,2,11,0,0,0,1,2,0,4,2,7,3,9
2020.0,0.0,0.0,0.0,3,4,3,0,0,0,0,5,1,1,0,0,2,1,1,15,2,11,0,0,0,0,1,0,4,2,5,3,9
2020.0,-45.0,1.0,0.0,3,4,3,0,0,0,1,1,1,1,0,1,5,1,1,16,2,11,0,1,0,1,1,0,0,2,5,3,9
2020.0,-0.22,1.0,0.0,2,6,0,0,0,0,1,1,1,1,0,0,1,1,1,18,2,11,0,1,0,2,1,0,10,7,5,8,3
2020.0,-25.0,0.0,0.0,3,6,0,0,0,0,2,5,1,1,0,0,5,1,1,20,2,11,0,0,0,0,1,0,10,2,5,3,9
2020.0,0.0,0.0,0.0,3,2,3,0,0,0,0,9,1,1,0,1,5,1,1,8,3,11,0,1,0,0,1,0,4,2,5,3,3
2020.0,-545.0,1.0,0.0,3,2,3,0,0,0,1,1,1,1,0,1,9,1,1,11,3,11,0,0,0,2,2,0,0,4,5,3,9
2020.0,0.0,1.0,0.0,3,2,3,0,0,0,1,2,1,1,0,0,2,1,1,14,3,11,0,0,0,2,1,0,5,5,5,9,1
2020.0,130.0,0.0,0.0,3,2,3,0,0,0,2,5,1,1,0,0,9,1,1,15,3,11,0,0,0,0,2,0,0,2,5,3,9
2020.0,590.0,1.0,0.0,3,2,3,0,0,0,2,9,1,1,0,1,5,1,1,16,3,11,0,1,0,0,1,0,6,2,5,3,9
2020.0,-300.0,0.0,0.0,3,5,5,0,0,0,2,8,1,1,1,1,5,1,1,17,3,11,0,1,0,0,1,0,6,5,5,6,5
2020.0,-385.0,0.0,0.0,3,9,0,0,0,0,2,2,1,1,0,0,5,1,1,19,3,11,0,1,0,0,1,0,6,9,5,8,3
2020.0,-200.0,0.0,0.0,3,10,0,0,0,0,2,9,1,1,0,0,9,1,1,20,3,11,0,0,0,0,1,0,6,9,5,3,2
2020.0,0.0,1.0,0.0,3,4,0,0,0,0,2,1,1,1,0,1,9,1,1,21,3,11,0,0,0,0,1,0,4,4,5,3,9
2020.0,-289.0,0.0,0.0,3,2,3,0,0,0,1,2,1,1,0,0,1,1,1,10,4,11,0,0,0,1,2,0,0,2,5,3,9
2020.0,25.0,1.0,0.0,2,5,3,0,0,0,1,1,1,1,3,1,1,1,1,15,4,11,0,0,0,2,0,0,10,2,5,7,9
2020.0,0.0,1.0,0.0,3,6,3,0,0,0,2,5,1,1,0,0,5,1,1,15,4,11,0,0,0,0,1,0,10,8,5,8,3
2020.0,0.0,1.0,0.0,3,4,3,0,0,0,1,2,1,1,0,1,5,1,1,17,4,11,0,1,0,2,2,0,4,2,5,3,9
2020.0,0.0,0.0,0.0,3,3,0,0,0,0,2,5,1,1,0,0,5,1,1,22,4,11,0,0,0,0,2,0,5,5,2,9,3
2020.0,168.0,2.0,0.0,2,2,3,0,0,0,1,2,1,1,0,0,1,1,1,13,5,11,1,0,0,2,1,0,0,2,5,3,9
2020.0,35.0,0.0,0.0,3,6,3,0,0,0,0,6,1,1,0,1,6,1,1,13,5,11,1,0,0,0,1,0,10,8,5,8,3
2020.0,0.0,2.0,0.0,2,2,4,0,0,0,0,1,1,1,0,0,5,1,1,16,5,11,1,1,0,0,2,0,4,2,5,3,3
2020.0,0.0,2.0,0.0,2,4,0,0,0,0,1,1,1,1,0,1,5,1,1,20,6,11,1,0,0,1,2,0,4,5,5,3,9
2020.0,0.0,0.0,0.0,3,6,0,0,0,0,0,2,1,1,0,0,2,1,1,20,0,11,0,0,0,1,2,0,10,7,5,8,3
2020.0,0.0,0.0,0.0,3,4,3,0,0,0,0,9,1,1,0,0,1,1,1,8,2,11,0,1,0,2,1,0,5,2,5,3,9
2020.0,-56.0,0.0,0.0,3,6,3,0,0,0,1,2,0,1,0,1,2,1,1,9,2,11,0,1,0,1,2,0,10,8,5,3,3
2020.0,-44.0,0.0,0.0,3,2,3,0,0,0,2,8,1,1,0,1,8,1,1,10,2,11,0,0,0,0,1,0,6,2,5,1,3
2020.0,60.0,0.0,0.0,3,6,3,0,0,0,2,5,1,1,0,0,5,1,1,11,2,11,0,0,0,0,0,0,10,7,5,8,3
2020.0,0.0,0.0,0.0,3,2,0,0,0,0,1,5,1,1,0,1,1,1,1,22,3,11,0,0,0,2,1,0,4,5,5,3,3
2020.0,208.0,0.0,0.0,3,6,0,0,0,0,2,9,1,1,0,1,9,1,1,20,4,11,0,0,0,0,1,0,6,7,5,6,3
2020.0,0.0,0.0,0.0,3,10,0,0,0,0,1,9,1,1,0,1,9,1,1,20,4,11,0,0,0,2,2,0,4,8,5,3,3
2020.0,0.0,0.0,0.0,3,2,0,0,0,0,1,1,0,1,0,0,5,1,1,1,5,11,1,0,0,2,1,0,10,4,5,3,9
2020.0,45.0,2.0,0.0,2,6,4,0,0,0,1,2,0,1,0,0,2,1,1,16,5,11,1,1,0,1,1,0,10,7,5,9,3
2020.0,-205.0,0.0,0.0,3,10,1,0,0,0,1,9,1,1,0,1,9,1,1,18,6,11,1,1,0,0,1,0,6,7,5,6,3
2020.0,50.0,0.0,0.0,3,10,3,0,0,0,0,2,1,1,0,1,2,1,1,14,0,11,0,0,0,1,1,0,10,9,5,3,2
2020.0,-35.0,0.0,0.0,3,2,3,0,0,0,1,1,1,1,0,0,1,1,1,9,2,12,0,1,0,1,1,0,10,9,5,9,3
2020.0,0.0,0.0,0.0,3,4,3,0,3,0,1,1,0,1,0,1,9,1,1,13,2,12,0,0,0,2,0,0,4,2,5,3,9
2020.0,0.0,1.0,0.0,3,4,3,0,0,0,0,1,1,1,0,0,9,1,1,8,3,12,0,1,0,1,1,0,5,2,5,9,3
2020.0,0.0,1.0,0.0,3,4,3,0,0,0,1,2,1,1,2,1,5,1,1,13,3,12,0,0,0,2,1,0,4,2,5,3,9
2020.0,49.0,0.0,0.0,3,6,3,0,0,0,1,1,1,1,0,0,9,1,1,14,3,12,0,0,0,1,1,0,10,7,5,8,3
2020.0,25.0,1.0,0.0,3,6,0,0,0,0,1,9,1,1,0,1,9,1,1,17,3,12,0,1,0,1,0,0,10,4,5,3,9
2020.0,0.0,1.0,0.0,3,4,0,0,0,0,1,1,1,1,0,0,9,1,1,21,3,12,0,0,0,2,1,0,5,2,5,3,9
2020.0,80.0,1.0,0.0,3,6,3,0,0,0,2,9,1,1,0,0,9,1,1,10,4,12,0,0,0,0,1,0,10,8,5,8,3
2020.0,0.0,2.0,0.0,3,3,0,0,0,0,0,5,1,1,0,0,2,1,1,19,4,12,0,1,0,2,2,0,4,2,5,3,9
2020.0,40.0,0.0,0.0,3,4,1,4,3,0,2,2,1,1,0,0,5,1,1,20,4,12,0,0,0,0,2,0,10,4,5,9,9
2020.0,-515.0,2.0,0.0,1,2,0,0,0,0,1,5,1,1,0,1,9,1,1,23,4,12,0,0,0,2,2,0,6,2,5,3,5
2020.0,-80.0,0.0,0.0,3,6,3,0,0,0,1,2,1,1,0,1,2,1,1,9,5,12,1,1,0,1,1,0,6,7,5,3,3
2020.0,-100.0,0.0,0.0,3,4,3,0,0,0,1,9,1,1,0,1,2,1,1,18,5,12,1,1,0,1,0,0,0,2,5,3,9
2020.0,-15.0,1.0,0.0,3,6,3,0,0,0,0,2,1,1,0,1,2,1,1,10,6,12,1,0,0,2,1,0,10,7,5,8,3
2020.0,150.0,1.0,0.0,2,12,0,0,0,0,1,9,0,0,0,1,9,1,1,18,6,12,1,1,0,1,1,0,6,5,5,3,3
2020.0,-48.0,0.0,0.0,3,6,0,0,0,0,1,5,1,1,0,1,5,1,1,18,6,12,1,1,0,2,2,0,10,2,5,3,3
2020.0,-200.0,0.0,0.0,3,2,0,0,0,0,1,9,1,1,0,1,5,1,1,21,6,12,1,0,0,2,2,0,6,9,5,8,3
2020.0,157.0,1.0,0.0,3,10,3,0,0,0,0,9,1,1,0,1,9,1,1,9,0,12,0,1,0,2,1,0,10,5,5,5,5
2020.0,0.0,0.0,0.0,3,4,3,1,0,0,1,1,1,1,0,1,2,1,1,15,0,12,0,0,0,1,1,0,5,2,5,9,3
2020.0,0.0,1.0,0.0,2,4,4,0,0,0,0,1,1,1,0,1,9,1,1,16,0,12,0,1,0,1,2,0,4,2,5,3,9
2020.0,0.0,3.0,0.0,2,4,0,0,0,0,1,1,1,1,0,1,9,1,1,20,1,12,0,0,0,1,1,0,4,2,5,3,9
2020.0,249.0,2.0,0.0,2,6,1,0,0,0,1,9,1,1,1,1,9,1,1,0,2,12,0,0,0,2,1,0,6,7,5,6,3
2020.0,12.0,0.0,0.0,3,4,0,0,0,0,1,5,1,1,0,0,2,1,1,4,2,12,0,0,0,1,1,0,6,4,5,3,9
2020.0,0.0,3.0,0.0,3,4,3,0,0,0,1,5,1,1,0,0,1,1,1,12,2,12,0,0,0,2,1,0,4,2,5,9,3
2020.0,0.0,0.0,0.0,3,6,3,0,0,0,2,9,1,1,0,1,9,1,1,14,2,12,0,0,0,0,2,0,4,7,5,8,3
2020.0,520.0,0.0,0.0,3,4,3,0,0,0,0,5,1,1,0,0,9,1,1,15,2,12,0,0,0,2,2,0,0,2,5,3,9
2020.0,228.0,2.0,0.0,2,6,3,0,0,0,1,2,1,1,0,1,2,1,1,16,2,12,0,1,0,1,1,0,6,7,5,3,3
2020.0,-50.0,2.0,0.0,3,6,0,0,0,0,1,5,1,1,0,1,5,1,1,21,2,12,0,0,0,1,1,0,10,7,5,8,3
2020.0,-100.0,0.0,0.0,3,10,0,0,0,0,2,9,1,1,0,1,9,1,1,21,2,12,0,0,0,0,2,0,10,9,5,3,2
2020.0,35.0,1.0,0.0,3,6,3,1,4,0,1,5,1,1,0,0,5,1,1,7,3,12,0,1,1,2,1,0,10,8,5,8,3
2020.0,-250.0,1.0,0.0,3,10,3,1,3,0,1,1,1,1,0,0,1,1,1,9,3,12,0,1,0,1,1,0,6,9,5,3,2
2020.0,-274.0,0.0,0.0,3,2,3,0,4,0,0,2,1,1,0,0,1,1,1,10,3,12,0,0,1,2,2,0,6,2,5,3,9
2020.0,-35.0,1.0,0.0,3,6,3,0,4,0,0,9,1,1,0,1,9,1,1,11,3,12,0,0,1,0,1,0,10,8,5,8,3
2020.0,-50.0,0.0,0.0,3,6,3,1,4,0,1,1,1,1,0,0,1,1,1,12,3,12,0,0,1,0,2,0,10,8,5,8,3
2020.0,-248.0,1.0,0.0,2,2,4,0,0,0,1,1,1,1,0,0,1,1,1,16,3,12,0,1,0,1,1,0,10,5,5,3,3
2020.0,-45.0,0.0,0.0,3,10,0,0,0,0,0,2,1,1,1,1,2,1,1,20,3,12,0,0,0,0,1,0,10,7,5,6,3
2020.0,0.0,0.0,0.0,3,2,0,0,0,0,1,9,1,1,0,0,5,1,1,1,4,12,0,0,0,0,2,0,4,2,5,3,3
2020.0,0.0,3.0,0.0,3,2,3,0,0,0,1,5,1,1,0,1,1,1,1,8,4,12,0,1,0,2,1,0,4,2,5,3,3
2020.0,0.0,0.0,0.0,3,2,3,1,0,0,2,1,1,1,0,1,2,1,1,13,4,12,0,0,0,0,2,0,4,2,5,3,3
2020.0,-100.0,0.0,0.0,3,10,3,1,0,0,2,1,1,1,0,1,1,1,1,14,4,12,0,0,0,0,0,0,10,5,5,8,3
2020.0,85.0,0.0,0.0,3,6,4,1,0,0,1,2,1,1,0,0,2,1,1,17,4,12,0,1,0,1,0,0,10,7,5,8,3
2020.0,-320.0,0.0,0.0,3,9,0,0,0,0,2,2,1,1,0,0,5,1,1,19,4,12,0,1,0,0,1,0,0,5,5,9,1
2020.0,0.0,2.0,0.0,2,4,2,0,0,0,1,5,1,1,0,1,2,1,1,6,5,12,1,0,0,1,1,0,4,2,5,3,9
2020.0,0.0,0.0,0.0,3,6,3,0,0,0,1,2,1,1,0,1,2,1,1,13,5,12,1,0,0,1,2,0,4,8,5,3,3
2020.0,0.0,1.0,0.0,3,4,3,0,0,0,1,9,1,1,0,0,5,1,1,14,5,12,1,0,0,2,1,0,5,5,5,9,3
2020.0,200.0,1.0,0.0,3,10,3,0,0,0,0,5,1,1,0,0,5,1,1,15,5,12,1,0,0,1,1,0,10,9,5,8,2
2020.0,0.0,0.0,0.0,3,12,0,0,0,0,2,8,1,1,0,1,8,1,1,20,5,12,1,0,0,0,2,0,6,5,5,5,5
2020.0,-85.0,0.0,0.0,3,10,0,0,0,0,2,9,1,1,0,1,9,1,1,17,6,12,1,1,0,0,2,0,10,9,5,3,2
2020.0,35.0,0.0,0.0,3,6,0,0,0,0,2,5,1,1,0,0,5,1,1,20,6,12,1,0,0,0,1,0,10,7,5,8,3
2020.0,0.0,0.0,0.0,3,6,0,0,0,0,0,5,0,1,0,1,5,1,1,5,0,12,0,0,0,1,1,0,6,5,5,3,3