Year,Distance,Totalinjuries,Totalfatalities,Injuryseverity,Collisionmanner,Lightcondition,Weather,SurfaceCondition,Unittype_One,Gender_Drv1,Traveldirection_One,AlcoholUse_Drv1,DrugUse_Drv1,Unittype_Two,Gender_Drv2,Traveldirection_Two,AlcoholUse_Drv2,DrugUse_Drv2,Hour,Weekday,Month,Weekend,Rush_Hour,Hazardous_Road,Age_Group_Drv1,Age_Group_Drv2,Substance_Use,Junction_Category,Violation_Category_Drv1,Violation_Category_Drv2,Unitaction_Category_Two,Unitaction_Category_One
2020.0,-30.0,2.0,0.0,2,6,3,1,0,0,1,2,1,1,0,1,2,1,1,13,0,12,0,0,0,2,2,0,10,8,5,8,3
2020.0,0.0,0.0,0.0,3,2,3,0,0,0,1,9,1,1,0,0,5,1,1,11,1,12,0,0,0,1,2,0,4,2,5,3,3
2020.0,15.0,1.0,0.0,2,5,0,0,0,0,1,9,1,1,3,0,5,1,1,18,1,12,0,1,0,1,0,0,10,2,5,7,9
2020.0,-100.0,0.0,0.0,3,6,1,0,0,0,1,1,0,1,1,1,8,1,1,3,2,12,0,0,0,2,1,0,6,7,5,6,3
2020.0,0.0,0.0,0.0,3,11,0,0,0,0,1,1,1,1,0,1,9,1,1,6,2,12,0,0,0,0,1,0,5,5,5,3,9
2020.0,15.0,1.0,0.0,3,5,3,0,0,0,1,7,1,1,3,0,1,1,1,9,2,12,0,1,0,2,2,0,10,2,5,7,9
2020.0,140.0,0.0,0.0,3,6,3,0,0,0,2,9,1,1,0,1,1,1,1,14,2,12,0,0,0,0,2,0,10,5,5,8,1
2020.0,330.0,1.0,0.0,3,4,3,0,0,0,1,1,1,1,0,1,9,1,1,16,2,12,0,1,0,2,1,0,6,2,5,3,9
2020.0,610.0,2.0,0.0,3,2,3,0,0,0,1,2,1,1,0,0,1,1,1,16,2,12,0,1,0,1,2,0,0,2,5,3,9
2020.0,-200.0,0.0,0.0,3,6,3,0,0,0,0,5,1,1,0,0,5,1,1,17,2,12,0,1,0,2,1,0,6,8,5,8,3
2020.0,0.0,0.0,0.0,3,4,0,0,0,0,1,1,1,1,0,1,9,1,1,18,2,12,0,1,0,1,1,0,4,2,5,3,9
2020.0,0.0,2.0,0.0,2,5,0,1,0,0,1,2,1,0,3,0,3,1,1,6,3,12,0,0,0,1,1,0,5,5,5,5,5
2020.0,0.0,3.0,0.0,2,2,3,0,0,0,0,9,1,1,0,0,5,1,1,16,3,12,0,1,0,2,0,0,4,5,5,3,3
2020.0,-370.0,0.0,0.0,3,2,0,0,0,0,1,1,1,1,0,1,2,1,1,18,3,12,0,1,0,2,1,0,0,2,5,3,9
2020.0,-143.0,0.0,0.0,3,12,0,0,0,0,2,8,1,1,1,1,9,1,1,21,3,12,0,0,0,0,1,0,0,5,5,6,5
2020.0,0.0,1.0,0.0,3,2,3,0,0,0,1,5,1,1,0,1,1,1,1,11,4,12,0,0,0,2,0,0,4,2,5,3,3
2020.0,-165.0,0.0,0.0,3,6,3,0,0,0,1,1,1,1,0,0,1,1,1,12,4,12,0,0,0,2,1,0,10,8,5,8,3
2020.0,0.0,3.0,0.0,3,4,3,0,0,0,1,2,1,1,0,0,1,1,1,12,4,12,0,0,0,0,1,0,4,2,5,9,3
2020.0,0.0,1.0,0.0,2,4,0,0,0,0,1,6,1,1,0,1,2,1,1,18,4,12,0,1,0,2,2,0,4,2,5,3,9
2020.0,-70.0,2.0,0.0,3,4,0,0,0,0,0,5,1,1,0,0,9,1,1,18,4,12,0,1,0,2,2,0,6,2,5,3,9
2020.0,0.0,1.0,0.0,2,4,0,0,0,0,0,6,0,1,0,1,2,1,1,1,5,12,1,0,0,2,1,0,4,4,5,3,9
2020.0,215.0,1.0,0.0,3,4,3,0,0,0,1,5,1,1,0,1,2,1,1,11,5,12,1,0,0,1,2,0,4,2,5,3,9
2020.0,-50.0,1.0,0.0,3,2,3,0,0,0,0,2,1,1,0,1,1,1,1,14,5,12,1,0,0,2,1,0,10,4,5,3,9
2020.0,-75.0,0.0,0.0,3,6,0,0,0,0,1,1,1,1,0,0,1,1,1,17,5,12,1,1,0,1,1,0,6,7,5,3,3
2020.0,0.0,1.0,0.0,3,2,4,0,0,0,1,7,1,1,0,1,2,1,1,17,5,12,1,1,0,0,2,0,6,5,5,3,3
2020.0,-200.0,1.0,0.0,3,2,4,0,0,0,1,7,1,1,0,1,2,1,1,17,5,12,1,1,0,0,2,0,0,5,5,3,3
2020.0,0.0,0.0,0.0,3,4,0,0,0,0,0,1,1,1,0,0,9,1,1,18,5,12,1,1,0,2,1,0,4,2,2,3,9
2020.0,-15.0,0.0,0.0,3,2,0,0,0,0,0,1,1,1,0,1,5,1,1,22,5,12,1,0,0,2,1,0,10,4,5,9,9
2020.0,-27.0,2.0,0.0,3,4,0,0,0,0,0,2,1,1,0,0,5,1,1,23,5,12,1,0,0,1,1,0,4,2,5,9,3
2020.0,0.0,1.0,0.0,3,2,3,0,0,0,1,1,1,1,0,0,2,1,1,11,6,12,1,0,0,2,2,0,4,2,5,9,3
2020.0,-185.0,0.0,0.0,3,6,0,0,0,0,0,4,1,1,1,1,8,1,1,23,6,12,1,0,0,2,2,0,6,7,5,6,9
2020.0,0.0,1.0,0.0,3,4,3,0,0,0,0,9,1,1,0,0,1,1,1,15,0,12,0,0,0,1,1,0,4,5,5,9,3
2020.0,40.0,0.0,0.0,3,10,3,0,0,0,2,5,1,1,0,0,5,1,1,16,0,12,0,1,0,0,1,0,10,9,5,3,5
2020.0,-56.0,0.0,0.0,3,6,3,0,0,0,0,1,1,1,0,1,1,1,1,17,0,12,0,1,0,2,0,0,10,8,5,8,3
2020.0,-66.0,2.0,0.0,2,4,0,0,0,0,1,1,1,1,0,1,1,1,1,18,0,12,0,1,0,2,1,0,10,4,5,3,2
2020.0,-696.0,4.0,0.0,3,6,0,0,0,0,2,1,1,1,0,0,1,1,1,18,0,12,0,1,0,0,0,0,0,8,5,8,3
2020.0,195.0,0.0,0.0,3,5,0,0,3,0,2,8,1,1,1,1,9,1,1,5,1,12,0,0,0,0,0,0,6,5,5,6,5
2020.0,-185.0,0.0,0.0,3,2,0,0,0,0,1,1,1,1,0,1,5,1,1,6,1,12,0,0,0,1,2,0,0,2,5,3,9
2020.0,-108.0,0.0,0.0,3,2,3,1,0,0,1,5,1,1,0,0,9,1,1,8,1,12,0,1,0,1,1,0,6,4,5,3,9
2020.0,75.0,1.0,0.0,3,2,3,0,0,0,0,5,1,1,1,1,2,1,1,12,1,12,0,0,0,1,1,0,6,9,5,6,0
2020.0,-40.0,1.0,0.0,1,2,0,0,0,0,1,2,1,1,0,1,1,1,1,17,1,12,0,1,0,1,1,0,10,5,5,9,3
2020.0,200.0,0.0,0.0,3,6,0,0,0,0,0,9,0,1,0,1,9,1,1,18,1,12,0,1,0,1,1,0,10,5,8,8,3
2020.0,-461.0,0.0,0.0,3,4,3,0,0,0,0,2,1,1,0,0,5,1,1,11,2,12,0,0,0,0,0,0,0,5,5,3,9
2020.0,106.0,0.0,0.0,3,2,3,0,0,0,0,9,1,1,0,1,5,1,1,11,2,12,0,0,0,2,1,0,0,2,5,3,9
2020.0,0.0,2.0,0.0,2,4,3,0,0,0,0,2,1,1,0,1,5,1,1,13,2,12,0,0,0,0,1,0,4,2,5,3,9
2020.0,-1224.0,2.0,0.0,3,4,3,0,0,0,1,1,1,1,0,0,9,1,1,16,2,12,0,1,0,1,1,0,0,2,5,3,9
2020.0,0.0,1.0,0.0,2,4,0,0,0,0,1,5,1,1,0,1,2,1,1,22,2,12,0,0,0,1,1,0,4,5,5,3,9
2020.0,0.0,1.0,0.0,3,2,3,1,0,0,2,2,1,1,0,1,1,1,1,14,3,12,0,0,0,0,1,0,4,2,5,9,3
2020.0,0.0,0.0,0.0,3,2,5,4,0,0,0,9,1,1,0,1,2,1,1,19,3,12,0,1,0,1,1,0,4,2,5,3,9
2020.0,-100.0,1.0,0.0,3,6,4,0,0,0,0,1,1,1,0,1,1,1,1,16,4,12,0,1,0,1,1,0,10,7,5,8,3
2020.0,180.0,2.0,0.0,2,6,3,0,0,0,1,5,1,1,0,1,5,1,1,13,5,12,1,0,0,1,1,0,10,7,5,8,3
2020.0,200.0,0.0,0.0,3,5,4,1,0,0,0,5,1,1,1,1,5,1,1,17,6,12,1,1,0,0,2,0,6,5,5,6,9
2020.0,0.0,2.0,0.0,3,4,3,0,0,0,1,2,1,1,0,1,5,1,1,11,0,12,0,0,0,1,2,0,4,2,5,3,9
2020.0,-450.0,2.0,0.0,3,2,3,0,0,0,1,9,1,1,0,0,5,1,1,11,1,12,0,0,0,0,1,0,0,2,5,3,3
2020.0,0.0,1.0,0.0,2,4,3,0,0,0,0,2,1,1,0,1,5,1,1,17,1,12,0,1,0,1,1,0,4,2,5,3,9
2020.0,0.0,0.0,0.0,3,2,0,0,0,0,1,4,0,1,0,1,1,1,1,22,1,12,0,0,0,1,1,0,5,2,5,3,9
2020.0,0.0,0.0,0.0,3,10,0,0,0,0,0,1,1,1,0,0,1,1,1,22,1,12,0,0,0,2,1,0,4,9,5,3,3
2020.0,0.0,0.0,0.0,3,10,0,0,0,0,0,1,1,1,0,0,1,1,1,22,1,12,0,0,0,2,1,0,4,9,5,3,3
2020.0,0.0,1.0,0.0,3,5,3,0,0,0,2,1,1,1,2,1,2,1,1,10,2,12,0,0,0,0,1,0,4,2,5,3,9
2020.0,0.0,1.0,0.0,3,2,3,0,0,0,1,2,1,1,0,0,9,1,1,10,2,12,0,0,0,2,1,0,4,2,5,9,3
2020.0,-350.0,0.0,0.0,3,6,3,0,0,0,1,2,1,1,0,1,2,1,1,11,2,12,0,0,0,1,1,0,6,8,5,8,3
2020.0,-100.0,3.0,0.0,2,6,3,0,0,0,1,2,1,1,1,1,2,1,1,15,2,12,0,0,0,2,1,0,6,7,5,8,3
2020.0,225.0,1.0,0.0,3,6,3,0,0,0,2,9,1,1,0,0,9,1,1,16,2,12,0,1,0,0,1,0,6,7,5,8,3
2020.0,0.0,0.0,0.0,3,4,3,0,0,0,1,1,1,1,0,0,9,1,1,16,2,12,0,1,0,1,0,0,4,2,5,3,9
2020.0,500.0,1.0,0.0,3,6,0,0,0,0,1,9,1,1,0,1,9,1,1,19,2,12,0,1,0,1,1,0,6,7,5,3,3
2020.0,198.0,0.0,0.0,3,6,0,0,0,0,1,1,1,1,0,0,1,1,1,22,2,12,0,0,0,1,2,0,0,7,5,9,3
2020.0,170.0,0.0,0.0,3,2,3,0,0,0,1,9,1,1,0,1,2,1,1,7,3,12,0,1,0,1,0,0,4,2,5,3,3
2020.0,0.0,1.0,0.0,3,4,3,1,0,0,1,9,1,1,0,1,1,1,1,10,3,12,0,0,0,1,1,0,4,2,5,3,9
2020.0,-120.0,0.0,0.0,3,12,3,0,0,0,2,8,1,1,1,1,9,1,1,11,3,12,0,0,0,0,1,0,6,5,5,6,5
2020.0,500.0,1.0,0.0,2,11,3,1,0,0,1,2,1,1,0,0,5,1,1,11,3,12,0,0,0,1,1,0,0,2,5,3,9
2020.0,-45.0,0.0,0.0,3,6,0,3,0,0,2,1,1,1,0,0,1,1,1,20,3,12,0,0,0,0,1,0,10,7,5,8,3
2020.0,-374.0,1.0,0.0,3,6,0,0,0,0,1,2,1,1,0,1,2,1,1,21,3,12,0,0,0,1,1,0,6,7,5,8,3
2021.0,-112.0,0.0,0.0,3,2,1,0,0,0,1,4,0,1,1,1,5,1,1,2,4,1,0,0,0,2,1,0,6,7,5,6,5
2021.0,-495.0,0.0,0.0,3,6,0,4,3,0,1,8,1,1,1,1,8,1,1,7,4,1,0,1,0,1,1,0,6,5,5,6,5
2021.0,0.0,0.0,0.0,3,2,3,0,0,0,1,9,1,1,0,1,2,1,1,11,4,1,0,0,0,0,2,0,6,2,5,3,3
2021.0,0.0,2.0,0.0,3,6,0,0,0,0,0,2,1,1,0,1,2,1,1,18,4,1,0,1,0,2,1,0,5,8,5,8,3
2021.0,60.0,0.0,0.0,3,6,0,0,0,0,1,4,1,1,0,0,4,1,1,22,4,1,0,0,0,3,1,0,10,7,5,8,3
2021.0,0.0,0.0,0.0,3,2,3,0,0,0,1,2,1,1,0,1,1,1,1,9,5,1,1,1,0,2,1,0,0,2,5,3,9
2021.0,60.0,0.0,0.0,3,6,3,0,0,0,1,5,1,1,0,1,5,1,1,11,5,1,1,0,0,1,1,0,10,8,5,8,3
2021.0,94.0,1.0,0.0,3,6,3,0,0,0,1,1,1,1,0,0,1,1,1,13,5,1,1,0,0,1,1,0,10,7,5,8,3
2021.0,-175.0,1.0,0.0,3,2,3,0,0,0,1,2,1,1,0,1,1,1,1,15,5,1,1,0,0,1,1,0,0,2,5,3,9
2021.0,0.0,2.0,0.0,2,2,3,0,0,0,0,2,1,1,0,1,1,1,1,15,6,1,1,0,0,2,0,0,4,2,5,3,3
2021.0,-15.0,0.0,0.0,3,2,0,0,0,0,1,9,1,1,0,1,9,1,1,19,6,1,1,1,0,3,1,0,4,9,5,9,9
2021.0,-153.0,0.0,0.0,3,2,3,0,0,0,1,1,1,1,0,1,5,1,1,8,0,1,0,1,0,1,1,0,0,2,5,3,5
2021.0,43.0,2.0,0.0,3,6,3,0,0,0,1,9,1,1,0,1,9,1,1,8,0,1,0,1,0,0,1,0,10,8,5,8,3
2021.0,-360.0,0.0,0.0,3,10,3,0,0,0,1,2,1,1,0,1,2,1,1,9,0,1,0,1,0,0,1,0,6,9,5,3,2
2021.0,462.0,1.0,0.0,1,5,0,0,0,3,1,9,1,1,0,1,5,1,1,19,0,1,0,1,0,0,2,0,6,2,5,2,7
2021.0,56.0,2.0,0.0,3,6,0,0,0,0,0,5,0,0,0,0,5,1,1,21,0,1,0,0,0,1,1,0,10,7,5,8,3
2021.0,0.0,0.0,0.0,3,2,3,0,0,0,1,5,1,1,0,1,9,1,1,8,1,1,0,1,0,0,1,0,4,2,5,3,3
2021.0,0.0,0.0,0.0,3,12,3,0,0,0,1,5,1,1,0,1,9,1,1,9,1,1,0,1,0,0,0,0,4,2,5,3,9
2021.0,80.0,0.0,0.0,3,6,3,0,0,0,1,5,1,1,0,0,5,1,1,12,1,1,0,0,0,2,2,0,10,8,5,8,3
2021.0,48.0,1.0,0.0,3,6,4,0,0,0,0,1,1,1,0,1,1,1,1,16,1,1,0,1,0,2,1,0,10,8,5,3,3
2021.0,121.0,1.0,0.0,2,4,3,0,0,0,1,6,1,1,0,1,9,1,1,13,2,1,0,0,0,0,2,0,0,2,5,3,9
2021.0,-475.0,3.0,0.0,3,6,3,0,0,0,1,1,1,1,0,1,1,1,1,15,2,1,0,0,0,2,1,0,10,8,5,8,3
2021.0,-35.0,1.0,0.0,2,4,3,0,0,0,0,9,1,1,3,0,1,1,1,17,2,1,0,1,0,1,1,0,10,2,5,7,9
2021.0,104.0,0.0,0.0,3,10,3,0,0,0,0,1,1,1,0,1,1,1,1,8,3,1,0,1,0,2,1,0,6,9,5,3,2
2021.0,-126.0,2.0,0.0,2,3,3,0,0,0,0,9,1,1,0,1,1,1,1,13,3,1,0,0,0,2,1,0,10,9,5,3,3
2021.0,-1200.0,0.0,0.0,3,5,3,0,0,0,1,0,1,1,1,1,0,1,1,14,3,1,0,0,0,3,0,0,6,5,5,6,1
2021.0,0.0,2.0,0.0,2,4,3,0,0,0,0,1,1,1,0,1,9,1,1,15,3,1,0,0,0,1,1,0,4,2,5,3,9
2021.0,0.0,2.0,0.0,2,2,3,0,0,0,1,2,0,1,0,1,1,1,1,16,3,1,0,1,0,1,1,0,5,7,5,9,3
2021.0,0.0,2.0,0.0,3,4,0,0,0,0,1,5,1,1,0,1,2,1,1,6,4,1,0,0,0,0,1,0,4,2,5,3,9
2021.0,-458.0,0.0,0.0,3,6,2,0,0,0,1,1,1,1,0,1,1,1,1,7,4,1,0,1,0,3,1,0,6,8,5,8,3
2021.0,400.0,1.0,0.0,3,6,3,0,0,0,1,1,1,1,0,1,1,1,1,12,4,1,0,0,0,1,1,0,6,8,5,8,8
2021.0,340.0,0.0,0.0,3,2,0,0,0,0,1,2,0,0,0,0,2,1,1,0,5,1,1,0,0,1,2,0,0,4,5,3,9
2021.0,-42.0,0.0,0.0,3,6,3,4,3,0,1,1,1,1,0,0,1,1,1,13,5,1,1,0,0,3,2,0,10,8,5,8,3
2021.0,0.0,0.0,0.0,3,4,0,0,0,0,0,9,1,1,0,1,1,1,1,20,5,1,1,0,0,1,2,0,4,2,5,3,9
2021.0,0.0,0.0,0.0,3,4,0,0,0,0,1,5,1,1,0,0,9,1,1,21,5,1,1,0,0,2,1,0,5,2,5,3,9
2021.0,-233.0,0.0,0.0,3,6,0,0,0,0,2,5,1,1,0,1,5,1,1,2,0,1,0,0,0,3,1,0,6,7,5,3,5
2021.0,179.0,0.0,0.0,3,6,3,0,0,0,1,9,0,1,0,1,9,1,1,13,0,1,0,0,0,2,1,0,10,8,5,8,3
2021.0,380.0,0.0,0.0,3,12,5,4,3,0,2,8,1,1,1,1,1,1,1,0,1,1,0,0,0,3,1,0,6,5,5,6,5
2021.0,331.0,1.0,0.0,2,2,3,0,0,0,1,5,1,1,0,1,9,1,1,10,1,1,0,0,0,1,1,0,0,2,5,3,9
2021.0,150.0,0.0,0.0,3,10,0,0,0,0,1,9,1,1,0,1,9,1,1,19,1,1,0,1,0,0,1,0,6,5,5,3,3
2021.0,0.0,2.0,0.0,2,4,0,0,0,0,0,2,1,1,0,1,5,1,1,20,1,1,0,0,0,2,2,0,4,2,5,3,9
2021.0,-485.0,0.0,0.0,3,2,0,0,0,0,1,2,1,1,0,1,1,1,1,20,1,1,0,0,0,2,1,0,0,2,5,3,9
2021.0,-42.0,0.0,0.0,3,10,3,0,0,0,2,5,1,1,0,1,5,1,1,9,2,1,0,1,0,3,2,0,10,9,5,3,2
2021.0,0.0,2.0,0.0,2,10,3,0,0,0,1,5,1,1,0,1,5,1,1,12,2,1,0,0,0,1,2,0,5,9,5,8,3
2021.0,-240.0,2.0,0.0,2,6,3,0,0,0,1,2,1,1,0,0,2,1,1,15,2,1,0,0,0,2,1,0,10,8,5,8,3
2021.0,-325.0,1.0,0.0,1,4,3,0,0,0,0,6,1,1,0,1,2,1,1,15,2,1,0,0,0,2,1,0,0,2,5,3,9
2021.0,0.0,2.0,0.0,3,4,3,4,0,0,0,9,1,1,0,1,1,1,1,17,2,1,0,1,0,2,2,0,4,2,5,3,9
2021.0,0.0,0.0,0.0,3,2,0,0,0,0,0,1,0,1,0,0,5,1,1,17,2,1,0,1,0,0,1,0,4,2,5,3,3
2021.0,-245.0,0.0,0.0,3,6,3,0,0,0,1,2,1,1,0,0,2,1,1,12,3,1,0,0,0,2,2,0,6,8,5,8,3
2021.0,-100.0,1.0,0.0,2,5,3,0,0,2,1,9,1,1,0,0,9,1,1,17,4,1,0,1,0,1,1,0,10,4,5,3,9
2021.0,100.0,0.0,0.0,3,6,0,0,0,0,1,5,0,1,0,1,5,1,1,20,4,1,0,0,0,1,1,0,10,7,5,8,3
2021.0,80.0,0.0,0.0,3,5,0,0,0,0,1,5,1,1,0,1,5,1,1,0,5,1,1,0,0,2,2,0,6,5,5,8,1
2021.0,0.0,0.0,0.0,3,6,3,0,0,0,1,1,1,1,0,0,1,1,1,13,5,1,1,0,0,1,1,0,10,7,5,8,3
2021.0,1284.0,0.0,0.0,3,10,0,0,0,0,0,5,1,1,0,1,5,1,1,19,5,1,1,1,0,0,1,0,10,4,5,3,9
2021.0,138.0,0.0,0.0,3,5,3,0,0,0,1,5,1,1,1,1,5,1,1,11,6,1,1,0,0,2,1,0,6,7,5,6,3
2021.0,-135.0,0.0,0.0,3,2,0,0,0,0,1,2,1,1,0,1,1,1,1,20,6,1,1,0,0,2,2,0,0,2,5,3,9
2021.0,0.0,0.0,0.0,3,2,3,0,0,0,0,2,1,1,0,0,2,1,1,8,0,1,0,1,0,2,1,0,4,9,5,3,2
2021.0,284.0,0.0,0.0,3,6,3,0,0,0,1,9,1,1,0,0,9,1,1,10,0,1,0,0,0,2,2,0,4,7,5,8,8
2021.0,-200.0,0.0,0.0,3,10,3,1,0,0,1,2,1,1,0,1,2,1,1,14,0,1,0,0,0,2,1,0,6,9,5,3,3
2021.0,105.0,0.0,0.0,3,6,3,0,0,0,0,9,1,0,0,1,9,1,1,15,0,1,0,0,0,1,0,0,6,7,5,3,8
2021.0,-167.0,0.0,0.0,3,10,3,0,0,0,2,1,1,1,0,1,1,1,1,16,0,1,0,1,0,3,2,0,6,9,5,3,2
2021.0,145.0,3.0,0.0,3,10,0,1,0,0,1,1,1,1,0,1,1,1,1,18,0,1,0,1,0,0,1,0,10,9,5,3,2
2021.0,-170.0,0.0,0.0,3,6,4,0,0,0,1,1,1,1,0,1,1,1,1,18,0,1,0,1,0,1,1,0,6,7,5,8,3
2021.0,490.0,2.0,0.0,3,6,0,0,0,0,1,5,1,1,0,0,5,1,1,19,0,1,0,1,0,2,1,0,6,7,5,3,3
2021.0,-200.0,0.0,0.0,3,6,0,4,0,0,1,9,0,1,0,1,9,1,1,20,0,1,0,0,0,1,0,0,10,7,5,8,3
2021.0,25.0,0.0,0.0,3,9,3,1,0,0,1,2,0,1,0,0,5,1,1,14,1,1,0,0,0,1,2,0,10,7,5,8,3
2021.0,-487.0,1.0,0.0,3,6,3,1,0,0,1,1,1,1,0,1,1,1,1,14,1,1,0,0,0,1,0,0,0,8,5,8,3
2021.0,203.0,0.0,0.0,3,2,3,1,0,0,1,5,1,1,0,1,9,1,1,16,1,1,0,1,0,2,2,0,10,2,5,3,3
2021.0,266.0,0.0,0.0,3,10,3,0,0,0,2,1,1,1,0,1,1,1,1,17,1,1,0,1,0,3,1,0,6,5,5,8,3
2021.0,0.0,1.0,0.0,3,2,3,0,0,0,1,5,1,1,0,1,1,1,1,10,2,1,0,0,0,2,2,0,4,2,5,3,3
2021.0,32.0,2.0,0.0,3,6,3,0,0,0,1,9,1,1,0,1,9,1,1,11,2,1,0,0,0,0,1,0,10,7,5,8,3
2021.0,-930.0,0.0,0.0,3,6,3,0,0,0,0,5,1,1,0,1,5,1,1,14,2,1,0,0,0,1,1,0,6,7,5,8,3
2021.0,134.0,1.0,0.0,3,10,3,0,0,0,1,2,1,1,0,0,2,1,1,17,2,1,0,1,0,1,1,0,6,9,5,3,2
2021.0,-105.0,0.0,0.0,3,10,3,0,0,0,0,9,1,1,0,0,9,1,1,17,2,1,0,1,0,3,2,0,6,2,5,3,5
2021.0,-200.0,0.0,0.0,3,6,4,1,0,0,2,1,1,1,0,0,1,1,1,18,2,1,0,1,0,3,0,0,10,7,5,8,3
2021.0,35.0,0.0,0.0,3,6,0,0,0,0,0,9,1,1,0,0,9,1,1,18,2,1,0,1,0,0,1,0,10,7,5,8,8
2021.0,0.0,0.0,0.0,3,4,0,0,0,0,1,5,1,0,0,0,2,1,1,19,2,1,0,1,0,1,1,0,4,2,5,3,9
2021.0,65.0,1.0,0.0,2,6,0,0,0,0,1,9,0,1,0,0,9,1,1,1,3,1,0,0,0,1,1,0,10,7,5,3,3
2021.0,0.0,1.0,0.0,3,2,3,1,4,0,0,1,1,1,0,1,5,1,1,9,3,1,0,1,1,1,2,0,5,2,5,3,9
2021.0,83.0,1.0,0.0,3,6,3,1,0,0,1,5,1,1,0,0,5,1,1,14,3,1,0,0,0,1,1,0,10,8,5,8,3
2021.0,-114.0,0.0,0.0,3,10,3,0,0,0,1,5,1,1,0,1,5,1,1,16,3,1,0,1,0,1,0,0,10,7,5,5,3
2021.0,40.0,4.0,0.0,2,6,0,0,0,0,1,2,0,1,0,1,2,1,1,18,3,1,0,1,0,1,2,0,6,7,5,8,3
2021.0,0.0,1.0,0.0,2,4,4,0,0,0,0,9,1,1,0,0,1,1,1,18,3,1,0,1,0,1,1,0,4,2,5,3,9
2021.0,30.0,0.0,0.0,3,6,0,0,0,0,1,5,1,0,0,1,5,1,1,2,4,1,0,0,0,2,1,0,10,7,5,8,3
2021.0,750.0,1.0,0.0,3,6,3,1,0,0,1,1,1,1,0,0,1,1,1,11,4,1,0,0,0,1,0,0,10,8,5,8,3
2021.0,0.0,2.0,0.0,2,4,3,1,0,0,0,5,1,1,0,1,2,1,1,12,4,1,0,0,0,0,1,0,4,2,5,3,9
2021.0,-30.0,2.0,0.0,3,6,3,1,0,0,0,1,1,1,0,1,1,1,1,12,4,1,0,0,0,2,0,0,10,8,5,8,3
2021.0,-739.0,0.0,0.0,3,6,3,1,0,0,1,2,1,1,0,0,2,1,1,16,4,1,0,1,0,2,1,0,6,8,5,8,3
2021.0,-150.0,1.0,0.0,2,6,4,1,0,0,0,1,1,1,0,1,1,1,1,18,4,1,0,1,0,1,1,0,10,7,5,8,3
2021.0,80.0,0.0,0.0,3,4,0,1,0,0,0,2,1,1,1,1,1,1,1,18,4,1,0,1,0,2,2,0,10,2,5,3,9
2021.0,0.0,2.0,0.0,2,4,0,0,0,0,1,5,1,1,0,0,9,1,1,19,4,1,0,1,0,2,1,0,5,2,5,3,9
2021.0,375.0,0.0,0.0,3,2,0,0,0,0,2,9,1,1,0,1,2,1,1,22,4,1,0,0,0,3,1,0,0,2,5,3,9
2021.0,-20.0,0.0,0.0,3,6,0,0,0,0,0,5,0,1,0,1,5,1,1,23,4,1,0,0,0,1,2,0,6,7,5,8,3
2021.0,-118.0,0.0,0.0,3,2,0,0,0,0,0,5,0,1,0,1,5,1,1,23,4,1,0,0,0,1,1,0,6,9,5,6,3
2021.0,0.0,1.0,0.0,3,10,3,1,0,0,1,2,1,1,0,1,2,1,1,8,5,1,1,1,0,1,1,0,10,5,5,3,3
2021.0,116.0,1.0,0.0,3,6,3,1,0,0,1,1,1,1,0,1,1,1,1,15,5,1,1,0,0,1,0,0,0,7,5,9,3
2021.0,100.0,0.0,0.0,3,5,5,4,3,0,2,8,1,1,1,1,9,1,1,15,6,1,1,0,0,3,1,0,6,5,5,6,5
2021.0,287.0,1.0,0.0,3,4,3,1,0,0,1,1,1,1,0,1,9,1,1,17,6,1,1,1,0,0,2,0,0,2,7,3,9
2021.0,510.0,1.0,0.0,2,6,4,3,0,0,0,2,1,1,0,0,2,1,1,18,6,1,1,1,0,1,2,0,0,7,5,8,3
2021.0,125.0,1.0,0.0,3,6,4,0,0,0,1,5,0,1,0,0,5,1,1,18,6,1,1,1,0,1,1,0,10,7,5,3,3
2021.0,90.0,0.0,0.0,3,2,0,3,4,0,1,1,1,1,1,1,1,1,1,18,6,1,1,1,1,3,1,0,6,7,5,6,9
2021.0,-75.0,0.0,0.0,3,10,0,1,0,0,2,2,1,1,0,1,2,1,1,19,6,1,1,1,0,3,2,0,10,9,5,8,3
2021.0,165.0,0.0,0.0,3,10,3,1,0,0,0,1,1,1,0,1,1,1,1,8,0,1,0,1,0,1,0,0,10,7,9,6,3
2021.0,168.0,2.0,0.0,2,3,3,0,0,0,0,6,1,1,0,1,4,1,1,11,0,1,0,0,0,1,1,0,6,7,5,3,3
2021.0,700.0,0.0,0.0,3,5,0,3,4,0,1,2,1,1,0,1,2,1,1,19,0,1,0,1,1,1,2,0,6,7,5,3,3
2021.0,525.0,0.0,0.0,3,2,3,1,0,0,1,9,1,1,0,0,9,1,1,11,1,1,0,0,0,2,2,0,6,4,5,3,9
2021.0,-205.0,1.0,0.0,3,6,3,1,0,0,1,5,1,1,0,1,5,1,1,16,1,1,0,1,0,1,2,0,0,8,5,8,3
2021.0,0.0,1.0,0.0,3,4,3,1,0,0,1,9,1,1,0,0,1,1,1,16,1,1,0,1,0,0,2,0,4,2,5,3,9
2021.0,0.0,1.0,0.0,3,4,3,1,0,0,0,5,1,1,0,1,2,1,1,17,1,1,0,1,0,2,0,0,4,2,5,3,9