Year,Distance,Totalinjuries,Totalfatalities,Injuryseverity,Collisionmanner,Lightcondition,Weather,SurfaceCondition,Unittype_One,Gender_Drv1,Traveldirection_One,AlcoholUse_Drv1,DrugUse_Drv1,Unittype_Two,Gender_Drv2,Traveldirection_Two,AlcoholUse_Drv2,DrugUse_Drv2,Hour,Weekday,Month,Weekend,Rush_Hour,Hazardous_Road,Age_Group_Drv1,Age_Group_Drv2,Substance_Use,Junction_Category,Violation_Category_Drv1,Violation_Category_Drv2,Unitaction_Category_Two,Unitaction_Category_One
2021.0,165.0,0.0,0.0,3,6,0,1,0,0,2,9,1,1,0,1,9,1,1,18,1,1,0,1,0,3,1,0,10,7,5,3,3
2021.0,0.0,0.0,0.0,3,4,0,1,4,0,1,9,1,1,0,0,1,1,1,19,1,1,0,1,1,2,2,0,4,9,5,3,9
2021.0,0.0,0.0,0.0,3,4,3,0,3,0,2,1,1,1,0,1,9,1,1,7,2,1,0,1,0,3,1,0,4,2,5,9,3
2021.0,0.0,0.0,0.0,3,2,3,0,0,0,0,5,1,1,0,0,9,1,1,7,2,1,0,1,0,1,1,0,4,2,5,3,9
2021.0,0.0,2.0,0.0,3,2,3,0,0,0,0,2,1,1,0,0,1,1,1,9,2,1,0,1,0,0,1,0,5,2,5,3,9
2021.0,25.0,0.0,0.0,3,6,0,0,0,0,0,9,1,1,0,0,9,1,1,20,2,1,0,0,0,2,1,0,10,7,5,8,3
2021.0,0.0,0.0,0.0,3,4,0,0,0,0,1,5,1,1,0,1,2,1,1,20,2,1,0,0,0,0,2,0,4,2,5,9,9
2021.0,-86.0,0.0,0.0,3,6,0,0,0,0,1,2,1,1,0,0,2,1,1,21,2,1,0,0,0,1,2,0,10,7,5,8,3
2021.0,60.0,0.0,0.0,3,10,3,0,0,0,1,5,1,0,0,0,5,1,1,11,3,1,0,0,0,1,2,0,10,4,5,3,9
2021.0,0.0,1.0,0.0,3,2,3,0,0,0,0,2,1,1,0,0,9,1,1,15,3,1,0,0,0,1,1,0,5,2,5,9,3
2021.0,-251.0,2.0,0.0,3,6,3,0,0,0,1,1,1,1,0,0,1,1,1,15,3,1,0,0,0,1,1,0,10,8,5,8,3
2021.0,60.0,1.0,0.0,2,6,0,1,0,0,2,9,1,1,0,0,9,1,1,20,3,1,0,0,0,3,1,0,10,5,5,8,3
2021.0,-200.0,2.0,0.0,2,6,0,0,0,0,0,2,1,1,0,1,2,1,1,6,4,1,0,0,0,1,1,0,3,7,5,8,3
2021.0,-66.0,0.0,0.0,3,6,3,1,0,0,1,1,1,1,0,0,1,1,1,13,4,1,0,0,0,1,1,0,6,2,5,8,3
2021.0,0.0,1.0,0.0,3,2,3,1,0,0,1,9,1,1,0,1,5,1,1,14,4,1,0,0,0,1,1,0,4,2,5,3,3
2021.0,-263.0,1.0,0.0,3,2,3,3,4,3,0,2,1,1,0,0,9,1,1,15,4,1,0,0,1,1,1,0,6,6,5,3,7
2021.0,0.0,1.0,0.0,3,2,3,1,0,0,0,5,1,1,0,0,9,1,1,15,4,1,0,0,0,1,1,0,4,2,5,3,3
2021.0,30.0,1.0,0.0,2,2,3,1,0,3,1,1,1,1,0,1,5,1,1,16,4,1,0,1,0,2,2,0,0,5,5,9,7
2021.0,-35.0,0.0,0.0,3,6,3,1,0,0,1,1,1,1,0,1,1,1,1,17,4,1,0,1,0,1,2,0,6,7,5,8,3
2021.0,0.0,3.0,0.0,2,2,4,3,4,0,0,1,1,1,0,0,5,1,1,17,4,1,0,1,1,1,1,0,4,2,5,3,3
2021.0,0.0,1.0,0.0,3,4,0,3,4,0,1,9,1,1,0,1,1,1,1,19,4,1,0,1,1,2,2,0,4,2,5,3,9
2021.0,300.0,3.0,0.0,2,4,0,1,4,0,1,1,1,1,0,0,5,1,1,19,4,1,0,1,1,2,1,0,0,2,5,3,9
2021.0,-36.0,0.0,1.0,0,5,0,1,4,0,1,1,1,1,3,0,5,1,1,23,4,1,0,0,1,2,0,0,10,5,5,7,3
2021.0,163.0,0.0,0.0,3,5,0,0,0,0,2,8,1,1,1,1,9,1,1,0,5,1,1,0,0,3,0,0,6,5,5,6,5
2021.0,0.0,2.0,0.0,3,2,3,0,0,0,0,1,1,1,0,1,2,1,1,11,5,1,1,0,0,1,1,0,4,2,5,3,3
2021.0,200.0,0.0,0.0,3,6,5,4,3,0,2,5,1,1,0,0,5,1,1,13,5,1,1,0,0,3,1,0,10,7,5,9,3
2021.0,0.0,1.0,0.0,3,2,0,0,0,0,1,5,1,1,0,0,9,1,1,18,5,1,1,1,0,2,2,0,5,2,5,3,5
2021.0,20.0,1.0,0.0,2,2,0,0,0,3,1,5,1,1,0,1,1,1,1,19,5,1,1,1,0,2,0,0,10,5,5,3,7
2021.0,188.0,0.0,0.0,3,6,0,0,0,0,0,9,1,1,0,0,9,1,1,19,5,1,1,1,0,2,1,0,10,7,5,8,3
2021.0,0.0,3.0,0.0,2,2,0,0,0,0,1,4,1,1,0,1,3,1,1,19,5,1,1,1,0,1,2,0,0,2,5,3,9
2021.0,200.0,0.0,0.0,3,6,0,0,0,0,2,9,1,1,0,1,9,1,1,21,5,1,1,0,0,3,1,0,6,7,5,8,3
2021.0,-40.0,0.0,0.0,3,5,0,0,0,0,2,9,1,1,1,1,5,1,1,0,6,1,1,0,0,3,0,0,6,5,5,6,5
2021.0,-50.0,0.0,0.0,3,6,0,0,0,0,0,2,0,1,0,0,2,1,1,0,6,1,1,0,0,2,1,0,10,7,5,3,3
2021.0,-30.0,0.0,0.0,3,6,0,0,0,0,2,2,1,1,0,1,2,1,1,1,6,1,1,0,0,3,1,0,10,5,5,8,3
2021.0,0.0,0.0,0.0,3,2,0,0,0,0,1,6,1,1,0,0,5,1,1,3,6,1,1,0,0,2,2,0,5,2,5,3,9
2021.0,-38.0,0.0,0.0,3,6,3,1,0,0,0,5,1,1,0,0,5,1,1,15,6,1,1,0,0,1,2,0,6,7,4,8,3
2021.0,0.0,2.0,0.0,3,4,0,0,0,0,0,9,1,1,0,1,1,1,1,18,6,1,1,1,0,2,1,0,4,2,5,3,9
2021.0,575.0,1.0,0.0,3,2,3,0,0,0,0,2,1,1,0,0,1,1,1,15,0,2,0,0,0,1,1,0,6,2,5,8,9
2021.0,-183.0,0.0,0.0,3,10,0,0,0,0,0,9,1,1,0,1,9,1,1,18,0,2,0,1,0,1,2,0,10,9,5,3,3
2021.0,-398.0,1.0,0.0,3,6,3,0,0,0,1,2,1,0,0,1,2,1,1,8,1,2,0,1,0,1,1,0,10,8,5,8,3
2021.0,55.0,0.0,0.0,3,6,3,0,0,0,0,9,1,1,0,1,9,1,1,10,1,2,0,0,0,0,1,0,10,8,5,8,3
2021.0,226.0,0.0,0.0,3,6,3,0,0,0,2,1,1,1,0,0,1,1,1,12,1,2,0,0,0,3,2,0,6,8,5,8,3
2021.0,-312.0,1.0,0.0,3,4,3,1,0,0,1,2,1,1,0,0,1,1,1,16,1,2,0,1,0,2,2,0,0,2,5,3,9
2021.0,300.0,0.0,0.0,3,6,3,1,0,0,0,1,1,1,0,1,1,1,1,16,1,2,0,1,0,1,1,0,6,8,5,8,3
2021.0,0.0,0.0,0.0,3,10,3,0,0,0,1,5,1,1,0,1,5,1,1,17,1,2,0,1,0,1,1,0,8,5,5,3,9
2021.0,245.0,0.0,0.0,3,5,5,0,0,0,2,8,1,1,1,1,1,1,1,23,1,2,0,0,0,3,1,0,6,5,5,6,5
2021.0,0.0,1.0,0.0,3,4,0,1,0,0,0,4,1,1,0,1,1,1,1,5,2,2,0,0,0,1,2,0,5,2,5,3,9
2021.0,-150.0,0.0,0.0,3,11,3,1,0,0,2,2,1,1,0,1,2,1,1,11,2,2,0,0,0,3,2,0,6,4,5,3,9
2021.0,0.0,2.0,0.0,3,4,3,0,0,0,0,9,1,1,0,0,1,1,1,11,2,2,0,0,0,2,2,0,4,2,5,3,9
2021.0,0.0,1.0,0.0,3,4,3,0,0,0,0,1,1,1,0,1,5,1,1,13,2,2,0,0,0,1,2,0,5,2,5,3,9
2021.0,0.0,3.0,0.0,2,4,3,1,0,0,0,9,1,1,0,0,1,1,1,14,2,2,0,0,0,1,2,0,4,2,5,3,9
2021.0,-218.0,1.0,0.0,2,2,3,1,0,3,0,2,1,1,0,0,1,1,1,17,2,2,0,1,0,2,2,0,6,1,5,8,7
2021.0,0.0,2.0,0.0,2,3,0,0,0,0,0,2,1,1,0,0,5,1,1,21,2,2,0,0,0,1,2,0,4,2,5,9,3
2021.0,-25.0,0.0,0.0,3,6,3,0,0,0,1,1,1,1,0,0,1,1,1,14,3,2,0,0,0,1,0,0,10,7,5,3,3
2021.0,45.0,1.0,0.0,2,5,3,0,0,3,1,2,1,1,0,0,1,1,1,18,3,2,0,1,0,1,2,0,6,6,5,3,7
2021.0,0.0,2.0,0.0,3,4,3,0,0,0,0,2,1,1,0,0,9,1,1,11,4,2,0,0,0,0,1,0,4,5,5,9,3
2021.0,-192.0,0.0,0.0,3,10,3,0,0,0,2,1,1,1,0,1,1,1,1,11,4,2,0,0,0,3,0,0,6,9,5,3,2
2021.0,326.0,2.0,0.0,3,2,3,0,0,0,0,1,1,1,0,1,5,1,1,11,4,2,0,0,0,2,2,0,6,9,5,3,9
2021.0,66.0,0.0,0.0,3,2,3,0,0,0,1,1,1,0,0,0,9,1,1,12,4,2,0,0,0,1,2,0,6,7,5,6,3
2021.0,139.0,0.0,0.0,3,6,3,0,0,0,1,1,1,1,0,1,1,1,1,13,4,2,0,0,0,1,1,0,10,8,5,3,3
2021.0,0.0,0.0,0.0,3,10,0,0,0,0,2,9,1,1,0,0,9,1,1,21,4,2,0,0,0,3,2,0,4,9,5,9,9
2021.0,-760.0,1.0,0.0,2,5,3,0,0,2,1,9,1,1,0,1,2,1,1,10,5,2,1,0,0,1,0,0,0,9,5,9,3
2021.0,100.0,1.0,0.0,3,6,3,0,0,0,0,9,1,1,0,1,9,1,1,12,5,2,1,0,0,2,1,0,10,5,5,8,3
2021.0,15.0,0.0,0.0,3,2,3,0,0,0,1,1,1,1,0,1,2,1,1,16,5,2,1,1,0,1,1,0,10,2,5,3,9
2021.0,122.0,1.0,0.0,3,5,0,0,0,0,0,2,1,1,3,0,9,1,1,20,5,2,1,0,0,0,2,0,0,2,5,7,9
2021.0,-280.0,0.0,0.0,3,10,3,0,0,0,1,9,1,1,0,1,9,1,1,2,6,2,1,0,0,0,1,0,10,9,5,3,2
2021.0,150.0,0.0,0.0,3,2,2,0,0,0,0,9,0,1,1,1,9,1,1,7,6,2,1,1,0,1,0,0,6,9,5,6,3
2021.0,0.0,2.0,0.0,2,4,3,0,0,0,1,1,1,1,0,1,2,1,1,15,6,2,1,0,0,1,0,0,4,2,5,3,3
2021.0,0.0,1.0,0.0,1,5,3,0,0,2,1,1,1,1,0,1,2,1,1,15,6,2,1,0,0,1,2,0,4,2,5,3,7
2021.0,0.0,0.0,0.0,3,10,0,0,0,0,1,9,1,1,0,1,9,1,1,18,6,2,1,1,0,1,1,0,5,9,5,3,2
2021.0,0.0,2.0,0.0,1,2,3,0,0,0,0,2,1,1,0,1,5,1,1,6,0,2,0,0,0,2,2,0,4,2,5,9,3
2021.0,-141.0,0.0,0.0,3,10,3,0,0,0,2,5,1,1,0,1,5,1,1,11,0,2,0,0,0,3,1,0,6,7,5,6,3
2021.0,0.0,0.0,0.0,3,2,3,0,0,0,1,5,1,1,0,1,9,1,1,13,0,2,0,0,0,2,1,0,4,2,5,3,3
2021.0,-300.0,0.0,0.0,3,4,3,0,0,0,1,5,1,1,0,0,1,1,1,13,0,2,0,0,0,1,1,0,6,9,5,3,9
2021.0,-129.0,1.0,0.0,2,2,3,0,0,0,1,9,0,1,1,1,9,1,1,14,0,2,0,0,0,1,1,0,10,7,5,6,3
2021.0,-75.0,1.0,0.0,3,6,3,0,0,0,2,2,1,1,0,0,2,1,1,16,0,2,0,1,0,3,1,0,10,8,5,8,3
2021.0,-660.0,0.0,0.0,3,6,3,0,0,0,1,2,1,1,0,1,2,1,1,14,1,2,0,0,0,1,0,0,6,7,5,9,3
2021.0,0.0,2.0,0.0,2,4,3,0,0,0,1,5,1,1,0,0,2,1,1,16,1,2,0,1,0,2,1,0,5,2,5,3,9
2021.0,600.0,0.0,0.0,3,2,3,1,0,0,1,2,1,1,0,1,1,1,1,16,1,2,0,1,0,2,1,0,0,2,5,2,9
2021.0,650.0,1.0,0.0,1,5,4,0,0,2,0,2,0,0,0,0,1,1,1,17,1,2,0,1,0,1,1,0,6,2,5,3,3
2021.0,272.0,0.0,0.0,3,6,5,0,3,0,1,9,1,1,0,0,9,1,1,21,1,2,0,0,0,1,1,0,6,5,5,5,5
2021.0,-5.0,4.0,0.0,3,6,3,0,0,0,1,2,1,1,0,1,2,1,1,13,2,2,0,0,0,1,0,0,10,8,5,8,3
2021.0,0.0,4.0,0.0,2,2,3,0,0,0,0,9,1,1,0,0,2,1,1,15,2,2,0,0,0,0,2,0,5,2,5,3,9
2021.0,300.0,0.0,0.0,3,10,0,0,0,0,2,9,1,1,1,1,9,1,1,19,2,2,0,1,0,3,1,0,6,7,5,6,3
2021.0,0.0,2.0,0.0,3,4,3,0,0,0,0,4,1,1,0,1,5,1,1,7,3,2,0,1,0,1,1,0,4,2,5,3,9
2021.0,-65.0,3.0,0.0,2,6,3,0,0,0,0,1,1,1,0,1,1,1,1,7,3,2,0,1,0,2,2,0,10,8,5,8,3
2021.0,-250.0,1.0,0.0,3,6,3,0,0,0,1,1,1,1,0,1,1,1,1,12,3,2,0,0,0,1,1,0,10,8,5,8,3
2021.0,0.0,0.0,0.0,3,4,3,0,0,0,1,2,1,1,0,0,5,1,1,15,3,2,0,0,0,1,2,0,4,2,5,3,9
2021.0,-591.0,0.0,0.0,3,2,3,0,0,0,1,1,1,1,0,1,2,1,1,15,3,2,0,0,0,1,0,0,0,2,5,2,9
2021.0,0.0,0.0,0.0,3,4,3,0,0,0,1,1,1,1,0,1,9,1,1,17,3,2,0,1,0,2,1,0,4,2,5,3,9
2021.0,-75.0,1.0,0.0,2,6,0,0,0,0,1,5,1,0,0,0,5,1,1,20,3,2,0,0,0,1,1,0,6,7,5,3,3
2021.0,-599.0,0.0,0.0,3,10,3,0,0,0,0,9,1,1,0,1,9,1,1,10,4,2,0,0,0,1,1,0,6,9,5,3,2
2021.0,-400.0,2.0,0.0,3,4,3,0,0,0,0,9,1,1,0,0,2,1,1,12,4,2,0,0,0,2,1,0,6,2,5,3,9
2021.0,0.0,1.0,0.0,3,5,1,0,0,2,1,1,1,1,0,1,2,1,1,18,4,2,0,1,0,1,2,0,4,2,5,3,3
2021.0,580.0,1.0,0.0,2,2,0,0,0,0,0,9,1,1,0,1,1,1,1,19,4,2,0,1,0,1,1,0,6,2,5,3,9
2021.0,0.0,1.0,0.0,3,2,0,0,0,0,2,9,1,1,0,1,5,1,1,2,5,2,1,0,0,3,2,0,4,2,5,3,3
2021.0,0.0,0.0,0.0,3,4,3,0,0,0,1,2,1,1,0,1,5,1,1,12,5,2,1,0,0,1,1,0,6,2,5,3,9
2021.0,-288.0,1.0,0.0,2,5,3,1,0,0,1,2,1,1,2,1,2,1,1,14,5,2,1,0,0,1,1,0,0,2,5,3,9
2021.0,0.0,0.0,0.0,3,4,0,0,0,0,1,6,1,1,0,0,2,1,1,22,5,2,1,0,0,2,2,0,5,4,5,3,9
2021.0,0.0,0.0,0.0,3,2,2,0,0,0,0,9,1,1,0,1,5,1,1,7,6,2,1,1,0,2,1,0,4,2,5,3,3
2021.0,-35.0,2.0,0.0,3,10,0,0,0,0,1,1,1,1,0,1,1,1,1,18,6,2,1,1,0,1,1,0,10,4,5,3,9
2021.0,0.0,0.0,0.0,3,4,0,0,0,0,1,5,1,1,0,1,2,1,1,18,6,2,1,1,0,2,2,0,4,2,5,3,9
2021.0,0.0,0.0,0.0,3,3,0,0,0,0,0,9,0,1,0,0,2,1,1,22,6,2,1,0,0,2,2,0,4,2,5,3,3
2021.0,0.0,0.0,0.0,3,4,0,0,0,0,1,2,1,1,0,0,9,1,1,23,6,2,1,0,0,2,1,0,4,2,5,9,3
2021.0,-630.0,1.0,0.0,3,3,0,0,0,0,1,5,0,1,1,1,2,1,1,18,0,2,0,1,0,2,1,0,6,7,5,6,3
2021.0,-155.0,1.0,0.0,2,5,1,0,0,3,0,5,1,1,0,1,9,1,1,21,0,2,0,0,0,1,1,0,6,2,5,3,7
2021.0,175.0,0.0,0.0,3,10,3,1,0,0,0,1,1,1,0,1,1,1,1,6,1,2,0,0,0,1,1,0,6,9,5,3,2
2021.0,185.0,3.0,0.0,2,4,3,0,0,0,1,9,1,1,0,1,1,1,1,14,1,2,0,0,0,1,1,0,0,2,5,3,9
2021.0,0.0,0.0,0.0,3,4,0,0,0,0,1,9,1,1,0,1,1,1,1,18,1,2,0,1,0,1,0,0,4,2,5,3,9
2021.0,-80.0,0.0,0.0,3,6,3,0,0,0,1,1,1,1,0,1,1,1,1,15,2,2,0,0,0,3,2,0,10,8,5,8,3
2021.0,215.0,1.0,0.0,2,6,5,4,0,0,1,1,1,1,0,1,1,1,1,23,2,2,0,0,0,1,1,0,9,7,5,3,3
2021.0,-958.0,1.0,0.0,3,5,3,0,0,0,2,5,1,1,2,1,9,1,1,7,3,2,0,1,0,3,1,0,6,2,5,3,9
2021.0,100.0,0.0,0.0,3,6,3,0,0,0,1,9,1,1,0,0,9,1,1,15,3,2,0,0,0,2,2,0,10,8,5,8,3
2021.0,-441.0,0.0,0.0,3,2,3,0,0,0,0,1,1,1,0,0,5,1,1,16,3,2,0,1,0,0,2,0,6,2,5,3,9
2021.0,450.0,2.0,0.0,2,6,0,4,0,0,0,2,1,1,0,0,2,1,1,19,3,2,0,1,0,2,1,0,6,7,5,8,3
2021.0,0.0,1.0,0.0,3,2,3,0,0,0,1,2,1,1,0,1,9,1,1,12,4,2,0,0,0,1,1,0,4,2,5,3,3
2021.0,0.0,1.0,0.0,3,4,3,0,0,0,0,3,1,1,0,0,9,1,1,12,4,2,0,0,0,1,1,0,4,2,5,3,9
2021.0,-65.0,1.0,0.0,3,6,3,0,0,0,2,2,1,1,0,0,2,1,1,13,4,2,0,0,0,3,1,0,10,8,5,8,3
2021.0,0.0,0.0,1.0,0,5,3,0,0,2,1,9,1,1,0,1,9,1,1,17,4,2,0,1,0,1,1,0,5,9,5,3,2
2021.0,285.0,1.0,0.0,3,2,3,0,0,0,0,5,1,1,0,1,9,1,1,17,4,2,0,1,0,1,1,0,0,2,5,3,9
2021.0,0.0,2.0,0.0,2,2,5,4,0,0,0,2,1,1,0,0,1,1,1,17,4,2,0,1,0,1,1,0,5,2,5,3,3
2021.0,498.0,1.0,0.0,2,2,3,0,0,0,1,9,1,1,0,1,9,1,1,11,5,2,1,0,0,1,1,0,0,8,5,9,3
2021.0,156.0,1.0,0.0,1,6,3,0,0,0,1,5,1,1,0,1,5,1,1,13,5,2,1,0,0,1,1,0,0,5,5,9,9
2021.0,-32.0,0.0,0.0,3,6,0,0,0,0,0,1,0,1,0,1,1,1,1,19,5,2,1,1,0,0,1,0,2,7,5,8,8
2021.0,0.0,0.0,0.0,3,6,0,0,0,0,0,2,1,1,0,1,2,1,1,23,5,2,1,0,0,0,1,0,10,5,7,3,8
2021.0,137.0,0.0,0.0,3,6,0,0,0,0,0,1,0,1,1,1,1,1,1,1,6,2,1,0,0,1,1,0,6,7,5,6,3
2021.0,294.0,0.0,0.0,3,5,5,4,0,0,0,1,1,1,0,1,2,1,1,12,6,2,1,0,0,3,1,0,6,9,5,9,5
2021.0,-125.0,0.0,0.0,3,2,4,0,0,0,0,5,1,1,0,1,9,1,1,17,6,2,1,1,0,1,1,0,10,5,5,3,3
2021.0,155.0,1.0,1.0,0,5,4,0,0,2,1,9,1,1,0,1,9,1,1,18,6,2,1,1,0,1,1,0,10,2,5,3,2
2021.0,0.0,2.0,0.0,2,4,0,0,0,0,0,5,1,1,0,0,2,1,1,22,6,2,1,0,0,2,2,0,4,2,5,3,9
2021.0,-540.0,1.0,0.0,2,4,0,0,0,0,0,1,0,1,0,0,5,1,1,3,0,2,0,0,0,1,1,0,0,2,5,3,9
2021.0,0.0,1.0,0.0,2,2,3,0,0,0,0,5,1,1,0,0,9,1,1,7,0,2,0,1,0,1,1,0,5,2,5,3,9
2021.0,33.0,0.0,0.0,3,10,3,0,0,0,1,5,1,1,0,0,5,1,1,13,0,2,0,0,0,1,1,0,10,4,5,8,9
2021.0,25.0,0.0,0.0,3,6,3,0,0,0,0,5,1,1,0,0,5,1,1,13,0,2,0,0,0,3,0,0,10,7,5,8,3
2021.0,-330.0,0.0,0.0,3,12,3,0,3,0,2,8,1,1,1,1,9,1,1,13,0,2,0,0,0,3,1,0,6,5,5,6,5
2021.0,35.0,0.0,0.0,3,2,3,0,0,0,1,9,1,1,0,1,5,1,1,17,0,2,0,1,0,3,2,0,10,7,5,8,9
2021.0,-400.0,1.0,0.0,2,4,0,0,0,0,0,2,1,1,0,1,5,1,1,18,0,2,0,1,0,1,2,0,0,2,5,3,9
2021.0,87.0,2.0,0.0,2,4,0,0,0,0,1,9,1,1,0,1,1,1,1,19,0,2,0,1,0,2,1,0,0,4,5,3,9
2021.0,0.0,0.0,0.0,3,6,2,0,0,0,0,1,1,1,1,1,1,1,1,6,1,2,0,0,0,2,1,0,5,9,5,6,3
2021.0,-35.0,0.0,0.0,3,10,3,0,0,0,1,2,1,1,1,1,8,1,1,9,1,2,0,1,0,0,1,0,6,5,5,6,6
2021.0,0.0,0.0,0.0,3,2,3,0,0,0,0,5,1,1,0,0,1,1,1,14,1,2,0,0,0,1,2,0,4,2,5,9,3
2021.0,0.0,1.0,0.0,3,4,3,0,0,0,1,2,1,1,0,1,5,1,1,17,1,2,0,1,0,1,2,0,4,2,5,3,9
2021.0,0.0,0.0,0.0,3,6,3,0,0,0,1,9,1,1,0,1,9,1,1,17,1,2,0,1,0,2,2,0,6,5,8,3,8
2021.0,-10.0,0.0,0.0,3,10,0,0,0,0,2,9,1,1,0,0,9,1,1,19,1,2,0,1,0,3,2,0,6,2,5,5,3
2021.0,-117.0,1.0,0.0,3,6,0,0,0,0,0,2,1,1,0,1,2,1,1,20,1,2,0,0,0,2,1,0,10,7,5,8,3
2021.0,0.0,0.0,0.0,3,2,3,0,0,0,1,1,1,1,0,0,1,1,1,7,2,2,0,1,0,2,1,0,5,2,5,3,9
2021.0,15.0,0.0,0.0,3,6,3,0,0,0,1,9,1,1,0,0,9,1,1,10,2,2,0,0,0,1,2,0,10,8,5,8,3
2021.0,0.0,0.0,0.0,3,2,3,0,0,0,1,5,1,1,0,0,9,1,1,11,2,2,0,0,0,1,1,0,4,2,5,3,9
2021.0,-968.0,0.0,0.0,3,6,3,0,0,0,1,7,1,1,0,0,9,1,1,15,2,2,0,0,0,1,1,0,0,2,5,3,9
2021.0,217.0,0.0,0.0,3,4,0,0,0,0,1,9,1,1,0,1,1,1,1,20,2,2,0,0,0,2,1,0,0,2,5,3,9
2021.0,-125.0,0.0,0.0,3,6,3,0,0,0,0,2,1,1,0,1,2,1,1,7,3,2,0,1,0,1,2,0,10,8,5,8,3
2021.0,-255.0,1.0,0.0,2,4,3,0,0,0,0,9,1,1,0,0,2,1,1,11,3,2,0,0,0,1,0,0,0,2,5,3,9
2021.0,-38.0,0.0,0.0,3,10,3,0,0,0,0,5,1,1,0,0,5,1,1,11,3,2,0,0,0,2,1,0,10,9,5,3,2
2021.0,35.0,0.0,0.0,3,6,3,0,0,0,2,5,1,1,0,1,5,1,1,13,3,2,0,0,0,3,1,0,10,8,5,8,3
2021.0,-35.0,1.0,0.0,3,6,3,0,0,0,0,1,1,1,0,1,1,1,1,15,3,2,0,0,0,2,1,0,10,8,5,8,3
2021.0,-200.0,1.0,0.0,2,5,3,0,0,2,0,1,1,1,0,1,5,1,1,17,3,2,0,1,0,1,1,0,0,5,5,8,3
2021.0,0.0,0.0,0.0,3,2,0,0,0,0,1,1,0,1,0,0,5,1,1,2,4,2,0,0,0,1,0,0,4,2,5,3,3
2021.0,-331.0,0.0,0.0,3,2,3,0,0,0,1,9,1,1,0,0,9,1,1,12,4,2,0,0,0,0,1,0,0,5,5,3,9
2021.0,215.0,0.0,0.0,3,10,3,0,0,0,2,1,1,1,0,1,1,1,1,14,4,2,0,0,0,3,1,0,10,9,5,3,2
2021.0,-192.0,1.0,0.0,3,6,3,0,0,0,0,2,1,1,0,1,2,1,1,16,4,2,0,1,0,1,1,0,10,8,5,8,3
2021.0,42.0,1.0,0.0,3,6,4,0,0,0,0,5,1,1,0,0,5,1,1,16,4,2,0,1,0,1,2,0,10,8,5,8,3
2021.0,0.0,1.0,0.0,3,3,0,0,0,0,0,7,0,1,0,1,4,1,1,21,4,2,0,0,0,0,2,0,6,7,5,9,9
2021.0,175.0,0.0,0.0,3,4,0,0,0,0,0,1,1,1,0,0,9,1,1,22,4,2,0,0,0,2,2,0,6,5,5,9,9
2021.0,0.0,4.0,0.0,3,2,5,4,0,0,2,7,1,1,0,1,1,1,1,0,5,2,1,0,0,3,2,0,5,7,5,5,3
2021.0,0.0,0.0,0.0,3,6,3,0,0,0,1,9,1,1,0,0,9,1,1,15,5,2,1,0,0,1,1,0,10,7,5,8,3
2021.0,0.0,2.0,0.0,2,4,3,0,0,0,0,7,1,1,0,1,1,1,1,15,5,2,1,0,0,0,2,0,5,2,5,3,9
2021.0,542.0,0.0,0.0,3,4,3,0,0,0,1,9,1,1,0,0,1,1,1,16,5,2,1,1,0,2,1,0,0,5,5,3,9
2021.0,153.0,1.0,0.0,3,6,0,0,0,0,1,9,1,1,0,0,9,1,1,18,5,2,1,1,0,1,1,0,2,7,5,8,8
2021.0,0.0,0.0,0.0,3,6,0,0,0,0,1,5,1,1,0,0,1,1,1,21,5,2,1,0,0,2,2,0,4,2,5,3,9
2021.0,-55.0,0.0,0.0,3,5,0,0,0,0,1,1,1,0,1,1,1,1,1,2,6,2,1,0,0,1,1,0,6,5,5,6,1
2021.0,-150.0,0.0,0.0,3,12,0,4,3,0,2,8,1,1,1,1,2,1,1,13,6,2,1,0,0,3,1,0,6,5,5,6,5
2021.0,0.0,2.0,0.0,2,4,3,0,0,0,1,9,1,1,0,0,9,1,1,14,6,2,1,0,0,2,1,0,5,9,5,9,2
2021.0,190.0,1.0,0.0,2,4,3,0,0,0,0,9,1,1,0,0,1,1,1,15,6,2,1,0,0,2,2,0,6,4,5,3,9
2021.0,-103.0,1.0,0.0,2,6,3,0,0,0,0,2,1,1,0,0,2,1,1,17,0,3,0,1,0,2,0,0,10,8,5,8,3
2021.0,-650.0,0.0,0.0,3,2,4,0,0,0,1,1,1,1,0,1,5,1,1,18,0,3,0,1,0,0,2,0,0,2,5,3,9
2021.0,0.0,3.0,0.0,3,2,3,0,0,0,0,1,1,1,0,0,2,1,1,14,1,3,0,0,0,2,1,0,4,5,5,3,3
2021.0,25.0,0.0,0.0,3,2,0,0,0,0,0,2,1,1,0,1,5,1,1,20,1,3,0,0,0,1,2,0,5,7,5,8,3
2021.0,108.0,0.0,0.0,3,10,3,0,0,0,1,9,1,1,0,1,9,1,1,8,2,3,0,1,0,1,2,0,0,7,5,2,3
2021.0,100.0,2.0,0.0,3,3,3,0,0,0,1,5,1,1,0,0,2,1,1,10,2,3,0,0,0,0,1,0,10,5,5,3,2
2021.0,-214.0,0.0,0.0,3,10,3,0,0,0,2,1,1,1,0,1,1,1,1,11,2,3,0,0,0,3,2,0,6,9,5,3,2
2021.0,-915.0,0.0,0.0,3,10,3,0,0,0,1,1,1,1,0,1,1,1,1,12,2,3,0,0,0,2,1,0,6,9,5,3,2
2021.0,0.0,0.0,0.0,3,2,3,0,0,0,0,9,1,1,0,0,2,1,1,17,2,3,0,1,0,0,1,0,4,2,5,3,3
2021.0,50.0,0.0,0.0,3,4,0,0,0,0,1,2,1,1,0,1,9,1,1,19,2,3,0,1,0,2,1,0,10,2,5,3,9