Year,Distance,Totalinjuries,Totalfatalities,Injuryseverity,Collisionmanner,Lightcondition,Weather,SurfaceCondition,Unittype_One,Gender_Drv1,Traveldirection_One,AlcoholUse_Drv1,DrugUse_Drv1,Unittype_Two,Gender_Drv2,Traveldirection_Two,AlcoholUse_Drv2,DrugUse_Drv2,Hour,Weekday,Month,Weekend,Rush_Hour,Hazardous_Road,Age_Group_Drv1,Age_Group_Drv2,Substance_Use,Junction_Category,Violation_Category_Drv1,Violation_Category_Drv2,Unitaction_Category_Two,Unitaction_Category_One
2021.0,-292.0,0.0,0.0,3,5,0,0,0,0,2,9,1,1,1,1,1,1,1,21,2,3,0,0,0,3,0,0,6,5,5,6,3
2021.0,-115.0,0.0,0.0,3,9,0,0,0,0,2,9,1,1,1,1,1,1,1,2,3,3,0,0,0,3,1,0,6,7,5,6,5
2021.0,260.0,0.0,0.0,3,5,1,0,0,0,2,5,1,1,1,1,5,1,1,5,3,3,0,0,0,3,0,0,6,5,5,6,5
2021.0,64.0,0.0,0.0,3,3,3,0,0,0,1,1,1,1,0,0,9,1,1,14,3,3,0,0,0,0,1,0,5,5,5,9,9
2021.0,-25.0,1.0,0.0,3,6,3,0,0,0,1,2,1,1,0,0,2,1,1,15,3,3,0,0,0,2,2,0,10,8,5,8,3
2021.0,-247.0,0.0,0.0,3,10,3,0,0,0,1,1,1,1,0,0,1,1,1,15,3,3,0,0,0,1,2,0,10,9,5,3,2
2021.0,-137.0,1.0,0.0,2,10,3,0,0,0,1,1,1,1,0,1,1,1,1,16,3,3,0,1,0,1,1,0,10,9,5,3,2
2021.0,110.0,2.0,0.0,3,6,0,0,0,0,2,5,1,1,0,1,5,1,1,23,3,3,0,0,0,3,1,0,10,7,5,8,3
2021.0,0.0,0.0,0.0,3,2,3,0,0,0,1,1,1,1,0,1,5,1,1,10,4,3,0,0,0,2,2,0,4,2,5,3,3
2021.0,-152.0,0.0,0.0,3,4,3,0,0,0,1,5,1,1,0,0,1,1,1,12,4,3,0,0,0,2,1,0,10,2,5,3,9
2021.0,160.0,1.0,0.0,3,6,3,0,0,0,1,2,1,1,0,1,5,1,1,12,4,3,0,0,0,1,1,0,10,8,5,8,1
2021.0,-1370.0,1.0,0.0,3,4,3,0,0,0,1,4,1,1,0,0,1,1,1,14,4,3,0,0,0,2,1,0,0,2,5,3,9
2021.0,-15.0,0.0,0.0,3,6,3,0,0,0,1,1,1,0,0,1,1,1,1,14,4,3,0,0,0,1,1,0,10,7,5,8,3
2021.0,0.0,0.0,0.0,3,2,3,0,0,0,2,2,1,1,0,1,9,1,1,14,4,3,0,0,0,3,1,0,4,2,5,3,3
2021.0,0.0,0.0,0.0,3,2,0,0,0,0,2,5,1,1,0,1,1,1,1,19,4,3,0,1,0,3,1,0,4,2,5,3,3
2021.0,0.0,1.0,0.0,3,4,0,0,0,0,1,1,1,1,0,0,9,1,1,20,4,3,0,0,0,2,2,0,4,5,5,9,3
2021.0,-55.0,2.0,0.0,3,6,3,0,0,0,1,1,1,1,0,0,1,1,1,14,5,3,1,0,0,1,1,0,10,7,5,3,3
2021.0,-87.0,0.0,0.0,3,6,3,0,0,0,1,2,1,1,0,0,2,1,1,16,5,3,1,1,0,2,1,0,6,7,5,8,3
2021.0,0.0,0.0,0.0,3,2,3,0,0,0,0,2,1,1,0,0,1,1,1,16,5,3,1,1,0,2,1,0,5,2,5,3,3
2021.0,0.0,0.0,0.0,3,4,0,0,0,0,1,5,1,1,0,0,1,1,1,19,5,3,1,1,0,2,2,0,4,2,5,3,9
2021.0,-130.0,1.0,0.0,2,2,3,0,0,0,1,9,1,1,0,0,5,1,1,10,6,3,1,0,0,1,1,0,6,5,4,9,5
2021.0,105.0,0.0,0.0,3,6,3,0,0,0,0,2,0,1,0,0,2,1,1,16,6,3,1,1,0,1,1,0,10,7,5,8,3
2021.0,-105.0,3.0,0.0,3,2,5,0,0,0,0,9,1,1,0,0,9,1,1,17,6,3,1,1,0,1,2,0,10,4,5,3,2
2021.0,-35.0,0.0,0.0,3,6,0,0,0,0,0,1,1,1,0,1,1,1,1,21,6,3,1,0,0,2,1,0,10,7,5,8,3
2021.0,0.0,3.0,0.0,2,2,3,0,0,0,0,1,1,1,0,0,5,1,1,15,0,3,0,0,0,0,1,0,4,2,5,3,9
2021.0,-100.0,0.0,0.0,3,4,0,0,0,0,1,4,1,1,0,1,5,1,1,22,0,3,0,0,0,1,2,0,6,2,5,3,9
2021.0,25.0,0.0,0.0,3,10,3,0,0,0,1,2,1,1,1,1,2,1,1,9,1,3,0,1,0,0,1,0,10,9,5,6,3
2021.0,-174.0,0.0,0.0,3,6,3,0,0,0,2,1,1,1,0,1,1,1,1,11,1,3,0,0,0,3,1,0,10,8,5,8,3
2021.0,219.0,0.0,0.0,3,10,3,0,0,0,2,5,1,1,0,0,5,1,1,14,1,3,0,0,0,3,1,0,10,9,5,8,2
2021.0,-25.0,0.0,0.0,3,10,3,0,0,0,1,2,1,1,0,1,2,1,1,14,1,3,0,0,0,2,1,0,10,5,5,8,9
2021.0,39.0,3.0,0.0,3,6,0,0,0,0,0,5,0,1,0,1,5,1,1,19,1,3,0,1,0,1,1,0,10,7,5,8,3
2021.0,15.0,1.0,0.0,2,5,3,0,0,2,0,2,1,1,0,1,5,1,1,8,2,3,0,1,0,2,0,0,10,2,5,9,3
2021.0,0.0,1.0,0.0,2,4,3,0,0,0,2,5,1,1,0,0,1,1,1,14,2,3,0,0,0,3,1,0,5,2,5,9,9
2021.0,44.0,0.0,0.0,3,10,3,0,0,0,1,5,1,1,0,0,5,1,1,15,2,3,0,0,0,1,1,0,10,5,5,8,9
2021.0,-95.0,0.0,0.0,3,6,3,0,0,0,1,1,1,1,0,0,1,1,1,15,2,3,0,0,0,1,1,0,10,8,5,8,3
2021.0,300.0,1.0,0.0,2,6,0,0,0,0,1,1,1,1,0,1,1,1,1,19,2,3,0,1,0,1,2,0,6,7,5,8,3
2021.0,0.0,1.0,0.0,3,4,0,0,0,0,0,9,1,1,0,1,1,1,1,20,2,3,0,0,0,2,2,0,4,2,5,3,9
2021.0,93.0,0.0,0.0,3,10,3,0,0,0,0,1,1,1,0,1,1,1,1,10,3,3,0,0,0,1,2,0,10,9,5,3,2
2021.0,336.0,1.0,0.0,2,5,3,0,0,2,0,1,1,1,0,0,5,1,1,12,3,3,0,0,0,1,2,0,0,5,5,9,3
2021.0,0.0,0.0,0.0,3,2,3,0,0,0,0,1,1,1,0,1,5,1,1,15,3,3,0,0,0,1,1,0,4,2,5,3,3
2021.0,0.0,2.0,0.0,3,4,3,0,0,0,1,1,1,1,0,0,9,1,1,16,3,3,0,1,0,2,1,0,4,2,5,3,9
2021.0,0.0,3.0,0.0,1,4,3,1,0,0,0,1,1,1,0,1,9,1,1,17,3,3,0,1,0,1,1,0,4,2,7,3,9
2021.0,415.0,0.0,0.0,3,6,3,1,4,0,0,9,0,1,0,1,9,1,1,6,4,3,0,0,1,1,1,0,6,7,5,8,3
2021.0,319.0,0.0,0.0,3,2,3,1,0,0,2,3,1,1,0,1,1,1,1,7,4,3,0,1,0,3,1,0,0,2,5,8,9
2021.0,-128.0,0.0,0.0,3,6,3,1,4,0,0,1,1,1,0,0,1,1,1,8,4,3,0,1,1,1,1,0,10,8,5,3,3
2021.0,320.0,0.0,0.0,3,6,3,1,0,0,0,9,1,1,0,1,9,1,1,16,4,3,0,1,0,2,2,0,10,2,5,3,9
2021.0,-108.0,1.0,0.0,3,6,3,1,0,0,1,1,1,1,0,1,1,1,1,17,4,3,0,1,0,2,2,0,10,8,5,8,3
2021.0,0.0,3.0,0.0,2,2,0,3,4,0,1,2,1,1,0,1,1,1,1,22,4,3,0,0,1,1,1,0,5,5,5,3,9
2021.0,-5.0,0.0,0.0,3,10,0,0,0,0,1,5,1,1,0,0,5,1,1,9,5,3,1,1,0,1,1,0,4,5,5,6,5
2021.0,0.0,0.0,0.0,3,4,3,0,0,0,2,2,1,1,0,1,1,1,1,10,5,3,1,0,0,3,1,0,6,2,5,9,5
2021.0,0.0,1.0,0.0,2,5,3,1,0,0,1,5,1,1,0,0,5,1,1,15,5,3,1,0,0,1,1,0,6,7,5,3,3
2021.0,0.0,0.0,0.0,3,4,3,1,0,0,0,1,1,1,0,0,9,1,1,15,5,3,1,0,0,2,2,0,5,4,5,3,9
2021.0,0.0,0.0,0.0,3,10,0,0,0,0,1,2,1,0,0,1,2,1,1,2,6,3,1,0,0,2,1,0,6,7,5,6,3
2021.0,0.0,0.0,0.0,3,4,5,4,0,0,2,1,1,1,0,1,9,1,1,8,6,3,1,1,0,3,1,0,5,2,5,3,9
2021.0,110.0,0.0,0.0,3,5,0,4,3,0,2,8,1,1,1,1,9,1,1,20,6,3,1,0,0,3,1,0,6,5,5,6,5
2021.0,-15.0,1.0,0.0,2,5,0,1,0,0,1,9,1,1,3,0,1,1,1,5,0,3,0,0,0,0,1,0,10,2,5,7,9
2021.0,0.0,1.0,0.0,3,2,3,1,0,0,0,2,1,1,3,1,1,1,1,9,0,3,0,1,0,0,1,0,4,2,5,7,9
2021.0,54.0,1.0,0.0,3,2,3,0,0,0,1,2,1,1,0,1,1,1,1,14,0,3,0,0,0,1,1,0,10,2,5,3,9
2021.0,-74.0,1.0,0.0,3,6,3,0,0,0,2,2,1,1,0,0,2,1,1,18,0,3,0,1,0,3,1,0,10,8,5,8,3
2021.0,0.0,1.0,0.0,3,4,0,0,0,0,1,1,1,1,0,1,9,1,1,19,0,3,0,1,0,2,1,0,0,2,5,3,9
2021.0,-10.0,0.0,0.0,3,6,0,0,0,0,0,2,1,1,0,0,2,1,1,21,0,3,0,0,0,2,2,0,6,5,5,3,3
2021.0,15.0,1.0,0.0,3,10,0,0,0,0,1,5,1,1,0,1,5,1,1,23,0,3,0,0,0,2,2,0,10,9,5,3,2
2021.0,0.0,2.0,0.0,2,4,3,0,0,0,0,2,1,1,0,1,5,1,1,14,1,3,0,0,0,0,1,0,4,2,5,3,9
2021.0,0.0,0.0,0.0,3,4,0,0,0,0,0,1,1,1,0,0,9,1,1,19,1,3,0,1,0,1,2,0,4,2,5,3,9
2021.0,-40.0,1.0,0.0,2,6,0,0,0,0,0,5,1,1,0,1,5,1,1,20,1,3,0,0,0,2,2,0,0,7,5,8,3
2021.0,247.0,0.0,0.0,3,2,3,0,0,0,0,4,1,1,0,1,1,1,1,12,2,3,0,0,0,0,1,0,6,2,5,3,9
2021.0,-290.0,0.0,0.0,3,10,3,0,0,0,0,9,1,1,0,0,9,1,1,14,2,3,0,0,0,2,2,0,6,9,5,3,2
2021.0,0.0,0.0,0.0,3,4,3,0,0,0,0,9,1,1,0,0,1,1,1,14,2,3,0,0,0,2,2,0,4,2,5,3,9
2021.0,-310.0,0.0,0.0,3,6,3,0,0,0,1,2,0,1,0,1,2,1,1,15,2,3,0,0,0,1,1,0,10,8,5,8,3
2021.0,322.0,0.0,0.0,3,3,3,0,0,0,2,2,1,1,1,1,5,1,1,15,2,3,0,0,0,3,1,0,6,9,5,6,3
2021.0,70.0,0.0,0.0,3,6,0,4,0,0,0,5,1,1,0,1,5,1,1,19,2,3,0,1,0,1,1,0,10,7,5,3,3
2021.0,0.0,1.0,0.0,2,4,3,0,0,0,0,9,1,1,0,0,1,1,1,15,3,3,0,0,0,1,1,0,5,2,5,3,9
2021.0,-71.0,0.0,0.0,3,5,3,0,0,0,1,9,1,1,0,1,4,1,1,16,3,3,0,1,0,0,1,0,10,5,5,1,3
2021.0,0.0,1.0,0.0,3,4,3,0,0,0,0,5,1,1,0,0,2,1,1,16,3,3,0,1,0,2,2,0,4,2,5,3,9
2021.0,0.0,1.0,0.0,3,4,3,0,0,0,1,7,1,1,0,0,1,1,1,7,4,3,0,1,0,1,2,0,4,2,5,3,9
2021.0,-199.0,2.0,0.0,3,4,3,0,0,0,0,2,1,1,0,0,1,1,1,11,4,3,0,0,0,2,1,0,0,2,5,3,9
2021.0,0.0,0.0,0.0,3,6,3,0,0,0,1,9,1,1,0,0,9,1,1,11,4,3,0,0,0,0,0,0,5,7,5,8,3
2021.0,-174.0,0.0,0.0,3,4,3,0,0,0,0,2,1,1,0,1,5,1,1,12,4,3,0,0,0,1,1,0,10,5,5,3,9
2021.0,0.0,2.0,0.0,3,4,3,0,0,0,1,9,1,1,0,0,6,1,1,12,4,3,0,0,0,1,0,0,4,2,5,9,3
2021.0,-43.0,2.0,0.0,3,4,3,0,0,0,0,4,1,1,0,0,1,1,1,16,4,3,0,1,0,2,1,0,0,2,5,3,9
2021.0,-130.0,1.0,0.0,3,6,3,0,0,0,0,1,1,1,0,1,1,1,1,16,4,3,0,1,0,2,1,0,10,8,5,8,3
2021.0,0.0,2.0,0.0,3,2,3,4,0,0,1,9,1,1,0,1,8,1,1,18,4,3,0,1,0,2,1,0,4,2,5,3,3
2021.0,0.0,0.0,0.0,3,6,0,0,0,0,2,5,1,1,0,1,5,1,1,22,4,3,0,0,0,3,0,0,10,5,5,8,3
2021.0,120.0,0.0,0.0,3,2,3,0,0,0,1,1,1,1,0,1,5,1,1,10,5,3,1,0,0,1,1,0,0,2,5,3,9
2021.0,0.0,1.0,0.0,2,2,3,0,0,0,0,1,1,1,0,0,2,1,1,12,5,3,1,0,0,1,1,0,4,2,5,3,3
2021.0,0.0,2.0,0.0,2,2,0,0,0,0,0,9,1,1,0,0,5,1,1,23,5,3,1,0,0,0,2,0,4,2,5,9,3
2021.0,91.0,0.0,0.0,3,6,0,0,0,0,2,5,1,1,1,1,5,1,1,4,6,3,1,0,0,3,1,0,6,5,5,6,5
2021.0,-235.0,1.0,0.0,1,6,3,0,0,0,1,2,1,1,0,0,2,1,1,12,6,3,1,0,0,2,2,0,4,7,5,8,3
2021.0,-197.0,0.0,0.0,3,11,3,0,0,0,1,1,1,1,0,0,5,1,1,13,6,3,1,0,0,1,1,0,10,5,5,3,9
2021.0,268.0,0.0,0.0,3,2,3,0,0,0,0,2,1,1,0,1,1,1,1,14,6,3,1,0,0,2,1,0,6,2,5,3,9
2021.0,25.0,0.0,0.0,3,2,3,0,0,0,1,5,1,1,0,1,5,1,1,15,6,3,1,0,0,1,2,0,10,9,5,3,2
2021.0,-700.0,0.0,0.0,3,4,3,0,0,0,0,1,1,1,0,1,9,1,1,17,6,3,1,1,0,1,1,0,6,5,5,3,9
2021.0,450.0,1.0,0.0,2,6,0,0,0,0,1,1,1,1,0,0,1,1,1,19,6,3,1,1,0,2,1,0,6,8,5,3,3
2021.0,-100.0,0.0,0.0,3,5,0,0,0,0,2,8,1,1,1,1,1,1,1,1,0,3,0,0,0,3,1,0,6,7,5,6,5
2021.0,-77.0,0.0,0.0,3,6,2,0,0,0,2,1,1,1,0,1,1,1,1,6,0,3,0,0,0,3,1,0,10,7,5,8,3
2021.0,451.0,0.0,0.0,3,6,3,0,0,0,1,9,1,1,0,1,9,1,1,12,0,3,0,0,0,2,1,0,0,8,5,8,3
2021.0,-150.0,1.0,0.0,3,6,3,0,0,0,1,2,1,1,0,1,2,1,1,14,0,3,0,0,0,1,1,0,10,8,5,8,3
2021.0,150.0,0.0,0.0,3,6,3,0,0,0,1,5,1,1,0,1,5,1,1,15,0,3,0,0,0,1,1,0,6,8,5,8,3
2021.0,15.0,1.0,0.0,1,5,3,0,0,0,1,2,1,1,3,0,2,1,1,15,0,3,0,0,0,3,1,0,10,2,5,7,9
2021.0,-225.0,0.0,0.0,3,2,3,0,0,0,1,9,1,1,0,1,2,1,1,16,0,3,0,1,0,2,1,0,10,2,5,8,5
2021.0,0.0,2.0,0.0,2,2,3,0,0,0,1,2,1,1,0,0,1,1,1,16,0,3,0,1,0,2,2,0,4,2,5,3,9
2021.0,500.0,1.0,0.0,3,10,3,0,0,0,0,1,1,1,0,0,1,1,1,17,0,3,0,1,0,0,1,0,6,9,5,3,2
2021.0,467.0,0.0,0.0,3,6,0,0,0,0,1,2,1,1,0,1,2,1,1,19,0,3,0,1,0,1,1,0,6,7,5,8,3
2021.0,-184.0,3.0,0.0,3,6,3,1,0,0,1,2,1,1,0,1,2,1,1,9,1,3,0,1,0,2,1,0,10,8,5,8,3
2021.0,-54.0,5.0,0.0,3,6,3,1,0,0,1,1,1,1,0,0,1,1,1,10,1,3,0,0,0,2,1,0,10,8,5,8,3
2021.0,423.0,0.0,0.0,3,4,3,1,0,0,0,1,1,1,0,0,5,1,1,11,1,3,0,0,0,1,1,0,0,2,5,3,9
2021.0,-75.0,1.0,0.0,3,6,3,1,0,0,1,1,1,1,0,0,1,1,1,12,1,3,0,0,0,2,2,0,10,8,5,8,3
2021.0,0.0,0.0,0.0,3,4,3,1,0,0,1,3,1,1,0,1,5,1,1,15,1,3,0,0,0,1,1,0,5,2,5,3,9
2021.0,0.0,0.0,0.0,3,2,3,0,0,0,1,3,1,1,0,0,1,1,1,16,1,3,0,1,0,1,1,0,4,2,5,3,9
2021.0,-40.0,0.0,0.0,3,4,0,0,0,0,1,5,1,1,0,1,2,1,1,2,2,3,0,0,0,1,1,0,6,4,5,3,9
2021.0,240.0,0.0,0.0,3,6,3,0,0,0,2,9,1,1,0,1,9,1,1,15,2,3,0,0,0,3,2,0,10,7,5,8,3
2021.0,350.0,1.0,0.0,3,6,0,0,0,0,1,5,1,1,0,0,5,1,1,20,2,3,0,0,0,2,1,0,6,7,5,8,3
2021.0,0.0,0.0,0.0,3,4,3,1,0,0,0,6,1,1,0,0,2,1,1,9,3,3,0,1,0,1,1,0,5,2,5,3,9
2021.0,0.0,2.0,0.0,3,4,3,0,0,0,0,9,1,1,0,0,1,1,1,13,3,3,0,0,0,0,1,0,4,2,5,3,9
2021.0,-188.0,0.0,0.0,3,4,0,0,0,0,2,1,1,1,0,1,9,1,1,19,3,3,0,1,0,3,2,0,0,9,5,3,9
2021.0,240.0,0.0,0.0,3,2,0,0,0,0,2,1,1,1,0,1,2,1,1,19,3,3,0,1,0,3,1,0,0,2,5,3,3
2021.0,-40.0,1.0,0.0,3,2,0,0,0,0,1,3,1,1,0,1,1,1,1,21,3,3,0,0,0,1,1,0,6,2,5,8,5
2021.0,-78.0,0.0,0.0,3,2,0,0,0,0,2,9,1,1,0,0,5,1,1,2,4,3,0,0,0,3,2,0,6,5,5,9,1
2021.0,0.0,2.0,0.0,3,4,3,0,0,0,1,2,1,1,0,1,9,1,1,8,4,3,0,1,0,1,2,0,5,2,5,3,9
2021.0,0.0,2.0,0.0,3,2,3,1,0,0,1,9,1,1,0,0,5,1,1,15,4,3,0,0,0,2,1,0,5,2,5,3,3
2021.0,-40.0,3.0,0.0,2,4,0,0,0,0,1,1,1,1,0,1,9,1,1,22,4,3,0,0,0,1,0,0,4,5,5,3,9
2021.0,0.0,1.0,0.0,3,4,2,0,0,0,1,9,1,1,0,1,5,1,1,6,5,3,1,0,0,0,1,0,4,4,5,9,3
2021.0,-300.0,0.0,0.0,3,6,3,0,0,0,1,1,1,1,0,1,1,1,1,12,5,3,1,0,0,2,2,0,10,8,5,8,3
2021.0,-50.0,0.0,0.0,3,6,3,4,0,0,0,2,1,1,0,0,2,1,1,16,5,3,1,1,0,2,2,0,10,5,5,8,3
2021.0,0.0,0.0,0.0,3,4,3,0,0,0,1,9,1,1,0,0,1,1,1,18,5,3,1,1,0,2,1,0,4,2,5,3,9
2021.0,0.0,1.0,0.0,2,2,0,0,0,2,1,1,1,1,0,1,5,1,1,21,5,3,1,0,0,2,2,0,4,2,5,3,3
2021.0,-1180.0,0.0,0.0,3,9,0,0,0,0,1,9,1,1,1,1,1,1,1,22,5,3,1,0,0,2,1,0,6,7,5,6,9
2021.0,29.0,0.0,0.0,3,10,0,0,0,0,1,2,0,1,1,1,2,1,1,23,5,3,1,0,0,0,1,0,6,5,5,6,3
2021.0,195.0,0.0,0.0,3,6,0,0,0,0,1,5,1,1,0,1,5,1,1,2,6,3,1,0,0,2,2,0,10,7,5,8,3
2021.0,-154.0,0.0,0.0,3,10,0,4,3,0,2,8,1,1,1,1,9,1,1,12,6,3,1,0,0,3,1,0,6,7,5,6,5
2021.0,-88.0,0.0,0.0,3,6,3,0,0,0,2,2,1,1,0,1,2,1,1,13,6,3,1,0,0,3,1,0,10,7,5,8,3
2021.0,90.0,0.0,0.0,3,6,3,0,0,0,2,5,1,1,1,1,5,1,1,14,6,3,1,0,0,3,1,0,6,7,5,6,3
2021.0,-90.0,1.0,0.0,3,6,3,4,0,0,2,2,1,1,0,0,2,1,1,14,6,3,1,0,0,3,0,0,10,7,5,8,3
2021.0,-15.0,1.0,0.0,2,5,3,0,0,0,0,9,1,1,3,0,1,1,1,17,6,3,1,1,0,2,1,0,10,2,5,7,9
2021.0,0.0,0.0,0.0,3,2,4,0,0,0,1,9,1,1,0,0,5,1,1,18,6,3,1,1,0,1,1,0,5,2,5,9,3
2021.0,-60.0,1.0,0.0,3,4,0,0,0,0,1,5,1,1,0,1,2,1,1,20,6,3,1,0,0,0,1,0,6,4,5,3,9
2021.0,0.0,1.0,0.0,3,2,3,0,0,0,1,9,1,1,0,0,5,1,1,6,0,3,0,0,0,1,1,0,4,7,5,3,3
2021.0,475.0,1.0,0.0,2,4,3,0,0,0,1,1,1,1,0,0,9,1,1,13,0,3,0,0,0,2,1,0,6,2,5,9,8
2021.0,635.0,0.0,0.0,3,6,3,0,0,0,1,5,1,1,0,1,5,1,1,14,0,3,0,0,0,1,1,0,6,7,5,3,3
2021.0,200.0,0.0,0.0,3,11,3,0,0,0,1,5,1,1,0,1,2,1,1,15,0,3,0,0,0,1,1,0,6,4,5,3,9
2021.0,0.0,2.0,0.0,3,4,3,0,0,0,1,9,1,1,0,1,1,1,1,15,0,3,0,0,0,0,1,0,6,2,5,3,9
2021.0,-75.0,0.0,0.0,3,2,3,0,0,0,1,9,1,1,0,1,9,1,1,18,0,3,0,1,0,1,1,0,6,2,5,3,9
2021.0,0.0,0.0,0.0,3,2,0,0,0,0,1,1,1,1,0,1,1,1,1,22,0,3,0,0,0,2,1,0,4,9,5,3,2
2021.0,-25.0,3.0,0.0,2,6,0,0,0,0,1,2,1,1,0,1,2,1,1,1,1,3,0,0,0,2,2,0,6,7,5,3,3
2021.0,0.0,4.0,0.0,3,4,3,0,0,0,0,9,1,1,0,1,1,1,1,12,1,3,0,0,0,2,0,0,5,2,5,3,9
2021.0,0.0,1.0,0.0,3,2,3,0,0,0,1,1,1,1,0,1,5,1,1,13,1,3,0,0,0,2,1,0,5,2,5,8,9
2021.0,0.0,1.0,0.0,3,4,3,0,0,0,1,9,1,1,0,0,1,1,1,15,1,3,0,0,0,1,1,0,4,4,5,3,9
2021.0,700.0,0.0,0.0,3,6,0,0,0,0,1,2,0,1,0,1,2,1,1,19,1,3,0,1,0,2,1,0,6,7,5,3,3
2021.0,65.0,0.0,0.0,3,6,0,0,0,0,1,5,1,1,0,0,5,1,1,20,1,3,0,0,0,1,2,0,10,8,5,8,3
2021.0,-227.0,1.0,0.0,2,5,0,0,0,0,2,9,1,1,3,1,2,1,1,22,1,3,0,0,0,3,1,0,0,2,5,7,9
2021.0,171.0,2.0,0.0,3,2,3,0,0,0,1,1,1,1,0,1,5,1,1,14,2,3,0,0,0,1,1,0,0,2,5,3,9
2021.0,332.0,1.0,0.0,3,4,3,0,0,0,0,1,1,1,0,1,9,1,1,16,2,3,0,1,0,2,1,0,0,5,5,3,9
2021.0,0.0,0.0,0.0,3,4,3,0,0,0,1,9,1,1,0,1,1,1,1,17,2,3,0,1,0,0,1,0,4,2,5,3,9
2021.0,0.0,0.0,0.0,3,2,3,0,0,0,0,1,0,1,0,1,2,1,1,18,2,3,0,1,0,1,1,0,4,2,5,9,3
2021.0,0.0,0.0,0.0,3,2,0,0,0,0,2,5,1,1,0,0,9,1,1,20,2,3,0,0,0,3,1,0,5,2,5,3,9
2021.0,453.0,0.0,0.0,3,6,3,0,0,0,1,9,1,1,0,1,9,1,1,13,3,4,0,0,0,1,1,0,6,8,5,8,3
2021.0,-35.0,0.0,0.0,3,6,3,0,0,0,2,1,1,1,0,0,1,1,1,17,3,4,0,1,0,3,1,0,10,7,5,8,3
2021.0,0.0,0.0,0.0,3,4,4,0,0,0,0,9,1,1,0,1,1,1,1,17,3,4,0,1,0,3,1,0,5,2,5,9,3
2021.0,0.0,2.0,0.0,2,2,4,0,0,0,1,5,1,1,0,0,9,1,1,18,3,4,0,1,0,1,1,0,4,2,5,3,3
2021.0,-312.0,1.0,0.0,3,6,0,0,0,0,1,2,1,1,0,0,2,1,1,19,3,4,0,1,0,2,1,0,6,7,5,8,3
2021.0,57.0,0.0,0.0,3,6,3,0,0,0,2,9,1,1,0,1,9,1,1,11,4,4,0,0,0,3,2,0,10,5,5,8,3
2021.0,89.0,0.0,0.0,3,6,3,0,0,0,2,9,1,1,0,0,9,1,1,13,4,4,0,0,0,3,1,0,10,8,5,8,3
2021.0,211.0,0.0,0.0,3,2,3,1,0,0,1,1,1,1,0,0,1,1,1,14,4,4,0,0,0,1,2,0,6,5,5,9,3
2021.0,0.0,1.0,0.0,3,2,3,0,0,0,1,2,1,1,0,1,9,1,1,14,4,4,0,0,0,1,1,0,4,2,5,9,3
2021.0,-25.0,0.0,0.0,3,2,3,0,0,0,1,1,1,1,0,0,5,1,1,14,4,4,0,0,0,1,2,0,10,2,5,3,9
2021.0,173.0,0.0,0.0,3,10,3,0,0,0,1,5,1,1,0,1,5,1,1,15,4,4,0,0,0,2,2,0,10,4,5,3,2
2021.0,450.0,2.0,0.0,2,4,3,0,0,0,0,1,1,1,0,1,5,1,1,16,4,4,0,1,0,2,2,0,6,2,5,3,9
2021.0,0.0,0.0,1.0,0,5,5,4,3,0,1,2,1,1,2,0,8,1,1,19,4,4,0,1,0,1,1,0,10,5,5,7,9
2021.0,-10.0,0.0,1.0,0,5,0,0,0,0,1,2,0,1,2,0,5,1,1,19,4,4,0,1,0,1,1,0,10,5,5,3,9
2021.0,50.0,2.0,0.0,3,4,0,4,0,0,0,9,1,1,0,0,2,1,1,20,4,4,0,0,0,2,2,0,0,2,5,3,9
2021.0,-64.0,0.0,0.0,3,6,0,0,0,0,2,2,1,1,1,1,2,1,1,23,4,4,0,0,0,3,2,0,6,5,5,6,5
2021.0,-100.0,1.0,0.0,2,4,3,0,0,0,0,5,1,1,0,1,9,1,1,7,5,4,1,1,0,2,1,0,6,2,5,3,9
2021.0,292.0,1.0,0.0,3,6,3,0,0,0,0,1,1,1,0,0,1,1,1,10,5,4,1,0,0,2,0,0,10,7,5,8,3
2021.0,-640.0,3.0,0.0,3,2,3,0,0,0,1,5,1,1,0,1,9,1,1,16,5,4,1,1,0,2,2,0,0,2,5,3,9
2021.0,0.0,0.0,0.0,3,2,3,4,0,0,2,5,1,1,0,1,1,1,1,17,5,4,1,1,0,3,1,0,4,5,5,3,3
2021.0,0.0,0.0,0.0,3,2,3,0,0,0,2,5,1,1,0,0,1,1,1,17,5,4,1,1,0,3,2,0,6,2,5,3,9
2021.0,20.0,0.0,0.0,3,6,4,0,0,0,0,9,1,1,0,0,9,1,1,17,5,4,1,1,0,1,2,0,10,7,5,3,3
2021.0,-110.0,0.0,0.0,3,6,3,0,0,0,1,8,0,1,0,0,2,1,1,18,5,4,1,1,0,1,1,0,10,7,5,3,3
2021.0,30.0,0.0,0.0,3,6,3,1,0,0,2,5,1,1,0,1,5,1,1,9,6,4,1,1,0,3,1,0,10,7,5,3,3
2021.0,500.0,0.0,0.0,3,10,3,0,0,0,2,9,1,1,0,1,9,1,1,11,6,4,1,0,0,3,1,0,6,9,5,3,2
2021.0,-20.0,0.0,0.0,3,6,3,0,0,0,1,1,1,1,0,1,1,1,1,17,6,4,1,1,0,2,1,0,4,7,5,8,8
2021.0,500.0,1.0,0.0,2,2,3,0,0,0,0,5,1,1,0,1,9,1,1,17,6,4,1,1,0,2,1,0,0,2,5,3,9