Year,Distance,Totalinjuries,Totalfatalities,Injuryseverity,Collisionmanner,Lightcondition,Weather,SurfaceCondition,Unittype_One,Gender_Drv1,Traveldirection_One,AlcoholUse_Drv1,DrugUse_Drv1,Unittype_Two,Gender_Drv2,Traveldirection_Two,AlcoholUse_Drv2,DrugUse_Drv2,Hour,Weekday,Month,Weekend,Rush_Hour,Hazardous_Road,Age_Group_Drv1,Age_Group_Drv2,Substance_Use,Junction_Category,Violation_Category_Drv1,Violation_Category_Drv2,Unitaction_Category_Two,Unitaction_Category_One
2021.0,-250.0,3.0,0.0,2,6,4,0,0,0,0,5,1,1,0,1,2,1,1,18,6,4,1,1,0,1,1,0,0,5,5,3,1
2021.0,120.0,1.0,0.0,2,5,3,0,0,0,1,1,1,1,1,1,9,1,1,22,6,4,1,0,0,0,1,0,10,4,5,8,9
2021.0,0.0,0.0,0.0,3,4,3,0,0,0,1,4,1,1,0,1,5,1,1,8,0,4,0,1,0,1,2,0,4,5,5,3,9
2021.0,275.0,0.0,0.0,3,10,3,0,0,0,1,5,1,1,0,1,5,1,1,11,0,4,0,0,0,0,2,0,10,5,5,3,3
2021.0,466.0,0.0,0.0,3,2,3,0,0,0,0,5,1,1,0,1,1,1,1,13,0,4,0,0,0,1,2,0,0,4,5,3,9
2021.0,100.0,0.0,0.0,3,6,3,0,0,0,1,5,1,1,0,1,5,1,1,14,0,4,0,0,0,1,1,0,10,7,5,8,2
2021.0,0.0,0.0,0.0,3,10,3,0,0,0,1,2,1,1,0,1,2,1,1,14,0,4,0,0,0,1,1,0,5,4,5,3,9
2021.0,-6.0,1.0,0.0,2,2,5,4,0,2,1,9,1,1,0,1,2,1,1,15,0,4,0,0,0,1,2,0,4,5,5,9,3
2021.0,0.0,0.0,0.0,3,2,3,0,0,0,1,9,1,1,0,0,1,1,1,7,1,4,0,1,0,2,0,0,4,2,5,9,3
2021.0,-218.0,1.0,0.0,3,6,3,0,0,0,1,5,1,1,0,0,5,1,1,9,1,4,0,1,0,2,1,0,10,8,5,3,3
2021.0,181.0,0.0,0.0,3,2,3,0,0,0,1,9,1,1,0,1,5,1,1,11,1,4,0,0,0,0,1,0,0,2,5,3,9
2021.0,0.0,0.0,0.0,3,4,3,0,3,0,2,2,1,1,0,0,5,1,1,11,1,4,0,0,0,3,2,0,4,2,5,9,9
2021.0,385.0,0.0,0.0,3,6,3,0,0,0,1,5,1,1,1,1,5,1,1,11,1,4,0,0,0,1,1,0,6,7,5,6,3
2021.0,-131.0,0.0,0.0,3,5,3,0,0,0,1,6,1,1,0,0,2,1,1,15,1,4,0,0,0,1,2,0,10,5,5,6,1
2021.0,102.0,0.0,0.0,3,6,3,0,0,0,0,9,1,1,0,1,9,1,1,18,1,4,0,1,0,2,2,0,10,8,5,8,3
2021.0,-200.0,1.0,0.0,3,4,3,0,0,0,0,6,1,1,0,1,9,1,1,12,2,4,0,0,0,1,2,0,6,2,5,3,9
2021.0,-88.0,0.0,0.0,3,6,3,0,0,0,1,2,1,1,0,0,2,1,1,15,2,4,0,0,0,1,1,0,10,8,5,8,3
2021.0,-120.0,0.0,0.0,3,6,3,0,0,0,1,8,1,1,0,0,1,1,1,15,2,4,0,0,0,1,1,0,10,8,5,8,3
2021.0,-363.0,0.0,0.0,3,2,3,0,0,0,1,2,1,1,0,1,1,1,1,15,2,4,0,0,0,1,0,0,0,2,5,3,3
2021.0,15.0,1.0,0.0,3,5,0,0,0,0,1,2,1,1,3,1,9,1,1,19,2,4,0,1,0,0,2,0,10,5,5,7,9
2021.0,25.0,0.0,0.0,3,10,0,0,0,0,0,2,1,1,0,1,2,1,1,4,3,4,0,0,0,0,0,0,10,2,5,3,9
2021.0,0.0,1.0,0.0,3,2,3,0,0,0,1,2,1,1,0,1,1,1,1,7,3,4,0,1,0,2,1,0,4,5,5,3,3
2021.0,35.0,0.0,0.0,3,10,3,0,0,0,1,5,1,1,1,1,5,1,1,10,3,4,0,0,0,0,1,0,10,5,5,5,5
2021.0,-250.0,0.0,0.0,3,6,3,1,0,0,1,2,1,1,0,1,2,1,1,10,3,4,0,0,0,1,1,0,6,8,5,8,3
2021.0,-61.0,0.0,0.0,3,6,3,0,0,0,0,1,1,1,0,0,1,1,1,11,3,4,0,0,0,1,2,0,10,8,5,8,3
2021.0,-216.0,2.0,0.0,3,4,3,0,0,0,1,4,1,1,0,1,1,1,1,11,3,4,0,0,0,2,2,0,0,2,5,3,9
2021.0,0.0,0.0,0.0,3,4,3,0,0,0,0,1,1,1,0,1,9,1,1,11,3,4,0,0,0,1,2,0,4,2,5,3,9
2021.0,200.0,0.0,0.0,3,2,4,0,0,0,1,2,1,1,0,0,1,1,1,18,3,4,0,1,0,0,1,0,0,2,5,3,9
2021.0,-676.0,0.0,0.0,3,2,3,0,0,0,1,2,1,1,0,0,9,1,1,6,4,4,0,0,0,0,2,0,6,2,5,3,3
2021.0,45.0,0.0,0.0,3,5,2,0,0,0,1,2,1,1,0,0,5,1,1,6,4,4,0,0,0,1,1,0,10,5,5,8,1
2021.0,-295.0,1.0,0.0,3,4,3,0,0,0,0,4,1,1,0,1,6,1,1,7,4,4,0,1,0,1,1,0,0,5,5,9,9
2021.0,-350.0,1.0,0.0,3,5,3,0,0,2,1,9,1,1,0,1,2,1,1,11,4,4,0,0,0,1,1,0,0,9,5,9,3
2021.0,0.0,2.0,0.0,3,4,3,0,0,0,0,9,1,1,0,0,2,1,1,13,4,4,0,0,0,0,1,0,5,2,5,3,9
2021.0,70.0,0.0,0.0,3,6,3,0,0,0,0,5,1,1,0,1,5,1,1,17,4,4,0,1,0,1,1,0,10,5,5,8,3
2021.0,-15.0,1.0,0.0,3,2,3,0,0,2,1,9,1,1,0,1,2,1,1,17,4,4,0,1,0,2,1,0,10,5,5,9,3
2021.0,32.0,0.0,0.0,3,4,0,0,0,0,1,1,0,1,0,0,5,1,1,19,4,4,0,1,0,1,1,0,4,9,5,8,9
2021.0,20.0,0.0,0.0,3,4,0,0,0,0,1,2,1,1,0,1,5,1,1,1,5,4,1,0,0,1,1,0,6,2,5,3,9
2021.0,-37.0,0.0,0.0,3,6,3,0,0,0,1,1,1,1,0,1,1,1,1,8,5,4,1,1,0,1,1,0,10,8,5,8,3
2021.0,84.0,2.0,0.0,2,3,3,0,0,0,1,5,1,0,0,1,2,1,1,10,5,4,1,0,0,1,1,0,10,9,5,3,3
2021.0,200.0,0.0,0.0,3,10,3,0,0,0,1,9,1,1,0,0,9,1,1,11,5,4,1,0,0,2,1,0,10,9,5,3,2
2021.0,-263.0,0.0,0.0,3,10,3,0,0,0,1,5,1,1,0,1,5,1,1,13,5,4,1,0,0,3,0,0,6,5,5,3,5
2021.0,120.0,0.0,0.0,3,4,3,0,0,0,1,3,1,1,0,0,9,1,1,14,5,4,1,0,0,1,2,0,10,4,5,3,9
2021.0,60.0,0.0,0.0,3,6,3,0,0,0,1,9,1,1,0,1,9,1,1,17,5,4,1,1,0,2,1,0,10,8,5,8,3
2021.0,-350.0,0.0,0.0,3,6,0,0,0,0,0,5,1,1,0,0,5,1,1,20,5,4,1,0,0,2,2,0,6,7,5,8,3
2021.0,0.0,1.0,0.0,2,5,0,0,0,0,0,5,1,1,3,0,9,1,1,20,5,4,1,0,0,1,2,0,5,2,5,7,3
2021.0,0.0,0.0,0.0,3,4,0,0,0,0,0,1,1,1,0,1,9,1,1,1,6,4,1,0,0,2,2,0,4,2,5,3,9
2021.0,-213.0,1.0,0.0,3,4,3,0,0,0,0,1,1,1,0,0,5,1,1,12,6,4,1,0,0,2,2,0,10,2,5,3,9
2021.0,-85.0,2.0,0.0,3,6,3,0,0,0,1,2,1,1,0,0,2,1,1,12,6,4,1,0,0,3,1,0,10,8,5,8,3
2021.0,10.0,1.0,0.0,3,10,3,0,0,0,0,9,1,1,0,0,9,1,1,15,6,4,1,0,0,1,0,0,10,9,5,3,2
2021.0,0.0,0.0,0.0,3,4,3,1,0,0,0,2,1,1,0,1,5,1,1,16,6,4,1,1,0,2,1,0,4,2,5,3,9
2021.0,0.0,1.0,0.0,3,2,3,0,0,0,1,5,1,1,0,0,4,1,1,8,0,4,0,1,0,2,1,0,4,5,5,9,3
2021.0,470.0,2.0,0.0,2,6,3,0,0,0,0,1,1,1,0,1,1,1,1,10,0,4,0,0,0,1,1,0,6,8,5,8,3
2021.0,-79.0,1.0,0.0,2,6,3,0,0,0,1,1,1,1,0,1,1,1,1,14,0,4,0,0,0,1,2,0,10,7,5,8,3
2021.0,132.0,0.0,0.0,3,2,0,0,0,0,1,5,1,1,0,0,5,1,1,23,0,4,0,0,0,1,1,0,6,9,5,3,3
2021.0,-15.0,2.0,0.0,3,2,3,0,0,0,1,2,1,1,0,1,1,1,1,6,1,4,0,0,0,2,1,0,10,7,5,9,3
2021.0,421.0,1.0,0.0,3,6,3,0,0,0,0,9,1,1,0,1,9,1,1,10,1,4,0,0,0,2,1,0,6,7,5,8,3
2021.0,0.0,0.0,0.0,3,6,3,0,0,0,0,9,1,1,0,1,9,1,1,13,1,4,0,0,0,1,1,0,4,7,5,9,9
2021.0,474.0,1.0,0.0,2,6,3,0,0,0,1,9,1,1,0,0,9,1,1,15,1,4,0,0,0,1,1,0,6,5,5,3,2
2021.0,82.0,0.0,0.0,3,10,3,0,0,0,2,5,1,1,0,1,5,1,1,15,1,4,0,0,0,3,0,0,10,5,5,3,3
2021.0,-267.0,0.0,0.0,3,2,3,0,0,0,1,1,1,1,0,1,2,1,1,16,1,4,0,1,0,1,1,0,0,2,5,3,9
2021.0,380.0,0.0,0.0,3,10,3,0,0,0,1,5,1,1,0,0,5,1,1,17,1,4,0,1,0,0,2,0,5,9,5,3,2
2021.0,-100.0,0.0,0.0,3,10,0,0,0,0,1,2,1,1,0,0,2,1,1,19,1,4,0,1,0,1,2,0,6,9,5,3,2
2021.0,0.0,2.0,0.0,3,2,0,0,0,0,1,5,1,1,0,0,9,1,1,22,1,4,0,0,0,1,2,0,5,2,5,3,9
2021.0,-178.0,0.0,0.0,3,6,0,0,0,0,1,5,1,1,0,0,5,1,1,23,1,4,0,0,0,2,2,0,6,7,5,3,3
2021.0,0.0,0.0,0.0,3,2,3,0,0,0,0,5,1,1,0,1,9,1,1,8,2,4,0,1,0,2,0,0,5,2,5,3,9
2021.0,60.0,0.0,0.0,3,10,3,0,0,0,0,9,1,1,0,0,9,1,1,9,2,4,0,1,0,1,1,0,10,9,5,3,3
2021.0,430.0,0.0,0.0,3,2,3,0,0,0,1,1,1,1,0,0,1,1,1,11,2,4,0,0,0,1,0,0,6,5,5,8,2
2021.0,260.0,1.0,0.0,3,10,3,0,0,0,1,5,1,1,0,0,5,1,1,14,2,4,0,0,0,2,1,0,0,9,5,3,2
2021.0,0.0,0.0,0.0,3,10,3,0,0,0,0,1,1,1,0,1,1,1,1,12,3,4,0,0,0,1,0,0,10,9,5,3,2
2021.0,42.0,1.0,0.0,2,2,3,0,0,0,0,1,1,1,2,0,2,1,1,12,3,4,0,0,0,1,1,0,10,2,5,3,3
2021.0,-130.0,0.0,0.0,3,6,3,1,0,0,0,1,1,1,0,1,1,1,1,12,3,4,0,0,0,2,1,0,10,8,5,8,3
2021.0,0.0,0.0,0.0,3,2,3,0,0,0,1,5,1,1,0,0,9,1,1,15,3,4,0,0,0,1,2,0,5,2,5,3,9
2021.0,539.0,1.0,0.0,3,6,3,0,0,0,0,5,1,1,0,1,5,1,1,15,3,4,0,0,0,2,1,0,10,8,5,3,3
2021.0,274.0,1.0,0.0,3,10,3,0,0,0,1,1,1,1,0,0,1,1,1,16,3,4,0,1,0,1,1,0,6,9,5,8,2
2021.0,150.0,1.0,0.0,3,10,3,0,0,0,0,9,1,1,0,1,9,1,1,16,3,4,0,1,0,1,1,0,10,9,5,3,2
2021.0,-300.0,0.0,0.0,3,6,5,4,0,0,0,1,1,1,0,0,1,1,1,16,3,4,0,1,0,3,1,0,10,8,5,8,3
2021.0,230.0,0.0,0.0,3,6,3,0,0,0,0,9,1,1,0,1,9,1,1,17,3,4,0,1,0,1,1,0,6,8,5,8,3
2021.0,-720.0,1.0,0.0,2,6,0,0,0,0,0,2,1,1,0,1,2,1,1,19,3,4,0,1,0,2,0,0,6,7,5,8,3
2021.0,300.0,2.0,0.0,3,9,0,0,0,0,1,9,1,1,0,1,1,1,1,20,3,4,0,0,0,2,1,0,6,9,5,3,3
2021.0,24.0,0.0,0.0,3,6,2,0,0,0,1,5,1,1,0,0,5,1,1,4,4,4,0,0,0,1,1,0,10,7,5,8,3
2021.0,15.0,0.0,0.0,3,4,3,0,0,0,1,2,1,1,0,1,1,1,1,14,4,4,0,0,0,1,1,0,5,2,5,3,9
2021.0,136.0,2.0,0.0,2,2,3,0,0,0,0,3,1,1,0,0,1,1,1,16,4,4,0,1,0,2,1,0,10,2,5,3,9
2021.0,-40.0,0.0,0.0,3,6,3,0,0,0,1,1,1,1,0,1,1,1,1,16,4,4,0,1,0,1,1,0,10,8,5,8,3
2021.0,-371.0,3.0,0.0,2,10,3,0,0,0,1,9,1,1,0,0,9,1,1,17,4,4,0,1,0,1,0,0,10,5,5,3,2
2021.0,-180.0,0.0,0.0,3,6,3,0,0,0,2,9,1,1,0,0,9,1,1,17,4,4,0,1,0,3,1,0,6,7,5,8,3
2021.0,-55.0,0.0,0.0,3,6,3,0,0,0,0,2,1,1,0,0,2,1,1,17,4,4,0,1,0,1,1,0,10,8,5,8,3
2021.0,-123.0,2.0,0.0,2,2,4,0,0,0,0,9,1,1,0,1,2,1,1,18,4,4,0,1,0,2,1,0,0,2,5,3,9
2021.0,-230.0,1.0,0.0,1,2,0,0,0,3,1,1,0,1,0,0,5,1,1,19,4,4,0,1,0,1,2,0,6,6,5,3,7
2021.0,-20.0,0.0,0.0,3,6,0,0,0,0,0,1,1,1,0,0,1,1,1,20,4,4,0,0,0,1,1,0,10,7,5,8,3
2021.0,0.0,1.0,0.0,3,2,0,0,0,0,1,1,0,1,0,1,2,1,1,0,5,4,1,0,0,1,1,0,4,5,5,3,3
2021.0,0.0,0.0,0.0,3,9,0,0,0,0,0,9,1,1,0,0,5,1,1,2,5,4,1,0,0,1,1,0,0,2,7,3,9
2021.0,300.0,0.0,0.0,3,6,3,0,0,0,0,1,1,1,0,0,1,1,1,11,5,4,1,0,0,2,1,0,6,7,5,3,3
2021.0,300.0,0.0,0.0,3,3,3,0,0,0,1,1,1,1,1,1,9,1,1,13,5,4,1,0,0,1,1,0,6,5,5,6,3
2021.0,0.0,0.0,0.0,3,10,3,0,0,0,1,9,1,1,0,1,9,1,1,15,5,4,1,0,0,1,1,0,4,5,5,3,0
2021.0,0.0,0.0,0.0,3,4,0,0,0,0,1,9,1,1,0,1,1,1,1,16,5,4,1,1,0,2,1,0,4,2,5,9,3
2021.0,0.0,0.0,0.0,3,4,3,0,0,0,2,2,1,1,0,1,2,1,1,18,5,4,1,1,0,3,2,0,5,2,5,3,9
2021.0,545.0,0.0,0.0,3,10,0,0,0,0,0,1,1,1,0,1,1,1,1,18,5,4,1,1,0,1,1,0,6,9,5,3,9
2021.0,150.0,2.0,0.0,2,4,3,0,0,0,0,9,1,1,0,1,1,1,1,19,5,4,1,1,0,2,1,0,0,2,5,3,9
2021.0,-20.0,2.0,0.0,2,6,0,0,0,0,1,1,1,1,0,1,1,1,1,21,5,4,1,0,0,2,0,0,10,5,5,3,9
2021.0,-100.0,2.0,0.0,3,2,0,0,0,0,1,9,1,1,0,0,2,1,1,0,6,4,1,0,0,2,2,0,6,2,5,3,9
2021.0,-200.0,0.0,0.0,3,3,3,0,0,0,1,5,1,0,1,1,5,1,1,7,6,4,1,1,0,1,1,0,6,9,5,6,3
2021.0,0.0,0.0,0.0,3,4,3,0,0,0,0,9,1,1,0,1,1,1,1,11,6,4,1,0,0,1,2,0,10,2,5,3,9
2021.0,0.0,1.0,0.0,2,2,3,0,0,2,0,5,1,1,0,1,9,1,1,13,6,4,1,0,0,0,0,0,4,9,5,9,3
2021.0,900.0,0.0,0.0,3,6,3,0,0,0,0,5,1,1,0,1,5,1,1,14,6,4,1,0,0,1,1,0,6,7,5,8,3
2021.0,0.0,2.0,0.0,3,2,3,0,0,0,1,1,1,1,0,0,2,1,1,18,6,4,1,1,0,1,2,0,4,2,2,3,3
2021.0,50.0,0.0,0.0,3,6,0,1,0,0,0,2,1,1,0,1,2,1,1,18,6,4,1,1,0,1,1,0,10,7,5,8,3
2021.0,75.0,0.0,0.0,3,10,0,1,0,0,1,5,1,1,0,0,5,1,1,19,6,4,1,1,0,2,2,0,10,7,5,8,3
2021.0,390.0,0.0,0.0,3,3,0,4,3,0,2,9,1,1,0,0,5,1,1,20,6,4,1,0,0,3,2,0,6,9,5,9,3
2021.0,115.0,0.0,0.0,3,6,0,0,0,0,1,2,1,1,0,1,2,1,1,21,6,4,1,0,0,1,1,0,6,7,5,3,3
2021.0,0.0,0.0,0.0,3,4,3,0,0,0,1,9,1,1,0,1,1,1,1,8,0,4,0,1,0,1,1,0,4,2,5,3,9
2021.0,0.0,0.0,0.0,3,10,3,0,0,0,1,2,1,1,0,1,9,1,1,9,0,4,0,1,0,1,1,0,5,1,5,3,9
2021.0,0.0,0.0,0.0,3,2,3,0,0,0,1,5,1,1,0,0,9,1,1,11,0,4,0,0,0,2,0,0,4,2,5,3,9
2021.0,-635.0,1.0,0.0,2,4,3,0,0,0,1,9,1,1,0,0,2,1,1,14,0,4,0,0,0,0,1,0,6,2,5,3,9
2021.0,493.0,0.0,0.0,3,10,3,0,0,0,1,5,1,1,0,0,5,1,1,14,0,4,0,0,0,1,1,0,0,9,5,9,3
2021.0,84.0,0.0,0.0,3,10,3,0,0,0,1,1,1,1,0,0,1,1,1,14,0,4,0,0,0,1,1,0,10,9,5,9,3
2021.0,350.0,0.0,0.0,3,2,0,0,0,0,1,1,1,1,0,1,5,1,1,19,0,4,0,1,0,1,2,0,0,2,5,3,9
2021.0,-285.0,2.0,0.0,3,6,3,0,0,0,0,9,1,1,0,0,9,1,1,7,1,4,0,1,0,1,1,0,6,7,5,8,3
2021.0,0.0,0.0,0.0,3,2,3,0,0,0,0,2,1,1,0,1,9,1,1,10,1,4,0,0,0,1,1,0,5,2,5,3,9
2021.0,-45.0,1.0,0.0,2,4,3,0,0,0,0,9,1,1,0,0,5,1,1,11,1,4,0,0,0,2,2,0,10,2,5,3,9
2021.0,100.0,0.0,0.0,3,10,3,0,0,0,1,5,1,1,0,1,5,1,1,13,1,4,0,0,0,1,1,0,10,5,5,8,9
2021.0,57.0,0.0,0.0,3,5,0,0,0,0,2,8,1,1,1,1,1,1,1,14,1,4,0,0,0,3,1,0,6,5,5,6,5
2021.0,595.0,0.0,0.0,3,5,3,0,0,0,0,5,1,1,0,0,5,1,1,14,1,4,0,0,0,1,1,0,6,7,5,8,2
2021.0,0.0,0.0,0.0,3,2,3,0,0,0,1,9,1,1,0,0,2,1,1,14,1,4,0,0,0,2,1,0,4,2,5,3,9
2021.0,0.0,1.0,0.0,3,4,3,0,0,0,1,5,1,1,0,0,2,1,1,16,1,4,0,1,0,0,1,0,4,2,5,3,9
2021.0,300.0,0.0,0.0,3,9,3,0,0,0,2,9,1,1,0,0,1,1,1,16,1,4,0,1,0,3,1,0,6,5,5,3,3
2021.0,505.0,0.0,0.0,3,4,3,0,0,0,1,2,1,1,0,1,2,1,1,16,1,4,0,1,0,1,2,0,0,2,5,3,9
2021.0,0.0,0.0,0.0,3,10,3,0,0,0,1,2,1,1,0,1,2,1,1,8,2,4,0,1,0,1,1,0,5,5,5,9,9
2021.0,85.0,0.0,0.0,3,6,3,0,0,0,1,1,1,1,0,0,1,1,1,10,2,4,0,0,0,1,2,0,0,7,5,3,3
2021.0,-15.0,1.0,0.0,3,5,3,0,0,0,1,2,1,1,3,0,9,1,1,13,2,4,0,0,0,1,1,0,10,2,5,7,9
2021.0,223.0,0.0,0.0,3,6,3,0,0,0,0,2,1,1,0,1,2,1,1,15,2,4,0,0,0,1,1,0,6,8,5,8,3
2021.0,-178.0,0.0,0.0,3,10,3,0,0,0,1,2,1,1,0,1,2,1,1,17,2,4,0,1,0,1,2,0,10,9,5,3,2
2021.0,-38.0,1.0,0.0,3,6,3,0,0,0,1,1,1,1,0,0,1,1,1,20,2,4,0,0,0,2,1,0,10,7,5,8,3
2021.0,0.0,0.0,0.0,3,4,0,0,0,0,1,5,1,1,0,1,1,1,1,22,2,4,0,0,0,1,2,0,5,2,5,3,9
2021.0,-24.0,0.0,0.0,3,6,3,0,0,0,0,2,1,1,0,1,2,1,1,9,3,4,0,1,0,0,1,0,10,8,5,8,3
2021.0,-35.0,0.0,0.0,3,6,3,4,0,0,1,5,1,1,0,0,2,1,1,10,3,4,0,0,0,2,2,0,10,5,5,8,1
2021.0,212.0,0.0,0.0,3,10,3,0,0,0,1,1,1,1,0,0,1,1,1,10,3,4,0,0,0,0,0,0,6,4,5,3,9
2021.0,360.0,0.0,0.0,3,2,3,0,0,0,2,2,1,1,0,1,9,1,1,11,3,4,0,0,0,3,1,0,0,2,5,9,9
2021.0,-70.0,0.0,0.0,3,6,3,0,0,0,1,2,1,1,0,1,2,1,1,11,3,4,0,0,0,2,1,0,10,8,5,8,3
2021.0,595.0,0.0,0.0,3,6,3,0,0,0,0,9,1,1,0,0,9,1,1,16,3,4,0,1,0,2,1,0,10,8,5,8,3
2021.0,-141.0,0.0,0.0,3,11,3,0,0,0,0,9,1,1,0,1,1,1,1,16,3,4,0,1,0,1,2,0,10,5,5,3,9
2021.0,255.0,0.0,0.0,3,10,3,0,0,0,0,9,1,1,0,1,9,1,1,17,3,4,0,1,0,2,1,0,6,5,5,3,2
2021.0,413.0,0.0,0.0,3,6,3,0,0,0,1,5,1,1,0,1,5,1,1,17,3,4,0,1,0,2,1,0,6,8,5,8,3
2021.0,410.0,0.0,0.0,3,10,3,0,0,0,0,1,1,1,0,0,1,1,1,17,3,4,0,1,0,2,1,0,6,9,5,3,2
2021.0,-360.0,0.0,0.0,3,4,0,0,0,0,0,2,1,1,0,1,5,1,1,21,3,4,0,0,0,2,1,0,0,5,5,3,9
2021.0,150.0,0.0,0.0,3,6,3,0,0,0,0,2,1,1,0,0,2,1,1,8,4,4,0,1,0,2,1,0,6,7,5,8,3
2021.0,230.0,0.0,0.0,3,2,3,0,0,0,1,5,1,1,0,1,9,1,1,12,4,4,0,0,0,2,1,0,0,2,5,8,9
2021.0,-218.0,1.0,0.0,3,4,3,0,0,0,0,5,1,1,0,1,9,1,1,13,4,4,0,0,0,2,2,0,10,2,5,3,9
2021.0,-250.0,0.0,0.0,3,2,3,0,0,0,1,9,1,1,0,1,5,1,1,16,4,4,0,1,0,1,2,0,0,2,5,9,9
2021.0,0.0,0.0,0.0,3,2,3,0,0,0,1,5,1,1,0,1,5,1,1,16,4,4,0,1,0,2,0,0,5,9,5,3,6
2021.0,125.0,9.0,0.0,2,6,3,0,0,0,1,5,1,1,0,1,5,1,1,18,4,4,0,1,0,2,1,0,10,7,5,8,3
2021.0,422.0,0.0,0.0,3,6,0,0,0,0,1,9,1,1,0,0,1,1,1,19,4,4,0,1,0,2,1,0,6,5,5,8,1
2021.0,35.0,0.0,0.0,3,10,0,0,0,0,1,9,1,1,0,1,9,1,1,20,4,4,0,0,0,1,0,0,10,9,5,3,2
2021.0,500.0,0.0,0.0,3,4,0,0,0,0,1,1,1,1,0,1,5,1,1,21,4,4,0,0,0,1,1,0,0,2,5,9,9
2021.0,45.0,0.0,0.0,3,6,0,4,0,0,2,8,1,1,0,0,5,1,1,1,5,4,1,0,0,3,1,0,10,5,5,8,5
2021.0,65.0,0.0,0.0,3,6,3,0,0,0,1,9,1,1,0,1,9,1,1,14,5,4,1,0,0,2,1,0,2,7,5,8,9
2021.0,0.0,1.0,0.0,2,4,3,0,0,0,0,2,1,1,0,0,5,1,1,16,5,4,1,1,0,2,2,0,5,2,5,3,9
2021.0,-170.0,0.0,0.0,3,9,3,0,0,0,1,9,0,1,1,1,5,1,1,17,5,4,1,1,0,1,1,0,6,7,5,6,9
2021.0,20.0,2.0,0.0,1,5,3,0,0,0,1,6,0,1,3,1,9,1,1,17,5,4,1,1,0,1,2,0,10,9,5,6,9
2021.0,-100.0,0.0,0.0,3,6,0,0,0,0,1,2,1,1,0,0,2,1,1,22,5,4,1,0,0,0,2,0,10,7,5,8,3
2021.0,-65.0,1.0,0.0,3,6,0,0,0,0,0,5,1,1,0,0,5,1,1,22,5,4,1,0,0,2,2,0,10,7,5,8,3
2021.0,0.0,0.0,0.0,3,6,0,0,0,0,1,5,1,1,0,0,5,1,1,0,6,4,1,0,0,0,2,0,5,8,5,9,8
2021.0,-50.0,0.0,0.0,3,5,0,4,3,0,2,8,1,1,1,1,9,1,1,3,6,4,1,0,0,3,1,0,6,5,5,6,5
2021.0,-500.0,0.0,0.0,3,10,3,0,0,0,1,2,1,1,0,1,2,1,1,13,6,4,1,0,0,1,1,0,10,8,5,8,0
2021.0,-245.0,0.0,0.0,3,5,5,4,0,0,2,8,1,1,1,1,8,1,1,8,0,4,0,1,0,3,1,0,6,5,5,6,5
2021.0,-132.0,0.0,0.0,3,6,3,1,0,0,1,1,1,1,0,1,1,1,1,10,0,4,0,0,0,1,1,0,10,8,5,8,3
2021.0,67.0,4.0,0.0,2,6,3,1,0,0,1,9,1,1,0,0,9,1,1,12,0,4,0,0,0,1,0,0,10,8,5,8,3
2021.0,-135.0,2.0,0.0,3,6,3,1,0,0,0,9,1,1,0,0,9,1,1,14,0,4,0,0,0,1,2,0,10,7,5,8,3
2021.0,0.0,0.0,0.0,3,6,3,1,0,0,0,1,1,1,0,0,1,1,1,14,0,4,0,0,0,2,1,0,10,8,5,8,3
2021.0,0.0,3.0,0.0,3,4,3,1,0,0,1,2,1,1,0,1,5,1,1,16,0,4,0,1,0,1,2,0,5,2,5,3,9
2021.0,38.0,0.0,0.0,3,6,3,1,0,0,0,9,1,1,0,0,9,1,1,16,0,4,0,1,0,0,1,0,10,8,5,8,3
2021.0,128.0,0.0,0.0,3,10,3,1,0,0,0,2,1,1,0,0,2,1,1,16,0,4,0,1,0,1,1,0,10,9,5,3,6
2021.0,0.0,1.0,0.0,2,2,3,1,0,0,0,1,1,1,0,1,5,1,1,18,0,4,0,1,0,2,1,0,4,2,5,3,3
2021.0,-90.0,1.0,0.0,3,4,0,0,0,0,0,1,1,1,0,0,9,1,1,20,0,4,0,0,0,1,1,0,6,2,5,3,9
2021.0,75.0,0.0,0.0,3,6,3,1,0,0,1,1,1,1,0,0,1,1,1,7,1,4,0,1,0,1,0,0,10,7,5,8,3
2021.0,0.0,3.0,0.0,2,2,3,1,0,0,0,2,1,1,0,0,5,1,1,7,1,4,0,1,0,1,1,0,4,2,5,9,3
2021.0,750.0,0.0,0.0,3,2,3,0,0,0,1,2,1,1,0,1,1,1,1,13,1,4,0,0,0,1,1,0,6,2,5,3,9
2021.0,51.0,5.0,0.0,3,6,3,0,0,0,1,1,1,1,0,0,1,1,1,14,1,4,0,0,0,1,1,0,10,8,5,3,3
2021.0,714.0,2.0,0.0,3,6,3,0,0,0,1,1,1,1,0,1,1,1,1,15,1,4,0,0,0,1,0,0,6,8,5,8,3
2021.0,-40.0,0.0,0.0,3,6,3,0,0,0,0,2,1,1,0,0,2,1,1,15,1,4,0,0,0,1,1,0,10,7,5,8,3
2021.0,-80.0,0.0,0.0,3,6,3,0,0,0,0,2,1,1,0,0,2,1,1,16,1,4,0,1,0,2,1,0,10,8,5,8,3
2021.0,-195.0,0.0,0.0,3,6,3,0,0,0,0,2,1,1,0,1,2,1,1,17,1,4,0,1,0,1,2,0,10,8,5,8,3
2021.0,-40.0,0.0,0.0,3,10,3,0,0,0,0,2,1,1,0,0,2,1,1,18,1,4,0,1,0,1,1,0,10,9,5,3,2