Year,Distance,Totalinjuries,Totalfatalities,Injuryseverity,Collisionmanner,Lightcondition,Weather,SurfaceCondition,Unittype_One,Gender_Drv1,Traveldirection_One,AlcoholUse_Drv1,DrugUse_Drv1,Unittype_Two,Gender_Drv2,Traveldirection_Two,AlcoholUse_Drv2,DrugUse_Drv2,Hour,Weekday,Month,Weekend,Rush_Hour,Hazardous_Road,Age_Group_Drv1,Age_Group_Drv2,Substance_Use,Junction_Category,Violation_Category_Drv1,Violation_Category_Drv2,Unitaction_Category_Two,Unitaction_Category_One
2021.0,600.0,0.0,0.0,3,4,0,0,0,0,0,1,1,1,0,0,1,1,1,19,1,4,0,1,0,1,1,0,6,4,5,2,9
2021.0,30.0,0.0,0.0,3,5,0,0,0,0,2,1,1,1,0,1,9,1,1,21,1,4,0,0,0,3,1,0,10,5,5,8,1
2021.0,0.0,0.0,0.0,3,10,3,0,0,0,0,2,1,1,0,1,9,1,1,9,2,4,0,1,0,2,1,0,5,2,5,3,9
2021.0,390.0,0.0,0.0,3,4,3,0,0,0,0,1,1,1,0,0,9,1,1,11,2,4,0,0,0,1,1,0,0,2,5,3,9
2021.0,60.0,0.0,0.0,3,6,3,0,0,0,0,9,1,1,0,1,9,1,1,12,2,4,0,0,0,0,2,0,10,7,5,8,3
2021.0,-340.0,0.0,0.0,3,4,3,0,0,0,0,1,1,1,0,1,2,1,1,15,2,4,0,0,0,1,2,0,6,2,5,3,9
2021.0,-536.0,1.0,0.0,2,4,3,3,4,0,0,5,1,1,0,1,2,1,1,15,2,4,0,0,1,0,1,0,6,2,5,3,9
2021.0,-384.0,4.0,0.0,2,6,3,0,0,0,0,1,1,1,0,0,1,1,1,17,2,4,0,1,0,2,1,0,10,8,5,8,3
2021.0,0.0,1.0,0.0,2,4,3,0,0,0,1,2,1,1,0,1,6,1,1,6,3,4,0,0,0,1,1,0,4,2,5,3,9
2021.0,-340.0,2.0,0.0,3,6,3,0,0,0,0,1,1,1,0,0,1,1,1,7,3,4,0,1,0,1,2,0,6,7,5,8,3
2021.0,125.0,0.0,0.0,3,6,3,0,0,0,1,9,1,1,0,0,9,1,1,9,3,4,0,1,0,1,1,0,10,7,5,8,3
2021.0,0.0,1.0,0.0,3,4,3,0,0,0,0,5,1,1,0,1,2,1,1,13,3,4,0,0,0,1,1,0,4,2,5,3,9
2021.0,0.0,4.0,0.0,3,6,3,0,0,0,1,9,1,1,0,1,9,1,1,15,3,4,0,0,0,1,0,0,10,8,5,3,3
2021.0,458.0,0.0,0.0,3,6,3,0,0,0,1,2,1,1,0,0,2,1,1,16,3,4,0,1,0,2,1,0,10,8,5,8,3
2021.0,157.0,0.0,0.0,3,10,3,0,0,0,0,9,1,1,0,1,9,1,1,17,3,4,0,1,0,1,1,0,10,9,5,3,2
2021.0,0.0,0.0,0.0,3,6,3,0,0,0,1,1,1,1,0,0,1,1,1,17,3,4,0,1,0,1,2,0,5,8,5,8,3
2021.0,0.0,0.0,0.0,3,4,4,0,0,0,1,1,1,1,0,1,9,1,1,19,3,4,0,1,0,1,2,0,4,2,5,3,9
2021.0,0.0,2.0,0.0,3,2,0,0,0,0,0,2,1,1,0,0,9,1,1,20,3,4,0,0,0,2,1,0,4,2,5,3,9
2021.0,0.0,0.0,0.0,3,2,0,0,0,0,0,5,1,1,0,1,1,1,1,0,4,4,0,0,0,2,2,0,4,2,5,3,9
2021.0,60.0,1.0,0.0,2,10,0,0,0,0,0,2,1,1,0,1,2,1,1,0,4,4,0,0,0,1,1,0,6,7,5,3,2
2021.0,0.0,1.0,0.0,3,6,3,0,4,0,1,2,1,1,0,1,2,1,1,11,4,4,0,0,1,1,1,0,4,8,5,9,3
2021.0,40.0,0.0,0.0,3,10,3,0,0,0,1,9,1,1,0,0,9,1,1,12,4,4,0,0,0,2,1,0,10,9,5,3,2
2021.0,230.0,1.0,0.0,3,6,3,0,0,0,1,2,1,1,0,0,2,1,1,14,4,4,0,0,0,1,1,0,10,7,5,8,3
2021.0,-40.0,0.0,0.0,3,6,3,0,0,0,2,1,1,1,0,0,1,1,1,14,4,4,0,0,0,3,2,0,5,7,5,8,3
2021.0,250.0,2.0,0.0,3,6,3,0,0,0,0,9,1,1,0,0,9,1,1,17,4,4,0,1,0,1,1,0,10,8,5,8,3
2021.0,396.0,0.0,0.0,3,4,3,0,0,0,1,1,1,1,0,0,9,1,1,17,4,4,0,1,0,2,1,0,6,2,5,3,9
2021.0,0.0,0.0,0.0,3,2,3,0,0,0,1,2,1,1,0,1,1,1,1,17,4,4,0,1,0,2,1,0,4,2,5,3,9
2021.0,-48.0,3.0,0.0,3,6,4,0,0,0,1,1,1,1,0,0,1,1,1,18,4,4,0,1,0,2,2,0,10,7,5,9,9
2021.0,-90.0,0.0,0.0,3,6,3,0,0,0,1,1,0,1,0,1,1,1,1,18,4,4,0,1,0,2,1,0,10,7,5,8,3
2021.0,-482.0,1.0,0.0,2,2,3,0,0,0,0,1,0,1,0,1,2,1,1,18,4,4,0,1,0,2,2,0,0,7,5,3,9
2021.0,0.0,0.0,0.0,3,2,0,0,0,0,0,9,1,1,0,1,5,1,1,20,4,4,0,0,0,1,2,0,4,2,5,9,3
2021.0,42.0,0.0,0.0,3,6,0,0,0,0,0,5,1,1,0,0,5,1,1,21,4,4,0,0,0,2,2,0,10,2,5,8,3
2021.0,220.0,0.0,0.0,3,3,3,0,0,0,1,5,1,1,0,1,2,1,1,8,5,5,1,1,0,1,1,0,10,5,5,9,9
2021.0,-70.0,0.0,0.0,3,6,3,1,0,0,1,2,1,1,0,0,2,1,1,11,5,5,1,0,0,0,0,0,10,8,5,8,3
2021.0,0.0,0.0,0.0,3,10,3,0,0,0,1,5,1,1,0,1,2,1,1,15,5,5,1,0,0,1,1,0,10,5,5,3,1
2021.0,-25.0,0.0,0.0,3,6,0,0,0,0,1,2,1,1,0,1,2,1,1,1,6,5,1,0,0,1,2,0,10,8,5,8,3
2021.0,0.0,0.0,0.0,3,4,3,0,0,0,1,9,1,1,0,1,1,1,1,9,0,5,0,1,0,1,2,0,4,2,5,3,9
2021.0,50.0,0.0,0.0,3,6,3,0,0,0,2,9,1,1,0,0,9,1,1,10,0,5,0,0,0,3,1,0,10,7,5,8,3
2021.0,-453.0,0.0,0.0,3,6,3,0,0,0,0,9,1,1,0,0,9,1,1,12,0,5,0,0,0,1,1,0,6,7,5,8,3
2021.0,116.0,1.0,0.0,3,6,3,0,0,0,0,9,1,1,0,0,9,1,1,12,0,5,0,0,0,1,0,0,10,8,5,8,3
2021.0,0.0,2.0,0.0,2,4,3,0,0,0,0,9,1,1,0,1,1,1,1,13,0,5,0,0,0,1,2,0,4,2,5,3,9
2021.0,15.0,1.0,0.0,3,5,3,0,0,0,1,9,1,1,3,1,5,1,1,13,0,5,0,0,0,1,2,0,10,2,5,7,9
2021.0,340.0,0.0,0.0,3,10,3,0,0,0,0,1,1,1,0,0,1,1,1,15,0,5,0,0,0,1,1,0,0,5,5,3,9
2021.0,387.0,2.0,0.0,3,6,3,0,0,0,0,2,1,1,0,1,2,1,1,16,0,5,0,1,0,1,2,0,10,8,5,8,3
2021.0,242.0,0.0,0.0,3,10,3,0,0,0,0,1,1,1,0,1,1,1,1,17,0,5,0,1,0,1,0,0,10,7,5,8,3
2021.0,0.0,1.0,0.0,3,6,3,0,0,0,1,1,1,1,0,0,5,1,1,18,0,5,0,1,0,2,2,0,9,2,5,3,9
2021.0,0.0,1.0,0.0,3,4,3,0,0,0,0,2,1,1,0,1,5,1,1,19,0,5,0,1,0,2,1,0,4,2,5,9,3
2021.0,-70.0,0.0,0.0,3,6,0,0,0,0,1,5,1,1,1,1,5,1,1,20,0,5,0,0,0,2,1,0,6,7,5,6,3
2021.0,200.0,0.0,0.0,3,10,0,0,0,0,1,1,0,1,0,1,1,1,1,0,1,5,0,0,0,1,1,0,10,9,5,8,3
2021.0,0.0,3.0,0.0,2,2,3,0,0,0,1,5,1,1,0,0,9,1,1,9,1,5,0,1,0,2,1,0,4,2,5,3,3
2021.0,715.0,0.0,0.0,3,6,3,0,0,0,1,5,1,1,0,1,5,1,1,10,1,5,0,0,0,2,1,0,6,8,5,8,3
2021.0,84.0,0.0,0.0,3,6,3,0,0,0,1,9,1,1,0,0,9,1,1,12,1,5,0,0,0,1,0,0,10,8,5,8,3
2021.0,-38.0,0.0,0.0,3,6,0,0,0,0,0,2,1,1,0,0,2,1,1,20,1,5,0,0,0,1,2,0,10,7,5,8,3
2021.0,100.0,0.0,0.0,3,6,0,0,0,0,1,5,1,1,1,1,5,1,1,20,1,5,0,0,0,0,1,0,6,9,5,6,3
2021.0,0.0,0.0,0.0,3,10,3,0,0,0,1,2,1,1,0,1,2,1,1,7,2,5,0,1,0,0,2,0,4,5,5,9,9
2021.0,0.0,1.0,0.0,2,5,3,0,0,0,2,6,1,1,3,1,5,1,1,8,2,5,0,1,0,3,1,0,4,2,5,7,9
2021.0,60.0,0.0,0.0,3,6,3,0,0,0,0,9,1,1,0,0,9,1,1,10,2,5,0,0,0,0,0,0,10,7,5,8,3
2021.0,-258.0,0.0,0.0,3,6,3,0,0,0,1,9,1,1,0,1,9,1,1,12,2,5,0,0,0,1,2,0,6,8,5,8,3
2021.0,-35.0,1.0,0.0,3,6,3,0,0,0,0,1,1,1,0,1,1,1,1,16,2,5,0,1,0,1,2,0,10,8,5,8,3
2021.0,-90.0,0.0,0.0,3,6,3,0,0,0,0,1,1,1,0,0,1,1,1,17,2,5,0,1,0,1,1,0,10,8,5,8,3
2021.0,374.0,1.0,0.0,3,10,3,0,0,0,1,1,1,1,0,1,1,1,1,18,2,5,0,1,0,2,1,0,6,9,5,3,2
2021.0,0.0,0.0,0.0,3,4,0,0,0,0,1,2,1,1,0,1,5,1,1,19,2,5,0,1,0,1,2,0,4,2,5,9,8
2021.0,-25.0,0.0,0.0,3,6,0,0,0,0,0,1,1,1,0,1,1,1,1,19,2,5,0,1,0,2,1,0,10,7,5,9,3
2021.0,-140.0,0.0,0.0,3,10,3,0,0,0,1,2,1,1,0,0,2,1,1,12,3,5,0,0,0,2,1,0,10,9,5,3,2
2021.0,-90.0,1.0,0.0,3,6,3,0,0,0,1,1,1,1,0,0,1,1,1,16,3,5,0,1,0,1,1,0,10,8,5,8,3
2021.0,0.0,2.0,0.0,3,4,3,0,0,0,1,4,1,1,0,1,5,1,1,16,3,5,0,1,0,0,1,0,5,2,5,3,9
2021.0,125.0,0.0,0.0,3,6,3,0,0,0,0,1,1,1,0,1,1,1,1,16,3,5,0,1,0,1,1,0,10,7,5,8,3
2021.0,35.0,1.0,0.0,3,6,3,0,0,0,1,5,1,1,0,1,5,1,1,17,3,5,0,1,0,0,1,0,10,8,5,8,3
2021.0,0.0,0.0,0.0,3,4,3,0,0,0,2,9,1,1,0,0,1,1,1,17,3,5,0,1,0,3,1,0,5,2,5,9,9
2021.0,-140.0,1.0,0.0,3,10,0,0,0,0,1,1,1,1,0,1,1,1,1,22,3,5,0,0,0,2,1,0,10,9,5,3,9
2021.0,0.0,0.0,0.0,3,2,0,0,0,0,1,1,0,1,0,1,5,1,1,4,4,5,0,0,0,2,1,0,4,7,5,3,3
2021.0,0.0,2.0,0.0,3,4,3,0,0,0,0,9,1,0,0,0,5,1,1,7,4,5,0,1,0,2,0,0,4,2,5,9,3
2021.0,0.0,0.0,0.0,3,2,3,0,0,0,0,4,1,1,0,1,2,1,1,10,4,5,0,0,0,1,1,0,5,5,5,3,9
2021.0,263.0,1.0,0.0,3,6,3,0,0,0,1,2,1,1,0,1,2,1,1,10,4,5,0,0,0,2,1,0,6,7,5,3,2
2021.0,48.0,0.0,0.0,3,6,3,0,0,0,2,9,1,1,0,0,9,1,1,10,4,5,0,0,0,3,1,0,10,7,5,8,8
2021.0,0.0,2.0,0.0,3,6,3,0,0,0,1,2,1,1,0,0,2,1,1,13,4,5,0,0,0,2,1,0,5,7,5,3,9
2021.0,-200.0,0.0,0.0,3,5,3,0,0,0,1,3,1,1,1,1,7,1,1,13,4,5,0,0,0,0,1,0,6,5,5,6,1
2021.0,90.0,0.0,0.0,3,6,3,0,0,0,2,1,1,1,0,1,1,1,1,13,4,5,0,0,0,3,0,0,6,5,5,3,3
2021.0,150.0,2.0,0.0,1,4,3,0,0,0,0,5,1,1,0,1,9,1,1,13,4,5,0,0,0,1,1,0,0,2,5,3,9
2021.0,-148.0,0.0,0.0,3,6,5,4,0,0,2,5,1,1,0,1,5,1,1,11,5,5,1,0,0,3,1,0,10,7,5,8,3
2021.0,300.0,0.0,0.0,3,6,3,0,0,0,0,9,1,1,0,0,9,1,1,13,5,5,1,0,0,2,0,0,4,7,5,8,3
2021.0,0.0,0.0,0.0,3,10,3,0,0,0,0,5,1,1,0,1,5,1,1,16,5,5,1,1,0,1,1,0,5,9,5,3,2
2021.0,0.0,0.0,0.0,3,2,3,0,0,0,1,2,1,1,0,1,1,1,1,17,5,5,1,1,0,2,0,0,4,5,5,3,3
2021.0,0.0,0.0,0.0,3,4,0,0,0,0,0,2,1,1,0,1,9,1,1,20,5,5,1,0,0,1,1,0,4,2,5,3,9
2021.0,0.0,1.0,0.0,3,2,0,0,0,0,2,1,1,1,0,1,2,1,1,20,5,5,1,0,0,3,1,0,4,2,5,3,3
2021.0,-70.0,1.0,0.0,3,2,0,0,0,0,1,5,1,1,0,1,2,1,1,23,5,5,1,0,0,2,1,0,10,5,5,9,9
2021.0,-30.0,0.0,0.0,3,6,0,0,0,0,1,2,1,1,1,1,2,1,1,23,5,5,1,0,0,2,1,0,10,7,5,6,3
2021.0,471.0,1.0,0.0,2,2,3,4,3,0,1,5,1,1,0,1,9,1,1,11,6,5,1,0,0,1,2,0,0,2,5,3,3
2021.0,-47.0,0.0,0.0,3,6,3,0,0,0,2,1,1,1,0,0,1,1,1,15,6,5,1,0,0,3,2,0,10,8,5,8,3
2021.0,-40.0,0.0,0.0,3,6,3,0,0,0,1,9,1,1,1,1,9,1,1,10,0,5,0,0,0,1,1,0,6,7,5,6,3
2021.0,0.0,0.0,0.0,3,2,3,0,0,0,1,5,1,1,0,0,9,1,1,12,0,5,0,0,0,1,0,0,5,2,5,3,9
2021.0,0.0,1.0,0.0,3,4,3,0,0,0,1,1,1,1,0,1,9,1,1,13,0,5,0,0,0,1,1,0,4,5,5,9,3
2021.0,370.0,0.0,0.0,3,6,3,0,0,0,1,1,1,1,0,1,1,1,1,13,0,5,0,0,0,1,1,0,0,7,5,8,3
2021.0,-143.0,1.0,0.0,3,6,3,0,0,0,1,9,1,1,0,1,9,1,1,13,0,5,0,0,0,1,0,0,10,8,5,8,3
2021.0,410.0,0.0,0.0,3,4,3,0,0,0,1,2,1,1,0,1,9,1,1,14,0,5,0,0,0,1,1,0,6,2,5,3,9
2021.0,100.0,0.0,0.0,3,6,3,0,0,0,1,1,1,1,0,0,1,1,1,16,0,5,0,1,0,2,1,0,4,7,5,8,8
2021.0,138.0,1.0,0.0,3,6,3,0,0,0,0,5,1,1,0,1,5,1,1,17,0,5,0,1,0,2,1,0,10,8,5,8,3
2021.0,-400.0,1.0,0.0,3,2,3,0,0,0,1,9,1,1,0,0,1,1,1,17,0,5,0,1,0,1,2,0,6,2,5,3,9
2021.0,0.0,0.0,0.0,3,4,0,0,0,0,1,1,1,1,0,0,9,1,1,21,0,5,0,0,0,1,2,0,4,2,5,9,3
2021.0,148.0,2.0,0.0,1,6,3,0,0,0,1,1,1,1,0,1,1,1,1,8,1,5,0,1,0,2,2,0,6,8,5,8,3
2021.0,0.0,0.0,0.0,3,9,3,0,0,0,2,9,1,1,0,1,1,1,1,9,1,5,0,1,0,3,1,0,5,9,5,3,3
2021.0,0.0,0.0,0.0,3,9,3,0,0,0,1,5,1,1,0,0,9,1,1,11,1,5,0,0,0,1,1,0,4,5,5,3,9
2021.0,122.0,1.0,0.0,3,6,3,0,0,0,0,9,1,1,0,0,9,1,1,12,1,5,0,0,0,0,1,0,10,7,5,8,3
2021.0,0.0,2.0,0.0,3,2,3,0,0,0,1,2,1,1,0,1,9,1,1,14,1,5,0,0,0,1,1,0,0,2,5,3,9
2021.0,-167.0,1.0,0.0,2,11,3,0,0,0,1,5,1,1,0,0,2,1,1,14,1,5,0,0,0,0,2,0,6,5,5,3,9
2021.0,180.0,0.0,0.0,3,10,3,0,0,0,1,1,1,1,0,1,1,1,1,15,1,5,0,0,0,2,1,0,10,9,5,3,2
2021.0,336.0,2.0,0.0,2,6,3,0,0,0,1,1,1,1,0,1,1,1,1,16,1,5,0,1,0,1,2,0,6,7,5,8,3
2021.0,0.0,2.0,0.0,3,4,3,0,0,0,1,1,1,1,0,1,9,1,1,16,1,5,0,1,0,1,1,0,5,2,5,3,9
2021.0,0.0,0.0,0.0,3,2,3,0,0,0,0,5,1,1,0,1,9,1,1,16,1,5,0,1,0,0,2,0,4,2,5,3,9
2021.0,475.0,0.0,0.0,3,6,3,0,0,0,1,1,1,1,0,1,1,1,1,17,1,5,0,1,0,1,1,0,10,8,5,8,3
2021.0,-83.0,1.0,0.0,1,5,0,0,0,3,0,2,1,1,0,1,9,1,1,20,1,5,0,0,0,2,1,0,10,2,5,3,7
2021.0,163.0,0.0,1.0,0,2,0,0,0,0,1,9,1,1,0,0,2,1,1,21,1,5,0,0,0,2,2,0,0,2,5,3,9
2021.0,90.0,0.0,0.0,3,10,3,0,0,0,1,9,1,1,0,0,9,1,1,7,2,5,0,1,0,2,1,0,10,5,5,8,3
2021.0,60.0,0.0,0.0,3,6,3,0,0,0,2,9,1,1,0,0,9,1,1,7,2,5,0,1,0,3,1,0,10,7,5,3,3
2021.0,170.0,0.0,0.0,3,6,3,0,0,0,2,2,1,1,0,0,2,1,1,10,2,5,0,0,0,3,1,0,6,7,5,3,3
2021.0,480.0,0.0,0.0,3,6,3,0,0,0,0,9,1,1,0,1,9,1,1,12,2,5,0,0,0,2,0,0,6,8,5,8,3
2021.0,438.0,0.0,0.0,3,6,3,0,0,0,0,9,1,1,0,0,9,1,1,12,2,5,0,0,0,1,2,0,10,8,5,8,3
2021.0,183.0,0.0,0.0,3,2,3,0,0,0,0,1,1,1,0,0,5,1,1,12,2,5,0,0,0,2,2,0,6,2,5,3,9
2021.0,-50.0,1.0,0.0,3,10,3,0,0,0,0,9,1,1,0,1,9,1,1,12,2,5,0,0,0,2,1,0,6,9,5,3,2
2021.0,-45.0,0.0,0.0,3,6,3,0,0,0,0,1,1,1,0,1,1,1,1,14,2,5,0,0,0,1,1,0,10,7,5,8,3
2021.0,450.0,0.0,0.0,3,6,5,4,0,0,1,9,1,1,0,0,9,1,1,14,2,5,0,0,0,2,2,0,6,8,5,8,3
2021.0,-475.0,2.0,0.0,2,6,3,0,0,0,0,1,1,1,0,0,1,1,1,14,2,5,0,0,0,0,1,0,10,7,5,8,3
2021.0,875.0,1.0,0.0,3,6,3,0,0,0,0,1,1,1,0,1,1,1,1,15,2,5,0,0,0,2,1,0,6,8,5,8,3
2021.0,50.0,0.0,0.0,3,2,3,0,0,0,1,9,1,1,0,0,9,1,1,15,2,5,0,0,0,0,1,0,10,4,5,3,2
2021.0,145.0,0.0,0.0,3,10,3,0,0,0,1,9,1,1,0,1,9,1,1,16,2,5,0,1,0,2,2,0,10,5,5,3,2
2021.0,600.0,2.0,0.0,2,2,3,0,0,0,0,9,1,1,0,0,2,1,1,16,2,5,0,1,0,1,1,0,6,2,5,3,9
2021.0,700.0,0.0,0.0,3,2,5,4,0,0,2,5,1,1,0,1,9,1,1,16,2,5,0,1,0,3,2,0,6,2,5,3,5
2021.0,200.0,0.0,0.0,3,6,3,0,0,0,1,5,1,1,0,1,5,1,1,16,2,5,0,1,0,1,0,0,10,7,5,8,8
2021.0,710.0,0.0,0.0,3,10,3,0,0,0,1,9,1,1,0,1,9,1,1,18,2,5,0,1,0,2,1,0,6,9,5,3,3
2021.0,22.0,0.0,0.0,3,10,0,0,0,0,1,1,1,1,0,0,1,1,1,19,2,5,0,1,0,1,1,0,10,9,5,3,2
2021.0,-154.0,0.0,0.0,3,11,0,0,0,0,1,2,1,1,0,1,2,1,1,22,2,5,0,0,0,2,0,0,5,5,5,3,3
2021.0,0.0,0.0,0.0,3,6,0,0,0,0,1,5,1,1,0,1,5,1,1,22,2,5,0,0,0,2,1,0,6,7,5,8,3
2021.0,65.0,1.0,0.0,3,10,3,0,0,0,1,9,1,1,0,0,9,1,1,9,3,5,0,1,0,2,2,0,10,9,5,3,2
2021.0,50.0,0.0,0.0,3,6,3,0,0,0,1,5,1,1,0,0,5,1,1,14,3,5,0,0,0,0,2,0,10,8,5,8,3
2021.0,-215.0,0.0,0.0,3,10,3,0,0,0,0,9,1,1,0,1,9,1,1,14,3,5,0,0,0,2,2,0,6,9,5,3,2
2021.0,108.0,0.0,0.0,3,11,3,0,0,0,1,1,1,1,0,1,9,1,1,14,3,5,0,0,0,1,2,0,10,2,5,3,9
2021.0,500.0,0.0,0.0,3,10,3,0,0,0,0,9,1,1,0,0,9,1,1,16,3,5,0,1,0,1,0,0,6,9,5,3,2
2021.0,-90.0,0.0,0.0,3,6,3,0,0,0,0,2,1,1,0,1,2,1,1,16,3,5,0,1,0,1,1,0,10,7,5,8,3
2021.0,235.0,1.0,0.0,3,5,4,0,0,0,2,2,1,1,3,1,9,1,1,19,3,5,0,1,0,3,2,0,0,2,5,7,9
2021.0,-324.0,1.0,0.0,1,2,0,0,0,3,0,1,0,1,0,0,5,1,1,21,3,5,0,0,0,0,1,0,6,6,5,3,7
2021.0,14.0,0.0,0.0,3,5,3,0,0,0,1,5,1,1,0,1,5,1,1,8,4,5,0,1,0,2,0,0,10,5,5,8,1
2021.0,-300.0,0.0,0.0,3,6,3,0,0,0,1,2,1,1,1,1,2,1,1,11,4,5,0,0,0,2,2,0,6,7,5,6,3
2021.0,250.0,0.0,0.0,3,10,3,0,0,0,1,9,1,1,0,1,9,1,1,12,4,5,0,0,0,2,2,0,6,9,5,3,2
2021.0,225.0,0.0,0.0,3,10,3,0,0,0,1,9,1,1,0,1,9,1,1,12,4,5,0,0,0,1,2,0,10,9,5,3,2
2021.0,-101.0,0.0,0.0,3,6,3,0,0,0,0,2,1,1,0,1,2,1,1,13,4,5,0,0,0,1,1,0,10,8,5,8,3
2021.0,30.0,0.0,0.0,3,5,3,0,0,0,2,2,1,1,0,0,2,1,1,14,4,5,0,0,0,3,1,0,10,9,5,3,3
2021.0,115.0,0.0,0.0,3,6,3,0,0,0,2,9,1,1,0,1,9,1,1,15,4,5,0,0,0,3,1,0,10,8,5,8,3
2021.0,112.0,1.0,0.0,3,6,3,0,0,0,0,9,0,1,0,0,9,1,1,15,4,5,0,0,0,0,1,0,10,7,5,8,3
2021.0,80.0,0.0,0.0,3,2,3,0,0,0,0,9,1,1,0,1,2,1,1,15,4,5,0,0,0,2,2,0,10,2,5,3,9
2021.0,56.0,2.0,0.0,3,10,3,0,0,0,1,9,1,1,0,1,9,1,1,16,4,5,0,1,0,1,2,0,10,9,5,3,2
2021.0,100.0,0.0,0.0,3,5,3,0,0,0,2,8,1,1,1,1,8,1,1,17,4,5,0,1,0,3,1,0,6,5,5,6,5
2021.0,0.0,4.0,0.0,2,4,3,0,0,0,1,6,1,1,0,1,9,0,1,18,4,5,0,1,0,0,1,0,5,2,5,3,9
2021.0,0.0,1.0,0.0,3,9,0,0,0,0,1,9,1,1,0,0,5,1,1,22,4,5,0,0,0,2,2,0,4,2,5,3,3
2021.0,-502.0,0.0,0.0,3,4,3,0,0,0,1,7,1,1,0,1,9,1,1,7,5,5,1,1,0,1,0,0,6,5,5,3,9
2021.0,20.0,0.0,0.0,3,12,3,0,0,0,2,2,1,1,0,0,2,1,1,12,5,5,1,0,0,3,2,0,6,7,5,8,3
2021.0,0.0,0.0,0.0,3,2,3,0,0,0,1,2,1,1,0,1,1,1,1,13,5,5,1,0,0,2,1,0,4,2,5,9,3
2021.0,75.0,0.0,0.0,3,10,3,0,0,0,2,9,1,1,0,1,9,1,1,16,5,5,1,1,0,3,1,0,10,9,5,8,3
2021.0,-107.0,0.0,0.0,3,6,0,0,0,0,0,2,1,1,0,0,2,1,1,19,5,5,1,1,0,1,1,0,10,7,5,9,3
2021.0,185.0,1.0,0.0,1,2,0,0,0,3,1,5,1,1,0,1,1,1,1,22,5,5,1,0,0,1,2,0,6,2,5,3,7
2021.0,0.0,2.0,0.0,3,4,0,0,0,0,2,1,1,1,0,0,9,1,1,1,6,5,1,0,0,3,2,0,4,4,5,3,9
2021.0,-361.0,0.0,0.0,3,6,0,0,0,0,1,9,1,1,1,1,9,1,1,3,6,5,1,0,0,2,1,0,6,9,5,6,3
2021.0,-60.0,0.0,0.0,3,2,2,0,0,0,0,1,0,1,1,1,9,1,1,5,6,5,1,0,0,1,1,0,6,9,5,6,3
2021.0,60.0,0.0,0.0,3,6,0,0,0,0,1,9,1,1,0,1,9,1,1,20,6,5,1,0,0,2,2,0,10,7,5,8,3
2021.0,0.0,2.0,0.0,2,6,0,0,0,0,0,2,0,1,0,0,2,1,1,23,6,5,1,0,0,1,1,0,6,7,5,3,3
2021.0,0.0,5.0,0.0,3,2,3,0,0,0,1,5,1,1,0,1,1,1,1,11,0,5,0,0,0,1,1,0,5,2,5,3,3
2021.0,586.0,0.0,0.0,3,2,3,0,0,0,0,2,1,1,0,0,1,1,1,16,0,5,0,1,0,1,1,0,0,2,5,3,9
2021.0,0.0,0.0,0.0,3,6,0,0,0,0,2,2,1,1,0,1,2,1,1,21,0,5,0,0,0,3,1,0,5,7,5,9,5
2021.0,0.0,0.0,0.0,3,2,3,0,0,0,2,9,1,1,0,1,5,1,1,9,1,5,0,1,0,3,2,0,4,2,5,9,3
2021.0,42.0,1.0,0.0,3,6,3,0,0,0,1,5,1,1,0,1,5,1,1,10,1,5,0,0,0,1,1,0,10,8,5,8,3
2021.0,-90.0,0.0,0.0,3,6,3,0,0,0,1,2,1,1,0,1,5,1,1,10,1,5,0,0,0,2,1,0,10,5,5,8,1
2021.0,139.0,2.0,0.0,3,6,3,0,0,0,1,5,1,1,0,1,5,1,1,15,1,5,0,0,0,1,1,0,10,8,5,8,3
2021.0,-103.0,1.0,0.0,3,6,3,0,0,0,1,1,1,1,0,1,1,1,1,16,1,5,0,1,0,3,1,0,10,8,5,8,3
2021.0,-150.0,2.0,0.0,3,6,3,0,0,0,0,1,1,1,0,1,1,1,1,16,1,5,0,1,0,1,2,0,10,7,5,8,3
2021.0,0.0,2.0,0.0,3,4,3,0,0,0,1,5,1,1,0,1,2,1,1,16,1,5,0,1,0,0,1,0,4,2,5,9,3
2021.0,-61.0,0.0,0.0,3,10,3,0,0,0,0,5,1,1,0,0,5,1,1,18,1,5,0,1,0,1,2,0,10,9,5,3,2
2021.0,600.0,0.0,0.0,3,6,0,0,0,0,0,9,1,1,0,0,9,1,1,21,1,5,0,0,0,2,1,0,6,7,5,8,3
2021.0,-621.0,1.0,0.0,3,6,3,0,0,0,1,1,1,1,0,1,1,1,1,8,2,5,0,1,0,2,1,0,6,8,5,8,3
2021.0,-200.0,0.0,0.0,3,10,3,0,0,0,1,2,1,1,0,1,2,1,1,11,2,5,0,0,0,1,1,0,10,5,5,5,5
2021.0,315.0,0.0,0.0,3,2,3,0,0,0,1,5,1,1,0,1,9,1,1,11,2,5,0,0,0,2,1,0,0,2,5,3,9
2021.0,-25.0,0.0,0.0,3,2,3,0,0,0,0,5,1,1,0,1,2,1,1,13,2,5,0,0,0,0,0,0,10,2,5,9,9
2021.0,-40.0,0.0,0.0,3,10,0,0,0,0,1,2,0,1,0,1,2,1,1,20,2,5,0,0,0,2,2,0,10,9,5,8,2
2021.0,-162.0,0.0,0.0,3,2,3,0,0,0,1,1,1,1,0,1,5,1,1,7,3,5,0,1,0,1,2,0,0,2,5,3,9