Year,Distance,Totalinjuries,Totalfatalities,Injuryseverity,Collisionmanner,Lightcondition,Weather,SurfaceCondition,Unittype_One,Gender_Drv1,Traveldirection_One,AlcoholUse_Drv1,DrugUse_Drv1,Unittype_Two,Gender_Drv2,Traveldirection_Two,AlcoholUse_Drv2,DrugUse_Drv2,Hour,Weekday,Month,Weekend,Rush_Hour,Hazardous_Road,Age_Group_Drv1,Age_Group_Drv2,Substance_Use,Junction_Category,Violation_Category_Drv1,Violation_Category_Drv2,Unitaction_Category_Two,Unitaction_Category_One
2021.0,160.0,1.0,0.0,2,6,3,0,0,0,1,1,1,1,0,0,1,1,1,12,3,5,0,0,0,1,2,0,10,7,5,8,3
2021.0,274.0,1.0,0.0,2,4,3,0,0,0,0,2,1,1,0,1,1,1,1,13,3,5,0,0,0,1,1,0,6,2,5,3,9
2021.0,0.0,1.0,0.0,2,4,3,0,0,0,1,1,1,1,0,0,9,1,1,13,3,5,0,0,0,1,2,0,5,2,5,3,9
2021.0,50.0,0.0,0.0,3,9,0,0,0,0,0,1,0,1,0,1,9,1,1,19,3,5,0,1,0,0,1,0,4,9,5,8,3
2021.0,116.0,0.0,0.0,3,10,4,3,4,0,0,1,1,1,0,1,1,1,1,20,3,5,0,0,1,1,1,0,6,5,5,6,3
2021.0,-60.0,2.0,0.0,2,6,0,1,0,0,0,1,0,1,0,0,1,1,1,20,3,5,0,0,0,1,1,0,10,7,5,9,3
2021.0,-317.0,0.0,0.0,3,6,0,3,4,0,1,9,1,1,0,0,9,1,1,21,3,5,0,0,1,2,1,0,6,7,5,8,3
2021.0,0.0,0.0,0.0,3,10,0,1,4,0,2,2,1,1,1,1,2,1,1,21,3,5,0,0,1,3,1,0,5,5,5,6,5
2021.0,0.0,1.0,0.0,2,4,0,3,0,0,1,5,0,1,0,1,9,1,1,22,3,5,0,0,0,1,2,0,0,2,5,3,9
2021.0,-948.0,1.0,0.0,3,4,3,0,0,0,1,6,1,1,0,0,9,1,1,8,4,5,0,1,0,1,2,0,0,2,5,3,9
2021.0,0.0,3.0,0.0,2,2,3,0,0,0,1,1,1,1,0,1,5,1,1,8,4,5,0,1,0,2,0,0,4,2,5,5,5
2021.0,225.0,0.0,0.0,3,2,3,0,0,0,0,4,1,1,0,0,9,1,1,17,4,5,0,1,0,1,1,0,0,2,5,3,9
2021.0,215.0,0.0,0.0,3,6,0,0,0,0,0,2,1,1,0,1,2,1,1,22,4,5,0,0,0,1,1,0,6,7,5,8,3
2021.0,-51.0,0.0,0.0,3,6,0,0,0,0,1,1,0,1,0,1,1,1,1,22,4,5,0,0,0,2,2,0,10,8,5,8,3
2021.0,80.0,0.0,0.0,3,10,3,0,0,0,0,2,1,1,0,1,2,1,1,6,5,5,1,0,0,1,1,0,10,9,5,3,9
2021.0,340.0,0.0,0.0,3,6,0,0,0,0,1,9,0,1,0,0,9,1,1,0,6,5,1,0,0,1,1,0,6,7,5,8,3
2021.0,-181.0,1.0,0.0,3,6,3,0,0,0,1,1,1,0,0,1,1,1,1,9,6,5,1,1,0,2,1,0,10,8,5,8,3
2021.0,-100.0,0.0,0.0,3,10,3,0,0,0,2,5,1,1,0,0,5,1,1,13,6,5,1,0,0,3,2,0,10,7,5,3,2
2021.0,-50.0,0.0,0.0,3,3,3,0,0,0,2,1,1,1,0,1,2,1,1,18,6,5,1,1,0,3,1,0,10,4,5,8,9
2021.0,507.0,1.0,0.0,3,10,3,0,0,0,0,9,1,1,0,0,9,1,1,7,0,5,0,1,0,1,1,0,0,9,5,3,9
2021.0,-265.0,0.0,0.0,3,6,3,0,0,0,0,1,1,1,0,1,1,1,1,13,0,5,0,0,0,1,0,0,10,7,5,8,2
2021.0,-84.0,7.0,0.0,2,6,3,0,0,0,1,1,1,1,0,1,1,1,1,13,0,5,0,0,0,2,1,0,10,5,5,8,0
2021.0,-75.0,0.0,0.0,3,6,3,0,0,0,0,2,1,1,0,1,2,1,1,13,0,5,0,0,0,2,2,0,10,7,5,8,3
2021.0,0.0,1.0,0.0,3,2,3,0,0,0,1,9,1,1,0,0,2,1,1,14,0,5,0,0,0,1,1,0,4,2,5,3,9
2021.0,-180.0,0.0,0.0,3,10,3,0,0,0,0,1,1,1,0,0,1,1,1,7,1,5,0,1,0,2,1,0,10,9,5,3,2
2021.0,-86.0,0.0,0.0,3,6,3,0,0,0,1,2,1,1,0,0,2,1,1,16,1,5,0,1,0,0,0,0,10,8,5,8,3
2021.0,0.0,1.0,0.0,3,2,3,0,0,0,1,9,1,1,0,0,5,1,1,17,1,5,0,1,0,1,0,0,4,2,5,3,3
2021.0,30.0,1.0,0.0,3,9,3,0,0,0,0,9,1,1,0,1,5,1,1,10,2,5,0,0,0,2,2,0,10,7,5,8,9
2021.0,504.0,1.0,0.0,3,4,3,0,0,0,0,5,1,1,0,1,9,1,1,14,2,5,0,0,0,2,1,0,6,2,5,3,9
2021.0,94.0,1.0,0.0,3,6,3,1,0,0,0,9,1,1,0,1,9,1,1,17,2,5,0,1,0,1,1,0,10,8,5,8,3
2021.0,215.0,1.0,0.0,3,2,3,1,0,0,1,5,1,1,0,1,9,1,1,17,2,5,0,1,0,2,1,0,0,2,5,3,9
2021.0,-444.0,0.0,0.0,3,4,4,0,0,0,0,2,1,1,0,1,1,1,1,19,2,5,0,1,0,1,1,0,6,2,5,3,9
2021.0,250.0,0.0,0.0,3,6,0,0,0,0,2,1,1,1,1,1,1,1,1,20,2,5,0,0,0,3,1,0,10,7,5,6,3
2021.0,0.0,1.0,0.0,2,5,0,0,0,0,1,5,1,1,3,0,1,1,1,22,2,5,0,0,0,2,2,0,5,4,5,7,9
2021.0,-35.0,0.0,0.0,3,2,0,0,0,0,1,1,1,0,0,1,2,1,1,2,3,5,0,0,0,0,1,0,4,7,5,8,9
2021.0,125.0,0.0,0.0,3,6,3,0,0,0,1,9,1,1,0,0,9,1,1,9,3,5,0,1,0,2,1,0,10,7,5,8,3
2021.0,173.0,2.0,0.0,2,2,3,0,0,0,0,1,1,1,0,1,1,1,1,13,3,5,0,0,0,1,1,0,10,9,5,3,9
2021.0,0.0,1.0,0.0,3,2,3,0,0,0,0,1,1,1,0,0,2,1,1,14,3,5,0,0,0,2,0,0,4,2,5,3,3
2021.0,0.0,2.0,0.0,3,4,3,0,0,0,1,2,1,1,0,1,5,1,1,15,3,5,0,0,0,1,1,0,5,2,5,3,9
2021.0,440.0,2.0,0.0,3,10,3,0,0,0,1,2,1,1,0,1,2,1,1,16,3,5,0,1,0,2,1,0,6,9,5,3,2
2021.0,179.0,0.0,0.0,3,6,3,0,0,0,1,9,1,1,0,0,9,1,1,16,3,5,0,1,0,1,1,0,10,8,5,8,2
2021.0,0.0,0.0,0.0,3,2,3,0,0,0,1,5,1,1,0,0,5,1,1,17,3,5,0,1,0,1,1,0,5,2,5,3,9
2021.0,0.0,0.0,0.0,3,4,0,0,0,0,1,1,1,1,0,0,9,1,1,20,3,5,0,0,0,1,2,0,4,5,5,9,3
2021.0,-200.0,0.0,0.0,3,5,5,4,0,0,1,7,1,1,1,1,2,1,1,1,4,5,0,0,0,1,1,0,6,5,5,6,1
2021.0,-87.0,0.0,0.0,3,2,3,0,0,0,0,9,1,1,0,0,2,1,1,8,4,5,0,1,0,1,1,0,10,2,5,3,9
2021.0,0.0,2.0,0.0,3,4,3,0,0,0,0,1,1,1,0,0,9,1,1,10,4,5,0,0,0,1,2,0,5,5,5,3,9
2021.0,-110.0,0.0,0.0,3,6,3,0,0,0,0,2,1,1,0,1,2,1,1,11,4,5,0,0,0,1,2,0,4,8,5,3,3
2021.0,0.0,1.0,0.0,3,4,3,0,0,0,1,1,1,1,0,1,9,1,1,12,4,5,0,0,0,0,1,0,5,2,5,3,9
2021.0,0.0,1.0,0.0,3,2,3,0,0,0,0,9,1,1,0,0,5,1,1,13,4,5,0,0,0,1,1,0,4,5,5,3,3
2021.0,500.0,0.0,0.0,3,4,3,0,0,0,0,5,1,1,0,1,9,1,1,20,4,5,0,0,0,2,1,0,0,2,5,3,9
2021.0,55.0,1.0,0.0,2,3,0,0,0,0,1,2,0,1,1,1,2,1,1,21,4,5,0,0,0,1,1,0,6,7,5,6,3
2021.0,0.0,0.0,0.0,3,4,3,0,0,0,1,5,1,1,0,1,2,1,1,4,5,5,1,0,0,2,1,0,4,5,5,9,3
2021.0,0.0,2.0,0.0,2,2,3,0,0,0,1,9,1,1,0,1,2,1,1,13,5,5,1,0,0,1,1,0,4,5,5,3,3
2021.0,0.0,0.0,0.0,3,2,2,0,0,0,2,1,1,1,1,1,1,1,1,16,5,5,1,1,0,3,1,0,6,7,5,6,5
2021.0,30.0,0.0,0.0,3,6,3,0,0,0,0,9,1,1,0,0,9,1,1,18,6,5,1,1,0,1,2,0,10,7,5,8,3
2021.0,0.0,0.0,0.0,3,6,0,0,0,0,2,5,1,1,0,0,5,1,1,20,6,5,1,0,0,3,1,0,4,7,5,3,3
2021.0,65.0,0.0,0.0,3,6,0,0,0,0,2,5,1,1,0,1,5,1,1,21,6,5,1,0,0,3,2,0,10,7,5,8,3
2021.0,0.0,0.0,0.0,3,2,0,0,0,0,0,5,1,1,0,0,9,1,1,0,0,5,0,0,0,2,1,0,4,2,5,3,3
2021.0,0.0,1.0,0.0,3,2,3,0,0,0,0,2,1,1,0,0,9,1,1,5,0,5,0,0,0,2,1,0,5,2,5,3,3
2021.0,45.0,1.0,0.0,3,6,3,0,0,0,1,5,1,1,0,0,5,1,1,11,0,5,0,0,0,1,1,0,10,7,5,8,3
2021.0,0.0,0.0,0.0,3,2,3,4,0,0,1,5,1,1,0,1,1,1,1,13,0,5,0,0,0,1,2,0,6,2,5,3,3
2021.0,0.0,1.0,0.0,2,5,3,0,0,2,1,1,1,1,0,1,5,1,1,12,1,6,0,0,0,1,1,0,10,5,5,9,3
2021.0,0.0,0.0,0.0,3,2,3,0,0,0,1,1,1,1,0,0,2,1,1,13,1,6,0,0,0,2,1,0,4,2,5,3,9
2021.0,0.0,0.0,0.0,3,4,0,0,0,0,1,9,1,1,0,1,1,1,1,21,1,6,0,0,0,1,1,0,4,2,5,3,9
2021.0,0.0,2.0,0.0,3,4,0,0,0,0,1,2,1,1,0,1,5,1,1,22,1,6,0,0,0,1,2,0,4,4,5,3,9
2021.0,0.0,1.0,0.0,3,4,3,0,0,0,2,5,1,1,0,1,2,1,1,12,2,6,0,0,0,3,1,0,4,2,5,9,3
2021.0,-464.0,2.0,0.0,2,6,3,1,0,0,0,9,1,1,0,1,9,1,1,15,2,6,0,0,0,1,2,0,6,8,5,8,3
2021.0,-94.0,0.0,0.0,3,6,3,0,0,0,0,2,1,1,0,0,2,1,1,16,2,6,0,1,0,1,2,0,10,8,5,8,3
2021.0,0.0,1.0,0.0,3,2,0,0,0,0,1,1,0,1,0,0,5,1,1,21,2,6,0,0,0,1,1,0,5,2,5,3,9
2021.0,0.0,0.0,0.0,3,10,0,4,3,0,2,5,1,1,0,1,5,1,1,22,2,6,0,0,0,3,2,0,5,9,5,8,9
2021.0,958.0,0.0,0.0,3,6,3,0,0,0,1,5,1,1,0,1,5,1,1,11,3,6,0,0,0,1,1,0,6,5,8,3,8
2021.0,0.0,2.0,0.0,3,4,3,0,0,0,0,2,1,1,0,1,5,1,1,17,3,6,0,1,0,2,2,0,4,2,5,3,9
2021.0,0.0,0.0,0.0,3,4,2,0,0,0,1,1,1,1,0,1,5,1,1,19,3,6,0,1,0,2,1,0,5,2,5,3,9
2021.0,-1027.0,2.0,0.0,2,6,0,0,0,0,1,9,1,1,0,1,9,1,1,22,3,6,0,0,0,1,1,0,6,7,5,8,3
2021.0,0.0,2.0,0.0,3,2,3,0,0,0,0,5,1,1,0,1,1,1,1,8,4,6,0,1,0,2,1,0,4,2,5,3,3
2021.0,150.0,0.0,0.0,3,6,3,0,0,0,0,2,1,1,0,1,2,1,1,13,4,6,0,0,0,1,1,0,6,7,5,8,3
2021.0,0.0,1.0,0.0,2,2,3,1,0,0,1,5,1,1,0,1,1,1,1,13,4,6,0,0,0,1,2,0,4,2,5,3,3
2021.0,17.0,0.0,0.0,3,6,3,0,0,0,0,5,1,1,0,0,5,1,1,17,4,6,0,1,0,1,0,0,4,7,5,8,3
2021.0,380.0,0.0,0.0,3,10,0,0,0,0,1,9,1,1,0,0,9,1,1,21,4,6,0,0,0,1,1,0,10,9,5,3,3
2021.0,0.0,0.0,0.0,3,4,0,0,0,0,1,5,1,1,0,0,1,1,1,22,4,6,0,0,0,2,1,0,4,2,5,3,9
2021.0,-133.0,0.0,0.0,3,4,0,0,0,0,1,2,1,1,0,1,5,1,1,0,5,6,1,0,0,2,2,0,10,2,5,3,9
2021.0,0.0,0.0,0.0,3,2,3,0,0,0,0,2,1,1,0,0,1,1,1,10,5,6,1,0,0,2,0,0,4,2,5,9,3
2021.0,50.0,0.0,0.0,3,6,3,0,0,0,1,5,1,1,0,1,8,1,1,10,5,6,1,0,0,0,1,0,4,7,5,8,3
2021.0,0.0,0.0,0.0,3,2,3,0,0,0,0,2,1,1,0,1,1,1,1,15,5,6,1,0,0,2,1,0,5,2,5,3,3
2021.0,65.0,0.0,0.0,3,10,3,0,0,0,0,5,0,1,0,1,5,1,1,16,5,6,1,1,0,1,1,0,6,9,5,3,3
2021.0,0.0,0.0,0.0,3,2,4,0,0,0,0,2,1,1,0,1,9,1,1,17,5,6,1,1,0,0,1,0,10,2,5,3,3
2021.0,0.0,1.0,0.0,2,4,0,0,0,0,1,1,1,1,0,0,2,1,1,22,5,6,1,0,0,2,0,0,4,2,5,3,9
2021.0,-147.0,0.0,0.0,3,6,0,0,0,0,0,9,1,1,0,0,9,1,1,0,6,6,1,0,0,1,2,0,10,7,5,3,3
2021.0,20.0,0.0,0.0,3,6,3,0,0,0,2,1,1,1,0,0,1,1,1,15,6,6,1,0,0,3,1,0,10,7,5,8,3
2021.0,-64.0,0.0,0.0,3,6,3,0,0,0,0,2,1,1,1,1,2,1,1,18,6,6,1,1,0,2,1,0,6,5,5,6,3
2021.0,225.0,0.0,0.0,3,2,3,0,0,0,2,2,1,1,0,0,1,1,1,18,6,6,1,1,0,3,1,0,0,4,5,3,9
2021.0,-180.0,0.0,0.0,3,6,0,0,0,0,0,9,1,1,1,1,8,1,1,23,6,6,1,0,0,2,1,0,6,7,5,6,3
2021.0,0.0,1.0,0.0,3,2,3,0,0,0,0,9,1,1,0,1,2,1,1,10,0,6,0,0,0,1,1,0,5,2,5,3,3
2021.0,0.0,0.0,0.0,3,4,3,0,0,0,0,1,1,1,0,1,9,1,1,12,0,6,0,0,0,1,2,0,4,2,5,3,9
2021.0,300.0,0.0,0.0,3,2,3,0,0,0,1,1,1,1,0,1,2,1,1,13,0,6,0,0,0,1,1,0,6,2,5,3,7
2021.0,0.0,0.0,0.0,3,5,3,0,0,0,0,9,1,1,0,0,5,1,1,14,0,6,0,0,0,1,2,0,4,7,5,3,3
2021.0,0.0,0.0,0.0,3,3,3,0,0,0,1,2,1,1,0,1,5,1,1,15,0,6,0,0,0,1,2,0,4,2,5,3,9
2021.0,-300.0,1.0,0.0,3,10,3,0,0,0,1,9,0,1,0,1,9,1,1,18,0,6,0,1,0,1,1,0,6,9,5,3,3
2021.0,0.0,2.0,0.0,3,4,0,0,0,0,1,7,1,1,0,1,1,1,1,20,0,6,0,0,0,1,1,0,4,2,5,3,9
2021.0,40.0,0.0,0.0,3,10,0,0,0,0,2,1,1,1,0,1,1,1,1,22,0,6,0,0,0,3,1,0,4,9,5,3,3
2021.0,0.0,2.0,0.0,2,4,3,0,0,0,1,1,1,1,0,1,5,1,1,6,1,6,0,0,0,1,1,0,5,5,5,3,9
2021.0,0.0,3.0,0.0,2,2,3,0,0,0,0,9,1,1,0,1,4,1,1,8,1,6,0,1,0,1,1,0,4,2,5,9,3
2021.0,297.0,1.0,0.0,2,4,3,0,0,0,1,9,1,1,0,1,1,1,1,12,1,6,0,0,0,1,1,0,0,2,5,3,9
2021.0,385.0,0.0,0.0,3,4,3,0,0,0,0,9,1,1,0,0,2,1,1,12,1,6,0,0,0,1,2,0,6,2,5,3,9
2021.0,-340.0,0.0,0.0,3,2,3,0,0,0,1,9,1,1,0,0,2,1,1,12,1,6,0,0,0,1,2,0,6,2,5,3,9
2021.0,350.0,2.0,0.0,3,6,3,0,0,0,2,2,1,1,0,0,2,1,1,15,1,6,0,0,0,3,0,0,6,7,5,8,3
2021.0,-486.0,1.0,0.0,3,6,3,0,0,0,0,1,1,1,0,0,1,1,1,17,1,6,0,1,0,1,1,0,0,8,5,8,3
2021.0,-59.0,0.0,0.0,3,10,3,0,0,0,0,9,1,1,0,0,9,1,1,9,2,6,0,1,0,1,1,0,6,2,5,3,6
2021.0,182.0,2.0,0.0,2,3,3,0,0,0,1,9,0,1,0,0,1,1,1,13,2,6,0,0,0,1,1,0,6,2,5,3,3
2021.0,-86.0,0.0,0.0,3,6,3,0,0,0,0,1,1,1,0,0,1,1,1,16,2,6,0,1,0,2,0,0,10,8,5,8,3
2021.0,-80.0,1.0,0.0,3,6,3,0,0,0,1,1,1,1,0,1,1,1,1,16,2,6,0,1,0,1,0,0,10,8,5,8,3
2021.0,0.0,2.0,0.0,2,4,3,0,0,0,1,1,1,1,0,1,9,1,1,17,2,6,0,1,0,1,2,0,4,2,5,3,9
2021.0,-900.0,0.0,0.0,3,6,3,0,0,0,2,1,1,1,0,0,1,1,1,18,2,6,0,1,0,3,2,0,9,7,5,8,3
2021.0,61.0,2.0,0.0,3,6,4,0,0,0,0,5,1,1,0,1,5,1,1,19,2,6,0,1,0,2,2,0,10,8,5,3,3
2021.0,80.0,0.0,0.0,3,4,0,0,0,0,0,5,1,1,0,1,9,1,1,20,2,6,0,0,0,1,1,0,10,4,5,9,9
2021.0,85.0,2.0,0.0,2,5,1,0,0,3,0,1,1,1,3,0,1,1,1,21,2,6,0,0,0,2,2,0,6,5,5,7,7
2021.0,-82.0,0.0,0.0,3,5,0,0,0,0,1,1,1,1,1,1,2,1,1,0,3,6,0,0,0,2,1,0,0,5,5,6,1
2021.0,196.0,0.0,0.0,3,6,3,0,0,0,0,1,1,1,1,1,1,1,1,16,3,6,0,1,0,1,1,0,6,9,5,6,3
2021.0,-146.0,0.0,0.0,3,6,3,0,0,0,1,2,1,1,0,1,2,1,1,16,3,6,0,1,0,1,1,0,10,5,5,3,3
2021.0,491.0,1.0,0.0,3,2,3,0,0,0,0,5,1,1,0,1,1,1,1,16,3,6,0,1,0,2,1,0,0,2,5,3,9
2021.0,0.0,0.0,0.0,3,4,0,0,0,0,1,9,1,1,0,0,1,1,1,19,3,6,0,1,0,1,2,0,4,2,5,3,9
2021.0,-136.0,0.0,0.0,3,6,3,0,0,0,0,9,1,1,0,1,9,1,1,16,4,6,0,1,0,2,1,0,10,7,5,8,3
2021.0,-67.0,1.0,0.0,3,10,3,0,0,0,1,1,1,1,0,0,1,1,1,16,4,6,0,1,0,0,0,0,10,7,5,3,2
2021.0,-238.0,0.0,0.0,3,6,3,0,0,0,1,5,1,1,0,1,5,1,1,16,4,6,0,1,0,2,1,0,6,8,5,8,3
2021.0,60.0,1.0,0.0,3,6,4,0,0,0,0,9,1,1,0,1,9,1,1,19,4,6,0,1,0,1,2,0,6,5,5,6,3
2021.0,-150.0,1.0,0.0,3,6,0,0,0,0,1,2,0,1,0,0,2,1,1,20,4,6,0,0,0,1,2,0,10,7,5,8,3
2021.0,287.0,0.0,0.0,3,9,3,0,0,0,2,1,1,1,1,1,9,1,1,21,4,6,0,0,0,3,1,0,6,5,5,6,5
2021.0,-15.0,0.0,0.0,3,10,0,0,0,0,0,9,1,1,0,1,9,1,1,21,4,6,0,0,0,2,1,0,6,9,5,3,3
2021.0,0.0,0.0,0.0,3,4,0,0,0,0,0,1,1,1,0,1,9,1,1,22,4,6,0,0,0,1,2,0,5,2,5,3,9
2021.0,-250.0,1.0,0.0,2,5,3,0,0,3,1,2,1,1,0,0,9,1,1,22,4,6,0,0,0,1,1,0,6,6,5,3,7
2021.0,0.0,1.0,0.0,2,4,0,0,0,0,1,1,1,1,0,1,2,1,1,23,4,6,0,0,0,1,1,0,4,4,5,3,9
2021.0,0.0,0.0,0.0,3,6,0,0,0,0,0,1,1,1,0,1,1,1,1,23,4,6,0,0,0,1,1,0,10,7,5,3,3
2021.0,-52.0,0.0,0.0,3,6,0,0,0,0,1,5,1,1,0,0,5,1,1,0,5,6,1,0,0,2,2,0,10,7,5,3,3
2021.0,-300.0,0.0,0.0,3,6,0,0,0,0,1,5,0,1,0,0,5,1,1,3,5,6,1,0,0,1,1,0,6,8,5,9,3
2021.0,0.0,1.0,0.0,2,4,3,0,0,0,0,9,1,1,0,0,2,1,1,8,5,6,1,1,0,1,2,0,5,4,5,3,9
2021.0,85.0,1.0,0.0,3,5,3,0,0,0,2,9,1,1,3,0,5,1,1,13,5,6,1,0,0,3,2,0,0,5,5,7,9
2021.0,-200.0,0.0,0.0,3,6,3,0,0,0,2,2,1,1,0,0,2,1,1,13,5,6,1,0,0,3,1,0,6,7,5,3,3
2021.0,-250.0,2.0,0.0,3,6,3,0,0,0,0,5,1,1,0,0,5,1,1,14,5,6,1,0,0,0,1,0,6,7,5,3,3
2021.0,-90.0,0.0,0.0,3,10,0,0,0,0,0,2,1,0,0,1,2,1,1,21,5,6,1,0,0,1,1,0,6,9,5,3,2
2021.0,0.0,0.0,0.0,3,4,0,0,0,0,2,2,1,1,0,0,5,1,1,23,5,6,1,0,0,3,0,0,4,2,5,3,9
2021.0,-90.0,0.0,0.0,3,5,0,0,0,0,0,2,1,1,1,1,5,1,1,0,6,6,1,0,0,1,1,0,10,7,5,6,3
2021.0,0.0,0.0,0.0,3,5,3,0,0,0,1,9,1,1,0,1,5,1,1,9,6,6,1,1,0,0,2,0,4,2,5,9,8
2021.0,0.0,0.0,0.0,3,2,3,0,0,0,0,1,1,1,0,0,5,1,1,14,6,6,1,0,0,2,2,0,4,5,5,3,3
2021.0,25.0,2.0,0.0,2,2,3,0,0,0,0,9,1,1,0,1,1,1,1,16,6,6,1,1,0,1,1,0,10,5,5,9,3
2021.0,0.0,0.0,0.0,3,4,0,0,0,0,0,1,1,1,0,0,9,1,1,22,6,6,1,0,0,2,1,0,4,2,5,3,9
2021.0,-390.0,0.0,0.0,3,4,0,0,0,0,0,1,1,1,0,1,2,1,1,4,0,6,0,0,0,2,1,0,6,2,5,3,9
2021.0,329.0,0.0,0.0,3,10,3,0,0,0,1,1,1,1,0,0,1,1,1,6,0,6,0,0,0,2,1,0,6,9,5,3,3
2021.0,-50.0,0.0,0.0,3,6,0,0,0,0,2,1,1,1,0,1,1,1,1,21,0,6,0,0,0,3,1,0,10,7,5,8,8
2021.0,-285.0,0.0,0.0,3,6,0,0,0,0,1,5,1,1,0,1,5,1,1,22,0,6,0,0,0,1,2,0,6,7,5,8,3
2021.0,-312.0,0.0,0.0,3,3,3,0,0,0,1,5,1,1,1,1,2,1,1,10,1,6,0,0,0,2,1,0,6,7,5,6,3
2021.0,0.0,2.0,0.0,3,2,3,0,0,0,1,2,1,1,0,0,1,1,1,13,1,6,0,0,0,0,2,0,5,2,5,3,9
2021.0,200.0,0.0,0.0,3,4,3,0,0,0,0,5,1,1,0,1,9,1,1,14,1,6,0,0,0,1,1,0,0,2,5,3,9
2021.0,-537.0,1.0,0.0,3,3,3,0,0,0,1,2,0,1,0,0,9,1,1,18,1,6,0,1,0,1,1,0,0,2,5,8,9
2021.0,0.0,2.0,0.0,2,6,2,0,0,0,0,1,1,1,0,1,1,1,1,5,2,6,0,0,0,1,1,0,10,7,5,8,3
2021.0,0.0,0.0,0.0,3,4,3,4,0,0,1,3,1,1,0,1,9,1,1,8,2,6,0,1,0,0,1,0,4,2,5,3,9
2021.0,104.0,0.0,0.0,3,10,3,0,0,0,1,1,1,1,0,0,1,1,1,9,2,6,0,1,0,1,1,0,6,9,5,3,2
2021.0,-89.0,1.0,0.0,3,6,3,0,0,0,1,1,1,1,0,1,1,1,1,9,2,6,0,1,0,1,1,0,10,7,5,8,3
2021.0,0.0,0.0,0.0,3,2,3,0,0,0,1,5,1,1,0,1,5,1,1,16,2,6,0,1,0,2,1,0,4,2,5,5,3
2021.0,0.0,0.0,0.0,3,2,3,5,0,0,1,5,1,1,0,1,9,1,1,16,2,6,0,1,0,2,1,0,4,2,5,3,3
2021.0,0.0,1.0,0.0,3,2,4,1,0,0,0,9,1,1,0,1,2,1,1,19,2,6,0,1,0,2,2,0,4,2,5,9,3
2021.0,0.0,0.0,0.0,3,2,3,0,0,0,0,9,1,1,0,1,5,1,1,19,2,6,0,1,0,2,2,0,4,2,5,9,3
2021.0,0.0,0.0,0.0,3,2,3,0,0,0,2,5,1,0,0,0,9,1,1,18,3,6,0,1,0,3,2,0,5,2,5,3,9
2021.0,-75.0,0.0,0.0,3,6,3,0,0,0,1,1,1,1,0,1,1,1,1,18,3,6,0,1,0,2,2,0,10,7,5,8,3
2021.0,-240.0,1.0,0.0,3,2,0,0,0,0,0,5,1,1,0,0,9,1,1,20,3,6,0,0,0,2,2,0,0,2,5,3,9
2021.0,0.0,0.0,0.0,3,4,3,0,0,0,0,3,1,1,0,0,9,1,1,8,4,6,0,1,0,2,2,0,4,2,5,3,9
2021.0,0.0,2.0,0.0,3,2,3,0,0,0,0,2,1,1,0,1,9,1,1,13,4,6,0,0,0,2,0,0,4,2,5,3,3
2021.0,-600.0,1.0,0.0,3,6,3,0,0,0,1,9,1,1,0,1,9,1,1,14,4,6,0,0,0,1,1,0,6,8,5,8,3
2021.0,-60.0,1.0,0.0,3,6,3,0,0,0,0,2,1,1,0,0,2,1,1,17,4,6,0,1,0,0,1,0,10,7,5,8,8
2021.0,0.0,2.0,0.0,3,2,3,0,0,0,0,9,1,1,0,0,5,1,1,14,5,6,1,0,0,1,1,0,5,2,5,9,3
2021.0,0.0,0.0,0.0,3,2,3,0,0,0,1,1,1,1,0,1,1,1,1,15,5,6,1,0,0,1,1,0,10,9,5,9,2
2021.0,0.0,1.0,0.0,3,4,3,0,0,0,0,1,1,1,0,0,9,1,1,15,5,6,1,0,0,1,1,0,6,2,5,3,9
2021.0,0.0,0.0,0.0,3,4,3,0,0,0,0,2,1,1,0,1,5,1,1,16,5,6,1,1,0,1,1,0,4,2,5,3,9
2021.0,-5.0,1.0,0.0,3,2,0,0,0,0,1,5,1,1,0,1,5,1,1,20,5,6,1,0,0,2,1,0,4,4,5,3,9
2021.0,300.0,0.0,0.0,3,6,3,4,4,0,0,9,1,1,0,1,9,1,1,11,6,6,1,0,1,1,2,0,10,8,5,9,3
2021.0,-1400.0,0.0,0.0,3,4,3,0,0,0,1,9,1,1,0,1,1,1,1,11,6,6,1,0,0,2,1,0,6,4,5,3,9
2021.0,30.0,0.0,0.0,3,6,3,0,0,0,1,1,0,1,1,1,1,1,1,14,6,6,1,0,0,1,1,0,10,2,5,6,3
2021.0,0.0,2.0,0.0,3,4,3,0,0,0,1,1,1,1,0,1,9,1,1,15,6,6,1,0,0,1,1,0,6,2,5,3,9
2021.0,330.0,1.0,0.0,2,6,0,0,0,0,1,5,0,1,0,1,5,1,1,22,6,6,1,0,0,1,1,0,6,7,5,8,3
2021.0,0.0,0.0,0.0,3,2,3,0,0,0,0,6,1,1,0,1,5,1,1,8,0,6,0,1,0,1,1,0,5,2,5,3,9
2021.0,50.0,0.0,0.0,3,6,3,0,0,0,0,9,1,1,0,1,9,1,1,13,0,6,0,0,0,0,2,0,6,5,5,3,3
2021.0,175.0,0.0,0.0,3,10,3,4,3,0,2,5,1,1,0,0,5,1,1,13,0,6,0,0,0,3,2,0,10,9,5,3,3
2021.0,1179.0,1.0,0.0,1,10,3,0,0,0,1,1,1,1,0,0,1,1,1,13,0,6,0,0,0,0,1,0,6,8,5,3,2
2021.0,1182.0,0.0,0.0,3,6,3,0,0,0,1,9,1,1,0,1,9,1,1,13,0,6,0,0,0,2,1,0,6,8,5,8,3