Year,Distance,Totalinjuries,Totalfatalities,Injuryseverity,Collisionmanner,Lightcondition,Weather,SurfaceCondition,Unittype_One,Gender_Drv1,Traveldirection_One,AlcoholUse_Drv1,DrugUse_Drv1,Unittype_Two,Gender_Drv2,Traveldirection_Two,AlcoholUse_Drv2,DrugUse_Drv2,Hour,Weekday,Month,Weekend,Rush_Hour,Hazardous_Road,Age_Group_Drv1,Age_Group_Drv2,Substance_Use,Junction_Category,Violation_Category_Drv1,Violation_Category_Drv2,Unitaction_Category_Two,Unitaction_Category_One
2021.0,0.0,0.0,0.0,3,4,3,0,0,0,0,1,1,1,0,0,9,1,1,15,0,6,0,0,0,1,1,0,10,2,5,3,9
2021.0,51.0,0.0,0.0,3,6,3,0,0,0,1,5,1,1,0,1,5,1,1,17,0,6,0,1,0,1,0,0,10,8,5,8,3
2021.0,95.0,0.0,0.0,3,10,3,0,0,0,2,9,1,1,0,0,9,1,1,18,0,6,0,1,0,3,1,0,6,9,5,3,3
2021.0,0.0,0.0,0.0,3,4,0,0,0,0,1,9,1,1,0,0,5,1,1,21,0,6,0,0,0,0,2,0,5,2,5,9,3
2021.0,0.0,1.0,0.0,2,4,3,0,0,0,0,1,1,1,2,0,9,1,1,6,1,6,0,0,0,1,1,0,5,2,5,3,9
2021.0,-200.0,0.0,0.0,3,10,3,4,3,0,2,1,1,1,0,1,1,1,1,10,1,6,0,0,0,3,1,0,10,9,9,2,2
2021.0,0.0,1.0,0.0,3,2,3,0,0,0,1,1,1,1,0,0,5,1,1,11,1,6,0,0,0,2,1,0,4,5,5,3,9
2021.0,1100.0,1.0,0.0,3,6,3,1,0,0,0,5,1,1,0,0,5,1,1,13,1,6,0,0,0,2,0,0,6,7,5,8,3
2021.0,-324.0,3.0,0.0,3,2,3,1,0,0,0,2,1,1,0,1,1,1,1,16,1,6,0,1,0,2,1,0,0,2,5,3,9
2021.0,184.0,1.0,0.0,3,6,3,1,0,0,0,9,1,1,0,1,9,1,1,16,1,6,0,1,0,2,2,0,10,7,5,8,3
2021.0,100.0,0.0,0.0,3,2,4,1,0,0,0,5,1,1,0,1,9,1,1,19,1,6,0,1,0,0,1,0,6,2,5,3,9
2021.0,-30.0,0.0,0.0,3,6,0,1,0,0,1,2,1,1,0,0,2,1,1,4,2,6,0,0,0,1,2,0,10,7,5,8,3
2021.0,182.0,1.0,0.0,3,6,3,0,4,0,0,5,1,1,0,1,5,1,1,6,2,6,0,0,1,1,1,0,10,7,5,3,3
2021.0,274.0,1.0,0.0,2,3,3,3,4,0,1,2,1,1,0,1,2,1,1,10,2,6,0,0,1,1,1,0,0,7,5,8,3
2021.0,-628.0,1.0,0.0,3,4,3,1,4,0,1,2,1,1,0,1,1,1,1,11,2,6,0,0,1,1,1,0,0,2,5,3,9
2021.0,0.0,1.0,0.0,2,4,3,1,4,0,1,1,1,1,0,1,2,1,1,12,2,6,0,0,1,1,0,0,4,2,5,9,3
2021.0,217.0,2.0,0.0,2,5,3,1,0,0,0,9,1,1,1,1,1,1,1,16,2,6,0,1,0,1,1,0,6,7,5,6,3
2021.0,-65.0,0.0,0.0,3,6,0,0,0,0,1,1,1,1,0,1,1,1,1,20,2,6,0,0,0,1,2,0,10,7,5,8,3
2021.0,-175.0,1.0,0.0,2,2,0,0,0,0,0,1,0,1,0,1,2,1,1,20,2,6,0,0,0,1,0,0,0,7,5,8,5
2021.0,0.0,1.0,0.0,2,4,3,0,0,0,0,2,1,1,0,1,5,1,1,7,3,6,0,1,0,0,0,0,5,2,5,3,9
2021.0,140.0,4.0,0.0,2,6,3,0,0,0,1,5,1,1,0,1,5,1,1,8,3,6,0,1,0,1,1,0,10,8,5,8,3
2021.0,0.0,2.0,0.0,2,2,3,0,0,0,0,5,1,1,0,1,1,1,1,12,3,6,0,0,0,0,1,0,4,2,5,3,3
2021.0,0.0,2.0,0.0,3,4,3,0,0,0,1,2,1,1,0,0,5,1,1,14,3,6,0,0,0,0,2,0,4,9,5,3,9
2021.0,130.0,0.0,0.0,3,6,3,0,0,0,1,5,0,1,0,1,5,1,1,15,3,6,0,0,0,2,1,0,0,8,5,8,3
2021.0,-190.0,1.0,0.0,2,6,0,0,0,0,1,2,1,1,0,1,2,1,1,20,3,6,0,0,0,1,2,0,10,7,5,8,3
2021.0,-25.0,0.0,0.0,3,6,0,0,0,0,0,9,1,1,0,0,9,1,1,20,3,6,0,0,0,0,1,0,10,4,5,3,9
2021.0,-428.0,0.0,0.0,3,4,3,0,0,0,1,6,1,1,0,1,9,1,1,7,4,6,0,1,0,2,1,0,0,2,5,3,9
2021.0,0.0,0.0,0.0,3,4,3,0,0,0,0,1,1,1,0,1,9,1,1,12,4,6,0,0,0,1,1,0,0,2,5,9,3
2021.0,0.0,3.0,0.0,2,4,3,0,0,0,1,1,1,1,0,0,9,1,1,13,4,6,0,0,0,0,1,0,10,2,5,3,9
2021.0,-625.0,0.0,0.0,3,2,3,0,0,0,1,2,1,1,0,1,9,1,1,13,4,6,0,0,0,0,2,0,0,2,5,3,3
2021.0,-234.0,3.0,0.0,3,6,3,0,0,0,1,2,1,1,0,0,2,1,1,13,4,6,0,0,0,1,1,0,10,8,5,8,3
2021.0,0.0,5.0,0.0,2,4,3,0,0,0,1,1,1,1,0,1,9,1,1,14,4,6,0,0,0,2,1,0,4,2,5,3,9
2021.0,215.0,0.0,0.0,3,10,3,0,0,0,0,5,1,1,0,1,5,1,1,14,4,6,0,0,0,1,1,0,10,9,5,3,2
2021.0,58.0,0.0,0.0,3,10,3,0,0,0,2,5,1,1,0,0,5,1,1,16,4,6,0,1,0,3,1,0,10,4,5,9,9
2021.0,100.0,0.0,0.0,3,6,3,0,0,0,2,6,1,1,0,1,6,1,1,18,4,6,0,1,0,3,2,0,10,7,5,8,8
2021.0,40.0,2.0,0.0,3,6,0,0,0,0,1,9,1,1,0,1,2,1,1,4,5,6,1,0,0,1,1,0,10,7,5,3,3
2021.0,-150.0,2.0,0.0,3,6,3,0,0,0,0,9,1,1,0,1,9,1,1,11,5,6,1,0,0,1,1,0,10,8,5,8,3
2021.0,110.0,0.0,0.0,3,6,3,0,0,0,1,9,1,1,0,0,9,1,1,14,5,6,1,0,0,0,2,0,10,8,5,8,3
2021.0,-110.0,1.0,0.0,2,2,0,1,0,0,0,5,1,1,0,1,1,1,1,21,5,6,1,0,0,1,2,0,6,4,5,3,9
2021.0,-5.0,0.0,0.0,3,2,0,0,0,0,1,1,0,0,0,0,5,1,1,22,5,6,1,0,0,1,2,0,4,2,5,3,9
2021.0,236.0,0.0,0.0,3,2,3,0,0,0,0,1,1,1,0,1,5,1,1,10,6,6,1,0,0,2,1,0,0,2,5,3,3
2021.0,300.0,1.0,0.0,1,3,3,0,0,0,1,2,1,1,2,1,9,1,1,6,0,6,0,0,0,1,0,0,10,4,5,5,9
2021.0,30.0,1.0,0.0,2,6,3,0,0,0,1,9,1,1,0,1,9,1,1,7,0,6,0,1,0,2,1,0,10,7,5,8,3
2021.0,0.0,2.0,0.0,2,2,3,0,0,0,0,5,1,1,0,0,1,1,1,10,0,6,0,0,0,1,1,0,4,2,5,3,3
2021.0,50.0,0.0,0.0,3,10,3,0,0,0,2,5,1,1,0,1,5,1,1,13,0,6,0,0,0,3,2,0,10,9,5,8,3
2021.0,-61.0,0.0,0.0,3,10,3,0,0,0,0,2,1,1,0,1,2,1,1,13,0,6,0,0,0,2,1,0,10,9,5,8,2
2021.0,-50.0,0.0,0.0,3,10,3,0,0,0,0,2,1,1,0,0,2,1,1,19,0,6,0,1,0,1,1,0,10,9,5,3,2
2021.0,50.0,0.0,0.0,3,4,4,0,0,0,2,2,1,1,0,1,2,1,1,19,0,6,0,1,0,3,1,0,10,9,5,9,3
2021.0,0.0,0.0,0.0,3,4,3,0,0,0,2,3,1,1,0,1,5,1,1,19,0,6,0,1,0,3,1,0,5,2,5,3,9
2021.0,0.0,0.0,0.0,3,2,0,0,0,0,0,5,1,1,0,1,9,1,1,21,0,6,0,0,0,2,0,0,5,2,5,3,3
2021.0,0.0,1.0,0.0,3,2,3,0,0,0,0,9,1,1,0,1,5,1,1,15,1,6,0,0,0,2,2,0,4,2,5,9,3
2021.0,0.0,0.0,0.0,3,4,3,0,0,0,1,2,1,1,0,1,5,1,1,8,2,6,0,1,0,2,1,0,4,2,5,3,9
2021.0,127.0,0.0,0.0,3,6,3,0,0,0,1,5,1,1,0,0,5,1,1,12,2,6,0,0,0,2,2,0,10,8,5,8,3
2021.0,0.0,0.0,0.0,3,4,3,4,3,0,2,9,1,1,0,1,9,1,1,17,2,6,0,1,0,3,2,0,4,5,5,9,3
2021.0,75.0,0.0,0.0,3,6,3,0,0,0,0,1,1,1,0,1,1,1,1,9,3,7,0,1,0,2,1,0,6,7,5,8,3
2021.0,-15.0,1.0,0.0,2,5,3,0,0,2,1,9,1,1,0,1,2,1,1,12,3,7,0,0,0,1,1,0,10,5,5,3,7
2021.0,0.0,0.0,0.0,3,10,3,0,0,0,1,1,1,1,0,1,1,1,1,17,3,7,0,1,0,1,1,0,6,7,5,3,6
2021.0,-319.0,1.0,0.0,2,6,3,0,0,0,1,5,1,1,0,1,5,1,1,17,3,7,0,1,0,1,1,0,10,8,5,8,3
2021.0,830.0,1.0,0.0,1,2,0,1,0,3,1,2,0,1,0,0,9,1,1,22,3,7,0,0,0,1,2,0,6,6,5,3,7
2021.0,150.0,0.0,0.0,3,6,3,0,0,0,1,1,1,1,0,1,1,1,1,12,4,7,0,0,0,2,2,0,10,7,5,8,3
2021.0,100.0,0.0,0.0,3,6,3,0,0,0,1,5,1,1,0,0,5,1,1,12,4,7,0,0,0,1,2,0,10,5,5,3,3
2021.0,67.0,1.0,0.0,3,6,3,0,0,0,1,1,1,1,0,0,1,1,1,12,4,7,0,0,0,2,0,0,10,7,5,8,3
2021.0,0.0,0.0,0.0,3,4,3,0,0,0,1,1,1,1,0,1,9,1,1,13,4,7,0,0,0,2,1,0,5,2,5,3,9
2021.0,74.0,2.0,0.0,3,6,3,0,0,0,1,1,1,1,0,0,1,1,1,16,4,7,0,1,0,1,1,0,10,7,5,8,3
2021.0,-20.0,0.0,0.0,3,11,0,1,0,0,1,5,1,1,0,0,5,1,1,19,4,7,0,1,0,2,1,0,10,4,5,3,9
2021.0,0.0,2.0,0.0,2,4,3,1,0,0,1,1,1,1,0,1,9,1,1,8,5,7,1,1,0,0,1,0,4,2,5,3,9
2021.0,-100.0,0.0,0.0,3,6,3,1,0,0,2,2,1,1,0,1,2,1,1,9,5,7,1,1,0,3,1,0,10,8,5,8,3
2021.0,48.0,0.0,0.0,3,6,3,0,0,0,1,9,1,1,0,0,9,1,1,10,5,7,1,0,0,1,1,0,10,8,5,8,3
2021.0,0.0,1.0,0.0,2,4,3,0,0,0,1,7,1,1,0,1,1,1,1,16,5,7,1,1,0,1,1,0,4,2,5,3,9
2021.0,0.0,0.0,0.0,3,2,5,4,3,0,2,1,1,1,0,1,5,1,1,19,5,7,1,1,0,3,1,0,5,2,5,3,3
2021.0,-100.0,0.0,0.0,3,10,0,3,4,0,1,9,1,1,0,1,9,1,1,22,5,7,1,0,1,1,2,0,6,9,5,3,2
2021.0,-90.0,0.0,0.0,3,6,0,0,0,0,1,5,0,1,0,1,5,1,1,2,6,7,1,0,0,2,2,0,6,7,5,8,3
2021.0,30.0,1.0,0.0,2,6,3,0,0,0,1,9,1,1,0,1,9,1,1,12,6,7,1,0,0,0,1,0,10,7,5,8,3
2021.0,260.0,0.0,0.0,3,2,3,0,0,0,1,9,1,1,0,0,9,1,1,14,6,7,1,0,0,2,1,0,10,9,5,3,2
2021.0,20.0,0.0,0.0,3,6,3,0,4,0,1,5,1,1,0,1,1,1,1,14,6,7,1,0,1,1,1,0,10,7,5,8,3
2021.0,140.0,0.0,0.0,3,6,0,1,0,0,1,9,0,1,1,1,1,1,1,19,6,7,1,1,0,2,1,0,6,9,5,6,3
2021.0,30.0,0.0,0.0,3,6,0,0,0,0,2,9,1,1,0,0,9,1,1,19,6,7,1,1,0,3,1,0,10,8,5,8,3
2021.0,78.0,0.0,0.0,3,2,0,0,0,0,1,9,0,1,0,1,2,1,1,0,0,7,0,0,0,2,1,0,0,4,5,3,9
2021.0,0.0,0.0,0.0,3,2,0,0,0,0,0,1,1,1,0,1,5,1,1,19,0,7,0,1,0,1,1,0,4,2,5,3,3
2021.0,-65.0,0.0,0.0,3,6,0,0,0,0,1,2,1,1,0,1,2,1,1,20,0,7,0,0,0,1,2,0,10,9,5,3,2
2021.0,33.0,0.0,0.0,3,2,0,0,0,0,0,5,1,1,0,1,5,1,1,21,0,7,0,0,0,1,1,0,10,9,5,3,9
2021.0,-55.0,1.0,0.0,3,6,3,0,0,0,0,1,1,1,0,1,1,1,1,9,1,7,0,1,0,2,1,0,10,7,5,8,3
2021.0,0.0,0.0,0.0,3,4,3,0,0,0,1,5,1,1,0,0,1,1,1,10,1,7,0,0,0,2,0,0,5,5,5,9,3
2021.0,0.0,0.0,0.0,3,2,3,0,0,0,0,1,1,1,0,1,2,1,1,12,1,7,0,0,0,2,2,0,4,5,5,3,3
2021.0,390.0,1.0,0.0,3,4,3,0,0,0,1,1,1,1,0,0,9,1,1,13,1,7,0,0,0,2,1,0,0,2,5,3,9
2021.0,-515.0,3.0,0.0,3,2,0,0,0,0,1,1,1,1,0,1,5,1,1,21,1,7,0,0,0,2,1,0,0,2,5,3,9
2021.0,405.0,0.0,0.0,3,2,3,0,0,0,1,9,1,0,0,1,1,1,1,6,2,7,0,0,0,1,1,0,6,7,5,3,3
2021.0,-120.0,2.0,0.0,2,4,3,0,0,0,0,5,1,1,0,1,9,1,1,8,2,7,0,1,0,2,1,0,0,2,5,3,9
2021.0,-55.0,0.0,0.0,3,10,3,0,0,0,0,9,1,1,0,1,9,1,1,12,2,7,0,0,0,1,0,0,10,5,5,3,2
2021.0,115.0,0.0,0.0,3,6,3,0,0,0,1,9,1,1,0,1,9,1,1,13,2,7,0,0,0,1,1,0,10,8,5,8,3
2021.0,-93.0,0.0,0.0,3,6,3,0,0,0,1,1,1,1,0,1,1,1,1,19,2,7,0,1,0,0,2,0,10,7,5,3,3
2021.0,125.0,0.0,0.0,3,10,0,0,0,0,2,9,1,1,0,0,9,1,1,20,2,7,0,0,0,3,0,0,6,9,5,3,2
2021.0,0.0,2.0,0.0,2,4,0,0,0,0,0,9,1,1,0,1,1,1,1,20,2,7,0,0,0,2,1,0,4,2,5,3,9
2021.0,0.0,1.0,0.0,2,4,0,0,0,0,1,1,1,1,0,0,9,1,1,23,2,7,0,0,0,2,1,0,4,2,5,3,9
2021.0,50.0,0.0,0.0,3,6,3,0,0,0,2,9,1,1,0,0,9,1,1,8,3,7,0,1,0,3,1,0,10,7,5,8,3
2021.0,0.0,1.0,0.0,3,2,3,0,0,0,1,3,0,1,0,1,9,1,1,14,3,7,0,0,0,1,1,0,4,2,5,3,9
2021.0,-310.0,0.0,0.0,3,2,3,0,0,0,1,1,1,1,0,1,2,1,1,11,4,7,0,0,0,1,1,0,0,2,5,3,9
2021.0,301.0,0.0,0.0,3,2,3,1,0,0,1,1,1,1,0,1,5,1,1,19,4,7,0,1,0,1,1,0,6,2,5,3,5
2021.0,-190.0,0.0,0.0,3,10,3,0,0,0,1,1,1,1,1,1,1,1,1,10,5,7,1,0,0,0,1,0,6,5,5,6,3
2021.0,-300.0,0.0,0.0,3,2,3,1,0,0,0,5,1,1,0,1,9,1,1,15,5,7,1,0,0,1,1,0,6,2,5,3,9
2021.0,0.0,1.0,0.0,3,9,0,1,0,0,0,9,0,1,1,1,8,1,1,22,5,7,1,0,0,0,1,0,6,9,5,6,3
2021.0,-38.0,1.0,0.0,3,6,0,0,4,0,2,9,1,1,0,1,9,1,1,23,5,7,1,0,1,3,1,0,10,7,5,8,3
2021.0,-285.0,1.0,1.0,0,4,3,0,0,0,0,2,1,1,0,1,5,1,1,13,6,7,1,0,0,0,1,0,0,2,5,3,9
2021.0,-20.0,2.0,0.0,2,6,0,1,0,0,1,2,0,1,0,1,2,1,1,0,0,7,0,0,0,1,0,0,10,7,5,8,3
2021.0,30.0,0.0,0.0,3,6,0,0,0,0,1,5,1,1,0,1,5,1,1,3,0,7,0,0,0,1,2,0,10,7,5,8,3
2021.0,0.0,0.0,0.0,3,4,3,0,0,0,0,5,1,1,0,1,9,1,1,8,0,7,0,1,0,2,0,0,5,2,5,3,9
2021.0,-90.0,1.0,0.0,3,6,3,0,0,0,0,2,1,1,0,0,2,1,1,10,0,7,0,0,0,0,1,0,10,8,5,8,3
2021.0,230.0,0.0,0.0,3,6,3,0,0,0,0,2,1,1,0,1,2,1,1,17,0,7,0,1,0,2,1,0,6,5,5,8,3
2021.0,0.0,0.0,0.0,3,2,3,0,0,0,1,9,1,1,0,1,2,1,1,5,1,7,0,0,0,0,1,0,10,2,5,3,9
2021.0,213.0,1.0,0.0,2,4,3,0,0,0,0,2,1,1,0,1,1,1,1,16,1,7,0,1,0,2,1,0,6,2,5,3,9
2021.0,0.0,0.0,0.0,3,4,0,0,0,0,0,1,1,1,0,1,9,1,1,19,1,7,0,1,0,2,1,0,4,2,5,3,9
2021.0,446.0,0.0,0.0,3,4,3,0,0,0,1,1,1,1,0,0,5,1,1,12,2,7,0,0,0,1,1,0,6,2,5,3,9
2021.0,0.0,0.0,0.0,3,4,3,0,0,0,0,3,1,1,0,0,9,1,1,14,2,7,0,0,0,1,2,0,4,2,5,3,9
2021.0,0.0,0.0,0.0,3,4,3,0,0,0,1,2,1,1,0,1,5,1,1,15,2,7,0,0,0,1,1,0,6,2,5,3,9
2021.0,-20.0,0.0,0.0,3,2,4,0,0,0,1,5,1,1,0,0,1,1,1,18,2,7,0,1,0,1,1,0,6,5,5,9,9
2021.0,-82.0,1.0,0.0,3,2,3,0,0,0,1,2,1,1,0,0,1,1,1,8,3,7,0,1,0,1,1,0,6,2,5,3,9
2021.0,150.0,3.0,0.0,2,6,3,1,0,0,0,5,1,1,0,1,5,1,1,9,3,7,0,1,0,1,1,0,10,8,5,8,3
2021.0,-155.0,1.0,0.0,2,9,3,0,0,0,1,9,1,1,0,1,1,1,1,13,3,7,0,0,0,1,1,0,10,9,5,3,3
2021.0,0.0,1.0,0.0,1,2,4,1,0,0,1,9,0,1,0,0,2,1,1,19,3,7,0,1,0,1,0,0,4,2,5,3,3
2021.0,-85.0,2.0,0.0,2,9,3,0,0,0,1,5,1,1,0,1,2,1,1,15,4,7,0,0,0,1,2,0,10,7,5,8,3
2021.0,-390.0,1.0,0.0,2,2,3,0,0,0,1,1,1,1,0,0,5,1,1,15,5,7,1,0,0,2,0,0,0,2,5,3,9
2021.0,-50.0,0.0,0.0,3,6,0,0,0,0,1,1,0,1,0,0,1,1,1,4,6,7,1,0,0,2,1,0,10,7,5,3,3
2021.0,0.0,0.0,0.0,3,4,3,1,0,0,1,1,1,1,0,0,9,1,1,10,6,7,1,0,0,1,1,0,4,5,5,3,9
2021.0,0.0,2.0,0.0,2,4,3,0,0,0,1,9,0,0,0,1,5,1,1,11,6,7,1,0,0,1,0,0,5,2,5,3,9
2021.0,592.0,2.0,0.0,2,4,3,1,0,0,1,1,0,1,0,0,2,1,1,7,0,7,0,1,0,2,2,0,5,2,5,9,3
2021.0,-150.0,0.0,0.0,3,10,3,0,0,0,1,2,1,1,0,1,2,1,1,12,0,7,0,0,0,0,2,0,6,9,5,3,2
2021.0,0.0,0.0,0.0,3,2,3,1,0,0,0,9,1,1,0,1,5,1,1,11,2,7,0,0,0,1,0,0,4,2,5,9,3
2021.0,172.0,0.0,0.0,3,6,3,0,0,0,1,1,1,1,0,1,1,1,1,17,2,7,0,1,0,2,0,0,10,7,5,8,3
2021.0,100.0,1.0,0.0,3,4,0,1,0,0,1,1,1,1,0,0,2,1,1,21,2,7,0,0,0,1,2,0,10,7,5,3,9
2021.0,-158.0,2.0,0.0,3,6,3,0,0,0,0,5,1,1,0,0,5,1,1,7,3,7,0,1,0,1,2,0,0,8,5,8,3
2021.0,332.0,1.0,0.0,3,10,3,0,0,0,0,5,1,1,0,1,5,1,1,16,3,7,0,1,0,0,2,0,6,5,5,3,9
2021.0,0.0,1.0,0.0,3,2,0,1,4,0,0,2,1,1,0,0,9,1,1,20,3,7,0,0,1,2,1,0,4,2,5,3,3
2021.0,0.0,0.0,0.0,3,4,0,3,4,0,1,5,1,1,0,0,2,1,1,21,3,7,0,0,1,2,0,0,4,2,5,3,9
2021.0,60.0,0.0,0.0,3,10,1,1,4,0,0,5,0,1,1,1,5,1,1,23,3,7,0,0,1,1,1,0,6,7,5,6,3
2021.0,56.0,0.0,0.0,3,10,0,3,4,0,1,5,1,1,0,0,5,1,1,2,4,7,0,0,1,1,2,0,6,9,5,3,2
2021.0,0.0,0.0,0.0,3,12,3,1,4,0,1,4,1,1,0,0,1,1,1,6,4,7,0,0,1,1,2,0,4,7,5,5,9
2021.0,0.0,1.0,0.0,2,2,3,3,4,0,1,9,1,1,0,0,5,1,1,9,4,7,0,1,1,1,1,0,4,2,5,9,3
2021.0,-730.0,1.0,0.0,3,2,3,3,4,0,0,5,1,1,0,0,9,1,1,12,4,7,0,0,1,0,1,0,0,2,5,3,9
2021.0,-485.0,2.0,0.0,2,2,3,3,4,0,1,9,1,1,0,1,2,1,1,15,4,7,0,0,1,1,1,0,0,2,5,3,9
2021.0,0.0,0.0,0.0,3,4,3,3,4,0,1,2,1,1,0,1,5,1,1,16,4,7,0,1,1,2,1,0,4,2,2,3,9
2021.0,0.0,0.0,0.0,3,11,3,1,0,0,1,1,1,1,0,0,9,1,1,18,4,7,0,1,0,1,1,0,4,2,5,3,9
2021.0,-200.0,2.0,0.0,2,6,3,0,4,0,1,2,1,1,0,1,2,1,1,14,5,7,1,0,1,1,1,0,6,7,5,3,3
2021.0,300.0,0.0,0.0,3,4,5,4,0,0,1,4,1,1,0,1,1,1,1,15,5,7,1,0,0,2,2,0,0,2,5,3,9
2021.0,0.0,0.0,0.0,3,2,0,0,0,0,0,9,0,1,0,1,5,1,1,21,5,7,1,0,0,1,0,0,5,2,5,3,9
2021.0,-30.0,5.0,0.0,2,2,0,0,0,0,0,9,0,1,0,0,2,1,1,22,5,7,1,0,0,1,1,0,4,2,5,3,3
2021.0,176.0,1.0,0.0,2,10,0,0,0,0,1,9,1,1,0,1,9,1,1,19,0,7,0,1,0,0,1,0,6,9,5,3,2
2021.0,0.0,0.0,0.0,3,2,0,0,0,0,1,9,1,1,0,0,2,1,1,23,0,7,0,0,0,0,2,0,4,7,5,3,3
2021.0,15.0,1.0,0.0,2,5,3,0,0,3,1,1,1,1,0,1,5,1,1,8,1,7,0,1,0,2,1,0,10,5,5,9,7
2021.0,193.0,0.0,0.0,3,4,3,0,0,0,1,9,1,1,0,0,5,1,1,10,1,7,0,0,0,0,1,0,6,2,5,3,9
2021.0,80.0,3.0,0.0,1,6,3,0,0,0,1,5,1,1,0,1,5,1,1,10,1,7,0,0,0,1,1,0,10,7,5,8,3
2021.0,-146.0,1.0,0.0,3,4,3,0,0,0,0,5,1,1,0,1,7,1,1,11,1,7,0,0,0,1,2,0,10,2,5,9,9
2021.0,2500.0,3.0,0.0,2,2,3,0,0,0,1,5,1,1,0,0,1,1,1,12,1,7,0,0,0,1,1,0,4,2,5,3,3
2021.0,-445.0,1.0,0.0,3,6,3,0,0,0,0,5,1,1,0,1,5,1,1,16,1,7,0,1,0,2,2,0,10,7,5,8,3
2021.0,22.0,1.0,0.0,3,6,3,0,0,0,1,5,0,1,0,1,5,1,1,18,1,7,0,1,0,1,1,0,10,7,5,8,3
2021.0,0.0,1.0,0.0,3,2,0,0,0,0,1,9,0,1,0,0,5,1,1,22,1,7,0,0,0,1,2,0,4,7,5,9,3
2021.0,-75.0,0.0,0.0,3,10,3,0,0,0,1,8,1,1,0,0,9,1,1,7,2,7,0,1,0,1,1,0,10,5,5,9,5
2021.0,112.0,0.0,0.0,3,10,3,0,0,0,2,5,1,1,0,1,5,1,1,11,2,7,0,0,0,3,1,0,10,9,5,3,3
2021.0,180.0,0.0,0.0,3,2,3,0,0,0,1,9,1,1,0,1,9,1,1,11,2,7,0,0,0,2,2,0,6,7,5,2,3
2021.0,100.0,0.0,0.0,3,6,3,0,0,0,1,1,1,1,0,1,1,1,1,13,2,7,0,0,0,1,1,0,10,7,5,8,3
2021.0,200.0,3.0,0.0,3,6,3,0,0,0,1,1,1,1,0,1,1,1,1,14,2,7,0,0,0,1,1,0,6,8,5,8,3
2021.0,-22.0,0.0,0.0,3,6,3,0,0,0,0,1,1,1,0,1,1,1,1,16,2,7,0,1,0,1,1,0,10,7,5,8,3
2021.0,-255.0,0.0,0.0,3,2,0,0,0,0,0,5,1,1,0,1,5,1,1,20,2,7,0,0,0,0,1,0,6,4,5,3,9
2021.0,-53.0,0.0,0.0,3,2,0,0,0,0,1,2,1,1,0,0,2,1,1,21,2,7,0,0,0,1,1,0,10,7,5,3,9
2021.0,0.0,2.0,0.0,2,2,3,1,0,0,1,9,1,1,0,1,2,1,1,11,3,7,0,0,0,2,1,0,4,2,5,3,9
2021.0,139.0,0.0,0.0,3,6,3,1,0,0,1,9,1,1,0,0,9,1,1,16,3,7,0,1,0,2,1,0,10,8,5,8,3
2021.0,0.0,0.0,0.0,3,4,3,1,0,0,1,3,1,1,0,0,9,1,1,17,3,7,0,1,0,1,1,0,4,2,5,3,9
2021.0,550.0,0.0,0.0,3,6,4,1,0,0,0,5,1,1,0,1,5,1,1,18,3,7,0,1,0,2,1,0,6,5,5,8,8
2021.0,350.0,0.0,0.0,3,9,0,0,3,0,1,3,1,1,1,1,9,1,1,3,4,7,0,0,0,2,1,0,6,5,5,6,5
2021.0,-184.0,1.0,0.0,2,2,3,0,0,2,1,2,1,1,0,1,1,1,1,9,4,7,0,1,0,1,2,0,6,5,5,9,3
2021.0,300.0,2.0,0.0,3,2,3,0,0,0,1,8,1,1,0,0,1,1,1,9,4,7,0,1,0,1,1,0,0,2,5,3,9
2021.0,0.0,0.0,0.0,3,4,3,0,0,0,0,2,1,1,0,0,5,1,1,16,4,7,0,1,0,1,2,0,4,2,5,3,9
2021.0,424.0,3.0,0.0,3,4,3,0,0,0,1,2,1,1,0,0,5,1,1,16,4,7,0,1,0,2,1,0,0,2,5,3,9
2021.0,-20.0,1.0,0.0,2,6,3,0,0,0,1,1,1,1,0,1,1,1,1,18,4,7,0,1,0,2,1,0,5,7,5,9,2
2021.0,-200.0,0.0,0.0,3,10,0,0,0,0,0,1,1,1,0,1,1,1,1,21,4,7,0,0,0,1,2,0,6,9,5,8,2
2021.0,0.0,1.0,0.0,3,2,0,3,4,2,1,5,1,0,0,1,1,1,1,22,4,7,0,0,1,1,2,0,4,2,5,3,3
2021.0,533.0,2.0,0.0,3,4,3,1,0,0,1,5,1,1,0,0,2,1,1,10,5,7,1,0,0,0,1,0,0,5,5,3,9
2021.0,805.0,0.0,0.0,3,2,3,0,0,0,1,9,1,1,0,1,5,1,1,10,5,7,1,0,0,2,2,0,10,9,7,3,3
2021.0,90.0,0.0,0.0,3,6,0,0,0,0,1,5,0,1,0,0,5,1,1,21,5,7,1,0,0,2,0,0,10,8,5,8,3
2021.0,-20.0,0.0,0.0,3,6,0,0,0,0,1,2,0,1,0,1,2,1,1,23,5,7,1,0,0,2,2,0,10,7,5,8,3
2021.0,150.0,0.0,0.0,3,11,0,0,0,0,0,9,1,1,0,1,1,1,1,0,6,8,1,0,0,2,1,0,6,2,5,3,9
2021.0,0.0,1.0,0.0,3,2,0,0,0,0,1,9,1,1,0,1,2,1,1,1,6,8,1,0,0,2,2,0,4,7,5,3,3
2021.0,200.0,0.0,0.0,3,10,3,0,0,0,0,2,1,1,0,0,2,1,1,14,6,8,1,0,0,1,1,0,6,9,9,3,2