Year,Distance,Totalinjuries,Totalfatalities,Injuryseverity,Collisionmanner,Lightcondition,Weather,SurfaceCondition,Unittype_One,Gender_Drv1,Traveldirection_One,AlcoholUse_Drv1,DrugUse_Drv1,Unittype_Two,Gender_Drv2,Traveldirection_Two,AlcoholUse_Drv2,DrugUse_Drv2,Hour,Weekday,Month,Weekend,Rush_Hour,Hazardous_Road,Age_Group_Drv1,Age_Group_Drv2,Substance_Use,Junction_Category,Violation_Category_Drv1,Violation_Category_Drv2,Unitaction_Category_Two,Unitaction_Category_One
2021.0,-156.0,1.0,0.0,3,2,3,0,0,0,0,1,1,1,0,0,5,1,1,16,6,8,1,1,0,2,1,0,0,2,5,3,9
2021.0,0.0,0.0,0.0,3,2,3,0,0,0,1,9,1,1,0,1,1,1,1,17,6,8,1,1,0,2,1,0,4,2,5,3,9
2021.0,-83.0,1.0,0.0,3,6,3,0,0,0,0,5,1,1,0,1,5,1,1,12,0,8,0,0,0,2,1,0,10,8,5,8,3
2021.0,0.0,2.0,0.0,2,2,3,0,0,0,0,5,1,1,0,1,1,1,1,14,0,8,0,0,0,1,1,0,5,2,5,3,9
2021.0,-240.0,1.0,0.0,3,2,3,0,0,0,1,5,1,1,0,1,9,1,1,16,0,8,0,1,0,1,2,0,0,2,5,3,9
2021.0,0.0,1.0,0.0,3,2,3,0,0,0,1,1,1,1,0,1,2,1,1,17,0,8,0,1,0,1,1,0,4,2,5,3,3
2021.0,0.0,0.0,0.0,3,6,3,0,0,0,0,9,1,1,0,0,9,1,1,17,0,8,0,1,0,2,1,0,10,8,5,3,3
2021.0,-35.0,0.0,0.0,3,6,3,0,0,0,0,2,1,1,0,1,2,1,1,8,1,8,0,1,0,2,0,0,10,8,5,8,3
2021.0,586.0,2.0,0.0,2,3,3,0,0,0,0,5,1,1,0,1,2,1,1,12,1,8,0,0,0,1,2,0,6,9,5,3,3
2021.0,-15.0,1.0,0.0,2,5,3,0,0,2,1,2,1,1,0,0,1,1,1,13,1,8,0,0,0,0,2,0,10,5,5,9,3
2021.0,70.0,1.0,0.0,3,6,3,0,0,0,1,9,1,1,0,1,9,1,1,16,1,8,0,1,0,1,1,0,10,8,5,8,3
2021.0,0.0,0.0,0.0,3,4,3,0,0,0,1,1,1,1,0,1,9,1,1,6,2,8,0,0,0,1,1,0,4,5,5,3,9
2021.0,-229.0,1.0,0.0,3,6,3,0,0,0,1,5,1,1,0,1,5,1,1,6,2,8,0,0,0,1,1,0,10,8,5,8,3
2021.0,0.0,0.0,0.0,3,2,3,0,0,0,1,2,1,1,0,1,2,1,1,7,2,8,0,1,0,1,1,0,5,9,5,9,1
2021.0,-156.0,0.0,0.0,3,10,3,0,0,0,0,2,1,1,0,0,2,1,1,11,2,8,0,0,0,2,2,0,4,5,5,9,3
2021.0,84.0,1.0,0.0,3,10,3,0,0,0,1,5,1,1,0,0,5,1,1,12,2,8,0,0,0,1,0,0,10,5,5,3,3
2021.0,-866.0,1.0,0.0,2,6,3,0,0,0,2,2,1,1,0,1,2,1,1,12,2,8,0,0,0,3,1,0,10,7,5,8,3
2021.0,240.0,3.0,0.0,3,6,3,0,0,0,0,9,1,1,0,0,9,1,1,17,2,8,0,1,0,0,2,0,10,7,5,8,3
2021.0,350.0,0.0,0.0,3,2,3,0,0,0,1,2,0,1,0,0,1,1,1,18,2,8,0,1,0,2,2,0,0,2,5,3,9
2021.0,0.0,2.0,0.0,3,4,3,0,0,0,1,2,1,1,0,0,5,1,1,19,2,8,0,1,0,1,1,0,4,7,5,9,3
2021.0,0.0,1.0,0.0,2,2,0,0,0,0,1,5,1,1,0,1,1,1,1,21,2,8,0,0,0,2,2,0,5,2,5,3,3
2021.0,-200.0,1.0,0.0,2,5,0,0,0,0,2,1,1,1,2,1,1,1,1,22,2,8,0,0,0,3,1,0,6,9,5,3,5
2021.0,0.0,1.0,0.0,3,4,3,0,0,0,0,2,1,1,0,1,9,1,1,11,3,8,0,0,0,1,1,0,5,2,5,9,3
2021.0,136.0,0.0,0.0,3,6,3,0,0,0,1,1,1,1,0,0,1,1,1,14,3,8,0,0,0,1,1,0,10,8,5,8,3
2021.0,-350.0,0.0,0.0,3,10,3,0,0,0,1,1,1,1,0,0,1,1,1,14,3,8,0,0,0,1,1,0,6,5,5,3,2
2021.0,-675.0,2.0,0.0,3,2,3,0,0,0,1,9,1,1,0,0,5,1,1,15,3,8,0,0,0,2,1,0,0,5,5,3,9
2021.0,0.0,0.0,0.0,3,2,3,0,0,0,0,1,1,1,0,0,5,1,1,15,3,8,0,0,0,0,1,0,5,2,5,3,3
2021.0,-425.0,2.0,0.0,3,2,3,0,0,0,1,5,1,1,0,0,9,1,1,15,3,8,0,0,0,1,1,0,0,2,5,3,9
2021.0,-305.0,2.0,0.0,3,6,3,0,0,0,0,1,1,1,0,0,1,1,1,15,3,8,0,0,0,2,2,0,10,7,5,8,3
2021.0,0.0,2.0,0.0,2,4,3,0,0,0,0,5,1,1,0,1,2,1,1,16,4,8,0,1,0,2,1,0,4,2,5,3,9
2021.0,-56.0,0.0,0.0,3,6,3,0,0,0,1,5,1,1,0,0,5,1,1,16,4,8,0,1,0,1,1,0,6,7,5,3,3
2021.0,320.0,0.0,0.0,3,4,0,0,0,0,0,9,1,1,0,0,1,1,1,20,4,8,0,0,0,2,1,0,0,2,5,3,9
2021.0,209.0,0.0,0.0,3,10,1,0,0,0,0,9,0,1,1,1,8,1,1,21,4,8,0,0,0,1,1,0,8,7,5,6,3
2021.0,-156.0,0.0,0.0,3,6,0,0,0,0,1,1,1,1,0,1,1,1,1,22,4,8,0,0,0,2,1,0,6,7,5,8,3
2021.0,50.0,2.0,0.0,3,6,0,0,0,0,1,1,1,0,0,0,1,1,1,22,4,8,0,0,0,1,1,0,6,7,5,8,3
2021.0,0.0,1.0,0.0,3,4,0,0,0,0,1,5,1,1,3,1,9,1,1,2,5,8,1,0,0,1,1,0,5,2,5,7,9
2021.0,0.0,1.0,0.0,2,4,3,0,0,0,1,9,1,1,0,1,1,1,1,12,5,8,1,0,0,1,1,0,5,2,5,3,9
2021.0,-480.0,0.0,0.0,3,4,3,0,0,0,1,5,1,1,0,1,2,1,1,13,5,8,1,0,0,1,1,0,6,2,5,3,9
2021.0,0.0,0.0,0.0,3,4,3,0,0,0,1,1,1,1,0,0,5,1,1,13,5,8,1,0,0,2,2,0,4,2,5,3,9
2021.0,405.0,2.0,0.0,3,6,3,0,0,0,1,2,1,1,0,1,2,1,1,14,5,8,1,0,0,1,1,0,6,7,5,3,3
2021.0,94.0,2.0,0.0,3,6,3,0,0,0,0,2,1,1,0,1,2,1,1,17,5,8,1,1,0,2,2,0,6,7,5,8,3
2021.0,0.0,1.0,0.0,2,4,0,0,0,0,0,1,1,1,0,0,9,1,1,20,5,8,1,0,0,1,0,0,4,4,5,3,9
2021.0,580.0,0.0,0.0,3,10,0,0,0,0,0,2,0,1,0,1,2,1,1,0,6,8,1,0,0,2,1,0,6,9,5,3,2
2021.0,-135.0,0.0,0.0,3,6,3,0,0,0,0,9,1,1,0,0,9,1,1,13,6,8,1,0,0,2,2,0,6,7,5,8,3
2021.0,0.0,1.0,0.0,3,4,3,0,0,0,0,2,1,1,0,1,5,1,1,15,6,8,1,0,0,1,1,0,6,4,5,3,9
2021.0,-60.0,0.0,0.0,3,2,3,0,0,0,2,9,1,1,0,0,2,1,1,17,6,8,1,1,0,3,1,0,6,2,5,3,5
2021.0,-36.0,0.0,0.0,3,11,3,0,0,0,1,9,1,1,0,0,5,1,1,18,6,8,1,1,0,1,1,0,10,4,5,3,9
2021.0,100.0,0.0,0.0,3,4,4,4,3,0,1,9,1,1,0,1,1,1,1,19,6,8,1,1,0,3,1,0,6,5,5,9,5
2021.0,0.0,2.0,0.0,2,5,3,0,0,0,1,3,1,1,0,0,1,1,1,20,6,8,1,0,0,0,2,0,6,2,5,3,9
2021.0,-75.0,0.0,0.0,3,6,0,0,0,0,0,2,1,1,0,0,2,1,1,21,6,8,1,0,0,2,2,0,10,7,5,8,3
2021.0,-82.0,0.0,0.0,3,6,3,1,0,0,1,1,1,1,0,0,1,1,1,10,0,8,0,0,0,1,2,0,10,8,5,8,3
2021.0,-230.0,0.0,0.0,3,5,3,1,0,0,1,9,1,1,0,1,5,1,1,10,0,8,0,0,0,1,1,0,6,5,5,8,1
2021.0,0.0,1.0,0.0,2,5,3,0,0,2,1,5,1,1,0,1,9,1,1,10,0,8,0,0,0,0,2,0,4,5,5,9,3
2021.0,-149.0,0.0,0.0,3,10,3,0,0,0,1,9,1,1,0,1,9,1,1,13,0,8,0,0,0,3,0,0,10,9,5,3,3
2021.0,26.0,1.0,0.0,2,2,3,1,0,2,0,5,1,1,0,1,9,1,1,15,0,8,0,0,0,2,0,0,10,5,5,9,7
2021.0,-40.0,0.0,0.0,3,6,3,0,0,0,0,1,1,1,0,0,1,1,1,16,0,8,0,1,0,0,1,0,10,7,5,3,3
2021.0,0.0,2.0,0.0,3,2,5,4,0,0,1,2,1,1,0,0,1,1,1,17,0,8,0,1,0,2,1,0,5,2,5,3,9
2021.0,-200.0,1.0,0.0,3,10,0,0,0,0,0,1,1,1,1,1,1,1,1,19,0,8,0,1,0,2,2,0,6,7,5,6,3
2021.0,0.0,2.0,0.0,2,2,3,1,0,0,0,2,1,1,0,0,5,1,1,12,1,8,0,0,0,2,0,0,5,2,5,3,9
2021.0,0.0,0.0,0.0,3,4,3,1,0,0,1,1,1,1,0,1,9,1,1,14,1,8,0,0,0,3,1,0,4,2,5,9,3
2021.0,0.0,3.0,0.0,2,2,3,0,0,0,0,9,1,1,0,0,5,1,1,17,1,8,0,1,0,2,1,0,4,2,5,9,3
2021.0,105.0,0.0,0.0,3,4,3,0,0,0,1,2,1,1,0,0,1,1,1,17,1,8,0,1,0,2,1,0,6,2,5,3,9
2021.0,-167.0,0.0,0.0,3,2,0,0,0,0,0,4,1,1,0,1,5,1,1,22,1,8,0,0,0,2,2,0,10,2,5,3,9
2021.0,225.0,1.0,0.0,2,5,3,0,0,0,0,2,1,1,3,1,9,1,1,9,2,8,0,1,0,1,0,0,0,2,5,7,9
2021.0,212.0,3.0,0.0,1,6,3,0,0,0,2,5,1,1,0,1,9,1,1,10,2,8,0,0,0,3,1,0,6,2,8,0,9
2021.0,42.0,0.0,0.0,3,10,3,0,0,0,1,1,1,1,0,0,1,1,1,14,2,8,0,0,0,0,1,0,6,9,5,3,2
2021.0,-50.0,0.0,0.0,3,6,3,0,0,0,1,9,1,1,0,0,9,1,1,15,2,8,0,0,0,2,1,0,10,7,5,8,3
2021.0,-1335.0,0.0,0.0,3,6,3,0,0,0,0,5,1,1,0,0,5,1,1,17,2,8,0,1,0,2,1,0,6,8,5,8,3
2021.0,-250.0,0.0,0.0,3,4,3,0,0,0,1,5,1,1,0,0,1,1,1,17,2,8,0,1,0,1,1,0,6,2,5,3,9
2021.0,-150.0,0.0,0.0,3,4,3,1,0,0,0,5,1,1,0,1,9,1,1,18,2,8,0,1,0,1,1,0,0,2,5,3,9
2021.0,0.0,4.0,0.0,3,4,0,0,0,0,1,5,1,1,0,1,2,1,1,20,2,8,0,0,0,1,1,0,4,2,5,3,9
2021.0,0.0,0.0,0.0,3,4,0,0,0,0,1,9,1,1,0,1,1,1,1,20,2,8,0,0,0,2,1,0,4,2,5,9,3
2021.0,-576.0,0.0,0.0,3,9,0,0,0,0,2,9,1,1,1,1,1,1,1,5,3,8,0,0,0,3,1,0,6,5,5,6,3
2021.0,0.0,0.0,0.0,3,2,3,0,0,0,1,1,1,1,0,1,2,1,1,10,3,8,0,0,0,2,2,0,4,2,5,3,3
2021.0,209.0,0.0,0.0,3,6,3,1,0,0,1,2,1,1,0,0,5,1,1,11,3,8,0,0,0,1,1,0,10,5,5,2,1
2021.0,-352.0,1.0,0.0,3,6,3,0,0,0,0,5,1,1,0,0,5,1,1,13,3,8,0,0,0,1,1,0,6,8,5,9,3
2021.0,-304.0,0.0,0.0,3,4,3,1,0,0,1,2,1,1,0,1,5,1,1,15,3,8,0,0,0,1,1,0,6,2,5,3,9
2021.0,-186.0,1.0,0.0,3,6,3,0,0,0,0,2,1,1,0,1,2,1,1,17,3,8,0,1,0,2,2,0,10,8,5,8,3
2021.0,-600.0,0.0,0.0,3,6,0,0,0,0,1,2,1,1,0,1,2,1,1,20,3,8,0,0,0,1,2,0,6,7,5,8,3
2021.0,-210.0,0.0,1.0,0,5,0,0,0,0,2,5,1,1,3,1,8,0,1,5,4,8,0,0,0,3,1,0,6,5,5,7,3
2021.0,450.0,0.0,0.0,3,2,3,1,0,0,0,5,1,1,0,0,9,1,1,9,4,8,0,1,0,1,1,0,0,2,5,3,9
2021.0,-110.0,0.0,0.0,3,6,3,0,0,0,0,2,1,1,0,1,2,1,1,12,4,8,0,0,0,2,1,0,10,7,5,8,3
2021.0,360.0,1.0,0.0,2,10,3,0,0,0,1,1,1,1,0,1,1,1,1,13,4,8,0,0,0,0,1,0,6,9,5,3,0
2021.0,54.0,3.0,0.0,3,6,3,0,0,0,1,9,1,0,0,0,9,1,1,17,4,8,0,1,0,1,2,0,10,7,5,8,3
2021.0,35.0,2.0,0.0,3,6,0,3,4,0,0,6,0,1,0,0,6,1,1,0,5,8,1,0,1,1,1,0,4,7,5,9,9
2021.0,-200.0,0.0,0.0,3,10,0,3,0,0,0,1,1,1,0,0,1,1,1,4,5,8,1,0,0,1,1,0,10,5,5,3,3
2021.0,412.0,0.0,0.0,3,2,3,0,0,0,1,6,1,1,0,1,1,1,1,10,5,8,1,0,0,1,1,0,6,5,5,3,2
2021.0,-111.0,0.0,0.0,3,2,3,0,0,0,1,5,1,1,0,0,9,1,1,15,5,8,1,0,0,2,1,0,0,2,5,3,9
2021.0,0.0,1.0,0.0,3,5,3,4,0,0,1,9,1,1,0,1,1,1,1,15,5,8,1,0,0,2,2,0,6,2,5,3,9
2021.0,0.0,2.0,0.0,3,2,3,0,0,0,0,1,1,1,0,0,2,1,1,16,5,8,1,1,0,1,1,0,4,2,5,3,3
2021.0,125.0,1.0,0.0,2,3,3,0,4,0,1,2,0,0,0,1,5,1,1,20,5,8,1,0,1,1,2,0,6,5,5,3,3
2021.0,100.0,0.0,0.0,3,2,0,0,0,0,0,9,1,1,0,0,1,1,1,22,5,8,1,0,0,2,2,0,6,2,5,9,9
2021.0,40.0,1.0,0.0,2,5,3,0,0,0,0,5,1,1,2,1,5,1,1,8,6,8,1,1,0,0,1,0,10,9,5,3,9
2021.0,0.0,1.0,0.0,2,2,3,0,0,0,1,9,1,1,0,1,5,1,1,9,6,8,1,1,0,1,2,0,5,2,5,9,3
2021.0,-30.0,0.0,0.0,3,6,3,0,0,0,2,2,1,1,0,0,2,1,1,9,6,8,1,1,0,3,1,0,6,5,5,3,8
2021.0,200.0,0.0,0.0,3,10,3,1,0,0,0,5,1,1,0,0,5,1,1,10,6,8,1,0,0,2,0,0,10,5,5,5,5
2021.0,407.0,1.0,0.0,3,6,3,0,0,0,0,5,1,1,0,1,5,1,1,12,6,8,1,0,0,1,1,0,6,7,5,8,3
2021.0,-67.0,0.0,0.0,3,6,3,0,0,0,0,2,1,1,0,0,2,1,1,12,6,8,1,0,0,2,2,0,10,7,5,8,3
2021.0,125.0,2.0,0.0,3,6,3,1,0,0,1,9,1,1,0,1,9,1,1,12,6,8,1,0,0,2,1,0,10,8,5,8,3
2021.0,-25.0,0.0,0.0,3,2,3,0,0,0,1,9,1,1,0,1,5,1,1,17,6,8,1,1,0,2,2,0,4,2,5,3,3
2021.0,0.0,2.0,0.0,2,9,0,3,4,0,2,1,1,1,0,1,9,1,1,21,6,8,1,0,1,3,1,0,10,9,5,9,3
2021.0,0.0,2.0,0.0,2,5,3,1,0,0,0,1,1,1,3,0,9,1,1,7,0,8,0,1,0,1,2,0,10,2,5,7,9
2021.0,0.0,2.0,0.0,2,4,3,0,0,0,1,9,1,1,0,1,1,1,1,11,0,8,0,0,0,2,1,0,4,2,5,3,9
2021.0,138.0,1.0,0.0,2,10,3,0,0,0,1,1,1,1,0,1,1,1,1,12,0,8,0,0,0,0,2,0,6,9,5,3,2
2021.0,193.0,0.0,0.0,3,2,3,0,0,0,1,1,1,1,0,1,5,1,1,14,0,8,0,0,0,1,2,0,0,2,5,3,9
2021.0,0.0,0.0,0.0,3,4,3,1,0,0,0,9,1,1,0,0,1,1,1,14,0,8,0,0,0,2,1,0,4,2,5,3,9
2021.0,488.0,5.0,0.0,3,10,3,0,0,0,1,9,1,1,0,0,9,1,1,15,0,8,0,0,0,1,2,0,6,9,5,3,2
2021.0,0.0,2.0,0.0,1,4,3,1,0,0,0,3,1,1,0,1,9,1,1,15,0,8,0,0,0,2,1,0,4,2,5,3,9
2021.0,-232.0,1.0,0.0,2,4,3,1,0,0,0,9,1,1,0,1,2,1,1,15,0,8,0,0,0,2,1,0,10,2,5,3,9
2021.0,-425.0,0.0,0.0,3,6,5,4,3,0,2,1,1,1,0,0,1,1,1,16,0,8,0,1,0,3,2,0,6,8,5,8,3
2021.0,0.0,1.0,0.0,2,2,0,0,0,0,0,2,1,1,0,1,9,1,1,21,0,8,0,0,0,1,1,0,4,2,5,3,3
2021.0,-150.0,1.0,0.0,3,10,3,0,0,0,0,9,1,1,0,1,9,1,1,11,1,8,0,0,0,1,1,0,6,5,5,3,3
2021.0,98.0,1.0,0.0,2,10,3,0,0,0,1,1,1,1,0,0,1,1,1,13,1,8,0,0,0,1,1,0,0,4,5,3,9
2021.0,-86.0,0.0,0.0,3,4,3,0,0,0,1,5,1,1,0,1,2,1,1,14,1,8,0,0,0,1,1,0,6,5,4,9,3
2021.0,62.0,0.0,0.0,3,10,3,0,0,0,1,1,1,1,0,1,1,1,1,15,1,8,0,0,0,2,2,0,0,4,5,3,9
2021.0,286.0,0.0,0.0,3,10,3,1,0,0,1,9,1,1,0,0,9,1,1,15,1,8,0,0,0,1,1,0,6,9,5,3,2
2021.0,200.0,1.0,0.0,3,6,3,0,0,0,1,9,1,1,0,1,9,1,1,15,1,8,0,0,0,2,1,0,10,8,5,8,3
2021.0,-80.0,0.0,0.0,3,2,3,1,0,0,1,1,1,1,0,0,2,1,1,15,1,8,0,0,0,2,1,0,6,4,5,3,9
2021.0,25.0,0.0,0.0,3,6,3,0,0,0,0,5,1,1,0,0,5,1,1,15,1,8,0,0,0,1,1,0,10,7,5,8,3
2021.0,-246.0,0.0,0.0,3,10,3,0,0,0,0,2,1,1,0,1,2,1,1,16,1,8,0,1,0,0,2,0,10,9,5,3,2
2021.0,-180.0,1.0,0.0,2,6,3,0,0,0,0,1,1,1,0,0,1,1,1,16,1,8,0,1,0,2,1,0,6,8,5,8,3
2021.0,0.0,1.0,0.0,2,2,3,0,0,0,1,5,1,1,0,1,9,1,1,16,1,8,0,1,0,2,1,0,4,2,5,3,9
2021.0,-150.0,1.0,0.0,3,4,3,0,0,0,1,9,1,1,0,0,1,1,1,16,1,8,0,1,0,1,2,0,6,2,5,3,9
2021.0,0.0,2.0,0.0,2,2,3,0,0,0,1,9,1,1,0,1,5,1,1,17,1,8,0,1,0,2,1,0,4,2,5,3,3
2021.0,0.0,2.0,0.0,3,4,3,0,0,0,1,2,1,1,0,1,5,1,1,17,1,8,0,1,0,0,2,0,4,2,7,3,9
2021.0,-100.0,0.0,0.0,3,10,0,0,0,0,1,1,1,1,0,1,1,1,1,22,1,8,0,0,0,1,1,0,6,9,5,3,2
2021.0,-15.0,1.0,0.0,3,3,0,3,4,0,1,9,0,1,0,1,1,1,1,0,2,8,0,0,1,1,0,0,10,4,5,8,9
2021.0,0.0,0.0,0.0,3,4,3,0,0,0,1,9,1,1,0,1,5,1,1,7,2,8,0,1,0,2,1,0,5,2,5,9,3
2021.0,-150.0,2.0,0.0,2,2,3,1,0,0,0,2,1,1,3,1,2,1,1,12,2,8,0,0,0,3,1,0,6,9,5,5,3
2021.0,0.0,0.0,0.0,3,4,3,1,0,0,1,5,1,1,0,1,2,1,1,13,2,8,0,0,0,2,2,0,4,5,5,9,3
2021.0,44.0,1.0,0.0,2,5,3,1,0,3,1,1,1,1,0,1,5,1,1,13,2,8,0,0,0,1,1,0,10,2,5,9,7
2021.0,-74.0,0.0,0.0,3,10,3,1,0,0,1,2,1,1,0,1,2,1,1,14,2,8,0,0,0,2,1,0,6,9,5,3,2
2021.0,-35.0,0.0,0.0,3,6,3,1,0,0,1,2,1,1,0,0,2,1,1,14,2,8,0,0,0,2,2,0,10,8,5,8,3
2021.0,133.0,0.0,0.0,3,10,3,1,0,0,1,5,1,1,0,1,5,1,1,15,2,8,0,0,0,2,2,0,10,9,5,8,2
2021.0,0.0,2.0,0.0,2,4,3,1,0,0,1,1,1,1,0,0,2,1,1,16,2,8,0,1,0,2,2,0,4,2,5,9,3
2021.0,90.0,0.0,0.0,3,2,3,1,0,0,0,4,1,1,0,1,2,1,1,17,2,8,0,1,0,2,1,0,10,2,5,3,9
2021.0,0.0,2.0,0.0,2,4,3,1,4,0,1,9,1,1,0,0,5,1,1,18,2,8,0,1,1,1,1,0,5,2,5,9,3
2021.0,30.0,3.0,0.0,2,2,0,0,0,0,0,5,1,1,0,0,9,1,1,22,2,8,0,0,0,1,1,0,0,2,5,3,9
2021.0,505.0,0.0,0.0,3,10,3,0,0,0,1,2,1,1,0,0,2,1,1,9,3,8,0,1,0,1,2,0,6,7,5,3,3
2021.0,-55.0,1.0,0.0,2,2,3,0,0,3,1,1,1,1,0,1,2,1,1,15,3,8,0,0,0,1,2,0,10,2,5,3,7
2021.0,-360.0,3.0,0.0,2,2,3,0,0,0,1,1,1,1,0,1,2,1,1,16,3,8,0,1,0,2,1,0,0,2,5,3,9
2021.0,200.0,0.0,0.0,3,10,3,0,0,0,2,5,1,1,0,1,5,1,1,17,3,8,0,1,0,3,2,0,6,9,5,3,2
2021.0,-90.0,0.0,0.0,3,6,0,0,0,0,1,2,1,1,0,1,2,1,1,21,3,8,0,0,0,1,2,0,10,7,5,8,3
2021.0,388.0,1.0,0.0,3,6,3,0,0,0,0,9,1,1,0,1,9,1,1,7,4,8,0,1,0,2,1,0,6,8,5,8,3
2021.0,0.0,1.0,0.0,3,5,3,1,0,0,0,1,1,1,2,1,5,1,1,12,4,8,0,0,0,1,2,0,4,2,5,3,9
2021.0,0.0,2.0,0.0,3,2,3,0,0,0,1,9,1,1,0,1,2,1,1,13,4,8,0,0,0,1,1,0,4,2,5,3,3
2021.0,96.0,0.0,0.0,3,6,3,0,0,0,0,5,1,1,0,1,5,1,1,13,4,8,0,0,0,2,0,0,10,8,5,8,8
2021.0,0.0,0.0,0.0,3,4,3,0,0,0,0,1,1,1,0,1,9,1,1,14,4,8,0,0,0,0,1,0,5,2,5,3,9
2021.0,135.0,2.0,0.0,3,3,3,0,0,0,1,1,1,0,0,1,9,1,1,16,4,8,0,1,0,1,1,0,10,9,5,8,3
2021.0,-25.0,0.0,0.0,3,10,3,0,0,0,0,1,1,1,0,1,1,1,1,17,4,8,0,1,0,1,1,0,5,9,5,9,9
2021.0,382.0,2.0,0.0,2,4,0,0,0,0,1,1,0,1,0,1,9,1,1,20,4,8,0,0,0,0,1,0,6,2,7,3,9
2021.0,-200.0,0.0,0.0,3,6,0,0,0,0,2,1,1,1,0,0,1,1,1,2,5,8,1,0,0,3,2,0,6,7,5,3,3
2021.0,422.0,0.0,0.0,3,9,0,0,0,0,2,9,1,1,1,1,1,1,1,10,5,8,1,0,0,3,1,0,6,9,5,6,3
2021.0,355.0,0.0,0.0,3,6,3,0,0,0,1,2,1,1,0,1,2,1,1,11,5,8,1,0,0,2,2,0,6,8,5,9,3
2021.0,20.0,0.0,0.0,3,10,3,0,0,0,1,9,1,1,1,1,9,1,1,11,5,8,1,0,0,1,1,0,6,7,5,6,3
2021.0,-500.0,0.0,0.0,3,6,3,0,1,0,1,2,1,1,0,1,2,1,1,17,5,8,1,1,0,1,2,0,6,9,5,8,2
2021.0,0.0,1.0,0.0,3,10,0,0,0,0,1,2,0,0,0,1,5,1,1,20,5,8,1,0,0,1,2,0,10,7,5,9,3
2021.0,-25.0,0.0,0.0,3,6,3,0,0,0,1,9,0,1,0,1,9,1,1,17,6,8,1,1,0,2,2,0,6,7,5,8,3
2021.0,64.0,0.0,0.0,3,4,3,0,0,0,0,7,1,1,0,0,9,1,1,8,0,8,0,1,0,1,1,0,6,2,5,3,9
2021.0,-115.0,0.0,0.0,3,10,3,0,0,0,2,9,1,1,0,0,9,1,1,8,0,8,0,1,0,3,1,0,6,9,5,3,5
2021.0,223.0,0.0,0.0,3,4,3,0,0,0,0,2,1,1,1,1,9,1,1,11,0,8,0,0,0,1,1,0,0,5,5,6,9
2021.0,15.0,0.0,0.0,3,2,3,0,0,0,0,2,1,1,0,0,1,1,1,11,0,8,0,0,0,2,0,0,10,2,5,3,9
2021.0,0.0,3.0,0.0,3,2,3,0,0,0,1,2,1,1,0,0,1,1,1,12,0,8,0,0,0,1,1,0,4,2,5,3,3
2021.0,115.0,0.0,0.0,3,6,3,0,0,0,2,5,1,1,0,1,5,1,1,13,0,8,0,0,0,3,1,0,10,8,5,8,3
2021.0,0.0,2.0,0.0,2,4,3,0,0,0,0,1,1,1,0,1,9,1,1,13,0,8,0,0,0,0,2,0,5,2,5,3,9
2021.0,-48.0,0.0,0.0,3,5,3,0,0,0,1,5,1,1,0,0,2,1,1,14,0,8,0,0,0,3,1,0,10,5,5,8,1
2021.0,0.0,1.0,0.0,2,4,3,0,0,0,0,9,1,1,0,0,5,1,1,15,0,8,0,0,0,0,0,0,5,2,5,9,9
2021.0,200.0,0.0,0.0,3,12,3,0,0,0,2,8,1,1,1,1,1,1,1,16,0,8,0,1,0,3,1,0,6,5,5,6,5
2021.0,-56.0,1.0,0.0,2,6,3,0,0,0,1,2,0,1,0,0,2,1,1,16,0,8,0,1,0,0,2,0,10,7,5,8,3
2021.0,0.0,2.0,0.0,2,2,3,0,0,0,1,9,1,1,0,1,5,1,1,17,0,8,0,1,0,2,1,0,4,2,5,3,3
2021.0,-280.0,2.0,0.0,2,2,4,0,0,0,1,8,1,0,0,1,9,1,1,19,0,8,0,1,0,1,1,0,6,5,5,5,5
2021.0,0.0,4.0,0.0,3,4,0,0,0,0,0,5,1,1,0,1,1,1,1,19,0,8,0,1,0,0,1,0,4,2,5,3,9
2021.0,0.0,0.0,0.0,3,4,0,0,0,0,0,5,1,1,0,1,4,1,1,20,0,8,0,0,0,1,2,0,5,2,5,9,3
2021.0,-105.0,1.0,0.0,3,6,3,0,0,0,0,5,1,1,0,0,5,1,1,13,1,8,0,0,0,0,1,0,0,7,5,3,9
2021.0,-310.0,0.0,0.0,3,2,3,0,0,0,1,9,1,1,0,1,2,1,1,14,1,8,0,0,0,1,1,0,0,2,5,3,9
2021.0,-145.0,0.0,0.0,3,4,3,0,0,0,1,9,1,1,0,0,2,1,1,14,1,8,0,0,0,2,2,0,0,2,5,3,9
2021.0,-30.0,1.0,0.0,2,5,3,0,0,0,2,1,1,1,2,1,9,1,1,14,1,8,0,0,0,3,1,0,10,2,5,3,9
2021.0,-71.0,1.0,0.0,2,10,0,0,0,0,0,2,1,1,0,1,2,1,1,20,1,8,0,0,0,2,1,0,10,9,5,3,2
2021.0,0.0,0.0,0.0,3,4,0,0,0,0,0,2,1,1,0,1,5,1,1,0,2,8,0,0,0,1,2,0,4,2,5,3,9
2021.0,0.0,1.0,0.0,1,5,2,0,0,3,1,2,1,1,0,0,1,1,1,5,2,8,0,0,0,1,0,0,4,2,5,3,7
2021.0,-200.0,1.0,0.0,3,6,3,0,0,0,0,1,1,1,0,1,1,1,1,7,2,8,0,1,0,1,1,0,10,8,5,8,3
2021.0,30.0,0.0,0.0,3,10,3,0,0,0,1,9,1,1,0,1,9,1,1,9,2,8,0,1,0,1,1,0,10,7,5,9,9