Year,Distance,Totalinjuries,Totalfatalities,Injuryseverity,Collisionmanner,Lightcondition,Weather,SurfaceCondition,Unittype_One,Gender_Drv1,Traveldirection_One,AlcoholUse_Drv1,DrugUse_Drv1,Unittype_Two,Gender_Drv2,Traveldirection_Two,AlcoholUse_Drv2,DrugUse_Drv2,Hour,Weekday,Month,Weekend,Rush_Hour,Hazardous_Road,Age_Group_Drv1,Age_Group_Drv2,Substance_Use,Junction_Category,Violation_Category_Drv1,Violation_Category_Drv2,Unitaction_Category_Two,Unitaction_Category_One
2021.0,-50.0,0.0,0.0,3,6,3,0,0,0,1,2,1,1,0,0,2,1,1,10,2,8,0,0,0,1,1,0,10,7,5,8,3
2021.0,0.0,0.0,0.0,3,6,3,0,0,0,2,2,1,1,0,0,2,1,1,11,2,8,0,0,0,3,1,0,5,7,5,8,3
2021.0,-252.0,0.0,0.0,3,2,3,0,0,0,0,5,1,1,0,0,9,1,1,12,2,8,0,0,0,2,2,0,0,2,5,3,9
2021.0,80.0,0.0,0.0,3,6,3,0,0,0,0,5,1,1,0,0,5,1,1,14,2,8,0,0,0,2,1,0,10,7,5,8,3
2021.0,-85.0,1.0,0.0,2,5,3,0,0,0,1,2,1,1,2,1,2,1,1,14,2,8,0,0,0,1,1,0,6,9,5,3,3
2021.0,0.0,1.0,0.0,3,4,3,0,0,0,0,2,1,1,0,1,5,1,1,14,2,8,0,0,0,2,1,0,4,2,5,3,9
2021.0,300.0,0.0,0.0,3,6,3,0,0,0,1,1,1,1,0,0,1,1,1,17,2,8,0,1,0,1,2,0,6,8,5,8,3
2021.0,0.0,1.0,0.0,3,4,0,0,0,0,1,1,1,1,0,1,9,1,1,20,2,8,0,0,0,1,0,0,5,2,5,3,9
2021.0,-110.0,1.0,0.0,3,4,3,0,0,0,1,3,1,1,2,1,9,1,1,6,3,8,0,0,0,1,2,0,0,5,5,3,9
2021.0,37.0,1.0,0.0,2,2,3,0,0,2,0,9,1,1,0,1,5,1,1,7,3,8,0,1,0,2,1,0,10,2,5,3,3
2021.0,0.0,3.0,0.0,2,4,3,0,0,0,1,1,1,1,0,0,9,1,1,8,3,8,0,1,0,2,0,0,4,2,5,3,9
2021.0,-43.0,1.0,0.0,2,10,3,0,0,2,1,2,1,1,0,1,2,1,1,9,3,8,0,1,0,2,0,0,10,5,5,9,3
2021.0,0.0,0.0,0.0,3,2,3,0,0,0,0,5,1,1,0,1,1,1,1,12,3,8,0,0,0,0,1,0,5,2,5,9,3
2021.0,70.0,1.0,0.0,3,6,3,0,0,0,1,5,1,1,0,1,5,1,1,12,3,8,0,0,0,1,2,0,10,8,5,8,3
2021.0,145.0,0.0,0.0,3,6,3,0,0,0,2,9,1,1,0,1,9,1,1,15,3,8,0,0,0,3,2,0,10,7,5,8,3
2021.0,95.0,3.0,0.0,3,3,0,0,0,0,1,1,0,0,0,0,9,1,1,19,3,8,0,1,0,1,0,0,10,9,5,3,3
2021.0,110.0,0.0,0.0,3,10,1,0,0,0,1,5,1,1,1,1,5,1,1,22,3,8,0,0,0,2,1,0,10,7,5,6,2
2021.0,256.0,1.0,0.0,3,2,3,0,0,2,0,9,1,1,0,1,2,1,1,8,4,8,0,1,0,1,1,0,0,5,5,9,3
2021.0,0.0,0.0,0.0,3,2,3,0,0,0,0,2,1,1,0,0,1,1,1,13,4,8,0,0,0,2,2,0,4,2,5,9,3
2021.0,-152.0,0.0,0.0,3,2,3,0,0,0,0,5,0,1,1,1,1,1,1,14,4,8,0,0,0,0,1,0,0,4,5,6,9
2021.0,0.0,2.0,0.0,3,4,0,0,0,0,0,1,1,1,0,0,9,1,1,22,4,8,0,0,0,2,2,0,4,2,5,3,9
2021.0,-150.0,0.0,0.0,3,10,0,0,0,0,1,9,0,1,0,0,9,1,1,0,5,8,1,0,0,2,2,0,6,5,5,5,5
2021.0,277.0,0.0,0.0,3,10,3,0,0,0,0,5,1,1,0,0,5,1,1,12,5,8,1,0,0,2,1,0,6,5,5,3,2
2021.0,275.0,0.0,0.0,3,10,3,0,0,0,0,5,1,1,0,0,5,1,1,14,5,8,1,0,0,1,2,0,6,5,5,3,3
2021.0,-50.0,0.0,0.0,3,6,3,0,0,0,0,9,1,1,0,0,9,1,1,17,5,8,1,1,0,1,2,0,10,8,5,8,3
2021.0,35.0,0.0,0.0,3,6,0,0,0,0,1,9,0,1,0,0,9,1,1,19,5,8,1,1,0,1,1,0,10,7,5,8,3
2021.0,400.0,0.0,0.0,3,6,0,0,0,0,1,5,0,1,0,0,5,1,1,3,6,8,1,0,0,2,1,0,6,7,5,3,3
2021.0,0.0,1.0,0.0,3,4,3,0,0,0,1,2,1,1,0,1,5,1,1,10,6,8,1,0,0,2,2,0,4,2,5,3,9
2021.0,89.0,4.0,0.0,3,6,0,0,0,0,0,1,0,1,0,0,1,1,1,19,6,8,1,1,0,1,0,0,6,5,5,8,3
2021.0,200.0,0.0,0.0,3,10,0,0,0,0,1,9,1,1,0,0,9,1,1,19,6,8,1,1,0,2,1,0,6,9,5,3,6
2021.0,21.0,0.0,0.0,3,10,0,0,0,0,1,9,1,1,0,0,9,1,1,21,6,8,1,0,0,1,2,0,10,9,5,8,9
2021.0,0.0,0.0,0.0,3,4,3,0,0,0,0,9,1,1,0,1,2,1,1,9,0,8,0,1,0,1,2,0,4,2,5,9,3
2021.0,-25.0,1.0,0.0,2,10,3,1,0,0,1,2,1,1,0,1,2,1,1,10,0,8,0,0,0,1,0,0,10,9,5,8,3
2021.0,500.0,0.0,0.0,3,10,3,0,0,0,2,5,1,1,0,1,5,1,1,11,0,8,0,0,0,3,1,0,6,9,5,3,3
2021.0,350.0,2.0,0.0,2,6,3,0,0,0,2,9,1,1,0,0,9,1,1,12,0,8,0,0,0,3,0,0,10,8,5,8,3
2021.0,100.0,0.0,0.0,3,6,3,0,0,0,1,1,1,1,0,1,1,1,1,13,0,8,0,0,0,2,0,0,6,9,5,3,9
2021.0,0.0,0.0,0.0,3,2,3,0,0,0,0,1,1,1,0,0,2,1,1,13,0,8,0,0,0,2,2,0,4,2,5,3,3
2021.0,0.0,0.0,0.0,3,6,3,0,0,0,2,1,1,1,0,0,1,1,1,16,0,8,0,1,0,3,1,0,5,7,5,8,3
2021.0,200.0,3.0,0.0,2,6,3,0,0,0,1,1,1,1,0,0,1,1,1,18,0,8,0,1,0,1,2,0,10,7,5,8,3
2021.0,57.0,0.0,0.0,3,10,0,0,0,0,0,5,1,1,0,1,5,1,1,19,0,8,0,1,0,0,1,0,10,7,5,8,3
2021.0,600.0,1.0,0.0,2,6,3,1,0,0,1,1,1,1,0,1,1,1,1,8,1,8,0,1,0,1,1,0,0,8,5,9,3
2021.0,0.0,1.0,0.0,2,5,3,1,0,2,0,1,1,1,0,0,5,1,1,8,1,8,0,1,0,2,0,0,4,5,5,9,3
2021.0,-533.0,0.0,0.0,3,6,3,1,0,0,1,1,1,1,0,1,1,1,1,11,1,8,0,0,0,1,1,0,6,8,5,8,3
2021.0,-42.0,1.0,0.0,2,2,3,0,0,0,1,5,1,1,0,1,1,1,1,11,1,8,0,0,0,1,1,0,10,5,5,8,9
2021.0,30.0,0.0,0.0,3,6,3,1,0,0,0,5,1,1,0,1,5,1,1,11,1,8,0,0,0,2,1,0,10,7,5,8,3
2021.0,101.0,0.0,0.0,3,10,3,1,4,0,1,1,1,1,0,0,1,1,1,16,1,8,0,1,1,2,1,0,6,9,5,3,2
2021.0,0.0,1.0,0.0,2,4,3,3,4,0,1,2,1,1,0,0,5,1,1,17,1,8,0,1,1,0,2,0,4,2,5,3,9
2021.0,-207.0,1.0,0.0,3,6,3,3,4,0,0,5,1,1,0,0,5,1,1,17,1,8,0,1,1,2,0,0,10,5,5,8,3
2021.0,0.0,0.0,0.0,3,6,3,1,4,0,1,9,1,1,0,1,9,1,1,17,1,8,0,1,1,1,2,0,4,8,5,8,3
2021.0,310.0,1.0,0.0,2,6,3,3,4,0,0,5,1,1,0,0,5,1,1,18,1,8,0,1,1,2,2,0,10,8,5,8,3
2021.0,-190.0,2.0,0.0,2,4,0,3,4,0,1,2,1,1,0,0,5,1,1,20,1,8,0,0,1,1,0,0,0,2,5,3,9
2021.0,0.0,2.0,0.0,3,4,0,3,4,0,1,4,1,1,0,0,5,1,1,22,1,8,0,0,1,1,1,0,4,2,5,3,9
2021.0,-95.0,0.0,0.0,3,2,0,0,0,0,2,9,1,1,0,1,1,1,1,3,2,9,0,0,0,3,1,0,9,7,5,3,5
2021.0,406.0,0.0,0.0,3,4,3,1,0,0,1,5,1,1,0,0,9,1,1,8,2,9,0,1,0,3,1,0,0,2,5,8,9
2021.0,-214.0,2.0,0.0,3,5,3,1,0,0,0,2,1,1,0,0,2,1,1,9,2,9,0,1,0,1,1,0,0,5,5,9,3
2021.0,1000.0,0.0,0.0,3,6,3,4,0,0,0,5,1,1,0,0,5,1,1,17,2,9,0,1,0,1,1,0,6,5,5,8,3
2021.0,88.0,0.0,0.0,3,4,0,1,0,0,0,5,1,1,0,1,2,1,1,19,2,9,0,1,0,2,1,0,6,2,5,3,9
2021.0,120.0,0.0,0.0,3,6,0,0,0,0,0,5,1,1,0,1,5,1,1,22,2,9,0,0,0,1,1,0,4,7,5,8,3
2021.0,50.0,1.0,0.0,3,2,3,0,0,0,1,9,1,1,0,1,2,1,1,14,3,9,0,0,0,2,1,0,0,2,5,3,9
2021.0,124.0,0.0,0.0,3,6,3,0,0,0,2,5,1,1,0,0,5,1,1,15,3,9,0,0,0,3,1,0,6,5,5,3,3
2021.0,-40.0,0.0,0.0,3,6,3,0,0,0,2,9,1,1,0,1,9,1,1,16,3,9,0,1,0,3,0,0,10,7,5,8,3
2021.0,625.0,0.0,0.0,3,6,5,4,0,0,2,5,1,1,0,0,5,1,1,16,3,9,0,1,0,3,0,0,6,7,5,8,3
2021.0,-105.0,0.0,0.0,3,10,3,0,0,0,1,9,1,1,0,0,9,1,1,17,3,9,0,1,0,2,1,0,6,9,5,3,0
2021.0,-254.0,2.0,0.0,3,10,3,0,0,0,1,2,1,1,0,1,2,1,1,17,3,9,0,1,0,1,1,0,6,7,5,3,3
2021.0,-442.0,2.0,0.0,3,2,3,0,0,0,0,9,1,1,0,0,2,1,1,17,3,9,0,1,0,2,1,0,0,2,5,3,9
2021.0,-515.0,1.0,0.0,2,4,3,0,0,0,0,5,1,1,0,0,9,1,1,18,3,9,0,1,0,2,1,0,6,2,5,3,9
2021.0,0.0,0.0,0.0,3,2,3,0,0,0,2,9,1,1,0,1,5,1,1,18,3,9,0,1,0,3,1,0,5,2,5,9,3
2021.0,0.0,1.0,0.0,2,2,0,0,0,0,1,5,1,1,0,1,1,1,1,19,3,9,0,1,0,1,1,0,4,2,5,9,3
2021.0,-205.0,0.0,0.0,3,6,0,0,0,0,2,5,1,1,1,1,5,1,1,20,3,9,0,0,0,3,1,0,6,9,5,6,3
2021.0,215.0,0.0,0.0,3,6,0,0,0,0,1,9,1,1,0,1,9,1,1,23,3,9,0,0,0,2,2,0,6,7,5,9,3
2021.0,0.0,0.0,0.0,3,2,3,0,0,0,1,2,1,1,0,0,1,1,1,7,4,9,0,1,0,1,1,0,5,2,5,3,9
2021.0,-134.0,3.0,0.0,3,6,3,0,0,0,0,1,1,1,0,0,1,1,1,8,4,9,0,1,0,1,1,0,10,7,5,8,3
2021.0,-335.0,0.0,0.0,3,5,3,0,0,0,0,9,1,1,1,1,9,1,1,11,4,9,0,0,0,0,1,0,6,5,5,6,3
2021.0,-25.0,2.0,0.0,2,2,3,0,0,0,0,9,1,1,0,0,5,1,1,14,4,9,0,0,0,1,0,0,5,2,5,3,9
2021.0,15.0,1.0,0.0,2,5,3,0,0,0,0,5,1,1,2,1,2,1,1,16,4,9,0,1,0,2,2,0,10,2,5,3,9
2021.0,0.0,1.0,0.0,3,2,3,0,0,0,2,9,1,1,0,0,2,1,1,16,4,9,0,1,0,3,0,0,4,2,5,3,3
2021.0,0.0,2.0,0.0,2,4,3,0,0,0,0,9,1,1,0,1,5,1,1,16,4,9,0,1,0,0,1,0,6,2,5,3,9
2021.0,40.0,1.0,0.0,3,5,0,0,0,3,0,2,0,1,0,0,1,1,1,22,4,9,0,0,0,2,2,0,6,5,5,3,5
2021.0,-16.0,2.0,0.0,3,6,3,0,0,0,1,2,1,1,0,0,2,1,1,6,5,9,1,0,0,1,0,0,4,7,5,8,3
2021.0,-835.0,0.0,0.0,3,4,3,0,0,0,1,1,1,1,0,1,2,1,1,10,5,9,1,0,0,1,1,0,0,2,5,3,9
2021.0,-315.0,1.0,0.0,2,6,3,0,0,0,1,1,1,1,0,1,1,1,1,11,5,9,1,0,0,2,0,0,0,8,5,8,3
2021.0,124.0,0.0,0.0,3,6,3,0,0,0,1,5,1,1,0,1,5,1,1,12,5,9,1,0,0,2,1,0,10,8,5,8,3
2021.0,0.0,4.0,0.0,2,4,3,0,0,0,0,9,1,1,0,0,1,1,1,13,5,9,1,0,0,1,2,0,4,2,5,3,9
2021.0,0.0,2.0,0.0,3,4,3,0,0,0,1,1,1,1,0,1,9,1,1,14,5,9,1,0,0,1,1,0,4,2,5,3,9
2021.0,0.0,1.0,0.0,1,2,3,0,0,2,1,5,1,1,0,0,1,1,1,11,6,9,1,0,0,1,1,0,4,2,5,3,3
2021.0,25.0,0.0,0.0,3,6,0,0,0,0,2,5,1,1,0,1,5,1,1,19,6,9,1,1,0,3,2,0,6,5,5,3,3
2021.0,200.0,0.0,0.0,3,6,0,0,0,0,2,9,1,1,0,0,9,1,1,21,6,9,1,0,0,3,2,0,6,8,5,3,3
2021.0,0.0,0.0,0.0,3,3,3,0,0,0,0,2,1,1,0,1,1,1,1,11,0,9,0,0,0,1,0,0,5,2,5,3,9
2021.0,20.0,1.0,0.0,3,6,3,0,0,0,1,5,1,1,0,0,5,1,1,12,0,9,0,0,0,2,0,0,10,5,5,9,3
2021.0,-400.0,0.0,0.0,3,10,3,0,0,0,1,2,1,1,0,1,2,1,1,13,0,9,0,0,0,1,1,0,6,9,5,3,3
2021.0,1120.0,0.0,0.0,3,10,3,0,0,0,1,9,1,1,0,1,9,1,1,14,0,9,0,0,0,2,0,0,6,5,5,3,3
2021.0,-145.0,0.0,0.0,3,10,3,0,0,0,1,2,1,1,0,0,2,1,1,15,0,9,0,0,0,1,0,0,6,2,5,2,2
2021.0,-130.0,2.0,0.0,2,4,0,0,0,0,1,9,1,1,0,1,1,1,1,19,0,9,0,1,0,2,2,0,0,2,5,3,9
2021.0,0.0,0.0,0.0,3,2,3,0,0,0,1,9,1,1,0,0,2,1,1,21,0,9,0,0,0,1,2,0,4,2,5,3,3
2021.0,-61.0,3.0,0.0,2,10,0,0,0,0,0,5,0,1,0,1,5,1,1,21,0,9,0,0,0,1,1,0,6,7,5,3,9
2021.0,558.0,1.0,0.0,3,6,3,0,0,0,1,5,1,1,0,1,5,1,1,12,1,9,0,0,0,2,1,0,10,7,5,8,3
2021.0,0.0,0.0,0.0,3,2,3,0,0,0,1,2,1,1,0,0,5,1,1,12,1,9,0,0,0,1,2,0,4,2,5,9,3
2021.0,52.0,1.0,0.0,3,6,3,0,0,0,1,9,1,1,0,1,9,1,1,13,1,9,0,0,0,0,1,0,10,7,5,8,3
2021.0,-550.0,0.0,0.0,3,10,3,0,0,0,1,5,1,1,0,1,5,1,1,14,1,9,0,0,0,1,2,0,10,9,5,3,2
2021.0,-630.0,0.0,0.0,3,5,0,0,0,0,2,8,1,1,1,1,8,1,1,14,1,9,0,0,0,3,1,0,6,5,5,6,5
2021.0,345.0,2.0,0.0,2,4,3,0,0,0,1,1,1,1,0,0,9,1,1,15,1,9,0,0,0,0,1,0,0,2,5,3,9
2021.0,-50.0,3.0,0.0,3,6,3,0,0,0,0,2,1,1,0,0,2,1,1,15,1,9,0,0,0,2,0,0,10,8,5,8,3
2021.0,1205.0,4.0,0.0,2,4,3,0,0,0,0,9,1,1,0,1,1,1,1,16,1,9,0,1,0,2,1,0,4,2,5,9,3
2021.0,0.0,0.0,0.0,3,4,3,0,0,0,1,1,1,1,0,1,9,1,1,16,1,9,0,1,0,2,1,0,4,2,5,3,9
2021.0,-41.0,1.0,0.0,3,2,3,0,0,2,0,9,1,1,0,1,2,1,1,17,1,9,0,1,0,2,1,0,10,5,5,9,7
2021.0,56.0,3.0,0.0,2,3,4,0,0,0,0,1,1,1,0,1,9,1,1,18,1,9,0,1,0,2,2,0,10,7,5,8,3
2021.0,-65.0,0.0,0.0,3,11,2,0,0,0,0,1,1,1,0,1,9,1,1,5,2,9,0,0,0,0,1,0,10,4,5,3,9
2021.0,0.0,1.0,0.0,3,6,3,0,0,0,0,1,1,1,0,1,6,1,1,6,2,9,0,0,0,1,1,0,10,7,5,8,3
2021.0,0.0,2.0,0.0,3,4,3,0,0,0,0,6,1,1,0,0,2,1,1,6,2,9,0,0,0,1,1,0,5,2,5,3,9
2021.0,0.0,1.0,0.0,3,4,3,0,0,0,0,9,1,1,0,0,6,1,1,8,2,9,0,1,0,2,1,0,4,2,5,9,3
2021.0,0.0,1.0,0.0,3,4,3,0,0,0,1,9,1,1,0,1,3,1,1,9,2,9,0,1,0,1,1,0,10,2,5,9,3
2021.0,-105.0,1.0,0.0,2,4,3,0,0,0,0,5,1,1,0,0,2,1,1,12,2,9,0,0,0,2,1,0,0,2,5,3,9
2021.0,0.0,4.0,0.0,3,4,3,0,0,0,0,1,1,1,0,1,9,1,1,13,2,9,0,0,0,1,1,0,4,2,5,3,9
2021.0,0.0,0.0,0.0,3,4,3,0,0,0,1,9,1,1,0,0,1,1,1,16,2,9,0,1,0,2,1,0,4,2,5,3,9
2021.0,420.0,2.0,0.0,3,2,3,0,0,0,0,1,1,1,0,1,5,1,1,16,2,9,0,1,0,2,0,0,0,2,5,3,9
2021.0,65.0,0.0,0.0,3,10,3,0,0,0,1,5,1,1,0,0,5,1,1,16,2,9,0,1,0,2,1,0,6,9,5,3,2
2021.0,0.0,0.0,0.0,3,6,3,0,0,0,0,1,1,1,0,1,1,1,1,17,2,9,0,1,0,1,2,0,5,7,5,9,3
2021.0,-415.0,0.0,0.0,3,6,3,0,0,0,1,1,1,1,0,1,1,1,1,18,2,9,0,1,0,2,2,0,0,7,5,9,3
2021.0,470.0,0.0,0.0,3,6,3,0,0,0,1,5,1,1,0,1,5,1,1,11,3,9,0,0,0,1,2,0,6,7,5,8,3
2021.0,0.0,1.0,0.0,3,2,4,0,0,0,0,9,1,1,0,1,5,1,1,17,3,9,0,1,0,2,1,0,4,2,5,9,3
2021.0,0.0,0.0,0.0,3,10,0,4,3,0,1,9,1,1,0,0,9,1,1,20,3,9,0,0,0,3,2,0,6,5,5,3,5
2021.0,40.0,0.0,0.0,3,11,0,0,0,0,1,8,1,1,0,1,5,1,1,3,4,9,0,0,0,2,1,0,6,4,5,3,9
2021.0,0.0,0.0,0.0,3,4,3,0,0,0,2,9,1,1,0,1,1,1,1,7,4,9,0,1,0,3,2,0,4,2,5,3,9
2021.0,0.0,0.0,0.0,3,2,3,0,0,0,0,5,1,1,0,1,9,1,1,8,4,9,0,1,0,1,1,0,4,5,5,3,9
2021.0,-139.0,0.0,0.0,3,5,1,0,3,0,2,8,1,1,1,1,9,1,1,9,4,9,0,1,0,3,1,0,10,5,5,6,5
2021.0,136.0,0.0,0.0,3,6,3,0,0,0,0,5,1,1,0,1,5,1,1,10,4,9,0,0,0,1,1,0,6,7,5,8,3
2021.0,181.0,2.0,0.0,2,10,3,0,0,0,1,3,1,1,0,1,3,1,1,10,4,9,0,0,0,0,1,0,10,4,5,3,9
2021.0,0.0,3.0,0.0,2,4,3,0,0,0,0,2,1,1,0,1,5,1,1,12,4,9,0,0,0,1,1,0,5,2,5,3,9
2021.0,-1207.0,0.0,0.0,3,4,3,0,0,0,0,1,1,1,0,1,9,1,1,13,4,9,0,0,0,0,0,0,6,2,5,3,9
2021.0,0.0,0.0,0.0,3,6,0,0,0,0,1,5,0,0,0,1,5,1,1,19,4,9,0,1,0,1,1,0,4,7,5,8,3
2021.0,100.0,0.0,0.0,3,6,2,0,0,0,1,9,1,1,0,1,9,1,1,6,5,9,1,0,0,1,1,0,10,5,5,8,3
2021.0,0.0,0.0,0.0,3,4,3,0,0,0,1,9,1,1,0,1,2,1,1,11,5,9,1,0,0,2,1,0,4,2,5,3,9
2021.0,0.0,2.0,0.0,2,2,3,0,0,0,1,5,1,1,0,0,1,1,1,11,5,9,1,0,0,0,0,0,4,2,5,3,3
2021.0,-68.0,0.0,0.0,3,6,3,0,0,0,1,2,1,1,0,0,2,1,1,15,5,9,1,0,0,1,2,0,10,8,5,8,3
2021.0,0.0,1.0,0.0,3,2,3,0,0,0,1,5,1,1,0,0,1,1,1,16,5,9,1,1,0,2,1,0,4,2,5,3,3
2021.0,5.0,0.0,0.0,3,4,3,0,0,0,0,2,1,1,0,0,5,1,1,17,5,9,1,1,0,1,1,0,4,4,5,3,9
2021.0,0.0,0.0,0.0,3,4,0,0,0,0,0,5,1,1,0,0,1,1,1,19,5,9,1,1,0,2,2,0,4,4,5,3,9
2021.0,162.0,0.0,0.0,3,6,0,0,0,0,1,9,1,1,0,0,9,1,1,20,5,9,1,0,0,1,1,0,10,8,5,8,3
2021.0,150.0,0.0,0.0,3,9,0,0,0,0,1,9,0,1,1,1,1,1,1,22,5,9,1,0,0,1,0,0,6,7,5,6,3
2021.0,213.0,0.0,0.0,3,6,0,0,0,0,1,2,1,1,0,0,2,1,1,22,5,9,1,0,0,1,2,0,8,8,5,3,3
2021.0,44.0,0.0,0.0,3,10,0,0,0,0,1,5,1,1,0,0,5,1,1,23,5,9,1,0,0,1,2,0,10,5,5,8,3
2021.0,80.0,0.0,0.0,3,9,0,0,0,0,2,5,1,1,1,1,2,1,1,1,6,9,1,0,0,3,1,0,6,9,5,6,3
2021.0,-50.0,0.0,0.0,3,6,2,0,0,0,0,1,1,1,0,1,1,1,1,6,6,9,1,0,0,2,2,0,4,8,5,8,3
2021.0,0.0,1.0,0.0,1,4,3,0,0,0,0,5,1,1,0,0,1,1,1,9,6,9,1,1,0,2,2,0,5,2,5,3,9
2021.0,-165.0,0.0,0.0,3,5,5,4,3,0,2,8,1,1,1,1,8,1,1,10,6,9,1,0,0,3,1,0,6,5,5,6,5
2021.0,-200.0,1.0,0.0,3,6,3,0,0,0,2,1,1,1,0,0,1,1,1,19,6,9,1,1,0,3,2,0,10,9,5,3,2
2021.0,0.0,2.0,0.0,1,10,0,0,0,0,0,2,1,1,0,1,2,1,1,2,0,9,0,0,0,2,1,0,4,4,5,3,9
2021.0,0.0,0.0,0.0,3,2,3,0,0,0,1,9,1,1,0,1,5,1,1,6,0,9,0,0,0,2,1,0,4,2,5,3,3
2021.0,-80.0,1.0,0.0,3,6,3,0,0,0,0,2,1,1,0,0,2,1,1,7,0,9,0,1,0,2,2,0,10,7,5,8,3
2021.0,0.0,0.0,0.0,3,4,3,0,0,0,1,5,1,1,0,1,2,1,1,14,0,9,0,0,0,2,1,0,4,2,5,3,9
2021.0,-379.0,2.0,0.0,2,6,3,0,0,0,1,1,0,1,0,1,1,1,1,16,0,9,0,1,0,1,1,0,6,8,5,8,3
2021.0,-115.0,0.0,0.0,3,6,3,0,0,0,1,2,1,1,0,0,2,1,1,17,0,9,0,1,0,2,2,0,10,8,5,8,3
2021.0,0.0,1.0,0.0,3,4,0,0,0,0,0,9,1,1,0,1,1,1,1,19,0,9,0,1,0,1,1,0,4,2,5,3,9
2021.0,-30.0,0.0,0.0,3,2,0,0,0,0,1,2,1,1,0,1,2,1,1,19,0,9,0,1,0,1,1,0,10,9,5,3,2
2021.0,25.0,0.0,0.0,3,6,0,0,0,0,2,5,1,1,0,1,5,1,1,0,1,9,0,0,0,3,2,0,10,7,5,8,3
2021.0,-586.0,0.0,0.0,3,6,3,0,0,0,0,5,1,1,0,1,5,1,1,10,1,9,0,0,0,2,1,0,10,7,5,8,8
2021.0,0.0,0.0,0.0,3,2,3,0,0,0,0,1,1,1,0,0,5,1,1,15,1,9,0,0,0,0,2,0,5,2,5,3,9
2021.0,340.0,0.0,0.0,3,4,3,0,0,0,1,5,1,1,0,0,2,1,1,16,1,9,0,1,0,2,2,0,0,9,5,3,9
2021.0,-665.0,1.0,0.0,3,2,3,0,0,0,1,5,1,1,0,0,9,1,1,17,1,9,0,1,0,2,1,0,0,2,5,3,9
2021.0,0.0,0.0,0.0,3,10,4,0,0,0,1,2,1,1,0,1,2,1,1,17,1,9,0,1,0,1,1,0,4,4,5,3,9
2021.0,90.0,0.0,0.0,3,5,3,0,0,0,2,8,1,1,1,1,4,1,1,12,2,9,0,0,0,3,1,0,6,5,5,6,5
2021.0,-100.0,0.0,0.0,3,2,3,0,0,0,1,2,1,1,0,0,9,1,1,14,2,9,0,0,0,2,1,0,10,2,5,9,3
2021.0,175.0,0.0,0.0,3,2,3,0,0,0,2,5,1,1,0,0,9,1,1,15,2,9,0,0,0,3,2,0,10,2,5,8,5
2021.0,595.0,1.0,0.0,2,5,3,0,0,2,1,6,1,1,0,1,7,1,1,15,2,9,0,0,0,1,2,0,0,5,5,3,3
2021.0,0.0,2.0,0.0,2,4,3,0,0,0,0,2,1,1,0,1,5,1,1,16,2,9,0,1,0,2,2,0,4,2,5,3,9
2021.0,422.0,1.0,0.0,3,2,3,0,0,0,1,5,1,1,0,1,9,1,1,17,2,9,0,1,0,2,1,0,0,2,5,3,9
2021.0,-30.0,0.0,0.0,3,6,0,0,0,0,0,2,1,1,0,1,2,1,1,22,2,9,0,0,0,2,2,0,6,7,5,8,3
2021.0,0.0,0.0,0.0,3,2,3,0,3,0,2,5,1,1,0,0,5,1,1,9,3,9,0,1,0,3,1,0,5,5,5,3,3
2021.0,470.0,1.0,0.0,2,2,3,0,0,0,0,2,1,1,0,1,9,1,1,10,3,9,0,0,0,0,0,0,0,2,5,3,5
2021.0,-240.0,0.0,0.0,3,6,3,0,0,0,1,1,1,1,0,1,1,1,1,11,3,9,0,0,0,1,0,0,10,5,5,8,3
2021.0,0.0,3.0,0.0,2,4,3,0,0,0,1,1,1,1,0,1,7,1,1,12,3,9,0,0,0,2,1,0,4,2,5,3,9
2021.0,168.0,5.0,0.0,2,2,3,0,0,0,1,5,1,1,0,0,1,1,1,13,3,9,0,0,0,2,1,0,0,7,5,3,9
2021.0,545.0,1.0,0.0,1,6,3,0,0,0,0,2,1,1,0,1,2,1,1,14,3,9,0,0,0,1,0,0,6,7,5,8,3
2021.0,-120.0,0.0,0.0,3,6,3,0,0,0,2,1,1,1,0,1,1,1,1,15,3,9,0,0,0,3,2,0,10,7,5,8,3
2021.0,0.0,0.0,0.0,3,2,3,0,0,0,1,9,1,1,0,0,5,1,1,15,3,9,0,0,0,1,1,0,4,2,5,3,3
2021.0,-50.0,0.0,0.0,3,10,3,4,0,0,0,2,1,1,0,1,2,1,1,7,4,9,0,1,0,1,1,0,6,9,5,3,2
2021.0,182.0,0.0,0.0,3,6,3,1,0,0,0,5,1,1,0,0,5,1,1,11,4,9,0,0,0,1,1,0,10,7,5,8,3
2021.0,0.0,0.0,0.0,3,4,3,1,0,0,0,9,1,1,0,1,3,1,1,11,4,9,0,0,0,2,1,0,4,2,5,9,3
2021.0,0.0,1.0,0.0,3,11,3,0,0,0,0,5,1,1,0,1,2,1,1,14,4,9,0,0,0,1,1,0,4,2,5,3,9
2021.0,0.0,0.0,0.0,3,2,3,0,0,0,1,5,1,1,0,1,9,1,1,14,4,9,0,0,0,2,1,0,4,5,5,3,3
2021.0,-50.0,0.0,0.0,3,10,3,0,0,0,2,5,1,1,0,1,5,1,1,16,4,9,0,1,0,3,1,0,6,9,5,3,2
2021.0,0.0,0.0,0.0,3,4,3,0,0,0,1,5,1,1,0,1,1,1,1,17,4,9,0,1,0,1,1,0,4,2,5,3,9