Year,Distance,Totalinjuries,Totalfatalities,Injuryseverity,Collisionmanner,Lightcondition,Weather,SurfaceCondition,Unittype_One,Gender_Drv1,Traveldirection_One,AlcoholUse_Drv1,DrugUse_Drv1,Unittype_Two,Gender_Drv2,Traveldirection_Two,AlcoholUse_Drv2,DrugUse_Drv2,Hour,Weekday,Month,Weekend,Rush_Hour,Hazardous_Road,Age_Group_Drv1,Age_Group_Drv2,Substance_Use,Junction_Category,Violation_Category_Drv1,Violation_Category_Drv2,Unitaction_Category_Two,Unitaction_Category_One
2021.0,0.0,5.0,0.0,3,2,3,0,0,0,1,9,1,1,0,1,2,1,1,17,4,9,0,1,0,2,1,0,5,2,5,3,9
2021.0,0.0,0.0,0.0,3,2,0,0,0,0,0,1,1,1,0,0,5,1,1,19,4,9,0,1,0,2,1,0,5,2,5,3,9
2021.0,25.0,0.0,0.0,3,10,0,0,0,0,2,2,1,1,0,0,2,1,1,22,4,9,0,0,0,3,1,0,4,7,5,3,3
2021.0,535.0,0.0,0.0,3,4,3,0,0,0,1,2,1,1,0,1,5,1,1,10,5,9,1,0,0,0,1,0,0,2,5,3,9
2021.0,0.0,0.0,0.0,3,4,3,0,0,0,2,1,1,1,0,0,4,1,1,12,5,9,1,0,0,3,2,0,10,2,5,9,3
2021.0,-472.0,1.0,0.0,3,10,3,1,0,0,1,5,1,1,0,0,5,1,1,13,5,9,1,0,0,2,1,0,6,5,5,3,2
2021.0,-71.0,0.0,0.0,3,6,3,0,0,0,1,5,1,1,0,1,5,1,1,15,5,9,1,0,0,2,1,0,10,7,5,3,2
2021.0,0.0,0.0,0.0,3,4,3,3,4,0,1,9,1,1,0,1,1,1,1,15,5,9,1,0,1,2,1,0,4,2,5,3,9
2021.0,0.0,2.0,0.0,2,4,0,0,0,0,1,9,1,1,0,1,5,1,1,20,5,9,1,0,0,1,2,0,4,2,5,9,3
2021.0,279.0,0.0,0.0,3,5,0,0,0,0,1,5,1,1,0,1,9,1,1,20,5,9,1,0,0,2,1,0,6,5,5,3,5
2021.0,284.0,1.0,0.0,2,4,0,0,0,0,1,9,1,1,0,1,9,1,1,4,6,9,1,0,0,2,2,0,6,9,5,3,6
2021.0,-25.0,2.0,0.0,3,10,3,0,0,0,1,5,1,1,0,1,2,1,1,12,6,9,1,0,0,1,2,0,10,2,5,9,9
2021.0,-345.0,0.0,0.0,3,10,3,0,0,0,0,1,1,1,0,1,1,1,1,15,6,9,1,0,0,2,1,0,6,9,7,3,2
2021.0,15.0,1.0,0.0,3,5,3,0,0,0,2,2,1,1,3,0,2,1,1,16,6,9,1,1,0,3,1,0,10,2,5,7,9
2021.0,-200.0,0.0,0.0,3,4,0,0,0,0,1,9,1,1,0,1,1,1,1,20,6,9,1,0,0,0,2,0,6,2,5,3,9
2021.0,-85.0,1.0,0.0,3,2,0,0,0,0,2,2,1,1,0,1,1,1,1,4,0,9,0,0,0,3,1,0,10,7,5,8,9
2021.0,0.0,1.0,0.0,3,4,3,0,0,0,1,1,1,1,0,0,9,1,1,7,0,9,0,1,0,2,2,0,5,5,5,3,9
2021.0,320.0,1.0,0.0,3,4,3,0,0,0,0,1,1,1,0,0,9,1,1,7,0,9,0,1,0,1,1,0,0,5,5,3,9
2021.0,40.0,0.0,0.0,3,6,3,0,0,0,0,5,1,1,0,1,5,1,1,7,0,9,0,1,0,1,1,0,10,7,5,8,3
2021.0,0.0,0.0,0.0,3,10,3,0,0,0,1,5,1,1,0,1,5,1,1,10,0,9,0,0,0,1,1,0,4,5,5,3,9
2021.0,570.0,0.0,0.0,3,6,3,0,0,0,1,9,1,1,0,0,9,1,1,12,0,9,0,0,0,1,1,0,6,7,5,8,3
2021.0,15.0,1.0,0.0,3,5,0,0,0,2,1,9,1,1,0,1,1,1,1,19,0,9,0,1,0,2,1,0,10,2,5,9,3
2021.0,50.0,0.0,0.0,3,10,3,0,0,0,0,5,1,1,0,1,5,1,1,11,1,9,0,0,0,1,0,0,6,5,5,3,3
2021.0,0.0,2.0,0.0,3,4,3,0,0,0,1,5,1,1,0,0,2,1,1,11,1,9,0,0,0,1,2,0,5,2,5,3,9
2021.0,-103.0,1.0,0.0,3,6,3,0,0,0,1,2,1,1,0,0,2,1,1,14,1,9,0,0,0,1,2,0,10,8,5,8,3
2021.0,123.0,1.0,0.0,3,10,3,0,0,0,1,9,1,1,0,0,9,1,1,14,1,9,0,0,0,1,1,0,10,9,5,8,2
2021.0,0.0,0.0,0.0,3,2,3,0,0,0,1,9,1,1,0,0,5,1,1,18,1,9,0,1,0,2,2,0,4,2,5,3,3
2021.0,-32.0,1.0,0.0,2,4,0,0,0,0,1,1,1,1,0,0,9,1,1,21,1,9,0,0,0,2,2,0,4,4,5,3,9
2021.0,345.0,0.0,0.0,3,6,3,0,0,0,1,9,1,1,0,1,9,1,1,9,2,9,0,1,0,2,1,0,10,7,5,8,3
2021.0,-156.0,1.0,0.0,3,6,3,0,0,0,0,1,1,1,0,1,1,1,1,10,2,9,0,0,0,2,1,0,10,7,5,8,3
2021.0,0.0,2.0,0.0,2,4,3,0,0,0,1,1,1,1,0,1,9,1,1,11,2,9,0,0,0,0,1,0,4,2,5,3,9
2021.0,-150.0,0.0,0.0,3,4,3,0,0,0,1,9,1,1,0,1,1,1,1,11,2,9,0,0,0,1,2,0,0,5,5,3,3
2021.0,-120.0,1.0,0.0,2,2,3,0,0,0,0,1,1,1,0,0,5,1,1,13,2,9,0,0,0,1,1,0,6,2,5,3,9
2021.0,0.0,1.0,0.0,2,5,3,4,0,0,2,9,1,1,3,0,5,1,1,14,2,9,0,0,0,3,2,0,10,2,5,7,9
2021.0,-477.0,0.0,0.0,3,6,3,0,0,0,1,2,1,1,0,1,2,1,1,15,2,9,0,0,0,1,0,0,6,8,5,8,3
2021.0,378.0,0.0,0.0,3,4,3,0,0,0,0,5,1,1,0,1,9,1,1,16,2,9,0,1,0,1,2,0,10,2,5,3,9
2021.0,-75.0,1.0,0.0,3,6,3,0,0,0,1,2,1,1,0,0,2,1,1,18,2,9,0,1,0,1,1,0,10,7,5,8,3
2021.0,0.0,2.0,0.0,1,4,0,0,0,0,0,3,1,1,0,1,9,1,1,20,2,9,0,0,0,2,1,0,10,4,5,3,9
2021.0,35.0,0.0,0.0,3,10,0,0,0,0,1,5,1,1,0,1,5,1,1,23,2,9,0,0,0,2,2,0,6,4,5,3,3
2021.0,0.0,0.0,0.0,3,4,3,0,0,0,1,9,1,1,0,0,1,1,1,6,3,9,0,0,0,2,2,0,4,2,5,3,9
2021.0,-67.0,1.0,0.0,3,2,3,0,0,2,1,9,1,1,0,1,2,1,1,10,3,9,0,0,0,2,0,0,10,5,5,9,7
2021.0,-89.0,0.0,0.0,3,6,3,1,0,0,1,1,1,1,0,0,1,1,1,16,3,9,0,1,0,2,0,0,10,8,5,8,3
2021.0,200.0,0.0,0.0,3,4,3,0,0,0,0,1,1,1,0,1,5,1,1,17,3,9,0,1,0,1,1,0,10,2,5,3,9
2021.0,50.0,2.0,0.0,2,6,0,0,0,0,0,5,0,1,0,0,5,1,1,23,3,9,0,0,0,1,1,0,10,7,5,3,3
2021.0,520.0,2.0,0.0,3,6,3,1,0,0,1,9,1,1,0,0,9,1,1,11,4,9,0,0,0,1,0,0,0,7,5,9,3
2021.0,198.0,0.0,0.0,3,4,3,0,0,0,0,2,1,1,0,1,5,1,1,15,4,9,0,0,0,1,1,0,0,2,5,3,9
2021.0,-1272.0,0.0,0.0,3,6,3,0,0,0,0,1,1,1,0,1,1,1,1,15,4,9,0,0,0,2,2,0,6,8,5,8,3
2021.0,0.0,0.0,0.0,3,4,3,0,0,0,1,2,1,1,0,0,5,1,1,16,4,9,0,1,0,1,2,0,4,2,5,3,9
2021.0,-867.0,0.0,0.0,3,6,5,4,0,0,1,9,1,1,0,1,9,1,1,19,4,9,0,1,0,2,1,0,6,7,5,8,3
2021.0,25.0,1.0,0.0,3,6,0,0,0,0,0,5,1,1,0,0,5,1,1,21,4,9,0,0,0,2,2,0,10,7,5,8,3
2021.0,-170.0,0.0,0.0,3,4,0,0,0,0,0,2,1,1,0,0,5,1,1,22,4,9,0,0,0,2,1,0,0,4,5,3,9
2021.0,-150.0,0.0,0.0,3,4,0,0,0,0,0,2,1,1,0,1,1,1,1,1,5,9,1,0,0,2,2,0,0,2,5,3,9
2021.0,437.0,2.0,0.0,2,3,3,0,0,0,1,5,1,1,0,0,5,1,1,10,5,9,1,0,0,1,2,0,6,9,5,3,0
2021.0,15.0,1.0,0.0,3,5,3,0,0,0,1,5,1,1,3,1,9,1,1,11,5,9,1,0,0,2,2,0,10,5,5,7,3
2021.0,444.0,0.0,0.0,3,6,3,0,0,0,1,5,1,1,0,0,5,1,1,12,5,9,1,0,0,1,1,0,6,7,5,8,3
2021.0,360.0,0.0,0.0,3,2,3,0,0,0,0,5,1,1,0,0,5,1,1,12,5,9,1,0,0,1,1,0,6,4,5,9,9
2021.0,200.0,1.0,0.0,3,6,0,0,0,0,1,5,1,1,0,0,5,1,1,22,5,9,1,0,0,1,2,0,10,7,5,3,3
2021.0,30.0,0.0,0.0,3,4,0,0,0,0,2,1,1,1,0,1,9,1,1,0,6,9,1,0,0,3,0,0,10,4,5,9,9
2021.0,0.0,1.0,0.0,3,4,0,0,0,0,1,4,0,1,0,0,5,1,1,3,6,9,1,0,0,2,1,0,4,2,5,3,9
2021.0,-42.0,1.0,0.0,3,3,0,0,0,0,0,9,1,1,0,0,4,1,1,3,6,9,1,0,0,2,1,0,4,7,5,9,3
2021.0,-200.0,0.0,0.0,3,2,3,0,0,0,1,2,0,1,0,1,2,1,1,10,6,9,1,0,0,2,2,0,6,9,5,3,3
2021.0,0.0,2.0,0.0,2,2,3,3,4,0,1,4,1,1,0,1,5,1,1,13,6,9,1,0,1,1,2,0,4,2,5,3,9
2021.0,511.0,0.0,0.0,3,2,3,3,4,0,1,3,1,1,0,0,9,1,1,14,6,9,1,0,1,1,1,0,0,2,5,3,9
2021.0,0.0,0.0,0.0,3,4,3,3,4,0,1,7,1,1,0,0,2,1,1,15,6,9,1,0,1,2,2,0,10,4,5,3,9
2021.0,60.0,0.0,0.0,3,6,0,0,0,0,0,1,1,1,0,1,1,1,1,19,6,9,1,1,0,2,2,0,10,7,5,9,3
2021.0,0.0,0.0,0.0,3,3,3,0,0,0,2,1,1,1,0,0,9,1,1,19,6,9,1,1,0,3,1,0,10,5,5,8,5
2021.0,0.0,0.0,0.0,3,3,0,0,0,0,1,2,1,1,0,0,5,1,1,20,6,9,1,0,0,2,1,0,4,2,5,3,9
2021.0,0.0,0.0,0.0,3,2,0,0,0,0,0,9,1,1,0,1,1,1,1,22,6,9,1,0,0,1,1,0,10,2,5,3,9
2021.0,-500.0,0.0,0.0,3,10,3,1,0,0,1,1,1,1,0,1,1,1,1,7,0,9,0,1,0,0,1,0,8,5,5,5,5
2021.0,0.0,1.0,0.0,3,4,3,1,0,0,0,2,1,1,0,1,5,1,1,11,0,9,0,0,0,1,1,0,4,2,5,3,9
2021.0,-255.0,0.0,0.0,3,6,3,0,0,0,0,2,1,1,0,1,2,1,1,16,0,9,0,1,0,2,0,0,6,5,5,8,3
2021.0,-383.0,3.0,0.0,3,4,3,0,0,0,1,9,1,1,0,0,1,1,1,17,0,9,0,1,0,1,1,0,0,2,5,3,9
2021.0,250.0,1.0,0.0,3,6,3,0,0,0,1,1,1,1,1,1,1,1,1,8,1,9,0,1,0,2,1,0,6,7,5,6,3
2021.0,0.0,1.0,0.0,2,5,3,0,0,0,1,9,1,1,2,1,2,1,1,8,1,9,0,1,0,1,1,0,4,2,5,3,9
2021.0,-143.0,1.0,0.0,2,5,3,0,0,2,1,2,1,1,0,1,9,1,1,8,1,9,0,1,0,1,1,0,6,2,5,9,3
2021.0,0.0,0.0,0.0,3,2,3,0,0,0,0,9,1,1,0,0,1,1,1,11,1,9,0,0,0,1,1,0,4,5,5,3,9
2021.0,234.0,0.0,0.0,3,6,3,0,0,0,1,9,1,1,0,1,9,1,1,14,1,9,0,0,0,2,1,0,10,7,5,8,3
2021.0,355.0,0.0,0.0,3,2,3,0,0,0,0,1,1,1,0,1,1,1,1,15,1,9,0,0,0,2,1,0,6,5,5,3,6
2021.0,563.0,0.0,0.0,3,2,3,0,0,0,0,1,1,1,0,1,5,1,1,16,1,9,0,1,0,2,1,0,0,2,5,3,9
2021.0,0.0,2.0,0.0,3,4,0,0,0,0,1,1,1,1,0,0,9,1,1,18,1,9,0,1,0,1,2,0,4,5,5,3,9
2021.0,-15.0,1.0,0.0,3,5,0,0,0,2,1,2,1,1,0,1,9,1,1,21,1,9,0,0,0,1,2,0,10,2,5,3,7
2021.0,0.0,0.0,0.0,3,4,0,0,0,0,0,1,1,1,0,1,5,1,1,22,1,9,0,0,0,2,2,0,4,2,5,3,9
2021.0,38.0,1.0,0.0,3,5,3,0,0,2,1,1,1,1,0,0,5,1,1,6,2,9,0,0,0,1,1,0,10,2,5,9,3
2021.0,199.0,0.0,0.0,3,5,3,0,0,0,1,2,1,1,1,1,1,1,1,8,2,9,0,1,0,2,1,0,6,2,5,8,9
2021.0,98.0,0.0,0.0,3,6,3,1,0,0,0,5,1,1,0,1,5,1,1,12,2,9,0,0,0,1,2,0,10,8,5,8,3
2021.0,-560.0,1.0,0.0,3,4,3,1,0,0,0,2,1,1,0,1,1,1,1,17,2,9,0,1,0,1,2,0,6,2,5,3,9
2021.0,-570.0,0.0,0.0,3,4,3,0,0,0,0,4,1,1,0,0,1,1,1,7,3,9,0,1,0,1,2,0,6,5,5,3,9
2021.0,-475.0,3.0,0.0,2,6,3,0,0,0,0,2,1,1,0,1,2,1,1,8,3,9,0,1,0,1,1,0,10,7,7,3,3
2021.0,150.0,0.0,0.0,3,10,3,0,0,0,0,1,1,1,0,0,1,1,1,9,3,9,0,1,0,2,1,0,10,5,5,8,2
2021.0,33.0,1.0,0.0,2,5,3,0,0,0,0,2,1,1,3,0,9,1,1,11,3,9,0,0,0,1,2,0,10,2,5,7,3
2021.0,1540.0,0.0,0.0,3,6,3,0,0,0,0,5,1,1,0,1,5,1,1,13,3,9,0,0,0,2,0,0,6,7,5,8,3
2021.0,-575.0,0.0,0.0,3,2,3,0,0,0,0,2,1,1,0,1,1,1,1,14,3,9,0,0,0,0,0,0,0,2,5,3,9
2021.0,-185.0,1.0,0.0,2,2,0,0,0,0,0,9,1,1,0,0,2,1,1,16,3,9,0,1,0,2,2,0,6,2,5,3,9
2021.0,-203.0,1.0,0.0,1,5,3,1,0,2,1,5,1,1,0,1,1,1,1,16,3,9,0,1,0,1,1,0,6,2,5,3,7
2021.0,-160.0,1.0,0.0,2,5,0,0,0,2,1,1,1,1,0,1,1,1,1,18,3,9,0,1,0,1,1,0,6,5,5,3,3
2021.0,-322.0,1.0,0.0,3,2,0,0,0,0,0,2,1,1,0,0,5,1,1,20,3,9,0,0,0,1,1,0,6,5,5,3,9
2021.0,-5.0,0.0,0.0,3,6,0,0,0,0,1,1,1,1,0,0,1,1,1,20,3,9,0,0,0,2,1,0,10,7,5,3,3
2021.0,0.0,0.0,0.0,3,2,0,0,0,0,0,3,1,1,0,1,9,1,1,21,3,9,0,0,0,3,1,0,4,2,5,3,9
2021.0,783.0,1.0,0.0,1,5,0,0,0,2,1,5,1,1,0,1,9,1,1,21,3,9,0,0,0,2,1,0,6,2,5,3,7
2021.0,-300.0,0.0,0.0,3,2,0,0,0,0,1,9,1,1,0,0,9,1,1,22,3,9,0,0,0,1,2,0,5,2,5,3,2
2021.0,0.0,1.0,0.0,2,2,0,0,0,0,1,2,0,1,1,1,1,1,1,23,3,9,0,0,0,1,1,0,10,7,5,6,3
2021.0,93.0,1.0,0.0,2,6,0,0,0,0,1,9,1,0,0,1,9,1,1,0,4,10,0,0,0,2,2,0,6,7,5,8,3
2021.0,-280.0,0.0,0.0,3,10,3,0,0,0,0,9,1,1,0,1,9,1,1,9,4,10,0,1,0,1,1,0,0,5,5,3,9
2021.0,30.0,0.0,0.0,3,6,3,4,0,0,2,5,1,1,0,0,5,1,1,10,4,10,0,0,0,3,2,0,5,7,5,3,5
2021.0,-236.0,0.0,0.0,3,2,3,0,0,0,1,1,1,1,0,0,1,1,1,11,4,10,0,0,0,3,1,0,0,4,5,3,9
2021.0,182.0,1.0,0.0,2,2,3,0,0,0,0,2,1,1,0,1,9,1,1,13,4,10,0,0,0,2,0,0,0,2,5,9,9
2021.0,183.0,0.0,0.0,3,5,3,0,0,0,1,5,1,1,1,1,1,1,1,13,4,10,0,0,0,2,2,0,0,5,5,6,1
2021.0,-288.0,2.0,0.0,2,4,3,0,0,0,0,5,1,1,0,0,9,1,1,15,4,10,0,0,0,2,2,0,6,2,5,3,9
2021.0,0.0,1.0,0.0,3,4,3,0,0,0,0,9,1,1,0,1,1,1,1,15,4,10,0,0,0,2,2,0,5,2,5,3,9
2021.0,156.0,1.0,0.0,3,6,3,0,0,0,1,1,1,1,0,0,1,1,1,16,4,10,0,1,0,1,1,0,6,7,5,8,3
2021.0,-567.0,3.0,0.0,3,4,3,0,0,0,1,9,1,1,0,1,1,1,1,9,5,10,1,1,0,1,1,0,6,5,5,3,9
2021.0,-15.0,0.0,0.0,3,10,3,0,0,0,1,2,1,1,0,0,3,1,1,14,5,10,1,0,0,2,1,0,10,5,5,9,9
2021.0,25.0,0.0,0.0,3,5,3,0,0,0,1,5,1,1,1,1,8,1,1,15,5,10,1,0,0,0,0,0,10,5,5,6,9
2021.0,0.0,0.0,0.0,3,3,3,0,0,0,1,2,1,1,0,0,1,1,1,16,5,10,1,1,0,1,1,0,6,4,5,3,9
2021.0,0.0,0.0,0.0,3,4,3,0,0,0,0,1,1,1,0,1,9,1,1,16,5,10,1,1,0,1,1,0,4,2,5,3,9
2021.0,0.0,2.0,0.0,2,4,3,0,0,0,0,9,1,1,0,1,1,1,1,16,5,10,1,1,0,2,1,0,5,2,5,3,9
2021.0,-78.0,0.0,0.0,3,4,3,0,0,0,1,9,1,1,0,1,5,1,1,17,5,10,1,1,0,2,1,0,4,5,5,3,9
2021.0,0.0,2.0,0.0,3,2,5,4,0,0,1,5,1,1,0,1,9,1,1,0,6,10,1,0,0,1,1,0,4,2,5,3,3
2021.0,-605.0,0.0,0.0,3,6,3,0,0,0,1,1,1,1,0,0,1,1,1,17,6,10,1,1,0,1,0,0,9,5,5,8,3
2021.0,0.0,0.0,0.0,3,2,4,0,0,0,1,9,1,1,0,1,2,1,1,17,6,10,1,1,0,0,2,0,4,5,5,3,9
2021.0,0.0,0.0,0.0,3,4,0,0,0,0,2,1,1,1,0,1,9,1,1,0,0,10,0,0,0,3,2,0,4,2,5,3,9
2021.0,160.0,0.0,0.0,3,10,3,0,0,0,1,2,1,0,0,1,2,1,1,6,0,10,0,0,0,1,1,0,6,9,5,3,3
2021.0,0.0,3.0,0.0,3,4,3,1,0,0,1,2,1,1,0,0,5,1,1,15,0,10,0,0,0,2,2,0,4,2,5,3,9
2021.0,-100.0,0.0,0.0,3,10,0,0,0,0,1,5,1,1,0,0,5,1,1,19,0,10,0,1,0,1,0,0,10,5,5,5,5
2021.0,-250.0,0.0,0.0,3,6,0,3,4,0,0,2,0,1,0,1,2,1,1,23,0,10,0,0,1,2,2,0,10,7,5,8,3
2021.0,94.0,0.0,0.0,3,6,2,0,0,0,2,9,1,1,0,1,9,1,1,5,1,10,0,0,0,3,1,0,10,7,5,8,3
2021.0,62.0,0.0,0.0,3,2,3,1,0,0,0,9,1,1,0,0,1,1,1,7,1,10,0,1,0,2,1,0,10,2,5,3,9
2021.0,0.0,0.0,0.0,3,2,3,3,4,0,2,9,1,1,0,1,5,1,1,12,1,10,0,0,1,3,1,0,5,2,5,9,3
2021.0,337.0,0.0,0.0,3,2,3,1,4,0,0,2,1,1,0,1,1,1,1,13,1,10,0,0,1,1,0,0,0,2,5,3,9
2021.0,300.0,2.0,0.0,3,2,3,1,0,0,0,9,1,1,0,1,9,1,1,14,1,10,0,0,0,1,1,0,0,4,5,3,9
2021.0,-106.0,0.0,0.0,3,6,3,0,0,0,0,2,1,1,0,0,2,1,1,12,2,10,0,0,0,2,1,0,10,8,5,8,5
2021.0,0.0,0.0,0.0,3,4,3,0,0,0,2,1,1,1,0,0,9,1,1,15,2,10,0,0,0,3,0,0,5,2,5,3,9
2021.0,0.0,0.0,0.0,3,4,3,0,0,0,0,9,1,1,0,1,1,1,1,16,2,10,0,1,0,2,0,0,4,2,5,3,9
2021.0,-153.0,0.0,0.0,3,6,3,0,0,0,0,2,1,1,0,1,2,1,1,16,2,10,0,1,0,1,2,0,10,7,5,8,3
2021.0,-15.0,0.0,0.0,3,10,0,0,0,0,0,5,1,1,1,1,5,1,1,18,2,10,0,1,0,1,1,0,6,7,5,6,3
2021.0,0.0,0.0,0.0,3,4,0,0,0,0,1,1,1,1,0,0,9,1,1,21,2,10,0,0,0,1,1,0,10,2,5,3,9
2021.0,-349.0,1.0,0.0,1,2,3,0,0,0,1,2,1,1,0,1,1,1,1,9,3,10,0,1,0,2,1,0,0,5,5,9,3
2021.0,0.0,0.0,0.0,3,4,3,0,0,0,1,3,1,1,0,0,9,1,1,10,3,10,0,0,0,1,1,0,10,5,5,9,3
2021.0,300.0,0.0,0.0,3,6,3,0,0,0,2,5,1,1,0,1,5,1,1,10,3,10,0,0,0,3,1,0,0,7,5,9,3
2021.0,0.0,0.0,0.0,3,4,3,0,0,0,1,9,1,1,0,0,5,1,1,11,3,10,0,0,0,2,1,0,4,2,5,3,3
2021.0,0.0,0.0,0.0,3,2,3,0,0,0,0,1,1,1,0,0,5,1,1,11,3,10,0,0,0,2,0,0,4,2,5,3,9
2021.0,100.0,0.0,0.0,3,6,3,0,0,0,2,5,1,1,0,1,5,1,1,12,3,10,0,0,0,3,1,0,10,8,5,8,3
2021.0,196.0,2.0,0.0,2,2,3,1,0,0,1,1,1,1,0,0,5,1,1,12,3,10,0,0,0,1,2,0,0,2,5,3,9
2021.0,700.0,0.0,0.0,3,6,3,0,0,0,1,2,1,1,0,0,2,1,1,14,3,10,0,0,0,3,0,0,6,9,5,3,2
2021.0,607.0,3.0,0.0,2,2,3,1,0,0,0,5,1,1,0,0,9,1,1,14,3,10,0,0,0,1,2,0,0,2,5,3,9
2021.0,1280.0,3.0,0.0,2,4,3,1,0,0,1,2,1,1,0,0,1,1,1,15,3,10,0,0,0,2,1,0,6,2,5,3,9
2021.0,122.0,3.0,0.0,2,6,3,1,0,0,1,1,1,1,0,1,1,1,1,17,3,10,0,1,0,1,1,0,6,8,5,8,3
2021.0,0.0,1.0,0.0,2,6,0,0,0,0,1,2,0,1,0,1,2,1,1,18,3,10,0,1,0,1,1,0,6,7,5,8,3
2021.0,500.0,2.0,0.0,2,6,0,0,0,0,0,5,1,1,0,1,5,1,1,18,3,10,0,1,0,2,1,0,6,8,5,8,3
2021.0,-573.0,0.0,0.0,3,2,0,0,0,0,1,1,1,1,0,1,2,1,1,21,3,10,0,0,0,1,0,0,0,2,5,3,9
2021.0,-114.0,0.0,0.0,3,10,3,0,0,0,2,9,1,1,0,0,9,1,1,8,4,10,0,1,0,3,1,0,10,7,5,8,3
2021.0,50.0,1.0,0.0,3,6,3,0,0,0,0,5,1,1,0,1,5,1,1,10,4,10,0,0,0,2,1,0,6,8,5,8,3
2021.0,-555.0,1.0,0.0,3,6,3,0,0,0,1,1,1,1,0,0,1,1,1,11,4,10,0,0,0,2,2,0,6,7,5,8,3
2021.0,-277.0,2.0,0.0,3,6,3,0,0,0,1,5,1,1,0,1,5,1,1,15,4,10,0,0,0,2,1,0,6,8,5,8,3
2021.0,0.0,0.0,0.0,3,4,3,0,0,0,0,1,1,1,0,1,2,1,1,16,4,10,0,1,0,0,2,0,5,2,5,3,9
2021.0,-70.0,0.0,0.0,3,10,3,1,0,0,0,1,1,1,0,1,1,1,1,17,4,10,0,1,0,1,1,0,10,9,5,8,3
2021.0,-100.0,1.0,0.0,2,10,4,0,0,0,1,1,1,1,0,1,1,1,1,18,4,10,0,1,0,1,1,0,6,9,5,3,2
2021.0,0.0,0.0,0.0,3,10,0,0,0,0,2,1,1,1,0,0,1,1,1,19,4,10,0,1,0,3,2,0,5,9,5,3,2
2021.0,-175.0,0.0,0.0,3,6,0,0,0,0,2,2,1,1,0,0,2,1,1,21,4,10,0,0,0,3,1,0,6,9,5,3,3
2021.0,0.0,0.0,0.0,3,4,0,1,0,0,1,9,0,1,0,1,1,0,1,23,4,10,0,0,0,2,1,0,4,2,5,3,9
2021.0,272.0,0.0,0.0,3,6,3,0,0,0,1,1,1,1,1,1,1,1,1,0,5,10,1,0,0,1,1,0,6,5,5,6,3
2021.0,0.0,1.0,0.0,2,4,0,0,0,0,1,5,1,1,0,0,1,1,1,0,5,10,1,0,0,1,2,0,6,4,5,3,9
2021.0,0.0,2.0,0.0,3,2,3,0,0,0,0,5,1,1,0,1,2,1,1,9,5,10,1,1,0,1,1,0,5,2,5,3,9
2021.0,0.0,0.0,0.0,3,2,3,0,0,0,1,9,1,1,0,0,2,1,1,17,5,10,1,1,0,1,2,0,5,2,5,3,9
2021.0,-100.0,0.0,0.0,3,10,4,0,0,0,0,5,1,1,0,1,5,1,1,17,5,10,1,1,0,2,1,0,6,4,5,3,9
2021.0,-75.0,0.0,0.0,3,6,0,0,0,0,2,1,1,1,0,0,1,1,1,18,5,10,1,1,0,3,1,0,10,7,5,8,3
2021.0,0.0,0.0,0.0,3,9,0,0,0,0,0,3,1,1,0,1,9,1,1,20,5,10,1,0,0,1,2,0,5,2,5,3,9
2021.0,-25.0,1.0,0.0,3,5,0,0,0,3,1,2,1,1,0,0,9,1,1,22,5,10,1,0,0,1,2,0,10,2,5,3,7
2021.0,35.0,0.0,0.0,3,10,0,0,0,0,2,9,1,1,0,1,9,1,1,0,6,10,1,0,0,3,1,0,6,9,5,3,3
2021.0,0.0,0.0,0.0,3,6,3,0,0,0,1,9,1,1,0,1,9,1,1,16,6,10,1,1,0,2,0,0,10,5,5,3,3
2021.0,-686.0,0.0,0.0,3,9,3,0,0,0,2,5,1,1,0,1,2,1,1,6,0,10,0,0,0,3,0,0,0,9,5,9,3
2021.0,570.0,1.0,0.0,1,10,3,1,0,0,1,9,0,1,0,1,9,1,1,7,0,10,0,1,0,1,1,0,6,9,5,3,2
2021.0,-205.0,0.0,0.0,3,10,3,0,0,0,2,2,1,1,0,1,2,1,1,7,0,10,0,1,0,3,1,0,10,9,5,8,2
2021.0,-20.0,1.0,0.0,1,5,3,0,0,3,1,5,1,1,0,0,9,1,1,8,0,10,0,1,0,0,1,0,10,2,5,3,7
2021.0,0.0,2.0,0.0,2,2,3,0,0,0,0,1,1,1,0,1,5,1,1,8,0,10,0,1,0,1,2,0,4,2,5,3,3
2021.0,-136.0,1.0,0.0,3,6,0,4,3,0,0,2,1,1,0,0,2,1,1,10,0,10,0,0,0,1,0,0,4,5,5,3,3
2021.0,-200.0,0.0,0.0,3,5,3,0,0,0,2,8,1,1,1,1,5,1,1,14,0,10,0,0,0,3,1,0,6,7,5,6,5
2021.0,-127.0,1.0,0.0,3,6,3,0,0,0,1,9,1,1,0,0,9,1,1,11,1,10,0,0,0,1,1,0,6,8,5,8,3
2021.0,15.0,1.0,0.0,3,5,3,0,0,0,0,5,1,1,3,0,2,1,1,14,1,10,0,0,0,1,1,0,10,5,5,7,3
2021.0,0.0,4.0,0.0,2,4,3,0,0,0,1,1,1,1,0,1,9,1,1,16,1,10,0,1,0,1,2,0,4,2,5,3,9
2021.0,388.0,1.0,0.0,2,4,0,0,0,0,1,5,1,1,0,1,2,1,1,18,1,10,0,1,0,1,1,0,0,2,5,3,9
2021.0,607.0,0.0,0.0,3,6,4,0,0,0,1,9,0,1,0,0,9,1,1,19,1,10,0,1,0,1,1,0,6,7,5,8,3