Year,Distance,Totalinjuries,Totalfatalities,Injuryseverity,Collisionmanner,Lightcondition,Weather,SurfaceCondition,Unittype_One,Gender_Drv1,Traveldirection_One,AlcoholUse_Drv1,DrugUse_Drv1,Unittype_Two,Gender_Drv2,Traveldirection_Two,AlcoholUse_Drv2,DrugUse_Drv2,Hour,Weekday,Month,Weekend,Rush_Hour,Hazardous_Road,Age_Group_Drv1,Age_Group_Drv2,Substance_Use,Junction_Category,Violation_Category_Drv1,Violation_Category_Drv2,Unitaction_Category_Two,Unitaction_Category_One
2021.0,0.0,0.0,0.0,3,4,0,0,0,0,1,5,1,1,0,1,2,1,1,23,1,10,0,0,0,1,1,0,4,2,5,3,9
2021.0,-78.0,4.0,0.0,1,2,3,0,0,0,0,5,1,0,0,1,1,1,1,10,2,10,0,0,0,1,1,0,0,9,5,8,3
2021.0,-821.0,0.0,0.0,3,6,3,0,0,0,0,2,1,1,0,0,2,1,1,10,2,10,0,0,0,1,0,0,6,7,5,8,3
2021.0,111.0,1.0,0.0,3,10,3,0,0,0,1,2,1,1,0,1,2,1,1,12,2,10,0,0,0,2,0,0,6,9,5,3,2
2021.0,-43.0,1.0,0.0,3,2,3,0,0,2,1,2,1,1,0,0,1,1,1,12,2,10,0,0,0,0,1,0,10,5,5,9,7
2021.0,-70.0,0.0,0.0,3,2,3,0,0,0,2,2,1,1,0,0,1,1,1,13,2,10,0,0,0,3,2,0,6,2,5,8,3
2021.0,0.0,2.0,0.0,3,4,3,0,0,0,0,1,1,1,0,1,9,1,1,14,2,10,0,0,0,0,1,0,4,2,5,3,9
2021.0,280.0,0.0,0.0,3,2,3,0,0,0,0,2,1,1,0,0,1,1,1,14,2,10,0,0,0,2,0,0,0,2,5,3,9
2021.0,-160.0,3.0,0.0,2,4,3,0,0,0,1,9,1,1,0,0,2,1,1,16,2,10,0,1,0,2,2,0,0,2,5,3,9
2021.0,0.0,0.0,0.0,3,4,3,0,0,0,1,1,1,1,0,0,9,1,1,17,2,10,0,1,0,0,2,0,5,2,5,3,9
2021.0,140.0,0.0,0.0,3,10,3,0,0,0,2,5,1,1,0,1,5,1,1,17,2,10,0,1,0,3,1,0,6,9,5,3,2
2021.0,50.0,0.0,0.0,3,10,3,0,0,0,2,5,1,1,0,0,5,1,1,17,2,10,0,1,0,3,1,0,10,9,5,3,2
2021.0,0.0,1.0,0.0,2,2,3,0,0,0,0,9,1,1,0,0,3,1,1,8,3,10,0,1,0,1,1,0,5,2,5,3,9
2021.0,0.0,0.0,0.0,3,2,3,0,0,0,1,1,1,1,0,1,5,1,1,9,3,10,0,1,0,1,1,0,5,2,5,3,9
2021.0,0.0,1.0,0.0,2,2,3,0,0,2,1,9,1,1,0,1,5,1,1,12,3,10,0,0,0,1,1,0,5,2,5,3,3
2021.0,188.0,0.0,0.0,3,2,3,0,0,0,1,9,1,1,0,0,2,1,1,14,3,10,0,0,0,1,2,0,10,2,5,3,9
2021.0,0.0,0.0,0.0,3,2,3,0,0,0,1,9,1,1,0,1,2,1,1,16,3,10,0,1,0,2,1,0,5,5,5,9,3
2021.0,282.0,1.0,0.0,2,4,3,0,0,0,0,9,1,1,0,1,1,1,1,17,3,10,0,1,0,2,1,0,6,2,5,3,9
2021.0,220.0,2.0,0.0,2,2,3,0,0,0,1,2,1,1,0,1,1,1,1,17,3,10,0,1,0,1,2,0,0,2,5,3,9
2021.0,-210.0,0.0,0.0,3,6,4,0,0,0,2,1,1,1,0,0,1,1,1,18,3,10,0,1,0,3,1,0,10,8,5,8,3
2021.0,-132.0,0.0,0.0,3,2,0,0,0,0,0,1,1,1,0,0,5,1,1,18,3,10,0,1,0,1,2,0,0,2,5,3,9
2021.0,74.0,2.0,0.0,3,6,3,0,0,0,0,9,1,1,0,0,9,1,1,7,4,10,0,1,0,1,1,0,10,8,5,8,3
2021.0,0.0,1.0,0.0,3,10,3,0,0,0,0,5,1,1,0,1,5,1,1,10,4,10,0,0,0,1,2,0,6,7,5,3,2
2021.0,-392.0,1.0,0.0,2,6,3,0,0,0,1,9,1,1,0,0,9,1,1,15,4,10,0,0,0,1,1,0,6,7,5,8,3
2021.0,0.0,0.0,0.0,3,4,3,0,0,0,0,1,1,1,0,0,9,1,1,16,4,10,0,1,0,1,1,0,4,2,5,3,9
2021.0,-538.0,2.0,0.0,3,6,3,0,0,0,0,2,1,1,0,1,2,1,1,17,4,10,0,1,0,2,0,0,10,7,5,8,3
2021.0,0.0,1.0,0.0,3,3,4,0,0,0,0,2,1,1,3,0,1,1,1,18,4,10,0,1,0,3,2,0,4,2,5,7,3
2021.0,345.0,0.0,0.0,3,6,0,0,0,0,1,1,1,1,0,0,1,1,1,18,4,10,0,1,0,2,2,0,6,7,5,8,3
2021.0,190.0,0.0,0.0,3,9,0,0,0,0,2,6,1,1,0,0,9,1,1,18,4,10,0,1,0,3,1,0,6,4,5,3,9
2021.0,400.0,0.0,0.0,3,4,0,0,0,0,0,1,1,1,0,0,9,1,1,18,4,10,0,1,0,1,0,0,0,2,5,3,9
2021.0,0.0,0.0,0.0,3,4,0,0,0,0,1,1,1,1,0,1,5,1,1,19,4,10,0,1,0,2,2,0,5,2,5,3,9
2021.0,150.0,1.0,0.0,2,6,0,0,0,0,0,1,1,1,0,0,9,1,1,19,4,10,0,1,0,1,2,0,6,5,5,3,1
2021.0,90.0,0.0,0.0,3,10,0,0,0,0,1,9,1,0,0,0,9,1,1,21,4,10,0,0,0,1,1,0,10,7,5,8,3
2021.0,-105.0,0.0,0.0,3,10,0,0,0,0,2,9,1,1,1,1,9,1,1,2,5,10,1,0,0,3,1,0,6,7,5,6,3
2021.0,100.0,0.0,0.0,3,9,0,0,0,0,2,5,1,1,0,1,2,1,1,3,5,10,1,0,0,3,1,0,10,9,5,3,3
2021.0,29.0,1.0,0.0,3,4,3,0,0,0,1,5,1,1,3,0,2,1,1,11,5,10,1,0,0,1,2,0,10,2,5,7,9
2021.0,-76.0,0.0,0.0,3,6,3,0,0,0,1,1,1,1,0,1,1,1,1,11,5,10,1,0,0,1,1,0,10,7,5,8,3
2021.0,100.0,1.0,0.0,3,6,3,0,0,0,1,1,1,1,0,1,1,1,1,14,5,10,1,0,0,2,1,0,10,8,5,8,3
2021.0,0.0,2.0,0.0,2,4,3,0,0,0,1,1,1,1,0,1,9,1,1,16,5,10,1,1,0,1,1,0,4,2,5,3,9
2021.0,-100.0,3.0,0.0,3,4,3,0,0,0,1,1,1,1,0,0,2,1,1,17,5,10,1,1,0,1,2,0,10,2,5,3,9
2021.0,-69.0,0.0,0.0,3,6,4,0,0,0,1,2,1,1,0,1,2,1,1,18,5,10,1,1,0,2,1,0,10,7,5,3,3
2021.0,-100.0,0.0,0.0,3,6,0,0,0,0,1,2,1,1,0,0,2,1,1,20,5,10,1,0,0,2,2,0,6,5,7,8,8
2021.0,325.0,0.0,1.0,0,5,0,0,0,3,0,5,1,1,0,1,1,1,1,21,5,10,1,0,0,1,1,0,6,2,5,3,7
2021.0,144.0,0.0,0.0,3,5,0,0,0,0,2,8,1,1,1,1,9,1,1,22,5,10,1,0,0,3,1,0,6,5,5,6,5
2021.0,52.0,0.0,0.0,3,10,3,0,0,0,1,9,1,1,1,1,9,1,1,12,6,10,1,0,0,1,1,0,6,7,5,6,3
2021.0,0.0,0.0,0.0,3,2,3,0,0,0,1,9,1,1,0,1,5,1,1,14,6,10,1,0,0,1,2,0,4,5,5,3,3
2021.0,0.0,0.0,0.0,3,10,0,0,0,0,1,5,1,1,1,1,5,1,1,18,6,10,1,1,0,1,1,0,6,7,5,6,3
2021.0,0.0,2.0,0.0,3,2,0,0,0,0,1,5,1,1,0,1,9,1,1,20,6,10,1,0,0,2,1,0,4,2,5,3,3
2021.0,0.0,0.0,0.0,3,10,0,0,0,0,2,1,1,1,0,0,1,1,1,0,0,10,0,0,0,3,2,0,4,9,5,8,8
2021.0,0.0,1.0,0.0,2,2,3,0,0,2,0,9,1,1,0,1,2,1,1,8,0,10,0,1,0,2,1,0,5,5,5,8,3
2021.0,-65.0,1.0,0.0,2,10,3,0,0,0,1,5,1,0,1,1,5,1,1,12,0,10,0,0,0,1,1,0,6,7,5,6,3
2021.0,225.0,0.0,0.0,3,11,3,0,0,0,0,1,1,1,0,0,1,1,1,12,0,10,0,0,0,2,1,0,6,4,5,3,9
2021.0,284.0,1.0,0.0,2,5,3,0,0,2,0,1,1,1,0,0,5,1,1,14,0,10,0,0,0,1,2,0,0,5,5,9,3
2021.0,1400.0,0.0,0.0,3,10,3,0,0,0,1,5,1,1,0,1,5,1,1,14,0,10,0,0,0,1,1,0,6,9,5,3,2
2021.0,-21.0,1.0,0.0,3,2,0,0,0,2,0,1,1,1,0,0,1,1,1,18,0,10,0,1,0,1,2,0,10,2,4,9,3
2021.0,752.0,1.0,0.0,3,2,3,0,0,0,0,2,1,1,0,0,1,1,1,7,1,10,0,1,0,1,1,0,0,2,5,3,9
2021.0,105.0,1.0,0.0,2,5,3,0,0,3,0,2,1,1,0,1,1,1,1,9,1,10,0,1,0,2,1,0,10,5,5,3,5
2021.0,45.0,0.0,0.0,3,2,3,0,0,0,2,1,1,1,0,1,1,1,1,16,1,10,0,1,0,3,1,0,10,7,5,3,3
2021.0,0.0,0.0,0.0,3,2,0,0,0,0,1,2,1,1,0,1,5,1,1,18,1,10,0,1,0,2,2,0,4,2,5,9,9
2021.0,0.0,2.0,0.0,3,4,0,0,0,0,1,2,1,1,0,1,5,1,1,19,1,10,0,1,0,1,1,0,4,2,5,9,3
2021.0,0.0,2.0,0.0,2,11,0,0,0,0,1,5,0,1,0,0,1,1,1,20,1,10,0,0,0,3,1,0,4,9,5,9,3
2021.0,188.0,1.0,0.0,3,6,0,0,0,0,0,9,0,1,0,1,9,1,1,22,1,10,0,0,0,2,1,0,6,7,5,9,3
2021.0,-150.0,0.0,0.0,3,6,3,0,0,0,0,1,1,1,0,1,1,1,1,14,2,10,0,0,0,2,1,0,10,7,5,8,3
2021.0,42.0,1.0,0.0,3,5,3,0,0,2,1,9,1,1,0,1,5,1,1,14,2,10,0,0,0,2,0,0,10,5,5,9,7
2021.0,-246.0,0.0,0.0,3,6,3,0,0,0,1,5,1,1,0,0,5,1,1,15,2,10,0,0,0,2,2,0,10,7,5,8,3
2021.0,0.0,1.0,0.0,3,4,3,0,0,0,0,5,1,1,0,1,9,1,1,15,2,10,0,0,0,1,1,0,5,2,5,3,9
2021.0,-100.0,0.0,0.0,3,6,3,0,0,0,1,1,1,1,0,0,1,1,1,16,2,10,0,1,0,2,2,0,10,8,5,8,3
2021.0,0.0,0.0,0.0,3,4,4,0,0,0,0,2,1,1,0,1,5,1,1,17,2,10,0,1,0,2,1,0,4,2,5,3,9
2021.0,-115.0,0.0,0.0,3,6,0,0,0,0,1,2,1,1,0,0,2,1,1,18,2,10,0,1,0,2,2,0,10,7,5,8,3
2021.0,0.0,0.0,0.0,3,4,0,0,0,0,0,1,1,1,0,1,9,1,1,18,2,10,0,1,0,2,2,0,4,2,5,3,9
2021.0,0.0,0.0,0.0,3,6,0,0,0,0,0,5,0,1,0,1,5,1,1,1,3,10,0,0,0,1,2,0,10,7,5,8,3
2021.0,-124.0,0.0,0.0,3,10,0,0,0,0,1,1,1,1,1,1,1,1,1,2,3,10,0,0,0,1,1,0,6,7,5,6,3
2021.0,0.0,0.0,0.0,3,4,3,0,0,0,1,7,1,1,0,1,2,1,1,10,3,10,0,0,0,0,1,0,5,5,5,3,9
2021.0,0.0,0.0,0.0,3,4,3,0,0,0,0,5,1,1,0,0,2,1,1,10,3,10,0,0,0,2,2,0,5,2,5,3,9
2021.0,290.0,1.0,0.0,3,10,3,0,0,0,2,1,1,1,0,1,1,1,1,11,3,10,0,0,0,3,0,0,0,9,5,9,2
2021.0,0.0,0.0,0.0,3,2,3,0,0,0,1,3,1,1,0,0,1,1,1,13,3,10,0,0,0,0,2,0,0,2,5,3,3
2021.0,0.0,0.0,0.0,3,2,3,0,0,0,0,9,1,1,0,0,2,1,1,17,3,10,0,1,0,1,1,0,0,2,5,3,9
2021.0,0.0,0.0,0.0,3,10,3,4,0,0,2,1,1,1,0,0,1,1,1,17,3,10,0,1,0,3,0,0,4,5,5,3,3
2021.0,0.0,0.0,0.0,3,10,4,0,0,0,2,5,1,1,0,1,5,1,1,18,3,10,0,1,0,3,1,0,5,5,5,3,2
2021.0,0.0,1.0,0.0,3,2,0,0,0,0,1,5,1,1,0,0,2,1,1,18,3,10,0,1,0,1,1,0,6,2,5,3,9
2021.0,-20.0,0.0,0.0,3,4,0,0,0,0,1,6,0,0,0,0,9,1,1,18,3,10,0,1,0,1,1,0,5,2,5,3,9
2021.0,-65.0,2.0,0.0,2,10,3,0,0,0,0,9,1,1,0,0,9,1,1,9,4,10,0,1,0,1,0,0,10,9,5,3,2
2021.0,-110.0,0.0,0.0,3,6,3,0,0,0,0,2,1,1,0,1,2,1,1,11,4,10,0,0,0,1,1,0,5,9,5,6,9
2021.0,-227.0,0.0,0.0,3,5,3,0,0,0,1,5,1,1,0,1,2,1,1,13,4,10,0,0,0,0,1,0,6,5,5,8,1
2021.0,0.0,0.0,0.0,3,10,3,0,0,0,1,1,1,1,1,1,1,1,1,13,4,10,0,0,0,1,2,0,6,7,5,6,3
2021.0,484.0,0.0,0.0,3,11,3,0,0,0,1,9,1,1,0,1,9,1,1,14,4,10,0,0,0,0,0,0,6,4,5,3,9
2021.0,0.0,2.0,0.0,2,4,3,0,0,0,0,9,1,1,0,1,1,1,1,16,4,10,0,1,0,2,0,0,4,2,5,9,3
2021.0,140.0,1.0,0.0,2,6,0,0,0,0,1,5,1,1,0,0,5,1,1,18,4,10,0,1,0,2,2,0,6,7,5,8,3
2021.0,0.0,0.0,0.0,3,2,0,0,0,0,0,2,0,1,0,1,1,1,1,21,4,10,0,0,0,1,2,0,0,5,5,3,9
2021.0,65.0,0.0,0.0,3,6,0,0,0,0,1,1,1,1,0,1,1,1,1,22,4,10,0,0,0,1,1,0,5,7,5,3,3
2021.0,200.0,0.0,0.0,3,11,0,0,0,0,2,1,1,1,0,1,1,1,1,3,5,10,1,0,0,3,2,0,6,9,5,9,3
2021.0,0.0,1.0,0.0,2,2,3,0,0,0,1,9,0,1,0,0,5,1,1,6,5,10,1,0,0,1,1,0,4,2,5,3,3
2021.0,-25.0,0.0,0.0,3,10,0,0,0,0,1,1,1,1,0,1,1,1,1,18,5,10,1,1,0,1,0,0,10,9,5,3,3
2021.0,150.0,1.0,0.0,3,10,0,0,0,0,1,2,0,1,0,0,2,1,1,18,5,10,1,1,0,0,1,0,10,9,5,3,3
2021.0,0.0,0.0,0.0,3,4,0,0,0,0,0,4,1,1,0,0,5,1,1,18,5,10,1,1,0,1,2,0,5,2,5,3,9
2021.0,392.0,0.0,0.0,3,6,0,0,0,0,0,5,1,1,0,1,5,1,1,19,5,10,1,1,0,1,1,0,6,7,5,8,3
2021.0,669.0,0.0,0.0,3,3,0,0,0,0,0,9,0,1,1,1,1,1,1,21,5,10,1,0,0,0,1,0,6,7,5,6,3
2021.0,-50.0,1.0,0.0,2,6,0,0,0,0,1,2,1,1,0,0,2,1,1,0,6,10,1,0,0,2,2,0,6,5,5,8,1
2021.0,0.0,0.0,0.0,3,6,3,0,0,0,1,2,1,1,0,1,2,1,1,11,6,10,1,0,0,1,2,0,6,5,5,3,2
2021.0,150.0,0.0,0.0,3,6,3,0,0,0,1,2,1,1,0,1,2,1,1,15,6,10,1,0,0,1,0,0,6,7,5,8,3
2021.0,0.0,0.0,0.0,3,4,0,0,0,0,2,2,1,1,0,1,1,1,1,18,6,10,1,1,0,3,2,0,10,2,5,3,9
2021.0,-72.0,2.0,0.0,2,6,0,0,0,0,1,2,1,1,0,1,5,1,1,18,6,10,1,1,0,1,2,0,10,2,5,3,9
2021.0,0.0,1.0,0.0,3,5,0,0,0,0,2,2,1,1,3,1,9,1,1,21,6,10,1,0,0,3,1,0,4,2,5,5,9
2021.0,-98.0,1.0,0.0,3,6,0,0,0,0,1,1,0,1,0,1,1,1,1,23,6,10,1,0,0,1,1,0,10,7,5,8,3
2021.0,200.0,0.0,0.0,3,6,3,0,0,0,1,9,1,0,0,1,9,1,1,5,0,10,0,0,0,1,1,0,0,9,5,8,3
2021.0,-152.0,1.0,0.0,3,4,3,0,0,0,1,9,1,1,0,1,1,1,1,11,0,10,0,0,0,1,1,0,0,2,5,3,9
2021.0,0.0,1.0,0.0,2,2,3,0,0,0,0,1,1,1,0,1,5,1,1,16,0,10,0,1,0,2,2,0,4,2,5,3,9
2021.0,215.0,0.0,0.0,3,2,0,0,0,0,0,5,1,1,0,0,1,1,1,18,0,10,0,1,0,2,2,0,0,5,5,6,1
2021.0,-304.0,2.0,0.0,3,4,3,0,0,0,1,2,1,1,0,0,5,1,1,9,1,10,0,1,0,0,2,0,0,2,5,3,9
2021.0,0.0,2.0,0.0,3,4,0,0,0,0,1,1,1,1,0,0,9,1,1,18,1,10,0,1,0,2,0,0,4,2,5,3,9
2021.0,-297.0,0.0,0.0,3,10,0,0,0,0,1,9,1,1,0,1,9,1,1,18,1,10,0,1,0,2,1,0,6,9,5,3,2
2021.0,30.0,1.0,0.0,3,2,0,0,0,2,1,5,1,1,0,0,2,1,1,19,1,10,0,1,0,1,1,0,10,5,5,9,3
2021.0,-272.0,0.0,0.0,3,10,3,0,0,0,1,2,1,1,0,0,2,1,1,7,2,10,0,1,0,2,1,0,6,5,5,3,2
2021.0,268.0,1.0,0.0,2,5,3,0,0,3,1,9,1,1,0,0,2,1,1,8,2,10,0,1,0,2,1,0,0,2,5,2,7
2021.0,0.0,0.0,0.0,3,4,0,0,0,0,1,1,1,1,0,0,9,1,1,18,2,10,0,1,0,2,1,0,4,2,5,3,9
2021.0,-33.0,1.0,0.0,3,2,5,4,0,3,1,1,1,1,0,1,5,1,1,23,2,10,0,0,0,2,2,0,4,5,5,3,7
2021.0,0.0,1.0,0.0,1,5,0,0,0,0,2,8,1,1,0,0,8,1,1,3,3,10,0,0,0,3,0,0,4,5,5,3,3
2021.0,-72.0,0.0,0.0,3,6,3,0,0,0,1,1,1,1,0,1,1,1,1,7,3,10,0,1,0,0,2,0,10,7,5,8,3
2021.0,0.0,1.0,0.0,3,2,3,0,0,0,0,2,1,1,0,0,9,1,1,7,3,10,0,1,0,1,0,0,4,2,5,3,5
2021.0,-123.0,1.0,0.0,3,5,3,0,0,2,0,9,1,1,0,0,2,1,1,8,3,10,0,1,0,2,2,0,6,2,5,9,3
2021.0,66.0,0.0,0.0,3,6,3,0,0,0,0,5,1,1,0,0,5,1,1,12,3,10,0,0,0,3,2,0,10,8,5,8,3
2021.0,-455.0,2.0,0.0,3,2,3,0,0,0,1,9,1,1,0,0,2,1,1,14,3,10,0,0,0,2,1,0,0,2,5,3,9
2021.0,0.0,1.0,0.0,3,4,3,0,0,0,1,3,1,1,0,1,9,1,1,15,3,10,0,0,0,2,1,0,4,2,5,3,9
2021.0,0.0,0.0,0.0,3,4,0,0,0,0,1,1,1,1,0,1,1,1,1,18,3,10,0,1,0,1,1,0,4,2,5,3,9
2021.0,190.0,0.0,0.0,3,10,0,0,0,0,1,1,1,1,0,1,1,1,1,19,3,10,0,1,0,1,2,0,10,9,5,3,2
2021.0,0.0,0.0,0.0,3,4,0,0,0,0,0,6,1,1,0,0,2,1,1,20,3,10,0,0,0,2,2,0,4,2,5,3,9
2021.0,0.0,2.0,0.0,3,2,0,0,0,0,1,2,1,1,0,0,1,1,1,21,3,10,0,0,0,2,2,0,5,2,5,3,9
2021.0,0.0,0.0,0.0,3,4,3,0,0,0,0,1,1,1,0,0,9,1,1,7,4,10,0,1,0,1,1,0,4,2,5,9,3
2021.0,0.0,1.0,0.0,2,2,3,0,0,0,0,5,1,1,0,0,9,1,1,8,4,10,0,1,0,1,1,0,5,2,5,3,9
2021.0,0.0,1.0,0.0,3,4,3,0,0,0,1,9,1,1,0,1,5,1,1,8,4,10,0,1,0,1,1,0,4,2,5,9,3
2021.0,-217.0,0.0,0.0,3,2,3,0,0,0,0,9,1,1,0,0,2,1,1,16,4,10,0,1,0,1,2,0,0,2,2,9,3
2021.0,-450.0,0.0,0.0,3,6,3,0,0,0,0,1,1,1,0,0,1,1,1,16,4,10,0,1,0,1,1,0,6,7,5,8,3
2021.0,0.0,1.0,0.0,3,4,3,0,0,0,1,9,1,1,0,1,1,1,1,17,4,10,0,1,0,1,1,0,10,2,5,3,9
2021.0,46.0,0.0,0.0,3,6,0,0,0,0,0,9,1,1,0,1,9,1,1,18,4,10,0,1,0,2,1,0,6,7,5,8,3
2021.0,-25.0,0.0,0.0,3,6,0,0,0,0,0,9,1,1,0,1,9,1,1,21,4,10,0,0,0,1,1,0,10,5,5,3,3
2021.0,12.0,1.0,0.0,2,4,0,0,0,0,1,1,1,1,0,1,2,1,1,21,4,10,0,0,0,2,2,0,10,2,5,3,9
2021.0,-100.0,0.0,0.0,3,6,0,0,0,0,1,2,1,1,0,1,2,1,1,0,5,10,1,0,0,1,1,0,10,5,5,3,3
2021.0,108.0,0.0,0.0,3,6,3,0,0,0,2,9,1,1,0,0,9,1,1,10,5,10,1,0,0,3,2,0,6,7,5,8,3
2021.0,0.0,1.0,0.0,3,10,3,0,0,0,1,1,1,1,2,1,1,1,1,11,5,10,1,0,0,1,1,0,5,5,5,3,8
2021.0,115.0,1.0,0.0,2,2,2,0,0,0,1,2,1,1,0,0,1,1,1,17,5,10,1,1,0,2,1,0,8,2,5,3,9
2021.0,-50.0,1.0,0.0,3,6,0,0,0,0,1,2,1,1,0,1,2,1,1,18,5,10,1,1,0,1,2,0,10,8,5,8,3
2021.0,-200.0,0.0,0.0,3,6,0,0,0,0,0,2,0,1,0,1,2,1,1,3,6,10,1,0,0,1,2,0,10,7,5,3,3
2021.0,273.0,2.0,0.0,3,10,3,0,0,0,0,1,1,1,0,0,1,1,1,9,6,10,1,1,0,2,1,0,6,9,5,3,2
2021.0,0.0,0.0,0.0,3,4,3,0,0,0,1,5,1,1,0,0,9,1,1,11,6,10,1,0,0,1,2,0,5,2,5,3,9
2021.0,0.0,0.0,0.0,3,6,0,0,0,0,0,2,0,1,0,1,2,1,1,0,0,11,0,0,0,2,1,0,4,7,5,9,3
2021.0,0.0,0.0,0.0,3,2,3,0,0,0,2,1,1,1,0,1,5,1,1,7,0,11,0,1,0,3,1,0,4,2,5,3,9
2021.0,-700.0,0.0,0.0,3,10,0,0,0,0,0,2,1,1,0,0,2,1,1,7,0,11,0,1,0,2,1,0,6,9,5,3,2
2021.0,0.0,2.0,0.0,3,2,3,0,0,0,0,5,1,1,0,1,9,1,1,14,0,11,0,0,0,2,1,0,0,2,5,3,9
2021.0,99.0,0.0,0.0,3,10,0,0,0,0,0,5,1,1,1,1,5,1,1,18,0,11,0,1,0,0,1,0,6,7,5,6,3
2021.0,145.0,0.0,0.0,3,6,0,0,0,0,1,9,1,1,0,0,9,1,1,20,0,11,0,0,0,2,0,0,6,7,5,8,3
2021.0,20.0,0.0,0.0,3,6,0,0,0,0,1,1,1,1,0,1,9,1,1,20,0,11,0,0,0,1,2,0,4,5,5,3,1
2021.0,-476.0,0.0,0.0,3,10,3,0,0,0,0,1,1,1,0,1,1,1,1,8,1,11,0,1,0,0,1,0,6,9,5,3,2
2021.0,0.0,0.0,0.0,3,2,3,0,0,0,1,9,1,1,0,1,2,1,1,8,1,11,0,1,0,2,2,0,4,2,5,3,3
2021.0,0.0,3.0,0.0,2,2,3,0,0,0,1,2,1,1,0,0,1,1,1,12,1,11,0,0,0,2,2,0,4,2,5,3,9
2021.0,-200.0,0.0,0.0,3,10,3,0,0,0,0,5,1,1,0,1,5,1,1,12,1,11,0,0,0,0,1,0,6,9,5,3,2
2021.0,255.0,2.0,0.0,3,5,0,0,0,2,1,1,1,1,0,1,9,1,1,18,1,11,0,1,0,3,1,0,6,5,5,3,3
2021.0,360.0,1.0,0.0,3,2,0,0,0,2,1,5,1,1,0,0,9,1,1,18,1,11,0,1,0,2,2,0,0,5,5,3,3
2021.0,-380.0,0.0,0.0,3,10,0,0,0,0,0,5,1,1,0,1,5,1,1,19,1,11,0,1,0,0,2,0,6,9,5,3,2
2021.0,14.0,0.0,0.0,3,6,0,0,0,0,0,9,1,1,0,1,9,1,1,22,1,11,0,0,0,2,2,0,6,9,5,8,0
2021.0,0.0,0.0,0.0,3,4,0,0,0,0,1,2,1,1,0,1,5,1,1,22,1,11,0,0,0,1,2,0,4,2,5,3,9
2021.0,130.0,0.0,0.0,3,10,3,0,0,0,1,5,1,1,0,1,5,1,1,8,2,11,0,1,0,1,1,0,10,5,5,9,9
2021.0,-30.0,0.0,0.0,3,10,3,0,0,0,0,1,1,1,0,0,1,1,1,9,2,11,0,1,0,0,1,0,10,9,5,3,2
2021.0,-113.0,3.0,0.0,2,6,3,0,0,0,0,5,1,1,0,1,5,1,1,12,2,11,0,0,0,2,1,0,6,8,5,8,3
2021.0,245.0,0.0,0.0,3,2,3,0,0,0,1,5,1,1,0,0,9,1,1,14,2,11,0,0,0,2,2,0,6,2,5,3,9
2021.0,-310.0,2.0,0.0,2,2,3,0,0,0,0,5,1,1,0,0,9,1,1,15,2,11,0,0,0,2,1,0,6,2,5,3,9
2021.0,280.0,1.0,0.0,3,6,3,0,0,0,1,9,1,1,0,0,9,1,1,16,2,11,0,1,0,2,2,0,6,8,5,8,3
2021.0,1245.0,1.0,0.0,3,4,3,0,0,0,0,1,1,1,0,0,9,1,1,16,2,11,0,1,0,1,1,0,0,2,5,3,9
2021.0,332.0,1.0,0.0,3,2,0,0,0,0,1,1,1,1,0,1,9,1,1,17,2,11,0,1,0,2,2,0,6,2,5,3,9
2021.0,-45.0,0.0,0.0,3,10,4,0,0,0,1,9,1,1,0,0,9,1,1,18,2,11,0,1,0,0,2,0,10,9,5,3,2
2021.0,285.0,0.0,0.0,3,10,0,0,0,0,2,1,1,1,0,0,1,1,1,19,2,11,0,1,0,3,1,0,6,7,5,8,2
2021.0,50.0,0.0,1.0,0,5,0,0,0,3,1,5,1,1,0,1,1,1,1,22,2,11,0,0,0,1,1,0,10,2,5,9,7
2021.0,0.0,0.0,0.0,3,11,0,0,0,0,1,2,1,1,0,1,1,1,1,5,3,11,0,0,0,1,0,0,6,4,5,9,9
2021.0,56.0,0.0,0.0,3,10,3,0,0,0,0,9,1,1,0,1,9,1,1,6,3,11,0,0,0,1,1,0,10,4,5,3,9
2021.0,-15.0,1.0,0.0,2,5,3,0,0,0,2,1,1,1,3,1,9,1,1,8,3,11,0,1,0,3,1,0,10,2,5,7,9
2021.0,0.0,0.0,0.0,3,10,3,0,0,0,0,1,1,1,0,0,1,1,1,9,3,11,0,1,0,0,1,0,4,9,5,3,2
2021.0,-72.0,0.0,0.0,3,6,3,0,0,0,0,2,1,1,0,1,2,1,1,10,3,11,0,0,0,1,2,0,10,8,5,8,3
2021.0,127.0,3.0,0.0,3,6,3,0,0,0,0,5,1,1,0,0,5,1,1,11,3,11,0,0,0,1,2,0,10,8,5,8,3
2021.0,-15.0,0.0,0.0,3,6,3,0,0,0,2,1,1,1,0,1,1,1,1,15,3,11,0,0,0,3,0,0,10,8,5,8,3
2021.0,0.0,0.0,0.0,3,2,3,0,0,0,0,2,1,1,0,0,1,1,1,15,3,11,0,0,0,1,2,0,4,2,5,3,9
2021.0,-75.0,0.0,0.0,3,10,3,0,0,0,1,1,1,1,0,0,1,1,1,16,3,11,0,1,0,3,1,0,10,9,5,3,2