Year,Distance,Totalinjuries,Totalfatalities,Injuryseverity,Collisionmanner,Lightcondition,Weather,SurfaceCondition,Unittype_One,Gender_Drv1,Traveldirection_One,AlcoholUse_Drv1,DrugUse_Drv1,Unittype_Two,Gender_Drv2,Traveldirection_Two,AlcoholUse_Drv2,DrugUse_Drv2,Hour,Weekday,Month,Weekend,Rush_Hour,Hazardous_Road,Age_Group_Drv1,Age_Group_Drv2,Substance_Use,Junction_Category,Violation_Category_Drv1,Violation_Category_Drv2,Unitaction_Category_Two,Unitaction_Category_One
2021.0,783.0,0.0,0.0,3,6,0,0,0,0,2,1,1,1,0,0,1,1,1,18,3,11,0,1,0,3,1,0,6,7,5,3,3
2021.0,29.0,1.0,0.0,3,4,0,0,0,0,0,5,1,1,0,1,2,1,1,20,3,11,0,0,0,1,1,0,10,2,5,3,9
2021.0,0.0,0.0,0.0,3,6,3,0,0,0,0,9,1,1,0,0,9,1,1,7,4,11,0,1,0,2,1,0,10,4,5,3,9
2021.0,413.0,2.0,0.0,2,6,3,0,0,0,1,9,1,1,0,1,9,1,1,9,4,11,0,1,0,1,1,0,6,9,5,3,2
2021.0,-130.0,0.0,0.0,3,6,3,0,0,0,1,1,1,1,0,0,1,1,1,10,4,11,0,0,0,0,2,0,10,8,5,8,3
2021.0,-115.0,0.0,0.0,3,2,3,0,0,0,1,2,1,1,0,0,2,1,1,11,4,11,0,0,0,0,1,0,10,5,5,3,2
2021.0,200.0,0.0,0.0,3,2,3,0,0,0,2,9,1,1,0,1,6,1,1,12,4,11,0,0,0,3,1,0,10,4,5,3,9
2021.0,0.0,0.0,0.0,3,2,3,0,0,0,0,9,1,1,0,1,5,1,1,14,4,11,0,0,0,2,1,0,4,2,5,8,3
2021.0,0.0,4.0,0.0,3,4,3,0,0,0,1,4,1,1,0,0,5,1,1,15,4,11,0,0,0,2,1,0,4,2,5,3,9
2021.0,200.0,0.0,0.0,3,2,3,0,0,0,1,5,1,1,0,0,5,1,1,16,4,11,0,1,0,1,0,0,6,9,5,3,2
2021.0,0.0,0.0,0.0,3,4,3,0,0,0,1,9,1,1,0,0,1,1,1,17,4,11,0,1,0,1,1,0,5,2,5,3,9
2021.0,60.0,2.0,0.0,2,6,4,0,0,0,2,9,1,1,0,1,9,1,1,18,4,11,0,1,0,3,0,0,10,7,5,8,3
2021.0,0.0,2.0,0.0,2,4,0,0,0,0,0,2,1,1,0,1,1,1,1,18,4,11,0,1,0,1,1,0,4,2,5,3,9
2021.0,0.0,0.0,0.0,3,9,3,0,0,0,1,2,1,1,0,0,5,1,1,15,5,11,1,0,0,2,1,0,5,5,5,3,9
2021.0,0.0,1.0,0.0,3,4,3,0,0,0,0,5,1,1,0,1,1,1,1,16,5,11,1,1,0,2,1,0,10,2,5,3,9
2021.0,-25.0,0.0,0.0,3,5,0,0,0,0,1,9,1,1,0,0,1,1,1,16,5,11,1,1,0,2,1,0,6,5,5,8,1
2021.0,0.0,0.0,0.0,3,4,4,0,0,0,1,9,1,1,0,0,2,1,1,17,5,11,1,1,0,2,0,0,4,2,2,9,9
2021.0,0.0,0.0,0.0,3,2,0,0,0,0,1,9,1,1,0,1,2,1,1,19,5,11,1,1,0,2,1,0,6,2,5,3,5
2021.0,-120.0,0.0,0.0,3,10,3,0,0,0,0,2,1,1,0,1,2,1,1,19,5,11,1,1,0,2,1,0,10,5,5,3,3
2021.0,-94.0,0.0,0.0,3,2,0,0,0,0,0,2,1,1,0,0,1,1,1,19,5,11,1,1,0,1,1,0,10,2,5,3,9
2021.0,0.0,0.0,0.0,3,5,5,4,3,0,2,8,1,1,1,1,8,1,1,21,5,11,1,0,0,3,1,0,6,5,5,6,5
2021.0,38.0,0.0,0.0,3,4,0,0,0,0,0,2,1,1,0,0,2,1,1,22,5,11,1,0,0,2,1,0,10,2,5,3,9
2021.0,80.0,0.0,0.0,3,2,0,0,0,0,1,2,1,1,1,1,2,1,1,0,6,11,1,0,0,3,1,0,6,7,5,6,3
2021.0,20.0,0.0,0.0,3,10,0,0,0,0,1,3,0,1,0,1,3,1,1,2,6,11,1,0,0,2,2,0,6,7,5,9,9
2021.0,-712.0,3.0,0.0,2,11,0,0,0,0,0,5,0,1,0,1,2,0,1,2,6,11,1,0,0,1,1,0,6,2,5,3,9
2021.0,600.0,0.0,0.0,3,2,3,0,0,0,1,5,1,1,0,1,5,1,1,13,6,11,1,0,0,0,2,0,6,4,5,3,9
2021.0,217.0,1.0,0.0,3,6,3,0,0,0,1,5,1,1,0,1,5,1,1,14,6,11,1,0,0,1,1,0,10,8,5,8,3
2021.0,0.0,0.0,0.0,3,4,3,0,2,0,0,2,1,1,0,0,2,1,1,15,6,11,1,0,1,2,1,0,4,2,5,9,9
2021.0,-370.0,1.0,0.0,2,5,3,0,0,2,1,2,1,1,0,1,1,1,1,8,0,11,0,1,0,2,0,0,0,5,5,9,3
2021.0,317.0,2.0,0.0,3,4,3,0,0,0,1,1,1,1,0,0,9,1,1,8,0,11,0,1,0,1,1,0,6,2,5,3,9
2021.0,-200.0,0.0,0.0,3,10,3,0,0,0,1,2,1,1,0,0,2,1,1,9,0,11,0,1,0,1,1,0,6,5,5,8,3
2021.0,178.0,0.0,0.0,3,6,3,0,0,0,1,2,1,1,0,1,2,1,1,14,0,11,0,0,0,2,1,0,0,8,5,9,3
2021.0,0.0,0.0,0.0,3,4,3,0,0,0,1,2,1,1,0,1,2,1,1,14,0,11,0,0,0,2,1,0,4,2,5,9,9
2021.0,-265.0,2.0,0.0,3,6,3,0,0,0,1,1,1,1,0,1,1,1,1,16,0,11,0,1,0,0,1,0,10,8,5,8,3
2021.0,175.0,0.0,0.0,3,10,3,0,0,0,0,1,1,1,0,1,1,1,1,16,0,11,0,1,0,1,0,0,10,5,5,3,2
2021.0,-812.0,0.0,0.0,3,6,0,0,0,0,1,5,1,1,0,1,5,1,1,17,0,11,0,1,0,1,1,0,6,7,5,8,3
2021.0,60.0,0.0,0.0,3,6,0,0,0,0,0,9,1,1,0,1,9,1,1,4,1,11,0,0,0,1,1,0,10,9,5,3,2
2021.0,-200.0,0.0,0.0,3,2,0,0,0,0,1,9,1,1,0,1,5,1,1,5,1,11,0,0,0,0,1,0,0,2,5,9,5
2021.0,0.0,0.0,0.0,3,4,3,0,0,0,0,9,1,1,0,1,3,1,1,7,1,11,0,1,0,2,1,0,4,2,5,9,3
2021.0,30.0,0.0,0.0,3,6,3,0,0,0,1,5,1,1,0,0,5,1,1,12,1,11,0,0,0,2,1,0,10,8,5,8,3
2021.0,294.0,0.0,0.0,3,2,0,0,0,0,0,1,1,1,0,0,1,1,1,18,1,11,0,1,0,1,2,0,6,9,5,3,2
2021.0,25.0,0.0,0.0,3,10,0,0,0,0,1,5,1,1,0,1,5,1,1,23,1,11,0,0,0,1,2,0,6,5,5,3,3
2021.0,-95.0,0.0,0.0,3,6,0,0,0,0,1,1,1,1,0,1,1,1,1,0,2,11,0,0,0,2,2,0,10,7,5,8,3
2021.0,121.0,0.0,0.0,3,6,3,0,0,0,1,9,1,1,0,1,9,1,1,14,2,11,0,0,0,2,1,0,6,8,5,8,3
2021.0,-196.0,2.0,0.0,2,6,4,0,0,0,1,5,1,1,0,1,5,1,1,17,2,11,0,1,0,2,1,0,6,7,5,8,3
2021.0,-214.0,0.0,0.0,3,2,4,0,0,0,2,5,1,1,0,1,9,1,1,17,2,11,0,1,0,3,2,0,0,2,5,8,9
2021.0,0.0,0.0,0.0,3,4,0,0,0,0,0,9,1,1,0,1,5,1,1,20,2,11,0,0,0,1,0,0,10,2,5,3,9
2021.0,90.0,1.0,0.0,3,6,0,0,0,0,2,9,1,1,0,0,9,1,1,21,2,11,0,0,0,3,1,0,10,7,5,8,3
2021.0,267.0,0.0,0.0,3,10,3,0,0,0,1,9,1,1,0,0,9,1,1,7,3,11,0,1,0,1,1,0,6,7,5,3,3
2021.0,60.0,1.0,0.0,3,2,3,0,0,0,1,2,1,1,0,1,5,1,1,11,3,11,0,0,0,2,1,0,10,9,5,3,3
2021.0,475.0,0.0,0.0,3,10,3,0,0,0,1,9,1,1,0,0,9,1,1,12,3,11,0,0,0,0,1,0,6,9,5,3,3
2021.0,0.0,2.0,0.0,3,4,3,0,0,0,0,9,1,1,0,1,1,1,1,15,3,11,0,0,0,2,0,0,5,2,5,3,8
2021.0,0.0,2.0,0.0,2,4,0,0,0,0,1,1,1,1,0,0,9,1,1,17,3,11,0,1,0,2,0,0,4,2,5,3,9
2021.0,0.0,0.0,0.0,3,10,4,0,0,0,1,2,1,1,0,0,2,1,1,18,3,11,0,1,0,1,1,0,4,5,5,9,3
2021.0,0.0,1.0,0.0,2,4,0,0,0,0,1,1,1,1,0,1,9,1,1,20,3,11,0,0,0,1,0,0,4,2,5,3,9
2021.0,0.0,0.0,0.0,3,4,0,0,0,0,1,2,1,1,0,1,5,1,1,23,3,11,0,0,0,1,2,0,4,2,5,3,9
2021.0,50.0,0.0,0.0,3,6,0,0,0,0,1,1,0,1,0,0,1,1,1,1,4,11,0,0,0,1,1,0,6,8,5,3,3
2021.0,-117.0,0.0,0.0,3,6,3,0,0,0,0,5,1,1,0,1,5,1,1,12,4,11,0,0,0,0,1,0,6,5,5,8,3
2021.0,-74.0,0.0,0.0,3,6,3,0,0,0,0,1,1,1,0,1,1,1,1,12,4,11,0,0,0,1,1,0,10,7,5,8,3
2021.0,188.0,2.0,0.0,2,2,3,0,0,0,0,9,1,1,0,1,9,1,1,15,4,11,0,0,0,1,1,0,0,5,5,9,2
2021.0,227.0,0.0,0.0,3,4,3,0,0,0,0,5,1,1,0,0,9,1,1,15,4,11,0,0,0,2,2,0,6,2,5,3,9
2021.0,-35.0,0.0,0.0,3,6,0,0,0,0,1,1,1,1,0,1,1,1,1,18,4,11,0,1,0,1,1,0,10,7,5,8,3
2021.0,190.0,0.0,0.0,3,6,0,0,0,0,0,2,1,1,0,0,2,1,1,18,4,11,0,1,0,1,1,0,10,8,5,8,3
2021.0,575.0,1.0,0.0,2,4,0,1,0,0,0,1,1,1,0,0,9,1,1,19,4,11,0,1,0,1,1,0,0,2,5,3,9
2021.0,-66.0,1.0,0.0,2,3,0,0,0,0,1,5,0,1,0,0,2,1,1,23,4,11,0,0,0,1,2,0,10,9,5,8,3
2021.0,-20.0,2.0,0.0,2,6,0,0,0,0,0,1,1,1,0,1,1,1,1,5,5,11,1,0,0,1,1,0,10,7,5,9,3
2021.0,-25.0,0.0,0.0,3,6,3,0,0,0,1,2,0,1,0,1,2,1,1,8,5,11,1,1,0,1,1,0,4,7,5,8,3
2021.0,0.0,0.0,0.0,3,4,3,0,0,0,1,9,1,1,0,1,1,1,1,12,5,11,1,0,0,0,2,0,4,2,5,3,9
2021.0,900.0,0.0,0.0,3,6,0,0,0,0,0,9,1,1,0,1,9,1,1,18,5,11,1,1,0,2,2,0,10,8,5,8,3
2021.0,0.0,0.0,0.0,3,4,0,0,0,0,0,1,1,1,0,1,9,1,1,18,5,11,1,1,0,1,1,0,4,2,5,3,9
2021.0,0.0,2.0,0.0,2,4,0,0,0,0,1,7,1,1,0,1,1,1,1,20,5,11,1,0,0,2,1,0,4,2,5,3,9
2021.0,0.0,0.0,0.0,3,2,3,0,0,0,1,2,1,1,0,1,9,1,1,22,5,11,1,0,0,2,1,0,4,2,5,3,3
2021.0,-145.0,0.0,0.0,3,12,0,0,3,0,2,8,1,1,1,1,8,1,1,22,5,11,1,0,0,3,1,0,8,5,5,6,5
2021.0,-280.0,0.0,0.0,3,6,0,1,0,0,1,1,1,1,1,1,1,1,1,3,6,11,1,0,0,1,1,0,6,5,5,6,3
2021.0,-20.0,0.0,0.0,3,6,3,0,0,0,0,2,1,1,0,0,2,1,1,14,6,11,1,0,0,2,2,0,10,7,5,8,3
2021.0,0.0,1.0,0.0,1,4,0,1,0,0,0,5,1,1,0,1,2,1,1,18,6,11,1,1,0,1,2,0,5,2,5,3,9
2021.0,-681.0,0.0,0.0,3,6,0,0,0,0,2,1,1,1,0,1,1,1,1,19,6,11,1,1,0,3,1,0,6,7,5,8,3
2021.0,157.0,0.0,0.0,3,6,0,0,3,0,1,8,1,1,0,1,1,1,1,19,6,11,1,1,0,3,2,0,6,5,5,8,5
2021.0,-192.0,1.0,0.0,2,6,3,0,0,0,1,1,1,1,0,0,1,1,1,7,0,11,0,1,0,1,1,0,6,8,5,8,3
2021.0,-170.0,1.0,0.0,3,6,3,0,0,0,1,1,1,1,0,1,1,1,1,13,0,11,0,0,0,2,1,0,6,7,5,8,3
2021.0,-285.0,0.0,0.0,3,2,3,0,0,0,2,2,1,1,0,0,1,1,1,14,0,11,0,0,0,3,1,0,6,2,5,9,3
2021.0,-48.0,1.0,0.0,3,6,0,0,0,0,1,5,1,1,0,1,5,1,1,17,0,11,0,1,0,1,1,0,10,8,5,8,3
2021.0,174.0,2.0,0.0,3,2,4,0,0,0,0,9,1,1,0,0,2,1,1,17,0,11,0,1,0,2,2,0,0,2,5,3,9
2021.0,84.0,0.0,0.0,3,10,0,0,0,0,1,5,1,1,0,0,5,1,1,18,0,11,0,1,0,3,1,0,10,5,5,8,3
2021.0,48.0,0.0,0.0,3,6,0,0,0,0,1,5,1,1,0,0,5,1,1,18,0,11,0,1,0,1,2,0,10,8,5,8,3
2021.0,-56.0,1.0,0.0,3,10,3,0,0,0,0,5,1,1,0,1,5,1,1,10,1,11,0,0,0,1,1,0,10,5,5,9,9
2021.0,-730.0,1.0,0.0,2,2,3,1,0,0,0,5,1,1,0,0,9,1,1,13,1,11,0,0,0,1,2,0,0,2,5,3,9
2021.0,45.0,0.0,0.0,3,6,3,3,0,0,0,9,1,1,0,1,9,1,1,14,1,11,0,0,0,1,2,0,10,7,5,8,8
2021.0,-150.0,1.0,0.0,2,4,0,0,0,0,1,2,1,1,3,1,9,1,1,17,1,11,0,1,0,2,2,0,6,7,5,5,3
2021.0,53.0,1.0,0.0,3,6,0,0,0,0,1,9,1,1,0,1,9,1,1,5,2,11,0,0,0,1,0,0,10,8,5,8,3
2021.0,-194.0,1.0,0.0,2,2,3,0,0,0,0,4,1,1,0,1,5,1,1,6,2,11,0,0,0,0,1,0,0,2,5,3,9
2021.0,122.0,0.0,0.0,3,10,3,0,0,0,0,2,1,1,0,1,2,1,1,7,2,11,0,1,0,1,1,0,10,9,5,3,2
2021.0,70.0,0.0,0.0,3,10,3,0,0,0,2,9,1,1,0,0,9,1,1,7,2,11,0,1,0,3,2,0,10,5,5,3,3
2021.0,0.0,0.0,0.0,3,2,3,1,0,0,0,5,1,1,0,0,1,1,1,10,2,11,0,0,0,0,1,0,5,2,5,9,3
2021.0,-25.0,0.0,0.0,3,6,3,0,0,0,1,2,1,1,0,1,2,1,1,13,2,11,0,0,0,1,0,0,10,8,5,8,9
2021.0,-110.0,0.0,0.0,3,6,3,0,0,0,1,2,1,1,0,0,2,1,1,14,2,11,0,0,0,1,1,0,10,8,5,8,3
2021.0,-150.0,2.0,0.0,3,6,3,0,0,0,0,1,1,1,0,0,1,1,1,14,2,11,0,0,0,2,2,0,10,8,5,8,3
2021.0,0.0,1.0,0.0,3,10,3,0,0,0,0,2,1,1,2,0,2,1,1,15,2,11,0,0,0,0,1,0,4,2,5,3,9
2021.0,15.0,1.0,0.0,3,5,0,0,0,2,1,5,1,1,0,1,9,1,1,18,2,11,0,1,0,1,1,0,10,2,5,9,7
2021.0,0.0,0.0,0.0,3,4,0,0,0,0,1,1,1,1,0,0,9,1,1,19,2,11,0,1,0,2,2,0,4,2,5,3,9
2021.0,166.0,0.0,2.0,0,5,0,0,0,3,1,9,1,0,0,1,5,1,1,19,2,11,0,1,0,1,1,0,6,2,5,3,7
2021.0,-100.0,1.0,0.0,3,5,0,0,0,2,1,5,1,1,0,1,9,1,1,20,2,11,0,0,0,1,2,0,6,5,5,3,3
2021.0,0.0,0.0,0.0,3,2,0,0,0,0,0,2,0,1,0,1,3,1,1,1,3,11,0,0,0,2,2,0,5,4,5,3,9
2021.0,0.0,1.0,0.0,3,4,3,0,0,0,1,3,1,1,0,0,5,1,1,8,3,11,0,1,0,1,1,0,4,2,5,3,9
2021.0,167.0,2.0,0.0,3,2,3,0,0,0,0,7,1,1,0,0,9,1,1,10,3,11,0,0,0,0,1,0,6,5,5,3,9
2021.0,305.0,3.0,0.0,3,4,3,0,0,0,1,3,1,1,0,1,5,1,1,12,3,11,0,0,0,1,0,0,0,2,5,3,9
2021.0,0.0,1.0,0.0,3,6,3,0,0,0,0,4,1,1,2,1,2,1,1,14,3,11,0,0,0,2,1,0,4,2,5,3,9
2021.0,0.0,2.0,0.0,2,6,3,0,0,0,1,9,1,1,0,1,9,1,1,15,3,11,0,0,0,1,1,0,6,5,8,3,3
2021.0,-100.0,0.0,0.0,3,6,0,0,0,0,1,5,1,1,0,0,5,1,1,19,3,11,0,1,0,1,2,0,6,1,5,3,8
2021.0,0.0,2.0,0.0,1,5,0,0,0,2,1,5,1,1,0,1,9,1,1,19,3,11,0,1,0,2,2,0,4,2,7,3,3
2021.0,0.0,0.0,0.0,3,2,0,0,0,0,1,1,1,1,0,0,5,1,1,22,3,11,0,0,0,2,2,0,4,7,5,3,3
2021.0,15.0,2.0,0.0,1,5,0,0,0,3,1,2,0,1,0,1,9,1,1,2,4,11,0,0,0,1,1,0,10,2,5,3,7
2021.0,-1113.0,1.0,0.0,2,6,3,0,0,0,0,9,1,1,0,0,9,1,1,8,4,11,0,1,0,1,1,0,10,8,5,8,3
2021.0,0.0,0.0,0.0,3,4,3,0,0,0,1,9,1,1,0,0,1,1,1,9,4,11,0,1,0,1,2,0,4,2,5,9,3
2021.0,0.0,2.0,0.0,2,2,3,0,0,0,1,1,1,1,0,0,2,1,1,10,4,11,0,0,0,0,0,0,4,5,5,3,3
2021.0,15.0,1.0,0.0,2,5,3,4,0,0,0,5,1,1,2,1,9,1,1,14,4,11,0,0,0,1,1,0,10,7,5,7,3
2021.0,36.0,1.0,0.0,2,2,3,0,0,2,1,1,1,1,0,1,5,1,1,15,4,11,0,0,0,1,1,0,10,5,2,9,3
2021.0,-388.0,0.0,0.0,3,5,0,0,0,0,0,9,1,1,0,0,1,1,1,17,4,11,0,1,0,1,1,0,0,5,5,3,5
2021.0,0.0,0.0,0.0,3,2,4,0,0,0,2,9,1,1,0,1,9,1,1,18,4,11,0,1,0,3,1,0,4,2,5,3,3
2021.0,-115.0,0.0,0.0,3,6,0,0,0,0,2,1,1,1,0,1,1,1,1,18,4,11,0,1,0,3,2,0,10,8,5,9,3
2021.0,0.0,0.0,0.0,3,4,0,0,0,0,0,3,1,1,0,1,6,1,1,20,4,11,0,0,0,1,1,0,4,2,5,9,9
2021.0,0.0,1.0,0.0,3,4,0,0,0,0,0,1,1,1,0,0,9,1,1,22,4,11,0,0,0,1,1,0,4,2,5,3,9
2021.0,25.0,0.0,0.0,3,6,0,0,0,0,1,9,0,1,0,1,9,1,1,22,4,11,0,0,0,1,2,0,4,7,5,8,8
2021.0,0.0,0.0,0.0,3,6,0,0,0,0,1,9,1,1,0,1,9,1,1,22,4,11,0,0,0,2,1,0,4,7,5,8,9
2021.0,-20.0,0.0,0.0,3,6,0,0,0,0,1,2,0,1,0,1,2,1,1,2,5,11,1,0,0,1,1,0,10,7,5,8,3
2021.0,228.0,2.0,0.0,3,2,3,0,0,0,0,1,1,1,0,0,1,1,1,11,5,11,1,0,0,1,1,0,0,9,5,3,9
2021.0,280.0,0.0,0.0,3,2,0,0,0,0,2,1,1,1,0,1,5,1,1,20,5,11,1,0,0,3,1,0,0,7,5,8,3
2021.0,0.0,1.0,0.0,3,2,0,0,0,0,1,2,1,1,0,0,9,1,1,20,5,11,1,0,0,0,1,0,10,5,5,3,3
2021.0,15.0,0.0,0.0,3,10,0,0,0,0,1,5,1,1,0,1,6,1,1,2,6,11,1,0,0,1,1,0,10,7,4,8,3
2021.0,0.0,0.0,0.0,3,10,3,0,0,0,1,9,1,1,0,1,9,1,1,10,6,11,1,0,0,1,1,0,6,9,5,3,2
2021.0,462.0,1.0,0.0,3,10,3,0,0,0,1,5,1,1,0,0,5,1,1,11,6,11,1,0,0,1,2,0,10,5,5,3,2
2021.0,-150.0,1.0,0.0,3,4,5,0,0,0,1,7,1,1,0,0,1,1,1,15,6,11,1,0,0,1,0,0,6,2,5,3,9
2021.0,0.0,0.0,0.0,3,4,3,0,0,0,2,3,1,1,0,1,1,1,1,16,6,11,1,1,0,3,2,0,6,2,5,3,9
2021.0,55.0,0.0,0.0,3,6,0,0,0,0,2,9,1,1,0,0,9,1,1,21,6,11,1,0,0,3,1,0,4,7,5,8,3
2021.0,-670.0,1.0,0.0,3,10,3,0,0,0,0,1,1,1,0,1,1,1,1,7,0,11,0,1,0,1,1,0,6,9,5,3,2
2021.0,0.0,0.0,0.0,3,6,3,0,0,0,2,2,1,1,1,1,2,1,1,11,0,11,0,0,0,3,1,0,5,7,5,6,3
2021.0,39.0,0.0,0.0,3,5,3,0,0,0,0,2,1,1,0,0,2,1,1,12,0,11,0,0,0,2,1,0,6,9,5,3,2
2021.0,-35.0,0.0,0.0,3,6,3,0,0,0,1,2,1,1,0,1,2,1,1,13,0,11,0,0,0,1,1,0,10,8,5,3,3
2021.0,-135.0,0.0,0.0,3,6,3,0,0,0,2,2,1,1,0,0,2,1,1,14,0,11,0,0,0,3,1,0,10,9,5,8,2
2021.0,225.0,0.0,0.0,3,2,3,0,0,0,0,2,1,1,0,1,1,1,1,17,0,11,0,1,0,1,1,0,0,2,5,3,9
2021.0,-85.0,1.0,0.0,3,6,0,0,0,0,0,5,1,1,0,0,5,1,1,17,0,11,0,1,0,1,1,0,6,7,5,8,8
2021.0,-215.0,0.0,0.0,3,2,0,0,0,0,1,1,1,1,0,1,5,1,1,19,0,11,0,1,0,1,0,0,5,7,5,3,9
2021.0,0.0,0.0,0.0,3,2,3,0,0,0,2,2,1,1,0,0,1,1,1,7,1,11,0,1,0,3,2,0,5,2,5,3,3
2021.0,99.0,1.0,0.0,2,6,3,1,0,0,1,5,0,1,0,1,5,1,1,8,1,11,0,1,0,2,1,0,10,7,5,3,3
2021.0,0.0,0.0,0.0,3,4,3,1,0,0,1,1,1,1,0,0,5,1,1,8,1,11,0,1,0,1,1,0,6,5,5,9,3
2021.0,218.0,1.0,0.0,3,2,3,0,0,0,0,9,1,1,0,0,2,1,1,10,1,11,0,0,0,2,1,0,6,2,5,3,9
2021.0,-25.0,0.0,0.0,3,6,3,0,0,0,0,1,1,1,0,0,1,1,1,12,1,11,0,0,0,1,2,0,10,7,5,8,3
2021.0,0.0,0.0,0.0,3,4,3,1,0,0,2,5,1,1,0,1,2,1,1,12,1,11,0,0,0,3,1,0,5,2,5,9,3
2021.0,320.0,5.0,0.0,3,6,3,1,0,0,1,9,1,1,0,1,9,1,1,13,1,11,0,0,0,1,1,0,6,7,5,8,3
2021.0,0.0,2.0,0.0,2,4,3,1,0,0,0,5,1,1,0,1,1,1,1,13,1,11,0,0,0,1,1,0,5,2,5,3,9
2021.0,-200.0,0.0,0.0,3,6,3,1,0,0,1,2,1,1,0,0,2,1,1,13,1,11,0,0,0,2,1,0,6,7,5,3,3
2021.0,0.0,2.0,0.0,2,4,3,1,0,0,1,1,1,1,0,1,9,1,1,15,1,11,0,0,0,1,1,0,4,7,5,9,3
2021.0,0.0,0.0,0.0,3,4,3,0,4,0,1,5,1,1,0,1,9,1,1,15,1,11,0,0,1,1,1,0,5,2,5,3,9
2021.0,-700.0,0.0,0.0,3,6,3,1,0,0,1,5,1,1,0,0,5,1,1,16,1,11,0,1,0,1,1,0,6,7,5,8,3
2021.0,-15.0,1.0,0.0,3,5,0,1,0,0,0,2,1,1,2,1,1,1,1,18,1,11,0,1,0,1,2,0,10,2,5,3,9
2021.0,0.0,0.0,0.0,3,10,3,0,0,0,0,5,1,1,0,1,5,1,1,8,2,11,0,1,0,2,0,0,4,9,5,3,2
2021.0,-15.0,1.0,0.0,3,5,3,0,0,2,1,1,1,1,0,1,1,1,1,12,2,11,0,0,0,1,1,0,10,2,5,3,9
2021.0,203.0,1.0,0.0,2,10,3,1,0,0,1,9,0,1,0,1,9,1,1,16,2,11,0,1,0,1,0,0,6,9,5,6,3
2021.0,395.0,0.0,0.0,3,6,3,0,0,0,1,9,1,1,0,0,9,1,1,16,2,11,0,1,0,1,1,0,0,7,5,9,3
2021.0,85.0,3.0,0.0,2,6,0,0,0,0,1,1,1,1,0,1,1,1,1,17,2,11,0,1,0,1,1,0,10,8,5,8,3
2021.0,-150.0,0.0,0.0,3,10,0,0,0,0,2,5,1,1,0,1,5,1,1,18,2,11,0,1,0,3,1,0,10,9,5,3,2
2021.0,0.0,0.0,0.0,3,9,0,0,0,0,1,1,1,1,0,1,9,1,1,22,2,11,0,0,0,2,2,0,6,7,5,3,9
2021.0,0.0,1.0,0.0,3,6,3,0,0,0,1,1,0,1,0,1,1,1,1,11,3,11,0,0,0,1,1,0,4,7,5,3,3
2021.0,590.0,1.0,0.0,1,5,0,0,0,2,0,9,1,1,0,1,2,1,1,18,3,11,0,1,0,2,2,0,0,5,5,9,3
2021.0,-50.0,0.0,0.0,3,6,0,0,0,0,1,2,1,1,0,1,2,1,1,22,3,11,0,0,0,1,1,0,6,7,5,8,3
2021.0,0.0,0.0,0.0,3,2,3,0,0,0,1,9,1,1,0,0,3,1,1,7,4,11,0,1,0,0,2,0,4,2,5,9,3
2021.0,-350.0,2.0,0.0,3,6,3,0,0,0,0,1,1,1,0,1,1,1,1,11,4,11,0,0,0,2,0,0,10,8,5,8,3
2021.0,0.0,0.0,0.0,3,2,3,0,0,0,0,1,1,1,0,1,5,1,1,12,4,11,0,0,0,0,1,0,4,2,5,3,3
2021.0,0.0,0.0,0.0,3,4,0,0,0,0,0,2,1,1,0,1,5,1,1,13,4,11,0,0,0,1,2,0,4,2,5,3,9
2021.0,87.0,1.0,0.0,3,2,3,0,0,0,0,5,1,1,0,0,9,1,1,13,4,11,0,0,0,1,2,0,10,5,5,8,9
2021.0,0.0,0.0,0.0,3,2,0,0,0,0,0,9,1,1,0,0,2,1,1,20,4,11,0,0,0,2,0,0,4,2,5,3,3
2021.0,0.0,0.0,0.0,3,4,0,0,0,0,1,2,0,1,0,0,5,1,1,22,4,11,0,0,0,2,2,0,4,4,5,3,9
2021.0,96.0,1.0,0.0,3,2,3,0,0,0,0,5,1,1,0,1,5,1,1,11,5,11,1,0,0,1,1,0,6,7,5,8,3
2021.0,581.0,1.0,0.0,3,4,3,0,0,0,1,1,1,1,0,1,9,1,1,14,5,11,1,0,0,0,2,0,0,2,5,3,9
2021.0,-35.0,0.0,0.0,3,6,3,0,0,0,1,1,1,1,0,1,1,1,1,15,5,11,1,0,0,1,1,0,10,7,5,3,3
2021.0,464.0,0.0,0.0,3,6,3,0,0,0,1,2,1,1,0,0,2,1,1,15,5,11,1,0,0,1,1,0,6,9,5,3,2
2021.0,-171.0,0.0,0.0,3,6,0,0,0,0,1,5,1,1,0,0,5,1,1,16,5,11,1,1,0,2,0,0,6,7,5,3,3
2021.0,300.0,0.0,0.0,3,6,0,0,0,0,2,1,1,1,0,1,9,1,1,20,5,11,1,0,0,3,1,0,6,5,5,3,3
2021.0,0.0,1.0,0.0,3,4,0,0,0,0,0,2,1,1,0,0,5,1,1,20,5,11,1,0,0,1,2,0,4,5,5,9,3
2021.0,0.0,1.0,0.0,3,4,0,0,0,0,2,2,1,1,0,1,5,1,1,20,5,11,1,0,0,3,2,0,4,7,5,9,3