Year,Distance,Totalinjuries,Totalfatalities,Injuryseverity,Collisionmanner,Lightcondition,Weather,SurfaceCondition,Unittype_One,Gender_Drv1,Traveldirection_One,AlcoholUse_Drv1,DrugUse_Drv1,Unittype_Two,Gender_Drv2,Traveldirection_Two,AlcoholUse_Drv2,DrugUse_Drv2,Hour,Weekday,Month,Weekend,Rush_Hour,Hazardous_Road,Age_Group_Drv1,Age_Group_Drv2,Substance_Use,Junction_Category,Violation_Category_Drv1,Violation_Category_Drv2,Unitaction_Category_Two,Unitaction_Category_One
2021.0,-100.0,0.0,0.0,3,9,3,0,0,0,0,9,1,1,0,1,1,1,1,8,6,11,1,1,0,1,1,0,10,4,5,3,9
2021.0,0.0,0.0,0.0,3,4,0,0,0,0,1,1,1,1,0,0,9,1,1,5,0,11,0,0,0,1,2,0,5,2,5,3,9
2021.0,0.0,1.0,0.0,3,2,3,0,0,0,1,5,1,1,0,0,9,1,1,9,0,11,0,1,0,1,1,0,5,2,5,3,9
2021.0,0.0,1.0,0.0,2,4,3,0,0,0,1,1,1,1,0,0,9,1,1,12,0,11,0,0,0,1,1,0,4,2,5,3,9
2021.0,-92.0,0.0,0.0,3,2,3,0,0,0,1,1,1,1,0,1,2,1,1,13,0,11,0,0,0,1,1,0,10,4,5,8,9
2021.0,100.0,0.0,0.0,3,6,3,4,3,0,2,5,1,1,0,0,5,1,1,14,0,11,0,0,0,3,2,0,10,8,5,8,3
2021.0,230.0,0.0,0.0,3,2,3,0,0,0,1,5,1,1,0,1,9,1,1,15,0,11,0,0,0,2,0,0,6,2,5,3,9
2021.0,-290.0,0.0,0.0,3,6,3,0,0,0,1,2,1,1,0,1,2,1,1,16,0,11,0,1,0,2,2,0,10,8,5,8,3
2021.0,120.0,0.0,0.0,3,6,0,0,0,0,1,9,1,1,0,1,9,1,1,17,0,11,0,1,0,0,0,0,6,8,5,8,3
2021.0,-200.0,0.0,0.0,3,12,5,4,0,0,2,8,1,1,0,1,8,1,1,9,1,11,0,1,0,3,0,0,6,5,5,6,5
2021.0,-263.0,2.0,0.0,3,6,3,0,0,0,0,2,1,1,0,1,2,1,1,10,1,11,0,0,0,2,0,0,6,8,5,8,3
2021.0,-530.0,1.0,0.0,3,6,3,0,0,0,0,2,1,1,0,1,2,1,1,10,1,11,0,0,0,2,0,0,0,8,5,8,3
2021.0,0.0,0.0,0.0,3,10,3,0,0,0,1,1,1,1,0,1,1,1,1,11,1,11,0,0,0,1,0,0,4,5,5,3,9
2021.0,0.0,3.0,0.0,2,2,3,0,0,0,1,2,1,1,0,1,9,1,1,14,1,11,0,0,0,2,2,0,4,2,5,9,3
2021.0,360.0,2.0,0.0,3,6,3,0,0,0,1,5,1,1,0,1,5,1,1,15,1,11,0,0,0,1,2,0,6,7,5,8,3
2021.0,-274.0,0.0,0.0,3,6,0,0,0,0,1,9,1,1,0,1,9,1,1,17,1,11,0,1,0,1,1,0,6,7,5,8,3
2021.0,0.0,1.0,0.0,3,4,0,0,0,0,1,5,1,1,0,1,9,1,1,18,1,11,0,1,0,2,1,0,5,2,5,9,9
2021.0,0.0,0.0,0.0,3,2,1,0,0,0,1,9,1,1,0,0,5,1,1,22,1,11,0,0,0,1,2,0,4,5,5,3,3
2021.0,-25.0,0.0,0.0,3,10,3,0,0,0,1,2,1,1,0,1,2,1,1,9,2,12,0,1,0,2,1,0,10,4,5,3,3
2021.0,-84.0,2.0,0.0,3,6,3,0,0,0,0,2,1,1,0,0,2,1,1,11,2,12,0,0,0,1,1,0,10,8,5,8,8
2021.0,336.0,0.0,0.0,3,2,3,0,0,0,1,2,1,1,0,1,1,1,1,13,2,12,0,0,0,2,1,0,0,2,5,3,9
2021.0,45.0,0.0,0.0,3,6,3,0,0,0,1,5,1,1,0,0,5,1,1,15,2,12,0,0,0,2,0,0,10,7,5,8,3
2021.0,0.0,1.0,0.0,3,4,3,0,0,0,1,1,1,1,0,0,9,1,1,16,2,12,0,1,0,2,1,0,5,2,5,3,9
2021.0,64.0,1.0,0.0,2,4,4,0,0,0,1,1,0,1,0,1,5,1,1,17,2,12,0,1,0,1,1,0,10,7,5,3,9
2021.0,92.0,1.0,0.0,3,6,0,0,0,0,1,9,1,1,0,0,9,1,1,18,2,12,0,1,0,1,1,0,10,7,5,8,3
2021.0,0.0,0.0,0.0,3,4,0,0,0,0,0,9,1,1,0,1,1,1,1,19,2,12,0,1,0,1,0,0,4,2,5,3,9
2021.0,0.0,0.0,0.0,3,2,0,0,0,0,0,9,1,1,0,0,2,1,1,19,2,12,0,1,0,1,1,0,5,2,5,3,3
2021.0,-45.0,0.0,0.0,3,6,2,0,0,0,1,2,1,1,0,0,2,1,1,7,3,12,0,1,0,1,0,0,10,8,5,8,8
2021.0,0.0,1.0,0.0,3,2,3,0,0,0,1,9,1,1,2,1,2,1,1,7,3,12,0,1,0,1,1,0,6,5,5,7,3
2021.0,-104.0,0.0,0.0,3,6,3,0,0,0,1,1,1,1,0,0,1,1,1,8,3,12,0,1,0,0,1,0,10,8,5,8,3
2021.0,-248.0,2.0,0.0,2,2,3,0,0,0,1,9,1,1,0,1,2,1,1,8,3,12,0,1,0,2,1,0,0,2,5,3,9
2021.0,0.0,1.0,0.0,2,2,3,0,0,0,1,1,1,0,0,0,5,1,1,12,3,12,0,0,0,1,1,0,4,2,5,3,9
2021.0,530.0,0.0,0.0,3,2,3,0,0,0,1,5,1,1,0,0,9,1,1,14,3,12,0,0,0,2,2,0,0,2,5,3,9
2021.0,-30.0,1.0,0.0,2,5,3,0,0,0,1,9,1,1,3,0,1,1,1,15,3,12,0,0,0,2,1,0,10,2,5,7,9
2021.0,-108.0,0.0,0.0,3,10,3,0,0,0,1,1,1,1,0,1,1,1,1,16,3,12,0,1,0,0,1,0,10,7,5,8,3
2021.0,-70.0,0.0,0.0,3,3,0,0,0,0,1,5,1,1,0,1,1,1,1,17,3,12,0,1,0,1,1,0,10,7,5,8,9
2021.0,0.0,2.0,0.0,3,4,0,0,0,0,0,5,1,1,0,0,2,1,1,19,3,12,0,1,0,2,2,0,4,2,5,3,9
2021.0,-100.0,0.0,0.0,3,4,0,0,0,0,1,2,1,1,0,0,1,1,1,23,3,12,0,0,0,2,2,0,6,9,5,3,9
2021.0,-180.0,1.0,0.0,3,5,3,0,0,0,1,1,1,1,0,1,9,1,1,8,4,12,0,1,0,2,1,0,6,5,5,3,3
2021.0,94.0,0.0,0.0,3,6,3,0,0,0,2,5,1,1,0,0,5,1,1,9,4,12,0,1,0,3,1,0,10,7,5,8,3
2021.0,-88.0,0.0,0.0,3,10,3,0,0,0,1,9,1,1,0,1,9,1,1,12,4,12,0,0,0,0,1,0,6,9,5,3,2
2021.0,0.0,3.0,0.0,3,4,3,0,0,0,0,1,1,1,0,0,9,1,1,12,4,12,0,0,0,1,1,0,4,2,5,3,9
2021.0,-40.0,0.0,0.0,3,2,0,0,0,0,2,5,1,1,1,1,2,1,1,13,4,12,0,0,0,3,0,0,6,7,5,6,9
2021.0,-100.0,0.0,0.0,3,6,3,0,0,0,1,1,1,1,0,0,1,1,1,14,4,12,0,0,0,1,1,0,10,7,5,8,3
2021.0,375.0,1.0,0.0,2,6,3,0,0,0,1,1,1,1,0,1,1,1,1,16,4,12,0,1,0,1,1,0,0,8,5,8,3
2021.0,0.0,0.0,0.0,3,4,3,0,0,0,1,5,0,1,0,1,2,1,1,17,4,12,0,1,0,1,1,0,4,4,5,3,9
2021.0,200.0,0.0,0.0,3,10,0,0,0,0,0,9,1,1,0,1,9,1,1,19,4,12,0,1,0,2,1,0,6,9,5,3,3
2021.0,-778.0,1.0,0.0,1,2,0,0,0,0,1,9,1,1,0,0,5,1,1,19,4,12,0,1,0,2,1,0,6,7,2,9,3
2021.0,0.0,4.0,0.0,2,3,0,0,0,0,0,2,0,1,0,1,5,1,1,0,5,12,1,0,0,2,2,0,4,9,5,8,3
2021.0,0.0,1.0,0.0,3,4,3,0,0,0,0,5,1,1,0,1,9,1,1,14,5,12,1,0,0,0,0,0,5,5,5,9,3
2021.0,54.0,1.0,0.0,3,6,0,0,0,0,1,1,0,1,0,1,1,1,1,18,5,12,1,1,0,1,2,0,6,8,5,8,3
2021.0,0.0,0.0,0.0,3,4,0,0,0,0,0,1,1,1,0,0,9,1,1,22,5,12,1,0,0,2,2,0,4,2,5,3,9
2021.0,0.0,0.0,0.0,3,12,5,4,0,0,2,8,1,1,0,0,8,1,1,15,6,12,1,0,0,3,0,0,6,5,5,5,5
2021.0,-150.0,0.0,0.0,3,6,3,0,0,0,0,2,1,1,0,1,2,1,1,16,6,12,1,1,0,0,2,0,10,7,5,8,3
2021.0,0.0,0.0,0.0,3,4,0,0,0,0,1,5,1,1,0,0,1,1,1,17,6,12,1,1,0,1,2,0,5,2,5,3,9
2021.0,-200.0,0.0,0.0,3,10,0,0,0,0,1,5,1,1,0,1,5,1,1,19,6,12,1,1,0,2,1,0,6,7,5,8,3
2021.0,0.0,3.0,0.0,2,2,3,0,0,0,0,2,1,1,0,1,1,1,1,8,0,12,0,1,0,1,1,0,5,2,5,3,9
2021.0,80.0,0.0,0.0,3,10,3,0,0,0,1,5,1,1,0,1,5,1,1,9,0,12,0,1,0,1,1,0,10,5,5,3,8
2021.0,0.0,2.0,0.0,3,2,3,0,0,0,0,1,1,1,0,0,5,1,1,10,0,12,0,0,0,2,1,0,4,2,5,3,3
2021.0,175.0,0.0,0.0,3,2,3,0,0,0,1,1,1,1,0,1,5,1,1,11,0,12,0,0,0,1,1,0,0,2,5,3,9
2021.0,426.0,1.0,0.0,3,4,3,0,0,0,0,9,1,1,0,1,2,1,1,13,0,12,0,0,0,1,1,0,0,2,5,3,9
2021.0,28.0,0.0,0.0,3,2,3,0,0,0,1,2,1,1,0,1,9,1,1,14,0,12,0,0,0,1,1,0,10,5,5,8,9
2021.0,0.0,2.0,0.0,2,4,3,0,0,0,1,9,1,1,0,1,1,1,1,14,0,12,0,0,0,1,1,0,4,2,5,3,9
2021.0,-653.0,1.0,0.0,1,2,4,0,0,0,1,2,1,1,0,1,5,1,1,17,0,12,0,1,0,1,2,0,0,2,5,3,9
2021.0,-315.0,0.0,0.0,3,6,0,0,0,0,0,1,1,1,0,0,1,1,1,17,0,12,0,1,0,1,0,0,6,7,5,8,3
2021.0,0.0,2.0,0.0,2,2,0,0,0,0,1,1,1,1,0,1,1,1,1,18,0,12,0,1,0,2,1,0,5,9,5,3,2
2021.0,248.0,1.0,0.0,1,6,3,1,0,0,1,9,1,1,0,0,9,1,1,15,1,12,0,0,0,1,2,0,6,8,5,8,2
2021.0,0.0,1.0,0.0,2,4,3,1,0,0,1,9,1,1,0,1,1,1,1,15,1,12,0,0,0,1,1,0,4,2,5,3,9
2021.0,0.0,0.0,0.0,3,10,5,4,0,0,2,8,1,1,0,1,8,1,1,17,1,12,0,1,0,3,1,0,6,5,5,5,5
2021.0,505.0,0.0,0.0,3,9,1,0,0,0,1,9,1,1,1,1,9,1,1,17,1,12,0,1,0,1,1,0,6,5,5,6,9
2021.0,0.0,0.0,0.0,3,5,0,0,0,0,1,2,1,1,0,0,2,1,1,17,1,12,0,1,0,1,1,0,6,9,5,3,2
2021.0,225.0,0.0,0.0,3,6,0,0,0,0,0,5,0,1,0,0,5,1,1,20,1,12,0,0,0,2,1,0,10,7,5,3,3
2021.0,510.0,1.0,0.0,2,5,3,0,0,3,1,1,1,1,0,0,5,1,1,8,2,12,0,1,0,1,0,0,0,5,5,9,5
2021.0,-62.0,1.0,0.0,1,5,3,0,0,3,1,2,1,1,0,1,1,1,1,9,2,12,0,1,0,2,2,0,10,2,5,9,7
2021.0,0.0,2.0,0.0,3,6,3,0,0,0,0,9,1,1,0,0,9,1,1,13,2,12,0,0,0,2,1,0,10,7,5,8,3
2021.0,-240.0,3.0,0.0,3,4,3,0,0,0,0,2,1,1,0,0,1,1,1,14,2,12,0,0,0,1,1,0,0,2,5,3,9
2021.0,-245.0,3.0,0.0,2,2,4,0,0,0,0,5,1,1,0,1,9,1,1,17,2,12,0,1,0,2,1,0,0,2,5,3,9
2021.0,-100.0,0.0,0.0,3,6,0,1,0,0,1,5,1,1,0,1,5,1,1,19,2,12,0,1,0,1,1,0,10,7,5,8,3
2021.0,100.0,0.0,0.0,3,6,3,0,0,0,0,9,1,1,0,0,9,1,1,8,3,12,0,1,0,1,1,0,10,8,5,8,3
2021.0,-100.0,0.0,0.0,3,6,3,0,0,0,1,1,1,1,0,1,1,1,1,9,3,12,0,1,0,3,0,0,10,8,5,8,3
2021.0,336.0,0.0,0.0,3,2,3,0,0,0,0,9,1,1,0,1,2,1,1,9,3,12,0,1,0,0,1,0,6,2,5,3,9
2021.0,334.0,0.0,0.0,3,2,3,0,0,0,0,1,1,1,0,1,5,1,1,9,3,12,0,1,0,2,1,0,0,2,5,3,9
2021.0,0.0,1.0,0.0,3,2,3,0,0,0,0,9,1,1,0,0,5,1,1,11,3,12,0,0,0,1,1,0,4,2,5,9,3
2021.0,380.0,1.0,0.0,3,6,3,0,0,0,1,2,1,1,0,1,2,1,1,12,3,12,0,0,0,1,1,0,6,8,5,8,3
2021.0,-115.0,0.0,0.0,3,10,3,1,0,0,2,9,1,1,1,1,9,1,1,15,3,12,0,0,0,3,1,0,6,7,5,8,3
2021.0,-111.0,0.0,0.0,3,4,3,1,0,0,1,2,1,1,0,1,9,1,1,16,3,12,0,1,0,1,1,0,10,5,5,3,9
2021.0,0.0,1.0,0.0,2,2,3,1,0,0,0,9,1,1,0,0,5,1,1,16,3,12,0,1,0,2,0,0,4,2,5,9,3
2021.0,0.0,2.0,0.0,2,2,3,1,0,0,0,1,1,1,0,1,2,1,1,16,3,12,0,1,0,2,1,0,4,2,5,9,3
2021.0,-371.0,1.0,0.0,2,6,3,1,0,0,0,5,1,1,0,1,5,1,1,17,3,12,0,1,0,2,2,0,6,8,5,8,3
2021.0,150.0,1.0,0.0,3,6,0,1,0,0,1,9,1,1,0,1,9,1,1,17,3,12,0,1,0,2,1,0,10,7,5,8,3
2021.0,0.0,1.0,0.0,2,5,0,3,4,2,0,9,1,1,0,1,1,1,1,19,3,12,0,1,1,2,1,0,4,2,5,9,3
2021.0,255.0,2.0,0.0,3,6,0,3,4,0,0,5,1,1,0,1,5,1,1,21,3,12,0,0,1,2,2,0,6,7,5,8,3
2021.0,0.0,0.0,0.0,3,11,0,3,4,0,2,9,1,1,0,0,9,1,1,21,3,12,0,0,1,3,2,0,6,9,5,3,9
2021.0,15.0,1.0,0.0,3,5,0,3,4,0,1,1,1,1,3,0,2,1,1,23,3,12,0,0,1,2,2,0,10,5,5,7,9
2021.0,25.0,0.0,0.0,3,6,0,0,0,0,1,5,0,1,0,0,5,1,1,2,4,12,0,0,0,2,2,0,10,7,5,8,3
2021.0,0.0,0.0,0.0,3,4,1,0,0,0,0,1,1,1,0,1,2,1,1,6,4,12,0,0,0,1,1,0,10,2,5,9,3
2021.0,-370.0,0.0,1.0,0,5,3,0,4,0,1,6,1,1,3,1,6,1,1,7,4,12,0,1,1,1,0,0,6,7,5,7,9
2021.0,142.0,0.0,0.0,3,2,3,0,0,0,0,2,1,1,0,0,2,1,1,8,4,12,0,1,0,1,2,0,6,9,5,3,2
2021.0,161.0,2.0,0.0,3,4,3,0,0,0,1,6,1,1,0,1,9,1,1,10,4,12,0,0,0,2,1,0,0,2,5,3,9
2021.0,-89.0,0.0,0.0,3,6,3,0,0,0,1,1,1,1,0,1,1,1,1,12,4,12,0,0,0,2,1,0,10,7,5,8,3
2021.0,-172.0,0.0,0.0,3,6,3,0,0,0,0,2,1,1,0,1,2,1,1,13,4,12,0,0,0,1,0,0,10,8,5,8,3
2021.0,265.0,0.0,0.0,3,10,3,1,0,0,0,9,1,1,0,1,9,1,1,15,4,12,0,0,0,2,1,0,6,5,5,3,6
2021.0,160.0,1.0,0.0,2,6,3,0,0,0,1,9,0,1,0,0,9,1,1,15,4,12,0,0,0,0,1,0,6,7,5,8,3
2021.0,200.0,0.0,0.0,3,10,1,0,0,0,2,1,1,1,1,1,1,1,1,18,4,12,0,1,0,3,1,0,6,9,5,6,3
2021.0,0.0,2.0,0.0,2,4,0,0,0,0,0,2,0,1,0,1,5,1,1,19,4,12,0,1,0,2,2,0,4,2,5,3,9
2021.0,0.0,0.0,0.0,3,4,0,1,0,0,1,5,1,1,0,0,2,1,1,21,4,12,0,0,0,2,2,0,4,2,5,3,9
2021.0,0.0,0.0,0.0,3,4,0,0,0,0,2,3,1,1,0,0,9,1,1,23,4,12,0,0,0,3,2,0,10,5,2,3,9
2021.0,0.0,0.0,0.0,3,2,3,0,0,0,0,9,1,1,0,0,5,1,1,9,5,12,1,1,0,1,0,0,4,2,5,3,3
2021.0,-160.0,1.0,0.0,2,6,3,0,0,0,1,2,1,1,0,1,2,1,1,9,5,12,1,1,0,1,0,0,0,2,5,3,9
2021.0,90.0,0.0,0.0,3,6,3,0,0,0,2,5,1,1,0,1,5,1,1,10,5,12,1,0,0,3,1,0,10,7,5,8,3
2021.0,0.0,2.0,0.0,2,2,3,0,0,0,1,2,1,1,0,0,2,1,1,10,5,12,1,0,0,2,1,0,5,2,5,9,3
2021.0,0.0,0.0,0.0,3,4,3,0,0,0,1,2,1,1,0,0,5,1,1,12,5,12,1,0,0,2,1,0,4,2,5,3,9
2021.0,-102.0,0.0,0.0,3,2,3,0,0,0,1,2,1,1,0,0,2,1,1,13,5,12,1,0,0,1,2,0,0,2,5,3,9
2021.0,-365.0,1.0,0.0,2,6,3,0,0,0,0,1,1,1,0,1,1,1,1,14,5,12,1,0,0,2,2,0,10,8,5,8,3
2021.0,291.0,1.0,0.0,3,6,3,0,0,0,0,1,1,1,0,1,1,1,1,15,5,12,1,0,0,2,1,0,10,7,5,8,3
2021.0,0.0,0.0,0.0,3,4,3,0,0,0,1,2,1,1,0,1,2,1,1,16,5,12,1,1,0,1,1,0,4,2,5,9,9
2021.0,0.0,0.0,0.0,3,10,5,4,0,0,2,8,1,1,0,1,8,1,1,19,5,12,1,1,0,3,2,0,6,5,5,5,5
2021.0,0.0,0.0,0.0,3,4,0,0,3,0,2,9,1,1,0,0,3,1,1,20,5,12,1,0,0,3,2,0,4,5,5,9,3
2021.0,100.0,0.0,0.0,3,4,0,0,0,0,0,2,1,1,0,1,1,1,1,21,5,12,1,0,0,2,1,0,6,2,5,3,9
2021.0,0.0,0.0,0.0,3,2,0,0,0,0,2,9,1,1,0,1,9,1,1,22,5,12,1,0,0,3,1,0,5,5,4,3,9
2021.0,170.0,2.0,0.0,2,6,3,0,0,0,1,2,1,1,0,0,2,1,1,8,6,12,1,1,0,0,2,0,10,5,5,3,3
2021.0,-53.0,1.0,0.0,2,6,3,0,0,0,1,2,1,1,0,0,2,1,1,14,6,12,1,0,0,1,2,0,10,7,5,8,3
2021.0,15.0,0.0,0.0,3,10,3,0,0,0,0,5,1,1,0,0,5,1,1,15,6,12,1,0,0,0,1,0,4,9,5,9,2
2021.0,30.0,1.0,0.0,2,6,4,0,0,0,0,5,0,1,0,1,5,1,1,18,6,12,1,1,0,1,2,0,10,8,5,3,3
2021.0,0.0,0.0,0.0,3,9,0,0,0,0,1,5,1,1,0,0,2,1,1,0,0,12,0,0,0,3,1,0,10,5,5,3,3
2021.0,0.0,2.0,0.0,3,2,3,1,0,0,1,9,1,1,0,1,2,1,1,12,0,12,0,0,0,2,1,0,5,2,5,3,9
2021.0,0.0,2.0,0.0,2,2,3,0,0,0,1,9,1,1,0,0,2,1,1,13,0,12,0,0,0,1,2,0,5,2,5,3,9
2021.0,-202.0,0.0,0.0,3,10,3,1,0,0,2,9,1,1,0,1,9,1,1,14,0,12,0,0,0,3,1,0,10,9,5,3,2
2021.0,0.0,0.0,0.0,3,10,5,4,0,0,2,8,1,1,0,1,8,1,1,15,0,12,0,0,0,3,1,0,6,5,5,5,5
2021.0,180.0,1.0,0.0,3,6,3,0,0,0,1,5,1,1,0,0,5,1,1,15,0,12,0,0,0,1,1,0,10,8,5,8,3
2021.0,0.0,2.0,0.0,2,6,0,0,0,0,0,2,1,1,0,0,2,1,1,17,0,12,0,1,0,1,0,0,6,8,5,8,3
2021.0,-100.0,1.0,0.0,3,6,0,0,0,0,1,5,1,1,0,0,5,1,1,18,0,12,0,1,0,1,2,0,10,8,5,8,3
2021.0,-92.0,0.0,0.0,3,6,3,0,0,0,0,5,1,1,0,1,5,1,1,10,1,12,0,0,0,0,0,0,6,7,5,8,3
2021.0,-98.0,1.0,0.0,3,6,3,0,0,0,2,9,1,1,0,0,9,1,1,10,1,12,0,0,0,3,1,0,10,7,5,8,3
2021.0,35.0,0.0,0.0,3,10,3,0,0,0,1,1,1,1,0,0,1,1,1,14,1,12,0,0,0,1,2,0,10,5,5,3,5
2021.0,36.0,2.0,0.0,2,6,4,0,0,0,0,5,1,1,0,0,5,1,1,16,1,12,0,1,0,0,1,0,10,7,5,8,3
2021.0,0.0,0.0,0.0,3,10,3,0,0,0,2,9,1,1,0,1,9,1,1,7,2,12,0,1,0,3,1,0,4,5,5,3,9
2021.0,-193.0,0.0,0.0,3,6,3,0,0,0,1,2,1,1,0,0,2,1,1,8,2,12,0,1,0,1,1,0,6,5,5,3,3
2021.0,-115.0,2.0,0.0,3,4,3,0,0,0,0,1,1,1,0,1,9,1,1,15,2,12,0,0,0,0,1,0,0,2,5,3,9
2021.0,293.0,0.0,0.0,3,2,0,0,0,0,1,2,1,1,0,1,2,1,1,21,2,12,0,0,0,1,0,0,0,2,5,3,9
2021.0,0.0,0.0,0.0,3,2,1,0,0,0,0,9,1,1,0,0,2,1,1,22,2,12,0,0,0,1,1,0,5,2,5,3,9
2021.0,-523.0,0.0,0.0,3,6,3,0,0,0,0,2,1,1,0,1,2,1,1,13,3,12,0,0,0,1,1,0,6,8,5,8,3
2021.0,130.0,0.0,0.0,3,10,3,0,0,0,2,5,1,1,0,0,5,1,1,13,3,12,0,0,0,3,2,0,10,5,5,3,0
2021.0,-510.0,0.0,0.0,3,4,3,0,0,0,1,2,1,1,0,1,2,1,1,16,3,12,0,1,0,1,2,0,0,5,5,8,9
2021.0,-114.0,0.0,0.0,3,10,0,0,0,0,0,2,1,1,0,1,2,1,1,18,3,12,0,1,0,2,1,0,6,8,5,8,3
2021.0,220.0,1.0,0.0,3,10,0,0,0,0,0,5,1,1,0,0,5,1,1,18,3,12,0,1,0,2,1,0,10,7,5,8,3
2021.0,0.0,0.0,0.0,3,10,0,0,0,0,0,7,1,1,0,0,7,1,1,21,3,12,0,0,0,0,2,0,5,2,5,9,9
2021.0,-35.0,1.0,0.0,3,2,3,0,0,0,0,2,1,1,3,0,9,1,1,8,4,12,0,1,0,1,0,0,10,2,5,7,9
2021.0,400.0,0.0,0.0,3,10,3,0,0,0,1,2,1,1,0,1,2,1,1,8,4,12,0,1,0,3,0,0,6,9,5,3,2
2021.0,-150.0,0.0,0.0,3,10,3,0,0,0,1,1,1,1,0,1,1,1,1,10,4,12,0,0,0,1,0,0,10,5,5,3,3
2021.0,-62.0,1.0,0.0,3,6,3,0,0,0,2,9,1,1,0,0,9,1,1,15,4,12,0,0,0,3,2,0,10,8,5,3,3
2021.0,-495.0,0.0,0.0,3,2,3,0,0,0,0,2,1,1,0,1,2,1,1,16,4,12,0,1,0,1,0,0,6,9,5,3,9
2021.0,-25.0,1.0,0.0,3,6,4,4,3,0,2,2,1,1,0,1,2,1,1,16,4,12,0,1,0,3,1,0,10,7,5,8,3
2021.0,87.0,0.0,0.0,3,6,0,0,0,0,2,5,1,1,0,1,5,1,1,18,4,12,0,1,0,3,1,0,10,7,5,8,3
2021.0,-141.0,1.0,0.0,3,10,0,0,0,0,1,1,1,1,0,1,1,1,1,21,4,12,0,0,0,1,2,0,6,9,5,3,3
2021.0,932.0,0.0,0.0,3,6,3,0,0,0,0,2,1,1,0,1,2,1,1,9,5,12,1,1,0,1,1,0,6,8,5,8,3
2021.0,0.0,2.0,0.0,2,4,3,0,0,0,1,5,1,1,0,1,2,1,1,9,5,12,1,1,0,1,0,0,4,2,2,9,3
2021.0,287.0,0.0,0.0,3,4,3,0,0,0,0,1,1,1,0,0,5,1,1,10,5,12,1,0,0,2,0,0,6,2,5,8,9
2021.0,-20.0,2.0,0.0,3,6,3,0,0,0,1,2,1,1,0,1,2,1,1,13,5,12,1,0,0,2,1,0,10,8,5,8,3
2021.0,0.0,0.0,0.0,3,4,3,0,0,0,0,9,1,1,0,1,2,1,1,16,5,12,1,1,0,2,1,0,5,5,5,3,9
2021.0,-100.0,0.0,0.0,3,10,3,0,0,0,0,1,1,1,0,0,1,1,1,16,5,12,1,1,0,1,0,0,10,7,5,8,3
2021.0,-75.0,1.0,0.0,2,10,0,0,0,0,2,9,1,1,0,1,9,1,1,17,5,12,1,1,0,3,1,0,6,5,5,3,5
2021.0,150.0,0.0,0.0,3,10,5,4,0,0,1,9,1,1,0,0,9,1,1,18,5,12,1,1,0,1,1,0,10,9,5,8,2
2021.0,0.0,1.0,0.0,2,2,0,0,0,0,0,5,1,1,0,0,9,1,1,23,5,12,1,0,0,2,2,0,4,2,5,3,9
2021.0,0.0,0.0,0.0,3,4,3,0,0,0,2,5,1,1,0,0,2,1,1,17,6,12,1,1,0,3,1,0,4,2,5,3,9
2021.0,-45.0,2.0,0.0,3,6,4,0,0,0,0,2,1,1,0,1,2,1,1,17,6,12,1,1,0,1,1,0,10,7,5,3,3
2021.0,100.0,0.0,0.0,3,6,0,0,0,0,2,9,1,1,0,0,9,1,1,18,6,12,1,1,0,3,2,0,10,7,5,3,3
2021.0,-300.0,0.0,0.0,3,2,4,0,0,0,1,2,1,1,0,0,1,1,1,18,6,12,1,1,0,1,1,0,0,2,5,3,3
2021.0,0.0,0.0,0.0,3,10,5,4,0,0,2,2,1,1,0,0,2,1,1,9,0,12,0,1,0,3,2,0,6,5,5,3,6
2021.0,185.0,0.0,0.0,3,10,3,0,3,0,1,2,1,1,0,0,2,1,1,13,0,12,0,0,0,3,1,0,6,9,5,3,5
2021.0,-37.0,1.0,0.0,3,6,3,0,0,0,1,1,1,0,0,1,1,1,1,14,0,12,0,0,0,2,1,0,10,8,5,8,3
2021.0,130.0,1.0,0.0,2,4,3,0,0,0,0,9,1,1,0,0,1,1,1,14,0,12,0,0,0,0,2,0,0,2,5,3,9
2021.0,513.0,2.0,0.0,3,2,3,0,0,0,1,5,1,1,0,0,9,1,1,14,0,12,0,0,0,1,0,0,0,2,5,3,9
2021.0,-25.0,0.0,0.0,3,2,3,0,0,0,2,5,1,1,0,1,2,1,1,14,0,12,0,0,0,3,1,0,6,7,5,3,3
2021.0,0.0,1.0,0.0,3,4,3,0,0,0,1,1,1,1,0,1,9,1,1,15,0,12,0,0,0,1,2,0,4,2,5,3,9
2021.0,500.0,0.0,0.0,3,4,3,0,0,0,1,1,1,1,0,0,5,1,1,15,0,12,0,0,0,1,1,0,6,2,5,3,9
2021.0,120.0,0.0,0.0,3,6,3,0,0,0,0,5,1,1,0,1,8,1,1,16,0,12,0,1,0,1,1,0,6,5,5,5,3
2021.0,0.0,4.0,0.0,1,4,0,0,0,0,0,5,1,1,0,0,2,1,1,18,0,12,0,1,0,1,2,0,4,2,5,3,9
2021.0,200.0,0.0,0.0,3,10,0,0,0,0,2,9,1,1,0,0,9,1,1,19,0,12,0,1,0,3,2,0,6,5,5,3,3
2021.0,-50.0,0.0,0.0,3,10,4,0,0,0,2,1,1,1,0,1,1,1,1,19,0,12,0,1,0,3,1,0,10,7,5,3,3