Year,Distance,Totalinjuries,Totalfatalities,Injuryseverity,Collisionmanner,Lightcondition,Weather,SurfaceCondition,Unittype_One,Gender_Drv1,Traveldirection_One,AlcoholUse_Drv1,DrugUse_Drv1,Unittype_Two,Gender_Drv2,Traveldirection_Two,AlcoholUse_Drv2,DrugUse_Drv2,Hour,Weekday,Month,Weekend,Rush_Hour,Hazardous_Road,Age_Group_Drv1,Age_Group_Drv2,Substance_Use,Junction_Category,Violation_Category_Drv1,Violation_Category_Drv2,Unitaction_Category_Two,Unitaction_Category_One
2021.0,0.0,3.0,0.0,3,2,0,0,0,0,1,1,1,1,0,1,5,1,1,20,0,12,0,0,0,1,0,0,4,2,5,3,3
2021.0,0.0,0.0,0.0,3,4,0,0,0,0,1,9,1,1,0,1,5,1,1,6,1,12,0,0,0,2,0,0,5,2,5,9,3
2021.0,0.0,1.0,0.0,2,4,3,1,0,0,0,5,1,1,0,0,1,1,1,11,1,12,0,0,0,0,1,0,5,2,5,3,2
2021.0,-88.0,2.0,0.0,3,10,3,0,0,0,1,2,1,1,0,0,2,1,1,13,1,12,0,0,0,0,1,0,10,5,5,3,9
2021.0,600.0,0.0,0.0,3,2,3,1,0,0,0,9,1,1,0,1,5,1,1,13,1,12,0,0,0,0,1,0,0,2,5,3,9
2021.0,0.0,0.0,0.0,3,4,3,1,0,0,2,1,1,1,0,0,1,1,1,15,1,12,0,0,0,3,1,0,4,4,5,9,9
2021.0,0.0,1.0,0.0,3,2,4,0,0,0,1,5,1,1,0,1,9,1,1,17,1,12,0,1,0,1,1,0,5,2,5,3,3
2021.0,-90.0,0.0,0.0,3,10,0,0,0,0,0,9,1,1,0,0,9,1,1,20,1,12,0,0,0,1,0,0,6,5,5,5,5
2021.0,0.0,1.0,0.0,2,2,0,0,0,0,0,9,1,1,0,1,1,1,1,21,1,12,0,0,0,1,1,0,10,1,5,3,9
2021.0,390.0,1.0,0.0,2,6,3,0,0,0,0,2,1,1,0,1,2,1,1,9,2,12,0,1,0,1,1,0,0,8,5,8,3
2021.0,0.0,0.0,0.0,3,4,3,0,0,0,1,2,1,1,0,0,5,1,1,12,2,12,0,0,0,1,2,0,4,2,5,9,3
2021.0,-345.0,0.0,0.0,3,10,3,0,0,0,0,5,1,1,0,0,5,1,1,12,2,12,0,0,0,1,0,0,0,9,5,3,2
2021.0,0.0,2.0,0.0,2,4,3,0,0,0,0,9,1,1,0,0,1,1,1,13,2,12,0,0,0,0,1,0,4,2,5,9,3
2021.0,0.0,2.0,0.0,3,4,3,0,0,0,0,1,1,1,0,0,9,1,1,13,2,12,0,0,0,0,1,0,4,2,5,3,9
2021.0,0.0,1.0,0.0,3,4,3,1,0,0,1,5,1,1,0,0,2,1,1,15,2,12,0,0,0,0,1,0,4,5,5,3,9
2021.0,153.0,0.0,0.0,3,10,3,1,0,0,0,9,1,1,0,0,9,1,1,15,2,12,0,0,0,0,1,0,6,5,5,5,3
2021.0,85.0,0.0,0.0,3,4,3,0,0,0,1,5,1,1,0,1,2,1,1,16,2,12,0,1,0,2,1,0,0,2,5,3,9
2021.0,25.0,0.0,0.0,3,6,0,1,0,0,0,9,0,1,0,0,9,0,1,22,2,12,0,0,0,2,1,0,10,7,5,3,3
2021.0,0.0,2.0,0.0,3,2,3,1,0,0,1,9,1,1,0,0,2,1,1,7,3,12,0,1,0,2,0,0,5,2,5,3,9
2021.0,0.0,0.0,0.0,3,4,3,0,0,0,1,9,1,1,0,1,1,1,1,10,3,12,0,0,0,2,1,0,4,2,5,3,9
2021.0,-750.0,0.0,0.0,3,2,3,0,0,0,0,2,1,1,0,0,2,1,1,13,3,12,0,0,0,1,2,0,6,2,5,3,9
2021.0,-110.0,0.0,0.0,3,10,3,0,0,0,1,5,1,1,0,1,5,1,1,16,3,12,0,1,0,1,1,0,6,9,5,3,2
2021.0,-188.0,0.0,0.0,3,6,3,0,0,0,0,9,1,1,0,0,9,1,1,16,3,12,0,1,0,1,1,0,6,7,5,3,3
2021.0,170.0,1.0,0.0,3,2,0,0,0,0,1,2,1,1,0,0,2,1,1,18,3,12,0,1,0,1,1,0,6,5,5,9,2
2021.0,24.0,0.0,0.0,3,9,0,0,0,0,2,2,1,1,0,0,5,1,1,20,3,12,0,0,0,3,0,0,6,9,5,3,3
2021.0,-212.0,0.0,0.0,3,6,0,0,0,0,1,9,1,1,0,1,9,1,1,21,3,12,0,0,0,1,1,0,6,7,5,3,3
2021.0,125.0,0.0,0.0,3,6,0,0,0,0,0,9,1,1,0,1,9,1,1,21,3,12,0,0,0,2,2,0,10,7,5,8,3
2021.0,0.0,0.0,0.0,3,10,3,1,0,0,2,8,1,1,0,1,8,1,1,13,4,12,0,0,0,3,0,0,0,2,5,9,9
2021.0,0.0,0.0,0.0,3,4,3,0,0,0,0,3,1,1,0,0,9,1,1,14,4,12,0,0,0,1,1,0,5,2,5,3,9
2021.0,0.0,2.0,0.0,2,4,4,3,4,0,1,2,1,1,0,1,5,1,1,17,4,12,0,1,1,2,0,0,4,2,5,3,9
2021.0,15.0,1.0,0.0,3,5,0,3,4,0,2,4,1,1,3,0,9,1,1,17,4,12,0,1,1,3,1,0,10,2,5,7,9
2021.0,75.0,0.0,0.0,3,6,0,3,4,0,1,5,1,1,0,1,5,1,1,18,4,12,0,1,1,0,1,0,6,7,5,8,3
2021.0,0.0,0.0,0.0,3,6,0,1,4,0,1,5,1,1,0,0,5,1,1,19,4,12,0,1,1,2,1,0,4,7,5,8,3
2021.0,0.0,1.0,0.0,2,4,3,1,0,0,1,3,1,1,0,1,9,1,1,13,5,12,1,0,0,1,2,0,4,2,5,8,9
2021.0,0.0,0.0,0.0,3,2,3,0,0,0,1,2,1,1,0,0,1,1,1,10,6,12,1,0,0,1,1,0,5,2,5,3,3
2021.0,-115.0,0.0,0.0,3,10,3,0,0,0,0,5,1,1,0,0,5,1,1,12,6,12,1,0,0,2,2,0,8,9,5,6,5
2021.0,200.0,0.0,0.0,3,6,3,0,0,0,2,9,1,1,0,1,9,1,1,16,6,12,1,1,0,3,1,0,10,7,5,8,3
2021.0,-15.0,1.0,0.0,2,6,4,0,0,0,1,9,1,1,0,0,9,1,1,17,6,12,1,1,0,1,1,0,10,7,5,3,3
2021.0,0.0,0.0,0.0,3,10,3,0,0,0,2,9,1,1,0,1,9,1,1,19,6,12,1,1,0,3,1,0,10,4,5,9,9
2021.0,60.0,0.0,0.0,3,6,0,0,0,0,1,9,1,1,0,0,9,0,1,21,6,12,1,0,0,1,1,0,6,2,5,3,3
2021.0,-90.0,0.0,0.0,3,10,3,1,0,0,1,2,1,1,0,0,2,1,1,10,0,12,0,0,0,1,2,0,10,9,5,3,2
2021.0,-65.0,0.0,0.0,3,10,3,1,0,0,0,1,1,1,0,1,1,1,1,11,0,12,0,0,0,1,1,0,10,5,5,8,9
2021.0,95.0,1.0,0.0,3,6,3,1,3,0,0,9,1,1,0,1,9,1,1,11,0,12,0,0,0,3,1,0,10,8,5,8,3
2021.0,135.0,0.0,0.0,3,6,3,1,0,0,2,5,1,1,0,0,5,1,1,12,0,12,0,0,0,3,0,0,10,8,5,8,3
2021.0,-415.0,0.0,0.0,3,10,3,1,0,0,1,5,1,1,1,1,5,1,1,13,0,12,0,0,0,1,1,0,6,7,5,6,3
2021.0,0.0,3.0,0.0,3,2,3,0,0,0,1,1,1,1,0,0,2,1,1,16,0,12,0,1,0,0,1,0,5,2,5,9,3
2021.0,0.0,0.0,0.0,3,4,0,1,0,0,1,9,1,1,0,1,9,1,1,20,0,12,0,0,0,2,1,0,4,5,5,9,9
2021.0,0.0,1.0,0.0,2,2,3,1,0,0,1,5,1,1,0,1,9,1,1,13,1,12,0,0,0,2,2,0,6,2,5,3,9
2021.0,-185.0,1.0,0.0,2,2,0,1,0,0,1,2,1,1,0,1,1,1,1,18,1,12,0,1,0,1,2,0,0,2,5,3,3
2021.0,-35.0,0.0,0.0,3,2,0,0,0,0,1,9,1,1,0,1,9,1,1,20,1,12,0,0,0,1,2,0,10,2,5,3,9
2021.0,0.0,1.0,0.0,3,4,2,1,4,0,0,3,1,1,0,1,9,1,1,7,2,12,0,1,1,1,1,0,4,2,5,3,9
2021.0,-165.0,1.0,0.0,2,4,3,1,0,0,2,9,1,1,0,0,2,1,1,12,2,12,0,0,0,3,0,0,10,2,5,3,9
2021.0,320.0,1.0,0.0,1,4,3,0,0,0,0,6,1,1,0,1,9,1,1,14,2,12,0,0,0,2,2,0,0,2,5,3,9
2021.0,635.0,0.0,0.0,3,2,3,0,0,0,0,5,1,1,0,1,9,1,1,15,2,12,0,0,0,1,1,0,6,2,5,3,9
2021.0,-100.0,0.0,0.0,3,5,3,0,3,0,2,5,1,1,1,1,2,1,1,16,2,12,0,1,0,3,1,0,6,7,5,6,5
2021.0,0.0,2.0,0.0,2,4,3,0,0,0,0,9,1,1,0,1,1,1,1,16,2,12,0,1,0,1,1,0,4,2,5,3,9
2021.0,-120.0,0.0,0.0,3,6,0,1,0,0,2,2,1,1,0,1,2,1,1,17,2,12,0,1,0,3,1,0,10,7,5,8,3
2021.0,15.0,1.0,0.0,2,5,0,0,0,0,0,5,1,1,3,1,1,1,1,18,2,12,0,1,0,1,0,0,10,2,5,5,9
2021.0,0.0,0.0,0.0,3,2,0,0,0,0,1,2,1,1,0,1,9,1,1,20,2,12,0,0,0,1,1,0,5,2,5,3,9
2021.0,103.0,0.0,0.0,3,6,0,3,4,0,2,5,1,1,0,1,5,1,1,0,3,12,0,0,1,3,2,0,10,7,5,3,3
2021.0,135.0,2.0,0.0,2,6,3,1,0,0,2,9,1,1,0,1,9,1,1,10,3,12,0,0,0,3,1,0,10,8,5,8,3
2021.0,0.0,1.0,0.0,2,4,3,1,0,0,1,5,1,1,0,1,2,1,1,12,3,12,0,0,0,1,0,0,4,2,5,9,3
2021.0,82.0,0.0,0.0,3,6,3,0,0,0,1,5,1,1,0,1,5,1,1,13,3,12,0,0,0,1,2,0,10,8,5,8,3
2021.0,-255.0,0.0,0.0,3,2,3,1,0,0,0,9,1,1,0,1,2,1,1,15,3,12,0,0,0,1,1,0,6,2,5,3,9
2021.0,-32.0,0.0,0.0,3,6,3,0,0,0,0,1,1,0,0,0,1,1,1,15,3,12,0,0,0,1,1,0,10,8,5,3,3
2021.0,0.0,0.0,0.0,3,4,3,0,0,0,0,2,1,1,0,0,5,1,1,16,3,12,0,1,0,0,1,0,5,2,5,3,9
2021.0,95.0,1.0,0.0,2,5,3,1,0,2,1,9,1,1,0,1,2,1,1,11,4,12,0,0,0,1,1,0,0,2,5,3,3
2021.0,100.0,0.0,0.0,3,4,3,1,0,0,1,1,1,1,0,0,2,1,1,15,4,12,0,0,0,1,2,0,0,2,5,3,9
2021.0,0.0,0.0,0.0,3,6,0,0,0,0,1,1,1,1,0,1,1,1,1,22,4,12,0,0,0,2,1,0,4,5,5,3,5
2022.0,100.0,0.0,0.0,3,6,0,0,0,0,2,9,1,1,0,1,9,1,1,0,5,1,1,0,0,3,2,0,10,5,5,8,3
2022.0,0.0,0.0,0.0,3,11,0,3,4,0,1,1,1,1,0,0,2,1,1,0,5,1,1,0,1,2,1,0,5,5,5,3,9
2022.0,0.0,0.0,0.0,3,2,3,0,0,0,0,9,1,1,0,0,5,1,1,7,5,1,1,1,0,1,1,0,4,2,5,3,3
2022.0,0.0,0.0,0.0,3,6,3,0,0,0,1,9,1,1,0,1,9,1,1,12,5,1,1,0,0,2,2,0,6,7,5,3,3
2022.0,0.0,0.0,0.0,3,2,3,0,0,0,0,2,1,1,0,0,4,1,1,16,5,1,1,1,0,1,1,0,4,9,5,9,3
2022.0,0.0,0.0,0.0,3,10,3,0,0,0,0,2,1,1,0,1,2,1,1,16,6,1,1,1,0,0,1,0,10,5,5,3,3
2022.0,500.0,0.0,0.0,3,2,3,0,0,0,1,5,1,1,0,0,9,1,1,6,0,1,0,0,0,1,2,0,6,2,5,3,9
2022.0,-30.0,0.0,0.0,3,6,3,0,0,0,1,2,1,1,0,0,2,1,1,8,0,1,0,1,0,1,1,0,10,7,5,8,3
2022.0,-60.0,1.0,0.0,2,6,3,0,0,0,1,1,1,1,0,0,1,1,1,11,0,1,0,0,0,1,1,0,10,5,5,8,3
2022.0,0.0,1.0,0.0,2,5,3,0,0,0,1,9,1,1,3,1,9,1,1,11,0,1,0,0,0,1,2,0,4,2,5,7,9
2022.0,124.0,1.0,0.0,3,6,3,0,0,0,2,9,1,1,0,0,9,1,1,14,0,1,0,0,0,3,1,0,10,8,5,8,3
2022.0,0.0,0.0,0.0,3,4,3,0,0,0,1,1,1,1,0,1,9,1,1,15,0,1,0,0,0,1,1,0,4,2,5,3,9
2022.0,0.0,0.0,0.0,3,4,3,0,0,0,0,2,1,1,0,1,5,1,1,15,0,1,0,0,0,0,2,0,5,5,5,3,9
2022.0,160.0,1.0,0.0,2,6,3,0,0,0,0,1,1,1,0,0,1,1,1,17,0,1,0,1,0,0,1,0,6,8,5,8,3
2022.0,0.0,1.0,0.0,3,5,3,0,0,2,1,2,1,1,0,0,1,1,1,8,1,1,0,1,0,0,2,0,10,9,5,9,3
2022.0,0.0,0.0,0.0,3,4,3,0,0,0,0,2,1,1,0,0,2,1,1,10,1,1,0,0,0,0,1,0,6,4,5,3,9
2022.0,-1050.0,1.0,0.0,3,5,3,0,0,0,2,1,1,1,3,0,1,1,1,12,1,1,0,0,0,3,1,0,0,2,5,5,5
2022.0,351.0,1.0,0.0,3,4,3,0,0,0,1,7,1,1,0,0,2,1,1,12,1,1,0,0,0,1,2,0,0,2,5,3,9
2022.0,235.0,1.0,0.0,3,5,3,0,0,0,0,2,1,1,2,1,1,1,1,15,1,1,0,0,0,1,0,0,10,2,5,7,8
2022.0,0.0,0.0,0.0,3,10,3,0,0,0,1,5,1,1,0,0,5,1,1,9,2,1,0,1,0,0,0,0,4,4,5,3,9
2022.0,825.0,0.0,0.0,3,10,3,0,0,0,0,5,1,1,0,1,5,1,1,9,2,1,0,1,0,1,1,0,6,9,5,9,9
2022.0,0.0,2.0,0.0,3,6,3,0,0,0,1,5,1,1,0,0,5,1,1,9,2,1,0,1,0,1,0,0,10,8,5,8,3
2022.0,0.0,0.0,0.0,3,4,3,0,0,0,1,4,1,1,0,0,5,1,1,13,2,1,0,0,0,1,2,0,5,2,5,3,9
2022.0,0.0,0.0,0.0,3,10,5,4,0,0,0,1,1,1,0,1,1,1,1,13,2,1,0,0,0,1,2,0,4,4,5,9,9
2022.0,0.0,2.0,0.0,1,4,3,0,0,0,1,5,1,1,0,0,2,1,1,14,2,1,0,0,0,2,1,0,4,2,5,3,9
2022.0,30.0,0.0,0.0,3,6,3,0,0,0,2,2,1,1,0,1,2,1,1,16,2,1,0,1,0,3,2,0,10,8,5,3,3
2022.0,100.0,0.0,0.0,3,2,0,0,0,0,1,9,1,0,0,1,1,1,1,19,2,1,0,1,0,1,0,0,6,7,5,8,9
2022.0,0.0,0.0,0.0,3,4,0,0,0,0,1,1,1,1,0,0,5,1,1,23,2,1,0,0,0,2,1,0,6,2,5,9,3
2022.0,-30.0,0.0,0.0,3,2,0,0,0,0,1,1,1,1,0,1,5,1,1,1,3,1,0,0,0,1,2,0,4,2,5,3,3
2022.0,0.0,0.0,0.0,3,10,3,0,0,0,0,1,1,1,0,0,1,1,1,8,3,1,0,1,0,0,1,0,3,9,5,9,9
2022.0,171.0,6.0,0.0,2,6,3,0,0,0,0,2,1,1,0,0,2,1,1,16,3,1,0,1,0,1,2,0,10,8,5,8,3
2022.0,-220.0,0.0,0.0,3,6,0,0,0,0,0,9,0,1,0,0,9,1,1,19,3,1,0,1,0,2,2,0,6,7,5,8,3
2022.0,200.0,0.0,0.0,3,6,0,0,0,0,1,5,1,1,0,1,5,1,1,21,3,1,0,0,0,2,1,0,10,7,5,8,3
2022.0,-438.0,0.0,0.0,3,2,3,0,0,0,1,9,1,1,0,1,1,1,1,11,4,1,0,0,0,1,1,0,6,7,5,3,3
2022.0,0.0,0.0,0.0,3,6,3,0,0,0,1,9,1,1,0,1,9,1,1,11,4,1,0,0,0,0,1,0,4,7,5,8,3
2022.0,0.0,1.0,0.0,3,2,3,0,0,0,0,1,1,1,0,0,5,1,1,13,4,1,0,0,0,2,1,0,4,2,5,3,3
2022.0,-246.0,1.0,0.0,3,6,3,0,0,0,0,2,1,1,0,1,2,1,1,13,4,1,0,0,0,2,1,0,6,8,5,8,3
2022.0,0.0,2.0,0.0,2,2,3,0,0,0,0,5,1,1,0,0,1,1,1,14,4,1,0,0,0,1,0,0,4,2,5,3,3
2022.0,-98.0,0.0,0.0,3,6,0,0,0,0,1,1,0,1,0,1,1,1,1,0,5,1,1,0,0,1,1,0,10,8,5,3,3
2022.0,38.0,0.0,0.0,3,2,0,0,0,0,1,1,1,1,0,1,4,1,1,3,5,1,1,0,0,1,1,0,5,2,5,9,3
2022.0,0.0,0.0,0.0,3,2,3,0,0,0,2,9,1,1,0,1,5,1,1,8,5,1,1,1,0,3,1,0,4,2,5,9,3
2022.0,-60.0,0.0,0.0,3,6,3,0,0,0,1,5,1,1,0,0,5,1,1,11,5,1,1,0,0,1,2,0,6,7,5,8,8
2022.0,0.0,1.0,0.0,2,2,0,0,0,0,1,3,1,1,2,0,1,1,1,17,6,1,1,1,0,1,2,0,4,2,5,3,9
2022.0,0.0,0.0,0.0,3,3,1,0,0,0,1,2,1,1,0,1,5,1,1,19,6,1,1,1,0,1,1,0,4,2,5,3,9
2022.0,75.0,0.0,0.0,3,6,0,0,0,0,1,9,1,1,0,0,9,1,1,23,6,1,1,0,0,0,1,0,6,7,5,8,3
2022.0,-575.0,1.0,0.0,3,5,0,0,0,3,0,5,1,1,0,1,6,1,1,23,6,1,1,0,0,1,2,0,6,5,5,9,7
2022.0,0.0,0.0,0.0,3,4,0,0,0,0,0,5,1,1,0,1,2,1,1,6,0,1,0,0,0,1,1,0,4,2,5,3,9
2022.0,0.0,0.0,0.0,3,4,3,0,0,0,1,2,1,1,0,0,5,1,1,9,0,1,0,1,0,1,1,0,5,2,5,3,9
2022.0,98.0,0.0,0.0,3,10,3,0,0,0,1,1,1,1,0,1,1,1,1,11,0,1,0,0,0,1,1,0,5,9,5,3,2
2022.0,0.0,3.0,0.0,2,2,3,0,0,0,1,2,1,1,0,1,1,1,1,13,0,1,0,0,0,0,0,0,4,2,5,3,3
2022.0,0.0,1.0,0.0,3,5,3,0,0,0,0,1,1,1,0,1,1,1,1,14,0,1,0,0,0,2,2,0,3,7,5,8,3
2022.0,-59.0,1.0,0.0,3,2,3,0,0,0,0,5,1,1,3,0,5,1,1,15,0,1,0,0,0,0,0,0,10,2,5,7,9
2022.0,-200.0,2.0,0.0,3,6,3,4,0,0,1,1,1,1,0,0,1,1,1,16,0,1,0,1,0,3,1,0,6,7,5,8,3
2022.0,0.0,2.0,0.0,2,4,3,0,0,0,1,5,1,1,0,0,2,1,1,16,0,1,0,1,0,1,1,0,4,2,5,9,3
2022.0,-210.0,2.0,0.0,3,6,3,0,0,0,1,2,1,1,0,0,2,1,1,17,0,1,0,1,0,2,1,0,10,8,5,8,3
2022.0,0.0,2.0,0.0,2,2,0,0,0,0,1,9,1,1,0,1,5,1,1,19,0,1,0,1,0,1,1,0,4,2,5,3,3
2022.0,405.0,0.0,0.0,3,2,3,0,0,0,0,2,1,1,0,0,1,1,1,7,1,1,0,1,0,1,2,0,6,2,5,3,9
2022.0,71.0,0.0,0.0,3,6,3,0,0,0,1,9,0,1,0,1,9,1,1,13,1,1,0,0,0,0,0,0,10,8,5,8,3
2022.0,0.0,1.0,0.0,3,6,3,0,0,0,1,2,1,1,0,0,2,1,1,15,1,1,0,0,0,1,0,0,5,7,5,8,3
2022.0,-176.0,1.0,0.0,2,6,3,0,0,0,0,2,1,1,0,0,2,1,1,16,1,1,0,1,0,2,1,0,10,8,5,8,3
2022.0,-280.0,1.0,0.0,3,3,3,0,0,0,1,9,1,0,1,1,1,1,1,16,1,1,0,1,0,1,1,0,6,1,5,6,3
2022.0,15.0,0.0,0.0,3,2,3,0,0,0,2,1,1,1,0,0,5,1,1,17,1,1,0,1,0,3,1,0,10,5,5,9,3
2022.0,0.0,3.0,0.0,3,2,0,0,0,0,0,2,1,1,0,1,5,1,1,19,1,1,0,1,0,2,2,0,4,2,7,3,9
2022.0,0.0,2.0,0.0,1,2,0,0,0,0,1,9,0,1,0,1,5,1,1,1,2,1,0,0,0,2,1,0,4,7,5,9,3
2022.0,0.0,1.0,0.0,2,2,3,0,0,0,0,9,1,1,0,0,2,1,1,10,2,1,0,0,0,2,1,0,4,2,5,9,3
2022.0,0.0,0.0,0.0,3,10,3,0,0,0,0,2,1,1,0,1,2,1,1,15,2,1,0,0,0,0,1,0,4,5,5,9,3
2022.0,0.0,0.0,0.0,3,2,3,0,0,0,1,5,1,1,0,0,1,1,1,16,2,1,0,1,0,2,1,0,5,2,5,3,9
2022.0,-325.0,0.0,0.0,3,10,4,0,0,0,2,5,1,1,1,1,5,1,1,18,2,1,0,1,0,3,1,0,6,7,5,5,3
2022.0,277.0,0.0,0.0,3,6,0,0,0,0,0,5,1,1,0,0,5,1,1,18,2,1,0,1,0,1,2,0,6,9,5,3,2
2022.0,0.0,2.0,0.0,3,2,0,0,0,0,1,2,1,1,0,1,9,1,1,20,2,1,0,0,0,2,1,0,5,2,5,3,9
2022.0,-15.0,1.0,0.0,1,5,0,0,0,0,1,5,1,1,3,1,9,1,1,6,3,1,0,0,0,1,0,0,10,2,5,7,3
2022.0,0.0,2.0,0.0,3,2,3,0,0,0,1,9,1,1,0,1,5,1,1,11,3,1,0,0,0,1,2,0,4,2,5,3,3
2022.0,0.0,0.0,0.0,3,4,3,0,0,0,1,6,1,1,0,1,2,1,1,12,3,1,0,0,0,1,1,0,4,2,5,3,9
2022.0,-276.0,1.0,0.0,2,10,3,0,0,0,1,1,1,1,0,1,1,1,1,13,3,1,0,0,0,1,1,0,6,9,5,3,2
2022.0,40.0,1.0,0.0,3,6,3,0,0,0,1,5,1,1,0,1,5,1,1,16,3,1,0,1,0,2,2,0,4,8,5,8,3
2022.0,-417.0,0.0,0.0,3,2,3,0,0,0,0,9,1,1,0,1,5,1,1,17,3,1,0,1,0,1,2,0,0,2,5,2,9
2022.0,0.0,0.0,0.0,3,2,0,0,0,0,0,2,1,1,0,1,1,1,1,18,3,1,0,1,0,0,1,0,5,7,5,3,3
2022.0,0.0,2.0,0.0,3,4,0,0,0,0,1,2,1,1,0,1,5,1,1,22,3,1,0,0,0,2,1,0,5,2,5,3,9
2022.0,74.0,0.0,1.0,0,5,0,0,0,0,1,5,1,1,3,0,9,1,1,5,4,1,0,0,0,0,1,0,6,9,5,5,3
2022.0,150.0,0.0,1.0,0,5,5,4,3,0,2,5,1,1,3,0,8,1,1,5,4,1,0,0,0,3,1,0,6,5,5,6,5
2022.0,0.0,2.0,0.0,3,2,3,0,0,0,0,5,1,1,0,1,9,1,1,10,4,1,0,0,0,1,1,0,4,2,5,3,3
2022.0,-360.0,0.0,0.0,3,10,5,0,0,0,1,9,1,1,0,1,9,1,1,10,4,1,0,0,0,1,1,0,6,9,5,3,2
2022.0,0.0,0.0,0.0,3,6,3,0,0,0,1,3,1,1,0,1,3,1,1,12,4,1,0,0,0,1,1,0,3,7,5,8,9
2022.0,-380.0,1.0,0.0,3,6,3,0,0,0,0,2,1,1,0,0,2,1,1,12,4,1,0,0,0,1,0,0,0,7,5,9,3
2022.0,496.0,1.0,0.0,3,4,3,0,0,0,0,5,1,1,0,1,9,1,1,13,4,1,0,0,0,0,2,0,6,2,5,3,9
2022.0,-90.0,1.0,0.0,1,2,3,0,0,0,1,7,1,1,0,1,9,1,1,16,4,1,0,1,0,1,1,0,6,2,5,3,9
2022.0,15.0,0.0,0.0,3,10,0,0,0,0,2,5,1,1,0,1,5,1,1,2,5,1,1,0,0,3,0,0,10,2,5,8,5
2022.0,0.0,0.0,0.0,3,2,0,0,0,0,1,9,1,1,0,1,2,1,1,5,5,1,1,0,0,1,1,0,4,2,5,3,3
2022.0,0.0,0.0,0.0,3,2,3,1,0,0,1,2,1,1,0,0,9,1,1,13,5,1,1,0,0,0,1,0,4,2,5,3,3
2022.0,-200.0,1.0,0.0,3,6,3,1,0,0,1,1,1,1,0,1,1,1,1,15,5,1,1,0,0,2,1,0,10,8,5,8,3
2022.0,0.0,0.0,0.0,3,4,3,0,0,1,1,6,1,1,0,0,2,1,1,16,5,1,1,1,0,0,2,0,4,7,5,3,9
2022.0,-240.0,0.0,0.0,3,10,5,0,0,0,2,1,1,1,0,1,3,1,1,18,5,1,1,1,0,3,2,0,0,5,5,9,2
2022.0,0.0,1.0,0.0,3,6,0,0,0,0,0,1,1,1,0,1,1,1,1,18,5,1,1,1,0,1,1,0,6,7,5,8,3
2022.0,0.0,3.0,0.0,3,3,4,4,0,0,1,1,1,1,0,1,5,1,1,18,5,1,1,1,0,2,1,0,4,2,5,3,3
2022.0,-200.0,0.0,0.0,3,6,0,0,0,0,1,1,1,1,0,0,1,1,1,18,5,1,1,1,0,2,1,0,10,7,5,3,5
2022.0,100.0,0.0,0.0,3,10,0,0,0,0,1,9,1,1,0,0,9,1,1,18,5,1,1,1,0,1,2,0,10,9,5,3,2
2022.0,0.0,0.0,0.0,3,4,0,0,0,0,1,5,1,1,0,1,9,1,1,21,5,1,1,0,0,2,1,0,4,2,5,9,3
2022.0,0.0,0.0,0.0,3,2,0,0,0,0,2,5,1,1,0,0,9,1,1,21,5,1,1,0,0,3,2,0,4,4,5,3,9
2022.0,0.0,2.0,0.0,3,4,3,0,0,0,0,1,1,1,0,1,9,1,1,11,6,1,1,0,0,2,1,0,4,2,5,9,3
2022.0,0.0,3.0,0.0,2,2,3,0,0,0,1,9,1,1,0,1,5,1,1,13,6,1,1,0,0,2,1,0,5,2,5,9,3
2022.0,0.0,0.0,0.0,3,2,3,0,0,0,1,2,1,1,0,0,1,1,1,16,6,1,1,1,0,2,0,0,4,2,5,3,3
2022.0,165.0,0.0,0.0,3,10,0,0,0,0,2,9,1,1,1,1,9,1,1,2,0,1,0,0,0,3,0,0,6,7,5,6,3
2022.0,0.0,0.0,0.0,3,2,1,0,0,0,1,5,1,1,0,0,9,1,1,5,0,1,0,0,0,1,1,0,4,5,5,3,3
2022.0,0.0,1.0,0.0,3,4,3,0,0,0,0,2,1,1,0,0,9,1,1,11,0,1,0,0,0,0,0,0,6,2,5,3,9
2022.0,475.0,2.0,0.0,3,2,3,0,0,0,1,1,1,1,0,1,5,1,1,11,0,1,0,0,0,2,1,0,6,2,5,3,9
2022.0,255.0,0.0,0.0,3,10,3,0,0,0,1,2,1,1,0,1,2,1,1,13,0,1,0,0,0,0,0,0,10,9,5,3,2
2022.0,178.0,0.0,0.0,3,2,3,0,0,0,0,5,1,1,0,0,9,1,1,13,0,1,0,0,0,2,1,0,0,2,5,3,9
2022.0,-125.0,1.0,0.0,3,6,3,0,0,0,0,9,1,1,0,0,9,1,1,14,0,1,0,0,0,1,0,0,10,8,5,8,3
2022.0,0.0,1.0,0.0,2,2,3,0,0,0,2,9,1,1,0,0,5,1,1,16,0,1,0,1,0,3,0,0,4,2,5,3,3
2022.0,59.0,0.0,0.0,3,10,3,1,0,0,1,9,1,1,0,1,9,1,1,8,1,1,0,1,0,1,2,0,10,5,5,8,9
2022.0,-35.0,0.0,0.0,3,6,3,1,0,0,2,9,1,1,1,1,9,1,1,11,1,1,0,0,0,3,1,0,6,5,5,6,3
2022.0,0.0,1.0,0.0,3,6,3,1,0,0,1,5,1,1,0,1,5,1,1,12,1,1,0,0,0,1,1,0,10,7,5,8,8
2022.0,305.0,2.0,0.0,2,6,3,0,0,0,0,5,0,1,0,1,5,1,1,14,1,1,0,0,0,1,1,0,0,7,5,8,3