Year,Distance,Totalinjuries,Totalfatalities,Injuryseverity,Collisionmanner,Lightcondition,Weather,SurfaceCondition,Unittype_One,Gender_Drv1,Traveldirection_One,AlcoholUse_Drv1,DrugUse_Drv1,Unittype_Two,Gender_Drv2,Traveldirection_Two,AlcoholUse_Drv2,DrugUse_Drv2,Hour,Weekday,Month,Weekend,Rush_Hour,Hazardous_Road,Age_Group_Drv1,Age_Group_Drv2,Substance_Use,Junction_Category,Violation_Category_Drv1,Violation_Category_Drv2,Unitaction_Category_Two,Unitaction_Category_One
2022.0,0.0,1.0,0.0,3,2,3,0,0,0,1,5,1,1,0,0,9,1,1,15,1,1,0,0,0,1,1,0,5,2,5,3,9
2022.0,0.0,1.0,0.0,3,4,3,0,0,0,0,4,1,1,0,0,5,1,1,15,1,1,0,0,0,2,1,0,4,2,5,3,9
2022.0,-58.0,1.0,0.0,2,5,3,0,0,0,1,5,1,1,1,1,1,1,1,7,2,1,0,1,0,1,1,0,6,5,5,6,5
2022.0,-25.0,0.0,0.0,3,6,3,1,0,0,0,1,1,1,0,0,1,1,1,8,2,1,0,1,0,1,2,0,10,8,5,8,3
2022.0,-65.0,0.0,0.0,3,10,3,1,0,0,2,9,1,1,0,0,9,1,1,9,2,1,0,1,0,3,1,0,10,5,5,3,2
2022.0,-154.0,2.0,0.0,2,6,3,0,0,0,1,1,1,1,0,1,1,1,1,10,2,1,0,0,0,1,0,0,10,7,5,8,3
2022.0,-15.0,1.0,0.0,2,5,3,0,0,2,1,2,1,1,0,0,1,1,1,10,2,1,0,0,0,1,1,0,10,5,5,9,3
2022.0,-170.0,2.0,0.0,2,6,3,0,0,0,1,2,1,1,0,1,2,1,1,12,2,1,0,0,0,2,1,0,10,7,5,8,3
2022.0,140.0,2.0,0.0,2,6,3,0,0,0,1,2,1,1,0,1,2,1,1,12,2,1,0,0,0,1,1,0,10,7,5,8,3
2022.0,220.0,0.0,0.0,3,4,3,0,0,0,2,5,1,1,0,1,9,1,1,13,2,1,0,0,0,3,0,0,6,2,5,3,9
2022.0,15.0,3.0,0.0,3,2,0,0,0,0,1,9,1,1,0,0,2,1,1,21,2,1,0,0,0,0,1,0,10,2,5,9,3
2022.0,0.0,0.0,0.0,3,6,0,0,0,0,0,1,1,1,0,1,1,1,1,22,2,1,0,0,0,1,1,0,3,7,5,8,9
2022.0,0.0,0.0,0.0,3,4,0,4,0,0,2,2,1,1,0,1,5,1,1,22,2,1,0,0,0,3,1,0,4,2,5,3,9
2022.0,0.0,2.0,0.0,2,4,2,0,0,0,1,1,1,1,0,1,9,1,1,7,3,1,0,1,0,1,1,0,4,2,5,9,3
2022.0,0.0,0.0,0.0,3,6,3,0,0,0,0,1,0,1,0,1,1,1,1,7,3,1,0,1,0,2,1,0,10,7,5,8,3
2022.0,0.0,0.0,0.0,3,2,3,0,0,0,0,2,1,1,0,1,9,1,1,8,3,1,0,1,0,2,2,0,4,2,5,3,3
2022.0,-114.0,2.0,0.0,3,6,3,0,0,0,0,2,1,1,0,1,2,1,1,9,3,1,0,1,0,2,1,0,10,7,5,8,3
2022.0,0.0,0.0,0.0,3,10,3,0,0,0,1,5,1,1,0,1,5,1,1,11,3,1,0,0,0,1,1,0,6,9,5,3,2
2022.0,-309.0,2.0,0.0,2,2,3,0,0,0,0,2,1,1,0,1,1,1,1,11,3,1,0,0,0,2,2,0,0,2,5,3,9
2022.0,0.0,1.0,0.0,3,4,3,0,0,0,1,9,1,1,0,1,1,1,1,13,3,1,0,0,0,0,1,0,4,2,5,3,9
2022.0,65.0,0.0,0.0,3,10,3,0,0,0,1,1,1,1,0,1,1,1,1,13,3,1,0,0,0,0,1,0,10,9,5,3,2
2022.0,-108.0,2.0,0.0,3,10,3,0,0,0,0,2,1,1,0,1,2,1,1,16,3,1,0,1,0,2,1,0,5,9,5,3,2
2022.0,0.0,1.0,0.0,3,6,0,0,0,0,0,2,1,1,0,1,2,1,1,18,3,1,0,1,0,1,1,0,10,8,5,3,3
2022.0,-25.0,0.0,0.0,3,6,5,4,0,0,2,8,1,1,0,1,8,1,1,5,4,1,0,0,0,3,1,0,6,5,5,8,5
2022.0,204.0,0.0,0.0,3,6,3,0,0,0,0,1,1,1,0,0,1,1,1,8,4,1,0,1,0,2,2,0,10,8,5,8,3
2022.0,0.0,1.0,0.0,3,2,3,0,0,0,1,9,1,1,0,0,5,1,1,9,4,1,0,1,0,2,1,0,4,2,5,3,3
2022.0,-312.0,0.0,0.0,3,10,3,0,0,0,2,9,1,1,0,0,9,1,1,10,4,1,0,0,0,3,1,0,6,9,5,3,2
2022.0,67.0,1.0,0.0,3,6,3,0,0,0,2,5,1,1,0,1,5,1,1,11,4,1,0,0,0,3,1,0,10,8,5,8,3
2022.0,0.0,1.0,0.0,3,2,3,0,4,0,1,1,1,1,0,0,9,1,1,13,4,1,0,0,1,1,0,0,5,2,9,2,9
2022.0,150.0,0.0,0.0,3,2,3,0,0,0,1,5,1,1,0,1,9,1,1,15,4,1,0,0,0,1,1,0,0,2,5,3,9
2022.0,30.0,0.0,0.0,3,6,3,0,0,0,1,9,1,1,0,0,9,1,1,15,4,1,0,0,0,2,1,0,6,7,5,3,3
2022.0,0.0,0.0,0.0,3,4,3,0,0,0,1,2,1,1,0,1,5,1,1,15,4,1,0,0,0,2,2,0,4,2,5,3,9
2022.0,0.0,0.0,0.0,3,6,3,0,0,0,1,9,1,1,0,0,9,1,1,16,4,1,0,1,0,0,1,0,3,7,5,9,9
2022.0,528.0,0.0,0.0,3,4,3,0,0,0,0,5,1,1,0,1,1,1,1,16,4,1,0,1,0,2,1,0,6,2,5,3,9
2022.0,0.0,2.0,0.0,2,2,3,0,0,0,0,1,1,1,0,1,2,1,1,16,4,1,0,1,0,2,2,0,4,5,5,3,3
2022.0,550.0,0.0,0.0,3,2,0,0,0,0,1,1,1,1,0,1,5,1,1,17,4,1,0,1,0,1,1,0,6,2,5,3,9
2022.0,0.0,2.0,0.0,3,2,0,0,0,0,0,1,1,1,0,1,2,1,1,20,4,1,0,0,0,1,1,0,4,7,5,3,3
2022.0,-20.0,0.0,0.0,3,6,0,0,0,0,0,0,1,1,0,0,0,1,1,21,4,1,0,0,0,2,1,0,10,5,5,8,1
2022.0,220.0,0.0,0.0,3,6,0,0,0,0,1,5,0,1,0,0,5,1,1,0,5,1,1,0,0,1,2,0,6,7,5,9,3
2022.0,-200.0,0.0,0.0,3,6,0,0,0,0,2,2,1,1,0,1,2,1,1,1,5,1,1,0,0,3,1,0,10,5,5,9,9
2022.0,-500.0,0.0,0.0,3,2,3,0,0,0,1,5,1,1,0,0,5,1,1,12,5,1,1,0,0,2,2,0,5,2,5,9,3
2022.0,102.0,1.0,0.0,3,9,3,0,0,0,1,1,0,1,0,0,9,1,1,12,5,1,1,0,0,1,1,0,6,9,5,3,3
2022.0,0.0,1.0,0.0,3,4,4,0,0,0,2,1,1,1,0,1,7,1,1,18,5,1,1,1,0,3,1,0,5,2,5,3,9
2022.0,0.0,0.0,0.0,3,4,0,0,0,0,1,4,1,1,0,0,5,1,1,18,5,1,1,1,0,2,1,0,4,2,5,3,9
2022.0,0.0,1.0,0.0,2,4,0,0,0,0,1,2,1,1,0,1,2,1,1,18,5,1,1,1,0,1,2,0,10,7,5,9,3
2022.0,0.0,2.0,0.0,3,4,3,0,0,0,0,3,1,1,0,1,5,1,1,13,6,1,1,0,0,2,1,0,6,2,5,3,9
2022.0,0.0,0.0,0.0,3,4,4,0,0,0,0,5,1,1,0,0,1,1,1,18,6,1,1,1,0,2,2,0,4,4,5,3,9
2022.0,-150.0,0.0,0.0,3,4,5,4,0,0,0,4,1,1,0,1,9,1,1,18,6,1,1,1,0,2,1,0,6,2,5,3,9
2022.0,25.0,0.0,0.0,3,6,0,0,0,0,2,9,0,1,0,1,9,1,1,19,6,1,1,1,0,3,2,0,10,8,5,8,3
2022.0,-25.0,0.0,0.0,3,5,0,0,0,0,0,5,0,1,0,1,1,1,1,20,6,1,1,0,0,2,2,0,10,7,5,8,9
2022.0,500.0,1.0,0.0,3,5,0,0,0,0,2,5,1,1,3,1,8,1,1,20,6,1,1,0,0,3,1,0,6,5,5,5,3
2022.0,35.0,0.0,0.0,3,9,0,0,0,0,2,2,1,1,0,0,2,1,1,2,0,1,0,0,0,3,2,0,4,7,5,8,9
2022.0,144.0,1.0,0.0,3,5,3,0,0,0,1,5,1,1,1,1,5,1,1,9,0,1,0,1,0,1,1,0,6,7,5,6,3
2022.0,-692.0,0.0,0.0,3,10,3,0,0,0,1,9,1,1,0,1,9,1,1,9,0,1,0,1,0,0,0,0,6,5,5,8,3
2022.0,0.0,2.0,0.0,2,4,3,0,4,0,1,9,1,1,0,1,1,1,1,12,0,1,0,0,1,1,0,0,4,2,5,3,9
2022.0,0.0,1.0,0.0,3,2,3,0,0,0,1,5,1,1,0,1,1,1,1,14,0,1,0,0,0,1,2,0,4,2,5,9,3
2022.0,0.0,0.0,0.0,3,9,3,0,0,0,0,9,1,1,0,0,1,1,1,15,0,1,0,0,0,1,2,0,5,5,5,8,9
2022.0,-123.0,0.0,0.0,3,6,3,0,0,0,1,1,1,1,0,1,1,1,1,17,0,1,0,1,0,2,1,0,10,7,5,8,3
2022.0,-875.0,0.0,0.0,3,6,0,0,0,0,1,2,1,1,0,1,2,1,1,18,0,1,0,1,0,2,2,0,6,8,5,8,3
2022.0,90.0,0.0,0.0,3,10,0,0,0,0,1,1,1,1,0,1,1,1,1,22,0,1,0,0,0,2,1,0,10,2,5,9,3
2022.0,95.0,0.0,0.0,3,6,0,0,0,0,1,5,1,1,0,1,5,1,1,6,1,1,0,0,0,2,1,0,10,7,5,8,3
2022.0,344.0,0.0,0.0,3,10,0,0,0,0,0,5,1,1,0,1,5,1,1,6,1,1,0,0,0,2,1,0,10,9,5,2,2
2022.0,-142.0,0.0,0.0,3,6,3,0,0,0,1,2,1,1,0,0,2,1,1,14,1,1,0,0,0,1,1,0,10,7,5,8,3
2022.0,-35.0,0.0,0.0,3,6,3,0,0,0,2,9,1,1,0,1,9,1,1,16,1,1,0,1,0,3,1,0,6,8,5,8,3
2022.0,-70.0,1.0,0.0,2,6,3,0,0,0,0,1,1,1,0,0,1,1,1,17,1,1,0,1,0,2,1,0,10,8,5,8,3
2022.0,-50.0,0.0,0.0,3,10,4,0,0,0,2,6,1,1,0,1,6,1,1,17,1,1,0,1,0,3,2,0,10,7,5,8,9
2022.0,-73.0,0.0,0.0,3,10,0,0,0,0,0,5,1,1,0,1,5,1,1,19,1,1,0,1,0,0,2,0,10,9,5,3,2
2022.0,0.0,0.0,0.0,3,4,3,0,0,0,1,6,1,1,0,1,2,1,1,7,2,1,0,1,0,2,2,0,4,2,5,3,9
2022.0,0.0,2.0,0.0,2,4,3,0,0,0,1,5,1,1,0,1,2,1,1,7,2,1,0,1,0,2,1,0,4,2,5,3,9
2022.0,0.0,0.0,0.0,3,4,3,0,0,0,1,4,1,1,0,0,5,1,1,8,2,1,0,1,0,0,0,0,4,2,5,3,9
2022.0,89.0,0.0,0.0,3,6,1,0,0,0,0,9,1,1,0,1,9,1,1,10,2,1,0,0,0,1,1,0,10,7,5,8,3
2022.0,250.0,2.0,0.0,3,6,3,0,0,0,1,5,1,1,0,0,5,1,1,11,2,1,0,0,0,0,1,0,10,7,5,8,3
2022.0,-50.0,1.0,0.0,3,2,3,0,0,0,1,1,1,1,0,1,1,1,1,11,2,1,0,0,0,0,1,0,10,9,5,3,9
2022.0,0.0,2.0,0.0,3,4,0,0,0,0,0,1,1,1,0,1,9,1,1,6,3,1,0,0,0,0,1,0,5,2,5,3,9
2022.0,35.0,0.0,0.0,3,10,3,0,0,0,1,9,1,1,0,0,9,1,1,10,3,1,0,0,0,1,0,0,10,4,5,9,9
2022.0,370.0,0.0,0.0,3,10,3,0,3,0,2,1,1,1,0,0,1,1,1,11,3,1,0,0,0,3,1,0,6,9,5,3,2
2022.0,64.0,1.0,0.0,3,6,3,0,0,0,0,5,1,1,0,0,5,1,1,14,3,1,0,0,0,2,0,0,10,8,5,8,3
2022.0,82.0,1.0,0.0,3,5,3,0,0,2,0,1,1,1,0,1,5,1,1,14,3,1,0,0,0,2,1,0,6,5,5,9,3
2022.0,80.0,0.0,0.0,3,10,3,0,0,0,1,9,1,0,0,1,9,1,1,15,3,1,0,0,0,2,0,0,10,9,5,3,3
2022.0,950.0,0.0,0.0,3,6,0,0,0,0,1,2,1,1,0,0,2,1,1,18,3,1,0,1,0,2,1,0,6,7,5,8,3
2022.0,0.0,0.0,0.0,3,4,0,0,0,0,1,2,1,1,0,1,5,1,1,18,3,1,0,1,0,2,2,0,5,2,5,3,9
2022.0,0.0,1.0,0.0,3,6,3,0,0,0,2,5,1,1,0,0,5,1,1,7,4,1,0,1,0,3,1,0,6,8,5,8,3
2022.0,1.0,1.0,0.0,3,5,3,0,0,0,2,5,1,1,3,1,1,1,1,9,4,1,0,1,0,3,1,0,10,2,5,7,9
2022.0,-71.0,1.0,0.0,2,5,3,0,0,0,1,6,1,1,0,1,5,1,1,12,4,1,0,0,0,1,1,0,10,2,5,3,9
2022.0,210.0,0.0,0.0,3,10,3,0,0,0,2,1,1,1,0,1,1,1,1,14,4,1,0,0,0,3,2,0,6,7,5,3,2
2022.0,106.0,0.0,0.0,3,10,0,0,0,0,0,2,1,1,1,1,2,1,1,19,4,1,0,1,0,1,1,0,6,7,5,6,3
2022.0,-100.0,0.0,0.0,3,6,0,0,0,0,2,1,1,1,0,0,1,1,1,19,4,1,0,1,0,3,1,0,10,7,5,8,8
2022.0,-200.0,0.0,0.0,3,6,0,0,0,0,2,9,1,1,0,0,9,1,1,20,4,1,0,0,0,3,2,0,6,7,5,3,3
2022.0,30.0,0.0,0.0,3,10,0,0,0,0,0,9,1,1,0,1,9,1,1,21,4,1,0,0,0,0,1,0,10,9,5,3,2
2022.0,-100.0,3.0,0.0,3,6,0,0,0,0,1,4,1,1,0,1,9,1,1,22,4,1,0,0,0,1,2,0,10,9,5,3,9
2022.0,0.0,1.0,0.0,3,2,3,0,0,0,1,2,1,1,0,0,1,1,1,8,5,1,1,1,0,1,2,0,4,5,5,3,3
2022.0,0.0,1.0,0.0,2,4,3,0,0,0,1,5,1,1,0,1,1,1,1,11,5,1,1,0,0,0,2,0,5,5,5,9,3
2022.0,400.0,0.0,0.0,3,3,3,0,0,0,0,7,1,1,0,0,9,1,1,11,5,1,1,0,0,1,1,0,6,2,5,3,9
2022.0,0.0,0.0,0.0,3,9,3,0,0,0,0,5,1,1,0,1,1,1,1,13,5,1,1,0,0,0,1,0,4,2,5,3,9
2022.0,-45.0,0.0,0.0,3,10,3,0,0,0,2,1,1,1,0,0,1,1,1,15,5,1,1,0,0,3,2,0,10,9,5,8,3
2022.0,400.0,1.0,0.0,1,2,0,0,0,0,0,9,1,1,0,1,2,1,1,18,5,1,1,1,0,1,0,0,5,2,5,3,9
2022.0,-15.0,1.0,0.0,2,2,0,0,0,0,2,7,1,1,0,1,9,1,1,18,5,1,1,1,0,3,1,0,6,5,5,3,9
2022.0,5.0,0.0,0.0,3,6,0,0,0,0,1,9,1,1,0,1,9,1,1,23,5,1,1,0,0,1,1,0,10,5,5,5,3
2022.0,-160.0,0.0,0.0,3,2,3,0,0,0,0,2,1,1,0,1,9,1,1,9,6,1,1,1,0,1,0,0,6,5,5,3,9
2022.0,-200.0,0.0,0.0,3,6,3,0,0,0,0,1,1,1,0,1,1,1,1,12,6,1,1,0,0,1,1,0,6,8,5,8,3
2022.0,0.0,1.0,0.0,2,10,3,0,0,0,0,9,1,1,0,0,2,1,1,15,6,1,1,0,0,1,2,0,4,9,5,3,9
2022.0,0.0,0.0,0.0,3,6,3,0,0,0,0,1,1,1,0,0,1,1,1,17,6,1,1,1,0,1,1,0,3,7,5,8,3
2022.0,-15.0,1.0,0.0,2,5,4,0,0,0,1,5,1,1,3,1,1,1,1,17,6,1,1,1,0,1,2,0,10,2,5,7,9
2022.0,-15.0,0.0,0.0,3,6,0,0,0,0,2,2,1,1,0,0,2,1,1,18,6,1,1,1,0,3,2,0,4,7,5,9,9
2022.0,25.0,1.0,0.0,3,5,0,0,0,0,0,9,1,1,2,1,5,1,1,19,6,1,1,1,0,2,2,0,10,2,5,3,9
2022.0,-200.0,0.0,0.0,3,6,0,0,0,0,1,1,1,1,0,1,1,1,1,19,6,1,1,1,0,1,1,0,10,7,5,3,3
2022.0,-1.0,0.0,0.0,3,6,0,0,0,0,1,9,1,1,0,0,9,0,1,0,0,1,0,0,0,1,1,0,6,5,5,5,5
2022.0,90.0,0.0,0.0,3,6,3,0,0,0,0,5,1,1,0,1,5,1,1,10,0,1,0,0,0,1,1,0,6,7,5,8,3
2022.0,15.0,1.0,0.0,3,5,3,0,0,2,1,2,1,1,0,1,2,1,1,11,0,1,0,0,0,1,0,0,10,5,5,3,3
2022.0,-123.0,0.0,0.0,3,10,3,0,0,0,2,1,1,1,0,1,1,1,1,11,0,1,0,0,0,3,0,0,10,9,5,8,3
2022.0,-205.0,1.0,0.0,3,6,3,0,0,0,1,5,1,1,0,0,5,1,1,14,0,1,0,0,0,2,1,0,6,7,5,8,3
2022.0,80.0,0.0,0.0,3,6,3,0,0,0,1,5,1,1,0,0,5,1,1,16,0,1,0,1,0,1,1,0,6,7,5,8,3
2022.0,0.0,0.0,0.0,3,4,4,0,0,0,0,1,1,1,0,1,5,1,1,17,0,1,0,1,0,1,0,0,5,2,5,3,9
2022.0,50.0,0.0,0.0,3,6,0,0,0,0,0,9,1,1,0,1,9,1,1,19,0,1,0,1,0,1,1,0,10,7,5,8,3
2022.0,0.0,2.0,0.0,2,6,3,1,0,0,0,1,1,1,0,0,1,1,1,8,1,2,0,1,0,1,1,0,10,7,5,8,3
2022.0,30.0,0.0,0.0,3,10,3,1,0,0,1,5,1,1,0,1,5,1,1,9,1,2,0,1,0,0,1,0,10,5,5,9,3
2022.0,0.0,0.0,0.0,3,10,3,0,3,0,2,2,1,1,0,0,2,1,1,15,1,2,0,0,0,3,0,0,4,9,5,3,9
2022.0,0.0,0.0,0.0,3,10,3,1,0,0,2,5,1,1,0,0,5,1,1,15,1,2,0,0,0,3,1,0,4,9,5,3,5
2022.0,0.0,0.0,0.0,3,4,4,1,0,0,0,5,1,1,0,0,2,1,1,17,1,2,0,1,0,1,2,0,4,2,5,3,9
2022.0,-146.0,0.0,0.0,3,10,0,0,0,0,2,9,1,1,0,1,9,1,1,19,1,2,0,1,0,3,1,0,6,9,5,3,2
2022.0,0.0,1.0,0.0,3,2,0,0,0,0,0,9,1,1,0,1,2,1,1,21,1,2,0,0,0,2,1,0,4,2,5,3,9
2022.0,0.0,0.0,0.0,3,12,5,4,3,0,2,8,1,1,0,0,5,1,1,7,2,2,0,1,0,3,1,0,6,5,5,3,3
2022.0,-15.0,1.0,0.0,3,5,3,0,0,0,0,7,1,1,3,1,1,1,1,14,2,2,0,0,0,2,2,0,10,2,5,7,9
2022.0,74.0,0.0,0.0,3,5,3,0,0,0,2,8,1,1,1,1,6,1,1,15,2,2,0,0,0,3,2,0,10,5,5,6,5
2022.0,1500.0,0.0,0.0,3,2,3,0,0,0,0,6,1,1,0,0,5,1,1,16,2,2,0,1,0,1,2,0,0,2,5,9,3
2022.0,148.0,0.0,0.0,3,2,0,0,0,0,1,1,1,1,0,1,8,1,1,22,2,2,0,0,0,1,1,0,10,2,5,5,9
2022.0,-170.0,0.0,0.0,3,6,3,0,0,0,0,2,1,1,0,0,2,1,1,8,3,2,0,1,0,2,2,0,10,7,5,8,3
2022.0,0.0,1.0,0.0,1,2,3,0,0,0,1,9,1,1,0,1,2,1,1,10,3,2,0,0,0,1,1,0,4,2,5,3,9
2022.0,-200.0,0.0,0.0,3,10,3,0,0,0,1,1,1,1,0,1,1,1,1,11,3,2,0,0,0,1,1,0,6,9,5,3,2
2022.0,0.0,0.0,1.0,0,5,3,0,0,2,0,3,1,1,0,1,6,1,1,16,3,2,0,1,0,1,1,0,5,4,5,9,9
2022.0,20.0,1.0,0.0,3,2,4,0,0,0,1,9,1,1,3,1,1,1,1,17,3,2,0,1,0,1,1,0,10,2,5,7,9
2022.0,0.0,0.0,0.0,3,4,3,0,0,0,0,9,1,1,0,1,4,1,1,19,3,2,0,1,0,2,1,0,5,2,2,9,9
2022.0,-166.0,0.0,0.0,3,4,0,0,0,0,2,5,1,1,0,1,9,1,1,22,3,2,0,0,0,3,0,0,0,4,5,3,9
2022.0,49.0,0.0,0.0,3,6,3,0,0,0,1,1,0,0,0,1,1,1,1,1,4,2,0,0,0,1,1,0,9,7,5,3,3
2022.0,0.0,0.0,0.0,3,4,0,0,0,0,2,8,1,1,0,0,6,1,1,9,4,2,0,1,0,3,1,0,4,5,5,9,5
2022.0,-225.0,3.0,0.0,2,2,3,0,0,0,1,2,1,1,0,1,1,1,1,10,4,2,0,0,0,1,1,0,10,2,5,3,9
2022.0,118.0,0.0,0.0,3,10,3,0,0,0,2,5,1,1,0,0,5,1,1,11,4,2,0,0,0,3,2,0,10,9,5,3,5
2022.0,0.0,0.0,0.0,3,12,3,0,0,0,2,8,1,1,0,0,8,1,1,12,4,2,0,0,0,3,1,0,10,5,5,3,5
2022.0,-305.0,0.0,0.0,3,10,3,0,0,0,1,5,1,1,0,1,5,1,1,12,4,2,0,0,0,1,1,0,0,5,5,3,9
2022.0,0.0,0.0,0.0,3,2,3,0,0,0,1,1,1,1,0,1,5,1,1,12,4,2,0,0,0,1,0,0,4,5,5,9,3
2022.0,178.0,0.0,0.0,3,10,3,0,0,0,1,9,1,1,0,1,9,1,1,12,4,2,0,0,0,0,0,0,6,5,5,5,3
2022.0,-416.0,1.0,0.0,2,4,3,0,0,0,1,2,1,1,0,1,5,1,1,14,4,2,0,0,0,2,0,0,0,2,5,3,9
2022.0,180.0,0.0,0.0,3,10,3,0,0,0,1,2,1,1,0,1,2,1,1,15,4,2,0,0,0,3,1,0,6,7,5,6,6
2022.0,100.0,0.0,0.0,3,11,3,0,0,0,0,5,1,1,0,1,9,1,1,17,4,2,0,1,0,2,1,0,6,4,5,3,9
2022.0,91.0,1.0,0.0,3,6,4,0,0,0,1,1,1,1,0,1,1,1,1,19,4,2,0,1,0,1,1,0,6,7,5,8,3
2022.0,0.0,1.0,0.0,2,4,0,0,0,0,1,2,1,1,0,1,1,1,1,19,4,2,0,1,0,0,1,0,5,2,5,3,9
2022.0,128.0,2.0,0.0,2,6,3,0,0,0,1,1,0,1,0,1,1,1,1,1,5,2,1,0,0,2,1,0,6,7,5,8,3
2022.0,0.0,3.0,0.0,1,2,0,0,0,0,0,5,0,1,0,1,1,1,1,2,5,2,1,0,0,2,1,0,10,7,5,9,3
2022.0,0.0,0.0,0.0,3,2,3,0,0,0,0,2,1,1,0,0,9,1,1,8,5,2,1,1,0,2,0,0,4,5,5,8,3
2022.0,-25.0,0.0,0.0,3,6,3,0,0,0,0,5,1,1,0,1,5,1,1,12,5,2,1,0,0,2,1,0,10,7,5,3,3
2022.0,0.0,0.0,0.0,3,2,3,0,0,0,0,5,1,1,0,0,9,1,1,14,5,2,1,0,0,1,1,0,5,2,5,3,9
2022.0,265.0,0.0,0.0,3,2,3,0,0,0,1,9,1,1,0,0,2,1,1,14,5,2,1,0,0,0,2,0,6,5,5,9,9
2022.0,0.0,0.0,0.0,3,2,0,0,0,0,0,9,1,1,0,0,9,1,1,18,5,2,1,1,0,2,2,0,5,7,5,9,9
2022.0,0.0,3.0,0.0,2,2,0,0,0,0,1,1,1,1,0,1,2,1,1,22,5,2,1,0,0,2,2,0,5,7,5,3,3
2022.0,0.0,0.0,0.0,3,6,0,0,0,0,1,5,0,1,0,1,5,1,1,1,6,2,1,0,0,1,1,0,4,7,5,3,3
2022.0,0.0,1.0,0.0,2,5,3,0,0,2,1,9,1,1,0,0,5,1,1,11,6,2,1,0,0,1,1,0,6,5,5,3,3
2022.0,0.0,0.0,0.0,3,2,3,0,0,0,1,5,1,1,0,1,9,1,1,15,6,2,1,0,0,1,0,0,4,2,5,3,3
2022.0,0.0,0.0,0.0,3,3,0,0,0,0,1,1,1,1,0,0,7,1,1,20,6,2,1,0,0,1,1,0,4,2,5,9,3
2022.0,-57.0,1.0,0.0,2,5,0,4,3,0,2,1,1,1,3,1,2,1,1,22,6,2,1,0,0,3,1,0,6,2,5,7,9
2022.0,0.0,0.0,0.0,3,2,0,0,0,0,1,9,1,1,0,1,2,1,1,23,6,2,1,0,0,1,2,0,4,2,5,3,3
2022.0,-636.0,1.0,0.0,3,6,0,0,0,0,0,9,1,1,0,0,9,1,1,6,0,2,0,0,0,1,2,0,6,8,5,8,3
2022.0,-1662.0,1.0,0.0,3,2,3,0,0,0,1,5,1,1,0,1,1,1,1,9,0,2,0,1,0,1,1,0,0,2,5,3,9
2022.0,-200.0,0.0,0.0,3,10,3,0,0,0,2,1,1,1,0,1,1,1,1,14,0,2,0,0,0,3,0,0,6,5,5,3,5
2022.0,0.0,1.0,0.0,3,4,3,0,0,0,0,5,1,1,0,1,2,1,1,14,0,2,0,0,0,1,2,0,5,2,5,3,9
2022.0,344.0,2.0,0.0,3,6,3,0,0,0,0,5,1,1,0,0,5,1,1,16,0,2,0,1,0,1,2,0,6,7,5,8,3
2022.0,0.0,0.0,0.0,3,6,3,0,0,0,1,2,1,1,0,0,2,1,1,17,0,2,0,1,0,1,2,0,6,7,5,8,3
2022.0,0.0,0.0,0.0,3,2,0,0,0,0,1,2,1,1,0,0,1,1,1,18,0,2,0,1,0,1,0,0,10,2,5,3,3
2022.0,0.0,0.0,0.0,3,4,0,0,0,0,1,1,1,1,0,0,9,1,1,20,0,2,0,0,0,0,2,0,4,2,5,3,9
2022.0,0.0,0.0,0.0,3,2,0,0,0,0,1,9,1,1,0,1,6,1,1,4,1,2,0,0,0,1,0,0,5,5,5,9,3
2022.0,0.0,0.0,0.0,3,4,0,0,0,0,1,2,1,1,0,1,5,1,1,5,1,2,0,0,0,1,1,0,4,2,5,3,9
2022.0,0.0,1.0,0.0,2,6,2,0,0,0,1,9,1,1,0,1,9,1,1,6,1,2,0,0,0,2,1,0,3,7,5,8,3
2022.0,0.0,0.0,0.0,3,2,3,0,0,0,1,9,1,1,0,1,9,1,1,7,1,2,0,1,0,1,1,0,5,2,5,3,3
2022.0,0.0,1.0,0.0,3,2,3,0,0,0,1,5,1,1,0,0,9,1,1,11,1,2,0,0,0,1,1,0,5,2,5,3,9
2022.0,102.0,0.0,0.0,3,10,3,0,0,0,0,9,1,1,0,1,9,1,1,12,1,2,0,0,0,1,0,0,10,5,5,5,5
2022.0,306.0,2.0,0.0,2,2,3,0,0,0,1,1,1,1,0,0,9,1,1,13,1,2,0,0,0,1,1,0,6,9,5,3,3
2022.0,-240.0,0.0,0.0,3,2,3,0,0,0,1,9,1,1,0,1,2,1,1,14,1,2,0,0,0,2,2,0,6,2,5,3,9
2022.0,-35.0,0.0,0.0,3,10,3,0,0,0,1,2,1,1,0,0,2,1,1,15,1,2,0,0,0,3,1,0,10,5,5,8,5
2022.0,0.0,0.0,0.0,3,10,0,0,0,0,1,9,1,1,0,1,9,1,1,19,1,2,0,1,0,2,0,0,4,5,5,9,9
2022.0,-25.0,1.0,0.0,3,6,0,0,0,0,0,1,1,1,0,1,1,1,1,5,2,2,0,0,0,1,1,0,10,7,5,8,3
2022.0,0.0,1.0,0.0,3,2,3,0,0,0,0,9,1,1,0,1,5,1,1,7,2,2,0,1,0,0,2,0,4,2,5,9,3
2022.0,0.0,1.0,0.0,3,4,3,0,0,0,1,5,1,1,0,0,2,1,1,10,2,2,0,0,0,1,2,0,4,2,5,3,9
2022.0,45.0,1.0,0.0,3,5,3,0,0,2,1,5,1,1,0,0,5,1,1,14,2,2,0,0,0,2,1,0,10,5,5,9,7
2022.0,-20.0,0.0,0.0,3,2,3,0,0,0,0,9,1,1,0,1,2,1,1,15,2,2,0,0,0,1,1,0,10,5,5,3,9