Year,Distance,Totalinjuries,Totalfatalities,Injuryseverity,Collisionmanner,Lightcondition,Weather,SurfaceCondition,Unittype_One,Gender_Drv1,Traveldirection_One,AlcoholUse_Drv1,DrugUse_Drv1,Unittype_Two,Gender_Drv2,Traveldirection_Two,AlcoholUse_Drv2,DrugUse_Drv2,Hour,Weekday,Month,Weekend,Rush_Hour,Hazardous_Road,Age_Group_Drv1,Age_Group_Drv2,Substance_Use,Junction_Category,Violation_Category_Drv1,Violation_Category_Drv2,Unitaction_Category_Two,Unitaction_Category_One
2022.0,1.0,2.0,0.0,2,2,3,0,0,0,0,1,1,1,0,1,5,1,1,15,2,2,0,0,0,1,0,0,5,2,5,3,3
2022.0,195.0,3.0,0.0,3,6,3,0,0,0,1,5,1,1,0,1,5,1,1,17,2,2,0,1,0,2,1,0,10,8,5,8,3
2022.0,-168.0,1.0,0.0,2,10,4,0,0,0,1,1,1,1,0,1,1,1,1,17,2,2,0,1,0,1,0,0,0,7,5,9,5
2022.0,0.0,0.0,0.0,3,4,0,0,0,0,1,3,1,1,0,1,9,1,1,19,2,2,0,1,0,2,1,0,4,5,5,3,9
2022.0,-98.0,1.0,0.0,3,6,0,0,0,0,0,2,1,1,0,1,2,1,1,19,2,2,0,1,0,2,2,0,10,7,5,8,3
2022.0,0.0,0.0,0.0,3,10,0,0,0,0,0,9,1,1,0,1,9,1,1,6,3,2,0,0,0,0,1,0,3,4,5,9,9
2022.0,400.0,0.0,0.0,3,10,3,0,0,0,0,2,1,1,0,1,2,1,1,7,3,2,0,1,0,2,2,0,6,5,5,5,5
2022.0,15.0,1.0,0.0,3,5,3,0,0,0,2,5,1,1,3,1,2,1,1,9,3,2,0,1,0,3,2,0,10,2,5,7,9
2022.0,0.0,1.0,0.0,3,6,3,0,0,0,0,1,1,1,0,0,1,1,1,9,3,2,0,1,0,1,1,0,4,7,5,9,9
2022.0,-155.0,0.0,0.0,3,10,3,0,0,0,2,5,1,1,0,1,5,1,1,9,3,2,0,1,0,3,2,0,10,5,5,3,2
2022.0,-50.0,0.0,0.0,3,10,3,0,0,0,2,1,1,1,0,0,1,1,1,10,3,2,0,0,0,3,1,0,10,5,5,3,0
2022.0,115.0,0.0,0.0,3,6,3,0,0,0,1,5,1,1,0,0,5,1,1,11,3,2,0,0,0,2,1,0,10,8,5,8,3
2022.0,-303.0,4.0,0.0,3,4,3,0,0,0,1,2,1,1,0,0,1,1,1,13,3,2,0,0,0,2,1,0,6,2,5,3,9
2022.0,120.0,0.0,0.0,3,6,3,0,0,0,1,1,1,1,0,1,1,1,1,16,3,2,0,1,0,1,1,0,10,8,5,8,3
2022.0,0.0,0.0,0.0,3,2,3,0,0,0,1,2,1,1,0,1,2,1,1,17,3,2,0,1,0,2,2,0,4,9,5,9,3
2022.0,-105.0,1.0,0.0,3,6,0,0,0,0,1,2,0,1,0,0,2,1,1,0,4,2,0,0,0,2,2,0,6,7,5,8,3
2022.0,-67.0,1.0,0.0,3,6,3,0,0,0,1,5,1,1,0,1,5,1,1,6,4,2,0,0,0,1,1,0,3,7,5,9,3
2022.0,-39.0,1.0,0.0,3,2,3,0,0,2,1,2,1,1,0,1,1,1,1,10,4,2,0,0,0,1,0,0,10,2,5,9,3
2022.0,256.0,1.0,0.0,3,5,3,0,0,2,1,2,1,1,0,1,1,1,1,11,4,2,0,0,0,0,1,0,0,9,5,9,3
2022.0,10.0,1.0,0.0,1,5,3,0,0,0,1,9,1,1,3,0,5,1,1,12,4,2,0,0,0,1,0,0,10,2,5,7,3
2022.0,-72.0,2.0,0.0,2,6,3,0,0,0,1,2,1,1,0,0,2,1,1,12,4,2,0,0,0,2,2,0,6,7,5,3,3
2022.0,-211.0,0.0,0.0,3,2,3,0,0,0,0,1,1,1,0,1,2,1,1,13,4,2,0,0,0,2,1,0,0,2,5,3,9
2022.0,0.0,0.0,0.0,3,2,3,0,0,0,0,9,1,1,0,1,2,1,1,15,4,2,0,0,0,1,1,0,5,2,5,3,9
2022.0,0.0,0.0,0.0,3,4,5,4,0,0,1,2,1,1,0,1,9,1,1,17,4,2,0,1,0,1,2,0,4,2,5,3,9
2022.0,-15.0,1.0,0.0,2,5,4,0,0,2,0,1,1,1,0,1,2,1,1,18,4,2,0,1,0,2,2,0,5,2,5,3,3
2022.0,-185.0,2.0,0.0,3,10,0,0,0,0,1,5,1,1,0,0,5,1,1,18,4,2,0,1,0,1,1,0,6,2,5,3,6
2022.0,200.0,1.0,0.0,3,6,0,0,0,0,1,9,1,1,0,0,9,1,1,19,4,2,0,1,0,2,1,0,10,7,5,8,3
2022.0,235.0,0.0,0.0,3,6,0,0,0,0,1,9,0,1,0,1,9,1,1,0,5,2,1,0,0,1,1,0,6,7,5,3,3
2022.0,0.0,0.0,0.0,3,2,3,0,0,0,0,2,1,1,0,0,1,1,1,11,5,2,1,0,0,1,2,0,4,5,5,3,3
2022.0,-36.0,1.0,0.0,1,5,3,0,0,2,1,9,1,1,0,1,2,1,1,14,5,2,1,0,0,1,2,0,10,5,5,9,3
2022.0,0.0,0.0,0.0,3,10,3,0,0,0,2,9,1,1,0,0,1,1,1,17,5,2,1,1,0,3,0,0,10,2,5,9,9
2022.0,600.0,4.0,0.0,3,6,0,0,0,0,1,5,0,1,0,0,5,1,1,19,5,2,1,1,0,1,1,0,3,7,5,8,3
2022.0,-20.0,0.0,0.0,3,6,0,0,0,0,2,1,1,1,0,1,1,1,1,19,5,2,1,1,0,3,2,0,10,7,5,8,3
2022.0,0.0,2.0,0.0,2,4,0,0,0,0,0,9,1,1,0,0,1,1,1,19,5,2,1,1,0,2,1,0,4,2,5,3,9
2022.0,-33.0,1.0,0.0,2,4,0,0,0,0,0,9,1,1,0,1,1,1,1,23,5,2,1,0,0,2,2,0,10,2,5,3,9
2022.0,0.0,4.0,0.0,3,2,0,0,0,0,0,2,1,1,0,0,9,0,1,2,6,2,1,0,0,2,1,0,4,2,5,3,3
2022.0,51.0,2.0,0.0,2,4,0,0,0,0,1,9,0,1,0,1,9,1,1,2,6,2,1,0,0,1,2,0,10,2,5,8,3
2022.0,415.0,0.0,0.0,3,4,3,0,0,0,1,9,1,1,0,1,5,1,1,12,6,2,1,0,0,2,1,0,0,2,5,3,9
2022.0,-385.0,0.0,0.0,3,6,3,0,0,0,1,2,1,1,0,0,2,1,1,13,6,2,1,0,0,2,1,0,6,7,5,8,3
2022.0,-50.0,0.0,0.0,3,6,3,0,0,0,1,2,1,1,0,0,2,1,1,16,6,2,1,1,0,2,2,0,10,7,5,8,3
2022.0,50.0,2.0,0.0,2,10,3,0,0,0,1,5,0,1,0,1,5,1,1,16,6,2,1,1,0,2,1,0,3,7,5,3,3
2022.0,0.0,0.0,0.0,3,4,0,0,0,0,0,4,1,1,0,0,6,1,1,19,6,2,1,1,0,2,2,0,4,2,5,3,9
2022.0,0.0,3.0,0.0,2,4,4,0,0,0,1,1,1,1,0,1,9,1,1,6,0,2,0,0,0,2,1,0,10,2,5,3,9
2022.0,920.0,1.0,0.0,3,2,3,0,0,2,1,2,1,1,0,0,1,1,1,8,0,2,0,1,0,0,2,0,6,5,5,9,3
2022.0,123.0,0.0,0.0,3,10,3,0,0,0,0,5,1,1,0,1,5,1,1,8,0,2,0,1,0,1,2,0,5,5,9,2,3
2022.0,115.0,0.0,0.0,3,6,3,0,0,0,1,9,1,1,0,0,9,1,1,11,0,2,0,0,0,1,1,0,10,7,5,8,3
2022.0,200.0,0.0,0.0,3,2,3,0,0,0,0,5,1,1,0,1,9,1,1,11,0,2,0,0,0,1,2,0,0,2,5,3,9
2022.0,-10.0,1.0,0.0,1,5,3,0,0,3,1,5,1,1,0,1,9,1,1,14,0,2,0,0,0,1,2,0,10,2,5,3,7
2022.0,0.0,0.0,0.0,3,2,3,0,0,0,2,2,1,1,0,0,1,1,1,16,0,2,0,1,0,3,2,0,4,5,5,3,5
2022.0,0.0,0.0,0.0,3,10,3,0,0,0,2,1,1,1,0,0,1,1,1,8,1,2,0,1,0,3,2,0,5,9,5,3,2
2022.0,-205.0,0.0,0.0,3,6,3,0,0,0,1,9,1,1,0,0,9,1,1,8,1,2,0,1,0,1,1,0,6,7,5,3,3
2022.0,200.0,0.0,0.0,3,4,3,0,0,0,1,9,1,1,0,1,5,1,1,9,1,2,0,1,0,1,1,0,6,2,5,3,9
2022.0,0.0,0.0,0.0,3,4,3,0,0,0,2,5,1,1,0,1,2,1,1,11,1,2,0,0,0,3,2,0,4,2,5,3,9
2022.0,0.0,0.0,0.0,3,2,3,0,0,0,0,5,1,1,0,1,1,1,1,11,1,2,0,0,0,1,1,0,5,2,5,9,3
2022.0,-15.0,1.0,0.0,2,2,3,0,0,2,1,2,1,1,0,1,1,1,1,16,1,2,0,1,0,1,1,0,10,5,5,9,3
2022.0,-57.0,1.0,0.0,3,6,0,0,0,0,1,2,1,1,0,0,2,1,1,18,1,2,0,1,0,1,1,0,10,7,5,8,3
2022.0,185.0,0.0,0.0,3,2,4,0,0,0,1,1,1,1,0,1,5,1,1,18,1,2,0,1,0,2,1,0,10,4,5,3,9
2022.0,0.0,0.0,0.0,3,6,3,0,0,0,0,1,1,1,0,1,1,1,1,6,2,2,0,0,0,2,1,0,3,7,5,9,9
2022.0,0.0,0.0,0.0,3,6,3,1,0,0,1,2,1,1,0,1,2,1,1,9,2,2,0,1,0,2,1,0,5,8,5,9,9
2022.0,10.0,1.0,0.0,2,4,3,0,0,3,1,9,1,1,0,0,5,1,1,11,2,2,0,0,0,1,1,0,10,2,5,9,7
2022.0,15.0,1.0,0.0,2,2,3,1,0,0,1,5,1,1,3,0,2,1,1,12,2,2,0,0,0,1,2,0,10,2,5,7,9
2022.0,0.0,2.0,0.0,2,4,3,0,0,0,0,2,1,1,0,0,5,1,1,12,2,2,0,0,0,0,0,0,4,2,5,3,9
2022.0,64.0,0.0,0.0,3,10,3,1,0,0,2,1,1,1,0,0,1,1,1,12,2,2,0,0,0,3,0,0,10,9,5,3,5
2022.0,75.0,0.0,0.0,3,6,3,0,0,0,1,1,1,1,0,1,1,1,1,17,2,2,0,1,0,2,1,0,10,7,5,8,3
2022.0,100.0,0.0,0.0,3,10,5,4,0,0,1,8,1,1,0,0,8,1,1,17,2,2,0,1,0,1,2,0,6,9,5,5,5
2022.0,-127.0,2.0,0.0,3,6,0,0,0,0,1,1,0,1,0,1,1,1,1,19,2,2,0,1,0,1,2,0,6,7,5,8,3
2022.0,-300.0,0.0,0.0,3,2,0,0,0,0,0,9,1,1,1,1,2,1,1,22,2,2,0,0,0,1,1,0,6,5,5,6,4
2022.0,90.0,0.0,0.0,3,2,3,0,0,0,1,9,1,1,0,1,5,1,1,10,3,2,0,0,0,1,1,0,10,5,5,8,9
2022.0,138.0,1.0,0.0,3,6,3,0,0,0,0,5,1,1,0,1,5,1,1,10,3,2,0,0,0,1,1,0,10,8,5,8,2
2022.0,-66.0,0.0,0.0,3,6,3,0,0,0,1,5,1,1,0,1,2,1,1,11,3,2,0,0,0,1,1,0,10,5,5,8,1
2022.0,-44.0,3.0,0.0,2,2,3,0,0,0,1,5,1,1,0,1,2,1,1,13,3,2,0,0,0,0,1,0,6,2,5,3,9
2022.0,295.0,1.0,0.0,2,2,3,0,0,0,0,1,1,1,2,1,1,1,1,16,3,2,0,1,0,0,1,0,0,2,5,3,9
2022.0,604.0,0.0,0.0,3,10,3,0,0,0,1,1,1,1,0,1,1,1,1,16,3,2,0,1,0,1,0,0,6,9,5,3,2
2022.0,-475.0,1.0,0.0,3,6,0,0,0,0,1,2,1,1,0,1,2,1,1,19,3,2,0,1,0,1,1,0,6,7,5,8,3
2022.0,-108.0,0.0,0.0,3,10,0,0,0,0,1,2,1,1,0,1,2,1,1,20,3,2,0,0,0,0,1,0,6,9,5,3,2
2022.0,-200.0,0.0,0.0,3,10,0,0,0,0,1,2,1,1,0,1,2,1,1,20,3,2,0,0,0,2,1,0,10,5,5,3,3
2022.0,300.0,2.0,0.0,1,3,0,0,0,0,0,2,1,1,0,1,5,1,1,22,3,2,0,0,0,2,1,0,6,9,5,3,3
2022.0,0.0,0.0,0.0,3,6,0,0,0,0,1,1,0,1,0,0,1,1,1,0,4,2,0,0,0,2,2,0,6,7,5,3,3
2022.0,0.0,0.0,0.0,3,2,3,0,0,0,0,2,1,1,0,0,1,1,1,7,4,2,0,1,0,1,1,0,4,5,5,8,9
2022.0,-107.0,0.0,0.0,3,6,3,0,0,0,1,2,1,1,0,0,2,1,1,16,4,2,0,1,0,2,1,0,10,8,5,8,3
2022.0,100.0,1.0,0.0,3,6,3,0,0,0,1,2,1,1,0,0,2,1,1,17,4,2,0,1,0,0,1,0,10,7,5,8,3
2022.0,-107.0,1.0,0.0,3,6,3,0,0,0,1,5,1,1,0,1,5,1,1,17,4,2,0,1,0,1,1,0,6,8,5,8,3
2022.0,0.0,0.0,0.0,3,6,3,0,0,0,1,1,1,1,0,1,1,1,1,17,4,2,0,1,0,2,1,0,3,7,5,9,9
2022.0,-120.0,0.0,0.0,3,4,3,0,0,0,0,9,1,1,0,0,2,1,1,17,4,2,0,1,0,1,2,0,0,2,5,3,9
2022.0,93.0,0.0,0.0,3,6,3,0,0,0,0,5,1,1,0,1,5,1,1,12,5,2,1,0,0,2,2,0,10,7,5,8,3
2022.0,20.0,0.0,0.0,3,2,3,0,0,0,0,5,1,1,0,1,9,1,1,13,5,2,1,0,0,2,2,0,0,2,5,3,9
2022.0,0.0,0.0,0.0,3,10,3,0,0,0,0,2,1,1,0,1,1,1,1,15,5,2,1,0,0,2,1,0,5,2,5,3,3
2022.0,70.0,1.0,0.0,3,6,0,0,0,0,0,9,1,1,0,0,9,1,1,21,5,2,1,0,0,1,1,0,10,7,5,8,3
2022.0,-100.0,2.0,0.0,2,3,0,0,0,0,1,9,0,1,0,0,1,1,1,21,5,2,1,0,0,2,0,0,6,9,5,3,3
2022.0,100.0,0.0,0.0,3,6,3,0,0,0,0,5,1,1,0,1,5,1,1,14,6,2,1,0,0,1,2,0,10,8,5,3,3
2022.0,0.0,1.0,0.0,1,4,3,0,0,0,1,2,1,1,0,1,4,1,1,17,6,2,1,1,0,1,1,0,5,2,5,9,3
2022.0,0.0,0.0,0.0,3,4,0,0,0,0,0,9,0,1,0,0,1,1,1,21,6,2,1,0,0,3,1,0,4,2,5,3,9
2022.0,0.0,2.0,0.0,2,2,0,0,0,0,1,5,1,1,0,1,1,1,1,5,0,2,0,0,0,1,1,0,5,2,5,3,3
2022.0,-280.0,0.0,0.0,3,10,3,0,0,0,0,2,1,1,0,1,2,1,1,14,0,2,0,0,0,2,1,0,6,9,5,3,2
2022.0,0.0,2.0,0.0,2,4,3,1,0,0,0,5,1,1,0,1,2,1,1,14,0,2,0,0,0,1,2,0,5,2,5,3,9
2022.0,-420.0,1.0,0.0,3,10,3,0,0,0,0,2,1,1,0,1,2,1,1,15,0,2,0,0,0,1,2,0,6,9,5,3,2
2022.0,77.0,1.0,0.0,3,6,3,1,0,0,0,1,1,1,0,0,1,1,1,16,0,2,0,1,0,2,0,0,6,8,5,8,3
2022.0,150.0,0.0,0.0,3,6,2,0,0,0,1,5,1,1,0,0,5,1,1,6,1,2,0,0,0,1,1,0,10,7,5,8,3
2022.0,-30.0,1.0,0.0,2,5,3,0,0,0,0,2,1,1,3,1,1,1,1,10,1,2,0,0,0,3,2,0,0,2,5,7,9
2022.0,0.0,1.0,0.0,2,2,3,0,0,0,0,2,1,1,0,1,9,1,1,12,1,2,0,0,0,0,0,0,4,2,5,3,3
2022.0,-350.0,0.0,0.0,3,6,3,1,0,0,1,9,1,1,0,0,9,1,1,15,1,2,0,0,0,1,2,0,6,8,5,8,2
2022.0,-202.0,4.0,0.0,3,2,3,1,0,0,0,5,1,1,0,0,9,1,1,15,1,2,0,0,0,0,1,0,0,2,5,3,9
2022.0,294.0,1.0,0.0,2,2,3,0,0,0,1,1,1,1,0,0,1,1,1,16,1,2,0,1,0,1,2,0,6,4,5,3,9
2022.0,-203.0,0.0,0.0,3,2,0,0,0,0,1,9,1,1,0,1,9,1,1,22,1,2,0,0,0,2,1,0,6,7,5,9,3
2022.0,-105.0,0.0,0.0,3,2,0,0,0,0,1,9,1,1,0,1,2,1,1,6,2,2,0,0,0,2,1,0,6,2,5,3,9
2022.0,-32.0,0.0,0.0,3,10,3,0,4,0,1,1,1,1,0,0,1,1,1,9,2,2,0,1,1,3,1,0,10,9,5,3,2
2022.0,20.0,2.0,0.0,3,4,3,3,4,0,0,9,1,1,0,0,1,1,1,10,2,2,0,0,1,2,2,0,5,2,5,3,9
2022.0,-118.0,1.0,0.0,2,3,3,1,4,0,0,9,1,1,0,0,2,1,1,14,2,2,0,0,1,2,1,0,10,9,5,8,9
2022.0,-88.0,1.0,0.0,3,6,0,1,4,0,1,2,1,1,0,0,2,1,1,20,2,2,0,0,1,1,1,0,6,7,5,8,3
2022.0,25.0,1.0,0.0,2,6,0,0,0,0,1,5,1,0,0,0,5,1,1,23,2,2,0,0,0,1,2,0,10,7,5,8,3
2022.0,-384.0,1.0,0.0,3,4,3,0,0,0,0,5,1,1,0,0,9,1,1,8,3,2,0,1,0,2,1,0,6,2,5,3,9
2022.0,390.0,2.0,0.0,3,4,3,0,0,0,1,2,1,1,0,1,5,1,1,8,3,2,0,1,0,2,1,0,0,7,5,9,3
2022.0,0.0,0.0,0.0,3,4,3,0,0,0,1,5,1,1,0,1,5,1,1,10,3,2,0,0,0,2,1,0,4,5,5,9,9
2022.0,-100.0,0.0,0.0,3,6,3,0,0,0,0,2,1,1,0,0,2,1,1,10,3,2,0,0,0,2,1,0,10,7,5,8,3
2022.0,0.0,0.0,0.0,3,2,3,0,0,0,0,5,1,1,0,1,1,1,1,11,3,2,0,0,0,1,1,0,5,2,5,3,3
2022.0,-48.0,0.0,0.0,3,6,3,0,0,0,0,2,1,1,0,0,2,1,1,12,3,2,0,0,0,2,1,0,10,8,5,8,3
2022.0,0.0,3.0,0.0,2,4,3,0,0,0,1,5,1,1,0,0,2,1,1,12,3,2,0,0,0,1,0,0,4,2,5,3,9
2022.0,-200.0,0.0,0.0,3,10,3,0,0,0,2,9,1,1,0,1,9,1,1,14,3,2,0,0,0,3,0,0,10,9,5,3,2
2022.0,0.0,3.0,0.0,2,2,0,0,0,0,1,1,1,1,0,1,5,1,1,15,3,2,0,0,0,1,1,0,6,2,5,3,3
2022.0,-200.0,0.0,0.0,3,6,3,0,0,0,1,1,1,1,0,1,1,1,1,17,3,2,0,1,0,2,1,0,6,8,5,8,3
2022.0,0.0,1.0,0.0,3,2,3,0,0,0,1,9,1,1,0,1,5,1,1,17,3,2,0,1,0,1,1,0,5,2,5,9,3
2022.0,38.0,0.0,0.0,3,5,5,4,3,0,2,8,1,1,0,0,8,1,1,22,3,2,0,0,0,3,1,0,6,5,5,6,5
2022.0,58.0,1.0,0.0,3,6,0,0,0,0,1,5,1,1,0,0,5,1,1,23,3,2,0,0,0,1,1,0,10,2,5,8,5
2022.0,30.0,0.0,0.0,3,10,0,0,0,0,0,1,1,1,0,0,1,0,1,2,4,2,0,0,0,1,2,0,4,4,5,3,9
2022.0,0.0,0.0,0.0,3,4,3,0,0,0,0,9,1,1,0,1,6,1,1,16,4,2,0,1,0,1,0,0,4,2,5,9,3
2022.0,315.0,1.0,0.0,3,2,3,0,0,0,1,5,1,1,0,0,5,1,1,16,4,2,0,1,0,1,1,0,6,9,5,3,2
2022.0,0.0,0.0,0.0,3,4,0,0,0,0,0,9,1,1,0,1,1,1,1,19,4,2,0,1,0,1,1,0,4,9,5,3,9
2022.0,0.0,0.0,0.0,3,3,0,0,0,0,1,2,1,1,0,1,5,1,1,1,5,2,1,0,0,1,1,0,4,9,5,8,3
2022.0,50.0,0.0,0.0,3,6,0,0,0,0,0,2,0,1,0,1,2,1,1,4,5,2,1,0,0,1,1,0,6,7,5,3,3
2022.0,0.0,0.0,0.0,3,3,0,0,0,0,0,5,1,1,0,1,9,1,1,5,5,2,1,0,0,2,1,0,3,2,5,3,3
2022.0,0.0,4.0,0.0,3,4,3,0,0,0,1,9,1,1,0,1,2,1,1,8,5,2,1,1,0,2,1,0,5,2,5,3,9
2022.0,1.0,0.0,0.0,3,10,3,0,0,0,1,1,1,1,0,0,1,1,1,10,5,2,1,0,0,2,2,0,3,9,5,3,2
2022.0,0.0,2.0,1.0,0,4,3,0,0,0,1,5,1,1,0,1,2,1,1,11,5,2,1,0,0,0,1,0,5,2,7,3,9
2022.0,0.0,0.0,0.0,3,2,3,0,0,0,1,5,1,1,0,0,9,1,1,11,5,2,1,0,0,2,1,0,4,2,5,9,9
2022.0,-84.0,1.0,0.0,3,6,3,0,0,0,0,2,1,1,0,0,2,1,1,14,5,2,1,0,0,1,1,0,10,7,5,8,3
2022.0,-25.0,1.0,0.0,3,6,0,0,0,0,1,2,1,1,0,0,2,1,1,21,5,2,1,0,0,1,2,0,10,8,5,3,3
2022.0,-100.0,0.0,0.0,3,6,0,0,0,0,1,2,1,1,0,1,2,1,1,21,5,2,1,0,0,2,2,0,10,7,5,8,3
2022.0,140.0,0.0,0.0,3,9,0,4,3,0,2,2,1,1,0,1,5,1,1,0,6,2,1,0,0,3,1,0,6,9,5,3,5
2022.0,-45.0,2.0,0.0,3,5,0,0,0,0,1,2,1,1,2,1,5,1,1,2,6,2,1,0,0,1,1,0,6,7,5,3,3
2022.0,0.0,0.0,0.0,3,4,2,0,0,0,0,4,1,1,0,1,5,1,1,6,6,2,1,0,0,1,1,0,5,5,5,3,9
2022.0,-125.0,0.0,0.0,3,4,3,0,0,0,0,6,1,1,0,1,2,1,1,13,6,2,1,0,0,1,1,0,6,2,5,3,9
2022.0,-175.0,1.0,0.0,3,6,3,0,0,0,1,1,0,0,0,0,1,1,1,14,6,2,1,0,0,1,1,0,6,8,5,8,3
2022.0,0.0,1.0,0.0,2,2,3,0,0,0,0,6,1,1,0,1,5,1,1,15,6,2,1,0,0,2,1,0,4,4,5,3,9
2022.0,-100.0,0.0,0.0,3,6,3,0,0,0,1,2,1,1,0,1,2,1,1,15,6,2,1,0,0,0,0,0,0,8,5,8,3
2022.0,0.0,3.0,0.0,2,2,3,4,0,0,1,2,1,1,0,0,1,1,1,16,6,2,1,1,0,1,2,0,5,2,5,3,3
2022.0,-300.0,4.0,0.0,2,3,0,0,0,0,1,2,1,1,0,0,5,1,1,19,6,2,1,1,0,2,1,0,6,9,5,9,9
2022.0,-1000.0,1.0,0.0,2,5,0,0,0,0,2,1,1,1,3,1,1,1,1,22,6,2,1,0,0,3,2,0,0,5,5,7,9
2022.0,0.0,0.0,0.0,3,4,3,0,0,0,2,2,1,1,0,1,2,1,1,8,0,2,0,1,0,3,1,0,4,5,5,9,3
2022.0,-200.0,1.0,0.0,3,2,3,0,0,0,1,1,1,1,3,1,5,1,1,9,0,2,0,1,0,2,2,0,6,2,5,7,3
2022.0,0.0,1.0,0.0,3,4,3,1,0,0,0,1,1,1,0,1,9,1,1,9,0,2,0,1,0,1,1,0,6,2,5,3,9
2022.0,0.0,0.0,0.0,3,2,3,0,0,0,2,9,1,1,0,0,5,1,1,13,0,2,0,0,0,3,1,0,4,2,5,3,3
2022.0,0.0,1.0,0.0,3,2,3,0,0,0,1,1,1,1,0,1,5,1,1,14,0,2,0,0,0,1,1,0,5,2,5,3,3
2022.0,-90.0,0.0,0.0,3,6,3,0,0,0,1,9,1,1,0,1,1,1,1,15,0,2,0,0,0,1,1,0,6,5,5,6,1
2022.0,-33.0,1.0,0.0,2,2,0,0,0,2,1,5,1,1,0,1,1,1,1,20,0,2,0,0,0,2,1,0,10,2,5,3,3
2022.0,-15.0,1.0,0.0,2,5,3,0,0,0,1,2,1,1,3,1,5,1,1,10,1,3,0,0,0,1,1,0,10,2,5,5,9
2022.0,716.0,0.0,0.0,3,2,3,4,0,0,1,5,1,1,0,0,5,1,1,11,1,3,0,0,0,2,1,0,6,5,5,3,9
2022.0,-25.0,0.0,0.0,3,6,3,0,0,0,1,2,1,1,0,1,2,1,1,13,1,3,0,0,0,1,1,0,10,7,5,8,3
2022.0,0.0,1.0,0.0,3,5,3,0,0,0,1,2,1,1,2,1,5,1,1,14,1,3,0,0,0,0,1,0,4,2,5,3,9
2022.0,0.0,0.0,0.0,3,4,3,0,0,0,2,9,1,1,0,0,1,1,1,17,1,3,0,1,0,3,1,0,4,2,5,3,9
2022.0,100.0,0.0,0.0,3,6,3,0,0,0,0,5,0,1,0,1,5,1,1,17,1,3,0,1,0,2,2,0,10,7,5,8,3
2022.0,0.0,1.0,0.0,3,4,0,0,0,0,1,7,1,1,0,0,1,1,1,5,2,3,0,0,0,1,1,0,4,2,5,3,9
2022.0,60.0,2.0,0.0,3,11,0,0,0,0,1,6,1,1,0,0,2,1,1,6,2,3,0,0,0,1,0,0,10,4,5,3,9
2022.0,-200.0,0.0,0.0,3,10,3,0,0,0,1,9,1,1,0,1,9,1,1,8,2,3,0,1,0,2,1,0,6,5,5,3,2
2022.0,90.0,0.0,0.0,3,6,3,0,0,0,2,5,1,1,0,1,5,1,1,10,2,3,0,0,0,3,1,0,10,7,5,8,3
2022.0,0.0,3.0,0.0,3,4,3,0,0,0,0,5,1,1,0,0,2,1,1,10,2,3,0,0,0,1,1,0,4,2,5,3,9
2022.0,-91.0,0.0,0.0,3,6,3,0,0,0,1,1,1,1,0,1,1,1,1,10,2,3,0,0,0,1,0,0,10,7,5,8,3
2022.0,0.0,2.0,0.0,3,6,3,0,0,0,1,2,1,1,0,0,2,1,1,12,2,3,0,0,0,2,2,0,5,8,5,8,3
2022.0,0.0,0.0,0.0,3,2,3,0,0,0,2,1,1,1,0,0,2,1,1,15,2,3,0,0,0,3,1,0,4,2,5,3,3
2022.0,-215.0,0.0,0.0,3,2,3,0,0,0,0,9,0,1,0,1,2,1,1,15,2,3,0,0,0,1,0,0,0,2,5,3,5
2022.0,61.0,0.0,0.0,3,6,3,0,0,0,0,9,1,1,0,1,9,1,1,20,2,3,0,0,0,3,2,0,10,7,5,8,3
2022.0,0.0,1.0,0.0,3,6,3,0,0,0,0,5,1,1,1,1,5,1,1,8,3,3,0,1,0,1,1,0,5,9,5,6,3
2022.0,108.0,1.0,0.0,2,6,3,0,0,0,0,1,1,1,0,0,1,1,1,10,3,3,0,0,0,1,0,0,10,7,5,8,3
2022.0,76.0,0.0,0.0,3,6,3,0,0,0,0,5,1,1,0,0,5,1,1,11,3,3,0,0,0,2,2,0,10,8,5,8,3
2022.0,0.0,1.0,0.0,1,4,3,0,0,0,0,9,1,1,0,1,1,1,1,14,3,3,0,0,0,2,2,0,4,2,5,3,9
2022.0,-96.0,1.0,0.0,2,5,3,0,0,2,1,5,1,1,0,0,9,1,1,14,3,3,0,0,0,1,2,0,0,5,5,9,3
2022.0,-120.0,0.0,0.0,3,10,3,0,0,0,0,1,1,1,1,1,1,1,1,15,3,3,0,0,0,1,1,0,6,9,5,6,6
2022.0,0.0,2.0,0.0,3,11,3,0,0,0,0,2,1,1,0,0,2,1,1,16,3,3,0,1,0,1,1,0,4,5,5,3,9
2022.0,-75.0,0.0,0.0,3,6,3,0,0,0,2,1,1,1,0,0,1,1,1,16,3,3,0,1,0,3,1,0,10,8,5,8,3
2022.0,0.0,1.0,0.0,3,2,3,0,0,0,0,5,1,1,0,1,9,1,1,16,3,3,0,1,0,1,1,0,5,2,5,3,9
2022.0,0.0,0.0,0.0,3,6,3,0,0,0,2,2,1,1,0,0,2,1,1,17,3,3,0,1,0,3,2,0,6,9,5,3,3
2022.0,-154.0,0.0,0.0,3,6,3,0,0,0,1,1,0,1,0,0,1,1,1,17,3,3,0,1,0,1,1,0,10,7,5,8,3
2022.0,0.0,2.0,0.0,3,4,3,0,0,0,0,9,1,1,0,0,1,1,1,17,3,3,0,1,0,1,2,0,4,2,5,3,9
2022.0,100.0,0.0,0.0,3,2,0,1,0,0,1,4,0,1,0,1,1,1,1,18,3,3,0,1,0,2,1,0,10,5,5,3,3