Year,Distance,Totalinjuries,Totalfatalities,Injuryseverity,Collisionmanner,Lightcondition,Weather,SurfaceCondition,Unittype_One,Gender_Drv1,Traveldirection_One,AlcoholUse_Drv1,DrugUse_Drv1,Unittype_Two,Gender_Drv2,Traveldirection_Two,AlcoholUse_Drv2,DrugUse_Drv2,Hour,Weekday,Month,Weekend,Rush_Hour,Hazardous_Road,Age_Group_Drv1,Age_Group_Drv2,Substance_Use,Junction_Category,Violation_Category_Drv1,Violation_Category_Drv2,Unitaction_Category_Two,Unitaction_Category_One
2022.0,0.0,1.0,0.0,3,4,0,0,0,0,0,2,1,1,0,1,5,1,1,20,3,3,0,0,0,1,2,0,5,2,5,3,9
2022.0,0.0,1.0,0.0,3,10,0,0,0,0,0,1,1,1,0,1,1,1,1,20,3,3,0,0,0,1,1,0,6,4,5,3,9
2022.0,0.0,0.0,0.0,3,4,0,0,0,0,1,9,1,1,0,1,5,1,1,5,4,3,0,0,0,2,1,0,6,2,5,3,9
2022.0,0.0,0.0,0.0,3,2,3,0,0,0,1,1,1,1,0,1,5,1,1,10,4,3,0,0,0,1,2,0,4,5,5,3,3
2022.0,100.0,0.0,0.0,3,2,3,0,0,0,1,2,1,1,0,1,5,1,1,13,4,3,0,0,0,0,1,0,0,2,5,3,9
2022.0,448.0,1.0,0.0,2,2,3,3,0,0,0,1,1,1,0,1,5,1,1,13,4,3,0,0,0,0,1,0,6,2,2,3,9
2022.0,-300.0,0.0,0.0,3,2,3,0,0,0,1,2,1,1,0,1,1,1,1,15,4,3,0,0,0,1,2,0,0,2,5,3,9
2022.0,-300.0,0.0,0.0,3,6,3,0,0,0,1,9,1,1,0,1,9,1,1,16,4,3,0,1,0,1,1,0,6,7,5,8,3
2022.0,146.0,0.0,0.0,3,6,0,0,0,0,2,5,1,1,0,1,5,1,1,21,4,3,0,0,0,3,1,0,10,7,5,3,3
2022.0,0.0,0.0,0.0,3,2,0,0,0,0,1,1,1,1,0,1,2,1,1,22,4,3,0,0,0,1,2,0,9,2,5,3,3
2022.0,-34.0,0.0,0.0,3,6,3,0,0,0,1,9,1,1,0,1,9,1,1,8,5,3,1,1,0,1,1,0,6,7,5,3,3
2022.0,0.0,0.0,0.0,3,3,3,0,0,0,0,1,1,1,0,1,1,1,1,12,5,3,1,0,0,1,1,0,4,9,5,3,2
2022.0,-100.0,0.0,0.0,3,6,3,0,0,0,2,2,1,1,0,0,2,1,1,16,5,3,1,1,0,3,1,0,10,7,5,8,3
2022.0,0.0,1.0,0.0,3,2,0,0,0,0,1,1,1,1,0,0,5,1,1,20,5,3,1,0,0,1,1,0,4,5,5,3,3
2022.0,0.0,2.0,0.0,1,2,0,0,0,0,0,9,0,1,0,1,5,1,1,1,6,3,1,0,0,2,1,0,4,2,5,3,3
2022.0,-138.0,3.0,0.0,1,5,0,0,0,3,1,1,0,1,3,1,1,0,1,2,6,3,1,0,0,1,1,0,6,6,6,7,7
2022.0,-40.0,0.0,0.0,3,6,0,0,4,0,0,2,1,1,0,1,2,1,1,0,0,3,0,0,1,2,1,0,8,5,7,3,3
2022.0,0.0,0.0,0.0,3,2,0,0,0,0,2,5,1,1,0,1,1,1,1,1,0,3,0,0,0,3,1,0,5,2,5,3,3
2022.0,25.0,0.0,0.0,3,10,0,0,0,0,1,5,1,1,0,0,5,1,1,4,0,3,0,0,0,1,1,0,10,9,5,8,2
2022.0,0.0,1.0,0.0,3,6,2,0,0,0,1,1,1,1,0,0,1,1,1,6,0,3,0,0,0,2,1,0,3,7,5,8,3
2022.0,35.0,0.0,0.0,3,6,3,0,0,0,1,9,1,1,0,1,9,1,1,11,0,3,0,0,0,2,1,0,10,8,5,8,3
2022.0,0.0,1.0,0.0,3,6,3,0,0,0,1,2,1,1,0,1,2,1,1,16,0,3,0,1,0,1,1,0,6,7,5,3,3
2022.0,0.0,1.0,0.0,2,5,3,0,0,0,0,1,1,1,2,0,5,1,1,16,0,3,0,1,0,0,2,0,4,2,5,3,3
2022.0,0.0,2.0,0.0,2,4,3,0,0,0,1,9,1,1,0,1,1,1,1,17,0,3,0,1,0,1,1,0,5,2,5,3,9
2022.0,0.0,2.0,0.0,3,2,3,0,0,0,1,1,1,1,0,0,2,1,1,18,0,3,0,1,0,2,1,0,10,2,5,3,3
2022.0,0.0,2.0,0.0,1,4,3,0,0,0,0,1,1,1,0,1,9,1,1,9,1,3,0,1,0,1,1,0,4,2,7,3,9
2022.0,-60.0,0.0,0.0,3,10,3,0,0,0,0,9,1,1,0,0,9,1,1,11,1,3,0,0,0,1,2,0,6,9,5,3,2
2022.0,0.0,0.0,0.0,3,10,3,0,0,0,1,9,1,1,0,1,9,1,1,13,1,3,0,0,0,1,1,0,5,9,5,8,2
2022.0,0.0,0.0,0.0,3,4,3,0,0,0,1,5,1,1,0,0,2,1,1,16,1,3,0,1,0,2,1,0,4,2,5,3,9
2022.0,0.0,0.0,0.0,3,2,4,0,0,0,1,9,1,1,0,0,5,1,1,18,1,3,0,1,0,2,1,0,5,2,5,9,9
2022.0,165.0,1.0,0.0,3,2,0,0,0,0,0,9,1,1,0,1,2,1,1,18,1,3,0,1,0,2,2,0,0,2,5,3,9
2022.0,94.0,0.0,0.0,3,6,3,0,0,0,0,9,1,1,0,1,9,1,1,6,2,3,0,0,0,1,1,0,6,7,5,8,3
2022.0,177.0,4.0,0.0,1,3,3,0,0,0,0,5,1,1,0,1,2,1,1,7,2,3,0,1,0,2,1,0,6,9,5,3,3
2022.0,233.0,1.0,0.0,2,2,3,0,0,0,1,9,1,1,0,0,2,1,1,9,2,3,0,1,0,1,1,0,0,2,5,3,9
2022.0,-49.0,1.0,0.0,3,2,3,0,0,0,0,9,1,1,0,0,5,1,1,13,2,3,0,0,0,1,1,0,10,2,5,3,9
2022.0,0.0,0.0,0.0,3,4,3,0,0,0,1,5,1,1,0,1,5,1,1,14,2,3,0,0,0,0,1,0,4,5,5,9,9
2022.0,0.0,2.0,0.0,2,2,3,0,0,0,1,1,1,1,0,1,5,1,1,17,2,3,0,1,0,0,1,0,5,2,5,3,9
2022.0,0.0,2.0,0.0,2,4,3,0,0,0,0,9,1,1,0,1,1,0,1,17,2,3,0,1,0,2,1,0,4,2,5,3,9
2022.0,0.0,2.0,0.0,3,4,3,0,0,0,1,1,1,1,0,0,9,1,1,11,3,3,0,0,0,2,1,0,4,2,5,3,9
2022.0,0.0,0.0,0.0,3,2,3,0,0,0,1,5,1,1,0,1,2,1,1,14,3,3,0,0,0,1,2,0,4,2,5,9,3
2022.0,-145.0,0.0,0.0,3,6,3,1,0,0,1,1,1,1,0,1,1,1,1,16,3,3,0,1,0,1,1,0,10,7,5,8,3
2022.0,0.0,0.0,0.0,3,4,0,0,0,0,0,5,1,1,0,1,2,1,1,19,3,3,0,1,0,1,2,0,4,2,5,3,9
2022.0,0.0,1.0,0.0,2,5,3,0,0,0,1,5,1,1,3,1,5,1,1,12,4,3,0,0,0,3,2,0,4,2,5,7,9
2022.0,0.0,2.0,0.0,2,4,3,0,0,0,1,9,1,1,0,1,1,1,1,12,4,3,0,0,0,2,1,0,5,2,5,3,9
2022.0,0.0,0.0,0.0,3,4,3,0,0,0,0,6,1,1,0,0,9,1,1,15,4,3,0,0,0,1,2,0,5,2,5,3,9
2022.0,608.0,0.0,0.0,3,2,3,0,0,0,0,5,1,1,0,1,9,1,1,16,4,3,0,1,0,1,1,0,0,2,5,3,9
2022.0,-35.0,0.0,0.0,3,4,0,0,0,0,0,5,1,1,0,1,9,1,1,22,4,3,0,0,0,0,1,0,10,2,5,9,3
2022.0,-245.0,0.0,0.0,3,4,0,0,0,0,1,1,1,1,0,0,9,1,1,22,4,3,0,0,0,2,1,0,0,2,5,3,9
2022.0,0.0,0.0,0.0,3,4,0,0,0,0,0,5,1,1,0,0,2,1,1,1,5,3,1,0,0,2,2,0,5,2,5,3,9
2022.0,0.0,0.0,0.0,3,2,3,0,0,0,0,5,1,1,0,0,9,1,1,11,5,3,1,0,0,1,1,0,0,2,5,8,9
2022.0,15.0,1.0,0.0,1,5,3,0,0,2,0,2,1,1,0,0,2,1,1,12,5,3,1,0,0,0,1,0,10,2,5,9,3
2022.0,288.0,0.0,0.0,3,12,1,0,0,0,2,9,1,1,1,1,8,1,1,14,5,3,1,0,0,3,1,0,6,5,5,6,5
2022.0,0.0,1.0,0.0,1,4,3,0,0,0,0,9,1,1,0,1,1,1,1,17,5,3,1,1,0,0,1,0,5,2,5,3,9
2022.0,-35.0,0.0,0.0,3,6,3,0,0,0,1,4,1,1,0,1,4,1,1,8,6,3,1,1,0,1,1,0,10,7,5,9,8
2022.0,1000.0,0.0,0.0,3,6,3,0,0,0,2,1,1,1,0,0,1,1,1,9,6,3,1,1,0,3,2,0,6,9,5,3,3
2022.0,0.0,0.0,0.0,3,4,4,0,0,0,1,9,1,1,0,0,1,1,1,18,6,3,1,1,0,1,1,0,5,2,5,3,9
2022.0,-100.0,1.0,0.0,3,6,0,0,0,0,1,1,1,1,0,1,1,1,1,21,6,3,1,0,0,1,0,0,6,8,5,8,3
2022.0,0.0,0.0,0.0,3,6,0,0,0,0,1,2,1,1,0,1,2,1,1,22,6,3,1,0,0,1,1,0,10,7,5,8,3
2022.0,150.0,0.0,0.0,3,2,3,0,0,0,0,2,1,1,0,0,9,1,1,7,0,3,0,1,0,1,1,0,9,2,5,3,9
2022.0,326.0,2.0,0.0,3,10,3,0,0,0,0,1,1,1,0,0,1,1,1,8,0,3,0,1,0,1,1,0,6,5,5,5,5
2022.0,0.0,0.0,0.0,3,6,3,0,0,0,1,1,1,1,0,0,1,1,1,10,0,3,0,0,0,2,1,0,6,7,5,3,3
2022.0,85.0,0.0,0.0,3,6,3,0,0,0,0,9,1,1,0,1,9,1,1,10,0,3,0,0,0,0,2,0,10,8,5,8,3
2022.0,0.0,2.0,1.0,0,2,3,0,0,0,1,2,1,1,0,1,9,1,1,11,0,3,0,0,0,0,0,0,4,2,5,3,3
2022.0,200.0,0.0,0.0,3,6,3,0,0,0,2,1,1,1,0,1,1,1,1,14,0,3,0,0,0,3,1,0,10,5,5,5,5
2022.0,-215.0,0.0,0.0,3,2,3,0,0,0,1,5,1,1,0,1,9,1,1,14,0,3,0,0,0,0,2,0,6,4,5,3,9
2022.0,0.0,2.0,0.0,2,2,3,0,0,0,0,1,1,1,0,1,5,1,1,15,0,3,0,0,0,0,2,0,4,2,5,3,3
2022.0,0.0,0.0,0.0,3,10,3,0,0,0,1,9,1,1,0,1,9,1,1,15,0,3,0,0,0,1,1,0,6,9,5,3,2
2022.0,0.0,0.0,0.0,3,4,4,0,0,0,1,4,1,1,0,1,5,1,1,18,0,3,0,1,0,2,1,0,4,2,5,3,9
2022.0,240.0,0.0,0.0,3,10,0,0,0,0,0,9,1,1,1,1,9,1,1,2,1,3,0,0,0,0,1,0,6,5,5,6,3
2022.0,-520.0,0.0,0.0,3,2,3,0,0,0,1,2,1,1,0,1,9,1,1,10,1,3,0,0,0,2,2,0,0,2,5,3,9
2022.0,0.0,2.0,0.0,2,4,3,0,0,0,0,5,1,1,0,1,2,1,1,11,1,3,0,0,0,1,1,0,5,2,5,3,9
2022.0,0.0,0.0,0.0,3,2,3,0,0,0,1,9,1,1,0,1,5,1,1,13,1,3,0,0,0,2,2,0,4,2,5,9,3
2022.0,0.0,0.0,0.0,3,2,3,0,0,0,0,5,1,1,0,1,1,1,1,14,1,3,0,0,0,2,1,0,4,2,5,3,3
2022.0,-457.0,3.0,0.0,3,2,3,0,0,0,1,1,1,1,0,0,5,1,1,14,1,3,0,0,0,0,0,0,0,2,5,3,3
2022.0,-528.0,0.0,0.0,3,6,3,0,0,0,1,1,1,1,0,1,1,1,1,16,1,3,0,1,0,2,1,0,6,8,5,8,2
2022.0,150.0,1.0,0.0,3,6,3,0,0,0,1,5,1,1,0,1,5,1,1,17,1,3,0,1,0,0,1,0,10,7,5,8,3
2022.0,0.0,0.0,0.0,3,4,3,0,0,0,1,9,1,1,0,0,0,1,1,17,1,3,0,1,0,1,0,0,4,5,5,9,3
2022.0,0.0,4.0,0.0,3,2,3,0,0,0,0,1,1,1,0,1,5,1,1,17,1,3,0,1,0,1,1,0,4,2,5,3,3
2022.0,50.0,0.0,0.0,3,2,0,0,0,0,1,1,1,1,0,0,9,1,1,21,1,3,0,0,0,1,1,0,10,4,5,8,9
2022.0,-55.0,0.0,0.0,3,6,0,0,3,0,2,2,1,1,0,1,2,1,1,21,1,3,0,0,0,3,1,0,10,5,5,5,8
2022.0,0.0,2.0,0.0,3,2,3,0,0,0,0,1,1,1,0,0,2,1,1,7,2,3,0,1,0,1,1,0,4,2,5,9,3
2022.0,-115.0,2.0,0.0,2,6,3,0,0,0,1,1,1,1,0,0,1,1,1,13,2,3,0,0,0,1,0,0,10,8,5,8,3
2022.0,252.0,1.0,0.0,3,4,3,0,0,0,0,9,1,1,0,0,1,1,1,13,2,3,0,0,0,2,1,0,0,2,5,3,9
2022.0,238.0,1.0,0.0,3,6,3,0,0,0,1,5,1,1,0,0,5,1,1,14,2,3,0,0,0,0,1,0,6,7,5,8,3
2022.0,72.0,2.0,0.0,2,6,3,0,0,0,1,1,1,1,0,0,1,1,1,14,2,3,0,0,0,1,1,0,10,8,5,8,3
2022.0,-145.0,3.0,0.0,3,4,3,0,0,0,1,9,1,1,0,0,1,1,1,15,2,3,0,0,0,0,0,0,0,2,5,3,9
2022.0,0.0,1.0,0.0,3,6,3,0,0,0,0,5,1,1,0,0,5,1,1,17,2,3,0,1,0,1,1,0,10,7,5,8,3
2022.0,-40.0,0.0,0.0,3,10,1,0,0,0,1,9,1,1,1,1,9,1,1,21,2,3,0,0,0,1,1,0,6,9,5,6,3
2022.0,40.0,0.0,0.0,3,5,0,0,0,0,0,5,1,1,1,1,1,1,1,1,3,3,0,0,0,1,1,0,10,5,5,6,9
2022.0,0.0,2.0,0.0,2,4,0,0,0,0,0,2,1,1,0,0,1,1,1,5,3,3,0,0,0,2,1,0,5,2,5,3,9
2022.0,-40.0,1.0,0.0,3,5,3,0,0,0,1,2,1,1,3,1,9,1,1,11,3,3,0,0,0,2,2,0,10,5,5,7,9
2022.0,0.0,2.0,0.0,3,4,3,0,0,0,0,9,1,1,0,1,1,1,1,14,3,3,0,0,0,2,1,0,4,2,5,3,9
2022.0,-644.0,0.0,0.0,3,6,3,0,0,0,1,2,1,1,0,0,2,1,1,16,3,3,0,1,0,1,0,0,6,8,5,8,3
2022.0,440.0,1.0,0.0,3,6,4,0,0,0,1,2,1,1,0,0,2,1,1,18,3,3,0,1,0,1,2,0,10,7,5,8,3
2022.0,280.0,1.0,0.0,3,6,0,0,0,0,1,9,1,1,0,0,9,1,1,20,3,3,0,0,0,2,2,0,6,7,5,8,3
2022.0,0.0,1.0,0.0,3,3,0,0,0,0,1,2,1,1,0,0,5,1,1,21,3,3,0,0,0,1,1,0,5,5,5,3,9
2022.0,0.0,0.0,0.0,3,6,3,0,0,0,0,3,1,1,0,1,2,1,1,13,4,3,0,0,0,2,1,0,5,2,5,3,9
2022.0,-332.0,0.0,0.0,3,6,3,0,0,0,1,2,1,1,0,1,2,1,1,13,4,3,0,0,0,2,1,0,0,8,5,8,3
2022.0,-374.0,1.0,0.0,3,6,3,0,0,0,1,9,1,1,0,1,9,1,1,15,4,3,0,0,0,2,1,0,6,8,5,8,3
2022.0,75.0,0.0,0.0,3,10,3,0,0,0,2,1,1,1,1,1,1,1,1,17,4,3,0,1,0,3,2,0,6,9,5,6,3
2022.0,0.0,4.0,0.0,2,4,3,0,0,0,0,2,1,1,0,1,5,1,1,17,4,3,0,1,0,1,2,0,4,2,5,3,9
2022.0,20.0,0.0,0.0,3,6,3,0,0,0,1,5,1,1,0,0,5,1,1,18,4,3,0,1,0,1,1,0,10,7,5,8,3
2022.0,-5.0,2.0,0.0,2,4,0,0,0,0,1,9,1,1,0,1,9,1,1,20,4,3,0,0,0,2,1,0,4,2,5,3,9
2022.0,21.0,1.0,0.0,1,5,3,0,0,3,1,1,1,1,0,0,2,1,1,8,5,3,1,1,0,2,1,0,10,6,5,3,7
2022.0,0.0,1.0,0.0,3,4,3,0,0,0,1,5,1,1,0,1,9,1,1,10,5,3,1,0,0,2,1,0,4,2,5,9,3
2022.0,0.0,1.0,0.0,3,4,3,0,0,0,1,2,1,1,0,1,5,1,1,11,5,3,1,0,0,1,1,0,5,2,5,3,9
2022.0,0.0,1.0,0.0,2,10,3,0,0,0,1,5,1,1,2,1,5,1,1,15,5,3,1,0,0,1,1,0,4,5,5,3,9
2022.0,-137.0,1.0,0.0,3,6,3,0,0,0,1,1,0,1,0,1,1,1,1,16,5,3,1,1,0,1,1,0,6,8,5,8,3
2022.0,85.0,0.0,0.0,3,2,4,0,0,0,1,9,0,1,1,1,9,1,1,18,5,3,1,1,0,2,1,0,6,7,5,6,3
2022.0,-15.0,1.0,0.0,2,5,0,0,0,0,2,9,1,1,3,0,5,1,1,21,5,3,1,0,0,3,2,0,10,5,5,7,5
2022.0,-100.0,1.0,0.0,3,6,3,0,0,0,0,2,1,1,0,1,2,1,1,12,6,3,1,0,0,0,1,0,10,8,5,8,3
2022.0,0.0,2.0,0.0,3,4,2,0,0,0,0,1,1,1,0,1,9,1,1,6,0,3,0,0,0,2,0,0,10,4,5,3,9
2022.0,0.0,1.0,0.0,3,4,3,0,0,0,0,5,1,1,0,0,2,1,1,7,0,3,0,1,0,2,1,0,4,2,5,3,9
2022.0,-210.0,0.0,0.0,3,2,3,0,0,0,1,5,1,1,0,0,2,1,1,8,0,3,0,1,0,0,1,0,6,2,5,3,9
2022.0,85.0,0.0,0.0,3,10,3,0,0,0,0,9,1,1,0,1,9,1,1,13,0,3,0,0,0,1,1,0,10,7,5,2,3
2022.0,-200.0,0.0,0.0,3,6,3,0,0,0,2,9,1,1,0,0,9,1,1,13,0,3,0,0,0,3,2,0,10,5,5,5,5
2022.0,0.0,0.0,0.0,3,5,3,0,0,0,2,5,1,1,0,1,2,1,1,15,0,3,0,0,0,3,2,0,5,5,5,0,9
2022.0,0.0,0.0,0.0,3,2,5,4,0,0,1,5,1,0,0,1,9,1,1,15,0,3,0,0,0,1,1,0,5,2,5,3,3
2022.0,500.0,0.0,0.0,3,2,3,0,0,0,2,5,1,1,0,0,9,1,1,16,0,3,0,1,0,3,1,0,6,7,5,8,3
2022.0,541.0,2.0,0.0,3,6,3,0,0,0,1,1,1,1,0,1,1,1,1,16,0,3,0,1,0,1,1,0,6,8,5,9,3
2022.0,0.0,2.0,0.0,2,5,2,0,0,2,1,1,1,1,0,1,5,1,1,18,0,3,0,1,0,2,1,0,6,5,5,9,3
2022.0,-25.0,1.0,0.0,3,6,0,0,0,0,1,2,0,1,0,1,2,1,1,21,0,3,0,0,0,1,2,0,10,7,5,3,3
2022.0,-35.0,0.0,0.0,3,6,0,0,0,0,1,2,0,1,0,0,2,1,1,22,0,3,0,0,0,1,2,0,10,7,5,8,3
2022.0,38.0,0.0,0.0,3,6,3,0,0,0,1,1,1,1,0,1,1,1,1,7,1,3,0,1,0,1,1,0,3,7,5,8,9
2022.0,0.0,1.0,0.0,2,5,3,0,0,0,2,3,1,1,2,0,2,1,1,8,1,3,0,1,0,3,2,0,4,2,5,3,9
2022.0,-52.0,1.0,0.0,3,2,3,0,0,0,0,5,1,1,0,1,9,1,1,8,1,3,0,1,0,2,2,0,10,2,5,3,9
2022.0,0.0,0.0,0.0,3,10,3,0,0,0,1,5,1,1,0,1,5,1,1,9,1,3,0,1,0,1,0,0,3,5,5,9,9
2022.0,-100.0,0.0,0.0,3,6,3,0,0,0,1,2,1,1,0,1,2,1,1,16,1,3,0,1,0,1,1,0,10,7,5,8,2
2022.0,890.0,2.0,0.0,2,6,3,0,0,0,1,2,1,1,0,0,2,1,1,17,1,3,0,1,0,2,1,0,6,7,5,8,3
2022.0,0.0,1.0,0.0,2,5,3,0,0,0,2,9,1,1,2,1,9,1,1,18,1,3,0,1,0,3,0,0,5,7,5,3,3
2022.0,0.0,0.0,0.0,3,4,3,0,0,0,1,6,1,1,0,1,9,1,1,18,1,3,0,1,0,2,1,0,5,2,5,3,9
2022.0,0.0,1.0,0.0,3,6,1,0,0,0,0,2,1,1,0,1,2,0,0,3,2,3,0,0,0,2,2,0,6,7,5,8,3
2022.0,0.0,2.0,0.0,2,4,0,0,0,0,0,5,1,1,0,1,9,1,1,4,2,3,0,0,0,1,1,0,4,2,5,9,3
2022.0,0.0,2.0,0.0,2,4,3,0,0,0,0,1,1,1,0,1,9,1,1,7,2,3,0,1,0,1,1,0,4,2,5,3,9
2022.0,0.0,0.0,0.0,3,2,3,0,0,0,0,2,1,1,0,0,1,1,1,8,2,3,0,1,0,1,1,0,4,2,5,9,3
2022.0,28.0,0.0,0.0,3,9,3,0,0,0,1,5,1,1,0,1,9,1,1,10,2,3,0,0,0,1,2,0,10,9,5,8,9
2022.0,340.0,0.0,0.0,3,2,3,0,0,0,1,9,1,1,0,0,5,1,1,10,2,3,0,0,0,1,1,0,6,2,5,8,9
2022.0,350.0,1.0,0.0,3,4,3,0,0,0,0,5,1,1,0,0,5,1,1,11,2,3,0,0,0,2,0,0,6,4,5,3,9
2022.0,0.0,4.0,0.0,2,4,3,0,0,0,1,9,1,1,0,1,1,1,1,14,2,3,0,0,0,2,1,0,4,2,5,3,9
2022.0,483.0,1.0,0.0,3,6,3,0,0,0,2,2,1,1,0,0,2,1,1,15,2,3,0,0,0,3,1,0,6,7,5,8,5
2022.0,0.0,2.0,0.0,2,2,3,0,0,0,0,2,1,1,0,1,9,1,1,15,2,3,0,0,0,1,1,0,4,2,5,3,3
2022.0,0.0,0.0,0.0,3,2,3,0,0,0,0,5,1,1,0,1,9,1,1,15,2,3,0,0,0,1,1,0,4,2,5,3,9
2022.0,0.0,0.0,0.0,3,2,3,0,0,0,1,2,1,1,0,0,1,1,1,16,2,3,0,1,0,1,2,0,4,2,5,3,9
2022.0,0.0,1.0,0.0,2,4,5,4,0,0,1,2,1,1,0,1,9,1,1,19,2,3,0,1,0,2,1,0,4,2,5,9,3
2022.0,0.0,0.0,0.0,3,2,2,0,0,0,0,2,1,1,0,1,2,1,1,19,2,3,0,1,0,1,2,0,5,2,5,9,9
2022.0,0.0,3.0,0.0,3,4,0,0,0,0,1,2,1,1,0,1,5,1,1,19,2,3,0,1,0,2,1,0,4,2,5,3,9
2022.0,465.0,1.0,0.0,1,5,3,0,0,2,0,2,1,1,0,1,1,1,1,8,3,3,0,1,0,2,1,0,6,2,5,3,7
2022.0,60.0,0.0,0.0,3,6,3,0,0,0,0,5,1,1,0,1,5,1,1,13,3,3,0,0,0,1,1,0,10,8,5,8,3
2022.0,65.0,1.0,0.0,3,6,3,0,0,0,1,5,1,1,0,1,5,1,1,17,3,3,0,1,0,1,1,0,6,7,5,8,3
2022.0,100.0,0.0,0.0,3,6,3,0,0,0,1,9,1,1,0,0,9,1,1,17,3,3,0,1,0,2,1,0,10,7,7,3,3
2022.0,0.0,1.0,0.0,2,5,2,0,0,2,0,1,1,1,0,1,2,1,1,6,4,3,0,0,0,2,1,0,10,2,5,3,7
2022.0,270.0,0.0,0.0,3,6,3,0,0,0,0,1,1,1,0,0,1,1,1,8,4,3,0,1,0,2,1,0,10,7,5,8,3
2022.0,10.0,1.0,0.0,3,9,3,0,0,0,0,5,1,1,0,1,1,1,1,10,4,3,0,0,0,0,0,0,6,2,5,3,9
2022.0,0.0,1.0,0.0,2,2,3,0,0,0,1,2,1,1,0,0,1,1,1,10,4,3,0,0,0,1,1,0,5,2,5,3,9
2022.0,-100.0,1.0,0.0,2,5,3,0,0,2,1,1,1,1,0,0,5,1,1,10,4,3,0,0,0,1,0,0,0,5,5,9,3
2022.0,-300.0,1.0,0.0,2,2,3,0,0,0,1,1,1,1,0,1,2,1,1,10,4,3,0,0,0,0,1,0,6,9,5,3,2
2022.0,0.0,0.0,0.0,3,4,3,0,0,0,2,8,1,1,0,1,3,1,1,11,4,3,0,0,0,3,1,0,10,5,5,5,5
2022.0,-50.0,1.0,0.0,2,6,3,0,0,0,1,1,0,1,0,0,1,1,1,11,4,3,0,0,0,1,0,0,10,7,5,8,3
2022.0,0.0,0.0,0.0,3,4,3,0,0,0,0,1,1,1,0,0,5,1,1,16,4,3,0,1,0,2,2,0,4,5,5,9,3
2022.0,324.0,0.0,0.0,3,4,3,1,0,0,0,1,1,1,0,1,9,1,1,17,4,3,0,1,0,2,2,0,0,2,5,3,9
2022.0,0.0,1.0,0.0,2,11,4,0,0,0,1,2,1,1,0,0,2,1,1,18,4,3,0,1,0,1,1,0,4,9,5,3,9
2022.0,-200.0,0.0,0.0,3,5,3,0,0,0,2,1,1,1,0,0,1,1,1,19,4,3,0,1,0,3,1,0,10,5,5,3,3
2022.0,0.0,1.0,0.0,2,4,0,0,0,0,1,2,0,0,0,1,1,1,1,20,4,3,0,0,0,1,1,0,5,2,5,3,9
2022.0,0.0,0.0,0.0,3,10,0,0,0,0,0,1,1,1,0,1,1,1,1,21,4,3,0,0,0,2,1,0,6,9,5,3,3
2022.0,0.0,0.0,0.0,3,4,0,0,0,0,1,5,1,1,0,1,2,1,1,23,4,3,0,0,0,2,1,0,4,5,5,3,9
2022.0,250.0,1.0,0.0,3,10,0,0,0,0,1,5,1,1,0,1,5,1,1,0,5,3,1,0,0,3,2,0,6,1,5,3,3
2022.0,0.0,2.0,0.0,2,4,3,1,0,0,1,9,1,1,0,1,5,1,1,10,5,3,1,0,0,1,1,0,4,2,5,9,3
2022.0,190.0,1.0,0.0,3,10,3,0,0,0,0,9,1,1,0,1,9,1,1,12,5,3,1,0,0,1,1,0,10,9,5,3,2
2022.0,200.0,0.0,0.0,3,10,3,0,0,0,2,5,1,1,0,0,5,1,1,13,5,3,1,0,0,3,2,0,6,7,5,8,2
2022.0,-30.0,0.0,0.0,3,6,3,0,0,0,2,1,1,1,0,0,1,1,1,14,5,3,1,0,0,3,1,0,6,7,5,9,9
2022.0,0.0,0.0,0.0,3,4,3,0,0,0,1,5,1,1,0,0,1,1,1,16,5,3,1,1,0,2,2,0,5,2,5,3,9
2022.0,-200.0,0.0,0.0,3,6,0,0,0,0,2,2,1,1,0,1,2,1,1,18,5,3,1,1,0,3,1,0,10,5,5,8,5
2022.0,0.0,0.0,0.0,3,4,0,0,0,0,1,2,1,1,0,1,3,1,1,19,5,3,1,1,0,1,0,0,5,2,5,3,3
2022.0,0.0,2.0,0.0,2,4,0,0,0,0,1,5,1,1,0,1,2,1,1,20,5,3,1,0,0,2,2,0,4,5,5,9,3
2022.0,-75.0,0.0,0.0,3,2,0,0,0,0,1,5,1,0,0,0,1,1,1,3,6,3,1,0,0,2,2,0,10,7,5,3,9
2022.0,-200.0,0.0,0.0,3,6,3,0,0,0,2,2,1,1,0,1,2,1,1,9,6,3,1,1,0,3,0,0,10,7,5,3,3
2022.0,0.0,2.0,0.0,2,4,3,0,0,0,1,1,1,1,0,0,4,1,1,16,6,3,1,1,0,2,0,0,4,2,5,9,3
2022.0,-40.0,1.0,0.0,3,6,3,0,0,0,2,1,1,1,0,0,1,1,1,16,6,3,1,1,0,3,1,0,10,7,5,8,3
2022.0,0.0,1.0,0.0,2,2,3,0,0,0,0,2,1,1,0,1,9,1,1,17,6,3,1,1,0,0,1,0,5,2,5,3,3
2022.0,20.0,0.0,0.0,3,6,0,0,0,0,0,9,1,1,0,0,9,1,1,0,0,3,0,0,0,2,2,0,10,7,5,3,3
2022.0,233.0,2.0,0.0,2,2,3,1,0,0,0,9,1,1,0,1,2,1,1,8,0,3,0,1,0,1,1,0,6,2,5,3,9
2022.0,-530.0,0.0,0.0,3,6,3,1,0,0,0,1,1,1,0,1,1,1,1,13,0,3,0,0,0,2,2,0,10,7,5,8,8
2022.0,90.0,1.0,0.0,2,4,3,0,0,0,0,4,1,1,2,1,2,1,1,13,0,3,0,0,0,2,0,0,10,2,5,7,9