Year,Distance,Totalinjuries,Totalfatalities,Injuryseverity,Collisionmanner,Lightcondition,Weather,SurfaceCondition,Unittype_One,Gender_Drv1,Traveldirection_One,AlcoholUse_Drv1,DrugUse_Drv1,Unittype_Two,Gender_Drv2,Traveldirection_Two,AlcoholUse_Drv2,DrugUse_Drv2,Hour,Weekday,Month,Weekend,Rush_Hour,Hazardous_Road,Age_Group_Drv1,Age_Group_Drv2,Substance_Use,Junction_Category,Violation_Category_Drv1,Violation_Category_Drv2,Unitaction_Category_Two,Unitaction_Category_One
2022.0,70.0,0.0,0.0,3,10,3,2,0,0,2,9,1,1,0,1,9,1,1,15,0,3,0,0,0,3,0,0,10,5,5,8,9
2022.0,0.0,0.0,0.0,3,4,3,0,0,0,0,2,1,1,0,1,9,1,1,7,1,3,0,1,0,2,1,0,4,2,5,3,9
2022.0,97.0,0.0,0.0,3,6,3,3,4,0,1,5,1,1,0,0,5,1,1,8,1,3,0,1,1,1,2,0,10,8,5,8,3
2022.0,650.0,0.0,0.0,3,10,3,3,4,0,0,1,1,1,0,1,1,1,1,11,1,3,0,0,1,1,2,0,6,5,5,3,2
2022.0,-78.0,0.0,0.0,3,10,3,1,0,0,1,1,1,1,0,1,1,1,1,13,1,3,0,0,0,0,1,0,10,5,5,3,9
2022.0,0.0,0.0,0.0,3,2,3,0,0,0,1,2,1,1,0,1,1,1,1,14,1,3,0,0,0,2,1,0,4,2,5,3,3
2022.0,287.0,1.0,0.0,2,5,3,1,0,2,1,9,1,1,0,0,2,1,1,14,1,3,0,0,0,2,2,0,0,5,5,9,3
2022.0,-669.0,0.0,0.0,3,6,0,0,0,0,2,2,1,1,0,1,2,1,1,21,1,3,0,0,0,3,1,0,6,8,5,8,3
2022.0,27.0,0.0,0.0,3,6,0,0,0,0,0,9,1,1,0,1,9,1,1,21,1,3,0,0,0,1,2,0,10,8,5,3,3
2022.0,0.0,1.0,0.0,2,5,3,0,0,0,1,2,1,1,3,0,2,1,1,10,2,3,0,0,0,1,2,0,5,2,5,7,9
2022.0,-200.0,0.0,0.0,3,6,5,4,0,0,2,5,1,1,0,1,5,1,1,17,2,3,0,1,0,3,1,0,10,5,5,3,3
2022.0,0.0,0.0,0.0,3,4,3,0,0,0,2,2,1,1,0,0,2,1,1,18,2,3,0,1,0,3,1,0,4,2,5,9,9
2022.0,500.0,0.0,0.0,3,10,0,0,0,0,1,5,1,1,0,1,5,1,1,21,2,3,0,0,0,1,1,0,6,2,5,3,2
2022.0,-65.0,0.0,0.0,3,10,3,0,0,0,0,1,1,1,0,1,5,1,1,13,3,3,0,0,0,1,1,0,5,2,5,3,9
2022.0,0.0,1.0,0.0,2,4,0,0,0,0,0,2,1,1,0,1,5,1,1,18,3,3,0,1,0,1,2,0,4,2,5,3,9
2022.0,0.0,3.0,0.0,2,4,0,0,0,0,1,2,1,1,0,1,5,1,1,19,3,3,0,1,0,1,1,0,5,2,5,3,9
2022.0,-135.0,0.0,0.0,3,6,0,0,0,0,2,2,1,1,0,1,2,1,1,20,3,3,0,0,0,3,1,0,10,7,5,8,3
2022.0,-250.0,1.0,0.0,2,5,3,0,0,0,2,5,1,1,0,1,2,1,1,7,4,4,0,1,0,3,1,0,6,5,5,8,1
2022.0,-243.0,0.0,0.0,3,10,3,0,0,0,0,2,1,1,0,1,2,1,1,15,4,4,0,0,0,2,0,0,6,9,5,3,6
2022.0,32.0,0.0,0.0,3,10,3,0,0,0,1,2,1,1,0,1,2,1,1,16,4,4,0,1,0,2,1,0,10,7,5,3,3
2022.0,92.0,0.0,0.0,3,10,3,0,0,0,1,9,1,1,0,0,9,1,1,16,4,4,0,1,0,2,1,0,10,9,5,3,2
2022.0,992.0,1.0,0.0,2,6,3,0,0,0,1,1,1,1,0,0,1,1,1,16,4,4,0,1,0,2,1,0,6,7,5,8,3
2022.0,-650.0,1.0,0.0,2,4,3,0,0,0,1,2,1,1,0,1,5,1,1,17,4,4,0,1,0,1,2,0,0,2,7,3,9
2022.0,0.0,0.0,0.0,3,6,5,4,0,0,2,2,1,1,0,0,2,1,1,17,4,4,0,1,0,3,1,0,10,5,5,3,3
2022.0,0.0,2.0,0.0,2,2,3,0,0,0,1,2,1,1,0,0,9,1,1,17,4,4,0,1,0,1,1,0,4,2,5,3,3
2022.0,0.0,0.0,0.0,3,5,5,4,0,0,2,9,1,1,0,1,9,1,1,18,4,4,0,1,0,3,2,0,10,5,5,3,3
2022.0,-50.0,1.0,0.0,3,6,0,0,0,0,1,1,1,1,0,1,4,1,1,18,4,4,0,1,0,1,1,0,4,7,5,9,3
2022.0,-272.0,0.0,0.0,3,6,0,0,0,0,0,2,1,1,0,0,2,1,1,19,4,4,0,1,0,2,2,0,6,7,5,8,3
2022.0,0.0,0.0,0.0,3,12,5,4,0,0,2,5,1,1,0,1,5,1,1,22,4,4,0,0,0,3,2,0,10,5,5,3,3
2022.0,0.0,1.0,0.0,2,5,0,0,0,0,1,2,1,1,0,1,5,1,1,0,5,4,1,0,0,1,0,0,6,5,5,3,9
2022.0,0.0,2.0,0.0,3,2,3,0,0,0,1,9,1,1,0,1,5,1,1,12,5,4,1,0,0,0,1,0,5,2,5,3,3
2022.0,375.0,0.0,0.0,3,2,5,4,3,0,2,5,1,1,0,0,9,1,1,17,5,4,1,1,0,3,1,0,6,2,5,3,5
2022.0,0.0,1.0,0.0,2,4,0,0,0,0,1,1,1,1,0,1,9,1,1,20,5,4,1,0,0,2,2,0,4,2,5,3,9
2022.0,0.0,0.0,0.0,3,5,5,4,0,0,2,8,1,1,0,1,8,1,1,21,5,4,1,0,0,3,2,0,10,5,5,3,3
2022.0,75.0,1.0,0.0,3,6,0,0,0,0,0,5,0,1,0,1,5,1,1,23,5,4,1,0,0,1,2,0,5,7,5,8,3
2022.0,0.0,0.0,0.0,3,2,0,0,0,0,0,9,1,1,0,1,2,0,1,1,6,4,1,0,0,1,2,0,4,2,5,3,5
2022.0,0.0,1.0,0.0,3,4,0,0,0,0,1,1,0,1,0,0,9,0,1,2,6,4,1,0,0,1,2,0,5,2,5,3,9
2022.0,-6.0,1.0,0.0,2,5,0,0,0,0,1,9,1,1,3,1,5,1,1,20,6,4,1,0,0,1,1,0,10,5,5,7,9
2022.0,-324.0,0.0,0.0,3,10,3,0,0,0,1,5,1,1,0,0,5,1,1,7,0,4,0,1,0,0,1,0,6,9,5,3,2
2022.0,-25.0,1.0,0.0,2,5,3,0,0,0,2,1,1,1,2,1,1,1,1,8,0,4,0,1,0,3,2,0,10,5,5,5,5
2022.0,150.0,0.0,0.0,3,10,3,0,0,0,1,5,1,1,0,0,5,1,1,12,0,4,0,0,0,1,0,0,10,5,5,8,3
2022.0,-876.0,0.0,0.0,3,10,3,0,0,0,1,5,1,1,0,1,5,1,1,13,0,4,0,0,0,1,1,0,6,2,5,3,9
2022.0,-350.0,0.0,0.0,3,10,3,0,0,0,1,6,1,1,0,1,6,1,1,14,0,4,0,0,0,2,2,0,6,5,5,3,6
2022.0,-50.0,0.0,0.0,3,12,3,0,0,0,1,5,1,1,0,1,5,1,1,14,0,4,0,0,0,1,1,0,6,5,5,3,1
2022.0,-16.0,1.0,0.0,2,4,3,0,0,0,1,2,1,1,0,1,1,1,1,16,0,4,0,1,0,2,2,0,0,2,5,3,9
2022.0,-125.0,2.0,0.0,3,6,3,0,0,0,0,2,1,1,0,1,2,1,1,18,0,4,0,1,0,2,2,0,6,7,5,8,3
2022.0,0.0,0.0,0.0,3,2,0,0,0,0,1,5,1,1,0,1,9,1,1,20,0,4,0,0,0,2,1,0,10,5,5,3,3
2022.0,-35.0,0.0,0.0,3,6,0,0,0,0,0,1,1,1,0,1,1,1,1,2,1,4,0,0,0,1,2,0,10,2,5,8,3
2022.0,0.0,0.0,0.0,3,10,3,0,0,0,0,5,1,1,0,0,5,1,1,10,1,4,0,0,0,1,2,0,10,9,5,3,2
2022.0,956.0,0.0,0.0,3,10,3,0,0,0,1,2,1,1,0,0,2,1,1,15,1,4,0,0,0,2,2,0,6,5,5,3,9
2022.0,138.0,1.0,0.0,3,2,3,0,0,0,1,1,1,1,0,1,2,1,1,17,1,4,0,1,0,1,1,0,0,5,5,3,8
2022.0,78.0,1.0,0.0,1,5,0,0,0,3,1,2,1,1,0,1,9,1,1,22,1,4,0,0,0,1,2,0,6,6,5,3,7
2022.0,0.0,0.0,0.0,3,6,3,0,0,0,1,9,1,1,0,1,9,1,1,9,2,4,0,1,0,1,1,0,3,5,5,8,9
2022.0,0.0,1.0,0.0,3,4,3,0,0,0,0,1,1,1,0,0,5,1,1,10,2,4,0,0,0,1,1,0,4,2,5,9,3
2022.0,0.0,0.0,0.0,3,2,3,0,0,0,0,5,1,1,0,1,9,1,1,13,2,4,0,0,0,2,1,0,5,2,5,3,9
2022.0,0.0,2.0,0.0,3,2,3,0,0,0,1,1,1,1,0,0,2,1,1,14,2,4,0,0,0,1,1,0,4,2,5,9,3
2022.0,0.0,0.0,0.0,3,6,3,0,0,0,1,2,1,1,0,0,2,1,1,15,2,4,0,0,0,1,1,0,6,9,5,8,3
2022.0,-600.0,0.0,0.0,3,10,3,0,0,0,0,9,1,1,0,1,9,1,1,16,2,4,0,1,0,2,2,0,6,9,5,3,9
2022.0,0.0,3.0,0.0,2,4,3,0,0,0,1,5,1,1,0,1,2,1,1,16,2,4,0,1,0,2,1,0,4,2,5,3,9
2022.0,0.0,1.0,0.0,3,10,3,0,0,0,1,1,1,1,0,0,1,1,1,17,2,4,0,1,0,1,1,0,10,9,5,3,2
2022.0,20.0,0.0,0.0,3,6,3,0,0,0,1,1,1,1,0,0,1,1,1,18,2,4,0,1,0,1,2,0,10,8,5,8,8
2022.0,98.0,0.0,0.0,3,10,3,0,0,0,1,1,1,1,0,0,1,1,1,6,3,4,0,0,0,2,1,0,6,8,5,8,3
2022.0,180.0,0.0,0.0,3,10,3,0,0,0,1,2,1,1,0,0,2,1,1,11,3,4,0,0,0,0,1,0,6,9,5,3,2
2022.0,-252.0,0.0,0.0,3,2,3,0,0,0,0,9,1,1,0,0,2,1,1,14,3,4,0,0,0,1,1,0,0,2,5,3,3
2022.0,-113.0,0.0,0.0,3,6,3,0,0,0,0,9,1,1,0,0,9,1,1,14,3,4,0,0,0,1,2,0,0,8,5,9,3
2022.0,350.0,1.0,0.0,3,2,3,0,0,3,1,2,1,1,0,1,1,1,1,14,3,4,0,0,0,2,0,0,6,5,5,3,7
2022.0,0.0,0.0,0.0,3,2,3,0,0,0,1,5,1,1,0,1,9,1,1,14,3,4,0,0,0,1,1,0,4,5,5,3,3
2022.0,35.0,0.0,0.0,3,6,3,0,0,0,1,5,1,1,0,1,5,1,1,14,3,4,0,0,0,1,1,0,10,7,5,8,3
2022.0,0.0,0.0,0.0,3,4,3,0,0,0,1,1,1,1,0,1,9,1,1,15,3,4,0,0,0,2,1,0,5,5,5,3,9
2022.0,-100.0,1.0,0.0,2,6,3,0,0,0,1,1,1,1,0,1,1,1,1,16,3,4,0,1,0,2,1,0,6,7,5,3,3
2022.0,70.0,0.0,0.0,3,2,3,0,0,0,1,2,1,1,0,0,1,0,1,18,3,4,0,1,0,1,1,0,10,2,5,3,9
2022.0,50.0,0.0,0.0,3,10,3,0,0,0,1,9,1,1,0,1,9,1,1,18,3,4,0,1,0,2,0,0,6,5,5,3,3
2022.0,37.0,2.0,0.0,3,6,3,0,0,0,1,2,1,1,0,1,2,1,1,5,4,4,0,0,0,3,1,0,10,7,5,8,3
2022.0,392.0,1.0,0.0,2,4,3,0,0,0,1,2,1,1,0,0,9,1,1,7,4,4,0,1,0,1,2,0,0,2,5,3,9
2022.0,-450.0,0.0,0.0,3,2,3,0,0,0,0,9,1,1,0,1,5,1,1,11,4,4,0,0,0,0,1,0,0,2,5,3,3
2022.0,0.0,1.0,0.0,2,2,3,0,0,0,1,9,1,1,0,1,9,1,1,12,4,4,0,0,0,1,1,0,5,4,5,3,9
2022.0,0.0,0.0,0.0,3,10,3,0,0,0,0,1,1,1,0,1,1,1,1,13,4,4,0,0,0,2,1,0,3,7,5,9,9
2022.0,40.0,0.0,0.0,3,6,3,0,0,0,2,5,1,1,0,1,5,1,1,18,4,4,0,1,0,3,1,0,4,5,5,8,5
2022.0,39.0,0.0,0.0,3,10,0,0,0,0,1,1,1,1,0,0,1,1,1,19,4,4,0,1,0,1,0,0,6,2,5,8,3
2022.0,0.0,0.0,0.0,3,6,1,0,0,0,1,2,1,1,0,1,2,1,1,20,4,4,0,0,0,1,1,0,3,7,5,8,3
2022.0,0.0,3.0,0.0,3,2,3,0,0,0,2,2,1,1,0,1,9,1,1,11,5,4,1,0,0,3,1,0,4,2,5,3,3
2022.0,488.0,0.0,0.0,3,4,3,0,0,0,0,5,1,1,0,0,1,1,1,11,5,4,1,0,0,1,2,0,0,2,5,3,9
2022.0,0.0,0.0,0.0,3,6,3,0,0,0,1,9,1,1,0,1,9,1,1,12,5,4,1,0,0,2,2,0,4,8,5,8,3
2022.0,90.0,0.0,0.0,3,4,3,0,0,0,1,4,1,1,0,1,1,1,1,13,5,4,1,0,0,0,1,0,6,2,5,3,9
2022.0,110.0,1.0,0.0,3,6,3,0,0,0,0,9,1,1,0,0,9,1,1,16,5,4,1,1,0,2,1,0,6,7,5,8,3
2022.0,-185.0,1.0,0.0,2,2,3,0,0,2,1,1,1,1,0,0,5,1,1,17,5,4,1,1,0,1,1,0,0,5,5,9,3
2022.0,30.0,1.0,0.0,3,5,3,0,0,3,1,2,1,1,0,1,1,1,1,18,5,4,1,1,0,1,1,0,10,6,5,3,7
2022.0,80.0,0.0,0.0,3,6,4,0,0,0,1,5,1,1,0,1,5,1,1,19,5,4,1,1,0,1,1,0,10,7,5,8,3
2022.0,0.0,3.0,0.0,2,2,0,0,0,0,1,1,0,1,0,1,5,0,1,22,5,4,1,0,0,3,1,0,5,2,5,3,3
2022.0,0.0,2.0,0.0,3,4,0,0,0,0,1,1,1,1,0,1,9,1,1,23,5,4,1,0,0,1,1,0,4,2,5,3,9
2022.0,-113.0,1.0,0.0,3,2,3,0,0,0,1,9,1,1,0,1,2,1,1,15,6,4,1,0,0,2,2,0,0,2,5,3,9
2022.0,0.0,1.0,0.0,3,4,2,0,0,0,0,9,1,1,0,1,1,1,1,6,0,4,0,0,0,2,1,0,5,2,5,3,9
2022.0,0.0,0.0,0.0,3,6,3,0,0,0,0,9,1,1,0,1,9,1,1,13,0,4,0,0,0,1,1,0,6,8,5,8,3
2022.0,764.0,0.0,0.0,3,6,3,0,0,0,0,2,1,1,0,0,1,1,1,15,0,4,0,0,0,2,1,0,0,2,5,3,9
2022.0,134.0,3.0,0.0,2,6,3,0,0,0,1,1,1,1,0,0,1,1,1,17,0,4,0,1,0,1,1,0,6,8,5,8,3
2022.0,10.0,0.0,0.0,3,9,0,0,0,0,2,2,1,1,0,0,5,1,1,0,1,4,0,0,0,3,2,0,10,4,5,8,9
2022.0,0.0,4.0,0.0,2,4,3,0,0,0,1,9,1,1,0,1,1,1,1,10,1,4,0,0,0,1,0,0,4,2,5,3,9
2022.0,0.0,1.0,0.0,3,2,3,0,0,0,0,1,1,1,0,0,5,1,1,10,1,4,0,0,0,1,1,0,10,5,5,3,9
2022.0,-80.0,1.0,0.0,3,2,3,0,0,0,0,5,1,1,0,1,9,1,1,10,1,4,0,0,0,2,0,0,10,4,5,3,9
2022.0,-290.0,3.0,0.0,3,6,3,0,0,0,1,1,1,1,0,1,1,1,1,12,1,4,0,0,0,2,2,0,10,7,5,8,3
2022.0,0.0,2.0,0.0,2,4,3,0,0,0,0,9,1,1,0,1,1,1,1,15,1,4,0,0,0,1,1,0,4,2,5,3,9
2022.0,138.0,1.0,0.0,2,6,3,0,0,0,0,9,1,1,0,1,9,1,1,15,1,4,0,0,0,2,1,0,6,7,5,8,3
2022.0,0.0,3.0,0.0,2,4,3,0,0,0,0,1,1,1,0,0,9,1,1,16,1,4,0,1,0,1,1,0,5,5,5,3,9
2022.0,-67.0,1.0,0.0,3,6,3,0,0,0,0,2,1,1,0,0,2,1,1,17,1,4,0,1,0,0,1,0,10,7,5,8,3
2022.0,100.0,2.0,0.0,3,6,0,0,0,0,0,9,1,1,0,1,9,1,1,21,1,4,0,0,0,1,1,0,10,7,5,8,3
2022.0,-66.0,0.0,0.0,3,10,3,0,0,0,1,1,1,1,0,1,1,1,1,8,2,4,0,1,0,0,2,0,10,9,5,8,9
2022.0,-386.0,1.0,0.0,3,4,3,0,0,0,0,1,1,1,0,0,9,1,1,14,2,4,0,0,0,0,1,0,0,2,5,3,9
2022.0,0.0,0.0,0.0,3,2,3,0,0,0,2,2,1,1,0,0,2,1,1,14,2,4,0,0,0,3,1,0,6,9,5,3,2
2022.0,0.0,2.0,0.0,3,4,3,0,0,0,1,1,1,1,0,1,9,1,1,15,2,4,0,0,0,2,1,0,4,2,5,3,9
2022.0,-500.0,4.0,0.0,3,3,3,0,0,0,0,1,1,1,0,1,1,1,1,17,2,4,0,1,0,1,1,0,6,2,5,3,9
2022.0,0.0,0.0,0.0,3,2,0,0,0,0,0,5,1,1,0,1,1,1,1,0,3,4,0,0,0,1,1,0,4,2,5,3,3
2022.0,0.0,0.0,0.0,3,2,3,0,0,0,1,9,1,1,0,1,5,1,1,8,3,4,0,1,0,2,2,0,4,2,5,3,3
2022.0,-65.0,0.0,0.0,3,10,3,0,0,0,0,2,1,1,0,1,2,1,1,10,3,4,0,0,0,1,1,0,10,5,5,3,3
2022.0,552.0,1.0,0.0,3,4,3,0,0,0,1,5,1,1,0,0,9,1,1,11,3,4,0,0,0,2,2,0,0,2,5,3,9
2022.0,0.0,0.0,0.0,3,2,3,0,0,0,0,9,1,1,0,1,5,1,1,12,3,4,0,0,0,1,1,0,4,2,5,9,3
2022.0,45.0,0.0,0.0,3,10,3,0,0,0,1,5,1,1,0,1,5,1,1,13,3,4,0,0,0,1,1,0,10,8,5,8,3
2022.0,372.0,0.0,0.0,3,10,3,0,0,0,1,5,1,1,0,0,5,1,1,14,3,4,0,0,0,1,1,0,3,9,5,3,2
2022.0,42.0,0.0,0.0,3,10,3,0,0,0,1,5,1,1,0,1,5,1,1,15,3,4,0,0,0,0,2,0,10,4,5,9,9
2022.0,0.0,0.0,0.0,3,5,3,0,0,0,2,2,1,1,0,0,2,1,1,15,3,4,0,0,0,3,1,0,5,5,5,5,5
2022.0,-159.0,0.0,0.0,3,10,3,0,0,0,0,9,1,1,0,1,9,1,1,15,3,4,0,0,0,1,1,0,6,9,5,3,2
2022.0,145.0,1.0,0.0,3,6,3,0,0,0,1,1,1,1,0,0,1,1,1,16,3,4,0,1,0,2,1,0,10,7,5,8,3
2022.0,-247.0,2.0,0.0,3,2,3,0,0,0,0,5,1,1,0,0,9,1,1,17,3,4,0,1,0,1,1,0,0,2,5,3,9
2022.0,0.0,0.0,0.0,3,6,0,0,0,0,1,9,1,1,0,0,9,1,1,20,3,4,0,0,0,1,1,0,3,7,5,8,9
2022.0,-400.0,1.0,0.0,3,4,2,0,0,0,1,4,1,1,0,0,9,1,1,5,4,4,0,0,0,1,0,0,6,4,5,3,9
2022.0,-135.0,2.0,0.0,3,4,3,0,0,0,1,2,1,1,0,0,1,1,1,6,4,4,0,0,0,1,1,0,0,2,5,3,9
2022.0,0.0,1.0,0.0,3,2,3,0,0,0,1,9,1,1,0,1,2,1,1,8,4,4,0,1,0,2,1,0,4,2,5,3,9
2022.0,0.0,0.0,0.0,3,4,3,0,0,0,0,9,1,1,0,1,5,1,1,11,4,4,0,0,0,2,1,0,5,2,5,3,9
2022.0,-200.0,0.0,0.0,3,10,3,0,0,0,2,1,1,1,0,1,1,1,1,13,4,4,0,0,0,3,1,0,0,7,5,8,3
2022.0,-486.0,2.0,0.0,2,2,3,0,0,0,0,2,1,1,0,0,1,1,1,13,4,4,0,0,0,1,1,0,0,2,5,3,9
2022.0,-25.0,1.0,0.0,2,6,3,0,0,0,0,1,1,1,0,0,1,1,1,13,4,4,0,0,0,2,1,0,6,7,5,3,8
2022.0,-150.0,0.0,0.0,3,6,3,0,0,0,0,2,1,1,0,0,2,1,1,13,4,4,0,0,0,2,1,0,10,5,5,8,2
2022.0,-122.0,0.0,0.0,3,6,3,0,0,0,0,1,1,1,0,0,1,1,1,14,4,4,0,0,0,1,1,0,10,7,5,8,3
2022.0,0.0,0.0,0.0,3,2,3,0,0,0,0,1,1,1,0,0,2,1,1,15,4,4,0,0,0,1,0,0,4,2,5,9,3
2022.0,290.0,0.0,0.0,3,6,3,0,0,0,2,5,1,1,0,0,5,1,1,17,4,4,0,1,0,3,2,0,10,8,5,8,3
2022.0,-353.0,0.0,0.0,3,4,3,0,0,0,0,1,1,1,0,1,5,1,1,17,4,4,0,1,0,1,0,0,6,2,5,3,9
2022.0,235.0,1.0,0.0,2,5,3,0,0,0,1,1,1,1,2,1,1,1,1,18,4,4,0,1,0,1,1,0,0,2,5,3,9
2022.0,-150.0,1.0,0.0,3,6,0,0,0,0,0,2,1,1,0,1,2,1,1,19,4,4,0,1,0,1,1,0,10,7,5,3,3
2022.0,-50.0,1.0,0.0,2,6,0,0,0,0,1,1,1,1,0,0,1,1,1,19,4,4,0,1,0,1,1,0,10,7,5,8,3
2022.0,0.0,0.0,0.0,3,4,0,0,0,0,1,1,0,1,0,1,9,1,1,2,5,4,1,0,0,1,1,0,4,2,5,9,3
2022.0,20.0,0.0,0.0,3,6,3,0,0,0,0,5,1,1,0,1,5,1,1,6,5,4,1,0,0,1,0,0,6,5,5,8,3
2022.0,-40.0,0.0,0.0,3,10,3,0,0,0,2,1,1,1,0,1,1,1,1,6,5,4,1,0,0,3,1,0,6,9,5,3,2
2022.0,-15.0,1.0,0.0,2,5,3,0,0,2,0,9,1,1,0,1,2,1,1,11,5,4,1,0,0,1,0,0,10,5,5,9,3
2022.0,43.0,0.0,0.0,3,2,3,0,0,0,1,1,1,1,0,1,9,1,1,13,5,4,1,0,0,1,1,0,10,5,5,9,9
2022.0,0.0,2.0,0.0,2,6,3,0,0,0,1,9,0,1,0,0,1,1,1,15,5,4,1,0,0,1,0,0,10,7,5,8,3
2022.0,65.0,0.0,0.0,3,6,4,0,0,0,1,2,1,1,0,0,2,1,1,18,5,4,1,1,0,1,1,0,10,7,5,9,9
2022.0,0.0,0.0,0.0,3,10,0,0,0,0,0,5,1,1,0,0,5,1,1,20,5,4,1,0,0,1,2,0,3,5,5,3,9
2022.0,225.0,1.0,0.0,2,2,0,0,0,0,0,5,1,1,0,0,9,1,1,22,5,4,1,0,0,2,2,0,6,2,5,3,9
2022.0,0.0,1.0,0.0,2,6,3,0,0,0,1,1,1,1,0,1,1,1,1,16,6,4,1,1,0,1,1,0,4,7,5,9,3
2022.0,0.0,2.0,0.0,3,2,3,0,0,0,0,4,1,1,0,1,9,1,1,17,6,4,1,1,0,2,1,0,4,4,5,3,9
2022.0,0.0,3.0,0.0,1,2,0,0,0,0,1,1,0,1,0,1,2,1,1,1,0,4,0,0,0,2,1,0,4,2,5,3,3
2022.0,0.0,1.0,0.0,3,6,3,0,0,0,1,2,1,1,0,0,2,1,1,6,0,4,0,0,0,1,1,0,6,7,5,8,3
2022.0,0.0,0.0,0.0,3,6,3,0,0,0,0,5,1,1,0,1,5,1,1,8,0,4,0,1,0,1,1,0,10,7,5,8,3
2022.0,-62.0,0.0,0.0,3,9,3,0,0,0,1,9,0,1,0,0,1,1,1,15,0,4,0,0,0,1,1,0,10,5,5,8,3
2022.0,0.0,0.0,0.0,3,2,3,0,0,0,0,1,1,1,0,0,5,1,1,17,0,4,0,1,0,1,1,0,4,2,5,3,9
2022.0,60.0,1.0,0.0,3,6,3,0,0,0,1,5,1,1,0,0,5,1,1,19,0,4,0,1,0,2,0,0,10,7,5,8,3
2022.0,445.0,0.0,0.0,3,4,0,0,0,0,0,2,1,1,0,1,9,1,1,21,0,4,0,0,0,2,1,0,0,2,5,3,9
2022.0,60.0,1.0,0.0,3,6,3,0,0,0,2,5,1,1,0,0,5,1,1,1,1,4,0,0,0,3,1,0,10,8,5,8,3
2022.0,20.0,0.0,0.0,3,6,0,4,3,0,2,5,1,1,0,1,5,1,1,1,1,4,0,0,0,3,2,0,10,5,5,8,5
2022.0,0.0,0.0,0.0,3,2,3,1,0,0,2,1,1,1,0,0,2,1,1,10,1,4,0,0,0,3,1,0,0,2,5,3,9
2022.0,52.0,2.0,0.0,3,2,3,0,0,0,0,5,1,1,1,1,1,1,1,14,1,4,0,0,0,1,1,0,10,7,5,6,9
2022.0,630.0,0.0,0.0,3,10,3,0,0,0,1,1,1,1,0,1,1,1,1,16,1,4,0,1,0,0,1,0,6,9,5,3,3
2022.0,536.0,1.0,0.0,3,4,3,0,0,0,0,2,1,1,0,0,5,1,1,17,1,4,0,1,0,1,1,0,6,2,5,3,9
2022.0,0.0,0.0,0.0,3,2,3,0,0,0,0,2,1,1,0,0,9,1,1,18,1,4,0,1,0,2,2,0,5,5,5,9,3
2022.0,-120.0,0.0,0.0,3,10,0,0,0,0,1,1,1,1,0,1,1,1,1,20,1,4,0,0,0,1,2,0,10,9,5,3,2
2022.0,210.0,0.0,0.0,3,2,3,0,0,0,0,2,1,1,0,0,2,1,1,6,2,4,0,0,0,1,0,0,6,4,5,3,9
2022.0,349.0,1.0,0.0,3,5,3,0,0,0,1,5,1,1,3,0,1,1,1,7,2,4,0,1,0,3,1,0,0,5,5,7,9
2022.0,-45.0,1.0,0.0,2,2,3,0,0,2,1,2,1,1,0,0,9,1,1,10,2,4,0,0,0,2,1,0,5,5,5,9,3
2022.0,0.0,0.0,0.0,3,6,3,0,0,0,1,5,1,1,0,0,5,1,1,11,2,4,0,0,0,1,1,0,10,7,5,8,3
2022.0,0.0,0.0,0.0,3,10,3,0,3,0,1,6,1,1,0,1,6,1,1,12,2,4,0,0,0,0,0,0,5,4,5,9,9
2022.0,0.0,2.0,0.0,2,4,3,0,0,0,1,1,1,1,0,1,9,1,1,12,2,4,0,0,0,2,2,0,4,2,5,3,9
2022.0,-71.0,1.0,0.0,3,6,3,0,0,0,1,1,1,1,0,0,1,1,1,14,2,4,0,0,0,2,1,0,10,8,5,8,3
2022.0,20.0,0.0,0.0,3,6,3,0,0,0,1,5,1,1,0,0,5,1,1,14,2,4,0,0,0,1,1,0,10,5,5,8,3
2022.0,0.0,0.0,0.0,3,10,3,0,0,0,1,5,1,1,0,1,5,1,1,15,2,4,0,0,0,1,1,0,5,4,5,9,9
2022.0,-176.0,1.0,0.0,3,10,3,0,0,0,1,5,1,1,0,1,5,1,1,15,2,4,0,0,0,0,2,0,6,9,5,3,2
2022.0,0.0,0.0,0.0,3,10,5,4,0,0,2,8,1,1,0,1,8,1,1,17,2,4,0,1,0,3,0,0,6,5,5,3,3
2022.0,-540.0,1.0,0.0,3,10,3,0,0,0,1,9,1,1,0,0,9,1,1,18,2,4,0,1,0,3,2,0,5,9,5,3,2
2022.0,0.0,2.0,0.0,2,4,3,0,0,0,1,1,1,1,0,0,9,1,1,6,3,4,0,0,0,1,1,0,4,2,5,9,3
2022.0,15.0,1.0,0.0,2,5,3,0,0,2,1,1,1,1,0,0,5,1,1,8,3,4,0,1,0,1,1,0,10,5,5,9,3
2022.0,0.0,0.0,0.0,3,6,3,0,3,0,1,2,1,1,0,1,2,1,1,10,3,4,0,0,0,1,1,0,10,8,5,8,5
2022.0,-254.0,2.0,0.0,3,6,3,0,0,0,0,9,1,1,0,1,9,1,1,12,3,4,0,0,0,1,1,0,0,8,5,8,3
2022.0,0.0,2.0,0.0,2,2,3,0,0,0,0,2,1,1,0,0,1,1,1,14,3,4,0,0,0,2,1,0,0,2,5,3,9
2022.0,-843.0,0.0,0.0,3,10,3,0,0,0,2,1,1,1,0,1,1,1,1,15,3,4,0,0,0,3,1,0,6,8,5,3,2
2022.0,60.0,0.0,0.0,3,10,3,0,0,0,2,9,1,1,0,0,9,1,1,15,3,4,0,0,0,3,1,0,10,7,5,8,3