Year,Distance,Totalinjuries,Totalfatalities,Injuryseverity,Collisionmanner,Lightcondition,Weather,SurfaceCondition,Unittype_One,Gender_Drv1,Traveldirection_One,AlcoholUse_Drv1,DrugUse_Drv1,Unittype_Two,Gender_Drv2,Traveldirection_Two,AlcoholUse_Drv2,DrugUse_Drv2,Hour,Weekday,Month,Weekend,Rush_Hour,Hazardous_Road,Age_Group_Drv1,Age_Group_Drv2,Substance_Use,Junction_Category,Violation_Category_Drv1,Violation_Category_Drv2,Unitaction_Category_Two,Unitaction_Category_One
2022.0,104.0,0.0,0.0,3,6,3,0,0,0,0,1,1,1,0,0,1,1,1,16,3,4,0,1,0,2,2,0,6,7,5,8,3
2022.0,45.0,0.0,0.0,3,9,3,0,0,0,1,5,1,1,0,0,1,1,1,17,3,4,0,1,0,2,1,0,6,2,5,3,9
2022.0,20.0,0.0,0.0,3,6,3,0,0,0,1,5,1,1,0,0,5,1,1,17,3,4,0,1,0,1,1,0,10,8,5,8,3
2022.0,-320.0,2.0,0.0,2,4,0,0,0,0,0,9,1,1,0,1,2,1,1,19,3,4,0,1,0,1,2,0,0,2,5,3,9
2022.0,0.0,1.0,0.0,3,4,0,1,0,0,0,1,1,1,0,1,5,1,1,22,3,4,0,0,0,2,2,0,5,2,5,3,9
2022.0,1.0,1.0,0.0,2,5,3,0,0,2,0,1,1,1,0,1,5,1,1,6,4,4,0,0,0,1,2,0,5,5,5,9,7
2022.0,-78.0,1.0,0.0,3,6,3,0,0,0,1,2,1,1,0,1,2,1,1,6,4,4,0,0,0,2,1,0,10,7,5,3,3
2022.0,300.0,1.0,0.0,2,10,3,0,0,0,2,1,1,1,0,0,1,1,1,7,4,4,0,1,0,3,2,0,6,5,5,3,3
2022.0,184.0,1.0,0.0,3,6,3,0,0,0,1,9,1,1,0,1,9,1,1,8,4,4,0,1,0,2,1,0,6,7,5,3,3
2022.0,0.0,2.0,0.0,3,4,3,0,0,0,1,9,1,1,0,1,1,1,1,9,4,4,0,1,0,0,1,0,4,2,5,3,9
2022.0,0.0,0.0,0.0,3,2,3,0,0,0,1,1,1,1,0,1,2,1,1,10,4,4,0,0,0,1,2,0,4,2,5,3,3
2022.0,0.0,2.0,0.0,2,6,3,0,0,0,1,9,1,1,0,0,9,1,1,13,4,4,0,0,0,1,1,0,5,7,5,8,3
2022.0,0.0,0.0,0.0,3,4,3,0,0,0,2,9,1,1,0,1,1,1,1,13,4,4,0,0,0,3,0,0,4,2,5,9,3
2022.0,0.0,0.0,0.0,3,10,3,0,0,0,2,9,1,1,0,1,9,1,1,14,4,4,0,0,0,3,2,0,4,9,5,3,2
2022.0,-1942.0,0.0,0.0,3,6,3,0,0,0,1,1,1,1,0,1,1,1,1,16,4,4,0,1,0,2,1,0,6,7,5,3,3
2022.0,-150.0,0.0,0.0,3,10,0,4,0,0,0,1,1,1,0,1,1,1,1,17,4,4,0,1,0,1,0,0,6,9,5,3,2
2022.0,0.0,3.0,0.0,2,2,0,0,0,0,0,1,1,1,0,0,2,1,1,19,4,4,0,1,0,1,1,0,4,2,5,3,3
2022.0,-44.0,0.0,0.0,3,2,0,0,0,0,1,2,1,1,0,1,2,1,1,21,4,4,0,0,0,1,1,0,10,4,5,8,9
2022.0,0.0,2.0,0.0,2,2,0,0,0,0,0,5,1,1,0,0,9,1,1,21,4,4,0,0,0,1,1,0,5,2,5,3,9
2022.0,-35.0,0.0,0.0,3,2,0,0,0,0,0,2,1,1,1,1,8,1,1,3,5,4,1,0,0,2,1,0,5,7,5,8,3
2022.0,0.0,0.0,0.0,3,2,2,0,0,0,1,9,0,1,0,0,5,1,1,4,5,4,1,0,0,2,0,0,5,2,5,3,9
2022.0,25.0,0.0,0.0,3,9,3,0,0,0,1,2,1,1,0,1,9,1,1,9,5,4,1,1,0,1,1,0,10,4,5,3,9
2022.0,32.0,0.0,0.0,3,6,3,0,0,0,1,5,1,1,0,1,5,1,1,10,5,4,1,0,0,1,0,0,10,7,5,8,3
2022.0,0.0,0.0,0.0,3,2,3,0,0,0,0,6,1,1,0,1,9,1,1,12,5,4,1,0,0,1,0,0,5,2,5,3,9
2022.0,550.0,0.0,0.0,3,10,3,0,0,0,1,1,1,1,0,0,1,1,1,16,5,4,1,1,0,1,2,0,8,9,5,3,2
2022.0,0.0,1.0,0.0,2,2,3,0,0,0,1,9,1,1,0,1,5,1,1,17,5,4,1,1,0,1,1,0,5,7,5,3,3
2022.0,-340.0,0.0,0.0,3,4,0,0,0,0,1,2,1,1,0,1,5,1,1,20,5,4,1,0,0,1,1,0,6,2,5,3,9
2022.0,104.0,0.0,0.0,3,10,0,0,0,0,0,9,1,1,0,1,9,1,1,0,6,4,1,0,0,2,1,0,10,9,5,3,2
2022.0,0.0,1.0,0.0,3,4,0,0,0,0,1,8,1,1,0,1,2,1,1,0,6,4,1,0,0,1,2,0,10,5,5,9,5
2022.0,118.0,1.0,0.0,3,6,3,0,0,0,0,5,1,1,0,0,5,1,1,10,6,4,1,0,0,1,1,0,6,7,5,8,3
2022.0,58.0,0.0,0.0,3,6,3,0,0,0,1,5,0,1,0,0,5,1,1,16,6,4,1,1,0,2,2,0,10,7,5,8,3
2022.0,-185.0,0.0,0.0,3,3,0,0,0,0,1,9,0,1,1,1,1,1,1,2,0,4,0,0,0,2,2,0,6,9,5,6,3
2022.0,0.0,1.0,0.0,3,10,0,0,0,0,2,5,1,1,0,0,5,1,1,5,0,4,0,0,0,3,1,0,4,9,5,9,9
2022.0,0.0,0.0,0.0,3,2,3,0,0,0,2,9,1,1,0,1,2,1,1,10,0,4,0,0,0,3,1,0,4,2,5,9,3
2022.0,-430.0,1.0,0.0,1,6,3,0,0,0,1,2,1,1,0,0,2,1,1,12,0,4,0,0,0,0,2,0,10,7,5,8,3
2022.0,-1171.0,0.0,0.0,3,10,0,0,0,0,0,5,0,1,0,0,5,1,1,1,1,4,0,0,0,2,1,0,6,9,5,3,3
2022.0,0.0,0.0,0.0,3,10,3,0,0,0,1,1,1,1,0,1,1,1,1,6,1,4,0,0,0,1,1,0,5,5,5,9,9
2022.0,0.0,1.0,0.0,2,2,3,0,0,0,1,2,1,1,0,1,1,1,1,7,1,4,0,1,0,1,1,0,4,2,5,3,3
2022.0,-15.0,0.0,0.0,3,2,3,0,0,0,1,5,1,1,0,0,9,1,1,8,1,4,0,1,0,1,1,0,10,2,5,3,9
2022.0,1.0,0.0,0.0,3,6,3,0,0,0,0,1,1,1,0,1,1,1,1,9,1,4,0,1,0,1,1,0,3,7,5,8,3
2022.0,0.0,0.0,0.0,3,10,3,0,0,0,1,9,1,1,0,1,9,1,1,9,1,4,0,1,0,1,1,0,3,7,5,8,3
2022.0,-177.0,1.0,0.0,3,6,3,0,0,0,1,9,1,1,0,1,9,1,1,9,1,4,0,1,0,1,1,0,10,8,5,8,3
2022.0,0.0,0.0,0.0,3,4,3,0,0,0,0,9,1,1,0,1,1,1,1,10,1,4,0,0,0,1,0,0,6,5,5,8,9
2022.0,-35.0,0.0,0.0,3,10,3,0,0,0,1,2,1,1,0,1,2,1,1,10,1,4,0,0,0,0,1,0,10,9,5,3,2
2022.0,0.0,0.0,0.0,3,10,5,4,0,0,1,2,1,1,0,1,2,1,1,14,1,4,0,0,0,2,2,0,4,9,5,3,2
2022.0,90.0,0.0,0.0,3,10,3,4,3,0,1,5,1,1,0,1,5,1,1,15,1,4,0,0,0,3,2,0,6,9,5,3,2
2022.0,300.0,0.0,0.0,3,6,3,0,0,0,0,9,1,1,0,0,9,1,1,16,1,4,0,1,0,2,1,0,6,8,5,8,3
2022.0,200.0,0.0,0.0,3,6,3,0,0,0,1,2,1,1,0,1,2,1,1,17,1,4,0,1,0,2,1,0,6,7,5,8,3
2022.0,0.0,3.0,0.0,2,4,0,0,0,0,0,1,1,1,0,1,9,1,1,20,1,4,0,0,0,2,2,0,4,2,5,3,9
2022.0,0.0,0.0,0.0,3,10,3,0,0,0,1,1,1,1,0,1,1,1,1,5,2,4,0,0,0,1,1,0,6,9,5,3,2
2022.0,91.0,1.0,0.0,2,2,3,0,0,3,1,1,1,1,0,1,5,1,1,7,2,4,0,1,0,1,0,0,10,2,5,9,7
2022.0,0.0,0.0,0.0,3,6,3,0,0,0,1,1,1,1,0,0,1,1,1,11,2,4,0,0,0,1,1,0,3,7,5,9,9
2022.0,-910.0,2.0,0.0,2,2,3,0,0,0,1,1,1,1,0,0,9,1,1,12,2,4,0,0,0,1,1,0,6,5,5,3,6
2022.0,0.0,0.0,0.0,3,4,3,0,0,0,2,2,1,1,0,1,1,1,1,16,2,4,0,1,0,3,1,0,4,2,5,3,9
2022.0,-216.0,1.0,0.0,3,6,3,0,0,0,2,5,1,1,0,1,5,1,1,16,2,4,0,1,0,3,2,0,6,7,5,8,3
2022.0,-576.0,1.0,0.0,3,6,3,0,0,0,0,5,1,1,0,0,5,1,1,16,2,4,0,1,0,2,1,0,6,7,5,8,3
2022.0,200.0,0.0,0.0,3,10,5,4,0,0,2,9,1,1,0,0,9,1,1,17,2,4,0,1,0,3,0,0,6,5,5,8,3
2022.0,145.0,4.0,0.0,2,6,0,0,0,0,1,5,0,1,0,1,5,1,1,20,2,4,0,0,0,1,0,0,10,7,5,8,3
2022.0,300.0,1.0,0.0,2,6,0,0,0,0,0,5,0,1,0,1,5,1,1,20,2,4,0,0,0,2,1,0,6,7,5,8,3
2022.0,0.0,0.0,0.0,3,2,0,0,0,0,0,1,1,1,0,1,5,1,1,22,2,4,0,0,0,2,1,0,4,2,5,3,9
2022.0,50.0,1.0,0.0,3,6,3,0,0,0,0,5,1,1,0,0,5,1,1,7,3,4,0,1,0,1,1,0,10,7,5,3,3
2022.0,0.0,4.0,0.0,2,4,3,0,0,0,1,5,1,1,0,1,2,1,1,7,3,4,0,1,0,2,1,0,4,2,5,3,9
2022.0,0.0,0.0,0.0,3,6,3,0,0,0,1,1,1,1,0,0,1,1,1,7,3,4,0,1,0,1,1,0,3,7,5,8,9
2022.0,270.0,1.0,0.0,2,4,3,0,0,0,1,1,1,1,0,0,1,1,1,8,3,4,0,1,0,2,1,0,10,4,5,3,9
2022.0,0.0,0.0,0.0,3,10,3,0,0,0,1,2,1,1,1,1,2,1,1,8,3,4,0,1,0,0,2,0,4,5,5,8,9
2022.0,-225.0,0.0,0.0,3,2,3,0,0,0,1,2,1,1,0,1,2,1,1,9,3,4,0,1,0,2,1,0,10,9,5,3,2
2022.0,-650.0,1.0,0.0,2,2,3,0,0,0,1,5,1,1,0,0,1,1,1,10,3,4,0,0,0,0,0,0,0,2,5,3,3
2022.0,0.0,0.0,0.0,3,10,3,0,0,0,1,5,1,1,0,1,5,1,1,10,3,4,0,0,0,0,1,0,4,9,5,9,3
2022.0,-75.0,2.0,0.0,2,5,3,0,0,2,1,9,1,1,0,1,2,1,1,11,3,4,0,0,0,1,1,0,6,2,5,3,7
2022.0,0.0,1.0,0.0,2,5,3,0,0,3,0,1,1,1,0,1,5,1,1,14,3,4,0,0,0,2,1,0,10,5,2,9,7
2022.0,-200.0,0.0,0.0,3,6,3,0,0,0,1,1,1,1,0,0,1,1,1,14,3,4,0,0,0,3,2,0,10,7,5,8,3
2022.0,352.0,1.0,0.0,3,6,3,0,0,0,1,5,1,1,0,0,5,1,1,16,3,4,0,1,0,1,1,0,10,7,5,8,2
2022.0,0.0,0.0,0.0,3,2,3,0,0,0,0,6,1,1,0,1,6,1,1,17,3,4,0,1,0,1,1,0,10,7,5,9,9
2022.0,0.0,0.0,0.0,3,6,0,0,3,0,2,2,1,1,0,0,2,1,1,20,3,4,0,0,0,3,2,0,6,7,5,8,3
2022.0,0.0,1.0,0.0,2,5,0,0,0,0,0,2,1,1,2,0,2,1,1,20,3,4,0,0,0,1,1,0,3,5,5,3,9
2022.0,-330.0,2.0,0.0,3,5,0,0,0,3,0,9,1,1,0,1,2,1,1,21,3,4,0,0,0,2,2,0,0,5,5,9,5
2022.0,57.0,0.0,0.0,3,10,3,0,0,0,2,9,1,1,0,0,9,1,1,9,4,4,0,1,0,3,2,0,10,9,5,2,2
2022.0,150.0,1.0,0.0,2,5,3,0,0,3,1,1,1,1,0,0,2,1,1,11,4,4,0,0,0,1,2,0,6,6,5,3,7
2022.0,51.0,2.0,0.0,2,5,3,0,0,0,0,9,1,1,0,0,2,1,1,12,4,4,0,0,0,1,2,0,4,2,5,3,9
2022.0,-227.0,0.0,0.0,3,6,3,0,0,0,1,2,1,1,0,0,2,1,1,12,4,4,0,0,0,1,1,0,10,7,5,8,3
2022.0,-316.0,0.0,0.0,3,2,3,0,0,0,1,2,1,1,0,0,2,1,1,13,4,4,0,0,0,1,1,0,6,4,5,3,9
2022.0,-250.0,0.0,0.0,3,6,3,0,0,0,1,9,1,1,0,1,9,1,1,15,4,4,0,0,0,2,1,0,6,7,5,8,3
2022.0,0.0,1.0,0.0,3,4,3,0,0,0,1,2,1,1,0,0,5,1,1,15,4,4,0,0,0,1,1,0,4,5,5,3,9
2022.0,0.0,3.0,0.0,3,2,3,0,0,0,1,5,1,1,0,1,9,1,1,16,4,4,0,1,0,1,0,0,4,5,5,3,3
2022.0,58.0,0.0,0.0,3,6,3,0,0,0,2,9,1,1,0,1,9,1,1,17,4,4,0,1,0,3,2,0,10,7,5,8,3
2022.0,0.0,1.0,0.0,2,4,3,0,0,0,1,1,1,1,0,0,5,1,1,18,4,4,0,1,0,2,1,0,5,2,5,9,9
2022.0,0.0,0.0,0.0,3,2,0,0,0,0,1,7,1,1,0,1,1,1,1,21,4,4,0,0,0,2,2,0,4,2,5,3,9
2022.0,382.0,0.0,0.0,3,6,3,0,0,0,1,2,1,1,0,0,2,1,1,17,5,4,1,1,0,2,0,0,0,7,5,8,3
2022.0,-15.0,0.0,0.0,3,4,0,0,0,0,1,9,1,1,0,1,5,1,1,23,5,4,1,0,0,2,1,0,10,2,5,9,9
2022.0,160.0,5.0,0.0,2,4,0,0,0,0,1,5,1,1,0,0,2,1,1,23,5,4,1,0,0,0,1,0,0,2,5,3,9
2022.0,0.0,0.0,0.0,3,2,3,0,0,0,1,9,1,1,0,1,1,1,1,10,6,5,1,0,0,2,1,0,10,4,5,3,9
2022.0,0.0,1.0,0.0,3,4,3,0,0,0,1,5,1,1,0,1,2,1,1,17,6,5,1,1,0,0,1,0,4,4,5,3,9
2022.0,-20.0,0.0,0.0,3,10,3,0,0,0,0,9,1,1,0,0,5,1,1,17,6,5,1,1,0,1,2,0,10,2,5,3,9
2022.0,0.0,2.0,0.0,3,4,0,0,0,0,1,2,1,1,0,0,9,1,1,20,6,5,1,0,0,2,1,0,4,2,5,3,9
2022.0,-115.0,0.0,1.0,0,5,0,0,0,3,0,9,1,1,0,1,5,1,1,21,6,5,1,0,0,1,2,0,6,2,5,3,7
2022.0,-200.0,1.0,0.0,3,6,0,0,0,0,0,2,1,1,0,0,2,1,1,22,6,5,1,0,0,1,1,0,10,7,5,8,3
2022.0,50.0,0.0,0.0,3,12,0,0,0,0,0,1,1,1,0,1,1,1,1,23,6,5,1,0,0,1,2,0,6,9,5,8,3
2022.0,0.0,1.0,0.0,2,2,3,0,0,0,1,2,1,1,0,1,1,1,1,6,0,5,0,0,0,1,1,0,4,2,5,3,3
2022.0,0.0,1.0,0.0,3,6,3,0,0,0,1,5,1,1,0,0,5,1,1,7,0,5,0,1,0,1,1,0,4,7,5,8,3
2022.0,25.0,1.0,0.0,2,5,3,0,0,2,1,1,1,1,0,1,1,1,1,8,0,5,0,1,0,2,0,0,10,4,5,3,9
2022.0,-125.0,0.0,0.0,3,6,3,0,0,0,1,2,1,1,0,0,2,1,1,8,0,5,0,1,0,1,1,0,10,7,5,8,3
2022.0,80.0,0.0,0.0,3,6,3,0,0,0,1,9,1,1,0,1,9,1,1,8,0,5,0,1,0,0,1,0,6,9,8,3,2
2022.0,10.0,0.0,0.0,3,6,3,0,0,0,1,9,1,1,0,1,9,1,1,15,0,5,0,0,0,2,2,0,10,7,5,3,8
2022.0,0.0,2.0,0.0,2,4,3,0,0,0,1,9,1,1,0,1,5,1,1,7,1,5,0,1,0,1,1,0,4,2,5,9,3
2022.0,365.0,1.0,0.0,3,2,3,0,0,0,0,9,1,1,0,1,2,1,1,9,1,5,0,1,0,2,1,0,0,2,5,3,9
2022.0,-15.0,1.0,0.0,2,5,3,0,0,2,1,9,1,1,0,1,2,1,1,11,1,5,0,0,0,0,1,0,4,2,5,9,5
2022.0,-930.0,2.0,0.0,1,2,3,0,0,0,1,1,1,1,0,0,5,1,1,12,1,5,0,0,0,1,0,0,0,2,5,3,5
2022.0,-500.0,0.0,0.0,3,2,3,0,0,0,1,2,1,1,0,1,2,1,1,13,1,5,0,0,0,1,2,0,0,4,5,3,9
2022.0,0.0,0.0,0.0,3,2,3,0,0,0,1,9,1,1,0,1,5,1,1,14,1,5,0,0,0,1,1,0,5,2,5,3,3
2022.0,-38.0,0.0,0.0,3,10,3,0,0,0,1,2,1,1,0,1,2,1,1,17,1,5,0,1,0,0,0,0,10,5,5,8,9
2022.0,-77.0,1.0,0.0,2,5,3,0,0,0,2,2,1,1,3,1,9,1,1,18,1,5,0,1,0,3,1,0,10,2,5,7,9
2022.0,25.0,1.0,0.0,3,2,0,0,0,0,2,9,1,1,0,1,5,1,1,22,1,5,0,0,0,3,1,0,10,7,5,8,9
2022.0,0.0,3.0,0.0,3,4,3,0,0,0,0,1,1,1,0,1,9,1,1,7,2,5,0,1,0,1,1,0,5,2,5,3,9
2022.0,0.0,0.0,0.0,3,2,3,0,0,0,1,2,1,1,0,0,1,1,1,9,2,5,0,1,0,0,2,0,5,2,5,3,9
2022.0,760.0,0.0,0.0,3,6,3,0,0,0,1,2,1,1,0,0,1,1,1,10,2,5,0,0,0,0,1,0,0,2,5,3,9
2022.0,0.0,1.0,0.0,2,5,3,0,0,0,2,2,1,1,2,1,9,1,1,10,2,5,0,0,0,3,2,0,4,5,5,3,9
2022.0,365.0,2.0,0.0,2,6,3,0,0,0,2,9,1,1,0,0,9,1,1,13,2,5,0,0,0,3,1,0,10,7,5,8,3
2022.0,0.0,0.0,0.0,3,10,3,0,0,0,0,3,1,1,0,1,3,1,1,14,2,5,0,0,0,1,0,0,4,9,5,9,9
2022.0,0.0,0.0,0.0,3,4,3,0,0,0,1,9,1,1,0,1,1,1,1,16,2,5,0,1,0,2,2,0,4,7,5,8,9
2022.0,0.0,2.0,0.0,3,4,3,0,0,0,1,2,1,1,0,0,5,1,1,16,2,5,0,1,0,1,2,0,4,2,5,3,9
2022.0,0.0,0.0,0.0,3,4,3,0,0,0,0,1,1,1,0,1,2,1,1,19,2,5,0,1,0,1,2,0,4,2,5,3,9
2022.0,0.0,1.0,0.0,3,2,2,0,0,0,2,1,1,1,0,1,2,1,1,5,3,5,0,0,0,3,1,0,5,2,7,3,3
2022.0,0.0,1.0,0.0,1,5,3,0,0,0,2,1,1,1,3,1,5,1,1,5,3,5,0,0,0,3,2,0,4,7,5,7,3
2022.0,-445.0,2.0,0.0,2,4,3,0,0,0,0,9,1,1,0,0,1,1,1,6,3,5,0,0,0,1,1,0,6,2,5,3,9
2022.0,42.0,0.0,0.0,3,6,3,0,0,0,1,2,1,1,1,1,2,1,1,7,3,5,0,1,0,1,1,0,6,5,5,6,3
2022.0,100.0,2.0,0.0,2,2,3,0,0,0,0,5,1,1,0,1,9,1,1,16,3,5,0,1,0,2,1,0,0,2,5,3,9
2022.0,284.0,0.0,0.0,3,6,3,0,0,0,0,9,1,1,0,1,9,1,1,16,3,5,0,1,0,2,1,0,6,7,5,8,3
2022.0,-300.0,0.0,0.0,3,6,3,0,0,0,0,5,1,1,0,0,5,1,1,16,3,5,0,1,0,1,2,0,6,7,5,8,3
2022.0,-236.0,0.0,0.0,3,4,3,0,0,0,2,5,1,1,0,0,2,1,1,16,3,5,0,1,0,3,1,0,0,7,5,8,9
2022.0,-200.0,0.0,0.0,3,6,3,0,0,0,2,2,1,1,0,0,2,1,1,17,3,5,0,1,0,3,1,0,10,5,5,8,5
2022.0,169.0,1.0,0.0,3,2,3,0,0,3,0,5,1,1,0,0,9,1,1,19,3,5,0,1,0,2,2,0,0,5,5,9,7
2022.0,244.0,0.0,0.0,3,2,3,0,0,0,0,9,1,1,0,0,5,1,1,8,4,5,0,1,0,1,1,0,6,2,5,3,5
2022.0,0.0,1.0,0.0,3,2,3,0,0,0,1,9,1,1,0,0,5,1,1,11,4,5,0,0,0,1,1,0,0,2,5,3,3
2022.0,0.0,0.0,0.0,3,2,3,0,0,0,1,1,1,1,0,1,5,1,1,12,4,5,0,0,0,2,2,0,4,2,5,9,3
2022.0,-126.0,2.0,0.0,2,2,3,0,0,0,0,2,1,1,0,0,1,1,1,12,4,5,0,0,0,1,2,0,0,2,5,3,9
2022.0,715.0,2.0,0.0,3,4,3,0,0,0,1,9,1,1,0,1,1,1,1,14,4,5,0,0,0,0,1,0,0,2,5,3,9
2022.0,256.0,0.0,0.0,3,2,3,0,0,0,1,1,1,1,0,1,5,1,1,14,4,5,0,0,0,1,2,0,6,2,5,3,5
2022.0,0.0,1.0,0.0,2,4,3,0,0,0,1,5,1,1,0,1,2,1,1,15,4,5,0,0,0,1,1,0,4,5,5,3,9
2022.0,-450.0,1.0,0.0,3,2,3,0,0,0,1,2,1,1,0,1,9,1,1,15,4,5,0,0,0,2,0,0,6,2,5,3,5
2022.0,0.0,0.0,0.0,3,2,3,0,0,0,0,5,1,1,0,1,9,1,1,17,4,5,0,1,0,0,1,0,4,5,5,3,9
2022.0,0.0,0.0,0.0,3,4,0,0,0,0,1,5,1,1,0,1,2,1,1,21,4,5,0,0,0,0,1,0,5,2,5,3,9
2022.0,0.0,0.0,0.0,3,4,0,0,0,0,0,1,1,1,0,1,9,1,1,21,4,5,0,0,0,2,1,0,4,2,5,3,9
2022.0,-103.0,2.0,0.0,2,10,0,0,0,0,0,2,0,1,0,1,2,0,1,3,5,5,1,0,0,1,2,0,6,7,7,9,9
2022.0,0.0,1.0,0.0,2,2,3,0,0,0,1,1,1,1,0,1,2,1,1,5,5,5,1,0,0,1,1,0,5,5,5,3,3
2022.0,-1090.0,0.0,0.0,3,2,3,0,0,0,1,9,1,1,0,1,9,1,1,13,5,5,1,0,0,1,1,0,6,9,7,3,2
2022.0,30.0,1.0,0.0,3,2,3,0,0,0,0,5,1,1,0,0,2,1,1,13,5,5,1,0,0,2,1,0,4,7,5,3,9
2022.0,242.0,2.0,0.0,3,4,3,0,0,0,1,5,1,1,0,0,9,1,1,15,5,5,1,0,0,1,1,0,6,2,5,3,9
2022.0,207.0,0.0,0.0,3,6,0,0,0,0,2,2,1,1,0,1,2,1,1,22,5,5,1,0,0,3,0,0,6,7,5,3,3
2022.0,-25.0,0.0,0.0,3,6,0,0,0,0,2,1,1,1,0,1,1,1,1,22,5,5,1,0,0,3,1,0,5,7,5,3,3
2022.0,0.0,1.0,0.0,3,4,0,0,0,0,1,2,1,1,0,1,5,1,1,1,6,5,1,0,0,1,1,0,5,5,5,3,9
2022.0,0.0,1.0,0.0,2,5,0,0,0,2,1,5,1,1,0,0,9,0,1,2,6,5,1,0,0,1,2,0,10,5,5,9,3
2022.0,0.0,0.0,0.0,3,2,3,0,0,0,1,2,1,1,0,1,1,1,1,11,6,5,1,0,0,2,1,0,4,2,5,3,3
2022.0,5.0,0.0,0.0,3,6,3,0,0,0,1,9,1,1,0,1,9,1,1,16,6,5,1,1,0,3,2,0,10,7,5,3,3
2022.0,-250.0,0.0,0.0,3,10,3,0,0,0,0,9,1,1,0,0,9,1,1,16,6,5,1,1,0,0,1,0,6,7,5,8,2
2022.0,0.0,2.0,0.0,3,4,3,0,0,0,1,5,1,1,0,0,9,1,1,18,6,5,1,1,0,1,1,0,4,2,5,3,9
2022.0,0.0,0.0,0.0,3,2,3,0,0,0,0,5,1,1,0,0,9,1,1,6,0,5,0,0,0,1,1,0,4,2,5,3,8
2022.0,-476.0,0.0,0.0,3,10,3,0,3,0,1,2,1,1,0,1,2,1,1,7,0,5,0,1,0,1,1,0,6,9,5,3,2
2022.0,-222.0,0.0,0.0,3,6,3,0,0,0,1,9,1,1,0,0,9,1,1,7,0,5,0,1,0,1,0,0,10,7,5,8,3
2022.0,0.0,2.0,0.0,2,4,3,0,0,0,0,4,1,1,0,1,5,1,1,8,0,5,0,1,0,1,1,0,4,2,5,3,9
2022.0,0.0,2.0,0.0,3,4,3,0,0,0,0,2,1,1,0,1,5,1,1,9,0,5,0,1,0,1,1,0,4,2,5,9,3
2022.0,-500.0,1.0,0.0,2,2,3,0,0,0,1,9,1,1,0,0,2,1,1,10,0,5,0,0,0,1,1,0,0,2,5,3,9
2022.0,85.0,0.0,0.0,3,6,3,0,0,0,2,9,1,1,0,1,9,1,1,14,0,5,0,0,0,3,1,0,10,8,5,8,3
2022.0,1000.0,0.0,0.0,3,2,3,0,0,0,1,5,1,1,0,0,9,1,1,16,0,5,0,1,0,0,2,0,0,2,5,3,9
2022.0,500.0,1.0,0.0,3,10,3,0,0,0,1,2,1,1,0,0,2,1,1,17,0,5,0,1,0,0,1,0,0,9,5,3,0
2022.0,-30.0,0.0,0.0,3,2,4,0,0,0,0,2,1,1,0,1,9,1,1,18,0,5,0,1,0,1,1,0,0,2,5,9,9
2022.0,13.0,2.0,0.0,1,2,3,0,0,0,1,5,1,1,0,1,9,1,1,18,0,5,0,1,0,1,2,0,10,2,5,3,9
2022.0,-364.0,0.0,0.0,3,3,4,0,0,0,2,2,1,1,0,0,5,1,1,19,0,5,0,1,0,3,2,0,6,9,5,3,2
2022.0,-76.0,2.0,0.0,3,6,0,0,0,0,1,2,1,1,0,1,2,1,1,19,0,5,0,1,0,0,0,0,10,7,5,8,3
2022.0,-184.0,1.0,0.0,2,3,0,0,0,3,0,5,1,1,0,0,1,1,1,20,0,5,0,0,0,2,1,0,6,6,5,3,7
2022.0,-84.0,2.0,0.0,2,5,0,0,0,3,1,9,1,1,3,0,9,1,1,20,0,5,0,0,0,2,2,0,0,5,5,7,7
2022.0,0.0,1.0,0.0,3,5,3,0,0,2,1,1,1,1,0,1,1,1,1,7,1,5,0,1,0,2,1,0,4,5,5,9,7
2022.0,-40.0,1.0,0.0,2,6,3,0,0,0,1,9,1,1,0,0,9,1,1,7,1,5,0,1,0,1,2,0,10,8,5,8,3
2022.0,150.0,2.0,0.0,2,5,3,0,0,0,0,7,1,1,2,0,5,1,1,7,1,5,0,1,0,1,1,0,0,2,5,3,9
2022.0,0.0,0.0,0.0,3,4,3,0,0,0,0,1,1,1,0,0,9,1,1,7,1,5,0,1,0,1,1,0,4,2,5,3,9
2022.0,140.0,2.0,0.0,2,4,3,0,0,0,1,2,1,1,0,1,1,1,1,9,1,5,0,1,0,1,1,0,0,2,5,3,9
2022.0,-175.0,0.0,0.0,3,6,3,0,0,0,1,2,1,1,0,0,2,1,1,10,1,5,0,0,0,2,1,0,10,8,5,8,3
2022.0,83.0,1.0,0.0,2,6,3,0,0,0,1,2,1,1,0,0,2,1,1,11,1,5,0,0,0,1,0,0,10,7,5,8,3
2022.0,332.0,1.0,0.0,2,4,3,0,0,0,1,1,1,1,0,1,9,1,1,11,1,5,0,0,0,2,1,0,10,2,5,3,9
2022.0,0.0,0.0,0.0,3,6,5,4,0,0,1,2,1,1,0,0,2,1,1,13,1,5,0,0,0,3,1,0,4,5,5,3,3
2022.0,-412.0,0.0,0.0,3,4,3,0,0,0,0,5,1,1,0,1,2,1,1,13,1,5,0,0,0,1,2,0,0,2,5,3,9
2022.0,-15.0,1.0,0.0,2,6,3,0,0,0,1,2,1,1,0,1,2,1,1,14,1,5,0,0,0,2,2,0,10,8,5,8,3
2022.0,-91.0,0.0,0.0,3,10,3,0,0,0,1,1,1,1,0,0,1,1,1,14,1,5,0,0,0,1,1,0,10,9,5,8,3
2022.0,200.0,0.0,0.0,3,2,3,0,0,0,1,9,1,1,0,0,9,1,1,14,1,5,0,0,0,1,1,0,10,9,8,3,2