Year,Distance,Totalinjuries,Totalfatalities,Injuryseverity,Collisionmanner,Lightcondition,Weather,SurfaceCondition,Unittype_One,Gender_Drv1,Traveldirection_One,AlcoholUse_Drv1,DrugUse_Drv1,Unittype_Two,Gender_Drv2,Traveldirection_Two,AlcoholUse_Drv2,DrugUse_Drv2,Hour,Weekday,Month,Weekend,Rush_Hour,Hazardous_Road,Age_Group_Drv1,Age_Group_Drv2,Substance_Use,Junction_Category,Violation_Category_Drv1,Violation_Category_Drv2,Unitaction_Category_Two,Unitaction_Category_One
2022.0,0.0,0.0,0.0,3,2,3,0,0,0,0,4,1,1,0,0,5,1,1,15,1,5,0,0,0,1,1,0,4,2,5,3,9
2022.0,100.0,1.0,0.0,3,6,3,0,0,0,1,9,1,1,0,1,9,1,1,15,1,5,0,0,0,1,1,0,10,8,5,8,3
2022.0,-182.0,0.0,0.0,3,2,3,0,0,0,1,1,1,1,0,1,1,1,1,15,1,5,0,0,0,1,0,0,10,4,5,3,9
2022.0,0.0,1.0,0.0,2,4,3,0,0,0,1,5,1,1,0,1,2,1,1,16,1,5,0,1,0,1,1,0,4,2,5,9,3
2022.0,0.0,0.0,0.0,3,2,3,0,0,0,1,5,1,1,0,0,1,1,1,16,1,5,0,1,0,0,1,0,6,2,5,3,9
2022.0,437.0,0.0,0.0,3,2,3,0,0,0,1,5,1,1,0,1,9,1,1,16,1,5,0,1,0,1,1,0,0,2,5,3,9
2022.0,147.0,3.0,0.0,2,6,3,0,0,0,1,1,1,1,0,1,1,1,1,16,1,5,0,1,0,1,1,0,10,8,5,8,3
2022.0,-340.0,0.0,0.0,3,2,3,0,0,0,2,2,1,1,0,1,1,1,1,16,1,5,0,1,0,3,1,0,0,2,5,3,5
2022.0,0.0,0.0,0.0,3,12,3,0,0,0,1,5,1,1,0,1,9,1,1,16,1,5,0,1,0,2,1,0,4,2,5,3,9
2022.0,-365.0,1.0,0.0,2,4,3,0,0,0,0,2,1,1,0,1,1,1,1,16,1,5,0,1,0,1,2,0,6,2,5,3,9
2022.0,-231.0,2.0,0.0,2,6,3,0,0,0,1,1,1,1,0,1,1,1,1,17,1,5,0,1,0,1,1,0,6,7,5,8,3
2022.0,60.0,0.0,0.0,3,6,3,0,0,0,1,5,1,1,0,0,5,1,1,18,1,5,0,1,0,2,2,0,10,7,5,8,3
2022.0,-80.0,1.0,0.0,3,2,0,0,0,0,2,2,1,1,0,1,2,1,1,21,1,5,0,0,0,3,2,0,10,9,5,3,3
2022.0,0.0,1.0,0.0,2,5,0,0,0,3,1,5,0,1,0,1,1,1,1,23,1,5,0,0,0,1,1,0,6,5,5,3,5
2022.0,0.0,1.0,0.0,3,6,2,1,0,0,0,9,0,1,0,1,9,1,1,4,2,5,0,0,0,1,1,0,10,7,5,8,3
2022.0,0.0,1.0,0.0,3,2,3,0,0,0,1,2,1,1,0,1,1,1,1,5,2,5,0,0,0,2,0,0,4,5,5,3,3
2022.0,-168.0,0.0,0.0,3,9,3,0,0,0,2,5,1,1,0,1,2,1,1,5,2,5,0,0,0,3,2,0,6,7,5,9,9
2022.0,160.0,0.0,0.0,3,6,2,0,0,0,0,5,1,1,0,0,5,1,1,6,2,5,0,0,0,3,1,0,10,8,5,8,3
2022.0,120.0,0.0,0.0,3,10,3,0,0,0,0,1,1,1,0,0,1,1,1,7,2,5,0,1,0,2,2,0,6,9,5,3,2
2022.0,-204.0,0.0,0.0,3,10,3,0,0,0,1,5,1,1,0,1,5,1,1,7,2,5,0,1,0,1,0,0,6,7,5,3,3
2022.0,0.0,0.0,0.0,3,4,3,0,0,0,1,9,1,1,0,0,1,1,1,8,2,5,0,1,0,2,1,0,4,2,5,3,9
2022.0,-200.0,0.0,0.0,3,10,3,0,0,0,1,1,1,1,0,0,1,1,1,9,2,5,0,1,0,3,1,0,10,9,5,8,5
2022.0,0.0,0.0,0.0,3,4,3,0,0,0,1,1,1,1,0,1,9,1,1,10,2,5,0,0,0,1,2,0,4,2,5,3,9
2022.0,0.0,0.0,0.0,3,2,3,0,0,0,0,5,1,1,0,0,9,1,1,11,2,5,0,0,0,2,1,0,10,2,5,3,9
2022.0,198.0,0.0,0.0,3,2,3,0,0,0,2,5,1,1,0,1,1,1,1,13,2,5,0,0,0,3,0,0,0,5,5,3,1
2022.0,0.0,0.0,0.0,3,10,3,0,0,0,1,1,1,1,0,1,1,1,1,13,2,5,0,0,0,1,1,0,6,4,5,9,9
2022.0,0.0,0.0,0.0,3,4,3,0,0,0,1,9,1,1,0,1,5,1,1,14,2,5,0,0,0,1,2,0,4,2,5,9,3
2022.0,-378.0,0.0,0.0,3,6,3,0,0,0,1,1,1,1,0,1,1,1,1,15,2,5,0,0,0,2,1,0,10,8,5,8,3
2022.0,0.0,1.0,0.0,3,2,3,0,0,0,0,1,1,1,0,0,5,1,1,15,2,5,0,0,0,1,1,0,5,2,5,3,9
2022.0,0.0,3.0,0.0,2,2,3,0,0,0,1,1,1,1,0,1,5,1,1,16,2,5,0,1,0,2,1,0,5,2,5,3,9
2022.0,0.0,2.0,0.0,2,4,4,0,0,0,0,1,1,1,0,1,9,1,1,17,2,5,0,1,0,2,2,0,5,2,5,3,9
2022.0,0.0,0.0,0.0,3,4,3,0,0,0,0,5,1,1,0,0,2,1,1,17,2,5,0,1,0,2,1,0,4,2,5,3,9
2022.0,0.0,0.0,0.0,3,4,0,0,0,0,1,1,1,1,0,1,5,1,1,22,2,5,0,0,0,2,2,0,4,5,5,3,9
2022.0,-218.0,1.0,0.0,3,2,3,0,0,0,1,5,1,1,0,1,9,1,1,6,3,5,0,0,0,2,2,0,0,2,5,3,3
2022.0,-250.0,0.0,0.0,3,6,5,4,0,0,0,9,1,1,0,1,9,1,1,8,3,5,0,1,0,1,2,0,6,8,5,8,3
2022.0,100.0,0.0,0.0,3,10,3,0,0,0,2,5,1,1,0,1,5,1,1,10,3,5,0,0,0,3,1,0,6,5,5,3,3
2022.0,78.0,0.0,0.0,3,10,3,0,0,0,1,9,1,1,0,1,9,1,1,12,3,5,0,0,0,2,1,0,10,9,5,8,9
2022.0,10.0,1.0,0.0,2,5,3,0,0,3,1,1,1,1,0,0,5,1,1,14,3,5,0,0,0,1,1,0,10,5,5,9,7
2022.0,320.0,1.0,0.0,3,6,3,0,0,0,2,9,1,1,0,0,9,1,1,17,3,5,0,1,0,3,2,0,10,7,5,8,3
2022.0,0.0,0.0,0.0,3,4,0,0,0,0,1,9,1,1,0,0,1,1,1,20,3,5,0,0,0,0,1,0,4,4,5,3,9
2022.0,0.0,0.0,0.0,3,4,0,0,0,0,1,9,1,1,0,1,5,1,1,21,3,5,0,0,0,1,1,0,5,4,5,3,9
2022.0,59.0,0.0,0.0,3,6,3,0,0,0,1,1,1,1,0,1,1,1,1,6,4,5,0,0,0,1,0,0,6,5,7,3,9
2022.0,-45.0,1.0,0.0,3,6,3,0,0,0,1,1,1,1,0,1,1,1,1,6,4,5,0,0,0,3,0,0,10,5,7,3,3
2022.0,-132.0,1.0,0.0,3,2,3,0,0,0,1,5,1,0,0,1,1,1,1,6,4,5,0,0,0,1,1,0,10,7,5,8,3
2022.0,300.0,1.0,0.0,2,6,3,0,0,0,0,9,1,1,0,1,9,1,1,8,4,5,0,1,0,1,0,0,6,7,5,8,3
2022.0,-353.0,1.0,0.0,3,10,3,0,0,0,1,9,1,1,0,1,9,1,1,9,4,5,0,1,0,0,1,0,6,9,5,3,2
2022.0,-96.0,0.0,0.0,3,6,3,0,0,0,2,2,1,1,0,0,2,1,1,11,4,5,0,0,0,3,1,0,10,7,5,8,3
2022.0,-310.0,0.0,0.0,3,10,3,0,0,0,0,5,1,1,0,0,5,1,1,12,4,5,0,0,0,1,0,0,6,9,5,3,2
2022.0,0.0,0.0,0.0,3,4,3,0,0,0,0,9,1,1,0,1,1,1,1,13,4,5,0,0,0,1,2,0,5,2,5,9,3
2022.0,235.0,1.0,0.0,3,4,3,0,0,0,0,9,1,1,0,0,1,1,1,13,4,5,0,0,0,1,1,0,0,2,5,3,9
2022.0,283.0,1.0,0.0,2,4,3,0,0,0,1,1,1,1,0,0,9,1,1,14,4,5,0,0,0,0,1,0,0,2,5,3,9
2022.0,0.0,0.0,0.0,3,2,3,0,0,0,2,1,1,1,0,1,5,1,1,14,4,5,0,0,0,3,1,0,4,5,5,9,5
2022.0,0.0,0.0,0.0,3,2,3,0,0,0,0,1,1,1,0,1,5,1,1,16,4,5,0,1,0,1,2,0,0,2,5,3,3
2022.0,-34.0,0.0,0.0,3,6,3,0,0,0,1,9,1,1,0,0,9,1,1,17,4,5,0,1,0,1,1,0,6,5,5,8,8
2022.0,-106.0,0.0,0.0,3,2,4,0,0,0,2,2,1,1,0,1,1,1,1,18,4,5,0,1,0,3,1,0,10,2,5,3,9
2022.0,10.0,1.0,0.0,3,2,3,0,0,2,1,1,1,1,0,0,9,1,1,18,4,5,0,1,0,1,2,0,4,2,5,9,7
2022.0,0.0,0.0,0.0,3,2,0,0,0,0,1,4,1,0,0,1,2,1,1,0,5,5,1,0,0,2,1,0,3,2,5,3,9
2022.0,50.0,0.0,0.0,3,6,3,0,0,0,2,9,1,1,0,1,9,1,1,8,5,5,1,1,0,3,1,0,10,8,5,8,3
2022.0,0.0,0.0,0.0,3,6,3,0,0,0,1,1,1,1,0,0,1,1,1,9,5,5,1,1,0,1,2,0,3,7,5,9,8
2022.0,0.0,1.0,0.0,1,4,3,0,0,0,0,9,1,1,0,1,1,1,1,12,5,5,1,0,0,1,1,0,9,2,5,3,9
2022.0,-250.0,2.0,0.0,2,10,3,0,0,0,1,9,1,1,0,1,9,1,1,13,5,5,1,0,0,1,1,0,6,9,7,3,2
2022.0,-50.0,0.0,0.0,3,6,3,0,0,0,0,9,1,1,1,1,9,1,1,7,6,5,1,1,0,2,1,0,6,5,5,6,3
2022.0,0.0,2.0,0.0,2,4,3,0,0,0,0,9,1,1,0,0,1,1,1,12,6,5,1,0,0,2,2,0,4,2,5,3,9
2022.0,290.0,0.0,0.0,3,6,3,0,0,0,1,5,1,1,0,1,5,1,1,8,0,5,0,1,0,2,1,0,6,8,5,8,3
2022.0,560.0,0.0,0.0,3,10,3,0,0,0,1,9,1,1,0,1,9,1,1,11,0,5,0,0,0,1,1,0,6,9,5,3,2
2022.0,315.0,1.0,0.0,2,2,3,0,0,0,0,5,1,1,2,1,5,1,1,14,0,5,0,0,0,1,1,0,6,2,5,3,9
2022.0,200.0,0.0,0.0,3,6,3,0,3,0,2,5,1,1,0,0,5,0,1,15,0,5,0,0,0,3,1,0,10,5,5,3,8
2022.0,-300.0,1.0,0.0,3,6,3,0,0,0,1,5,1,1,0,0,5,1,1,16,0,5,0,1,0,3,1,0,6,8,5,3,3
2022.0,-60.0,0.0,0.0,3,10,3,0,0,0,0,5,1,1,0,0,5,1,1,17,0,5,0,1,0,0,0,0,6,9,5,3,8
2022.0,-15.0,1.0,0.0,2,6,3,0,0,0,0,1,1,1,0,0,1,1,1,17,0,5,0,1,0,2,1,0,6,8,5,3,3
2022.0,-108.0,2.0,0.0,2,6,0,0,0,0,1,1,1,0,0,1,1,1,1,4,1,5,0,0,0,1,2,0,10,7,5,8,3
2022.0,154.0,0.0,0.0,3,10,3,0,0,0,1,2,1,1,0,1,2,1,1,6,1,5,0,0,0,1,2,0,6,9,5,3,2
2022.0,0.0,0.0,0.0,3,2,3,0,0,0,0,9,1,1,0,1,5,1,1,7,1,5,0,1,0,1,1,0,4,2,5,3,3
2022.0,60.0,1.0,0.0,3,10,3,0,0,0,1,2,1,1,0,1,2,1,1,9,1,5,0,1,0,1,1,0,6,9,5,3,2
2022.0,100.0,0.0,0.0,3,10,3,0,0,0,1,1,1,1,0,1,1,1,1,9,1,5,0,1,0,1,1,0,6,5,5,9,9
2022.0,-60.0,0.0,0.0,3,10,3,0,0,0,0,1,1,1,0,0,1,1,1,10,1,5,0,0,0,0,1,0,6,9,5,8,9
2022.0,-160.0,0.0,0.0,3,6,3,0,0,0,0,5,1,1,1,1,5,1,1,11,1,5,0,0,0,2,1,0,6,7,5,6,3
2022.0,19.0,1.0,0.0,2,5,3,0,0,0,1,3,1,1,3,0,9,1,1,11,1,5,0,0,0,1,1,0,10,2,5,7,9
2022.0,-38.0,0.0,0.0,3,9,3,0,0,0,1,5,1,1,0,1,9,1,1,12,1,5,0,0,0,2,1,0,10,4,5,8,9
2022.0,614.0,1.0,0.0,3,2,3,0,0,0,0,5,1,1,0,1,9,1,1,12,1,5,0,0,0,2,1,0,0,2,5,3,9
2022.0,-500.0,0.0,0.0,3,2,3,0,0,0,1,6,1,1,0,1,1,1,1,13,1,5,0,0,0,1,2,0,0,5,5,9,9
2022.0,0.0,1.0,0.0,3,2,3,0,0,0,0,5,1,1,0,0,1,1,1,16,1,5,0,1,0,2,0,0,6,2,5,3,9
2022.0,-98.0,1.0,0.0,2,5,3,0,0,3,1,1,1,1,0,1,5,1,1,17,1,5,0,1,0,1,2,0,6,6,5,3,7
2022.0,-53.0,1.0,0.0,2,5,3,0,0,2,1,2,1,1,0,0,1,1,1,18,1,5,0,1,0,1,1,0,10,5,5,9,3
2022.0,150.0,1.0,0.0,3,6,0,0,0,0,1,5,1,1,0,0,5,1,1,21,1,5,0,0,0,1,1,0,6,9,5,3,2
2022.0,0.0,0.0,0.0,3,6,0,0,0,0,1,9,1,1,0,1,9,1,1,22,1,5,0,0,0,1,2,0,10,8,5,9,3
2022.0,205.0,0.0,0.0,3,10,3,0,0,0,1,9,1,1,0,1,9,1,1,6,2,5,0,0,0,1,1,0,6,7,7,2,2
2022.0,0.0,2.0,0.0,2,4,3,0,0,0,1,5,1,1,0,1,5,1,1,9,2,5,0,1,0,1,1,0,4,2,5,3,3
2022.0,0.0,0.0,0.0,3,10,3,0,0,0,1,1,1,1,1,1,6,1,1,10,2,5,0,0,0,0,2,0,4,7,5,8,3
2022.0,200.0,0.0,0.0,3,9,3,0,1,0,2,9,1,1,0,1,1,1,1,11,2,5,0,0,0,3,1,0,5,7,7,3,3
2022.0,0.0,0.0,0.0,3,10,3,0,0,0,0,3,1,1,0,1,3,1,1,11,2,5,0,0,0,1,1,0,10,4,7,9,9
2022.0,0.0,0.0,0.0,3,4,3,0,0,0,1,1,1,1,0,1,9,1,1,12,2,5,0,0,0,0,1,0,5,2,5,3,9
2022.0,-120.0,0.0,0.0,3,6,3,0,0,0,1,1,1,1,0,1,1,1,1,13,2,5,0,0,0,0,0,0,10,7,5,8,3
2022.0,0.0,0.0,0.0,3,2,3,0,0,0,1,1,1,1,0,0,2,1,1,15,2,5,0,0,0,2,1,0,4,2,5,3,3
2022.0,5.0,0.0,0.0,3,6,0,0,0,0,0,5,1,1,0,1,5,1,1,20,2,5,0,0,0,1,1,0,0,7,5,9,3
2022.0,-582.0,0.0,0.0,3,6,0,0,0,0,2,5,1,1,0,1,5,1,1,23,2,5,0,0,0,3,2,0,0,5,5,8,3
2022.0,-641.0,1.0,0.0,3,5,2,0,0,3,1,1,1,1,0,0,5,1,1,5,3,5,0,0,0,1,1,0,0,2,5,8,7
2022.0,-15.0,0.0,0.0,3,6,3,0,0,0,1,1,1,1,0,1,1,1,1,5,3,5,0,0,0,1,1,0,10,7,5,8,3
2022.0,15.0,0.0,0.0,3,5,3,0,3,0,1,9,1,1,0,0,1,1,1,8,3,5,0,1,0,2,1,0,6,5,5,3,3
2022.0,45.0,0.0,0.0,3,6,3,0,0,0,0,9,1,1,0,1,9,1,1,8,3,5,0,1,0,1,1,0,10,8,5,8,3
2022.0,-936.0,1.0,0.0,3,6,3,0,0,0,1,9,1,1,0,0,9,1,1,10,3,5,0,0,0,1,2,0,0,8,5,8,3
2022.0,88.0,1.0,0.0,3,5,3,0,0,2,1,9,1,1,0,1,2,1,1,10,3,5,0,0,0,2,2,0,6,5,5,3,3
2022.0,0.0,1.0,0.0,3,5,3,0,0,2,1,5,1,1,0,1,2,1,1,14,3,5,0,0,0,0,1,0,4,2,5,3,5
2022.0,150.0,0.0,0.0,3,10,3,0,0,0,1,5,1,1,0,1,5,1,1,18,3,5,0,1,0,1,1,0,6,9,5,3,2
2022.0,0.0,0.0,0.0,3,3,0,0,0,0,0,1,1,1,0,1,9,1,1,4,4,5,0,0,0,1,0,0,10,2,5,9,3
2022.0,15.0,1.0,0.0,2,5,3,0,0,0,1,5,1,1,2,1,9,1,1,6,4,5,0,0,0,0,1,0,10,5,5,3,9
2022.0,-151.0,0.0,0.0,3,6,3,0,0,0,0,1,0,1,0,1,1,1,1,6,4,5,0,0,0,1,0,0,10,7,5,8,3
2022.0,50.0,0.0,0.0,3,6,3,0,0,0,0,9,1,1,0,0,9,1,1,8,4,5,0,1,0,1,2,0,6,7,5,8,3
2022.0,-50.0,1.0,0.0,3,2,3,0,0,0,2,2,1,1,0,1,9,1,1,10,4,5,0,0,0,3,1,0,10,2,5,3,3
2022.0,0.0,0.0,0.0,3,2,3,0,0,0,1,2,1,1,0,1,1,1,1,13,4,5,0,0,0,1,1,0,4,5,5,3,3
2022.0,-300.0,0.0,0.0,3,6,3,0,0,0,1,5,1,1,0,0,5,1,1,15,4,5,0,0,0,0,2,0,6,5,5,3,3
2022.0,0.0,0.0,0.0,3,4,3,0,0,0,0,9,1,1,0,1,1,1,1,16,4,5,0,1,0,2,1,0,0,2,5,3,9
2022.0,136.0,0.0,0.0,3,2,3,0,0,0,1,1,1,1,0,1,5,1,1,16,4,5,0,1,0,2,1,0,6,2,5,3,5
2022.0,0.0,0.0,0.0,3,4,4,0,0,0,0,2,1,1,0,1,9,1,1,19,4,5,0,1,0,1,2,0,4,2,5,3,9
2022.0,0.0,0.0,0.0,3,2,0,0,0,0,1,9,1,1,0,1,2,1,1,21,4,5,0,0,0,1,1,0,4,2,5,3,3
2022.0,-25.0,0.0,0.0,3,6,0,0,0,0,2,1,1,1,0,1,1,1,1,22,4,5,0,0,0,3,1,0,10,5,5,8,8
2022.0,187.0,0.0,0.0,3,2,3,0,0,0,0,1,1,1,0,1,5,1,1,12,5,5,1,0,0,1,1,0,6,5,5,3,9
2022.0,1840.0,0.0,0.0,3,6,3,4,0,0,1,2,1,1,0,0,2,1,1,12,5,5,1,0,0,1,1,0,6,7,5,3,3
2022.0,0.0,0.0,0.0,3,6,3,0,0,0,1,2,1,1,0,1,2,1,1,13,5,5,1,0,0,1,1,0,4,7,5,8,3
2022.0,0.0,1.0,0.0,2,9,3,0,0,0,1,5,1,1,0,1,9,1,1,15,5,5,1,0,0,1,1,0,4,2,5,3,3
2022.0,-100.0,0.0,0.0,3,6,3,0,0,0,2,2,1,1,1,1,2,1,1,16,5,5,1,1,0,3,1,0,6,5,5,6,5
2022.0,0.0,0.0,0.0,3,4,0,0,0,0,0,4,1,1,0,1,5,1,1,22,5,5,1,0,0,2,2,0,5,2,5,3,9
2022.0,1144.0,2.0,0.0,2,6,3,0,0,0,1,9,1,1,0,0,9,1,1,15,6,5,1,0,0,1,0,0,6,7,5,3,3
2022.0,-120.0,3.0,0.0,3,6,0,0,0,0,2,1,1,1,0,1,1,1,1,19,6,5,1,1,0,3,1,0,6,7,5,8,3
2022.0,25.0,0.0,0.0,3,6,0,0,0,0,1,5,1,1,0,1,5,1,1,20,6,5,1,0,0,1,1,0,10,8,5,3,3
2022.0,-548.0,1.0,0.0,2,4,0,0,0,0,1,2,1,1,0,1,1,1,1,0,0,5,0,0,0,1,2,0,6,2,5,3,9
2022.0,0.0,0.0,0.0,3,2,3,0,0,0,1,1,1,1,0,0,2,1,1,9,0,5,0,1,0,2,1,0,5,2,5,9,9
2022.0,0.0,0.0,0.0,3,2,3,0,0,0,1,1,1,1,0,1,2,1,1,11,0,5,0,0,0,0,1,0,0,2,5,3,5
2022.0,-80.0,0.0,0.0,3,6,3,0,0,0,0,1,1,1,0,1,1,1,1,16,0,5,0,1,0,1,1,0,6,7,5,8,3
2022.0,0.0,2.0,0.0,3,2,3,0,0,0,1,2,1,1,0,0,9,1,1,16,0,5,0,1,0,1,1,0,4,2,5,3,9
2022.0,300.0,0.0,0.0,3,10,3,0,0,0,1,5,1,1,0,0,5,1,1,16,0,5,0,1,0,1,1,0,5,4,5,9,9
2022.0,-44.0,0.0,0.0,3,6,3,0,0,0,1,1,1,1,0,0,1,1,1,17,0,5,0,1,0,2,1,0,10,7,5,9,9
2022.0,0.0,0.0,0.0,3,2,3,0,0,0,0,9,1,1,0,0,5,1,1,18,0,5,0,1,0,1,2,0,5,2,5,9,3
2022.0,200.0,0.0,0.0,3,9,4,0,0,0,1,9,1,1,0,0,2,1,1,18,0,5,0,1,0,1,2,0,6,2,5,3,9
2022.0,0.0,0.0,0.0,3,4,3,0,0,0,1,2,1,1,0,0,1,1,1,7,1,5,0,1,0,2,0,0,4,2,5,3,9
2022.0,-120.0,0.0,0.0,3,10,3,0,0,0,2,5,1,1,0,1,5,1,1,10,1,5,0,0,0,3,1,0,10,9,5,3,3
2022.0,-64.0,0.0,0.0,3,6,3,0,0,0,1,1,1,1,0,1,1,1,1,10,1,5,0,0,0,1,0,0,10,7,5,8,3
2022.0,0.0,0.0,0.0,3,2,3,0,0,0,1,9,1,1,0,1,5,1,1,14,1,5,0,0,0,2,1,0,4,2,5,9,3
2022.0,110.0,0.0,0.0,3,6,3,0,0,0,1,5,1,1,0,1,5,1,1,17,1,5,0,1,0,1,1,0,6,7,5,8,3
2022.0,0.0,1.0,0.0,3,2,3,0,0,0,1,5,1,1,0,0,9,1,1,5,2,5,0,0,0,1,1,0,4,5,5,3,3
2022.0,0.0,1.0,0.0,3,5,3,0,0,2,1,9,1,1,0,1,5,1,1,6,2,5,0,0,0,1,0,0,6,2,5,3,7
2022.0,0.0,0.0,0.0,3,6,3,0,0,0,1,9,1,0,0,0,9,1,1,9,2,5,0,1,0,1,1,0,4,7,5,3,3
2022.0,0.0,0.0,0.0,3,4,3,0,0,0,0,1,1,1,0,0,5,1,1,12,2,5,0,0,0,2,2,0,4,5,5,9,9
2022.0,0.0,0.0,0.0,3,2,3,0,0,0,1,7,1,1,0,0,9,1,1,12,2,5,0,0,0,1,2,0,5,2,5,3,9
2022.0,-46.0,1.0,0.0,2,6,3,0,0,0,0,5,1,1,0,1,5,1,1,17,2,5,0,1,0,1,0,0,10,7,5,8,3
2022.0,90.0,0.0,0.0,3,6,0,0,0,0,0,9,1,1,0,1,9,1,1,21,2,5,0,0,0,2,1,0,10,8,5,8,3
2022.0,204.0,0.0,0.0,3,10,0,0,0,0,0,1,1,1,0,1,1,1,1,23,2,5,0,0,0,2,1,0,6,9,5,3,2
2022.0,150.0,1.0,0.0,2,2,3,0,0,0,1,1,1,1,0,1,5,1,1,12,3,5,0,0,0,2,2,0,0,2,5,3,9
2022.0,0.0,1.0,0.0,2,2,3,0,0,0,1,5,1,1,0,0,9,1,1,12,3,5,0,0,0,1,2,0,5,2,5,3,9
2022.0,-60.0,0.0,0.0,3,6,3,0,0,0,2,1,1,1,0,0,1,1,1,14,3,5,0,0,0,3,2,0,10,7,5,5,3
2022.0,0.0,2.0,0.0,2,2,3,0,0,0,1,2,1,1,0,0,9,1,1,15,3,5,0,0,0,1,0,0,4,9,7,3,3
2022.0,0.0,0.0,0.0,3,6,3,0,0,0,2,5,1,1,0,1,5,1,1,15,3,5,0,0,0,3,1,0,6,5,7,3,8
2022.0,10.0,1.0,0.0,3,5,3,0,0,2,1,5,1,1,0,0,9,1,1,16,3,5,0,1,0,1,1,0,10,2,5,9,3
2022.0,-690.0,0.0,0.0,3,2,3,0,0,0,1,2,1,1,0,0,1,1,1,17,3,5,0,1,0,1,1,0,0,2,5,3,9
2022.0,200.0,0.0,0.0,3,10,3,0,0,0,2,1,1,1,0,0,1,1,1,20,3,5,0,0,0,3,1,0,6,9,5,3,2
2022.0,-80.0,1.0,0.0,1,2,0,0,0,0,0,1,1,1,0,1,1,1,1,23,3,5,0,0,0,1,2,0,10,9,5,3,3
2022.0,0.0,0.0,0.0,3,4,2,0,0,0,0,1,1,1,0,1,9,1,1,5,4,5,0,0,0,1,0,0,5,4,5,3,9
2022.0,0.0,0.0,0.0,3,2,3,0,0,0,1,2,1,1,0,1,1,1,1,12,4,5,0,0,0,1,0,0,4,2,5,3,9
2022.0,50.0,1.0,0.0,3,2,0,0,0,0,0,5,0,1,1,1,5,1,1,21,4,5,0,0,0,1,1,0,6,9,5,6,3
2022.0,-10.0,0.0,0.0,3,6,0,0,0,0,1,2,0,1,0,1,2,1,1,0,5,5,1,0,0,2,1,0,10,7,5,3,3
2022.0,0.0,0.0,0.0,3,4,0,0,0,0,1,5,1,1,0,1,2,1,1,2,5,5,1,0,0,2,2,0,4,2,5,3,9
2022.0,477.0,0.0,0.0,3,4,3,0,0,0,2,2,1,1,0,1,1,1,1,9,5,5,1,1,0,3,1,0,0,2,5,3,9
2022.0,-10.0,1.0,0.0,2,2,3,0,0,0,2,2,1,1,2,0,1,1,1,9,5,5,1,1,0,3,2,0,10,2,5,7,9
2022.0,0.0,2.0,0.0,3,2,3,0,0,0,1,1,1,1,0,0,9,1,1,9,5,5,1,1,0,0,1,0,3,2,5,3,9
2022.0,0.0,0.0,0.0,3,2,3,0,0,0,1,1,1,1,0,0,2,1,1,16,5,5,1,1,0,0,2,0,4,2,5,3,3
2022.0,70.0,0.0,0.0,3,6,0,0,0,0,1,2,1,1,0,0,2,1,1,22,5,5,1,0,0,2,2,0,6,7,5,8,3
2022.0,-3.0,1.0,0.0,3,5,3,0,0,3,1,9,1,1,0,1,2,1,1,8,6,5,1,1,0,1,1,0,10,5,2,9,7
2022.0,-100.0,0.0,0.0,3,6,3,0,0,0,1,6,1,1,0,1,6,1,1,14,6,5,1,0,0,1,2,0,10,7,5,8,3
2022.0,78.0,4.0,0.0,2,6,3,0,0,0,1,9,0,1,0,0,9,1,1,16,6,5,1,1,0,1,1,0,10,7,5,8,3
2022.0,35.0,1.0,0.0,3,5,0,0,0,0,1,5,1,1,0,0,5,1,1,21,6,5,1,0,0,2,1,0,5,5,5,8,1
2022.0,257.0,2.0,0.0,3,6,0,0,0,0,1,5,0,1,0,0,5,1,1,1,0,5,0,0,0,1,1,0,10,7,5,8,3
2022.0,-40.0,0.0,0.0,3,6,3,0,0,0,0,2,1,1,0,0,2,1,1,14,0,5,0,0,0,2,2,0,10,7,5,8,3
2022.0,15.0,0.0,0.0,3,2,0,0,0,0,0,5,1,1,0,1,9,1,1,21,0,5,0,0,0,1,2,0,10,5,5,8,9
2022.0,-65.0,1.0,0.0,1,2,0,0,0,3,0,9,1,1,0,1,5,1,1,22,0,5,0,0,0,1,2,0,10,2,5,3,7
2022.0,0.0,2.0,0.0,2,2,3,0,0,0,0,9,1,1,0,0,5,1,1,10,1,5,0,0,0,2,2,0,4,2,5,3,3
2022.0,-32.0,0.0,0.0,3,6,3,0,0,0,1,2,1,1,0,0,2,1,1,12,1,5,0,0,0,1,2,0,10,7,5,8,3
2022.0,25.0,1.0,0.0,3,5,3,0,0,2,1,1,1,1,0,1,2,1,1,10,2,6,0,0,0,2,1,0,0,5,2,9,3
2022.0,0.0,0.0,0.0,3,2,3,0,0,0,1,1,1,1,0,1,5,1,1,15,2,6,0,0,0,2,1,0,4,2,5,3,9
2022.0,-450.0,1.0,0.0,3,5,3,0,0,0,1,9,1,1,2,1,1,1,1,9,3,6,0,1,0,0,2,0,0,4,5,7,9
2022.0,-760.0,1.0,0.0,2,4,3,0,0,0,1,5,0,1,0,0,9,1,1,12,3,6,0,0,0,1,1,0,0,2,5,3,9
2022.0,40.0,0.0,0.0,3,2,3,0,0,0,2,2,1,1,0,1,9,1,1,14,3,6,0,0,0,3,1,0,10,5,5,8,9
2022.0,-94.0,1.0,0.0,2,5,3,0,0,0,1,1,1,1,2,1,5,1,1,14,3,6,0,0,0,1,2,0,0,2,5,3,3
2022.0,90.0,0.0,0.0,3,10,3,0,0,0,0,5,0,1,0,1,5,1,1,17,3,6,0,1,0,1,0,0,10,7,5,8,3