Year,Distance,Totalinjuries,Totalfatalities,Injuryseverity,Collisionmanner,Lightcondition,Weather,SurfaceCondition,Unittype_One,Gender_Drv1,Traveldirection_One,AlcoholUse_Drv1,DrugUse_Drv1,Unittype_Two,Gender_Drv2,Traveldirection_Two,AlcoholUse_Drv2,DrugUse_Drv2,Hour,Weekday,Month,Weekend,Rush_Hour,Hazardous_Road,Age_Group_Drv1,Age_Group_Drv2,Substance_Use,Junction_Category,Violation_Category_Drv1,Violation_Category_Drv2,Unitaction_Category_Two,Unitaction_Category_One
2022.0,0.0,0.0,0.0,3,4,3,0,0,0,1,9,1,1,0,0,5,1,1,18,3,6,0,1,0,1,0,0,4,2,5,3,9
2022.0,0.0,2.0,0.0,2,2,3,0,0,0,1,9,1,1,0,0,5,1,1,19,3,6,0,1,0,2,1,0,5,2,5,3,9
2022.0,50.0,0.0,0.0,3,5,0,0,0,0,2,8,1,1,0,0,5,1,1,22,3,6,0,0,0,3,1,0,10,7,5,8,3
2022.0,-2.0,1.0,0.0,3,5,3,0,0,2,1,1,1,1,0,1,5,1,1,9,4,6,0,1,0,1,2,0,10,5,7,9,7
2022.0,78.0,0.0,0.0,3,6,3,0,0,0,1,5,1,1,0,1,5,1,1,10,4,6,0,0,0,2,1,0,10,7,5,8,3
2022.0,-103.0,0.0,0.0,3,10,3,0,0,0,1,1,1,1,0,1,1,1,1,12,4,6,0,0,0,0,1,0,10,7,5,8,3
2022.0,-820.0,1.0,0.0,3,2,3,0,0,0,1,9,1,1,0,1,2,1,1,13,4,6,0,0,0,2,1,0,0,2,5,3,9
2022.0,150.0,0.0,0.0,3,6,3,0,0,0,1,2,1,1,0,0,2,1,1,14,4,6,0,0,0,1,1,0,6,7,5,8,3
2022.0,119.0,0.0,0.0,3,10,3,0,0,0,1,5,1,1,0,1,5,1,1,14,4,6,0,0,0,1,1,0,6,9,5,3,2
2022.0,0.0,0.0,0.0,3,4,3,0,0,0,0,1,1,1,0,0,9,1,1,15,4,6,0,0,0,2,1,0,4,2,5,9,3
2022.0,185.0,0.0,0.0,3,4,3,0,0,0,2,1,1,1,0,0,2,1,1,18,4,6,0,1,0,3,1,0,0,2,5,9,3
2022.0,-310.0,1.0,0.0,2,3,0,0,0,0,1,1,1,1,1,1,9,1,1,20,4,6,0,0,0,2,1,0,6,7,5,6,3
2022.0,-147.0,1.0,0.0,3,5,0,0,0,2,1,2,1,1,0,1,9,0,1,2,5,6,1,0,0,1,1,0,6,5,7,3,8
2022.0,40.0,1.0,0.0,2,2,3,0,0,3,1,1,0,1,0,0,5,1,1,7,5,6,1,1,0,2,1,0,6,2,5,3,7
2022.0,-100.0,0.0,0.0,3,2,3,0,0,0,1,5,1,1,0,0,7,1,1,8,5,6,1,1,0,2,1,0,6,5,5,9,2
2022.0,-50.0,0.0,0.0,3,6,3,0,0,0,1,5,1,1,0,1,5,1,1,13,5,6,1,0,0,0,2,0,10,7,5,8,3
2022.0,0.0,1.0,0.0,3,5,3,0,0,3,1,9,1,1,0,0,2,1,1,17,5,6,1,1,0,2,1,0,6,2,5,9,7
2022.0,76.0,1.0,0.0,3,6,3,0,0,0,1,5,1,1,0,0,5,1,1,18,5,6,1,1,0,2,1,0,10,7,5,8,3
2022.0,-60.0,0.0,0.0,3,10,4,0,0,0,1,9,0,1,1,1,9,1,1,20,5,6,1,0,0,1,1,0,6,9,5,8,3
2022.0,150.0,0.0,0.0,3,10,0,0,0,0,1,8,1,1,1,1,8,1,1,23,5,6,1,0,0,1,0,0,6,5,5,6,5
2022.0,0.0,0.0,0.0,3,6,3,0,0,0,1,1,1,1,0,0,1,1,1,8,6,6,1,1,0,1,2,0,4,7,5,8,9
2022.0,0.0,2.0,0.0,2,4,3,0,0,0,0,2,1,1,0,0,5,1,1,10,6,6,1,0,0,0,1,0,4,2,5,3,9
2022.0,50.0,1.0,0.0,3,6,3,0,0,0,1,9,1,1,0,1,9,1,1,12,6,6,1,0,0,1,1,0,6,7,5,8,3
2022.0,225.0,1.0,0.0,2,6,3,0,0,0,2,5,1,1,0,0,5,1,1,13,6,6,1,0,0,3,1,0,10,8,5,8,3
2022.0,20.0,0.0,0.0,3,6,3,0,0,0,1,5,1,1,0,0,5,1,1,15,6,6,1,0,0,1,2,0,6,8,5,8,3
2022.0,60.0,0.0,0.0,3,9,3,0,0,0,1,2,1,1,0,1,9,1,1,10,0,6,0,0,0,1,1,0,10,7,5,8,9
2022.0,-50.0,0.0,0.0,3,6,3,0,0,0,1,1,1,1,0,1,1,1,1,10,0,6,0,0,0,3,0,0,4,7,5,8,3
2022.0,188.0,1.0,0.0,3,2,3,0,0,0,1,1,1,1,0,0,5,1,1,11,0,6,0,0,0,1,1,0,0,2,5,3,9
2022.0,65.0,0.0,0.0,3,6,3,0,0,1,1,9,1,1,0,0,9,1,1,13,0,6,0,0,0,1,1,0,10,7,5,8,3
2022.0,0.0,0.0,0.0,3,10,3,0,0,0,0,5,1,1,0,1,5,1,1,13,0,6,0,0,0,0,1,0,4,5,5,9,3
2022.0,-2.0,1.0,0.0,3,5,3,0,0,2,1,5,1,1,0,0,5,1,1,17,0,6,0,1,0,1,1,0,10,2,5,9,3
2022.0,58.0,0.0,0.0,3,6,3,0,0,0,0,9,1,1,0,0,9,1,1,18,0,6,0,1,0,1,2,0,10,5,5,8,3
2022.0,0.0,0.0,0.0,3,2,0,0,0,0,1,8,1,1,0,1,1,1,1,20,0,6,0,0,0,3,1,0,5,7,5,3,5
2022.0,-80.0,0.0,0.0,3,10,0,0,0,0,2,1,1,1,0,0,1,1,1,20,0,6,0,0,0,3,1,0,6,9,5,3,2
2022.0,-60.0,0.0,0.0,3,6,3,0,0,0,0,1,1,1,0,0,1,1,1,9,1,6,0,1,0,1,0,0,10,7,5,8,3
2022.0,0.0,0.0,0.0,3,6,3,0,0,0,1,1,1,1,0,1,1,1,1,11,1,6,0,0,0,1,1,0,4,7,5,8,3
2022.0,0.0,1.0,0.0,2,4,3,0,0,0,1,5,1,1,0,0,2,1,1,12,1,6,0,0,0,1,2,0,4,2,5,3,9
2022.0,1.0,1.0,0.0,3,6,3,0,0,0,1,9,1,1,0,1,9,1,1,17,1,6,0,1,0,2,1,0,3,7,5,3,3
2022.0,-100.0,0.0,0.0,3,6,2,0,0,0,1,1,1,1,0,0,1,1,1,5,2,6,0,0,0,1,1,0,10,7,5,8,8
2022.0,0.0,1.0,0.0,2,4,3,0,0,0,1,1,1,1,0,1,9,1,1,10,2,6,0,0,0,1,1,0,4,2,5,3,9
2022.0,-228.0,0.0,0.0,3,6,3,0,0,0,1,9,1,1,0,0,9,1,1,12,2,6,0,0,0,2,1,0,0,8,5,9,3
2022.0,-486.0,1.0,0.0,2,2,3,0,0,0,0,5,1,1,0,0,9,1,1,12,2,6,0,0,0,1,1,0,0,2,5,3,9
2022.0,200.0,2.0,0.0,2,2,3,0,0,0,1,1,1,1,0,0,5,1,1,14,2,6,0,0,0,1,0,0,0,2,5,3,9
2022.0,0.0,2.0,0.0,2,2,3,0,0,0,1,2,1,1,0,1,9,1,1,15,2,6,0,0,0,1,2,0,4,2,5,3,3
2022.0,100.0,1.0,0.0,3,6,3,0,0,0,0,2,1,1,0,0,2,1,1,16,2,6,0,1,0,1,0,0,6,7,5,3,3
2022.0,750.0,0.0,0.0,3,6,3,0,0,0,1,1,1,1,0,1,1,1,1,16,2,6,0,1,0,3,1,0,0,8,5,8,3
2022.0,0.0,0.0,0.0,3,3,0,0,0,0,1,9,0,1,0,1,1,1,1,23,2,6,0,0,0,2,1,0,6,4,5,3,9
2022.0,0.0,2.0,0.0,2,2,3,0,0,0,1,1,1,1,0,1,2,1,1,9,3,6,0,1,0,2,0,0,4,2,5,3,3
2022.0,0.0,6.0,0.0,2,4,3,0,0,0,0,9,1,1,0,0,1,1,1,14,3,6,0,0,0,2,2,0,4,2,5,3,9
2022.0,379.0,0.0,0.0,3,10,3,0,0,0,1,1,1,1,0,0,5,1,1,17,3,6,0,1,0,3,1,0,0,5,5,8,9
2022.0,0.0,1.0,0.0,1,4,3,0,0,0,1,5,1,1,0,1,2,1,1,18,3,6,0,1,0,2,2,0,4,2,5,9,3
2022.0,257.0,0.0,0.0,3,10,3,0,0,0,1,9,1,1,0,0,9,1,1,6,4,6,0,0,0,1,1,0,6,9,5,3,2
2022.0,10.0,1.0,0.0,2,5,3,0,0,0,1,1,1,1,3,0,9,1,1,7,4,6,0,1,0,2,2,0,10,2,5,7,9
2022.0,60.0,0.0,0.0,3,10,3,0,0,0,1,1,1,1,0,1,1,1,1,8,4,6,0,1,0,1,1,0,6,9,5,3,2
2022.0,180.0,0.0,0.0,3,10,3,0,0,0,1,2,1,1,1,1,2,1,1,9,4,6,0,1,0,1,1,0,6,7,5,6,3
2022.0,0.0,2.0,0.0,2,2,3,0,0,0,1,1,1,1,0,1,5,1,1,10,4,6,0,0,0,1,2,0,4,5,5,3,9
2022.0,-80.0,0.0,0.0,3,6,3,0,0,0,0,3,1,1,0,0,3,1,1,14,4,6,0,0,0,1,1,0,10,8,5,8,9
2022.0,0.0,1.0,0.0,2,4,3,0,0,0,1,5,1,1,0,1,2,1,1,16,4,6,0,1,0,0,2,0,4,2,5,3,9
2022.0,-265.0,0.0,0.0,3,6,3,0,0,0,0,1,1,1,0,1,1,1,1,18,4,6,0,1,0,2,2,0,5,7,5,8,3
2022.0,0.0,0.0,0.0,3,6,2,0,0,0,1,9,1,1,0,1,9,1,1,5,5,6,1,0,0,1,1,0,3,7,5,8,3
2022.0,0.0,4.0,0.0,2,2,3,0,0,0,1,2,0,1,0,1,2,1,1,7,5,6,1,1,0,1,2,0,4,2,5,3,3
2022.0,0.0,0.0,0.0,3,10,3,0,0,0,1,1,1,1,0,1,1,1,1,10,5,6,1,0,0,0,1,0,10,5,5,9,9
2022.0,0.0,0.0,0.0,3,2,3,0,0,0,1,1,1,1,0,1,5,1,1,14,5,6,1,0,0,1,1,0,5,2,5,3,9
2022.0,-45.0,1.0,0.0,2,6,1,0,0,0,0,5,0,1,1,1,5,1,1,0,6,6,1,0,0,1,1,0,10,7,5,6,9
2022.0,-300.0,0.0,0.0,3,6,3,0,0,0,1,1,1,1,0,1,1,1,1,17,6,6,1,1,0,1,2,0,6,7,5,8,3
2022.0,0.0,3.0,0.0,3,4,3,0,0,0,0,2,1,1,0,0,5,1,1,18,6,6,1,1,0,2,1,0,4,2,5,3,9
2022.0,0.0,3.0,0.0,2,4,0,0,0,0,1,9,1,1,0,1,1,1,1,21,6,6,1,0,0,1,1,0,4,5,5,3,9
2022.0,15.0,0.0,0.0,3,6,0,0,0,0,0,1,1,1,0,1,1,1,1,22,6,6,1,0,0,2,1,0,6,2,5,3,9
2022.0,-460.0,0.0,0.0,3,6,3,0,0,0,1,2,1,1,0,1,2,1,1,7,0,6,0,1,0,1,1,0,10,7,5,8,3
2022.0,0.0,3.0,0.0,3,2,3,0,0,0,0,5,1,1,0,1,1,1,1,10,0,6,0,0,0,1,1,0,4,2,5,9,3
2022.0,35.0,0.0,0.0,3,6,3,0,0,0,0,5,1,1,0,0,5,1,1,11,0,6,0,0,0,0,1,0,10,7,5,8,3
2022.0,200.0,0.0,0.0,3,10,3,0,0,0,1,5,1,1,0,1,5,1,1,13,0,6,0,0,0,0,1,0,10,9,5,3,2
2022.0,0.0,0.0,0.0,3,3,3,0,0,0,1,1,1,1,0,1,5,1,1,16,0,6,0,1,0,2,1,0,4,2,5,3,9
2022.0,-300.0,0.0,0.0,3,6,3,0,0,0,1,1,1,1,0,1,1,1,1,18,0,6,0,1,0,1,0,0,3,7,5,8,3
2022.0,0.0,0.0,0.0,3,6,0,0,0,0,1,1,1,1,0,1,1,1,1,21,0,6,0,0,0,2,2,0,10,7,5,8,9
2022.0,-425.0,0.0,0.0,3,10,3,0,0,0,0,9,1,1,0,0,9,1,1,10,1,6,0,0,0,1,1,0,6,5,5,9,9
2022.0,0.0,1.0,0.0,3,4,3,0,0,0,0,1,1,1,0,1,9,1,1,14,1,6,0,0,0,0,1,0,4,2,5,3,9
2022.0,0.0,3.0,0.0,2,2,3,0,0,0,0,5,1,1,0,1,9,1,1,14,1,6,0,0,0,1,1,0,10,2,5,3,3
2022.0,-188.0,0.0,0.0,3,6,3,0,0,0,0,1,1,1,0,1,1,1,1,16,1,6,0,1,0,2,1,0,0,7,5,8,3
2022.0,150.0,0.0,0.0,3,6,3,0,0,0,0,1,1,1,0,0,1,1,1,17,1,6,0,1,0,1,2,0,6,7,5,8,3
2022.0,-250.0,0.0,0.0,3,2,4,0,0,0,1,1,1,1,0,0,5,1,1,17,1,6,0,1,0,1,2,0,0,2,5,3,9
2022.0,140.0,1.0,0.0,3,5,0,0,0,3,1,2,1,1,0,0,2,1,1,20,1,6,0,0,0,0,0,0,6,6,5,6,7
2022.0,228.0,0.0,0.0,3,12,0,0,0,0,2,6,1,1,1,1,6,1,1,22,1,6,0,0,0,3,1,0,6,5,5,6,5
2022.0,31.0,1.0,0.0,2,6,3,0,0,0,1,9,1,1,0,1,9,1,1,5,2,6,0,0,0,1,1,0,3,7,5,9,9
2022.0,-1000.0,0.0,0.0,3,2,3,0,0,0,0,9,1,1,0,1,2,1,1,17,2,6,0,1,0,1,2,0,0,2,5,3,9
2022.0,343.0,1.0,0.0,3,2,3,0,0,0,0,5,1,1,2,1,5,1,1,17,2,6,0,1,0,1,2,0,0,9,5,7,9
2022.0,0.0,0.0,0.0,3,2,3,0,0,0,0,2,1,1,0,0,1,1,1,7,3,6,0,1,0,1,2,0,4,2,5,3,9
2022.0,268.0,1.0,0.0,3,2,3,0,0,0,1,2,1,1,0,0,9,1,1,7,3,6,0,1,0,1,1,0,0,2,5,3,9
2022.0,78.0,0.0,0.0,3,6,3,0,0,0,2,5,1,1,0,0,5,1,1,8,3,6,0,1,0,3,1,0,10,7,5,8,3
2022.0,0.0,5.0,0.0,1,4,3,0,0,0,1,9,1,1,0,0,3,1,1,8,3,6,0,1,0,1,2,0,4,7,5,3,9
2022.0,0.0,2.0,0.0,2,2,3,0,0,0,0,9,1,1,0,0,5,1,1,10,3,6,0,0,0,1,1,0,4,2,5,3,3
2022.0,0.0,4.0,0.0,2,2,3,0,0,0,0,9,1,1,0,1,5,1,1,10,3,6,0,0,0,2,2,0,4,2,5,3,3
2022.0,-42.0,0.0,0.0,3,6,3,0,0,0,0,1,1,1,1,1,1,1,1,14,3,6,0,0,0,2,1,0,10,5,5,6,9
2022.0,-100.0,0.0,0.0,3,5,3,0,0,0,2,9,1,1,0,0,9,1,1,15,3,6,0,0,0,3,2,0,6,5,5,3,3
2022.0,-285.0,0.0,0.0,3,6,3,4,3,0,2,2,1,1,0,0,2,1,1,15,3,6,0,0,0,3,1,0,10,8,5,8,3
2022.0,0.0,0.0,0.0,3,2,3,0,0,0,0,2,1,1,0,0,9,1,1,15,4,6,0,0,0,1,1,0,4,2,5,9,3
2022.0,90.0,0.0,0.0,3,10,0,0,3,0,2,8,1,1,0,0,9,1,1,21,4,6,0,0,0,3,1,0,10,7,5,3,3
2022.0,0.0,1.0,0.0,2,2,3,0,0,0,1,9,1,1,0,0,5,1,1,10,5,6,1,0,0,1,1,0,10,7,5,3,3
2022.0,-10.0,1.0,0.0,3,2,3,1,0,0,1,1,1,1,0,1,9,1,1,12,5,6,1,0,0,1,1,0,6,5,5,3,9
2022.0,35.0,2.0,0.0,3,6,3,0,0,0,1,2,1,1,0,0,9,1,1,13,5,6,1,0,0,1,2,0,5,2,5,3,9
2022.0,-60.0,0.0,0.0,3,3,3,0,0,0,1,5,1,1,0,1,1,1,1,15,5,6,1,0,0,2,1,0,6,7,5,3,9
2022.0,100.0,0.0,0.0,3,6,3,4,3,0,0,2,1,1,0,1,2,1,1,17,5,6,1,1,0,3,1,0,6,8,5,9,5
2022.0,0.0,0.0,0.0,3,4,0,0,0,0,1,2,1,1,0,1,5,1,1,23,5,6,1,0,0,2,1,0,4,2,5,3,9
2022.0,-50.0,0.0,0.0,3,6,0,0,0,0,2,9,1,1,0,0,9,1,1,23,5,6,1,0,0,3,1,0,10,7,5,3,3
2022.0,300.0,0.0,0.0,3,2,3,0,0,0,1,2,1,1,0,0,1,1,1,12,6,6,1,0,0,0,2,0,0,2,5,3,8
2022.0,50.0,0.0,0.0,3,10,3,0,0,0,0,1,1,1,0,0,1,1,1,14,6,6,1,0,0,2,1,0,6,9,5,3,3
2022.0,0.0,0.0,0.0,3,4,3,4,0,0,1,1,1,1,0,0,9,1,1,14,6,6,1,0,0,2,1,0,10,2,5,3,9
2022.0,25.0,0.0,0.0,3,6,3,0,0,0,2,9,1,1,0,0,9,1,1,15,6,6,1,0,0,3,0,0,6,5,5,3,5
2022.0,25.0,0.0,0.0,3,6,4,0,0,0,0,9,0,1,0,1,9,1,1,19,6,6,1,1,0,1,2,0,10,7,5,8,3
2022.0,0.0,0.0,0.0,3,10,0,0,0,0,1,2,0,1,0,1,2,1,1,20,6,6,1,0,0,2,1,0,5,4,5,3,9
2022.0,0.0,0.0,0.0,3,4,0,0,0,0,2,2,1,1,0,0,9,1,1,1,0,6,0,0,0,3,1,0,4,2,5,9,3
2022.0,500.0,0.0,0.0,3,2,3,0,0,0,1,2,1,1,0,1,9,1,1,9,0,6,0,1,0,2,1,0,6,9,5,9,3
2022.0,150.0,0.0,0.0,3,10,3,0,0,0,0,9,1,1,0,1,9,1,1,12,0,6,0,0,0,1,1,0,10,9,5,5,2
2022.0,0.0,0.0,0.0,3,10,3,0,0,0,2,9,1,1,0,1,9,1,1,15,0,6,0,0,0,3,1,0,5,9,5,9,9
2022.0,54.0,0.0,0.0,3,6,3,0,0,0,0,5,1,1,0,1,5,1,1,16,0,6,0,1,0,1,1,0,10,8,5,8,3
2022.0,0.0,0.0,0.0,3,6,3,0,0,0,1,9,1,1,0,0,9,1,1,7,1,6,0,1,0,2,1,0,3,7,5,8,8
2022.0,200.0,1.0,0.0,2,4,3,0,0,0,0,1,1,1,0,1,5,1,1,11,1,6,0,0,0,2,0,0,6,2,5,3,9
2022.0,0.0,0.0,0.0,3,6,3,0,0,0,2,5,1,1,0,1,5,1,1,11,1,6,0,0,0,3,1,0,10,7,5,8,3
2022.0,0.0,1.0,0.0,2,2,3,0,0,0,0,1,1,1,0,1,2,1,1,12,2,6,0,0,0,0,0,0,4,2,5,3,3
2022.0,10.0,0.0,0.0,3,6,0,0,0,0,2,5,1,1,0,0,5,1,1,19,2,6,0,1,0,3,2,0,10,7,5,8,3
2022.0,200.0,1.0,0.0,3,6,3,0,0,0,1,5,1,1,0,1,5,1,1,11,3,6,0,0,0,1,1,0,6,7,5,8,3
2022.0,0.0,0.0,0.0,3,4,3,1,0,0,1,3,1,1,0,0,9,1,1,13,3,6,0,0,0,2,1,0,4,5,5,3,9
2022.0,0.0,0.0,0.0,3,2,3,1,0,0,0,2,1,1,0,0,9,1,1,14,3,6,0,0,0,2,1,0,4,2,5,9,3
2022.0,0.0,0.0,0.0,3,6,3,1,0,0,1,7,1,1,0,1,7,1,1,15,3,6,0,0,0,1,2,0,3,7,5,8,3
2022.0,25.0,0.0,0.0,3,10,3,0,0,0,2,8,1,1,1,1,8,1,1,15,3,6,0,0,0,3,1,0,6,5,5,6,5
2022.0,163.0,0.0,0.0,3,10,0,0,0,0,1,5,1,0,0,0,5,1,1,22,3,6,0,0,0,1,1,0,6,7,5,6,3
2022.0,0.0,1.0,0.0,3,2,3,0,0,0,0,9,1,1,0,1,8,1,1,11,4,6,0,0,0,2,1,0,5,2,5,5,3
2022.0,-10.0,0.0,0.0,3,6,3,0,0,0,1,2,1,1,0,1,2,1,1,14,4,6,0,0,0,0,0,0,10,7,5,8,9
2022.0,535.0,2.0,0.0,3,3,3,0,0,0,0,9,1,1,0,1,1,1,1,15,4,6,0,0,0,0,1,0,6,9,5,3,3
2022.0,-20.0,0.0,0.0,3,6,4,0,0,0,2,1,1,1,0,0,1,1,1,17,4,6,0,1,0,3,2,0,10,5,5,8,5
2022.0,0.0,0.0,0.0,3,6,0,0,0,0,1,8,1,1,0,0,8,1,1,23,4,6,0,0,0,1,2,0,10,8,5,9,5
2022.0,0.0,0.0,0.0,3,4,3,1,0,0,1,9,1,1,0,0,1,1,1,8,5,6,1,1,0,1,1,0,4,2,5,3,9
2022.0,0.0,1.0,0.0,3,6,3,0,0,0,0,1,1,1,0,0,1,1,1,13,5,6,1,0,0,2,0,0,3,7,5,9,9
2022.0,0.0,2.0,0.0,3,2,3,0,0,0,1,2,1,1,0,0,7,1,1,15,5,6,1,0,0,1,1,0,4,2,5,9,3
2022.0,20.0,0.0,0.0,3,10,3,3,0,0,1,9,1,1,0,0,9,1,1,16,5,6,1,1,0,1,2,0,10,9,5,9,3
2022.0,300.0,0.0,0.0,3,6,3,0,0,0,1,9,1,1,0,1,9,1,1,17,5,6,1,1,0,0,1,0,6,7,5,8,3
2022.0,0.0,0.0,0.0,3,2,3,0,0,0,1,5,1,1,0,0,2,1,1,18,5,6,1,1,0,1,1,0,5,2,5,3,9
2022.0,145.0,0.0,0.0,3,6,0,0,0,0,1,9,0,1,0,0,9,1,1,23,5,6,1,0,0,1,2,0,10,7,5,3,3
2022.0,-350.0,1.0,0.0,3,2,0,0,0,0,1,9,1,1,0,1,9,0,1,23,5,6,1,0,0,2,2,0,6,9,5,3,2
2022.0,-495.0,1.0,0.0,3,4,3,0,0,0,0,9,1,1,0,0,1,1,1,11,6,6,1,0,0,1,1,0,0,2,5,3,9
2022.0,-25.0,0.0,0.0,3,10,3,0,0,0,2,5,1,1,0,0,5,1,1,16,6,6,1,1,0,3,1,0,10,9,5,3,3
2022.0,40.0,0.0,0.0,3,10,3,1,0,0,0,2,1,1,0,0,2,1,1,17,6,6,1,1,0,0,1,0,6,9,5,3,2
2022.0,0.0,0.0,0.0,3,2,4,0,4,0,1,5,1,1,0,1,1,1,1,19,6,6,1,1,1,2,2,0,4,2,5,3,9
2022.0,0.0,2.0,0.0,2,10,3,0,0,0,1,9,1,1,0,1,9,1,1,6,0,6,0,0,0,1,2,0,4,9,5,3,2
2022.0,-104.0,0.0,0.0,3,6,3,0,0,0,1,1,1,1,0,1,1,1,1,6,0,6,0,0,0,3,1,0,10,8,5,8,3
2022.0,60.0,0.0,0.0,3,6,3,0,0,0,1,5,1,1,0,1,5,1,1,7,0,6,0,1,0,1,2,0,10,7,5,8,3
2022.0,0.0,0.0,0.0,3,4,3,0,0,0,0,9,1,1,0,1,1,1,1,9,0,6,0,1,0,1,1,0,4,2,5,9,3
2022.0,-164.0,0.0,0.0,3,2,3,0,0,0,1,2,1,1,0,1,1,1,1,11,0,6,0,0,0,2,1,0,0,2,5,3,9
2022.0,60.0,0.0,0.0,3,6,3,0,0,0,1,5,1,1,0,1,5,1,1,13,0,6,0,0,0,0,1,0,10,7,5,8,3
2022.0,378.0,1.0,0.0,3,5,3,0,0,3,0,1,1,1,0,1,5,1,1,15,0,6,0,0,0,1,1,0,0,5,5,9,7
2022.0,-55.0,1.0,0.0,3,6,3,0,0,0,0,2,1,1,0,0,2,1,1,18,0,6,0,1,0,3,1,0,10,7,5,3,3
2022.0,0.0,0.0,0.0,3,4,0,0,0,0,0,2,1,1,0,1,5,1,1,20,0,6,0,0,0,2,1,0,5,2,5,3,9
2022.0,-250.0,0.0,0.0,3,6,0,0,0,0,0,9,1,1,0,0,9,1,1,20,0,6,0,0,0,2,2,0,6,8,5,8,3
2022.0,50.0,0.0,0.0,3,6,0,0,0,0,1,9,1,1,0,0,9,1,1,22,0,6,0,0,0,2,2,0,10,7,5,8,3
2022.0,22.0,0.0,0.0,3,4,0,0,0,0,1,5,1,1,0,1,9,1,1,0,1,6,0,0,0,2,1,0,5,2,5,3,9
2022.0,97.0,0.0,0.0,3,2,3,0,0,0,1,5,1,0,0,1,5,1,1,8,1,6,0,1,0,1,0,0,5,7,5,8,5
2022.0,0.0,0.0,0.0,3,10,3,0,0,0,1,5,1,0,0,1,5,1,1,8,1,6,0,1,0,1,2,0,4,7,5,8,3
2022.0,98.0,0.0,0.0,3,10,3,0,0,0,1,5,1,0,0,1,5,1,1,8,1,6,0,1,0,1,1,0,10,8,5,8,3
2022.0,-623.0,0.0,0.0,3,10,3,0,0,0,1,5,1,1,0,0,1,1,1,9,1,6,0,1,0,1,1,0,6,5,5,3,5
2022.0,-195.0,1.0,0.0,2,5,3,0,0,0,0,6,1,1,3,0,4,1,1,13,1,6,0,0,0,1,2,0,6,5,5,6,1
2022.0,-186.0,1.0,0.0,3,6,3,0,0,0,0,2,1,1,0,1,2,1,1,13,1,6,0,0,0,1,2,0,6,8,5,8,3
2022.0,92.0,0.0,0.0,3,6,3,0,0,0,1,5,1,1,0,1,5,1,1,14,1,6,0,0,0,1,1,0,10,8,5,8,9
2022.0,0.0,0.0,0.0,3,2,3,0,0,0,0,5,1,1,0,1,9,1,1,14,1,6,0,0,0,1,1,0,5,2,5,3,9
2022.0,38.0,0.0,0.0,3,9,3,0,0,0,1,1,1,1,0,1,9,1,1,17,1,6,0,1,0,1,1,0,10,9,5,8,5
2022.0,-284.0,1.0,0.0,2,5,3,0,0,2,1,5,1,1,0,1,9,1,1,18,1,6,0,1,0,0,2,0,8,2,7,3,7
2022.0,100.0,0.0,0.0,3,2,0,4,0,0,2,2,1,1,0,1,8,1,1,19,1,6,0,1,0,3,1,0,6,7,5,8,9
2022.0,0.0,0.0,0.0,3,2,3,0,0,0,0,9,1,1,0,1,5,1,1,10,2,6,0,0,0,1,1,0,4,7,5,3,3
2022.0,196.0,1.0,0.0,2,2,3,0,0,0,1,2,1,1,0,0,1,1,1,11,2,6,0,0,0,1,1,0,0,2,5,3,3
2022.0,200.0,0.0,0.0,3,10,3,0,0,0,1,9,1,1,0,0,9,1,1,11,2,6,0,0,0,2,1,0,6,9,5,3,2
2022.0,-40.0,0.0,0.0,3,6,3,0,0,0,2,2,1,1,0,1,2,1,1,15,2,6,0,0,0,3,1,0,10,7,5,8,3
2022.0,50.0,0.0,0.0,3,10,0,0,0,0,2,9,1,1,0,1,9,1,1,17,2,6,0,1,0,3,2,0,6,9,5,3,2
2022.0,120.0,0.0,0.0,3,10,3,0,0,0,0,1,1,1,0,0,1,1,1,18,2,6,0,1,0,1,2,0,6,9,5,3,2
2022.0,0.0,1.0,0.0,2,5,3,0,0,3,1,1,1,1,0,1,9,1,1,18,2,6,0,1,0,2,2,0,4,5,5,9,5
2022.0,-35.0,0.0,0.0,3,10,3,0,0,0,0,2,1,1,0,1,2,1,1,11,3,6,0,0,0,1,2,0,10,9,5,3,2
2022.0,150.0,0.0,0.0,3,10,3,0,0,0,2,9,1,1,0,0,9,1,1,14,3,6,0,0,0,3,2,0,6,9,5,3,2
2022.0,0.0,2.0,0.0,3,4,3,0,0,0,1,5,1,1,0,0,2,1,1,16,3,6,0,1,0,1,2,0,4,2,5,3,9
2022.0,0.0,1.0,0.0,2,4,3,0,0,0,1,2,1,1,0,1,5,1,1,17,3,6,0,1,0,2,1,0,5,2,5,3,9
2022.0,-320.0,1.0,0.0,2,4,3,0,0,0,0,9,1,1,0,0,2,1,1,17,3,6,0,1,0,1,1,0,6,2,5,3,9
2022.0,0.0,1.0,0.0,2,6,3,0,0,0,0,9,1,1,0,0,9,1,1,18,3,6,0,1,0,1,1,0,10,7,5,8,3
2022.0,0.0,1.0,0.0,2,2,3,0,0,0,1,9,1,1,0,1,5,1,1,6,4,7,0,0,0,0,1,0,4,2,5,9,3
2022.0,290.0,0.0,0.0,3,2,3,0,0,0,0,9,1,1,0,0,2,1,1,13,4,7,0,0,0,1,2,0,6,2,5,3,5
2022.0,-30.0,1.0,0.0,3,6,3,0,0,0,1,2,1,1,0,0,2,1,1,13,4,7,0,0,0,1,1,0,10,7,5,8,8
2022.0,0.0,0.0,0.0,3,2,3,0,0,0,1,5,1,1,0,1,1,1,1,14,4,7,0,0,0,1,1,0,4,2,5,3,3