Year,Distance,Totalinjuries,Totalfatalities,Injuryseverity,Collisionmanner,Lightcondition,Weather,SurfaceCondition,Unittype_One,Gender_Drv1,Traveldirection_One,AlcoholUse_Drv1,DrugUse_Drv1,Unittype_Two,Gender_Drv2,Traveldirection_Two,AlcoholUse_Drv2,DrugUse_Drv2,Hour,Weekday,Month,Weekend,Rush_Hour,Hazardous_Road,Age_Group_Drv1,Age_Group_Drv2,Substance_Use,Junction_Category,Violation_Category_Drv1,Violation_Category_Drv2,Unitaction_Category_Two,Unitaction_Category_One
2022.0,-85.0,1.0,0.0,3,6,3,0,0,0,1,1,0,1,1,1,1,1,1,14,4,7,0,0,0,0,1,0,6,9,5,6,3
2022.0,250.0,0.0,0.0,3,6,3,0,0,0,0,9,1,1,0,1,9,1,1,16,4,7,0,1,0,2,0,0,6,7,5,3,3
2022.0,-35.0,0.0,0.0,3,10,3,0,0,0,0,2,1,1,0,1,2,1,1,17,4,7,0,1,0,1,2,0,10,9,5,3,3
2022.0,-30.0,0.0,0.0,3,6,0,0,0,0,2,2,1,1,0,0,2,1,1,21,4,7,0,0,0,3,2,0,10,5,5,8,1
2022.0,0.0,0.0,0.0,3,2,0,0,0,0,1,9,1,1,0,1,5,1,1,21,4,7,0,0,0,1,1,0,5,2,5,3,3
2022.0,56.0,1.0,0.0,3,5,0,0,0,0,2,1,1,1,2,1,5,1,1,2,5,7,1,0,0,3,1,0,10,7,5,3,9
2022.0,0.0,0.0,0.0,3,6,5,4,0,0,1,5,1,1,0,0,5,1,1,15,5,7,1,0,0,1,2,0,5,7,5,8,3
2022.0,155.0,0.0,0.0,3,6,3,0,0,0,0,2,0,1,1,1,2,1,1,18,5,7,1,1,0,0,1,0,6,7,5,6,3
2022.0,-116.0,1.0,0.0,2,6,0,0,0,0,0,2,1,1,0,1,2,1,1,21,5,7,1,0,0,1,1,0,10,8,5,3,3
2022.0,0.0,0.0,0.0,3,4,3,0,0,0,1,9,1,1,0,1,1,1,1,15,6,7,1,0,0,2,0,0,4,2,5,3,9
2022.0,0.0,1.0,0.0,3,2,3,0,0,0,1,9,1,1,0,0,5,1,1,19,6,7,1,1,0,2,1,0,4,7,5,9,9
2022.0,-45.0,0.0,0.0,3,4,0,0,0,0,0,5,1,1,0,1,5,1,1,22,6,7,1,0,0,1,2,0,0,2,5,3,9
2022.0,0.0,0.0,0.0,3,2,3,0,0,0,0,5,1,1,0,1,9,1,1,9,0,7,0,1,0,1,1,0,5,2,5,3,9
2022.0,15.0,1.0,0.0,2,5,3,0,0,2,1,1,1,1,0,1,5,1,1,13,0,7,0,0,0,0,2,0,10,2,5,9,3
2022.0,-35.0,0.0,0.0,3,6,3,0,0,0,0,1,1,1,0,0,1,1,1,18,0,7,0,1,0,1,1,0,10,7,5,8,3
2022.0,65.0,0.0,0.0,3,10,0,0,0,0,1,5,0,1,0,1,5,1,1,21,0,7,0,0,0,1,1,0,6,9,5,3,2
2022.0,0.0,0.0,0.0,3,2,0,0,0,0,2,5,1,1,0,1,9,1,1,3,1,7,0,0,0,3,1,0,10,2,5,3,3
2022.0,-643.0,0.0,0.0,3,4,3,0,0,0,1,5,1,1,0,1,2,1,1,11,1,7,0,0,0,1,2,0,0,2,5,3,9
2022.0,1028.0,0.0,0.0,3,2,3,0,0,0,0,9,1,1,0,1,9,1,1,14,1,7,0,0,0,1,1,0,6,4,5,3,9
2022.0,0.0,1.0,0.0,2,10,3,0,0,0,1,1,0,1,0,1,1,1,1,17,1,7,0,1,0,1,0,0,5,9,5,3,2
2022.0,0.0,1.0,0.0,2,2,0,0,0,0,0,9,1,1,0,1,5,1,1,19,1,7,0,1,0,0,2,0,4,2,5,3,3
2022.0,-150.0,0.0,0.0,3,10,0,0,0,0,2,9,1,1,0,0,4,1,1,20,1,7,0,0,0,3,2,0,0,2,5,8,6
2022.0,-620.0,0.0,0.0,3,2,0,0,0,0,0,2,1,1,0,0,1,1,1,21,1,7,0,0,0,2,2,0,0,2,5,3,9
2022.0,-85.0,0.0,0.0,3,6,3,0,0,0,0,2,1,1,0,0,2,1,1,11,2,7,0,0,0,1,2,0,10,8,5,8,3
2022.0,14.0,0.0,0.0,3,6,3,0,0,0,0,5,1,1,0,0,5,1,1,14,2,7,0,0,0,2,1,0,10,8,5,8,3
2022.0,60.0,1.0,0.0,2,6,3,0,0,0,0,9,1,1,0,0,9,1,1,15,2,7,0,0,0,1,1,0,10,7,5,8,3
2022.0,30.0,1.0,0.0,2,6,3,4,3,0,1,9,1,1,0,0,9,1,1,17,2,7,0,1,0,3,0,0,10,8,5,8,3
2022.0,300.0,0.0,0.0,3,6,4,0,0,0,1,9,0,1,1,1,9,1,1,18,2,7,0,1,0,1,1,0,6,7,5,6,3
2022.0,-150.0,0.0,0.0,3,10,3,0,0,0,2,1,1,1,0,0,2,1,1,18,2,7,0,1,0,3,1,0,6,2,5,8,9
2022.0,-500.0,0.0,0.0,3,9,3,0,0,0,0,1,0,1,1,1,1,1,1,8,3,7,0,1,0,2,1,0,6,7,5,6,3
2022.0,0.0,1.0,0.0,2,10,3,0,0,0,2,5,1,1,0,1,5,1,1,10,3,7,0,0,0,3,1,0,4,4,5,9,3
2022.0,146.0,0.0,0.0,3,10,3,0,0,0,1,2,1,1,0,0,2,1,1,17,3,7,0,1,0,1,2,0,10,9,5,3,2
2022.0,0.0,0.0,0.0,3,4,0,0,0,0,0,1,1,1,0,1,6,1,1,23,3,7,0,0,0,1,1,0,5,2,5,9,3
2022.0,-91.0,0.0,0.0,3,4,3,0,0,0,0,9,1,1,0,1,1,1,1,7,4,7,0,1,0,2,0,0,5,2,5,3,9
2022.0,15.0,0.0,0.0,3,10,3,0,0,0,1,9,1,1,0,0,9,1,1,9,4,7,0,1,0,1,1,0,10,4,5,3,9
2022.0,-2.0,1.0,0.0,2,5,3,0,0,2,1,5,1,1,0,1,9,1,1,11,4,7,0,0,0,1,0,0,10,5,5,9,3
2022.0,-80.0,0.0,0.0,3,10,3,0,0,0,0,1,1,1,0,0,1,1,1,13,4,7,0,0,0,1,1,0,6,7,5,8,9
2022.0,-40.0,0.0,0.0,3,6,3,0,0,0,0,1,1,1,0,1,1,1,1,14,4,7,0,0,0,2,1,0,10,7,5,8,3
2022.0,0.0,2.0,0.0,2,2,3,0,0,0,0,2,1,1,0,1,9,1,1,15,4,7,0,0,0,1,2,0,4,2,5,3,3
2022.0,-30.0,0.0,0.0,3,10,3,0,0,0,1,5,1,1,0,0,5,1,1,16,4,7,0,1,0,1,2,0,10,5,5,9,9
2022.0,0.0,0.0,0.0,3,10,3,0,0,0,1,4,1,1,0,1,4,1,1,18,4,7,0,1,0,1,1,0,4,5,5,9,9
2022.0,50.0,1.0,0.0,3,2,3,0,0,0,1,3,1,1,0,0,5,1,1,18,4,7,0,1,0,2,1,0,0,2,5,3,9
2022.0,0.0,1.0,0.0,3,10,3,0,0,0,1,9,1,1,0,1,9,1,1,18,4,7,0,1,0,2,1,0,3,5,5,3,5
2022.0,0.0,0.0,0.0,3,4,1,0,0,0,1,2,0,1,0,1,1,1,1,1,5,7,1,0,0,1,2,0,4,7,5,9,3
2022.0,280.0,0.0,0.0,3,6,0,0,0,0,1,9,1,1,1,1,9,1,1,2,5,7,1,0,0,2,1,0,6,7,5,6,3
2022.0,-35.0,0.0,0.0,3,6,0,0,0,0,1,2,1,1,0,1,2,1,1,3,5,7,1,0,0,2,1,0,10,8,5,8,3
2022.0,0.0,0.0,0.0,3,4,3,0,0,0,1,1,1,1,0,1,1,1,1,8,5,7,1,1,0,2,1,0,5,4,5,3,9
2022.0,-25.0,1.0,0.0,3,6,3,0,0,0,1,1,1,1,0,0,1,1,1,13,5,7,1,0,0,1,0,0,10,7,5,8,3
2022.0,-15.0,1.0,0.0,3,6,3,0,0,0,0,2,1,1,0,1,2,1,1,15,5,7,1,0,0,3,1,0,10,7,5,8,3
2022.0,-20.0,0.0,0.0,3,10,4,0,0,0,1,1,0,1,0,1,1,1,1,18,5,7,1,1,0,1,1,0,10,9,5,3,3
2022.0,0.0,5.0,0.0,2,2,3,0,0,0,0,1,1,1,0,1,5,1,1,19,5,7,1,1,0,1,2,0,4,2,5,3,3
2022.0,0.0,0.0,0.0,3,4,4,0,0,0,1,1,1,1,0,1,9,1,1,19,5,7,1,1,0,1,2,0,4,2,5,3,9
2022.0,10.0,2.0,0.0,3,6,0,0,0,0,0,9,1,1,0,0,9,1,1,20,5,7,1,0,0,2,1,0,10,5,5,3,3
2022.0,-68.0,1.0,0.0,3,2,0,0,0,0,1,2,1,1,0,0,9,1,1,21,5,7,1,0,0,2,1,0,4,9,5,3,3
2022.0,0.0,1.0,0.0,3,4,0,0,0,0,2,9,1,1,0,1,1,1,1,21,5,7,1,0,0,3,1,0,4,2,5,3,9
2022.0,0.0,0.0,0.0,3,10,3,0,0,0,0,1,1,1,0,1,1,1,1,6,6,7,1,0,0,1,1,0,5,9,5,9,9
2022.0,0.0,0.0,0.0,3,2,3,0,0,0,0,5,1,1,0,1,1,1,1,7,6,7,1,1,0,0,1,0,4,2,5,9,3
2022.0,-20.0,3.0,0.0,2,6,3,0,0,0,1,5,1,1,0,1,5,1,1,15,6,7,1,0,0,0,1,0,10,7,5,8,3
2022.0,0.0,0.0,0.0,3,6,3,0,0,0,0,2,1,1,0,1,2,1,1,17,6,7,1,1,0,2,1,0,6,7,5,8,3
2022.0,-10.0,0.0,0.0,3,6,0,0,0,0,1,5,0,1,0,1,5,1,1,21,6,7,1,0,0,0,2,0,10,7,5,3,3
2022.0,-200.0,0.0,0.0,3,9,1,0,0,0,1,1,1,1,1,1,9,1,1,1,0,7,0,0,0,0,1,0,6,9,5,6,5
2022.0,-50.0,1.0,0.0,2,6,3,0,0,0,2,1,1,1,0,1,1,1,1,8,0,7,0,1,0,3,1,0,6,7,5,6,3
2022.0,5.0,1.0,0.0,3,5,3,0,0,2,1,1,1,1,0,0,5,1,1,12,0,7,0,0,0,1,1,0,10,2,5,3,3
2022.0,100.0,0.0,0.0,3,5,3,0,0,0,2,9,1,1,0,0,9,1,1,13,0,7,0,0,0,3,2,0,10,5,5,8,1
2022.0,221.0,1.0,0.0,2,4,3,0,0,0,1,1,1,1,0,1,9,1,1,17,0,7,0,1,0,2,1,0,6,2,5,3,9
2022.0,0.0,0.0,0.0,3,6,3,0,0,0,1,2,1,1,0,1,2,1,1,18,0,7,0,1,0,2,1,0,10,2,5,3,9
2022.0,250.0,0.0,0.0,3,10,3,4,3,0,2,1,1,1,0,1,1,1,1,8,1,7,0,1,0,3,1,0,6,7,5,8,3
2022.0,0.0,2.0,0.0,2,4,3,0,0,0,1,5,1,1,0,1,2,1,1,8,1,7,0,1,0,2,1,0,5,2,5,3,9
2022.0,-125.0,0.0,0.0,3,6,3,0,0,0,0,2,1,1,0,0,2,1,1,10,1,7,0,0,0,3,1,0,10,8,5,8,3
2022.0,40.0,2.0,0.0,2,3,3,0,0,0,1,1,1,0,0,0,9,1,1,13,1,7,0,0,0,2,0,0,6,9,5,8,3
2022.0,-696.0,0.0,0.0,3,10,3,0,0,0,1,1,1,1,0,1,1,1,1,15,1,7,0,0,0,1,1,0,6,2,5,3,3
2022.0,0.0,0.0,0.0,3,12,3,0,0,0,1,2,1,1,0,1,2,1,1,15,1,7,0,0,0,1,0,0,4,5,5,5,5
2022.0,-15.0,1.0,0.0,2,6,0,0,0,0,1,1,1,1,0,1,1,1,1,2,2,7,0,0,0,1,2,0,10,7,5,8,3
2022.0,50.0,0.0,0.0,3,9,3,0,0,0,1,9,1,1,0,1,5,1,1,6,2,7,0,0,0,1,1,0,10,7,5,3,9
2022.0,0.0,0.0,0.0,3,4,3,0,0,0,0,1,1,1,0,1,5,1,1,10,2,7,0,0,0,1,1,0,5,5,5,9,3
2022.0,30.0,0.0,0.0,3,6,3,0,0,0,2,5,1,1,0,1,5,1,1,12,2,7,0,0,0,3,1,0,10,7,5,8,3
2022.0,208.0,0.0,0.0,3,6,3,0,0,0,1,9,1,1,1,1,2,1,1,12,2,7,0,0,0,2,1,0,0,7,5,6,9
2022.0,0.0,2.0,0.0,3,4,0,1,0,0,0,2,1,1,0,0,5,1,1,20,2,7,0,0,0,1,2,0,5,2,5,3,9
2022.0,0.0,1.0,0.0,2,2,0,0,0,0,1,5,0,1,1,1,9,1,1,4,3,7,0,0,0,1,1,0,6,9,5,6,3
2022.0,0.0,0.0,0.0,3,10,3,1,0,0,1,1,1,1,0,1,1,1,1,7,3,7,0,1,0,2,1,0,10,4,5,8,9
2022.0,0.0,0.0,0.0,3,6,3,0,0,0,0,1,1,1,0,1,1,1,1,9,3,7,0,1,0,1,0,0,3,7,5,8,8
2022.0,0.0,3.0,0.0,2,2,3,0,0,0,0,9,1,1,0,0,5,1,1,10,3,7,0,0,0,1,1,0,4,2,5,3,3
2022.0,-147.0,1.0,0.0,2,4,3,0,0,0,0,2,1,1,0,1,5,1,1,10,3,7,0,0,0,1,2,0,6,4,5,3,9
2022.0,278.0,1.0,0.0,2,4,3,0,0,0,1,2,1,1,0,0,5,1,1,13,3,7,0,0,0,1,2,0,6,4,5,3,9
2022.0,200.0,0.0,0.0,3,6,3,0,0,0,1,1,1,1,0,1,1,1,1,16,3,7,0,1,0,1,0,0,6,7,5,8,3
2022.0,200.0,0.0,0.0,3,6,0,0,0,0,2,9,1,1,0,0,9,1,1,20,3,7,0,0,0,3,2,0,6,8,5,3,3
2022.0,-325.0,0.0,0.0,3,4,3,0,0,0,1,1,1,1,0,0,9,1,1,5,4,7,0,0,0,1,1,0,0,2,5,3,9
2022.0,-122.0,0.0,0.0,3,6,3,0,0,0,0,5,1,1,0,0,5,1,1,11,4,7,0,0,0,2,1,0,6,5,5,8,3
2022.0,200.0,3.0,0.0,2,2,3,0,0,0,1,9,1,1,0,1,2,1,1,11,4,7,0,0,0,1,2,0,0,2,5,3,9
2022.0,-638.0,3.0,0.0,3,2,3,0,0,0,0,2,1,1,0,0,9,1,1,12,4,7,0,0,0,0,1,0,0,2,5,3,9
2022.0,-117.0,0.0,0.0,3,10,3,0,0,0,1,5,1,1,0,0,5,1,1,15,4,7,0,0,0,1,1,0,10,4,5,8,9
2022.0,0.0,3.0,0.0,1,2,3,0,0,0,1,9,1,1,0,1,2,1,1,16,4,7,0,1,0,2,1,0,4,2,5,3,9
2022.0,50.0,0.0,0.0,3,6,3,0,0,0,1,2,1,1,0,1,2,1,1,17,4,7,0,1,0,2,1,0,6,8,5,9,3
2022.0,0.0,1.0,0.0,2,2,3,0,0,0,0,1,1,1,0,0,5,1,1,17,4,7,0,1,0,1,1,0,5,2,5,3,9
2022.0,45.0,0.0,0.0,3,2,3,0,0,0,0,5,1,1,0,1,9,1,1,18,4,7,0,1,0,0,1,0,6,2,5,3,9
2022.0,-227.0,0.0,0.0,3,6,4,0,0,0,1,2,1,1,0,1,2,1,1,19,4,7,0,1,0,2,1,0,10,7,5,8,3
2022.0,0.0,0.0,0.0,3,2,0,0,0,0,0,5,0,1,0,0,1,1,1,2,5,7,1,0,0,2,1,0,10,7,5,3,3
2022.0,0.0,0.0,1.0,0,4,3,0,0,0,1,1,1,1,0,0,9,1,1,6,5,7,1,0,0,1,1,0,4,2,5,3,9
2022.0,780.0,3.0,0.0,2,2,3,0,0,0,1,2,1,1,0,0,1,1,1,11,5,7,1,0,0,1,2,0,0,2,5,3,9
2022.0,0.0,0.0,0.0,3,4,3,0,0,0,0,5,1,1,0,1,1,1,1,12,5,7,1,0,0,2,1,0,4,2,5,3,9
2022.0,50.0,0.0,0.0,3,4,3,0,0,0,2,4,1,1,0,0,5,1,1,17,5,7,1,1,0,3,2,0,10,2,5,3,9
2022.0,-12.0,0.0,0.0,3,10,0,4,3,0,2,1,1,1,0,0,1,1,1,20,5,7,1,0,0,3,1,0,10,5,5,3,5
2022.0,0.0,0.0,0.0,3,4,3,0,0,0,1,2,1,1,0,0,5,1,1,7,6,7,1,1,0,2,1,0,4,2,5,3,9
2022.0,200.0,0.0,0.0,3,6,3,0,0,0,2,9,1,1,0,0,9,1,1,9,6,7,1,1,0,3,1,0,6,7,5,8,5
2022.0,100.0,0.0,0.0,3,6,3,0,0,0,0,1,1,1,0,1,1,1,1,13,6,7,1,0,0,1,1,0,8,7,5,8,3
2022.0,0.0,0.0,0.0,3,6,3,0,0,0,1,1,1,1,1,1,1,1,1,14,6,7,1,0,0,3,1,0,10,7,5,6,3
2022.0,-50.0,1.0,0.0,3,6,0,0,0,0,2,1,1,1,0,1,1,1,1,21,6,7,1,0,0,3,2,0,10,7,5,8,3
2022.0,0.0,1.0,0.0,3,2,3,0,0,0,1,1,1,1,0,1,2,1,1,11,0,7,0,0,0,1,1,0,4,2,5,3,3
2022.0,-1175.0,0.0,0.0,3,2,3,0,0,0,1,1,1,1,0,1,5,1,1,12,0,7,0,0,0,1,1,0,0,5,5,9,3
2022.0,120.0,0.0,0.0,3,10,3,0,0,0,0,1,1,1,0,1,1,1,1,14,0,7,0,0,0,1,1,0,6,9,5,3,2
2022.0,0.0,2.0,0.0,3,4,3,0,0,0,1,9,1,1,0,0,1,1,1,15,0,7,0,0,0,1,2,0,5,2,5,9,3
2022.0,0.0,0.0,0.0,3,2,3,4,3,0,1,9,1,1,0,1,5,1,1,17,0,7,0,1,0,3,1,0,4,2,5,3,3
2022.0,0.0,0.0,0.0,3,4,0,4,0,0,1,1,1,1,0,1,9,1,1,19,0,7,0,1,0,1,1,0,4,2,5,3,9
2022.0,635.0,1.0,0.0,2,2,3,0,0,0,0,1,1,1,0,0,5,1,1,8,1,7,0,1,0,2,0,0,0,2,5,3,9
2022.0,-75.0,0.0,0.0,3,3,3,0,0,0,1,5,1,1,0,1,2,1,1,13,1,7,0,0,0,2,1,0,6,9,5,3,3
2022.0,-200.0,1.0,0.0,3,10,3,0,0,0,2,2,1,1,0,0,2,1,1,17,1,7,0,1,0,3,1,0,6,9,5,3,2
2022.0,0.0,0.0,0.0,3,2,0,0,0,0,1,5,1,1,0,0,1,1,1,3,2,7,0,0,0,2,1,0,4,2,5,3,3
2022.0,0.0,0.0,0.0,3,4,3,0,0,0,1,4,1,1,0,1,5,1,1,10,2,7,0,0,0,2,1,0,5,2,5,3,8
2022.0,0.0,2.0,0.0,3,4,3,0,0,0,0,2,1,1,0,0,6,1,1,11,2,7,0,0,0,0,1,0,4,2,5,9,3
2022.0,0.0,1.0,0.0,2,2,3,0,0,0,1,1,1,1,0,0,5,1,1,12,2,7,0,0,0,1,2,0,6,2,5,3,9
2022.0,31.0,1.0,0.0,2,3,3,0,0,0,1,1,1,1,0,1,9,1,1,17,2,7,0,1,0,2,1,0,10,7,5,8,0
2022.0,430.0,0.0,0.0,3,2,3,0,0,0,0,5,1,1,0,0,9,1,1,19,2,7,0,1,0,1,1,0,0,2,5,3,9
2022.0,315.0,0.0,0.0,3,11,0,0,0,0,0,1,1,1,0,1,1,1,1,20,2,7,0,0,0,1,2,0,6,4,5,3,9
2022.0,0.0,2.0,0.0,2,4,0,0,0,0,0,9,1,1,0,0,1,1,1,22,2,7,0,0,0,2,1,0,4,2,5,9,3
2022.0,285.0,0.0,0.0,3,10,3,0,0,0,1,5,1,1,0,1,5,1,1,10,3,7,0,0,0,0,2,0,6,9,5,3,2
2022.0,10.0,0.0,0.0,3,10,3,0,0,0,1,9,1,1,0,1,9,1,1,13,3,7,0,0,0,1,0,0,4,5,5,9,2
2022.0,0.0,0.0,0.0,3,6,3,0,0,0,1,8,1,1,0,1,8,1,1,14,3,7,0,0,0,3,1,0,6,9,5,3,2
2022.0,300.0,0.0,0.0,3,6,0,0,0,0,0,9,1,1,0,1,9,1,1,22,3,7,0,0,0,1,2,0,10,7,5,3,5
2022.0,135.0,1.0,0.0,2,6,0,0,0,0,1,5,0,1,0,0,5,1,1,0,4,7,0,0,0,1,1,0,10,7,5,8,3
2022.0,0.0,1.0,0.0,2,2,2,0,0,0,1,2,1,1,0,0,9,1,1,5,4,7,0,0,0,1,1,0,4,5,5,3,9
2022.0,-91.0,1.0,0.0,3,6,3,0,0,0,0,1,1,1,0,0,1,1,1,7,4,7,0,1,0,2,1,0,10,8,5,8,3
2022.0,100.0,0.0,0.0,3,2,3,0,0,0,0,5,1,1,1,1,1,1,1,9,4,7,0,1,0,2,1,0,6,5,5,6,1
2022.0,94.0,0.0,0.0,3,11,3,0,0,0,0,1,1,1,0,0,1,1,1,11,4,7,0,0,0,2,1,0,6,1,5,3,9
2022.0,-20.0,1.0,0.0,3,6,3,0,0,0,0,9,1,1,0,1,9,1,1,13,4,7,0,0,0,1,1,0,10,8,5,3,3
2022.0,1360.0,0.0,0.0,3,6,3,1,0,0,1,2,1,1,0,1,2,1,1,13,4,7,0,0,0,2,1,0,6,8,5,8,3
2022.0,-48.0,1.0,0.0,2,6,3,0,0,0,1,2,1,1,0,0,2,1,1,13,4,7,0,0,0,2,0,0,10,7,5,8,3
2022.0,185.0,4.0,0.0,2,10,3,0,0,0,1,9,1,1,0,1,9,1,1,14,4,7,0,0,0,1,1,0,10,9,5,8,3
2022.0,100.0,0.0,0.0,3,4,3,1,0,0,0,2,1,1,0,0,5,1,1,15,4,7,0,0,0,2,1,0,0,2,5,9,9
2022.0,-415.0,1.0,0.0,3,6,3,1,0,0,0,1,1,1,0,0,1,1,1,15,4,7,0,0,0,2,1,0,6,8,5,8,3
2022.0,-10.0,1.0,0.0,3,3,3,0,0,0,0,5,1,1,0,0,2,1,1,16,4,7,0,1,0,1,2,0,10,9,5,8,0
2022.0,179.0,0.0,0.0,3,10,3,1,0,0,2,5,1,1,0,0,5,1,1,18,4,7,0,1,0,3,0,0,6,9,5,3,3
2022.0,200.0,0.0,0.0,3,6,0,4,0,0,2,5,1,1,0,1,5,1,1,22,4,7,0,0,0,3,1,0,10,7,5,8,3
2022.0,0.0,0.0,0.0,3,10,0,4,3,0,2,5,1,1,0,1,5,1,1,3,5,7,1,0,0,3,1,0,4,9,5,3,3
2022.0,100.0,0.0,0.0,3,6,3,0,0,0,0,5,1,1,0,1,5,1,1,11,5,7,1,0,0,2,1,0,10,7,5,3,3
2022.0,0.0,1.0,0.0,1,2,3,0,0,0,1,9,1,1,0,0,5,1,1,15,5,7,1,0,0,1,1,0,4,2,5,3,3
2022.0,60.0,2.0,0.0,3,9,3,0,0,0,0,1,1,1,0,1,1,1,1,15,5,7,1,0,0,1,2,0,10,5,5,3,0
2022.0,35.0,0.0,0.0,3,6,3,0,0,0,0,9,1,1,0,0,9,1,1,16,5,7,1,1,0,1,0,0,10,5,5,8,3
2022.0,-200.0,0.0,0.0,3,6,3,0,0,0,2,2,1,1,0,1,2,1,1,18,5,7,1,1,0,3,1,0,10,8,5,8,3
2022.0,30.0,0.0,0.0,3,5,3,0,0,0,0,9,0,1,1,1,5,1,1,19,5,7,1,1,0,1,1,0,6,1,5,6,1
2022.0,-200.0,0.0,0.0,3,10,0,4,3,0,1,2,1,1,0,0,2,1,1,20,5,7,1,0,0,3,2,0,10,7,5,8,2
2022.0,10.0,0.0,0.0,3,6,0,0,0,0,2,9,1,1,0,0,9,1,1,21,5,7,1,0,0,3,2,0,10,5,5,8,5
2022.0,0.0,0.0,0.0,3,4,0,0,0,0,1,2,0,1,0,1,5,1,1,22,5,7,1,0,0,2,1,0,4,2,5,3,9
2022.0,0.0,0.0,0.0,3,4,0,0,0,0,0,9,1,1,0,1,1,1,1,1,6,7,1,0,0,2,1,0,4,2,5,3,9
2022.0,0.0,0.0,0.0,3,4,3,0,0,0,0,6,1,1,0,0,9,1,1,10,6,7,1,0,0,2,1,0,5,2,5,3,9
2022.0,0.0,2.0,0.0,2,4,4,1,0,0,1,2,1,1,0,1,1,1,1,19,6,7,1,1,0,1,1,0,4,2,5,3,3
2022.0,0.0,1.0,0.0,3,6,3,0,0,0,0,9,1,1,0,0,9,1,1,9,0,7,0,1,0,1,1,0,10,7,5,8,8
2022.0,803.0,0.0,0.0,3,10,3,0,0,0,1,9,1,1,0,1,9,1,1,11,0,7,0,0,0,1,1,0,0,4,5,3,9
2022.0,-115.0,0.0,0.0,3,12,0,4,3,0,2,8,1,1,1,1,1,1,1,13,0,7,0,0,0,3,2,0,6,7,5,6,5
2022.0,-100.0,0.0,0.0,3,6,3,0,0,0,1,2,1,1,0,1,2,1,1,15,0,7,0,0,0,1,2,0,10,8,5,8,3
2022.0,50.0,0.0,0.0,3,2,3,0,0,0,0,1,1,1,0,0,5,1,1,16,0,7,0,1,0,2,2,0,10,2,5,3,9
2022.0,-25.0,0.0,0.0,3,6,0,0,0,0,1,1,0,1,0,0,1,1,1,22,0,7,0,0,0,1,1,0,10,5,5,3,3
2022.0,-60.0,0.0,0.0,3,5,3,1,0,0,1,1,1,1,0,1,1,1,1,7,1,7,0,1,0,1,0,0,10,5,5,8,1
2022.0,0.0,0.0,0.0,3,2,3,0,0,0,0,2,1,1,0,0,9,1,1,12,1,7,0,0,0,1,1,0,5,2,5,3,5
2022.0,15.0,0.0,0.0,3,2,3,4,3,0,2,1,1,1,0,1,5,1,1,15,1,7,0,0,0,3,1,0,10,7,5,8,9
2022.0,156.0,1.0,0.0,3,10,3,0,0,0,1,1,1,1,0,1,1,1,1,17,1,7,0,1,0,1,1,0,6,9,5,3,2
2022.0,0.0,0.0,0.0,3,4,3,0,0,0,0,3,1,1,0,1,9,1,1,17,1,7,0,1,0,1,1,0,4,4,5,3,9
2022.0,-656.0,0.0,0.0,3,4,3,0,0,0,1,9,1,1,0,1,1,1,1,18,1,7,0,1,0,1,2,0,0,2,5,3,9
2022.0,500.0,2.0,0.0,1,3,3,0,0,0,1,5,1,0,0,0,2,1,1,18,1,7,0,1,0,1,1,0,6,9,5,8,3
2022.0,0.0,0.0,0.0,3,4,0,0,0,0,0,3,1,1,0,0,9,1,1,19,1,7,0,1,0,1,2,0,4,4,5,3,9
2022.0,347.0,1.0,0.0,2,6,0,0,0,0,1,9,1,1,0,1,9,1,1,0,2,7,0,0,0,1,1,0,6,7,5,8,3
2022.0,94.0,0.0,0.0,3,6,3,1,0,0,1,5,1,1,0,1,5,1,1,7,2,7,0,1,0,1,1,0,10,8,5,8,3
2022.0,-770.0,1.0,0.0,2,4,3,1,0,0,1,1,1,1,0,0,9,1,1,7,2,7,0,1,0,2,1,0,0,2,5,3,9
2022.0,-43.0,2.0,0.0,2,6,3,1,0,0,0,1,1,1,0,1,1,1,1,8,2,7,0,1,0,1,1,0,10,8,5,8,3
2022.0,-100.0,0.0,0.0,3,10,3,1,0,0,0,1,1,1,0,0,1,1,1,13,2,7,0,0,0,1,0,0,10,7,5,8,8
2022.0,100.0,0.0,0.0,3,6,3,0,0,0,2,1,1,1,0,0,1,1,1,14,2,7,0,0,0,3,1,0,6,5,5,5,5
2022.0,221.0,0.0,0.0,3,6,3,1,0,0,1,5,1,1,0,0,5,1,1,15,2,7,0,0,0,1,2,0,10,7,5,8,3
2022.0,430.0,1.0,0.0,2,5,3,0,0,2,0,5,1,1,0,1,9,1,1,16,2,7,0,1,0,2,1,0,0,5,5,9,7
2022.0,600.0,0.0,0.0,3,2,3,0,0,0,1,1,1,1,0,1,5,1,1,16,2,7,0,1,0,1,2,0,0,2,5,3,9
2022.0,-20.0,1.0,0.0,2,10,3,0,0,0,0,1,1,1,2,0,1,1,1,18,2,7,0,1,0,1,1,0,10,5,5,7,9
2022.0,-180.0,0.0,0.0,3,6,0,0,0,0,1,5,1,1,0,0,5,1,1,20,2,7,0,0,0,1,2,0,0,7,5,3,3
2022.0,40.0,0.0,0.0,3,10,0,4,3,0,1,5,1,1,0,0,5,1,1,20,2,7,0,0,0,3,2,0,6,5,5,3,3
2022.0,-162.0,0.0,0.0,3,6,0,0,0,0,1,9,1,1,0,0,9,1,1,3,3,7,0,0,0,1,1,0,10,8,5,0,3