Year,Distance,Totalinjuries,Totalfatalities,Injuryseverity,Collisionmanner,Lightcondition,Weather,SurfaceCondition,Unittype_One,Gender_Drv1,Traveldirection_One,AlcoholUse_Drv1,DrugUse_Drv1,Unittype_Two,Gender_Drv2,Traveldirection_Two,AlcoholUse_Drv2,DrugUse_Drv2,Hour,Weekday,Month,Weekend,Rush_Hour,Hazardous_Road,Age_Group_Drv1,Age_Group_Drv2,Substance_Use,Junction_Category,Violation_Category_Drv1,Violation_Category_Drv2,Unitaction_Category_Two,Unitaction_Category_One
2022.0,375.0,1.0,0.0,2,2,3,3,4,0,0,5,1,1,0,1,9,1,1,9,3,7,0,1,1,2,2,0,0,2,5,3,9
2022.0,0.0,1.0,0.0,3,6,3,0,0,0,1,1,1,1,0,1,1,1,1,11,3,7,0,0,0,2,1,0,3,7,5,9,9
2022.0,112.0,0.0,0.0,3,6,3,0,0,0,2,9,1,1,0,1,9,1,1,16,3,7,0,1,0,3,1,0,10,8,5,8,3
2022.0,0.0,1.0,0.0,3,2,3,0,0,0,0,5,1,1,0,0,1,1,1,17,3,7,0,1,0,1,2,0,4,2,5,3,3
2022.0,0.0,4.0,0.0,2,4,0,0,0,0,1,4,1,1,0,1,5,1,1,21,3,7,0,0,0,2,1,0,5,2,5,3,9
2022.0,0.0,1.0,0.0,3,4,3,0,0,0,0,3,1,1,0,1,9,1,1,9,4,7,0,1,0,2,2,0,6,2,5,3,9
2022.0,-200.0,0.0,0.0,3,10,5,4,0,0,1,5,1,1,0,0,5,1,1,12,4,7,0,0,0,3,2,0,6,9,5,3,2
2022.0,-75.0,0.0,0.0,3,6,3,0,0,0,1,5,1,1,0,1,5,1,1,14,4,7,0,0,0,2,1,0,6,7,5,8,3
2022.0,-10.0,0.0,0.0,3,9,3,4,1,0,2,8,1,1,0,0,8,1,1,16,4,7,0,1,0,3,1,0,6,5,5,6,1
2022.0,90.0,0.0,0.0,3,2,4,0,0,0,0,9,1,1,0,1,9,1,1,18,4,7,0,1,0,1,2,0,10,9,5,3,2
2022.0,-50.0,0.0,0.0,3,10,0,0,0,0,1,1,0,1,1,1,1,1,1,23,4,7,0,0,0,2,1,0,6,7,5,6,8
2022.0,-180.0,0.0,0.0,3,10,0,0,0,0,2,1,1,1,1,1,1,1,1,2,5,7,1,0,0,3,1,0,6,9,5,6,3
2022.0,0.0,0.0,0.0,3,2,3,0,0,0,2,9,1,1,0,1,5,1,1,6,5,7,1,0,0,3,0,0,4,2,5,3,3
2022.0,-200.0,0.0,0.0,3,6,3,0,0,0,0,9,1,1,0,1,9,1,1,10,5,7,1,0,0,3,0,0,6,7,5,8,3
2022.0,0.0,0.0,0.0,3,2,3,0,0,0,1,9,1,1,0,1,2,1,1,11,5,7,1,0,0,2,1,0,4,2,5,3,9
2022.0,-50.0,1.0,0.0,3,6,3,0,0,0,0,1,1,1,0,0,1,1,1,11,5,7,1,0,0,2,1,0,10,7,5,8,3
2022.0,-175.0,0.0,0.0,3,6,3,0,0,0,0,1,1,1,0,1,1,1,1,14,5,7,1,0,0,1,1,0,0,5,5,9,3
2022.0,-200.0,0.0,0.0,3,2,3,0,0,0,1,9,1,1,0,1,5,1,1,14,5,7,1,0,0,2,2,0,6,2,5,3,9
2022.0,-150.0,0.0,0.0,3,6,3,0,0,0,2,2,1,1,0,1,2,1,1,16,5,7,1,1,0,3,1,0,10,5,5,8,3
2022.0,100.0,0.0,0.0,3,2,3,0,0,0,0,1,1,1,0,1,1,1,1,14,6,7,1,0,0,2,0,0,10,5,5,3,5
2022.0,-20.0,3.0,0.0,2,10,3,4,3,0,2,1,1,1,0,0,1,1,1,15,6,7,1,0,0,3,1,0,10,5,5,8,3
2022.0,20.0,0.0,0.0,3,6,1,0,0,0,2,2,1,1,1,1,5,1,1,22,6,7,1,0,0,3,1,0,6,7,5,6,5
2022.0,0.0,1.0,0.0,2,2,0,0,0,0,0,1,0,1,0,1,5,1,1,2,0,8,0,0,0,2,1,0,4,2,5,3,3
2022.0,-284.0,2.0,0.0,2,2,3,0,0,0,1,2,1,1,0,0,1,1,1,7,0,8,0,1,0,2,1,0,0,2,5,3,9
2022.0,60.0,1.0,0.0,2,6,3,0,0,0,2,5,1,1,0,0,5,1,1,13,0,8,0,0,0,3,1,0,10,8,5,8,3
2022.0,-375.0,0.0,0.0,3,2,3,4,3,0,2,2,1,1,0,0,1,1,1,17,0,8,0,1,0,3,0,0,0,2,5,3,9
2022.0,-100.0,0.0,0.0,3,10,3,0,0,0,0,2,1,1,0,0,2,1,1,7,1,8,0,1,0,1,0,0,10,5,5,2,2
2022.0,0.0,2.0,0.0,2,6,3,0,0,0,0,9,1,1,0,1,9,1,1,9,1,8,0,1,0,1,0,0,6,8,5,8,3
2022.0,-204.0,1.0,0.0,3,10,3,0,0,0,0,1,1,1,0,0,1,1,1,10,1,8,0,0,0,2,0,0,10,9,5,3,2
2022.0,-150.0,0.0,0.0,3,10,3,0,0,0,1,5,1,1,0,1,5,1,1,10,1,8,0,0,0,0,1,0,10,5,5,5,5
2022.0,-68.0,0.0,0.0,3,6,3,0,0,0,2,1,1,1,0,1,1,1,1,15,1,8,0,0,0,3,1,0,10,7,5,8,3
2022.0,-25.0,0.0,0.0,3,10,3,0,0,0,1,1,1,1,0,1,1,1,1,16,1,8,0,1,0,1,1,0,10,5,5,3,8
2022.0,-136.0,0.0,0.0,3,10,3,0,0,0,0,1,1,1,0,0,1,1,1,16,1,8,0,1,0,1,1,0,10,5,5,5,9
2022.0,0.0,0.0,0.0,3,4,0,0,0,0,1,1,1,1,0,1,9,1,1,21,1,8,0,0,0,2,1,0,4,2,5,3,9
2022.0,0.0,1.0,0.0,3,4,3,0,0,0,0,9,1,1,0,0,1,1,1,5,2,8,0,0,0,0,1,0,4,2,5,3,9
2022.0,-149.0,0.0,0.0,3,6,3,0,0,0,1,2,1,1,0,1,2,1,1,6,2,8,0,0,0,1,0,0,6,9,5,3,2
2022.0,120.0,2.0,0.0,2,2,3,1,0,0,1,2,1,1,0,0,1,1,1,8,2,8,0,1,0,1,1,0,0,2,5,3,9
2022.0,0.0,0.0,0.0,3,6,3,0,0,0,0,9,1,1,0,1,9,1,1,8,2,8,0,1,0,0,1,0,3,7,5,9,9
2022.0,127.0,0.0,0.0,3,6,3,1,0,0,1,9,1,1,0,0,9,1,1,10,2,8,0,0,0,0,0,0,10,8,5,8,3
2022.0,0.0,0.0,0.0,3,10,3,0,0,0,0,9,1,1,0,0,9,1,1,12,2,8,0,0,0,0,2,0,3,7,5,9,3
2022.0,0.0,0.0,0.0,3,10,3,0,0,0,0,2,1,1,0,1,2,1,1,12,2,8,0,0,0,1,2,0,6,7,5,8,3
2022.0,150.0,0.0,0.0,3,10,3,0,0,0,1,1,1,1,0,1,1,1,1,14,2,8,0,0,0,1,1,0,6,5,9,3,6
2022.0,0.0,2.0,0.0,2,2,3,0,0,0,0,6,1,1,0,0,7,1,1,15,2,8,0,0,0,2,2,0,5,2,5,3,9
2022.0,0.0,0.0,0.0,3,4,0,3,4,0,1,2,1,1,0,1,5,1,1,5,3,8,0,0,1,1,1,0,4,2,5,3,9
2022.0,0.0,0.0,0.0,3,4,3,3,4,0,2,3,1,1,0,0,9,1,1,7,3,8,0,1,1,3,1,0,5,5,5,3,9
2022.0,580.0,0.0,0.0,3,10,3,0,0,0,0,1,1,1,0,1,1,1,1,7,3,8,0,1,0,1,1,0,6,5,5,5,5
2022.0,0.0,0.0,0.0,3,2,3,3,4,0,0,9,1,1,0,1,2,1,1,8,3,8,0,1,1,1,1,0,5,2,5,3,9
2022.0,0.0,0.0,0.0,3,2,3,0,0,0,1,2,1,1,0,1,1,1,1,11,3,8,0,0,0,1,1,0,4,2,5,3,9
2022.0,0.0,0.0,0.0,3,6,3,0,0,0,1,1,1,1,0,1,1,1,1,12,3,8,0,0,0,1,1,0,3,7,5,9,9
2022.0,0.0,0.0,0.0,3,10,3,0,0,0,1,9,1,1,0,1,9,1,1,15,3,8,0,0,0,1,1,0,5,5,5,9,5
2022.0,220.0,0.0,0.0,3,10,3,0,0,0,0,9,1,1,0,0,9,1,1,16,3,8,0,1,0,0,1,0,10,9,5,3,2
2022.0,-20.0,0.0,0.0,3,6,3,0,0,0,1,2,1,1,0,1,2,1,1,16,3,8,0,1,0,3,1,0,10,8,5,8,3
2022.0,-123.0,0.0,0.0,3,6,3,0,0,0,0,1,1,1,0,0,1,1,1,16,3,8,0,1,0,1,2,0,10,7,5,8,8
2022.0,200.0,0.0,0.0,3,6,3,0,0,0,1,9,1,1,0,1,9,1,1,17,3,8,0,1,0,2,1,0,10,7,5,8,2
2022.0,28.0,1.0,0.0,3,5,3,0,0,2,1,1,1,1,0,0,7,1,1,17,3,8,0,1,0,1,1,0,10,5,5,9,7
2022.0,500.0,0.0,0.0,3,4,3,0,0,0,1,1,1,1,0,0,9,1,1,18,3,8,0,1,0,2,1,0,0,2,5,3,9
2022.0,300.0,0.0,0.0,3,9,0,0,0,0,1,9,1,1,0,1,1,1,1,21,3,8,0,0,0,1,1,0,0,2,5,3,9
2022.0,0.0,0.0,0.0,3,10,3,0,0,0,0,2,1,1,0,0,2,1,1,5,4,8,0,0,0,1,1,0,4,4,5,3,9
2022.0,0.0,1.0,0.0,2,4,3,0,0,0,1,9,1,1,0,0,2,1,1,7,4,8,0,1,0,1,1,0,4,5,5,5,3
2022.0,-342.0,0.0,0.0,3,2,3,0,0,0,0,2,1,1,0,1,9,1,1,7,4,8,0,1,0,1,2,0,0,9,5,9,3
2022.0,0.0,0.0,0.0,3,2,3,0,0,0,1,1,1,1,0,1,5,1,1,15,4,8,0,0,0,0,1,0,5,2,5,3,9
2022.0,70.0,0.0,0.0,3,2,3,0,0,0,1,7,1,1,0,0,4,1,1,16,4,8,0,1,0,0,1,0,4,9,5,3,9
2022.0,-15.0,0.0,0.0,3,6,3,0,0,0,0,5,1,1,0,1,5,1,1,16,4,8,0,1,0,1,1,0,10,7,8,8,3
2022.0,0.0,1.0,0.0,3,2,3,0,0,0,1,5,1,1,0,1,9,1,1,17,4,8,0,1,0,1,1,0,5,2,5,3,9
2022.0,0.0,0.0,0.0,3,6,0,0,0,0,0,9,1,1,0,0,9,1,1,20,4,8,0,0,0,1,0,0,3,7,5,8,3
2022.0,100.0,0.0,0.0,3,12,5,4,0,0,1,8,1,1,1,1,9,1,1,7,5,8,1,1,0,3,0,0,6,5,5,6,5
2022.0,-50.0,0.0,0.0,3,10,3,0,0,0,0,2,1,1,0,0,2,1,1,12,5,8,1,0,0,2,1,0,10,9,5,3,2
2022.0,150.0,0.0,0.0,3,10,3,0,0,0,0,9,1,1,0,1,9,1,1,12,5,8,1,0,0,2,1,0,10,9,5,3,2
2022.0,0.0,0.0,0.0,3,2,3,0,0,0,1,5,1,1,0,1,9,1,1,15,5,8,1,0,0,2,0,0,4,2,5,3,3
2022.0,0.0,0.0,0.0,3,6,3,0,0,0,1,9,1,1,0,0,9,1,1,15,5,8,1,0,0,1,1,0,10,7,5,8,3
2022.0,50.0,0.0,0.0,3,6,3,0,0,0,0,2,1,1,0,1,2,1,1,11,6,8,1,0,0,2,1,0,6,8,5,8,3
2022.0,1000.0,4.0,0.0,3,4,3,0,0,0,0,7,1,1,0,0,1,1,1,14,6,8,1,0,0,0,1,0,0,4,5,3,9
2022.0,176.0,0.0,0.0,3,4,3,0,0,0,1,5,1,1,0,1,2,1,1,16,6,8,1,1,0,2,2,0,0,4,5,3,9
2022.0,25.0,0.0,0.0,3,10,0,0,0,0,0,9,1,1,0,1,9,1,1,23,6,8,1,0,0,1,2,0,10,9,5,3,2
2022.0,20.0,0.0,0.0,3,10,0,0,0,0,2,2,1,1,0,1,2,1,1,1,0,8,0,0,0,3,1,0,6,4,5,3,9
2022.0,568.0,0.0,0.0,3,2,3,0,0,0,1,9,1,1,0,0,2,1,1,7,0,8,0,1,0,0,2,0,6,9,5,9,3
2022.0,0.0,1.0,0.0,3,4,3,0,0,0,1,4,1,1,0,0,5,1,1,8,0,8,0,1,0,2,1,0,4,2,5,3,9
2022.0,0.0,2.0,0.0,2,2,3,0,0,0,1,9,1,1,0,1,2,1,1,8,0,8,0,1,0,1,1,0,4,7,5,3,3
2022.0,-638.0,0.0,0.0,3,10,5,4,3,0,2,9,1,1,0,0,9,1,1,8,0,8,0,1,0,3,2,0,6,9,5,3,2
2022.0,100.0,0.0,0.0,3,10,3,0,0,0,1,9,1,1,0,0,9,1,1,11,0,8,0,0,0,1,1,0,10,9,5,3,2
2022.0,-210.0,1.0,0.0,2,10,3,0,0,0,1,2,1,1,0,1,2,1,1,12,0,8,0,0,0,0,2,0,0,9,5,3,9
2022.0,80.0,1.0,0.0,2,5,3,0,0,3,1,9,1,1,0,1,2,1,1,14,0,8,0,0,0,2,1,0,4,2,5,9,7
2022.0,200.0,0.0,0.0,3,2,3,0,0,0,1,9,1,1,0,0,2,1,1,15,0,8,0,0,0,2,2,0,0,2,5,3,9
2022.0,0.0,0.0,0.0,3,2,3,0,0,0,0,2,1,1,0,0,1,1,1,15,0,8,0,0,0,1,1,0,4,2,5,3,3
2022.0,-100.0,0.0,0.0,3,10,3,0,0,0,0,1,1,1,0,1,1,1,1,16,0,8,0,1,0,0,0,0,10,9,5,8,2
2022.0,486.0,0.0,0.0,3,6,3,0,0,0,1,5,1,1,1,1,5,1,1,18,0,8,0,1,0,1,1,0,6,7,5,6,3
2022.0,0.0,0.0,0.0,3,2,3,0,0,0,2,9,1,1,0,0,5,1,1,18,0,8,0,1,0,3,0,0,4,2,5,9,3
2022.0,0.0,1.0,0.0,2,4,0,0,0,0,1,2,1,1,0,1,9,1,1,21,0,8,0,0,0,1,1,0,4,2,5,3,9
2022.0,0.0,0.0,0.0,3,4,0,0,0,0,0,1,1,1,0,0,9,1,1,22,0,8,0,0,0,1,1,0,4,2,5,3,9
2022.0,-145.0,0.0,0.0,3,6,3,4,3,0,1,2,1,1,0,0,2,1,1,8,1,8,0,1,0,3,1,0,10,8,5,8,3
2022.0,0.0,0.0,0.0,3,2,3,3,0,0,1,2,1,1,0,1,1,1,1,9,1,8,0,1,0,1,1,0,5,2,5,3,9
2022.0,-300.0,1.0,0.0,2,5,3,4,3,2,1,9,1,1,0,1,2,1,1,12,1,8,0,0,0,1,1,0,0,5,5,9,7
2022.0,-325.0,0.0,0.0,3,2,3,0,0,0,0,9,1,1,0,1,5,1,1,13,1,8,0,0,0,1,0,0,0,2,5,3,9
2022.0,-45.0,0.0,0.0,3,10,3,0,0,0,1,1,1,1,0,0,1,1,1,14,1,8,0,0,0,1,2,0,10,9,5,3,2
2022.0,-239.0,0.0,0.0,3,2,0,4,3,0,2,8,1,1,1,1,1,1,1,15,1,8,0,0,0,3,1,0,6,7,5,6,5
2022.0,0.0,0.0,0.0,3,4,3,0,0,0,1,5,1,1,0,1,1,1,1,15,1,8,0,0,0,1,0,0,4,2,5,3,9
2022.0,150.0,0.0,0.0,3,6,3,0,0,0,2,5,1,1,0,1,5,1,1,15,1,8,0,0,0,3,1,0,6,5,5,8,3
2022.0,30.0,0.0,0.0,3,6,3,0,0,0,1,5,1,1,0,0,5,1,1,16,1,8,0,1,0,2,1,0,10,7,5,8,3
2022.0,-54.0,0.0,0.0,3,5,3,0,0,0,0,1,1,1,0,1,1,1,1,16,1,8,0,1,0,2,1,0,10,5,5,8,1
2022.0,-15.0,2.0,0.0,3,6,0,1,0,0,1,1,1,1,0,1,1,1,1,4,2,8,0,0,0,1,1,0,10,7,5,8,3
2022.0,-78.0,1.0,0.0,2,5,3,0,0,2,1,1,1,1,0,1,1,1,1,8,2,8,0,1,0,1,1,0,10,2,5,9,3
2022.0,-230.0,0.0,0.0,3,10,3,0,0,0,1,5,1,1,0,0,5,1,1,12,2,8,0,0,0,2,1,0,6,9,5,3,2
2022.0,45.0,0.0,0.0,3,10,3,0,0,0,2,9,1,1,0,1,9,1,1,12,2,8,0,0,0,3,1,0,8,5,5,3,3
2022.0,-430.0,0.0,0.0,3,2,3,0,0,0,0,2,1,1,0,0,1,1,1,13,2,8,0,0,0,0,1,0,6,7,5,8,9
2022.0,0.0,0.0,0.0,3,6,3,0,0,0,1,9,1,1,0,0,9,1,1,14,2,8,0,0,0,1,1,0,3,7,5,8,3
2022.0,-60.0,0.0,0.0,3,6,3,0,0,0,1,2,1,1,0,0,2,1,1,16,2,8,0,1,0,2,2,0,0,7,5,8,3
2022.0,-50.0,0.0,0.0,3,10,3,0,0,0,1,1,1,1,0,0,1,1,1,16,2,8,0,1,0,1,2,0,10,9,9,2,2
2022.0,-335.0,0.0,0.0,3,4,3,1,0,0,0,2,1,1,0,0,5,1,1,17,2,8,0,1,0,1,2,0,0,2,5,3,9
2022.0,1150.0,0.0,0.0,3,10,3,0,0,0,1,9,1,1,0,0,9,1,1,17,2,8,0,1,0,1,2,0,6,9,5,3,2
2022.0,0.0,0.0,0.0,3,3,3,0,0,0,1,8,1,1,0,1,1,1,1,17,2,8,0,1,0,1,1,0,0,2,5,3,9
2022.0,60.0,0.0,0.0,3,6,2,0,0,0,1,9,1,1,0,0,9,1,1,18,2,8,0,1,0,1,1,0,9,7,5,3,3
2022.0,0.0,0.0,0.0,3,4,3,0,0,0,1,1,1,0,0,0,9,1,1,19,2,8,0,1,0,1,2,0,9,2,5,3,9
2022.0,15.0,0.0,0.0,3,10,0,0,0,0,1,9,1,1,0,0,9,1,1,23,2,8,0,0,0,1,1,0,10,4,5,3,9
2022.0,0.0,0.0,0.0,3,6,3,0,0,0,1,1,1,1,0,0,1,1,1,8,3,8,0,1,0,1,1,0,10,8,5,8,9
2022.0,0.0,0.0,0.0,3,10,3,1,0,0,1,1,1,1,0,0,1,1,1,8,3,8,0,1,0,1,2,0,4,9,5,3,2
2022.0,35.0,1.0,0.0,3,6,3,0,0,0,1,5,1,1,0,1,5,1,1,9,3,8,0,1,0,2,1,0,10,8,5,8,3
2022.0,220.0,0.0,0.0,3,6,3,0,0,0,0,9,1,1,0,1,9,1,1,11,3,8,0,0,0,2,1,0,6,8,5,8,3
2022.0,230.0,0.0,0.0,3,2,3,0,0,0,0,9,1,1,0,0,2,1,1,13,3,8,0,0,0,1,1,0,0,2,5,3,9
2022.0,91.0,0.0,0.0,3,6,3,0,0,0,1,9,1,1,0,0,9,1,1,14,3,8,0,0,0,1,1,0,10,7,5,8,3
2022.0,-295.0,0.0,0.0,3,2,3,0,0,0,0,5,1,1,0,1,9,1,1,14,3,8,0,0,0,0,1,0,6,2,5,3,9
2022.0,0.0,0.0,0.0,3,10,3,0,0,0,0,2,1,1,0,1,2,1,1,15,3,8,0,0,0,0,1,0,5,4,5,9,9
2022.0,200.0,1.0,0.0,1,10,3,0,0,0,1,2,1,1,0,0,2,1,1,15,3,8,0,0,0,2,2,0,6,9,5,3,2
2022.0,64.0,0.0,0.0,3,6,4,0,0,0,1,5,1,1,0,1,5,1,1,18,3,8,0,1,0,1,1,0,10,7,5,8,8
2022.0,-65.0,0.0,0.0,3,10,0,0,0,0,0,1,0,1,0,0,1,1,1,21,3,8,0,0,0,1,2,0,10,7,5,3,9
2022.0,-237.0,0.0,0.0,3,10,3,0,0,0,0,5,1,1,0,0,5,1,1,8,4,8,0,1,0,1,0,0,3,5,5,3,5
2022.0,-30.0,0.0,0.0,3,2,3,0,0,0,0,6,1,1,0,1,9,1,1,8,4,8,0,1,0,1,2,0,0,2,5,3,9
2022.0,15.0,0.0,0.0,3,2,3,0,0,0,1,5,1,1,0,1,5,1,1,11,4,8,0,0,0,2,1,0,5,4,5,8,9
2022.0,-200.0,0.0,0.0,3,10,3,0,0,0,1,1,1,1,0,1,1,1,1,11,4,8,0,0,0,1,1,0,6,9,5,3,2
2022.0,50.0,0.0,0.0,3,2,3,0,0,0,1,5,1,1,0,1,9,1,1,12,4,8,0,0,0,1,1,0,0,2,5,3,9
2022.0,-240.0,0.0,0.0,3,2,3,0,0,0,1,9,1,1,0,1,2,1,1,12,4,8,0,0,0,1,1,0,0,2,5,3,9
2022.0,0.0,0.0,0.0,3,10,3,1,0,0,0,7,1,1,0,1,7,1,1,13,4,8,0,0,0,1,1,0,5,8,5,9,9
2022.0,338.0,0.0,0.0,3,4,3,0,0,0,0,2,1,1,0,0,9,1,1,13,4,8,0,0,0,2,1,0,6,2,5,3,9
2022.0,-153.0,0.0,0.0,3,2,3,0,0,0,1,2,1,1,0,1,1,1,1,15,4,8,0,0,0,0,1,0,10,2,5,3,9
2022.0,-55.0,0.0,0.0,3,6,3,3,4,0,2,1,1,1,0,0,1,1,1,16,4,8,0,1,1,3,1,0,10,7,5,8,3
2022.0,0.0,0.0,0.0,3,6,3,3,4,0,0,9,1,1,0,1,9,1,1,18,4,8,0,1,1,2,1,0,10,7,5,8,8
2022.0,200.0,0.0,0.0,3,3,0,0,0,0,0,5,0,1,0,1,2,1,1,3,5,8,1,0,0,2,1,0,6,9,5,6,3
2022.0,10.0,0.0,0.0,3,6,3,0,0,0,2,5,1,1,0,1,5,1,1,10,5,8,1,0,0,3,2,0,10,7,5,8,3
2022.0,500.0,2.0,0.0,2,2,3,0,0,0,0,2,1,1,0,1,9,1,1,12,5,8,1,0,0,2,1,0,0,2,5,9,3
2022.0,0.0,0.0,0.0,3,4,3,0,0,0,0,1,1,1,0,1,9,1,1,13,5,8,1,0,0,1,2,0,4,2,5,9,3
2022.0,500.0,0.0,0.0,3,10,3,0,0,0,1,5,1,1,0,0,5,1,1,13,5,8,1,0,0,1,1,0,6,9,5,3,2
2022.0,0.0,0.0,0.0,3,10,3,1,0,0,2,5,1,1,0,1,5,1,1,16,5,8,1,1,0,3,1,0,4,9,5,9,9
2022.0,0.0,0.0,0.0,3,4,0,0,0,0,2,9,1,1,0,1,1,1,1,22,5,8,1,0,0,3,2,0,4,2,5,9,3
2022.0,-520.0,0.0,0.0,3,6,3,0,0,0,1,1,1,1,0,0,1,1,1,12,6,8,1,0,0,1,1,0,6,8,5,8,3
2022.0,0.0,1.0,0.0,3,4,3,0,0,0,0,2,1,1,0,1,9,1,1,12,6,8,1,0,0,2,1,0,4,4,5,3,9
2022.0,75.0,0.0,0.0,3,6,3,0,0,0,0,5,1,1,0,0,5,1,1,13,6,8,1,0,0,1,1,0,10,7,5,8,3
2022.0,300.0,0.0,0.0,3,6,3,0,0,0,0,5,1,1,0,0,5,1,1,14,6,8,1,0,0,1,1,0,6,7,5,8,3
2022.0,0.0,0.0,0.0,3,2,3,0,0,0,0,1,1,1,0,0,2,1,1,15,6,8,1,0,0,1,1,0,4,2,5,3,3
2022.0,-86.0,0.0,0.0,3,6,0,3,4,0,1,1,0,1,0,1,1,1,1,19,6,8,1,1,1,1,2,0,10,7,5,8,3
2022.0,0.0,0.0,0.0,3,6,0,1,4,0,1,5,0,1,0,0,5,1,1,19,6,8,1,1,1,1,1,0,6,7,5,3,3
2022.0,-50.0,1.0,0.0,3,6,0,1,4,0,0,2,1,1,0,1,2,1,1,19,6,8,1,1,1,2,2,0,10,7,5,8,3
2022.0,50.0,0.0,0.0,3,6,0,1,0,0,1,9,1,1,0,0,9,1,1,1,0,8,0,0,0,2,2,0,10,7,5,8,3
2022.0,0.0,0.0,0.0,3,3,0,1,0,0,1,2,0,1,0,1,1,1,1,4,0,8,0,0,0,1,1,0,4,2,5,3,3
2022.0,0.0,0.0,0.0,3,4,3,0,0,0,1,9,1,1,0,1,1,1,1,8,0,8,0,1,0,1,1,0,4,2,5,3,9
2022.0,-50.0,0.0,0.0,3,6,3,0,0,0,1,5,1,1,1,1,9,1,1,9,0,8,0,1,0,1,1,0,10,7,5,6,5
2022.0,-345.0,0.0,0.0,3,2,3,0,0,0,1,9,1,1,0,0,2,1,1,12,0,8,0,0,0,2,1,0,0,2,5,3,5
2022.0,100.0,0.0,0.0,3,6,3,0,0,0,0,2,1,1,0,0,2,1,1,12,0,8,0,0,0,2,0,0,6,5,5,8,3
2022.0,-415.0,0.0,0.0,3,10,3,0,0,0,2,2,1,1,0,0,2,1,1,13,0,8,0,0,0,3,1,0,6,9,5,3,2
2022.0,80.0,0.0,0.0,3,6,3,0,0,0,1,9,1,1,0,1,9,1,1,13,0,8,0,0,0,1,0,0,10,7,5,8,8
2022.0,0.0,0.0,0.0,3,10,3,0,0,0,1,9,1,1,0,1,1,1,1,14,0,8,0,0,0,1,1,0,4,4,5,9,9
2022.0,-272.0,0.0,0.0,3,6,3,0,0,0,1,1,1,1,0,1,1,1,1,14,0,8,0,0,0,1,1,0,10,7,5,3,3
2022.0,290.0,0.0,0.0,3,2,3,0,0,0,1,5,1,1,0,1,9,1,1,15,0,8,0,0,0,2,1,0,0,2,5,3,9
2022.0,0.0,0.0,0.0,3,4,3,0,0,0,0,9,1,1,0,0,1,1,1,15,0,8,0,0,0,2,1,0,5,8,5,3,9
2022.0,-180.0,0.0,0.0,3,6,3,0,0,0,0,2,0,1,0,0,2,1,1,15,0,8,0,0,0,2,1,0,10,8,5,8,8
2022.0,90.0,0.0,0.0,3,6,3,0,0,0,1,5,1,1,0,1,5,1,1,17,0,8,0,1,0,1,2,0,4,7,5,8,3
2022.0,-30.0,1.0,0.0,2,4,0,0,0,0,1,9,1,1,0,0,1,1,1,19,0,8,0,1,0,1,2,0,10,7,5,3,9
2022.0,0.0,0.0,0.0,3,4,0,0,0,0,0,1,1,1,0,0,7,1,1,0,1,8,0,0,0,1,2,0,4,2,5,3,9
2022.0,0.0,0.0,0.0,3,2,3,0,0,0,0,2,1,1,0,1,9,1,1,7,1,8,0,1,0,2,0,0,4,2,5,3,3
2022.0,400.0,1.0,0.0,1,9,3,0,0,0,1,9,1,1,0,0,1,1,1,9,1,8,0,1,0,2,2,0,6,9,5,3,3
2022.0,-25.0,0.0,0.0,3,10,3,0,0,0,1,9,1,1,0,1,9,1,1,10,1,8,0,0,0,1,1,0,6,9,5,9,9
2022.0,-60.0,0.0,0.0,3,6,3,0,0,0,1,1,1,1,0,0,1,1,1,13,1,8,0,0,0,3,1,0,10,7,5,9,3
2022.0,225.0,2.0,0.0,2,4,3,1,0,0,1,5,1,1,0,0,9,1,1,16,1,8,0,1,0,1,1,0,10,2,5,3,9
2022.0,0.0,1.0,0.0,3,4,0,0,0,0,1,4,1,1,0,0,5,1,1,19,1,8,0,1,0,1,1,0,4,2,5,3,9
2022.0,500.0,1.0,0.0,3,4,3,0,0,0,0,2,1,1,0,0,5,1,1,12,2,8,0,0,0,1,2,0,6,2,5,3,9
2022.0,-30.0,0.0,0.0,3,10,3,0,0,0,1,5,1,1,0,0,5,1,1,14,2,8,0,0,0,3,1,0,10,2,5,3,3
2022.0,0.0,0.0,0.0,3,4,3,1,0,0,1,5,1,1,0,1,9,1,1,15,2,8,0,0,0,1,2,0,5,2,5,3,9
2022.0,15.0,1.0,0.0,3,5,3,0,0,2,1,1,1,1,0,1,5,1,1,16,2,8,0,1,0,1,1,0,10,5,5,8,7
2022.0,0.0,0.0,0.0,3,4,3,0,0,0,0,2,1,0,0,1,5,1,1,17,2,8,0,1,0,1,1,0,5,2,5,3,9
2022.0,130.0,0.0,0.0,3,6,3,0,0,0,1,9,1,1,0,0,9,1,1,17,2,8,0,1,0,1,1,0,10,7,5,8,3
2022.0,0.0,0.0,0.0,3,6,3,0,0,0,1,2,1,1,0,0,2,1,1,17,2,8,0,1,0,1,1,0,6,7,5,8,3
2022.0,80.0,0.0,0.0,3,10,3,0,0,0,2,9,1,1,0,0,9,1,1,18,2,8,0,1,0,3,1,0,10,9,5,3,9
2022.0,0.0,0.0,0.0,3,4,0,0,0,0,0,5,1,1,0,1,2,1,1,19,2,8,0,1,0,0,1,0,5,2,5,3,9
2022.0,-590.0,0.0,0.0,3,4,0,0,0,0,1,1,1,1,0,1,9,1,1,19,2,8,0,1,0,1,1,0,4,2,5,3,9