Year,Distance,Totalinjuries,Totalfatalities,Injuryseverity,Collisionmanner,Lightcondition,Weather,SurfaceCondition,Unittype_One,Gender_Drv1,Traveldirection_One,AlcoholUse_Drv1,DrugUse_Drv1,Unittype_Two,Gender_Drv2,Traveldirection_Two,AlcoholUse_Drv2,DrugUse_Drv2,Hour,Weekday,Month,Weekend,Rush_Hour,Hazardous_Road,Age_Group_Drv1,Age_Group_Drv2,Substance_Use,Junction_Category,Violation_Category_Drv1,Violation_Category_Drv2,Unitaction_Category_Two,Unitaction_Category_One
2022.0,0.0,2.0,0.0,2,2,3,0,0,0,1,9,1,1,0,0,2,1,1,7,3,8,0,1,0,1,2,0,4,2,5,3,9
2022.0,0.0,0.0,0.0,3,6,3,0,0,0,1,1,1,1,0,0,1,1,1,8,3,8,0,1,0,2,1,0,3,7,5,9,9
2022.0,355.0,0.0,0.0,3,6,3,0,3,0,1,5,1,1,0,0,5,1,1,10,3,8,0,0,0,2,1,0,6,7,5,8,3
2022.0,105.0,0.0,0.0,3,6,3,0,0,0,1,5,1,1,0,1,5,1,1,10,3,8,0,0,0,2,1,0,10,8,5,8,3
2022.0,75.0,0.0,0.0,3,6,3,0,0,0,1,1,1,1,0,1,1,1,1,12,3,8,0,0,0,2,2,0,6,7,5,8,3
2022.0,-200.0,0.0,0.0,3,6,3,0,0,0,0,2,1,1,0,0,2,1,1,12,3,8,0,0,0,1,2,0,6,8,5,8,3
2022.0,250.0,0.0,0.0,3,10,0,0,0,0,1,1,1,1,0,1,1,1,1,21,3,8,0,0,0,2,1,0,6,5,5,3,2
2022.0,0.0,2.0,0.0,2,6,0,0,0,0,1,1,0,1,0,1,1,1,1,23,3,8,0,0,0,2,1,0,4,7,5,8,3
2022.0,25.0,0.0,0.0,3,6,3,1,0,0,1,2,1,1,0,1,2,1,1,7,4,8,0,1,0,2,1,0,10,7,5,8,3
2022.0,40.0,1.0,0.0,2,5,3,0,0,3,0,2,1,1,0,1,2,1,1,8,4,8,0,1,0,2,1,0,10,5,5,3,5
2022.0,-400.0,0.0,0.0,3,4,3,0,0,0,2,6,1,1,0,1,9,1,1,11,4,8,0,0,0,3,1,0,6,4,5,3,9
2022.0,0.0,0.0,0.0,3,4,3,0,0,0,1,1,1,1,0,1,9,1,1,16,4,8,0,1,0,2,1,0,4,2,5,3,9
2022.0,-510.0,2.0,0.0,2,4,3,1,0,0,1,5,1,1,0,1,2,1,1,18,4,8,0,1,0,2,2,0,4,2,5,9,3
2022.0,-150.0,0.0,0.0,3,6,0,0,0,0,1,2,1,1,0,1,2,1,1,19,4,8,0,1,0,1,1,0,10,7,5,3,3
2022.0,0.0,0.0,0.0,3,10,0,0,0,0,1,2,1,1,0,1,2,1,1,23,4,8,0,0,0,2,1,0,4,9,5,3,3
2022.0,0.0,0.0,0.0,3,6,3,0,0,0,1,1,1,1,0,1,1,1,1,10,5,8,1,0,0,0,1,0,6,7,5,8,3
2022.0,80.0,0.0,0.0,3,10,3,0,0,0,2,9,1,1,0,0,9,1,1,12,5,8,1,0,0,3,2,0,10,9,5,3,2
2022.0,0.0,1.0,0.0,3,2,3,1,0,0,1,1,1,1,0,0,5,1,1,12,5,8,1,0,0,1,2,0,4,2,5,3,9
2022.0,0.0,2.0,0.0,3,4,3,0,0,0,1,4,1,1,0,1,5,1,1,14,5,8,1,0,0,1,1,0,4,2,5,3,9
2022.0,0.0,0.0,0.0,3,2,3,0,0,0,1,9,1,1,0,0,2,1,1,14,5,8,1,0,0,2,2,0,5,2,5,3,9
2022.0,0.0,1.0,0.0,2,4,3,0,0,0,1,9,1,1,0,0,5,1,1,14,5,8,1,0,0,2,1,0,4,2,5,3,9
2022.0,0.0,1.0,0.0,3,2,3,0,0,0,0,2,1,1,0,0,1,1,1,14,5,8,1,0,0,1,1,0,5,2,5,3,9
2022.0,167.0,0.0,0.0,3,2,3,0,0,0,1,9,1,1,0,1,2,1,1,16,5,8,1,1,0,2,2,0,0,2,5,3,9
2022.0,100.0,0.0,0.0,3,4,0,0,0,0,2,1,1,1,0,0,2,1,1,19,5,8,1,1,0,3,1,0,0,2,5,3,9
2022.0,0.0,0.0,0.0,3,4,0,0,0,0,1,2,1,1,0,1,5,1,1,22,5,8,1,0,0,2,2,0,4,2,5,3,9
2022.0,0.0,0.0,0.0,3,4,0,0,0,0,1,9,1,1,0,1,1,1,1,1,6,8,1,0,0,1,1,0,4,2,5,3,9
2022.0,-196.0,0.0,0.0,3,6,0,0,0,0,0,5,1,1,0,1,5,1,1,2,6,8,1,0,0,2,2,0,6,7,5,3,3
2022.0,-300.0,0.0,0.0,3,6,3,0,0,0,2,2,1,1,0,0,2,1,1,9,6,8,1,1,0,3,1,0,6,7,5,3,3
2022.0,-345.0,0.0,0.0,3,2,3,0,0,0,0,4,1,1,0,0,9,1,1,10,6,8,1,0,0,2,2,0,0,2,5,3,9
2022.0,-215.0,0.0,0.0,3,6,3,0,0,0,1,1,1,1,0,0,1,1,1,14,6,8,1,0,0,2,2,0,6,7,5,8,3
2022.0,-268.0,0.0,0.0,3,5,3,0,0,0,1,5,1,1,1,1,1,1,1,16,6,8,1,1,0,0,1,0,6,5,5,6,1
2022.0,180.0,0.0,0.0,3,6,3,0,0,0,1,9,1,1,0,0,9,1,1,8,0,8,0,1,0,2,1,0,6,8,5,8,3
2022.0,330.0,0.0,0.0,3,10,3,0,0,0,1,9,1,1,0,0,9,1,1,8,0,8,0,1,0,2,2,0,6,9,5,3,2
2022.0,420.0,2.0,0.0,3,2,3,0,0,0,1,9,1,1,0,1,2,1,1,9,0,8,0,1,0,1,2,0,0,2,5,3,9
2022.0,51.0,1.0,0.0,3,3,3,0,0,3,0,5,1,1,0,0,2,1,1,9,0,8,0,1,0,1,2,0,6,5,5,3,7
2022.0,25.0,1.0,0.0,3,10,3,0,0,0,1,9,1,1,0,0,9,1,1,10,0,8,0,0,0,1,1,0,10,9,5,3,2
2022.0,-250.0,0.0,0.0,3,2,3,0,0,0,0,5,1,1,0,1,9,1,1,12,0,8,0,0,0,1,1,0,0,2,5,3,3
2022.0,-120.0,0.0,0.0,3,10,3,0,0,0,0,9,1,1,0,1,9,1,1,13,0,8,0,0,0,2,1,0,6,9,5,3,2
2022.0,-17.0,0.0,0.0,3,2,3,0,0,0,1,9,1,1,0,0,5,1,1,13,0,8,0,0,0,1,2,0,10,2,5,3,9
2022.0,-150.0,0.0,0.0,3,6,3,1,0,0,1,9,1,1,0,0,9,1,1,16,0,8,0,1,0,2,2,0,6,7,5,8,3
2022.0,284.0,0.0,0.0,3,2,3,0,0,0,1,7,0,1,0,1,9,1,1,17,0,8,0,1,0,1,1,0,0,2,5,3,9
2022.0,0.0,0.0,0.0,3,2,3,0,0,0,0,5,1,1,0,0,1,1,1,18,0,8,0,1,0,1,2,0,4,2,5,3,3
2022.0,74.0,0.0,0.0,3,10,0,0,0,0,1,1,1,1,0,1,1,1,1,19,0,8,0,1,0,1,1,0,10,9,5,3,0
2022.0,-5.0,1.0,0.0,2,4,0,0,0,0,1,5,1,1,0,1,1,1,1,20,0,8,0,0,0,1,1,0,10,5,5,3,9
2022.0,0.0,0.0,0.0,3,2,0,0,0,0,1,9,1,1,0,1,5,1,1,21,0,8,0,0,0,2,1,0,4,2,5,3,9
2022.0,0.0,1.0,0.0,1,4,0,0,0,0,1,2,1,1,0,1,5,1,1,22,0,8,0,0,0,1,2,0,4,4,5,3,9
2022.0,-200.0,1.0,0.0,2,5,0,0,0,3,1,2,0,1,0,0,1,1,1,22,0,8,0,0,0,2,2,0,0,6,5,3,7
2022.0,62.0,0.0,0.0,3,5,2,0,0,0,1,2,1,1,0,0,5,1,1,4,1,8,0,0,0,1,0,0,10,5,5,3,9
2022.0,350.0,0.0,0.0,3,6,3,0,0,0,0,2,1,1,0,1,2,1,1,8,1,8,0,1,0,2,1,0,6,8,5,8,3
2022.0,-120.0,0.0,0.0,3,10,3,0,0,0,1,2,1,1,0,1,2,1,1,12,1,8,0,0,0,0,1,0,10,9,5,3,2
2022.0,82.0,0.0,0.0,3,6,3,0,0,0,2,5,1,1,0,1,5,1,1,13,1,8,0,0,0,3,1,0,10,8,5,8,3
2022.0,80.0,0.0,0.0,3,10,3,0,0,0,1,5,1,1,0,0,5,1,1,14,1,8,0,0,0,3,2,0,10,7,5,3,2
2022.0,120.0,0.0,0.0,3,6,3,0,0,0,1,9,1,1,0,1,9,1,1,14,1,8,0,0,0,1,0,0,10,8,5,8,3
2022.0,100.0,0.0,0.0,3,6,3,0,0,0,1,5,1,1,0,0,5,1,1,15,1,8,0,0,0,3,2,0,10,8,5,8,3
2022.0,770.0,2.0,0.0,3,10,3,0,0,0,0,9,1,1,0,0,9,1,1,16,1,8,0,1,0,1,1,0,0,5,5,3,0
2022.0,-47.0,0.0,0.0,3,2,3,1,0,0,1,1,1,1,0,1,5,1,1,16,1,8,0,1,0,2,2,0,3,5,5,3,5
2022.0,12.0,0.0,0.0,3,6,3,0,0,0,0,9,1,1,0,0,9,1,1,18,1,8,0,1,0,1,2,0,10,9,5,8,1
2022.0,10.0,0.0,0.0,3,10,0,0,0,0,1,5,1,1,0,1,5,1,1,21,1,8,0,0,0,3,2,0,10,7,5,3,3
2022.0,-15.0,0.0,0.0,3,6,3,0,0,0,0,2,1,1,0,1,2,1,1,21,1,8,0,0,0,1,0,0,10,5,5,3,3
2022.0,-250.0,0.0,0.0,3,6,0,0,0,0,2,1,1,1,0,1,1,1,1,22,1,8,0,0,0,3,1,0,10,7,5,8,3
2022.0,0.0,0.0,0.0,3,10,0,0,0,0,0,1,1,1,0,1,1,1,1,23,1,8,0,0,0,1,1,0,10,4,5,9,9
2022.0,-120.0,0.0,0.0,3,10,3,0,0,0,2,5,1,1,0,0,5,1,1,10,2,8,0,0,0,3,1,0,6,9,5,3,2
2022.0,455.0,1.0,0.0,3,5,3,0,0,2,1,9,1,1,0,1,2,1,1,11,2,8,0,0,0,1,1,0,0,5,5,8,3
2022.0,25.0,1.0,0.0,3,10,3,0,0,0,1,1,1,1,0,1,1,1,1,13,2,8,0,0,0,1,1,0,6,9,5,3,3
2022.0,-580.0,1.0,0.0,2,6,3,0,0,0,1,9,1,1,0,0,9,1,1,13,2,8,0,0,0,1,2,0,6,7,5,8,3
2022.0,-26.0,0.0,0.0,3,2,3,0,0,0,0,1,1,1,0,1,5,1,1,13,2,8,0,0,0,1,1,0,10,2,5,3,9
2022.0,0.0,0.0,0.0,3,6,3,0,0,0,0,9,1,1,0,0,9,1,1,13,2,8,0,0,0,2,1,0,3,7,5,8,8
2022.0,-95.0,0.0,0.0,3,6,3,0,0,0,2,1,1,1,0,0,1,1,1,14,2,8,0,0,0,3,1,0,10,8,5,8,3
2022.0,300.0,0.0,0.0,3,10,3,0,0,0,1,5,1,1,0,1,5,1,1,14,2,8,0,0,0,1,1,0,6,9,5,3,2
2022.0,0.0,0.0,0.0,3,2,3,0,0,0,1,6,1,1,0,1,3,1,1,15,2,8,0,0,0,3,0,0,4,2,5,9,3
2022.0,0.0,3.0,0.0,2,2,3,0,0,0,0,1,1,1,0,0,5,1,1,16,2,8,0,1,0,2,0,0,5,2,5,3,9
2022.0,-20.0,0.0,0.0,3,4,3,0,0,0,1,1,1,1,0,0,1,1,1,16,2,8,0,1,0,1,2,0,10,7,5,8,3
2022.0,0.0,0.0,0.0,3,4,0,1,0,0,0,1,1,1,0,1,9,1,1,19,2,8,0,1,0,0,0,0,4,2,5,9,3
2022.0,0.0,0.0,0.0,3,2,3,0,0,0,0,9,1,1,0,0,2,1,1,7,3,8,0,1,0,0,1,0,4,5,5,3,3
2022.0,-340.0,0.0,0.0,3,10,3,0,0,0,0,2,1,1,0,0,2,1,1,9,3,8,0,1,0,0,1,0,6,5,5,3,3
2022.0,-89.0,0.0,0.0,3,6,3,0,0,0,0,1,1,1,1,1,1,1,1,9,3,8,0,1,0,2,1,0,6,7,5,8,3
2022.0,75.0,0.0,0.0,3,10,3,0,0,0,2,2,1,1,0,0,2,1,1,12,3,8,0,0,0,3,2,0,6,9,5,3,2
2022.0,100.0,1.0,0.0,3,6,3,0,0,0,1,9,1,1,0,1,9,1,1,14,3,8,0,0,0,2,1,0,6,7,5,8,3
2022.0,90.0,0.0,0.0,3,10,3,0,0,0,1,5,1,1,0,1,5,1,1,15,3,8,0,0,0,1,1,0,10,9,5,3,2
2022.0,0.0,0.0,0.0,3,2,3,0,0,0,1,1,1,1,0,1,2,1,1,15,3,8,0,0,0,1,1,0,4,2,5,3,3
2022.0,100.0,0.0,0.0,3,6,3,0,0,0,1,5,1,1,0,0,5,1,1,16,3,8,0,1,0,1,1,0,10,7,5,8,3
2022.0,0.0,1.0,0.0,2,4,3,0,0,0,1,2,1,1,0,0,5,1,1,16,3,8,0,1,0,1,1,0,4,5,5,3,9
2022.0,20.0,1.0,0.0,3,5,3,1,0,2,1,1,1,1,0,0,5,1,1,16,3,8,0,1,0,1,1,0,10,2,5,9,5
2022.0,200.0,0.0,0.0,3,6,3,0,0,0,1,5,1,1,0,1,5,1,1,17,3,8,0,1,0,1,1,0,10,8,5,8,3
2022.0,917.0,0.0,0.0,3,6,0,0,0,0,1,1,1,1,0,0,1,1,1,19,3,8,0,1,0,1,1,0,6,8,5,8,3
2022.0,135.0,1.0,0.0,3,5,4,0,0,0,2,1,1,1,2,0,1,1,1,19,3,8,0,1,0,3,2,0,6,4,5,3,9
2022.0,0.0,2.0,0.0,2,4,0,0,0,0,0,5,1,1,0,1,1,1,1,20,3,8,0,0,0,1,2,0,4,2,5,9,3
2022.0,0.0,0.0,0.0,3,2,2,4,3,0,2,1,1,1,0,1,2,1,1,6,4,8,0,0,0,3,1,0,4,2,5,3,3
2022.0,386.0,0.0,0.0,3,2,3,0,0,0,0,9,1,1,0,0,5,1,1,7,4,8,0,1,0,2,2,0,0,5,5,9,3
2022.0,-45.0,1.0,1.0,0,5,3,0,0,3,0,2,1,1,0,1,9,1,1,9,4,8,0,1,0,2,1,0,10,5,5,3,7
2022.0,310.0,0.0,0.0,3,12,3,0,3,0,2,8,1,1,1,1,1,1,1,10,4,8,0,0,0,3,1,0,6,5,5,6,5
2022.0,-330.0,1.0,0.0,3,11,3,1,0,0,1,9,1,1,0,1,9,1,1,12,4,8,0,0,0,1,1,0,6,2,5,3,9
2022.0,-325.0,0.0,0.0,3,6,3,0,0,0,1,2,1,1,0,1,2,1,1,12,4,8,0,0,0,2,1,0,6,5,5,8,3
2022.0,-50.0,0.0,0.0,3,6,3,0,0,0,2,1,1,1,0,1,1,1,1,14,4,8,0,0,0,3,0,0,10,7,5,8,3
2022.0,278.0,0.0,0.0,3,10,3,0,0,0,0,2,1,1,0,1,2,1,1,16,4,8,0,1,0,2,1,0,6,7,5,8,2
2022.0,-30.0,0.0,0.0,3,10,3,0,0,0,2,2,1,1,0,1,2,1,1,17,4,8,0,1,0,3,1,0,10,9,5,3,2
2022.0,75.0,0.0,0.0,3,10,3,0,0,0,2,9,1,1,0,0,9,1,1,17,4,8,0,1,0,3,2,0,6,9,5,3,2
2022.0,0.0,1.0,0.0,3,6,0,0,0,0,1,1,0,1,0,1,1,1,1,2,5,8,1,0,0,1,2,0,3,7,5,8,3
2022.0,-25.0,1.0,0.0,3,6,0,0,0,0,0,2,1,1,0,1,2,0,1,4,5,8,1,0,0,1,1,0,10,7,5,8,3
2022.0,-100.0,0.0,0.0,3,10,5,4,0,0,2,2,1,1,0,1,2,1,1,7,5,8,1,1,0,3,1,0,6,9,5,3,2
2022.0,0.0,0.0,0.0,3,11,3,4,0,0,1,9,1,1,0,0,1,1,1,10,5,8,1,0,0,0,1,0,4,4,5,3,9
2022.0,0.0,1.0,0.0,2,6,3,0,0,0,0,6,1,1,0,0,6,1,1,12,5,8,1,0,0,2,1,0,10,8,5,9,9
2022.0,0.0,3.0,0.0,2,4,3,0,0,0,1,4,1,1,0,0,5,1,1,14,5,8,1,0,0,1,2,0,5,2,5,3,9
2022.0,111.0,2.0,0.0,3,6,3,0,0,0,0,5,1,1,0,0,5,1,1,16,5,8,1,1,0,1,1,0,10,7,5,3,3
2022.0,100.0,0.0,0.0,3,10,3,0,0,0,1,9,1,1,0,1,9,1,1,16,5,8,1,1,0,2,0,0,6,9,5,3,2
2022.0,15.0,0.0,0.0,3,6,3,1,0,0,1,5,1,1,0,1,5,1,1,16,5,8,1,1,0,3,1,0,10,7,5,3,3
2022.0,-15.0,0.0,0.0,3,6,4,0,0,0,2,2,1,1,0,1,2,1,1,19,5,8,1,1,0,3,2,0,10,5,5,8,5
2022.0,0.0,0.0,0.0,3,4,0,1,0,0,0,2,1,1,0,1,1,1,1,19,5,8,1,1,0,0,1,0,4,2,5,9,3
2022.0,0.0,0.0,0.0,3,6,0,0,0,0,2,2,1,1,0,0,2,1,1,20,5,8,1,0,0,3,1,0,4,7,5,8,3
2022.0,-5.0,1.0,0.0,3,4,0,0,0,3,0,5,1,1,0,1,4,1,1,21,5,8,1,0,0,1,1,0,10,2,5,9,7
2022.0,0.0,0.0,0.0,3,6,3,0,0,0,0,2,1,1,0,1,2,1,1,17,6,8,1,1,0,1,1,0,5,5,5,9,3
2022.0,-5.0,1.0,0.0,2,5,3,0,0,0,1,1,1,1,3,1,1,1,1,17,6,8,1,1,0,2,2,0,4,2,5,7,9
2022.0,385.0,0.0,0.0,3,6,0,0,0,0,0,2,1,1,0,1,2,1,1,19,6,8,1,1,0,1,1,0,6,7,5,3,3
2022.0,0.0,1.0,0.0,3,4,0,0,0,0,1,9,1,1,0,0,1,1,1,22,6,8,1,0,0,2,2,0,4,2,5,3,9
2022.0,15.0,1.0,0.0,1,5,3,0,0,2,1,9,1,1,0,0,1,1,1,6,0,8,0,0,0,2,2,0,10,2,5,9,7
2022.0,0.0,1.0,0.0,3,4,3,0,0,0,2,5,1,1,0,0,2,1,1,7,0,8,0,1,0,3,2,0,5,2,5,3,9
2022.0,0.0,0.0,0.0,3,4,3,0,0,0,1,7,1,1,0,1,2,1,1,7,0,8,0,1,0,1,1,0,4,2,5,3,9
2022.0,30.0,0.0,0.0,3,6,3,0,0,0,1,5,1,1,0,0,5,1,1,11,0,8,0,0,0,1,1,0,10,7,5,8,3
2022.0,0.0,0.0,0.0,3,2,3,0,0,0,0,9,1,1,0,1,5,1,1,14,0,8,0,0,0,2,1,0,4,2,5,3,3
2022.0,104.0,0.0,0.0,3,6,3,0,0,0,1,1,1,1,0,1,1,1,1,15,0,8,0,0,0,2,2,0,6,5,5,8,5
2022.0,76.0,0.0,0.0,3,10,3,0,0,0,1,5,1,1,0,1,5,1,1,16,0,8,0,1,0,2,2,0,10,5,5,2,2
2022.0,-38.0,0.0,0.0,3,10,3,0,0,0,2,1,1,1,0,1,1,1,1,18,0,8,0,1,0,3,0,0,10,5,5,8,9
2022.0,-20.0,0.0,0.0,3,6,0,0,0,0,1,2,1,1,0,0,2,1,1,19,0,8,0,1,0,1,1,0,10,5,5,8,5
2022.0,0.0,0.0,0.0,3,4,0,0,0,0,0,1,1,1,0,1,5,1,1,23,0,8,0,0,0,1,1,0,4,5,5,3,9
2022.0,75.0,0.0,0.0,3,10,3,0,0,0,1,9,1,1,0,0,9,1,1,10,1,8,0,0,0,3,2,0,6,9,5,3,2
2022.0,-110.0,0.0,0.0,3,6,3,0,0,0,1,1,1,1,0,1,1,1,1,11,1,8,0,0,0,2,1,0,10,7,5,8,3
2022.0,292.0,1.0,0.0,3,6,3,0,0,0,1,5,1,1,0,1,5,1,1,11,1,8,0,0,0,3,1,0,6,7,5,8,3
2022.0,-180.0,0.0,0.0,3,6,3,0,0,0,0,9,1,1,0,1,9,1,1,12,1,8,0,0,0,0,0,0,6,9,5,8,2
2022.0,0.0,0.0,0.0,3,6,3,0,0,0,0,9,1,1,0,0,9,1,1,12,1,8,0,0,0,2,2,0,3,7,5,8,3
2022.0,-30.0,0.0,0.0,3,6,3,0,0,0,2,2,1,1,0,1,2,1,1,14,1,8,0,0,0,3,1,0,10,7,5,8,3
2022.0,80.0,0.0,0.0,3,2,3,0,0,0,0,1,1,1,0,0,0,1,1,14,1,8,0,0,0,2,1,0,6,9,5,3,2
2022.0,0.0,1.0,0.0,1,2,3,0,0,0,1,1,1,1,0,0,5,1,1,14,1,8,0,0,0,1,1,0,4,5,5,9,3
2022.0,200.0,0.0,0.0,3,6,3,0,0,0,0,2,1,1,0,0,2,1,1,15,1,8,0,0,0,2,1,0,6,7,5,8,3
2022.0,0.0,2.0,0.0,2,6,3,0,0,0,1,9,1,1,0,0,9,1,1,17,1,8,0,1,0,0,1,0,4,7,5,8,3
2022.0,-118.0,2.0,0.0,3,6,3,0,0,0,0,5,1,1,0,1,5,1,1,17,1,8,0,1,0,2,0,0,6,8,5,8,3
2022.0,-460.0,1.0,0.0,3,6,4,0,0,0,1,9,1,1,0,0,9,1,1,17,1,8,0,1,0,1,1,0,0,7,5,8,3
2022.0,75.0,1.0,0.0,2,6,3,0,0,0,1,9,1,1,0,1,9,1,1,19,1,8,0,1,0,1,1,0,10,7,5,8,3
2022.0,-68.0,0.0,0.0,3,6,0,0,0,0,0,1,1,1,0,0,1,1,1,21,1,8,0,0,0,2,2,0,10,5,7,3,3
2022.0,-225.0,0.0,0.0,3,2,0,0,0,0,1,1,1,1,0,0,5,1,1,1,2,8,0,0,0,2,1,0,0,2,5,3,9
2022.0,0.0,0.0,0.0,3,2,3,0,0,0,1,5,1,1,0,1,1,1,1,10,2,8,0,0,0,0,1,0,4,2,5,3,3
2022.0,-50.0,0.0,0.0,3,2,3,0,0,0,2,1,1,1,0,0,1,1,1,10,2,8,0,0,0,3,2,0,4,9,5,3,2
2022.0,340.0,1.0,0.0,3,4,3,0,0,0,1,1,1,1,0,0,5,1,1,12,2,8,0,0,0,1,1,0,0,2,5,3,9
2022.0,95.0,0.0,0.0,3,10,3,0,0,0,1,5,1,1,0,1,5,1,1,14,2,8,0,0,0,1,1,0,10,9,5,3,2
2022.0,182.0,0.0,0.0,3,6,3,0,0,0,0,2,1,1,1,1,2,1,1,14,2,8,0,0,0,1,1,0,6,5,5,8,3
2022.0,-177.0,1.0,0.0,2,5,3,0,0,2,1,9,1,1,0,1,2,1,1,15,2,8,0,0,0,1,1,0,6,5,5,3,7
2022.0,0.0,0.0,0.0,3,4,0,0,0,0,0,5,1,1,0,1,1,1,1,19,2,8,0,1,0,1,1,0,5,5,5,3,9
2022.0,0.0,0.0,0.0,3,4,0,0,0,0,0,5,1,1,0,1,2,1,1,19,2,8,0,1,0,2,2,0,4,2,5,3,9
2022.0,0.0,0.0,0.0,3,4,0,0,0,0,0,4,1,1,0,0,5,1,1,1,3,9,0,0,0,2,2,0,4,2,5,3,9
2022.0,0.0,0.0,0.0,3,10,3,0,0,0,1,5,1,1,0,1,5,1,1,6,3,9,0,0,0,2,1,0,4,2,5,9,9
2022.0,0.0,0.0,0.0,3,4,3,0,0,0,1,9,1,1,0,1,2,1,1,6,3,9,0,0,0,1,1,0,4,2,5,3,9
2022.0,-46.0,1.0,0.0,3,5,3,0,0,0,1,1,1,1,3,0,2,1,1,7,3,9,0,1,0,0,1,0,10,2,5,7,9
2022.0,67.0,1.0,0.0,3,10,3,0,0,0,0,9,1,1,0,0,2,1,1,12,3,9,0,0,0,0,1,0,10,2,5,3,9
2022.0,-302.0,1.0,0.0,2,6,3,0,0,0,1,2,1,1,0,1,2,1,1,13,3,9,0,0,0,1,1,0,6,8,5,8,3
2022.0,0.0,3.0,0.0,2,2,3,0,0,0,1,9,1,0,0,1,5,1,1,13,3,9,0,0,0,1,1,0,4,7,5,3,3
2022.0,275.0,0.0,0.0,3,2,3,0,0,0,1,5,1,1,0,0,9,1,1,14,3,9,0,0,0,2,1,0,0,4,5,8,9
2022.0,30.0,0.0,0.0,3,6,3,0,0,0,1,5,1,1,0,1,5,1,1,15,3,9,0,0,0,1,2,0,10,7,5,3,3
2022.0,-15.0,1.0,0.0,2,5,3,0,0,3,1,2,1,1,0,1,9,1,1,15,3,9,0,0,0,2,2,0,10,2,5,3,7
2022.0,-100.0,0.0,0.0,3,4,3,0,0,0,0,9,1,1,0,1,1,1,1,16,3,9,0,1,0,1,1,0,10,2,5,3,9
2022.0,-100.0,0.0,0.0,3,6,3,1,0,0,1,5,1,1,0,0,5,1,1,16,3,9,0,1,0,1,1,0,6,7,5,8,3
2022.0,200.0,1.0,0.0,2,10,3,0,0,0,1,1,1,1,0,0,1,1,1,17,3,9,0,1,0,1,1,0,6,9,5,3,3
2022.0,100.0,0.0,0.0,3,10,3,0,0,0,0,9,1,1,0,0,9,1,1,17,3,9,0,1,0,1,0,0,10,9,5,8,2
2022.0,15.0,0.0,0.0,3,10,3,0,0,0,2,9,1,1,0,1,9,1,1,7,4,9,0,1,0,3,1,0,10,9,5,3,2
2022.0,87.0,0.0,0.0,3,6,3,0,0,0,0,9,1,1,0,0,9,1,1,7,4,9,0,1,0,1,1,0,10,7,5,8,3
2022.0,200.0,0.0,0.0,3,10,3,0,0,0,1,9,1,1,0,1,9,1,1,7,4,9,0,1,0,1,1,0,6,9,5,3,3
2022.0,0.0,0.0,0.0,3,6,3,0,0,0,0,1,1,1,0,1,1,1,1,8,4,9,0,1,0,1,1,0,3,5,5,5,5
2022.0,100.0,0.0,0.0,3,2,3,0,0,0,0,2,1,1,0,0,9,1,1,8,4,9,0,1,0,1,1,0,10,4,5,3,9
2022.0,10.0,2.0,0.0,3,11,3,0,0,0,1,9,1,1,0,0,1,1,1,8,4,9,0,1,0,1,1,0,10,4,5,3,9
2022.0,30.0,1.0,0.0,1,11,3,0,0,0,1,5,1,1,0,1,5,1,1,9,4,9,0,1,0,1,2,0,6,9,5,3,9
2022.0,175.0,0.0,0.0,3,6,3,0,0,0,0,2,1,1,0,1,2,1,1,12,4,9,0,0,0,1,1,0,6,7,5,8,3
2022.0,0.0,3.0,0.0,2,6,3,0,0,0,0,9,1,1,0,0,9,1,1,16,4,9,0,1,0,2,1,0,3,7,5,8,9
2022.0,20.0,0.0,0.0,3,6,3,0,0,0,2,2,1,1,0,1,2,1,1,17,4,9,0,1,0,3,1,0,6,7,5,3,5
2022.0,-95.0,0.0,0.0,3,6,3,0,0,0,1,2,1,1,0,1,2,1,1,18,4,9,0,1,0,0,1,0,10,7,5,8,3
2022.0,154.0,0.0,0.0,3,6,0,0,0,0,1,2,0,1,0,0,2,1,1,20,4,9,0,0,0,1,0,0,10,7,5,8,3
2022.0,-276.0,5.0,0.0,1,4,3,0,0,0,0,9,1,1,0,1,2,1,1,17,5,9,1,1,0,1,1,0,0,2,5,3,9
2022.0,0.0,2.0,0.0,2,4,0,0,0,0,0,1,1,1,0,0,9,1,1,20,5,9,1,0,0,2,2,0,4,2,5,3,9
2022.0,0.0,3.0,0.0,2,2,3,0,0,0,0,2,1,1,0,1,5,1,1,12,6,9,1,0,0,2,2,0,4,2,5,9,3
2022.0,0.0,1.0,0.0,3,2,3,0,0,0,1,1,1,1,0,1,5,1,1,13,6,9,1,0,0,1,0,0,4,2,5,3,3
2022.0,15.0,1.0,0.0,2,5,3,0,0,3,0,5,1,1,0,0,9,1,1,17,6,9,1,1,0,2,0,0,10,2,5,9,7
2022.0,-84.0,0.0,0.0,3,6,4,0,0,0,2,1,1,1,0,1,1,1,1,19,6,9,1,1,0,3,0,0,10,7,5,8,3
2022.0,-200.0,0.0,0.0,3,6,0,0,0,0,1,2,1,1,0,0,2,1,1,19,6,9,1,1,0,2,2,0,10,8,5,3,3
2022.0,10.0,0.0,0.0,3,4,0,0,0,0,1,3,1,1,0,1,2,1,1,20,6,9,1,0,0,0,2,0,10,2,5,3,9
2022.0,0.0,0.0,0.0,3,6,4,0,0,0,1,9,1,1,0,0,9,1,1,18,0,9,0,1,0,3,1,0,4,7,5,5,5
2022.0,0.0,2.0,0.0,3,6,3,0,0,0,0,1,1,1,0,1,9,1,1,7,1,9,0,1,0,1,1,0,6,7,5,8,3