Year,Distance,Totalinjuries,Totalfatalities,Injuryseverity,Collisionmanner,Lightcondition,Weather,SurfaceCondition,Unittype_One,Gender_Drv1,Traveldirection_One,AlcoholUse_Drv1,DrugUse_Drv1,Unittype_Two,Gender_Drv2,Traveldirection_Two,AlcoholUse_Drv2,DrugUse_Drv2,Hour,Weekday,Month,Weekend,Rush_Hour,Hazardous_Road,Age_Group_Drv1,Age_Group_Drv2,Substance_Use,Junction_Category,Violation_Category_Drv1,Violation_Category_Drv2,Unitaction_Category_Two,Unitaction_Category_One
2022.0,-10.0,1.0,0.0,2,5,3,0,0,2,0,5,1,1,0,1,7,1,1,8,1,9,0,1,0,0,1,0,10,2,5,9,3
2022.0,-30.0,1.0,0.0,2,5,3,0,0,3,1,1,1,1,0,1,9,1,1,8,1,9,0,1,0,2,1,0,10,2,5,9,7
2022.0,71.0,0.0,0.0,3,6,3,0,0,0,0,9,1,1,0,1,9,1,1,8,1,9,0,1,0,2,2,0,10,7,5,8,3
2022.0,159.0,0.0,0.0,3,6,3,0,0,0,1,5,1,1,0,0,5,1,1,11,1,9,0,0,0,2,1,0,6,7,5,8,3
2022.0,86.0,0.0,0.0,3,2,3,0,0,0,0,2,1,1,0,0,1,1,1,12,1,9,0,0,0,0,1,0,6,2,5,3,9
2022.0,-299.0,0.0,0.0,3,10,3,0,0,0,1,1,1,1,0,1,1,1,1,15,1,9,0,0,0,2,1,0,0,4,5,9,9
2022.0,260.0,2.0,0.0,2,4,3,0,0,0,0,5,1,1,0,1,9,1,1,16,1,9,0,1,0,1,0,0,0,2,5,3,9
2022.0,70.0,1.0,0.0,2,2,4,0,0,0,1,2,1,1,0,1,1,1,1,18,1,9,0,1,0,1,2,0,10,4,5,3,9
2022.0,30.0,0.0,0.0,3,6,0,0,0,0,2,5,1,1,0,0,5,1,1,21,1,9,0,0,0,3,2,0,10,7,5,8,9
2022.0,0.0,0.0,0.0,3,4,0,0,0,0,1,5,0,1,0,0,2,1,1,21,1,9,0,0,0,1,1,0,4,2,5,3,9
2022.0,-46.0,0.0,0.0,3,10,3,0,0,0,2,5,1,1,0,0,5,1,1,12,2,9,0,0,0,3,2,0,6,9,5,3,3
2022.0,-80.0,2.0,0.0,2,4,3,0,0,0,1,7,0,1,0,1,2,1,1,12,2,9,0,0,0,2,1,0,10,5,5,8,9
2022.0,-200.0,0.0,0.0,3,2,3,0,0,0,0,2,1,1,0,0,2,1,1,13,2,9,0,0,0,1,1,0,10,2,5,3,9
2022.0,-459.0,0.0,0.0,3,6,3,0,0,0,0,2,1,1,0,0,2,1,1,14,2,9,0,0,0,2,2,0,6,8,5,8,3
2022.0,0.0,0.0,0.0,3,2,3,0,0,0,0,1,1,1,0,0,5,1,1,17,2,9,0,1,0,1,1,0,4,2,5,9,3
2022.0,500.0,0.0,0.0,3,10,4,0,0,0,0,9,1,1,0,1,9,1,1,17,2,9,0,1,0,1,1,0,10,9,5,3,2
2022.0,0.0,1.0,0.0,2,4,0,0,0,3,1,9,1,1,0,0,1,1,1,18,2,9,0,1,0,2,2,0,4,6,5,9,7
2022.0,-281.0,0.0,0.0,3,4,0,0,0,0,1,1,1,1,0,1,2,1,1,19,2,9,0,1,0,1,1,0,6,2,5,3,9
2022.0,0.0,4.0,0.0,3,4,0,0,0,0,0,2,1,1,0,1,5,1,1,20,2,9,0,0,0,1,0,0,5,2,5,3,9
2022.0,15.0,1.0,0.0,2,5,0,0,0,2,1,5,1,1,0,1,1,1,1,22,2,9,0,0,0,1,2,0,10,2,5,9,7
2022.0,0.0,0.0,0.0,3,10,3,0,0,0,1,1,1,1,0,1,1,1,1,7,3,9,0,1,0,2,1,0,3,9,5,3,3
2022.0,-270.0,0.0,0.0,3,10,3,1,0,0,0,2,1,1,0,0,2,1,1,8,3,9,0,1,0,0,1,0,6,9,5,3,2
2022.0,0.0,0.0,0.0,3,6,3,1,0,0,0,1,1,1,0,1,1,1,1,9,3,9,0,1,0,1,2,0,10,8,5,9,9
2022.0,-193.0,0.0,0.0,3,10,3,1,0,0,0,2,1,1,0,1,2,1,1,10,3,9,0,0,0,1,1,0,6,9,5,3,2
2022.0,-98.0,0.0,0.0,3,6,3,1,0,0,0,1,1,1,0,1,1,1,1,10,3,9,0,0,0,2,1,0,10,8,5,8,3
2022.0,-230.0,1.0,0.0,3,5,3,0,0,3,0,5,1,1,0,0,9,1,1,10,3,9,0,0,0,2,1,0,0,5,5,9,7
2022.0,376.0,0.0,0.0,3,4,3,0,0,0,1,5,1,1,0,0,2,1,1,12,3,9,0,0,0,2,2,0,6,2,5,3,9
2022.0,169.0,0.0,0.0,3,6,3,0,0,0,0,5,1,1,0,0,5,1,1,14,3,9,0,0,0,1,1,0,10,8,5,8,3
2022.0,0.0,0.0,0.0,3,2,3,0,0,0,0,1,1,1,0,1,5,1,0,15,3,9,0,0,0,1,2,0,5,2,5,3,9
2022.0,0.0,0.0,0.0,3,4,3,0,0,0,2,2,1,1,0,1,5,1,1,16,3,9,0,1,0,3,0,0,4,2,5,3,9
2022.0,-205.0,1.0,0.0,2,5,0,0,0,0,0,5,1,1,2,1,1,1,1,20,3,9,0,0,0,1,2,0,0,2,5,3,9
2022.0,5.0,0.0,0.0,3,2,0,0,0,0,0,5,1,1,0,1,9,1,1,23,3,9,0,0,0,1,2,0,5,2,5,3,9
2022.0,75.0,2.0,0.0,2,6,0,0,0,0,0,5,0,1,0,1,5,1,1,1,4,9,0,0,0,2,1,0,10,7,5,8,3
2022.0,240.0,0.0,0.0,3,9,3,0,0,0,0,1,1,1,0,0,9,1,1,8,4,9,0,1,0,1,1,0,0,2,5,3,3
2022.0,376.0,0.0,0.0,3,10,3,0,0,0,1,5,1,1,0,1,5,1,1,11,4,9,0,0,0,1,0,0,6,9,5,3,2
2022.0,448.0,0.0,0.0,3,4,3,0,0,0,0,9,1,1,0,1,2,1,1,11,4,9,0,0,0,1,2,0,6,2,5,3,9
2022.0,0.0,0.0,0.0,3,10,3,0,0,0,1,9,1,1,0,1,9,1,1,12,4,9,0,0,0,1,2,0,0,4,5,3,9
2022.0,0.0,2.0,0.0,2,2,3,0,0,0,1,5,0,1,0,1,1,1,1,13,4,9,0,0,0,1,1,0,4,2,5,3,3
2022.0,0.0,1.0,0.0,3,4,3,0,0,0,0,6,1,1,0,1,1,1,1,13,4,9,0,0,0,2,2,0,10,2,5,3,9
2022.0,0.0,1.0,0.0,2,2,3,0,0,0,0,5,1,1,0,1,9,1,1,13,4,9,0,0,0,1,1,0,4,5,5,3,3
2022.0,-100.0,1.0,0.0,3,10,3,0,0,0,1,2,1,1,0,1,2,1,1,13,4,9,0,0,0,0,1,0,6,5,5,5,5
2022.0,0.0,0.0,0.0,3,4,3,1,0,0,1,1,1,1,0,1,9,1,1,15,4,9,0,0,0,1,1,0,5,2,5,3,9
2022.0,0.0,0.0,0.0,3,10,4,0,0,0,1,9,1,1,0,1,9,1,1,19,4,9,0,1,0,0,1,0,4,5,5,3,3
2022.0,49.0,0.0,0.0,3,6,0,3,0,0,1,5,1,1,0,0,5,1,1,19,4,9,0,1,0,2,2,0,10,7,5,8,3
2022.0,-140.0,0.0,0.0,3,10,0,3,4,0,1,9,1,1,0,0,9,1,1,20,4,9,0,0,1,2,1,0,6,7,5,3,3
2022.0,0.0,2.0,0.0,1,4,0,3,4,0,1,1,1,1,0,0,9,1,1,22,4,9,0,0,1,2,2,0,4,2,5,3,9
2022.0,0.0,1.0,0.0,3,6,0,3,4,0,0,9,1,1,0,0,9,1,1,1,5,9,1,0,1,1,0,0,3,7,5,8,2
2022.0,88.0,0.0,0.0,3,6,0,0,0,0,1,9,0,1,0,0,9,1,1,1,5,9,1,0,0,2,2,0,10,7,5,8,3
2022.0,0.0,0.0,0.0,3,6,3,0,0,0,2,5,1,1,0,1,5,1,1,8,5,9,1,1,0,3,2,0,10,5,5,8,5
2022.0,-200.0,0.0,0.0,3,10,3,4,3,0,0,5,1,1,0,0,5,1,1,9,5,9,1,1,0,1,2,0,10,9,5,9,9
2022.0,0.0,0.0,0.0,3,2,3,0,0,0,1,5,1,1,0,0,9,1,1,10,5,9,1,0,0,1,0,0,4,2,5,3,9
2022.0,-200.0,0.0,0.0,3,10,3,0,0,0,2,2,1,1,0,1,2,1,1,11,5,9,1,0,0,3,1,0,0,9,5,3,2
2022.0,50.0,0.0,0.0,3,6,3,4,3,0,2,2,1,1,0,0,2,1,1,12,5,9,1,0,0,3,2,0,10,5,5,8,5
2022.0,0.0,1.0,0.0,3,4,3,0,0,0,1,5,1,1,0,1,1,1,1,12,5,9,1,0,0,2,0,0,5,2,5,9,9
2022.0,96.0,0.0,0.0,3,6,3,0,0,0,1,9,1,1,0,0,9,1,1,15,5,9,1,0,0,1,2,0,10,7,5,8,3
2022.0,15.0,1.0,0.0,3,6,3,0,0,0,0,9,1,1,0,1,9,1,1,15,5,9,1,0,0,2,1,0,10,8,5,3,3
2022.0,207.0,0.0,0.0,3,11,3,0,0,0,0,9,1,1,0,1,1,1,1,17,5,9,1,1,0,2,1,0,6,4,5,3,9
2022.0,-99.0,0.0,0.0,3,6,0,0,0,0,0,1,0,1,0,1,1,1,1,19,5,9,1,1,0,2,1,0,10,7,5,8,3
2022.0,114.0,0.0,0.0,3,2,0,0,0,0,1,1,1,1,0,0,5,1,1,21,5,9,1,0,0,1,0,0,6,5,5,8,2
2022.0,-87.0,0.0,0.0,3,6,3,0,3,0,2,2,1,1,0,1,2,1,1,8,6,9,1,1,0,3,1,0,10,5,5,8,5
2022.0,0.0,0.0,0.0,3,2,3,0,0,0,1,1,1,1,0,0,5,1,1,10,6,9,1,0,0,1,2,0,4,2,5,3,3
2022.0,5.0,0.0,0.0,3,10,5,4,0,0,2,9,1,1,0,0,9,1,1,7,0,9,0,1,0,3,1,0,10,5,5,3,2
2022.0,-660.0,1.0,0.0,3,2,3,0,0,0,0,2,1,1,0,0,1,1,1,7,0,9,0,1,0,1,1,0,0,2,5,3,3
2022.0,52.0,0.0,0.0,3,10,3,0,0,0,0,9,1,1,0,1,9,1,1,12,0,9,0,0,0,2,1,0,10,9,5,3,0
2022.0,-50.0,1.0,0.0,3,6,3,0,0,0,0,2,1,1,0,1,2,1,1,12,0,9,0,0,0,1,2,0,6,8,5,8,3
2022.0,500.0,2.0,0.0,2,6,3,0,0,0,1,2,1,1,0,1,2,1,1,14,0,9,0,0,0,2,0,0,6,7,5,8,3
2022.0,0.0,0.0,0.0,3,4,3,0,0,0,1,1,1,1,0,1,9,1,1,17,0,9,0,1,0,1,2,0,5,2,5,3,9
2022.0,366.0,2.0,0.0,2,6,4,0,0,0,1,1,1,1,0,0,1,1,1,17,0,9,0,1,0,1,0,0,10,8,5,8,3
2022.0,50.0,1.0,0.0,2,4,0,0,0,0,2,4,1,1,0,0,5,1,1,19,0,9,0,1,0,3,1,0,4,4,5,3,9
2022.0,0.0,3.0,0.0,3,4,0,0,0,0,0,2,1,1,0,0,5,1,1,20,0,9,0,0,0,2,2,0,5,2,5,3,9
2022.0,73.0,2.0,0.0,3,6,0,0,0,0,1,9,0,1,0,0,9,1,1,22,0,9,0,0,0,1,2,0,6,9,5,3,3
2022.0,-373.0,0.0,0.0,3,6,3,0,0,0,2,8,1,1,1,1,1,1,1,10,1,9,0,0,0,3,1,0,6,5,5,6,5
2022.0,0.0,0.0,0.0,3,4,3,0,0,0,0,1,1,1,0,1,5,1,1,12,1,9,0,0,0,2,2,0,3,5,5,9,3
2022.0,-500.0,2.0,0.0,3,6,3,0,0,0,1,5,1,1,0,1,5,1,1,12,1,9,0,0,0,2,1,0,10,8,5,8,3
2022.0,352.0,1.0,0.0,3,5,3,0,0,0,0,9,1,1,3,1,5,1,1,12,1,9,0,0,0,1,2,0,0,1,5,7,9
2022.0,160.0,0.0,0.0,3,10,3,1,0,0,0,5,1,1,0,1,5,1,1,15,1,9,0,0,0,1,0,0,6,9,5,3,2
2022.0,-85.0,0.0,0.0,3,6,3,0,0,0,1,1,1,1,0,1,1,1,1,15,1,9,0,0,0,1,1,0,10,5,5,8,3
2022.0,518.0,0.0,0.0,3,4,3,1,0,0,1,2,1,1,0,0,9,1,1,15,1,9,0,0,0,2,2,0,6,2,5,3,9
2022.0,-54.0,0.0,0.0,3,10,3,0,0,0,0,5,1,1,0,0,5,1,1,17,1,9,0,1,0,1,2,0,6,5,5,5,5
2022.0,25.0,1.0,0.0,2,6,0,0,0,0,0,2,1,1,0,1,2,1,1,18,1,9,0,1,0,1,0,0,10,7,5,3,3
2022.0,-298.0,1.0,0.0,3,5,5,4,0,2,1,2,1,1,0,1,1,1,1,7,2,9,0,1,0,1,1,0,10,5,2,9,3
2022.0,0.0,0.0,0.0,3,4,3,0,0,0,0,5,1,1,0,0,2,1,1,7,2,9,0,1,0,1,1,0,4,5,5,9,3
2022.0,177.0,0.0,0.0,3,6,3,0,0,0,1,9,1,1,0,1,9,1,1,8,2,9,0,1,0,1,2,0,6,7,5,3,3
2022.0,82.0,0.0,0.0,3,10,3,0,0,0,0,9,1,1,0,0,9,1,1,9,2,9,0,1,0,0,2,0,10,9,5,3,2
2022.0,0.0,2.0,0.0,3,4,3,0,0,0,0,2,1,1,0,1,5,1,1,11,2,9,0,0,0,0,0,0,4,2,5,3,9
2022.0,-50.0,1.0,0.0,3,6,3,0,0,0,1,2,1,1,0,1,2,1,1,12,2,9,0,0,0,1,1,0,10,8,5,8,3
2022.0,68.0,0.0,0.0,3,2,3,0,0,0,1,5,1,1,0,0,5,1,1,14,2,9,0,0,0,3,1,0,10,9,5,3,3
2022.0,-52.0,0.0,0.0,3,10,3,0,0,0,0,1,1,1,0,0,1,1,1,16,2,9,0,1,0,1,1,0,6,9,5,3,2
2022.0,0.0,0.0,0.0,3,2,3,0,0,0,0,1,1,1,0,1,1,1,1,17,2,9,0,1,0,2,1,0,4,4,5,3,9
2022.0,-65.0,2.0,0.0,3,2,3,0,0,0,0,5,1,1,0,1,9,1,1,17,2,9,0,1,0,1,1,0,4,2,5,3,3
2022.0,0.0,0.0,0.0,3,4,3,0,0,0,0,9,1,1,0,1,2,1,1,17,2,9,0,1,0,2,1,0,5,2,5,9,3
2022.0,0.0,3.0,0.0,3,4,3,0,0,0,0,2,1,1,0,0,5,1,1,17,2,9,0,1,0,1,1,0,4,2,5,3,9
2022.0,0.0,0.0,0.0,3,2,3,0,0,0,0,9,1,1,0,1,2,1,1,17,2,9,0,1,0,1,0,0,4,2,5,3,3
2022.0,40.0,0.0,0.0,3,4,3,0,0,0,0,2,1,1,0,0,5,1,1,17,2,9,0,1,0,1,2,0,0,2,5,3,9
2022.0,0.0,0.0,0.0,3,2,0,0,0,0,0,2,1,1,0,0,9,1,1,20,2,9,0,0,0,2,2,0,5,5,5,9,3
2022.0,70.0,0.0,0.0,3,6,3,0,0,0,1,1,1,1,1,1,1,1,1,6,3,9,0,0,0,1,1,0,6,7,5,6,3
2022.0,84.0,0.0,0.0,3,6,3,0,0,0,1,9,1,1,0,1,9,1,1,7,3,9,0,1,0,2,1,0,10,8,5,8,3
2022.0,-148.0,0.0,0.0,3,10,3,0,0,0,1,1,1,1,0,0,1,1,1,7,3,9,0,1,0,1,1,0,6,5,5,3,6
2022.0,-409.0,0.0,0.0,3,2,3,0,0,0,0,5,1,1,0,1,2,1,1,8,3,9,0,1,0,1,2,0,6,2,5,3,9
2022.0,-130.0,1.0,0.0,2,10,3,0,0,0,1,9,1,1,0,0,9,1,1,9,3,9,0,1,0,1,2,0,6,9,5,3,3
2022.0,71.0,1.0,0.0,3,2,3,0,0,3,0,1,1,1,0,1,5,1,1,10,3,9,0,0,0,1,2,0,10,2,5,9,7
2022.0,200.0,2.0,0.0,3,4,3,0,0,0,0,9,1,1,0,1,2,1,1,10,3,9,0,0,0,0,0,0,6,2,5,3,9
2022.0,0.0,0.0,0.0,3,10,3,0,0,0,0,5,1,1,0,1,5,1,1,11,3,9,0,0,0,2,2,0,4,5,5,3,9
2022.0,-15.0,0.0,0.0,3,2,3,0,0,0,1,2,1,1,0,1,1,1,1,12,3,9,0,0,0,1,2,0,10,4,5,9,9
2022.0,-668.0,2.0,0.0,2,2,3,0,0,0,0,9,1,1,0,0,9,1,1,12,3,9,0,0,0,2,1,0,6,2,5,3,9
2022.0,0.0,1.0,0.0,2,5,3,0,0,0,1,9,1,1,2,1,2,1,1,12,3,9,0,0,0,1,1,0,4,2,5,7,3
2022.0,30.0,0.0,0.0,3,10,3,0,0,0,1,1,1,1,1,1,1,1,1,12,3,9,0,0,0,1,1,0,10,5,5,9,9
2022.0,0.0,1.0,0.0,3,2,3,0,0,0,0,3,1,1,0,1,1,1,1,13,3,9,0,0,0,1,0,0,4,2,5,3,9
2022.0,0.0,0.0,0.0,3,4,3,0,0,0,1,2,1,1,0,0,5,1,1,13,3,9,0,0,0,1,2,0,4,2,5,3,9
2022.0,193.0,0.0,0.0,3,2,3,0,0,0,0,2,1,1,0,0,9,1,1,16,3,9,0,1,0,1,1,0,0,2,5,3,9
2022.0,250.0,1.0,0.0,3,5,3,0,0,2,1,1,1,1,0,1,9,1,1,17,3,9,0,1,0,2,0,0,0,6,5,9,3
2022.0,0.0,0.0,0.0,3,4,3,0,0,0,0,5,1,1,0,1,5,1,1,7,4,9,0,1,0,1,2,0,4,5,5,9,9
2022.0,50.0,0.0,0.0,3,6,3,0,0,0,0,9,1,1,0,1,9,1,1,8,4,9,0,1,0,2,1,0,10,8,5,8,3
2022.0,0.0,2.0,0.0,2,2,3,0,0,0,1,1,1,1,0,1,2,1,1,12,4,9,0,0,0,2,1,0,4,2,5,9,3
2022.0,-108.0,0.0,0.0,3,6,3,0,0,0,1,2,1,1,0,0,2,1,1,13,4,9,0,0,0,2,1,0,10,7,5,8,3
2022.0,200.0,1.0,0.0,3,5,3,0,0,0,0,1,1,1,3,0,1,1,1,13,4,9,0,0,0,1,1,0,0,5,5,7,9
2022.0,0.0,0.0,0.0,3,2,3,0,0,0,0,5,1,1,0,1,1,1,1,14,4,9,0,0,0,1,1,0,4,2,5,9,3
2022.0,0.0,0.0,0.0,3,4,3,0,0,0,0,4,1,1,0,1,5,1,1,14,4,9,0,0,0,1,1,0,4,4,5,3,9
2022.0,75.0,1.0,0.0,3,6,3,0,0,0,0,1,1,1,0,0,1,1,1,16,4,9,0,1,0,0,1,0,6,7,5,8,3
2022.0,160.0,0.0,0.0,3,10,3,0,0,0,1,5,1,1,0,1,5,1,1,16,4,9,0,1,0,1,1,0,6,2,5,3,6
2022.0,0.0,2.0,0.0,2,4,0,0,0,0,1,9,1,1,0,1,1,1,1,19,4,9,0,1,0,2,2,0,4,2,5,3,9
2022.0,-15.0,1.0,0.0,3,5,0,0,0,0,0,4,1,1,3,1,8,1,1,19,4,9,0,1,0,0,1,0,5,5,5,5,9
2022.0,50.0,1.0,0.0,3,4,0,0,0,0,0,1,1,1,3,1,9,1,1,21,4,9,0,0,0,1,1,0,6,2,5,7,9
2022.0,200.0,0.0,0.0,3,6,0,0,0,0,2,2,1,1,0,0,2,1,1,21,4,9,0,0,0,3,0,0,6,8,5,8,3
2022.0,0.0,1.0,0.0,3,4,0,0,0,0,0,2,1,1,0,0,5,1,1,0,5,9,1,0,0,2,2,0,4,2,5,3,9
2022.0,0.0,0.0,0.0,3,6,3,0,0,0,1,1,1,1,0,1,1,1,1,5,5,9,1,0,0,1,1,0,4,7,5,8,3
2022.0,25.0,0.0,0.0,3,6,3,0,0,0,1,9,1,1,0,1,9,1,1,6,5,9,1,0,0,0,1,0,10,8,5,8,3
2022.0,0.0,0.0,0.0,3,11,3,0,0,0,0,1,1,1,0,1,9,1,1,8,5,9,1,1,0,2,0,0,4,2,5,3,9
2022.0,-555.0,0.0,1.0,0,5,3,0,0,3,1,2,1,1,0,1,1,1,1,10,5,9,1,0,0,1,1,0,6,2,5,3,7
2022.0,-74.0,0.0,0.0,3,6,3,0,0,0,2,1,1,1,0,0,1,1,1,11,5,9,1,0,0,3,2,0,10,7,5,8,3
2022.0,0.0,1.0,0.0,3,4,3,0,0,0,1,1,1,1,0,0,9,1,1,12,5,9,1,0,0,2,1,0,4,5,5,3,9
2022.0,200.0,0.0,0.0,3,6,3,4,0,0,1,5,1,1,0,1,5,1,1,14,5,9,1,0,0,1,0,0,10,7,5,8,3
2022.0,0.0,0.0,0.0,3,2,2,0,0,0,1,2,0,1,0,1,1,1,1,17,5,9,1,1,0,2,1,0,4,7,5,3,3
2022.0,0.0,0.0,0.0,3,4,3,0,0,0,0,9,1,1,0,0,5,1,1,18,5,9,1,1,0,1,2,0,4,2,5,9,3
2022.0,-250.0,0.0,0.0,3,10,0,0,0,0,0,2,1,1,0,0,2,1,1,18,5,9,1,1,0,1,1,0,6,9,5,3,2
2022.0,-146.0,1.0,0.0,1,5,3,0,3,0,1,1,1,1,2,1,5,1,1,19,5,9,1,1,0,1,1,0,10,2,5,3,5
2022.0,0.0,0.0,0.0,3,2,0,0,0,0,1,5,1,1,0,1,5,1,1,19,5,9,1,1,0,1,1,0,4,9,5,3,9
2022.0,180.0,0.0,0.0,3,4,0,0,0,0,1,1,1,1,0,0,5,1,1,21,5,9,1,0,0,2,2,0,6,2,5,3,9
2022.0,-20.0,0.0,0.0,3,6,0,0,0,0,2,2,1,1,0,0,2,1,1,22,5,9,1,0,0,3,2,0,10,7,5,8,3
2022.0,-1005.0,0.0,0.0,3,6,0,0,0,0,1,5,1,1,0,1,5,1,1,22,5,9,1,0,0,2,2,0,6,7,5,8,3
2022.0,-30.0,0.0,0.0,3,10,0,0,0,0,2,1,1,1,0,0,1,1,1,4,6,9,1,0,0,3,0,0,10,9,5,3,2
2022.0,-62.0,0.0,0.0,3,6,0,0,0,0,1,2,0,1,0,1,2,1,1,4,6,9,1,0,0,1,2,0,10,7,5,3,3
2022.0,25.0,1.0,0.0,3,3,3,0,0,0,1,2,1,1,0,0,5,1,1,7,6,9,1,1,0,1,1,0,6,9,5,3,2
2022.0,0.0,2.0,0.0,2,4,3,0,0,0,0,1,1,1,0,1,9,1,1,14,6,9,1,0,0,1,1,0,5,2,5,3,9
2022.0,0.0,0.0,0.0,3,4,3,0,0,0,1,2,1,1,0,1,5,1,1,15,6,9,1,0,0,1,0,0,5,2,5,3,9
2022.0,0.0,0.0,0.0,3,11,3,0,0,0,1,9,1,1,0,0,2,1,1,16,6,9,1,1,0,1,1,0,5,4,5,3,9
2022.0,0.0,0.0,0.0,3,2,3,0,0,0,0,1,1,1,0,1,2,1,1,18,6,9,1,1,0,0,1,0,4,2,5,9,3
2022.0,280.0,0.0,0.0,3,2,3,0,0,0,1,2,1,1,0,1,9,1,1,8,0,9,0,1,0,1,2,0,0,2,5,3,9
2022.0,-90.0,0.0,0.0,3,10,3,0,0,0,1,2,1,1,0,1,2,1,1,9,0,9,0,1,0,1,1,0,10,7,5,8,3
2022.0,0.0,1.0,0.0,1,2,3,0,0,0,1,9,1,1,0,0,5,1,1,11,0,9,0,0,0,0,0,0,5,2,5,3,3
2022.0,-15.0,1.0,0.0,2,5,3,0,3,0,2,8,1,1,2,1,1,0,1,17,0,9,0,1,0,3,1,0,10,5,5,3,5
2022.0,-300.0,0.0,0.0,3,6,0,0,0,0,2,5,1,1,0,0,5,1,1,18,0,9,0,1,0,3,1,0,6,7,5,8,5
2022.0,-100.0,0.0,0.0,3,6,3,0,0,0,1,1,1,1,0,0,1,1,1,18,0,9,0,1,0,3,1,0,10,7,5,8,3
2022.0,60.0,0.0,0.0,3,6,0,0,0,0,1,2,0,1,0,1,2,1,1,23,0,9,0,0,0,1,2,0,0,8,5,9,3
2022.0,100.0,0.0,0.0,3,10,0,0,0,0,2,2,1,1,0,1,2,1,1,1,1,9,0,0,0,3,1,0,10,5,5,3,5
2022.0,0.0,0.0,0.0,3,11,3,1,0,0,1,9,1,1,0,0,9,1,1,9,1,9,0,1,0,1,2,0,4,4,5,3,9
2022.0,510.0,0.0,0.0,3,10,3,0,0,0,1,5,1,1,0,0,5,1,1,14,1,9,0,0,0,1,2,0,0,5,5,9,9
2022.0,685.0,0.0,0.0,3,6,4,0,0,0,2,9,1,1,0,1,9,1,1,17,1,9,0,1,0,3,2,0,6,9,5,3,3
2022.0,165.0,1.0,0.0,3,6,1,0,0,0,0,5,1,1,0,1,5,1,1,18,1,9,0,1,0,1,1,0,10,7,5,8,3
2022.0,0.0,2.0,0.0,2,4,0,0,0,0,1,2,1,1,0,1,5,1,1,19,1,9,0,1,0,2,2,0,4,2,5,3,9
2022.0,-395.0,1.0,0.0,1,6,0,0,0,0,1,5,1,1,0,1,5,1,1,20,1,9,0,0,0,1,0,0,6,7,5,8,3
2022.0,0.0,0.0,0.0,3,4,3,0,0,0,0,5,1,1,0,0,2,1,1,7,2,9,0,1,0,3,1,0,4,2,5,3,9
2022.0,0.0,0.0,0.0,3,6,3,1,0,0,0,1,1,1,0,1,1,1,1,7,2,9,0,1,0,2,1,0,5,9,5,8,2
2022.0,0.0,0.0,0.0,3,4,3,1,0,0,0,5,1,1,0,1,2,1,1,7,2,9,0,1,0,1,1,0,5,2,5,3,9
2022.0,0.0,0.0,0.0,3,6,3,0,4,0,1,9,1,1,0,1,9,1,1,7,2,9,0,1,1,1,0,0,10,7,5,9,9
2022.0,-98.0,0.0,0.0,3,6,3,1,0,0,1,1,1,1,0,0,1,1,1,7,2,9,0,1,0,1,1,0,10,7,5,8,3
2022.0,-67.0,0.0,0.0,3,6,3,3,4,0,0,9,1,1,0,0,9,1,1,8,2,9,0,1,1,2,0,0,10,7,5,5,3
2022.0,139.0,0.0,0.0,3,10,3,3,4,0,1,9,1,1,0,0,9,1,1,8,2,9,0,1,1,1,1,0,10,9,5,3,2
2022.0,0.0,2.0,0.0,2,3,3,1,4,0,1,2,1,1,0,1,5,1,1,9,2,9,0,1,1,1,1,0,4,5,5,3,0
2022.0,0.0,0.0,0.0,3,4,3,3,4,0,1,2,1,1,0,1,5,1,1,11,2,9,0,0,1,1,2,0,4,2,5,3,9
2022.0,-90.0,0.0,0.0,3,6,3,1,0,0,1,2,1,1,0,1,2,1,1,11,2,9,0,0,0,1,1,0,10,8,5,8,2
2022.0,-29.0,0.0,0.0,3,6,3,3,4,0,0,5,1,1,0,1,5,1,1,14,2,9,0,0,1,2,1,0,10,8,5,8,3
2022.0,-495.0,0.0,0.0,3,6,3,3,4,0,0,1,1,1,0,1,1,1,1,14,2,9,0,0,1,1,1,0,9,8,5,8,3
2022.0,0.0,0.0,0.0,3,4,3,3,0,0,1,1,1,1,0,1,9,1,1,14,2,9,0,0,0,1,1,0,4,2,5,3,9
2022.0,-200.0,0.0,0.0,3,2,3,0,0,0,0,5,1,1,0,1,9,1,1,14,2,9,0,0,0,1,1,0,0,2,5,3,3
2022.0,0.0,1.0,0.0,2,2,3,3,4,0,0,5,1,1,0,0,1,1,1,14,2,9,0,0,1,2,2,0,4,5,5,9,3
2022.0,193.0,0.0,0.0,3,11,3,3,4,0,0,2,1,1,0,0,2,1,1,15,2,9,0,0,1,1,1,0,6,5,5,3,9
2022.0,-750.0,1.0,0.0,2,6,1,3,4,0,0,5,1,1,0,0,5,1,1,16,2,9,0,1,1,1,2,0,6,7,5,8,3
2022.0,80.0,0.0,0.0,3,4,3,3,4,0,1,1,1,1,0,1,5,1,1,17,2,9,0,1,1,2,2,0,5,4,5,3,9
2022.0,-547.0,1.0,0.0,3,4,3,1,4,0,2,5,1,1,0,0,2,1,1,17,2,9,0,1,1,3,1,0,6,2,5,3,9
2022.0,35.0,1.0,0.0,2,6,0,3,4,0,0,9,1,1,0,0,9,1,1,18,2,9,0,1,1,2,1,0,10,7,5,8,3
2022.0,0.0,0.0,0.0,3,10,0,1,4,0,1,5,1,1,0,1,5,1,1,18,2,9,0,1,1,1,1,0,4,5,5,9,9
2022.0,19.0,0.0,0.0,3,6,0,0,0,0,1,5,0,1,0,0,5,1,1,21,2,9,0,0,0,1,1,0,10,7,5,8,3