Year,Distance,Totalinjuries,Totalfatalities,Injuryseverity,Collisionmanner,Lightcondition,Weather,SurfaceCondition,Unittype_One,Gender_Drv1,Traveldirection_One,AlcoholUse_Drv1,DrugUse_Drv1,Unittype_Two,Gender_Drv2,Traveldirection_Two,AlcoholUse_Drv2,DrugUse_Drv2,Hour,Weekday,Month,Weekend,Rush_Hour,Hazardous_Road,Age_Group_Drv1,Age_Group_Drv2,Substance_Use,Junction_Category,Violation_Category_Drv1,Violation_Category_Drv2,Unitaction_Category_Two,Unitaction_Category_One
2022.0,0.0,0.0,0.0,3,4,0,0,0,0,1,5,1,1,0,1,1,1,1,22,2,9,0,0,0,2,2,0,4,5,5,9,3
2022.0,-25.0,0.0,0.0,3,6,0,0,0,0,2,2,1,1,0,1,2,1,1,22,2,9,0,0,0,3,2,0,10,5,5,3,3
2022.0,0.0,0.0,0.0,3,4,3,1,0,0,0,5,1,1,0,0,2,1,1,8,3,9,0,1,0,1,2,0,5,2,9,3,9
2022.0,0.0,0.0,0.0,3,4,3,1,0,0,1,5,1,1,0,1,1,1,1,10,3,9,0,0,0,1,1,0,4,2,5,9,3
2022.0,0.0,0.0,0.0,3,10,3,0,0,0,1,2,1,1,0,1,2,1,1,10,3,9,0,0,0,0,1,0,3,9,5,9,9
2022.0,222.0,0.0,0.0,3,10,3,1,0,0,1,1,1,1,0,1,1,1,1,11,3,9,0,0,0,1,1,0,6,9,5,3,3
2022.0,-50.0,0.0,0.0,3,10,3,0,0,0,2,1,1,1,0,1,1,1,1,12,3,9,0,0,0,3,2,0,10,7,5,8,3
2022.0,-69.0,1.0,0.0,3,6,3,0,0,0,2,1,1,1,0,1,1,1,1,12,3,9,0,0,0,3,2,0,10,7,5,8,3
2022.0,35.0,0.0,0.0,3,10,3,0,0,0,1,9,1,1,0,1,9,1,1,14,3,9,0,0,0,1,2,0,6,9,5,3,2
2022.0,2.0,0.0,0.0,3,10,3,0,0,0,2,4,1,1,0,1,4,1,1,15,3,9,0,0,0,3,1,0,4,4,5,9,3
2022.0,43.0,0.0,0.0,3,4,3,0,0,0,1,2,1,1,0,0,5,1,1,15,3,9,0,0,0,2,1,0,10,4,5,8,9
2022.0,0.0,1.0,0.0,2,4,3,0,0,0,0,5,1,1,0,1,2,1,1,15,3,9,0,0,0,0,2,0,4,2,5,3,9
2022.0,-25.0,0.0,0.0,3,9,3,0,0,0,2,2,1,1,0,0,1,1,1,16,3,9,0,1,0,3,1,0,10,2,5,3,9
2022.0,15.0,0.0,0.0,3,11,3,0,0,0,1,5,1,1,0,1,9,1,1,16,3,9,0,1,0,2,2,0,10,2,5,9,9
2022.0,0.0,2.0,0.0,3,4,3,0,0,0,1,2,1,1,0,0,5,1,1,17,3,9,0,1,0,1,2,0,5,2,5,3,9
2022.0,0.0,1.0,0.0,3,2,3,0,0,0,0,2,1,1,0,0,5,1,1,17,3,9,0,1,0,2,2,0,5,2,5,3,9
2022.0,150.0,0.0,0.0,3,6,0,0,0,0,1,9,1,1,0,1,9,1,1,19,3,9,0,1,0,2,1,0,10,7,5,8,3
2022.0,0.0,1.0,0.0,3,4,0,0,0,0,1,9,1,1,0,1,1,1,1,20,3,9,0,0,0,2,1,0,4,2,5,3,9
2022.0,-25.0,0.0,0.0,3,6,3,0,0,0,1,1,1,1,0,1,1,1,1,13,4,9,0,0,0,3,1,0,10,7,5,8,3
2022.0,25.0,1.0,0.0,2,5,3,0,0,3,1,1,1,1,0,1,5,1,1,13,4,9,0,0,0,2,2,0,10,5,2,3,5
2022.0,400.0,0.0,0.0,3,4,4,0,0,0,1,5,1,1,0,1,2,1,1,17,4,9,0,1,0,1,1,0,0,2,5,3,9
2022.0,-160.0,1.0,0.0,3,6,3,0,0,0,0,5,1,1,0,1,5,1,1,17,4,9,0,1,0,0,1,0,6,7,5,8,3
2022.0,-20.0,0.0,0.0,3,10,0,0,3,0,2,8,1,1,0,0,1,1,1,19,4,9,0,1,0,3,1,0,10,5,5,3,5
2022.0,30.0,0.0,0.0,3,6,0,1,0,0,1,9,0,0,0,1,9,1,1,19,4,9,0,1,0,1,1,0,10,7,5,8,3
2022.0,50.0,0.0,0.0,3,10,4,4,3,0,0,5,1,1,0,1,5,1,1,19,4,9,0,1,0,3,1,0,10,4,5,3,9
2022.0,5.0,0.0,0.0,3,10,0,0,0,0,2,9,1,1,1,1,9,1,1,23,4,9,0,0,0,3,1,0,6,5,5,6,3
2022.0,0.0,1.0,0.0,2,2,0,0,0,0,1,5,0,1,0,1,9,1,1,3,5,9,1,0,0,1,2,0,4,7,5,3,3
2022.0,0.0,0.0,0.0,3,4,0,0,0,0,0,9,1,1,0,1,1,1,1,5,5,9,1,0,0,1,2,0,4,2,5,3,9
2022.0,10.0,0.0,0.0,3,2,3,0,0,0,1,2,1,1,0,0,5,1,1,15,5,9,1,0,0,1,2,0,10,5,5,3,9
2022.0,10.0,0.0,0.0,3,3,3,0,0,0,2,9,1,1,0,1,5,1,1,16,5,9,1,1,0,3,1,0,10,9,5,8,9
2022.0,-15.0,0.0,0.0,3,6,3,0,3,0,2,8,1,1,0,0,9,1,1,16,5,9,1,1,0,3,2,0,10,5,5,3,5
2022.0,0.0,0.0,0.0,3,2,3,0,0,0,1,9,1,1,0,1,5,1,1,18,5,9,1,1,0,1,1,0,4,2,5,3,3
2022.0,100.0,0.0,0.0,3,6,0,0,0,0,0,9,1,1,0,1,9,1,1,18,5,9,1,1,0,0,2,0,10,7,5,3,3
2022.0,134.0,0.0,0.0,3,5,3,0,0,0,1,5,1,1,1,1,1,1,1,20,5,9,1,0,0,2,0,0,0,5,5,6,1
2022.0,-210.0,0.0,0.0,3,6,0,0,0,0,1,9,0,1,0,0,9,1,1,23,5,9,1,0,0,2,2,0,6,7,5,8,3
2022.0,-10.0,0.0,0.0,3,4,0,0,0,0,1,9,1,1,0,1,1,1,1,23,5,9,1,0,0,1,1,0,0,5,5,3,9
2022.0,0.0,0.0,0.0,3,4,3,0,0,0,0,2,1,1,0,1,5,1,1,7,6,9,1,1,0,2,1,0,4,2,5,9,3
2022.0,98.0,0.0,0.0,3,6,3,0,0,0,2,5,1,1,0,1,5,1,1,9,6,9,1,1,0,3,1,0,4,7,5,8,3
2022.0,40.0,0.0,0.0,3,10,3,0,0,0,1,9,1,1,0,1,9,1,1,12,6,9,1,0,0,1,1,0,6,7,5,3,2
2022.0,-10.0,0.0,0.0,3,6,3,0,0,0,1,1,1,1,0,0,1,1,1,12,6,9,1,0,0,2,2,0,10,7,5,8,3
2022.0,-176.0,0.0,0.0,3,2,3,0,0,0,1,2,1,1,0,1,1,1,1,15,6,9,1,0,0,1,0,0,6,2,5,3,9
2022.0,26.0,2.0,0.0,2,2,3,0,0,0,0,5,1,1,0,0,1,1,1,15,6,9,1,0,0,1,1,0,4,2,5,3,3
2022.0,-50.0,0.0,0.0,3,10,3,0,0,0,0,2,1,1,0,1,2,1,1,16,6,9,1,1,0,1,1,0,10,9,5,3,3
2022.0,0.0,0.0,0.0,3,10,3,0,0,0,0,2,1,1,0,0,2,1,1,17,6,9,1,1,0,2,2,0,4,4,5,9,9
2022.0,50.0,0.0,0.0,3,6,0,0,0,0,0,5,1,1,0,1,5,1,1,18,6,9,1,1,0,2,1,0,10,7,5,9,9
2022.0,0.0,1.0,0.0,2,4,5,4,0,0,0,9,1,1,0,1,1,1,1,19,6,9,1,1,0,2,1,0,4,2,5,3,9
2022.0,-50.0,0.0,0.0,3,6,0,4,3,0,2,1,1,1,0,1,1,1,1,22,6,9,1,0,0,3,1,0,10,8,5,8,3
2022.0,0.0,0.0,0.0,3,3,0,0,0,0,1,2,1,1,0,1,5,1,1,4,0,9,0,0,0,1,1,0,4,2,5,3,9
2022.0,0.0,0.0,0.0,3,11,3,0,0,0,1,2,1,1,0,0,1,1,1,7,0,9,0,1,0,1,2,0,4,2,5,9,9
2022.0,-48.0,0.0,0.0,3,2,3,0,0,0,1,5,1,1,0,0,9,1,1,7,0,9,0,1,0,0,1,0,5,4,5,3,9
2022.0,0.0,1.0,0.0,2,6,3,0,0,0,1,1,1,1,0,1,1,1,1,8,0,9,0,1,0,2,1,0,3,7,5,8,3
2022.0,-315.0,0.0,0.0,3,6,3,0,0,0,0,2,1,1,0,1,2,1,1,9,0,9,0,1,0,1,0,0,10,8,5,8,3
2022.0,10.0,1.0,0.0,3,5,3,0,0,2,1,5,1,1,0,1,9,1,1,9,0,9,0,1,0,2,1,0,10,2,5,9,7
2022.0,-275.0,0.0,0.0,3,10,3,0,0,0,0,1,1,1,0,0,1,1,1,10,0,9,0,0,0,1,0,0,6,9,5,3,2
2022.0,0.0,1.0,0.0,2,6,3,0,0,0,0,1,1,1,0,1,1,1,1,11,0,9,0,0,0,2,1,0,3,7,5,8,9
2022.0,-95.0,0.0,0.0,3,10,3,0,0,0,1,5,1,1,0,1,5,1,1,15,0,9,0,0,0,1,1,0,6,9,5,3,2
2022.0,-25.0,0.0,0.0,3,10,3,0,0,0,2,1,1,1,0,1,1,1,1,16,0,9,0,1,0,3,2,0,10,9,5,3,2
2022.0,-200.0,0.0,0.0,3,6,3,0,0,0,0,1,1,1,0,0,1,1,1,17,0,9,0,1,0,0,1,0,6,7,5,8,3
2022.0,0.0,1.0,0.0,3,4,0,0,0,2,1,9,1,1,0,1,9,1,1,18,0,9,0,1,0,1,1,0,5,2,5,9,3
2022.0,-73.0,0.0,0.0,3,10,2,0,0,0,0,1,1,1,0,1,1,1,1,5,1,9,0,0,0,1,2,0,10,5,5,3,9
2022.0,-227.0,0.0,0.0,3,2,3,0,0,0,1,5,1,1,0,1,5,1,1,9,1,9,0,1,0,1,1,0,0,4,5,3,9
2022.0,-60.0,0.0,0.0,3,10,3,0,0,0,1,9,1,1,0,0,9,1,1,10,1,9,0,0,0,1,0,0,10,9,5,3,2
2022.0,115.0,0.0,0.0,3,6,3,0,0,0,0,5,1,1,0,1,5,1,1,12,1,9,0,0,0,1,2,0,10,7,5,8,3
2022.0,-290.0,0.0,0.0,3,4,3,0,0,0,2,5,1,1,0,0,2,1,1,13,1,9,0,0,0,3,2,0,0,2,5,3,9
2022.0,0.0,1.0,0.0,2,2,3,0,0,0,1,9,1,1,2,1,5,1,1,13,1,9,0,0,0,3,2,0,10,2,5,3,9
2022.0,360.0,0.0,0.0,3,6,3,0,0,0,1,5,1,1,0,0,5,1,1,16,1,9,0,1,0,1,1,0,10,7,5,8,3
2022.0,0.0,2.0,0.0,3,4,0,0,0,0,0,9,1,1,0,0,1,1,1,18,1,9,0,1,0,1,1,0,5,5,5,3,9
2022.0,0.0,2.0,0.0,2,4,0,0,0,0,0,2,1,1,0,1,5,1,1,19,1,9,0,1,0,2,1,0,0,2,5,3,9
2022.0,0.0,0.0,0.0,3,2,2,0,0,0,0,1,1,1,0,1,2,1,1,5,2,9,0,0,0,1,1,0,4,2,5,3,3
2022.0,-300.0,0.0,0.0,3,6,3,0,0,0,0,1,1,1,0,0,1,1,1,7,2,9,0,1,0,2,0,0,6,8,5,8,2
2022.0,0.0,1.0,0.0,2,2,3,0,0,2,1,1,1,1,0,1,5,1,1,7,2,9,0,1,0,2,1,0,5,5,5,9,3
2022.0,250.0,0.0,0.0,3,10,3,0,0,0,1,1,1,1,1,1,1,1,1,8,2,9,0,1,0,0,1,0,6,5,5,6,3
2022.0,-49.0,1.0,0.0,3,6,3,0,0,0,1,2,1,1,0,0,2,1,1,8,2,9,0,1,0,1,1,0,10,8,5,8,3
2022.0,37.0,0.0,0.0,3,2,3,0,0,0,1,5,1,1,0,0,5,1,1,10,2,9,0,0,0,1,2,0,10,9,5,3,2
2022.0,-450.0,0.0,0.0,3,9,3,0,0,0,1,9,1,1,0,1,1,1,1,11,2,9,0,0,0,1,1,0,6,5,5,5,5
2022.0,0.0,0.0,0.0,3,6,3,0,0,0,0,2,1,1,0,1,2,1,1,13,2,9,0,0,0,1,1,0,6,7,5,8,3
2022.0,245.0,0.0,0.0,3,5,2,0,0,0,1,1,1,1,0,1,2,1,1,14,2,9,0,0,0,0,0,0,6,7,5,1,3
2022.0,-610.0,1.0,0.0,3,5,3,0,0,3,0,1,1,1,0,1,5,1,1,14,2,9,0,0,0,2,2,0,0,5,5,9,7
2022.0,-216.0,0.0,0.0,3,10,3,0,0,0,0,1,1,1,0,0,1,1,1,14,2,9,0,0,0,2,1,0,6,9,5,3,2
2022.0,-30.0,0.0,0.0,3,10,3,0,0,0,1,9,1,1,0,1,9,1,1,15,2,9,0,0,0,2,1,0,6,9,5,3,2
2022.0,-610.0,0.0,0.0,3,10,3,0,0,0,1,1,1,1,0,1,1,1,1,17,2,9,0,1,0,1,1,0,6,7,5,8,8
2022.0,-125.0,1.0,0.0,3,6,4,1,0,0,1,5,1,1,0,0,5,1,1,17,2,9,0,1,0,1,1,0,10,8,5,8,3
2022.0,-221.0,0.0,0.0,3,6,0,0,0,0,1,1,1,1,0,1,1,1,1,19,2,9,0,1,0,1,0,0,6,7,5,8,3
2022.0,-41.0,1.0,0.0,2,5,0,0,0,0,0,2,1,1,3,1,9,1,1,19,2,9,0,1,0,2,2,0,10,2,5,7,9
2022.0,0.0,0.0,0.0,3,2,0,0,0,0,1,1,1,1,0,1,2,1,1,5,3,9,0,0,0,0,1,0,4,2,5,9,3
2022.0,0.0,1.0,0.0,2,2,3,1,0,0,1,9,1,1,0,1,2,1,1,9,3,9,0,1,0,0,0,0,5,2,5,3,9
2022.0,-64.0,1.0,0.0,2,6,3,0,0,0,0,2,1,1,0,1,2,1,1,10,3,9,0,0,0,1,2,0,10,7,5,8,3
2022.0,200.0,0.0,0.0,3,10,3,4,3,0,0,5,1,1,0,0,5,1,1,12,3,9,0,0,0,1,2,0,10,9,5,3,2
2022.0,63.0,0.0,0.0,3,2,3,0,0,0,0,1,1,1,0,1,5,1,1,12,3,9,0,0,0,1,1,0,0,2,5,3,9
2022.0,-200.0,0.0,0.0,3,6,3,4,3,0,2,1,1,1,0,1,1,1,1,12,3,9,0,0,0,3,1,0,10,5,5,8,5
2022.0,60.0,0.0,0.0,3,6,3,0,0,0,0,5,1,1,0,1,5,1,1,12,3,9,0,0,0,3,2,0,10,7,5,8,3
2022.0,195.0,0.0,0.0,3,6,3,0,0,0,0,5,1,1,0,1,5,1,1,13,3,9,0,0,0,1,1,0,6,7,5,8,3
2022.0,36.0,0.0,0.0,3,6,3,0,0,0,0,9,1,1,0,0,9,1,1,13,3,9,0,0,0,1,2,0,10,7,5,8,3
2022.0,130.0,0.0,0.0,3,10,3,0,0,0,2,5,1,1,0,0,5,1,1,14,3,9,0,0,0,3,1,0,6,9,5,3,3
2022.0,142.0,0.0,0.0,3,6,3,0,0,0,1,2,1,1,0,1,2,1,1,14,3,9,0,0,0,2,1,0,6,8,5,3,2
2022.0,0.0,1.0,0.0,1,4,3,0,0,0,1,5,1,1,0,0,2,1,1,14,3,9,0,0,0,1,1,0,4,2,5,3,9
2022.0,-60.0,0.0,0.0,3,6,3,0,0,0,0,1,1,1,0,0,1,1,1,15,3,9,0,0,0,1,1,0,6,7,5,3,3
2022.0,0.0,0.0,0.0,3,12,3,0,0,0,2,8,1,1,0,1,5,1,1,16,3,9,0,1,0,3,1,0,6,5,5,6,5
2022.0,0.0,1.0,0.0,2,3,3,0,0,0,1,9,1,1,0,0,3,1,1,16,3,9,0,1,0,1,0,0,4,2,5,8,9
2022.0,110.0,0.0,0.0,3,10,0,0,0,0,1,5,1,1,0,1,5,1,1,19,3,9,0,1,0,2,2,0,6,9,5,3,2
2022.0,-528.0,2.0,0.0,2,6,3,0,0,0,1,9,1,1,0,1,9,1,1,9,4,9,0,1,0,1,1,0,6,7,5,3,3
2022.0,300.0,0.0,0.0,3,10,3,0,0,0,1,2,1,1,0,1,2,1,1,12,4,9,0,0,0,1,1,0,6,9,5,3,2
2022.0,0.0,0.0,0.0,3,4,3,0,0,0,2,5,1,1,0,0,4,1,1,13,4,9,0,0,0,3,1,0,4,7,5,9,3
2022.0,201.0,0.0,0.0,3,10,3,0,0,0,1,9,1,1,0,1,9,1,1,14,4,9,0,0,0,1,1,0,10,9,5,8,2
2022.0,0.0,1.0,0.0,3,4,0,0,0,0,0,1,1,1,0,1,9,1,1,19,4,9,0,1,0,1,2,0,4,2,5,3,9
2022.0,0.0,1.0,0.0,3,4,0,0,0,0,1,3,1,1,0,1,9,1,1,20,4,9,0,0,0,1,1,0,4,2,5,3,9
2022.0,50.0,0.0,0.0,3,6,0,0,0,0,1,5,1,1,0,1,5,1,1,20,4,9,0,0,0,1,1,0,10,7,5,8,3
2022.0,300.0,3.0,0.0,3,5,2,0,0,0,1,1,1,1,0,1,9,1,1,6,5,10,1,0,0,2,0,0,6,9,5,3,3
2022.0,100.0,0.0,0.0,3,2,3,0,0,0,0,1,1,1,0,0,5,1,1,10,5,10,1,0,0,2,2,0,0,2,5,3,9
2022.0,0.0,2.0,0.0,3,4,3,0,0,0,0,9,1,1,0,0,1,1,1,12,5,10,1,0,0,1,1,0,4,2,5,3,9
2022.0,-50.0,0.0,0.0,3,10,3,0,0,0,2,2,1,1,0,0,2,1,1,12,5,10,1,0,0,3,2,0,10,9,5,3,2
2022.0,20.0,0.0,0.0,3,2,3,0,0,0,0,1,1,1,0,0,1,1,1,12,5,10,1,0,0,1,1,0,10,9,5,3,0
2022.0,-180.0,0.0,0.0,3,6,0,0,0,0,2,1,1,1,0,1,1,1,1,19,5,10,1,1,0,3,1,0,0,7,5,9,3
2022.0,200.0,1.0,0.0,1,2,0,0,0,0,1,9,1,1,3,1,2,1,1,20,5,10,1,0,0,1,2,0,0,2,5,5,3
2022.0,0.0,0.0,0.0,3,3,3,0,0,0,2,2,1,1,0,0,9,1,1,6,6,10,1,0,0,3,2,0,4,9,5,3,3
2022.0,0.0,0.0,0.0,3,2,3,0,0,0,1,9,1,1,0,1,9,1,1,14,6,10,1,0,0,1,1,0,4,4,5,3,9
2022.0,-68.0,0.0,0.0,3,6,0,0,0,0,2,2,1,1,0,1,2,1,1,21,6,10,1,0,0,3,2,0,10,8,5,3,3
2022.0,0.0,2.0,0.0,2,4,3,0,0,0,1,9,1,1,0,0,1,1,1,8,0,10,0,1,0,0,1,0,4,2,5,3,9
2022.0,65.0,0.0,0.0,3,6,3,0,0,0,0,9,1,1,0,0,9,1,1,9,0,10,0,1,0,2,1,0,10,9,5,8,2
2022.0,33.0,1.0,0.0,3,6,3,1,0,0,0,9,1,1,0,1,9,1,1,9,0,10,0,1,0,1,1,0,10,7,5,8,3
2022.0,80.0,0.0,0.0,3,6,3,0,0,0,0,9,1,1,0,0,9,1,1,10,0,10,0,0,0,3,2,0,10,7,5,8,8
2022.0,288.0,1.0,0.0,2,5,3,0,3,0,1,5,1,1,3,0,1,1,1,15,0,10,0,0,0,3,2,0,0,2,5,7,9
2022.0,-183.0,0.0,0.0,3,10,4,0,0,0,1,1,1,1,0,0,1,1,1,17,0,10,0,1,0,0,2,0,6,9,9,2,9
2022.0,0.0,1.0,0.0,3,6,1,0,0,0,0,9,1,1,0,0,9,1,1,18,0,10,0,1,0,3,1,0,10,8,5,8,3
2022.0,185.0,1.0,0.0,3,3,0,0,0,0,1,9,1,1,0,1,1,1,1,21,0,10,0,0,0,2,1,0,6,9,5,3,9
2022.0,-68.0,1.0,0.0,3,10,0,0,0,0,1,1,1,0,0,0,1,1,1,22,0,10,0,0,0,1,2,0,10,7,5,3,3
2022.0,0.0,0.0,0.0,3,6,0,0,0,0,1,1,1,1,0,0,1,1,1,4,1,10,0,0,0,1,1,0,5,4,5,3,9
2022.0,-110.0,1.0,0.0,2,6,3,0,0,0,0,2,1,1,0,0,2,1,1,7,1,10,0,1,0,0,1,0,10,8,5,3,3
2022.0,-245.0,0.0,0.0,3,10,3,0,0,0,0,1,1,1,0,0,1,1,1,10,1,10,0,0,0,3,1,0,10,7,5,8,2
2022.0,393.0,1.0,0.0,3,11,3,0,0,0,0,9,1,1,0,1,9,1,1,10,1,10,0,0,0,1,0,0,6,9,5,3,9
2022.0,0.0,1.0,0.0,3,2,3,0,0,0,1,9,1,1,0,1,6,1,1,10,1,10,0,0,0,1,1,0,4,2,5,9,3
2022.0,500.0,1.0,0.0,3,6,3,0,0,0,0,2,1,1,0,1,2,1,1,12,1,10,0,0,0,2,1,0,6,7,5,8,3
2022.0,-190.0,0.0,0.0,3,6,3,0,0,0,1,9,1,1,0,1,9,1,1,12,1,10,0,0,0,2,1,0,6,7,5,2,3
2022.0,414.0,0.0,0.0,3,10,3,0,0,0,0,1,1,1,0,1,1,1,1,13,1,10,0,0,0,1,2,0,6,9,5,3,2
2022.0,0.0,0.0,0.0,3,4,3,0,0,0,0,9,1,1,0,1,1,1,1,15,1,10,0,0,0,1,2,0,5,2,2,9,3
2022.0,426.0,0.0,0.0,3,10,3,0,0,0,1,5,1,1,0,0,5,1,1,16,1,10,0,1,0,1,1,0,6,9,5,3,2
2022.0,-25.0,0.0,0.0,3,10,3,0,0,0,1,1,1,1,0,0,1,1,1,16,1,10,0,1,0,1,2,0,10,9,5,3,2
2022.0,-200.0,0.0,0.0,3,3,3,0,0,0,0,5,1,1,0,1,2,1,1,16,1,10,0,1,0,1,1,0,6,5,5,3,3
2022.0,0.0,2.0,0.0,2,4,0,0,0,0,1,9,1,1,0,1,1,1,1,19,1,10,0,1,0,1,2,0,4,4,5,3,9
2022.0,50.0,0.0,1.0,0,5,0,0,0,3,1,5,1,1,0,0,9,1,1,19,1,10,0,1,0,0,2,0,6,2,5,3,7
2022.0,50.0,0.0,0.0,3,6,0,0,0,0,0,5,1,1,0,0,5,1,1,20,1,10,0,0,0,2,2,0,10,8,5,8,3
2022.0,0.0,0.0,0.0,3,2,2,0,0,0,0,5,1,1,0,1,1,1,1,5,2,10,0,0,0,0,1,0,4,5,5,3,3
2022.0,-290.0,0.0,0.0,3,10,3,0,0,0,0,2,1,1,0,0,2,1,1,7,2,10,0,1,0,1,2,0,10,9,5,3,2
2022.0,-40.0,0.0,0.0,3,6,3,0,0,0,2,1,1,1,0,0,1,1,1,8,2,10,0,1,0,3,1,0,10,7,5,8,3
2022.0,-500.0,0.0,0.0,3,6,3,0,0,0,1,5,1,1,0,1,5,1,1,8,2,10,0,1,0,2,2,0,6,7,5,3,3
2022.0,-164.0,2.0,0.0,3,6,3,0,0,0,1,2,1,1,0,1,2,1,1,10,2,10,0,0,0,1,0,0,10,8,5,8,3
2022.0,-170.0,1.0,0.0,3,6,3,0,0,0,1,2,1,1,0,0,2,1,1,11,2,10,0,0,0,2,2,0,6,7,5,8,3
2022.0,90.0,0.0,0.0,3,6,3,0,0,0,0,1,1,1,0,1,9,1,1,14,2,10,0,0,0,2,0,0,10,5,5,8,1
2022.0,-100.0,0.0,0.0,3,6,3,0,0,0,1,1,0,0,0,0,1,1,1,15,2,10,0,0,0,1,2,0,10,7,5,8,3
2022.0,-68.0,0.0,0.0,3,6,3,0,0,0,0,1,1,1,0,0,1,1,1,16,2,10,0,1,0,1,2,0,10,7,5,8,3
2022.0,-420.0,1.0,0.0,2,6,4,0,0,0,2,5,1,1,0,0,5,1,1,17,2,10,0,1,0,3,1,0,6,8,5,8,3
2022.0,418.0,0.0,0.0,3,4,0,0,0,0,0,9,1,1,0,1,1,1,1,18,2,10,0,1,0,1,2,0,0,2,5,3,9
2022.0,-99.0,0.0,0.0,3,2,0,0,0,0,0,2,1,1,0,1,2,1,1,18,2,10,0,1,0,1,2,0,10,9,5,3,2
2022.0,0.0,0.0,0.0,3,4,0,0,0,0,0,2,1,1,0,1,5,1,1,19,2,10,0,1,0,2,2,0,4,2,5,3,9
2022.0,0.0,0.0,0.0,3,4,0,1,0,0,0,2,1,1,0,0,1,1,1,21,2,10,0,0,0,2,1,0,4,2,5,9,3
2022.0,66.0,0.0,0.0,3,3,0,0,0,0,1,2,0,1,0,1,9,1,1,1,3,10,0,0,0,1,0,0,10,4,5,8,9
2022.0,27.0,1.0,0.0,2,4,0,0,0,0,1,9,0,1,0,0,1,1,1,4,3,10,0,0,0,1,1,0,5,2,5,3,9
2022.0,160.0,0.0,0.0,3,4,2,4,0,0,2,9,1,1,0,1,5,1,1,5,3,10,0,0,0,3,1,0,6,7,5,3,9
2022.0,-160.0,0.0,0.0,3,6,3,0,0,0,1,2,1,1,0,0,2,1,1,8,3,10,0,1,0,1,1,0,10,8,5,8,3
2022.0,-100.0,0.0,0.0,3,10,3,0,0,0,1,5,1,1,0,0,5,1,1,9,3,10,0,1,0,1,2,0,6,9,5,3,2
2022.0,105.0,0.0,0.0,3,6,5,4,0,0,2,9,1,1,0,1,9,1,1,11,3,10,0,0,0,3,2,0,10,7,5,8,3
2022.0,55.0,2.0,0.0,2,6,3,0,0,0,0,9,1,1,0,0,9,1,1,13,3,10,0,0,0,2,2,0,6,7,5,8,3
2022.0,-400.0,0.0,0.0,3,2,3,0,0,0,1,9,1,1,0,1,2,1,1,16,3,10,0,1,0,1,1,0,0,2,5,3,3
2022.0,-330.0,0.0,0.0,3,6,3,0,0,0,0,2,1,1,0,1,2,1,1,17,3,10,0,1,0,1,1,0,6,7,5,8,3
2022.0,0.0,1.0,0.0,3,4,4,1,0,0,0,2,1,1,0,1,5,1,1,18,3,10,0,1,0,2,1,0,4,2,5,3,9
2022.0,-55.0,1.0,0.0,2,6,4,1,0,0,2,2,1,1,0,0,2,1,1,18,3,10,0,1,0,3,1,0,10,7,5,8,3
2022.0,0.0,0.0,0.0,3,4,0,0,0,0,1,9,1,1,0,1,2,1,1,19,3,10,0,1,0,0,0,0,5,2,5,9,3
2022.0,0.0,0.0,0.0,3,2,3,0,0,0,1,1,1,1,0,0,5,1,1,8,4,10,0,1,0,0,2,0,4,2,5,3,3
2022.0,120.0,0.0,0.0,3,6,3,0,0,0,1,2,1,1,1,1,2,1,1,11,4,10,0,0,0,2,2,0,6,7,5,6,3
2022.0,528.0,0.0,0.0,3,6,3,0,0,0,1,2,1,1,0,1,2,1,1,12,4,10,0,0,0,2,0,0,6,7,5,8,3
2022.0,-72.0,0.0,0.0,3,2,3,0,0,0,1,2,1,1,0,0,1,1,1,14,4,10,0,0,0,2,1,0,0,2,5,3,9
2022.0,0.0,3.0,0.0,2,4,3,0,0,0,1,1,1,1,0,1,9,1,1,14,4,10,0,0,0,1,1,0,4,2,5,3,9
2022.0,0.0,1.0,0.0,3,2,3,0,0,0,1,5,1,1,0,0,9,1,1,17,4,10,0,1,0,0,1,0,5,2,5,3,9
2022.0,-50.0,1.0,0.0,2,5,0,1,0,0,0,5,1,1,2,1,5,1,1,18,4,10,0,1,0,1,1,0,0,2,5,7,9
2022.0,-40.0,0.0,0.0,3,4,0,0,0,0,2,2,1,1,0,0,9,1,1,2,5,10,1,0,0,3,2,0,4,7,5,9,3
2022.0,-24.0,1.0,0.0,2,2,3,1,0,0,1,2,1,1,0,0,1,1,1,12,5,10,1,0,0,1,1,0,4,5,5,9,3
2022.0,240.0,0.0,0.0,3,12,3,0,0,0,1,9,1,1,0,0,1,1,1,15,5,10,1,0,0,1,1,0,6,5,5,8,1
2022.0,379.0,3.0,0.0,3,2,4,1,0,0,1,3,1,1,0,1,9,1,1,17,5,10,1,1,0,1,1,0,0,2,5,8,9
2022.0,-50.0,0.0,0.0,3,2,0,0,0,0,1,1,0,1,1,1,9,1,1,23,5,10,1,0,0,1,1,0,6,7,5,6,3
2022.0,2000.0,0.0,0.0,3,4,0,0,0,0,1,5,0,1,0,1,2,1,1,0,6,10,1,0,0,1,2,0,6,2,5,3,9
2022.0,0.0,1.0,0.0,1,4,0,0,0,0,0,9,0,1,0,1,1,1,1,2,6,10,1,0,0,1,1,0,5,2,7,3,9