Year,Distance,Totalinjuries,Totalfatalities,Injuryseverity,Collisionmanner,Lightcondition,Weather,SurfaceCondition,Unittype_One,Gender_Drv1,Traveldirection_One,AlcoholUse_Drv1,DrugUse_Drv1,Unittype_Two,Gender_Drv2,Traveldirection_Two,AlcoholUse_Drv2,DrugUse_Drv2,Hour,Weekday,Month,Weekend,Rush_Hour,Hazardous_Road,Age_Group_Drv1,Age_Group_Drv2,Substance_Use,Junction_Category,Violation_Category_Drv1,Violation_Category_Drv2,Unitaction_Category_Two,Unitaction_Category_One
2022.0,20.0,2.0,0.0,2,4,3,0,0,0,0,6,1,1,0,0,9,1,1,7,6,10,1,1,0,2,2,0,10,7,5,8,9
2022.0,-100.0,0.0,0.0,3,10,0,0,0,0,1,5,0,1,1,1,5,1,1,20,6,10,1,0,0,1,1,0,6,7,5,6,3
2022.0,-75.0,0.0,0.0,3,2,0,0,0,0,1,2,0,1,0,1,1,1,1,21,6,10,1,0,0,1,1,0,0,2,5,3,9
2022.0,0.0,2.0,0.0,2,2,3,0,0,0,1,5,1,1,0,1,9,1,1,13,0,10,0,0,0,0,1,0,4,2,5,3,3
2022.0,60.0,0.0,0.0,3,6,5,4,0,0,1,9,1,1,0,1,9,1,1,15,0,10,0,0,0,3,2,0,10,8,5,8,3
2022.0,217.0,0.0,0.0,3,6,3,0,0,0,1,9,1,1,0,1,9,1,1,15,0,10,0,0,0,2,1,0,6,9,5,3,2
2022.0,-75.0,0.0,0.0,3,10,3,0,0,0,0,9,1,1,0,0,9,1,1,17,0,10,0,1,0,1,1,0,10,4,5,3,9
2022.0,45.0,1.0,0.0,3,6,3,0,0,0,1,9,1,1,0,1,9,1,1,17,0,10,0,1,0,1,1,0,10,7,5,8,3
2022.0,0.0,3.0,0.0,3,2,0,0,0,0,1,2,1,1,0,1,1,1,1,18,0,10,0,1,0,2,2,0,4,2,5,3,9
2022.0,100.0,1.0,0.0,1,6,4,0,0,0,2,9,1,1,0,1,9,1,1,18,0,10,0,1,0,3,2,0,6,7,5,3,3
2022.0,0.0,3.0,0.0,2,4,0,0,0,0,1,9,1,1,0,1,3,1,1,18,0,10,0,1,0,1,2,0,4,5,5,9,3
2022.0,0.0,3.0,0.0,2,4,0,0,0,0,0,5,1,1,0,1,2,1,1,19,0,10,0,1,0,2,2,0,5,2,5,3,9
2022.0,0.0,0.0,0.0,3,12,0,0,0,0,1,8,0,1,0,0,8,1,1,22,0,10,0,0,0,1,1,0,6,5,5,5,5
2022.0,0.0,0.0,0.0,3,2,3,0,0,0,0,5,1,1,0,1,9,1,1,8,1,10,0,1,0,3,1,0,0,2,5,3,5
2022.0,-152.0,2.0,0.0,2,2,3,0,0,0,0,2,1,1,0,0,1,1,1,8,1,10,0,1,0,1,0,0,0,2,5,3,9
2022.0,790.0,0.0,0.0,3,10,3,0,0,0,1,1,1,1,1,1,1,1,1,9,1,10,0,1,0,1,1,0,6,7,5,6,9
2022.0,1.0,1.0,0.0,3,6,3,0,0,0,0,9,1,1,0,1,9,1,1,11,1,10,0,0,0,2,1,0,10,7,5,8,3
2022.0,-119.0,0.0,0.0,3,10,3,4,3,0,2,1,1,1,0,1,1,1,1,12,1,10,0,0,0,3,0,0,6,5,5,8,5
2022.0,-371.0,2.0,0.0,2,2,3,0,0,0,0,2,1,1,0,0,1,1,1,15,1,10,0,0,0,2,0,0,0,2,5,3,9
2022.0,48.0,0.0,0.0,3,6,3,0,0,0,2,1,1,1,0,1,1,1,1,16,1,10,0,1,0,3,2,0,10,7,5,8,3
2022.0,260.0,0.0,0.0,3,2,3,0,0,0,0,9,1,1,0,0,2,1,1,17,1,10,0,1,0,2,2,0,0,2,5,3,9
2022.0,0.0,3.0,0.0,2,2,0,0,0,0,0,2,1,1,0,1,1,1,1,19,1,10,0,1,0,0,1,0,4,2,5,3,3
2022.0,178.0,1.0,0.0,1,5,0,0,0,0,1,2,1,1,2,1,2,1,1,22,1,10,0,0,0,0,1,0,6,7,5,3,3
2022.0,0.0,1.0,0.0,2,4,0,0,0,0,0,9,1,1,0,0,5,1,1,4,2,10,0,0,0,2,1,0,4,2,5,3,9
2022.0,217.0,1.0,0.0,2,2,3,0,0,0,1,2,1,1,0,1,1,1,1,9,2,10,0,1,0,0,1,0,0,2,5,3,9
2022.0,1200.0,1.0,0.0,3,6,3,0,0,0,0,9,1,1,0,0,9,1,1,9,2,10,0,1,0,1,1,0,6,8,5,8,3
2022.0,0.0,1.0,0.0,3,3,3,0,0,0,1,9,1,1,0,1,1,1,1,13,2,10,0,0,0,1,2,0,4,2,5,3,9
2022.0,-150.0,0.0,0.0,3,10,3,0,0,0,0,1,1,1,0,0,1,1,1,13,2,10,0,0,0,1,1,0,10,9,5,3,2
2022.0,-15.0,0.0,0.0,3,10,3,0,0,0,1,2,1,1,0,1,2,1,1,13,2,10,0,0,0,1,1,0,4,9,5,9,9
2022.0,0.0,1.0,0.0,3,6,3,0,0,0,1,5,1,1,0,1,5,1,1,13,2,10,0,0,0,1,2,0,6,9,5,3,2
2022.0,0.0,1.0,0.0,3,4,3,0,0,0,1,2,1,1,0,0,5,1,1,14,2,10,0,0,0,1,1,0,4,2,5,3,9
2022.0,-365.0,0.0,0.0,3,10,3,0,0,0,0,9,1,1,0,1,9,1,1,15,2,10,0,0,0,2,2,0,6,9,5,3,2
2022.0,-100.0,0.0,0.0,3,2,3,0,0,0,0,2,1,1,0,1,2,1,1,17,2,10,0,1,0,1,1,0,10,4,5,3,9
2022.0,-15.0,1.0,0.0,3,5,3,0,0,0,1,9,1,1,2,1,5,1,1,17,2,10,0,1,0,1,1,0,10,2,5,7,3
2022.0,-538.0,1.0,0.0,3,6,0,0,0,0,1,9,1,0,0,1,9,1,1,19,2,10,0,1,0,1,1,0,6,7,5,6,3
2022.0,-200.0,0.0,0.0,3,6,0,0,0,0,2,1,1,1,0,1,1,1,1,2,3,10,0,0,0,3,1,0,10,7,5,8,3
2022.0,0.0,0.0,0.0,3,2,0,0,0,0,0,2,1,1,0,1,1,1,1,4,3,10,0,0,0,1,1,0,5,2,5,3,3
2022.0,87.0,1.0,0.0,3,10,3,0,0,0,0,9,1,1,0,1,9,1,1,9,3,10,0,1,0,0,1,0,10,9,5,8,2
2022.0,-300.0,1.0,0.0,3,5,3,0,0,3,0,9,1,1,0,0,2,1,1,9,3,10,0,1,0,2,1,0,0,5,5,9,7
2022.0,0.0,0.0,0.0,3,2,3,0,0,0,0,5,1,1,0,1,1,1,1,12,3,10,0,0,0,0,2,0,5,2,5,3,9
2022.0,-229.0,0.0,0.0,3,2,3,0,0,0,1,5,1,1,0,0,5,1,1,13,3,10,0,0,0,0,1,0,6,5,5,9,6
2022.0,50.0,3.0,0.0,2,2,3,0,0,0,0,3,1,1,0,1,1,1,1,13,3,10,0,0,0,2,0,0,10,2,5,3,9
2022.0,0.0,3.0,0.0,3,4,3,0,0,0,1,9,1,1,0,1,1,1,1,15,3,10,0,0,0,2,1,0,4,2,5,3,9
2022.0,0.0,0.0,0.0,3,10,3,0,0,0,0,1,1,1,0,1,1,1,1,16,3,10,0,1,0,1,0,0,4,9,5,9,9
2022.0,0.0,0.0,0.0,3,6,3,0,0,0,1,1,1,1,0,1,1,1,1,18,3,10,0,1,0,2,1,0,10,7,5,8,9
2022.0,200.0,0.0,0.0,3,9,0,0,0,0,2,1,1,1,0,0,9,1,1,21,3,10,0,0,0,3,0,0,10,7,5,8,9
2022.0,-15.0,2.0,0.0,2,5,0,0,0,0,2,5,1,1,3,0,9,1,1,23,3,10,0,0,0,3,2,0,10,2,5,7,9
2022.0,0.0,0.0,0.0,3,2,3,0,0,0,0,1,1,1,0,1,5,1,1,7,4,10,0,1,0,1,1,0,5,2,5,3,3
2022.0,0.0,2.0,0.0,2,4,3,0,0,0,0,9,1,1,0,0,1,1,1,7,4,10,0,1,0,0,1,0,4,2,5,3,9
2022.0,135.0,1.0,0.0,3,6,3,0,0,0,0,5,1,1,0,1,5,1,1,10,4,10,0,0,0,2,0,0,10,8,5,8,3
2022.0,5.0,1.0,0.0,2,4,3,0,0,0,1,6,1,1,3,0,2,1,1,10,4,10,0,0,0,2,0,0,10,2,5,7,9
2022.0,119.0,0.0,0.0,3,10,3,0,0,0,1,2,1,1,0,0,2,1,1,11,4,10,0,0,0,1,1,0,6,9,5,3,3
2022.0,0.0,1.0,0.0,3,2,3,0,0,0,1,5,1,1,0,1,1,1,1,15,4,10,0,0,0,1,2,0,5,2,5,3,3
2022.0,-290.0,0.0,0.0,3,3,3,0,0,0,1,9,1,1,0,1,2,1,1,17,4,10,0,1,0,1,2,0,0,2,5,8,9
2022.0,-200.0,0.0,0.0,3,2,3,0,0,0,1,3,1,1,0,0,1,1,1,17,4,10,0,1,0,2,0,0,0,2,5,3,9
2022.0,0.0,0.0,0.0,3,3,4,0,0,0,1,3,1,1,0,1,9,1,1,17,4,10,0,1,0,1,1,0,10,4,5,3,9
2022.0,0.0,0.0,0.0,3,6,0,0,0,0,1,1,1,1,0,1,1,1,1,18,4,10,0,1,0,2,2,0,3,7,5,8,3
2022.0,0.0,1.0,0.0,2,4,0,0,0,0,0,2,1,1,0,1,5,1,1,18,4,10,0,1,0,1,1,0,4,2,5,3,9
2022.0,350.0,1.0,0.0,3,6,0,0,0,0,0,2,1,1,0,0,2,1,1,19,4,10,0,1,0,1,2,0,6,7,5,8,3
2022.0,200.0,0.0,0.0,3,10,0,0,0,0,2,2,1,1,0,1,2,1,1,19,4,10,0,1,0,3,0,0,10,7,5,3,3
2022.0,200.0,0.0,0.0,3,10,0,0,0,0,0,5,1,1,0,1,5,1,1,21,4,10,0,0,0,1,2,0,10,7,5,8,3
2022.0,-150.0,0.0,0.0,3,10,3,1,0,0,1,1,1,1,0,1,1,1,1,7,5,10,1,1,0,1,1,0,10,9,5,8,2
2022.0,10.0,1.0,0.0,2,6,3,1,0,0,1,2,1,1,0,0,2,1,1,9,5,10,1,1,0,0,2,0,10,7,5,8,3
2022.0,-215.0,0.0,0.0,3,2,3,0,0,0,0,9,1,1,0,1,9,1,1,11,5,10,1,0,0,0,1,0,10,4,5,3,9
2022.0,-50.0,0.0,0.0,3,6,3,3,4,0,0,2,1,1,0,0,2,1,1,11,5,10,1,0,1,1,1,0,10,7,5,3,3
2022.0,176.0,0.0,0.0,3,10,3,1,0,0,1,2,1,1,0,1,2,1,1,12,5,10,1,0,0,2,2,0,6,9,5,3,2
2022.0,0.0,0.0,0.0,3,4,3,3,4,0,1,1,1,1,0,1,9,1,1,13,5,10,1,0,1,1,1,0,4,2,5,3,9
2022.0,0.0,0.0,0.0,3,2,3,0,0,0,1,1,1,1,0,1,5,1,1,13,5,10,1,0,0,0,1,0,4,2,5,3,3
2022.0,0.0,3.0,0.0,2,2,3,1,0,0,0,2,1,1,0,1,9,1,1,14,5,10,1,0,0,1,1,0,4,2,5,3,3
2022.0,-380.0,0.0,0.0,3,6,3,0,0,0,1,2,1,1,0,1,2,1,1,15,5,10,1,0,0,1,1,0,6,7,5,8,3
2022.0,-265.0,0.0,0.0,3,6,4,3,4,0,1,1,1,1,0,1,1,1,1,18,5,10,1,1,1,1,1,0,6,7,5,8,8
2022.0,-177.0,0.0,0.0,3,6,0,0,0,0,1,9,1,1,0,1,9,1,1,19,5,10,1,1,0,0,2,0,0,7,5,8,3
2022.0,-200.0,0.0,0.0,3,2,0,3,4,0,1,2,1,1,0,1,5,1,1,21,5,10,1,0,1,0,1,0,6,9,5,3,9
2022.0,-10.0,1.0,0.0,3,6,3,1,0,0,0,9,1,1,0,1,9,1,1,9,6,10,1,1,0,2,1,0,10,7,5,8,3
2022.0,-25.0,0.0,0.0,3,6,3,0,0,0,1,2,1,1,0,1,2,1,1,10,6,10,1,0,0,1,1,0,10,7,5,3,3
2022.0,50.0,0.0,0.0,3,6,3,1,0,0,2,5,1,1,0,0,5,1,1,10,6,10,1,0,0,3,2,0,10,7,5,3,9
2022.0,-357.0,2.0,0.0,1,3,3,0,0,0,1,5,0,1,0,0,2,1,1,16,6,10,1,1,0,1,2,0,6,9,5,3,3
2022.0,0.0,2.0,0.0,3,4,0,0,0,0,0,2,1,1,0,0,5,1,1,18,6,10,1,1,0,2,1,0,5,2,5,3,9
2022.0,0.0,0.0,0.0,3,4,0,0,0,0,2,5,1,1,0,0,2,1,1,19,6,10,1,1,0,3,2,0,6,2,5,3,9
2022.0,0.0,0.0,0.0,3,2,0,0,0,0,1,6,1,1,0,1,2,1,1,20,6,10,1,0,0,3,0,0,4,7,5,8,9
2022.0,0.0,0.0,0.0,3,4,0,0,0,0,2,1,1,1,0,0,9,1,1,21,6,10,1,0,0,3,2,0,4,2,5,9,9
2022.0,-125.0,1.0,0.0,2,10,3,0,0,0,1,1,1,1,0,0,1,1,1,8,0,10,0,1,0,2,1,0,10,9,5,3,2
2022.0,137.0,0.0,0.0,3,10,3,0,0,0,1,5,1,0,0,0,5,1,1,9,0,10,0,1,0,1,0,0,10,9,5,3,2
2022.0,0.0,2.0,0.0,2,2,3,0,0,0,1,1,1,1,0,1,9,1,1,12,0,10,0,0,0,1,0,0,4,4,5,3,9
2022.0,0.0,1.0,0.0,2,5,3,0,0,2,1,2,1,1,0,1,1,1,1,13,0,10,0,0,0,1,1,0,5,5,5,9,7
2022.0,190.0,0.0,0.0,3,10,3,0,0,0,1,9,1,1,0,1,9,1,1,14,0,10,0,0,0,1,0,0,10,9,5,3,2
2022.0,113.0,0.0,0.0,3,2,3,0,0,0,1,5,1,1,0,0,9,1,1,16,0,10,0,1,0,2,1,0,0,7,5,3,2
2022.0,0.0,0.0,0.0,3,2,3,0,0,0,1,5,1,1,0,1,1,1,1,16,0,10,0,1,0,1,1,0,4,2,5,3,3
2022.0,-10.0,1.0,0.0,3,6,3,0,0,0,1,5,1,1,0,0,5,1,1,17,0,10,0,1,0,0,1,0,6,7,5,3,0
2022.0,0.0,0.0,0.0,3,2,3,0,0,0,1,9,1,1,0,1,2,1,1,17,0,10,0,1,0,1,1,0,5,2,5,3,9
2022.0,-266.0,1.0,0.0,2,5,0,0,0,3,1,9,1,1,0,1,2,1,1,17,0,10,0,1,0,0,1,0,6,6,5,3,7
2022.0,0.0,0.0,0.0,3,4,0,0,0,0,1,2,1,1,0,1,5,1,1,21,0,10,0,0,0,1,2,0,5,2,5,3,9
2022.0,-100.0,0.0,0.0,3,6,3,0,0,0,0,1,1,1,0,0,1,1,1,7,1,10,0,1,0,2,2,0,10,8,5,8,3
2022.0,-370.0,0.0,0.0,3,2,3,0,0,0,1,2,1,1,0,1,1,1,1,8,1,10,0,1,0,1,1,0,0,2,5,3,9
2022.0,-20.0,0.0,0.0,3,2,3,0,0,0,1,1,1,1,0,1,5,1,1,9,1,10,0,1,0,0,1,0,3,2,5,3,9
2022.0,930.0,1.0,0.0,2,5,3,0,0,2,1,1,1,1,0,0,5,1,1,11,1,10,0,0,0,2,1,0,0,5,5,9,7
2022.0,-94.0,1.0,0.0,3,10,3,0,0,0,1,1,1,1,0,0,1,1,1,12,1,10,0,0,0,2,1,0,10,9,5,3,3
2022.0,25.0,1.0,0.0,2,5,3,0,0,0,1,5,1,1,3,1,5,1,1,12,1,10,0,0,0,2,1,0,10,2,5,7,9
2022.0,-660.0,0.0,0.0,3,6,3,0,0,0,1,9,1,1,0,1,9,1,1,12,1,10,0,0,0,2,2,0,0,7,5,3,9
2022.0,-50.0,3.0,0.0,2,6,3,0,0,0,1,2,1,1,0,1,2,1,1,14,1,10,0,0,0,2,1,0,10,7,5,8,3
2022.0,-235.0,0.0,0.0,3,2,3,0,0,0,1,5,1,1,0,0,9,1,1,15,1,10,0,0,0,2,1,0,0,2,5,3,9
2022.0,226.0,0.0,0.0,3,4,3,0,0,0,0,2,1,1,0,1,5,1,1,15,1,10,0,0,0,2,1,0,0,2,5,3,9
2022.0,0.0,0.0,0.0,3,6,0,0,0,0,1,2,1,1,0,0,2,1,1,18,1,10,0,1,0,1,1,0,5,7,5,3,8
2022.0,0.0,2.0,0.0,3,2,0,0,0,0,0,9,1,1,0,1,5,1,1,21,1,10,0,0,0,1,1,0,4,2,5,9,3
2022.0,-166.0,3.0,0.0,2,2,3,0,0,0,0,2,1,1,0,1,1,1,1,7,2,10,0,1,0,1,1,0,0,2,5,3,9
2022.0,587.0,0.0,0.0,3,6,3,0,0,0,1,9,1,1,0,1,9,1,1,8,2,10,0,1,0,1,1,0,0,8,5,8,8
2022.0,0.0,0.0,0.0,3,4,3,1,0,0,0,1,1,1,0,0,9,1,1,8,2,10,0,1,0,1,0,0,4,2,5,8,9
2022.0,-156.0,0.0,0.0,3,2,3,0,0,0,1,9,1,1,0,1,5,1,1,9,2,10,0,1,0,0,0,0,0,2,5,3,9
2022.0,-211.0,0.0,0.0,3,10,3,0,0,0,1,1,1,1,0,1,1,1,1,10,2,10,0,0,0,3,2,0,6,5,5,3,2
2022.0,297.0,0.0,0.0,3,4,3,0,0,0,0,1,1,1,0,1,9,1,1,12,2,10,0,0,0,1,2,0,0,2,5,3,9
2022.0,0.0,0.0,0.0,3,2,3,0,0,0,1,2,1,1,0,1,1,1,1,13,2,10,0,0,0,1,0,0,4,7,5,9,3
2022.0,0.0,0.0,0.0,3,4,3,0,0,0,0,5,1,1,0,1,2,1,1,14,2,10,0,0,0,2,0,0,4,2,5,3,9
2022.0,200.0,0.0,0.0,3,10,3,0,0,0,1,5,1,1,0,0,5,1,1,15,2,10,0,0,0,0,2,0,6,5,5,3,3
2022.0,0.0,1.0,0.0,3,4,3,0,0,0,0,6,1,1,0,1,2,1,1,16,2,10,0,1,0,1,0,0,4,2,5,3,9
2022.0,-475.0,0.0,0.0,3,2,4,0,0,0,1,2,1,1,0,0,1,1,1,16,2,10,0,1,0,2,1,0,0,2,5,3,9
2022.0,405.0,1.0,0.0,3,6,2,0,0,0,1,2,1,1,0,0,2,1,1,17,2,10,0,1,0,1,1,0,6,7,5,8,3
2022.0,85.0,0.0,0.0,3,6,3,0,0,0,0,2,1,1,0,1,2,1,1,17,2,10,0,1,0,2,0,0,10,8,5,8,3
2022.0,-6.0,0.0,0.0,3,2,0,0,0,0,0,2,1,1,0,1,1,1,1,18,2,10,0,1,0,2,2,0,10,2,7,3,9
2022.0,80.0,0.0,0.0,3,10,0,0,0,0,2,1,1,1,0,1,9,1,1,19,2,10,0,1,0,3,1,0,6,7,5,6,5
2022.0,-416.0,0.0,0.0,3,4,0,0,0,0,0,1,1,1,0,1,2,1,1,19,2,10,0,1,0,2,2,0,6,2,5,3,9
2022.0,0.0,0.0,0.0,3,6,0,0,0,0,0,1,1,1,0,1,1,1,1,20,2,10,0,0,0,2,1,0,4,7,5,8,8
2022.0,-105.0,0.0,0.0,3,6,0,0,0,0,1,2,1,1,0,0,2,1,1,20,2,10,0,0,0,2,1,0,10,8,5,8,3
2022.0,25.0,0.0,0.0,3,10,3,0,0,0,1,2,1,1,0,1,2,1,1,8,3,10,0,1,0,1,1,0,10,9,5,3,3
2022.0,200.0,0.0,0.0,3,10,5,4,0,0,1,1,1,1,0,1,1,1,1,8,3,10,0,1,0,0,2,0,6,9,5,3,2
2022.0,300.0,1.0,0.0,2,5,3,0,0,2,0,9,1,1,0,0,2,1,1,9,3,10,0,1,0,1,0,0,0,5,5,9,3
2022.0,-164.0,1.0,0.0,3,6,3,0,0,0,0,2,1,1,0,1,2,1,1,10,3,10,0,0,0,1,1,0,10,8,5,8,3
2022.0,-268.0,0.0,0.0,3,10,3,0,0,0,1,5,1,1,0,0,5,1,1,11,3,10,0,0,0,0,2,0,10,9,5,3,3
2022.0,0.0,0.0,0.0,3,6,3,0,0,0,0,9,0,1,0,0,9,1,1,12,3,10,0,0,0,2,2,0,10,7,5,8,3
2022.0,0.0,1.0,0.0,2,5,3,0,0,2,1,9,1,1,0,0,6,1,1,14,3,10,0,0,0,0,1,0,5,2,5,9,7
2022.0,-478.0,0.0,0.0,3,6,3,0,0,0,1,9,1,1,0,1,9,1,1,14,3,10,0,0,0,1,1,0,6,8,5,8,3
2022.0,-200.0,0.0,0.0,3,6,3,0,0,0,1,2,1,1,0,1,2,1,1,15,3,10,0,0,0,2,1,0,6,7,5,8,3
2022.0,0.0,0.0,0.0,3,10,3,0,0,0,2,5,1,1,0,0,5,1,1,15,3,10,0,0,0,3,0,0,6,9,5,3,2
2022.0,0.0,1.0,0.0,3,4,3,0,0,0,1,6,1,1,0,1,2,1,1,16,3,10,0,1,0,1,2,0,4,2,5,3,9
2022.0,0.0,0.0,0.0,3,2,2,0,0,0,1,2,1,1,0,0,1,1,1,17,3,10,0,1,0,2,2,0,5,2,5,3,9
2022.0,1153.0,3.0,0.0,2,4,0,0,0,0,1,1,1,1,0,1,9,1,1,18,3,10,0,1,0,1,1,0,6,2,5,3,9
2022.0,240.0,4.0,0.0,2,6,0,0,0,0,1,7,1,1,0,0,7,1,1,18,3,10,0,1,0,1,1,0,6,7,5,8,3
2022.0,-88.0,1.0,0.0,2,3,0,0,0,0,1,9,1,1,0,0,2,1,1,19,3,10,0,1,0,1,1,0,10,7,5,8,9
2022.0,-88.0,0.0,0.0,3,10,0,0,0,0,1,2,1,1,0,0,2,1,1,19,3,10,0,1,0,1,1,0,10,4,5,8,9
2022.0,50.0,0.0,0.0,3,10,0,0,0,0,0,1,1,1,0,1,1,1,1,23,3,10,0,0,0,1,2,0,6,9,5,3,3
2022.0,0.0,0.0,0.0,3,4,3,0,0,0,1,2,1,1,0,0,5,1,1,7,4,10,0,1,0,2,1,0,4,2,5,3,9
2022.0,100.0,2.0,0.0,2,3,3,0,0,0,0,5,1,0,0,1,2,1,1,7,4,10,0,1,0,1,1,0,6,9,5,3,3
2022.0,1000.0,0.0,0.0,3,10,3,0,0,0,1,2,1,1,0,0,2,1,1,9,4,10,0,1,0,1,1,0,6,9,5,3,2
2022.0,0.0,0.0,0.0,3,5,3,0,0,0,0,9,1,1,0,0,1,1,1,11,4,10,0,0,0,0,2,0,4,2,5,9,9
2022.0,40.0,0.0,0.0,3,6,3,0,0,0,0,5,1,1,0,1,5,1,1,12,4,10,0,0,0,1,2,0,10,7,5,8,3
2022.0,-411.0,2.0,0.0,3,6,3,0,0,0,0,1,1,1,0,0,1,1,1,14,4,10,0,0,0,1,2,0,0,7,5,8,3
2022.0,112.0,0.0,0.0,3,6,3,0,0,0,1,9,1,1,0,1,9,1,1,14,4,10,0,0,0,1,1,0,10,8,5,8,3
2022.0,-72.0,0.0,0.0,3,6,3,0,0,0,1,2,1,1,0,1,2,1,1,15,4,10,0,0,0,1,2,0,10,7,5,8,3
2022.0,-82.0,0.0,0.0,3,6,3,0,0,0,1,2,1,1,0,0,2,1,1,15,4,10,0,0,0,1,2,0,10,8,5,8,3
2022.0,0.0,0.0,0.0,3,10,3,0,0,0,0,2,1,1,0,0,2,1,1,16,4,10,0,1,0,2,2,0,5,9,5,3,2
2022.0,-156.0,0.0,0.0,3,10,3,0,0,0,1,1,1,1,0,0,1,1,1,16,4,10,0,1,0,1,0,0,10,9,5,3,2
2022.0,-130.0,0.0,0.0,3,6,0,0,0,0,0,1,1,1,0,0,1,1,1,18,4,10,0,1,0,2,1,0,10,7,5,8,3
2022.0,-220.0,0.0,0.0,3,6,0,0,0,0,1,2,1,1,0,1,2,1,1,19,4,10,0,1,0,2,1,0,6,7,5,8,3
2022.0,250.0,1.0,0.0,2,2,0,0,0,0,0,2,1,1,0,0,1,0,1,20,4,10,0,0,0,2,2,0,0,2,5,3,9
2022.0,0.0,0.0,0.0,3,4,0,0,0,0,1,1,1,1,0,1,7,1,1,21,4,10,0,0,0,2,2,0,4,2,5,9,3
2022.0,50.0,0.0,0.0,3,10,0,0,0,0,2,5,1,1,0,1,5,1,1,22,4,10,0,0,0,3,1,0,6,7,5,6,3
2022.0,200.0,1.0,0.0,1,6,3,0,0,0,0,2,1,1,0,0,2,1,1,8,5,10,1,1,0,2,1,0,6,8,5,3,3
2022.0,0.0,0.0,0.0,3,6,3,0,0,0,1,9,1,1,0,1,9,1,1,8,5,10,1,1,0,2,1,0,6,7,5,3,3
2022.0,40.0,1.0,0.0,3,5,3,0,0,0,2,5,1,1,3,1,9,1,1,9,5,10,1,1,0,3,0,0,10,9,5,7,2
2022.0,0.0,0.0,0.0,3,2,3,0,0,0,1,5,1,1,0,0,1,1,1,10,5,10,1,0,0,1,1,0,4,2,5,3,3
2022.0,0.0,2.0,0.0,2,4,3,0,0,0,1,9,1,1,0,0,1,1,1,10,5,10,1,0,0,2,1,0,0,2,5,3,9
2022.0,-400.0,0.0,0.0,3,4,3,0,0,0,1,1,1,1,0,0,5,1,1,13,5,10,1,0,0,2,0,0,6,4,5,3,9
2022.0,-15.0,1.0,0.0,3,6,3,0,0,0,0,2,1,1,0,0,2,1,1,15,5,10,1,0,0,2,1,0,10,7,5,8,3
2022.0,-49.0,0.0,0.0,3,11,3,0,0,0,1,2,1,1,0,1,2,1,1,15,5,10,1,0,0,1,2,0,10,4,5,3,9
2022.0,10.0,0.0,0.0,3,2,3,0,0,0,2,5,1,1,0,0,1,1,1,15,5,10,1,0,0,3,1,0,6,2,5,3,3
2022.0,0.0,0.0,0.0,3,4,0,0,0,0,0,9,1,1,0,1,3,1,1,17,5,10,1,1,0,0,0,0,4,5,5,9,3
2022.0,629.0,4.0,0.0,2,2,0,0,0,0,1,9,1,1,0,1,5,1,1,18,5,10,1,1,0,2,0,0,0,5,5,9,3
2022.0,0.0,0.0,0.0,3,11,0,0,0,0,0,5,1,1,0,0,1,1,1,19,5,10,1,1,0,2,2,0,4,5,5,9,9
2022.0,0.0,0.0,0.0,3,6,0,0,0,0,2,2,1,1,0,1,2,1,1,20,5,10,1,0,0,3,1,0,6,5,5,3,3
2022.0,223.0,0.0,0.0,3,6,0,0,0,0,1,1,1,1,0,1,1,1,1,0,6,10,1,0,0,2,0,0,6,7,5,3,3
2022.0,112.0,0.0,0.0,3,12,5,4,0,0,2,8,1,1,1,1,9,1,1,1,6,10,1,0,0,3,1,0,6,5,5,6,5
2022.0,0.0,0.0,0.0,3,10,3,0,0,0,1,1,1,1,0,1,1,1,1,7,6,10,1,1,0,2,1,0,6,9,5,3,2
2022.0,100.0,0.0,0.0,3,6,3,0,0,0,2,5,1,1,0,0,5,1,1,9,6,10,1,1,0,3,1,0,6,7,5,3,3
2022.0,-149.0,1.0,0.0,2,5,3,0,0,3,1,1,1,1,0,0,5,1,1,12,6,10,1,0,0,1,2,0,6,2,5,3,7
2022.0,69.0,0.0,0.0,3,6,3,1,0,0,1,2,1,1,0,1,2,1,1,15,6,10,1,0,0,1,0,0,10,8,5,8,3
2022.0,0.0,0.0,0.0,3,2,0,0,0,0,1,5,1,1,0,1,9,1,1,22,6,10,1,0,0,2,1,0,5,2,5,3,9
2022.0,0.0,1.0,0.0,2,4,0,0,0,0,1,9,1,1,0,1,5,1,1,22,6,10,1,0,0,1,2,0,10,5,5,3,9
2022.0,0.0,0.0,0.0,3,6,3,0,0,0,1,1,1,1,0,1,1,1,1,8,0,10,0,1,0,2,1,0,4,8,5,9,9
2022.0,-345.0,0.0,0.0,3,2,3,0,0,0,1,1,1,1,0,1,2,1,1,9,0,10,0,1,0,1,1,0,0,2,5,3,9
2022.0,0.0,0.0,0.0,3,6,3,0,0,0,0,9,1,1,0,0,9,1,1,12,0,10,0,0,0,2,1,0,10,8,5,8,3
2022.0,-10.0,0.0,0.0,3,6,3,0,0,0,1,2,1,1,0,1,2,1,1,12,0,10,0,0,0,1,2,0,10,8,5,3,3