Year,Distance,Totalinjuries,Totalfatalities,Injuryseverity,Collisionmanner,Lightcondition,Weather,SurfaceCondition,Unittype_One,Gender_Drv1,Traveldirection_One,AlcoholUse_Drv1,DrugUse_Drv1,Unittype_Two,Gender_Drv2,Traveldirection_Two,AlcoholUse_Drv2,DrugUse_Drv2,Hour,Weekday,Month,Weekend,Rush_Hour,Hazardous_Road,Age_Group_Drv1,Age_Group_Drv2,Substance_Use,Junction_Category,Violation_Category_Drv1,Violation_Category_Drv2,Unitaction_Category_Two,Unitaction_Category_One
2022.0,-30.0,1.0,0.0,3,5,3,0,0,0,2,2,1,1,3,1,9,1,1,15,0,10,0,0,0,3,2,0,10,2,5,7,3
2022.0,-85.0,0.0,0.0,3,9,3,0,3,0,0,8,1,1,0,1,2,1,1,17,0,10,0,1,0,1,2,0,10,5,5,8,5
2022.0,0.0,1.0,0.0,2,4,4,0,0,0,1,9,1,1,0,0,2,1,1,18,0,10,0,1,0,1,1,0,6,5,5,3,3
2022.0,742.0,0.0,0.0,3,10,0,0,0,0,1,5,1,1,0,1,5,1,1,21,0,10,0,0,0,1,2,0,0,5,5,5,5
2022.0,0.0,3.0,0.0,2,4,3,0,0,0,0,9,1,1,0,0,2,1,1,7,1,10,0,1,0,2,1,0,4,7,5,9,3
2022.0,0.0,2.0,0.0,3,4,3,0,0,0,0,9,1,1,0,0,1,1,1,11,1,10,0,0,0,0,1,0,4,2,5,3,9
2022.0,191.0,0.0,0.0,3,2,3,0,0,0,1,9,1,1,0,1,2,1,1,11,1,10,0,0,0,1,1,0,0,2,5,3,9
2022.0,-128.0,0.0,0.0,3,6,3,0,0,0,0,1,1,1,0,1,1,1,1,15,1,10,0,0,0,1,1,0,6,7,5,8,3
2022.0,-30.0,0.0,0.0,3,9,3,0,0,0,2,9,1,1,0,1,1,1,1,15,1,10,0,0,0,3,1,0,10,9,5,8,3
2022.0,0.0,1.0,0.0,2,5,3,0,0,0,1,9,1,1,2,1,5,1,1,16,1,10,0,1,0,2,1,0,4,2,5,3,3
2022.0,233.0,1.0,0.0,3,2,3,0,0,0,0,1,1,1,0,0,5,1,1,16,1,10,0,1,0,1,2,0,0,2,5,3,9
2022.0,-67.0,2.0,0.0,3,6,3,0,0,0,1,1,1,1,0,1,1,1,1,18,1,10,0,1,0,1,1,0,10,7,5,8,3
2022.0,15.0,1.0,0.0,2,5,0,0,0,0,2,5,1,1,3,1,2,1,1,19,1,10,0,1,0,3,1,0,10,2,5,7,9
2022.0,309.0,0.0,0.0,3,6,0,0,0,0,1,5,1,1,0,0,5,1,1,19,1,10,0,1,0,2,1,0,6,7,5,8,3
2022.0,483.0,2.0,0.0,3,5,0,0,0,3,1,1,1,1,3,0,1,1,1,19,1,10,0,1,0,0,0,0,6,2,2,7,7
2022.0,17.0,0.0,0.0,3,10,3,0,0,0,1,2,1,1,0,1,2,1,1,20,1,10,0,0,0,1,1,0,10,5,5,9,9
2022.0,-335.0,1.0,0.0,2,2,0,0,0,0,1,1,1,1,0,0,1,1,1,20,1,10,0,0,0,1,2,0,0,9,5,9,3
2022.0,-10.0,0.0,0.0,3,6,0,0,0,0,1,2,1,1,0,1,2,1,1,21,1,10,0,0,0,1,2,0,10,7,5,8,3
2022.0,0.0,0.0,0.0,3,4,3,0,0,0,2,9,1,1,0,1,1,1,1,9,2,10,0,1,0,3,1,0,5,2,5,9,3
2022.0,0.0,1.0,0.0,2,5,3,0,0,2,1,5,1,1,0,1,5,1,1,13,2,10,0,0,0,1,2,0,5,5,9,3,3
2022.0,-270.0,0.0,0.0,3,10,3,0,0,0,1,1,1,1,0,1,1,1,1,15,2,10,0,0,0,2,1,0,10,9,5,3,2
2022.0,40.0,0.0,0.0,3,10,3,0,0,0,2,5,1,1,0,1,5,1,1,16,2,10,0,1,0,3,1,0,10,9,5,3,2
2022.0,-22.0,1.0,0.0,3,5,3,0,0,3,0,5,1,1,0,0,9,1,1,16,2,10,0,1,0,2,1,0,10,5,5,9,7
2022.0,0.0,0.0,0.0,3,6,3,0,0,0,0,2,1,1,0,0,2,1,1,16,2,10,0,1,0,2,2,0,6,5,5,8,8
2022.0,443.0,1.0,0.0,2,10,4,0,0,0,1,5,1,1,2,1,5,1,1,17,2,10,0,1,0,2,1,0,0,2,5,3,9
2022.0,-480.0,1.0,0.0,3,6,0,0,0,0,1,1,1,1,0,0,1,1,1,18,2,10,0,1,0,1,0,0,6,7,5,8,8
2022.0,-150.0,0.0,0.0,3,6,0,0,0,0,0,5,1,1,0,0,5,1,1,19,2,10,0,1,0,2,2,0,6,7,5,8,3
2022.0,0.0,0.0,0.0,3,6,0,0,0,0,1,9,1,1,0,0,9,1,1,20,2,10,0,0,0,2,2,0,5,7,5,8,3
2022.0,-145.0,1.0,0.0,3,6,3,4,0,0,0,2,1,1,0,1,2,1,1,8,3,10,0,1,0,2,1,0,10,7,5,8,3
2022.0,-145.0,0.0,0.0,3,10,3,0,0,0,1,2,1,1,0,1,2,1,1,10,3,10,0,0,0,1,2,0,10,9,5,3,2
2022.0,0.0,1.0,0.0,2,2,3,0,0,0,1,9,1,1,0,1,5,1,1,11,3,10,0,0,0,0,1,0,4,2,5,3,3
2022.0,10.0,1.0,0.0,1,5,3,0,0,0,0,2,1,1,3,0,9,1,1,11,3,10,0,0,0,1,2,0,10,2,5,7,3
2022.0,-1000.0,0.0,0.0,3,6,3,0,0,0,0,9,1,1,0,1,9,1,1,13,3,10,0,0,0,1,1,0,6,5,5,3,8
2022.0,-52.0,0.0,0.0,3,4,3,0,0,0,0,2,1,1,0,0,9,1,1,13,3,10,0,0,0,1,2,0,10,2,5,3,9
2022.0,0.0,0.0,0.0,3,4,3,0,0,0,0,2,1,1,0,0,5,1,1,14,3,10,0,0,0,3,0,0,5,2,5,3,9
2022.0,0.0,0.0,0.0,3,10,3,0,0,0,0,2,1,1,0,0,2,1,1,14,3,10,0,0,0,0,1,0,4,4,5,9,2
2022.0,594.0,0.0,0.0,3,6,3,0,0,0,2,1,1,1,0,0,5,1,1,15,3,10,0,0,0,3,1,0,0,2,5,9,3
2022.0,-50.0,0.0,0.0,3,6,3,0,0,0,0,9,1,1,0,1,9,1,1,15,3,10,0,0,0,2,2,0,10,5,7,8,3
2022.0,0.0,0.0,0.0,3,4,3,0,0,0,1,9,1,1,0,1,1,1,1,16,3,10,0,1,0,1,2,0,5,2,5,3,9
2022.0,96.0,7.0,0.0,2,6,3,0,0,0,1,1,1,1,0,1,1,1,1,16,3,10,0,1,0,2,1,0,10,8,5,3,3
2022.0,0.0,1.0,0.0,2,2,3,0,0,0,0,9,1,1,0,1,2,1,1,16,3,10,0,1,0,2,1,0,5,2,5,3,9
2022.0,0.0,1.0,0.0,3,2,3,0,0,0,0,9,1,1,0,0,5,1,1,16,3,10,0,1,0,0,1,0,4,2,5,3,3
2022.0,-60.0,0.0,0.0,3,6,0,0,0,0,0,1,1,1,0,0,1,1,1,18,3,10,0,1,0,2,0,0,10,8,5,8,3
2022.0,0.0,0.0,0.0,3,4,0,0,0,0,0,5,1,1,0,1,1,1,1,19,3,10,0,1,0,1,1,0,5,4,5,3,9
2022.0,0.0,2.0,0.0,3,4,0,0,0,0,1,1,1,1,0,1,9,1,1,19,3,10,0,1,0,1,1,0,4,2,5,3,9
2022.0,-22.0,0.0,0.0,3,6,0,0,0,0,1,1,1,1,0,1,1,1,1,23,3,10,0,0,0,2,2,0,10,7,5,8,3
2022.0,-117.0,1.0,0.0,3,6,3,0,0,0,0,2,1,1,0,1,2,1,1,13,4,10,0,0,0,2,2,0,10,7,5,8,3
2022.0,-212.0,1.0,0.0,3,6,3,0,0,0,0,1,1,1,0,1,1,1,1,13,4,10,0,0,0,1,0,0,6,8,5,3,3
2022.0,-217.0,1.0,0.0,3,6,3,0,0,0,1,1,1,1,0,0,1,1,1,13,4,10,0,0,0,0,1,0,6,8,5,3,3
2022.0,-73.0,0.0,0.0,3,5,3,0,0,0,1,2,1,1,0,0,2,1,1,13,4,10,0,0,0,3,1,0,10,5,5,8,1
2022.0,0.0,1.0,0.0,2,2,3,0,0,0,2,5,1,1,2,1,5,1,1,13,4,10,0,0,0,3,1,0,5,5,5,3,5
2022.0,694.0,0.0,0.0,3,6,3,0,0,0,1,2,1,1,0,0,2,1,1,13,4,10,0,0,0,2,1,0,6,7,5,8,3
2022.0,-646.0,0.0,0.0,3,10,3,0,0,0,1,9,1,1,0,1,9,1,1,14,4,10,0,0,0,1,0,0,0,9,9,9,9
2022.0,-173.0,0.0,0.0,3,10,3,0,0,0,0,2,1,1,0,1,2,1,1,14,4,10,0,0,0,2,1,0,10,9,5,3,2
2022.0,0.0,1.0,0.0,3,5,0,0,0,0,1,1,1,1,2,0,5,1,1,18,4,10,0,1,0,1,1,0,5,9,5,9,9
2022.0,0.0,1.0,0.0,3,4,0,0,0,0,1,1,1,1,0,1,9,1,1,18,4,10,0,1,0,2,1,0,4,2,5,3,9
2022.0,619.0,0.0,0.0,3,4,0,0,0,0,1,6,1,1,0,0,9,1,1,18,4,10,0,1,0,2,1,0,0,7,5,3,9
2022.0,0.0,1.0,0.0,2,4,0,0,0,0,1,5,1,1,0,1,2,1,1,20,4,10,0,0,0,2,2,0,4,2,5,3,9
2022.0,0.0,0.0,0.0,3,4,0,0,0,0,2,9,1,1,0,0,5,1,1,21,4,10,0,0,0,3,2,0,6,2,5,3,9
2022.0,-96.0,0.0,0.0,3,10,0,0,0,0,0,2,1,1,0,1,2,1,1,22,4,10,0,0,0,2,2,0,6,9,5,9,3
2022.0,-75.0,0.0,0.0,3,10,0,0,0,0,2,1,1,1,1,1,1,1,1,0,5,10,1,0,0,3,1,0,6,5,5,6,5
2022.0,-749.0,0.0,0.0,3,10,0,0,0,0,1,5,1,1,0,1,5,1,1,2,5,10,1,0,0,3,1,0,6,9,5,3,2
2022.0,0.0,0.0,0.0,3,4,0,0,0,0,1,2,1,1,0,0,5,1,1,2,5,10,1,0,0,2,2,0,4,2,5,3,9
2022.0,-30.0,0.0,0.0,3,6,5,4,0,0,2,9,1,1,1,1,9,1,1,7,5,10,1,1,0,3,1,0,10,7,5,6,5
2022.0,135.0,0.0,0.0,3,6,3,0,0,0,1,1,1,1,0,1,1,1,1,10,5,10,1,0,0,2,0,0,6,7,5,8,3
2022.0,53.0,1.0,0.0,3,6,3,0,0,0,0,2,1,1,0,1,2,1,1,12,5,10,1,0,0,2,2,0,6,8,5,8,3
2022.0,-25.0,1.0,0.0,3,10,3,0,0,0,1,5,1,1,0,1,5,1,1,12,5,10,1,0,0,1,2,0,6,9,5,3,2
2022.0,0.0,0.0,0.0,3,10,3,0,0,0,0,9,1,1,0,1,9,1,1,13,5,10,1,0,0,1,0,0,5,4,5,3,9
2022.0,133.0,0.0,0.0,3,6,3,0,0,0,0,5,1,1,0,0,5,1,1,15,5,10,1,0,0,2,1,0,10,8,5,3,3
2022.0,-10.0,0.0,0.0,3,4,3,0,0,0,0,9,1,1,0,0,2,1,1,16,5,10,1,1,0,0,2,0,10,9,5,9,9
2022.0,200.0,1.0,0.0,1,5,0,0,0,0,1,1,1,1,3,0,2,1,1,18,5,10,1,1,0,1,1,0,0,2,5,7,5
2022.0,-50.0,0.0,0.0,3,6,4,0,0,0,2,1,1,1,0,0,1,1,1,19,5,10,1,1,0,3,1,0,10,5,5,8,3
2022.0,15.0,0.0,0.0,3,4,0,0,0,0,2,8,1,1,0,1,2,1,1,20,5,10,1,0,0,3,1,0,10,9,5,8,9
2022.0,150.0,0.0,0.0,3,5,0,0,0,0,2,2,1,1,0,0,2,1,1,21,5,10,1,0,0,3,1,0,6,5,5,8,1
2022.0,-50.0,0.0,0.0,3,10,0,0,0,0,1,5,0,1,0,1,5,1,1,23,5,10,1,0,0,1,1,0,6,9,5,3,2
2022.0,-15.0,0.0,0.0,3,6,0,0,0,0,2,9,1,1,0,1,9,1,1,0,6,10,1,0,0,3,1,0,10,7,5,3,8
2022.0,75.0,0.0,0.0,3,6,0,0,0,0,1,5,1,1,0,0,5,1,1,1,6,10,1,0,0,2,2,0,10,2,5,8,3
2022.0,-90.0,1.0,0.0,2,5,0,0,0,3,1,2,0,1,0,1,9,1,1,2,6,10,1,0,0,2,1,0,6,6,5,3,7
2022.0,300.0,0.0,0.0,3,10,0,0,0,0,2,1,1,1,0,0,1,1,1,3,6,10,1,0,0,3,1,0,6,8,5,3,3
2022.0,0.0,3.0,0.0,2,2,3,0,0,0,1,1,1,1,0,1,2,1,1,8,6,10,1,1,0,1,0,0,4,2,5,3,3
2022.0,-433.0,0.0,0.0,3,6,3,0,0,0,0,1,1,1,0,0,1,1,1,15,6,10,1,0,0,2,1,0,6,8,5,3,3
2022.0,0.0,0.0,0.0,3,4,0,0,0,0,1,2,1,1,0,0,5,1,1,20,6,10,1,0,0,1,1,0,4,5,5,3,9
2022.0,0.0,1.0,0.0,2,4,0,0,0,0,1,5,0,0,0,1,2,1,1,2,0,10,0,0,0,2,2,0,4,2,5,3,9
2022.0,-125.0,0.0,0.0,3,6,3,0,0,0,1,2,1,1,0,0,2,1,1,7,0,10,0,1,0,1,1,0,6,7,5,8,3
2022.0,-28.0,1.0,0.0,3,5,3,0,0,2,1,9,1,1,0,1,2,1,1,8,0,10,0,1,0,1,2,0,10,2,5,9,5
2022.0,-160.0,2.0,0.0,2,4,3,0,0,0,0,2,1,1,0,0,1,1,1,9,0,10,0,1,0,1,2,0,0,2,5,3,9
2022.0,0.0,0.0,0.0,3,10,3,0,0,0,0,2,1,1,0,0,2,1,1,10,0,10,0,0,0,1,2,0,5,4,5,9,9
2022.0,0.0,3.0,0.0,2,6,3,0,0,0,1,9,1,0,0,1,9,1,1,10,0,10,0,0,0,2,0,0,6,5,5,3,9
2022.0,0.0,0.0,0.0,3,2,3,0,0,0,1,9,1,1,0,1,9,1,1,11,0,10,0,0,0,1,1,0,4,4,5,8,9
2022.0,-125.0,1.0,0.0,3,6,3,0,0,0,1,2,1,1,0,1,2,1,1,12,0,10,0,0,0,2,2,0,10,8,5,3,3
2022.0,-390.0,0.0,0.0,3,6,3,0,0,0,1,1,1,1,0,0,1,1,1,13,0,10,0,0,0,2,2,0,10,8,5,8,3
2022.0,250.0,0.0,0.0,3,4,3,0,0,0,2,2,1,1,0,0,5,1,1,14,0,10,0,0,0,3,1,0,0,7,5,9,3
2022.0,-51.0,0.0,0.0,3,10,5,4,0,0,1,1,1,1,0,1,1,1,1,16,0,10,0,1,0,3,1,0,10,9,5,9,9
2022.0,0.0,0.0,0.0,3,6,0,0,0,0,0,9,1,1,0,1,5,1,1,17,0,10,0,1,0,2,1,0,10,2,5,3,9
2022.0,-100.0,1.0,0.0,3,2,0,0,0,0,0,2,1,1,0,0,1,1,1,17,0,10,0,1,0,2,1,0,0,2,5,3,9
2022.0,163.0,0.0,0.0,3,12,0,0,0,0,2,8,1,1,1,1,1,1,1,18,0,10,0,1,0,3,0,0,6,5,5,6,5
2022.0,-95.0,0.0,0.0,3,6,0,0,0,0,1,1,1,1,0,0,1,1,1,18,0,10,0,1,0,1,1,0,10,7,5,8,3
2022.0,-500.0,1.0,0.0,3,2,0,0,0,0,1,2,1,1,0,0,2,1,1,19,0,10,0,1,0,2,2,0,0,4,5,3,9
2022.0,0.0,1.0,0.0,3,6,0,0,0,0,1,1,1,1,0,0,1,1,1,20,0,10,0,0,0,2,2,0,3,7,5,8,9
2022.0,-25.0,0.0,0.0,3,10,0,0,0,0,0,5,1,1,0,1,5,1,1,2,1,11,0,0,0,1,1,0,8,9,5,3,2
2022.0,226.0,0.0,0.0,3,2,3,0,0,0,1,1,1,1,0,1,5,1,1,8,1,11,0,1,0,1,1,0,0,2,5,3,9
2022.0,-15.0,3.0,0.0,3,5,3,1,0,0,1,2,1,1,2,0,9,1,1,9,1,11,0,1,0,1,1,0,10,7,5,7,3
2022.0,0.0,1.0,0.0,3,4,3,1,0,0,1,5,1,1,0,0,2,1,1,10,1,11,0,0,0,1,1,0,4,2,5,3,9
2022.0,-135.0,1.0,0.0,3,10,3,0,0,0,1,9,1,1,0,1,9,1,1,12,1,11,0,0,0,0,1,0,6,9,5,3,2
2022.0,40.0,0.0,0.0,3,9,3,0,0,0,2,1,1,1,0,1,9,1,1,13,1,11,0,0,0,3,1,0,10,9,5,8,3
2022.0,0.0,0.0,0.0,3,4,4,1,0,0,1,5,1,1,0,0,2,1,1,17,1,11,0,1,0,2,2,0,4,2,5,9,3
2022.0,150.0,3.0,0.0,3,10,4,0,0,0,1,4,1,1,0,0,2,1,1,17,1,11,0,1,0,2,2,0,10,9,5,8,2
2022.0,112.0,4.0,0.0,3,6,0,0,0,0,1,5,1,0,0,1,5,1,1,18,1,11,0,1,0,1,0,0,10,7,5,8,3
2022.0,12.0,1.0,0.0,3,5,0,0,0,3,1,1,0,1,0,1,2,1,1,22,1,11,0,0,0,2,1,0,10,5,5,3,7
2022.0,0.0,0.0,0.0,3,6,3,0,0,0,1,5,1,1,0,1,5,1,1,7,2,11,0,1,0,2,1,0,3,7,5,8,8
2022.0,82.0,0.0,0.0,3,10,3,0,0,0,1,9,1,1,0,1,9,1,1,8,2,11,0,1,0,1,2,0,10,9,5,3,2
2022.0,70.0,0.0,0.0,3,10,3,0,0,0,1,1,1,1,0,0,1,1,1,9,2,11,0,1,0,2,2,0,10,9,5,3,2
2022.0,0.0,0.0,0.0,3,6,3,0,0,0,1,9,1,1,0,0,9,1,1,12,2,11,0,0,0,1,1,0,3,7,5,8,9
2022.0,25.0,0.0,0.0,3,6,3,0,0,0,1,5,1,1,0,1,5,1,1,13,2,11,0,0,0,1,1,0,4,7,5,8,3
2022.0,0.0,0.0,0.0,3,4,3,0,0,0,2,7,1,1,0,0,1,1,1,13,2,11,0,0,0,3,2,0,4,2,5,3,9
2022.0,40.0,0.0,0.0,3,6,3,0,0,0,1,1,1,1,0,0,1,1,1,14,2,11,0,0,0,1,1,0,10,8,5,8,3
2022.0,-134.0,1.0,0.0,3,10,3,0,0,0,0,1,1,1,0,0,1,1,1,14,2,11,0,0,0,0,1,0,6,9,5,3,2
2022.0,96.0,0.0,0.0,3,6,3,1,0,0,1,5,1,1,0,1,5,1,1,16,2,11,0,1,0,1,1,0,10,7,5,8,3
2022.0,-75.0,0.0,0.0,3,10,5,0,0,0,2,1,1,1,0,0,1,1,1,16,2,11,0,1,0,3,1,0,10,9,5,8,2
2022.0,-208.0,0.0,0.0,3,6,4,0,0,0,1,2,1,1,0,1,2,1,1,16,2,11,0,1,0,1,0,0,10,7,5,3,3
2022.0,102.0,0.0,0.0,3,10,3,0,0,0,2,5,1,1,0,0,5,1,1,17,2,11,0,1,0,3,1,0,10,9,5,8,0
2022.0,-124.0,0.0,0.0,3,6,3,1,4,0,1,1,1,1,0,0,1,1,1,14,3,11,0,0,1,2,2,0,6,7,5,9,3
2022.0,0.0,0.0,0.0,3,4,3,0,0,0,0,2,1,1,0,1,5,1,1,16,3,11,0,1,0,2,1,0,5,2,5,3,9
2022.0,62.0,0.0,0.0,3,6,3,0,0,0,1,9,1,1,0,1,9,1,1,16,3,11,0,1,0,2,2,0,10,8,5,8,3
2022.0,0.0,0.0,0.0,3,4,3,0,0,0,0,9,1,1,0,1,1,1,1,17,3,11,0,1,0,1,0,0,4,5,5,3,9
2022.0,-336.0,1.0,0.0,3,5,4,0,0,0,2,2,1,1,3,1,1,1,1,17,3,11,0,1,0,3,2,0,10,2,5,7,3
2022.0,194.0,0.0,0.0,3,6,3,0,0,0,1,2,1,1,0,1,2,1,1,17,3,11,0,1,0,1,1,0,0,2,5,3,9
2022.0,20.0,0.0,0.0,3,6,0,0,0,0,0,9,1,1,0,1,9,1,1,19,3,11,0,1,0,2,1,0,10,7,5,8,3
2022.0,0.0,1.0,0.0,3,2,0,0,0,0,1,9,1,1,0,0,5,1,1,19,3,11,0,1,0,1,2,0,4,2,5,3,3
2022.0,0.0,0.0,0.0,3,6,0,0,0,0,2,2,1,1,0,0,2,1,1,21,3,11,0,0,0,3,2,0,5,8,5,8,3
2022.0,0.0,1.0,0.0,3,6,0,0,0,0,1,9,1,1,0,1,9,1,1,0,4,11,0,0,0,1,1,0,5,7,5,8,3
2022.0,100.0,0.0,0.0,3,6,3,0,0,0,0,5,1,1,0,0,5,1,1,9,4,11,0,1,0,1,2,0,6,7,5,8,3
2022.0,15.0,1.0,0.0,2,5,3,0,0,2,0,1,1,1,0,0,5,1,1,11,4,11,0,0,0,2,2,0,10,5,5,9,7
2022.0,0.0,0.0,0.0,3,6,3,0,0,0,1,2,1,1,0,0,2,1,1,14,4,11,0,0,0,1,1,0,5,7,7,3,3
2022.0,0.0,1.0,0.0,3,5,3,0,0,2,1,9,1,1,0,0,5,1,1,16,4,11,0,1,0,2,2,0,4,2,5,3,7
2022.0,141.0,0.0,0.0,3,6,0,0,0,0,0,5,1,1,0,0,5,1,1,17,4,11,0,1,0,1,1,0,6,7,5,8,3
2022.0,0.0,0.0,0.0,3,4,0,0,0,0,0,7,1,1,0,0,2,1,1,18,4,11,0,1,0,2,1,0,5,2,5,3,9
2022.0,0.0,1.0,0.0,3,4,0,0,0,0,1,1,1,1,0,0,9,1,1,18,4,11,0,1,0,1,1,0,5,2,5,3,9
2022.0,-253.0,0.0,0.0,3,3,0,0,0,0,1,2,1,1,0,0,1,1,1,18,4,11,0,1,0,1,1,0,0,2,5,3,9
2022.0,15.0,1.0,0.0,3,5,0,0,0,0,0,5,1,1,3,0,2,1,1,20,4,11,0,0,0,1,1,0,10,2,5,7,9
2022.0,-82.0,0.0,0.0,3,10,0,0,0,0,1,5,1,1,0,1,5,1,1,23,4,11,0,0,0,3,0,0,6,9,5,3,5
2022.0,0.0,0.0,0.0,3,4,3,0,0,0,0,5,1,1,0,0,2,1,1,0,5,11,1,0,0,2,1,0,4,5,5,3,9
2022.0,0.0,0.0,0.0,3,4,0,0,0,0,1,9,1,1,0,1,2,1,1,4,5,11,1,0,0,2,1,0,4,2,5,9,3
2022.0,-20.0,0.0,0.0,3,6,3,1,0,0,1,1,1,1,0,0,1,1,1,7,5,11,1,1,0,1,0,0,10,7,5,8,3
2022.0,-85.0,0.0,0.0,3,6,3,0,0,0,0,5,1,1,0,1,5,1,1,9,5,11,1,1,0,1,1,0,10,8,5,8,3
2022.0,122.0,0.0,0.0,3,6,3,0,0,0,0,5,1,1,0,1,5,1,1,11,5,11,1,0,0,1,1,0,10,7,5,8,3
2022.0,85.0,0.0,0.0,3,5,3,0,0,0,2,5,1,1,0,0,5,1,1,14,5,11,1,0,0,3,0,0,10,7,5,8,1
2022.0,479.0,0.0,0.0,3,11,3,0,0,0,1,1,1,1,0,0,9,1,1,15,5,11,1,0,0,1,1,0,6,4,5,3,9
2022.0,-125.0,0.0,0.0,3,4,3,0,0,0,1,2,1,1,0,0,2,1,1,16,5,11,1,1,0,1,2,0,0,4,5,3,9
2022.0,0.0,0.0,0.0,3,4,3,0,0,0,2,5,1,1,0,1,2,1,1,16,5,11,1,1,0,3,0,0,5,2,5,3,9
2022.0,-400.0,1.0,0.0,3,5,0,0,0,0,2,2,1,1,3,0,9,1,1,17,5,11,1,1,0,3,2,0,0,2,5,7,3
2022.0,-50.0,0.0,0.0,3,4,0,4,0,0,1,5,1,1,0,1,1,1,1,18,5,11,1,1,0,1,1,0,10,4,5,3,9
2022.0,-100.0,0.0,0.0,3,10,0,0,0,0,2,2,1,1,0,0,2,1,1,18,5,11,1,1,0,3,1,0,6,9,5,3,3
2022.0,100.0,0.0,0.0,3,4,0,0,0,0,1,5,1,1,0,1,9,1,1,19,5,11,1,1,0,2,1,0,0,2,5,3,9
2022.0,-30.0,0.0,0.0,3,3,0,0,0,0,2,9,1,1,0,0,1,1,1,20,5,11,1,0,0,3,0,0,10,9,5,8,3
2022.0,15.0,0.0,0.0,3,11,0,0,0,0,1,6,1,1,0,1,6,1,1,23,5,11,1,0,0,2,1,0,10,4,5,9,9
2022.0,60.0,0.0,0.0,3,4,3,0,0,0,1,4,1,1,0,0,5,1,1,11,6,11,1,0,0,2,1,0,5,2,5,3,9
2022.0,51.0,0.0,0.0,3,6,3,0,0,0,0,2,1,1,0,0,2,1,1,12,6,11,1,0,0,1,1,0,10,4,5,3,9
2022.0,1.0,0.0,0.0,3,6,3,0,0,0,1,1,1,1,0,1,1,1,1,12,6,11,1,0,0,1,1,0,3,5,5,8,1
2022.0,0.0,0.0,0.0,3,2,3,0,0,0,0,1,1,1,0,0,5,1,1,13,6,11,1,0,0,2,1,0,4,2,5,9,3
2022.0,67.0,1.0,0.0,3,6,3,0,0,0,0,9,1,1,0,1,9,1,1,14,6,11,1,0,0,1,1,0,10,7,5,8,3
2022.0,-200.0,0.0,0.0,3,6,3,0,0,0,0,9,1,1,0,0,9,1,1,15,6,11,1,0,0,2,1,0,6,8,5,3,3
2022.0,-240.0,0.0,0.0,3,6,3,0,0,0,1,9,1,1,0,1,2,1,1,15,6,11,1,0,0,1,2,0,0,2,5,3,9
2022.0,0.0,0.0,0.0,3,2,3,0,0,0,0,5,1,1,0,0,5,1,1,16,6,11,1,1,0,1,2,0,4,2,5,9,6
2022.0,0.0,3.0,0.0,2,4,0,0,0,0,0,5,1,1,0,1,2,1,1,18,6,11,1,1,0,1,2,0,4,2,5,3,9
2022.0,0.0,0.0,0.0,3,2,0,0,0,0,1,9,1,1,0,0,2,1,1,18,6,11,1,1,0,1,1,0,4,5,5,3,3
2022.0,0.0,1.0,0.0,3,4,0,0,0,0,1,9,1,1,0,1,1,1,1,18,6,11,1,1,0,1,1,0,4,2,5,3,9
2022.0,-25.0,0.0,0.0,3,5,0,0,0,0,1,1,1,1,0,1,1,1,1,18,6,11,1,1,0,1,1,0,10,5,5,3,1
2022.0,-15.0,0.0,0.0,3,10,0,0,0,0,1,5,1,1,0,1,5,1,1,3,0,11,0,0,0,1,1,0,6,9,5,3,9
2022.0,500.0,0.0,0.0,3,6,3,0,0,0,1,1,1,1,0,0,1,1,1,11,0,11,0,0,0,1,2,0,6,7,5,8,3
2022.0,-500.0,1.0,0.0,2,2,3,0,0,0,0,2,1,1,0,0,9,1,1,12,0,11,0,0,0,2,2,0,10,2,5,3,9
2022.0,-163.0,0.0,0.0,3,6,3,0,0,0,0,5,1,1,0,1,5,1,1,13,0,11,0,0,0,2,0,0,6,8,5,3,3
2022.0,-978.0,1.0,0.0,3,2,3,0,0,0,1,5,1,1,0,1,9,1,1,14,0,11,0,0,0,1,2,0,6,4,5,3,9
2022.0,0.0,0.0,0.0,3,4,3,0,0,0,1,9,1,1,0,0,1,1,1,14,0,11,0,0,0,2,1,0,4,2,5,3,9
2022.0,-100.0,0.0,0.0,3,10,3,0,0,0,0,9,1,1,0,1,9,1,1,16,0,11,0,1,0,0,1,0,6,9,5,3,2
2022.0,30.0,0.0,0.0,3,6,3,0,0,0,0,1,1,1,0,1,1,1,1,16,0,11,0,1,0,0,2,0,6,7,5,8,3
2022.0,40.0,0.0,0.0,3,10,3,0,0,0,1,5,1,1,0,1,5,1,1,17,0,11,0,1,0,0,1,0,10,9,5,3,2
2022.0,50.0,0.0,0.0,3,4,0,0,0,0,1,2,1,1,0,1,5,1,1,18,0,11,0,1,0,1,2,0,5,2,5,3,9
2022.0,-200.0,0.0,0.0,3,6,0,0,3,0,2,2,1,1,0,0,2,1,1,19,0,11,0,1,0,3,0,0,10,7,5,8,1
2022.0,0.0,0.0,0.0,3,10,0,0,0,0,1,5,0,1,0,1,5,1,1,21,0,11,0,0,0,1,1,0,6,7,5,3,3