Year,Distance,Totalinjuries,Totalfatalities,Injuryseverity,Collisionmanner,Lightcondition,Weather,SurfaceCondition,Unittype_One,Gender_Drv1,Traveldirection_One,AlcoholUse_Drv1,DrugUse_Drv1,Unittype_Two,Gender_Drv2,Traveldirection_Two,AlcoholUse_Drv2,DrugUse_Drv2,Hour,Weekday,Month,Weekend,Rush_Hour,Hazardous_Road,Age_Group_Drv1,Age_Group_Drv2,Substance_Use,Junction_Category,Violation_Category_Drv1,Violation_Category_Drv2,Unitaction_Category_Two,Unitaction_Category_One
2022.0,-200.0,0.0,0.0,3,10,0,0,0,0,2,1,1,1,0,0,1,1,1,2,1,11,0,0,0,3,2,0,6,9,5,3,3
2022.0,-80.0,0.0,0.0,3,10,3,0,0,0,1,1,1,1,0,1,1,1,1,8,1,11,0,1,0,1,1,0,10,5,5,8,9
2022.0,-173.0,0.0,0.0,3,6,3,0,0,0,2,1,1,1,0,1,1,1,1,12,1,11,0,0,0,3,1,0,6,7,5,9,9
2022.0,294.0,0.0,0.0,3,2,3,0,0,0,0,1,1,1,0,1,9,1,1,12,1,11,0,0,0,1,0,0,0,4,4,9,9
2022.0,285.0,0.0,0.0,3,2,3,0,0,0,0,5,1,1,0,0,9,1,1,14,1,11,0,0,0,1,1,0,6,2,5,3,9
2022.0,-50.0,0.0,0.0,3,6,3,0,0,0,1,1,1,1,0,1,1,1,1,14,1,11,0,0,0,1,0,0,10,8,5,8,3
2022.0,40.0,0.0,0.0,3,2,3,0,0,0,1,9,1,1,0,1,1,1,1,14,1,11,0,0,0,2,1,0,10,5,5,3,9
2022.0,0.0,0.0,0.0,3,6,3,0,0,0,2,2,1,1,0,1,2,1,1,15,1,11,0,0,0,3,1,0,4,7,5,9,5
2022.0,50.0,1.0,0.0,3,6,3,0,0,0,1,5,1,1,0,0,5,1,1,15,1,11,0,0,0,1,1,0,10,7,5,8,3
2022.0,-110.0,0.0,0.0,3,4,3,0,0,0,0,2,1,1,0,1,5,1,1,15,1,11,0,0,0,2,2,0,0,2,5,3,9
2022.0,0.0,0.0,0.0,3,4,0,1,0,0,1,2,1,1,0,0,5,1,1,18,1,11,0,1,0,1,0,0,4,2,5,3,9
2022.0,158.0,0.0,0.0,3,5,0,0,0,0,1,1,0,1,1,1,2,1,1,19,1,11,0,1,0,0,1,0,6,5,5,6,1
2022.0,-60.0,1.0,0.0,2,6,0,0,0,0,0,1,1,1,0,0,1,1,1,19,1,11,0,1,0,1,1,0,10,7,5,8,3
2022.0,-10.0,0.0,0.0,3,6,0,0,0,0,1,2,1,1,0,0,2,1,1,21,1,11,0,0,0,1,2,0,10,7,5,8,3
2022.0,0.0,1.0,0.0,3,2,0,0,0,0,2,9,1,1,0,0,2,1,1,22,1,11,0,0,0,3,1,0,4,2,5,3,3
2022.0,0.0,0.0,0.0,3,2,0,0,0,0,0,9,1,1,0,1,5,1,1,5,2,11,0,0,0,2,2,0,4,5,5,3,3
2022.0,0.0,0.0,0.0,3,4,0,0,0,0,2,2,1,1,0,1,2,1,1,6,2,11,0,0,0,3,1,0,4,9,5,9,9
2022.0,0.0,0.0,0.0,3,4,3,0,0,0,1,5,1,1,0,1,2,1,1,7,2,11,0,1,0,1,2,0,4,2,5,3,9
2022.0,110.0,1.0,0.0,3,6,3,0,0,0,1,9,1,1,0,1,9,1,1,8,2,11,0,1,0,2,2,0,10,8,5,8,3
2022.0,0.0,0.0,0.0,3,4,3,0,0,0,1,9,1,1,0,0,1,1,1,9,2,11,0,1,0,2,1,0,4,2,5,3,9
2022.0,112.0,0.0,0.0,3,6,3,1,0,0,0,9,1,1,0,0,9,1,1,10,2,11,0,0,0,1,0,0,10,7,5,8,3
2022.0,0.0,0.0,0.0,3,2,3,1,0,0,1,2,1,1,0,0,1,1,1,12,2,11,0,0,0,2,1,0,4,2,5,3,3
2022.0,0.0,0.0,0.0,3,4,3,1,0,0,1,5,1,1,0,1,5,1,1,12,2,11,0,0,0,2,1,0,4,4,5,9,9
2022.0,-325.0,0.0,0.0,3,5,3,3,4,0,1,2,1,1,0,0,5,1,1,13,2,11,0,0,1,1,1,0,6,5,5,3,3
2022.0,50.0,0.0,0.0,3,6,3,1,4,0,1,9,1,1,0,1,9,1,1,15,2,11,0,0,1,0,1,0,10,8,5,8,3
2022.0,0.0,0.0,0.0,3,4,3,1,4,0,2,1,1,1,0,0,9,1,1,15,2,11,0,0,1,3,1,0,4,2,5,9,3
2022.0,50.0,1.0,0.0,3,6,3,3,4,0,1,9,1,1,0,0,9,1,1,15,2,11,0,0,1,1,1,0,10,7,5,9,9
2022.0,65.0,0.0,0.0,3,6,3,3,4,0,0,5,1,1,0,1,5,1,1,15,2,11,0,0,1,1,1,0,6,8,5,8,3
2022.0,-200.0,4.0,0.0,3,2,3,3,4,0,1,2,1,1,0,1,1,1,1,16,2,11,0,1,1,1,1,0,0,2,5,3,9
2022.0,-3.0,1.0,0.0,2,5,3,1,0,0,0,1,1,1,3,1,2,1,1,16,2,11,0,1,0,1,1,0,4,2,5,7,9
2022.0,76.0,0.0,0.0,3,6,3,1,4,0,0,5,1,1,0,0,5,1,1,16,2,11,0,1,1,1,2,0,10,7,5,8,3
2022.0,158.0,0.0,0.0,3,9,3,1,4,0,2,1,1,1,0,1,9,1,1,17,2,11,0,1,1,3,0,0,6,7,5,2,3
2022.0,-350.0,0.0,0.0,3,11,4,3,0,0,1,9,1,1,0,0,9,1,1,17,2,11,0,1,0,2,1,0,6,4,5,3,9
2022.0,0.0,1.0,0.0,2,5,0,0,0,2,1,9,1,1,0,0,9,1,1,19,2,11,0,1,0,1,1,0,4,5,5,9,7
2022.0,0.0,0.0,0.0,3,4,0,0,0,0,1,2,1,1,0,0,9,1,1,4,3,11,0,0,0,1,1,0,4,4,5,3,9
2022.0,0.0,0.0,0.0,3,4,2,0,0,0,2,1,1,1,0,0,5,1,1,6,3,11,0,0,0,3,1,0,4,2,5,9,3
2022.0,-54.0,1.0,0.0,3,6,3,0,0,0,1,2,1,1,0,0,2,1,1,8,3,11,0,1,0,2,1,0,10,8,5,8,3
2022.0,0.0,0.0,0.0,3,2,3,0,0,0,0,2,1,1,0,1,2,1,1,9,3,11,0,1,0,1,1,0,3,7,5,3,3
2022.0,0.0,1.0,0.0,3,5,3,0,0,0,0,2,1,1,2,1,5,1,1,12,3,11,0,0,0,1,0,0,4,2,5,7,9
2022.0,235.0,1.0,0.0,2,5,3,0,0,2,1,2,1,1,0,0,1,1,1,14,3,11,0,0,0,2,1,0,0,5,5,9,3
2022.0,-291.0,1.0,0.0,3,5,3,0,3,0,1,5,1,1,2,1,2,1,1,15,3,11,0,0,0,2,2,0,0,2,5,7,9
2022.0,35.0,0.0,0.0,3,6,3,0,0,0,1,9,1,1,0,1,9,1,1,15,3,11,0,0,0,1,2,0,10,7,5,8,3
2022.0,0.0,0.0,0.0,3,2,3,0,0,0,0,3,1,1,0,0,3,1,1,16,3,11,0,1,0,1,1,0,5,5,5,3,5
2022.0,0.0,0.0,0.0,3,4,3,0,0,0,2,2,1,1,0,0,5,1,1,17,3,11,0,1,0,3,2,0,4,2,5,3,9
2022.0,0.0,0.0,0.0,3,6,0,0,0,0,0,1,1,1,0,1,1,1,1,18,3,11,0,1,0,2,1,0,3,7,5,9,9
2022.0,77.0,0.0,0.0,3,2,0,0,0,0,1,2,1,1,0,0,2,1,1,19,3,11,0,1,0,0,2,0,10,5,5,9,3
2022.0,0.0,0.0,0.0,3,10,0,0,0,0,1,9,1,1,0,0,9,1,1,21,3,11,0,0,0,2,2,0,4,2,5,9,9
2022.0,0.0,0.0,0.0,3,4,0,0,0,0,0,2,1,1,0,1,5,1,1,23,3,11,0,0,0,1,2,0,4,2,5,3,9
2022.0,82.0,0.0,0.0,3,6,3,0,0,0,1,5,1,1,0,1,5,1,1,10,4,11,0,0,0,3,0,0,10,5,5,3,3
2022.0,-40.0,0.0,0.0,3,6,3,0,0,0,1,1,1,1,0,0,1,1,1,11,4,11,0,0,0,1,1,0,10,7,5,8,3
2022.0,130.0,0.0,0.0,3,4,3,0,0,0,0,5,1,1,0,1,9,1,1,13,4,11,0,0,0,0,2,0,0,2,5,3,9
2022.0,-201.0,1.0,0.0,3,3,3,0,0,0,2,5,1,1,0,1,9,1,1,13,4,11,0,0,0,3,1,0,6,2,5,3,9
2022.0,150.0,0.0,0.0,3,10,3,0,0,0,0,9,1,1,0,1,9,1,1,16,4,11,0,1,0,2,1,0,10,9,5,3,2
2022.0,0.0,1.0,0.0,2,5,0,0,0,3,1,9,1,1,0,0,5,1,1,18,4,11,0,1,0,1,1,0,5,6,5,3,7
2022.0,0.0,1.0,0.0,3,4,0,0,0,0,1,1,1,1,0,0,5,1,1,22,4,11,0,0,0,1,2,0,4,2,5,9,3
2022.0,120.0,0.0,0.0,3,9,0,0,0,0,1,2,0,1,1,1,5,1,1,1,5,11,1,0,0,2,1,0,6,7,5,6,9
2022.0,0.0,0.0,0.0,3,4,3,0,0,0,1,1,1,1,0,0,9,1,1,11,5,11,1,0,0,1,2,0,4,2,5,3,9
2022.0,0.0,2.0,0.0,3,2,3,0,0,0,1,1,1,1,0,1,5,1,1,12,5,11,1,0,0,0,1,0,4,2,5,3,3
2022.0,-237.0,0.0,0.0,3,10,3,0,0,0,1,1,1,1,0,0,1,1,1,14,5,11,1,0,0,0,0,0,6,9,5,3,3
2022.0,175.0,1.0,0.0,2,6,4,0,0,0,0,9,1,1,0,1,9,1,1,17,5,11,1,1,0,1,1,0,6,7,5,8,5
2022.0,0.0,0.0,0.0,3,3,4,0,0,0,1,1,1,1,0,1,9,1,1,20,5,11,1,0,0,3,2,0,6,5,2,3,9
2022.0,200.0,3.0,0.0,2,11,0,0,0,0,1,2,1,1,0,1,5,1,1,20,5,11,1,0,0,1,1,0,6,4,5,3,9
2022.0,-300.0,0.0,0.0,3,6,0,0,0,0,1,2,1,1,0,0,2,1,1,21,5,11,1,0,0,0,2,0,6,7,5,8,3
2022.0,253.0,0.0,0.0,3,10,3,0,0,0,0,5,1,1,0,0,5,1,1,10,6,11,1,0,0,1,1,0,0,9,5,8,9
2022.0,0.0,0.0,0.0,3,10,3,0,0,0,0,1,1,1,0,1,1,1,1,11,6,11,1,0,0,1,1,0,5,9,9,9,3
2022.0,-50.0,2.0,0.0,2,6,3,0,0,0,1,2,1,1,0,0,2,1,1,12,6,11,1,0,0,1,0,0,5,7,5,3,3
2022.0,1.0,0.0,0.0,3,6,3,0,0,0,1,5,1,1,0,1,5,1,1,15,6,11,1,0,0,1,1,0,10,7,5,8,3
2022.0,400.0,1.0,0.0,3,6,3,0,0,0,1,1,1,1,0,1,1,1,1,15,6,11,1,0,0,2,2,0,6,7,5,8,3
2022.0,-694.0,0.0,0.0,3,6,3,0,0,0,1,1,1,1,0,1,1,1,1,15,6,11,1,0,0,1,1,0,6,8,5,3,3
2022.0,62.0,0.0,0.0,3,12,0,0,0,0,2,8,1,1,1,1,8,1,1,16,6,11,1,1,0,3,2,0,6,5,5,6,5
2022.0,-60.0,0.0,0.0,3,6,3,0,0,0,1,1,1,1,0,0,1,1,1,16,6,11,1,1,0,2,1,0,10,7,5,8,3
2022.0,40.0,0.0,0.0,3,5,0,0,0,0,1,5,1,1,0,0,5,1,1,18,6,11,1,1,0,3,1,0,10,5,5,8,1
2022.0,640.0,0.0,0.0,3,10,3,0,0,0,1,1,1,1,0,1,1,1,1,7,0,11,0,1,0,1,1,0,6,9,5,3,2
2022.0,-15.0,1.0,0.0,3,10,3,0,0,0,1,1,1,1,0,0,9,1,1,10,0,11,0,0,0,1,2,0,10,2,5,9,9
2022.0,160.0,0.0,0.0,3,6,3,0,0,0,1,1,1,1,0,1,1,1,1,11,0,11,0,0,0,2,1,0,6,7,5,8,3
2022.0,-100.0,1.0,0.0,2,5,3,0,0,2,1,9,1,1,0,0,1,1,1,13,0,11,0,0,0,2,2,0,0,5,5,3,7
2022.0,0.0,1.0,0.0,3,2,3,0,0,0,0,9,1,1,0,1,1,1,1,14,0,11,0,0,0,2,0,0,4,2,5,9,3
2022.0,0.0,0.0,0.0,3,10,3,0,0,0,1,2,1,1,0,1,2,1,1,14,0,11,0,0,0,1,1,0,4,9,5,3,9
2022.0,-150.0,1.0,0.0,2,5,3,0,0,2,0,1,1,1,0,0,5,1,1,14,0,11,0,0,0,2,1,0,0,5,5,9,7
2022.0,0.0,2.0,0.0,3,2,3,0,0,0,0,5,1,1,0,0,9,1,1,15,0,11,0,0,0,2,0,0,4,2,5,3,9
2022.0,0.0,0.0,0.0,3,2,3,0,0,0,1,5,1,1,0,0,5,1,1,15,0,11,0,0,0,0,1,0,3,5,5,9,9
2022.0,470.0,0.0,0.0,3,2,3,0,0,0,0,1,1,1,0,0,5,1,1,15,0,11,0,0,0,0,2,0,0,2,5,3,9
2022.0,87.0,0.0,0.0,3,10,3,0,0,0,2,5,1,1,0,0,5,1,1,16,0,11,0,1,0,3,0,0,10,9,5,8,3
2022.0,0.0,3.0,0.0,3,2,3,0,0,0,1,2,1,1,0,1,9,1,1,16,0,11,0,1,0,1,2,0,4,2,5,9,3
2022.0,0.0,0.0,0.0,3,4,0,0,0,0,1,3,1,1,0,0,6,1,1,19,0,11,0,1,0,1,1,0,5,2,5,3,9
2022.0,60.0,0.0,0.0,3,9,0,4,0,0,0,3,1,1,0,1,9,1,1,19,0,11,0,1,0,3,1,0,10,7,5,8,9
2022.0,0.0,0.0,0.0,3,10,0,0,0,0,1,9,1,1,0,0,9,1,1,19,0,11,0,1,0,1,1,0,6,5,5,3,3
2022.0,0.0,0.0,0.0,3,4,0,0,0,0,0,2,1,1,0,1,9,1,1,20,0,11,0,0,0,1,2,0,4,2,5,3,9
2022.0,28.0,1.0,0.0,2,5,3,0,0,0,1,5,1,1,3,1,2,1,1,7,1,11,0,1,0,1,1,0,10,2,5,7,9
2022.0,450.0,0.0,0.0,3,2,3,0,0,0,0,1,1,1,0,1,5,1,1,8,1,11,0,1,0,2,1,0,0,2,5,3,9
2022.0,0.0,0.0,0.0,3,2,3,0,0,0,1,2,1,1,0,1,9,1,1,9,1,11,0,1,0,1,1,0,4,2,5,8,3
2022.0,0.0,3.0,0.0,3,6,3,0,0,0,0,1,1,1,0,1,1,1,1,13,1,11,0,0,0,1,1,0,6,7,5,3,3
2022.0,-88.0,1.0,0.0,2,10,3,0,0,0,1,9,1,1,0,0,9,1,1,16,1,11,0,1,0,1,2,0,10,7,5,9,9
2022.0,229.0,0.0,0.0,3,2,3,0,0,0,2,1,1,1,0,1,9,1,1,16,1,11,0,1,0,3,1,0,10,2,5,8,9
2022.0,0.0,1.0,0.0,3,5,4,0,0,0,0,5,1,1,0,1,9,1,1,16,1,11,0,1,0,2,1,0,4,2,5,3,3
2022.0,0.0,1.0,0.0,3,4,0,0,0,0,1,5,1,1,0,1,2,1,1,18,1,11,0,1,0,1,2,0,4,9,5,3,9
2022.0,300.0,1.0,0.0,3,6,0,0,0,0,0,1,1,1,0,1,1,1,1,18,1,11,0,1,0,2,2,0,6,5,5,3,9
2022.0,0.0,0.0,0.0,3,2,3,0,0,0,0,9,1,1,0,1,2,1,1,19,1,11,0,1,0,2,1,0,0,2,5,3,3
2022.0,15.0,1.0,0.0,2,5,0,0,0,0,2,8,1,1,2,0,9,1,1,4,2,11,0,0,0,3,1,0,10,5,5,7,5
2022.0,0.0,2.0,0.0,3,4,3,0,0,0,0,3,1,1,0,0,9,1,1,8,2,11,0,1,0,2,0,0,4,2,5,3,9
2022.0,-10.0,0.0,0.0,3,6,3,0,0,0,0,2,1,1,0,1,2,1,1,9,2,11,0,1,0,0,1,0,10,7,5,8,3
2022.0,-100.0,0.0,0.0,3,6,3,0,0,0,1,2,1,1,0,0,2,1,1,11,2,11,0,0,0,1,1,0,10,8,5,8,2
2022.0,0.0,0.0,0.0,3,10,3,0,0,0,2,9,1,1,0,0,9,1,1,11,2,11,0,0,0,3,2,0,4,4,5,9,9
2022.0,-310.0,0.0,0.0,3,2,3,0,0,0,0,1,1,1,0,1,5,1,1,15,2,11,0,0,0,1,1,0,0,2,5,3,9
2022.0,-414.0,1.0,0.0,2,2,3,0,0,0,1,5,1,1,0,0,9,1,1,16,2,11,0,1,0,2,2,0,0,2,5,3,9
2022.0,-240.0,1.0,0.0,2,6,3,0,0,0,0,2,1,1,0,0,2,1,1,16,2,11,0,1,0,2,1,0,10,8,5,8,3
2022.0,-300.0,0.0,0.0,3,2,3,0,0,0,1,2,1,1,0,0,1,1,1,16,2,11,0,1,0,1,1,0,0,2,5,3,9
2022.0,342.0,1.0,0.0,2,10,4,0,0,0,1,9,1,1,0,1,9,1,1,17,2,11,0,1,0,1,1,0,10,9,5,2,2
2022.0,0.0,3.0,0.0,1,4,0,0,0,0,0,3,1,1,0,1,9,1,1,19,2,11,0,1,0,2,1,0,4,2,5,3,9
2022.0,-500.0,0.0,0.0,3,6,0,0,0,0,0,9,1,1,1,1,9,1,1,19,2,11,0,1,0,1,2,0,6,5,5,6,3
2022.0,0.0,0.0,0.0,3,4,0,0,0,0,1,1,1,1,0,0,2,1,1,19,2,11,0,1,0,1,2,0,10,2,5,3,9
2022.0,0.0,0.0,0.0,3,6,0,0,0,0,1,5,1,1,0,0,5,1,1,19,2,11,0,1,0,1,1,0,6,7,5,8,3
2022.0,-150.0,0.0,0.0,3,6,2,0,0,0,1,2,1,1,1,1,2,1,1,6,3,11,0,0,0,2,2,0,6,7,5,6,3
2022.0,68.0,0.0,0.0,3,6,3,0,0,0,1,9,1,1,0,0,9,1,1,7,3,11,0,1,0,1,1,0,10,8,5,8,3
2022.0,200.0,0.0,0.0,3,10,3,0,0,0,2,1,1,1,0,0,1,1,1,8,3,11,0,1,0,3,2,0,6,9,5,3,3
2022.0,0.0,0.0,0.0,3,2,3,0,0,0,1,2,1,1,0,0,9,1,1,9,3,11,0,1,0,0,1,0,5,5,5,5,5
2022.0,400.0,1.0,0.0,3,5,3,0,0,0,1,5,1,1,2,0,5,1,1,10,3,11,0,0,0,2,2,0,5,2,5,7,9
2022.0,126.0,0.0,0.0,3,10,3,0,0,0,0,2,1,1,0,1,2,1,1,10,3,11,0,0,0,2,0,0,6,9,5,3,2
2022.0,409.0,1.0,0.0,2,10,3,0,0,0,2,9,1,1,2,1,9,1,1,14,3,11,0,0,0,3,2,0,6,9,5,3,3
2022.0,-81.0,3.0,0.0,3,6,3,0,0,0,1,1,1,1,0,1,1,1,1,14,3,11,0,0,0,2,1,0,10,7,5,8,8
2022.0,-313.0,0.0,0.0,3,10,3,0,0,0,0,2,1,1,0,1,2,1,1,15,3,11,0,0,0,2,1,0,6,9,5,3,2
2022.0,-633.0,2.0,0.0,3,4,3,0,0,0,1,9,1,1,0,0,1,1,1,15,3,11,0,0,0,2,1,0,0,2,5,3,9
2022.0,95.0,0.0,0.0,3,6,3,0,0,0,1,1,1,1,0,0,1,1,1,15,3,11,0,0,0,2,1,0,5,7,5,9,3
2022.0,200.0,0.0,0.0,3,6,3,0,0,0,1,9,1,1,0,1,9,1,1,15,3,11,0,0,0,2,2,0,6,7,5,8,3
2022.0,0.0,0.0,0.0,3,4,3,0,0,0,0,1,1,1,0,0,7,1,1,16,3,11,0,1,0,3,1,0,4,2,2,9,3
2022.0,0.0,0.0,0.0,3,6,3,0,0,0,1,9,1,1,0,1,9,1,1,16,3,11,0,1,0,2,1,0,3,7,5,8,8
2022.0,-50.0,0.0,0.0,3,10,3,0,0,0,2,1,1,1,0,1,1,1,1,16,3,11,0,1,0,3,2,0,10,5,5,8,2
2022.0,0.0,1.0,0.0,2,4,0,0,0,0,0,1,1,1,0,1,9,1,1,18,3,11,0,1,0,2,1,0,4,2,5,3,9
2022.0,-50.0,0.0,0.0,3,10,0,0,0,0,2,2,1,1,0,0,2,1,1,20,3,11,0,0,0,3,1,0,10,9,5,3,2
2022.0,0.0,0.0,0.0,3,2,0,0,0,0,0,5,1,1,0,0,9,1,1,21,3,11,0,0,0,2,2,0,4,2,5,3,9
2022.0,0.0,0.0,0.0,3,6,0,0,0,0,1,2,1,1,0,1,2,1,1,22,3,11,0,0,0,1,1,0,6,7,5,3,3
2022.0,39.0,0.0,0.0,3,6,0,0,0,0,0,9,0,0,0,1,9,1,1,22,3,11,0,0,0,2,1,0,10,7,5,8,3
2022.0,0.0,2.0,0.0,3,2,3,0,0,0,1,1,1,1,0,1,5,1,1,5,4,11,0,0,0,1,1,0,3,5,5,3,9
2022.0,0.0,1.0,0.0,2,2,3,0,0,0,1,5,1,1,0,1,5,1,1,7,4,11,0,1,0,0,1,0,4,4,5,3,9
2022.0,-106.0,1.0,0.0,3,6,3,0,0,0,0,2,1,1,0,1,2,1,1,10,4,11,0,0,0,1,2,0,10,7,5,8,3
2022.0,0.0,0.0,0.0,3,2,3,0,0,0,1,5,1,1,0,0,1,1,1,12,4,11,0,0,0,1,1,0,4,2,5,9,3
2022.0,-230.0,2.0,0.0,2,2,3,0,0,0,1,1,1,1,0,1,5,1,1,12,4,11,0,0,0,1,2,0,0,2,5,3,9
2022.0,-45.0,0.0,0.0,3,10,3,0,0,0,2,2,1,1,0,0,2,1,1,13,4,11,0,0,0,3,1,0,10,7,5,8,3
2022.0,0.0,1.0,0.0,3,6,3,0,0,0,1,9,1,1,0,0,9,1,1,13,4,11,0,0,0,1,2,0,10,7,5,8,9
2022.0,100.0,0.0,0.0,3,6,3,0,0,0,1,5,1,1,0,1,5,1,1,14,4,11,0,0,0,1,0,0,10,7,5,8,3
2022.0,293.0,1.0,0.0,3,5,3,0,0,0,1,2,1,1,3,1,9,1,1,14,4,11,0,0,0,2,1,0,0,2,5,7,9
2022.0,0.0,1.0,0.0,3,2,3,0,0,0,0,9,1,1,0,0,2,1,1,15,4,11,0,0,0,0,0,0,4,2,5,3,3
2022.0,-170.0,0.0,0.0,3,6,3,0,0,0,0,2,1,1,0,1,2,1,1,15,4,11,0,0,0,2,1,0,10,7,5,8,3
2022.0,-184.0,0.0,0.0,3,10,3,0,0,0,1,9,1,1,0,1,9,1,1,16,4,11,0,1,0,1,1,0,6,9,5,3,2
2022.0,-33.0,0.0,0.0,3,4,0,0,0,0,1,4,1,1,0,0,9,1,1,17,4,11,0,1,0,2,1,0,10,5,5,6,9
2022.0,-110.0,0.0,0.0,3,6,0,0,0,0,1,2,1,1,0,0,2,1,1,17,4,11,0,1,0,2,2,0,10,7,5,8,3
2022.0,0.0,0.0,0.0,3,3,0,0,0,0,0,5,1,1,0,1,2,1,1,17,4,11,0,1,0,1,1,0,4,2,5,3,9
2022.0,-200.0,0.0,0.0,3,10,0,0,0,0,1,5,1,1,0,1,5,1,1,20,4,11,0,0,0,0,1,0,3,9,5,3,2
2022.0,-122.0,0.0,0.0,3,6,3,0,0,0,1,1,1,1,0,1,1,1,1,9,5,11,1,1,0,2,1,0,10,7,5,8,3
2022.0,-137.0,0.0,0.0,3,2,3,0,0,0,0,3,1,1,0,1,2,1,1,11,5,11,1,0,0,3,1,0,10,2,5,3,9
2022.0,-62.0,0.0,0.0,3,6,3,0,0,0,1,9,1,1,0,1,9,1,1,13,5,11,1,0,0,0,1,0,10,7,5,8,8
2022.0,-15.0,0.0,0.0,3,6,3,0,0,0,2,5,1,1,0,1,5,1,1,16,5,11,1,1,0,3,2,0,10,8,5,3,3
2022.0,-15.0,1.0,0.0,2,5,3,0,0,0,1,9,1,1,3,1,1,1,1,16,5,11,1,1,0,1,1,0,10,2,5,7,9
2022.0,0.0,1.0,0.0,3,4,0,0,0,0,1,5,1,1,0,1,2,1,1,18,5,11,1,1,0,1,0,0,4,5,5,3,9
2022.0,10.0,2.0,0.0,1,5,0,0,0,0,2,2,1,1,3,1,9,1,1,19,5,11,1,1,0,3,2,0,10,5,5,7,3
2022.0,0.0,2.0,0.0,2,4,0,0,0,0,0,9,1,1,0,1,1,1,1,21,5,11,1,0,0,1,1,0,4,2,5,3,9
2022.0,0.0,0.0,0.0,3,5,0,0,0,1,1,2,1,1,1,1,1,1,1,22,5,11,1,0,0,1,1,0,6,7,5,6,5
2022.0,-150.0,0.0,0.0,3,6,3,0,0,0,1,2,1,1,0,0,2,1,1,11,6,11,1,0,0,2,2,0,10,7,5,8,8
2022.0,-115.0,0.0,0.0,3,6,3,0,0,0,0,1,1,1,0,0,1,1,1,13,6,11,1,0,0,1,0,0,10,7,5,3,3
2022.0,-66.0,0.0,0.0,3,6,3,0,0,0,0,2,1,1,0,0,2,1,1,13,6,11,1,0,0,1,1,0,10,7,5,8,3
2022.0,-200.0,0.0,0.0,3,6,3,0,0,0,1,2,1,1,0,0,2,1,1,13,6,11,1,0,0,2,1,0,6,7,5,3,3
2022.0,-115.0,0.0,0.0,3,6,3,0,0,0,1,1,1,1,0,0,1,1,1,15,6,11,1,0,0,3,2,0,10,5,5,8,3
2022.0,147.0,0.0,0.0,3,6,0,0,0,0,1,5,0,1,0,1,5,1,1,20,6,11,1,0,0,2,1,0,10,7,5,3,8
2022.0,-50.0,0.0,0.0,3,10,0,0,0,0,1,5,1,1,0,1,5,1,1,22,6,11,1,0,0,2,1,0,10,9,5,3,3
2022.0,0.0,0.0,0.0,3,4,3,0,0,0,0,9,1,1,0,0,1,1,1,7,0,11,0,1,0,1,1,0,4,4,5,3,9
2022.0,0.0,0.0,0.0,3,10,3,0,0,0,1,5,1,1,0,0,5,1,1,7,0,11,0,1,0,1,1,0,5,9,5,9,3
2022.0,0.0,1.0,0.0,3,2,3,0,0,0,1,9,1,1,0,0,5,1,1,10,0,11,0,0,0,0,1,0,4,2,5,3,3
2022.0,-300.0,0.0,0.0,3,10,3,0,0,0,2,2,1,1,0,1,2,1,1,12,0,11,0,0,0,3,1,0,10,9,5,3,2
2022.0,430.0,0.0,0.0,3,6,3,0,0,0,0,5,1,1,0,0,5,1,1,13,0,11,0,0,0,2,2,0,6,7,5,8,3
2022.0,0.0,0.0,0.0,3,2,3,0,0,0,2,9,1,1,0,0,5,1,1,13,0,11,0,0,0,3,1,0,4,2,5,3,3
2022.0,10.0,1.0,0.0,3,6,3,0,0,0,0,5,1,1,0,0,5,1,1,13,0,11,0,0,0,1,1,0,10,7,5,8,3
2022.0,-140.0,0.0,0.0,3,10,3,0,0,0,1,2,1,1,0,0,2,1,1,14,0,11,0,0,0,1,1,0,10,9,5,3,2
2022.0,593.0,0.0,0.0,3,6,3,0,0,0,0,5,1,1,0,0,5,1,1,15,0,11,0,0,0,1,2,0,6,9,9,3,3
2022.0,-40.0,0.0,0.0,3,6,3,0,0,0,2,1,1,1,0,0,1,1,1,15,0,11,0,0,0,3,1,0,10,7,5,8,3
2022.0,60.0,1.0,0.0,3,10,3,0,0,0,1,9,1,1,0,0,9,1,1,15,0,11,0,0,0,0,2,0,6,7,5,8,2
2022.0,-55.0,0.0,0.0,3,6,3,0,0,0,0,2,1,1,0,1,2,1,1,15,0,11,0,0,0,2,1,0,10,7,5,3,3
2022.0,150.0,0.0,0.0,3,10,3,0,0,0,1,5,1,1,0,0,5,1,1,16,0,11,0,1,0,0,1,0,10,9,5,3,3
2022.0,25.0,0.0,0.0,3,5,3,0,0,0,2,5,1,1,0,0,5,1,1,17,0,11,0,1,0,3,1,0,10,5,5,8,1
2022.0,125.0,0.0,0.0,3,6,0,0,0,0,1,5,1,1,0,0,5,1,1,17,0,11,0,1,0,1,1,0,10,8,5,8,3
2022.0,0.0,3.0,0.0,2,4,0,0,0,0,1,5,1,1,0,0,2,1,1,17,0,11,0,1,0,1,1,0,4,2,5,3,9