Year,Distance,Totalinjuries,Totalfatalities,Injuryseverity,Collisionmanner,Lightcondition,Weather,SurfaceCondition,Unittype_One,Gender_Drv1,Traveldirection_One,AlcoholUse_Drv1,DrugUse_Drv1,Unittype_Two,Gender_Drv2,Traveldirection_Two,AlcoholUse_Drv2,DrugUse_Drv2,Hour,Weekday,Month,Weekend,Rush_Hour,Hazardous_Road,Age_Group_Drv1,Age_Group_Drv2,Substance_Use,Junction_Category,Violation_Category_Drv1,Violation_Category_Drv2,Unitaction_Category_Two,Unitaction_Category_One
2022.0,638.0,3.0,0.0,2,2,0,0,0,0,1,4,1,1,0,0,1,1,1,19,0,11,0,1,0,1,2,0,0,2,5,3,9
2022.0,70.0,6.0,0.0,2,6,0,0,0,0,1,9,1,1,0,0,9,1,1,19,0,11,0,1,0,2,0,0,10,5,5,8,8
2022.0,-350.0,0.0,0.0,3,10,0,0,0,0,1,4,1,1,0,1,9,1,1,23,0,11,0,0,0,2,1,0,0,4,5,3,5
2022.0,0.0,0.0,0.0,3,10,0,0,0,0,1,2,1,1,0,1,2,1,1,0,1,11,0,0,0,1,1,0,5,7,5,9,9
2022.0,0.0,1.0,0.0,2,4,3,0,0,0,0,2,1,1,0,1,5,1,1,6,1,11,0,0,0,0,2,0,4,2,5,3,9
2022.0,0.0,0.0,0.0,3,4,3,0,0,0,1,1,1,1,0,1,2,1,1,8,1,11,0,1,0,0,1,0,4,2,2,9,3
2022.0,107.0,0.0,0.0,3,6,3,0,0,0,1,9,1,1,0,0,9,1,1,9,1,11,0,1,0,1,1,0,6,8,5,8,3
2022.0,0.0,0.0,0.0,3,2,3,0,0,0,0,5,1,1,0,1,1,1,1,13,1,11,0,0,0,1,1,0,4,2,5,3,3
2022.0,0.0,0.0,0.0,3,6,3,0,0,0,1,9,1,1,0,1,9,1,1,13,1,11,0,0,0,1,1,0,6,7,5,8,3
2022.0,0.0,3.0,0.0,1,2,3,0,0,0,1,9,1,1,0,0,2,1,1,14,1,11,0,0,0,1,1,0,4,2,5,3,3
2022.0,-25.0,0.0,0.0,3,6,3,0,0,0,1,9,1,1,0,0,9,1,1,15,1,11,0,0,0,1,1,0,10,7,5,8,3
2022.0,0.0,1.0,0.0,3,4,3,0,0,0,1,1,1,1,0,0,9,1,1,16,1,11,0,1,0,2,1,0,4,2,5,3,9
2022.0,112.0,0.0,0.0,3,4,0,0,0,0,0,9,1,1,0,0,5,1,1,17,1,11,0,1,0,1,0,0,6,2,5,3,9
2022.0,-72.0,0.0,0.0,3,6,0,0,0,0,0,2,1,1,0,1,2,1,1,22,1,11,0,0,0,1,1,0,10,8,5,8,3
2022.0,0.0,0.0,0.0,3,2,0,0,0,0,0,2,1,1,0,1,1,1,1,6,2,11,0,0,0,1,0,0,0,2,5,8,9
2022.0,70.0,0.0,0.0,3,10,3,0,0,0,1,5,1,1,0,1,5,1,1,6,2,11,0,0,0,0,1,0,4,9,5,2,2
2022.0,0.0,0.0,0.0,3,2,2,0,0,0,1,1,1,1,0,0,2,1,1,7,2,11,0,1,0,0,1,0,4,2,5,3,3
2022.0,-696.0,0.0,0.0,3,6,3,0,0,0,1,5,1,1,0,1,5,1,1,12,2,11,0,0,0,1,2,0,6,8,5,8,3
2022.0,-277.0,0.0,0.0,3,10,3,0,0,0,1,1,1,1,0,0,1,1,1,12,2,11,0,0,0,1,1,0,10,5,5,5,5
2022.0,10.0,0.0,0.0,3,5,5,0,0,0,2,8,1,1,1,1,2,1,1,13,2,11,0,0,0,3,1,0,6,5,5,6,3
2022.0,0.0,0.0,0.0,3,10,3,0,0,0,1,2,1,1,0,1,2,1,1,13,2,11,0,0,0,1,2,0,4,5,5,9,9
2022.0,-451.0,2.0,0.0,3,4,3,0,0,0,0,9,1,1,0,0,1,1,1,13,2,11,0,0,0,1,1,0,0,2,5,3,9
2022.0,-103.0,0.0,0.0,3,10,3,0,0,0,2,1,1,1,0,0,1,1,1,14,2,11,0,0,0,3,1,0,10,9,5,8,9
2022.0,60.0,0.0,0.0,3,6,0,0,0,0,2,9,1,1,0,1,9,1,1,18,2,11,0,1,0,3,0,0,10,8,5,8,3
2022.0,0.0,0.0,0.0,3,4,0,0,0,0,1,1,1,1,0,0,9,1,1,21,2,11,0,0,0,1,2,0,4,2,5,9,3
2022.0,-10.0,1.0,0.0,2,2,0,0,0,0,1,1,1,1,3,1,5,1,1,22,2,11,0,0,0,1,1,0,10,2,5,7,3
2022.0,115.0,0.0,0.0,3,2,0,0,0,0,1,5,1,1,0,1,5,1,1,22,2,11,0,0,0,0,2,0,0,4,5,3,9
2022.0,-20.0,5.0,0.0,2,6,3,0,0,0,1,3,1,1,0,0,3,1,1,13,3,11,0,0,0,1,2,0,10,7,5,8,3
2022.0,0.0,0.0,0.0,3,4,0,0,0,0,0,1,1,1,0,0,9,1,1,21,3,11,0,0,0,1,1,0,4,5,5,3,9
2022.0,0.0,0.0,0.0,3,10,0,0,0,0,0,9,1,1,0,1,9,1,1,22,3,11,0,0,0,1,1,0,4,4,5,9,9
2022.0,0.0,0.0,0.0,3,6,0,0,0,0,1,9,1,1,0,1,9,1,1,1,4,11,0,0,0,2,2,0,10,7,5,8,5
2022.0,0.0,3.0,0.0,3,2,0,0,0,0,1,2,1,1,0,0,1,1,1,2,4,11,0,0,0,2,1,0,4,5,5,3,3
2022.0,0.0,2.0,0.0,3,4,3,0,0,0,1,4,1,1,0,1,5,1,1,7,4,11,0,1,0,0,0,0,4,2,5,3,9
2022.0,163.0,1.0,0.0,3,10,3,0,0,0,0,4,1,1,0,0,2,1,1,11,4,11,0,0,0,0,2,0,6,4,5,9,9
2022.0,-240.0,0.0,0.0,3,2,3,0,0,0,1,5,1,1,0,1,9,1,1,13,4,11,0,0,0,2,1,0,0,2,5,3,9
2022.0,0.0,5.0,0.0,3,2,3,0,0,0,0,2,1,1,0,1,1,1,1,15,4,11,0,0,0,1,1,0,4,2,5,3,3
2022.0,11.0,1.0,0.0,2,5,3,0,0,0,2,5,1,1,3,1,1,1,1,16,4,11,0,1,0,3,2,0,10,2,5,7,9
2022.0,-105.0,0.0,0.0,3,2,0,0,0,0,0,5,0,1,0,1,2,1,1,20,4,11,0,0,0,0,1,0,10,7,5,3,3
2022.0,150.0,0.0,0.0,3,6,0,0,0,0,1,9,1,1,0,1,9,1,1,21,4,11,0,0,0,1,2,0,6,7,5,8,3
2022.0,50.0,0.0,0.0,3,10,0,0,0,0,0,2,1,1,0,1,2,1,1,22,4,11,0,0,0,2,2,0,10,9,5,3,2
2022.0,485.0,0.0,0.0,3,4,0,0,0,0,1,0,1,1,0,1,0,1,1,23,4,11,0,0,0,1,1,0,6,2,5,3,9
2022.0,0.0,0.0,0.0,3,2,3,0,0,0,0,5,1,1,0,0,1,1,1,9,5,11,1,1,0,2,0,0,4,2,5,3,3
2022.0,38.0,0.0,0.0,3,6,3,0,0,0,0,5,1,1,0,1,5,1,1,16,5,11,1,1,0,1,1,0,10,7,5,9,3
2022.0,0.0,1.0,0.0,1,4,3,0,0,0,1,1,1,1,0,1,2,1,1,17,5,11,1,1,0,2,2,0,5,2,5,3,9
2022.0,10.0,0.0,0.0,3,5,0,0,0,0,1,5,1,1,0,0,5,1,1,18,5,11,1,1,0,2,2,0,10,5,5,8,1
2022.0,-210.0,0.0,0.0,3,6,0,0,0,0,1,2,0,1,1,1,2,1,1,23,5,11,1,0,0,3,2,0,6,7,5,6,3
2022.0,57.0,0.0,0.0,3,6,3,0,0,0,1,9,1,1,0,1,9,1,1,9,6,11,1,1,0,1,1,0,10,7,5,8,3
2022.0,36.0,0.0,0.0,3,6,3,0,0,0,1,9,1,1,0,0,9,1,1,12,6,11,1,0,0,1,1,0,10,7,5,3,3
2022.0,0.0,1.0,0.0,1,4,3,0,0,0,1,1,1,1,0,1,9,1,1,13,6,11,1,0,0,1,2,0,4,2,5,3,9
2022.0,0.0,0.0,0.0,3,4,0,0,0,0,0,5,1,1,0,0,2,1,1,20,6,11,1,0,0,2,1,0,4,4,5,3,9
2022.0,330.0,0.0,0.0,3,10,0,0,0,0,1,5,1,1,0,0,5,1,1,5,0,11,0,0,0,1,2,0,6,9,5,3,2
2022.0,-50.0,0.0,0.0,3,6,4,0,0,0,0,1,1,1,0,1,1,1,1,6,0,11,0,0,0,1,2,0,10,7,5,8,3
2022.0,-81.0,0.0,0.0,3,10,3,0,0,0,0,9,1,1,0,0,9,1,1,8,0,11,0,1,0,2,2,0,6,5,5,9,3
2022.0,-315.0,0.0,0.0,3,5,3,0,0,0,1,9,1,1,0,0,5,1,1,9,0,11,0,1,0,0,1,0,0,5,5,8,1
2022.0,10.0,1.0,0.0,3,5,3,0,0,0,0,5,1,1,3,1,5,1,1,11,0,11,0,0,0,1,2,0,10,2,5,7,9
2022.0,250.0,1.0,0.0,3,5,3,0,0,3,1,1,1,1,0,1,5,1,1,12,0,11,0,0,0,1,1,0,0,5,5,9,7
2022.0,213.0,1.0,0.0,3,6,3,0,0,0,1,9,1,1,0,0,9,1,1,13,0,11,0,0,0,1,0,0,6,8,5,8,3
2022.0,0.0,0.0,0.0,3,2,3,1,0,0,0,1,1,1,0,1,5,1,1,13,0,11,0,0,0,2,1,0,5,2,5,3,9
2022.0,530.0,0.0,0.0,3,6,3,0,0,0,0,9,1,1,0,0,9,1,1,15,0,11,0,0,0,2,1,0,6,5,5,8,3
2022.0,200.0,0.0,0.0,3,2,3,0,0,0,1,3,1,1,0,1,9,1,1,15,0,11,0,0,0,1,0,0,6,4,5,3,9
2022.0,36.0,0.0,0.0,3,6,3,0,0,0,1,5,1,1,0,1,5,1,1,15,0,11,0,0,0,1,1,0,10,8,5,8,3
2022.0,0.0,2.0,0.0,2,2,3,0,0,0,1,2,1,1,0,1,1,1,1,16,0,11,0,1,0,1,1,0,5,2,5,3,9
2022.0,-25.0,0.0,0.0,3,10,3,0,0,0,1,9,1,1,0,1,9,1,1,16,0,11,0,1,0,1,1,0,10,2,5,3,8
2022.0,0.0,0.0,0.0,3,4,4,0,0,0,0,1,1,1,0,1,9,1,1,17,0,11,0,1,0,2,1,0,4,2,5,3,9
2022.0,0.0,0.0,0.0,3,4,0,0,0,0,0,5,1,1,0,0,2,1,1,19,0,11,0,1,0,2,1,0,4,2,5,3,9
2022.0,-760.0,2.0,0.0,3,6,0,0,0,0,0,2,1,1,0,0,2,1,1,19,0,11,0,1,0,2,1,0,6,7,5,8,3
2022.0,0.0,2.0,0.0,3,4,0,0,0,0,0,2,1,1,0,1,5,1,1,21,0,11,0,0,0,2,1,0,4,2,5,9,3
2022.0,-15.0,1.0,0.0,3,5,0,0,0,3,1,9,1,1,0,1,2,1,1,6,1,11,0,0,0,2,0,0,10,5,5,9,7
2022.0,50.0,3.0,0.0,2,6,3,0,0,0,1,9,1,1,0,0,9,1,1,7,1,11,0,1,0,1,1,0,10,8,5,8,3
2022.0,200.0,0.0,0.0,3,5,0,0,0,0,2,8,1,1,1,1,9,1,1,7,1,11,0,1,0,3,1,0,6,5,5,6,5
2022.0,124.0,0.0,0.0,3,10,3,0,0,0,1,1,1,1,0,1,1,1,1,7,1,11,0,1,0,1,1,0,10,9,5,3,2
2022.0,0.0,3.0,0.0,3,4,3,0,0,0,1,7,1,1,0,0,1,1,1,8,1,11,0,1,0,1,1,0,5,2,5,3,9
2022.0,-35.0,1.0,0.0,3,5,3,0,0,2,1,2,1,1,0,0,1,1,1,14,1,11,0,0,0,1,2,0,10,5,5,9,3
2022.0,38.0,0.0,0.0,3,10,3,0,0,0,1,9,1,1,0,1,9,1,1,14,1,11,0,0,0,1,1,0,10,5,5,9,9
2022.0,44.0,1.0,0.0,3,5,3,0,0,0,0,9,1,1,2,1,1,1,1,15,1,11,0,0,0,0,0,0,10,2,5,7,9
2022.0,15.0,1.0,0.0,1,5,3,0,0,3,0,2,1,1,0,0,1,1,1,15,1,11,0,0,0,2,1,0,4,2,5,3,7
2022.0,300.0,4.0,0.0,3,2,3,0,0,0,1,5,1,1,0,0,9,1,1,15,1,11,0,0,0,1,2,0,0,2,5,3,9
2022.0,-341.0,0.0,0.0,3,10,3,0,0,0,1,9,1,1,0,1,9,1,1,16,1,11,0,1,0,2,2,0,6,9,5,3,9
2022.0,0.0,0.0,0.0,3,2,3,0,0,0,1,2,1,1,0,1,1,1,1,17,1,11,0,1,0,2,1,0,5,2,5,9,3
2022.0,240.0,2.0,0.0,3,6,0,0,0,0,1,9,1,1,0,1,9,1,1,19,1,11,0,1,0,1,1,0,10,7,5,8,3
2022.0,-200.0,0.0,0.0,3,2,2,0,0,0,1,4,1,1,0,1,7,1,1,6,2,11,0,0,0,1,0,0,6,2,5,9,9
2022.0,0.0,0.0,0.0,3,6,3,0,0,0,1,2,1,1,0,1,2,1,1,7,2,11,0,1,0,1,1,0,4,7,5,8,9
2022.0,0.0,0.0,0.0,3,6,3,0,0,0,0,9,1,1,0,1,9,1,1,7,2,11,0,1,0,1,1,0,3,8,5,8,8
2022.0,0.0,1.0,0.0,3,2,3,0,0,0,1,9,1,1,0,1,5,1,1,8,2,11,0,1,0,2,1,0,3,5,5,3,3
2022.0,0.0,0.0,0.0,3,4,3,0,0,0,0,7,1,1,0,1,5,1,1,9,2,11,0,1,0,1,1,0,4,2,5,3,9
2022.0,-30.0,0.0,0.0,3,10,3,0,0,0,2,1,1,1,0,0,1,1,1,11,2,11,0,0,0,3,1,0,10,9,5,8,3
2022.0,-216.0,1.0,0.0,3,2,3,0,0,0,0,1,1,1,0,1,5,1,1,12,2,11,0,0,0,1,0,0,0,2,5,3,9
2022.0,-265.0,0.0,0.0,3,2,3,0,0,0,1,1,1,1,0,0,2,1,1,12,2,11,0,0,0,1,1,0,0,2,5,3,9
2022.0,0.0,0.0,0.0,3,2,3,0,0,0,0,2,1,1,0,1,1,1,1,13,2,11,0,0,0,1,2,0,4,2,5,3,9
2022.0,-71.0,0.0,0.0,3,6,3,0,0,0,0,1,1,1,0,1,1,1,1,15,2,11,0,0,0,0,1,0,10,8,5,9,3
2022.0,0.0,2.0,0.0,2,4,3,0,0,0,0,1,1,1,0,0,9,1,1,15,2,11,0,0,0,1,1,0,4,2,5,3,9
2022.0,-175.0,0.0,0.0,3,6,3,0,0,0,1,9,1,1,0,1,9,1,1,15,2,11,0,0,0,1,2,0,6,7,5,8,3
2022.0,0.0,0.0,0.0,3,2,3,0,0,0,1,9,1,1,0,0,5,1,1,16,2,11,0,1,0,2,2,0,0,2,5,3,9
2022.0,0.0,0.0,0.0,3,4,0,0,0,0,1,1,1,1,0,0,9,1,1,17,2,11,0,1,0,1,1,0,4,2,2,3,9
2022.0,130.0,0.0,0.0,3,12,3,0,0,0,2,8,1,1,1,1,2,1,1,18,2,11,0,1,0,3,1,0,10,7,5,6,5
2022.0,-289.0,0.0,0.0,3,10,0,0,0,0,1,2,1,1,0,1,2,1,1,18,2,11,0,1,0,0,2,0,6,9,5,3,2
2022.0,0.0,2.0,0.0,3,6,4,0,0,0,1,1,1,1,0,0,1,1,1,18,2,11,0,1,0,0,1,0,6,7,5,8,3
2022.0,-540.0,0.0,0.0,3,2,0,0,0,0,1,9,1,1,0,1,9,1,1,20,2,11,0,0,0,0,2,0,6,9,5,3,2
2022.0,-108.0,0.0,0.0,3,11,3,0,0,0,0,2,1,1,0,0,2,1,1,8,3,12,0,1,0,3,1,0,10,9,5,3,9
2022.0,0.0,1.0,0.0,2,5,3,0,0,2,0,1,1,1,0,1,5,1,1,9,3,12,0,1,0,1,1,0,10,5,5,9,7
2022.0,287.0,1.0,0.0,3,5,3,0,0,3,1,1,1,1,0,0,5,1,1,10,3,12,0,0,0,2,2,0,0,5,5,3,7
2022.0,-615.0,1.0,0.0,3,5,3,0,0,0,1,5,1,1,3,1,9,1,1,11,3,12,0,0,0,1,1,0,0,2,5,7,3
2022.0,285.0,0.0,0.0,3,6,3,0,0,0,0,2,1,1,0,1,2,1,1,11,3,12,0,0,0,1,1,0,6,7,5,8,3
2022.0,-305.0,0.0,0.0,3,2,3,0,0,0,1,9,1,1,0,0,2,1,1,13,3,12,0,0,0,2,2,0,0,2,5,3,9
2022.0,0.0,1.0,0.0,2,2,3,0,0,0,1,9,1,1,0,1,5,1,1,13,3,12,0,0,0,1,2,0,4,2,5,3,9
2022.0,0.0,0.0,0.0,3,2,3,0,0,0,0,5,1,1,0,0,9,1,1,15,3,12,0,0,0,1,0,0,4,2,5,3,9
2022.0,-110.0,0.0,0.0,3,6,3,0,0,0,0,2,1,1,0,1,2,1,1,16,3,12,0,1,0,2,1,0,10,7,5,8,3
2022.0,0.0,1.0,0.0,3,6,4,0,0,0,0,9,1,1,0,1,9,1,1,17,3,12,0,1,0,2,1,0,4,7,5,3,8
2022.0,0.0,0.0,0.0,3,4,0,0,0,0,0,9,1,1,0,0,5,1,1,18,3,12,0,1,0,2,2,0,5,2,5,9,3
2022.0,0.0,0.0,0.0,3,6,3,0,0,0,0,2,1,1,0,1,2,1,1,9,4,12,0,1,0,1,1,0,4,8,5,8,3
2022.0,337.0,0.0,0.0,3,10,3,0,0,0,1,5,1,1,0,0,9,1,1,9,4,12,0,1,0,1,1,0,6,9,5,3,2
2022.0,0.0,0.0,0.0,3,2,3,1,0,0,1,9,1,1,0,1,5,1,1,10,4,12,0,0,0,1,1,0,4,7,5,9,3
2022.0,325.0,0.0,0.0,3,6,3,0,0,0,0,2,1,1,0,1,2,1,1,13,4,12,0,0,0,2,2,0,6,7,5,8,3
2022.0,160.0,0.0,0.0,3,6,3,0,0,0,1,1,1,1,0,1,1,1,1,14,4,12,0,0,0,1,1,0,10,2,5,3,3
2022.0,-150.0,0.0,0.0,3,2,3,0,0,0,1,4,1,1,0,1,1,1,1,15,4,12,0,0,0,1,1,0,0,2,5,3,9
2022.0,0.0,2.0,0.0,3,2,3,0,0,0,0,1,1,1,0,1,5,1,1,15,4,12,0,0,0,1,2,0,5,2,5,3,9
2022.0,285.0,1.0,0.0,3,6,3,1,0,0,1,5,1,1,0,0,5,1,1,15,4,12,0,0,0,1,0,0,10,8,5,8,3
2022.0,86.0,1.0,0.0,3,6,0,0,0,0,1,5,1,1,0,1,5,1,1,17,4,12,0,1,0,0,1,0,10,8,5,8,3
2022.0,-60.0,0.0,0.0,3,6,0,0,0,0,1,5,1,1,0,1,5,1,1,17,4,12,0,1,0,0,1,0,6,8,5,8,3
2022.0,100.0,1.0,0.0,2,4,0,0,0,0,1,5,1,1,0,1,5,1,1,18,4,12,0,1,0,2,2,0,10,4,5,3,9
2022.0,0.0,1.0,0.0,1,2,0,0,0,0,1,1,1,1,0,1,2,1,1,18,4,12,0,1,0,2,1,0,5,7,5,9,3
2022.0,-426.0,0.0,0.0,3,10,0,0,0,0,0,2,1,1,0,1,2,1,1,18,4,12,0,1,0,1,1,0,6,9,5,3,2
2022.0,0.0,1.0,0.0,3,2,0,0,0,0,2,2,1,1,0,0,9,1,1,19,4,12,0,1,0,3,1,0,4,2,5,3,3
2022.0,-10.0,0.0,0.0,3,2,0,0,0,0,2,9,1,1,0,0,9,1,1,20,4,12,0,0,0,3,1,0,10,9,5,8,8
2022.0,0.0,0.0,0.0,3,4,0,4,0,0,0,5,1,1,0,1,2,1,1,22,4,12,0,0,0,2,2,0,4,2,5,9,3
2022.0,400.0,0.0,0.0,3,9,0,0,0,0,0,5,0,1,1,1,9,1,1,1,5,12,1,0,0,1,1,0,6,9,5,6,3
2022.0,0.0,0.0,0.0,3,4,0,0,0,0,1,1,1,1,0,1,9,1,1,6,5,12,1,0,0,1,1,0,4,2,5,3,9
2022.0,-180.0,0.0,0.0,3,12,3,0,3,0,2,8,1,1,1,1,5,1,1,9,5,12,1,1,0,3,1,0,6,5,5,6,5
2022.0,-350.0,0.0,0.0,3,10,3,3,4,0,2,1,1,1,0,1,1,1,1,11,5,12,1,0,1,3,2,0,6,5,5,3,5
2022.0,0.0,0.0,0.0,3,10,3,3,4,0,0,2,1,1,0,1,2,1,1,13,5,12,1,0,1,1,2,0,4,5,5,9,9
2022.0,0.0,0.0,0.0,3,2,3,3,4,0,0,1,1,1,0,1,2,1,1,14,5,12,1,0,1,0,1,0,4,5,5,3,3
2022.0,-279.0,0.0,0.0,3,6,3,3,4,0,1,1,1,1,0,0,1,1,1,14,5,12,1,0,1,2,2,0,6,7,5,9,3
2022.0,140.0,0.0,0.0,3,6,3,3,4,0,0,5,1,1,0,1,5,1,1,16,5,12,1,1,1,2,1,0,6,7,5,8,3
2022.0,670.0,0.0,0.0,3,6,3,3,4,0,1,5,0,1,0,1,5,1,1,16,5,12,1,1,1,1,2,0,6,7,5,8,3
2022.0,0.0,0.0,0.0,3,2,0,3,4,0,1,5,1,1,0,1,9,1,1,17,5,12,1,1,1,2,2,0,5,2,5,3,9
2022.0,0.0,0.0,0.0,3,4,4,3,0,0,0,2,1,1,0,1,5,1,1,17,5,12,1,1,0,1,2,0,4,2,5,3,9
2022.0,-25.0,0.0,0.0,3,6,0,3,4,0,1,1,0,1,0,0,1,1,1,19,5,12,1,1,1,1,2,0,10,7,5,8,3
2022.0,-95.0,0.0,0.0,3,5,0,0,0,0,1,2,1,1,0,1,9,1,1,19,5,12,1,1,0,2,1,0,0,5,5,9,1
2022.0,15.0,1.0,0.0,3,4,0,3,4,0,1,5,1,1,3,1,2,1,1,20,5,12,1,0,1,1,1,0,10,2,5,7,9
2022.0,-30.0,2.0,0.0,3,6,0,3,4,0,2,2,1,1,0,1,2,1,1,20,5,12,1,0,1,3,0,0,10,8,5,3,3
2022.0,80.0,0.0,0.0,3,6,0,0,0,0,2,1,1,1,0,0,1,1,1,23,5,12,1,0,0,3,1,0,10,7,5,3,3
2022.0,287.0,0.0,0.0,3,10,3,1,4,0,2,1,1,1,0,1,1,1,1,8,6,12,1,1,1,3,0,0,6,9,5,8,3
2022.0,0.0,0.0,0.0,3,2,3,1,4,0,2,1,1,1,0,1,5,1,1,10,6,12,1,0,1,3,0,0,4,5,5,3,5
2022.0,300.0,0.0,0.0,3,4,3,0,0,0,1,2,1,1,0,0,1,1,1,11,6,12,1,0,0,2,0,0,10,2,5,3,9
2022.0,-332.0,0.0,0.0,3,6,3,1,4,0,1,1,1,1,0,1,1,1,1,11,6,12,1,0,1,1,1,0,6,7,5,9,3
2022.0,78.0,0.0,0.0,3,6,3,1,0,0,1,9,1,1,0,1,9,1,1,14,6,12,1,0,0,1,2,0,10,7,5,9,9
2022.0,195.0,0.0,0.0,3,10,3,0,0,0,0,2,1,1,0,1,2,1,1,16,6,12,1,1,0,0,1,0,10,9,5,3,3
2022.0,-25.0,0.0,0.0,3,6,0,0,0,0,0,2,1,1,0,1,2,1,1,23,6,12,1,0,0,0,1,0,10,7,5,8,3
2022.0,-90.0,0.0,0.0,3,10,0,4,0,0,1,9,1,1,0,0,9,1,1,6,0,12,0,0,0,1,1,0,10,9,5,3,2
2022.0,-80.0,2.0,0.0,2,10,3,5,0,0,1,2,1,1,0,1,2,1,1,7,0,12,0,1,0,1,1,0,10,5,5,8,3
2022.0,-200.0,0.0,0.0,3,4,3,1,0,0,0,1,1,1,0,0,5,1,1,7,0,12,0,1,0,1,1,0,0,2,5,3,3
2022.0,0.0,0.0,0.0,3,2,3,0,0,0,0,7,1,1,0,0,5,1,1,9,0,12,0,1,0,0,1,0,4,2,5,3,9
2022.0,0.0,0.0,0.0,3,2,3,1,0,0,1,1,1,1,0,0,2,1,1,10,0,12,0,0,0,1,1,0,4,2,5,9,3
2022.0,152.0,0.0,0.0,3,6,3,1,0,0,1,1,1,1,0,0,1,1,1,10,0,12,0,0,0,0,2,0,6,7,5,3,3
2022.0,-132.0,0.0,0.0,3,10,3,0,0,0,0,2,1,1,0,0,2,1,1,12,0,12,0,0,0,2,1,0,10,9,5,9,2
2022.0,-200.0,0.0,0.0,3,6,3,0,3,0,2,1,1,1,0,0,1,1,1,14,0,12,0,0,0,3,1,0,10,8,5,8,3
2022.0,-116.0,3.0,0.0,3,6,3,0,0,0,0,1,1,1,0,1,1,1,1,16,0,12,0,1,0,1,1,0,10,8,5,8,3
2022.0,250.0,0.0,0.0,3,6,3,0,0,0,1,2,1,1,0,0,2,1,1,16,0,12,0,1,0,0,2,0,6,7,5,3,3
2022.0,-435.0,2.0,0.0,3,2,3,0,0,0,0,2,1,1,0,1,9,1,1,17,0,12,0,1,0,0,2,0,0,2,5,3,9
2022.0,245.0,0.0,0.0,3,2,0,0,0,0,1,2,1,1,0,1,9,1,1,17,0,12,0,1,0,1,1,0,0,2,5,9,9
2022.0,250.0,2.0,0.0,2,2,0,0,0,0,0,3,1,1,0,1,5,1,1,18,0,12,0,1,0,0,2,0,0,2,5,3,9
2022.0,0.0,0.0,0.0,3,10,0,0,0,0,1,1,1,1,0,1,1,1,1,19,0,12,0,1,0,1,1,0,3,9,5,3,9
2022.0,-44.0,0.0,0.0,3,10,0,0,0,0,0,1,1,1,0,0,1,1,1,19,0,12,0,1,0,2,0,0,10,9,5,3,2
2022.0,0.0,0.0,0.0,3,2,0,0,0,0,1,1,1,1,0,1,5,1,1,20,0,12,0,0,0,1,1,0,4,5,5,3,9
2022.0,15.0,1.0,0.0,2,5,0,0,0,0,1,9,1,1,3,1,5,1,1,22,0,12,0,0,0,2,2,0,10,2,5,7,9
2022.0,400.0,0.0,0.0,3,5,0,0,0,0,2,1,1,1,1,1,1,1,1,2,1,12,0,0,0,3,1,0,6,5,5,6,1
2022.0,-65.0,1.0,0.0,2,5,3,0,0,2,1,9,1,1,0,0,2,1,1,6,1,12,0,0,0,1,1,0,10,5,5,9,7
2022.0,-150.0,0.0,0.0,3,10,3,1,0,0,2,2,1,1,0,0,2,1,1,8,1,12,0,1,0,3,1,0,6,7,5,8,3
2022.0,-110.0,0.0,0.0,3,10,3,1,0,0,1,2,1,1,0,1,2,1,1,9,1,12,0,1,0,1,2,0,10,9,5,3,2
2022.0,150.0,0.0,0.0,3,6,3,1,0,0,1,5,1,1,0,1,5,1,1,9,1,12,0,1,0,1,1,0,6,7,5,8,3
2022.0,0.0,0.0,0.0,3,4,3,1,0,0,1,2,1,1,0,0,5,1,1,10,1,12,0,0,0,1,1,0,5,2,5,3,9
2022.0,-483.0,0.0,0.0,3,2,3,0,0,0,1,5,1,1,1,1,2,1,1,11,1,12,0,0,0,1,1,0,0,9,5,8,9
2022.0,105.0,0.0,0.0,3,9,3,0,0,0,2,9,1,1,1,1,1,1,1,13,1,12,0,0,0,3,1,0,6,5,5,6,3
2022.0,-63.0,1.0,0.0,3,6,3,0,0,0,0,2,1,1,0,0,2,1,1,15,1,12,0,0,0,2,1,0,4,7,5,8,3
2022.0,90.0,0.0,0.0,3,6,3,0,0,0,1,9,1,1,0,1,9,1,1,15,1,12,0,0,0,0,1,0,10,7,5,9,9
2022.0,-900.0,0.0,0.0,3,11,3,0,0,0,1,5,1,1,0,1,2,1,1,15,1,12,0,0,0,1,0,0,6,2,5,3,9
2022.0,0.0,0.0,0.0,3,6,0,0,0,0,1,5,1,1,0,1,5,1,1,17,1,12,0,1,0,2,2,0,4,8,5,8,3
2022.0,35.0,0.0,0.0,3,6,0,0,0,1,1,5,1,1,0,0,5,1,1,21,1,12,0,0,0,0,1,0,10,7,5,8,3
2022.0,-470.0,0.0,0.0,3,10,1,0,0,0,1,9,1,1,0,1,9,1,1,5,2,12,0,0,0,1,1,0,6,9,5,3,2
2022.0,502.0,1.0,0.0,3,2,3,0,0,0,1,2,1,1,0,1,2,1,1,9,2,12,0,1,0,1,2,0,6,9,5,3,2