Year,Distance,Totalinjuries,Totalfatalities,Injuryseverity,Collisionmanner,Lightcondition,Weather,SurfaceCondition,Unittype_One,Gender_Drv1,Traveldirection_One,AlcoholUse_Drv1,DrugUse_Drv1,Unittype_Two,Gender_Drv2,Traveldirection_Two,AlcoholUse_Drv2,DrugUse_Drv2,Hour,Weekday,Month,Weekend,Rush_Hour,Hazardous_Road,Age_Group_Drv1,Age_Group_Drv2,Substance_Use,Junction_Category,Violation_Category_Drv1,Violation_Category_Drv2,Unitaction_Category_Two,Unitaction_Category_One
2022.0,0.0,1.0,0.0,3,2,3,0,0,0,1,2,1,1,0,0,2,1,1,10,2,12,0,0,0,2,1,0,4,4,5,9,9
2022.0,293.0,0.0,0.0,3,10,3,1,0,0,0,9,1,1,0,0,5,1,1,11,2,12,0,0,0,0,1,0,6,2,5,2,9
2022.0,-898.0,0.0,0.0,3,11,3,0,0,0,0,5,1,1,0,1,2,1,1,12,2,12,0,0,0,1,2,0,6,2,5,3,9
2022.0,-620.0,1.0,0.0,3,6,3,0,0,0,1,2,1,1,0,0,2,1,1,15,2,12,0,0,0,1,1,0,6,7,5,3,8
2022.0,-112.0,1.0,0.0,3,6,3,0,0,0,0,1,1,1,0,1,1,1,1,16,2,12,0,1,0,1,1,0,10,7,5,8,3
2022.0,0.0,1.0,0.0,1,4,3,0,0,0,1,1,1,1,0,1,9,1,1,16,2,12,0,1,0,2,1,0,5,2,5,3,9
2022.0,5.0,2.0,0.0,3,6,0,0,0,0,0,2,1,1,0,0,2,1,1,16,2,12,0,1,0,1,2,0,3,7,5,9,9
2022.0,500.0,0.0,0.0,3,2,0,0,0,0,1,2,1,1,0,1,2,1,1,17,2,12,0,1,0,2,1,0,0,9,5,3,3
2022.0,0.0,0.0,0.0,3,4,0,0,0,0,1,5,1,1,0,1,2,1,1,19,2,12,0,1,0,1,1,0,4,5,5,3,9
2022.0,414.0,1.0,0.0,3,2,1,0,0,3,1,1,1,1,0,1,2,1,1,5,3,12,0,0,0,1,0,0,6,6,5,3,7
2022.0,15.0,0.0,0.0,3,4,3,0,0,0,1,5,1,1,0,1,1,1,1,8,3,12,0,1,0,0,1,0,10,2,5,3,9
2022.0,70.0,0.0,0.0,3,11,3,0,3,0,1,9,1,1,0,0,9,1,1,9,3,12,0,1,0,1,2,0,10,7,5,8,9
2022.0,-25.0,0.0,0.0,3,6,3,0,0,0,1,2,1,1,0,1,2,1,1,13,3,12,0,0,0,1,2,0,10,7,5,8,3
2022.0,73.0,0.0,0.0,3,6,3,0,0,0,0,9,1,1,0,1,9,1,1,14,3,12,0,0,0,2,1,0,10,7,5,8,3
2022.0,-15.0,0.0,0.0,3,6,3,0,0,0,1,2,1,1,0,1,2,1,1,15,3,12,0,0,0,1,1,0,10,8,5,8,3
2022.0,0.0,1.0,0.0,3,4,3,0,0,0,1,1,1,1,0,0,9,1,1,17,3,12,0,1,0,1,2,0,4,2,5,3,9
2022.0,0.0,0.0,0.0,3,3,0,0,0,0,0,5,1,1,0,1,9,1,1,18,3,12,0,1,0,2,1,0,10,9,5,8,9
2022.0,275.0,1.0,0.0,3,10,0,0,0,0,1,2,1,1,0,0,2,1,1,18,3,12,0,1,0,3,1,0,6,9,5,3,2
2022.0,0.0,0.0,0.0,3,4,0,0,0,0,1,2,1,1,0,1,5,1,1,19,3,12,0,1,0,1,1,0,5,2,5,3,9
2022.0,0.0,0.0,0.0,3,2,3,0,0,0,0,9,1,1,0,0,2,1,1,7,4,12,0,1,0,2,1,0,4,2,5,3,9
2022.0,144.0,0.0,0.0,3,10,3,0,0,0,1,9,1,1,0,1,9,1,1,7,4,12,0,1,0,1,1,0,6,9,5,3,3
2022.0,-71.0,2.0,0.0,1,3,3,0,0,0,1,5,0,1,0,1,2,1,1,8,4,12,0,1,0,2,1,0,10,9,5,8,3
2022.0,0.0,0.0,0.0,3,2,3,0,0,0,1,2,1,1,0,1,1,1,1,14,4,12,0,0,0,3,1,0,4,2,5,9,3
2022.0,-99.0,0.0,0.0,3,10,3,0,0,0,1,9,0,1,0,0,9,1,1,15,4,12,0,0,0,1,1,0,10,9,5,3,2
2022.0,390.0,0.0,0.0,3,10,3,0,0,0,1,1,1,1,0,0,1,1,1,16,4,12,0,1,0,2,1,0,6,9,5,3,2
2022.0,-472.0,0.0,0.0,3,10,3,0,0,0,1,5,1,1,0,0,5,1,1,16,4,12,0,1,0,2,1,0,6,9,5,3,2
2022.0,-150.0,2.0,0.0,2,6,3,0,0,0,1,9,1,1,0,0,9,1,1,16,4,12,0,1,0,1,1,0,0,8,5,8,3
2022.0,85.0,1.0,0.0,3,10,3,0,0,0,0,1,1,1,0,1,1,1,1,16,4,12,0,1,0,1,1,0,10,5,5,3,3
2022.0,-78.0,0.0,0.0,3,6,3,0,0,0,1,2,1,1,0,1,2,1,1,18,4,12,0,1,0,2,1,0,10,8,5,8,3
2022.0,0.0,0.0,0.0,3,10,0,0,0,0,1,9,1,1,0,1,9,1,1,18,4,12,0,1,0,1,1,0,4,9,5,3,9
2022.0,-238.0,1.0,0.0,3,10,0,0,0,0,0,1,1,1,0,1,1,1,1,19,4,12,0,1,0,1,1,0,10,9,5,9,9
2022.0,-25.0,0.0,0.0,3,6,1,0,0,0,1,2,0,1,0,1,2,1,1,3,5,12,1,0,0,2,1,0,10,7,5,3,3
2022.0,0.0,1.0,0.0,3,4,3,0,0,0,1,7,1,1,0,1,5,1,1,8,5,12,1,1,0,2,1,0,4,2,5,3,9
2022.0,0.0,0.0,0.0,3,4,3,0,0,0,1,9,1,1,0,0,1,1,1,10,5,12,1,0,0,2,1,0,4,2,5,3,9
2022.0,-25.0,1.0,0.0,2,6,3,0,0,0,0,3,0,1,0,1,3,1,1,10,5,12,1,0,0,2,1,0,10,7,5,8,3
2022.0,-25.0,0.0,0.0,3,6,3,0,0,0,2,1,1,1,0,1,1,1,1,14,5,12,1,0,0,3,1,0,10,7,5,8,3
2022.0,200.0,0.0,0.0,3,6,0,0,0,0,1,9,1,1,0,1,9,1,1,18,5,12,1,1,0,2,1,0,6,8,5,8,3
2022.0,5.0,0.0,0.0,3,4,0,0,0,0,1,9,1,1,0,1,5,1,1,18,5,12,1,1,0,2,2,0,10,5,2,9,3
2022.0,0.0,0.0,0.0,3,2,1,0,0,0,0,4,1,1,0,1,5,1,1,19,5,12,1,1,0,1,2,0,5,2,5,3,9
2022.0,-300.0,0.0,0.0,3,6,0,0,0,0,0,2,1,1,0,1,2,1,1,20,5,12,1,0,0,1,1,0,6,5,7,8,2
2022.0,-25.0,0.0,0.0,3,6,0,0,0,0,2,1,1,1,0,1,1,1,1,21,5,12,1,0,0,3,1,0,10,8,5,3,3
2022.0,25.0,1.0,0.0,2,6,0,0,0,0,2,5,1,1,0,1,5,1,1,1,6,12,1,0,0,3,0,0,10,8,5,8,3
2022.0,0.0,0.0,0.0,3,4,3,0,0,0,0,5,1,1,0,1,2,1,1,12,6,12,1,0,0,2,1,0,4,2,5,3,9
2022.0,-72.0,1.0,0.0,3,6,4,0,0,0,1,1,1,1,0,0,1,1,1,17,6,12,1,1,0,2,1,0,10,7,5,8,8
2022.0,0.0,0.0,0.0,3,4,0,0,0,0,1,6,1,1,0,0,1,1,1,17,6,12,1,1,0,2,1,0,4,4,5,3,9
2022.0,0.0,0.0,0.0,3,2,0,0,0,0,0,1,1,1,0,0,9,1,1,19,6,12,1,1,0,2,2,0,4,2,5,3,9
2022.0,250.0,0.0,0.0,3,10,0,0,0,0,1,9,1,1,0,0,9,1,1,21,6,12,1,0,0,2,1,0,6,9,5,3,2
2022.0,-150.0,0.0,0.0,3,6,0,0,0,0,1,9,1,1,0,0,9,1,1,22,6,12,1,0,0,1,2,0,6,7,5,8,3
2022.0,0.0,1.0,0.0,2,4,2,3,4,0,1,1,1,1,0,1,9,1,1,7,0,12,0,1,1,2,1,0,4,4,5,3,9
2022.0,0.0,0.0,0.0,3,4,3,1,0,0,2,9,1,1,0,0,2,1,1,7,0,12,0,1,0,3,1,0,5,2,5,3,9
2022.0,-200.0,0.0,0.0,3,10,3,0,0,0,2,2,1,1,0,0,2,1,1,10,0,12,0,0,0,3,0,0,6,9,5,3,5
2022.0,201.0,1.0,0.0,3,6,3,1,0,0,0,1,1,1,0,1,1,1,1,14,0,12,0,0,0,1,1,0,6,7,5,8,3
2022.0,-102.0,1.0,0.0,3,6,3,0,0,0,1,2,1,1,0,1,2,1,1,15,0,12,0,0,0,1,1,0,10,8,5,8,3
2022.0,-240.0,1.0,0.0,3,5,3,0,0,3,1,9,1,1,0,1,1,1,1,16,0,12,0,1,0,0,1,0,0,6,5,9,7
2022.0,0.0,0.0,0.0,3,6,3,0,0,0,2,2,1,1,0,1,2,1,1,16,0,12,0,1,0,3,1,0,10,5,5,3,3
2022.0,520.0,0.0,0.0,3,4,4,1,0,0,1,3,1,1,0,1,1,1,1,17,0,12,0,1,0,0,1,0,0,4,5,3,9
2022.0,30.0,0.0,0.0,3,6,0,0,0,0,1,5,1,1,0,1,5,1,1,17,0,12,0,1,0,1,1,0,10,5,5,8,1
2022.0,0.0,0.0,0.0,3,9,0,1,0,0,1,2,1,1,0,0,9,1,1,18,0,12,0,1,0,2,1,0,10,7,5,3,9
2022.0,0.0,0.0,0.0,3,2,0,1,0,0,0,5,1,1,0,1,9,1,1,18,0,12,0,1,0,2,0,0,4,2,5,3,3
2022.0,-50.0,0.0,0.0,3,6,0,0,0,0,2,1,1,1,0,0,1,1,1,18,0,12,0,1,0,3,2,0,10,7,5,8,9
2022.0,439.0,0.0,0.0,3,5,0,3,2,0,0,1,1,1,0,0,1,1,1,19,0,12,0,1,1,1,1,0,6,5,5,3,3
2022.0,0.0,0.0,0.0,3,4,0,0,0,0,1,5,1,1,0,0,2,1,1,21,0,12,0,0,0,1,2,0,4,2,5,3,9
2022.0,-530.0,0.0,0.0,3,4,0,0,0,0,0,9,1,1,0,1,1,1,1,6,1,12,0,0,0,1,1,0,6,4,5,3,9
2022.0,-265.0,0.0,0.0,3,10,3,0,0,0,1,2,1,1,0,0,2,1,1,7,1,12,0,1,0,0,1,0,6,9,5,3,3
2022.0,93.0,0.0,0.0,3,6,3,0,0,0,0,9,1,1,0,0,9,1,1,7,1,12,0,1,0,2,1,0,10,7,5,8,3
2022.0,25.0,0.0,0.0,3,6,3,0,0,0,1,9,1,1,0,1,9,1,1,8,1,12,0,1,0,2,1,0,10,7,5,3,3
2022.0,200.0,0.0,0.0,3,2,3,0,0,0,1,9,1,1,0,1,2,1,1,8,1,12,0,1,0,1,1,0,6,4,5,3,9
2022.0,0.0,0.0,0.0,3,6,3,0,0,0,1,9,1,1,0,0,9,1,1,10,1,12,0,0,0,1,1,0,10,7,5,3,3
2022.0,0.0,1.0,0.0,3,4,3,1,0,0,2,1,1,1,0,1,2,1,1,10,1,12,0,0,0,3,1,0,5,2,5,3,9
2022.0,5.0,0.0,0.0,3,10,3,1,0,0,1,9,1,1,0,1,9,1,1,11,1,12,0,0,0,2,1,0,10,9,5,3,2
2022.0,-50.0,0.0,0.0,3,6,3,0,0,0,0,2,1,1,0,1,2,1,1,12,1,12,0,0,0,1,1,0,10,7,5,3,8
2022.0,0.0,0.0,0.0,3,4,3,1,0,0,0,1,1,1,0,1,2,1,1,13,1,12,0,0,0,0,2,0,4,4,5,3,9
2022.0,-498.0,1.0,0.0,3,6,3,0,0,0,1,2,1,1,0,0,2,1,1,16,1,12,0,1,0,1,1,0,6,7,5,8,3
2022.0,-97.0,0.0,0.0,3,6,3,0,0,0,1,5,1,1,0,1,5,1,1,16,1,12,0,1,0,2,1,0,10,8,5,8,3
2022.0,0.0,1.0,0.0,3,4,0,1,0,0,1,2,1,1,0,1,5,1,1,17,1,12,0,1,0,1,1,0,5,2,5,3,9
2022.0,-50.0,0.0,0.0,3,6,3,0,0,0,1,2,1,1,0,1,2,1,1,17,1,12,0,1,0,1,1,0,10,8,5,8,3
2022.0,0.0,1.0,0.0,2,2,3,0,0,0,0,1,1,1,0,0,5,1,1,21,1,12,0,0,0,1,2,0,4,2,5,3,9
2022.0,15.0,1.0,0.0,2,5,0,0,0,3,1,5,0,1,0,1,9,1,1,21,1,12,0,0,0,1,1,0,10,5,5,3,7
2022.0,48.0,0.0,0.0,3,6,3,0,0,0,0,5,1,1,0,1,5,1,1,9,2,12,0,1,0,2,1,0,6,7,5,8,8
2022.0,92.0,0.0,0.0,3,2,3,0,0,0,0,1,1,1,0,1,1,1,1,9,2,12,0,1,0,2,1,0,10,9,5,3,2
2022.0,0.0,2.0,0.0,3,2,3,0,0,0,1,1,1,1,0,0,5,1,1,13,2,12,0,0,0,2,1,0,5,2,5,3,9
2022.0,110.0,0.0,0.0,3,10,3,0,0,0,1,9,1,1,0,0,9,1,1,14,2,12,0,0,0,1,0,0,10,4,5,8,9
2022.0,0.0,2.0,0.0,2,6,3,0,0,0,1,5,1,1,0,0,5,1,1,15,2,12,0,0,0,1,1,0,6,7,5,8,3
2022.0,-1034.0,0.0,0.0,3,2,3,0,0,0,1,1,1,1,0,0,1,1,1,15,2,12,0,0,0,1,2,0,6,9,5,3,2
2022.0,0.0,1.0,0.0,3,10,3,0,0,0,0,5,1,1,0,1,5,1,1,15,2,12,0,0,0,1,1,0,4,9,5,3,2
2022.0,0.0,0.0,0.0,3,2,3,0,0,0,0,9,1,1,0,1,9,1,1,16,2,12,0,1,0,1,2,0,4,9,5,9,9
2022.0,0.0,0.0,0.0,3,6,3,0,0,0,0,5,1,1,0,0,5,1,1,17,2,12,0,1,0,2,2,0,4,8,5,8,3
2022.0,0.0,0.0,0.0,3,4,4,0,0,0,1,9,1,1,0,0,1,1,1,17,2,12,0,1,0,1,1,0,5,2,5,3,9
2022.0,-308.0,1.0,0.0,2,6,4,0,0,0,1,5,1,1,0,0,5,1,1,17,2,12,0,1,0,1,1,0,6,7,5,8,3
2022.0,-89.0,0.0,0.0,3,6,0,0,0,0,0,2,1,1,0,1,2,1,1,18,2,12,0,1,0,1,1,0,10,7,5,3,3
2022.0,0.0,0.0,0.0,3,2,3,0,0,0,0,9,1,1,0,0,5,1,1,18,2,12,0,1,0,0,1,0,4,2,5,3,3
2022.0,-160.0,2.0,0.0,3,6,0,0,0,0,0,1,1,1,0,0,1,1,1,18,2,12,0,1,0,0,2,0,10,7,5,3,3
2022.0,0.0,0.0,0.0,3,5,0,4,0,0,0,6,1,1,1,1,5,1,1,6,3,12,0,0,0,1,2,0,4,5,5,6,9
2022.0,0.0,1.0,0.0,3,10,0,0,0,0,2,2,1,1,0,0,2,1,1,6,3,12,0,0,0,3,0,0,6,5,5,3,8
2022.0,-450.0,1.0,0.0,3,6,2,0,0,0,1,1,1,1,0,1,1,1,1,6,3,12,0,0,0,1,1,0,10,7,5,8,3
2022.0,0.0,0.0,0.0,3,6,3,0,0,0,1,2,1,1,0,1,2,1,1,7,3,12,0,1,0,2,1,0,3,8,5,3,3
2022.0,0.0,1.0,0.0,2,4,3,0,0,0,1,9,1,1,0,1,1,1,1,7,3,12,0,1,0,1,1,0,4,2,5,3,9
2022.0,0.0,2.0,0.0,2,4,3,0,0,0,0,6,1,1,0,0,3,1,1,7,3,12,0,1,0,1,0,0,4,2,5,9,9
2022.0,20.0,0.0,0.0,3,10,3,0,0,0,2,4,1,1,0,1,4,1,1,10,3,12,0,0,0,3,1,0,10,4,5,9,9
2022.0,-100.0,0.0,0.0,3,6,3,0,0,0,2,1,1,1,0,0,1,1,1,11,3,12,0,0,0,3,0,0,10,7,5,8,3
2022.0,10.0,0.0,0.0,3,10,3,0,0,0,0,5,1,1,0,1,5,1,1,14,3,12,0,0,0,2,0,0,10,4,5,3,9
2022.0,-800.0,1.0,0.0,3,10,3,0,0,0,0,1,1,1,0,1,1,1,1,15,3,12,0,0,0,1,1,0,6,9,5,3,2
2022.0,-200.0,0.0,0.0,3,6,3,0,0,0,0,1,1,1,0,1,1,1,1,16,3,12,0,1,0,2,1,0,6,8,5,8,3
2022.0,460.0,0.0,0.0,3,10,4,0,0,0,1,5,1,1,0,0,5,1,1,16,3,12,0,1,0,2,1,0,10,9,5,3,2
2022.0,-487.0,1.0,0.0,3,4,1,0,0,0,0,1,1,1,0,1,9,1,1,18,3,12,0,1,0,1,2,0,0,2,5,3,9
2022.0,0.0,1.0,0.0,3,6,1,0,0,0,1,2,1,1,0,1,2,1,1,18,3,12,0,1,0,1,1,0,6,7,5,8,3
2022.0,386.0,0.0,0.0,3,4,0,0,0,0,0,1,1,1,0,1,9,1,1,19,3,12,0,1,0,2,1,0,0,2,5,3,9
2022.0,155.0,1.0,0.0,3,5,0,0,0,2,0,5,1,1,0,0,9,1,1,21,3,12,0,0,0,0,1,0,0,5,5,9,7
2022.0,-100.0,0.0,0.0,3,6,0,0,0,0,1,1,0,1,0,1,1,1,1,23,3,12,0,0,0,1,1,0,10,7,5,3,3
2022.0,0.0,1.0,0.0,3,4,0,0,0,0,0,5,1,1,0,1,2,1,1,0,4,12,0,0,0,1,0,0,4,2,5,3,9
2022.0,0.0,1.0,0.0,3,4,3,1,0,0,1,6,1,1,0,0,2,1,1,7,4,12,0,1,0,2,1,0,4,2,5,3,9
2022.0,0.0,0.0,0.0,3,12,3,0,0,0,0,9,1,1,0,1,2,1,1,11,4,12,0,0,0,0,1,0,10,5,5,3,9
2022.0,-534.0,0.0,0.0,3,4,3,1,0,0,0,2,1,1,0,1,5,1,1,11,4,12,0,0,0,1,1,0,0,2,5,3,9
2022.0,-535.0,0.0,0.0,3,6,3,0,0,0,1,1,1,1,0,0,1,1,1,12,4,12,0,0,0,1,2,0,10,7,5,8,3
2022.0,-669.0,1.0,0.0,3,4,3,0,0,0,0,9,1,1,0,1,1,1,1,14,4,12,0,0,0,1,0,0,0,2,5,3,9
2022.0,-200.0,0.0,0.0,3,6,5,0,0,0,2,5,1,1,0,0,5,1,1,15,4,12,0,0,0,3,1,0,6,7,5,3,2
2022.0,78.0,1.0,0.0,3,6,3,0,0,0,1,9,1,1,0,0,9,1,1,15,4,12,0,0,0,1,1,0,10,7,5,8,3
2022.0,-25.0,0.0,0.0,3,6,4,0,0,0,0,2,1,1,0,1,2,1,1,16,4,12,0,1,0,1,1,0,10,7,5,8,3
2022.0,10.0,1.0,0.0,2,5,3,0,0,0,1,5,1,1,3,1,1,1,1,16,4,12,0,1,0,1,1,0,10,2,5,7,3
2022.0,-100.0,0.0,0.0,3,2,3,0,0,0,0,2,1,1,0,0,2,1,1,17,4,12,0,1,0,2,1,0,10,9,5,3,2
2022.0,8.0,1.0,0.0,3,5,0,0,0,0,0,5,1,1,3,0,1,1,1,18,4,12,0,1,0,1,1,0,4,2,5,7,9
2022.0,0.0,3.0,0.0,2,4,0,0,0,0,1,5,1,1,0,1,2,1,1,20,4,12,0,0,0,1,1,0,4,5,5,3,9
2022.0,0.0,0.0,0.0,3,4,0,0,0,0,0,5,1,1,0,1,2,1,1,22,4,12,0,0,0,2,1,0,5,5,5,3,9
2022.0,-28.0,1.0,0.0,1,5,3,0,0,3,1,9,1,1,0,0,5,1,1,11,5,12,1,0,0,1,1,0,6,6,5,3,7
2022.0,633.0,0.0,0.0,3,4,3,0,0,0,1,9,1,1,0,0,2,1,1,11,5,12,1,0,0,2,1,0,6,2,5,3,9
2022.0,-188.0,0.0,0.0,3,6,3,0,0,0,0,2,1,1,0,1,2,1,1,13,5,12,1,0,0,1,0,0,6,7,5,8,3
2022.0,0.0,0.0,0.0,3,2,3,0,0,0,0,5,1,1,0,1,1,1,1,15,5,12,1,0,0,1,0,0,4,2,5,3,3
2022.0,0.0,0.0,0.0,3,4,0,0,0,0,1,1,1,1,0,1,9,1,1,18,5,12,1,1,0,1,1,0,4,2,5,9,3
2022.0,-20.0,0.0,0.0,3,10,3,0,0,0,1,1,1,1,0,0,1,1,1,19,5,12,1,1,0,1,1,0,10,9,5,3,2
2022.0,-300.0,2.0,0.0,2,6,0,0,0,0,0,9,1,1,0,1,9,1,1,19,5,12,1,1,0,0,1,0,6,7,5,8,8
2022.0,15.0,0.0,0.0,3,6,0,0,0,0,1,5,0,1,1,1,5,1,1,23,5,12,1,0,0,1,1,0,6,9,5,6,3
2022.0,0.0,0.0,0.0,3,10,3,1,0,0,0,9,1,1,0,1,9,1,1,9,6,12,1,1,0,1,2,0,4,9,5,3,0
2022.0,59.0,0.0,0.0,3,6,3,1,0,0,0,5,1,1,0,1,5,1,1,11,6,12,1,0,0,2,1,0,10,7,5,8,3
2022.0,-522.0,0.0,0.0,3,6,3,1,0,0,0,5,1,1,0,1,5,1,1,13,6,12,1,0,0,1,1,0,6,7,5,8,3
2022.0,0.0,0.0,0.0,3,2,3,0,0,0,0,9,1,1,0,1,2,1,1,15,6,12,1,0,0,3,1,0,4,5,5,3,3
2022.0,-25.0,0.0,0.0,3,6,0,0,0,0,1,1,1,1,0,0,1,1,1,21,6,12,1,0,0,1,1,0,10,8,5,3,3
2022.0,100.0,0.0,0.0,3,4,0,0,0,0,1,5,1,1,0,0,2,1,1,23,6,12,1,0,0,2,0,0,0,2,5,3,9
2022.0,0.0,0.0,0.0,3,4,3,0,0,0,0,5,1,1,0,1,4,1,1,6,0,12,0,0,0,0,1,0,4,5,5,9,3
2022.0,100.0,0.0,0.0,3,10,3,0,0,0,2,2,1,1,0,1,2,1,1,15,0,12,0,0,0,3,2,0,6,9,5,3,2
2022.0,67.0,0.0,0.0,3,10,3,0,0,0,0,9,1,1,0,0,9,1,1,15,0,12,0,0,0,0,1,0,10,9,5,9,9
2022.0,-200.0,1.0,0.0,3,6,3,0,0,0,1,1,1,1,0,1,1,1,1,16,0,12,0,1,0,1,1,0,10,7,5,8,3
2022.0,-72.0,0.0,0.0,3,6,3,0,0,0,2,1,1,1,0,0,1,1,1,18,0,12,0,1,0,3,1,0,10,8,5,8,3
2022.0,157.0,0.0,0.0,3,2,0,0,0,0,2,1,1,1,0,0,5,1,1,18,0,12,0,1,0,3,1,0,0,2,5,3,9
2022.0,-26.0,0.0,0.0,3,9,0,0,0,0,1,9,1,1,0,1,1,1,1,19,0,12,0,1,0,1,1,0,10,5,5,5,0
2022.0,615.0,0.0,0.0,3,2,0,0,0,0,2,1,1,1,0,0,9,1,1,21,0,12,0,0,0,3,1,0,0,4,5,3,9
2022.0,90.0,0.0,0.0,3,5,5,4,3,0,2,8,1,1,1,1,5,1,1,14,1,12,0,0,0,3,1,0,10,5,5,6,5
2022.0,0.0,1.0,0.0,3,4,3,0,0,0,0,9,1,1,0,1,1,1,1,15,1,12,0,0,0,2,2,0,4,2,5,9,3
2022.0,270.0,0.0,0.0,3,4,0,0,0,0,2,1,1,1,0,1,9,1,1,18,1,12,0,1,0,3,1,0,0,2,5,3,9
2022.0,-228.0,0.0,0.0,3,4,0,0,0,0,2,4,1,1,0,1,5,1,1,5,2,12,0,0,0,3,1,0,0,2,5,3,9
2022.0,-42.0,0.0,0.0,3,10,2,1,0,0,1,5,1,1,0,0,5,1,1,6,2,12,0,0,0,0,1,0,6,9,5,3,2
2022.0,-374.0,0.0,0.0,3,2,3,0,0,0,1,1,1,1,0,1,1,1,1,7,2,12,0,1,0,1,1,0,0,7,5,9,2
2022.0,-15.0,1.0,0.0,2,10,3,0,0,0,1,1,1,1,3,1,1,1,1,8,2,12,0,1,0,1,2,0,10,2,5,7,9
2022.0,-48.0,2.0,0.0,3,6,3,0,0,0,1,2,1,1,0,1,2,1,1,8,2,12,0,1,0,2,1,0,10,7,5,8,3
2022.0,0.0,0.0,0.0,3,2,3,0,0,0,0,1,1,1,0,0,1,1,1,9,2,12,0,1,0,1,2,0,5,5,5,3,9
2022.0,0.0,0.0,0.0,3,10,3,0,0,0,0,5,1,1,0,1,5,1,1,10,2,12,0,0,0,1,1,0,4,5,5,9,9
2022.0,0.0,0.0,0.0,3,4,3,0,0,0,1,1,1,1,0,1,9,1,1,11,2,12,0,0,0,1,1,0,4,2,5,3,8
2022.0,0.0,0.0,0.0,3,10,3,0,0,0,0,8,1,1,0,1,8,1,1,12,2,12,0,0,0,1,1,0,5,5,5,9,9
2022.0,-85.0,0.0,0.0,3,6,3,0,0,0,0,1,1,1,0,1,1,1,1,14,2,12,0,0,0,1,1,0,10,7,5,8,3
2022.0,0.0,0.0,0.0,3,10,3,0,0,0,0,4,1,1,0,1,2,1,1,15,2,12,0,0,0,1,1,0,3,7,5,9,9
2022.0,0.0,2.0,0.0,2,4,3,0,0,0,0,2,1,1,0,0,5,1,1,15,2,12,0,0,0,2,1,0,4,2,5,3,9
2022.0,-84.0,0.0,0.0,3,6,4,0,0,0,1,2,1,1,0,0,2,1,1,16,2,12,0,1,0,1,1,0,10,7,5,9,9
2022.0,345.0,0.0,0.0,3,6,0,0,0,0,1,9,1,1,0,1,9,1,1,18,2,12,0,1,0,1,1,0,10,7,5,8,8
2022.0,0.0,0.0,0.0,3,10,4,0,0,0,2,1,1,1,0,1,1,1,1,18,2,12,0,1,0,3,1,0,4,9,5,9,9
2022.0,0.0,0.0,0.0,3,4,0,0,0,0,0,9,1,1,0,0,1,1,1,19,2,12,0,1,0,1,1,0,5,2,5,3,9
2022.0,-35.0,0.0,0.0,3,6,0,0,0,0,2,9,1,1,0,0,9,1,1,20,2,12,0,0,0,3,1,0,4,7,5,9,3
2022.0,305.0,0.0,0.0,3,10,3,0,0,0,0,9,1,1,0,1,9,1,1,20,2,12,0,0,0,2,1,0,6,9,5,8,2
2022.0,70.0,1.0,0.0,3,6,0,0,0,0,1,2,1,1,0,0,2,1,1,21,2,12,0,0,0,1,1,0,6,5,5,8,3
2022.0,-50.0,0.0,0.0,3,6,0,0,0,0,1,2,1,1,0,1,2,1,1,22,2,12,0,0,0,2,2,0,10,7,5,8,3
2022.0,10.0,1.0,0.0,3,2,0,0,0,0,1,9,1,1,0,1,2,1,1,23,2,12,0,0,0,1,0,0,10,7,5,3,9
2022.0,384.0,1.0,0.0,3,6,3,0,0,0,0,1,1,1,0,0,1,1,1,7,3,12,0,1,0,2,1,0,6,8,5,8,3
2022.0,0.0,0.0,0.0,3,10,3,0,0,0,1,2,1,1,0,0,2,1,1,11,3,12,0,0,0,1,1,0,4,9,5,9,9
2022.0,0.0,0.0,0.0,3,6,3,0,0,0,0,1,1,1,0,1,1,1,1,11,3,12,0,0,0,0,1,0,10,7,5,8,8
2022.0,80.0,0.0,0.0,3,6,3,0,0,0,2,5,1,1,0,1,5,1,1,12,3,12,0,0,0,3,1,0,10,7,5,8,3
2022.0,1.0,0.0,0.0,3,10,3,0,0,0,1,9,1,1,0,1,9,1,1,12,3,12,0,0,0,1,0,0,3,5,5,3,9
2022.0,0.0,1.0,0.0,3,2,3,0,0,0,0,1,1,1,0,1,5,1,1,13,3,12,0,0,0,2,1,0,5,2,5,3,9
2022.0,0.0,0.0,0.0,3,4,3,0,0,0,1,3,1,1,0,1,9,1,1,13,3,12,0,0,0,0,2,0,4,2,5,3,9
2022.0,0.0,0.0,0.0,3,4,3,0,0,0,0,5,1,1,0,0,1,1,1,16,3,12,0,1,0,1,1,0,4,2,5,9,3
2022.0,188.0,0.0,0.0,3,6,4,0,0,0,1,5,1,1,0,1,5,1,1,17,3,12,0,1,0,2,1,0,10,7,5,8,3
2022.0,-200.0,1.0,0.0,2,5,0,0,0,2,0,1,1,1,0,1,5,1,1,18,3,12,0,1,0,1,1,0,0,5,5,9,3
2022.0,-195.0,0.0,0.0,3,6,0,0,0,0,1,1,1,1,0,0,1,1,1,20,3,12,0,0,0,2,1,0,6,7,5,8,3