Year,Distance,Totalinjuries,Totalfatalities,Injuryseverity,Collisionmanner,Lightcondition,Weather,SurfaceCondition,Unittype_One,Gender_Drv1,Traveldirection_One,AlcoholUse_Drv1,DrugUse_Drv1,Unittype_Two,Gender_Drv2,Traveldirection_Two,AlcoholUse_Drv2,DrugUse_Drv2,Hour,Weekday,Month,Weekend,Rush_Hour,Hazardous_Road,Age_Group_Drv1,Age_Group_Drv2,Substance_Use,Junction_Category,Violation_Category_Drv1,Violation_Category_Drv2,Unitaction_Category_Two,Unitaction_Category_One
2022.0,132.0,1.0,0.0,3,4,0,0,0,0,1,5,1,1,0,1,2,1,1,20,3,12,0,0,0,2,2,0,0,2,5,3,9
2022.0,155.0,1.0,0.0,2,2,0,0,0,0,0,2,1,1,0,1,1,1,1,21,3,12,0,0,0,1,2,0,0,2,5,3,3
2022.0,0.0,2.0,0.0,2,4,0,0,0,0,0,2,1,1,0,1,9,0,1,22,3,12,0,0,0,1,1,0,4,2,5,9,3
2022.0,0.0,0.0,0.0,3,10,0,0,0,0,1,3,1,1,0,1,3,1,1,5,4,12,0,0,0,1,1,0,5,5,5,9,9
2022.0,0.0,0.0,0.0,3,4,3,0,0,0,1,1,1,1,0,1,9,1,1,11,4,12,0,0,0,0,2,0,4,2,5,9,9
2022.0,0.0,0.0,0.0,3,6,3,0,0,0,1,9,1,1,0,0,9,1,1,11,4,12,0,0,0,1,1,0,5,8,5,3,3
2022.0,-298.0,0.0,0.0,3,4,3,0,0,0,1,9,1,1,0,1,1,1,1,12,4,12,0,0,0,1,1,0,0,2,5,3,9
2022.0,0.0,0.0,0.0,3,6,3,0,0,0,0,9,1,1,0,1,9,1,1,13,4,12,0,0,0,1,1,0,6,5,5,8,1
2022.0,0.0,0.0,0.0,3,6,3,0,0,0,1,9,1,1,0,0,9,1,1,15,4,12,0,0,0,2,2,0,3,5,5,8,8
2022.0,-200.0,0.0,0.0,3,10,3,0,0,0,2,2,1,1,0,1,2,1,1,16,4,12,0,1,0,3,0,0,6,9,5,3,3
2022.0,97.0,0.0,0.0,3,2,0,0,0,0,0,2,1,1,0,1,1,1,1,20,4,12,0,0,0,1,1,0,6,2,5,3,9
2022.0,-165.0,0.0,0.0,3,10,0,0,0,0,1,2,1,1,0,0,2,1,1,20,4,12,0,0,0,1,1,0,10,5,5,3,3
2022.0,0.0,0.0,0.0,3,2,3,0,0,0,1,1,1,1,0,0,2,1,1,9,5,12,1,1,0,1,1,0,4,2,5,9,3
2022.0,0.0,0.0,0.0,3,4,3,0,0,0,0,1,1,1,0,1,5,1,1,12,5,12,1,0,0,1,0,0,4,2,5,3,9
2022.0,-175.0,0.0,0.0,3,6,3,0,0,0,1,5,1,1,0,0,5,1,1,14,5,12,1,0,0,1,1,0,10,7,5,9,3
2022.0,0.0,0.0,0.0,3,6,5,0,0,0,2,5,1,1,0,1,5,1,1,15,5,12,1,0,0,3,2,0,10,9,5,9,3
2022.0,-25.0,0.0,0.0,3,6,3,0,0,0,0,2,1,1,0,1,2,1,1,15,5,12,1,0,0,1,1,0,10,7,5,8,3
2022.0,-286.0,0.0,0.0,3,3,3,0,0,0,1,1,1,1,0,0,9,1,1,15,5,12,1,0,0,2,1,0,6,2,2,9,9
2022.0,-75.0,0.0,0.0,3,10,0,0,0,0,0,9,1,1,0,1,9,1,1,18,5,12,1,1,0,2,1,0,6,9,5,3,2
2022.0,400.0,0.0,0.0,3,2,3,0,0,0,1,5,1,1,0,1,1,1,1,14,6,12,1,0,0,2,1,0,0,9,5,3,3
2022.0,-110.0,1.0,0.0,3,6,3,0,0,0,1,1,1,1,0,1,1,1,1,10,0,12,0,0,0,1,1,0,10,8,5,8,3
2022.0,-750.0,0.0,0.0,3,2,3,0,0,0,2,8,1,1,1,1,1,1,1,12,0,12,0,0,0,3,0,0,6,7,5,6,3
2022.0,525.0,0.0,0.0,3,6,3,0,0,0,1,1,1,1,0,1,1,1,1,15,0,12,0,0,0,2,2,0,10,7,5,3,3
2022.0,325.0,0.0,0.0,3,2,1,0,0,0,1,5,1,1,0,0,5,1,1,17,0,12,0,1,0,2,2,0,0,5,5,9,2
2022.0,200.0,2.0,0.0,3,6,3,0,0,0,1,5,0,1,0,1,5,1,1,17,0,12,0,1,0,1,1,0,10,8,5,8,3
2022.0,0.0,0.0,0.0,3,4,3,0,0,0,2,5,1,1,0,1,2,1,1,7,1,12,0,1,0,3,2,0,4,2,5,9,3
2022.0,-300.0,0.0,0.0,3,4,3,0,0,0,0,2,1,1,0,1,9,1,1,7,1,12,0,1,0,1,0,0,0,2,5,3,9
2022.0,-76.0,0.0,0.0,3,10,3,1,0,0,0,2,1,1,0,1,2,1,1,9,1,12,0,1,0,1,1,0,10,9,5,9,9
2022.0,25.0,0.0,0.0,3,6,5,4,0,0,0,9,1,1,0,1,9,1,1,10,1,12,0,0,0,1,1,0,10,7,5,8,3
2022.0,0.0,0.0,0.0,3,2,3,0,0,0,1,2,1,1,0,1,1,1,1,12,1,12,0,0,0,1,0,0,5,2,5,3,9
2022.0,0.0,0.0,0.0,3,2,3,0,0,0,0,1,1,1,0,0,5,1,1,13,1,12,0,0,0,2,0,0,4,2,5,9,3
2022.0,15.0,1.0,0.0,3,5,3,1,0,0,1,1,1,1,3,1,1,1,1,14,1,12,0,0,0,1,0,0,10,2,5,7,9
2022.0,162.0,0.0,0.0,3,2,3,1,0,0,1,1,1,1,0,1,1,1,1,15,1,12,0,0,0,1,1,0,6,9,5,3,2
2022.0,-284.0,1.0,0.0,2,5,0,0,0,3,0,2,1,1,0,0,9,1,1,17,1,12,0,1,0,2,1,0,6,6,5,3,7
2022.0,0.0,0.0,0.0,3,2,1,1,0,0,1,9,1,1,0,1,5,1,1,19,1,12,0,1,0,1,2,0,5,2,5,3,3
2022.0,0.0,0.0,0.0,3,6,0,0,0,0,1,6,1,1,0,1,6,1,1,23,1,12,0,0,0,1,1,0,10,7,5,8,3
2022.0,0.0,0.0,0.0,3,10,0,3,4,0,1,2,1,1,0,1,2,1,1,5,2,12,0,0,1,0,1,0,10,7,5,3,3
2022.0,0.0,0.0,0.0,3,4,0,3,4,0,1,3,1,1,0,1,9,1,1,6,2,12,0,0,1,1,0,0,4,2,5,3,5
2022.0,0.0,2.0,0.0,2,2,3,3,4,0,1,9,1,1,0,0,5,1,1,7,2,12,0,1,1,1,1,0,4,2,5,3,3
2022.0,0.0,0.0,0.0,3,4,3,3,4,0,2,5,1,1,0,0,2,1,1,7,2,12,0,1,1,3,1,0,4,2,5,3,9
2022.0,39.0,0.0,0.0,3,6,3,3,0,0,1,5,1,1,0,0,5,1,1,8,2,12,0,1,0,1,0,0,10,8,5,8,3
2022.0,0.0,0.0,0.0,3,10,3,1,0,0,0,2,1,1,0,1,2,1,1,10,2,12,0,0,0,1,2,0,4,9,5,9,9
2022.0,300.0,1.0,0.0,2,6,3,3,4,0,0,9,1,1,0,1,9,1,1,11,2,12,0,0,1,2,2,0,6,9,5,3,2
2022.0,0.0,0.0,0.0,3,4,3,0,0,0,0,0,1,1,0,1,0,1,1,13,2,12,0,0,0,0,1,0,4,2,5,9,3
2022.0,0.0,0.0,0.0,3,2,3,3,0,0,1,9,1,1,0,1,1,1,1,13,2,12,0,0,0,2,1,0,4,2,5,3,9
2022.0,-50.0,0.0,0.0,3,2,3,3,4,0,0,1,1,1,0,1,2,1,1,14,2,12,0,0,1,2,1,0,10,7,5,8,9
2022.0,-45.0,0.0,0.0,3,6,3,3,4,0,1,2,1,1,0,1,2,1,1,14,2,12,0,0,1,1,1,0,4,7,5,9,9
2022.0,0.0,1.0,0.0,1,4,3,1,4,0,0,1,1,1,0,0,9,1,1,14,2,12,0,0,1,2,0,0,4,2,5,3,9
2022.0,200.0,0.0,0.0,3,10,3,1,0,0,1,9,1,1,0,1,9,1,1,15,2,12,0,0,0,1,1,0,10,9,5,3,2
2022.0,20.0,0.0,0.0,3,5,0,0,4,0,0,5,1,1,0,1,2,1,1,21,2,12,0,0,1,2,2,0,6,4,5,3,1
2022.0,900.0,0.0,0.0,3,12,0,0,0,0,1,8,1,1,1,1,9,1,1,6,3,12,0,0,0,3,1,0,6,5,5,6,5
2022.0,0.0,1.0,0.0,2,2,3,0,0,0,1,1,1,1,0,1,2,1,1,8,3,12,0,1,0,1,0,0,4,2,5,3,3
2022.0,-216.0,2.0,0.0,3,2,3,1,0,0,1,9,1,1,0,1,2,1,1,13,3,12,0,0,0,1,1,0,0,2,5,3,9
2022.0,-150.0,0.0,0.0,3,6,3,0,0,0,0,9,1,1,0,1,9,1,1,14,3,12,0,0,0,1,1,0,10,8,5,8,3
2022.0,61.0,1.0,0.0,3,6,3,1,0,0,1,5,1,1,0,0,5,1,1,15,3,12,0,0,0,1,0,0,10,8,5,8,3
2022.0,66.0,0.0,0.0,3,10,3,0,0,0,2,5,1,1,0,0,5,1,1,16,3,12,0,1,0,3,1,0,10,9,5,8,2
2022.0,70.0,0.0,0.0,3,9,3,0,0,0,0,1,0,1,0,1,9,1,1,16,3,12,0,1,0,1,1,0,10,5,5,8,3
2022.0,120.0,0.0,0.0,3,6,4,0,3,0,0,9,1,1,0,1,9,1,1,17,3,12,0,1,0,1,0,0,10,7,5,8,3
2022.0,98.0,0.0,0.0,3,10,3,0,0,0,2,1,1,1,0,0,1,1,1,17,3,12,0,1,0,3,2,0,6,9,5,3,2
2022.0,0.0,3.0,0.0,2,2,0,0,0,0,0,5,1,1,0,1,1,1,1,21,3,12,0,0,0,1,2,0,4,2,5,9,3
2022.0,0.0,0.0,0.0,3,5,1,0,0,0,2,8,1,1,1,1,8,1,1,0,4,12,0,0,0,3,1,0,6,5,5,6,5
2022.0,-85.0,0.0,0.0,3,6,3,1,0,0,1,1,1,1,0,0,1,1,1,8,4,12,0,1,0,2,0,0,10,8,5,3,3
2022.0,191.0,0.0,0.0,3,6,3,1,0,0,1,1,1,1,0,1,1,1,1,12,4,12,0,0,0,2,2,0,10,8,5,8,3
2022.0,150.0,0.0,0.0,3,6,3,1,0,0,0,1,1,1,0,0,1,1,1,12,4,12,0,0,0,0,1,0,6,8,5,8,3
2022.0,-117.0,0.0,0.0,3,10,3,1,0,0,1,2,1,1,0,1,2,1,1,12,4,12,0,0,0,1,1,0,10,7,5,8,2
2022.0,0.0,1.0,0.0,3,6,3,1,0,0,0,1,1,1,0,0,1,1,1,14,4,12,0,0,0,2,1,0,4,8,5,9,3
2022.0,-36.0,1.0,0.0,3,6,3,1,0,0,1,2,1,1,0,1,2,1,1,16,4,12,0,1,0,1,1,0,10,8,5,8,3
2022.0,-74.0,0.0,0.0,3,6,4,1,0,0,1,1,1,1,0,1,1,1,1,18,4,12,0,1,0,2,1,0,10,8,5,8,3
2022.0,-86.0,0.0,0.0,3,10,0,0,0,0,2,2,1,1,0,1,2,1,1,21,4,12,0,0,0,3,1,0,6,9,5,3,3
2022.0,-15.0,0.0,0.0,3,9,0,0,0,0,0,5,1,1,0,1,2,1,1,22,4,12,0,0,0,2,1,0,6,7,5,3,9
2022.0,0.0,0.0,0.0,3,4,5,4,0,0,1,1,1,1,0,1,9,1,1,8,5,12,1,1,0,1,1,0,4,2,5,3,9
2022.0,401.0,0.0,0.0,3,6,3,1,0,0,1,9,1,1,0,0,9,1,1,13,5,12,1,0,0,1,2,0,6,7,5,8,3
2022.0,100.0,0.0,0.0,3,5,3,0,0,0,1,1,1,1,0,0,1,1,1,14,5,12,1,0,0,2,1,0,0,5,5,3,1
2022.0,0.0,1.0,0.0,2,4,0,1,0,0,0,3,1,1,0,1,9,1,1,18,5,12,1,1,0,1,2,0,4,2,5,3,9
2022.0,0.0,0.0,0.0,3,10,0,1,0,0,2,5,1,1,0,1,5,1,1,18,5,12,1,1,0,3,2,0,4,9,5,9,9
2023.0,-5.0,1.0,0.0,2,5,0,4,0,0,2,1,1,1,3,1,9,1,1,1,6,1,1,0,0,3,2,0,10,2,5,7,9
2023.0,-50.0,0.0,0.0,3,11,0,0,0,0,1,9,0,1,0,0,9,1,1,2,6,1,1,0,0,1,1,0,6,4,5,3,9
2023.0,0.0,1.0,0.0,3,2,3,3,4,0,1,9,1,1,0,1,2,1,1,12,6,1,1,0,1,1,1,0,4,2,5,3,3
2023.0,-300.0,1.0,0.0,2,5,0,0,0,0,1,5,1,1,3,1,8,1,1,17,6,1,1,1,0,1,2,0,6,5,5,7,2
2023.0,50.0,1.0,0.0,2,5,0,0,0,0,2,5,1,1,3,0,1,1,1,21,6,1,1,0,0,3,1,0,10,5,6,7,9
2023.0,-15.0,1.0,0.0,3,5,0,3,4,3,0,5,0,1,0,1,9,1,1,21,6,1,1,0,1,1,2,0,10,2,5,3,7
2023.0,-50.0,0.0,0.0,3,6,0,0,0,0,1,2,1,1,0,1,2,1,1,9,0,1,0,1,0,2,2,0,10,7,5,8,3
2023.0,0.0,0.0,0.0,3,4,3,1,0,0,1,5,1,1,0,0,2,1,1,10,0,1,0,0,0,0,1,0,4,2,5,9,3
2023.0,-5.0,1.0,0.0,3,5,0,4,3,0,1,1,1,1,3,0,9,1,1,13,0,1,0,0,0,3,2,0,10,5,5,7,9
2023.0,111.0,4.0,0.0,3,6,3,1,0,0,1,1,0,1,0,0,1,1,1,13,0,1,0,0,0,1,2,0,10,7,5,8,3
2023.0,0.0,3.0,0.0,3,4,1,0,0,0,0,9,1,1,0,0,1,1,1,18,0,1,0,1,0,1,1,0,4,2,5,3,9
2023.0,195.0,0.0,0.0,3,10,0,0,0,0,1,5,1,1,0,0,5,1,1,18,0,1,0,1,0,1,2,0,6,9,5,3,2
2023.0,-25.0,0.0,0.0,3,6,1,0,0,0,1,2,1,1,0,1,2,1,1,18,0,1,0,1,0,2,1,0,10,8,5,8,3
2023.0,15.0,2.0,0.0,3,11,0,0,0,0,0,1,1,1,0,0,9,1,1,21,0,1,0,0,0,2,2,0,10,2,5,9,3
2023.0,76.0,0.0,0.0,3,6,3,0,0,0,1,2,1,1,0,0,2,1,1,15,1,1,0,0,0,0,1,0,6,7,5,8,3
2023.0,-80.0,0.0,0.0,3,12,0,0,0,0,2,8,1,1,1,1,1,1,1,16,1,1,0,1,0,3,1,0,6,5,5,6,5
2023.0,50.0,3.0,0.0,3,6,4,0,0,0,1,9,0,1,0,1,9,1,1,16,1,1,0,1,0,2,1,0,10,7,5,8,3
2023.0,-200.0,0.0,0.0,3,10,0,0,0,0,0,2,1,1,0,0,2,1,1,18,1,1,0,1,0,2,2,0,6,9,5,3,2
2023.0,-52.0,0.0,0.0,3,6,3,1,0,0,0,9,1,1,0,0,9,1,1,13,2,1,0,0,0,1,2,0,10,7,5,9,9
2023.0,-207.0,0.0,0.0,3,5,3,0,0,0,1,9,1,1,1,1,1,1,1,15,2,1,0,0,0,2,1,0,6,5,5,6,1
2023.0,-150.0,0.0,0.0,3,10,3,0,0,0,1,9,1,1,0,1,9,1,1,15,2,1,0,0,0,0,1,0,6,5,5,3,2
2023.0,415.0,4.0,0.0,2,6,4,0,0,0,0,2,1,1,0,0,2,1,1,16,2,1,0,1,0,1,1,0,10,8,5,8,3
2023.0,0.0,0.0,0.0,3,10,3,0,0,0,1,9,1,1,0,0,9,1,1,17,2,1,0,1,0,1,1,0,3,4,5,9,9
2023.0,-280.0,0.0,0.0,3,6,5,4,0,0,0,1,1,1,0,0,1,1,1,18,2,1,0,1,0,1,2,0,6,7,5,3,3
2023.0,300.0,1.0,0.0,3,2,1,0,0,0,1,2,1,1,0,1,1,1,1,21,2,1,0,0,0,2,2,0,0,2,5,3,9
2023.0,0.0,0.0,0.0,3,2,3,0,0,0,0,5,1,1,0,0,9,1,1,8,3,1,0,1,0,1,0,0,5,2,5,3,9
2023.0,0.0,0.0,0.0,3,2,3,1,0,0,0,1,1,1,0,1,5,1,1,8,3,1,0,1,0,1,1,0,5,2,5,3,9
2023.0,-350.0,0.0,0.0,3,2,3,1,0,0,2,1,1,1,0,0,2,1,1,9,3,1,0,1,0,3,1,0,0,2,5,3,9
2023.0,0.0,0.0,0.0,3,10,3,1,0,0,1,9,1,1,0,0,9,1,1,9,3,1,0,1,0,1,1,0,4,4,5,9,9
2023.0,0.0,0.0,0.0,3,4,3,1,0,0,1,5,1,1,0,1,1,1,1,11,3,1,0,0,0,1,2,0,5,2,5,3,9
2023.0,-63.0,0.0,0.0,3,6,3,1,0,0,2,1,1,1,0,0,1,1,1,12,3,1,0,0,0,3,1,0,10,7,5,8,3
2023.0,53.0,0.0,0.0,3,2,3,1,0,0,1,5,1,1,0,1,5,1,1,15,3,1,0,0,0,1,1,0,10,9,5,9,9
2023.0,0.0,0.0,0.0,3,4,3,1,0,0,1,1,1,1,0,1,9,1,1,15,3,1,0,0,0,0,1,0,4,5,5,3,9
2023.0,0.0,0.0,0.0,3,4,3,1,0,0,1,1,1,1,0,1,9,1,1,16,3,1,0,1,0,1,2,0,4,2,5,9,3
2023.0,-36.0,0.0,0.0,3,4,0,0,0,0,1,1,1,1,0,0,9,1,1,18,3,1,0,1,0,2,1,0,4,2,5,3,9
2023.0,0.0,0.0,0.0,3,10,0,0,0,0,1,1,0,1,0,1,1,1,1,19,3,1,0,1,0,1,1,0,5,4,5,9,9
2023.0,-286.0,0.0,0.0,3,2,0,0,0,0,1,5,1,1,0,0,2,1,1,20,3,1,0,0,0,1,2,0,6,2,2,9,9
2023.0,0.0,0.0,0.0,3,2,0,0,0,0,1,1,0,1,0,1,5,1,1,2,4,1,0,0,0,2,1,0,4,2,5,3,3
2023.0,0.0,0.0,0.0,3,4,0,0,0,0,1,1,1,1,0,1,5,1,1,4,4,1,0,0,0,1,1,0,5,2,5,3,9
2023.0,622.0,2.0,0.0,3,6,3,1,0,0,1,5,1,1,0,0,5,1,1,11,4,1,0,0,0,1,2,0,6,7,5,3,3
2023.0,117.0,0.0,0.0,3,10,3,0,0,0,2,5,1,1,0,0,5,1,1,13,4,1,0,0,0,3,1,0,10,9,5,8,3
2023.0,0.0,2.0,0.0,3,4,3,0,0,0,0,2,1,1,0,1,1,1,1,16,4,1,0,1,0,2,1,0,5,2,5,3,9
2023.0,-525.0,2.0,0.0,2,4,4,0,0,0,0,4,1,1,0,0,1,1,1,16,4,1,0,1,0,2,1,0,0,2,5,3,9
2023.0,-624.0,2.0,0.0,2,2,3,1,0,0,1,9,1,1,0,1,9,1,1,17,4,1,0,1,0,0,1,0,6,5,5,3,9
2023.0,50.0,0.0,0.0,3,5,0,1,0,0,1,9,1,1,0,1,9,1,1,18,4,1,0,1,0,1,1,0,10,1,5,8,1
2023.0,92.0,0.0,0.0,3,6,0,0,0,0,1,5,1,1,0,0,5,1,1,18,4,1,0,1,0,1,2,0,6,8,5,8,3
2023.0,100.0,0.0,0.0,3,6,0,1,0,0,2,5,1,1,0,1,5,1,1,20,4,1,0,0,0,3,1,0,10,7,5,9,3
2023.0,200.0,0.0,0.0,3,4,0,0,0,0,1,9,1,1,0,0,5,1,1,20,4,1,0,0,0,1,1,0,0,2,5,3,9
2023.0,200.0,0.0,0.0,3,6,1,0,0,0,1,9,1,0,1,1,9,1,1,1,5,1,1,0,0,1,1,0,6,7,5,6,3
2023.0,-20.0,0.0,0.0,3,6,3,0,0,0,2,2,1,1,0,1,2,1,1,9,5,1,1,1,0,3,2,0,10,7,5,8,3
2023.0,0.0,0.0,0.0,3,2,3,0,0,0,1,2,1,1,0,1,1,1,1,9,5,1,1,1,0,1,1,0,4,2,5,3,3
2023.0,0.0,0.0,0.0,3,10,3,0,0,0,0,1,1,1,0,0,1,1,1,10,5,1,1,0,0,2,1,0,3,9,5,3,2
2023.0,70.0,0.0,0.0,3,10,3,0,0,0,1,5,1,1,0,1,5,1,1,10,5,1,1,0,0,1,1,0,10,4,5,9,9
2023.0,0.0,0.0,0.0,3,10,3,0,0,0,1,5,1,1,0,0,5,1,1,12,5,1,1,0,0,1,1,0,4,9,5,3,2
2023.0,657.0,0.0,0.0,3,4,3,0,0,0,1,2,1,1,0,1,5,1,1,14,5,1,1,0,0,1,1,0,0,2,5,9,9
2023.0,560.0,0.0,0.0,3,6,3,0,0,0,1,2,1,1,0,1,2,1,1,14,5,1,1,0,0,1,1,0,6,7,5,8,3
2023.0,23.0,0.0,0.0,3,5,3,0,0,0,0,9,1,1,0,0,9,1,1,15,5,1,1,0,0,0,1,0,10,5,5,8,1
2023.0,-165.0,1.0,0.0,3,6,3,0,0,0,1,1,0,1,0,1,1,1,1,16,5,1,1,1,0,1,1,0,6,7,5,8,3
2023.0,-30.0,0.0,0.0,3,6,3,0,0,0,1,2,1,1,0,1,2,1,1,17,5,1,1,1,0,2,1,0,6,7,5,3,9
2023.0,0.0,1.0,0.0,3,6,0,0,0,0,0,1,1,1,0,0,1,1,1,19,5,1,1,1,0,1,1,0,3,5,5,8,3
2023.0,-85.0,0.0,0.0,3,5,0,0,0,0,1,1,1,1,0,1,1,1,1,20,5,1,1,0,0,2,1,0,10,5,5,8,1
2023.0,-487.0,0.0,0.0,3,4,0,0,0,0,1,2,1,1,0,1,1,1,1,21,5,1,1,0,0,1,1,0,0,2,5,3,9
2023.0,100.0,2.0,0.0,2,10,0,0,0,0,1,9,1,1,0,1,9,1,1,21,5,1,1,0,0,2,2,0,6,9,5,3,2
2023.0,-300.0,0.0,0.0,3,11,0,0,0,0,1,5,1,1,0,0,9,1,1,21,5,1,1,0,0,2,2,0,10,7,5,9,3
2023.0,75.0,0.0,0.0,3,6,0,0,0,0,1,1,1,1,0,0,1,1,1,22,5,1,1,0,0,2,1,0,0,5,5,8,3
2023.0,-40.0,0.0,0.0,3,6,0,0,0,0,1,9,1,1,0,1,9,1,1,1,6,1,1,0,0,1,1,0,10,7,5,3,3
2023.0,0.0,0.0,0.0,3,2,3,0,0,0,1,2,1,1,0,1,9,1,1,11,6,1,1,0,0,1,1,0,4,5,5,3,9
2023.0,0.0,0.0,0.0,3,2,3,0,0,0,1,5,1,1,0,1,9,1,1,15,6,1,1,0,0,1,2,0,4,2,5,3,3
2023.0,0.0,0.0,0.0,3,4,3,0,0,0,2,9,1,1,0,1,1,1,1,16,6,1,1,1,0,3,2,0,4,7,5,9,5
2023.0,15.0,0.0,0.0,3,10,2,0,0,0,1,2,1,1,0,0,2,1,1,4,0,1,0,0,0,0,0,0,10,9,5,9,2
2023.0,-100.0,0.0,0.0,3,12,3,0,0,0,2,8,1,1,1,1,5,1,1,8,0,1,0,1,0,3,1,0,6,5,5,6,5
2023.0,98.0,0.0,0.0,3,6,3,0,0,0,1,5,1,1,0,1,5,1,1,9,0,1,0,1,0,1,2,0,10,7,5,9,3
2023.0,232.0,0.0,0.0,3,2,3,0,0,0,1,1,1,1,0,1,5,1,1,9,0,1,0,1,0,2,0,0,0,2,5,3,9
2023.0,0.0,0.0,0.0,3,10,3,0,0,0,0,1,1,1,0,1,1,1,1,9,0,1,0,1,0,1,1,0,3,9,5,3,2
2023.0,50.0,0.0,0.0,3,10,3,0,0,0,1,9,1,1,0,1,9,1,1,10,0,1,0,0,0,3,1,0,6,9,5,8,2
2023.0,150.0,0.0,0.0,3,6,3,0,0,0,1,5,1,1,0,0,5,1,1,11,0,1,0,0,0,2,2,0,6,7,5,3,3
2023.0,-498.0,0.0,0.0,3,10,3,1,0,0,1,2,1,1,0,0,2,1,1,14,0,1,0,0,0,2,1,0,6,9,5,3,2
2023.0,182.0,0.0,0.0,3,2,5,4,0,0,0,1,1,1,0,1,5,1,1,16,0,1,0,1,0,1,1,0,0,2,5,3,9
2023.0,0.0,0.0,0.0,3,10,3,0,0,0,0,4,1,1,0,1,4,1,1,16,0,1,0,1,0,0,1,0,5,4,5,9,9
2023.0,0.0,0.0,0.0,3,6,3,0,0,0,1,9,1,1,0,0,9,1,1,16,0,1,0,1,0,1,1,0,6,7,5,8,3
2023.0,0.0,1.0,0.0,3,5,3,0,0,3,0,2,1,1,0,0,1,1,1,16,0,1,0,1,0,1,1,0,5,2,5,3,7
2023.0,-50.0,0.0,0.0,3,6,0,0,0,0,1,1,1,1,0,1,1,1,1,17,0,1,0,1,0,1,1,0,10,7,5,8,3
2023.0,400.0,0.0,0.0,3,5,0,0,0,0,0,2,1,1,1,1,2,1,1,19,0,1,0,1,0,1,1,0,8,5,5,6,6
2023.0,0.0,1.0,0.0,3,2,0,0,0,0,2,1,1,1,3,0,2,1,1,21,0,1,0,0,0,3,1,0,10,7,2,7,3
2023.0,315.0,0.0,0.0,3,10,2,0,0,0,1,9,1,1,0,1,9,1,1,7,1,1,0,1,0,2,1,0,6,9,5,3,2
2023.0,-76.0,0.0,0.0,3,4,3,0,0,0,0,2,1,1,0,0,2,1,1,7,1,1,0,1,0,2,1,0,10,4,5,3,9
2023.0,0.0,1.0,0.0,3,4,3,1,0,0,1,2,1,1,0,0,1,1,1,8,1,1,0,1,0,0,1,0,0,2,5,3,9
2023.0,25.0,0.0,0.0,3,5,5,4,0,0,2,1,1,1,0,1,1,1,1,9,1,1,0,1,0,3,1,0,10,5,5,5,5
2023.0,0.0,0.0,0.0,3,2,3,0,0,0,1,9,1,1,0,0,5,1,1,13,1,1,0,0,0,0,0,0,4,5,5,9,3
2023.0,50.0,1.0,0.0,3,6,3,1,0,0,0,9,1,1,0,1,9,1,1,13,1,1,0,0,0,0,2,0,10,8,5,8,3
2023.0,-75.0,0.0,0.0,3,6,3,0,0,0,1,1,1,1,0,0,1,1,1,16,1,1,0,1,0,1,1,0,10,8,5,8,3
2023.0,144.0,1.0,0.0,3,6,3,0,0,0,1,9,1,1,0,1,9,1,1,16,1,1,0,1,0,1,1,0,10,8,5,8,3
2023.0,57.0,0.0,0.0,3,6,4,0,0,0,1,2,1,1,0,0,2,1,1,17,1,1,0,1,0,1,2,0,10,7,5,3,3
2023.0,-50.0,0.0,0.0,3,6,0,0,0,0,2,2,1,1,0,0,2,1,1,18,1,1,0,1,0,3,2,0,10,8,5,8,3
2023.0,-150.0,0.0,0.0,3,11,0,0,0,0,1,2,1,1,0,1,2,1,1,20,1,1,0,0,0,1,2,0,6,9,5,3,9
2023.0,1238.0,0.0,0.0,3,6,0,0,0,0,1,2,1,1,0,1,2,1,1,21,1,1,0,0,0,1,2,0,6,7,5,8,3
2023.0,0.0,0.0,0.0,3,4,0,0,0,0,1,5,1,1,0,0,1,1,1,0,2,1,0,0,0,2,2,0,5,2,5,3,9
2023.0,0.0,1.0,0.0,2,2,0,0,0,0,2,5,1,1,2,1,9,0,1,2,2,1,0,0,0,3,1,0,4,2,5,3,3
2023.0,150.0,0.0,0.0,3,4,0,0,0,0,1,5,1,1,0,0,2,1,1,5,2,1,0,0,0,1,1,0,0,2,5,3,9
2023.0,0.0,0.0,0.0,3,10,2,0,0,0,1,6,1,1,0,1,6,1,1,6,2,1,0,0,0,0,2,0,4,9,5,9,9
2023.0,-364.0,0.0,0.0,3,2,3,0,0,0,0,2,1,1,0,1,1,1,1,9,2,1,0,1,0,1,2,0,0,2,5,3,9
2023.0,0.0,1.0,0.0,3,2,3,0,0,0,1,9,1,1,0,1,5,1,1,11,2,1,0,0,0,1,0,0,4,2,5,9,3
2023.0,0.0,2.0,0.0,3,4,3,0,0,0,0,5,1,1,0,1,1,1,1,13,2,1,0,0,0,0,1,0,5,2,5,9,9
2023.0,0.0,0.0,0.0,3,4,3,1,0,0,2,9,1,1,0,0,1,1,1,14,2,1,0,0,0,3,1,0,4,2,5,9,3
2023.0,850.0,0.0,0.0,3,6,3,1,0,0,1,2,1,1,0,1,2,1,1,15,2,1,0,0,0,1,1,0,6,7,5,8,3
2023.0,-640.0,0.0,0.0,3,2,3,0,0,0,0,1,1,1,0,1,5,1,1,15,2,1,0,0,0,1,1,0,0,2,5,3,9
2023.0,50.0,0.0,0.0,3,6,3,0,0,0,1,9,1,1,0,1,9,1,1,16,2,1,0,1,0,1,1,0,10,7,5,8,8