Year,Distance,Totalinjuries,Totalfatalities,Injuryseverity,Collisionmanner,Lightcondition,Weather,SurfaceCondition,Unittype_One,Gender_Drv1,Traveldirection_One,AlcoholUse_Drv1,DrugUse_Drv1,Unittype_Two,Gender_Drv2,Traveldirection_Two,AlcoholUse_Drv2,DrugUse_Drv2,Hour,Weekday,Month,Weekend,Rush_Hour,Hazardous_Road,Age_Group_Drv1,Age_Group_Drv2,Substance_Use,Junction_Category,Violation_Category_Drv1,Violation_Category_Drv2,Unitaction_Category_Two,Unitaction_Category_One
2023.0,175.0,2.0,0.0,3,2,4,0,0,0,1,1,1,1,0,0,5,1,1,17,2,1,0,1,0,1,1,0,0,2,5,3,9
2023.0,89.0,0.0,0.0,3,6,0,0,0,0,0,9,1,0,0,1,9,1,1,20,2,1,0,0,0,1,1,0,4,8,5,8,3
2023.0,380.0,1.0,0.0,2,6,0,0,0,0,1,5,1,1,0,1,5,1,1,20,2,1,0,0,0,2,1,0,6,7,5,8,3
2023.0,0.0,0.0,0.0,3,4,3,0,0,0,0,6,1,1,0,0,4,1,1,8,3,1,0,1,0,2,2,0,4,4,5,3,9
2023.0,-38.0,0.0,0.0,3,6,3,0,0,0,1,2,1,1,0,0,2,1,1,10,3,1,0,0,0,2,1,0,10,8,5,8,3
2023.0,224.0,0.0,0.0,3,3,3,0,0,0,1,9,1,1,1,1,1,1,1,12,3,1,0,0,0,1,2,0,6,7,5,6,3
2023.0,-164.0,0.0,0.0,3,6,3,0,0,0,1,5,1,1,0,0,5,1,1,12,3,1,0,0,0,2,2,0,6,8,5,8,3
2023.0,195.0,1.0,0.0,3,6,3,0,0,0,0,2,1,1,0,0,2,1,1,12,3,1,0,0,0,3,2,0,6,8,5,8,3
2023.0,502.0,2.0,0.0,3,6,3,0,0,0,0,2,1,1,0,0,2,1,1,14,3,1,0,0,0,0,2,0,10,7,5,8,8
2023.0,0.0,1.0,0.0,3,6,3,0,0,0,1,2,1,1,0,1,2,1,1,14,3,1,0,0,0,1,1,0,3,7,5,8,3
2023.0,0.0,0.0,0.0,3,10,3,0,0,0,1,2,1,1,0,1,2,1,1,16,3,1,0,1,0,1,2,0,4,5,5,3,9
2023.0,79.0,0.0,0.0,3,6,3,0,0,0,0,5,1,1,0,1,5,1,1,16,3,1,0,1,0,1,2,0,10,8,5,8,8
2023.0,-263.0,1.0,0.0,3,4,3,0,0,0,1,5,1,1,0,0,2,1,1,16,3,1,0,1,0,2,1,0,10,2,5,3,9
2023.0,-90.0,0.0,0.0,3,6,3,0,0,0,0,1,1,1,0,0,1,1,1,16,3,1,0,1,0,2,1,0,6,7,5,8,3
2023.0,-768.0,0.0,0.0,3,6,0,0,0,0,0,5,1,1,0,1,5,1,1,17,3,1,0,1,0,0,1,0,6,8,5,3,3
2023.0,0.0,1.0,0.0,3,4,0,0,0,0,1,5,1,1,0,0,1,1,1,18,3,1,0,1,0,0,1,0,4,5,5,3,9
2023.0,12.0,1.0,0.0,3,6,0,0,0,0,1,1,1,1,0,1,1,1,1,20,3,1,0,0,0,3,0,0,10,7,5,8,3
2023.0,-432.0,0.0,0.0,3,4,3,0,0,0,1,5,1,1,0,1,1,1,1,10,4,1,0,0,0,1,1,0,0,2,5,3,9
2023.0,-208.0,0.0,0.0,3,6,3,0,0,0,1,2,1,1,0,0,2,1,1,13,4,1,0,0,0,2,1,0,10,7,5,8,8
2023.0,-71.0,1.0,0.0,3,2,3,1,0,0,1,5,1,1,0,0,5,1,1,14,4,1,0,0,0,0,2,0,10,9,5,3,2
2023.0,0.0,0.0,0.0,3,10,3,0,0,0,1,9,1,1,0,1,9,1,1,14,4,1,0,0,0,1,1,0,4,5,5,9,9
2023.0,508.0,3.0,0.0,2,4,3,1,0,0,0,1,1,1,0,1,9,1,1,15,4,1,0,0,0,2,2,0,0,2,5,3,9
2023.0,-170.0,0.0,0.0,3,10,3,0,0,0,1,5,1,1,0,0,5,1,1,15,4,1,0,0,0,3,2,0,6,9,5,3,2
2023.0,-268.0,3.0,0.0,3,2,3,0,0,0,1,2,1,1,0,1,1,1,1,15,4,1,0,0,0,2,1,0,6,2,5,3,9
2023.0,0.0,0.0,0.0,3,6,0,0,0,0,0,2,1,1,0,0,2,1,1,17,4,1,0,1,0,2,1,0,3,7,5,8,8
2023.0,0.0,2.0,0.0,3,2,0,0,0,0,1,1,1,1,0,1,9,1,1,18,4,1,0,1,0,1,0,0,4,2,5,3,9
2023.0,0.0,1.0,0.0,3,2,0,0,0,0,1,1,1,1,0,1,9,1,1,18,4,1,0,1,0,1,2,0,4,2,5,3,9
2023.0,-120.0,0.0,0.0,3,6,0,0,0,0,1,2,1,1,0,0,2,1,1,18,4,1,0,1,0,2,2,0,10,8,5,3,3
2023.0,300.0,1.0,0.0,3,10,0,0,0,0,2,5,1,1,0,1,5,1,1,18,4,1,0,1,0,3,1,0,10,9,5,3,2
2023.0,570.0,0.0,0.0,3,10,0,0,0,0,0,1,1,1,0,0,1,1,1,19,4,1,0,1,0,1,1,0,6,9,5,3,0
2023.0,45.0,0.0,0.0,3,6,0,0,0,0,1,2,1,1,0,1,2,1,1,19,4,1,0,1,0,2,1,0,10,5,5,3,9
2023.0,15.0,0.0,0.0,3,10,0,0,0,0,0,9,1,1,0,0,9,1,1,22,4,1,0,0,0,1,1,0,10,9,5,8,3
2023.0,0.0,0.0,0.0,3,2,1,0,0,0,2,5,1,1,0,1,5,1,1,23,4,1,0,0,0,3,1,0,4,4,5,3,9
2023.0,-93.0,0.0,0.0,3,6,3,1,0,0,1,2,1,1,0,0,2,1,1,10,5,1,1,0,0,2,1,0,10,7,5,8,3
2023.0,0.0,0.0,0.0,3,4,3,1,0,0,1,5,1,1,0,1,2,1,1,12,5,1,1,0,0,2,1,0,4,2,5,9,3
2023.0,0.0,0.0,0.0,3,4,3,0,0,0,0,5,1,1,0,1,2,1,1,12,5,1,1,0,0,2,1,0,4,4,5,3,9
2023.0,-118.0,0.0,0.0,3,5,3,0,0,0,1,2,1,1,0,0,2,1,1,15,5,1,1,0,0,1,1,0,6,5,5,8,1
2023.0,-260.0,0.0,0.0,3,4,3,0,0,0,1,2,1,1,0,0,1,1,1,15,5,1,1,0,0,2,2,0,0,2,5,3,9
2023.0,-35.0,0.0,0.0,3,6,0,0,0,0,1,1,0,1,0,1,1,1,1,17,5,1,1,1,0,1,1,0,10,8,5,8,3
2023.0,-150.0,0.0,0.0,3,6,0,0,0,0,1,1,1,1,0,0,1,1,1,18,5,1,1,1,0,1,1,0,10,8,5,8,3
2023.0,-100.0,0.0,0.0,3,6,0,0,0,0,1,2,1,1,0,0,2,1,1,21,5,1,1,0,0,1,2,0,6,8,5,8,3
2023.0,-100.0,0.0,0.0,3,6,0,0,0,0,0,2,1,1,0,1,2,1,1,21,5,1,1,0,0,2,1,0,6,8,5,8,3
2023.0,-25.0,0.0,0.0,3,6,0,0,0,0,1,1,0,1,0,0,1,1,1,21,5,1,1,0,0,1,0,0,4,2,5,3,3
2023.0,0.0,0.0,0.0,3,2,0,0,0,0,1,5,0,0,0,0,9,1,1,0,6,1,1,0,0,2,1,0,4,2,5,3,3
2023.0,-25.0,0.0,0.0,3,6,3,3,4,0,0,1,1,1,0,0,1,1,1,7,6,1,1,1,1,2,2,0,6,8,5,3,3
2023.0,0.0,1.0,0.0,3,2,3,1,4,0,1,2,1,1,0,0,9,1,1,9,6,1,1,1,1,1,1,0,4,2,5,3,3
2023.0,-115.0,0.0,0.0,3,6,3,1,4,0,1,2,1,1,0,1,2,1,1,10,6,1,1,0,1,1,1,0,10,7,5,3,3
2023.0,-430.0,0.0,0.0,3,2,3,1,0,0,1,2,1,1,0,0,2,1,1,10,6,1,1,0,0,1,1,0,0,9,5,8,9
2023.0,115.0,0.0,0.0,3,5,3,1,4,0,0,8,1,1,1,1,9,1,1,11,6,1,1,0,1,3,1,0,6,5,5,6,5
2023.0,0.0,0.0,0.0,3,2,3,1,0,0,1,9,1,1,0,1,2,1,1,16,6,1,1,1,0,0,1,0,4,2,5,3,3
2023.0,0.0,0.0,0.0,3,2,4,0,0,0,1,1,1,1,0,1,2,1,1,17,6,1,1,1,0,1,2,0,4,2,5,3,3
2023.0,0.0,0.0,0.0,3,4,0,0,0,0,0,9,1,1,0,0,5,1,1,21,6,1,1,0,0,2,2,0,10,2,5,3,9
2023.0,0.0,0.0,0.0,3,10,0,1,4,0,1,9,1,1,0,0,9,1,1,7,0,1,0,1,1,0,1,0,3,7,5,8,3
2023.0,-80.0,0.0,0.0,3,6,3,1,0,0,1,1,1,1,0,1,1,1,1,12,0,1,0,0,0,1,1,0,10,8,5,8,3
2023.0,0.0,0.0,0.0,3,6,3,1,4,0,1,7,1,1,0,1,7,1,1,13,0,1,0,0,1,1,1,0,4,7,5,9,9
2023.0,-50.0,0.0,0.0,3,10,3,0,0,0,2,1,1,1,0,0,1,1,1,14,0,1,0,0,0,3,0,0,4,9,5,3,2
2023.0,-150.0,0.0,0.0,3,6,3,1,4,0,0,2,1,1,0,0,2,1,1,15,0,1,0,0,1,2,1,0,10,7,5,8,3
2023.0,0.0,1.0,0.0,3,4,3,1,0,0,0,5,1,1,0,1,2,1,1,17,0,1,0,1,0,2,1,0,4,2,5,3,9
2023.0,298.0,0.0,0.0,3,6,0,1,0,0,1,2,1,1,0,1,2,1,1,20,0,1,0,0,0,2,1,0,3,7,5,8,3
2023.0,35.0,0.0,0.0,3,10,0,0,0,0,1,9,1,1,0,1,9,1,1,21,0,1,0,0,0,2,1,0,6,9,5,3,3
2023.0,-100.0,0.0,0.0,3,12,0,4,3,0,2,8,1,1,1,1,8,1,1,2,1,1,0,0,0,3,1,0,6,5,5,6,5
2023.0,0.0,1.0,0.0,3,4,3,0,0,0,0,1,1,1,0,1,9,1,1,8,1,1,0,1,0,2,2,0,4,2,5,3,9
2023.0,0.0,0.0,0.0,3,9,3,0,0,0,1,9,1,1,0,0,1,1,1,10,1,1,0,0,0,0,2,0,4,2,5,3,9
2023.0,0.0,1.0,0.0,2,2,3,0,0,0,1,5,1,1,0,0,9,1,1,10,1,1,0,0,0,1,1,0,4,5,5,3,9
2023.0,-402.0,0.0,0.0,3,6,3,0,0,0,1,9,1,1,0,1,9,1,1,11,1,1,0,0,0,0,2,0,6,7,5,8,3
2023.0,0.0,0.0,0.0,3,10,3,0,0,0,0,5,1,1,0,1,5,1,1,14,1,1,0,0,0,1,1,0,4,5,5,9,9
2023.0,182.0,0.0,0.0,3,6,3,0,0,0,1,1,1,1,0,0,1,1,1,15,1,1,0,0,0,2,2,0,6,7,5,3,3
2023.0,120.0,0.0,0.0,3,6,0,0,0,0,0,5,1,1,0,0,5,1,1,18,1,1,0,1,0,0,1,0,6,8,5,8,3
2023.0,0.0,0.0,0.0,3,6,0,3,0,0,1,1,1,1,0,1,1,1,1,18,1,1,0,1,0,2,0,0,10,7,5,8,3
2023.0,0.0,0.0,0.0,3,4,0,0,0,0,0,9,1,1,0,1,9,1,1,19,1,1,0,1,0,1,1,0,5,5,5,9,9
2023.0,0.0,0.0,0.0,3,4,0,0,0,0,0,3,1,1,0,1,9,1,1,19,1,1,0,1,0,2,1,0,4,2,5,3,9
2023.0,0.0,1.0,0.0,2,2,0,0,0,0,1,5,1,1,0,1,1,1,1,3,2,1,0,0,0,1,1,0,4,2,5,3,3
2023.0,0.0,1.0,0.0,3,2,3,0,0,0,0,2,1,1,0,0,9,1,1,9,2,1,0,1,0,0,0,0,5,2,5,3,3
2023.0,-993.0,1.0,0.0,3,4,3,0,0,0,0,2,1,1,0,0,9,1,1,9,2,1,0,1,0,2,1,0,0,2,5,3,9
2023.0,69.0,0.0,0.0,3,10,3,0,0,0,1,1,1,1,0,1,1,1,1,10,2,1,0,0,0,0,1,0,6,9,5,3,2
2023.0,0.0,0.0,0.0,3,4,3,0,0,0,1,1,1,1,0,0,2,1,1,10,2,1,0,0,0,1,2,0,5,2,5,3,9
2023.0,-50.0,0.0,0.0,3,10,3,0,0,0,2,5,1,1,0,0,9,1,1,13,2,1,0,0,0,3,2,0,0,2,5,3,9
2023.0,-50.0,0.0,0.0,3,2,3,0,0,0,1,1,1,1,0,0,1,1,1,13,2,1,0,0,0,1,2,0,4,9,5,3,2
2023.0,237.0,0.0,0.0,3,2,3,0,0,0,0,2,1,1,0,1,1,1,1,14,2,1,0,0,0,0,2,0,0,2,5,3,9
2023.0,0.0,0.0,0.0,3,2,3,0,0,0,1,2,1,1,0,0,9,1,1,15,2,1,0,0,0,2,1,0,5,2,5,3,3
2023.0,321.0,0.0,0.0,3,4,3,0,0,0,1,5,1,1,0,1,9,1,1,15,2,1,0,0,0,1,1,0,6,2,5,8,9
2023.0,0.0,0.0,0.0,3,2,3,0,0,0,0,5,1,1,0,1,1,1,1,16,2,1,0,1,0,0,0,0,4,2,5,3,9
2023.0,0.0,0.0,0.0,3,4,3,0,0,0,1,5,1,1,0,1,9,1,1,16,2,1,0,1,0,1,0,0,5,2,5,3,9
2023.0,0.0,1.0,0.0,2,4,4,0,0,0,0,1,1,1,0,1,9,1,1,17,2,1,0,1,0,1,1,0,6,2,5,3,9
2023.0,-453.0,5.0,0.0,3,6,4,0,0,0,1,1,1,1,0,0,1,1,1,18,2,1,0,1,0,1,1,0,10,8,5,8,3
2023.0,713.0,1.0,0.0,3,2,1,0,0,0,1,2,1,1,0,1,1,1,1,20,2,1,0,0,0,1,1,0,0,2,5,3,9
2023.0,-323.0,0.0,0.0,3,2,3,0,0,0,0,9,1,1,0,0,2,1,1,7,3,1,0,1,0,1,1,0,6,4,5,3,9
2023.0,586.0,1.0,0.0,2,4,3,0,0,0,1,2,1,1,3,1,2,1,1,8,3,1,0,1,0,1,0,0,0,2,6,7,9
2023.0,0.0,0.0,0.0,3,2,3,0,0,0,1,5,1,1,0,1,1,1,1,8,3,1,0,1,0,1,1,0,5,2,5,9,3
2023.0,30.0,0.0,0.0,3,10,3,0,0,0,0,5,1,1,0,1,5,1,1,12,3,1,0,0,0,0,0,0,10,7,5,8,9
2023.0,-15.0,0.0,0.0,3,6,3,0,0,0,1,2,1,1,0,0,4,1,1,14,3,1,0,0,0,1,1,0,10,7,5,8,9
2023.0,165.0,1.0,0.0,3,4,3,0,0,0,0,9,1,1,0,1,2,1,1,15,3,1,0,0,0,1,2,0,0,2,5,3,9
2023.0,-974.0,0.0,0.0,3,10,3,0,0,0,0,5,1,1,0,1,5,1,1,16,3,1,0,1,0,1,1,0,6,9,5,3,2
2023.0,0.0,0.0,0.0,3,10,2,0,0,0,1,5,1,0,0,0,9,1,1,16,3,1,0,1,0,1,1,0,5,4,5,3,9
2023.0,500.0,0.0,0.0,3,4,3,0,0,0,1,1,1,1,0,0,5,1,1,16,3,1,0,1,0,2,2,0,6,2,5,3,9
2023.0,-313.0,1.0,0.0,3,10,3,0,0,0,0,1,1,1,2,1,1,1,1,17,3,1,0,1,0,1,1,0,6,9,5,3,9
2023.0,0.0,0.0,0.0,3,6,0,0,0,0,1,2,1,1,0,1,2,1,1,18,3,1,0,1,0,1,1,0,6,7,7,3,3
2023.0,66.0,2.0,0.0,3,10,0,0,0,0,0,1,1,1,0,1,1,1,1,19,3,1,0,1,0,2,1,0,10,9,5,3,9
2023.0,0.0,1.0,0.0,3,4,0,0,0,0,0,4,0,1,0,0,5,1,1,20,3,1,0,0,0,1,2,0,4,2,5,3,9
2023.0,0.0,0.0,0.0,3,4,0,0,0,0,1,5,1,1,0,0,2,1,1,21,3,1,0,0,0,1,1,0,5,2,5,3,9
2023.0,-66.0,0.0,0.0,3,2,0,0,0,0,1,5,0,1,0,1,2,1,1,2,4,1,0,0,0,2,1,0,10,5,5,8,9
2023.0,0.0,0.0,0.0,3,10,2,0,0,0,1,2,1,1,0,0,2,1,1,6,4,1,0,0,0,1,1,0,6,9,5,3,2
2023.0,0.0,0.0,0.0,3,6,3,0,0,0,1,2,1,1,0,0,2,1,1,8,4,1,0,1,0,0,2,0,3,8,5,8,9
2023.0,-111.0,1.0,0.0,3,10,3,0,0,0,0,1,1,1,0,0,1,1,1,9,4,1,0,1,0,1,1,0,10,9,5,3,2
2023.0,390.0,2.0,0.0,2,2,3,0,0,0,1,5,1,1,0,1,2,1,1,9,4,1,0,1,0,0,1,0,0,2,5,3,9
2023.0,35.0,1.0,0.0,2,2,3,0,0,0,1,5,1,1,3,1,1,1,1,14,4,1,0,0,0,2,2,0,10,2,5,7,9
2023.0,-50.0,0.0,0.0,3,2,3,0,0,0,0,1,1,1,0,0,5,1,1,14,4,1,0,0,0,3,2,0,0,2,5,3,9
2023.0,50.0,0.0,0.0,3,10,3,0,0,0,2,8,1,1,0,1,5,1,1,14,4,1,0,0,0,3,0,0,10,5,5,9,5
2023.0,-81.0,0.0,0.0,3,6,3,0,0,0,1,2,1,1,0,0,2,1,1,15,4,1,0,0,0,1,1,0,10,8,5,8,3
2023.0,-315.0,0.0,0.0,3,6,3,0,0,0,0,5,1,1,0,0,5,1,1,16,4,1,0,1,0,2,1,0,6,7,5,8,3
2023.0,0.0,0.0,0.0,3,10,3,0,0,0,2,9,1,1,0,1,9,1,1,17,4,1,0,1,0,3,1,0,4,9,5,3,2
2023.0,0.0,2.0,0.0,2,6,0,0,0,0,1,5,1,1,0,0,5,1,1,17,4,1,0,1,0,1,2,0,3,7,5,8,3
2023.0,0.0,1.0,0.0,3,4,3,0,0,0,0,9,1,1,0,1,2,1,1,17,4,1,0,1,0,1,1,0,4,5,5,9,3
2023.0,0.0,1.0,0.0,1,2,0,1,0,0,0,1,1,1,0,1,5,1,1,20,4,1,0,0,0,2,2,0,5,2,7,3,9
2023.0,12.0,0.0,0.0,3,6,0,0,0,0,1,5,0,1,0,1,5,1,1,22,4,1,0,0,0,1,2,0,10,7,5,8,3
2023.0,-458.0,1.0,0.0,3,2,3,0,0,0,1,9,1,1,0,0,2,1,1,14,5,1,1,0,0,2,1,0,0,2,5,3,9
2023.0,0.0,2.0,0.0,1,4,3,0,0,0,1,5,0,1,0,0,2,1,1,16,5,1,1,1,0,2,0,0,4,7,5,9,3
2023.0,0.0,0.0,0.0,3,2,3,0,0,0,2,5,1,1,0,0,9,1,1,17,5,1,1,1,0,3,2,0,4,2,5,3,3
2023.0,200.0,0.0,0.0,3,10,0,0,0,0,2,1,1,1,0,0,1,1,1,17,5,1,1,1,0,3,0,0,6,9,5,6,2
2023.0,16.0,0.0,0.0,3,10,4,0,0,0,1,2,1,1,0,0,2,1,1,18,5,1,1,1,0,2,0,0,10,5,5,3,2
2023.0,35.0,0.0,0.0,3,3,0,1,0,0,0,2,1,1,0,1,5,1,1,19,5,1,1,1,0,0,1,0,5,9,5,8,3
2023.0,-125.0,0.0,0.0,3,10,0,0,0,0,2,5,1,1,0,1,5,1,1,20,5,1,1,0,0,3,0,0,6,9,5,3,3
2023.0,0.0,0.0,0.0,3,10,0,0,0,0,2,1,1,1,0,0,9,1,1,20,5,1,1,0,0,3,2,0,5,2,5,9,9
2023.0,-200.0,0.0,0.0,3,10,0,0,0,0,2,5,1,1,0,1,5,1,1,22,5,1,1,0,0,3,1,0,10,9,5,3,2
2023.0,-425.0,0.0,0.0,3,2,0,0,0,0,0,5,1,1,0,1,9,1,1,22,5,1,1,0,0,2,1,0,0,2,5,3,9
2023.0,0.0,0.0,0.0,3,2,0,0,0,0,1,1,1,1,0,0,2,1,1,2,6,1,1,0,0,1,2,0,4,7,5,9,3
2023.0,0.0,1.0,0.0,2,9,3,0,0,0,1,5,1,1,0,1,1,1,1,8,6,1,1,1,0,1,1,0,4,2,5,3,3
2023.0,142.0,0.0,0.0,3,10,3,0,0,0,1,1,1,1,0,0,1,1,1,11,6,1,1,0,0,1,1,0,10,9,5,3,3
2023.0,-459.0,0.0,0.0,3,2,3,1,0,0,0,9,1,1,0,0,2,1,1,14,6,1,1,0,0,0,1,0,0,2,5,3,3
2023.0,0.0,0.0,0.0,3,2,3,1,0,0,0,2,1,1,0,1,5,1,1,15,6,1,1,0,0,1,1,0,4,2,5,3,9
2023.0,-63.0,0.0,0.0,3,10,0,0,0,0,1,9,1,1,1,1,9,1,1,18,6,1,1,1,0,2,1,0,6,7,5,6,3
2023.0,0.0,3.0,0.0,2,2,4,0,0,0,1,2,1,1,0,0,5,1,1,19,6,1,1,1,0,2,2,0,5,2,5,3,9
2023.0,-48.0,0.0,0.0,3,2,0,0,0,0,1,5,1,1,0,1,5,1,1,20,6,1,1,0,0,1,1,0,10,2,5,3,9
2023.0,32.0,1.0,0.0,2,6,0,4,3,0,0,1,1,1,1,1,1,1,1,1,0,1,0,0,0,2,0,0,6,5,5,6,3
2023.0,0.0,3.0,0.0,3,2,2,0,0,0,1,9,1,1,0,1,3,1,1,6,0,1,0,0,0,1,2,0,4,2,5,9,3
2023.0,143.0,0.0,0.0,3,10,3,0,0,0,0,1,1,1,0,0,1,1,1,9,0,1,0,1,0,0,1,0,6,9,5,3,2
2023.0,-120.0,0.0,0.0,3,6,3,0,0,0,1,1,1,1,0,1,1,1,1,9,0,1,0,1,0,0,0,0,10,7,5,8,3
2023.0,250.0,0.0,0.0,3,2,3,0,0,0,0,9,1,1,0,0,1,1,1,10,0,1,0,0,0,1,1,0,6,4,5,3,9
2023.0,1000.0,0.0,0.0,3,6,3,0,0,0,1,5,1,1,0,1,5,1,1,10,0,1,0,0,0,0,0,0,6,5,5,5,5
2023.0,-155.0,0.0,0.0,3,6,3,0,0,0,0,2,1,1,0,1,2,1,1,10,0,1,0,0,0,2,1,0,10,7,5,8,3
2023.0,0.0,0.0,0.0,3,4,3,0,3,0,0,1,1,1,0,1,9,1,1,12,0,1,0,0,0,0,2,0,10,2,5,3,9
2023.0,-225.0,0.0,0.0,3,6,3,1,0,0,1,1,1,1,0,1,1,1,1,13,0,1,0,0,0,2,2,0,10,7,5,9,9
2023.0,200.0,0.0,0.0,3,12,5,4,0,0,2,8,1,1,0,1,8,1,1,14,0,1,0,0,0,3,2,0,6,5,5,5,5
2023.0,510.0,0.0,0.0,3,10,3,0,0,0,1,9,1,1,0,1,9,1,1,14,0,1,0,0,0,1,1,0,6,5,5,8,2
2023.0,-298.0,0.0,0.0,3,6,3,0,0,0,2,2,1,1,0,0,2,1,1,14,0,1,0,0,0,3,0,0,6,7,5,8,3
2023.0,0.0,0.0,0.0,3,4,3,1,0,0,0,5,1,1,0,1,2,1,1,15,0,1,0,0,0,1,2,0,4,2,5,3,9
2023.0,1570.0,0.0,0.0,3,10,2,1,0,0,1,1,1,1,1,1,1,1,1,16,0,1,0,1,0,0,1,0,6,9,5,6,2
2023.0,-480.0,2.0,0.0,2,4,3,0,0,0,1,9,1,1,0,1,1,1,1,17,0,1,0,1,0,2,2,0,5,4,5,3,9
2023.0,0.0,2.0,0.0,3,6,4,1,0,0,0,1,1,1,0,0,5,1,1,17,0,1,0,1,0,1,1,0,4,2,5,3,3
2023.0,0.0,1.0,0.0,2,4,3,0,0,0,0,4,1,1,0,0,5,1,1,17,0,1,0,1,0,1,1,0,5,2,5,3,9
2023.0,45.0,0.0,0.0,3,6,0,0,0,0,2,9,1,1,0,0,9,1,1,19,0,1,0,1,0,3,1,0,10,7,5,3,3
2023.0,0.0,0.0,0.0,3,2,0,0,0,0,1,2,1,1,0,1,2,1,1,22,0,1,0,0,0,1,1,0,4,4,5,3,9
2023.0,54.0,0.0,0.0,3,6,0,0,0,0,1,1,1,1,0,1,2,1,1,5,1,1,0,0,0,1,0,0,5,5,5,3,3
2023.0,98.0,1.0,0.0,3,6,3,0,0,0,1,9,1,1,0,0,9,1,1,6,1,1,0,0,0,1,1,0,10,8,5,8,3
2023.0,-200.0,0.0,0.0,3,12,3,0,0,0,1,1,1,1,0,0,1,1,1,8,1,1,0,1,0,2,2,0,6,5,5,5,5
2023.0,0.0,0.0,0.0,3,2,3,0,0,0,0,5,1,1,0,0,9,1,1,14,1,1,0,0,0,1,1,0,5,5,5,3,5
2023.0,0.0,0.0,0.0,3,6,3,0,0,0,1,9,1,1,0,1,9,1,1,15,1,1,0,0,0,2,2,0,3,8,5,9,8
2023.0,-135.0,0.0,0.0,3,6,3,0,0,0,0,9,1,1,0,1,9,1,1,15,1,1,0,0,0,1,2,0,10,8,5,8,3
2023.0,0.0,0.0,0.0,3,2,3,0,0,0,1,2,1,1,0,1,5,1,1,16,1,1,0,1,0,1,1,0,4,2,5,9,3
2023.0,34.0,0.0,0.0,3,4,3,0,0,0,1,4,1,1,0,1,1,1,1,16,1,1,0,1,0,1,0,0,0,4,5,3,9
2023.0,-33.0,0.0,0.0,3,6,3,0,0,0,0,1,1,1,0,0,1,1,1,17,1,1,0,1,0,1,0,0,10,8,5,8,3
2023.0,129.0,2.0,0.0,3,6,3,0,0,0,0,2,1,1,0,0,2,1,1,17,1,1,0,1,0,1,1,0,10,8,5,8,3
2023.0,-636.0,0.0,0.0,3,2,0,0,0,0,0,1,1,1,0,1,5,1,1,18,1,1,0,1,0,1,1,0,0,2,5,3,9
2023.0,100.0,0.0,0.0,3,6,0,0,0,0,1,5,0,1,0,1,5,1,1,22,1,1,0,0,0,1,2,0,10,7,5,8,3
2023.0,0.0,0.0,0.0,3,2,3,0,0,0,0,9,1,1,0,0,5,1,1,7,2,1,0,1,0,1,1,0,4,5,5,9,3
2023.0,-80.0,1.0,0.0,3,6,3,0,0,0,1,2,1,1,0,1,2,1,1,7,2,1,0,1,0,2,1,0,10,7,5,8,3
2023.0,230.0,0.0,0.0,3,6,3,0,0,0,1,2,1,1,0,0,2,1,1,8,2,1,0,1,0,2,2,0,10,8,5,8,3
2023.0,0.0,0.0,0.0,3,2,3,0,0,0,0,1,1,1,0,0,2,1,1,14,2,1,0,0,0,2,1,0,4,2,5,3,3
2023.0,-25.0,0.0,0.0,3,6,3,0,0,0,2,1,1,1,0,0,1,1,1,16,2,1,0,1,0,3,1,0,10,8,5,8,3
2023.0,0.0,1.0,0.0,2,2,4,0,0,0,1,2,1,1,0,1,1,1,1,16,2,1,0,1,0,1,1,0,4,2,5,3,3
2023.0,0.0,0.0,0.0,3,4,0,0,0,0,1,5,1,1,0,1,2,1,1,18,2,1,0,1,0,0,2,0,4,2,5,3,9
2023.0,-248.0,1.0,0.0,3,6,0,0,0,0,1,5,1,1,0,1,5,1,1,18,2,1,0,1,0,1,1,0,6,8,5,8,3
2023.0,-65.0,1.0,0.0,3,6,0,0,0,0,1,2,1,1,0,1,2,1,1,19,2,1,0,1,0,1,2,0,10,7,5,8,3
2023.0,-73.0,1.0,0.0,3,6,0,0,0,0,0,9,1,1,0,1,9,1,1,19,2,1,0,1,0,1,2,0,6,8,5,8,3
2023.0,382.0,0.0,0.0,3,6,0,0,0,0,1,9,1,1,0,0,9,1,1,21,2,1,0,0,0,1,0,0,6,8,5,8,3
2023.0,0.0,2.0,0.0,2,4,0,0,0,0,1,1,1,1,0,0,9,1,1,6,3,1,0,0,0,1,1,0,4,2,5,3,9
2023.0,966.0,0.0,0.0,3,10,3,0,0,0,2,9,1,1,1,1,9,1,1,8,3,1,0,1,0,3,1,0,6,9,5,6,3
2023.0,54.0,0.0,0.0,3,10,3,0,0,0,0,2,1,1,0,0,1,1,1,10,3,1,0,0,0,0,2,0,10,2,5,3,9
2023.0,0.0,0.0,0.0,3,10,3,0,0,0,0,3,1,1,0,0,3,1,1,11,3,1,0,0,0,1,2,0,5,5,5,5,5
2023.0,440.0,1.0,0.0,3,5,3,0,0,3,0,9,1,1,0,1,2,1,1,11,3,1,0,0,0,2,2,0,6,5,5,3,7
2023.0,121.0,1.0,0.0,3,6,3,0,0,0,0,5,1,1,0,0,5,1,1,12,3,1,0,0,0,2,1,0,10,8,5,3,3
2023.0,0.0,0.0,0.0,3,2,3,0,0,0,1,1,1,1,0,0,5,1,1,13,3,1,0,0,0,1,1,0,4,2,5,3,9
2023.0,15.0,0.0,0.0,3,10,3,0,0,0,2,9,1,1,0,1,9,1,1,14,3,1,0,0,0,3,1,0,0,9,5,3,2