Year,Distance,Totalinjuries,Totalfatalities,Injuryseverity,Collisionmanner,Lightcondition,Weather,SurfaceCondition,Unittype_One,Gender_Drv1,Traveldirection_One,AlcoholUse_Drv1,DrugUse_Drv1,Unittype_Two,Gender_Drv2,Traveldirection_Two,AlcoholUse_Drv2,DrugUse_Drv2,Hour,Weekday,Month,Weekend,Rush_Hour,Hazardous_Road,Age_Group_Drv1,Age_Group_Drv2,Substance_Use,Junction_Category,Violation_Category_Drv1,Violation_Category_Drv2,Unitaction_Category_Two,Unitaction_Category_One
2023.0,-400.0,0.0,0.0,3,3,3,0,0,0,1,2,1,1,0,1,1,1,1,16,3,1,0,1,0,1,1,0,0,2,5,3,9
2023.0,0.0,0.0,0.0,3,10,3,0,0,0,1,9,1,1,0,1,9,1,1,16,3,1,0,1,0,1,2,0,5,5,5,9,9
2023.0,-632.0,2.0,0.0,1,5,4,0,0,3,1,5,1,1,0,0,1,1,1,17,3,1,0,1,0,1,1,0,6,5,5,3,7
2023.0,-785.0,0.0,0.0,3,6,4,0,0,0,1,1,1,1,0,1,1,1,1,18,3,1,0,1,0,1,1,0,10,8,5,8,3
2023.0,0.0,0.0,0.0,3,4,0,0,0,0,1,1,1,1,0,1,9,1,1,18,3,1,0,1,0,2,1,0,4,2,5,3,9
2023.0,-200.0,1.0,0.0,3,6,0,0,0,0,2,1,1,1,0,1,1,1,1,18,3,1,0,1,0,3,1,0,10,5,5,3,3
2023.0,0.0,2.0,0.0,3,4,0,0,0,0,0,2,1,1,0,0,5,1,1,19,3,1,0,1,0,0,1,0,4,2,5,3,9
2023.0,51.0,1.0,0.0,2,6,0,0,0,0,1,5,0,1,0,1,5,1,1,1,4,1,0,0,0,1,2,0,4,8,5,3,3
2023.0,100.0,0.0,0.0,3,10,5,0,0,0,1,1,1,1,0,1,1,1,1,7,4,1,0,1,0,1,0,0,10,4,5,3,9
2023.0,-125.0,1.0,0.0,1,4,3,0,0,0,0,1,1,1,0,0,5,1,1,10,4,1,0,0,0,2,1,0,6,2,5,3,9
2023.0,0.0,0.0,0.0,3,6,3,0,1,0,0,2,1,1,0,1,2,1,1,11,4,1,0,0,0,2,1,0,10,7,5,8,3
2023.0,-200.0,0.0,0.0,3,10,3,0,0,0,1,1,1,1,0,1,1,1,1,13,4,1,0,0,0,0,1,0,6,9,5,8,3
2023.0,-101.0,0.0,0.0,3,2,3,0,0,0,1,1,1,1,0,1,1,1,1,15,4,1,0,0,0,1,1,0,10,9,5,3,9
2023.0,232.0,0.0,0.0,3,2,3,0,0,0,1,1,1,1,0,0,5,1,1,16,4,1,0,1,0,1,1,0,6,4,5,3,9
2023.0,0.0,0.0,0.0,3,10,3,0,0,0,1,4,1,1,0,1,4,1,1,17,4,1,0,1,0,2,0,0,4,9,5,9,9
2023.0,0.0,3.0,0.0,2,4,0,0,0,0,0,9,1,1,0,1,1,1,1,19,4,1,0,1,0,2,1,0,5,2,5,3,9
2023.0,-5.0,1.0,0.0,2,5,0,0,0,2,0,9,1,1,0,0,2,1,1,20,4,1,0,0,0,3,1,0,10,2,5,3,3
2023.0,5.0,0.0,0.0,3,6,0,0,0,0,1,2,1,1,0,1,2,1,1,3,5,1,1,0,0,3,1,0,6,2,5,8,3
2023.0,420.0,0.0,0.0,3,6,0,0,0,0,0,5,0,1,0,1,5,1,1,4,5,1,1,0,0,2,1,0,6,7,5,3,3
2023.0,0.0,0.0,0.0,3,4,3,0,0,0,0,6,1,1,0,1,2,1,1,12,5,1,1,0,0,1,1,0,5,4,5,3,9
2023.0,50.0,0.0,0.0,3,6,3,0,0,0,1,5,1,1,0,1,5,1,1,12,5,1,1,0,0,2,1,0,6,7,5,3,3
2023.0,263.0,1.0,0.0,3,6,3,0,0,0,0,5,1,1,0,1,5,1,1,14,5,1,1,0,0,1,1,0,6,8,5,8,3
2023.0,-86.0,0.0,0.0,3,6,3,0,0,0,0,2,1,1,0,1,2,1,1,15,5,1,1,0,0,1,0,0,10,7,5,3,3
2023.0,-160.0,0.0,0.0,3,2,3,0,0,0,0,1,1,1,0,0,5,1,1,16,5,1,1,1,0,1,1,0,6,2,5,3,9
2023.0,87.0,0.0,0.0,3,6,3,0,0,0,0,5,1,1,1,1,5,1,1,16,5,1,1,1,0,2,1,0,6,7,5,6,3
2023.0,20.0,0.0,0.0,3,10,0,0,0,0,2,9,1,1,0,1,9,1,1,19,5,1,1,1,0,3,1,0,10,7,5,3,2
2023.0,200.0,0.0,0.0,3,6,0,0,0,0,1,2,1,1,0,1,2,1,1,20,5,1,1,0,0,2,1,0,6,8,5,3,3
2023.0,-65.0,0.0,0.0,3,10,0,0,0,0,1,1,1,1,0,0,1,1,1,21,5,1,1,0,0,0,1,0,10,5,5,8,3
2023.0,50.0,0.0,0.0,3,6,0,0,0,0,2,9,1,1,0,1,9,1,1,4,6,1,1,0,0,3,2,0,10,8,5,3,3
2023.0,99.0,0.0,0.0,3,6,3,0,0,0,1,5,1,1,0,0,5,1,1,12,6,1,1,0,0,2,1,0,10,7,5,8,3
2023.0,-235.0,0.0,0.0,3,6,3,0,0,0,1,2,1,1,1,1,2,1,1,15,6,1,1,0,0,1,1,0,6,7,5,6,3
2023.0,0.0,0.0,0.0,3,6,0,0,0,0,1,1,1,1,0,1,1,1,1,18,6,1,1,1,0,0,2,0,6,7,5,3,3
2023.0,0.0,0.0,0.0,3,4,0,0,0,0,0,9,1,1,0,0,1,1,1,22,6,1,1,0,0,1,1,0,4,2,5,3,9
2023.0,-150.0,0.0,0.0,3,10,0,0,0,0,1,2,1,1,0,0,2,1,1,6,0,1,0,0,0,1,1,0,6,9,5,3,9
2023.0,-1400.0,0.0,0.0,3,2,3,1,0,0,1,9,1,1,0,0,5,1,1,13,0,1,0,0,0,1,1,0,5,2,5,9,3
2023.0,-89.0,0.0,0.0,3,6,3,1,0,0,1,1,0,1,0,0,1,1,1,15,0,1,0,0,0,2,1,0,10,7,5,9,9
2023.0,85.0,1.0,0.0,3,10,0,0,0,0,0,5,1,1,0,1,5,1,1,19,0,1,0,1,0,1,1,0,10,9,5,3,2
2023.0,-72.0,0.0,0.0,3,5,0,0,0,0,2,5,1,1,0,1,2,1,1,20,0,1,0,0,0,3,2,0,10,5,5,8,1
2023.0,-629.0,0.0,0.0,3,10,0,0,0,0,1,9,1,1,0,0,9,1,1,21,0,1,0,0,0,1,2,0,6,9,5,3,2
2023.0,0.0,1.0,0.0,2,4,0,0,0,0,1,1,1,1,0,1,9,1,1,21,0,1,0,0,0,2,1,0,5,2,5,3,9
2023.0,-1035.0,1.0,0.0,3,6,3,1,0,0,1,1,1,1,0,1,1,1,1,7,1,1,0,1,0,2,0,0,6,7,5,8,3
2023.0,-25.0,0.0,0.0,3,6,3,0,0,0,0,1,1,1,0,0,1,1,1,8,1,1,0,1,0,1,1,0,6,7,5,8,3
2023.0,1.0,0.0,0.0,3,6,3,1,0,0,0,1,1,1,0,0,1,1,1,9,1,1,0,1,0,1,1,0,10,7,5,8,9
2023.0,0.0,0.0,0.0,3,4,3,1,0,0,1,5,1,1,0,1,9,1,1,10,1,1,0,0,0,1,2,0,5,2,5,9,3
2023.0,-10.0,0.0,0.0,3,10,3,0,0,0,1,2,1,1,0,0,2,1,1,11,1,1,0,0,0,0,1,0,10,5,5,9,9
2023.0,-330.0,0.0,0.0,3,4,3,0,0,0,1,9,1,1,0,0,5,1,1,12,1,1,0,0,0,0,1,0,6,2,5,8,9
2023.0,300.0,0.0,0.0,3,10,3,0,0,0,0,1,1,1,0,0,1,1,1,13,1,1,0,0,0,2,1,0,6,5,5,5,5
2023.0,165.0,0.0,0.0,3,5,3,0,0,0,1,2,1,1,0,0,5,1,1,13,1,1,0,0,0,2,2,0,6,5,5,8,1
2023.0,0.0,1.0,0.0,3,5,3,0,0,0,2,2,1,1,2,1,9,1,1,13,1,1,0,0,0,3,2,0,0,7,5,3,9
2023.0,0.0,0.0,0.0,3,6,3,0,0,0,1,9,1,1,0,1,9,1,1,14,1,1,0,0,0,1,2,0,6,5,5,9,9
2023.0,-150.0,0.0,0.0,3,6,3,0,0,0,1,1,0,1,0,0,1,1,1,15,1,1,0,0,0,0,0,0,6,7,5,3,3
2023.0,0.0,0.0,0.0,3,4,3,0,0,0,1,2,1,1,0,0,1,1,1,15,1,1,0,0,0,1,1,0,4,2,5,9,3
2023.0,-135.0,0.0,0.0,3,6,3,0,0,0,1,1,1,1,0,1,1,1,1,16,1,1,0,1,0,1,2,0,10,9,7,3,2
2023.0,0.0,1.0,0.0,3,2,0,0,0,0,1,1,1,1,0,1,5,1,1,19,1,1,0,1,0,1,1,0,4,5,5,3,3
2023.0,76.0,0.0,0.0,3,6,0,0,0,0,0,9,1,1,0,1,9,1,1,20,1,1,0,0,0,2,2,0,10,8,5,8,3
2023.0,0.0,0.0,0.0,3,12,0,4,3,0,2,8,1,1,1,1,5,1,1,6,2,2,0,0,0,3,1,0,6,5,5,6,5
2023.0,0.0,0.0,0.0,3,4,3,0,0,0,0,6,1,1,0,1,3,1,1,7,2,2,0,1,0,1,0,0,4,2,5,3,9
2023.0,0.0,0.0,0.0,3,2,3,0,0,0,0,9,1,1,0,0,2,1,1,9,2,2,0,1,0,1,1,0,5,2,5,3,3
2023.0,-15.0,1.0,0.0,2,5,3,0,0,2,0,9,1,1,0,1,2,1,1,12,2,2,0,0,0,1,0,0,10,5,5,9,7
2023.0,50.0,0.0,0.0,3,6,3,0,0,0,1,5,1,1,0,1,5,1,1,12,2,2,0,0,0,2,1,0,10,7,5,8,3
2023.0,-60.0,0.0,0.0,3,2,3,0,0,0,1,1,1,1,0,0,5,1,1,13,2,2,0,0,0,1,1,0,5,2,5,3,9
2023.0,517.0,2.0,0.0,2,5,3,0,0,3,0,1,0,1,0,1,1,1,1,13,2,2,0,0,0,1,1,0,0,6,5,9,7
2023.0,0.0,1.0,0.0,3,4,3,0,0,0,0,9,1,1,0,0,1,1,1,13,2,2,0,0,0,1,1,0,4,2,5,3,9
2023.0,0.0,1.0,0.0,2,4,3,0,0,0,0,1,1,1,0,0,5,1,1,14,2,2,0,0,0,2,1,0,4,2,5,3,9
2023.0,0.0,1.0,0.0,3,2,3,0,0,0,0,5,1,1,0,1,1,1,1,16,2,2,0,1,0,1,1,0,4,2,5,3,3
2023.0,0.0,0.0,0.0,3,2,3,0,0,0,0,2,1,1,0,1,2,1,1,16,2,2,0,1,0,2,1,0,5,4,5,9,9
2023.0,-117.0,0.0,0.0,3,10,3,0,0,0,0,5,1,1,0,1,5,1,1,18,2,2,0,1,0,2,1,0,6,9,5,3,2
2023.0,0.0,1.0,0.0,3,10,3,0,0,0,1,9,1,1,0,1,9,1,1,7,3,2,0,1,0,0,1,0,4,9,5,3,2
2023.0,0.0,1.0,0.0,3,2,3,0,0,0,0,1,1,1,0,1,9,1,1,8,3,2,0,1,0,0,1,0,4,2,5,3,9
2023.0,0.0,0.0,0.0,3,6,3,0,0,0,1,1,1,1,0,1,9,1,1,11,3,2,0,0,0,1,1,0,10,7,5,8,9
2023.0,-55.0,1.0,0.0,2,5,3,0,0,0,1,2,1,1,3,1,9,1,1,11,3,2,0,0,0,1,0,0,10,2,5,7,9
2023.0,0.0,0.0,0.0,3,2,3,0,0,0,0,1,1,1,0,1,2,1,1,15,3,2,0,0,0,2,0,0,4,2,5,3,3
2023.0,-611.0,0.0,0.0,3,4,3,0,0,0,1,5,1,1,0,0,2,1,1,15,3,2,0,0,0,1,0,0,0,2,5,3,9
2023.0,-278.0,1.0,0.0,2,6,3,0,0,0,1,9,1,1,0,1,9,1,1,16,3,2,0,1,0,2,1,0,6,7,5,8,8
2023.0,507.0,0.0,0.0,3,2,3,0,0,0,1,1,1,1,0,1,1,1,1,16,3,2,0,1,0,2,1,0,6,5,5,2,3
2023.0,0.0,1.0,0.0,3,10,3,0,0,0,2,9,1,1,2,1,9,1,1,17,3,2,0,1,0,3,1,0,5,2,5,3,9
2023.0,0.0,0.0,0.0,3,2,3,0,0,0,1,2,1,1,0,1,5,1,1,17,3,2,0,1,0,1,0,0,4,2,5,8,9
2023.0,-27.0,1.0,0.0,3,5,3,0,0,3,1,2,1,1,0,1,1,1,1,17,3,2,0,1,0,1,1,0,10,2,5,3,5
2023.0,-325.0,0.0,0.0,3,10,3,0,0,0,1,5,1,1,0,1,5,1,1,7,4,2,0,1,0,2,1,0,0,7,5,3,9
2023.0,0.0,1.0,0.0,3,6,3,0,0,0,0,5,1,1,0,1,5,1,1,9,4,2,0,1,0,1,1,0,3,7,5,8,8
2023.0,0.0,0.0,0.0,3,2,3,0,0,0,1,1,1,1,0,0,9,1,1,10,4,2,0,0,0,2,1,0,4,2,5,3,9
2023.0,-258.0,0.0,0.0,3,4,3,0,0,0,1,5,1,1,0,0,9,1,1,10,4,2,0,0,0,2,1,0,0,2,5,3,9
2023.0,285.0,0.0,0.0,3,4,3,0,0,0,1,5,1,1,0,0,5,1,1,11,4,2,0,0,0,1,1,0,6,2,5,3,9
2023.0,0.0,0.0,0.0,3,11,3,1,0,0,1,1,1,1,0,0,9,1,1,12,4,2,0,0,0,1,2,0,5,5,5,3,9
2023.0,0.0,0.0,0.0,3,6,3,0,0,0,2,5,1,1,0,0,5,1,1,13,4,2,0,0,0,3,0,0,6,8,5,8,3
2023.0,0.0,1.0,0.0,3,4,3,1,0,0,1,2,1,1,0,0,5,1,1,14,4,2,0,0,0,1,2,0,5,2,5,9,3
2023.0,20.0,0.0,0.0,3,6,3,1,0,0,1,9,1,1,0,1,9,1,1,15,4,2,0,0,0,0,2,0,10,5,5,8,5
2023.0,217.0,2.0,0.0,2,5,3,0,0,2,0,9,1,1,2,1,9,1,1,15,4,2,0,0,0,1,1,0,0,5,5,7,7
2023.0,0.0,0.0,0.0,3,4,3,0,0,0,1,6,1,1,0,0,9,1,1,16,4,2,0,1,0,0,0,0,4,7,5,8,9
2023.0,-250.0,1.0,0.0,3,4,0,0,0,0,1,5,1,1,0,1,2,1,1,18,4,2,0,1,0,0,2,0,0,2,5,3,9
2023.0,0.0,0.0,0.0,3,4,0,0,0,0,1,9,1,1,0,1,1,1,1,19,4,2,0,1,0,1,1,0,4,5,5,9,3
2023.0,-63.0,0.0,0.0,3,10,0,0,0,0,0,1,1,1,0,1,1,1,1,19,4,2,0,1,0,2,2,0,5,5,5,3,3
2023.0,0.0,1.0,0.0,3,5,0,0,0,2,1,5,1,1,0,0,5,1,1,19,4,2,0,1,0,1,2,0,10,2,5,9,3
2023.0,0.0,0.0,0.0,3,4,0,0,0,0,1,6,1,1,0,0,4,1,1,20,4,2,0,0,0,1,1,0,4,9,5,8,9
2023.0,-50.0,0.0,0.0,3,2,0,0,0,0,1,5,0,1,0,1,2,1,1,0,5,2,1,0,0,2,2,0,10,7,5,9,9
2023.0,0.0,1.0,0.0,3,6,0,0,0,0,1,2,1,1,0,0,2,1,1,5,5,2,1,0,0,0,0,0,3,7,5,3,3
2023.0,-45.0,0.0,0.0,3,6,3,0,0,0,2,2,1,1,0,1,2,1,1,14,5,2,1,0,0,3,2,0,10,8,5,8,3
2023.0,0.0,0.0,0.0,3,4,3,0,0,0,0,1,1,1,0,1,9,1,1,14,5,2,1,0,0,1,2,0,4,4,5,3,9
2023.0,0.0,1.0,0.0,3,2,3,0,0,0,1,1,1,1,0,1,5,1,1,17,5,2,1,1,0,1,1,0,4,2,5,3,3
2023.0,-190.0,1.0,0.0,3,6,0,0,0,0,0,9,1,1,0,0,9,1,1,18,5,2,1,1,0,2,1,0,6,8,5,8,3
2023.0,10.0,0.0,0.0,3,6,0,0,0,0,2,9,1,1,0,0,9,1,1,19,5,2,1,1,0,3,1,0,10,8,5,9,5
2023.0,251.0,0.0,0.0,3,4,0,0,0,0,1,9,1,1,0,0,1,1,1,21,5,2,1,0,0,1,1,0,0,2,5,3,9
2023.0,0.0,0.0,0.0,3,4,0,0,0,0,2,2,1,1,0,0,5,1,1,21,5,2,1,0,0,3,1,0,5,2,5,3,9
2023.0,50.0,0.0,0.0,3,10,5,4,0,0,2,0,1,1,0,1,0,1,1,23,5,2,1,0,0,3,1,0,6,5,5,5,5
2023.0,0.0,0.0,0.0,3,4,0,0,0,0,1,2,1,1,0,1,1,1,1,1,6,2,1,0,0,2,1,0,4,2,5,3,9
2023.0,-100.0,0.0,0.0,3,6,3,0,0,0,0,5,1,1,0,1,5,1,1,8,6,2,1,1,0,1,1,0,10,7,5,8,3
2023.0,50.0,0.0,0.0,3,12,5,0,0,0,2,8,1,1,1,1,1,1,1,11,6,2,1,0,0,3,1,0,6,5,5,6,5
2023.0,72.0,0.0,0.0,3,10,3,0,0,0,0,5,1,1,0,1,5,1,1,17,6,2,1,1,0,1,1,0,6,5,5,5,5
2023.0,-223.0,0.0,0.0,3,6,0,0,0,0,0,9,1,1,0,0,9,1,1,19,6,2,1,1,0,3,1,0,6,8,5,8,3
2023.0,0.0,1.0,0.0,2,10,0,0,0,0,0,6,1,1,0,0,6,1,1,22,6,2,1,0,0,1,1,0,4,5,5,9,9
2023.0,0.0,0.0,0.0,3,10,0,0,0,0,2,6,1,1,0,1,6,1,1,23,6,2,1,0,0,3,2,0,4,9,5,9,9
2023.0,-279.0,0.0,0.0,3,2,3,0,0,0,1,1,1,1,0,0,9,1,1,7,0,2,0,1,0,1,1,0,6,2,5,3,9
2023.0,0.0,0.0,0.0,3,4,3,0,0,0,1,9,1,1,0,0,1,1,1,9,0,2,0,1,0,2,1,0,4,2,5,3,9
2023.0,25.0,1.0,0.0,2,5,3,0,0,0,0,5,1,1,3,0,2,1,1,11,0,2,0,0,0,2,2,0,10,2,5,7,9
2023.0,0.0,1.0,0.0,2,10,3,0,0,0,0,5,1,1,0,1,5,1,1,11,0,2,0,0,0,2,1,0,4,4,5,3,9
2023.0,-95.0,0.0,0.0,3,6,3,0,0,0,0,9,1,1,0,0,9,1,1,12,0,2,0,0,0,2,2,0,6,7,5,8,3
2023.0,155.0,0.0,0.0,3,6,3,0,0,0,1,5,1,1,0,1,5,1,1,13,0,2,0,0,0,2,1,0,10,7,5,8,3
2023.0,0.0,1.0,0.0,2,5,3,0,0,0,0,1,1,1,2,1,2,1,1,14,0,2,0,0,0,0,2,0,10,5,5,3,9
2023.0,0.0,0.0,0.0,3,2,3,0,0,0,1,2,1,1,0,0,1,1,1,15,0,2,0,0,0,1,2,0,6,2,5,3,9
2023.0,-143.0,0.0,0.0,3,10,3,0,0,0,1,5,1,1,0,0,5,1,1,15,0,2,0,0,0,2,0,0,6,2,5,3,6
2023.0,-255.0,1.0,0.0,3,2,3,0,0,0,0,9,1,1,0,1,2,1,1,16,0,2,0,1,0,2,0,0,0,2,5,3,9
2023.0,63.0,1.0,0.0,3,5,3,0,0,3,1,1,1,1,0,0,1,1,1,17,0,2,0,1,0,2,2,0,10,5,5,9,5
2023.0,0.0,0.0,0.0,3,4,4,0,0,0,0,5,1,1,0,1,9,1,1,17,0,2,0,1,0,0,1,0,4,2,5,3,9
2023.0,0.0,1.0,0.0,3,2,0,0,0,0,1,5,1,1,0,0,1,1,1,18,0,2,0,1,0,2,1,0,5,7,5,8,9
2023.0,140.0,0.0,0.0,3,6,0,0,0,0,1,9,1,1,0,0,9,1,1,19,0,2,0,1,0,1,1,0,10,8,5,8,3
2023.0,0.0,0.0,0.0,3,2,0,0,0,0,1,5,1,1,0,1,9,1,1,22,0,2,0,0,0,2,1,0,4,2,5,3,3
2023.0,43.0,1.0,0.0,1,10,3,0,0,0,1,2,1,1,0,1,2,1,1,7,1,2,0,1,0,1,1,0,10,9,5,3,2
2023.0,-50.0,0.0,0.0,3,6,3,0,0,0,1,9,1,1,0,0,9,1,1,7,1,2,0,1,0,2,2,0,10,8,5,8,3
2023.0,45.0,0.0,0.0,3,6,3,0,0,0,1,1,1,1,0,0,1,1,1,8,1,2,0,1,0,2,1,0,6,5,5,3,2
2023.0,0.0,0.0,0.0,3,2,0,0,0,0,1,1,1,1,0,1,5,1,1,8,1,2,0,1,0,1,1,0,4,2,5,3,3
2023.0,0.0,2.0,0.0,2,4,3,0,0,0,1,2,1,1,0,0,5,1,1,11,1,2,0,0,0,1,2,0,5,2,5,3,9
2023.0,120.0,0.0,0.0,3,4,3,0,0,0,0,2,1,1,0,0,1,1,1,14,1,2,0,0,0,2,2,0,6,4,5,3,9
2023.0,-140.0,0.0,0.0,3,9,3,0,0,0,2,9,1,1,0,1,1,1,1,15,1,2,0,0,0,3,0,0,10,7,5,8,3
2023.0,303.0,0.0,0.0,3,4,3,0,0,0,0,9,1,1,0,1,1,1,1,16,1,2,0,1,0,1,1,0,0,2,5,3,9
2023.0,-410.0,0.0,0.0,3,6,3,0,0,0,1,2,1,1,0,0,2,1,1,17,1,2,0,1,0,2,1,0,6,8,5,8,3
2023.0,72.0,0.0,0.0,3,10,4,4,0,0,0,1,1,1,0,1,5,1,1,17,1,2,0,1,0,2,2,0,0,2,5,3,9
2023.0,-440.0,1.0,0.0,3,5,4,0,0,0,0,9,1,1,0,0,2,1,1,17,1,2,0,1,0,2,1,0,3,5,5,3,1
2023.0,30.0,0.0,0.0,3,6,3,0,0,0,2,5,1,1,0,1,5,1,1,18,1,2,0,1,0,3,1,0,10,5,5,3,3
2023.0,116.0,1.0,0.0,2,5,0,0,0,3,1,5,1,1,0,1,9,1,1,18,1,2,0,1,0,1,1,0,6,6,5,3,7
2023.0,0.0,2.0,0.0,2,2,0,0,0,0,1,1,1,1,0,1,5,1,1,5,2,2,0,0,0,1,1,0,4,2,5,3,9
2023.0,-500.0,0.0,0.0,3,2,2,0,0,0,1,1,1,1,0,1,1,1,1,6,2,2,0,0,0,1,1,0,5,2,5,3,2
2023.0,0.0,0.0,0.0,3,10,3,0,0,0,2,2,1,1,0,1,2,1,1,7,2,2,0,1,0,3,2,0,10,9,5,3,2
2023.0,-140.0,0.0,0.0,3,6,3,0,0,0,1,2,1,1,0,1,2,1,1,8,2,2,0,1,0,1,2,0,0,8,5,8,3
2023.0,200.0,1.0,0.0,3,2,3,0,0,0,1,9,1,1,0,1,2,1,1,12,2,2,0,0,0,0,1,0,0,2,5,3,9
2023.0,-202.0,0.0,0.0,3,10,3,0,0,0,1,1,0,1,0,0,1,1,1,13,2,2,0,0,0,1,1,0,6,9,5,6,3
2023.0,0.0,0.0,0.0,3,2,3,0,0,0,1,9,1,1,0,0,2,1,1,15,2,2,0,0,0,2,2,0,4,2,5,3,3
2023.0,0.0,2.0,0.0,3,6,3,0,0,0,2,2,1,1,0,0,2,1,1,17,2,2,0,1,0,3,1,0,5,7,5,8,3
2023.0,0.0,0.0,0.0,3,4,3,0,0,0,0,3,1,1,0,1,9,1,1,17,2,2,0,1,0,1,2,0,4,2,5,3,9
2023.0,0.0,0.0,0.0,3,4,4,0,0,0,1,9,1,1,0,0,1,1,1,18,2,2,0,1,0,1,1,0,4,2,5,3,9
2023.0,-286.0,1.0,1.0,0,5,0,0,0,3,1,5,1,1,3,0,5,1,1,20,2,2,0,0,0,1,1,0,6,2,2,7,7
2023.0,150.0,0.0,0.0,3,10,0,0,0,0,0,1,1,1,0,1,1,1,1,20,2,2,0,0,0,2,1,0,6,8,5,8,3
2023.0,-25.0,1.0,0.0,3,6,3,0,0,0,1,9,1,1,0,1,1,1,1,8,3,2,0,1,0,1,1,0,10,5,5,8,1
2023.0,0.0,0.0,0.0,3,2,3,0,0,0,1,5,1,1,0,1,9,1,1,8,3,2,0,1,0,1,1,0,4,2,5,3,3
2023.0,-90.0,0.0,0.0,3,10,3,0,0,0,2,5,1,1,0,1,5,1,1,10,3,2,0,0,0,3,1,0,10,9,5,3,2
2023.0,-50.0,0.0,0.0,3,5,3,0,0,0,1,9,1,1,1,1,1,1,1,10,3,2,0,0,0,1,1,0,6,5,5,6,1
2023.0,0.0,0.0,0.0,3,4,3,0,0,0,0,5,1,1,0,1,2,1,1,14,3,2,0,0,0,2,2,0,5,2,5,3,9
2023.0,350.0,0.0,0.0,3,5,3,0,0,0,1,5,1,1,0,1,9,1,1,15,3,2,0,0,0,0,1,0,6,5,5,3,1
2023.0,965.0,0.0,0.0,3,6,0,0,0,0,0,2,1,1,0,0,2,1,1,18,3,2,0,1,0,2,1,0,6,8,5,8,3
2023.0,50.0,0.0,0.0,3,2,0,0,0,0,1,2,1,1,0,1,1,1,1,20,3,2,0,0,0,2,2,0,0,2,5,3,9
2023.0,30.0,0.0,0.0,3,6,0,0,0,0,1,9,1,1,0,1,9,1,1,21,3,2,0,0,0,1,2,0,6,8,5,9,3
2023.0,0.0,0.0,0.0,3,6,0,0,3,0,1,5,1,1,0,1,5,1,1,23,3,2,0,0,0,1,1,0,4,7,5,8,3
2023.0,0.0,1.0,0.0,2,3,3,0,0,3,0,5,1,1,0,1,1,1,1,9,4,2,0,1,0,1,0,0,5,5,5,3,7
2023.0,191.0,0.0,0.0,3,4,3,0,0,0,0,5,1,1,0,1,9,1,1,10,4,2,0,0,0,1,0,0,10,5,5,3,9
2023.0,75.0,2.0,0.0,2,6,3,0,0,0,0,5,1,1,0,1,5,1,1,11,4,2,0,0,0,1,1,0,10,7,5,8,3
2023.0,0.0,0.0,0.0,3,10,3,0,0,0,1,1,1,1,0,1,1,1,1,12,4,2,0,0,0,1,2,0,10,5,5,5,5
2023.0,0.0,0.0,0.0,3,4,3,0,0,0,1,2,1,1,0,1,1,1,1,14,4,2,0,0,0,0,2,0,5,2,5,3,9
2023.0,0.0,1.0,0.0,3,2,3,0,0,0,0,9,1,1,0,1,1,1,1,14,4,2,0,0,0,0,0,0,5,5,5,3,9
2023.0,-108.0,0.0,0.0,3,10,3,0,0,0,1,1,1,1,0,1,1,1,1,14,4,2,0,0,0,2,1,0,10,9,5,8,8
2023.0,427.0,1.0,0.0,3,4,3,0,0,0,0,1,1,1,0,0,5,1,1,15,4,2,0,0,0,1,1,0,0,2,5,3,9
2023.0,0.0,0.0,0.0,3,6,3,0,0,0,1,5,1,1,0,1,5,1,1,16,4,2,0,1,0,1,1,0,3,5,5,8,8
2023.0,-306.0,3.0,0.0,3,4,3,0,0,0,1,9,1,1,0,1,2,1,1,16,4,2,0,1,0,2,2,0,0,2,5,3,9
2023.0,0.0,0.0,0.0,3,10,3,0,0,0,1,2,1,1,0,0,2,1,1,17,4,2,0,1,0,1,2,0,3,9,5,9,9
2023.0,-5.0,1.0,0.0,2,5,0,0,0,2,1,2,1,1,0,1,1,1,1,18,4,2,0,1,0,1,2,0,10,2,5,9,7
2023.0,0.0,0.0,0.0,3,6,0,0,0,0,1,9,1,1,0,0,9,1,1,20,4,2,0,0,0,1,1,0,6,7,5,8,3
2023.0,0.0,0.0,0.0,3,4,0,0,0,0,1,5,1,1,0,0,1,1,1,21,4,2,0,0,0,2,1,0,4,4,5,3,9
2023.0,0.0,2.0,0.0,2,2,1,0,0,0,1,9,1,1,0,0,5,1,1,21,4,2,0,0,0,2,1,0,4,2,5,3,3
2023.0,0.0,0.0,0.0,3,6,0,0,0,0,1,2,1,1,0,0,2,1,1,21,4,2,0,0,0,2,1,0,3,7,5,8,8
2023.0,0.0,0.0,0.0,3,2,0,0,0,0,1,1,1,1,0,1,5,1,1,2,5,2,1,0,0,1,1,0,6,2,5,3,3
2023.0,0.0,0.0,0.0,3,10,5,4,0,0,2,9,1,1,0,1,9,1,1,2,5,2,1,0,0,3,1,0,4,9,5,8,3
2023.0,0.0,0.0,0.0,3,6,3,0,0,0,2,2,1,1,0,0,2,1,1,10,5,2,1,0,0,3,1,0,4,7,5,9,3
2023.0,80.0,0.0,0.0,3,6,3,0,0,0,0,9,1,1,0,0,9,1,1,11,5,2,1,0,0,2,1,0,6,7,5,8,3
2023.0,218.0,0.0,0.0,3,2,3,1,0,0,1,9,1,1,0,0,5,1,1,11,5,2,1,0,0,1,1,0,6,2,5,3,9
2023.0,0.0,0.0,0.0,3,4,3,0,0,0,0,6,1,1,0,1,2,1,1,13,5,2,1,0,0,2,1,0,4,4,5,3,9