Year,Distance,Totalinjuries,Totalfatalities,Injuryseverity,Collisionmanner,Lightcondition,Weather,SurfaceCondition,Unittype_One,Gender_Drv1,Traveldirection_One,AlcoholUse_Drv1,DrugUse_Drv1,Unittype_Two,Gender_Drv2,Traveldirection_Two,AlcoholUse_Drv2,DrugUse_Drv2,Hour,Weekday,Month,Weekend,Rush_Hour,Hazardous_Road,Age_Group_Drv1,Age_Group_Drv2,Substance_Use,Junction_Category,Violation_Category_Drv1,Violation_Category_Drv2,Unitaction_Category_Two,Unitaction_Category_One
2023.0,-106.0,0.0,0.0,3,6,3,0,0,0,0,2,1,1,0,1,2,1,1,14,5,2,1,0,0,1,2,0,10,7,5,9,9
2023.0,50.0,0.0,0.0,3,6,3,0,0,0,1,9,1,1,0,1,9,1,1,15,5,2,1,0,0,3,1,0,10,7,5,9,9
2023.0,0.0,0.0,0.0,3,2,3,0,0,0,0,9,1,1,0,1,2,1,1,15,5,2,1,0,0,1,2,0,4,5,5,9,3
2023.0,-78.0,0.0,0.0,3,4,3,0,0,0,1,5,1,1,0,1,2,1,1,15,5,2,1,0,0,0,1,0,10,9,9,9,9
2023.0,72.0,0.0,0.0,3,6,4,0,0,0,1,9,1,1,0,1,9,1,1,18,5,2,1,1,0,1,1,0,6,7,5,8,3
2023.0,-138.0,0.0,0.0,3,6,0,0,0,0,2,1,1,1,0,0,1,1,1,18,5,2,1,1,0,3,0,0,10,7,5,8,3
2023.0,-53.0,0.0,0.0,3,6,0,0,0,0,2,2,1,1,0,1,2,1,1,1,6,2,1,0,0,3,1,0,10,7,5,8,3
2023.0,100.0,1.0,0.0,2,5,0,0,0,2,1,9,1,1,0,1,9,1,1,2,6,2,1,0,0,2,2,0,6,7,5,6,3
2023.0,-20.0,0.0,0.0,3,10,0,0,0,0,1,1,1,1,0,0,1,1,1,2,6,2,1,0,0,2,1,0,6,9,5,6,0
2023.0,-100.0,1.0,0.0,3,6,0,0,0,0,1,9,0,1,0,1,9,1,1,2,6,2,1,0,0,1,1,0,6,7,5,8,3
2023.0,-243.0,0.0,0.0,3,2,3,0,0,0,2,8,1,1,1,1,2,1,1,10,6,2,1,0,0,3,1,0,6,5,5,6,5
2023.0,30.0,0.0,0.0,3,6,0,0,0,0,0,9,1,1,0,0,9,1,1,19,6,2,1,1,0,2,1,0,10,7,5,8,3
2023.0,0.0,0.0,0.0,3,2,0,0,0,0,2,2,1,1,0,0,1,1,1,21,6,2,1,0,0,3,1,0,4,2,5,3,3
2023.0,35.0,0.0,0.0,3,6,0,0,0,0,0,5,1,1,0,1,5,1,1,22,6,2,1,0,0,2,1,0,10,7,5,8,3
2023.0,25.0,0.0,0.0,3,10,3,0,4,0,1,1,1,1,0,1,1,1,1,0,0,2,0,0,1,0,2,0,10,4,5,2,2
2023.0,0.0,1.0,0.0,2,4,0,0,0,0,2,6,1,1,2,1,2,1,1,6,0,2,0,0,0,3,1,0,4,2,5,3,9
2023.0,0.0,0.0,0.0,3,4,3,1,0,0,0,5,1,1,0,0,2,1,1,7,0,2,0,1,0,1,1,0,4,2,5,3,9
2023.0,-100.0,0.0,0.0,3,6,3,0,0,0,1,9,1,1,0,1,9,1,1,9,0,2,0,1,0,2,1,0,6,5,5,8,3
2023.0,0.0,0.0,0.0,3,10,3,1,0,0,1,5,1,1,0,1,5,1,1,15,0,2,0,0,0,1,1,0,3,1,5,8,3
2023.0,625.0,2.0,0.0,3,6,3,3,4,0,1,5,1,1,0,1,5,1,1,16,0,2,0,1,1,3,0,0,6,8,5,8,3
2023.0,0.0,1.0,0.0,3,10,3,1,0,0,0,5,1,1,0,1,5,1,1,17,0,2,0,1,0,1,1,0,10,7,5,8,3
2023.0,0.0,0.0,0.0,3,4,0,0,0,0,1,1,1,1,0,1,9,1,1,19,0,2,0,1,0,1,1,0,4,4,5,3,9
2023.0,126.0,0.0,0.0,3,10,0,1,0,0,1,9,1,1,0,1,9,1,1,22,0,2,0,0,0,2,2,0,10,9,5,3,2
2023.0,70.0,0.0,0.0,3,6,0,4,0,0,0,5,1,1,0,0,5,1,1,1,1,2,0,0,0,1,1,0,10,8,5,8,8
2023.0,0.0,0.0,1.0,0,5,0,0,0,2,1,2,1,1,0,1,9,1,1,5,1,2,0,0,0,1,0,0,4,2,5,3,3
2023.0,0.0,0.0,0.0,3,4,0,0,0,0,1,5,1,1,0,1,2,1,1,5,1,2,0,0,0,1,0,0,4,2,5,9,3
2023.0,65.0,0.0,0.0,3,6,3,1,0,0,0,9,1,1,0,1,9,1,1,6,1,2,0,0,0,1,2,0,6,9,5,3,2
2023.0,0.0,0.0,0.0,3,9,3,1,0,0,2,2,1,1,0,1,9,1,1,11,1,2,0,0,0,3,1,0,5,2,5,3,9
2023.0,-239.0,0.0,0.0,3,4,3,1,0,0,1,9,1,1,0,1,9,1,1,12,1,2,0,0,0,1,1,0,6,4,5,3,2
2023.0,0.0,0.0,0.0,3,10,3,1,0,0,0,5,1,1,0,1,5,1,1,12,1,2,0,0,0,1,1,0,10,8,5,3,9
2023.0,-168.0,0.0,0.0,3,10,3,3,4,0,0,9,1,1,0,0,9,1,1,14,1,2,0,0,1,0,1,0,6,9,5,3,2
2023.0,-210.0,0.0,0.0,3,6,3,3,4,0,1,1,1,1,0,0,1,1,1,16,1,2,0,1,1,2,1,0,6,8,5,8,3
2023.0,-276.0,0.0,0.0,3,4,3,3,0,0,1,2,1,1,0,1,5,1,1,16,1,2,0,1,0,1,1,0,6,4,5,3,9
2023.0,-205.0,2.0,0.0,2,6,0,3,4,0,0,5,1,1,0,0,5,1,1,17,1,2,0,1,1,1,2,0,6,8,5,8,3
2023.0,100.0,0.0,0.0,3,6,3,3,4,0,0,1,1,1,0,0,1,1,1,17,1,2,0,1,1,1,1,0,6,7,5,8,3
2023.0,1255.0,3.0,0.0,3,10,0,3,4,0,2,1,1,1,0,0,1,1,1,18,1,2,0,1,1,3,1,0,6,5,5,3,5
2023.0,-10.0,1.0,0.0,3,6,0,3,4,0,1,2,1,1,0,1,2,1,1,19,1,2,0,1,1,1,1,0,10,8,5,8,3
2023.0,0.0,0.0,0.0,3,4,0,3,4,0,1,5,1,1,0,1,5,1,1,20,1,2,0,0,1,2,2,0,5,4,5,3,9
2023.0,-133.0,1.0,0.0,3,6,0,3,4,0,0,1,1,1,0,0,1,1,1,21,1,2,0,0,1,2,2,0,10,7,5,8,3
2023.0,1000.0,0.0,0.0,3,10,0,0,0,0,1,5,1,1,0,1,5,1,1,21,1,2,0,0,0,1,2,0,6,9,5,3,3
2023.0,122.0,0.0,0.0,3,10,0,0,0,0,0,5,1,1,0,0,5,1,1,23,1,2,0,0,0,1,2,0,8,9,5,9,3
2023.0,-175.0,1.0,0.0,3,6,3,0,0,0,1,2,1,1,0,1,2,1,1,6,2,2,0,0,0,1,0,0,10,8,5,8,3
2023.0,-140.0,0.0,0.0,3,10,3,0,0,0,2,9,1,1,1,1,9,1,1,7,2,2,0,1,0,3,1,0,6,4,5,6,3
2023.0,-30.0,0.0,0.0,3,10,3,0,0,0,1,1,1,1,0,1,1,1,1,8,2,2,0,1,0,2,1,0,10,9,5,3,3
2023.0,723.0,0.0,0.0,3,6,3,0,0,0,1,9,1,1,0,1,9,1,1,9,2,2,0,1,0,1,0,0,10,8,5,8,3
2023.0,515.0,0.0,0.0,3,4,3,0,0,0,0,1,1,1,0,0,9,1,1,12,2,2,0,0,0,1,1,0,0,2,5,3,9
2023.0,-50.0,0.0,0.0,3,4,3,0,0,0,1,1,1,1,0,0,1,1,1,12,2,2,0,0,0,0,1,0,10,4,5,3,9
2023.0,-459.0,0.0,0.0,3,2,3,0,0,0,1,9,1,1,0,1,1,1,1,13,2,2,0,0,0,1,0,0,0,2,5,3,9
2023.0,-75.0,0.0,0.0,3,6,3,0,0,0,1,2,1,1,0,1,2,1,1,13,2,2,0,0,0,2,1,0,4,8,5,8,3
2023.0,-850.0,0.0,0.0,3,4,3,0,0,0,1,1,1,1,0,1,9,1,1,13,2,2,0,0,0,1,1,0,6,2,5,3,9
2023.0,100.0,0.0,0.0,3,6,3,0,3,0,2,9,1,1,0,1,9,1,1,13,2,2,0,0,0,3,1,0,10,5,5,3,3
2023.0,70.0,1.0,0.0,3,6,3,0,0,0,1,9,1,1,0,0,9,1,1,15,2,2,0,0,0,0,1,0,10,8,5,8,3
2023.0,291.0,0.0,0.0,3,9,3,0,0,0,0,1,1,1,0,0,9,1,1,16,2,2,0,1,0,2,1,0,0,5,5,9,9
2023.0,28.0,1.0,0.0,3,6,3,0,0,0,0,1,0,1,0,1,1,1,1,16,2,2,0,1,0,2,1,0,10,5,5,8,3
2023.0,0.0,0.0,0.0,3,2,3,0,0,0,0,2,1,1,0,0,5,1,1,17,2,2,0,1,0,1,1,0,5,2,5,3,9
2023.0,130.0,0.0,0.0,3,6,3,0,0,0,0,5,1,1,0,0,5,1,1,17,2,2,0,1,0,3,1,0,10,8,5,8,3
2023.0,463.0,1.0,0.0,3,6,0,0,0,0,0,2,1,1,0,1,2,1,1,18,2,2,0,1,0,2,1,0,6,8,7,8,3
2023.0,35.0,0.0,0.0,3,6,0,0,0,0,0,5,1,1,0,0,5,1,1,22,2,2,0,0,0,2,2,0,10,7,5,8,8
2023.0,-118.0,0.0,0.0,3,10,3,0,0,0,0,2,1,1,0,0,2,1,1,7,3,2,0,1,0,1,1,0,10,9,5,3,2
2023.0,-30.0,0.0,0.0,3,10,3,0,0,0,1,2,1,1,0,0,2,1,1,8,3,2,0,1,0,2,1,0,6,9,5,3,2
2023.0,0.0,0.0,0.0,3,4,3,0,0,0,0,1,1,1,0,1,2,1,1,9,3,2,0,1,0,1,2,0,5,2,5,3,9
2023.0,-684.0,0.0,0.0,3,2,3,0,0,0,1,9,1,1,0,1,5,1,1,9,3,2,0,1,0,1,2,0,0,2,5,9,9
2023.0,0.0,0.0,0.0,3,6,3,0,0,0,1,9,1,1,0,0,9,1,1,10,3,2,0,0,0,3,0,0,5,8,5,8,8
2023.0,-500.0,0.0,0.0,3,6,3,0,0,0,0,1,1,1,0,0,1,1,1,14,3,2,0,0,0,0,2,0,6,8,5,8,3
2023.0,110.0,0.0,0.0,3,6,3,0,0,0,1,1,1,1,0,0,1,1,1,16,3,2,0,1,0,2,1,0,10,8,5,8,3
2023.0,-45.0,0.0,0.0,3,6,3,0,0,0,0,2,1,1,0,0,2,1,1,16,3,2,0,1,0,1,1,0,6,7,5,8,3
2023.0,0.0,0.0,0.0,3,10,3,0,0,0,1,5,1,1,0,0,5,1,1,16,3,2,0,1,0,2,2,0,4,9,5,3,2
2023.0,215.0,0.0,0.0,3,10,3,0,0,0,0,2,1,1,0,1,2,1,1,17,3,2,0,1,0,2,1,0,6,9,5,3,2
2023.0,-334.0,2.0,0.0,3,6,4,0,0,0,0,2,1,1,0,0,2,1,1,17,3,2,0,1,0,1,1,0,6,8,5,8,3
2023.0,147.0,0.0,0.0,3,2,3,0,0,0,0,7,1,1,0,0,5,1,1,18,3,2,0,1,0,1,1,0,0,2,5,3,9
2023.0,0.0,0.0,0.0,3,4,0,0,0,0,1,1,1,1,0,0,1,1,1,19,3,2,0,1,0,0,1,0,4,9,5,3,9
2023.0,100.0,0.0,0.0,3,6,0,0,0,0,0,9,1,1,0,1,9,1,1,19,3,2,0,1,0,3,1,0,6,8,5,3,2
2023.0,50.0,2.0,0.0,3,6,0,0,0,0,2,1,1,1,0,0,1,1,1,19,3,2,0,1,0,3,1,0,10,7,5,3,3
2023.0,0.0,0.0,0.0,3,4,0,0,0,0,1,2,1,1,0,0,4,1,1,0,4,2,0,0,0,2,1,0,4,4,5,9,3
2023.0,60.0,1.0,0.0,3,6,0,0,0,0,1,5,1,1,0,1,5,1,1,4,4,2,0,0,0,1,1,0,6,5,5,8,3
2023.0,0.0,2.0,0.0,3,4,3,0,0,0,0,2,1,1,0,0,1,1,1,8,4,2,0,1,0,1,0,0,0,5,5,5,3
2023.0,0.0,0.0,0.0,3,2,3,1,0,0,0,9,1,1,0,1,4,1,1,10,4,2,0,0,0,2,0,0,5,2,5,3,9
2023.0,-65.0,0.0,0.0,3,10,3,1,0,0,1,2,1,1,0,1,2,1,1,12,4,2,0,0,0,2,1,0,10,5,5,3,2
2023.0,-75.0,0.0,0.0,3,6,3,0,0,0,1,1,1,1,0,0,1,1,1,12,4,2,0,0,0,1,2,0,10,7,5,3,3
2023.0,0.0,0.0,0.0,3,6,3,0,0,0,1,2,1,1,0,1,2,1,1,12,4,2,0,0,0,2,0,0,3,7,5,8,8
2023.0,73.0,0.0,0.0,3,10,3,1,0,0,1,5,1,1,0,1,5,1,1,12,4,2,0,0,0,2,2,0,10,9,5,8,3
2023.0,180.0,0.0,0.0,3,2,3,1,0,0,1,5,1,1,0,1,5,1,1,12,4,2,0,0,0,1,0,0,6,9,5,3,2
2023.0,164.0,0.0,0.0,3,6,3,0,0,0,1,2,1,1,0,1,2,1,1,13,4,2,0,0,0,1,1,0,6,8,5,3,2
2023.0,630.0,0.0,0.0,3,4,3,0,0,0,0,1,1,1,0,0,9,1,1,15,4,2,0,0,0,2,1,0,0,2,5,3,9
2023.0,0.0,0.0,0.0,3,6,3,1,0,0,0,9,1,1,0,1,9,1,1,15,4,2,0,0,0,1,1,0,10,5,5,9,9
2023.0,385.0,1.0,0.0,3,6,0,0,0,0,1,5,1,1,0,0,5,1,1,19,4,2,0,1,0,1,2,0,6,8,5,8,3
2023.0,0.0,0.0,0.0,3,10,0,0,0,0,1,6,1,1,0,1,6,1,1,19,4,2,0,1,0,2,0,0,4,9,5,9,9
2023.0,-45.0,0.0,0.0,3,6,0,0,0,0,2,2,0,1,0,0,2,1,1,23,4,2,0,0,0,3,1,0,10,7,5,8,3
2023.0,44.0,1.0,0.0,2,5,0,0,0,0,2,8,1,1,3,0,0,1,1,1,5,2,1,0,0,3,2,0,10,2,5,7,9
2023.0,-15.0,1.0,0.0,3,5,5,4,0,0,0,1,1,1,2,1,5,1,1,2,5,2,1,0,0,2,1,0,10,2,5,3,3
2023.0,-112.0,0.0,0.0,3,6,3,0,0,0,1,1,1,1,0,1,1,1,1,10,5,2,1,0,0,1,0,0,10,7,5,9,9
2023.0,-105.0,0.0,0.0,3,6,3,0,0,0,1,1,1,1,0,1,1,1,1,13,5,2,1,0,0,1,1,0,6,7,5,8,3
2023.0,50.0,2.0,0.0,3,10,3,0,3,0,0,5,1,1,0,0,5,1,1,13,5,2,1,0,0,2,1,0,10,7,5,8,3
2023.0,-433.0,1.0,0.0,2,10,3,0,0,0,1,5,1,1,0,1,5,1,1,15,5,2,1,0,0,2,1,0,6,9,5,3,3
2023.0,10.0,0.0,0.0,3,6,4,0,0,0,2,9,1,1,0,0,9,1,1,17,5,2,1,1,0,3,1,0,10,7,5,8,3
2023.0,-766.0,3.0,0.0,2,6,0,0,0,0,1,4,1,1,0,0,4,1,1,18,5,2,1,1,0,2,1,0,6,8,5,3,3
2023.0,-10.0,0.0,0.0,3,6,4,0,0,0,2,2,1,1,0,1,2,1,1,19,5,2,1,1,0,3,1,0,10,5,5,8,3
2023.0,0.0,0.0,1.0,0,5,5,4,3,0,2,8,1,1,3,0,8,1,1,19,5,2,1,1,0,3,2,0,6,5,5,5,5
2023.0,5.0,0.0,0.0,3,6,0,0,0,0,2,9,1,1,0,1,9,1,1,2,6,2,1,0,0,3,2,0,10,8,5,8,3
2023.0,0.0,0.0,0.0,3,2,0,0,0,0,1,2,0,1,0,1,9,1,1,3,6,2,1,0,0,2,1,0,4,2,5,3,3
2023.0,0.0,1.0,0.0,3,2,3,1,0,0,0,2,1,1,0,0,5,1,1,12,6,2,1,0,0,1,2,0,4,2,5,3,9
2023.0,-567.0,0.0,0.0,3,6,3,0,0,0,1,2,1,1,0,0,2,1,1,14,6,2,1,0,0,1,1,0,6,7,5,8,3
2023.0,49.0,0.0,0.0,3,6,3,0,0,0,1,5,1,1,0,1,5,1,1,17,6,2,1,1,0,2,1,0,3,7,5,8,3
2023.0,-52.0,0.0,0.0,3,2,4,0,0,0,1,5,1,1,0,1,5,1,1,18,6,2,1,1,0,3,2,0,5,5,5,3,2
2023.0,135.0,0.0,0.0,3,10,2,0,0,0,0,9,1,1,0,1,9,1,1,7,0,2,0,1,0,0,1,0,6,5,5,3,2
2023.0,0.0,0.0,0.0,3,6,3,0,0,0,1,1,1,1,0,1,1,1,1,7,0,2,0,1,0,1,1,0,10,7,5,9,9
2023.0,0.0,0.0,0.0,3,12,3,0,0,0,2,8,1,1,1,1,5,1,1,10,0,2,0,0,0,3,1,0,5,5,5,6,5
2023.0,135.0,0.0,0.0,3,10,3,0,0,0,1,1,1,1,0,1,1,1,1,11,0,2,0,0,0,1,1,0,6,9,5,3,2
2023.0,-150.0,0.0,0.0,3,2,3,0,0,0,1,9,1,1,0,0,2,1,1,11,0,2,0,0,0,1,2,0,10,2,5,3,9
2023.0,-150.0,1.0,0.0,3,6,3,0,0,0,0,1,1,1,0,0,1,1,1,12,0,2,0,0,0,1,1,0,6,7,5,8,3
2023.0,78.0,0.0,0.0,3,5,3,0,0,0,1,2,1,1,0,0,5,1,1,12,0,2,0,0,0,2,1,0,10,5,5,8,1
2023.0,190.0,0.0,0.0,3,6,3,0,0,0,0,9,1,1,0,0,9,1,1,13,0,2,0,0,0,2,0,0,6,5,7,3,8
2023.0,50.0,0.0,0.0,3,10,3,0,0,0,2,9,1,1,1,1,9,1,1,14,0,2,0,0,0,3,1,0,6,9,5,6,9
2023.0,-220.0,3.0,0.0,3,6,0,0,0,0,2,9,1,1,3,0,5,1,1,19,0,2,0,1,0,3,2,0,0,2,5,7,9
2023.0,0.0,0.0,0.0,3,2,0,3,3,0,1,2,1,1,0,1,9,1,1,5,1,2,0,0,0,1,0,0,4,2,5,9,9
2023.0,0.0,0.0,0.0,3,10,3,3,4,0,0,9,1,1,0,0,9,1,1,7,1,2,0,1,1,1,2,0,5,9,5,3,9
2023.0,0.0,0.0,0.0,3,10,3,3,4,0,2,1,1,1,0,0,1,1,1,7,1,2,0,1,1,3,1,0,6,5,5,3,3
2023.0,0.0,0.0,0.0,3,9,3,0,0,0,0,1,1,1,0,1,6,1,1,10,1,2,0,0,0,0,0,0,10,5,5,9,3
2023.0,0.0,0.0,0.0,3,10,3,3,4,0,0,2,1,1,0,1,2,1,1,10,1,2,0,0,1,1,1,0,4,4,5,9,9
2023.0,350.0,0.0,0.0,3,12,3,1,4,0,2,8,1,1,1,1,9,1,1,11,1,2,0,0,1,3,1,0,6,5,5,6,5
2023.0,0.0,1.0,0.0,3,4,3,3,4,0,1,1,1,1,0,1,9,1,1,11,1,2,0,0,1,2,2,0,4,2,5,3,9
2023.0,0.0,2.0,0.0,3,2,3,1,4,0,0,5,1,1,0,1,1,1,1,11,1,2,0,0,1,1,2,0,4,2,5,3,3
2023.0,0.0,1.0,0.0,2,2,3,1,0,0,1,5,1,1,0,0,9,1,1,12,1,2,0,0,0,2,1,0,4,2,5,3,3
2023.0,-90.0,0.0,0.0,3,6,3,1,0,0,0,1,1,1,0,0,1,1,1,15,1,2,0,0,0,1,0,0,10,8,5,8,3
2023.0,-250.0,0.0,0.0,3,9,3,1,0,0,0,9,1,1,0,0,9,1,1,16,1,2,0,1,0,3,2,0,6,7,5,8,3
2023.0,0.0,0.0,0.0,3,4,3,1,0,0,0,1,1,1,0,1,9,1,1,16,1,2,0,1,0,1,1,0,4,2,5,3,9
2023.0,75.0,0.0,0.0,3,6,3,0,0,0,2,1,1,1,0,1,1,1,1,17,1,2,0,1,0,3,1,0,10,9,5,8,2
2023.0,-20.0,0.0,0.0,3,10,3,0,0,0,1,9,1,1,0,1,9,1,1,18,1,2,0,1,0,2,1,0,10,5,5,3,9
2023.0,78.0,2.0,0.0,3,6,0,0,0,0,0,9,0,1,0,0,9,1,1,18,1,2,0,1,0,1,0,0,6,8,5,3,3
2023.0,0.0,0.0,0.0,3,9,3,0,0,0,1,2,1,1,0,1,9,1,1,18,1,2,0,1,0,2,1,0,5,5,5,9,9
2023.0,0.0,1.0,0.0,2,5,0,0,0,0,2,1,1,1,2,0,2,1,1,19,1,2,0,1,0,3,1,0,5,2,5,3,3
2023.0,216.0,0.0,0.0,3,10,0,0,0,0,1,1,1,1,0,1,1,1,1,20,1,2,0,0,0,1,0,0,6,9,5,3,3
2023.0,-50.0,0.0,0.0,3,6,0,0,0,0,0,1,0,1,0,0,1,1,1,22,1,2,0,0,0,2,1,0,4,7,5,9,9
2023.0,-300.0,0.0,0.0,3,6,1,1,0,0,1,1,1,1,0,1,1,1,1,5,2,2,0,0,0,1,1,0,6,7,5,8,3
2023.0,0.0,0.0,0.0,3,2,3,0,0,0,0,6,1,1,0,1,6,1,1,9,2,2,0,1,0,1,1,0,4,9,5,9,9
2023.0,60.0,0.0,0.0,3,11,3,1,0,0,1,9,1,1,0,1,1,1,1,10,2,2,0,0,0,1,1,0,10,2,5,3,9
2023.0,80.0,0.0,0.0,3,6,3,1,0,0,1,2,1,1,0,1,2,1,1,12,2,2,0,0,0,1,1,0,6,7,5,8,3
2023.0,-10.0,0.0,0.0,3,9,3,1,0,0,2,5,1,1,0,0,2,1,1,13,2,2,0,0,0,3,0,0,10,9,5,8,3
2023.0,500.0,0.0,0.0,3,4,3,1,0,0,0,1,1,1,0,1,5,1,1,13,2,2,0,0,0,0,1,0,6,2,5,3,9
2023.0,110.0,0.0,0.0,3,6,3,1,0,0,1,9,1,1,0,1,9,1,1,15,2,2,0,0,0,1,1,0,10,8,5,8,3
2023.0,60.0,0.0,0.0,3,6,3,1,0,0,0,5,1,1,0,1,5,1,1,15,2,2,0,0,0,1,0,0,10,7,5,3,8
2023.0,-20.0,1.0,0.0,3,6,3,1,0,0,1,2,1,1,0,0,2,1,1,16,2,2,0,1,0,1,2,0,10,7,5,8,8
2023.0,0.0,0.0,0.0,3,9,3,1,0,0,0,2,1,1,0,0,5,1,1,16,2,2,0,1,0,1,1,0,5,2,5,3,9
2023.0,0.0,0.0,0.0,3,10,3,1,0,0,0,2,1,1,0,1,2,1,1,17,2,2,0,1,0,2,2,0,5,9,5,3,3
2023.0,75.0,0.0,0.0,3,2,0,0,0,0,1,2,1,1,0,0,9,1,1,23,2,2,0,0,0,1,2,0,10,7,5,8,9
2023.0,0.0,0.0,0.0,3,4,3,0,0,0,1,3,1,1,0,1,9,1,1,7,3,2,0,1,0,1,1,0,4,2,5,3,9
2023.0,300.0,1.0,0.0,2,4,3,0,0,0,1,9,1,1,0,1,2,1,1,11,3,2,0,0,0,0,1,0,0,2,5,3,9
2023.0,0.0,0.0,0.0,3,4,3,0,0,0,1,9,1,1,0,1,2,1,1,11,3,2,0,0,0,1,1,0,4,2,5,3,9
2023.0,430.0,0.0,0.0,3,6,3,1,0,0,1,5,1,1,0,1,5,1,1,12,3,2,0,0,0,1,1,0,6,7,5,8,3
2023.0,0.0,1.0,0.0,3,2,3,0,0,0,0,9,1,1,0,0,2,1,1,15,3,2,0,0,0,1,0,0,4,2,5,3,3
2023.0,50.0,0.0,0.0,3,6,3,1,0,0,1,5,1,1,0,1,5,1,1,15,3,2,0,0,0,1,1,0,10,8,5,8,3
2023.0,-500.0,0.0,0.0,3,10,3,1,0,0,0,5,1,1,0,0,5,1,1,16,3,2,0,1,0,1,2,0,6,9,5,3,2
2023.0,-290.0,0.0,0.0,3,4,3,0,0,0,2,5,1,1,0,0,2,1,1,16,3,2,0,1,0,3,2,0,5,4,5,8,9
2023.0,0.0,1.0,0.0,3,4,3,0,0,0,1,1,1,1,0,0,5,1,1,16,3,2,0,1,0,1,2,0,5,2,5,3,9
2023.0,0.0,2.0,0.0,2,2,3,1,0,0,0,1,1,1,0,1,2,1,1,17,3,2,0,1,0,2,0,0,4,2,5,9,3
2023.0,50.0,0.0,0.0,3,6,0,0,0,0,1,3,1,1,0,1,5,1,1,19,3,2,0,1,0,2,0,0,10,9,5,3,2
2023.0,-50.0,0.0,0.0,3,6,0,1,0,0,2,9,1,1,0,0,9,1,1,20,3,2,0,0,0,3,1,0,4,7,5,8,3
2023.0,120.0,1.0,0.0,3,3,0,0,0,0,1,1,1,1,0,1,9,1,1,22,3,2,0,0,0,0,1,0,10,4,5,8,3
2023.0,-226.0,1.0,0.0,2,3,3,0,0,0,1,1,1,1,0,0,9,1,1,7,4,2,0,1,0,2,1,0,0,2,5,8,9
2023.0,-100.0,0.0,0.0,3,2,3,0,0,0,1,2,1,1,0,0,9,1,1,7,4,2,0,1,0,2,1,0,6,2,5,3,9
2023.0,0.0,1.0,0.0,2,2,5,4,0,0,0,9,1,1,0,0,1,1,1,8,4,2,0,1,0,1,1,0,4,2,5,3,9
2023.0,430.0,1.0,0.0,3,2,3,0,0,0,0,6,1,1,0,0,5,1,1,8,4,2,0,1,0,2,2,0,0,2,5,3,9
2023.0,52.0,0.0,0.0,3,10,3,0,0,0,0,5,1,1,0,1,5,1,1,13,4,2,0,0,0,2,1,0,5,5,5,9,9
2023.0,68.0,2.0,0.0,3,6,3,0,0,0,1,9,1,1,0,1,9,1,1,13,4,2,0,0,0,1,1,0,4,8,5,8,3
2023.0,0.0,0.0,0.0,3,6,3,0,0,0,0,1,1,1,0,0,1,1,1,13,4,2,0,0,0,2,2,0,10,7,5,8,3
2023.0,0.0,1.0,0.0,3,4,3,0,0,0,1,5,1,1,0,0,1,1,1,14,4,2,0,0,0,1,1,0,4,2,5,3,9
2023.0,150.0,1.0,0.0,3,5,3,0,0,3,1,8,1,1,0,1,1,1,1,15,4,2,0,0,0,1,2,0,9,5,5,3,5
2023.0,109.0,2.0,0.0,3,6,3,0,0,0,1,5,0,1,0,0,5,1,1,15,4,2,0,0,0,1,1,0,10,8,5,8,3
2023.0,10.0,0.0,0.0,3,10,3,0,0,0,0,5,1,1,0,0,5,1,1,15,4,2,0,0,0,3,1,0,6,9,5,3,2
2023.0,0.0,0.0,0.0,3,10,3,0,0,0,1,8,1,1,0,1,5,1,1,16,4,2,0,1,0,0,1,0,4,5,5,9,5
2023.0,0.0,1.0,0.0,3,2,0,0,0,0,0,5,1,1,0,0,2,1,1,19,4,2,0,1,0,1,1,0,4,2,5,3,9
2023.0,-350.0,2.0,0.0,3,6,0,0,0,0,1,5,1,1,0,1,5,1,1,21,4,2,0,0,0,2,0,0,0,7,5,8,3
2023.0,25.0,0.0,0.0,3,10,0,0,0,1,1,1,1,1,0,1,1,1,1,21,4,2,0,0,0,0,0,0,10,7,5,8,3
2023.0,0.0,1.0,0.0,2,6,0,0,0,0,2,9,1,1,0,1,9,1,1,23,4,2,0,0,0,3,0,0,10,7,5,9,5
2023.0,50.0,0.0,0.0,3,6,0,0,0,0,1,5,1,1,0,0,5,1,1,0,5,2,1,0,0,1,1,0,10,8,5,8,8
2023.0,100.0,0.0,0.0,3,10,0,0,0,0,1,1,1,1,0,1,1,1,1,6,5,2,1,0,0,0,1,0,6,9,5,3,2
2023.0,-566.0,0.0,0.0,3,10,3,1,0,0,1,1,1,1,0,1,1,1,1,9,5,2,1,1,0,2,1,0,6,9,5,3,2
2023.0,0.0,2.0,0.0,3,6,3,0,0,0,1,1,1,1,0,0,1,1,1,12,5,2,1,0,0,1,2,0,10,8,5,9,9
2023.0,0.0,0.0,0.0,3,4,3,0,0,0,1,6,1,1,0,1,6,1,1,14,5,2,1,0,0,2,1,0,5,2,5,9,9
2023.0,0.0,0.0,0.0,3,5,3,0,0,0,0,3,1,1,0,1,1,1,1,15,5,2,1,0,0,2,1,0,0,4,5,3,9
2023.0,0.0,0.0,0.0,3,4,3,0,0,0,0,1,1,1,0,1,9,1,1,15,5,2,1,0,0,0,1,0,4,5,5,9,3
2023.0,-40.0,0.0,0.0,3,6,3,0,0,0,1,1,1,1,0,0,1,1,1,15,5,2,1,0,0,2,2,0,10,8,5,3,3