Year,Distance,Totalinjuries,Totalfatalities,Injuryseverity,Collisionmanner,Lightcondition,Weather,SurfaceCondition,Unittype_One,Gender_Drv1,Traveldirection_One,AlcoholUse_Drv1,DrugUse_Drv1,Unittype_Two,Gender_Drv2,Traveldirection_Two,AlcoholUse_Drv2,DrugUse_Drv2,Hour,Weekday,Month,Weekend,Rush_Hour,Hazardous_Road,Age_Group_Drv1,Age_Group_Drv2,Substance_Use,Junction_Category,Violation_Category_Drv1,Violation_Category_Drv2,Unitaction_Category_Two,Unitaction_Category_One
2023.0,0.0,1.0,0.0,3,6,3,0,0,0,0,9,1,1,0,1,9,1,1,15,5,2,1,0,0,2,1,0,5,7,5,8,3
2023.0,0.0,0.0,0.0,3,2,3,0,0,0,0,1,1,1,0,0,9,1,1,17,5,2,1,1,0,3,1,0,10,2,5,9,3
2023.0,0.0,0.0,0.0,3,2,3,0,0,0,2,9,1,1,0,0,5,1,1,17,5,2,1,1,0,3,2,0,4,2,5,3,3
2023.0,-299.0,0.0,0.0,3,10,4,0,0,0,1,1,1,1,0,1,1,1,1,18,5,2,1,1,0,1,1,0,10,9,9,3,3
2023.0,-86.0,0.0,0.0,3,6,3,0,0,0,0,2,1,1,0,1,2,1,1,18,5,2,1,1,0,2,1,0,6,7,5,8,3
2023.0,100.0,0.0,0.0,3,5,0,0,0,0,1,1,1,1,0,1,1,1,1,18,5,2,1,1,0,1,1,0,9,5,5,8,1
2023.0,0.0,0.0,0.0,3,4,0,0,0,0,0,2,1,1,0,1,5,1,1,21,5,2,1,0,0,2,2,0,4,5,5,9,3
2023.0,-308.0,0.0,0.0,3,6,0,0,0,0,1,2,1,1,0,0,2,1,1,22,5,2,1,0,0,1,2,0,10,7,5,8,3
2023.0,-30.0,0.0,0.0,3,6,0,0,0,0,2,2,1,1,0,1,2,1,1,0,6,2,1,0,0,3,0,0,10,8,5,8,3
2023.0,0.0,0.0,0.0,3,2,3,1,0,0,0,5,1,1,0,0,5,1,1,13,6,2,1,0,0,1,1,0,3,7,5,8,3
2023.0,303.0,1.0,0.0,2,6,0,0,0,0,1,1,1,1,0,0,1,1,1,21,6,2,1,0,0,1,1,0,0,8,5,8,3
2023.0,-43.0,0.0,0.0,3,6,0,0,0,0,0,2,0,1,0,0,2,1,1,21,6,2,1,0,0,1,1,0,10,8,5,8,3
2023.0,0.0,0.0,0.0,3,2,3,0,0,0,0,2,1,1,0,1,9,1,1,8,0,2,0,1,0,1,2,0,4,2,5,3,3
2023.0,-183.0,0.0,0.0,3,6,3,0,0,0,1,2,1,1,0,1,2,1,1,8,0,2,0,1,0,2,2,0,10,8,5,8,3
2023.0,90.0,1.0,0.0,3,10,3,0,0,0,1,1,1,1,0,0,1,1,1,9,0,2,0,1,0,0,2,0,6,5,5,5,5
2023.0,-125.0,0.0,0.0,3,5,3,0,0,0,1,9,1,1,0,1,2,1,1,12,0,2,0,0,0,1,1,0,10,4,5,3,9
2023.0,5.0,0.0,0.0,3,6,3,0,0,0,1,9,1,1,0,0,9,1,1,14,0,2,0,0,0,1,2,0,10,7,5,3,3
2023.0,-287.0,0.0,0.0,3,6,3,0,0,0,0,5,1,1,0,0,5,1,1,15,0,2,0,0,0,2,1,0,6,8,5,8,3
2023.0,-50.0,0.0,0.0,3,6,3,0,0,0,2,2,1,1,0,0,2,1,1,15,0,2,0,0,0,3,1,0,10,8,5,8,3
2023.0,-410.0,0.0,0.0,3,4,3,0,0,0,0,4,1,1,0,1,1,1,1,16,0,2,0,1,0,2,2,0,0,4,5,3,9
2023.0,112.0,1.0,0.0,3,6,3,0,0,0,0,5,1,1,0,0,5,1,1,16,0,2,0,1,0,2,0,0,6,8,5,8,3
2023.0,227.0,1.0,0.0,2,4,3,0,0,0,1,1,1,1,0,0,9,1,1,17,0,2,0,1,0,1,1,0,0,2,5,3,9
2023.0,255.0,3.0,0.0,3,6,0,0,0,0,1,5,1,1,0,1,5,1,1,18,0,2,0,1,0,1,1,0,10,8,5,8,3
2023.0,95.0,0.0,0.0,3,6,0,0,0,0,1,4,1,1,0,1,4,1,1,18,0,2,0,1,0,2,1,0,9,7,5,8,3
2023.0,0.0,1.0,0.0,3,2,0,0,0,0,1,5,1,1,0,1,1,1,1,20,0,2,0,0,0,1,2,0,4,2,5,3,3
2023.0,0.0,2.0,0.0,2,4,0,0,0,0,1,5,1,0,0,1,4,1,1,0,1,2,0,0,0,1,1,0,4,7,5,9,3
2023.0,25.0,0.0,0.0,3,10,0,0,0,0,2,1,1,1,0,1,1,1,1,2,1,2,0,0,0,3,2,0,6,9,5,3,3
2023.0,-116.0,1.0,0.0,2,6,3,0,0,0,0,1,1,1,0,1,1,1,1,7,1,2,0,1,0,1,2,0,10,8,5,6,3
2023.0,235.0,2.0,0.0,3,2,3,0,0,0,1,5,1,1,0,0,9,1,1,8,1,2,0,1,0,1,2,0,0,2,5,3,9
2023.0,385.0,0.0,0.0,3,6,3,0,0,0,0,2,1,1,0,1,2,1,1,9,1,2,0,1,0,2,2,0,6,8,5,8,3
2023.0,0.0,0.0,0.0,3,2,3,0,0,0,1,9,1,1,0,1,2,1,1,9,1,2,0,1,0,2,0,0,5,2,5,3,3
2023.0,40.0,0.0,0.0,3,10,3,0,0,0,1,5,1,1,0,1,5,1,1,10,1,2,0,0,0,1,1,0,10,4,5,3,9
2023.0,0.0,0.0,0.0,3,4,3,0,0,0,1,9,1,1,0,0,1,1,1,12,1,2,0,0,0,2,1,0,4,4,5,3,9
2023.0,130.0,0.0,0.0,3,10,3,0,0,0,0,1,1,1,1,1,1,1,1,12,1,2,0,0,0,0,1,0,6,7,5,6,3
2023.0,250.0,0.0,0.0,3,4,3,1,0,0,0,9,1,1,0,1,2,1,1,13,1,2,0,0,0,2,1,0,0,2,5,3,9
2023.0,40.0,0.0,0.0,3,6,3,0,0,0,0,5,1,1,0,0,5,1,1,13,1,2,0,0,0,2,2,0,6,7,5,8,3
2023.0,0.0,3.0,0.0,3,2,3,0,0,0,1,5,1,1,0,1,9,1,1,15,1,2,0,0,0,1,2,0,5,2,5,3,9
2023.0,-380.0,1.0,0.0,3,10,3,0,0,0,1,2,1,1,0,1,2,1,1,16,1,2,0,1,0,2,2,0,10,9,5,3,2
2023.0,28.0,0.0,0.0,3,2,3,1,0,0,0,5,1,1,0,0,5,1,1,17,1,2,0,1,0,2,2,0,5,9,7,9,9
2023.0,0.0,0.0,0.0,3,6,3,1,0,0,0,1,1,1,0,0,1,1,1,17,1,2,0,1,0,3,2,0,5,5,5,8,5
2023.0,0.0,0.0,0.0,3,6,3,0,0,0,1,5,1,1,0,1,5,1,1,17,1,2,0,1,0,2,1,0,5,8,5,8,3
2023.0,0.0,3.0,0.0,3,2,3,0,0,0,0,2,1,1,0,1,1,1,1,18,1,2,0,1,0,0,1,0,5,2,5,3,9
2023.0,0.0,1.0,0.0,3,4,0,0,0,0,1,9,1,1,0,0,1,1,1,19,1,2,0,1,0,1,0,0,4,2,5,9,3
2023.0,0.0,1.0,0.0,2,10,0,0,0,0,2,1,1,1,0,0,1,1,1,3,2,3,0,0,0,3,2,0,4,9,5,3,9
2023.0,-225.0,1.0,0.0,3,4,3,1,0,0,0,5,1,1,0,1,9,1,1,7,2,3,0,1,0,1,1,0,10,2,5,3,9
2023.0,915.0,0.0,0.0,3,11,3,1,0,0,1,2,1,1,0,0,2,1,1,9,2,3,0,1,0,2,1,0,6,4,5,3,9
2023.0,0.0,1.0,0.0,3,4,3,1,0,0,0,9,1,1,0,0,1,1,1,10,2,3,0,0,0,0,1,0,5,2,5,9,3
2023.0,-15.0,0.0,0.0,3,6,0,3,4,0,1,2,1,1,0,1,2,1,1,11,2,3,0,0,1,1,2,0,10,7,5,8,3
2023.0,843.0,1.0,0.0,3,4,3,1,0,0,0,2,1,1,0,0,5,1,1,13,2,3,0,0,0,1,1,0,0,2,5,3,9
2023.0,472.0,0.0,0.0,3,2,3,1,0,0,1,5,1,1,0,0,1,1,1,14,2,3,0,0,0,2,0,0,0,2,5,3,9
2023.0,-228.0,2.0,0.0,3,2,3,1,0,0,0,9,1,1,0,1,2,1,1,14,2,3,0,0,0,1,2,0,0,2,5,3,9
2023.0,-398.0,0.0,0.0,3,2,3,3,4,0,0,9,1,1,0,1,2,1,1,15,2,3,0,0,1,1,1,0,6,2,5,3,9
2023.0,20.0,0.0,0.0,3,4,3,3,4,0,0,5,1,1,0,1,1,1,1,15,2,3,0,0,1,2,1,0,0,2,5,3,9
2023.0,-102.0,1.0,0.0,3,6,3,1,0,0,0,1,1,1,0,0,1,1,1,16,2,3,0,1,0,2,0,0,10,7,5,8,3
2023.0,0.0,0.0,0.0,3,4,3,1,4,0,1,2,1,1,0,1,1,1,1,16,2,3,0,1,1,0,2,0,5,2,5,3,9
2023.0,0.0,0.0,0.0,3,2,3,1,4,0,0,9,1,1,0,0,5,1,1,17,2,3,0,1,1,2,2,0,4,2,5,3,9
2023.0,277.0,0.0,0.0,3,5,3,1,0,0,1,9,1,1,0,1,5,1,1,20,2,3,0,0,0,1,1,0,6,9,5,6,1
2023.0,-5.0,1.0,0.0,2,4,0,3,4,0,1,9,1,1,3,1,5,1,1,20,2,3,0,0,1,2,2,0,10,2,5,7,9
2023.0,30.0,0.0,0.0,3,10,0,3,4,0,1,9,1,1,0,1,9,1,1,21,2,3,0,0,1,2,2,0,10,9,5,3,2
2023.0,0.0,2.0,0.0,3,6,0,3,4,0,1,5,1,1,0,0,5,1,1,21,2,3,0,0,1,1,1,0,5,5,5,9,9
2023.0,0.0,0.0,0.0,3,2,0,0,0,0,1,5,1,1,0,0,5,1,1,23,2,3,0,0,0,1,0,0,5,9,5,9,3
2023.0,50.0,1.0,0.0,2,2,0,3,4,0,1,9,1,1,0,1,5,1,1,1,3,3,0,0,1,1,0,0,10,7,5,8,9
2023.0,0.0,0.0,0.0,3,4,3,0,4,0,1,1,1,1,0,1,2,1,1,2,3,3,0,0,1,1,1,0,4,2,5,9,3
2023.0,0.0,0.0,0.0,3,4,3,1,0,0,1,2,1,1,0,1,1,1,1,9,3,3,0,1,0,1,1,0,5,2,5,3,9
2023.0,57.0,1.0,0.0,2,5,3,1,0,2,1,2,1,1,0,0,9,1,1,10,3,3,0,0,0,2,2,0,4,5,5,9,7
2023.0,0.0,4.0,0.0,3,6,3,0,0,0,1,9,1,1,0,0,9,1,1,12,3,3,0,0,0,2,1,0,10,7,5,8,3
2023.0,-54.0,0.0,0.0,3,6,3,0,0,0,1,2,1,1,0,1,2,1,1,13,3,3,0,0,0,2,2,0,10,5,5,3,2
2023.0,-140.0,0.0,0.0,3,6,3,0,0,0,0,1,1,1,0,1,1,1,1,15,3,3,0,0,0,1,0,0,10,7,5,8,3
2023.0,-456.0,2.0,0.0,3,2,3,0,0,0,0,9,1,1,0,1,5,1,1,15,3,3,0,0,0,0,1,0,0,2,5,3,7
2023.0,-261.0,1.0,0.0,3,6,3,0,0,0,1,9,1,1,0,0,9,1,1,15,3,3,0,0,0,2,1,0,6,7,5,9,3
2023.0,-75.0,0.0,0.0,3,6,3,0,0,0,1,1,1,1,0,0,1,1,1,16,3,3,0,1,0,1,1,0,5,8,5,3,3
2023.0,-416.0,1.0,0.0,2,10,3,1,0,0,1,1,1,1,0,1,1,1,1,16,3,3,0,1,0,1,2,0,10,5,5,8,3
2023.0,-490.0,0.0,0.0,3,2,3,0,0,0,1,2,0,1,0,0,1,1,1,16,3,3,0,1,0,1,1,0,4,2,5,9,3
2023.0,388.0,0.0,0.0,3,6,3,0,0,0,2,9,1,1,0,1,9,1,1,17,3,3,0,1,0,3,1,0,6,7,5,8,3
2023.0,-100.0,3.0,0.0,3,6,4,0,0,0,0,2,1,1,0,1,2,1,1,18,3,3,0,1,0,1,2,0,10,8,5,8,3
2023.0,0.0,2.0,0.0,3,2,0,0,0,0,1,9,1,1,0,1,5,1,1,20,3,3,0,0,0,2,2,0,4,2,5,3,9
2023.0,-180.0,0.0,0.0,3,6,0,0,0,0,1,2,1,1,0,1,2,1,1,23,3,3,0,0,0,2,1,0,6,7,5,3,3
2023.0,-226.0,0.0,0.0,3,6,0,0,0,0,1,2,1,1,0,1,2,1,1,23,3,3,0,0,0,2,1,0,10,8,5,8,3
2023.0,-500.0,0.0,0.0,3,10,0,0,0,0,2,5,1,1,0,0,5,1,1,23,3,3,0,0,0,3,1,0,6,5,5,3,3
2023.0,-20.0,0.0,0.0,3,6,3,0,0,0,2,1,1,1,1,1,1,1,1,7,4,3,0,1,0,3,1,0,6,5,5,6,5
2023.0,0.0,0.0,0.0,3,2,3,0,0,0,0,6,1,1,0,1,1,1,1,8,4,3,0,1,0,1,0,0,3,5,5,3,9
2023.0,500.0,0.0,0.0,3,2,3,0,0,0,0,5,1,1,0,1,9,1,1,9,4,3,0,1,0,1,1,0,6,9,5,3,9
2023.0,646.0,0.0,0.0,3,6,3,0,0,0,1,2,1,1,0,1,2,1,1,10,4,3,0,0,0,2,2,0,6,8,5,8,3
2023.0,0.0,0.0,0.0,3,10,3,0,0,0,1,2,1,1,0,1,2,1,1,11,4,3,0,0,0,1,0,0,3,9,5,3,2
2023.0,60.0,0.0,0.0,3,9,3,0,0,0,0,6,1,1,0,0,9,1,1,12,4,3,0,0,0,1,2,0,4,9,5,8,9
2023.0,-72.0,1.0,0.0,3,6,3,0,0,0,1,1,1,1,0,0,1,1,1,12,4,3,0,0,0,1,1,0,10,7,5,8,8
2023.0,0.0,1.0,0.0,2,4,3,0,0,0,0,9,1,1,0,0,1,1,1,12,4,3,0,0,0,1,2,0,4,2,5,3,9
2023.0,-622.0,0.0,0.0,3,2,3,0,0,0,0,9,1,1,0,1,1,1,1,16,4,3,0,1,0,1,1,0,0,4,5,3,9
2023.0,0.0,1.0,1.0,0,4,3,0,0,0,0,9,1,1,0,1,1,1,1,17,4,3,0,1,0,2,1,0,4,2,5,3,9
2023.0,-50.0,0.0,0.0,3,4,4,0,0,0,0,5,1,1,0,1,1,1,1,17,4,3,0,1,0,2,0,0,10,2,5,3,9
2023.0,195.0,0.0,0.0,3,6,0,0,0,0,1,5,1,1,0,1,5,1,1,19,4,3,0,1,0,0,2,0,10,8,5,8,3
2023.0,166.0,0.0,0.0,3,6,3,0,0,0,1,9,1,1,0,1,9,1,1,20,4,3,0,0,0,1,1,0,0,8,5,3,3
2023.0,0.0,0.0,0.0,3,4,0,0,0,0,0,9,1,1,0,1,1,1,1,22,4,3,0,0,0,2,1,0,4,2,5,3,9
2023.0,0.0,0.0,0.0,3,6,0,0,0,0,2,5,1,1,0,0,5,1,1,0,5,3,1,0,0,3,1,0,10,7,5,8,3
2023.0,50.0,0.0,0.0,3,6,0,0,0,0,1,5,0,1,0,0,5,1,1,1,5,3,1,0,0,1,1,0,10,7,5,8,3
2023.0,-534.0,0.0,0.0,3,6,3,0,0,0,1,2,1,1,0,0,2,1,1,12,5,3,1,0,0,1,2,0,6,7,5,8,3
2023.0,-195.0,0.0,0.0,3,6,3,0,0,0,1,1,1,1,0,0,1,1,1,13,5,3,1,0,0,2,1,0,6,7,5,8,8
2023.0,0.0,0.0,0.0,3,6,3,0,0,0,1,2,1,1,0,0,2,1,1,13,5,3,1,0,0,0,0,0,4,7,5,9,9
2023.0,223.0,0.0,0.0,3,5,3,0,0,0,1,5,1,1,0,1,9,1,1,15,5,3,1,0,0,2,2,0,0,5,5,3,1
2023.0,100.0,0.0,0.0,3,2,3,0,0,0,0,9,1,1,0,0,9,1,1,17,5,3,1,1,0,2,1,0,10,5,5,3,2
2023.0,0.0,1.0,0.0,3,4,0,0,0,0,0,1,1,1,0,1,9,1,1,19,5,3,1,1,0,1,1,0,4,2,5,3,9
2023.0,-30.0,1.0,0.0,2,10,0,0,0,0,1,1,1,1,0,1,1,1,1,19,5,3,1,1,0,1,1,0,10,9,5,9,3
2023.0,0.0,0.0,0.0,3,10,5,4,0,0,1,2,1,1,0,1,2,1,1,22,5,3,1,0,0,1,1,0,10,9,5,8,2
2023.0,0.0,1.0,0.0,3,10,3,1,0,0,1,9,1,1,0,1,9,1,1,12,6,3,1,0,0,1,1,0,4,9,9,2,2
2023.0,-380.0,1.0,0.0,2,2,3,0,0,2,1,9,1,1,0,1,2,1,1,17,6,3,1,1,0,2,1,0,0,5,5,9,3
2023.0,600.0,0.0,0.0,3,3,0,0,0,0,0,1,1,1,0,1,9,1,1,4,0,3,0,0,0,2,0,0,6,9,5,3,5
2023.0,-70.0,0.0,0.0,3,6,3,1,0,0,1,2,1,1,0,0,2,1,1,7,0,3,0,1,0,1,1,0,10,7,5,8,8
2023.0,300.0,1.0,0.0,2,4,3,0,0,0,0,9,1,1,0,0,2,1,1,9,0,3,0,1,0,1,2,0,0,2,5,3,9
2023.0,0.0,1.0,0.0,3,2,3,0,0,0,1,5,1,1,0,1,1,1,1,11,0,3,0,0,0,0,0,0,5,2,5,9,3
2023.0,-75.0,0.0,0.0,3,6,3,0,0,0,1,9,1,1,0,1,9,1,1,11,0,3,0,0,0,2,1,0,10,7,5,8,3
2023.0,0.0,1.0,0.0,2,2,3,0,0,0,1,1,1,1,0,1,2,1,1,12,0,3,0,0,0,1,1,0,4,2,5,3,3
2023.0,-692.0,0.0,0.0,3,6,3,0,0,0,0,1,1,1,0,0,1,1,1,14,0,3,0,0,0,1,0,0,10,8,5,8,3
2023.0,0.0,0.0,0.0,3,6,3,0,0,0,1,1,1,1,0,1,1,1,1,15,0,3,0,0,0,1,2,0,10,7,5,8,3
2023.0,0.0,0.0,0.0,3,2,3,1,0,0,2,9,1,1,0,0,5,1,1,16,0,3,0,1,0,3,1,0,5,2,5,9,3
2023.0,0.0,0.0,0.0,3,4,3,0,0,0,1,5,1,1,0,1,1,1,1,21,0,3,0,0,0,1,1,0,5,2,5,3,9
2023.0,-60.0,0.0,0.0,3,6,0,0,0,0,0,1,0,1,0,1,1,1,1,22,0,3,0,0,0,1,2,0,10,7,5,3,3
2023.0,-100.0,0.0,0.0,3,2,0,0,0,0,2,2,1,1,0,1,1,1,1,5,1,3,0,0,0,3,1,0,6,2,5,3,3
2023.0,0.0,0.0,0.0,3,2,3,1,0,0,0,5,1,1,0,1,5,1,1,9,1,3,0,1,0,0,1,0,4,4,5,9,3
2023.0,-78.0,0.0,0.0,3,10,3,0,0,0,1,2,1,1,0,0,2,1,1,12,1,3,0,0,0,1,0,0,6,9,5,3,2
2023.0,0.0,1.0,0.0,3,5,3,1,0,0,0,2,1,1,2,1,2,1,1,12,1,3,0,0,0,3,1,0,4,5,5,3,9
2023.0,-123.0,0.0,0.0,3,6,3,1,0,0,0,1,1,1,0,1,1,1,1,13,1,3,0,0,0,0,1,0,10,8,5,8,3
2023.0,0.0,0.0,0.0,3,4,3,1,0,0,1,9,1,1,0,1,1,1,1,14,1,3,0,0,0,1,1,0,4,2,5,3,9
2023.0,89.0,1.0,0.0,3,4,0,0,0,0,1,9,1,1,0,1,2,1,1,20,1,3,0,0,0,2,1,0,0,2,5,3,9
2023.0,-74.0,2.0,0.0,3,6,0,0,0,0,2,2,1,1,0,0,2,1,1,20,1,3,0,0,0,3,1,0,6,8,5,8,3
2023.0,0.0,1.0,0.0,3,4,0,1,0,0,1,1,1,1,0,0,9,1,1,20,1,3,0,0,0,1,2,0,4,2,5,9,3
2023.0,0.0,1.0,0.0,1,4,0,0,0,0,1,9,1,1,0,0,1,1,1,21,1,3,0,0,0,2,2,0,4,2,5,3,9
2023.0,440.0,0.0,0.0,3,6,3,0,0,0,0,2,1,1,0,0,2,1,1,16,2,3,0,1,0,2,0,0,6,7,5,8,3
2023.0,-55.0,0.0,0.0,3,6,3,0,0,0,1,5,1,1,0,1,5,1,1,16,2,3,0,1,0,0,0,0,10,7,5,8,3
2023.0,-630.0,0.0,0.0,3,4,3,0,0,0,0,5,1,1,0,1,1,1,1,17,2,3,0,1,0,1,2,0,6,5,5,3,9
2023.0,-290.0,1.0,0.0,3,6,3,0,0,0,2,9,1,1,0,0,9,1,1,17,2,3,0,1,0,3,1,0,6,7,5,3,3
2023.0,-42.0,1.0,0.0,3,5,3,0,0,2,0,2,1,1,0,1,1,1,1,17,2,3,0,1,0,1,1,0,4,2,5,9,7
2023.0,0.0,0.0,0.0,3,10,0,0,0,0,1,9,1,1,0,0,9,1,1,19,2,3,0,1,0,0,1,0,5,9,5,3,9
2023.0,182.0,1.0,0.0,1,5,0,0,0,0,1,5,1,1,0,1,5,1,1,0,3,3,0,0,0,0,2,0,6,8,5,8,3
2023.0,137.0,0.0,0.0,3,2,3,1,0,0,1,1,1,1,0,0,5,1,1,12,3,3,0,0,0,0,1,0,0,2,5,8,9
2023.0,50.0,0.0,0.0,3,2,3,0,0,0,1,2,1,1,0,0,1,1,1,13,3,3,0,0,0,1,1,0,5,2,5,3,9
2023.0,-216.0,0.0,0.0,3,6,3,0,0,0,1,1,1,1,0,1,1,1,1,14,3,3,0,0,0,2,1,0,10,7,5,8,3
2023.0,-131.0,0.0,0.0,3,6,3,1,0,0,1,5,1,1,0,1,5,1,1,15,3,3,0,0,0,2,1,0,10,8,5,8,3
2023.0,0.0,1.0,0.0,3,6,3,0,0,0,1,9,1,1,0,0,9,1,1,15,3,3,0,0,0,1,1,0,3,7,5,3,8
2023.0,0.0,0.0,0.0,3,10,3,0,0,0,0,7,1,1,0,0,1,1,1,15,3,3,0,0,0,2,1,0,10,2,5,3,9
2023.0,255.0,0.0,0.0,3,6,0,1,0,0,1,1,1,1,1,1,1,1,1,18,3,3,0,1,0,1,1,0,6,7,5,6,5
2023.0,47.0,2.0,0.0,3,6,0,0,0,0,0,2,0,1,0,0,2,1,1,20,3,3,0,0,0,2,2,0,6,7,5,8,3
2023.0,-192.0,1.0,0.0,2,5,0,0,0,3,1,1,0,1,0,1,2,1,1,22,3,3,0,0,0,1,1,0,6,6,5,3,7
2023.0,243.0,1.0,0.0,1,5,0,0,0,3,0,2,1,1,0,1,5,1,1,23,3,3,0,0,0,2,1,0,6,2,5,3,7
2023.0,0.0,0.0,0.0,3,10,3,0,0,0,1,5,1,1,0,1,1,1,1,8,4,3,0,1,0,1,2,0,5,4,5,9,9
2023.0,-635.0,0.0,0.0,3,4,3,0,0,0,1,5,1,1,0,0,1,1,1,9,4,3,0,1,0,2,0,0,0,2,5,3,9
2023.0,92.0,0.0,0.0,3,6,3,0,0,0,1,9,1,1,0,1,9,1,1,13,4,3,0,0,0,1,1,0,10,8,5,2,3
2023.0,-75.0,0.0,0.0,3,10,3,0,0,0,0,2,1,1,0,1,2,1,1,13,4,3,0,0,0,1,1,0,10,7,5,8,3
2023.0,200.0,4.0,0.0,3,6,3,0,0,0,0,1,1,1,0,1,1,1,1,14,4,3,0,0,0,2,2,0,0,7,5,8,3
2023.0,0.0,0.0,0.0,3,10,3,0,0,0,2,9,1,1,0,0,9,1,1,14,4,3,0,0,0,3,1,0,3,9,5,9,9
2023.0,50.0,0.0,0.0,3,10,0,0,0,0,0,9,1,1,0,0,9,1,1,20,4,3,0,0,0,1,2,0,6,9,5,3,2
2023.0,0.0,3.0,0.0,2,2,3,0,0,0,1,9,1,1,0,1,2,1,1,11,5,3,1,0,0,1,1,0,4,2,5,3,3
2023.0,0.0,0.0,0.0,3,2,3,1,0,0,1,9,1,1,0,0,2,1,1,11,5,3,1,0,0,1,1,0,4,2,5,3,3
2023.0,0.0,0.0,0.0,3,2,3,0,0,0,1,1,1,1,0,1,2,1,1,13,5,3,1,0,0,1,1,0,5,2,5,3,5
2023.0,0.0,0.0,0.0,3,4,3,1,0,0,1,5,1,1,0,0,1,1,1,16,5,3,1,1,0,0,2,0,4,2,5,3,9
2023.0,-214.0,0.0,0.0,3,6,3,0,0,0,0,2,0,1,0,0,2,1,1,16,5,3,1,1,0,1,2,0,6,7,5,8,3
2023.0,20.0,0.0,0.0,3,10,3,0,0,0,0,1,0,1,0,0,1,1,1,16,5,3,1,1,0,1,2,0,6,9,5,6,3
2023.0,-94.0,0.0,0.0,3,10,4,0,0,0,1,5,1,1,0,0,5,1,1,17,5,3,1,1,0,1,1,0,10,2,5,3,6
2023.0,0.0,1.0,0.0,1,4,3,0,0,0,1,6,1,1,0,1,9,1,1,18,5,3,1,1,0,2,1,0,5,4,5,3,9
2023.0,0.0,0.0,0.0,3,10,0,0,0,0,1,7,1,1,0,1,9,0,1,19,5,3,1,1,0,1,1,0,4,4,5,3,9
2023.0,604.0,1.0,0.0,2,5,0,0,0,0,2,5,1,1,2,1,2,1,1,19,5,3,1,1,0,3,1,0,0,2,5,3,9
2023.0,-100.0,0.0,0.0,3,6,0,0,0,0,1,2,0,1,1,1,2,1,1,19,5,3,1,1,0,1,2,0,6,7,5,6,3
2023.0,-30.0,1.0,0.0,2,5,4,0,0,0,0,9,1,1,2,1,1,1,1,21,5,3,1,0,0,1,2,0,0,2,5,3,9
2023.0,0.0,0.0,0.0,3,4,0,0,0,0,1,2,0,1,0,1,5,1,1,22,5,3,1,0,0,2,1,0,5,4,5,3,9
2023.0,0.0,0.0,0.0,3,4,0,0,0,0,2,2,1,1,0,1,5,1,1,23,5,3,1,0,0,3,2,0,4,2,5,3,9
2023.0,0.0,0.0,0.0,3,4,0,0,0,0,1,5,1,1,0,1,2,1,1,0,6,3,1,0,0,1,1,0,5,5,5,3,9
2023.0,-107.0,0.0,0.0,3,12,3,0,0,0,2,8,1,1,1,1,2,1,1,13,6,3,1,0,0,3,1,0,10,5,5,6,5
2023.0,0.0,0.0,0.0,3,6,3,0,0,0,1,2,1,1,0,0,2,1,1,14,6,3,1,0,0,2,1,0,6,7,5,8,3
2023.0,0.0,0.0,0.0,3,4,3,0,0,0,0,2,1,1,0,0,5,1,1,16,6,3,1,1,0,2,2,0,4,2,5,3,9
2023.0,369.0,0.0,0.0,3,6,3,0,0,0,1,5,1,1,0,1,5,1,1,16,6,3,1,1,0,2,1,0,6,7,5,8,3
2023.0,0.0,2.0,0.0,2,2,3,0,0,0,1,9,1,1,0,0,5,1,1,17,6,3,1,1,0,2,1,0,4,2,5,3,9
2023.0,100.0,0.0,0.0,3,2,0,0,0,0,1,9,1,1,0,0,9,1,1,21,6,3,1,0,0,2,2,0,6,4,5,3,9
2023.0,-35.0,0.0,0.0,3,10,0,0,0,0,1,2,1,1,0,1,5,1,1,22,6,3,1,0,0,1,1,0,5,5,5,3,1
2023.0,-200.0,0.0,0.0,3,10,5,4,0,0,0,5,1,1,0,1,5,1,1,7,0,3,0,1,0,1,2,0,6,9,5,3,2
2023.0,0.0,0.0,0.0,3,2,3,0,0,0,2,9,1,1,0,0,5,1,1,11,0,3,0,0,0,3,1,0,4,2,5,9,3
2023.0,-196.0,1.0,0.0,2,2,3,0,0,0,2,5,1,1,2,0,1,1,1,13,0,3,0,0,0,3,2,0,0,2,5,5,5
2023.0,45.0,0.0,0.0,3,3,3,0,0,0,0,9,1,1,0,1,1,1,1,14,0,3,0,0,0,1,1,0,6,9,5,3,2
2023.0,-528.0,0.0,0.0,3,2,3,0,0,0,1,5,1,1,0,1,9,1,1,15,0,3,0,0,0,1,2,0,8,2,5,3,9
2023.0,0.0,1.0,0.0,2,5,3,0,0,2,1,9,1,1,0,0,5,1,1,15,0,3,0,0,0,3,1,0,10,2,5,3,3
2023.0,0.0,0.0,0.0,3,4,3,0,0,0,1,2,1,1,0,1,5,1,1,16,0,3,0,1,0,1,0,0,5,2,5,3,9
2023.0,100.0,1.0,0.0,3,6,3,0,0,0,1,9,1,1,0,1,9,1,1,16,0,3,0,1,0,0,1,0,6,7,5,8,3
2023.0,172.0,2.0,0.0,2,6,3,0,0,0,0,5,1,1,0,0,5,1,1,16,0,3,0,1,0,2,1,0,10,8,5,3,3
2023.0,0.0,0.0,0.0,3,2,3,0,0,0,2,4,1,1,0,1,6,1,1,17,0,3,0,1,0,3,2,0,4,2,5,8,9
2023.0,-136.0,1.0,0.0,3,6,3,0,0,0,0,1,1,1,0,1,1,1,1,17,0,3,0,1,0,1,1,0,10,8,5,8,3