Year,Distance,Totalinjuries,Totalfatalities,Injuryseverity,Collisionmanner,Lightcondition,Weather,SurfaceCondition,Unittype_One,Gender_Drv1,Traveldirection_One,AlcoholUse_Drv1,DrugUse_Drv1,Unittype_Two,Gender_Drv2,Traveldirection_Two,AlcoholUse_Drv2,DrugUse_Drv2,Hour,Weekday,Month,Weekend,Rush_Hour,Hazardous_Road,Age_Group_Drv1,Age_Group_Drv2,Substance_Use,Junction_Category,Violation_Category_Drv1,Violation_Category_Drv2,Unitaction_Category_Two,Unitaction_Category_One
2023.0,-64.0,0.0,0.0,3,10,0,0,0,0,0,5,1,1,0,1,5,1,1,20,0,3,0,0,0,1,0,0,4,9,5,9,9
2023.0,27.0,1.0,0.0,1,2,0,0,0,0,1,5,1,1,0,1,9,1,1,21,0,3,0,0,0,2,2,0,0,2,5,3,9
2023.0,5.0,1.0,0.0,2,5,0,0,0,0,2,5,1,1,3,1,8,1,1,4,1,3,0,0,0,3,2,0,10,2,5,7,3
2023.0,180.0,0.0,0.0,3,2,3,0,0,0,1,5,1,1,0,1,9,1,1,7,1,3,0,1,0,3,1,0,0,2,5,3,9
2023.0,354.0,0.0,0.0,3,6,3,0,0,0,1,2,1,1,0,1,2,1,1,8,1,3,0,1,0,1,2,0,6,7,5,8,3
2023.0,336.0,0.0,0.0,3,6,3,0,0,0,0,2,1,1,0,1,2,1,1,8,1,3,0,1,0,2,1,0,6,7,5,8,3
2023.0,0.0,0.0,0.0,3,4,3,0,0,0,0,9,1,1,0,1,5,1,1,9,1,3,0,1,0,2,0,0,5,5,5,9,3
2023.0,35.0,0.0,0.0,3,6,3,0,0,0,2,1,1,1,0,1,1,1,1,11,1,3,0,0,0,3,1,0,4,7,5,3,3
2023.0,0.0,1.0,0.0,3,5,3,0,0,3,1,2,1,1,0,0,1,1,1,12,1,3,0,0,0,2,1,0,4,5,5,8,5
2023.0,-75.0,3.0,0.0,2,2,3,1,0,0,1,9,1,1,3,1,9,1,1,14,1,3,0,0,0,2,2,0,6,7,5,7,3
2023.0,-130.0,0.0,0.0,3,6,3,1,0,0,1,9,1,1,0,0,9,1,1,15,1,3,0,0,0,3,1,0,10,8,5,8,3
2023.0,204.0,0.0,0.0,3,2,3,0,0,0,1,1,1,1,0,1,5,1,1,16,1,3,0,1,0,2,0,0,0,2,5,3,9
2023.0,0.0,0.0,0.0,3,6,3,1,0,0,2,1,1,1,0,1,1,1,1,17,1,3,0,1,0,3,1,0,5,7,5,8,3
2023.0,0.0,1.0,0.0,2,5,3,1,0,2,0,5,1,1,0,0,9,1,1,7,2,3,0,1,0,1,2,0,5,7,5,3,3
2023.0,0.0,1.0,1.0,0,2,3,3,4,0,1,5,1,1,0,0,9,1,1,9,2,3,0,1,1,1,0,0,5,2,5,3,9
2023.0,0.0,0.0,0.0,3,2,3,1,0,0,1,9,1,1,0,0,5,1,1,11,2,3,0,0,0,1,2,0,5,5,5,3,3
2023.0,0.0,0.0,0.0,3,12,3,0,0,0,2,9,1,1,0,0,9,1,1,12,2,3,0,0,0,3,2,0,6,9,5,3,8
2023.0,0.0,3.0,0.0,3,2,3,3,4,0,1,9,1,1,0,0,2,1,1,12,2,3,0,0,1,1,1,0,4,2,5,9,3
2023.0,-118.0,0.0,0.0,3,10,3,3,4,0,1,2,1,1,0,1,2,1,1,12,2,3,0,0,1,1,0,0,6,5,5,3,3
2023.0,250.0,0.0,0.0,3,2,3,1,0,0,1,9,1,1,0,0,9,1,1,13,2,3,0,0,0,1,1,0,6,9,5,3,9
2023.0,-160.0,0.0,0.0,3,4,3,3,4,0,1,1,1,1,0,0,2,1,1,14,2,3,0,0,1,3,1,0,0,2,5,3,9
2023.0,0.0,1.0,0.0,2,6,3,3,4,0,1,9,1,1,0,1,9,1,1,15,2,3,0,0,1,1,1,0,5,8,5,8,3
2023.0,0.0,0.0,0.0,3,4,3,1,4,0,1,1,1,1,0,0,9,1,1,16,2,3,0,1,1,1,0,0,5,2,5,9,3
2023.0,100.0,0.0,0.0,3,6,3,0,0,0,1,1,1,1,0,0,1,1,1,16,2,3,0,1,0,2,1,0,10,8,5,8,3
2023.0,-50.0,0.0,0.0,3,6,5,4,3,0,1,5,1,1,0,0,5,1,1,17,2,3,0,1,0,2,2,0,6,5,5,5,5
2023.0,1.0,0.0,0.0,3,2,0,3,4,0,1,9,1,1,0,1,9,1,1,19,2,3,0,1,1,1,1,0,6,9,5,3,2
2023.0,0.0,1.0,0.0,2,4,3,1,4,0,0,9,1,1,3,0,2,1,1,7,3,3,0,1,1,1,1,0,5,2,5,7,9
2023.0,-75.0,1.0,0.0,2,6,3,1,0,0,0,2,1,1,0,0,2,1,1,7,3,3,0,1,0,1,1,0,10,7,5,8,3
2023.0,-381.0,1.0,0.0,3,6,3,0,0,0,0,1,1,1,0,1,1,1,1,8,3,3,0,1,0,1,1,0,6,7,5,8,3
2023.0,1500.0,0.0,0.0,3,11,3,0,0,0,1,1,1,1,0,1,9,1,1,9,3,3,0,1,0,1,2,0,5,9,5,3,9
2023.0,0.0,0.0,0.0,3,4,3,1,0,0,1,1,1,1,0,1,9,1,1,10,3,3,0,0,0,2,1,0,5,2,5,3,9
2023.0,0.0,0.0,0.0,3,2,3,0,0,0,1,1,1,1,0,1,1,1,1,14,3,3,0,0,0,2,2,0,5,5,5,9,3
2023.0,-449.0,0.0,0.0,3,4,3,1,0,0,0,9,1,1,0,0,1,1,1,16,3,3,0,1,0,1,1,0,6,2,5,3,9
2023.0,-191.0,1.0,0.0,3,2,3,0,0,0,0,5,1,1,0,1,2,1,1,17,3,3,0,1,0,1,1,0,10,2,5,3,9
2023.0,100.0,0.0,0.0,3,6,3,0,0,0,0,5,1,1,0,1,5,1,1,17,3,3,0,1,0,2,2,0,10,7,5,8,3
2023.0,-337.0,0.0,0.0,3,10,3,1,0,0,1,2,1,1,0,0,2,1,1,17,3,3,0,1,0,0,2,0,6,9,5,3,2
2023.0,0.0,1.0,0.0,2,2,3,0,3,0,1,1,1,1,0,1,5,1,1,17,3,3,0,1,0,3,1,0,5,2,5,3,3
2023.0,-53.0,0.0,0.0,3,6,0,1,4,0,1,2,1,1,0,0,2,1,1,18,3,3,0,1,1,2,1,0,10,8,5,8,3
2023.0,100.0,0.0,0.0,3,9,4,0,0,0,2,9,1,1,1,1,1,1,1,18,3,3,0,1,0,3,1,0,10,5,5,6,3
2023.0,70.0,0.0,0.0,3,6,0,0,0,0,1,1,1,1,0,1,1,1,1,19,3,3,0,1,0,2,1,0,10,8,5,8,8
2023.0,-50.0,0.0,0.0,3,6,0,0,0,0,1,2,0,1,0,1,2,1,1,22,3,3,0,0,0,1,2,0,4,8,5,8,3
2023.0,0.0,0.0,0.0,3,2,0,0,0,0,1,1,1,1,0,1,2,1,1,1,4,3,0,0,0,2,1,0,4,2,5,3,3
2023.0,0.0,0.0,0.0,3,4,2,0,0,0,0,3,1,1,0,1,9,1,1,6,4,3,0,0,0,1,1,0,4,2,5,3,9
2023.0,-500.0,0.0,0.0,3,2,3,0,0,0,0,2,1,1,0,0,9,1,1,8,4,3,0,1,0,1,1,0,0,2,5,9,3
2023.0,-203.0,0.0,0.0,3,2,3,0,0,0,1,2,1,1,0,1,9,1,1,8,4,3,0,1,0,2,1,0,0,2,5,3,9
2023.0,-65.0,0.0,0.0,3,6,3,0,0,0,1,1,1,1,0,1,1,1,1,10,4,3,0,0,0,1,0,0,10,8,5,8,3
2023.0,100.0,0.0,0.0,3,6,3,0,0,0,1,5,1,1,0,1,5,1,1,12,4,3,0,0,0,2,1,0,10,7,5,8,3
2023.0,0.0,0.0,0.0,3,4,3,0,0,0,0,9,1,1,0,0,5,1,1,12,4,3,0,0,0,2,2,0,4,4,5,3,9
2023.0,0.0,0.0,0.0,3,2,3,0,0,0,1,2,1,1,0,1,1,1,1,12,4,3,0,0,0,0,1,0,4,2,5,3,9
2023.0,426.0,0.0,0.0,3,4,3,0,0,0,0,2,1,1,0,1,5,1,1,15,4,3,0,0,0,1,1,0,6,2,5,3,9
2023.0,82.0,0.0,0.0,3,6,3,0,0,0,2,9,1,1,0,1,9,1,1,16,4,3,0,1,0,3,0,0,10,8,5,8,3
2023.0,0.0,1.0,0.0,3,5,3,0,0,2,1,9,1,1,0,0,5,1,1,16,4,3,0,1,0,1,1,0,5,5,5,9,7
2023.0,146.0,0.0,0.0,3,10,3,0,0,0,0,5,1,1,0,1,5,1,1,16,4,3,0,1,0,2,2,0,10,9,5,3,2
2023.0,50.0,0.0,0.0,3,6,0,0,0,0,1,9,1,1,0,1,9,1,1,21,4,3,0,0,0,2,2,0,10,7,5,9,8
2023.0,-20.0,1.0,0.0,3,6,0,0,0,0,0,2,1,1,0,1,2,1,1,0,5,3,1,0,0,1,2,0,10,7,5,8,3
2023.0,210.0,1.0,0.0,3,6,0,0,0,0,1,9,1,1,0,1,1,1,1,0,5,3,1,0,0,0,2,0,6,9,5,3,3
2023.0,0.0,3.0,0.0,2,2,0,0,0,0,1,5,1,1,0,0,1,1,1,1,5,3,1,0,0,2,2,0,4,5,5,3,3
2023.0,-100.0,0.0,0.0,3,5,0,0,0,0,0,2,0,1,0,1,2,1,1,2,5,3,1,0,0,1,1,0,10,5,5,3,5
2023.0,188.0,0.0,0.0,3,2,3,0,0,0,1,2,1,1,0,0,1,1,1,10,5,3,1,0,0,1,1,0,10,2,5,3,9
2023.0,15.0,0.0,0.0,3,6,3,0,0,0,0,5,1,1,0,1,5,1,1,11,5,3,1,0,0,1,0,0,5,7,5,9,9
2023.0,-117.0,1.0,0.0,2,6,3,0,0,0,1,5,1,1,0,1,5,1,1,12,5,3,1,0,0,1,2,0,10,7,5,9,3
2023.0,0.0,0.0,0.0,3,4,3,0,0,0,1,5,1,1,0,1,2,1,1,14,5,3,1,0,0,1,1,0,4,2,5,3,9
2023.0,-115.0,0.0,0.0,3,10,3,0,0,0,0,5,1,1,0,1,5,1,1,16,5,3,1,1,0,0,1,0,10,9,5,3,2
2023.0,0.0,3.0,0.0,3,2,3,0,0,0,1,9,1,1,0,0,5,1,1,18,5,3,1,1,0,0,1,0,4,5,5,3,3
2023.0,165.0,0.0,0.0,3,10,0,0,0,0,0,2,1,1,0,0,2,1,1,19,5,3,1,1,0,2,1,0,6,5,5,3,2
2023.0,-583.0,0.0,0.0,3,10,0,0,0,0,0,9,1,1,0,1,7,1,1,19,5,3,1,1,0,2,1,0,6,9,5,3,2
2023.0,-55.0,0.0,0.0,3,6,0,4,0,0,1,1,1,1,0,1,1,1,1,19,5,3,1,1,0,1,1,0,6,7,5,3,3
2023.0,0.0,2.0,0.0,2,4,2,0,0,0,1,9,1,1,0,1,5,1,1,6,6,3,1,0,0,1,1,0,4,2,5,9,3
2023.0,246.0,0.0,0.0,3,4,3,1,0,0,1,2,1,1,0,0,9,1,1,12,6,3,1,0,0,1,1,0,0,2,5,3,9
2023.0,-89.0,0.0,0.0,3,6,3,1,0,0,1,2,1,1,0,0,2,1,1,13,6,3,1,0,0,1,1,0,10,8,5,8,3
2023.0,0.0,0.0,0.0,3,2,3,1,0,0,0,5,1,1,0,0,2,1,1,15,6,3,1,0,0,2,2,0,4,2,5,9,3
2023.0,0.0,0.0,0.0,3,4,3,1,0,0,1,9,1,1,0,0,1,1,1,17,6,3,1,1,0,2,2,0,5,2,5,3,9
2023.0,0.0,0.0,0.0,3,2,3,0,0,0,1,2,1,1,0,0,1,1,1,18,6,3,1,1,0,2,1,0,4,5,5,3,3
2023.0,300.0,0.0,0.0,3,6,0,0,0,0,2,5,1,1,0,1,5,1,1,19,6,3,1,1,0,3,0,0,6,7,5,8,3
2023.0,145.0,0.0,0.0,3,10,0,1,0,0,0,1,1,1,0,0,1,1,1,21,6,3,1,0,0,2,2,0,6,9,5,3,2
2023.0,-10.0,0.0,0.0,3,10,0,0,0,0,2,9,1,1,0,0,9,1,1,22,6,3,1,0,0,3,2,0,10,9,5,3,3
2023.0,0.0,1.0,0.0,2,2,0,0,0,0,1,9,1,1,1,1,1,1,1,0,0,3,0,0,0,2,2,0,6,7,5,6,3
2023.0,-5.0,0.0,0.0,3,6,0,4,0,0,2,5,1,1,0,0,5,1,1,7,0,3,0,1,0,3,1,0,10,5,5,6,5
2023.0,0.0,0.0,0.0,3,10,3,1,0,0,0,2,1,1,0,1,2,1,1,8,0,3,0,1,0,0,1,0,4,9,5,9,9
2023.0,-150.0,0.0,0.0,3,10,3,1,0,0,0,9,1,1,0,0,9,1,1,11,0,3,0,0,0,2,1,0,6,9,5,3,2
2023.0,0.0,1.0,0.0,3,6,3,1,0,0,1,5,1,1,0,1,5,1,1,12,0,3,0,0,0,1,2,0,10,7,5,8,3
2023.0,-180.0,0.0,0.0,3,4,3,0,0,0,0,1,1,1,0,1,2,1,1,12,0,3,0,0,0,2,1,0,0,4,5,3,9
2023.0,40.0,1.0,0.0,3,6,3,0,0,0,1,9,1,1,0,1,9,1,1,14,0,3,0,0,0,1,1,0,10,8,5,3,3
2023.0,-60.0,0.0,0.0,3,6,3,0,0,0,1,5,1,1,0,1,5,1,1,15,0,3,0,0,0,0,1,0,6,7,5,8,3
2023.0,0.0,0.0,0.0,3,4,0,0,0,0,0,5,1,1,0,1,2,1,1,18,0,3,0,1,0,0,2,0,5,2,5,3,9
2023.0,96.0,0.0,0.0,3,6,0,0,0,0,1,5,1,1,0,1,5,1,1,19,0,3,0,1,0,1,1,0,10,8,5,3,3
2023.0,77.0,0.0,0.0,3,6,3,1,0,0,0,5,1,1,0,1,5,1,1,11,1,3,0,0,0,0,1,0,10,4,5,8,1
2023.0,0.0,2.0,0.0,3,4,3,1,0,0,1,2,1,1,0,1,5,1,1,11,1,3,0,0,0,0,2,0,4,9,5,3,9
2023.0,300.0,0.0,0.0,3,4,3,1,0,0,0,1,1,1,0,1,2,1,1,11,1,3,0,0,0,2,2,0,10,4,5,3,3
2023.0,-200.0,1.0,0.0,3,10,3,1,0,0,0,2,1,1,0,1,2,1,1,12,1,3,0,0,0,1,1,0,6,7,4,9,3
2023.0,0.0,1.0,0.0,3,2,3,1,4,0,1,9,1,1,0,0,5,1,1,12,1,3,0,0,1,1,1,0,4,2,5,3,3
2023.0,0.0,1.0,0.0,3,6,3,1,0,0,1,6,0,1,0,1,6,1,1,13,1,3,0,0,0,0,2,0,6,7,5,8,3
2023.0,72.0,0.0,0.0,3,10,3,1,0,0,0,2,1,1,0,0,2,1,1,14,1,3,0,0,0,0,1,0,10,5,5,3,3
2023.0,50.0,0.0,0.0,3,6,3,1,0,0,0,2,1,1,0,1,2,1,1,16,1,3,0,1,0,1,1,0,4,7,5,8,3
2023.0,0.0,0.0,0.0,3,6,3,1,0,0,0,2,1,1,0,0,2,1,1,16,1,3,0,1,0,1,2,0,3,7,5,8,3
2023.0,-7.0,1.0,0.0,2,5,3,1,0,0,2,1,1,1,2,0,5,1,1,17,1,3,0,1,0,3,0,0,10,2,5,7,9
2023.0,0.0,0.0,0.0,3,6,3,1,0,0,0,2,1,1,0,0,2,1,1,17,1,3,0,1,0,1,2,0,6,7,7,8,3
2023.0,0.0,2.0,0.0,3,9,4,1,0,0,2,1,1,1,0,0,9,1,1,17,1,3,0,1,0,3,1,0,4,9,5,8,9
2023.0,90.0,1.0,0.0,3,6,0,0,0,0,2,9,1,1,0,0,9,1,1,19,1,3,0,1,0,3,1,0,10,7,5,8,3
2023.0,124.0,1.0,0.0,3,6,0,0,0,0,2,5,1,1,0,0,5,1,1,21,1,3,0,0,0,3,1,0,10,5,5,8,5
2023.0,0.0,1.0,0.0,2,4,0,0,0,0,1,2,1,1,0,1,1,1,1,22,1,3,0,0,0,1,1,0,4,2,5,9,3
2023.0,463.0,0.0,0.0,3,6,1,0,0,0,0,1,0,1,1,1,1,1,1,22,1,3,0,0,0,1,0,0,6,5,5,6,5
2023.0,-100.0,0.0,0.0,3,6,3,0,0,0,1,1,1,1,0,1,1,1,1,6,2,3,0,0,0,1,2,0,6,8,5,8,3
2023.0,81.0,0.0,0.0,3,6,3,3,4,0,1,5,1,1,0,0,5,1,1,10,2,3,0,0,1,2,0,0,10,7,5,8,3
2023.0,0.0,0.0,0.0,3,2,3,1,0,0,0,1,1,1,0,0,9,1,1,12,2,3,0,0,0,2,1,0,4,2,5,3,9
2023.0,168.0,0.0,0.0,3,6,3,1,0,0,0,5,1,1,0,0,5,1,1,12,2,3,0,0,0,1,2,0,10,7,5,8,3
2023.0,-110.0,0.0,0.0,3,10,3,1,0,0,1,1,1,1,0,1,1,1,1,13,2,3,0,0,0,2,1,0,10,5,5,8,3
2023.0,-162.0,1.0,0.0,3,6,3,1,0,0,1,2,1,1,0,0,2,1,1,13,2,3,0,0,0,3,1,0,10,8,5,8,3
2023.0,25.0,0.0,0.0,3,6,3,1,0,0,0,5,1,1,0,1,5,1,1,14,2,3,0,0,0,1,2,0,4,7,5,9,9
2023.0,242.0,0.0,0.0,3,10,3,1,0,0,1,2,1,1,0,1,2,1,1,14,2,3,0,0,0,2,1,0,6,7,5,8,3
2023.0,105.0,1.0,0.0,3,6,3,1,0,0,1,5,1,1,0,0,5,1,1,14,2,3,0,0,0,2,1,0,10,8,5,8,3
2023.0,0.0,0.0,0.0,3,2,3,1,0,0,0,5,1,1,0,1,9,1,1,15,2,3,0,0,0,2,2,0,5,2,5,3,9
2023.0,578.0,0.0,0.0,3,2,3,1,0,0,0,2,1,1,0,1,9,1,1,15,2,3,0,0,0,2,1,0,10,2,5,3,9
2023.0,-630.0,0.0,0.0,3,2,3,1,0,0,2,1,1,1,0,0,5,1,1,15,2,3,0,0,0,3,1,0,0,2,5,3,9
2023.0,200.0,0.0,0.0,3,6,3,0,0,0,0,5,1,1,0,1,2,1,1,17,2,3,0,1,0,0,0,0,10,4,5,3,9
2023.0,0.0,0.0,0.0,3,6,4,0,0,0,1,9,1,1,0,1,9,1,1,18,2,3,0,1,0,2,0,0,4,7,5,8,3
2023.0,-120.0,1.0,0.0,3,6,4,0,0,0,1,9,1,1,0,1,9,1,1,18,2,3,0,1,0,1,2,0,10,7,5,8,3
2023.0,0.0,0.0,0.0,3,2,0,1,0,0,1,2,1,1,0,0,1,1,1,21,2,3,0,0,0,1,2,0,4,2,5,3,3
2023.0,134.0,0.0,0.0,3,10,0,0,0,0,1,2,0,1,1,1,2,1,1,5,3,3,0,0,0,2,1,0,6,7,5,6,3
2023.0,0.0,0.0,0.0,3,4,0,0,0,0,1,1,1,1,0,1,9,1,1,5,3,3,0,0,0,1,1,0,4,2,5,3,9
2023.0,0.0,0.0,0.0,3,10,3,0,0,0,1,5,1,1,0,0,5,1,1,6,3,3,0,0,0,0,2,0,4,9,5,3,2
2023.0,20.0,0.0,0.0,3,6,3,0,0,0,0,5,1,1,0,1,5,1,1,6,3,3,0,0,0,1,1,0,10,7,5,8,3
2023.0,0.0,0.0,0.0,3,2,2,0,0,0,0,1,1,1,0,0,2,1,1,7,3,3,0,1,0,1,1,0,5,2,5,9,9
2023.0,115.0,0.0,0.0,3,10,3,0,0,0,1,1,1,1,0,0,1,1,1,7,3,3,0,1,0,2,1,0,6,9,5,3,2
2023.0,0.0,0.0,0.0,3,2,3,0,0,0,1,2,1,1,0,1,5,1,1,11,3,3,0,0,0,1,1,0,4,2,5,9,3
2023.0,44.0,1.0,0.0,3,5,3,1,0,3,0,1,1,1,0,1,5,1,1,15,3,3,0,0,0,2,2,0,10,2,5,9,7
2023.0,518.0,1.0,0.0,2,2,3,1,0,0,1,6,1,1,0,1,5,1,1,15,3,3,0,0,0,1,0,0,0,2,5,3,9
2023.0,-229.0,0.0,0.0,3,10,3,0,0,0,0,2,1,1,0,1,2,1,1,15,3,3,0,0,0,1,1,0,10,9,5,3,2
2023.0,220.0,0.0,0.0,3,6,3,0,0,0,1,1,1,1,0,0,1,1,1,15,3,3,0,0,0,2,1,0,6,7,5,8,3
2023.0,-452.0,0.0,0.0,3,2,3,0,0,0,1,4,1,1,0,1,2,1,1,15,3,3,0,0,0,1,2,0,0,2,5,3,9
2023.0,300.0,0.0,0.0,3,10,3,1,0,0,0,2,1,1,0,1,2,1,1,16,3,3,0,1,0,0,0,0,0,9,5,3,2
2023.0,0.0,0.0,0.0,3,10,3,0,0,0,1,1,1,1,0,0,1,1,1,16,3,3,0,1,0,1,1,0,5,5,5,3,2
2023.0,162.0,0.0,0.0,3,10,3,0,0,0,2,1,1,1,1,1,1,1,1,16,3,3,0,1,0,3,0,0,6,5,5,6,5
2023.0,69.0,1.0,0.0,2,5,3,0,0,0,0,9,1,1,3,0,1,1,1,17,3,3,0,1,0,2,2,0,4,5,5,7,9
2023.0,-208.0,1.0,0.0,3,6,3,0,0,0,1,1,1,1,0,0,1,1,1,17,3,3,0,1,0,1,2,0,6,8,5,8,3
2023.0,287.0,2.0,0.0,2,5,0,0,0,0,1,5,1,1,0,1,2,1,1,19,3,3,0,1,0,1,2,0,6,2,5,3,9
2023.0,0.0,0.0,0.0,3,2,0,0,0,0,2,5,1,1,0,1,9,1,1,22,3,3,0,0,0,3,2,0,5,2,5,3,9
2023.0,-426.0,2.0,0.0,2,4,3,0,0,0,1,1,1,1,0,1,5,1,1,7,4,3,0,1,0,2,1,0,6,2,5,3,5
2023.0,0.0,0.0,0.0,3,6,3,0,0,0,0,9,1,1,0,1,9,1,1,11,4,3,0,0,0,2,1,0,3,7,5,8,8
2023.0,0.0,0.0,0.0,3,10,3,0,0,0,0,2,1,1,0,0,3,1,1,11,4,3,0,0,0,1,2,0,4,5,5,9,3
2023.0,335.0,0.0,0.0,3,2,3,0,0,0,1,6,1,1,0,1,1,1,1,13,4,3,0,0,0,1,1,0,6,2,5,3,9
2023.0,-65.0,0.0,0.0,3,6,3,0,0,0,1,9,1,1,0,1,9,1,1,13,4,3,0,0,0,1,1,0,10,9,5,3,2
2023.0,0.0,5.0,0.0,3,2,3,0,0,0,1,9,1,1,0,0,2,1,1,14,4,3,0,0,0,1,1,0,4,2,5,3,3
2023.0,136.0,0.0,0.0,3,6,3,0,0,0,1,1,1,1,0,0,1,1,1,16,4,3,0,1,0,2,0,0,6,8,5,8,3
2023.0,25.0,0.0,0.0,3,6,3,0,0,0,2,1,1,1,0,1,1,1,1,16,4,3,0,1,0,3,1,0,10,7,5,3,3
2023.0,91.0,2.0,0.0,3,6,3,0,0,0,1,5,1,1,0,1,5,1,1,16,4,3,0,1,0,2,1,0,10,7,5,8,3
2023.0,140.0,3.0,0.0,3,2,3,0,0,0,1,1,1,1,0,1,2,1,1,17,4,3,0,1,0,2,1,0,0,2,5,3,9
2023.0,0.0,2.0,0.0,2,4,0,0,0,0,0,1,1,1,0,1,9,1,1,18,4,3,0,1,0,1,1,0,4,5,5,9,3
2023.0,-165.0,0.0,0.0,3,10,0,0,0,0,1,9,1,1,0,1,9,0,1,19,4,3,0,1,0,1,2,0,10,9,5,3,2
2023.0,0.0,3.0,0.0,3,2,0,0,0,0,1,2,1,1,0,0,1,1,1,20,4,3,0,0,0,2,1,0,4,2,5,3,9
2023.0,0.0,1.0,0.0,3,5,1,0,0,3,1,1,1,1,0,1,5,1,1,5,5,3,1,0,0,1,1,0,6,5,5,3,7
2023.0,0.0,1.0,0.0,1,4,0,0,0,0,1,2,1,1,0,1,9,1,1,5,5,3,1,0,0,2,2,0,4,2,5,3,9
2023.0,-50.0,2.0,0.0,1,4,3,0,0,0,1,1,0,1,0,0,5,1,1,7,5,3,1,1,0,2,1,0,4,2,5,3,9
2023.0,-427.0,0.0,0.0,3,2,3,0,0,0,1,1,1,1,0,1,5,1,1,11,5,3,1,0,0,1,1,0,6,2,5,3,9
2023.0,696.0,1.0,0.0,1,4,3,0,0,0,1,1,1,1,0,1,9,1,1,18,5,3,1,1,0,1,1,0,0,2,5,3,9
2023.0,630.0,0.0,0.0,3,6,0,0,0,0,1,5,1,1,0,1,5,1,1,20,5,3,1,0,0,1,2,0,6,8,5,8,3
2023.0,0.0,0.0,0.0,3,4,0,0,0,0,2,2,1,1,0,1,9,1,1,1,6,3,1,0,0,3,2,0,4,2,5,3,9
2023.0,0.0,0.0,0.0,3,4,3,0,0,0,0,9,1,1,0,1,1,1,1,9,6,3,1,1,0,1,1,0,4,2,5,3,9
2023.0,200.0,0.0,0.0,3,10,3,0,0,0,1,2,1,1,0,1,2,1,1,12,6,3,1,0,0,1,1,0,6,7,5,9,3
2023.0,-285.0,0.0,0.0,3,6,3,0,0,0,0,9,1,1,0,0,9,1,1,14,6,3,1,0,0,2,1,0,10,8,5,8,3
2023.0,0.0,2.0,0.0,3,4,3,0,0,0,1,1,1,1,0,0,9,1,1,15,6,3,1,0,0,1,1,0,4,2,5,9,3
2023.0,15.0,0.0,0.0,3,2,3,0,0,0,1,2,0,1,0,1,9,1,1,17,6,3,1,1,0,1,1,0,10,4,5,5,9
2023.0,25.0,0.0,0.0,3,6,3,0,0,0,0,9,1,1,0,0,9,1,1,18,6,3,1,1,0,2,1,0,10,8,5,8,3
2023.0,61.0,0.0,0.0,3,6,0,0,0,0,1,1,0,1,1,1,1,1,1,21,6,3,1,0,0,1,1,0,6,7,5,6,3
2023.0,0.0,2.0,0.0,3,2,3,0,0,0,1,1,1,1,0,0,2,1,1,8,0,3,0,1,0,1,1,0,4,2,5,9,3
2023.0,-230.0,1.0,0.0,3,5,3,0,0,0,1,5,1,1,2,1,9,1,1,10,0,3,0,0,0,3,2,0,0,5,5,7,9
2023.0,0.0,0.0,0.0,3,6,3,0,0,0,1,2,1,1,0,1,2,1,1,12,0,3,0,0,0,2,1,0,3,7,5,8,3
2023.0,90.0,0.0,0.0,3,6,3,4,0,0,2,5,1,1,0,1,5,1,1,12,0,3,0,0,0,3,2,0,10,5,5,8,5
2023.0,-100.0,0.0,0.0,3,10,3,0,3,0,1,1,1,1,0,0,1,1,1,14,0,3,0,0,0,1,0,0,6,5,5,3,3
2023.0,-380.0,0.0,0.0,3,6,3,1,0,0,1,1,1,1,0,1,1,1,1,14,0,3,0,0,0,1,1,0,6,5,5,5,1
2023.0,160.0,0.0,0.0,3,2,3,0,0,0,1,5,1,1,0,0,9,1,1,15,0,3,0,0,0,2,1,0,10,2,5,3,9
2023.0,-95.0,3.0,0.0,3,6,3,1,0,0,1,2,1,1,0,1,2,1,1,15,0,3,0,0,0,1,2,0,10,8,5,8,3
2023.0,35.0,0.0,0.0,3,10,3,0,0,0,0,1,1,1,0,0,1,1,1,16,0,3,0,1,0,0,1,0,10,9,5,3,2
2023.0,75.0,0.0,0.0,3,6,3,0,0,0,0,5,1,1,0,0,5,1,1,17,0,3,0,1,0,3,1,0,10,8,5,8,3
2023.0,0.0,4.0,0.0,2,2,3,0,0,0,0,5,1,1,0,1,9,1,1,7,1,3,0,1,0,0,1,0,4,2,5,3,3
2023.0,-100.0,0.0,0.0,3,10,3,0,0,0,0,9,1,1,0,1,9,1,1,12,1,3,0,0,0,0,1,0,10,5,5,5,5
2023.0,0.0,0.0,0.0,3,10,3,0,0,0,1,1,1,1,0,0,1,1,1,13,1,3,0,0,0,1,1,0,3,5,5,9,9
2023.0,378.0,1.0,0.0,2,4,3,0,0,0,0,9,1,1,0,1,1,1,1,15,1,3,0,0,0,0,2,0,6,2,5,3,9
2023.0,-75.0,1.0,0.0,3,6,3,0,0,0,0,2,1,1,0,0,2,1,1,15,1,3,0,0,0,1,1,0,10,8,5,8,3
2023.0,0.0,0.0,0.0,3,6,3,0,0,0,1,1,1,1,0,0,1,1,1,17,1,3,0,1,0,1,1,0,5,7,5,3,3
2023.0,350.0,1.0,0.0,2,2,3,0,0,0,1,1,1,1,0,1,2,1,1,17,1,3,0,1,0,1,2,0,0,2,5,3,9
2023.0,-5.0,1.0,0.0,3,5,0,0,0,0,1,2,1,1,3,1,9,1,1,21,1,3,0,0,0,3,2,0,10,2,5,7,9