Year,Distance,Totalinjuries,Totalfatalities,Injuryseverity,Collisionmanner,Lightcondition,Weather,SurfaceCondition,Unittype_One,Gender_Drv1,Traveldirection_One,AlcoholUse_Drv1,DrugUse_Drv1,Unittype_Two,Gender_Drv2,Traveldirection_Two,AlcoholUse_Drv2,DrugUse_Drv2,Hour,Weekday,Month,Weekend,Rush_Hour,Hazardous_Road,Age_Group_Drv1,Age_Group_Drv2,Substance_Use,Junction_Category,Violation_Category_Drv1,Violation_Category_Drv2,Unitaction_Category_Two,Unitaction_Category_One
2023.0,0.0,0.0,0.0,3,10,0,0,0,0,1,5,1,1,0,0,5,1,1,4,2,3,0,0,0,1,0,0,10,5,5,9,9
2023.0,185.0,0.0,0.0,3,10,3,0,0,0,1,9,1,1,0,1,9,1,1,7,2,3,0,1,0,1,1,0,10,9,5,3,2
2023.0,0.0,0.0,0.0,3,10,3,0,0,0,0,2,1,1,0,1,2,1,1,7,2,3,0,1,0,1,1,0,10,8,5,8,2
2023.0,0.0,0.0,0.0,3,2,3,0,0,0,0,5,1,1,0,1,1,1,1,8,2,3,0,1,0,2,1,0,5,2,5,9,9
2023.0,0.0,0.0,0.0,3,4,3,0,0,0,1,5,1,1,0,0,2,1,1,9,2,3,0,1,0,2,2,0,5,9,5,3,9
2023.0,0.0,0.0,0.0,3,2,3,0,0,0,1,9,1,1,0,1,2,1,1,11,2,3,0,0,0,2,1,0,4,2,5,3,3
2023.0,-94.0,0.0,0.0,3,10,3,0,0,0,1,9,1,1,0,1,9,1,1,12,2,3,0,0,0,2,2,0,10,9,5,3,2
2023.0,10.0,0.0,0.0,3,12,4,0,0,0,2,8,1,1,1,1,5,1,1,15,2,3,0,0,0,3,1,0,6,7,5,6,5
2023.0,0.0,1.0,0.0,3,2,3,0,0,0,1,2,1,1,0,0,1,1,1,15,2,3,0,0,0,2,0,0,5,2,5,3,9
2023.0,105.0,0.0,0.0,3,6,3,0,0,0,1,1,1,1,0,0,1,1,1,15,2,3,0,0,0,2,1,0,6,7,5,8,3
2023.0,50.0,0.0,0.0,3,6,3,0,0,0,1,1,1,1,0,1,1,1,1,16,2,3,0,1,0,0,1,0,6,5,5,3,2
2023.0,-260.0,1.0,0.0,2,4,3,0,0,0,1,9,1,1,0,0,2,1,1,17,2,3,0,1,0,2,1,0,6,2,5,3,9
2023.0,-200.0,0.0,0.0,3,4,3,0,0,0,1,2,1,1,0,1,5,1,1,17,2,3,0,1,0,1,1,0,10,2,5,3,9
2023.0,0.0,0.0,0.0,3,10,3,0,3,0,2,1,1,1,0,0,1,1,1,17,2,3,0,1,0,3,2,0,10,5,5,8,3
2023.0,0.0,0.0,0.0,3,6,3,0,0,0,1,2,1,1,0,0,2,1,1,18,2,3,0,1,0,1,0,0,6,7,5,8,3
2023.0,15.0,0.0,0.0,3,11,0,0,0,0,1,7,1,1,0,0,9,1,1,18,2,3,0,1,0,2,2,0,6,2,5,3,9
2023.0,0.0,0.0,0.0,3,4,0,0,0,0,0,9,1,1,0,1,3,1,1,19,2,3,0,1,0,1,0,0,4,5,5,9,3
2023.0,0.0,0.0,0.0,3,2,0,0,0,0,0,9,1,1,0,1,1,1,1,20,2,3,0,0,0,2,0,0,4,5,5,9,3
2023.0,-315.0,2.0,0.0,1,6,0,0,0,0,1,1,1,1,0,1,1,1,1,22,2,3,0,0,0,1,1,0,6,2,5,3,3
2023.0,0.0,0.0,0.0,3,2,3,1,0,0,0,2,1,1,0,1,9,1,1,7,3,3,0,1,0,1,0,0,4,4,5,3,9
2023.0,-84.0,0.0,0.0,3,6,3,0,0,0,0,2,1,1,0,1,2,1,1,7,3,3,0,1,0,1,1,0,10,7,5,8,3
2023.0,60.0,0.0,0.0,3,10,3,1,0,0,1,5,1,1,0,1,5,1,1,10,3,3,0,0,0,1,2,0,4,9,5,9,9
2023.0,58.0,0.0,1.0,0,5,3,0,0,0,1,9,1,1,3,0,5,1,1,11,3,3,0,0,0,1,0,0,10,5,5,7,9
2023.0,-145.0,0.0,0.0,3,10,3,0,0,0,1,1,1,1,0,1,1,1,1,13,3,3,0,0,0,1,1,0,6,9,5,3,2
2023.0,500.0,0.0,0.0,3,6,3,0,0,0,2,9,1,1,0,1,9,1,1,13,3,3,0,0,0,3,2,0,6,7,5,8,3
2023.0,160.0,1.0,0.0,2,2,3,1,0,2,1,1,1,1,0,1,5,1,1,13,3,3,0,0,0,1,2,0,0,5,5,9,3
2023.0,0.0,0.0,0.0,3,2,3,0,0,0,1,1,1,1,0,0,9,1,1,14,3,3,0,0,0,1,2,0,4,2,5,3,9
2023.0,250.0,1.0,0.0,3,4,3,0,0,0,1,2,1,1,0,1,1,1,1,15,3,3,0,0,0,0,0,0,0,4,5,3,9
2023.0,640.0,0.0,0.0,3,2,3,0,0,0,1,9,1,0,0,1,1,1,1,15,3,3,0,0,0,1,1,0,6,5,5,3,9
2023.0,39.0,0.0,0.0,3,6,3,1,0,0,0,2,1,1,0,1,2,1,1,15,3,3,0,0,0,2,1,0,10,8,5,8,9
2023.0,50.0,0.0,0.0,3,6,3,0,0,0,1,5,1,1,0,0,5,1,1,17,3,3,0,1,0,1,1,0,10,7,5,8,3
2023.0,-15.0,0.0,0.0,3,6,3,0,0,0,1,1,1,1,0,0,1,1,1,17,3,3,0,1,0,1,0,0,10,7,5,8,3
2023.0,-1083.0,2.0,0.0,3,2,3,0,0,0,0,2,1,1,0,0,1,1,1,17,3,3,0,1,0,2,1,0,0,2,5,3,9
2023.0,67.0,0.0,0.0,3,2,5,4,0,0,2,5,1,1,0,1,9,1,1,18,3,3,0,1,0,3,1,0,6,5,5,3,5
2023.0,0.0,0.0,0.0,3,2,0,0,0,0,0,5,1,1,0,0,2,1,1,20,3,3,0,0,0,2,1,0,4,2,5,3,9
2023.0,29.0,0.0,0.0,3,10,0,0,0,0,1,9,1,1,0,1,9,1,1,21,3,3,0,0,0,1,1,0,10,4,5,3,9
2023.0,50.0,0.0,0.0,3,10,0,0,0,0,0,2,0,1,0,0,2,1,1,23,3,3,0,0,0,1,2,0,6,9,5,3,2
2023.0,-30.0,1.0,0.0,3,6,0,0,0,0,0,2,1,1,0,1,2,1,1,1,4,3,0,0,0,1,1,0,10,7,5,8,3
2023.0,0.0,0.0,0.0,3,6,3,0,0,0,0,9,1,1,0,0,9,1,1,11,4,3,0,0,0,1,2,0,4,8,5,3,8
2023.0,416.0,1.0,0.0,2,4,3,0,0,0,0,2,1,1,2,0,5,1,1,11,4,3,0,0,0,1,2,0,0,2,5,3,9
2023.0,-50.0,0.0,0.0,3,10,3,0,0,0,0,9,1,1,0,1,9,1,1,11,4,3,0,0,0,1,1,0,10,9,5,8,3
2023.0,105.0,0.0,0.0,3,6,3,0,0,0,0,5,1,1,0,0,5,1,1,12,4,3,0,0,0,1,1,0,4,7,5,8,3
2023.0,0.0,0.0,0.0,3,10,3,0,0,0,0,9,1,1,0,0,9,1,1,12,4,3,0,0,0,2,0,0,5,5,5,9,9
2023.0,0.0,0.0,0.0,3,4,3,0,0,0,2,2,1,1,0,1,5,1,1,14,4,3,0,0,0,3,2,0,4,2,5,9,3
2023.0,-100.0,0.0,0.0,3,6,3,0,0,0,2,5,1,1,0,1,5,1,1,15,4,3,0,0,0,3,1,0,6,7,5,9,3
2023.0,400.0,0.0,0.0,3,10,3,0,0,0,0,2,1,1,0,0,2,1,1,15,4,3,0,0,0,0,2,0,6,9,5,3,2
2023.0,0.0,0.0,0.0,3,10,3,0,0,0,2,2,1,1,0,1,2,1,1,16,4,3,0,1,0,3,1,0,4,9,5,9,3
2023.0,-10.0,0.0,0.0,3,6,0,0,0,0,0,2,1,1,0,0,2,1,1,20,4,3,0,0,0,2,2,0,10,8,5,8,3
2023.0,25.0,0.0,0.0,3,10,0,0,0,0,2,2,1,1,0,1,2,1,1,21,4,3,0,0,0,3,2,0,6,1,5,3,3
2023.0,-42.0,1.0,0.0,3,5,0,0,0,0,1,9,1,1,3,0,2,1,1,23,4,3,0,0,0,1,2,0,4,7,5,7,9
2023.0,115.0,1.0,0.0,3,2,0,0,0,0,1,9,1,1,0,0,2,1,1,23,4,3,0,0,0,2,2,0,6,2,5,3,9
2023.0,125.0,0.0,0.0,3,10,0,0,0,0,1,2,1,1,0,1,2,1,1,0,5,4,1,0,0,1,2,0,10,5,5,3,2
2023.0,596.0,0.0,0.0,3,6,0,0,0,0,0,1,0,1,0,1,1,1,1,1,5,4,1,0,0,1,1,0,6,7,5,8,3
2023.0,100.0,0.0,0.0,3,10,3,0,0,0,1,1,1,1,0,1,1,1,1,6,5,4,1,0,0,1,0,0,6,5,5,5,5
2023.0,0.0,0.0,0.0,3,6,3,0,0,0,1,1,1,1,0,0,1,1,1,11,5,4,1,0,0,1,1,0,3,7,5,8,3
2023.0,15.0,0.0,0.0,3,6,3,0,0,0,1,1,1,1,0,1,1,1,1,13,5,4,1,0,0,1,1,0,10,9,5,3,3
2023.0,0.0,1.0,0.0,3,2,3,0,0,0,1,2,1,1,0,0,2,1,1,15,5,4,1,0,0,0,1,0,4,9,5,9,3
2023.0,100.0,0.0,0.0,3,6,3,0,0,0,1,1,1,1,0,1,1,1,1,17,5,4,1,1,0,1,2,0,6,8,5,8,3
2023.0,0.0,1.0,0.0,2,3,2,0,0,0,1,9,1,1,0,1,1,1,1,18,5,4,1,1,0,0,1,0,4,2,5,3,9
2023.0,-251.0,0.0,0.0,3,6,0,0,0,0,0,1,1,1,0,0,1,1,1,19,5,4,1,1,0,2,1,0,6,9,5,8,2
2023.0,-73.0,1.0,0.0,3,6,0,0,0,0,0,9,1,1,0,1,9,1,1,19,5,4,1,1,0,1,2,0,10,8,5,8,3
2023.0,0.0,1.0,0.0,2,2,0,0,0,0,0,9,1,1,0,1,5,1,1,20,5,4,1,0,0,1,0,0,4,2,5,3,9
2023.0,0.0,0.0,0.0,3,2,0,0,0,0,1,9,0,1,0,1,2,1,1,20,5,4,1,0,0,1,1,0,5,2,5,9,3
2023.0,0.0,0.0,0.0,3,4,0,0,0,0,1,5,1,1,0,1,2,1,1,20,5,4,1,0,0,1,1,0,4,2,5,3,9
2023.0,-20.0,0.0,0.0,3,10,0,0,0,0,2,8,1,1,1,1,1,1,1,22,5,4,1,0,0,3,1,0,6,5,5,6,5
2023.0,0.0,0.0,0.0,3,4,0,4,0,0,0,5,1,1,0,0,2,1,1,4,6,4,1,0,0,3,2,0,4,2,5,9,3
2023.0,50.0,0.0,0.0,3,10,3,1,0,0,0,2,1,1,0,1,2,1,1,9,6,4,1,1,0,1,1,0,6,9,5,3,2
2023.0,25.0,0.0,0.0,3,10,3,0,0,0,1,1,1,1,0,1,1,1,1,9,6,4,1,1,0,0,1,0,3,9,5,9,2
2023.0,-237.0,0.0,0.0,3,10,3,0,0,0,1,2,1,1,0,1,2,1,1,12,6,4,1,0,0,0,1,0,10,9,5,9,3
2023.0,0.0,0.0,0.0,3,4,3,0,0,0,1,1,1,1,0,0,5,1,1,13,6,4,1,0,0,2,1,0,4,4,5,3,9
2023.0,0.0,0.0,0.0,3,2,3,0,0,0,1,5,1,1,0,1,9,1,1,14,6,4,1,0,0,1,2,0,5,2,5,3,9
2023.0,-100.0,0.0,0.0,3,10,3,0,0,0,1,2,1,1,0,0,2,1,1,15,6,4,1,0,0,1,0,0,6,9,9,3,3
2023.0,10.0,0.0,0.0,3,10,3,0,0,0,1,9,1,1,0,1,9,1,1,15,6,4,1,0,0,1,1,0,4,4,5,9,9
2023.0,0.0,0.0,0.0,3,4,3,0,0,0,0,5,1,1,0,0,2,1,1,17,6,4,1,1,0,2,1,0,4,9,5,3,9
2023.0,-173.0,0.0,0.0,3,6,0,0,0,0,1,2,1,1,0,0,2,1,1,20,6,4,1,0,0,1,2,0,6,8,5,8,3
2023.0,-47.0,0.0,0.0,3,2,0,0,0,0,0,9,1,1,0,0,9,1,1,20,6,4,1,0,0,1,0,0,10,4,5,3,9
2023.0,150.0,0.0,0.0,3,3,0,0,0,0,1,2,0,1,0,1,5,1,1,0,0,4,0,0,0,1,2,0,0,4,5,3,9
2023.0,0.0,0.0,0.0,3,2,0,0,0,0,1,9,1,1,0,1,5,1,1,5,0,4,0,0,0,0,2,0,4,2,5,3,3
2023.0,0.0,2.0,0.0,2,6,3,0,0,0,1,9,1,1,0,1,1,1,1,6,0,4,0,0,0,2,1,0,4,2,5,9,3
2023.0,80.0,0.0,0.0,3,6,3,0,0,0,0,5,1,1,0,0,5,1,1,7,0,4,0,1,0,1,1,0,10,7,5,8,3
2023.0,0.0,0.0,0.0,3,10,3,0,0,0,0,5,1,1,0,1,5,1,1,10,0,4,0,0,0,1,1,0,3,9,5,9,3
2023.0,0.0,0.0,0.0,3,10,3,0,0,0,0,2,1,1,0,0,2,1,1,13,0,4,0,0,0,1,0,0,10,5,5,9,9
2023.0,300.0,0.0,0.0,3,4,3,0,0,0,1,2,1,1,0,1,5,1,1,14,0,4,0,0,0,0,2,0,0,5,5,3,9
2023.0,60.0,1.0,0.0,3,6,3,0,0,0,2,5,1,1,0,1,5,1,1,15,0,4,0,0,0,3,2,0,10,8,5,8,3
2023.0,141.0,0.0,0.0,3,10,3,0,0,0,0,5,1,1,0,1,5,1,1,16,0,4,0,1,0,1,1,0,10,9,5,3,2
2023.0,0.0,4.0,0.0,2,4,3,0,0,0,1,9,0,1,0,1,1,1,1,16,0,4,0,1,0,3,1,0,4,4,5,3,9
2023.0,326.0,1.0,0.0,3,2,0,0,0,0,1,5,1,1,0,1,9,1,1,20,0,4,0,0,0,1,1,0,0,2,5,3,9
2023.0,0.0,0.0,0.0,3,4,0,0,0,0,0,1,1,1,0,0,9,1,1,20,0,4,0,0,0,1,2,0,4,5,5,3,9
2023.0,-200.0,0.0,0.0,3,6,0,0,0,0,1,1,1,1,0,1,1,1,1,21,0,4,0,0,0,1,1,0,10,5,5,3,3
2023.0,-96.0,0.0,0.0,3,5,0,0,0,0,1,9,1,1,0,1,1,1,1,21,0,4,0,0,0,2,2,0,10,5,5,8,1
2023.0,0.0,0.0,0.0,3,4,0,0,0,0,0,1,1,1,0,1,9,1,1,22,0,4,0,0,0,2,2,0,4,4,5,3,9
2023.0,230.0,0.0,0.0,3,2,3,1,0,0,0,9,1,1,0,1,5,1,1,5,1,4,0,0,0,1,1,0,6,7,5,3,3
2023.0,80.0,0.0,0.0,3,6,3,0,0,0,0,5,1,1,0,1,5,1,1,8,1,4,0,1,0,2,0,0,10,7,5,8,3
2023.0,-128.0,0.0,0.0,3,10,3,0,0,0,0,5,1,1,0,1,5,1,1,8,1,4,0,1,0,2,1,0,10,9,5,3,2
2023.0,-285.0,0.0,0.0,3,6,3,0,0,0,1,2,1,1,0,0,2,1,1,8,1,4,0,1,0,1,0,0,10,8,5,8,3
2023.0,125.0,0.0,0.0,3,6,3,0,0,0,0,5,1,1,0,1,5,1,1,8,1,4,0,1,0,2,1,0,10,7,5,8,3
2023.0,26.0,0.0,0.0,3,2,3,0,0,0,1,9,1,1,0,1,5,1,1,9,1,4,0,1,0,0,0,0,4,2,5,3,3
2023.0,55.0,0.0,0.0,3,6,3,0,0,0,0,5,1,1,0,1,5,1,1,11,1,4,0,0,0,2,1,0,10,7,5,9,9
2023.0,0.0,0.0,0.0,3,4,3,0,0,0,0,1,1,1,0,0,1,1,1,12,1,4,0,0,0,2,1,0,5,4,5,9,9
2023.0,-340.0,0.0,0.0,3,10,3,0,0,0,1,9,1,1,0,1,9,1,1,12,1,4,0,0,0,1,2,0,6,9,5,3,2
2023.0,112.0,0.0,0.0,3,10,3,0,0,0,0,9,1,1,0,1,9,1,1,15,1,4,0,0,0,0,1,0,10,9,5,9,9
2023.0,0.0,0.0,0.0,3,4,3,0,0,0,0,2,1,1,0,0,1,1,1,15,1,4,0,0,0,1,2,0,5,2,5,3,9
2023.0,-3.0,1.0,0.0,2,5,3,0,0,2,0,2,1,1,0,0,1,1,1,15,1,4,0,0,0,2,1,0,10,5,5,9,7
2023.0,0.0,0.0,0.0,3,4,3,0,0,0,1,1,1,1,0,1,1,1,1,17,1,4,0,1,0,1,1,0,10,9,5,9,9
2023.0,0.0,0.0,0.0,3,2,3,0,0,0,1,9,0,1,0,0,5,1,1,17,1,4,0,1,0,1,1,0,4,2,5,3,3
2023.0,50.0,0.0,0.0,3,6,0,0,0,0,2,1,1,1,0,1,1,1,1,1,2,4,0,0,0,3,2,0,10,2,5,8,3
2023.0,50.0,0.0,0.0,3,6,3,0,0,0,1,9,1,1,0,0,9,1,1,9,2,4,0,1,0,2,1,0,10,8,5,8,3
2023.0,-82.0,0.0,0.0,3,2,3,0,0,0,0,5,1,1,0,1,9,1,1,12,2,4,0,0,0,1,2,0,0,2,5,3,9
2023.0,238.0,1.0,0.0,3,4,3,0,0,0,1,7,1,1,0,0,4,1,1,12,2,4,0,0,0,2,1,0,0,2,5,3,9
2023.0,100.0,0.0,0.0,3,4,5,4,0,0,2,1,1,1,0,1,5,1,1,13,2,4,0,0,0,3,0,0,10,5,5,3,9
2023.0,-600.0,0.0,0.0,3,2,3,0,0,0,1,2,1,1,0,1,1,1,1,16,2,4,0,1,0,2,0,0,0,2,5,3,9
2023.0,-383.0,0.0,0.0,3,10,3,0,0,0,0,9,1,1,0,0,9,1,1,17,2,4,0,1,0,2,0,0,6,9,5,3,0
2023.0,-50.0,1.0,0.0,2,4,3,0,0,0,0,2,1,1,2,0,5,1,1,17,2,4,0,1,0,1,1,0,10,2,5,3,9
2023.0,0.0,3.0,0.0,2,2,0,0,0,0,1,2,1,1,0,1,9,1,1,19,2,4,0,1,0,1,1,0,4,7,5,3,3
2023.0,0.0,0.0,0.0,3,4,0,0,0,0,2,1,1,1,0,1,4,1,1,23,2,4,0,0,0,3,1,0,4,2,5,9,3
2023.0,95.0,0.0,0.0,3,6,3,0,0,0,1,5,1,1,0,1,5,1,1,8,3,4,0,1,0,1,1,0,10,5,5,3,9
2023.0,-94.0,0.0,0.0,3,6,3,0,0,0,1,2,1,1,0,0,2,1,1,8,3,4,0,1,0,2,1,0,10,7,5,8,3
2023.0,91.0,1.0,0.0,3,6,3,0,0,0,1,9,1,1,0,0,9,1,1,9,3,4,0,1,0,0,1,0,6,7,5,8,3
2023.0,370.0,0.0,0.0,3,2,3,0,0,0,0,1,1,1,0,0,9,1,1,10,3,4,0,0,0,0,1,0,6,2,5,3,9
2023.0,-108.0,0.0,0.0,3,6,3,0,0,0,1,1,1,1,0,1,1,1,1,14,3,4,0,0,0,1,1,0,10,8,5,8,3
2023.0,-590.0,2.0,0.0,2,4,3,0,0,0,0,1,1,1,0,1,2,1,1,15,3,4,0,0,0,2,1,0,0,2,5,3,9
2023.0,95.0,0.0,0.0,3,10,3,0,0,0,1,9,1,1,0,0,9,1,1,16,3,4,0,1,0,1,1,0,10,9,5,8,2
2023.0,210.0,0.0,0.0,3,2,0,0,0,0,0,5,1,1,0,1,1,1,1,19,3,4,0,1,0,2,2,0,0,2,5,3,9
2023.0,-130.0,0.0,0.0,3,6,0,0,0,0,0,1,1,1,0,0,1,1,1,19,3,4,0,1,0,2,1,0,10,8,5,8,3
2023.0,0.0,1.0,0.0,3,2,0,0,0,0,1,5,1,1,0,1,5,1,1,23,3,4,0,0,0,2,1,0,4,9,5,3,9
2023.0,-157.0,0.0,0.0,3,2,3,0,0,0,0,9,1,1,0,0,5,1,1,8,4,4,0,1,0,0,2,0,0,2,5,3,9
2023.0,35.0,1.0,0.0,3,10,3,0,0,0,1,9,1,1,0,1,9,1,1,8,4,4,0,1,0,1,1,0,3,5,5,9,9
2023.0,316.0,3.0,0.0,3,4,3,0,0,0,1,6,1,1,0,1,5,1,1,13,4,4,0,0,0,0,1,0,6,5,5,3,9
2023.0,0.0,0.0,0.0,3,2,3,0,0,0,1,2,1,1,0,0,9,1,1,13,4,4,0,0,0,0,1,0,4,2,5,3,3
2023.0,0.0,0.0,0.0,3,4,3,0,0,0,0,9,1,1,0,0,6,1,1,15,4,4,0,0,0,1,2,0,5,5,5,9,3
2023.0,-50.0,2.0,0.0,3,6,3,0,0,0,1,9,1,1,0,1,9,1,1,18,4,4,0,1,0,2,2,0,6,8,5,8,3
2023.0,0.0,0.0,0.0,3,6,0,0,0,0,1,9,1,1,0,0,9,1,1,19,4,4,0,1,0,1,2,0,3,7,5,8,3
2023.0,0.0,0.0,0.0,3,10,0,0,0,0,0,1,1,1,0,1,1,1,1,19,4,4,0,1,0,1,1,0,10,2,5,3,9
2023.0,-92.0,0.0,0.0,3,6,0,0,0,0,0,1,0,1,0,1,1,1,1,1,5,4,1,0,0,2,2,0,6,5,5,3,3
2023.0,200.0,0.0,0.0,3,12,3,0,0,0,2,8,1,1,1,1,9,1,1,7,5,4,1,1,0,3,1,0,6,5,5,6,5
2023.0,0.0,0.0,0.0,3,10,3,0,0,0,1,5,1,1,0,1,5,1,1,8,5,4,1,1,0,1,1,0,5,2,5,9,9
2023.0,15.0,0.0,0.0,3,6,3,0,0,0,1,9,1,1,0,0,9,1,1,11,5,4,1,0,0,1,1,0,10,8,5,9,9
2023.0,-357.0,0.0,0.0,3,6,3,0,0,0,1,2,1,1,0,0,2,1,1,12,5,4,1,0,0,1,1,0,6,7,5,9,9
2023.0,280.0,0.0,0.0,3,10,3,0,0,0,1,5,1,1,0,0,5,1,1,15,5,4,1,0,0,2,1,0,6,9,5,3,2
2023.0,0.0,0.0,0.0,3,4,3,0,0,0,0,5,1,1,0,1,5,1,1,16,5,4,1,1,0,0,1,0,0,2,5,3,9
2023.0,150.0,0.0,0.0,3,6,0,0,0,0,1,1,1,1,0,1,1,1,1,22,5,4,1,0,0,2,1,0,6,7,5,3,3
2023.0,-260.0,0.0,0.0,3,6,0,0,0,0,1,2,1,1,1,1,2,1,1,1,6,4,1,0,0,2,0,0,6,7,5,6,9
2023.0,40.0,0.0,0.0,3,5,3,0,0,0,1,5,1,1,0,1,9,1,1,11,6,4,1,0,0,0,1,0,0,5,5,8,1
2023.0,0.0,0.0,0.0,3,2,3,0,0,0,1,1,1,1,0,1,5,1,1,12,6,4,1,0,0,1,2,0,4,2,5,3,3
2023.0,-30.0,1.0,0.0,2,6,3,0,0,0,1,1,1,1,0,0,1,1,1,17,6,4,1,1,0,2,0,0,10,8,5,8,3
2023.0,0.0,0.0,0.0,3,4,0,0,0,0,1,9,1,1,0,1,5,1,1,19,6,4,1,1,0,1,2,0,3,2,5,3,9
2023.0,-26.0,0.0,0.0,3,4,0,0,0,0,2,1,1,1,0,1,9,1,1,22,6,4,1,0,0,3,2,0,4,2,5,3,9
2023.0,50.0,0.0,0.0,3,6,0,0,0,0,2,5,1,1,0,1,5,1,1,2,0,4,0,0,0,3,1,0,10,8,5,3,3
2023.0,-345.0,0.0,0.0,3,6,3,0,0,0,0,5,1,1,0,0,5,1,1,7,0,4,0,1,0,1,0,0,6,7,5,8,8
2023.0,70.0,0.0,0.0,3,6,3,0,0,0,0,5,1,1,0,0,5,1,1,7,0,4,0,1,0,3,1,0,10,7,5,8,3
2023.0,-100.0,0.0,0.0,3,6,3,0,0,0,2,1,1,1,0,1,1,1,1,8,0,4,0,1,0,3,2,0,10,7,5,8,3
2023.0,0.0,3.0,0.0,1,4,3,0,0,0,0,1,1,1,0,1,2,1,1,8,0,4,0,1,0,1,0,0,4,2,5,9,3
2023.0,-351.0,0.0,0.0,3,4,3,0,0,0,1,6,1,1,0,1,2,1,1,9,0,4,0,1,0,1,2,0,0,2,7,3,9
2023.0,0.0,1.0,0.0,3,5,3,0,0,0,2,8,1,1,2,1,0,1,1,10,0,4,0,0,0,3,2,0,5,2,5,5,9
2023.0,-80.0,0.0,0.0,3,6,3,0,0,0,0,1,1,1,0,0,1,1,1,12,0,4,0,0,0,2,2,0,10,7,5,3,3
2023.0,678.0,2.0,0.0,2,2,3,0,0,0,0,5,1,1,0,0,9,1,1,14,0,4,0,0,0,0,1,0,0,2,5,3,9
2023.0,425.0,1.0,0.0,2,5,3,0,0,0,2,7,1,1,3,1,2,1,1,15,0,4,0,0,0,3,2,0,0,2,5,5,9
2023.0,-225.0,0.0,0.0,3,10,3,0,0,0,1,9,1,1,0,0,9,1,1,16,0,4,0,1,0,0,1,0,6,5,5,9,9
2023.0,-200.0,2.0,0.0,2,4,3,0,0,0,2,1,1,1,0,1,5,1,1,16,0,4,0,1,0,3,2,0,0,5,5,3,9
2023.0,-350.0,0.0,0.0,3,6,3,0,0,0,0,2,1,1,0,1,2,1,1,17,0,4,0,1,0,2,2,0,10,8,5,8,3
2023.0,-180.0,0.0,0.0,3,6,3,0,0,0,1,1,1,1,0,1,1,1,1,18,0,4,0,1,0,1,1,0,10,8,5,8,3
2023.0,0.0,0.0,0.0,3,2,3,0,0,0,1,9,1,1,0,1,5,1,1,18,0,4,0,1,0,1,0,0,5,2,5,9,9
2023.0,370.0,0.0,0.0,3,10,0,0,0,0,1,5,1,1,1,1,5,1,1,20,0,4,0,0,0,1,1,0,6,7,5,6,3
2023.0,0.0,0.0,0.0,3,5,0,0,0,0,0,2,1,1,0,1,1,1,1,20,0,4,0,0,0,2,0,0,5,2,5,3,3
2023.0,96.0,1.0,0.0,3,9,0,0,0,0,1,2,1,1,1,1,5,1,1,22,0,4,0,0,0,1,1,0,6,7,5,6,3
2023.0,-90.0,0.0,0.0,3,6,3,0,0,0,0,1,1,1,0,1,1,1,1,7,1,4,0,1,0,1,0,0,10,7,5,8,9
2023.0,0.0,1.0,0.0,2,4,3,0,0,0,0,1,1,1,0,1,9,1,1,7,1,4,0,1,0,1,2,0,4,2,5,9,3
2023.0,-42.0,0.0,0.0,3,10,3,0,0,0,1,5,1,1,0,1,5,1,1,8,1,4,0,1,0,1,1,0,10,5,5,9,9
2023.0,-152.0,0.0,0.0,3,5,3,0,0,0,1,9,1,1,1,1,2,1,1,9,1,4,0,1,0,2,1,0,6,5,5,6,1
2023.0,114.0,0.0,0.0,3,6,3,0,0,0,0,9,1,1,0,1,9,1,1,9,1,4,0,1,0,1,1,0,10,7,5,8,3
2023.0,0.0,0.0,0.0,3,10,3,0,0,0,0,1,1,1,0,1,1,1,1,12,1,4,0,0,0,0,1,0,0,4,5,9,2
2023.0,0.0,1.0,0.0,3,2,3,0,0,0,1,5,1,1,0,1,1,1,1,13,1,4,0,0,0,1,1,0,4,2,5,3,3
2023.0,100.0,0.0,0.0,3,10,3,0,0,0,2,2,1,1,0,1,2,1,1,15,1,4,0,0,0,3,1,0,10,9,5,3,2
2023.0,0.0,1.0,0.0,3,4,3,0,0,0,0,2,1,1,0,0,1,1,1,15,1,4,0,0,0,2,1,0,4,5,5,9,3
2023.0,0.0,2.0,0.0,3,2,3,0,0,0,1,2,1,1,0,1,1,1,1,15,1,4,0,0,0,1,1,0,5,2,5,3,9
2023.0,200.0,1.0,0.0,3,10,3,0,0,0,1,5,1,1,0,0,5,1,1,16,1,4,0,1,0,1,2,0,6,9,5,3,2
2023.0,0.0,1.0,0.0,2,2,3,0,0,0,0,2,1,1,0,1,1,1,1,17,1,4,0,1,0,2,2,0,5,2,5,3,9
2023.0,220.0,0.0,0.0,3,6,0,0,0,0,0,2,1,1,0,0,2,1,1,19,1,4,0,1,0,2,2,0,6,7,5,8,3
2023.0,-365.0,1.0,0.0,3,6,0,0,0,0,1,9,1,1,0,1,9,1,1,20,1,4,0,0,0,1,1,0,6,8,5,8,3
2023.0,-100.0,0.0,0.0,3,6,3,0,0,0,1,2,1,1,0,0,2,1,1,7,2,4,0,1,0,0,1,0,10,8,5,8,3
2023.0,-217.0,0.0,0.0,3,2,3,0,0,0,1,1,1,1,0,1,5,1,1,7,2,4,0,1,0,1,1,0,6,2,5,3,9
2023.0,0.0,1.0,0.0,3,4,3,0,0,0,1,6,1,1,0,0,7,1,1,8,2,4,0,1,0,0,2,0,4,2,5,3,9
2023.0,0.0,0.0,0.0,3,2,3,0,0,0,1,5,1,1,0,1,9,1,1,9,2,4,0,1,0,2,1,0,4,2,5,3,9