Year,Distance,Totalinjuries,Totalfatalities,Injuryseverity,Collisionmanner,Lightcondition,Weather,SurfaceCondition,Unittype_One,Gender_Drv1,Traveldirection_One,AlcoholUse_Drv1,DrugUse_Drv1,Unittype_Two,Gender_Drv2,Traveldirection_Two,AlcoholUse_Drv2,DrugUse_Drv2,Hour,Weekday,Month,Weekend,Rush_Hour,Hazardous_Road,Age_Group_Drv1,Age_Group_Drv2,Substance_Use,Junction_Category,Violation_Category_Drv1,Violation_Category_Drv2,Unitaction_Category_Two,Unitaction_Category_One
2023.0,0.0,1.0,0.0,3,2,3,0,0,0,1,9,1,1,0,0,1,1,1,10,2,4,0,0,0,2,1,0,4,2,5,3,9
2023.0,0.0,0.0,0.0,3,2,3,1,0,0,0,2,1,1,0,1,9,1,1,11,2,4,0,0,0,2,1,0,4,2,5,2,9
2023.0,-535.0,0.0,0.0,3,2,3,0,0,0,0,9,1,1,0,1,1,1,1,11,2,4,0,0,0,0,1,0,6,2,5,3,9
2023.0,-140.0,0.0,0.0,3,4,3,0,0,0,0,1,1,1,0,0,5,1,1,11,2,4,0,0,0,1,2,0,0,2,5,3,9
2023.0,550.0,0.0,0.0,3,10,3,0,0,0,0,9,1,1,0,0,9,1,1,12,2,4,0,0,0,1,1,0,6,9,5,3,2
2023.0,-90.0,1.0,0.0,3,6,3,0,0,0,1,2,1,1,0,0,2,1,1,12,2,4,0,0,0,1,2,0,10,7,5,8,3
2023.0,95.0,0.0,0.0,3,6,3,1,0,0,1,9,1,1,0,0,9,1,1,14,2,4,0,0,0,1,1,0,10,7,5,8,3
2023.0,0.0,0.0,0.0,3,4,3,1,0,0,1,2,1,1,0,0,1,1,1,15,2,4,0,0,0,1,2,0,5,2,5,3,9
2023.0,1209.0,1.0,0.0,3,2,3,0,0,0,0,9,1,1,0,0,2,1,1,16,2,4,0,1,0,1,1,0,0,2,5,9,3
2023.0,-224.0,0.0,0.0,3,6,3,1,0,0,0,1,1,1,0,1,1,1,1,16,2,4,0,1,0,0,1,0,10,7,5,8,3
2023.0,-200.0,0.0,0.0,3,6,3,0,0,0,0,5,1,1,0,0,5,1,1,16,2,4,0,1,0,0,1,0,6,7,5,8,3
2023.0,-50.0,0.0,0.0,3,10,3,0,0,0,1,2,1,1,0,1,2,1,1,17,2,4,0,1,0,1,1,0,10,5,5,9,9
2023.0,48.0,0.0,0.0,3,6,2,0,0,0,1,5,1,1,0,0,5,1,1,17,2,4,0,1,0,1,2,0,5,7,5,8,3
2023.0,-100.0,1.0,0.0,3,6,3,1,0,0,1,1,0,1,0,0,1,1,1,17,2,4,0,1,0,2,1,0,10,8,5,8,3
2023.0,225.0,0.0,0.0,3,10,3,0,0,0,1,1,1,1,0,1,1,1,1,18,2,4,0,1,0,1,1,0,6,9,5,3,2
2023.0,63.0,0.0,0.0,3,6,0,0,0,0,1,9,1,1,0,1,9,1,1,20,2,4,0,0,0,1,1,0,10,8,5,8,3
2023.0,-1100.0,0.0,0.0,3,10,0,0,0,0,1,2,1,1,0,1,2,1,1,20,2,4,0,0,0,1,2,0,6,9,5,3,2
2023.0,-522.0,1.0,0.0,2,5,0,0,0,2,1,9,1,1,0,1,2,1,1,20,2,4,0,0,0,1,0,0,6,2,5,3,7
2023.0,0.0,2.0,0.0,2,2,0,0,0,0,1,9,0,1,0,1,5,1,1,4,3,4,0,0,0,2,0,0,4,2,5,3,3
2023.0,0.0,0.0,0.0,3,2,2,1,0,0,0,9,1,1,0,0,5,1,1,6,3,4,0,0,0,0,1,0,4,2,5,9,3
2023.0,400.0,0.0,0.0,3,6,3,1,0,0,1,5,1,1,1,1,5,1,1,7,3,4,0,1,0,1,1,0,6,9,5,6,3
2023.0,-1500.0,0.0,0.0,3,4,3,0,0,0,0,9,1,1,0,0,1,1,1,8,3,4,0,1,0,2,1,0,9,2,5,9,3
2023.0,450.0,0.0,0.0,3,6,3,0,0,0,0,2,1,1,0,1,2,1,1,9,3,4,0,1,0,2,2,0,6,7,5,8,3
2023.0,-224.0,0.0,0.0,3,10,3,1,0,0,1,1,1,1,0,0,1,1,1,11,3,4,0,0,0,1,1,0,6,9,5,3,2
2023.0,0.0,1.0,0.0,3,2,3,0,0,0,0,9,1,1,0,1,5,1,1,15,3,4,0,0,0,2,0,0,4,2,5,3,9
2023.0,-50.0,0.0,0.0,3,5,3,0,0,0,2,1,1,1,0,1,1,1,1,15,3,4,0,0,0,3,1,0,10,5,5,8,1
2023.0,20.0,0.0,0.0,3,10,3,0,0,0,2,1,1,1,0,0,1,1,1,16,3,4,0,1,0,3,1,0,6,9,5,3,2
2023.0,0.0,1.0,0.0,3,6,3,0,0,0,1,2,1,1,0,0,2,1,1,16,3,4,0,1,0,1,1,0,3,5,5,8,8
2023.0,100.0,0.0,0.0,3,6,0,0,0,0,1,5,1,1,0,1,5,1,1,19,3,4,0,1,0,2,1,0,6,8,5,8,3
2023.0,-250.0,0.0,0.0,3,4,5,0,0,0,1,5,1,1,0,1,9,1,1,20,3,4,0,0,0,2,1,0,0,2,5,3,9
2023.0,90.0,2.0,0.0,3,6,3,0,0,0,1,5,1,1,0,0,5,1,1,6,4,4,0,0,0,2,1,0,10,7,5,8,3
2023.0,-15.0,0.0,0.0,3,6,3,0,0,0,0,5,1,1,0,0,5,1,1,8,4,4,0,1,0,1,1,0,10,7,5,3,3
2023.0,165.0,1.0,0.0,3,6,3,0,0,0,1,1,1,1,0,0,1,1,1,9,4,4,0,1,0,1,1,0,0,7,5,8,3
2023.0,180.0,0.0,0.0,3,2,3,0,0,0,1,2,1,1,0,1,2,1,1,9,4,4,0,1,0,2,1,0,6,2,5,3,6
2023.0,0.0,1.0,0.0,1,5,3,0,0,0,1,9,1,1,2,1,2,1,1,10,4,4,0,0,0,1,1,0,4,5,5,3,3
2023.0,-75.0,0.0,0.0,3,6,3,0,0,0,1,2,1,1,0,0,2,1,1,13,4,4,0,0,0,1,1,0,10,7,5,8,3
2023.0,0.0,2.0,0.0,2,4,3,0,0,0,0,9,1,1,0,0,5,1,1,13,4,4,0,0,0,2,0,0,5,2,5,9,3
2023.0,0.0,4.0,0.0,2,4,3,0,0,0,1,5,1,1,0,0,2,1,1,14,4,4,0,0,0,0,0,0,4,2,5,3,9
2023.0,602.0,1.0,0.0,2,2,3,0,0,0,0,2,1,1,0,1,5,1,1,15,4,4,0,0,0,0,2,0,6,2,5,3,9
2023.0,-75.0,2.0,0.0,3,6,3,0,0,0,1,5,1,1,0,0,5,1,1,17,4,4,0,1,0,2,0,0,10,5,5,3,3
2023.0,0.0,2.0,0.0,2,4,0,0,0,0,1,9,1,1,0,0,5,1,1,20,4,4,0,0,0,1,2,0,4,2,5,9,3
2023.0,0.0,0.0,0.0,3,4,0,0,0,0,2,1,1,1,0,1,9,1,1,20,4,4,0,0,0,3,2,0,4,2,5,9,3
2023.0,480.0,1.0,0.0,1,2,1,0,0,0,0,1,1,1,0,1,2,1,1,2,5,4,1,0,0,1,1,0,6,2,5,3,8
2023.0,-184.0,0.0,0.0,3,6,3,0,0,0,1,1,1,1,0,0,1,1,1,10,5,4,1,0,0,1,2,0,10,7,5,3,3
2023.0,0.0,0.0,0.0,3,4,3,0,0,0,0,5,1,1,0,1,2,1,1,11,5,4,1,0,0,2,1,0,4,2,5,3,9
2023.0,-209.0,1.0,0.0,3,4,3,0,0,0,1,1,1,1,0,1,9,1,1,12,5,4,1,0,0,1,0,0,6,2,5,3,9
2023.0,-75.0,1.0,0.0,3,6,3,0,0,0,1,2,1,1,0,0,2,1,1,13,5,4,1,0,0,1,1,0,6,7,5,3,3
2023.0,0.0,1.0,0.0,2,6,3,0,0,0,0,1,1,1,0,1,1,1,1,13,5,4,1,0,0,1,1,0,4,2,5,8,3
2023.0,85.0,0.0,0.0,3,6,3,0,0,0,2,2,1,1,0,1,2,1,1,14,5,4,1,0,0,3,1,0,10,5,5,8,3
2023.0,389.0,1.0,0.0,3,4,3,0,0,0,1,5,1,1,0,1,2,1,1,14,5,4,1,0,0,2,1,0,0,2,5,3,9
2023.0,0.0,0.0,0.0,3,4,3,0,0,0,1,5,1,1,0,1,1,1,1,16,5,4,1,1,0,1,2,0,4,2,5,9,3
2023.0,0.0,3.0,0.0,2,2,4,0,0,0,1,1,1,1,0,1,5,1,1,18,5,4,1,1,0,2,0,0,4,2,5,3,9
2023.0,0.0,0.0,0.0,3,10,3,0,0,0,1,5,1,1,0,1,5,1,1,18,5,4,1,1,0,2,2,0,4,9,5,3,2
2023.0,-38.0,0.0,0.0,3,10,4,0,0,0,0,2,1,1,0,0,2,1,1,18,5,4,1,1,0,1,1,0,10,9,5,3,2
2023.0,450.0,0.0,0.0,3,6,1,0,0,0,0,9,1,1,0,0,9,1,1,19,5,4,1,1,0,2,1,0,6,8,5,9,3
2023.0,-139.0,0.0,0.0,3,6,0,0,0,0,1,2,1,1,0,0,2,1,1,21,5,4,1,0,0,2,2,0,10,7,5,8,3
2023.0,-70.0,0.0,0.0,3,6,0,0,0,0,1,2,1,1,0,0,2,1,1,22,5,4,1,0,0,3,2,0,10,8,5,8,3
2023.0,-60.0,0.0,0.0,3,6,0,0,0,0,2,2,1,1,0,0,2,1,1,0,6,4,1,0,0,3,1,0,10,5,5,8,3
2023.0,-30.0,0.0,0.0,3,6,0,0,0,0,0,2,0,1,0,1,2,1,1,2,6,4,1,0,0,1,1,0,6,7,5,8,3
2023.0,815.0,0.0,0.0,3,6,0,0,0,0,1,5,0,1,0,0,5,1,1,3,6,4,1,0,0,1,1,0,6,7,5,3,3
2023.0,0.0,0.0,0.0,3,2,3,0,0,0,0,9,1,1,0,0,1,1,1,11,6,4,1,0,0,2,1,0,4,2,5,9,3
2023.0,-115.0,0.0,0.0,3,6,3,0,0,0,0,1,1,1,0,0,1,1,1,12,6,4,1,0,0,1,1,0,6,5,5,8,8
2023.0,250.0,1.0,0.0,1,10,3,0,0,0,0,2,1,1,0,1,2,1,1,13,6,4,1,0,0,2,1,0,6,7,5,3,2
2023.0,200.0,0.0,0.0,3,4,3,0,0,0,0,2,1,1,0,1,1,1,1,15,6,4,1,0,0,2,1,0,4,2,5,9,3
2023.0,0.0,0.0,0.0,3,2,3,0,0,0,1,1,1,1,0,1,9,1,1,15,6,4,1,0,0,1,1,0,10,4,5,3,9
2023.0,325.0,1.0,0.0,3,2,3,0,0,0,0,5,1,1,0,1,9,1,1,16,6,4,1,1,0,2,0,0,0,2,5,3,9
2023.0,0.0,0.0,0.0,3,6,3,0,0,0,2,2,1,1,0,0,2,1,1,16,6,4,1,1,0,3,1,0,10,7,5,8,3
2023.0,200.0,0.0,0.0,3,3,3,0,0,0,1,9,1,1,0,1,1,1,1,7,0,4,0,1,0,1,2,0,6,7,5,9,9
2023.0,-75.0,0.0,0.0,3,10,3,0,0,0,0,5,1,1,0,0,5,1,1,7,0,4,0,1,0,1,0,0,6,9,5,3,2
2023.0,-370.0,0.0,0.0,3,10,3,0,0,0,0,2,1,1,0,1,2,1,1,9,0,4,0,1,0,2,1,0,3,2,5,2,3
2023.0,-215.0,0.0,0.0,3,4,3,0,0,0,0,9,1,1,0,0,2,1,1,11,0,4,0,0,0,1,2,0,6,4,5,3,9
2023.0,396.0,0.0,0.0,3,6,3,0,0,0,1,9,1,1,0,1,9,1,1,11,0,4,0,0,0,1,1,0,6,7,5,8,3
2023.0,0.0,0.0,0.0,3,10,3,0,0,0,1,2,1,1,0,1,2,1,1,13,0,4,0,0,0,1,1,0,5,5,5,3,2
2023.0,0.0,1.0,0.0,2,4,3,0,0,0,0,5,1,1,0,0,2,1,1,14,0,4,0,0,0,1,1,0,4,2,5,9,3
2023.0,0.0,0.0,0.0,3,10,3,0,0,0,2,2,1,1,0,0,2,1,1,14,0,4,0,0,0,3,1,0,4,4,5,3,9
2023.0,0.0,0.0,0.0,3,10,3,0,0,0,2,2,1,1,0,0,2,1,1,14,0,4,0,0,0,3,1,0,5,9,5,9,3
2023.0,0.0,0.0,0.0,3,4,3,0,0,0,0,1,1,1,0,1,2,1,1,14,0,4,0,0,0,1,1,0,4,2,5,9,3
2023.0,-210.0,1.0,0.0,2,6,3,0,0,0,1,1,1,1,0,1,1,1,1,15,0,4,0,0,0,1,1,0,10,7,5,8,3
2023.0,0.0,1.0,0.0,2,4,3,0,0,0,0,9,1,1,0,1,1,1,1,16,0,4,0,1,0,2,1,0,8,2,5,3,9
2023.0,-100.0,0.0,0.0,3,2,3,0,0,0,0,9,1,1,0,0,2,1,1,16,0,4,0,1,0,2,2,0,0,2,5,3,9
2023.0,300.0,0.0,0.0,3,10,3,0,0,0,2,1,1,1,1,1,1,1,1,17,0,4,0,1,0,3,1,0,6,5,5,6,3
2023.0,0.0,1.0,0.0,3,2,3,0,0,0,1,5,1,1,0,1,9,1,1,17,0,4,0,1,0,1,2,0,5,2,5,3,9
2023.0,165.0,1.0,0.0,3,10,3,0,0,0,0,1,1,1,0,0,1,1,1,18,0,4,0,1,0,1,1,0,6,5,5,3,6
2023.0,0.0,0.0,0.0,3,2,0,0,0,0,1,1,1,1,0,1,5,1,1,20,0,4,0,0,0,2,2,0,4,2,5,3,3
2023.0,-335.0,1.0,0.0,2,4,3,0,0,0,0,9,1,1,0,0,2,1,1,8,1,4,0,1,0,1,0,0,0,2,5,3,9
2023.0,-101.0,0.0,0.0,3,6,3,0,0,0,2,1,1,1,0,1,1,1,1,8,1,4,0,1,0,3,1,0,10,7,5,8,3
2023.0,0.0,0.0,0.0,3,2,3,0,0,0,0,1,1,1,0,1,2,1,1,10,1,4,0,0,0,0,1,0,5,2,5,3,3
2023.0,-165.0,0.0,0.0,3,10,3,0,0,0,1,5,1,1,0,0,5,1,1,11,1,4,0,0,0,1,2,0,0,7,5,8,3
2023.0,0.0,0.0,0.0,3,4,3,0,0,0,1,5,1,1,0,0,2,1,1,11,1,4,0,0,0,2,2,0,4,2,5,3,9
2023.0,100.0,0.0,0.0,3,6,3,0,0,0,1,9,1,1,0,0,9,1,1,11,1,4,0,0,0,3,2,0,10,8,5,8,3
2023.0,0.0,1.0,0.0,3,5,3,0,0,2,1,9,1,1,0,0,2,1,1,12,1,4,0,0,0,2,1,0,10,5,5,9,3
2023.0,195.0,1.0,0.0,2,6,3,0,0,0,0,5,1,1,0,1,5,1,1,13,1,4,0,0,0,1,1,0,0,8,5,8,3
2023.0,365.0,0.0,0.0,3,10,3,0,0,0,1,5,1,1,0,1,5,1,1,14,1,4,0,0,0,0,1,0,10,9,5,3,2
2023.0,10.0,1.0,0.0,2,5,3,0,0,2,1,5,1,1,0,1,9,1,1,14,1,4,0,0,0,2,0,0,0,5,5,9,7
2023.0,-60.0,2.0,0.0,3,6,3,0,0,0,1,1,1,1,0,0,1,1,1,14,1,4,0,0,0,1,2,0,10,8,5,8,3
2023.0,-70.0,0.0,0.0,3,6,3,0,0,0,0,1,1,1,0,0,1,1,1,15,1,4,0,0,0,1,1,0,10,7,5,8,3
2023.0,-50.0,0.0,0.0,3,10,3,0,0,0,1,1,1,1,0,1,1,1,1,16,1,4,0,1,0,1,1,0,10,9,5,3,3
2023.0,10.0,0.0,0.0,3,10,3,0,0,0,0,9,1,1,0,0,9,1,1,18,1,4,0,1,0,2,1,0,6,4,5,9,9
2023.0,-75.0,0.0,0.0,3,6,0,0,0,0,2,2,1,1,0,1,2,1,1,19,1,4,0,1,0,3,1,0,10,8,5,8,3
2023.0,-100.0,0.0,0.0,3,6,3,0,0,0,0,2,1,1,0,0,2,1,1,7,2,4,0,1,0,3,1,0,6,7,5,3,3
2023.0,-43.0,0.0,0.0,3,6,3,0,0,0,0,9,1,1,0,0,9,1,1,7,2,4,0,1,0,2,1,0,10,8,5,3,3
2023.0,100.0,2.0,0.0,2,11,3,0,0,0,0,9,1,1,0,1,9,1,1,10,2,4,0,0,0,1,0,0,6,4,5,9,3
2023.0,315.0,0.0,0.0,3,4,3,0,0,0,0,5,1,1,0,0,1,1,1,12,2,4,0,0,0,1,1,0,0,2,5,3,9
2023.0,200.0,0.0,0.0,3,10,3,0,0,0,1,5,1,1,0,0,5,1,1,16,2,4,0,1,0,2,1,0,10,9,5,9,9
2023.0,380.0,0.0,0.0,3,6,3,0,0,0,1,5,1,1,0,1,5,1,1,17,2,4,0,1,0,1,2,0,6,7,5,8,3
2023.0,-108.0,2.0,0.0,3,6,3,0,0,0,0,5,1,1,0,0,5,1,1,17,2,4,0,1,0,1,1,0,10,8,5,8,3
2023.0,-550.0,0.0,0.0,3,6,3,0,0,0,1,5,1,1,0,1,5,1,1,18,2,4,0,1,0,2,1,0,6,7,5,8,3
2023.0,-400.0,0.0,0.0,3,3,3,0,0,0,1,2,1,1,0,1,1,1,1,18,2,4,0,1,0,2,1,0,6,2,5,3,9
2023.0,200.0,0.0,0.0,3,2,0,0,0,0,0,1,1,1,0,1,5,1,1,0,3,4,0,0,0,2,1,0,0,2,5,3,9
2023.0,-212.0,0.0,0.0,3,6,3,0,0,0,0,1,1,1,1,1,1,1,1,11,3,4,0,0,0,1,1,0,10,9,5,6,0
2023.0,0.0,0.0,0.0,3,4,3,0,0,0,1,9,1,1,0,1,1,1,1,12,3,4,0,0,0,1,1,0,5,2,5,3,9
2023.0,128.0,0.0,0.0,3,4,3,0,0,0,0,2,1,1,0,0,1,1,1,12,3,4,0,0,0,2,0,0,10,2,5,3,9
2023.0,85.0,0.0,0.0,3,6,3,0,0,0,1,5,1,1,0,0,5,1,1,13,3,4,0,0,0,2,1,0,10,7,5,8,3
2023.0,-200.0,1.0,0.0,3,6,3,0,0,0,0,1,1,1,0,1,1,1,1,14,3,4,0,0,0,2,1,0,10,7,5,8,3
2023.0,0.0,0.0,0.0,3,10,3,0,0,0,1,2,1,1,0,1,2,1,1,14,3,4,0,0,0,0,1,0,4,9,5,9,3
2023.0,-50.0,0.0,0.0,3,6,3,0,0,0,1,2,1,1,0,1,2,1,1,16,3,4,0,1,0,3,1,0,10,7,5,8,3
2023.0,-50.0,0.0,0.0,3,6,3,0,0,0,0,2,1,1,0,0,2,1,1,16,3,4,0,1,0,2,1,0,10,7,5,8,3
2023.0,125.0,1.0,0.0,2,6,3,0,0,0,1,1,1,1,0,0,1,1,1,16,3,4,0,1,0,2,0,0,10,8,5,8,3
2023.0,200.0,0.0,0.0,3,10,3,0,0,0,2,2,1,1,0,0,5,1,1,16,3,4,0,1,0,3,2,0,6,4,5,3,9
2023.0,-20.0,0.0,0.0,3,6,0,0,0,0,0,2,1,1,0,1,2,1,1,22,3,4,0,0,0,2,2,0,4,7,5,8,3
2023.0,45.0,0.0,0.0,3,6,0,0,0,0,2,9,1,1,0,1,9,1,1,22,3,4,0,0,0,3,1,0,6,5,7,3,8
2023.0,0.0,2.0,0.0,3,4,3,0,0,0,0,9,1,1,0,0,1,1,1,7,4,4,0,1,0,0,2,0,4,2,5,3,9
2023.0,0.0,0.0,0.0,3,6,3,0,0,0,1,9,1,1,0,1,9,1,1,9,4,4,0,1,0,1,1,0,3,7,5,8,3
2023.0,-340.0,0.0,0.0,3,2,3,0,0,0,0,9,1,1,0,0,2,1,1,11,4,4,0,0,0,1,2,0,0,2,5,3,9
2023.0,-630.0,0.0,0.0,3,4,3,0,0,0,0,6,1,1,0,1,5,1,1,12,4,4,0,0,0,1,1,0,0,2,5,3,9
2023.0,0.0,2.0,0.0,3,6,3,0,0,0,1,9,1,1,0,1,9,1,1,12,4,4,0,0,0,0,1,0,6,9,5,3,2
2023.0,203.0,0.0,0.0,3,6,3,0,0,0,1,5,0,1,0,1,5,1,1,15,4,4,0,0,0,2,1,0,6,8,5,8,3
2023.0,0.0,1.0,0.0,1,5,3,0,0,2,1,2,1,1,0,0,1,1,1,15,4,4,0,0,0,1,1,0,0,5,5,9,3
2023.0,-367.0,1.0,0.0,3,6,3,0,0,0,0,1,1,1,0,0,1,1,1,17,4,4,0,1,0,2,2,0,10,8,5,8,3
2023.0,0.0,0.0,0.0,3,2,3,0,0,0,1,9,1,1,0,0,1,1,1,18,4,4,0,1,0,2,1,0,5,2,5,3,9
2023.0,50.0,1.0,0.0,2,2,0,0,0,0,1,5,1,1,0,1,5,0,1,22,4,4,0,0,0,2,1,0,10,7,5,3,2
2023.0,-60.0,0.0,0.0,3,2,0,0,0,0,0,1,1,1,0,1,9,1,1,23,4,4,0,0,0,1,1,0,0,2,5,9,3
2023.0,0.0,0.0,0.0,3,6,0,0,0,0,1,5,0,1,0,1,5,1,1,2,5,4,1,0,0,1,1,0,10,7,5,8,3
2023.0,-5.0,0.0,0.0,3,2,0,0,0,0,0,9,0,1,0,1,2,1,1,3,5,4,1,0,0,1,2,0,10,2,5,3,9
2023.0,-450.0,0.0,0.0,3,6,3,0,0,0,1,1,1,1,0,0,1,1,1,8,5,4,1,1,0,1,0,0,6,7,5,3,3
2023.0,275.0,0.0,0.0,3,4,3,0,0,0,0,6,1,1,0,1,9,1,1,10,5,4,1,0,0,1,1,0,6,4,5,3,9
2023.0,0.0,0.0,0.0,3,4,3,0,0,0,0,1,1,1,0,0,5,1,1,11,5,4,1,0,0,1,1,0,6,4,5,3,9
2023.0,0.0,1.0,0.0,3,6,3,0,0,0,1,1,1,1,0,1,1,1,1,11,5,4,1,0,0,0,1,0,3,7,5,8,8
2023.0,50.0,1.0,0.0,3,6,3,0,0,0,1,9,1,1,0,1,9,1,1,14,5,4,1,0,0,1,2,0,10,7,5,3,3
2023.0,0.0,1.0,0.0,3,10,3,0,0,0,1,2,1,1,0,0,2,1,1,15,5,4,1,0,0,1,1,0,4,9,5,9,3
2023.0,0.0,1.0,0.0,3,4,3,1,0,0,1,2,1,1,0,1,9,1,1,16,5,4,1,1,0,1,1,0,5,2,5,3,9
2023.0,-300.0,1.0,0.0,3,2,3,0,0,0,0,2,1,1,0,0,1,1,1,16,5,4,1,1,0,1,1,0,4,2,5,3,1
2023.0,0.0,0.0,0.0,3,4,3,0,0,0,1,9,1,1,0,1,3,1,1,17,5,4,1,1,0,1,1,0,4,7,5,9,3
2023.0,580.0,2.0,0.0,2,6,3,1,0,0,1,1,1,1,0,0,1,1,1,17,5,4,1,1,0,2,2,0,6,8,5,8,3
2023.0,50.0,1.0,0.0,3,6,0,0,0,0,0,9,1,1,0,0,4,1,1,23,5,4,1,0,0,2,2,0,10,7,5,8,3
2023.0,50.0,0.0,0.0,3,3,3,0,0,0,1,2,1,1,0,1,5,1,1,10,6,4,1,0,0,1,2,0,0,5,5,6,3
2023.0,700.0,0.0,0.0,3,10,3,0,0,0,0,1,1,1,0,0,1,1,1,10,6,4,1,0,0,2,2,0,6,7,7,3,3
2023.0,496.0,0.0,0.0,3,2,3,0,0,0,0,9,1,1,0,0,5,1,1,11,6,4,1,0,0,1,0,0,0,2,5,8,9
2023.0,140.0,0.0,0.0,3,6,3,0,0,0,0,5,1,1,0,1,5,1,1,12,6,4,1,0,0,2,1,0,3,7,5,8,3
2023.0,40.0,0.0,0.0,3,6,3,0,0,0,0,9,1,1,0,1,9,1,1,13,6,4,1,0,0,2,1,0,10,8,5,3,3
2023.0,-351.0,0.0,0.0,3,10,3,0,0,0,1,1,1,1,0,1,1,1,1,15,6,4,1,0,0,1,1,0,6,7,5,3,2
2023.0,-100.0,0.0,0.0,3,6,3,0,0,0,1,9,1,0,0,1,9,1,1,15,6,4,1,0,0,1,1,0,10,7,5,3,3
2023.0,50.0,0.0,0.0,3,10,3,0,0,0,1,1,1,1,0,1,1,1,1,15,6,4,1,0,0,0,1,0,6,9,5,3,2
2023.0,0.0,1.0,0.0,2,9,3,0,0,0,0,9,1,1,0,1,1,1,1,16,6,4,1,1,0,2,1,0,4,2,5,9,3
2023.0,-94.0,0.0,0.0,3,6,3,0,0,0,2,2,1,1,0,0,2,1,1,17,6,4,1,1,0,3,1,0,10,8,5,8,5
2023.0,-64.0,0.0,0.0,3,10,3,0,0,0,0,1,1,1,0,1,1,1,1,17,6,4,1,1,0,1,1,0,10,9,5,8,9
2023.0,-240.0,1.0,0.0,3,2,0,0,0,0,0,1,1,1,0,0,2,1,1,21,6,4,1,0,0,2,1,0,6,2,5,3,9
2023.0,-1320.0,0.0,0.0,3,10,0,0,0,0,0,5,1,1,0,0,5,1,1,22,6,4,1,0,0,1,2,0,6,4,5,3,2
2023.0,0.0,0.0,0.0,3,2,3,0,0,0,0,9,1,1,0,1,2,1,1,8,0,4,0,1,0,1,1,0,4,2,5,3,3
2023.0,0.0,0.0,0.0,3,5,3,0,0,0,1,2,1,1,1,1,5,1,1,9,0,4,0,1,0,2,1,0,5,5,5,6,1
2023.0,-172.0,0.0,0.0,3,2,3,1,0,0,0,2,1,1,0,0,2,1,1,13,0,4,0,0,0,1,2,0,0,4,5,3,9
2023.0,-75.0,0.0,0.0,3,10,3,0,0,0,1,9,1,1,0,0,9,1,1,14,0,4,0,0,0,0,2,0,10,9,5,9,9
2023.0,-445.0,1.0,0.0,2,2,3,0,0,2,1,1,1,1,0,0,5,1,1,14,0,4,0,0,0,1,1,0,0,5,5,9,3
2023.0,0.0,2.0,0.0,3,4,3,0,0,0,0,9,1,1,0,1,1,1,1,15,0,4,0,0,0,2,2,0,4,2,5,3,9
2023.0,80.0,0.0,0.0,3,6,3,0,0,0,0,5,1,1,0,0,5,1,1,15,0,4,0,0,0,2,1,0,10,7,5,3,3
2023.0,545.0,0.0,0.0,3,10,3,0,0,0,1,1,1,1,0,1,1,1,1,16,0,4,0,1,0,1,1,0,6,9,5,3,3
2023.0,205.0,1.0,0.0,3,2,3,0,0,0,0,1,1,1,0,0,5,1,1,16,0,4,0,1,0,1,1,0,0,2,5,3,9
2023.0,0.0,0.0,0.0,3,6,0,0,0,0,0,5,1,1,0,1,5,1,1,20,0,4,0,0,0,1,1,0,3,7,5,8,3
2023.0,120.0,0.0,0.0,3,4,0,0,0,0,1,9,1,1,0,0,5,1,1,0,1,4,0,0,0,1,1,0,6,4,5,3,9
2023.0,-145.0,0.0,0.0,3,6,3,0,0,0,1,2,1,1,0,0,2,1,1,7,1,4,0,1,0,1,2,0,10,8,5,8,3
2023.0,440.0,2.0,0.0,2,2,3,0,0,0,0,1,1,1,0,0,5,1,1,7,1,4,0,1,0,1,1,0,0,2,5,3,9
2023.0,40.0,0.0,0.0,3,3,3,0,0,0,1,5,1,1,0,1,9,1,1,8,1,4,0,1,0,2,1,0,10,7,5,8,9
2023.0,-205.0,0.0,0.0,3,4,3,0,0,0,1,1,1,1,0,0,2,1,1,10,1,4,0,0,0,0,2,0,0,2,5,3,9
2023.0,56.0,0.0,0.0,3,6,3,0,0,0,1,9,1,1,0,0,9,1,1,10,1,4,0,0,0,1,2,0,10,7,5,8,3
2023.0,0.0,0.0,0.0,3,10,3,0,0,0,0,9,1,1,0,1,9,1,1,12,1,4,0,0,0,2,1,0,4,5,5,9,9
2023.0,-630.0,0.0,0.0,3,6,3,0,0,0,1,1,1,1,0,1,1,1,1,14,1,4,0,0,0,2,1,0,6,7,5,8,3
2023.0,-623.0,1.0,0.0,3,6,3,0,0,0,1,1,1,1,0,1,1,1,1,14,1,4,0,0,0,2,2,0,6,7,5,8,3
2023.0,0.0,0.0,0.0,3,2,3,0,0,0,1,5,1,1,1,1,9,1,1,16,1,4,0,1,0,0,2,0,6,5,5,6,1
2023.0,0.0,0.0,0.0,3,4,3,0,0,0,1,1,1,1,0,1,9,1,1,16,1,4,0,1,0,2,1,0,5,2,5,3,9
2023.0,0.0,1.0,0.0,3,6,3,0,0,0,0,2,1,1,0,1,2,1,1,16,1,4,0,1,0,2,1,0,3,7,5,8,8
2023.0,-192.0,0.0,0.0,3,10,3,0,0,0,0,2,1,1,0,1,2,1,1,16,1,4,0,1,0,2,1,0,6,9,5,3,3
2023.0,-50.0,0.0,0.0,3,6,3,0,0,0,0,1,1,1,0,1,1,1,1,17,1,4,0,1,0,1,0,0,6,8,8,3,3