Year,Distance,Totalinjuries,Totalfatalities,Injuryseverity,Collisionmanner,Lightcondition,Weather,SurfaceCondition,Unittype_One,Gender_Drv1,Traveldirection_One,AlcoholUse_Drv1,DrugUse_Drv1,Unittype_Two,Gender_Drv2,Traveldirection_Two,AlcoholUse_Drv2,DrugUse_Drv2,Hour,Weekday,Month,Weekend,Rush_Hour,Hazardous_Road,Age_Group_Drv1,Age_Group_Drv2,Substance_Use,Junction_Category,Violation_Category_Drv1,Violation_Category_Drv2,Unitaction_Category_Two,Unitaction_Category_One
2023.0,0.0,0.0,0.0,3,2,3,0,0,0,1,1,1,1,0,0,5,1,1,17,1,4,0,1,0,1,1,0,5,2,5,3,9
2023.0,-96.0,0.0,0.0,3,6,4,0,0,0,0,1,1,1,0,0,1,1,1,19,1,4,0,1,0,1,1,0,10,7,5,9,9
2023.0,-30.0,0.0,0.0,3,10,0,0,0,0,1,1,1,1,1,1,1,1,1,20,1,4,0,0,0,1,1,0,6,4,5,6,9
2023.0,0.0,0.0,0.0,3,4,0,0,0,0,1,9,1,1,0,1,4,1,1,20,1,4,0,0,0,2,1,0,4,2,5,9,3
2023.0,100.0,0.0,0.0,3,10,0,0,0,0,1,9,1,1,0,1,9,1,1,4,2,4,0,0,0,1,2,0,6,9,5,3,2
2023.0,-437.0,0.0,0.0,3,10,3,0,0,0,0,5,1,1,0,1,5,1,1,7,2,4,0,1,0,2,1,0,6,9,5,8,0
2023.0,1.0,0.0,0.0,3,6,3,0,0,0,1,1,1,1,0,0,1,1,1,8,2,4,0,1,0,2,1,0,6,7,5,8,8
2023.0,0.0,1.0,0.0,1,4,3,0,0,2,1,9,1,1,0,0,2,1,1,8,2,4,0,1,0,1,1,0,4,2,5,9,3
2023.0,-1750.0,0.0,0.0,3,2,3,0,0,0,1,1,1,1,0,0,5,1,1,10,2,4,0,0,0,0,2,0,0,2,5,3,9
2023.0,0.0,1.0,0.0,3,4,3,0,0,0,1,5,1,1,0,0,2,1,1,10,2,4,0,0,0,0,2,0,5,2,5,3,9
2023.0,0.0,0.0,0.0,3,4,3,0,0,0,1,9,1,1,0,1,1,1,1,11,2,4,0,0,0,1,1,0,4,2,5,3,9
2023.0,-400.0,1.0,0.0,1,4,3,0,0,0,0,2,1,1,0,1,1,1,1,14,2,4,0,0,0,0,1,0,0,2,5,3,9
2023.0,50.0,0.0,0.0,3,10,3,0,0,0,0,1,1,1,0,1,1,1,1,14,2,4,0,0,0,1,0,0,4,9,5,3,2
2023.0,-100.0,0.0,0.0,3,10,3,0,0,0,1,2,1,1,0,0,2,1,1,15,2,4,0,0,0,2,2,0,6,9,5,9,3
2023.0,0.0,0.0,0.0,3,10,5,4,0,0,0,5,1,1,0,0,5,1,1,15,2,4,0,0,0,1,1,0,5,9,5,9,9
2023.0,-35.0,0.0,0.0,3,6,3,0,0,0,1,2,1,1,0,1,2,1,1,15,2,4,0,0,0,2,1,0,10,7,5,3,3
2023.0,-20.0,1.0,0.0,2,5,3,0,0,3,1,1,1,1,0,1,2,1,1,17,2,4,0,1,0,2,2,0,10,5,5,3,7
2023.0,-924.0,0.0,0.0,3,6,3,0,0,0,0,1,1,1,0,0,1,1,1,18,2,4,0,1,0,1,2,0,0,7,5,8,3
2023.0,185.0,0.0,0.0,3,11,3,0,0,0,1,2,1,1,0,0,2,1,1,18,2,4,0,1,0,2,1,0,10,4,5,3,9
2023.0,0.0,0.0,0.0,3,10,2,0,0,0,0,9,1,1,0,1,5,1,1,18,2,4,0,1,0,1,1,0,10,5,5,3,2
2023.0,-235.0,0.0,0.0,3,10,3,0,0,0,0,9,1,1,0,1,9,1,1,8,3,4,0,1,0,1,1,0,0,2,5,3,2
2023.0,-120.0,0.0,0.0,3,10,3,0,0,0,1,2,1,1,0,1,2,1,1,9,3,4,0,1,0,1,0,0,10,9,5,3,2
2023.0,0.0,0.0,0.0,3,11,3,0,0,0,1,5,1,1,0,1,5,1,1,11,3,4,0,0,0,1,1,0,4,4,5,9,9
2023.0,-463.0,1.0,0.0,3,4,3,0,0,0,1,2,1,1,0,0,1,1,1,12,3,4,0,0,0,2,1,0,0,2,5,3,9
2023.0,250.0,0.0,0.0,3,4,3,0,0,0,1,9,1,1,0,0,5,1,1,12,3,4,0,0,0,0,1,0,6,2,5,3,9
2023.0,-115.0,0.0,0.0,3,6,3,0,0,0,1,2,1,1,0,0,2,1,1,14,3,4,0,0,0,2,1,0,10,7,5,8,3
2023.0,145.0,0.0,0.0,3,6,3,0,0,0,0,9,1,1,0,0,9,1,1,15,3,4,0,0,0,2,1,0,10,7,5,8,3
2023.0,125.0,1.0,0.0,3,10,3,0,0,0,0,9,1,1,0,0,9,1,1,16,3,4,0,1,0,1,2,0,6,9,5,3,9
2023.0,79.0,0.0,0.0,3,2,4,0,0,0,0,1,1,1,0,1,1,1,1,18,3,4,0,1,0,2,2,0,6,9,5,3,2
2023.0,0.0,0.0,0.0,3,6,4,0,0,0,1,9,1,1,0,1,9,1,1,18,3,4,0,1,0,1,1,0,3,9,5,3,2
2023.0,500.0,3.0,0.0,2,3,0,0,0,0,1,2,1,1,0,0,5,1,1,20,3,4,0,0,0,1,1,0,6,1,5,3,9
2023.0,4.0,0.0,0.0,3,6,0,0,0,0,2,5,1,1,0,1,5,1,1,1,4,4,0,0,0,3,1,0,10,8,5,8,3
2023.0,0.0,0.0,0.0,3,2,3,0,0,0,1,2,1,1,0,0,1,1,1,5,4,4,0,0,0,0,1,0,6,2,5,3,9
2023.0,-463.0,1.0,0.0,2,4,2,0,0,0,0,9,1,1,0,0,1,1,1,7,4,4,0,1,0,1,2,0,0,2,5,3,9
2023.0,220.0,0.0,0.0,3,10,3,0,0,0,0,9,1,1,0,1,9,1,1,8,4,4,0,1,0,1,2,0,6,9,5,3,2
2023.0,330.0,0.0,0.0,3,6,3,0,0,0,1,2,1,1,0,1,2,1,1,9,4,4,0,1,0,2,1,0,6,8,5,8,3
2023.0,0.0,0.0,0.0,3,10,3,0,0,0,0,1,1,1,0,1,1,1,1,9,4,4,0,1,0,1,0,0,3,5,5,3,3
2023.0,-263.0,0.0,0.0,3,6,3,0,0,0,0,5,1,1,0,1,0,1,1,15,4,4,0,0,0,1,2,0,0,7,5,8,3
2023.0,-27.0,1.0,0.0,3,6,3,0,0,0,1,1,1,1,0,1,1,1,1,17,4,4,0,1,0,1,1,0,6,8,5,8,3
2023.0,250.0,0.0,0.0,3,10,4,0,0,0,1,9,1,1,0,1,9,1,1,18,4,4,0,1,0,1,1,0,6,2,5,3,6
2023.0,0.0,0.0,0.0,3,4,0,0,0,0,1,9,1,1,0,1,5,1,1,20,4,4,0,0,0,1,1,0,5,2,5,3,9
2023.0,30.0,0.0,0.0,3,6,0,0,0,0,2,2,1,1,1,1,2,1,1,21,4,4,0,0,0,3,1,0,6,5,5,6,1
2023.0,0.0,3.0,0.0,2,2,0,0,0,0,1,9,1,1,0,0,5,1,1,23,4,4,0,0,0,2,2,0,4,7,5,3,3
2023.0,750.0,0.0,0.0,3,4,0,0,0,0,0,5,1,1,0,0,1,1,1,23,4,4,0,0,0,2,2,0,6,2,5,3,9
2023.0,395.0,0.0,0.0,3,6,0,0,0,0,1,1,0,1,0,1,1,1,1,3,5,4,1,0,0,2,2,0,6,7,5,3,3
2023.0,0.0,1.0,0.0,3,3,3,0,0,0,1,1,1,1,0,0,9,1,1,10,5,4,1,0,0,2,1,0,5,2,5,3,9
2023.0,100.0,0.0,0.0,3,6,3,0,0,0,1,1,1,1,0,0,1,1,1,10,5,4,1,0,0,1,1,0,10,7,5,9,3
2023.0,-125.0,0.0,0.0,3,10,3,0,0,0,1,2,1,1,0,1,2,1,1,11,5,4,1,0,0,1,2,0,10,9,5,3,2
2023.0,-52.0,0.0,0.0,3,6,3,0,0,0,1,1,1,1,0,1,1,1,1,11,5,4,1,0,0,2,2,0,10,7,5,3,3
2023.0,-2000.0,2.0,0.0,2,2,3,0,0,0,0,9,1,1,0,0,1,1,1,14,5,4,1,0,0,1,1,0,8,2,5,3,9
2023.0,5.0,1.0,0.0,3,2,5,4,0,0,0,9,1,1,0,1,1,1,1,17,5,4,1,1,0,1,2,0,10,4,5,3,9
2023.0,0.0,0.0,0.0,3,2,0,0,0,0,1,9,1,1,0,0,5,1,1,21,5,4,1,0,0,2,2,0,4,2,5,3,9
2023.0,-1000.0,0.0,0.0,3,10,0,0,0,0,1,9,1,1,0,1,9,1,1,23,5,4,1,0,0,2,2,0,6,7,5,9,2
2023.0,0.0,0.0,0.0,3,4,3,0,0,0,1,7,1,1,0,1,1,1,1,10,6,4,1,0,0,1,2,0,0,2,5,3,9
2023.0,40.0,1.0,0.0,3,6,3,0,0,0,1,5,1,1,0,1,5,1,1,12,6,4,1,0,0,1,1,0,10,7,5,8,8
2023.0,-50.0,0.0,0.0,3,6,3,0,0,0,2,1,1,1,0,0,1,1,1,13,6,4,1,0,0,3,1,0,10,5,5,3,5
2023.0,0.0,1.0,0.0,3,5,3,0,0,2,1,2,1,1,0,0,1,1,1,14,6,4,1,0,0,2,1,0,4,5,5,9,3
2023.0,-90.0,0.0,0.0,3,10,3,0,0,0,0,1,1,1,0,0,1,1,1,15,6,4,1,0,0,1,0,0,10,5,5,8,9
2023.0,20.0,0.0,0.0,3,6,3,0,0,0,1,5,1,1,0,0,5,1,1,16,6,4,1,1,0,2,1,0,10,8,5,8,3
2023.0,0.0,4.0,0.0,2,4,3,0,0,0,1,1,1,1,0,1,9,1,1,17,6,4,1,1,0,2,1,0,4,2,5,9,3
2023.0,0.0,3.0,0.0,3,4,3,0,0,0,0,1,1,1,0,1,5,1,1,17,6,4,1,1,0,1,1,0,4,2,5,3,9
2023.0,346.0,0.0,0.0,3,6,3,0,0,0,1,5,0,1,0,0,5,1,1,18,6,4,1,1,0,1,2,0,6,8,5,8,3
2023.0,0.0,2.0,0.0,2,4,3,0,0,0,1,9,1,1,0,0,1,1,1,18,6,4,1,1,0,1,2,0,5,2,5,3,9
2023.0,180.0,0.0,0.0,3,2,0,0,0,0,2,5,1,1,0,1,5,1,1,20,6,4,1,0,0,3,1,0,6,9,5,3,9
2023.0,-1195.0,0.0,0.0,3,4,0,0,0,0,0,5,1,1,0,1,1,1,1,21,6,4,1,0,0,2,2,0,0,2,5,3,9
2023.0,-30.0,0.0,0.0,3,2,0,0,0,0,1,1,1,1,0,0,5,1,1,0,0,5,0,0,0,1,2,0,10,2,5,3,3
2023.0,-650.0,1.0,0.0,3,2,3,0,0,2,1,1,1,1,0,0,5,1,1,7,0,5,0,1,0,2,1,0,6,5,5,5,3
2023.0,-100.0,1.0,0.0,3,6,3,0,0,0,1,2,1,1,0,0,2,1,1,10,0,5,0,0,0,2,1,0,10,7,5,8,3
2023.0,-32.0,1.0,0.0,2,5,3,0,0,2,1,2,1,1,0,1,1,1,1,12,0,5,0,0,0,0,1,0,10,2,5,9,3
2023.0,-30.0,1.0,0.0,2,6,3,0,0,0,1,1,1,1,0,1,1,1,1,14,0,5,0,0,0,1,1,0,10,8,5,8,3
2023.0,0.0,0.0,0.0,3,10,3,0,0,0,1,1,1,1,0,1,1,1,1,16,0,5,0,1,0,1,1,0,10,5,5,9,9
2023.0,175.0,0.0,0.0,3,6,3,0,0,0,1,5,1,1,0,0,5,1,1,17,0,5,0,1,0,1,2,0,6,7,5,8,3
2023.0,-35.0,0.0,0.0,3,6,3,0,0,0,1,2,1,1,0,1,2,1,1,18,0,5,0,1,0,0,2,0,10,8,5,8,3
2023.0,0.0,2.0,0.0,3,4,0,0,0,0,0,5,0,1,0,0,2,1,1,20,0,5,0,0,0,1,2,0,4,2,5,3,9
2023.0,12.0,1.0,0.0,2,2,0,0,0,0,1,1,1,1,2,0,2,1,1,5,1,5,0,0,0,0,1,0,10,5,5,3,3
2023.0,100.0,0.0,0.0,3,6,3,0,0,0,0,5,0,1,0,0,5,1,1,11,1,5,0,0,0,1,2,0,10,7,5,8,3
2023.0,0.0,2.0,0.0,3,4,3,0,0,0,1,1,1,1,0,1,9,1,1,12,1,5,0,0,0,1,1,0,4,2,5,3,9
2023.0,0.0,0.0,0.0,3,4,3,0,0,0,1,9,1,1,0,0,2,1,1,12,1,5,0,0,0,1,1,0,4,5,5,3,9
2023.0,125.0,0.0,0.0,3,4,3,0,0,0,1,2,1,1,0,0,5,1,1,15,1,5,0,0,0,2,1,0,0,2,5,3,9
2023.0,1000.0,0.0,0.0,3,6,3,0,0,0,0,9,1,1,0,0,9,1,1,16,1,5,0,1,0,1,1,0,6,7,5,8,3
2023.0,-890.0,0.0,0.0,3,6,3,0,0,0,1,9,1,1,0,0,9,1,1,17,1,5,0,1,0,1,1,0,6,8,5,8,3
2023.0,0.0,0.0,0.0,3,2,3,0,0,0,0,9,1,1,0,0,5,1,1,17,1,5,0,1,0,1,1,0,4,2,5,3,3
2023.0,-115.0,1.0,0.0,3,6,0,0,0,0,0,1,1,1,0,1,1,1,1,19,1,5,0,1,0,2,1,0,10,8,5,3,3
2023.0,20.0,1.0,0.0,3,6,0,0,0,0,2,9,1,1,0,1,9,1,1,4,2,5,0,0,0,3,1,0,10,7,5,8,3
2023.0,0.0,2.0,0.0,3,2,3,0,0,0,1,1,1,1,0,1,5,1,1,6,2,5,0,0,0,1,1,0,4,2,5,3,3
2023.0,150.0,0.0,0.0,3,6,3,0,0,0,1,1,1,1,0,0,1,1,1,6,2,5,0,0,0,1,1,0,6,7,5,9,3
2023.0,100.0,0.0,0.0,3,10,3,0,0,0,0,9,1,1,0,1,9,1,1,9,2,5,0,1,0,0,1,0,10,5,5,8,3
2023.0,34.0,0.0,0.0,3,10,3,0,0,0,1,9,1,1,0,1,9,1,1,10,2,5,0,0,0,1,1,0,10,5,5,9,9
2023.0,-326.0,0.0,0.0,3,10,3,0,0,0,2,2,1,1,0,1,2,1,1,12,2,5,0,0,0,3,1,0,6,9,5,3,2
2023.0,100.0,0.0,0.0,3,6,3,0,0,0,1,5,1,1,0,0,5,1,1,13,2,5,0,0,0,1,1,0,10,7,5,8,3
2023.0,350.0,0.0,0.0,3,10,3,0,0,0,1,7,1,1,0,0,7,1,1,14,2,5,0,0,0,1,2,0,6,9,5,3,2
2023.0,0.0,1.0,0.0,3,2,3,0,0,0,1,5,1,1,0,0,1,1,1,16,2,5,0,1,0,1,1,0,4,2,5,3,3
2023.0,-215.0,0.0,0.0,3,6,3,0,0,0,1,1,1,1,0,1,2,1,1,16,2,5,0,1,0,2,1,0,0,8,5,3,9
2023.0,230.0,0.0,0.0,3,10,3,0,0,0,1,1,1,1,0,0,1,1,1,16,2,5,0,1,0,2,1,0,6,9,5,3,2
2023.0,-392.0,2.0,0.0,2,4,3,0,0,0,0,9,1,1,0,1,1,1,1,17,2,5,0,1,0,1,2,0,0,2,5,3,9
2023.0,82.0,0.0,0.0,3,6,3,0,0,0,1,9,1,1,0,1,9,1,1,17,2,5,0,1,0,1,2,0,10,8,5,8,3
2023.0,-30.0,0.0,0.0,3,2,3,0,0,0,1,5,1,1,0,1,9,1,1,18,2,5,0,1,0,2,1,0,0,2,5,3,3
2023.0,-50.0,0.0,0.0,3,2,3,0,0,0,1,1,1,1,0,0,5,1,1,18,2,5,0,1,0,0,1,0,10,2,5,3,9
2023.0,0.0,0.0,0.0,3,4,0,0,0,0,1,7,1,1,0,1,1,1,1,22,2,5,0,0,0,1,0,0,4,2,5,3,9
2023.0,-125.0,0.0,0.0,3,10,3,0,0,0,2,2,1,1,0,1,2,1,1,9,3,5,0,1,0,3,1,0,6,9,5,3,2
2023.0,-235.0,0.0,0.0,3,6,3,0,0,0,1,1,1,1,0,1,1,1,1,9,3,5,0,1,0,1,1,0,10,8,5,8,3
2023.0,75.0,0.0,0.0,3,6,3,0,0,0,0,5,1,1,0,1,5,1,1,12,3,5,0,0,0,1,2,0,10,7,5,8,3
2023.0,-90.0,0.0,0.0,3,6,3,0,0,0,0,1,1,1,0,0,1,1,1,12,3,5,0,0,0,2,1,0,10,7,5,3,3
2023.0,629.0,0.0,0.0,3,2,3,0,0,0,1,5,1,1,0,0,9,1,1,14,3,5,0,0,0,1,2,0,0,2,5,3,9
2023.0,700.0,0.0,0.0,3,6,3,0,0,0,1,9,1,1,0,1,9,1,1,14,3,5,0,0,0,2,2,0,6,7,5,8,3
2023.0,-594.0,0.0,0.0,3,6,3,0,0,0,1,5,1,1,0,1,5,1,1,14,3,5,0,0,0,2,1,0,6,8,5,8,9
2023.0,267.0,0.0,0.0,3,2,3,0,0,0,1,5,1,1,0,1,9,1,1,15,3,5,0,0,0,0,2,0,10,2,5,3,9
2023.0,-369.0,0.0,0.0,3,2,3,0,0,0,0,9,1,1,0,1,2,1,1,16,3,5,0,1,0,2,1,0,0,2,5,3,9
2023.0,-223.0,0.0,0.0,3,9,0,0,0,0,2,1,1,1,0,1,9,1,1,19,3,5,0,1,0,3,1,0,6,9,5,3,0
2023.0,0.0,0.0,0.0,3,6,0,0,0,0,0,9,1,1,0,1,9,1,1,19,3,5,0,1,0,1,1,0,4,8,5,9,9
2023.0,690.0,0.0,0.0,3,2,0,0,0,0,1,9,1,1,0,0,2,1,1,21,3,5,0,0,0,2,1,0,0,2,5,3,9
2023.0,10.0,0.0,0.0,3,6,0,0,0,0,1,9,1,1,0,0,9,1,1,22,3,5,0,0,0,2,1,0,10,8,5,3,3
2023.0,0.0,0.0,0.0,3,2,0,0,0,0,0,5,1,1,0,1,1,1,1,22,3,5,0,0,0,2,2,0,4,5,5,3,3
2023.0,0.0,1.0,0.0,2,2,2,0,0,0,0,5,1,1,0,0,9,1,1,5,4,5,0,0,0,2,1,0,4,2,5,3,3
2023.0,0.0,0.0,0.0,3,4,3,0,0,0,1,2,1,1,0,1,9,1,1,7,4,5,0,1,0,2,1,0,4,2,5,3,9
2023.0,112.0,0.0,0.0,3,6,3,0,0,0,1,5,1,1,0,0,5,1,1,8,4,5,0,1,0,1,2,0,10,8,5,8,3
2023.0,160.0,0.0,0.0,3,6,3,0,0,0,1,5,1,1,0,1,2,1,1,11,4,5,0,0,0,2,1,0,0,2,5,3,9
2023.0,0.0,1.0,0.0,3,2,3,0,0,0,0,5,1,1,0,0,9,1,1,12,4,5,0,0,0,1,1,0,4,2,5,3,3
2023.0,-75.0,0.0,0.0,3,6,3,0,0,0,2,5,1,1,0,1,5,1,1,12,4,5,0,0,0,3,2,0,6,7,5,3,3
2023.0,-95.0,1.0,0.0,3,6,3,0,0,0,0,2,0,1,0,1,2,1,1,13,4,5,0,0,0,1,0,0,10,7,5,3,3
2023.0,160.0,0.0,0.0,3,2,3,0,0,0,0,2,1,1,0,0,5,1,1,15,4,5,0,0,0,1,2,0,6,9,5,3,2
2023.0,50.0,0.0,0.0,3,6,3,0,0,0,1,5,1,1,0,0,5,1,1,15,4,5,0,0,0,2,2,0,0,7,5,8,3
2023.0,0.0,0.0,0.0,3,4,3,0,0,0,2,5,1,1,0,1,2,1,1,16,4,5,0,1,0,3,1,0,4,2,5,3,9
2023.0,200.0,2.0,0.0,3,6,3,0,0,0,2,9,1,1,0,1,9,1,1,16,4,5,0,1,0,3,1,0,10,8,5,8,3
2023.0,100.0,1.0,0.0,3,6,0,0,0,0,1,9,1,1,0,1,9,1,1,19,4,5,0,1,0,1,2,0,10,2,5,3,9
2023.0,-5.0,1.0,0.0,2,2,0,0,0,2,0,5,1,1,0,1,5,1,1,20,4,5,0,0,0,1,1,0,10,2,5,3,2
2023.0,-300.0,0.0,0.0,3,6,0,0,0,0,2,2,1,1,0,0,2,1,1,20,4,5,0,0,0,3,2,0,10,8,5,8,3
2023.0,-5.0,0.0,0.0,3,2,0,0,0,0,1,2,1,1,0,0,2,1,1,21,4,5,0,0,0,2,2,0,10,4,5,3,9
2023.0,0.0,0.0,0.0,3,4,3,0,0,0,0,1,1,1,0,1,9,1,1,8,5,5,1,1,0,1,1,0,4,2,5,3,9
2023.0,0.0,0.0,0.0,3,2,3,0,0,0,1,5,1,1,0,1,5,1,1,12,5,5,1,0,0,1,2,0,10,4,5,8,9
2023.0,0.0,0.0,0.0,3,10,3,0,0,0,0,9,1,1,0,1,9,1,1,12,5,5,1,0,0,1,2,0,4,4,5,3,9
2023.0,20.0,1.0,0.0,3,6,3,0,0,0,1,2,1,1,0,0,2,1,1,13,5,5,1,0,0,1,1,0,10,7,5,3,3
2023.0,-700.0,0.0,0.0,3,4,3,0,0,0,1,5,1,1,0,1,2,1,1,13,5,5,1,0,0,0,1,0,0,9,5,9,9
2023.0,88.0,0.0,0.0,3,6,3,0,0,0,0,5,1,1,0,1,5,1,1,13,5,5,1,0,0,2,1,0,10,7,5,8,3
2023.0,60.0,1.0,0.0,3,6,3,0,0,0,1,9,1,1,0,0,9,1,1,14,5,5,1,0,0,1,1,0,10,8,5,8,3
2023.0,93.0,1.0,0.0,3,2,3,0,0,0,1,9,1,1,0,1,9,1,1,17,5,5,1,1,0,1,1,0,10,9,5,3,2
2023.0,-86.0,0.0,0.0,3,2,0,0,0,0,1,5,1,1,0,1,5,1,1,19,5,5,1,1,0,1,0,0,10,9,5,3,9
2023.0,62.0,0.0,0.0,3,2,0,0,0,0,1,9,1,1,0,0,6,1,1,2,6,5,1,0,0,2,1,0,6,4,5,9,9
2023.0,0.0,2.0,1.0,0,4,3,0,0,0,1,2,1,1,0,0,5,1,1,9,6,5,1,1,0,2,0,0,4,2,5,3,9
2023.0,50.0,3.0,0.0,2,2,3,0,0,0,1,9,1,1,0,1,9,1,1,15,6,5,1,0,0,1,2,0,5,4,5,3,9
2023.0,63.0,1.0,0.0,3,6,3,0,0,0,0,9,1,1,0,1,9,1,1,17,6,5,1,1,0,0,1,0,10,8,5,8,8
2023.0,0.0,0.0,0.0,3,6,3,0,0,0,0,1,1,1,0,1,1,1,1,18,6,5,1,1,0,1,1,0,6,7,5,8,3
2023.0,0.0,1.0,0.0,2,2,0,0,0,0,0,1,1,1,0,1,9,1,1,21,6,5,1,0,0,1,0,0,4,2,5,9,3
2023.0,0.0,0.0,0.0,3,10,0,0,0,0,1,9,1,1,0,1,9,1,1,22,6,5,1,0,0,1,2,0,5,7,5,3,9
2023.0,-56.0,1.0,0.0,3,5,3,0,0,3,0,5,1,1,0,0,1,1,1,6,0,5,0,0,0,2,1,0,10,2,5,9,7
2023.0,0.0,0.0,0.0,3,4,3,0,0,0,1,2,1,1,0,1,1,1,1,8,0,5,0,1,0,1,1,0,4,2,5,3,9
2023.0,-385.0,2.0,0.0,3,2,3,0,0,0,1,2,1,1,0,0,1,1,1,13,0,5,0,0,0,2,1,0,0,2,5,3,9
2023.0,-678.0,1.0,0.0,3,10,3,0,0,0,1,9,1,1,0,1,9,1,1,15,0,5,0,0,0,1,1,0,6,5,5,3,3
2023.0,70.0,0.0,0.0,3,10,3,0,0,0,1,9,1,1,0,0,9,1,1,17,0,5,0,1,0,0,1,0,10,9,5,8,2
2023.0,0.0,1.0,0.0,2,2,3,0,0,0,1,2,1,1,0,1,9,1,1,18,0,5,0,1,0,2,2,0,4,2,5,3,3
2023.0,0.0,0.0,0.0,3,6,0,0,0,0,1,2,1,1,0,0,2,1,1,22,0,5,0,0,0,1,1,0,6,7,5,3,3
2023.0,30.0,0.0,0.0,3,2,0,0,0,0,1,1,1,1,0,0,5,1,1,23,0,5,0,0,0,2,1,0,10,9,5,3,2
2023.0,-70.0,0.0,0.0,3,6,3,0,0,0,1,1,1,1,0,0,1,1,1,7,1,5,0,1,0,1,1,0,10,7,5,3,3
2023.0,0.0,0.0,0.0,3,4,3,0,0,0,1,1,1,1,0,1,5,1,1,8,1,5,0,1,0,1,1,0,4,2,5,3,9
2023.0,1500.0,1.0,0.0,3,4,3,0,0,0,0,2,1,1,2,1,5,1,1,9,1,5,0,1,0,2,2,0,6,2,5,3,9
2023.0,-50.0,0.0,0.0,3,10,3,0,0,0,0,2,1,1,0,1,2,1,1,12,1,5,0,0,0,2,1,0,4,5,5,9,9
2023.0,0.0,0.0,0.0,3,4,3,0,0,0,0,1,1,1,0,0,9,1,1,13,1,5,0,0,0,1,0,0,5,2,5,3,9
2023.0,-170.0,1.0,0.0,3,6,3,0,0,0,0,2,1,1,0,1,2,1,1,14,1,5,0,0,0,0,1,0,10,8,5,8,3
2023.0,0.0,0.0,0.0,3,11,3,0,0,0,0,2,1,1,0,1,1,1,1,14,1,5,0,0,0,1,1,0,4,7,5,3,3
2023.0,-506.0,0.0,0.0,3,6,3,0,0,0,1,2,1,1,0,1,2,1,1,16,1,5,0,1,0,3,1,0,6,7,5,8,3
2023.0,0.0,0.0,0.0,3,2,3,0,0,0,0,5,1,1,0,0,9,1,1,17,1,5,0,1,0,2,2,0,5,2,5,3,9
2023.0,0.0,1.0,0.0,3,4,3,0,0,0,0,9,1,1,0,0,1,1,1,17,1,5,0,1,0,1,1,0,4,2,5,3,9
2023.0,5.0,1.0,0.0,3,2,0,0,0,0,1,2,1,1,0,0,1,1,1,19,1,5,0,1,0,1,1,0,10,2,5,3,9
2023.0,-180.0,0.0,0.0,3,2,0,0,0,0,0,5,1,1,0,1,1,1,1,20,1,5,0,0,0,2,2,0,6,2,5,3,9
2023.0,163.0,1.0,0.0,3,2,3,1,0,2,1,1,1,1,0,1,5,1,1,6,2,5,0,0,0,2,0,0,0,5,5,3,3
2023.0,155.0,0.0,0.0,3,10,3,1,0,0,1,5,1,1,0,1,5,1,1,7,2,5,0,1,0,1,1,0,10,9,5,3,2
2023.0,-100.0,0.0,0.0,3,10,3,0,0,0,0,9,1,1,0,1,9,1,1,12,2,5,0,0,0,1,1,0,6,5,5,5,5
2023.0,20.0,0.0,0.0,3,10,3,0,0,0,2,5,1,1,0,0,5,1,1,14,2,5,0,0,0,3,0,0,6,5,5,3,5
2023.0,-75.0,0.0,0.0,3,6,3,0,0,0,0,1,1,1,0,0,1,1,1,14,2,5,0,0,0,1,1,0,10,8,5,8,3
2023.0,610.0,1.0,0.0,3,10,3,0,0,0,0,5,1,1,0,0,5,1,1,14,2,5,0,0,0,1,1,0,6,9,5,3,2
2023.0,-82.0,0.0,0.0,3,6,3,0,0,0,1,5,1,1,0,0,5,1,1,15,2,5,0,0,0,0,2,0,6,8,5,8,3
2023.0,0.0,1.0,0.0,2,5,3,0,0,2,0,9,1,1,0,0,2,1,1,15,2,5,0,0,0,2,1,0,0,5,5,9,3
2023.0,90.0,2.0,0.0,3,6,0,0,0,0,0,1,1,1,0,1,1,1,1,20,2,5,0,0,0,1,2,0,10,8,5,8,3
2023.0,0.0,0.0,0.0,3,4,3,0,0,0,0,5,1,1,0,1,1,1,1,7,3,5,0,1,0,1,1,0,4,2,5,3,9
2023.0,0.0,0.0,0.0,3,2,3,0,0,0,1,2,1,1,0,1,9,1,1,7,3,5,0,1,0,2,1,0,4,2,5,9,3
2023.0,0.0,0.0,0.0,3,4,3,0,0,0,1,3,1,1,0,0,1,1,1,7,3,5,0,1,0,1,1,0,6,7,5,3,9
2023.0,-100.0,0.0,0.0,3,6,3,0,0,0,1,2,1,1,0,0,2,1,1,8,3,5,0,1,0,2,1,0,10,7,5,8,3
2023.0,134.0,1.0,0.0,3,6,3,0,0,0,2,9,1,1,0,0,9,1,1,9,3,5,0,1,0,3,2,0,10,8,5,8,3
2023.0,0.0,0.0,0.0,3,4,3,0,0,0,1,2,1,1,0,0,5,1,1,9,3,5,0,1,0,1,1,0,4,5,5,3,9
2023.0,0.0,0.0,0.0,3,4,3,0,0,0,1,9,1,1,0,1,1,1,1,10,3,5,0,0,0,0,2,0,5,2,5,3,9
2023.0,0.0,1.0,0.0,2,2,3,0,0,0,1,5,1,1,0,1,9,1,1,10,3,5,0,0,0,1,2,0,0,2,5,3,9
2023.0,0.0,0.0,0.0,3,2,3,0,0,0,1,1,1,1,0,1,5,1,1,12,3,5,0,0,0,2,1,0,5,2,5,3,9