Year,Distance,Totalinjuries,Totalfatalities,Injuryseverity,Collisionmanner,Lightcondition,Weather,SurfaceCondition,Unittype_One,Gender_Drv1,Traveldirection_One,AlcoholUse_Drv1,DrugUse_Drv1,Unittype_Two,Gender_Drv2,Traveldirection_Two,AlcoholUse_Drv2,DrugUse_Drv2,Hour,Weekday,Month,Weekend,Rush_Hour,Hazardous_Road,Age_Group_Drv1,Age_Group_Drv2,Substance_Use,Junction_Category,Violation_Category_Drv1,Violation_Category_Drv2,Unitaction_Category_Two,Unitaction_Category_One
2023.0,10.0,0.0,0.0,3,6,3,0,0,0,1,2,1,1,0,1,2,1,1,14,3,5,0,0,0,1,1,0,10,2,5,3,9
2023.0,-225.0,0.0,0.0,3,6,3,0,0,0,0,5,1,1,0,0,5,1,1,15,3,5,0,0,0,2,2,0,6,8,5,8,3
2023.0,460.0,0.0,0.0,3,2,3,0,0,0,0,1,1,1,0,0,5,1,1,15,3,5,0,0,0,1,2,0,0,2,5,3,9
2023.0,-115.0,0.0,0.0,3,6,3,0,0,0,2,2,1,1,0,0,2,1,1,15,3,5,0,0,0,3,1,0,10,8,5,3,3
2023.0,0.0,0.0,0.0,3,4,3,0,0,0,0,5,1,1,0,1,1,1,1,16,3,5,0,1,0,0,1,0,5,2,5,3,9
2023.0,0.0,1.0,0.0,2,2,3,0,0,0,0,2,1,1,2,1,5,1,1,16,3,5,0,1,0,1,1,0,4,2,5,3,9
2023.0,320.0,0.0,0.0,3,11,3,0,0,0,0,9,1,1,0,1,9,1,1,17,3,5,0,1,0,1,1,0,6,2,5,3,9
2023.0,0.0,1.0,0.0,3,6,4,0,0,0,1,9,1,1,0,0,9,1,1,18,3,5,0,1,0,2,1,0,3,7,5,8,8
2023.0,0.0,0.0,0.0,3,6,0,0,0,0,1,9,1,1,0,0,9,1,1,23,3,5,0,0,0,2,0,0,3,8,5,8,9
2023.0,-180.0,1.0,0.0,2,5,0,0,0,3,0,2,0,1,0,0,1,1,1,0,4,5,0,0,0,2,2,0,6,2,5,3,7
2023.0,-77.0,0.0,0.0,3,6,0,0,0,0,0,1,1,1,0,1,1,1,1,0,4,5,0,0,0,1,1,0,10,8,5,8,3
2023.0,0.0,2.0,0.0,2,4,3,0,0,0,0,1,1,1,0,0,9,1,1,7,4,5,0,1,0,2,1,0,4,2,5,3,9
2023.0,-484.0,1.0,0.0,2,4,3,0,0,0,1,5,1,1,0,1,9,1,1,11,4,5,0,0,0,0,1,0,0,2,5,3,9
2023.0,0.0,0.0,0.0,3,10,3,0,0,0,0,9,1,1,0,0,9,1,1,13,4,5,0,0,0,1,1,0,5,9,5,9,9
2023.0,-58.0,1.0,0.0,3,6,3,0,0,0,1,1,1,1,0,1,1,1,1,14,4,5,0,0,0,2,1,0,10,7,5,8,3
2023.0,0.0,0.0,0.0,3,3,3,0,0,0,0,1,1,1,0,0,9,1,1,14,4,5,0,0,0,1,2,0,4,4,5,3,9
2023.0,-220.0,0.0,0.0,3,10,3,0,0,0,0,5,1,1,0,0,5,1,1,16,4,5,0,1,0,0,2,0,3,5,5,3,3
2023.0,0.0,0.0,0.0,3,4,3,0,0,0,1,1,1,1,0,1,9,1,1,16,4,5,0,1,0,1,1,0,5,2,5,3,9
2023.0,60.0,4.0,0.0,3,6,3,0,0,0,0,9,1,1,0,1,9,1,1,17,4,5,0,1,0,1,0,0,10,8,5,8,8
2023.0,-75.0,0.0,0.0,3,6,3,0,0,0,2,1,1,1,0,1,1,1,1,20,4,5,0,0,0,3,1,0,10,8,5,8,3
2023.0,100.0,0.0,0.0,3,4,0,0,0,0,1,5,0,1,0,1,9,1,1,2,5,5,1,0,0,2,2,0,10,2,5,9,9
2023.0,0.0,0.0,0.0,3,2,3,0,0,0,0,1,1,1,0,1,5,1,1,10,5,5,1,0,0,0,1,0,4,2,5,3,3
2023.0,0.0,1.0,0.0,3,4,3,0,0,0,1,1,1,1,0,1,9,1,1,12,5,5,1,0,0,1,1,0,4,2,5,3,9
2023.0,-70.0,1.0,0.0,2,6,3,0,0,0,2,2,1,1,0,0,2,1,1,14,5,5,1,0,0,3,1,0,10,8,5,8,3
2023.0,0.0,2.0,0.0,2,2,0,0,0,0,0,5,1,1,0,1,2,1,1,18,5,5,1,1,0,2,1,0,4,2,5,3,9
2023.0,0.0,1.0,0.0,3,4,0,0,0,0,1,5,0,1,0,0,2,1,1,21,5,5,1,0,0,1,2,0,4,2,5,3,9
2023.0,100.0,0.0,0.0,3,6,0,0,0,0,0,2,1,1,0,1,2,1,1,22,5,5,1,0,0,2,1,0,6,7,5,3,3
2023.0,615.0,0.0,0.0,3,10,3,0,0,0,0,5,1,1,0,1,5,1,1,8,6,5,1,1,0,2,0,0,6,7,5,8,3
2023.0,100.0,0.0,0.0,3,6,3,0,0,0,1,5,1,1,0,0,5,1,1,14,6,5,1,0,0,1,1,0,6,7,5,8,3
2023.0,-20.0,0.0,0.0,3,10,3,0,0,0,0,4,1,1,0,1,7,1,1,15,6,5,1,0,0,0,1,0,10,9,5,9,9
2023.0,0.0,1.0,0.0,2,2,3,0,0,0,0,9,1,1,0,1,2,1,1,15,6,5,1,0,0,1,1,0,4,5,5,3,9
2023.0,-20.0,0.0,0.0,3,3,4,0,0,0,0,1,1,1,0,1,9,1,1,18,6,5,1,1,0,1,1,0,6,5,5,3,3
2023.0,40.0,1.0,0.0,3,6,2,0,0,0,1,9,1,1,0,1,9,1,1,4,0,5,0,0,0,2,1,0,6,7,2,9,3
2023.0,44.0,0.0,0.0,3,10,3,0,0,0,1,5,1,1,0,1,5,1,1,12,0,5,0,0,0,1,1,0,10,4,5,8,9
2023.0,0.0,1.0,0.0,2,2,3,0,0,0,0,1,1,1,0,0,9,1,1,13,0,5,0,0,0,1,2,0,4,4,5,3,9
2023.0,-76.0,1.0,0.0,2,5,3,0,0,2,1,5,1,1,0,1,5,1,1,14,0,5,0,0,0,1,1,0,10,2,5,9,3
2023.0,-35.0,0.0,0.0,3,6,3,0,0,0,1,9,1,1,0,0,9,1,1,14,0,5,0,0,0,2,0,0,10,8,5,8,3
2023.0,-215.0,0.0,0.0,3,10,3,0,0,0,1,1,1,1,0,0,1,1,1,16,0,5,0,1,0,2,1,0,10,9,5,3,2
2023.0,-235.0,0.0,0.0,3,6,3,0,0,0,1,1,1,1,0,0,1,1,1,16,0,5,0,1,0,2,1,0,10,8,5,8,3
2023.0,-69.0,0.0,0.0,3,6,3,0,0,0,1,1,1,1,0,1,1,1,1,16,0,5,0,1,0,2,1,0,10,7,5,3,3
2023.0,100.0,0.0,0.0,3,10,3,0,0,0,0,5,1,1,0,1,5,1,1,16,0,5,0,1,0,1,1,0,10,9,5,3,2
2023.0,-84.0,0.0,0.0,3,10,3,0,0,0,1,2,1,1,0,1,2,1,1,17,0,5,0,1,0,1,1,0,10,9,5,3,2
2023.0,0.0,0.0,0.0,3,2,3,0,0,0,0,9,1,1,0,1,1,1,1,17,0,5,0,1,0,2,2,0,4,2,5,3,9
2023.0,0.0,0.0,0.0,3,4,2,0,0,0,0,9,1,1,0,1,5,1,1,17,0,5,0,1,0,2,2,0,4,2,5,3,9
2023.0,0.0,0.0,0.0,3,2,3,0,0,0,0,9,1,1,0,1,5,1,1,18,0,5,0,1,0,1,1,0,4,2,5,3,3
2023.0,-110.0,0.0,0.0,3,6,3,0,0,0,0,9,1,1,0,0,9,1,1,18,0,5,0,1,0,2,2,0,10,5,5,5,5
2023.0,0.0,2.0,0.0,3,4,0,0,0,0,1,3,1,1,0,0,1,1,1,21,0,5,0,0,0,2,1,0,4,2,5,3,9
2023.0,0.0,0.0,0.0,3,2,3,0,0,0,0,9,1,1,0,1,5,1,1,7,1,5,0,1,0,3,1,0,4,2,5,3,3
2023.0,0.0,0.0,0.0,3,3,3,0,0,0,0,1,1,1,0,1,9,1,1,7,1,5,0,1,0,2,0,0,4,2,5,3,9
2023.0,-22.0,0.0,0.0,3,4,3,0,0,0,0,2,1,1,0,1,1,1,1,9,1,5,0,1,0,1,2,0,10,2,5,3,9
2023.0,-160.0,0.0,0.0,3,6,3,0,0,0,1,1,1,1,0,1,1,1,1,11,1,5,0,0,0,2,2,0,10,7,5,8,3
2023.0,0.0,0.0,0.0,3,4,2,0,0,0,0,1,1,1,0,1,5,1,1,12,1,5,0,0,0,2,2,0,5,2,5,3,9
2023.0,-460.0,2.0,0.0,2,2,3,0,0,0,0,9,1,1,0,1,2,1,1,12,1,5,0,0,0,0,1,0,0,2,5,3,3
2023.0,0.0,0.0,0.0,3,4,3,0,0,0,2,2,1,1,0,1,1,1,1,15,1,5,0,0,0,3,1,0,5,2,5,3,9
2023.0,0.0,0.0,0.0,3,4,3,0,0,0,1,1,1,1,0,1,9,1,1,15,1,5,0,0,0,1,1,0,5,4,5,3,9
2023.0,0.0,1.0,0.0,3,4,3,1,0,0,0,2,1,1,0,0,9,1,1,17,1,5,0,1,0,1,2,0,4,2,5,3,9
2023.0,123.0,0.0,0.0,3,6,3,0,0,0,2,5,1,1,0,1,5,1,1,5,2,5,0,0,0,3,0,0,4,7,5,9,9
2023.0,-5.0,0.0,0.0,3,2,3,0,0,0,0,5,1,1,0,0,2,1,1,7,2,5,0,1,0,2,2,0,10,2,5,9,9
2023.0,0.0,1.0,0.0,2,4,3,0,0,0,0,5,1,1,0,1,2,1,1,7,2,5,0,1,0,2,1,0,4,2,5,3,9
2023.0,0.0,1.0,0.0,3,4,3,0,0,0,1,5,1,1,0,0,9,1,1,14,2,5,0,0,0,2,1,0,5,2,5,3,9
2023.0,0.0,0.0,0.0,3,10,3,0,0,0,0,5,1,1,0,1,5,1,1,14,2,5,0,0,0,1,1,0,4,9,5,9,9
2023.0,36.0,0.0,0.0,3,6,3,0,0,0,2,1,1,1,0,0,1,1,1,15,2,5,0,0,0,3,0,0,10,8,5,9,9
2023.0,0.0,0.0,0.0,3,10,3,0,0,0,2,2,1,1,0,0,1,1,1,15,2,5,0,0,0,3,2,0,4,5,5,3,9
2023.0,227.0,3.0,0.0,3,2,3,0,0,0,0,1,1,1,0,0,5,1,1,16,2,5,0,1,0,0,0,0,0,2,5,3,9
2023.0,-332.0,3.0,0.0,2,10,3,0,0,0,1,5,1,1,0,0,5,1,1,16,2,5,0,1,0,0,1,0,6,5,5,5,5
2023.0,0.0,0.0,0.0,3,4,4,0,0,0,1,1,1,1,0,0,9,1,1,17,2,5,0,1,0,1,2,0,6,2,7,3,9
2023.0,0.0,0.0,0.0,3,6,3,0,0,0,1,2,1,1,0,0,3,1,1,18,2,5,0,1,0,2,0,0,3,7,5,8,3
2023.0,-464.0,0.0,0.0,3,12,3,0,0,0,2,8,1,1,1,1,9,1,1,19,2,5,0,1,0,3,2,0,6,5,5,6,5
2023.0,86.0,0.0,0.0,3,6,0,0,0,0,0,9,0,1,0,1,9,1,1,20,2,5,0,0,0,1,1,0,10,8,5,8,3
2023.0,-66.0,0.0,0.0,3,6,0,1,0,0,1,1,1,1,0,1,1,1,1,20,2,5,0,0,0,1,1,0,10,8,5,8,3
2023.0,0.0,0.0,0.0,3,6,0,0,0,0,0,9,1,1,0,0,9,1,1,21,2,5,0,0,0,2,0,0,3,7,5,8,3
2023.0,0.0,1.0,0.0,2,5,1,0,0,0,1,5,1,1,2,1,2,1,1,4,3,5,0,0,0,1,1,0,6,5,5,3,9
2023.0,-155.0,0.0,0.0,3,10,3,0,0,0,1,9,1,1,0,0,9,1,1,7,3,5,0,1,0,2,1,0,6,9,5,3,0
2023.0,-76.0,0.0,0.0,3,2,3,0,0,0,0,5,1,1,0,1,5,1,1,7,3,5,0,1,0,1,2,0,10,4,5,3,9
2023.0,0.0,1.0,0.0,3,2,3,1,0,0,1,1,1,1,0,1,2,1,1,10,3,5,0,0,0,1,0,0,4,2,5,3,3
2023.0,0.0,0.0,0.0,3,2,3,0,0,0,1,5,1,1,0,0,2,1,1,12,3,5,0,0,0,2,0,0,0,2,5,3,9
2023.0,0.0,0.0,0.0,3,6,3,0,0,0,0,9,1,1,0,1,9,1,1,13,3,5,0,0,0,2,1,0,4,7,5,8,3
2023.0,94.0,1.0,0.0,3,6,3,0,0,0,1,5,1,1,0,0,5,1,1,15,3,5,0,0,0,1,1,0,10,7,5,8,3
2023.0,50.0,1.0,0.0,2,2,3,0,0,0,2,9,1,1,3,0,2,1,1,15,3,5,0,0,0,3,2,0,5,7,5,7,3
2023.0,551.0,0.0,0.0,3,10,3,0,0,0,2,1,1,1,0,0,2,1,1,16,3,5,0,1,0,3,1,0,0,2,5,3,9
2023.0,0.0,0.0,0.0,3,4,3,1,0,0,0,2,1,1,0,0,9,1,1,17,3,5,0,1,0,2,1,0,4,2,5,3,9
2023.0,-50.0,0.0,0.0,3,2,2,1,0,0,2,2,1,1,0,1,1,1,1,18,3,5,0,1,0,3,1,0,6,2,5,3,9
2023.0,234.0,0.0,0.0,3,6,3,1,0,0,1,2,1,1,0,0,2,1,1,7,4,5,0,1,0,2,1,0,6,7,5,8,3
2023.0,150.0,0.0,0.0,3,10,3,1,0,0,0,5,1,1,0,1,5,1,1,7,4,5,0,1,0,1,0,0,6,7,5,6,3
2023.0,113.0,0.0,0.0,3,6,3,0,0,0,0,9,1,1,0,1,9,1,1,9,4,5,0,1,0,0,1,0,10,7,5,8,3
2023.0,0.0,0.0,0.0,3,4,3,1,0,0,1,1,1,1,0,0,2,1,1,9,4,5,0,1,0,2,0,0,4,2,5,3,9
2023.0,67.0,0.0,0.0,3,6,3,1,0,0,1,5,1,1,0,0,5,1,1,10,4,5,0,0,0,1,0,0,10,7,5,8,3
2023.0,100.0,0.0,0.0,3,10,3,0,0,0,1,1,1,1,0,1,0,1,1,11,4,5,0,0,0,1,1,0,6,9,5,3,2
2023.0,0.0,0.0,0.0,3,10,3,0,0,0,1,7,1,1,0,0,7,1,1,12,4,5,0,0,0,2,1,0,4,9,5,9,9
2023.0,0.0,2.0,0.0,2,4,3,1,0,0,0,2,1,1,0,1,5,1,1,14,4,5,0,0,0,2,1,0,3,2,5,3,9
2023.0,338.0,0.0,0.0,3,4,3,0,0,0,1,5,1,1,0,0,9,1,1,14,4,5,0,0,0,1,1,0,6,2,5,3,9
2023.0,-36.0,0.0,0.0,3,6,3,0,0,0,0,2,1,1,0,0,2,1,1,14,4,5,0,0,0,2,1,0,10,7,5,8,3
2023.0,0.0,1.0,0.0,1,2,3,0,0,0,1,5,1,1,0,0,2,1,1,14,4,5,0,0,0,1,1,0,5,2,5,3,9
2023.0,-225.0,0.0,0.0,3,2,3,0,0,0,1,9,1,1,0,1,2,1,1,15,4,5,0,0,0,0,2,0,6,2,5,3,9
2023.0,380.0,0.0,0.0,3,4,3,0,0,0,1,5,1,1,0,1,9,1,1,17,4,5,0,1,0,2,2,0,6,2,5,3,9
2023.0,0.0,2.0,0.0,2,2,3,0,0,0,0,5,1,1,0,1,2,1,1,17,4,5,0,1,0,1,1,0,4,2,5,9,3
2023.0,200.0,0.0,0.0,3,6,4,1,0,0,1,1,1,1,0,1,1,1,1,18,4,5,0,1,0,1,2,0,6,8,5,8,3
2023.0,0.0,0.0,0.0,3,6,3,0,0,0,1,2,1,1,0,0,2,1,1,20,4,5,0,0,0,1,1,0,4,8,5,9,9
2023.0,-100.0,1.0,0.0,2,6,0,0,0,0,0,9,1,1,0,1,5,1,1,23,4,5,0,0,0,2,0,0,10,2,5,3,3
2023.0,-25.0,2.0,0.0,3,6,0,0,0,0,1,2,1,1,0,1,2,1,1,23,4,5,0,0,0,2,1,0,10,7,5,8,3
2023.0,-50.0,0.0,0.0,3,2,0,0,0,0,2,9,1,1,0,0,1,1,1,3,5,5,1,0,0,3,2,0,10,5,5,3,9
2023.0,10.0,0.0,0.0,3,11,3,0,0,0,0,1,1,1,0,0,9,1,1,12,5,5,1,0,0,0,1,0,10,5,5,9,3
2023.0,0.0,1.0,0.0,1,4,3,0,0,0,1,2,0,1,0,0,5,1,1,15,5,5,1,0,0,2,0,0,5,2,5,3,9
2023.0,-285.0,0.0,0.0,3,4,0,0,0,0,0,9,1,1,0,0,2,1,1,20,5,5,1,0,0,1,1,0,0,2,5,8,9
2023.0,20.0,0.0,0.0,3,10,0,0,0,0,1,2,1,1,0,1,2,1,1,22,5,5,1,0,0,1,1,0,6,9,5,3,3
2023.0,0.0,0.0,0.0,3,5,0,0,0,0,0,2,0,1,1,1,1,1,1,1,6,5,1,0,0,1,1,0,10,7,5,6,3
2023.0,350.0,0.0,0.0,3,9,3,0,0,0,1,3,1,1,0,1,2,1,1,9,6,5,1,1,0,1,0,0,6,9,5,3,9
2023.0,160.0,0.0,0.0,3,10,3,0,0,0,1,5,1,1,0,0,5,1,1,16,6,5,1,1,0,1,2,0,6,9,5,3,2
2023.0,0.0,1.0,0.0,2,2,3,0,0,0,0,2,1,1,0,1,1,1,1,16,6,5,1,1,0,1,2,0,3,2,5,3,9
2023.0,0.0,0.0,0.0,3,2,0,0,0,0,0,2,1,1,0,1,5,1,1,20,6,5,1,0,0,1,2,0,4,2,5,3,9
2023.0,-180.0,0.0,0.0,3,10,3,0,0,0,0,9,1,1,0,0,9,1,1,9,0,5,0,1,0,0,1,0,0,9,5,3,2
2023.0,-100.0,0.0,0.0,3,6,3,0,0,0,2,2,1,1,0,0,2,1,1,10,0,5,0,0,0,3,1,0,10,7,5,8,3
2023.0,0.0,0.0,0.0,3,4,3,0,0,0,0,5,1,1,0,1,2,1,1,11,0,5,0,0,0,0,2,0,4,8,5,3,5
2023.0,353.0,0.0,0.0,3,6,3,0,0,0,1,2,1,1,0,1,2,1,1,11,0,5,0,0,0,0,1,0,6,5,5,3,1
2023.0,-100.0,0.0,0.0,3,10,3,0,0,0,1,2,1,1,0,0,2,1,1,13,0,5,0,0,0,0,0,0,6,5,5,3,3
2023.0,-633.0,0.0,0.0,3,2,3,0,0,0,0,9,1,1,0,0,2,1,1,14,0,5,0,0,0,1,1,0,0,2,5,3,9
2023.0,98.0,0.0,0.0,3,6,3,0,0,0,2,5,1,1,0,1,5,1,1,15,0,5,0,0,0,3,1,0,10,8,5,8,3
2023.0,60.0,0.0,0.0,3,10,3,0,0,0,1,9,1,1,0,0,9,1,1,6,1,5,0,0,0,2,1,0,10,9,5,9,3
2023.0,58.0,0.0,0.0,3,6,3,0,0,0,1,9,1,1,0,1,9,1,1,8,1,5,0,1,0,1,0,0,10,7,5,8,3
2023.0,90.0,0.0,0.0,3,6,3,0,0,0,0,9,1,1,0,0,9,1,1,9,1,5,0,1,0,0,1,0,10,8,5,8,3
2023.0,-292.0,0.0,0.0,3,9,3,0,0,0,1,5,1,1,0,1,2,1,1,16,1,5,0,1,0,1,1,0,6,5,5,8,3
2023.0,5.0,0.0,0.0,3,4,3,0,0,0,1,9,1,1,0,0,9,1,1,16,1,5,0,1,0,1,1,0,6,8,5,9,9
2023.0,530.0,1.0,0.0,3,2,3,0,0,0,1,5,1,1,0,0,9,1,1,18,1,5,0,1,0,2,2,0,0,2,5,3,9
2023.0,525.0,0.0,0.0,3,4,3,0,0,0,1,5,1,1,0,0,9,1,1,18,1,5,0,1,0,2,1,0,6,2,5,3,9
2023.0,0.0,1.0,0.0,2,5,0,0,0,2,1,1,1,1,0,0,2,1,1,20,1,5,0,0,0,2,0,0,10,2,5,3,3
2023.0,110.0,1.0,0.0,3,4,0,0,0,0,1,5,1,1,0,1,2,1,1,0,2,5,0,0,0,2,1,0,6,2,5,3,9
2023.0,20.0,0.0,0.0,3,6,0,0,0,0,0,2,1,1,0,0,5,0,1,1,2,5,0,0,0,0,2,0,10,5,5,8,1
2023.0,90.0,0.0,0.0,3,10,3,0,0,0,0,1,1,1,0,1,1,1,1,7,2,5,0,1,0,2,1,0,6,9,5,3,2
2023.0,70.0,0.0,0.0,3,10,3,0,0,0,0,9,1,1,0,1,9,1,1,9,2,5,0,1,0,3,1,0,10,7,5,8,5
2023.0,145.0,0.0,0.0,3,10,3,0,0,0,1,1,1,1,0,1,1,1,1,10,2,5,0,0,0,0,1,0,6,9,5,3,2
2023.0,310.0,0.0,0.0,3,2,3,0,0,0,0,5,1,1,0,1,9,1,1,12,2,5,0,0,0,1,1,0,0,2,5,3,9
2023.0,0.0,6.0,0.0,2,2,3,0,0,0,0,2,1,1,0,1,9,1,1,13,2,5,0,0,0,2,0,0,4,2,5,3,3
2023.0,130.0,0.0,0.0,3,10,3,0,0,0,0,9,1,1,0,0,9,1,1,13,2,5,0,0,0,1,1,0,10,7,5,8,3
2023.0,-210.0,0.0,0.0,3,4,3,0,0,0,1,5,1,1,0,1,9,1,1,13,2,5,0,0,0,1,1,0,0,2,5,3,9
2023.0,772.0,0.0,0.0,3,10,3,0,0,0,1,9,1,1,0,1,9,1,1,14,2,5,0,0,0,1,1,0,6,9,5,3,3
2023.0,400.0,0.0,0.0,3,10,3,0,0,0,1,5,1,1,0,0,5,1,1,14,2,5,0,0,0,1,1,0,6,9,5,3,2
2023.0,235.0,0.0,0.0,3,2,3,0,0,0,1,5,1,1,0,1,9,1,1,17,2,5,0,1,0,2,2,0,0,2,5,3,9
2023.0,5.0,0.0,0.0,3,10,3,0,0,0,1,5,1,1,0,0,5,1,1,17,2,5,0,1,0,2,1,0,10,7,9,9,9
2023.0,0.0,0.0,0.0,3,10,3,0,0,0,0,2,1,1,0,0,2,1,1,17,2,5,0,1,0,2,1,0,4,5,5,3,9
2023.0,-85.0,0.0,0.0,3,6,3,0,0,0,1,2,0,1,0,1,2,1,1,17,2,5,0,1,0,2,1,0,10,8,5,8,3
2023.0,75.0,0.0,0.0,3,10,0,0,0,0,1,9,1,1,0,0,9,1,1,19,2,5,0,1,0,1,2,0,10,2,5,3,3
2023.0,80.0,1.0,0.0,2,2,0,0,0,0,1,2,1,1,0,1,2,1,1,20,2,5,0,0,0,1,1,0,10,9,5,3,9
2023.0,140.0,0.0,0.0,3,6,3,0,0,0,1,5,1,1,0,0,5,1,1,11,3,5,0,0,0,3,1,0,10,8,5,8,3
2023.0,0.0,1.0,0.0,3,2,3,0,0,0,1,5,1,1,0,1,9,1,1,11,3,5,0,0,0,0,1,0,4,5,5,3,3
2023.0,0.0,0.0,0.0,3,4,3,0,0,0,1,1,1,1,0,1,9,1,1,13,3,5,0,0,0,1,1,0,4,2,5,3,9
2023.0,200.0,0.0,0.0,3,6,3,0,0,0,1,9,1,1,0,0,9,1,1,14,3,5,0,0,0,0,1,0,10,8,5,8,2
2023.0,295.0,0.0,0.0,3,4,3,0,0,0,0,1,1,1,0,0,9,1,1,16,3,5,0,1,0,1,1,0,0,4,5,3,9
2023.0,-50.0,0.0,0.0,3,6,3,0,0,0,1,1,1,1,0,0,1,1,1,17,3,5,0,1,0,1,1,0,10,8,5,8,3
2023.0,0.0,0.0,0.0,3,2,0,0,0,0,0,2,1,1,0,1,2,1,1,0,4,5,0,0,0,0,2,0,5,4,5,3,9
2023.0,0.0,1.0,0.0,2,5,0,0,0,0,2,8,1,1,3,1,8,0,1,1,4,5,0,0,0,3,1,0,6,5,5,5,5
2023.0,-35.0,4.0,0.0,2,10,2,0,0,0,1,9,1,1,0,1,9,1,1,4,4,5,0,0,0,1,1,0,6,9,5,3,2
2023.0,140.0,0.0,0.0,3,2,3,0,0,0,1,1,1,1,0,0,1,1,1,8,4,5,0,1,0,0,1,0,0,4,5,3,9
2023.0,116.0,0.0,0.0,3,10,3,0,0,0,2,1,1,1,0,0,1,1,1,9,4,5,0,1,0,3,1,0,6,9,5,3,3
2023.0,50.0,1.0,0.0,3,5,3,0,0,0,1,5,1,1,3,1,1,1,1,10,4,5,0,0,0,0,1,0,5,2,5,7,9
2023.0,-100.0,0.0,0.0,3,6,3,0,0,0,0,1,1,1,0,0,1,1,1,10,4,5,0,0,0,2,0,0,10,7,5,8,3
2023.0,-140.0,0.0,0.0,3,6,3,0,0,0,0,2,1,1,0,1,2,1,1,11,4,5,0,0,0,2,1,0,10,7,5,8,3
2023.0,-90.0,0.0,0.0,3,6,3,0,0,0,1,2,1,1,0,1,2,1,1,14,4,5,0,0,0,0,1,0,10,7,5,8,3
2023.0,43.0,0.0,0.0,3,10,3,0,0,0,1,2,1,1,0,1,2,1,1,15,4,5,0,0,0,1,2,0,5,5,5,9,9
2023.0,256.0,3.0,0.0,2,4,3,0,0,0,0,9,1,1,0,0,2,1,1,15,4,5,0,0,0,2,2,0,0,2,5,3,9
2023.0,211.0,0.0,0.0,3,4,3,0,0,0,0,5,1,1,0,0,2,1,1,15,4,5,0,0,0,0,1,0,0,2,5,3,9
2023.0,0.0,0.0,0.0,3,2,3,0,0,0,1,1,1,1,0,1,9,1,1,15,4,5,0,0,0,1,1,0,4,4,5,3,9
2023.0,74.0,0.0,0.0,3,6,3,0,0,0,1,5,1,1,0,1,5,1,1,18,4,5,0,1,0,1,1,0,10,7,5,8,3
2023.0,0.0,0.0,0.0,3,2,0,0,0,0,1,1,1,1,0,1,5,1,1,23,4,5,0,0,0,1,1,0,5,5,5,1,3
2023.0,-140.0,0.0,0.0,3,6,0,0,0,0,0,2,0,1,0,1,2,1,1,3,5,5,1,0,0,1,1,0,10,7,5,8,3
2023.0,0.0,0.0,0.0,3,6,3,0,0,0,1,2,1,1,0,1,2,1,1,10,5,5,1,0,0,1,1,0,3,7,5,8,3
2023.0,-250.0,1.0,0.0,1,5,3,0,0,0,1,4,1,1,2,0,5,1,1,11,5,5,1,0,0,1,2,0,6,2,5,3,9
2023.0,-50.0,1.0,0.0,2,10,3,0,0,0,1,2,0,1,0,1,2,1,1,13,5,5,1,0,0,0,2,0,10,9,5,9,2
2023.0,-100.0,1.0,0.0,2,10,3,0,0,0,1,5,1,1,0,1,5,1,1,15,5,5,1,0,0,1,1,0,6,7,5,9,2
2023.0,0.0,0.0,0.0,3,2,3,0,0,0,1,2,1,1,0,1,1,1,1,16,5,5,1,1,0,0,1,0,4,7,5,3,3
2023.0,0.0,0.0,0.0,3,2,3,0,3,0,0,8,1,1,0,1,5,1,1,16,5,5,1,1,0,1,1,0,4,5,5,9,5
2023.0,-100.0,1.0,0.0,2,6,3,0,0,0,2,2,1,1,0,1,2,1,1,17,5,5,1,1,0,3,1,0,10,7,5,8,3
2023.0,0.0,0.0,0.0,3,6,3,0,3,0,1,8,1,1,0,1,9,1,1,17,5,5,1,1,0,1,1,0,10,5,5,9,5
2023.0,0.0,0.0,0.0,3,4,0,0,0,0,0,9,0,1,0,1,2,1,1,22,5,5,1,0,0,1,1,0,4,2,5,3,9
2023.0,200.0,1.0,0.0,3,5,0,0,0,0,2,5,1,1,2,1,5,1,1,23,5,5,1,0,0,3,1,0,6,9,5,5,3
2023.0,-45.0,0.0,0.0,3,6,0,0,0,0,1,2,1,1,0,1,2,1,1,23,5,5,1,0,0,2,1,0,10,2,5,8,3
2023.0,0.0,0.0,0.0,3,6,3,0,0,0,1,1,1,1,0,1,1,1,1,10,6,5,1,0,0,0,1,0,10,8,5,8,9
2023.0,-687.0,0.0,0.0,3,2,3,0,0,0,1,5,1,1,0,0,9,1,1,13,6,5,1,0,0,0,1,0,0,2,5,3,9
2023.0,0.0,0.0,0.0,3,10,3,0,0,0,1,2,1,1,0,0,2,1,1,17,6,5,1,1,0,0,1,0,5,5,5,9,3
2023.0,0.0,1.0,0.0,2,2,0,0,0,0,0,9,1,1,0,0,5,1,1,0,0,5,0,0,0,2,1,0,3,2,5,9,3
2023.0,0.0,2.0,0.0,3,2,3,0,0,0,1,9,1,1,0,1,2,1,1,7,0,5,0,1,0,1,2,0,4,2,5,3,3
2023.0,-100.0,0.0,0.0,3,6,3,0,3,0,2,1,1,1,0,0,1,1,1,14,0,5,0,0,0,3,2,0,10,5,5,5,3
2023.0,-50.0,1.0,0.0,2,10,3,0,0,0,2,1,1,1,0,0,1,1,1,14,0,5,0,0,0,3,2,0,10,9,5,3,2
2023.0,0.0,0.0,0.0,3,2,4,0,0,0,0,1,1,1,0,1,2,1,1,18,0,5,0,1,0,1,2,0,4,5,5,3,3