Year,Distance,Totalinjuries,Totalfatalities,Injuryseverity,Collisionmanner,Lightcondition,Weather,SurfaceCondition,Unittype_One,Gender_Drv1,Traveldirection_One,AlcoholUse_Drv1,DrugUse_Drv1,Unittype_Two,Gender_Drv2,Traveldirection_Two,AlcoholUse_Drv2,DrugUse_Drv2,Hour,Weekday,Month,Weekend,Rush_Hour,Hazardous_Road,Age_Group_Drv1,Age_Group_Drv2,Substance_Use,Junction_Category,Violation_Category_Drv1,Violation_Category_Drv2,Unitaction_Category_Two,Unitaction_Category_One
2023.0,0.0,2.0,0.0,2,2,3,0,0,0,0,1,0,1,0,1,2,1,1,18,0,5,0,1,0,1,1,0,5,2,5,9,3
2023.0,-50.0,0.0,0.0,3,10,4,0,0,0,1,9,1,1,0,1,9,1,1,18,0,5,0,1,0,1,1,0,6,9,5,3,2
2023.0,-325.0,0.0,0.0,3,2,4,0,0,0,2,9,1,1,0,1,9,1,1,19,0,5,0,1,0,3,1,0,6,9,5,3,2
2023.0,0.0,1.0,0.0,2,4,0,0,0,0,1,1,1,1,0,1,2,1,1,4,1,5,0,0,0,0,2,0,5,2,5,3,9
2023.0,0.0,0.0,0.0,3,6,3,0,0,0,0,2,1,1,0,0,2,1,1,8,1,5,0,1,0,2,0,0,6,7,5,8,3
2023.0,0.0,0.0,0.0,3,6,3,0,0,0,1,9,1,1,0,0,9,1,1,11,1,5,0,0,0,1,1,0,3,7,5,8,3
2023.0,0.0,0.0,0.0,3,10,3,0,0,0,1,1,1,1,0,1,1,1,1,12,1,5,0,0,0,1,1,0,6,9,5,3,2
2023.0,-100.0,0.0,0.0,3,5,3,0,3,0,0,8,1,1,0,1,9,1,1,12,1,5,0,0,0,1,1,0,0,5,5,5,1
2023.0,0.0,0.0,0.0,3,2,3,0,0,0,1,9,1,1,0,0,2,1,1,12,1,5,0,0,0,2,0,0,4,2,5,3,9
2023.0,85.0,0.0,0.0,3,6,3,0,0,0,0,9,1,1,0,0,9,1,1,13,1,5,0,0,0,2,1,0,10,7,5,8,3
2023.0,359.0,0.0,0.0,3,2,3,0,0,0,1,2,1,1,0,1,9,1,1,15,1,5,0,0,0,1,1,0,6,2,5,3,9
2023.0,0.0,3.0,0.0,2,2,3,0,0,0,1,9,1,1,0,1,2,1,1,15,1,5,0,0,0,1,0,0,5,2,5,3,9
2023.0,72.0,0.0,0.0,3,10,3,0,0,0,1,5,1,1,0,1,5,1,1,18,1,5,0,1,0,1,2,0,10,9,5,3,2
2023.0,-200.0,0.0,0.0,3,10,5,4,0,0,1,1,1,1,0,1,1,1,1,18,1,5,0,1,0,1,2,0,6,9,5,3,2
2023.0,-25.0,0.0,0.0,3,6,4,0,0,0,1,2,1,1,0,0,2,1,1,19,1,5,0,1,0,1,1,0,10,9,5,8,2
2023.0,0.0,2.0,0.0,3,2,0,0,0,0,1,2,1,1,0,0,1,1,1,21,1,5,0,0,0,1,0,0,5,2,5,3,3
2023.0,100.0,0.0,0.0,3,2,0,0,0,0,1,9,1,1,0,0,9,1,1,22,1,5,0,0,0,2,2,0,10,4,5,3,2
2023.0,-50.0,0.0,0.0,3,6,4,0,0,0,1,1,1,1,0,1,1,1,1,5,2,5,0,0,0,1,1,0,5,8,5,4,3
2023.0,0.0,1.0,0.0,2,4,3,0,0,0,1,3,1,1,2,0,9,1,1,6,2,5,0,0,0,1,1,0,4,2,5,3,9
2023.0,0.0,0.0,0.0,3,12,3,0,0,0,2,8,1,1,1,1,1,1,1,8,2,5,0,1,0,3,1,0,6,5,5,6,5
2023.0,0.0,0.0,0.0,3,6,3,0,0,0,1,1,1,1,0,0,1,1,1,9,2,5,0,1,0,0,1,0,6,7,5,9,9
2023.0,0.0,1.0,0.0,3,2,3,0,0,0,0,2,1,1,0,0,1,1,1,9,2,5,0,1,0,2,0,0,4,2,5,3,9
2023.0,-80.0,0.0,0.0,3,6,3,0,0,0,1,2,1,1,0,0,2,1,1,14,2,5,0,0,0,0,1,0,10,7,5,8,3
2023.0,115.0,0.0,0.0,3,6,3,0,0,0,1,2,1,1,0,1,2,1,1,15,2,5,0,0,0,0,2,0,10,7,5,8,3
2023.0,-55.0,0.0,0.0,3,11,3,0,0,0,1,2,1,1,0,1,2,1,1,17,2,5,0,1,0,1,1,0,10,2,5,9,9
2023.0,73.0,0.0,0.0,3,6,3,0,0,0,2,5,1,1,0,1,5,1,1,17,2,5,0,1,0,3,1,0,10,8,5,8,3
2023.0,71.0,0.0,0.0,3,6,3,0,0,0,2,5,1,1,0,0,5,1,1,19,2,5,0,1,0,3,1,0,10,8,5,8,3
2023.0,0.0,1.0,0.0,3,2,0,0,0,0,2,1,1,1,0,0,2,1,1,20,2,5,0,0,0,3,1,0,4,2,5,3,3
2023.0,-308.0,0.0,0.0,3,6,0,0,0,0,1,1,1,1,0,0,1,1,1,21,2,5,0,0,0,1,1,0,6,5,5,3,3
2023.0,-40.0,1.0,0.0,2,10,0,4,3,0,0,1,1,1,0,0,1,1,1,21,2,5,0,0,0,1,2,0,10,5,5,5,5
2023.0,-70.0,0.0,0.0,3,6,3,0,0,0,1,2,1,1,0,0,2,1,1,8,3,6,0,1,0,1,1,0,10,8,5,8,3
2023.0,0.0,2.0,0.0,2,4,3,0,0,0,1,2,1,1,0,0,5,1,1,9,3,6,0,1,0,1,0,0,3,2,5,3,9
2023.0,0.0,1.0,0.0,2,6,3,0,0,0,0,1,1,1,0,0,1,1,1,10,3,6,0,0,0,1,1,0,3,7,5,8,8
2023.0,0.0,0.0,0.0,3,6,3,0,0,0,0,9,0,1,0,0,9,1,1,10,3,6,0,0,0,1,1,0,3,5,5,9,5
2023.0,0.0,0.0,0.0,3,4,3,0,0,0,1,2,1,1,0,1,5,1,1,11,3,6,0,0,0,1,1,0,4,2,5,3,9
2023.0,0.0,0.0,0.0,3,4,3,0,0,0,1,9,1,1,0,0,5,1,1,14,3,6,0,0,0,1,0,0,4,2,5,9,3
2023.0,-265.0,0.0,0.0,3,6,3,0,0,0,0,2,1,1,0,0,2,1,1,14,3,6,0,0,0,2,1,0,6,7,5,8,3
2023.0,-238.0,0.0,0.0,3,10,3,0,0,0,2,9,1,1,0,0,9,1,1,15,3,6,0,0,0,3,1,0,6,5,5,8,3
2023.0,0.0,0.0,0.0,3,4,3,0,0,0,1,1,1,1,0,0,5,1,1,16,3,6,0,1,0,2,0,0,5,2,5,3,9
2023.0,-400.0,1.0,0.0,3,2,3,0,0,0,0,1,1,1,0,1,2,1,1,17,3,6,0,1,0,1,2,0,0,2,5,3,9
2023.0,-350.0,0.0,0.0,3,2,3,0,0,0,2,1,1,1,0,0,1,1,1,17,3,6,0,1,0,3,1,0,6,9,5,3,2
2023.0,143.0,0.0,0.0,3,2,3,0,0,0,0,2,1,1,0,0,2,1,1,19,3,6,0,1,0,1,1,0,10,7,5,3,2
2023.0,53.0,0.0,0.0,3,2,0,0,0,0,1,5,1,1,0,1,1,1,1,20,3,6,0,0,0,1,1,0,10,2,5,3,9
2023.0,-78.0,0.0,0.0,3,6,0,0,0,0,2,1,1,1,0,0,1,1,1,21,3,6,0,0,0,3,2,0,10,8,5,8,3
2023.0,100.0,0.0,0.0,3,6,3,0,0,0,2,1,1,1,0,0,1,1,1,21,3,6,0,0,0,3,1,0,4,7,5,3,3
2023.0,0.0,1.0,0.0,3,2,0,0,0,0,1,5,0,1,0,0,1,1,1,4,4,6,0,0,0,1,1,0,4,7,5,9,3
2023.0,-50.0,0.0,0.0,3,10,3,0,0,0,0,5,1,1,0,1,5,1,1,6,4,6,0,0,0,2,1,0,6,5,5,3,9
2023.0,-300.0,0.0,0.0,3,2,3,0,0,0,0,9,1,1,0,0,2,1,1,8,4,6,0,1,0,1,0,0,0,2,5,3,9
2023.0,-643.0,0.0,0.0,3,4,3,0,0,0,1,7,1,1,0,1,1,1,1,8,4,6,0,1,0,1,2,0,6,2,5,3,9
2023.0,89.0,0.0,0.0,3,5,3,0,0,0,0,9,1,1,0,1,5,1,1,11,4,6,0,0,0,0,1,0,6,5,5,3,1
2023.0,130.0,0.0,0.0,3,6,3,0,0,0,0,5,1,1,0,1,5,1,1,11,4,6,0,0,0,1,1,0,6,5,5,8,3
2023.0,-99.0,0.0,0.0,3,10,3,0,0,0,2,1,1,1,0,0,1,1,1,12,4,6,0,0,0,3,1,0,10,9,5,3,3
2023.0,428.0,1.0,0.0,2,2,3,0,0,0,0,5,1,1,0,0,9,1,1,13,4,6,0,0,0,0,1,0,0,2,5,3,9
2023.0,0.0,0.0,0.0,3,4,3,0,0,0,1,3,1,1,0,0,5,1,1,13,4,6,0,0,0,1,1,0,0,2,5,3,9
2023.0,-115.0,1.0,0.0,2,6,3,0,0,0,1,2,1,1,0,0,2,1,1,13,4,6,0,0,0,1,1,0,10,7,5,8,3
2023.0,117.0,1.0,0.0,3,6,3,0,0,0,0,9,1,1,0,1,9,1,1,14,4,6,0,0,0,2,1,0,10,7,5,8,3
2023.0,175.0,0.0,0.0,3,2,3,0,0,0,0,9,1,1,0,1,9,1,1,16,4,6,0,1,0,1,1,0,0,4,5,3,9
2023.0,-75.0,1.0,0.0,2,4,3,0,0,0,2,9,1,1,0,0,5,1,1,17,4,6,0,1,0,3,2,0,10,7,5,3,9
2023.0,-600.0,4.0,0.0,3,6,0,0,0,0,1,1,1,1,0,1,1,1,1,20,4,6,0,0,0,2,1,0,6,8,5,8,3
2023.0,20.0,0.0,0.0,3,10,0,0,0,0,1,2,1,1,0,1,2,1,1,20,4,6,0,0,0,3,1,0,6,9,5,3,2
2023.0,500.0,0.0,0.0,3,6,0,0,0,0,2,2,1,1,0,1,2,1,1,21,4,6,0,0,0,3,2,0,6,7,5,8,5
2023.0,0.0,3.0,0.0,2,4,0,0,0,0,1,2,1,1,0,1,1,1,1,22,4,6,0,0,0,1,1,0,5,2,5,3,9
2023.0,-50.0,1.0,0.0,3,6,0,0,0,0,1,9,0,1,0,0,9,1,1,22,4,6,0,0,0,1,1,0,10,7,5,8,3
2023.0,700.0,1.0,0.0,2,6,0,0,0,0,1,1,1,1,0,1,1,1,1,23,4,6,0,0,0,2,1,0,0,8,5,9,3
2023.0,138.0,0.0,0.0,3,9,3,0,0,0,1,1,1,1,0,1,5,1,1,12,5,6,1,0,0,1,2,0,10,7,5,9,9
2023.0,295.0,0.0,0.0,3,4,3,0,0,0,1,1,1,1,0,1,9,1,1,13,5,6,1,0,0,1,1,0,0,4,5,3,9
2023.0,-100.0,1.0,0.0,2,4,3,0,0,0,1,1,1,1,0,1,9,1,1,16,5,6,1,1,0,1,2,0,0,2,5,3,9
2023.0,-100.0,0.0,0.0,3,6,2,0,0,0,0,1,1,1,0,0,1,1,1,17,5,6,1,1,0,2,1,0,3,8,5,8,3
2023.0,-200.0,0.0,0.0,3,6,3,0,0,0,0,2,0,1,0,1,2,1,1,18,5,6,1,1,0,1,0,0,0,8,5,8,3
2023.0,100.0,0.0,0.0,3,4,3,0,0,0,0,1,1,1,0,1,9,1,1,18,5,6,1,1,0,0,1,0,10,4,5,3,9
2023.0,0.0,3.0,0.0,2,2,0,0,0,0,1,5,1,1,0,1,1,1,1,19,5,6,1,1,0,1,1,0,4,2,5,3,3
2023.0,0.0,0.0,0.0,3,2,4,0,0,0,1,9,1,1,0,0,0,1,1,19,5,6,1,1,0,0,2,0,4,2,5,3,9
2023.0,-124.0,0.0,0.0,3,6,4,0,0,0,1,9,1,1,0,1,9,1,1,20,5,6,1,0,0,1,1,0,10,5,1,8,3
2023.0,-175.0,1.0,0.0,3,6,0,0,0,0,1,1,1,1,0,0,1,1,1,21,5,6,1,0,0,1,1,0,6,8,5,8,3
2023.0,-300.0,0.0,0.0,3,4,0,0,0,0,1,5,1,1,0,1,1,1,1,21,5,6,1,0,0,1,1,0,0,2,5,3,9
2023.0,25.0,0.0,0.0,3,2,0,0,0,0,1,5,1,1,0,1,5,1,1,22,5,6,1,0,0,1,2,0,10,9,5,3,2
2023.0,-100.0,1.0,0.0,3,6,0,0,0,0,2,1,1,1,0,1,1,1,1,0,6,6,1,0,0,3,2,0,10,7,5,8,3
2023.0,0.0,2.0,0.0,2,2,3,0,0,0,1,5,1,1,0,0,2,1,1,8,6,6,1,1,0,1,0,0,10,4,5,3,9
2023.0,550.0,0.0,0.0,3,2,3,0,0,0,1,9,1,1,0,0,7,1,1,9,6,6,1,1,0,2,1,0,6,2,5,9,9
2023.0,0.0,2.0,0.0,2,2,3,0,0,0,0,9,1,1,0,0,5,1,1,13,6,6,1,0,0,1,0,0,10,2,5,3,3
2023.0,481.0,0.0,0.0,3,2,3,0,0,0,1,9,1,1,0,1,5,1,1,14,6,6,1,0,0,1,1,0,0,5,5,5,3
2023.0,237.0,0.0,0.0,3,2,3,0,0,0,0,5,1,1,0,1,9,1,1,15,6,6,1,0,0,1,1,0,0,2,5,3,9
2023.0,295.0,2.0,0.0,2,4,3,0,0,0,1,1,1,1,0,1,9,1,1,18,6,6,1,1,0,0,0,0,0,4,5,3,9
2023.0,-80.0,2.0,0.0,3,6,0,0,0,0,1,2,1,1,0,1,2,1,1,21,6,6,1,0,0,1,1,0,10,7,5,8,3
2023.0,21.0,0.0,0.0,3,4,0,0,0,0,0,3,1,1,0,0,5,1,1,23,6,6,1,0,0,2,1,0,10,4,5,3,9
2023.0,495.0,0.0,0.0,3,4,3,0,0,0,1,5,1,1,0,0,2,1,1,8,0,6,0,1,0,1,1,0,0,2,5,3,9
2023.0,120.0,1.0,0.0,3,5,3,0,0,3,1,2,1,1,0,1,1,1,1,10,0,6,0,0,0,1,0,0,6,5,5,6,6
2023.0,650.0,1.0,0.0,3,6,3,0,0,0,0,1,1,1,0,0,1,1,1,11,0,6,0,0,0,1,1,0,0,8,5,8,3
2023.0,-90.0,1.0,0.0,3,6,3,0,0,0,1,2,1,1,0,1,2,1,1,12,0,6,0,0,0,1,0,0,10,8,5,8,3
2023.0,0.0,0.0,0.0,3,4,3,0,0,0,0,1,1,1,0,0,9,1,1,12,0,6,0,0,0,2,1,0,4,2,5,3,9
2023.0,50.0,0.0,0.0,3,10,3,0,0,0,0,2,1,1,0,0,2,1,1,13,0,6,0,0,0,1,1,0,6,9,5,3,2
2023.0,-15.0,0.0,0.0,3,6,3,0,0,0,1,1,1,1,0,1,1,1,1,17,0,6,0,1,0,2,1,0,10,7,5,8,3
2023.0,-580.0,0.0,0.0,3,6,3,0,0,0,2,9,1,1,0,0,9,1,1,17,0,6,0,1,0,3,1,0,6,8,5,8,3
2023.0,100.0,0.0,0.0,3,4,3,0,0,0,0,2,1,1,0,0,5,1,1,17,0,6,0,1,0,2,1,0,6,4,5,3,9
2023.0,0.0,1.0,0.0,3,2,3,0,0,0,1,5,1,1,0,0,9,1,1,18,0,6,0,1,0,1,1,0,5,2,5,3,9
2023.0,-80.0,0.0,0.0,3,6,0,0,0,0,1,9,1,1,0,0,9,1,1,19,0,6,0,1,0,1,0,0,10,7,5,8,2
2023.0,280.0,0.0,0.0,3,10,0,0,0,0,0,2,1,1,0,0,2,1,1,20,0,6,0,0,0,2,1,0,6,5,5,3,3
2023.0,120.0,4.0,0.0,2,6,3,0,0,0,0,9,1,1,0,1,9,1,1,8,1,6,0,1,0,2,1,0,10,9,5,3,2
2023.0,0.0,0.0,0.0,3,6,3,0,3,0,2,8,1,1,0,0,5,1,1,8,1,6,0,1,0,3,1,0,6,5,5,3,5
2023.0,105.0,0.0,0.0,3,6,3,0,0,0,1,9,1,1,0,1,9,1,1,9,1,6,0,1,0,1,2,0,10,7,5,3,8
2023.0,-795.0,0.0,0.0,3,9,3,0,3,0,2,9,1,1,0,1,1,1,1,9,1,6,0,1,0,3,2,0,6,5,5,3,5
2023.0,93.0,0.0,0.0,3,10,3,0,0,0,0,1,1,1,0,1,1,1,1,9,1,6,0,1,0,1,2,0,6,9,5,3,3
2023.0,-20.0,0.0,0.0,3,10,3,0,0,0,2,1,1,1,0,1,1,1,1,10,1,6,0,0,0,3,1,0,4,4,5,9,2
2023.0,-140.0,1.0,0.0,2,5,3,0,0,2,1,1,1,1,0,1,9,1,1,10,1,6,0,0,0,2,1,0,6,5,5,3,3
2023.0,-10.0,0.0,0.0,3,6,3,0,0,0,1,1,1,1,0,0,1,1,1,10,1,6,0,0,0,1,2,0,10,8,5,3,3
2023.0,-124.0,0.0,0.0,3,10,3,0,0,0,0,5,1,1,0,1,5,1,1,11,1,6,0,0,0,0,0,0,4,5,5,9,5
2023.0,-475.0,0.0,0.0,3,4,3,0,0,0,1,5,1,1,0,1,1,1,1,14,1,6,0,0,0,2,0,0,0,2,5,3,9
2023.0,0.0,0.0,0.0,3,2,3,0,0,0,0,2,1,1,0,0,2,1,1,15,1,6,0,0,0,0,1,0,4,9,5,9,3
2023.0,85.0,0.0,0.0,3,6,3,0,0,0,1,5,1,1,0,0,5,1,1,17,1,6,0,1,0,2,1,0,10,8,5,8,3
2023.0,110.0,0.0,0.0,3,10,3,0,0,0,0,1,1,1,0,1,1,1,1,11,2,6,0,0,0,2,1,0,6,9,5,3,9
2023.0,0.0,1.0,0.0,3,2,3,0,0,0,1,2,1,1,0,1,2,1,1,11,2,6,0,0,0,1,1,0,3,2,5,3,2
2023.0,135.0,0.0,0.0,3,4,3,0,0,0,0,1,1,1,0,1,5,1,1,12,2,6,0,0,0,1,1,0,0,2,5,3,9
2023.0,280.0,0.0,0.0,3,6,3,0,0,0,1,1,1,1,0,0,1,1,1,13,2,6,0,0,0,2,1,0,0,9,5,3,9
2023.0,97.0,0.0,0.0,3,6,3,0,0,0,2,9,1,1,0,1,9,1,1,14,2,6,0,0,0,3,1,0,10,8,5,8,3
2023.0,-385.0,0.0,0.0,3,4,3,0,0,0,1,2,1,1,0,1,5,1,1,14,2,6,0,0,0,0,1,0,0,2,5,3,9
2023.0,97.0,0.0,0.0,3,10,3,0,0,0,1,5,1,1,0,1,5,1,1,15,2,6,0,0,0,3,2,0,10,9,5,8,2
2023.0,0.0,2.0,0.0,3,4,3,0,0,0,1,9,1,1,0,0,1,1,1,15,2,6,0,0,0,1,1,0,5,4,5,3,9
2023.0,-308.0,2.0,0.0,2,2,3,0,0,0,1,1,1,1,0,1,1,1,1,16,2,6,0,1,0,2,0,0,0,4,5,3,9
2023.0,0.0,2.0,0.0,2,4,0,0,0,0,1,2,1,1,0,1,5,1,1,21,2,6,0,0,0,1,1,0,4,2,5,3,9
2023.0,-15.0,1.0,0.0,3,5,0,0,0,3,1,5,0,1,0,1,9,1,1,1,3,6,0,0,0,2,1,0,4,2,5,3,7
2023.0,0.0,1.0,0.0,3,4,3,0,0,0,2,1,1,1,2,1,9,1,1,6,3,6,0,0,0,3,0,0,4,2,5,3,9
2023.0,0.0,2.0,0.0,3,4,3,0,0,0,0,9,1,1,0,0,1,1,1,7,3,6,0,1,0,0,1,0,5,2,5,3,9
2023.0,-122.0,0.0,0.0,3,10,3,0,0,0,0,2,1,1,0,0,2,1,1,8,3,6,0,1,0,0,1,0,10,9,5,8,2
2023.0,135.0,0.0,0.0,3,6,3,0,0,0,0,5,1,1,0,1,5,1,1,11,3,6,0,0,0,1,1,0,10,7,5,8,3
2023.0,910.0,0.0,0.0,3,11,3,0,0,0,1,1,1,1,0,1,9,1,1,12,3,6,0,0,0,2,1,0,6,2,5,3,9
2023.0,55.0,2.0,0.0,2,6,3,0,0,0,1,9,1,1,0,1,9,1,1,13,3,6,0,0,0,1,2,0,10,8,5,8,3
2023.0,290.0,1.0,0.0,3,2,3,0,0,0,0,1,1,1,0,1,5,1,1,13,3,6,0,0,0,1,0,0,0,2,5,3,9
2023.0,0.0,0.0,0.0,3,4,3,0,0,0,1,9,1,1,0,0,1,1,1,13,3,6,0,0,0,2,1,0,4,2,5,3,9
2023.0,-100.0,2.0,0.0,2,4,3,0,0,0,0,1,1,1,0,0,5,1,1,17,3,6,0,1,0,1,1,0,0,2,5,3,9
2023.0,285.0,0.0,0.0,3,2,3,0,0,0,1,1,1,1,0,0,5,1,1,17,3,6,0,1,0,1,2,0,0,2,5,3,9
2023.0,100.0,1.0,0.0,2,2,0,0,0,0,1,9,1,1,0,1,2,1,1,23,3,6,0,0,0,1,2,0,4,2,5,3,3
2023.0,225.0,0.0,0.0,3,6,0,0,0,0,1,9,1,1,1,1,9,1,1,4,4,6,0,0,0,2,1,0,6,5,5,3,6
2023.0,685.0,2.0,0.0,2,6,3,0,0,0,1,9,1,1,0,0,9,1,1,7,4,6,0,1,0,1,0,0,0,7,5,9,3
2023.0,-250.0,0.0,0.0,3,9,3,0,0,0,1,2,1,1,0,0,1,1,1,8,4,6,0,1,0,2,2,0,8,2,5,3,5
2023.0,200.0,1.0,0.0,2,5,3,0,0,0,2,1,1,1,3,1,1,1,1,11,4,6,0,0,0,3,2,0,5,5,5,6,3
2023.0,0.0,0.0,0.0,3,6,3,1,0,0,1,1,1,1,0,0,1,1,1,12,4,6,0,0,0,1,1,0,3,7,5,8,8
2023.0,500.0,2.0,0.0,2,6,3,0,0,0,1,1,1,1,0,1,1,1,1,12,4,6,0,0,0,1,1,0,6,7,5,8,3
2023.0,0.0,0.0,0.0,3,2,3,0,0,0,1,9,1,1,0,1,5,1,1,13,4,6,0,0,0,0,1,0,4,2,5,3,3
2023.0,0.0,1.0,0.0,3,4,3,0,0,0,0,9,1,1,0,1,2,1,1,13,4,6,0,0,0,1,1,0,5,2,5,3,9
2023.0,-150.0,3.0,0.0,2,6,3,0,0,0,2,2,1,1,0,0,2,1,1,14,4,6,0,0,0,3,2,0,10,8,5,8,3
2023.0,-300.0,0.0,0.0,3,2,3,0,0,0,1,4,1,1,0,0,1,1,1,15,4,6,0,0,0,1,2,0,0,2,5,3,9
2023.0,0.0,2.0,0.0,3,2,3,0,0,0,0,5,1,1,0,1,9,1,1,17,4,6,0,1,0,1,1,0,4,2,5,9,3
2023.0,0.0,0.0,0.0,3,4,3,0,0,0,0,5,1,1,0,1,9,1,1,18,4,6,0,1,0,2,2,0,0,2,5,3,9
2023.0,-500.0,0.0,0.0,3,4,0,0,0,0,0,1,1,1,0,1,9,1,1,20,4,6,0,0,0,1,2,0,0,2,5,3,9
2023.0,60.0,0.0,0.0,3,6,0,0,0,0,2,9,1,1,0,1,9,1,1,22,4,6,0,0,0,3,0,0,10,7,5,8,3
2023.0,-95.0,0.0,0.0,3,6,0,0,0,0,0,2,0,1,0,0,2,1,1,3,5,6,1,0,0,2,1,0,10,8,5,8,3
2023.0,-620.0,0.0,0.0,3,6,3,0,0,0,0,1,1,1,0,1,1,1,1,12,5,6,1,0,0,1,1,0,10,7,5,3,3
2023.0,-75.0,1.0,0.0,2,6,3,0,0,0,1,1,1,1,0,0,1,1,1,14,5,6,1,0,0,1,1,0,10,8,5,8,3
2023.0,200.0,0.0,0.0,3,6,3,0,0,0,0,5,0,1,0,0,5,1,1,16,5,6,1,1,0,1,1,0,6,7,5,8,3
2023.0,-900.0,0.0,0.0,3,2,3,0,0,0,2,2,1,1,0,0,2,1,1,17,5,6,1,1,0,3,2,0,6,9,5,3,3
2023.0,-455.0,0.0,0.0,3,3,3,0,0,0,1,2,1,1,0,0,5,1,1,17,5,6,1,1,0,1,0,0,0,2,2,9,9
2023.0,290.0,0.0,0.0,3,10,3,0,0,0,2,1,1,1,0,1,1,1,1,18,5,6,1,1,0,3,2,0,6,9,5,3,2
2023.0,-30.0,1.0,0.0,2,5,3,0,0,2,0,2,1,1,0,1,1,1,1,19,5,6,1,1,0,1,1,0,10,5,5,9,7
2023.0,0.0,1.0,0.0,2,6,0,0,0,0,1,2,1,1,0,1,5,1,1,21,5,6,1,0,0,2,1,0,10,2,5,3,9
2023.0,100.0,0.0,0.0,3,6,3,0,0,0,0,5,1,1,0,1,5,1,1,17,6,6,1,1,0,1,1,0,10,8,5,8,3
2023.0,698.0,0.0,0.0,3,2,0,0,0,0,1,2,1,1,0,1,9,1,1,20,6,6,1,0,0,1,1,0,0,2,5,3,9
2023.0,160.0,0.0,0.0,3,10,3,0,0,0,0,5,1,1,0,1,5,1,1,12,0,6,0,0,0,0,1,0,6,9,5,3,2
2023.0,0.0,1.0,0.0,1,10,3,0,0,0,1,7,1,1,0,1,5,1,1,13,0,6,0,0,0,1,1,0,5,4,5,3,9
2023.0,-300.0,0.0,0.0,3,10,3,0,0,0,0,9,1,1,0,1,9,1,1,15,0,6,0,0,0,1,1,0,6,9,5,3,2
2023.0,256.0,0.0,0.0,3,6,3,0,0,0,1,1,1,1,0,1,1,1,1,15,0,6,0,0,0,1,2,0,6,8,5,8,3
2023.0,-295.0,0.0,0.0,3,4,3,0,0,0,1,2,1,1,0,1,1,1,1,16,0,6,0,1,0,1,2,0,0,4,5,9,9
2023.0,0.0,2.0,0.0,3,4,3,0,0,0,1,9,1,1,0,1,5,1,1,17,0,6,0,1,0,2,1,0,4,2,5,9,3
2023.0,500.0,0.0,0.0,3,2,0,0,0,0,1,1,1,1,0,1,5,1,1,21,0,6,0,0,0,1,1,0,0,2,5,3,9
2023.0,-125.0,0.0,0.0,3,10,3,0,0,0,1,1,1,1,0,0,1,1,1,9,1,6,0,1,0,3,1,0,10,5,5,3,5
2023.0,-88.0,1.0,0.0,3,6,3,0,0,0,1,5,1,1,0,0,5,1,1,12,1,6,0,0,0,2,1,0,10,8,5,8,3
2023.0,0.0,1.0,0.0,3,4,3,0,0,0,1,9,1,1,0,0,1,1,1,12,1,6,0,0,0,1,1,0,5,2,5,3,9
2023.0,114.0,0.0,0.0,3,2,3,0,0,0,1,9,1,1,0,0,9,1,1,14,1,6,0,0,0,1,2,0,10,5,5,3,9
2023.0,116.0,0.0,0.0,3,6,3,0,0,0,0,2,1,1,0,0,2,1,1,15,1,6,0,0,0,1,1,0,10,8,5,8,3
2023.0,0.0,1.0,0.0,3,2,3,0,0,0,0,1,1,1,0,0,2,1,1,17,1,6,0,1,0,1,0,0,4,2,5,9,3
2023.0,-100.0,0.0,0.0,3,4,3,0,0,0,2,2,1,1,0,1,1,1,1,17,1,6,0,1,0,3,2,0,0,2,5,3,9
2023.0,135.0,0.0,0.0,3,2,3,0,0,0,1,9,1,1,0,0,9,1,1,17,1,6,0,1,0,1,1,0,10,9,5,8,2
2023.0,0.0,0.0,0.0,3,2,4,0,0,0,1,9,1,1,0,1,9,1,1,18,1,6,0,1,0,1,1,0,5,4,5,3,9
2023.0,231.0,0.0,0.0,3,2,0,0,0,0,0,2,0,1,0,1,1,1,1,20,1,6,0,0,0,1,1,0,0,2,5,3,9
2023.0,-200.0,2.0,0.0,2,4,3,4,0,0,1,7,1,1,0,0,2,1,1,8,2,6,0,1,0,1,1,0,0,2,5,3,9
2023.0,0.0,0.0,0.0,3,10,3,0,0,0,1,2,1,1,0,1,2,1,1,8,2,6,0,1,0,1,1,0,10,9,5,3,2
2023.0,83.0,0.0,0.0,3,6,3,0,0,0,2,9,1,1,0,1,9,1,1,8,2,6,0,1,0,3,1,0,10,8,5,9,9
2023.0,-50.0,1.0,0.0,2,5,3,0,0,0,1,5,1,1,1,1,2,1,1,8,2,6,0,1,0,1,1,0,10,7,5,6,3
2023.0,0.0,0.0,0.0,3,10,3,0,0,0,2,9,1,1,0,1,9,1,1,12,2,6,0,0,0,3,1,0,6,9,5,3,2
2023.0,0.0,0.0,0.0,3,6,3,0,0,0,1,5,1,1,0,1,5,1,1,13,2,6,0,0,0,1,1,0,10,8,5,8,3
2023.0,-150.0,0.0,0.0,3,6,3,0,0,0,1,1,1,1,0,1,1,1,1,14,2,6,0,0,0,1,0,0,6,5,5,8,8
2023.0,0.0,0.0,0.0,3,6,3,0,0,0,1,9,1,1,0,0,9,1,1,16,2,6,0,1,0,0,1,0,4,7,5,8,3
2023.0,69.0,1.0,0.0,3,6,3,0,0,0,0,5,1,1,0,0,5,1,1,18,2,6,0,1,0,1,1,0,10,8,5,8,9