Year,Distance,Totalinjuries,Totalfatalities,Injuryseverity,Collisionmanner,Lightcondition,Weather,SurfaceCondition,Unittype_One,Gender_Drv1,Traveldirection_One,AlcoholUse_Drv1,DrugUse_Drv1,Unittype_Two,Gender_Drv2,Traveldirection_Two,AlcoholUse_Drv2,DrugUse_Drv2,Hour,Weekday,Month,Weekend,Rush_Hour,Hazardous_Road,Age_Group_Drv1,Age_Group_Drv2,Substance_Use,Junction_Category,Violation_Category_Drv1,Violation_Category_Drv2,Unitaction_Category_Two,Unitaction_Category_One
2023.0,0.0,1.0,0.0,3,2,3,0,0,0,1,1,1,1,0,1,5,1,1,12,3,7,0,0,0,1,1,0,5,2,5,3,9
2023.0,0.0,0.0,0.0,3,6,3,0,0,0,0,9,1,1,0,1,9,1,1,12,3,7,0,0,0,0,2,0,3,7,5,8,3
2023.0,0.0,0.0,0.0,3,4,3,0,0,0,1,1,1,1,0,0,2,1,1,16,3,7,0,1,0,2,1,0,4,2,5,9,3
2023.0,0.0,2.0,0.0,2,2,3,0,0,0,1,9,1,1,0,0,1,1,1,17,3,7,0,1,0,1,1,0,4,2,5,3,9
2023.0,-137.0,0.0,0.0,3,6,3,0,0,0,1,2,1,1,0,1,2,1,1,17,3,7,0,1,0,1,1,0,10,8,5,8,3
2023.0,-100.0,1.0,0.0,2,6,3,0,0,0,1,1,1,1,0,1,1,1,1,18,3,7,0,1,0,3,1,0,10,8,5,8,8
2023.0,90.0,1.0,0.0,3,6,3,0,0,0,1,9,1,1,0,1,9,1,1,7,4,7,0,1,0,1,1,0,10,7,5,8,3
2023.0,215.0,1.0,0.0,1,4,3,4,0,0,1,5,1,1,0,1,9,1,1,9,4,7,0,1,0,0,1,0,0,2,5,3,9
2023.0,0.0,1.0,0.0,2,4,3,0,0,0,0,5,1,1,0,1,2,1,1,11,4,7,0,0,0,2,2,0,4,2,5,3,9
2023.0,122.0,0.0,0.0,3,10,3,0,0,0,1,9,1,1,0,1,9,1,1,12,4,7,0,0,0,1,1,0,10,7,5,8,8
2023.0,443.0,1.0,0.0,2,10,3,0,0,0,0,2,1,1,0,1,2,1,1,15,4,7,0,0,0,2,2,0,6,9,5,3,2
2023.0,240.0,0.0,0.0,3,10,3,0,0,0,1,1,1,1,0,0,3,1,1,18,4,7,0,1,0,1,2,0,0,7,5,8,3
2023.0,-840.0,1.0,0.0,2,6,0,0,0,0,1,9,1,1,0,1,9,1,1,21,4,7,0,0,0,1,1,0,0,9,5,9,2
2023.0,-386.0,1.0,0.0,2,2,0,0,0,0,1,5,1,1,0,1,2,1,1,22,4,7,0,0,0,1,2,0,0,2,5,3,9
2023.0,0.0,0.0,0.0,3,2,3,0,0,0,0,2,1,1,0,0,5,1,1,11,5,7,1,0,0,2,1,0,4,2,5,9,3
2023.0,0.0,0.0,0.0,3,10,3,0,0,0,1,5,1,1,0,0,5,1,1,13,5,7,1,0,0,1,1,0,4,4,5,9,9
2023.0,-20.0,1.0,0.0,3,6,3,0,0,0,0,2,1,1,0,1,2,1,1,17,5,7,1,1,0,2,0,0,10,8,5,8,3
2023.0,78.0,0.0,0.0,3,6,3,0,0,0,1,5,1,1,0,1,5,1,1,18,5,7,1,1,0,0,2,0,6,7,5,8,3
2023.0,90.0,1.0,0.0,1,6,0,0,0,0,1,2,1,1,1,1,2,1,1,21,5,7,1,0,0,1,1,0,10,7,5,8,3
2023.0,20.0,0.0,0.0,3,6,0,0,0,0,0,5,1,1,0,1,5,1,1,22,5,7,1,0,0,2,1,0,10,7,5,8,3
2023.0,70.0,0.0,0.0,3,10,0,0,0,0,1,2,1,1,0,0,2,1,1,22,5,7,1,0,0,2,0,0,10,5,5,3,3
2023.0,0.0,0.0,0.0,3,6,0,0,0,0,1,9,0,1,0,1,9,1,1,23,5,7,1,0,0,1,1,0,4,7,5,8,3
2023.0,0.0,0.0,0.0,3,10,5,4,0,0,2,5,1,1,0,1,5,1,1,1,6,7,1,0,0,3,1,0,4,9,5,9,9
2023.0,0.0,0.0,0.0,3,2,3,0,0,0,0,2,1,1,0,1,1,1,1,14,6,7,1,0,0,1,0,0,4,2,5,9,3
2023.0,0.0,0.0,0.0,3,2,3,0,0,0,1,2,1,1,0,0,5,1,1,14,6,7,1,0,0,1,1,0,5,2,5,0,9
2023.0,0.0,0.0,0.0,3,2,3,0,0,0,1,9,1,1,0,0,5,1,1,14,6,7,1,0,0,1,1,0,4,2,5,9,3
2023.0,-45.0,1.0,0.0,2,2,3,0,0,0,1,5,1,1,0,0,9,1,1,15,6,7,1,0,0,2,2,0,10,2,5,3,3
2023.0,450.0,0.0,0.0,3,10,0,0,0,0,1,5,1,1,0,0,5,1,1,23,6,7,1,0,0,1,2,0,6,9,5,3,9
2023.0,0.0,0.0,0.0,3,6,3,0,0,0,0,4,1,1,0,0,4,1,1,11,0,7,0,0,0,2,1,0,10,7,5,8,9
2023.0,0.0,0.0,0.0,3,10,3,0,0,0,0,5,1,1,0,0,5,1,1,16,0,7,0,1,0,2,1,0,5,9,5,9,9
2023.0,140.0,0.0,0.0,3,6,3,0,0,0,0,5,1,1,0,0,5,1,1,17,0,7,0,1,0,2,1,0,10,8,5,8,3
2023.0,0.0,1.0,0.0,2,2,3,0,0,0,0,5,1,1,0,0,2,1,1,18,0,7,0,1,0,1,1,0,4,5,5,9,3
2023.0,150.0,0.0,0.0,3,6,4,0,0,0,1,5,1,1,0,0,5,1,1,19,0,7,0,1,0,2,2,0,10,8,5,8,8
2023.0,-400.0,0.0,0.0,3,9,3,0,0,0,2,9,1,1,0,1,2,1,1,19,0,7,0,1,0,3,1,0,10,5,5,5,5
2023.0,0.0,0.0,0.0,3,2,3,0,0,0,0,2,1,1,0,0,5,1,1,19,0,7,0,1,0,1,1,0,4,2,5,9,3
2023.0,20.0,0.0,0.0,3,6,0,0,0,0,0,9,1,1,0,0,9,1,1,23,0,7,0,0,0,1,1,0,10,8,5,8,3
2023.0,0.0,0.0,0.0,3,10,3,0,0,0,1,5,1,1,0,1,5,1,1,10,1,7,0,0,0,0,1,0,4,5,5,9,9
2023.0,0.0,1.0,0.0,2,10,3,1,0,0,2,9,1,1,0,0,9,1,1,11,1,7,0,0,0,3,1,0,4,9,5,9,9
2023.0,0.0,1.0,0.0,3,4,3,1,0,0,0,5,1,1,0,1,9,1,1,12,1,7,0,0,0,1,1,0,5,2,5,3,9
2023.0,110.0,1.0,0.0,3,6,3,0,0,0,1,5,1,1,0,1,5,1,1,12,1,7,0,0,0,2,2,0,10,7,5,8,3
2023.0,-240.0,1.0,0.0,2,11,3,0,0,0,1,2,1,1,0,0,5,1,1,15,1,7,0,0,0,1,1,0,6,5,5,3,9
2023.0,-130.0,1.0,0.0,3,6,3,0,0,0,0,1,1,1,0,1,1,1,1,15,1,7,0,0,0,1,1,0,10,8,5,8,3
2023.0,-300.0,1.0,0.0,3,6,3,0,0,0,1,2,1,1,0,0,2,1,1,15,1,7,0,0,0,1,1,0,6,8,5,3,2
2023.0,0.0,0.0,0.0,3,4,3,0,0,0,1,2,1,1,0,1,5,1,1,18,1,7,0,1,0,1,2,0,4,2,5,3,9
2023.0,-1464.0,2.0,0.0,1,2,3,0,0,0,1,9,1,1,0,0,5,1,1,19,1,7,0,1,0,1,1,0,0,2,5,9,3
2023.0,45.0,0.0,0.0,3,6,3,0,0,0,1,9,1,1,0,0,9,1,1,6,2,7,0,0,0,0,2,0,10,7,5,8,8
2023.0,101.0,0.0,0.0,3,6,0,0,0,0,2,5,1,1,0,1,5,1,1,7,2,7,0,1,0,3,2,0,10,8,5,8,3
2023.0,-100.0,1.0,0.0,3,6,3,0,0,0,1,2,1,1,0,1,2,1,1,7,2,7,0,1,0,2,1,0,10,8,5,8,3
2023.0,0.0,0.0,0.0,3,2,3,1,0,0,1,9,1,1,0,0,2,1,1,8,2,7,0,1,0,2,1,0,5,2,5,3,9
2023.0,-432.0,0.0,0.0,3,10,3,0,0,0,1,2,1,1,0,1,2,1,1,9,2,7,0,1,0,1,1,0,3,9,5,3,2
2023.0,150.0,0.0,0.0,3,6,3,1,0,0,1,0,1,1,0,1,0,1,1,11,2,7,0,0,0,0,1,0,6,5,5,5,5
2023.0,153.0,0.0,0.0,3,10,3,1,0,0,1,9,1,1,0,0,9,1,1,11,2,7,0,0,0,1,1,0,6,9,5,3,2
2023.0,115.0,0.0,0.0,3,6,3,1,0,0,1,5,1,1,0,1,5,1,1,12,2,7,0,0,0,1,2,0,10,5,5,8,3
2023.0,150.0,0.0,0.0,3,10,3,4,0,0,2,5,1,1,0,1,5,1,1,13,2,7,0,0,0,3,1,0,6,9,5,8,2
2023.0,-128.0,0.0,0.0,3,10,3,0,0,0,2,5,1,1,0,1,5,1,1,14,2,7,0,0,0,3,2,0,6,9,5,8,2
2023.0,72.0,0.0,0.0,3,2,3,0,0,0,0,2,1,1,0,0,1,1,1,15,2,7,0,0,0,1,2,0,10,4,5,3,9
2023.0,138.0,0.0,0.0,3,10,3,0,0,0,1,2,1,1,0,1,2,1,1,15,2,7,0,0,0,3,2,0,10,9,5,8,5
2023.0,-56.0,1.0,0.0,3,5,3,0,0,0,0,2,1,1,3,0,9,1,1,16,2,7,0,1,0,0,2,0,10,2,5,7,9
2023.0,0.0,3.0,0.0,3,4,3,0,0,0,1,5,1,1,0,0,9,1,1,17,2,7,0,1,0,2,1,0,5,2,5,3,9
2023.0,0.0,0.0,0.0,3,4,0,0,0,0,0,1,1,1,0,1,5,1,1,20,2,7,0,0,0,2,1,0,4,2,5,9,3
2023.0,0.0,0.0,0.0,3,2,0,0,0,0,0,1,1,1,0,0,5,1,1,23,2,7,0,0,0,2,2,0,4,5,5,3,3
2023.0,5.0,1.0,0.0,2,5,3,0,0,0,1,2,1,1,2,0,1,1,1,6,3,7,0,0,0,1,2,0,10,2,5,3,9
2023.0,105.0,0.0,0.0,3,10,3,0,0,0,1,5,1,1,0,0,5,1,1,10,3,7,0,0,0,1,0,0,10,9,5,3,2
2023.0,-208.0,0.0,0.0,3,10,3,0,0,0,1,1,1,1,0,1,1,1,1,11,3,7,0,0,0,1,1,0,10,9,5,3,2
2023.0,-310.0,0.0,0.0,3,4,3,0,0,0,1,9,1,1,0,1,9,1,1,11,3,7,0,0,0,1,0,0,0,5,5,9,1
2023.0,48.0,0.0,0.0,3,6,3,0,0,0,1,1,1,1,0,0,5,1,1,12,3,7,0,0,0,1,1,0,10,2,5,3,2
2023.0,-350.0,1.0,0.0,3,6,3,0,0,0,1,2,1,1,0,0,2,1,1,13,3,7,0,0,0,2,1,0,6,7,5,8,3
2023.0,160.0,1.0,0.0,3,6,3,0,0,0,1,1,1,1,0,1,1,1,1,14,3,7,0,0,0,1,1,0,6,8,5,8,3
2023.0,0.0,0.0,0.0,3,10,3,0,0,0,1,9,1,1,0,0,9,1,1,15,3,7,0,0,0,1,0,0,4,4,5,3,9
2023.0,-887.0,0.0,0.0,3,6,3,0,0,0,2,1,1,1,0,0,1,1,1,16,3,7,0,1,0,3,2,0,6,8,5,8,3
2023.0,71.0,0.0,0.0,3,6,3,0,0,0,1,9,1,1,0,0,9,1,1,17,3,7,0,1,0,1,2,0,10,8,5,8,3
2023.0,0.0,0.0,0.0,3,6,3,0,0,0,0,5,1,1,0,1,5,1,1,17,3,7,0,1,0,1,1,0,6,7,5,8,8
2023.0,0.0,1.0,0.0,3,4,0,0,0,0,1,5,0,1,0,1,1,1,1,20,3,7,0,0,0,1,2,0,0,2,5,3,9
2023.0,0.0,2.0,0.0,2,2,0,0,0,0,1,1,1,1,0,1,2,1,1,23,3,7,0,0,0,2,0,0,4,2,5,9,3
2023.0,10.0,0.0,0.0,3,6,3,0,0,0,1,5,1,1,0,1,5,1,1,12,4,7,0,0,0,1,1,0,10,8,5,3,3
2023.0,800.0,1.0,0.0,3,4,3,0,0,0,1,9,1,1,0,0,1,1,1,14,4,7,0,0,0,1,1,0,0,2,5,3,9
2023.0,150.0,0.0,0.0,3,11,3,0,0,0,1,2,1,1,0,0,2,1,1,14,4,7,0,0,0,1,1,0,6,5,5,3,9
2023.0,-96.0,0.0,0.0,3,6,3,0,0,0,0,5,1,1,0,1,5,1,1,15,4,7,0,0,0,1,1,0,10,8,5,8,8
2023.0,180.0,0.0,0.0,3,6,3,0,0,0,2,1,1,1,0,1,1,1,1,15,4,7,0,0,0,3,1,0,6,8,5,8,3
2023.0,0.0,0.0,0.0,3,2,3,0,0,0,0,5,1,1,0,0,9,1,1,15,4,7,0,0,0,2,1,0,6,2,5,3,9
2023.0,-300.0,1.0,0.0,3,2,3,0,0,0,1,2,1,1,0,1,5,1,1,16,4,7,0,1,0,1,2,0,0,2,5,3,9
2023.0,40.0,2.0,0.0,3,6,3,0,0,0,0,9,1,1,0,1,9,1,1,16,4,7,0,1,0,3,1,0,10,8,5,8,3
2023.0,0.0,0.0,0.0,3,2,3,0,0,0,0,9,1,1,0,1,5,1,1,17,4,7,0,1,0,1,1,0,4,2,5,3,3
2023.0,425.0,0.0,0.0,3,6,3,0,0,0,0,1,1,1,0,1,1,1,1,18,4,7,0,1,0,1,1,0,6,8,5,8,3
2023.0,50.0,0.0,0.0,3,6,3,0,0,0,0,5,1,1,0,0,5,1,1,22,4,7,0,0,0,2,2,0,10,8,5,8,3
2023.0,1.0,0.0,0.0,3,6,3,0,0,0,1,1,1,1,0,1,1,1,1,9,5,7,1,1,0,2,1,0,10,7,5,9,9
2023.0,0.0,0.0,0.0,3,6,3,0,3,0,1,8,1,1,0,0,9,1,1,11,5,7,1,0,0,1,0,0,10,5,5,8,5
2023.0,-270.0,0.0,0.0,3,4,3,0,0,0,1,9,1,1,0,0,1,1,1,12,5,7,1,0,0,1,2,0,6,4,5,3,9
2023.0,-421.0,0.0,0.0,3,6,3,0,0,0,1,1,1,1,0,1,1,1,1,12,5,7,1,0,0,2,1,0,10,7,5,8,3
2023.0,0.0,2.0,0.0,3,4,3,0,0,0,0,2,1,1,0,1,9,1,1,14,5,7,1,0,0,2,1,0,4,2,5,9,3
2023.0,0.0,2.0,0.0,3,4,3,0,0,0,1,1,1,1,0,1,2,1,1,14,5,7,1,0,0,1,1,0,4,2,5,9,3
2023.0,230.0,1.0,0.0,2,6,3,0,0,0,1,1,1,1,0,1,1,1,1,17,5,7,1,1,0,2,1,0,0,8,5,8,3
2023.0,-50.0,0.0,0.0,3,6,3,0,0,0,0,1,1,1,0,0,1,1,1,17,5,7,1,1,0,2,1,0,6,8,5,8,3
2023.0,-150.0,0.0,0.0,3,10,3,0,0,0,1,9,1,1,0,1,9,1,1,20,5,7,1,0,0,0,2,0,6,9,5,3,2
2023.0,75.0,0.0,0.0,3,6,3,0,0,0,1,9,1,1,0,1,9,1,1,20,5,7,1,0,0,2,2,0,10,8,5,8,3
2023.0,0.0,3.0,0.0,3,2,0,0,0,0,1,4,1,1,0,0,1,1,1,21,5,7,1,0,0,1,1,0,4,2,5,9,9
2023.0,-80.0,0.0,0.0,3,6,0,0,0,0,0,1,0,1,0,1,1,1,1,0,6,7,1,0,0,1,1,0,10,8,5,8,3
2023.0,0.0,0.0,0.0,3,4,5,4,0,0,1,1,1,1,0,0,2,1,1,9,6,7,1,1,0,2,0,0,4,2,5,9,3
2023.0,0.0,2.0,0.0,3,10,3,0,0,0,0,2,1,1,0,0,2,1,1,11,6,7,1,0,0,1,2,0,4,9,5,3,2
2023.0,0.0,0.0,0.0,3,4,3,0,0,0,2,2,1,1,0,1,5,1,1,18,6,7,1,1,0,3,1,0,5,2,5,9,3
2023.0,-75.0,0.0,0.0,3,6,3,0,0,0,2,1,1,1,0,1,1,1,1,18,6,7,1,1,0,3,0,0,10,5,5,8,3
2023.0,595.0,0.0,0.0,3,4,3,0,0,0,0,5,1,1,0,0,9,1,1,14,0,7,0,0,0,2,1,0,0,2,5,3,9
2023.0,-200.0,0.0,0.0,3,6,3,0,0,0,1,1,1,1,0,1,1,1,1,16,0,7,0,1,0,0,0,0,10,7,5,8,3
2023.0,0.0,3.0,0.0,3,4,3,0,0,0,1,1,1,1,0,1,5,1,1,16,0,7,0,1,0,2,1,0,5,2,5,3,9
2023.0,-165.0,0.0,0.0,3,6,3,0,0,0,2,5,1,1,0,0,5,1,1,17,0,7,0,1,0,3,1,0,6,8,5,8,3
2023.0,41.0,0.0,0.0,3,10,3,0,0,0,2,5,1,1,0,1,5,1,1,17,0,7,0,1,0,3,1,0,10,2,5,3,2
2023.0,-20.0,0.0,0.0,3,6,3,0,0,0,0,2,1,1,0,0,2,1,1,18,0,7,0,1,0,2,1,0,10,7,5,3,3
2023.0,0.0,1.0,0.0,3,2,0,0,0,0,1,9,1,1,0,0,5,1,1,19,0,7,0,1,0,1,2,0,4,2,5,3,3
2023.0,-58.0,0.0,0.0,3,10,3,0,0,0,2,2,1,1,0,1,2,1,1,7,1,7,0,1,0,3,2,0,10,9,5,9,9
2023.0,252.0,0.0,0.0,3,10,3,0,0,0,1,5,1,1,0,0,5,1,1,11,1,7,0,0,0,1,1,0,10,9,5,3,2
2023.0,-70.0,0.0,0.0,3,6,3,0,0,0,0,2,1,1,0,0,2,1,1,14,1,7,0,0,0,1,2,0,10,7,5,8,3
2023.0,-161.0,1.0,0.0,3,4,3,0,0,0,1,2,1,1,0,1,5,1,1,16,1,7,0,1,0,3,1,0,6,4,5,3,9
2023.0,0.0,0.0,0.0,3,6,3,0,0,0,1,9,1,1,0,0,9,1,1,18,1,7,0,1,0,0,1,0,3,5,5,8,1
2023.0,-100.0,0.0,0.0,3,4,4,0,0,0,2,9,1,1,0,0,1,1,1,19,1,7,0,1,0,3,1,0,0,2,5,3,9
2023.0,-100.0,1.0,0.0,1,2,0,0,0,3,1,1,1,1,0,0,5,1,1,22,1,7,0,0,0,1,1,0,10,2,5,3,7
2023.0,-30.0,0.0,0.0,3,10,3,0,0,0,0,9,1,1,0,0,9,1,1,7,2,7,0,1,0,1,1,0,10,9,5,8,2
2023.0,192.0,0.0,0.0,3,10,3,0,0,0,1,1,1,1,0,1,1,1,1,9,2,7,0,1,0,1,1,0,0,9,5,3,2
2023.0,-71.0,1.0,0.0,2,6,3,0,0,0,1,2,1,1,0,0,2,1,1,10,2,7,0,0,0,1,1,0,10,8,5,8,3
2023.0,0.0,0.0,0.0,3,10,3,0,0,0,1,2,1,1,0,1,2,1,1,10,2,7,0,0,0,1,0,0,4,9,5,9,3
2023.0,-221.0,0.0,0.0,3,9,3,0,0,0,2,9,1,1,0,1,1,1,1,11,2,7,0,0,0,3,1,0,6,5,5,3,3
2023.0,-55.0,0.0,0.0,3,2,3,0,0,0,1,1,1,1,0,0,5,1,1,14,2,7,0,0,0,1,1,0,10,2,5,3,9
2023.0,470.0,1.0,0.0,3,5,3,0,0,2,1,5,1,1,0,0,9,1,1,15,2,7,0,0,0,1,1,0,0,2,5,3,9
2023.0,0.0,0.0,0.0,3,6,3,0,0,0,1,1,1,1,0,0,1,1,1,16,2,7,0,1,0,1,2,0,3,7,5,9,9
2023.0,76.0,7.0,0.0,1,3,5,4,0,0,1,1,1,0,0,1,1,1,1,18,2,7,0,1,0,1,1,0,10,9,5,8,3
2023.0,-50.0,4.0,0.0,2,3,0,0,0,0,1,1,0,0,0,0,1,1,1,0,3,7,0,0,0,1,1,0,10,7,5,3,3
2023.0,0.0,1.0,0.0,3,5,3,0,0,0,0,1,1,1,0,1,2,1,1,8,3,7,0,1,0,1,2,0,6,2,5,3,9
2023.0,-117.0,0.0,0.0,3,10,3,0,0,0,0,5,1,1,1,1,5,1,1,10,3,7,0,0,0,1,1,0,10,9,5,3,6
2023.0,96.0,0.0,0.0,3,6,3,0,0,0,1,5,1,1,0,0,5,1,1,12,3,7,0,0,0,1,1,0,10,7,5,8,3
2023.0,0.0,0.0,0.0,3,4,3,0,0,0,0,9,1,1,0,0,1,1,1,15,3,7,0,0,0,1,1,0,4,2,5,3,9
2023.0,0.0,0.0,0.0,3,4,3,0,0,0,1,2,1,1,0,1,5,1,1,17,3,7,0,1,0,2,1,0,5,4,5,3,9
2023.0,75.0,0.0,0.0,3,10,3,0,0,0,1,5,1,1,0,1,5,1,1,19,3,7,0,1,0,1,1,0,10,9,5,9,2
2023.0,112.0,0.0,0.0,3,10,0,0,0,0,1,2,1,1,0,0,2,1,1,20,3,7,0,0,0,1,1,0,10,9,5,3,2
2023.0,-45.0,0.0,0.0,3,6,0,0,0,0,0,2,1,1,0,0,2,1,1,22,3,7,0,0,0,1,1,0,10,8,5,3,3
2023.0,-23.0,0.0,0.0,3,2,0,0,0,0,1,9,0,1,0,0,1,1,1,0,4,7,0,0,0,1,2,0,10,4,5,8,9
2023.0,-50.0,0.0,0.0,3,6,3,0,0,0,1,2,1,1,0,1,2,1,1,7,4,7,0,1,0,1,1,0,10,7,5,8,3
2023.0,375.0,0.0,0.0,3,6,3,0,0,0,1,2,1,1,0,0,2,1,1,7,4,7,0,1,0,2,1,0,6,5,5,8,3
2023.0,86.0,0.0,0.0,3,2,3,0,0,0,1,2,1,1,0,1,1,1,1,10,4,7,0,0,0,0,1,0,0,5,5,3,1
2023.0,150.0,0.0,0.0,3,10,3,0,0,0,0,1,1,1,0,1,1,1,1,11,4,7,0,0,0,1,1,0,10,7,5,3,2
2023.0,-558.0,0.0,0.0,3,10,3,0,0,0,0,1,1,1,0,0,1,1,1,14,4,7,0,0,0,1,2,0,6,5,5,3,6
2023.0,0.0,1.0,0.0,3,6,3,0,0,0,1,9,1,1,0,1,9,1,1,15,4,7,0,0,0,1,1,0,3,7,5,8,8
2023.0,0.0,0.0,0.0,3,2,3,0,0,0,1,5,1,1,0,0,1,1,1,16,4,7,0,1,0,1,1,0,5,2,5,3,3
2023.0,0.0,0.0,0.0,3,6,0,0,0,0,2,5,1,1,0,0,5,1,1,20,4,7,0,0,0,3,1,0,4,8,5,9,9
2023.0,-50.0,0.0,0.0,3,6,0,0,0,0,1,2,1,1,0,1,2,1,1,21,4,7,0,0,0,3,2,0,10,8,5,8,8
2023.0,0.0,0.0,0.0,3,2,0,0,0,0,1,9,1,1,0,0,5,1,1,22,4,7,0,0,0,1,1,0,4,2,5,3,3
2023.0,0.0,0.0,0.0,3,4,0,0,0,0,0,2,1,1,0,0,1,1,1,23,4,7,0,0,0,1,1,0,6,2,5,9,9
2023.0,138.0,0.0,0.0,3,10,3,0,0,0,1,5,1,1,0,1,5,1,1,5,5,7,1,0,0,1,1,0,3,9,5,3,2
2023.0,0.0,0.0,0.0,3,6,3,0,0,0,1,1,1,1,0,1,1,1,1,9,5,7,1,1,0,1,0,0,10,9,5,0,3
2023.0,575.0,0.0,0.0,3,4,3,0,0,0,1,5,1,1,0,1,9,1,1,12,5,7,1,0,0,1,1,0,0,4,5,3,9
2023.0,0.0,2.0,0.0,3,10,3,1,0,0,0,1,1,1,0,1,1,1,1,12,5,7,1,0,0,0,1,0,3,7,5,8,3
2023.0,200.0,1.0,0.0,3,11,3,0,0,0,1,2,1,1,0,1,2,1,1,12,5,7,1,0,0,1,1,0,6,9,5,3,9
2023.0,35.0,0.0,0.0,3,2,3,0,0,0,1,2,1,1,0,1,1,1,1,14,5,7,1,0,0,1,1,0,10,2,5,3,9
2023.0,135.0,0.0,0.0,3,4,3,0,0,0,2,2,1,1,0,0,1,1,1,14,5,7,1,0,0,3,2,0,0,4,5,3,9
2023.0,0.0,0.0,0.0,3,4,5,4,0,0,0,1,1,1,0,0,9,1,1,15,5,7,1,0,0,1,2,0,4,2,5,3,9
2023.0,-450.0,0.0,0.0,3,4,3,0,0,0,1,5,1,1,0,1,9,1,1,15,5,7,1,0,0,1,2,0,0,4,5,3,9
2023.0,50.0,0.0,0.0,3,10,0,0,0,0,2,9,1,1,0,0,9,1,1,22,5,7,1,0,0,3,1,0,10,9,5,8,2
2023.0,100.0,1.0,0.0,2,6,0,0,0,0,1,9,1,1,0,0,9,1,1,2,6,7,1,0,0,1,2,0,10,8,5,8,3
2023.0,-50.0,0.0,0.0,3,10,3,0,0,0,2,9,1,1,0,1,9,1,1,18,6,7,1,1,0,3,2,0,10,9,5,3,2
2023.0,121.0,0.0,0.0,3,6,4,0,0,0,1,9,1,1,0,0,9,1,1,18,6,7,1,1,0,2,0,0,10,8,5,8,3
2023.0,0.0,0.0,0.0,3,2,3,0,0,0,1,5,0,1,0,1,9,1,1,6,0,7,0,0,0,2,1,0,4,2,5,3,3
2023.0,-422.0,0.0,0.0,3,4,3,0,0,0,0,1,1,1,0,1,5,1,1,8,0,7,0,1,0,1,2,0,0,4,5,9,3
2023.0,-521.0,0.0,0.0,3,10,3,0,0,0,1,2,1,1,0,1,2,1,1,9,0,7,0,1,0,2,1,0,0,5,5,9,8
2023.0,0.0,1.0,0.0,3,2,3,0,0,0,1,1,1,1,0,0,1,1,1,13,0,7,0,0,0,1,1,0,5,2,5,3,9
2023.0,-58.0,0.0,0.0,3,6,3,0,0,0,0,2,1,1,0,1,2,1,1,13,0,7,0,0,0,1,0,0,10,8,5,3,3
2023.0,0.0,1.0,0.0,3,10,3,0,0,0,1,2,1,1,0,1,2,1,1,15,0,7,0,0,0,1,1,0,4,5,5,9,9
2023.0,0.0,0.0,0.0,3,11,3,0,0,0,1,6,1,1,0,0,4,1,1,15,0,7,0,0,0,1,2,0,4,2,5,3,9
2023.0,0.0,1.0,0.0,3,2,3,0,0,0,1,9,1,1,0,0,5,1,1,16,0,7,0,1,0,1,1,0,4,2,5,9,3
2023.0,56.0,0.0,0.0,3,2,3,0,0,0,1,5,1,1,0,0,5,1,1,17,0,7,0,1,0,0,2,0,6,4,5,3,9
2023.0,0.0,1.0,0.0,2,2,0,0,0,0,0,5,1,1,0,1,1,1,1,22,0,7,0,0,0,2,1,0,4,7,5,3,3
2023.0,0.0,2.0,0.0,1,4,3,0,0,0,1,9,1,1,0,1,1,1,1,7,1,7,0,1,0,2,1,0,5,7,5,9,2
2023.0,0.0,0.0,0.0,3,11,3,0,0,0,1,4,1,1,0,1,4,1,1,10,1,7,0,0,0,1,1,0,5,4,5,3,9
2023.0,0.0,0.0,0.0,3,10,3,0,0,0,1,9,1,1,0,1,9,1,1,11,1,7,0,0,0,1,1,0,5,9,5,9,9
2023.0,60.0,0.0,0.0,3,6,3,0,0,0,0,2,1,1,0,0,2,1,1,11,1,7,0,0,0,2,2,0,0,5,5,5,5
2023.0,-150.0,0.0,0.0,3,6,3,0,0,0,1,2,1,1,0,1,2,1,1,13,1,7,0,0,0,2,1,0,6,8,5,8,3
2023.0,-75.0,0.0,0.0,3,2,3,0,0,0,1,5,1,1,0,1,9,1,1,13,1,7,0,0,0,2,1,0,10,5,5,3,1
2023.0,-129.0,0.0,0.0,3,6,3,0,0,0,1,2,1,1,0,1,2,1,1,13,1,7,0,0,0,1,1,0,10,7,5,8,3
2023.0,0.0,0.0,0.0,3,4,3,0,0,0,0,2,1,1,0,1,5,1,1,16,1,7,0,1,0,1,2,0,5,2,5,3,9
2023.0,75.0,0.0,0.0,3,6,3,0,0,0,1,5,1,1,0,0,5,1,1,17,1,7,0,1,0,0,0,0,10,7,5,8,3
2023.0,-118.0,1.0,0.0,2,2,3,0,0,0,0,1,1,1,0,1,2,1,1,17,1,7,0,1,0,0,1,0,5,5,5,9,3
2023.0,0.0,0.0,0.0,3,6,3,0,0,0,1,1,1,1,0,0,1,1,1,17,1,7,0,1,0,1,1,0,3,8,5,9,9
2023.0,0.0,1.0,0.0,3,4,3,0,0,0,0,9,1,1,0,0,1,1,1,18,1,7,0,1,0,0,0,0,4,2,5,3,9
2023.0,0.0,0.0,0.0,3,6,3,1,0,0,0,2,1,1,0,1,2,1,1,19,1,7,0,1,0,2,1,0,3,8,5,9,9
2023.0,0.0,1.0,0.0,2,4,3,0,0,0,1,1,1,1,0,1,9,1,1,9,2,7,0,1,0,2,1,0,4,2,5,9,3