Year,Distance,Totalinjuries,Totalfatalities,Injuryseverity,Collisionmanner,Lightcondition,Weather,SurfaceCondition,Unittype_One,Gender_Drv1,Traveldirection_One,AlcoholUse_Drv1,DrugUse_Drv1,Unittype_Two,Gender_Drv2,Traveldirection_Two,AlcoholUse_Drv2,DrugUse_Drv2,Hour,Weekday,Month,Weekend,Rush_Hour,Hazardous_Road,Age_Group_Drv1,Age_Group_Drv2,Substance_Use,Junction_Category,Violation_Category_Drv1,Violation_Category_Drv2,Unitaction_Category_Two,Unitaction_Category_One
2023.0,-40.0,1.0,0.0,2,5,3,0,0,2,1,5,1,1,0,0,1,1,1,11,2,7,0,0,0,1,1,0,10,2,5,9,7
2023.0,-15.0,0.0,0.0,3,2,3,0,0,0,0,9,1,1,0,0,2,1,1,12,2,7,0,0,0,1,0,0,4,2,5,3,9
2023.0,0.0,0.0,0.0,3,2,3,0,0,0,1,1,1,1,0,1,2,1,1,12,2,7,0,0,0,0,1,0,5,2,5,3,3
2023.0,0.0,0.0,0.0,3,2,3,0,0,0,1,9,1,1,0,0,2,1,1,14,2,7,0,0,0,2,2,0,4,2,5,9,3
2023.0,50.0,0.0,0.0,3,11,3,0,0,0,0,9,1,1,0,1,1,1,1,15,2,7,0,0,0,1,1,0,10,5,5,3,9
2023.0,190.0,3.0,0.0,2,2,3,0,0,0,0,1,1,1,0,1,2,1,1,15,2,7,0,0,0,1,1,0,0,2,5,3,3
2023.0,-112.0,1.0,0.0,2,6,3,0,0,0,1,1,1,1,0,1,1,1,1,17,2,7,0,1,0,1,1,0,10,8,5,8,3
2023.0,-195.0,2.0,0.0,3,6,3,0,0,0,1,1,1,1,0,1,1,1,1,19,2,7,0,1,0,2,1,0,6,8,5,8,3
2023.0,0.0,0.0,0.0,3,11,3,0,0,0,0,2,1,1,0,0,1,1,1,9,3,7,0,1,0,1,1,0,5,4,5,3,9
2023.0,210.0,0.0,0.0,3,2,3,0,0,0,1,1,1,1,0,0,5,1,1,9,3,7,0,1,0,1,2,0,0,2,5,3,9
2023.0,200.0,0.0,0.0,3,10,3,0,3,0,1,5,1,1,0,1,5,1,1,11,3,7,0,0,0,1,1,0,6,8,5,8,2
2023.0,0.0,1.0,0.0,3,10,3,0,0,0,0,2,1,1,0,1,2,1,1,12,3,7,0,0,0,1,0,0,4,5,5,9,9
2023.0,-10.0,0.0,0.0,3,10,3,0,0,0,0,1,1,1,0,1,7,1,1,12,3,7,0,0,0,0,1,0,10,2,5,9,9
2023.0,500.0,0.0,0.0,3,5,3,0,0,0,1,2,1,1,1,1,9,1,1,12,3,7,0,0,0,1,1,0,6,5,5,6,1
2023.0,15.0,1.0,0.0,2,2,3,0,0,0,2,1,1,1,0,1,1,1,1,12,3,7,0,0,0,3,0,0,4,9,5,9,9
2023.0,3000.0,2.0,0.0,3,6,3,0,0,0,1,9,1,1,1,1,9,1,1,15,3,7,0,0,0,1,1,0,6,5,5,3,8
2023.0,0.0,1.0,0.0,3,6,3,0,0,0,0,9,1,1,0,1,9,1,1,15,3,7,0,0,0,1,1,0,4,8,5,8,3
2023.0,-580.0,0.0,0.0,3,6,3,0,0,0,0,1,1,1,0,0,1,1,1,17,3,7,0,1,0,1,0,0,6,8,5,8,3
2023.0,0.0,1.0,0.0,2,2,3,0,0,0,0,9,1,1,0,0,5,1,1,17,3,7,0,1,0,1,1,0,4,2,5,3,3
2023.0,20.0,0.0,0.0,3,2,3,0,0,0,2,5,1,1,0,0,5,1,1,18,3,7,0,1,0,3,1,0,10,5,5,8,5
2023.0,214.0,1.0,0.0,3,12,3,0,0,0,2,9,1,1,0,0,9,1,1,19,3,7,0,1,0,3,1,0,6,5,5,3,5
2023.0,0.0,0.0,0.0,3,12,4,0,0,0,2,8,1,1,0,0,9,1,1,19,3,7,0,1,0,3,1,0,5,5,5,3,5
2023.0,-100.0,1.0,0.0,2,6,0,0,0,0,1,1,0,1,0,0,1,1,1,23,3,7,0,0,0,1,2,0,10,8,5,8,3
2023.0,757.0,0.0,0.0,3,10,3,1,0,0,1,9,1,1,0,0,9,1,1,7,4,7,0,1,0,2,1,0,6,5,5,3,3
2023.0,0.0,0.0,0.0,3,3,3,0,0,0,1,1,1,1,0,1,9,1,1,8,4,7,0,1,0,1,1,0,6,9,5,3,2
2023.0,0.0,0.0,0.0,3,4,3,0,0,0,0,1,1,1,0,1,2,1,1,13,4,7,0,0,0,0,2,0,5,2,2,9,9
2023.0,0.0,0.0,0.0,3,2,3,0,0,0,0,5,1,1,0,0,5,1,1,14,4,7,0,0,0,1,1,0,5,9,5,9,9
2023.0,0.0,5.0,0.0,2,4,3,0,0,0,0,5,1,1,0,1,9,1,1,14,4,7,0,0,0,0,1,0,4,2,5,9,3
2023.0,-89.0,0.0,0.0,3,6,3,0,0,0,1,1,1,1,0,1,1,1,1,15,4,7,0,0,0,2,2,0,10,5,5,3,2
2023.0,0.0,1.0,0.0,2,2,3,0,0,0,0,9,1,1,0,1,2,1,1,15,4,7,0,0,0,1,1,0,4,2,5,9,3
2023.0,-241.0,0.0,0.0,3,6,3,0,0,0,0,5,1,1,0,1,5,1,1,16,4,7,0,1,0,2,2,0,6,7,5,3,3
2023.0,570.0,0.0,0.0,3,6,3,0,0,0,2,2,1,1,0,1,1,1,1,16,4,7,0,1,0,3,2,0,6,2,5,3,9
2023.0,-193.0,1.0,0.0,2,2,3,0,0,0,0,9,1,1,0,1,9,1,1,17,4,7,0,1,0,1,1,0,6,5,5,3,9
2023.0,-225.0,0.0,0.0,3,6,0,0,0,0,1,2,1,1,0,1,2,1,1,19,4,7,0,1,0,1,2,0,6,8,5,8,3
2023.0,-651.0,2.0,0.0,2,4,0,0,0,0,1,9,0,1,0,1,1,1,1,23,4,7,0,0,0,2,2,0,0,4,5,3,9
2023.0,0.0,2.0,0.0,3,11,0,0,0,0,0,7,1,1,0,1,9,1,1,0,5,7,1,0,0,2,2,0,5,5,5,3,9
2023.0,600.0,2.0,0.0,2,5,0,0,0,0,1,9,1,1,0,1,9,1,1,2,5,7,1,0,0,1,1,0,6,7,5,3,3
2023.0,0.0,0.0,0.0,3,6,3,0,0,0,0,1,1,1,0,0,1,1,1,11,5,7,1,0,0,2,2,0,3,9,5,9,9
2023.0,-230.0,1.0,0.0,3,2,3,0,0,0,0,5,1,1,0,0,9,1,1,13,5,7,1,0,0,1,1,0,9,2,5,3,9
2023.0,222.0,0.0,0.0,3,5,3,0,0,0,1,9,1,1,1,1,9,1,1,15,5,7,1,0,0,1,1,0,6,7,5,6,1
2023.0,-267.0,0.0,0.0,3,10,3,0,0,0,0,5,1,1,0,0,5,1,1,15,5,7,1,0,0,1,0,0,6,9,5,3,2
2023.0,0.0,2.0,0.0,3,4,0,0,0,0,0,1,1,1,0,1,9,1,1,19,5,7,1,1,0,2,2,0,4,2,5,9,3
2023.0,375.0,0.0,0.0,3,10,0,0,0,0,0,5,1,1,0,1,5,1,1,20,5,7,1,0,0,3,1,0,10,9,5,3,2
2023.0,-50.0,0.0,0.0,3,6,0,0,0,0,2,2,1,1,0,1,2,1,1,21,5,7,1,0,0,3,1,0,10,8,5,8,3
2023.0,0.0,0.0,0.0,3,6,0,0,0,0,2,1,1,1,0,1,1,1,1,21,5,7,1,0,0,3,1,0,4,5,5,3,3
2023.0,0.0,0.0,0.0,3,6,0,0,0,0,2,2,1,1,0,0,2,1,1,22,5,7,1,0,0,3,1,0,10,7,5,8,3
2023.0,-15.0,0.0,0.0,3,4,0,0,0,0,1,9,1,1,0,0,9,1,1,23,5,7,1,0,0,1,2,0,4,5,5,9,9
2023.0,0.0,1.0,0.0,3,10,3,1,0,0,0,5,1,1,0,0,5,1,1,7,6,7,1,1,0,1,1,0,6,5,5,9,9
2023.0,250.0,0.0,0.0,3,10,3,0,0,0,0,1,1,1,0,1,1,1,1,13,6,7,1,0,0,1,0,0,6,9,5,3,2
2023.0,0.0,1.0,0.0,3,2,3,0,0,0,0,9,1,1,0,1,5,1,1,13,6,7,1,0,0,1,0,0,5,7,5,8,3
2023.0,0.0,0.0,0.0,3,4,4,0,0,0,1,2,0,1,0,0,6,1,1,18,6,7,1,1,0,1,1,0,4,2,5,9,3
2023.0,102.0,1.0,0.0,3,6,4,0,0,0,2,5,1,1,0,1,5,1,1,19,6,7,1,1,0,3,1,0,10,8,5,8,8
2023.0,-45.0,0.0,0.0,3,2,0,4,0,0,2,5,1,1,0,0,9,1,1,21,6,7,1,0,0,3,1,0,4,2,5,3,9
2023.0,-78.0,0.0,0.0,3,6,0,0,0,0,1,5,1,1,0,1,5,1,1,21,6,7,1,0,0,2,1,0,10,8,5,8,3
2023.0,250.0,1.0,0.0,2,2,0,1,0,0,2,2,1,1,0,0,2,1,1,0,0,7,0,0,0,3,2,0,6,5,5,3,5
2023.0,60.0,0.0,0.0,3,10,3,0,0,0,2,9,1,1,0,0,9,1,1,6,0,7,0,0,0,3,1,0,10,9,5,3,2
2023.0,0.0,1.0,0.0,2,4,3,0,0,0,1,5,1,1,0,0,9,1,1,7,0,7,0,1,0,1,1,0,4,2,5,3,9
2023.0,-150.0,1.0,0.0,3,2,3,0,0,2,1,1,1,1,0,1,5,1,1,7,0,7,0,1,0,1,1,0,0,5,5,9,3
2023.0,255.0,0.0,0.0,3,4,3,0,0,0,1,1,1,1,0,1,2,1,1,8,0,7,0,1,0,1,1,0,0,2,5,3,9
2023.0,0.0,1.0,0.0,3,2,3,0,0,0,0,9,1,1,0,0,5,1,1,12,0,7,0,0,0,1,1,0,4,2,5,3,9
2023.0,-213.0,0.0,0.0,3,10,3,0,0,0,1,2,1,1,0,1,2,1,1,17,0,7,0,1,0,2,1,0,6,9,5,8,2
2023.0,0.0,0.0,0.0,3,2,3,0,0,0,0,2,1,1,0,1,1,1,1,18,0,7,0,1,0,2,1,0,5,2,5,3,9
2023.0,0.0,0.0,0.0,3,10,3,0,0,0,1,5,1,1,0,0,5,1,1,6,1,8,0,0,0,1,1,0,5,9,5,3,2
2023.0,-200.0,0.0,0.0,3,10,3,0,0,0,0,9,1,1,1,1,9,1,1,11,1,8,0,0,0,1,0,0,6,7,5,6,6
2023.0,275.0,0.0,0.0,3,2,3,0,0,0,1,9,1,1,0,0,2,1,1,11,1,8,0,0,0,1,2,0,0,2,5,3,9
2023.0,200.0,0.0,0.0,3,10,3,1,0,0,0,4,1,1,0,0,4,1,1,12,1,8,0,0,0,1,2,0,6,9,5,3,2
2023.0,-108.0,0.0,0.0,3,6,3,0,0,0,1,1,1,1,0,1,1,1,1,16,1,8,0,1,0,1,0,0,10,8,5,8,3
2023.0,0.0,1.0,0.0,3,4,5,4,0,0,0,2,1,1,0,1,5,1,1,17,1,8,0,1,0,2,1,0,4,2,5,3,9
2023.0,72.0,0.0,0.0,3,6,0,0,0,0,1,5,1,1,0,1,5,1,1,22,1,8,0,0,0,1,1,0,10,7,5,3,8
2023.0,0.0,0.0,0.0,3,2,0,0,0,0,2,5,1,1,0,1,9,1,1,22,1,8,0,0,0,3,2,0,4,5,5,9,3
2023.0,0.0,0.0,0.0,3,10,3,0,0,0,0,5,1,1,0,1,5,1,1,8,2,8,0,1,0,2,2,0,4,4,5,3,9
2023.0,-730.0,0.0,0.0,3,5,3,0,0,0,1,2,1,1,0,1,2,1,1,8,2,8,0,1,0,2,0,0,6,5,5,3,3
2023.0,120.0,1.0,0.0,2,10,3,0,0,0,1,9,1,1,0,1,9,1,1,9,2,8,0,1,0,0,1,0,10,5,5,3,9
2023.0,0.0,0.0,0.0,3,2,3,0,0,0,0,5,1,1,0,1,1,1,1,11,2,8,0,0,0,1,1,0,10,2,5,3,3
2023.0,0.0,1.0,0.0,2,2,3,0,0,0,0,9,1,1,0,1,5,1,1,13,2,8,0,0,0,2,2,0,0,5,5,9,3
2023.0,85.0,0.0,0.0,3,6,3,0,0,0,1,5,1,1,0,1,5,1,1,15,2,8,0,0,0,2,1,0,10,7,5,8,8
2023.0,-175.0,0.0,0.0,3,10,3,0,0,0,1,9,1,1,0,1,9,1,1,15,2,8,0,0,0,1,0,0,0,9,5,3,2
2023.0,440.0,0.0,0.0,3,10,3,0,0,0,1,5,1,1,0,1,5,1,1,16,2,8,0,1,0,2,1,0,6,9,5,3,2
2023.0,120.0,0.0,0.0,3,2,3,0,0,0,0,1,1,1,0,1,5,1,1,17,2,8,0,1,0,2,2,0,0,2,5,3,9
2023.0,0.0,0.0,0.0,3,4,3,0,0,0,1,1,1,1,0,0,5,1,1,17,2,8,0,1,0,1,1,0,5,2,5,3,9
2023.0,0.0,0.0,0.0,3,5,3,0,0,0,2,5,1,1,0,1,5,1,1,7,3,8,0,1,0,3,1,0,4,5,5,8,1
2023.0,0.0,0.0,0.0,3,4,3,0,0,0,1,9,1,1,0,1,1,1,1,13,3,8,0,0,0,1,0,0,4,2,5,3,9
2023.0,108.0,0.0,0.0,3,10,3,0,0,0,1,5,1,1,0,0,5,1,1,13,3,8,0,0,0,1,1,0,10,9,5,3,2
2023.0,90.0,0.0,0.0,3,6,3,0,0,0,1,9,1,1,0,1,9,1,1,14,3,8,0,0,0,2,2,0,4,7,5,8,3
2023.0,-200.0,0.0,0.0,3,6,3,0,0,0,1,2,1,1,0,0,2,1,1,14,3,8,0,0,0,1,1,0,10,7,5,8,3
2023.0,0.0,0.0,0.0,3,11,3,0,0,0,1,5,1,1,0,1,5,1,1,15,3,8,0,0,0,1,1,0,5,2,5,3,9
2023.0,300.0,0.0,0.0,3,10,3,0,0,0,2,5,1,1,0,0,5,1,1,15,3,8,0,0,0,3,1,0,6,9,5,8,2
2023.0,50.0,1.0,0.0,3,2,3,0,0,0,1,9,1,1,0,0,5,1,1,17,3,8,0,1,0,1,1,0,10,4,5,8,9
2023.0,56.0,0.0,0.0,3,6,3,0,0,0,0,5,1,1,0,1,5,1,1,18,3,8,0,1,0,1,2,0,10,8,5,8,3
2023.0,100.0,0.0,0.0,3,3,0,0,0,0,2,9,1,1,1,1,1,1,1,1,4,8,0,0,0,3,1,0,10,7,5,6,3
2023.0,0.0,0.0,0.0,3,4,3,0,0,0,0,2,1,1,0,0,9,1,1,6,4,8,0,0,0,2,1,0,4,2,5,3,9
2023.0,0.0,0.0,0.0,3,6,3,0,0,0,0,2,1,1,0,0,2,1,1,9,4,8,0,1,0,1,1,0,5,7,5,8,3
2023.0,0.0,0.0,0.0,3,10,3,0,0,0,1,9,1,1,0,1,9,1,1,10,4,8,0,0,0,1,1,0,4,5,5,9,9
2023.0,-40.0,0.0,0.0,3,10,3,0,0,0,2,9,1,1,0,1,9,1,1,10,4,8,0,0,0,3,1,0,10,9,5,3,2
2023.0,232.0,0.0,0.0,3,10,3,0,0,0,1,1,1,1,0,1,1,1,1,14,4,8,0,0,0,0,1,0,6,5,5,3,6
2023.0,0.0,2.0,0.0,3,2,3,0,0,0,0,2,1,0,0,1,1,1,1,14,4,8,0,0,0,1,1,0,4,2,5,3,3
2023.0,0.0,0.0,0.0,3,10,3,0,0,0,2,1,1,1,0,0,1,1,1,16,4,8,0,1,0,3,1,0,6,9,5,3,3
2023.0,-335.0,0.0,0.0,3,6,0,0,0,0,1,1,1,1,0,1,1,1,1,19,4,8,0,1,0,1,1,0,10,8,5,8,3
2023.0,0.0,2.0,0.0,2,4,0,0,0,0,1,2,1,1,0,0,5,1,1,21,4,8,0,0,0,1,0,0,5,2,5,9,3
2023.0,-900.0,0.0,0.0,3,10,0,0,0,0,2,1,1,1,0,1,1,1,1,23,4,8,0,0,0,3,1,0,6,9,5,3,3
2023.0,0.0,0.0,0.0,3,4,3,0,0,0,0,9,1,1,0,1,6,1,1,7,5,8,1,1,0,1,0,0,4,2,5,9,3
2023.0,-120.0,0.0,0.0,3,10,3,0,0,0,0,9,1,1,1,1,9,1,1,12,5,8,1,0,0,2,1,0,6,9,5,6,3
2023.0,398.0,2.0,0.0,3,6,3,0,0,0,1,9,1,1,0,1,9,1,1,13,5,8,1,0,0,1,1,0,6,9,5,3,2
2023.0,0.0,3.0,0.0,2,2,3,0,0,0,1,5,1,1,0,1,9,1,1,14,5,8,1,0,0,1,2,0,4,2,5,3,9
2023.0,1445.0,0.0,0.0,3,6,3,0,0,0,1,9,1,1,1,1,9,1,1,14,5,8,1,0,0,1,2,0,6,7,5,5,9
2023.0,0.0,0.0,0.0,3,6,3,0,0,0,1,9,1,1,0,0,9,1,1,15,5,8,1,0,0,0,2,0,10,7,5,3,3
2023.0,0.0,0.0,0.0,3,6,3,1,0,0,2,9,1,1,0,0,9,1,1,17,5,8,1,1,0,3,0,0,4,7,5,8,3
2023.0,0.0,0.0,0.0,3,10,3,0,0,0,1,5,1,1,0,1,5,1,1,18,5,8,1,1,0,1,1,0,5,4,5,8,9
2023.0,70.0,0.0,0.0,3,6,0,4,3,0,2,5,1,1,0,1,5,1,1,19,5,8,1,1,0,3,1,0,10,8,5,8,3
2023.0,15.0,1.0,0.0,3,5,0,0,0,0,2,1,1,1,3,1,1,1,1,20,5,8,1,0,0,3,1,0,10,5,5,7,9
2023.0,0.0,1.0,0.0,3,2,0,0,0,0,1,1,1,1,0,0,2,1,1,20,5,8,1,0,0,1,1,0,4,2,5,3,3
2023.0,-160.0,1.0,0.0,2,5,0,0,0,0,1,9,1,1,1,1,5,1,1,20,5,8,1,0,0,1,1,0,6,5,5,6,9
2023.0,10.0,1.0,0.0,2,4,0,0,0,0,0,2,1,1,0,1,9,1,1,23,5,8,1,0,0,0,1,0,10,9,5,3,9
2023.0,-25.0,0.0,0.0,3,6,0,0,0,0,2,2,1,1,0,1,2,1,1,2,6,8,1,0,0,3,2,0,10,5,5,5,3
2023.0,0.0,1.0,0.0,2,4,3,0,0,0,0,2,1,1,0,0,5,1,1,8,6,8,1,1,0,2,1,0,4,2,5,9,3
2023.0,0.0,0.0,0.0,3,10,3,1,0,0,0,1,1,1,0,0,1,1,1,14,6,8,1,0,0,1,2,0,4,9,5,3,2
2023.0,-150.0,1.0,0.0,3,10,3,0,0,0,0,1,1,1,0,0,1,1,1,14,6,8,1,0,0,1,1,0,0,2,5,3,9
2023.0,10.0,0.0,0.0,3,10,3,0,0,0,2,5,1,1,0,1,5,1,1,18,6,8,1,1,0,3,1,0,10,9,5,3,9
2023.0,-152.0,0.0,0.0,3,5,4,0,0,0,1,2,1,1,0,0,1,1,1,19,6,8,1,1,0,1,1,0,0,2,5,3,1
2023.0,0.0,1.0,0.0,3,4,2,0,0,0,1,2,1,1,0,1,5,1,1,5,0,8,0,0,0,1,1,0,5,2,5,3,9
2023.0,190.0,0.0,0.0,3,10,3,0,0,0,1,9,1,1,0,0,9,1,1,8,0,8,0,1,0,1,1,0,6,5,5,9,9
2023.0,290.0,0.0,0.0,3,2,3,0,0,0,0,1,1,1,0,1,1,1,1,8,0,8,0,1,0,0,1,0,6,9,5,9,2
2023.0,100.0,0.0,0.0,3,6,3,0,0,0,1,1,1,1,0,1,1,1,1,8,0,8,0,1,0,1,1,0,6,7,5,6,3
2023.0,140.0,0.0,0.0,3,6,3,0,0,0,1,5,1,1,0,1,5,1,1,10,0,8,0,0,0,1,1,0,10,7,5,8,8
2023.0,-484.0,0.0,0.0,3,5,3,0,0,0,0,1,1,1,0,0,9,1,1,13,0,8,0,0,0,0,2,0,6,5,5,3,3
2023.0,-250.0,1.0,0.0,2,2,3,0,0,0,1,9,1,1,0,1,2,1,1,14,0,8,0,0,0,1,1,0,0,2,5,3,9
2023.0,-250.0,0.0,0.0,3,10,3,0,0,0,1,1,1,1,0,1,1,1,1,15,0,8,0,0,0,1,1,0,10,9,5,3,2
2023.0,-25.0,0.0,0.0,3,6,3,0,0,0,1,1,1,1,0,1,1,1,1,16,0,8,0,1,0,1,1,0,10,8,5,5,3
2023.0,102.0,0.0,0.0,3,6,3,0,0,0,0,5,1,1,0,1,5,1,1,16,0,8,0,1,0,0,0,0,10,7,5,8,8
2023.0,15.0,0.0,0.0,3,10,3,0,0,0,0,5,1,1,0,1,5,1,1,16,0,8,0,1,0,1,0,0,10,4,5,3,9
2023.0,81.0,0.0,0.0,3,6,3,3,4,0,1,5,1,1,0,0,5,1,1,7,1,8,0,1,1,0,1,0,4,7,5,8,8
2023.0,-93.0,1.0,0.0,2,2,3,1,0,0,1,7,1,1,0,1,4,1,1,7,1,8,0,1,0,0,1,0,10,4,5,9,9
2023.0,-80.0,0.0,0.0,3,6,3,0,0,0,1,2,1,1,0,0,2,1,1,7,1,8,0,1,0,2,1,0,10,7,5,8,3
2023.0,-290.0,1.0,0.0,2,2,3,1,0,0,0,2,1,1,0,0,1,1,1,8,1,8,0,1,0,2,1,0,0,2,5,3,9
2023.0,65.0,0.0,0.0,3,12,3,0,0,0,1,5,1,1,0,1,5,1,1,9,1,8,0,1,0,1,0,0,10,5,5,3,3
2023.0,0.0,2.0,0.0,2,2,3,5,0,0,0,5,1,1,0,0,1,1,1,15,1,8,0,0,0,2,1,0,4,2,5,3,3
2023.0,-150.0,0.0,0.0,3,10,3,0,0,0,0,9,1,1,0,1,9,1,1,16,1,8,0,1,0,2,1,0,6,9,5,3,2
2023.0,25.0,0.0,0.0,3,6,3,0,0,0,1,9,1,1,0,1,9,1,1,16,1,8,0,1,0,2,1,0,10,7,5,3,3
2023.0,140.0,0.0,0.0,3,6,3,0,0,0,0,1,1,1,0,0,1,1,1,17,1,8,0,1,0,1,1,0,10,8,5,8,3
2023.0,-50.0,1.0,0.0,3,6,3,0,0,0,0,1,1,1,0,1,1,1,1,17,1,8,0,1,0,2,1,0,10,7,5,8,3
2023.0,-35.0,1.0,0.0,2,5,2,0,0,0,1,2,1,1,3,0,5,1,1,17,1,8,0,1,0,1,1,0,10,2,5,7,9
2023.0,0.0,0.0,0.0,3,2,3,0,0,0,0,9,1,1,0,0,5,1,1,17,1,8,0,1,0,2,1,0,4,7,5,9,3
2023.0,-72.0,1.0,0.0,3,5,3,0,3,0,2,5,1,1,3,1,5,1,1,8,2,8,0,1,0,3,1,0,10,2,5,7,9
2023.0,0.0,0.0,0.0,3,5,3,0,0,0,1,5,1,1,0,1,5,1,1,9,2,8,0,1,0,1,1,0,5,5,5,2,1
2023.0,-15.0,1.0,0.0,2,5,3,0,0,0,0,2,1,1,3,0,9,1,1,9,2,8,0,1,0,0,1,0,10,2,5,7,9
2023.0,-165.0,0.0,0.0,3,10,3,0,3,0,1,2,1,1,0,1,2,1,1,11,2,8,0,0,0,0,1,0,6,5,5,8,3
2023.0,0.0,0.0,0.0,3,2,3,0,0,0,1,9,1,1,0,1,2,1,1,12,2,8,0,0,0,1,1,0,4,2,5,3,3
2023.0,0.0,0.0,0.0,3,4,3,0,0,0,1,1,1,1,0,1,9,1,1,14,2,8,0,0,0,1,2,0,4,5,5,3,9
2023.0,0.0,0.0,0.0,3,6,3,0,0,0,0,1,1,1,0,0,1,1,1,15,2,8,0,0,0,1,1,0,6,7,5,3,3
2023.0,0.0,0.0,0.0,3,6,3,0,0,0,1,9,1,1,0,1,9,1,1,15,2,8,0,0,0,1,1,0,3,5,5,8,8
2023.0,178.0,0.0,0.0,3,6,3,0,0,0,1,1,1,1,0,0,1,1,1,16,2,8,0,1,0,1,2,0,6,7,5,8,3
2023.0,0.0,1.0,0.0,2,6,0,0,0,0,1,1,1,1,0,1,1,1,1,20,2,8,0,0,0,1,1,0,5,7,5,9,3
2023.0,-950.0,1.0,0.0,2,5,1,0,0,2,0,1,1,1,0,1,5,1,1,22,2,8,0,0,0,1,1,0,0,5,5,9,7
2023.0,1030.0,4.0,0.0,2,6,3,0,0,0,1,1,1,1,0,0,1,1,1,7,3,8,0,1,0,1,1,0,6,8,5,8,3
2023.0,1042.0,1.0,0.0,2,6,3,0,0,0,0,1,1,1,0,0,1,1,1,7,3,8,0,1,0,1,1,0,6,8,5,8,3
2023.0,0.0,0.0,0.0,3,2,3,0,0,0,1,9,1,1,0,1,1,1,1,7,3,8,0,1,0,1,1,0,3,2,5,9,3
2023.0,300.0,0.0,0.0,3,2,3,0,0,0,0,1,1,1,0,1,9,1,1,8,3,8,0,1,0,2,1,0,0,2,5,3,9
2023.0,450.0,0.0,0.0,3,6,3,1,0,0,1,9,1,1,0,0,9,1,1,8,3,8,0,1,0,1,1,0,0,8,5,8,3
2023.0,0.0,1.0,0.0,3,6,3,0,0,0,1,9,1,1,0,0,9,1,1,12,3,8,0,0,0,1,1,0,6,7,5,8,3
2023.0,-293.0,0.0,0.0,3,10,3,0,0,0,1,9,1,1,0,1,9,1,1,12,3,8,0,0,0,0,1,0,10,7,5,8,3
2023.0,127.0,1.0,0.0,3,5,3,0,0,0,1,5,1,1,0,0,5,1,1,12,3,8,0,0,0,3,0,0,10,5,5,8,1
2023.0,0.0,0.0,0.0,3,6,3,0,0,0,1,5,1,1,0,0,5,1,1,14,3,8,0,0,0,1,2,0,4,8,5,5,3
2023.0,63.0,0.0,0.0,3,2,3,0,0,0,0,9,1,1,0,1,5,1,1,16,3,8,0,1,0,1,1,0,10,4,5,8,9
2023.0,0.0,0.0,0.0,3,2,3,0,0,0,1,5,1,1,0,1,9,1,1,16,3,8,0,1,0,0,1,0,4,2,5,3,3
2023.0,-50.0,0.0,0.0,3,9,0,0,0,0,1,9,1,1,0,1,1,1,1,0,4,8,0,0,0,1,1,0,10,5,5,3,9
2023.0,0.0,2.0,0.0,2,3,0,0,0,0,1,1,1,1,0,1,2,1,1,0,4,8,0,0,0,2,1,0,4,2,5,3,3
2023.0,0.0,0.0,0.0,3,10,3,0,0,0,1,2,1,1,0,1,2,1,1,8,4,8,0,1,0,0,1,0,5,4,5,3,9
2023.0,964.0,2.0,0.0,2,2,3,0,0,0,1,1,1,1,0,1,5,1,1,9,4,8,0,1,0,0,2,0,0,2,5,3,9
2023.0,0.0,0.0,0.0,3,2,3,0,0,0,0,5,1,1,0,1,9,1,1,13,4,8,0,0,0,2,1,0,6,2,5,3,9
2023.0,200.0,0.0,0.0,3,10,5,4,0,0,1,5,1,1,0,1,5,1,1,13,4,8,0,0,0,2,1,0,0,9,5,3,2
2023.0,50.0,0.0,0.0,3,10,3,0,3,0,2,8,1,1,0,0,9,1,1,14,4,8,0,0,0,3,2,0,6,5,5,3,5
2023.0,-5.0,0.0,0.0,3,11,3,0,0,0,1,1,1,1,0,0,9,1,1,14,4,8,0,0,0,0,1,0,10,2,5,3,9
2023.0,0.0,2.0,0.0,3,2,3,0,0,0,1,1,1,1,0,0,9,1,1,14,4,8,0,0,0,0,1,0,5,2,5,3,9
2023.0,600.0,0.0,0.0,3,6,3,0,0,0,2,9,1,1,0,1,9,1,1,15,4,8,0,0,0,3,1,0,6,8,5,8,3
2023.0,570.0,0.0,0.0,3,2,3,0,0,0,2,9,1,1,0,0,2,1,1,16,4,8,0,1,0,3,1,0,6,7,2,3,3
2023.0,-617.0,0.0,0.0,3,6,3,0,0,0,1,2,1,1,0,1,2,1,1,17,4,8,0,1,0,1,1,0,6,8,5,3,3
2023.0,0.0,1.0,0.0,3,2,5,4,0,0,0,2,1,1,0,0,5,1,1,18,4,8,0,1,0,2,1,0,0,2,5,9,9
2023.0,-100.0,1.0,0.0,3,6,3,0,0,0,1,2,1,1,0,1,2,1,1,18,4,8,0,1,0,2,1,0,3,8,5,8,3
2023.0,-390.0,2.0,0.0,3,5,0,0,0,0,1,1,1,1,3,0,2,1,1,19,4,8,0,1,0,1,1,0,0,2,5,7,9
2023.0,306.0,1.0,0.0,3,2,0,0,0,0,1,2,1,1,0,1,1,1,1,20,4,8,0,0,0,1,1,0,0,2,5,3,9
2023.0,-712.0,0.0,0.0,3,10,3,0,0,0,0,2,1,1,0,1,2,1,1,20,4,8,0,0,0,2,1,0,6,9,5,3,2
2023.0,-5.0,1.0,0.0,2,5,0,0,0,0,1,2,1,1,3,1,8,1,1,1,5,8,1,0,0,3,1,0,10,5,5,6,3
2023.0,-99.0,0.0,0.0,3,2,0,0,0,0,2,4,1,1,0,1,9,1,1,4,5,8,1,0,0,3,1,0,10,5,5,3,9