Year,Distance,Totalinjuries,Totalfatalities,Injuryseverity,Collisionmanner,Lightcondition,Weather,SurfaceCondition,Unittype_One,Gender_Drv1,Traveldirection_One,AlcoholUse_Drv1,DrugUse_Drv1,Unittype_Two,Gender_Drv2,Traveldirection_Two,AlcoholUse_Drv2,DrugUse_Drv2,Hour,Weekday,Month,Weekend,Rush_Hour,Hazardous_Road,Age_Group_Drv1,Age_Group_Drv2,Substance_Use,Junction_Category,Violation_Category_Drv1,Violation_Category_Drv2,Unitaction_Category_Two,Unitaction_Category_One
2023.0,82.0,1.0,0.0,3,2,3,0,0,0,0,1,1,1,0,0,2,1,1,9,5,8,1,1,0,2,2,0,0,2,5,3,9
2023.0,0.0,2.0,0.0,3,4,3,0,0,0,1,1,1,1,0,1,9,1,1,9,5,8,1,1,0,0,0,0,5,2,5,3,9
2023.0,20.0,0.0,0.0,3,10,3,0,0,0,1,5,1,1,0,1,5,1,1,11,5,8,1,0,0,1,1,0,10,9,5,3,2
2023.0,0.0,2.0,0.0,2,4,3,0,0,0,0,9,1,1,0,0,1,1,1,13,5,8,1,0,0,0,1,0,4,2,5,3,9
2023.0,0.0,0.0,0.0,3,10,0,0,0,0,2,1,1,1,0,0,1,1,1,21,5,8,1,0,0,3,2,0,8,5,5,9,9
2023.0,0.0,0.0,0.0,3,11,0,0,0,0,0,1,1,1,0,1,2,0,1,2,6,8,1,0,0,1,1,0,3,9,5,3,9
2023.0,-500.0,0.0,0.0,3,10,3,0,0,0,0,1,1,1,0,0,1,1,1,10,6,8,1,0,0,1,2,0,6,9,5,3,2
2023.0,0.0,1.0,0.0,2,2,3,0,0,0,0,1,1,1,0,0,2,1,1,13,6,8,1,0,0,1,1,0,4,7,5,3,3
2023.0,40.0,0.0,0.0,3,6,3,0,0,0,1,5,1,1,0,1,5,1,1,16,6,8,1,1,0,2,2,0,10,8,5,8,8
2023.0,50.0,1.0,0.0,3,6,3,0,0,0,1,5,0,1,0,0,5,1,1,18,6,8,1,1,0,1,1,0,5,9,5,8,3
2023.0,0.0,1.0,0.0,3,11,4,0,0,0,1,1,1,1,0,1,1,1,1,20,6,8,1,0,0,2,1,0,4,2,5,9,3
2023.0,50.0,0.0,0.0,3,10,0,0,0,0,1,5,1,1,0,1,5,1,1,21,6,8,1,0,0,1,1,0,10,9,5,8,2
2023.0,0.0,0.0,0.0,3,10,0,0,0,0,2,2,1,1,0,0,2,1,1,21,6,8,1,0,0,3,2,0,4,9,5,9,9
2023.0,875.0,0.0,0.0,3,2,3,1,0,0,0,2,1,1,0,0,9,1,1,7,0,8,0,1,0,1,1,0,0,2,5,8,5
2023.0,0.0,0.0,0.0,3,5,3,1,0,0,1,5,0,1,0,1,5,1,1,7,0,8,0,1,0,1,1,0,3,5,5,8,1
2023.0,0.0,0.0,0.0,3,4,3,1,0,0,0,9,1,1,0,0,1,1,1,9,0,8,0,1,0,1,2,0,4,2,5,9,3
2023.0,-50.0,1.0,0.0,2,5,3,0,0,0,1,2,1,1,3,1,9,1,1,11,0,8,0,0,0,1,2,0,10,2,5,7,9
2023.0,220.0,1.0,0.0,2,6,3,0,0,0,1,1,1,1,0,1,1,1,1,12,0,8,0,0,0,1,1,0,6,5,5,3,8
2023.0,86.0,0.0,0.0,3,10,3,1,0,0,1,9,1,1,0,0,9,1,1,13,0,8,0,0,0,2,1,0,10,9,5,3,2
2023.0,-50.0,0.0,0.0,3,6,3,0,0,0,0,2,1,1,0,1,2,1,1,13,0,8,0,0,0,1,1,0,10,7,5,8,3
2023.0,-214.0,0.0,0.0,3,6,3,1,0,0,0,1,1,1,0,0,1,1,1,14,0,8,0,0,0,1,1,0,10,7,5,8,3
2023.0,0.0,0.0,0.0,3,6,3,0,0,0,1,5,1,1,0,0,5,1,1,15,0,8,0,0,0,2,2,0,6,7,5,8,8
2023.0,0.0,1.0,0.0,2,4,3,0,0,0,0,9,1,1,0,1,1,1,1,6,1,8,0,0,0,1,1,0,4,2,5,3,9
2023.0,-200.0,0.0,0.0,3,10,3,0,0,0,0,3,1,1,0,0,3,1,1,7,1,8,0,1,0,2,2,0,6,9,5,3,2
2023.0,0.0,0.0,0.0,3,4,3,0,0,0,1,9,1,1,0,0,1,1,1,7,1,8,0,1,0,2,1,0,4,2,5,3,9
2023.0,-200.0,0.0,0.0,3,10,3,0,0,0,1,2,1,1,0,1,2,1,1,9,1,8,0,1,0,2,1,0,6,9,5,3,3
2023.0,-350.0,0.0,0.0,3,10,3,0,0,0,0,5,1,1,0,0,5,1,1,9,1,8,0,1,0,2,1,0,6,9,5,3,2
2023.0,0.0,0.0,0.0,3,6,3,0,0,0,1,3,1,1,1,1,2,1,1,12,1,8,0,0,0,1,0,0,5,5,5,6,8
2023.0,0.0,0.0,0.0,3,10,3,0,0,0,2,2,1,1,0,0,2,1,1,13,1,8,0,0,0,3,0,0,6,5,5,3,2
2023.0,905.0,0.0,0.0,3,6,3,0,0,0,0,9,1,1,0,0,9,1,1,14,1,8,0,0,0,1,0,0,6,8,5,8,8
2023.0,120.0,1.0,0.0,2,6,3,0,0,0,0,5,1,1,0,1,5,1,1,15,1,8,0,0,0,1,2,0,10,7,5,8,3
2023.0,-10.0,0.0,0.0,3,6,3,0,0,0,0,2,1,1,0,1,2,1,1,6,2,8,0,0,0,2,1,0,10,8,5,8,3
2023.0,-65.0,1.0,0.0,2,2,3,0,0,3,1,9,1,1,0,0,5,1,1,7,2,8,0,1,0,2,1,0,10,2,5,3,7
2023.0,0.0,1.0,0.0,3,2,3,0,0,0,0,9,1,1,0,1,2,1,1,8,2,8,0,1,0,1,1,0,5,2,5,3,9
2023.0,35.0,0.0,0.0,3,6,3,0,0,0,1,9,1,1,0,1,9,1,1,8,2,8,0,1,0,2,1,0,10,7,5,3,3
2023.0,0.0,0.0,0.0,3,4,3,0,0,0,0,2,1,1,0,0,5,1,1,9,2,8,0,1,0,2,1,0,4,2,5,9,3
2023.0,150.0,0.0,0.0,3,5,3,0,0,0,1,9,1,1,0,1,5,1,1,9,2,8,0,1,0,0,1,0,0,2,8,8,1
2023.0,0.0,0.0,0.0,3,4,3,0,0,0,1,5,1,1,0,0,5,1,1,10,2,8,0,0,0,1,1,0,5,2,5,9,3
2023.0,0.0,1.0,0.0,2,5,3,0,0,2,1,5,1,1,0,0,9,1,1,13,2,8,0,0,0,1,0,0,4,2,2,3,9
2023.0,82.0,0.0,0.0,3,6,3,0,0,0,0,9,1,1,0,0,9,1,1,14,2,8,0,0,0,1,2,0,10,8,5,8,3
2023.0,0.0,3.0,0.0,3,6,3,1,0,0,1,5,1,1,0,1,5,1,1,16,2,8,0,1,0,2,1,0,10,7,5,8,3
2023.0,190.0,2.0,0.0,2,6,3,1,0,0,0,1,1,1,0,0,1,1,1,16,2,8,0,1,0,1,1,0,6,7,5,8,8
2023.0,-110.0,0.0,0.0,3,6,3,0,0,0,2,1,1,1,0,0,1,1,1,7,3,8,0,1,0,3,1,0,10,7,5,8,3
2023.0,-30.0,1.0,0.0,3,6,3,0,0,0,1,1,1,1,0,0,1,1,1,7,3,8,0,1,0,2,1,0,10,7,5,8,3
2023.0,0.0,0.0,0.0,3,4,3,0,0,0,1,1,1,1,0,1,9,1,1,8,3,8,0,1,0,2,1,0,4,2,5,3,9
2023.0,-110.0,0.0,0.0,3,6,3,0,0,0,1,9,1,1,0,0,1,1,1,8,3,8,0,1,0,0,1,0,10,5,5,8,1
2023.0,1012.0,0.0,0.0,3,6,3,0,0,0,1,5,1,1,0,1,5,1,1,10,3,8,0,0,0,1,1,0,6,7,5,8,3
2023.0,-400.0,0.0,0.0,3,4,3,0,0,0,0,9,1,1,0,1,1,1,1,10,3,8,0,0,0,0,0,0,0,2,5,3,9
2023.0,-85.0,0.0,0.0,3,6,3,0,0,0,1,1,1,1,0,0,1,1,1,14,3,8,0,0,0,1,1,0,10,7,5,8,3
2023.0,0.0,0.0,0.0,3,2,4,0,0,0,1,9,1,1,0,0,2,1,1,18,3,8,0,1,0,1,2,0,0,5,5,9,1
2023.0,0.0,2.0,0.0,3,4,0,3,0,0,1,1,1,1,0,0,9,1,1,19,3,8,0,1,0,2,1,0,5,2,5,3,9
2023.0,370.0,0.0,0.0,3,6,0,0,0,0,1,9,0,1,1,1,9,1,1,21,3,8,0,0,0,2,1,0,6,8,5,8,3
2023.0,925.0,1.0,0.0,3,6,3,0,0,0,1,9,0,1,1,1,9,1,1,21,3,8,0,0,0,2,1,0,6,7,5,6,3
2023.0,0.0,0.0,0.0,3,6,0,1,0,0,0,9,1,1,0,1,9,1,1,23,3,8,0,0,0,1,2,0,4,5,7,3,3
2023.0,320.0,0.0,0.0,3,6,3,1,0,0,0,2,1,1,0,1,2,1,1,7,4,8,0,1,0,1,2,0,10,7,5,8,3
2023.0,178.0,0.0,0.0,3,10,3,1,0,0,0,9,1,1,0,1,9,1,1,8,4,8,0,1,0,2,2,0,10,9,5,8,2
2023.0,0.0,0.0,0.0,3,2,3,1,0,0,1,1,1,1,0,1,2,1,1,10,4,8,0,0,0,1,0,0,4,2,5,3,3
2023.0,-400.0,0.0,0.0,3,2,5,4,0,0,0,2,1,1,0,0,2,1,1,12,4,8,0,0,0,1,1,0,6,2,5,3,9
2023.0,0.0,3.0,0.0,2,4,3,0,0,0,0,9,1,1,0,1,1,1,1,13,4,8,0,0,0,1,1,0,4,2,5,3,9
2023.0,-434.0,0.0,0.0,3,4,3,0,0,0,1,5,1,1,0,0,2,1,1,14,4,8,0,0,0,1,1,0,0,2,5,3,9
2023.0,0.0,2.0,0.0,2,4,3,1,0,0,0,9,1,1,0,1,1,1,1,15,4,8,0,0,0,0,1,0,5,2,5,3,9
2023.0,75.0,0.0,0.0,3,6,3,1,0,0,1,9,1,1,0,1,9,1,1,15,4,8,0,0,0,1,1,0,10,5,5,3,3
2023.0,-250.0,0.0,0.0,3,10,3,0,0,0,0,1,1,1,0,0,1,1,1,16,4,8,0,1,0,0,0,0,6,1,5,3,2
2023.0,325.0,0.0,0.0,3,6,3,0,0,0,1,5,1,1,0,0,5,1,1,16,4,8,0,1,0,1,2,0,10,8,5,8,3
2023.0,-50.0,0.0,0.0,3,6,3,0,0,0,2,2,1,1,0,1,2,1,1,17,4,8,0,1,0,3,0,0,10,8,5,8,3
2023.0,-93.0,0.0,0.0,3,6,3,1,0,0,0,1,1,1,0,1,1,1,1,17,4,8,0,1,0,1,1,0,10,8,5,8,3
2023.0,-120.0,0.0,0.0,3,6,0,0,0,0,0,1,1,1,0,1,1,1,1,19,4,8,0,1,0,1,1,0,10,7,5,8,3
2023.0,182.0,0.0,0.0,3,2,0,1,0,0,1,9,1,1,0,0,9,1,1,19,4,8,0,1,0,2,2,0,6,9,5,3,2
2023.0,0.0,0.0,0.0,3,2,0,0,0,0,0,1,1,1,0,1,1,1,1,20,4,8,0,0,0,2,1,0,3,7,5,9,9
2023.0,1250.0,0.0,0.0,3,4,0,0,0,0,0,2,1,1,0,1,1,1,1,20,4,8,0,0,0,1,1,0,5,2,5,3,9
2023.0,130.0,1.0,0.0,2,2,0,0,0,0,0,9,1,1,0,1,5,0,1,23,4,8,0,0,0,2,2,0,0,2,5,3,9
2023.0,-315.0,2.0,0.0,2,10,3,0,0,0,0,9,1,1,0,0,9,1,1,8,5,8,1,1,0,1,1,0,0,4,5,3,9
2023.0,0.0,1.0,0.0,3,2,3,1,0,0,1,5,1,1,0,1,9,1,1,12,5,8,1,0,0,2,0,0,5,2,5,3,9
2023.0,110.0,1.0,0.0,3,6,3,0,0,0,1,5,1,1,0,0,5,1,1,13,5,8,1,0,0,2,1,0,10,7,5,3,8
2023.0,0.0,0.0,0.0,3,2,3,0,0,0,0,5,1,1,0,0,2,1,1,14,5,8,1,0,0,2,2,0,5,5,5,3,8
2023.0,70.0,0.0,0.0,3,6,3,0,0,0,0,5,1,1,0,0,5,1,1,14,5,8,1,0,0,1,2,0,10,8,5,8,3
2023.0,107.0,1.0,0.0,3,10,3,1,0,0,1,5,1,1,0,1,5,1,1,14,5,8,1,0,0,1,2,0,10,9,5,3,2
2023.0,0.0,1.0,0.0,2,5,3,0,0,0,1,5,1,1,2,1,2,1,1,17,5,8,1,1,0,3,2,0,4,2,5,7,9
2023.0,-15.0,0.0,0.0,3,11,0,0,0,0,1,2,0,1,0,1,5,1,1,2,6,8,1,0,0,1,1,0,10,2,5,3,9
2023.0,0.0,2.0,0.0,3,4,3,1,0,0,1,1,1,1,0,0,9,1,1,12,6,8,1,0,0,1,0,0,5,5,5,3,9
2023.0,266.0,2.0,0.0,2,6,3,0,0,0,1,5,1,1,0,1,5,1,1,12,6,8,1,0,0,2,2,0,6,9,5,8,2
2023.0,532.0,2.0,0.0,3,2,3,1,0,0,1,5,1,1,0,1,9,1,1,14,6,8,1,0,0,2,1,0,0,2,5,3,9
2023.0,66.0,1.0,0.0,3,6,3,1,0,0,1,9,1,1,0,0,9,1,1,15,6,8,1,0,0,1,1,0,10,8,5,8,3
2023.0,35.0,2.0,0.0,3,6,3,0,0,0,0,5,1,1,0,0,5,1,1,16,6,8,1,1,0,1,2,0,10,8,5,8,3
2023.0,0.0,2.0,0.0,2,4,3,1,0,0,1,1,1,1,0,1,4,1,1,18,6,8,1,1,0,1,1,0,5,5,5,9,3
2023.0,250.0,1.0,0.0,3,3,0,0,0,3,0,2,1,1,0,0,1,1,1,21,6,8,1,0,0,2,1,0,6,5,5,3,7
2023.0,0.0,0.0,0.0,3,4,0,3,4,0,0,9,1,1,0,1,5,1,1,4,0,8,0,0,1,1,0,0,5,2,5,9,3
2023.0,0.0,0.0,0.0,3,4,0,4,0,0,0,2,1,1,0,1,1,1,1,4,0,8,0,0,0,2,1,0,4,5,5,9,9
2023.0,-290.0,0.0,0.0,3,6,3,1,4,0,1,2,1,1,0,0,2,1,1,5,0,8,0,0,1,2,1,0,6,8,5,8,3
2023.0,0.0,1.0,0.0,3,2,3,3,4,0,1,5,1,1,0,0,9,1,1,7,0,8,0,1,1,2,2,0,5,2,5,3,9
2023.0,205.0,0.0,0.0,3,2,3,1,0,0,1,9,1,1,0,0,2,1,1,8,0,8,0,1,0,2,1,0,0,2,5,3,9
2023.0,-230.0,0.0,0.0,3,2,3,3,4,0,2,9,1,1,0,0,2,1,1,8,0,8,0,1,1,3,1,0,10,4,5,8,9
2023.0,0.0,0.0,0.0,3,4,3,1,0,0,1,9,1,1,0,1,1,1,1,11,0,8,0,0,0,2,1,0,5,4,5,3,9
2023.0,0.0,0.0,0.0,3,2,3,1,4,0,0,2,1,1,0,1,1,1,1,12,0,8,0,0,1,1,0,0,4,5,5,3,9
2023.0,-50.0,1.0,0.0,3,6,3,0,0,0,1,2,1,1,0,0,2,1,1,13,0,8,0,0,0,2,2,0,10,8,5,8,3
2023.0,-60.0,0.0,0.0,3,6,3,1,0,0,1,1,1,1,0,1,1,1,1,14,0,8,0,0,0,1,2,0,10,8,5,8,3
2023.0,-236.0,0.0,0.0,3,2,3,1,0,0,1,5,1,1,0,1,1,1,1,14,0,8,0,0,0,1,0,0,0,7,5,9,3
2023.0,-100.0,1.0,0.0,3,6,3,0,0,0,1,1,1,1,0,0,1,1,1,15,0,8,0,0,0,2,1,0,10,7,5,8,3
2023.0,425.0,0.0,0.0,3,6,3,1,0,0,0,9,1,1,0,0,9,1,1,17,0,8,0,1,0,0,1,0,0,7,5,9,9
2023.0,600.0,0.0,0.0,3,2,3,0,0,0,0,5,1,1,0,1,9,1,1,7,1,8,0,1,0,2,2,0,0,2,5,3,9
2023.0,-190.0,0.0,0.0,3,10,3,0,0,0,1,9,1,1,0,0,9,1,1,7,1,8,0,1,0,0,0,0,6,9,5,3,2
2023.0,0.0,0.0,0.0,3,2,3,0,0,0,0,1,1,1,0,1,5,1,1,8,1,8,0,1,0,1,1,0,5,2,5,3,3
2023.0,0.0,0.0,0.0,3,10,3,0,0,0,0,6,1,1,0,1,6,1,1,9,1,8,0,1,0,1,0,0,5,9,9,9,9
2023.0,0.0,2.0,0.0,2,4,3,0,0,0,1,9,1,1,0,1,1,1,1,9,1,8,0,1,0,0,1,0,4,2,5,3,9
2023.0,-225.0,0.0,0.0,3,2,3,0,0,0,1,9,1,1,0,0,2,1,1,9,1,8,0,1,0,1,1,0,6,2,5,3,9
2023.0,0.0,0.0,0.0,3,2,3,0,0,0,1,5,1,1,0,1,1,1,1,11,1,8,0,0,0,1,1,0,4,2,5,3,3
2023.0,0.0,0.0,0.0,3,4,3,0,0,0,0,2,1,1,0,1,1,1,1,14,1,8,0,0,0,1,0,0,5,4,5,3,9
2023.0,200.0,0.0,0.0,3,6,3,0,0,0,1,9,1,1,0,1,9,1,1,17,1,8,0,1,0,1,0,0,6,7,5,3,3
2023.0,60.0,0.0,0.0,3,6,0,0,0,0,0,5,1,1,0,0,5,1,1,21,1,8,0,0,0,1,2,0,10,7,5,3,3
2023.0,50.0,0.0,0.0,3,2,3,0,3,0,1,9,1,1,0,1,2,1,1,8,2,8,0,1,0,2,1,0,10,2,5,3,9
2023.0,-550.0,0.0,0.0,3,9,3,0,3,0,0,9,1,1,0,1,1,1,1,9,2,8,0,1,0,1,1,0,6,5,5,3,3
2023.0,-150.0,0.0,0.0,3,10,3,0,0,0,1,2,1,1,0,0,2,1,1,10,2,8,0,0,0,1,1,0,10,5,5,5,5
2023.0,250.0,0.0,0.0,3,10,3,0,0,0,1,9,1,1,0,0,5,1,1,11,2,8,0,0,0,0,2,0,0,4,5,3,9
2023.0,-90.0,1.0,0.0,2,10,3,0,0,0,1,2,1,1,0,0,2,1,1,11,2,8,0,0,0,0,1,0,10,9,5,3,2
2023.0,95.0,1.0,0.0,3,6,3,0,0,0,0,9,1,1,0,0,9,1,1,12,2,8,0,0,0,0,1,0,10,8,5,8,3
2023.0,50.0,0.0,0.0,3,6,3,0,0,0,2,9,1,1,0,0,9,1,1,12,2,8,0,0,0,3,1,0,10,7,5,8,8
2023.0,0.0,0.0,0.0,3,4,3,0,0,0,1,5,1,1,0,1,2,1,1,12,2,8,0,0,0,1,2,0,5,5,5,3,9
2023.0,0.0,0.0,0.0,3,3,3,0,0,0,1,1,1,1,0,1,1,1,1,12,2,8,0,0,0,1,1,0,5,5,5,9,3
2023.0,0.0,1.0,0.0,2,2,3,0,0,0,0,5,1,1,0,1,9,1,1,14,2,8,0,0,0,2,1,0,5,2,5,3,9
2023.0,0.0,0.0,0.0,3,2,3,0,0,0,2,1,1,1,0,1,5,1,1,14,2,8,0,0,0,3,1,0,5,2,5,3,5
2023.0,0.0,2.0,0.0,3,4,3,1,0,0,1,9,1,1,0,0,1,1,1,15,2,8,0,0,0,2,2,0,4,2,5,3,9
2023.0,-102.0,1.0,0.0,3,6,3,0,0,0,1,1,1,1,0,1,1,1,1,15,2,8,0,0,0,1,0,0,10,8,5,8,3
2023.0,0.0,0.0,0.0,3,4,3,1,0,0,0,5,1,1,0,1,9,1,1,16,2,8,0,1,0,1,2,0,5,2,5,3,9
2023.0,-76.0,2.0,0.0,3,6,3,0,0,0,1,5,1,1,0,0,5,1,1,17,2,8,0,1,0,1,1,0,6,7,5,8,3
2023.0,80.0,0.0,0.0,3,2,3,1,0,0,1,9,1,1,0,1,9,1,1,18,2,8,0,1,0,1,1,0,10,5,5,5,5
2023.0,0.0,0.0,0.0,3,2,4,0,0,0,1,2,1,1,0,0,1,1,1,18,2,8,0,1,0,1,1,0,4,2,5,3,3
2023.0,0.0,0.0,0.0,3,9,0,0,0,0,1,5,1,1,0,1,2,1,1,21,2,8,0,0,0,1,1,0,4,9,5,8,3
2023.0,0.0,0.0,0.0,3,9,0,0,0,0,1,9,1,1,0,0,1,1,1,5,3,8,0,0,0,0,2,0,4,5,5,3,9
2023.0,375.0,1.0,0.0,3,2,3,0,0,0,1,5,1,1,2,1,5,1,1,7,3,8,0,1,0,0,0,0,6,2,5,3,9
2023.0,540.0,0.0,0.0,3,2,3,0,0,0,1,5,1,1,0,1,9,1,1,9,3,8,0,1,0,1,2,0,0,2,5,3,9
2023.0,-25.0,1.0,0.0,3,6,3,0,0,0,2,9,1,1,0,1,9,1,1,9,3,8,0,1,0,3,2,0,10,8,5,8,3
2023.0,100.0,0.0,0.0,3,2,3,0,0,0,1,9,1,1,1,1,2,1,1,10,3,8,0,0,0,1,0,0,6,5,5,6,3
2023.0,-10.0,1.0,0.0,3,5,3,0,0,0,2,6,1,1,2,1,1,1,1,11,3,8,0,0,0,3,1,0,10,2,5,3,3
2023.0,325.0,0.0,0.0,3,2,3,0,0,0,1,2,1,1,0,0,9,1,1,14,3,8,0,0,0,1,2,0,0,2,5,3,9
2023.0,-15.0,1.0,0.0,2,5,3,0,0,0,1,2,1,1,2,0,1,1,1,14,3,8,0,0,0,3,2,0,10,2,5,3,9
2023.0,375.0,1.0,0.0,2,2,3,0,0,0,1,1,1,1,0,1,5,1,1,15,3,8,0,0,0,2,1,0,0,2,5,3,9
2023.0,540.0,1.0,0.0,3,10,3,0,0,0,0,1,1,1,0,0,1,1,1,15,3,8,0,0,0,2,1,0,6,9,9,2,2
2023.0,80.0,0.0,0.0,3,6,3,0,0,0,1,5,1,1,0,1,5,1,1,15,3,8,0,0,0,2,1,0,10,8,5,8,3
2023.0,0.0,0.0,0.0,3,6,3,0,0,0,1,2,1,1,0,1,2,1,1,15,3,8,0,0,0,1,2,0,5,7,5,8,3
2023.0,0.0,2.0,0.0,3,2,3,0,0,0,1,5,1,1,0,0,9,1,1,16,3,8,0,1,0,0,1,0,4,5,5,3,3
2023.0,-35.0,1.0,0.0,2,4,3,0,0,0,0,9,1,1,2,1,1,1,1,17,3,8,0,1,0,2,1,0,10,2,5,7,9
2023.0,50.0,0.0,0.0,3,6,3,0,0,0,2,5,1,1,0,0,5,1,1,17,3,8,0,1,0,3,2,0,10,5,5,8,5
2023.0,79.0,0.0,0.0,3,6,3,0,0,0,0,9,1,1,0,0,9,1,1,18,3,8,0,1,0,2,1,0,10,7,5,9,9
2023.0,0.0,0.0,0.0,3,2,0,0,0,0,1,5,1,1,0,0,9,1,1,21,3,8,0,0,0,1,2,0,5,2,5,3,9
2023.0,15.0,2.0,0.0,2,11,0,0,0,0,1,9,1,1,0,0,2,1,1,0,4,8,0,0,0,1,2,0,5,4,5,3,9
2023.0,0.0,1.0,0.0,3,10,3,0,0,0,0,3,1,1,0,1,1,1,1,6,4,8,0,0,0,2,2,0,5,4,5,3,9
2023.0,520.0,2.0,0.0,2,4,3,0,0,0,1,1,1,1,0,0,9,1,1,7,4,8,0,1,0,1,1,0,0,2,5,3,9
2023.0,0.0,0.0,0.0,3,10,3,0,0,0,1,1,1,1,0,1,1,1,1,7,4,8,0,1,0,0,1,0,3,5,5,9,9
2023.0,500.0,0.0,0.0,3,2,3,0,0,0,0,5,1,1,0,0,9,1,1,9,4,8,0,1,0,2,2,0,0,2,5,3,9
2023.0,0.0,0.0,0.0,3,4,3,0,0,0,1,5,1,1,0,1,2,1,1,10,4,8,0,0,0,2,1,0,4,4,5,3,9
2023.0,0.0,0.0,0.0,3,10,3,0,0,0,0,9,1,1,0,0,9,1,1,11,4,8,0,0,0,1,1,0,4,5,5,9,9
2023.0,0.0,0.0,0.0,3,6,0,0,0,0,1,1,1,1,0,1,1,1,1,11,4,8,0,0,0,2,2,0,4,8,5,9,9
2023.0,0.0,0.0,0.0,3,2,3,0,0,0,2,9,1,1,0,1,5,1,1,12,4,8,0,0,0,3,1,0,4,5,5,3,5
2023.0,110.0,0.0,0.0,3,10,3,0,0,0,2,9,1,1,0,0,9,1,1,14,4,8,0,0,0,3,1,0,10,9,5,3,3
2023.0,-50.0,0.0,0.0,3,2,3,0,0,0,0,7,1,1,0,1,9,1,1,14,4,8,0,0,0,2,2,0,10,2,5,3,9
2023.0,10.0,0.0,0.0,3,6,3,0,0,0,1,9,1,1,0,0,9,1,1,15,4,8,0,0,0,2,1,0,10,8,5,8,3
2023.0,-600.0,0.0,0.0,3,6,3,0,0,0,1,9,1,1,0,0,9,1,1,16,4,8,0,1,0,2,2,0,6,8,5,8,3
2023.0,293.0,0.0,0.0,3,6,3,0,0,0,1,9,1,1,0,0,9,1,1,18,4,8,0,1,0,3,1,0,6,7,5,8,3
2023.0,-10.0,1.0,0.0,1,5,3,0,0,0,1,4,1,1,3,1,6,1,1,18,4,8,0,1,0,2,1,0,10,5,5,7,9
2023.0,0.0,1.0,0.0,3,4,0,0,0,0,1,9,1,1,0,1,1,1,1,19,4,8,0,1,0,1,1,0,4,2,5,9,3
2023.0,0.0,0.0,0.0,3,10,3,0,0,0,1,5,1,1,0,1,5,1,1,22,4,8,0,0,0,1,1,0,5,7,5,9,9
2023.0,500.0,1.0,0.0,3,4,0,0,0,0,0,1,1,1,0,0,9,1,1,1,5,8,1,0,0,2,1,0,6,2,5,3,9
2023.0,0.0,0.0,0.0,3,4,0,0,0,0,1,6,1,1,0,0,2,1,1,2,5,8,1,0,0,1,1,0,5,2,5,3,9
2023.0,0.0,0.0,0.0,3,2,3,0,0,0,0,1,1,1,0,0,2,1,1,8,5,8,1,1,0,2,1,0,5,2,5,3,9
2023.0,0.0,0.0,0.0,3,2,3,0,0,0,0,1,1,1,0,0,2,1,1,15,5,8,1,0,0,0,1,0,4,2,5,9,3
2023.0,0.0,0.0,0.0,3,2,3,0,0,0,1,5,1,0,0,0,9,1,1,16,5,8,1,1,0,2,2,0,5,4,5,3,9
2023.0,0.0,2.0,0.0,2,2,3,0,0,0,0,1,1,1,0,0,2,1,1,17,5,8,1,1,0,2,1,0,4,2,5,3,3
2023.0,0.0,0.0,0.0,3,10,3,0,0,0,1,9,1,1,0,0,9,1,1,17,5,8,1,1,0,0,1,0,3,5,5,3,3
2023.0,-95.0,1.0,0.0,3,9,3,0,0,0,1,1,1,1,0,0,2,1,1,17,5,8,1,1,0,1,1,0,10,7,5,3,9
2023.0,38.0,0.0,0.0,3,10,4,0,0,0,1,7,1,1,0,0,7,1,1,18,5,8,1,1,0,1,1,0,10,2,5,8,9
2023.0,-100.0,1.0,0.0,3,6,2,0,0,0,1,2,1,1,0,0,2,1,1,18,5,8,1,1,0,1,1,0,10,7,5,8,3
2023.0,0.0,0.0,0.0,3,2,0,0,0,0,1,9,1,1,0,1,2,1,1,19,5,8,1,1,0,1,1,0,4,2,5,3,3
2023.0,-65.0,0.0,0.0,3,6,3,1,0,0,2,1,1,1,0,0,1,1,1,19,5,8,1,1,0,3,0,0,10,7,5,3,3
2023.0,575.0,1.0,0.0,2,6,0,0,0,0,1,2,1,1,0,1,2,1,1,20,5,8,1,0,0,2,0,0,6,8,5,8,3
2023.0,75.0,0.0,0.0,3,6,0,0,0,0,1,9,1,1,0,1,9,1,1,0,6,8,1,0,0,3,1,0,10,8,5,8,3
2023.0,-150.0,1.0,0.0,2,2,3,0,0,0,0,6,1,1,0,1,4,1,1,15,6,8,1,0,0,2,1,0,0,2,5,3,9
2023.0,100.0,0.0,0.0,3,6,3,0,0,0,2,9,1,1,0,1,9,1,1,8,0,8,0,1,0,3,1,0,10,7,5,8,3
2023.0,0.0,0.0,0.0,3,2,3,0,0,0,1,5,1,1,0,0,1,1,1,11,0,8,0,0,0,2,1,0,5,5,5,5,5
2023.0,-430.0,0.0,0.0,3,6,3,0,0,0,0,5,1,1,0,0,5,1,1,12,0,8,0,0,0,1,2,0,10,7,5,8,3
2023.0,-25.0,0.0,0.0,3,6,3,0,0,0,2,1,1,1,0,0,1,1,1,15,0,8,0,0,0,3,1,0,10,7,5,8,3
2023.0,0.0,0.0,0.0,3,4,3,0,0,0,1,9,1,1,0,1,2,1,1,16,0,8,0,1,0,0,2,0,4,2,5,3,9
2023.0,-77.0,1.0,0.0,3,6,3,0,0,0,0,5,1,1,0,1,5,1,1,16,0,8,0,1,0,1,2,0,10,8,5,8,3
2023.0,200.0,0.0,0.0,3,2,3,0,0,0,1,2,1,1,0,0,1,1,1,16,0,8,0,1,0,1,1,0,0,2,5,3,9