Year,Distance,Totalinjuries,Totalfatalities,Injuryseverity,Collisionmanner,Lightcondition,Weather,SurfaceCondition,Unittype_One,Gender_Drv1,Traveldirection_One,AlcoholUse_Drv1,DrugUse_Drv1,Unittype_Two,Gender_Drv2,Traveldirection_Two,AlcoholUse_Drv2,DrugUse_Drv2,Hour,Weekday,Month,Weekend,Rush_Hour,Hazardous_Road,Age_Group_Drv1,Age_Group_Drv2,Substance_Use,Junction_Category,Violation_Category_Drv1,Violation_Category_Drv2,Unitaction_Category_Two,Unitaction_Category_One
2023.0,0.0,3.0,0.0,2,3,0,0,0,0,0,5,1,1,0,0,2,1,1,20,0,8,0,0,0,2,2,0,4,2,5,3,9
2023.0,500.0,1.0,0.0,2,6,0,0,0,0,1,1,1,1,0,0,1,1,1,20,0,8,0,0,0,1,1,0,0,2,5,3,9
2023.0,260.0,0.0,0.0,3,9,3,0,0,0,2,1,1,1,0,0,9,1,1,7,1,8,0,1,0,3,1,0,6,7,5,9,5
2023.0,205.0,1.0,0.0,1,5,3,0,0,2,1,1,1,1,0,1,5,1,1,7,1,8,0,1,0,0,1,0,6,2,5,3,7
2023.0,20.0,0.0,0.0,3,9,3,0,0,0,0,1,1,1,0,1,9,1,1,8,1,8,0,1,0,1,0,0,5,2,5,3,9
2023.0,200.0,1.0,0.0,2,2,3,0,0,0,1,5,1,1,0,0,9,1,1,8,1,8,0,1,0,0,2,0,0,2,5,3,9
2023.0,0.0,0.0,0.0,3,4,3,0,0,0,1,9,1,1,0,1,1,1,1,9,1,8,0,1,0,1,0,0,5,5,5,9,3
2023.0,400.0,1.0,0.0,3,6,3,0,0,0,1,5,1,1,0,1,5,1,1,10,1,8,0,0,0,0,2,0,10,8,5,8,3
2023.0,50.0,0.0,0.0,3,6,3,0,0,0,2,5,1,1,0,0,5,1,1,11,1,8,0,0,0,3,1,0,10,7,5,8,3
2023.0,50.0,0.0,0.0,3,10,3,0,0,0,0,2,1,1,0,0,2,1,1,13,1,8,0,0,0,1,0,0,10,5,5,3,3
2023.0,0.0,0.0,0.0,3,2,3,0,0,0,1,1,1,1,0,0,9,1,1,14,1,8,0,0,0,0,2,0,5,4,5,3,9
2023.0,90.0,1.0,0.0,2,4,3,0,0,0,0,1,0,1,0,0,9,1,1,15,1,8,0,0,0,1,2,0,10,9,5,9,9
2023.0,0.0,0.0,0.0,3,6,3,0,0,0,1,5,1,1,0,0,5,1,1,15,1,8,0,0,0,1,0,0,3,7,5,8,3
2023.0,-120.0,1.0,0.0,3,6,3,0,0,0,1,9,1,1,0,0,9,1,1,16,1,8,0,1,0,2,1,0,10,8,5,8,3
2023.0,370.0,1.0,0.0,2,6,3,0,0,0,0,1,1,1,0,0,1,1,1,17,1,8,0,1,0,2,1,0,6,8,5,8,3
2023.0,0.0,0.0,0.0,3,10,3,0,0,0,0,9,1,1,0,1,9,1,1,17,1,8,0,1,0,2,1,0,3,9,5,9,9
2023.0,-50.0,0.0,0.0,3,6,3,0,0,0,0,1,1,1,0,1,1,1,1,18,1,8,0,1,0,1,2,0,10,7,5,8,3
2023.0,0.0,1.0,0.0,2,2,3,0,0,0,1,2,1,1,0,1,1,1,1,5,2,8,0,0,0,1,1,0,10,5,5,3,3
2023.0,-748.0,1.0,0.0,1,5,3,0,0,0,1,1,1,1,2,1,2,1,1,7,2,8,0,1,0,1,1,0,6,2,5,3,2
2023.0,0.0,2.0,0.0,3,2,3,0,0,0,1,5,1,1,0,0,9,1,1,9,2,8,0,1,0,1,1,0,4,2,5,3,3
2023.0,-229.0,0.0,0.0,3,5,3,0,0,0,0,2,1,1,0,1,2,1,1,11,2,8,0,0,0,2,1,0,6,5,5,8,1
2023.0,-90.0,0.0,0.0,3,6,3,0,3,0,0,2,1,1,0,1,2,1,1,12,2,8,0,0,0,3,1,0,10,8,5,8,3
2023.0,75.0,0.0,0.0,3,6,3,0,0,0,1,9,1,1,0,0,9,1,1,14,2,8,0,0,0,1,0,0,10,5,5,8,1
2023.0,-100.0,0.0,0.0,3,6,3,0,0,0,1,5,1,1,0,0,2,1,1,16,2,8,0,1,0,1,2,0,10,5,5,8,1
2023.0,94.0,0.0,0.0,3,6,3,0,0,0,0,5,1,1,0,1,5,1,1,16,2,8,0,1,0,2,2,0,10,7,5,8,3
2023.0,175.0,1.0,0.0,2,6,3,0,0,0,0,9,1,1,0,0,9,1,1,16,2,8,0,1,0,2,2,0,10,8,5,8,3
2023.0,25.0,0.0,0.0,3,2,3,0,0,0,0,9,1,1,0,1,9,1,1,16,2,8,0,1,0,1,2,0,6,9,5,3,3
2023.0,0.0,0.0,0.0,3,4,4,0,0,0,0,2,1,1,0,1,5,1,1,18,2,8,0,1,0,1,1,0,4,2,5,3,9
2023.0,-100.0,0.0,0.0,3,10,3,0,0,0,1,1,1,1,0,0,1,1,1,18,2,8,0,1,0,1,1,0,10,9,5,8,3
2023.0,35.0,1.0,0.0,3,5,0,0,0,0,1,9,1,1,3,0,5,1,1,19,2,8,0,1,0,3,1,0,10,2,5,7,9
2023.0,533.0,0.0,0.0,3,10,0,0,0,0,1,1,1,1,0,0,1,1,1,19,2,8,0,1,0,2,2,0,6,9,5,3,0
2023.0,-10.0,0.0,0.0,3,6,0,0,0,0,2,1,1,1,0,0,1,1,1,20,2,8,0,0,0,3,1,0,10,8,5,8,3
2023.0,0.0,1.0,0.0,3,4,5,4,0,0,0,2,1,1,0,1,1,1,1,20,2,8,0,0,0,2,1,0,4,5,5,3,9
2023.0,-30.0,0.0,0.0,3,6,3,0,0,0,1,1,1,1,0,0,1,1,1,7,3,8,0,1,0,2,1,0,10,8,5,3,3
2023.0,-80.0,0.0,0.0,3,6,3,0,0,0,0,9,1,1,0,1,9,1,1,8,3,8,0,1,0,1,2,0,6,7,5,8,3
2023.0,400.0,1.0,0.0,3,6,3,0,0,0,1,2,1,1,0,1,2,1,1,8,3,8,0,1,0,2,1,0,6,8,5,8,3
2023.0,990.0,1.0,0.0,2,6,3,0,0,0,1,5,1,1,0,1,5,1,1,9,3,8,0,1,0,1,1,0,6,8,5,3,3
2023.0,-20.0,1.0,0.0,2,2,3,0,0,0,0,0,1,1,0,1,0,1,1,13,3,8,0,0,0,0,2,0,10,2,5,3,9
2023.0,0.0,0.0,0.0,3,2,3,0,0,0,0,9,1,1,0,1,5,1,1,13,3,8,0,0,0,2,1,0,4,2,5,3,3
2023.0,-200.0,1.0,0.0,2,11,3,0,0,3,1,5,1,1,0,1,5,1,1,14,3,8,0,0,0,2,1,0,6,5,5,5,5
2023.0,180.0,0.0,0.0,3,2,3,0,0,0,0,5,1,1,1,1,1,1,1,14,3,8,0,0,0,2,1,0,6,5,5,6,1
2023.0,447.0,0.0,0.0,3,10,3,0,0,0,1,5,1,1,0,1,5,1,1,15,3,8,0,0,0,0,1,0,6,9,5,3,2
2023.0,0.0,1.0,0.0,2,4,3,0,0,0,0,5,1,1,0,0,9,1,1,15,3,8,0,0,0,1,2,0,4,2,5,3,9
2023.0,-90.0,0.0,0.0,3,6,3,0,0,0,0,2,1,1,0,0,2,1,1,15,3,8,0,0,0,2,1,0,10,8,5,8,3
2023.0,225.0,0.0,0.0,3,2,2,0,0,0,1,5,1,1,0,0,9,1,1,16,3,8,0,1,0,1,1,0,0,2,5,3,9
2023.0,228.0,2.0,0.0,2,4,3,0,0,0,0,1,1,1,0,0,5,1,1,18,3,8,0,1,0,1,2,0,0,2,5,3,9
2023.0,280.0,0.0,0.0,3,10,1,1,0,0,1,1,1,1,1,1,1,1,1,19,3,8,0,1,0,1,1,0,6,7,5,6,3
2023.0,-125.0,0.0,0.0,3,3,0,1,0,0,0,9,1,1,0,1,1,1,1,19,3,8,0,1,0,1,2,0,6,9,5,3,8
2023.0,415.0,1.0,0.0,2,6,4,0,0,0,1,5,1,1,0,1,5,1,1,19,3,8,0,1,0,1,0,0,10,8,5,8,3
2023.0,-500.0,1.0,0.0,2,5,0,3,0,0,1,1,1,1,3,1,2,1,1,21,3,8,0,0,0,1,0,0,6,2,5,7,9
2023.0,500.0,0.0,0.0,3,6,0,3,0,0,0,9,1,1,0,0,9,1,1,21,3,8,0,0,0,1,2,0,6,8,5,8,3
2023.0,55.0,0.0,0.0,3,6,0,3,4,0,1,9,1,1,0,0,9,1,1,21,3,8,0,0,1,2,1,0,10,7,5,3,3
2023.0,-75.0,0.0,0.0,3,6,3,0,0,0,0,2,1,1,0,0,2,1,1,9,4,9,0,1,0,1,1,0,10,8,5,8,3
2023.0,0.0,0.0,0.0,3,2,3,3,4,0,1,1,1,1,0,0,5,1,1,10,4,9,0,0,1,1,0,0,4,2,5,3,3
2023.0,5.0,1.0,0.0,2,5,3,4,3,0,0,9,1,1,2,0,2,1,1,12,4,9,0,0,0,2,2,0,10,5,5,7,9
2023.0,0.0,2.0,0.0,3,2,3,0,0,0,0,9,1,1,0,0,2,1,1,13,4,9,0,0,0,1,1,0,4,2,5,3,3
2023.0,75.0,0.0,0.0,3,6,3,1,0,0,1,5,1,1,0,0,5,1,1,14,4,9,0,0,0,1,2,0,10,8,5,8,3
2023.0,0.0,0.0,0.0,3,10,3,0,0,0,0,2,1,1,0,1,2,1,1,18,4,9,0,1,0,1,1,0,6,9,5,3,2
2023.0,0.0,1.0,0.0,3,4,4,0,0,0,1,9,1,1,0,0,1,1,1,18,4,9,0,1,0,1,1,0,4,2,5,3,9
2023.0,-50.0,1.0,0.0,3,6,0,0,0,0,1,2,1,1,0,0,2,1,1,19,4,9,0,1,0,2,1,0,10,7,5,8,3
2023.0,-314.0,0.0,0.0,3,5,3,0,0,0,1,5,1,1,0,0,2,1,1,14,5,9,1,0,0,1,0,0,6,5,5,3,3
2023.0,100.0,0.0,0.0,3,6,3,0,3,0,1,8,1,1,0,1,9,1,1,14,5,9,1,0,0,3,1,0,10,7,5,9,5
2023.0,30.0,0.0,0.0,3,10,0,0,0,0,2,1,1,1,0,0,1,1,1,23,5,9,1,0,0,3,2,0,10,9,5,3,2
2023.0,0.0,0.0,0.0,3,4,0,0,0,0,1,9,1,1,0,0,1,1,1,4,6,9,1,0,0,1,2,0,4,2,5,9,3
2023.0,-55.0,1.0,0.0,3,6,3,0,0,0,2,2,1,1,0,1,2,1,1,7,6,9,1,1,0,3,1,0,10,8,5,8,3
2023.0,0.0,0.0,0.0,3,2,3,0,0,0,0,9,1,1,0,1,2,1,1,9,6,9,1,1,0,2,0,0,4,2,5,3,3
2023.0,500.0,1.0,0.0,2,10,3,0,0,0,0,1,1,1,0,1,1,1,1,9,6,9,1,1,0,2,1,0,0,5,5,2,5
2023.0,-50.0,0.0,0.0,3,2,3,0,0,0,1,2,1,1,0,1,2,1,1,11,6,9,1,0,0,1,1,0,10,9,9,3,3
2023.0,-1000.0,0.0,0.0,3,10,3,0,0,0,0,1,1,1,0,1,5,1,1,11,6,9,1,0,0,1,2,0,0,2,5,3,9
2023.0,100.0,1.0,0.0,3,5,3,0,0,0,0,9,1,1,2,1,2,1,1,15,6,9,1,0,0,1,0,0,6,9,5,3,9
2023.0,-410.0,0.0,0.0,3,6,3,0,0,0,0,2,1,1,0,1,2,1,1,18,6,9,1,1,0,1,1,0,6,8,5,8,3
2023.0,50.0,0.0,0.0,3,6,0,0,0,0,2,5,1,1,0,0,5,1,1,23,6,9,1,0,0,3,2,0,10,5,5,8,3
2023.0,0.0,0.0,0.0,3,2,3,0,0,0,1,5,1,1,0,0,5,1,1,13,0,9,0,0,0,1,1,0,4,9,5,9,3
2023.0,0.0,3.0,0.0,2,2,3,0,0,0,0,2,1,1,0,1,9,1,1,13,0,9,0,0,0,2,2,0,4,2,5,3,3
2023.0,400.0,0.0,0.0,3,10,3,0,0,0,1,2,1,1,0,0,2,1,1,14,0,9,0,0,0,0,1,0,10,5,5,3,5
2023.0,-35.0,1.0,0.0,2,2,3,0,0,0,2,5,1,1,0,1,1,1,1,15,0,9,0,0,0,3,1,0,10,7,5,8,5
2023.0,0.0,2.0,0.0,2,2,3,0,0,0,0,5,1,1,0,0,9,1,1,16,0,9,0,1,0,2,1,0,4,2,5,3,3
2023.0,0.0,0.0,0.0,3,4,3,0,0,0,0,3,1,1,0,0,2,1,1,16,0,9,0,1,0,1,1,0,5,2,5,9,3
2023.0,300.0,1.0,0.0,3,6,0,0,0,0,0,9,1,1,0,0,9,1,1,22,0,9,0,0,0,2,1,0,6,8,5,8,3
2023.0,-700.0,0.0,0.0,3,6,0,0,0,0,1,1,1,1,1,1,1,1,1,2,1,9,0,0,0,0,0,0,6,7,5,6,3
2023.0,0.0,0.0,0.0,3,10,3,0,0,0,2,2,1,1,0,0,2,1,1,8,1,9,0,1,0,3,1,0,5,5,5,9,3
2023.0,1229.0,0.0,0.0,3,10,3,0,0,0,1,9,1,1,0,1,9,1,1,8,1,9,0,1,0,1,1,0,6,5,5,3,9
2023.0,0.0,2.0,0.0,3,10,3,0,0,0,0,2,1,1,0,1,2,1,1,9,1,9,0,1,0,1,1,0,6,9,5,9,9
2023.0,0.0,0.0,0.0,3,2,3,0,0,0,0,9,1,1,0,1,2,1,1,10,1,9,0,0,0,2,1,0,5,2,5,3,9
2023.0,0.0,0.0,0.0,3,2,3,0,0,0,1,1,1,1,0,0,5,1,1,12,1,9,0,0,0,1,1,0,4,5,5,9,3
2023.0,85.0,0.0,0.0,3,6,3,0,0,0,0,5,1,1,0,1,5,1,1,13,1,9,0,0,0,1,1,0,10,7,5,8,3
2023.0,276.0,0.0,0.0,3,4,3,0,0,0,1,9,1,1,0,1,2,1,1,13,1,9,0,0,0,1,1,0,0,2,5,3,9
2023.0,75.0,1.0,0.0,3,6,3,0,0,0,0,9,1,1,0,0,9,1,1,16,1,9,0,1,0,1,2,0,10,7,5,8,3
2023.0,-300.0,0.0,0.0,3,10,0,0,0,0,1,2,1,1,0,0,2,1,1,19,1,9,0,1,0,1,1,0,6,9,5,3,2
2023.0,500.0,0.0,0.0,3,5,0,0,0,0,2,9,1,1,1,1,1,1,1,21,1,9,0,0,0,3,2,0,6,5,5,6,1
2023.0,-225.0,0.0,0.0,3,10,0,0,0,0,2,2,1,1,0,1,2,1,1,0,2,9,0,0,0,3,2,0,6,9,5,3,2
2023.0,0.0,0.0,0.0,3,6,3,0,0,0,1,9,1,1,0,1,9,1,1,5,2,9,0,0,0,2,1,0,3,7,5,8,3
2023.0,50.0,0.0,0.0,3,10,3,0,0,0,0,9,1,1,0,1,2,1,1,7,2,9,0,1,0,2,1,0,0,2,5,3,9
2023.0,260.0,0.0,0.0,3,10,3,0,0,0,1,9,1,1,0,0,9,1,1,7,2,9,0,1,0,1,1,0,0,9,5,3,2
2023.0,0.0,0.0,0.0,3,2,3,0,0,0,0,2,1,1,0,1,2,1,1,8,2,9,0,1,0,2,1,0,4,5,5,3,9
2023.0,0.0,0.0,0.0,3,6,3,0,0,0,0,9,1,1,0,1,9,1,1,9,2,9,0,1,0,1,1,0,10,8,5,8,3
2023.0,-10.0,1.0,0.0,2,10,3,0,0,2,1,5,1,1,0,1,5,1,1,12,2,9,0,0,0,2,2,0,10,2,5,9,3
2023.0,0.0,0.0,0.0,3,11,3,0,0,0,0,2,1,1,0,1,9,1,1,13,2,9,0,0,0,2,2,0,4,2,5,9,9
2023.0,-300.0,0.0,0.0,3,10,3,0,0,0,0,1,1,1,0,1,1,1,1,15,2,9,0,0,0,1,1,0,6,9,9,2,2
2023.0,150.0,0.0,0.0,3,6,3,0,0,0,1,9,1,1,0,0,9,1,1,15,2,9,0,0,0,2,0,0,10,7,5,8,3
2023.0,0.0,0.0,0.0,3,4,3,0,0,0,0,9,1,1,0,1,1,1,1,16,2,9,0,1,0,2,1,0,5,2,5,3,9
2023.0,565.0,1.0,0.0,2,4,3,0,0,0,0,1,1,1,0,1,9,1,1,16,2,9,0,1,0,2,1,0,0,2,5,3,9
2023.0,-625.0,0.0,0.0,3,10,3,0,0,0,0,5,1,1,0,0,5,1,1,17,2,9,0,1,0,1,1,0,0,9,5,3,9
2023.0,-80.0,0.0,0.0,3,6,3,0,0,0,1,1,1,1,0,0,1,1,1,17,2,9,0,1,0,1,1,0,10,7,5,3,3
2023.0,-95.0,0.0,0.0,3,10,0,0,0,0,0,5,1,1,0,1,5,1,1,21,2,9,0,0,0,2,1,0,6,2,5,3,6
2023.0,0.0,2.0,0.0,2,2,3,0,0,0,1,1,1,1,0,0,2,1,1,6,3,9,0,0,0,0,0,0,4,2,5,9,3
2023.0,85.0,1.0,0.0,2,5,3,0,0,3,1,9,1,1,0,1,1,1,1,8,3,9,0,1,0,2,2,0,10,5,4,9,7
2023.0,-230.0,0.0,0.0,3,6,3,0,0,0,1,1,1,1,0,1,9,1,1,11,3,9,0,0,0,1,0,0,0,5,5,8,1
2023.0,0.0,0.0,0.0,3,10,3,0,0,0,2,2,1,1,0,1,2,1,1,12,3,9,0,0,0,3,2,0,4,4,5,9,9
2023.0,138.0,0.0,0.0,3,9,3,0,0,0,1,9,1,1,0,0,1,1,1,13,3,9,0,0,0,1,2,0,6,9,5,3,9
2023.0,0.0,0.0,0.0,3,4,3,0,0,0,0,2,1,1,0,0,5,1,1,15,3,9,0,0,0,1,1,0,5,2,5,3,9
2023.0,0.0,0.0,0.0,3,10,3,0,0,0,0,1,1,1,0,0,1,1,1,16,3,9,0,1,0,1,1,0,3,9,5,3,2
2023.0,-650.0,0.0,0.0,3,6,3,0,0,0,2,1,1,1,0,1,1,1,1,16,3,9,0,1,0,3,2,0,6,8,5,3,3
2023.0,0.0,0.0,0.0,3,2,3,0,0,0,1,2,1,1,0,0,9,1,1,17,3,9,0,1,0,2,1,0,5,7,5,8,9
2023.0,0.0,1.0,0.0,2,2,3,0,0,2,1,9,1,1,0,0,2,1,1,17,3,9,0,1,0,2,1,0,10,5,5,9,3
2023.0,130.0,3.0,0.0,2,6,3,0,0,0,0,1,1,1,0,1,1,1,1,17,3,9,0,1,0,1,1,0,10,8,5,8,3
2023.0,60.0,0.0,0.0,3,6,0,0,0,0,1,5,1,1,0,0,5,1,1,20,3,9,0,0,0,2,1,0,10,7,5,3,3
2023.0,0.0,0.0,0.0,3,2,0,0,0,0,2,5,1,1,0,0,5,1,1,20,3,9,0,0,0,3,2,0,4,9,5,9,9
2023.0,165.0,2.0,0.0,2,2,3,0,0,0,1,2,1,1,0,0,2,1,1,7,4,9,0,1,0,1,0,0,6,4,5,3,9
2023.0,-57.0,1.0,0.0,3,6,3,0,0,0,2,2,1,1,0,0,2,1,1,7,4,9,0,1,0,3,2,0,10,7,5,8,2
2023.0,389.0,0.0,0.0,3,10,3,0,0,0,1,5,1,1,0,1,5,1,1,7,4,9,0,1,0,0,1,0,3,9,5,3,2
2023.0,0.0,0.0,0.0,3,6,3,0,0,0,1,9,1,1,0,0,2,1,1,9,4,9,0,1,0,1,2,0,5,2,5,3,3
2023.0,-150.0,0.0,0.0,3,6,3,0,0,0,0,2,1,1,0,0,2,1,1,9,4,9,0,1,0,1,1,0,4,8,7,3,3
2023.0,-442.0,0.0,0.0,3,2,3,0,0,0,0,2,1,1,0,0,2,1,1,9,4,9,0,1,0,1,2,0,6,9,5,3,9
2023.0,-300.0,0.0,0.0,3,6,3,0,0,0,1,9,1,1,0,0,9,1,1,12,4,9,0,0,0,0,1,0,0,7,5,8,3
2023.0,-94.0,2.0,0.0,3,6,3,0,0,0,1,1,1,1,0,0,1,1,1,14,4,9,0,0,0,2,2,0,10,7,5,8,3
2023.0,220.0,0.0,0.0,3,10,3,0,0,0,0,9,1,1,0,0,9,1,1,14,4,9,0,0,0,1,2,0,6,9,5,3,2
2023.0,13.0,1.0,0.0,2,5,3,0,0,3,1,1,1,1,0,0,5,1,1,15,4,9,0,0,0,1,1,0,10,5,5,9,7
2023.0,-265.0,0.0,0.0,3,6,3,0,0,0,1,5,1,1,0,1,5,1,1,15,4,9,0,0,0,0,1,0,6,7,5,8,3
2023.0,145.0,0.0,0.0,3,6,3,0,0,0,2,1,1,1,0,1,1,1,1,16,4,9,0,1,0,3,2,0,10,8,5,3,2
2023.0,0.0,0.0,0.0,3,6,3,0,0,0,2,2,1,1,0,1,2,1,1,17,4,9,0,1,0,3,1,0,4,5,5,9,9
2023.0,251.0,0.0,0.0,3,5,3,0,0,0,1,5,1,1,0,0,9,1,1,17,4,9,0,1,0,1,0,0,0,2,5,3,9
2023.0,-150.0,1.0,0.0,3,6,0,0,0,0,1,9,1,1,0,1,9,1,1,19,4,9,0,1,0,1,1,0,6,8,5,8,3
2023.0,-30.0,0.0,0.0,3,6,3,0,0,0,2,2,1,1,0,1,2,1,1,19,4,9,0,1,0,3,1,0,0,8,5,9,3
2023.0,0.0,0.0,0.0,3,4,0,0,0,0,2,2,1,1,0,1,5,1,1,20,4,9,0,0,0,3,2,0,4,2,5,3,9
2023.0,0.0,0.0,0.0,3,4,0,0,0,0,0,9,1,1,0,1,1,1,1,21,4,9,0,0,0,2,1,0,4,2,5,3,9
2023.0,-40.0,0.0,0.0,3,6,0,0,0,0,2,1,1,1,0,0,1,1,1,0,5,9,1,0,0,3,2,0,10,7,5,3,3
2023.0,50.0,0.0,0.0,3,6,0,0,0,0,2,9,1,1,0,1,9,1,1,0,5,9,1,0,0,3,1,0,10,8,5,8,3
2023.0,-100.0,0.0,0.0,3,10,3,0,0,0,1,5,0,1,0,1,5,1,1,9,5,9,1,1,0,2,0,0,6,7,5,3,2
2023.0,0.0,0.0,0.0,3,10,3,0,0,0,1,4,1,1,0,1,4,1,1,9,5,9,1,1,0,1,1,0,3,9,5,9,9
2023.0,204.0,0.0,0.0,3,6,3,0,0,0,0,9,1,1,0,0,9,1,1,13,5,9,1,0,0,2,0,0,10,8,5,8,3
2023.0,100.0,2.0,0.0,1,6,3,0,0,0,0,5,0,1,0,1,5,1,1,13,5,9,1,0,0,1,1,0,10,8,5,8,3
2023.0,0.0,2.0,0.0,3,4,3,0,0,0,0,9,1,1,0,0,1,1,1,14,5,9,1,0,0,1,2,0,4,5,5,3,9
2023.0,0.0,0.0,0.0,3,4,3,0,0,0,2,7,1,1,0,0,1,1,1,15,5,9,1,0,0,3,1,0,4,2,5,3,9
2023.0,-648.0,2.0,0.0,3,2,3,0,0,0,1,1,1,1,0,1,6,1,1,16,5,9,1,1,0,1,0,0,0,7,5,9,3
2023.0,0.0,2.0,0.0,1,4,3,0,0,0,0,9,1,1,0,1,1,1,1,17,5,9,1,1,0,1,1,0,4,2,5,9,3
2023.0,0.0,2.0,0.0,3,2,3,0,0,0,0,9,1,1,0,0,2,1,1,18,5,9,1,1,0,2,0,0,5,2,5,3,9
2023.0,-200.0,2.0,0.0,2,6,0,0,0,0,0,9,1,1,0,1,9,1,1,19,5,9,1,1,0,1,1,0,0,8,5,9,3
2023.0,-20.0,0.0,0.0,3,6,0,0,0,0,1,2,0,1,0,1,2,1,1,20,5,9,1,0,0,1,1,0,10,7,5,8,3
2023.0,1250.0,0.0,0.0,3,10,5,4,0,0,1,2,1,1,0,1,2,1,1,22,5,9,1,0,0,1,2,0,6,5,5,9,9
2023.0,0.0,1.0,0.0,3,2,0,0,0,0,1,2,1,1,0,0,5,1,1,22,5,9,1,0,0,1,2,0,4,2,5,3,9
2023.0,-30.0,0.0,0.0,3,10,0,0,0,0,0,1,1,1,0,1,1,1,1,22,5,9,1,0,0,2,1,0,10,9,5,3,2
2023.0,-1400.0,2.0,0.0,2,6,0,0,0,0,1,5,1,1,0,1,5,1,1,23,5,9,1,0,0,2,2,0,10,8,5,8,3
2023.0,-75.0,4.0,0.0,2,6,0,0,0,0,1,1,0,1,0,1,1,1,1,2,6,9,1,0,0,1,1,0,10,7,5,8,3
2023.0,76.0,0.0,0.0,3,6,0,0,0,0,1,9,1,1,0,1,9,1,1,4,6,9,1,0,0,2,0,0,10,8,5,3,3
2023.0,0.0,2.0,0.0,2,4,0,0,0,0,0,7,1,1,0,0,1,1,1,19,6,9,1,1,0,1,2,0,4,2,5,3,9
2023.0,50.0,0.0,0.0,3,10,0,0,0,0,2,1,1,1,0,1,1,1,1,21,6,9,1,0,0,3,1,0,6,9,5,3,2
2023.0,0.0,0.0,0.0,3,10,0,0,0,0,1,1,1,1,0,1,1,1,1,21,6,9,1,0,0,0,1,0,6,9,5,9,9
2023.0,-220.0,1.0,0.0,2,10,3,0,0,0,1,2,1,1,0,0,2,1,1,8,0,9,0,1,0,2,2,0,10,9,5,3,2
2023.0,-40.0,0.0,0.0,3,10,3,0,0,0,0,2,1,1,1,1,9,1,1,10,0,9,0,0,0,0,1,0,10,7,5,6,9
2023.0,-55.0,0.0,0.0,3,6,3,0,0,0,2,2,1,1,0,0,2,1,1,12,0,9,0,0,0,3,2,0,10,7,5,8,3
2023.0,0.0,1.0,0.0,3,2,3,0,0,0,1,1,1,1,0,1,5,1,1,13,0,9,0,0,0,1,1,0,4,2,5,3,3
2023.0,110.0,0.0,0.0,3,10,3,0,0,0,1,9,1,1,0,1,9,1,1,13,0,9,0,0,0,0,1,0,10,5,5,5,3
2023.0,0.0,0.0,0.0,3,10,3,0,0,0,0,1,1,1,0,0,1,1,1,13,0,9,0,0,0,2,2,0,3,5,5,9,9
2023.0,0.0,4.0,0.0,2,2,3,0,0,0,0,9,1,1,0,0,2,1,1,14,0,9,0,0,0,1,2,0,5,2,5,3,9
2023.0,70.0,0.0,0.0,3,10,3,0,0,0,2,5,1,1,0,0,5,1,1,15,0,9,0,0,0,3,2,0,10,7,5,8,2
2023.0,67.0,1.0,0.0,2,2,3,0,0,3,0,9,1,1,0,1,1,1,1,16,0,9,0,1,0,2,1,0,10,2,2,9,7
2023.0,-181.0,0.0,0.0,3,2,3,0,0,0,1,2,1,1,0,1,1,1,1,17,0,9,0,1,0,2,1,0,0,2,5,3,9
2023.0,0.0,0.0,0.0,3,6,3,0,0,0,1,1,1,1,0,1,1,1,1,17,0,9,0,1,0,2,1,0,3,7,5,8,3
2023.0,0.0,0.0,0.0,3,4,0,0,0,0,0,2,1,1,0,1,5,1,1,1,1,9,0,0,0,2,2,0,4,2,5,9,3
2023.0,0.0,1.0,0.0,2,10,3,0,0,0,1,1,1,1,0,1,2,1,1,7,1,9,0,1,0,1,0,0,4,2,5,9,3
2023.0,80.0,0.0,0.0,3,6,3,1,0,0,0,5,1,1,0,1,5,1,1,8,1,9,0,1,0,1,1,0,10,7,5,8,3
2023.0,0.0,0.0,0.0,3,4,3,0,0,0,1,2,1,1,0,0,5,1,1,8,1,9,0,1,0,2,2,0,5,2,5,3,9
2023.0,-70.0,0.0,0.0,3,6,3,0,0,0,0,1,1,1,0,1,1,1,1,12,1,9,0,0,0,2,0,0,6,7,5,8,3
2023.0,0.0,1.0,0.0,2,4,3,0,0,0,0,9,1,1,2,1,1,1,1,14,1,9,0,0,0,2,0,0,4,2,5,3,9
2023.0,71.0,0.0,0.0,3,10,3,0,0,0,2,5,1,1,0,1,5,1,1,15,1,9,0,0,0,3,2,0,4,9,5,8,3
2023.0,0.0,0.0,0.0,3,4,3,0,0,0,1,5,1,1,0,0,5,1,1,16,1,9,0,1,0,1,1,0,5,2,5,3,9
2023.0,-195.0,0.0,0.0,3,6,3,1,0,0,0,1,1,1,0,1,1,1,1,16,1,9,0,1,0,2,1,0,10,7,5,8,3
2023.0,0.0,0.0,0.0,3,2,0,0,0,0,1,1,1,1,0,1,9,1,1,19,1,9,0,1,0,1,2,0,4,5,5,9,3
2023.0,-70.0,0.0,0.0,3,6,0,1,0,0,0,2,1,1,0,1,2,1,1,19,1,9,0,1,0,1,1,0,10,7,5,8,3
2023.0,40.0,0.0,0.0,3,2,0,0,0,0,0,9,1,1,0,1,5,1,1,20,1,9,0,0,0,0,1,0,4,2,5,9,3
2023.0,0.0,1.0,0.0,3,6,0,0,0,0,0,9,1,1,0,1,9,1,1,0,2,9,0,0,0,1,1,0,10,7,5,3,5