Year,Distance,Totalinjuries,Totalfatalities,Injuryseverity,Collisionmanner,Lightcondition,Weather,SurfaceCondition,Unittype_One,Gender_Drv1,Traveldirection_One,AlcoholUse_Drv1,DrugUse_Drv1,Unittype_Two,Gender_Drv2,Traveldirection_Two,AlcoholUse_Drv2,DrugUse_Drv2,Hour,Weekday,Month,Weekend,Rush_Hour,Hazardous_Road,Age_Group_Drv1,Age_Group_Drv2,Substance_Use,Junction_Category,Violation_Category_Drv1,Violation_Category_Drv2,Unitaction_Category_Two,Unitaction_Category_One
2023.0,0.0,0.0,0.0,3,2,3,0,0,0,1,5,1,1,0,1,1,1,1,14,2,9,0,0,0,1,2,0,4,2,5,3,3
2023.0,370.0,3.0,0.0,2,2,4,0,0,0,1,5,1,1,0,0,9,1,1,15,2,9,0,0,0,2,1,0,0,2,5,3,9
2023.0,615.0,0.0,0.0,3,2,3,0,0,0,1,2,1,1,0,0,9,1,1,16,2,9,0,1,0,2,1,0,6,4,5,3,9
2023.0,0.0,0.0,0.0,3,4,3,1,0,0,0,9,1,1,0,0,5,1,1,17,2,9,0,1,0,1,1,0,4,2,5,3,9
2023.0,-565.0,1.0,0.0,2,4,3,0,0,0,2,5,1,1,0,1,2,1,1,18,2,9,0,1,0,3,1,0,0,2,5,3,9
2023.0,-75.0,0.0,0.0,3,10,0,0,0,0,1,1,1,1,0,1,1,1,1,21,2,9,0,0,0,1,1,0,6,9,5,3,2
2023.0,0.0,0.0,0.0,3,4,0,0,0,0,1,1,1,1,0,1,9,1,1,22,2,9,0,0,0,2,1,0,4,2,5,3,9
2023.0,-750.0,1.0,0.0,3,2,0,0,0,0,1,5,1,1,0,1,5,1,1,23,2,9,0,0,0,2,1,0,6,5,5,3,3
2023.0,0.0,1.0,0.0,3,2,3,0,0,0,1,1,1,1,0,0,2,1,1,11,3,9,0,0,0,1,1,0,4,2,5,9,3
2023.0,0.0,0.0,0.0,3,4,3,0,0,0,1,2,1,1,0,1,5,1,1,12,3,9,0,0,0,0,2,0,5,5,5,3,9
2023.0,445.0,1.0,0.0,2,2,3,0,0,0,0,2,1,1,0,0,1,1,1,13,3,9,0,0,0,2,1,0,0,2,5,3,9
2023.0,0.0,1.0,0.0,2,6,3,0,0,0,1,1,1,1,0,1,1,1,1,14,3,9,0,0,0,0,1,0,10,7,5,8,8
2023.0,0.0,1.0,0.0,2,6,3,0,0,0,1,5,1,1,0,1,2,1,1,16,3,9,0,1,0,1,1,0,3,7,5,8,3
2023.0,50.0,0.0,0.0,3,6,3,0,0,0,1,9,1,1,0,1,9,1,1,17,3,9,0,1,0,2,2,0,10,7,5,9,8
2023.0,0.0,2.0,0.0,2,4,5,4,0,0,1,2,1,1,0,1,5,1,1,17,3,9,0,1,0,1,1,0,5,2,5,3,9
2023.0,470.0,0.0,0.0,3,6,0,0,0,0,1,9,1,1,0,1,9,1,1,19,3,9,0,1,0,1,1,0,6,8,5,8,3
2023.0,0.0,0.0,0.0,3,4,2,0,0,0,0,5,1,1,0,0,5,1,1,5,4,9,0,0,0,1,1,0,4,5,5,9,9
2023.0,0.0,1.0,0.0,2,4,3,0,0,0,0,2,1,1,0,0,9,1,1,6,4,9,0,0,0,2,2,0,4,2,5,3,9
2023.0,-185.0,0.0,0.0,3,3,3,0,0,0,1,9,1,1,0,1,1,1,1,8,4,9,0,1,0,1,1,0,10,7,5,3,9
2023.0,64.0,2.0,0.0,3,6,3,0,0,0,0,5,1,1,0,0,5,1,1,12,4,9,0,0,0,1,1,0,10,7,5,8,3
2023.0,0.0,0.0,0.0,3,4,3,0,0,0,1,1,1,1,0,1,9,1,1,13,4,9,0,0,0,1,0,0,4,2,5,3,9
2023.0,0.0,2.0,0.0,2,2,3,0,0,0,1,5,1,1,0,0,9,1,1,13,4,9,0,0,0,2,1,0,4,2,5,3,3
2023.0,0.0,0.0,0.0,3,10,3,0,0,0,0,5,1,1,0,1,9,1,1,13,4,9,0,0,0,1,2,0,4,4,5,3,9
2023.0,525.0,2.0,0.0,3,6,3,0,0,0,1,5,1,1,0,1,5,1,1,14,4,9,0,0,0,2,1,0,6,8,5,8,3
2023.0,-722.0,0.0,0.0,3,2,3,0,0,0,2,1,1,1,0,1,1,1,1,16,4,9,0,1,0,3,1,0,6,2,5,3,9
2023.0,-218.0,0.0,0.0,3,2,3,0,0,0,0,5,1,1,0,1,9,1,1,16,4,9,0,1,0,1,1,0,0,2,5,3,9
2023.0,450.0,0.0,0.0,3,2,3,0,0,0,0,9,1,1,0,1,5,1,1,18,4,9,0,1,0,1,1,0,0,2,5,9,8
2023.0,50.0,0.0,0.0,3,6,4,0,0,0,1,5,0,1,0,1,5,1,1,18,4,9,0,1,0,1,1,0,10,8,5,8,3
2023.0,-200.0,0.0,0.0,3,6,0,0,0,0,1,9,1,1,0,1,9,1,1,18,4,9,0,1,0,2,1,0,6,7,5,3,3
2023.0,-40.0,0.0,0.0,3,2,3,0,0,0,2,8,1,1,1,1,2,1,1,18,4,9,0,1,0,3,1,0,10,7,5,6,5
2023.0,-300.0,0.0,0.0,3,5,0,4,0,0,2,8,1,1,1,1,8,1,1,20,4,9,0,0,0,3,1,0,6,5,5,6,5
2023.0,-100.0,0.0,0.0,3,2,0,0,0,0,1,5,1,1,0,0,1,1,1,21,4,9,0,0,0,2,2,0,10,7,5,8,9
2023.0,140.0,0.0,0.0,3,6,0,0,0,0,2,6,1,1,0,1,6,1,1,21,4,9,0,0,0,3,2,0,10,8,5,8,3
2023.0,-45.0,0.0,0.0,3,6,3,0,0,0,1,1,1,1,0,1,1,1,1,8,5,9,1,1,0,1,1,0,10,8,5,8,3
2023.0,0.0,0.0,0.0,3,2,3,0,0,0,0,2,1,1,0,1,1,1,1,12,5,9,1,0,0,2,1,0,4,2,5,9,3
2023.0,0.0,1.0,0.0,3,4,3,0,0,0,0,1,1,1,0,1,2,1,1,13,5,9,1,0,0,1,1,0,4,2,5,9,3
2023.0,-48.0,1.0,0.0,1,5,3,0,0,3,1,9,1,1,0,1,2,1,1,15,5,9,1,0,0,2,1,0,10,2,5,9,7
2023.0,47.0,0.0,0.0,3,10,4,0,0,0,1,1,1,1,0,0,1,1,1,17,5,9,1,1,0,1,1,0,10,1,5,2,3
2023.0,475.0,0.0,0.0,3,4,3,0,0,0,1,5,1,1,0,1,2,1,1,19,5,9,1,1,0,2,1,0,0,2,5,3,9
2023.0,1500.0,1.0,0.0,3,6,0,0,0,0,1,2,0,1,0,0,2,1,1,2,6,9,1,0,0,2,1,0,6,7,5,8,3
2023.0,0.0,0.0,0.0,3,9,0,0,0,0,2,5,1,1,0,1,2,1,1,3,6,9,1,0,0,3,1,0,4,9,5,8,3
2023.0,0.0,0.0,0.0,3,2,3,0,0,0,1,1,1,1,0,0,2,1,1,11,6,9,1,0,0,1,0,0,4,5,5,3,3
2023.0,500.0,0.0,0.0,3,10,3,0,0,0,0,1,1,1,0,1,1,1,1,12,6,9,1,0,0,3,2,0,6,5,5,3,5
2023.0,0.0,2.0,0.0,3,2,3,0,0,0,0,9,1,1,0,0,1,1,1,15,6,9,1,0,0,0,2,0,4,2,5,3,9
2023.0,0.0,2.0,0.0,2,2,3,0,0,0,1,1,1,1,0,1,5,1,1,17,6,9,1,1,0,2,1,0,4,2,5,3,3
2023.0,0.0,0.0,0.0,3,4,3,0,0,0,0,9,1,1,0,0,1,1,1,17,6,9,1,1,0,2,1,0,4,2,5,3,9
2023.0,0.0,0.0,0.0,3,4,3,0,0,0,1,9,1,1,0,1,1,1,1,18,6,9,1,1,0,1,2,0,0,2,5,3,9
2023.0,-54.0,0.0,0.0,3,9,3,0,0,0,1,9,0,1,0,1,1,1,1,6,0,9,0,0,0,1,1,0,6,7,5,6,3
2023.0,0.0,0.0,0.0,3,2,3,0,0,0,0,5,1,1,0,1,1,1,1,7,0,9,0,1,0,1,1,0,4,2,5,3,3
2023.0,40.0,0.0,0.0,3,6,3,0,0,0,0,2,1,1,0,0,2,1,1,8,0,9,0,1,0,1,1,0,6,8,5,8,3
2023.0,0.0,0.0,0.0,3,6,3,0,0,0,1,5,1,1,0,1,5,1,1,8,0,9,0,1,0,2,1,0,6,8,5,8,3
2023.0,300.0,0.0,0.0,3,9,3,0,0,0,2,9,1,1,0,0,1,1,1,10,0,9,0,0,0,3,1,0,0,4,5,9,9
2023.0,0.0,1.0,0.0,2,6,3,0,0,0,1,9,1,1,0,1,9,1,1,13,0,9,0,0,0,1,1,0,3,7,5,8,3
2023.0,-25.0,0.0,0.0,3,6,3,0,0,0,1,2,1,1,0,1,2,1,1,14,0,9,0,0,0,1,1,0,10,7,5,9,3
2023.0,-112.0,2.0,0.0,3,4,3,0,0,0,0,1,1,1,0,0,9,1,1,15,0,9,0,0,0,1,2,0,0,2,5,3,9
2023.0,-50.0,0.0,0.0,3,10,3,0,0,0,0,9,1,1,0,1,9,1,1,15,0,9,0,0,0,1,0,0,6,4,5,9,2
2023.0,0.0,0.0,0.0,3,2,3,0,0,0,1,5,1,1,0,1,9,1,1,15,0,9,0,0,0,1,2,0,5,5,5,2,9
2023.0,100.0,0.0,0.0,3,10,3,0,0,0,0,9,1,1,0,0,9,1,1,17,0,9,0,1,0,1,1,0,6,9,5,3,3
2023.0,0.0,0.0,0.0,3,10,3,0,0,0,0,2,1,1,0,1,2,1,1,17,0,9,0,1,0,1,0,0,3,9,5,3,2
2023.0,28.0,0.0,0.0,3,2,4,0,0,0,1,9,0,1,0,1,9,1,1,18,0,9,0,1,0,1,0,0,10,7,5,8,3
2023.0,890.0,1.0,0.0,3,10,0,0,0,0,1,5,1,1,0,1,5,1,1,19,0,9,0,1,0,0,2,0,6,9,5,3,2
2023.0,0.0,0.0,0.0,3,2,0,0,0,0,1,1,1,1,0,0,2,1,1,4,1,9,0,0,0,2,1,0,4,2,5,3,3
2023.0,0.0,0.0,0.0,3,4,0,0,0,0,1,1,1,1,0,0,2,1,1,4,1,9,0,0,0,1,2,0,0,2,5,9,9
2023.0,110.0,3.0,0.0,2,6,3,0,0,0,1,9,1,1,0,1,9,1,1,8,1,9,0,1,0,2,1,0,10,8,5,8,3
2023.0,307.0,0.0,0.0,3,10,0,0,0,0,1,9,0,1,1,1,9,1,1,8,1,9,0,1,0,2,1,0,6,7,5,6,3
2023.0,663.0,1.0,0.0,3,6,3,0,0,0,2,9,1,1,0,1,9,1,1,14,1,9,0,0,0,3,0,0,6,8,5,8,3
2023.0,-64.0,1.0,0.0,2,6,3,0,0,0,0,1,1,1,0,0,1,1,1,15,1,9,0,0,0,2,1,0,10,7,5,8,8
2023.0,-10.0,1.0,0.0,3,6,3,0,0,0,1,2,1,1,0,0,2,1,1,16,1,9,0,1,0,2,1,0,10,7,5,8,3
2023.0,0.0,4.0,0.0,2,2,3,0,0,0,0,5,1,1,0,1,9,1,1,17,1,9,0,1,0,0,2,0,5,2,5,3,9
2023.0,0.0,0.0,0.0,3,10,4,0,0,0,0,2,1,1,0,0,5,1,1,18,1,9,0,1,0,2,2,0,4,2,5,9,9
2023.0,0.0,1.0,0.0,2,10,0,0,0,3,1,5,1,1,0,1,9,1,1,18,1,9,0,1,0,1,0,0,4,2,5,9,7
2023.0,0.0,0.0,0.0,3,11,0,0,0,0,0,1,1,1,0,0,9,1,1,20,1,9,0,0,0,2,1,0,4,4,5,3,9
2023.0,-10.0,0.0,0.0,3,2,0,0,0,0,2,2,1,1,0,1,2,1,1,21,1,9,0,0,0,3,1,0,4,4,5,3,9
2023.0,-274.0,1.0,0.0,3,6,3,1,0,0,0,1,1,1,0,1,1,1,1,6,2,9,0,0,0,1,1,0,6,7,5,8,3
2023.0,300.0,1.0,0.0,2,10,3,0,0,0,2,9,1,1,0,1,9,1,1,6,2,9,0,0,0,3,0,0,6,9,5,3,3
2023.0,0.0,0.0,0.0,3,4,3,1,0,0,1,1,1,1,0,1,9,1,1,10,2,9,0,0,0,2,1,0,4,2,5,3,9
2023.0,0.0,3.0,0.0,2,4,3,0,0,0,0,1,1,1,0,0,5,1,1,10,2,9,0,0,0,2,1,0,4,2,5,3,9
2023.0,-330.0,0.0,0.0,3,2,3,0,0,0,1,1,1,1,0,1,9,1,1,11,2,9,0,0,0,1,1,0,0,5,5,6,1
2023.0,385.0,1.0,0.0,3,2,3,0,0,0,1,1,1,1,0,1,9,1,1,14,2,9,0,0,0,2,2,0,10,2,5,3,9
2023.0,30.0,0.0,0.0,3,6,3,0,0,0,0,9,1,1,0,1,9,1,1,14,2,9,0,0,0,0,2,0,10,9,5,3,2
2023.0,0.0,1.0,0.0,2,5,3,0,0,3,1,1,1,1,0,1,5,1,1,15,2,9,0,0,0,2,1,0,10,5,5,3,7
2023.0,-50.0,0.0,0.0,3,2,3,0,0,0,1,1,1,1,0,1,2,1,1,15,2,9,0,0,0,1,1,0,10,5,5,8,9
2023.0,85.0,0.0,0.0,3,10,3,0,0,0,0,1,1,1,1,1,1,1,1,16,2,9,0,1,0,2,1,0,10,7,5,6,3
2023.0,500.0,0.0,0.0,3,2,3,0,0,0,1,1,1,1,0,0,5,1,1,16,2,9,0,1,0,2,1,0,0,2,5,3,9
2023.0,0.0,0.0,0.0,3,4,3,0,0,0,1,5,1,1,0,0,1,1,1,16,2,9,0,1,0,2,2,0,6,2,5,3,9
2023.0,0.0,2.0,0.0,2,4,4,0,0,0,0,9,1,1,0,0,5,1,1,18,2,9,0,1,0,2,1,0,4,2,5,9,3
2023.0,255.0,1.0,0.0,3,10,4,0,0,0,0,2,1,1,1,1,2,1,1,18,2,9,0,1,0,1,1,0,6,9,5,6,3
2023.0,70.0,0.0,0.0,3,10,0,0,0,0,1,9,1,1,0,0,9,1,1,19,2,9,0,1,0,2,2,0,10,9,5,8,2
2023.0,100.0,0.0,0.0,3,6,2,0,0,0,0,6,1,1,1,1,1,1,1,7,3,9,0,1,0,2,2,0,10,4,5,5,9
2023.0,-308.0,2.0,0.0,2,9,3,0,0,0,1,2,1,1,0,1,5,1,1,8,3,9,0,1,0,1,0,0,0,7,5,3,9
2023.0,190.0,0.0,0.0,3,6,3,0,0,0,0,5,1,1,0,0,5,1,1,10,3,9,0,0,0,2,1,0,0,7,5,9,3
2023.0,75.0,0.0,0.0,3,6,3,0,0,0,0,9,1,1,0,0,9,1,1,11,3,9,0,0,0,2,2,0,10,7,5,8,3
2023.0,-50.0,0.0,0.0,3,6,3,0,0,0,2,2,1,1,0,0,2,1,1,11,3,9,0,0,0,3,2,0,0,5,5,3,1
2023.0,0.0,0.0,0.0,3,2,3,0,0,0,1,2,1,1,0,0,5,1,1,13,3,9,0,0,0,1,1,0,4,4,5,3,9
2023.0,-10.0,0.0,0.0,3,6,3,4,0,0,1,1,1,1,0,0,1,1,1,14,3,9,0,0,0,1,1,0,10,8,5,8,3
2023.0,300.0,0.0,0.0,3,10,3,0,0,0,1,1,1,1,0,1,1,1,1,15,3,9,0,0,0,2,1,0,0,9,5,9,3
2023.0,0.0,0.0,0.0,3,10,3,0,0,0,0,2,1,1,0,1,2,1,1,16,3,9,0,1,0,0,0,0,5,9,5,9,9
2023.0,0.0,0.0,0.0,3,10,3,0,0,0,0,1,1,1,0,1,5,1,1,16,3,9,0,1,0,2,2,0,5,2,5,3,9
2023.0,0.0,0.0,0.0,3,10,3,0,0,0,0,2,1,1,0,1,2,1,1,17,3,9,0,1,0,0,1,0,4,5,5,3,3
2023.0,84.0,1.0,0.0,3,6,0,0,0,0,2,5,1,1,0,0,5,1,1,2,4,9,0,0,0,3,2,0,3,7,5,8,3
2023.0,0.0,0.0,0.0,3,2,3,1,0,0,1,5,1,1,0,1,9,1,1,6,4,9,0,0,0,2,0,0,4,5,5,3,9
2023.0,0.0,0.0,0.0,3,10,3,1,0,0,1,2,1,1,0,1,2,1,1,6,4,9,0,0,0,1,1,0,4,4,5,9,9
2023.0,27.0,0.0,0.0,3,2,3,0,0,0,0,1,1,1,0,0,2,1,1,12,4,9,0,0,0,0,1,0,3,5,5,3,9
2023.0,0.0,3.0,0.0,2,6,3,0,0,0,0,2,1,1,0,0,2,1,1,12,4,9,0,0,0,2,1,0,10,7,5,9,9
2023.0,-84.0,0.0,0.0,3,2,3,0,0,0,0,5,1,1,0,0,9,1,1,15,4,9,0,0,0,1,2,0,10,4,5,3,9
2023.0,100.0,0.0,0.0,3,6,3,0,0,0,1,9,1,1,0,1,9,1,1,15,4,9,0,0,0,1,1,0,10,7,5,8,3
2023.0,250.0,0.0,0.0,3,4,3,1,0,0,1,9,1,1,0,1,2,1,1,16,4,9,0,1,0,2,2,0,0,2,5,3,9
2023.0,0.0,0.0,0.0,3,6,3,1,0,0,1,1,1,1,0,1,1,1,1,16,4,9,0,1,0,0,1,0,3,5,5,8,3
2023.0,300.0,0.0,0.0,3,6,3,0,0,0,1,2,1,1,0,0,2,1,1,16,4,9,0,1,0,1,2,0,6,7,5,8,3
2023.0,-35.0,1.0,0.0,2,5,3,0,0,2,1,2,1,1,0,1,1,1,1,17,4,9,0,1,0,1,0,0,10,7,5,8,3
2023.0,0.0,2.0,0.0,2,4,0,0,0,0,1,1,1,1,0,1,9,1,1,18,4,9,0,1,0,1,1,0,0,2,5,3,9
2023.0,-50.0,0.0,0.0,3,10,4,0,0,0,2,1,1,1,0,1,1,1,1,18,4,9,0,1,0,3,2,0,10,9,5,3,2
2023.0,0.0,0.0,0.0,3,4,0,0,0,0,0,3,1,1,0,1,9,1,1,20,4,9,0,0,0,2,2,0,4,2,5,3,9
2023.0,0.0,0.0,0.0,3,2,0,0,0,0,0,9,1,1,0,1,1,1,1,21,4,9,0,0,0,2,1,0,4,2,5,3,9
2023.0,0.0,3.0,0.0,2,4,0,0,0,0,1,1,1,1,0,1,9,1,1,22,4,9,0,0,0,2,0,0,0,2,5,3,9
2023.0,0.0,0.0,0.0,3,10,0,0,0,0,1,5,1,1,0,0,5,1,1,0,5,9,1,0,0,3,2,0,4,9,5,3,2
2023.0,0.0,2.0,0.0,2,4,0,0,0,0,1,1,1,0,0,1,9,1,1,0,5,9,1,0,0,2,1,0,4,2,5,3,9
2023.0,0.0,0.0,0.0,3,2,3,0,0,0,1,9,1,1,0,0,2,1,1,11,5,9,1,0,0,1,1,0,5,5,5,3,9
2023.0,-200.0,0.0,0.0,3,6,3,0,0,0,1,1,1,1,0,0,1,1,1,13,5,9,1,0,0,0,1,0,6,8,5,8,3
2023.0,0.0,1.0,0.0,3,2,3,0,0,0,1,6,1,1,0,1,9,1,1,14,5,9,1,0,0,1,1,0,0,5,5,3,9
2023.0,0.0,1.0,0.0,2,6,3,0,0,0,1,1,1,1,0,1,1,1,1,16,5,9,1,1,0,3,1,0,3,7,5,8,3
2023.0,40.0,0.0,0.0,3,6,4,0,0,0,1,9,1,1,0,1,9,1,1,18,5,9,1,1,0,2,1,0,10,7,5,8,3
2023.0,-725.0,2.0,0.0,3,4,3,0,0,0,1,1,1,1,0,1,9,1,1,21,5,9,1,0,0,1,1,0,0,2,5,3,9
2023.0,-300.0,0.0,0.0,3,12,0,0,0,0,2,8,1,1,1,1,1,1,1,21,5,9,1,0,0,3,1,0,6,5,5,6,5
2023.0,0.0,2.0,0.0,3,2,1,0,0,0,1,5,1,1,0,0,9,1,1,22,5,9,1,0,0,1,1,0,4,2,5,3,3
2023.0,-500.0,1.0,0.0,1,4,0,0,0,0,1,4,1,1,0,1,5,1,1,22,5,9,1,0,0,1,2,0,6,2,7,3,9
2023.0,-40.0,0.0,0.0,3,6,0,0,0,0,2,2,1,1,0,1,2,1,1,2,6,9,1,0,0,3,1,0,10,7,5,9,3
2023.0,0.0,0.0,0.0,3,10,3,0,0,0,1,3,1,1,0,0,3,1,1,8,6,9,1,1,0,0,1,0,3,5,5,9,9
2023.0,0.0,0.0,0.0,3,2,3,0,0,0,1,9,1,1,0,0,5,1,1,11,6,9,1,0,0,2,1,0,5,2,5,9,3
2023.0,200.0,0.0,0.0,3,10,3,0,0,0,0,5,1,1,0,0,5,1,1,13,6,9,1,0,0,1,1,0,6,9,5,9,9
2023.0,0.0,0.0,0.0,3,4,3,0,0,0,1,1,1,1,0,1,9,1,1,13,6,9,1,0,0,1,0,0,4,7,7,3,9
2023.0,0.0,5.0,0.0,2,4,3,0,0,0,1,9,1,1,0,1,1,1,1,15,6,9,1,0,0,2,2,0,4,2,5,3,9
2023.0,-20.0,0.0,0.0,3,10,3,0,0,0,1,1,1,1,0,1,1,1,1,15,6,9,1,0,0,2,0,0,10,9,5,3,2
2023.0,0.0,1.0,0.0,3,4,3,0,0,0,0,2,1,1,0,1,9,1,1,17,6,9,1,1,0,2,1,0,4,2,5,9,3
2023.0,200.0,6.0,0.0,2,10,4,0,0,0,1,5,1,1,0,1,5,1,1,19,6,9,1,1,0,2,1,0,10,7,5,8,3
2023.0,0.0,3.0,0.0,2,4,3,0,0,0,1,5,1,1,0,1,2,1,1,7,0,9,0,1,0,0,1,0,5,2,5,3,9
2023.0,238.0,1.0,0.0,3,6,3,0,0,0,1,9,1,1,0,1,9,1,1,8,0,9,0,1,0,1,2,0,6,7,5,8,3
2023.0,350.0,0.0,0.0,3,5,3,0,0,0,1,5,1,1,0,1,5,1,1,9,0,9,0,1,0,1,0,0,6,7,5,8,1
2023.0,350.0,0.0,0.0,3,5,3,0,0,0,1,1,1,1,0,0,9,1,1,11,0,9,0,0,0,1,2,0,6,5,5,8,1
2023.0,-500.0,1.0,0.0,3,10,3,0,0,0,0,9,1,1,0,0,9,1,1,16,0,9,0,1,0,2,0,0,6,9,5,3,2
2023.0,-10.0,1.0,0.0,2,2,3,0,0,0,1,2,1,1,0,0,9,1,1,7,1,9,0,1,0,1,1,0,10,2,5,3,3
2023.0,0.0,0.0,0.0,3,4,3,0,0,0,1,1,1,1,0,1,2,1,1,7,1,9,0,1,0,2,1,0,5,2,5,9,3
2023.0,-300.0,4.0,0.0,2,10,3,0,0,0,0,2,1,1,0,0,2,1,1,8,1,9,0,1,0,1,1,0,6,9,5,3,2
2023.0,-150.0,0.0,0.0,3,10,3,0,0,0,2,9,1,1,0,0,9,1,1,8,1,9,0,1,0,3,1,0,6,9,5,3,2
2023.0,-216.0,0.0,0.0,3,6,3,0,0,0,0,2,1,1,0,0,5,1,1,11,1,9,0,0,0,2,2,0,0,5,5,1,3
2023.0,0.0,0.0,0.0,3,2,3,0,0,0,1,9,1,1,0,0,9,1,1,14,1,9,0,0,0,2,0,0,5,4,5,3,9
2023.0,0.0,0.0,0.0,3,2,3,0,0,0,1,2,1,1,0,0,2,1,1,15,1,9,0,0,0,0,1,0,4,9,5,3,3
2023.0,0.0,0.0,0.0,3,6,3,0,0,0,1,1,1,1,0,1,1,1,1,15,1,9,0,0,0,1,1,0,5,7,5,3,3
2023.0,0.0,4.0,0.0,2,2,3,0,0,0,1,1,1,1,0,1,5,1,1,15,1,9,0,0,0,1,1,0,4,2,5,3,9
2023.0,44.0,1.0,0.0,2,2,3,0,0,2,1,5,1,1,0,1,9,1,1,16,1,9,0,1,0,1,2,0,10,2,5,9,3
2023.0,-20.0,0.0,0.0,3,2,3,0,0,0,1,9,1,1,0,0,9,1,1,16,1,9,0,1,0,1,2,0,10,9,5,9,9
2023.0,-156.0,0.0,0.0,3,10,3,0,0,0,0,2,1,1,0,0,2,1,1,17,1,9,0,1,0,1,2,0,6,9,5,3,2
2023.0,-85.0,1.0,0.0,2,2,3,0,0,0,2,2,1,1,2,0,1,1,1,17,1,9,0,1,0,3,1,0,3,2,5,7,9
2023.0,-104.0,0.0,0.0,3,6,3,0,0,0,1,2,1,1,0,1,2,1,1,17,1,9,0,1,0,2,2,0,10,7,5,8,3
2023.0,-1.0,1.0,0.0,2,6,0,0,0,0,1,5,0,0,1,1,5,1,1,3,2,9,0,0,0,1,1,0,6,7,5,8,3
2023.0,0.0,0.0,0.0,3,2,3,0,0,0,1,2,1,1,0,0,5,1,1,8,2,9,0,1,0,1,1,0,4,2,5,3,9
2023.0,-100.0,0.0,0.0,3,10,3,0,0,0,0,2,1,1,0,1,2,1,1,8,2,9,0,1,0,1,1,0,10,9,5,3,2
2023.0,350.0,1.0,0.0,3,6,3,0,0,0,1,9,1,1,0,0,9,1,1,9,2,9,0,1,0,1,1,0,6,8,5,8,3
2023.0,0.0,0.0,0.0,3,2,3,0,0,0,2,1,1,1,0,0,2,1,1,10,2,9,0,0,0,3,2,0,4,2,5,3,3
2023.0,-280.0,0.0,0.0,3,6,3,0,0,0,1,1,1,1,0,0,1,1,1,10,2,9,0,0,0,0,0,0,6,8,5,8,3
2023.0,40.0,0.0,0.0,3,2,3,0,0,0,1,1,1,1,0,1,5,1,1,11,2,9,0,0,0,2,2,0,10,2,5,9,3
2023.0,128.0,0.0,0.0,3,6,3,0,3,0,0,8,1,1,0,1,1,1,1,13,2,9,0,0,0,1,1,0,10,5,5,8,5
2023.0,300.0,0.0,0.0,3,2,3,0,0,0,0,9,1,1,0,1,9,1,1,13,2,9,0,0,0,2,1,0,6,5,5,3,3
2023.0,200.0,1.0,0.0,3,2,3,0,0,0,0,1,1,1,0,1,9,1,1,14,2,9,0,0,0,1,1,0,0,2,5,3,9
2023.0,45.0,0.0,0.0,3,6,3,0,0,0,0,9,1,1,0,1,9,1,1,15,2,9,0,0,0,0,1,0,10,7,5,9,9
2023.0,0.0,1.0,0.0,3,2,3,0,0,2,1,1,1,1,0,1,5,1,1,18,2,9,0,1,0,1,2,0,10,2,5,3,3
2023.0,-45.0,0.0,0.0,3,6,0,0,0,0,1,3,1,1,0,1,2,1,1,20,2,9,0,0,0,3,1,0,10,8,5,8,9
2023.0,143.0,1.0,0.0,3,5,0,0,0,0,1,9,1,1,2,1,2,1,1,21,2,9,0,0,0,3,2,0,10,2,5,7,3
2023.0,270.0,1.0,0.0,2,3,0,0,0,0,1,5,0,1,0,0,2,1,1,23,2,9,0,0,0,1,1,0,6,7,5,3,3
2023.0,390.0,0.0,0.0,3,9,1,0,0,0,1,9,1,1,1,1,9,1,1,1,3,9,0,0,0,2,1,0,6,9,5,6,3
2023.0,-110.0,0.0,0.0,3,6,3,0,0,0,1,1,1,1,0,1,1,1,1,6,3,9,0,0,0,2,1,0,10,8,5,8,3
2023.0,0.0,0.0,0.0,3,4,3,0,0,0,1,2,1,1,0,1,5,1,1,8,3,9,0,1,0,1,0,0,4,2,5,9,3
2023.0,93.0,2.0,0.0,2,6,3,0,0,0,0,1,1,1,0,1,1,1,1,10,3,9,0,0,0,1,1,0,10,7,5,8,3
2023.0,-104.0,0.0,0.0,3,6,3,0,0,0,0,1,1,1,0,1,1,1,1,11,3,9,0,0,0,1,1,0,10,7,5,8,3
2023.0,-276.0,0.0,0.0,3,10,3,0,0,0,0,2,1,1,0,0,2,1,1,13,3,9,0,0,0,0,1,0,10,9,5,3,2
2023.0,-50.0,1.0,0.0,3,6,3,0,0,0,1,2,1,1,0,0,2,1,1,15,3,9,0,0,0,1,1,0,10,8,5,8,3
2023.0,-35.0,0.0,0.0,3,2,3,0,0,0,1,2,1,1,0,0,1,1,1,15,3,9,0,0,0,1,1,0,10,2,5,3,9
2023.0,0.0,1.0,0.0,3,10,3,0,0,0,0,5,1,1,0,1,5,1,1,16,3,9,0,1,0,1,1,0,5,7,7,3,3
2023.0,-465.0,1.0,0.0,2,6,0,0,0,0,2,9,1,1,0,1,9,1,1,18,3,9,0,1,0,3,2,0,0,8,5,8,3
2023.0,90.0,0.0,0.0,3,10,0,0,0,0,2,5,1,1,0,1,5,1,1,20,3,9,0,0,0,3,2,0,10,9,5,3,2
2023.0,114.0,1.0,0.0,1,6,0,0,0,0,2,9,1,1,0,1,9,1,1,22,3,9,0,0,0,3,1,0,10,7,5,2,3
2023.0,0.0,0.0,1.0,0,5,5,4,3,0,2,8,1,1,3,1,8,1,1,0,4,9,0,0,0,3,1,0,6,5,5,5,5
2023.0,0.0,0.0,0.0,3,2,3,0,0,0,1,2,1,1,0,1,9,1,1,10,4,9,0,0,0,2,2,0,5,5,5,3,3