Year,Distance,Totalinjuries,Totalfatalities,Injuryseverity,Collisionmanner,Lightcondition,Weather,SurfaceCondition,Unittype_One,Gender_Drv1,Traveldirection_One,AlcoholUse_Drv1,DrugUse_Drv1,Unittype_Two,Gender_Drv2,Traveldirection_Two,AlcoholUse_Drv2,DrugUse_Drv2,Hour,Weekday,Month,Weekend,Rush_Hour,Hazardous_Road,Age_Group_Drv1,Age_Group_Drv2,Substance_Use,Junction_Category,Violation_Category_Drv1,Violation_Category_Drv2,Unitaction_Category_Two,Unitaction_Category_One
2023.0,303.0,0.0,0.0,3,10,3,0,0,0,1,5,1,1,0,1,5,1,1,12,1,10,0,0,0,1,2,0,0,4,5,3,9
2023.0,220.0,1.0,0.0,3,6,3,0,0,0,1,5,1,1,0,1,5,1,1,12,1,10,0,0,0,2,1,0,10,8,5,8,3
2023.0,440.0,0.0,0.0,3,10,3,0,0,0,1,9,1,1,0,1,9,1,1,13,1,10,0,0,0,2,2,0,6,5,5,3,6
2023.0,0.0,1.0,0.0,2,4,3,0,0,0,2,9,1,1,2,1,1,1,1,14,1,10,0,0,0,3,2,0,4,2,5,3,9
2023.0,-413.0,0.0,0.0,3,4,3,0,0,0,1,2,1,1,0,1,5,1,1,15,1,10,0,0,0,2,2,0,0,2,5,3,9
2023.0,0.0,0.0,0.0,3,4,3,0,0,0,0,1,1,1,0,1,9,1,1,15,1,10,0,0,0,1,2,0,5,4,5,3,9
2023.0,0.0,0.0,0.0,3,12,3,0,0,0,1,2,1,1,0,1,1,1,1,16,1,10,0,1,0,1,1,0,0,5,5,8,5
2023.0,100.0,0.0,0.0,3,6,3,0,0,0,2,2,1,1,0,0,2,1,1,16,1,10,0,1,0,3,1,0,6,7,5,8,3
2023.0,-40.0,2.0,0.0,2,6,3,0,0,0,1,9,1,1,0,0,9,1,1,16,1,10,0,1,0,2,1,0,10,7,5,8,3
2023.0,220.0,0.0,0.0,3,10,3,0,0,0,1,1,1,1,0,1,1,1,1,16,1,10,0,1,0,2,1,0,6,9,5,3,2
2023.0,-5.0,1.0,0.0,3,5,0,4,3,0,2,9,1,1,3,1,5,1,1,20,1,10,0,0,0,3,2,0,10,2,5,5,9
2023.0,0.0,0.0,0.0,3,2,0,0,0,0,2,9,1,1,0,1,5,1,1,20,1,10,0,0,0,3,1,0,4,4,5,9,9
2023.0,0.0,1.0,0.0,2,4,0,0,0,0,0,1,1,1,0,1,9,1,1,22,1,10,0,0,0,2,2,0,4,2,5,3,9
2023.0,0.0,0.0,0.0,3,2,0,0,0,0,1,2,1,1,0,1,1,1,1,23,1,10,0,0,0,1,2,0,4,7,5,3,3
2023.0,-240.0,0.0,0.0,3,10,3,0,0,0,1,5,1,1,0,0,5,1,1,7,2,10,0,1,0,1,1,0,6,9,5,3,2
2023.0,0.0,0.0,0.0,3,6,3,0,0,0,1,9,1,1,0,0,9,1,1,7,2,10,0,1,0,1,1,0,3,7,5,8,3
2023.0,0.0,0.0,0.0,3,2,3,0,0,0,0,5,1,1,0,0,9,1,1,8,2,10,0,1,0,1,1,0,4,4,5,3,9
2023.0,-5.0,1.0,0.0,2,5,3,0,0,0,2,1,1,1,3,0,5,1,1,8,2,10,0,1,0,3,2,0,4,2,5,7,5
2023.0,-200.0,1.0,0.0,2,10,3,0,0,0,1,9,1,1,0,1,9,1,1,9,2,10,0,1,0,1,2,0,6,9,5,3,2
2023.0,-300.0,0.0,0.0,3,2,3,0,0,0,1,2,1,1,0,1,1,1,1,10,2,10,0,0,0,2,1,0,0,2,5,3,9
2023.0,0.0,0.0,0.0,3,4,3,0,0,0,0,1,1,1,0,1,9,1,1,13,2,10,0,0,0,1,1,0,4,2,5,9,3
2023.0,375.0,1.0,0.0,2,6,3,0,0,0,1,2,1,1,0,1,2,1,1,14,2,10,0,0,0,2,0,0,0,7,5,9,3
2023.0,-400.0,0.0,0.0,3,10,4,0,0,0,1,5,1,1,0,1,5,1,1,17,2,10,0,1,0,2,1,0,6,5,5,3,3
2023.0,28.0,1.0,0.0,2,6,4,0,0,0,1,9,1,1,0,0,9,1,1,17,2,10,0,1,0,2,0,0,10,7,5,9,3
2023.0,50.0,0.0,0.0,3,5,0,0,0,0,1,5,1,1,0,1,4,1,1,17,2,10,0,1,0,2,2,0,10,7,5,6,3
2023.0,-495.0,0.0,0.0,3,6,0,0,0,0,1,2,1,1,0,1,2,1,1,19,2,10,0,1,0,1,2,0,6,7,5,8,3
2023.0,100.0,1.0,0.0,3,10,0,0,0,0,1,1,1,1,0,1,1,1,1,0,3,10,0,0,0,1,2,0,4,9,5,3,2
2023.0,60.0,1.0,0.0,2,10,0,0,0,0,1,9,1,1,0,1,9,1,1,4,3,10,0,0,0,2,1,0,10,7,5,8,3
2023.0,450.0,3.0,0.0,3,10,3,0,0,0,0,9,1,1,0,1,9,1,1,7,3,10,0,1,0,1,1,0,6,9,5,3,2
2023.0,70.0,0.0,0.0,3,10,3,0,0,0,0,5,1,1,0,0,5,1,1,9,3,10,0,1,0,1,1,0,10,4,5,8,9
2023.0,0.0,3.0,0.0,2,2,3,0,0,0,1,2,1,1,0,1,9,1,1,9,3,10,0,1,0,2,2,0,4,2,5,9,3
2023.0,-10.0,1.0,0.0,2,5,3,0,0,0,1,6,1,1,3,1,9,1,1,10,3,10,0,0,0,0,2,0,5,2,5,7,9
2023.0,20.0,1.0,0.0,3,6,3,0,0,0,0,1,1,1,0,0,1,1,1,12,3,10,0,0,0,1,1,0,10,8,5,8,8
2023.0,0.0,1.0,0.0,2,6,3,0,0,0,0,1,1,1,0,1,1,1,1,12,3,10,0,0,0,2,0,0,3,7,5,9,9
2023.0,0.0,0.0,0.0,3,4,3,0,0,0,0,2,1,1,0,1,5,1,1,14,3,10,0,0,0,2,2,0,4,2,5,3,9
2023.0,-5.0,1.0,0.0,3,5,3,0,0,0,0,4,1,1,3,1,1,1,1,14,3,10,0,0,0,2,2,0,10,5,5,7,9
2023.0,-10.0,0.0,0.0,3,2,3,0,0,0,0,1,1,1,0,0,9,1,1,14,3,10,0,0,0,2,0,0,10,2,5,9,9
2023.0,225.0,0.0,0.0,3,6,3,0,0,0,0,9,1,1,0,1,9,1,1,15,3,10,0,0,0,2,1,0,6,8,5,8,3
2023.0,255.0,0.0,0.0,3,2,3,0,0,0,0,9,1,1,0,1,1,1,1,15,3,10,0,0,0,2,1,0,6,5,5,3,9
2023.0,200.0,0.0,0.0,3,10,3,0,0,0,1,5,1,1,0,1,5,1,1,15,3,10,0,0,0,1,1,0,6,4,5,3,9
2023.0,80.0,1.0,0.0,2,6,3,0,0,0,1,9,1,1,0,0,9,1,1,15,3,10,0,0,0,1,1,0,10,5,5,3,3
2023.0,100.0,5.0,0.0,3,6,3,0,0,0,1,9,0,0,0,1,9,1,1,16,3,10,0,1,0,0,2,0,10,7,5,8,3
2023.0,0.0,2.0,0.0,2,2,3,0,0,0,0,1,1,1,0,0,2,1,1,16,3,10,0,1,0,0,1,0,4,2,5,3,3
2023.0,0.0,0.0,0.0,3,4,3,0,0,0,0,2,1,1,0,1,2,1,1,16,3,10,0,1,0,2,1,0,4,9,5,9,3
2023.0,30.0,0.0,0.0,3,12,5,4,3,0,2,8,1,1,1,1,8,1,1,18,3,10,0,1,0,3,1,0,6,5,5,6,5
2023.0,-160.0,0.0,0.0,3,5,3,0,0,0,0,8,1,1,1,1,8,1,1,13,4,10,0,0,0,2,2,0,0,5,5,6,5
2023.0,0.0,2.0,0.0,2,2,3,0,0,0,1,5,1,1,0,1,1,1,1,14,4,10,0,0,0,0,0,0,4,2,5,3,3
2023.0,-577.0,0.0,0.0,3,2,3,0,0,0,1,9,1,1,0,0,2,1,1,14,4,10,0,0,0,2,1,0,0,2,5,3,9
2023.0,297.0,2.0,0.0,3,2,3,0,0,0,1,2,1,1,0,0,1,1,1,16,4,10,0,1,0,0,2,0,0,9,5,3,9
2023.0,0.0,1.0,0.0,2,6,0,0,0,0,0,2,1,1,0,1,2,1,1,18,4,10,0,1,0,2,2,0,3,5,5,8,8
2023.0,0.0,1.0,0.0,3,5,0,0,0,0,2,8,1,1,2,1,1,1,1,23,4,10,0,0,0,3,2,0,4,5,5,7,5
2023.0,0.0,0.0,0.0,3,2,3,0,0,0,1,9,1,1,0,0,5,1,1,9,5,10,1,1,0,1,0,0,4,2,5,3,3
2023.0,-200.0,1.0,0.0,2,2,3,0,0,0,0,9,1,1,0,1,5,1,1,9,5,10,1,1,0,2,1,0,6,2,5,3,3
2023.0,0.0,0.0,0.0,3,2,3,0,0,0,1,1,1,1,0,1,5,1,1,12,5,10,1,0,0,1,0,0,5,2,5,3,3
2023.0,150.0,0.0,0.0,3,4,3,0,0,0,2,9,1,1,0,1,1,1,1,13,5,10,1,0,0,3,1,0,0,2,5,3,9
2023.0,160.0,1.0,0.0,3,6,3,0,0,0,1,5,1,1,0,0,5,1,1,14,5,10,1,0,0,1,1,0,6,8,5,8,3
2023.0,0.0,2.0,0.0,2,4,3,0,0,0,1,1,1,1,0,0,2,1,1,16,5,10,1,1,0,1,1,0,4,2,5,9,3
2023.0,0.0,0.0,0.0,3,2,3,0,0,0,0,2,1,1,0,1,1,1,1,16,5,10,1,1,0,2,2,0,4,2,5,3,3
2023.0,0.0,1.0,0.0,3,4,0,0,0,0,0,5,1,1,0,1,2,1,1,19,5,10,1,1,0,1,1,0,4,5,5,3,9
2023.0,-100.0,0.0,0.0,3,6,0,0,0,0,0,1,1,1,0,1,1,1,1,22,5,10,1,0,0,2,1,0,10,7,5,8,3
2023.0,20.0,0.0,0.0,3,10,0,0,0,0,2,2,1,1,0,0,2,1,1,22,5,10,1,0,0,3,1,0,6,7,5,3,5
2023.0,200.0,0.0,0.0,3,10,3,0,0,0,1,1,1,1,0,0,1,1,1,8,6,10,1,1,0,1,1,0,6,9,5,3,2
2023.0,-50.0,0.0,0.0,3,6,3,0,0,0,1,1,0,1,0,0,1,1,1,11,6,10,1,0,0,1,1,0,10,2,5,8,3
2023.0,0.0,0.0,0.0,3,2,3,0,0,0,0,1,1,1,0,0,2,1,1,12,6,10,1,0,0,1,0,0,4,4,5,3,9
2023.0,-500.0,0.0,0.0,3,2,3,0,0,0,1,2,1,1,0,1,1,1,1,12,6,10,1,0,0,1,1,0,5,2,5,3,9
2023.0,-45.0,0.0,0.0,3,10,3,4,0,0,1,2,1,1,0,1,2,1,1,12,6,10,1,0,0,1,1,0,10,5,5,9,5
2023.0,0.0,1.0,0.0,3,2,3,0,0,0,1,2,1,1,0,1,1,1,1,14,6,10,1,0,0,0,1,0,4,2,5,3,9
2023.0,120.0,0.0,0.0,3,10,3,0,0,0,2,2,1,1,0,0,2,1,1,15,6,10,1,0,0,3,0,0,10,7,5,3,3
2023.0,50.0,0.0,0.0,3,11,3,0,0,0,2,9,1,1,0,0,9,1,1,16,6,10,1,1,0,3,1,0,10,5,5,9,9
2023.0,0.0,1.0,0.0,3,4,0,0,0,0,1,6,1,1,0,0,2,1,1,18,6,10,1,1,0,2,2,0,4,2,5,3,9
2023.0,5.0,1.0,0.0,2,5,0,0,0,2,1,1,1,1,0,0,5,1,1,20,6,10,1,0,0,1,1,0,10,5,5,9,7
2023.0,77.0,0.0,0.0,3,2,0,0,0,0,2,5,1,1,0,1,5,1,1,20,6,10,1,0,0,3,0,0,10,5,5,8,1
2023.0,-345.0,0.0,0.0,3,2,3,0,0,0,1,9,1,1,0,1,2,1,1,7,0,10,0,1,0,1,1,0,0,2,5,3,9
2023.0,150.0,1.0,0.0,2,6,3,0,0,0,0,5,1,1,0,1,5,1,1,10,0,10,0,0,0,2,1,0,6,7,5,8,2
2023.0,-230.0,1.0,0.0,2,2,3,0,0,0,1,9,1,1,0,1,2,1,1,12,0,10,0,0,0,1,1,0,0,2,5,3,9
2023.0,75.0,1.0,0.0,3,6,3,0,0,0,1,5,1,1,0,1,5,1,1,12,0,10,0,0,0,1,1,0,10,8,5,8,8
2023.0,380.0,3.0,0.0,2,6,3,0,0,0,0,1,1,1,0,1,1,1,1,13,0,10,0,0,0,2,1,0,0,5,5,3,9
2023.0,642.0,1.0,0.0,3,5,3,0,0,2,1,5,1,1,0,1,9,1,1,14,0,10,0,0,0,2,1,0,0,5,5,9,3
2023.0,50.0,0.0,0.0,3,10,3,0,0,0,0,5,1,1,0,0,5,1,1,15,0,10,0,0,0,2,1,0,10,9,5,9,9
2023.0,0.0,0.0,0.0,3,6,3,0,0,0,2,2,1,1,0,0,2,1,1,15,0,10,0,0,0,3,2,0,4,7,5,8,3
2023.0,150.0,0.0,0.0,3,6,3,0,0,0,0,9,1,1,0,0,9,1,1,17,0,10,0,1,0,1,1,0,10,8,5,8,3
2023.0,626.0,0.0,0.0,3,6,4,0,0,0,1,9,1,1,0,1,9,1,1,17,0,10,0,1,0,1,1,0,6,7,5,8,8
2023.0,0.0,0.0,0.0,3,6,4,0,0,0,0,5,1,1,0,1,5,1,1,18,0,10,0,1,0,2,2,0,6,7,5,3,3
2023.0,200.0,0.0,0.0,3,10,5,4,0,0,1,5,1,1,0,1,5,1,1,18,0,10,0,1,0,2,0,0,6,2,2,2,2
2023.0,0.0,0.0,0.0,3,3,0,0,0,0,0,2,1,1,0,1,5,1,1,19,0,10,0,1,0,2,0,0,4,2,5,3,9
2023.0,0.0,0.0,0.0,3,4,0,0,0,0,0,5,1,1,0,0,2,1,1,1,1,10,0,0,0,2,1,0,4,2,5,3,9
2023.0,0.0,0.0,0.0,3,2,3,0,0,0,1,1,1,1,0,1,1,1,1,8,1,10,0,1,0,1,2,0,5,5,5,8,9
2023.0,-120.0,1.0,0.0,3,10,3,0,0,0,0,9,1,1,0,0,9,1,1,8,1,10,0,1,0,0,1,0,10,9,5,3,2
2023.0,-250.0,0.0,0.0,3,6,3,0,0,0,1,2,1,1,0,1,2,1,1,10,1,10,0,0,0,1,1,0,10,8,5,8,3
2023.0,0.0,0.0,0.0,3,2,3,0,0,0,0,9,1,1,0,1,5,1,1,10,1,10,0,0,0,1,1,0,0,2,5,3,3
2023.0,0.0,0.0,0.0,3,6,3,0,0,0,1,6,1,1,0,1,6,1,1,13,1,10,0,0,0,1,0,0,4,5,5,9,9
2023.0,-160.0,0.0,0.0,3,6,3,0,0,0,0,5,1,1,0,0,5,1,1,16,1,10,0,1,0,1,1,0,6,8,5,8,3
2023.0,420.0,1.0,0.0,3,4,0,0,0,0,1,1,1,1,0,1,2,1,1,17,1,10,0,1,0,1,1,0,6,2,5,3,9
2023.0,0.0,2.0,0.0,3,2,0,0,0,0,1,2,1,1,0,0,1,1,1,17,1,10,0,1,0,0,1,0,4,2,5,3,3
2023.0,220.0,0.0,0.0,3,10,3,0,0,0,1,5,1,1,0,1,5,1,1,9,2,10,0,1,0,2,0,0,3,9,5,3,2
2023.0,-100.0,0.0,0.0,3,10,3,4,0,0,0,1,1,1,0,0,1,1,1,11,2,10,0,0,0,0,1,0,10,5,5,5,5
2023.0,-40.0,0.0,0.0,3,10,3,0,3,0,2,1,1,1,0,1,1,1,1,13,2,10,0,0,0,3,1,0,10,9,5,3,3
2023.0,-185.0,0.0,0.0,3,10,3,0,0,0,1,9,1,1,1,1,9,1,1,13,2,10,0,0,0,2,1,0,6,7,5,6,3
2023.0,350.0,0.0,0.0,3,9,3,0,0,0,0,2,1,1,0,0,5,1,1,15,2,10,0,0,0,1,2,0,0,4,5,9,9
2023.0,0.0,1.0,0.0,2,4,3,0,0,0,1,5,1,1,0,0,9,1,1,15,2,10,0,0,0,1,2,0,4,2,5,9,3
2023.0,-200.0,0.0,0.0,3,10,3,0,0,0,0,1,1,1,0,1,1,1,1,15,2,10,0,0,0,2,2,0,10,9,5,3,2
2023.0,0.0,5.0,0.0,2,4,4,0,0,0,0,9,1,1,0,0,1,1,1,17,2,10,0,1,0,2,1,0,10,2,5,3,9
2023.0,50.0,0.0,0.0,3,6,0,0,0,0,2,5,1,1,0,0,5,1,1,18,2,10,0,1,0,3,1,0,6,7,5,8,3
2023.0,0.0,0.0,0.0,3,6,0,0,0,0,1,5,1,1,0,0,5,1,1,19,2,10,0,1,0,1,1,0,4,7,5,3,3
2023.0,500.0,1.0,0.0,3,10,0,0,0,0,1,9,1,1,0,1,9,1,1,22,2,10,0,0,0,2,2,0,10,9,5,3,2
2023.0,-250.0,0.0,0.0,3,6,3,0,0,0,1,1,1,1,0,0,1,1,1,7,3,10,0,1,0,0,1,0,6,7,5,8,3
2023.0,0.0,0.0,0.0,3,4,3,0,0,0,1,9,1,1,0,0,1,1,1,8,3,10,0,1,0,2,1,0,4,2,5,9,0
2023.0,-50.0,0.0,0.0,3,10,3,0,0,0,1,1,1,1,0,1,1,1,1,11,3,10,0,0,0,1,1,0,10,4,5,3,9
2023.0,-300.0,1.0,0.0,2,5,3,0,0,3,1,5,1,1,0,1,1,1,1,11,3,10,0,0,0,2,2,0,6,2,5,3,7
2023.0,-133.0,0.0,0.0,3,6,3,0,0,0,1,5,1,1,0,1,5,1,1,12,3,10,0,0,0,1,1,0,0,8,5,8,2
2023.0,0.0,1.0,0.0,3,10,3,0,0,0,0,9,1,1,0,1,9,1,1,14,3,10,0,0,0,1,2,0,5,5,5,9,9
2023.0,98.0,0.0,0.0,3,6,3,0,0,0,0,3,0,1,1,1,3,1,1,15,3,10,0,0,0,1,1,0,6,4,5,6,2
2023.0,60.0,1.0,0.0,2,6,3,0,0,0,1,5,1,1,0,1,5,1,1,15,3,10,0,0,0,2,2,0,6,7,5,8,3
2023.0,0.0,0.0,0.0,3,4,3,0,0,0,2,5,1,1,0,0,9,1,1,15,3,10,0,0,0,3,1,0,5,2,5,3,9
2023.0,8.0,1.0,0.0,3,5,3,0,0,0,2,4,1,1,3,1,5,1,1,15,3,10,0,0,0,3,2,0,10,7,5,7,9
2023.0,-250.0,0.0,0.0,3,6,3,0,0,0,0,4,0,1,1,1,4,1,1,16,3,10,0,1,0,1,1,0,6,4,5,6,1
2023.0,-540.0,1.0,0.0,3,2,3,0,0,0,0,2,1,1,0,1,5,1,1,17,3,10,0,1,0,2,1,0,0,2,7,3,9
2023.0,416.0,1.0,0.0,2,2,3,0,0,0,1,6,1,1,0,0,9,1,1,17,3,10,0,1,0,2,1,0,0,5,5,3,9
2023.0,75.0,0.0,0.0,3,10,0,0,0,0,1,9,1,1,0,1,9,1,1,18,3,10,0,1,0,0,1,0,10,5,5,5,5
2023.0,-48.0,1.0,0.0,3,6,0,0,0,0,1,1,1,1,0,1,1,1,1,19,3,10,0,1,0,2,2,0,10,8,5,3,8
2023.0,-15.0,0.0,0.0,3,2,0,0,0,0,0,5,1,1,0,0,1,1,1,19,3,10,0,1,0,1,1,0,10,2,5,9,3
2023.0,100.0,0.0,0.0,3,6,0,0,0,0,1,9,1,1,0,1,9,1,1,19,3,10,0,1,0,2,2,0,10,8,5,8,3
2023.0,-2700.0,2.0,0.0,2,2,0,0,0,0,0,9,1,1,0,0,5,1,1,20,3,10,0,0,0,1,0,0,6,2,5,3,9
2023.0,0.0,2.0,0.0,3,4,0,0,0,0,0,5,1,1,0,0,2,1,1,21,3,10,0,0,0,1,1,0,4,2,5,3,9
2023.0,0.0,0.0,0.0,3,6,0,0,0,0,0,2,1,1,0,1,2,1,1,23,3,10,0,0,0,1,1,0,4,5,5,2,3
2023.0,-215.0,0.0,0.0,3,10,3,0,0,0,1,1,1,1,0,0,1,1,1,14,4,10,0,0,0,1,2,0,0,5,5,8,9
2023.0,0.0,1.0,0.0,3,4,3,0,0,0,1,9,1,1,0,0,1,1,1,15,4,10,0,0,0,0,1,0,4,2,5,9,3
2023.0,100.0,0.0,0.0,3,6,3,0,0,0,0,1,1,1,0,1,1,1,1,16,4,10,0,1,0,2,1,0,0,8,5,8,8
2023.0,-110.0,0.0,0.0,3,5,3,0,3,0,2,8,1,1,1,1,1,1,1,16,4,10,0,1,0,3,1,0,6,5,5,6,5
2023.0,-195.0,1.0,0.0,3,2,3,0,0,0,1,2,1,1,0,1,1,1,1,16,4,10,0,1,0,1,2,0,0,2,5,3,9
2023.0,-475.0,0.0,0.0,3,6,4,0,0,0,1,1,1,1,0,1,1,1,1,17,4,10,0,1,0,2,2,0,10,8,5,8,8
2023.0,0.0,1.0,0.0,2,4,4,0,0,0,0,5,0,1,0,1,2,1,1,18,4,10,0,1,0,1,1,0,4,2,5,3,9
2023.0,0.0,0.0,0.0,3,4,0,0,0,0,1,2,1,1,0,0,9,1,1,18,4,10,0,1,0,1,1,0,4,4,5,3,9
2023.0,1100.0,0.0,0.0,3,10,0,0,0,0,0,5,1,1,0,1,5,1,1,19,4,10,0,1,0,0,2,0,6,9,5,3,2
2023.0,0.0,0.0,0.0,3,10,0,0,0,0,1,5,1,1,0,1,5,1,1,19,4,10,0,1,0,1,1,0,4,5,5,9,9
2023.0,50.0,0.0,0.0,3,10,0,0,0,0,0,2,1,1,0,1,2,1,1,19,4,10,0,1,0,2,0,0,10,9,5,8,3
2023.0,200.0,0.0,0.0,3,5,0,0,0,0,0,1,1,1,0,1,5,1,1,20,4,10,0,0,0,1,2,0,0,5,5,6,1
2023.0,700.0,1.0,0.0,2,6,0,0,3,0,2,8,1,1,0,1,5,1,1,1,5,10,1,0,0,3,1,0,0,7,5,8,5
2023.0,-50.0,0.0,0.0,3,6,0,0,0,0,1,1,0,1,0,1,1,1,1,1,5,10,1,0,0,1,1,0,6,7,5,9,9
2023.0,-20.0,0.0,0.0,3,6,5,4,0,0,1,2,1,1,0,1,2,0,1,2,5,10,1,0,0,2,2,0,6,8,5,8,3
2023.0,100.0,0.0,0.0,3,10,3,0,0,0,1,5,1,1,0,1,5,1,1,6,5,10,1,0,0,1,1,0,10,9,5,8,2
2023.0,0.0,1.0,0.0,3,2,3,0,0,0,0,9,1,1,0,1,9,1,1,10,5,10,1,0,0,1,1,0,5,9,5,3,2
2023.0,-1000.0,1.0,0.0,2,2,3,0,0,0,0,1,1,1,0,0,2,1,1,11,5,10,1,0,0,1,1,0,5,5,5,3,3
2023.0,600.0,0.0,0.0,3,6,3,0,0,0,0,5,1,1,0,1,5,1,1,11,5,10,1,0,0,2,2,0,6,8,5,8,3
2023.0,600.0,0.0,0.0,3,6,3,0,0,0,1,5,1,1,0,1,5,1,1,11,5,10,1,0,0,1,1,0,6,8,5,8,3
2023.0,-66.0,1.0,0.0,3,6,3,0,0,0,2,2,1,1,0,1,2,1,1,14,5,10,1,0,0,3,2,0,10,8,5,8,8
2023.0,-350.0,0.0,0.0,3,10,3,0,0,0,0,2,1,1,0,1,2,1,1,15,5,10,1,0,0,3,1,0,6,9,5,3,2
2023.0,-200.0,0.0,0.0,3,10,3,0,0,0,2,2,1,1,0,0,2,1,1,15,5,10,1,0,0,3,2,0,10,9,5,3,2
2023.0,0.0,0.0,0.0,3,4,3,0,0,0,1,2,1,1,0,1,5,1,1,16,5,10,1,1,0,1,1,0,4,2,5,3,9
2023.0,330.0,0.0,0.0,3,6,0,0,0,0,0,9,1,1,0,1,9,1,1,18,5,10,1,1,0,1,1,0,6,8,5,8,3
2023.0,0.0,0.0,0.0,3,2,0,0,0,0,0,9,1,1,0,0,9,1,1,18,5,10,1,1,0,0,1,0,5,4,5,9,3
2023.0,0.0,1.0,0.0,3,4,0,0,0,0,1,2,1,1,0,0,5,1,1,19,5,10,1,1,0,1,2,0,5,2,5,3,9
2023.0,-125.0,1.0,0.0,3,10,0,0,0,0,0,9,1,1,0,1,9,1,1,20,5,10,1,0,0,1,1,0,10,5,5,9,9
2023.0,40.0,0.0,0.0,3,10,0,0,0,0,2,9,1,1,0,1,1,1,1,21,5,10,1,0,0,3,1,0,10,2,5,9,9
2023.0,-50.0,0.0,0.0,3,9,0,0,0,0,2,5,1,1,0,0,2,1,1,21,5,10,1,0,0,3,2,0,6,9,5,8,3
2023.0,-200.0,0.0,0.0,3,10,0,0,0,0,1,1,1,1,0,1,1,1,1,0,6,10,1,0,0,1,1,0,6,5,5,5,5
2023.0,0.0,1.0,0.0,3,10,3,0,0,0,0,1,1,1,0,1,1,1,1,11,6,10,1,0,0,2,2,0,4,7,5,8,3
2023.0,-282.0,0.0,0.0,3,4,3,0,0,0,0,1,1,1,0,1,5,1,1,11,6,10,1,0,0,0,1,0,0,2,5,3,9
2023.0,400.0,0.0,0.0,3,4,3,0,0,0,0,9,1,1,0,0,2,1,1,11,6,10,1,0,0,2,1,0,0,2,5,3,3
2023.0,0.0,0.0,0.0,3,4,3,0,0,0,0,7,1,1,0,0,1,1,1,12,6,10,1,0,0,0,1,0,6,2,5,3,9
2023.0,-100.0,3.0,0.0,2,5,4,0,0,0,1,9,1,1,0,1,1,1,1,18,6,10,1,1,0,1,1,0,6,5,5,3,3
2023.0,200.0,3.0,0.0,2,6,0,0,0,0,1,5,0,1,0,1,5,1,1,18,6,10,1,1,0,1,0,0,10,8,5,8,3
2023.0,50.0,0.0,0.0,3,6,0,0,0,0,0,5,1,1,0,1,5,1,1,21,6,10,1,0,0,2,0,0,10,7,5,8,3
2023.0,500.0,0.0,0.0,3,6,3,0,0,0,1,9,1,1,0,1,9,1,1,10,0,10,0,0,0,1,1,0,6,8,5,3,3
2023.0,-5.0,1.0,0.0,3,2,3,0,0,0,1,5,1,1,2,1,9,1,1,11,0,10,0,0,0,2,2,0,10,4,5,3,9
2023.0,-100.0,0.0,0.0,3,10,3,0,0,0,2,1,1,1,0,1,1,1,1,13,0,10,0,0,0,3,1,0,6,9,5,8,3
2023.0,88.0,1.0,0.0,3,6,3,0,0,0,0,5,1,1,0,1,5,1,1,16,0,10,0,1,0,2,1,0,10,8,5,8,3
2023.0,0.0,0.0,0.0,3,2,3,0,0,0,1,1,1,1,0,1,5,1,1,16,0,10,0,1,0,1,2,0,5,2,5,3,9
2023.0,800.0,1.0,0.0,3,6,3,0,0,0,1,2,1,1,0,0,2,1,1,16,0,10,0,1,0,2,1,0,6,8,5,8,3
2023.0,830.0,1.0,0.0,3,6,3,0,0,0,0,2,1,1,0,0,2,1,1,16,0,10,0,1,0,2,2,0,6,8,5,8,3
2023.0,-50.0,1.0,0.0,3,6,0,0,0,0,2,2,1,1,0,1,2,1,1,19,0,10,0,1,0,3,1,0,10,5,5,3,3
2023.0,0.0,0.0,0.0,3,4,3,0,0,0,1,1,1,1,0,1,9,1,1,7,1,10,0,1,0,2,2,0,4,2,2,9,9
2023.0,725.0,0.0,0.0,3,6,3,0,0,0,0,9,1,1,0,0,9,1,1,8,1,10,0,1,0,1,2,0,6,7,5,8,3
2023.0,201.0,2.0,0.0,2,4,3,0,0,0,1,9,1,1,0,1,2,1,1,11,1,10,0,0,0,0,1,0,0,2,5,3,9
2023.0,-200.0,0.0,0.0,3,2,3,0,0,0,0,5,1,1,0,1,9,1,1,11,1,10,0,0,0,0,2,0,0,2,5,3,9
2023.0,0.0,0.0,0.0,3,4,3,0,0,0,0,1,1,1,0,1,9,1,1,12,1,10,0,0,0,2,1,0,4,2,5,3,9
2023.0,0.0,2.0,0.0,3,2,3,0,0,0,2,4,1,1,0,1,4,1,1,13,1,10,0,0,0,3,1,0,4,4,5,9,9
2023.0,0.0,0.0,0.0,3,6,3,0,0,0,1,2,1,1,0,0,2,1,1,15,1,10,0,0,0,1,0,0,4,5,5,9,9
2023.0,-75.0,0.0,0.0,3,10,3,0,0,0,2,2,1,1,0,1,2,1,1,15,1,10,0,0,0,3,1,0,10,2,5,2,2
2023.0,0.0,2.0,0.0,2,4,3,0,0,0,0,9,1,1,0,1,1,1,1,16,1,10,0,1,0,1,2,0,4,2,5,3,9