Year,Distance,Totalinjuries,Totalfatalities,Injuryseverity,Collisionmanner,Lightcondition,Weather,SurfaceCondition,Unittype_One,Gender_Drv1,Traveldirection_One,AlcoholUse_Drv1,DrugUse_Drv1,Unittype_Two,Gender_Drv2,Traveldirection_Two,AlcoholUse_Drv2,DrugUse_Drv2,Hour,Weekday,Month,Weekend,Rush_Hour,Hazardous_Road,Age_Group_Drv1,Age_Group_Drv2,Substance_Use,Junction_Category,Violation_Category_Drv1,Violation_Category_Drv2,Unitaction_Category_Two,Unitaction_Category_One
2023.0,400.0,0.0,0.0,3,3,3,0,0,0,0,1,1,1,0,0,5,1,1,16,1,10,0,1,0,1,1,0,0,2,5,3,9
2023.0,0.0,0.0,0.0,3,4,3,0,0,0,1,9,1,1,0,1,1,1,1,16,1,10,0,1,0,2,2,0,4,2,5,3,9
2023.0,40.0,0.0,0.0,3,10,0,0,0,0,1,5,1,1,0,1,5,1,1,20,1,10,0,0,0,2,1,0,10,9,5,3,2
2023.0,-190.0,0.0,0.0,3,5,0,0,0,0,1,5,1,1,1,1,1,1,1,21,1,10,0,0,0,2,1,0,0,5,5,6,1
2023.0,-200.0,1.0,0.0,3,6,0,0,0,0,1,9,1,1,0,1,9,1,1,23,1,10,0,0,0,2,2,0,6,2,5,3,6
2023.0,0.0,1.0,0.0,2,2,3,0,0,0,1,5,1,1,0,0,1,1,1,7,2,11,0,1,0,1,1,0,5,5,5,8,3
2023.0,350.0,1.0,0.0,3,6,3,0,0,0,1,2,1,1,0,1,2,1,1,8,2,11,0,1,0,1,1,0,6,7,5,8,3
2023.0,0.0,0.0,0.0,3,10,3,0,0,0,1,2,1,1,0,1,9,1,1,9,2,11,0,1,0,1,1,0,4,9,5,9,2
2023.0,-165.0,0.0,0.0,3,10,3,0,0,0,1,2,1,1,0,0,2,1,1,13,2,11,0,0,0,1,1,0,6,7,5,8,2
2023.0,-40.0,1.0,0.0,2,11,3,0,0,0,1,5,1,1,0,0,2,1,1,14,2,11,0,0,0,1,2,0,10,4,5,9,6
2023.0,-45.0,0.0,0.0,3,10,3,0,0,0,2,2,1,1,0,1,2,1,1,15,2,11,0,0,0,3,2,0,10,9,5,3,2
2023.0,90.0,0.0,0.0,3,6,3,0,0,0,1,5,1,1,0,0,5,1,1,15,2,11,0,0,0,1,2,0,6,7,5,8,3
2023.0,-297.0,0.0,0.0,3,6,4,0,0,0,1,1,1,1,0,1,1,1,1,17,2,11,0,1,0,2,1,0,6,9,5,3,2
2023.0,-55.0,0.0,0.0,3,6,3,0,0,0,0,2,1,1,0,0,2,1,1,17,2,11,0,1,0,2,1,0,10,8,5,8,3
2023.0,0.0,1.0,0.0,2,2,0,0,0,0,1,9,1,1,0,0,5,1,1,22,2,11,0,0,0,2,2,0,4,2,5,9,3
2023.0,0.0,0.0,0.0,3,10,3,0,0,0,2,5,1,1,0,1,9,1,1,7,3,11,0,1,0,3,0,0,5,2,5,3,9
2023.0,0.0,0.0,0.0,3,4,3,0,0,0,1,9,1,1,0,0,1,1,1,10,3,11,0,0,0,1,2,0,4,2,5,3,9
2023.0,675.0,1.0,0.0,2,2,3,0,0,3,0,9,1,1,0,1,2,1,1,10,3,11,0,0,0,2,1,0,0,5,5,9,5
2023.0,0.0,2.0,0.0,2,2,3,0,0,0,0,1,1,1,0,0,5,1,1,11,3,11,0,0,0,0,1,0,5,2,5,3,9
2023.0,156.0,0.0,0.0,3,6,3,0,0,0,2,2,1,1,0,1,2,1,1,12,3,11,0,0,0,3,1,0,6,7,5,8,3
2023.0,-60.0,0.0,0.0,3,6,3,0,0,0,0,2,1,1,0,1,2,1,1,12,3,11,0,0,0,1,1,0,10,7,5,3,3
2023.0,0.0,0.0,0.0,3,4,3,0,0,0,0,2,1,1,0,1,5,1,1,13,3,11,0,0,0,2,1,0,4,2,5,9,3
2023.0,0.0,0.0,0.0,3,10,3,0,0,0,1,5,1,1,0,1,5,1,1,14,3,11,0,0,0,1,2,0,4,5,5,9,9
2023.0,291.0,0.0,0.0,3,4,3,0,0,0,0,9,1,1,0,0,5,1,1,14,3,11,0,0,0,2,1,0,6,2,5,3,9
2023.0,-267.0,0.0,0.0,3,2,3,0,0,0,0,1,1,1,0,1,1,1,1,15,3,11,0,0,0,2,2,0,0,5,5,3,3
2023.0,215.0,1.0,0.0,2,2,3,0,0,3,0,1,1,1,0,0,5,1,1,15,3,11,0,0,0,2,1,0,0,5,5,9,7
2023.0,0.0,1.0,0.0,2,4,3,0,0,0,1,1,1,1,0,0,9,1,1,16,3,11,0,1,0,1,1,0,4,2,5,3,9
2023.0,-381.0,0.0,0.0,3,4,4,0,0,0,1,9,1,1,0,0,5,1,1,17,3,11,0,1,0,1,1,0,6,2,5,3,9
2023.0,350.0,3.0,0.0,3,6,4,0,0,0,0,5,1,1,0,0,5,1,1,17,3,11,0,1,0,2,1,0,6,8,5,8,8
2023.0,0.0,2.0,0.0,3,2,0,0,0,0,0,1,1,1,0,0,5,1,1,18,3,11,0,1,0,1,1,0,4,5,5,3,3
2023.0,400.0,1.0,0.0,2,5,4,0,0,0,0,2,1,1,2,0,5,1,1,18,3,11,0,1,0,1,1,0,10,2,5,5,9
2023.0,200.0,2.0,0.0,3,6,0,0,0,0,0,5,0,1,0,1,5,1,1,18,3,11,0,1,0,1,1,0,10,8,5,8,3
2023.0,-300.0,0.0,0.0,3,2,5,4,0,0,1,9,1,1,0,0,2,1,1,18,3,11,0,1,0,2,1,0,10,2,5,3,9
2023.0,0.0,0.0,0.0,3,6,0,0,0,0,1,1,1,1,0,1,1,1,1,19,3,11,0,1,0,1,1,0,6,7,5,3,3
2023.0,426.0,0.0,0.0,3,10,0,0,0,0,2,9,1,1,0,0,9,1,1,22,3,11,0,0,0,3,2,0,6,9,5,3,2
2023.0,1000.0,0.0,0.0,3,2,3,0,0,0,1,1,1,1,0,0,2,1,1,7,4,11,0,1,0,1,1,0,0,2,5,9,9
2023.0,50.0,0.0,0.0,3,6,2,4,0,0,1,5,1,1,0,1,5,1,1,7,4,11,0,1,0,2,2,0,10,7,5,8,8
2023.0,0.0,0.0,0.0,3,2,3,0,0,0,0,2,1,1,0,0,1,1,1,8,4,11,0,1,0,0,1,0,4,5,5,9,3
2023.0,0.0,1.0,0.0,2,6,3,0,0,0,0,9,1,1,0,1,9,1,1,8,4,11,0,1,0,1,1,0,6,7,5,8,8
2023.0,0.0,0.0,0.0,3,4,3,0,0,0,0,5,1,1,0,0,2,1,1,9,4,11,0,1,0,2,0,0,5,2,5,3,9
2023.0,0.0,0.0,0.0,3,2,3,0,0,0,1,9,1,1,0,1,2,1,1,9,4,11,0,1,0,1,1,0,5,2,5,3,9
2023.0,-20.0,0.0,0.0,3,6,3,0,0,0,1,5,1,1,0,1,5,1,1,13,4,11,0,0,0,2,1,0,10,7,5,8,3
2023.0,72.0,1.0,0.0,3,2,3,0,0,0,1,1,1,1,0,0,9,1,1,14,4,11,0,0,0,0,1,0,0,2,5,3,9
2023.0,-1000.0,2.0,0.0,2,6,3,0,0,0,1,2,1,1,0,0,2,1,1,16,4,11,0,1,0,1,1,0,6,7,5,8,3
2023.0,100.0,0.0,0.0,3,10,3,0,0,0,2,1,1,1,0,1,1,1,1,16,4,11,0,1,0,3,0,0,6,9,5,8,3
2023.0,-300.0,2.0,0.0,2,3,3,0,0,0,1,9,1,1,0,0,1,1,1,17,4,11,0,1,0,1,1,0,0,2,5,3,3
2023.0,0.0,0.0,0.0,3,11,0,1,0,0,1,2,1,1,0,0,5,1,1,19,4,11,0,1,0,2,1,0,10,2,5,3,9
2023.0,-87.0,1.0,0.0,3,6,3,0,0,0,2,2,1,1,0,0,2,1,1,10,5,11,1,0,0,3,2,0,10,5,5,8,5
2023.0,500.0,1.0,0.0,1,6,3,0,0,0,1,2,1,1,3,0,8,1,1,10,5,11,1,0,0,0,0,0,6,7,5,6,8
2023.0,500.0,1.0,0.0,3,4,3,0,0,0,0,2,1,1,0,0,1,1,1,12,5,11,1,0,0,0,0,0,0,5,5,3,9
2023.0,-50.0,0.0,0.0,3,10,3,0,0,0,1,2,1,1,0,1,2,1,1,14,5,11,1,0,0,1,1,0,10,5,5,9,2
2023.0,100.0,0.0,0.0,3,10,3,0,3,0,2,8,1,1,0,0,5,1,1,15,5,11,1,0,0,3,1,0,10,5,5,3,5
2023.0,0.0,1.0,0.0,3,4,3,0,0,0,1,2,1,1,0,0,5,1,1,16,5,11,1,1,0,1,0,0,5,5,5,3,9
2023.0,-145.0,2.0,0.0,2,4,0,0,0,0,0,2,1,1,0,0,5,1,1,20,5,11,1,0,0,1,1,0,0,2,5,3,9
2023.0,0.0,0.0,0.0,3,2,0,0,0,0,1,5,1,1,0,1,5,1,1,23,5,11,1,0,0,2,2,0,4,5,5,9,3
2023.0,-500.0,0.0,0.0,3,10,0,0,0,0,1,9,1,1,0,1,9,1,1,4,6,11,1,0,0,1,1,0,6,5,5,3,3
2023.0,50.0,0.0,0.0,3,2,3,0,0,0,1,9,1,1,0,1,9,1,1,6,6,11,1,0,0,1,2,0,10,4,5,3,9
2023.0,-458.0,0.0,0.0,3,10,3,0,0,0,1,1,1,1,0,0,1,1,1,10,6,11,1,0,0,1,2,0,6,9,5,3,2
2023.0,5.0,1.0,0.0,3,5,2,0,0,0,1,9,1,1,3,0,2,1,1,6,0,11,0,0,0,0,1,0,10,2,5,7,8
2023.0,10.0,0.0,0.0,3,10,3,0,0,0,1,9,1,1,0,0,9,1,1,8,0,11,0,1,0,0,1,0,10,5,5,9,9
2023.0,-290.0,0.0,0.0,3,10,3,0,0,0,1,1,1,1,0,1,1,1,1,15,0,11,0,0,0,1,1,0,0,4,5,3,9
2023.0,80.0,0.0,0.0,3,6,3,0,0,0,1,9,1,1,0,1,9,1,1,15,0,11,0,0,0,2,0,0,0,8,5,8,3
2023.0,0.0,2.0,0.0,3,4,3,0,0,0,0,2,1,1,0,1,9,1,1,15,0,11,0,0,0,2,2,0,4,2,5,9,3
2023.0,630.0,0.0,0.0,3,10,3,0,0,0,1,1,1,1,0,0,1,1,1,16,0,11,0,1,0,1,1,0,6,9,5,3,2
2023.0,0.0,1.0,0.0,2,2,3,0,0,0,1,5,1,1,2,1,1,1,1,16,0,11,0,1,0,2,1,0,4,5,5,3,3
2023.0,27.0,0.0,0.0,3,6,4,0,0,0,1,1,1,1,0,1,1,1,1,17,0,11,0,1,0,2,1,0,10,7,5,9,9
2023.0,800.0,0.0,0.0,3,6,0,0,0,0,1,2,1,1,0,1,2,1,1,18,0,11,0,1,0,1,1,0,6,8,5,8,3
2023.0,25.0,0.0,0.0,3,6,0,0,0,0,1,9,1,1,0,0,9,1,1,19,0,11,0,1,0,1,2,0,10,8,5,3,3
2023.0,-380.0,0.0,0.0,3,4,3,0,0,0,1,9,1,1,0,1,2,1,1,7,1,11,0,1,0,2,1,0,0,2,5,3,9
2023.0,0.0,1.0,0.0,3,5,3,0,0,0,1,3,1,1,2,0,2,1,1,7,1,11,0,1,0,1,1,0,10,2,5,8,9
2023.0,-600.0,0.0,0.0,3,4,3,0,0,0,0,4,1,1,0,1,1,1,1,7,1,11,0,1,0,1,1,0,0,2,5,3,9
2023.0,0.0,0.0,0.0,3,4,3,0,0,0,1,5,1,1,0,0,2,1,1,8,1,11,0,1,0,1,0,0,5,2,5,3,9
2023.0,-98.0,0.0,0.0,3,10,3,0,0,0,1,6,1,1,0,0,6,1,1,10,1,11,0,0,0,2,2,0,10,9,5,3,2
2023.0,260.0,0.0,0.0,3,6,3,0,0,0,1,5,1,1,0,1,5,1,1,11,1,11,0,0,0,1,1,0,6,7,5,8,3
2023.0,0.0,1.0,0.0,3,4,3,0,0,0,1,9,1,1,0,1,1,1,1,13,1,11,0,0,0,0,2,0,4,5,5,3,9
2023.0,-280.0,0.0,0.0,3,10,3,0,0,0,0,9,1,1,0,1,9,1,1,14,1,11,0,0,0,1,0,0,10,7,7,5,5
2023.0,438.0,1.0,0.0,3,3,3,0,0,3,1,5,1,1,0,0,9,1,1,15,1,11,0,0,0,2,2,0,6,6,5,3,7
2023.0,-126.0,0.0,0.0,3,6,3,0,0,0,0,1,1,1,0,1,1,1,1,16,1,11,0,1,0,2,1,0,10,7,5,8,3
2023.0,155.0,0.0,0.0,3,10,3,0,0,0,0,9,1,1,0,0,9,1,1,17,1,11,0,1,0,0,1,0,6,5,5,3,3
2023.0,-530.0,0.0,0.0,3,4,3,0,0,0,0,5,1,1,0,1,1,1,1,17,1,11,0,1,0,2,0,0,6,2,5,3,9
2023.0,-500.0,1.0,0.0,1,5,3,0,0,3,0,9,1,1,0,0,9,1,1,17,1,11,0,1,0,2,0,0,6,9,5,3,7
2023.0,522.0,0.0,0.0,3,6,4,0,0,0,1,9,1,1,0,1,9,1,1,18,1,11,0,1,0,1,1,0,6,7,5,8,3
2023.0,-68.0,0.0,0.0,3,6,0,0,0,0,1,1,1,1,0,1,1,1,1,19,1,11,0,1,0,2,0,0,10,7,5,8,3
2023.0,85.0,0.0,0.0,3,2,0,0,0,0,1,9,1,1,0,1,1,1,1,20,1,11,0,0,0,1,1,0,6,4,5,3,9
2023.0,0.0,0.0,0.0,3,2,0,0,0,0,0,9,1,1,0,0,9,1,1,21,1,11,0,0,0,1,1,0,8,9,5,9,9
2023.0,600.0,0.0,0.0,3,6,0,0,0,0,2,9,1,1,0,1,9,1,1,22,1,11,0,0,0,3,1,0,6,7,5,8,3
2023.0,-300.0,1.0,0.0,2,2,3,0,0,0,1,9,1,1,0,0,5,1,1,8,2,11,0,1,0,2,2,0,6,7,7,3,3
2023.0,200.0,1.0,0.0,3,6,3,0,0,0,1,2,1,1,0,0,2,1,1,10,2,11,0,0,0,1,1,0,6,7,5,8,3
2023.0,-45.0,0.0,0.0,3,10,3,0,0,0,1,1,1,1,0,0,1,1,1,10,2,11,0,0,0,0,1,0,10,4,5,8,9
2023.0,-150.0,0.0,0.0,3,11,3,0,0,0,0,5,1,1,0,0,5,1,1,13,2,11,0,0,0,2,1,0,6,4,5,3,9
2023.0,440.0,1.0,0.0,2,5,3,0,0,3,1,9,1,1,0,1,2,1,1,14,2,11,0,0,0,2,1,0,0,5,5,9,7
2023.0,100.0,0.0,0.0,3,4,3,0,0,0,1,1,1,1,0,0,9,1,1,15,2,11,0,0,0,1,1,0,0,9,2,9,2
2023.0,-104.0,0.0,0.0,3,6,3,0,0,0,1,2,1,1,0,1,2,1,1,16,2,11,0,1,0,1,0,0,10,7,5,8,3
2023.0,-400.0,0.0,0.0,3,10,3,0,0,0,2,5,1,1,0,1,5,1,1,16,2,11,0,1,0,3,1,0,6,9,5,3,2
2023.0,30.0,0.0,0.0,3,6,3,0,0,0,2,5,1,1,0,1,5,1,1,17,2,11,0,1,0,3,0,0,6,5,5,6,3
2023.0,80.0,1.0,0.0,2,6,4,0,0,0,1,5,1,1,0,0,5,1,1,18,2,11,0,1,0,1,1,0,10,8,5,8,3
2023.0,0.0,1.0,0.0,3,4,3,0,0,0,0,2,1,1,0,0,9,1,1,7,3,11,0,1,0,1,2,0,4,2,5,3,9
2023.0,100.0,0.0,0.0,3,10,3,0,0,0,0,9,1,1,0,1,9,1,1,8,3,11,0,1,0,1,1,0,10,5,5,9,3
2023.0,115.0,0.0,0.0,3,10,3,0,0,0,1,2,1,1,0,1,2,1,1,11,3,11,0,0,0,1,1,0,10,4,5,3,2
2023.0,0.0,0.0,0.0,3,10,3,0,0,0,1,5,1,1,0,1,5,1,1,12,3,11,0,0,0,1,1,0,6,5,5,3,3
2023.0,173.0,0.0,0.0,3,6,3,0,0,0,1,9,1,1,0,0,9,1,1,12,3,11,0,0,0,1,1,0,10,7,5,8,3
2023.0,-90.0,0.0,0.0,3,6,3,0,0,0,1,1,1,1,0,1,1,1,1,14,3,11,0,0,0,2,2,0,10,7,5,8,3
2023.0,-280.0,0.0,0.0,3,6,0,0,0,0,1,2,0,1,1,1,5,1,1,18,3,11,0,1,0,1,1,0,6,7,5,6,3
2023.0,-90.0,0.0,0.0,3,5,0,0,0,0,1,2,1,1,1,1,9,1,1,20,3,11,0,0,0,1,1,0,6,5,5,6,1
2023.0,-200.0,0.0,0.0,3,2,0,0,0,0,2,9,1,1,0,1,9,1,1,21,3,11,0,0,0,3,1,0,0,4,5,3,9
2023.0,0.0,0.0,0.0,3,2,0,0,0,0,0,9,1,1,0,1,2,1,1,23,3,11,0,0,0,3,1,0,4,2,5,3,3
2023.0,-100.0,0.0,0.0,3,5,0,0,0,0,1,9,0,1,1,1,8,1,1,2,4,11,0,0,0,1,1,0,6,5,5,6,1
2023.0,20.0,0.0,0.0,3,6,0,0,0,0,2,5,1,1,0,0,5,1,1,5,4,11,0,0,0,3,1,0,10,5,5,3,3
2023.0,0.0,0.0,0.0,3,10,3,0,0,0,1,5,1,1,0,1,5,1,1,9,4,11,0,1,0,1,1,0,4,9,5,9,3
2023.0,-61.0,0.0,0.0,3,10,3,0,0,0,1,5,1,1,0,1,5,1,1,11,4,11,0,0,0,1,1,0,6,9,5,8,2
2023.0,260.0,0.0,0.0,3,6,3,0,0,0,1,2,1,1,1,1,5,1,1,13,4,11,0,0,0,3,0,0,6,5,5,6,1
2023.0,75.0,0.0,0.0,3,6,3,0,0,0,1,2,1,1,0,0,5,1,1,13,4,11,0,0,0,2,1,0,10,5,5,8,1
2023.0,-433.0,1.0,0.0,2,2,3,0,3,0,2,5,1,1,2,1,9,1,1,15,4,11,0,0,0,3,1,0,0,2,5,3,5
2023.0,-316.0,1.0,0.0,3,2,4,0,0,0,0,1,1,1,0,0,1,1,1,16,4,11,0,1,0,1,1,0,10,9,5,3,2
2023.0,0.0,1.0,0.0,3,4,4,0,0,0,1,5,1,1,0,1,2,1,1,17,4,11,0,1,0,1,2,0,4,2,5,3,9
2023.0,250.0,0.0,0.0,3,6,4,0,0,0,0,5,1,1,0,1,5,1,1,17,4,11,0,1,0,1,1,0,6,7,5,8,3
2023.0,-50.0,1.0,0.0,3,2,0,0,0,0,0,5,1,1,0,1,5,1,1,17,4,11,0,1,0,0,1,0,10,9,5,3,2
2023.0,40.0,0.0,0.0,3,5,0,0,0,0,0,9,1,1,0,1,9,1,1,20,4,11,0,0,0,1,2,0,6,5,5,3,3
2023.0,68.0,0.0,0.0,3,10,5,4,3,0,0,5,1,1,0,1,5,1,1,21,4,11,0,0,0,0,1,0,10,9,5,9,9
2023.0,0.0,0.0,0.0,3,6,0,0,0,0,0,9,1,1,0,0,9,1,1,22,4,11,0,0,0,2,1,0,5,8,5,3,3
2023.0,300.0,0.0,0.0,3,6,0,0,0,0,2,2,1,1,0,0,2,1,1,22,4,11,0,0,0,3,2,0,6,7,5,8,3
2023.0,0.0,1.0,0.0,2,4,3,0,0,0,0,5,1,1,0,1,2,1,1,8,5,11,1,1,0,1,1,0,4,2,5,3,9
2023.0,0.0,2.0,0.0,2,2,3,0,0,0,1,5,1,1,0,1,9,1,1,10,5,11,1,0,0,2,1,0,6,5,5,9,3
2023.0,0.0,0.0,0.0,3,6,3,0,0,0,1,9,1,1,0,0,9,1,1,10,5,11,1,0,0,2,1,0,3,7,5,8,9
2023.0,200.0,3.0,0.0,3,6,3,0,0,0,0,9,1,1,0,1,9,1,1,12,5,11,1,0,0,1,1,0,6,7,5,8,3
2023.0,0.0,2.0,0.0,3,2,3,0,0,0,1,9,1,1,0,0,5,1,1,13,5,11,1,0,0,1,0,0,4,2,5,3,3
2023.0,0.0,3.0,0.0,3,2,3,0,0,0,0,9,1,1,0,1,5,1,1,16,5,11,1,1,0,2,1,0,4,2,5,3,3
2023.0,-2000.0,1.0,0.0,3,2,3,0,0,0,2,5,1,1,2,1,1,1,1,16,5,11,1,1,0,3,2,0,0,5,5,3,3
2023.0,455.0,0.0,0.0,3,10,3,0,0,0,1,5,1,1,0,0,5,1,1,17,5,11,1,1,0,1,1,0,6,9,5,3,2
2023.0,100.0,0.0,0.0,3,6,3,0,0,0,2,1,1,1,0,1,1,1,1,17,5,11,1,1,0,3,1,0,6,7,5,3,3
2023.0,25.0,0.0,1.0,0,5,0,0,0,3,1,1,0,0,0,0,2,1,1,18,5,11,1,1,0,1,2,0,10,2,5,3,7
2023.0,0.0,0.0,0.0,3,2,0,0,0,0,1,2,1,1,0,0,1,1,1,21,5,11,1,0,0,1,1,0,4,2,5,3,9
2023.0,50.0,0.0,0.0,3,6,0,0,0,0,0,9,1,1,0,1,9,1,1,22,5,11,1,0,0,1,1,0,10,7,5,8,3
2023.0,25.0,4.0,0.0,3,6,0,0,0,0,0,5,0,0,0,1,5,1,1,2,6,11,1,0,0,2,2,0,10,7,5,8,3
2023.0,0.0,3.0,0.0,2,2,3,0,0,0,1,9,1,1,0,1,5,1,1,14,6,11,1,0,0,1,1,0,4,2,5,3,3
2023.0,50.0,0.0,0.0,3,6,3,0,0,0,1,5,1,1,0,1,5,1,1,14,6,11,1,0,0,1,1,0,10,8,5,8,3
2023.0,-200.0,1.0,0.0,2,11,3,0,0,0,0,2,1,1,0,1,5,1,1,14,6,11,1,0,0,1,1,0,6,2,5,3,9
2023.0,0.0,2.0,0.0,1,4,0,0,0,0,1,4,1,1,0,0,5,1,1,21,6,11,1,0,0,2,1,0,4,5,5,3,9
2023.0,0.0,0.0,0.0,3,10,3,0,0,0,0,5,1,1,0,1,9,1,1,11,0,11,0,0,0,1,2,0,10,9,5,9,9
2023.0,-90.0,0.0,0.0,3,6,3,0,0,0,0,1,0,1,0,1,1,1,1,13,0,11,0,0,0,1,1,0,10,7,5,8,8
2023.0,0.0,0.0,0.0,3,6,3,0,0,0,1,9,1,1,0,1,9,1,1,14,0,11,0,0,0,1,1,0,6,7,5,8,3
2023.0,0.0,2.0,0.0,3,2,3,0,0,0,1,1,1,1,0,0,5,1,1,15,0,11,0,0,0,2,1,0,5,2,5,3,9
2023.0,375.0,1.0,0.0,2,4,3,0,0,0,0,5,1,1,0,0,2,1,1,17,0,11,0,1,0,2,1,0,0,2,5,3,9
2023.0,-20.0,1.0,0.0,3,6,0,0,0,0,2,5,1,1,0,1,5,1,1,18,0,11,0,1,0,3,1,0,10,7,5,8,3
2023.0,-135.0,0.0,0.0,3,10,0,0,0,0,0,2,1,1,0,1,2,1,1,22,0,11,0,0,0,2,1,0,10,9,5,3,3
2023.0,0.0,0.0,0.0,3,4,0,0,0,0,1,2,1,1,0,1,9,1,1,5,1,11,0,0,0,3,1,0,4,5,5,9,3
2023.0,290.0,0.0,0.0,3,6,3,0,0,0,0,1,1,1,0,0,1,1,1,9,1,11,0,1,0,3,1,0,6,7,5,8,3
2023.0,140.0,0.0,0.0,3,6,3,0,0,0,1,2,1,1,0,1,2,1,1,12,1,11,0,0,0,1,1,0,10,5,5,5,5
2023.0,0.0,0.0,0.0,3,2,3,0,0,0,0,2,1,1,0,0,9,1,1,12,1,11,0,0,0,1,2,0,0,2,5,3,9
2023.0,0.0,0.0,0.0,3,6,3,0,0,0,0,5,1,1,0,0,5,1,1,13,1,11,0,0,0,2,2,0,6,7,5,8,3
2023.0,0.0,2.0,0.0,2,2,3,0,0,0,1,2,1,1,0,1,9,0,1,14,1,11,0,0,0,1,0,0,10,5,5,3,3
2023.0,-83.0,0.0,0.0,3,6,3,0,0,0,0,2,1,1,0,0,2,1,1,15,1,11,0,0,0,2,2,0,10,7,5,8,3
2023.0,-100.0,0.0,0.0,3,10,3,0,0,0,2,1,1,1,0,1,1,1,1,16,1,11,0,1,0,3,1,0,10,9,5,3,2
2023.0,-100.0,0.0,0.0,3,10,3,0,0,0,2,5,1,1,0,1,5,1,1,16,1,11,0,1,0,3,1,0,6,5,5,5,5
2023.0,-63.0,0.0,0.0,3,4,4,0,0,0,0,1,1,1,0,0,5,1,1,17,1,11,0,1,0,1,2,0,6,2,5,3,9
2023.0,0.0,0.0,0.0,3,4,4,0,0,0,0,5,1,1,0,1,1,1,1,17,1,11,0,1,0,1,1,0,4,5,5,3,9
2023.0,150.0,0.0,0.0,3,10,4,0,0,0,1,5,1,1,0,1,5,1,1,17,1,11,0,1,0,1,2,0,10,9,5,3,2
2023.0,50.0,0.0,0.0,3,10,4,0,0,0,1,5,1,1,0,1,5,1,1,18,1,11,0,1,0,1,1,0,10,9,5,3,3
2023.0,0.0,0.0,0.0,3,6,2,0,0,0,1,9,1,1,0,1,9,1,1,5,2,11,0,0,0,0,2,0,3,7,5,8,8
2023.0,220.0,0.0,0.0,3,4,3,1,0,0,1,5,1,1,0,0,9,1,1,7,2,11,0,1,0,1,1,0,0,2,5,3,9
2023.0,200.0,0.0,0.0,3,2,3,0,0,0,1,9,1,1,0,1,2,1,1,8,2,11,0,1,0,1,1,0,0,2,5,3,9
2023.0,0.0,1.0,0.0,2,6,3,0,0,0,1,9,1,1,0,0,9,1,1,9,2,11,0,1,0,1,1,0,3,7,5,8,3
2023.0,-711.0,0.0,0.0,3,5,3,0,0,0,1,1,1,1,0,1,5,1,1,10,2,11,0,0,0,1,1,0,6,5,5,3,1
2023.0,0.0,1.0,0.0,2,2,3,0,0,0,0,5,1,1,0,1,1,1,1,11,2,11,0,0,0,0,1,0,4,2,5,9,3
2023.0,-260.0,0.0,0.0,3,10,3,0,0,0,0,1,1,1,0,0,1,1,1,11,2,11,0,0,0,1,1,0,10,9,5,3,2
2023.0,120.0,0.0,0.0,3,6,3,0,0,0,1,9,1,1,0,1,9,1,1,13,2,11,0,0,0,1,1,0,10,7,5,8,3
2023.0,0.0,0.0,0.0,3,10,3,0,0,0,1,2,1,1,0,1,2,1,1,16,2,11,0,1,0,1,0,0,4,9,5,3,9
2023.0,-45.0,1.0,0.0,3,6,4,0,0,0,1,5,1,1,0,1,5,1,1,17,2,11,0,1,0,1,1,0,10,8,5,8,3
2023.0,0.0,1.0,0.0,3,5,0,1,0,0,0,3,1,1,3,0,9,1,1,18,2,11,0,1,0,0,2,0,0,5,5,7,9
2023.0,0.0,1.0,0.0,3,2,0,0,0,0,1,2,1,1,0,0,1,1,1,20,2,11,0,0,0,0,1,0,5,2,5,3,3
2023.0,0.0,3.0,0.0,2,2,0,0,4,0,1,9,1,1,0,1,2,1,1,4,3,11,0,0,1,1,1,0,4,2,5,3,3
2023.0,260.0,0.0,0.0,3,4,3,1,0,0,1,5,1,1,0,0,2,1,1,8,3,11,0,1,0,1,1,0,0,2,5,3,9
2023.0,0.0,1.0,0.0,3,5,3,4,3,0,1,9,1,1,3,1,9,1,1,8,3,11,0,1,0,1,2,0,5,2,5,5,9
2023.0,0.0,0.0,0.0,3,6,3,0,0,0,0,2,1,1,0,0,2,1,1,8,3,11,0,1,0,2,1,0,3,7,5,8,3
2023.0,0.0,2.0,0.0,2,4,3,1,0,0,1,5,1,1,0,0,2,1,1,9,3,11,0,1,0,1,1,0,4,2,5,3,9
2023.0,0.0,1.0,0.0,2,2,3,0,0,3,1,1,1,1,0,1,2,1,1,10,3,11,0,0,0,2,1,0,0,2,5,9,7
2023.0,50.0,0.0,0.0,3,6,3,1,0,0,2,5,1,1,0,1,5,1,1,10,3,11,0,0,0,3,1,0,6,5,5,3,5
2023.0,-150.0,0.0,0.0,3,10,3,1,0,0,1,5,1,1,0,1,5,1,1,11,3,11,0,0,0,0,1,0,6,9,5,3,2
2023.0,-100.0,1.0,0.0,3,6,3,0,0,0,1,9,1,1,0,0,9,1,1,11,3,11,0,0,0,3,0,0,10,8,5,3,3
2023.0,0.0,0.0,0.0,3,6,3,0,0,0,1,9,1,1,0,0,9,1,1,13,3,11,0,0,0,1,1,0,3,5,5,8,3