Year,Distance,Totalinjuries,Totalfatalities,Injuryseverity,Collisionmanner,Lightcondition,Weather,SurfaceCondition,Unittype_One,Gender_Drv1,Traveldirection_One,AlcoholUse_Drv1,DrugUse_Drv1,Unittype_Two,Gender_Drv2,Traveldirection_Two,AlcoholUse_Drv2,DrugUse_Drv2,Hour,Weekday,Month,Weekend,Rush_Hour,Hazardous_Road,Age_Group_Drv1,Age_Group_Drv2,Substance_Use,Junction_Category,Violation_Category_Drv1,Violation_Category_Drv2,Unitaction_Category_Two,Unitaction_Category_One
2023.0,0.0,1.0,0.0,3,4,3,0,0,0,0,5,1,1,0,0,2,1,1,14,3,11,0,0,0,1,2,0,4,5,5,9,3
2023.0,80.0,2.0,0.0,3,6,3,1,0,0,1,5,1,1,0,1,5,1,1,15,3,11,0,0,0,1,1,0,10,7,5,8,3
2023.0,182.0,0.0,0.0,3,2,0,0,0,0,1,1,1,1,0,1,5,1,1,17,3,11,0,1,0,1,1,0,10,8,5,8,3
2023.0,-275.0,1.0,0.0,1,10,3,3,4,0,1,9,1,1,1,1,9,1,1,18,3,11,0,1,1,1,1,0,6,7,5,6,3
2023.0,-292.0,1.0,0.0,3,5,0,0,0,0,1,5,1,1,3,1,1,1,1,18,3,11,0,1,0,1,2,0,0,2,5,5,9
2023.0,-479.0,0.0,0.0,3,2,4,0,0,0,1,2,1,1,0,0,1,1,1,18,3,11,0,1,0,1,1,0,0,2,5,9,3
2023.0,-150.0,0.0,0.0,3,2,0,3,0,0,1,7,1,1,0,0,9,1,1,20,3,11,0,0,0,2,1,0,6,5,5,3,9
2023.0,190.0,1.0,0.0,3,10,0,3,4,0,1,9,0,1,0,1,9,1,1,21,3,11,0,0,1,1,1,0,6,9,5,3,2
2023.0,95.0,0.0,0.0,3,6,0,3,4,0,2,9,1,1,0,1,9,1,1,22,3,11,0,0,1,3,2,0,10,7,5,8,3
2023.0,0.0,0.0,0.0,3,4,0,0,4,0,1,4,1,1,0,0,5,1,1,22,3,11,0,0,1,2,1,0,5,2,5,3,9
2023.0,0.0,1.0,0.0,2,4,3,1,0,0,0,2,1,1,0,0,5,1,1,7,4,11,0,1,0,0,2,0,5,2,5,3,9
2023.0,665.0,0.0,0.0,3,4,3,0,0,0,1,5,1,1,0,0,1,1,1,11,4,11,0,0,0,2,0,0,0,2,5,3,9
2023.0,0.0,1.0,0.0,2,2,3,0,0,0,1,1,1,1,0,1,5,1,1,13,4,11,0,0,0,0,2,0,5,2,5,3,9
2023.0,-1278.0,2.0,0.0,3,4,3,0,0,0,0,1,1,1,0,0,1,1,1,15,4,11,0,0,0,1,1,0,6,4,5,3,9
2023.0,-385.0,0.0,0.0,3,2,3,0,0,0,0,2,1,1,0,0,1,1,1,15,4,11,0,0,0,2,1,0,0,2,5,3,9
2023.0,-100.0,2.0,0.0,3,6,3,0,0,0,0,5,1,1,0,1,5,1,1,17,4,11,0,1,0,2,1,0,6,8,5,8,3
2023.0,5.0,1.0,0.0,2,5,0,0,0,2,1,9,1,1,0,1,1,1,1,19,4,11,0,1,0,1,1,0,10,2,5,9,7
2023.0,200.0,1.0,0.0,2,6,0,0,0,0,1,1,0,1,0,1,1,1,1,19,4,11,0,1,0,0,1,0,6,8,5,8,3
2023.0,-10.0,0.0,0.0,3,6,0,0,0,0,1,5,1,1,0,1,5,1,1,20,4,11,0,0,0,1,1,0,10,7,5,8,3
2023.0,0.0,1.0,0.0,3,2,0,0,0,0,1,1,1,1,0,0,9,1,1,20,4,11,0,0,0,2,2,0,4,2,5,3,9
2023.0,-330.0,0.0,0.0,3,10,0,0,0,0,1,5,1,1,0,0,5,1,1,21,4,11,0,0,0,0,1,0,6,9,5,3,2
2023.0,0.0,0.0,0.0,3,6,0,0,0,0,1,1,1,1,0,0,1,1,1,22,4,11,0,0,0,1,1,0,4,5,5,3,1
2023.0,715.0,1.0,0.0,1,4,0,0,0,0,1,9,1,1,0,0,1,1,1,22,4,11,0,0,0,2,1,0,6,2,5,3,9
2023.0,-23.0,0.0,0.0,3,6,0,1,0,0,0,2,1,1,0,0,2,1,1,3,5,11,1,0,0,1,1,0,10,7,5,8,3
2023.0,-35.0,1.0,0.0,3,10,3,1,4,0,1,9,1,1,0,1,9,1,1,9,5,11,1,1,1,2,1,0,10,9,5,3,2
2023.0,-300.0,1.0,0.0,3,6,3,3,4,0,0,2,1,1,0,1,2,1,1,11,5,11,1,0,1,1,2,0,6,7,5,8,3
2023.0,1.0,0.0,0.0,3,6,3,0,0,0,1,1,1,1,0,1,1,1,1,11,5,11,1,0,0,1,1,0,3,7,5,9,3
2023.0,200.0,0.0,0.0,3,10,3,0,0,0,1,1,1,1,0,1,1,1,1,11,5,11,1,0,0,0,1,0,6,9,5,3,2
2023.0,187.0,1.0,0.0,1,4,3,0,0,0,0,9,1,1,0,1,1,1,1,12,5,11,1,0,0,2,2,0,6,2,5,3,9
2023.0,75.0,0.0,0.0,3,6,3,0,0,0,1,5,1,1,0,0,5,1,1,15,5,11,1,0,0,0,1,0,10,5,5,8,8
2023.0,192.0,2.0,0.0,3,6,3,0,0,0,0,9,1,1,0,1,9,1,1,16,5,11,1,1,0,2,1,0,10,8,5,3,8
2023.0,35.0,1.0,0.0,2,6,3,0,0,0,1,9,1,1,0,1,9,1,1,16,5,11,1,1,0,1,1,0,10,8,5,9,3
2023.0,100.0,1.0,0.0,2,6,4,0,0,0,1,5,1,1,0,0,5,1,1,17,5,11,1,1,0,2,2,0,10,8,5,8,3
2023.0,900.0,1.0,0.0,2,6,0,1,4,0,1,5,1,1,0,1,5,1,1,18,5,11,1,1,1,1,0,0,6,5,5,8,8
2023.0,600.0,1.0,0.0,3,4,0,0,0,0,0,5,1,1,0,0,2,1,1,18,5,11,1,1,0,2,1,0,6,2,5,3,9
2023.0,-75.0,0.0,0.0,3,10,0,0,0,0,1,9,1,1,0,1,9,1,1,18,5,11,1,1,0,1,1,0,6,7,5,3,3
2023.0,-71.0,0.0,0.0,3,10,0,0,0,0,1,1,1,1,0,0,1,1,1,19,5,11,1,1,0,1,0,0,10,7,5,3,3
2023.0,-75.0,0.0,0.0,3,6,0,0,0,0,1,2,1,1,0,1,2,1,1,19,5,11,1,1,0,1,1,0,10,7,5,8,0
2023.0,-20.0,1.0,0.0,2,3,0,0,0,0,1,9,1,1,0,1,1,1,1,0,6,11,1,0,0,2,2,0,6,4,5,8,9
2023.0,0.0,0.0,0.0,3,2,0,0,0,0,0,5,1,1,0,0,1,1,1,0,6,11,1,0,0,1,1,0,4,2,5,3,3
2023.0,0.0,0.0,0.0,3,2,0,0,0,0,1,9,0,0,0,1,9,1,1,2,6,11,1,0,0,1,2,0,5,4,5,3,9
2023.0,0.0,0.0,0.0,3,10,0,1,0,0,1,9,1,1,0,1,9,1,1,2,6,11,1,0,0,1,1,0,10,4,5,9,9
2023.0,0.0,0.0,0.0,3,12,5,4,3,0,2,9,1,1,1,1,9,1,1,7,6,11,1,1,0,3,1,0,5,5,5,6,5
2023.0,0.0,0.0,0.0,3,2,3,0,0,0,1,2,1,1,0,1,1,1,1,9,6,11,1,1,0,1,0,0,6,2,5,3,3
2023.0,-40.0,1.0,0.0,2,5,3,0,0,2,1,2,1,1,0,0,9,1,1,10,6,11,1,0,0,1,2,0,0,7,5,9,5
2023.0,-377.0,0.0,0.0,3,6,3,0,0,0,0,9,1,1,0,1,9,1,1,12,6,11,1,0,0,2,0,0,6,7,5,3,3
2023.0,-10.0,0.0,0.0,3,6,3,0,0,0,0,2,1,1,0,0,2,1,1,14,6,11,1,0,0,1,2,0,10,5,5,3,3
2023.0,0.0,2.0,0.0,3,4,3,1,0,0,0,2,1,1,0,1,5,1,1,15,6,11,1,0,0,1,1,0,4,2,2,3,9
2023.0,0.0,1.0,0.0,3,2,3,0,0,0,0,5,1,1,0,1,9,1,1,16,6,11,1,1,0,1,1,0,4,2,5,3,9
2023.0,979.0,1.0,0.0,3,6,0,1,0,0,1,9,1,1,0,0,9,1,1,16,6,11,1,1,0,1,2,0,6,8,5,8,8
2023.0,30.0,0.0,0.0,3,10,4,0,0,0,2,2,1,1,0,1,2,1,1,17,6,11,1,1,0,3,1,0,6,9,5,3,5
2023.0,300.0,0.0,0.0,3,10,5,4,3,0,2,5,1,1,0,0,5,1,1,17,6,11,1,1,0,3,0,0,6,5,5,2,5
2023.0,-425.0,0.0,0.0,3,2,4,0,0,0,0,9,1,1,0,1,2,1,1,17,6,11,1,1,0,1,0,0,0,5,5,5,5
2023.0,0.0,1.0,0.0,3,2,0,0,0,0,1,8,1,1,0,0,1,1,1,20,6,11,1,0,0,1,2,0,4,2,5,3,9
2023.0,350.0,0.0,0.0,3,10,5,4,3,0,2,1,1,1,0,1,1,1,1,20,6,11,1,0,0,3,2,0,6,5,5,3,6
2023.0,25.0,0.0,0.0,3,4,0,0,0,0,1,9,1,1,0,1,1,1,1,21,6,11,1,0,0,2,2,0,6,5,5,3,9
2023.0,200.0,0.0,0.0,3,6,0,0,0,0,1,5,1,1,0,0,5,1,1,5,0,11,0,0,0,1,1,0,10,7,5,8,8
2023.0,44.0,1.0,0.0,1,4,3,0,0,0,1,5,1,1,3,0,2,1,1,8,0,11,0,1,0,0,1,0,10,2,5,7,9
2023.0,0.0,1.0,0.0,3,2,3,0,0,0,1,9,1,1,0,0,5,1,1,10,0,11,0,0,0,1,0,0,4,2,5,9,3
2023.0,250.0,0.0,0.0,3,6,0,0,0,0,2,8,1,1,0,0,1,1,1,11,0,11,0,0,0,3,2,0,6,5,5,6,5
2023.0,-30.0,0.0,0.0,3,6,3,0,0,0,1,2,1,1,0,1,2,1,1,13,0,11,0,0,0,2,1,0,10,7,5,8,8
2023.0,0.0,2.0,0.0,2,4,3,0,0,0,0,9,1,1,0,1,1,1,1,13,0,11,0,0,0,0,2,0,4,5,5,3,9
2023.0,-150.0,1.0,0.0,1,5,3,0,0,2,1,2,1,1,0,0,9,1,1,15,0,11,0,0,0,0,2,0,0,2,5,3,7
2023.0,100.0,0.0,0.0,3,6,3,0,0,0,0,9,1,1,0,0,9,1,1,15,0,11,0,0,0,1,1,0,6,7,5,8,3
2023.0,0.0,0.0,0.0,3,6,3,0,0,0,1,1,1,1,0,0,1,1,1,16,0,11,0,1,0,2,2,0,6,7,5,8,3
2023.0,0.0,0.0,0.0,3,4,0,0,0,0,1,1,1,1,0,0,1,1,1,5,1,11,0,0,0,2,1,0,4,9,5,9,9
2023.0,-350.0,0.0,0.0,3,12,5,4,0,0,2,8,1,1,0,1,2,1,1,6,1,11,0,0,0,3,2,0,10,5,5,6,5
2023.0,0.0,1.0,0.0,3,6,3,0,0,0,1,9,1,1,0,1,9,1,1,6,1,11,0,0,0,1,1,0,3,7,5,8,3
2023.0,415.0,0.0,0.0,3,4,3,0,0,0,1,9,1,1,0,1,2,1,1,8,1,11,0,1,0,2,2,0,6,2,5,3,9
2023.0,-700.0,0.0,0.0,3,2,3,0,0,0,1,1,1,1,0,1,1,1,1,9,1,11,0,1,0,1,1,0,6,4,5,3,9
2023.0,90.0,2.0,0.0,2,6,3,0,0,0,1,9,1,1,0,0,9,1,1,9,1,11,0,1,0,1,1,0,4,7,5,8,3
2023.0,415.0,1.0,0.0,2,5,3,0,0,2,1,9,1,1,0,1,2,1,1,9,1,11,0,1,0,1,2,0,0,5,5,3,7
2023.0,5.0,1.0,0.0,2,2,3,0,0,3,1,5,1,1,0,1,9,1,1,10,1,11,0,0,0,2,1,0,10,5,5,9,7
2023.0,-350.0,0.0,0.0,3,2,3,0,0,0,0,1,1,1,0,0,5,1,1,13,1,11,0,0,0,0,1,0,0,2,5,2,9
2023.0,-250.0,1.0,0.0,2,2,3,0,0,0,2,1,1,1,2,1,1,1,1,14,1,11,0,0,0,3,1,0,0,4,5,3,9
2023.0,-200.0,0.0,0.0,3,6,3,0,0,0,1,2,1,1,0,0,2,1,1,15,1,11,0,0,0,2,1,0,10,7,5,8,3
2023.0,65.0,1.0,0.0,3,6,3,0,0,0,1,5,1,1,0,1,5,1,1,17,1,11,0,1,0,1,2,0,10,8,5,8,3
2023.0,0.0,0.0,0.0,3,4,0,0,0,0,1,2,1,1,0,1,5,1,1,18,1,11,0,1,0,2,2,0,5,4,5,3,9
2023.0,-350.0,0.0,0.0,3,4,0,0,0,0,1,7,1,1,0,1,1,1,1,18,1,11,0,1,0,1,1,0,6,4,5,3,9
2023.0,-200.0,0.0,0.0,3,6,0,0,0,0,0,2,1,1,0,0,2,1,1,21,1,11,0,0,0,2,1,0,10,7,5,8,3
2023.0,-280.0,0.0,0.0,3,10,3,0,0,0,1,2,1,1,0,0,2,1,1,9,2,11,0,1,0,0,1,0,10,7,5,8,2
2023.0,152.0,1.0,0.0,3,2,3,0,0,0,1,9,1,1,0,1,2,1,1,10,2,11,0,0,0,0,2,0,6,2,5,3,9
2023.0,40.0,0.0,0.0,3,6,3,0,0,0,0,5,1,1,0,0,5,1,1,12,2,11,0,0,0,2,1,0,10,7,5,8,9
2023.0,-110.0,1.0,0.0,2,6,3,0,0,0,1,2,1,1,0,1,2,1,1,12,2,11,0,0,0,1,0,0,6,7,5,8,3
2023.0,347.0,1.0,0.0,2,5,3,0,0,3,0,1,1,1,0,0,5,1,1,14,2,11,0,0,0,2,1,0,0,5,5,9,7
2023.0,45.0,0.0,0.0,3,6,3,0,0,0,0,5,1,1,0,1,5,1,1,15,2,11,0,0,0,2,1,0,6,7,5,8,3
2023.0,-650.0,0.0,0.0,3,10,3,0,0,0,0,2,1,1,0,0,2,1,1,16,2,11,0,1,0,1,1,0,6,9,5,3,2
2023.0,-460.0,0.0,0.0,3,2,0,0,0,0,0,1,1,1,0,0,5,1,1,18,2,11,0,1,0,0,1,0,0,2,5,3,3
2023.0,-65.0,0.0,0.0,3,6,0,0,0,0,2,1,1,1,0,1,1,1,1,19,2,11,0,1,0,3,1,0,10,8,5,8,3
2023.0,85.0,0.0,0.0,3,6,0,0,0,0,1,9,1,1,0,0,9,1,1,22,2,11,0,0,0,3,2,0,10,8,5,8,3
2023.0,0.0,1.0,0.0,3,4,0,0,0,0,2,2,1,1,0,0,1,1,1,4,3,11,0,0,0,3,1,0,6,7,5,9,3
2023.0,0.0,0.0,0.0,3,9,3,0,0,0,1,1,1,1,0,1,5,1,1,12,3,11,0,0,0,1,1,0,4,2,5,3,3
2023.0,-150.0,0.0,0.0,3,10,3,0,0,0,0,1,1,1,0,1,1,1,1,13,3,11,0,0,0,1,1,0,6,9,5,3,6
2023.0,0.0,4.0,0.0,3,2,0,0,0,0,0,9,1,1,0,1,5,1,1,19,3,11,0,1,0,0,2,0,5,5,5,3,9
2023.0,10.0,0.0,0.0,3,6,4,0,0,0,1,9,1,1,0,1,9,1,1,19,3,11,0,1,0,0,1,0,4,8,5,8,3
2023.0,-75.0,0.0,0.0,3,10,0,0,0,0,1,9,1,1,0,1,1,1,1,22,3,11,0,0,0,1,2,0,10,5,5,9,9
2023.0,150.0,0.0,0.0,3,6,0,0,0,0,1,1,1,1,0,0,1,1,1,23,3,11,0,0,0,2,2,0,6,7,5,3,3
2023.0,90.0,0.0,0.0,3,6,3,0,0,0,0,5,1,1,0,0,5,1,1,11,4,11,0,0,0,0,1,0,10,7,5,8,3
2023.0,0.0,0.0,0.0,3,2,3,0,0,0,0,7,1,1,0,1,9,1,1,14,4,11,0,0,0,2,0,0,5,2,5,3,9
2023.0,0.0,3.0,0.0,2,2,3,0,0,0,1,2,0,1,0,1,1,1,1,15,4,11,0,0,0,2,0,0,4,5,5,3,3
2023.0,-5.0,1.0,0.0,3,2,4,1,0,0,0,9,1,1,0,1,2,1,1,16,4,11,0,1,0,1,1,0,10,4,5,8,9
2023.0,76.0,0.0,0.0,3,5,3,0,0,0,2,1,1,1,0,1,9,1,1,17,4,11,0,1,0,3,2,0,10,7,5,8,1
2023.0,5.0,0.0,0.0,3,6,1,0,0,0,0,1,1,1,0,1,1,1,1,19,4,11,0,1,0,1,2,0,10,8,5,8,3
2023.0,0.0,3.0,0.0,2,4,0,0,0,0,1,9,1,1,0,0,1,1,1,21,4,11,0,0,0,2,1,0,4,2,5,3,9
2023.0,0.0,0.0,0.0,3,2,0,0,0,0,0,5,1,1,0,1,1,1,1,4,5,11,1,0,0,1,1,0,5,2,5,3,9
2023.0,0.0,0.0,0.0,3,2,5,4,3,0,2,1,1,1,0,1,2,1,1,7,5,11,1,1,0,3,1,0,4,2,5,9,5
2023.0,0.0,0.0,0.0,3,2,3,0,0,0,1,1,1,1,0,1,5,1,1,8,5,11,1,1,0,1,1,0,5,5,5,8,9
2023.0,90.0,0.0,0.0,3,6,5,4,3,0,1,5,1,1,0,1,5,1,1,13,5,11,1,0,0,2,2,0,10,8,5,8,3
2023.0,0.0,0.0,0.0,3,4,3,0,0,0,0,5,1,1,0,0,2,1,1,14,5,11,1,0,0,1,2,0,3,4,5,3,9
2023.0,400.0,0.0,0.0,3,10,0,0,0,0,2,1,1,1,0,1,1,1,1,17,5,11,1,1,0,3,0,0,6,9,5,3,2
2023.0,-519.0,0.0,0.0,3,2,0,0,0,0,1,2,1,1,0,0,1,1,1,18,5,11,1,1,0,1,1,0,0,2,5,3,9
2023.0,-130.0,0.0,0.0,3,10,0,0,0,0,1,2,1,1,0,1,2,1,1,1,6,11,1,0,0,2,1,0,10,7,5,2,3
2023.0,-45.0,1.0,0.0,3,6,0,0,0,0,1,2,0,1,0,1,2,1,1,2,6,11,1,0,0,2,2,0,10,8,5,8,3
2023.0,-116.0,0.0,0.0,3,6,3,0,0,0,1,2,1,1,0,0,2,1,1,8,6,11,1,1,0,2,2,0,10,7,5,3,3
2023.0,0.0,0.0,0.0,3,10,4,0,0,0,1,9,1,1,0,1,9,1,1,17,6,11,1,1,0,1,2,0,6,9,5,3,2
2023.0,-524.0,0.0,0.0,3,10,0,1,0,0,0,9,1,1,0,1,9,1,1,18,6,11,1,1,0,2,0,0,6,9,5,3,2
2023.0,500.0,1.0,0.0,3,5,0,0,0,2,1,5,1,1,0,1,9,1,1,18,6,11,1,1,0,2,1,0,5,2,5,0,8
2023.0,0.0,2.0,0.0,2,4,0,0,0,0,0,5,1,1,0,1,2,1,1,19,6,11,1,1,0,1,2,0,4,4,5,3,9
2023.0,0.0,0.0,0.0,3,10,0,0,0,0,1,9,1,1,0,1,9,1,1,5,0,11,0,0,0,1,1,0,3,7,5,3,3
2023.0,350.0,0.0,0.0,3,6,3,0,0,0,0,2,1,1,0,0,2,1,1,11,0,11,0,0,0,2,2,0,6,7,5,8,3
2023.0,110.0,0.0,0.0,3,10,3,0,0,0,1,1,1,1,0,1,1,1,1,12,0,11,0,0,0,0,1,0,0,5,5,6,9
2023.0,100.0,0.0,0.0,3,6,3,0,0,0,0,2,1,1,0,1,2,1,1,15,0,11,0,0,0,1,1,0,6,7,5,8,3
2023.0,27.0,0.0,0.0,3,10,3,0,0,0,1,1,1,1,0,1,1,1,1,16,0,11,0,1,0,1,2,0,5,7,5,9,9
2023.0,0.0,0.0,0.0,3,6,4,0,0,0,1,9,1,1,0,0,9,1,1,17,0,11,0,1,0,1,1,0,10,7,5,8,3
2023.0,0.0,0.0,0.0,3,2,0,0,0,0,0,9,1,1,0,1,5,1,1,20,0,11,0,0,0,2,1,0,4,2,5,9,3
2023.0,-330.0,0.0,0.0,3,6,3,0,0,0,0,2,1,1,0,0,2,1,1,7,1,11,0,1,0,1,1,0,6,7,5,8,3
2023.0,100.0,0.0,0.0,3,6,3,0,0,0,1,9,1,1,0,1,9,1,1,9,1,11,0,1,0,2,1,0,10,7,5,8,3
2023.0,80.0,1.0,0.0,3,6,3,0,0,0,1,9,1,1,0,0,9,1,1,10,1,11,0,0,0,1,2,0,10,7,5,8,3
2023.0,430.0,0.0,0.0,3,10,3,0,0,0,1,9,1,1,0,0,9,1,1,11,1,11,0,0,0,2,2,0,6,9,5,3,2
2023.0,0.0,0.0,0.0,3,6,3,0,0,0,1,1,1,1,0,1,1,1,1,12,1,11,0,0,0,1,1,0,3,7,5,8,8
2023.0,0.0,0.0,0.0,3,6,3,0,0,0,2,1,1,1,0,1,9,1,1,14,1,11,0,0,0,3,0,0,4,2,5,9,3
2023.0,-620.0,0.0,0.0,3,4,3,0,0,0,1,9,1,1,0,1,1,1,1,14,1,11,0,0,0,1,1,0,6,2,5,3,9
2023.0,-480.0,0.0,0.0,3,10,3,0,0,0,0,5,1,1,0,1,1,1,1,15,1,11,0,0,0,0,0,0,0,2,5,3,9
2023.0,0.0,0.0,0.0,3,2,3,0,0,0,1,2,1,1,0,0,1,1,1,15,1,11,0,0,0,1,1,0,4,2,5,3,9
2023.0,600.0,1.0,0.0,2,10,3,1,0,0,1,1,1,1,0,1,1,1,1,16,1,11,0,1,0,1,2,0,6,7,5,3,2
2023.0,-536.0,0.0,0.0,3,3,4,0,0,0,1,9,1,1,0,1,1,1,1,17,1,11,0,1,0,2,1,0,0,2,5,3,9
2023.0,0.0,0.0,0.0,3,6,0,0,0,0,1,2,1,1,0,0,2,1,1,17,1,11,0,1,0,1,2,0,6,1,8,3,8
2023.0,150.0,0.0,0.0,3,6,0,4,3,0,2,5,1,1,0,0,5,1,1,18,1,11,0,1,0,3,1,0,3,8,5,8,5
2023.0,0.0,1.0,0.0,2,4,0,0,0,0,0,9,1,1,0,0,2,1,1,18,1,11,0,1,0,1,0,0,4,5,5,9,3
2023.0,-85.0,0.0,0.0,3,6,3,0,0,0,1,2,1,1,0,0,2,1,1,7,2,11,0,1,0,0,1,0,10,7,5,8,3
2023.0,-103.0,0.0,0.0,3,6,3,0,0,0,1,2,1,1,0,1,2,1,1,11,2,11,0,0,0,1,2,0,10,7,5,8,3
2023.0,275.0,0.0,0.0,3,10,5,4,3,0,1,1,1,1,0,1,1,1,1,16,2,11,0,1,0,1,1,0,6,9,5,3,5
2023.0,-240.0,0.0,0.0,3,12,3,0,3,0,2,8,1,1,0,1,5,1,1,17,2,11,0,1,0,3,2,0,6,5,5,6,5
2023.0,0.0,0.0,0.0,3,2,0,0,0,0,1,1,1,1,0,0,5,1,1,17,2,11,0,1,0,0,1,0,4,2,5,9,3
2023.0,200.0,1.0,0.0,2,2,2,0,0,0,1,5,1,1,0,1,9,1,1,18,2,11,0,1,0,1,1,0,6,2,5,3,9
2023.0,0.0,0.0,0.0,3,6,0,0,0,0,2,1,1,1,0,0,1,1,1,19,2,11,0,1,0,3,1,0,10,5,5,9,3
2023.0,0.0,0.0,0.0,3,10,0,0,0,0,1,9,1,1,0,0,9,1,1,20,2,11,0,0,0,1,1,0,4,9,5,3,0
2023.0,5.0,1.0,0.0,3,5,0,0,0,0,2,1,1,1,3,1,5,1,1,22,2,11,0,0,0,3,1,0,10,2,5,5,3
2023.0,0.0,0.0,0.0,3,10,0,0,0,0,1,7,1,1,0,1,9,1,1,6,3,11,0,0,0,0,1,0,5,2,5,3,9
2023.0,190.0,0.0,0.0,3,10,3,0,0,0,0,9,1,1,0,0,9,1,1,9,3,11,0,1,0,1,2,0,0,5,5,5,5
2023.0,220.0,0.0,0.0,3,2,3,0,0,0,0,5,1,1,0,1,9,1,1,11,3,11,0,0,0,2,2,0,6,2,5,3,9
2023.0,-430.0,1.0,0.0,3,2,3,0,0,0,0,9,1,1,0,1,2,1,1,14,3,11,0,0,0,1,2,0,6,2,5,3,9
2023.0,100.0,0.0,0.0,3,10,4,3,4,0,1,2,1,1,0,1,1,1,1,16,3,11,0,1,1,1,1,0,0,4,5,3,9
2023.0,-550.0,0.0,1.0,0,5,0,3,4,0,1,9,1,1,0,1,9,1,1,17,3,11,0,1,1,1,1,0,6,7,5,3,2
2023.0,-268.0,0.0,0.0,3,6,4,3,4,0,0,2,1,1,0,0,2,1,1,17,3,11,0,1,1,0,1,0,10,7,5,8,3
2023.0,50.0,0.0,0.0,3,4,0,0,0,0,1,1,1,1,0,0,5,1,1,17,3,11,0,1,0,1,1,0,6,4,5,3,9
2023.0,0.0,0.0,0.0,3,6,3,0,0,0,0,5,1,1,0,0,5,1,1,18,3,11,0,1,0,1,1,0,4,8,5,9,3
2023.0,0.0,2.0,0.0,3,4,0,3,4,0,1,5,1,1,0,1,9,1,1,18,3,11,0,1,1,1,0,0,10,4,5,3,9
2023.0,-300.0,0.0,0.0,3,6,0,3,4,0,0,2,1,1,0,1,2,1,1,19,3,11,0,1,1,0,1,0,10,7,5,8,3
2023.0,-12.0,1.0,0.0,3,5,0,3,4,0,0,1,1,1,2,1,5,1,1,22,3,11,0,0,1,0,0,0,10,5,5,7,9
2023.0,-10.0,1.0,0.0,2,4,0,3,4,0,1,1,0,1,0,0,2,1,1,22,3,11,0,0,1,2,1,0,4,7,5,3,9
2023.0,0.0,0.0,0.0,3,10,1,0,0,0,1,5,1,1,0,1,5,1,1,0,4,12,0,0,0,3,1,0,10,9,5,8,3
2023.0,-50.0,0.0,0.0,3,10,3,1,0,0,0,1,1,1,0,0,1,1,1,8,4,12,0,1,0,1,0,0,0,5,5,9,2
2023.0,0.0,0.0,0.0,3,9,3,0,0,0,0,5,1,1,0,1,2,1,1,9,4,12,0,1,0,1,1,0,4,9,5,3,3
2023.0,0.0,0.0,0.0,3,4,3,0,0,0,1,5,1,1,0,1,2,1,1,10,4,12,0,0,0,1,2,0,5,4,5,3,9
2023.0,-1000.0,0.0,0.0,3,2,3,0,0,0,0,9,1,1,0,1,9,1,1,15,4,12,0,0,0,1,1,0,6,9,5,3,2
2023.0,-10.0,1.0,0.0,3,5,3,0,0,0,2,1,1,1,3,1,1,1,1,15,4,12,0,0,0,3,2,0,10,2,5,7,9
2023.0,-200.0,1.0,0.0,2,6,3,4,3,0,1,1,1,1,0,1,1,1,1,15,4,12,0,0,0,3,0,0,9,8,5,8,3
2023.0,5.0,0.0,0.0,3,6,3,0,0,0,1,5,1,1,0,0,5,1,1,16,4,12,0,1,0,1,1,0,10,8,5,8,3
2023.0,-15.0,1.0,0.0,2,5,3,0,0,0,0,9,1,1,2,1,1,1,1,16,4,12,0,1,0,0,0,0,10,2,5,3,9
2023.0,152.0,1.0,0.0,3,5,2,0,0,0,1,5,1,1,2,1,5,1,1,17,4,12,0,1,0,3,1,0,6,9,5,3,9
2023.0,-25.0,0.0,0.0,3,10,0,0,0,0,0,9,1,1,0,1,9,1,1,19,4,12,0,1,0,1,2,0,10,4,5,3,9
2023.0,0.0,0.0,0.0,3,6,0,0,0,0,1,1,1,1,0,1,1,1,1,19,4,12,0,1,0,2,1,0,3,7,5,8,3
2023.0,-20.0,0.0,0.0,3,6,0,0,0,0,1,1,1,1,0,1,1,1,1,21,4,12,0,0,0,2,2,0,10,7,5,8,3
2023.0,200.0,0.0,0.0,3,6,0,0,0,0,2,6,1,1,0,1,6,1,1,23,4,12,0,0,0,3,1,0,10,8,5,8,3
2023.0,100.0,0.0,0.0,3,6,0,0,0,0,0,9,1,1,0,1,9,1,1,1,5,12,1,0,0,1,1,0,10,8,5,3,3
2023.0,0.0,0.0,0.0,3,2,0,0,0,0,1,1,1,1,0,1,6,1,1,3,5,12,1,0,0,1,1,0,5,2,5,9,3
2023.0,0.0,1.0,0.0,3,2,3,0,0,0,1,1,1,1,0,0,2,1,1,8,5,12,1,1,0,1,1,0,10,2,5,3,3
2023.0,20.0,1.0,0.0,3,6,3,0,0,0,1,9,1,1,0,1,9,1,1,9,5,12,1,1,0,0,0,0,10,7,5,3,3
2023.0,12.0,0.0,0.0,3,10,3,0,0,0,1,9,1,1,0,1,9,1,1,12,5,12,1,0,0,1,1,0,10,9,5,3,2