Year,Distance,Totalinjuries,Totalfatalities,Injuryseverity,Collisionmanner,Lightcondition,Weather,SurfaceCondition,Unittype_One,Gender_Drv1,Traveldirection_One,AlcoholUse_Drv1,DrugUse_Drv1,Unittype_Two,Gender_Drv2,Traveldirection_Two,AlcoholUse_Drv2,DrugUse_Drv2,Hour,Weekday,Month,Weekend,Rush_Hour,Hazardous_Road,Age_Group_Drv1,Age_Group_Drv2,Substance_Use,Junction_Category,Violation_Category_Drv1,Violation_Category_Drv2,Unitaction_Category_Two,Unitaction_Category_One
2023.0,-120.0,0.0,0.0,3,6,3,0,0,0,2,2,1,1,0,1,2,1,1,15,5,12,1,0,0,3,1,0,6,1,5,3,8
2023.0,125.0,0.0,0.0,3,2,0,0,0,0,2,2,1,1,0,0,1,1,1,18,5,12,1,1,0,3,2,0,0,2,5,3,9
2023.0,0.0,0.0,0.0,3,6,0,4,3,0,2,9,1,1,0,1,5,1,1,23,5,12,1,0,0,3,2,0,4,2,5,3,9
2023.0,0.0,1.0,0.0,3,4,0,0,0,0,2,5,1,1,0,0,9,1,1,23,5,12,1,0,0,3,1,0,5,5,5,9,5
2023.0,0.0,3.0,0.0,2,4,0,0,0,0,0,2,0,1,0,1,5,1,1,0,6,12,1,0,0,1,2,0,5,2,5,3,9
2023.0,20.0,0.0,0.0,3,6,2,0,0,0,2,5,1,1,1,1,5,1,1,7,6,12,1,1,0,3,1,0,6,5,5,6,3
2023.0,0.0,0.0,0.0,3,10,3,0,0,0,1,9,1,1,0,0,9,1,1,13,6,12,1,0,0,1,1,0,3,5,5,3,2
2023.0,0.0,1.0,0.0,2,4,3,0,0,0,0,1,1,1,0,1,9,1,1,13,6,12,1,0,0,0,0,0,4,2,5,3,9
2023.0,400.0,1.0,0.0,3,2,3,0,0,0,0,1,1,1,0,0,9,1,1,16,6,12,1,1,0,1,1,0,0,2,5,3,9
2023.0,-100.0,0.0,0.0,3,10,3,4,3,0,2,1,1,1,0,0,1,1,1,8,0,12,0,1,0,3,1,0,6,9,5,3,2
2023.0,0.0,0.0,0.0,3,6,3,0,0,0,0,1,1,1,0,0,1,1,1,9,0,12,0,1,0,2,1,0,3,7,5,8,9
2023.0,200.0,0.0,0.0,3,6,3,0,0,0,1,9,1,1,0,1,9,1,1,9,0,12,0,1,0,2,1,0,6,8,5,9,3
2023.0,35.0,0.0,0.0,3,2,3,0,0,0,0,5,1,1,0,0,5,1,1,11,0,12,0,0,0,1,1,0,10,4,5,3,2
2023.0,0.0,2.0,0.0,2,4,3,0,0,0,1,9,1,1,0,0,5,1,1,11,0,12,0,0,0,1,1,0,4,4,5,3,9
2023.0,100.0,0.0,0.0,3,6,3,0,0,0,1,2,1,1,0,1,2,1,1,11,0,12,0,0,0,1,1,0,6,9,5,3,2
2023.0,-45.0,1.0,0.0,2,6,3,0,0,0,1,2,1,1,0,0,2,1,1,12,0,12,0,0,0,1,1,0,10,7,5,3,3
2023.0,0.0,0.0,0.0,3,2,3,0,0,0,0,9,1,1,0,0,5,1,1,14,0,12,0,0,0,1,2,0,5,2,5,3,9
2023.0,70.0,0.0,0.0,3,6,3,1,0,0,1,9,1,1,0,1,9,1,1,15,0,12,0,0,0,2,1,0,10,7,5,8,3
2023.0,-30.0,0.0,0.0,3,10,5,4,3,0,1,5,1,1,0,1,5,1,1,16,0,12,0,1,0,3,1,0,6,9,5,3,2
2023.0,0.0,0.0,0.0,3,4,0,0,0,0,1,1,1,1,0,1,9,1,1,18,0,12,0,1,0,1,1,0,4,5,5,3,9
2023.0,-300.0,0.0,0.0,3,5,0,0,0,0,1,9,1,1,1,1,2,1,1,18,0,12,0,1,0,1,1,0,6,5,5,6,1
2023.0,15.0,0.0,0.0,3,10,0,0,0,0,0,5,1,1,0,1,5,1,1,18,0,12,0,1,0,2,1,0,6,9,7,3,2
2023.0,30.0,0.0,0.0,3,10,0,0,0,0,2,2,1,1,0,0,2,1,1,19,0,12,0,1,0,3,1,0,10,5,5,8,2
2023.0,-300.0,1.0,0.0,3,11,1,0,0,0,1,3,1,1,0,1,1,1,1,22,0,12,0,0,0,2,1,0,6,4,5,3,9
2023.0,0.0,0.0,0.0,3,5,0,0,0,0,1,2,1,1,0,0,5,1,1,6,1,12,0,0,0,1,2,0,10,5,5,8,1
2023.0,-360.0,0.0,0.0,3,6,3,0,0,0,0,1,1,1,0,0,1,1,1,6,1,12,0,0,0,1,0,0,6,7,5,8,3
2023.0,200.0,1.0,0.0,2,6,3,0,0,0,0,9,1,1,0,0,9,1,1,8,1,12,0,1,0,1,0,0,6,8,5,8,3
2023.0,70.0,0.0,0.0,3,10,3,0,0,0,0,5,1,1,0,1,5,1,1,10,1,12,0,0,0,1,1,0,10,4,5,9,9
2023.0,0.0,1.0,0.0,2,4,3,0,0,0,1,2,1,1,0,1,5,1,1,12,1,12,0,0,0,1,1,0,5,5,5,3,9
2023.0,-200.0,1.0,0.0,3,5,3,0,0,0,0,2,1,1,3,1,5,1,1,12,1,12,0,0,0,3,2,0,0,2,5,5,9
2023.0,-50.0,0.0,0.0,3,10,3,0,0,0,1,9,1,1,0,1,9,1,1,12,1,12,0,0,0,1,1,0,10,9,5,3,9
2023.0,120.0,0.0,0.0,3,10,3,4,0,0,1,5,1,1,0,1,5,1,1,12,1,12,0,0,0,0,1,0,10,9,5,3,2
2023.0,160.0,1.0,0.0,3,2,3,0,0,0,1,1,1,1,3,1,1,1,1,14,1,12,0,0,0,1,2,0,6,2,5,5,9
2023.0,-140.0,0.0,0.0,3,6,3,0,0,0,1,2,1,1,0,1,2,1,1,14,1,12,0,0,0,1,2,0,10,7,5,8,3
2023.0,-100.0,0.0,0.0,3,12,5,4,3,0,2,8,1,1,1,1,9,1,1,14,1,12,0,0,0,3,1,0,6,5,5,6,5
2023.0,52.0,0.0,0.0,3,6,3,0,0,0,1,9,1,1,0,1,9,1,1,15,1,12,0,0,0,1,1,0,10,7,5,8,3
2023.0,-150.0,0.0,0.0,3,10,3,0,0,0,0,1,1,1,0,0,1,1,1,15,1,12,0,0,0,1,2,0,6,9,5,3,2
2023.0,200.0,0.0,0.0,3,10,3,0,0,0,1,1,1,1,0,1,1,1,1,17,1,12,0,1,0,1,1,0,6,9,5,3,2
2023.0,0.0,1.0,0.0,1,4,0,0,0,0,0,2,1,1,0,1,5,1,1,17,1,12,0,1,0,1,0,0,4,2,5,3,9
2023.0,0.0,0.0,0.0,3,2,0,0,0,0,1,5,1,1,0,1,2,1,1,19,1,12,0,1,0,2,2,0,4,5,5,9,3
2023.0,30.0,0.0,0.0,3,3,0,0,0,0,2,5,1,1,0,1,9,1,1,22,1,12,0,0,0,3,1,0,0,2,5,3,9
2023.0,-170.0,0.0,0.0,3,12,0,0,0,0,2,8,1,1,1,1,2,1,1,1,2,12,0,0,0,3,2,0,6,5,5,6,5
2023.0,-25.0,1.0,0.0,2,2,3,0,0,0,1,2,1,1,0,0,1,1,1,14,2,12,0,0,0,0,1,0,10,2,5,3,9
2023.0,391.0,0.0,0.0,3,9,3,0,0,0,1,2,1,1,0,1,5,1,1,15,2,12,0,0,0,0,1,0,6,9,9,2,2
2023.0,-68.0,0.0,0.0,3,6,3,0,0,0,1,2,1,1,0,1,2,1,1,17,2,12,0,1,0,0,2,0,10,7,5,8,3
2023.0,0.0,0.0,0.0,3,2,0,0,0,0,0,5,1,1,0,0,2,1,1,17,2,12,0,1,0,0,0,0,4,4,5,3,9
2023.0,0.0,2.0,0.0,2,2,0,0,0,0,1,1,1,1,0,1,2,1,1,22,2,12,0,0,0,2,1,0,4,2,5,3,3
2023.0,-90.0,0.0,0.0,3,10,0,0,0,0,2,1,1,1,0,0,1,1,1,22,2,12,0,0,0,3,1,0,6,9,5,3,3
2023.0,200.0,0.0,0.0,3,6,1,0,0,0,0,9,1,0,1,1,9,1,1,5,3,12,0,0,0,1,1,0,6,5,5,6,3
2023.0,-300.0,1.0,0.0,3,6,3,0,0,0,1,9,1,1,0,1,9,1,1,11,3,12,0,0,0,1,1,0,6,7,5,8,3
2023.0,0.0,0.0,0.0,3,10,3,0,0,0,1,2,1,1,0,1,2,1,1,12,3,12,0,0,0,0,1,0,5,4,5,8,9
2023.0,-120.0,0.0,0.0,3,10,3,0,0,0,0,2,1,1,0,1,2,1,1,13,3,12,0,0,0,2,0,0,6,5,5,3,6
2023.0,0.0,0.0,0.0,3,4,3,0,0,0,1,3,1,1,0,1,9,1,1,13,3,12,0,0,0,2,1,0,10,7,5,3,9
2023.0,0.0,0.0,0.0,3,4,3,0,0,0,2,9,1,1,0,1,1,1,1,15,3,12,0,0,0,3,1,0,4,7,2,9,3
2023.0,-90.0,0.0,0.0,3,10,3,0,0,0,0,9,1,1,0,1,9,1,1,15,3,12,0,0,0,1,1,0,6,9,5,8,2
2023.0,0.0,0.0,0.0,3,2,3,0,0,0,1,9,1,1,0,1,1,1,1,15,3,12,0,0,0,1,1,0,4,2,2,3,9
2023.0,-450.0,0.0,0.0,3,2,3,0,0,0,1,2,1,1,0,1,1,1,1,16,3,12,0,1,0,1,1,0,0,2,5,3,9
2023.0,0.0,0.0,0.0,3,2,3,0,0,0,1,9,1,1,0,1,9,1,1,16,3,12,0,1,0,0,1,0,4,9,5,9,9
2023.0,715.0,0.0,0.0,3,2,4,0,0,0,1,1,1,1,0,1,1,1,1,17,3,12,0,1,0,1,1,0,6,5,5,3,9
2023.0,-315.0,0.0,0.0,3,6,0,0,0,0,1,5,1,1,0,1,5,1,1,17,3,12,0,1,0,1,2,0,6,8,5,3,3
2023.0,-20.0,0.0,0.0,3,6,0,0,0,0,0,1,1,1,0,1,1,1,1,18,3,12,0,1,0,1,1,0,4,8,5,9,3
2023.0,0.0,2.0,0.0,3,6,0,0,0,0,0,9,1,1,0,0,9,1,1,18,3,12,0,1,0,1,1,0,3,7,5,8,3
2023.0,0.0,0.0,0.0,3,4,1,0,0,0,1,5,0,1,0,1,4,1,1,19,3,12,0,1,0,1,1,0,5,2,5,9,3
2023.0,-100.0,0.0,0.0,3,6,0,0,0,0,2,5,1,1,0,0,5,1,1,19,3,12,0,1,0,3,1,0,10,8,5,8,3
2023.0,-350.0,0.0,0.0,3,10,0,0,0,1,1,5,1,1,0,1,5,1,1,20,3,12,0,0,0,1,2,0,6,7,9,3,3
2023.0,250.0,2.0,0.0,2,4,0,0,0,0,0,1,1,1,0,0,9,1,1,20,3,12,0,0,0,1,2,0,0,2,5,3,9
2023.0,0.0,0.0,0.0,3,2,0,0,0,0,0,2,0,1,0,0,1,1,1,4,4,12,0,0,0,1,1,0,4,2,5,3,3
2023.0,700.0,0.0,0.0,3,2,3,0,0,0,1,5,1,1,0,1,9,1,1,10,4,12,0,0,0,0,1,0,0,2,5,3,3
2023.0,0.0,0.0,0.0,3,4,3,0,0,0,0,9,1,1,0,1,1,1,1,11,4,12,0,0,0,1,1,0,4,4,5,3,9
2023.0,-100.0,0.0,0.0,3,10,3,0,0,0,0,1,1,1,0,1,1,1,1,12,4,12,0,0,0,2,1,0,10,9,5,3,2
2023.0,200.0,0.0,0.0,3,6,3,0,0,0,1,2,1,1,0,1,2,1,1,13,4,12,0,0,0,2,1,0,10,7,5,8,3
2023.0,60.0,0.0,0.0,3,10,3,0,0,0,1,1,1,1,0,1,1,1,1,14,4,12,0,0,0,1,1,0,6,9,5,8,2
2023.0,400.0,0.0,0.0,3,4,3,0,0,0,0,5,1,1,0,0,2,1,1,15,4,12,0,0,0,1,2,0,0,2,5,3,9
2023.0,0.0,0.0,0.0,3,5,3,0,0,0,0,2,1,1,0,1,1,1,1,16,4,12,0,1,0,2,2,0,6,5,5,3,1
2023.0,50.0,1.0,0.0,3,3,3,0,0,0,1,1,1,0,0,1,9,1,1,16,4,12,0,1,0,1,2,0,6,9,5,3,3
2023.0,-105.0,0.0,0.0,3,6,0,0,0,0,0,1,1,1,0,1,1,1,1,17,4,12,0,1,0,1,2,0,10,7,5,8,3
2023.0,0.0,0.0,0.0,3,10,0,0,0,0,1,1,1,1,0,1,1,1,1,17,4,12,0,1,0,1,1,0,10,9,5,9,9
2023.0,0.0,0.0,0.0,3,6,0,0,0,0,0,5,1,1,0,1,5,1,1,18,4,12,0,1,0,2,0,0,3,7,5,8,8
2023.0,0.0,2.0,0.0,2,2,0,0,0,0,1,2,1,1,0,1,1,1,1,19,4,12,0,1,0,0,2,0,4,2,2,3,3
2023.0,384.0,1.0,0.0,3,2,0,0,0,0,0,5,1,1,0,0,9,1,1,20,4,12,0,0,0,1,1,0,0,2,5,3,9
2023.0,0.0,1.0,0.0,3,4,0,0,0,0,1,9,1,1,0,0,1,1,1,20,4,12,0,0,0,1,2,0,5,2,5,3,9
2023.0,0.0,3.0,0.0,2,4,0,0,0,0,1,2,1,1,0,1,5,1,1,22,4,12,0,0,0,0,0,0,4,2,5,3,9
2023.0,-30.0,0.0,0.0,3,10,0,0,0,0,2,5,1,1,0,1,5,1,1,23,4,12,0,0,0,3,1,0,6,5,5,3,3
2023.0,150.0,0.0,0.0,3,10,3,0,0,0,1,9,1,1,0,1,9,1,1,11,5,12,1,0,0,2,2,0,6,9,5,8,3
2023.0,200.0,1.0,0.0,3,10,3,0,0,0,1,5,1,1,0,1,5,1,1,11,5,12,1,0,0,0,2,0,10,9,5,3,2
2023.0,0.0,0.0,0.0,3,2,3,0,0,0,0,9,1,1,0,1,9,1,1,13,5,12,1,0,0,1,1,0,5,5,5,9,3
2023.0,-100.0,0.0,0.0,3,6,3,0,0,0,0,5,1,1,0,1,5,1,1,14,5,12,1,0,0,2,1,0,6,7,5,3,3
2023.0,-200.0,0.0,0.0,3,10,3,0,0,0,0,9,1,1,0,1,9,1,1,15,5,12,1,0,0,1,2,0,6,9,5,3,3
2023.0,0.0,0.0,0.0,3,4,3,0,0,0,1,9,1,1,0,1,1,1,1,16,5,12,1,1,0,1,0,0,4,2,5,3,9
2023.0,0.0,0.0,0.0,3,10,4,0,0,0,1,3,1,1,0,1,3,1,1,16,5,12,1,1,0,1,0,0,6,9,5,3,2
2023.0,-51.0,0.0,0.0,3,10,0,0,0,0,1,2,1,1,0,0,2,1,1,19,5,12,1,1,0,1,2,0,3,7,5,3,5
2023.0,0.0,0.0,0.0,3,6,1,0,0,0,0,5,1,1,0,1,5,1,1,21,5,12,1,0,0,1,2,0,6,8,5,8,3
2023.0,0.0,0.0,0.0,3,2,3,0,0,0,1,9,1,1,0,1,5,1,1,10,6,12,1,0,0,0,1,0,5,2,5,9,3
2023.0,0.0,1.0,0.0,3,4,1,0,0,0,0,1,1,1,0,0,9,1,1,18,6,12,1,1,0,0,2,0,4,2,5,9,3
2023.0,135.0,0.0,0.0,3,10,4,0,0,0,1,9,1,1,1,1,9,1,1,20,6,12,1,0,0,1,1,0,6,5,5,6,3
2023.0,0.0,0.0,0.0,3,2,0,0,0,0,0,1,1,1,0,1,5,1,1,21,6,12,1,0,0,1,2,0,4,2,5,3,3
2023.0,250.0,2.0,0.0,2,4,0,0,0,0,1,6,1,1,0,1,2,1,1,5,0,12,0,0,0,1,1,0,0,7,5,3,9
2023.0,0.0,0.0,0.0,3,2,3,0,0,0,1,1,1,1,0,1,5,1,1,7,0,12,0,1,0,2,1,0,4,2,5,3,3
2023.0,130.0,1.0,0.0,3,10,3,0,0,0,0,2,1,1,0,1,1,1,1,9,0,12,0,1,0,0,1,0,10,5,5,3,9
2023.0,-390.0,0.0,0.0,3,2,3,0,0,0,0,9,1,1,0,1,2,1,1,14,0,12,0,0,0,0,0,0,0,2,5,3,3
2023.0,105.0,0.0,0.0,3,6,3,0,0,0,1,5,1,1,0,1,5,1,1,14,0,12,0,0,0,2,0,0,10,8,5,8,3
2023.0,400.0,1.0,0.0,3,10,3,0,0,0,1,5,1,1,0,1,5,1,1,14,0,12,0,0,0,1,1,0,6,5,5,3,2
2023.0,212.0,0.0,0.0,3,6,3,0,0,0,1,9,1,1,0,1,9,1,1,15,0,12,0,0,0,2,1,0,0,7,5,9,3
2023.0,100.0,0.0,0.0,3,6,3,0,0,0,1,5,1,1,0,1,5,1,1,15,0,12,0,0,0,1,0,0,6,8,5,8,3
2023.0,100.0,0.0,0.0,3,10,3,0,0,0,0,1,1,1,0,1,1,1,1,15,0,12,0,0,0,1,1,0,10,5,5,2,3
2023.0,-1350.0,0.0,0.0,3,6,3,0,0,0,1,2,1,1,0,1,2,1,1,15,0,12,0,0,0,2,2,0,6,7,5,8,8
2023.0,0.0,0.0,0.0,3,2,0,0,0,0,1,1,1,1,0,1,2,1,1,17,0,12,0,1,0,2,1,0,4,2,5,3,3
2023.0,0.0,0.0,0.0,3,4,0,0,0,0,0,9,1,1,0,1,1,1,1,18,0,12,0,1,0,2,1,0,4,4,5,3,9
2023.0,100.0,0.0,0.0,3,10,0,0,0,0,1,9,1,1,0,0,9,1,1,18,0,12,0,1,0,1,2,0,10,9,5,3,2
2023.0,50.0,0.0,0.0,3,10,0,0,0,0,2,2,1,1,0,1,9,1,1,4,1,12,0,0,0,3,1,0,6,5,5,3,9
2023.0,0.0,0.0,0.0,3,10,3,0,0,0,0,1,1,1,0,1,1,1,1,4,1,12,0,0,0,2,1,0,6,9,5,3,2
2023.0,0.0,0.0,0.0,3,6,0,0,0,0,1,2,1,1,0,1,2,1,1,7,1,12,0,1,0,2,1,0,5,7,5,8,3
2023.0,0.0,0.0,0.0,3,4,3,0,0,0,1,5,1,1,0,0,2,1,1,7,1,12,0,1,0,2,1,0,4,2,5,3,9
2023.0,-50.0,1.0,0.0,3,10,3,0,0,0,1,9,1,1,0,0,9,1,1,7,1,12,0,1,0,1,1,0,6,9,5,3,2
2023.0,-500.0,2.0,0.0,2,2,3,0,0,0,0,2,1,1,0,0,1,1,1,8,1,12,0,1,0,1,0,0,0,5,5,3,9
2023.0,0.0,0.0,0.0,3,10,3,0,0,0,0,2,1,1,0,1,2,1,1,8,1,12,0,1,0,1,1,0,4,4,5,9,9
2023.0,-560.0,0.0,0.0,3,10,3,0,0,0,0,2,1,1,0,1,2,1,1,8,1,12,0,1,0,1,0,0,10,9,5,3,2
2023.0,0.0,0.0,0.0,3,10,3,0,0,0,1,1,1,1,0,0,1,1,1,12,1,12,0,0,0,1,0,0,4,5,5,9,9
2023.0,1350.0,1.0,0.0,3,4,3,0,0,0,2,1,1,1,0,1,9,1,1,13,1,12,0,0,0,3,0,0,0,2,5,3,9
2023.0,-15.0,0.0,0.0,3,2,3,0,0,0,0,2,1,1,0,0,2,1,1,15,1,12,0,0,0,1,1,0,10,9,5,8,2
2023.0,100.0,1.0,0.0,1,3,3,0,0,0,1,1,1,1,0,1,9,1,1,16,1,12,0,1,0,2,0,0,10,9,5,8,3
2023.0,100.0,0.0,0.0,3,4,0,0,0,0,1,3,1,1,0,1,2,1,1,19,1,12,0,1,0,1,1,0,0,2,5,3,9
2023.0,-60.0,0.0,0.0,3,3,0,0,0,0,1,2,1,1,1,1,5,1,1,20,1,12,0,0,0,1,1,0,6,7,5,6,3
2023.0,25.0,2.0,0.0,2,5,0,0,0,2,1,1,1,1,0,1,5,1,1,21,1,12,0,0,0,1,1,0,6,2,5,3,7
2023.0,0.0,0.0,0.0,3,2,1,0,0,0,1,9,1,1,0,1,2,1,1,5,2,12,0,0,0,1,1,0,10,7,5,3,3
2023.0,-50.0,0.0,0.0,3,6,3,0,0,0,1,1,1,1,0,0,1,1,1,9,2,12,0,1,0,1,1,0,10,7,5,8,3
2023.0,245.0,0.0,0.0,3,10,3,0,0,0,1,9,1,1,0,1,9,1,1,11,2,12,0,0,0,0,1,0,6,5,5,8,2
2023.0,-30.0,0.0,0.0,3,10,3,0,3,0,2,1,1,1,0,1,1,1,1,12,2,12,0,0,0,3,0,0,10,9,5,3,3
2023.0,0.0,0.0,0.0,3,10,3,0,0,0,1,5,1,1,0,1,5,1,1,14,2,12,0,0,0,2,1,0,5,5,5,9,9
2023.0,38.0,1.0,0.0,2,2,3,0,0,0,1,9,1,1,2,1,2,1,1,15,2,12,0,0,0,1,1,0,10,2,5,3,9
2023.0,0.0,2.0,0.0,2,4,3,0,0,0,1,7,1,1,0,1,3,1,1,15,2,12,0,0,0,0,1,0,5,2,5,3,9
2023.0,-30.0,0.0,0.0,3,10,3,0,0,0,0,2,1,1,0,1,2,1,1,16,2,12,0,1,0,2,1,0,0,2,5,3,5
2023.0,0.0,1.0,0.0,3,4,3,0,0,0,1,2,1,1,0,1,5,1,1,17,2,12,0,1,0,2,2,0,5,2,5,3,9
2023.0,0.0,1.0,0.0,3,2,0,0,0,0,0,1,1,1,2,1,2,1,1,18,2,12,0,1,0,3,2,0,10,2,5,3,9
2023.0,-190.0,0.0,0.0,3,10,2,0,0,0,1,1,1,1,0,1,1,1,1,7,3,12,0,1,0,1,1,0,10,9,5,8,3
2023.0,888.0,1.0,0.0,2,6,3,0,0,0,1,9,1,1,0,0,9,1,1,8,3,12,0,1,0,1,1,0,10,8,5,8,3
2023.0,-210.0,1.0,0.0,3,6,3,0,0,0,1,1,0,1,0,1,1,1,1,8,3,12,0,1,0,1,1,0,10,7,5,8,3
2023.0,900.0,3.0,0.0,3,6,3,0,0,0,0,2,1,1,0,1,2,1,1,12,3,12,0,0,0,2,1,0,6,7,5,8,3
2023.0,0.0,3.0,0.0,3,2,3,0,0,0,0,9,1,1,0,1,5,1,1,13,3,12,0,0,0,2,2,0,4,2,5,3,3
2023.0,0.0,1.0,0.0,3,2,3,0,0,0,2,5,1,1,0,0,5,1,1,14,3,12,0,0,0,3,1,0,4,9,5,9,3
2023.0,-320.0,0.0,0.0,3,2,3,0,0,0,0,1,1,1,0,1,5,1,1,14,3,12,0,0,0,1,1,0,0,2,5,3,5
2023.0,0.0,0.0,0.0,3,4,3,0,0,0,1,2,1,1,0,1,9,1,1,14,3,12,0,0,0,2,1,0,5,2,5,9,3
2023.0,370.0,0.0,0.0,3,6,3,0,0,0,1,5,1,1,0,1,5,1,1,14,3,12,0,0,0,1,1,0,10,7,5,8,3
2023.0,-516.0,0.0,0.0,3,6,3,0,0,0,1,2,1,1,0,1,2,1,1,16,3,12,0,1,0,1,1,0,6,7,5,8,3
2023.0,0.0,1.0,0.0,3,6,4,0,0,0,1,1,1,1,0,0,1,1,1,17,3,12,0,1,0,1,1,0,10,7,5,8,8
2023.0,-780.0,1.0,0.0,3,2,3,0,0,0,1,9,1,1,0,1,5,1,1,17,3,12,0,1,0,1,1,0,0,7,5,3,3
2023.0,30.0,0.0,0.0,3,6,0,0,0,0,1,5,1,1,0,1,5,1,1,19,3,12,0,1,0,3,1,0,10,7,5,8,3
2023.0,-40.0,0.0,0.0,3,10,0,0,0,0,0,2,1,1,1,1,2,1,1,20,3,12,0,0,0,1,1,0,6,9,5,6,9
2023.0,0.0,0.0,0.0,3,2,3,0,0,0,0,2,1,1,0,1,2,1,1,7,4,12,0,1,0,1,1,0,10,7,5,3,9
2023.0,0.0,0.0,0.0,3,4,3,0,0,0,0,6,1,1,0,1,2,1,1,7,4,12,0,1,0,1,1,0,4,2,5,3,9
2023.0,100.0,1.0,0.0,3,10,3,0,0,0,1,1,1,1,0,1,1,1,1,8,4,12,0,1,0,1,0,0,10,9,5,3,2
2023.0,520.0,1.0,0.0,2,2,3,0,0,0,1,4,1,1,0,1,9,1,1,10,4,12,0,0,0,1,1,0,0,4,5,3,9
2023.0,-600.0,0.0,0.0,3,10,3,0,0,0,0,9,1,1,0,1,9,1,1,10,4,12,0,0,0,1,1,0,6,7,5,8,2
2023.0,1268.0,0.0,0.0,3,10,3,0,0,0,1,2,1,1,0,1,2,1,1,12,4,12,0,0,0,1,1,0,6,4,5,8,2
2023.0,375.0,0.0,0.0,3,2,3,0,0,0,2,1,1,1,0,1,5,1,1,14,4,12,0,0,0,3,2,0,0,2,5,3,9
2023.0,0.0,0.0,0.0,3,4,3,0,0,0,1,1,1,1,0,1,9,1,1,15,4,12,0,0,0,3,2,0,5,2,5,9,3
2023.0,0.0,0.0,0.0,3,4,3,0,0,0,1,2,1,1,0,0,5,1,1,16,4,12,0,1,0,2,1,0,4,2,5,3,9
2023.0,0.0,0.0,0.0,3,10,4,0,0,0,1,5,1,1,0,0,5,1,1,21,4,12,0,0,0,1,2,0,6,9,5,3,2
2023.0,50.0,0.0,0.0,3,2,3,0,0,0,0,5,1,1,0,1,9,1,1,14,5,12,1,0,0,1,1,0,6,2,5,3,9
2023.0,235.0,0.0,0.0,3,2,3,0,0,0,2,5,1,1,0,0,9,1,1,15,5,12,1,0,0,3,2,0,0,2,5,3,9
2023.0,-450.0,0.0,0.0,3,2,3,0,0,0,0,1,1,1,0,1,2,1,1,15,5,12,1,0,0,2,1,0,0,2,5,3,9
2023.0,55.0,1.0,0.0,1,2,4,0,0,0,1,2,1,1,3,1,9,1,1,17,5,12,1,1,0,3,1,0,10,5,2,7,3
2023.0,150.0,0.0,0.0,3,10,0,0,0,0,2,5,1,1,0,0,5,1,1,18,5,12,1,1,0,3,1,0,6,2,5,3,2
2023.0,107.0,0.0,0.0,3,10,0,0,0,0,0,5,1,1,0,0,5,1,1,22,5,12,1,0,0,3,1,0,10,9,5,6,3
2023.0,175.0,0.0,0.0,3,10,0,0,0,0,1,5,1,1,0,1,5,1,1,23,5,12,1,0,0,2,1,0,10,9,5,3,2
2023.0,-200.0,0.0,0.0,3,12,0,0,3,0,2,2,1,1,0,1,2,1,1,23,5,12,1,0,0,3,1,0,6,5,5,3,2
2023.0,-80.0,0.0,0.0,3,10,5,4,0,0,1,9,1,1,0,1,9,1,1,10,6,12,1,0,0,1,1,0,6,9,5,3,3
2023.0,10.0,0.0,0.0,3,10,3,0,0,0,0,1,1,1,0,1,1,1,1,14,6,12,1,0,0,0,0,0,3,5,5,9,9
2023.0,0.0,2.0,0.0,3,2,3,0,0,0,0,9,1,1,0,0,5,1,1,16,6,12,1,1,0,1,0,0,4,2,5,3,3
2023.0,0.0,1.0,0.0,2,4,0,0,0,0,0,9,1,1,0,0,1,1,1,2,0,12,0,0,0,1,0,0,4,2,5,3,9
2023.0,175.0,0.0,0.0,3,10,3,0,0,0,1,1,1,1,0,0,1,1,1,9,0,12,0,1,0,1,0,0,6,9,5,8,2
2023.0,100.0,0.0,0.0,3,10,3,0,0,0,0,9,1,1,1,1,9,1,1,11,0,12,0,0,0,1,0,0,6,9,5,6,3
2023.0,100.0,0.0,0.0,3,2,3,0,0,0,1,2,1,1,0,0,1,1,1,13,0,12,0,0,0,1,2,0,10,2,5,2,9
2023.0,-125.0,0.0,0.0,3,10,3,0,0,0,1,2,1,1,0,1,2,1,1,15,0,12,0,0,0,1,2,0,6,4,5,3,9
2023.0,-50.0,0.0,0.0,3,6,2,0,0,0,1,2,1,1,0,1,2,1,1,16,0,12,0,1,0,1,2,0,10,5,5,3,3
2023.0,75.0,2.0,0.0,3,2,0,0,0,0,1,9,1,1,0,0,2,1,1,18,0,12,0,1,0,1,1,0,0,2,5,3,9
2023.0,0.0,1.0,0.0,2,4,0,0,0,0,0,9,1,1,0,1,1,1,1,21,0,12,0,0,0,1,1,0,4,2,5,3,9
2023.0,0.0,0.0,0.0,3,4,3,0,0,0,1,5,1,1,0,1,5,1,1,7,1,12,0,1,0,1,1,0,5,4,5,9,3
2023.0,100.0,0.0,0.0,3,4,3,4,0,0,0,5,1,1,0,0,1,1,1,10,1,12,0,0,0,1,2,0,6,2,5,3,9
2023.0,0.0,0.0,0.0,3,2,3,0,0,0,0,5,1,1,0,1,1,1,1,10,1,12,0,0,0,1,1,0,0,2,5,3,9