Year,Distance,Totalinjuries,Totalfatalities,Injuryseverity,Collisionmanner,Lightcondition,Weather,SurfaceCondition,Unittype_One,Gender_Drv1,Traveldirection_One,AlcoholUse_Drv1,DrugUse_Drv1,Unittype_Two,Gender_Drv2,Traveldirection_Two,AlcoholUse_Drv2,DrugUse_Drv2,Hour,Weekday,Month,Weekend,Rush_Hour,Hazardous_Road,Age_Group_Drv1,Age_Group_Drv2,Substance_Use,Junction_Category,Violation_Category_Drv1,Violation_Category_Drv2,Unitaction_Category_Two,Unitaction_Category_One
2023.0,300.0,3.0,0.0,2,10,3,1,0,0,1,9,1,1,0,0,9,1,1,11,1,12,0,0,0,1,1,0,5,9,5,3,9
2023.0,0.0,0.0,0.0,3,2,3,1,0,0,0,5,1,1,0,1,1,1,1,11,1,12,0,0,0,1,1,0,5,2,5,3,3
2023.0,-637.0,0.0,0.0,3,4,3,1,0,0,1,5,1,1,0,0,1,1,1,12,1,12,0,0,0,1,1,0,0,2,5,3,9
2023.0,0.0,1.0,0.0,3,5,3,0,0,0,1,1,1,1,0,0,1,1,1,13,1,12,0,0,0,2,2,0,10,7,9,8,3
2023.0,0.0,0.0,0.0,3,2,3,0,0,0,1,9,1,1,0,0,5,1,1,14,1,12,0,0,0,1,1,0,4,2,5,9,3
2023.0,-50.0,1.0,0.0,2,2,3,0,0,3,0,2,1,1,0,1,1,1,1,15,1,12,0,0,0,2,1,0,10,5,5,9,7
2023.0,-75.0,0.0,0.0,3,10,0,0,0,0,2,2,1,1,0,0,2,1,1,17,1,12,0,1,0,3,1,0,6,4,5,3,2
2023.0,300.0,4.0,0.0,3,6,0,0,0,0,2,9,1,1,0,0,9,1,1,19,1,12,0,1,0,3,1,0,6,8,5,8,3
2023.0,100.0,0.0,0.0,3,4,0,0,0,0,1,1,1,1,0,1,9,1,1,19,1,12,0,1,0,2,1,0,10,2,5,3,9
2023.0,5.0,1.0,0.0,2,5,0,0,0,2,1,5,1,1,0,0,9,1,1,20,1,12,0,0,0,1,2,0,10,5,5,9,3
2023.0,0.0,0.0,0.0,3,4,0,3,4,0,1,1,1,1,0,0,9,1,1,0,2,12,0,0,1,2,1,0,4,2,5,3,9
2023.0,99.0,0.0,0.0,3,6,0,3,4,0,0,5,1,1,0,0,5,1,1,6,2,12,0,0,1,1,1,0,10,8,5,8,3
2023.0,0.0,1.0,0.0,2,2,3,3,4,0,1,5,1,1,0,1,1,1,1,9,2,12,0,1,1,2,2,0,5,2,5,9,3
2023.0,-25.0,0.0,0.0,3,2,3,0,0,0,1,5,1,1,0,1,2,1,1,15,2,12,0,0,0,1,0,0,10,2,4,9,9
2023.0,65.0,1.0,0.0,3,6,3,0,0,0,1,5,1,1,0,0,5,1,1,15,2,12,0,0,0,1,0,0,10,7,5,8,3
2023.0,120.0,0.0,0.0,3,6,3,0,0,0,1,2,0,1,0,0,2,1,1,15,2,12,0,0,0,0,0,0,0,7,5,9,3
2023.0,375.0,0.0,0.0,3,2,3,0,0,0,1,5,1,1,0,0,2,1,1,16,2,12,0,1,0,1,2,0,0,2,5,3,9
2023.0,0.0,0.0,0.0,3,10,4,0,0,0,1,1,1,1,0,1,1,1,1,17,2,12,0,1,0,0,1,0,10,5,5,3,9
2023.0,0.0,0.0,0.0,3,2,3,0,0,0,1,9,1,1,0,0,1,1,1,17,2,12,0,1,0,1,1,0,4,5,5,3,9
2023.0,50.0,0.0,0.0,3,10,0,0,0,0,0,1,1,1,0,1,1,1,1,18,2,12,0,1,0,1,2,0,10,2,2,3,3
2023.0,-512.0,0.0,0.0,3,6,0,0,0,0,1,5,1,1,0,1,5,1,1,18,2,12,0,1,0,2,1,0,10,7,5,3,3
2023.0,0.0,0.0,0.0,3,10,3,0,0,0,1,5,1,1,0,0,5,1,1,20,2,12,0,0,0,1,2,0,4,5,5,9,9
2023.0,40.0,0.0,0.0,3,10,0,0,0,0,1,5,1,1,0,1,5,1,1,5,3,12,0,0,0,0,1,0,10,9,5,9,9
2023.0,-500.0,1.0,0.0,2,5,0,0,0,0,0,4,1,1,2,1,9,1,1,6,3,12,0,0,0,0,1,0,0,2,5,9,3
2023.0,60.0,1.0,0.0,3,6,3,0,0,0,1,5,1,1,0,0,5,1,1,11,3,12,0,0,0,0,0,0,10,7,5,8,3
2023.0,0.0,0.0,0.0,3,10,3,0,0,0,1,2,1,1,0,0,2,1,1,11,3,12,0,0,0,1,2,0,4,4,5,9,2
2023.0,1125.0,0.0,0.0,3,6,3,0,0,0,1,2,1,1,0,1,2,1,1,13,3,12,0,0,0,1,1,0,6,7,5,3,3
2023.0,0.0,2.0,0.0,3,2,3,0,0,0,0,1,1,1,0,1,5,1,1,14,3,12,0,0,0,0,1,0,4,5,5,9,3
2023.0,58.0,0.0,0.0,3,10,5,4,0,0,0,2,1,1,0,0,2,1,1,14,3,12,0,0,0,1,1,0,10,9,5,3,3
2023.0,-600.0,0.0,0.0,3,10,3,0,0,0,0,9,1,1,0,0,9,1,1,15,3,12,0,0,0,1,1,0,6,5,5,5,5
2023.0,0.0,0.0,0.0,3,4,3,0,0,0,2,9,1,1,0,0,3,1,1,16,3,12,0,1,0,3,1,0,4,2,5,9,3
2023.0,97.0,1.0,0.0,3,6,0,0,0,0,1,5,1,1,0,1,5,1,1,17,3,12,0,1,0,1,1,0,10,8,5,8,3
2023.0,-271.0,0.0,0.0,3,10,0,0,0,0,1,9,1,1,0,1,9,1,1,18,3,12,0,1,0,2,1,0,6,9,5,3,2
2023.0,200.0,2.0,0.0,3,2,0,0,0,0,0,9,1,1,0,1,2,1,1,19,3,12,0,1,0,2,1,0,0,2,5,3,9
2023.0,555.0,2.0,0.0,2,10,0,0,0,0,1,1,1,1,1,1,1,1,1,20,3,12,0,0,0,2,2,0,6,5,5,6,3
2023.0,0.0,0.0,0.0,3,11,0,4,0,0,1,6,1,1,0,1,2,1,1,20,3,12,0,0,0,1,1,0,4,4,5,3,9
2023.0,250.0,0.0,0.0,3,2,3,0,0,0,0,7,1,1,0,1,4,1,1,21,3,12,0,0,0,1,1,0,0,2,5,3,9
2023.0,200.0,0.0,0.0,3,6,3,3,4,0,1,5,1,1,0,1,5,1,1,11,4,12,0,0,1,1,0,0,6,9,5,3,2
2023.0,15.0,0.0,0.0,3,6,3,3,4,0,1,5,1,1,0,1,5,1,1,11,4,12,0,0,1,2,1,0,10,7,5,8,3
2023.0,-40.0,0.0,0.0,3,6,3,3,4,0,1,1,1,1,0,1,1,1,1,11,4,12,0,0,1,1,1,0,10,7,5,8,3
2023.0,-316.0,0.0,0.0,3,2,3,3,4,0,0,5,1,1,0,0,2,1,1,14,4,12,0,0,1,3,1,0,6,7,5,8,5
2023.0,55.0,0.0,0.0,3,10,5,4,4,0,1,9,1,1,0,1,9,1,1,16,4,12,0,1,1,1,1,0,10,2,5,9,5
2023.0,250.0,0.0,0.0,3,2,3,3,0,0,2,5,1,1,0,1,1,1,1,16,4,12,0,1,0,3,1,0,0,2,5,3,9
2023.0,-50.0,0.0,0.0,3,2,4,3,4,0,1,9,1,1,0,1,2,1,1,17,4,12,0,1,1,2,1,0,4,7,5,8,9
2023.0,-50.0,1.0,0.0,3,6,0,3,0,0,1,2,1,1,0,1,2,1,1,17,4,12,0,1,0,1,1,0,10,8,5,8,8
2023.0,115.0,3.0,0.0,2,6,0,3,0,0,0,5,1,1,0,0,5,1,1,18,4,12,0,1,0,0,1,0,10,8,5,8,3
2023.0,-25.0,0.0,0.0,3,6,0,3,0,0,1,1,1,1,0,0,1,1,1,18,4,12,0,1,0,1,2,0,10,7,5,8,3
2023.0,0.0,1.0,0.0,2,4,0,3,4,0,1,1,1,1,0,0,9,1,1,19,4,12,0,1,1,3,1,0,5,2,5,3,9
2023.0,50.0,1.0,0.0,2,6,0,3,4,0,1,1,1,1,0,1,1,1,1,21,4,12,0,0,1,2,1,0,10,7,5,3,3
2023.0,360.0,1.0,0.0,3,2,0,3,0,0,1,2,1,1,0,1,9,1,1,22,4,12,0,0,0,2,1,0,6,2,5,3,9
2023.0,0.0,1.0,0.0,3,2,0,0,0,0,0,9,1,1,0,1,5,1,1,22,4,12,0,0,0,2,0,0,4,2,5,3,3
2023.0,0.0,0.0,0.0,3,6,1,3,0,0,0,0,0,1,0,1,0,1,1,2,5,12,1,0,0,1,2,0,10,7,5,9,3
2023.0,250.0,2.0,0.0,3,4,3,1,4,0,0,9,1,1,0,0,9,1,1,9,5,12,1,1,1,0,1,0,0,5,5,3,9
2023.0,0.0,2.0,0.0,2,2,3,0,0,0,1,5,1,1,0,1,1,1,1,10,5,12,1,0,0,1,2,0,4,2,5,3,3
2023.0,667.0,1.0,0.0,2,2,3,1,0,0,1,1,1,1,0,0,5,1,1,14,5,12,1,0,0,1,2,0,6,9,5,3,9
2023.0,0.0,2.0,0.0,2,2,3,1,0,0,1,2,1,1,0,0,9,1,1,15,5,12,1,0,0,2,1,0,5,2,5,9,3
2023.0,0.0,2.0,0.0,2,4,0,0,0,0,1,9,1,1,0,0,1,1,1,18,5,12,1,1,0,3,1,0,5,4,5,3,9
2023.0,370.0,0.0,0.0,3,4,0,0,0,0,1,1,1,1,0,1,2,1,1,21,5,12,1,0,0,2,1,0,0,2,5,9,9
2023.0,10.0,0.0,0.0,3,6,0,0,0,0,0,1,1,1,0,1,1,1,1,21,5,12,1,0,0,0,1,0,10,7,5,8,3
2023.0,0.0,0.0,0.0,3,2,0,0,0,0,0,1,1,1,0,1,4,1,1,23,5,12,1,0,0,1,2,0,4,2,5,9,3
2023.0,-25.0,1.0,0.0,3,2,3,0,0,0,1,5,1,1,0,1,2,1,1,13,6,12,1,0,0,1,2,0,10,7,5,8,9
2023.0,-100.0,1.0,0.0,3,6,3,0,0,0,2,8,1,1,0,0,5,1,1,13,6,12,1,0,0,3,1,0,10,5,5,3,5
2023.0,100.0,3.0,0.0,3,2,0,0,0,0,0,1,1,1,0,1,2,1,1,18,6,12,1,1,0,1,1,0,6,2,5,3,5
2023.0,-10.0,0.0,0.0,3,6,0,0,0,0,1,2,1,0,0,0,2,1,1,19,6,12,1,1,0,1,2,0,10,7,5,8,3
2023.0,-1750.0,1.0,0.0,3,2,0,0,0,0,1,9,1,1,0,1,9,1,1,22,6,12,1,0,0,1,2,0,6,2,5,3,9
2023.0,-310.0,1.0,0.0,3,3,3,0,0,0,0,9,1,1,1,1,1,1,1,20,0,12,0,0,0,1,1,0,6,7,5,6,3
2023.0,0.0,0.0,0.0,3,4,3,0,0,0,1,1,1,1,0,1,9,1,1,12,1,12,0,0,0,0,1,0,4,4,5,3,9
2023.0,25.0,0.0,0.0,3,10,3,0,0,0,1,9,1,1,0,1,9,1,1,13,1,12,0,0,0,0,1,0,10,9,5,3,2
2023.0,0.0,0.0,0.0,3,2,3,0,0,0,1,2,1,1,0,1,1,1,1,13,1,12,0,0,0,1,1,0,4,5,5,3,9
2023.0,40.0,0.0,0.0,3,6,3,0,0,0,1,5,1,1,0,1,5,1,1,13,1,12,0,0,0,3,1,0,10,7,5,8,3
2023.0,-163.0,0.0,0.0,3,6,3,0,0,0,0,5,1,1,0,1,5,1,1,14,1,12,0,0,0,1,1,0,6,9,5,3,2
2023.0,90.0,0.0,0.0,3,10,3,0,0,0,1,5,1,1,0,1,5,1,1,14,1,12,0,0,0,0,0,0,10,9,5,3,2
2023.0,160.0,0.0,0.0,3,10,3,0,0,0,0,1,1,1,0,1,1,1,1,15,1,12,0,0,0,1,1,0,6,5,5,5,8
2023.0,45.0,0.0,0.0,3,6,3,0,0,0,0,1,1,1,0,1,1,1,1,16,1,12,0,1,0,2,2,0,6,7,5,8,3
2023.0,-110.0,1.0,0.0,3,10,3,0,0,0,1,1,1,1,0,1,1,1,1,16,1,12,0,1,0,0,1,0,10,9,5,3,2
2023.0,0.0,2.0,0.0,3,4,4,0,0,0,0,9,1,1,0,0,1,1,1,17,1,12,0,1,0,2,2,0,6,4,5,3,9
2023.0,-735.0,0.0,0.0,3,10,0,0,0,0,1,5,0,1,0,1,5,1,1,20,1,12,0,0,0,1,1,0,6,9,5,3,2
2023.0,-5.0,0.0,0.0,3,2,1,0,0,0,1,5,0,1,0,1,1,1,1,20,1,12,0,0,0,1,1,0,10,7,5,3,3
2023.0,-290.0,1.0,0.0,3,2,0,0,0,0,0,1,1,1,0,1,5,1,1,21,1,12,0,0,0,1,2,0,0,2,5,3,9
2023.0,0.0,0.0,0.0,3,10,0,0,0,0,1,1,1,1,0,0,1,1,1,6,2,12,0,0,0,1,1,0,6,2,5,3,3
2023.0,590.0,0.0,0.0,3,2,3,0,0,0,0,9,1,1,0,1,2,1,1,8,2,12,0,1,0,1,2,0,0,2,5,9,3
2023.0,-45.0,0.0,0.0,3,6,3,0,0,0,0,5,1,1,0,1,5,1,1,8,2,12,0,1,0,1,0,0,10,7,5,8,3
2023.0,268.0,0.0,0.0,3,2,3,0,0,0,1,9,1,1,0,0,5,1,1,9,2,12,0,1,0,1,1,0,0,2,5,3,9
2023.0,-86.0,2.0,0.0,2,6,3,0,0,0,0,1,1,1,0,1,1,1,1,12,2,12,0,0,0,1,0,0,10,7,5,8,3
2023.0,0.0,0.0,0.0,3,10,3,0,0,0,1,9,1,1,0,1,2,1,1,13,2,12,0,0,0,1,0,0,5,9,5,9,2
2023.0,-160.0,0.0,0.0,3,10,3,0,0,0,0,9,1,1,1,1,9,1,1,14,2,12,0,0,0,0,1,0,6,5,5,6,3
2023.0,0.0,0.0,0.0,3,2,3,0,0,0,0,9,1,1,0,1,5,1,1,14,2,12,0,0,0,0,1,0,4,5,5,3,3
2023.0,0.0,1.0,0.0,3,4,0,0,0,0,0,2,1,1,0,0,5,1,1,18,2,12,0,1,0,1,1,0,4,2,5,3,9
2023.0,-200.0,0.0,0.0,3,10,0,0,3,0,2,5,1,1,0,1,5,1,1,21,2,12,0,0,0,3,1,0,10,9,5,3,2
2023.0,-100.0,0.0,0.0,3,10,3,0,0,0,1,9,1,1,0,1,9,1,1,8,3,12,0,1,0,0,2,0,6,9,5,3,2
2023.0,80.0,0.0,0.0,3,2,0,0,0,0,1,5,1,1,0,1,5,1,1,23,3,12,0,0,0,1,2,0,6,9,5,3,9
2023.0,0.0,0.0,0.0,3,4,1,0,0,0,1,7,1,1,0,0,5,1,1,6,4,12,0,0,0,1,0,0,4,2,5,3,9
2023.0,0.0,0.0,0.0,3,10,3,0,0,0,0,9,1,1,0,1,2,1,1,10,4,12,0,0,0,1,1,0,4,2,5,3,9
2023.0,0.0,0.0,0.0,3,10,3,0,0,0,0,9,1,1,0,0,9,1,1,12,4,12,0,0,0,0,2,0,5,9,5,9,2
2023.0,-10.0,1.0,0.0,2,5,3,0,0,0,2,1,1,1,2,1,1,1,1,12,4,12,0,0,0,3,1,0,4,5,5,3,9
2023.0,-100.0,0.0,0.0,3,4,3,0,0,0,1,1,1,1,0,1,9,1,1,15,4,12,0,0,0,2,1,0,10,4,5,3,9
2023.0,215.0,0.0,0.0,3,5,3,0,0,0,0,2,1,1,0,1,1,1,1,16,4,12,0,1,0,1,0,0,0,5,5,3,1
2023.0,5.0,1.0,0.0,2,2,0,0,0,2,1,9,1,1,0,1,5,1,1,17,4,12,0,1,0,1,1,0,5,2,5,3,3
2023.0,293.0,0.0,0.0,3,2,0,0,0,0,1,9,1,1,0,0,1,1,1,20,4,12,0,0,0,1,1,0,0,2,5,3,9
2023.0,-70.0,0.0,0.0,3,6,0,0,0,0,2,8,1,1,0,0,8,1,1,20,4,12,0,0,0,3,1,0,6,7,5,8,3
2023.0,0.0,0.0,0.0,3,4,3,0,0,0,0,7,1,1,0,0,1,1,1,14,5,12,1,0,0,0,2,0,4,2,5,3,9
2023.0,-230.0,1.0,0.0,2,5,3,0,0,2,1,9,0,1,0,1,5,1,1,15,5,12,1,0,0,0,1,0,6,9,5,3,7
2023.0,0.0,2.0,0.0,3,2,3,0,0,0,0,9,1,1,0,1,9,1,1,15,5,12,1,0,0,0,1,0,4,4,5,3,9
2023.0,1000.0,0.0,0.0,3,2,3,0,0,0,1,2,1,1,0,1,2,1,1,10,6,12,1,0,0,1,1,0,6,4,5,3,2
2023.0,0.0,1.0,0.0,2,4,3,0,0,0,0,2,1,1,0,0,9,1,1,14,6,12,1,0,0,2,1,0,5,2,5,3,9
2023.0,0.0,2.0,0.0,3,2,4,0,0,0,1,5,1,1,0,0,1,1,1,17,6,12,1,1,0,1,1,0,4,2,5,3,3
2023.0,625.0,0.0,0.0,3,9,3,0,0,0,0,9,0,1,0,1,9,1,1,18,6,12,1,1,0,1,1,0,10,7,5,8,3
2023.0,200.0,0.0,0.0,3,6,0,0,0,0,0,5,1,1,0,1,5,1,1,18,6,12,1,1,0,1,2,0,6,8,5,8,3
2023.0,90.0,0.0,0.0,3,6,0,0,0,0,2,9,1,1,0,0,9,1,1,20,6,12,1,0,0,3,2,0,10,8,5,8,3
2024.0,200.0,1.0,0.0,3,2,0,0,0,0,1,9,1,1,0,1,9,1,1,20,0,1,0,0,0,1,1,0,6,5,5,8,3
2024.0,-20.0,0.0,0.0,3,6,0,0,0,0,1,2,1,1,0,1,2,1,1,22,0,1,0,0,0,2,1,0,10,7,5,8,3
2024.0,-40.0,0.0,0.0,3,10,5,4,0,0,1,2,0,1,0,1,2,1,1,1,1,1,0,0,0,1,1,0,6,9,5,3,2
2024.0,425.0,0.0,0.0,3,3,1,0,0,0,2,1,1,1,1,1,9,1,1,8,1,1,0,1,0,3,1,0,6,9,5,6,3
2024.0,0.0,0.0,0.0,3,10,5,4,0,0,0,5,1,1,0,1,5,1,1,15,1,1,0,0,0,1,2,0,4,9,5,9,3
2024.0,-300.0,0.0,0.0,3,2,0,0,0,0,0,2,1,1,0,0,1,1,1,18,1,1,0,1,0,1,0,0,0,4,5,3,9
2024.0,0.0,0.0,0.0,3,6,0,0,0,0,0,2,1,1,0,1,2,1,1,19,1,1,0,1,0,2,2,0,3,7,5,8,3
2024.0,-205.0,0.0,0.0,3,4,0,0,0,0,2,1,1,1,0,0,2,1,1,19,1,1,0,1,0,3,1,0,0,2,5,9,9
2024.0,170.0,0.0,0.0,3,6,3,0,0,0,1,9,1,1,0,1,9,1,1,10,2,1,0,0,0,0,1,0,10,7,5,8,3
2024.0,-528.0,0.0,0.0,3,6,3,0,0,0,1,2,1,1,0,0,2,1,1,11,2,1,0,0,0,2,1,0,6,7,5,8,3
2024.0,-5.0,0.0,0.0,3,11,3,1,0,0,1,9,1,1,0,1,1,1,1,15,2,1,0,0,0,1,2,0,6,5,5,3,9
2024.0,0.0,0.0,0.0,3,6,3,0,3,0,0,9,1,1,0,1,9,1,1,16,2,1,0,1,0,3,1,0,5,7,5,8,3
2024.0,0.0,0.0,0.0,3,4,0,0,0,0,0,2,1,1,0,1,5,1,1,18,2,1,0,1,0,2,1,0,5,2,5,3,9
2024.0,10.0,1.0,0.0,2,3,0,0,0,3,1,1,1,1,0,1,5,1,1,19,2,1,0,1,0,1,2,0,10,5,5,3,7
2024.0,0.0,0.0,0.0,3,2,1,0,0,0,0,1,1,1,0,0,9,1,1,5,3,1,0,0,0,1,1,0,6,2,5,9,9
2024.0,-455.0,0.0,0.0,3,2,3,0,0,0,0,5,1,1,0,0,9,1,1,7,3,1,0,1,0,2,1,0,0,2,5,3,9
2024.0,1500.0,2.0,0.0,3,2,3,0,0,0,1,1,1,1,0,0,9,1,1,8,3,1,0,1,0,1,1,0,6,2,5,3,9
2024.0,0.0,0.0,0.0,3,2,3,0,0,0,1,2,1,1,0,1,1,1,1,10,3,1,0,0,0,1,0,0,4,2,5,3,3
2024.0,0.0,0.0,0.0,3,6,3,1,0,0,1,1,1,1,0,1,1,1,1,12,3,1,0,0,0,1,1,0,3,7,5,8,8
2024.0,-30.0,0.0,0.0,3,2,3,1,0,0,1,9,1,1,0,1,9,1,1,15,3,1,0,0,0,1,1,0,6,5,5,8,2
2024.0,0.0,1.0,0.0,2,4,2,0,0,0,1,1,1,1,0,0,2,1,1,6,4,1,0,0,0,1,2,0,4,4,5,3,9
2024.0,150.0,0.0,0.0,3,4,3,0,0,0,1,2,1,1,0,1,9,1,1,16,4,1,0,1,0,0,1,0,0,2,5,3,9
2024.0,0.0,0.0,0.0,3,2,4,1,0,0,1,1,1,1,0,1,5,1,1,17,4,1,0,1,0,0,1,0,4,2,5,3,9
2024.0,250.0,1.0,0.0,3,10,0,0,0,0,2,9,1,1,0,1,9,1,1,19,4,1,0,1,0,3,2,0,6,9,5,3,3
2024.0,148.0,0.0,0.0,3,10,0,0,0,0,0,9,1,1,0,1,9,1,1,1,5,1,1,0,0,1,1,0,10,9,5,3,2
2024.0,-30.0,0.0,0.0,3,6,0,0,0,0,0,2,0,1,0,1,2,1,1,1,5,1,1,0,0,1,1,0,10,2,5,3,3
2024.0,-125.0,2.0,0.0,2,6,3,0,0,0,1,1,0,1,0,1,1,1,1,14,5,1,1,0,0,1,1,0,10,8,5,3,3
2024.0,0.0,0.0,0.0,3,10,3,0,0,0,2,7,1,1,0,0,7,1,1,16,5,1,1,1,0,3,2,0,4,9,5,9,9
2024.0,275.0,1.0,0.0,1,2,4,0,0,0,1,1,1,1,0,1,9,1,1,17,5,1,1,1,0,1,1,0,0,2,5,3,9
2024.0,-730.0,1.0,0.0,1,5,0,0,0,3,0,2,1,1,0,0,9,1,1,19,5,1,1,1,0,1,1,0,6,5,5,3,7
2024.0,-200.0,0.0,0.0,3,10,0,0,0,0,0,9,1,1,0,1,9,1,1,19,5,1,1,1,0,0,1,0,6,9,5,3,2
2024.0,0.0,0.0,0.0,3,4,0,0,0,0,1,2,1,1,0,1,9,1,1,22,5,1,1,0,0,2,1,0,5,4,5,3,9
2024.0,-175.0,0.0,0.0,3,6,3,0,0,0,1,2,1,1,0,1,2,1,1,14,6,1,1,0,0,1,2,0,10,8,5,8,3
2024.0,425.0,1.0,0.0,2,2,3,0,0,0,1,9,1,1,0,1,2,1,1,16,6,1,1,1,0,0,1,0,0,2,5,3,3
2024.0,120.0,0.0,0.0,3,6,0,0,0,0,1,2,1,1,0,1,2,1,1,21,6,1,1,0,0,1,1,0,10,7,5,8,3
2024.0,-100.0,0.0,0.0,3,10,3,0,0,0,1,9,1,1,0,0,9,1,1,7,0,1,0,1,0,1,2,0,6,9,5,3,2
2024.0,10.0,0.0,0.0,3,6,3,0,0,0,0,2,1,1,0,1,2,1,1,7,0,1,0,1,0,1,1,0,4,5,5,3,2
2024.0,400.0,0.0,0.0,3,6,5,4,0,0,0,9,1,1,0,1,9,1,1,7,0,1,0,1,0,1,1,0,6,7,5,8,3
2024.0,700.0,0.0,0.0,3,6,3,0,0,0,1,1,1,1,0,1,1,1,1,16,0,1,0,1,0,2,1,0,6,7,5,8,3
2024.0,100.0,0.0,0.0,3,6,4,0,0,0,1,5,1,1,0,1,5,1,1,17,0,1,0,1,0,1,1,0,10,8,5,8,3
2024.0,300.0,0.0,0.0,3,6,0,0,0,0,1,1,1,1,0,0,1,1,1,18,0,1,0,1,0,1,2,0,6,5,5,5,5
2024.0,75.0,0.0,0.0,3,6,0,0,0,0,0,5,1,1,0,1,5,1,1,6,1,1,0,0,0,2,1,0,10,8,5,8,3
2024.0,0.0,0.0,0.0,3,6,3,0,0,0,1,2,1,1,0,1,9,1,1,9,1,1,0,1,0,1,1,0,4,2,5,9,3
2024.0,265.0,0.0,0.0,3,6,3,0,0,0,0,1,1,1,0,0,1,1,1,11,1,1,0,0,0,2,0,0,6,7,5,3,3
2024.0,124.0,0.0,0.0,3,6,3,0,0,0,0,5,1,1,0,0,5,1,1,13,1,1,0,0,0,1,1,0,10,7,5,8,3
2024.0,80.0,0.0,0.0,3,6,3,0,0,0,1,5,1,1,0,1,5,1,1,14,1,1,0,0,0,2,2,0,10,7,5,8,3
2024.0,-25.0,0.0,0.0,3,6,3,0,0,0,1,1,1,1,0,0,1,1,1,15,1,1,0,0,0,1,1,0,10,7,5,8,3
2024.0,0.0,0.0,0.0,3,2,3,0,0,0,0,1,1,1,0,0,5,1,1,16,1,1,0,1,0,2,1,0,5,2,5,9,3
2024.0,0.0,1.0,0.0,3,6,3,0,0,0,1,1,1,1,0,1,1,1,1,16,1,1,0,1,0,2,1,0,3,7,5,8,3
2024.0,255.0,1.0,0.0,3,6,0,0,0,0,1,5,1,1,0,1,5,1,1,17,1,1,0,1,0,2,1,0,6,7,5,8,3
2024.0,-100.0,0.0,0.0,3,6,0,0,0,0,1,2,1,1,0,0,2,1,1,18,1,1,0,1,0,1,1,0,5,5,5,9,3
2024.0,-178.0,0.0,0.0,3,2,3,0,0,0,1,1,1,1,0,1,5,1,1,9,2,1,0,1,0,2,1,0,0,2,5,3,5
2024.0,0.0,0.0,0.0,3,10,3,0,0,0,0,7,1,1,0,0,9,1,1,11,2,1,0,0,0,1,0,0,4,4,5,3,9
2024.0,0.0,2.0,0.0,2,4,2,1,0,0,0,2,1,1,0,1,5,1,1,12,2,1,0,0,0,1,0,0,4,2,5,9,3
2024.0,0.0,0.0,0.0,3,10,3,0,0,0,1,5,1,1,0,1,5,1,1,15,2,1,0,0,0,1,1,0,4,4,5,9,3
2024.0,0.0,1.0,0.0,3,4,3,0,0,0,0,5,1,1,0,0,2,1,1,16,2,1,0,1,0,1,2,0,5,2,5,9,3
2024.0,-40.0,1.0,0.0,3,3,0,0,0,0,0,2,1,1,1,1,5,1,1,0,3,1,0,0,0,1,1,0,6,7,5,6,3
2024.0,200.0,0.0,0.0,3,2,0,0,0,0,1,5,1,1,0,1,9,1,1,6,3,1,0,0,0,2,1,0,0,2,5,3,9
2024.0,100.0,0.0,0.0,3,10,2,0,0,0,1,5,1,1,0,1,5,1,1,7,3,1,0,1,0,0,0,0,10,9,5,3,2
2024.0,140.0,2.0,0.0,2,6,3,1,0,0,1,2,1,1,0,0,2,1,1,8,3,1,0,1,0,2,1,0,10,8,5,8,3
2024.0,0.0,0.0,0.0,3,6,3,0,0,0,1,1,1,1,0,1,1,1,1,10,3,1,0,0,0,1,2,0,6,7,5,8,3
2024.0,-66.0,1.0,0.0,2,10,3,0,0,0,0,5,1,1,0,1,5,1,1,16,3,1,0,1,0,1,0,0,6,9,5,3,3
2024.0,-134.0,0.0,0.0,3,6,3,0,0,0,2,9,1,1,0,0,9,1,1,16,3,1,0,1,0,3,0,0,10,5,5,8,3
2024.0,-650.0,1.0,0.0,2,2,3,0,0,0,1,1,1,1,0,1,5,1,1,17,3,1,0,1,0,1,1,0,0,2,5,3,5
2024.0,491.0,3.0,0.0,3,6,4,0,0,0,1,5,1,1,0,0,5,1,1,17,3,1,0,1,0,1,2,0,10,7,5,8,3
2024.0,604.0,0.0,0.0,3,4,0,0,0,0,1,1,1,1,0,1,9,1,1,18,3,1,0,1,0,1,2,0,0,2,5,3,9
2024.0,-50.0,0.0,0.0,3,6,0,0,0,0,1,1,1,1,0,0,1,1,1,0,4,1,0,0,0,1,1,0,10,7,5,8,3
2024.0,0.0,0.0,0.0,3,6,3,0,0,0,1,9,1,1,0,1,9,1,1,7,4,1,0,1,0,1,1,0,3,5,7,8,8
2024.0,0.0,0.0,0.0,3,4,3,0,0,0,0,1,1,1,0,0,2,1,1,7,4,1,0,1,0,1,0,0,4,2,5,3,9
2024.0,0.0,1.0,0.0,3,2,3,0,0,0,1,1,1,1,0,1,5,1,1,9,4,1,0,1,0,3,1,0,5,2,5,3,3
2024.0,255.0,0.0,0.0,3,3,3,0,0,0,1,2,1,1,0,1,5,1,1,13,4,1,0,0,0,1,1,0,6,4,5,3,9
2024.0,-75.0,3.0,0.0,3,6,3,0,0,0,0,1,1,1,0,0,1,1,1,14,4,1,0,0,0,1,1,0,10,8,5,8,8