Year,Distance,Totalinjuries,Totalfatalities,Injuryseverity,Collisionmanner,Lightcondition,Weather,SurfaceCondition,Unittype_One,Gender_Drv1,Traveldirection_One,AlcoholUse_Drv1,DrugUse_Drv1,Unittype_Two,Gender_Drv2,Traveldirection_Two,AlcoholUse_Drv2,DrugUse_Drv2,Hour,Weekday,Month,Weekend,Rush_Hour,Hazardous_Road,Age_Group_Drv1,Age_Group_Drv2,Substance_Use,Junction_Category,Violation_Category_Drv1,Violation_Category_Drv2,Unitaction_Category_Two,Unitaction_Category_One
2024.0,50.0,0.0,0.0,3,10,3,0,0,0,1,5,1,1,0,1,5,1,1,16,4,1,0,1,0,1,1,0,10,8,5,8,3
2024.0,-200.0,1.0,0.0,3,2,0,0,0,0,0,9,1,1,0,1,9,1,1,18,4,1,0,1,0,1,2,0,0,8,5,9,3
2024.0,-545.0,1.0,0.0,3,2,0,0,0,0,1,9,1,1,0,1,9,1,1,19,4,1,0,1,0,2,2,0,10,7,5,8,3
2024.0,-165.0,0.0,0.0,3,6,1,0,0,0,1,2,1,1,0,0,2,1,1,0,5,1,1,0,0,2,1,0,6,9,5,6,3
2024.0,-150.0,0.0,0.0,3,4,0,0,0,0,2,2,1,1,0,0,5,1,1,2,5,1,1,0,0,3,2,0,6,2,5,3,9
2024.0,-20.0,0.0,0.0,3,2,0,0,0,0,1,1,0,1,0,1,1,1,1,2,5,1,1,0,0,2,1,0,10,7,5,9,3
2024.0,-92.0,0.0,0.0,3,6,3,0,0,0,1,2,1,1,0,0,2,1,1,12,5,1,1,0,0,2,0,0,10,7,5,3,3
2024.0,-500.0,0.0,0.0,3,10,3,4,0,0,2,9,1,1,0,0,9,1,1,12,5,1,1,0,0,3,2,0,6,9,5,3,2
2024.0,90.0,0.0,0.0,3,2,0,0,0,0,1,1,1,1,0,1,5,1,1,18,5,1,1,1,0,2,2,0,0,2,5,3,9
2024.0,0.0,1.0,0.0,3,4,1,0,0,0,0,9,1,1,0,1,1,1,1,19,5,1,1,1,0,1,1,0,4,5,5,3,9
2024.0,0.0,0.0,0.0,3,2,0,0,0,0,0,1,1,1,0,1,5,1,1,1,6,1,1,0,0,1,1,0,0,2,5,3,3
2024.0,0.0,1.0,0.0,2,2,3,0,0,0,0,1,1,1,0,0,2,1,1,12,6,1,1,0,0,1,2,0,6,9,5,3,2
2024.0,0.0,1.0,0.0,3,6,3,0,0,0,1,1,1,1,0,0,1,1,1,16,6,1,1,1,0,1,2,0,3,7,5,8,3
2024.0,0.0,0.0,0.0,3,2,0,0,0,0,1,5,0,1,0,1,1,1,1,18,6,1,1,1,0,2,2,0,5,2,5,3,3
2024.0,-150.0,0.0,0.0,3,2,0,0,0,0,1,5,1,1,1,1,1,1,1,19,6,1,1,1,0,1,1,0,0,5,5,6,1
2024.0,0.0,0.0,0.0,3,11,3,0,0,0,0,6,1,1,0,0,9,1,1,9,0,1,0,1,0,0,1,0,5,4,5,3,9
2024.0,0.0,0.0,0.0,3,10,3,0,0,0,1,9,1,1,0,0,1,1,1,12,0,1,0,0,0,1,1,0,5,5,5,3,8
2024.0,600.0,2.0,0.0,2,6,3,1,0,0,1,9,1,1,0,1,9,1,1,17,0,1,0,1,0,1,2,0,6,8,5,8,3
2024.0,320.0,0.0,0.0,3,6,3,0,0,0,0,2,1,1,0,1,2,1,1,17,0,1,0,1,0,1,1,0,6,5,5,3,9
2024.0,-50.0,0.0,0.0,3,2,4,1,0,0,0,5,1,1,0,0,9,1,1,17,0,1,0,1,0,2,1,0,10,2,5,3,9
2024.0,-292.0,0.0,0.0,3,10,0,0,0,0,1,5,1,1,0,1,5,1,1,5,1,1,0,0,0,0,1,0,6,5,5,5,5
2024.0,0.0,1.0,0.0,3,2,3,0,0,0,0,1,1,1,0,0,2,1,1,8,1,1,0,1,0,0,1,0,5,2,5,9,9
2024.0,182.0,0.0,0.0,3,6,3,0,0,0,0,2,1,1,1,1,2,1,1,10,1,1,0,0,0,0,1,0,6,7,5,6,3
2024.0,0.0,0.0,0.0,3,4,3,0,0,0,0,5,1,1,0,0,9,1,1,11,1,1,0,0,0,1,1,0,4,2,5,3,9
2024.0,0.0,0.0,0.0,3,4,3,0,0,0,0,9,1,1,0,0,1,1,1,12,1,1,0,0,0,1,2,0,4,2,5,9,3
2024.0,-80.0,0.0,0.0,3,6,3,0,0,0,0,1,1,1,0,1,1,1,1,12,1,1,0,0,0,2,1,0,10,7,5,8,3
2024.0,150.0,0.0,0.0,3,10,3,0,0,0,1,1,1,1,0,0,1,1,1,13,1,1,0,0,0,1,1,0,6,9,5,3,2
2024.0,-60.0,0.0,0.0,3,10,3,0,0,0,1,1,1,1,0,1,5,1,1,14,1,1,0,0,0,1,1,0,10,2,5,3,9
2024.0,278.0,0.0,0.0,3,2,3,0,0,0,1,1,1,1,0,0,5,1,1,16,1,1,0,1,0,2,2,0,0,2,5,3,9
2024.0,60.0,0.0,0.0,3,10,3,0,0,0,0,9,1,1,0,1,9,1,1,16,1,1,0,1,0,3,1,0,10,9,5,8,3
2024.0,200.0,1.0,0.0,3,2,0,0,0,0,0,9,1,1,0,1,5,1,1,18,1,1,0,1,0,1,1,0,6,2,5,3,9
2024.0,133.0,0.0,0.0,3,12,5,4,3,0,2,8,1,1,1,1,1,1,1,22,1,1,0,0,0,3,2,0,6,7,5,6,5
2024.0,0.0,1.0,0.0,3,4,1,0,0,0,1,2,1,1,0,1,5,1,1,5,2,1,0,0,0,2,1,0,5,2,5,3,9
2024.0,0.0,0.0,0.0,3,6,3,0,0,0,1,1,1,1,0,1,1,1,1,8,2,1,0,1,0,1,1,0,6,7,5,8,3
2024.0,180.0,0.0,0.0,3,2,3,0,0,0,0,5,1,1,0,0,5,1,1,8,2,1,0,1,0,1,1,0,6,4,5,3,9
2024.0,515.0,0.0,0.0,3,6,3,0,0,0,1,5,1,1,0,0,5,1,1,9,2,1,0,1,0,1,1,0,0,7,5,9,9
2024.0,-620.0,0.0,0.0,3,2,3,0,0,0,1,2,1,1,0,0,9,1,1,15,2,1,0,0,0,0,0,0,0,2,5,3,9
2024.0,159.0,0.0,0.0,3,2,3,1,0,0,1,6,1,1,0,1,9,1,1,15,2,1,0,0,0,1,0,0,6,2,5,3,9
2024.0,50.0,0.0,0.0,3,2,3,0,0,0,1,2,1,1,0,1,1,1,1,16,2,1,0,1,0,2,2,0,10,9,5,9,3
2024.0,204.0,0.0,0.0,3,6,3,0,0,0,1,9,1,1,0,0,9,1,1,17,2,1,0,1,0,3,2,0,10,7,5,8,3
2024.0,400.0,0.0,0.0,3,6,3,0,0,0,2,9,1,1,0,0,9,1,1,18,2,1,0,1,0,3,2,0,6,8,5,8,3
2024.0,0.0,0.0,0.0,3,4,0,0,0,0,0,2,1,1,0,0,5,1,1,20,2,1,0,0,0,0,2,0,5,2,5,3,9
2024.0,50.0,1.0,0.0,3,6,0,0,0,0,1,5,1,1,0,0,5,1,1,20,2,1,0,0,0,0,2,0,6,7,5,8,3
2024.0,-600.0,3.0,0.0,2,3,3,0,0,0,0,1,1,1,0,1,9,1,1,8,3,1,0,1,0,1,1,0,6,5,5,8,0
2024.0,0.0,0.0,0.0,3,6,3,0,0,0,1,2,1,1,0,1,2,1,1,9,3,1,0,1,0,1,1,0,6,7,7,9,9
2024.0,150.0,0.0,0.0,3,10,3,0,0,0,1,7,1,1,0,0,9,1,1,13,3,1,0,0,0,0,1,0,0,2,5,3,9
2024.0,-86.0,1.0,0.0,3,6,3,0,0,0,0,1,1,1,0,1,1,1,1,14,3,1,0,0,0,1,1,0,10,8,5,8,3
2024.0,325.0,0.0,0.0,3,6,3,0,0,0,1,2,1,1,0,0,2,1,1,15,3,1,0,0,0,1,1,0,10,8,5,8,3
2024.0,10.0,0.0,0.0,3,10,3,0,0,0,1,1,1,1,0,0,1,1,1,15,3,1,0,0,0,3,2,0,10,4,5,9,9
2024.0,425.0,0.0,0.0,3,6,1,0,0,0,0,2,1,1,0,0,2,1,1,18,3,1,0,1,0,1,2,0,10,8,5,8,3
2024.0,25.0,2.0,0.0,3,6,0,0,0,0,1,9,1,1,0,1,9,1,1,21,3,1,0,0,0,1,1,0,10,8,5,8,3
2024.0,100.0,1.0,0.0,3,4,1,0,0,0,1,0,1,1,0,0,9,1,1,5,4,1,0,0,0,1,2,0,6,2,5,3,9
2024.0,0.0,2.0,0.0,2,2,3,0,0,0,0,5,1,1,0,1,1,1,1,8,4,1,0,1,0,2,0,0,4,2,5,9,3
2024.0,0.0,0.0,0.0,3,4,3,0,0,0,1,1,1,1,0,0,9,1,1,8,4,1,0,1,0,2,1,0,5,2,5,9,3
2024.0,-67.0,0.0,0.0,3,6,3,0,0,0,0,2,1,1,0,0,2,1,1,11,4,1,0,0,0,1,1,0,10,7,5,8,3
2024.0,100.0,0.0,0.0,3,6,3,0,0,0,1,1,1,1,0,1,1,1,1,14,4,1,0,0,0,2,2,0,6,7,5,8,3
2024.0,0.0,0.0,0.0,3,2,3,0,0,0,1,2,1,1,0,0,1,1,1,14,4,1,0,0,0,0,2,0,4,2,5,9,3
2024.0,-100.0,0.0,0.0,3,6,3,0,0,0,2,1,1,1,0,0,1,1,1,15,4,1,0,0,0,3,1,0,10,7,5,8,3
2024.0,100.0,1.0,0.0,3,6,3,0,0,0,0,9,1,1,0,0,9,1,1,16,4,1,0,1,0,2,2,0,6,8,5,8,3
2024.0,-104.0,1.0,0.0,3,10,3,0,0,0,0,5,1,1,0,0,5,1,1,16,4,1,0,1,0,0,1,0,6,9,5,3,2
2024.0,268.0,0.0,0.0,3,10,3,0,0,0,1,9,1,1,0,1,9,1,1,16,4,1,0,1,0,1,1,0,6,5,5,2,3
2024.0,0.0,2.0,0.0,2,4,0,0,0,0,0,2,1,1,0,1,5,1,1,18,4,1,0,1,0,1,1,0,4,2,5,3,9
2024.0,300.0,0.0,0.0,3,6,0,0,0,0,1,2,1,1,0,1,2,1,1,18,4,1,0,1,0,1,1,0,6,7,5,8,2
2024.0,-165.0,0.0,0.0,3,6,0,0,0,0,1,5,1,1,0,0,5,1,1,18,4,1,0,1,0,2,2,0,10,7,5,8,3
2024.0,5.0,0.0,0.0,3,6,0,0,0,0,0,9,1,1,0,0,9,1,1,20,4,1,0,0,0,1,2,0,10,8,5,8,3
2024.0,30.0,2.0,0.0,3,2,0,0,0,0,2,9,1,1,0,1,5,1,1,21,4,1,0,0,0,3,1,0,10,4,5,8,9
2024.0,5.0,0.0,0.0,3,10,3,0,0,0,0,5,1,1,0,0,5,1,1,12,5,1,1,0,0,0,0,0,10,9,5,3,2
2024.0,-40.0,0.0,0.0,3,10,3,0,0,0,1,2,1,1,0,0,2,1,1,13,5,1,1,0,0,1,2,0,10,5,5,3,3
2024.0,0.0,0.0,0.0,3,10,3,1,0,0,1,2,1,1,0,0,2,1,1,15,5,1,1,0,0,1,2,0,5,4,5,3,3
2024.0,116.0,1.0,0.0,3,6,3,1,0,0,0,1,1,1,0,0,1,1,1,15,5,1,1,0,0,2,1,0,9,8,5,8,8
2024.0,0.0,0.0,0.0,3,4,5,4,0,0,1,1,1,1,0,1,2,1,1,23,5,1,1,0,0,1,1,0,4,7,5,9,3
2024.0,-20.0,0.0,0.0,3,4,3,0,3,0,2,2,1,1,0,0,1,1,1,15,6,1,1,0,0,3,1,0,10,5,5,8,9
2024.0,0.0,3.0,0.0,2,2,3,5,4,0,1,9,1,1,0,0,2,1,1,7,0,1,0,1,1,1,1,0,4,2,5,3,3
2024.0,-100.0,1.0,0.0,3,5,3,0,0,2,1,2,1,1,0,1,1,1,1,8,0,1,0,1,0,2,1,0,5,2,5,9,7
2024.0,190.0,0.0,0.0,3,6,3,1,0,0,0,9,1,1,0,1,9,1,1,10,0,1,0,0,0,2,2,0,10,8,5,8,3
2024.0,-285.0,1.0,0.0,2,2,3,0,0,0,1,2,1,1,0,0,1,1,1,11,0,1,0,0,0,2,2,0,10,2,5,3,9
2024.0,300.0,0.0,0.0,3,2,3,3,4,0,0,5,1,1,0,1,9,1,1,12,0,1,0,0,1,1,0,0,6,2,5,3,9
2024.0,80.0,0.0,0.0,3,6,3,0,0,0,0,2,1,1,0,1,2,1,1,14,0,1,0,0,0,2,1,0,10,7,5,8,3
2024.0,275.0,1.0,0.0,3,6,3,1,0,0,0,5,1,1,0,0,5,1,1,16,0,1,0,1,0,1,2,0,3,7,5,8,2
2024.0,530.0,0.0,0.0,3,4,3,3,4,0,1,2,1,1,0,1,9,1,1,16,0,1,0,1,1,2,2,0,0,4,5,3,9
2024.0,50.0,0.0,0.0,3,6,0,3,4,0,1,1,1,1,0,1,1,1,1,18,0,1,0,1,1,1,1,0,10,7,5,3,3
2024.0,0.0,1.0,0.0,3,4,5,4,4,0,0,1,1,1,0,0,1,1,1,19,0,1,0,1,1,1,1,0,4,2,5,9,3
2024.0,250.0,1.0,0.0,3,6,0,3,4,0,1,1,1,1,0,0,1,1,1,22,0,1,0,0,1,1,1,0,6,5,5,8,3
2024.0,0.0,0.0,0.0,3,4,0,3,4,0,1,4,1,1,0,1,5,1,1,6,1,1,0,0,1,2,1,0,5,9,5,3,9
2024.0,-135.0,0.0,0.0,3,6,3,3,4,0,0,5,1,1,0,0,5,1,1,10,1,1,0,0,1,0,1,0,6,7,5,8,8
2024.0,0.0,0.0,0.0,3,10,3,1,0,0,1,9,1,1,0,0,9,1,1,12,1,1,0,0,0,0,1,0,5,9,5,3,2
2024.0,0.0,0.0,0.0,3,2,3,3,4,0,0,1,1,1,0,1,5,1,1,14,1,1,0,0,1,2,1,0,0,2,5,3,5
2024.0,-79.0,0.0,0.0,3,6,3,3,4,0,1,1,1,1,0,0,1,1,1,15,1,1,0,0,1,2,1,0,10,7,5,8,3
2024.0,0.0,1.0,0.0,3,6,0,1,4,0,1,9,1,1,0,0,9,1,1,18,1,1,0,1,1,2,1,0,10,7,5,8,3
2024.0,0.0,2.0,0.0,3,4,4,3,4,0,1,7,1,1,0,0,1,1,1,18,1,1,0,1,1,2,1,0,4,2,5,3,9
2024.0,0.0,0.0,0.0,3,10,0,3,4,0,2,2,1,1,0,0,2,1,1,21,1,1,0,0,1,3,2,0,5,9,5,9,9
2024.0,0.0,0.0,0.0,3,2,3,1,0,0,0,1,1,1,0,1,5,1,1,9,2,1,0,1,0,2,2,0,4,2,5,3,9
2024.0,-125.0,0.0,0.0,3,6,3,1,0,0,2,1,1,1,0,0,1,1,1,10,2,1,0,0,0,3,1,0,10,8,5,8,5
2024.0,0.0,0.0,0.0,3,4,3,0,0,0,1,4,1,1,0,1,7,1,1,10,2,1,0,0,0,0,1,0,5,2,5,9,9
2024.0,0.0,0.0,0.0,3,2,3,0,0,0,0,7,1,1,0,1,9,1,1,16,2,1,0,1,0,1,1,0,4,5,5,3,9
2024.0,200.0,0.0,0.0,3,4,0,0,0,0,0,1,1,1,0,1,5,1,1,18,2,1,0,1,0,2,0,0,0,2,5,3,9
2024.0,50.0,0.0,0.0,3,10,1,0,0,0,2,5,1,1,0,0,7,1,1,18,2,1,0,1,0,3,2,0,10,9,5,3,3
2024.0,0.0,2.0,0.0,2,3,3,0,0,0,1,5,0,1,0,1,2,1,1,2,3,1,0,0,0,1,2,0,5,9,5,3,3
2024.0,0.0,0.0,0.0,3,11,3,1,0,0,0,1,1,1,0,0,2,1,1,7,3,1,0,1,0,1,2,0,4,2,5,9,9
2024.0,-150.0,2.0,0.0,2,2,3,0,0,0,1,2,1,1,0,1,1,1,1,10,3,1,0,0,0,1,1,0,10,2,5,3,9
2024.0,-500.0,0.0,0.0,3,6,3,1,0,0,1,2,1,1,0,1,2,1,1,13,3,1,0,0,0,1,1,0,10,7,5,8,3
2024.0,0.0,0.0,0.0,3,4,3,0,0,0,0,5,1,1,0,1,2,1,1,13,3,1,0,0,0,2,1,0,4,2,5,3,9
2024.0,0.0,2.0,0.0,2,4,3,1,0,0,0,9,1,1,0,0,1,1,1,14,3,1,0,0,0,2,1,0,4,2,5,9,3
2024.0,-322.0,0.0,0.0,3,6,3,1,0,0,0,9,1,1,0,0,9,1,1,17,3,1,0,1,0,2,2,0,10,7,5,3,3
2024.0,447.0,0.0,0.0,3,2,3,0,0,0,1,9,1,1,0,1,2,1,1,17,3,1,0,1,0,1,2,0,0,2,5,3,9
2024.0,0.0,2.0,0.0,2,4,1,0,0,0,0,3,1,1,0,1,9,1,1,21,3,1,0,0,0,1,1,0,4,2,5,3,9
2024.0,-67.0,1.0,0.0,3,4,0,0,0,0,2,5,1,1,0,0,5,1,1,5,4,1,0,0,0,3,1,0,10,4,5,3,9
2024.0,10.0,1.0,0.0,3,6,2,0,0,0,1,5,1,1,0,0,5,1,1,6,4,1,0,0,0,1,1,0,10,7,5,3,3
2024.0,40.0,0.0,0.0,3,6,3,0,0,0,1,9,1,1,0,1,9,1,1,8,4,1,0,1,0,1,1,0,10,7,5,8,3
2024.0,47.0,1.0,0.0,3,4,3,0,0,0,0,2,1,1,0,1,5,1,1,10,4,1,0,0,0,0,2,0,6,2,5,3,9
2024.0,300.0,0.0,0.0,3,3,3,1,0,0,0,1,1,1,0,0,9,1,1,11,4,1,0,0,0,1,1,0,6,5,5,3,3
2024.0,-74.0,1.0,0.0,1,5,3,0,0,3,1,9,1,1,0,0,2,1,1,15,4,1,0,0,0,1,0,0,10,2,5,3,7
2024.0,100.0,0.0,0.0,3,2,3,0,0,0,0,5,1,1,0,0,1,1,1,17,4,1,0,1,0,2,1,0,0,2,5,3,9
2024.0,0.0,0.0,0.0,3,2,3,0,0,0,0,9,1,1,0,0,2,1,1,9,5,1,1,1,0,2,1,0,5,4,5,3,9
2024.0,0.0,2.0,0.0,2,6,1,0,0,0,0,9,1,1,0,0,9,1,1,19,5,1,1,1,0,1,0,0,6,8,5,8,3
2024.0,0.0,1.0,0.0,2,4,0,0,0,0,1,0,1,1,0,0,0,1,1,4,0,1,0,0,0,1,1,0,5,2,5,3,3
2024.0,-100.0,0.0,0.0,3,10,2,0,0,0,1,2,1,1,0,0,2,1,1,7,0,1,0,1,0,2,1,0,10,9,5,3,2
2024.0,420.0,0.0,0.0,3,10,3,0,0,0,1,2,1,1,0,1,2,1,1,11,0,1,0,0,0,1,2,0,6,2,5,3,6
2024.0,0.0,0.0,0.0,3,6,3,0,0,0,1,1,1,1,0,1,1,1,1,11,0,1,0,0,0,2,1,0,10,7,5,9,9
2024.0,-300.0,0.0,0.0,3,10,3,0,0,0,1,5,1,1,0,0,5,1,1,14,0,1,0,0,0,1,2,0,6,5,5,3,0
2024.0,0.0,1.0,0.0,3,3,3,0,3,0,0,8,1,1,0,1,9,1,1,15,0,1,0,0,0,0,1,0,10,8,5,8,3
2024.0,0.0,0.0,0.0,3,4,1,0,0,0,0,2,1,1,0,0,1,1,1,19,0,1,0,1,0,2,1,0,4,5,5,9,3
2024.0,0.0,1.0,0.0,2,4,3,0,0,0,1,9,1,1,0,1,1,1,1,7,1,1,0,1,0,1,1,0,4,2,5,9,3
2024.0,175.0,0.0,0.0,3,6,3,0,0,0,1,5,1,1,0,1,5,1,1,11,1,1,0,0,0,1,2,0,10,8,5,3,3
2024.0,160.0,1.0,0.0,2,6,3,0,0,0,0,1,1,1,0,1,1,1,1,15,1,1,0,0,0,0,0,0,6,8,5,8,3
2024.0,0.0,0.0,0.0,3,11,3,0,0,0,1,2,0,1,0,1,1,1,1,15,1,1,0,0,0,1,1,0,4,2,5,9,3
2024.0,0.0,0.0,0.0,3,4,1,0,0,0,1,9,1,1,0,1,2,1,1,20,1,1,0,0,0,2,1,0,4,5,5,9,3
2024.0,0.0,0.0,0.0,3,6,3,0,0,0,0,2,1,1,0,1,2,1,1,6,2,1,0,0,0,1,1,0,3,5,5,9,9
2024.0,-25.0,0.0,0.0,3,6,3,0,0,0,0,2,1,1,0,0,2,1,1,9,2,1,0,1,0,2,2,0,10,7,5,8,3
2024.0,0.0,0.0,0.0,3,2,0,0,0,0,0,9,1,1,0,0,5,1,1,21,2,1,0,0,0,2,2,0,4,2,5,3,3
2024.0,100.0,0.0,0.0,3,6,0,0,0,0,0,9,0,1,0,0,9,1,1,21,2,1,0,0,0,1,2,0,10,7,5,8,3
2024.0,0.0,0.0,0.0,3,10,3,0,0,0,1,6,1,1,0,1,6,1,1,8,3,2,0,1,0,1,1,0,3,5,5,9,9
2024.0,0.0,0.0,0.0,3,6,3,0,0,0,0,2,1,1,0,1,2,1,1,8,3,2,0,1,0,3,1,0,5,9,5,9,2
2024.0,80.0,0.0,0.0,3,10,3,1,0,0,1,1,1,1,0,1,1,1,1,9,3,2,0,1,0,2,1,0,6,5,5,8,3
2024.0,-81.0,1.0,0.0,3,5,3,0,0,0,2,3,1,1,2,1,2,1,1,10,3,2,0,0,0,3,1,0,0,2,5,7,9
2024.0,0.0,1.0,0.0,2,6,3,0,0,0,1,9,1,1,0,0,9,1,1,11,3,2,0,0,0,0,1,0,3,5,5,8,3
2024.0,-60.0,0.0,0.0,3,11,3,1,0,0,0,2,1,1,0,0,2,1,1,16,3,2,0,1,0,1,1,0,6,5,5,3,9
2024.0,0.0,1.0,0.0,3,4,0,1,0,0,1,9,1,1,0,0,1,1,1,18,3,2,0,1,0,1,1,0,4,2,5,3,9
2024.0,0.0,1.0,0.0,3,6,3,1,0,0,1,1,1,1,0,1,1,1,1,8,4,2,0,1,0,1,1,0,3,7,5,8,3
2024.0,0.0,0.0,0.0,3,2,3,1,0,0,1,5,1,1,0,1,9,1,1,9,4,2,0,1,0,2,1,0,5,2,5,3,9
2024.0,-500.0,0.0,0.0,3,2,3,1,0,0,1,1,1,1,0,1,2,1,1,15,4,2,0,0,0,1,1,0,6,2,5,3,9
2024.0,0.0,0.0,0.0,3,6,3,0,0,0,1,9,1,1,0,1,9,1,1,15,4,2,0,0,0,0,1,0,3,7,5,8,8
2024.0,0.0,0.0,0.0,3,4,3,0,0,0,1,6,1,1,0,0,5,1,1,17,4,2,0,1,0,2,1,0,5,2,5,3,9
2024.0,-40.0,0.0,0.0,3,10,3,1,0,0,1,2,1,1,0,0,2,1,1,17,4,2,0,1,0,2,2,0,10,9,5,3,2
2024.0,60.0,0.0,0.0,3,6,0,0,0,0,2,5,1,1,0,0,5,1,1,3,6,2,1,0,0,3,2,0,10,7,5,9,9
2024.0,50.0,0.0,0.0,3,9,3,0,0,0,2,4,1,1,1,1,5,1,1,10,6,2,1,0,0,3,1,0,6,4,5,6,9
2024.0,0.0,0.0,0.0,3,6,1,0,0,0,0,2,1,1,0,1,2,1,1,19,0,2,0,1,0,2,2,0,6,8,5,8,3
2024.0,47.0,0.0,0.0,3,10,0,1,0,0,0,9,1,1,0,1,9,1,1,6,1,2,0,0,0,1,1,0,6,5,5,3,3
2024.0,0.0,1.0,0.0,3,2,0,1,0,0,0,2,1,1,0,0,1,1,1,6,1,2,0,0,0,1,2,0,3,2,5,3,3
2024.0,900.0,0.0,0.0,3,10,3,3,4,0,1,5,1,1,0,0,5,1,1,14,1,2,0,0,1,2,1,0,6,8,5,8,2
2024.0,0.0,1.0,0.0,3,4,3,3,4,0,0,1,1,1,0,0,5,1,1,17,1,2,0,1,1,1,1,0,6,2,5,3,9
2024.0,0.0,0.0,0.0,3,6,3,1,0,0,0,1,1,1,0,0,1,1,1,7,2,2,0,1,0,2,1,0,3,8,5,8,3
2024.0,134.0,0.0,0.0,3,9,3,1,0,0,1,5,1,1,0,0,2,1,1,16,2,2,0,1,0,1,2,0,6,9,5,3,3
2024.0,60.0,0.0,0.0,3,10,1,1,0,0,1,7,1,1,0,0,6,1,1,19,2,2,0,1,0,1,1,0,10,2,9,8,2
2024.0,0.0,0.0,0.0,3,10,3,1,0,1,1,9,1,1,0,1,9,1,1,8,3,2,0,1,0,1,1,0,5,7,5,9,2
2024.0,-97.0,0.0,0.0,3,10,3,0,0,0,1,5,1,1,0,0,5,1,1,10,4,2,0,0,0,2,2,0,6,9,5,3,2
2024.0,154.0,0.0,0.0,3,10,0,0,0,0,1,2,1,1,0,1,2,1,1,19,4,2,0,1,0,1,1,0,6,9,5,3,2
2024.0,0.0,1.0,0.0,2,6,0,0,0,0,0,5,1,1,0,0,5,1,1,21,4,2,0,0,0,1,1,0,6,5,5,3,3
2024.0,-102.0,0.0,0.0,3,4,3,0,0,0,1,1,1,1,0,0,9,1,1,11,1,2,0,0,0,1,2,0,0,9,4,3,9
2024.0,0.0,2.0,0.0,2,6,3,0,0,0,1,9,1,1,0,0,9,1,1,6,2,2,0,0,0,1,1,0,3,7,7,8,3
2024.0,340.0,3.0,0.0,3,2,3,0,0,0,0,1,1,1,0,0,5,1,1,9,2,2,0,1,0,1,1,0,0,2,5,3,9
2024.0,0.0,0.0,0.0,3,6,3,0,0,0,1,9,1,1,0,0,9,1,1,10,2,2,0,0,0,1,2,0,3,7,5,8,8
2024.0,-50.0,0.0,0.0,3,6,3,0,0,0,2,2,1,1,0,0,2,1,1,14,2,2,0,0,0,3,2,0,10,7,5,8,3
2024.0,10.0,0.0,0.0,3,6,3,0,0,0,1,5,1,1,0,1,5,1,1,15,4,2,0,0,0,2,0,0,10,8,5,3,3
2024.0,31.0,0.0,0.0,3,10,3,0,0,0,0,1,1,1,0,0,1,1,1,16,5,2,1,1,0,2,2,0,5,4,5,9,2
2024.0,0.0,0.0,0.0,3,3,3,0,0,0,1,9,1,1,0,1,9,1,1,15,6,2,1,0,0,0,1,0,10,9,5,9,3
2024.0,10.0,2.0,0.0,3,2,3,0,0,0,0,5,1,1,0,0,9,1,1,12,1,2,0,0,0,1,1,0,4,2,5,3,3
2024.0,0.0,0.0,0.0,3,6,0,0,0,0,1,1,1,1,0,1,1,1,1,5,2,2,0,0,0,1,1,0,3,8,5,8,9
2024.0,0.0,1.0,0.0,3,6,0,0,0,0,0,1,1,1,0,1,1,1,1,19,2,2,0,1,0,2,2,0,3,7,5,8,8
2024.0,0.0,0.0,0.0,3,6,0,0,0,0,1,2,1,1,0,0,2,1,1,19,3,2,0,1,0,1,2,0,6,5,5,3,3
2024.0,250.0,1.0,0.0,2,5,3,0,0,3,1,2,1,1,0,0,2,1,1,14,5,2,1,0,0,0,1,0,0,5,5,3,7
2024.0,0.0,0.0,0.0,3,6,0,0,0,0,0,2,1,1,0,0,2,1,1,20,5,2,1,0,0,2,1,0,10,7,5,8,8
2024.0,0.0,0.0,0.0,3,10,3,0,0,0,0,2,1,1,0,0,2,1,1,8,0,2,0,1,0,2,0,0,3,9,5,3,2
2024.0,0.0,0.0,0.0,3,6,3,0,0,0,0,2,1,1,0,1,2,1,1,18,0,2,0,1,0,2,0,0,6,7,5,8,8
2024.0,0.0,1.0,0.0,3,4,4,0,0,0,0,1,1,1,0,1,9,1,1,18,3,2,0,1,0,0,0,0,4,2,5,3,9
2024.0,0.0,0.0,0.0,3,6,3,0,0,0,0,2,1,1,0,0,2,1,1,12,4,3,0,0,0,0,2,0,6,7,5,3,3
2024.0,145.0,0.0,0.0,3,10,3,0,0,0,1,5,1,1,0,0,5,1,1,9,0,3,0,1,0,0,1,0,10,9,5,3,2
2024.0,55.0,0.0,0.0,3,10,3,0,0,0,1,5,1,1,0,1,5,1,1,11,0,3,0,0,0,1,1,0,5,5,5,9,9
2024.0,0.0,0.0,0.0,3,6,3,0,0,0,1,5,1,1,0,1,5,1,1,15,1,3,0,0,0,1,1,0,10,7,5,8,8
2024.0,0.0,0.0,0.0,3,10,3,0,0,0,1,9,1,1,0,1,9,1,1,12,4,3,0,0,0,1,1,0,6,7,5,3,3
2024.0,0.0,0.0,0.0,3,10,3,0,0,0,1,1,1,1,0,0,1,1,1,13,0,3,0,0,0,2,1,0,6,2,9,9,9
2024.0,0.0,1.0,0.0,3,6,3,0,0,0,1,1,1,1,0,0,1,1,1,6,3,3,0,0,0,1,2,0,6,7,5,8,9
2024.0,0.0,0.0,0.0,3,6,3,0,0,0,1,1,1,1,0,0,9,1,1,6,3,3,0,0,0,1,1,0,3,8,5,9,9